T 0 2 0 0 0
T 1 0 0 0 0
T 2 4 0 0 0
T 3 6 0 0 0
T 4 4 0 1 0
E 4 5 -4 -14
T 5 1 0 1 0
E 5 5 -4 -13
T 6 1 0 0 0
T 7 9 0 0 0
T 8 6 0 5 0
E 8 0 4 14
E 8 1 4 14
E 8 2 4 14
E 8 3 4 14
E 8 4 4 14
T 9 2 0 1 0
E 9 5 -7 -23
T 10 2 0 1 0
E 10 5 -7 -21
T 11 4 0 1 0
E 11 5 -6 -19
T 12 9 0 1 0
E 12 5 -4 -14
T 13 8 0 0 0
T 14 10 0 0 0
T 15 14 0 1 0
E 15 5 -5 -15
T 16 7 0 5 0
E 16 0 4 13
E 16 1 4 13
E 16 2 4 13
E 16 3 4 13
E 16 4 4 13
T 17 4 0 1 0
E 17 5 -11 -34
T 18 12 0 1 0
E 18 5 -7 -23
T 19 12 0 5 0
E 19 0 6 18
E 19 1 6 18
E 19 2 6 18
E 19 3 6 18
E 19 4 6 18
T 20 8 0 1 0
E 20 5 -12 -36
T 21 15 0 1 0
E 21 5 -9 -27
T 22 5 0 6 0
E 22 0 6 20
E 22 1 6 20
E 22 2 6 20
E 22 3 6 20
E 22 4 6 20
E 22 5 -5 -15
T 23 10 0 1 0
E 23 5 -13 -39
T 24 1 0 6 0
E 24 0 4 13
E 24 1 4 13
E 24 2 4 13
E 24 3 4 13
E 24 4 4 13
E 24 5 -8 -25
T 25 17 0 1 0
E 25 5 -11 -34
T 26 1 0 6 0
E 26 0 5 16
E 26 1 5 16
E 26 2 5 16
E 26 3 5 16
E 26 4 5 16
E 26 5 -8 -25
T 27 13 0 1 0
E 27 5 -14 -44
T 28 1 0 6 0
E 28 0 5 17
E 28 1 5 17
E 28 2 5 17
E 28 3 5 17
E 28 4 5 17
E 28 5 -9 -27
T 29 16 0 1 0
E 29 5 -15 -45
T 30 8 0 6 0
E 30 0 8 24
E 30 1 8 24
E 30 2 8 24
E 30 3 8 24
E 30 4 8 24
E 30 5 -8 -24
T 31 8 0 1 0
E 31 5 -20 -60
T 32 1 0 6 0
E 32 0 5 16
E 32 1 5 16
E 32 2 5 16
E 32 3 5 16
E 32 4 5 16
E 32 5 -10 -32
T 33 21 0 1 0
E 33 5 -13 -40
T 34 8 0 6 0
E 34 0 8 24
E 34 1 8 24
E 34 2 8 24
E 34 3 8 24
E 34 4 8 24
E 34 5 -8 -24
T 35 10 0 1 0
E 35 5 -18 -56
T 36 5 0 6 0
E 36 0 4 14
E 36 1 4 14
E 36 2 4 14
E 36 3 4 14
E 36 4 4 14
E 36 5 -11 -34
T 37 21 0 1 0
E 37 5 -13 -40
T 38 4 0 6 0
E 38 0 7 23
E 38 1 7 23
E 38 2 7 23
E 38 3 7 23
E 38 4 7 23
E 38 5 -8 -25
T 39 14 0 1 0
E 39 5 -17 -51
T 40 1 0 6 0
E 40 0 5 16
E 40 1 5 16
E 40 2 5 16
E 40 3 5 16
E 40 4 5 16
E 40 5 -10 -32
T 41 16 0 1 0
E 41 5 -15 -47
T 42 24 0 1 0
E 42 5 -12 -36
T 43 8 0 6 0
E 43 0 8 24
E 43 1 8 24
E 43 2 8 24
E 43 3 8 24
E 43 4 8 24
E 43 5 -8 -24
T 44 9 0 1 0
E 44 5 -19 -58
T 45 21 0 1 0
E 45 5 -13 -40
T 46 11 0 6 0
E 46 0 9 28
E 46 1 9 28
E 46 2 9 28
E 46 3 9 28
E 46 4 9 28
E 46 5 -6 -20
T 47 12 0 1 0
E 47 5 -17 -53
T 48 1 0 6 0
E 48 0 5 16
E 48 1 5 16
E 48 2 5 16
E 48 3 5 16
E 48 4 5 16
E 48 5 -10 -32
T 49 22 0 1 0
E 49 5 -13 -39
T 50 8 0 6 0
E 50 0 8 24
E 50 1 8 24
E 50 2 8 24
E 50 3 8 24
E 50 4 8 24
E 50 5 -8 -24
T 51 13 0 1 0
E 51 5 -17 -52
T 52 22 0 1 0
E 52 5 -13 -39
T 53 4 0 6 0
E 53 0 7 23
E 53 1 7 23
E 53 2 7 23
E 53 3 7 23
E 53 4 7 23
E 53 5 -8 -25
T 54 12 0 1 0
E 54 5 -18 -54
T 55 2 0 6 0
E 55 0 6 18
E 55 1 6 18
E 55 2 6 18
E 55 3 6 18
E 55 4 6 18
E 55 5 -10 -30
T 56 12 0 1 0
E 56 5 -18 -54
T 57 24 0 1 0
E 57 5 -12 -36
T 58 2 0 6 0
E 58 0 6 19
E 58 1 6 19
E 58 2 6 19
E 58 3 6 19
E 58 4 6 19
E 58 5 -9 -29
T 59 16 0 1 0
E 59 5 -16 -48
T 60 8 0 6 0
E 60 0 8 24
E 60 1 8 24
E 60 2 8 24
E 60 3 8 24
E 60 4 8 24
E 60 5 -8 -24
T 61 13 0 1 0
E 61 5 -17 -52
T 62 23 0 1 0
E 62 5 -12 -37
T 63 8 0 6 0
E 63 0 8 24
E 63 1 8 24
E 63 2 8 24
E 63 3 8 24
E 63 4 8 24
E 63 5 -8 -24
T 64 14 0 1 0
E 64 5 -17 -51
T 65 5 0 6 0
E 65 0 7 21
E 65 1 7 21
E 65 2 7 21
E 65 3 7 21
E 65 4 7 21
E 65 5 -9 -27
T 66 12 0 1 0
E 66 5 -17 -53
T 67 22 0 1 0
E 67 5 -13 -39
T 68 5 0 6 0
E 68 0 7 22
E 68 1 7 22
E 68 2 7 22
E 68 3 7 22
E 68 4 7 22
E 68 5 -8 -26
T 69 15 0 1 0
E 69 5 -16 -49
T 70 4 0 6 0
E 70 0 7 23
E 70 1 7 23
E 70 2 7 23
E 70 3 7 23
E 70 4 7 23
E 70 5 -8 -25
T 71 17 0 1 0
E 71 5 -15 -46
T 72 8 0 6 0
E 72 0 8 24
E 72 1 8 24
E 72 2 8 24
E 72 3 8 24
E 72 4 8 24
E 72 5 -8 -24
T 73 14 0 1 0
E 73 5 -16 -50
T 74 5 0 6 0
E 74 0 4 14
E 74 1 4 14
E 74 2 4 14
E 74 3 4 14
E 74 4 4 14
E 74 5 -11 -34
T 75 22 0 1 0
E 75 5 -13 -39
T 76 2 0 6 0
E 76 0 6 18
E 76 1 6 18
E 76 2 6 18
E 76 3 6 18
E 76 4 6 18
E 76 5 -10 -30
T 77 12 0 1 0
E 77 5 -17 -53
T 78 1 0 6 0
E 78 0 5 15
E 78 1 5 15
E 78 2 5 15
E 78 3 5 15
E 78 4 5 15
E 78 5 -11 -33
T 79 20 0 1 0
E 79 5 -13 -41
T 80 8 0 6 0
E 80 0 8 25
E 80 1 8 25
E 80 2 8 25
E 80 3 8 25
E 80 4 8 25
E 80 5 -7 -23
T 81 11 0 1 0
E 81 5 -18 -55
T 82 1 0 6 0
E 82 0 5 16
E 82 1 5 16
E 82 2 5 16
E 82 3 5 16
E 82 4 5 16
E 82 5 -10 -32
T 83 16 0 1 0
E 83 5 -16 -48
T 84 5 0 6 0
E 84 0 7 22
E 84 1 7 22
E 84 2 7 22
E 84 3 7 22
E 84 4 7 22
E 84 5 -8 -26
T 85 12 0 1 0
E 85 5 -17 -53
T 86 24 0 1 0
E 86 5 -12 -36
T 87 13 0 6 0
E 87 0 10 32
E 87 1 10 32
E 87 2 10 32
E 87 3 10 32
E 87 4 10 32
E 87 5 -5 -16
T 88 29 0 6 0
E 88 0 -5 -17
E 88 1 -5 -17
E 88 2 -5 -17
E 88 3 -5 -17
E 88 4 -5 -17
E 88 5 -21 -65
T 89 7 0 6 0
E 89 0 8 26
E 89 1 8 26
E 89 2 8 26
E 89 3 8 26
E 89 4 8 26
E 89 5 -7 -22
T 90 16 0 1 0
E 90 5 -16 -48
T 91 23 0 1 0
E 91 5 -12 -37
T 92 7 0 6 0
E 92 0 8 26
E 92 1 8 26
E 92 2 8 26
E 92 3 8 26
E 92 4 8 26
E 92 5 -7 -22
T 93 14 0 1 0
E 93 5 -17 -51
T 94 5 0 6 0
E 94 0 4 14
E 94 1 4 14
E 94 2 4 14
E 94 3 4 14
E 94 4 4 14
E 94 5 -11 -34
T 95 18 0 1 0
E 95 5 -15 -45
T 96 2 0 6 0
E 96 0 6 18
E 96 1 6 18
E 96 2 6 18
E 96 3 6 18
E 96 4 6 18
E 96 5 -10 -30
T 97 17 0 1 0
E 97 5 -14 -42
T 98 3 0 6 0
E 98 0 4 14
E 98 1 4 14
E 98 2 4 14
E 98 3 4 14
E 98 4 4 14
E 98 5 -9 -29
T 99 14 0 1 0
E 99 5 -13 -39
T 100 20 0 1 0
E 100 5 -8 -25
T 101 4 0 6 0
E 101 0 5 15
E 101 1 5 15
E 101 2 5 15
E 101 3 5 15
E 101 4 5 15
E 101 5 -6 -20
T 102 8 0 1 0
E 102 5 -11 -35
T 103 14 0 1 0
E 103 5 -7 -23
T 104 10 0 5 0
E 104 0 5 15
E 104 1 5 15
E 104 2 5 15
E 104 3 5 15
E 104 4 5 15
T 105 3 0 1 0
E 105 5 -10 -31
T 106 11 0 1 0
E 106 5 -5 -16
T 107 10 0 0 0
T 108 9 0 0 0
T 109 7 0 0 0
T 110 0 0 0 0
T 111 3 0 0 0
T 112 1 0 0 0
T 113 5 0 0 0
T 114 7 0 0 0
T 115 5 0 0 0
T 116 2 0 0 0
T 117 4 0 0 0
T 118 4 0 0 0
T 119 11 0 0 0
T 120 8 0 0 0
T 121 10 0 5 0
E 121 0 -5 -15
E 121 1 -5 -15
E 121 2 -5 -15
E 121 3 -5 -15
E 121 4 -5 -15
T 122 2 0 1 0
E 122 5 9 27
T 123 10 0 1 0
E 123 5 6 18
T 124 8 0 5 0
E 124 0 -5 -17
E 124 1 -5 -17
E 124 2 -5 -17
E 124 3 -5 -17
E 124 4 -5 -17
T 125 4 0 1 0
E 125 5 12 36
T 126 14 0 1 0
E 126 5 7 23
T 127 5 0 6 0
E 127 0 -5 -15
E 127 1 -5 -15
E 127 2 -5 -15
E 127 3 -5 -15
E 127 4 -5 -15
E 127 5 5 15
T 128 4 0 1 0
E 128 5 13 39
T 129 12 0 1 0
E 129 5 8 26
T 130 5 0 6 0
E 130 0 -5 -15
E 130 1 -5 -15
E 130 2 -5 -15
E 130 3 -5 -15
E 130 4 -5 -15
E 130 5 5 15
T 131 5 0 1 0
E 131 5 12 37
T 132 14 0 1 0
E 132 5 7 23
T 133 12 0 5 0
E 133 0 -6 -18
E 133 1 -6 -18
E 133 2 -6 -18
E 133 3 -6 -18
E 133 4 -6 -18
T 134 20 0 6 0
E 134 0 4 14
E 134 1 4 14
E 134 2 4 14
E 134 3 4 14
E 134 4 4 14
E 134 5 14 44
T 135 12 0 5 0
E 135 0 -6 -18
E 135 1 -6 -18
E 135 2 -6 -18
E 135 3 -6 -18
E 135 4 -6 -18
T 136 2 0 1 0
E 136 5 14 42
T 137 10 0 1 0
E 137 5 10 30
T 138 18 0 1 0
E 138 5 6 18
T 139 12 0 5 0
E 139 0 -7 -23
E 139 1 -7 -23
E 139 2 -7 -23
E 139 3 -7 -23
E 139 4 -7 -23
T 140 5 0 1 0
E 140 5 12 37
T 141 13 0 1 0
E 141 5 8 25
T 142 2 0 6 0
E 142 0 -4 -13
E 142 1 -4 -13
E 142 2 -4 -13
E 142 3 -4 -13
E 142 4 -4 -13
E 142 5 5 17
T 143 12 0 1 0
E 143 5 9 27
T 144 5 0 6 0
E 144 0 -5 -15
E 144 1 -5 -15
E 144 2 -5 -15
E 144 3 -5 -15
E 144 4 -5 -15
E 144 5 5 15
T 145 4 0 1 0
E 145 5 12 38
T 146 17 0 1 0
E 146 5 6 20
T 147 12 0 5 0
E 147 0 -7 -23
E 147 1 -7 -23
E 147 2 -7 -23
E 147 3 -7 -23
E 147 4 -7 -23
T 148 6 0 1 0
E 148 5 13 39
T 149 12 0 1 0
E 149 5 10 31
T 150 15 0 1 0
E 150 5 8 26
T 151 4 0 6 0
E 151 0 -5 -15
E 151 1 -5 -15
E 151 2 -5 -15
E 151 3 -5 -15
E 151 4 -5 -15
E 151 5 6 19
T 152 12 0 1 0
E 152 5 11 33
T 153 4 0 6 0
E 153 0 -5 -15
E 153 1 -5 -15
E 153 2 -5 -15
E 153 3 -5 -15
E 153 4 -5 -15
E 153 5 6 20
T 154 6 0 1 0
E 154 5 14 44
T 155 18 0 1 0
E 155 5 9 27
T 156 14 0 5 0
E 156 0 -8 -26
E 156 1 -8 -26
E 156 2 -8 -26
E 156 3 -8 -26
E 156 4 -8 -26
T 157 23 0 6 0
E 157 0 4 13
E 157 1 4 13
E 157 2 4 13
E 157 3 4 13
E 157 4 4 13
E 157 5 16 50
T 158 11 0 6 0
E 158 0 -8 -25
E 158 1 -8 -25
E 158 2 -8 -25
E 158 3 -8 -25
E 158 4 -8 -25
E 158 5 4 13
T 159 10 0 1 0
E 159 5 14 43
T 160 18 0 1 0
E 160 5 10 31
T 161 7 0 6 0
E 161 0 -7 -23
E 161 1 -7 -23
E 161 2 -7 -23
E 161 3 -7 -23
E 161 4 -7 -23
E 161 5 5 17
T 162 5 0 1 0
E 162 5 17 52
T 163 17 0 1 0
E 163 5 11 35
T 164 7 0 6 0
E 164 0 -7 -22
E 164 1 -7 -22
E 164 2 -7 -22
E 164 3 -7 -22
E 164 4 -7 -22
E 164 5 6 20
T 165 8 0 1 0
E 165 5 16 50
T 166 17 0 1 0
E 166 5 12 38
T 167 0 0 6 0
E 167 0 -5 -17
E 167 1 -5 -17
E 167 2 -5 -17
E 167 3 -5 -17
E 167 4 -5 -17
E 167 5 8 26
T 168 20 0 1 0
E 168 5 12 36
T 169 1 0 6 0
E 169 0 -5 -17
E 169 1 -5 -17
E 169 2 -5 -17
E 169 3 -5 -17
E 169 4 -5 -17
E 169 5 9 28
T 170 14 0 1 0
E 170 5 15 46
T 171 22 0 1 0
E 171 5 11 35
T 172 8 0 6 0
E 172 0 -8 -25
E 172 1 -8 -25
E 172 2 -8 -25
E 172 3 -8 -25
E 172 4 -8 -25
E 172 5 7 21
T 173 13 0 1 0
E 173 5 17 51
T 174 2 0 6 0
E 174 0 -6 -19
E 174 1 -6 -19
E 174 2 -6 -19
E 174 3 -6 -19
E 174 4 -6 -19
E 174 5 9 29
T 175 16 0 1 0
E 175 5 16 48
T 176 1 0 6 0
E 176 0 -5 -15
E 176 1 -5 -15
E 176 2 -5 -15
E 176 3 -5 -15
E 176 4 -5 -15
E 176 5 11 33
T 177 19 0 1 0
E 177 5 14 43
T 178 11 0 6 0
E 178 0 -9 -27
E 178 1 -9 -27
E 178 2 -9 -27
E 178 3 -9 -27
E 178 4 -9 -27
E 178 5 7 21
T 179 8 0 1 0
E 179 5 19 59
T 180 4 0 6 0
E 180 0 -4 -13
E 180 1 -4 -13
E 180 2 -4 -13
E 180 3 -4 -13
E 180 4 -4 -13
E 180 5 11 35
T 181 23 0 1 0
E 181 5 12 37
T 182 7 0 6 0
E 182 0 -8 -26
E 182 1 -8 -26
E 182 2 -8 -26
E 182 3 -8 -26
E 182 4 -8 -26
E 182 5 7 22
T 183 10 0 1 0
E 183 5 19 57
T 184 2 0 6 0
E 184 0 -6 -18
E 184 1 -6 -18
E 184 2 -6 -18
E 184 3 -6 -18
E 184 4 -6 -18
E 184 5 10 30
T 185 15 0 1 0
E 185 5 16 49
T 186 5 0 6 0
E 186 0 -7 -22
E 186 1 -7 -22
E 186 2 -7 -22
E 186 3 -7 -22
E 186 4 -7 -22
E 186 5 8 26
T 187 14 0 1 0
E 187 5 17 51
T 188 1 0 6 0
E 188 0 -5 -15
E 188 1 -5 -15
E 188 2 -5 -15
E 188 3 -5 -15
E 188 4 -5 -15
E 188 5 11 33
T 189 21 0 1 0
E 189 5 13 40
T 190 8 0 6 0
E 190 0 -8 -24
E 190 1 -8 -24
E 190 2 -8 -24
E 190 3 -8 -24
E 190 4 -8 -24
E 190 5 8 24
T 191 14 0 1 0
E 191 5 16 50
T 192 2 0 6 0
E 192 0 -6 -19
E 192 1 -6 -19
E 192 2 -6 -19
E 192 3 -6 -19
E 192 4 -6 -19
E 192 5 9 29
T 193 16 0 1 0
E 193 5 16 48
T 194 5 0 6 0
E 194 0 -4 -14
E 194 1 -4 -14
E 194 2 -4 -14
E 194 3 -4 -14
E 194 4 -4 -14
E 194 5 11 34
T 195 18 0 1 0
E 195 5 15 45
T 196 5 0 6 0
E 196 0 -7 -22
E 196 1 -7 -22
E 196 2 -7 -22
E 196 3 -7 -22
E 196 4 -7 -22
E 196 5 8 26
T 197 14 0 1 0
E 197 5 16 50
T 198 5 0 6 0
E 198 0 -7 -21
E 198 1 -7 -21
E 198 2 -7 -21
E 198 3 -7 -21
E 198 4 -7 -21
E 198 5 9 27
T 199 12 0 1 0
E 199 5 17 53
T 200 2 0 6 0
E 200 0 -5 -17
E 200 1 -5 -17
E 200 2 -5 -17
E 200 3 -5 -17
E 200 4 -5 -17
E 200 5 10 31
T 201 22 0 1 0
E 201 5 12 38
T 202 4 0 6 0
E 202 0 -7 -23
E 202 1 -7 -23
E 202 2 -7 -23
E 202 3 -7 -23
E 202 4 -7 -23
E 202 5 8 25
T 203 12 0 1 0
E 203 5 18 54
T 204 5 0 6 0
E 204 0 -4 -14
E 204 1 -4 -14
E 204 2 -4 -14
E 204 3 -4 -14
E 204 4 -4 -14
E 204 5 11 34
T 205 24 0 1 0
E 205 5 12 36
T 206 14 0 6 0
E 206 0 -10 -31
E 206 1 -10 -31
E 206 2 -10 -31
E 206 3 -10 -31
E 206 4 -10 -31
E 206 5 5 17
T 207 8 0 1 0
E 207 5 20 60
T 208 1 0 6 0
E 208 0 -5 -16
E 208 1 -5 -16
E 208 2 -5 -16
E 208 3 -5 -16
E 208 4 -5 -16
E 208 5 10 32
T 209 22 0 1 0
E 209 5 13 39
T 210 1 0 6 0
E 210 0 -6 -20
E 210 1 -6 -20
E 210 2 -6 -20
E 210 3 -6 -20
E 210 4 -6 -20
E 210 5 9 28
T 211 19 0 1 0
E 211 5 14 43
T 212 5 0 6 0
E 212 0 -7 -21
E 212 1 -7 -21
E 212 2 -7 -21
E 212 3 -7 -21
E 212 4 -7 -21
E 212 5 9 27
T 213 11 0 1 0
E 213 5 18 55
T 214 22 0 1 0
E 214 5 13 39
T 215 11 0 6 0
E 215 0 -9 -28
E 215 1 -9 -28
E 215 2 -9 -28
E 215 3 -9 -28
E 215 4 -9 -28
E 215 5 6 20
T 216 12 0 1 0
E 216 5 17 53
T 217 23 0 1 0
E 217 5 12 37
T 218 2 0 6 0
E 218 0 -6 -19
E 218 1 -6 -19
E 218 2 -6 -19
E 218 3 -6 -19
E 218 4 -6 -19
E 218 5 9 29
T 219 16 0 1 0
E 219 5 16 48
T 220 4 0 6 0
E 220 0 -7 -23
E 220 1 -7 -23
E 220 2 -7 -23
E 220 3 -7 -23
E 220 4 -7 -23
E 220 5 8 25
T 221 15 0 1 0
E 221 5 16 49
T 222 24 0 1 0
E 222 5 12 36
T 223 13 0 6 0
E 223 0 -10 -32
E 223 1 -10 -32
E 223 2 -10 -32
E 223 3 -10 -32
E 223 4 -10 -32
E 223 5 5 16
T 224 12 0 1 0
E 224 5 18 54
T 225 1 0 6 0
E 225 0 -5 -15
E 225 1 -5 -15
E 225 2 -5 -15
E 225 3 -5 -15
E 225 4 -5 -15
E 225 5 11 33
T 226 14 0 1 0
E 226 5 16 50
T 227 24 0 1 0
E 227 5 12 36
T 228 5 0 6 0
E 228 0 -7 -21
E 228 1 -7 -21
E 228 2 -7 -21
E 228 3 -7 -21
E 228 4 -7 -21
E 228 5 9 27
T 229 15 0 1 0
E 229 5 16 49
T 230 1 0 6 0
E 230 0 -5 -15
E 230 1 -5 -15
E 230 2 -5 -15
E 230 3 -5 -15
E 230 4 -5 -15
E 230 5 11 33
T 231 21 0 1 0
E 231 5 13 40
T 232 11 0 6 0
E 232 0 -9 -27
E 232 1 -9 -27
E 232 2 -9 -27
E 232 3 -9 -27
E 232 4 -9 -27
E 232 5 7 21
T 233 8 0 1 0
E 233 5 19 59
T 234 19 0 1 0
E 234 5 14 43
T 235 5 0 6 0
E 235 0 -4 -14
E 235 1 -4 -14
E 235 2 -4 -14
E 235 3 -4 -14
E 235 4 -4 -14
E 235 5 11 34
T 236 4 0 6 0
E 236 0 -4 -13
E 236 1 -4 -13
E 236 2 -4 -13
E 236 3 -4 -13
E 236 4 -4 -13
E 236 5 11 35
T 237 16 0 1 0
E 237 5 15 47
T 238 8 0 6 0
E 238 0 -8 -24
E 238 1 -8 -24
E 238 2 -8 -24
E 238 3 -8 -24
E 238 4 -8 -24
E 238 5 8 24
T 239 15 0 1 0
E 239 5 16 49
T 240 29 0 6 0
E 240 0 10 31
E 240 1 10 31
E 240 2 10 31
E 240 3 10 31
E 240 4 10 31
E 240 5 10 31
T 241 29 0 6 0
E 241 0 -10 -32
E 241 1 -10 -32
E 241 2 -10 -32
E 241 3 -10 -32
E 241 4 -10 -32
E 241 5 -11 -35
T 242 29 0 6 0
E 242 0 11 35
E 242 1 11 35
E 242 2 11 35
E 242 3 11 35
E 242 4 11 35
E 242 5 9 29
T 243 23 0 6 0
E 243 0 -7 -22
E 243 1 -7 -22
E 243 2 -7 -22
E 243 3 -7 -22
E 243 4 -7 -22
E 243 5 -10 -31
T 244 13 0 5 0
E 244 0 7 22
E 244 1 7 22
E 244 2 7 22
E 244 3 7 22
E 244 4 7 22
T 245 2 0 1 0
E 245 5 -9 -27
T 246 7 0 1 0
E 246 5 -5 -17
T 247 9 0 1 0
E 247 5 -6 -19
T 248 9 0 5 0
E 248 0 5 16
E 248 1 5 16
E 248 2 5 16
E 248 3 5 16
E 248 4 5 16
T 249 21 0 6 0
E 249 0 -4 -13
E 249 1 -4 -13
E 249 2 -4 -13
E 249 3 -4 -13
E 249 4 -4 -13
E 249 5 -14 -42
T 250 12 0 5 0
E 250 0 7 23
E 250 1 7 23
E 250 2 7 23
E 250 3 7 23
E 250 4 7 23
T 251 26 0 6 0
E 251 0 -5 -15
E 251 1 -5 -15
E 251 2 -5 -15
E 251 3 -5 -15
E 251 4 -5 -15
E 251 5 -16 -50
T 252 18 0 5 0
E 252 0 10 32
E 252 1 10 32
E 252 2 10 32
E 252 3 10 32
E 252 4 10 32
T 253 31 0 6 0
E 253 0 -6 -18
E 253 1 -6 -18
E 253 2 -6 -18
E 253 3 -6 -18
E 253 4 -6 -18
E 253 5 -19 -59
T 254 22 0 5 0
E 254 0 12 38
E 254 1 12 38
E 254 2 12 38
E 254 3 12 38
E 254 4 12 38
T 255 30 0 6 0
E 255 0 -5 -16
E 255 1 -5 -16
E 255 2 -5 -16
E 255 3 -5 -16
E 255 4 -5 -16
E 255 5 -21 -64
T 256 19 0 6 0
E 256 0 12 36
E 256 1 12 36
E 256 2 12 36
E 256 3 12 36
E 256 4 12 36
E 256 5 -5 -15
T 257 39 0 6 0
E 257 0 -7 -21
E 257 1 -7 -21
E 257 2 -7 -21
E 257 3 -7 -21
E 257 4 -7 -21
E 257 5 -25 -75
T 258 20 0 6 0
E 258 0 13 39
E 258 1 13 39
E 258 2 13 39
E 258 3 13 39
E 258 4 13 39
E 258 5 -6 -18
T 259 34 0 6 0
E 259 0 -5 -16
E 259 1 -5 -16
E 259 2 -5 -16
E 259 3 -5 -16
E 259 4 -5 -16
E 259 5 -25 -77
T 260 21 0 6 0
E 260 0 14 42
E 260 1 14 42
E 260 2 14 42
E 260 3 14 42
E 260 4 14 42
E 260 5 -7 -22
T 261 46 0 6 0
E 261 0 -8 -24
E 261 1 -8 -24
E 261 2 -8 -24
E 261 3 -8 -24
E 261 4 -8 -24
E 261 5 -30 -91
T 262 28 0 6 0
E 262 0 17 51
E 262 1 17 51
E 262 2 17 51
E 262 3 17 51
E 262 4 17 51
E 262 5 -6 -19
T 263 48 0 6 0
E 263 0 -8 -24
E 263 1 -8 -24
E 263 2 -8 -24
E 263 3 -8 -24
E 263 4 -8 -24
E 263 5 -32 -97
T 264 29 0 6 0
E 264 0 18 54
E 264 1 18 54
E 264 2 18 54
E 264 3 18 54
E 264 4 18 54
E 264 5 -7 -23
T 265 56 0 6 0
E 265 0 -10 -30
E 265 1 -10 -30
E 265 2 -10 -30
E 265 3 -10 -30
E 265 4 -10 -30
E 265 5 -36 -110
T 266 23 0 6 0
E 266 0 17 52
E 266 1 17 52
E 266 2 17 52
E 266 3 17 52
E 266 4 17 52
E 266 5 -10 -31
T 267 55 0 6 0
E 267 0 -9 -27
E 267 1 -9 -27
E 267 2 -9 -27
E 267 3 -9 -27
E 267 4 -9 -27
E 267 5 -37 -113
T 268 25 0 6 0
E 268 0 18 54
E 268 1 18 54
E 268 2 18 54
E 268 3 18 54
E 268 4 18 54
E 268 5 -11 -35
T 269 58 0 6 0
E 269 0 -9 -27
E 269 1 -9 -27
E 269 2 -9 -27
E 269 3 -9 -27
E 269 4 -9 -27
E 269 5 -40 -120
T 270 42 0 6 0
E 270 0 20 62
E 270 1 20 62
E 270 2 20 62
E 270 3 20 62
E 270 4 20 62
E 270 5 4 14
T 271 52 0 6 0
E 271 0 -12 -36
E 271 1 -12 -36
E 271 2 -12 -36
E 271 3 -12 -36
E 271 4 -12 -36
E 271 5 -28 -84
T 272 35 0 5 0
E 272 0 18 55
E 272 1 18 55
E 272 2 18 55
E 272 3 18 55
E 272 4 18 55
T 273 49 0 6 0
E 273 0 -11 -33
E 273 1 -11 -33
E 273 2 -11 -33
E 273 3 -11 -33
E 273 4 -11 -33
E 273 5 -27 -81
T 274 32 0 5 0
E 274 0 16 48
E 274 1 16 48
E 274 2 16 48
E 274 3 16 48
E 274 4 16 48
T 275 49 0 6 0
E 275 0 -11 -33
E 275 1 -11 -33
E 275 2 -11 -33
E 275 3 -11 -33
E 275 4 -11 -33
E 275 5 -27 -81
T 276 32 0 5 0
E 276 0 17 53
E 276 1 17 53
E 276 2 17 53
E 276 3 17 53
E 276 4 17 53
T 277 44 0 6 0
E 277 0 -10 -32
E 277 1 -10 -32
E 277 2 -10 -32
E 277 3 -10 -32
E 277 4 -10 -32
E 277 5 -26 -80
T 278 31 0 5 0
E 278 0 16 49
E 278 1 16 49
E 278 2 16 49
E 278 3 16 49
E 278 4 16 49
T 279 40 0 6 0
E 279 0 -8 -24
E 279 1 -8 -24
E 279 2 -8 -24
E 279 3 -8 -24
E 279 4 -8 -24
E 279 5 -24 -72
T 280 27 0 5 0
E 280 0 14 43
E 280 1 14 43
E 280 2 14 43
E 280 3 14 43
E 280 4 14 43
T 281 41 0 6 0
E 281 0 -9 -29
E 281 1 -9 -29
E 281 2 -9 -29
E 281 3 -9 -29
E 281 4 -9 -29
E 281 5 -25 -77
T 282 27 0 5 0
E 282 0 14 43
E 282 1 14 43
E 282 2 14 43
E 282 3 14 43
E 282 4 14 43
T 283 38 0 6 0
E 283 0 -8 -26
E 283 1 -8 -26
E 283 2 -8 -26
E 283 3 -8 -26
E 283 4 -8 -26
E 283 5 -24 -74
T 284 23 0 5 0
E 284 0 12 37
E 284 1 12 37
E 284 2 12 37
E 284 3 12 37
E 284 4 12 37
T 285 39 0 6 0
E 285 0 -8 -25
E 285 1 -8 -25
E 285 2 -8 -25
E 285 3 -8 -25
E 285 4 -8 -25
E 285 5 -24 -73
T 286 26 0 5 0
E 286 0 13 39
E 286 1 13 39
E 286 2 13 39
E 286 3 13 39
E 286 4 13 39
T 287 34 0 6 0
E 287 0 -6 -18
E 287 1 -6 -18
E 287 2 -6 -18
E 287 3 -6 -18
E 287 4 -6 -18
E 287 5 -22 -66
T 288 25 0 5 0
E 288 0 13 40
E 288 1 13 40
E 288 2 13 40
E 288 3 13 40
E 288 4 13 40
T 289 41 0 6 0
E 289 0 -9 -29
E 289 1 -9 -29
E 289 2 -9 -29
E 289 3 -9 -29
E 289 4 -9 -29
E 289 5 -25 -77
T 290 23 0 5 0
E 290 0 12 37
E 290 1 12 37
E 290 2 12 37
E 290 3 12 37
E 290 4 12 37
T 291 38 0 6 0
E 291 0 -8 -26
E 291 1 -8 -26
E 291 2 -8 -26
E 291 3 -8 -26
E 291 4 -8 -26
E 291 5 -24 -74
T 292 25 0 5 0
E 292 0 13 40
E 292 1 13 40
E 292 2 13 40
E 292 3 13 40
E 292 4 13 40
T 293 40 0 6 0
E 293 0 -8 -24
E 293 1 -8 -24
E 293 2 -8 -24
E 293 3 -8 -24
E 293 4 -8 -24
E 293 5 -24 -72
T 294 28 0 5 0
E 294 0 14 42
E 294 1 14 42
E 294 2 14 42
E 294 3 14 42
E 294 4 14 42
T 295 45 0 6 0
E 295 0 -10 -31
E 295 1 -10 -31
E 295 2 -10 -31
E 295 3 -10 -31
E 295 4 -10 -31
E 295 5 -26 -79
T 296 25 0 5 0
E 296 0 13 40
E 296 1 13 40
E 296 2 13 40
E 296 3 13 40
E 296 4 13 40
T 297 34 0 6 0
E 297 0 -6 -18
E 297 1 -6 -18
E 297 2 -6 -18
E 297 3 -6 -18
E 297 4 -6 -18
E 297 5 -22 -66
T 298 24 0 5 0
E 298 0 13 41
E 298 1 13 41
E 298 2 13 41
E 298 3 13 41
E 298 4 13 41
T 299 38 0 6 0
E 299 0 -8 -26
E 299 1 -8 -26
E 299 2 -8 -26
E 299 3 -8 -26
E 299 4 -8 -26
E 299 5 -24 -74
T 300 25 0 5 0
E 300 0 13 40
E 300 1 13 40
E 300 2 13 40
E 300 3 13 40
E 300 4 13 40
T 301 41 0 6 0
E 301 0 -9 -29
E 301 1 -9 -29
E 301 2 -9 -29
E 301 3 -9 -29
E 301 4 -9 -29
E 301 5 -25 -77
T 302 25 0 5 0
E 302 0 13 40
E 302 1 13 40
E 302 2 13 40
E 302 3 13 40
E 302 4 13 40
T 303 41 0 6 0
E 303 0 -9 -29
E 303 1 -9 -29
E 303 2 -9 -29
E 303 3 -9 -29
E 303 4 -9 -29
E 303 5 -25 -77
T 304 27 0 5 0
E 304 0 14 43
E 304 1 14 43
E 304 2 14 43
E 304 3 14 43
E 304 4 14 43
T 305 39 0 6 0
E 305 0 -8 -25
E 305 1 -8 -25
E 305 2 -8 -25
E 305 3 -8 -25
E 305 4 -8 -25
E 305 5 -24 -73
T 306 22 0 5 0
E 306 0 12 38
E 306 1 12 38
E 306 2 12 38
E 306 3 12 38
E 306 4 12 38
T 307 34 0 6 0
E 307 0 -6 -18
E 307 1 -6 -18
E 307 2 -6 -18
E 307 3 -6 -18
E 307 4 -6 -18
E 307 5 -22 -66
T 308 16 0 6 0
E 308 0 11 35
E 308 1 11 35
E 308 2 11 35
E 308 3 11 35
E 308 4 11 35
E 308 5 -4 -13
T 309 30 0 6 0
E 309 0 -5 -16
E 309 1 -5 -16
E 309 2 -5 -16
E 309 3 -5 -16
E 309 4 -5 -16
E 309 5 -21 -64
T 310 7 0 6 0
E 310 0 8 26
E 310 1 8 26
E 310 2 8 26
E 310 3 8 26
E 310 4 8 26
E 310 5 -7 -22
T 311 12 0 1 0
E 311 5 -17 -53
T 312 24 0 1 0
E 312 5 -12 -36
T 313 7 0 6 0
E 313 0 8 26
E 313 1 8 26
E 313 2 8 26
E 313 3 8 26
E 313 4 8 26
E 313 5 -7 -22
T 314 12 0 1 0
E 314 5 -18 -54
T 315 22 0 1 0
E 315 5 -12 -38
T 316 2 0 6 0
E 316 0 6 19
E 316 1 6 19
E 316 2 6 19
E 316 3 6 19
E 316 4 6 19
E 316 5 -9 -29
T 317 18 0 1 0
E 317 5 -14 -44
T 318 4 0 6 0
E 318 0 4 13
E 318 1 4 13
E 318 2 4 13
E 318 3 4 13
E 318 4 4 13
E 318 5 -11 -35
T 319 20 0 1 0
E 319 5 -14 -42
T 320 8 0 6 0
E 320 0 8 25
E 320 1 8 25
E 320 2 8 25
E 320 3 8 25
E 320 4 8 25
E 320 5 -7 -23
T 321 12 0 1 0
E 321 5 -17 -53
T 322 1 0 6 0
E 322 0 5 15
E 322 1 5 15
E 322 2 5 15
E 322 3 5 15
E 322 4 5 15
E 322 5 -11 -33
T 323 16 0 1 0
E 323 5 -15 -47
T 324 4 0 6 0
E 324 0 4 13
E 324 1 4 13
E 324 2 4 13
E 324 3 4 13
E 324 4 4 13
E 324 5 -11 -35
T 325 16 0 1 0
E 325 5 -16 -48
T 326 24 0 1 0
E 326 5 -12 -36
T 327 11 0 6 0
E 327 0 9 27
E 327 1 9 27
E 327 2 9 27
E 327 3 9 27
E 327 4 9 27
E 327 5 -7 -21
T 328 30 0 6 0
E 328 0 -5 -16
E 328 1 -5 -16
E 328 2 -5 -16
E 328 3 -5 -16
E 328 4 -5 -16
E 328 5 -21 -64
T 329 24 0 5 0
E 329 0 12 36
E 329 1 12 36
E 329 2 12 36
E 329 3 12 36
E 329 4 12 36
T 330 39 0 6 0
E 330 0 -8 -25
E 330 1 -8 -25
E 330 2 -8 -25
E 330 3 -8 -25
E 330 4 -8 -25
E 330 5 -24 -73
T 331 26 0 5 0
E 331 0 14 44
E 331 1 14 44
E 331 2 14 44
E 331 3 14 44
E 331 4 14 44
T 332 39 0 6 0
E 332 0 -8 -25
E 332 1 -8 -25
E 332 2 -8 -25
E 332 3 -8 -25
E 332 4 -8 -25
E 332 5 -24 -73
T 333 22 0 5 0
E 333 0 12 38
E 333 1 12 38
E 333 2 12 38
E 333 3 12 38
E 333 4 12 38
T 334 40 0 6 0
E 334 0 -8 -24
E 334 1 -8 -24
E 334 2 -8 -24
E 334 3 -8 -24
E 334 4 -8 -24
E 334 5 -24 -72
T 335 24 0 5 0
E 335 0 12 36
E 335 1 12 36
E 335 2 12 36
E 335 3 12 36
E 335 4 12 36
T 336 42 0 6 0
E 336 0 -9 -28
E 336 1 -9 -28
E 336 2 -9 -28
E 336 3 -9 -28
E 336 4 -9 -28
E 336 5 -25 -76
T 337 29 0 5 0
E 337 0 15 46
E 337 1 15 46
E 337 2 15 46
E 337 3 15 46
E 337 4 15 46
T 338 37 0 6 0
E 338 0 -8 -26
E 338 1 -8 -26
E 338 2 -8 -26
E 338 3 -8 -26
E 338 4 -8 -26
E 338 5 -23 -69
T 339 23 0 5 0
E 339 0 12 37
E 339 1 12 37
E 339 2 12 37
E 339 3 12 37
E 339 4 12 37
T 340 38 0 6 0
E 340 0 -9 -29
E 340 1 -9 -29
E 340 2 -9 -29
E 340 3 -9 -29
E 340 4 -9 -29
E 340 5 -22 -66
T 341 24 0 5 0
E 341 0 12 36
E 341 1 12 36
E 341 2 12 36
E 341 3 12 36
E 341 4 12 36
T 342 31 0 6 0
E 342 0 -7 -22
E 342 1 -7 -22
E 342 2 -7 -22
E 342 3 -7 -22
E 342 4 -7 -22
E 342 5 -18 -54
T 343 16 0 5 0
E 343 0 9 29
E 343 1 9 29
E 343 2 9 29
E 343 3 9 29
E 343 4 9 29
T 344 30 0 6 0
E 344 0 -7 -21
E 344 1 -7 -21
E 344 2 -7 -21
E 344 3 -7 -21
E 344 4 -7 -21
E 344 5 -16 -48
T 345 20 0 5 0
E 345 0 11 35
E 345 1 11 35
E 345 2 11 35
E 345 3 11 35
E 345 4 11 35
T 346 22 0 6 0
E 346 0 -5 -15
E 346 1 -5 -15
E 346 2 -5 -15
E 346 3 -5 -15
E 346 4 -5 -15
E 346 5 -12 -37
T 347 12 0 5 0
E 347 0 6 18
E 347 1 6 18
E 347 2 6 18
E 347 3 6 18
E 347 4 6 18
T 348 2 0 1 0
E 348 5 -9 -28
T 349 3 0 1 0
E 349 5 -5 -16
T 350 1 0 1 0
E 350 5 -5 -15
T 351 1 0 1 0
E 351 5 -5 -15
T 352 4 0 0 0
T 353 2 0 0 0
T 354 2 0 0 0
T 355 7 0 0 0
T 356 7 0 0 0
T 357 4 0 0 0
T 358 1 0 0 0
T 359 6 0 0 0
T 360 10 0 0 0
T 361 6 0 5 0
E 361 0 -4 -14
E 361 1 -4 -14
E 361 2 -4 -14
E 361 3 -4 -14
E 361 4 -4 -14
T 362 2 0 1 0
E 362 5 8 26
T 363 9 0 1 0
E 363 5 6 19
T 364 13 0 1 0
E 364 5 6 18
T 365 15 0 1 0
E 365 5 6 19
T 366 12 0 5 0
E 366 0 -6 -18
E 366 1 -6 -18
E 366 2 -6 -18
E 366 3 -6 -18
E 366 4 -6 -18
T 367 4 0 1 0
E 367 5 13 39
T 368 15 0 1 0
E 368 5 7 22
T 369 11 0 5 0
E 369 0 -6 -19
E 369 1 -6 -19
E 369 2 -6 -19
E 369 3 -6 -19
E 369 4 -6 -19
T 370 6 0 1 0
E 370 5 12 36
T 371 16 0 1 0
E 371 5 6 20
T 372 10 0 5 0
E 372 0 -6 -20
E 372 1 -6 -20
E 372 2 -6 -20
E 372 3 -6 -20
E 372 4 -6 -20
T 373 4 0 1 0
E 373 5 13 39
T 374 13 0 1 0
E 374 5 8 25
T 375 1 0 6 0
E 375 0 -4 -14
E 375 1 -4 -14
E 375 2 -4 -14
E 375 3 -4 -14
E 375 4 -4 -14
E 375 5 5 16
T 376 10 0 1 0
E 376 5 10 30
T 377 18 0 1 0
E 377 5 6 18
T 378 12 0 5 0
E 378 0 -7 -23
E 378 1 -7 -23
E 378 2 -7 -23
E 378 3 -7 -23
E 378 4 -7 -23
T 379 23 0 6 0
E 379 0 5 17
E 379 1 5 17
E 379 2 5 17
E 379 3 5 17
E 379 4 5 17
E 379 5 15 47
T 380 12 0 5 0
E 380 0 -6 -18
E 380 1 -6 -18
E 380 2 -6 -18
E 380 3 -6 -18
E 380 4 -6 -18
T 381 2 0 1 0
E 381 5 13 41
T 382 12 0 1 0
E 382 5 9 27
T 383 4 0 6 0
E 383 0 -5 -17
E 383 1 -5 -17
E 383 2 -5 -17
E 383 3 -5 -17
E 383 4 -5 -17
E 383 5 4 13
T 384 8 0 1 0
E 384 5 10 32
T 385 18 0 1 0
E 385 5 6 18
T 386 13 0 5 0
E 386 0 -7 -22
E 386 1 -7 -22
E 386 2 -7 -22
E 386 3 -7 -22
E 386 4 -7 -22
T 387 21 0 6 0
E 387 0 4 13
E 387 1 4 13
E 387 2 4 13
E 387 3 4 13
E 387 4 4 13
E 387 5 14 44
T 388 16 0 5 0
E 388 0 -9 -29
E 388 1 -9 -29
E 388 2 -9 -29
E 388 3 -9 -29
E 388 4 -9 -29
T 389 3 0 1 0
E 389 5 15 45
T 390 11 0 1 0
E 390 5 10 32
T 391 7 0 6 0
E 391 0 -6 -18
E 391 1 -6 -18
E 391 2 -6 -18
E 391 3 -6 -18
E 391 4 -6 -18
E 391 5 5 16
T 392 4 0 1 0
E 392 5 14 44
T 393 11 0 1 0
E 393 5 11 35
T 394 0 0 6 0
E 394 0 -4 -13
E 394 1 -4 -13
E 394 2 -4 -13
E 394 3 -4 -13
E 394 4 -4 -13
E 394 5 7 23
T 395 10 0 1 0
E 395 5 13 39
T 396 2 0 6 0
E 396 0 -5 -16
E 396 1 -5 -16
E 396 2 -5 -16
E 396 3 -5 -16
E 396 4 -5 -16
E 396 5 7 21
T 397 8 0 1 0
E 397 5 14 43
T 398 16 0 1 0
E 398 5 10 32
T 399 8 0 6 0
E 399 0 -7 -21
E 399 1 -7 -21
E 399 2 -7 -21
E 399 3 -7 -21
E 399 4 -7 -21
E 399 5 6 18
T 400 9 0 1 0
E 400 5 15 45
T 401 20 0 1 0
E 401 5 9 29
T 402 10 0 6 0
E 402 0 -8 -25
E 402 1 -8 -25
E 402 2 -8 -25
E 402 3 -8 -25
E 402 4 -8 -25
E 402 5 5 15
T 403 7 0 1 0
E 403 5 17 51
T 404 1 0 6 0
E 404 0 -5 -15
E 404 1 -5 -15
E 404 2 -5 -15
E 404 3 -5 -15
E 404 4 -5 -15
E 404 5 9 27
T 405 16 0 1 0
E 405 5 12 38
T 406 6 0 6 0
E 406 0 -7 -23
E 406 1 -7 -23
E 406 2 -7 -23
E 406 3 -7 -23
E 406 4 -7 -23
E 406 5 6 20
T 407 13 0 1 0
E 407 5 15 45
T 408 3 0 6 0
E 408 0 -6 -19
E 408 1 -6 -19
E 408 2 -6 -19
E 408 3 -6 -19
E 408 4 -6 -19
E 408 5 8 25
T 409 17 0 1 0
E 409 5 14 42
T 410 5 0 6 0
E 410 0 -7 -23
E 410 1 -7 -23
E 410 2 -7 -23
E 410 3 -7 -23
E 410 4 -7 -23
E 410 5 7 22
T 411 9 0 1 0
E 411 5 18 55
T 412 18 0 1 0
E 412 5 13 41
T 413 8 0 6 0
E 413 0 -8 -25
E 413 1 -8 -25
E 413 2 -8 -25
E 413 3 -8 -25
E 413 4 -8 -25
E 413 5 7 22
T 414 10 0 1 0
E 414 5 18 56
T 415 5 0 6 0
E 415 0 -4 -14
E 415 1 -4 -14
E 415 2 -4 -14
E 415 3 -4 -14
E 415 4 -4 -14
E 415 5 11 34
T 416 20 0 1 0
E 416 5 13 41
T 417 8 0 6 0
E 417 0 -8 -24
E 417 1 -8 -24
E 417 2 -8 -24
E 417 3 -8 -24
E 417 4 -8 -24
E 417 5 8 24
T 418 8 0 1 0
E 418 5 19 59
T 419 20 0 1 0
E 419 5 13 41
T 420 2 0 6 0
E 420 0 -6 -19
E 420 1 -6 -19
E 420 2 -6 -19
E 420 3 -6 -19
E 420 4 -6 -19
E 420 5 9 29
T 421 20 0 1 0
E 421 5 14 42
T 422 1 0 6 0
E 422 0 -6 -20
E 422 1 -6 -20
E 422 2 -6 -20
E 422 3 -6 -20
E 422 4 -6 -20
E 422 5 9 28
T 423 14 0 1 0
E 423 5 16 50
T 424 24 0 1 0
E 424 5 12 36
T 425 14 0 6 0
E 425 0 -10 -31
E 425 1 -10 -31
E 425 2 -10 -31
E 425 3 -10 -31
E 425 4 -10 -31
E 425 5 5 17
T 426 29 0 6 0
E 426 0 5 17
E 426 1 5 17
E 426 2 5 17
E 426 3 5 17
E 426 4 5 17
E 426 5 21 65
T 427 14 0 6 0
E 427 0 -10 -30
E 427 1 -10 -30
E 427 2 -10 -30
E 427 3 -10 -30
E 427 4 -10 -30
E 427 5 6 18
T 428 11 0 1 0
E 428 5 18 55
T 429 1 0 6 0
E 429 0 -5 -16
E 429 1 -5 -16
E 429 2 -5 -16
E 429 3 -5 -16
E 429 4 -5 -16
E 429 5 10 32
T 430 20 0 1 0
E 430 5 13 41
T 431 5 0 6 0
E 431 0 -7 -22
E 431 1 -7 -22
E 431 2 -7 -22
E 431 3 -7 -22
E 431 4 -7 -22
E 431 5 8 26
T 432 9 0 1 0
E 432 5 19 58
T 433 23 0 1 0
E 433 5 12 37
T 434 5 0 6 0
E 434 0 -7 -21
E 434 1 -7 -21
E 434 2 -7 -21
E 434 3 -7 -21
E 434 4 -7 -21
E 434 5 9 27
T 435 15 0 1 0
E 435 5 16 49
T 436 2 0 6 0
E 436 0 -5 -17
E 436 1 -5 -17
E 436 2 -5 -17
E 436 3 -5 -17
E 436 4 -5 -17
E 436 5 10 31
T 437 19 0 1 0
E 437 5 14 43
T 438 7 0 6 0
E 438 0 -8 -26
E 438 1 -8 -26
E 438 2 -8 -26
E 438 3 -8 -26
E 438 4 -8 -26
E 438 5 7 22
T 439 11 0 1 0
E 439 5 18 55
T 440 5 0 6 0
E 440 0 -4 -14
E 440 1 -4 -14
E 440 2 -4 -14
E 440 3 -4 -14
E 440 4 -4 -14
E 440 5 11 34
T 441 19 0 1 0
E 441 5 14 43
T 442 2 0 6 0
E 442 0 -6 -19
E 442 1 -6 -19
E 442 2 -6 -19
E 442 3 -6 -19
E 442 4 -6 -19
E 442 5 9 29
T 443 13 0 1 0
E 443 5 17 52
T 444 5 0 6 0
E 444 0 -4 -14
E 444 1 -4 -14
E 444 2 -4 -14
E 444 3 -4 -14
E 444 4 -4 -14
E 444 5 11 34
T 445 20 0 1 0
E 445 5 14 42
T 446 7 0 6 0
E 446 0 -8 -26
E 446 1 -8 -26
E 446 2 -8 -26
E 446 3 -8 -26
E 446 4 -8 -26
E 446 5 7 22
T 447 16 0 1 0
E 447 5 16 48
T 448 1 0 6 0
E 448 0 -5 -15
E 448 1 -5 -15
E 448 2 -5 -15
E 448 3 -5 -15
E 448 4 -5 -15
E 448 5 11 33
T 449 20 0 1 0
E 449 5 13 41
T 450 7 0 6 0
E 450 0 -8 -26
E 450 1 -8 -26
E 450 2 -8 -26
E 450 3 -8 -26
E 450 4 -8 -26
E 450 5 7 22
T 451 10 0 1 0
E 451 5 18 56
T 452 22 0 1 0
E 452 5 12 38
T 453 7 0 6 0
E 453 0 -8 -26
E 453 1 -8 -26
E 453 2 -8 -26
E 453 3 -8 -26
E 453 4 -8 -26
E 453 5 7 22
T 454 8 0 1 0
E 454 5 19 59
T 455 20 0 1 0
E 455 5 13 41
T 456 2 0 6 0
E 456 0 -6 -19
E 456 1 -6 -19
E 456 2 -6 -19
E 456 3 -6 -19
E 456 4 -6 -19
E 456 5 9 29
T 457 17 0 1 0
E 457 5 15 46
T 458 8 0 6 0
E 458 0 -8 -24
E 458 1 -8 -24
E 458 2 -8 -24
E 458 3 -8 -24
E 458 4 -8 -24
E 458 5 8 24
T 459 8 0 1 0
E 459 5 20 60
T 460 22 0 1 0
E 460 5 13 39
T 461 11 0 6 0
E 461 0 -9 -27
E 461 1 -9 -27
E 461 2 -9 -27
E 461 3 -9 -27
E 461 4 -9 -27
E 461 5 7 21
T 462 8 0 1 0
E 462 5 20 60
T 463 20 0 1 0
E 463 5 13 41
T 464 8 0 6 0
E 464 0 -8 -24
E 464 1 -8 -24
E 464 2 -8 -24
E 464 3 -8 -24
E 464 4 -8 -24
E 464 5 8 24
T 465 15 0 1 0
E 465 5 16 49
T 466 2 0 6 0
E 466 0 -6 -19
E 466 1 -6 -19
E 466 2 -6 -19
E 466 3 -6 -19
E 466 4 -6 -19
E 466 5 9 29
T 467 13 0 1 0
E 467 5 17 52
T 468 1 0 6 0
E 468 0 -5 -16
E 468 1 -5 -16
E 468 2 -5 -16
E 468 3 -5 -16
E 468 4 -5 -16
E 468 5 10 32
T 469 18 0 1 0
E 469 5 15 45
T 470 8 0 6 0
E 470 0 -8 -25
E 470 1 -8 -25
E 470 2 -8 -25
E 470 3 -8 -25
E 470 4 -8 -25
E 470 5 7 23
T 471 10 0 1 0
E 471 5 19 57
T 472 5 0 6 0
E 472 0 -4 -14
E 472 1 -4 -14
E 472 2 -4 -14
E 472 3 -4 -14
E 472 4 -4 -14
E 472 5 11 34
T 473 18 0 1 0
E 473 5 15 45
T 474 1 0 6 0
E 474 0 -6 -20
E 474 1 -6 -20
E 474 2 -6 -20
E 474 3 -6 -20
E 474 4 -6 -20
E 474 5 9 28
T 475 14 0 1 0
E 475 5 16 50
T 476 5 0 6 0
E 476 0 -7 -22
E 476 1 -7 -22
E 476 2 -7 -22
E 476 3 -7 -22
E 476 4 -7 -22
E 476 5 8 26
T 477 14 0 1 0
E 477 5 17 51
T 478 22 0 1 0
E 478 5 12 38
T 479 2 0 6 0
E 479 0 -6 -18
E 479 1 -6 -18
E 479 2 -6 -18
E 479 3 -6 -18
E 479 4 -6 -18
E 479 5 10 30
T 480 50 0 6 0
E 480 0 17 52
E 480 1 17 52
E 480 2 17 52
E 480 3 17 52
E 480 4 17 52
E 480 5 17 52
T 481 47 0 6 0
E 481 0 -16 -50
E 481 1 -16 -50
E 481 2 -16 -50
E 481 3 -16 -50
E 481 4 -16 -50
E 481 5 -17 -53
T 482 51 0 6 0
E 482 0 18 55
E 482 1 18 55
E 482 2 18 55
E 482 3 18 55
E 482 4 18 55
E 482 5 16 49
T 483 48 0 6 0
E 483 0 -15 -45
E 483 1 -15 -45
E 483 2 -15 -45
E 483 3 -15 -45
E 483 4 -15 -45
E 483 5 -18 -54
T 484 43 0 6 0
E 484 0 16 48
E 484 1 16 48
E 484 2 16 48
E 484 3 16 48
E 484 4 16 48
E 484 5 11 35
T 485 41 0 6 0
E 485 0 -12 -36
E 485 1 -12 -36
E 485 2 -12 -36
E 485 3 -12 -36
E 485 4 -12 -36
E 485 5 -17 -52
T 486 35 0 6 0
E 486 0 14 42
E 486 1 14 42
E 486 2 14 42
E 486 3 14 42
E 486 4 14 42
E 486 5 7 23
T 487 33 0 6 0
E 487 0 -9 -29
E 487 1 -9 -29
E 487 2 -9 -29
E 487 3 -9 -29
E 487 4 -9 -29
E 487 5 -17 -51
T 488 19 0 5 0
E 488 0 10 31
E 488 1 10 31
E 488 2 10 31
E 488 3 10 31
E 488 4 10 31
T 489 1 0 1 0
E 489 5 -13 -41
T 490 12 0 1 0
E 490 5 -9 -29
T 491 18 0 1 0
E 491 5 -8 -25
T 492 6 0 6 0
E 492 0 6 18
E 492 1 6 18
E 492 2 6 18
E 492 3 6 18
E 492 4 6 18
E 492 5 -6 -20
T 493 7 0 1 0
E 493 5 -16 -50
T 494 4 0 6 0
E 494 0 4 14
E 494 1 4 14
E 494 2 4 14
E 494 3 4 14
E 494 4 4 14
E 494 5 -10 -31
T 495 21 0 1 0
E 495 5 -13 -40
T 496 0 0 6 0
E 496 0 6 20
E 496 1 6 20
E 496 2 6 20
E 496 3 6 20
E 496 4 6 20
E 496 5 -10 -31
T 497 16 0 1 0
E 497 5 -19 -57
T 498 1 0 6 0
E 498 0 6 18
E 498 1 6 18
E 498 2 6 18
E 498 3 6 18
E 498 4 6 18
E 498 5 -13 -39
T 499 25 0 1 0
E 499 5 -17 -53
T 500 9 0 6 0
E 500 0 10 30
E 500 1 10 30
E 500 2 10 30
E 500 3 10 30
E 500 4 10 30
E 500 5 -11 -34
T 501 19 0 1 0
E 501 5 -24 -72
T 502 6 0 6 0
E 502 0 6 20
E 502 1 6 20
E 502 2 6 20
E 502 3 6 20
E 502 4 6 20
E 502 5 -16 -50
T 503 27 0 1 0
E 503 5 -23 -69
T 504 7 0 6 0
E 504 0 11 34
E 504 1 11 34
E 504 2 11 34
E 504 3 11 34
E 504 4 11 34
E 504 5 -14 -43
T 505 21 0 1 0
E 505 5 -29 -88
T 506 0 0 6 0
E 506 0 9 27
E 506 1 9 27
E 506 2 9 27
E 506 3 9 27
E 506 4 9 27
E 506 5 -18 -56
T 507 32 0 1 0
E 507 5 -27 -81
T 508 1 0 6 0
E 508 0 10 30
E 508 1 10 30
E 508 2 10 30
E 508 3 10 30
E 508 4 10 30
E 508 5 -19 -59
T 509 29 0 1 0
E 509 5 -32 -96
T 510 23 0 5 0
E 510 0 12 37
E 510 1 12 37
E 510 2 12 37
E 510 3 12 37
E 510 4 12 37
T 511 43 0 6 0
E 511 0 -9 -27
E 511 1 -9 -27
E 511 2 -9 -27
E 511 3 -9 -27
E 511 4 -9 -27
E 511 5 -25 -75
T 512 26 0 5 0
E 512 0 13 39
E 512 1 13 39
E 512 2 13 39
E 512 3 13 39
E 512 4 13 39
T 513 37 0 6 0
E 513 0 -7 -21
E 513 1 -7 -21
E 513 2 -7 -21
E 513 3 -7 -21
E 513 4 -7 -21
E 513 5 -23 -69
T 514 27 0 5 0
E 514 0 14 43
E 514 1 14 43
E 514 2 14 43
E 514 3 14 43
E 514 4 14 43
T 515 40 0 6 0
E 515 0 -8 -24
E 515 1 -8 -24
E 515 2 -8 -24
E 515 3 -8 -24
E 515 4 -8 -24
E 515 5 -24 -72
T 516 27 0 5 0
E 516 0 14 43
E 516 1 14 43
E 516 2 14 43
E 516 3 14 43
E 516 4 14 43
T 517 39 0 6 0
E 517 0 -8 -25
E 517 1 -8 -25
E 517 2 -8 -25
E 517 3 -8 -25
E 517 4 -8 -25
E 517 5 -24 -73
T 518 26 0 5 0
E 518 0 13 39
E 518 1 13 39
E 518 2 13 39
E 518 3 13 39
E 518 4 13 39
T 519 39 0 6 0
E 519 0 -8 -25
E 519 1 -8 -25
E 519 2 -8 -25
E 519 3 -8 -25
E 519 4 -8 -25
E 519 5 -24 -73
T 520 26 0 5 0
E 520 0 14 44
E 520 1 14 44
E 520 2 14 44
E 520 3 14 44
E 520 4 14 44
T 521 32 0 6 0
E 521 0 -6 -20
E 521 1 -6 -20
E 521 2 -6 -20
E 521 3 -6 -20
E 521 4 -6 -20
E 521 5 -22 -68
T 522 14 0 6 0
E 522 0 10 30
E 522 1 10 30
E 522 2 10 30
E 522 3 10 30
E 522 4 10 30
E 522 5 -6 -18
T 523 11 0 1 0
E 523 5 -18 -55
T 524 1 0 6 0
E 524 0 5 15
E 524 1 5 15
E 524 2 5 15
E 524 3 5 15
E 524 4 5 15
E 524 5 -11 -33
T 525 14 0 1 0
E 525 5 -17 -51
T 526 5 0 6 0
E 526 0 7 21
E 526 1 7 21
E 526 2 7 21
E 526 3 7 21
E 526 4 7 21
E 526 5 -9 -27
T 527 18 0 1 0
E 527 5 -15 -45
T 528 4 0 6 0
E 528 0 7 23
E 528 1 7 23
E 528 2 7 23
E 528 3 7 23
E 528 4 7 23
E 528 5 -8 -25
T 529 10 0 1 0
E 529 5 -18 -56
T 530 22 0 1 0
E 530 5 -13 -39
T 531 4 0 6 0
E 531 0 7 23
E 531 1 7 23
E 531 2 7 23
E 531 3 7 23
E 531 4 7 23
E 531 5 -8 -25
T 532 16 0 1 0
E 532 5 -15 -47
T 533 5 0 6 0
E 533 0 7 21
E 533 1 7 21
E 533 2 7 21
E 533 3 7 21
E 533 4 7 21
E 533 5 -9 -27
T 534 17 0 1 0
E 534 5 -15 -46
T 535 2 0 6 0
E 535 0 5 17
E 535 1 5 17
E 535 2 5 17
E 535 3 5 17
E 535 4 5 17
E 535 5 -10 -31
T 536 14 0 1 0
E 536 5 -17 -51
T 537 4 0 6 0
E 537 0 4 13
E 537 1 4 13
E 537 2 4 13
E 537 3 4 13
E 537 4 4 13
E 537 5 -11 -35
T 538 18 0 1 0
E 538 5 -14 -44
T 539 1 0 6 0
E 539 0 5 16
E 539 1 5 16
E 539 2 5 16
E 539 3 5 16
E 539 4 5 16
E 539 5 -10 -32
T 540 22 0 1 0
E 540 5 -13 -39
T 541 4 0 6 0
E 541 0 7 23
E 541 1 7 23
E 541 2 7 23
E 541 3 7 23
E 541 4 7 23
E 541 5 -8 -25
T 542 18 0 1 0
E 542 5 -14 -44
T 543 8 0 6 0
E 543 0 8 25
E 543 1 8 25
E 543 2 8 25
E 543 3 8 25
E 543 4 8 25
E 543 5 -7 -23
T 544 14 0 1 0
E 544 5 -16 -50
T 545 23 0 1 0
E 545 5 -12 -37
T 546 10 0 6 0
E 546 0 9 29
E 546 1 9 29
E 546 2 9 29
E 546 3 9 29
E 546 4 9 29
E 546 5 -6 -19
T 547 27 0 6 0
E 547 0 -4 -13
E 547 1 -4 -13
E 547 2 -4 -13
E 547 3 -4 -13
E 547 4 -4 -13
E 547 5 -20 -61
T 548 14 0 6 0
E 548 0 10 31
E 548 1 10 31
E 548 2 10 31
E 548 3 10 31
E 548 4 10 31
E 548 5 -5 -17
T 549 27 0 6 0
E 549 0 -4 -13
E 549 1 -4 -13
E 549 2 -4 -13
E 549 3 -4 -13
E 549 4 -4 -13
E 549 5 -20 -61
T 550 17 0 6 0
E 550 0 11 33
E 550 1 11 33
E 550 2 11 33
E 550 3 11 33
E 550 4 11 33
E 550 5 -5 -15
T 551 33 0 6 0
E 551 0 -6 -19
E 551 1 -6 -19
E 551 2 -6 -19
E 551 3 -6 -19
E 551 4 -6 -19
E 551 5 -22 -67
T 552 17 0 6 0
E 552 0 11 33
E 552 1 11 33
E 552 2 11 33
E 552 3 11 33
E 552 4 11 33
E 552 5 -5 -15
T 553 31 0 6 0
E 553 0 -5 -15
E 553 1 -5 -15
E 553 2 -5 -15
E 553 3 -5 -15
E 553 4 -5 -15
E 553 5 -21 -63
T 554 14 0 6 0
E 554 0 10 30
E 554 1 10 30
E 554 2 10 30
E 554 3 10 30
E 554 4 10 30
E 554 5 -6 -18
T 555 29 0 6 0
E 555 0 -5 -17
E 555 1 -5 -17
E 555 2 -5 -17
E 555 3 -5 -17
E 555 4 -5 -17
E 555 5 -21 -65
T 556 17 0 6 0
E 556 0 11 34
E 556 1 11 34
E 556 2 11 34
E 556 3 11 34
E 556 4 11 34
E 556 5 -4 -14
T 557 31 0 6 0
E 557 0 -5 -15
E 557 1 -5 -15
E 557 2 -5 -15
E 557 3 -5 -15
E 557 4 -5 -15
E 557 5 -21 -63
T 558 13 0 6 0
E 558 0 10 32
E 558 1 10 32
E 558 2 10 32
E 558 3 10 32
E 558 4 10 32
E 558 5 -5 -16
T 559 8 0 1 0
E 559 5 -19 -59
T 560 22 0 1 0
E 560 5 -12 -38
T 561 1 0 6 0
E 561 0 6 20
E 561 1 6 20
E 561 2 6 20
E 561 3 6 20
E 561 4 6 20
E 561 5 -9 -28
T 562 20 0 1 0
E 562 5 -13 -41
T 563 5 0 6 0
E 563 0 7 22
E 563 1 7 22
E 563 2 7 22
E 563 3 7 22
E 563 4 7 22
E 563 5 -8 -26
T 564 17 0 1 0
E 564 5 -15 -46
T 565 5 0 6 0
E 565 0 7 22
E 565 1 7 22
E 565 2 7 22
E 565 3 7 22
E 565 4 7 22
E 565 5 -8 -26
T 566 14 0 1 0
E 566 5 -17 -51
T 567 24 0 1 0
E 567 5 -12 -36
T 568 5 0 6 0
E 568 0 7 21
E 568 1 7 21
E 568 2 7 21
E 568 3 7 21
E 568 4 7 21
E 568 5 -9 -27
T 569 14 0 1 0
E 569 5 -17 -51
T 570 22 0 1 0
E 570 5 -12 -38
T 571 11 0 6 0
E 571 0 9 28
E 571 1 9 28
E 571 2 9 28
E 571 3 9 28
E 571 4 9 28
E 571 5 -6 -20
T 572 10 0 1 0
E 572 5 -19 -57
T 573 5 0 6 0
E 573 0 4 14
E 573 1 4 14
E 573 2 4 14
E 573 3 4 14
E 573 4 4 14
E 573 5 -11 -34
T 574 22 0 1 0
E 574 5 -12 -38
T 575 8 0 6 0
E 575 0 8 25
E 575 1 8 25
E 575 2 8 25
E 575 3 8 25
E 575 4 8 25
E 575 5 -7 -23
T 576 15 0 1 0
E 576 5 -16 -49
T 577 22 0 1 0
E 577 5 -11 -34
T 578 9 0 6 0
E 578 0 8 25
E 578 1 8 25
E 578 2 8 25
E 578 3 8 25
E 578 4 8 25
E 578 5 -6 -18
T 579 10 0 1 0
E 579 5 -15 -45
T 580 15 0 1 0
E 580 5 -11 -33
T 581 6 0 6 0
E 581 0 6 19
E 581 1 6 19
E 581 2 6 19
E 581 3 6 19
E 581 4 6 19
E 581 5 -5 -16
T 582 6 0 1 0
E 582 5 -13 -39
T 583 14 0 1 0
E 583 5 -8 -24
T 584 15 0 1 0
E 584 5 -5 -17
T 585 12 0 0 0
T 586 12 0 1 0
E 586 5 -5 -15
T 587 12 0 0 0
T 588 9 0 0 0
T 589 10 0 0 0
T 590 10 0 0 0
T 591 4 0 0 0
T 592 7 0 0 0
T 593 8 0 0 0
T 594 12 0 0 0
T 595 5 0 0 0
T 596 2 0 0 0
T 597 1 0 0 0
T 598 1 0 0 0
T 599 3 0 1 0
E 599 5 4 13
T 600 5 0 1 0
E 600 5 4 14
T 601 9 0 0 0
T 602 11 0 1 0
E 602 5 4 13
T 603 12 0 1 0
E 603 5 4 14
T 604 12 0 5 0
E 604 0 -6 -18
E 604 1 -6 -18
E 604 2 -6 -18
E 604 3 -6 -18
E 604 4 -6 -18
T 605 24 0 6 0
E 605 0 5 15
E 605 1 5 15
E 605 2 5 15
E 605 3 5 15
E 605 4 5 15
E 605 5 14 43
T 606 18 0 5 0
E 606 0 -9 -27
E 606 1 -9 -27
E 606 2 -9 -27
E 606 3 -9 -27
E 606 4 -9 -27
T 607 26 0 6 0
E 607 0 6 20
E 607 1 6 20
E 607 2 6 20
E 607 3 6 20
E 607 4 6 20
E 607 5 16 50
T 608 15 0 5 0
E 608 0 -8 -25
E 608 1 -8 -25
E 608 2 -8 -25
E 608 3 -8 -25
E 608 4 -8 -25
T 609 4 0 1 0
E 609 5 13 39
T 610 16 0 1 0
E 610 5 6 20
T 611 11 0 5 0
E 611 0 -6 -19
E 611 1 -6 -19
E 611 2 -6 -19
E 611 3 -6 -19
E 611 4 -6 -19
T 612 21 0 6 0
E 612 0 4 13
E 612 1 4 13
E 612 2 4 13
E 612 3 4 13
E 612 4 4 13
E 612 5 14 43
T 613 16 0 5 0
E 613 0 -8 -24
E 613 1 -8 -24
E 613 2 -8 -24
E 613 3 -8 -24
E 613 4 -8 -24
T 614 21 0 6 0
E 614 0 4 13
E 614 1 4 13
E 614 2 4 13
E 614 3 4 13
E 614 4 4 13
E 614 5 14 43
T 615 14 0 5 0
E 615 0 -7 -21
E 615 1 -7 -21
E 615 2 -7 -21
E 615 3 -7 -21
E 615 4 -7 -21
T 616 4 0 1 0
E 616 5 12 38
T 617 15 0 1 0
E 617 5 7 22
T 618 18 0 1 0
E 618 5 6 18
T 619 10 0 5 0
E 619 0 -6 -20
E 619 1 -6 -20
E 619 2 -6 -20
E 619 3 -6 -20
E 619 4 -6 -20
T 620 4 0 1 0
E 620 5 13 39
T 621 15 0 1 0
E 621 5 7 22
T 622 4 0 6 0
E 622 0 -5 -17
E 622 1 -5 -17
E 622 2 -5 -17
E 622 3 -5 -17
E 622 4 -5 -17
E 622 5 4 13
T 623 4 0 1 0
E 623 5 13 39
T 624 10 0 1 0
E 624 5 10 30
T 625 4 0 6 0
E 625 0 -5 -17
E 625 1 -5 -17
E 625 2 -5 -17
E 625 3 -5 -17
E 625 4 -5 -17
E 625 5 4 13
T 626 10 0 1 0
E 626 5 10 31
T 627 14 0 1 0
E 627 5 8 25
T 628 4 0 6 0
E 628 0 -5 -16
E 628 1 -5 -16
E 628 2 -5 -16
E 628 3 -5 -16
E 628 4 -5 -16
E 628 5 5 16
T 629 8 0 1 0
E 629 5 12 37
T 630 14 0 1 0
E 630 5 9 28
T 631 7 0 6 0
E 631 0 -6 -18
E 631 1 -6 -18
E 631 2 -6 -18
E 631 3 -6 -18
E 631 4 -6 -18
E 631 5 5 16
T 632 10 0 1 0
E 632 5 11 35
T 633 19 0 1 0
E 633 5 7 23
T 634 18 0 5 0
E 634 0 -9 -27
E 634 1 -9 -27
E 634 2 -9 -27
E 634 3 -9 -27
E 634 4 -9 -27
T 635 33 0 6 0
E 635 0 7 21
E 635 1 7 21
E 635 2 7 21
E 635 3 7 21
E 635 4 7 21
E 635 5 19 57
T 636 23 0 5 0
E 636 0 -12 -37
E 636 1 -12 -37
E 636 2 -12 -37
E 636 3 -12 -37
E 636 4 -12 -37
T 637 29 0 6 0
E 637 0 6 20
E 637 1 6 20
E 637 2 6 20
E 637 3 6 20
E 637 4 6 20
E 637 5 19 57
T 638 22 0 5 0
E 638 0 -11 -33
E 638 1 -11 -33
E 638 2 -11 -33
E 638 3 -11 -33
E 638 4 -11 -33
T 639 29 0 6 0
E 639 0 6 20
E 639 1 6 20
E 639 2 6 20
E 639 3 6 20
E 639 4 6 20
E 639 5 19 59
T 640 20 0 5 0
E 640 0 -10 -30
E 640 1 -10 -30
E 640 2 -10 -30
E 640 3 -10 -30
E 640 4 -10 -30
T 641 33 0 6 0
E 641 0 7 22
E 641 1 7 22
E 641 2 7 22
E 641 3 7 22
E 641 4 7 22
E 641 5 20 62
T 642 25 0 5 0
E 642 0 -13 -40
E 642 1 -13 -40
E 642 2 -13 -40
E 642 3 -13 -40
E 642 4 -13 -40
T 643 31 0 6 0
E 643 0 6 19
E 643 1 6 19
E 643 2 6 19
E 643 3 6 19
E 643 4 6 19
E 643 5 20 60
T 644 23 0 5 0
E 644 0 -12 -37
E 644 1 -12 -37
E 644 2 -12 -37
E 644 3 -12 -37
E 644 4 -12 -37
T 645 40 0 6 0
E 645 0 9 28
E 645 1 9 28
E 645 2 9 28
E 645 3 9 28
E 645 4 9 28
E 645 5 23 70
T 646 22 0 5 0
E 646 0 -12 -38
E 646 1 -12 -38
E 646 2 -12 -38
E 646 3 -12 -38
E 646 4 -12 -38
T 647 31 0 6 0
E 647 0 6 19
E 647 1 6 19
E 647 2 6 19
E 647 3 6 19
E 647 4 6 19
E 647 5 20 62
T 648 18 0 5 0
E 648 0 -10 -32
E 648 1 -10 -32
E 648 2 -10 -32
E 648 3 -10 -32
E 648 4 -10 -32
T 649 31 0 6 0
E 649 0 6 20
E 649 1 6 20
E 649 2 6 20
E 649 3 6 20
E 649 4 6 20
E 649 5 21 65
T 650 21 0 5 0
E 650 0 -11 -34
E 650 1 -11 -34
E 650 2 -11 -34
E 650 3 -11 -34
E 650 4 -11 -34
T 651 36 0 6 0
E 651 0 7 21
E 651 1 7 21
E 651 2 7 21
E 651 3 7 21
E 651 4 7 21
E 651 5 22 67
T 652 24 0 5 0
E 652 0 -13 -41
E 652 1 -13 -41
E 652 2 -13 -41
E 652 3 -13 -41
E 652 4 -13 -41
T 653 36 0 6 0
E 653 0 7 22
E 653 1 7 22
E 653 2 7 22
E 653 3 7 22
E 653 4 7 22
E 653 5 23 69
T 654 17 0 6 0
E 654 0 -11 -33
E 654 1 -11 -33
E 654 2 -11 -33
E 654 3 -11 -33
E 654 4 -11 -33
E 654 5 5 15
T 655 33 0 6 0
E 655 0 6 19
E 655 1 6 19
E 655 2 6 19
E 655 3 6 19
E 655 4 6 19
E 655 5 22 67
T 656 25 0 5 0
E 656 0 -13 -40
E 656 1 -13 -40
E 656 2 -13 -40
E 656 3 -13 -40
E 656 4 -13 -40
T 657 43 0 6 0
E 657 0 9 27
E 657 1 9 27
E 657 2 9 27
E 657 3 9 27
E 657 4 9 27
E 657 5 25 75
T 658 34 0 5 0
E 658 0 -17 -51
E 658 1 -17 -51
E 658 2 -17 -51
E 658 3 -17 -51
E 658 4 -17 -51
T 659 38 0 6 0
E 659 0 8 26
E 659 1 8 26
E 659 2 8 26
E 659 3 8 26
E 659 4 8 26
E 659 5 24 74
T 660 23 0 5 0
E 660 0 -12 -37
E 660 1 -12 -37
E 660 2 -12 -37
E 660 3 -12 -37
E 660 4 -12 -37
T 661 35 0 6 0
E 661 0 7 23
E 661 1 7 23
E 661 2 7 23
E 661 3 7 23
E 661 4 7 23
E 661 5 23 71
T 662 13 0 6 0
E 662 0 -10 -32
E 662 1 -10 -32
E 662 2 -10 -32
E 662 3 -10 -32
E 662 4 -10 -32
E 662 5 5 16
T 663 12 0 1 0
E 663 5 18 54
T 664 2 0 6 0
E 664 0 -5 -17
E 664 1 -5 -17
E 664 2 -5 -17
E 664 3 -5 -17
E 664 4 -5 -17
E 664 5 10 31
T 665 18 0 1 0
E 665 5 14 44
T 666 2 0 6 0
E 666 0 -5 -17
E 666 1 -5 -17
E 666 2 -5 -17
E 666 3 -5 -17
E 666 4 -5 -17
E 666 5 10 31
T 667 18 0 1 0
E 667 5 15 45
T 668 1 0 6 0
E 668 0 -5 -16
E 668 1 -5 -16
E 668 2 -5 -16
E 668 3 -5 -16
E 668 4 -5 -16
E 668 5 10 32
T 669 20 0 1 0
E 669 5 13 41
T 670 5 0 6 0
E 670 0 -7 -22
E 670 1 -7 -22
E 670 2 -7 -22
E 670 3 -7 -22
E 670 4 -7 -22
E 670 5 8 26
T 671 11 0 1 0
E 671 5 18 55
T 672 20 0 1 0
E 672 5 13 41
T 673 8 0 6 0
E 673 0 -8 -25
E 673 1 -8 -25
E 673 2 -8 -25
E 673 3 -8 -25
E 673 4 -8 -25
E 673 5 7 23
T 674 10 0 1 0
E 674 5 19 57
T 675 20 0 1 0
E 675 5 14 42
T 676 8 0 6 0
E 676 0 -8 -25
E 676 1 -8 -25
E 676 2 -8 -25
E 676 3 -8 -25
E 676 4 -8 -25
E 676 5 7 23
T 677 12 0 1 0
E 677 5 18 54
T 678 2 0 6 0
E 678 0 -6 -18
E 678 1 -6 -18
E 678 2 -6 -18
E 678 3 -6 -18
E 678 4 -6 -18
E 678 5 10 30
T 679 16 0 1 0
E 679 5 15 47
T 680 5 0 6 0
E 680 0 -7 -22
E 680 1 -7 -22
E 680 2 -7 -22
E 680 3 -7 -22
E 680 4 -7 -22
E 680 5 8 26
T 681 12 0 1 0
E 681 5 18 54
T 682 1 0 6 0
E 682 0 -5 -16
E 682 1 -5 -16
E 682 2 -5 -16
E 682 3 -5 -16
E 682 4 -5 -16
E 682 5 10 32
T 683 19 0 1 0
E 683 5 14 43
T 684 5 0 6 0
E 684 0 -7 -21
E 684 1 -7 -21
E 684 2 -7 -21
E 684 3 -7 -21
E 684 4 -7 -21
E 684 5 9 27
T 685 16 0 1 0
E 685 5 16 48
T 686 2 0 6 0
E 686 0 -6 -18
E 686 1 -6 -18
E 686 2 -6 -18
E 686 3 -6 -18
E 686 4 -6 -18
E 686 5 10 30
T 687 13 0 1 0
E 687 5 17 52
T 688 5 0 6 0
E 688 0 -7 -21
E 688 1 -7 -21
E 688 2 -7 -21
E 688 3 -7 -21
E 688 4 -7 -21
E 688 5 9 27
T 689 17 0 1 0
E 689 5 15 46
T 690 8 0 6 0
E 690 0 -8 -24
E 690 1 -8 -24
E 690 2 -8 -24
E 690 3 -8 -24
E 690 4 -8 -24
E 690 5 8 24
T 691 8 0 1 0
E 691 5 20 60
T 692 23 0 1 0
E 692 5 12 37
T 693 11 0 6 0
E 693 0 -9 -28
E 693 1 -9 -28
E 693 2 -9 -28
E 693 3 -9 -28
E 693 4 -9 -28
E 693 5 6 20
T 694 10 0 1 0
E 694 5 18 56
T 695 21 0 1 0
E 695 5 13 40
T 696 2 0 6 0
E 696 0 -6 -18
E 696 1 -6 -18
E 696 2 -6 -18
E 696 3 -6 -18
E 696 4 -6 -18
E 696 5 10 30
T 697 18 0 1 0
E 697 5 15 45
T 698 5 0 6 0
E 698 0 -4 -14
E 698 1 -4 -14
E 698 2 -4 -14
E 698 3 -4 -14
E 698 4 -4 -14
E 698 5 11 34
T 699 22 0 1 0
E 699 5 12 38
T 700 7 0 6 0
E 700 0 -8 -26
E 700 1 -8 -26
E 700 2 -8 -26
E 700 3 -8 -26
E 700 4 -8 -26
E 700 5 7 22
T 701 16 0 1 0
E 701 5 15 47
T 702 1 0 6 0
E 702 0 -5 -16
E 702 1 -5 -16
E 702 2 -5 -16
E 702 3 -5 -16
E 702 4 -5 -16
E 702 5 10 32
T 703 14 0 1 0
E 703 5 16 50
T 704 22 0 1 0
E 704 5 12 38
T 705 2 0 6 0
E 705 0 -6 -18
E 705 1 -6 -18
E 705 2 -6 -18
E 705 3 -6 -18
E 705 4 -6 -18
E 705 5 10 30
T 706 20 0 1 0
E 706 5 14 42
T 707 7 0 6 0
E 707 0 -8 -26
E 707 1 -8 -26
E 707 2 -8 -26
E 707 3 -8 -26
E 707 4 -8 -26
E 707 5 7 22
T 708 12 0 1 0
E 708 5 18 54
T 709 21 0 1 0
E 709 5 13 40
T 710 2 0 6 0
E 710 0 -6 -19
E 710 1 -6 -19
E 710 2 -6 -19
E 710 3 -6 -19
E 710 4 -6 -19
E 710 5 9 29
T 711 18 0 1 0
E 711 5 14 44
T 712 4 0 6 0
E 712 0 -4 -13
E 712 1 -4 -13
E 712 2 -4 -13
E 712 3 -4 -13
E 712 4 -4 -13
E 712 5 11 35
T 713 16 0 1 0
E 713 5 16 48
T 714 4 0 6 0
E 714 0 -7 -23
E 714 1 -7 -23
E 714 2 -7 -23
E 714 3 -7 -23
E 714 4 -7 -23
E 714 5 8 25
T 715 10 0 1 0
E 715 5 19 57
T 716 20 0 1 0
E 716 5 13 41
T 717 1 0 6 0
E 717 0 -5 -16
E 717 1 -5 -16
E 717 2 -5 -16
E 717 3 -5 -16
E 717 4 -5 -16
E 717 5 10 32
T 718 16 0 1 0
E 718 5 16 48
T 719 4 0 6 0
E 719 0 -7 -23
E 719 1 -7 -23
E 719 2 -7 -23
E 719 3 -7 -23
E 719 4 -7 -23
E 719 5 8 25
T 720 50 0 6 0
E 720 0 17 52
E 720 1 17 52
E 720 2 17 52
E 720 3 17 52
E 720 4 17 52
E 720 5 17 52
T 721 45 0 6 0
E 721 0 -15 -46
E 721 1 -15 -46
E 721 2 -15 -46
E 721 3 -15 -46
E 721 4 -15 -46
E 721 5 -16 -49
T 722 45 0 6 0
E 722 0 16 49
E 722 1 16 49
E 722 2 16 49
E 722 3 16 49
E 722 4 16 49
E 722 5 14 43
T 723 40 0 6 0
E 723 0 -13 -41
E 723 1 -13 -41
E 723 2 -13 -41
E 723 3 -13 -41
E 723 4 -13 -41
E 723 5 -16 -50
T 724 36 0 6 0
E 724 0 14 44
E 724 1 14 44
E 724 2 14 44
E 724 3 14 44
E 724 4 14 44
E 724 5 10 31
T 725 41 0 6 0
E 725 0 -12 -36
E 725 1 -12 -36
E 725 2 -12 -36
E 725 3 -12 -36
E 725 4 -12 -36
E 725 5 -17 -52
T 726 35 0 6 0
E 726 0 14 42
E 726 1 14 42
E 726 2 14 42
E 726 3 14 42
E 726 4 14 42
E 726 5 7 23
T 727 43 0 6 0
E 727 0 -12 -36
E 727 1 -12 -36
E 727 2 -12 -36
E 727 3 -12 -36
E 727 4 -12 -36
E 727 5 -19 -58
T 728 35 0 6 0
E 728 0 15 47
E 728 1 15 47
E 728 2 15 47
E 728 3 15 47
E 728 4 15 47
E 728 5 7 22
T 729 42 0 6 0
E 729 0 -11 -34
E 729 1 -11 -34
E 729 2 -11 -34
E 729 3 -11 -34
E 729 4 -11 -34
E 729 5 -21 -63
T 730 26 0 5 0
E 730 0 13 39
E 730 1 13 39
E 730 2 13 39
E 730 3 13 39
E 730 4 13 39
T 731 37 0 6 0
E 731 0 -9 -29
E 731 1 -9 -29
E 731 2 -9 -29
E 731 3 -9 -29
E 731 4 -9 -29
E 731 5 -21 -64
T 732 26 0 5 0
E 732 0 13 39
E 732 1 13 39
E 732 2 13 39
E 732 3 13 39
E 732 4 13 39
T 733 43 0 6 0
E 733 0 -10 -30
E 733 1 -10 -30
E 733 2 -10 -30
E 733 3 -10 -30
E 733 4 -10 -30
E 733 5 -23 -71
T 734 26 0 5 0
E 734 0 14 44
E 734 1 14 44
E 734 2 14 44
E 734 3 14 44
E 734 4 14 44
T 735 32 0 6 0
E 735 0 -6 -20
E 735 1 -6 -20
E 735 2 -6 -20
E 735 3 -6 -20
E 735 4 -6 -20
E 735 5 -22 -68
T 736 10 0 6 0
E 736 0 9 28
E 736 1 9 28
E 736 2 9 28
E 736 3 9 28
E 736 4 9 28
E 736 5 -7 -23
T 737 11 0 1 0
E 737 5 -21 -64
T 738 5 0 6 0
E 738 0 5 17
E 738 1 5 17
E 738 2 5 17
E 738 3 5 17
E 738 4 5 17
E 738 5 -13 -40
T 739 26 0 1 0
E 739 5 -17 -52
T 740 2 0 6 0
E 740 0 8 25
E 740 1 8 25
E 740 2 8 25
E 740 3 8 25
E 740 4 8 25
E 740 5 -13 -39
T 741 21 0 1 0
E 741 5 -22 -68
T 742 2 0 6 0
E 742 0 7 21
E 742 1 7 21
E 742 2 7 21
E 742 3 7 21
E 742 4 7 21
E 742 5 -16 -49
T 743 28 0 1 0
E 743 5 -22 -67
T 744 2 0 6 0
E 744 0 8 25
E 744 1 8 25
E 744 2 8 25
E 744 3 8 25
E 744 4 8 25
E 744 5 -17 -52
T 745 30 0 1 0
E 745 5 -24 -74
T 746 5 0 6 0
E 746 0 8 26
E 746 1 8 26
E 746 2 8 26
E 746 3 8 26
E 746 4 8 26
E 746 5 -19 -57
T 747 32 0 1 0
E 747 5 -26 -80
T 748 6 0 6 0
E 748 0 12 37
E 748 1 12 37
E 748 2 12 37
E 748 3 12 37
E 748 4 12 37
E 748 5 -17 -52
T 749 27 0 1 0
E 749 5 -33 -99
T 750 4 0 6 0
E 750 0 7 23
E 750 1 7 23
E 750 2 7 23
E 750 3 7 23
E 750 4 7 23
E 750 5 -8 -25
T 751 10 0 1 0
E 751 5 -19 -57
T 752 20 0 1 0
E 752 5 -13 -41
T 753 8 0 6 0
E 753 0 8 24
E 753 1 8 24
E 753 2 8 24
E 753 3 8 24
E 753 4 8 24
E 753 5 -8 -24
T 754 12 0 1 0
E 754 5 -17 -53
T 755 5 0 6 0
E 755 0 4 14
E 755 1 4 14
E 755 2 4 14
E 755 3 4 14
E 755 4 4 14
E 755 5 -11 -34
T 756 24 0 1 0
E 756 5 -12 -36
T 757 10 0 6 0
E 757 0 9 29
E 757 1 9 29
E 757 2 9 29
E 757 3 9 29
E 757 4 9 29
E 757 5 -6 -19
T 758 10 0 1 0
E 758 5 -19 -57
T 759 22 0 1 0
E 759 5 -13 -39
T 760 5 0 6 0
E 760 0 7 22
E 760 1 7 22
E 760 2 7 22
E 760 3 7 22
E 760 4 7 22
E 760 5 -8 -26
T 761 9 0 1 0
E 761 5 -19 -58
T 762 2 0 6 0
E 762 0 5 17
E 762 1 5 17
E 762 2 5 17
E 762 3 5 17
E 762 4 5 17
E 762 5 -10 -31
T 763 20 0 1 0
E 763 5 -13 -41
T 764 8 0 6 0
E 764 0 8 24
E 764 1 8 24
E 764 2 8 24
E 764 3 8 24
E 764 4 8 24
E 764 5 -8 -24
T 765 9 0 1 0
E 765 5 -19 -58
T 766 22 0 1 0
E 766 5 -13 -39
T 767 14 0 6 0
E 767 0 10 30
E 767 1 10 30
E 767 2 10 30
E 767 3 10 30
E 767 4 10 30
E 767 5 -6 -18
T 768 29 0 6 0
E 768 0 -5 -17
E 768 1 -5 -17
E 768 2 -5 -17
E 768 3 -5 -17
E 768 4 -5 -17
E 768 5 -21 -65
T 769 14 0 6 0
E 769 0 10 30
E 769 1 10 30
E 769 2 10 30
E 769 3 10 30
E 769 4 10 30
E 769 5 -6 -18
T 770 8 0 1 0
E 770 5 -19 -59
T 771 20 0 1 0
E 771 5 -13 -41
T 772 5 0 6 0
E 772 0 7 22
E 772 1 7 22
E 772 2 7 22
E 772 3 7 22
E 772 4 7 22
E 772 5 -8 -26
T 773 12 0 1 0
E 773 5 -18 -54
T 774 2 0 6 0
E 774 0 5 17
E 774 1 5 17
E 774 2 5 17
E 774 3 5 17
E 774 4 5 17
E 774 5 -10 -31
T 775 22 0 1 0
E 775 5 -13 -39
T 776 8 0 6 0
E 776 0 8 25
E 776 1 8 25
E 776 2 8 25
E 776 3 8 25
E 776 4 8 25
E 776 5 -7 -23
T 777 8 0 1 0
E 777 5 -19 -59
T 778 22 0 1 0
E 778 5 -12 -38
T 779 1 0 6 0
E 779 0 6 20
E 779 1 6 20
E 779 2 6 20
E 779 3 6 20
E 779 4 6 20
E 779 5 -9 -28
T 780 18 0 1 0
E 780 5 -14 -44
T 781 2 0 6 0
E 781 0 5 17
E 781 1 5 17
E 781 2 5 17
E 781 3 5 17
E 781 4 5 17
E 781 5 -10 -31
T 782 18 0 1 0
E 782 5 -14 -44
T 783 2 0 6 0
E 783 0 6 19
E 783 1 6 19
E 783 2 6 19
E 783 3 6 19
E 783 4 6 19
E 783 5 -9 -29
T 784 14 0 1 0
E 784 5 -17 -51
T 785 22 0 1 0
E 785 5 -12 -38
T 786 11 0 6 0
E 786 0 9 28
E 786 1 9 28
E 786 2 9 28
E 786 3 9 28
E 786 4 9 28
E 786 5 -6 -20
T 787 11 0 1 0
E 787 5 -18 -55
T 788 22 0 1 0
E 788 5 -12 -38
T 789 5 0 6 0
E 789 0 7 22
E 789 1 7 22
E 789 2 7 22
E 789 3 7 22
E 789 4 7 22
E 789 5 -8 -26
T 790 10 0 1 0
E 790 5 -19 -57
T 791 21 0 1 0
E 791 5 -13 -40
T 792 2 0 6 0
E 792 0 5 17
E 792 1 5 17
E 792 2 5 17
E 792 3 5 17
E 792 4 5 17
E 792 5 -10 -31
T 793 21 0 1 0
E 793 5 -13 -40
T 794 5 0 6 0
E 794 0 7 21
E 794 1 7 21
E 794 2 7 21
E 794 3 7 21
E 794 4 7 21
E 794 5 -9 -27
T 795 17 0 1 0
E 795 5 -15 -46
T 796 5 0 6 0
E 796 0 4 14
E 796 1 4 14
E 796 2 4 14
E 796 3 4 14
E 796 4 4 14
E 796 5 -11 -34
T 797 20 0 1 0
E 797 5 -14 -42
T 798 8 0 6 0
E 798 0 8 25
E 798 1 8 25
E 798 2 8 25
E 798 3 8 25
E 798 4 8 25
E 798 5 -7 -23
T 799 12 0 1 0
E 799 5 -17 -53
T 800 2 0 6 0
E 800 0 6 18
E 800 1 6 18
E 800 2 6 18
E 800 3 6 18
E 800 4 6 18
E 800 5 -10 -30
T 801 12 0 1 0
E 801 5 -17 -53
T 802 1 0 6 0
E 802 0 5 16
E 802 1 5 16
E 802 2 5 16
E 802 3 5 16
E 802 4 5 16
E 802 5 -10 -32
T 803 14 0 1 0
E 803 5 -17 -51
T 804 5 0 6 0
E 804 0 7 22
E 804 1 7 22
E 804 2 7 22
E 804 3 7 22
E 804 4 7 22
E 804 5 -8 -26
T 805 12 0 1 0
E 805 5 -17 -53
T 806 1 0 6 0
E 806 0 5 16
E 806 1 5 16
E 806 2 5 16
E 806 3 5 16
E 806 4 5 16
E 806 5 -10 -32
T 807 15 0 1 0
E 807 5 -16 -49
T 808 5 0 6 0
E 808 0 7 22
E 808 1 7 22
E 808 2 7 22
E 808 3 7 22
E 808 4 7 22
E 808 5 -8 -26
T 809 12 0 1 0
E 809 5 -18 -54
T 810 24 0 1 0
E 810 5 -12 -36
T 811 11 0 6 0
E 811 0 9 27
E 811 1 9 27
E 811 2 9 27
E 811 3 9 27
E 811 4 9 27
E 811 5 -7 -21
T 812 11 0 1 0
E 812 5 -18 -55
T 813 2 0 6 0
E 813 0 5 17
E 813 1 5 17
E 813 2 5 17
E 813 3 5 17
E 813 4 5 17
E 813 5 -10 -31
T 814 22 0 1 0
E 814 5 -13 -39
T 815 5 0 6 0
E 815 0 7 21
E 815 1 7 21
E 815 2 7 21
E 815 3 7 21
E 815 4 7 21
E 815 5 -9 -27
T 816 16 0 1 0
E 816 5 -16 -48
T 817 2 0 6 0
E 817 0 6 20
E 817 1 6 20
E 817 2 6 20
E 817 3 6 20
E 817 4 6 20
E 817 5 -8 -25
T 818 13 0 1 0
E 818 5 -15 -45
T 819 1 0 6 0
E 819 0 5 16
E 819 1 5 16
E 819 2 5 16
E 819 3 5 16
E 819 4 5 16
E 819 5 -8 -24
T 820 10 0 1 0
E 820 5 -13 -40
T 821 14 0 1 0
E 821 5 -10 -31
T 822 18 0 1 0
E 822 5 -7 -21
T 823 12 0 5 0
E 823 0 7 23
E 823 1 7 23
E 823 2 7 23
E 823 3 7 23
E 823 4 7 23
T 824 2 0 1 0
E 824 5 -12 -37
T 825 12 0 1 0
E 825 5 -5 -17
T 826 8 0 5 0
E 826 0 5 17
E 826 1 5 17
E 826 2 5 17
E 826 3 5 17
E 826 4 5 17
T 827 1 0 1 0
E 827 5 -9 -27
T 828 8 0 1 0
E 828 5 -4 -13
T 829 11 0 0 0
T 830 12 0 0 0
T 831 9 0 5 0
E 831 0 5 16
E 831 1 5 16
E 831 2 5 16
E 831 3 5 16
E 831 4 5 16
T 832 6 0 0 0
T 833 12 0 6 0
E 833 0 -4 -13
E 833 1 -4 -13
E 833 2 -4 -13
E 833 3 -4 -13
E 833 4 -4 -13
E 833 5 -5 -17
T 834 7 0 0 0
T 835 8 0 0 0
T 836 5 0 1 0
E 836 5 4 13
T 837 2 0 0 0
T 838 1 0 0 0
T 839 6 0 0 0
T 840 3 0 0 0
T 841 8 0 1 0
E 841 5 4 13
T 842 7 0 5 0
E 842 0 -4 -13
E 842 1 -4 -13
E 842 2 -4 -13
E 842 3 -4 -13
E 842 4 -4 -13
T 843 5 0 1 0
E 843 5 8 25
T 844 13 0 1 0
E 844 5 6 18
T 845 2 0 6 0
E 845 0 -4 -14
E 845 1 -4 -14
E 845 2 -4 -14
E 845 3 -4 -14
E 845 4 -4 -14
E 845 5 4 14
T 846 13 0 1 0
E 846 5 8 25
T 847 5 0 6 0
E 847 0 -5 -16
E 847 1 -5 -16
E 847 2 -5 -16
E 847 3 -5 -16
E 847 4 -5 -16
E 847 5 4 14
T 848 4 0 1 0
E 848 5 13 39
T 849 16 0 1 0
E 849 5 6 20
T 850 11 0 5 0
E 850 0 -6 -19
E 850 1 -6 -19
E 850 2 -6 -19
E 850 3 -6 -19
E 850 4 -6 -19
T 851 7 0 1 0
E 851 5 11 34
T 852 12 0 1 0
E 852 5 8 26
T 853 5 0 6 0
E 853 0 -5 -15
E 853 1 -5 -15
E 853 2 -5 -15
E 853 3 -5 -15
E 853 4 -5 -15
E 853 5 5 15
T 854 7 0 1 0
E 854 5 11 34
T 855 1 0 6 0
E 855 0 -4 -14
E 855 1 -4 -14
E 855 2 -4 -14
E 855 3 -4 -14
E 855 4 -4 -14
E 855 5 5 16
T 856 10 0 1 0
E 856 5 9 29
T 857 2 0 6 0
E 857 0 -4 -13
E 857 1 -4 -13
E 857 2 -4 -13
E 857 3 -4 -13
E 857 4 -4 -13
E 857 5 5 17
T 858 12 0 1 0
E 858 5 8 26
T 859 16 0 1 0
E 859 5 7 21
T 860 5 0 6 0
E 860 0 -5 -15
E 860 1 -5 -15
E 860 2 -5 -15
E 860 3 -5 -15
E 860 4 -5 -15
E 860 5 5 15
T 861 5 0 1 0
E 861 5 12 37
T 862 11 0 1 0
E 862 5 9 28
T 863 2 0 6 0
E 863 0 -4 -13
E 863 1 -4 -13
E 863 2 -4 -13
E 863 3 -4 -13
E 863 4 -4 -13
E 863 5 5 17
T 864 12 0 1 0
E 864 5 9 27
T 865 5 0 6 0
E 865 0 -5 -16
E 865 1 -5 -16
E 865 2 -5 -16
E 865 3 -5 -16
E 865 4 -5 -16
E 865 5 4 14
T 866 9 0 1 0
E 866 5 10 32
T 867 1 0 6 0
E 867 0 -4 -14
E 867 1 -4 -14
E 867 2 -4 -14
E 867 3 -4 -14
E 867 4 -4 -14
E 867 5 5 17
T 868 8 0 1 0
E 868 5 11 35
T 869 13 0 1 0
E 869 5 9 29
T 870 4 0 6 0
E 870 0 -5 -16
E 870 1 -5 -16
E 870 2 -5 -16
E 870 3 -5 -16
E 870 4 -5 -16
E 870 5 5 17
T 871 10 0 1 0
E 871 5 11 35
T 872 19 0 1 0
E 872 5 7 22
T 873 14 0 5 0
E 873 0 -8 -26
E 873 1 -8 -26
E 873 2 -8 -26
E 873 3 -8 -26
E 873 4 -8 -26
T 874 23 0 6 0
E 874 0 4 13
E 874 1 4 13
E 874 2 4 13
E 874 3 4 13
E 874 4 4 13
E 874 5 16 49
T 875 15 0 5 0
E 875 0 -8 -25
E 875 1 -8 -25
E 875 2 -8 -25
E 875 3 -8 -25
E 875 4 -8 -25
T 876 30 0 6 0
E 876 0 6 18
E 876 1 6 18
E 876 2 6 18
E 876 3 6 18
E 876 4 6 18
E 876 5 18 55
T 877 18 0 5 0
E 877 0 -10 -32
E 877 1 -10 -32
E 877 2 -10 -32
E 877 3 -10 -32
E 877 4 -10 -32
T 878 30 0 6 0
E 878 0 6 18
E 878 1 6 18
E 878 2 6 18
E 878 3 6 18
E 878 4 6 18
E 878 5 18 56
T 879 18 0 5 0
E 879 0 -10 -32
E 879 1 -10 -32
E 879 2 -10 -32
E 879 3 -10 -32
E 879 4 -10 -32
T 880 23 0 6 0
E 880 0 4 14
E 880 1 4 14
E 880 2 4 14
E 880 3 4 14
E 880 4 4 14
E 880 5 17 53
T 881 10 0 6 0
E 881 0 -8 -25
E 881 1 -8 -25
E 881 2 -8 -25
E 881 3 -8 -25
E 881 4 -8 -25
E 881 5 5 15
T 882 10 0 1 0
E 882 5 14 44
T 883 0 0 6 0
E 883 0 -5 -17
E 883 1 -5 -17
E 883 2 -5 -17
E 883 3 -5 -17
E 883 4 -5 -17
E 883 5 8 24
T 884 18 0 1 0
E 884 5 11 35
T 885 4 0 6 0
E 885 0 -6 -18
E 885 1 -6 -18
E 885 2 -6 -18
E 885 3 -6 -18
E 885 4 -6 -18
E 885 5 8 24
T 886 15 0 1 0
E 886 5 13 41
T 887 21 0 1 0
E 887 5 10 32
T 888 2 0 6 0
E 888 0 -6 -20
E 888 1 -6 -20
E 888 2 -6 -20
E 888 3 -6 -20
E 888 4 -6 -20
E 888 5 8 24
T 889 17 0 1 0
E 889 5 14 42
T 890 5 0 6 0
E 890 0 -7 -23
E 890 1 -7 -23
E 890 2 -7 -23
E 890 3 -7 -23
E 890 4 -7 -23
E 890 5 7 22
T 891 12 0 1 0
E 891 5 16 50
T 892 3 0 6 0
E 892 0 -6 -18
E 892 1 -6 -18
E 892 2 -6 -18
E 892 3 -6 -18
E 892 4 -6 -18
E 892 5 9 28
T 893 17 0 1 0
E 893 5 15 45
T 894 8 0 6 0
E 894 0 -8 -24
E 894 1 -8 -24
E 894 2 -8 -24
E 894 3 -8 -24
E 894 4 -8 -24
E 894 5 8 24
T 895 10 0 1 0
E 895 5 18 56
T 896 1 0 6 0
E 896 0 -5 -16
E 896 1 -5 -16
E 896 2 -5 -16
E 896 3 -5 -16
E 896 4 -5 -16
E 896 5 10 32
T 897 16 0 1 0
E 897 5 16 48
T 898 1 0 6 0
E 898 0 -5 -16
E 898 1 -5 -16
E 898 2 -5 -16
E 898 3 -5 -16
E 898 4 -5 -16
E 898 5 10 32
T 899 16 0 1 0
E 899 5 16 48
T 900 5 0 6 0
E 900 0 -7 -22
E 900 1 -7 -22
E 900 2 -7 -22
E 900 3 -7 -22
E 900 4 -7 -22
E 900 5 8 26
T 901 17 0 1 0
E 901 5 15 46
T 902 5 0 6 0
E 902 0 -7 -22
E 902 1 -7 -22
E 902 2 -7 -22
E 902 3 -7 -22
E 902 4 -7 -22
E 902 5 8 26
T 903 10 0 1 0
E 903 5 18 56
T 904 20 0 1 0
E 904 5 14 42
T 905 1 0 6 0
E 905 0 -6 -20
E 905 1 -6 -20
E 905 2 -6 -20
E 905 3 -6 -20
E 905 4 -6 -20
E 905 5 9 28
T 906 19 0 1 0
E 906 5 14 43
T 907 1 0 6 0
E 907 0 -5 -15
E 907 1 -5 -15
E 907 2 -5 -15
E 907 3 -5 -15
E 907 4 -5 -15
E 907 5 11 33
T 908 17 0 1 0
E 908 5 15 46
T 909 1 0 6 0
E 909 0 -6 -20
E 909 1 -6 -20
E 909 2 -6 -20
E 909 3 -6 -20
E 909 4 -6 -20
E 909 5 9 28
T 910 14 0 1 0
E 910 5 17 51
T 911 5 0 6 0
E 911 0 -7 -22
E 911 1 -7 -22
E 911 2 -7 -22
E 911 3 -7 -22
E 911 4 -7 -22
E 911 5 8 26
T 912 13 0 1 0
E 912 5 17 52
T 913 4 0 6 0
E 913 0 -4 -13
E 913 1 -4 -13
E 913 2 -4 -13
E 913 3 -4 -13
E 913 4 -4 -13
E 913 5 11 35
T 914 24 0 1 0
E 914 5 12 36
T 915 8 0 6 0
E 915 0 -8 -24
E 915 1 -8 -24
E 915 2 -8 -24
E 915 3 -8 -24
E 915 4 -8 -24
E 915 5 8 24
T 916 12 0 1 0
E 916 5 18 54
T 917 23 0 1 0
E 917 5 12 37
T 918 7 0 6 0
E 918 0 -8 -26
E 918 1 -8 -26
E 918 2 -8 -26
E 918 3 -8 -26
E 918 4 -8 -26
E 918 5 7 22
T 919 11 0 1 0
E 919 5 18 55
T 920 24 0 1 0
E 920 5 12 36
T 921 8 0 6 0
E 921 0 -8 -25
E 921 1 -8 -25
E 921 2 -8 -25
E 921 3 -8 -25
E 921 4 -8 -25
E 921 5 7 23
T 922 8 0 1 0
E 922 5 20 60
T 923 18 0 1 0
E 923 5 14 44
T 924 2 0 6 0
E 924 0 -5 -17
E 924 1 -5 -17
E 924 2 -5 -17
E 924 3 -5 -17
E 924 4 -5 -17
E 924 5 10 31
T 925 14 0 1 0
E 925 5 16 50
T 926 5 0 6 0
E 926 0 -7 -22
E 926 1 -7 -22
E 926 2 -7 -22
E 926 3 -7 -22
E 926 4 -7 -22
E 926 5 8 26
T 927 10 0 1 0
E 927 5 19 57
T 928 2 0 6 0
E 928 0 -5 -17
E 928 1 -5 -17
E 928 2 -5 -17
E 928 3 -5 -17
E 928 4 -5 -17
E 928 5 10 31
T 929 18 0 1 0
E 929 5 15 45
T 930 8 0 6 0
E 930 0 -8 -25
E 930 1 -8 -25
E 930 2 -8 -25
E 930 3 -8 -25
E 930 4 -8 -25
E 930 5 7 23
T 931 14 0 1 0
E 931 5 16 50
T 932 2 0 6 0
E 932 0 -5 -17
E 932 1 -5 -17
E 932 2 -5 -17
E 932 3 -5 -17
E 932 4 -5 -17
E 932 5 10 31
T 933 22 0 1 0
E 933 5 13 39
T 934 10 0 6 0
E 934 0 -9 -29
E 934 1 -9 -29
E 934 2 -9 -29
E 934 3 -9 -29
E 934 4 -9 -29
E 934 5 6 19
T 935 13 0 1 0
E 935 5 17 52
T 936 2 0 6 0
E 936 0 -6 -19
E 936 1 -6 -19
E 936 2 -6 -19
E 936 3 -6 -19
E 936 4 -6 -19
E 936 5 9 29
T 937 17 0 1 0
E 937 5 15 46
T 938 1 0 6 0
E 938 0 -5 -15
E 938 1 -5 -15
E 938 2 -5 -15
E 938 3 -5 -15
E 938 4 -5 -15
E 938 5 11 33
T 939 22 0 1 0
E 939 5 13 39
T 940 2 0 6 0
E 940 0 -6 -18
E 940 1 -6 -18
E 940 2 -6 -18
E 940 3 -6 -18
E 940 4 -6 -18
E 940 5 10 30
T 941 12 0 1 0
E 941 5 18 54
T 942 22 0 1 0
E 942 5 12 38
T 943 4 0 6 0
E 943 0 -7 -23
E 943 1 -7 -23
E 943 2 -7 -23
E 943 3 -7 -23
E 943 4 -7 -23
E 943 5 8 25
T 944 18 0 1 0
E 944 5 14 44
T 945 2 0 6 0
E 945 0 -6 -18
E 945 1 -6 -18
E 945 2 -6 -18
E 945 3 -6 -18
E 945 4 -6 -18
E 945 5 10 30
T 946 13 0 1 0
E 946 5 17 52
T 947 1 0 6 0
E 947 0 -6 -20
E 947 1 -6 -20
E 947 2 -6 -20
E 947 3 -6 -20
E 947 4 -6 -20
E 947 5 9 28
T 948 14 0 1 0
E 948 5 17 51
T 949 1 0 6 0
E 949 0 -6 -20
E 949 1 -6 -20
E 949 2 -6 -20
E 949 3 -6 -20
E 949 4 -6 -20
E 949 5 9 28
T 950 17 0 1 0
E 950 5 15 46
T 951 5 0 6 0
E 951 0 -4 -14
E 951 1 -4 -14
E 951 2 -4 -14
E 951 3 -4 -14
E 951 4 -4 -14
E 951 5 11 34
T 952 18 0 1 0
E 952 5 15 45
T 953 2 0 6 0
E 953 0 -5 -17
E 953 1 -5 -17
E 953 2 -5 -17
E 953 3 -5 -17
E 953 4 -5 -17
E 953 5 10 31
T 954 20 0 1 0
E 954 5 14 42
T 955 7 0 6 0
E 955 0 -8 -26
E 955 1 -8 -26
E 955 2 -8 -26
E 955 3 -8 -26
E 955 4 -8 -26
E 955 5 7 22
T 956 10 0 1 0
E 956 5 18 56
T 957 21 0 1 0
E 957 5 13 40
T 958 2 0 6 0
E 958 0 -6 -18
E 958 1 -6 -18
E 958 2 -6 -18
E 958 3 -6 -18
E 958 4 -6 -18
E 958 5 10 30
T 959 18 0 1 0
E 959 5 14 44
T 960 26 0 6 0
E 960 0 9 28
E 960 1 9 28
E 960 2 9 28
E 960 3 9 28
E 960 4 9 28
E 960 5 9 28
T 961 21 0 6 0
E 961 0 -7 -22
E 961 1 -7 -22
E 961 2 -7 -22
E 961 3 -7 -22
E 961 4 -7 -22
E 961 5 -8 -25
T 962 21 0 6 0
E 962 0 8 25
E 962 1 8 25
E 962 2 8 25
E 962 3 8 25
E 962 4 8 25
E 962 5 6 19
T 963 18 0 6 0
E 963 0 -5 -15
E 963 1 -5 -15
E 963 2 -5 -15
E 963 3 -5 -15
E 963 4 -5 -15
E 963 5 -8 -24
T 964 12 0 5 0
E 964 0 7 23
E 964 1 7 23
E 964 2 7 23
E 964 3 7 23
E 964 4 7 23
T 965 3 0 1 0
E 965 5 -9 -28
T 966 5 0 1 0
E 966 5 -7 -21
T 967 10 0 1 0
E 967 5 -6 -18
T 968 12 0 1 0
E 968 5 -6 -19
T 969 8 0 5 0
E 969 0 5 17
E 969 1 5 17
E 969 2 5 17
E 969 3 5 17
E 969 4 5 17
T 970 10 0 1 0
E 970 5 -11 -33
T 971 4 0 6 0
E 971 0 5 15
E 971 1 5 15
E 971 2 5 15
E 971 3 5 15
E 971 4 5 15
E 971 5 -6 -20
T 972 14 0 1 0
E 972 5 -11 -35
T 973 3 0 6 0
E 973 0 6 20
E 973 1 6 20
E 973 2 6 20
E 973 3 6 20
E 973 4 6 20
E 973 5 -7 -21
T 974 13 0 1 0
E 974 5 -15 -47
T 975 2 0 6 0
E 975 0 6 18
E 975 1 6 18
E 975 2 6 18
E 975 3 6 18
E 975 4 6 18
E 975 5 -10 -30
T 976 20 0 1 0
E 976 5 -15 -46
T 977 4 0 6 0
E 977 0 5 17
E 977 1 5 17
E 977 2 5 17
E 977 3 5 17
E 977 4 5 17
E 977 5 -12 -37
T 978 18 0 1 0
E 978 5 -19 -58
T 979 2 0 6 0
E 979 0 6 18
E 979 1 6 18
E 979 2 6 18
E 979 3 6 18
E 979 4 6 18
E 979 5 -14 -43
T 980 22 0 1 0
E 980 5 -20 -62
T 981 5 0 6 0
E 981 0 9 27
E 981 1 9 27
E 981 2 9 27
E 981 3 9 27
E 981 4 9 27
E 981 5 -13 -40
T 982 20 0 1 0
E 982 5 -24 -74
T 983 0 0 6 0
E 983 0 8 24
E 983 1 8 24
E 983 2 8 24
E 983 3 8 24
E 983 4 8 24
E 983 5 -16 -49
T 984 29 0 1 0
E 984 5 -23 -71
T 985 4 0 6 0
E 985 0 8 26
E 985 1 8 26
E 985 2 8 26
E 985 3 8 26
E 985 4 8 26
E 985 5 -18 -54
T 986 28 0 1 0
E 986 5 -27 -82
T 987 1 0 6 0
E 987 0 9 27
E 987 1 9 27
E 987 2 9 27
E 987 3 9 27
E 987 4 9 27
E 987 5 -19 -59
T 988 29 0 1 0
E 988 5 -29 -89
T 989 1 0 6 0
E 989 0 10 31
E 989 1 10 31
E 989 2 10 31
E 989 3 10 31
E 989 4 10 31
E 989 5 -20 -62
T 990 18 0 1 0
E 990 5 -14 -44
T 991 8 0 6 0
E 991 0 8 24
E 991 1 8 24
E 991 2 8 24
E 991 3 8 24
E 991 4 8 24
E 991 5 -8 -24
T 992 14 0 1 0
E 992 5 -16 -50
T 993 2 0 6 0
E 993 0 6 18
E 993 1 6 18
E 993 2 6 18
E 993 3 6 18
E 993 4 6 18
E 993 5 -10 -30
T 994 12 0 1 0
E 994 5 -18 -54
T 995 22 0 1 0
E 995 5 -12 -38
T 996 2 0 6 0
E 996 0 5 17
E 996 1 5 17
E 996 2 5 17
E 996 3 5 17
E 996 4 5 17
E 996 5 -10 -31
T 997 17 0 1 0
E 997 5 -15 -46
T 998 5 0 6 0
E 998 0 4 14
E 998 1 4 14
E 998 2 4 14
E 998 3 4 14
E 998 4 4 14
E 998 5 -11 -34
T 999 18 0 1 0
E 999 5 -15 -45
T 1000 1 0 6 0
E 1000 0 5 16
E 1000 1 5 16
E 1000 2 5 16
E 1000 3 5 16
E 1000 4 5 16
E 1000 5 -10 -32
T 1001 16 0 1 0
E 1001 5 -15 -47
T 1002 5 0 6 0
E 1002 0 7 22
E 1002 1 7 22
E 1002 2 7 22
E 1002 3 7 22
E 1002 4 7 22
E 1002 5 -8 -26
T 1003 16 0 1 0
E 1003 5 -15 -47
T 1004 2 0 6 0
E 1004 0 6 18
E 1004 1 6 18
E 1004 2 6 18
E 1004 3 6 18
E 1004 4 6 18
E 1004 5 -10 -30
T 1005 18 0 1 0
E 1005 5 -15 -45
T 1006 8 0 6 0
E 1006 0 8 24
E 1006 1 8 24
E 1006 2 8 24
E 1006 3 8 24
E 1006 4 8 24
E 1006 5 -8 -24
T 1007 11 0 1 0
E 1007 5 -18 -55
T 1008 22 0 1 0
E 1008 5 -13 -39
T 1009 2 0 6 0
E 1009 0 6 18
E 1009 1 6 18
E 1009 2 6 18
E 1009 3 6 18
E 1009 4 6 18
E 1009 5 -10 -30
T 1010 12 0 1 0
E 1010 5 -18 -54
T 1011 21 0 1 0
E 1011 5 -13 -40
T 1012 5 0 6 0
E 1012 0 7 21
E 1012 1 7 21
E 1012 2 7 21
E 1012 3 7 21
E 1012 4 7 21
E 1012 5 -9 -27
T 1013 16 0 1 0
E 1013 5 -16 -48
T 1014 4 0 6 0
E 1014 0 7 23
E 1014 1 7 23
E 1014 2 7 23
E 1014 3 7 23
E 1014 4 7 23
E 1014 5 -8 -25
T 1015 10 0 1 0
E 1015 5 -18 -56
T 1016 24 0 1 0
E 1016 5 -12 -36
T 1017 13 0 6 0
E 1017 0 10 32
E 1017 1 10 32
E 1017 2 10 32
E 1017 3 10 32
E 1017 4 10 32
E 1017 5 -5 -16
T 1018 10 0 1 0
E 1018 5 -18 -56
T 1019 1 0 6 0
E 1019 0 5 15
E 1019 1 5 15
E 1019 2 5 15
E 1019 3 5 15
E 1019 4 5 15
E 1019 5 -11 -33
T 1020 15 0 1 0
E 1020 5 -16 -49
T 1021 1 0 6 0
E 1021 0 5 15
E 1021 1 5 15
E 1021 2 5 15
E 1021 3 5 15
E 1021 4 5 15
E 1021 5 -11 -33
T 1022 18 0 1 0
E 1022 5 -15 -45
T 1023 4 0 6 0
E 1023 0 7 23
E 1023 1 7 23
E 1023 2 7 23
E 1023 3 7 23
E 1023 4 7 23
E 1023 5 -8 -25
T 1024 16 0 1 0
E 1024 5 -15 -47
T 1025 2 0 6 0
E 1025 0 6 18
E 1025 1 6 18
E 1025 2 6 18
E 1025 3 6 18
E 1025 4 6 18
E 1025 5 -10 -30
T 1026 19 0 1 0
E 1026 5 -14 -43
T 1027 2 0 6 0
E 1027 0 6 18
E 1027 1 6 18
E 1027 2 6 18
E 1027 3 6 18
E 1027 4 6 18
E 1027 5 -10 -30
T 1028 17 0 1 0
E 1028 5 -15 -46
T 1029 4 0 6 0
E 1029 0 4 13
E 1029 1 4 13
E 1029 2 4 13
E 1029 3 4 13
E 1029 4 4 13
E 1029 5 -11 -35
T 1030 16 0 1 0
E 1030 5 -16 -48
T 1031 5 0 6 0
E 1031 0 7 22
E 1031 1 7 22
E 1031 2 7 22
E 1031 3 7 22
E 1031 4 7 22
E 1031 5 -8 -26
T 1032 16 0 1 0
E 1032 5 -15 -47
T 1033 5 0 6 0
E 1033 0 4 14
E 1033 1 4 14
E 1033 2 4 14
E 1033 3 4 14
E 1033 4 4 14
E 1033 5 -11 -34
T 1034 20 0 1 0
E 1034 5 -13 -41
T 1035 11 0 6 0
E 1035 0 9 27
E 1035 1 9 27
E 1035 2 9 27
E 1035 3 9 27
E 1035 4 9 27
E 1035 5 -7 -21
T 1036 10 0 1 0
E 1036 5 -18 -56
T 1037 22 0 1 0
E 1037 5 -13 -39
T 1038 4 0 6 0
E 1038 0 7 23
E 1038 1 7 23
E 1038 2 7 23
E 1038 3 7 23
E 1038 4 7 23
E 1038 5 -8 -25
T 1039 18 0 1 0
E 1039 5 -14 -44
T 1040 5 0 6 0
E 1040 0 4 14
E 1040 1 4 14
E 1040 2 4 14
E 1040 3 4 14
E 1040 4 4 14
E 1040 5 -11 -34
T 1041 23 0 1 0
E 1041 5 -12 -37
T 1042 5 0 6 0
E 1042 0 7 21
E 1042 1 7 21
E 1042 2 7 21
E 1042 3 7 21
E 1042 4 7 21
E 1042 5 -9 -27
T 1043 9 0 1 0
E 1043 5 -19 -58
T 1044 4 0 6 0
E 1044 0 4 13
E 1044 1 4 13
E 1044 2 4 13
E 1044 3 4 13
E 1044 4 4 13
E 1044 5 -11 -35
T 1045 22 0 1 0
E 1045 5 -13 -39
T 1046 8 0 6 0
E 1046 0 8 25
E 1046 1 8 25
E 1046 2 8 25
E 1046 3 8 25
E 1046 4 8 25
E 1046 5 -7 -23
T 1047 16 0 1 0
E 1047 5 -16 -48
T 1048 5 0 6 0
E 1048 0 7 21
E 1048 1 7 21
E 1048 2 7 21
E 1048 3 7 21
E 1048 4 7 21
E 1048 5 -9 -27
T 1049 13 0 1 0
E 1049 5 -17 -52
T 1050 2 0 6 0
E 1050 0 5 17
E 1050 1 5 17
E 1050 2 5 17
E 1050 3 5 17
E 1050 4 5 17
E 1050 5 -10 -31
T 1051 20 0 1 0
E 1051 5 -14 -42
T 1052 2 0 6 0
E 1052 0 6 18
E 1052 1 6 18
E 1052 2 6 18
E 1052 3 6 18
E 1052 4 6 18
E 1052 5 -10 -30
T 1053 12 0 1 0
E 1053 5 -18 -54
T 1054 21 0 1 0
E 1054 5 -13 -40
T 1055 11 0 6 0
E 1055 0 9 27
E 1055 1 9 27
E 1055 2 9 27
E 1055 3 9 27
E 1055 4 9 27
E 1055 5 -7 -21
T 1056 10 0 1 0
E 1056 5 -19 -57
T 1057 21 0 1 0
E 1057 5 -11 -35
T 1058 3 0 6 0
E 1058 0 6 19
E 1058 1 6 19
E 1058 2 6 19
E 1058 3 6 19
E 1058 4 6 19
E 1058 5 -8 -24
T 1059 9 0 1 0
E 1059 5 -15 -46
T 1060 15 0 1 0
E 1060 5 -10 -32
T 1061 2 0 6 0
E 1061 0 5 17
E 1061 1 5 17
E 1061 2 5 17
E 1061 3 5 17
E 1061 4 5 17
E 1061 5 -6 -18
T 1062 7 0 1 0
E 1062 5 -12 -37
T 1063 11 0 1 0
E 1063 5 -9 -28
T 1064 9 0 5 0
E 1064 0 5 16
E 1064 1 5 16
E 1064 2 5 16
E 1064 3 5 16
E 1064 4 5 16
T 1065 4 0 1 0
E 1065 5 -10 -30
T 1066 7 0 1 0
E 1066 5 -7 -22
T 1067 12 0 0 0
T 1068 8 0 5 0
E 1068 0 5 17
E 1068 1 5 17
E 1068 2 5 17
E 1068 3 5 17
E 1068 4 5 17
T 1069 4 0 1 0
E 1069 5 -8 -26
T 1070 1 0 0 0
T 1071 1 0 0 0
T 1072 0 0 0 0
T 1073 5 0 0 0
T 1074 9 0 0 0
T 1075 12 0 0 0
T 1076 10 0 5 0
E 1076 0 -5 -15
E 1076 1 -5 -15
E 1076 2 -5 -15
E 1076 3 -5 -15
E 1076 4 -5 -15
T 1077 5 0 1 0
E 1077 5 6 18
T 1078 1 0 0 0
T 1079 2 0 0 0
T 1080 7 0 0 0
T 1081 7 0 0 0
T 1082 11 0 1 0
E 1082 5 4 13
T 1083 12 0 1 0
E 1083 5 5 15
T 1084 15 0 1 0
E 1084 5 4 14
T 1085 12 0 5 0
E 1085 0 -6 -18
E 1085 1 -6 -18
E 1085 2 -6 -18
E 1085 3 -6 -18
E 1085 4 -6 -18
T 1086 6 0 1 0
E 1086 5 11 35
T 1087 12 0 1 0
E 1087 5 8 26
T 1088 4 0 6 0
E 1088 0 -5 -17
E 1088 1 -5 -17
E 1088 2 -5 -17
E 1088 3 -5 -17
E 1088 4 -5 -17
E 1088 5 4 13
T 1089 11 0 1 0
E 1089 5 9 28
T 1090 14 0 1 0
E 1090 5 8 24
T 1091 11 0 5 0
E 1091 0 -6 -19
E 1091 1 -6 -19
E 1091 2 -6 -19
E 1091 3 -6 -19
E 1091 4 -6 -19
T 1092 20 0 6 0
E 1092 0 4 14
E 1092 1 4 14
E 1092 2 4 14
E 1092 3 4 14
E 1092 4 4 14
E 1092 5 14 44
T 1093 10 0 5 0
E 1093 0 -6 -20
E 1093 1 -6 -20
E 1093 2 -6 -20
E 1093 3 -6 -20
E 1093 4 -6 -20
T 1094 8 0 1 0
E 1094 5 11 33
T 1095 15 0 1 0
E 1095 5 7 22
T 1096 13 0 5 0
E 1096 0 -7 -22
E 1096 1 -7 -22
E 1096 2 -7 -22
E 1096 3 -7 -22
E 1096 4 -7 -22
T 1097 25 0 6 0
E 1097 0 5 15
E 1097 1 5 15
E 1097 2 5 15
E 1097 3 5 15
E 1097 4 5 15
E 1097 5 15 45
T 1098 14 0 5 0
E 1098 0 -8 -26
E 1098 1 -8 -26
E 1098 2 -8 -26
E 1098 3 -8 -26
E 1098 4 -8 -26
T 1099 28 0 6 0
E 1099 0 6 18
E 1099 1 6 18
E 1099 2 6 18
E 1099 3 6 18
E 1099 4 6 18
E 1099 5 16 48
T 1100 14 0 5 0
E 1100 0 -8 -26
E 1100 1 -8 -26
E 1100 2 -8 -26
E 1100 3 -8 -26
E 1100 4 -8 -26
T 1101 28 0 6 0
E 1101 0 6 18
E 1101 1 6 18
E 1101 2 6 18
E 1101 3 6 18
E 1101 4 6 18
E 1101 5 16 48
T 1102 15 0 5 0
E 1102 0 -8 -25
E 1102 1 -8 -25
E 1102 2 -8 -25
E 1102 3 -8 -25
E 1102 4 -8 -25
T 1103 4 0 1 0
E 1103 5 12 38
T 1104 11 0 1 0
E 1104 5 9 28
T 1105 17 0 1 0
E 1105 5 6 19
T 1106 10 0 5 0
E 1106 0 -6 -20
E 1106 1 -6 -20
E 1106 2 -6 -20
E 1106 3 -6 -20
E 1106 4 -6 -20
T 1107 21 0 6 0
E 1107 0 4 14
E 1107 1 4 14
E 1107 2 4 14
E 1107 3 4 14
E 1107 4 4 14
E 1107 5 15 45
T 1108 14 0 5 0
E 1108 0 -7 -21
E 1108 1 -7 -21
E 1108 2 -7 -21
E 1108 3 -7 -21
E 1108 4 -7 -21
T 1109 21 0 6 0
E 1109 0 4 14
E 1109 1 4 14
E 1109 2 4 14
E 1109 3 4 14
E 1109 4 4 14
E 1109 5 15 47
T 1110 14 0 5 0
E 1110 0 -7 -21
E 1110 1 -7 -21
E 1110 2 -7 -21
E 1110 3 -7 -21
E 1110 4 -7 -21
T 1111 3 0 1 0
E 1111 5 15 46
T 1112 16 0 1 0
E 1112 5 8 26
T 1113 7 0 6 0
E 1113 0 -6 -18
E 1113 1 -6 -18
E 1113 2 -6 -18
E 1113 3 -6 -18
E 1113 4 -6 -18
E 1113 5 5 17
T 1114 6 0 1 0
E 1114 5 15 45
T 1115 16 0 1 0
E 1115 5 10 30
T 1116 8 0 6 0
E 1116 0 -7 -22
E 1116 1 -7 -22
E 1116 2 -7 -22
E 1116 3 -7 -22
E 1116 4 -7 -22
E 1116 5 5 15
T 1117 6 0 1 0
E 1117 5 15 46
T 1118 18 0 1 0
E 1118 5 10 30
T 1119 7 0 6 0
E 1119 0 -7 -23
E 1119 1 -7 -23
E 1119 2 -7 -23
E 1119 3 -7 -23
E 1119 4 -7 -23
E 1119 5 5 16
T 1120 10 0 1 0
E 1120 5 14 43
T 1121 18 0 1 0
E 1121 5 11 33
T 1122 8 0 6 0
E 1122 0 -7 -21
E 1122 1 -7 -21
E 1122 2 -7 -21
E 1122 3 -7 -21
E 1122 4 -7 -21
E 1122 5 6 19
T 1123 13 0 1 0
E 1123 5 13 41
T 1124 1 0 6 0
E 1124 0 -5 -15
E 1124 1 -5 -15
E 1124 2 -5 -15
E 1124 3 -5 -15
E 1124 4 -5 -15
E 1124 5 9 27
T 1125 17 0 1 0
E 1125 5 12 37
T 1126 3 0 6 0
E 1126 0 -4 -14
E 1126 1 -4 -14
E 1126 2 -4 -14
E 1126 3 -4 -14
E 1126 4 -4 -14
E 1126 5 9 29
T 1127 13 0 1 0
E 1127 5 14 44
T 1128 4 0 6 0
E 1128 0 -4 -14
E 1128 1 -4 -14
E 1128 2 -4 -14
E 1128 3 -4 -14
E 1128 4 -4 -14
E 1128 5 10 30
T 1129 15 0 1 0
E 1129 5 15 45
T 1130 6 0 6 0
E 1130 0 -7 -21
E 1130 1 -7 -21
E 1130 2 -7 -21
E 1130 3 -7 -21
E 1130 4 -7 -21
E 1130 5 8 24
T 1131 10 0 1 0
E 1131 5 18 54
T 1132 4 0 6 0
E 1132 0 -4 -14
E 1132 1 -4 -14
E 1132 2 -4 -14
E 1132 3 -4 -14
E 1132 4 -4 -14
E 1132 5 10 32
T 1133 17 0 1 0
E 1133 5 15 45
T 1134 4 0 6 0
E 1134 0 -4 -13
E 1134 1 -4 -13
E 1134 2 -4 -13
E 1134 3 -4 -13
E 1134 4 -4 -13
E 1134 5 11 35
T 1135 21 0 1 0
E 1135 5 13 40
T 1136 4 0 6 0
E 1136 0 -7 -23
E 1136 1 -7 -23
E 1136 2 -7 -23
E 1136 3 -7 -23
E 1136 4 -7 -23
E 1136 5 8 25
T 1137 11 0 1 0
E 1137 5 18 55
T 1138 21 0 1 0
E 1138 5 13 40
T 1139 5 0 6 0
E 1139 0 -7 -22
E 1139 1 -7 -22
E 1139 2 -7 -22
E 1139 3 -7 -22
E 1139 4 -7 -22
E 1139 5 8 26
T 1140 13 0 1 0
E 1140 5 17 52
T 1141 22 0 1 0
E 1141 5 12 38
T 1142 5 0 6 0
E 1142 0 -7 -22
E 1142 1 -7 -22
E 1142 2 -7 -22
E 1142 3 -7 -22
E 1142 4 -7 -22
E 1142 5 8 26
T 1143 13 0 1 0
E 1143 5 17 52
T 1144 24 0 1 0
E 1144 5 12 36
T 1145 14 0 6 0
E 1145 0 -10 -31
E 1145 1 -10 -31
E 1145 2 -10 -31
E 1145 3 -10 -31
E 1145 4 -10 -31
E 1145 5 5 17
T 1146 26 0 6 0
E 1146 0 4 14
E 1146 1 4 14
E 1146 2 4 14
E 1146 3 4 14
E 1146 4 4 14
E 1146 5 20 62
T 1147 14 0 6 0
E 1147 0 -10 -30
E 1147 1 -10 -30
E 1147 2 -10 -30
E 1147 3 -10 -30
E 1147 4 -10 -30
E 1147 5 6 18
T 1148 26 0 6 0
E 1148 0 4 14
E 1148 1 4 14
E 1148 2 4 14
E 1148 3 4 14
E 1148 4 4 14
E 1148 5 20 62
T 1149 4 0 6 0
E 1149 0 -7 -23
E 1149 1 -7 -23
E 1149 2 -7 -23
E 1149 3 -7 -23
E 1149 4 -7 -23
E 1149 5 8 25
T 1150 16 0 1 0
E 1150 5 15 47
T 1151 1 0 6 0
E 1151 0 -5 -15
E 1151 1 -5 -15
E 1151 2 -5 -15
E 1151 3 -5 -15
E 1151 4 -5 -15
E 1151 5 11 33
T 1152 21 0 1 0
E 1152 5 13 40
T 1153 2 0 6 0
E 1153 0 -5 -17
E 1153 1 -5 -17
E 1153 2 -5 -17
E 1153 3 -5 -17
E 1153 4 -5 -17
E 1153 5 10 31
T 1154 18 0 1 0
E 1154 5 15 45
T 1155 5 0 6 0
E 1155 0 -7 -21
E 1155 1 -7 -21
E 1155 2 -7 -21
E 1155 3 -7 -21
E 1155 4 -7 -21
E 1155 5 9 27
T 1156 18 0 1 0
E 1156 5 15 45
T 1157 1 0 6 0
E 1157 0 -6 -20
E 1157 1 -6 -20
E 1157 2 -6 -20
E 1157 3 -6 -20
E 1157 4 -6 -20
E 1157 5 9 28
T 1158 20 0 1 0
E 1158 5 14 42
T 1159 2 0 6 0
E 1159 0 -6 -19
E 1159 1 -6 -19
E 1159 2 -6 -19
E 1159 3 -6 -19
E 1159 4 -6 -19
E 1159 5 9 29
T 1160 18 0 1 0
E 1160 5 15 45
T 1161 5 0 6 0
E 1161 0 -7 -21
E 1161 1 -7 -21
E 1161 2 -7 -21
E 1161 3 -7 -21
E 1161 4 -7 -21
E 1161 5 9 27
T 1162 16 0 1 0
E 1162 5 15 47
T 1163 1 0 6 0
E 1163 0 -5 -16
E 1163 1 -5 -16
E 1163 2 -5 -16
E 1163 3 -5 -16
E 1163 4 -5 -16
E 1163 5 10 32
T 1164 17 0 1 0
E 1164 5 15 46
T 1165 5 0 6 0
E 1165 0 -7 -21
E 1165 1 -7 -21
E 1165 2 -7 -21
E 1165 3 -7 -21
E 1165 4 -7 -21
E 1165 5 9 27
T 1166 12 0 1 0
E 1166 5 18 54
T 1167 1 0 6 0
E 1167 0 -5 -15
E 1167 1 -5 -15
E 1167 2 -5 -15
E 1167 3 -5 -15
E 1167 4 -5 -15
E 1167 5 11 33
T 1168 14 0 1 0
E 1168 5 17 51
T 1169 1 0 6 0
E 1169 0 -5 -15
E 1169 1 -5 -15
E 1169 2 -5 -15
E 1169 3 -5 -15
E 1169 4 -5 -15
E 1169 5 11 33
T 1170 16 0 1 0
E 1170 5 15 47
T 1171 2 0 6 0
E 1171 0 -6 -19
E 1171 1 -6 -19
E 1171 2 -6 -19
E 1171 3 -6 -19
E 1171 4 -6 -19
E 1171 5 9 29
T 1172 14 0 1 0
E 1172 5 17 51
T 1173 2 0 6 0
E 1173 0 -6 -18
E 1173 1 -6 -18
E 1173 2 -6 -18
E 1173 3 -6 -18
E 1173 4 -6 -18
E 1173 5 10 30
T 1174 12 0 1 0
E 1174 5 17 53
T 1175 21 0 1 0
E 1175 5 13 40
T 1176 7 0 6 0
E 1176 0 -8 -26
E 1176 1 -8 -26
E 1176 2 -8 -26
E 1176 3 -8 -26
E 1176 4 -8 -26
E 1176 5 7 22
T 1177 9 0 1 0
E 1177 5 19 58
T 1178 1 0 6 0
E 1178 0 -5 -16
E 1178 1 -5 -16
E 1178 2 -5 -16
E 1178 3 -5 -16
E 1178 4 -5 -16
E 1178 5 10 32
T 1179 16 0 1 0
E 1179 5 15 47
T 1180 4 0 6 0
E 1180 0 -7 -23
E 1180 1 -7 -23
E 1180 2 -7 -23
E 1180 3 -7 -23
E 1180 4 -7 -23
E 1180 5 8 25
T 1181 12 0 1 0
E 1181 5 18 54
T 1182 22 0 1 0
E 1182 5 12 38
T 1183 2 0 6 0
E 1183 0 -6 -18
E 1183 1 -6 -18
E 1183 2 -6 -18
E 1183 3 -6 -18
E 1183 4 -6 -18
E 1183 5 10 30
T 1184 16 0 1 0
E 1184 5 15 47
T 1185 2 0 6 0
E 1185 0 -6 -19
E 1185 1 -6 -19
E 1185 2 -6 -19
E 1185 3 -6 -19
E 1185 4 -6 -19
E 1185 5 9 29
T 1186 20 0 1 0
E 1186 5 14 42
T 1187 1 0 6 0
E 1187 0 -5 -15
E 1187 1 -5 -15
E 1187 2 -5 -15
E 1187 3 -5 -15
E 1187 4 -5 -15
E 1187 5 11 33
T 1188 21 0 1 0
E 1188 5 13 40
T 1189 7 0 6 0
E 1189 0 -8 -26
E 1189 1 -8 -26
E 1189 2 -8 -26
E 1189 3 -8 -26
E 1189 4 -8 -26
E 1189 5 7 22
T 1190 12 0 1 0
E 1190 5 17 53
T 1191 2 0 6 0
E 1191 0 -6 -19
E 1191 1 -6 -19
E 1191 2 -6 -19
E 1191 3 -6 -19
E 1191 4 -6 -19
E 1191 5 9 29
T 1192 16 0 1 0
E 1192 5 16 48
T 1193 5 0 6 0
E 1193 0 -4 -14
E 1193 1 -4 -14
E 1193 2 -4 -14
E 1193 3 -4 -14
E 1193 4 -4 -14
E 1193 5 11 34
T 1194 4 0 6 0
E 1194 0 -4 -13
E 1194 1 -4 -13
E 1194 2 -4 -13
E 1194 3 -4 -13
E 1194 4 -4 -13
E 1194 5 11 35
T 1195 17 0 1 0
E 1195 5 15 46
T 1196 2 0 6 0
E 1196 0 -6 -19
E 1196 1 -6 -19
E 1196 2 -6 -19
E 1196 3 -6 -19
E 1196 4 -6 -19
E 1196 5 9 29
T 1197 18 0 1 0
E 1197 5 15 45
T 1198 7 0 6 0
E 1198 0 -8 -26
E 1198 1 -8 -26
E 1198 2 -8 -26
E 1198 3 -8 -26
E 1198 4 -8 -26
E 1198 5 7 22
T 1199 15 0 1 0
E 1199 5 16 49
T 1200 26 0 6 0
E 1200 0 9 28
E 1200 1 9 28
E 1200 2 9 28
E 1200 3 9 28
E 1200 4 9 28
E 1200 5 9 28
T 1201 17 0 6 0
E 1201 0 -6 -20
E 1201 1 -6 -20
E 1201 2 -6 -20
E 1201 3 -6 -20
E 1201 4 -6 -20
E 1201 5 -7 -23
T 1202 8 0 5 0
E 1202 0 5 17
E 1202 1 5 17
E 1202 2 5 17
E 1202 3 5 17
E 1202 4 5 17
T 1203 3 0 0 0
T 1204 3 0 1 0
E 1204 5 -5 -15
T 1205 4 0 0 0
T 1206 6 0 1 0
E 1206 5 -6 -19
T 1207 11 0 0 0
T 1208 14 0 1 0
E 1208 5 -5 -16
T 1209 6 0 6 0
E 1209 0 5 15
E 1209 1 5 15
E 1209 2 5 15
E 1209 3 5 15
E 1209 4 5 15
E 1209 5 -4 -14
T 1210 4 0 1 0
E 1210 5 -13 -41
T 1211 15 0 1 0
E 1211 5 -10 -30
T 1212 3 0 6 0
E 1212 0 5 15
E 1212 1 5 15
E 1212 2 5 15
E 1212 3 5 15
E 1212 4 5 15
E 1212 5 -7 -23
T 1213 8 0 1 0
E 1213 5 -16 -49
T 1214 17 0 1 0
E 1214 5 -13 -41
T 1215 5 0 6 0
E 1215 0 4 14
E 1215 1 4 14
E 1215 2 4 14
E 1215 3 4 14
E 1215 4 4 14
E 1215 5 -11 -34
T 1216 17 0 1 0
E 1216 5 -17 -51
T 1217 3 0 6 0
E 1217 0 5 15
E 1217 1 5 15
E 1217 2 5 15
E 1217 3 5 15
E 1217 4 5 15
E 1217 5 -13 -39
T 1218 20 0 1 0
E 1218 5 -18 -55
T 1219 4 0 6 0
E 1219 0 8 24
E 1219 1 8 24
E 1219 2 8 24
E 1219 3 8 24
E 1219 4 8 24
E 1219 5 -12 -37
T 1220 18 0 1 0
E 1220 5 -23 -69
T 1221 2 0 6 0
E 1221 0 7 23
E 1221 1 7 23
E 1221 2 7 23
E 1221 3 7 23
E 1221 4 7 23
E 1221 5 -14 -44
T 1222 28 0 1 0
E 1222 5 -20 -62
T 1223 2 0 6 0
E 1223 0 9 29
E 1223 1 9 29
E 1223 2 9 29
E 1223 3 9 29
E 1223 4 9 29
E 1223 5 -14 -44
T 1224 26 0 1 0
E 1224 5 -25 -76
T 1225 1 0 6 0
E 1225 0 9 29
E 1225 1 9 29
E 1225 2 9 29
E 1225 3 9 29
E 1225 4 9 29
E 1225 5 -17 -51
T 1226 30 0 1 0
E 1226 5 -26 -79
T 1227 6 0 6 0
E 1227 0 12 38
E 1227 1 12 38
E 1227 2 12 38
E 1227 3 12 38
E 1227 4 12 38
E 1227 5 -16 -48
T 1228 28 0 1 0
E 1228 5 -30 -91
T 1229 1 0 6 0
E 1229 0 11 35
E 1229 1 11 35
E 1229 2 11 35
E 1229 3 11 35
E 1229 4 11 35
E 1229 5 -19 -58
T 1230 13 0 1 0
E 1230 5 -17 -52
T 1231 21 0 1 0
E 1231 5 -13 -40
T 1232 7 0 6 0
E 1232 0 8 26
E 1232 1 8 26
E 1232 2 8 26
E 1232 3 8 26
E 1232 4 8 26
E 1232 5 -7 -22
T 1233 12 0 1 0
E 1233 5 -18 -54
T 1234 2 0 6 0
E 1234 0 5 17
E 1234 1 5 17
E 1234 2 5 17
E 1234 3 5 17
E 1234 4 5 17
E 1234 5 -10 -31
T 1235 22 0 1 0
E 1235 5 -13 -39
T 1236 8 0 6 0
E 1236 0 8 24
E 1236 1 8 24
E 1236 2 8 24
E 1236 3 8 24
E 1236 4 8 24
E 1236 5 -8 -24
T 1237 9 0 1 0
E 1237 5 -19 -58
T 1238 21 0 1 0
E 1238 5 -13 -40
T 1239 7 0 6 0
E 1239 0 8 26
E 1239 1 8 26
E 1239 2 8 26
E 1239 3 8 26
E 1239 4 8 26
E 1239 5 -7 -22
T 1240 13 0 1 0
E 1240 5 -17 -52
T 1241 2 0 6 0
E 1241 0 6 19
E 1241 1 6 19
E 1241 2 6 19
E 1241 3 6 19
E 1241 4 6 19
E 1241 5 -9 -29
T 1242 12 0 1 0
E 1242 5 -17 -53
T 1243 22 0 1 0
E 1243 5 -13 -39
T 1244 11 0 6 0
E 1244 0 9 28
E 1244 1 9 28
E 1244 2 9 28
E 1244 3 9 28
E 1244 4 9 28
E 1244 5 -6 -20
T 1245 31 0 6 0
E 1245 0 -5 -15
E 1245 1 -5 -15
E 1245 2 -5 -15
E 1245 3 -5 -15
E 1245 4 -5 -15
E 1245 5 -21 -63
T 1246 17 0 6 0
E 1246 0 11 34
E 1246 1 11 34
E 1246 2 11 34
E 1246 3 11 34
E 1246 4 11 34
E 1246 5 -4 -14
T 1247 29 0 6 0
E 1247 0 -5 -17
E 1247 1 -5 -17
E 1247 2 -5 -17
E 1247 3 -5 -17
E 1247 4 -5 -17
E 1247 5 -21 -65
T 1248 8 0 6 0
E 1248 0 8 24
E 1248 1 8 24
E 1248 2 8 24
E 1248 3 8 24
E 1248 4 8 24
E 1248 5 -8 -24
T 1249 12 0 1 0
E 1249 5 -17 -53
T 1250 1 0 6 0
E 1250 0 5 16
E 1250 1 5 16
E 1250 2 5 16
E 1250 3 5 16
E 1250 4 5 16
E 1250 5 -10 -32
T 1251 20 0 1 0
E 1251 5 -14 -42
T 1252 8 0 6 0
E 1252 0 8 25
E 1252 1 8 25
E 1252 2 8 25
E 1252 3 8 25
E 1252 4 8 25
E 1252 5 -7 -23
T 1253 14 0 1 0
E 1253 5 -16 -50
T 1254 4 0 6 0
E 1254 0 4 13
E 1254 1 4 13
E 1254 2 4 13
E 1254 3 4 13
E 1254 4 4 13
E 1254 5 -11 -35
T 1255 18 0 1 0
E 1255 5 -14 -44
T 1256 1 0 6 0
E 1256 0 6 20
E 1256 1 6 20
E 1256 2 6 20
E 1256 3 6 20
E 1256 4 6 20
E 1256 5 -9 -28
T 1257 16 0 1 0
E 1257 5 -15 -47
T 1258 4 0 6 0
E 1258 0 7 23
E 1258 1 7 23
E 1258 2 7 23
E 1258 3 7 23
E 1258 4 7 23
E 1258 5 -8 -25
T 1259 17 0 1 0
E 1259 5 -15 -46
T 1260 4 0 6 0
E 1260 0 7 23
E 1260 1 7 23
E 1260 2 7 23
E 1260 3 7 23
E 1260 4 7 23
E 1260 5 -8 -25
T 1261 12 0 1 0
E 1261 5 -17 -53
T 1262 1 0 6 0
E 1262 0 5 16
E 1262 1 5 16
E 1262 2 5 16
E 1262 3 5 16
E 1262 4 5 16
E 1262 5 -10 -32
T 1263 14 0 1 0
E 1263 5 -17 -51
T 1264 22 0 1 0
E 1264 5 -12 -38
T 1265 8 0 6 0
E 1265 0 8 24
E 1265 1 8 24
E 1265 2 8 24
E 1265 3 8 24
E 1265 4 8 24
E 1265 5 -8 -24
T 1266 27 0 6 0
E 1266 0 -4 -13
E 1266 1 -4 -13
E 1266 2 -4 -13
E 1266 3 -4 -13
E 1266 4 -4 -13
E 1266 5 -20 -61
T 1267 17 0 6 0
E 1267 0 11 34
E 1267 1 11 34
E 1267 2 11 34
E 1267 3 11 34
E 1267 4 11 34
E 1267 5 -4 -14
T 1268 37 0 6 0
E 1268 0 -7 -21
E 1268 1 -7 -21
E 1268 2 -7 -21
E 1268 3 -7 -21
E 1268 4 -7 -21
E 1268 5 -23 -69
T 1269 24 0 5 0
E 1269 0 12 36
E 1269 1 12 36
E 1269 2 12 36
E 1269 3 12 36
E 1269 4 12 36
T 1270 43 0 6 0
E 1270 0 -9 -27
E 1270 1 -9 -27
E 1270 2 -9 -27
E 1270 3 -9 -27
E 1270 4 -9 -27
E 1270 5 -25 -75
T 1271 22 0 5 0
E 1271 0 12 38
E 1271 1 12 38
E 1271 2 12 38
E 1271 3 12 38
E 1271 4 12 38
T 1272 34 0 6 0
E 1272 0 -6 -18
E 1272 1 -6 -18
E 1272 2 -6 -18
E 1272 3 -6 -18
E 1272 4 -6 -18
E 1272 5 -22 -66
T 1273 25 0 5 0
E 1273 0 13 40
E 1273 1 13 40
E 1273 2 13 40
E 1273 3 13 40
E 1273 4 13 40
T 1274 33 0 6 0
E 1274 0 -6 -19
E 1274 1 -6 -19
E 1274 2 -6 -19
E 1274 3 -6 -19
E 1274 4 -6 -19
E 1274 5 -22 -67
T 1275 26 0 5 0
E 1275 0 13 39
E 1275 1 13 39
E 1275 2 13 39
E 1275 3 13 39
E 1275 4 13 39
T 1276 46 0 6 0
E 1276 0 -10 -30
E 1276 1 -10 -30
E 1276 2 -10 -30
E 1276 3 -10 -30
E 1276 4 -10 -30
E 1276 5 -26 -78
T 1277 26 0 5 0
E 1277 0 14 44
E 1277 1 14 44
E 1277 2 14 44
E 1277 3 14 44
E 1277 4 14 44
T 1278 42 0 6 0
E 1278 0 -9 -28
E 1278 1 -9 -28
E 1278 2 -9 -28
E 1278 3 -9 -28
E 1278 4 -9 -28
E 1278 5 -25 -76
T 1279 30 0 5 0
E 1279 0 16 50
E 1279 1 16 50
E 1279 2 16 50
E 1279 3 16 50
E 1279 4 16 50
T 1280 48 0 6 0
E 1280 0 -11 -34
E 1280 1 -11 -34
E 1280 2 -11 -34
E 1280 3 -11 -34
E 1280 4 -11 -34
E 1280 5 -27 -82
T 1281 27 0 5 0
E 1281 0 14 43
E 1281 1 14 43
E 1281 2 14 43
E 1281 3 14 43
E 1281 4 14 43
T 1282 45 0 6 0
E 1282 0 -10 -31
E 1282 1 -10 -31
E 1282 2 -10 -31
E 1282 3 -10 -31
E 1282 4 -10 -31
E 1282 5 -26 -79
T 1283 26 0 5 0
E 1283 0 14 44
E 1283 1 14 44
E 1283 2 14 44
E 1283 3 14 44
E 1283 4 14 44
T 1284 37 0 6 0
E 1284 0 -7 -21
E 1284 1 -7 -21
E 1284 2 -7 -21
E 1284 3 -7 -21
E 1284 4 -7 -21
E 1284 5 -23 -69
T 1285 26 0 5 0
E 1285 0 14 44
E 1285 1 14 44
E 1285 2 14 44
E 1285 3 14 44
E 1285 4 14 44
T 1286 38 0 6 0
E 1286 0 -8 -26
E 1286 1 -8 -26
E 1286 2 -8 -26
E 1286 3 -8 -26
E 1286 4 -8 -26
E 1286 5 -24 -74
T 1287 16 0 6 0
E 1287 0 11 35
E 1287 1 11 35
E 1287 2 11 35
E 1287 3 11 35
E 1287 4 11 35
E 1287 5 -4 -13
T 1288 30 0 6 0
E 1288 0 -5 -16
E 1288 1 -5 -16
E 1288 2 -5 -16
E 1288 3 -5 -16
E 1288 4 -5 -16
E 1288 5 -21 -64
T 1289 24 0 5 0
E 1289 0 12 36
E 1289 1 12 36
E 1289 2 12 36
E 1289 3 12 36
E 1289 4 12 36
T 1290 40 0 6 0
E 1290 0 -8 -24
E 1290 1 -8 -24
E 1290 2 -8 -24
E 1290 3 -8 -24
E 1290 4 -8 -24
E 1290 5 -24 -72
T 1291 24 0 5 0
E 1291 0 13 41
E 1291 1 13 41
E 1291 2 13 41
E 1291 3 13 41
E 1291 4 13 41
T 1292 34 0 6 0
E 1292 0 -6 -18
E 1292 1 -6 -18
E 1292 2 -6 -18
E 1292 3 -6 -18
E 1292 4 -6 -18
E 1292 5 -22 -66
T 1293 24 0 5 0
E 1293 0 13 41
E 1293 1 13 41
E 1293 2 13 41
E 1293 3 13 41
E 1293 4 13 41
T 1294 40 0 6 0
E 1294 0 -8 -24
E 1294 1 -8 -24
E 1294 2 -8 -24
E 1294 3 -8 -24
E 1294 4 -8 -24
E 1294 5 -24 -72
T 1295 26 0 5 0
E 1295 0 14 44
E 1295 1 14 44
E 1295 2 14 44
E 1295 3 14 44
E 1295 4 14 44
T 1296 35 0 6 0
E 1296 0 -7 -23
E 1296 1 -7 -23
E 1296 2 -7 -23
E 1296 3 -7 -23
E 1296 4 -7 -23
E 1296 5 -23 -71
T 1297 23 0 5 0
E 1297 0 12 37
E 1297 1 12 37
E 1297 2 12 37
E 1297 3 12 37
E 1297 4 12 37
T 1298 34 0 6 0
E 1298 0 -7 -23
E 1298 1 -7 -23
E 1298 2 -7 -23
E 1298 3 -7 -23
E 1298 4 -7 -23
E 1298 5 -22 -66
T 1299 26 0 5 0
E 1299 0 13 39
E 1299 1 13 39
E 1299 2 13 39
E 1299 3 13 39
E 1299 4 13 39
T 1300 32 0 6 0
E 1300 0 -7 -22
E 1300 1 -7 -22
E 1300 2 -7 -22
E 1300 3 -7 -22
E 1300 4 -7 -22
E 1300 5 -19 -59
T 1301 20 0 5 0
E 1301 0 11 35
E 1301 1 11 35
E 1301 2 11 35
E 1301 3 11 35
E 1301 4 11 35
T 1302 24 0 6 0
E 1302 0 -5 -17
E 1302 1 -5 -17
E 1302 2 -5 -17
E 1302 3 -5 -17
E 1302 4 -5 -17
E 1302 5 -16 -49
T 1303 13 0 5 0
E 1303 0 7 22
E 1303 1 7 22
E 1303 2 7 22
E 1303 3 7 22
E 1303 4 7 22
T 1304 1 0 1 0
E 1304 5 -12 -38
T 1305 6 0 1 0
E 1305 5 -8 -26
T 1306 10 0 1 0
E 1306 5 -6 -18
T 1307 8 0 1 0
E 1307 5 -5 -16
T 1308 7 0 1 0
E 1308 5 -4 -14
T 1309 4 0 1 0
E 1309 5 -4 -14
T 1310 8 0 0 0
T 1311 2 0 0 0
T 1312 5 0 0 0
T 1313 3 0 0 0
T 1314 5 0 0 0
T 1315 9 0 0 0
T 1316 5 0 0 0
T 1317 1 0 0 0
T 1318 6 0 0 0
T 1319 6 0 0 0
T 1320 4 0 0 0
T 1321 5 0 0 0
T 1322 10 0 1 0
E 1322 5 5 15
T 1323 7 0 5 0
E 1323 0 -4 -13
E 1323 1 -4 -13
E 1323 2 -4 -13
E 1323 3 -4 -13
E 1323 4 -4 -13
T 1324 7 0 1 0
E 1324 5 8 26
T 1325 2 0 6 0
E 1325 0 -4 -13
E 1325 1 -4 -13
E 1325 2 -4 -13
E 1325 3 -4 -13
E 1325 4 -4 -13
E 1325 5 5 15
T 1326 10 0 1 0
E 1326 5 9 29
T 1327 14 0 1 0
E 1327 5 8 24
T 1328 5 0 6 0
E 1328 0 -5 -16
E 1328 1 -5 -16
E 1328 2 -5 -16
E 1328 3 -5 -16
E 1328 4 -5 -16
E 1328 5 4 14
T 1329 6 0 1 0
E 1329 5 12 36
T 1330 15 0 1 0
E 1330 5 7 22
T 1331 18 0 1 0
E 1331 5 6 18
T 1332 1 0 6 0
E 1332 0 -4 -14
E 1332 1 -4 -14
E 1332 2 -4 -14
E 1332 3 -4 -14
E 1332 4 -4 -14
E 1332 5 5 16
T 1333 8 0 1 0
E 1333 5 10 32
T 1334 14 0 1 0
E 1334 5 8 24
T 1335 11 0 5 0
E 1335 0 -6 -19
E 1335 1 -6 -19
E 1335 2 -6 -19
E 1335 3 -6 -19
E 1335 4 -6 -19
T 1336 24 0 6 0
E 1336 0 5 16
E 1336 1 5 16
E 1336 2 5 16
E 1336 3 5 16
E 1336 4 5 16
E 1336 5 15 46
T 1337 15 0 5 0
E 1337 0 -8 -25
E 1337 1 -8 -25
E 1337 2 -8 -25
E 1337 3 -8 -25
E 1337 4 -8 -25
T 1338 4 0 1 0
E 1338 5 13 39
T 1339 9 0 1 0
E 1339 5 10 31
T 1340 2 0 6 0
E 1340 0 -4 -13
E 1340 1 -4 -13
E 1340 2 -4 -13
E 1340 3 -4 -13
E 1340 4 -4 -13
E 1340 5 5 17
T 1341 9 0 1 0
E 1341 5 10 31
T 1342 12 0 1 0
E 1342 5 8 26
T 1343 5 0 6 0
E 1343 0 -5 -16
E 1343 1 -5 -16
E 1343 2 -5 -16
E 1343 3 -5 -16
E 1343 4 -5 -16
E 1343 5 4 14
T 1344 7 0 1 0
E 1344 5 11 34
T 1345 11 0 1 0
E 1345 5 9 28
T 1346 5 0 6 0
E 1346 0 -5 -15
E 1346 1 -5 -15
E 1346 2 -5 -15
E 1346 3 -5 -15
E 1346 4 -5 -15
E 1346 5 5 16
T 1347 7 0 1 0
E 1347 5 11 35
T 1348 12 0 1 0
E 1348 5 9 29
T 1349 7 0 6 0
E 1349 0 -6 -18
E 1349 1 -6 -18
E 1349 2 -6 -18
E 1349 3 -6 -18
E 1349 4 -6 -18
E 1349 5 5 15
T 1350 5 0 1 0
E 1350 5 13 41
T 1351 0 0 6 0
E 1351 0 -4 -13
E 1351 1 -4 -13
E 1351 2 -4 -13
E 1351 3 -4 -13
E 1351 4 -4 -13
E 1351 5 7 21
T 1352 16 0 1 0
E 1352 5 9 27
T 1353 5 0 6 0
E 1353 0 -6 -20
E 1353 1 -6 -20
E 1353 2 -6 -20
E 1353 3 -6 -20
E 1353 4 -6 -20
E 1353 5 5 15
T 1354 8 0 1 0
E 1354 5 13 41
T 1355 3 0 6 0
E 1355 0 -5 -15
E 1355 1 -5 -15
E 1355 2 -5 -15
E 1355 3 -5 -15
E 1355 4 -5 -15
E 1355 5 7 21
T 1356 11 0 1 0
E 1356 5 12 38
T 1357 3 0 6 0
E 1357 0 -5 -15
E 1357 1 -5 -15
E 1357 2 -5 -15
E 1357 3 -5 -15
E 1357 4 -5 -15
E 1357 5 7 22
T 1358 14 0 1 0
E 1358 5 12 36
T 1359 5 0 6 0
E 1359 0 -6 -18
E 1359 1 -6 -18
E 1359 2 -6 -18
E 1359 3 -6 -18
E 1359 4 -6 -18
E 1359 5 7 21
T 1360 8 0 1 0
E 1360 5 15 46
T 1361 1 0 6 0
E 1361 0 -5 -16
E 1361 1 -5 -16
E 1361 2 -5 -16
E 1361 3 -5 -16
E 1361 4 -5 -16
E 1361 5 8 24
T 1362 14 0 1 0
E 1362 5 12 38
T 1363 2 0 6 0
E 1363 0 -4 -13
E 1363 1 -4 -13
E 1363 2 -4 -13
E 1363 3 -4 -13
E 1363 4 -4 -13
E 1363 5 9 28
T 1364 14 0 1 0
E 1364 5 14 42
T 1365 7 0 6 0
E 1365 0 -7 -21
E 1365 1 -7 -21
E 1365 2 -7 -21
E 1365 3 -7 -21
E 1365 4 -7 -21
E 1365 5 7 21
T 1366 15 0 1 0
E 1366 5 14 42
T 1367 0 0 6 0
E 1367 0 -5 -17
E 1367 1 -5 -17
E 1367 2 -5 -17
E 1367 3 -5 -17
E 1367 4 -5 -17
E 1367 5 8 26
T 1368 18 0 1 0
E 1368 5 13 39
T 1369 0 0 6 0
E 1369 0 -5 -15
E 1369 1 -5 -15
E 1369 2 -5 -15
E 1369 3 -5 -15
E 1369 4 -5 -15
E 1369 5 10 30
T 1370 13 0 1 0
E 1370 5 15 47
T 1371 3 0 6 0
E 1371 0 -6 -18
E 1371 1 -6 -18
E 1371 2 -6 -18
E 1371 3 -6 -18
E 1371 4 -6 -18
E 1371 5 9 28
T 1372 10 0 1 0
E 1372 5 18 54
T 1373 21 0 1 0
E 1373 5 12 38
T 1374 2 0 6 0
E 1374 0 -6 -19
E 1374 1 -6 -19
E 1374 2 -6 -19
E 1374 3 -6 -19
E 1374 4 -6 -19
E 1374 5 9 29
T 1375 13 0 1 0
E 1375 5 17 52
T 1376 4 0 6 0
E 1376 0 -4 -13
E 1376 1 -4 -13
E 1376 2 -4 -13
E 1376 3 -4 -13
E 1376 4 -4 -13
E 1376 5 11 35
T 1377 22 0 1 0
E 1377 5 12 38
T 1378 7 0 6 0
E 1378 0 -8 -26
E 1378 1 -8 -26
E 1378 2 -8 -26
E 1378 3 -8 -26
E 1378 4 -8 -26
E 1378 5 7 22
T 1379 9 0 1 0
E 1379 5 19 58
T 1380 20 0 1 0
E 1380 5 13 41
T 1381 1 0 6 0
E 1381 0 -5 -16
E 1381 1 -5 -16
E 1381 2 -5 -16
E 1381 3 -5 -16
E 1381 4 -5 -16
E 1381 5 10 32
T 1382 20 0 1 0
E 1382 5 14 42
T 1383 8 0 6 0
E 1383 0 -8 -25
E 1383 1 -8 -25
E 1383 2 -8 -25
E 1383 3 -8 -25
E 1383 4 -8 -25
E 1383 5 7 23
T 1384 10 0 1 0
E 1384 5 18 56
T 1385 1 0 6 0
E 1385 0 -5 -16
E 1385 1 -5 -16
E 1385 2 -5 -16
E 1385 3 -5 -16
E 1385 4 -5 -16
E 1385 5 10 32
T 1386 15 0 1 0
E 1386 5 16 49
T 1387 23 0 1 0
E 1387 5 12 37
T 1388 5 0 6 0
E 1388 0 -7 -22
E 1388 1 -7 -22
E 1388 2 -7 -22
E 1388 3 -7 -22
E 1388 4 -7 -22
E 1388 5 8 26
T 1389 12 0 1 0
E 1389 5 18 54
T 1390 21 0 1 0
E 1390 5 13 40
T 1391 8 0 6 0
E 1391 0 -8 -24
E 1391 1 -8 -24
E 1391 2 -8 -24
E 1391 3 -8 -24
E 1391 4 -8 -24
E 1391 5 8 24
T 1392 27 0 6 0
E 1392 0 4 13
E 1392 1 4 13
E 1392 2 4 13
E 1392 3 4 13
E 1392 4 4 13
E 1392 5 20 61
T 1393 13 0 6 0
E 1393 0 -10 -32
E 1393 1 -10 -32
E 1393 2 -10 -32
E 1393 3 -10 -32
E 1393 4 -10 -32
E 1393 5 5 16
T 1394 12 0 1 0
E 1394 5 17 53
T 1395 1 0 6 0
E 1395 0 -5 -16
E 1395 1 -5 -16
E 1395 2 -5 -16
E 1395 3 -5 -16
E 1395 4 -5 -16
E 1395 5 10 32
T 1396 14 0 1 0
E 1396 5 16 50
T 1397 5 0 6 0
E 1397 0 -4 -14
E 1397 1 -4 -14
E 1397 2 -4 -14
E 1397 3 -4 -14
E 1397 4 -4 -14
E 1397 5 11 34
T 1398 22 0 1 0
E 1398 5 13 39
T 1399 8 0 6 0
E 1399 0 -8 -25
E 1399 1 -8 -25
E 1399 2 -8 -25
E 1399 3 -8 -25
E 1399 4 -8 -25
E 1399 5 7 23
T 1400 12 0 1 0
E 1400 5 17 53
T 1401 2 0 6 0
E 1401 0 -5 -17
E 1401 1 -5 -17
E 1401 2 -5 -17
E 1401 3 -5 -17
E 1401 4 -5 -17
E 1401 5 10 31
T 1402 22 0 1 0
E 1402 5 13 39
T 1403 7 0 6 0
E 1403 0 -8 -26
E 1403 1 -8 -26
E 1403 2 -8 -26
E 1403 3 -8 -26
E 1403 4 -8 -26
E 1403 5 7 22
T 1404 15 0 1 0
E 1404 5 16 49
T 1405 5 0 6 0
E 1405 0 -7 -22
E 1405 1 -7 -22
E 1405 2 -7 -22
E 1405 3 -7 -22
E 1405 4 -7 -22
E 1405 5 8 26
T 1406 12 0 1 0
E 1406 5 17 53
T 1407 1 0 6 0
E 1407 0 -5 -16
E 1407 1 -5 -16
E 1407 2 -5 -16
E 1407 3 -5 -16
E 1407 4 -5 -16
E 1407 5 10 32
T 1408 14 0 1 0
E 1408 5 17 51
T 1409 23 0 1 0
E 1409 5 12 37
T 1410 2 0 6 0
E 1410 0 -6 -19
E 1410 1 -6 -19
E 1410 2 -6 -19
E 1410 3 -6 -19
E 1410 4 -6 -19
E 1410 5 9 29
T 1411 16 0 1 0
E 1411 5 16 48
T 1412 5 0 6 0
E 1412 0 -7 -21
E 1412 1 -7 -21
E 1412 2 -7 -21
E 1412 3 -7 -21
E 1412 4 -7 -21
E 1412 5 9 27
T 1413 10 0 1 0
E 1413 5 18 56
T 1414 21 0 1 0
E 1414 5 13 40
T 1415 7 0 6 0
E 1415 0 -8 -26
E 1415 1 -8 -26
E 1415 2 -8 -26
E 1415 3 -8 -26
E 1415 4 -8 -26
E 1415 5 7 22
T 1416 11 0 1 0
E 1416 5 18 55
T 1417 24 0 1 0
E 1417 5 12 36
T 1418 8 0 6 0
E 1418 0 -8 -24
E 1418 1 -8 -24
E 1418 2 -8 -24
E 1418 3 -8 -24
E 1418 4 -8 -24
E 1418 5 8 24
T 1419 12 0 1 0
E 1419 5 17 53
T 1420 1 0 6 0
E 1420 0 -5 -16
E 1420 1 -5 -16
E 1420 2 -5 -16
E 1420 3 -5 -16
E 1420 4 -5 -16
E 1420 5 10 32
T 1421 22 0 1 0
E 1421 5 13 39
T 1422 11 0 6 0
E 1422 0 -9 -28
E 1422 1 -9 -28
E 1422 2 -9 -28
E 1422 3 -9 -28
E 1422 4 -9 -28
E 1422 5 6 20
T 1423 8 0 1 0
E 1423 5 19 59
T 1424 19 0 1 0
E 1424 5 14 43
T 1425 2 0 6 0
E 1425 0 -6 -18
E 1425 1 -6 -18
E 1425 2 -6 -18
E 1425 3 -6 -18
E 1425 4 -6 -18
E 1425 5 10 30
T 1426 14 0 1 0
E 1426 5 17 51
T 1427 22 0 1 0
E 1427 5 12 38
T 1428 7 0 6 0
E 1428 0 -8 -26
E 1428 1 -8 -26
E 1428 2 -8 -26
E 1428 3 -8 -26
E 1428 4 -8 -26
E 1428 5 7 22
T 1429 16 0 1 0
E 1429 5 15 47
T 1430 1 0 6 0
E 1430 0 -5 -16
E 1430 1 -5 -16
E 1430 2 -5 -16
E 1430 3 -5 -16
E 1430 4 -5 -16
E 1430 5 10 32
T 1431 21 0 1 0
E 1431 5 13 40
T 1432 1 0 6 0
E 1432 0 -6 -20
E 1432 1 -6 -20
E 1432 2 -6 -20
E 1432 3 -6 -20
E 1432 4 -6 -20
E 1432 5 9 28
T 1433 18 0 1 0
E 1433 5 14 44
T 1434 5 0 6 0
E 1434 0 -7 -22
E 1434 1 -7 -22
E 1434 2 -7 -22
E 1434 3 -7 -22
E 1434 4 -7 -22
E 1434 5 8 26
T 1435 17 0 1 0
E 1435 5 15 46
T 1436 8 0 6 0
E 1436 0 -8 -24
E 1436 1 -8 -24
E 1436 2 -8 -24
E 1436 3 -8 -24
E 1436 4 -8 -24
E 1436 5 8 24
T 1437 8 0 1 0
E 1437 5 19 59
T 1438 20 0 1 0
E 1438 5 13 41
T 1439 11 0 6 0
E 1439 0 -9 -28
E 1439 1 -9 -28
E 1439 2 -9 -28
E 1439 3 -9 -28
E 1439 4 -9 -28
E 1439 5 6 20
T 1440 52 0 6 0
E 1440 0 18 56
E 1440 1 18 56
E 1440 2 18 56
E 1440 3 18 56
E 1440 4 18 56
E 1440 5 18 56
T 1441 49 0 6 0
E 1441 0 -16 -48
E 1441 1 -16 -48
E 1441 2 -16 -48
E 1441 3 -16 -48
E 1441 4 -16 -48
E 1441 5 -17 -51
T 1442 51 0 6 0
E 1442 0 18 55
E 1442 1 18 55
E 1442 2 18 55
E 1442 3 18 55
E 1442 4 18 55
E 1442 5 16 49
T 1443 51 0 6 0
E 1443 0 -16 -48
E 1443 1 -16 -48
E 1443 2 -16 -48
E 1443 3 -16 -48
E 1443 4 -16 -48
E 1443 5 -19 -57
T 1444 52 0 6 0
E 1444 0 19 57
E 1444 1 19 57
E 1444 2 19 57
E 1444 3 19 57
E 1444 4 19 57
E 1444 5 14 44
T 1445 59 0 6 0
E 1445 0 -18 -54
E 1445 1 -18 -54
E 1445 2 -18 -54
E 1445 3 -18 -54
E 1445 4 -18 -54
E 1445 5 -23 -70
T 1446 53 0 6 0
E 1446 0 20 60
E 1446 1 20 60
E 1446 2 20 60
E 1446 3 20 60
E 1446 4 20 60
E 1446 5 13 41
T 1447 57 0 6 0
E 1447 0 -17 -52
E 1447 1 -17 -52
E 1447 2 -17 -52
E 1447 3 -17 -52
E 1447 4 -17 -52
E 1447 5 -24 -74
T 1448 42 0 6 0
E 1448 0 17 52
E 1448 1 17 52
E 1448 2 17 52
E 1448 3 17 52
E 1448 4 17 52
E 1448 5 9 27
T 1449 45 0 6 0
E 1449 0 -12 -36
E 1449 1 -12 -36
E 1449 2 -12 -36
E 1449 3 -12 -36
E 1449 4 -12 -36
E 1449 5 -21 -65
T 1450 27 0 5 0
E 1450 0 14 43
E 1450 1 14 43
E 1450 2 14 43
E 1450 3 14 43
E 1450 4 14 43
T 1451 38 0 6 0
E 1451 0 -9 -27
E 1451 1 -9 -27
E 1451 2 -9 -27
E 1451 3 -9 -27
E 1451 4 -9 -27
E 1451 5 -20 -62
T 1452 24 0 5 0
E 1452 0 13 41
E 1452 1 13 41
E 1452 2 13 41
E 1452 3 13 41
E 1452 4 13 41
T 1453 30 0 6 0
E 1453 0 -6 -20
E 1453 1 -6 -20
E 1453 2 -6 -20
E 1453 3 -6 -20
E 1453 4 -6 -20
E 1453 5 -20 -61
T 1454 21 0 5 0
E 1454 0 11 34
E 1454 1 11 34
E 1454 2 11 34
E 1454 3 11 34
E 1454 4 11 34
T 1455 30 0 6 0
E 1455 0 -5 -16
E 1455 1 -5 -16
E 1455 2 -5 -16
E 1455 3 -5 -16
E 1455 4 -5 -16
E 1455 5 -21 -64
T 1456 19 0 6 0
E 1456 0 12 36
E 1456 1 12 36
E 1456 2 12 36
E 1456 3 12 36
E 1456 4 12 36
E 1456 5 -5 -15
T 1457 31 0 6 0
E 1457 0 -5 -17
E 1457 1 -5 -17
E 1457 2 -5 -17
E 1457 3 -5 -17
E 1457 4 -5 -17
E 1457 5 -23 -71
T 1458 4 0 6 0
E 1458 0 8 26
E 1458 1 8 26
E 1458 2 8 26
E 1458 3 8 26
E 1458 4 8 26
E 1458 5 -10 -31
T 1459 18 0 1 0
E 1459 5 -21 -64
T 1460 4 0 6 0
E 1460 0 6 19
E 1460 1 6 19
E 1460 2 6 19
E 1460 3 6 19
E 1460 4 6 19
E 1460 5 -15 -45
T 1461 22 0 1 0
E 1461 5 -22 -67
T 1462 6 0 6 0
E 1462 0 6 19
E 1462 1 6 19
E 1462 2 6 19
E 1462 3 6 19
E 1462 4 6 19
E 1462 5 -17 -51
T 1463 28 0 1 0
E 1463 5 -22 -67
T 1464 8 0 6 0
E 1464 0 11 33
E 1464 1 11 33
E 1464 2 11 33
E 1464 3 11 33
E 1464 4 11 33
E 1464 5 -14 -44
T 1465 23 0 1 0
E 1465 5 -28 -85
T 1466 7 0 6 0
E 1466 0 7 22
E 1466 1 7 22
E 1466 2 7 22
E 1466 3 7 22
E 1466 4 7 22
E 1466 5 -20 -61
T 1467 35 0 1 0
E 1467 5 -25 -76
T 1468 1 0 6 0
E 1468 0 10 32
E 1468 1 10 32
E 1468 2 10 32
E 1468 3 10 32
E 1468 4 10 32
E 1468 5 -19 -57
T 1469 29 0 1 0
E 1469 5 -31 -95
T 1470 13 0 6 0
E 1470 0 10 32
E 1470 1 10 32
E 1470 2 10 32
E 1470 3 10 32
E 1470 4 10 32
E 1470 5 -5 -16
T 1471 12 0 1 0
E 1471 5 -18 -54
T 1472 24 0 1 0
E 1472 5 -12 -36
T 1473 8 0 6 0
E 1473 0 8 24
E 1473 1 8 24
E 1473 2 8 24
E 1473 3 8 24
E 1473 4 8 24
E 1473 5 -8 -24
T 1474 10 0 1 0
E 1474 5 -18 -56
T 1475 22 0 1 0
E 1475 5 -13 -39
T 1476 5 0 6 0
E 1476 0 7 22
E 1476 1 7 22
E 1476 2 7 22
E 1476 3 7 22
E 1476 4 7 22
E 1476 5 -8 -26
T 1477 14 0 1 0
E 1477 5 -17 -51
T 1478 1 0 6 0
E 1478 0 5 16
E 1478 1 5 16
E 1478 2 5 16
E 1478 3 5 16
E 1478 4 5 16
E 1478 5 -10 -32
T 1479 21 0 1 0
E 1479 5 -13 -40
T 1480 8 0 6 0
E 1480 0 8 24
E 1480 1 8 24
E 1480 2 8 24
E 1480 3 8 24
E 1480 4 8 24
E 1480 5 -8 -24
T 1481 14 0 1 0
E 1481 5 -17 -51
T 1482 1 0 6 0
E 1482 0 6 20
E 1482 1 6 20
E 1482 2 6 20
E 1482 3 6 20
E 1482 4 6 20
E 1482 5 -9 -28
T 1483 16 0 1 0
E 1483 5 -15 -47
T 1484 5 0 6 0
E 1484 0 7 22
E 1484 1 7 22
E 1484 2 7 22
E 1484 3 7 22
E 1484 4 7 22
E 1484 5 -8 -26
T 1485 16 0 1 0
E 1485 5 -16 -48
T 1486 23 0 1 0
E 1486 5 -12 -37
T 1487 2 0 6 0
E 1487 0 6 19
E 1487 1 6 19
E 1487 2 6 19
E 1487 3 6 19
E 1487 4 6 19
E 1487 5 -9 -29
T 1488 19 0 1 0
E 1488 5 -14 -43
T 1489 2 0 6 0
E 1489 0 5 17
E 1489 1 5 17
E 1489 2 5 17
E 1489 3 5 17
E 1489 4 5 17
E 1489 5 -10 -31
T 1490 21 0 1 0
E 1490 5 -13 -40
T 1491 8 0 6 0
E 1491 0 8 24
E 1491 1 8 24
E 1491 2 8 24
E 1491 3 8 24
E 1491 4 8 24
E 1491 5 -8 -24
T 1492 15 0 1 0
E 1492 5 -16 -49
T 1493 1 0 6 0
E 1493 0 5 16
E 1493 1 5 16
E 1493 2 5 16
E 1493 3 5 16
E 1493 4 5 16
E 1493 5 -10 -32
T 1494 16 0 1 0
E 1494 5 -15 -47
T 1495 1 0 6 0
E 1495 0 5 15
E 1495 1 5 15
E 1495 2 5 15
E 1495 3 5 15
E 1495 4 5 15
E 1495 5 -11 -33
T 1496 16 0 1 0
E 1496 5 -15 -47
T 1497 24 0 1 0
E 1497 5 -12 -36
T 1498 14 0 6 0
E 1498 0 10 31
E 1498 1 10 31
E 1498 2 10 31
E 1498 3 10 31
E 1498 4 10 31
E 1498 5 -5 -17
T 1499 31 0 6 0
E 1499 0 -5 -15
E 1499 1 -5 -15
E 1499 2 -5 -15
E 1499 3 -5 -15
E 1499 4 -5 -15
E 1499 5 -21 -63
T 1500 13 0 6 0
E 1500 0 10 32
E 1500 1 10 32
E 1500 2 10 32
E 1500 3 10 32
E 1500 4 10 32
E 1500 5 -5 -16
T 1501 10 0 1 0
E 1501 5 -19 -57
T 1502 20 0 1 0
E 1502 5 -14 -42
T 1503 5 0 6 0
E 1503 0 7 21
E 1503 1 7 21
E 1503 2 7 21
E 1503 3 7 21
E 1503 4 7 21
E 1503 5 -9 -27
T 1504 17 0 1 0
E 1504 5 -15 -46
T 1505 2 0 6 0
E 1505 0 5 17
E 1505 1 5 17
E 1505 2 5 17
E 1505 3 5 17
E 1505 4 5 17
E 1505 5 -10 -31
T 1506 22 0 1 0
E 1506 5 -13 -39
T 1507 7 0 6 0
E 1507 0 8 26
E 1507 1 8 26
E 1507 2 8 26
E 1507 3 8 26
E 1507 4 8 26
E 1507 5 -7 -22
T 1508 14 0 1 0
E 1508 5 -17 -51
T 1509 23 0 1 0
E 1509 5 -12 -37
T 1510 10 0 6 0
E 1510 0 9 29
E 1510 1 9 29
E 1510 2 9 29
E 1510 3 9 29
E 1510 4 9 29
E 1510 5 -6 -19
T 1511 10 0 1 0
E 1511 5 -19 -57
T 1512 5 0 6 0
E 1512 0 4 14
E 1512 1 4 14
E 1512 2 4 14
E 1512 3 4 14
E 1512 4 4 14
E 1512 5 -11 -34
T 1513 23 0 1 0
E 1513 5 -12 -37
T 1514 10 0 6 0
E 1514 0 9 29
E 1514 1 9 29
E 1514 2 9 29
E 1514 3 9 29
E 1514 4 9 29
E 1514 5 -6 -19
T 1515 9 0 1 0
E 1515 5 -19 -58
T 1516 5 0 6 0
E 1516 0 4 14
E 1516 1 4 14
E 1516 2 4 14
E 1516 3 4 14
E 1516 4 4 14
E 1516 5 -11 -34
T 1517 20 0 1 0
E 1517 5 -13 -41
T 1518 1 0 6 0
E 1518 0 6 20
E 1518 1 6 20
E 1518 2 6 20
E 1518 3 6 20
E 1518 4 6 20
E 1518 5 -9 -28
T 1519 14 0 1 0
E 1519 5 -16 -50
T 1520 1 0 6 0
E 1520 0 5 16
E 1520 1 5 16
E 1520 2 5 16
E 1520 3 5 16
E 1520 4 5 16
E 1520 5 -10 -32
T 1521 15 0 1 0
E 1521 5 -16 -49
T 1522 4 0 6 0
E 1522 0 7 23
E 1522 1 7 23
E 1522 2 7 23
E 1522 3 7 23
E 1522 4 7 23
E 1522 5 -8 -25
T 1523 18 0 1 0
E 1523 5 -15 -45
T 1524 2 0 6 0
E 1524 0 6 18
E 1524 1 6 18
E 1524 2 6 18
E 1524 3 6 18
E 1524 4 6 18
E 1524 5 -10 -30
T 1525 14 0 1 0
E 1525 5 -17 -51
T 1526 24 0 1 0
E 1526 5 -12 -36
T 1527 8 0 6 0
E 1527 0 8 25
E 1527 1 8 25
E 1527 2 8 25
E 1527 3 8 25
E 1527 4 8 25
E 1527 5 -7 -23
T 1528 15 0 1 0
E 1528 5 -16 -49
T 1529 5 0 6 0
E 1529 0 4 14
E 1529 1 4 14
E 1529 2 4 14
E 1529 3 4 14
E 1529 4 4 14
E 1529 5 -11 -34
T 1530 19 0 1 0
E 1530 5 -14 -43
T 1531 1 0 6 0
E 1531 0 5 16
E 1531 1 5 16
E 1531 2 5 16
E 1531 3 5 16
E 1531 4 5 16
E 1531 5 -10 -32
T 1532 19 0 1 0
E 1532 5 -14 -43
T 1533 7 0 6 0
E 1533 0 8 26
E 1533 1 8 26
E 1533 2 8 26
E 1533 3 8 26
E 1533 4 8 26
E 1533 5 -7 -22
T 1534 10 0 1 0
E 1534 5 -18 -56
T 1535 23 0 1 0
E 1535 5 -12 -37
T 1536 2 0 6 0
E 1536 0 6 18
E 1536 1 6 18
E 1536 2 6 18
E 1536 3 6 18
E 1536 4 6 18
E 1536 5 -10 -30
T 1537 13 0 1 0
E 1537 5 -16 -48
T 1538 22 0 1 0
E 1538 5 -10 -31
T 1539 1 0 6 0
E 1539 0 5 17
E 1539 1 5 17
E 1539 2 5 17
E 1539 3 5 17
E 1539 4 5 17
E 1539 5 -7 -23
T 1540 11 0 1 0
E 1540 5 -12 -38
T 1541 14 0 1 0
E 1541 5 -10 -31
T 1542 17 0 1 0
E 1542 5 -7 -22
T 1543 1 0 6 0
E 1543 0 4 14
E 1543 1 4 14
E 1543 2 4 14
E 1543 3 4 14
E 1543 4 4 14
E 1543 5 -5 -16
T 1544 11 0 1 0
E 1544 5 -8 -24
T 1545 15 0 1 0
E 1545 5 -4 -13
T 1546 12 0 0 0
T 1547 9 0 1 0
E 1547 5 -4 -14
T 1548 9 0 0 0
T 1549 7 0 5 0
E 1549 0 4 13
E 1549 1 4 13
E 1549 2 4 13
E 1549 3 4 13
E 1549 4 4 13
T 1550 4 0 1 0
E 1550 5 -7 -22
T 1551 1 0 1 0
E 1551 5 -5 -15
T 1552 4 0 1 0
E 1552 5 -4 -14
T 1553 6 0 1 0
E 1553 5 -5 -15
T 1554 10 0 0 0
T 1555 10 0 0 0
T 1556 12 0 0 0
T 1557 8 0 5 0
E 1557 0 -5 -17
E 1557 1 -5 -17
E 1557 2 -5 -17
E 1557 3 -5 -17
E 1557 4 -5 -17
T 1558 5 0 1 0
E 1558 5 7 21
T 1559 3 0 1 0
E 1559 5 7 22
T 1560 4 0 0 0
T 1561 7 0 1 0
E 1561 5 4 14
T 1562 6 0 5 0
E 1562 0 -4 -14
E 1562 1 -4 -14
E 1562 2 -4 -14
E 1562 3 -4 -14
E 1562 4 -4 -14
T 1563 0 0 1 0
E 1563 5 11 33
T 1564 8 0 1 0
E 1564 5 8 25
T 1565 16 0 1 0
E 1565 5 5 17
T 1566 18 0 1 0
E 1566 5 6 18
T 1567 4 0 6 0
E 1567 0 -5 -17
E 1567 1 -5 -17
E 1567 2 -5 -17
E 1567 3 -5 -17
E 1567 4 -5 -17
E 1567 5 4 13
T 1568 8 0 1 0
E 1568 5 10 32
T 1569 16 0 1 0
E 1569 5 7 21
T 1570 18 0 1 0
E 1570 5 6 18
T 1571 12 0 5 0
E 1571 0 -7 -23
E 1571 1 -7 -23
E 1571 2 -7 -23
E 1571 3 -7 -23
E 1571 4 -7 -23
T 1572 6 0 1 0
E 1572 5 11 35
T 1573 13 0 1 0
E 1573 5 8 25
T 1574 5 0 6 0
E 1574 0 -5 -16
E 1574 1 -5 -16
E 1574 2 -5 -16
E 1574 3 -5 -16
E 1574 4 -5 -16
E 1574 5 4 14
T 1575 8 0 1 0
E 1575 5 10 32
T 1576 17 0 1 0
E 1576 5 6 19
T 1577 1 0 6 0
E 1577 0 -4 -14
E 1577 1 -4 -14
E 1577 2 -4 -14
E 1577 3 -4 -14
E 1577 4 -4 -14
E 1577 5 5 16
T 1578 11 0 1 0
E 1578 5 9 28
T 1579 4 0 6 0
E 1579 0 -5 -17
E 1579 1 -5 -17
E 1579 2 -5 -17
E 1579 3 -5 -17
E 1579 4 -5 -17
E 1579 5 4 13
T 1580 8 0 1 0
E 1580 5 11 33
T 1581 15 0 1 0
E 1581 5 7 22
T 1582 17 0 1 0
E 1582 5 6 19
T 1583 10 0 5 0
E 1583 0 -6 -20
E 1583 1 -6 -20
E 1583 2 -6 -20
E 1583 3 -6 -20
E 1583 4 -6 -20
T 1584 5 0 1 0
E 1584 5 12 37
T 1585 13 0 1 0
E 1585 5 8 25
T 1586 4 0 6 0
E 1586 0 -5 -16
E 1586 1 -5 -16
E 1586 2 -5 -16
E 1586 3 -5 -16
E 1586 4 -5 -16
E 1586 5 5 15
T 1587 11 0 1 0
E 1587 5 10 30
T 1588 0 0 6 0
E 1588 0 -4 -14
E 1588 1 -4 -14
E 1588 2 -4 -14
E 1588 3 -4 -14
E 1588 4 -4 -14
E 1588 5 6 18
T 1589 14 0 1 0
E 1589 5 9 28
T 1590 17 0 1 0
E 1590 5 8 24
T 1591 16 0 5 0
E 1591 0 -8 -24
E 1591 1 -8 -24
E 1591 2 -8 -24
E 1591 3 -8 -24
E 1591 4 -8 -24
T 1592 22 0 6 0
E 1592 0 4 14
E 1592 1 4 14
E 1592 2 4 14
E 1592 3 4 14
E 1592 4 4 14
E 1592 5 16 48
T 1593 10 0 6 0
E 1593 0 -7 -21
E 1593 1 -7 -21
E 1593 2 -7 -21
E 1593 3 -7 -21
E 1593 4 -7 -21
E 1593 5 4 14
T 1594 22 0 6 0
E 1594 0 4 14
E 1594 1 4 14
E 1594 2 4 14
E 1594 3 4 14
E 1594 4 4 14
E 1594 5 16 50
T 1595 6 0 6 0
E 1595 0 -6 -19
E 1595 1 -6 -19
E 1595 2 -6 -19
E 1595 3 -6 -19
E 1595 4 -6 -19
E 1595 5 5 17
T 1596 7 0 1 0
E 1596 5 14 44
T 1597 17 0 1 0
E 1597 5 10 30
T 1598 3 0 6 0
E 1598 0 -5 -15
E 1598 1 -5 -15
E 1598 2 -5 -15
E 1598 3 -5 -15
E 1598 4 -5 -15
E 1598 5 7 23
T 1599 9 0 1 0
E 1599 5 14 44
T 1600 15 0 1 0
E 1600 5 11 35
T 1601 1 0 6 0
E 1601 0 -5 -16
E 1601 1 -5 -16
E 1601 2 -5 -16
E 1601 3 -5 -16
E 1601 4 -5 -16
E 1601 5 8 24
T 1602 11 0 1 0
E 1602 5 14 43
T 1603 4 0 6 0
E 1603 0 -6 -19
E 1603 1 -6 -19
E 1603 2 -6 -19
E 1603 3 -6 -19
E 1603 4 -6 -19
E 1603 5 7 22
T 1604 14 0 1 0
E 1604 5 14 42
T 1605 7 0 6 0
E 1605 0 -7 -21
E 1605 1 -7 -21
E 1605 2 -7 -21
E 1605 3 -7 -21
E 1605 4 -7 -21
E 1605 5 7 21
T 1606 11 0 1 0
E 1606 5 15 47
T 1607 19 0 1 0
E 1607 5 12 36
T 1608 9 0 6 0
E 1608 0 -8 -25
E 1608 1 -8 -25
E 1608 2 -8 -25
E 1608 3 -8 -25
E 1608 4 -8 -25
E 1608 5 6 19
T 1609 11 0 1 0
E 1609 5 16 50
T 1610 22 0 1 0
E 1610 5 11 34
T 1611 6 0 6 0
E 1611 0 -7 -21
E 1611 1 -7 -21
E 1611 2 -7 -21
E 1611 3 -7 -21
E 1611 4 -7 -21
E 1611 5 8 25
T 1612 15 0 1 0
E 1612 5 15 46
T 1613 4 0 6 0
E 1613 0 -4 -13
E 1613 1 -4 -13
E 1613 2 -4 -13
E 1613 3 -4 -13
E 1613 4 -4 -13
E 1613 5 11 34
T 1614 20 0 1 0
E 1614 5 14 42
T 1615 1 0 6 0
E 1615 0 -6 -20
E 1615 1 -6 -20
E 1615 2 -6 -20
E 1615 3 -6 -20
E 1615 4 -6 -20
E 1615 5 9 28
T 1616 14 0 1 0
E 1616 5 17 51
T 1617 22 0 1 0
E 1617 5 13 39
T 1618 7 0 6 0
E 1618 0 -8 -26
E 1618 1 -8 -26
E 1618 2 -8 -26
E 1618 3 -8 -26
E 1618 4 -8 -26
E 1618 5 7 22
T 1619 9 0 1 0
E 1619 5 19 58
T 1620 22 0 1 0
E 1620 5 12 38
T 1621 8 0 6 0
E 1621 0 -8 -24
E 1621 1 -8 -24
E 1621 2 -8 -24
E 1621 3 -8 -24
E 1621 4 -8 -24
E 1621 5 8 24
T 1622 13 0 1 0
E 1622 5 17 52
T 1623 22 0 1 0
E 1623 5 13 39
T 1624 11 0 6 0
E 1624 0 -9 -28
E 1624 1 -9 -28
E 1624 2 -9 -28
E 1624 3 -9 -28
E 1624 4 -9 -28
E 1624 5 6 20
T 1625 30 0 6 0
E 1625 0 5 16
E 1625 1 5 16
E 1625 2 5 16
E 1625 3 5 16
E 1625 4 5 16
E 1625 5 21 64
T 1626 16 0 6 0
E 1626 0 -11 -35
E 1626 1 -11 -35
E 1626 2 -11 -35
E 1626 3 -11 -35
E 1626 4 -11 -35
E 1626 5 4 13
T 1627 8 0 1 0
E 1627 5 19 59
T 1628 22 0 1 0
E 1628 5 12 38
T 1629 11 0 6 0
E 1629 0 -9 -27
E 1629 1 -9 -27
E 1629 2 -9 -27
E 1629 3 -9 -27
E 1629 4 -9 -27
E 1629 5 7 21
T 1630 30 0 6 0
E 1630 0 5 16
E 1630 1 5 16
E 1630 2 5 16
E 1630 3 5 16
E 1630 4 5 16
E 1630 5 21 64
T 1631 23 0 5 0
E 1631 0 -12 -37
E 1631 1 -12 -37
E 1631 2 -12 -37
E 1631 3 -12 -37
E 1631 4 -12 -37
T 1632 32 0 6 0
E 1632 0 6 20
E 1632 1 6 20
E 1632 2 6 20
E 1632 3 6 20
E 1632 4 6 20
E 1632 5 22 68
T 1633 23 0 5 0
E 1633 0 -12 -37
E 1633 1 -12 -37
E 1633 2 -12 -37
E 1633 3 -12 -37
E 1633 4 -12 -37
T 1634 40 0 6 0
E 1634 0 8 24
E 1634 1 8 24
E 1634 2 8 24
E 1634 3 8 24
E 1634 4 8 24
E 1634 5 24 72
T 1635 30 0 5 0
E 1635 0 -15 -45
E 1635 1 -15 -45
E 1635 2 -15 -45
E 1635 3 -15 -45
E 1635 4 -15 -45
T 1636 45 0 6 0
E 1636 0 10 31
E 1636 1 10 31
E 1636 2 10 31
E 1636 3 10 31
E 1636 4 10 31
E 1636 5 26 79
T 1637 28 0 5 0
E 1637 0 -14 -42
E 1637 1 -14 -42
E 1637 2 -14 -42
E 1637 3 -14 -42
E 1637 4 -14 -42
T 1638 46 0 6 0
E 1638 0 10 30
E 1638 1 10 30
E 1638 2 10 30
E 1638 3 10 30
E 1638 4 10 30
E 1638 5 26 78
T 1639 30 0 5 0
E 1639 0 -15 -45
E 1639 1 -15 -45
E 1639 2 -15 -45
E 1639 3 -15 -45
E 1639 4 -15 -45
T 1640 35 0 6 0
E 1640 0 7 23
E 1640 1 7 23
E 1640 2 7 23
E 1640 3 7 23
E 1640 4 7 23
E 1640 5 23 71
T 1641 17 0 6 0
E 1641 0 -11 -34
E 1641 1 -11 -34
E 1641 2 -11 -34
E 1641 3 -11 -34
E 1641 4 -11 -34
E 1641 5 4 14
T 1642 29 0 6 0
E 1642 0 5 17
E 1642 1 5 17
E 1642 2 5 17
E 1642 3 5 17
E 1642 4 5 17
E 1642 5 21 65
T 1643 10 0 6 0
E 1643 0 -9 -29
E 1643 1 -9 -29
E 1643 2 -9 -29
E 1643 3 -9 -29
E 1643 4 -9 -29
E 1643 5 6 19
T 1644 9 0 1 0
E 1644 5 19 58
T 1645 5 0 6 0
E 1645 0 -4 -14
E 1645 1 -4 -14
E 1645 2 -4 -14
E 1645 3 -4 -14
E 1645 4 -4 -14
E 1645 5 11 34
T 1646 20 0 1 0
E 1646 5 13 41
T 1647 5 0 6 0
E 1647 0 -7 -22
E 1647 1 -7 -22
E 1647 2 -7 -22
E 1647 3 -7 -22
E 1647 4 -7 -22
E 1647 5 8 26
T 1648 12 0 1 0
E 1648 5 18 54
T 1649 1 0 6 0
E 1649 0 -5 -16
E 1649 1 -5 -16
E 1649 2 -5 -16
E 1649 3 -5 -16
E 1649 4 -5 -16
E 1649 5 10 32
T 1650 16 0 1 0
E 1650 5 16 48
T 1651 2 0 6 0
E 1651 0 -6 -18
E 1651 1 -6 -18
E 1651 2 -6 -18
E 1651 3 -6 -18
E 1651 4 -6 -18
E 1651 5 10 30
T 1652 16 0 1 0
E 1652 5 15 47
T 1653 24 0 1 0
E 1653 5 12 36
T 1654 4 0 6 0
E 1654 0 -7 -23
E 1654 1 -7 -23
E 1654 2 -7 -23
E 1654 3 -7 -23
E 1654 4 -7 -23
E 1654 5 8 25
T 1655 12 0 1 0
E 1655 5 18 54
T 1656 22 0 1 0
E 1656 5 12 38
T 1657 2 0 6 0
E 1657 0 -5 -17
E 1657 1 -5 -17
E 1657 2 -5 -17
E 1657 3 -5 -17
E 1657 4 -5 -17
E 1657 5 10 31
T 1658 20 0 1 0
E 1658 5 14 42
T 1659 2 0 6 0
E 1659 0 -6 -18
E 1659 1 -6 -18
E 1659 2 -6 -18
E 1659 3 -6 -18
E 1659 4 -6 -18
E 1659 5 10 30
T 1660 11 0 1 0
E 1660 5 18 55
T 1661 2 0 6 0
E 1661 0 -5 -17
E 1661 1 -5 -17
E 1661 2 -5 -17
E 1661 3 -5 -17
E 1661 4 -5 -17
E 1661 5 10 31
T 1662 14 0 1 0
E 1662 5 16 50
T 1663 2 0 6 0
E 1663 0 -6 -18
E 1663 1 -6 -18
E 1663 2 -6 -18
E 1663 3 -6 -18
E 1663 4 -6 -18
E 1663 5 10 30
T 1664 16 0 1 0
E 1664 5 16 48
T 1665 24 0 1 0
E 1665 5 12 36
T 1666 1 0 6 0
E 1666 0 -6 -20
E 1666 1 -6 -20
E 1666 2 -6 -20
E 1666 3 -6 -20
E 1666 4 -6 -20
E 1666 5 9 28
T 1667 16 0 1 0
E 1667 5 16 48
T 1668 4 0 6 0
E 1668 0 -7 -23
E 1668 1 -7 -23
E 1668 2 -7 -23
E 1668 3 -7 -23
E 1668 4 -7 -23
E 1668 5 8 25
T 1669 12 0 1 0
E 1669 5 18 54
T 1670 23 0 1 0
E 1670 5 12 37
T 1671 8 0 6 0
E 1671 0 -8 -24
E 1671 1 -8 -24
E 1671 2 -8 -24
E 1671 3 -8 -24
E 1671 4 -8 -24
E 1671 5 8 24
T 1672 12 0 1 0
E 1672 5 18 54
T 1673 2 0 6 0
E 1673 0 -5 -17
E 1673 1 -5 -17
E 1673 2 -5 -17
E 1673 3 -5 -17
E 1673 4 -5 -17
E 1673 5 10 31
T 1674 16 0 1 0
E 1674 5 15 47
T 1675 2 0 6 0
E 1675 0 -6 -19
E 1675 1 -6 -19
E 1675 2 -6 -19
E 1675 3 -6 -19
E 1675 4 -6 -19
E 1675 5 9 29
T 1676 18 0 1 0
E 1676 5 14 44
T 1677 8 0 6 0
E 1677 0 -8 -25
E 1677 1 -8 -25
E 1677 2 -8 -25
E 1677 3 -8 -25
E 1677 4 -8 -25
E 1677 5 7 23
T 1678 14 0 1 0
E 1678 5 17 51
T 1679 1 0 6 0
E 1679 0 -5 -15
E 1679 1 -5 -15
E 1679 2 -5 -15
E 1679 3 -5 -15
E 1679 4 -5 -15
E 1679 5 11 33
T 1680 40 0 6 0
E 1680 0 14 44
E 1680 1 14 44
E 1680 2 14 44
E 1680 3 14 44
E 1680 4 14 44
E 1680 5 14 44
T 1681 42 0 6 0
E 1681 0 -14 -43
E 1681 1 -14 -43
E 1681 2 -14 -43
E 1681 3 -14 -43
E 1681 4 -14 -43
E 1681 5 -15 -46
T 1682 45 0 6 0
E 1682 0 16 49
E 1682 1 16 49
E 1682 2 16 49
E 1682 3 16 49
E 1682 4 16 49
E 1682 5 14 43
T 1683 46 0 6 0
E 1683 0 -15 -47
E 1683 1 -15 -47
E 1683 2 -15 -47
E 1683 3 -15 -47
E 1683 4 -15 -47
E 1683 5 -18 -56
T 1684 49 0 6 0
E 1684 0 18 54
E 1684 1 18 54
E 1684 2 18 54
E 1684 3 18 54
E 1684 4 18 54
E 1684 5 13 41
T 1685 47 0 6 0
E 1685 0 -14 -42
E 1685 1 -14 -42
E 1685 2 -14 -42
E 1685 3 -14 -42
E 1685 4 -14 -42
E 1685 5 -19 -58
T 1686 43 0 6 0
E 1686 0 17 53
E 1686 1 17 53
E 1686 2 17 53
E 1686 3 17 53
E 1686 4 17 53
E 1686 5 11 34
T 1687 46 0 6 0
E 1687 0 -13 -39
E 1687 1 -13 -39
E 1687 2 -13 -39
E 1687 3 -13 -39
E 1687 4 -13 -39
E 1687 5 -20 -61
T 1688 33 0 6 0
E 1688 0 14 43
E 1688 1 14 43
E 1688 2 14 43
E 1688 3 14 43
E 1688 4 14 43
E 1688 5 6 18
T 1689 38 0 6 0
E 1689 0 -10 -32
E 1689 1 -10 -32
E 1689 2 -10 -32
E 1689 3 -10 -32
E 1689 4 -10 -32
E 1689 5 -20 -61
T 1690 33 0 6 0
E 1690 0 15 46
E 1690 1 15 46
E 1690 2 15 46
E 1690 3 15 46
E 1690 4 15 46
E 1690 5 4 14
T 1691 47 0 6 0
E 1691 0 -12 -37
E 1691 1 -12 -37
E 1691 2 -12 -37
E 1691 3 -12 -37
E 1691 4 -12 -37
E 1691 5 -24 -72
T 1692 27 0 5 0
E 1692 0 14 43
E 1692 1 14 43
E 1692 2 14 43
E 1692 3 14 43
E 1692 4 14 43
T 1693 40 0 6 0
E 1693 0 -9 -28
E 1693 1 -9 -28
E 1693 2 -9 -28
E 1693 3 -9 -28
E 1693 4 -9 -28
E 1693 5 -23 -69
T 1694 24 0 5 0
E 1694 0 13 41
E 1694 1 13 41
E 1694 2 13 41
E 1694 3 13 41
E 1694 4 13 41
T 1695 37 0 6 0
E 1695 0 -7 -21
E 1695 1 -7 -21
E 1695 2 -7 -21
E 1695 3 -7 -21
E 1695 4 -7 -21
E 1695 5 -23 -69
T 1696 25 0 5 0
E 1696 0 13 40
E 1696 1 13 40
E 1696 2 13 40
E 1696 3 13 40
E 1696 4 13 40
T 1697 45 0 6 0
E 1697 0 -9 -27
E 1697 1 -9 -27
E 1697 2 -9 -27
E 1697 3 -9 -27
E 1697 4 -9 -27
E 1697 5 -27 -81
T 1698 34 0 5 0
E 1698 0 17 51
E 1698 1 17 51
E 1698 2 17 51
E 1698 3 17 51
E 1698 4 17 51
T 1699 55 0 6 0
E 1699 0 -12 -37
E 1699 1 -12 -37
E 1699 2 -12 -37
E 1699 3 -12 -37
E 1699 4 -12 -37
E 1699 5 -32 -98
T 1700 39 0 5 0
E 1700 0 20 61
E 1700 1 20 61
E 1700 2 20 61
E 1700 3 20 61
E 1700 4 20 61
T 1701 63 0 6 0
E 1701 0 -14 -44
E 1701 1 -14 -44
E 1701 2 -14 -44
E 1701 3 -14 -44
E 1701 4 -14 -44
E 1701 5 -37 -111
T 1702 44 0 5 0
E 1702 0 22 66
E 1702 1 22 66
E 1702 2 22 66
E 1702 3 22 66
E 1702 4 22 66
T 1703 69 0 6 0
E 1703 0 -15 -45
E 1703 1 -15 -45
E 1703 2 -15 -45
E 1703 3 -15 -45
E 1703 4 -15 -45
E 1703 5 -39 -118
T 1704 44 0 5 0
E 1704 0 22 66
E 1704 1 22 66
E 1704 2 22 66
E 1704 3 22 66
E 1704 4 22 66
T 1705 68 0 6 0
E 1705 0 -14 -43
E 1705 1 -14 -43
E 1705 2 -14 -43
E 1705 3 -14 -43
E 1705 4 -14 -43
E 1705 5 -41 -123
T 1706 42 0 6 0
E 1706 0 23 69
E 1706 1 23 69
E 1706 2 23 69
E 1706 3 23 69
E 1706 4 23 69
E 1706 5 -4 -14
T 1707 67 0 6 0
E 1707 0 -13 -39
E 1707 1 -13 -39
E 1707 2 -13 -39
E 1707 3 -13 -39
E 1707 4 -13 -39
E 1707 5 -41 -125
T 1708 35 0 6 0
E 1708 0 22 68
E 1708 1 22 68
E 1708 2 22 68
E 1708 3 22 68
E 1708 4 22 68
E 1708 5 -7 -21
T 1709 66 0 6 0
E 1709 0 -12 -37
E 1709 1 -12 -37
E 1709 2 -12 -37
E 1709 3 -12 -37
E 1709 4 -12 -37
E 1709 5 -43 -130
T 1710 54 0 6 0
E 1710 0 24 74
E 1710 1 24 74
E 1710 2 24 74
E 1710 3 24 74
E 1710 4 24 74
E 1710 5 8 26
T 1711 65 0 6 0
E 1711 0 -17 -53
E 1711 1 -17 -53
E 1711 2 -17 -53
E 1711 3 -17 -53
E 1711 4 -17 -53
E 1711 5 -33 -101
T 1712 47 0 6 0
E 1712 0 21 63
E 1712 1 21 63
E 1712 2 21 63
E 1712 3 21 63
E 1712 4 21 63
E 1712 5 5 15
T 1713 61 0 6 0
E 1713 0 -15 -45
E 1713 1 -15 -45
E 1713 2 -15 -45
E 1713 3 -15 -45
E 1713 4 -15 -45
E 1713 5 -31 -93
T 1714 53 0 6 0
E 1714 0 23 69
E 1714 1 23 69
E 1714 2 23 69
E 1714 3 23 69
E 1714 4 23 69
E 1714 5 7 21
T 1715 69 0 6 0
E 1715 0 -18 -55
E 1715 1 -18 -55
E 1715 2 -18 -55
E 1715 3 -18 -55
E 1715 4 -18 -55
E 1715 5 -34 -103
T 1716 59 0 6 0
E 1716 0 25 75
E 1716 1 25 75
E 1716 2 25 75
E 1716 3 25 75
E 1716 4 25 75
E 1716 5 9 27
T 1717 68 0 6 0
E 1717 0 -18 -56
E 1717 1 -18 -56
E 1717 2 -18 -56
E 1717 3 -18 -56
E 1717 4 -18 -56
E 1717 5 -34 -104
T 1718 48 0 6 0
E 1718 0 22 68
E 1718 1 22 68
E 1718 2 22 68
E 1718 3 22 68
E 1718 4 22 68
E 1718 5 6 20
T 1719 67 0 6 0
E 1719 0 -17 -51
E 1719 1 -17 -51
E 1719 2 -17 -51
E 1719 3 -17 -51
E 1719 4 -17 -51
E 1719 5 -33 -99
T 1720 45 0 6 0
E 1720 0 21 65
E 1720 1 21 65
E 1720 2 21 65
E 1720 3 21 65
E 1720 4 21 65
E 1720 5 5 17
T 1721 64 0 6 0
E 1721 0 -16 -48
E 1721 1 -16 -48
E 1721 2 -16 -48
E 1721 3 -16 -48
E 1721 4 -16 -48
E 1721 5 -32 -96
T 1722 45 0 6 0
E 1722 0 21 65
E 1722 1 21 65
E 1722 2 21 65
E 1722 3 21 65
E 1722 4 21 65
E 1722 5 5 17
T 1723 54 0 6 0
E 1723 0 -13 -40
E 1723 1 -13 -40
E 1723 2 -13 -40
E 1723 3 -13 -40
E 1723 4 -13 -40
E 1723 5 -29 -88
T 1724 37 0 5 0
E 1724 0 19 58
E 1724 1 19 58
E 1724 2 19 58
E 1724 3 19 58
E 1724 4 19 58
T 1725 50 0 6 0
E 1725 0 -12 -38
E 1725 1 -12 -38
E 1725 2 -12 -38
E 1725 3 -12 -38
E 1725 4 -12 -38
E 1725 5 -28 -86
T 1726 33 0 5 0
E 1726 0 17 52
E 1726 1 17 52
E 1726 2 17 52
E 1726 3 17 52
E 1726 4 17 52
T 1727 38 0 6 0
E 1727 0 -8 -26
E 1727 1 -8 -26
E 1727 2 -8 -26
E 1727 3 -8 -26
E 1727 4 -8 -26
E 1727 5 -24 -74
T 1728 22 0 5 0
E 1728 0 12 38
E 1728 1 12 38
E 1728 2 12 38
E 1728 3 12 38
E 1728 4 12 38
T 1729 33 0 6 0
E 1729 0 -6 -19
E 1729 1 -6 -19
E 1729 2 -6 -19
E 1729 3 -6 -19
E 1729 4 -6 -19
E 1729 5 -22 -67
T 1730 25 0 5 0
E 1730 0 13 40
E 1730 1 13 40
E 1730 2 13 40
E 1730 3 13 40
E 1730 4 13 40
T 1731 42 0 6 0
E 1731 0 -9 -28
E 1731 1 -9 -28
E 1731 2 -9 -28
E 1731 3 -9 -28
E 1731 4 -9 -28
E 1731 5 -25 -76
T 1732 27 0 5 0
E 1732 0 14 43
E 1732 1 14 43
E 1732 2 14 43
E 1732 3 14 43
E 1732 4 14 43
T 1733 35 0 6 0
E 1733 0 -7 -23
E 1733 1 -7 -23
E 1733 2 -7 -23
E 1733 3 -7 -23
E 1733 4 -7 -23
E 1733 5 -23 -71
T 1734 16 0 6 0
E 1734 0 11 35
E 1734 1 11 35
E 1734 2 11 35
E 1734 3 11 35
E 1734 4 11 35
E 1734 5 -4 -13
T 1735 8 0 1 0
E 1735 5 -19 -59
T 1736 19 0 1 0
E 1736 5 -14 -43
T 1737 8 0 6 0
E 1737 0 8 24
E 1737 1 8 24
E 1737 2 8 24
E 1737 3 8 24
E 1737 4 8 24
E 1737 5 -8 -24
T 1738 10 0 1 0
E 1738 5 -18 -56
T 1739 1 0 6 0
E 1739 0 5 16
E 1739 1 5 16
E 1739 2 5 16
E 1739 3 5 16
E 1739 4 5 16
E 1739 5 -10 -32
T 1740 15 0 1 0
E 1740 5 -16 -49
T 1741 22 0 1 0
E 1741 5 -12 -38
T 1742 8 0 6 0
E 1742 0 8 25
E 1742 1 8 25
E 1742 2 8 25
E 1742 3 8 25
E 1742 4 8 25
E 1742 5 -7 -23
T 1743 27 0 6 0
E 1743 0 -4 -13
E 1743 1 -4 -13
E 1743 2 -4 -13
E 1743 3 -4 -13
E 1743 4 -4 -13
E 1743 5 -20 -61
T 1744 11 0 6 0
E 1744 0 9 27
E 1744 1 9 27
E 1744 2 9 27
E 1744 3 9 27
E 1744 4 9 27
E 1744 5 -7 -21
T 1745 8 0 1 0
E 1745 5 -19 -59
T 1746 23 0 1 0
E 1746 5 -12 -37
T 1747 11 0 6 0
E 1747 0 9 27
E 1747 1 9 27
E 1747 2 9 27
E 1747 3 9 27
E 1747 4 9 27
E 1747 5 -7 -21
T 1748 26 0 6 0
E 1748 0 -4 -14
E 1748 1 -4 -14
E 1748 2 -4 -14
E 1748 3 -4 -14
E 1748 4 -4 -14
E 1748 5 -20 -62
T 1749 8 0 6 0
E 1749 0 8 24
E 1749 1 8 24
E 1749 2 8 24
E 1749 3 8 24
E 1749 4 8 24
E 1749 5 -8 -24
T 1750 13 0 1 0
E 1750 5 -17 -52
T 1751 5 0 6 0
E 1751 0 4 14
E 1751 1 4 14
E 1751 2 4 14
E 1751 3 4 14
E 1751 4 4 14
E 1751 5 -11 -34
T 1752 21 0 1 0
E 1752 5 -13 -40
T 1753 8 0 6 0
E 1753 0 8 25
E 1753 1 8 25
E 1753 2 8 25
E 1753 3 8 25
E 1753 4 8 25
E 1753 5 -7 -23
T 1754 16 0 1 0
E 1754 5 -16 -48
T 1755 1 0 6 0
E 1755 0 6 20
E 1755 1 6 20
E 1755 2 6 20
E 1755 3 6 20
E 1755 4 6 20
E 1755 5 -9 -28
T 1756 12 0 1 0
E 1756 5 -17 -53
T 1757 21 0 1 0
E 1757 5 -13 -40
T 1758 8 0 6 0
E 1758 0 8 24
E 1758 1 8 24
E 1758 2 8 24
E 1758 3 8 24
E 1758 4 8 24
E 1758 5 -8 -24
T 1759 12 0 1 0
E 1759 5 -18 -54
T 1760 1 0 6 0
E 1760 0 5 15
E 1760 1 5 15
E 1760 2 5 15
E 1760 3 5 15
E 1760 4 5 15
E 1760 5 -11 -33
T 1761 13 0 1 0
E 1761 5 -17 -52
T 1762 23 0 1 0
E 1762 5 -12 -37
T 1763 2 0 6 0
E 1763 0 6 18
E 1763 1 6 18
E 1763 2 6 18
E 1763 3 6 18
E 1763 4 6 18
E 1763 5 -10 -30
T 1764 14 0 1 0
E 1764 5 -17 -51
T 1765 1 0 6 0
E 1765 0 5 16
E 1765 1 5 16
E 1765 2 5 16
E 1765 3 5 16
E 1765 4 5 16
E 1765 5 -10 -32
T 1766 14 0 1 0
E 1766 5 -16 -50
T 1767 5 0 6 0
E 1767 0 7 22
E 1767 1 7 22
E 1767 2 7 22
E 1767 3 7 22
E 1767 4 7 22
E 1767 5 -8 -26
T 1768 14 0 1 0
E 1768 5 -16 -50
T 1769 5 0 6 0
E 1769 0 7 21
E 1769 1 7 21
E 1769 2 7 21
E 1769 3 7 21
E 1769 4 7 21
E 1769 5 -9 -27
T 1770 14 0 1 0
E 1770 5 -16 -50
T 1771 22 0 1 0
E 1771 5 -12 -38
T 1772 2 0 6 0
E 1772 0 6 18
E 1772 1 6 18
E 1772 2 6 18
E 1772 3 6 18
E 1772 4 6 18
E 1772 5 -10 -30
T 1773 15 0 1 0
E 1773 5 -16 -49
T 1774 1 0 6 0
E 1774 0 6 20
E 1774 1 6 20
E 1774 2 6 20
E 1774 3 6 20
E 1774 4 6 20
E 1774 5 -9 -28
T 1775 15 0 1 0
E 1775 5 -16 -49
T 1776 22 0 1 0
E 1776 5 -12 -38
T 1777 6 0 6 0
E 1777 0 7 21
E 1777 1 7 21
E 1777 2 7 21
E 1777 3 7 21
E 1777 4 7 21
E 1777 5 -8 -24
T 1778 7 0 1 0
E 1778 5 -18 -54
T 1779 21 0 1 0
E 1779 5 -9 -28
T 1780 5 0 6 0
E 1780 0 6 19
E 1780 1 6 19
E 1780 2 6 19
E 1780 3 6 19
E 1780 4 6 19
E 1780 5 -6 -18
T 1781 5 0 1 0
E 1781 5 -14 -44
T 1782 14 0 1 0
E 1782 5 -9 -27
T 1783 17 0 1 0
E 1783 5 -6 -19
T 1784 11 0 5 0
E 1784 0 6 19
E 1784 1 6 19
E 1784 2 6 19
E 1784 3 6 19
E 1784 4 6 19
T 1785 19 0 6 0
E 1785 0 -4 -13
E 1785 1 -4 -13
E 1785 2 -4 -13
E 1785 3 -4 -13
E 1785 4 -4 -13
E 1785 5 -12 -37
T 1786 9 0 5 0
E 1786 0 5 16
E 1786 1 5 16
E 1786 2 5 16
E 1786 3 5 16
E 1786 4 5 16
T 1787 2 0 1 0
E 1787 5 -10 -31
T 1788 1 0 1 0
E 1788 5 -8 -26
T 1789 5 0 1 0
E 1789 5 -4 -13
T 1790 5 0 0 0
T 1791 6 0 0 0
T 1792 2 0 0 0
T 1793 5 0 0 0
T 1794 11 0 0 0
T 1795 8 0 0 0
T 1796 9 0 0 0
T 1797 6 0 0 0
T 1798 3 0 0 0
T 1799 3 0 0 0
T 1800 5 0 0 0
T 1801 10 0 0 0
T 1802 10 0 0 0
T 1803 12 0 1 0
E 1803 5 5 15
T 1804 13 0 1 0
E 1804 5 5 17
T 1805 10 0 5 0
E 1805 0 -6 -20
E 1805 1 -6 -20
E 1805 2 -6 -20
E 1805 3 -6 -20
E 1805 4 -6 -20
T 1806 5 0 1 0
E 1806 5 12 37
T 1807 18 0 1 0
E 1807 5 6 18
T 1808 5 0 6 0
E 1808 0 -5 -16
E 1808 1 -5 -16
E 1808 2 -5 -16
E 1808 3 -5 -16
E 1808 4 -5 -16
E 1808 5 4 14
T 1809 3 0 1 0
E 1809 5 13 40
T 1810 11 0 1 0
E 1810 5 9 28
T 1811 5 0 6 0
E 1811 0 -5 -16
E 1811 1 -5 -16
E 1811 2 -5 -16
E 1811 3 -5 -16
E 1811 4 -5 -16
E 1811 5 4 14
T 1812 7 0 1 0
E 1812 5 11 34
T 1813 12 0 1 0
E 1813 5 9 27
T 1814 12 0 5 0
E 1814 0 -6 -18
E 1814 1 -6 -18
E 1814 2 -6 -18
E 1814 3 -6 -18
E 1814 4 -6 -18
T 1815 6 0 1 0
E 1815 5 11 35
T 1816 10 0 1 0
E 1816 5 9 29
T 1817 16 0 1 0
E 1817 5 7 21
T 1818 5 0 6 0
E 1818 0 -5 -16
E 1818 1 -5 -16
E 1818 2 -5 -16
E 1818 3 -5 -16
E 1818 4 -5 -16
E 1818 5 4 14
T 1819 4 0 1 0
E 1819 5 12 38
T 1820 14 0 1 0
E 1820 5 8 24
T 1821 4 0 6 0
E 1821 0 -5 -17
E 1821 1 -5 -17
E 1821 2 -5 -17
E 1821 3 -5 -17
E 1821 4 -5 -17
E 1821 5 4 13
T 1822 11 0 1 0
E 1822 5 9 28
T 1823 17 0 1 0
E 1823 5 6 19
T 1824 14 0 5 0
E 1824 0 -7 -21
E 1824 1 -7 -21
E 1824 2 -7 -21
E 1824 3 -7 -21
E 1824 4 -7 -21
T 1825 21 0 6 0
E 1825 0 4 13
E 1825 1 4 13
E 1825 2 4 13
E 1825 3 4 13
E 1825 4 4 13
E 1825 5 14 43
T 1826 18 0 5 0
E 1826 0 -9 -27
E 1826 1 -9 -27
E 1826 2 -9 -27
E 1826 3 -9 -27
E 1826 4 -9 -27
T 1827 2 0 1 0
E 1827 5 14 43
T 1828 9 0 1 0
E 1828 5 11 34
T 1829 15 0 1 0
E 1829 5 8 26
T 1830 13 0 5 0
E 1830 0 -7 -22
E 1830 1 -7 -22
E 1830 2 -7 -22
E 1830 3 -7 -22
E 1830 4 -7 -22
T 1831 7 0 1 0
E 1831 5 13 40
T 1832 19 0 1 0
E 1832 5 7 22
T 1833 3 0 6 0
E 1833 0 -5 -16
E 1833 1 -5 -16
E 1833 2 -5 -16
E 1833 3 -5 -16
E 1833 4 -5 -16
E 1833 5 6 19
T 1834 8 0 1 0
E 1834 5 13 41
T 1835 20 0 1 0
E 1835 5 8 24
T 1836 14 0 5 0
E 1836 0 -8 -26
E 1836 1 -8 -26
E 1836 2 -8 -26
E 1836 3 -8 -26
E 1836 4 -8 -26
T 1837 29 0 6 0
E 1837 0 6 19
E 1837 1 6 19
E 1837 2 6 19
E 1837 3 6 19
E 1837 4 6 19
E 1837 5 18 56
T 1838 16 0 5 0
E 1838 0 -9 -29
E 1838 1 -9 -29
E 1838 2 -9 -29
E 1838 3 -9 -29
E 1838 4 -9 -29
T 1839 29 0 6 0
E 1839 0 6 20
E 1839 1 6 20
E 1839 2 6 20
E 1839 3 6 20
E 1839 4 6 20
E 1839 5 19 59
T 1840 20 0 5 0
E 1840 0 -10 -30
E 1840 1 -10 -30
E 1840 2 -10 -30
E 1840 3 -10 -30
E 1840 4 -10 -30
T 1841 37 0 6 0
E 1841 0 8 24
E 1841 1 8 24
E 1841 2 8 24
E 1841 3 8 24
E 1841 4 8 24
E 1841 5 21 64
T 1842 25 0 5 0
E 1842 0 -13 -40
E 1842 1 -13 -40
E 1842 2 -13 -40
E 1842 3 -13 -40
E 1842 4 -13 -40
T 1843 40 0 6 0
E 1843 0 9 27
E 1843 1 9 27
E 1843 2 9 27
E 1843 3 9 27
E 1843 4 9 27
E 1843 5 22 68
T 1844 32 0 5 0
E 1844 0 -16 -48
E 1844 1 -16 -48
E 1844 2 -16 -48
E 1844 3 -16 -48
E 1844 4 -16 -48
T 1845 45 0 6 0
E 1845 0 11 35
E 1845 1 11 35
E 1845 2 11 35
E 1845 3 11 35
E 1845 4 11 35
E 1845 5 25 77
T 1846 31 0 5 0
E 1846 0 -16 -49
E 1846 1 -16 -49
E 1846 2 -16 -49
E 1846 3 -16 -49
E 1846 4 -16 -49
T 1847 41 0 6 0
E 1847 0 9 27
E 1847 1 9 27
E 1847 2 9 27
E 1847 3 9 27
E 1847 4 9 27
E 1847 5 23 70
T 1848 27 0 5 0
E 1848 0 -14 -43
E 1848 1 -14 -43
E 1848 2 -14 -43
E 1848 3 -14 -43
E 1848 4 -14 -43
T 1849 45 0 6 0
E 1849 0 10 30
E 1849 1 10 30
E 1849 2 10 30
E 1849 3 10 30
E 1849 4 10 30
E 1849 5 25 75
T 1850 30 0 5 0
E 1850 0 -16 -50
E 1850 1 -16 -50
E 1850 2 -16 -50
E 1850 3 -16 -50
E 1850 4 -16 -50
T 1851 48 0 6 0
E 1851 0 11 33
E 1851 1 11 33
E 1851 2 11 33
E 1851 3 11 33
E 1851 4 11 33
E 1851 5 26 79
T 1852 30 0 5 0
E 1852 0 -16 -50
E 1852 1 -16 -50
E 1852 2 -16 -50
E 1852 3 -16 -50
E 1852 4 -16 -50
T 1853 45 0 6 0
E 1853 0 10 31
E 1853 1 10 31
E 1853 2 10 31
E 1853 3 10 31
E 1853 4 10 31
E 1853 5 26 78
T 1854 27 0 5 0
E 1854 0 -14 -43
E 1854 1 -14 -43
E 1854 2 -14 -43
E 1854 3 -14 -43
E 1854 4 -14 -43
T 1855 42 0 6 0
E 1855 0 9 28
E 1855 1 9 28
E 1855 2 9 28
E 1855 3 9 28
E 1855 4 9 28
E 1855 5 25 76
T 1856 25 0 5 0
E 1856 0 -13 -40
E 1856 1 -13 -40
E 1856 2 -13 -40
E 1856 3 -13 -40
E 1856 4 -13 -40
T 1857 35 0 6 0
E 1857 0 7 23
E 1857 1 7 23
E 1857 2 7 23
E 1857 3 7 23
E 1857 4 7 23
E 1857 5 23 71
T 1858 24 0 5 0
E 1858 0 -13 -41
E 1858 1 -13 -41
E 1858 2 -13 -41
E 1858 3 -13 -41
E 1858 4 -13 -41
T 1859 42 0 6 0
E 1859 0 9 28
E 1859 1 9 28
E 1859 2 9 28
E 1859 3 9 28
E 1859 4 9 28
E 1859 5 25 76
T 1860 30 0 5 0
E 1860 0 -15 -45
E 1860 1 -15 -45
E 1860 2 -15 -45
E 1860 3 -15 -45
E 1860 4 -15 -45
T 1861 45 0 6 0
E 1861 0 10 31
E 1861 1 10 31
E 1861 2 10 31
E 1861 3 10 31
E 1861 4 10 31
E 1861 5 26 79
T 1862 24 0 5 0
E 1862 0 -13 -41
E 1862 1 -13 -41
E 1862 2 -13 -41
E 1862 3 -13 -41
E 1862 4 -13 -41
T 1863 33 0 6 0
E 1863 0 6 19
E 1863 1 6 19
E 1863 2 6 19
E 1863 3 6 19
E 1863 4 6 19
E 1863 5 22 67
T 1864 17 0 6 0
E 1864 0 -11 -34
E 1864 1 -11 -34
E 1864 2 -11 -34
E 1864 3 -11 -34
E 1864 4 -11 -34
E 1864 5 4 14
T 1865 9 0 1 0
E 1865 5 19 58
T 1866 22 0 1 0
E 1866 5 13 39
T 1867 11 0 6 0
E 1867 0 -9 -28
E 1867 1 -9 -28
E 1867 2 -9 -28
E 1867 3 -9 -28
E 1867 4 -9 -28
E 1867 5 6 20
T 1868 27 0 6 0
E 1868 0 4 13
E 1868 1 4 13
E 1868 2 4 13
E 1868 3 4 13
E 1868 4 4 13
E 1868 5 20 61
T 1869 8 0 6 0
E 1869 0 -8 -25
E 1869 1 -8 -25
E 1869 2 -8 -25
E 1869 3 -8 -25
E 1869 4 -8 -25
E 1869 5 7 23
T 1870 8 0 1 0
E 1870 5 20 60
T 1871 19 0 1 0
E 1871 5 14 43
T 1872 1 0 6 0
E 1872 0 -6 -20
E 1872 1 -6 -20
E 1872 2 -6 -20
E 1872 3 -6 -20
E 1872 4 -6 -20
E 1872 5 9 28
T 1873 16 0 1 0
E 1873 5 15 47
T 1874 5 0 6 0
E 1874 0 -4 -14
E 1874 1 -4 -14
E 1874 2 -4 -14
E 1874 3 -4 -14
E 1874 4 -4 -14
E 1874 5 11 34
T 1875 20 0 1 0
E 1875 5 14 42
T 1876 1 0 6 0
E 1876 0 -5 -16
E 1876 1 -5 -16
E 1876 2 -5 -16
E 1876 3 -5 -16
E 1876 4 -5 -16
E 1876 5 10 32
T 1877 18 0 1 0
E 1877 5 14 44
T 1878 5 0 6 0
E 1878 0 -7 -22
E 1878 1 -7 -22
E 1878 2 -7 -22
E 1878 3 -7 -22
E 1878 4 -7 -22
E 1878 5 8 26
T 1879 13 0 1 0
E 1879 5 17 52
T 1880 22 0 1 0
E 1880 5 13 39
T 1881 5 0 6 0
E 1881 0 -7 -21
E 1881 1 -7 -21
E 1881 2 -7 -21
E 1881 3 -7 -21
E 1881 4 -7 -21
E 1881 5 9 27
T 1882 12 0 1 0
E 1882 5 18 54
T 1883 24 0 1 0
E 1883 5 12 36
T 1884 5 0 6 0
E 1884 0 -7 -21
E 1884 1 -7 -21
E 1884 2 -7 -21
E 1884 3 -7 -21
E 1884 4 -7 -21
E 1884 5 9 27
T 1885 12 0 1 0
E 1885 5 17 53
T 1886 1 0 6 0
E 1886 0 -6 -20
E 1886 1 -6 -20
E 1886 2 -6 -20
E 1886 3 -6 -20
E 1886 4 -6 -20
E 1886 5 9 28
T 1887 16 0 1 0
E 1887 5 15 47
T 1888 1 0 6 0
E 1888 0 -5 -16
E 1888 1 -5 -16
E 1888 2 -5 -16
E 1888 3 -5 -16
E 1888 4 -5 -16
E 1888 5 10 32
T 1889 16 0 1 0
E 1889 5 15 47
T 1890 5 0 6 0
E 1890 0 -4 -14
E 1890 1 -4 -14
E 1890 2 -4 -14
E 1890 3 -4 -14
E 1890 4 -4 -14
E 1890 5 11 34
T 1891 22 0 1 0
E 1891 5 12 38
T 1892 10 0 6 0
E 1892 0 -9 -29
E 1892 1 -9 -29
E 1892 2 -9 -29
E 1892 3 -9 -29
E 1892 4 -9 -29
E 1892 5 6 19
T 1893 8 0 1 0
E 1893 5 20 60
T 1894 20 0 1 0
E 1894 5 14 42
T 1895 1 0 6 0
E 1895 0 -6 -20
E 1895 1 -6 -20
E 1895 2 -6 -20
E 1895 3 -6 -20
E 1895 4 -6 -20
E 1895 5 9 28
T 1896 14 0 1 0
E 1896 5 17 51
T 1897 2 0 6 0
E 1897 0 -6 -18
E 1897 1 -6 -18
E 1897 2 -6 -18
E 1897 3 -6 -18
E 1897 4 -6 -18
E 1897 5 10 30
T 1898 19 0 1 0
E 1898 5 14 43
T 1899 2 0 6 0
E 1899 0 -6 -18
E 1899 1 -6 -18
E 1899 2 -6 -18
E 1899 3 -6 -18
E 1899 4 -6 -18
E 1899 5 10 30
T 1900 17 0 1 0
E 1900 5 15 46
T 1901 1 0 6 0
E 1901 0 -5 -15
E 1901 1 -5 -15
E 1901 2 -5 -15
E 1901 3 -5 -15
E 1901 4 -5 -15
E 1901 5 11 33
T 1902 20 0 1 0
E 1902 5 14 42
T 1903 8 0 6 0
E 1903 0 -8 -25
E 1903 1 -8 -25
E 1903 2 -8 -25
E 1903 3 -8 -25
E 1903 4 -8 -25
E 1903 5 7 23
T 1904 13 0 1 0
E 1904 5 17 52
T 1905 22 0 1 0
E 1905 5 13 39
T 1906 2 0 6 0
E 1906 0 -6 -18
E 1906 1 -6 -18
E 1906 2 -6 -18
E 1906 3 -6 -18
E 1906 4 -6 -18
E 1906 5 10 30
T 1907 14 0 1 0
E 1907 5 16 50
T 1908 2 0 6 0
E 1908 0 -5 -17
E 1908 1 -5 -17
E 1908 2 -5 -17
E 1908 3 -5 -17
E 1908 4 -5 -17
E 1908 5 10 31
T 1909 20 0 1 0
E 1909 5 14 42
T 1910 1 0 6 0
E 1910 0 -5 -15
E 1910 1 -5 -15
E 1910 2 -5 -15
E 1910 3 -5 -15
E 1910 4 -5 -15
E 1910 5 11 33
T 1911 14 0 1 0
E 1911 5 17 51
T 1912 2 0 6 0
E 1912 0 -6 -19
E 1912 1 -6 -19
E 1912 2 -6 -19
E 1912 3 -6 -19
E 1912 4 -6 -19
E 1912 5 9 29
T 1913 15 0 1 0
E 1913 5 16 49
T 1914 23 0 1 0
E 1914 5 12 37
T 1915 10 0 6 0
E 1915 0 -9 -29
E 1915 1 -9 -29
E 1915 2 -9 -29
E 1915 3 -9 -29
E 1915 4 -9 -29
E 1915 5 6 19
T 1916 13 0 1 0
E 1916 5 17 52
T 1917 24 0 1 0
E 1917 5 12 36
T 1918 14 0 6 0
E 1918 0 -10 -31
E 1918 1 -10 -31
E 1918 2 -10 -31
E 1918 3 -10 -31
E 1918 4 -10 -31
E 1918 5 5 17
T 1919 11 0 1 0
E 1919 5 18 55
T 1920 39 0 6 0
E 1920 0 13 39
E 1920 1 13 39
E 1920 2 13 39
E 1920 3 13 39
E 1920 4 13 39
E 1920 5 13 39
T 1921 29 0 6 0
E 1921 0 -10 -32
E 1921 1 -10 -32
E 1921 2 -10 -32
E 1921 3 -10 -32
E 1921 4 -10 -32
E 1921 5 -11 -35
T 1922 21 0 6 0
E 1922 0 8 25
E 1922 1 8 25
E 1922 2 8 25
E 1922 3 8 25
E 1922 4 8 25
E 1922 5 6 19
T 1923 23 0 6 0
E 1923 0 -7 -22
E 1923 1 -7 -22
E 1923 2 -7 -22
E 1923 3 -7 -22
E 1923 4 -7 -22
E 1923 5 -10 -31
T 1924 18 0 6 0
E 1924 0 8 26
E 1924 1 8 26
E 1924 2 8 26
E 1924 3 8 26
E 1924 4 8 26
E 1924 5 4 13
T 1925 19 0 6 0
E 1925 0 -5 -16
E 1925 1 -5 -16
E 1925 2 -5 -16
E 1925 3 -5 -16
E 1925 4 -5 -16
E 1925 5 -10 -32
T 1926 12 0 5 0
E 1926 0 7 23
E 1926 1 7 23
E 1926 2 7 23
E 1926 3 7 23
E 1926 4 7 23
T 1927 21 0 6 0
E 1927 0 -5 -16
E 1927 1 -5 -16
E 1927 2 -5 -16
E 1927 3 -5 -16
E 1927 4 -5 -16
E 1927 5 -12 -38
T 1928 9 0 5 0
E 1928 0 5 16
E 1928 1 5 16
E 1928 2 5 16
E 1928 3 5 16
E 1928 4 5 16
T 1929 7 0 1 0
E 1929 5 -11 -33
T 1930 0 0 6 0
E 1930 0 4 14
E 1930 1 4 14
E 1930 2 4 14
E 1930 3 4 14
E 1930 4 4 14
E 1930 5 -6 -18
T 1931 13 0 1 0
E 1931 5 -11 -33
T 1932 2 0 6 0
E 1932 0 4 14
E 1932 1 4 14
E 1932 2 4 14
E 1932 3 4 14
E 1932 4 4 14
E 1932 5 -8 -24
T 1933 16 0 1 0
E 1933 5 -12 -37
T 1934 0 0 6 0
E 1934 0 5 15
E 1934 1 5 15
E 1934 2 5 15
E 1934 3 5 15
E 1934 4 5 15
E 1934 5 -10 -30
T 1935 15 0 1 0
E 1935 5 -16 -49
T 1936 3 0 6 0
E 1936 0 5 17
E 1936 1 5 17
E 1936 2 5 17
E 1936 3 5 17
E 1936 4 5 17
E 1936 5 -11 -34
T 1937 21 0 1 0
E 1937 5 -16 -49
T 1938 5 0 6 0
E 1938 0 5 17
E 1938 1 5 17
E 1938 2 5 17
E 1938 3 5 17
E 1938 4 5 17
E 1938 5 -13 -40
T 1939 25 0 1 0
E 1939 5 -17 -53
T 1940 9 0 6 0
E 1940 0 10 30
E 1940 1 10 30
E 1940 2 10 30
E 1940 3 10 30
E 1940 4 10 30
E 1940 5 -11 -34
T 1941 15 0 1 0
E 1941 5 -25 -77
T 1942 3 0 6 0
E 1942 0 7 22
E 1942 1 7 22
E 1942 2 7 22
E 1942 3 7 22
E 1942 4 7 22
E 1942 5 -16 -48
T 1943 29 0 1 0
E 1943 5 -21 -65
T 1944 6 0 6 0
E 1944 0 11 35
E 1944 1 11 35
E 1944 2 11 35
E 1944 3 11 35
E 1944 4 11 35
E 1944 5 -14 -42
T 1945 23 0 1 0
E 1945 5 -28 -85
T 1946 7 0 6 0
E 1946 0 7 22
E 1946 1 7 22
E 1946 2 7 22
E 1946 3 7 22
E 1946 4 7 22
E 1946 5 -20 -61
T 1947 33 0 1 0
E 1947 5 -26 -79
T 1948 1 0 6 0
E 1948 0 10 30
E 1948 1 10 30
E 1948 2 10 30
E 1948 3 10 30
E 1948 4 10 30
E 1948 5 -19 -59
T 1949 33 0 1 0
E 1949 5 -29 -89
T 1950 25 0 5 0
E 1950 0 13 40
E 1950 1 13 40
E 1950 2 13 40
E 1950 3 13 40
E 1950 4 13 40
T 1951 35 0 6 0
E 1951 0 -7 -23
E 1951 1 -7 -23
E 1951 2 -7 -23
E 1951 3 -7 -23
E 1951 4 -7 -23
E 1951 5 -23 -71
T 1952 14 0 6 0
E 1952 0 10 31
E 1952 1 10 31
E 1952 2 10 31
E 1952 3 10 31
E 1952 4 10 31
E 1952 5 -5 -17
T 1953 10 0 1 0
E 1953 5 -18 -56
T 1954 21 0 1 0
E 1954 5 -13 -40
T 1955 10 0 6 0
E 1955 0 9 29
E 1955 1 9 29
E 1955 2 9 29
E 1955 3 9 29
E 1955 4 9 29
E 1955 5 -6 -19
T 1956 27 0 6 0
E 1956 0 -4 -13
E 1956 1 -4 -13
E 1956 2 -4 -13
E 1956 3 -4 -13
E 1956 4 -4 -13
E 1956 5 -20 -61
T 1957 7 0 6 0
E 1957 0 8 26
E 1957 1 8 26
E 1957 2 8 26
E 1957 3 8 26
E 1957 4 8 26
E 1957 5 -7 -22
T 1958 14 0 1 0
E 1958 5 -17 -51
T 1959 5 0 6 0
E 1959 0 4 14
E 1959 1 4 14
E 1959 2 4 14
E 1959 3 4 14
E 1959 4 4 14
E 1959 5 -11 -34
T 1960 16 0 1 0
E 1960 5 -15 -47
T 1961 4 0 6 0
E 1961 0 7 23
E 1961 1 7 23
E 1961 2 7 23
E 1961 3 7 23
E 1961 4 7 23
E 1961 5 -8 -25
T 1962 10 0 1 0
E 1962 5 -18 -56
T 1963 23 0 1 0
E 1963 5 -12 -37
T 1964 4 0 6 0
E 1964 0 7 23
E 1964 1 7 23
E 1964 2 7 23
E 1964 3 7 23
E 1964 4 7 23
E 1964 5 -8 -25
T 1965 15 0 1 0
E 1965 5 -16 -49
T 1966 5 0 6 0
E 1966 0 7 21
E 1966 1 7 21
E 1966 2 7 21
E 1966 3 7 21
E 1966 4 7 21
E 1966 5 -9 -27
T 1967 16 0 1 0
E 1967 5 -15 -47
T 1968 2 0 6 0
E 1968 0 6 19
E 1968 1 6 19
E 1968 2 6 19
E 1968 3 6 19
E 1968 4 6 19
E 1968 5 -9 -29
T 1969 16 0 1 0
E 1969 5 -15 -47
T 1970 1 0 6 0
E 1970 0 6 20
E 1970 1 6 20
E 1970 2 6 20
E 1970 3 6 20
E 1970 4 6 20
E 1970 5 -9 -28
T 1971 15 0 1 0
E 1971 5 -16 -49
T 1972 23 0 1 0
E 1972 5 -12 -37
T 1973 5 0 6 0
E 1973 0 7 21
E 1973 1 7 21
E 1973 2 7 21
E 1973 3 7 21
E 1973 4 7 21
E 1973 5 -9 -27
T 1974 14 0 1 0
E 1974 5 -16 -50
T 1975 4 0 6 0
E 1975 0 4 13
E 1975 1 4 13
E 1975 2 4 13
E 1975 3 4 13
E 1975 4 4 13
E 1975 5 -11 -35
T 1976 16 0 1 0
E 1976 5 -15 -47
T 1977 5 0 6 0
E 1977 0 7 21
E 1977 1 7 21
E 1977 2 7 21
E 1977 3 7 21
E 1977 4 7 21
E 1977 5 -9 -27
T 1978 14 0 1 0
E 1978 5 -17 -51
T 1979 5 0 6 0
E 1979 0 4 14
E 1979 1 4 14
E 1979 2 4 14
E 1979 3 4 14
E 1979 4 4 14
E 1979 5 -11 -34
T 1980 23 0 1 0
E 1980 5 -12 -37
T 1981 7 0 6 0
E 1981 0 8 26
E 1981 1 8 26
E 1981 2 8 26
E 1981 3 8 26
E 1981 4 8 26
E 1981 5 -7 -22
T 1982 10 0 1 0
E 1982 5 -18 -56
T 1983 20 0 1 0
E 1983 5 -13 -41
T 1984 5 0 6 0
E 1984 0 7 22
E 1984 1 7 22
E 1984 2 7 22
E 1984 3 7 22
E 1984 4 7 22
E 1984 5 -8 -26
T 1985 18 0 1 0
E 1985 5 -15 -45
T 1986 1 0 6 0
E 1986 0 5 15
E 1986 1 5 15
E 1986 2 5 15
E 1986 3 5 15
E 1986 4 5 15
E 1986 5 -11 -33
T 1987 18 0 1 0
E 1987 5 -14 -44
T 1988 2 0 6 0
E 1988 0 6 19
E 1988 1 6 19
E 1988 2 6 19
E 1988 3 6 19
E 1988 4 6 19
E 1988 5 -9 -29
T 1989 17 0 1 0
E 1989 5 -15 -46
T 1990 1 0 6 0
E 1990 0 5 15
E 1990 1 5 15
E 1990 2 5 15
E 1990 3 5 15
E 1990 4 5 15
E 1990 5 -11 -33
T 1991 14 0 1 0
E 1991 5 -16 -50
T 1992 1 0 6 0
E 1992 0 6 20
E 1992 1 6 20
E 1992 2 6 20
E 1992 3 6 20
E 1992 4 6 20
E 1992 5 -9 -28
T 1993 16 0 1 0
E 1993 5 -16 -48
T 1994 5 0 6 0
E 1994 0 7 21
E 1994 1 7 21
E 1994 2 7 21
E 1994 3 7 21
E 1994 4 7 21
E 1994 5 -9 -27
T 1995 18 0 1 0
E 1995 5 -15 -45
T 1996 2 0 6 0
E 1996 0 6 18
E 1996 1 6 18
E 1996 2 6 18
E 1996 3 6 18
E 1996 4 6 18
E 1996 5 -10 -30
T 1997 18 0 1 0
E 1997 5 -14 -44
T 1998 5 0 6 0
E 1998 0 7 21
E 1998 1 7 21
E 1998 2 7 21
E 1998 3 7 21
E 1998 4 7 21
E 1998 5 -9 -27
T 1999 12 0 1 0
E 1999 5 -17 -53
T 2000 1 0 6 0
E 2000 0 5 16
E 2000 1 5 16
E 2000 2 5 16
E 2000 3 5 16
E 2000 4 5 16
E 2000 5 -10 -32
T 2001 15 0 1 0
E 2001 5 -16 -49
T 2002 2 0 6 0
E 2002 0 5 17
E 2002 1 5 17
E 2002 2 5 17
E 2002 3 5 17
E 2002 4 5 17
E 2002 5 -10 -31
T 2003 18 0 1 0
E 2003 5 -15 -45
T 2004 5 0 6 0
E 2004 0 4 14
E 2004 1 4 14
E 2004 2 4 14
E 2004 3 4 14
E 2004 4 4 14
E 2004 5 -11 -34
T 2005 20 0 1 0
E 2005 5 -14 -42
T 2006 5 0 6 0
E 2006 0 7 21
E 2006 1 7 21
E 2006 2 7 21
E 2006 3 7 21
E 2006 4 7 21
E 2006 5 -9 -27
T 2007 10 0 1 0
E 2007 5 -19 -57
T 2008 21 0 1 0
E 2008 5 -13 -40
T 2009 8 0 6 0
E 2009 0 8 24
E 2009 1 8 24
E 2009 2 8 24
E 2009 3 8 24
E 2009 4 8 24
E 2009 5 -8 -24
T 2010 12 0 1 0
E 2010 5 -18 -54
T 2011 1 0 6 0
E 2011 0 5 15
E 2011 1 5 15
E 2011 2 5 15
E 2011 3 5 15
E 2011 4 5 15
E 2011 5 -11 -33
T 2012 16 0 1 0
E 2012 5 -16 -48
T 2013 5 0 6 0
E 2013 0 4 14
E 2013 1 4 14
E 2013 2 4 14
E 2013 3 4 14
E 2013 4 4 14
E 2013 5 -11 -34
T 2014 16 0 1 0
E 2014 5 -15 -47
T 2015 1 0 6 0
E 2015 0 6 20
E 2015 1 6 20
E 2015 2 6 20
E 2015 3 6 20
E 2015 4 6 20
E 2015 5 -9 -28
T 2016 17 0 1 0
E 2016 5 -15 -46
T 2017 6 0 6 0
E 2017 0 7 22
E 2017 1 7 22
E 2017 2 7 22
E 2017 3 7 22
E 2017 4 7 22
E 2017 5 -7 -23
T 2018 11 0 1 0
E 2018 5 -15 -47
T 2019 18 0 1 0
E 2019 5 -11 -33
T 2020 6 0 6 0
E 2020 0 6 18
E 2020 1 6 18
E 2020 2 6 18
E 2020 3 6 18
E 2020 4 6 18
E 2020 5 -6 -19
T 2021 4 0 1 0
E 2021 5 -15 -46
T 2022 14 0 1 0
E 2022 5 -9 -27
T 2023 5 0 6 0
E 2023 0 5 16
E 2023 1 5 16
E 2023 2 5 16
E 2023 3 5 16
E 2023 4 5 16
E 2023 5 -4 -14
T 2024 6 0 1 0
E 2024 5 -10 -31
T 2025 14 0 1 0
E 2025 5 -5 -15
T 2026 7 0 5 0
E 2026 0 4 13
E 2026 1 4 13
E 2026 2 4 13
E 2026 3 4 13
E 2026 4 4 13
T 2027 5 0 1 0
E 2027 5 -7 -21
T 2028 7 0 1 0
E 2028 5 -4 -14
T 2029 6 0 0 0
T 2030 7 0 0 0
T 2031 6 0 0 0
T 2032 10 0 0 0
T 2033 11 0 0 0
T 2034 12 0 0 0
T 2035 11 0 6 0
E 2035 0 4 14
E 2035 1 4 14
E 2035 2 4 14
E 2035 3 4 14
E 2035 4 4 14
E 2035 5 5 16
T 2036 9 0 0 0
T 2037 10 0 5 0
E 2037 0 -5 -15
E 2037 1 -5 -15
E 2037 2 -5 -15
E 2037 3 -5 -15
E 2037 4 -5 -15
T 2038 3 0 1 0
E 2038 5 5 17
T 2039 1 0 0 0
T 2040 6 0 0 0
T 2041 7 0 0 0
T 2042 10 0 0 0
T 2043 12 0 0 0
T 2044 7 0 5 0
E 2044 0 -4 -13
E 2044 1 -4 -13
E 2044 2 -4 -13
E 2044 3 -4 -13
E 2044 4 -4 -13
T 2045 2 0 1 0
E 2045 5 12 38
T 2046 12 0 1 0
E 2046 5 8 26
T 2047 16 0 1 0
E 2047 5 7 21
T 2048 2 0 6 0
E 2048 0 -4 -13
E 2048 1 -4 -13
E 2048 2 -4 -13
E 2048 3 -4 -13
E 2048 4 -4 -13
E 2048 5 5 17
T 2049 6 0 1 0
E 2049 5 11 35
T 2050 15 0 1 0
E 2050 5 7 22
T 2051 12 0 5 0
E 2051 0 -6 -18
E 2051 1 -6 -18
E 2051 2 -6 -18
E 2051 3 -6 -18
E 2051 4 -6 -18
T 2052 6 0 1 0
E 2052 5 11 35
T 2053 14 0 1 0
E 2053 5 7 23
T 2054 5 0 6 0
E 2054 0 -5 -16
E 2054 1 -5 -16
E 2054 2 -5 -16
E 2054 3 -5 -16
E 2054 4 -5 -16
E 2054 5 4 14
T 2055 3 0 1 0
E 2055 5 13 40
T 2056 14 0 1 0
E 2056 5 7 23
T 2057 17 0 1 0
E 2057 5 6 19
T 2058 14 0 5 0
E 2058 0 -7 -21
E 2058 1 -7 -21
E 2058 2 -7 -21
E 2058 3 -7 -21
E 2058 4 -7 -21
T 2059 4 0 1 0
E 2059 5 12 38
T 2060 15 0 1 0
E 2060 5 7 22
T 2061 17 0 1 0
E 2061 5 6 19
T 2062 12 0 5 0
E 2062 0 -7 -23
E 2062 1 -7 -23
E 2062 2 -7 -23
E 2062 3 -7 -23
E 2062 4 -7 -23
T 2063 4 0 1 0
E 2063 5 13 39
T 2064 10 0 1 0
E 2064 5 9 29
T 2065 16 0 1 0
E 2065 5 7 21
T 2066 4 0 6 0
E 2066 0 -5 -16
E 2066 1 -5 -16
E 2066 2 -5 -16
E 2066 3 -5 -16
E 2066 4 -5 -16
E 2066 5 5 15
T 2067 4 0 1 0
E 2067 5 13 40
T 2068 16 0 1 0
E 2068 5 8 24
T 2069 16 0 5 0
E 2069 0 -8 -24
E 2069 1 -8 -24
E 2069 2 -8 -24
E 2069 3 -8 -24
E 2069 4 -8 -24
T 2070 29 0 6 0
E 2070 0 6 18
E 2070 1 6 18
E 2070 2 6 18
E 2070 3 6 18
E 2070 4 6 18
E 2070 5 17 51
T 2071 18 0 5 0
E 2071 0 -9 -27
E 2071 1 -9 -27
E 2071 2 -9 -27
E 2071 3 -9 -27
E 2071 4 -9 -27
T 2072 28 0 6 0
E 2072 0 6 20
E 2072 1 6 20
E 2072 2 6 20
E 2072 3 6 20
E 2072 4 6 20
E 2072 5 18 54
T 2073 17 0 5 0
E 2073 0 -9 -28
E 2073 1 -9 -28
E 2073 2 -9 -28
E 2073 3 -9 -28
E 2073 4 -9 -28
T 2074 26 0 6 0
E 2074 0 5 16
E 2074 1 5 16
E 2074 2 5 16
E 2074 3 5 16
E 2074 4 5 16
E 2074 5 17 52
T 2075 9 0 6 0
E 2075 0 -7 -22
E 2075 1 -7 -22
E 2075 2 -7 -22
E 2075 3 -7 -22
E 2075 4 -7 -22
E 2075 5 4 14
T 2076 11 0 1 0
E 2076 5 13 39
T 2077 6 0 6 0
E 2077 0 -6 -18
E 2077 1 -6 -18
E 2077 2 -6 -18
E 2077 3 -6 -18
E 2077 4 -6 -18
E 2077 5 6 19
T 2078 7 0 1 0
E 2078 5 15 46
T 2079 20 0 1 0
E 2079 5 9 28
T 2080 8 0 6 0
E 2080 0 -7 -21
E 2080 1 -7 -21
E 2080 2 -7 -21
E 2080 3 -7 -21
E 2080 4 -7 -21
E 2080 5 6 18
T 2081 6 0 1 0
E 2081 5 17 51
T 2082 18 0 1 0
E 2082 5 10 32
T 2083 7 0 6 0
E 2083 0 -7 -22
E 2083 1 -7 -22
E 2083 2 -7 -22
E 2083 3 -7 -22
E 2083 4 -7 -22
E 2083 5 6 19
T 2084 14 0 1 0
E 2084 5 13 41
T 2085 4 0 6 0
E 2085 0 -6 -19
E 2085 1 -6 -19
E 2085 2 -6 -19
E 2085 3 -6 -19
E 2085 4 -6 -19
E 2085 5 7 23
T 2086 11 0 1 0
E 2086 5 15 47
T 2087 20 0 1 0
E 2087 5 11 34
T 2088 6 0 6 0
E 2088 0 -7 -22
E 2088 1 -7 -22
E 2088 2 -7 -22
E 2088 3 -7 -22
E 2088 4 -7 -22
E 2088 5 7 22
T 2089 10 0 1 0
E 2089 5 17 52
T 2090 3 0 6 0
E 2090 0 -4 -13
E 2090 1 -4 -13
E 2090 2 -4 -13
E 2090 3 -4 -13
E 2090 4 -4 -13
E 2090 5 10 32
T 2091 19 0 1 0
E 2091 5 13 40
T 2092 2 0 6 0
E 2092 0 -6 -19
E 2092 1 -6 -19
E 2092 2 -6 -19
E 2092 3 -6 -19
E 2092 4 -6 -19
E 2092 5 9 27
T 2093 15 0 1 0
E 2093 5 16 48
T 2094 5 0 6 0
E 2094 0 -4 -14
E 2094 1 -4 -14
E 2094 2 -4 -14
E 2094 3 -4 -14
E 2094 4 -4 -14
E 2094 5 11 34
T 2095 21 0 1 0
E 2095 5 13 40
T 2096 8 0 6 0
E 2096 0 -8 -24
E 2096 1 -8 -24
E 2096 2 -8 -24
E 2096 3 -8 -24
E 2096 4 -8 -24
E 2096 5 8 24
T 2097 13 0 1 0
E 2097 5 17 52
T 2098 1 0 6 0
E 2098 0 -5 -16
E 2098 1 -5 -16
E 2098 2 -5 -16
E 2098 3 -5 -16
E 2098 4 -5 -16
E 2098 5 10 32
T 2099 14 0 1 0
E 2099 5 17 51
T 2100 1 0 6 0
E 2100 0 -6 -20
E 2100 1 -6 -20
E 2100 2 -6 -20
E 2100 3 -6 -20
E 2100 4 -6 -20
E 2100 5 9 28
T 2101 17 0 1 0
E 2101 5 15 46
T 2102 24 0 1 0
E 2102 5 12 36
T 2103 5 0 6 0
E 2103 0 -7 -22
E 2103 1 -7 -22
E 2103 2 -7 -22
E 2103 3 -7 -22
E 2103 4 -7 -22
E 2103 5 8 26
T 2104 13 0 1 0
E 2104 5 17 52
T 2105 21 0 1 0
E 2105 5 13 40
T 2106 10 0 6 0
E 2106 0 -9 -29
E 2106 1 -9 -29
E 2106 2 -9 -29
E 2106 3 -9 -29
E 2106 4 -9 -29
E 2106 5 6 19
T 2107 10 0 1 0
E 2107 5 19 57
T 2108 23 0 1 0
E 2108 5 12 37
T 2109 7 0 6 0
E 2109 0 -8 -26
E 2109 1 -8 -26
E 2109 2 -8 -26
E 2109 3 -8 -26
E 2109 4 -8 -26
E 2109 5 7 22
T 2110 14 0 1 0
E 2110 5 16 50
T 2111 5 0 6 0
E 2111 0 -7 -21
E 2111 1 -7 -21
E 2111 2 -7 -21
E 2111 3 -7 -21
E 2111 4 -7 -21
E 2111 5 9 27
T 2112 14 0 1 0
E 2112 5 17 51
T 2113 1 0 6 0
E 2113 0 -5 -16
E 2113 1 -5 -16
E 2113 2 -5 -16
E 2113 3 -5 -16
E 2113 4 -5 -16
E 2113 5 10 32
T 2114 21 0 1 0
E 2114 5 13 40
T 2115 4 0 6 0
E 2115 0 -7 -23
E 2115 1 -7 -23
E 2115 2 -7 -23
E 2115 3 -7 -23
E 2115 4 -7 -23
E 2115 5 8 25
T 2116 11 0 1 0
E 2116 5 18 55
T 2117 1 0 6 0
E 2117 0 -5 -15
E 2117 1 -5 -15
E 2117 2 -5 -15
E 2117 3 -5 -15
E 2117 4 -5 -15
E 2117 5 11 33
T 2118 14 0 1 0
E 2118 5 17 51
T 2119 1 0 6 0
E 2119 0 -5 -16
E 2119 1 -5 -16
E 2119 2 -5 -16
E 2119 3 -5 -16
E 2119 4 -5 -16
E 2119 5 10 32
T 2120 15 0 1 0
E 2120 5 16 49
T 2121 24 0 1 0
E 2121 5 12 36
T 2122 14 0 6 0
E 2122 0 -10 -30
E 2122 1 -10 -30
E 2122 2 -10 -30
E 2122 3 -10 -30
E 2122 4 -10 -30
E 2122 5 6 18
T 2123 26 0 6 0
E 2123 0 4 14
E 2123 1 4 14
E 2123 2 4 14
E 2123 3 4 14
E 2123 4 4 14
E 2123 5 20 62
T 2124 7 0 6 0
E 2124 0 -8 -26
E 2124 1 -8 -26
E 2124 2 -8 -26
E 2124 3 -8 -26
E 2124 4 -8 -26
E 2124 5 7 22
T 2125 12 0 1 0
E 2125 5 17 53
T 2126 24 0 1 0
E 2126 5 12 36
T 2127 5 0 6 0
E 2127 0 -7 -22
E 2127 1 -7 -22
E 2127 2 -7 -22
E 2127 3 -7 -22
E 2127 4 -7 -22
E 2127 5 8 26
T 2128 10 0 1 0
E 2128 5 18 56
T 2129 20 0 1 0
E 2129 5 14 42
T 2130 2 0 6 0
E 2130 0 -5 -17
E 2130 1 -5 -17
E 2130 2 -5 -17
E 2130 3 -5 -17
E 2130 4 -5 -17
E 2130 5 10 31
T 2131 15 0 1 0
E 2131 5 16 49
T 2132 2 0 6 0
E 2132 0 -5 -17
E 2132 1 -5 -17
E 2132 2 -5 -17
E 2132 3 -5 -17
E 2132 4 -5 -17
E 2132 5 10 31
T 2133 15 0 1 0
E 2133 5 16 49
T 2134 1 0 6 0
E 2134 0 -5 -15
E 2134 1 -5 -15
E 2134 2 -5 -15
E 2134 3 -5 -15
E 2134 4 -5 -15
E 2134 5 11 33
T 2135 16 0 1 0
E 2135 5 15 47
T 2136 4 0 6 0
E 2136 0 -4 -13
E 2136 1 -4 -13
E 2136 2 -4 -13
E 2136 3 -4 -13
E 2136 4 -4 -13
E 2136 5 11 35
T 2137 19 0 1 0
E 2137 5 14 43
T 2138 7 0 6 0
E 2138 0 -8 -26
E 2138 1 -8 -26
E 2138 2 -8 -26
E 2138 3 -8 -26
E 2138 4 -8 -26
E 2138 5 7 22
T 2139 10 0 1 0
E 2139 5 19 57
T 2140 1 0 6 0
E 2140 0 -5 -15
E 2140 1 -5 -15
E 2140 2 -5 -15
E 2140 3 -5 -15
E 2140 4 -5 -15
E 2140 5 11 33
T 2141 16 0 1 0
E 2141 5 15 47
T 2142 1 0 6 0
E 2142 0 -5 -16
E 2142 1 -5 -16
E 2142 2 -5 -16
E 2142 3 -5 -16
E 2142 4 -5 -16
E 2142 5 10 32
T 2143 14 0 1 0
E 2143 5 17 51
T 2144 5 0 6 0
E 2144 0 -4 -14
E 2144 1 -4 -14
E 2144 2 -4 -14
E 2144 3 -4 -14
E 2144 4 -4 -14
E 2144 5 11 34
T 2145 22 0 1 0
E 2145 5 13 39
T 2146 8 0 6 0
E 2146 0 -8 -25
E 2146 1 -8 -25
E 2146 2 -8 -25
E 2146 3 -8 -25
E 2146 4 -8 -25
E 2146 5 7 23
T 2147 13 0 1 0
E 2147 5 17 52
T 2148 24 0 1 0
E 2148 5 12 36
T 2149 10 0 6 0
E 2149 0 -9 -29
E 2149 1 -9 -29
E 2149 2 -9 -29
E 2149 3 -9 -29
E 2149 4 -9 -29
E 2149 5 6 19
T 2150 9 0 1 0
E 2150 5 19 58
T 2151 1 0 6 0
E 2151 0 -5 -16
E 2151 1 -5 -16
E 2151 2 -5 -16
E 2151 3 -5 -16
E 2151 4 -5 -16
E 2151 5 10 32
T 2152 18 0 1 0
E 2152 5 14 44
T 2153 2 0 6 0
E 2153 0 -5 -17
E 2153 1 -5 -17
E 2153 2 -5 -17
E 2153 3 -5 -17
E 2153 4 -5 -17
E 2153 5 10 31
T 2154 20 0 1 0
E 2154 5 14 42
T 2155 7 0 6 0
E 2155 0 -8 -26
E 2155 1 -8 -26
E 2155 2 -8 -26
E 2155 3 -8 -26
E 2155 4 -8 -26
E 2155 5 7 22
T 2156 10 0 1 0
E 2156 5 19 57
T 2157 24 0 1 0
E 2157 5 12 36
T 2158 13 0 6 0
E 2158 0 -10 -32
E 2158 1 -10 -32
E 2158 2 -10 -32
E 2158 3 -10 -32
E 2158 4 -10 -32
E 2158 5 5 16
T 2159 10 0 1 0
E 2159 5 18 56
T 2160 38 0 6 0
E 2160 0 13 40
E 2160 1 13 40
E 2160 2 13 40
E 2160 3 13 40
E 2160 4 13 40
E 2160 5 13 40
T 2161 36 0 6 0
E 2161 0 -12 -37
E 2161 1 -12 -37
E 2161 2 -12 -37
E 2161 3 -12 -37
E 2161 4 -12 -37
E 2161 5 -13 -40
T 2162 34 0 6 0
E 2162 0 12 36
E 2162 1 12 36
E 2162 2 12 36
E 2162 3 12 36
E 2162 4 12 36
E 2162 5 10 30
T 2163 32 0 6 0
E 2163 0 -10 -31
E 2163 1 -10 -31
E 2163 2 -10 -31
E 2163 3 -10 -31
E 2163 4 -10 -31
E 2163 5 -13 -40
T 2164 22 0 6 0
E 2164 0 9 28
E 2164 1 9 28
E 2164 2 9 28
E 2164 3 9 28
E 2164 4 9 28
E 2164 5 5 15
T 2165 28 0 6 0
E 2165 0 -8 -26
E 2165 1 -8 -26
E 2165 2 -8 -26
E 2165 3 -8 -26
E 2165 4 -8 -26
E 2165 5 -14 -42
T 2166 14 0 5 0
E 2166 0 8 26
E 2166 1 8 26
E 2166 2 8 26
E 2166 3 8 26
E 2166 4 8 26
T 2167 3 0 1 0
E 2167 5 -9 -28
T 2168 7 0 1 0
E 2168 5 -9 -27
T 2169 12 0 1 0
E 2169 5 -8 -25
T 2170 10 0 5 0
E 2170 0 6 20
E 2170 1 6 20
E 2170 2 6 20
E 2170 3 6 20
E 2170 4 6 20
T 2171 5 0 1 0
E 2171 5 -15 -45
T 2172 15 0 1 0
E 2172 5 -11 -34
T 2173 0 0 6 0
E 2173 0 5 17
E 2173 1 5 17
E 2173 2 5 17
E 2173 3 5 17
E 2173 4 5 17
E 2173 5 -8 -24
T 2174 15 0 1 0
E 2174 5 -14 -44
T 2175 4 0 6 0
E 2175 0 4 13
E 2175 1 4 13
E 2175 2 4 13
E 2175 3 4 13
E 2175 4 4 13
E 2175 5 -11 -35
T 2176 23 0 1 0
E 2176 5 -13 -41
T 2177 5 0 6 0
E 2177 0 8 26
E 2177 1 8 26
E 2177 2 8 26
E 2177 3 8 26
E 2177 4 8 26
E 2177 5 -9 -28
T 2178 15 0 1 0
E 2178 5 -21 -63
T 2179 5 0 6 0
E 2179 0 5 15
E 2179 1 5 15
E 2179 2 5 15
E 2179 3 5 15
E 2179 4 5 15
E 2179 5 -15 -46
T 2180 24 0 1 0
E 2180 5 -20 -60
T 2181 2 0 6 0
E 2181 0 7 22
E 2181 1 7 22
E 2181 2 7 22
E 2181 3 7 22
E 2181 4 7 22
E 2181 5 -15 -45
T 2182 25 0 1 0
E 2182 5 -22 -67
T 2183 7 0 6 0
E 2183 0 6 20
E 2183 1 6 20
E 2183 2 6 20
E 2183 3 6 20
E 2183 4 6 20
E 2183 5 -17 -53
T 2184 31 0 1 0
E 2184 5 -23 -69
T 2185 3 0 6 0
E 2185 0 10 31
E 2185 1 10 31
E 2185 2 10 31
E 2185 3 10 31
E 2185 4 10 31
E 2185 5 -16 -49
T 2186 23 0 1 0
E 2186 5 -29 -89
T 2187 6 0 6 0
E 2187 0 8 26
E 2187 1 8 26
E 2187 2 8 26
E 2187 3 8 26
E 2187 4 8 26
E 2187 5 -20 -60
T 2188 31 0 1 0
E 2188 5 -28 -86
T 2189 5 0 6 0
E 2189 0 12 37
E 2189 1 12 37
E 2189 2 12 37
E 2189 3 12 37
E 2189 4 12 37
E 2189 5 -18 -56
T 2190 14 0 1 0
E 2190 5 -17 -51
T 2191 1 0 6 0
E 2191 0 6 20
E 2191 1 6 20
E 2191 2 6 20
E 2191 3 6 20
E 2191 4 6 20
E 2191 5 -9 -28
T 2192 19 0 1 0
E 2192 5 -14 -43
T 2193 5 0 6 0
E 2193 0 7 21
E 2193 1 7 21
E 2193 2 7 21
E 2193 3 7 21
E 2193 4 7 21
E 2193 5 -9 -27
T 2194 16 0 1 0
E 2194 5 -15 -47
T 2195 2 0 6 0
E 2195 0 5 17
E 2195 1 5 17
E 2195 2 5 17
E 2195 3 5 17
E 2195 4 5 17
E 2195 5 -10 -31
T 2196 21 0 1 0
E 2196 5 -13 -40
T 2197 8 0 6 0
E 2197 0 8 24
E 2197 1 8 24
E 2197 2 8 24
E 2197 3 8 24
E 2197 4 8 24
E 2197 5 -8 -24
T 2198 15 0 1 0
E 2198 5 -16 -49
T 2199 1 0 6 0
E 2199 0 6 20
E 2199 1 6 20
E 2199 2 6 20
E 2199 3 6 20
E 2199 4 6 20
E 2199 5 -9 -28
T 2200 12 0 1 0
E 2200 5 -17 -53
T 2201 24 0 1 0
E 2201 5 -12 -36
T 2202 11 0 6 0
E 2202 0 9 27
E 2202 1 9 27
E 2202 2 9 27
E 2202 3 9 27
E 2202 4 9 27
E 2202 5 -7 -21
T 2203 11 0 1 0
E 2203 5 -18 -55
T 2204 1 0 6 0
E 2204 0 5 15
E 2204 1 5 15
E 2204 2 5 15
E 2204 3 5 15
E 2204 4 5 15
E 2204 5 -11 -33
T 2205 22 0 1 0
E 2205 5 -13 -39
T 2206 8 0 6 0
E 2206 0 8 25
E 2206 1 8 25
E 2206 2 8 25
E 2206 3 8 25
E 2206 4 8 25
E 2206 5 -7 -23
T 2207 12 0 1 0
E 2207 5 -18 -54
T 2208 5 0 6 0
E 2208 0 4 14
E 2208 1 4 14
E 2208 2 4 14
E 2208 3 4 14
E 2208 4 4 14
E 2208 5 -11 -34
T 2209 4 0 6 0
E 2209 0 4 13
E 2209 1 4 13
E 2209 2 4 13
E 2209 3 4 13
E 2209 4 4 13
E 2209 5 -11 -35
T 2210 16 0 1 0
E 2210 5 -15 -47
T 2211 1 0 6 0
E 2211 0 5 15
E 2211 1 5 15
E 2211 2 5 15
E 2211 3 5 15
E 2211 4 5 15
E 2211 5 -11 -33
T 2212 15 0 1 0
E 2212 5 -16 -49
T 2213 22 0 1 0
E 2213 5 -12 -38
T 2214 8 0 6 0
E 2214 0 8 24
E 2214 1 8 24
E 2214 2 8 24
E 2214 3 8 24
E 2214 4 8 24
E 2214 5 -8 -24
T 2215 11 0 1 0
E 2215 5 -18 -55
T 2216 20 0 1 0
E 2216 5 -14 -42
T 2217 5 0 6 0
E 2217 0 7 21
E 2217 1 7 21
E 2217 2 7 21
E 2217 3 7 21
E 2217 4 7 21
E 2217 5 -9 -27
T 2218 10 0 1 0
E 2218 5 -18 -56
T 2219 22 0 1 0
E 2219 5 -12 -38
T 2220 8 0 6 0
E 2220 0 8 24
E 2220 1 8 24
E 2220 2 8 24
E 2220 3 8 24
E 2220 4 8 24
E 2220 5 -8 -24
T 2221 10 0 1 0
E 2221 5 -19 -57
T 2222 2 0 6 0
E 2222 0 6 18
E 2222 1 6 18
E 2222 2 6 18
E 2222 3 6 18
E 2222 4 6 18
E 2222 5 -10 -30
T 2223 18 0 1 0
E 2223 5 -15 -45
T 2224 1 0 6 0
E 2224 0 5 16
E 2224 1 5 16
E 2224 2 5 16
E 2224 3 5 16
E 2224 4 5 16
E 2224 5 -10 -32
T 2225 16 0 1 0
E 2225 5 -15 -47
T 2226 23 0 1 0
E 2226 5 -12 -37
T 2227 1 0 6 0
E 2227 0 6 20
E 2227 1 6 20
E 2227 2 6 20
E 2227 3 6 20
E 2227 4 6 20
E 2227 5 -9 -28
T 2228 14 0 1 0
E 2228 5 -17 -51
T 2229 22 0 1 0
E 2229 5 -12 -38
T 2230 8 0 6 0
E 2230 0 8 24
E 2230 1 8 24
E 2230 2 8 24
E 2230 3 8 24
E 2230 4 8 24
E 2230 5 -8 -24
T 2231 14 0 1 0
E 2231 5 -16 -50
T 2232 1 0 6 0
E 2232 0 6 20
E 2232 1 6 20
E 2232 2 6 20
E 2232 3 6 20
E 2232 4 6 20
E 2232 5 -9 -28
T 2233 14 0 1 0
E 2233 5 -16 -50
T 2234 22 0 1 0
E 2234 5 -12 -38
T 2235 8 0 6 0
E 2235 0 8 24
E 2235 1 8 24
E 2235 2 8 24
E 2235 3 8 24
E 2235 4 8 24
E 2235 5 -8 -24
T 2236 8 0 1 0
E 2236 5 -19 -59
T 2237 23 0 1 0
E 2237 5 -12 -37
T 2238 1 0 6 0
E 2238 0 6 20
E 2238 1 6 20
E 2238 2 6 20
E 2238 3 6 20
E 2238 4 6 20
E 2238 5 -9 -28
T 2239 14 0 1 0
E 2239 5 -17 -51
T 2240 5 0 6 0
E 2240 0 7 22
E 2240 1 7 22
E 2240 2 7 22
E 2240 3 7 22
E 2240 4 7 22
E 2240 5 -8 -26
T 2241 9 0 1 0
E 2241 5 -19 -58
T 2242 4 0 6 0
E 2242 0 4 13
E 2242 1 4 13
E 2242 2 4 13
E 2242 3 4 13
E 2242 4 4 13
E 2242 5 -11 -35
T 2243 21 0 1 0
E 2243 5 -13 -40
T 2244 2 0 6 0
E 2244 0 5 17
E 2244 1 5 17
E 2244 2 5 17
E 2244 3 5 17
E 2244 4 5 17
E 2244 5 -10 -31
T 2245 20 0 1 0
E 2245 5 -13 -41
T 2246 2 0 6 0
E 2246 0 6 19
E 2246 1 6 19
E 2246 2 6 19
E 2246 3 6 19
E 2246 4 6 19
E 2246 5 -9 -29
T 2247 18 0 1 0
E 2247 5 -15 -45
T 2248 2 0 6 0
E 2248 0 6 19
E 2248 1 6 19
E 2248 2 6 19
E 2248 3 6 19
E 2248 4 6 19
E 2248 5 -9 -29
T 2249 15 0 1 0
E 2249 5 -16 -49
T 2250 24 0 1 0
E 2250 5 -12 -36
T 2251 8 0 6 0
E 2251 0 8 25
E 2251 1 8 25
E 2251 2 8 25
E 2251 3 8 25
E 2251 4 8 25
E 2251 5 -7 -23
T 2252 10 0 1 0
E 2252 5 -19 -57
T 2253 22 0 1 0
E 2253 5 -13 -39
T 2254 11 0 6 0
E 2254 0 9 28
E 2254 1 9 28
E 2254 2 9 28
E 2254 3 9 28
E 2254 4 9 28
E 2254 5 -6 -20
T 2255 26 0 6 0
E 2255 0 -4 -14
E 2255 1 -4 -14
E 2255 2 -4 -14
E 2255 3 -4 -14
E 2255 4 -4 -14
E 2255 5 -20 -62
T 2256 7 0 6 0
E 2256 0 8 26
E 2256 1 8 26
E 2256 2 8 26
E 2256 3 8 26
E 2256 4 8 26
E 2256 5 -7 -22
T 2257 7 0 1 0
E 2257 5 -18 -56
T 2258 19 0 1 0
E 2258 5 -12 -36
T 2259 2 0 6 0
E 2259 0 4 14
E 2259 1 4 14
E 2259 2 4 14
E 2259 3 4 14
E 2259 4 4 14
E 2259 5 -8 -26
T 2260 14 0 1 0
E 2260 5 -11 -34
T 2261 0 0 6 0
E 2261 0 4 13
E 2261 1 4 13
E 2261 2 4 13
E 2261 3 4 13
E 2261 4 4 13
E 2261 5 -7 -22
T 2262 6 0 1 0
E 2262 5 -12 -38
T 2263 16 0 1 0
E 2263 5 -6 -20
T 2264 12 0 5 0
E 2264 0 6 18
E 2264 1 6 18
E 2264 2 6 18
E 2264 3 6 18
E 2264 4 6 18
T 2265 18 0 6 0
E 2265 0 -4 -14
E 2265 1 -4 -14
E 2265 2 -4 -14
E 2265 3 -4 -14
E 2265 4 -4 -14
E 2265 5 -12 -38
T 2266 11 0 5 0
E 2266 0 6 19
E 2266 1 6 19
E 2266 2 6 19
E 2266 3 6 19
E 2266 4 6 19
T 2267 1 0 1 0
E 2267 5 -10 -30
T 2268 2 0 1 0
E 2268 5 -7 -22
T 2269 4 0 1 0
E 2269 5 -4 -14
T 2270 2 0 0 0
T 2271 2 0 0 0
T 2272 4 0 1 0
E 2272 5 -5 -15
T 2273 4 0 0 0
T 2274 3 0 0 0
T 2275 4 0 0 0
T 2276 0 0 0 0
T 2277 3 0 0 0
T 2278 5 0 0 0
T 2279 7 0 0 0
T 2280 6 0 5 0
E 2280 0 -4 -14
E 2280 1 -4 -14
E 2280 2 -4 -14
E 2280 3 -4 -14
E 2280 4 -4 -14
T 2281 2 0 1 0
E 2281 5 9 28
T 2282 3 0 1 0
E 2282 5 8 25
T 2283 11 0 1 0
E 2283 5 5 16
T 2284 6 0 5 0
E 2284 0 -4 -14
E 2284 1 -4 -14
E 2284 2 -4 -14
E 2284 3 -4 -14
E 2284 4 -4 -14
T 2285 2 0 1 0
E 2285 5 13 39
T 2286 14 0 1 0
E 2286 5 8 24
T 2287 14 0 5 0
E 2287 0 -7 -21
E 2287 1 -7 -21
E 2287 2 -7 -21
E 2287 3 -7 -21
E 2287 4 -7 -21
T 2288 4 0 1 0
E 2288 5 12 38
T 2289 11 0 1 0
E 2289 5 9 28
T 2290 16 0 1 0
E 2290 5 7 21
T 2291 1 0 6 0
E 2291 0 -4 -14
E 2291 1 -4 -14
E 2291 2 -4 -14
E 2291 3 -4 -14
E 2291 4 -4 -14
E 2291 5 5 16
T 2292 12 0 1 0
E 2292 5 8 26
T 2293 1 0 6 0
E 2293 0 -4 -14
E 2293 1 -4 -14
E 2293 2 -4 -14
E 2293 3 -4 -14
E 2293 4 -4 -14
E 2293 5 5 16
T 2294 14 0 1 0
E 2294 5 8 24
T 2295 11 0 5 0
E 2295 0 -6 -19
E 2295 1 -6 -19
E 2295 2 -6 -19
E 2295 3 -6 -19
E 2295 4 -6 -19
T 2296 21 0 6 0
E 2296 0 4 13
E 2296 1 4 13
E 2296 2 4 13
E 2296 3 4 13
E 2296 4 4 13
E 2296 5 14 43
T 2297 10 0 5 0
E 2297 0 -6 -20
E 2297 1 -6 -20
E 2297 2 -6 -20
E 2297 3 -6 -20
E 2297 4 -6 -20
T 2298 4 0 1 0
E 2298 5 12 38
T 2299 14 0 1 0
E 2299 5 8 24
T 2300 5 0 6 0
E 2300 0 -5 -16
E 2300 1 -5 -16
E 2300 2 -5 -16
E 2300 3 -5 -16
E 2300 4 -5 -16
E 2300 5 4 14
T 2301 7 0 1 0
E 2301 5 11 34
T 2302 1 0 6 0
E 2302 0 -4 -14
E 2302 1 -4 -14
E 2302 2 -4 -14
E 2302 3 -4 -14
E 2302 4 -4 -14
E 2302 5 5 16
T 2303 12 0 1 0
E 2303 5 8 26
T 2304 11 0 5 0
E 2304 0 -6 -19
E 2304 1 -6 -19
E 2304 2 -6 -19
E 2304 3 -6 -19
E 2304 4 -6 -19
T 2305 6 0 1 0
E 2305 5 11 35
T 2306 15 0 1 0
E 2306 5 7 23
T 2307 4 0 6 0
E 2307 0 -5 -17
E 2307 1 -5 -17
E 2307 2 -5 -17
E 2307 3 -5 -17
E 2307 4 -5 -17
E 2307 5 4 14
T 2308 12 0 1 0
E 2308 5 9 29
T 2309 3 0 6 0
E 2309 0 -5 -17
E 2309 1 -5 -17
E 2309 2 -5 -17
E 2309 3 -5 -17
E 2309 4 -5 -17
E 2309 5 5 16
T 2310 13 0 1 0
E 2310 5 9 29
T 2311 17 0 1 0
E 2311 5 8 25
T 2312 7 0 6 0
E 2312 0 -6 -18
E 2312 1 -6 -18
E 2312 2 -6 -18
E 2312 3 -6 -18
E 2312 4 -6 -18
E 2312 5 5 16
T 2313 7 0 1 0
E 2313 5 13 41
T 2314 14 0 1 0
E 2314 5 11 33
T 2315 6 0 6 0
E 2315 0 -6 -18
E 2315 1 -6 -18
E 2315 2 -6 -18
E 2315 3 -6 -18
E 2315 4 -6 -18
E 2315 5 6 18
T 2316 7 0 1 0
E 2316 5 15 45
T 2317 17 0 1 0
E 2317 5 10 30
T 2318 5 0 6 0
E 2318 0 -6 -19
E 2318 1 -6 -19
E 2318 2 -6 -19
E 2318 3 -6 -19
E 2318 4 -6 -19
E 2318 5 6 19
T 2319 9 0 1 0
E 2319 5 14 44
T 2320 18 0 1 0
E 2320 5 10 31
T 2321 8 0 6 0
E 2321 0 -7 -21
E 2321 1 -7 -21
E 2321 2 -7 -21
E 2321 3 -7 -21
E 2321 4 -7 -21
E 2321 5 6 19
T 2322 6 0 1 0
E 2322 5 17 51
T 2323 21 0 1 0
E 2323 5 9 29
T 2324 12 0 6 0
E 2324 0 -9 -29
E 2324 1 -9 -29
E 2324 2 -9 -29
E 2324 3 -9 -29
E 2324 4 -9 -29
E 2324 5 4 13
T 2325 8 0 1 0
E 2325 5 16 50
T 2326 1 0 6 0
E 2326 0 -5 -15
E 2326 1 -5 -15
E 2326 2 -5 -15
E 2326 3 -5 -15
E 2326 4 -5 -15
E 2326 5 9 28
T 2327 15 0 1 0
E 2327 5 14 42
T 2328 4 0 6 0
E 2328 0 -4 -14
E 2328 1 -4 -14
E 2328 2 -4 -14
E 2328 3 -4 -14
E 2328 4 -4 -14
E 2328 5 10 30
T 2329 16 0 1 0
E 2329 5 14 43
T 2330 22 0 1 0
E 2330 5 11 34
T 2331 11 0 6 0
E 2331 0 -9 -28
E 2331 1 -9 -28
E 2331 2 -9 -28
E 2331 3 -9 -28
E 2331 4 -9 -28
E 2331 5 6 18
T 2332 26 0 6 0
E 2332 0 4 13
E 2332 1 4 13
E 2332 2 4 13
E 2332 3 4 13
E 2332 4 4 13
E 2332 5 19 59
T 2333 17 0 6 0
E 2333 0 -11 -34
E 2333 1 -11 -34
E 2333 2 -11 -34
E 2333 3 -11 -34
E 2333 4 -11 -34
E 2333 5 4 13
T 2334 8 0 1 0
E 2334 5 19 59
T 2335 18 0 1 0
E 2335 5 15 45
T 2336 1 0 6 0
E 2336 0 -6 -20
E 2336 1 -6 -20
E 2336 2 -6 -20
E 2336 3 -6 -20
E 2336 4 -6 -20
E 2336 5 9 28
T 2337 13 0 1 0
E 2337 5 17 52
T 2338 22 0 1 0
E 2338 5 13 39
T 2339 11 0 6 0
E 2339 0 -9 -28
E 2339 1 -9 -28
E 2339 2 -9 -28
E 2339 3 -9 -28
E 2339 4 -9 -28
E 2339 5 6 20
T 2340 10 0 1 0
E 2340 5 18 56
T 2341 1 0 6 0
E 2341 0 -5 -15
E 2341 1 -5 -15
E 2341 2 -5 -15
E 2341 3 -5 -15
E 2341 4 -5 -15
E 2341 5 11 33
T 2342 19 0 1 0
E 2342 5 14 43
T 2343 2 0 6 0
E 2343 0 -5 -17
E 2343 1 -5 -17
E 2343 2 -5 -17
E 2343 3 -5 -17
E 2343 4 -5 -17
E 2343 5 10 31
T 2344 18 0 1 0
E 2344 5 14 44
T 2345 4 0 6 0
E 2345 0 -4 -13
E 2345 1 -4 -13
E 2345 2 -4 -13
E 2345 3 -4 -13
E 2345 4 -4 -13
E 2345 5 11 35
T 2346 24 0 1 0
E 2346 5 12 36
T 2347 8 0 6 0
E 2347 0 -8 -24
E 2347 1 -8 -24
E 2347 2 -8 -24
E 2347 3 -8 -24
E 2347 4 -8 -24
E 2347 5 8 24
T 2348 10 0 1 0
E 2348 5 19 57
T 2349 4 0 6 0
E 2349 0 -4 -13
E 2349 1 -4 -13
E 2349 2 -4 -13
E 2349 3 -4 -13
E 2349 4 -4 -13
E 2349 5 11 35
T 2350 18 0 1 0
E 2350 5 15 45
T 2351 2 0 6 0
E 2351 0 -6 -18
E 2351 1 -6 -18
E 2351 2 -6 -18
E 2351 3 -6 -18
E 2351 4 -6 -18
E 2351 5 10 30
T 2352 19 0 1 0
E 2352 5 14 43
T 2353 2 0 6 0
E 2353 0 -6 -19
E 2353 1 -6 -19
E 2353 2 -6 -19
E 2353 3 -6 -19
E 2353 4 -6 -19
E 2353 5 9 29
T 2354 20 0 1 0
E 2354 5 14 42
T 2355 1 0 6 0
E 2355 0 -5 -15
E 2355 1 -5 -15
E 2355 2 -5 -15
E 2355 3 -5 -15
E 2355 4 -5 -15
E 2355 5 11 33
T 2356 14 0 1 0
E 2356 5 16 50
T 2357 1 0 6 0
E 2357 0 -5 -16
E 2357 1 -5 -16
E 2357 2 -5 -16
E 2357 3 -5 -16
E 2357 4 -5 -16
E 2357 5 10 32
T 2358 20 0 1 0
E 2358 5 13 41
T 2359 11 0 6 0
E 2359 0 -9 -28
E 2359 1 -9 -28
E 2359 2 -9 -28
E 2359 3 -9 -28
E 2359 4 -9 -28
E 2359 5 6 20
T 2360 31 0 6 0
E 2360 0 5 15
E 2360 1 5 15
E 2360 2 5 15
E 2360 3 5 15
E 2360 4 5 15
E 2360 5 21 63
T 2361 24 0 5 0
E 2361 0 -12 -36
E 2361 1 -12 -36
E 2361 2 -12 -36
E 2361 3 -12 -36
E 2361 4 -12 -36
T 2362 42 0 6 0
E 2362 0 9 28
E 2362 1 9 28
E 2362 2 9 28
E 2362 3 9 28
E 2362 4 9 28
E 2362 5 25 76
T 2363 25 0 5 0
E 2363 0 -13 -40
E 2363 1 -13 -40
E 2363 2 -13 -40
E 2363 3 -13 -40
E 2363 4 -13 -40
T 2364 36 0 6 0
E 2364 0 7 22
E 2364 1 7 22
E 2364 2 7 22
E 2364 3 7 22
E 2364 4 7 22
E 2364 5 23 70
T 2365 16 0 6 0
E 2365 0 -11 -35
E 2365 1 -11 -35
E 2365 2 -11 -35
E 2365 3 -11 -35
E 2365 4 -11 -35
E 2365 5 4 13
T 2366 9 0 1 0
E 2366 5 19 58
T 2367 5 0 6 0
E 2367 0 -4 -14
E 2367 1 -4 -14
E 2367 2 -4 -14
E 2367 3 -4 -14
E 2367 4 -4 -14
E 2367 5 11 34
T 2368 4 0 6 0
E 2368 0 -4 -13
E 2368 1 -4 -13
E 2368 2 -4 -13
E 2368 3 -4 -13
E 2368 4 -4 -13
E 2368 5 11 35
T 2369 22 0 1 0
E 2369 5 13 39
T 2370 1 0 6 0
E 2370 0 -6 -20
E 2370 1 -6 -20
E 2370 2 -6 -20
E 2370 3 -6 -20
E 2370 4 -6 -20
E 2370 5 9 28
T 2371 13 0 1 0
E 2371 5 17 52
T 2372 5 0 6 0
E 2372 0 -4 -14
E 2372 1 -4 -14
E 2372 2 -4 -14
E 2372 3 -4 -14
E 2372 4 -4 -14
E 2372 5 11 34
T 2373 16 0 1 0
E 2373 5 15 47
T 2374 8 0 6 0
E 2374 0 -8 -24
E 2374 1 -8 -24
E 2374 2 -8 -24
E 2374 3 -8 -24
E 2374 4 -8 -24
E 2374 5 8 24
T 2375 9 0 1 0
E 2375 5 19 58
T 2376 22 0 1 0
E 2376 5 12 38
T 2377 10 0 6 0
E 2377 0 -9 -29
E 2377 1 -9 -29
E 2377 2 -9 -29
E 2377 3 -9 -29
E 2377 4 -9 -29
E 2377 5 6 19
T 2378 13 0 1 0
E 2378 5 17 52
T 2379 4 0 6 0
E 2379 0 -4 -13
E 2379 1 -4 -13
E 2379 2 -4 -13
E 2379 3 -4 -13
E 2379 4 -4 -13
E 2379 5 11 35
T 2380 23 0 1 0
E 2380 5 12 37
T 2381 14 0 6 0
E 2381 0 -10 -30
E 2381 1 -10 -30
E 2381 2 -10 -30
E 2381 3 -10 -30
E 2381 4 -10 -30
E 2381 5 6 18
T 2382 34 0 6 0
E 2382 0 6 18
E 2382 1 6 18
E 2382 2 6 18
E 2382 3 6 18
E 2382 4 6 18
E 2382 5 22 66
T 2383 24 0 5 0
E 2383 0 -13 -41
E 2383 1 -13 -41
E 2383 2 -13 -41
E 2383 3 -13 -41
E 2383 4 -13 -41
T 2384 32 0 6 0
E 2384 0 6 20
E 2384 1 6 20
E 2384 2 6 20
E 2384 3 6 20
E 2384 4 6 20
E 2384 5 22 68
T 2385 17 0 6 0
E 2385 0 -11 -33
E 2385 1 -11 -33
E 2385 2 -11 -33
E 2385 3 -11 -33
E 2385 4 -11 -33
E 2385 5 5 15
T 2386 34 0 6 0
E 2386 0 6 18
E 2386 1 6 18
E 2386 2 6 18
E 2386 3 6 18
E 2386 4 6 18
E 2386 5 22 66
T 2387 23 0 5 0
E 2387 0 -12 -37
E 2387 1 -12 -37
E 2387 2 -12 -37
E 2387 3 -12 -37
E 2387 4 -12 -37
T 2388 34 0 6 0
E 2388 0 6 18
E 2388 1 6 18
E 2388 2 6 18
E 2388 3 6 18
E 2388 4 6 18
E 2388 5 22 66
T 2389 23 0 5 0
E 2389 0 -12 -37
E 2389 1 -12 -37
E 2389 2 -12 -37
E 2389 3 -12 -37
E 2389 4 -12 -37
T 2390 35 0 6 0
E 2390 0 7 23
E 2390 1 7 23
E 2390 2 7 23
E 2390 3 7 23
E 2390 4 7 23
E 2390 5 23 71
T 2391 17 0 6 0
E 2391 0 -11 -33
E 2391 1 -11 -33
E 2391 2 -11 -33
E 2391 3 -11 -33
E 2391 4 -11 -33
E 2391 5 5 15
T 2392 27 0 6 0
E 2392 0 4 13
E 2392 1 4 13
E 2392 2 4 13
E 2392 3 4 13
E 2392 4 4 13
E 2392 5 20 61
T 2393 14 0 6 0
E 2393 0 -10 -30
E 2393 1 -10 -30
E 2393 2 -10 -30
E 2393 3 -10 -30
E 2393 4 -10 -30
E 2393 5 6 18
T 2394 29 0 6 0
E 2394 0 5 17
E 2394 1 5 17
E 2394 2 5 17
E 2394 3 5 17
E 2394 4 5 17
E 2394 5 21 65
T 2395 8 0 6 0
E 2395 0 -8 -24
E 2395 1 -8 -24
E 2395 2 -8 -24
E 2395 3 -8 -24
E 2395 4 -8 -24
E 2395 5 8 24
T 2396 8 0 1 0
E 2396 5 20 60
T 2397 5 0 6 0
E 2397 0 -4 -14
E 2397 1 -4 -14
E 2397 2 -4 -14
E 2397 3 -4 -14
E 2397 4 -4 -14
E 2397 5 11 34
T 2398 20 0 1 0
E 2398 5 13 41
T 2399 7 0 6 0
E 2399 0 -8 -26
E 2399 1 -8 -26
E 2399 2 -8 -26
E 2399 3 -8 -26
E 2399 4 -8 -26
E 2399 5 7 22
T 2400 55 0 6 0
E 2400 0 19 59
E 2400 1 19 59
E 2400 2 19 59
E 2400 3 19 59
E 2400 4 19 59
E 2400 5 19 59
T 2401 52 0 6 0
E 2401 0 -17 -51
E 2401 1 -17 -51
E 2401 2 -17 -51
E 2401 3 -17 -51
E 2401 4 -17 -51
E 2401 5 -18 -54
T 2402 48 0 6 0
E 2402 0 17 52
E 2402 1 17 52
E 2402 2 17 52
E 2402 3 17 52
E 2402 4 17 52
E 2402 5 15 46
T 2403 50 0 6 0
E 2403 0 -16 -49
E 2403 1 -16 -49
E 2403 2 -16 -49
E 2403 3 -16 -49
E 2403 4 -16 -49
E 2403 5 -19 -58
T 2404 52 0 6 0
E 2404 0 19 57
E 2404 1 19 57
E 2404 2 19 57
E 2404 3 19 57
E 2404 4 19 57
E 2404 5 14 44
T 2405 55 0 6 0
E 2405 0 -17 -52
E 2405 1 -17 -52
E 2405 2 -17 -52
E 2405 3 -17 -52
E 2405 4 -17 -52
E 2405 5 -22 -68
T 2406 40 0 6 0
E 2406 0 16 50
E 2406 1 16 50
E 2406 2 16 50
E 2406 3 16 50
E 2406 4 16 50
E 2406 5 10 31
T 2407 42 0 6 0
E 2407 0 -12 -38
E 2407 1 -12 -38
E 2407 2 -12 -38
E 2407 3 -12 -38
E 2407 4 -12 -38
E 2407 5 -20 -60
T 2408 23 0 5 0
E 2408 0 12 37
E 2408 1 12 37
E 2408 2 12 37
E 2408 3 12 37
E 2408 4 12 37
T 2409 26 0 6 0
E 2409 0 -6 -20
E 2409 1 -6 -20
E 2409 2 -6 -20
E 2409 3 -6 -20
E 2409 4 -6 -20
E 2409 5 -16 -49
T 2410 20 0 5 0
E 2410 0 10 30
E 2410 1 10 30
E 2410 2 10 30
E 2410 3 10 30
E 2410 4 10 30
T 2411 35 0 6 0
E 2411 0 -8 -24
E 2411 1 -8 -24
E 2411 2 -8 -24
E 2411 3 -8 -24
E 2411 4 -8 -24
E 2411 5 -19 -59
T 2412 23 0 5 0
E 2412 0 12 37
E 2412 1 12 37
E 2412 2 12 37
E 2412 3 12 37
E 2412 4 12 37
T 2413 30 0 6 0
E 2413 0 -6 -20
E 2413 1 -6 -20
E 2413 2 -6 -20
E 2413 3 -6 -20
E 2413 4 -6 -20
E 2413 5 -20 -61
T 2414 15 0 6 0
E 2414 0 10 31
E 2414 1 10 31
E 2414 2 10 31
E 2414 3 10 31
E 2414 4 10 31
E 2414 5 -4 -14
T 2415 8 0 1 0
E 2415 5 -20 -60
T 2416 21 0 1 0
E 2416 5 -15 -45
T 2417 3 0 6 0
E 2417 0 7 21
E 2417 1 7 21
E 2417 2 7 21
E 2417 3 7 21
E 2417 4 7 21
E 2417 5 -11 -33
T 2418 13 0 1 0
E 2418 5 -21 -65
T 2419 27 0 1 0
E 2419 5 -16 -50
T 2420 8 0 6 0
E 2420 0 10 32
E 2420 1 10 32
E 2420 2 10 32
E 2420 3 10 32
E 2420 4 10 32
E 2420 5 -10 -32
T 2421 33 0 6 0
E 2421 0 -4 -13
E 2421 1 -4 -13
E 2421 2 -4 -13
E 2421 3 -4 -13
E 2421 4 -4 -13
E 2421 5 -26 -80
T 2422 15 0 6 0
E 2422 0 13 40
E 2422 1 13 40
E 2422 2 13 40
E 2422 3 13 40
E 2422 4 13 40
E 2422 5 -10 -30
T 2423 38 0 6 0
E 2423 0 -5 -16
E 2423 1 -5 -16
E 2423 2 -5 -16
E 2423 3 -5 -16
E 2423 4 -5 -16
E 2423 5 -29 -89
T 2424 14 0 6 0
E 2424 0 13 39
E 2424 1 13 39
E 2424 2 13 39
E 2424 3 13 39
E 2424 4 13 39
E 2424 5 -12 -38
T 2425 44 0 6 0
E 2425 0 -6 -18
E 2425 1 -6 -18
E 2425 2 -6 -18
E 2425 3 -6 -18
E 2425 4 -6 -18
E 2425 5 -32 -98
T 2426 19 0 6 0
E 2426 0 16 50
E 2426 1 16 50
E 2426 2 16 50
E 2426 3 16 50
E 2426 4 16 50
E 2426 5 -11 -33
T 2427 20 0 1 0
E 2427 5 -32 -98
T 2428 13 0 6 0
E 2428 0 6 20
E 2428 1 6 20
E 2428 2 6 20
E 2428 3 6 20
E 2428 4 6 20
E 2428 5 -23 -69
T 2429 37 0 1 0
E 2429 5 -27 -83
T 2430 16 0 6 0
E 2430 0 11 35
E 2430 1 11 35
E 2430 2 11 35
E 2430 3 11 35
E 2430 4 11 35
E 2430 5 -4 -13
T 2431 30 0 6 0
E 2431 0 -5 -16
E 2431 1 -5 -16
E 2431 2 -5 -16
E 2431 3 -5 -16
E 2431 4 -5 -16
E 2431 5 -21 -64
T 2432 14 0 6 0
E 2432 0 10 30
E 2432 1 10 30
E 2432 2 10 30
E 2432 3 10 30
E 2432 4 10 30
E 2432 5 -6 -18
T 2433 9 0 1 0
E 2433 5 -19 -58
T 2434 20 0 1 0
E 2434 5 -14 -42
T 2435 7 0 6 0
E 2435 0 8 26
E 2435 1 8 26
E 2435 2 8 26
E 2435 3 8 26
E 2435 4 8 26
E 2435 5 -7 -22
T 2436 8 0 1 0
E 2436 5 -19 -59
T 2437 19 0 1 0
E 2437 5 -14 -43
T 2438 7 0 6 0
E 2438 0 8 26
E 2438 1 8 26
E 2438 2 8 26
E 2438 3 8 26
E 2438 4 8 26
E 2438 5 -7 -22
T 2439 13 0 1 0
E 2439 5 -17 -52
T 2440 5 0 6 0
E 2440 0 7 21
E 2440 1 7 21
E 2440 2 7 21
E 2440 3 7 21
E 2440 4 7 21
E 2440 5 -9 -27
T 2441 11 0 1 0
E 2441 5 -18 -55
T 2442 20 0 1 0
E 2442 5 -13 -41
T 2443 2 0 6 0
E 2443 0 6 19
E 2443 1 6 19
E 2443 2 6 19
E 2443 3 6 19
E 2443 4 6 19
E 2443 5 -9 -29
T 2444 18 0 1 0
E 2444 5 -15 -45
T 2445 5 0 6 0
E 2445 0 4 14
E 2445 1 4 14
E 2445 2 4 14
E 2445 3 4 14
E 2445 4 4 14
E 2445 5 -11 -34
T 2446 16 0 1 0
E 2446 5 -16 -48
T 2447 5 0 6 0
E 2447 0 7 21
E 2447 1 7 21
E 2447 2 7 21
E 2447 3 7 21
E 2447 4 7 21
E 2447 5 -9 -27
T 2448 12 0 1 0
E 2448 5 -17 -53
T 2449 21 0 1 0
E 2449 5 -13 -40
T 2450 2 0 6 0
E 2450 0 6 19
E 2450 1 6 19
E 2450 2 6 19
E 2450 3 6 19
E 2450 4 6 19
E 2450 5 -9 -29
T 2451 16 0 1 0
E 2451 5 -15 -47
T 2452 1 0 6 0
E 2452 0 6 20
E 2452 1 6 20
E 2452 2 6 20
E 2452 3 6 20
E 2452 4 6 20
E 2452 5 -9 -28
T 2453 18 0 1 0
E 2453 5 -15 -45
T 2454 1 0 6 0
E 2454 0 5 16
E 2454 1 5 16
E 2454 2 5 16
E 2454 3 5 16
E 2454 4 5 16
E 2454 5 -10 -32
T 2455 18 0 1 0
E 2455 5 -14 -44
T 2456 8 0 6 0
E 2456 0 8 25
E 2456 1 8 25
E 2456 2 8 25
E 2456 3 8 25
E 2456 4 8 25
E 2456 5 -7 -23
T 2457 15 0 1 0
E 2457 5 -16 -49
T 2458 22 0 1 0
E 2458 5 -12 -38
T 2459 11 0 6 0
E 2459 0 9 27
E 2459 1 9 27
E 2459 2 9 27
E 2459 3 9 27
E 2459 4 9 27
E 2459 5 -7 -21
T 2460 12 0 1 0
E 2460 5 -17 -53
T 2461 4 0 6 0
E 2461 0 4 13
E 2461 1 4 13
E 2461 2 4 13
E 2461 3 4 13
E 2461 4 4 13
E 2461 5 -11 -35
T 2462 21 0 1 0
E 2462 5 -13 -40
T 2463 5 0 6 0
E 2463 0 7 22
E 2463 1 7 22
E 2463 2 7 22
E 2463 3 7 22
E 2463 4 7 22
E 2463 5 -8 -26
T 2464 14 0 1 0
E 2464 5 -17 -51
T 2465 2 0 6 0
E 2465 0 6 19
E 2465 1 6 19
E 2465 2 6 19
E 2465 3 6 19
E 2465 4 6 19
E 2465 5 -9 -29
T 2466 11 0 1 0
E 2466 5 -18 -55
T 2467 22 0 1 0
E 2467 5 -12 -38
T 2468 2 0 6 0
E 2468 0 6 19
E 2468 1 6 19
E 2468 2 6 19
E 2468 3 6 19
E 2468 4 6 19
E 2468 5 -9 -29
T 2469 16 0 1 0
E 2469 5 -16 -48
T 2470 5 0 6 0
E 2470 0 7 22
E 2470 1 7 22
E 2470 2 7 22
E 2470 3 7 22
E 2470 4 7 22
E 2470 5 -8 -26
T 2471 16 0 1 0
E 2471 5 -15 -47
T 2472 1 0 6 0
E 2472 0 5 16
E 2472 1 5 16
E 2472 2 5 16
E 2472 3 5 16
E 2472 4 5 16
E 2472 5 -10 -32
T 2473 16 0 1 0
E 2473 5 -15 -47
T 2474 1 0 6 0
E 2474 0 5 16
E 2474 1 5 16
E 2474 2 5 16
E 2474 3 5 16
E 2474 4 5 16
E 2474 5 -10 -32
T 2475 16 0 1 0
E 2475 5 -16 -48
T 2476 23 0 1 0
E 2476 5 -12 -37
T 2477 8 0 6 0
E 2477 0 8 25
E 2477 1 8 25
E 2477 2 8 25
E 2477 3 8 25
E 2477 4 8 25
E 2477 5 -7 -23
T 2478 10 0 1 0
E 2478 5 -18 -56
T 2479 1 0 6 0
E 2479 0 5 16
E 2479 1 5 16
E 2479 2 5 16
E 2479 3 5 16
E 2479 4 5 16
E 2479 5 -10 -32
T 2480 15 0 1 0
E 2480 5 -16 -49
T 2481 1 0 6 0
E 2481 0 5 16
E 2481 1 5 16
E 2481 2 5 16
E 2481 3 5 16
E 2481 4 5 16
E 2481 5 -10 -32
T 2482 19 0 1 0
E 2482 5 -14 -43
T 2483 4 0 6 0
E 2483 0 7 23
E 2483 1 7 23
E 2483 2 7 23
E 2483 3 7 23
E 2483 4 7 23
E 2483 5 -8 -25
T 2484 17 0 1 0
E 2484 5 -15 -46
T 2485 2 0 6 0
E 2485 0 5 17
E 2485 1 5 17
E 2485 2 5 17
E 2485 3 5 17
E 2485 4 5 17
E 2485 5 -10 -31
T 2486 20 0 1 0
E 2486 5 -14 -42
T 2487 2 0 6 0
E 2487 0 6 19
E 2487 1 6 19
E 2487 2 6 19
E 2487 3 6 19
E 2487 4 6 19
E 2487 5 -9 -29
T 2488 13 0 1 0
E 2488 5 -17 -52
T 2489 4 0 6 0
E 2489 0 4 13
E 2489 1 4 13
E 2489 2 4 13
E 2489 3 4 13
E 2489 4 4 13
E 2489 5 -11 -35
T 2490 16 0 1 0
E 2490 5 -16 -48
T 2491 1 0 6 0
E 2491 0 5 16
E 2491 1 5 16
E 2491 2 5 16
E 2491 3 5 16
E 2491 4 5 16
E 2491 5 -10 -32
T 2492 20 0 1 0
E 2492 5 -14 -42
T 2493 2 0 6 0
E 2493 0 5 17
E 2493 1 5 17
E 2493 2 5 17
E 2493 3 5 17
E 2493 4 5 17
E 2493 5 -10 -31
T 2494 15 0 1 0
E 2494 5 -16 -49
T 2495 23 0 1 0
E 2495 5 -12 -37
T 2496 10 0 6 0
E 2496 0 9 29
E 2496 1 9 29
E 2496 2 9 29
E 2496 3 9 29
E 2496 4 9 29
E 2496 5 -6 -19
T 2497 9 0 1 0
E 2497 5 -18 -54
T 2498 17 0 1 0
E 2498 5 -13 -39
T 2499 7 0 6 0
E 2499 0 7 22
E 2499 1 7 22
E 2499 2 7 22
E 2499 3 7 22
E 2499 4 7 22
E 2499 5 -6 -18
T 2500 11 0 1 0
E 2500 5 -13 -39
T 2501 15 0 1 0
E 2501 5 -10 -30
T 2502 17 0 1 0
E 2502 5 -7 -22
T 2503 1 0 6 0
E 2503 0 4 14
E 2503 1 4 14
E 2503 2 4 14
E 2503 3 4 14
E 2503 4 4 14
E 2503 5 -5 -16
T 2504 10 0 1 0
E 2504 5 -8 -25
T 2505 15 0 1 0
E 2505 5 -4 -13
T 2506 12 0 5 0
E 2506 0 6 18
E 2506 1 6 18
E 2506 2 6 18
E 2506 3 6 18
E 2506 4 6 18
T 2507 17 0 6 0
E 2507 0 -4 -14
E 2507 1 -4 -14
E 2507 2 -4 -14
E 2507 3 -4 -14
E 2507 4 -4 -14
E 2507 5 -11 -33
T 2508 10 0 5 0
E 2508 0 5 15
E 2508 1 5 15
E 2508 2 5 15
E 2508 3 5 15
E 2508 4 5 15
T 2509 1 0 1 0
E 2509 5 -6 -19
T 2510 0 0 1 0
E 2510 5 -5 -16
T 2511 1 0 0 0
T 2512 5 0 0 0
T 2513 4 0 0 0
T 2514 2 0 0 0
T 2515 9 0 0 0
T 2516 10 0 5 0
E 2516 0 -5 -15
E 2516 1 -5 -15
E 2516 2 -5 -15
E 2516 3 -5 -15
E 2516 4 -5 -15
T 2517 5 0 1 0
E 2517 5 5 17
T 2518 3 0 1 0
E 2518 5 6 18
T 2519 2 0 0 0
T 2520 5 0 0 0
T 2521 7 0 1 0
E 2521 5 4 14
T 2522 8 0 1 0
E 2522 5 6 18
T 2523 10 0 0 0
T 2524 10 0 5 0
E 2524 0 -5 -15
E 2524 1 -5 -15
E 2524 2 -5 -15
E 2524 3 -5 -15
E 2524 4 -5 -15
T 2525 24 0 6 0
E 2525 0 5 15
E 2525 1 5 15
E 2525 2 5 15
E 2525 3 5 15
E 2525 4 5 15
E 2525 5 14 43
T 2526 10 0 5 0
E 2526 0 -6 -20
E 2526 1 -6 -20
E 2526 2 -6 -20
E 2526 3 -6 -20
E 2526 4 -6 -20
T 2527 4 0 1 0
E 2527 5 13 39
T 2528 15 0 1 0
E 2528 5 7 22
T 2529 17 0 1 0
E 2529 5 6 19
T 2530 13 0 5 0
E 2530 0 -7 -22
E 2530 1 -7 -22
E 2530 2 -7 -22
E 2530 3 -7 -22
E 2530 4 -7 -22
T 2531 6 0 1 0
E 2531 5 12 36
T 2532 15 0 1 0
E 2532 5 7 22
T 2533 4 0 6 0
E 2533 0 -5 -17
E 2533 1 -5 -17
E 2533 2 -5 -17
E 2533 3 -5 -17
E 2533 4 -5 -17
E 2533 5 4 13
T 2534 7 0 1 0
E 2534 5 11 34
T 2535 1 0 6 0
E 2535 0 -4 -14
E 2535 1 -4 -14
E 2535 2 -4 -14
E 2535 3 -4 -14
E 2535 4 -4 -14
E 2535 5 5 16
T 2536 12 0 1 0
E 2536 5 8 26
T 2537 2 0 6 0
E 2537 0 -4 -13
E 2537 1 -4 -13
E 2537 2 -4 -13
E 2537 3 -4 -13
E 2537 4 -4 -13
E 2537 5 5 17
T 2538 6 0 1 0
E 2538 5 12 36
T 2539 15 0 1 0
E 2539 5 7 22
T 2540 10 0 5 0
E 2540 0 -6 -20
E 2540 1 -6 -20
E 2540 2 -6 -20
E 2540 3 -6 -20
E 2540 4 -6 -20
T 2541 8 0 1 0
E 2541 5 11 33
T 2542 1 0 6 0
E 2542 0 -4 -14
E 2542 1 -4 -14
E 2542 2 -4 -14
E 2542 3 -4 -14
E 2542 4 -4 -14
E 2542 5 5 16
T 2543 6 0 1 0
E 2543 5 12 36
T 2544 16 0 1 0
E 2544 5 6 20
T 2545 14 0 5 0
E 2545 0 -7 -21
E 2545 1 -7 -21
E 2545 2 -7 -21
E 2545 3 -7 -21
E 2545 4 -7 -21
T 2546 24 0 6 0
E 2546 0 5 16
E 2546 1 5 16
E 2546 2 5 16
E 2546 3 5 16
E 2546 4 5 16
E 2546 5 15 47
T 2547 20 0 5 0
E 2547 0 -10 -30
E 2547 1 -10 -30
E 2547 2 -10 -30
E 2547 3 -10 -30
E 2547 4 -10 -30
T 2548 25 0 6 0
E 2548 0 5 16
E 2548 1 5 16
E 2548 2 5 16
E 2548 3 5 16
E 2548 4 5 16
E 2548 5 16 48
T 2549 16 0 5 0
E 2549 0 -9 -29
E 2549 1 -9 -29
E 2549 2 -9 -29
E 2549 3 -9 -29
E 2549 4 -9 -29
T 2550 24 0 6 0
E 2550 0 5 17
E 2550 1 5 17
E 2550 2 5 17
E 2550 3 5 17
E 2550 4 5 17
E 2550 5 16 50
T 2551 15 0 5 0
E 2551 0 -8 -25
E 2551 1 -8 -25
E 2551 2 -8 -25
E 2551 3 -8 -25
E 2551 4 -8 -25
T 2552 4 0 1 0
E 2552 5 15 45
T 2553 17 0 1 0
E 2553 5 9 27
T 2554 3 0 6 0
E 2554 0 -5 -15
E 2554 1 -5 -15
E 2554 2 -5 -15
E 2554 3 -5 -15
E 2554 4 -5 -15
E 2554 5 7 21
T 2555 6 0 1 0
E 2555 5 14 44
T 2556 14 0 1 0
E 2556 5 11 34
T 2557 5 0 6 0
E 2557 0 -6 -20
E 2557 1 -6 -20
E 2557 2 -6 -20
E 2557 3 -6 -20
E 2557 4 -6 -20
E 2557 5 5 17
T 2558 8 0 1 0
E 2558 5 15 45
T 2559 15 0 1 0
E 2559 5 11 35
T 2560 8 0 6 0
E 2560 0 -7 -22
E 2560 1 -7 -22
E 2560 2 -7 -22
E 2560 3 -7 -22
E 2560 4 -7 -22
E 2560 5 5 17
T 2561 11 0 1 0
E 2561 5 14 43
T 2562 19 0 1 0
E 2562 5 10 31
T 2563 1 0 6 0
E 2563 0 -5 -16
E 2563 1 -5 -16
E 2563 2 -5 -16
E 2563 3 -5 -16
E 2563 4 -5 -16
E 2563 5 8 25
T 2564 18 0 1 0
E 2564 5 12 36
T 2565 3 0 6 0
E 2565 0 -6 -20
E 2565 1 -6 -20
E 2565 2 -6 -20
E 2565 3 -6 -20
E 2565 4 -6 -20
E 2565 5 7 22
T 2566 16 0 1 0
E 2566 5 13 40
T 2567 0 0 6 0
E 2567 0 -5 -16
E 2567 1 -5 -16
E 2567 2 -5 -16
E 2567 3 -5 -16
E 2567 4 -5 -16
E 2567 5 9 27
T 2568 14 0 1 0
E 2568 5 14 44
T 2569 4 0 6 0
E 2569 0 -4 -14
E 2569 1 -4 -14
E 2569 2 -4 -14
E 2569 3 -4 -14
E 2569 4 -4 -14
E 2569 5 10 31
T 2570 16 0 1 0
E 2570 5 14 43
T 2571 2 0 6 0
E 2571 0 -6 -19
E 2571 1 -6 -19
E 2571 2 -6 -19
E 2571 3 -6 -19
E 2571 4 -6 -19
E 2571 5 9 27
T 2572 12 0 1 0
E 2572 5 16 50
T 2573 0 0 6 0
E 2573 0 -5 -15
E 2573 1 -5 -15
E 2573 2 -5 -15
E 2573 3 -5 -15
E 2573 4 -5 -15
E 2573 5 10 32
T 2574 21 0 1 0
E 2574 5 13 40
T 2575 4 0 6 0
E 2575 0 -7 -23
E 2575 1 -7 -23
E 2575 2 -7 -23
E 2575 3 -7 -23
E 2575 4 -7 -23
E 2575 5 8 25
T 2576 16 0 1 0
E 2576 5 16 48
T 2577 1 0 6 0
E 2577 0 -5 -16
E 2577 1 -5 -16
E 2577 2 -5 -16
E 2577 3 -5 -16
E 2577 4 -5 -16
E 2577 5 10 32
T 2578 19 0 1 0
E 2578 5 14 43
T 2579 8 0 6 0
E 2579 0 -8 -25
E 2579 1 -8 -25
E 2579 2 -8 -25
E 2579 3 -8 -25
E 2579 4 -8 -25
E 2579 5 7 23
T 2580 14 0 1 0
E 2580 5 16 50
T 2581 1 0 6 0
E 2581 0 -5 -15
E 2581 1 -5 -15
E 2581 2 -5 -15
E 2581 3 -5 -15
E 2581 4 -5 -15
E 2581 5 11 33
T 2582 20 0 1 0
E 2582 5 14 42
T 2583 7 0 6 0
E 2583 0 -8 -26
E 2583 1 -8 -26
E 2583 2 -8 -26
E 2583 3 -8 -26
E 2583 4 -8 -26
E 2583 5 7 22
T 2584 9 0 1 0
E 2584 5 19 58
T 2585 22 0 1 0
E 2585 5 13 39
T 2586 10 0 6 0
E 2586 0 -9 -29
E 2586 1 -9 -29
E 2586 2 -9 -29
E 2586 3 -9 -29
E 2586 4 -9 -29
E 2586 5 6 19
T 2587 11 0 1 0
E 2587 5 18 55
T 2588 23 0 1 0
E 2588 5 12 37
T 2589 10 0 6 0
E 2589 0 -9 -29
E 2589 1 -9 -29
E 2589 2 -9 -29
E 2589 3 -9 -29
E 2589 4 -9 -29
E 2589 5 6 19
T 2590 8 0 1 0
E 2590 5 19 59
T 2591 19 0 1 0
E 2591 5 14 43
T 2592 1 0 6 0
E 2592 0 -6 -20
E 2592 1 -6 -20
E 2592 2 -6 -20
E 2592 3 -6 -20
E 2592 4 -6 -20
E 2592 5 9 28
T 2593 14 0 1 0
E 2593 5 16 50
T 2594 23 0 1 0
E 2594 5 12 37
T 2595 2 0 6 0
E 2595 0 -6 -18
E 2595 1 -6 -18
E 2595 2 -6 -18
E 2595 3 -6 -18
E 2595 4 -6 -18
E 2595 5 10 30
T 2596 18 0 1 0
E 2596 5 15 45
T 2597 4 0 6 0
E 2597 0 -7 -23
E 2597 1 -7 -23
E 2597 2 -7 -23
E 2597 3 -7 -23
E 2597 4 -7 -23
E 2597 5 8 25
T 2598 16 0 1 0
E 2598 5 15 47
T 2599 1 0 6 0
E 2599 0 -6 -20
E 2599 1 -6 -20
E 2599 2 -6 -20
E 2599 3 -6 -20
E 2599 4 -6 -20
E 2599 5 9 28
T 2600 16 0 1 0
E 2600 5 15 47
T 2601 1 0 6 0
E 2601 0 -5 -15
E 2601 1 -5 -15
E 2601 2 -5 -15
E 2601 3 -5 -15
E 2601 4 -5 -15
E 2601 5 11 33
T 2602 19 0 1 0
E 2602 5 14 43
T 2603 1 0 6 0
E 2603 0 -5 -16
E 2603 1 -5 -16
E 2603 2 -5 -16
E 2603 3 -5 -16
E 2603 4 -5 -16
E 2603 5 10 32
T 2604 22 0 1 0
E 2604 5 13 39
T 2605 2 0 6 0
E 2605 0 -5 -17
E 2605 1 -5 -17
E 2605 2 -5 -17
E 2605 3 -5 -17
E 2605 4 -5 -17
E 2605 5 10 31
T 2606 20 0 1 0
E 2606 5 14 42
T 2607 11 0 6 0
E 2607 0 -9 -27
E 2607 1 -9 -27
E 2607 2 -9 -27
E 2607 3 -9 -27
E 2607 4 -9 -27
E 2607 5 7 21
T 2608 26 0 6 0
E 2608 0 4 14
E 2608 1 4 14
E 2608 2 4 14
E 2608 3 4 14
E 2608 4 4 14
E 2608 5 20 62
T 2609 11 0 6 0
E 2609 0 -9 -27
E 2609 1 -9 -27
E 2609 2 -9 -27
E 2609 3 -9 -27
E 2609 4 -9 -27
E 2609 5 7 21
T 2610 11 0 1 0
E 2610 5 18 55
T 2611 22 0 1 0
E 2611 5 13 39
T 2612 8 0 6 0
E 2612 0 -8 -24
E 2612 1 -8 -24
E 2612 2 -8 -24
E 2612 3 -8 -24
E 2612 4 -8 -24
E 2612 5 8 24
T 2613 15 0 1 0
E 2613 5 16 49
T 2614 5 0 6 0
E 2614 0 -7 -22
E 2614 1 -7 -22
E 2614 2 -7 -22
E 2614 3 -7 -22
E 2614 4 -7 -22
E 2614 5 8 26
T 2615 15 0 1 0
E 2615 5 16 49
T 2616 4 0 6 0
E 2616 0 -4 -13
E 2616 1 -4 -13
E 2616 2 -4 -13
E 2616 3 -4 -13
E 2616 4 -4 -13
E 2616 5 11 35
T 2617 15 0 1 0
E 2617 5 16 49
T 2618 23 0 1 0
E 2618 5 12 37
T 2619 2 0 6 0
E 2619 0 -6 -19
E 2619 1 -6 -19
E 2619 2 -6 -19
E 2619 3 -6 -19
E 2619 4 -6 -19
E 2619 5 9 29
T 2620 19 0 1 0
E 2620 5 14 43
T 2621 1 0 6 0
E 2621 0 -5 -16
E 2621 1 -5 -16
E 2621 2 -5 -16
E 2621 3 -5 -16
E 2621 4 -5 -16
E 2621 5 10 32
T 2622 21 0 1 0
E 2622 5 13 40
T 2623 8 0 6 0
E 2623 0 -8 -25
E 2623 1 -8 -25
E 2623 2 -8 -25
E 2623 3 -8 -25
E 2623 4 -8 -25
E 2623 5 7 23
T 2624 10 0 1 0
E 2624 5 19 57
T 2625 2 0 6 0
E 2625 0 -5 -17
E 2625 1 -5 -17
E 2625 2 -5 -17
E 2625 3 -5 -17
E 2625 4 -5 -17
E 2625 5 10 31
T 2626 20 0 1 0
E 2626 5 13 41
T 2627 4 0 6 0
E 2627 0 -7 -23
E 2627 1 -7 -23
E 2627 2 -7 -23
E 2627 3 -7 -23
E 2627 4 -7 -23
E 2627 5 8 25
T 2628 16 0 1 0
E 2628 5 15 47
T 2629 24 0 1 0
E 2629 5 12 36
T 2630 8 0 6 0
E 2630 0 -8 -25
E 2630 1 -8 -25
E 2630 2 -8 -25
E 2630 3 -8 -25
E 2630 4 -8 -25
E 2630 5 7 23
T 2631 12 0 1 0
E 2631 5 17 53
T 2632 4 0 6 0
E 2632 0 -4 -13
E 2632 1 -4 -13
E 2632 2 -4 -13
E 2632 3 -4 -13
E 2632 4 -4 -13
E 2632 5 11 35
T 2633 18 0 1 0
E 2633 5 14 44
T 2634 8 0 6 0
E 2634 0 -8 -25
E 2634 1 -8 -25
E 2634 2 -8 -25
E 2634 3 -8 -25
E 2634 4 -8 -25
E 2634 5 7 23
T 2635 14 0 1 0
E 2635 5 16 50
T 2636 1 0 6 0
E 2636 0 -6 -20
E 2636 1 -6 -20
E 2636 2 -6 -20
E 2636 3 -6 -20
E 2636 4 -6 -20
E 2636 5 9 28
T 2637 14 0 1 0
E 2637 5 17 51
T 2638 5 0 6 0
E 2638 0 -7 -21
E 2638 1 -7 -21
E 2638 2 -7 -21
E 2638 3 -7 -21
E 2638 4 -7 -21
E 2638 5 9 27
T 2639 14 0 1 0
E 2639 5 17 51
T 2640 26 0 6 0
E 2640 0 9 28
E 2640 1 9 28
E 2640 2 9 28
E 2640 3 9 28
E 2640 4 9 28
E 2640 5 9 28
T 2641 25 0 6 0
E 2641 0 -8 -24
E 2641 1 -8 -24
E 2641 2 -8 -24
E 2641 3 -8 -24
E 2641 4 -8 -24
E 2641 5 -9 -27
T 2642 27 0 6 0
E 2642 0 10 31
E 2642 1 10 31
E 2642 2 10 31
E 2642 3 10 31
E 2642 4 10 31
E 2642 5 8 25
T 2643 33 0 6 0
E 2643 0 -10 -30
E 2643 1 -10 -30
E 2643 2 -10 -30
E 2643 3 -10 -30
E 2643 4 -10 -30
E 2643 5 -13 -39
T 2644 30 0 6 0
E 2644 0 12 38
E 2644 1 12 38
E 2644 2 12 38
E 2644 3 12 38
E 2644 4 12 38
E 2644 5 8 25
T 2645 38 0 6 0
E 2645 0 -11 -33
E 2645 1 -11 -33
E 2645 2 -11 -33
E 2645 3 -11 -33
E 2645 4 -11 -33
E 2645 5 -16 -49
T 2646 26 0 6 0
E 2646 0 11 33
E 2646 1 11 33
E 2646 2 11 33
E 2646 3 11 33
E 2646 4 11 33
E 2646 5 4 14
T 2647 24 0 6 0
E 2647 0 -6 -19
E 2647 1 -6 -19
E 2647 2 -6 -19
E 2647 3 -6 -19
E 2647 4 -6 -19
E 2647 5 -13 -41
T 2648 13 0 5 0
E 2648 0 7 22
E 2648 1 7 22
E 2648 2 7 22
E 2648 3 7 22
E 2648 4 7 22
T 2649 24 0 6 0
E 2649 0 -5 -16
E 2649 1 -5 -16
E 2649 2 -5 -16
E 2649 3 -5 -16
E 2649 4 -5 -16
E 2649 5 -15 -45
T 2650 16 0 5 0
E 2650 0 8 24
E 2650 1 8 24
E 2650 2 8 24
E 2650 3 8 24
E 2650 4 8 24
T 2651 29 0 6 0
E 2651 0 -6 -18
E 2651 1 -6 -18
E 2651 2 -6 -18
E 2651 3 -6 -18
E 2651 4 -6 -18
E 2651 5 -17 -53
T 2652 20 0 5 0
E 2652 0 10 30
E 2652 1 10 30
E 2652 2 10 30
E 2652 3 10 30
E 2652 4 10 30
T 2653 28 0 6 0
E 2653 0 -5 -15
E 2653 1 -5 -15
E 2653 2 -5 -15
E 2653 3 -5 -15
E 2653 4 -5 -15
E 2653 5 -18 -56
T 2654 12 0 6 0
E 2654 0 9 28
E 2654 1 9 28
E 2654 2 9 28
E 2654 3 9 28
E 2654 4 9 28
E 2654 5 -5 -17
T 2655 31 0 6 0
E 2655 0 -5 -15
E 2655 1 -5 -15
E 2655 2 -5 -15
E 2655 3 -5 -15
E 2655 4 -5 -15
E 2655 5 -21 -63
T 2656 13 0 6 0
E 2656 0 10 31
E 2656 1 10 31
E 2656 2 10 31
E 2656 3 10 31
E 2656 4 10 31
E 2656 5 -6 -20
T 2657 31 0 6 0
E 2657 0 -5 -17
E 2657 1 -5 -17
E 2657 2 -5 -17
E 2657 3 -5 -17
E 2657 4 -5 -17
E 2657 5 -23 -71
T 2658 14 0 6 0
E 2658 0 11 33
E 2658 1 11 33
E 2658 2 11 33
E 2658 3 11 33
E 2658 4 11 33
E 2658 5 -8 -24
T 2659 16 0 1 0
E 2659 5 -22 -67
T 2660 10 0 6 0
E 2660 0 4 14
E 2660 1 4 14
E 2660 2 4 14
E 2660 3 4 14
E 2660 4 4 14
E 2660 5 -16 -50
T 2661 28 0 1 0
E 2661 5 -19 -58
T 2662 10 0 6 0
E 2662 0 11 33
E 2662 1 11 33
E 2662 2 11 33
E 2662 3 11 33
E 2662 4 11 33
E 2662 5 -12 -37
T 2663 21 0 1 0
E 2663 5 -25 -77
T 2664 2 0 6 0
E 2664 0 9 27
E 2664 1 9 27
E 2664 2 9 27
E 2664 3 9 27
E 2664 4 9 27
E 2664 5 -16 -50
T 2665 30 0 1 0
E 2665 5 -24 -74
T 2666 1 0 6 0
E 2666 0 9 28
E 2666 1 9 28
E 2666 2 9 28
E 2666 3 9 28
E 2666 4 9 28
E 2666 5 -18 -55
T 2667 34 0 1 0
E 2667 5 -26 -78
T 2668 5 0 6 0
E 2668 0 12 38
E 2668 1 12 38
E 2668 2 12 38
E 2668 3 12 38
E 2668 4 12 38
E 2668 5 -17 -51
T 2669 29 0 1 0
E 2669 5 -32 -96
T 2670 13 0 6 0
E 2670 0 10 32
E 2670 1 10 32
E 2670 2 10 32
E 2670 3 10 32
E 2670 4 10 32
E 2670 5 -5 -16
T 2671 10 0 1 0
E 2671 5 -18 -56
T 2672 22 0 1 0
E 2672 5 -12 -38
T 2673 5 0 6 0
E 2673 0 7 22
E 2673 1 7 22
E 2673 2 7 22
E 2673 3 7 22
E 2673 4 7 22
E 2673 5 -8 -26
T 2674 12 0 1 0
E 2674 5 -18 -54
T 2675 22 0 1 0
E 2675 5 -12 -38
T 2676 7 0 6 0
E 2676 0 8 26
E 2676 1 8 26
E 2676 2 8 26
E 2676 3 8 26
E 2676 4 8 26
E 2676 5 -7 -22
T 2677 15 0 1 0
E 2677 5 -16 -49
T 2678 24 0 1 0
E 2678 5 -12 -36
T 2679 4 0 6 0
E 2679 0 7 23
E 2679 1 7 23
E 2679 2 7 23
E 2679 3 7 23
E 2679 4 7 23
E 2679 5 -8 -25
T 2680 15 0 1 0
E 2680 5 -16 -49
T 2681 1 0 6 0
E 2681 0 5 16
E 2681 1 5 16
E 2681 2 5 16
E 2681 3 5 16
E 2681 4 5 16
E 2681 5 -10 -32
T 2682 19 0 1 0
E 2682 5 -14 -43
T 2683 7 0 6 0
E 2683 0 8 26
E 2683 1 8 26
E 2683 2 8 26
E 2683 3 8 26
E 2683 4 8 26
E 2683 5 -7 -22
T 2684 14 0 1 0
E 2684 5 -16 -50
T 2685 2 0 6 0
E 2685 0 6 19
E 2685 1 6 19
E 2685 2 6 19
E 2685 3 6 19
E 2685 4 6 19
E 2685 5 -9 -29
T 2686 18 0 1 0
E 2686 5 -15 -45
T 2687 2 0 6 0
E 2687 0 5 17
E 2687 1 5 17
E 2687 2 5 17
E 2687 3 5 17
E 2687 4 5 17
E 2687 5 -10 -31
T 2688 16 0 1 0
E 2688 5 -15 -47
T 2689 4 0 6 0
E 2689 0 7 23
E 2689 1 7 23
E 2689 2 7 23
E 2689 3 7 23
E 2689 4 7 23
E 2689 5 -8 -25
T 2690 15 0 1 0
E 2690 5 -16 -49
T 2691 22 0 1 0
E 2691 5 -12 -38
T 2692 7 0 6 0
E 2692 0 8 26
E 2692 1 8 26
E 2692 2 8 26
E 2692 3 8 26
E 2692 4 8 26
E 2692 5 -7 -22
T 2693 12 0 1 0
E 2693 5 -18 -54
T 2694 1 0 6 0
E 2694 0 5 15
E 2694 1 5 15
E 2694 2 5 15
E 2694 3 5 15
E 2694 4 5 15
E 2694 5 -11 -33
T 2695 22 0 1 0
E 2695 5 -13 -39
T 2696 11 0 6 0
E 2696 0 9 28
E 2696 1 9 28
E 2696 2 9 28
E 2696 3 9 28
E 2696 4 9 28
E 2696 5 -6 -20
T 2697 12 0 1 0
E 2697 5 -17 -53
T 2698 4 0 6 0
E 2698 0 4 13
E 2698 1 4 13
E 2698 2 4 13
E 2698 3 4 13
E 2698 4 4 13
E 2698 5 -11 -35
T 2699 18 0 1 0
E 2699 5 -14 -44
T 2700 2 0 6 0
E 2700 0 6 19
E 2700 1 6 19
E 2700 2 6 19
E 2700 3 6 19
E 2700 4 6 19
E 2700 5 -9 -29
T 2701 14 0 1 0
E 2701 5 -16 -50
T 2702 1 0 6 0
E 2702 0 5 15
E 2702 1 5 15
E 2702 2 5 15
E 2702 3 5 15
E 2702 4 5 15
E 2702 5 -11 -33
T 2703 21 0 1 0
E 2703 5 -13 -40
T 2704 8 0 6 0
E 2704 0 8 25
E 2704 1 8 25
E 2704 2 8 25
E 2704 3 8 25
E 2704 4 8 25
E 2704 5 -7 -23
T 2705 15 0 1 0
E 2705 5 -16 -49
T 2706 1 0 6 0
E 2706 0 5 16
E 2706 1 5 16
E 2706 2 5 16
E 2706 3 5 16
E 2706 4 5 16
E 2706 5 -10 -32
T 2707 21 0 1 0
E 2707 5 -13 -40
T 2708 2 0 6 0
E 2708 0 6 19
E 2708 1 6 19
E 2708 2 6 19
E 2708 3 6 19
E 2708 4 6 19
E 2708 5 -9 -29
T 2709 12 0 1 0
E 2709 5 -17 -53
T 2710 1 0 6 0
E 2710 0 6 20
E 2710 1 6 20
E 2710 2 6 20
E 2710 3 6 20
E 2710 4 6 20
E 2710 5 -9 -28
T 2711 18 0 1 0
E 2711 5 -14 -44
T 2712 8 0 6 0
E 2712 0 8 24
E 2712 1 8 24
E 2712 2 8 24
E 2712 3 8 24
E 2712 4 8 24
E 2712 5 -8 -24
T 2713 14 0 1 0
E 2713 5 -17 -51
T 2714 1 0 6 0
E 2714 0 6 20
E 2714 1 6 20
E 2714 2 6 20
E 2714 3 6 20
E 2714 4 6 20
E 2714 5 -9 -28
T 2715 16 0 1 0
E 2715 5 -15 -47
T 2716 5 0 6 0
E 2716 0 7 22
E 2716 1 7 22
E 2716 2 7 22
E 2716 3 7 22
E 2716 4 7 22
E 2716 5 -8 -26
T 2717 15 0 1 0
E 2717 5 -16 -49
T 2718 4 0 6 0
E 2718 0 4 13
E 2718 1 4 13
E 2718 2 4 13
E 2718 3 4 13
E 2718 4 4 13
E 2718 5 -11 -35
T 2719 23 0 1 0
E 2719 5 -12 -37
T 2720 2 0 6 0
E 2720 0 6 19
E 2720 1 6 19
E 2720 2 6 19
E 2720 3 6 19
E 2720 4 6 19
E 2720 5 -9 -29
T 2721 16 0 1 0
E 2721 5 -15 -47
T 2722 24 0 1 0
E 2722 5 -12 -36
T 2723 4 0 6 0
E 2723 0 7 23
E 2723 1 7 23
E 2723 2 7 23
E 2723 3 7 23
E 2723 4 7 23
E 2723 5 -8 -25
T 2724 14 0 1 0
E 2724 5 -17 -51
T 2725 5 0 6 0
E 2725 0 7 22
E 2725 1 7 22
E 2725 2 7 22
E 2725 3 7 22
E 2725 4 7 22
E 2725 5 -8 -26
T 2726 10 0 1 0
E 2726 5 -18 -56
T 2727 20 0 1 0
E 2727 5 -14 -42
T 2728 2 0 6 0
E 2728 0 5 17
E 2728 1 5 17
E 2728 2 5 17
E 2728 3 5 17
E 2728 4 5 17
E 2728 5 -10 -31
T 2729 22 0 1 0
E 2729 5 -12 -38
T 2730 4 0 6 0
E 2730 0 7 23
E 2730 1 7 23
E 2730 2 7 23
E 2730 3 7 23
E 2730 4 7 23
E 2730 5 -8 -25
T 2731 16 0 1 0
E 2731 5 -16 -48
T 2732 1 0 6 0
E 2732 0 5 16
E 2732 1 5 16
E 2732 2 5 16
E 2732 3 5 16
E 2732 4 5 16
E 2732 5 -10 -32
T 2733 17 0 1 0
E 2733 5 -15 -46
T 2734 2 0 6 0
E 2734 0 5 17
E 2734 1 5 17
E 2734 2 5 17
E 2734 3 5 17
E 2734 4 5 17
E 2734 5 -10 -31
T 2735 15 0 1 0
E 2735 5 -16 -49
T 2736 22 0 1 0
E 2736 5 -12 -38
T 2737 0 0 6 0
E 2737 0 5 15
E 2737 1 5 15
E 2737 2 5 15
E 2737 3 5 15
E 2737 4 5 15
E 2737 5 -10 -30
T 2738 13 0 1 0
E 2738 5 -15 -45
T 2739 20 0 1 0
E 2739 5 -9 -29
T 2740 8 0 6 0
E 2740 0 7 22
E 2740 1 7 22
E 2740 2 7 22
E 2740 3 7 22
E 2740 4 7 22
E 2740 5 -5 -15
T 2741 5 0 1 0
E 2741 5 -14 -44
T 2742 10 0 1 0
E 2742 5 -10 -32
T 2743 18 0 1 0
E 2743 5 -6 -18
T 2744 14 0 5 0
E 2744 0 7 21
E 2744 1 7 21
E 2744 2 7 21
E 2744 3 7 21
E 2744 4 7 21
T 2745 29 0 6 0
E 2745 0 -7 -21
E 2745 1 -7 -21
E 2745 2 -7 -21
E 2745 3 -7 -21
E 2745 4 -7 -21
E 2745 5 -15 -45
T 2746 21 0 5 0
E 2746 0 11 34
E 2746 1 11 34
E 2746 2 11 34
E 2746 3 11 34
E 2746 4 11 34
T 2747 26 0 6 0
E 2747 0 -7 -23
E 2747 1 -7 -23
E 2747 2 -7 -23
E 2747 3 -7 -23
E 2747 4 -7 -23
E 2747 5 -14 -42
T 2748 23 0 6 0
E 2748 0 10 31
E 2748 1 10 31
E 2748 2 10 31
E 2748 3 10 31
E 2748 4 10 31
E 2748 5 4 14
T 2749 22 0 6 0
E 2749 0 -6 -18
E 2749 1 -6 -18
E 2749 2 -6 -18
E 2749 3 -6 -18
E 2749 4 -6 -18
E 2749 5 -10 -32
T 2750 20 0 6 0
E 2750 0 8 24
E 2750 1 8 24
E 2750 2 8 24
E 2750 3 8 24
E 2750 4 8 24
E 2750 5 4 13
T 2751 30 0 6 0
E 2751 0 -9 -27
E 2751 1 -9 -27
E 2751 2 -9 -27
E 2751 3 -9 -27
E 2751 4 -9 -27
E 2751 5 -12 -36
T 2752 27 0 6 0
E 2752 0 10 31
E 2752 1 10 31
E 2752 2 10 31
E 2752 3 10 31
E 2752 4 10 31
E 2752 5 8 25
T 2753 27 0 6 0
E 2753 0 -9 -29
E 2753 1 -9 -29
E 2753 2 -9 -29
E 2753 3 -9 -29
E 2753 4 -9 -29
E 2753 5 -11 -33
T 2754 23 0 6 0
E 2754 0 8 24
E 2754 1 8 24
E 2754 2 8 24
E 2754 3 8 24
E 2754 4 8 24
E 2754 5 7 23
T 2755 22 0 6 0
E 2755 0 -8 -25
E 2755 1 -8 -25
E 2755 2 -8 -25
E 2755 3 -8 -25
E 2755 4 -8 -25
E 2755 5 -7 -23
T 2756 28 0 6 0
E 2756 0 9 27
E 2756 1 9 27
E 2756 2 9 27
E 2756 3 9 27
E 2756 4 9 27
E 2756 5 10 31
T 2757 30 0 6 0
E 2757 0 -11 -34
E 2757 1 -11 -34
E 2757 2 -11 -34
E 2757 3 -11 -34
E 2757 4 -11 -34
E 2757 5 -9 -27
T 2758 36 0 6 0
E 2758 0 11 33
E 2758 1 11 33
E 2758 2 11 33
E 2758 3 11 33
E 2758 4 11 33
E 2758 5 14 42
T 2759 31 0 6 0
E 2759 0 -12 -37
E 2759 1 -12 -37
E 2759 2 -12 -37
E 2759 3 -12 -37
E 2759 4 -12 -37
E 2759 5 -8 -25
T 2760 37 0 6 0
E 2760 0 11 34
E 2760 1 11 34
E 2760 2 11 34
E 2760 3 11 34
E 2760 4 11 34
E 2760 5 16 49
T 2761 30 0 6 0
E 2761 0 -12 -36
E 2761 1 -12 -36
E 2761 2 -12 -36
E 2761 3 -12 -36
E 2761 4 -12 -36
E 2761 5 -6 -19
T 2762 39 0 6 0
E 2762 0 11 34
E 2762 1 11 34
E 2762 2 11 34
E 2762 3 11 34
E 2762 4 11 34
E 2762 5 18 54
T 2763 37 0 6 0
E 2763 0 -15 -46
E 2763 1 -15 -46
E 2763 2 -15 -46
E 2763 3 -15 -46
E 2763 4 -15 -46
E 2763 5 -8 -24
T 2764 50 0 6 0
E 2764 0 14 42
E 2764 1 14 42
E 2764 2 14 42
E 2764 3 14 42
E 2764 4 14 42
E 2764 5 22 67
T 2765 35 0 6 0
E 2765 0 -15 -45
E 2765 1 -15 -45
E 2765 2 -15 -45
E 2765 3 -15 -45
E 2765 4 -15 -45
E 2765 5 -5 -17
T 2766 48 0 6 0
E 2766 0 13 40
E 2766 1 13 40
E 2766 2 13 40
E 2766 3 13 40
E 2766 4 13 40
E 2766 5 23 70
T 2767 40 0 6 0
E 2767 0 -17 -52
E 2767 1 -17 -52
E 2767 2 -17 -52
E 2767 3 -17 -52
E 2767 4 -17 -52
E 2767 5 -7 -22
T 2768 42 0 6 0
E 2768 0 11 34
E 2768 1 11 34
E 2768 2 11 34
E 2768 3 11 34
E 2768 4 11 34
E 2768 5 21 64
T 2769 30 0 6 0
E 2769 0 -14 -44
E 2769 1 -14 -44
E 2769 2 -14 -44
E 2769 3 -14 -44
E 2769 4 -14 -44
E 2769 5 -4 -14
T 2770 37 0 6 0
E 2770 0 9 27
E 2770 1 9 27
E 2770 2 9 27
E 2770 3 9 27
E 2770 4 9 27
E 2770 5 19 57
T 2771 28 0 5 0
E 2771 0 -14 -42
E 2771 1 -14 -42
E 2771 2 -14 -42
E 2771 3 -14 -42
E 2771 4 -14 -42
T 2772 39 0 6 0
E 2772 0 10 31
E 2772 1 10 31
E 2772 2 10 31
E 2772 3 10 31
E 2772 4 10 31
E 2772 5 20 61
T 2773 21 0 5 0
E 2773 0 -11 -34
E 2773 1 -11 -34
E 2773 2 -11 -34
E 2773 3 -11 -34
E 2773 4 -11 -34
T 2774 33 0 6 0
E 2774 0 8 25
E 2774 1 8 25
E 2774 2 8 25
E 2774 3 8 25
E 2774 4 8 25
E 2774 5 18 55
T 2775 20 0 5 0
E 2775 0 -11 -35
E 2775 1 -11 -35
E 2775 2 -11 -35
E 2775 3 -11 -35
E 2775 4 -11 -35
T 2776 25 0 6 0
E 2776 0 5 15
E 2776 1 5 15
E 2776 2 5 15
E 2776 3 5 15
E 2776 4 5 15
E 2776 5 15 45
T 2777 16 0 5 0
E 2777 0 -8 -24
E 2777 1 -8 -24
E 2777 2 -8 -24
E 2777 3 -8 -24
E 2777 4 -8 -24
T 2778 21 0 6 0
E 2778 0 4 13
E 2778 1 4 13
E 2778 2 4 13
E 2778 3 4 13
E 2778 4 4 13
E 2778 5 14 43
T 2779 12 0 5 0
E 2779 0 -6 -18
E 2779 1 -6 -18
E 2779 2 -6 -18
E 2779 3 -6 -18
E 2779 4 -6 -18
T 2780 4 0 1 0
E 2780 5 12 38
T 2781 16 0 1 0
E 2781 5 7 21
T 2782 2 0 6 0
E 2782 0 -4 -13
E 2782 1 -4 -13
E 2782 2 -4 -13
E 2782 3 -4 -13
E 2782 4 -4 -13
E 2782 5 5 17
T 2783 6 0 1 0
E 2783 5 11 35
T 2784 15 0 1 0
E 2784 5 7 22
T 2785 10 0 5 0
E 2785 0 -6 -20
E 2785 1 -6 -20
E 2785 2 -6 -20
E 2785 3 -6 -20
E 2785 4 -6 -20
T 2786 3 0 1 0
E 2786 5 14 42
T 2787 15 0 1 0
E 2787 5 7 23
T 2788 4 0 6 0
E 2788 0 -5 -16
E 2788 1 -5 -16
E 2788 2 -5 -16
E 2788 3 -5 -16
E 2788 4 -5 -16
E 2788 5 5 16
T 2789 9 0 1 0
E 2789 5 12 36
T 2790 16 0 1 0
E 2790 5 8 25
T 2791 0 0 6 0
E 2791 0 -4 -13
E 2791 1 -4 -13
E 2791 2 -4 -13
E 2791 3 -4 -13
E 2791 4 -4 -13
E 2791 5 7 21
T 2792 16 0 1 0
E 2792 5 9 27
T 2793 4 0 6 0
E 2793 0 -5 -15
E 2793 1 -5 -15
E 2793 2 -5 -15
E 2793 3 -5 -15
E 2793 4 -5 -15
E 2793 5 6 20
T 2794 8 0 1 0
E 2794 5 14 42
T 2795 16 0 1 0
E 2795 5 9 29
T 2796 1 0 6 0
E 2796 0 -4 -13
E 2796 1 -4 -13
E 2796 2 -4 -13
E 2796 3 -4 -13
E 2796 4 -4 -13
E 2796 5 8 24
T 2797 10 0 1 0
E 2797 5 13 40
T 2798 1 0 6 0
E 2798 0 -4 -13
E 2798 1 -4 -13
E 2798 2 -4 -13
E 2798 3 -4 -13
E 2798 4 -4 -13
E 2798 5 8 25
T 2799 13 0 1 0
E 2799 5 13 39
T 2800 2 0 6 0
E 2800 0 -5 -15
E 2800 1 -5 -15
E 2800 2 -5 -15
E 2800 3 -5 -15
E 2800 4 -5 -15
E 2800 5 8 24
T 2801 16 0 1 0
E 2801 5 12 36
T 2802 20 0 1 0
E 2802 5 9 29
T 2803 11 0 6 0
E 2803 0 -8 -24
E 2803 1 -8 -24
E 2803 2 -8 -24
E 2803 3 -8 -24
E 2803 4 -8 -24
E 2803 5 5 17
T 2804 8 0 1 0
E 2804 5 16 50
T 2805 1 0 6 0
E 2805 0 -5 -15
E 2805 1 -5 -15
E 2805 2 -5 -15
E 2805 3 -5 -15
E 2805 4 -5 -15
E 2805 5 9 27
T 2806 15 0 1 0
E 2806 5 14 42
T 2807 1 0 6 0
E 2807 0 -5 -15
E 2807 1 -5 -15
E 2807 2 -5 -15
E 2807 3 -5 -15
E 2807 4 -5 -15
E 2807 5 9 28
T 2808 16 0 1 0
E 2808 5 13 41
T 2809 0 0 6 0
E 2809 0 -5 -15
E 2809 1 -5 -15
E 2809 2 -5 -15
E 2809 3 -5 -15
E 2809 4 -5 -15
E 2809 5 10 30
T 2810 12 0 1 0
E 2810 5 16 49
T 2811 2 0 6 0
E 2811 0 -6 -20
E 2811 1 -6 -20
E 2811 2 -6 -20
E 2811 3 -6 -20
E 2811 4 -6 -20
E 2811 5 8 26
T 2812 16 0 1 0
E 2812 5 14 44
T 2813 5 0 6 0
E 2813 0 -4 -14
E 2813 1 -4 -14
E 2813 2 -4 -14
E 2813 3 -4 -14
E 2813 4 -4 -14
E 2813 5 11 33
T 2814 16 0 1 0
E 2814 5 15 47
T 2815 2 0 6 0
E 2815 0 -6 -18
E 2815 1 -6 -18
E 2815 2 -6 -18
E 2815 3 -6 -18
E 2815 4 -6 -18
E 2815 5 10 30
T 2816 18 0 1 0
E 2816 5 14 44
T 2817 2 0 6 0
E 2817 0 -6 -18
E 2817 1 -6 -18
E 2817 2 -6 -18
E 2817 3 -6 -18
E 2817 4 -6 -18
E 2817 5 10 30
T 2818 17 0 1 0
E 2818 5 15 46
T 2819 5 0 6 0
E 2819 0 -7 -21
E 2819 1 -7 -21
E 2819 2 -7 -21
E 2819 3 -7 -21
E 2819 4 -7 -21
E 2819 5 9 27
T 2820 15 0 1 0
E 2820 5 16 49
T 2821 5 0 6 0
E 2821 0 -7 -22
E 2821 1 -7 -22
E 2821 2 -7 -22
E 2821 3 -7 -22
E 2821 4 -7 -22
E 2821 5 8 26
T 2822 9 0 1 0
E 2822 5 19 58
T 2823 24 0 1 0
E 2823 5 12 36
T 2824 5 0 6 0
E 2824 0 -7 -22
E 2824 1 -7 -22
E 2824 2 -7 -22
E 2824 3 -7 -22
E 2824 4 -7 -22
E 2824 5 8 26
T 2825 13 0 1 0
E 2825 5 17 52
T 2826 23 0 1 0
E 2826 5 12 37
T 2827 5 0 6 0
E 2827 0 -7 -21
E 2827 1 -7 -21
E 2827 2 -7 -21
E 2827 3 -7 -21
E 2827 4 -7 -21
E 2827 5 9 27
T 2828 14 0 1 0
E 2828 5 16 50
T 2829 1 0 6 0
E 2829 0 -5 -15
E 2829 1 -5 -15
E 2829 2 -5 -15
E 2829 3 -5 -15
E 2829 4 -5 -15
E 2829 5 11 33
T 2830 14 0 1 0
E 2830 5 16 50
T 2831 24 0 1 0
E 2831 5 12 36
T 2832 7 0 6 0
E 2832 0 -8 -26
E 2832 1 -8 -26
E 2832 2 -8 -26
E 2832 3 -8 -26
E 2832 4 -8 -26
E 2832 5 7 22
T 2833 14 0 1 0
E 2833 5 16 50
T 2834 2 0 6 0
E 2834 0 -6 -18
E 2834 1 -6 -18
E 2834 2 -6 -18
E 2834 3 -6 -18
E 2834 4 -6 -18
E 2834 5 10 30
T 2835 18 0 1 0
E 2835 5 14 44
T 2836 2 0 6 0
E 2836 0 -6 -18
E 2836 1 -6 -18
E 2836 2 -6 -18
E 2836 3 -6 -18
E 2836 4 -6 -18
E 2836 5 10 30
T 2837 18 0 1 0
E 2837 5 14 44
T 2838 1 0 6 0
E 2838 0 -6 -20
E 2838 1 -6 -20
E 2838 2 -6 -20
E 2838 3 -6 -20
E 2838 4 -6 -20
E 2838 5 9 28
T 2839 17 0 1 0
E 2839 5 15 46
T 2840 1 0 6 0
E 2840 0 -5 -15
E 2840 1 -5 -15
E 2840 2 -5 -15
E 2840 3 -5 -15
E 2840 4 -5 -15
E 2840 5 11 33
T 2841 14 0 1 0
E 2841 5 17 51
T 2842 1 0 6 0
E 2842 0 -5 -16
E 2842 1 -5 -16
E 2842 2 -5 -16
E 2842 3 -5 -16
E 2842 4 -5 -16
E 2842 5 10 32
T 2843 19 0 1 0
E 2843 5 14 43
T 2844 8 0 6 0
E 2844 0 -8 -24
E 2844 1 -8 -24
E 2844 2 -8 -24
E 2844 3 -8 -24
E 2844 4 -8 -24
E 2844 5 8 24
T 2845 14 0 1 0
E 2845 5 16 50
T 2846 2 0 6 0
E 2846 0 -6 -19
E 2846 1 -6 -19
E 2846 2 -6 -19
E 2846 3 -6 -19
E 2846 4 -6 -19
E 2846 5 9 29
T 2847 17 0 1 0
E 2847 5 15 46
T 2848 5 0 6 0
E 2848 0 -4 -14
E 2848 1 -4 -14
E 2848 2 -4 -14
E 2848 3 -4 -14
E 2848 4 -4 -14
E 2848 5 11 34
T 2849 19 0 1 0
E 2849 5 14 43
T 2850 2 0 6 0
E 2850 0 -5 -17
E 2850 1 -5 -17
E 2850 2 -5 -17
E 2850 3 -5 -17
E 2850 4 -5 -17
E 2850 5 10 31
T 2851 16 0 1 0
E 2851 5 16 48
T 2852 4 0 6 0
E 2852 0 -7 -23
E 2852 1 -7 -23
E 2852 2 -7 -23
E 2852 3 -7 -23
E 2852 4 -7 -23
E 2852 5 8 25
T 2853 16 0 1 0
E 2853 5 15 47
T 2854 1 0 6 0
E 2854 0 -5 -15
E 2854 1 -5 -15
E 2854 2 -5 -15
E 2854 3 -5 -15
E 2854 4 -5 -15
E 2854 5 11 33
T 2855 14 0 1 0
E 2855 5 16 50
T 2856 1 0 6 0
E 2856 0 -5 -16
E 2856 1 -5 -16
E 2856 2 -5 -16
E 2856 3 -5 -16
E 2856 4 -5 -16
E 2856 5 10 32
T 2857 20 0 1 0
E 2857 5 14 42
T 2858 8 0 6 0
E 2858 0 -8 -25
E 2858 1 -8 -25
E 2858 2 -8 -25
E 2858 3 -8 -25
E 2858 4 -8 -25
E 2858 5 7 23
T 2859 8 0 1 0
E 2859 5 20 60
T 2860 21 0 1 0
E 2860 5 13 40
T 2861 4 0 6 0
E 2861 0 -7 -23
E 2861 1 -7 -23
E 2861 2 -7 -23
E 2861 3 -7 -23
E 2861 4 -7 -23
E 2861 5 8 25
T 2862 15 0 1 0
E 2862 5 16 49
T 2863 4 0 6 0
E 2863 0 -4 -13
E 2863 1 -4 -13
E 2863 2 -4 -13
E 2863 3 -4 -13
E 2863 4 -4 -13
E 2863 5 11 35
T 2864 16 0 1 0
E 2864 5 15 47
T 2865 24 0 1 0
E 2865 5 12 36
T 2866 7 0 6 0
E 2866 0 -8 -26
E 2866 1 -8 -26
E 2866 2 -8 -26
E 2866 3 -8 -26
E 2866 4 -8 -26
E 2866 5 7 22
T 2867 8 0 1 0
E 2867 5 20 60
T 2868 4 0 6 0
E 2868 0 -4 -13
E 2868 1 -4 -13
E 2868 2 -4 -13
E 2868 3 -4 -13
E 2868 4 -4 -13
E 2868 5 11 35
T 2869 17 0 1 0
E 2869 5 15 46
T 2870 4 0 6 0
E 2870 0 -7 -23
E 2870 1 -7 -23
E 2870 2 -7 -23
E 2870 3 -7 -23
E 2870 4 -7 -23
E 2870 5 8 25
T 2871 13 0 1 0
E 2871 5 17 52
T 2872 1 0 6 0
E 2872 0 -5 -15
E 2872 1 -5 -15
E 2872 2 -5 -15
E 2872 3 -5 -15
E 2872 4 -5 -15
E 2872 5 11 33
T 2873 16 0 1 0
E 2873 5 15 47
T 2874 2 0 6 0
E 2874 0 -6 -18
E 2874 1 -6 -18
E 2874 2 -6 -18
E 2874 3 -6 -18
E 2874 4 -6 -18
E 2874 5 10 30
T 2875 16 0 1 0
E 2875 5 16 48
T 2876 4 0 6 0
E 2876 0 -7 -23
E 2876 1 -7 -23
E 2876 2 -7 -23
E 2876 3 -7 -23
E 2876 4 -7 -23
E 2876 5 8 25
T 2877 16 0 1 0
E 2877 5 16 48
T 2878 4 0 6 0
E 2878 0 -7 -23
E 2878 1 -7 -23
E 2878 2 -7 -23
E 2878 3 -7 -23
E 2878 4 -7 -23
E 2878 5 8 25
T 2879 12 0 1 0
E 2879 5 17 53
T 2880 38 0 6 0
E 2880 0 13 40
E 2880 1 13 40
E 2880 2 13 40
E 2880 3 13 40
E 2880 4 13 40
E 2880 5 13 40
T 2881 34 0 6 0
E 2881 0 -11 -33
E 2881 1 -11 -33
E 2881 2 -11 -33
E 2881 3 -11 -33
E 2881 4 -11 -33
E 2881 5 -12 -36
T 2882 40 0 6 0
E 2882 0 14 42
E 2882 1 14 42
E 2882 2 14 42
E 2882 3 14 42
E 2882 4 14 42
E 2882 5 12 36
T 2883 41 0 6 0
E 2883 0 -13 -40
E 2883 1 -13 -40
E 2883 2 -13 -40
E 2883 3 -13 -40
E 2883 4 -13 -40
E 2883 5 -16 -49
T 2884 36 0 6 0
E 2884 0 14 44
E 2884 1 14 44
E 2884 2 14 44
E 2884 3 14 44
E 2884 4 14 44
E 2884 5 10 31
T 2885 34 0 6 0
E 2885 0 -10 -31
E 2885 1 -10 -31
E 2885 2 -10 -31
E 2885 3 -10 -31
E 2885 4 -10 -31
E 2885 5 -15 -47
T 2886 22 0 6 0
E 2886 0 10 32
E 2886 1 10 32
E 2886 2 10 32
E 2886 3 10 32
E 2886 4 10 32
E 2886 5 4 13
T 2887 24 0 6 0
E 2887 0 -6 -19
E 2887 1 -6 -19
E 2887 2 -6 -19
E 2887 3 -6 -19
E 2887 4 -6 -19
E 2887 5 -13 -41
T 2888 20 0 5 0
E 2888 0 10 30
E 2888 1 10 30
E 2888 2 10 30
E 2888 3 10 30
E 2888 4 10 30
T 2889 21 0 6 0
E 2889 0 -4 -13
E 2889 1 -4 -13
E 2889 2 -4 -13
E 2889 3 -4 -13
E 2889 4 -4 -13
E 2889 5 -14 -42
T 2890 10 0 5 0
E 2890 0 6 20
E 2890 1 6 20
E 2890 2 6 20
E 2890 3 6 20
E 2890 4 6 20
T 2891 5 0 1 0
E 2891 5 -14 -44
T 2892 16 0 1 0
E 2892 5 -11 -33
T 2893 21 0 1 0
E 2893 5 -10 -30
T 2894 6 0 6 0
E 2894 0 7 22
E 2894 1 7 22
E 2894 2 7 22
E 2894 3 7 22
E 2894 4 7 22
E 2894 5 -7 -23
T 2895 16 0 1 0
E 2895 5 -15 -47
T 2896 6 0 6 0
E 2896 0 4 14
E 2896 1 4 14
E 2896 2 4 14
E 2896 3 4 14
E 2896 4 4 14
E 2896 5 -12 -37
T 2897 20 0 1 0
E 2897 5 -16 -50
T 2898 1 0 6 0
E 2898 0 6 18
E 2898 1 6 18
E 2898 2 6 18
E 2898 3 6 18
E 2898 4 6 18
E 2898 5 -13 -39
T 2899 21 0 1 0
E 2899 5 -19 -59
T 2900 5 0 6 0
E 2900 0 9 28
E 2900 1 9 28
E 2900 2 9 28
E 2900 3 9 28
E 2900 4 9 28
E 2900 5 -12 -36
T 2901 17 0 1 0
E 2901 5 -24 -74
T 2902 5 0 6 0
E 2902 0 6 18
E 2902 1 6 18
E 2902 2 6 18
E 2902 3 6 18
E 2902 4 6 18
E 2902 5 -17 -52
T 2903 32 0 1 0
E 2903 5 -20 -61
T 2904 4 0 6 0
E 2904 0 10 31
E 2904 1 10 31
E 2904 2 10 31
E 2904 3 10 31
E 2904 4 10 31
E 2904 5 -15 -46
T 2905 24 0 1 0
E 2905 5 -27 -83
T 2906 5 0 6 0
E 2906 0 8 26
E 2906 1 8 26
E 2906 2 8 26
E 2906 3 8 26
E 2906 4 8 26
E 2906 5 -19 -57
T 2907 30 0 1 0
E 2907 5 -27 -83
T 2908 4 0 6 0
E 2908 0 11 33
E 2908 1 11 33
E 2908 2 11 33
E 2908 3 11 33
E 2908 4 11 33
E 2908 5 -18 -56
T 2909 28 0 1 0
E 2909 5 -32 -97
T 2910 7 0 6 0
E 2910 0 8 26
E 2910 1 8 26
E 2910 2 8 26
E 2910 3 8 26
E 2910 4 8 26
E 2910 5 -7 -22
T 2911 9 0 1 0
E 2911 5 -19 -58
T 2912 23 0 1 0
E 2912 5 -12 -37
T 2913 8 0 6 0
E 2913 0 8 24
E 2913 1 8 24
E 2913 2 8 24
E 2913 3 8 24
E 2913 4 8 24
E 2913 5 -8 -24
T 2914 9 0 1 0
E 2914 5 -19 -58
T 2915 20 0 1 0
E 2915 5 -14 -42
T 2916 1 0 6 0
E 2916 0 6 20
E 2916 1 6 20
E 2916 2 6 20
E 2916 3 6 20
E 2916 4 6 20
E 2916 5 -9 -28
T 2917 18 0 1 0
E 2917 5 -14 -44
T 2918 8 0 6 0
E 2918 0 8 24
E 2918 1 8 24
E 2918 2 8 24
E 2918 3 8 24
E 2918 4 8 24
E 2918 5 -8 -24
T 2919 14 0 1 0
E 2919 5 -17 -51
T 2920 24 0 1 0
E 2920 5 -12 -36
T 2921 2 0 6 0
E 2921 0 6 19
E 2921 1 6 19
E 2921 2 6 19
E 2921 3 6 19
E 2921 4 6 19
E 2921 5 -9 -29
T 2922 14 0 1 0
E 2922 5 -17 -51
T 2923 1 0 6 0
E 2923 0 6 20
E 2923 1 6 20
E 2923 2 6 20
E 2923 3 6 20
E 2923 4 6 20
E 2923 5 -9 -28
T 2924 17 0 1 0
E 2924 5 -15 -46
T 2925 2 0 6 0
E 2925 0 6 18
E 2925 1 6 18
E 2925 2 6 18
E 2925 3 6 18
E 2925 4 6 18
E 2925 5 -10 -30
T 2926 17 0 1 0
E 2926 5 -15 -46
T 2927 4 0 6 0
E 2927 0 7 23
E 2927 1 7 23
E 2927 2 7 23
E 2927 3 7 23
E 2927 4 7 23
E 2927 5 -8 -25
T 2928 17 0 1 0
E 2928 5 -15 -46
T 2929 2 0 6 0
E 2929 0 5 17
E 2929 1 5 17
E 2929 2 5 17
E 2929 3 5 17
E 2929 4 5 17
E 2929 5 -10 -31
T 2930 16 0 1 0
E 2930 5 -15 -47
T 2931 4 0 6 0
E 2931 0 7 23
E 2931 1 7 23
E 2931 2 7 23
E 2931 3 7 23
E 2931 4 7 23
E 2931 5 -8 -25
T 2932 11 0 1 0
E 2932 5 -18 -55
T 2933 5 0 6 0
E 2933 0 4 14
E 2933 1 4 14
E 2933 2 4 14
E 2933 3 4 14
E 2933 4 4 14
E 2933 5 -11 -34
T 2934 18 0 1 0
E 2934 5 -14 -44
T 2935 8 0 6 0
E 2935 0 8 25
E 2935 1 8 25
E 2935 2 8 25
E 2935 3 8 25
E 2935 4 8 25
E 2935 5 -7 -23
T 2936 14 0 1 0
E 2936 5 -16 -50
T 2937 1 0 6 0
E 2937 0 6 20
E 2937 1 6 20
E 2937 2 6 20
E 2937 3 6 20
E 2937 4 6 20
E 2937 5 -9 -28
T 2938 18 0 1 0
E 2938 5 -14 -44
T 2939 8 0 6 0
E 2939 0 8 24
E 2939 1 8 24
E 2939 2 8 24
E 2939 3 8 24
E 2939 4 8 24
E 2939 5 -8 -24
T 2940 11 0 1 0
E 2940 5 -18 -55
T 2941 4 0 6 0
E 2941 0 4 13
E 2941 1 4 13
E 2941 2 4 13
E 2941 3 4 13
E 2941 4 4 13
E 2941 5 -11 -35
T 2942 18 0 1 0
E 2942 5 -14 -44
T 2943 4 0 6 0
E 2943 0 4 13
E 2943 1 4 13
E 2943 2 4 13
E 2943 3 4 13
E 2943 4 4 13
E 2943 5 -11 -35
T 2944 24 0 1 0
E 2944 5 -12 -36
T 2945 8 0 6 0
E 2945 0 8 24
E 2945 1 8 24
E 2945 2 8 24
E 2945 3 8 24
E 2945 4 8 24
E 2945 5 -8 -24
T 2946 8 0 1 0
E 2946 5 -20 -60
T 2947 20 0 1 0
E 2947 5 -14 -42
T 2948 8 0 6 0
E 2948 0 8 25
E 2948 1 8 25
E 2948 2 8 25
E 2948 3 8 25
E 2948 4 8 25
E 2948 5 -7 -23
T 2949 12 0 1 0
E 2949 5 -17 -53
T 2950 24 0 1 0
E 2950 5 -12 -36
T 2951 11 0 6 0
E 2951 0 9 27
E 2951 1 9 27
E 2951 2 9 27
E 2951 3 9 27
E 2951 4 9 27
E 2951 5 -7 -21
T 2952 9 0 1 0
E 2952 5 -19 -58
T 2953 19 0 1 0
E 2953 5 -14 -43
T 2954 11 0 6 0
E 2954 0 9 27
E 2954 1 9 27
E 2954 2 9 27
E 2954 3 9 27
E 2954 4 9 27
E 2954 5 -7 -21
T 2955 12 0 1 0
E 2955 5 -18 -54
T 2956 4 0 6 0
E 2956 0 4 13
E 2956 1 4 13
E 2956 2 4 13
E 2956 3 4 13
E 2956 4 4 13
E 2956 5 -11 -35
T 2957 19 0 1 0
E 2957 5 -14 -43
T 2958 5 0 6 0
E 2958 0 7 21
E 2958 1 7 21
E 2958 2 7 21
E 2958 3 7 21
E 2958 4 7 21
E 2958 5 -9 -27
T 2959 17 0 1 0
E 2959 5 -15 -46
T 2960 5 0 6 0
E 2960 0 7 22
E 2960 1 7 22
E 2960 2 7 22
E 2960 3 7 22
E 2960 4 7 22
E 2960 5 -8 -26
T 2961 14 0 1 0
E 2961 5 -17 -51
T 2962 5 0 6 0
E 2962 0 7 22
E 2962 1 7 22
E 2962 2 7 22
E 2962 3 7 22
E 2962 4 7 22
E 2962 5 -8 -26
T 2963 10 0 1 0
E 2963 5 -19 -57
T 2964 2 0 6 0
E 2964 0 6 18
E 2964 1 6 18
E 2964 2 6 18
E 2964 3 6 18
E 2964 4 6 18
E 2964 5 -10 -30
T 2965 12 0 1 0
E 2965 5 -18 -54
T 2966 1 0 6 0
E 2966 0 5 15
E 2966 1 5 15
E 2966 2 5 15
E 2966 3 5 15
E 2966 4 5 15
E 2966 5 -11 -33
T 2967 18 0 1 0
E 2967 5 -14 -44
T 2968 8 0 6 0
E 2968 0 8 25
E 2968 1 8 25
E 2968 2 8 25
E 2968 3 8 25
E 2968 4 8 25
E 2968 5 -7 -23
T 2969 13 0 1 0
E 2969 5 -17 -52
T 2970 24 0 1 0
E 2970 5 -12 -36
T 2971 5 0 6 0
E 2971 0 7 21
E 2971 1 7 21
E 2971 2 7 21
E 2971 3 7 21
E 2971 4 7 21
E 2971 5 -9 -27
T 2972 12 0 1 0
E 2972 5 -18 -54
T 2973 24 0 1 0
E 2973 5 -12 -36
T 2974 10 0 6 0
E 2974 0 9 29
E 2974 1 9 29
E 2974 2 9 29
E 2974 3 9 29
E 2974 4 9 29
E 2974 5 -6 -19
T 2975 14 0 1 0
E 2975 5 -16 -50
T 2976 5 0 6 0
E 2976 0 4 14
E 2976 1 4 14
E 2976 2 4 14
E 2976 3 4 14
E 2976 4 4 14
E 2976 5 -11 -34
T 2977 19 0 1 0
E 2977 5 -12 -38
T 2978 4 0 6 0
E 2978 0 6 18
E 2978 1 6 18
E 2978 2 6 18
E 2978 3 6 18
E 2978 4 6 18
E 2978 5 -8 -25
T 2979 10 0 1 0
E 2979 5 -14 -44
T 2980 3 0 6 0
E 2980 0 5 15
E 2980 1 5 15
E 2980 2 5 15
E 2980 3 5 15
E 2980 4 5 15
E 2980 5 -7 -22
T 2981 11 0 1 0
E 2981 5 -12 -36
T 2982 5 0 6 0
E 2982 0 5 15
E 2982 1 5 15
E 2982 2 5 15
E 2982 3 5 15
E 2982 4 5 15
E 2982 5 -5 -17
T 2983 3 0 1 0
E 2983 5 -13 -40
T 2984 13 0 1 0
E 2984 5 -7 -21
T 2985 14 0 1 0
E 2985 5 -4 -14
T 2986 11 0 5 0
E 2986 0 6 19
E 2986 1 6 19
E 2986 2 6 19
E 2986 3 6 19
E 2986 4 6 19
T 2987 1 0 1 0
E 2987 5 -8 -26
T 2988 7 0 1 0
E 2988 5 -5 -15
T 2989 6 0 0 0
T 2990 0 0 0 0
T 2991 4 0 0 0
T 2992 7 0 0 0
T 2993 3 0 0 0
T 2994 7 0 0 0
T 2995 8 0 0 0
T 2996 8 0 0 0
T 2997 4 0 1 0
E 2997 5 5 16
T 2998 2 0 0 0
T 2999 2 0 1 0
E 2999 5 4 14
T 3000 4 0 1 0
E 3000 5 5 16
T 3001 8 0 1 0
E 3001 5 4 13
T 3002 9 0 1 0
E 3002 5 5 16
T 3003 11 0 1 0
E 3003 5 5 16
T 3004 12 0 1 0
E 3004 5 6 19
T 3005 11 0 5 0
E 3005 0 -6 -19
E 3005 1 -6 -19
E 3005 2 -6 -19
E 3005 3 -6 -19
E 3005 4 -6 -19
T 3006 6 0 1 0
E 3006 5 11 35
T 3007 16 0 1 0
E 3007 5 7 21
T 3008 4 0 6 0
E 3008 0 -5 -17
E 3008 1 -5 -17
E 3008 2 -5 -17
E 3008 3 -5 -17
E 3008 4 -5 -17
E 3008 5 4 13
T 3009 9 0 1 0
E 3009 5 10 31
T 3010 18 0 1 0
E 3010 5 6 18
T 3011 10 0 5 0
E 3011 0 -6 -20
E 3011 1 -6 -20
E 3011 2 -6 -20
E 3011 3 -6 -20
E 3011 4 -6 -20
T 3012 25 0 6 0
E 3012 0 5 15
E 3012 1 5 15
E 3012 2 5 15
E 3012 3 5 15
E 3012 4 5 15
E 3012 5 15 45
T 3013 12 0 5 0
E 3013 0 -7 -23
E 3013 1 -7 -23
E 3013 2 -7 -23
E 3013 3 -7 -23
E 3013 4 -7 -23
T 3014 20 0 6 0
E 3014 0 4 14
E 3014 1 4 14
E 3014 2 4 14
E 3014 3 4 14
E 3014 4 4 14
E 3014 5 14 44
T 3015 14 0 5 0
E 3015 0 -7 -21
E 3015 1 -7 -21
E 3015 2 -7 -21
E 3015 3 -7 -21
E 3015 4 -7 -21
T 3016 28 0 6 0
E 3016 0 6 18
E 3016 1 6 18
E 3016 2 6 18
E 3016 3 6 18
E 3016 4 6 18
E 3016 5 16 48
T 3017 20 0 5 0
E 3017 0 -10 -30
E 3017 1 -10 -30
E 3017 2 -10 -30
E 3017 3 -10 -30
E 3017 4 -10 -30
T 3018 34 0 6 0
E 3018 0 8 24
E 3018 1 8 24
E 3018 2 8 24
E 3018 3 8 24
E 3018 4 8 24
E 3018 5 18 54
T 3019 22 0 5 0
E 3019 0 -11 -33
E 3019 1 -11 -33
E 3019 2 -11 -33
E 3019 3 -11 -33
E 3019 4 -11 -33
T 3020 24 0 6 0
E 3020 0 5 16
E 3020 1 5 16
E 3020 2 5 16
E 3020 3 5 16
E 3020 4 5 16
E 3020 5 15 46
T 3021 15 0 5 0
E 3021 0 -8 -25
E 3021 1 -8 -25
E 3021 2 -8 -25
E 3021 3 -8 -25
E 3021 4 -8 -25
T 3022 21 0 6 0
E 3022 0 4 13
E 3022 1 4 13
E 3022 2 4 13
E 3022 3 4 13
E 3022 4 4 13
E 3022 5 14 43
T 3023 18 0 5 0
E 3023 0 -9 -27
E 3023 1 -9 -27
E 3023 2 -9 -27
E 3023 3 -9 -27
E 3023 4 -9 -27
T 3024 23 0 6 0
E 3024 0 5 17
E 3024 1 5 17
E 3024 2 5 17
E 3024 3 5 17
E 3024 4 5 17
E 3024 5 15 47
T 3025 11 0 5 0
E 3025 0 -6 -19
E 3025 1 -6 -19
E 3025 2 -6 -19
E 3025 3 -6 -19
E 3025 4 -6 -19
T 3026 3 0 1 0
E 3026 5 14 42
T 3027 16 0 1 0
E 3027 5 7 22
T 3028 0 0 6 0
E 3028 0 -4 -14
E 3028 1 -4 -14
E 3028 2 -4 -14
E 3028 3 -4 -14
E 3028 4 -4 -14
E 3028 5 6 18
T 3029 8 0 1 0
E 3029 5 12 37
T 3030 15 0 1 0
E 3030 5 8 26
T 3031 19 0 1 0
E 3031 5 7 22
T 3032 6 0 6 0
E 3032 0 -6 -20
E 3032 1 -6 -20
E 3032 2 -6 -20
E 3032 3 -6 -20
E 3032 4 -6 -20
E 3032 5 4 14
T 3033 9 0 1 0
E 3033 5 13 39
T 3034 3 0 6 0
E 3034 0 -5 -15
E 3034 1 -5 -15
E 3034 2 -5 -15
E 3034 3 -5 -15
E 3034 4 -5 -15
E 3034 5 7 21
T 3035 8 0 1 0
E 3035 5 13 41
T 3036 15 0 1 0
E 3036 5 10 32
T 3037 9 0 6 0
E 3037 0 -7 -21
E 3037 1 -7 -21
E 3037 2 -7 -21
E 3037 3 -7 -21
E 3037 4 -7 -21
E 3037 5 5 16
T 3038 8 0 1 0
E 3038 5 14 44
T 3039 2 0 6 0
E 3039 0 -4 -14
E 3039 1 -4 -14
E 3039 2 -4 -14
E 3039 3 -4 -14
E 3039 4 -4 -14
E 3039 5 8 25
T 3040 13 0 1 0
E 3040 5 13 39
T 3041 20 0 1 0
E 3041 5 9 29
T 3042 8 0 6 0
E 3042 0 -7 -21
E 3042 1 -7 -21
E 3042 2 -7 -21
E 3042 3 -7 -21
E 3042 4 -7 -21
E 3042 5 6 19
T 3043 13 0 1 0
E 3043 5 14 42
T 3044 1 0 6 0
E 3044 0 -5 -16
E 3044 1 -5 -16
E 3044 2 -5 -16
E 3044 3 -5 -16
E 3044 4 -5 -16
E 3044 5 8 26
T 3045 17 0 1 0
E 3045 5 12 37
T 3046 4 0 6 0
E 3046 0 -6 -18
E 3046 1 -6 -18
E 3046 2 -6 -18
E 3046 3 -6 -18
E 3046 4 -6 -18
E 3046 5 8 25
T 3047 15 0 1 0
E 3047 5 13 41
T 3048 6 0 6 0
E 3048 0 -7 -22
E 3048 1 -7 -22
E 3048 2 -7 -22
E 3048 3 -7 -22
E 3048 4 -7 -22
E 3048 5 7 22
T 3049 9 0 1 0
E 3049 5 17 53
T 3050 17 0 1 0
E 3050 5 13 41
T 3051 8 0 6 0
E 3051 0 -8 -25
E 3051 1 -8 -25
E 3051 2 -8 -25
E 3051 3 -8 -25
E 3051 4 -8 -25
E 3051 5 7 21
T 3052 14 0 1 0
E 3052 5 16 48
T 3053 23 0 1 0
E 3053 5 11 35
T 3054 11 0 6 0
E 3054 0 -9 -28
E 3054 1 -9 -28
E 3054 2 -9 -28
E 3054 3 -9 -28
E 3054 4 -9 -28
E 3054 5 6 20
T 3055 8 0 1 0
E 3055 5 20 60
T 3056 18 0 1 0
E 3056 5 14 44
T 3057 8 0 6 0
E 3057 0 -8 -25
E 3057 1 -8 -25
E 3057 2 -8 -25
E 3057 3 -8 -25
E 3057 4 -8 -25
E 3057 5 7 23
T 3058 11 0 1 0
E 3058 5 18 55
T 3059 5 0 6 0
E 3059 0 -4 -14
E 3059 1 -4 -14
E 3059 2 -4 -14
E 3059 3 -4 -14
E 3059 4 -4 -14
E 3059 5 11 34
T 3060 20 0 1 0
E 3060 5 14 42
T 3061 1 0 6 0
E 3061 0 -5 -16
E 3061 1 -5 -16
E 3061 2 -5 -16
E 3061 3 -5 -16
E 3061 4 -5 -16
E 3061 5 10 32
T 3062 14 0 1 0
E 3062 5 16 50
T 3063 2 0 6 0
E 3063 0 -6 -18
E 3063 1 -6 -18
E 3063 2 -6 -18
E 3063 3 -6 -18
E 3063 4 -6 -18
E 3063 5 10 30
T 3064 18 0 1 0
E 3064 5 14 44
T 3065 4 0 6 0
E 3065 0 -4 -13
E 3065 1 -4 -13
E 3065 2 -4 -13
E 3065 3 -4 -13
E 3065 4 -4 -13
E 3065 5 11 35
T 3066 18 0 1 0
E 3066 5 15 45
T 3067 8 0 6 0
E 3067 0 -8 -24
E 3067 1 -8 -24
E 3067 2 -8 -24
E 3067 3 -8 -24
E 3067 4 -8 -24
E 3067 5 8 24
T 3068 9 0 1 0
E 3068 5 19 58
T 3069 21 0 1 0
E 3069 5 13 40
T 3070 5 0 6 0
E 3070 0 -7 -21
E 3070 1 -7 -21
E 3070 2 -7 -21
E 3070 3 -7 -21
E 3070 4 -7 -21
E 3070 5 9 27
T 3071 10 0 1 0
E 3071 5 18 56
T 3072 21 0 1 0
E 3072 5 13 40
T 3073 11 0 6 0
E 3073 0 -9 -27
E 3073 1 -9 -27
E 3073 2 -9 -27
E 3073 3 -9 -27
E 3073 4 -9 -27
E 3073 5 7 21
T 3074 10 0 1 0
E 3074 5 18 56
T 3075 20 0 1 0
E 3075 5 13 41
T 3076 1 0 6 0
E 3076 0 -5 -16
E 3076 1 -5 -16
E 3076 2 -5 -16
E 3076 3 -5 -16
E 3076 4 -5 -16
E 3076 5 10 32
T 3077 16 0 1 0
E 3077 5 16 48
T 3078 1 0 6 0
E 3078 0 -5 -15
E 3078 1 -5 -15
E 3078 2 -5 -15
E 3078 3 -5 -15
E 3078 4 -5 -15
E 3078 5 11 33
T 3079 19 0 1 0
E 3079 5 14 43
T 3080 8 0 6 0
E 3080 0 -8 -24
E 3080 1 -8 -24
E 3080 2 -8 -24
E 3080 3 -8 -24
E 3080 4 -8 -24
E 3080 5 8 24
T 3081 12 0 1 0
E 3081 5 17 53
T 3082 5 0 6 0
E 3082 0 -4 -14
E 3082 1 -4 -14
E 3082 2 -4 -14
E 3082 3 -4 -14
E 3082 4 -4 -14
E 3082 5 11 34
T 3083 19 0 1 0
E 3083 5 14 43
T 3084 7 0 6 0
E 3084 0 -8 -26
E 3084 1 -8 -26
E 3084 2 -8 -26
E 3084 3 -8 -26
E 3084 4 -8 -26
E 3084 5 7 22
T 3085 13 0 1 0
E 3085 5 17 52
T 3086 2 0 6 0
E 3086 0 -6 -19
E 3086 1 -6 -19
E 3086 2 -6 -19
E 3086 3 -6 -19
E 3086 4 -6 -19
E 3086 5 9 29
T 3087 11 0 1 0
E 3087 5 18 55
T 3088 22 0 1 0
E 3088 5 13 39
T 3089 1 0 6 0
E 3089 0 -6 -20
E 3089 1 -6 -20
E 3089 2 -6 -20
E 3089 3 -6 -20
E 3089 4 -6 -20
E 3089 5 9 28
T 3090 18 0 1 0
E 3090 5 14 44
T 3091 4 0 6 0
E 3091 0 -7 -23
E 3091 1 -7 -23
E 3091 2 -7 -23
E 3091 3 -7 -23
E 3091 4 -7 -23
E 3091 5 8 25
T 3092 10 0 1 0
E 3092 5 18 56
T 3093 5 0 6 0
E 3093 0 -4 -14
E 3093 1 -4 -14
E 3093 2 -4 -14
E 3093 3 -4 -14
E 3093 4 -4 -14
E 3093 5 11 34
T 3094 24 0 1 0
E 3094 5 12 36
T 3095 11 0 6 0
E 3095 0 -9 -28
E 3095 1 -9 -28
E 3095 2 -9 -28
E 3095 3 -9 -28
E 3095 4 -9 -28
E 3095 5 6 20
T 3096 10 0 1 0
E 3096 5 19 57
T 3097 5 0 6 0
E 3097 0 -4 -14
E 3097 1 -4 -14
E 3097 2 -4 -14
E 3097 3 -4 -14
E 3097 4 -4 -14
E 3097 5 11 34
T 3098 16 0 1 0
E 3098 5 15 47
T 3099 2 0 6 0
E 3099 0 -6 -18
E 3099 1 -6 -18
E 3099 2 -6 -18
E 3099 3 -6 -18
E 3099 4 -6 -18
E 3099 5 10 30
T 3100 15 0 1 0
E 3100 5 16 49
T 3101 23 0 1 0
E 3101 5 12 37
T 3102 8 0 6 0
E 3102 0 -8 -25
E 3102 1 -8 -25
E 3102 2 -8 -25
E 3102 3 -8 -25
E 3102 4 -8 -25
E 3102 5 7 23
T 3103 12 0 1 0
E 3103 5 17 53
T 3104 23 0 1 0
E 3104 5 12 37
T 3105 2 0 6 0
E 3105 0 -6 -19
E 3105 1 -6 -19
E 3105 2 -6 -19
E 3105 3 -6 -19
E 3105 4 -6 -19
E 3105 5 9 29
T 3106 15 0 1 0
E 3106 5 16 49
T 3107 23 0 1 0
E 3107 5 12 37
T 3108 1 0 6 0
E 3108 0 -6 -20
E 3108 1 -6 -20
E 3108 2 -6 -20
E 3108 3 -6 -20
E 3108 4 -6 -20
E 3108 5 9 28
T 3109 14 0 1 0
E 3109 5 17 51
T 3110 2 0 6 0
E 3110 0 -6 -19
E 3110 1 -6 -19
E 3110 2 -6 -19
E 3110 3 -6 -19
E 3110 4 -6 -19
E 3110 5 9 29
T 3111 18 0 1 0
E 3111 5 14 44
T 3112 8 0 6 0
E 3112 0 -8 -24
E 3112 1 -8 -24
E 3112 2 -8 -24
E 3112 3 -8 -24
E 3112 4 -8 -24
E 3112 5 8 24
T 3113 12 0 1 0
E 3113 5 18 54
T 3114 2 0 6 0
E 3114 0 -6 -19
E 3114 1 -6 -19
E 3114 2 -6 -19
E 3114 3 -6 -19
E 3114 4 -6 -19
E 3114 5 9 29
T 3115 14 0 1 0
E 3115 5 17 51
T 3116 23 0 1 0
E 3116 5 12 37
T 3117 14 0 6 0
E 3117 0 -10 -30
E 3117 1 -10 -30
E 3117 2 -10 -30
E 3117 3 -10 -30
E 3117 4 -10 -30
E 3117 5 6 18
T 3118 31 0 6 0
E 3118 0 5 15
E 3118 1 5 15
E 3118 2 5 15
E 3118 3 5 15
E 3118 4 5 15
E 3118 5 21 63
T 3119 22 0 5 0
E 3119 0 -12 -38
E 3119 1 -12 -38
E 3119 2 -12 -38
E 3119 3 -12 -38
E 3119 4 -12 -38
T 3120 72 0 6 0
E 3120 0 24 72
E 3120 1 24 72
E 3120 2 24 72
E 3120 3 24 72
E 3120 4 24 72
E 3120 5 24 72
T 3121 76 0 6 0
E 3121 0 -25 -75
E 3121 1 -25 -75
E 3121 2 -25 -75
E 3121 3 -25 -75
E 3121 4 -25 -75
E 3121 5 -26 -78
T 3122 82 0 6 0
E 3122 0 28 84
E 3122 1 28 84
E 3122 2 28 84
E 3122 3 28 84
E 3122 4 28 84
E 3122 5 26 78
T 3123 79 0 6 0
E 3123 0 -26 -80
E 3123 1 -26 -80
E 3123 2 -26 -80
E 3123 3 -26 -80
E 3123 4 -26 -80
E 3123 5 -29 -89
T 3124 73 0 6 0
E 3124 0 26 79
E 3124 1 26 79
E 3124 2 26 79
E 3124 3 26 79
E 3124 4 26 79
E 3124 5 22 66
T 3125 73 0 6 0
E 3125 0 -23 -71
E 3125 1 -23 -71
E 3125 2 -23 -71
E 3125 3 -23 -71
E 3125 4 -23 -71
E 3125 5 -29 -87
T 3126 65 0 6 0
E 3126 0 24 73
E 3126 1 24 73
E 3126 2 24 73
E 3126 3 24 73
E 3126 4 24 73
E 3126 5 18 54
T 3127 69 0 6 0
E 3127 0 -21 -65
E 3127 1 -21 -65
E 3127 2 -21 -65
E 3127 3 -21 -65
E 3127 4 -21 -65
E 3127 5 -29 -87
T 3128 53 0 6 0
E 3128 0 21 65
E 3128 1 21 65
E 3128 2 21 65
E 3128 3 21 65
E 3128 4 21 65
E 3128 5 13 40
T 3129 63 0 6 0
E 3129 0 -18 -55
E 3129 1 -18 -55
E 3129 2 -18 -55
E 3129 3 -18 -55
E 3129 4 -18 -55
E 3129 5 -28 -84
T 3130 55 0 6 0
E 3130 0 22 66
E 3130 1 22 66
E 3130 2 22 66
E 3130 3 22 66
E 3130 4 22 66
E 3130 5 11 34
T 3131 68 0 6 0
E 3131 0 -19 -58
E 3131 1 -19 -58
E 3131 2 -19 -58
E 3131 3 -19 -58
E 3131 4 -19 -58
E 3131 5 -31 -93
T 3132 56 0 6 0
E 3132 0 23 69
E 3132 1 23 69
E 3132 2 23 69
E 3132 3 23 69
E 3132 4 23 69
E 3132 5 10 31
T 3133 61 0 6 0
E 3133 0 -16 -49
E 3133 1 -16 -49
E 3133 2 -16 -49
E 3133 3 -16 -49
E 3133 4 -16 -49
E 3133 5 -30 -90
T 3134 46 0 6 0
E 3134 0 21 65
E 3134 1 21 65
E 3134 2 21 65
E 3134 3 21 65
E 3134 4 21 65
E 3134 5 6 20
T 3135 58 0 6 0
E 3135 0 -14 -42
E 3135 1 -14 -42
E 3135 2 -14 -42
E 3135 3 -14 -42
E 3135 4 -14 -42
E 3135 5 -30 -90
T 3136 38 0 5 0
E 3136 0 20 62
E 3136 1 20 62
E 3136 2 20 62
E 3136 3 20 62
E 3136 4 20 62
T 3137 60 0 6 0
E 3137 0 -14 -42
E 3137 1 -14 -42
E 3137 2 -14 -42
E 3137 3 -14 -42
E 3137 4 -14 -42
E 3137 5 -32 -96
T 3138 35 0 5 0
E 3138 0 18 55
E 3138 1 18 55
E 3138 2 18 55
E 3138 3 18 55
E 3138 4 18 55
T 3139 47 0 6 0
E 3139 0 -9 -27
E 3139 1 -9 -27
E 3139 2 -9 -27
E 3139 3 -9 -27
E 3139 4 -9 -27
E 3139 5 -29 -88
T 3140 30 0 6 0
E 3140 0 17 51
E 3140 1 17 51
E 3140 2 17 51
E 3140 3 17 51
E 3140 4 17 51
E 3140 5 -4 -13
T 3141 52 0 6 0
E 3141 0 -10 -30
E 3141 1 -10 -30
E 3141 2 -10 -30
E 3141 3 -10 -30
E 3141 4 -10 -30
E 3141 5 -32 -97
T 3142 36 0 5 0
E 3142 0 19 59
E 3142 1 19 59
E 3142 2 19 59
E 3142 3 19 59
E 3142 4 19 59
T 3143 57 0 6 0
E 3143 0 -11 -33
E 3143 1 -11 -33
E 3143 2 -11 -33
E 3143 3 -11 -33
E 3143 4 -11 -33
E 3143 5 -35 -106
T 3144 38 0 6 0
E 3144 0 21 63
E 3144 1 21 63
E 3144 2 21 63
E 3144 3 21 63
E 3144 4 21 63
E 3144 5 -4 -14
T 3145 61 0 6 0
E 3145 0 -12 -38
E 3145 1 -12 -38
E 3145 2 -12 -38
E 3145 3 -12 -38
E 3145 4 -12 -38
E 3145 5 -39 -118
T 3146 38 0 6 0
E 3146 0 22 67
E 3146 1 22 67
E 3146 2 22 67
E 3146 3 22 67
E 3146 4 22 67
E 3146 5 -5 -16
T 3147 57 0 6 0
E 3147 0 -10 -32
E 3147 1 -10 -32
E 3147 2 -10 -32
E 3147 3 -10 -32
E 3147 4 -10 -32
E 3147 5 -39 -118
T 3148 34 0 6 0
E 3148 0 21 63
E 3148 1 21 63
E 3148 2 21 63
E 3148 3 21 63
E 3148 4 21 63
E 3148 5 -8 -26
T 3149 58 0 6 0
E 3149 0 -9 -27
E 3149 1 -9 -27
E 3149 2 -9 -27
E 3149 3 -9 -27
E 3149 4 -9 -27
E 3149 5 -40 -120
T 3150 36 0 5 0
E 3150 0 18 54
E 3150 1 18 54
E 3150 2 18 54
E 3150 3 18 54
E 3150 4 18 54
T 3151 46 0 6 0
E 3151 0 -10 -30
E 3151 1 -10 -30
E 3151 2 -10 -30
E 3151 3 -10 -30
E 3151 4 -10 -30
E 3151 5 -26 -78
T 3152 26 0 5 0
E 3152 0 14 44
E 3152 1 14 44
E 3152 2 14 44
E 3152 3 14 44
E 3152 4 14 44
T 3153 35 0 6 0
E 3153 0 -7 -23
E 3153 1 -7 -23
E 3153 2 -7 -23
E 3153 3 -7 -23
E 3153 4 -7 -23
E 3153 5 -23 -71
T 3154 17 0 6 0
E 3154 0 11 33
E 3154 1 11 33
E 3154 2 11 33
E 3154 3 11 33
E 3154 4 11 33
E 3154 5 -5 -15
T 3155 31 0 6 0
E 3155 0 -5 -15
E 3155 1 -5 -15
E 3155 2 -5 -15
E 3155 3 -5 -15
E 3155 4 -5 -15
E 3155 5 -21 -63
T 3156 11 0 6 0
E 3156 0 9 27
E 3156 1 9 27
E 3156 2 9 27
E 3156 3 9 27
E 3156 4 9 27
E 3156 5 -7 -21
T 3157 27 0 6 0
E 3157 0 -4 -13
E 3157 1 -4 -13
E 3157 2 -4 -13
E 3157 3 -4 -13
E 3157 4 -4 -13
E 3157 5 -20 -61
T 3158 4 0 6 0
E 3158 0 7 23
E 3158 1 7 23
E 3158 2 7 23
E 3158 3 7 23
E 3158 4 7 23
E 3158 5 -8 -25
T 3159 12 0 1 0
E 3159 5 -18 -54
T 3160 24 0 1 0
E 3160 5 -12 -36
T 3161 10 0 6 0
E 3161 0 9 29
E 3161 1 9 29
E 3161 2 9 29
E 3161 3 9 29
E 3161 4 9 29
E 3161 5 -6 -19
T 3162 14 0 1 0
E 3162 5 -16 -50
T 3163 2 0 6 0
E 3163 0 6 18
E 3163 1 6 18
E 3163 2 6 18
E 3163 3 6 18
E 3163 4 6 18
E 3163 5 -10 -30
T 3164 19 0 1 0
E 3164 5 -14 -43
T 3165 8 0 6 0
E 3165 0 8 24
E 3165 1 8 24
E 3165 2 8 24
E 3165 3 8 24
E 3165 4 8 24
E 3165 5 -8 -24
T 3166 9 0 1 0
E 3166 5 -19 -58
T 3167 22 0 1 0
E 3167 5 -12 -38
T 3168 4 0 6 0
E 3168 0 7 23
E 3168 1 7 23
E 3168 2 7 23
E 3168 3 7 23
E 3168 4 7 23
E 3168 5 -8 -25
T 3169 14 0 1 0
E 3169 5 -17 -51
T 3170 2 0 6 0
E 3170 0 6 19
E 3170 1 6 19
E 3170 2 6 19
E 3170 3 6 19
E 3170 4 6 19
E 3170 5 -9 -29
T 3171 13 0 1 0
E 3171 5 -17 -52
T 3172 22 0 1 0
E 3172 5 -12 -38
T 3173 5 0 6 0
E 3173 0 7 21
E 3173 1 7 21
E 3173 2 7 21
E 3173 3 7 21
E 3173 4 7 21
E 3173 5 -9 -27
T 3174 16 0 1 0
E 3174 5 -16 -48
T 3175 24 0 1 0
E 3175 5 -12 -36
T 3176 5 0 6 0
E 3176 0 7 22
E 3176 1 7 22
E 3176 2 7 22
E 3176 3 7 22
E 3176 4 7 22
E 3176 5 -8 -26
T 3177 12 0 1 0
E 3177 5 -18 -54
T 3178 23 0 1 0
E 3178 5 -12 -37
T 3179 5 0 6 0
E 3179 0 7 22
E 3179 1 7 22
E 3179 2 7 22
E 3179 3 7 22
E 3179 4 7 22
E 3179 5 -8 -26
T 3180 12 0 1 0
E 3180 5 -18 -54
T 3181 24 0 1 0
E 3181 5 -12 -36
T 3182 5 0 6 0
E 3182 0 7 21
E 3182 1 7 21
E 3182 2 7 21
E 3182 3 7 21
E 3182 4 7 21
E 3182 5 -9 -27
T 3183 9 0 1 0
E 3183 5 -19 -58
T 3184 24 0 1 0
E 3184 5 -12 -36
T 3185 5 0 6 0
E 3185 0 7 21
E 3185 1 7 21
E 3185 2 7 21
E 3185 3 7 21
E 3185 4 7 21
E 3185 5 -9 -27
T 3186 11 0 1 0
E 3186 5 -18 -55
T 3187 2 0 6 0
E 3187 0 5 17
E 3187 1 5 17
E 3187 2 5 17
E 3187 3 5 17
E 3187 4 5 17
E 3187 5 -10 -31
T 3188 14 0 1 0
E 3188 5 -16 -50
T 3189 2 0 6 0
E 3189 0 5 17
E 3189 1 5 17
E 3189 2 5 17
E 3189 3 5 17
E 3189 4 5 17
E 3189 5 -10 -31
T 3190 20 0 1 0
E 3190 5 -14 -42
T 3191 4 0 6 0
E 3191 0 7 23
E 3191 1 7 23
E 3191 2 7 23
E 3191 3 7 23
E 3191 4 7 23
E 3191 5 -8 -25
T 3192 15 0 1 0
E 3192 5 -16 -49
T 3193 23 0 1 0
E 3193 5 -12 -37
T 3194 5 0 6 0
E 3194 0 7 22
E 3194 1 7 22
E 3194 2 7 22
E 3194 3 7 22
E 3194 4 7 22
E 3194 5 -8 -26
T 3195 14 0 1 0
E 3195 5 -16 -50
T 3196 22 0 1 0
E 3196 5 -13 -39
T 3197 11 0 6 0
E 3197 0 9 28
E 3197 1 9 28
E 3197 2 9 28
E 3197 3 9 28
E 3197 4 9 28
E 3197 5 -6 -20
T 3198 30 0 6 0
E 3198 0 -5 -16
E 3198 1 -5 -16
E 3198 2 -5 -16
E 3198 3 -5 -16
E 3198 4 -5 -16
E 3198 5 -21 -64
T 3199 16 0 6 0
E 3199 0 11 35
E 3199 1 11 35
E 3199 2 11 35
E 3199 3 11 35
E 3199 4 11 35
E 3199 5 -4 -13
T 3200 8 0 1 0
E 3200 5 -19 -59
T 3201 18 0 1 0
E 3201 5 -14 -44
T 3202 8 0 6 0
E 3202 0 8 24
E 3202 1 8 24
E 3202 2 8 24
E 3202 3 8 24
E 3202 4 8 24
E 3202 5 -8 -24
T 3203 12 0 1 0
E 3203 5 -18 -54
T 3204 22 0 1 0
E 3204 5 -13 -39
T 3205 7 0 6 0
E 3205 0 8 26
E 3205 1 8 26
E 3205 2 8 26
E 3205 3 8 26
E 3205 4 8 26
E 3205 5 -7 -22
T 3206 14 0 1 0
E 3206 5 -16 -50
T 3207 2 0 6 0
E 3207 0 6 18
E 3207 1 6 18
E 3207 2 6 18
E 3207 3 6 18
E 3207 4 6 18
E 3207 5 -10 -30
T 3208 19 0 1 0
E 3208 5 -14 -43
T 3209 5 0 6 0
E 3209 0 7 21
E 3209 1 7 21
E 3209 2 7 21
E 3209 3 7 21
E 3209 4 7 21
E 3209 5 -9 -27
T 3210 14 0 1 0
E 3210 5 -17 -51
T 3211 2 0 6 0
E 3211 0 6 19
E 3211 1 6 19
E 3211 2 6 19
E 3211 3 6 19
E 3211 4 6 19
E 3211 5 -9 -29
T 3212 12 0 1 0
E 3212 5 -18 -54
T 3213 20 0 1 0
E 3213 5 -13 -41
T 3214 11 0 6 0
E 3214 0 9 27
E 3214 1 9 27
E 3214 2 9 27
E 3214 3 9 27
E 3214 4 9 27
E 3214 5 -7 -21
T 3215 14 0 1 0
E 3215 5 -17 -51
T 3216 2 0 6 0
E 3216 0 6 18
E 3216 1 6 18
E 3216 2 6 18
E 3216 3 6 18
E 3216 4 6 18
E 3216 5 -10 -30
T 3217 9 0 1 0
E 3217 5 -17 -53
T 3218 3 0 6 0
E 3218 0 4 14
E 3218 1 4 14
E 3218 2 4 14
E 3218 3 4 14
E 3218 4 4 14
E 3218 5 -9 -29
T 3219 17 0 1 0
E 3219 5 -11 -34
T 3220 8 0 6 0
E 3220 0 7 22
E 3220 1 7 22
E 3220 2 7 22
E 3220 3 7 22
E 3220 4 7 22
E 3220 5 -5 -15
T 3221 7 0 1 0
E 3221 5 -14 -42
T 3222 12 0 1 0
E 3222 5 -10 -30
T 3223 13 0 1 0
E 3223 5 -8 -25
T 3224 2 0 6 0
E 3224 0 4 14
E 3224 1 4 14
E 3224 2 4 14
E 3224 3 4 14
E 3224 4 4 14
E 3224 5 -4 -13
T 3225 8 0 1 0
E 3225 5 -8 -24
T 3226 13 0 1 0
E 3226 5 -4 -13
T 3227 9 0 0 0
T 3228 7 0 5 0
E 3228 0 4 13
E 3228 1 4 13
E 3228 2 4 13
E 3228 3 4 13
E 3228 4 4 13
T 3229 3 0 1 0
E 3229 5 -8 -25
T 3230 0 0 1 0
E 3230 5 -5 -16
T 3231 2 0 0 0
T 3232 5 0 0 0
T 3233 6 0 1 0
E 3233 5 -5 -15
T 3234 7 0 0 0
T 3235 11 0 0 0
T 3236 6 0 5 0
E 3236 0 -4 -14
E 3236 1 -4 -14
E 3236 2 -4 -14
E 3236 3 -4 -14
E 3236 4 -4 -14
T 3237 5 0 1 0
E 3237 5 6 18
T 3238 4 0 1 0
E 3238 5 6 19
T 3239 2 0 1 0
E 3239 5 5 15
T 3240 4 0 0 0
T 3241 5 0 1 0
E 3241 5 5 17
T 3242 10 0 0 0
T 3243 11 0 1 0
E 3243 5 5 16
T 3244 9 0 5 0
E 3244 0 -5 -16
E 3244 1 -5 -16
E 3244 2 -5 -16
E 3244 3 -5 -16
E 3244 4 -5 -16
T 3245 1 0 1 0
E 3245 5 13 40
T 3246 7 0 1 0
E 3246 5 11 34
T 3247 16 0 1 0
E 3247 5 7 21
T 3248 1 0 6 0
E 3248 0 -4 -14
E 3248 1 -4 -14
E 3248 2 -4 -14
E 3248 3 -4 -14
E 3248 4 -4 -14
E 3248 5 5 16
T 3249 8 0 1 0
E 3249 5 10 32
T 3250 1 0 6 0
E 3250 0 -4 -14
E 3250 1 -4 -14
E 3250 2 -4 -14
E 3250 3 -4 -14
E 3250 4 -4 -14
E 3250 5 5 16
T 3251 10 0 1 0
E 3251 5 9 29
T 3252 18 0 1 0
E 3252 5 6 18
T 3253 16 0 5 0
E 3253 0 -8 -24
E 3253 1 -8 -24
E 3253 2 -8 -24
E 3253 3 -8 -24
E 3253 4 -8 -24
T 3254 23 0 6 0
E 3254 0 5 17
E 3254 1 5 17
E 3254 2 5 17
E 3254 3 5 17
E 3254 4 5 17
E 3254 5 15 47
T 3255 12 0 5 0
E 3255 0 -6 -18
E 3255 1 -6 -18
E 3255 2 -6 -18
E 3255 3 -6 -18
E 3255 4 -6 -18
T 3256 2 0 1 0
E 3256 5 13 41
T 3257 14 0 1 0
E 3257 5 8 24
T 3258 14 0 5 0
E 3258 0 -7 -21
E 3258 1 -7 -21
E 3258 2 -7 -21
E 3258 3 -7 -21
E 3258 4 -7 -21
T 3259 24 0 6 0
E 3259 0 5 16
E 3259 1 5 16
E 3259 2 5 16
E 3259 3 5 16
E 3259 4 5 16
E 3259 5 15 46
T 3260 20 0 5 0
E 3260 0 -10 -30
E 3260 1 -10 -30
E 3260 2 -10 -30
E 3260 3 -10 -30
E 3260 4 -10 -30
T 3261 26 0 6 0
E 3261 0 6 20
E 3261 1 6 20
E 3261 2 6 20
E 3261 3 6 20
E 3261 4 6 20
E 3261 5 16 50
T 3262 18 0 5 0
E 3262 0 -9 -27
E 3262 1 -9 -27
E 3262 2 -9 -27
E 3262 3 -9 -27
E 3262 4 -9 -27
T 3263 24 0 6 0
E 3263 0 5 16
E 3263 1 5 16
E 3263 2 5 16
E 3263 3 5 16
E 3263 4 5 16
E 3263 5 15 46
T 3264 12 0 5 0
E 3264 0 -7 -23
E 3264 1 -7 -23
E 3264 2 -7 -23
E 3264 3 -7 -23
E 3264 4 -7 -23
T 3265 24 0 6 0
E 3265 0 5 16
E 3265 1 5 16
E 3265 2 5 16
E 3265 3 5 16
E 3265 4 5 16
E 3265 5 15 46
T 3266 18 0 5 0
E 3266 0 -9 -27
E 3266 1 -9 -27
E 3266 2 -9 -27
E 3266 3 -9 -27
E 3266 4 -9 -27
T 3267 2 0 1 0
E 3267 5 14 43
T 3268 14 0 1 0
E 3268 5 8 26
T 3269 3 0 6 0
E 3269 0 -5 -17
E 3269 1 -5 -17
E 3269 2 -5 -17
E 3269 3 -5 -17
E 3269 4 -5 -17
E 3269 5 5 16
T 3270 6 0 1 0
E 3270 5 13 40
T 3271 19 0 1 0
E 3271 5 7 22
T 3272 0 0 6 0
E 3272 0 -4 -14
E 3272 1 -4 -14
E 3272 2 -4 -14
E 3272 3 -4 -14
E 3272 4 -4 -14
E 3272 5 6 20
T 3273 13 0 1 0
E 3273 5 10 32
T 3274 20 0 1 0
E 3274 5 8 24
T 3275 9 0 6 0
E 3275 0 -7 -22
E 3275 1 -7 -22
E 3275 2 -7 -22
E 3275 3 -7 -22
E 3275 4 -7 -22
E 3275 5 4 14
T 3276 9 0 1 0
E 3276 5 13 41
T 3277 17 0 1 0
E 3277 5 10 30
T 3278 2 0 6 0
E 3278 0 -4 -14
E 3278 1 -4 -14
E 3278 2 -4 -14
E 3278 3 -4 -14
E 3278 4 -4 -14
E 3278 5 8 24
T 3279 14 0 1 0
E 3279 5 12 37
T 3280 5 0 6 0
E 3280 0 -6 -18
E 3280 1 -6 -18
E 3280 2 -6 -18
E 3280 3 -6 -18
E 3280 4 -6 -18
E 3280 5 7 21
T 3281 11 0 1 0
E 3281 5 14 43
T 3282 2 0 6 0
E 3282 0 -5 -15
E 3282 1 -5 -15
E 3282 2 -5 -15
E 3282 3 -5 -15
E 3282 4 -5 -15
E 3282 5 8 25
T 3283 9 0 1 0
E 3283 5 15 47
T 3284 20 0 1 0
E 3284 5 11 33
T 3285 3 0 6 0
E 3285 0 -6 -20
E 3285 1 -6 -20
E 3285 2 -6 -20
E 3285 3 -6 -20
E 3285 4 -6 -20
E 3285 5 7 22
T 3286 17 0 1 0
E 3286 5 13 39
T 3287 0 0 6 0
E 3287 0 -5 -17
E 3287 1 -5 -17
E 3287 2 -5 -17
E 3287 3 -5 -17
E 3287 4 -5 -17
E 3287 5 8 26
T 3288 13 0 1 0
E 3288 5 15 46
T 3289 0 0 6 0
E 3289 0 -5 -16
E 3289 1 -5 -16
E 3289 2 -5 -16
E 3289 3 -5 -16
E 3289 4 -5 -16
E 3289 5 9 29
T 3290 12 0 1 0
E 3290 5 16 49
T 3291 4 0 6 0
E 3291 0 -4 -14
E 3291 1 -4 -14
E 3291 2 -4 -14
E 3291 3 -4 -14
E 3291 4 -4 -14
E 3291 5 10 32
T 3292 20 0 1 0
E 3292 5 12 38
T 3293 11 0 6 0
E 3293 0 -9 -28
E 3293 1 -9 -28
E 3293 2 -9 -28
E 3293 3 -9 -28
E 3293 4 -9 -28
E 3293 5 6 19
T 3294 31 0 6 0
E 3294 0 5 15
E 3294 1 5 15
E 3294 2 5 15
E 3294 3 5 15
E 3294 4 5 15
E 3294 5 21 63
T 3295 7 0 6 0
E 3295 0 -8 -26
E 3295 1 -8 -26
E 3295 2 -8 -26
E 3295 3 -8 -26
E 3295 4 -8 -26
E 3295 5 7 22
T 3296 12 0 1 0
E 3296 5 18 54
T 3297 2 0 6 0
E 3297 0 -6 -19
E 3297 1 -6 -19
E 3297 2 -6 -19
E 3297 3 -6 -19
E 3297 4 -6 -19
E 3297 5 9 29
T 3298 14 0 1 0
E 3298 5 17 51
T 3299 22 0 1 0
E 3299 5 12 38
T 3300 11 0 6 0
E 3300 0 -9 -27
E 3300 1 -9 -27
E 3300 2 -9 -27
E 3300 3 -9 -27
E 3300 4 -9 -27
E 3300 5 7 21
T 3301 12 0 1 0
E 3301 5 17 53
T 3302 21 0 1 0
E 3302 5 13 40
T 3303 11 0 6 0
E 3303 0 -9 -27
E 3303 1 -9 -27
E 3303 2 -9 -27
E 3303 3 -9 -27
E 3303 4 -9 -27
E 3303 5 7 21
T 3304 10 0 1 0
E 3304 5 19 57
T 3305 1 0 6 0
E 3305 0 -5 -15
E 3305 1 -5 -15
E 3305 2 -5 -15
E 3305 3 -5 -15
E 3305 4 -5 -15
E 3305 5 11 33
T 3306 17 0 1 0
E 3306 5 15 46
T 3307 4 0 6 0
E 3307 0 -4 -13
E 3307 1 -4 -13
E 3307 2 -4 -13
E 3307 3 -4 -13
E 3307 4 -4 -13
E 3307 5 11 35
T 3308 17 0 1 0
E 3308 5 15 46
T 3309 4 0 6 0
E 3309 0 -4 -13
E 3309 1 -4 -13
E 3309 2 -4 -13
E 3309 3 -4 -13
E 3309 4 -4 -13
E 3309 5 11 35
T 3310 23 0 1 0
E 3310 5 12 37
T 3311 1 0 6 0
E 3311 0 -6 -20
E 3311 1 -6 -20
E 3311 2 -6 -20
E 3311 3 -6 -20
E 3311 4 -6 -20
E 3311 5 9 28
T 3312 12 0 1 0
E 3312 5 18 54
T 3313 22 0 1 0
E 3313 5 13 39
T 3314 2 0 6 0
E 3314 0 -6 -19
E 3314 1 -6 -19
E 3314 2 -6 -19
E 3314 3 -6 -19
E 3314 4 -6 -19
E 3314 5 9 29
T 3315 14 0 1 0
E 3315 5 17 51
T 3316 24 0 1 0
E 3316 5 12 36
T 3317 14 0 6 0
E 3317 0 -10 -30
E 3317 1 -10 -30
E 3317 2 -10 -30
E 3317 3 -10 -30
E 3317 4 -10 -30
E 3317 5 6 18
T 3318 30 0 6 0
E 3318 0 5 16
E 3318 1 5 16
E 3318 2 5 16
E 3318 3 5 16
E 3318 4 5 16
E 3318 5 21 64
T 3319 17 0 6 0
E 3319 0 -11 -34
E 3319 1 -11 -34
E 3319 2 -11 -34
E 3319 3 -11 -34
E 3319 4 -11 -34
E 3319 5 4 14
T 3320 37 0 6 0
E 3320 0 7 21
E 3320 1 7 21
E 3320 2 7 21
E 3320 3 7 21
E 3320 4 7 21
E 3320 5 23 69
T 3321 26 0 5 0
E 3321 0 -13 -39
E 3321 1 -13 -39
E 3321 2 -13 -39
E 3321 3 -13 -39
E 3321 4 -13 -39
T 3322 46 0 6 0
E 3322 0 10 30
E 3322 1 10 30
E 3322 2 10 30
E 3322 3 10 30
E 3322 4 10 30
E 3322 5 26 78
T 3323 30 0 5 0
E 3323 0 -16 -50
E 3323 1 -16 -50
E 3323 2 -16 -50
E 3323 3 -16 -50
E 3323 4 -16 -50
T 3324 45 0 6 0
E 3324 0 10 31
E 3324 1 10 31
E 3324 2 10 31
E 3324 3 10 31
E 3324 4 10 31
E 3324 5 26 79
T 3325 32 0 5 0
E 3325 0 -16 -48
E 3325 1 -16 -48
E 3325 2 -16 -48
E 3325 3 -16 -48
E 3325 4 -16 -48
T 3326 38 0 6 0
E 3326 0 8 26
E 3326 1 8 26
E 3326 2 8 26
E 3326 3 8 26
E 3326 4 8 26
E 3326 5 24 74
T 3327 26 0 5 0
E 3327 0 -13 -39
E 3327 1 -13 -39
E 3327 2 -13 -39
E 3327 3 -13 -39
E 3327 4 -13 -39
T 3328 41 0 6 0
E 3328 0 9 29
E 3328 1 9 29
E 3328 2 9 29
E 3328 3 9 29
E 3328 4 9 29
E 3328 5 25 77
T 3329 29 0 5 0
E 3329 0 -15 -46
E 3329 1 -15 -46
E 3329 2 -15 -46
E 3329 3 -15 -46
E 3329 4 -15 -46
T 3330 42 0 6 0
E 3330 0 9 28
E 3330 1 9 28
E 3330 2 9 28
E 3330 3 9 28
E 3330 4 9 28
E 3330 5 25 76
T 3331 27 0 5 0
E 3331 0 -14 -43
E 3331 1 -14 -43
E 3331 2 -14 -43
E 3331 3 -14 -43
E 3331 4 -14 -43
T 3332 37 0 6 0
E 3332 0 7 21
E 3332 1 7 21
E 3332 2 7 21
E 3332 3 7 21
E 3332 4 7 21
E 3332 5 23 69
T 3333 24 0 5 0
E 3333 0 -13 -41
E 3333 1 -13 -41
E 3333 2 -13 -41
E 3333 3 -13 -41
E 3333 4 -13 -41
T 3334 35 0 6 0
E 3334 0 7 23
E 3334 1 7 23
E 3334 2 7 23
E 3334 3 7 23
E 3334 4 7 23
E 3334 5 23 71
T 3335 14 0 6 0
E 3335 0 -10 -30
E 3335 1 -10 -30
E 3335 2 -10 -30
E 3335 3 -10 -30
E 3335 4 -10 -30
E 3335 5 6 18
T 3336 12 0 1 0
E 3336 5 18 54
T 3337 5 0 6 0
E 3337 0 -4 -14
E 3337 1 -4 -14
E 3337 2 -4 -14
E 3337 3 -4 -14
E 3337 4 -4 -14
E 3337 5 11 34
T 3338 18 0 1 0
E 3338 5 15 45
T 3339 5 0 6 0
E 3339 0 -7 -22
E 3339 1 -7 -22
E 3339 2 -7 -22
E 3339 3 -7 -22
E 3339 4 -7 -22
E 3339 5 8 26
T 3340 17 0 1 0
E 3340 5 15 46
T 3341 8 0 6 0
E 3341 0 -8 -25
E 3341 1 -8 -25
E 3341 2 -8 -25
E 3341 3 -8 -25
E 3341 4 -8 -25
E 3341 5 7 23
T 3342 13 0 1 0
E 3342 5 17 52
T 3343 2 0 6 0
E 3343 0 -5 -17
E 3343 1 -5 -17
E 3343 2 -5 -17
E 3343 3 -5 -17
E 3343 4 -5 -17
E 3343 5 10 31
T 3344 15 0 1 0
E 3344 5 16 49
T 3345 2 0 6 0
E 3345 0 -6 -18
E 3345 1 -6 -18
E 3345 2 -6 -18
E 3345 3 -6 -18
E 3345 4 -6 -18
E 3345 5 10 30
T 3346 12 0 1 0
E 3346 5 18 54
T 3347 20 0 1 0
E 3347 5 13 41
T 3348 7 0 6 0
E 3348 0 -8 -26
E 3348 1 -8 -26
E 3348 2 -8 -26
E 3348 3 -8 -26
E 3348 4 -8 -26
E 3348 5 7 22
T 3349 12 0 1 0
E 3349 5 18 54
T 3350 5 0 6 0
E 3350 0 -4 -14
E 3350 1 -4 -14
E 3350 2 -4 -14
E 3350 3 -4 -14
E 3350 4 -4 -14
E 3350 5 11 34
T 3351 4 0 6 0
E 3351 0 -4 -13
E 3351 1 -4 -13
E 3351 2 -4 -13
E 3351 3 -4 -13
E 3351 4 -4 -13
E 3351 5 11 35
T 3352 21 0 1 0
E 3352 5 13 40
T 3353 2 0 6 0
E 3353 0 -6 -19
E 3353 1 -6 -19
E 3353 2 -6 -19
E 3353 3 -6 -19
E 3353 4 -6 -19
E 3353 5 9 29
T 3354 12 0 1 0
E 3354 5 18 54
T 3355 2 0 6 0
E 3355 0 -6 -18
E 3355 1 -6 -18
E 3355 2 -6 -18
E 3355 3 -6 -18
E 3355 4 -6 -18
E 3355 5 10 30
T 3356 12 0 1 0
E 3356 5 17 53
T 3357 21 0 1 0
E 3357 5 13 40
T 3358 8 0 6 0
E 3358 0 -8 -25
E 3358 1 -8 -25
E 3358 2 -8 -25
E 3358 3 -8 -25
E 3358 4 -8 -25
E 3358 5 7 23
T 3359 12 0 1 0
E 3359 5 18 54
T 3360 32 0 6 0
E 3360 0 11 34
E 3360 1 11 34
E 3360 2 11 34
E 3360 3 11 34
E 3360 4 11 34
E 3360 5 11 34
T 3361 27 0 6 0
E 3361 0 -9 -28
E 3361 1 -9 -28
E 3361 2 -9 -28
E 3361 3 -9 -28
E 3361 4 -9 -28
E 3361 5 -10 -31
T 3362 27 0 6 0
E 3362 0 10 31
E 3362 1 10 31
E 3362 2 10 31
E 3362 3 10 31
E 3362 4 10 31
E 3362 5 8 25
T 3363 23 0 6 0
E 3363 0 -7 -22
E 3363 1 -7 -22
E 3363 2 -7 -22
E 3363 3 -7 -22
E 3363 4 -7 -22
E 3363 5 -10 -31
T 3364 11 0 5 0
E 3364 0 6 19
E 3364 1 6 19
E 3364 2 6 19
E 3364 3 6 19
E 3364 4 6 19
T 3365 2 0 1 0
E 3365 5 -7 -21
T 3366 10 0 1 0
E 3366 5 -4 -13
T 3367 12 0 5 0
E 3367 0 6 18
E 3367 1 6 18
E 3367 2 6 18
E 3367 3 6 18
E 3367 4 6 18
T 3368 23 0 6 0
E 3368 0 -5 -15
E 3368 1 -5 -15
E 3368 2 -5 -15
E 3368 3 -5 -15
E 3368 4 -5 -15
E 3368 5 -13 -40
T 3369 13 0 5 0
E 3369 0 7 22
E 3369 1 7 22
E 3369 2 7 22
E 3369 3 7 22
E 3369 4 7 22
T 3370 22 0 6 0
E 3370 0 -4 -13
E 3370 1 -4 -13
E 3370 2 -4 -13
E 3370 3 -4 -13
E 3370 4 -4 -13
E 3370 5 -15 -45
T 3371 16 0 5 0
E 3371 0 8 24
E 3371 1 8 24
E 3371 2 8 24
E 3371 3 8 24
E 3371 4 8 24
T 3372 29 0 6 0
E 3372 0 -6 -20
E 3372 1 -6 -20
E 3372 2 -6 -20
E 3372 3 -6 -20
E 3372 4 -6 -20
E 3372 5 -19 -58
T 3373 11 0 6 0
E 3373 0 8 24
E 3373 1 8 24
E 3373 2 8 24
E 3373 3 8 24
E 3373 4 8 24
E 3373 5 -5 -17
T 3374 12 0 1 0
E 3374 5 -16 -49
T 3375 23 0 1 0
E 3375 5 -12 -37
T 3376 0 0 6 0
E 3376 0 6 20
E 3376 1 6 20
E 3376 2 6 20
E 3376 3 6 20
E 3376 4 6 20
E 3376 5 -10 -31
T 3377 20 0 1 0
E 3377 5 -16 -50
T 3378 4 0 6 0
E 3378 0 8 26
E 3378 1 8 26
E 3378 2 8 26
E 3378 3 8 26
E 3378 4 8 26
E 3378 5 -10 -31
T 3379 15 0 1 0
E 3379 5 -22 -68
T 3380 10 0 6 0
E 3380 0 4 13
E 3380 1 4 13
E 3380 2 4 13
E 3380 3 4 13
E 3380 4 4 13
E 3380 5 -17 -51
T 3381 11 0 6 0
E 3381 0 4 13
E 3381 1 4 13
E 3381 2 4 13
E 3381 3 4 13
E 3381 4 4 13
E 3381 5 -18 -54
T 3382 30 0 1 0
E 3382 5 -20 -60
T 3383 11 0 6 0
E 3383 0 12 37
E 3383 1 12 37
E 3383 2 12 37
E 3383 3 12 37
E 3383 4 12 37
E 3383 5 -12 -36
T 3384 23 0 1 0
E 3384 5 -26 -80
T 3385 4 0 6 0
E 3385 0 10 30
E 3385 1 10 30
E 3385 2 10 30
E 3385 3 10 30
E 3385 4 10 30
E 3385 5 -16 -50
T 3386 27 0 1 0
E 3386 5 -27 -83
T 3387 0 0 6 0
E 3387 0 10 32
E 3387 1 10 32
E 3387 2 10 32
E 3387 3 10 32
E 3387 4 10 32
E 3387 5 -18 -54
T 3388 30 0 1 0
E 3388 5 -29 -88
T 3389 1 0 6 0
E 3389 0 10 31
E 3389 1 10 31
E 3389 2 10 31
E 3389 3 10 31
E 3389 4 10 31
E 3389 5 -20 -62
T 3390 20 0 1 0
E 3390 5 -14 -42
T 3391 1 0 6 0
E 3391 0 6 20
E 3391 1 6 20
E 3391 2 6 20
E 3391 3 6 20
E 3391 4 6 20
E 3391 5 -9 -28
T 3392 15 0 1 0
E 3392 5 -16 -49
T 3393 5 0 6 0
E 3393 0 7 21
E 3393 1 7 21
E 3393 2 7 21
E 3393 3 7 21
E 3393 4 7 21
E 3393 5 -9 -27
T 3394 17 0 1 0
E 3394 5 -15 -46
T 3395 2 0 6 0
E 3395 0 6 18
E 3395 1 6 18
E 3395 2 6 18
E 3395 3 6 18
E 3395 4 6 18
E 3395 5 -10 -30
T 3396 16 0 1 0
E 3396 5 -16 -48
T 3397 1 0 6 0
E 3397 0 5 16
E 3397 1 5 16
E 3397 2 5 16
E 3397 3 5 16
E 3397 4 5 16
E 3397 5 -10 -32
T 3398 18 0 1 0
E 3398 5 -15 -45
T 3399 8 0 6 0
E 3399 0 8 24
E 3399 1 8 24
E 3399 2 8 24
E 3399 3 8 24
E 3399 4 8 24
E 3399 5 -8 -24
T 3400 12 0 1 0
E 3400 5 -18 -54
T 3401 2 0 6 0
E 3401 0 6 18
E 3401 1 6 18
E 3401 2 6 18
E 3401 3 6 18
E 3401 4 6 18
E 3401 5 -10 -30
T 3402 12 0 1 0
E 3402 5 -18 -54
T 3403 1 0 6 0
E 3403 0 5 15
E 3403 1 5 15
E 3403 2 5 15
E 3403 3 5 15
E 3403 4 5 15
E 3403 5 -11 -33
T 3404 21 0 1 0
E 3404 5 -13 -40
T 3405 8 0 6 0
E 3405 0 8 24
E 3405 1 8 24
E 3405 2 8 24
E 3405 3 8 24
E 3405 4 8 24
E 3405 5 -8 -24
T 3406 8 0 1 0
E 3406 5 -19 -59
T 3407 21 0 1 0
E 3407 5 -13 -40
T 3408 2 0 6 0
E 3408 0 5 17
E 3408 1 5 17
E 3408 2 5 17
E 3408 3 5 17
E 3408 4 5 17
E 3408 5 -10 -31
T 3409 18 0 1 0
E 3409 5 -15 -45
T 3410 1 0 6 0
E 3410 0 5 15
E 3410 1 5 15
E 3410 2 5 15
E 3410 3 5 15
E 3410 4 5 15
E 3410 5 -11 -33
T 3411 18 0 1 0
E 3411 5 -15 -45
T 3412 8 0 6 0
E 3412 0 8 24
E 3412 1 8 24
E 3412 2 8 24
E 3412 3 8 24
E 3412 4 8 24
E 3412 5 -8 -24
T 3413 14 0 1 0
E 3413 5 -16 -50
T 3414 24 0 1 0
E 3414 5 -12 -36
T 3415 14 0 6 0
E 3415 0 10 31
E 3415 1 10 31
E 3415 2 10 31
E 3415 3 10 31
E 3415 4 10 31
E 3415 5 -5 -17
T 3416 10 0 1 0
E 3416 5 -18 -56
T 3417 23 0 1 0
E 3417 5 -12 -37
T 3418 8 0 6 0
E 3418 0 8 25
E 3418 1 8 25
E 3418 2 8 25
E 3418 3 8 25
E 3418 4 8 25
E 3418 5 -7 -23
T 3419 9 0 1 0
E 3419 5 -19 -58
T 3420 23 0 1 0
E 3420 5 -12 -37
T 3421 4 0 6 0
E 3421 0 7 23
E 3421 1 7 23
E 3421 2 7 23
E 3421 3 7 23
E 3421 4 7 23
E 3421 5 -8 -25
T 3422 18 0 1 0
E 3422 5 -14 -44
T 3423 1 0 6 0
E 3423 0 5 16
E 3423 1 5 16
E 3423 2 5 16
E 3423 3 5 16
E 3423 4 5 16
E 3423 5 -10 -32
T 3424 18 0 1 0
E 3424 5 -15 -45
T 3425 7 0 6 0
E 3425 0 8 26
E 3425 1 8 26
E 3425 2 8 26
E 3425 3 8 26
E 3425 4 8 26
E 3425 5 -7 -22
T 3426 11 0 1 0
E 3426 5 -18 -55
T 3427 5 0 6 0
E 3427 0 4 14
E 3427 1 4 14
E 3427 2 4 14
E 3427 3 4 14
E 3427 4 4 14
E 3427 5 -11 -34
T 3428 18 0 1 0
E 3428 5 -14 -44
T 3429 8 0 6 0
E 3429 0 8 24
E 3429 1 8 24
E 3429 2 8 24
E 3429 3 8 24
E 3429 4 8 24
E 3429 5 -8 -24
T 3430 10 0 1 0
E 3430 5 -18 -56
T 3431 22 0 1 0
E 3431 5 -12 -38
T 3432 5 0 6 0
E 3432 0 7 21
E 3432 1 7 21
E 3432 2 7 21
E 3432 3 7 21
E 3432 4 7 21
E 3432 5 -9 -27
T 3433 16 0 1 0
E 3433 5 -16 -48
T 3434 1 0 6 0
E 3434 0 5 15
E 3434 1 5 15
E 3434 2 5 15
E 3434 3 5 15
E 3434 4 5 15
E 3434 5 -11 -33
T 3435 15 0 1 0
E 3435 5 -16 -49
T 3436 24 0 1 0
E 3436 5 -12 -36
T 3437 13 0 6 0
E 3437 0 10 32
E 3437 1 10 32
E 3437 2 10 32
E 3437 3 10 32
E 3437 4 10 32
E 3437 5 -5 -16
T 3438 29 0 6 0
E 3438 0 -5 -17
E 3438 1 -5 -17
E 3438 2 -5 -17
E 3438 3 -5 -17
E 3438 4 -5 -17
E 3438 5 -21 -65
T 3439 16 0 6 0
E 3439 0 11 35
E 3439 1 11 35
E 3439 2 11 35
E 3439 3 11 35
E 3439 4 11 35
E 3439 5 -4 -13
T 3440 34 0 6 0
E 3440 0 -6 -18
E 3440 1 -6 -18
E 3440 2 -6 -18
E 3440 3 -6 -18
E 3440 4 -6 -18
E 3440 5 -22 -66
T 3441 10 0 6 0
E 3441 0 9 29
E 3441 1 9 29
E 3441 2 9 29
E 3441 3 9 29
E 3441 4 9 29
E 3441 5 -6 -19
T 3442 12 0 1 0
E 3442 5 -18 -54
T 3443 20 0 1 0
E 3443 5 -13 -41
T 3444 2 0 6 0
E 3444 0 6 19
E 3444 1 6 19
E 3444 2 6 19
E 3444 3 6 19
E 3444 4 6 19
E 3444 5 -9 -29
T 3445 12 0 1 0
E 3445 5 -18 -54
T 3446 22 0 1 0
E 3446 5 -12 -38
T 3447 8 0 6 0
E 3447 0 8 25
E 3447 1 8 25
E 3447 2 8 25
E 3447 3 8 25
E 3447 4 8 25
E 3447 5 -7 -23
T 3448 13 0 1 0
E 3448 5 -17 -52
T 3449 1 0 6 0
E 3449 0 6 20
E 3449 1 6 20
E 3449 2 6 20
E 3449 3 6 20
E 3449 4 6 20
E 3449 5 -9 -28
T 3450 18 0 1 0
E 3450 5 -14 -44
T 3451 1 0 6 0
E 3451 0 6 20
E 3451 1 6 20
E 3451 2 6 20
E 3451 3 6 20
E 3451 4 6 20
E 3451 5 -9 -28
T 3452 18 0 1 0
E 3452 5 -15 -45
T 3453 8 0 6 0
E 3453 0 8 24
E 3453 1 8 24
E 3453 2 8 24
E 3453 3 8 24
E 3453 4 8 24
E 3453 5 -8 -24
T 3454 8 0 1 0
E 3454 5 -19 -59
T 3455 1 0 6 0
E 3455 0 5 16
E 3455 1 5 16
E 3455 2 5 16
E 3455 3 5 16
E 3455 4 5 16
E 3455 5 -10 -32
T 3456 18 0 1 0
E 3456 5 -15 -45
T 3457 3 0 6 0
E 3457 0 6 19
E 3457 1 6 19
E 3457 2 6 19
E 3457 3 6 19
E 3457 4 6 19
E 3457 5 -8 -26
T 3458 7 0 1 0
E 3458 5 -17 -53
T 3459 16 0 1 0
E 3459 5 -12 -36
T 3460 2 0 6 0
E 3460 0 5 17
E 3460 1 5 17
E 3460 2 5 17
E 3460 3 5 17
E 3460 4 5 17
E 3460 5 -6 -20
T 3461 5 0 1 0
E 3461 5 -14 -44
T 3462 9 0 1 0
E 3462 5 -11 -34
T 3463 13 0 1 0
E 3463 5 -8 -25
T 3464 10 0 5 0
E 3464 0 5 15
E 3464 1 5 15
E 3464 2 5 15
E 3464 3 5 15
E 3464 4 5 15
T 3465 18 0 6 0
E 3465 0 -4 -14
E 3465 1 -4 -14
E 3465 2 -4 -14
E 3465 3 -4 -14
E 3465 4 -4 -14
E 3465 5 -12 -38
T 3466 11 0 5 0
E 3466 0 6 19
E 3466 1 6 19
E 3466 2 6 19
E 3466 3 6 19
E 3466 4 6 19
T 3467 0 0 1 0
E 3467 5 -9 -28
T 3468 4 0 1 0
E 3468 5 -6 -19
T 3469 6 0 0 0
T 3470 6 0 0 0
T 3471 1 0 0 0
T 3472 6 0 0 0
T 3473 3 0 0 0
T 3474 3 0 0 0
T 3475 2 0 0 0
T 3476 5 0 0 0
T 3477 3 0 0 0
T 3478 3 0 1 0
E 3478 5 5 17
T 3479 1 0 1 0
E 3479 5 5 16
T 3480 2 0 1 0
E 3480 5 6 19
T 3481 4 0 1 0
E 3481 5 6 19
T 3482 9 0 0 0
T 3483 9 0 5 0
E 3483 0 -5 -16
E 3483 1 -5 -16
E 3483 2 -5 -16
E 3483 3 -5 -16
E 3483 4 -5 -16
T 3484 6 0 1 0
E 3484 5 9 28
T 3485 15 0 1 0
E 3485 5 6 19
T 3486 11 0 5 0
E 3486 0 -6 -19
E 3486 1 -6 -19
E 3486 2 -6 -19
E 3486 3 -6 -19
E 3486 4 -6 -19
T 3487 2 0 1 0
E 3487 5 14 42
T 3488 8 0 1 0
E 3488 5 11 33
T 3489 16 0 1 0
E 3489 5 6 20
T 3490 12 0 5 0
E 3490 0 -6 -18
E 3490 1 -6 -18
E 3490 2 -6 -18
E 3490 3 -6 -18
E 3490 4 -6 -18
T 3491 20 0 6 0
E 3491 0 4 14
E 3491 1 4 14
E 3491 2 4 14
E 3491 3 4 14
E 3491 4 4 14
E 3491 5 14 44
T 3492 11 0 5 0
E 3492 0 -6 -19
E 3492 1 -6 -19
E 3492 2 -6 -19
E 3492 3 -6 -19
E 3492 4 -6 -19
T 3493 24 0 6 0
E 3493 0 5 16
E 3493 1 5 16
E 3493 2 5 16
E 3493 3 5 16
E 3493 4 5 16
E 3493 5 15 46
T 3494 12 0 5 0
E 3494 0 -7 -23
E 3494 1 -7 -23
E 3494 2 -7 -23
E 3494 3 -7 -23
E 3494 4 -7 -23
T 3495 4 0 1 0
E 3495 5 12 38
T 3496 12 0 1 0
E 3496 5 8 26
T 3497 16 0 1 0
E 3497 5 6 20
T 3498 14 0 5 0
E 3498 0 -7 -21
E 3498 1 -7 -21
E 3498 2 -7 -21
E 3498 3 -7 -21
E 3498 4 -7 -21
T 3499 5 0 1 0
E 3499 5 12 37
T 3500 16 0 1 0
E 3500 5 6 20
T 3501 5 0 6 0
E 3501 0 -5 -16
E 3501 1 -5 -16
E 3501 2 -5 -16
E 3501 3 -5 -16
E 3501 4 -5 -16
E 3501 5 4 14
T 3502 9 0 1 0
E 3502 5 10 31
T 3503 13 0 1 0
E 3503 5 8 25
T 3504 12 0 5 0
E 3504 0 -6 -18
E 3504 1 -6 -18
E 3504 2 -6 -18
E 3504 3 -6 -18
E 3504 4 -6 -18
T 3505 5 0 1 0
E 3505 5 12 37
T 3506 15 0 1 0
E 3506 5 8 24
T 3507 13 0 5 0
E 3507 0 -7 -22
E 3507 1 -7 -22
E 3507 2 -7 -22
E 3507 3 -7 -22
E 3507 4 -7 -22
T 3508 3 0 1 0
E 3508 5 14 43
T 3509 18 0 1 0
E 3509 5 7 22
T 3510 1 0 6 0
E 3510 0 -4 -13
E 3510 1 -4 -13
E 3510 2 -4 -13
E 3510 3 -4 -13
E 3510 4 -4 -13
E 3510 5 6 20
T 3511 14 0 1 0
E 3511 5 9 29
T 3512 17 0 1 0
E 3512 5 8 25
T 3513 9 0 6 0
E 3513 0 -7 -22
E 3513 1 -7 -22
E 3513 2 -7 -22
E 3513 3 -7 -22
E 3513 4 -7 -22
E 3513 5 4 13
T 3514 4 0 1 0
E 3514 5 15 47
T 3515 15 0 1 0
E 3515 5 10 31
T 3516 2 0 6 0
E 3516 0 -5 -17
E 3516 1 -5 -17
E 3516 2 -5 -17
E 3516 3 -5 -17
E 3516 4 -5 -17
E 3516 5 6 20
T 3517 8 0 1 0
E 3517 5 14 43
T 3518 1 0 6 0
E 3518 0 -4 -13
E 3518 1 -4 -13
E 3518 2 -4 -13
E 3518 3 -4 -13
E 3518 4 -4 -13
E 3518 5 8 25
T 3519 17 0 1 0
E 3519 5 11 33
T 3520 4 0 6 0
E 3520 0 -6 -20
E 3520 1 -6 -20
E 3520 2 -6 -20
E 3520 3 -6 -20
E 3520 4 -6 -20
E 3520 5 6 19
T 3521 16 0 1 0
E 3521 5 12 36
T 3522 2 0 6 0
E 3522 0 -5 -15
E 3522 1 -5 -15
E 3522 2 -5 -15
E 3522 3 -5 -15
E 3522 4 -5 -15
E 3522 5 8 25
T 3523 9 0 1 0
E 3523 5 15 47
T 3524 2 0 6 0
E 3524 0 -4 -13
E 3524 1 -4 -13
E 3524 2 -4 -13
E 3524 3 -4 -13
E 3524 4 -4 -13
E 3524 5 9 29
T 3525 16 0 1 0
E 3525 5 13 39
T 3526 0 0 6 0
E 3526 0 -5 -16
E 3526 1 -5 -16
E 3526 2 -5 -16
E 3526 3 -5 -16
E 3526 4 -5 -16
E 3526 5 9 27
T 3527 16 0 1 0
E 3527 5 13 40
T 3528 1 0 6 0
E 3528 0 -5 -17
E 3528 1 -5 -17
E 3528 2 -5 -17
E 3528 3 -5 -17
E 3528 4 -5 -17
E 3528 5 9 27
T 3529 14 0 1 0
E 3529 5 15 46
T 3530 21 0 1 0
E 3530 5 12 36
T 3531 6 0 6 0
E 3531 0 -7 -21
E 3531 1 -7 -21
E 3531 2 -7 -21
E 3531 3 -7 -21
E 3531 4 -7 -21
E 3531 5 8 25
T 3532 12 0 1 0
E 3532 5 17 51
T 3533 2 0 6 0
E 3533 0 -6 -19
E 3533 1 -6 -19
E 3533 2 -6 -19
E 3533 3 -6 -19
E 3533 4 -6 -19
E 3533 5 9 28
T 3534 14 0 1 0
E 3534 5 17 51
T 3535 24 0 1 0
E 3535 5 12 36
T 3536 5 0 6 0
E 3536 0 -7 -22
E 3536 1 -7 -22
E 3536 2 -7 -22
E 3536 3 -7 -22
E 3536 4 -7 -22
E 3536 5 8 26
T 3537 15 0 1 0
E 3537 5 16 49
T 3538 1 0 6 0
E 3538 0 -6 -20
E 3538 1 -6 -20
E 3538 2 -6 -20
E 3538 3 -6 -20
E 3538 4 -6 -20
E 3538 5 9 28
T 3539 13 0 1 0
E 3539 5 17 52
T 3540 2 0 6 0
E 3540 0 -5 -17
E 3540 1 -5 -17
E 3540 2 -5 -17
E 3540 3 -5 -17
E 3540 4 -5 -17
E 3540 5 10 31
T 3541 19 0 1 0
E 3541 5 14 43
T 3542 2 0 6 0
E 3542 0 -6 -18
E 3542 1 -6 -18
E 3542 2 -6 -18
E 3542 3 -6 -18
E 3542 4 -6 -18
E 3542 5 10 30
T 3543 13 0 1 0
E 3543 5 17 52
T 3544 5 0 6 0
E 3544 0 -7 -21
E 3544 1 -7 -21
E 3544 2 -7 -21
E 3544 3 -7 -21
E 3544 4 -7 -21
E 3544 5 9 27
T 3545 10 0 1 0
E 3545 5 19 57
T 3546 24 0 1 0
E 3546 5 12 36
T 3547 11 0 6 0
E 3547 0 -9 -28
E 3547 1 -9 -28
E 3547 2 -9 -28
E 3547 3 -9 -28
E 3547 4 -9 -28
E 3547 5 6 20
T 3548 10 0 1 0
E 3548 5 19 57
T 3549 4 0 6 0
E 3549 0 -4 -13
E 3549 1 -4 -13
E 3549 2 -4 -13
E 3549 3 -4 -13
E 3549 4 -4 -13
E 3549 5 11 35
T 3550 18 0 1 0
E 3550 5 15 45
T 3551 5 0 6 0
E 3551 0 -7 -21
E 3551 1 -7 -21
E 3551 2 -7 -21
E 3551 3 -7 -21
E 3551 4 -7 -21
E 3551 5 9 27
T 3552 16 0 1 0
E 3552 5 16 48
T 3553 8 0 6 0
E 3553 0 -8 -24
E 3553 1 -8 -24
E 3553 2 -8 -24
E 3553 3 -8 -24
E 3553 4 -8 -24
E 3553 5 8 24
T 3554 12 0 1 0
E 3554 5 18 54
T 3555 1 0 6 0
E 3555 0 -5 -15
E 3555 1 -5 -15
E 3555 2 -5 -15
E 3555 3 -5 -15
E 3555 4 -5 -15
E 3555 5 11 33
T 3556 20 0 1 0
E 3556 5 14 42
T 3557 1 0 6 0
E 3557 0 -5 -15
E 3557 1 -5 -15
E 3557 2 -5 -15
E 3557 3 -5 -15
E 3557 4 -5 -15
E 3557 5 11 33
T 3558 15 0 1 0
E 3558 5 16 49
T 3559 1 0 6 0
E 3559 0 -6 -20
E 3559 1 -6 -20
E 3559 2 -6 -20
E 3559 3 -6 -20
E 3559 4 -6 -20
E 3559 5 9 28
T 3560 15 0 1 0
E 3560 5 16 49
T 3561 24 0 1 0
E 3561 5 12 36
T 3562 5 0 6 0
E 3562 0 -7 -22
E 3562 1 -7 -22
E 3562 2 -7 -22
E 3562 3 -7 -22
E 3562 4 -7 -22
E 3562 5 8 26
T 3563 14 0 1 0
E 3563 5 17 51
T 3564 1 0 6 0
E 3564 0 -6 -20
E 3564 1 -6 -20
E 3564 2 -6 -20
E 3564 3 -6 -20
E 3564 4 -6 -20
E 3564 5 9 28
T 3565 13 0 1 0
E 3565 5 17 52
T 3566 22 0 1 0
E 3566 5 13 39
T 3567 5 0 6 0
E 3567 0 -7 -22
E 3567 1 -7 -22
E 3567 2 -7 -22
E 3567 3 -7 -22
E 3567 4 -7 -22
E 3567 5 8 26
T 3568 12 0 1 0
E 3568 5 17 53
T 3569 1 0 6 0
E 3569 0 -6 -20
E 3569 1 -6 -20
E 3569 2 -6 -20
E 3569 3 -6 -20
E 3569 4 -6 -20
E 3569 5 9 28
T 3570 12 0 1 0
E 3570 5 18 54
T 3571 1 0 6 0
E 3571 0 -5 -16
E 3571 1 -5 -16
E 3571 2 -5 -16
E 3571 3 -5 -16
E 3571 4 -5 -16
E 3571 5 10 32
T 3572 14 0 1 0
E 3572 5 17 51
T 3573 24 0 1 0
E 3573 5 12 36
T 3574 4 0 6 0
E 3574 0 -7 -23
E 3574 1 -7 -23
E 3574 2 -7 -23
E 3574 3 -7 -23
E 3574 4 -7 -23
E 3574 5 8 25
T 3575 12 0 1 0
E 3575 5 18 54
T 3576 21 0 1 0
E 3576 5 13 40
T 3577 8 0 6 0
E 3577 0 -8 -24
E 3577 1 -8 -24
E 3577 2 -8 -24
E 3577 3 -8 -24
E 3577 4 -8 -24
E 3577 5 8 24
T 3578 14 0 1 0
E 3578 5 17 51
T 3579 23 0 1 0
E 3579 5 12 37
T 3580 11 0 6 0
E 3580 0 -9 -27
E 3580 1 -9 -27
E 3580 2 -9 -27
E 3580 3 -9 -27
E 3580 4 -9 -27
E 3580 5 7 21
T 3581 27 0 6 0
E 3581 0 4 13
E 3581 1 4 13
E 3581 2 4 13
E 3581 3 4 13
E 3581 4 4 13
E 3581 5 20 61
T 3582 8 0 6 0
E 3582 0 -8 -25
E 3582 1 -8 -25
E 3582 2 -8 -25
E 3582 3 -8 -25
E 3582 4 -8 -25
E 3582 5 7 23
T 3583 11 0 1 0
E 3583 5 18 55
T 3584 21 0 1 0
E 3584 5 13 40
T 3585 8 0 6 0
E 3585 0 -8 -25
E 3585 1 -8 -25
E 3585 2 -8 -25
E 3585 3 -8 -25
E 3585 4 -8 -25
E 3585 5 7 23
T 3586 10 0 1 0
E 3586 5 18 56
T 3587 19 0 1 0
E 3587 5 14 43
T 3588 5 0 6 0
E 3588 0 -7 -22
E 3588 1 -7 -22
E 3588 2 -7 -22
E 3588 3 -7 -22
E 3588 4 -7 -22
E 3588 5 8 26
T 3589 15 0 1 0
E 3589 5 16 49
T 3590 5 0 6 0
E 3590 0 -7 -22
E 3590 1 -7 -22
E 3590 2 -7 -22
E 3590 3 -7 -22
E 3590 4 -7 -22
E 3590 5 8 26
T 3591 16 0 1 0
E 3591 5 16 48
T 3592 24 0 1 0
E 3592 5 12 36
T 3593 1 0 6 0
E 3593 0 -6 -20
E 3593 1 -6 -20
E 3593 2 -6 -20
E 3593 3 -6 -20
E 3593 4 -6 -20
E 3593 5 9 28
T 3594 18 0 1 0
E 3594 5 15 45
T 3595 8 0 6 0
E 3595 0 -8 -24
E 3595 1 -8 -24
E 3595 2 -8 -24
E 3595 3 -8 -24
E 3595 4 -8 -24
E 3595 5 8 24
T 3596 14 0 1 0
E 3596 5 17 51
T 3597 23 0 1 0
E 3597 5 12 37
T 3598 8 0 6 0
E 3598 0 -8 -24
E 3598 1 -8 -24
E 3598 2 -8 -24
E 3598 3 -8 -24
E 3598 4 -8 -24
E 3598 5 8 24
T 3599 8 0 1 0
E 3599 5 20 60
T 3600 40 0 6 0
E 3600 0 14 44
E 3600 1 14 44
E 3600 2 14 44
E 3600 3 14 44
E 3600 4 14 44
E 3600 5 14 44
T 3601 38 0 6 0
E 3601 0 -13 -41
E 3601 1 -13 -41
E 3601 2 -13 -41
E 3601 3 -13 -41
E 3601 4 -13 -41
E 3601 5 -14 -44
T 3602 34 0 6 0
E 3602 0 12 36
E 3602 1 12 36
E 3602 2 12 36
E 3602 3 12 36
E 3602 4 12 36
E 3602 5 10 30
T 3603 38 0 6 0
E 3603 0 -12 -37
E 3603 1 -12 -37
E 3603 2 -12 -37
E 3603 3 -12 -37
E 3603 4 -12 -37
E 3603 5 -15 -46
T 3604 37 0 6 0
E 3604 0 14 42
E 3604 1 14 42
E 3604 2 14 42
E 3604 3 14 42
E 3604 4 14 42
E 3604 5 9 29
T 3605 34 0 6 0
E 3605 0 -10 -31
E 3605 1 -10 -31
E 3605 2 -10 -31
E 3605 3 -10 -31
E 3605 4 -10 -31
E 3605 5 -15 -47
T 3606 29 0 6 0
E 3606 0 12 37
E 3606 1 12 37
E 3606 2 12 37
E 3606 3 12 37
E 3606 4 12 37
E 3606 5 6 18
T 3607 27 0 6 0
E 3607 0 -7 -22
E 3607 1 -7 -22
E 3607 2 -7 -22
E 3607 3 -7 -22
E 3607 4 -7 -22
E 3607 5 -14 -44
T 3608 16 0 5 0
E 3608 0 9 29
E 3608 1 9 29
E 3608 2 9 29
E 3608 3 9 29
E 3608 4 9 29
T 3609 3 0 1 0
E 3609 5 -12 -38
T 3610 16 0 1 0
E 3610 5 -7 -23
T 3611 4 0 6 0
E 3611 0 5 15
E 3611 1 5 15
E 3611 2 5 15
E 3611 3 5 15
E 3611 4 5 15
E 3611 5 -6 -20
T 3612 11 0 1 0
E 3612 5 -13 -40
T 3613 19 0 1 0
E 3613 5 -11 -33
T 3614 3 0 6 0
E 3614 0 6 18
E 3614 1 6 18
E 3614 2 6 18
E 3614 3 6 18
E 3614 4 6 18
E 3614 5 -9 -27
T 3615 19 0 1 0
E 3615 5 -14 -43
T 3616 6 0 6 0
E 3616 0 4 14
E 3616 1 4 14
E 3616 2 4 14
E 3616 3 4 14
E 3616 4 4 14
E 3616 5 -12 -37
T 3617 22 0 1 0
E 3617 5 -16 -48
T 3618 1 0 6 0
E 3618 0 6 19
E 3618 1 6 19
E 3618 2 6 19
E 3618 3 6 19
E 3618 4 6 19
E 3618 5 -12 -38
T 3619 21 0 1 0
E 3619 5 -19 -59
T 3620 5 0 6 0
E 3620 0 9 28
E 3620 1 9 28
E 3620 2 9 28
E 3620 3 9 28
E 3620 4 9 28
E 3620 5 -12 -36
T 3621 23 0 1 0
E 3621 5 -22 -66
T 3622 0 0 6 0
E 3622 0 8 26
E 3622 1 8 26
E 3622 2 8 26
E 3622 3 8 26
E 3622 4 8 26
E 3622 5 -14 -44
T 3623 23 0 1 0
E 3623 5 -25 -75
T 3624 1 0 6 0
E 3624 0 8 24
E 3624 1 8 24
E 3624 2 8 24
E 3624 3 8 24
E 3624 4 8 24
E 3624 5 -17 -53
T 3625 27 0 1 0
E 3625 5 -26 -79
T 3626 7 0 6 0
E 3626 0 7 22
E 3626 1 7 22
E 3626 2 7 22
E 3626 3 7 22
E 3626 4 7 22
E 3626 5 -20 -61
T 3627 36 0 1 0
E 3627 5 -24 -74
T 3628 3 0 6 0
E 3628 0 11 34
E 3628 1 11 34
E 3628 2 11 34
E 3628 3 11 34
E 3628 4 11 34
E 3628 5 -18 -55
T 3629 31 0 1 0
E 3629 5 -30 -92
T 3630 22 0 5 0
E 3630 0 12 38
E 3630 1 12 38
E 3630 2 12 38
E 3630 3 12 38
E 3630 4 12 38
T 3631 34 0 6 0
E 3631 0 -6 -18
E 3631 1 -6 -18
E 3631 2 -6 -18
E 3631 3 -6 -18
E 3631 4 -6 -18
E 3631 5 -22 -66
T 3632 28 0 5 0
E 3632 0 14 42
E 3632 1 14 42
E 3632 2 14 42
E 3632 3 14 42
E 3632 4 14 42
T 3633 42 0 6 0
E 3633 0 -9 -28
E 3633 1 -9 -28
E 3633 2 -9 -28
E 3633 3 -9 -28
E 3633 4 -9 -28
E 3633 5 -25 -76
T 3634 26 0 5 0
E 3634 0 14 44
E 3634 1 14 44
E 3634 2 14 44
E 3634 3 14 44
E 3634 4 14 44
T 3635 39 0 6 0
E 3635 0 -8 -25
E 3635 1 -8 -25
E 3635 2 -8 -25
E 3635 3 -8 -25
E 3635 4 -8 -25
E 3635 5 -24 -73
T 3636 30 0 5 0
E 3636 0 15 45
E 3636 1 15 45
E 3636 2 15 45
E 3636 3 15 45
E 3636 4 15 45
T 3637 43 0 6 0
E 3637 0 -9 -27
E 3637 1 -9 -27
E 3637 2 -9 -27
E 3637 3 -9 -27
E 3637 4 -9 -27
E 3637 5 -25 -75
T 3638 31 0 5 0
E 3638 0 16 49
E 3638 1 16 49
E 3638 2 16 49
E 3638 3 16 49
E 3638 4 16 49
T 3639 45 0 6 0
E 3639 0 -10 -31
E 3639 1 -10 -31
E 3639 2 -10 -31
E 3639 3 -10 -31
E 3639 4 -10 -31
E 3639 5 -26 -79
T 3640 28 0 5 0
E 3640 0 15 47
E 3640 1 15 47
E 3640 2 15 47
E 3640 3 15 47
E 3640 4 15 47
T 3641 45 0 6 0
E 3641 0 -10 -31
E 3641 1 -10 -31
E 3641 2 -10 -31
E 3641 3 -10 -31
E 3641 4 -10 -31
E 3641 5 -26 -79
T 3642 24 0 5 0
E 3642 0 13 41
E 3642 1 13 41
E 3642 2 13 41
E 3642 3 13 41
E 3642 4 13 41
T 3643 43 0 6 0
E 3643 0 -9 -27
E 3643 1 -9 -27
E 3643 2 -9 -27
E 3643 3 -9 -27
E 3643 4 -9 -27
E 3643 5 -25 -75
T 3644 29 0 5 0
E 3644 0 15 46
E 3644 1 15 46
E 3644 2 15 46
E 3644 3 15 46
E 3644 4 15 46
T 3645 35 0 6 0
E 3645 0 -7 -23
E 3645 1 -7 -23
E 3645 2 -7 -23
E 3645 3 -7 -23
E 3645 4 -7 -23
E 3645 5 -23 -71
T 3646 26 0 5 0
E 3646 0 13 39
E 3646 1 13 39
E 3646 2 13 39
E 3646 3 13 39
E 3646 4 13 39
T 3647 46 0 6 0
E 3647 0 -10 -30
E 3647 1 -10 -30
E 3647 2 -10 -30
E 3647 3 -10 -30
E 3647 4 -10 -30
E 3647 5 -26 -78
T 3648 26 0 5 0
E 3648 0 14 44
E 3648 1 14 44
E 3648 2 14 44
E 3648 3 14 44
E 3648 4 14 44
T 3649 40 0 6 0
E 3649 0 -8 -24
E 3649 1 -8 -24
E 3649 2 -8 -24
E 3649 3 -8 -24
E 3649 4 -8 -24
E 3649 5 -24 -72
T 3650 24 0 5 0
E 3650 0 13 41
E 3650 1 13 41
E 3650 2 13 41
E 3650 3 13 41
E 3650 4 13 41
T 3651 42 0 6 0
E 3651 0 -9 -28
E 3651 1 -9 -28
E 3651 2 -9 -28
E 3651 3 -9 -28
E 3651 4 -9 -28
E 3651 5 -25 -76
T 3652 31 0 5 0
E 3652 0 16 49
E 3652 1 16 49
E 3652 2 16 49
E 3652 3 16 49
E 3652 4 16 49
T 3653 42 0 6 0
E 3653 0 -9 -28
E 3653 1 -9 -28
E 3653 2 -9 -28
E 3653 3 -9 -28
E 3653 4 -9 -28
E 3653 5 -25 -76
T 3654 27 0 5 0
E 3654 0 14 43
E 3654 1 14 43
E 3654 2 14 43
E 3654 3 14 43
E 3654 4 14 43
T 3655 43 0 6 0
E 3655 0 -9 -27
E 3655 1 -9 -27
E 3655 2 -9 -27
E 3655 3 -9 -27
E 3655 4 -9 -27
E 3655 5 -25 -75
T 3656 28 0 5 0
E 3656 0 14 42
E 3656 1 14 42
E 3656 2 14 42
E 3656 3 14 42
E 3656 4 14 42
T 3657 45 0 6 0
E 3657 0 -10 -31
E 3657 1 -10 -31
E 3657 2 -10 -31
E 3657 3 -10 -31
E 3657 4 -10 -31
E 3657 5 -26 -79
T 3658 24 0 5 0
E 3658 0 13 41
E 3658 1 13 41
E 3658 2 13 41
E 3658 3 13 41
E 3658 4 13 41
T 3659 29 0 6 0
E 3659 0 -5 -17
E 3659 1 -5 -17
E 3659 2 -5 -17
E 3659 3 -5 -17
E 3659 4 -5 -17
E 3659 5 -21 -65
T 3660 13 0 6 0
E 3660 0 10 32
E 3660 1 10 32
E 3660 2 10 32
E 3660 3 10 32
E 3660 4 10 32
E 3660 5 -5 -16
T 3661 8 0 1 0
E 3661 5 -19 -59
T 3662 20 0 1 0
E 3662 5 -13 -41
T 3663 8 0 6 0
E 3663 0 8 24
E 3663 1 8 24
E 3663 2 8 24
E 3663 3 8 24
E 3663 4 8 24
E 3663 5 -8 -24
T 3664 11 0 1 0
E 3664 5 -18 -55
T 3665 4 0 6 0
E 3665 0 4 13
E 3665 1 4 13
E 3665 2 4 13
E 3665 3 4 13
E 3665 4 4 13
E 3665 5 -11 -35
T 3666 16 0 1 0
E 3666 5 -16 -48
T 3667 8 0 6 0
E 3667 0 8 24
E 3667 1 8 24
E 3667 2 8 24
E 3667 3 8 24
E 3667 4 8 24
E 3667 5 -8 -24
T 3668 14 0 1 0
E 3668 5 -16 -50
T 3669 1 0 6 0
E 3669 0 6 20
E 3669 1 6 20
E 3669 2 6 20
E 3669 3 6 20
E 3669 4 6 20
E 3669 5 -9 -28
T 3670 12 0 1 0
E 3670 5 -17 -53
T 3671 23 0 1 0
E 3671 5 -12 -37
T 3672 1 0 6 0
E 3672 0 6 20
E 3672 1 6 20
E 3672 2 6 20
E 3672 3 6 20
E 3672 4 6 20
E 3672 5 -9 -28
T 3673 18 0 1 0
E 3673 5 -15 -45
T 3674 7 0 6 0
E 3674 0 8 26
E 3674 1 8 26
E 3674 2 8 26
E 3674 3 8 26
E 3674 4 8 26
E 3674 5 -7 -22
T 3675 8 0 1 0
E 3675 5 -19 -59
T 3676 24 0 1 0
E 3676 5 -12 -36
T 3677 8 0 6 0
E 3677 0 8 25
E 3677 1 8 25
E 3677 2 8 25
E 3677 3 8 25
E 3677 4 8 25
E 3677 5 -7 -23
T 3678 11 0 1 0
E 3678 5 -18 -55
T 3679 2 0 6 0
E 3679 0 6 18
E 3679 1 6 18
E 3679 2 6 18
E 3679 3 6 18
E 3679 4 6 18
E 3679 5 -10 -30
T 3680 18 0 1 0
E 3680 5 -15 -45
T 3681 2 0 6 0
E 3681 0 6 18
E 3681 1 6 18
E 3681 2 6 18
E 3681 3 6 18
E 3681 4 6 18
E 3681 5 -10 -30
T 3682 14 0 1 0
E 3682 5 -16 -50
T 3683 4 0 6 0
E 3683 0 4 13
E 3683 1 4 13
E 3683 2 4 13
E 3683 3 4 13
E 3683 4 4 13
E 3683 5 -11 -35
T 3684 21 0 1 0
E 3684 5 -13 -40
T 3685 1 0 6 0
E 3685 0 6 20
E 3685 1 6 20
E 3685 2 6 20
E 3685 3 6 20
E 3685 4 6 20
E 3685 5 -9 -28
T 3686 12 0 1 0
E 3686 5 -17 -53
T 3687 2 0 6 0
E 3687 0 5 17
E 3687 1 5 17
E 3687 2 5 17
E 3687 3 5 17
E 3687 4 5 17
E 3687 5 -10 -31
T 3688 18 0 1 0
E 3688 5 -14 -44
T 3689 8 0 6 0
E 3689 0 8 24
E 3689 1 8 24
E 3689 2 8 24
E 3689 3 8 24
E 3689 4 8 24
E 3689 5 -8 -24
T 3690 12 0 1 0
E 3690 5 -17 -53
T 3691 2 0 6 0
E 3691 0 6 19
E 3691 1 6 19
E 3691 2 6 19
E 3691 3 6 19
E 3691 4 6 19
E 3691 5 -9 -29
T 3692 16 0 1 0
E 3692 5 -15 -47
T 3693 4 0 6 0
E 3693 0 4 13
E 3693 1 4 13
E 3693 2 4 13
E 3693 3 4 13
E 3693 4 4 13
E 3693 5 -11 -35
T 3694 21 0 1 0
E 3694 5 -13 -40
T 3695 2 0 6 0
E 3695 0 6 18
E 3695 1 6 18
E 3695 2 6 18
E 3695 3 6 18
E 3695 4 6 18
E 3695 5 -10 -30
T 3696 14 0 1 0
E 3696 5 -16 -50
T 3697 23 0 1 0
E 3697 5 -11 -33
T 3698 6 0 6 0
E 3698 0 7 22
E 3698 1 7 22
E 3698 2 7 22
E 3698 3 7 22
E 3698 4 7 22
E 3698 5 -7 -21
T 3699 11 0 1 0
E 3699 5 -14 -43
T 3700 19 0 1 0
E 3700 5 -9 -27
T 3701 1 0 6 0
E 3701 0 4 14
E 3701 1 4 14
E 3701 2 4 14
E 3701 3 4 14
E 3701 4 4 14
E 3701 5 -7 -21
T 3702 9 0 1 0
E 3702 5 -11 -34
T 3703 1 0 6 0
E 3703 0 4 14
E 3703 1 4 14
E 3703 2 4 14
E 3703 3 4 14
E 3703 4 4 14
E 3703 5 -5 -16
T 3704 9 0 1 0
E 3704 5 -8 -26
T 3705 10 0 1 0
E 3705 5 -7 -21
T 3706 10 0 5 0
E 3706 0 5 15
E 3706 1 5 15
E 3706 2 5 15
E 3706 3 5 15
E 3706 4 5 15
T 3707 20 0 6 0
E 3707 0 -5 -16
E 3707 1 -5 -16
E 3707 2 -5 -16
E 3707 3 -5 -16
E 3707 4 -5 -16
E 3707 5 -11 -35
T 3708 11 0 5 0
E 3708 0 6 19
E 3708 1 6 19
E 3708 2 6 19
E 3708 3 6 19
E 3708 4 6 19
T 3709 1 0 1 0
E 3709 5 -7 -22
T 3710 4 0 0 0
T 3711 4 0 0 0
T 3712 3 0 0 0
T 3713 5 0 1 0
E 3713 5 -4 -13
T 3714 1 0 0 0
T 3715 2 0 0 0
T 3716 5 0 0 0
T 3717 3 0 1 0
E 3717 5 4 14
T 3718 1 0 0 0
T 3719 2 0 1 0
E 3719 5 4 14
T 3720 4 0 1 0
E 3720 5 5 16
T 3721 8 0 1 0
E 3721 5 4 13
T 3722 9 0 0 0
T 3723 11 0 1 0
E 3723 5 5 16
T 3724 12 0 5 0
E 3724 0 -6 -18
E 3724 1 -6 -18
E 3724 2 -6 -18
E 3724 3 -6 -18
E 3724 4 -6 -18
T 3725 20 0 6 0
E 3725 0 4 13
E 3725 1 4 13
E 3725 2 4 13
E 3725 3 4 13
E 3725 4 4 13
E 3725 5 13 41
T 3726 18 0 5 0
E 3726 0 -9 -27
E 3726 1 -9 -27
E 3726 2 -9 -27
E 3726 3 -9 -27
E 3726 4 -9 -27
T 3727 26 0 6 0
E 3727 0 6 20
E 3727 1 6 20
E 3727 2 6 20
E 3727 3 6 20
E 3727 4 6 20
E 3727 5 16 50
T 3728 19 0 5 0
E 3728 0 -10 -31
E 3728 1 -10 -31
E 3728 2 -10 -31
E 3728 3 -10 -31
E 3728 4 -10 -31
T 3729 21 0 6 0
E 3729 0 4 13
E 3729 1 4 13
E 3729 2 4 13
E 3729 3 4 13
E 3729 4 4 13
E 3729 5 14 43
T 3730 14 0 5 0
E 3730 0 -8 -26
E 3730 1 -8 -26
E 3730 2 -8 -26
E 3730 3 -8 -26
E 3730 4 -8 -26
T 3731 5 0 1 0
E 3731 5 12 37
T 3732 14 0 1 0
E 3732 5 7 23
T 3733 11 0 5 0
E 3733 0 -6 -19
E 3733 1 -6 -19
E 3733 2 -6 -19
E 3733 3 -6 -19
E 3733 4 -6 -19
T 3734 4 0 1 0
E 3734 5 12 38
T 3735 14 0 1 0
E 3735 5 8 24
T 3736 12 0 5 0
E 3736 0 -6 -18
E 3736 1 -6 -18
E 3736 2 -6 -18
E 3736 3 -6 -18
E 3736 4 -6 -18
T 3737 24 0 6 0
E 3737 0 5 16
E 3737 1 5 16
E 3737 2 5 16
E 3737 3 5 16
E 3737 4 5 16
E 3737 5 15 46
T 3738 20 0 5 0
E 3738 0 -10 -30
E 3738 1 -10 -30
E 3738 2 -10 -30
E 3738 3 -10 -30
E 3738 4 -10 -30
T 3739 23 0 6 0
E 3739 0 5 17
E 3739 1 5 17
E 3739 2 5 17
E 3739 3 5 17
E 3739 4 5 17
E 3739 5 15 47
T 3740 14 0 5 0
E 3740 0 -8 -26
E 3740 1 -8 -26
E 3740 2 -8 -26
E 3740 3 -8 -26
E 3740 4 -8 -26
T 3741 27 0 6 0
E 3741 0 6 19
E 3741 1 6 19
E 3741 2 6 19
E 3741 3 6 19
E 3741 4 6 19
E 3741 5 16 49
T 3742 13 0 5 0
E 3742 0 -7 -22
E 3742 1 -7 -22
E 3742 2 -7 -22
E 3742 3 -7 -22
E 3742 4 -7 -22
T 3743 6 0 1 0
E 3743 5 12 36
T 3744 14 0 1 0
E 3744 5 8 24
T 3745 2 0 6 0
E 3745 0 -4 -13
E 3745 1 -4 -13
E 3745 2 -4 -13
E 3745 3 -4 -13
E 3745 4 -4 -13
E 3745 5 5 17
T 3746 11 0 1 0
E 3746 5 9 29
T 3747 4 0 6 0
E 3747 0 -5 -17
E 3747 1 -5 -17
E 3747 2 -5 -17
E 3747 3 -5 -17
E 3747 4 -5 -17
E 3747 5 4 14
T 3748 12 0 1 0
E 3748 5 9 29
T 3749 6 0 6 0
E 3749 0 -6 -20
E 3749 1 -6 -20
E 3749 2 -6 -20
E 3749 3 -6 -20
E 3749 4 -6 -20
E 3749 5 4 13
T 3750 7 0 1 0
E 3750 5 12 38
T 3751 16 0 1 0
E 3751 5 9 27
T 3752 12 0 5 0
E 3752 0 -7 -23
E 3752 1 -7 -23
E 3752 2 -7 -23
E 3752 3 -7 -23
E 3752 4 -7 -23
T 3753 7 0 1 0
E 3753 5 13 41
T 3754 0 0 6 0
E 3754 0 -4 -13
E 3754 1 -4 -13
E 3754 2 -4 -13
E 3754 3 -4 -13
E 3754 4 -4 -13
E 3754 5 7 23
T 3755 11 0 1 0
E 3755 5 12 37
T 3756 17 0 1 0
E 3756 5 9 29
T 3757 8 0 6 0
E 3757 0 -7 -23
E 3757 1 -7 -23
E 3757 2 -7 -23
E 3757 3 -7 -23
E 3757 4 -7 -23
E 3757 5 4 14
T 3758 4 0 1 0
E 3758 5 16 50
T 3759 16 0 1 0
E 3759 5 11 34
T 3760 5 0 6 0
E 3760 0 -6 -18
E 3760 1 -6 -18
E 3760 2 -6 -18
E 3760 3 -6 -18
E 3760 4 -6 -18
E 3760 5 7 21
T 3761 14 0 1 0
E 3761 5 13 39
T 3762 5 0 6 0
E 3762 0 -6 -18
E 3762 1 -6 -18
E 3762 2 -6 -18
E 3762 3 -6 -18
E 3762 4 -6 -18
E 3762 5 7 22
T 3763 9 0 1 0
E 3763 5 16 48
T 3764 1 0 6 0
E 3764 0 -5 -15
E 3764 1 -5 -15
E 3764 2 -5 -15
E 3764 3 -5 -15
E 3764 4 -5 -15
E 3764 5 9 27
T 3765 12 0 1 0
E 3765 5 15 45
T 3766 21 0 1 0
E 3766 5 10 32
T 3767 6 0 6 0
E 3767 0 -7 -23
E 3767 1 -7 -23
E 3767 2 -7 -23
E 3767 3 -7 -23
E 3767 4 -7 -23
E 3767 5 6 20
T 3768 11 0 1 0
E 3768 5 16 49
T 3769 20 0 1 0
E 3769 5 12 37
T 3770 6 0 6 0
E 3770 0 -7 -22
E 3770 1 -7 -22
E 3770 2 -7 -22
E 3770 3 -7 -22
E 3770 4 -7 -22
E 3770 5 7 23
T 3771 14 0 1 0
E 3771 5 15 47
T 3772 1 0 6 0
E 3772 0 -5 -17
E 3772 1 -5 -17
E 3772 2 -5 -17
E 3772 3 -5 -17
E 3772 4 -5 -17
E 3772 5 9 29
T 3773 19 0 1 0
E 3773 5 13 41
T 3774 4 0 6 0
E 3774 0 -7 -23
E 3774 1 -7 -23
E 3774 2 -7 -23
E 3774 3 -7 -23
E 3774 4 -7 -23
E 3774 5 8 25
T 3775 15 0 1 0
E 3775 5 16 49
T 3776 4 0 6 0
E 3776 0 -4 -13
E 3776 1 -4 -13
E 3776 2 -4 -13
E 3776 3 -4 -13
E 3776 4 -4 -13
E 3776 5 11 35
T 3777 21 0 1 0
E 3777 5 13 40
T 3778 5 0 6 0
E 3778 0 -7 -22
E 3778 1 -7 -22
E 3778 2 -7 -22
E 3778 3 -7 -22
E 3778 4 -7 -22
E 3778 5 8 26
T 3779 10 0 1 0
E 3779 5 19 57
T 3780 1 0 6 0
E 3780 0 -5 -15
E 3780 1 -5 -15
E 3780 2 -5 -15
E 3780 3 -5 -15
E 3780 4 -5 -15
E 3780 5 11 33
T 3781 21 0 1 0
E 3781 5 13 40
T 3782 4 0 6 0
E 3782 0 -7 -23
E 3782 1 -7 -23
E 3782 2 -7 -23
E 3782 3 -7 -23
E 3782 4 -7 -23
E 3782 5 8 25
T 3783 12 0 1 0
E 3783 5 18 54
T 3784 21 0 1 0
E 3784 5 13 40
T 3785 2 0 6 0
E 3785 0 -6 -19
E 3785 1 -6 -19
E 3785 2 -6 -19
E 3785 3 -6 -19
E 3785 4 -6 -19
E 3785 5 9 29
T 3786 14 0 1 0
E 3786 5 16 50
T 3787 4 0 6 0
E 3787 0 -4 -13
E 3787 1 -4 -13
E 3787 2 -4 -13
E 3787 3 -4 -13
E 3787 4 -4 -13
E 3787 5 11 35
T 3788 24 0 1 0
E 3788 5 12 36
T 3789 8 0 6 0
E 3789 0 -8 -24
E 3789 1 -8 -24
E 3789 2 -8 -24
E 3789 3 -8 -24
E 3789 4 -8 -24
E 3789 5 8 24
T 3790 8 0 1 0
E 3790 5 20 60
T 3791 18 0 1 0
E 3791 5 14 44
T 3792 8 0 6 0
E 3792 0 -8 -25
E 3792 1 -8 -25
E 3792 2 -8 -25
E 3792 3 -8 -25
E 3792 4 -8 -25
E 3792 5 7 23
T 3793 10 0 1 0
E 3793 5 18 56
T 3794 2 0 6 0
E 3794 0 -6 -18
E 3794 1 -6 -18
E 3794 2 -6 -18
E 3794 3 -6 -18
E 3794 4 -6 -18
E 3794 5 10 30
T 3795 18 0 1 0
E 3795 5 15 45
T 3796 8 0 6 0
E 3796 0 -8 -24
E 3796 1 -8 -24
E 3796 2 -8 -24
E 3796 3 -8 -24
E 3796 4 -8 -24
E 3796 5 8 24
T 3797 10 0 1 0
E 3797 5 19 57
T 3798 24 0 1 0
E 3798 5 12 36
T 3799 13 0 6 0
E 3799 0 -10 -32
E 3799 1 -10 -32
E 3799 2 -10 -32
E 3799 3 -10 -32
E 3799 4 -10 -32
E 3799 5 5 16
T 3800 8 0 1 0
E 3800 5 19 59
T 3801 19 0 1 0
E 3801 5 14 43
T 3802 4 0 6 0
E 3802 0 -7 -23
E 3802 1 -7 -23
E 3802 2 -7 -23
E 3802 3 -7 -23
E 3802 4 -7 -23
E 3802 5 8 25
T 3803 14 0 1 0
E 3803 5 16 50
T 3804 5 0 6 0
E 3804 0 -7 -21
E 3804 1 -7 -21
E 3804 2 -7 -21
E 3804 3 -7 -21
E 3804 4 -7 -21
E 3804 5 9 27
T 3805 15 0 1 0
E 3805 5 16 49
T 3806 5 0 6 0
E 3806 0 -4 -14
E 3806 1 -4 -14
E 3806 2 -4 -14
E 3806 3 -4 -14
E 3806 4 -4 -14
E 3806 5 11 34
T 3807 18 0 1 0
E 3807 5 15 45
T 3808 2 0 6 0
E 3808 0 -6 -18
E 3808 1 -6 -18
E 3808 2 -6 -18
E 3808 3 -6 -18
E 3808 4 -6 -18
E 3808 5 10 30
T 3809 12 0 1 0
E 3809 5 18 54
T 3810 1 0 6 0
E 3810 0 -5 -15
E 3810 1 -5 -15
E 3810 2 -5 -15
E 3810 3 -5 -15
E 3810 4 -5 -15
E 3810 5 11 33
T 3811 21 0 1 0
E 3811 5 13 40
T 3812 2 0 6 0
E 3812 0 -5 -17
E 3812 1 -5 -17
E 3812 2 -5 -17
E 3812 3 -5 -17
E 3812 4 -5 -17
E 3812 5 10 31
T 3813 15 0 1 0
E 3813 5 16 49
T 3814 2 0 6 0
E 3814 0 -6 -18
E 3814 1 -6 -18
E 3814 2 -6 -18
E 3814 3 -6 -18
E 3814 4 -6 -18
E 3814 5 10 30
T 3815 14 0 1 0
E 3815 5 17 51
T 3816 1 0 6 0
E 3816 0 -5 -15
E 3816 1 -5 -15
E 3816 2 -5 -15
E 3816 3 -5 -15
E 3816 4 -5 -15
E 3816 5 11 33
T 3817 18 0 1 0
E 3817 5 14 44
T 3818 5 0 6 0
E 3818 0 -4 -14
E 3818 1 -4 -14
E 3818 2 -4 -14
E 3818 3 -4 -14
E 3818 4 -4 -14
E 3818 5 11 34
T 3819 4 0 6 0
E 3819 0 -4 -13
E 3819 1 -4 -13
E 3819 2 -4 -13
E 3819 3 -4 -13
E 3819 4 -4 -13
E 3819 5 11 35
T 3820 18 0 1 0
E 3820 5 15 45
T 3821 1 0 6 0
E 3821 0 -6 -20
E 3821 1 -6 -20
E 3821 2 -6 -20
E 3821 3 -6 -20
E 3821 4 -6 -20
E 3821 5 9 28
T 3822 18 0 1 0
E 3822 5 15 45
T 3823 7 0 6 0
E 3823 0 -8 -26
E 3823 1 -8 -26
E 3823 2 -8 -26
E 3823 3 -8 -26
E 3823 4 -8 -26
E 3823 5 7 22
T 3824 12 0 1 0
E 3824 5 18 54
T 3825 23 0 1 0
E 3825 5 12 37
T 3826 11 0 6 0
E 3826 0 -9 -27
E 3826 1 -9 -27
E 3826 2 -9 -27
E 3826 3 -9 -27
E 3826 4 -9 -27
E 3826 5 7 21
T 3827 8 0 1 0
E 3827 5 20 60
T 3828 21 0 1 0
E 3828 5 13 40
T 3829 8 0 6 0
E 3829 0 -8 -25
E 3829 1 -8 -25
E 3829 2 -8 -25
E 3829 3 -8 -25
E 3829 4 -8 -25
E 3829 5 7 23
T 3830 27 0 6 0
E 3830 0 4 13
E 3830 1 4 13
E 3830 2 4 13
E 3830 3 4 13
E 3830 4 4 13
E 3830 5 20 61
T 3831 8 0 6 0
E 3831 0 -8 -25
E 3831 1 -8 -25
E 3831 2 -8 -25
E 3831 3 -8 -25
E 3831 4 -8 -25
E 3831 5 7 23
T 3832 12 0 1 0
E 3832 5 17 53
T 3833 21 0 1 0
E 3833 5 13 40
T 3834 7 0 6 0
E 3834 0 -8 -26
E 3834 1 -8 -26
E 3834 2 -8 -26
E 3834 3 -8 -26
E 3834 4 -8 -26
E 3834 5 7 22
T 3835 16 0 1 0
E 3835 5 16 48
T 3836 1 0 6 0
E 3836 0 -5 -16
E 3836 1 -5 -16
E 3836 2 -5 -16
E 3836 3 -5 -16
E 3836 4 -5 -16
E 3836 5 10 32
T 3837 18 0 1 0
E 3837 5 15 45
T 3838 2 0 6 0
E 3838 0 -5 -17
E 3838 1 -5 -17
E 3838 2 -5 -17
E 3838 3 -5 -17
E 3838 4 -5 -17
E 3838 5 10 31
T 3839 19 0 1 0
E 3839 5 14 43
T 3840 19 0 6 0
E 3840 0 7 23
E 3840 1 7 23
E 3840 2 7 23
E 3840 3 7 23
E 3840 4 7 23
E 3840 5 7 23
T 3841 17 0 6 0
E 3841 0 -6 -20
E 3841 1 -6 -20
E 3841 2 -6 -20
E 3841 3 -6 -20
E 3841 4 -6 -20
E 3841 5 -7 -23
T 3842 6 0 5 0
E 3842 0 4 14
E 3842 1 4 14
E 3842 2 4 14
E 3842 3 4 14
E 3842 4 4 14
T 3843 4 0 1 0
E 3843 5 -6 -19
T 3844 4 0 1 0
E 3844 5 -4 -13
T 3845 12 0 0 0
T 3846 7 0 0 0
T 3847 10 0 0 0
T 3848 15 0 1 0
E 3848 5 -4 -14
T 3849 2 0 6 0
E 3849 0 4 13
E 3849 1 4 13
E 3849 2 4 13
E 3849 3 4 13
E 3849 4 4 13
E 3849 5 -5 -16
T 3850 8 0 1 0
E 3850 5 -11 -35
T 3851 14 0 1 0
E 3851 5 -10 -31
T 3852 2 0 6 0
E 3852 0 4 14
E 3852 1 4 14
E 3852 2 4 14
E 3852 3 4 14
E 3852 4 4 14
E 3852 5 -8 -24
T 3853 19 0 1 0
E 3853 5 -10 -32
T 3854 8 0 6 0
E 3854 0 8 26
E 3854 1 8 26
E 3854 2 8 26
E 3854 3 8 26
E 3854 4 8 26
E 3854 5 -6 -19
T 3855 8 0 1 0
E 3855 5 -19 -59
T 3856 19 0 1 0
E 3856 5 -16 -48
T 3857 9 0 6 0
E 3857 0 9 27
E 3857 1 9 27
E 3857 2 9 27
E 3857 3 9 27
E 3857 4 9 27
E 3857 5 -9 -27
T 3858 17 0 1 0
E 3858 5 -19 -59
T 3859 3 0 6 0
E 3859 0 6 20
E 3859 1 6 20
E 3859 2 6 20
E 3859 3 6 20
E 3859 4 6 20
E 3859 5 -13 -41
T 3860 26 0 1 0
E 3860 5 -19 -57
T 3861 1 0 6 0
E 3861 0 8 25
E 3861 1 8 25
E 3861 2 8 25
E 3861 3 8 25
E 3861 4 8 25
E 3861 5 -14 -42
T 3862 20 0 1 0
E 3862 5 -25 -75
T 3863 6 0 6 0
E 3863 0 6 18
E 3863 1 6 18
E 3863 2 6 18
E 3863 3 6 18
E 3863 4 6 18
E 3863 5 -18 -55
T 3864 29 0 1 0
E 3864 5 -23 -71
T 3865 7 0 6 0
E 3865 0 11 33
E 3865 1 11 33
E 3865 2 11 33
E 3865 3 11 33
E 3865 4 11 33
E 3865 5 -15 -47
T 3866 25 0 1 0
E 3866 5 -28 -86
T 3867 1 0 6 0
E 3867 0 9 27
E 3867 1 9 27
E 3867 2 9 27
E 3867 3 9 27
E 3867 4 9 27
E 3867 5 -19 -59
T 3868 31 0 1 0
E 3868 5 -28 -86
T 3869 4 0 6 0
E 3869 0 9 27
E 3869 1 9 27
E 3869 2 9 27
E 3869 3 9 27
E 3869 4 9 27
E 3869 5 -22 -66
T 3870 18 0 1 0
E 3870 5 -15 -45
T 3871 4 0 6 0
E 3871 0 7 23
E 3871 1 7 23
E 3871 2 7 23
E 3871 3 7 23
E 3871 4 7 23
E 3871 5 -8 -25
T 3872 18 0 1 0
E 3872 5 -14 -44
T 3873 1 0 6 0
E 3873 0 5 15
E 3873 1 5 15
E 3873 2 5 15
E 3873 3 5 15
E 3873 4 5 15
E 3873 5 -11 -33
T 3874 17 0 1 0
E 3874 5 -15 -46
T 3875 1 0 6 0
E 3875 0 5 15
E 3875 1 5 15
E 3875 2 5 15
E 3875 3 5 15
E 3875 4 5 15
E 3875 5 -11 -33
T 3876 16 0 1 0
E 3876 5 -16 -48
T 3877 4 0 6 0
E 3877 0 7 23
E 3877 1 7 23
E 3877 2 7 23
E 3877 3 7 23
E 3877 4 7 23
E 3877 5 -8 -25
T 3878 10 0 1 0
E 3878 5 -18 -56
T 3879 22 0 1 0
E 3879 5 -13 -39
T 3880 11 0 6 0
E 3880 0 9 27
E 3880 1 9 27
E 3880 2 9 27
E 3880 3 9 27
E 3880 4 9 27
E 3880 5 -7 -21
T 3881 26 0 6 0
E 3881 0 -4 -14
E 3881 1 -4 -14
E 3881 2 -4 -14
E 3881 3 -4 -14
E 3881 4 -4 -14
E 3881 5 -20 -62
T 3882 11 0 6 0
E 3882 0 9 27
E 3882 1 9 27
E 3882 2 9 27
E 3882 3 9 27
E 3882 4 9 27
E 3882 5 -7 -21
T 3883 8 0 1 0
E 3883 5 -19 -59
T 3884 5 0 6 0
E 3884 0 4 14
E 3884 1 4 14
E 3884 2 4 14
E 3884 3 4 14
E 3884 4 4 14
E 3884 5 -11 -34
T 3885 18 0 1 0
E 3885 5 -15 -45
T 3886 5 0 6 0
E 3886 0 4 14
E 3886 1 4 14
E 3886 2 4 14
E 3886 3 4 14
E 3886 4 4 14
E 3886 5 -11 -34
T 3887 19 0 1 0
E 3887 5 -14 -43
T 3888 7 0 6 0
E 3888 0 8 26
E 3888 1 8 26
E 3888 2 8 26
E 3888 3 8 26
E 3888 4 8 26
E 3888 5 -7 -22
T 3889 15 0 1 0
E 3889 5 -16 -49
T 3890 23 0 1 0
E 3890 5 -12 -37
T 3891 2 0 6 0
E 3891 0 6 19
E 3891 1 6 19
E 3891 2 6 19
E 3891 3 6 19
E 3891 4 6 19
E 3891 5 -9 -29
T 3892 18 0 1 0
E 3892 5 -14 -44
T 3893 1 0 6 0
E 3893 0 5 16
E 3893 1 5 16
E 3893 2 5 16
E 3893 3 5 16
E 3893 4 5 16
E 3893 5 -10 -32
T 3894 18 0 1 0
E 3894 5 -15 -45
T 3895 7 0 6 0
E 3895 0 8 26
E 3895 1 8 26
E 3895 2 8 26
E 3895 3 8 26
E 3895 4 8 26
E 3895 5 -7 -22
T 3896 13 0 1 0
E 3896 5 -17 -52
T 3897 24 0 1 0
E 3897 5 -12 -36
T 3898 11 0 6 0
E 3898 0 9 28
E 3898 1 9 28
E 3898 2 9 28
E 3898 3 9 28
E 3898 4 9 28
E 3898 5 -6 -20
T 3899 13 0 1 0
E 3899 5 -17 -52
T 3900 2 0 6 0
E 3900 0 6 18
E 3900 1 6 18
E 3900 2 6 18
E 3900 3 6 18
E 3900 4 6 18
E 3900 5 -10 -30
T 3901 13 0 1 0
E 3901 5 -17 -52
T 3902 1 0 6 0
E 3902 0 6 20
E 3902 1 6 20
E 3902 2 6 20
E 3902 3 6 20
E 3902 4 6 20
E 3902 5 -9 -28
T 3903 20 0 1 0
E 3903 5 -14 -42
T 3904 8 0 6 0
E 3904 0 8 25
E 3904 1 8 25
E 3904 2 8 25
E 3904 3 8 25
E 3904 4 8 25
E 3904 5 -7 -23
T 3905 10 0 1 0
E 3905 5 -18 -56
T 3906 22 0 1 0
E 3906 5 -13 -39
T 3907 2 0 6 0
E 3907 0 6 18
E 3907 1 6 18
E 3907 2 6 18
E 3907 3 6 18
E 3907 4 6 18
E 3907 5 -10 -30
T 3908 16 0 1 0
E 3908 5 -15 -47
T 3909 2 0 6 0
E 3909 0 6 18
E 3909 1 6 18
E 3909 2 6 18
E 3909 3 6 18
E 3909 4 6 18
E 3909 5 -10 -30
T 3910 17 0 1 0
E 3910 5 -15 -46
T 3911 2 0 6 0
E 3911 0 5 17
E 3911 1 5 17
E 3911 2 5 17
E 3911 3 5 17
E 3911 4 5 17
E 3911 5 -10 -31
T 3912 19 0 1 0
E 3912 5 -14 -43
T 3913 5 0 6 0
E 3913 0 4 14
E 3913 1 4 14
E 3913 2 4 14
E 3913 3 4 14
E 3913 4 4 14
E 3913 5 -11 -34
T 3914 19 0 1 0
E 3914 5 -14 -43
T 3915 1 0 6 0
E 3915 0 5 16
E 3915 1 5 16
E 3915 2 5 16
E 3915 3 5 16
E 3915 4 5 16
E 3915 5 -10 -32
T 3916 16 0 1 0
E 3916 5 -16 -48
T 3917 4 0 6 0
E 3917 0 7 23
E 3917 1 7 23
E 3917 2 7 23
E 3917 3 7 23
E 3917 4 7 23
E 3917 5 -8 -25
T 3918 12 0 1 0
E 3918 5 -17 -53
T 3919 24 0 1 0
E 3919 5 -12 -36
T 3920 1 0 6 0
E 3920 0 6 20
E 3920 1 6 20
E 3920 2 6 20
E 3920 3 6 20
E 3920 4 6 20
E 3920 5 -9 -28
T 3921 13 0 1 0
E 3921 5 -17 -52
T 3922 1 0 6 0
E 3922 0 5 16
E 3922 1 5 16
E 3922 2 5 16
E 3922 3 5 16
E 3922 4 5 16
E 3922 5 -10 -32
T 3923 21 0 1 0
E 3923 5 -13 -40
T 3924 11 0 6 0
E 3924 0 9 28
E 3924 1 9 28
E 3924 2 9 28
E 3924 3 9 28
E 3924 4 9 28
E 3924 5 -6 -20
T 3925 8 0 1 0
E 3925 5 -20 -60
T 3926 24 0 1 0
E 3926 5 -12 -36
T 3927 10 0 6 0
E 3927 0 9 29
E 3927 1 9 29
E 3927 2 9 29
E 3927 3 9 29
E 3927 4 9 29
E 3927 5 -6 -19
T 3928 8 0 1 0
E 3928 5 -20 -60
T 3929 4 0 6 0
E 3929 0 4 13
E 3929 1 4 13
E 3929 2 4 13
E 3929 3 4 13
E 3929 4 4 13
E 3929 5 -11 -35
T 3930 16 0 1 0
E 3930 5 -16 -48
T 3931 5 0 6 0
E 3931 0 4 14
E 3931 1 4 14
E 3931 2 4 14
E 3931 3 4 14
E 3931 4 4 14
E 3931 5 -11 -34
T 3932 4 0 6 0
E 3932 0 4 13
E 3932 1 4 13
E 3932 2 4 13
E 3932 3 4 13
E 3932 4 4 13
E 3932 5 -11 -35
T 3933 16 0 1 0
E 3933 5 -15 -47
T 3934 4 0 6 0
E 3934 0 4 13
E 3934 1 4 13
E 3934 2 4 13
E 3934 3 4 13
E 3934 4 4 13
E 3934 5 -11 -35
T 3935 20 0 1 0
E 3935 5 -13 -41
T 3936 8 0 6 0
E 3936 0 8 24
E 3936 1 8 24
E 3936 2 8 24
E 3936 3 8 24
E 3936 4 8 24
E 3936 5 -8 -24
T 3937 13 0 1 0
E 3937 5 -16 -48
T 3938 0 0 6 0
E 3938 0 5 17
E 3938 1 5 17
E 3938 2 5 17
E 3938 3 5 17
E 3938 4 5 17
E 3938 5 -8 -26
T 3939 14 0 1 0
E 3939 5 -12 -38
T 3940 5 0 6 0
E 3940 0 6 19
E 3940 1 6 19
E 3940 2 6 19
E 3940 3 6 19
E 3940 4 6 19
E 3940 5 -6 -18
T 3941 9 0 1 0
E 3941 5 -12 -38
T 3942 15 0 1 0
E 3942 5 -8 -25
T 3943 5 0 6 0
E 3943 0 5 15
E 3943 1 5 15
E 3943 2 5 15
E 3943 3 5 15
E 3943 4 5 15
E 3943 5 -5 -15
T 3944 4 0 1 0
E 3944 5 -11 -34
T 3945 10 0 1 0
E 3945 5 -6 -20
T 3946 12 0 1 0
E 3946 5 -5 -15
T 3947 9 0 5 0
E 3947 0 5 16
E 3947 1 5 16
E 3947 2 5 16
E 3947 3 5 16
E 3947 4 5 16
T 3948 1 0 1 0
E 3948 5 -9 -27
T 3949 1 0 1 0
E 3949 5 -6 -19
T 3950 1 0 0 0
T 3951 3 0 0 0
T 3952 4 0 1 0
E 3952 5 -4 -14
T 3953 4 0 0 0
T 3954 11 0 0 0
T 3955 7 0 5 0
E 3955 0 -4 -13
E 3955 1 -4 -13
E 3955 2 -4 -13
E 3955 3 -4 -13
E 3955 4 -4 -13
T 3956 2 0 0 0
T 3957 3 0 0 0
T 3958 5 0 0 0
T 3959 11 0 0 0
T 3960 8 0 0 0
T 3961 6 0 5 0
E 3961 0 -4 -14
E 3961 1 -4 -14
E 3961 2 -4 -14
E 3961 3 -4 -14
E 3961 4 -4 -14
T 3962 2 0 1 0
E 3962 5 9 27
T 3963 9 0 1 0
E 3963 5 6 19
T 3964 12 0 1 0
E 3964 5 6 19
T 3965 11 0 5 0
E 3965 0 -6 -19
E 3965 1 -6 -19
E 3965 2 -6 -19
E 3965 3 -6 -19
E 3965 4 -6 -19
T 3966 20 0 6 0
E 3966 0 4 14
E 3966 1 4 14
E 3966 2 4 14
E 3966 3 4 14
E 3966 4 4 14
E 3966 5 14 44
T 3967 18 0 5 0
E 3967 0 -9 -27
E 3967 1 -9 -27
E 3967 2 -9 -27
E 3967 3 -9 -27
E 3967 4 -9 -27
T 3968 21 0 6 0
E 3968 0 4 13
E 3968 1 4 13
E 3968 2 4 13
E 3968 3 4 13
E 3968 4 4 13
E 3968 5 14 43
T 3969 12 0 5 0
E 3969 0 -6 -18
E 3969 1 -6 -18
E 3969 2 -6 -18
E 3969 3 -6 -18
E 3969 4 -6 -18
T 3970 20 0 6 0
E 3970 0 4 14
E 3970 1 4 14
E 3970 2 4 14
E 3970 3 4 14
E 3970 4 4 14
E 3970 5 14 44
T 3971 16 0 5 0
E 3971 0 -8 -24
E 3971 1 -8 -24
E 3971 2 -8 -24
E 3971 3 -8 -24
E 3971 4 -8 -24
T 3972 27 0 6 0
E 3972 0 6 19
E 3972 1 6 19
E 3972 2 6 19
E 3972 3 6 19
E 3972 4 6 19
E 3972 5 16 49
T 3973 20 0 5 0
E 3973 0 -10 -30
E 3973 1 -10 -30
E 3973 2 -10 -30
E 3973 3 -10 -30
E 3973 4 -10 -30
T 3974 34 0 6 0
E 3974 0 8 24
E 3974 1 8 24
E 3974 2 8 24
E 3974 3 8 24
E 3974 4 8 24
E 3974 5 18 54
T 3975 24 0 5 0
E 3975 0 -12 -36
E 3975 1 -12 -36
E 3975 2 -12 -36
E 3975 3 -12 -36
E 3975 4 -12 -36
T 3976 30 0 6 0
E 3976 0 7 22
E 3976 1 7 22
E 3976 2 7 22
E 3976 3 7 22
E 3976 4 7 22
E 3976 5 17 52
T 3977 17 0 5 0
E 3977 0 -9 -28
E 3977 1 -9 -28
E 3977 2 -9 -28
E 3977 3 -9 -28
E 3977 4 -9 -28
T 3978 2 0 1 0
E 3978 5 13 41
T 3979 13 0 1 0
E 3979 5 8 25
T 3980 16 0 1 0
E 3980 5 6 20
T 3981 13 0 5 0
E 3981 0 -7 -22
E 3981 1 -7 -22
E 3981 2 -7 -22
E 3981 3 -7 -22
E 3981 4 -7 -22
T 3982 3 0 1 0
E 3982 5 13 40
T 3983 16 0 1 0
E 3983 5 6 20
T 3984 17 0 1 0
E 3984 5 6 19
T 3985 16 0 5 0
E 3985 0 -8 -24
E 3985 1 -8 -24
E 3985 2 -8 -24
E 3985 3 -8 -24
E 3985 4 -8 -24
T 3986 27 0 6 0
E 3986 0 6 19
E 3986 1 6 19
E 3986 2 6 19
E 3986 3 6 19
E 3986 4 6 19
E 3986 5 16 50
T 3987 18 0 5 0
E 3987 0 -10 -32
E 3987 1 -10 -32
E 3987 2 -10 -32
E 3987 3 -10 -32
E 3987 4 -10 -32
T 3988 4 0 1 0
E 3988 5 14 42
T 3989 14 0 1 0
E 3989 5 9 28
T 3990 0 0 6 0
E 3990 0 -4 -14
E 3990 1 -4 -14
E 3990 2 -4 -14
E 3990 3 -4 -14
E 3990 4 -4 -14
E 3990 5 6 19
T 3991 10 0 1 0
E 3991 5 12 36
T 3992 16 0 1 0
E 3992 5 9 27
T 3993 2 0 6 0
E 3993 0 -5 -17
E 3993 1 -5 -17
E 3993 2 -5 -17
E 3993 3 -5 -17
E 3993 4 -5 -17
E 3993 5 6 18
T 3994 9 0 1 0
E 3994 5 13 40
T 3995 16 0 1 0
E 3995 5 10 30
T 3996 1 0 6 0
E 3996 0 -4 -14
E 3996 1 -4 -14
E 3996 2 -4 -14
E 3996 3 -4 -14
E 3996 4 -4 -14
E 3996 5 7 23
T 3997 15 0 1 0
E 3997 5 10 32
T 3998 6 0 6 0
E 3998 0 -6 -18
E 3998 1 -6 -18
E 3998 2 -6 -18
E 3998 3 -6 -18
E 3998 4 -6 -18
E 3998 5 6 20
T 3999 7 0 1 0
E 3999 5 16 48
T 4000 1 0 6 0
E 4000 0 -4 -13
E 4000 1 -4 -13
E 4000 2 -4 -13
E 4000 3 -4 -13
E 4000 4 -4 -13
E 4000 5 8 26
T 4001 18 0 1 0
E 4001 5 10 32
T 4002 2 0 6 0
E 4002 0 -5 -15
E 4002 1 -5 -15
E 4002 2 -5 -15
E 4002 3 -5 -15
E 4002 4 -5 -15
E 4002 5 8 25
T 4003 10 0 1 0
E 4003 5 15 46
T 4004 0 0 6 0
E 4004 0 -5 -17
E 4004 1 -5 -17
E 4004 2 -5 -17
E 4004 3 -5 -17
E 4004 4 -5 -17
E 4004 5 8 25
T 4005 17 0 1 0
E 4005 5 12 37
T 4006 3 0 6 0
E 4006 0 -6 -20
E 4006 1 -6 -20
E 4006 2 -6 -20
E 4006 3 -6 -20
E 4006 4 -6 -20
E 4006 5 7 23
T 4007 9 0 1 0
E 4007 5 17 51
T 4008 22 0 1 0
E 4008 5 11 33
T 4009 9 0 6 0
E 4009 0 -8 -25
E 4009 1 -8 -25
E 4009 2 -8 -25
E 4009 3 -8 -25
E 4009 4 -8 -25
E 4009 5 6 20
T 4010 7 0 1 0
E 4010 5 18 56
T 4011 0 0 6 0
E 4011 0 -5 -15
E 4011 1 -5 -15
E 4011 2 -5 -15
E 4011 3 -5 -15
E 4011 4 -5 -15
E 4011 5 10 31
T 4012 14 0 1 0
E 4012 5 15 47
T 4013 0 0 6 0
E 4013 0 -5 -15
E 4013 1 -5 -15
E 4013 2 -5 -15
E 4013 3 -5 -15
E 4013 4 -5 -15
E 4013 5 10 32
T 4014 16 0 1 0
E 4014 5 15 47
T 4015 4 0 6 0
E 4015 0 -4 -13
E 4015 1 -4 -13
E 4015 2 -4 -13
E 4015 3 -4 -13
E 4015 4 -4 -13
E 4015 5 11 35
T 4016 18 0 1 0
E 4016 5 14 44
T 4017 4 0 6 0
E 4017 0 -4 -13
E 4017 1 -4 -13
E 4017 2 -4 -13
E 4017 3 -4 -13
E 4017 4 -4 -13
E 4017 5 11 35
T 4018 20 0 1 0
E 4018 5 14 42
T 4019 2 0 6 0
E 4019 0 -5 -17
E 4019 1 -5 -17
E 4019 2 -5 -17
E 4019 3 -5 -17
E 4019 4 -5 -17
E 4019 5 10 31
T 4020 17 0 1 0
E 4020 5 15 46
T 4021 2 0 6 0
E 4021 0 -6 -19
E 4021 1 -6 -19
E 4021 2 -6 -19
E 4021 3 -6 -19
E 4021 4 -6 -19
E 4021 5 9 29
T 4022 18 0 1 0
E 4022 5 15 45
T 4023 5 0 6 0
E 4023 0 -4 -14
E 4023 1 -4 -14
E 4023 2 -4 -14
E 4023 3 -4 -14
E 4023 4 -4 -14
E 4023 5 11 34
T 4024 18 0 1 0
E 4024 5 14 44
T 4025 1 0 6 0
E 4025 0 -6 -20
E 4025 1 -6 -20
E 4025 2 -6 -20
E 4025 3 -6 -20
E 4025 4 -6 -20
E 4025 5 9 28
T 4026 20 0 1 0
E 4026 5 14 42
T 4027 4 0 6 0
E 4027 0 -7 -23
E 4027 1 -7 -23
E 4027 2 -7 -23
E 4027 3 -7 -23
E 4027 4 -7 -23
E 4027 5 8 25
T 4028 17 0 1 0
E 4028 5 15 46
T 4029 8 0 6 0
E 4029 0 -8 -25
E 4029 1 -8 -25
E 4029 2 -8 -25
E 4029 3 -8 -25
E 4029 4 -8 -25
E 4029 5 7 23
T 4030 13 0 1 0
E 4030 5 17 52
T 4031 23 0 1 0
E 4031 5 12 37
T 4032 11 0 6 0
E 4032 0 -9 -27
E 4032 1 -9 -27
E 4032 2 -9 -27
E 4032 3 -9 -27
E 4032 4 -9 -27
E 4032 5 7 21
T 4033 8 0 1 0
E 4033 5 20 60
T 4034 4 0 6 0
E 4034 0 -4 -13
E 4034 1 -4 -13
E 4034 2 -4 -13
E 4034 3 -4 -13
E 4034 4 -4 -13
E 4034 5 11 35
T 4035 18 0 1 0
E 4035 5 14 44
T 4036 8 0 6 0
E 4036 0 -8 -25
E 4036 1 -8 -25
E 4036 2 -8 -25
E 4036 3 -8 -25
E 4036 4 -8 -25
E 4036 5 7 23
T 4037 12 0 1 0
E 4037 5 18 54
T 4038 2 0 6 0
E 4038 0 -5 -17
E 4038 1 -5 -17
E 4038 2 -5 -17
E 4038 3 -5 -17
E 4038 4 -5 -17
E 4038 5 10 31
T 4039 22 0 1 0
E 4039 5 12 38
T 4040 8 0 6 0
E 4040 0 -8 -25
E 4040 1 -8 -25
E 4040 2 -8 -25
E 4040 3 -8 -25
E 4040 4 -8 -25
E 4040 5 7 23
T 4041 10 0 1 0
E 4041 5 18 56
T 4042 1 0 6 0
E 4042 0 -5 -15
E 4042 1 -5 -15
E 4042 2 -5 -15
E 4042 3 -5 -15
E 4042 4 -5 -15
E 4042 5 11 33
T 4043 17 0 1 0
E 4043 5 15 46
T 4044 5 0 6 0
E 4044 0 -7 -22
E 4044 1 -7 -22
E 4044 2 -7 -22
E 4044 3 -7 -22
E 4044 4 -7 -22
E 4044 5 8 26
T 4045 10 0 1 0
E 4045 5 18 56
T 4046 22 0 1 0
E 4046 5 13 39
T 4047 4 0 6 0
E 4047 0 -7 -23
E 4047 1 -7 -23
E 4047 2 -7 -23
E 4047 3 -7 -23
E 4047 4 -7 -23
E 4047 5 8 25
T 4048 14 0 1 0
E 4048 5 16 50
T 4049 24 0 1 0
E 4049 5 12 36
T 4050 5 0 6 0
E 4050 0 -7 -21
E 4050 1 -7 -21
E 4050 2 -7 -21
E 4050 3 -7 -21
E 4050 4 -7 -21
E 4050 5 9 27
T 4051 16 0 1 0
E 4051 5 15 47
T 4052 2 0 6 0
E 4052 0 -5 -17
E 4052 1 -5 -17
E 4052 2 -5 -17
E 4052 3 -5 -17
E 4052 4 -5 -17
E 4052 5 10 31
T 4053 20 0 1 0
E 4053 5 13 41
T 4054 2 0 6 0
E 4054 0 -5 -17
E 4054 1 -5 -17
E 4054 2 -5 -17
E 4054 3 -5 -17
E 4054 4 -5 -17
E 4054 5 10 31
T 4055 20 0 1 0
E 4055 5 14 42
T 4056 5 0 6 0
E 4056 0 -7 -22
E 4056 1 -7 -22
E 4056 2 -7 -22
E 4056 3 -7 -22
E 4056 4 -7 -22
E 4056 5 8 26
T 4057 10 0 1 0
E 4057 5 19 57
T 4058 23 0 1 0
E 4058 5 12 37
T 4059 11 0 6 0
E 4059 0 -9 -27
E 4059 1 -9 -27
E 4059 2 -9 -27
E 4059 3 -9 -27
E 4059 4 -9 -27
E 4059 5 7 21
T 4060 13 0 1 0
E 4060 5 17 52
T 4061 22 0 1 0
E 4061 5 12 38
T 4062 5 0 6 0
E 4062 0 -7 -22
E 4062 1 -7 -22
E 4062 2 -7 -22
E 4062 3 -7 -22
E 4062 4 -7 -22
E 4062 5 8 26
T 4063 15 0 1 0
E 4063 5 16 49
T 4064 2 0 6 0
E 4064 0 -6 -19
E 4064 1 -6 -19
E 4064 2 -6 -19
E 4064 3 -6 -19
E 4064 4 -6 -19
E 4064 5 9 29
T 4065 17 0 1 0
E 4065 5 15 46
T 4066 5 0 6 0
E 4066 0 -7 -21
E 4066 1 -7 -21
E 4066 2 -7 -21
E 4066 3 -7 -21
E 4066 4 -7 -21
E 4066 5 9 27
T 4067 11 0 1 0
E 4067 5 18 55
T 4068 1 0 6 0
E 4068 0 -5 -16
E 4068 1 -5 -16
E 4068 2 -5 -16
E 4068 3 -5 -16
E 4068 4 -5 -16
E 4068 5 10 32
T 4069 20 0 1 0
E 4069 5 14 42
T 4070 7 0 6 0
E 4070 0 -8 -26
E 4070 1 -8 -26
E 4070 2 -8 -26
E 4070 3 -8 -26
E 4070 4 -8 -26
E 4070 5 7 22
T 4071 14 0 1 0
E 4071 5 17 51
T 4072 5 0 6 0
E 4072 0 -4 -14
E 4072 1 -4 -14
E 4072 2 -4 -14
E 4072 3 -4 -14
E 4072 4 -4 -14
E 4072 5 11 34
T 4073 20 0 1 0
E 4073 5 14 42
T 4074 7 0 6 0
E 4074 0 -8 -26
E 4074 1 -8 -26
E 4074 2 -8 -26
E 4074 3 -8 -26
E 4074 4 -8 -26
E 4074 5 7 22
T 4075 9 0 1 0
E 4075 5 19 58
T 4076 22 0 1 0
E 4076 5 12 38
T 4077 11 0 6 0
E 4077 0 -9 -27
E 4077 1 -9 -27
E 4077 2 -9 -27
E 4077 3 -9 -27
E 4077 4 -9 -27
E 4077 5 7 21
T 4078 12 0 1 0
E 4078 5 17 53
T 4079 23 0 1 0
E 4079 5 12 37
T 4080 22 0 6 0
E 4080 0 8 26
E 4080 1 8 26
E 4080 2 8 26
E 4080 3 8 26
E 4080 4 8 26
E 4080 5 8 26
T 4081 24 0 6 0
E 4081 0 -8 -25
E 4081 1 -8 -25
E 4081 2 -8 -25
E 4081 3 -8 -25
E 4081 4 -8 -25
E 4081 5 -9 -28
T 4082 26 0 6 0
E 4082 0 10 32
E 4082 1 10 32
E 4082 2 10 32
E 4082 3 10 32
E 4082 4 10 32
E 4082 5 8 26
T 4083 32 0 6 0
E 4083 0 -10 -31
E 4083 1 -10 -31
E 4083 2 -10 -31
E 4083 3 -10 -31
E 4083 4 -10 -31
E 4083 5 -13 -40
T 4084 31 0 6 0
E 4084 0 12 36
E 4084 1 12 36
E 4084 2 12 36
E 4084 3 12 36
E 4084 4 12 36
E 4084 5 7 23
T 4085 37 0 6 0
E 4085 0 -11 -35
E 4085 1 -11 -35
E 4085 2 -11 -35
E 4085 3 -11 -35
E 4085 4 -11 -35
E 4085 5 -17 -51
T 4086 31 0 6 0
E 4086 0 13 41
E 4086 1 13 41
E 4086 2 13 41
E 4086 3 13 41
E 4086 4 13 41
E 4086 5 7 22
T 4087 33 0 6 0
E 4087 0 -9 -28
E 4087 1 -9 -28
E 4087 2 -9 -28
E 4087 3 -9 -28
E 4087 4 -9 -28
E 4087 5 -16 -50
T 4088 22 0 5 0
E 4088 0 11 33
E 4088 1 11 33
E 4088 2 11 33
E 4088 3 11 33
E 4088 4 11 33
T 4089 26 0 6 0
E 4089 0 -6 -20
E 4089 1 -6 -20
E 4089 2 -6 -20
E 4089 3 -6 -20
E 4089 4 -6 -20
E 4089 5 -16 -49
T 4090 15 0 5 0
E 4090 0 8 25
E 4090 1 8 25
E 4090 2 8 25
E 4090 3 8 25
E 4090 4 8 25
T 4091 29 0 6 0
E 4091 0 -6 -19
E 4091 1 -6 -19
E 4091 2 -6 -19
E 4091 3 -6 -19
E 4091 4 -6 -19
E 4091 5 -18 -54
T 4092 17 0 5 0
E 4092 0 9 28
E 4092 1 9 28
E 4092 2 9 28
E 4092 3 9 28
E 4092 4 9 28
T 4093 31 0 6 0
E 4093 0 -6 -18
E 4093 1 -6 -18
E 4093 2 -6 -18
E 4093 3 -6 -18
E 4093 4 -6 -18
E 4093 5 -19 -59
T 4094 15 0 6 0
E 4094 0 10 30
E 4094 1 10 30
E 4094 2 10 30
E 4094 3 10 30
E 4094 4 10 30
E 4094 5 -5 -15
T 4095 29 0 6 0
E 4095 0 -5 -17
E 4095 1 -5 -17
E 4095 2 -5 -17
E 4095 3 -5 -17
E 4095 4 -5 -17
E 4095 5 -21 -65
T 4096 12 0 6 0
E 4096 0 10 32
E 4096 1 10 32
E 4096 2 10 32
E 4096 3 10 32
E 4096 4 10 32
E 4096 5 -6 -19
T 4097 12 0 1 0
E 4097 5 -20 -62
T 4098 25 0 1 0
E 4098 5 -15 -47
T 4099 7 0 6 0
E 4099 0 9 27
E 4099 1 9 27
E 4099 2 9 27
E 4099 3 9 27
E 4099 4 9 27
E 4099 5 -11 -34
T 4100 18 0 1 0
E 4100 5 -23 -69
T 4101 8 0 6 0
E 4101 0 5 17
E 4101 1 5 17
E 4101 2 5 17
E 4101 3 5 17
E 4101 4 5 17
E 4101 5 -16 -50
T 4102 9 0 6 0
E 4102 0 5 16
E 4102 1 5 16
E 4102 2 5 16
E 4102 3 5 16
E 4102 4 5 16
E 4102 5 -18 -54
T 4103 28 0 1 0
E 4103 5 -22 -67
T 4104 4 0 6 0
E 4104 0 10 31
E 4104 1 10 31
E 4104 2 10 31
E 4104 3 10 31
E 4104 4 10 31
E 4104 5 -15 -46
T 4105 23 0 1 0
E 4105 5 -28 -85
T 4106 5 0 6 0
E 4106 0 8 26
E 4106 1 8 26
E 4106 2 8 26
E 4106 3 8 26
E 4106 4 8 26
E 4106 5 -19 -57
T 4107 34 0 1 0
E 4107 5 -25 -77
T 4108 4 0 6 0
E 4108 0 11 33
E 4108 1 11 33
E 4108 2 11 33
E 4108 3 11 33
E 4108 4 11 33
E 4108 5 -18 -56
T 4109 31 0 1 0
E 4109 5 -31 -93
T 4110 22 0 5 0
E 4110 0 12 38
E 4110 1 12 38
E 4110 2 12 38
E 4110 3 12 38
E 4110 4 12 38
T 4111 38 0 6 0
E 4111 0 -8 -26
E 4111 1 -8 -26
E 4111 2 -8 -26
E 4111 3 -8 -26
E 4111 4 -8 -26
E 4111 5 -24 -74
T 4112 27 0 5 0
E 4112 0 14 43
E 4112 1 14 43
E 4112 2 14 43
E 4112 3 14 43
E 4112 4 14 43
T 4113 42 0 6 0
E 4113 0 -9 -28
E 4113 1 -9 -28
E 4113 2 -9 -28
E 4113 3 -9 -28
E 4113 4 -9 -28
E 4113 5 -25 -76
T 4114 26 0 5 0
E 4114 0 14 44
E 4114 1 14 44
E 4114 2 14 44
E 4114 3 14 44
E 4114 4 14 44
T 4115 41 0 6 0
E 4115 0 -9 -29
E 4115 1 -9 -29
E 4115 2 -9 -29
E 4115 3 -9 -29
E 4115 4 -9 -29
E 4115 5 -25 -77
T 4116 24 0 5 0
E 4116 0 13 41
E 4116 1 13 41
E 4116 2 13 41
E 4116 3 13 41
E 4116 4 13 41
T 4117 32 0 6 0
E 4117 0 -6 -20
E 4117 1 -6 -20
E 4117 2 -6 -20
E 4117 3 -6 -20
E 4117 4 -6 -20
E 4117 5 -22 -68
T 4118 23 0 5 0
E 4118 0 12 37
E 4118 1 12 37
E 4118 2 12 37
E 4118 3 12 37
E 4118 4 12 37
T 4119 39 0 6 0
E 4119 0 -8 -25
E 4119 1 -8 -25
E 4119 2 -8 -25
E 4119 3 -8 -25
E 4119 4 -8 -25
E 4119 5 -24 -73
T 4120 28 0 5 0
E 4120 0 15 47
E 4120 1 15 47
E 4120 2 15 47
E 4120 3 15 47
E 4120 4 15 47
T 4121 42 0 6 0
E 4121 0 -9 -28
E 4121 1 -9 -28
E 4121 2 -9 -28
E 4121 3 -9 -28
E 4121 4 -9 -28
E 4121 5 -25 -76
T 4122 32 0 5 0
E 4122 0 16 48
E 4122 1 16 48
E 4122 2 16 48
E 4122 3 16 48
E 4122 4 16 48
T 4123 42 0 6 0
E 4123 0 -9 -28
E 4123 1 -9 -28
E 4123 2 -9 -28
E 4123 3 -9 -28
E 4123 4 -9 -28
E 4123 5 -25 -76
T 4124 26 0 5 0
E 4124 0 14 44
E 4124 1 14 44
E 4124 2 14 44
E 4124 3 14 44
E 4124 4 14 44
T 4125 33 0 6 0
E 4125 0 -6 -19
E 4125 1 -6 -19
E 4125 2 -6 -19
E 4125 3 -6 -19
E 4125 4 -6 -19
E 4125 5 -22 -67
T 4126 26 0 5 0
E 4126 0 13 39
E 4126 1 13 39
E 4126 2 13 39
E 4126 3 13 39
E 4126 4 13 39
T 4127 38 0 6 0
E 4127 0 -8 -26
E 4127 1 -8 -26
E 4127 2 -8 -26
E 4127 3 -8 -26
E 4127 4 -8 -26
E 4127 5 -24 -74
T 4128 22 0 5 0
E 4128 0 12 38
E 4128 1 12 38
E 4128 2 12 38
E 4128 3 12 38
E 4128 4 12 38
T 4129 37 0 6 0
E 4129 0 -7 -21
E 4129 1 -7 -21
E 4129 2 -7 -21
E 4129 3 -7 -21
E 4129 4 -7 -21
E 4129 5 -23 -69
T 4130 26 0 5 0
E 4130 0 14 44
E 4130 1 14 44
E 4130 2 14 44
E 4130 3 14 44
E 4130 4 14 44
T 4131 38 0 6 0
E 4131 0 -8 -26
E 4131 1 -8 -26
E 4131 2 -8 -26
E 4131 3 -8 -26
E 4131 4 -8 -26
E 4131 5 -24 -74
T 4132 29 0 5 0
E 4132 0 15 46
E 4132 1 15 46
E 4132 2 15 46
E 4132 3 15 46
E 4132 4 15 46
T 4133 41 0 6 0
E 4133 0 -9 -29
E 4133 1 -9 -29
E 4133 2 -9 -29
E 4133 3 -9 -29
E 4133 4 -9 -29
E 4133 5 -25 -77
T 4134 25 0 5 0
E 4134 0 13 40
E 4134 1 13 40
E 4134 2 13 40
E 4134 3 13 40
E 4134 4 13 40
T 4135 40 0 6 0
E 4135 0 -8 -24
E 4135 1 -8 -24
E 4135 2 -8 -24
E 4135 3 -8 -24
E 4135 4 -8 -24
E 4135 5 -24 -72
T 4136 24 0 5 0
E 4136 0 13 41
E 4136 1 13 41
E 4136 2 13 41
E 4136 3 13 41
E 4136 4 13 41
T 4137 30 0 6 0
E 4137 0 -5 -16
E 4137 1 -5 -16
E 4137 2 -5 -16
E 4137 3 -5 -16
E 4137 4 -5 -16
E 4137 5 -21 -64
T 4138 17 0 6 0
E 4138 0 11 34
E 4138 1 11 34
E 4138 2 11 34
E 4138 3 11 34
E 4138 4 11 34
E 4138 5 -4 -14
T 4139 8 0 1 0
E 4139 5 -19 -59
T 4140 18 0 1 0
E 4140 5 -14 -44
T 4141 4 0 6 0
E 4141 0 7 23
E 4141 1 7 23
E 4141 2 7 23
E 4141 3 7 23
E 4141 4 7 23
E 4141 5 -8 -25
T 4142 17 0 1 0
E 4142 5 -15 -46
T 4143 5 0 6 0
E 4143 0 7 21
E 4143 1 7 21
E 4143 2 7 21
E 4143 3 7 21
E 4143 4 7 21
E 4143 5 -9 -27
T 4144 14 0 1 0
E 4144 5 -16 -50
T 4145 5 0 6 0
E 4145 0 7 22
E 4145 1 7 22
E 4145 2 7 22
E 4145 3 7 22
E 4145 4 7 22
E 4145 5 -8 -26
T 4146 16 0 1 0
E 4146 5 -15 -47
T 4147 1 0 6 0
E 4147 0 5 16
E 4147 1 5 16
E 4147 2 5 16
E 4147 3 5 16
E 4147 4 5 16
E 4147 5 -10 -32
T 4148 13 0 1 0
E 4148 5 -17 -52
T 4149 22 0 1 0
E 4149 5 -13 -39
T 4150 8 0 6 0
E 4150 0 8 24
E 4150 1 8 24
E 4150 2 8 24
E 4150 3 8 24
E 4150 4 8 24
E 4150 5 -8 -24
T 4151 8 0 1 0
E 4151 5 -20 -60
T 4152 1 0 6 0
E 4152 0 5 16
E 4152 1 5 16
E 4152 2 5 16
E 4152 3 5 16
E 4152 4 5 16
E 4152 5 -10 -32
T 4153 16 0 1 0
E 4153 5 -15 -47
T 4154 5 0 6 0
E 4154 0 4 14
E 4154 1 4 14
E 4154 2 4 14
E 4154 3 4 14
E 4154 4 4 14
E 4154 5 -11 -34
T 4155 4 0 6 0
E 4155 0 4 13
E 4155 1 4 13
E 4155 2 4 13
E 4155 3 4 13
E 4155 4 4 13
E 4155 5 -11 -35
T 4156 18 0 1 0
E 4156 5 -15 -45
T 4157 1 0 6 0
E 4157 0 5 15
E 4157 1 5 15
E 4157 2 5 15
E 4157 3 5 15
E 4157 4 5 15
E 4157 5 -11 -33
T 4158 16 0 1 0
E 4158 5 -15 -47
T 4159 2 0 6 0
E 4159 0 6 18
E 4159 1 6 18
E 4159 2 6 18
E 4159 3 6 18
E 4159 4 6 18
E 4159 5 -10 -30
T 4160 17 0 1 0
E 4160 5 -15 -46
T 4161 2 0 6 0
E 4161 0 6 19
E 4161 1 6 19
E 4161 2 6 19
E 4161 3 6 19
E 4161 4 6 19
E 4161 5 -9 -29
T 4162 16 0 1 0
E 4162 5 -15 -47
T 4163 2 0 6 0
E 4163 0 6 19
E 4163 1 6 19
E 4163 2 6 19
E 4163 3 6 19
E 4163 4 6 19
E 4163 5 -9 -29
T 4164 12 0 1 0
E 4164 5 -17 -53
T 4165 24 0 1 0
E 4165 5 -12 -36
T 4166 10 0 6 0
E 4166 0 9 29
E 4166 1 9 29
E 4166 2 9 29
E 4166 3 9 29
E 4166 4 9 29
E 4166 5 -6 -19
T 4167 9 0 1 0
E 4167 5 -19 -58
T 4168 22 0 1 0
E 4168 5 -13 -39
T 4169 14 0 6 0
E 4169 0 10 30
E 4169 1 10 30
E 4169 2 10 30
E 4169 3 10 30
E 4169 4 10 30
E 4169 5 -6 -18
T 4170 12 0 1 0
E 4170 5 -18 -54
T 4171 23 0 1 0
E 4171 5 -12 -37
T 4172 8 0 6 0
E 4172 0 8 24
E 4172 1 8 24
E 4172 2 8 24
E 4172 3 8 24
E 4172 4 8 24
E 4172 5 -8 -24
T 4173 15 0 1 0
E 4173 5 -16 -49
T 4174 4 0 6 0
E 4174 0 7 23
E 4174 1 7 23
E 4174 2 7 23
E 4174 3 7 23
E 4174 4 7 23
E 4174 5 -8 -25
T 4175 13 0 1 0
E 4175 5 -17 -52
T 4176 5 0 6 0
E 4176 0 4 14
E 4176 1 4 14
E 4176 2 4 14
E 4176 3 4 14
E 4176 4 4 14
E 4176 5 -11 -34
T 4177 20 0 1 0
E 4177 5 -12 -37
T 4178 3 0 6 0
E 4178 0 6 20
E 4178 1 6 20
E 4178 2 6 20
E 4178 3 6 20
E 4178 4 6 20
E 4178 5 -7 -23
T 4179 11 0 1 0
E 4179 5 -14 -43
T 4180 3 0 6 0
E 4180 0 5 15
E 4180 1 5 15
E 4180 2 5 15
E 4180 3 5 15
E 4180 4 5 15
E 4180 5 -7 -22
T 4181 7 0 1 0
E 4181 5 -14 -42
T 4182 17 0 1 0
E 4182 5 -7 -22
T 4183 1 0 6 0
E 4183 0 4 14
E 4183 1 4 14
E 4183 2 4 14
E 4183 3 4 14
E 4183 4 4 14
E 4183 5 -5 -16
T 4184 8 0 1 0
E 4184 5 -9 -28
T 4185 14 0 1 0
E 4185 5 -4 -14
T 4186 13 0 1 0
E 4186 5 -4 -13
T 4187 8 0 0 0
T 4188 7 0 1 0
E 4188 5 -5 -15
T 4189 11 0 0 0
T 4190 4 0 0 0
T 4191 3 0 0 0
T 4192 1 0 0 0
T 4193 6 0 0 0
T 4194 10 0 0 0
T 4195 13 0 6 0
E 4195 0 -5 -17
E 4195 1 -5 -17
E 4195 2 -5 -17
E 4195 3 -5 -17
E 4195 4 -5 -17
E 4195 5 -5 -15
T 4196 12 0 6 0
E 4196 0 4 14
E 4196 1 4 14
E 4196 2 4 14
E 4196 3 4 14
E 4196 4 4 14
E 4196 5 6 18
T 4197 9 0 0 0
T 4198 12 0 0 0
T 4199 7 0 0 0
T 4200 6 0 5 0
E 4200 0 -4 -14
E 4200 1 -4 -14
E 4200 2 -4 -14
E 4200 3 -4 -14
E 4200 4 -4 -14
T 4201 3 0 1 0
E 4201 5 7 21
T 4202 5 0 1 0
E 4202 5 7 22
T 4203 13 0 1 0
E 4203 5 4 13
T 4204 6 0 5 0
E 4204 0 -4 -14
E 4204 1 -4 -14
E 4204 2 -4 -14
E 4204 3 -4 -14
E 4204 4 -4 -14
T 4205 4 0 1 0
E 4205 5 11 35
T 4206 14 0 1 0
E 4206 5 7 23
T 4207 16 0 1 0
E 4207 5 6 20
T 4208 18 0 1 0
E 4208 5 6 18
T 4209 11 0 5 0
E 4209 0 -6 -19
E 4209 1 -6 -19
E 4209 2 -6 -19
E 4209 3 -6 -19
E 4209 4 -6 -19
T 4210 2 0 1 0
E 4210 5 14 42
T 4211 16 0 1 0
E 4211 5 7 21
T 4212 5 0 6 0
E 4212 0 -5 -16
E 4212 1 -5 -16
E 4212 2 -5 -16
E 4212 3 -5 -16
E 4212 4 -5 -16
E 4212 5 4 14
T 4213 7 0 1 0
E 4213 5 11 34
T 4214 13 0 1 0
E 4214 5 8 25
T 4215 12 0 5 0
E 4215 0 -6 -18
E 4215 1 -6 -18
E 4215 2 -6 -18
E 4215 3 -6 -18
E 4215 4 -6 -18
T 4216 5 0 1 0
E 4216 5 12 37
T 4217 16 0 1 0
E 4217 5 6 20
T 4218 1 0 6 0
E 4218 0 -4 -14
E 4218 1 -4 -14
E 4218 2 -4 -14
E 4218 3 -4 -14
E 4218 4 -4 -14
E 4218 5 5 16
T 4219 6 0 1 0
E 4219 5 11 35
T 4220 12 0 1 0
E 4220 5 9 27
T 4221 16 0 1 0
E 4221 5 6 20
T 4222 18 0 1 0
E 4222 5 6 18
T 4223 4 0 6 0
E 4223 0 -5 -17
E 4223 1 -5 -17
E 4223 2 -5 -17
E 4223 3 -5 -17
E 4223 4 -5 -17
E 4223 5 4 13
T 4224 8 0 1 0
E 4224 5 10 32
T 4225 12 0 1 0
E 4225 5 8 26
T 4226 15 0 1 0
E 4226 5 7 23
T 4227 13 0 5 0
E 4227 0 -7 -22
E 4227 1 -7 -22
E 4227 2 -7 -22
E 4227 3 -7 -22
E 4227 4 -7 -22
T 4228 21 0 6 0
E 4228 0 4 14
E 4228 1 4 14
E 4228 2 4 14
E 4228 3 4 14
E 4228 4 4 14
E 4228 5 15 46
T 4229 6 0 6 0
E 4229 0 -6 -20
E 4229 1 -6 -20
E 4229 2 -6 -20
E 4229 3 -6 -20
E 4229 4 -6 -20
E 4229 5 4 13
T 4230 11 0 1 0
E 4230 5 11 33
T 4231 19 0 1 0
E 4231 5 7 22
T 4232 15 0 5 0
E 4232 0 -8 -25
E 4232 1 -8 -25
E 4232 2 -8 -25
E 4232 3 -8 -25
E 4232 4 -8 -25
T 4233 29 0 6 0
E 4233 0 6 18
E 4233 1 6 18
E 4233 2 6 18
E 4233 3 6 18
E 4233 4 6 18
E 4233 5 17 53
T 4234 20 0 5 0
E 4234 0 -11 -35
E 4234 1 -11 -35
E 4234 2 -11 -35
E 4234 3 -11 -35
E 4234 4 -11 -35
T 4235 29 0 6 0
E 4235 0 6 19
E 4235 1 6 19
E 4235 2 6 19
E 4235 3 6 19
E 4235 4 6 19
E 4235 5 18 55
T 4236 21 0 5 0
E 4236 0 -11 -34
E 4236 1 -11 -34
E 4236 2 -11 -34
E 4236 3 -11 -34
E 4236 4 -11 -34
T 4237 26 0 6 0
E 4237 0 5 17
E 4237 1 5 17
E 4237 2 5 17
E 4237 3 5 17
E 4237 4 5 17
E 4237 5 18 54
T 4238 11 0 6 0
E 4238 0 -8 -25
E 4238 1 -8 -25
E 4238 2 -8 -25
E 4238 3 -8 -25
E 4238 4 -8 -25
E 4238 5 4 13
T 4239 7 0 1 0
E 4239 5 15 47
T 4240 16 0 1 0
E 4240 5 11 34
T 4241 2 0 6 0
E 4241 0 -4 -13
E 4241 1 -4 -13
E 4241 2 -4 -13
E 4241 3 -4 -13
E 4241 4 -4 -13
E 4241 5 9 27
T 4242 19 0 1 0
E 4242 5 10 31
T 4243 3 0 6 0
E 4243 0 -6 -20
E 4243 1 -6 -20
E 4243 2 -6 -20
E 4243 3 -6 -20
E 4243 4 -6 -20
E 4243 5 7 21
T 4244 16 0 1 0
E 4244 5 13 39
T 4245 3 0 6 0
E 4245 0 -4 -14
E 4245 1 -4 -14
E 4245 2 -4 -14
E 4245 3 -4 -14
E 4245 4 -4 -14
E 4245 5 9 28
T 4246 15 0 1 0
E 4246 5 13 41
T 4247 7 0 6 0
E 4247 0 -7 -21
E 4247 1 -7 -21
E 4247 2 -7 -21
E 4247 3 -7 -21
E 4247 4 -7 -21
E 4247 5 7 22
T 4248 8 0 1 0
E 4248 5 17 53
T 4249 3 0 6 0
E 4249 0 -4 -13
E 4249 1 -4 -13
E 4249 2 -4 -13
E 4249 3 -4 -13
E 4249 4 -4 -13
E 4249 5 10 32
T 4250 19 0 1 0
E 4250 5 13 39
T 4251 2 0 6 0
E 4251 0 -6 -20
E 4251 1 -6 -20
E 4251 2 -6 -20
E 4251 3 -6 -20
E 4251 4 -6 -20
E 4251 5 8 26
T 4252 14 0 1 0
E 4252 5 16 48
T 4253 0 0 6 0
E 4253 0 -5 -15
E 4253 1 -5 -15
E 4253 2 -5 -15
E 4253 3 -5 -15
E 4253 4 -5 -15
E 4253 5 10 32
T 4254 14 0 1 0
E 4254 5 17 51
T 4255 4 0 6 0
E 4255 0 -4 -13
E 4255 1 -4 -13
E 4255 2 -4 -13
E 4255 3 -4 -13
E 4255 4 -4 -13
E 4255 5 11 35
T 4256 17 0 1 0
E 4256 5 15 46
T 4257 24 0 1 0
E 4257 5 12 36
T 4258 5 0 6 0
E 4258 0 -7 -21
E 4258 1 -7 -21
E 4258 2 -7 -21
E 4258 3 -7 -21
E 4258 4 -7 -21
E 4258 5 9 27
T 4259 18 0 1 0
E 4259 5 15 45
T 4260 1 0 6 0
E 4260 0 -5 -16
E 4260 1 -5 -16
E 4260 2 -5 -16
E 4260 3 -5 -16
E 4260 4 -5 -16
E 4260 5 10 32
T 4261 22 0 1 0
E 4261 5 13 39
T 4262 2 0 6 0
E 4262 0 -6 -19
E 4262 1 -6 -19
E 4262 2 -6 -19
E 4262 3 -6 -19
E 4262 4 -6 -19
E 4262 5 9 29
T 4263 16 0 1 0
E 4263 5 16 48
T 4264 8 0 6 0
E 4264 0 -8 -24
E 4264 1 -8 -24
E 4264 2 -8 -24
E 4264 3 -8 -24
E 4264 4 -8 -24
E 4264 5 8 24
T 4265 8 0 1 0
E 4265 5 20 60
T 4266 19 0 1 0
E 4266 5 14 43
T 4267 8 0 6 0
E 4267 0 -8 -24
E 4267 1 -8 -24
E 4267 2 -8 -24
E 4267 3 -8 -24
E 4267 4 -8 -24
E 4267 5 8 24
T 4268 10 0 1 0
E 4268 5 19 57
T 4269 4 0 6 0
E 4269 0 -4 -13
E 4269 1 -4 -13
E 4269 2 -4 -13
E 4269 3 -4 -13
E 4269 4 -4 -13
E 4269 5 11 35
T 4270 22 0 1 0
E 4270 5 13 39
T 4271 2 0 6 0
E 4271 0 -6 -19
E 4271 1 -6 -19
E 4271 2 -6 -19
E 4271 3 -6 -19
E 4271 4 -6 -19
E 4271 5 9 29
T 4272 11 0 1 0
E 4272 5 18 55
T 4273 22 0 1 0
E 4273 5 13 39
T 4274 4 0 6 0
E 4274 0 -7 -23
E 4274 1 -7 -23
E 4274 2 -7 -23
E 4274 3 -7 -23
E 4274 4 -7 -23
E 4274 5 8 25
T 4275 13 0 1 0
E 4275 5 17 52
T 4276 5 0 6 0
E 4276 0 -7 -21
E 4276 1 -7 -21
E 4276 2 -7 -21
E 4276 3 -7 -21
E 4276 4 -7 -21
E 4276 5 9 27
T 4277 13 0 1 0
E 4277 5 17 52
T 4278 1 0 6 0
E 4278 0 -5 -16
E 4278 1 -5 -16
E 4278 2 -5 -16
E 4278 3 -5 -16
E 4278 4 -5 -16
E 4278 5 10 32
T 4279 21 0 1 0
E 4279 5 13 40
T 4280 8 0 6 0
E 4280 0 -8 -24
E 4280 1 -8 -24
E 4280 2 -8 -24
E 4280 3 -8 -24
E 4280 4 -8 -24
E 4280 5 8 24
T 4281 16 0 1 0
E 4281 5 16 48
T 4282 5 0 6 0
E 4282 0 -7 -22
E 4282 1 -7 -22
E 4282 2 -7 -22
E 4282 3 -7 -22
E 4282 4 -7 -22
E 4282 5 8 26
T 4283 18 0 1 0
E 4283 5 15 45
T 4284 5 0 6 0
E 4284 0 -4 -14
E 4284 1 -4 -14
E 4284 2 -4 -14
E 4284 3 -4 -14
E 4284 4 -4 -14
E 4284 5 11 34
T 4285 22 0 1 0
E 4285 5 12 38
T 4286 11 0 6 0
E 4286 0 -9 -27
E 4286 1 -9 -27
E 4286 2 -9 -27
E 4286 3 -9 -27
E 4286 4 -9 -27
E 4286 5 7 21
T 4287 26 0 6 0
E 4287 0 4 14
E 4287 1 4 14
E 4287 2 4 14
E 4287 3 4 14
E 4287 4 4 14
E 4287 5 20 62
T 4288 17 0 6 0
E 4288 0 -11 -33
E 4288 1 -11 -33
E 4288 2 -11 -33
E 4288 3 -11 -33
E 4288 4 -11 -33
E 4288 5 5 15
T 4289 34 0 6 0
E 4289 0 6 18
E 4289 1 6 18
E 4289 2 6 18
E 4289 3 6 18
E 4289 4 6 18
E 4289 5 22 66
T 4290 14 0 6 0
E 4290 0 -10 -31
E 4290 1 -10 -31
E 4290 2 -10 -31
E 4290 3 -10 -31
E 4290 4 -10 -31
E 4290 5 5 17
T 4291 30 0 6 0
E 4291 0 5 16
E 4291 1 5 16
E 4291 2 5 16
E 4291 3 5 16
E 4291 4 5 16
E 4291 5 21 64
T 4292 17 0 6 0
E 4292 0 -11 -33
E 4292 1 -11 -33
E 4292 2 -11 -33
E 4292 3 -11 -33
E 4292 4 -11 -33
E 4292 5 5 15
T 4293 32 0 6 0
E 4293 0 6 20
E 4293 1 6 20
E 4293 2 6 20
E 4293 3 6 20
E 4293 4 6 20
E 4293 5 22 68
T 4294 16 0 6 0
E 4294 0 -11 -35
E 4294 1 -11 -35
E 4294 2 -11 -35
E 4294 3 -11 -35
E 4294 4 -11 -35
E 4294 5 4 13
T 4295 8 0 1 0
E 4295 5 19 59
T 4296 18 0 1 0
E 4296 5 14 44
T 4297 1 0 6 0
E 4297 0 -5 -16
E 4297 1 -5 -16
E 4297 2 -5 -16
E 4297 3 -5 -16
E 4297 4 -5 -16
E 4297 5 10 32
T 4298 15 0 1 0
E 4298 5 16 49
T 4299 5 0 6 0
E 4299 0 -4 -14
E 4299 1 -4 -14
E 4299 2 -4 -14
E 4299 3 -4 -14
E 4299 4 -4 -14
E 4299 5 11 34
T 4300 20 0 1 0
E 4300 5 13 41
T 4301 2 0 6 0
E 4301 0 -5 -17
E 4301 1 -5 -17
E 4301 2 -5 -17
E 4301 3 -5 -17
E 4301 4 -5 -17
E 4301 5 10 31
T 4302 16 0 1 0
E 4302 5 15 47
T 4303 2 0 6 0
E 4303 0 -6 -18
E 4303 1 -6 -18
E 4303 2 -6 -18
E 4303 3 -6 -18
E 4303 4 -6 -18
E 4303 5 10 30
T 4304 18 0 1 0
E 4304 5 15 45
T 4305 8 0 6 0
E 4305 0 -8 -25
E 4305 1 -8 -25
E 4305 2 -8 -25
E 4305 3 -8 -25
E 4305 4 -8 -25
E 4305 5 7 23
T 4306 9 0 1 0
E 4306 5 19 58
T 4307 5 0 6 0
E 4307 0 -4 -14
E 4307 1 -4 -14
E 4307 2 -4 -14
E 4307 3 -4 -14
E 4307 4 -4 -14
E 4307 5 11 34
T 4308 20 0 1 0
E 4308 5 14 42
T 4309 2 0 6 0
E 4309 0 -6 -19
E 4309 1 -6 -19
E 4309 2 -6 -19
E 4309 3 -6 -19
E 4309 4 -6 -19
E 4309 5 9 29
T 4310 18 0 1 0
E 4310 5 15 45
T 4311 1 0 6 0
E 4311 0 -5 -16
E 4311 1 -5 -16
E 4311 2 -5 -16
E 4311 3 -5 -16
E 4311 4 -5 -16
E 4311 5 10 32
T 4312 18 0 1 0
E 4312 5 14 44
T 4313 7 0 6 0
E 4313 0 -8 -26
E 4313 1 -8 -26
E 4313 2 -8 -26
E 4313 3 -8 -26
E 4313 4 -8 -26
E 4313 5 7 22
T 4314 12 0 1 0
E 4314 5 17 53
T 4315 20 0 1 0
E 4315 5 13 41
T 4316 2 0 6 0
E 4316 0 -6 -18
E 4316 1 -6 -18
E 4316 2 -6 -18
E 4316 3 -6 -18
E 4316 4 -6 -18
E 4316 5 10 30
T 4317 13 0 1 0
E 4317 5 17 52
T 4318 2 0 6 0
E 4318 0 -6 -18
E 4318 1 -6 -18
E 4318 2 -6 -18
E 4318 3 -6 -18
E 4318 4 -6 -18
E 4318 5 10 30
T 4319 18 0 1 0
E 4319 5 15 45
T 4320 25 0 6 0
E 4320 0 9 29
E 4320 1 9 29
E 4320 2 9 29
E 4320 3 9 29
E 4320 4 9 29
E 4320 5 9 29
T 4321 26 0 6 0
E 4321 0 -9 -29
E 4321 1 -9 -29
E 4321 2 -9 -29
E 4321 3 -9 -29
E 4321 4 -9 -29
E 4321 5 -10 -32
T 4322 31 0 6 0
E 4322 0 11 33
E 4322 1 11 33
E 4322 2 11 33
E 4322 3 11 33
E 4322 4 11 33
E 4322 5 9 27
T 4323 31 0 6 0
E 4323 0 -10 -32
E 4323 1 -10 -32
E 4323 2 -10 -32
E 4323 3 -10 -32
E 4323 4 -10 -32
E 4323 5 -13 -41
T 4324 27 0 6 0
E 4324 0 11 35
E 4324 1 11 35
E 4324 2 11 35
E 4324 3 11 35
E 4324 4 11 35
E 4324 5 7 22
T 4325 35 0 6 0
E 4325 0 -10 -30
E 4325 1 -10 -30
E 4325 2 -10 -30
E 4325 3 -10 -30
E 4325 4 -10 -30
E 4325 5 -15 -46
T 4326 35 0 6 0
E 4326 0 14 42
E 4326 1 14 42
E 4326 2 14 42
E 4326 3 14 42
E 4326 4 14 42
E 4326 5 7 23
T 4327 34 0 6 0
E 4327 0 -9 -27
E 4327 1 -9 -27
E 4327 2 -9 -27
E 4327 3 -9 -27
E 4327 4 -9 -27
E 4327 5 -16 -49
T 4328 29 0 6 0
E 4328 0 13 41
E 4328 1 13 41
E 4328 2 13 41
E 4328 3 13 41
E 4328 4 13 41
E 4328 5 5 16
T 4329 39 0 6 0
E 4329 0 -10 -31
E 4329 1 -10 -31
E 4329 2 -10 -31
E 4329 3 -10 -31
E 4329 4 -10 -31
E 4329 5 -20 -60
T 4330 33 0 6 0
E 4330 0 15 47
E 4330 1 15 47
E 4330 2 15 47
E 4330 3 15 47
E 4330 4 15 47
E 4330 5 5 15
T 4331 43 0 6 0
E 4331 0 -11 -35
E 4331 1 -11 -35
E 4331 2 -11 -35
E 4331 3 -11 -35
E 4331 4 -11 -35
E 4331 5 -23 -70
T 4332 30 0 5 0
E 4332 0 16 50
E 4332 1 16 50
E 4332 2 16 50
E 4332 3 16 50
E 4332 4 16 50
T 4333 46 0 6 0
E 4333 0 -11 -33
E 4333 1 -11 -33
E 4333 2 -11 -33
E 4333 3 -11 -33
E 4333 4 -11 -33
E 4333 5 -24 -74
T 4334 36 0 5 0
E 4334 0 18 54
E 4334 1 18 54
E 4334 2 18 54
E 4334 3 18 54
E 4334 4 18 54
T 4335 44 0 6 0
E 4335 0 -10 -32
E 4335 1 -10 -32
E 4335 2 -10 -32
E 4335 3 -10 -32
E 4335 4 -10 -32
E 4335 5 -26 -80
T 4336 28 0 5 0
E 4336 0 14 42
E 4336 1 14 42
E 4336 2 14 42
E 4336 3 14 42
E 4336 4 14 42
T 4337 42 0 6 0
E 4337 0 -8 -24
E 4337 1 -8 -24
E 4337 2 -8 -24
E 4337 3 -8 -24
E 4337 4 -8 -24
E 4337 5 -26 -78
T 4338 19 0 6 0
E 4338 0 13 41
E 4338 1 13 41
E 4338 2 13 41
E 4338 3 13 41
E 4338 4 13 41
E 4338 5 -5 -16
T 4339 34 0 6 0
E 4339 0 -5 -17
E 4339 1 -5 -17
E 4339 2 -5 -17
E 4339 3 -5 -17
E 4339 4 -5 -17
E 4339 5 -26 -78
T 4340 17 0 6 0
E 4340 0 13 40
E 4340 1 13 40
E 4340 2 13 40
E 4340 3 13 40
E 4340 4 13 40
E 4340 5 -8 -24
T 4341 42 0 6 0
E 4341 0 -7 -22
E 4341 1 -7 -22
E 4341 2 -7 -22
E 4341 3 -7 -22
E 4341 4 -7 -22
E 4341 5 -29 -89
T 4342 15 0 6 0
E 4342 0 13 41
E 4342 1 13 41
E 4342 2 13 41
E 4342 3 13 41
E 4342 4 13 41
E 4342 5 -9 -29
T 4343 16 0 1 0
E 4343 5 -28 -85
T 4344 12 0 6 0
E 4344 0 5 17
E 4344 1 5 17
E 4344 2 5 17
E 4344 3 5 17
E 4344 4 5 17
E 4344 5 -20 -60
T 4345 34 0 1 0
E 4345 5 -23 -69
T 4346 6 0 6 0
E 4346 0 11 33
E 4346 1 11 33
E 4346 2 11 33
E 4346 3 11 33
E 4346 4 11 33
E 4346 5 -16 -50
T 4347 24 0 1 0
E 4347 5 -31 -93
T 4348 8 0 6 0
E 4348 0 7 21
E 4348 1 7 21
E 4348 2 7 21
E 4348 3 7 21
E 4348 4 7 21
E 4348 5 -22 -68
T 4349 19 0 6 0
E 4349 0 4 13
E 4349 1 4 13
E 4349 2 4 13
E 4349 3 4 13
E 4349 4 4 13
E 4349 5 -26 -80
T 4350 5 0 6 0
E 4350 0 7 22
E 4350 1 7 22
E 4350 2 7 22
E 4350 3 7 22
E 4350 4 7 22
E 4350 5 -8 -26
T 4351 10 0 1 0
E 4351 5 -18 -56
T 4352 1 0 6 0
E 4352 0 5 15
E 4352 1 5 15
E 4352 2 5 15
E 4352 3 5 15
E 4352 4 5 15
E 4352 5 -11 -33
T 4353 17 0 1 0
E 4353 5 -15 -46
T 4354 1 0 6 0
E 4354 0 5 15
E 4354 1 5 15
E 4354 2 5 15
E 4354 3 5 15
E 4354 4 5 15
E 4354 5 -11 -33
T 4355 14 0 1 0
E 4355 5 -16 -50
T 4356 1 0 6 0
E 4356 0 6 20
E 4356 1 6 20
E 4356 2 6 20
E 4356 3 6 20
E 4356 4 6 20
E 4356 5 -9 -28
T 4357 20 0 1 0
E 4357 5 -13 -41
T 4358 2 0 6 0
E 4358 0 5 17
E 4358 1 5 17
E 4358 2 5 17
E 4358 3 5 17
E 4358 4 5 17
E 4358 5 -10 -31
T 4359 16 0 1 0
E 4359 5 -15 -47
T 4360 5 0 6 0
E 4360 0 4 14
E 4360 1 4 14
E 4360 2 4 14
E 4360 3 4 14
E 4360 4 4 14
E 4360 5 -11 -34
T 4361 21 0 1 0
E 4361 5 -13 -40
T 4362 2 0 6 0
E 4362 0 5 17
E 4362 1 5 17
E 4362 2 5 17
E 4362 3 5 17
E 4362 4 5 17
E 4362 5 -10 -31
T 4363 14 0 1 0
E 4363 5 -17 -51
T 4364 1 0 6 0
E 4364 0 5 16
E 4364 1 5 16
E 4364 2 5 16
E 4364 3 5 16
E 4364 4 5 16
E 4364 5 -10 -32
T 4365 15 0 1 0
E 4365 5 -16 -49
T 4366 2 0 6 0
E 4366 0 6 18
E 4366 1 6 18
E 4366 2 6 18
E 4366 3 6 18
E 4366 4 6 18
E 4366 5 -10 -30
T 4367 14 0 1 0
E 4367 5 -17 -51
T 4368 23 0 1 0
E 4368 5 -12 -37
T 4369 10 0 6 0
E 4369 0 9 29
E 4369 1 9 29
E 4369 2 9 29
E 4369 3 9 29
E 4369 4 9 29
E 4369 5 -6 -19
T 4370 26 0 6 0
E 4370 0 -4 -14
E 4370 1 -4 -14
E 4370 2 -4 -14
E 4370 3 -4 -14
E 4370 4 -4 -14
E 4370 5 -20 -62
T 4371 5 0 6 0
E 4371 0 7 22
E 4371 1 7 22
E 4371 2 7 22
E 4371 3 7 22
E 4371 4 7 22
E 4371 5 -8 -26
T 4372 10 0 1 0
E 4372 5 -19 -57
T 4373 5 0 6 0
E 4373 0 4 14
E 4373 1 4 14
E 4373 2 4 14
E 4373 3 4 14
E 4373 4 4 14
E 4373 5 -11 -34
T 4374 18 0 1 0
E 4374 5 -15 -45
T 4375 1 0 6 0
E 4375 0 5 15
E 4375 1 5 15
E 4375 2 5 15
E 4375 3 5 15
E 4375 4 5 15
E 4375 5 -11 -33
T 4376 18 0 1 0
E 4376 5 -14 -44
T 4377 2 0 6 0
E 4377 0 6 18
E 4377 1 6 18
E 4377 2 6 18
E 4377 3 6 18
E 4377 4 6 18
E 4377 5 -10 -30
T 4378 16 0 1 0
E 4378 5 -16 -48
T 4379 2 0 6 0
E 4379 0 6 18
E 4379 1 6 18
E 4379 2 6 18
E 4379 3 6 18
E 4379 4 6 18
E 4379 5 -10 -30
T 4380 16 0 1 0
E 4380 5 -16 -48
T 4381 5 0 6 0
E 4381 0 7 22
E 4381 1 7 22
E 4381 2 7 22
E 4381 3 7 22
E 4381 4 7 22
E 4381 5 -8 -26
T 4382 12 0 1 0
E 4382 5 -17 -53
T 4383 2 0 6 0
E 4383 0 6 18
E 4383 1 6 18
E 4383 2 6 18
E 4383 3 6 18
E 4383 4 6 18
E 4383 5 -10 -30
T 4384 17 0 1 0
E 4384 5 -15 -46
T 4385 4 0 6 0
E 4385 0 4 13
E 4385 1 4 13
E 4385 2 4 13
E 4385 3 4 13
E 4385 4 4 13
E 4385 5 -11 -35
T 4386 18 0 1 0
E 4386 5 -15 -45
T 4387 1 0 6 0
E 4387 0 5 15
E 4387 1 5 15
E 4387 2 5 15
E 4387 3 5 15
E 4387 4 5 15
E 4387 5 -11 -33
T 4388 21 0 1 0
E 4388 5 -13 -40
T 4389 8 0 6 0
E 4389 0 8 25
E 4389 1 8 25
E 4389 2 8 25
E 4389 3 8 25
E 4389 4 8 25
E 4389 5 -7 -23
T 4390 14 0 1 0
E 4390 5 -17 -51
T 4391 1 0 6 0
E 4391 0 6 20
E 4391 1 6 20
E 4391 2 6 20
E 4391 3 6 20
E 4391 4 6 20
E 4391 5 -9 -28
T 4392 20 0 1 0
E 4392 5 -13 -41
T 4393 1 0 6 0
E 4393 0 5 16
E 4393 1 5 16
E 4393 2 5 16
E 4393 3 5 16
E 4393 4 5 16
E 4393 5 -10 -32
T 4394 16 0 1 0
E 4394 5 -15 -47
T 4395 1 0 6 0
E 4395 0 5 16
E 4395 1 5 16
E 4395 2 5 16
E 4395 3 5 16
E 4395 4 5 16
E 4395 5 -10 -32
T 4396 14 0 1 0
E 4396 5 -16 -50
T 4397 5 0 6 0
E 4397 0 7 22
E 4397 1 7 22
E 4397 2 7 22
E 4397 3 7 22
E 4397 4 7 22
E 4397 5 -8 -26
T 4398 10 0 1 0
E 4398 5 -18 -56
T 4399 20 0 1 0
E 4399 5 -14 -42
T 4400 1 0 6 0
E 4400 0 5 16
E 4400 1 5 16
E 4400 2 5 16
E 4400 3 5 16
E 4400 4 5 16
E 4400 5 -10 -32
T 4401 16 0 1 0
E 4401 5 -16 -48
T 4402 4 0 6 0
E 4402 0 4 13
E 4402 1 4 13
E 4402 2 4 13
E 4402 3 4 13
E 4402 4 4 13
E 4402 5 -11 -35
T 4403 17 0 1 0
E 4403 5 -15 -46
T 4404 8 0 6 0
E 4404 0 8 25
E 4404 1 8 25
E 4404 2 8 25
E 4404 3 8 25
E 4404 4 8 25
E 4404 5 -7 -23
T 4405 10 0 1 0
E 4405 5 -18 -56
T 4406 2 0 6 0
E 4406 0 5 17
E 4406 1 5 17
E 4406 2 5 17
E 4406 3 5 17
E 4406 4 5 17
E 4406 5 -10 -31
T 4407 21 0 1 0
E 4407 5 -13 -40
T 4408 1 0 6 0
E 4408 0 6 20
E 4408 1 6 20
E 4408 2 6 20
E 4408 3 6 20
E 4408 4 6 20
E 4408 5 -9 -28
T 4409 18 0 1 0
E 4409 5 -15 -45
T 4410 1 0 6 0
E 4410 0 6 20
E 4410 1 6 20
E 4410 2 6 20
E 4410 3 6 20
E 4410 4 6 20
E 4410 5 -9 -28
T 4411 19 0 1 0
E 4411 5 -14 -43
T 4412 4 0 6 0
E 4412 0 7 23
E 4412 1 7 23
E 4412 2 7 23
E 4412 3 7 23
E 4412 4 7 23
E 4412 5 -8 -25
T 4413 15 0 1 0
E 4413 5 -16 -49
T 4414 1 0 6 0
E 4414 0 6 20
E 4414 1 6 20
E 4414 2 6 20
E 4414 3 6 20
E 4414 4 6 20
E 4414 5 -9 -28
T 4415 18 0 1 0
E 4415 5 -15 -45
T 4416 5 0 6 0
E 4416 0 7 22
E 4416 1 7 22
E 4416 2 7 22
E 4416 3 7 22
E 4416 4 7 22
E 4416 5 -8 -26
T 4417 11 0 1 0
E 4417 5 -17 -51
T 4418 21 0 1 0
E 4418 5 -11 -33
T 4419 1 0 6 0
E 4419 0 5 17
E 4419 1 5 17
E 4419 2 5 17
E 4419 3 5 17
E 4419 4 5 17
E 4419 5 -7 -23
T 4420 11 0 1 0
E 4420 5 -13 -39
T 4421 17 0 1 0
E 4421 5 -9 -27
T 4422 10 0 5 0
E 4422 0 6 20
E 4422 1 6 20
E 4422 2 6 20
E 4422 3 6 20
E 4422 4 6 20
T 4423 20 0 6 0
E 4423 0 -4 -14
E 4423 1 -4 -14
E 4423 2 -4 -14
E 4423 3 -4 -14
E 4423 4 -4 -14
E 4423 5 -14 -44
T 4424 2 0 6 0
E 4424 0 4 14
E 4424 1 4 14
E 4424 2 4 14
E 4424 3 4 14
E 4424 4 4 14
E 4424 5 -4 -13
T 4425 2 0 1 0
E 4425 5 -11 -33
T 4426 5 0 1 0
E 4426 5 -8 -25
T 4427 5 0 1 0
E 4427 5 -7 -21
T 4428 4 0 1 0
E 4428 5 -6 -19
T 4429 9 0 0 0
T 4430 2 0 0 0
T 4431 1 0 1 0
E 4431 5 -4 -14
T 4432 4 0 1 0
E 4432 5 -4 -14
T 4433 5 0 0 0
T 4434 8 0 0 0
T 4435 12 0 0 0
T 4436 16 0 6 0
E 4436 0 -6 -18
E 4436 1 -6 -18
E 4436 2 -6 -18
E 4436 3 -6 -18
E 4436 4 -6 -18
E 4436 5 -4 -14
T 4437 6 0 1 0
E 4437 5 6 19
T 4438 1 0 0 0
T 4439 0 0 0 0
T 4440 4 0 0 0
T 4441 5 0 1 0
E 4441 5 5 17
T 4442 8 0 1 0
E 4442 5 6 18
T 4443 6 0 5 0
E 4443 0 -4 -14
E 4443 1 -4 -14
E 4443 2 -4 -14
E 4443 3 -4 -14
E 4443 4 -4 -14
T 4444 4 0 1 0
E 4444 5 10 31
T 4445 10 0 1 0
E 4445 5 9 27
T 4446 2 0 6 0
E 4446 0 -4 -13
E 4446 1 -4 -13
E 4446 2 -4 -13
E 4446 3 -4 -13
E 4446 4 -4 -13
E 4446 5 5 17
T 4447 12 0 1 0
E 4447 5 8 26
T 4448 5 0 6 0
E 4448 0 -5 -15
E 4448 1 -5 -15
E 4448 2 -5 -15
E 4448 3 -5 -15
E 4448 4 -5 -15
E 4448 5 5 15
T 4449 6 0 1 0
E 4449 5 12 36
T 4450 12 0 1 0
E 4450 5 8 26
T 4451 18 0 1 0
E 4451 5 6 18
T 4452 2 0 6 0
E 4452 0 -4 -13
E 4452 1 -4 -13
E 4452 2 -4 -13
E 4452 3 -4 -13
E 4452 4 -4 -13
E 4452 5 5 17
T 4453 9 0 1 0
E 4453 5 10 31
T 4454 5 0 6 0
E 4454 0 -5 -15
E 4454 1 -5 -15
E 4454 2 -5 -15
E 4454 3 -5 -15
E 4454 4 -5 -15
E 4454 5 5 15
T 4455 10 0 1 0
E 4455 5 10 30
T 4456 16 0 1 0
E 4456 5 7 21
T 4457 5 0 6 0
E 4457 0 -5 -15
E 4457 1 -5 -15
E 4457 2 -5 -15
E 4457 3 -5 -15
E 4457 4 -5 -15
E 4457 5 5 15
T 4458 6 0 1 0
E 4458 5 12 36
T 4459 18 0 1 0
E 4459 5 6 18
T 4460 11 0 5 0
E 4460 0 -6 -19
E 4460 1 -6 -19
E 4460 2 -6 -19
E 4460 3 -6 -19
E 4460 4 -6 -19
T 4461 3 0 1 0
E 4461 5 13 40
T 4462 10 0 1 0
E 4462 5 10 30
T 4463 14 0 1 0
E 4463 5 7 23
T 4464 16 0 1 0
E 4464 5 6 20
T 4465 2 0 6 0
E 4465 0 -4 -13
E 4465 1 -4 -13
E 4465 2 -4 -13
E 4465 3 -4 -13
E 4465 4 -4 -13
E 4465 5 5 17
T 4466 9 0 1 0
E 4466 5 10 32
T 4467 13 0 1 0
E 4467 5 9 27
T 4468 14 0 5 0
E 4468 0 -7 -21
E 4468 1 -7 -21
E 4468 2 -7 -21
E 4468 3 -7 -21
E 4468 4 -7 -21
T 4469 5 0 1 0
E 4469 5 14 42
T 4470 17 0 1 0
E 4470 5 7 23
T 4471 3 0 6 0
E 4471 0 -5 -17
E 4471 1 -5 -17
E 4471 2 -5 -17
E 4471 3 -5 -17
E 4471 4 -5 -17
E 4471 5 5 17
T 4472 12 0 1 0
E 4472 5 11 33
T 4473 19 0 1 0
E 4473 5 7 23
T 4474 5 0 6 0
E 4474 0 -6 -20
E 4474 1 -6 -20
E 4474 2 -6 -20
E 4474 3 -6 -20
E 4474 4 -6 -20
E 4474 5 5 16
T 4475 10 0 1 0
E 4475 5 13 39
T 4476 17 0 1 0
E 4476 5 10 30
T 4477 12 0 6 0
E 4477 0 -8 -24
E 4477 1 -8 -24
E 4477 2 -8 -24
E 4477 3 -8 -24
E 4477 4 -8 -24
E 4477 5 4 13
T 4478 6 0 1 0
E 4478 5 15 47
T 4479 17 0 1 0
E 4479 5 10 32
T 4480 2 0 6 0
E 4480 0 -4 -14
E 4480 1 -4 -14
E 4480 2 -4 -14
E 4480 3 -4 -14
E 4480 4 -4 -14
E 4480 5 8 25
T 4481 14 0 1 0
E 4481 5 12 38
T 4482 2 0 6 0
E 4482 0 -5 -15
E 4482 1 -5 -15
E 4482 2 -5 -15
E 4482 3 -5 -15
E 4482 4 -5 -15
E 4482 5 8 25
T 4483 17 0 1 0
E 4483 5 12 36
T 4484 2 0 6 0
E 4484 0 -4 -13
E 4484 1 -4 -13
E 4484 2 -4 -13
E 4484 3 -4 -13
E 4484 4 -4 -13
E 4484 5 9 29
T 4485 16 0 1 0
E 4485 5 13 39
T 4486 10 0 6 0
E 4486 0 -8 -24
E 4486 1 -8 -24
E 4486 2 -8 -24
E 4486 3 -8 -24
E 4486 4 -8 -24
E 4486 5 6 19
T 4487 10 0 1 0
E 4487 5 16 49
T 4488 18 0 1 0
E 4488 5 12 38
T 4489 2 0 6 0
E 4489 0 -6 -20
E 4489 1 -6 -20
E 4489 2 -6 -20
E 4489 3 -6 -20
E 4489 4 -6 -20
E 4489 5 8 25
T 4490 14 0 1 0
E 4490 5 15 46
T 4491 1 0 6 0
E 4491 0 -5 -17
E 4491 1 -5 -17
E 4491 2 -5 -17
E 4491 3 -5 -17
E 4491 4 -5 -17
E 4491 5 9 29
T 4492 16 0 1 0
E 4492 5 14 44
T 4493 6 0 6 0
E 4493 0 -7 -21
E 4493 1 -7 -21
E 4493 2 -7 -21
E 4493 3 -7 -21
E 4493 4 -7 -21
E 4493 5 8 26
T 4494 11 0 1 0
E 4494 5 18 55
T 4495 20 0 1 0
E 4495 5 13 41
T 4496 11 0 6 0
E 4496 0 -9 -28
E 4496 1 -9 -28
E 4496 2 -9 -28
E 4496 3 -9 -28
E 4496 4 -9 -28
E 4496 5 6 20
T 4497 30 0 6 0
E 4497 0 5 16
E 4497 1 5 16
E 4497 2 5 16
E 4497 3 5 16
E 4497 4 5 16
E 4497 5 21 64
T 4498 11 0 6 0
E 4498 0 -9 -27
E 4498 1 -9 -27
E 4498 2 -9 -27
E 4498 3 -9 -27
E 4498 4 -9 -27
E 4498 5 7 21
T 4499 8 0 1 0
E 4499 5 19 59
T 4500 19 0 1 0
E 4500 5 14 43
T 4501 1 0 6 0
E 4501 0 -5 -15
E 4501 1 -5 -15
E 4501 2 -5 -15
E 4501 3 -5 -15
E 4501 4 -5 -15
E 4501 5 11 33
T 4502 21 0 1 0
E 4502 5 13 40
T 4503 11 0 6 0
E 4503 0 -9 -27
E 4503 1 -9 -27
E 4503 2 -9 -27
E 4503 3 -9 -27
E 4503 4 -9 -27
E 4503 5 7 21
T 4504 8 0 1 0
E 4504 5 19 59
T 4505 22 0 1 0
E 4505 5 12 38
T 4506 2 0 6 0
E 4506 0 -6 -18
E 4506 1 -6 -18
E 4506 2 -6 -18
E 4506 3 -6 -18
E 4506 4 -6 -18
E 4506 5 10 30
T 4507 12 0 1 0
E 4507 5 17 53
T 4508 1 0 6 0
E 4508 0 -6 -20
E 4508 1 -6 -20
E 4508 2 -6 -20
E 4508 3 -6 -20
E 4508 4 -6 -20
E 4508 5 9 28
T 4509 19 0 1 0
E 4509 5 14 43
T 4510 1 0 6 0
E 4510 0 -5 -15
E 4510 1 -5 -15
E 4510 2 -5 -15
E 4510 3 -5 -15
E 4510 4 -5 -15
E 4510 5 11 33
T 4511 18 0 1 0
E 4511 5 15 45
T 4512 5 0 6 0
E 4512 0 -4 -14
E 4512 1 -4 -14
E 4512 2 -4 -14
E 4512 3 -4 -14
E 4512 4 -4 -14
E 4512 5 11 34
T 4513 19 0 1 0
E 4513 5 14 43
T 4514 2 0 6 0
E 4514 0 -5 -17
E 4514 1 -5 -17
E 4514 2 -5 -17
E 4514 3 -5 -17
E 4514 4 -5 -17
E 4514 5 10 31
T 4515 14 0 1 0
E 4515 5 16 50
T 4516 2 0 6 0
E 4516 0 -6 -18
E 4516 1 -6 -18
E 4516 2 -6 -18
E 4516 3 -6 -18
E 4516 4 -6 -18
E 4516 5 10 30
T 4517 14 0 1 0
E 4517 5 16 50
T 4518 5 0 6 0
E 4518 0 -7 -22
E 4518 1 -7 -22
E 4518 2 -7 -22
E 4518 3 -7 -22
E 4518 4 -7 -22
E 4518 5 8 26
T 4519 14 0 1 0
E 4519 5 16 50
T 4520 24 0 1 0
E 4520 5 12 36
T 4521 4 0 6 0
E 4521 0 -7 -23
E 4521 1 -7 -23
E 4521 2 -7 -23
E 4521 3 -7 -23
E 4521 4 -7 -23
E 4521 5 8 25
T 4522 12 0 1 0
E 4522 5 18 54
T 4523 23 0 1 0
E 4523 5 12 37
T 4524 10 0 6 0
E 4524 0 -9 -29
E 4524 1 -9 -29
E 4524 2 -9 -29
E 4524 3 -9 -29
E 4524 4 -9 -29
E 4524 5 6 19
T 4525 27 0 6 0
E 4525 0 4 13
E 4525 1 4 13
E 4525 2 4 13
E 4525 3 4 13
E 4525 4 4 13
E 4525 5 20 61
T 4526 16 0 6 0
E 4526 0 -11 -35
E 4526 1 -11 -35
E 4526 2 -11 -35
E 4526 3 -11 -35
E 4526 4 -11 -35
E 4526 5 4 13
T 4527 33 0 6 0
E 4527 0 6 19
E 4527 1 6 19
E 4527 2 6 19
E 4527 3 6 19
E 4527 4 6 19
E 4527 5 22 67
T 4528 14 0 6 0
E 4528 0 -10 -30
E 4528 1 -10 -30
E 4528 2 -10 -30
E 4528 3 -10 -30
E 4528 4 -10 -30
E 4528 5 6 18
T 4529 31 0 6 0
E 4529 0 5 15
E 4529 1 5 15
E 4529 2 5 15
E 4529 3 5 15
E 4529 4 5 15
E 4529 5 21 63
T 4530 11 0 6 0
E 4530 0 -9 -27
E 4530 1 -9 -27
E 4530 2 -9 -27
E 4530 3 -9 -27
E 4530 4 -9 -27
E 4530 5 7 21
T 4531 12 0 1 0
E 4531 5 17 53
T 4532 23 0 1 0
E 4532 5 12 37
T 4533 14 0 6 0
E 4533 0 -10 -31
E 4533 1 -10 -31
E 4533 2 -10 -31
E 4533 3 -10 -31
E 4533 4 -10 -31
E 4533 5 5 17
T 4534 34 0 6 0
E 4534 0 6 18
E 4534 1 6 18
E 4534 2 6 18
E 4534 3 6 18
E 4534 4 6 18
E 4534 5 22 66
T 4535 24 0 5 0
E 4535 0 -13 -41
E 4535 1 -13 -41
E 4535 2 -13 -41
E 4535 3 -13 -41
E 4535 4 -13 -41
T 4536 42 0 6 0
E 4536 0 9 28
E 4536 1 9 28
E 4536 2 9 28
E 4536 3 9 28
E 4536 4 9 28
E 4536 5 25 76
T 4537 31 0 5 0
E 4537 0 -16 -49
E 4537 1 -16 -49
E 4537 2 -16 -49
E 4537 3 -16 -49
E 4537 4 -16 -49
T 4538 45 0 6 0
E 4538 0 10 31
E 4538 1 10 31
E 4538 2 10 31
E 4538 3 10 31
E 4538 4 10 31
E 4538 5 26 79
T 4539 30 0 5 0
E 4539 0 -15 -45
E 4539 1 -15 -45
E 4539 2 -15 -45
E 4539 3 -15 -45
E 4539 4 -15 -45
T 4540 39 0 6 0
E 4540 0 8 25
E 4540 1 8 25
E 4540 2 8 25
E 4540 3 8 25
E 4540 4 8 25
E 4540 5 24 73
T 4541 30 0 5 0
E 4541 0 -15 -45
E 4541 1 -15 -45
E 4541 2 -15 -45
E 4541 3 -15 -45
E 4541 4 -15 -45
T 4542 46 0 6 0
E 4542 0 10 30
E 4542 1 10 30
E 4542 2 10 30
E 4542 3 10 30
E 4542 4 10 30
E 4542 5 26 78
T 4543 26 0 5 0
E 4543 0 -14 -44
E 4543 1 -14 -44
E 4543 2 -14 -44
E 4543 3 -14 -44
E 4543 4 -14 -44
T 4544 39 0 6 0
E 4544 0 8 25
E 4544 1 8 25
E 4544 2 8 25
E 4544 3 8 25
E 4544 4 8 25
E 4544 5 24 73
T 4545 26 0 5 0
E 4545 0 -13 -39
E 4545 1 -13 -39
E 4545 2 -13 -39
E 4545 3 -13 -39
E 4545 4 -13 -39
T 4546 41 0 6 0
E 4546 0 9 29
E 4546 1 9 29
E 4546 2 9 29
E 4546 3 9 29
E 4546 4 9 29
E 4546 5 25 77
T 4547 30 0 5 0
E 4547 0 -15 -45
E 4547 1 -15 -45
E 4547 2 -15 -45
E 4547 3 -15 -45
E 4547 4 -15 -45
T 4548 39 0 6 0
E 4548 0 8 25
E 4548 1 8 25
E 4548 2 8 25
E 4548 3 8 25
E 4548 4 8 25
E 4548 5 24 73
T 4549 24 0 5 0
E 4549 0 -13 -41
E 4549 1 -13 -41
E 4549 2 -13 -41
E 4549 3 -13 -41
E 4549 4 -13 -41
T 4550 34 0 6 0
E 4550 0 6 18
E 4550 1 6 18
E 4550 2 6 18
E 4550 3 6 18
E 4550 4 6 18
E 4550 5 22 66
T 4551 23 0 5 0
E 4551 0 -12 -37
E 4551 1 -12 -37
E 4551 2 -12 -37
E 4551 3 -12 -37
E 4551 4 -12 -37
T 4552 43 0 6 0
E 4552 0 9 27
E 4552 1 9 27
E 4552 2 9 27
E 4552 3 9 27
E 4552 4 9 27
E 4552 5 25 75
T 4553 30 0 5 0
E 4553 0 -16 -50
E 4553 1 -16 -50
E 4553 2 -16 -50
E 4553 3 -16 -50
E 4553 4 -16 -50
T 4554 41 0 6 0
E 4554 0 9 29
E 4554 1 9 29
E 4554 2 9 29
E 4554 3 9 29
E 4554 4 9 29
E 4554 5 25 77
T 4555 30 0 5 0
E 4555 0 -15 -45
E 4555 1 -15 -45
E 4555 2 -15 -45
E 4555 3 -15 -45
E 4555 4 -15 -45
T 4556 45 0 6 0
E 4556 0 10 31
E 4556 1 10 31
E 4556 2 10 31
E 4556 3 10 31
E 4556 4 10 31
E 4556 5 26 79
T 4557 24 0 5 0
E 4557 0 -13 -41
E 4557 1 -13 -41
E 4557 2 -13 -41
E 4557 3 -13 -41
E 4557 4 -13 -41
T 4558 39 0 6 0
E 4558 0 8 25
E 4558 1 8 25
E 4558 2 8 25
E 4558 3 8 25
E 4558 4 8 25
E 4558 5 24 73
T 4559 28 0 5 0
E 4559 0 -14 -42
E 4559 1 -14 -42
E 4559 2 -14 -42
E 4559 3 -14 -42
E 4559 4 -14 -42
T 4560 78 0 6 0
E 4560 0 26 78
E 4560 1 26 78
E 4560 2 26 78
E 4560 3 26 78
E 4560 4 26 78
E 4560 5 26 78
T 4561 74 0 6 0
E 4561 0 -25 -77
E 4561 1 -25 -77
E 4561 2 -25 -77
E 4561 3 -25 -77
E 4561 4 -25 -77
E 4561 5 -26 -80
T 4562 73 0 6 0
E 4562 0 25 75
E 4562 1 25 75
E 4562 2 25 75
E 4562 3 25 75
E 4562 4 25 75
E 4562 5 23 69
T 4563 77 0 6 0
E 4563 0 -25 -76
E 4563 1 -25 -76
E 4563 2 -25 -76
E 4563 3 -25 -76
E 4563 4 -25 -76
E 4563 5 -28 -85
T 4564 73 0 6 0
E 4564 0 26 79
E 4564 1 26 79
E 4564 2 26 79
E 4564 3 26 79
E 4564 4 26 79
E 4564 5 22 66
T 4565 76 0 6 0
E 4565 0 -24 -73
E 4565 1 -24 -73
E 4565 2 -24 -73
E 4565 3 -24 -73
E 4565 4 -24 -73
E 4565 5 -29 -89
T 4566 67 0 6 0
E 4566 0 25 77
E 4566 1 25 77
E 4566 2 25 77
E 4566 3 25 77
E 4566 4 25 77
E 4566 5 19 58
T 4567 63 0 6 0
E 4567 0 -19 -59
E 4567 1 -19 -59
E 4567 2 -19 -59
E 4567 3 -19 -59
E 4567 4 -19 -59
E 4567 5 -27 -81
T 4568 50 0 6 0
E 4568 0 20 62
E 4568 1 20 62
E 4568 2 20 62
E 4568 3 20 62
E 4568 4 20 62
E 4568 5 12 37
T 4569 57 0 6 0
E 4569 0 -16 -48
E 4569 1 -16 -48
E 4569 2 -16 -48
E 4569 3 -16 -48
E 4569 4 -16 -48
E 4569 5 -25 -77
T 4570 49 0 6 0
E 4570 0 20 60
E 4570 1 20 60
E 4570 2 20 60
E 4570 3 20 60
E 4570 4 20 60
E 4570 5 9 28
T 4571 52 0 6 0
E 4571 0 -14 -44
E 4571 1 -14 -44
E 4571 2 -14 -44
E 4571 3 -14 -44
E 4571 4 -14 -44
E 4571 5 -26 -79
T 4572 41 0 6 0
E 4572 0 18 54
E 4572 1 18 54
E 4572 2 18 54
E 4572 3 18 54
E 4572 4 18 54
E 4572 5 5 16
T 4573 48 0 6 0
E 4573 0 -12 -38
E 4573 1 -12 -38
E 4573 2 -12 -38
E 4573 3 -12 -38
E 4573 4 -12 -38
E 4573 5 -26 -79
T 4574 29 0 5 0
E 4574 0 15 46
E 4574 1 15 46
E 4574 2 15 46
E 4574 3 15 46
E 4574 4 15 46
T 4575 35 0 6 0
E 4575 0 -7 -23
E 4575 1 -7 -23
E 4575 2 -7 -23
E 4575 3 -7 -23
E 4575 4 -7 -23
E 4575 5 -23 -71
T 4576 16 0 6 0
E 4576 0 11 34
E 4576 1 11 34
E 4576 2 11 34
E 4576 3 11 34
E 4576 4 11 34
E 4576 5 -5 -17
T 4577 11 0 1 0
E 4577 5 -21 -64
T 4578 23 0 1 0
E 4578 5 -17 -51
T 4579 0 0 6 0
E 4579 0 7 22
E 4579 1 7 22
E 4579 2 7 22
E 4579 3 7 22
E 4579 4 7 22
E 4579 5 -13 -39
T 4580 22 0 1 0
E 4580 5 -21 -63
T 4581 1 0 6 0
E 4581 0 8 26
E 4581 1 8 26
E 4581 2 8 26
E 4581 3 8 26
E 4581 4 8 26
E 4581 5 -13 -41
T 4582 24 0 1 0
E 4582 5 -23 -69
T 4583 4 0 6 0
E 4583 0 7 23
E 4583 1 7 23
E 4583 2 7 23
E 4583 3 7 23
E 4583 4 7 23
E 4583 5 -16 -50
T 4584 26 0 1 0
E 4584 5 -25 -76
T 4585 6 0 6 0
E 4585 0 7 22
E 4585 1 7 22
E 4585 2 7 22
E 4585 3 7 22
E 4585 4 7 22
E 4585 5 -19 -58
T 4586 31 0 1 0
E 4586 5 -26 -78
T 4587 2 0 6 0
E 4587 0 10 30
E 4587 1 10 30
E 4587 2 10 30
E 4587 3 10 30
E 4587 4 10 30
E 4587 5 -18 -56
T 4588 25 0 1 0
E 4588 5 -31 -95
T 4589 2 0 6 0
E 4589 0 11 33
E 4589 1 11 33
E 4589 2 11 33
E 4589 3 11 33
E 4589 4 11 33
E 4589 5 -20 -60
T 4590 18 0 1 0
E 4590 5 -14 -44
T 4591 5 0 6 0
E 4591 0 4 14
E 4591 1 4 14
E 4591 2 4 14
E 4591 3 4 14
E 4591 4 4 14
E 4591 5 -11 -34
T 4592 22 0 1 0
E 4592 5 -13 -39
T 4593 8 0 6 0
E 4593 0 8 25
E 4593 1 8 25
E 4593 2 8 25
E 4593 3 8 25
E 4593 4 8 25
E 4593 5 -7 -23
T 4594 12 0 1 0
E 4594 5 -17 -53
T 4595 5 0 6 0
E 4595 0 4 14
E 4595 1 4 14
E 4595 2 4 14
E 4595 3 4 14
E 4595 4 4 14
E 4595 5 -11 -34
T 4596 21 0 1 0
E 4596 5 -13 -40
T 4597 8 0 6 0
E 4597 0 8 25
E 4597 1 8 25
E 4597 2 8 25
E 4597 3 8 25
E 4597 4 8 25
E 4597 5 -7 -23
T 4598 12 0 1 0
E 4598 5 -17 -53
T 4599 21 0 1 0
E 4599 5 -13 -40
T 4600 7 0 6 0
E 4600 0 8 26
E 4600 1 8 26
E 4600 2 8 26
E 4600 3 8 26
E 4600 4 8 26
E 4600 5 -7 -22
T 4601 11 0 1 0
E 4601 5 -18 -55
T 4602 1 0 6 0
E 4602 0 5 16
E 4602 1 5 16
E 4602 2 5 16
E 4602 3 5 16
E 4602 4 5 16
E 4602 5 -10 -32
T 4603 20 0 1 0
E 4603 5 -14 -42
T 4604 7 0 6 0
E 4604 0 8 26
E 4604 1 8 26
E 4604 2 8 26
E 4604 3 8 26
E 4604 4 8 26
E 4604 5 -7 -22
T 4605 8 0 1 0
E 4605 5 -19 -59
T 4606 18 0 1 0
E 4606 5 -15 -45
T 4607 5 0 6 0
E 4607 0 7 21
E 4607 1 7 21
E 4607 2 7 21
E 4607 3 7 21
E 4607 4 7 21
E 4607 5 -9 -27
T 4608 15 0 1 0
E 4608 5 -16 -49
T 4609 1 0 6 0
E 4609 0 5 15
E 4609 1 5 15
E 4609 2 5 15
E 4609 3 5 15
E 4609 4 5 15
E 4609 5 -11 -33
T 4610 16 0 1 0
E 4610 5 -16 -48
T 4611 5 0 6 0
E 4611 0 4 14
E 4611 1 4 14
E 4611 2 4 14
E 4611 3 4 14
E 4611 4 4 14
E 4611 5 -11 -34
T 4612 19 0 1 0
E 4612 5 -14 -43
T 4613 7 0 6 0
E 4613 0 8 26
E 4613 1 8 26
E 4613 2 8 26
E 4613 3 8 26
E 4613 4 8 26
E 4613 5 -7 -22
T 4614 15 0 1 0
E 4614 5 -16 -49
T 4615 24 0 1 0
E 4615 5 -12 -36
T 4616 8 0 6 0
E 4616 0 8 24
E 4616 1 8 24
E 4616 2 8 24
E 4616 3 8 24
E 4616 4 8 24
E 4616 5 -8 -24
T 4617 12 0 1 0
E 4617 5 -18 -54
T 4618 23 0 1 0
E 4618 5 -12 -37
T 4619 5 0 6 0
E 4619 0 7 22
E 4619 1 7 22
E 4619 2 7 22
E 4619 3 7 22
E 4619 4 7 22
E 4619 5 -8 -26
T 4620 10 0 1 0
E 4620 5 -19 -57
T 4621 1 0 6 0
E 4621 0 5 16
E 4621 1 5 16
E 4621 2 5 16
E 4621 3 5 16
E 4621 4 5 16
E 4621 5 -10 -32
T 4622 18 0 1 0
E 4622 5 -14 -44
T 4623 5 0 6 0
E 4623 0 7 22
E 4623 1 7 22
E 4623 2 7 22
E 4623 3 7 22
E 4623 4 7 22
E 4623 5 -8 -26
T 4624 14 0 1 0
E 4624 5 -17 -51
T 4625 1 0 6 0
E 4625 0 5 16
E 4625 1 5 16
E 4625 2 5 16
E 4625 3 5 16
E 4625 4 5 16
E 4625 5 -10 -32
T 4626 21 0 1 0
E 4626 5 -13 -40
T 4627 11 0 6 0
E 4627 0 9 28
E 4627 1 9 28
E 4627 2 9 28
E 4627 3 9 28
E 4627 4 9 28
E 4627 5 -6 -20
T 4628 30 0 6 0
E 4628 0 -5 -16
E 4628 1 -5 -16
E 4628 2 -5 -16
E 4628 3 -5 -16
E 4628 4 -5 -16
E 4628 5 -21 -64
T 4629 23 0 5 0
E 4629 0 12 37
E 4629 1 12 37
E 4629 2 12 37
E 4629 3 12 37
E 4629 4 12 37
T 4630 36 0 6 0
E 4630 0 -7 -22
E 4630 1 -7 -22
E 4630 2 -7 -22
E 4630 3 -7 -22
E 4630 4 -7 -22
E 4630 5 -23 -70
T 4631 17 0 6 0
E 4631 0 11 33
E 4631 1 11 33
E 4631 2 11 33
E 4631 3 11 33
E 4631 4 11 33
E 4631 5 -5 -15
T 4632 8 0 1 0
E 4632 5 -19 -59
T 4633 24 0 1 0
E 4633 5 -12 -36
T 4634 13 0 6 0
E 4634 0 10 32
E 4634 1 10 32
E 4634 2 10 32
E 4634 3 10 32
E 4634 4 10 32
E 4634 5 -5 -16
T 4635 12 0 1 0
E 4635 5 -17 -53
T 4636 2 0 6 0
E 4636 0 5 17
E 4636 1 5 17
E 4636 2 5 17
E 4636 3 5 17
E 4636 4 5 17
E 4636 5 -10 -31
T 4637 16 0 1 0
E 4637 5 -16 -48
T 4638 2 0 6 0
E 4638 0 6 18
E 4638 1 6 18
E 4638 2 6 18
E 4638 3 6 18
E 4638 4 6 18
E 4638 5 -10 -30
T 4639 16 0 1 0
E 4639 5 -15 -47
T 4640 4 0 6 0
E 4640 0 7 23
E 4640 1 7 23
E 4640 2 7 23
E 4640 3 7 23
E 4640 4 7 23
E 4640 5 -8 -25
T 4641 15 0 1 0
E 4641 5 -16 -49
T 4642 2 0 6 0
E 4642 0 5 17
E 4642 1 5 17
E 4642 2 5 17
E 4642 3 5 17
E 4642 4 5 17
E 4642 5 -10 -31
T 4643 20 0 1 0
E 4643 5 -14 -42
T 4644 4 0 6 0
E 4644 0 7 23
E 4644 1 7 23
E 4644 2 7 23
E 4644 3 7 23
E 4644 4 7 23
E 4644 5 -8 -25
T 4645 15 0 1 0
E 4645 5 -16 -49
T 4646 1 0 6 0
E 4646 0 5 15
E 4646 1 5 15
E 4646 2 5 15
E 4646 3 5 15
E 4646 4 5 15
E 4646 5 -11 -33
T 4647 20 0 1 0
E 4647 5 -13 -41
T 4648 2 0 6 0
E 4648 0 6 19
E 4648 1 6 19
E 4648 2 6 19
E 4648 3 6 19
E 4648 4 6 19
E 4648 5 -9 -29
T 4649 17 0 1 0
E 4649 5 -15 -46
T 4650 2 0 6 0
E 4650 0 6 19
E 4650 1 6 19
E 4650 2 6 19
E 4650 3 6 19
E 4650 4 6 19
E 4650 5 -9 -29
T 4651 14 0 1 0
E 4651 5 -17 -51
T 4652 5 0 6 0
E 4652 0 4 14
E 4652 1 4 14
E 4652 2 4 14
E 4652 3 4 14
E 4652 4 4 14
E 4652 5 -11 -34
T 4653 21 0 1 0
E 4653 5 -13 -40
T 4654 8 0 6 0
E 4654 0 8 25
E 4654 1 8 25
E 4654 2 8 25
E 4654 3 8 25
E 4654 4 8 25
E 4654 5 -7 -23
T 4655 10 0 1 0
E 4655 5 -19 -57
T 4656 24 0 1 0
E 4656 5 -12 -36
T 4657 3 0 6 0
E 4657 0 6 18
E 4657 1 6 18
E 4657 2 6 18
E 4657 3 6 18
E 4657 4 6 18
E 4657 5 -9 -27
T 4658 8 0 1 0
E 4658 5 -17 -52
T 4659 14 0 1 0
E 4659 5 -13 -39
T 4660 2 0 6 0
E 4660 0 5 17
E 4660 1 5 17
E 4660 2 5 17
E 4660 3 5 17
E 4660 4 5 17
E 4660 5 -6 -20
T 4661 7 0 1 0
E 4661 5 -14 -42
T 4662 12 0 1 0
E 4662 5 -9 -29
T 4663 17 0 1 0
E 4663 5 -6 -19
T 4664 2 0 6 0
E 4664 0 4 14
E 4664 1 4 14
E 4664 2 4 14
E 4664 3 4 14
E 4664 4 4 14
E 4664 5 -4 -13
T 4665 5 0 1 0
E 4665 5 -9 -28
T 4666 6 0 1 0
E 4666 5 -8 -24
T 4667 7 0 0 0
T 4668 5 0 1 0
E 4668 5 -5 -17
T 4669 4 0 1 0
E 4669 5 -4 -14
T 4670 6 0 0 0
T 4671 10 0 0 0
T 4672 6 0 5 0
E 4672 0 4 14
E 4672 1 4 14
E 4672 2 4 14
E 4672 3 4 14
E 4672 4 4 14
T 4673 7 0 1 0
E 4673 5 -5 -16
T 4674 10 0 0 0
T 4675 6 0 0 0
T 4676 11 0 0 0
T 4677 8 0 0 0
T 4678 7 0 5 0
E 4678 0 -4 -13
E 4678 1 -4 -13
E 4678 2 -4 -13
E 4678 3 -4 -13
E 4678 4 -4 -13
T 4679 0 0 1 0
E 4679 5 6 18
T 4680 3 0 1 0
E 4680 5 5 17
T 4681 6 0 1 0
E 4681 5 5 16
T 4682 10 0 0 0
T 4683 10 0 5 0
E 4683 0 -5 -15
E 4683 1 -5 -15
E 4683 2 -5 -15
E 4683 3 -5 -15
E 4683 4 -5 -15
T 4684 4 0 1 0
E 4684 5 10 31
T 4685 16 0 1 0
E 4685 5 5 17
T 4686 17 0 1 0
E 4686 5 6 19
T 4687 4 0 6 0
E 4687 0 -5 -17
E 4687 1 -5 -17
E 4687 2 -5 -17
E 4687 3 -5 -17
E 4687 4 -5 -17
E 4687 5 4 13
T 4688 6 0 1 0
E 4688 5 12 36
T 4689 12 0 1 0
E 4689 5 8 26
T 4690 1 0 6 0
E 4690 0 -4 -14
E 4690 1 -4 -14
E 4690 2 -4 -14
E 4690 3 -4 -14
E 4690 4 -4 -14
E 4690 5 5 16
T 4691 11 0 1 0
E 4691 5 9 28
T 4692 14 0 1 0
E 4692 5 8 24
T 4693 5 0 6 0
E 4693 0 -5 -16
E 4693 1 -5 -16
E 4693 2 -5 -16
E 4693 3 -5 -16
E 4693 4 -5 -16
E 4693 5 4 14
T 4694 9 0 1 0
E 4694 5 10 31
T 4695 18 0 1 0
E 4695 5 6 18
T 4696 5 0 6 0
E 4696 0 -5 -16
E 4696 1 -5 -16
E 4696 2 -5 -16
E 4696 3 -5 -16
E 4696 4 -5 -16
E 4696 5 4 14
T 4697 4 0 1 0
E 4697 5 12 38
T 4698 9 0 1 0
E 4698 5 10 31
T 4699 18 0 1 0
E 4699 5 6 18
T 4700 5 0 6 0
E 4700 0 -5 -16
E 4700 1 -5 -16
E 4700 2 -5 -16
E 4700 3 -5 -16
E 4700 4 -5 -16
E 4700 5 4 14
T 4701 10 0 1 0
E 4701 5 9 29
T 4702 16 0 1 0
E 4702 5 6 20
T 4703 12 0 5 0
E 4703 0 -6 -18
E 4703 1 -6 -18
E 4703 2 -6 -18
E 4703 3 -6 -18
E 4703 4 -6 -18
T 4704 2 0 1 0
E 4704 5 14 42
T 4705 14 0 1 0
E 4705 5 8 24
T 4706 8 0 6 0
E 4706 0 -6 -18
E 4706 1 -6 -18
E 4706 2 -6 -18
E 4706 3 -6 -18
E 4706 4 -6 -18
E 4706 5 4 13
T 4707 5 0 1 0
E 4707 5 12 38
T 4708 17 0 1 0
E 4708 5 7 22
T 4709 16 0 5 0
E 4709 0 -8 -24
E 4709 1 -8 -24
E 4709 2 -8 -24
E 4709 3 -8 -24
E 4709 4 -8 -24
T 4710 32 0 6 0
E 4710 0 7 21
E 4710 1 7 21
E 4710 2 7 21
E 4710 3 7 21
E 4710 4 7 21
E 4710 5 18 54
T 4711 20 0 5 0
E 4711 0 -11 -35
E 4711 1 -11 -35
E 4711 2 -11 -35
E 4711 3 -11 -35
E 4711 4 -11 -35
T 4712 28 0 6 0
E 4712 0 6 19
E 4712 1 6 19
E 4712 2 6 19
E 4712 3 6 19
E 4712 4 6 19
E 4712 5 17 53
T 4713 19 0 5 0
E 4713 0 -10 -31
E 4713 1 -10 -31
E 4713 2 -10 -31
E 4713 3 -10 -31
E 4713 4 -10 -31
T 4714 29 0 6 0
E 4714 0 6 19
E 4714 1 6 19
E 4714 2 6 19
E 4714 3 6 19
E 4714 4 6 19
E 4714 5 18 55
T 4715 15 0 5 0
E 4715 0 -8 -25
E 4715 1 -8 -25
E 4715 2 -8 -25
E 4715 3 -8 -25
E 4715 4 -8 -25
T 4716 7 0 1 0
E 4716 5 14 44
T 4717 13 0 1 0
E 4717 5 11 35
T 4718 9 0 6 0
E 4718 0 -7 -21
E 4718 1 -7 -21
E 4718 2 -7 -21
E 4718 3 -7 -21
E 4718 4 -7 -21
E 4718 5 5 17
T 4719 9 0 1 0
E 4719 5 14 44
T 4720 2 0 6 0
E 4720 0 -5 -15
E 4720 1 -5 -15
E 4720 2 -5 -15
E 4720 3 -5 -15
E 4720 4 -5 -15
E 4720 5 8 24
T 4721 14 0 1 0
E 4721 5 12 38
T 4722 20 0 1 0
E 4722 5 10 30
T 4723 7 0 6 0
E 4723 0 -7 -22
E 4723 1 -7 -22
E 4723 2 -7 -22
E 4723 3 -7 -22
E 4723 4 -7 -22
E 4723 5 6 19
T 4724 9 0 1 0
E 4724 5 16 49
T 4725 18 0 1 0
E 4725 5 12 36
T 4726 6 0 6 0
E 4726 0 -7 -22
E 4726 1 -7 -22
E 4726 2 -7 -22
E 4726 3 -7 -22
E 4726 4 -7 -22
E 4726 5 7 21
T 4727 11 0 1 0
E 4727 5 16 48
T 4728 19 0 1 0
E 4728 5 12 37
T 4729 6 0 6 0
E 4729 0 -7 -21
E 4729 1 -7 -21
E 4729 2 -7 -21
E 4729 3 -7 -21
E 4729 4 -7 -21
E 4729 5 8 24
T 4730 12 0 1 0
E 4730 5 16 49
T 4731 4 0 6 0
E 4731 0 -4 -13
E 4731 1 -4 -13
E 4731 2 -4 -13
E 4731 3 -4 -13
E 4731 4 -4 -13
E 4731 5 11 33
T 4732 20 0 1 0
E 4732 5 12 38
T 4733 4 0 6 0
E 4733 0 -7 -23
E 4733 1 -7 -23
E 4733 2 -7 -23
E 4733 3 -7 -23
E 4733 4 -7 -23
E 4733 5 8 24
T 4734 14 0 1 0
E 4734 5 16 50
T 4735 22 0 1 0
E 4735 5 13 39
T 4736 4 0 6 0
E 4736 0 -7 -23
E 4736 1 -7 -23
E 4736 2 -7 -23
E 4736 3 -7 -23
E 4736 4 -7 -23
E 4736 5 8 25
T 4737 14 0 1 0
E 4737 5 16 50
T 4738 23 0 1 0
E 4738 5 12 37
T 4739 2 0 6 0
E 4739 0 -6 -19
E 4739 1 -6 -19
E 4739 2 -6 -19
E 4739 3 -6 -19
E 4739 4 -6 -19
E 4739 5 9 29
T 4740 13 0 1 0
E 4740 5 17 52
T 4741 4 0 6 0
E 4741 0 -4 -13
E 4741 1 -4 -13
E 4741 2 -4 -13
E 4741 3 -4 -13
E 4741 4 -4 -13
E 4741 5 11 35
T 4742 23 0 1 0
E 4742 5 12 37
T 4743 5 0 6 0
E 4743 0 -7 -21
E 4743 1 -7 -21
E 4743 2 -7 -21
E 4743 3 -7 -21
E 4743 4 -7 -21
E 4743 5 9 27
T 4744 18 0 1 0
E 4744 5 15 45
T 4745 2 0 6 0
E 4745 0 -6 -18
E 4745 1 -6 -18
E 4745 2 -6 -18
E 4745 3 -6 -18
E 4745 4 -6 -18
E 4745 5 10 30
T 4746 14 0 1 0
E 4746 5 17 51
T 4747 24 0 1 0
E 4747 5 12 36
T 4748 5 0 6 0
E 4748 0 -7 -21
E 4748 1 -7 -21
E 4748 2 -7 -21
E 4748 3 -7 -21
E 4748 4 -7 -21
E 4748 5 9 27
T 4749 12 0 1 0
E 4749 5 18 54
T 4750 1 0 6 0
E 4750 0 -5 -16
E 4750 1 -5 -16
E 4750 2 -5 -16
E 4750 3 -5 -16
E 4750 4 -5 -16
E 4750 5 10 32
T 4751 14 0 1 0
E 4751 5 16 50
T 4752 4 0 6 0
E 4752 0 -4 -13
E 4752 1 -4 -13
E 4752 2 -4 -13
E 4752 3 -4 -13
E 4752 4 -4 -13
E 4752 5 11 35
T 4753 19 0 1 0
E 4753 5 14 43
T 4754 2 0 6 0
E 4754 0 -6 -19
E 4754 1 -6 -19
E 4754 2 -6 -19
E 4754 3 -6 -19
E 4754 4 -6 -19
E 4754 5 9 29
T 4755 14 0 1 0
E 4755 5 16 50
T 4756 2 0 6 0
E 4756 0 -5 -17
E 4756 1 -5 -17
E 4756 2 -5 -17
E 4756 3 -5 -17
E 4756 4 -5 -17
E 4756 5 10 31
T 4757 20 0 1 0
E 4757 5 14 42
T 4758 11 0 6 0
E 4758 0 -9 -28
E 4758 1 -9 -28
E 4758 2 -9 -28
E 4758 3 -9 -28
E 4758 4 -9 -28
E 4758 5 6 20
T 4759 27 0 6 0
E 4759 0 4 13
E 4759 1 4 13
E 4759 2 4 13
E 4759 3 4 13
E 4759 4 4 13
E 4759 5 20 61
T 4760 10 0 6 0
E 4760 0 -9 -29
E 4760 1 -9 -29
E 4760 2 -9 -29
E 4760 3 -9 -29
E 4760 4 -9 -29
E 4760 5 6 19
T 4761 13 0 1 0
E 4761 5 17 52
T 4762 1 0 6 0
E 4762 0 -6 -20
E 4762 1 -6 -20
E 4762 2 -6 -20
E 4762 3 -6 -20
E 4762 4 -6 -20
E 4762 5 9 28
T 4763 12 0 1 0
E 4763 5 17 53
T 4764 1 0 6 0
E 4764 0 -5 -15
E 4764 1 -5 -15
E 4764 2 -5 -15
E 4764 3 -5 -15
E 4764 4 -5 -15
E 4764 5 11 33
T 4765 19 0 1 0
E 4765 5 14 43
T 4766 5 0 6 0
E 4766 0 -7 -21
E 4766 1 -7 -21
E 4766 2 -7 -21
E 4766 3 -7 -21
E 4766 4 -7 -21
E 4766 5 9 27
T 4767 11 0 1 0
E 4767 5 18 55
T 4768 24 0 1 0
E 4768 5 12 36
T 4769 11 0 6 0
E 4769 0 -9 -28
E 4769 1 -9 -28
E 4769 2 -9 -28
E 4769 3 -9 -28
E 4769 4 -9 -28
E 4769 5 6 20
T 4770 30 0 6 0
E 4770 0 5 16
E 4770 1 5 16
E 4770 2 5 16
E 4770 3 5 16
E 4770 4 5 16
E 4770 5 21 64
T 4771 10 0 6 0
E 4771 0 -9 -29
E 4771 1 -9 -29
E 4771 2 -9 -29
E 4771 3 -9 -29
E 4771 4 -9 -29
E 4771 5 6 19
T 4772 12 0 1 0
E 4772 5 17 53
T 4773 2 0 6 0
E 4773 0 -6 -19
E 4773 1 -6 -19
E 4773 2 -6 -19
E 4773 3 -6 -19
E 4773 4 -6 -19
E 4773 5 9 29
T 4774 20 0 1 0
E 4774 5 14 42
T 4775 11 0 6 0
E 4775 0 -9 -27
E 4775 1 -9 -27
E 4775 2 -9 -27
E 4775 3 -9 -27
E 4775 4 -9 -27
E 4775 5 7 21
T 4776 13 0 1 0
E 4776 5 17 52
T 4777 2 0 6 0
E 4777 0 -6 -19
E 4777 1 -6 -19
E 4777 2 -6 -19
E 4777 3 -6 -19
E 4777 4 -6 -19
E 4777 5 9 29
T 4778 13 0 1 0
E 4778 5 17 52
T 4779 1 0 6 0
E 4779 0 -5 -15
E 4779 1 -5 -15
E 4779 2 -5 -15
E 4779 3 -5 -15
E 4779 4 -5 -15
E 4779 5 11 33
T 4780 18 0 1 0
E 4780 5 15 45
T 4781 1 0 6 0
E 4781 0 -5 -15
E 4781 1 -5 -15
E 4781 2 -5 -15
E 4781 3 -5 -15
E 4781 4 -5 -15
E 4781 5 11 33
T 4782 16 0 1 0
E 4782 5 16 48
T 4783 8 0 6 0
E 4783 0 -8 -24
E 4783 1 -8 -24
E 4783 2 -8 -24
E 4783 3 -8 -24
E 4783 4 -8 -24
E 4783 5 8 24
T 4784 12 0 1 0
E 4784 5 18 54
T 4785 1 0 6 0
E 4785 0 -5 -15
E 4785 1 -5 -15
E 4785 2 -5 -15
E 4785 3 -5 -15
E 4785 4 -5 -15
E 4785 5 11 33
T 4786 19 0 1 0
E 4786 5 14 43
T 4787 7 0 6 0
E 4787 0 -8 -26
E 4787 1 -8 -26
E 4787 2 -8 -26
E 4787 3 -8 -26
E 4787 4 -8 -26
E 4787 5 7 22
T 4788 8 0 1 0
E 4788 5 19 59
T 4789 23 0 1 0
E 4789 5 12 37
T 4790 2 0 6 0
E 4790 0 -6 -19
E 4790 1 -6 -19
E 4790 2 -6 -19
E 4790 3 -6 -19
E 4790 4 -6 -19
E 4790 5 9 29
T 4791 20 0 1 0
E 4791 5 14 42
T 4792 2 0 6 0
E 4792 0 -6 -19
E 4792 1 -6 -19
E 4792 2 -6 -19
E 4792 3 -6 -19
E 4792 4 -6 -19
E 4792 5 9 29
T 4793 14 0 1 0
E 4793 5 17 51
T 4794 22 0 1 0
E 4794 5 12 38
T 4795 11 0 6 0
E 4795 0 -9 -27
E 4795 1 -9 -27
E 4795 2 -9 -27
E 4795 3 -9 -27
E 4795 4 -9 -27
E 4795 5 7 21
T 4796 27 0 6 0
E 4796 0 4 13
E 4796 1 4 13
E 4796 2 4 13
E 4796 3 4 13
E 4796 4 4 13
E 4796 5 20 61
T 4797 13 0 6 0
E 4797 0 -10 -32
E 4797 1 -10 -32
E 4797 2 -10 -32
E 4797 3 -10 -32
E 4797 4 -10 -32
E 4797 5 5 16
T 4798 10 0 1 0
E 4798 5 18 56
T 4799 21 0 1 0
E 4799 5 13 40
F 16333 456438 0 4541 288 0 0 0
