T 0 1 0 0 0
T 1 2 0 0 0
T 2 1 0 0 0
T 3 2 0 0 0
T 4 2 0 0 0
T 5 4 0 0 0
T 6 1 0 0 0
T 7 1 0 0 0
T 8 2 0 0 0
T 9 24 0 5 0
E 9 2 -5 -15
E 9 3 -5 -15
E 9 4 -5 -15
E 9 5 -5 -15
E 9 6 -5 -15
T 10 10 0 2 0
E 10 0 7 21
E 10 1 4 13
T 11 10 0 1 0
E 11 0 5 15
T 12 10 0 1 0
E 12 0 4 14
T 13 23 0 4 0
E 13 3 -4 -13
E 13 4 -4 -13
E 13 5 -4 -13
E 13 6 -4 -13
T 14 9 0 3 0
E 14 0 10 31
E 14 1 7 23
E 14 2 5 15
T 15 28 0 4 0
E 15 3 -5 -16
E 15 4 -5 -16
E 15 5 -5 -16
E 15 6 -5 -16
T 16 9 0 3 0
E 16 0 10 30
E 16 1 7 22
E 16 2 4 14
T 17 30 0 4 0
E 17 3 -4 -13
E 17 4 -5 -16
E 17 5 -5 -16
E 17 6 -5 -16
T 18 9 0 3 0
E 18 0 11 33
E 18 1 8 25
E 18 2 5 17
T 19 25 0 4 0
E 19 0 5 15
E 19 4 -5 -15
E 19 5 -5 -15
E 19 6 -5 -15
T 20 9 0 3 0
E 20 0 10 32
E 20 1 8 24
E 20 2 5 16
T 21 27 0 4 0
E 21 0 4 13
E 21 4 -6 -19
E 21 5 -6 -20
E 21 6 -6 -20
T 22 12 0 2 0
E 22 0 8 25
E 22 1 5 17
T 23 34 0 3 0
E 23 4 -6 -20
E 23 5 -8 -24
E 23 6 -8 -24
T 24 9 0 3 0
E 24 0 10 31
E 24 1 7 23
E 24 2 5 15
T 25 41 0 4 0
E 25 3 -5 -16
E 25 4 -8 -24
E 25 5 -10 -32
E 25 6 -10 -32
T 26 3 0 4 0
E 26 0 14 44
E 26 1 12 36
E 26 2 9 28
E 26 3 6 20
T 27 50 0 5 0
E 27 2 -5 -17
E 27 3 -8 -25
E 27 4 -11 -33
E 27 5 -13 -41
E 27 6 -14 -44
T 28 2 0 5 0
E 28 0 15 45
E 28 1 12 37
E 28 2 9 29
E 28 3 7 21
E 28 4 4 13
T 29 45 0 4 0
E 29 3 -6 -20
E 29 4 -9 -28
E 29 5 -12 -36
E 29 6 -14 -42
T 30 3 0 4 0
E 30 0 14 44
E 30 1 12 36
E 30 2 9 28
E 30 3 6 20
T 31 45 0 4 0
E 31 3 -6 -20
E 31 4 -9 -28
E 31 5 -12 -36
E 31 6 -14 -44
T 32 3 0 4 0
E 32 0 14 44
E 32 1 12 36
E 32 2 9 28
E 32 3 6 20
T 33 43 0 4 0
E 33 3 -4 -14
E 33 4 -7 -22
E 33 5 -10 -30
E 33 6 -12 -38
T 34 2 0 5 0
E 34 0 15 45
E 34 1 12 37
E 34 2 9 29
E 34 3 7 21
E 34 4 4 13
T 35 52 0 5 0
E 35 2 -5 -16
E 35 3 -8 -24
E 35 4 -10 -32
E 35 5 -13 -40
E 35 6 -16 -48
T 36 12 0 6 0
E 36 0 18 54
E 36 1 15 46
E 36 2 12 38
E 36 3 10 30
E 36 4 7 22
E 36 5 4 14
T 37 13 0 7 1
E 37 0 -1 -15
E 37 1 -2 -23
E 37 2 -3 -31
E 37 3 -4 -39
E 37 4 -5 -47
E 37 5 -6 -55
E 37 6 -7 -63
T 38 35 0 4 0
E 38 0 4 14
E 38 4 -6 -18
E 38 5 -8 -26
E 38 6 -11 -34
T 39 13 0 4 0
E 39 0 11 34
E 39 1 8 26
E 39 2 6 18
E 39 6 -4 -14
T 40 39 0 3 0
E 40 4 -6 -20
E 40 5 -9 -28
E 40 6 -12 -36
T 41 4 0 4 0
E 41 0 13 39
E 41 1 10 31
E 41 2 7 23
E 41 3 5 15
T 42 50 0 5 0
E 42 2 -4 -13
E 42 3 -7 -21
E 42 4 -9 -29
E 42 5 -12 -37
E 42 6 -15 -45
T 43 4 0 5 0
E 43 0 16 48
E 43 1 13 40
E 43 2 10 32
E 43 3 8 24
E 43 4 5 16
T 44 54 0 5 0
E 44 2 -6 -19
E 44 3 -9 -27
E 44 4 -11 -35
E 44 5 -14 -43
E 44 6 -17 -51
T 45 5 0 5 0
E 45 0 16 50
E 45 1 14 42
E 45 2 11 34
E 45 3 8 26
E 45 4 6 18
T 46 54 0 5 0
E 46 2 -6 -20
E 46 3 -9 -28
E 46 4 -12 -36
E 46 5 -14 -44
E 46 6 -17 -52
T 47 18 0 6 0
E 47 0 20 60
E 47 1 17 52
E 47 2 14 44
E 47 3 12 36
E 47 4 9 28
E 47 5 6 20
T 48 11 0 7 1
E 48 0 -1 -17
E 48 1 -2 -25
E 48 2 -3 -33
E 48 3 -4 -41
E 48 4 -5 -49
E 48 5 -6 -57
E 48 6 -7 -65
T 49 44 0 4 0
E 49 3 -5 -15
E 49 4 -7 -23
E 49 5 -10 -31
E 49 6 -13 -39
T 50 4 0 4 0
E 50 0 13 40
E 50 1 10 32
E 50 2 8 24
E 50 3 5 16
T 51 50 0 5 0
E 51 2 -4 -14
E 51 3 -7 -22
E 51 4 -10 -30
E 51 5 -12 -38
E 51 6 -15 -46
T 52 4 0 5 0
E 52 0 16 49
E 52 1 13 41
E 52 2 11 33
E 52 3 8 25
E 52 4 5 17
T 53 63 0 6 0
E 53 1 -5 -17
E 53 2 -8 -25
E 53 3 -11 -33
E 53 4 -13 -41
E 53 5 -16 -49
E 53 6 -19 -57
T 54 35 0 7 1
E 54 0 7 63
E 54 1 6 55
E 54 2 5 47
E 54 3 4 39
E 54 4 3 31
E 54 5 2 23
E 54 6 1 15
T 55 14 0 4 0
E 55 0 11 33
E 55 1 8 25
E 55 2 5 17
E 55 6 -5 -15
T 56 33 0 4 0
E 56 0 6 19
E 56 4 -4 -13
E 56 5 -7 -21
E 56 6 -9 -29
T 57 4 0 4 0
E 57 0 13 39
E 57 1 10 31
E 57 2 7 23
E 57 3 5 15
T 58 44 0 4 0
E 58 3 -5 -16
E 58 4 -8 -24
E 58 5 -10 -32
E 58 6 -13 -40
T 59 3 0 4 0
E 59 0 14 43
E 59 1 11 35
E 59 2 9 27
E 59 3 6 19
T 60 45 0 4 0
E 60 3 -6 -19
E 60 4 -9 -27
E 60 5 -11 -35
E 60 6 -14 -43
T 61 4 0 5 0
E 61 0 16 49
E 61 1 13 41
E 61 2 11 33
E 61 3 8 25
E 61 4 5 17
T 62 60 0 6 0
E 62 1 -4 -14
E 62 2 -7 -22
E 62 3 -10 -30
E 62 4 -12 -38
E 62 5 -15 -46
E 62 6 -18 -54
T 63 37 0 7 1
E 63 0 7 67
E 63 1 6 59
E 63 2 5 51
E 63 3 4 43
E 63 4 3 35
E 63 5 3 27
E 63 6 2 19
T 64 4 0 4 0
E 64 0 13 41
E 64 1 11 33
E 64 2 8 25
E 64 3 5 17
T 65 52 0 5 0
E 65 2 -5 -16
E 65 3 -8 -24
E 65 4 -10 -32
E 65 5 -13 -40
E 65 6 -16 -48
T 66 15 0 6 0
E 66 0 19 57
E 66 1 16 49
E 66 2 13 41
E 66 3 11 33
E 66 4 8 25
E 66 5 5 17
T 67 61 0 6 0
E 67 1 -5 -15
E 67 2 -7 -23
E 67 3 -10 -31
E 67 4 -13 -39
E 67 5 -15 -47
E 67 6 -18 -55
T 68 35 0 7 1
E 68 0 6 62
E 68 1 6 54
E 68 2 5 46
E 68 3 4 38
E 68 4 3 30
E 68 5 2 22
E 68 6 1 14
T 69 4 0 4 0
E 69 0 13 40
E 69 1 10 32
E 69 2 8 24
E 69 3 5 16
T 70 43 0 4 0
E 70 3 -4 -13
E 70 4 -7 -21
E 70 5 -9 -29
E 70 6 -12 -37
T 71 5 0 5 0
E 71 0 16 50
E 71 1 14 42
E 71 2 11 34
E 71 3 8 26
E 71 4 6 18
T 72 54 0 5 0
E 72 2 -6 -20
E 72 3 -9 -28
E 72 4 -12 -36
E 72 5 -14 -44
E 72 6 -17 -52
T 73 14 0 6 0
E 73 0 18 56
E 73 1 16 48
E 73 2 13 40
E 73 3 10 32
E 73 4 8 24
E 73 5 5 16
T 74 64 0 6 0
E 74 1 -6 -18
E 74 2 -8 -26
E 74 3 -11 -34
E 74 4 -14 -42
E 74 5 -16 -50
E 74 6 -19 -58
T 75 35 0 7 1
E 75 0 7 63
E 75 1 6 55
E 75 2 5 47
E 75 3 4 39
E 75 4 3 31
E 75 5 2 23
E 75 6 1 15
T 76 14 0 4 0
E 76 0 10 32
E 76 1 8 24
E 76 2 5 16
E 76 6 -5 -16
T 77 33 0 4 0
E 77 0 6 18
E 77 4 -4 -14
E 77 5 -7 -22
E 77 6 -10 -30
T 78 4 0 4 0
E 78 0 13 39
E 78 1 10 31
E 78 2 7 23
E 78 3 5 15
T 79 50 0 5 0
E 79 2 -4 -13
E 79 3 -7 -21
E 79 4 -9 -29
E 79 5 -12 -37
E 79 6 -15 -45
T 80 16 0 6 0
E 80 0 19 58
E 80 1 16 50
E 80 2 14 42
E 80 3 11 34
E 80 4 8 26
E 80 5 6 18
T 81 63 0 6 0
E 81 1 -5 -17
E 81 2 -8 -25
E 81 3 -11 -33
E 81 4 -13 -41
E 81 5 -16 -49
E 81 6 -19 -57
T 82 35 0 7 1
E 82 0 6 61
E 82 1 5 53
E 82 2 5 45
E 82 3 4 37
E 82 4 3 29
E 82 5 2 21
E 82 6 1 13
T 83 13 0 4 0
E 83 0 11 34
E 83 1 8 26
E 83 2 6 18
E 83 6 -4 -14
T 84 34 0 4 0
E 84 0 5 16
E 84 4 -5 -16
E 84 5 -8 -24
E 84 6 -10 -32
T 85 4 0 4 0
E 85 0 13 39
E 85 1 10 31
E 85 2 7 23
E 85 3 5 15
T 86 44 0 4 0
E 86 3 -5 -17
E 86 4 -8 -25
E 86 5 -11 -33
E 86 6 -13 -41
T 87 2 0 5 0
E 87 0 15 46
E 87 1 12 38
E 87 2 10 30
E 87 3 7 22
E 87 4 4 14
T 88 51 0 5 0
E 88 2 -5 -15
E 88 3 -7 -23
E 88 4 -10 -31
E 88 5 -13 -39
E 88 6 -15 -47
T 89 4 0 5 0
E 89 0 16 49
E 89 1 13 41
E 89 2 11 33
E 89 3 8 25
E 89 4 5 17
T 90 52 0 5 0
E 90 2 -5 -17
E 90 3 -8 -25
E 90 4 -11 -33
E 90 5 -13 -41
E 90 6 -16 -49
T 91 4 0 5 0
E 91 0 16 49
E 91 1 13 41
E 91 2 11 33
E 91 3 8 25
E 91 4 5 17
T 92 50 0 5 0
E 92 2 -4 -14
E 92 3 -7 -22
E 92 4 -10 -30
E 92 5 -12 -38
E 92 6 -15 -46
T 93 11 0 6 0
E 93 0 17 53
E 93 1 15 45
E 93 2 12 37
E 93 3 9 29
E 93 4 7 21
E 93 5 4 13
T 94 13 0 7 1
E 94 0 -1 -15
E 94 1 -2 -23
E 94 2 -3 -31
E 94 3 -4 -39
E 94 4 -5 -47
E 94 5 -6 -55
E 94 6 -7 -63
T 95 35 0 4 0
E 95 0 4 13
E 95 4 -6 -19
E 95 5 -9 -27
E 95 6 -11 -35
T 96 14 0 4 0
E 96 0 10 32
E 96 1 8 24
E 96 2 5 16
E 96 6 -5 -16
T 97 36 0 3 0
E 97 4 -6 -19
E 97 5 -9 -27
E 97 6 -11 -35
T 98 9 0 4 0
E 98 0 10 30
E 98 1 9 27
E 98 2 6 19
E 98 6 -4 -13
T 99 27 0 2 0
E 99 5 -6 -20
E 99 6 -9 -28
T 100 4 0 4 0
E 100 0 10 30
E 100 1 11 33
E 100 2 8 25
E 100 3 5 17
T 101 32 0 4 0
E 101 3 -6 -18
E 101 4 -8 -26
E 101 5 -11 -34
E 101 6 -14 -42
T 102 11 0 5 0
E 102 0 9 29
E 102 1 11 34
E 102 2 9 29
E 102 3 7 21
E 102 4 4 13
T 103 27 0 4 0
E 103 3 -6 -18
E 103 4 -8 -26
E 103 5 -11 -34
E 103 6 -14 -42
T 104 13 0 5 0
E 104 0 8 24
E 104 1 9 29
E 104 2 9 29
E 104 3 7 21
E 104 4 4 13
T 105 15 0 3 0
E 105 4 -6 -20
E 105 5 -9 -28
E 105 6 -12 -36
T 106 4 0 3 0
E 106 1 5 17
E 106 2 7 22
E 106 3 4 14
T 107 6 0 1 0
E 107 6 -6 -19
T 108 0 0 1 0
E 108 2 5 15
T 109 5 0 1 0
E 109 6 -4 -13
T 110 6 0 2 0
E 110 2 5 15
E 110 3 6 18
T 111 2 0 1 0
E 111 6 -5 -16
T 112 3 0 1 0
E 112 6 -4 -13
T 113 8 0 0 0
T 114 11 0 0 0
T 115 6 0 2 0
E 115 0 -5 -15
E 115 6 -4 -13
T 116 9 0 1 0
E 116 0 -4 -13
T 117 10 0 1 0
E 117 4 4 14
T 118 11 0 0 0
T 119 9 0 1 0
E 119 0 -4 -13
T 120 14 0 1 0
E 120 5 4 13
T 121 10 0 1 0
E 121 0 -4 -14
T 122 10 0 1 0
E 122 0 -5 -15
T 123 18 0 2 0
E 123 5 5 16
E 123 6 4 13
T 124 10 0 2 0
E 124 0 -7 -22
E 124 1 -5 -17
T 125 14 1 2 0
E 125 0 -4 -14
E 125 6 4 14
T 126 9 0 2 0
E 126 0 -6 -20
E 126 1 -5 -15
T 127 21 0 2 0
E 127 5 5 16
E 127 6 7 21
T 128 10 0 2 0
E 128 0 -7 -22
E 128 1 -5 -17
T 129 21 0 2 0
E 129 5 5 15
E 129 6 6 20
T 130 6 0 3 0
E 130 0 -8 -25
E 130 1 -6 -20
E 130 2 -5 -15
T 131 20 0 2 0
E 131 5 5 17
E 131 6 7 22
T 132 8 0 2 0
E 132 0 -6 -18
E 132 1 -4 -13
T 133 15 0 2 0
E 133 0 -4 -14
E 133 6 5 16
T 134 15 0 2 0
E 134 0 -5 -16
E 134 6 4 14
T 135 9 0 2 0
E 135 0 -6 -19
E 135 1 -4 -14
T 136 15 0 2 0
E 136 0 -4 -14
E 136 6 5 16
T 137 15 1 2 0
E 137 0 -5 -15
E 137 6 5 15
T 138 14 0 2 0
E 138 0 -4 -13
E 138 6 5 17
T 139 9 0 2 0
E 139 0 -7 -21
E 139 1 -5 -16
T 140 14 0 2 0
E 140 0 -4 -13
E 140 6 5 17
T 141 21 0 2 0
E 141 5 4 14
E 141 6 6 19
T 142 6 0 3 0
E 142 0 -8 -24
E 142 1 -6 -19
E 142 2 -4 -14
T 143 21 0 2 0
E 143 5 5 15
E 143 6 6 20
T 144 2 0 4 0
E 144 0 -9 -28
E 144 1 -7 -23
E 144 2 -6 -18
E 144 3 -4 -13
T 145 28 0 4 0
E 145 3 4 14
E 145 4 6 19
E 145 5 8 24
E 145 6 9 29
T 146 6 0 3 0
E 146 0 -8 -24
E 146 1 -6 -18
E 146 2 -4 -13
T 147 22 0 2 0
E 147 5 4 14
E 147 6 6 19
T 148 3 0 4 0
E 148 0 -10 -30
E 148 1 -7 -23
E 148 2 -6 -18
E 148 3 -4 -13
T 149 27 0 3 0
E 149 4 5 17
E 149 5 7 22
E 149 6 9 27
T 150 11 0 2 0
E 150 0 -8 -24
E 150 1 -5 -16
T 151 17 0 2 0
E 151 0 -6 -18
E 151 6 5 16
T 152 21 0 3 0
E 152 0 -4 -14
E 152 5 5 15
E 152 6 6 20
T 153 12 0 2 0
E 153 0 -9 -27
E 153 1 -6 -19
T 154 18 0 2 0
E 154 0 -6 -19
E 154 6 5 17
T 155 22 0 3 0
E 155 0 -5 -17
E 155 5 4 14
E 155 6 6 19
T 156 12 0 2 0
E 156 0 -9 -27
E 156 1 -6 -19
T 157 31 0 3 0
E 157 4 5 15
E 157 5 6 20
E 157 6 8 25
T 158 9 0 3 0
E 158 0 -11 -35
E 158 1 -9 -27
E 158 2 -6 -19
T 159 39 0 4 0
E 159 3 6 19
E 159 4 8 24
E 159 5 9 29
E 159 6 11 34
T 160 5 0 4 0
E 160 0 -12 -38
E 160 1 -10 -30
E 160 2 -7 -22
E 160 3 -4 -14
T 161 39 0 4 0
E 161 3 5 16
E 161 4 7 22
E 161 5 9 27
E 161 6 10 32
T 162 3 0 5 0
E 162 0 -15 -46
E 162 1 -12 -38
E 162 2 -10 -30
E 162 3 -7 -22
E 162 4 -5 -16
T 163 49 0 5 0
E 163 2 6 18
E 163 3 8 26
E 163 4 11 33
E 163 5 12 38
E 163 6 14 43
T 164 32 0 7 1
E 164 0 -6 -55
E 164 1 -5 -47
E 164 2 -4 -39
E 164 3 -3 -31
E 164 4 -2 -23
E 164 5 -2 -18
E 164 6 -1 -13
T 165 9 0 3 0
E 165 0 -11 -33
E 165 1 -8 -25
E 165 2 -5 -17
T 166 41 0 4 0
E 166 3 4 13
E 166 4 7 21
E 166 5 9 27
E 166 6 10 32
T 167 4 0 5 0
E 167 0 -16 -48
E 167 1 -13 -40
E 167 2 -10 -32
E 167 3 -8 -24
E 167 4 -5 -16
T 168 51 0 5 0
E 168 2 5 17
E 168 3 8 25
E 168 4 11 33
E 168 5 13 40
E 168 6 15 45
T 169 4 0 5 0
E 169 0 -16 -48
E 169 1 -13 -40
E 169 2 -10 -32
E 169 3 -8 -24
E 169 4 -5 -16
T 170 50 0 5 0
E 170 2 5 15
E 170 3 7 23
E 170 4 10 31
E 170 5 13 39
E 170 6 14 44
T 171 6 0 5 0
E 171 0 -17 -52
E 171 1 -14 -44
E 171 2 -12 -36
E 171 3 -9 -28
E 171 4 -6 -20
T 172 65 0 6 0
E 172 1 6 19
E 172 2 9 27
E 172 3 11 35
E 172 4 14 43
E 172 5 17 51
E 172 6 19 57
T 173 37 0 7 1
E 173 0 -7 -71
E 173 1 -7 -63
E 173 2 -6 -55
E 173 3 -5 -47
E 173 4 -4 -39
E 173 5 -3 -31
E 173 6 -2 -24
T 174 4 0 4 0
E 174 0 -13 -39
E 174 1 -10 -31
E 174 2 -7 -23
E 174 3 -5 -15
T 175 51 0 5 0
E 175 2 5 15
E 175 3 7 23
E 175 4 10 31
E 175 5 13 39
E 175 6 15 47
T 176 14 0 6 0
E 176 0 -18 -56
E 176 1 -16 -48
E 176 2 -13 -40
E 176 3 -10 -32
E 176 4 -8 -24
E 176 5 -5 -16
T 177 63 0 6 0
E 177 1 5 17
E 177 2 8 25
E 177 3 11 33
E 177 4 13 41
E 177 5 16 49
E 177 6 19 57
T 178 36 0 7 1
E 178 0 -7 -64
E 178 1 -6 -56
E 178 2 -5 -48
E 178 3 -4 -40
E 178 4 -3 -32
E 178 5 -2 -24
E 178 6 -1 -16
T 179 9 0 3 0
E 179 0 -12 -36
E 179 1 -9 -28
E 179 2 -6 -20
T 180 35 0 4 0
E 180 0 -4 -14
E 180 4 6 18
E 180 5 8 26
E 180 6 11 34
T 181 14 0 4 0
E 181 0 -10 -32
E 181 1 -8 -24
E 181 2 -5 -16
E 181 6 5 16
T 182 34 0 4 0
E 182 0 -5 -16
E 182 4 5 16
E 182 5 8 24
E 182 6 10 32
T 183 13 0 4 0
E 183 0 -11 -34
E 183 1 -8 -26
E 183 2 -6 -18
E 183 6 4 14
T 184 34 0 4 0
E 184 0 -5 -17
E 184 4 5 15
E 184 5 7 23
E 184 6 10 31
T 185 14 0 4 0
E 185 0 -11 -33
E 185 1 -8 -25
E 185 2 -5 -17
E 185 6 5 15
T 186 43 0 4 0
E 186 3 4 14
E 186 4 7 22
E 186 5 10 30
E 186 6 12 38
T 187 3 0 4 0
E 187 0 -14 -43
E 187 1 -11 -35
E 187 2 -9 -27
E 187 3 -6 -19
T 188 45 0 4 0
E 188 3 6 19
E 188 4 9 27
E 188 5 11 35
E 188 6 14 43
T 189 3 0 4 0
E 189 0 -14 -42
E 189 1 -11 -34
E 189 2 -8 -26
E 189 3 -6 -18
T 190 44 0 4 0
E 190 3 5 16
E 190 4 8 24
E 190 5 10 32
E 190 6 13 40
T 191 4 0 5 0
E 191 0 -16 -49
E 191 1 -13 -41
E 191 2 -11 -33
E 191 3 -8 -25
E 191 4 -5 -17
T 192 54 0 5 0
E 192 2 6 19
E 192 3 9 27
E 192 4 11 35
E 192 5 14 43
E 192 6 17 51
T 193 14 0 6 0
E 193 0 -18 -56
E 193 1 -16 -48
E 193 2 -13 -40
E 193 3 -10 -32
E 193 4 -8 -24
E 193 5 -5 -16
T 194 13 0 7 1
E 194 0 1 15
E 194 1 2 23
E 194 2 3 31
E 194 3 4 39
E 194 4 5 47
E 194 5 6 55
E 194 6 7 63
T 195 33 0 4 0
E 195 0 -6 -18
E 195 4 4 14
E 195 5 7 22
E 195 6 10 30
T 196 14 0 4 0
E 196 0 -10 -31
E 196 1 -7 -23
E 196 2 -5 -15
E 196 6 5 17
T 197 43 0 4 0
E 197 3 4 13
E 197 4 7 21
E 197 5 9 29
E 197 6 12 37
T 198 4 0 4 0
E 198 0 -13 -41
E 198 1 -11 -33
E 198 2 -8 -25
E 198 3 -5 -17
T 199 39 0 3 0
E 199 4 6 20
E 199 5 9 28
E 199 6 12 36
T 200 4 0 4 0
E 200 0 -13 -39
E 200 1 -10 -31
E 200 2 -7 -23
E 200 3 -5 -15
T 201 44 0 4 0
E 201 3 5 15
E 201 4 7 23
E 201 5 10 31
E 201 6 13 39
T 202 3 0 4 0
E 202 0 -14 -44
E 202 1 -12 -36
E 202 2 -9 -28
E 202 3 -6 -20
T 203 50 0 5 0
E 203 2 4 14
E 203 3 7 22
E 203 4 10 30
E 203 5 12 38
E 203 6 15 46
T 204 6 0 5 0
E 204 0 -17 -51
E 204 1 -14 -43
E 204 2 -11 -35
E 204 3 -9 -27
E 204 4 -6 -19
T 205 59 0 6 0
E 205 1 4 13
E 205 2 7 21
E 205 3 9 29
E 205 4 12 37
E 205 5 15 45
E 205 6 17 53
T 206 13 0 6 0
E 206 0 -18 -55
E 206 1 -15 -47
E 206 2 -13 -39
E 206 3 -10 -31
E 206 4 -7 -23
E 206 5 -5 -15
T 207 11 0 7 1
E 207 0 1 17
E 207 1 2 25
E 207 2 3 33
E 207 3 4 41
E 207 4 5 49
E 207 5 6 57
E 207 6 7 65
T 208 44 0 4 0
E 208 3 5 15
E 208 4 7 23
E 208 5 10 31
E 208 6 13 39
T 209 5 0 5 0
E 209 0 -16 -50
E 209 1 -14 -42
E 209 2 -11 -34
E 209 3 -8 -26
E 209 4 -6 -18
T 210 53 0 5 0
E 210 2 6 18
E 210 3 8 26
E 210 4 11 34
E 210 5 14 42
E 210 6 16 50
T 211 6 0 5 0
E 211 0 -17 -51
E 211 1 -14 -43
E 211 2 -11 -35
E 211 3 -9 -27
E 211 4 -6 -19
T 212 59 0 6 0
E 212 1 4 13
E 212 2 7 21
E 212 3 9 29
E 212 4 12 37
E 212 5 15 45
E 212 6 17 53
T 213 37 0 7 1
E 213 0 -7 -66
E 213 1 -6 -58
E 213 2 -5 -50
E 213 3 -4 -42
E 213 4 -3 -34
E 213 5 -2 -26
E 213 6 -2 -18
T 214 4 0 4 0
E 214 0 -13 -40
E 214 1 -10 -32
E 214 2 -8 -24
E 214 3 -5 -16
T 215 50 0 5 0
E 215 2 4 14
E 215 3 7 22
E 215 4 10 30
E 215 5 12 38
E 215 6 15 46
T 216 5 0 5 0
E 216 0 -16 -50
E 216 1 -14 -42
E 216 2 -11 -34
E 216 3 -8 -26
E 216 4 -6 -18
T 217 62 0 6 0
E 217 1 5 16
E 217 2 8 24
E 217 3 10 32
E 217 4 13 40
E 217 5 16 48
E 217 6 18 56
T 218 16 0 6 0
E 218 0 -19 -58
E 218 1 -16 -50
E 218 2 -14 -42
E 218 3 -11 -34
E 218 4 -8 -26
E 218 5 -6 -18
T 219 11 0 7 1
E 219 0 2 20
E 219 1 3 28
E 219 2 4 36
E 219 3 4 44
E 219 4 5 52
E 219 5 6 60
E 219 6 7 68
T 220 43 0 4 0
E 220 3 4 13
E 220 4 7 21
E 220 5 9 29
E 220 6 12 37
T 221 4 0 4 0
E 221 0 -13 -41
E 221 1 -11 -33
E 221 2 -8 -25
E 221 3 -5 -17
T 222 45 0 4 0
E 222 3 6 18
E 222 4 8 26
E 222 5 11 34
E 222 6 14 42
T 223 3 0 5 0
E 223 0 -15 -47
E 223 1 -13 -39
E 223 2 -10 -31
E 223 3 -7 -23
E 223 4 -5 -15
T 224 52 0 5 0
E 224 2 5 17
E 224 3 8 25
E 224 4 11 33
E 224 5 13 41
E 224 6 16 49
T 225 6 0 5 0
E 225 0 -17 -52
E 225 1 -14 -44
E 225 2 -12 -36
E 225 3 -9 -28
E 225 4 -6 -20
T 226 51 0 5 0
E 226 2 5 15
E 226 3 7 23
E 226 4 10 31
E 226 5 13 39
E 226 6 15 47
T 227 3 0 5 0
E 227 0 -15 -47
E 227 1 -13 -39
E 227 2 -10 -31
E 227 3 -7 -23
E 227 4 -5 -15
T 228 50 0 5 0
E 228 2 4 14
E 228 3 7 22
E 228 4 10 30
E 228 5 12 38
E 228 6 15 46
T 229 15 0 6 0
E 229 0 -19 -57
E 229 1 -16 -49
E 229 2 -13 -41
E 229 3 -11 -33
E 229 4 -8 -25
E 229 5 -5 -17
T 230 11 0 7 1
E 230 0 2 19
E 230 1 3 27
E 230 2 3 35
E 230 3 4 43
E 230 4 5 51
E 230 5 6 59
E 230 6 7 67
T 231 43 0 4 0
E 231 3 4 14
E 231 4 7 22
E 231 5 10 30
E 231 6 12 38
T 232 5 0 5 0
E 232 0 -16 -50
E 232 1 -14 -42
E 232 2 -11 -34
E 232 3 -8 -26
E 232 4 -6 -18
T 233 62 0 6 0
E 233 1 5 16
E 233 2 8 24
E 233 3 10 32
E 233 4 13 40
E 233 5 16 48
E 233 6 18 56
T 234 18 0 6 0
E 234 0 -20 -60
E 234 1 -17 -52
E 234 2 -14 -44
E 234 3 -12 -36
E 234 4 -9 -28
E 234 5 -6 -20
T 235 65 0 6 0
E 235 1 6 19
E 235 2 9 27
E 235 3 11 35
E 235 4 14 43
E 235 5 17 51
E 235 6 19 59
T 236 35 0 7 1
E 236 0 -6 -61
E 236 1 -5 -53
E 236 2 -5 -45
E 236 3 -4 -37
E 236 4 -3 -29
E 236 5 -2 -21
E 236 6 -1 -13
T 237 4 0 4 0
E 237 0 -13 -39
E 237 1 -10 -31
E 237 2 -7 -23
E 237 3 -5 -15
T 238 45 0 4 0
E 238 3 6 18
E 238 4 8 26
E 238 5 11 34
E 238 6 14 42
T 239 6 0 5 0
E 239 0 -17 -52
E 239 1 -14 -44
E 239 2 -12 -36
E 239 3 -9 -28
E 239 4 -6 -20
T 240 23 0 6 0
E 240 0 17 51
E 240 2 6 19
E 240 3 9 27
E 240 4 11 35
E 240 5 14 43
E 240 6 17 51
T 241 6 0 7 1
E 241 0 -2 -23
E 241 1 -7 -66
E 241 2 -6 -58
E 241 3 -5 -50
E 241 4 -4 -42
E 241 5 -3 -34
E 241 6 -2 -26
T 242 42 0 4 0
E 242 1 -13 -41
E 242 2 -11 -33
E 242 3 -8 -25
E 242 4 -5 -17
T 243 5 0 4 0
E 243 0 13 39
E 243 4 4 14
E 243 5 7 22
E 243 6 10 30
T 244 45 0 5 0
E 244 0 4 13
E 244 1 -13 -40
E 244 2 -10 -32
E 244 3 -8 -24
E 244 4 -5 -16
T 245 2 0 5 0
E 245 0 15 45
E 245 1 12 37
E 245 4 4 13
E 245 5 7 21
E 245 6 9 29
T 246 56 0 5 0
E 246 2 -16 -50
E 246 3 -14 -42
E 246 4 -11 -34
E 246 5 -8 -26
E 246 6 -6 -18
T 247 12 0 6 0
E 247 0 20 62
E 247 1 18 54
E 247 3 5 16
E 247 4 8 24
E 247 5 10 32
E 247 6 13 40
T 248 75 0 6 0
E 248 1 -4 -14
E 248 2 -21 -63
E 248 3 -18 -55
E 248 4 -15 -47
E 248 5 -13 -39
E 248 6 -10 -31
T 249 47 0 7 1
E 249 0 8 80
E 249 1 8 72
E 249 2 2 19
E 249 3 3 27
E 249 4 3 35
E 249 5 4 43
E 249 6 5 51
T 250 2 0 5 0
E 250 0 18 54
E 250 1 15 46
E 250 2 12 38
E 250 5 4 14
E 250 6 7 22
T 251 76 0 6 0
E 251 1 -5 -15
E 251 2 -7 -23
E 251 3 -22 -66
E 251 4 -19 -58
E 251 5 -16 -50
E 251 6 -14 -42
T 252 45 0 7 1
E 252 0 9 82
E 252 1 8 74
E 252 2 7 66
E 252 3 2 20
E 252 4 3 28
E 252 5 4 36
E 252 6 4 44
T 253 15 0 4 0
E 253 0 15 45
E 253 1 12 37
E 253 2 9 29
E 253 3 -6 -20
T 254 62 0 5 0
E 254 0 6 19
E 254 3 -16 -50
E 254 4 -14 -42
E 254 5 -11 -34
E 254 6 -8 -26
T 255 17 0 6 0
E 255 0 23 70
E 255 1 20 62
E 255 2 18 54
E 255 3 15 46
E 255 5 4 14
E 255 6 7 22
T 256 17 0 7 1
E 256 0 -1 -17
E 256 1 -2 -25
E 256 2 -3 -33
E 256 3 -4 -41
E 256 4 -9 -84
E 256 5 -8 -76
E 256 6 -7 -68
T 257 57 0 4 0
E 257 0 4 14
E 257 4 -18 -56
E 257 5 -16 -48
E 257 6 -13 -40
T 258 4 0 5 0
E 258 0 18 56
E 258 1 16 48
E 258 2 13 40
E 258 3 10 32
E 258 4 -5 -17
T 259 80 0 5 0
E 259 2 -5 -15
E 259 3 -7 -23
E 259 4 -25 -76
E 259 5 -22 -68
E 259 6 -20 -60
T 260 29 0 6 0
E 260 0 26 79
E 260 1 23 71
E 260 2 21 63
E 260 3 18 55
E 260 4 15 47
E 260 6 5 15
T 261 17 0 7 1
E 261 0 -2 -24
E 261 1 -3 -32
E 261 2 -4 -40
E 261 3 -5 -48
E 261 4 -6 -56
E 261 5 -11 -99
E 261 6 -10 -91
T 262 54 0 4 0
E 262 0 5 17
E 262 4 -5 -15
E 262 5 -20 -61
E 262 6 -17 -53
T 263 41 0 7 1
E 263 0 6 58
E 263 1 5 50
E 263 2 4 42
E 263 3 3 34
E 263 4 2 26
E 263 5 -2 -23
E 263 6 -1 -15
T 264 31 0 6 0
E 264 0 13 40
E 264 1 10 32
E 264 2 8 24
E 264 3 5 16
E 264 5 -15 -45
E 264 6 -12 -37
T 265 23 0 4 0
E 265 0 12 36
E 265 1 9 28
E 265 2 6 20
E 265 6 -14 -44
T 266 41 0 3 0
E 266 0 6 20
E 266 5 -6 -20
E 266 6 -21 -63
T 267 17 0 5 0
E 267 0 14 44
E 267 1 12 36
E 267 2 9 28
E 267 3 6 20
E 267 6 -14 -42
T 268 49 0 4 0
E 268 0 4 14
E 268 4 -6 -18
E 268 5 -8 -26
E 268 6 -25 -75
T 269 38 0 7 1
E 269 0 6 55
E 269 1 5 47
E 269 2 4 39
E 269 3 3 31
E 269 4 2 23
E 269 5 1 15
E 269 6 -4 -38
T 270 3 0 4 0
E 270 0 14 43
E 270 1 11 35
E 270 2 9 27
E 270 3 6 19
T 271 43 0 4 0
E 271 3 -4 -14
E 271 4 -7 -22
E 271 5 -10 -30
E 271 6 -12 -38
T 272 4 0 4 0
E 272 0 13 39
E 272 1 10 31
E 272 2 7 23
E 272 3 5 15
T 273 45 0 4 0
E 273 3 -6 -18
E 273 4 -8 -26
E 273 5 -11 -34
E 273 6 -14 -42
T 274 3 0 5 0
E 274 0 15 47
E 274 1 13 39
E 274 2 10 31
E 274 3 7 23
E 274 4 5 15
T 275 50 0 5 0
E 275 2 -4 -13
E 275 3 -7 -21
E 275 4 -9 -29
E 275 5 -12 -37
E 275 6 -15 -45
T 276 11 0 6 0
E 276 0 17 53
E 276 1 15 45
E 276 2 12 37
E 276 3 9 29
E 276 4 7 21
E 276 5 4 13
T 277 61 0 6 0
E 277 1 -5 -15
E 277 2 -7 -23
E 277 3 -10 -31
E 277 4 -13 -39
E 277 5 -15 -47
E 277 6 -18 -55
T 278 18 0 6 0
E 278 0 20 60
E 278 1 17 52
E 278 2 14 44
E 278 3 12 36
E 278 4 9 28
E 278 5 6 20
T 279 13 0 7 1
E 279 0 -1 -15
E 279 1 -2 -23
E 279 2 -3 -31
E 279 3 -4 -39
E 279 4 -5 -47
E 279 5 -6 -55
E 279 6 -7 -63
T 280 35 0 4 0
E 280 0 4 13
E 280 4 -6 -19
E 280 5 -9 -27
E 280 6 -11 -35
T 281 13 0 4 0
E 281 0 11 34
E 281 1 8 26
E 281 2 6 18
E 281 6 -4 -14
T 282 39 0 3 0
E 282 4 -6 -20
E 282 5 -9 -28
E 282 6 -12 -36
T 283 2 0 5 0
E 283 0 15 45
E 283 1 12 37
E 283 2 9 29
E 283 3 7 21
E 283 4 4 13
T 284 52 0 5 0
E 284 2 -5 -16
E 284 3 -8 -24
E 284 4 -10 -32
E 284 5 -13 -40
E 284 6 -16 -48
T 285 16 0 6 0
E 285 0 19 58
E 285 1 16 50
E 285 2 14 42
E 285 3 11 34
E 285 4 8 26
E 285 5 6 18
T 286 63 0 6 0
E 286 1 -5 -17
E 286 2 -8 -25
E 286 3 -11 -33
E 286 4 -13 -41
E 286 5 -16 -49
E 286 6 -19 -57
T 287 17 0 6 0
E 287 0 19 59
E 287 1 17 51
E 287 2 14 43
E 287 3 11 35
E 287 4 9 27
E 287 5 6 19
T 288 64 0 6 0
E 288 1 -6 -18
E 288 2 -8 -26
E 288 3 -11 -34
E 288 4 -14 -42
E 288 5 -16 -50
E 288 6 -19 -58
T 289 37 0 7 1
E 289 0 7 68
E 289 1 6 60
E 289 2 5 52
E 289 3 4 44
E 289 4 4 36
E 289 5 3 28
E 289 6 2 20
T 290 4 0 4 0
E 290 0 13 41
E 290 1 11 33
E 290 2 8 25
E 290 3 5 17
T 291 50 0 5 0
E 291 2 -4 -13
E 291 3 -7 -21
E 291 4 -9 -29
E 291 5 -12 -37
E 291 6 -15 -45
T 292 15 0 6 0
E 292 0 19 57
E 292 1 16 49
E 292 2 13 41
E 292 3 11 33
E 292 4 8 25
E 292 5 5 17
T 293 11 0 7 1
E 293 0 -1 -17
E 293 1 -2 -25
E 293 2 -3 -33
E 293 3 -4 -41
E 293 4 -5 -49
E 293 5 -6 -57
E 293 6 -7 -65
T 294 34 0 4 0
E 294 0 5 17
E 294 4 -5 -15
E 294 5 -7 -23
E 294 6 -10 -31
T 295 15 0 4 0
E 295 0 10 30
E 295 1 7 22
E 295 2 4 14
E 295 6 -6 -18
T 296 39 0 3 0
E 296 4 -6 -20
E 296 5 -9 -28
E 296 6 -12 -36
T 297 5 0 4 0
E 297 0 12 37
E 297 1 9 29
E 297 2 7 21
E 297 3 4 13
T 298 44 0 4 0
E 298 3 -5 -16
E 298 4 -8 -24
E 298 5 -10 -32
E 298 6 -13 -40
T 299 3 0 4 0
E 299 0 14 44
E 299 1 12 36
E 299 2 9 28
E 299 3 6 20
T 300 52 0 5 0
E 300 2 -5 -17
E 300 3 -8 -25
E 300 4 -11 -33
E 300 5 -13 -41
E 300 6 -16 -49
T 301 5 0 5 0
E 301 0 16 50
E 301 1 14 42
E 301 2 11 34
E 301 3 8 26
E 301 4 6 18
T 302 52 0 5 0
E 302 2 -5 -16
E 302 3 -8 -24
E 302 4 -10 -32
E 302 5 -13 -40
E 302 6 -16 -48
T 303 14 0 6 0
E 303 0 18 56
E 303 1 16 48
E 303 2 13 40
E 303 3 10 32
E 303 4 8 24
E 303 5 5 16
T 304 64 0 6 0
E 304 1 -6 -18
E 304 2 -8 -26
E 304 3 -11 -34
E 304 4 -14 -42
E 304 5 -16 -50
E 304 6 -19 -58
T 305 35 0 7 1
E 305 0 6 62
E 305 1 6 54
E 305 2 5 46
E 305 3 4 38
E 305 4 3 30
E 305 5 2 22
E 305 6 1 14
T 306 14 0 4 0
E 306 0 10 32
E 306 1 8 24
E 306 2 5 16
E 306 6 -5 -16
T 307 35 0 4 0
E 307 0 4 13
E 307 4 -6 -19
E 307 5 -9 -27
E 307 6 -11 -35
T 308 4 0 4 0
E 308 0 13 40
E 308 1 10 32
E 308 2 8 24
E 308 3 5 16
T 309 50 0 5 0
E 309 2 -4 -14
E 309 3 -7 -22
E 309 4 -10 -30
E 309 5 -12 -38
E 309 6 -15 -46
T 310 6 0 5 0
E 310 0 17 52
E 310 1 14 44
E 310 2 12 36
E 310 3 9 28
E 310 4 6 20
T 311 65 0 6 0
E 311 1 -6 -19
E 311 2 -9 -27
E 311 3 -11 -35
E 311 4 -14 -43
E 311 5 -17 -51
E 311 6 -19 -59
T 312 37 0 7 1
E 312 0 7 66
E 312 1 6 58
E 312 2 5 50
E 312 3 4 42
E 312 4 3 34
E 312 5 2 26
E 312 6 2 18
T 313 14 0 4 0
E 313 0 10 32
E 313 1 8 24
E 313 2 5 16
E 313 6 -5 -16
T 314 25 0 4 0
E 314 0 7 21
E 314 1 4 13
E 314 5 -6 -19
E 314 6 -9 -27
T 315 23 0 4 0
E 315 0 8 26
E 315 1 6 18
E 315 5 -4 -14
E 315 6 -7 -22
T 316 33 0 4 0
E 316 0 6 18
E 316 4 -4 -14
E 316 5 -7 -22
E 316 6 -10 -30
T 317 13 0 4 0
E 317 0 11 35
E 317 1 9 27
E 317 2 6 19
E 317 6 -4 -13
T 318 44 0 4 0
E 318 3 -5 -15
E 318 4 -7 -23
E 318 5 -10 -31
E 318 6 -13 -39
T 319 4 0 5 0
E 319 0 16 49
E 319 1 13 41
E 319 2 11 33
E 319 3 8 25
E 319 4 5 17
T 320 45 0 4 0
E 320 3 -6 -20
E 320 4 -9 -28
E 320 5 -12 -36
E 320 6 -14 -44
T 321 3 0 4 0
E 321 0 14 43
E 321 1 11 35
E 321 2 9 27
E 321 3 6 19
T 322 51 0 5 0
E 322 2 -5 -15
E 322 3 -7 -23
E 322 4 -10 -31
E 322 5 -13 -39
E 322 6 -15 -47
T 323 4 0 5 0
E 323 0 16 49
E 323 1 13 41
E 323 2 11 33
E 323 3 8 25
E 323 4 5 17
T 324 50 0 5 0
E 324 2 -4 -13
E 324 3 -7 -21
E 324 4 -9 -29
E 324 5 -12 -37
E 324 6 -15 -45
T 325 6 0 5 0
E 325 0 17 52
E 325 1 14 44
E 325 2 12 36
E 325 3 9 28
E 325 4 6 20
T 326 53 0 5 0
E 326 2 -6 -18
E 326 3 -8 -26
E 326 4 -11 -34
E 326 5 -14 -42
E 326 6 -16 -50
T 327 6 0 5 0
E 327 0 17 52
E 327 1 14 44
E 327 2 12 36
E 327 3 9 28
E 327 4 6 20
T 328 63 0 6 0
E 328 1 -5 -17
E 328 2 -8 -25
E 328 3 -11 -33
E 328 4 -13 -41
E 328 5 -16 -49
E 328 6 -19 -57
T 329 36 0 7 1
E 329 0 7 64
E 329 1 6 56
E 329 2 5 48
E 329 3 4 40
E 329 4 3 32
E 329 5 2 24
E 329 6 1 16
T 330 4 0 4 0
E 330 0 13 40
E 330 1 10 32
E 330 2 8 24
E 330 3 5 16
T 331 52 0 5 0
E 331 2 -5 -17
E 331 3 -8 -25
E 331 4 -11 -33
E 331 5 -13 -41
E 331 6 -16 -49
T 332 16 0 6 0
E 332 0 19 58
E 332 1 16 50
E 332 2 14 42
E 332 3 11 34
E 332 4 8 26
E 332 5 6 18
T 333 13 0 7 1
E 333 0 -1 -14
E 333 1 -2 -22
E 333 2 -3 -30
E 333 3 -4 -38
E 333 4 -5 -46
E 333 5 -6 -54
E 333 6 -6 -62
T 334 39 0 3 0
E 334 4 -6 -20
E 334 5 -9 -28
E 334 6 -12 -36
T 335 9 0 3 0
E 335 0 12 36
E 335 1 9 28
E 335 2 6 20
T 336 43 0 4 0
E 336 3 -4 -13
E 336 4 -7 -21
E 336 5 -9 -29
E 336 6 -12 -37
T 337 4 0 5 0
E 337 0 14 43
E 337 1 12 38
E 337 2 10 30
E 337 3 7 22
E 337 4 4 14
T 338 40 0 4 0
E 338 3 -6 -20
E 338 4 -9 -28
E 338 5 -12 -36
E 338 6 -14 -44
T 339 2 0 4 0
E 339 0 11 34
E 339 1 11 34
E 339 2 8 26
E 339 3 6 18
T 340 33 0 4 0
E 340 3 -5 -15
E 340 4 -7 -23
E 340 5 -10 -31
E 340 6 -13 -39
T 341 12 0 5 0
E 341 0 11 34
E 341 1 13 39
E 341 2 10 31
E 341 3 7 23
E 341 4 5 15
T 342 38 0 6 0
E 342 0 -4 -13
E 342 2 -4 -13
E 342 3 -7 -21
E 342 4 -9 -29
E 342 5 -12 -37
E 342 6 -15 -45
T 343 17 0 5 0
E 343 0 11 34
E 343 1 13 39
E 343 2 12 36
E 343 3 9 28
E 343 4 6 20
T 344 29 0 5 0
E 344 0 -5 -16
E 344 3 -6 -19
E 344 4 -9 -27
E 344 5 -11 -35
E 344 6 -14 -43
T 345 16 0 5 0
E 345 0 8 24
E 345 1 9 29
E 345 2 10 32
E 345 3 8 24
E 345 4 5 16
T 346 22 0 5 0
E 346 0 -5 -16
E 346 3 -4 -14
E 346 4 -7 -22
E 346 5 -10 -30
E 346 6 -12 -38
T 347 15 0 5 0
E 347 0 5 16
E 347 1 7 21
E 347 2 8 26
E 347 3 7 21
E 347 4 4 13
T 348 18 0 5 0
E 348 0 -6 -18
E 348 1 -4 -13
E 348 4 -6 -19
E 348 5 -9 -27
E 348 6 -11 -35
T 349 19 0 5 0
E 349 0 5 17
E 349 1 7 22
E 349 2 9 27
E 349 3 9 27
E 349 4 6 19
T 350 20 0 6 0
E 350 0 -8 -24
E 350 1 -6 -19
E 350 2 -4 -14
E 350 4 -6 -19
E 350 5 -9 -27
E 350 6 -11 -35
T 351 28 0 6 0
E 351 0 6 18
E 351 1 7 23
E 351 2 9 28
E 351 3 11 33
E 351 4 8 25
E 351 5 5 17
T 352 16 0 7 1
E 352 0 -3 -35
E 352 1 -3 -30
E 352 2 -2 -25
E 352 3 -2 -20
E 352 4 -2 -25
E 352 5 -3 -33
E 352 6 -4 -41
T 353 6 0 1 0
E 353 6 -5 -15
T 354 11 0 0 0
T 355 3 0 3 0
E 355 0 -6 -18
E 355 1 -4 -13
E 355 6 -5 -16
T 356 8 0 1 0
E 356 4 5 17
T 357 10 0 1 0
E 357 4 5 15
T 358 12 0 1 0
E 358 0 -5 -17
T 359 9 0 0 0
T 360 9 0 1 0
E 360 0 -4 -13
T 361 15 0 1 0
E 361 5 4 14
T 362 10 0 1 0
E 362 0 -5 -15
T 363 9 0 1 0
E 363 0 -4 -13
T 364 20 0 2 0
E 364 5 4 13
E 364 6 4 13
T 365 12 0 1 0
E 365 0 -5 -17
T 366 15 0 2 0
E 366 0 -5 -16
E 366 6 4 14
T 367 14 0 2 0
E 367 0 -4 -13
E 367 6 5 17
T 368 14 0 2 0
E 368 0 -4 -13
E 368 6 5 17
T 369 22 0 2 0
E 369 5 4 13
E 369 6 6 18
T 370 6 0 3 0
E 370 0 -8 -25
E 370 1 -6 -20
E 370 2 -5 -15
T 371 24 0 3 0
E 371 4 4 13
E 371 5 6 18
E 371 6 7 23
T 372 2 0 4 0
E 372 0 -9 -28
E 372 1 -7 -23
E 372 2 -6 -18
E 372 3 -4 -13
T 373 28 0 4 0
E 373 3 4 14
E 373 4 6 19
E 373 5 8 24
E 373 6 9 29
T 374 4 0 5 0
E 374 0 -11 -33
E 374 1 -9 -28
E 374 2 -7 -23
E 374 3 -6 -18
E 374 4 -4 -13
T 375 42 0 6 0
E 375 1 4 14
E 375 2 6 19
E 375 3 8 24
E 375 4 9 29
E 375 5 11 34
E 375 6 13 39
T 376 24 0 7 1
E 376 0 -4 -43
E 376 1 -4 -38
E 376 2 -3 -33
E 376 3 -3 -28
E 376 4 -2 -23
E 376 5 -2 -18
E 376 6 -1 -13
T 377 2 0 4 0
E 377 0 -9 -28
E 377 1 -7 -23
E 377 2 -6 -18
E 377 3 -4 -13
T 378 34 0 5 0
E 378 2 4 13
E 378 3 6 18
E 378 4 7 23
E 378 5 9 28
E 378 6 11 33
T 379 1 0 4 0
E 379 0 -10 -32
E 379 1 -9 -27
E 379 2 -7 -22
E 379 3 -5 -17
T 380 24 0 3 0
E 380 4 5 16
E 380 5 7 21
E 380 6 8 26
T 381 9 0 2 0
E 381 0 -6 -19
E 381 1 -4 -14
T 382 15 1 2 0
E 382 0 -5 -15
E 382 6 5 15
T 383 15 0 2 0
E 383 0 -5 -16
E 383 6 4 14
T 384 15 1 2 0
E 384 0 -5 -15
E 384 6 5 15
T 385 9 0 2 0
E 385 0 -6 -19
E 385 1 -4 -14
T 386 16 1 2 0
E 386 0 -5 -16
E 386 6 5 15
T 387 9 0 2 0
E 387 0 -7 -21
E 387 1 -5 -15
T 388 23 0 2 0
E 388 5 5 16
E 388 6 7 21
T 389 12 0 2 0
E 389 0 -8 -25
E 389 1 -5 -17
T 390 23 0 2 0
E 390 5 5 17
E 390 6 7 22
T 391 14 0 3 0
E 391 0 -7 -21
E 391 1 -4 -13
E 391 6 4 13
T 392 28 0 3 0
E 392 4 4 14
E 392 5 6 19
E 392 6 8 24
T 393 9 0 3 0
E 393 0 -10 -31
E 393 1 -7 -23
E 393 2 -5 -16
T 394 30 0 3 0
E 394 4 4 14
E 394 5 6 19
E 394 6 8 24
T 395 12 0 2 0
E 395 0 -9 -27
E 395 1 -6 -19
T 396 22 0 3 0
E 396 0 -6 -18
E 396 5 4 14
E 396 6 6 19
T 397 9 0 3 0
E 397 0 -9 -29
E 397 1 -7 -21
E 397 2 -4 -13
T 398 23 0 3 0
E 398 0 -5 -16
E 398 5 5 17
E 398 6 7 22
T 399 16 0 3 0
E 399 0 -8 -25
E 399 1 -5 -17
E 399 6 4 14
T 400 24 0 3 0
E 400 0 -6 -19
E 400 5 5 15
E 400 6 6 20
T 401 20 0 4 0
E 401 0 -7 -21
E 401 1 -4 -13
E 401 5 4 14
E 401 6 6 19
T 402 21 0 4 0
E 402 0 -7 -22
E 402 1 -4 -14
E 402 5 4 13
E 402 6 6 18
T 403 25 0 3 0
E 403 0 -6 -19
E 403 5 5 17
E 403 6 7 22
T 404 9 0 3 0
E 404 0 -10 -30
E 404 1 -7 -22
E 404 2 -4 -14
T 405 41 0 4 0
E 405 3 5 16
E 405 4 8 24
E 405 5 9 29
E 405 6 11 34
T 406 3 0 4 0
E 406 0 -14 -42
E 406 1 -11 -34
E 406 2 -8 -26
E 406 3 -6 -18
T 407 41 0 4 0
E 407 3 4 14
E 407 4 7 22
E 407 5 9 28
E 407 6 11 33
T 408 4 0 4 0
E 408 0 -13 -40
E 408 1 -10 -32
E 408 2 -8 -24
E 408 3 -5 -16
T 409 51 0 5 0
E 409 2 5 16
E 409 3 8 24
E 409 4 10 32
E 409 5 13 40
E 409 6 15 45
T 410 14 0 6 0
E 410 0 -18 -56
E 410 1 -16 -48
E 410 2 -13 -40
E 410 3 -10 -32
E 410 4 -8 -24
E 410 5 -5 -16
T 411 13 0 7 1
E 411 0 1 13
E 411 1 2 21
E 411 2 3 29
E 411 3 4 37
E 411 4 5 45
E 411 5 5 53
E 411 6 6 59
T 412 32 0 4 0
E 412 0 -6 -18
E 412 4 4 14
E 412 5 7 22
E 412 6 9 28
T 413 9 0 3 0
E 413 0 -12 -36
E 413 1 -9 -28
E 413 2 -6 -20
T 414 44 0 4 0
E 414 3 5 17
E 414 4 8 25
E 414 5 11 33
E 414 6 13 41
T 415 3 0 4 0
E 415 0 -14 -42
E 415 1 -11 -34
E 415 2 -8 -26
E 415 3 -6 -18
T 416 43 0 4 0
E 416 3 4 14
E 416 4 7 22
E 416 5 10 30
E 416 6 12 38
T 417 3 0 5 0
E 417 0 -15 -47
E 417 1 -13 -39
E 417 2 -10 -31
E 417 3 -7 -23
E 417 4 -5 -15
T 418 51 0 5 0
E 418 2 5 15
E 418 3 7 23
E 418 4 10 31
E 418 5 13 39
E 418 6 15 47
T 419 12 0 6 0
E 419 0 -18 -54
E 419 1 -15 -46
E 419 2 -12 -38
E 419 3 -10 -30
E 419 4 -7 -22
E 419 5 -4 -14
T 420 61 0 6 0
E 420 1 5 15
E 420 2 7 23
E 420 3 10 31
E 420 4 13 39
E 420 5 15 47
E 420 6 18 55
T 421 35 0 7 1
E 421 0 -7 -63
E 421 1 -6 -55
E 421 2 -5 -47
E 421 3 -4 -39
E 421 4 -3 -31
E 421 5 -2 -23
E 421 6 -1 -15
T 422 3 0 4 0
E 422 0 -14 -42
E 422 1 -11 -34
E 422 2 -8 -26
E 422 3 -6 -18
T 423 45 0 4 0
E 423 3 6 19
E 423 4 9 27
E 423 5 11 35
E 423 6 14 43
T 424 4 0 5 0
E 424 0 -16 -48
E 424 1 -13 -40
E 424 2 -10 -32
E 424 3 -8 -24
E 424 4 -5 -16
T 425 54 0 5 0
E 425 2 6 20
E 425 3 9 28
E 425 4 12 36
E 425 5 14 44
E 425 6 17 52
T 426 6 0 5 0
E 426 0 -17 -51
E 426 1 -14 -43
E 426 2 -11 -35
E 426 3 -9 -27
E 426 4 -6 -19
T 427 54 0 5 0
E 427 2 6 19
E 427 3 9 27
E 427 4 11 35
E 427 5 14 43
E 427 6 17 51
T 428 17 0 6 0
E 428 0 -19 -59
E 428 1 -17 -51
E 428 2 -14 -43
E 428 3 -11 -35
E 428 4 -9 -27
E 428 5 -6 -19
T 429 64 0 6 0
E 429 1 6 18
E 429 2 8 26
E 429 3 11 34
E 429 4 14 42
E 429 5 16 50
E 429 6 19 58
T 430 36 0 7 1
E 430 0 -7 -64
E 430 1 -6 -56
E 430 2 -5 -48
E 430 3 -4 -40
E 430 4 -3 -32
E 430 5 -2 -24
E 430 6 -1 -16
T 431 4 0 4 0
E 431 0 -13 -39
E 431 1 -10 -31
E 431 2 -7 -23
E 431 3 -5 -15
T 432 45 0 4 0
E 432 3 6 20
E 432 4 9 28
E 432 5 12 36
E 432 6 14 44
T 433 3 0 5 0
E 433 0 -15 -47
E 433 1 -13 -39
E 433 2 -10 -31
E 433 3 -7 -23
E 433 4 -5 -15
T 434 50 0 5 0
E 434 2 4 13
E 434 3 7 21
E 434 4 9 29
E 434 5 12 37
E 434 6 15 45
T 435 5 0 5 0
E 435 0 -16 -50
E 435 1 -14 -42
E 435 2 -11 -34
E 435 3 -8 -26
E 435 4 -6 -18
T 436 59 0 6 0
E 436 1 4 13
E 436 2 7 21
E 436 3 9 29
E 436 4 12 37
E 436 5 15 45
E 436 6 17 53
T 437 13 0 6 0
E 437 0 -18 -55
E 437 1 -15 -47
E 437 2 -13 -39
E 437 3 -10 -31
E 437 4 -7 -23
E 437 5 -5 -15
T 438 61 0 6 0
E 438 1 5 15
E 438 2 7 23
E 438 3 10 31
E 438 4 13 39
E 438 5 15 47
E 438 6 18 55
T 439 18 0 6 0
E 439 0 -20 -60
E 439 1 -17 -52
E 439 2 -14 -44
E 439 3 -12 -36
E 439 4 -9 -28
E 439 5 -6 -20
T 440 11 0 7 1
E 440 0 2 20
E 440 1 3 28
E 440 2 4 36
E 440 3 4 44
E 440 4 5 52
E 440 5 6 60
E 440 6 7 68
T 441 34 0 4 0
E 441 0 -5 -15
E 441 4 5 17
E 441 5 8 25
E 441 6 11 33
T 442 4 0 4 0
E 442 0 -13 -41
E 442 1 -11 -33
E 442 2 -8 -25
E 442 3 -5 -17
T 443 45 0 4 0
E 443 3 6 18
E 443 4 8 26
E 443 5 11 34
E 443 6 14 42
T 444 2 0 5 0
E 444 0 -15 -46
E 444 1 -12 -38
E 444 2 -10 -30
E 444 3 -7 -22
E 444 4 -4 -14
T 445 52 0 5 0
E 445 2 5 16
E 445 3 8 24
E 445 4 10 32
E 445 5 13 40
E 445 6 16 48
T 446 5 0 5 0
E 446 0 -16 -50
E 446 1 -14 -42
E 446 2 -11 -34
E 446 3 -8 -26
E 446 4 -6 -18
T 447 60 0 6 0
E 447 1 4 14
E 447 2 7 22
E 447 3 10 30
E 447 4 12 38
E 447 5 15 46
E 447 6 18 54
T 448 14 0 6 0
E 448 0 -18 -56
E 448 1 -16 -48
E 448 2 -13 -40
E 448 3 -10 -32
E 448 4 -8 -24
E 448 5 -5 -16
T 449 12 0 7 1
E 449 0 1 16
E 449 1 2 24
E 449 2 3 32
E 449 3 4 40
E 449 4 5 48
E 449 5 6 56
E 449 6 7 64
T 450 34 0 4 0
E 450 0 -5 -15
E 450 4 5 17
E 450 5 8 25
E 450 6 11 33
T 451 15 0 4 0
E 451 0 -10 -30
E 451 1 -7 -22
E 451 2 -4 -14
E 451 6 6 18
T 452 34 0 4 0
E 452 0 -5 -15
E 452 4 5 17
E 452 5 8 25
E 452 6 11 33
T 453 3 0 4 0
E 453 0 -14 -42
E 453 1 -11 -34
E 453 2 -8 -26
E 453 3 -6 -18
T 454 45 0 4 0
E 454 3 6 18
E 454 4 8 26
E 454 5 11 34
E 454 6 14 42
T 455 2 0 5 0
E 455 0 -15 -45
E 455 1 -12 -37
E 455 2 -9 -29
E 455 3 -7 -21
E 455 4 -4 -13
T 456 50 0 5 0
E 456 2 4 13
E 456 3 7 21
E 456 4 9 29
E 456 5 12 37
E 456 6 15 45
T 457 4 0 5 0
E 457 0 -16 -48
E 457 1 -13 -40
E 457 2 -10 -32
E 457 3 -8 -24
E 457 4 -5 -16
T 458 54 0 5 0
E 458 2 6 19
E 458 3 9 27
E 458 4 11 35
E 458 5 14 43
E 458 6 17 51
T 459 35 0 7 1
E 459 0 -6 -62
E 459 1 -6 -54
E 459 2 -5 -46
E 459 3 -4 -38
E 459 4 -3 -30
E 459 5 -2 -22
E 459 6 -1 -14
T 460 4 0 4 0
E 460 0 -13 -40
E 460 1 -10 -32
E 460 2 -8 -24
E 460 3 -5 -16
T 461 51 0 5 0
E 461 2 5 15
E 461 3 7 23
E 461 4 10 31
E 461 5 13 39
E 461 6 15 47
T 462 14 0 6 0
E 462 0 -18 -56
E 462 1 -16 -48
E 462 2 -13 -40
E 462 3 -10 -32
E 462 4 -8 -24
E 462 5 -5 -16
T 463 13 0 7 1
E 463 0 1 13
E 463 1 2 21
E 463 2 3 29
E 463 3 4 37
E 463 4 5 45
E 463 5 5 53
E 463 6 6 61
T 464 33 0 4 0
E 464 0 -6 -19
E 464 4 4 13
E 464 5 7 21
E 464 6 9 29
T 465 13 0 4 0
E 465 0 -11 -35
E 465 1 -9 -27
E 465 2 -6 -19
E 465 6 4 13
T 466 39 0 3 0
E 466 4 6 20
E 466 5 9 28
E 466 6 12 36
T 467 2 0 5 0
E 467 0 -15 -46
E 467 1 -12 -38
E 467 2 -10 -30
E 467 3 -7 -22
E 467 4 -4 -14
T 468 52 0 5 0
E 468 2 5 16
E 468 3 8 24
E 468 4 10 32
E 468 5 13 40
E 468 6 16 48
T 469 15 0 6 0
E 469 0 -19 -57
E 469 1 -16 -49
E 469 2 -13 -41
E 469 3 -11 -33
E 469 4 -8 -25
E 469 5 -5 -17
T 470 66 0 6 0
E 470 1 6 20
E 470 2 9 28
E 470 3 12 36
E 470 4 14 44
E 470 5 17 52
E 470 6 20 60
T 471 37 0 7 1
E 471 0 -7 -70
E 471 1 -6 -62
E 471 2 -6 -54
E 471 3 -5 -46
E 471 4 -4 -38
E 471 5 -3 -30
E 471 6 -2 -22
T 472 5 0 4 0
E 472 0 -12 -38
E 472 1 -10 -30
E 472 2 -7 -22
E 472 3 -4 -14
T 473 50 0 5 0
E 473 2 4 14
E 473 3 7 22
E 473 4 10 30
E 473 5 12 38
E 473 6 15 46
T 474 6 0 5 0
E 474 0 -17 -52
E 474 1 -14 -44
E 474 2 -12 -36
E 474 3 -9 -28
E 474 4 -6 -20
T 475 61 0 6 0
E 475 1 5 15
E 475 2 7 23
E 475 3 10 31
E 475 4 13 39
E 475 5 15 47
E 475 6 18 55
T 476 16 0 6 0
E 476 0 -19 -58
E 476 1 -16 -50
E 476 2 -14 -42
E 476 3 -11 -34
E 476 4 -8 -26
E 476 5 -6 -18
T 477 13 0 7 1
E 477 0 1 14
E 477 1 2 22
E 477 2 3 30
E 477 3 4 38
E 477 4 5 46
E 477 5 6 54
E 477 6 6 62
T 478 25 0 4 0
E 478 0 -7 -21
E 478 1 -4 -13
E 478 5 6 19
E 478 6 9 27
T 479 14 0 4 0
E 479 0 -10 -32
E 479 1 -8 -24
E 479 2 -5 -16
E 479 6 5 16
T 480 7 0 4 0
E 480 0 9 27
E 480 1 -4 -13
E 480 5 6 19
E 480 6 9 27
T 481 34 0 3 0
E 481 1 -11 -34
E 481 2 -8 -26
E 481 3 -6 -18
T 482 2 0 4 0
E 482 0 13 40
E 482 4 6 18
E 482 5 8 26
E 482 6 11 34
T 483 45 0 4 0
E 483 1 -13 -41
E 483 2 -11 -33
E 483 3 -8 -25
E 483 4 -5 -17
T 484 0 0 5 0
E 484 0 17 53
E 484 3 5 16
E 484 4 8 24
E 484 5 10 32
E 484 6 13 40
T 485 52 0 5 0
E 485 2 -16 -48
E 485 3 -13 -40
E 485 4 -10 -32
E 485 5 -8 -24
E 485 6 -5 -16
T 486 10 0 6 0
E 486 0 18 56
E 486 1 16 48
E 486 3 4 13
E 486 4 7 21
E 486 5 9 29
E 486 6 12 37
T 487 63 0 5 0
E 487 2 -18 -56
E 487 3 -16 -48
E 487 4 -13 -40
E 487 5 -10 -32
E 487 6 -8 -24
T 488 15 0 6 0
E 488 0 23 69
E 488 1 20 61
E 488 3 6 20
E 488 4 9 28
E 488 5 12 36
E 488 6 14 44
T 489 83 0 6 0
E 489 1 -5 -15
E 489 2 -22 -68
E 489 3 -20 -60
E 489 4 -17 -52
E 489 5 -14 -44
E 489 6 -12 -36
T 490 45 0 7 1
E 490 0 9 88
E 490 1 8 80
E 490 2 8 72
E 490 3 3 32
E 490 4 4 40
E 490 5 5 48
E 490 6 6 56
T 491 4 0 4 0
E 491 0 16 50
E 491 1 14 42
E 491 2 11 34
E 491 6 5 15
T 492 70 0 5 0
E 492 2 -5 -15
E 492 3 -20 -61
E 492 4 -17 -53
E 492 5 -15 -45
E 492 6 -12 -37
T 493 16 0 6 0
E 493 0 25 75
E 493 1 22 67
E 493 2 19 59
E 493 4 6 18
E 493 5 8 26
E 493 6 11 34
T 494 91 0 6 0
E 494 1 -5 -17
E 494 2 -8 -25
E 494 3 -26 -78
E 494 4 -23 -70
E 494 5 -20 -62
E 494 6 -18 -54
T 495 47 0 7 1
E 495 0 9 89
E 495 1 9 81
E 495 2 8 73
E 495 3 7 65
E 495 4 2 25
E 495 5 3 33
E 495 6 4 41
T 496 16 0 6 0
E 496 0 14 42
E 496 1 11 34
E 496 2 8 26
E 496 3 6 18
E 496 4 -8 -25
E 496 5 -5 -17
T 497 50 0 5 0
E 497 0 7 21
E 497 1 4 13
E 497 4 -16 -49
E 497 5 -13 -41
E 497 6 -11 -33
T 498 4 0 5 0
E 498 0 18 56
E 498 1 16 48
E 498 2 13 40
E 498 3 10 32
E 498 4 -5 -17
T 499 80 0 5 0
E 499 2 -5 -15
E 499 3 -7 -23
E 499 4 -25 -76
E 499 5 -22 -68
E 499 6 -20 -60
T 500 34 0 6 0
E 500 0 28 84
E 500 1 25 76
E 500 2 22 68
E 500 3 20 60
E 500 4 17 52
E 500 6 6 20
T 501 15 0 7 1
E 501 0 -3 -29
E 501 1 -4 -37
E 501 2 -5 -45
E 501 3 -5 -53
E 501 4 -6 -61
E 501 5 -11 -104
E 501 6 -10 -96
T 502 45 0 4 0
E 502 0 7 22
E 502 1 4 14
E 502 5 -18 -56
E 502 6 -16 -48
T 503 39 0 7 1
E 503 0 5 52
E 503 1 4 44
E 503 2 4 36
E 503 3 3 28
E 503 4 2 20
E 503 5 -3 -29
E 503 6 -2 -21
T 504 30 0 6 0
E 504 0 13 41
E 504 1 11 33
E 504 2 8 25
E 504 3 5 17
E 504 5 -14 -44
E 504 6 -12 -36
T 505 26 0 4 0
E 505 0 9 29
E 505 1 7 21
E 505 2 4 13
E 505 6 -17 -51
T 506 26 0 4 0
E 506 0 10 31
E 506 1 7 23
E 506 2 5 15
E 506 6 -17 -52
T 507 27 0 4 0
E 507 0 10 31
E 507 1 7 23
E 507 2 5 15
E 507 6 -18 -55
T 508 37 0 4 0
E 508 0 8 24
E 508 1 5 16
E 508 5 -5 -16
E 508 6 -21 -65
T 509 20 0 5 0
E 509 0 14 42
E 509 1 11 34
E 509 2 8 26
E 509 3 6 18
E 509 6 -17 -51
T 510 34 0 4 0
E 510 0 5 16
E 510 4 -5 -16
E 510 5 -8 -24
E 510 6 -10 -32
T 511 13 0 4 0
E 511 0 11 35
E 511 1 9 27
E 511 2 6 19
E 511 6 -4 -13
T 512 29 0 3 0
E 512 0 6 20
E 512 5 -6 -20
E 512 6 -9 -28
T 513 15 0 4 0
E 513 0 10 30
E 513 1 7 22
E 513 2 4 14
E 513 6 -6 -18
T 514 25 0 4 0
E 514 0 7 22
E 514 1 4 14
E 514 5 -6 -18
E 514 6 -8 -26
T 515 25 0 4 0
E 515 0 7 22
E 515 1 4 14
E 515 5 -6 -18
E 515 6 -8 -26
T 516 15 0 4 0
E 516 0 10 30
E 516 1 7 22
E 516 2 4 14
E 516 6 -6 -18
T 517 35 0 4 0
E 517 0 4 14
E 517 4 -6 -18
E 517 5 -8 -26
E 517 6 -11 -34
T 518 4 0 4 0
E 518 0 13 41
E 518 1 11 33
E 518 2 8 25
E 518 3 5 17
T 519 44 0 4 0
E 519 3 -5 -15
E 519 4 -7 -23
E 519 5 -10 -31
E 519 6 -13 -39
T 520 4 0 4 0
E 520 0 13 40
E 520 1 10 32
E 520 2 8 24
E 520 3 5 16
T 521 45 0 4 0
E 521 3 -6 -18
E 521 4 -8 -26
E 521 5 -11 -34
E 521 6 -14 -42
T 522 3 0 4 0
E 522 0 14 42
E 522 1 11 34
E 522 2 8 26
E 522 3 6 18
T 523 50 0 5 0
E 523 2 -4 -13
E 523 3 -7 -21
E 523 4 -9 -29
E 523 5 -12 -37
E 523 6 -15 -45
T 524 13 0 6 0
E 524 0 18 55
E 524 1 15 47
E 524 2 13 39
E 524 3 10 31
E 524 4 7 23
E 524 5 5 15
T 525 13 0 7 1
E 525 0 -1 -13
E 525 1 -2 -21
E 525 2 -3 -29
E 525 3 -4 -37
E 525 4 -5 -45
E 525 5 -5 -53
E 525 6 -6 -61
T 526 43 0 4 0
E 526 3 -4 -14
E 526 4 -7 -22
E 526 5 -10 -30
E 526 6 -12 -38
T 527 4 0 4 0
E 527 0 13 39
E 527 1 10 31
E 527 2 7 23
E 527 3 5 15
T 528 52 0 5 0
E 528 2 -5 -17
E 528 3 -8 -25
E 528 4 -11 -33
E 528 5 -13 -41
E 528 6 -16 -49
T 529 17 0 6 0
E 529 0 19 59
E 529 1 17 51
E 529 2 14 43
E 529 3 11 35
E 529 4 9 27
E 529 5 6 19
T 530 11 0 7 1
E 530 0 -2 -21
E 530 1 -3 -29
E 530 2 -4 -37
E 530 3 -5 -45
E 530 4 -5 -53
E 530 5 -6 -61
E 530 6 -7 -69
T 531 34 0 4 0
E 531 0 5 15
E 531 4 -5 -17
E 531 5 -8 -25
E 531 6 -11 -33
T 532 14 0 4 0
E 532 0 11 33
E 532 1 8 25
E 532 2 5 17
E 532 6 -5 -15
T 533 43 0 4 0
E 533 3 -4 -13
E 533 4 -7 -21
E 533 5 -9 -29
E 533 6 -12 -37
T 534 6 0 5 0
E 534 0 17 51
E 534 1 14 43
E 534 2 11 35
E 534 3 9 27
E 534 4 6 19
T 535 54 0 5 0
E 535 2 -6 -19
E 535 3 -9 -27
E 535 4 -11 -35
E 535 5 -14 -43
E 535 6 -17 -51
T 536 35 0 7 1
E 536 0 6 61
E 536 1 5 53
E 536 2 5 45
E 536 3 4 37
E 536 4 3 29
E 536 5 2 21
E 536 6 1 13
T 537 5 0 4 0
E 537 0 12 38
E 537 1 10 30
E 537 2 7 22
E 537 3 4 14
T 538 51 0 5 0
E 538 2 -5 -15
E 538 3 -7 -23
E 538 4 -10 -31
E 538 5 -13 -39
E 538 6 -15 -47
T 539 5 0 5 0
E 539 0 16 50
E 539 1 14 42
E 539 2 11 34
E 539 3 8 26
E 539 4 6 18
T 540 51 0 5 0
E 540 2 -5 -15
E 540 3 -7 -23
E 540 4 -10 -31
E 540 5 -13 -39
E 540 6 -15 -47
T 541 4 0 5 0
E 541 0 16 48
E 541 1 13 40
E 541 2 10 32
E 541 3 8 24
E 541 4 5 16
T 542 50 0 5 0
E 542 2 -4 -13
E 542 3 -7 -21
E 542 4 -9 -29
E 542 5 -12 -37
E 542 6 -15 -45
T 543 6 0 5 0
E 543 0 17 51
E 543 1 14 43
E 543 2 11 35
E 543 3 9 27
E 543 4 6 19
T 544 62 0 6 0
E 544 1 -5 -16
E 544 2 -8 -24
E 544 3 -10 -32
E 544 4 -13 -40
E 544 5 -16 -48
E 544 6 -18 -56
T 545 35 0 7 1
E 545 0 6 61
E 545 1 5 53
E 545 2 5 45
E 545 3 4 37
E 545 4 3 29
E 545 5 2 21
E 545 6 1 13
T 546 4 0 4 0
E 546 0 13 39
E 546 1 10 31
E 546 2 7 23
E 546 3 5 15
T 547 44 0 4 0
E 547 3 -5 -17
E 547 4 -8 -25
E 547 5 -11 -33
E 547 6 -13 -41
T 548 3 0 4 0
E 548 0 14 43
E 548 1 11 35
E 548 2 9 27
E 548 3 6 19
T 549 43 0 4 0
E 549 3 -4 -13
E 549 4 -7 -21
E 549 5 -9 -29
E 549 6 -12 -37
T 550 4 0 4 0
E 550 0 13 40
E 550 1 10 32
E 550 2 8 24
E 550 3 5 16
T 551 44 0 4 0
E 551 3 -5 -17
E 551 4 -8 -25
E 551 5 -11 -33
E 551 6 -13 -41
T 552 4 0 4 0
E 552 0 13 41
E 552 1 11 33
E 552 2 8 25
E 552 3 5 17
T 553 45 0 4 0
E 553 3 -6 -20
E 553 4 -9 -28
E 553 5 -12 -36
E 553 6 -14 -44
T 554 3 0 4 0
E 554 0 14 44
E 554 1 12 36
E 554 2 9 28
E 554 3 6 20
T 555 51 0 5 0
E 555 2 -5 -15
E 555 3 -7 -23
E 555 4 -10 -31
E 555 5 -13 -39
E 555 6 -15 -47
T 556 3 0 5 0
E 556 0 15 47
E 556 1 13 39
E 556 2 10 31
E 556 3 7 23
E 556 4 5 15
T 557 53 0 5 0
E 557 2 -6 -18
E 557 3 -8 -26
E 557 4 -11 -34
E 557 5 -14 -42
E 557 6 -16 -50
T 558 6 0 5 0
E 558 0 17 52
E 558 1 14 44
E 558 2 12 36
E 558 3 9 28
E 558 4 6 20
T 559 60 0 6 0
E 559 1 -4 -14
E 559 2 -7 -22
E 559 3 -10 -30
E 559 4 -12 -38
E 559 5 -15 -46
E 559 6 -18 -54
T 560 17 0 6 0
E 560 0 19 59
E 560 1 17 51
E 560 2 14 43
E 560 3 11 35
E 560 4 9 27
E 560 5 6 19
T 561 13 0 7 1
E 561 0 -1 -13
E 561 1 -2 -21
E 561 2 -3 -29
E 561 3 -4 -37
E 561 4 -5 -45
E 561 5 -5 -53
E 561 6 -6 -61
T 562 44 0 4 0
E 562 3 -5 -15
E 562 4 -7 -23
E 562 5 -10 -31
E 562 6 -13 -39
T 563 2 0 5 0
E 563 0 15 45
E 563 1 12 37
E 563 2 9 29
E 563 3 7 21
E 563 4 4 13
T 564 51 0 5 0
E 564 2 -5 -15
E 564 3 -7 -23
E 564 4 -10 -31
E 564 5 -13 -39
E 564 6 -15 -47
T 565 14 0 6 0
E 565 0 18 56
E 565 1 16 48
E 565 2 13 40
E 565 3 10 32
E 565 4 8 24
E 565 5 5 16
T 566 66 0 6 0
E 566 1 -6 -20
E 566 2 -9 -28
E 566 3 -12 -36
E 566 4 -14 -44
E 566 5 -17 -52
E 566 6 -20 -60
T 567 37 0 7 1
E 567 0 8 72
E 567 1 7 64
E 567 2 6 56
E 567 3 5 48
E 567 4 4 40
E 567 5 3 32
E 567 6 2 24
T 568 5 0 4 0
E 568 0 12 37
E 568 1 9 29
E 568 2 7 21
E 568 3 4 13
T 569 35 0 4 0
E 569 0 4 13
E 569 4 -6 -19
E 569 5 -9 -27
E 569 6 -11 -35
T 570 5 0 4 0
E 570 0 12 37
E 570 1 9 29
E 570 2 7 21
E 570 3 4 13
T 571 45 0 4 0
E 571 3 -6 -18
E 571 4 -8 -26
E 571 5 -11 -34
E 571 6 -14 -42
T 572 5 0 5 0
E 572 0 16 50
E 572 1 14 42
E 572 2 11 34
E 572 3 8 26
E 572 4 6 18
T 573 53 0 5 0
E 573 2 -6 -18
E 573 3 -8 -26
E 573 4 -11 -34
E 573 5 -14 -42
E 573 6 -16 -50
T 574 35 0 7 1
E 574 0 6 61
E 574 1 5 53
E 574 2 5 45
E 574 3 4 37
E 574 4 3 29
E 574 5 2 21
E 574 6 1 13
T 575 3 0 4 0
E 575 0 14 42
E 575 1 11 34
E 575 2 8 26
E 575 3 6 18
T 576 44 0 4 0
E 576 3 -5 -17
E 576 4 -8 -25
E 576 5 -11 -33
E 576 6 -13 -41
T 577 5 0 5 0
E 577 0 14 44
E 577 1 13 39
E 577 2 10 31
E 577 3 7 23
E 577 4 5 15
T 578 45 0 5 0
E 578 2 -4 -13
E 578 3 -7 -21
E 578 4 -9 -29
E 578 5 -12 -37
E 578 6 -15 -45
T 579 18 0 6 0
E 579 0 15 47
E 579 1 15 47
E 579 2 13 39
E 579 3 10 31
E 579 4 7 23
E 579 5 5 15
T 580 46 0 6 0
E 580 0 -4 -13
E 580 2 -6 -18
E 580 3 -8 -26
E 580 4 -11 -34
E 580 5 -14 -42
E 580 6 -16 -50
T 581 24 0 7 1
E 581 0 5 50
E 581 1 6 55
E 581 2 5 47
E 581 3 4 39
E 581 4 3 31
E 581 5 2 23
E 581 6 1 15
T 582 6 0 4 0
E 582 0 8 25
E 582 1 10 30
E 582 2 8 25
E 582 3 5 17
T 583 25 0 4 0
E 583 3 -4 -13
E 583 4 -7 -21
E 583 5 -9 -29
E 583 6 -12 -37
T 584 17 0 5 0
E 584 0 10 30
E 584 1 11 35
E 584 2 11 35
E 584 3 9 27
E 584 4 6 19
T 585 3 0 7 1
E 585 0 -2 -21
E 585 1 -1 -16
E 585 2 -1 -13
E 585 3 -2 -21
E 585 4 -3 -29
E 585 5 -4 -37
E 585 6 -5 -45
T 586 13 0 3 0
E 586 4 -4 -13
E 586 5 -7 -21
E 586 6 -9 -29
T 587 5 0 3 0
E 587 1 4 14
E 587 2 6 19
E 587 3 4 14
T 588 5 0 2 0
E 588 5 -5 -17
E 588 6 -8 -25
T 589 5 0 1 0
E 589 6 -4 -13
T 590 4 0 2 0
E 590 2 5 17
E 590 3 6 20
T 591 4 0 1 0
E 591 3 5 16
T 592 6 0 1 0
E 592 3 4 13
T 593 6 0 1 0
E 593 6 -5 -15
T 594 8 0 0 0
T 595 6 0 2 0
E 595 0 -5 -15
E 595 6 -4 -13
T 596 11 0 1 0
E 596 4 4 13
T 597 11 0 1 0
E 597 4 4 13
T 598 8 0 2 0
E 598 0 -6 -18
E 598 1 -4 -13
T 599 10 0 1 0
E 599 0 -5 -15
T 600 10 0 1 0
E 600 0 -5 -15
T 601 10 0 1 0
E 601 0 -4 -14
T 602 10 0 1 0
E 602 0 -4 -14
T 603 21 0 3 0
E 603 4 5 15
E 603 5 6 20
E 603 6 5 17
T 604 9 0 2 0
E 604 0 -6 -20
E 604 1 -5 -15
T 605 20 0 2 0
E 605 5 5 16
E 605 6 6 19
T 606 15 1 2 0
E 606 0 -5 -15
E 606 6 5 15
T 607 21 0 2 0
E 607 5 4 14
E 607 6 6 19
T 608 9 0 2 0
E 608 0 -7 -21
E 608 1 -5 -16
T 609 15 0 2 0
E 609 0 -4 -14
E 609 6 5 16
T 610 21 0 2 0
E 610 5 5 15
E 610 6 6 20
T 611 2 0 4 0
E 611 0 -9 -28
E 611 1 -7 -23
E 611 2 -6 -18
E 611 3 -4 -13
T 612 24 0 3 0
E 612 4 5 16
E 612 5 7 21
E 612 6 8 26
T 613 6 0 3 0
E 613 0 -8 -25
E 613 1 -6 -20
E 613 2 -5 -15
T 614 24 0 3 0
E 614 4 4 14
E 614 5 6 19
E 614 6 8 24
T 615 2 0 4 0
E 615 0 -9 -28
E 615 1 -7 -23
E 615 2 -6 -18
E 615 3 -4 -13
T 616 24 0 3 0
E 616 4 4 13
E 616 5 6 18
E 616 6 7 23
T 617 6 0 3 0
E 617 0 -8 -24
E 617 1 -6 -19
E 617 2 -4 -14
T 618 24 0 3 0
E 618 4 4 13
E 618 5 6 18
E 618 6 7 23
T 619 1 0 4 0
E 619 0 -10 -30
E 619 1 -8 -25
E 619 2 -6 -20
E 619 3 -5 -15
T 620 29 0 4 0
E 620 3 5 16
E 620 4 7 21
E 620 5 8 26
E 620 6 10 31
T 621 2 0 4 0
E 621 0 -9 -29
E 621 1 -8 -24
E 621 2 -6 -19
E 621 3 -4 -14
T 622 21 0 2 0
E 622 5 5 16
E 622 6 7 21
T 623 15 0 2 0
E 623 0 -5 -16
E 623 6 4 14
T 624 14 0 2 0
E 624 0 -4 -13
E 624 6 5 17
T 625 22 0 2 0
E 625 5 4 13
E 625 6 6 18
T 626 7 0 3 0
E 626 0 -8 -26
E 626 1 -6 -20
E 626 2 -5 -15
T 627 25 0 3 0
E 627 4 4 13
E 627 5 6 18
E 627 6 7 23
T 628 7 0 3 0
E 628 0 -8 -25
E 628 1 -6 -18
E 628 2 -4 -13
T 629 27 0 3 0
E 629 4 5 17
E 629 5 7 22
E 629 6 9 27
T 630 8 0 3 0
E 630 0 -8 -26
E 630 1 -6 -18
E 630 2 -4 -13
T 631 32 0 4 0
E 631 3 4 14
E 631 4 6 19
E 631 5 8 24
E 631 6 9 29
T 632 3 0 5 0
E 632 0 -13 -39
E 632 1 -10 -31
E 632 2 -8 -25
E 632 3 -6 -20
E 632 4 -5 -15
T 633 40 0 5 0
E 633 2 5 15
E 633 3 6 20
E 633 4 8 25
E 633 5 10 30
E 633 6 11 35
T 634 1 0 5 0
E 634 0 -13 -40
E 634 1 -10 -32
E 634 2 -8 -24
E 634 3 -6 -19
E 634 4 -4 -14
T 635 41 0 5 0
E 635 2 5 15
E 635 3 6 20
E 635 4 8 25
E 635 5 10 30
E 635 6 11 35
T 636 4 0 4 0
E 636 0 -13 -39
E 636 1 -10 -31
E 636 2 -7 -23
E 636 3 -5 -17
T 637 43 0 5 0
E 637 2 5 16
E 637 3 7 22
E 637 4 9 27
E 637 5 10 32
E 637 6 12 37
T 638 10 0 6 0
E 638 0 -16 -48
E 638 1 -13 -40
E 638 2 -10 -32
E 638 3 -8 -25
E 638 4 -6 -20
E 638 5 -5 -15
T 639 48 0 5 0
E 639 2 6 19
E 639 3 9 27
E 639 4 10 32
E 639 5 12 37
E 639 6 14 42
T 640 11 0 6 0
E 640 0 -16 -50
E 640 1 -14 -42
E 640 2 -11 -34
E 640 3 -8 -26
E 640 4 -7 -21
E 640 5 -5 -16
T 641 11 0 7 1
E 641 0 1 15
E 641 1 2 23
E 641 2 3 31
E 641 3 4 39
E 641 4 5 45
E 641 5 5 50
E 641 6 6 55
T 642 40 0 4 0
E 642 3 6 18
E 642 4 8 24
E 642 5 9 29
E 642 6 11 34
T 643 4 0 4 0
E 643 0 -13 -40
E 643 1 -10 -32
E 643 2 -8 -24
E 643 3 -5 -16
T 644 47 0 5 0
E 644 2 4 13
E 644 3 7 21
E 644 4 9 29
E 644 5 11 34
E 644 6 13 39
T 645 13 0 6 0
E 645 0 -18 -54
E 645 1 -15 -46
E 645 2 -12 -38
E 645 3 -10 -30
E 645 4 -7 -22
E 645 5 -5 -17
T 646 57 0 6 0
E 646 1 4 14
E 646 2 7 22
E 646 3 10 30
E 646 4 12 38
E 646 5 14 44
E 646 6 16 49
T 647 13 0 6 0
E 647 0 -18 -55
E 647 1 -15 -47
E 647 2 -13 -39
E 647 3 -10 -31
E 647 4 -7 -23
E 647 5 -5 -17
T 648 12 0 7 1
E 648 0 1 14
E 648 1 2 22
E 648 2 3 30
E 648 3 4 38
E 648 4 5 46
E 648 5 5 53
E 648 6 6 58
T 649 43 0 4 0
E 649 3 5 15
E 649 4 7 23
E 649 5 10 31
E 649 6 12 36
T 650 4 0 5 0
E 650 0 -16 -48
E 650 1 -13 -40
E 650 2 -10 -32
E 650 3 -8 -24
E 650 4 -5 -16
T 651 51 0 5 0
E 651 2 5 15
E 651 3 7 23
E 651 4 10 31
E 651 5 13 39
E 651 6 15 45
T 652 13 0 6 0
E 652 0 -18 -55
E 652 1 -15 -47
E 652 2 -13 -39
E 652 3 -10 -31
E 652 4 -7 -23
E 652 5 -5 -15
T 653 13 0 7 1
E 653 0 1 14
E 653 1 2 22
E 653 2 3 30
E 653 3 4 38
E 653 4 5 46
E 653 5 6 54
E 653 6 6 61
T 654 35 0 4 0
E 654 0 -4 -13
E 654 4 6 19
E 654 5 9 27
E 654 6 11 35
T 655 14 0 4 0
E 655 0 -10 -31
E 655 1 -7 -23
E 655 2 -5 -15
E 655 6 5 17
T 656 29 0 3 0
E 656 0 -6 -20
E 656 5 6 20
E 656 6 9 28
T 657 9 0 3 0
E 657 0 -12 -36
E 657 1 -9 -28
E 657 2 -6 -20
T 658 35 0 4 0
E 658 0 -4 -13
E 658 4 6 19
E 658 5 9 27
E 658 6 11 35
T 659 3 0 4 0
E 659 0 -14 -43
E 659 1 -11 -35
E 659 2 -9 -27
E 659 3 -6 -19
T 660 44 0 4 0
E 660 3 5 16
E 660 4 8 24
E 660 5 10 32
E 660 6 13 40
T 661 5 0 5 0
E 661 0 -16 -50
E 661 1 -14 -42
E 661 2 -11 -34
E 661 3 -8 -26
E 661 4 -6 -18
T 662 59 0 6 0
E 662 1 4 13
E 662 2 7 21
E 662 3 9 29
E 662 4 12 37
E 662 5 15 45
E 662 6 17 53
T 663 36 0 7 1
E 663 0 -7 -64
E 663 1 -6 -56
E 663 2 -5 -48
E 663 3 -4 -40
E 663 4 -3 -32
E 663 5 -2 -24
E 663 6 -1 -16
T 664 3 0 4 0
E 664 0 -14 -42
E 664 1 -11 -34
E 664 2 -8 -26
E 664 3 -6 -18
T 665 50 0 5 0
E 665 2 4 13
E 665 3 7 21
E 665 4 9 29
E 665 5 12 37
E 665 6 15 45
T 666 13 0 6 0
E 666 0 -18 -55
E 666 1 -15 -47
E 666 2 -13 -39
E 666 3 -10 -31
E 666 4 -7 -23
E 666 5 -5 -15
T 667 13 0 7 1
E 667 0 1 14
E 667 1 2 22
E 667 2 3 30
E 667 3 4 38
E 667 4 5 46
E 667 5 6 54
E 667 6 6 62
T 668 43 0 4 0
E 668 3 4 13
E 668 4 7 21
E 668 5 9 29
E 668 6 12 37
T 669 4 0 5 0
E 669 0 -16 -49
E 669 1 -13 -41
E 669 2 -11 -33
E 669 3 -8 -25
E 669 4 -5 -17
T 670 54 0 5 0
E 670 2 6 20
E 670 3 9 28
E 670 4 12 36
E 670 5 14 44
E 670 6 17 52
T 671 16 0 6 0
E 671 0 -19 -58
E 671 1 -16 -50
E 671 2 -14 -42
E 671 3 -11 -34
E 671 4 -8 -26
E 671 5 -6 -18
T 672 66 0 6 0
E 672 1 6 20
E 672 2 9 28
E 672 3 12 36
E 672 4 14 44
E 672 5 17 52
E 672 6 20 60
T 673 37 0 7 1
E 673 0 -7 -69
E 673 1 -6 -61
E 673 2 -5 -53
E 673 3 -5 -45
E 673 4 -4 -37
E 673 5 -3 -29
E 673 6 -2 -21
T 674 14 0 4 0
E 674 0 -11 -33
E 674 1 -8 -25
E 674 2 -5 -17
E 674 6 5 15
T 675 34 0 4 0
E 675 0 -5 -16
E 675 4 5 16
E 675 5 8 24
E 675 6 10 32
T 676 4 0 4 0
E 676 0 -13 -40
E 676 1 -10 -32
E 676 2 -8 -24
E 676 3 -5 -16
T 677 50 0 5 0
E 677 2 4 14
E 677 3 7 22
E 677 4 10 30
E 677 5 12 38
E 677 6 15 46
T 678 4 0 5 0
E 678 0 -16 -48
E 678 1 -13 -40
E 678 2 -10 -32
E 678 3 -8 -24
E 678 4 -5 -16
T 679 52 0 5 0
E 679 2 5 17
E 679 3 8 25
E 679 4 11 33
E 679 5 13 41
E 679 6 16 49
T 680 12 0 6 0
E 680 0 -18 -54
E 680 1 -15 -46
E 680 2 -12 -38
E 680 3 -10 -30
E 680 4 -7 -22
E 680 5 -4 -14
T 681 61 0 6 0
E 681 1 5 15
E 681 2 7 23
E 681 3 10 31
E 681 4 13 39
E 681 5 15 47
E 681 6 18 55
T 682 37 0 7 1
E 682 0 -7 -68
E 682 1 -6 -60
E 682 2 -5 -52
E 682 3 -4 -44
E 682 4 -4 -36
E 682 5 -3 -28
E 682 6 -2 -20
T 683 5 0 4 0
E 683 0 -12 -38
E 683 1 -10 -30
E 683 2 -7 -22
E 683 3 -4 -14
T 684 44 0 4 0
E 684 3 5 15
E 684 4 7 23
E 684 5 10 31
E 684 6 13 39
T 685 3 0 5 0
E 685 0 -15 -47
E 685 1 -13 -39
E 685 2 -10 -31
E 685 3 -7 -23
E 685 4 -5 -15
T 686 50 0 5 0
E 686 2 4 14
E 686 3 7 22
E 686 4 10 30
E 686 5 12 38
E 686 6 15 46
T 687 11 0 6 0
E 687 0 -17 -53
E 687 1 -15 -45
E 687 2 -12 -37
E 687 3 -9 -29
E 687 4 -7 -21
E 687 5 -4 -13
T 688 13 0 7 1
E 688 0 1 13
E 688 1 2 21
E 688 2 3 29
E 688 3 4 37
E 688 4 5 45
E 688 5 5 53
E 688 6 6 61
T 689 25 0 4 0
E 689 0 -7 -21
E 689 1 -4 -13
E 689 5 6 19
E 689 6 9 27
T 690 25 0 4 0
E 690 0 -7 -21
E 690 1 -4 -13
E 690 5 6 19
E 690 6 9 27
T 691 23 0 4 0
E 691 0 -9 -27
E 691 1 -6 -19
E 691 5 4 13
E 691 6 7 21
T 692 25 0 4 0
E 692 0 -7 -22
E 692 1 -4 -14
E 692 5 6 18
E 692 6 8 26
T 693 24 0 4 0
E 693 0 -7 -23
E 693 1 -5 -15
E 693 5 5 17
E 693 6 8 25
T 694 15 0 4 0
E 694 0 -9 -29
E 694 1 -7 -21
E 694 2 -4 -13
E 694 6 6 19
T 695 33 0 4 0
E 695 0 -6 -18
E 695 4 4 14
E 695 5 7 22
E 695 6 10 30
T 696 14 0 4 0
E 696 0 -11 -33
E 696 1 -8 -25
E 696 2 -5 -17
E 696 6 5 15
T 697 34 0 4 0
E 697 0 -5 -16
E 697 4 5 16
E 697 5 8 24
E 697 6 10 32
T 698 9 0 3 0
E 698 0 -12 -36
E 698 1 -9 -28
E 698 2 -6 -20
T 699 35 0 4 0
E 699 0 -4 -14
E 699 4 6 18
E 699 5 8 26
E 699 6 11 34
T 700 4 0 4 0
E 700 0 -13 -41
E 700 1 -11 -33
E 700 2 -8 -25
E 700 3 -5 -17
T 701 39 0 3 0
E 701 4 6 20
E 701 5 9 28
E 701 6 12 36
T 702 4 0 4 0
E 702 0 -13 -41
E 702 1 -11 -33
E 702 2 -8 -25
E 702 3 -5 -17
T 703 50 0 5 0
E 703 2 4 13
E 703 3 7 21
E 703 4 9 29
E 703 5 12 37
E 703 6 15 45
T 704 14 0 6 0
E 704 0 -18 -56
E 704 1 -16 -48
E 704 2 -13 -40
E 704 3 -10 -32
E 704 4 -8 -24
E 704 5 -5 -16
T 705 61 0 6 0
E 705 1 5 15
E 705 2 7 23
E 705 3 10 31
E 705 4 13 39
E 705 5 15 47
E 705 6 18 55
T 706 35 0 7 1
E 706 0 -6 -62
E 706 1 -6 -54
E 706 2 -5 -46
E 706 3 -4 -38
E 706 4 -3 -30
E 706 5 -2 -22
E 706 6 -1 -14
T 707 9 0 3 0
E 707 0 -12 -36
E 707 1 -9 -28
E 707 2 -6 -20
T 708 45 0 4 0
E 708 3 6 18
E 708 4 8 26
E 708 5 11 34
E 708 6 14 42
T 709 5 0 5 0
E 709 0 -16 -50
E 709 1 -14 -42
E 709 2 -11 -34
E 709 3 -8 -26
E 709 4 -6 -18
T 710 50 0 5 0
E 710 2 4 14
E 710 3 7 22
E 710 4 10 30
E 710 5 12 38
E 710 6 15 46
T 711 4 0 5 0
E 711 0 -16 -48
E 711 1 -13 -40
E 711 2 -10 -32
E 711 3 -8 -24
E 711 4 -5 -16
T 712 52 0 5 0
E 712 2 5 16
E 712 3 8 24
E 712 4 10 32
E 712 5 13 40
E 712 6 16 48
T 713 6 0 5 0
E 713 0 -17 -51
E 713 1 -14 -43
E 713 2 -11 -35
E 713 3 -9 -27
E 713 4 -6 -19
T 714 51 0 5 0
E 714 2 5 15
E 714 3 7 23
E 714 4 10 31
E 714 5 13 39
E 714 6 15 47
T 715 6 0 5 0
E 715 0 -17 -51
E 715 1 -14 -43
E 715 2 -11 -35
E 715 3 -9 -27
E 715 4 -6 -19
T 716 50 0 5 0
E 716 2 4 14
E 716 3 7 22
E 716 4 10 30
E 716 5 12 38
E 716 6 15 46
T 717 4 0 5 0
E 717 0 -16 -48
E 717 1 -13 -40
E 717 2 -10 -32
E 717 3 -8 -24
E 717 4 -5 -16
T 718 59 0 6 0
E 718 1 4 13
E 718 2 7 21
E 718 3 9 29
E 718 4 12 37
E 718 5 15 45
E 718 6 17 53
T 719 16 0 6 0
E 719 0 -19 -58
E 719 1 -16 -50
E 719 2 -14 -42
E 719 3 -11 -34
E 719 4 -8 -26
E 719 5 -6 -18
T 720 30 0 7 1
E 720 0 6 62
E 720 1 2 22
E 720 2 3 30
E 720 3 4 38
E 720 4 5 46
E 720 5 6 54
E 720 6 6 62
T 721 10 0 4 0
E 721 0 9 27
E 721 1 -5 -16
E 721 5 5 16
E 721 6 8 24
T 722 41 0 4 0
E 722 1 -12 -38
E 722 2 -10 -30
E 722 3 -7 -22
E 722 4 -4 -14
T 723 1 0 5 0
E 723 0 15 47
E 723 3 4 14
E 723 4 7 22
E 723 5 10 30
E 723 6 12 38
T 724 66 0 6 0
E 724 1 -18 -55
E 724 2 -15 -47
E 724 3 -13 -39
E 724 4 -10 -31
E 724 5 -7 -23
E 724 6 -5 -15
T 725 37 0 7 1
E 725 0 7 69
E 725 1 6 61
E 725 2 2 21
E 725 3 3 29
E 725 4 4 37
E 725 5 5 45
E 725 6 5 53
T 726 15 0 4 0
E 726 0 11 34
E 726 1 8 26
E 726 2 -5 -17
E 726 6 5 15
T 727 39 0 4 0
E 727 0 6 18
E 727 2 -12 -36
E 727 3 -9 -28
E 727 4 -6 -20
T 728 12 0 3 0
E 728 0 15 45
E 728 1 12 37
E 728 6 6 20
T 729 52 0 5 0
E 729 0 6 19
E 729 2 -14 -42
E 729 3 -11 -34
E 729 4 -8 -26
E 729 5 -6 -18
T 730 5 0 5 0
E 730 0 19 58
E 730 1 16 50
E 730 2 14 42
E 730 5 6 18
E 730 6 8 26
T 731 66 0 5 0
E 731 2 -5 -15
E 731 3 -19 -58
E 731 4 -16 -50
E 731 5 -14 -42
E 731 6 -11 -34
T 732 6 0 5 0
E 732 0 21 65
E 732 1 19 57
E 732 2 16 49
E 732 5 6 19
E 732 6 9 27
T 733 74 0 5 0
E 733 2 -5 -15
E 733 3 -21 -64
E 733 4 -18 -56
E 733 5 -16 -48
E 733 6 -13 -40
T 734 13 0 6 0
E 734 0 25 76
E 734 1 22 68
E 734 2 20 60
E 734 4 5 15
E 734 5 7 23
E 734 6 10 31
T 735 76 0 6 0
E 735 1 -4 -14
E 735 2 -7 -22
E 735 3 -10 -30
E 735 4 -23 -70
E 735 5 -20 -62
E 735 6 -18 -54
T 736 24 0 6 0
E 736 0 26 78
E 736 1 23 70
E 736 2 20 62
E 736 3 18 54
E 736 5 6 19
E 736 6 9 27
T 737 18 0 7 1
E 737 0 -1 -16
E 737 1 -2 -24
E 737 2 -3 -32
E 737 3 -4 -40
E 737 4 -9 -86
E 737 5 -8 -78
E 737 6 -7 -70
T 738 60 0 4 0
E 738 0 4 14
E 738 4 -19 -59
E 738 5 -17 -51
E 738 6 -14 -43
T 739 4 0 5 0
E 739 0 19 59
E 739 1 17 51
E 739 2 14 43
E 739 3 11 35
E 739 4 -6 -18
T 740 68 0 5 0
E 740 2 -5 -16
E 740 3 -8 -24
E 740 4 -10 -32
E 740 5 -24 -72
E 740 6 -21 -64
T 741 18 0 5 0
E 741 0 23 69
E 741 1 20 61
E 741 2 17 53
E 741 3 15 45
E 741 4 12 37
T 742 17 0 7 1
E 742 0 -2 -18
E 742 1 -2 -26
E 742 2 -3 -34
E 742 3 -4 -42
E 742 4 -5 -50
E 742 5 -10 -96
E 742 6 -9 -88
T 743 46 0 4 0
E 743 0 8 24
E 743 1 5 16
E 743 5 -19 -57
E 743 6 -16 -49
T 744 28 0 6 0
E 744 0 14 42
E 744 1 11 34
E 744 2 8 26
E 744 3 6 18
E 744 5 -14 -43
E 744 6 -11 -35
T 745 23 0 4 0
E 745 0 12 36
E 745 1 9 28
E 745 2 6 20
E 745 6 -14 -44
T 746 36 0 4 0
E 746 0 7 23
E 746 1 5 15
E 746 5 -5 -17
E 746 6 -20 -60
T 747 21 0 5 0
E 747 0 12 38
E 747 1 10 30
E 747 2 7 22
E 747 3 4 14
E 747 6 -16 -48
T 748 33 0 3 0
E 748 0 9 28
E 748 1 6 20
E 748 6 -20 -61
T 749 23 0 5 0
E 749 0 12 37
E 749 1 9 29
E 749 2 7 21
E 749 3 4 13
E 749 6 -18 -56
T 750 24 1 4 0
E 750 0 8 24
E 750 1 5 16
E 750 5 -5 -16
E 750 6 -8 -24
T 751 33 0 4 0
E 751 0 6 19
E 751 4 -4 -13
E 751 5 -7 -21
E 751 6 -9 -29
T 752 5 0 4 0
E 752 0 12 37
E 752 1 9 29
E 752 2 7 21
E 752 3 4 13
T 753 52 0 5 0
E 753 2 -5 -16
E 753 3 -8 -24
E 753 4 -10 -32
E 753 5 -13 -40
E 753 6 -16 -48
T 754 4 0 5 0
E 754 0 16 48
E 754 1 13 40
E 754 2 10 32
E 754 3 8 24
E 754 4 5 16
T 755 59 0 6 0
E 755 1 -4 -13
E 755 2 -7 -21
E 755 3 -9 -29
E 755 4 -12 -37
E 755 5 -15 -45
E 755 6 -17 -53
T 756 37 0 7 1
E 756 0 7 66
E 756 1 6 58
E 756 2 5 50
E 756 3 4 42
E 756 4 3 34
E 756 5 2 26
E 756 6 2 18
T 757 13 0 4 0
E 757 0 11 35
E 757 1 9 27
E 757 2 6 19
E 757 6 -4 -13
T 758 29 0 3 0
E 758 0 6 20
E 758 5 -6 -20
E 758 6 -9 -28
T 759 5 0 4 0
E 759 0 12 37
E 759 1 9 29
E 759 2 7 21
E 759 3 4 13
T 760 35 0 4 0
E 760 0 4 13
E 760 4 -6 -19
E 760 5 -9 -27
E 760 6 -11 -35
T 761 3 0 4 0
E 761 0 14 42
E 761 1 11 34
E 761 2 8 26
E 761 3 6 18
T 762 43 0 4 0
E 762 3 -4 -14
E 762 4 -7 -22
E 762 5 -10 -30
E 762 6 -12 -38
T 763 3 0 4 0
E 763 0 14 44
E 763 1 12 36
E 763 2 9 28
E 763 3 6 20
T 764 43 0 4 0
E 764 3 -4 -13
E 764 4 -7 -21
E 764 5 -9 -29
E 764 6 -12 -37
T 765 6 0 5 0
E 765 0 17 51
E 765 1 14 43
E 765 2 11 35
E 765 3 9 27
E 765 4 6 19
T 766 52 0 5 0
E 766 2 -5 -17
E 766 3 -8 -25
E 766 4 -11 -33
E 766 5 -13 -41
E 766 6 -16 -49
T 767 6 0 5 0
E 767 0 17 52
E 767 1 14 44
E 767 2 12 36
E 767 3 9 28
E 767 4 6 20
T 768 64 0 6 0
E 768 1 -6 -18
E 768 2 -8 -26
E 768 3 -11 -34
E 768 4 -14 -42
E 768 5 -16 -50
E 768 6 -19 -58
T 769 37 0 7 1
E 769 0 7 65
E 769 1 6 57
E 769 2 5 49
E 769 3 4 41
E 769 4 3 33
E 769 5 2 25
E 769 6 1 17
T 770 4 0 4 0
E 770 0 13 41
E 770 1 11 33
E 770 2 8 25
E 770 3 5 17
T 771 50 0 5 0
E 771 2 -4 -14
E 771 3 -7 -22
E 771 4 -10 -30
E 771 5 -12 -38
E 771 6 -15 -46
T 772 3 0 5 0
E 772 0 15 47
E 772 1 13 39
E 772 2 10 31
E 772 3 7 23
E 772 4 5 15
T 773 51 0 5 0
E 773 2 -5 -15
E 773 3 -7 -23
E 773 4 -10 -31
E 773 5 -13 -39
E 773 6 -15 -47
T 774 17 0 6 0
E 774 0 19 59
E 774 1 17 51
E 774 2 14 43
E 774 3 11 35
E 774 4 9 27
E 774 5 6 19
T 775 66 0 6 0
E 775 1 -6 -20
E 775 2 -9 -28
E 775 3 -12 -36
E 775 4 -14 -44
E 775 5 -17 -52
E 775 6 -20 -60
T 776 35 0 7 1
E 776 0 6 62
E 776 1 6 54
E 776 2 5 46
E 776 3 4 38
E 776 4 3 30
E 776 5 2 22
E 776 6 1 14
T 777 4 0 4 0
E 777 0 13 40
E 777 1 10 32
E 777 2 8 24
E 777 3 5 16
T 778 51 0 5 0
E 778 2 -5 -15
E 778 3 -7 -23
E 778 4 -10 -31
E 778 5 -13 -39
E 778 6 -15 -47
T 779 14 0 6 0
E 779 0 18 56
E 779 1 16 48
E 779 2 13 40
E 779 3 10 32
E 779 4 8 24
E 779 5 5 16
T 780 13 0 7 1
E 780 0 -1 -13
E 780 1 -2 -21
E 780 2 -3 -29
E 780 3 -4 -37
E 780 4 -5 -45
E 780 5 -5 -53
E 780 6 -6 -61
T 781 43 0 4 0
E 781 3 -4 -14
E 781 4 -7 -22
E 781 5 -10 -30
E 781 6 -12 -38
T 782 2 0 5 0
E 782 0 15 45
E 782 1 12 37
E 782 2 9 29
E 782 3 7 21
E 782 4 4 13
T 783 61 0 6 0
E 783 1 -5 -15
E 783 2 -7 -23
E 783 3 -10 -31
E 783 4 -13 -39
E 783 5 -15 -47
E 783 6 -18 -55
T 784 37 0 7 1
E 784 0 7 68
E 784 1 6 60
E 784 2 5 52
E 784 3 4 44
E 784 4 4 36
E 784 5 3 28
E 784 6 2 20
T 785 4 0 4 0
E 785 0 13 41
E 785 1 11 33
E 785 2 8 25
E 785 3 5 17
T 786 52 0 5 0
E 786 2 -5 -16
E 786 3 -8 -24
E 786 4 -10 -32
E 786 5 -13 -40
E 786 6 -16 -48
T 787 12 0 6 0
E 787 0 18 54
E 787 1 15 46
E 787 2 12 38
E 787 3 10 30
E 787 4 7 22
E 787 5 4 14
T 788 62 0 6 0
E 788 1 -5 -16
E 788 2 -8 -24
E 788 3 -10 -32
E 788 4 -13 -40
E 788 5 -16 -48
E 788 6 -18 -56
T 789 37 0 7 1
E 789 0 7 65
E 789 1 6 57
E 789 2 5 49
E 789 3 4 41
E 789 4 3 33
E 789 5 2 25
E 789 6 1 17
T 790 14 0 4 0
E 790 0 11 33
E 790 1 8 25
E 790 2 5 17
E 790 6 -5 -15
T 791 34 0 4 0
E 791 0 5 15
E 791 4 -5 -17
E 791 5 -8 -25
E 791 6 -11 -33
T 792 13 0 4 0
E 792 0 11 35
E 792 1 9 27
E 792 2 6 19
E 792 6 -4 -13
T 793 35 0 4 0
E 793 0 4 14
E 793 4 -6 -18
E 793 5 -8 -26
E 793 6 -11 -34
T 794 14 0 4 0
E 794 0 11 33
E 794 1 8 25
E 794 2 5 17
E 794 6 -5 -15
T 795 35 0 4 0
E 795 0 4 13
E 795 4 -6 -19
E 795 5 -9 -27
E 795 6 -11 -35
T 796 3 0 4 0
E 796 0 14 42
E 796 1 11 34
E 796 2 8 26
E 796 3 6 18
T 797 51 0 5 0
E 797 2 -5 -15
E 797 3 -7 -23
E 797 4 -10 -31
E 797 5 -13 -39
E 797 6 -15 -47
T 798 15 0 6 0
E 798 0 19 57
E 798 1 16 49
E 798 2 13 41
E 798 3 11 33
E 798 4 8 25
E 798 5 5 17
T 799 66 0 6 0
E 799 1 -6 -20
E 799 2 -9 -28
E 799 3 -12 -36
E 799 4 -14 -44
E 799 5 -17 -52
E 799 6 -20 -60
T 800 37 0 7 1
E 800 0 7 67
E 800 1 6 59
E 800 2 5 51
E 800 3 4 43
E 800 4 3 35
E 800 5 3 27
E 800 6 2 19
T 801 3 0 4 0
E 801 0 14 43
E 801 1 11 35
E 801 2 9 27
E 801 3 6 19
T 802 51 0 5 0
E 802 2 -5 -15
E 802 3 -7 -23
E 802 4 -10 -31
E 802 5 -13 -39
E 802 6 -15 -47
T 803 13 0 6 0
E 803 0 18 55
E 803 1 15 47
E 803 2 13 39
E 803 3 10 31
E 803 4 7 23
E 803 5 5 15
T 804 12 0 7 1
E 804 0 -1 -16
E 804 1 -2 -24
E 804 2 -3 -32
E 804 3 -4 -40
E 804 4 -5 -48
E 804 5 -6 -56
E 804 6 -7 -64
T 805 34 0 4 0
E 805 0 5 15
E 805 4 -5 -17
E 805 5 -8 -25
E 805 6 -11 -33
T 806 4 0 4 0
E 806 0 13 40
E 806 1 10 32
E 806 2 8 24
E 806 3 5 16
T 807 50 0 5 0
E 807 2 -4 -14
E 807 3 -7 -22
E 807 4 -10 -30
E 807 5 -12 -38
E 807 6 -15 -46
T 808 4 0 5 0
E 808 0 16 49
E 808 1 13 41
E 808 2 11 33
E 808 3 8 25
E 808 4 5 17
T 809 53 0 5 0
E 809 2 -6 -18
E 809 3 -8 -26
E 809 4 -11 -34
E 809 5 -14 -42
E 809 6 -16 -50
T 810 12 0 6 0
E 810 0 18 54
E 810 1 15 46
E 810 2 12 38
E 810 3 10 30
E 810 4 7 22
E 810 5 4 14
T 811 11 0 7 1
E 811 0 -1 -17
E 811 1 -2 -25
E 811 2 -3 -33
E 811 3 -4 -41
E 811 4 -5 -49
E 811 5 -6 -57
E 811 6 -7 -65
T 812 44 0 4 0
E 812 3 -5 -16
E 812 4 -8 -24
E 812 5 -10 -32
E 812 6 -13 -40
T 813 4 0 5 0
E 813 0 16 48
E 813 1 13 40
E 813 2 10 32
E 813 3 8 24
E 813 4 5 16
T 814 52 0 5 0
E 814 2 -5 -16
E 814 3 -8 -24
E 814 4 -10 -32
E 814 5 -13 -40
E 814 6 -16 -48
T 815 17 0 6 0
E 815 0 19 59
E 815 1 17 51
E 815 2 14 43
E 815 3 11 35
E 815 4 9 27
E 815 5 6 19
T 816 64 0 6 0
E 816 1 -6 -18
E 816 2 -8 -26
E 816 3 -11 -34
E 816 4 -14 -42
E 816 5 -16 -50
E 816 6 -19 -58
T 817 20 0 6 0
E 817 0 19 57
E 817 1 17 52
E 817 2 14 44
E 817 3 12 36
E 817 4 9 28
E 817 5 6 20
T 818 8 0 7 1
E 818 0 -1 -16
E 818 1 -2 -19
E 818 2 -3 -27
E 818 3 -3 -35
E 818 4 -4 -43
E 818 5 -5 -51
E 818 6 -6 -59
T 819 31 0 3 0
E 819 4 -6 -19
E 819 5 -9 -27
E 819 6 -11 -35
T 820 9 0 5 0
E 820 0 11 35
E 820 1 12 38
E 820 2 10 30
E 820 3 7 22
E 820 4 4 14
T 821 46 0 6 0
E 821 0 -5 -16
E 821 2 -6 -19
E 821 3 -9 -27
E 821 4 -11 -35
E 821 5 -14 -43
E 821 6 -17 -51
T 822 23 0 6 0
E 822 0 13 39
E 822 1 14 44
E 822 2 13 39
E 822 3 10 31
E 822 4 7 23
E 822 5 5 15
T 823 0 0 7 1
E 823 0 -2 -23
E 823 1 -2 -18
E 823 2 -2 -21
E 823 3 -3 -29
E 823 4 -4 -37
E 823 5 -5 -45
E 823 6 -5 -53
T 824 18 0 3 0
E 824 4 -4 -13
E 824 5 -7 -21
E 824 6 -9 -29
T 825 15 0 5 0
E 825 0 7 23
E 825 1 9 28
E 825 2 10 31
E 825 3 7 23
E 825 4 5 15
T 826 22 0 5 0
E 826 0 -5 -15
E 826 3 -4 -13
E 826 4 -7 -21
E 826 5 -9 -29
E 826 6 -12 -37
T 827 15 0 5 0
E 827 0 5 17
E 827 1 7 22
E 827 2 9 27
E 827 3 7 22
E 827 4 4 14
T 828 25 0 6 0
E 828 0 -7 -22
E 828 1 -5 -17
E 828 3 -5 -15
E 828 4 -7 -23
E 828 5 -10 -31
E 828 6 -13 -39
T 829 28 0 6 0
E 829 0 7 23
E 829 1 9 28
E 829 2 11 33
E 829 3 11 33
E 829 4 8 25
E 829 5 5 17
T 830 20 0 6 0
E 830 0 -8 -24
E 830 1 -6 -19
E 830 2 -4 -14
E 830 4 -6 -19
E 830 5 -9 -27
E 830 6 -11 -35
T 831 29 0 6 0
E 831 0 6 19
E 831 1 8 24
E 831 2 9 29
E 831 3 11 34
E 831 4 8 26
E 831 5 6 18
T 832 13 0 7 1
E 832 0 -3 -29
E 832 1 -2 -24
E 832 2 -2 -19
E 832 3 -1 -14
E 832 4 -2 -19
E 832 5 -3 -27
E 832 6 -3 -35
T 833 4 0 2 0
E 833 0 -4 -14
E 833 6 -6 -18
T 834 10 0 0 0
T 835 8 0 0 0
T 836 9 0 1 0
E 836 4 5 16
T 837 10 0 1 0
E 837 4 4 14
T 838 9 0 0 0
T 839 15 0 2 0
E 839 4 5 15
E 839 5 5 15
T 840 10 0 2 0
E 840 0 -7 -22
E 840 1 -5 -17
T 841 9 0 1 0
E 841 0 -4 -13
T 842 15 0 1 0
E 842 5 5 15
T 843 8 0 2 0
E 843 0 -6 -18
E 843 1 -4 -13
T 844 20 0 2 0
E 844 5 5 15
E 844 6 5 15
T 845 6 0 3 0
E 845 0 -8 -26
E 845 1 -7 -21
E 845 2 -5 -16
T 846 24 0 3 0
E 846 4 5 16
E 846 5 7 21
E 846 6 8 26
T 847 9 0 2 0
E 847 0 -6 -20
E 847 1 -5 -15
T 848 24 0 3 0
E 848 4 5 15
E 848 5 6 20
E 848 6 8 25
T 849 9 0 2 0
E 849 0 -6 -20
E 849 1 -5 -15
T 850 22 0 2 0
E 850 5 4 13
E 850 6 6 18
T 851 6 0 3 0
E 851 0 -9 -27
E 851 1 -7 -22
E 851 2 -5 -17
T 852 24 0 3 0
E 852 4 4 13
E 852 5 6 18
E 852 6 7 23
T 853 9 0 2 0
E 853 0 -7 -21
E 853 1 -5 -16
T 854 24 0 3 0
E 854 4 4 13
E 854 5 6 18
E 854 6 7 23
T 855 2 0 4 0
E 855 0 -9 -29
E 855 1 -8 -24
E 855 2 -6 -19
E 855 3 -4 -14
T 856 28 0 4 0
E 856 3 4 13
E 856 4 6 18
E 856 5 7 23
E 856 6 9 28
T 857 6 0 3 0
E 857 0 -8 -25
E 857 1 -6 -20
E 857 2 -5 -15
T 858 24 0 3 0
E 858 4 5 17
E 858 5 7 22
E 858 6 9 27
T 859 9 0 2 0
E 859 0 -7 -21
E 859 1 -5 -16
T 860 15 0 2 0
E 860 0 -4 -14
E 860 6 5 16
T 861 9 0 2 0
E 861 0 -6 -19
E 861 1 -4 -14
T 862 20 0 2 0
E 862 5 5 17
E 862 6 7 22
T 863 6 0 3 0
E 863 0 -8 -24
E 863 1 -6 -19
E 863 2 -4 -14
T 864 28 0 4 0
E 864 3 4 14
E 864 4 6 19
E 864 5 8 24
E 864 6 9 29
T 865 1 0 4 0
E 865 0 -10 -31
E 865 1 -8 -26
E 865 2 -7 -21
E 865 3 -5 -16
T 866 29 0 4 0
E 866 3 4 14
E 866 4 6 19
E 866 5 8 24
E 866 6 9 29
T 867 3 0 5 0
E 867 0 -11 -34
E 867 1 -9 -28
E 867 2 -7 -23
E 867 3 -6 -18
E 867 4 -4 -13
T 868 36 0 5 0
E 868 2 4 13
E 868 3 6 18
E 868 4 7 23
E 868 5 9 28
E 868 6 11 33
T 869 4 0 4 0
E 869 0 -10 -32
E 869 1 -8 -24
E 869 2 -6 -19
E 869 3 -4 -14
T 870 32 0 4 0
E 870 3 5 17
E 870 4 7 22
E 870 5 9 27
E 870 6 10 32
T 871 3 0 5 0
E 871 0 -13 -39
E 871 1 -10 -31
E 871 2 -8 -25
E 871 3 -6 -20
E 871 4 -5 -15
T 872 39 0 5 0
E 872 2 5 15
E 872 3 6 20
E 872 4 8 25
E 872 5 10 30
E 872 6 11 35
T 873 8 0 6 0
E 873 0 -14 -43
E 873 1 -11 -35
E 873 2 -9 -28
E 873 3 -7 -23
E 873 4 -6 -18
E 873 5 -4 -13
T 874 53 0 6 0
E 874 1 5 17
E 874 2 8 25
E 874 3 10 30
E 874 4 11 35
E 874 5 13 40
E 874 6 15 45
T 875 32 0 7 1
E 875 0 -6 -59
E 875 1 -5 -51
E 875 2 -4 -43
E 875 3 -4 -38
E 875 4 -3 -33
E 875 5 -3 -28
E 875 6 -2 -23
T 876 4 0 4 0
E 876 0 -13 -39
E 876 1 -10 -31
E 876 2 -7 -23
E 876 3 -5 -17
T 877 35 0 4 0
E 877 3 4 13
E 877 4 6 18
E 877 5 7 23
E 877 6 9 28
T 878 2 0 5 0
E 878 0 -14 -43
E 878 1 -11 -35
E 878 2 -9 -27
E 878 3 -6 -20
E 878 4 -5 -15
T 879 45 0 5 0
E 879 2 5 15
E 879 3 7 23
E 879 4 9 28
E 879 5 11 33
E 879 6 12 38
T 880 4 0 4 0
E 880 0 -13 -41
E 880 1 -11 -33
E 880 2 -8 -25
E 880 3 -5 -17
T 881 39 0 4 0
E 881 3 5 15
E 881 4 7 21
E 881 5 8 26
E 881 6 10 31
T 882 3 0 5 0
E 882 0 -15 -45
E 882 1 -12 -37
E 882 2 -9 -29
E 882 3 -7 -21
E 882 4 -5 -15
T 883 47 0 5 0
E 883 2 5 15
E 883 3 7 23
E 883 4 10 30
E 883 5 11 35
E 883 6 13 40
T 884 2 0 5 0
E 884 0 -15 -45
E 884 1 -12 -37
E 884 2 -9 -29
E 884 3 -7 -21
E 884 4 -4 -13
T 885 47 0 5 0
E 885 2 4 14
E 885 3 7 22
E 885 4 10 30
E 885 5 11 35
E 885 6 13 40
T 886 2 0 5 0
E 886 0 -15 -46
E 886 1 -12 -38
E 886 2 -10 -30
E 886 3 -7 -22
E 886 4 -4 -14
T 887 48 0 5 0
E 887 2 4 14
E 887 3 7 22
E 887 4 10 30
E 887 5 12 36
E 887 6 13 41
T 888 6 0 5 0
E 888 0 -17 -51
E 888 1 -14 -43
E 888 2 -11 -35
E 888 3 -9 -27
E 888 4 -6 -19
T 889 53 0 5 0
E 889 2 6 19
E 889 3 9 27
E 889 4 11 35
E 889 5 14 43
E 889 6 16 48
T 890 6 0 5 0
E 890 0 -17 -51
E 890 1 -14 -43
E 890 2 -11 -35
E 890 3 -9 -27
E 890 4 -6 -19
T 891 59 0 6 0
E 891 1 4 14
E 891 2 7 22
E 891 3 10 30
E 891 4 12 38
E 891 5 15 46
E 891 6 17 52
T 892 12 0 6 0
E 892 0 -18 -54
E 892 1 -15 -46
E 892 2 -12 -38
E 892 3 -10 -30
E 892 4 -7 -22
E 892 5 -4 -14
T 893 59 0 6 0
E 893 1 4 13
E 893 2 7 21
E 893 3 9 29
E 893 4 12 37
E 893 5 15 45
E 893 6 17 52
T 894 37 0 7 1
E 894 0 -7 -65
E 894 1 -6 -57
E 894 2 -5 -49
E 894 3 -4 -41
E 894 4 -3 -33
E 894 5 -2 -25
E 894 6 -1 -17
T 895 5 0 4 0
E 895 0 -12 -38
E 895 1 -10 -30
E 895 2 -7 -22
E 895 3 -4 -14
T 896 43 0 4 0
E 896 3 4 13
E 896 4 7 21
E 896 5 9 29
E 896 6 12 37
T 897 5 0 5 0
E 897 0 -16 -50
E 897 1 -14 -42
E 897 2 -11 -34
E 897 3 -8 -26
E 897 4 -6 -18
T 898 50 0 5 0
E 898 2 4 14
E 898 3 7 22
E 898 4 10 30
E 898 5 12 38
E 898 6 15 46
T 899 4 0 5 0
E 899 0 -16 -49
E 899 1 -13 -41
E 899 2 -11 -33
E 899 3 -8 -25
E 899 4 -5 -17
T 900 50 0 5 0
E 900 2 4 13
E 900 3 7 21
E 900 4 9 29
E 900 5 12 37
E 900 6 15 45
T 901 15 0 6 0
E 901 0 -19 -57
E 901 1 -16 -49
E 901 2 -13 -41
E 901 3 -11 -33
E 901 4 -8 -25
E 901 5 -5 -17
T 902 66 0 6 0
E 902 1 6 20
E 902 2 9 28
E 902 3 12 36
E 902 4 14 44
E 902 5 17 52
E 902 6 20 60
T 903 38 0 7 1
E 903 0 -8 -73
E 903 1 -7 -65
E 903 2 -6 -57
E 903 3 -5 -49
E 903 4 -4 -41
E 903 5 -3 -33
E 903 6 -2 -25
T 904 2 0 5 0
E 904 0 -15 -46
E 904 1 -12 -38
E 904 2 -10 -30
E 904 3 -7 -22
E 904 4 -4 -14
T 905 52 0 5 0
E 905 2 5 17
E 905 3 8 25
E 905 4 11 33
E 905 5 13 41
E 905 6 16 49
T 906 14 0 6 0
E 906 0 -18 -56
E 906 1 -16 -48
E 906 2 -13 -40
E 906 3 -10 -32
E 906 4 -8 -24
E 906 5 -5 -16
T 907 11 0 7 1
E 907 0 1 17
E 907 1 2 25
E 907 2 3 33
E 907 3 4 41
E 907 4 5 49
E 907 5 6 57
E 907 6 7 65
T 908 43 0 4 0
E 908 3 4 13
E 908 4 7 21
E 908 5 9 29
E 908 6 12 37
T 909 2 0 5 0
E 909 0 -15 -46
E 909 1 -12 -38
E 909 2 -10 -30
E 909 3 -7 -22
E 909 4 -4 -14
T 910 50 0 5 0
E 910 2 4 14
E 910 3 7 22
E 910 4 10 30
E 910 5 12 38
E 910 6 15 46
T 911 4 0 5 0
E 911 0 -16 -48
E 911 1 -13 -40
E 911 2 -10 -32
E 911 3 -8 -24
E 911 4 -5 -16
T 912 51 0 5 0
E 912 2 5 15
E 912 3 7 23
E 912 4 10 31
E 912 5 13 39
E 912 6 15 47
T 913 17 0 6 0
E 913 0 -19 -59
E 913 1 -17 -51
E 913 2 -14 -43
E 913 3 -11 -35
E 913 4 -9 -27
E 913 5 -6 -19
T 914 65 0 6 0
E 914 1 6 19
E 914 2 9 27
E 914 3 11 35
E 914 4 14 43
E 914 5 17 51
E 914 6 19 59
T 915 35 0 7 1
E 915 0 -7 -63
E 915 1 -6 -55
E 915 2 -5 -47
E 915 3 -4 -39
E 915 4 -3 -31
E 915 5 -2 -23
E 915 6 -1 -15
T 916 5 0 4 0
E 916 0 -12 -38
E 916 1 -10 -30
E 916 2 -7 -22
E 916 3 -4 -14
T 917 43 0 4 0
E 917 3 4 13
E 917 4 7 21
E 917 5 9 29
E 917 6 12 37
T 918 5 0 5 0
E 918 0 -16 -50
E 918 1 -14 -42
E 918 2 -11 -34
E 918 3 -8 -26
E 918 4 -6 -18
T 919 51 0 5 0
E 919 2 5 15
E 919 3 7 23
E 919 4 10 31
E 919 5 13 39
E 919 6 15 47
T 920 5 0 5 0
E 920 0 -16 -50
E 920 1 -14 -42
E 920 2 -11 -34
E 920 3 -8 -26
E 920 4 -6 -18
T 921 53 0 5 0
E 921 2 6 18
E 921 3 8 26
E 921 4 11 34
E 921 5 14 42
E 921 6 16 50
T 922 4 0 5 0
E 922 0 -16 -48
E 922 1 -13 -40
E 922 2 -10 -32
E 922 3 -8 -24
E 922 4 -5 -16
T 923 50 0 5 0
E 923 2 4 13
E 923 3 7 21
E 923 4 9 29
E 923 5 12 37
E 923 6 15 45
T 924 4 0 5 0
E 924 0 -16 -49
E 924 1 -13 -41
E 924 2 -11 -33
E 924 3 -8 -25
E 924 4 -5 -17
T 925 52 0 5 0
E 925 2 5 17
E 925 3 8 25
E 925 4 11 33
E 925 5 13 41
E 925 6 16 49
T 926 6 0 5 0
E 926 0 -17 -52
E 926 1 -14 -44
E 926 2 -12 -36
E 926 3 -9 -28
E 926 4 -6 -20
T 927 51 0 5 0
E 927 2 5 15
E 927 3 7 23
E 927 4 10 31
E 927 5 13 39
E 927 6 15 47
T 928 6 0 5 0
E 928 0 -17 -52
E 928 1 -14 -44
E 928 2 -12 -36
E 928 3 -9 -28
E 928 4 -6 -20
T 929 52 0 5 0
E 929 2 5 17
E 929 3 8 25
E 929 4 11 33
E 929 5 13 41
E 929 6 16 49
T 930 4 0 5 0
E 930 0 -16 -48
E 930 1 -13 -40
E 930 2 -10 -32
E 930 3 -8 -24
E 930 4 -5 -16
T 931 62 0 6 0
E 931 1 5 16
E 931 2 8 24
E 931 3 10 32
E 931 4 13 40
E 931 5 16 48
E 931 6 18 56
T 932 35 0 7 1
E 932 0 -6 -61
E 932 1 -5 -53
E 932 2 -5 -45
E 932 3 -4 -37
E 932 4 -3 -29
E 932 5 -2 -21
E 932 6 -1 -13
T 933 5 0 4 0
E 933 0 -12 -38
E 933 1 -10 -30
E 933 2 -7 -22
E 933 3 -4 -14
T 934 39 0 3 0
E 934 4 6 20
E 934 5 9 28
E 934 6 12 36
T 935 2 0 5 0
E 935 0 -15 -46
E 935 1 -12 -38
E 935 2 -10 -30
E 935 3 -7 -22
E 935 4 -4 -14
T 936 54 0 5 0
E 936 2 6 19
E 936 3 9 27
E 936 4 11 35
E 936 5 14 43
E 936 6 17 51
T 937 15 0 6 0
E 937 0 -19 -57
E 937 1 -16 -49
E 937 2 -13 -41
E 937 3 -11 -33
E 937 4 -8 -25
E 937 5 -5 -17
T 938 11 0 7 1
E 938 0 1 17
E 938 1 2 25
E 938 2 3 33
E 938 3 4 41
E 938 4 5 49
E 938 5 6 57
E 938 6 7 65
T 939 39 0 3 0
E 939 4 6 20
E 939 5 9 28
E 939 6 12 36
T 940 3 0 4 0
E 940 0 -14 -44
E 940 1 -12 -36
E 940 2 -9 -28
E 940 3 -6 -20
T 941 45 0 4 0
E 941 3 6 18
E 941 4 8 26
E 941 5 11 34
E 941 6 14 42
T 942 4 0 4 0
E 942 0 -13 -41
E 942 1 -11 -33
E 942 2 -8 -25
E 942 3 -5 -17
T 943 52 0 5 0
E 943 2 5 16
E 943 3 8 24
E 943 4 10 32
E 943 5 13 40
E 943 6 16 48
T 944 4 0 5 0
E 944 0 -16 -48
E 944 1 -13 -40
E 944 2 -10 -32
E 944 3 -8 -24
E 944 4 -5 -16
T 945 50 0 5 0
E 945 2 4 13
E 945 3 7 21
E 945 4 9 29
E 945 5 12 37
E 945 6 15 45
T 946 6 0 5 0
E 946 0 -17 -52
E 946 1 -14 -44
E 946 2 -12 -36
E 946 3 -9 -28
E 946 4 -6 -20
T 947 63 0 6 0
E 947 1 5 17
E 947 2 8 25
E 947 3 11 33
E 947 4 13 41
E 947 5 16 49
E 947 6 19 57
T 948 37 0 7 1
E 948 0 -7 -67
E 948 1 -6 -59
E 948 2 -5 -51
E 948 3 -4 -43
E 948 4 -3 -35
E 948 5 -3 -27
E 948 6 -2 -19
T 949 3 0 4 0
E 949 0 -14 -43
E 949 1 -11 -35
E 949 2 -9 -27
E 949 3 -6 -19
T 950 50 0 5 0
E 950 2 4 14
E 950 3 7 22
E 950 4 10 30
E 950 5 12 38
E 950 6 15 46
T 951 4 0 5 0
E 951 0 -16 -49
E 951 1 -13 -41
E 951 2 -11 -33
E 951 3 -8 -25
E 951 4 -5 -17
T 952 54 0 5 0
E 952 2 6 20
E 952 3 9 28
E 952 4 12 36
E 952 5 14 44
E 952 6 17 52
T 953 35 0 7 1
E 953 0 -6 -61
E 953 1 -5 -53
E 953 2 -5 -45
E 953 3 -4 -37
E 953 4 -3 -29
E 953 5 -2 -21
E 953 6 -1 -13
T 954 14 0 4 0
E 954 0 -10 -31
E 954 1 -7 -23
E 954 2 -5 -15
E 954 6 5 17
T 955 29 0 3 0
E 955 0 -6 -20
E 955 5 6 20
E 955 6 9 28
T 956 13 0 4 0
E 956 0 -11 -34
E 956 1 -8 -26
E 956 2 -6 -18
E 956 6 4 14
T 957 43 0 4 0
E 957 3 4 14
E 957 4 7 22
E 957 5 10 30
E 957 6 12 38
T 958 4 0 5 0
E 958 0 -16 -49
E 958 1 -13 -41
E 958 2 -11 -33
E 958 3 -8 -25
E 958 4 -5 -17
T 959 50 0 5 0
E 959 2 4 14
E 959 3 7 22
E 959 4 10 30
E 959 5 12 38
E 959 6 15 46
T 960 37 0 4 0
E 960 1 -14 -43
E 960 2 -11 -35
E 960 3 -9 -27
E 960 4 -6 -19
T 961 0 0 4 0
E 961 0 12 37
E 961 4 6 18
E 961 5 8 26
E 961 6 11 34
T 962 43 0 4 0
E 962 1 -14 -43
E 962 2 -11 -35
E 962 3 -9 -27
E 962 4 -6 -19
T 963 5 0 4 0
E 963 0 13 40
E 963 4 5 15
E 963 5 7 23
E 963 6 10 31
T 964 57 0 5 0
E 964 1 -16 -48
E 964 2 -13 -40
E 964 3 -10 -32
E 964 4 -8 -24
E 964 5 -5 -16
T 965 35 0 7 1
E 965 0 6 62
E 965 1 6 54
E 965 2 1 14
E 965 3 2 22
E 965 4 3 30
E 965 5 4 38
E 965 6 5 46
T 966 5 0 4 0
E 966 0 14 42
E 966 1 11 34
E 966 5 5 15
E 966 6 7 23
T 967 51 0 4 0
E 967 2 -14 -43
E 967 3 -11 -35
E 967 4 -9 -27
E 967 5 -6 -19
T 968 6 0 4 0
E 968 0 17 53
E 968 1 15 45
E 968 5 6 20
E 968 6 9 28
T 969 67 0 5 0
E 969 2 -17 -51
E 969 3 -14 -43
E 969 4 -11 -35
E 969 5 -9 -27
E 969 6 -6 -19
T 970 41 0 7 1
E 970 0 7 71
E 970 1 7 63
E 970 2 6 55
E 970 3 1 15
E 970 4 2 23
E 970 5 3 31
E 970 6 4 39
T 971 15 0 4 0
E 971 0 13 41
E 971 1 11 33
E 971 2 8 25
E 971 3 -6 -18
T 972 57 0 5 0
E 972 0 4 14
E 972 3 -16 -48
E 972 4 -13 -40
E 972 5 -10 -32
E 972 6 -8 -24
T 973 5 0 4 0
E 973 0 18 55
E 973 1 15 47
E 973 2 13 39
E 973 6 4 14
T 974 71 0 4 0
E 974 3 -19 -59
E 974 4 -17 -51
E 974 5 -14 -43
E 974 6 -11 -35
T 975 21 0 6 0
E 975 0 24 74
E 975 1 22 66
E 975 2 19 58
E 975 3 16 50
E 975 5 6 18
E 975 6 8 26
T 976 17 0 7 1
E 976 0 -2 -18
E 976 1 -2 -26
E 976 2 -3 -34
E 976 3 -4 -42
E 976 4 -9 -85
E 976 5 -8 -77
E 976 6 -7 -69
T 977 50 0 5 0
E 977 0 7 22
E 977 1 4 14
E 977 4 -16 -48
E 977 5 -13 -40
E 977 6 -10 -32
T 978 17 0 6 0
E 978 0 15 45
E 978 1 12 37
E 978 2 9 29
E 978 3 7 21
E 978 4 -9 -28
E 978 5 -6 -20
T 979 62 0 4 0
E 979 0 6 20
E 979 4 -19 -57
E 979 5 -16 -49
E 979 6 -13 -41
T 980 14 0 5 0
E 980 0 21 63
E 980 1 18 55
E 980 2 15 47
E 980 3 13 39
E 980 4 10 31
T 981 79 0 6 0
E 981 1 -5 -15
E 981 2 -7 -23
E 981 3 -10 -31
E 981 4 -13 -39
E 981 5 -27 -82
E 981 6 -24 -74
T 982 24 0 5 0
E 982 0 26 78
E 982 1 23 70
E 982 2 20 62
E 982 3 18 54
E 982 4 15 46
T 983 18 0 7 1
E 983 0 -1 -17
E 983 1 -2 -25
E 983 2 -3 -33
E 983 3 -4 -41
E 983 4 -5 -49
E 983 5 -10 -98
E 983 6 -10 -90
T 984 59 0 4 0
E 984 0 5 17
E 984 4 -5 -15
E 984 5 -22 -68
E 984 6 -20 -60
T 985 38 0 7 1
E 985 0 7 64
E 985 1 6 56
E 985 2 5 48
E 985 3 4 40
E 985 4 3 32
E 985 5 2 24
E 985 6 -1 -16
T 986 20 0 5 0
E 986 0 12 37
E 986 1 9 29
E 986 2 7 21
E 986 3 4 13
E 986 6 -15 -46
T 987 37 0 4 0
E 987 0 8 25
E 987 1 5 17
E 987 5 -5 -15
E 987 6 -20 -61
T 988 18 0 5 0
E 988 0 14 43
E 988 1 11 35
E 988 2 9 27
E 988 3 6 19
E 988 6 -15 -46
T 989 44 0 3 0
E 989 0 6 20
E 989 5 -6 -20
E 989 6 -24 -73
T 990 4 0 4 0
E 990 0 13 41
E 990 1 11 33
E 990 2 8 25
E 990 3 5 17
T 991 52 0 5 0
E 991 2 -5 -17
E 991 3 -8 -25
E 991 4 -11 -33
E 991 5 -13 -41
E 991 6 -16 -49
T 992 4 0 5 0
E 992 0 16 49
E 992 1 13 41
E 992 2 11 33
E 992 3 8 25
E 992 4 5 17
T 993 51 0 5 0
E 993 2 -5 -15
E 993 3 -7 -23
E 993 4 -10 -31
E 993 5 -13 -39
E 993 6 -15 -47
T 994 11 0 6 0
E 994 0 17 53
E 994 1 15 45
E 994 2 12 37
E 994 3 9 29
E 994 4 7 21
E 994 5 4 13
T 995 64 0 6 0
E 995 1 -6 -18
E 995 2 -8 -26
E 995 3 -11 -34
E 995 4 -14 -42
E 995 5 -16 -50
E 995 6 -19 -58
T 996 37 0 7 1
E 996 0 7 65
E 996 1 6 57
E 996 2 5 49
E 996 3 4 41
E 996 4 3 33
E 996 5 2 25
E 996 6 1 17
T 997 3 0 4 0
E 997 0 14 43
E 997 1 11 35
E 997 2 9 27
E 997 3 6 19
T 998 44 0 4 0
E 998 3 -5 -15
E 998 4 -7 -23
E 998 5 -10 -31
E 998 6 -13 -39
T 999 5 0 5 0
E 999 0 16 50
E 999 1 14 42
E 999 2 11 34
E 999 3 8 26
E 999 4 6 18
T 1000 54 0 5 0
E 1000 2 -6 -19
E 1000 3 -9 -27
E 1000 4 -11 -35
E 1000 5 -14 -43
E 1000 6 -17 -51
T 1001 6 0 5 0
E 1001 0 17 52
E 1001 1 14 44
E 1001 2 12 36
E 1001 3 9 28
E 1001 4 6 20
T 1002 54 0 5 0
E 1002 2 -6 -20
E 1002 3 -9 -28
E 1002 4 -12 -36
E 1002 5 -14 -44
E 1002 6 -17 -52
T 1003 11 0 6 0
E 1003 0 17 53
E 1003 1 15 45
E 1003 2 12 37
E 1003 3 9 29
E 1003 4 7 21
E 1003 5 4 13
T 1004 59 0 6 0
E 1004 1 -4 -13
E 1004 2 -7 -21
E 1004 3 -9 -29
E 1004 4 -12 -37
E 1004 5 -15 -45
E 1004 6 -17 -53
T 1005 13 0 6 0
E 1005 0 18 55
E 1005 1 15 47
E 1005 2 13 39
E 1005 3 10 31
E 1005 4 7 23
E 1005 5 5 15
T 1006 13 0 7 1
E 1006 0 -1 -13
E 1006 1 -2 -21
E 1006 2 -3 -29
E 1006 3 -4 -37
E 1006 4 -5 -45
E 1006 5 -5 -53
E 1006 6 -6 -61
T 1007 34 0 4 0
E 1007 0 5 16
E 1007 4 -5 -16
E 1007 5 -8 -24
E 1007 6 -10 -32
T 1008 14 0 4 0
E 1008 0 11 33
E 1008 1 8 25
E 1008 2 5 17
E 1008 6 -5 -15
T 1009 34 0 4 0
E 1009 0 5 17
E 1009 4 -5 -15
E 1009 5 -7 -23
E 1009 6 -10 -31
T 1010 4 0 4 0
E 1010 0 13 41
E 1010 1 11 33
E 1010 2 8 25
E 1010 3 5 17
T 1011 51 0 5 0
E 1011 2 -5 -15
E 1011 3 -7 -23
E 1011 4 -10 -31
E 1011 5 -13 -39
E 1011 6 -15 -47
T 1012 16 0 6 0
E 1012 0 19 58
E 1012 1 16 50
E 1012 2 14 42
E 1012 3 11 34
E 1012 4 8 26
E 1012 5 6 18
T 1013 64 0 6 0
E 1013 1 -6 -18
E 1013 2 -8 -26
E 1013 3 -11 -34
E 1013 4 -14 -42
E 1013 5 -16 -50
E 1013 6 -19 -58
T 1014 37 0 7 1
E 1014 0 7 71
E 1014 1 7 63
E 1014 2 6 55
E 1014 3 5 47
E 1014 4 4 39
E 1014 5 3 31
E 1014 6 2 23
T 1015 3 0 4 0
E 1015 0 14 44
E 1015 1 12 36
E 1015 2 9 28
E 1015 3 6 20
T 1016 50 0 5 0
E 1016 2 -4 -13
E 1016 3 -7 -21
E 1016 4 -9 -29
E 1016 5 -12 -37
E 1016 6 -15 -45
T 1017 2 0 5 0
E 1017 0 15 46
E 1017 1 12 38
E 1017 2 10 30
E 1017 3 7 22
E 1017 4 4 14
T 1018 54 0 5 0
E 1018 2 -6 -20
E 1018 3 -9 -28
E 1018 4 -12 -36
E 1018 5 -14 -44
E 1018 6 -17 -52
T 1019 17 0 6 0
E 1019 0 19 59
E 1019 1 17 51
E 1019 2 14 43
E 1019 3 11 35
E 1019 4 9 27
E 1019 5 6 19
T 1020 12 0 7 1
E 1020 0 -1 -16
E 1020 1 -2 -24
E 1020 2 -3 -32
E 1020 3 -4 -40
E 1020 4 -5 -48
E 1020 5 -6 -56
E 1020 6 -7 -64
T 1021 44 0 4 0
E 1021 3 -5 -15
E 1021 4 -7 -23
E 1021 5 -10 -31
E 1021 6 -13 -39
T 1022 2 0 5 0
E 1022 0 15 45
E 1022 1 12 37
E 1022 2 9 29
E 1022 3 7 21
E 1022 4 4 13
T 1023 50 0 5 0
E 1023 2 -4 -14
E 1023 3 -7 -22
E 1023 4 -10 -30
E 1023 5 -12 -38
E 1023 6 -15 -46
T 1024 6 0 5 0
E 1024 0 17 51
E 1024 1 14 43
E 1024 2 11 35
E 1024 3 9 27
E 1024 4 6 19
T 1025 61 0 6 0
E 1025 1 -5 -15
E 1025 2 -7 -23
E 1025 3 -10 -31
E 1025 4 -13 -39
E 1025 5 -15 -47
E 1025 6 -18 -55
T 1026 35 0 7 1
E 1026 0 6 62
E 1026 1 6 54
E 1026 2 5 46
E 1026 3 4 38
E 1026 4 3 30
E 1026 5 2 22
E 1026 6 1 14
T 1027 4 0 4 0
E 1027 0 13 41
E 1027 1 11 33
E 1027 2 8 25
E 1027 3 5 17
T 1028 50 0 5 0
E 1028 2 -4 -13
E 1028 3 -7 -21
E 1028 4 -9 -29
E 1028 5 -12 -37
E 1028 6 -15 -45
T 1029 4 0 5 0
E 1029 0 16 49
E 1029 1 13 41
E 1029 2 11 33
E 1029 3 8 25
E 1029 4 5 17
T 1030 62 0 6 0
E 1030 1 -5 -16
E 1030 2 -8 -24
E 1030 3 -10 -32
E 1030 4 -13 -40
E 1030 5 -16 -48
E 1030 6 -18 -56
T 1031 37 0 7 1
E 1031 0 7 69
E 1031 1 6 61
E 1031 2 5 53
E 1031 3 5 45
E 1031 4 4 37
E 1031 5 3 29
E 1031 6 2 21
T 1032 4 0 4 0
E 1032 0 13 39
E 1032 1 10 31
E 1032 2 7 23
E 1032 3 5 15
T 1033 45 0 4 0
E 1033 3 -6 -18
E 1033 4 -8 -26
E 1033 5 -11 -34
E 1033 6 -14 -42
T 1034 6 0 5 0
E 1034 0 17 52
E 1034 1 14 44
E 1034 2 12 36
E 1034 3 9 28
E 1034 4 6 20
T 1035 51 0 5 0
E 1035 2 -5 -15
E 1035 3 -7 -23
E 1035 4 -10 -31
E 1035 5 -13 -39
E 1035 6 -15 -47
T 1036 13 0 6 0
E 1036 0 18 55
E 1036 1 15 47
E 1036 2 13 39
E 1036 3 10 31
E 1036 4 7 23
E 1036 5 5 15
T 1037 66 0 6 0
E 1037 1 -6 -20
E 1037 2 -9 -28
E 1037 3 -12 -36
E 1037 4 -14 -44
E 1037 5 -17 -52
E 1037 6 -20 -60
T 1038 38 0 7 1
E 1038 0 8 73
E 1038 1 7 65
E 1038 2 6 57
E 1038 3 5 49
E 1038 4 4 41
E 1038 5 3 33
E 1038 6 2 25
T 1039 9 0 3 0
E 1039 0 12 36
E 1039 1 9 28
E 1039 2 6 20
T 1040 45 0 4 0
E 1040 3 -6 -19
E 1040 4 -9 -27
E 1040 5 -11 -35
E 1040 6 -14 -43
T 1041 5 0 5 0
E 1041 0 16 50
E 1041 1 14 42
E 1041 2 11 34
E 1041 3 8 26
E 1041 4 6 18
T 1042 63 0 6 0
E 1042 1 -5 -17
E 1042 2 -8 -25
E 1042 3 -11 -33
E 1042 4 -13 -41
E 1042 5 -16 -49
E 1042 6 -19 -57
T 1043 36 0 7 1
E 1043 0 7 64
E 1043 1 6 56
E 1043 2 5 48
E 1043 3 4 40
E 1043 4 3 32
E 1043 5 2 24
E 1043 6 1 16
T 1044 4 0 4 0
E 1044 0 13 40
E 1044 1 10 32
E 1044 2 8 24
E 1044 3 5 16
T 1045 43 0 4 0
E 1045 3 -4 -13
E 1045 4 -7 -21
E 1045 5 -9 -29
E 1045 6 -12 -37
T 1046 3 0 5 0
E 1046 0 15 47
E 1046 1 13 39
E 1046 2 10 31
E 1046 3 7 23
E 1046 4 5 15
T 1047 52 0 5 0
E 1047 2 -5 -16
E 1047 3 -8 -24
E 1047 4 -10 -32
E 1047 5 -13 -40
E 1047 6 -16 -48
T 1048 16 0 6 0
E 1048 0 19 58
E 1048 1 16 50
E 1048 2 14 42
E 1048 3 11 34
E 1048 4 8 26
E 1048 5 6 18
T 1049 11 0 7 1
E 1049 0 -2 -18
E 1049 1 -2 -26
E 1049 2 -3 -34
E 1049 3 -4 -42
E 1049 4 -5 -50
E 1049 5 -6 -58
E 1049 6 -7 -66
T 1050 33 0 4 0
E 1050 0 6 19
E 1050 4 -4 -13
E 1050 5 -7 -21
E 1050 6 -9 -29
T 1051 14 0 4 0
E 1051 0 11 33
E 1051 1 8 25
E 1051 2 5 17
E 1051 6 -5 -15
T 1052 34 0 4 0
E 1052 0 5 17
E 1052 4 -5 -15
E 1052 5 -7 -23
E 1052 6 -10 -31
T 1053 14 0 4 0
E 1053 0 10 31
E 1053 1 7 23
E 1053 2 5 15
E 1053 6 -5 -17
T 1054 33 0 4 0
E 1054 0 6 19
E 1054 4 -4 -13
E 1054 5 -7 -21
E 1054 6 -9 -29
T 1055 14 0 4 0
E 1055 0 10 31
E 1055 1 7 23
E 1055 2 5 15
E 1055 6 -5 -17
T 1056 34 0 4 0
E 1056 0 5 17
E 1056 4 -5 -15
E 1056 5 -7 -23
E 1056 6 -10 -31
T 1057 2 0 4 0
E 1057 0 12 38
E 1057 1 11 33
E 1057 2 8 25
E 1057 3 5 17
T 1058 45 0 5 0
E 1058 2 -4 -14
E 1058 3 -7 -22
E 1058 4 -10 -30
E 1058 5 -12 -38
E 1058 6 -15 -46
T 1059 20 0 6 0
E 1059 0 16 49
E 1059 1 16 49
E 1059 2 13 41
E 1059 3 11 33
E 1059 4 8 25
E 1059 5 5 17
T 1060 3 0 7 1
E 1060 0 -2 -23
E 1060 1 -2 -20
E 1060 2 -3 -28
E 1060 3 -4 -36
E 1060 4 -4 -44
E 1060 5 -5 -52
E 1060 6 -6 -60
T 1061 31 0 4 0
E 1061 3 -5 -15
E 1061 4 -7 -23
E 1061 5 -10 -31
E 1061 6 -13 -39
T 1062 7 0 4 0
E 1062 0 9 27
E 1062 1 10 32
E 1062 2 9 27
E 1062 3 6 19
T 1063 27 0 4 0
E 1063 3 -6 -18
E 1063 4 -8 -26
E 1063 5 -11 -34
E 1063 6 -14 -42
T 1064 7 0 4 0
E 1064 0 6 20
E 1064 1 8 25
E 1064 2 8 25
E 1064 3 5 17
T 1065 15 0 3 0
E 1065 4 -5 -16
E 1065 5 -8 -24
E 1065 6 -10 -32
T 1066 9 0 4 0
E 1066 0 4 13
E 1066 1 6 18
E 1066 2 7 23
E 1066 3 5 15
T 1067 10 0 3 0
E 1067 4 -4 -14
E 1067 5 -7 -22
E 1067 6 -10 -30
T 1068 0 0 1 0
E 1068 2 5 15
T 1069 3 0 1 0
E 1069 6 -5 -16
T 1070 5 0 2 0
E 1070 2 5 16
E 1070 3 6 19
T 1071 3 0 0 0
T 1072 5 0 1 0
E 1072 3 4 14
T 1073 8 0 0 0
T 1074 4 0 0 0
T 1075 9 0 0 0
T 1076 10 0 1 0
E 1076 4 5 15
T 1077 9 0 1 0
E 1077 0 -4 -13
T 1078 10 0 1 0
E 1078 4 5 15
T 1079 8 0 0 0
T 1080 12 0 0 0
T 1081 11 0 1 0
E 1081 0 -5 -16
T 1082 14 0 1 0
E 1082 5 5 16
T 1083 10 0 1 0
E 1083 0 -4 -14
T 1084 10 0 1 0
E 1084 0 -4 -14
T 1085 12 0 1 0
E 1085 0 -5 -17
T 1086 16 0 2 0
E 1086 0 -5 -17
E 1086 6 4 13
T 1087 21 0 2 0
E 1087 5 4 14
E 1087 6 6 19
T 1088 6 0 3 0
E 1088 0 -8 -24
E 1088 1 -6 -19
E 1088 2 -4 -14
T 1089 22 0 2 0
E 1089 5 4 13
E 1089 6 6 18
T 1090 6 0 3 0
E 1090 0 -8 -26
E 1090 1 -7 -21
E 1090 2 -5 -16
T 1091 24 0 3 0
E 1091 4 4 13
E 1091 5 6 18
E 1091 6 7 23
T 1092 9 0 2 0
E 1092 0 -7 -21
E 1092 1 -5 -16
T 1093 24 0 3 0
E 1093 4 4 14
E 1093 5 6 19
E 1093 6 8 24
T 1094 1 0 4 0
E 1094 0 -10 -31
E 1094 1 -8 -26
E 1094 2 -7 -21
E 1094 3 -5 -16
T 1095 29 0 4 0
E 1095 3 5 15
E 1095 4 6 20
E 1095 5 8 25
E 1095 6 10 30
T 1096 6 0 3 0
E 1096 0 -9 -27
E 1096 1 -7 -22
E 1096 2 -5 -17
T 1097 28 0 4 0
E 1097 3 4 13
E 1097 4 6 18
E 1097 5 7 23
E 1097 6 9 28
T 1098 6 0 3 0
E 1098 0 -7 -23
E 1098 1 -6 -18
E 1098 2 -4 -13
T 1099 21 0 2 0
E 1099 5 5 16
E 1099 6 7 21
T 1100 16 0 2 0
E 1100 0 -5 -17
E 1100 6 4 13
T 1101 9 0 2 0
E 1101 0 -7 -21
E 1101 1 -5 -16
T 1102 21 0 2 0
E 1102 5 5 16
E 1102 6 7 21
T 1103 6 0 3 0
E 1103 0 -9 -27
E 1103 1 -7 -22
E 1103 2 -5 -17
T 1104 21 0 2 0
E 1104 5 5 16
E 1104 6 7 21
T 1105 2 0 4 0
E 1105 0 -9 -28
E 1105 1 -7 -23
E 1105 2 -6 -18
E 1105 3 -4 -13
T 1106 29 0 4 0
E 1106 3 4 13
E 1106 4 6 18
E 1106 5 7 23
E 1106 6 9 28
T 1107 7 0 3 0
E 1107 0 -8 -26
E 1107 1 -6 -20
E 1107 2 -5 -15
T 1108 26 0 3 0
E 1108 4 5 16
E 1108 5 7 21
E 1108 6 8 26
T 1109 8 0 3 0
E 1109 0 -8 -26
E 1109 1 -6 -18
E 1109 2 -4 -13
T 1110 27 0 3 0
E 1110 4 5 15
E 1110 5 6 20
E 1110 6 8 25
T 1111 12 0 2 0
E 1111 0 -8 -25
E 1111 1 -5 -17
T 1112 17 0 2 0
E 1112 0 -6 -18
E 1112 6 5 16
T 1113 12 0 2 0
E 1113 0 -8 -25
E 1113 1 -5 -17
T 1114 30 0 3 0
E 1114 4 4 14
E 1114 5 6 19
E 1114 6 8 24
T 1115 4 0 4 0
E 1115 0 -12 -37
E 1115 1 -9 -29
E 1115 2 -7 -21
E 1115 3 -5 -16
T 1116 43 0 5 0
E 1116 2 5 16
E 1116 3 7 22
E 1116 4 9 27
E 1116 5 10 32
E 1116 6 12 37
T 1117 2 0 5 0
E 1117 0 -14 -42
E 1117 1 -11 -34
E 1117 2 -8 -26
E 1117 3 -6 -20
E 1117 4 -5 -15
T 1118 44 0 5 0
E 1118 2 5 15
E 1118 3 7 22
E 1118 4 9 27
E 1118 5 10 32
E 1118 6 12 37
T 1119 3 0 5 0
E 1119 0 -15 -46
E 1119 1 -12 -38
E 1119 2 -10 -30
E 1119 3 -7 -22
E 1119 4 -5 -17
T 1120 48 0 5 0
E 1120 2 6 20
E 1120 3 9 28
E 1120 4 11 33
E 1120 5 12 38
E 1120 6 14 43
T 1121 9 0 6 0
E 1121 0 -16 -48
E 1121 1 -13 -40
E 1121 2 -10 -32
E 1121 3 -8 -24
E 1121 4 -6 -18
E 1121 5 -4 -13
T 1122 55 0 6 0
E 1122 1 4 14
E 1122 2 7 22
E 1122 3 10 30
E 1122 4 12 36
E 1122 5 13 41
E 1122 6 15 46
T 1123 31 0 7 1
E 1123 0 -6 -54
E 1123 1 -5 -46
E 1123 2 -4 -38
E 1123 3 -3 -30
E 1123 4 -2 -23
E 1123 5 -2 -18
E 1123 6 -1 -13
T 1124 9 0 3 0
E 1124 0 -11 -34
E 1124 1 -8 -26
E 1124 2 -6 -18
T 1125 31 0 4 0
E 1125 0 -5 -15
E 1125 4 5 17
E 1125 5 7 22
E 1125 6 9 27
T 1126 9 0 3 0
E 1126 0 -11 -35
E 1126 1 -9 -27
E 1126 2 -6 -19
T 1127 41 0 4 0
E 1127 3 4 13
E 1127 4 7 21
E 1127 5 9 27
E 1127 6 10 32
T 1128 2 0 5 0
E 1128 0 -15 -46
E 1128 1 -12 -38
E 1128 2 -10 -30
E 1128 3 -7 -22
E 1128 4 -4 -14
T 1129 59 0 6 0
E 1129 1 4 14
E 1129 2 7 22
E 1129 3 10 30
E 1129 4 12 38
E 1129 5 15 46
E 1129 6 17 51
T 1130 36 0 7 1
E 1130 0 -7 -65
E 1130 1 -6 -57
E 1130 2 -5 -49
E 1130 3 -4 -41
E 1130 4 -3 -33
E 1130 5 -2 -25
E 1130 6 -2 -20
T 1131 13 0 4 0
E 1131 0 -11 -33
E 1131 1 -8 -25
E 1131 2 -5 -17
E 1131 6 4 13
T 1132 34 0 4 0
E 1132 0 -4 -14
E 1132 4 6 18
E 1132 5 8 26
E 1132 6 10 32
T 1133 3 0 4 0
E 1133 0 -14 -42
E 1133 1 -11 -34
E 1133 2 -8 -26
E 1133 3 -6 -18
T 1134 45 0 4 0
E 1134 3 6 18
E 1134 4 8 26
E 1134 5 11 34
E 1134 6 14 42
T 1135 2 0 5 0
E 1135 0 -15 -46
E 1135 1 -12 -38
E 1135 2 -10 -30
E 1135 3 -7 -22
E 1135 4 -4 -14
T 1136 50 0 5 0
E 1136 2 4 13
E 1136 3 7 21
E 1136 4 9 29
E 1136 5 12 37
E 1136 6 15 45
T 1137 5 0 5 0
E 1137 0 -16 -50
E 1137 1 -14 -42
E 1137 2 -11 -34
E 1137 3 -8 -26
E 1137 4 -6 -18
T 1138 54 0 5 0
E 1138 2 6 19
E 1138 3 9 27
E 1138 4 11 35
E 1138 5 14 43
E 1138 6 17 51
T 1139 15 0 6 0
E 1139 0 -19 -57
E 1139 1 -16 -49
E 1139 2 -13 -41
E 1139 3 -11 -33
E 1139 4 -8 -25
E 1139 5 -5 -17
T 1140 11 0 7 1
E 1140 0 1 17
E 1140 1 2 25
E 1140 2 3 33
E 1140 3 4 41
E 1140 4 5 49
E 1140 5 6 57
E 1140 6 7 65
T 1141 44 0 4 0
E 1141 3 5 15
E 1141 4 7 23
E 1141 5 10 31
E 1141 6 13 39
T 1142 6 0 5 0
E 1142 0 -17 -51
E 1142 1 -14 -43
E 1142 2 -11 -35
E 1142 3 -9 -27
E 1142 4 -6 -19
T 1143 52 0 5 0
E 1143 2 5 16
E 1143 3 8 24
E 1143 4 10 32
E 1143 5 13 40
E 1143 6 16 48
T 1144 5 0 5 0
E 1144 0 -16 -50
E 1144 1 -14 -42
E 1144 2 -11 -34
E 1144 3 -8 -26
E 1144 4 -6 -18
T 1145 54 0 5 0
E 1145 2 6 20
E 1145 3 9 28
E 1145 4 12 36
E 1145 5 14 44
E 1145 6 17 52
T 1146 35 0 7 1
E 1146 0 -6 -62
E 1146 1 -6 -54
E 1146 2 -5 -46
E 1146 3 -4 -38
E 1146 4 -3 -30
E 1146 5 -2 -22
E 1146 6 -1 -14
T 1147 15 0 4 0
E 1147 0 -10 -30
E 1147 1 -7 -22
E 1147 2 -4 -14
E 1147 6 6 18
T 1148 43 0 4 0
E 1148 3 4 13
E 1148 4 7 21
E 1148 5 9 29
E 1148 6 12 37
T 1149 6 0 5 0
E 1149 0 -17 -51
E 1149 1 -14 -43
E 1149 2 -11 -35
E 1149 3 -9 -27
E 1149 4 -6 -19
T 1150 51 0 5 0
E 1150 2 5 15
E 1150 3 7 23
E 1150 4 10 31
E 1150 5 13 39
E 1150 6 15 47
T 1151 17 0 6 0
E 1151 0 -19 -59
E 1151 1 -17 -51
E 1151 2 -14 -43
E 1151 3 -11 -35
E 1151 4 -9 -27
E 1151 5 -6 -19
T 1152 64 0 6 0
E 1152 1 6 18
E 1152 2 8 26
E 1152 3 11 34
E 1152 4 14 42
E 1152 5 16 50
E 1152 6 19 58
T 1153 37 0 7 1
E 1153 0 -7 -65
E 1153 1 -6 -57
E 1153 2 -5 -49
E 1153 3 -4 -41
E 1153 4 -3 -33
E 1153 5 -2 -25
E 1153 6 -1 -17
T 1154 4 0 4 0
E 1154 0 -13 -40
E 1154 1 -10 -32
E 1154 2 -8 -24
E 1154 3 -5 -16
T 1155 52 0 5 0
E 1155 2 5 17
E 1155 3 8 25
E 1155 4 11 33
E 1155 5 13 41
E 1155 6 16 49
T 1156 13 0 6 0
E 1156 0 -18 -55
E 1156 1 -15 -47
E 1156 2 -13 -39
E 1156 3 -10 -31
E 1156 4 -7 -23
E 1156 5 -5 -15
T 1157 11 0 7 1
E 1157 0 2 18
E 1157 1 2 26
E 1157 2 3 34
E 1157 3 4 42
E 1157 4 5 50
E 1157 5 6 58
E 1157 6 7 66
T 1158 43 0 4 0
E 1158 3 4 13
E 1158 4 7 21
E 1158 5 9 29
E 1158 6 12 37
T 1159 3 0 5 0
E 1159 0 -15 -47
E 1159 1 -13 -39
E 1159 2 -10 -31
E 1159 3 -7 -23
E 1159 4 -5 -15
T 1160 60 0 6 0
E 1160 1 4 14
E 1160 2 7 22
E 1160 3 10 30
E 1160 4 12 38
E 1160 5 15 46
E 1160 6 18 54
T 1161 36 0 7 1
E 1161 0 -7 -64
E 1161 1 -6 -56
E 1161 2 -5 -48
E 1161 3 -4 -40
E 1161 4 -3 -32
E 1161 5 -2 -24
E 1161 6 -1 -16
T 1162 3 0 4 0
E 1162 0 -14 -43
E 1162 1 -11 -35
E 1162 2 -9 -27
E 1162 3 -6 -19
T 1163 50 0 5 0
E 1163 2 4 13
E 1163 3 7 21
E 1163 4 9 29
E 1163 5 12 37
E 1163 6 15 45
T 1164 4 0 5 0
E 1164 0 -16 -48
E 1164 1 -13 -40
E 1164 2 -10 -32
E 1164 3 -8 -24
E 1164 4 -5 -16
T 1165 51 0 5 0
E 1165 2 5 15
E 1165 3 7 23
E 1165 4 10 31
E 1165 5 13 39
E 1165 6 15 47
T 1166 14 0 6 0
E 1166 0 -18 -56
E 1166 1 -16 -48
E 1166 2 -13 -40
E 1166 3 -10 -32
E 1166 4 -8 -24
E 1166 5 -5 -16
T 1167 65 0 6 0
E 1167 1 6 19
E 1167 2 9 27
E 1167 3 11 35
E 1167 4 14 43
E 1167 5 17 51
E 1167 6 19 59
T 1168 37 0 7 1
E 1168 0 -7 -69
E 1168 1 -6 -61
E 1168 2 -5 -53
E 1168 3 -5 -45
E 1168 4 -4 -37
E 1168 5 -3 -29
E 1168 6 -2 -21
T 1169 3 0 4 0
E 1169 0 -14 -42
E 1169 1 -11 -34
E 1169 2 -8 -26
E 1169 3 -6 -18
T 1170 53 0 5 0
E 1170 2 6 18
E 1170 3 8 26
E 1170 4 11 34
E 1170 5 14 42
E 1170 6 16 50
T 1171 14 0 6 0
E 1171 0 -18 -56
E 1171 1 -16 -48
E 1171 2 -13 -40
E 1171 3 -10 -32
E 1171 4 -8 -24
E 1171 5 -5 -16
T 1172 11 0 7 1
E 1172 0 2 19
E 1172 1 3 27
E 1172 2 3 35
E 1172 3 4 43
E 1172 4 5 51
E 1172 5 6 59
E 1172 6 7 67
T 1173 44 0 4 0
E 1173 3 5 15
E 1173 4 7 23
E 1173 5 10 31
E 1173 6 13 39
T 1174 3 0 4 0
E 1174 0 -14 -44
E 1174 1 -12 -36
E 1174 2 -9 -28
E 1174 3 -6 -20
T 1175 52 0 5 0
E 1175 2 5 17
E 1175 3 8 25
E 1175 4 11 33
E 1175 5 13 41
E 1175 6 16 49
T 1176 17 0 6 0
E 1176 0 -19 -59
E 1176 1 -17 -51
E 1176 2 -14 -43
E 1176 3 -11 -35
E 1176 4 -9 -27
E 1176 5 -6 -19
T 1177 11 0 7 1
E 1177 0 2 21
E 1177 1 3 29
E 1177 2 4 37
E 1177 3 5 45
E 1177 4 5 53
E 1177 5 6 61
E 1177 6 7 69
T 1178 35 0 4 0
E 1178 0 -4 -14
E 1178 4 6 18
E 1178 5 8 26
E 1178 6 11 34
T 1179 4 0 4 0
E 1179 0 -13 -41
E 1179 1 -11 -33
E 1179 2 -8 -25
E 1179 3 -5 -17
T 1180 52 0 5 0
E 1180 2 5 17
E 1180 3 8 25
E 1180 4 11 33
E 1180 5 13 41
E 1180 6 16 49
T 1181 18 0 6 0
E 1181 0 -20 -60
E 1181 1 -17 -52
E 1181 2 -14 -44
E 1181 3 -12 -36
E 1181 4 -9 -28
E 1181 5 -6 -20
T 1182 11 0 7 1
E 1182 0 1 17
E 1182 1 2 25
E 1182 2 3 33
E 1182 3 4 41
E 1182 4 5 49
E 1182 5 6 57
E 1182 6 7 65
T 1183 44 0 4 0
E 1183 3 5 16
E 1183 4 8 24
E 1183 5 10 32
E 1183 6 13 40
T 1184 6 0 5 0
E 1184 0 -17 -52
E 1184 1 -14 -44
E 1184 2 -12 -36
E 1184 3 -9 -28
E 1184 4 -6 -20
T 1185 52 0 5 0
E 1185 2 5 17
E 1185 3 8 25
E 1185 4 11 33
E 1185 5 13 41
E 1185 6 16 49
T 1186 11 0 6 0
E 1186 0 -17 -53
E 1186 1 -15 -45
E 1186 2 -12 -37
E 1186 3 -9 -29
E 1186 4 -7 -21
E 1186 5 -4 -13
T 1187 61 0 6 0
E 1187 1 5 15
E 1187 2 7 23
E 1187 3 10 31
E 1187 4 13 39
E 1187 5 15 47
E 1187 6 18 55
T 1188 18 0 6 0
E 1188 0 -20 -60
E 1188 1 -17 -52
E 1188 2 -14 -44
E 1188 3 -12 -36
E 1188 4 -9 -28
E 1188 5 -6 -20
T 1189 11 0 7 1
E 1189 0 2 18
E 1189 1 2 26
E 1189 2 3 34
E 1189 3 4 42
E 1189 4 5 50
E 1189 5 6 58
E 1189 6 7 66
T 1190 34 0 4 0
E 1190 0 -5 -15
E 1190 4 5 17
E 1190 5 8 25
E 1190 6 11 33
T 1191 13 0 4 0
E 1191 0 -11 -35
E 1191 1 -9 -27
E 1191 2 -6 -19
E 1191 6 4 13
T 1192 43 0 4 0
E 1192 3 4 14
E 1192 4 7 22
E 1192 5 10 30
E 1192 6 12 38
T 1193 4 0 5 0
E 1193 0 -16 -49
E 1193 1 -13 -41
E 1193 2 -11 -33
E 1193 3 -8 -25
E 1193 4 -5 -17
T 1194 53 0 5 0
E 1194 2 6 18
E 1194 3 8 26
E 1194 4 11 34
E 1194 5 14 42
E 1194 6 16 50
T 1195 13 0 6 0
E 1195 0 -18 -55
E 1195 1 -15 -47
E 1195 2 -13 -39
E 1195 3 -10 -31
E 1195 4 -7 -23
E 1195 5 -5 -15
T 1196 62 0 6 0
E 1196 1 5 16
E 1196 2 8 24
E 1196 3 10 32
E 1196 4 13 40
E 1196 5 16 48
E 1196 6 18 56
T 1197 35 0 7 1
E 1197 0 -6 -62
E 1197 1 -6 -54
E 1197 2 -5 -46
E 1197 3 -4 -38
E 1197 4 -3 -30
E 1197 5 -2 -22
E 1197 6 -1 -14
T 1198 5 0 4 0
E 1198 0 -12 -38
E 1198 1 -10 -30
E 1198 2 -7 -22
E 1198 3 -4 -14
T 1199 44 0 4 0
E 1199 3 5 15
E 1199 4 7 23
E 1199 5 10 31
E 1199 6 13 39
T 1200 36 0 4 0
E 1200 1 -13 -39
E 1200 2 -10 -31
E 1200 3 -7 -23
E 1200 4 -5 -15
T 1201 0 0 4 0
E 1201 0 12 38
E 1201 4 6 19
E 1201 5 9 27
E 1201 6 11 35
T 1202 43 0 4 0
E 1202 1 -14 -44
E 1202 2 -12 -36
E 1202 3 -9 -28
E 1202 4 -6 -20
T 1203 3 0 4 0
E 1203 0 15 45
E 1203 4 6 20
E 1203 5 9 28
E 1203 6 12 36
T 1204 50 0 4 0
E 1204 1 -14 -43
E 1204 2 -11 -35
E 1204 3 -9 -27
E 1204 4 -6 -19
T 1205 4 0 5 0
E 1205 0 16 49
E 1205 1 13 41
E 1205 4 5 17
E 1205 5 8 25
E 1205 6 11 33
T 1206 57 0 5 0
E 1206 2 -17 -52
E 1206 3 -14 -44
E 1206 4 -12 -36
E 1206 5 -9 -28
E 1206 6 -6 -20
T 1207 2 0 5 0
E 1207 0 18 54
E 1207 1 15 46
E 1207 4 5 16
E 1207 5 8 24
E 1207 6 10 32
T 1208 66 0 5 0
E 1208 2 -18 -56
E 1208 3 -16 -48
E 1208 4 -13 -40
E 1208 5 -10 -32
E 1208 6 -8 -24
T 1209 10 0 6 0
E 1209 0 23 70
E 1209 1 20 62
E 1209 3 5 17
E 1209 4 8 25
E 1209 5 11 33
E 1209 6 13 41
T 1210 76 0 6 0
E 1210 1 -6 -19
E 1210 2 -9 -27
E 1210 3 -22 -67
E 1210 4 -19 -59
E 1210 5 -17 -51
E 1210 6 -14 -43
T 1211 43 0 7 1
E 1211 0 8 74
E 1211 1 7 66
E 1211 2 6 58
E 1211 3 1 15
E 1211 4 2 23
E 1211 5 3 31
E 1211 6 4 39
T 1212 15 0 4 0
E 1212 0 14 43
E 1212 1 11 35
E 1212 2 9 27
E 1212 3 -6 -19
T 1213 51 0 6 0
E 1213 0 7 22
E 1213 1 4 14
E 1213 3 -14 -43
E 1213 4 -11 -35
E 1213 5 -9 -27
E 1213 6 -6 -19
T 1214 14 0 4 0
E 1214 0 18 54
E 1214 1 15 46
E 1214 2 12 38
E 1214 3 -5 -15
T 1215 44 0 5 0
E 1215 0 7 22
E 1215 1 4 14
E 1215 4 -14 -42
E 1215 5 -11 -34
E 1215 6 -8 -26
T 1216 18 0 6 0
E 1216 0 13 41
E 1216 1 11 33
E 1216 2 8 25
E 1216 3 5 17
E 1216 4 -8 -26
E 1216 5 -6 -18
T 1217 56 0 4 0
E 1217 0 5 16
E 1217 4 -18 -54
E 1217 5 -15 -46
E 1217 6 -12 -38
T 1218 5 0 5 0
E 1218 0 18 55
E 1218 1 15 47
E 1218 2 13 39
E 1218 3 10 31
E 1218 4 -6 -18
T 1219 74 0 4 0
E 1219 3 -6 -20
E 1219 4 -24 -73
E 1219 5 -21 -65
E 1219 6 -19 -57
T 1220 30 0 6 0
E 1220 0 26 80
E 1220 1 24 72
E 1220 2 21 64
E 1220 3 18 56
E 1220 4 16 48
E 1220 6 5 16
T 1221 16 0 7 1
E 1221 0 -2 -25
E 1221 1 -3 -33
E 1221 2 -4 -41
E 1221 3 -5 -49
E 1221 4 -6 -57
E 1221 5 -11 -100
E 1221 6 -10 -92
T 1222 53 0 4 0
E 1222 0 6 18
E 1222 4 -4 -14
E 1222 5 -20 -60
E 1222 6 -17 -52
T 1223 41 0 7 1
E 1223 0 6 58
E 1223 1 5 50
E 1223 2 4 42
E 1223 3 3 34
E 1223 4 2 26
E 1223 5 -2 -23
E 1223 6 -1 -15
T 1224 37 0 7 1
E 1224 0 5 45
E 1224 1 4 37
E 1224 2 3 29
E 1224 3 2 21
E 1224 4 1 13
E 1224 5 -4 -40
E 1224 6 -3 -32
T 1225 17 0 5 0
E 1225 0 13 40
E 1225 1 10 32
E 1225 2 8 24
E 1225 3 5 16
E 1225 6 -13 -40
T 1226 44 0 4 0
E 1226 0 6 18
E 1226 4 -4 -14
E 1226 5 -7 -22
E 1226 6 -21 -65
T 1227 5 0 6 0
E 1227 0 17 52
E 1227 1 14 44
E 1227 2 12 36
E 1227 3 9 28
E 1227 4 6 20
E 1227 6 -11 -34
T 1228 64 0 5 0
E 1228 2 -4 -14
E 1228 3 -7 -22
E 1228 4 -10 -30
E 1228 5 -12 -38
E 1228 6 -29 -87
T 1229 41 0 7 1
E 1229 0 7 67
E 1229 1 6 59
E 1229 2 5 51
E 1229 3 4 43
E 1229 4 3 35
E 1229 5 3 27
E 1229 6 -2 -26
T 1230 3 0 5 0
E 1230 0 15 47
E 1230 1 13 39
E 1230 2 10 31
E 1230 3 7 23
E 1230 4 5 15
T 1231 52 0 5 0
E 1231 2 -5 -16
E 1231 3 -8 -24
E 1231 4 -10 -32
E 1231 5 -13 -40
E 1231 6 -16 -48
T 1232 4 0 5 0
E 1232 0 16 48
E 1232 1 13 40
E 1232 2 10 32
E 1232 3 8 24
E 1232 4 5 16
T 1233 54 0 5 0
E 1233 2 -6 -20
E 1233 3 -9 -28
E 1233 4 -12 -36
E 1233 5 -14 -44
E 1233 6 -17 -52
T 1234 13 0 6 0
E 1234 0 18 55
E 1234 1 15 47
E 1234 2 13 39
E 1234 3 10 31
E 1234 4 7 23
E 1234 5 5 15
T 1235 65 0 6 0
E 1235 1 -6 -19
E 1235 2 -9 -27
E 1235 3 -11 -35
E 1235 4 -14 -43
E 1235 5 -17 -51
E 1235 6 -19 -59
T 1236 37 0 7 1
E 1236 0 8 72
E 1236 1 7 64
E 1236 2 6 56
E 1236 3 5 48
E 1236 4 4 40
E 1236 5 3 32
E 1236 6 2 24
T 1237 3 0 4 0
E 1237 0 14 43
E 1237 1 11 35
E 1237 2 9 27
E 1237 3 6 19
T 1238 44 0 4 0
E 1238 3 -5 -17
E 1238 4 -8 -25
E 1238 5 -11 -33
E 1238 6 -13 -41
T 1239 3 0 4 0
E 1239 0 14 43
E 1239 1 11 35
E 1239 2 9 27
E 1239 3 6 19
T 1240 43 0 4 0
E 1240 3 -4 -13
E 1240 4 -7 -21
E 1240 5 -9 -29
E 1240 6 -12 -37
T 1241 5 0 5 0
E 1241 0 16 50
E 1241 1 14 42
E 1241 2 11 34
E 1241 3 8 26
E 1241 4 6 18
T 1242 62 0 6 0
E 1242 1 -5 -16
E 1242 2 -8 -24
E 1242 3 -10 -32
E 1242 4 -13 -40
E 1242 5 -16 -48
E 1242 6 -18 -56
T 1243 36 0 7 1
E 1243 0 7 64
E 1243 1 6 56
E 1243 2 5 48
E 1243 3 4 40
E 1243 4 3 32
E 1243 5 2 24
E 1243 6 1 16
T 1244 3 0 4 0
E 1244 0 14 43
E 1244 1 11 35
E 1244 2 9 27
E 1244 3 6 19
T 1245 45 0 4 0
E 1245 3 -6 -20
E 1245 4 -9 -28
E 1245 5 -12 -36
E 1245 6 -14 -44
T 1246 4 0 5 0
E 1246 0 16 49
E 1246 1 13 41
E 1246 2 11 33
E 1246 3 8 25
E 1246 4 5 17
T 1247 52 0 5 0
E 1247 2 -5 -16
E 1247 3 -8 -24
E 1247 4 -10 -32
E 1247 5 -13 -40
E 1247 6 -16 -48
T 1248 15 0 6 0
E 1248 0 19 57
E 1248 1 16 49
E 1248 2 13 41
E 1248 3 11 33
E 1248 4 8 25
E 1248 5 5 17
T 1249 13 0 7 1
E 1249 0 -1 -15
E 1249 1 -2 -23
E 1249 2 -3 -31
E 1249 3 -4 -39
E 1249 4 -5 -47
E 1249 5 -6 -55
E 1249 6 -7 -63
T 1250 39 0 3 0
E 1250 4 -6 -20
E 1250 5 -9 -28
E 1250 6 -12 -36
T 1251 3 0 4 0
E 1251 0 14 43
E 1251 1 11 35
E 1251 2 9 27
E 1251 3 6 19
T 1252 44 0 4 0
E 1252 3 -5 -17
E 1252 4 -8 -25
E 1252 5 -11 -33
E 1252 6 -13 -41
T 1253 3 0 5 0
E 1253 0 15 47
E 1253 1 13 39
E 1253 2 10 31
E 1253 3 7 23
E 1253 4 5 15
T 1254 45 0 4 0
E 1254 3 -6 -19
E 1254 4 -9 -27
E 1254 5 -11 -35
E 1254 6 -14 -43
T 1255 4 0 4 0
E 1255 0 13 41
E 1255 1 11 33
E 1255 2 8 25
E 1255 3 5 17
T 1256 44 0 4 0
E 1256 3 -5 -16
E 1256 4 -8 -24
E 1256 5 -10 -32
E 1256 6 -13 -40
T 1257 6 0 5 0
E 1257 0 17 52
E 1257 1 14 44
E 1257 2 12 36
E 1257 3 9 28
E 1257 4 6 20
T 1258 51 0 5 0
E 1258 2 -5 -15
E 1258 3 -7 -23
E 1258 4 -10 -31
E 1258 5 -13 -39
E 1258 6 -15 -47
T 1259 5 0 5 0
E 1259 0 16 50
E 1259 1 14 42
E 1259 2 11 34
E 1259 3 8 26
E 1259 4 6 18
T 1260 51 0 5 0
E 1260 2 -5 -15
E 1260 3 -7 -23
E 1260 4 -10 -31
E 1260 5 -13 -39
E 1260 6 -15 -47
T 1261 4 0 5 0
E 1261 0 16 48
E 1261 1 13 40
E 1261 2 10 32
E 1261 3 8 24
E 1261 4 5 16
T 1262 62 0 6 0
E 1262 1 -5 -16
E 1262 2 -8 -24
E 1262 3 -10 -32
E 1262 4 -13 -40
E 1262 5 -16 -48
E 1262 6 -18 -56
T 1263 35 0 7 1
E 1263 0 6 61
E 1263 1 5 53
E 1263 2 5 45
E 1263 3 4 37
E 1263 4 3 29
E 1263 5 2 21
E 1263 6 1 13
T 1264 9 0 3 0
E 1264 0 12 36
E 1264 1 9 28
E 1264 2 6 20
T 1265 39 0 3 0
E 1265 4 -6 -20
E 1265 5 -9 -28
E 1265 6 -12 -36
T 1266 4 0 4 0
E 1266 0 13 39
E 1266 1 10 31
E 1266 2 7 23
E 1266 3 5 15
T 1267 39 0 3 0
E 1267 4 -6 -20
E 1267 5 -9 -28
E 1267 6 -12 -36
T 1268 2 0 5 0
E 1268 0 15 45
E 1268 1 12 37
E 1268 2 9 29
E 1268 3 7 21
E 1268 4 4 13
T 1269 45 0 4 0
E 1269 3 -6 -20
E 1269 4 -9 -28
E 1269 5 -12 -36
E 1269 6 -14 -44
T 1270 3 0 4 0
E 1270 0 14 42
E 1270 1 11 34
E 1270 2 8 26
E 1270 3 6 18
T 1271 51 0 5 0
E 1271 2 -5 -15
E 1271 3 -7 -23
E 1271 4 -10 -31
E 1271 5 -13 -39
E 1271 6 -15 -47
T 1272 3 0 5 0
E 1272 0 15 47
E 1272 1 13 39
E 1272 2 10 31
E 1272 3 7 23
E 1272 4 5 15
T 1273 50 0 5 0
E 1273 2 -4 -13
E 1273 3 -7 -21
E 1273 4 -9 -29
E 1273 5 -12 -37
E 1273 6 -15 -45
T 1274 4 0 5 0
E 1274 0 16 49
E 1274 1 13 41
E 1274 2 11 33
E 1274 3 8 25
E 1274 4 5 17
T 1275 53 0 5 0
E 1275 2 -6 -18
E 1275 3 -8 -26
E 1275 4 -11 -34
E 1275 5 -14 -42
E 1275 6 -16 -50
T 1276 4 0 5 0
E 1276 0 16 48
E 1276 1 13 40
E 1276 2 10 32
E 1276 3 8 24
E 1276 4 5 16
T 1277 53 0 5 0
E 1277 2 -6 -18
E 1277 3 -8 -26
E 1277 4 -11 -34
E 1277 5 -14 -42
E 1277 6 -16 -50
T 1278 4 0 5 0
E 1278 0 16 48
E 1278 1 13 40
E 1278 2 10 32
E 1278 3 8 24
E 1278 4 5 16
T 1279 50 0 5 0
E 1279 2 -4 -13
E 1279 3 -7 -21
E 1279 4 -9 -29
E 1279 5 -12 -37
E 1279 6 -15 -45
T 1280 3 0 5 0
E 1280 0 15 47
E 1280 1 13 39
E 1280 2 10 31
E 1280 3 7 23
E 1280 4 5 15
T 1281 59 0 6 0
E 1281 1 -4 -13
E 1281 2 -7 -21
E 1281 3 -9 -29
E 1281 4 -12 -37
E 1281 5 -15 -45
E 1281 6 -17 -53
T 1282 13 0 6 0
E 1282 0 18 55
E 1282 1 15 47
E 1282 2 13 39
E 1282 3 10 31
E 1282 4 7 23
E 1282 5 5 15
T 1283 60 0 6 0
E 1283 1 -4 -14
E 1283 2 -7 -22
E 1283 3 -10 -30
E 1283 4 -12 -38
E 1283 5 -15 -46
E 1283 6 -18 -54
T 1284 37 0 7 1
E 1284 0 7 66
E 1284 1 6 58
E 1284 2 5 50
E 1284 3 4 42
E 1284 4 3 34
E 1284 5 2 26
E 1284 6 2 18
T 1285 13 0 4 0
E 1285 0 11 34
E 1285 1 8 26
E 1285 2 6 18
E 1285 6 -4 -14
T 1286 44 0 4 0
E 1286 3 -5 -15
E 1286 4 -7 -23
E 1286 5 -10 -31
E 1286 6 -13 -39
T 1287 3 0 4 0
E 1287 0 14 44
E 1287 1 12 36
E 1287 2 9 28
E 1287 3 6 20
T 1288 44 0 4 0
E 1288 3 -5 -16
E 1288 4 -8 -24
E 1288 5 -10 -32
E 1288 6 -13 -40
T 1289 3 0 4 0
E 1289 0 14 44
E 1289 1 12 36
E 1289 2 9 28
E 1289 3 6 20
T 1290 51 0 5 0
E 1290 2 -5 -15
E 1290 3 -7 -23
E 1290 4 -10 -31
E 1290 5 -13 -39
E 1290 6 -15 -47
T 1291 14 0 6 0
E 1291 0 18 56
E 1291 1 16 48
E 1291 2 13 40
E 1291 3 10 32
E 1291 4 8 24
E 1291 5 5 16
T 1292 64 0 6 0
E 1292 1 -6 -18
E 1292 2 -8 -26
E 1292 3 -11 -34
E 1292 4 -14 -42
E 1292 5 -16 -50
E 1292 6 -19 -58
T 1293 36 0 7 1
E 1293 0 7 64
E 1293 1 6 56
E 1293 2 5 48
E 1293 3 4 40
E 1293 4 3 32
E 1293 5 2 24
E 1293 6 1 16
T 1294 3 0 4 0
E 1294 0 14 43
E 1294 1 11 35
E 1294 2 9 27
E 1294 3 6 19
T 1295 45 0 4 0
E 1295 3 -6 -18
E 1295 4 -8 -26
E 1295 5 -11 -34
E 1295 6 -14 -42
T 1296 3 0 4 0
E 1296 0 14 44
E 1296 1 12 36
E 1296 2 9 28
E 1296 3 6 20
T 1297 40 0 4 0
E 1297 3 -4 -14
E 1297 4 -7 -22
E 1297 5 -10 -30
E 1297 6 -12 -38
T 1298 0 0 4 0
E 1298 0 12 36
E 1298 1 11 33
E 1298 2 8 25
E 1298 3 5 17
T 1299 42 0 5 0
E 1299 2 -4 -14
E 1299 3 -7 -22
E 1299 4 -10 -30
E 1299 5 -12 -38
E 1299 6 -15 -46
T 1300 22 0 6 0
E 1300 0 15 46
E 1300 1 16 49
E 1300 2 13 41
E 1300 3 11 33
E 1300 4 8 25
E 1300 5 5 17
T 1301 2 0 7 1
E 1301 0 -2 -21
E 1301 1 -1 -16
E 1301 2 -2 -24
E 1301 3 -3 -32
E 1301 4 -4 -40
E 1301 5 -5 -48
E 1301 6 -6 -56
T 1302 23 0 3 0
E 1302 4 -5 -15
E 1302 5 -7 -23
E 1302 6 -10 -31
T 1303 5 0 4 0
E 1303 0 6 20
E 1303 1 8 25
E 1303 2 7 22
E 1303 3 4 14
T 1304 18 0 3 0
E 1304 4 -5 -17
E 1304 5 -8 -25
E 1304 6 -11 -33
T 1305 15 0 5 0
E 1305 0 7 22
E 1305 1 9 27
E 1305 2 10 30
E 1305 3 7 22
E 1305 4 4 14
T 1306 17 0 4 0
E 1306 0 -4 -13
E 1306 4 -6 -19
E 1306 5 -9 -27
E 1306 6 -11 -35
T 1307 19 0 5 0
E 1307 0 7 22
E 1307 1 9 27
E 1307 2 10 32
E 1307 3 9 27
E 1307 4 6 19
T 1308 18 0 5 0
E 1308 0 -6 -18
E 1308 1 -4 -13
E 1308 4 -6 -19
E 1308 5 -9 -27
E 1308 6 -11 -35
T 1309 18 0 5 0
E 1309 0 5 16
E 1309 1 7 21
E 1309 2 8 26
E 1309 3 8 26
E 1309 4 6 18
T 1310 20 0 6 0
E 1310 0 -8 -24
E 1310 1 -6 -19
E 1310 2 -4 -14
E 1310 4 -6 -19
E 1310 5 -9 -27
E 1310 6 -11 -35
T 1311 30 0 6 0
E 1311 0 6 20
E 1311 1 8 25
E 1311 2 10 30
E 1311 3 11 35
E 1311 4 9 27
E 1311 5 6 19
T 1312 14 0 7 1
E 1312 0 -3 -33
E 1312 1 -3 -28
E 1312 2 -2 -23
E 1312 3 -2 -18
E 1312 4 -2 -23
E 1312 5 -3 -31
E 1312 6 -4 -39
T 1313 4 0 2 0
E 1313 0 -5 -15
E 1313 6 -6 -19
T 1314 11 0 0 0
T 1315 9 0 1 0
E 1315 0 -4 -13
T 1316 12 0 0 0
T 1317 8 0 0 0
T 1318 8 0 0 0
T 1319 8 0 0 0
T 1320 13 0 1 0
E 1320 5 4 14
T 1321 15 0 1 0
E 1321 5 5 15
T 1322 12 0 1 0
E 1322 0 -5 -17
T 1323 11 0 1 0
E 1323 0 -5 -16
T 1324 10 0 1 0
E 1324 0 -4 -14
T 1325 19 0 2 0
E 1325 5 5 17
E 1325 6 6 20
T 1326 9 0 2 0
E 1326 0 -7 -21
E 1326 1 -5 -16
T 1327 24 0 3 0
E 1327 4 5 16
E 1327 5 7 21
E 1327 6 8 26
T 1328 9 0 2 0
E 1328 0 -6 -20
E 1328 1 -5 -15
T 1329 24 0 3 0
E 1329 4 5 15
E 1329 5 6 20
E 1329 6 8 25
T 1330 6 0 3 0
E 1330 0 -9 -27
E 1330 1 -7 -22
E 1330 2 -5 -17
T 1331 21 0 2 0
E 1331 5 5 15
E 1331 6 6 20
T 1332 2 0 4 0
E 1332 0 -9 -28
E 1332 1 -7 -23
E 1332 2 -6 -18
E 1332 3 -4 -13
T 1333 29 0 4 0
E 1333 3 5 17
E 1333 4 7 22
E 1333 5 9 27
E 1333 6 10 32
T 1334 6 0 3 0
E 1334 0 -9 -27
E 1334 1 -7 -22
E 1334 2 -5 -17
T 1335 24 0 3 0
E 1335 4 5 15
E 1335 5 6 20
E 1335 6 8 25
T 1336 6 0 3 0
E 1336 0 -8 -26
E 1336 1 -7 -21
E 1336 2 -5 -16
T 1337 28 0 4 0
E 1337 3 4 14
E 1337 4 6 19
E 1337 5 8 24
E 1337 6 9 29
T 1338 6 0 3 0
E 1338 0 -7 -23
E 1338 1 -6 -18
E 1338 2 -4 -13
T 1339 28 0 4 0
E 1339 3 4 13
E 1339 4 6 18
E 1339 5 7 23
E 1339 6 9 28
T 1340 1 0 4 0
E 1340 0 -10 -30
E 1340 1 -8 -25
E 1340 2 -6 -20
E 1340 3 -5 -15
T 1341 28 0 4 0
E 1341 3 4 14
E 1341 4 6 19
E 1341 5 8 24
E 1341 6 9 29
T 1342 5 0 5 0
E 1342 0 -11 -35
E 1342 1 -10 -30
E 1342 2 -8 -25
E 1342 3 -6 -20
E 1342 4 -5 -15
T 1343 29 0 4 0
E 1343 3 5 17
E 1343 4 7 22
E 1343 5 9 27
E 1343 6 10 32
T 1344 6 0 3 0
E 1344 0 -8 -26
E 1344 1 -7 -21
E 1344 2 -5 -16
T 1345 24 0 3 0
E 1345 4 5 17
E 1345 5 7 22
E 1345 6 9 27
T 1346 6 0 3 0
E 1346 0 -9 -27
E 1346 1 -7 -21
E 1346 2 -5 -16
T 1347 22 0 2 0
E 1347 5 4 14
E 1347 6 6 19
T 1348 3 0 4 0
E 1348 0 -10 -30
E 1348 1 -7 -23
E 1348 2 -6 -18
E 1348 3 -4 -13
T 1349 37 0 5 0
E 1349 2 4 14
E 1349 3 6 19
E 1349 4 8 24
E 1349 5 9 29
E 1349 6 11 34
T 1350 11 0 6 0
E 1350 0 -14 -43
E 1350 1 -11 -35
E 1350 2 -10 -30
E 1350 3 -8 -25
E 1350 4 -6 -20
E 1350 5 -5 -15
T 1351 46 0 6 0
E 1351 1 4 13
E 1351 2 6 19
E 1351 3 8 24
E 1351 4 9 29
E 1351 5 11 34
E 1351 6 13 39
T 1352 29 0 7 1
E 1352 0 -5 -51
E 1352 1 -4 -43
E 1352 2 -4 -37
E 1352 3 -3 -32
E 1352 4 -3 -27
E 1352 5 -2 -22
E 1352 6 -1 -17
T 1353 3 0 4 0
E 1353 0 -12 -36
E 1353 1 -9 -28
E 1353 2 -7 -21
E 1353 3 -5 -16
T 1354 40 0 5 0
E 1354 2 4 13
E 1354 3 6 18
E 1354 4 7 23
E 1354 5 9 28
E 1354 6 11 33
T 1355 1 0 5 0
E 1355 0 -13 -39
E 1355 1 -10 -31
E 1355 2 -7 -23
E 1355 3 -6 -18
E 1355 4 -4 -13
T 1356 41 0 5 0
E 1356 2 4 13
E 1356 3 6 19
E 1356 4 8 24
E 1356 5 9 29
E 1356 6 11 34
T 1357 4 0 4 0
E 1357 0 -13 -39
E 1357 1 -10 -31
E 1357 2 -7 -23
E 1357 3 -5 -17
T 1358 36 0 4 0
E 1358 3 4 14
E 1358 4 6 19
E 1358 5 8 24
E 1358 6 9 29
T 1359 2 0 5 0
E 1359 0 -14 -44
E 1359 1 -12 -36
E 1359 2 -9 -28
E 1359 3 -6 -20
E 1359 4 -5 -15
T 1360 39 0 4 0
E 1360 3 6 20
E 1360 4 8 25
E 1360 5 10 30
E 1360 6 11 35
T 1361 9 0 3 0
E 1361 0 -12 -36
E 1361 1 -9 -28
E 1361 2 -6 -20
T 1362 39 0 4 0
E 1362 3 5 17
E 1362 4 7 23
E 1362 5 9 28
E 1362 6 11 33
T 1363 1 0 5 0
E 1363 0 -14 -44
E 1363 1 -12 -36
E 1363 2 -9 -28
E 1363 3 -6 -20
E 1363 4 -4 -13
T 1364 49 0 5 0
E 1364 2 5 17
E 1364 3 8 25
E 1364 4 11 33
E 1364 5 12 38
E 1364 6 14 43
T 1365 9 0 6 0
E 1365 0 -16 -50
E 1365 1 -14 -42
E 1365 2 -11 -34
E 1365 3 -8 -26
E 1365 4 -6 -18
E 1365 5 -4 -13
T 1366 51 0 5 0
E 1366 2 6 19
E 1366 3 9 27
E 1366 4 11 35
E 1366 5 13 41
E 1366 6 15 46
T 1367 13 0 6 0
E 1367 0 -18 -55
E 1367 1 -15 -47
E 1367 2 -13 -39
E 1367 3 -10 -31
E 1367 4 -7 -23
E 1367 5 -5 -17
T 1368 12 0 7 1
E 1368 0 1 15
E 1368 1 2 23
E 1368 2 3 31
E 1368 3 4 39
E 1368 4 5 47
E 1368 5 6 54
E 1368 6 6 59
T 1369 28 0 3 0
E 1369 0 -6 -20
E 1369 5 6 20
E 1369 6 8 25
T 1370 23 0 4 0
E 1370 0 -8 -25
E 1370 1 -5 -17
E 1370 5 5 15
E 1370 6 6 20
T 1371 28 0 3 0
E 1371 0 -6 -20
E 1371 5 6 20
E 1371 6 8 26
T 1372 13 0 4 0
E 1372 0 -10 -32
E 1372 1 -8 -24
E 1372 2 -5 -16
E 1372 6 4 14
T 1373 43 0 4 0
E 1373 3 5 15
E 1373 4 7 23
E 1373 5 10 31
E 1373 6 12 38
T 1374 3 0 4 0
E 1374 0 -14 -42
E 1374 1 -11 -34
E 1374 2 -8 -26
E 1374 3 -6 -18
T 1375 52 0 5 0
E 1375 2 5 16
E 1375 3 8 24
E 1375 4 10 32
E 1375 5 13 40
E 1375 6 16 48
T 1376 6 0 5 0
E 1376 0 -17 -52
E 1376 1 -14 -44
E 1376 2 -12 -36
E 1376 3 -9 -28
E 1376 4 -6 -20
T 1377 54 0 5 0
E 1377 2 6 19
E 1377 3 9 27
E 1377 4 11 35
E 1377 5 14 43
E 1377 6 17 51
T 1378 13 0 6 0
E 1378 0 -18 -55
E 1378 1 -15 -47
E 1378 2 -13 -39
E 1378 3 -10 -31
E 1378 4 -7 -23
E 1378 5 -5 -15
T 1379 12 0 7 1
E 1379 0 1 16
E 1379 1 2 24
E 1379 2 3 32
E 1379 3 4 40
E 1379 4 5 48
E 1379 5 6 56
E 1379 6 7 64
T 1380 33 0 4 0
E 1380 0 -6 -19
E 1380 4 4 13
E 1380 5 7 21
E 1380 6 9 29
T 1381 5 0 4 0
E 1381 0 -12 -37
E 1381 1 -9 -29
E 1381 2 -7 -21
E 1381 3 -4 -13
T 1382 44 0 4 0
E 1382 3 5 16
E 1382 4 8 24
E 1382 5 10 32
E 1382 6 13 40
T 1383 3 0 4 0
E 1383 0 -14 -43
E 1383 1 -11 -35
E 1383 2 -9 -27
E 1383 3 -6 -19
T 1384 43 0 4 0
E 1384 3 4 13
E 1384 4 7 21
E 1384 5 9 29
E 1384 6 12 37
T 1385 3 0 4 0
E 1385 0 -14 -42
E 1385 1 -11 -34
E 1385 2 -8 -26
E 1385 3 -6 -18
T 1386 44 0 4 0
E 1386 3 5 16
E 1386 4 8 24
E 1386 5 10 32
E 1386 6 13 40
T 1387 2 0 5 0
E 1387 0 -15 -45
E 1387 1 -12 -37
E 1387 2 -9 -29
E 1387 3 -7 -21
E 1387 4 -4 -13
T 1388 50 0 5 0
E 1388 2 4 14
E 1388 3 7 22
E 1388 4 10 30
E 1388 5 12 38
E 1388 6 15 46
T 1389 12 0 6 0
E 1389 0 -18 -54
E 1389 1 -15 -46
E 1389 2 -12 -38
E 1389 3 -10 -30
E 1389 4 -7 -22
E 1389 5 -4 -14
T 1390 13 0 7 1
E 1390 0 1 15
E 1390 1 2 23
E 1390 2 3 31
E 1390 3 4 39
E 1390 4 5 47
E 1390 5 6 55
E 1390 6 7 63
T 1391 33 0 4 0
E 1391 0 -6 -18
E 1391 4 4 14
E 1391 5 7 22
E 1391 6 10 30
T 1392 4 0 4 0
E 1392 0 -13 -40
E 1392 1 -10 -32
E 1392 2 -8 -24
E 1392 3 -5 -16
T 1393 51 0 5 0
E 1393 2 5 15
E 1393 3 7 23
E 1393 4 10 31
E 1393 5 13 39
E 1393 6 15 47
T 1394 3 0 5 0
E 1394 0 -15 -47
E 1394 1 -13 -39
E 1394 2 -10 -31
E 1394 3 -7 -23
E 1394 4 -5 -15
T 1395 50 0 5 0
E 1395 2 4 13
E 1395 3 7 21
E 1395 4 9 29
E 1395 5 12 37
E 1395 6 15 45
T 1396 3 0 5 0
E 1396 0 -15 -47
E 1396 1 -13 -39
E 1396 2 -10 -31
E 1396 3 -7 -23
E 1396 4 -5 -15
T 1397 50 0 5 0
E 1397 2 4 13
E 1397 3 7 21
E 1397 4 9 29
E 1397 5 12 37
E 1397 6 15 45
T 1398 4 0 5 0
E 1398 0 -16 -49
E 1398 1 -13 -41
E 1398 2 -11 -33
E 1398 3 -8 -25
E 1398 4 -5 -17
T 1399 50 0 5 0
E 1399 2 4 14
E 1399 3 7 22
E 1399 4 10 30
E 1399 5 12 38
E 1399 6 15 46
T 1400 4 0 5 0
E 1400 0 -16 -49
E 1400 1 -13 -41
E 1400 2 -11 -33
E 1400 3 -8 -25
E 1400 4 -5 -17
T 1401 61 0 6 0
E 1401 1 5 15
E 1401 2 7 23
E 1401 3 10 31
E 1401 4 13 39
E 1401 5 15 47
E 1401 6 18 55
T 1402 37 0 7 1
E 1402 0 -7 -66
E 1402 1 -6 -58
E 1402 2 -5 -50
E 1402 3 -4 -42
E 1402 4 -3 -34
E 1402 5 -2 -26
E 1402 6 -2 -18
T 1403 5 0 4 0
E 1403 0 -12 -38
E 1403 1 -10 -30
E 1403 2 -7 -22
E 1403 3 -4 -14
T 1404 39 0 3 0
E 1404 4 6 20
E 1404 5 9 28
E 1404 6 12 36
T 1405 5 0 4 0
E 1405 0 -12 -37
E 1405 1 -9 -29
E 1405 2 -7 -21
E 1405 3 -4 -13
T 1406 39 0 3 0
E 1406 4 6 20
E 1406 5 9 28
E 1406 6 12 36
T 1407 13 0 4 0
E 1407 0 -11 -34
E 1407 1 -8 -26
E 1407 2 -6 -18
E 1407 6 4 14
T 1408 35 0 4 0
E 1408 0 -4 -14
E 1408 4 6 18
E 1408 5 8 26
E 1408 6 11 34
T 1409 14 0 4 0
E 1409 0 -10 -31
E 1409 1 -7 -23
E 1409 2 -5 -15
E 1409 6 5 17
T 1410 35 0 4 0
E 1410 0 -4 -13
E 1410 4 6 19
E 1410 5 9 27
E 1410 6 11 35
T 1411 5 0 4 0
E 1411 0 -12 -38
E 1411 1 -10 -30
E 1411 2 -7 -22
E 1411 3 -4 -14
T 1412 43 0 4 0
E 1412 3 4 14
E 1412 4 7 22
E 1412 5 10 30
E 1412 6 12 38
T 1413 3 0 4 0
E 1413 0 -14 -43
E 1413 1 -11 -35
E 1413 2 -9 -27
E 1413 3 -6 -19
T 1414 44 0 4 0
E 1414 3 5 15
E 1414 4 7 23
E 1414 5 10 31
E 1414 6 13 39
T 1415 2 0 5 0
E 1415 0 -15 -45
E 1415 1 -12 -37
E 1415 2 -9 -29
E 1415 3 -7 -21
E 1415 4 -4 -13
T 1416 52 0 5 0
E 1416 2 5 16
E 1416 3 8 24
E 1416 4 10 32
E 1416 5 13 40
E 1416 6 16 48
T 1417 4 0 5 0
E 1417 0 -16 -49
E 1417 1 -13 -41
E 1417 2 -11 -33
E 1417 3 -8 -25
E 1417 4 -5 -17
T 1418 59 0 6 0
E 1418 1 4 13
E 1418 2 7 21
E 1418 3 9 29
E 1418 4 12 37
E 1418 5 15 45
E 1418 6 17 53
T 1419 37 0 7 1
E 1419 0 -7 -67
E 1419 1 -6 -59
E 1419 2 -5 -51
E 1419 3 -4 -43
E 1419 4 -3 -35
E 1419 5 -3 -27
E 1419 6 -2 -19
T 1420 13 0 4 0
E 1420 0 -11 -35
E 1420 1 -9 -27
E 1420 2 -6 -19
E 1420 6 4 13
T 1421 33 0 4 0
E 1421 0 -6 -18
E 1421 4 4 14
E 1421 5 7 22
E 1421 6 10 30
T 1422 15 0 4 0
E 1422 0 -10 -30
E 1422 1 -7 -22
E 1422 2 -4 -14
E 1422 6 6 18
T 1423 39 0 3 0
E 1423 4 6 20
E 1423 5 9 28
E 1423 6 12 36
T 1424 13 0 4 0
E 1424 0 -11 -35
E 1424 1 -9 -27
E 1424 2 -6 -19
E 1424 6 4 13
T 1425 33 0 4 0
E 1425 0 -6 -19
E 1425 4 4 13
E 1425 5 7 21
E 1425 6 9 29
T 1426 4 0 4 0
E 1426 0 -13 -40
E 1426 1 -10 -32
E 1426 2 -8 -24
E 1426 3 -5 -16
T 1427 44 0 4 0
E 1427 3 5 15
E 1427 4 7 23
E 1427 5 10 31
E 1427 6 13 39
T 1428 6 0 5 0
E 1428 0 -17 -51
E 1428 1 -14 -43
E 1428 2 -11 -35
E 1428 3 -9 -27
E 1428 4 -6 -19
T 1429 53 0 5 0
E 1429 2 6 18
E 1429 3 8 26
E 1429 4 11 34
E 1429 5 14 42
E 1429 6 16 50
T 1430 16 0 6 0
E 1430 0 -19 -58
E 1430 1 -16 -50
E 1430 2 -14 -42
E 1430 3 -11 -34
E 1430 4 -8 -26
E 1430 5 -6 -18
T 1431 11 0 7 1
E 1431 0 1 17
E 1431 1 2 25
E 1431 2 3 33
E 1431 3 4 41
E 1431 4 5 49
E 1431 5 6 57
E 1431 6 7 65
T 1432 44 0 4 0
E 1432 3 5 17
E 1432 4 8 25
E 1432 5 11 33
E 1432 6 13 41
T 1433 4 0 4 0
E 1433 0 -13 -41
E 1433 1 -11 -33
E 1433 2 -8 -25
E 1433 3 -5 -17
T 1434 52 0 5 0
E 1434 2 5 16
E 1434 3 8 24
E 1434 4 10 32
E 1434 5 13 40
E 1434 6 16 48
T 1435 14 0 6 0
E 1435 0 -18 -56
E 1435 1 -16 -48
E 1435 2 -13 -40
E 1435 3 -10 -32
E 1435 4 -8 -24
E 1435 5 -5 -16
T 1436 11 0 7 1
E 1436 0 2 18
E 1436 1 2 26
E 1436 2 3 34
E 1436 3 4 42
E 1436 4 5 50
E 1436 5 6 58
E 1436 6 7 66
T 1437 39 0 3 0
E 1437 4 6 20
E 1437 5 9 28
E 1437 6 12 36
T 1438 3 0 4 0
E 1438 0 -14 -44
E 1438 1 -12 -36
E 1438 2 -9 -28
E 1438 3 -6 -20
T 1439 45 0 4 0
E 1439 3 6 18
E 1439 4 8 26
E 1439 5 11 34
E 1439 6 14 42
T 1440 31 0 3 0
E 1440 1 -10 -32
E 1440 2 -8 -24
E 1440 3 -5 -16
T 1441 10 0 4 0
E 1441 0 9 29
E 1441 1 -4 -14
E 1441 5 6 18
E 1441 6 8 26
T 1442 42 0 4 0
E 1442 1 -13 -40
E 1442 2 -10 -32
E 1442 3 -8 -24
E 1442 4 -5 -16
T 1443 4 0 4 0
E 1443 0 14 42
E 1443 4 5 17
E 1443 5 8 25
E 1443 6 11 33
T 1444 50 0 4 0
E 1444 1 -14 -44
E 1444 2 -12 -36
E 1444 3 -9 -28
E 1444 4 -6 -20
T 1445 14 0 6 0
E 1445 0 18 56
E 1445 1 16 48
E 1445 3 5 16
E 1445 4 8 24
E 1445 5 10 32
E 1445 6 13 40
T 1446 12 0 7 1
E 1446 0 -1 -16
E 1446 1 -2 -24
E 1446 2 -7 -67
E 1446 3 -6 -59
E 1446 4 -5 -51
E 1446 5 -4 -43
E 1446 6 -3 -35
T 1447 51 0 4 0
E 1447 2 -14 -43
E 1447 3 -11 -35
E 1447 4 -9 -27
E 1447 5 -6 -19
T 1448 0 0 5 0
E 1448 0 18 56
E 1448 1 16 48
E 1448 4 5 15
E 1448 5 7 23
E 1448 6 10 31
T 1449 69 0 5 0
E 1449 2 -18 -54
E 1449 3 -15 -46
E 1449 4 -12 -38
E 1449 5 -10 -30
E 1449 6 -7 -22
T 1450 18 0 6 0
E 1450 0 22 68
E 1450 1 20 60
E 1450 2 17 52
E 1450 4 6 20
E 1450 5 9 28
E 1450 6 12 36
T 1451 17 0 7 1
E 1451 0 -1 -15
E 1451 1 -2 -23
E 1451 2 -3 -31
E 1451 3 -8 -74
E 1451 4 -7 -66
E 1451 5 -6 -58
E 1451 6 -5 -50
T 1452 44 0 6 0
E 1452 0 8 24
E 1452 1 5 16
E 1452 3 -12 -38
E 1452 4 -10 -30
E 1452 5 -7 -22
E 1452 6 -4 -14
T 1453 14 0 4 0
E 1453 0 16 50
E 1453 1 14 42
E 1453 2 11 34
E 1453 3 -5 -15
T 1454 66 0 5 0
E 1454 0 4 14
E 1454 3 -18 -55
E 1454 4 -15 -47
E 1454 5 -13 -39
E 1454 6 -10 -31
T 1455 18 0 6 0
E 1455 0 23 71
E 1455 1 21 63
E 1455 2 18 55
E 1455 3 15 47
E 1455 5 5 15
E 1455 6 7 23
T 1456 17 0 7 1
E 1456 0 -2 -20
E 1456 1 -3 -28
E 1456 2 -4 -36
E 1456 3 -4 -44
E 1456 4 -9 -87
E 1456 5 -8 -79
E 1456 6 -7 -71
T 1457 48 0 5 0
E 1457 0 8 24
E 1457 1 5 16
E 1457 4 -15 -46
E 1457 5 -12 -38
E 1457 6 -10 -30
T 1458 37 0 7 1
E 1458 0 4 43
E 1458 1 3 35
E 1458 2 3 27
E 1458 3 2 19
E 1458 4 -3 -30
E 1458 5 -2 -22
E 1458 6 -1 -14
T 1459 44 0 6 0
E 1459 0 11 33
E 1459 1 8 25
E 1459 2 5 17
E 1459 4 -14 -44
E 1459 5 -12 -36
E 1459 6 -9 -28
T 1460 37 0 7 1
E 1460 0 5 49
E 1460 1 4 41
E 1460 2 3 33
E 1460 3 2 25
E 1460 4 1 17
E 1460 5 -2 -23
E 1460 6 -1 -15
T 1461 34 0 5 0
E 1461 0 11 33
E 1461 1 8 25
E 1461 2 5 17
E 1461 5 -14 -42
E 1461 6 -11 -34
T 1462 29 0 6 0
E 1462 0 12 37
E 1462 1 9 29
E 1462 2 7 21
E 1462 3 4 13
E 1462 5 -13 -41
E 1462 6 -11 -33
T 1463 38 0 5 0
E 1463 0 11 33
E 1463 1 8 25
E 1463 2 5 17
E 1463 5 -16 -48
E 1463 6 -13 -40
T 1464 40 0 5 0
E 1464 0 11 34
E 1464 1 8 26
E 1464 2 6 18
E 1464 5 -17 -51
E 1464 6 -14 -43
T 1465 17 0 5 0
E 1465 0 13 41
E 1465 1 11 33
E 1465 2 8 25
E 1465 3 5 17
E 1465 6 -13 -39
T 1466 50 0 3 0
E 1466 4 -6 -20
E 1466 5 -9 -28
E 1466 6 -23 -71
T 1467 39 0 7 1
E 1467 0 6 58
E 1467 1 5 50
E 1467 2 4 42
E 1467 3 3 34
E 1467 4 2 26
E 1467 5 2 18
E 1467 6 -3 -28
T 1468 18 0 5 0
E 1468 0 14 42
E 1468 1 11 34
E 1468 2 8 26
E 1468 3 6 18
E 1468 6 -15 -47
T 1469 39 0 4 0
E 1469 0 8 25
E 1469 1 5 17
E 1469 5 -5 -15
E 1469 6 -22 -68
T 1470 3 0 4 0
E 1470 0 14 42
E 1470 1 11 34
E 1470 2 8 26
E 1470 3 6 18
T 1471 50 0 5 0
E 1471 2 -4 -13
E 1471 3 -7 -21
E 1471 4 -9 -29
E 1471 5 -12 -37
E 1471 6 -15 -45
T 1472 4 0 5 0
E 1472 0 16 49
E 1472 1 13 41
E 1472 2 11 33
E 1472 3 8 25
E 1472 4 5 17
T 1473 54 0 5 0
E 1473 2 -6 -20
E 1473 3 -9 -28
E 1473 4 -12 -36
E 1473 5 -14 -44
E 1473 6 -17 -52
T 1474 14 0 6 0
E 1474 0 18 56
E 1474 1 16 48
E 1474 2 13 40
E 1474 3 10 32
E 1474 4 8 24
E 1474 5 5 16
T 1475 62 0 6 0
E 1475 1 -5 -16
E 1475 2 -8 -24
E 1475 3 -10 -32
E 1475 4 -13 -40
E 1475 5 -16 -48
E 1475 6 -18 -56
T 1476 37 0 7 1
E 1476 0 7 68
E 1476 1 6 60
E 1476 2 5 52
E 1476 3 4 44
E 1476 4 4 36
E 1476 5 3 28
E 1476 6 2 20
T 1477 3 0 4 0
E 1477 0 14 42
E 1477 1 11 34
E 1477 2 8 26
E 1477 3 6 18
T 1478 44 0 4 0
E 1478 3 -5 -16
E 1478 4 -8 -24
E 1478 5 -10 -32
E 1478 6 -13 -40
T 1479 3 0 4 0
E 1479 0 14 42
E 1479 1 11 34
E 1479 2 8 26
E 1479 3 6 18
T 1480 45 0 4 0
E 1480 3 -6 -19
E 1480 4 -9 -27
E 1480 5 -11 -35
E 1480 6 -14 -43
T 1481 4 0 5 0
E 1481 0 16 49
E 1481 1 13 41
E 1481 2 11 33
E 1481 3 8 25
E 1481 4 5 17
T 1482 52 0 5 0
E 1482 2 -5 -16
E 1482 3 -8 -24
E 1482 4 -10 -32
E 1482 5 -13 -40
E 1482 6 -16 -48
T 1483 5 0 5 0
E 1483 0 16 50
E 1483 1 14 42
E 1483 2 11 34
E 1483 3 8 26
E 1483 4 6 18
T 1484 50 0 5 0
E 1484 2 -4 -13
E 1484 3 -7 -21
E 1484 4 -9 -29
E 1484 5 -12 -37
E 1484 6 -15 -45
T 1485 4 0 5 0
E 1485 0 16 48
E 1485 1 13 40
E 1485 2 10 32
E 1485 3 8 24
E 1485 4 5 16
T 1486 50 0 5 0
E 1486 2 -4 -13
E 1486 3 -7 -21
E 1486 4 -9 -29
E 1486 5 -12 -37
E 1486 6 -15 -45
T 1487 13 0 6 0
E 1487 0 18 55
E 1487 1 15 47
E 1487 2 13 39
E 1487 3 10 31
E 1487 4 7 23
E 1487 5 5 15
T 1488 12 0 7 1
E 1488 0 -1 -16
E 1488 1 -2 -24
E 1488 2 -3 -32
E 1488 3 -4 -40
E 1488 4 -5 -48
E 1488 5 -6 -56
E 1488 6 -7 -64
T 1489 43 0 4 0
E 1489 3 -4 -14
E 1489 4 -7 -22
E 1489 5 -10 -30
E 1489 6 -12 -38
T 1490 4 0 5 0
E 1490 0 16 49
E 1490 1 13 41
E 1490 2 11 33
E 1490 3 8 25
E 1490 4 5 17
T 1491 50 0 5 0
E 1491 2 -4 -14
E 1491 3 -7 -22
E 1491 4 -10 -30
E 1491 5 -12 -38
E 1491 6 -15 -46
T 1492 5 0 5 0
E 1492 0 16 50
E 1492 1 14 42
E 1492 2 11 34
E 1492 3 8 26
E 1492 4 6 18
T 1493 53 0 5 0
E 1493 2 -6 -18
E 1493 3 -8 -26
E 1493 4 -11 -34
E 1493 5 -14 -42
E 1493 6 -16 -50
T 1494 16 0 6 0
E 1494 0 19 58
E 1494 1 16 50
E 1494 2 14 42
E 1494 3 11 34
E 1494 4 8 26
E 1494 5 6 18
T 1495 11 0 7 1
E 1495 0 -2 -20
E 1495 1 -3 -28
E 1495 2 -4 -36
E 1495 3 -4 -44
E 1495 4 -5 -52
E 1495 5 -6 -60
E 1495 6 -7 -68
T 1496 34 0 4 0
E 1496 0 5 16
E 1496 4 -5 -16
E 1496 5 -8 -24
E 1496 6 -10 -32
T 1497 4 0 4 0
E 1497 0 13 40
E 1497 1 10 32
E 1497 2 8 24
E 1497 3 5 16
T 1498 45 0 4 0
E 1498 3 -6 -20
E 1498 4 -9 -28
E 1498 5 -12 -36
E 1498 6 -14 -44
T 1499 4 0 5 0
E 1499 0 16 49
E 1499 1 13 41
E 1499 2 11 33
E 1499 3 8 25
E 1499 4 5 17
T 1500 51 0 5 0
E 1500 2 -5 -15
E 1500 3 -7 -23
E 1500 4 -10 -31
E 1500 5 -13 -39
E 1500 6 -15 -47
T 1501 3 0 5 0
E 1501 0 15 47
E 1501 1 13 39
E 1501 2 10 31
E 1501 3 7 23
E 1501 4 5 15
T 1502 45 0 4 0
E 1502 3 -6 -19
E 1502 4 -9 -27
E 1502 5 -11 -35
E 1502 6 -14 -43
T 1503 4 0 4 0
E 1503 0 13 41
E 1503 1 11 33
E 1503 2 8 25
E 1503 3 5 17
T 1504 50 0 5 0
E 1504 2 -4 -13
E 1504 3 -7 -21
E 1504 4 -9 -29
E 1504 5 -12 -37
E 1504 6 -15 -45
T 1505 16 0 6 0
E 1505 0 19 58
E 1505 1 16 50
E 1505 2 14 42
E 1505 3 11 34
E 1505 4 8 26
E 1505 5 6 18
T 1506 12 0 7 1
E 1506 0 -1 -16
E 1506 1 -2 -24
E 1506 2 -3 -32
E 1506 3 -4 -40
E 1506 4 -5 -48
E 1506 5 -6 -56
E 1506 6 -7 -64
T 1507 44 0 4 0
E 1507 3 -5 -15
E 1507 4 -7 -23
E 1507 5 -10 -31
E 1507 6 -13 -39
T 1508 4 0 5 0
E 1508 0 16 49
E 1508 1 13 41
E 1508 2 11 33
E 1508 3 8 25
E 1508 4 5 17
T 1509 61 0 6 0
E 1509 1 -5 -15
E 1509 2 -7 -23
E 1509 3 -10 -31
E 1509 4 -13 -39
E 1509 5 -15 -47
E 1509 6 -18 -55
T 1510 36 0 7 1
E 1510 0 7 64
E 1510 1 6 56
E 1510 2 5 48
E 1510 3 4 40
E 1510 4 3 32
E 1510 5 2 24
E 1510 6 1 16
T 1511 4 0 4 0
E 1511 0 13 40
E 1511 1 10 32
E 1511 2 8 24
E 1511 3 5 16
T 1512 52 0 5 0
E 1512 2 -5 -16
E 1512 3 -8 -24
E 1512 4 -10 -32
E 1512 5 -13 -40
E 1512 6 -16 -48
T 1513 6 0 5 0
E 1513 0 17 52
E 1513 1 14 44
E 1513 2 12 36
E 1513 3 9 28
E 1513 4 6 20
T 1514 63 0 6 0
E 1514 1 -5 -17
E 1514 2 -8 -25
E 1514 3 -11 -33
E 1514 4 -13 -41
E 1514 5 -16 -49
E 1514 6 -19 -57
T 1515 37 0 7 1
E 1515 0 7 71
E 1515 1 7 63
E 1515 2 6 55
E 1515 3 5 47
E 1515 4 4 39
E 1515 5 3 31
E 1515 6 2 23
T 1516 5 0 4 0
E 1516 0 12 37
E 1516 1 9 29
E 1516 2 7 21
E 1516 3 4 13
T 1517 44 0 4 0
E 1517 3 -5 -17
E 1517 4 -8 -25
E 1517 5 -11 -33
E 1517 6 -13 -41
T 1518 3 0 4 0
E 1518 0 14 44
E 1518 1 12 36
E 1518 2 9 28
E 1518 3 6 20
T 1519 45 0 4 0
E 1519 3 -6 -18
E 1519 4 -8 -26
E 1519 5 -11 -34
E 1519 6 -14 -42
T 1520 4 0 4 0
E 1520 0 13 41
E 1520 1 11 33
E 1520 2 8 25
E 1520 3 5 17
T 1521 50 0 5 0
E 1521 2 -4 -14
E 1521 3 -7 -22
E 1521 4 -10 -30
E 1521 5 -12 -38
E 1521 6 -15 -46
T 1522 4 0 5 0
E 1522 0 16 49
E 1522 1 13 41
E 1522 2 11 33
E 1522 3 8 25
E 1522 4 5 17
T 1523 52 0 5 0
E 1523 2 -5 -17
E 1523 3 -8 -25
E 1523 4 -11 -33
E 1523 5 -13 -41
E 1523 6 -16 -49
T 1524 4 0 5 0
E 1524 0 16 49
E 1524 1 13 41
E 1524 2 11 33
E 1524 3 8 25
E 1524 4 5 17
T 1525 53 0 5 0
E 1525 2 -6 -18
E 1525 3 -8 -26
E 1525 4 -11 -34
E 1525 5 -14 -42
E 1525 6 -16 -50
T 1526 16 0 6 0
E 1526 0 19 58
E 1526 1 16 50
E 1526 2 14 42
E 1526 3 11 34
E 1526 4 8 26
E 1526 5 6 18
T 1527 11 0 7 1
E 1527 0 -2 -18
E 1527 1 -2 -26
E 1527 2 -3 -34
E 1527 3 -4 -42
E 1527 4 -5 -50
E 1527 5 -6 -58
E 1527 6 -7 -66
T 1528 33 0 4 0
E 1528 0 6 18
E 1528 4 -4 -14
E 1528 5 -7 -22
E 1528 6 -10 -30
T 1529 9 0 3 0
E 1529 0 12 36
E 1529 1 9 28
E 1529 2 6 20
T 1530 44 0 4 0
E 1530 3 -5 -17
E 1530 4 -8 -25
E 1530 5 -11 -33
E 1530 6 -13 -41
T 1531 4 0 4 0
E 1531 0 13 41
E 1531 1 11 33
E 1531 2 8 25
E 1531 3 5 17
T 1532 43 0 4 0
E 1532 3 -4 -14
E 1532 4 -7 -22
E 1532 5 -10 -30
E 1532 6 -12 -38
T 1533 2 0 5 0
E 1533 0 15 45
E 1533 1 12 37
E 1533 2 9 29
E 1533 3 7 21
E 1533 4 4 13
T 1534 45 0 4 0
E 1534 3 -6 -18
E 1534 4 -8 -26
E 1534 5 -11 -34
E 1534 6 -14 -42
T 1535 6 0 5 0
E 1535 0 17 52
E 1535 1 14 44
E 1535 2 12 36
E 1535 3 9 28
E 1535 4 6 20
T 1536 61 0 6 0
E 1536 1 -5 -15
E 1536 2 -7 -23
E 1536 3 -10 -31
E 1536 4 -13 -39
E 1536 5 -15 -47
E 1536 6 -18 -55
T 1537 34 0 7 1
E 1537 0 7 64
E 1537 1 6 59
E 1537 2 5 51
E 1537 3 4 43
E 1537 4 3 35
E 1537 5 3 27
E 1537 6 2 19
T 1538 9 0 4 0
E 1538 0 10 30
E 1538 1 9 27
E 1538 2 6 19
E 1538 6 -4 -13
T 1539 35 0 4 0
E 1539 3 -4 -13
E 1539 4 -7 -21
E 1539 5 -9 -29
E 1539 6 -12 -37
T 1540 11 0 5 0
E 1540 0 12 38
E 1540 1 13 41
E 1540 2 11 33
E 1540 3 8 25
E 1540 4 5 17
T 1541 37 0 5 0
E 1541 2 -4 -13
E 1541 3 -7 -21
E 1541 4 -9 -29
E 1541 5 -12 -37
E 1541 6 -15 -45
T 1542 16 0 5 0
E 1542 0 12 36
E 1542 1 13 41
E 1542 2 12 36
E 1542 3 9 28
E 1542 4 6 20
T 1543 37 0 6 0
E 1543 0 -5 -16
E 1543 2 -4 -14
E 1543 3 -7 -22
E 1543 4 -10 -30
E 1543 5 -12 -38
E 1543 6 -15 -46
T 1544 17 0 5 0
E 1544 0 10 30
E 1544 1 11 35
E 1544 2 11 35
E 1544 3 9 27
E 1544 4 6 19
T 1545 4 0 7 1
E 1545 0 -2 -23
E 1545 1 -2 -18
E 1545 2 -1 -15
E 1545 3 -2 -23
E 1545 4 -3 -31
E 1545 5 -4 -39
E 1545 6 -5 -47
T 1546 10 0 2 0
E 1546 5 -6 -18
E 1546 6 -8 -26
T 1547 4 0 2 0
E 1547 2 4 13
E 1547 6 -5 -16
T 1548 0 0 1 0
E 1548 2 5 15
T 1549 3 0 1 0
E 1549 6 -5 -16
T 1550 6 0 2 0
E 1550 2 4 13
E 1550 3 5 16
T 1551 1 0 1 0
E 1551 6 -5 -15
T 1552 3 0 0 0
T 1553 7 0 0 0
T 1554 4 0 0 0
T 1555 6 0 0 0
T 1556 9 0 1 0
E 1556 0 -4 -13
T 1557 10 0 1 0
E 1557 4 4 14
T 1558 11 0 0 0
T 1559 11 0 0 0
T 1560 11 0 0 0
T 1561 12 0 1 0
E 1561 0 -5 -17
T 1562 9 0 1 0
E 1562 0 -4 -13
T 1563 21 0 3 0
E 1563 4 4 14
E 1563 5 6 19
E 1563 6 5 16
T 1564 10 0 2 0
E 1564 0 -7 -22
E 1564 1 -5 -17
T 1565 23 0 3 0
E 1565 4 5 15
E 1565 5 6 20
E 1565 6 7 23
T 1566 9 0 2 0
E 1566 0 -6 -20
E 1566 1 -5 -15
T 1567 14 0 2 0
E 1567 0 -4 -13
E 1567 6 5 17
T 1568 14 0 2 0
E 1568 0 -4 -13
E 1568 6 5 17
T 1569 21 0 2 0
E 1569 5 4 14
E 1569 6 6 19
T 1570 2 0 4 0
E 1570 0 -9 -28
E 1570 1 -7 -23
E 1570 2 -6 -18
E 1570 3 -4 -13
T 1571 28 0 4 0
E 1571 3 4 13
E 1571 4 6 18
E 1571 5 7 23
E 1571 6 9 28
T 1572 1 0 4 0
E 1572 0 -10 -30
E 1572 1 -8 -25
E 1572 2 -6 -20
E 1572 3 -5 -15
T 1573 24 0 3 0
E 1573 4 4 14
E 1573 5 6 19
E 1573 6 8 24
T 1574 1 0 4 0
E 1574 0 -10 -30
E 1574 1 -8 -25
E 1574 2 -6 -20
E 1574 3 -5 -15
T 1575 34 0 5 0
E 1575 2 4 13
E 1575 3 6 18
E 1575 4 7 23
E 1575 5 9 28
E 1575 6 11 33
T 1576 1 0 4 0
E 1576 0 -10 -30
E 1576 1 -8 -25
E 1576 2 -6 -20
E 1576 3 -5 -15
T 1577 29 0 4 0
E 1577 3 5 17
E 1577 4 7 22
E 1577 5 9 27
E 1577 6 10 32
T 1578 2 0 4 0
E 1578 0 -9 -29
E 1578 1 -8 -24
E 1578 2 -6 -19
E 1578 3 -4 -14
T 1579 20 0 2 0
E 1579 5 5 17
E 1579 6 7 22
T 1580 6 0 3 0
E 1580 0 -8 -25
E 1580 1 -6 -20
E 1580 2 -5 -15
T 1581 28 0 4 0
E 1581 3 4 13
E 1581 4 6 18
E 1581 5 7 23
E 1581 6 9 28
T 1582 1 0 4 0
E 1582 0 -10 -31
E 1582 1 -8 -26
E 1582 2 -7 -21
E 1582 3 -5 -16
T 1583 34 0 5 0
E 1583 2 4 14
E 1583 3 6 19
E 1583 4 8 24
E 1583 5 9 29
E 1583 6 11 34
T 1584 4 0 5 0
E 1584 0 -11 -34
E 1584 1 -9 -29
E 1584 2 -8 -24
E 1584 3 -6 -19
E 1584 4 -4 -14
T 1585 24 0 3 0
E 1585 4 5 17
E 1585 5 7 22
E 1585 6 9 27
T 1586 7 0 3 0
E 1586 0 -8 -25
E 1586 1 -6 -19
E 1586 2 -4 -14
T 1587 25 0 3 0
E 1587 4 4 13
E 1587 5 6 18
E 1587 6 7 23
T 1588 7 0 3 0
E 1588 0 -9 -27
E 1588 1 -6 -20
E 1588 2 -5 -15
T 1589 27 0 3 0
E 1589 4 5 17
E 1589 5 7 22
E 1589 6 9 27
T 1590 8 0 3 0
E 1590 0 -9 -29
E 1590 1 -7 -21
E 1590 2 -5 -16
T 1591 28 0 3 0
E 1591 4 4 13
E 1591 5 6 18
E 1591 6 7 23
T 1592 4 0 4 0
E 1592 0 -11 -33
E 1592 1 -8 -25
E 1592 2 -6 -19
E 1592 3 -4 -14
T 1593 33 0 4 0
E 1593 3 4 13
E 1593 4 6 18
E 1593 5 7 23
E 1593 6 9 28
T 1594 5 0 4 0
E 1594 0 -11 -34
E 1594 1 -8 -26
E 1594 2 -6 -18
E 1594 3 -4 -13
T 1595 34 0 4 0
E 1595 3 4 13
E 1595 4 6 18
E 1595 5 7 23
E 1595 6 9 28
T 1596 9 0 3 0
E 1596 0 -10 -30
E 1596 1 -7 -22
E 1596 2 -4 -14
T 1597 35 0 4 0
E 1597 3 4 13
E 1597 4 6 18
E 1597 5 7 23
E 1597 6 9 28
T 1598 9 0 3 0
E 1598 0 -11 -34
E 1598 1 -8 -26
E 1598 2 -6 -18
T 1599 24 0 3 0
E 1599 0 -5 -17
E 1599 5 5 17
E 1599 6 7 22
T 1600 16 0 3 0
E 1600 0 -7 -23
E 1600 1 -5 -15
E 1600 6 5 16
T 1601 24 0 3 0
E 1601 0 -6 -18
E 1601 5 5 17
E 1601 6 7 22
T 1602 9 0 3 0
E 1602 0 -10 -31
E 1602 1 -7 -23
E 1602 2 -5 -15
T 1603 30 0 4 0
E 1603 0 -5 -16
E 1603 4 5 15
E 1603 5 6 20
E 1603 6 8 25
T 1604 17 0 3 0
E 1604 0 -9 -27
E 1604 1 -6 -19
E 1604 6 5 15
T 1605 30 0 4 0
E 1605 0 -6 -18
E 1605 4 4 14
E 1605 5 6 19
E 1605 6 8 24
T 1606 9 0 3 0
E 1606 0 -12 -36
E 1606 1 -9 -28
E 1606 2 -6 -20
T 1607 42 0 4 0
E 1607 3 5 17
E 1607 4 8 25
E 1607 5 10 31
E 1607 6 12 36
T 1608 3 0 4 0
E 1608 0 -14 -43
E 1608 1 -11 -35
E 1608 2 -9 -27
E 1608 3 -6 -19
T 1609 42 0 4 0
E 1609 3 4 14
E 1609 4 7 22
E 1609 5 10 30
E 1609 6 11 35
T 1610 5 0 4 0
E 1610 0 -12 -38
E 1610 1 -10 -30
E 1610 2 -7 -22
E 1610 3 -4 -14
T 1611 44 0 4 0
E 1611 3 5 17
E 1611 4 8 25
E 1611 5 11 33
E 1611 6 13 39
T 1612 4 0 4 0
E 1612 0 -13 -41
E 1612 1 -11 -33
E 1612 2 -8 -25
E 1612 3 -5 -17
T 1613 51 0 5 0
E 1613 2 5 16
E 1613 3 8 24
E 1613 4 10 32
E 1613 5 13 40
E 1613 6 15 47
T 1614 14 0 6 0
E 1614 0 -18 -56
E 1614 1 -16 -48
E 1614 2 -13 -40
E 1614 3 -10 -32
E 1614 4 -8 -24
E 1614 5 -5 -16
T 1615 11 0 7 1
E 1615 0 2 18
E 1615 1 2 26
E 1615 2 3 34
E 1615 3 4 42
E 1615 4 5 50
E 1615 5 6 58
E 1615 6 7 66
T 1616 35 0 4 0
E 1616 0 -4 -13
E 1616 4 6 19
E 1616 5 9 27
E 1616 6 11 35
T 1617 13 0 4 0
E 1617 0 -11 -34
E 1617 1 -8 -26
E 1617 2 -6 -18
E 1617 6 4 14
T 1618 43 0 4 0
E 1618 3 4 13
E 1618 4 7 21
E 1618 5 9 29
E 1618 6 12 37
T 1619 4 0 4 0
E 1619 0 -13 -41
E 1619 1 -11 -33
E 1619 2 -8 -25
E 1619 3 -5 -17
T 1620 45 0 4 0
E 1620 3 6 18
E 1620 4 8 26
E 1620 5 11 34
E 1620 6 14 42
T 1621 3 0 4 0
E 1621 0 -14 -42
E 1621 1 -11 -34
E 1621 2 -8 -26
E 1621 3 -6 -18
T 1622 45 0 4 0
E 1622 3 6 19
E 1622 4 9 27
E 1622 5 11 35
E 1622 6 14 43
T 1623 3 0 4 0
E 1623 0 -14 -43
E 1623 1 -11 -35
E 1623 2 -9 -27
E 1623 3 -6 -19
T 1624 43 0 4 0
E 1624 3 4 14
E 1624 4 7 22
E 1624 5 10 30
E 1624 6 12 38
T 1625 2 0 5 0
E 1625 0 -15 -46
E 1625 1 -12 -38
E 1625 2 -10 -30
E 1625 3 -7 -22
E 1625 4 -4 -14
T 1626 54 0 5 0
E 1626 2 6 19
E 1626 3 9 27
E 1626 4 11 35
E 1626 5 14 43
E 1626 6 17 51
T 1627 12 0 6 0
E 1627 0 -18 -54
E 1627 1 -15 -46
E 1627 2 -12 -38
E 1627 3 -10 -30
E 1627 4 -7 -22
E 1627 5 -4 -14
T 1628 65 0 6 0
E 1628 1 6 19
E 1628 2 9 27
E 1628 3 11 35
E 1628 4 14 43
E 1628 5 17 51
E 1628 6 19 59
T 1629 37 0 7 1
E 1629 0 -7 -66
E 1629 1 -6 -58
E 1629 2 -5 -50
E 1629 3 -4 -42
E 1629 4 -3 -34
E 1629 5 -2 -26
E 1629 6 -2 -18
T 1630 5 0 4 0
E 1630 0 -12 -37
E 1630 1 -9 -29
E 1630 2 -7 -21
E 1630 3 -4 -13
T 1631 45 0 4 0
E 1631 3 6 20
E 1631 4 9 28
E 1631 5 12 36
E 1631 6 14 44
T 1632 3 0 5 0
E 1632 0 -15 -47
E 1632 1 -13 -39
E 1632 2 -10 -31
E 1632 3 -7 -23
E 1632 4 -5 -15
T 1633 54 0 5 0
E 1633 2 6 19
E 1633 3 9 27
E 1633 4 11 35
E 1633 5 14 43
E 1633 6 17 51
T 1634 17 0 6 0
E 1634 0 -19 -59
E 1634 1 -17 -51
E 1634 2 -14 -43
E 1634 3 -11 -35
E 1634 4 -9 -27
E 1634 5 -6 -19
T 1635 64 0 6 0
E 1635 1 6 18
E 1635 2 8 26
E 1635 3 11 34
E 1635 4 14 42
E 1635 5 16 50
E 1635 6 19 58
T 1636 35 0 7 1
E 1636 0 -6 -62
E 1636 1 -6 -54
E 1636 2 -5 -46
E 1636 3 -4 -38
E 1636 4 -3 -30
E 1636 5 -2 -22
E 1636 6 -1 -14
T 1637 14 0 4 0
E 1637 0 -10 -31
E 1637 1 -7 -23
E 1637 2 -5 -15
E 1637 6 5 17
T 1638 25 0 4 0
E 1638 0 -7 -21
E 1638 1 -4 -13
E 1638 5 6 19
E 1638 6 9 27
T 1639 15 0 4 0
E 1639 0 -10 -30
E 1639 1 -7 -22
E 1639 2 -4 -14
E 1639 6 6 18
T 1640 35 0 4 0
E 1640 0 -4 -13
E 1640 4 6 19
E 1640 5 9 27
E 1640 6 11 35
T 1641 13 0 4 0
E 1641 0 -11 -35
E 1641 1 -9 -27
E 1641 2 -6 -19
E 1641 6 4 13
T 1642 33 0 4 0
E 1642 0 -6 -18
E 1642 4 4 14
E 1642 5 7 22
E 1642 6 10 30
T 1643 5 0 4 0
E 1643 0 -12 -37
E 1643 1 -9 -29
E 1643 2 -7 -21
E 1643 3 -4 -13
T 1644 45 0 4 0
E 1644 3 6 19
E 1644 4 9 27
E 1644 5 11 35
E 1644 6 14 43
T 1645 4 0 5 0
E 1645 0 -16 -48
E 1645 1 -13 -40
E 1645 2 -10 -32
E 1645 3 -8 -24
E 1645 4 -5 -16
T 1646 45 0 4 0
E 1646 3 6 20
E 1646 4 9 28
E 1646 5 12 36
E 1646 6 14 44
T 1647 6 0 5 0
E 1647 0 -17 -51
E 1647 1 -14 -43
E 1647 2 -11 -35
E 1647 3 -9 -27
E 1647 4 -6 -19
T 1648 54 0 5 0
E 1648 2 6 20
E 1648 3 9 28
E 1648 4 12 36
E 1648 5 14 44
E 1648 6 17 52
T 1649 11 0 6 0
E 1649 0 -17 -53
E 1649 1 -15 -45
E 1649 2 -12 -37
E 1649 3 -9 -29
E 1649 4 -7 -21
E 1649 5 -4 -13
T 1650 13 0 7 1
E 1650 0 1 14
E 1650 1 2 22
E 1650 2 3 30
E 1650 3 4 38
E 1650 4 5 46
E 1650 5 6 54
E 1650 6 6 62
T 1651 34 0 4 0
E 1651 0 -5 -17
E 1651 4 5 15
E 1651 5 7 23
E 1651 6 10 31
T 1652 5 0 4 0
E 1652 0 -12 -38
E 1652 1 -10 -30
E 1652 2 -7 -22
E 1652 3 -4 -14
T 1653 50 0 5 0
E 1653 2 4 14
E 1653 3 7 22
E 1653 4 10 30
E 1653 5 12 38
E 1653 6 15 46
T 1654 2 0 5 0
E 1654 0 -15 -46
E 1654 1 -12 -38
E 1654 2 -10 -30
E 1654 3 -7 -22
E 1654 4 -4 -14
T 1655 51 0 5 0
E 1655 2 5 15
E 1655 3 7 23
E 1655 4 10 31
E 1655 5 13 39
E 1655 6 15 47
T 1656 16 0 6 0
E 1656 0 -19 -58
E 1656 1 -16 -50
E 1656 2 -14 -42
E 1656 3 -11 -34
E 1656 4 -8 -26
E 1656 5 -6 -18
T 1657 11 0 7 1
E 1657 0 2 19
E 1657 1 3 27
E 1657 2 3 35
E 1657 3 4 43
E 1657 4 5 51
E 1657 5 6 59
E 1657 6 7 67
T 1658 34 0 4 0
E 1658 0 -5 -15
E 1658 4 5 17
E 1658 5 8 25
E 1658 6 11 33
T 1659 14 0 4 0
E 1659 0 -11 -33
E 1659 1 -8 -25
E 1659 2 -5 -17
E 1659 6 5 15
T 1660 35 0 4 0
E 1660 0 -4 -14
E 1660 4 6 18
E 1660 5 8 26
E 1660 6 11 34
T 1661 13 0 4 0
E 1661 0 -11 -34
E 1661 1 -8 -26
E 1661 2 -6 -18
E 1661 6 4 14
T 1662 34 0 4 0
E 1662 0 -5 -15
E 1662 4 5 17
E 1662 5 8 25
E 1662 6 11 33
T 1663 9 0 3 0
E 1663 0 -12 -36
E 1663 1 -9 -28
E 1663 2 -6 -20
T 1664 44 0 4 0
E 1664 3 5 15
E 1664 4 7 23
E 1664 5 10 31
E 1664 6 13 39
T 1665 4 0 5 0
E 1665 0 -16 -48
E 1665 1 -13 -40
E 1665 2 -10 -32
E 1665 3 -8 -24
E 1665 4 -5 -16
T 1666 54 0 5 0
E 1666 2 6 20
E 1666 3 9 28
E 1666 4 12 36
E 1666 5 14 44
E 1666 6 17 52
T 1667 13 0 6 0
E 1667 0 -18 -55
E 1667 1 -15 -47
E 1667 2 -13 -39
E 1667 3 -10 -31
E 1667 4 -7 -23
E 1667 5 -5 -15
T 1668 65 0 6 0
E 1668 1 6 19
E 1668 2 9 27
E 1668 3 11 35
E 1668 4 14 43
E 1668 5 17 51
E 1668 6 19 59
T 1669 36 0 7 1
E 1669 0 -7 -64
E 1669 1 -6 -56
E 1669 2 -5 -48
E 1669 3 -4 -40
E 1669 4 -3 -32
E 1669 5 -2 -24
E 1669 6 -1 -16
T 1670 3 0 4 0
E 1670 0 -14 -42
E 1670 1 -11 -34
E 1670 2 -8 -26
E 1670 3 -6 -18
T 1671 52 0 5 0
E 1671 2 5 17
E 1671 3 8 25
E 1671 4 11 33
E 1671 5 13 41
E 1671 6 16 49
T 1672 14 0 6 0
E 1672 0 -18 -56
E 1672 1 -16 -48
E 1672 2 -13 -40
E 1672 3 -10 -32
E 1672 4 -8 -24
E 1672 5 -5 -16
T 1673 11 0 7 1
E 1673 0 2 18
E 1673 1 2 26
E 1673 2 3 34
E 1673 3 4 42
E 1673 4 5 50
E 1673 5 6 58
E 1673 6 7 66
T 1674 35 0 4 0
E 1674 0 -4 -14
E 1674 4 6 18
E 1674 5 8 26
E 1674 6 11 34
T 1675 5 0 4 0
E 1675 0 -12 -38
E 1675 1 -10 -30
E 1675 2 -7 -22
E 1675 3 -4 -14
T 1676 50 0 5 0
E 1676 2 4 14
E 1676 3 7 22
E 1676 4 10 30
E 1676 5 12 38
E 1676 6 15 46
T 1677 2 0 5 0
E 1677 0 -15 -46
E 1677 1 -12 -38
E 1677 2 -10 -30
E 1677 3 -7 -22
E 1677 4 -4 -14
T 1678 45 0 4 0
E 1678 3 6 18
E 1678 4 8 26
E 1678 5 11 34
E 1678 6 14 42
T 1679 3 0 5 0
E 1679 0 -15 -47
E 1679 1 -13 -39
E 1679 2 -10 -31
E 1679 3 -7 -23
E 1679 4 -5 -15
T 1680 21 0 6 0
E 1680 0 16 50
E 1680 2 6 18
E 1680 3 8 26
E 1680 4 11 34
E 1680 5 14 42
E 1680 6 16 50
T 1681 9 0 7 1
E 1681 0 -2 -18
E 1681 1 -6 -61
E 1681 2 -5 -53
E 1681 3 -5 -45
E 1681 4 -4 -37
E 1681 5 -3 -29
E 1681 6 -2 -21
T 1682 32 0 4 0
E 1682 0 5 15
E 1682 1 -10 -31
E 1682 2 -7 -23
E 1682 3 -5 -15
T 1683 15 0 4 0
E 1683 0 10 30
E 1683 1 -6 -19
E 1683 5 4 13
E 1683 6 7 21
T 1684 45 0 5 0
E 1684 0 4 13
E 1684 1 -13 -40
E 1684 2 -10 -32
E 1684 3 -8 -24
E 1684 4 -5 -16
T 1685 3 0 4 0
E 1685 0 14 42
E 1685 1 11 34
E 1685 5 6 18
E 1685 6 8 26
T 1686 57 0 5 0
E 1686 2 -17 -51
E 1686 3 -14 -43
E 1686 4 -11 -35
E 1686 5 -9 -27
E 1686 6 -6 -19
T 1687 15 0 6 0
E 1687 0 21 65
E 1687 1 19 57
E 1687 3 6 19
E 1687 4 9 27
E 1687 5 11 35
E 1687 6 14 43
T 1688 18 0 7 1
E 1688 0 -1 -15
E 1688 1 -2 -23
E 1688 2 -8 -72
E 1688 3 -7 -64
E 1688 4 -6 -56
E 1688 5 -5 -48
E 1688 6 -4 -40
T 1689 38 0 5 0
E 1689 0 8 26
E 1689 1 6 18
E 1689 2 -11 -35
E 1689 3 -9 -27
E 1689 4 -6 -19
T 1690 13 0 4 0
E 1690 0 14 43
E 1690 1 11 35
E 1690 2 9 27
E 1690 3 -4 -13
T 1691 53 0 5 0
E 1691 0 4 13
E 1691 3 -15 -46
E 1691 4 -12 -38
E 1691 5 -10 -30
E 1691 6 -7 -22
T 1692 3 0 4 0
E 1692 0 19 58
E 1692 1 16 50
E 1692 2 14 42
E 1692 6 6 20
T 1693 66 0 4 0
E 1693 3 -18 -55
E 1693 4 -15 -47
E 1693 5 -13 -39
E 1693 6 -10 -31
T 1694 3 0 4 0
E 1694 0 21 65
E 1694 1 19 57
E 1694 2 16 49
E 1694 6 6 20
T 1695 61 0 4 0
E 1695 3 -6 -18
E 1695 4 -19 -58
E 1695 5 -16 -50
E 1695 6 -14 -42
T 1696 8 0 5 0
E 1696 0 21 64
E 1696 1 18 56
E 1696 2 16 48
E 1696 3 13 40
E 1696 6 4 13
T 1697 76 0 5 0
E 1697 2 -6 -19
E 1697 3 -9 -27
E 1697 4 -24 -73
E 1697 5 -21 -65
E 1697 6 -19 -57
T 1698 23 0 6 0
E 1698 0 27 82
E 1698 1 24 74
E 1698 2 22 66
E 1698 3 19 58
E 1698 5 5 17
E 1698 6 8 25
T 1699 20 0 7 1
E 1699 0 -2 -19
E 1699 1 -3 -27
E 1699 2 -3 -35
E 1699 3 -4 -43
E 1699 4 -10 -96
E 1699 5 -9 -88
E 1699 6 -8 -80
T 1700 39 0 4 0
E 1700 0 9 28
E 1700 1 6 20
E 1700 5 -14 -44
E 1700 6 -12 -36
T 1701 32 0 5 0
E 1701 0 11 35
E 1701 1 9 27
E 1701 2 6 19
E 1701 5 -13 -40
E 1701 6 -10 -32
T 1702 29 0 6 0
E 1702 0 12 37
E 1702 1 9 29
E 1702 2 7 21
E 1702 3 4 13
E 1702 5 -13 -41
E 1702 6 -11 -33
T 1703 40 0 5 0
E 1703 0 10 30
E 1703 1 7 22
E 1703 2 4 14
E 1703 5 -17 -51
E 1703 6 -14 -43
T 1704 39 0 7 1
E 1704 0 5 47
E 1704 1 4 39
E 1704 2 3 31
E 1704 3 2 23
E 1704 4 1 15
E 1704 5 -4 -38
E 1704 6 -3 -30
T 1705 9 0 6 0
E 1705 0 15 45
E 1705 1 12 37
E 1705 2 9 29
E 1705 3 7 21
E 1705 4 4 13
E 1705 6 -11 -35
T 1706 55 0 4 0
E 1706 3 -5 -15
E 1706 4 -7 -23
E 1706 5 -10 -31
E 1706 6 -24 -74
T 1707 37 0 7 1
E 1707 0 6 55
E 1707 1 5 47
E 1707 2 4 39
E 1707 3 3 31
E 1707 4 2 23
E 1707 5 1 15
E 1707 6 -3 -31
T 1708 28 0 4 0
E 1708 0 10 32
E 1708 1 8 24
E 1708 2 5 16
E 1708 6 -19 -57
T 1709 29 0 4 0
E 1709 0 10 31
E 1709 1 7 23
E 1709 2 5 15
E 1709 6 -20 -62
T 1710 5 0 4 0
E 1710 0 12 37
E 1710 1 9 29
E 1710 2 7 21
E 1710 3 4 13
T 1711 45 0 4 0
E 1711 3 -6 -18
E 1711 4 -8 -26
E 1711 5 -11 -34
E 1711 6 -14 -42
T 1712 6 0 5 0
E 1712 0 17 52
E 1712 1 14 44
E 1712 2 12 36
E 1712 3 9 28
E 1712 4 6 20
T 1713 59 0 6 0
E 1713 1 -4 -13
E 1713 2 -7 -21
E 1713 3 -9 -29
E 1713 4 -12 -37
E 1713 5 -15 -45
E 1713 6 -17 -53
T 1714 18 0 6 0
E 1714 0 20 60
E 1714 1 17 52
E 1714 2 14 44
E 1714 3 12 36
E 1714 4 9 28
E 1714 5 6 20
T 1715 13 0 7 1
E 1715 0 -1 -15
E 1715 1 -2 -23
E 1715 2 -3 -31
E 1715 3 -4 -39
E 1715 4 -5 -47
E 1715 5 -6 -55
E 1715 6 -7 -63
T 1716 33 0 4 0
E 1716 0 6 19
E 1716 4 -4 -13
E 1716 5 -7 -21
E 1716 6 -9 -29
T 1717 4 0 4 0
E 1717 0 13 41
E 1717 1 11 33
E 1717 2 8 25
E 1717 3 5 17
T 1718 44 0 4 0
E 1718 3 -5 -16
E 1718 4 -8 -24
E 1718 5 -10 -32
E 1718 6 -13 -40
T 1719 5 0 5 0
E 1719 0 16 50
E 1719 1 14 42
E 1719 2 11 34
E 1719 3 8 26
E 1719 4 6 18
T 1720 63 0 6 0
E 1720 1 -5 -17
E 1720 2 -8 -25
E 1720 3 -11 -33
E 1720 4 -13 -41
E 1720 5 -16 -49
E 1720 6 -19 -57
T 1721 36 0 7 1
E 1721 0 7 64
E 1721 1 6 56
E 1721 2 5 48
E 1721 3 4 40
E 1721 4 3 32
E 1721 5 2 24
E 1721 6 1 16
T 1722 13 0 4 0
E 1722 0 11 35
E 1722 1 9 27
E 1722 2 6 19
E 1722 6 -4 -13
T 1723 35 0 4 0
E 1723 0 4 13
E 1723 4 -6 -19
E 1723 5 -9 -27
E 1723 6 -11 -35
T 1724 5 0 4 0
E 1724 0 12 37
E 1724 1 9 29
E 1724 2 7 21
E 1724 3 4 13
T 1725 44 0 4 0
E 1725 3 -5 -15
E 1725 4 -7 -23
E 1725 5 -10 -31
E 1725 6 -13 -39
T 1726 2 0 5 0
E 1726 0 15 45
E 1726 1 12 37
E 1726 2 9 29
E 1726 3 7 21
E 1726 4 4 13
T 1727 50 0 5 0
E 1727 2 -4 -14
E 1727 3 -7 -22
E 1727 4 -10 -30
E 1727 5 -12 -38
E 1727 6 -15 -46
T 1728 3 0 5 0
E 1728 0 15 47
E 1728 1 13 39
E 1728 2 10 31
E 1728 3 7 23
E 1728 4 5 15
T 1729 52 0 5 0
E 1729 2 -5 -17
E 1729 3 -8 -25
E 1729 4 -11 -33
E 1729 5 -13 -41
E 1729 6 -16 -49
T 1730 5 0 5 0
E 1730 0 16 50
E 1730 1 14 42
E 1730 2 11 34
E 1730 3 8 26
E 1730 4 6 18
T 1731 60 0 6 0
E 1731 1 -4 -14
E 1731 2 -7 -22
E 1731 3 -10 -30
E 1731 4 -12 -38
E 1731 5 -15 -46
E 1731 6 -18 -54
T 1732 35 0 7 1
E 1732 0 7 63
E 1732 1 6 55
E 1732 2 5 47
E 1732 3 4 39
E 1732 4 3 31
E 1732 5 2 23
E 1732 6 1 15
T 1733 4 0 4 0
E 1733 0 13 39
E 1733 1 10 31
E 1733 2 7 23
E 1733 3 5 15
T 1734 52 0 5 0
E 1734 2 -5 -16
E 1734 3 -8 -24
E 1734 4 -10 -32
E 1734 5 -13 -40
E 1734 6 -16 -48
T 1735 5 0 5 0
E 1735 0 16 50
E 1735 1 14 42
E 1735 2 11 34
E 1735 3 8 26
E 1735 4 6 18
T 1736 54 0 5 0
E 1736 2 -6 -19
E 1736 3 -9 -27
E 1736 4 -11 -35
E 1736 5 -14 -43
E 1736 6 -17 -51
T 1737 16 0 6 0
E 1737 0 19 58
E 1737 1 16 50
E 1737 2 14 42
E 1737 3 11 34
E 1737 4 8 26
E 1737 5 6 18
T 1738 12 0 7 1
E 1738 0 -1 -16
E 1738 1 -2 -24
E 1738 2 -3 -32
E 1738 3 -4 -40
E 1738 4 -5 -48
E 1738 5 -6 -56
E 1738 6 -7 -64
T 1739 33 0 4 0
E 1739 0 6 19
E 1739 4 -4 -13
E 1739 5 -7 -21
E 1739 6 -9 -29
T 1740 15 0 4 0
E 1740 0 9 29
E 1740 1 7 21
E 1740 2 4 13
E 1740 6 -6 -19
T 1741 43 0 4 0
E 1741 3 -4 -14
E 1741 4 -7 -22
E 1741 5 -10 -30
E 1741 6 -12 -38
T 1742 3 0 4 0
E 1742 0 14 43
E 1742 1 11 35
E 1742 2 9 27
E 1742 3 6 19
T 1743 45 0 4 0
E 1743 3 -6 -20
E 1743 4 -9 -28
E 1743 5 -12 -36
E 1743 6 -14 -44
T 1744 3 0 4 0
E 1744 0 14 42
E 1744 1 11 34
E 1744 2 8 26
E 1744 3 6 18
T 1745 44 0 4 0
E 1745 3 -5 -16
E 1745 4 -8 -24
E 1745 5 -10 -32
E 1745 6 -13 -40
T 1746 4 0 4 0
E 1746 0 13 41
E 1746 1 11 33
E 1746 2 8 25
E 1746 3 5 17
T 1747 43 0 4 0
E 1747 3 -4 -14
E 1747 4 -7 -22
E 1747 5 -10 -30
E 1747 6 -12 -38
T 1748 2 0 5 0
E 1748 0 15 45
E 1748 1 12 37
E 1748 2 9 29
E 1748 3 7 21
E 1748 4 4 13
T 1749 54 0 5 0
E 1749 2 -6 -19
E 1749 3 -9 -27
E 1749 4 -11 -35
E 1749 5 -14 -43
E 1749 6 -17 -51
T 1750 35 0 7 1
E 1750 0 6 61
E 1750 1 5 53
E 1750 2 5 45
E 1750 3 4 37
E 1750 4 3 29
E 1750 5 2 21
E 1750 6 1 13
T 1751 9 0 3 0
E 1751 0 12 36
E 1751 1 9 28
E 1751 2 6 20
T 1752 39 0 3 0
E 1752 4 -6 -20
E 1752 5 -9 -28
E 1752 6 -12 -36
T 1753 9 0 3 0
E 1753 0 12 36
E 1753 1 9 28
E 1753 2 6 20
T 1754 43 0 4 0
E 1754 3 -4 -14
E 1754 4 -7 -22
E 1754 5 -10 -30
E 1754 6 -12 -38
T 1755 4 0 4 0
E 1755 0 13 41
E 1755 1 11 33
E 1755 2 8 25
E 1755 3 5 17
T 1756 45 0 4 0
E 1756 3 -6 -20
E 1756 4 -9 -28
E 1756 5 -12 -36
E 1756 6 -14 -44
T 1757 3 0 5 0
E 1757 0 15 47
E 1757 1 13 39
E 1757 2 10 31
E 1757 3 7 23
E 1757 4 5 15
T 1758 45 0 4 0
E 1758 3 -6 -20
E 1758 4 -9 -28
E 1758 5 -12 -36
E 1758 6 -14 -44
T 1759 6 0 5 0
E 1759 0 17 51
E 1759 1 14 43
E 1759 2 11 35
E 1759 3 9 27
E 1759 4 6 19
T 1760 54 0 5 0
E 1760 2 -6 -20
E 1760 3 -9 -28
E 1760 4 -12 -36
E 1760 5 -14 -44
E 1760 6 -17 -52
T 1761 18 0 6 0
E 1761 0 20 60
E 1761 1 17 52
E 1761 2 14 44
E 1761 3 12 36
E 1761 4 9 28
E 1761 5 6 20
T 1762 11 0 7 1
E 1762 0 -1 -17
E 1762 1 -2 -25
E 1762 2 -3 -33
E 1762 3 -4 -41
E 1762 4 -5 -49
E 1762 5 -6 -57
E 1762 6 -7 -65
T 1763 44 0 4 0
E 1763 3 -5 -17
E 1763 4 -8 -25
E 1763 5 -11 -33
E 1763 6 -13 -41
T 1764 3 0 4 0
E 1764 0 14 43
E 1764 1 11 35
E 1764 2 9 27
E 1764 3 6 19
T 1765 45 0 4 0
E 1765 3 -6 -18
E 1765 4 -8 -26
E 1765 5 -11 -34
E 1765 6 -14 -42
T 1766 6 0 5 0
E 1766 0 17 51
E 1766 1 14 43
E 1766 2 11 35
E 1766 3 9 27
E 1766 4 6 19
T 1767 61 0 6 0
E 1767 1 -5 -15
E 1767 2 -7 -23
E 1767 3 -10 -31
E 1767 4 -13 -39
E 1767 5 -15 -47
E 1767 6 -18 -55
T 1768 35 0 7 1
E 1768 0 6 61
E 1768 1 5 53
E 1768 2 5 45
E 1768 3 4 37
E 1768 4 3 29
E 1768 5 2 21
E 1768 6 1 13
T 1769 3 0 4 0
E 1769 0 14 42
E 1769 1 11 34
E 1769 2 8 26
E 1769 3 6 18
T 1770 50 0 5 0
E 1770 2 -4 -14
E 1770 3 -7 -22
E 1770 4 -10 -30
E 1770 5 -12 -38
E 1770 6 -15 -46
T 1771 3 0 5 0
E 1771 0 15 47
E 1771 1 13 39
E 1771 2 10 31
E 1771 3 7 23
E 1771 4 5 15
T 1772 51 0 5 0
E 1772 2 -5 -15
E 1772 3 -7 -23
E 1772 4 -10 -31
E 1772 5 -13 -39
E 1772 6 -15 -47
T 1773 2 0 5 0
E 1773 0 15 46
E 1773 1 12 38
E 1773 2 10 30
E 1773 3 7 22
E 1773 4 4 14
T 1774 54 0 5 0
E 1774 2 -6 -20
E 1774 3 -9 -28
E 1774 4 -12 -36
E 1774 5 -14 -44
E 1774 6 -17 -52
T 1775 12 0 6 0
E 1775 0 18 54
E 1775 1 15 46
E 1775 2 12 38
E 1775 3 10 30
E 1775 4 7 22
E 1775 5 4 14
T 1776 13 0 7 1
E 1776 0 -1 -13
E 1776 1 -2 -21
E 1776 2 -3 -29
E 1776 3 -4 -37
E 1776 4 -5 -45
E 1776 5 -5 -53
E 1776 6 -6 -61
T 1777 27 0 3 0
E 1777 0 5 17
E 1777 5 -6 -20
E 1777 6 -9 -28
T 1778 10 0 4 0
E 1778 0 9 27
E 1778 1 8 24
E 1778 2 5 16
E 1778 6 -5 -16
T 1779 20 0 4 0
E 1779 0 4 13
E 1779 1 4 13
E 1779 5 -6 -19
E 1779 6 -9 -27
T 1780 5 0 4 0
E 1780 0 8 24
E 1780 1 9 27
E 1780 2 6 19
E 1780 6 -4 -13
T 1781 26 0 3 0
E 1781 4 -6 -19
E 1781 5 -9 -27
E 1781 6 -11 -35
T 1782 0 0 3 0
E 1782 0 6 20
E 1782 1 8 25
E 1782 2 6 20
T 1783 18 0 2 0
E 1783 5 -6 -18
E 1783 6 -8 -26
T 1784 8 0 4 0
E 1784 0 7 21
E 1784 1 8 26
E 1784 2 8 26
E 1784 3 6 18
T 1785 15 0 3 0
E 1785 4 -5 -17
E 1785 5 -8 -25
E 1785 6 -11 -33
T 1786 2 0 3 0
E 1786 1 4 13
E 1786 2 6 18
E 1786 6 -4 -14
T 1787 5 0 2 0
E 1787 2 5 16
E 1787 6 -4 -13
T 1788 4 0 1 0
E 1788 6 -6 -19
T 1789 4 0 1 0
E 1789 6 -5 -15
T 1790 6 0 2 0
E 1790 2 4 13
E 1790 3 5 16
T 1791 1 0 2 0
E 1791 5 -4 -13
E 1791 6 -7 -21
T 1792 5 0 1 0
E 1792 3 4 14
T 1793 6 0 1 0
E 1793 3 4 13
T 1794 5 0 0 0
T 1795 8 0 0 0
T 1796 11 0 1 0
E 1796 4 4 13
T 1797 10 0 1 0
E 1797 4 4 14
T 1798 9 0 0 0
T 1799 9 0 0 0
T 1800 12 0 0 0
T 1801 10 0 1 0
E 1801 0 -4 -14
T 1802 10 0 1 0
E 1802 0 -5 -15
T 1803 18 0 2 0
E 1803 5 5 16
E 1803 6 4 13
T 1804 6 0 3 0
E 1804 0 -8 -25
E 1804 1 -6 -20
E 1804 2 -5 -15
T 1805 23 0 3 0
E 1805 4 5 15
E 1805 5 6 20
E 1805 6 7 23
T 1806 1 0 4 0
E 1806 0 -10 -30
E 1806 1 -8 -25
E 1806 2 -6 -20
E 1806 3 -5 -15
T 1807 24 0 3 0
E 1807 4 5 15
E 1807 5 6 20
E 1807 6 8 25
T 1808 2 0 4 0
E 1808 0 -9 -28
E 1808 1 -7 -23
E 1808 2 -6 -18
E 1808 3 -4 -13
T 1809 29 0 4 0
E 1809 3 5 15
E 1809 4 6 20
E 1809 5 8 25
E 1809 6 10 30
T 1810 5 0 5 0
E 1810 0 -11 -35
E 1810 1 -10 -30
E 1810 2 -8 -25
E 1810 3 -6 -20
E 1810 4 -5 -15
T 1811 36 0 5 0
E 1811 2 5 16
E 1811 3 7 21
E 1811 4 8 26
E 1811 5 10 31
E 1811 6 12 36
T 1812 15 0 6 0
E 1812 0 -14 -42
E 1812 1 -12 -37
E 1812 2 -10 -32
E 1812 3 -9 -27
E 1812 4 -7 -22
E 1812 5 -5 -17
T 1813 41 0 6 0
E 1813 1 4 13
E 1813 2 6 18
E 1813 3 7 23
E 1813 4 9 28
E 1813 5 11 33
E 1813 6 12 38
T 1814 25 0 7 1
E 1814 0 -5 -48
E 1814 1 -4 -43
E 1814 2 -4 -38
E 1814 3 -3 -33
E 1814 4 -3 -28
E 1814 5 -2 -23
E 1814 6 -2 -18
T 1815 9 0 2 0
E 1815 0 -6 -20
E 1815 1 -5 -15
T 1816 21 0 2 0
E 1816 5 4 14
E 1816 6 6 19
T 1817 8 0 2 0
E 1817 0 -6 -18
E 1817 1 -4 -13
T 1818 24 0 3 0
E 1818 4 4 14
E 1818 5 6 19
E 1818 6 8 24
T 1819 6 0 3 0
E 1819 0 -7 -23
E 1819 1 -6 -18
E 1819 2 -4 -13
T 1820 20 0 2 0
E 1820 5 5 17
E 1820 6 7 22
T 1821 6 0 3 0
E 1821 0 -8 -25
E 1821 1 -6 -20
E 1821 2 -5 -15
T 1822 24 0 3 0
E 1822 4 5 15
E 1822 5 6 20
E 1822 6 8 25
T 1823 6 0 3 0
E 1823 0 -9 -27
E 1823 1 -7 -22
E 1823 2 -5 -17
T 1824 28 0 4 0
E 1824 3 4 13
E 1824 4 6 18
E 1824 5 7 23
E 1824 6 9 28
T 1825 4 0 5 0
E 1825 0 -11 -33
E 1825 1 -9 -28
E 1825 2 -7 -23
E 1825 3 -6 -18
E 1825 4 -4 -13
T 1826 29 0 4 0
E 1826 3 4 14
E 1826 4 6 19
E 1826 5 8 24
E 1826 6 9 29
T 1827 2 0 4 0
E 1827 0 -10 -31
E 1827 1 -8 -25
E 1827 2 -6 -20
E 1827 3 -5 -15
T 1828 31 0 4 0
E 1828 3 5 16
E 1828 4 7 21
E 1828 5 8 26
E 1828 6 10 31
T 1829 3 0 4 0
E 1829 0 -11 -35
E 1829 1 -9 -27
E 1829 2 -7 -22
E 1829 3 -5 -17
T 1830 37 0 5 0
E 1830 2 4 14
E 1830 3 6 19
E 1830 4 8 24
E 1830 5 9 29
E 1830 6 11 34
T 1831 9 0 6 0
E 1831 0 -14 -43
E 1831 1 -11 -35
E 1831 2 -9 -29
E 1831 3 -8 -24
E 1831 4 -6 -19
E 1831 5 -4 -14
T 1832 51 0 6 0
E 1832 1 6 18
E 1832 2 8 24
E 1832 3 9 29
E 1832 4 11 34
E 1832 5 13 39
E 1832 6 14 44
T 1833 29 0 7 1
E 1833 0 -6 -54
E 1833 1 -5 -46
E 1833 2 -4 -39
E 1833 3 -3 -34
E 1833 4 -3 -29
E 1833 5 -2 -24
E 1833 6 -2 -19
T 1834 9 0 3 0
E 1834 0 -11 -33
E 1834 1 -8 -25
E 1834 2 -5 -17
T 1835 22 0 3 0
E 1835 0 -5 -16
E 1835 5 5 15
E 1835 6 6 20
T 1836 23 0 3 0
E 1836 0 -6 -19
E 1836 5 4 13
E 1836 6 6 18
T 1837 9 0 3 0
E 1837 0 -9 -29
E 1837 1 -7 -21
E 1837 2 -4 -13
T 1838 37 0 4 0
E 1838 3 5 17
E 1838 4 7 22
E 1838 5 9 27
E 1838 6 10 32
T 1839 9 0 3 0
E 1839 0 -11 -35
E 1839 1 -9 -27
E 1839 2 -6 -19
T 1840 29 0 4 0
E 1840 0 -4 -13
E 1840 4 5 16
E 1840 5 7 21
E 1840 6 8 26
T 1841 16 0 3 0
E 1841 0 -8 -26
E 1841 1 -6 -18
E 1841 6 4 14
T 1842 30 0 4 0
E 1842 0 -4 -14
E 1842 4 5 16
E 1842 5 7 21
E 1842 6 8 26
T 1843 9 0 3 0
E 1843 0 -10 -31
E 1843 1 -7 -23
E 1843 2 -5 -15
T 1844 36 0 3 0
E 1844 4 6 20
E 1844 5 8 25
E 1844 6 10 30
T 1845 9 0 3 0
E 1845 0 -12 -36
E 1845 1 -9 -28
E 1845 2 -6 -20
T 1846 36 0 3 0
E 1846 4 6 20
E 1846 5 8 26
E 1846 6 10 31
T 1847 4 0 4 0
E 1847 0 -13 -40
E 1847 1 -10 -32
E 1847 2 -8 -24
E 1847 3 -5 -16
T 1848 48 0 5 0
E 1848 2 4 13
E 1848 3 7 21
E 1848 4 9 29
E 1848 5 12 36
E 1848 6 13 41
T 1849 2 0 5 0
E 1849 0 -15 -45
E 1849 1 -12 -37
E 1849 2 -9 -29
E 1849 3 -7 -21
E 1849 4 -4 -13
T 1850 59 0 6 0
E 1850 1 4 14
E 1850 2 7 22
E 1850 3 10 30
E 1850 4 12 38
E 1850 5 15 46
E 1850 6 17 51
T 1851 36 0 7 1
E 1851 0 -7 -65
E 1851 1 -6 -57
E 1851 2 -5 -49
E 1851 3 -4 -41
E 1851 4 -3 -33
E 1851 5 -2 -25
E 1851 6 -2 -19
T 1852 13 0 4 0
E 1852 0 -10 -32
E 1852 1 -8 -24
E 1852 2 -5 -16
E 1852 6 4 14
T 1853 29 0 3 0
E 1853 0 -6 -20
E 1853 5 6 20
E 1853 6 9 27
T 1854 15 0 4 0
E 1854 0 -10 -30
E 1854 1 -7 -22
E 1854 2 -4 -14
E 1854 6 6 18
T 1855 34 0 4 0
E 1855 0 -5 -17
E 1855 4 5 15
E 1855 5 7 23
E 1855 6 10 31
T 1856 9 0 3 0
E 1856 0 -12 -36
E 1856 1 -9 -28
E 1856 2 -6 -20
T 1857 45 0 4 0
E 1857 3 6 19
E 1857 4 9 27
E 1857 5 11 35
E 1857 6 14 43
T 1858 5 0 5 0
E 1858 0 -16 -50
E 1858 1 -14 -42
E 1858 2 -11 -34
E 1858 3 -8 -26
E 1858 4 -6 -18
T 1859 53 0 5 0
E 1859 2 6 18
E 1859 3 8 26
E 1859 4 11 34
E 1859 5 14 42
E 1859 6 16 50
T 1860 12 0 6 0
E 1860 0 -18 -54
E 1860 1 -15 -46
E 1860 2 -12 -38
E 1860 3 -10 -30
E 1860 4 -7 -22
E 1860 5 -4 -14
T 1861 66 0 6 0
E 1861 1 6 20
E 1861 2 9 28
E 1861 3 12 36
E 1861 4 14 44
E 1861 5 17 52
E 1861 6 20 60
T 1862 37 0 7 1
E 1862 0 -7 -70
E 1862 1 -6 -62
E 1862 2 -6 -54
E 1862 3 -5 -46
E 1862 4 -4 -38
E 1862 5 -3 -30
E 1862 6 -2 -22
T 1863 4 0 4 0
E 1863 0 -13 -39
E 1863 1 -10 -31
E 1863 2 -7 -23
E 1863 3 -5 -15
T 1864 44 0 4 0
E 1864 3 5 16
E 1864 4 8 24
E 1864 5 10 32
E 1864 6 13 40
T 1865 3 0 4 0
E 1865 0 -14 -44
E 1865 1 -12 -36
E 1865 2 -9 -28
E 1865 3 -6 -20
T 1866 51 0 5 0
E 1866 2 5 15
E 1866 3 7 23
E 1866 4 10 31
E 1866 5 13 39
E 1866 6 15 47
T 1867 15 0 6 0
E 1867 0 -19 -57
E 1867 1 -16 -49
E 1867 2 -13 -41
E 1867 3 -11 -33
E 1867 4 -8 -25
E 1867 5 -5 -17
T 1868 13 0 7 1
E 1868 0 1 14
E 1868 1 2 22
E 1868 2 3 30
E 1868 3 4 38
E 1868 4 5 46
E 1868 5 6 54
E 1868 6 6 62
T 1869 34 0 4 0
E 1869 0 -5 -16
E 1869 4 5 16
E 1869 5 8 24
E 1869 6 10 32
T 1870 14 0 4 0
E 1870 0 -10 -32
E 1870 1 -8 -24
E 1870 2 -5 -16
E 1870 6 5 16
T 1871 35 0 4 0
E 1871 0 -4 -13
E 1871 4 6 19
E 1871 5 9 27
E 1871 6 11 35
T 1872 14 0 4 0
E 1872 0 -10 -32
E 1872 1 -8 -24
E 1872 2 -5 -16
E 1872 6 5 16
T 1873 34 0 4 0
E 1873 0 -5 -15
E 1873 4 5 17
E 1873 5 8 25
E 1873 6 11 33
T 1874 4 0 4 0
E 1874 0 -13 -41
E 1874 1 -11 -33
E 1874 2 -8 -25
E 1874 3 -5 -17
T 1875 50 0 5 0
E 1875 2 4 13
E 1875 3 7 21
E 1875 4 9 29
E 1875 5 12 37
E 1875 6 15 45
T 1876 14 0 6 0
E 1876 0 -18 -56
E 1876 1 -16 -48
E 1876 2 -13 -40
E 1876 3 -10 -32
E 1876 4 -8 -24
E 1876 5 -5 -16
T 1877 12 0 7 1
E 1877 0 1 16
E 1877 1 2 24
E 1877 2 3 32
E 1877 3 4 40
E 1877 4 5 48
E 1877 5 6 56
E 1877 6 7 64
T 1878 44 0 4 0
E 1878 3 5 15
E 1878 4 7 23
E 1878 5 10 31
E 1878 6 13 39
T 1879 2 0 5 0
E 1879 0 -15 -46
E 1879 1 -12 -38
E 1879 2 -10 -30
E 1879 3 -7 -22
E 1879 4 -4 -14
T 1880 50 0 5 0
E 1880 2 4 13
E 1880 3 7 21
E 1880 4 9 29
E 1880 5 12 37
E 1880 6 15 45
T 1881 3 0 5 0
E 1881 0 -15 -47
E 1881 1 -13 -39
E 1881 2 -10 -31
E 1881 3 -7 -23
E 1881 4 -5 -15
T 1882 59 0 6 0
E 1882 1 4 13
E 1882 2 7 21
E 1882 3 9 29
E 1882 4 12 37
E 1882 5 15 45
E 1882 6 17 53
T 1883 35 0 7 1
E 1883 0 -7 -63
E 1883 1 -6 -55
E 1883 2 -5 -47
E 1883 3 -4 -39
E 1883 4 -3 -31
E 1883 5 -2 -23
E 1883 6 -1 -15
T 1884 14 0 4 0
E 1884 0 -10 -32
E 1884 1 -8 -24
E 1884 2 -5 -16
E 1884 6 5 16
T 1885 35 0 4 0
E 1885 0 -4 -14
E 1885 4 6 18
E 1885 5 8 26
E 1885 6 11 34
T 1886 4 0 4 0
E 1886 0 -13 -40
E 1886 1 -10 -32
E 1886 2 -8 -24
E 1886 3 -5 -16
T 1887 44 0 4 0
E 1887 3 5 17
E 1887 4 8 25
E 1887 5 11 33
E 1887 6 13 41
T 1888 6 0 5 0
E 1888 0 -17 -51
E 1888 1 -14 -43
E 1888 2 -11 -35
E 1888 3 -9 -27
E 1888 4 -6 -19
T 1889 62 0 6 0
E 1889 1 5 16
E 1889 2 8 24
E 1889 3 10 32
E 1889 4 13 40
E 1889 5 16 48
E 1889 6 18 56
T 1890 16 0 6 0
E 1890 0 -19 -58
E 1890 1 -16 -50
E 1890 2 -14 -42
E 1890 3 -11 -34
E 1890 4 -8 -26
E 1890 5 -6 -18
T 1891 63 0 6 0
E 1891 1 5 17
E 1891 2 8 25
E 1891 3 11 33
E 1891 4 13 41
E 1891 5 16 49
E 1891 6 19 57
T 1892 17 0 6 0
E 1892 0 -19 -59
E 1892 1 -17 -51
E 1892 2 -14 -43
E 1892 3 -11 -35
E 1892 4 -9 -27
E 1892 5 -6 -19
T 1893 64 0 6 0
E 1893 1 6 18
E 1893 2 8 26
E 1893 3 11 34
E 1893 4 14 42
E 1893 5 16 50
E 1893 6 19 58
T 1894 36 0 7 1
E 1894 0 -7 -64
E 1894 1 -6 -56
E 1894 2 -5 -48
E 1894 3 -4 -40
E 1894 4 -3 -32
E 1894 5 -2 -24
E 1894 6 -1 -16
T 1895 14 0 4 0
E 1895 0 -10 -31
E 1895 1 -7 -23
E 1895 2 -5 -15
E 1895 6 5 17
T 1896 39 0 3 0
E 1896 4 6 20
E 1896 5 9 28
E 1896 6 12 36
T 1897 3 0 4 0
E 1897 0 -14 -42
E 1897 1 -11 -34
E 1897 2 -8 -26
E 1897 3 -6 -18
T 1898 43 0 4 0
E 1898 3 4 13
E 1898 4 7 21
E 1898 5 9 29
E 1898 6 12 37
T 1899 2 0 5 0
E 1899 0 -15 -45
E 1899 1 -12 -37
E 1899 2 -9 -29
E 1899 3 -7 -21
E 1899 4 -4 -13
T 1900 60 0 6 0
E 1900 1 4 14
E 1900 2 7 22
E 1900 3 10 30
E 1900 4 12 38
E 1900 5 15 46
E 1900 6 18 54
T 1901 35 0 7 1
E 1901 0 -7 -63
E 1901 1 -6 -55
E 1901 2 -5 -47
E 1901 3 -4 -39
E 1901 4 -3 -31
E 1901 5 -2 -23
E 1901 6 -1 -15
T 1902 13 0 4 0
E 1902 0 -11 -35
E 1902 1 -9 -27
E 1902 2 -6 -19
E 1902 6 4 13
T 1903 33 0 4 0
E 1903 0 -6 -18
E 1903 4 4 14
E 1903 5 7 22
E 1903 6 10 30
T 1904 14 0 4 0
E 1904 0 -10 -31
E 1904 1 -7 -23
E 1904 2 -5 -15
E 1904 6 5 17
T 1905 25 0 4 0
E 1905 0 -7 -21
E 1905 1 -4 -13
E 1905 5 6 19
E 1905 6 9 27
T 1906 14 0 4 0
E 1906 0 -11 -33
E 1906 1 -8 -25
E 1906 2 -5 -17
E 1906 6 5 15
T 1907 34 0 4 0
E 1907 0 -5 -15
E 1907 4 5 17
E 1907 5 8 25
E 1907 6 11 33
T 1908 5 0 4 0
E 1908 0 -12 -38
E 1908 1 -10 -30
E 1908 2 -7 -22
E 1908 3 -4 -14
T 1909 43 0 4 0
E 1909 3 4 13
E 1909 4 7 21
E 1909 5 9 29
E 1909 6 12 37
T 1910 5 0 5 0
E 1910 0 -16 -50
E 1910 1 -14 -42
E 1910 2 -11 -34
E 1910 3 -8 -26
E 1910 4 -6 -18
T 1911 62 0 6 0
E 1911 1 5 16
E 1911 2 8 24
E 1911 3 10 32
E 1911 4 13 40
E 1911 5 16 48
E 1911 6 18 56
T 1912 37 0 7 1
E 1912 0 -7 -65
E 1912 1 -6 -57
E 1912 2 -5 -49
E 1912 3 -4 -41
E 1912 4 -3 -33
E 1912 5 -2 -25
E 1912 6 -1 -17
T 1913 4 0 4 0
E 1913 0 -13 -39
E 1913 1 -10 -31
E 1913 2 -7 -23
E 1913 3 -5 -15
T 1914 45 0 4 0
E 1914 3 6 20
E 1914 4 9 28
E 1914 5 12 36
E 1914 6 14 44
T 1915 2 0 5 0
E 1915 0 -15 -46
E 1915 1 -12 -38
E 1915 2 -10 -30
E 1915 3 -7 -22
E 1915 4 -4 -14
T 1916 53 0 5 0
E 1916 2 6 18
E 1916 3 8 26
E 1916 4 11 34
E 1916 5 14 42
E 1916 6 16 50
T 1917 4 0 5 0
E 1917 0 -16 -48
E 1917 1 -13 -40
E 1917 2 -10 -32
E 1917 3 -8 -24
E 1917 4 -5 -16
T 1918 54 0 5 0
E 1918 2 6 19
E 1918 3 9 27
E 1918 4 11 35
E 1918 5 14 43
E 1918 6 17 51
T 1919 6 0 5 0
E 1919 0 -17 -51
E 1919 1 -14 -43
E 1919 2 -11 -35
E 1919 3 -9 -27
E 1919 4 -6 -19
T 1920 30 0 7 1
E 1920 0 6 58
E 1920 1 2 18
E 1920 2 2 26
E 1920 3 3 34
E 1920 4 4 42
E 1920 5 5 50
E 1920 6 6 58
T 1921 0 0 4 0
E 1921 0 12 36
E 1921 4 5 17
E 1921 5 8 25
E 1921 6 11 33
T 1922 42 0 4 0
E 1922 1 -13 -41
E 1922 2 -11 -33
E 1922 3 -8 -25
E 1922 4 -5 -17
T 1923 5 0 4 0
E 1923 0 13 40
E 1923 4 5 15
E 1923 5 7 23
E 1923 6 10 31
T 1924 50 0 4 0
E 1924 1 -14 -42
E 1924 2 -11 -34
E 1924 3 -8 -26
E 1924 4 -6 -18
T 1925 4 0 5 0
E 1925 0 16 49
E 1925 1 13 41
E 1925 4 5 17
E 1925 5 8 25
E 1925 6 11 33
T 1926 55 0 5 0
E 1926 2 -16 -49
E 1926 3 -13 -41
E 1926 4 -11 -33
E 1926 5 -8 -25
E 1926 6 -5 -17
T 1927 13 0 6 0
E 1927 0 21 63
E 1927 1 18 55
E 1927 3 5 17
E 1927 4 8 25
E 1927 5 11 33
E 1927 6 13 41
T 1928 18 0 7 1
E 1928 0 -1 -13
E 1928 1 -2 -21
E 1928 2 -7 -70
E 1928 3 -6 -62
E 1928 4 -6 -54
E 1928 5 -5 -46
E 1928 6 -4 -38
T 1929 60 0 6 0
E 1929 0 4 14
E 1929 2 -15 -47
E 1929 3 -13 -39
E 1929 4 -10 -31
E 1929 5 -7 -23
E 1929 6 -5 -15
T 1930 11 0 6 0
E 1930 0 20 61
E 1930 1 17 53
E 1930 2 15 45
E 1930 4 4 13
E 1930 5 7 21
E 1930 6 9 29
T 1931 77 0 6 0
E 1931 1 -5 -16
E 1931 2 -8 -24
E 1931 3 -22 -67
E 1931 4 -19 -59
E 1931 5 -17 -51
E 1931 6 -14 -43
T 1932 47 0 7 1
E 1932 0 8 78
E 1932 1 7 70
E 1932 2 6 62
E 1932 3 1 16
E 1932 4 2 24
E 1932 5 3 32
E 1932 6 4 40
T 1933 15 0 4 0
E 1933 0 15 47
E 1933 1 13 39
E 1933 2 10 31
E 1933 3 -6 -18
T 1934 64 0 5 0
E 1934 0 5 16
E 1934 3 -17 -53
E 1934 4 -15 -45
E 1934 5 -12 -37
E 1934 6 -9 -29
T 1935 17 0 6 0
E 1935 0 23 69
E 1935 1 20 61
E 1935 2 17 53
E 1935 3 15 45
E 1935 5 4 13
E 1935 6 7 21
T 1936 85 0 6 0
E 1936 1 -6 -20
E 1936 2 -9 -28
E 1936 3 -12 -36
E 1936 4 -26 -79
E 1936 5 -23 -71
E 1936 6 -21 -63
T 1937 25 0 6 0
E 1937 0 27 82
E 1937 1 24 74
E 1937 2 22 66
E 1937 3 19 58
E 1937 5 6 20
E 1937 6 9 28
T 1938 18 0 7 1
E 1938 0 -2 -26
E 1938 1 -3 -34
E 1938 2 -4 -42
E 1938 3 -5 -50
E 1938 4 -11 -99
E 1938 5 -10 -91
E 1938 6 -9 -83
T 1939 64 0 4 0
E 1939 0 4 14
E 1939 4 -21 -63
E 1939 5 -18 -55
E 1939 6 -15 -47
T 1940 16 0 5 0
E 1940 0 22 66
E 1940 1 19 58
E 1940 2 16 50
E 1940 3 14 42
E 1940 4 11 34
T 1941 17 0 7 1
E 1941 0 -1 -17
E 1941 1 -2 -25
E 1941 2 -3 -33
E 1941 3 -4 -41
E 1941 4 -5 -49
E 1941 5 -10 -92
E 1941 6 -9 -84
T 1942 44 0 4 0
E 1942 0 7 23
E 1942 1 5 15
E 1942 5 -18 -55
E 1942 6 -15 -47
T 1943 39 0 7 1
E 1943 0 5 49
E 1943 1 4 41
E 1943 2 3 33
E 1943 3 2 25
E 1943 4 1 17
E 1943 5 -3 -32
E 1943 6 -2 -24
T 1944 27 0 6 0
E 1944 0 14 44
E 1944 1 12 36
E 1944 2 9 28
E 1944 3 6 20
E 1944 5 -13 -41
E 1944 6 -11 -33
T 1945 35 0 4 0
E 1945 0 8 25
E 1945 1 5 17
E 1945 5 -5 -15
E 1945 6 -18 -55
T 1946 18 0 5 0
E 1946 0 13 41
E 1946 1 11 33
E 1946 2 8 25
E 1946 3 5 17
E 1946 6 -14 -42
T 1947 48 0 4 0
E 1947 0 4 14
E 1947 4 -6 -18
E 1947 5 -8 -26
E 1947 6 -24 -72
T 1948 6 0 6 0
E 1948 0 17 52
E 1948 1 14 44
E 1948 2 12 36
E 1948 3 9 28
E 1948 4 6 20
E 1948 6 -12 -37
T 1949 54 0 3 0
E 1949 4 -6 -20
E 1949 5 -9 -28
E 1949 6 -27 -81
T 1950 16 0 6 0
E 1950 0 19 58
E 1950 1 16 50
E 1950 2 14 42
E 1950 3 11 34
E 1950 4 8 26
E 1950 5 6 18
T 1951 66 0 6 0
E 1951 1 -6 -20
E 1951 2 -9 -28
E 1951 3 -12 -36
E 1951 4 -14 -44
E 1951 5 -17 -52
E 1951 6 -20 -60
T 1952 37 0 7 1
E 1952 0 7 67
E 1952 1 6 59
E 1952 2 5 51
E 1952 3 4 43
E 1952 4 3 35
E 1952 5 3 27
E 1952 6 2 19
T 1953 3 0 4 0
E 1953 0 14 42
E 1953 1 11 34
E 1953 2 8 26
E 1953 3 6 18
T 1954 52 0 5 0
E 1954 2 -5 -16
E 1954 3 -8 -24
E 1954 4 -10 -32
E 1954 5 -13 -40
E 1954 6 -16 -48
T 1955 12 0 6 0
E 1955 0 18 54
E 1955 1 15 46
E 1955 2 12 38
E 1955 3 10 30
E 1955 4 7 22
E 1955 5 4 14
T 1956 64 0 6 0
E 1956 1 -6 -18
E 1956 2 -8 -26
E 1956 3 -11 -34
E 1956 4 -14 -42
E 1956 5 -16 -50
E 1956 6 -19 -58
T 1957 37 0 7 1
E 1957 0 7 70
E 1957 1 6 62
E 1957 2 6 54
E 1957 3 5 46
E 1957 4 4 38
E 1957 5 3 30
E 1957 6 2 22
T 1958 5 0 4 0
E 1958 0 12 38
E 1958 1 10 30
E 1958 2 7 22
E 1958 3 4 14
T 1959 45 0 4 0
E 1959 3 -6 -19
E 1959 4 -9 -27
E 1959 5 -11 -35
E 1959 6 -14 -43
T 1960 3 0 4 0
E 1960 0 14 43
E 1960 1 11 35
E 1960 2 9 27
E 1960 3 6 19
T 1961 52 0 5 0
E 1961 2 -5 -16
E 1961 3 -8 -24
E 1961 4 -10 -32
E 1961 5 -13 -40
E 1961 6 -16 -48
T 1962 6 0 5 0
E 1962 0 17 51
E 1962 1 14 43
E 1962 2 11 35
E 1962 3 9 27
E 1962 4 6 19
T 1963 53 0 5 0
E 1963 2 -6 -18
E 1963 3 -8 -26
E 1963 4 -11 -34
E 1963 5 -14 -42
E 1963 6 -16 -50
T 1964 6 0 5 0
E 1964 0 17 51
E 1964 1 14 43
E 1964 2 11 35
E 1964 3 9 27
E 1964 4 6 19
T 1965 62 0 6 0
E 1965 1 -5 -16
E 1965 2 -8 -24
E 1965 3 -10 -32
E 1965 4 -13 -40
E 1965 5 -16 -48
E 1965 6 -18 -56
T 1966 18 0 6 0
E 1966 0 20 60
E 1966 1 17 52
E 1966 2 14 44
E 1966 3 12 36
E 1966 4 9 28
E 1966 5 6 20
T 1967 11 0 7 1
E 1967 0 -2 -22
E 1967 1 -3 -30
E 1967 2 -4 -38
E 1967 3 -5 -46
E 1967 4 -6 -54
E 1967 5 -6 -62
E 1967 6 -7 -70
T 1968 35 0 4 0
E 1968 0 4 14
E 1968 4 -6 -18
E 1968 5 -8 -26
E 1968 6 -11 -34
T 1969 5 0 4 0
E 1969 0 12 37
E 1969 1 9 29
E 1969 2 7 21
E 1969 3 4 13
T 1970 35 0 4 0
E 1970 0 4 13
E 1970 4 -6 -19
E 1970 5 -9 -27
E 1970 6 -11 -35
T 1971 14 0 4 0
E 1971 0 11 33
E 1971 1 8 25
E 1971 2 5 17
E 1971 6 -5 -15
T 1972 29 0 3 0
E 1972 0 6 20
E 1972 5 -6 -20
E 1972 6 -9 -28
T 1973 23 0 4 0
E 1973 0 8 26
E 1973 1 6 18
E 1973 5 -4 -14
E 1973 6 -7 -22
T 1974 25 0 4 0
E 1974 0 7 22
E 1974 1 4 14
E 1974 5 -6 -18
E 1974 6 -8 -26
T 1975 15 0 4 0
E 1975 0 10 30
E 1975 1 7 22
E 1975 2 4 14
E 1975 6 -6 -18
T 1976 43 0 4 0
E 1976 3 -4 -13
E 1976 4 -7 -21
E 1976 5 -9 -29
E 1976 6 -12 -37
T 1977 4 0 4 0
E 1977 0 13 40
E 1977 1 10 32
E 1977 2 8 24
E 1977 3 5 16
T 1978 52 0 5 0
E 1978 2 -5 -16
E 1978 3 -8 -24
E 1978 4 -10 -32
E 1978 5 -13 -40
E 1978 6 -16 -48
T 1979 4 0 5 0
E 1979 0 16 48
E 1979 1 13 40
E 1979 2 10 32
E 1979 3 8 24
E 1979 4 5 16
T 1980 50 0 5 0
E 1980 2 -4 -13
E 1980 3 -7 -21
E 1980 4 -9 -29
E 1980 5 -12 -37
E 1980 6 -15 -45
T 1981 11 0 6 0
E 1981 0 17 53
E 1981 1 15 45
E 1981 2 12 37
E 1981 3 9 29
E 1981 4 7 21
E 1981 5 4 13
T 1982 59 0 6 0
E 1982 1 -4 -13
E 1982 2 -7 -21
E 1982 3 -9 -29
E 1982 4 -12 -37
E 1982 5 -15 -45
E 1982 6 -17 -53
T 1983 14 0 6 0
E 1983 0 18 56
E 1983 1 16 48
E 1983 2 13 40
E 1983 3 10 32
E 1983 4 8 24
E 1983 5 5 16
T 1984 11 0 7 1
E 1984 0 -1 -17
E 1984 1 -2 -25
E 1984 2 -3 -33
E 1984 3 -4 -41
E 1984 4 -5 -49
E 1984 5 -6 -57
E 1984 6 -7 -65
T 1985 34 0 4 0
E 1985 0 5 17
E 1985 4 -5 -15
E 1985 5 -7 -23
E 1985 6 -10 -31
T 1986 13 0 4 0
E 1986 0 11 34
E 1986 1 8 26
E 1986 2 6 18
E 1986 6 -4 -14
T 1987 25 0 4 0
E 1987 0 7 21
E 1987 1 4 13
E 1987 5 -6 -19
E 1987 6 -9 -27
T 1988 25 0 4 0
E 1988 0 7 22
E 1988 1 4 14
E 1988 5 -6 -18
E 1988 6 -8 -26
T 1989 25 0 4 0
E 1989 0 7 21
E 1989 1 4 13
E 1989 5 -6 -19
E 1989 6 -9 -27
T 1990 15 0 4 0
E 1990 0 9 29
E 1990 1 7 21
E 1990 2 4 13
E 1990 6 -6 -19
T 1991 43 0 4 0
E 1991 3 -4 -14
E 1991 4 -7 -22
E 1991 5 -10 -30
E 1991 6 -12 -38
T 1992 4 0 4 0
E 1992 0 13 39
E 1992 1 10 31
E 1992 2 7 23
E 1992 3 5 15
T 1993 50 0 5 0
E 1993 2 -4 -14
E 1993 3 -7 -22
E 1993 4 -10 -30
E 1993 5 -12 -38
E 1993 6 -15 -46
T 1994 4 0 5 0
E 1994 0 16 49
E 1994 1 13 41
E 1994 2 11 33
E 1994 3 8 25
E 1994 4 5 17
T 1995 51 0 5 0
E 1995 2 -5 -15
E 1995 3 -7 -23
E 1995 4 -10 -31
E 1995 5 -13 -39
E 1995 6 -15 -47
T 1996 11 0 6 0
E 1996 0 17 53
E 1996 1 15 45
E 1996 2 12 37
E 1996 3 9 29
E 1996 4 7 21
E 1996 5 4 13
T 1997 61 0 6 0
E 1997 1 -5 -15
E 1997 2 -7 -23
E 1997 3 -10 -31
E 1997 4 -13 -39
E 1997 5 -15 -47
E 1997 6 -18 -55
T 1998 35 0 7 1
E 1998 0 6 61
E 1998 1 5 53
E 1998 2 5 45
E 1998 3 4 37
E 1998 4 3 29
E 1998 5 2 21
E 1998 6 1 13
T 1999 3 0 4 0
E 1999 0 14 42
E 1999 1 11 34
E 1999 2 8 26
E 1999 3 6 18
T 2000 43 0 4 0
E 2000 3 -4 -13
E 2000 4 -7 -21
E 2000 5 -9 -29
E 2000 6 -12 -37
T 2001 5 0 5 0
E 2001 0 16 50
E 2001 1 14 42
E 2001 2 11 34
E 2001 3 8 26
E 2001 4 6 18
T 2002 50 0 5 0
E 2002 2 -4 -14
E 2002 3 -7 -22
E 2002 4 -10 -30
E 2002 5 -12 -38
E 2002 6 -15 -46
T 2003 13 0 6 0
E 2003 0 18 55
E 2003 1 15 47
E 2003 2 13 39
E 2003 3 10 31
E 2003 4 7 23
E 2003 5 5 15
T 2004 59 0 6 0
E 2004 1 -4 -13
E 2004 2 -7 -21
E 2004 3 -9 -29
E 2004 4 -12 -37
E 2004 5 -15 -45
E 2004 6 -17 -53
T 2005 15 0 6 0
E 2005 0 19 57
E 2005 1 16 49
E 2005 2 13 41
E 2005 3 11 33
E 2005 4 8 25
E 2005 5 5 17
T 2006 11 0 7 1
E 2006 0 -2 -20
E 2006 1 -3 -28
E 2006 2 -4 -36
E 2006 3 -4 -44
E 2006 4 -5 -52
E 2006 5 -6 -60
E 2006 6 -7 -68
T 2007 33 0 4 0
E 2007 0 6 18
E 2007 4 -4 -14
E 2007 5 -7 -22
E 2007 6 -10 -30
T 2008 15 0 4 0
E 2008 0 9 29
E 2008 1 7 21
E 2008 2 4 13
E 2008 6 -6 -19
T 2009 25 0 4 0
E 2009 0 7 21
E 2009 1 4 13
E 2009 5 -6 -19
E 2009 6 -9 -27
T 2010 15 0 4 0
E 2010 0 10 30
E 2010 1 7 22
E 2010 2 4 14
E 2010 6 -6 -18
T 2011 34 0 4 0
E 2011 0 5 15
E 2011 4 -5 -17
E 2011 5 -8 -25
E 2011 6 -11 -33
T 2012 14 0 4 0
E 2012 0 11 33
E 2012 1 8 25
E 2012 2 5 17
E 2012 6 -5 -15
T 2013 25 0 4 0
E 2013 0 7 21
E 2013 1 4 13
E 2013 5 -6 -19
E 2013 6 -9 -27
T 2014 25 0 4 0
E 2014 0 7 21
E 2014 1 4 13
E 2014 5 -6 -19
E 2014 6 -9 -27
T 2015 15 0 4 0
E 2015 0 9 29
E 2015 1 7 21
E 2015 2 4 13
E 2015 6 -6 -19
T 2016 33 0 4 0
E 2016 0 6 18
E 2016 4 -4 -14
E 2016 5 -7 -22
E 2016 6 -10 -30
T 2017 12 0 4 0
E 2017 0 9 28
E 2017 1 7 23
E 2017 2 5 15
E 2017 6 -5 -17
T 2018 34 0 3 0
E 2018 4 -6 -19
E 2018 5 -9 -27
E 2018 6 -11 -35
T 2019 7 0 5 0
E 2019 0 12 37
E 2019 1 12 37
E 2019 2 9 29
E 2019 3 7 21
E 2019 4 4 13
T 2020 47 0 6 0
E 2020 0 -4 -14
E 2020 2 -6 -19
E 2020 3 -9 -27
E 2020 4 -11 -35
E 2020 5 -14 -43
E 2020 6 -17 -51
T 2021 23 0 6 0
E 2021 0 14 43
E 2021 1 16 48
E 2021 2 13 40
E 2021 3 10 32
E 2021 4 8 24
E 2021 5 5 16
T 2022 2 0 7 1
E 2022 0 -2 -26
E 2022 1 -2 -21
E 2022 2 -2 -26
E 2022 3 -3 -34
E 2022 4 -4 -42
E 2022 5 -5 -50
E 2022 6 -6 -58
T 2023 21 0 3 0
E 2023 4 -4 -14
E 2023 5 -7 -22
E 2023 6 -10 -30
T 2024 7 0 4 0
E 2024 0 5 16
E 2024 1 7 21
E 2024 2 7 21
E 2024 3 4 13
T 2025 15 0 3 0
E 2025 4 -5 -15
E 2025 5 -7 -23
E 2025 6 -10 -31
T 2026 10 0 4 0
E 2026 0 5 17
E 2026 1 7 22
E 2026 2 9 27
E 2026 3 6 19
T 2027 6 0 2 0
E 2027 5 -6 -20
E 2027 6 -9 -28
T 2028 7 0 3 0
E 2028 1 5 16
E 2028 2 7 21
E 2028 3 6 18
T 2029 2 0 2 0
E 2029 5 -6 -18
E 2029 6 -8 -26
T 2030 1 0 1 0
E 2030 6 -4 -14
T 2031 1 0 1 0
E 2031 6 -5 -15
T 2032 10 0 3 0
E 2032 2 4 14
E 2032 3 6 19
E 2032 4 4 14
T 2033 5 0 1 0
E 2033 6 -4 -13
T 2034 8 0 0 0
T 2035 9 0 0 0
T 2036 12 0 0 0
T 2037 11 0 1 0
E 2037 4 4 13
T 2038 12 0 0 0
T 2039 12 0 0 0
T 2040 12 0 0 0
T 2041 13 0 1 0
E 2041 5 5 17
T 2042 10 0 1 0
E 2042 0 -5 -15
T 2043 11 0 1 0
E 2043 0 -5 -16
T 2044 8 0 2 0
E 2044 0 -6 -18
E 2044 1 -4 -13
T 2045 14 0 2 0
E 2045 0 -5 -15
E 2045 6 4 13
T 2046 14 0 2 0
E 2046 0 -4 -13
E 2046 6 5 17
T 2047 21 0 2 0
E 2047 5 5 16
E 2047 6 7 21
T 2048 8 0 2 0
E 2048 0 -6 -18
E 2048 1 -4 -13
T 2049 24 0 3 0
E 2049 4 5 15
E 2049 5 6 20
E 2049 6 8 25
T 2050 6 0 3 0
E 2050 0 -9 -27
E 2050 1 -7 -22
E 2050 2 -5 -17
T 2051 14 0 2 0
E 2051 0 -4 -13
E 2051 6 5 17
T 2052 16 0 2 0
E 2052 0 -5 -17
E 2052 6 4 13
T 2053 8 0 2 0
E 2053 0 -6 -18
E 2053 1 -4 -13
T 2054 20 0 2 0
E 2054 5 5 17
E 2054 6 7 22
T 2055 15 0 2 0
E 2055 0 -5 -16
E 2055 6 4 14
T 2056 8 0 2 0
E 2056 0 -6 -18
E 2056 1 -4 -13
T 2057 21 0 2 0
E 2057 5 4 14
E 2057 6 6 19
T 2058 6 0 3 0
E 2058 0 -8 -24
E 2058 1 -6 -19
E 2058 2 -4 -14
T 2059 14 0 2 0
E 2059 0 -4 -13
E 2059 6 5 17
T 2060 21 0 2 0
E 2060 5 4 14
E 2060 6 6 19
T 2061 6 0 3 0
E 2061 0 -8 -26
E 2061 1 -7 -21
E 2061 2 -5 -16
T 2062 24 0 3 0
E 2062 4 5 16
E 2062 5 7 21
E 2062 6 8 26
T 2063 1 0 4 0
E 2063 0 -10 -31
E 2063 1 -8 -26
E 2063 2 -7 -21
E 2063 3 -5 -16
T 2064 24 0 3 0
E 2064 4 4 14
E 2064 5 6 19
E 2064 6 8 24
T 2065 9 0 2 0
E 2065 0 -6 -19
E 2065 1 -4 -14
T 2066 19 0 3 0
E 2066 0 -4 -13
E 2066 5 4 13
E 2066 6 6 18
T 2067 7 0 3 0
E 2067 0 -8 -26
E 2067 1 -6 -20
E 2067 2 -5 -15
T 2068 26 0 3 0
E 2068 4 4 14
E 2068 5 6 19
E 2068 6 8 24
T 2069 3 0 4 0
E 2069 0 -11 -33
E 2069 1 -8 -25
E 2069 2 -6 -20
E 2069 3 -5 -15
T 2070 31 0 4 0
E 2070 3 4 13
E 2070 4 6 18
E 2070 5 7 23
E 2070 6 9 28
T 2071 4 0 4 0
E 2071 0 -10 -32
E 2071 1 -8 -24
E 2071 2 -6 -18
E 2071 3 -4 -13
T 2072 28 0 3 0
E 2072 4 5 17
E 2072 5 7 22
E 2072 6 9 27
T 2073 9 0 3 0
E 2073 0 -10 -32
E 2073 1 -8 -24
E 2073 2 -5 -17
T 2074 30 0 3 0
E 2074 4 4 14
E 2074 5 6 19
E 2074 6 8 24
T 2075 9 0 3 0
E 2075 0 -10 -32
E 2075 1 -8 -24
E 2075 2 -5 -16
T 2076 31 0 3 0
E 2076 4 5 17
E 2076 5 7 22
E 2076 6 9 27
T 2077 9 0 3 0
E 2077 0 -10 -32
E 2077 1 -8 -24
E 2077 2 -5 -16
T 2078 23 0 3 0
E 2078 0 -5 -16
E 2078 5 5 17
E 2078 6 7 22
T 2079 9 0 3 0
E 2079 0 -10 -31
E 2079 1 -7 -23
E 2079 2 -5 -15
T 2080 29 0 4 0
E 2080 0 -4 -14
E 2080 4 5 15
E 2080 5 6 20
E 2080 6 8 25
T 2081 16 0 3 0
E 2081 0 -8 -26
E 2081 1 -6 -18
E 2081 6 4 14
T 2082 38 0 4 0
E 2082 3 4 13
E 2082 4 6 19
E 2082 5 8 24
E 2082 6 9 29
T 2083 4 0 4 0
E 2083 0 -13 -40
E 2083 1 -10 -32
E 2083 2 -8 -24
E 2083 3 -5 -16
T 2084 47 0 5 0
E 2084 2 4 13
E 2084 3 7 21
E 2084 4 9 29
E 2084 5 11 34
E 2084 6 13 39
T 2085 4 0 5 0
E 2085 0 -16 -49
E 2085 1 -13 -41
E 2085 2 -11 -33
E 2085 3 -8 -25
E 2085 4 -5 -17
T 2086 49 0 5 0
E 2086 2 5 16
E 2086 3 8 24
E 2086 4 10 32
E 2086 5 12 38
E 2086 6 14 43
T 2087 2 0 5 0
E 2087 0 -15 -45
E 2087 1 -12 -37
E 2087 2 -9 -29
E 2087 3 -7 -21
E 2087 4 -4 -13
T 2088 53 0 5 0
E 2088 2 6 20
E 2088 3 9 28
E 2088 4 12 36
E 2088 5 14 43
E 2088 6 16 48
T 2089 35 0 7 1
E 2089 0 -6 -59
E 2089 1 -5 -51
E 2089 2 -4 -43
E 2089 3 -3 -35
E 2089 4 -3 -27
E 2089 5 -2 -19
E 2089 6 -1 -14
T 2090 9 0 3 0
E 2090 0 -11 -33
E 2090 1 -8 -25
E 2090 2 -5 -17
T 2091 34 0 4 0
E 2091 0 -4 -14
E 2091 4 6 18
E 2091 5 8 26
E 2091 6 10 32
T 2092 9 0 3 0
E 2092 0 -12 -36
E 2092 1 -9 -28
E 2092 2 -6 -20
T 2093 44 0 4 0
E 2093 3 5 17
E 2093 4 8 25
E 2093 5 11 33
E 2093 6 13 40
T 2094 2 0 5 0
E 2094 0 -15 -46
E 2094 1 -12 -38
E 2094 2 -10 -30
E 2094 3 -7 -22
E 2094 4 -4 -14
T 2095 45 0 4 0
E 2095 3 6 19
E 2095 4 9 27
E 2095 5 11 35
E 2095 6 14 43
T 2096 6 0 5 0
E 2096 0 -17 -52
E 2096 1 -14 -44
E 2096 2 -12 -36
E 2096 3 -9 -28
E 2096 4 -6 -20
T 2097 63 0 6 0
E 2097 1 5 17
E 2097 2 8 25
E 2097 3 11 33
E 2097 4 13 41
E 2097 5 16 49
E 2097 6 19 57
T 2098 37 0 7 1
E 2098 0 -7 -70
E 2098 1 -6 -62
E 2098 2 -6 -54
E 2098 3 -5 -46
E 2098 4 -4 -38
E 2098 5 -3 -30
E 2098 6 -2 -22
T 2099 4 0 4 0
E 2099 0 -13 -40
E 2099 1 -10 -32
E 2099 2 -8 -24
E 2099 3 -5 -16
T 2100 44 0 4 0
E 2100 3 5 16
E 2100 4 8 24
E 2100 5 10 32
E 2100 6 13 40
T 2101 5 0 5 0
E 2101 0 -16 -50
E 2101 1 -14 -42
E 2101 2 -11 -34
E 2101 3 -8 -26
E 2101 4 -6 -18
T 2102 50 0 5 0
E 2102 2 4 14
E 2102 3 7 22
E 2102 4 10 30
E 2102 5 12 38
E 2102 6 15 46
T 2103 11 0 6 0
E 2103 0 -17 -53
E 2103 1 -15 -45
E 2103 2 -12 -37
E 2103 3 -9 -29
E 2103 4 -7 -21
E 2103 5 -4 -13
T 2104 59 0 6 0
E 2104 1 4 13
E 2104 2 7 21
E 2104 3 9 29
E 2104 4 12 37
E 2104 5 15 45
E 2104 6 17 53
T 2105 17 0 6 0
E 2105 0 -19 -59
E 2105 1 -17 -51
E 2105 2 -14 -43
E 2105 3 -11 -35
E 2105 4 -9 -27
E 2105 5 -6 -19
T 2106 65 0 6 0
E 2106 1 6 19
E 2106 2 9 27
E 2106 3 11 35
E 2106 4 14 43
E 2106 5 17 51
E 2106 6 19 59
T 2107 35 0 7 1
E 2107 0 -6 -62
E 2107 1 -6 -54
E 2107 2 -5 -46
E 2107 3 -4 -38
E 2107 4 -3 -30
E 2107 5 -2 -22
E 2107 6 -1 -14
T 2108 14 0 4 0
E 2108 0 -11 -33
E 2108 1 -8 -25
E 2108 2 -5 -17
E 2108 6 5 15
T 2109 34 0 4 0
E 2109 0 -5 -17
E 2109 4 5 15
E 2109 5 7 23
E 2109 6 10 31
T 2110 14 0 4 0
E 2110 0 -10 -32
E 2110 1 -8 -24
E 2110 2 -5 -16
E 2110 6 5 16
T 2111 34 0 4 0
E 2111 0 -5 -17
E 2111 4 5 15
E 2111 5 7 23
E 2111 6 10 31
T 2112 14 0 4 0
E 2112 0 -11 -33
E 2112 1 -8 -25
E 2112 2 -5 -17
E 2112 6 5 15
T 2113 35 0 4 0
E 2113 0 -4 -13
E 2113 4 6 19
E 2113 5 9 27
E 2113 6 11 35
T 2114 4 0 4 0
E 2114 0 -13 -40
E 2114 1 -10 -32
E 2114 2 -8 -24
E 2114 3 -5 -16
T 2115 45 0 4 0
E 2115 3 6 20
E 2115 4 9 28
E 2115 5 12 36
E 2115 6 14 44
T 2116 6 0 5 0
E 2116 0 -17 -51
E 2116 1 -14 -43
E 2116 2 -11 -35
E 2116 3 -9 -27
E 2116 4 -6 -19
T 2117 63 0 6 0
E 2117 1 5 17
E 2117 2 8 25
E 2117 3 11 33
E 2117 4 13 41
E 2117 5 16 49
E 2117 6 19 57
T 2118 17 0 6 0
E 2118 0 -19 -59
E 2118 1 -17 -51
E 2118 2 -14 -43
E 2118 3 -11 -35
E 2118 4 -9 -27
E 2118 5 -6 -19
T 2119 11 0 7 1
E 2119 0 2 18
E 2119 1 2 26
E 2119 2 3 34
E 2119 3 4 42
E 2119 4 5 50
E 2119 5 6 58
E 2119 6 7 66
T 2120 43 0 4 0
E 2120 3 4 14
E 2120 4 7 22
E 2120 5 10 30
E 2120 6 12 38
T 2121 4 0 5 0
E 2121 0 -16 -48
E 2121 1 -13 -40
E 2121 2 -10 -32
E 2121 3 -8 -24
E 2121 4 -5 -16
T 2122 62 0 6 0
E 2122 1 5 16
E 2122 2 8 24
E 2122 3 10 32
E 2122 4 13 40
E 2122 5 16 48
E 2122 6 18 56
T 2123 35 0 7 1
E 2123 0 -6 -61
E 2123 1 -5 -53
E 2123 2 -5 -45
E 2123 3 -4 -37
E 2123 4 -3 -29
E 2123 5 -2 -21
E 2123 6 -1 -13
T 2124 14 0 4 0
E 2124 0 -11 -33
E 2124 1 -8 -25
E 2124 2 -5 -17
E 2124 6 5 15
T 2125 25 0 4 0
E 2125 0 -7 -21
E 2125 1 -4 -13
E 2125 5 6 19
E 2125 6 9 27
T 2126 25 0 4 0
E 2126 0 -7 -21
E 2126 1 -4 -13
E 2126 5 6 19
E 2126 6 9 27
T 2127 29 0 3 0
E 2127 0 -6 -20
E 2127 5 6 20
E 2127 6 9 28
T 2128 14 0 4 0
E 2128 0 -11 -33
E 2128 1 -8 -25
E 2128 2 -5 -17
E 2128 6 5 15
T 2129 25 0 4 0
E 2129 0 -7 -22
E 2129 1 -4 -14
E 2129 5 6 18
E 2129 6 8 26
T 2130 29 0 3 0
E 2130 0 -6 -20
E 2130 5 6 20
E 2130 6 9 28
T 2131 5 0 4 0
E 2131 0 -12 -37
E 2131 1 -9 -29
E 2131 2 -7 -21
E 2131 3 -4 -13
T 2132 44 0 4 0
E 2132 3 5 15
E 2132 4 7 23
E 2132 5 10 31
E 2132 6 13 39
T 2133 2 0 5 0
E 2133 0 -15 -45
E 2133 1 -12 -37
E 2133 2 -9 -29
E 2133 3 -7 -21
E 2133 4 -4 -13
T 2134 51 0 5 0
E 2134 2 5 15
E 2134 3 7 23
E 2134 4 10 31
E 2134 5 13 39
E 2134 6 15 47
T 2135 3 0 5 0
E 2135 0 -15 -47
E 2135 1 -13 -39
E 2135 2 -10 -31
E 2135 3 -7 -23
E 2135 4 -5 -15
T 2136 51 0 5 0
E 2136 2 5 15
E 2136 3 7 23
E 2136 4 10 31
E 2136 5 13 39
E 2136 6 15 47
T 2137 14 0 6 0
E 2137 0 -18 -56
E 2137 1 -16 -48
E 2137 2 -13 -40
E 2137 3 -10 -32
E 2137 4 -8 -24
E 2137 5 -5 -16
T 2138 12 0 7 1
E 2138 0 1 16
E 2138 1 2 24
E 2138 2 3 32
E 2138 3 4 40
E 2138 4 5 48
E 2138 5 6 56
E 2138 6 7 64
T 2139 34 0 4 0
E 2139 0 -5 -15
E 2139 4 5 17
E 2139 5 8 25
E 2139 6 11 33
T 2140 13 0 4 0
E 2140 0 -11 -35
E 2140 1 -9 -27
E 2140 2 -6 -19
E 2140 6 4 13
T 2141 34 0 4 0
E 2141 0 -5 -17
E 2141 4 5 15
E 2141 5 7 23
E 2141 6 10 31
T 2142 4 0 4 0
E 2142 0 -13 -40
E 2142 1 -10 -32
E 2142 2 -8 -24
E 2142 3 -5 -16
T 2143 51 0 5 0
E 2143 2 5 15
E 2143 3 7 23
E 2143 4 10 31
E 2143 5 13 39
E 2143 6 15 47
T 2144 17 0 6 0
E 2144 0 -19 -59
E 2144 1 -17 -51
E 2144 2 -14 -43
E 2144 3 -11 -35
E 2144 4 -9 -27
E 2144 5 -6 -19
T 2145 66 0 6 0
E 2145 1 6 20
E 2145 2 9 28
E 2145 3 12 36
E 2145 4 14 44
E 2145 5 17 52
E 2145 6 20 60
T 2146 37 0 7 1
E 2146 0 -7 -65
E 2146 1 -6 -57
E 2146 2 -5 -49
E 2146 3 -4 -41
E 2146 4 -3 -33
E 2146 5 -2 -25
E 2146 6 -1 -17
T 2147 9 0 3 0
E 2147 0 -12 -36
E 2147 1 -9 -28
E 2147 2 -6 -20
T 2148 43 0 4 0
E 2148 3 4 14
E 2148 4 7 22
E 2148 5 10 30
E 2148 6 12 38
T 2149 5 0 5 0
E 2149 0 -16 -50
E 2149 1 -14 -42
E 2149 2 -11 -34
E 2149 3 -8 -26
E 2149 4 -6 -18
T 2150 59 0 6 0
E 2150 1 4 13
E 2150 2 7 21
E 2150 3 9 29
E 2150 4 12 37
E 2150 5 15 45
E 2150 6 17 53
T 2151 35 0 7 1
E 2151 0 -7 -63
E 2151 1 -6 -55
E 2151 2 -5 -47
E 2151 3 -4 -39
E 2151 4 -3 -31
E 2151 5 -2 -23
E 2151 6 -1 -15
T 2152 5 0 4 0
E 2152 0 -12 -37
E 2152 1 -9 -29
E 2152 2 -7 -21
E 2152 3 -4 -13
T 2153 50 0 5 0
E 2153 2 4 13
E 2153 3 7 21
E 2153 4 9 29
E 2153 5 12 37
E 2153 6 15 45
T 2154 11 0 6 0
E 2154 0 -17 -53
E 2154 1 -15 -45
E 2154 2 -12 -37
E 2154 3 -9 -29
E 2154 4 -7 -21
E 2154 5 -4 -13
T 2155 62 0 6 0
E 2155 1 5 16
E 2155 2 8 24
E 2155 3 10 32
E 2155 4 13 40
E 2155 5 16 48
E 2155 6 18 56
T 2156 37 0 7 1
E 2156 0 -7 -68
E 2156 1 -6 -60
E 2156 2 -5 -52
E 2156 3 -4 -44
E 2156 4 -4 -36
E 2156 5 -3 -28
E 2156 6 -2 -20
T 2157 5 0 4 0
E 2157 0 -12 -38
E 2157 1 -10 -30
E 2157 2 -7 -22
E 2157 3 -4 -14
T 2158 45 0 4 0
E 2158 3 6 18
E 2158 4 8 26
E 2158 5 11 34
E 2158 6 14 42
T 2159 4 0 4 0
E 2159 0 -13 -41
E 2159 1 -11 -33
E 2159 2 -8 -25
E 2159 3 -5 -17
T 2160 11 0 5 0
E 2160 0 14 44
E 2160 3 6 20
E 2160 4 9 28
E 2160 5 12 36
E 2160 6 14 44
T 2161 8 0 7 1
E 2161 0 -1 -14
E 2161 1 -6 -57
E 2161 2 -5 -49
E 2161 3 -4 -41
E 2161 4 -3 -33
E 2161 5 -2 -25
E 2161 6 -1 -17
T 2162 32 0 4 0
E 2162 0 5 16
E 2162 1 -10 -30
E 2162 2 -7 -22
E 2162 3 -4 -14
T 2163 5 0 4 0
E 2163 0 13 39
E 2163 4 4 14
E 2163 5 7 22
E 2163 6 10 30
T 2164 57 0 5 0
E 2164 1 -16 -49
E 2164 2 -13 -41
E 2164 3 -11 -33
E 2164 4 -8 -25
E 2164 5 -5 -17
T 2165 14 0 6 0
E 2165 0 18 56
E 2165 1 16 48
E 2165 3 5 16
E 2165 4 8 24
E 2165 5 10 32
E 2165 6 13 40
T 2166 13 0 7 1
E 2166 0 -2 -18
E 2166 1 -2 -26
E 2166 2 -7 -69
E 2166 3 -6 -61
E 2166 4 -5 -53
E 2166 5 -5 -45
E 2166 6 -4 -37
T 2167 51 0 4 0
E 2167 2 -14 -43
E 2167 3 -11 -35
E 2167 4 -9 -27
E 2167 5 -6 -19
T 2168 1 0 5 0
E 2168 0 18 54
E 2168 1 15 46
E 2168 4 4 13
E 2168 5 7 21
E 2168 6 9 29
T 2169 74 0 5 0
E 2169 2 -20 -62
E 2169 3 -18 -54
E 2169 4 -15 -46
E 2169 5 -12 -38
E 2169 6 -10 -30
T 2170 42 0 7 1
E 2170 0 8 75
E 2170 1 7 67
E 2170 2 6 59
E 2170 3 2 19
E 2170 4 3 27
E 2170 5 3 35
E 2170 6 4 43
T 2171 15 0 4 0
E 2171 0 13 40
E 2171 1 10 32
E 2171 2 8 24
E 2171 3 -6 -19
T 2172 53 0 5 0
E 2172 0 6 19
E 2172 3 -14 -43
E 2172 4 -11 -35
E 2172 5 -9 -27
E 2172 6 -6 -19
T 2173 3 0 4 0
E 2173 0 20 60
E 2173 1 17 52
E 2173 2 14 44
E 2173 6 6 19
T 2174 73 0 4 0
E 2174 3 -21 -63
E 2174 4 -18 -55
E 2174 5 -15 -47
E 2174 6 -13 -39
T 2175 20 0 6 0
E 2175 0 24 73
E 2175 1 21 65
E 2175 2 19 57
E 2175 3 16 49
E 2175 5 5 17
E 2175 6 8 25
T 2176 18 0 7 1
E 2176 0 -2 -22
E 2176 1 -3 -30
E 2176 2 -4 -38
E 2176 3 -5 -46
E 2176 4 -9 -89
E 2176 5 -9 -81
E 2176 6 -8 -73
T 2177 57 0 4 0
E 2177 0 4 14
E 2177 4 -18 -56
E 2177 5 -16 -48
E 2177 6 -13 -40
T 2178 4 0 5 0
E 2178 0 18 56
E 2178 1 16 48
E 2178 2 13 40
E 2178 3 10 32
E 2178 4 -5 -17
T 2179 80 0 5 0
E 2179 2 -5 -15
E 2179 3 -7 -23
E 2179 4 -25 -76
E 2179 5 -22 -68
E 2179 6 -20 -60
T 2180 27 0 6 0
E 2180 0 25 77
E 2180 1 23 69
E 2180 2 20 61
E 2180 3 17 53
E 2180 4 15 45
E 2180 6 4 13
T 2181 15 0 7 1
E 2181 0 -2 -26
E 2181 1 -3 -34
E 2181 2 -4 -42
E 2181 3 -5 -50
E 2181 4 -6 -58
E 2181 5 -11 -101
E 2181 6 -10 -93
T 2182 54 0 4 0
E 2182 0 5 17
E 2182 4 -5 -15
E 2182 5 -20 -61
E 2182 6 -17 -53
T 2183 41 0 7 1
E 2183 0 6 58
E 2183 1 5 50
E 2183 2 4 42
E 2183 3 3 34
E 2183 4 2 26
E 2183 5 -2 -23
E 2183 6 -1 -15
T 2184 33 0 6 0
E 2184 0 12 38
E 2184 1 10 30
E 2184 2 7 22
E 2184 3 4 14
E 2184 5 -15 -47
E 2184 6 -13 -39
T 2185 24 0 4 0
E 2185 0 11 34
E 2185 1 8 26
E 2185 2 6 18
E 2185 6 -15 -46
T 2186 45 0 4 0
E 2186 0 6 19
E 2186 4 -4 -13
E 2186 5 -7 -21
E 2186 6 -21 -64
T 2187 11 0 6 0
E 2187 0 15 45
E 2187 1 12 37
E 2187 2 9 29
E 2187 3 7 21
E 2187 4 4 13
E 2187 6 -13 -41
T 2188 49 0 4 0
E 2188 0 4 14
E 2188 4 -6 -18
E 2188 5 -8 -26
E 2188 6 -25 -75
T 2189 40 0 7 1
E 2189 0 6 57
E 2189 1 5 49
E 2189 2 4 41
E 2189 3 3 33
E 2189 4 2 25
E 2189 5 1 17
E 2189 6 -4 -36
T 2190 4 0 5 0
E 2190 0 16 48
E 2190 1 13 40
E 2190 2 10 32
E 2190 3 8 24
E 2190 4 5 16
T 2191 54 0 5 0
E 2191 2 -6 -19
E 2191 3 -9 -27
E 2191 4 -11 -35
E 2191 5 -14 -43
E 2191 6 -17 -51
T 2192 12 0 6 0
E 2192 0 18 54
E 2192 1 15 46
E 2192 2 12 38
E 2192 3 10 30
E 2192 4 7 22
E 2192 5 4 14
T 2193 60 0 6 0
E 2193 1 -4 -14
E 2193 2 -7 -22
E 2193 3 -10 -30
E 2193 4 -12 -38
E 2193 5 -15 -46
E 2193 6 -18 -54
T 2194 37 0 7 1
E 2194 0 7 67
E 2194 1 6 59
E 2194 2 5 51
E 2194 3 4 43
E 2194 4 3 35
E 2194 5 3 27
E 2194 6 2 19
T 2195 4 0 4 0
E 2195 0 13 40
E 2195 1 10 32
E 2195 2 8 24
E 2195 3 5 16
T 2196 52 0 5 0
E 2196 2 -5 -17
E 2196 3 -8 -25
E 2196 4 -11 -33
E 2196 5 -13 -41
E 2196 6 -16 -49
T 2197 6 0 5 0
E 2197 0 17 51
E 2197 1 14 43
E 2197 2 11 35
E 2197 3 9 27
E 2197 4 6 19
T 2198 61 0 6 0
E 2198 1 -5 -15
E 2198 2 -7 -23
E 2198 3 -10 -31
E 2198 4 -13 -39
E 2198 5 -15 -47
E 2198 6 -18 -55
T 2199 35 0 7 1
E 2199 0 6 61
E 2199 1 5 53
E 2199 2 5 45
E 2199 3 4 37
E 2199 4 3 29
E 2199 5 2 21
E 2199 6 1 13
T 2200 13 0 4 0
E 2200 0 11 34
E 2200 1 8 26
E 2200 2 6 18
E 2200 6 -4 -14
T 2201 33 0 4 0
E 2201 0 6 18
E 2201 4 -4 -14
E 2201 5 -7 -22
E 2201 6 -10 -30
T 2202 4 0 4 0
E 2202 0 13 40
E 2202 1 10 32
E 2202 2 8 24
E 2202 3 5 16
T 2203 50 0 5 0
E 2203 2 -4 -13
E 2203 3 -7 -21
E 2203 4 -9 -29
E 2203 5 -12 -37
E 2203 6 -15 -45
T 2204 3 0 5 0
E 2204 0 15 47
E 2204 1 13 39
E 2204 2 10 31
E 2204 3 7 23
E 2204 4 5 15
T 2205 60 0 6 0
E 2205 1 -4 -14
E 2205 2 -7 -22
E 2205 3 -10 -30
E 2205 4 -12 -38
E 2205 5 -15 -46
E 2205 6 -18 -54
T 2206 36 0 7 1
E 2206 0 7 64
E 2206 1 6 56
E 2206 2 5 48
E 2206 3 4 40
E 2206 4 3 32
E 2206 5 2 24
E 2206 6 1 16
T 2207 13 0 4 0
E 2207 0 11 35
E 2207 1 9 27
E 2207 2 6 19
E 2207 6 -4 -13
T 2208 35 0 4 0
E 2208 0 4 13
E 2208 4 -6 -19
E 2208 5 -9 -27
E 2208 6 -11 -35
T 2209 3 0 4 0
E 2209 0 14 42
E 2209 1 11 34
E 2209 2 8 26
E 2209 3 6 18
T 2210 52 0 5 0
E 2210 2 -5 -17
E 2210 3 -8 -25
E 2210 4 -11 -33
E 2210 5 -13 -41
E 2210 6 -16 -49
T 2211 3 0 5 0
E 2211 0 15 47
E 2211 1 13 39
E 2211 2 10 31
E 2211 3 7 23
E 2211 4 5 15
T 2212 50 0 5 0
E 2212 2 -4 -14
E 2212 3 -7 -22
E 2212 4 -10 -30
E 2212 5 -12 -38
E 2212 6 -15 -46
T 2213 2 0 5 0
E 2213 0 15 46
E 2213 1 12 38
E 2213 2 10 30
E 2213 3 7 22
E 2213 4 4 14
T 2214 54 0 5 0
E 2214 2 -6 -20
E 2214 3 -9 -28
E 2214 4 -12 -36
E 2214 5 -14 -44
E 2214 6 -17 -52
T 2215 5 0 5 0
E 2215 0 16 50
E 2215 1 14 42
E 2215 2 11 34
E 2215 3 8 26
E 2215 4 6 18
T 2216 60 0 6 0
E 2216 1 -4 -14
E 2216 2 -7 -22
E 2216 3 -10 -30
E 2216 4 -12 -38
E 2216 5 -15 -46
E 2216 6 -18 -54
T 2217 15 0 6 0
E 2217 0 19 57
E 2217 1 16 49
E 2217 2 13 41
E 2217 3 11 33
E 2217 4 8 25
E 2217 5 5 17
T 2218 62 0 6 0
E 2218 1 -5 -16
E 2218 2 -8 -24
E 2218 3 -10 -32
E 2218 4 -13 -40
E 2218 5 -16 -48
E 2218 6 -18 -56
T 2219 16 0 6 0
E 2219 0 19 58
E 2219 1 16 50
E 2219 2 14 42
E 2219 3 11 34
E 2219 4 8 26
E 2219 5 6 18
T 2220 12 0 7 1
E 2220 0 -1 -16
E 2220 1 -2 -24
E 2220 2 -3 -32
E 2220 3 -4 -40
E 2220 4 -5 -48
E 2220 5 -6 -56
E 2220 6 -7 -64
T 2221 34 0 4 0
E 2221 0 5 17
E 2221 4 -5 -15
E 2221 5 -7 -23
E 2221 6 -10 -31
T 2222 4 0 4 0
E 2222 0 13 39
E 2222 1 10 31
E 2222 2 7 23
E 2222 3 5 15
T 2223 50 0 5 0
E 2223 2 -4 -14
E 2223 3 -7 -22
E 2223 4 -10 -30
E 2223 5 -12 -38
E 2223 6 -15 -46
T 2224 11 0 6 0
E 2224 0 17 53
E 2224 1 15 45
E 2224 2 12 37
E 2224 3 9 29
E 2224 4 7 21
E 2224 5 4 13
T 2225 13 0 7 1
E 2225 0 -1 -14
E 2225 1 -2 -22
E 2225 2 -3 -30
E 2225 3 -4 -38
E 2225 4 -5 -46
E 2225 5 -6 -54
E 2225 6 -6 -62
T 2226 33 0 4 0
E 2226 0 6 18
E 2226 4 -4 -14
E 2226 5 -7 -22
E 2226 6 -10 -30
T 2227 5 0 4 0
E 2227 0 12 37
E 2227 1 9 29
E 2227 2 7 21
E 2227 3 4 13
T 2228 45 0 4 0
E 2228 3 -6 -18
E 2228 4 -8 -26
E 2228 5 -11 -34
E 2228 6 -14 -42
T 2229 3 0 4 0
E 2229 0 14 43
E 2229 1 11 35
E 2229 2 9 27
E 2229 3 6 19
T 2230 50 0 5 0
E 2230 2 -4 -13
E 2230 3 -7 -21
E 2230 4 -9 -29
E 2230 5 -12 -37
E 2230 6 -15 -45
T 2231 6 0 5 0
E 2231 0 17 52
E 2231 1 14 44
E 2231 2 12 36
E 2231 3 9 28
E 2231 4 6 20
T 2232 63 0 6 0
E 2232 1 -5 -17
E 2232 2 -8 -25
E 2232 3 -11 -33
E 2232 4 -13 -41
E 2232 5 -16 -49
E 2232 6 -19 -57
T 2233 37 0 7 1
E 2233 0 7 66
E 2233 1 6 58
E 2233 2 5 50
E 2233 3 4 42
E 2233 4 3 34
E 2233 5 2 26
E 2233 6 2 18
T 2234 13 0 4 0
E 2234 0 11 35
E 2234 1 9 27
E 2234 2 6 19
E 2234 6 -4 -13
T 2235 29 0 3 0
E 2235 0 6 20
E 2235 5 -6 -20
E 2235 6 -9 -28
T 2236 23 0 4 0
E 2236 0 9 27
E 2236 1 6 19
E 2236 5 -4 -13
E 2236 6 -7 -21
T 2237 25 0 4 0
E 2237 0 7 22
E 2237 1 4 14
E 2237 5 -6 -18
E 2237 6 -8 -26
T 2238 23 0 4 0
E 2238 0 8 26
E 2238 1 6 18
E 2238 5 -4 -14
E 2238 6 -7 -22
T 2239 25 0 4 0
E 2239 0 7 22
E 2239 1 4 14
E 2239 5 -6 -18
E 2239 6 -8 -26
T 2240 24 0 4 0
E 2240 0 7 23
E 2240 1 5 15
E 2240 5 -5 -17
E 2240 6 -8 -25
T 2241 25 0 4 0
E 2241 0 7 22
E 2241 1 4 14
E 2241 5 -6 -18
E 2241 6 -8 -26
T 2242 14 0 4 0
E 2242 0 10 31
E 2242 1 7 23
E 2242 2 5 15
E 2242 6 -5 -17
T 2243 29 0 3 0
E 2243 0 6 20
E 2243 5 -6 -20
E 2243 6 -9 -28
T 2244 9 0 3 0
E 2244 0 12 36
E 2244 1 9 28
E 2244 2 6 20
T 2245 34 0 4 0
E 2245 0 5 16
E 2245 4 -5 -16
E 2245 5 -8 -24
E 2245 6 -10 -32
T 2246 4 0 4 0
E 2246 0 13 39
E 2246 1 10 31
E 2246 2 7 23
E 2246 3 5 15
T 2247 43 0 4 0
E 2247 3 -4 -14
E 2247 4 -7 -22
E 2247 5 -10 -30
E 2247 6 -12 -38
T 2248 4 0 4 0
E 2248 0 13 40
E 2248 1 10 32
E 2248 2 8 24
E 2248 3 5 16
T 2249 39 0 3 0
E 2249 4 -6 -20
E 2249 5 -9 -28
E 2249 6 -12 -36
T 2250 5 0 4 0
E 2250 0 12 37
E 2250 1 9 29
E 2250 2 7 21
E 2250 3 4 13
T 2251 45 0 4 0
E 2251 3 -6 -20
E 2251 4 -9 -28
E 2251 5 -12 -36
E 2251 6 -14 -44
T 2252 5 0 5 0
E 2252 0 16 50
E 2252 1 14 42
E 2252 2 11 34
E 2252 3 8 26
E 2252 4 6 18
T 2253 61 0 6 0
E 2253 1 -5 -15
E 2253 2 -7 -23
E 2253 3 -10 -31
E 2253 4 -13 -39
E 2253 5 -15 -47
E 2253 6 -18 -55
T 2254 35 0 7 1
E 2254 0 6 61
E 2254 1 5 53
E 2254 2 5 45
E 2254 3 4 37
E 2254 4 3 29
E 2254 5 2 21
E 2254 6 1 13
T 2255 13 0 4 0
E 2255 0 11 34
E 2255 1 8 26
E 2255 2 6 18
E 2255 6 -4 -14
T 2256 43 0 4 0
E 2256 3 -4 -14
E 2256 4 -7 -22
E 2256 5 -10 -30
E 2256 6 -12 -38
T 2257 1 0 4 0
E 2257 0 13 39
E 2257 1 11 34
E 2257 2 8 26
E 2257 3 6 18
T 2258 45 0 5 0
E 2258 2 -4 -13
E 2258 3 -7 -21
E 2258 4 -9 -29
E 2258 5 -12 -37
E 2258 6 -15 -45
T 2259 21 0 6 0
E 2259 0 16 50
E 2259 1 16 50
E 2259 2 14 42
E 2259 3 11 34
E 2259 4 8 26
E 2259 5 6 18
T 2260 5 0 7 1
E 2260 0 -2 -18
E 2260 1 -1 -15
E 2260 2 -2 -23
E 2260 3 -3 -31
E 2260 4 -4 -39
E 2260 5 -5 -47
E 2260 6 -6 -55
T 2261 26 0 3 0
E 2261 4 -4 -13
E 2261 5 -7 -21
E 2261 6 -9 -29
T 2262 11 0 5 0
E 2262 0 9 29
E 2262 1 11 34
E 2262 2 9 29
E 2262 3 7 21
E 2262 4 4 13
T 2263 26 0 4 0
E 2263 3 -5 -17
E 2263 4 -8 -25
E 2263 5 -11 -33
E 2263 6 -13 -41
T 2264 17 0 5 0
E 2264 0 10 30
E 2264 1 11 35
E 2264 2 11 35
E 2264 3 9 27
E 2264 4 6 19
T 2265 25 0 5 0
E 2265 0 -5 -17
E 2265 3 -5 -17
E 2265 4 -8 -25
E 2265 5 -11 -33
E 2265 6 -13 -41
T 2266 15 0 5 0
E 2266 0 6 20
E 2266 1 8 25
E 2266 2 10 30
E 2266 3 7 22
E 2266 4 4 14
T 2267 14 0 4 0
E 2267 0 -4 -13
E 2267 4 -5 -16
E 2267 5 -8 -24
E 2267 6 -10 -32
T 2268 16 0 5 0
E 2268 0 5 16
E 2268 1 7 21
E 2268 2 8 26
E 2268 3 7 23
E 2268 4 5 15
T 2269 2 0 2 0
E 2269 5 -6 -18
E 2269 6 -8 -26
T 2270 1 0 1 0
E 2270 6 -4 -14
T 2271 0 0 1 0
E 2271 6 -4 -13
T 2272 5 0 0 0
T 2273 5 0 1 0
E 2273 6 -4 -13
T 2274 5 0 0 0
T 2275 9 0 1 0
E 2275 4 4 13
T 2276 9 0 0 0
T 2277 11 0 0 0
T 2278 12 0 1 0
E 2278 0 -5 -17
T 2279 10 0 1 0
E 2279 0 -5 -15
T 2280 13 0 1 0
E 2280 5 4 14
T 2281 15 0 1 0
E 2281 5 4 14
T 2282 11 0 1 0
E 2282 0 -5 -16
T 2283 9 0 1 0
E 2283 0 -4 -13
T 2284 20 0 2 0
E 2284 5 4 13
E 2284 6 4 13
T 2285 6 0 3 0
E 2285 0 -8 -25
E 2285 1 -6 -20
E 2285 2 -5 -15
T 2286 28 0 4 0
E 2286 3 4 13
E 2286 4 6 18
E 2286 5 7 23
E 2286 6 9 28
T 2287 5 0 5 0
E 2287 0 -11 -35
E 2287 1 -10 -30
E 2287 2 -8 -25
E 2287 3 -6 -20
E 2287 4 -5 -15
T 2288 36 0 5 0
E 2288 2 5 17
E 2288 3 7 22
E 2288 4 9 27
E 2288 5 10 32
E 2288 6 12 37
T 2289 1 0 4 0
E 2289 0 -10 -31
E 2289 1 -8 -26
E 2289 2 -7 -21
E 2289 3 -5 -16
T 2290 24 0 3 0
E 2290 4 4 14
E 2290 5 6 19
E 2290 6 8 24
T 2291 9 0 2 0
E 2291 0 -6 -19
E 2291 1 -4 -14
T 2292 20 0 2 0
E 2292 5 5 17
E 2292 6 7 22
T 2293 6 0 3 0
E 2293 0 -9 -27
E 2293 1 -7 -22
E 2293 2 -5 -17
T 2294 28 0 4 0
E 2294 3 4 14
E 2294 4 6 19
E 2294 5 8 24
E 2294 6 9 29
T 2295 6 0 3 0
E 2295 0 -9 -27
E 2295 1 -7 -22
E 2295 2 -5 -17
T 2296 20 0 2 0
E 2296 5 5 17
E 2296 6 7 22
T 2297 15 1 2 0
E 2297 0 -5 -15
E 2297 6 5 15
T 2298 9 0 2 0
E 2298 0 -6 -20
E 2298 1 -5 -15
T 2299 24 0 3 0
E 2299 4 4 14
E 2299 5 6 19
E 2299 6 8 24
T 2300 1 0 4 0
E 2300 0 -10 -30
E 2300 1 -8 -25
E 2300 2 -6 -20
E 2300 3 -5 -15
T 2301 34 0 5 0
E 2301 2 4 13
E 2301 3 6 18
E 2301 4 7 23
E 2301 5 9 28
E 2301 6 11 33
T 2302 14 0 6 0
E 2302 0 -13 -41
E 2302 1 -12 -36
E 2302 2 -10 -31
E 2302 3 -8 -26
E 2302 4 -7 -21
E 2302 5 -5 -16
T 2303 6 0 7 1
E 2303 0 1 13
E 2303 1 2 18
E 2303 2 2 23
E 2303 3 3 28
E 2303 4 3 33
E 2303 5 4 38
E 2303 6 4 43
T 2304 21 0 2 0
E 2304 5 5 16
E 2304 6 7 21
T 2305 2 0 4 0
E 2305 0 -9 -28
E 2305 1 -7 -23
E 2305 2 -6 -18
E 2305 3 -4 -13
T 2306 25 0 3 0
E 2306 4 5 15
E 2306 5 6 20
E 2306 6 8 25
T 2307 6 0 3 0
E 2307 0 -9 -27
E 2307 1 -7 -21
E 2307 2 -5 -16
T 2308 22 0 2 0
E 2308 5 5 17
E 2308 6 7 22
T 2309 8 0 3 0
E 2309 0 -9 -27
E 2309 1 -6 -19
E 2309 2 -4 -14
T 2310 27 0 3 0
E 2310 4 5 15
E 2310 5 6 20
E 2310 6 8 25
T 2311 8 0 3 0
E 2311 0 -10 -30
E 2311 1 -7 -22
E 2311 2 -5 -16
T 2312 33 0 4 0
E 2312 3 5 15
E 2312 4 6 20
E 2312 5 8 25
E 2312 6 10 30
T 2313 9 0 3 0
E 2313 0 -9 -29
E 2313 1 -7 -21
E 2313 2 -4 -14
T 2314 22 0 3 0
E 2314 0 -5 -15
E 2314 5 5 16
E 2314 6 7 21
T 2315 12 0 2 0
E 2315 0 -8 -26
E 2315 1 -6 -18
T 2316 23 0 3 0
E 2316 0 -5 -17
E 2316 5 5 15
E 2316 6 6 20
T 2317 15 0 3 0
E 2317 0 -7 -23
E 2317 1 -5 -15
E 2317 6 4 14
T 2318 28 0 4 0
E 2318 0 -4 -13
E 2318 4 5 15
E 2318 5 6 20
E 2318 6 8 25
T 2319 9 0 3 0
E 2319 0 -11 -33
E 2319 1 -8 -25
E 2319 2 -5 -17
T 2320 37 0 4 0
E 2320 3 4 14
E 2320 4 6 19
E 2320 5 8 24
E 2320 6 9 29
T 2321 3 0 5 0
E 2321 0 -15 -45
E 2321 1 -12 -37
E 2321 2 -9 -29
E 2321 3 -7 -21
E 2321 4 -5 -15
T 2322 55 0 6 0
E 2322 1 4 14
E 2322 2 7 22
E 2322 3 10 30
E 2322 4 12 36
E 2322 5 13 41
E 2322 6 15 46
T 2323 34 0 7 1
E 2323 0 -6 -62
E 2323 1 -6 -54
E 2323 2 -5 -46
E 2323 3 -4 -38
E 2323 4 -3 -31
E 2323 5 -2 -26
E 2323 6 -2 -21
T 2324 9 0 3 0
E 2324 0 -11 -35
E 2324 1 -9 -27
E 2324 2 -6 -19
T 2325 41 0 4 0
E 2325 3 5 15
E 2325 4 7 23
E 2325 5 9 28
E 2325 6 11 33
T 2326 4 0 4 0
E 2326 0 -13 -41
E 2326 1 -11 -33
E 2326 2 -8 -25
E 2326 3 -5 -17
T 2327 43 0 4 0
E 2327 3 6 19
E 2327 4 9 27
E 2327 5 11 33
E 2327 6 12 38
T 2328 2 0 5 0
E 2328 0 -15 -45
E 2328 1 -12 -37
E 2328 2 -9 -29
E 2328 3 -7 -21
E 2328 4 -4 -13
T 2329 59 0 6 0
E 2329 1 4 14
E 2329 2 7 22
E 2329 3 10 30
E 2329 4 12 38
E 2329 5 15 46
E 2329 6 17 51
T 2330 35 0 7 1
E 2330 0 -7 -64
E 2330 1 -6 -56
E 2330 2 -5 -48
E 2330 3 -4 -40
E 2330 4 -3 -32
E 2330 5 -2 -24
E 2330 6 -2 -19
T 2331 4 0 4 0
E 2331 0 -13 -39
E 2331 1 -10 -31
E 2331 2 -7 -23
E 2331 3 -5 -15
T 2332 43 0 4 0
E 2332 3 5 16
E 2332 4 8 24
E 2332 5 10 32
E 2332 6 12 38
T 2333 4 0 4 0
E 2333 0 -13 -41
E 2333 1 -11 -33
E 2333 2 -8 -25
E 2333 3 -5 -17
T 2334 45 0 4 0
E 2334 3 6 18
E 2334 4 8 26
E 2334 5 11 34
E 2334 6 14 42
T 2335 2 0 5 0
E 2335 0 -15 -45
E 2335 1 -12 -37
E 2335 2 -9 -29
E 2335 3 -7 -21
E 2335 4 -4 -13
T 2336 59 0 6 0
E 2336 1 4 13
E 2336 2 7 21
E 2336 3 9 29
E 2336 4 12 37
E 2336 5 15 45
E 2336 6 17 53
T 2337 35 0 7 1
E 2337 0 -7 -63
E 2337 1 -6 -55
E 2337 2 -5 -47
E 2337 3 -4 -39
E 2337 4 -3 -31
E 2337 5 -2 -23
E 2337 6 -1 -15
T 2338 13 0 4 0
E 2338 0 -11 -35
E 2338 1 -9 -27
E 2338 2 -6 -19
E 2338 6 4 13
T 2339 39 0 3 0
E 2339 4 6 20
E 2339 5 9 28
E 2339 6 12 36
T 2340 3 0 4 0
E 2340 0 -14 -43
E 2340 1 -11 -35
E 2340 2 -9 -27
E 2340 3 -6 -19
T 2341 51 0 5 0
E 2341 2 5 15
E 2341 3 7 23
E 2341 4 10 31
E 2341 5 13 39
E 2341 6 15 47
T 2342 5 0 5 0
E 2342 0 -16 -50
E 2342 1 -14 -42
E 2342 2 -11 -34
E 2342 3 -8 -26
E 2342 4 -6 -18
T 2343 50 0 5 0
E 2343 2 4 13
E 2343 3 7 21
E 2343 4 9 29
E 2343 5 12 37
E 2343 6 15 45
T 2344 4 0 5 0
E 2344 0 -16 -48
E 2344 1 -13 -40
E 2344 2 -10 -32
E 2344 3 -8 -24
E 2344 4 -5 -16
T 2345 51 0 5 0
E 2345 2 5 15
E 2345 3 7 23
E 2345 4 10 31
E 2345 5 13 39
E 2345 6 15 47
T 2346 13 0 6 0
E 2346 0 -18 -55
E 2346 1 -15 -47
E 2346 2 -13 -39
E 2346 3 -10 -31
E 2346 4 -7 -23
E 2346 5 -5 -15
T 2347 60 0 6 0
E 2347 1 4 14
E 2347 2 7 22
E 2347 3 10 30
E 2347 4 12 38
E 2347 5 15 46
E 2347 6 18 54
T 2348 35 0 7 1
E 2348 0 -7 -63
E 2348 1 -6 -55
E 2348 2 -5 -47
E 2348 3 -4 -39
E 2348 4 -3 -31
E 2348 5 -2 -23
E 2348 6 -1 -15
T 2349 3 0 4 0
E 2349 0 -14 -43
E 2349 1 -11 -35
E 2349 2 -9 -27
E 2349 3 -6 -19
T 2350 45 0 4 0
E 2350 3 6 18
E 2350 4 8 26
E 2350 5 11 34
E 2350 6 14 42
T 2351 3 0 4 0
E 2351 0 -14 -44
E 2351 1 -12 -36
E 2351 2 -9 -28
E 2351 3 -6 -20
T 2352 44 0 4 0
E 2352 3 5 17
E 2352 4 8 25
E 2352 5 11 33
E 2352 6 13 41
T 2353 4 0 4 0
E 2353 0 -13 -41
E 2353 1 -11 -33
E 2353 2 -8 -25
E 2353 3 -5 -17
T 2354 39 0 3 0
E 2354 4 6 20
E 2354 5 9 28
E 2354 6 12 36
T 2355 4 0 4 0
E 2355 0 -13 -39
E 2355 1 -10 -31
E 2355 2 -7 -23
E 2355 3 -5 -15
T 2356 43 0 4 0
E 2356 3 4 14
E 2356 4 7 22
E 2356 5 10 30
E 2356 6 12 38
T 2357 4 0 5 0
E 2357 0 -16 -49
E 2357 1 -13 -41
E 2357 2 -11 -33
E 2357 3 -8 -25
E 2357 4 -5 -17
T 2358 51 0 5 0
E 2358 2 5 15
E 2358 3 7 23
E 2358 4 10 31
E 2358 5 13 39
E 2358 6 15 47
T 2359 14 0 6 0
E 2359 0 -18 -56
E 2359 1 -16 -48
E 2359 2 -13 -40
E 2359 3 -10 -32
E 2359 4 -8 -24
E 2359 5 -5 -16
T 2360 61 0 6 0
E 2360 1 5 15
E 2360 2 7 23
E 2360 3 10 31
E 2360 4 13 39
E 2360 5 15 47
E 2360 6 18 55
T 2361 18 0 6 0
E 2361 0 -20 -60
E 2361 1 -17 -52
E 2361 2 -14 -44
E 2361 3 -12 -36
E 2361 4 -9 -28
E 2361 5 -6 -20
T 2362 11 0 7 1
E 2362 0 1 17
E 2362 1 2 25
E 2362 2 3 33
E 2362 3 4 41
E 2362 4 5 49
E 2362 5 6 57
E 2362 6 7 65
T 2363 34 0 4 0
E 2363 0 -5 -16
E 2363 4 5 16
E 2363 5 8 24
E 2363 6 10 32
T 2364 14 0 4 0
E 2364 0 -11 -33
E 2364 1 -8 -25
E 2364 2 -5 -17
E 2364 6 5 15
T 2365 43 0 4 0
E 2365 3 4 14
E 2365 4 7 22
E 2365 5 10 30
E 2365 6 12 38
T 2366 2 0 5 0
E 2366 0 -15 -45
E 2366 1 -12 -37
E 2366 2 -9 -29
E 2366 3 -7 -21
E 2366 4 -4 -13
T 2367 53 0 5 0
E 2367 2 6 18
E 2367 3 8 26
E 2367 4 11 34
E 2367 5 14 42
E 2367 6 16 50
T 2368 4 0 5 0
E 2368 0 -16 -49
E 2368 1 -13 -41
E 2368 2 -11 -33
E 2368 3 -8 -25
E 2368 4 -5 -17
T 2369 59 0 6 0
E 2369 1 4 13
E 2369 2 7 21
E 2369 3 9 29
E 2369 4 12 37
E 2369 5 15 45
E 2369 6 17 53
T 2370 35 0 7 1
E 2370 0 -6 -62
E 2370 1 -6 -54
E 2370 2 -5 -46
E 2370 3 -4 -38
E 2370 4 -3 -30
E 2370 5 -2 -22
E 2370 6 -1 -14
T 2371 13 0 4 0
E 2371 0 -11 -35
E 2371 1 -9 -27
E 2371 2 -6 -19
E 2371 6 4 13
T 2372 33 0 4 0
E 2372 0 -6 -19
E 2372 4 4 13
E 2372 5 7 21
E 2372 6 9 29
T 2373 4 0 4 0
E 2373 0 -13 -41
E 2373 1 -11 -33
E 2373 2 -8 -25
E 2373 3 -5 -17
T 2374 44 0 4 0
E 2374 3 5 15
E 2374 4 7 23
E 2374 5 10 31
E 2374 6 13 39
T 2375 3 0 4 0
E 2375 0 -14 -43
E 2375 1 -11 -35
E 2375 2 -9 -27
E 2375 3 -6 -19
T 2376 51 0 5 0
E 2376 2 5 15
E 2376 3 7 23
E 2376 4 10 31
E 2376 5 13 39
E 2376 6 15 47
T 2377 4 0 5 0
E 2377 0 -16 -49
E 2377 1 -13 -41
E 2377 2 -11 -33
E 2377 3 -8 -25
E 2377 4 -5 -17
T 2378 51 0 5 0
E 2378 2 5 15
E 2378 3 7 23
E 2378 4 10 31
E 2378 5 13 39
E 2378 6 15 47
T 2379 6 0 5 0
E 2379 0 -17 -52
E 2379 1 -14 -44
E 2379 2 -12 -36
E 2379 3 -9 -28
E 2379 4 -6 -20
T 2380 65 0 6 0
E 2380 1 6 19
E 2380 2 9 27
E 2380 3 11 35
E 2380 4 14 43
E 2380 5 17 51
E 2380 6 19 59
T 2381 37 0 7 1
E 2381 0 -7 -71
E 2381 1 -7 -63
E 2381 2 -6 -55
E 2381 3 -5 -47
E 2381 4 -4 -39
E 2381 5 -3 -31
E 2381 6 -2 -23
T 2382 4 0 4 0
E 2382 0 -13 -41
E 2382 1 -11 -33
E 2382 2 -8 -25
E 2382 3 -5 -17
T 2383 52 0 5 0
E 2383 2 5 16
E 2383 3 8 24
E 2383 4 10 32
E 2383 5 13 40
E 2383 6 16 48
T 2384 15 0 6 0
E 2384 0 -19 -57
E 2384 1 -16 -49
E 2384 2 -13 -41
E 2384 3 -11 -33
E 2384 4 -8 -25
E 2384 5 -5 -17
T 2385 63 0 6 0
E 2385 1 5 17
E 2385 2 8 25
E 2385 3 11 33
E 2385 4 13 41
E 2385 5 16 49
E 2385 6 19 57
T 2386 37 0 7 1
E 2386 0 -7 -65
E 2386 1 -6 -57
E 2386 2 -5 -49
E 2386 3 -4 -41
E 2386 4 -3 -33
E 2386 5 -2 -25
E 2386 6 -1 -17
T 2387 3 0 4 0
E 2387 0 -14 -42
E 2387 1 -11 -34
E 2387 2 -8 -26
E 2387 3 -6 -18
T 2388 52 0 5 0
E 2388 2 5 17
E 2388 3 8 25
E 2388 4 11 33
E 2388 5 13 41
E 2388 6 16 49
T 2389 12 0 6 0
E 2389 0 -18 -54
E 2389 1 -15 -46
E 2389 2 -12 -38
E 2389 3 -10 -30
E 2389 4 -7 -22
E 2389 5 -4 -14
T 2390 13 0 7 1
E 2390 0 1 13
E 2390 1 2 21
E 2390 2 3 29
E 2390 3 4 37
E 2390 4 5 45
E 2390 5 5 53
E 2390 6 6 61
T 2391 25 0 4 0
E 2391 0 -7 -21
E 2391 1 -4 -13
E 2391 5 6 19
E 2391 6 9 27
T 2392 25 0 4 0
E 2392 0 -7 -21
E 2392 1 -4 -13
E 2392 5 6 19
E 2392 6 9 27
T 2393 15 0 4 0
E 2393 0 -9 -29
E 2393 1 -7 -21
E 2393 2 -4 -13
E 2393 6 6 19
T 2394 29 0 3 0
E 2394 0 -6 -20
E 2394 5 6 20
E 2394 6 9 28
T 2395 9 0 3 0
E 2395 0 -12 -36
E 2395 1 -9 -28
E 2395 2 -6 -20
T 2396 44 0 4 0
E 2396 3 5 16
E 2396 4 8 24
E 2396 5 10 32
E 2396 6 13 40
T 2397 5 0 5 0
E 2397 0 -16 -50
E 2397 1 -14 -42
E 2397 2 -11 -34
E 2397 3 -8 -26
E 2397 4 -6 -18
T 2398 52 0 5 0
E 2398 2 5 16
E 2398 3 8 24
E 2398 4 10 32
E 2398 5 13 40
E 2398 6 16 48
T 2399 11 0 6 0
E 2399 0 -17 -53
E 2399 1 -15 -45
E 2399 2 -12 -37
E 2399 3 -9 -29
E 2399 4 -7 -21
E 2399 5 -4 -13
T 2400 29 0 7 1
E 2400 0 6 56
E 2400 1 1 16
E 2400 2 2 24
E 2400 3 3 32
E 2400 4 4 40
E 2400 5 5 48
E 2400 6 6 56
T 2401 1 0 4 0
E 2401 0 11 35
E 2401 4 5 16
E 2401 5 8 24
E 2401 6 10 32
T 2402 41 0 4 0
E 2402 1 -12 -37
E 2402 2 -9 -29
E 2402 3 -7 -21
E 2402 4 -4 -13
T 2403 1 0 5 0
E 2403 0 15 47
E 2403 3 4 14
E 2403 4 7 22
E 2403 5 10 30
E 2403 6 12 38
T 2404 69 0 6 0
E 2404 1 -19 -58
E 2404 2 -16 -50
E 2404 3 -14 -42
E 2404 4 -11 -34
E 2404 5 -8 -26
E 2404 6 -6 -18
T 2405 37 0 7 1
E 2405 0 7 68
E 2405 1 6 60
E 2405 2 2 20
E 2405 3 3 28
E 2405 4 4 36
E 2405 5 4 44
E 2405 6 5 52
T 2406 5 0 4 0
E 2406 0 14 43
E 2406 1 11 35
E 2406 5 5 16
E 2406 6 8 24
T 2407 56 0 5 0
E 2407 2 -15 -45
E 2407 3 -12 -37
E 2407 4 -9 -29
E 2407 5 -7 -21
E 2407 6 -4 -13
T 2408 8 0 6 0
E 2408 0 20 62
E 2408 1 18 54
E 2408 3 4 13
E 2408 4 7 21
E 2408 5 9 29
E 2408 6 12 37
T 2409 83 0 6 0
E 2409 1 -5 -15
E 2409 2 -22 -68
E 2409 3 -20 -60
E 2409 4 -17 -52
E 2409 5 -14 -44
E 2409 6 -12 -36
T 2410 43 0 7 1
E 2410 0 9 81
E 2410 1 8 73
E 2410 2 7 65
E 2410 3 2 25
E 2410 4 3 33
E 2410 5 4 41
E 2410 6 5 49
T 2411 15 0 4 0
E 2411 0 13 41
E 2411 1 11 33
E 2411 2 8 25
E 2411 3 -6 -18
T 2412 47 0 6 0
E 2412 0 7 22
E 2412 1 4 14
E 2412 3 -13 -40
E 2412 4 -10 -32
E 2412 5 -8 -24
E 2412 6 -5 -16
T 2413 5 0 4 0
E 2413 0 18 54
E 2413 1 15 46
E 2413 2 12 38
E 2413 6 4 13
T 2414 72 0 4 0
E 2414 3 -20 -62
E 2414 4 -18 -54
E 2414 5 -15 -46
E 2414 6 -12 -38
T 2415 20 0 6 0
E 2415 0 24 73
E 2415 1 21 65
E 2415 2 19 57
E 2415 3 16 49
E 2415 5 5 17
E 2415 6 8 25
T 2416 17 0 7 1
E 2416 0 -1 -17
E 2416 1 -2 -25
E 2416 2 -3 -33
E 2416 3 -4 -41
E 2416 4 -9 -84
E 2416 5 -8 -76
E 2416 6 -7 -68
T 2417 55 0 4 0
E 2417 0 6 18
E 2417 4 -17 -52
E 2417 5 -14 -44
E 2417 6 -12 -36
T 2418 13 0 6 0
E 2418 0 16 50
E 2418 1 14 42
E 2418 2 11 34
E 2418 3 8 26
E 2418 4 -7 -23
E 2418 5 -5 -15
T 2419 57 0 5 0
E 2419 0 7 21
E 2419 1 4 13
E 2419 4 -18 -56
E 2419 5 -16 -48
E 2419 6 -13 -40
T 2420 3 0 6 0
E 2420 0 18 55
E 2420 1 15 47
E 2420 2 13 39
E 2420 3 10 31
E 2420 4 7 23
E 2420 5 -5 -17
T 2421 72 0 5 0
E 2421 2 -6 -20
E 2421 3 -9 -28
E 2421 4 -12 -36
E 2421 5 -26 -79
E 2421 6 -23 -71
T 2422 22 0 5 0
E 2422 0 25 76
E 2422 1 22 68
E 2422 2 20 60
E 2422 3 17 52
E 2422 4 14 44
T 2423 18 0 7 1
E 2423 0 -2 -23
E 2423 1 -3 -31
E 2423 2 -4 -39
E 2423 3 -5 -47
E 2423 4 -6 -55
E 2423 5 -11 -104
E 2423 6 -10 -96
T 2424 59 0 4 0
E 2424 0 5 16
E 2424 4 -5 -16
E 2424 5 -23 -69
E 2424 6 -20 -61
T 2425 38 0 7 1
E 2425 0 6 58
E 2425 1 5 50
E 2425 2 4 42
E 2425 3 3 34
E 2425 4 2 26
E 2425 5 2 18
E 2425 6 -2 -22
T 2426 10 0 6 0
E 2426 0 15 45
E 2426 1 12 37
E 2426 2 9 29
E 2426 3 7 21
E 2426 4 4 13
E 2426 6 -12 -38
T 2427 56 0 4 0
E 2427 3 -4 -13
E 2427 4 -7 -21
E 2427 5 -9 -29
E 2427 6 -25 -75
T 2428 39 0 7 1
E 2428 0 6 60
E 2428 1 5 52
E 2428 2 4 44
E 2428 3 4 36
E 2428 4 3 28
E 2428 5 2 20
E 2428 6 -3 -29
T 2429 14 0 6 0
E 2429 0 15 45
E 2429 1 12 37
E 2429 2 9 29
E 2429 3 7 21
E 2429 4 4 13
E 2429 6 -16 -48
T 2430 33 0 4 0
E 2430 0 6 19
E 2430 4 -4 -13
E 2430 5 -7 -21
E 2430 6 -9 -29
T 2431 14 0 4 0
E 2431 0 10 31
E 2431 1 7 23
E 2431 2 5 15
E 2431 6 -5 -17
T 2432 43 0 4 0
E 2432 3 -4 -13
E 2432 4 -7 -21
E 2432 5 -9 -29
E 2432 6 -12 -37
T 2433 4 0 4 0
E 2433 0 13 39
E 2433 1 10 31
E 2433 2 7 23
E 2433 3 5 15
T 2434 44 0 4 0
E 2434 3 -5 -16
E 2434 4 -8 -24
E 2434 5 -10 -32
E 2434 6 -13 -40
T 2435 3 0 4 0
E 2435 0 14 43
E 2435 1 11 35
E 2435 2 9 27
E 2435 3 6 19
T 2436 44 0 4 0
E 2436 3 -5 -15
E 2436 4 -7 -23
E 2436 5 -10 -31
E 2436 6 -13 -39
T 2437 4 0 5 0
E 2437 0 16 48
E 2437 1 13 40
E 2437 2 10 32
E 2437 3 8 24
E 2437 4 5 16
T 2438 54 0 5 0
E 2438 2 -6 -20
E 2438 3 -9 -28
E 2438 4 -12 -36
E 2438 5 -14 -44
E 2438 6 -17 -52
T 2439 14 0 6 0
E 2439 0 18 56
E 2439 1 16 48
E 2439 2 13 40
E 2439 3 10 32
E 2439 4 8 24
E 2439 5 5 16
T 2440 64 0 6 0
E 2440 1 -6 -18
E 2440 2 -8 -26
E 2440 3 -11 -34
E 2440 4 -14 -42
E 2440 5 -16 -50
E 2440 6 -19 -58
T 2441 35 0 7 1
E 2441 0 7 63
E 2441 1 6 55
E 2441 2 5 47
E 2441 3 4 39
E 2441 4 3 31
E 2441 5 2 23
E 2441 6 1 15
T 2442 5 0 4 0
E 2442 0 12 38
E 2442 1 10 30
E 2442 2 7 22
E 2442 3 4 14
T 2443 45 0 4 0
E 2443 3 -6 -18
E 2443 4 -8 -26
E 2443 5 -11 -34
E 2443 6 -14 -42
T 2444 4 0 5 0
E 2444 0 16 48
E 2444 1 13 40
E 2444 2 10 32
E 2444 3 8 24
E 2444 4 5 16
T 2445 50 0 5 0
E 2445 2 -4 -13
E 2445 3 -7 -21
E 2445 4 -9 -29
E 2445 5 -12 -37
E 2445 6 -15 -45
T 2446 2 0 5 0
E 2446 0 15 46
E 2446 1 12 38
E 2446 2 10 30
E 2446 3 7 22
E 2446 4 4 14
T 2447 53 0 5 0
E 2447 2 -6 -18
E 2447 3 -8 -26
E 2447 4 -11 -34
E 2447 5 -14 -42
E 2447 6 -16 -50
T 2448 13 0 6 0
E 2448 0 18 55
E 2448 1 15 47
E 2448 2 13 39
E 2448 3 10 31
E 2448 4 7 23
E 2448 5 5 15
T 2449 11 0 7 1
E 2449 0 -1 -17
E 2449 1 -2 -25
E 2449 2 -3 -33
E 2449 3 -4 -41
E 2449 4 -5 -49
E 2449 5 -6 -57
E 2449 6 -7 -65
T 2450 34 0 4 0
E 2450 0 5 16
E 2450 4 -5 -16
E 2450 5 -8 -24
E 2450 6 -10 -32
T 2451 14 0 4 0
E 2451 0 10 32
E 2451 1 8 24
E 2451 2 5 16
E 2451 6 -5 -16
T 2452 34 0 4 0
E 2452 0 5 15
E 2452 4 -5 -17
E 2452 5 -8 -25
E 2452 6 -11 -33
T 2453 15 0 4 0
E 2453 0 10 30
E 2453 1 7 22
E 2453 2 4 14
E 2453 6 -6 -18
T 2454 24 0 4 0
E 2454 0 7 23
E 2454 1 5 15
E 2454 5 -5 -17
E 2454 6 -8 -25
T 2455 25 0 4 0
E 2455 0 7 21
E 2455 1 4 13
E 2455 5 -6 -19
E 2455 6 -9 -27
T 2456 29 0 3 0
E 2456 0 6 20
E 2456 5 -6 -20
E 2456 6 -9 -28
T 2457 23 0 4 0
E 2457 0 9 27
E 2457 1 6 19
E 2457 5 -4 -13
E 2457 6 -7 -21
T 2458 23 0 4 0
E 2458 0 9 27
E 2458 1 6 19
E 2458 5 -4 -13
E 2458 6 -7 -21
T 2459 24 1 4 0
E 2459 0 8 24
E 2459 1 5 16
E 2459 5 -5 -16
E 2459 6 -8 -24
T 2460 25 0 4 0
E 2460 0 7 22
E 2460 1 4 14
E 2460 5 -6 -18
E 2460 6 -8 -26
T 2461 24 0 4 0
E 2461 0 7 23
E 2461 1 5 15
E 2461 5 -5 -17
E 2461 6 -8 -25
T 2462 15 0 4 0
E 2462 0 10 30
E 2462 1 7 22
E 2462 2 4 14
E 2462 6 -6 -18
T 2463 35 0 4 0
E 2463 0 4 13
E 2463 4 -6 -19
E 2463 5 -9 -27
E 2463 6 -11 -35
T 2464 4 0 4 0
E 2464 0 13 41
E 2464 1 11 33
E 2464 2 8 25
E 2464 3 5 17
T 2465 50 0 5 0
E 2465 2 -4 -14
E 2465 3 -7 -22
E 2465 4 -10 -30
E 2465 5 -12 -38
E 2465 6 -15 -46
T 2466 15 0 6 0
E 2466 0 19 57
E 2466 1 16 49
E 2466 2 13 41
E 2466 3 11 33
E 2466 4 8 25
E 2466 5 5 17
T 2467 13 0 7 1
E 2467 0 -1 -15
E 2467 1 -2 -23
E 2467 2 -3 -31
E 2467 3 -4 -39
E 2467 4 -5 -47
E 2467 5 -6 -55
E 2467 6 -7 -63
T 2468 33 0 4 0
E 2468 0 6 19
E 2468 4 -4 -13
E 2468 5 -7 -21
E 2468 6 -9 -29
T 2469 13 0 4 0
E 2469 0 11 34
E 2469 1 8 26
E 2469 2 6 18
E 2469 6 -4 -14
T 2470 33 0 4 0
E 2470 0 6 19
E 2470 4 -4 -13
E 2470 5 -7 -21
E 2470 6 -9 -29
T 2471 4 0 4 0
E 2471 0 13 40
E 2471 1 10 32
E 2471 2 8 24
E 2471 3 5 16
T 2472 50 0 5 0
E 2472 2 -4 -14
E 2472 3 -7 -22
E 2472 4 -10 -30
E 2472 5 -12 -38
E 2472 6 -15 -46
T 2473 15 0 6 0
E 2473 0 19 57
E 2473 1 16 49
E 2473 2 13 41
E 2473 3 11 33
E 2473 4 8 25
E 2473 5 5 17
T 2474 61 0 6 0
E 2474 1 -5 -15
E 2474 2 -7 -23
E 2474 3 -10 -31
E 2474 4 -13 -39
E 2474 5 -15 -47
E 2474 6 -18 -55
T 2475 37 0 7 1
E 2475 0 7 65
E 2475 1 6 57
E 2475 2 5 49
E 2475 3 4 41
E 2475 4 3 33
E 2475 5 2 25
E 2475 6 1 17
T 2476 14 0 4 0
E 2476 0 11 33
E 2476 1 8 25
E 2476 2 5 17
E 2476 6 -5 -15
T 2477 34 0 4 0
E 2477 0 5 16
E 2477 4 -5 -16
E 2477 5 -8 -24
E 2477 6 -10 -32
T 2478 13 0 4 0
E 2478 0 11 35
E 2478 1 9 27
E 2478 2 6 19
E 2478 6 -4 -13
T 2479 34 0 4 0
E 2479 0 5 16
E 2479 4 -5 -16
E 2479 5 -8 -24
E 2479 6 -10 -32
T 2480 14 0 4 0
E 2480 0 10 31
E 2480 1 7 23
E 2480 2 5 15
E 2480 6 -5 -17
T 2481 34 0 4 0
E 2481 0 5 16
E 2481 4 -5 -16
E 2481 5 -8 -24
E 2481 6 -10 -32
T 2482 14 0 4 0
E 2482 0 10 31
E 2482 1 7 23
E 2482 2 5 15
E 2482 6 -5 -17
T 2483 33 0 4 0
E 2483 0 6 19
E 2483 4 -4 -13
E 2483 5 -7 -21
E 2483 6 -9 -29
T 2484 9 0 3 0
E 2484 0 12 36
E 2484 1 9 28
E 2484 2 6 20
T 2485 34 0 4 0
E 2485 0 5 16
E 2485 4 -5 -16
E 2485 5 -8 -24
E 2485 6 -10 -32
T 2486 13 0 4 0
E 2486 0 11 34
E 2486 1 8 26
E 2486 2 6 18
E 2486 6 -4 -14
T 2487 33 0 4 0
E 2487 0 6 18
E 2487 4 -4 -14
E 2487 5 -7 -22
E 2487 6 -10 -30
T 2488 9 0 3 0
E 2488 0 12 36
E 2488 1 9 28
E 2488 2 6 20
T 2489 44 0 4 0
E 2489 3 -5 -15
E 2489 4 -7 -23
E 2489 5 -10 -31
E 2489 6 -13 -39
T 2490 2 0 5 0
E 2490 0 15 46
E 2490 1 12 38
E 2490 2 10 30
E 2490 3 7 22
E 2490 4 4 14
T 2491 54 0 5 0
E 2491 2 -6 -19
E 2491 3 -9 -27
E 2491 4 -11 -35
E 2491 5 -14 -43
E 2491 6 -17 -51
T 2492 18 0 6 0
E 2492 0 20 60
E 2492 1 17 52
E 2492 2 14 44
E 2492 3 12 36
E 2492 4 9 28
E 2492 5 6 20
T 2493 11 0 7 1
E 2493 0 -2 -18
E 2493 1 -2 -26
E 2493 2 -3 -34
E 2493 3 -4 -42
E 2493 4 -5 -50
E 2493 5 -6 -58
E 2493 6 -7 -66
T 2494 33 0 4 0
E 2494 0 6 18
E 2494 4 -4 -14
E 2494 5 -7 -22
E 2494 6 -10 -30
T 2495 4 0 4 0
E 2495 0 13 39
E 2495 1 10 31
E 2495 2 7 23
E 2495 3 5 15
T 2496 52 0 5 0
E 2496 2 -5 -17
E 2496 3 -8 -25
E 2496 4 -11 -33
E 2496 5 -13 -41
E 2496 6 -16 -49
T 2497 13 0 6 0
E 2497 0 16 50
E 2497 1 15 45
E 2497 2 12 37
E 2497 3 9 29
E 2497 4 7 21
E 2497 5 4 13
T 2498 8 0 7 1
E 2498 0 -1 -16
E 2498 1 -2 -19
E 2498 2 -3 -27
E 2498 3 -3 -35
E 2498 4 -4 -43
E 2498 5 -5 -51
E 2498 6 -6 -59
T 2499 31 0 3 0
E 2499 4 -6 -19
E 2499 5 -9 -27
E 2499 6 -11 -35
T 2500 3 0 4 0
E 2500 0 9 27
E 2500 1 10 30
E 2500 2 7 22
E 2500 3 4 14
T 2501 31 0 4 0
E 2501 3 -5 -15
E 2501 4 -7 -23
E 2501 5 -10 -31
E 2501 6 -13 -39
T 2502 15 0 5 0
E 2502 0 11 34
E 2502 1 13 39
E 2502 2 11 34
E 2502 3 8 26
E 2502 4 6 18
T 2503 1 0 7 1
E 2503 0 -2 -22
E 2503 1 -1 -17
E 2503 2 -2 -20
E 2503 3 -3 -28
E 2503 4 -4 -36
E 2503 5 -4 -44
E 2503 6 -5 -52
T 2504 18 0 3 0
E 2504 4 -5 -15
E 2504 5 -7 -23
E 2504 6 -10 -31
T 2505 15 0 5 0
E 2505 0 7 23
E 2505 1 9 28
E 2505 2 10 31
E 2505 3 7 23
E 2505 4 5 15
T 2506 22 0 5 0
E 2506 0 -5 -16
E 2506 3 -4 -14
E 2506 4 -7 -22
E 2506 5 -10 -30
E 2506 6 -12 -38
T 2507 25 0 6 0
E 2507 0 8 25
E 2507 1 10 30
E 2507 2 11 35
E 2507 3 10 30
E 2507 4 7 22
E 2507 5 4 14
T 2508 23 0 6 0
E 2508 0 -6 -20
E 2508 1 -5 -15
E 2508 3 -4 -13
E 2508 4 -7 -21
E 2508 5 -9 -29
E 2508 6 -12 -37
T 2509 31 0 6 0
E 2509 0 8 26
E 2509 1 10 31
E 2509 2 12 36
E 2509 3 12 36
E 2509 4 9 28
E 2509 5 6 20
T 2510 12 0 7 1
E 2510 0 -3 -33
E 2510 1 -3 -28
E 2510 2 -2 -23
E 2510 3 -2 -20
E 2510 4 -3 -28
E 2510 5 -4 -36
E 2510 6 -4 -44
T 2511 6 0 4 0
E 2511 0 -6 -19
E 2511 1 -4 -14
E 2511 5 -6 -20
E 2511 6 -9 -28
T 2512 20 0 5 0
E 2512 1 5 16
E 2512 2 7 21
E 2512 3 8 26
E 2512 4 7 21
E 2512 5 4 13
T 2513 5 0 2 0
E 2513 0 -5 -16
E 2513 6 -6 -20
T 2514 5 0 0 0
T 2515 6 0 0 0
T 2516 8 0 0 0
T 2517 9 0 1 0
E 2517 4 5 16
T 2518 10 0 1 0
E 2518 0 -4 -14
T 2519 11 0 0 0
T 2520 11 0 1 0
E 2520 0 -5 -16
T 2521 8 0 2 0
E 2521 0 -6 -18
E 2521 1 -4 -13
T 2522 16 0 1 0
E 2522 5 4 13
T 2523 9 0 2 0
E 2523 0 -7 -21
E 2523 1 -5 -16
T 2524 22 0 3 0
E 2524 4 4 14
E 2524 5 6 19
E 2524 6 6 19
T 2525 6 0 3 0
E 2525 0 -8 -25
E 2525 1 -6 -20
E 2525 2 -5 -15
T 2526 14 0 2 0
E 2526 0 -4 -13
E 2526 6 5 17
T 2527 16 0 2 0
E 2527 0 -5 -17
E 2527 6 4 13
T 2528 8 0 2 0
E 2528 0 -6 -18
E 2528 1 -4 -13
T 2529 21 0 2 0
E 2529 5 4 14
E 2529 6 6 19
T 2530 6 0 3 0
E 2530 0 -8 -26
E 2530 1 -7 -21
E 2530 2 -5 -16
T 2531 24 0 3 0
E 2531 4 4 13
E 2531 5 6 18
E 2531 6 7 23
T 2532 2 0 4 0
E 2532 0 -9 -29
E 2532 1 -8 -24
E 2532 2 -6 -19
E 2532 3 -4 -14
T 2533 24 0 3 0
E 2533 4 4 14
E 2533 5 6 19
E 2533 6 8 24
T 2534 6 0 3 0
E 2534 0 -8 -25
E 2534 1 -6 -20
E 2534 2 -5 -15
T 2535 24 0 3 0
E 2535 4 4 13
E 2535 5 6 18
E 2535 6 7 23
T 2536 1 0 4 0
E 2536 0 -10 -30
E 2536 1 -8 -25
E 2536 2 -6 -20
E 2536 3 -5 -15
T 2537 28 0 4 0
E 2537 3 4 14
E 2537 4 6 19
E 2537 5 8 24
E 2537 6 9 29
T 2538 6 0 3 0
E 2538 0 -8 -24
E 2538 1 -6 -19
E 2538 2 -4 -14
T 2539 24 0 3 0
E 2539 4 4 14
E 2539 5 6 19
E 2539 6 8 24
T 2540 2 0 4 0
E 2540 0 -9 -28
E 2540 1 -7 -23
E 2540 2 -6 -18
E 2540 3 -4 -13
T 2541 20 0 2 0
E 2541 5 5 17
E 2541 6 7 22
T 2542 10 0 2 0
E 2542 0 -7 -22
E 2542 1 -5 -17
T 2543 15 0 2 0
E 2543 0 -4 -14
E 2543 6 5 16
T 2544 9 0 2 0
E 2544 0 -7 -21
E 2544 1 -5 -16
T 2545 24 0 3 0
E 2545 4 5 15
E 2545 5 6 20
E 2545 6 8 25
T 2546 2 0 4 0
E 2546 0 -10 -31
E 2546 1 -8 -25
E 2546 2 -6 -20
E 2546 3 -5 -15
T 2547 29 0 4 0
E 2547 3 4 14
E 2547 4 6 19
E 2547 5 8 24
E 2547 6 9 29
T 2548 3 0 4 0
E 2548 0 -10 -32
E 2548 1 -8 -25
E 2548 2 -6 -20
E 2548 3 -5 -15
T 2549 32 0 4 0
E 2549 3 5 17
E 2549 4 7 22
E 2549 5 9 27
E 2549 6 10 32
T 2550 8 0 3 0
E 2550 0 -9 -27
E 2550 1 -6 -19
E 2550 2 -4 -14
T 2551 24 0 2 0
E 2551 5 5 17
E 2551 6 7 22
T 2552 14 0 3 0
E 2552 0 -7 -21
E 2552 1 -4 -13
E 2552 6 4 13
T 2553 29 0 3 0
E 2553 4 4 13
E 2553 5 6 18
E 2553 6 7 23
T 2554 12 0 2 0
E 2554 0 -8 -25
E 2554 1 -5 -17
T 2555 26 0 4 0
E 2555 0 -4 -13
E 2555 4 4 13
E 2555 5 6 18
E 2555 6 7 23
T 2556 9 0 3 0
E 2556 0 -10 -31
E 2556 1 -7 -23
E 2556 2 -5 -15
T 2557 31 0 3 0
E 2557 4 5 16
E 2557 5 7 21
E 2557 6 8 26
T 2558 9 0 3 0
E 2558 0 -11 -33
E 2558 1 -8 -25
E 2558 2 -5 -17
T 2559 39 0 4 0
E 2559 3 6 19
E 2559 4 8 24
E 2559 5 9 29
E 2559 6 11 34
T 2560 4 0 4 0
E 2560 0 -13 -40
E 2560 1 -10 -32
E 2560 2 -8 -24
E 2560 3 -5 -16
T 2561 40 0 4 0
E 2561 3 6 19
E 2561 4 8 25
E 2561 5 10 30
E 2561 6 11 35
T 2562 3 0 4 0
E 2562 0 -14 -42
E 2562 1 -11 -34
E 2562 2 -8 -26
E 2562 3 -6 -18
T 2563 41 0 4 0
E 2563 3 6 20
E 2563 4 9 27
E 2563 5 10 32
E 2563 6 12 37
T 2564 5 0 4 0
E 2564 0 -12 -37
E 2564 1 -9 -29
E 2564 2 -7 -21
E 2564 3 -4 -13
T 2565 47 0 5 0
E 2565 2 4 13
E 2565 3 7 21
E 2565 4 9 29
E 2565 5 11 34
E 2565 6 13 39
T 2566 3 0 4 0
E 2566 0 -14 -43
E 2566 1 -11 -35
E 2566 2 -9 -27
E 2566 3 -6 -19
T 2567 49 0 5 0
E 2567 2 5 15
E 2567 3 7 23
E 2567 4 10 31
E 2567 5 12 37
E 2567 6 14 42
T 2568 10 0 6 0
E 2568 0 -17 -52
E 2568 1 -14 -44
E 2568 2 -12 -36
E 2568 3 -9 -28
E 2568 4 -6 -20
E 2568 5 -4 -13
T 2569 13 0 7 1
E 2569 0 1 14
E 2569 1 2 22
E 2569 2 3 30
E 2569 3 4 38
E 2569 4 5 46
E 2569 5 6 54
E 2569 6 6 59
T 2570 43 0 4 0
E 2570 3 5 15
E 2570 4 7 23
E 2570 5 10 31
E 2570 6 12 36
T 2571 3 0 4 0
E 2571 0 -14 -42
E 2571 1 -11 -34
E 2571 2 -8 -26
E 2571 3 -6 -18
T 2572 51 0 5 0
E 2572 2 5 17
E 2572 3 8 25
E 2572 4 11 33
E 2572 5 13 41
E 2572 6 15 47
T 2573 4 0 5 0
E 2573 0 -16 -48
E 2573 1 -13 -40
E 2573 2 -10 -32
E 2573 3 -8 -24
E 2573 4 -5 -16
T 2574 59 0 6 0
E 2574 1 4 13
E 2574 2 7 21
E 2574 3 9 29
E 2574 4 12 37
E 2574 5 15 45
E 2574 6 17 53
T 2575 13 0 6 0
E 2575 0 -18 -55
E 2575 1 -15 -47
E 2575 2 -13 -39
E 2575 3 -10 -31
E 2575 4 -7 -23
E 2575 5 -5 -15
T 2576 65 0 6 0
E 2576 1 6 19
E 2576 2 9 27
E 2576 3 11 35
E 2576 4 14 43
E 2576 5 17 51
E 2576 6 19 59
T 2577 37 0 7 1
E 2577 0 -7 -70
E 2577 1 -6 -62
E 2577 2 -6 -54
E 2577 3 -5 -46
E 2577 4 -4 -38
E 2577 5 -3 -30
E 2577 6 -2 -22
T 2578 5 0 4 0
E 2578 0 -12 -37
E 2578 1 -9 -29
E 2578 2 -7 -21
E 2578 3 -4 -13
T 2579 50 0 5 0
E 2579 2 4 13
E 2579 3 7 21
E 2579 4 9 29
E 2579 5 12 37
E 2579 6 15 45
T 2580 14 0 6 0
E 2580 0 -18 -56
E 2580 1 -16 -48
E 2580 2 -13 -40
E 2580 3 -10 -32
E 2580 4 -8 -24
E 2580 5 -5 -16
T 2581 13 0 7 1
E 2581 0 1 14
E 2581 1 2 22
E 2581 2 3 30
E 2581 3 4 38
E 2581 4 5 46
E 2581 5 6 54
E 2581 6 6 62
T 2582 33 0 4 0
E 2582 0 -6 -18
E 2582 4 4 14
E 2582 5 7 22
E 2582 6 10 30
T 2583 5 0 4 0
E 2583 0 -12 -38
E 2583 1 -10 -30
E 2583 2 -7 -22
E 2583 3 -4 -14
T 2584 35 0 4 0
E 2584 0 -4 -13
E 2584 4 6 19
E 2584 5 9 27
E 2584 6 11 35
T 2585 3 0 4 0
E 2585 0 -14 -42
E 2585 1 -11 -34
E 2585 2 -8 -26
E 2585 3 -6 -18
T 2586 43 0 4 0
E 2586 3 4 13
E 2586 4 7 21
E 2586 5 9 29
E 2586 6 12 37
T 2587 5 0 4 0
E 2587 0 -12 -38
E 2587 1 -10 -30
E 2587 2 -7 -22
E 2587 3 -4 -14
T 2588 45 0 4 0
E 2588 3 6 19
E 2588 4 9 27
E 2588 5 11 35
E 2588 6 14 43
T 2589 3 0 5 0
E 2589 0 -15 -47
E 2589 1 -13 -39
E 2589 2 -10 -31
E 2589 3 -7 -23
E 2589 4 -5 -15
T 2590 60 0 6 0
E 2590 1 4 14
E 2590 2 7 22
E 2590 3 10 30
E 2590 4 12 38
E 2590 5 15 46
E 2590 6 18 54
T 2591 36 0 7 1
E 2591 0 -7 -64
E 2591 1 -6 -56
E 2591 2 -5 -48
E 2591 3 -4 -40
E 2591 4 -3 -32
E 2591 5 -2 -24
E 2591 6 -1 -16
T 2592 3 0 4 0
E 2592 0 -14 -42
E 2592 1 -11 -34
E 2592 2 -8 -26
E 2592 3 -6 -18
T 2593 44 0 4 0
E 2593 3 5 16
E 2593 4 8 24
E 2593 5 10 32
E 2593 6 13 40
T 2594 4 0 5 0
E 2594 0 -16 -49
E 2594 1 -13 -41
E 2594 2 -11 -33
E 2594 3 -8 -25
E 2594 4 -5 -17
T 2595 54 0 5 0
E 2595 2 6 19
E 2595 3 9 27
E 2595 4 11 35
E 2595 5 14 43
E 2595 6 17 51
T 2596 35 0 7 1
E 2596 0 -6 -61
E 2596 1 -5 -53
E 2596 2 -5 -45
E 2596 3 -4 -37
E 2596 4 -3 -29
E 2596 5 -2 -21
E 2596 6 -1 -13
T 2597 14 0 4 0
E 2597 0 -11 -33
E 2597 1 -8 -25
E 2597 2 -5 -17
E 2597 6 5 15
T 2598 25 0 4 0
E 2598 0 -7 -21
E 2598 1 -4 -13
E 2598 5 6 19
E 2598 6 9 27
T 2599 14 0 4 0
E 2599 0 -11 -33
E 2599 1 -8 -25
E 2599 2 -5 -17
E 2599 6 5 15
T 2600 43 0 4 0
E 2600 3 4 13
E 2600 4 7 21
E 2600 5 9 29
E 2600 6 12 37
T 2601 4 0 4 0
E 2601 0 -13 -41
E 2601 1 -11 -33
E 2601 2 -8 -25
E 2601 3 -5 -17
T 2602 43 0 4 0
E 2602 3 4 13
E 2602 4 7 21
E 2602 5 9 29
E 2602 6 12 37
T 2603 3 0 4 0
E 2603 0 -14 -42
E 2603 1 -11 -34
E 2603 2 -8 -26
E 2603 3 -6 -18
T 2604 52 0 5 0
E 2604 2 5 16
E 2604 3 8 24
E 2604 4 10 32
E 2604 5 13 40
E 2604 6 16 48
T 2605 15 0 6 0
E 2605 0 -19 -57
E 2605 1 -16 -49
E 2605 2 -13 -41
E 2605 3 -11 -33
E 2605 4 -8 -25
E 2605 5 -5 -17
T 2606 13 0 7 1
E 2606 0 1 14
E 2606 1 2 22
E 2606 2 3 30
E 2606 3 4 38
E 2606 4 5 46
E 2606 5 6 54
E 2606 6 6 62
T 2607 44 0 4 0
E 2607 3 5 16
E 2607 4 8 24
E 2607 5 10 32
E 2607 6 13 40
T 2608 6 0 5 0
E 2608 0 -17 -52
E 2608 1 -14 -44
E 2608 2 -12 -36
E 2608 3 -9 -28
E 2608 4 -6 -20
T 2609 54 0 5 0
E 2609 2 6 20
E 2609 3 9 28
E 2609 4 12 36
E 2609 5 14 44
E 2609 6 17 52
T 2610 13 0 6 0
E 2610 0 -18 -55
E 2610 1 -15 -47
E 2610 2 -13 -39
E 2610 3 -10 -31
E 2610 4 -7 -23
E 2610 5 -5 -15
T 2611 11 0 7 1
E 2611 0 1 17
E 2611 1 2 25
E 2611 2 3 33
E 2611 3 4 41
E 2611 4 5 49
E 2611 5 6 57
E 2611 6 7 65
T 2612 34 0 4 0
E 2612 0 -5 -16
E 2612 4 5 16
E 2612 5 8 24
E 2612 6 10 32
T 2613 5 0 4 0
E 2613 0 -12 -37
E 2613 1 -9 -29
E 2613 2 -7 -21
E 2613 3 -4 -13
T 2614 45 0 4 0
E 2614 3 6 18
E 2614 4 8 26
E 2614 5 11 34
E 2614 6 14 42
T 2615 6 0 5 0
E 2615 0 -17 -52
E 2615 1 -14 -44
E 2615 2 -12 -36
E 2615 3 -9 -28
E 2615 4 -6 -20
T 2616 52 0 5 0
E 2616 2 5 17
E 2616 3 8 25
E 2616 4 11 33
E 2616 5 13 41
E 2616 6 16 49
T 2617 5 0 5 0
E 2617 0 -16 -50
E 2617 1 -14 -42
E 2617 2 -11 -34
E 2617 3 -8 -26
E 2617 4 -6 -18
T 2618 53 0 5 0
E 2618 2 6 18
E 2618 3 8 26
E 2618 4 11 34
E 2618 5 14 42
E 2618 6 16 50
T 2619 4 0 5 0
E 2619 0 -16 -49
E 2619 1 -13 -41
E 2619 2 -11 -33
E 2619 3 -8 -25
E 2619 4 -5 -17
T 2620 63 0 6 0
E 2620 1 5 17
E 2620 2 8 25
E 2620 3 11 33
E 2620 4 13 41
E 2620 5 16 49
E 2620 6 19 57
T 2621 35 0 7 1
E 2621 0 -6 -62
E 2621 1 -6 -54
E 2621 2 -5 -46
E 2621 3 -4 -38
E 2621 4 -3 -30
E 2621 5 -2 -22
E 2621 6 -1 -14
T 2622 4 0 4 0
E 2622 0 -13 -40
E 2622 1 -10 -32
E 2622 2 -8 -24
E 2622 3 -5 -16
T 2623 43 0 4 0
E 2623 3 4 13
E 2623 4 7 21
E 2623 5 9 29
E 2623 6 12 37
T 2624 6 0 5 0
E 2624 0 -17 -51
E 2624 1 -14 -43
E 2624 2 -11 -35
E 2624 3 -9 -27
E 2624 4 -6 -19
T 2625 65 0 6 0
E 2625 1 6 19
E 2625 2 9 27
E 2625 3 11 35
E 2625 4 14 43
E 2625 5 17 51
E 2625 6 19 59
T 2626 35 0 7 1
E 2626 0 -7 -63
E 2626 1 -6 -55
E 2626 2 -5 -47
E 2626 3 -4 -39
E 2626 4 -3 -31
E 2626 5 -2 -23
E 2626 6 -1 -15
T 2627 14 0 4 0
E 2627 0 -10 -31
E 2627 1 -7 -23
E 2627 2 -5 -15
E 2627 6 5 17
T 2628 35 0 4 0
E 2628 0 -4 -13
E 2628 4 6 19
E 2628 5 9 27
E 2628 6 11 35
T 2629 14 0 4 0
E 2629 0 -10 -32
E 2629 1 -8 -24
E 2629 2 -5 -16
E 2629 6 5 16
T 2630 34 0 4 0
E 2630 0 -5 -17
E 2630 4 5 15
E 2630 5 7 23
E 2630 6 10 31
T 2631 9 0 3 0
E 2631 0 -12 -36
E 2631 1 -9 -28
E 2631 2 -6 -20
T 2632 45 0 4 0
E 2632 3 6 20
E 2632 4 9 28
E 2632 5 12 36
E 2632 6 14 44
T 2633 6 0 5 0
E 2633 0 -17 -51
E 2633 1 -14 -43
E 2633 2 -11 -35
E 2633 3 -9 -27
E 2633 4 -6 -19
T 2634 51 0 5 0
E 2634 2 5 15
E 2634 3 7 23
E 2634 4 10 31
E 2634 5 13 39
E 2634 6 15 47
T 2635 3 0 5 0
E 2635 0 -15 -47
E 2635 1 -13 -39
E 2635 2 -10 -31
E 2635 3 -7 -23
E 2635 4 -5 -15
T 2636 50 0 5 0
E 2636 2 4 13
E 2636 3 7 21
E 2636 4 9 29
E 2636 5 12 37
E 2636 6 15 45
T 2637 14 0 6 0
E 2637 0 -18 -56
E 2637 1 -16 -48
E 2637 2 -13 -40
E 2637 3 -10 -32
E 2637 4 -8 -24
E 2637 5 -5 -16
T 2638 13 0 7 1
E 2638 0 1 14
E 2638 1 2 22
E 2638 2 3 30
E 2638 3 4 38
E 2638 4 5 46
E 2638 5 6 54
E 2638 6 6 62
T 2639 35 0 4 0
E 2639 0 -4 -13
E 2639 4 6 19
E 2639 5 9 27
E 2639 6 11 35
T 2640 19 0 4 0
E 2640 0 5 17
E 2640 1 -7 -23
E 2640 2 -5 -15
E 2640 6 5 17
T 2641 30 0 4 0
E 2641 0 4 14
E 2641 1 -9 -29
E 2641 2 -7 -21
E 2641 3 -4 -13
T 2642 18 0 3 0
E 2642 0 8 26
E 2642 1 -6 -20
E 2642 6 6 20
T 2643 34 0 4 0
E 2643 0 6 19
E 2643 1 -10 -30
E 2643 2 -7 -22
E 2643 3 -4 -14
T 2644 17 0 4 0
E 2644 0 12 37
E 2644 1 -5 -16
E 2644 5 5 16
E 2644 6 8 24
T 2645 24 1 4 0
E 2645 0 8 24
E 2645 1 5 16
E 2645 2 -8 -24
E 2645 3 -5 -16
T 2646 25 0 4 0
E 2646 0 9 28
E 2646 1 6 20
E 2646 2 -7 -23
E 2646 3 -5 -15
T 2647 33 0 5 0
E 2647 0 7 23
E 2647 1 5 15
E 2647 2 -10 -31
E 2647 3 -7 -23
E 2647 4 -5 -15
T 2648 18 0 4 0
E 2648 0 12 38
E 2648 1 10 30
E 2648 2 -6 -19
E 2648 6 4 13
T 2649 44 0 6 0
E 2649 0 7 23
E 2649 1 5 15
E 2649 2 -12 -38
E 2649 3 -10 -30
E 2649 4 -7 -22
E 2649 5 -4 -14
T 2650 5 0 4 0
E 2650 0 15 45
E 2650 1 12 37
E 2650 2 9 29
E 2650 6 4 13
T 2651 59 0 4 0
E 2651 3 -17 -52
E 2651 4 -14 -44
E 2651 5 -12 -36
E 2651 6 -9 -28
T 2652 5 0 5 0
E 2652 0 21 64
E 2652 1 18 56
E 2652 2 16 48
E 2652 5 6 18
E 2652 6 8 26
T 2653 85 0 6 0
E 2653 1 -5 -17
E 2653 2 -8 -25
E 2653 3 -24 -74
E 2653 4 -22 -66
E 2653 5 -19 -58
E 2653 6 -16 -50
T 2654 49 0 7 1
E 2654 0 9 83
E 2654 1 8 75
E 2654 2 7 67
E 2654 3 1 14
E 2654 4 2 22
E 2654 5 3 30
E 2654 6 4 38
T 2655 1 0 4 0
E 2655 0 18 55
E 2655 1 15 47
E 2655 2 13 39
E 2655 3 10 31
T 2656 72 0 5 0
E 2656 2 -6 -18
E 2656 3 -8 -26
E 2656 4 -23 -69
E 2656 5 -20 -61
E 2656 6 -17 -53
T 2657 11 0 5 0
E 2657 0 23 69
E 2657 1 20 61
E 2657 2 17 53
E 2657 3 15 45
E 2657 6 5 15
T 2658 86 0 6 0
E 2658 1 -5 -15
E 2658 2 -7 -23
E 2658 3 -10 -31
E 2658 4 -26 -80
E 2658 5 -24 -72
E 2658 6 -21 -64
T 2659 53 0 7 1
E 2659 0 10 93
E 2659 1 9 85
E 2659 2 8 77
E 2659 3 7 69
E 2659 4 1 16
E 2659 5 2 24
E 2659 6 3 32
T 2660 6 0 6 0
E 2660 0 19 58
E 2660 1 16 50
E 2660 2 14 42
E 2660 3 11 34
E 2660 4 8 26
E 2660 5 -4 -14
T 2661 72 0 5 0
E 2661 2 -6 -19
E 2661 3 -9 -27
E 2661 4 -11 -35
E 2661 5 -26 -78
E 2661 6 -23 -70
T 2662 24 0 5 0
E 2662 0 26 79
E 2662 1 23 71
E 2662 2 21 63
E 2662 3 18 55
E 2662 4 15 47
T 2663 17 0 7 1
E 2663 0 -3 -28
E 2663 1 -4 -36
E 2663 2 -4 -44
E 2663 3 -5 -52
E 2663 4 -6 -60
E 2663 5 -12 -109
E 2663 6 -11 -101
T 2664 59 0 4 0
E 2664 0 5 17
E 2664 4 -5 -15
E 2664 5 -22 -68
E 2664 6 -20 -60
T 2665 38 0 7 1
E 2665 0 6 60
E 2665 1 5 52
E 2665 2 4 44
E 2665 3 4 36
E 2665 4 3 28
E 2665 5 2 20
E 2665 6 -2 -20
T 2666 10 0 6 0
E 2666 0 15 45
E 2666 1 12 37
E 2666 2 9 29
E 2666 3 7 21
E 2666 4 4 13
E 2666 6 -12 -38
T 2667 57 0 4 0
E 2667 3 -5 -16
E 2667 4 -8 -24
E 2667 5 -10 -32
E 2667 6 -26 -78
T 2668 37 0 7 1
E 2668 0 6 55
E 2668 1 5 47
E 2668 2 4 39
E 2668 3 3 31
E 2668 4 2 23
E 2668 5 1 15
E 2668 6 -3 -34
T 2669 23 0 5 0
E 2669 0 12 37
E 2669 1 9 29
E 2669 2 7 21
E 2669 3 4 13
E 2669 6 -18 -56
T 2670 24 0 4 0
E 2670 0 7 23
E 2670 1 5 15
E 2670 5 -5 -17
E 2670 6 -8 -25
T 2671 15 0 4 0
E 2671 0 10 30
E 2671 1 7 22
E 2671 2 4 14
E 2671 6 -6 -18
T 2672 34 0 4 0
E 2672 0 5 15
E 2672 4 -5 -17
E 2672 5 -8 -25
E 2672 6 -11 -33
T 2673 4 0 4 0
E 2673 0 13 41
E 2673 1 11 33
E 2673 2 8 25
E 2673 3 5 17
T 2674 45 0 4 0
E 2674 3 -6 -19
E 2674 4 -9 -27
E 2674 5 -11 -35
E 2674 6 -14 -43
T 2675 4 0 5 0
E 2675 0 16 48
E 2675 1 13 40
E 2675 2 10 32
E 2675 3 8 24
E 2675 4 5 16
T 2676 53 0 5 0
E 2676 2 -6 -18
E 2676 3 -8 -26
E 2676 4 -11 -34
E 2676 5 -14 -42
E 2676 6 -16 -50
T 2677 15 0 6 0
E 2677 0 19 57
E 2677 1 16 49
E 2677 2 13 41
E 2677 3 11 33
E 2677 4 8 25
E 2677 5 5 17
T 2678 64 0 6 0
E 2678 1 -6 -18
E 2678 2 -8 -26
E 2678 3 -11 -34
E 2678 4 -14 -42
E 2678 5 -16 -50
E 2678 6 -19 -58
T 2679 37 0 7 1
E 2679 0 7 69
E 2679 1 6 61
E 2679 2 5 53
E 2679 3 5 45
E 2679 4 4 37
E 2679 5 3 29
E 2679 6 2 21
T 2680 5 0 4 0
E 2680 0 12 38
E 2680 1 10 30
E 2680 2 7 22
E 2680 3 4 14
T 2681 39 0 3 0
E 2681 4 -6 -20
E 2681 5 -9 -28
E 2681 6 -12 -36
T 2682 4 0 4 0
E 2682 0 13 40
E 2682 1 10 32
E 2682 2 8 24
E 2682 3 5 16
T 2683 43 0 4 0
E 2683 3 -4 -14
E 2683 4 -7 -22
E 2683 5 -10 -30
E 2683 6 -12 -38
T 2684 4 0 4 0
E 2684 0 13 41
E 2684 1 11 33
E 2684 2 8 25
E 2684 3 5 17
T 2685 44 0 4 0
E 2685 3 -5 -15
E 2685 4 -7 -23
E 2685 5 -10 -31
E 2685 6 -13 -39
T 2686 4 0 4 0
E 2686 0 13 41
E 2686 1 11 33
E 2686 2 8 25
E 2686 3 5 17
T 2687 44 0 4 0
E 2687 3 -5 -15
E 2687 4 -7 -23
E 2687 5 -10 -31
E 2687 6 -13 -39
T 2688 2 0 5 0
E 2688 0 15 46
E 2688 1 12 38
E 2688 2 10 30
E 2688 3 7 22
E 2688 4 4 14
T 2689 60 0 6 0
E 2689 1 -4 -14
E 2689 2 -7 -22
E 2689 3 -10 -30
E 2689 4 -12 -38
E 2689 5 -15 -46
E 2689 6 -18 -54
T 2690 37 0 7 1
E 2690 0 7 66
E 2690 1 6 58
E 2690 2 5 50
E 2690 3 4 42
E 2690 4 3 34
E 2690 5 2 26
E 2690 6 2 18
T 2691 3 0 4 0
E 2691 0 14 44
E 2691 1 12 36
E 2691 2 9 28
E 2691 3 6 20
T 2692 50 0 5 0
E 2692 2 -4 -14
E 2692 3 -7 -22
E 2692 4 -10 -30
E 2692 5 -12 -38
E 2692 6 -15 -46
T 2693 2 0 5 0
E 2693 0 15 46
E 2693 1 12 38
E 2693 2 10 30
E 2693 3 7 22
E 2693 4 4 14
T 2694 45 0 4 0
E 2694 3 -6 -20
E 2694 4 -9 -28
E 2694 5 -12 -36
E 2694 6 -14 -44
T 2695 3 0 5 0
E 2695 0 15 47
E 2695 1 13 39
E 2695 2 10 31
E 2695 3 7 23
E 2695 4 5 15
T 2696 54 0 5 0
E 2696 2 -6 -20
E 2696 3 -9 -28
E 2696 4 -12 -36
E 2696 5 -14 -44
E 2696 6 -17 -52
T 2697 5 0 5 0
E 2697 0 16 50
E 2697 1 14 42
E 2697 2 11 34
E 2697 3 8 26
E 2697 4 6 18
T 2698 60 0 6 0
E 2698 1 -4 -14
E 2698 2 -7 -22
E 2698 3 -10 -30
E 2698 4 -12 -38
E 2698 5 -15 -46
E 2698 6 -18 -54
T 2699 36 0 7 1
E 2699 0 7 64
E 2699 1 6 56
E 2699 2 5 48
E 2699 3 4 40
E 2699 4 3 32
E 2699 5 2 24
E 2699 6 1 16
T 2700 3 0 4 0
E 2700 0 14 42
E 2700 1 11 34
E 2700 2 8 26
E 2700 3 6 18
T 2701 50 0 5 0
E 2701 2 -4 -13
E 2701 3 -7 -21
E 2701 4 -9 -29
E 2701 5 -12 -37
E 2701 6 -15 -45
T 2702 4 0 5 0
E 2702 0 16 48
E 2702 1 13 40
E 2702 2 10 32
E 2702 3 8 24
E 2702 4 5 16
T 2703 61 0 6 0
E 2703 1 -5 -15
E 2703 2 -7 -23
E 2703 3 -10 -31
E 2703 4 -13 -39
E 2703 5 -15 -47
E 2703 6 -18 -55
T 2704 35 0 7 1
E 2704 0 6 61
E 2704 1 5 53
E 2704 2 5 45
E 2704 3 4 37
E 2704 4 3 29
E 2704 5 2 21
E 2704 6 1 13
T 2705 3 0 4 0
E 2705 0 14 43
E 2705 1 11 35
E 2705 2 9 27
E 2705 3 6 19
T 2706 53 0 5 0
E 2706 2 -6 -18
E 2706 3 -8 -26
E 2706 4 -11 -34
E 2706 5 -14 -42
E 2706 6 -16 -50
T 2707 11 0 6 0
E 2707 0 17 53
E 2707 1 15 45
E 2707 2 12 37
E 2707 3 9 29
E 2707 4 7 21
E 2707 5 4 13
T 2708 64 0 6 0
E 2708 1 -6 -18
E 2708 2 -8 -26
E 2708 3 -11 -34
E 2708 4 -14 -42
E 2708 5 -16 -50
E 2708 6 -19 -58
T 2709 35 0 7 1
E 2709 0 6 61
E 2709 1 5 53
E 2709 2 5 45
E 2709 3 4 37
E 2709 4 3 29
E 2709 5 2 21
E 2709 6 1 13
T 2710 3 0 4 0
E 2710 0 14 43
E 2710 1 11 35
E 2710 2 9 27
E 2710 3 6 19
T 2711 52 0 5 0
E 2711 2 -5 -16
E 2711 3 -8 -24
E 2711 4 -10 -32
E 2711 5 -13 -40
E 2711 6 -16 -48
T 2712 12 0 6 0
E 2712 0 18 54
E 2712 1 15 46
E 2712 2 12 38
E 2712 3 10 30
E 2712 4 7 22
E 2712 5 4 14
T 2713 64 0 6 0
E 2713 1 -6 -18
E 2713 2 -8 -26
E 2713 3 -11 -34
E 2713 4 -14 -42
E 2713 5 -16 -50
E 2713 6 -19 -58
T 2714 18 0 6 0
E 2714 0 20 60
E 2714 1 17 52
E 2714 2 14 44
E 2714 3 12 36
E 2714 4 9 28
E 2714 5 6 20
T 2715 13 0 7 1
E 2715 0 -1 -14
E 2715 1 -2 -22
E 2715 2 -3 -30
E 2715 3 -4 -38
E 2715 4 -5 -46
E 2715 5 -6 -54
E 2715 6 -6 -62
T 2716 44 0 4 0
E 2716 3 -5 -15
E 2716 4 -7 -23
E 2716 5 -10 -31
E 2716 6 -13 -39
T 2717 2 0 5 0
E 2717 0 15 46
E 2717 1 12 38
E 2717 2 10 30
E 2717 3 7 22
E 2717 4 4 14
T 2718 61 0 6 0
E 2718 1 -5 -15
E 2718 2 -7 -23
E 2718 3 -10 -31
E 2718 4 -13 -39
E 2718 5 -15 -47
E 2718 6 -18 -55
T 2719 37 0 7 1
E 2719 0 7 69
E 2719 1 6 61
E 2719 2 5 53
E 2719 3 5 45
E 2719 4 4 37
E 2719 5 3 29
E 2719 6 2 21
T 2720 14 0 4 0
E 2720 0 11 33
E 2720 1 8 25
E 2720 2 5 17
E 2720 6 -5 -15
T 2721 25 0 4 0
E 2721 0 7 21
E 2721 1 4 13
E 2721 5 -6 -19
E 2721 6 -9 -27
T 2722 25 0 4 0
E 2722 0 7 21
E 2722 1 4 13
E 2722 5 -6 -19
E 2722 6 -9 -27
T 2723 14 0 4 0
E 2723 0 10 32
E 2723 1 8 24
E 2723 2 5 16
E 2723 6 -5 -16
T 2724 39 0 3 0
E 2724 4 -6 -20
E 2724 5 -9 -28
E 2724 6 -12 -36
T 2725 2 0 5 0
E 2725 0 15 45
E 2725 1 12 37
E 2725 2 9 29
E 2725 3 7 21
E 2725 4 4 13
T 2726 51 0 5 0
E 2726 2 -5 -15
E 2726 3 -7 -23
E 2726 4 -10 -31
E 2726 5 -13 -39
E 2726 6 -15 -47
T 2727 6 0 5 0
E 2727 0 17 51
E 2727 1 14 43
E 2727 2 11 35
E 2727 3 9 27
E 2727 4 6 19
T 2728 61 0 6 0
E 2728 1 -5 -15
E 2728 2 -7 -23
E 2728 3 -10 -31
E 2728 4 -13 -39
E 2728 5 -15 -47
E 2728 6 -18 -55
T 2729 16 0 6 0
E 2729 0 19 58
E 2729 1 16 50
E 2729 2 14 42
E 2729 3 11 34
E 2729 4 8 26
E 2729 5 6 18
T 2730 11 0 7 1
E 2730 0 -2 -19
E 2730 1 -3 -27
E 2730 2 -3 -35
E 2730 3 -4 -43
E 2730 4 -5 -51
E 2730 5 -6 -59
E 2730 6 -7 -67
T 2731 34 0 4 0
E 2731 0 5 16
E 2731 4 -5 -16
E 2731 5 -8 -24
E 2731 6 -10 -32
T 2732 9 0 3 0
E 2732 0 12 36
E 2732 1 9 28
E 2732 2 6 20
T 2733 35 0 4 0
E 2733 0 4 14
E 2733 4 -6 -18
E 2733 5 -8 -26
E 2733 6 -11 -34
T 2734 4 0 4 0
E 2734 0 13 40
E 2734 1 10 32
E 2734 2 8 24
E 2734 3 5 16
T 2735 50 0 5 0
E 2735 2 -4 -14
E 2735 3 -7 -22
E 2735 4 -10 -30
E 2735 5 -12 -38
E 2735 6 -15 -46
T 2736 4 0 5 0
E 2736 0 16 48
E 2736 1 13 40
E 2736 2 10 32
E 2736 3 8 24
E 2736 4 5 16
T 2737 56 0 6 0
E 2737 1 -4 -13
E 2737 2 -7 -21
E 2737 3 -9 -29
E 2737 4 -12 -37
E 2737 5 -15 -45
E 2737 6 -17 -53
T 2738 21 0 6 0
E 2738 0 18 55
E 2738 1 17 52
E 2738 2 14 44
E 2738 3 12 36
E 2738 4 9 28
E 2738 5 6 20
T 2739 6 0 7 1
E 2739 0 -2 -18
E 2739 1 -2 -18
E 2739 2 -2 -26
E 2739 3 -3 -34
E 2739 4 -4 -42
E 2739 5 -5 -50
E 2739 6 -6 -58
T 2740 21 0 3 0
E 2740 1 4 13
E 2740 5 -6 -19
E 2740 6 -9 -27
T 2741 4 0 4 0
E 2741 0 7 22
E 2741 1 9 27
E 2741 2 6 19
E 2741 6 -4 -13
T 2742 20 0 2 0
E 2742 5 -6 -19
E 2742 6 -9 -27
T 2743 1 0 3 0
E 2743 0 6 18
E 2743 1 7 23
E 2743 2 6 20
T 2744 16 0 2 0
E 2744 5 -5 -16
E 2744 6 -8 -24
T 2745 7 0 4 0
E 2745 0 4 14
E 2745 1 6 19
E 2745 2 7 22
E 2745 3 4 14
T 2746 13 0 3 0
E 2746 4 -5 -16
E 2746 5 -8 -24
E 2746 6 -10 -32
T 2747 10 0 4 0
E 2747 0 4 14
E 2747 1 6 19
E 2747 2 8 24
E 2747 3 6 19
T 2748 6 0 2 0
E 2748 5 -5 -16
E 2748 6 -8 -24
T 2749 5 0 2 0
E 2749 2 5 15
E 2749 3 5 15
T 2750 3 0 1 0
E 2750 6 -6 -20
T 2751 1 0 1 0
E 2751 6 -5 -15
T 2752 6 0 1 0
E 2752 3 4 13
T 2753 7 0 0 0
T 2754 10 0 0 0
T 2755 8 0 0 0
T 2756 9 0 1 0
E 2756 0 -4 -13
T 2757 10 0 1 0
E 2757 0 -5 -15
T 2758 11 0 1 0
E 2758 4 4 13
T 2759 14 0 2 0
E 2759 4 4 14
E 2759 5 4 14
T 2760 10 0 1 0
E 2760 0 -5 -15
T 2761 14 0 1 0
E 2761 5 5 16
T 2762 10 0 1 0
E 2762 0 -5 -15
T 2763 9 0 1 0
E 2763 0 -4 -13
T 2764 9 0 1 0
E 2764 0 -4 -13
T 2765 24 0 3 0
E 2765 4 5 16
E 2765 5 7 21
E 2765 6 8 24
T 2766 9 0 2 0
E 2766 0 -7 -21
E 2766 1 -5 -16
T 2767 15 1 2 0
E 2767 0 -5 -15
E 2767 6 5 15
T 2768 16 0 2 0
E 2768 0 -5 -17
E 2768 6 4 13
T 2769 6 0 3 0
E 2769 0 -7 -23
E 2769 1 -6 -18
E 2769 2 -4 -13
T 2770 14 0 2 0
E 2770 0 -4 -13
E 2770 6 5 17
T 2771 14 0 2 0
E 2771 0 -4 -13
E 2771 6 5 17
T 2772 21 0 2 0
E 2772 5 5 16
E 2772 6 7 21
T 2773 6 0 3 0
E 2773 0 -9 -27
E 2773 1 -7 -22
E 2773 2 -5 -17
T 2774 24 0 3 0
E 2774 4 4 13
E 2774 5 6 18
E 2774 6 7 23
T 2775 1 0 4 0
E 2775 0 -10 -31
E 2775 1 -8 -26
E 2775 2 -7 -21
E 2775 3 -5 -16
T 2776 20 0 2 0
E 2776 5 5 17
E 2776 6 7 22
T 2777 6 0 3 0
E 2777 0 -8 -26
E 2777 1 -7 -21
E 2777 2 -5 -16
T 2778 22 0 2 0
E 2778 5 4 13
E 2778 6 6 18
T 2779 2 0 4 0
E 2779 0 -9 -29
E 2779 1 -8 -24
E 2779 2 -6 -19
E 2779 3 -4 -14
T 2780 34 0 5 0
E 2780 2 4 13
E 2780 3 6 18
E 2780 4 7 23
E 2780 5 9 28
E 2780 6 11 33
T 2781 1 0 4 0
E 2781 0 -10 -32
E 2781 1 -9 -27
E 2781 2 -7 -22
E 2781 3 -5 -17
T 2782 28 0 4 0
E 2782 3 4 14
E 2782 4 6 19
E 2782 5 8 24
E 2782 6 9 29
T 2783 6 0 3 0
E 2783 0 -8 -25
E 2783 1 -6 -20
E 2783 2 -5 -15
T 2784 21 0 2 0
E 2784 5 5 16
E 2784 6 7 21
T 2785 9 0 2 0
E 2785 0 -6 -20
E 2785 1 -5 -15
T 2786 25 0 3 0
E 2786 4 4 13
E 2786 5 6 18
E 2786 6 7 23
T 2787 10 0 2 0
E 2787 0 -6 -20
E 2787 1 -4 -14
T 2788 26 0 3 0
E 2788 4 5 15
E 2788 5 6 20
E 2788 6 8 25
T 2789 3 0 4 0
E 2789 0 -11 -34
E 2789 1 -8 -26
E 2789 2 -7 -21
E 2789 3 -5 -16
T 2790 32 0 4 0
E 2790 3 5 16
E 2790 4 7 21
E 2790 5 8 26
E 2790 6 10 31
T 2791 3 0 4 0
E 2791 0 -11 -35
E 2791 1 -9 -27
E 2791 2 -7 -21
E 2791 3 -5 -16
T 2792 38 0 5 0
E 2792 2 4 13
E 2792 3 6 18
E 2792 4 7 23
E 2792 5 9 28
E 2792 6 11 33
T 2793 4 0 5 0
E 2793 0 -14 -42
E 2793 1 -11 -34
E 2793 2 -9 -27
E 2793 3 -7 -22
E 2793 4 -5 -17
T 2794 42 0 5 0
E 2794 2 5 16
E 2794 3 7 21
E 2794 4 8 26
E 2794 5 10 31
E 2794 6 12 36
T 2795 2 0 5 0
E 2795 0 -13 -41
E 2795 1 -11 -33
E 2795 2 -8 -25
E 2795 3 -6 -20
E 2795 4 -5 -15
T 2796 36 0 4 0
E 2796 3 5 16
E 2796 4 7 21
E 2796 5 8 26
E 2796 6 10 31
T 2797 4 0 4 0
E 2797 0 -13 -39
E 2797 1 -10 -31
E 2797 2 -7 -23
E 2797 3 -5 -17
T 2798 32 0 3 0
E 2798 4 5 17
E 2798 5 7 22
E 2798 6 9 27
T 2799 5 0 4 0
E 2799 0 -12 -37
E 2799 1 -9 -29
E 2799 2 -7 -21
E 2799 3 -4 -13
T 2800 38 0 4 0
E 2800 3 5 17
E 2800 4 7 22
E 2800 5 9 27
E 2800 6 10 32
T 2801 9 0 3 0
E 2801 0 -12 -36
E 2801 1 -9 -28
E 2801 2 -6 -20
T 2802 38 0 4 0
E 2802 3 4 13
E 2802 4 6 19
E 2802 5 8 24
E 2802 6 9 29
T 2803 4 0 4 0
E 2803 0 -13 -41
E 2803 1 -11 -33
E 2803 2 -8 -25
E 2803 3 -5 -17
T 2804 42 0 4 0
E 2804 3 6 18
E 2804 4 8 26
E 2804 5 10 31
E 2804 6 12 36
T 2805 4 0 4 0
E 2805 0 -13 -41
E 2805 1 -11 -33
E 2805 2 -8 -25
E 2805 3 -5 -17
T 2806 43 0 4 0
E 2806 3 6 20
E 2806 4 9 28
E 2806 5 11 34
E 2806 6 13 39
T 2807 4 0 4 0
E 2807 0 -13 -39
E 2807 1 -10 -31
E 2807 2 -7 -23
E 2807 3 -5 -15
T 2808 37 0 3 0
E 2808 4 6 20
E 2808 5 9 27
E 2808 6 10 32
T 2809 9 0 3 0
E 2809 0 -11 -33
E 2809 1 -8 -25
E 2809 2 -5 -17
T 2810 44 0 4 0
E 2810 3 6 19
E 2810 4 9 27
E 2810 5 11 35
E 2810 6 13 40
T 2811 4 0 5 0
E 2811 0 -16 -49
E 2811 1 -13 -41
E 2811 2 -11 -33
E 2811 3 -8 -25
E 2811 4 -5 -17
T 2812 49 0 5 0
E 2812 2 4 14
E 2812 3 7 22
E 2812 4 10 30
E 2812 5 12 38
E 2812 6 14 44
T 2813 4 0 5 0
E 2813 0 -16 -48
E 2813 1 -13 -40
E 2813 2 -10 -32
E 2813 3 -8 -24
E 2813 4 -5 -16
T 2814 54 0 5 0
E 2814 2 6 20
E 2814 3 9 28
E 2814 4 12 36
E 2814 5 14 44
E 2814 6 17 52
T 2815 6 0 5 0
E 2815 0 -17 -52
E 2815 1 -14 -44
E 2815 2 -12 -36
E 2815 3 -9 -28
E 2815 4 -6 -20
T 2816 54 0 5 0
E 2816 2 6 19
E 2816 3 9 27
E 2816 4 11 35
E 2816 5 14 43
E 2816 6 17 51
T 2817 6 0 5 0
E 2817 0 -17 -51
E 2817 1 -14 -43
E 2817 2 -11 -35
E 2817 3 -9 -27
E 2817 4 -6 -19
T 2818 52 0 5 0
E 2818 2 5 17
E 2818 3 8 25
E 2818 4 11 33
E 2818 5 13 41
E 2818 6 16 49
T 2819 18 0 6 0
E 2819 0 -20 -60
E 2819 1 -17 -52
E 2819 2 -14 -44
E 2819 3 -12 -36
E 2819 4 -9 -28
E 2819 5 -6 -20
T 2820 13 0 7 1
E 2820 0 1 13
E 2820 1 2 21
E 2820 2 3 29
E 2820 3 4 37
E 2820 4 5 45
E 2820 5 5 53
E 2820 6 6 61
T 2821 25 0 4 0
E 2821 0 -7 -21
E 2821 1 -4 -13
E 2821 5 6 19
E 2821 6 9 27
T 2822 25 0 4 0
E 2822 0 -7 -21
E 2822 1 -4 -13
E 2822 5 6 19
E 2822 6 9 27
T 2823 25 0 4 0
E 2823 0 -7 -22
E 2823 1 -4 -14
E 2823 5 6 18
E 2823 6 8 26
T 2824 15 0 4 0
E 2824 0 -10 -30
E 2824 1 -7 -22
E 2824 2 -4 -14
E 2824 6 6 18
T 2825 25 0 4 0
E 2825 0 -7 -21
E 2825 1 -4 -13
E 2825 5 6 19
E 2825 6 9 27
T 2826 14 0 4 0
E 2826 0 -11 -33
E 2826 1 -8 -25
E 2826 2 -5 -17
E 2826 6 5 15
T 2827 35 0 4 0
E 2827 0 -4 -13
E 2827 4 6 19
E 2827 5 9 27
E 2827 6 11 35
T 2828 13 0 4 0
E 2828 0 -11 -35
E 2828 1 -9 -27
E 2828 2 -6 -19
E 2828 6 4 13
T 2829 34 0 4 0
E 2829 0 -5 -15
E 2829 4 5 17
E 2829 5 8 25
E 2829 6 11 33
T 2830 5 0 4 0
E 2830 0 -12 -37
E 2830 1 -9 -29
E 2830 2 -7 -21
E 2830 3 -4 -13
T 2831 44 0 4 0
E 2831 3 5 16
E 2831 4 8 24
E 2831 5 10 32
E 2831 6 13 40
T 2832 4 0 5 0
E 2832 0 -16 -49
E 2832 1 -13 -41
E 2832 2 -11 -33
E 2832 3 -8 -25
E 2832 4 -5 -17
T 2833 60 0 6 0
E 2833 1 4 14
E 2833 2 7 22
E 2833 3 10 30
E 2833 4 12 38
E 2833 5 15 46
E 2833 6 18 54
T 2834 37 0 7 1
E 2834 0 -7 -66
E 2834 1 -6 -58
E 2834 2 -5 -50
E 2834 3 -4 -42
E 2834 4 -3 -34
E 2834 5 -2 -26
E 2834 6 -2 -18
T 2835 5 0 4 0
E 2835 0 -12 -38
E 2835 1 -10 -30
E 2835 2 -7 -22
E 2835 3 -4 -14
T 2836 51 0 5 0
E 2836 2 5 15
E 2836 3 7 23
E 2836 4 10 31
E 2836 5 13 39
E 2836 6 15 47
T 2837 11 0 6 0
E 2837 0 -17 -53
E 2837 1 -15 -45
E 2837 2 -12 -37
E 2837 3 -9 -29
E 2837 4 -7 -21
E 2837 5 -4 -13
T 2838 59 0 6 0
E 2838 1 4 13
E 2838 2 7 21
E 2838 3 9 29
E 2838 4 12 37
E 2838 5 15 45
E 2838 6 17 53
T 2839 37 0 7 1
E 2839 0 -7 -66
E 2839 1 -6 -58
E 2839 2 -5 -50
E 2839 3 -4 -42
E 2839 4 -3 -34
E 2839 5 -2 -26
E 2839 6 -2 -18
T 2840 4 0 4 0
E 2840 0 -13 -39
E 2840 1 -10 -31
E 2840 2 -7 -23
E 2840 3 -5 -15
T 2841 45 0 4 0
E 2841 3 6 18
E 2841 4 8 26
E 2841 5 11 34
E 2841 6 14 42
T 2842 6 0 5 0
E 2842 0 -17 -51
E 2842 1 -14 -43
E 2842 2 -11 -35
E 2842 3 -9 -27
E 2842 4 -6 -19
T 2843 53 0 5 0
E 2843 2 6 18
E 2843 3 8 26
E 2843 4 11 34
E 2843 5 14 42
E 2843 6 16 50
T 2844 17 0 6 0
E 2844 0 -19 -59
E 2844 1 -17 -51
E 2844 2 -14 -43
E 2844 3 -11 -35
E 2844 4 -9 -27
E 2844 5 -6 -19
T 2845 11 0 7 1
E 2845 0 2 22
E 2845 1 3 30
E 2845 2 4 38
E 2845 3 5 46
E 2845 4 6 54
E 2845 5 6 62
E 2845 6 7 70
T 2846 35 0 4 0
E 2846 0 -4 -13
E 2846 4 6 19
E 2846 5 9 27
E 2846 6 11 35
T 2847 5 0 4 0
E 2847 0 -12 -37
E 2847 1 -9 -29
E 2847 2 -7 -21
E 2847 3 -4 -13
T 2848 44 0 4 0
E 2848 3 5 15
E 2848 4 7 23
E 2848 5 10 31
E 2848 6 13 39
T 2849 3 0 5 0
E 2849 0 -15 -47
E 2849 1 -13 -39
E 2849 2 -10 -31
E 2849 3 -7 -23
E 2849 4 -5 -15
T 2850 51 0 5 0
E 2850 2 5 15
E 2850 3 7 23
E 2850 4 10 31
E 2850 5 13 39
E 2850 6 15 47
T 2851 15 0 6 0
E 2851 0 -19 -57
E 2851 1 -16 -49
E 2851 2 -13 -41
E 2851 3 -11 -33
E 2851 4 -8 -25
E 2851 5 -5 -17
T 2852 11 0 7 1
E 2852 0 2 20
E 2852 1 3 28
E 2852 2 4 36
E 2852 3 4 44
E 2852 4 5 52
E 2852 5 6 60
E 2852 6 7 68
T 2853 35 0 4 0
E 2853 0 -4 -14
E 2853 4 6 18
E 2853 5 8 26
E 2853 6 11 34
T 2854 3 0 4 0
E 2854 0 -14 -43
E 2854 1 -11 -35
E 2854 2 -9 -27
E 2854 3 -6 -19
T 2855 44 0 4 0
E 2855 3 5 15
E 2855 4 7 23
E 2855 5 10 31
E 2855 6 13 39
T 2856 4 0 4 0
E 2856 0 -13 -40
E 2856 1 -10 -32
E 2856 2 -8 -24
E 2856 3 -5 -16
T 2857 43 0 4 0
E 2857 3 4 14
E 2857 4 7 22
E 2857 5 10 30
E 2857 6 12 38
T 2858 2 0 5 0
E 2858 0 -15 -46
E 2858 1 -12 -38
E 2858 2 -10 -30
E 2858 3 -7 -22
E 2858 4 -4 -14
T 2859 52 0 5 0
E 2859 2 5 17
E 2859 3 8 25
E 2859 4 11 33
E 2859 5 13 41
E 2859 6 16 49
T 2860 14 0 6 0
E 2860 0 -18 -56
E 2860 1 -16 -48
E 2860 2 -13 -40
E 2860 3 -10 -32
E 2860 4 -8 -24
E 2860 5 -5 -16
T 2861 66 0 6 0
E 2861 1 6 20
E 2861 2 9 28
E 2861 3 12 36
E 2861 4 14 44
E 2861 5 17 52
E 2861 6 20 60
T 2862 37 0 7 1
E 2862 0 -7 -65
E 2862 1 -6 -57
E 2862 2 -5 -49
E 2862 3 -4 -41
E 2862 4 -3 -33
E 2862 5 -2 -25
E 2862 6 -1 -17
T 2863 3 0 4 0
E 2863 0 -14 -42
E 2863 1 -11 -34
E 2863 2 -8 -26
E 2863 3 -6 -18
T 2864 52 0 5 0
E 2864 2 5 16
E 2864 3 8 24
E 2864 4 10 32
E 2864 5 13 40
E 2864 6 16 48
T 2865 17 0 6 0
E 2865 0 -19 -59
E 2865 1 -17 -51
E 2865 2 -14 -43
E 2865 3 -11 -35
E 2865 4 -9 -27
E 2865 5 -6 -19
T 2866 64 0 6 0
E 2866 1 6 18
E 2866 2 8 26
E 2866 3 11 34
E 2866 4 14 42
E 2866 5 16 50
E 2866 6 19 58
T 2867 17 0 6 0
E 2867 0 -19 -59
E 2867 1 -17 -51
E 2867 2 -14 -43
E 2867 3 -11 -35
E 2867 4 -9 -27
E 2867 5 -6 -19
T 2868 11 0 7 1
E 2868 0 2 20
E 2868 1 3 28
E 2868 2 4 36
E 2868 3 4 44
E 2868 4 5 52
E 2868 5 6 60
E 2868 6 7 68
T 2869 35 0 4 0
E 2869 0 -4 -13
E 2869 4 6 19
E 2869 5 9 27
E 2869 6 11 35
T 2870 4 0 4 0
E 2870 0 -13 -39
E 2870 1 -10 -31
E 2870 2 -7 -23
E 2870 3 -5 -15
T 2871 52 0 5 0
E 2871 2 5 16
E 2871 3 8 24
E 2871 4 10 32
E 2871 5 13 40
E 2871 6 16 48
T 2872 13 0 6 0
E 2872 0 -18 -55
E 2872 1 -15 -47
E 2872 2 -13 -39
E 2872 3 -10 -31
E 2872 4 -7 -23
E 2872 5 -5 -15
T 2873 13 0 7 1
E 2873 0 1 13
E 2873 1 2 21
E 2873 2 3 29
E 2873 3 4 37
E 2873 4 5 45
E 2873 5 5 53
E 2873 6 6 61
T 2874 43 0 4 0
E 2874 3 4 13
E 2874 4 7 21
E 2874 5 9 29
E 2874 6 12 37
T 2875 4 0 5 0
E 2875 0 -16 -49
E 2875 1 -13 -41
E 2875 2 -11 -33
E 2875 3 -8 -25
E 2875 4 -5 -17
T 2876 60 0 6 0
E 2876 1 4 14
E 2876 2 7 22
E 2876 3 10 30
E 2876 4 12 38
E 2876 5 15 46
E 2876 6 18 54
T 2877 37 0 7 1
E 2877 0 -7 -67
E 2877 1 -6 -59
E 2877 2 -5 -51
E 2877 3 -4 -43
E 2877 4 -3 -35
E 2877 5 -3 -27
E 2877 6 -2 -19
T 2878 14 0 4 0
E 2878 0 -11 -33
E 2878 1 -8 -25
E 2878 2 -5 -17
E 2878 6 5 15
T 2879 25 0 4 0
E 2879 0 -7 -21
E 2879 1 -4 -13
E 2879 5 6 19
E 2879 6 9 27
T 2880 19 0 4 0
E 2880 0 5 16
E 2880 1 -8 -24
E 2880 2 -5 -16
E 2880 6 5 16
T 2881 20 0 4 0
E 2881 0 7 22
E 2881 1 -7 -21
E 2881 2 -4 -13
E 2881 6 6 19
T 2882 14 0 4 0
E 2882 0 9 28
E 2882 1 -6 -18
E 2882 5 4 14
E 2882 6 7 22
T 2883 35 0 4 0
E 2883 0 5 17
E 2883 1 -10 -32
E 2883 2 -8 -24
E 2883 3 -5 -16
T 2884 26 0 4 0
E 2884 0 10 31
E 2884 1 -7 -22
E 2884 2 -4 -14
E 2884 6 6 18
T 2885 24 0 4 0
E 2885 0 8 25
E 2885 1 5 17
E 2885 2 -7 -23
E 2885 3 -5 -15
T 2886 24 0 4 0
E 2886 0 9 29
E 2886 1 7 21
E 2886 2 -7 -22
E 2886 3 -4 -14
T 2887 27 0 4 0
E 2887 0 8 26
E 2887 1 6 18
E 2887 2 -9 -28
E 2887 3 -6 -20
T 2888 35 0 5 0
E 2888 0 8 25
E 2888 1 5 17
E 2888 2 -10 -32
E 2888 3 -8 -24
E 2888 4 -5 -16
T 2889 19 0 4 0
E 2889 0 14 42
E 2889 1 11 34
E 2889 2 -6 -19
E 2889 6 4 13
T 2890 33 0 5 0
E 2890 0 8 26
E 2890 1 6 18
E 2890 3 -10 -30
E 2890 4 -7 -22
E 2890 5 -4 -14
T 2891 35 0 5 0
E 2891 0 9 28
E 2891 1 6 20
E 2891 3 -10 -31
E 2891 4 -7 -23
E 2891 5 -5 -15
T 2892 20 0 5 0
E 2892 0 13 41
E 2892 1 11 33
E 2892 2 8 25
E 2892 3 -7 -21
E 2892 4 -4 -13
T 2893 59 0 5 0
E 2893 0 5 15
E 2893 3 -16 -50
E 2893 4 -14 -42
E 2893 5 -11 -34
E 2893 6 -8 -26
T 2894 4 0 4 0
E 2894 0 20 62
E 2894 1 18 54
E 2894 2 15 46
E 2894 6 5 17
T 2895 60 0 4 0
E 2895 3 -5 -17
E 2895 4 -19 -57
E 2895 5 -16 -49
E 2895 6 -13 -41
T 2896 3 0 4 0
E 2896 0 20 61
E 2896 1 17 53
E 2896 2 15 45
E 2896 3 12 37
T 2897 81 0 6 0
E 2897 1 -4 -13
E 2897 2 -7 -21
E 2897 3 -9 -29
E 2897 4 -25 -75
E 2897 5 -22 -67
E 2897 6 -19 -59
T 2898 50 0 7 1
E 2898 0 9 87
E 2898 1 8 79
E 2898 2 7 71
E 2898 3 7 63
E 2898 4 1 14
E 2898 5 2 22
E 2898 6 3 30
T 2899 4 0 5 0
E 2899 0 19 57
E 2899 1 16 49
E 2899 2 13 41
E 2899 3 11 33
E 2899 4 -6 -20
T 2900 67 0 5 0
E 2900 2 -5 -15
E 2900 3 -7 -23
E 2900 4 -10 -31
E 2900 5 -23 -71
E 2900 6 -21 -63
T 2901 20 0 5 0
E 2901 0 24 72
E 2901 1 21 64
E 2901 2 18 56
E 2901 3 16 48
E 2901 4 13 40
T 2902 20 0 7 1
E 2902 0 -1 -14
E 2902 1 -2 -22
E 2902 2 -3 -30
E 2902 3 -4 -38
E 2902 4 -5 -46
E 2902 5 -10 -92
E 2902 6 -9 -84
T 2903 47 0 4 0
E 2903 0 7 22
E 2903 1 4 14
E 2903 5 -19 -59
E 2903 6 -17 -51
T 2904 40 0 7 1
E 2904 0 5 50
E 2904 1 4 42
E 2904 2 3 34
E 2904 3 2 26
E 2904 4 2 18
E 2904 5 -3 -35
E 2904 6 -3 -27
T 2905 17 0 5 0
E 2905 0 13 41
E 2905 1 11 33
E 2905 2 8 25
E 2905 3 5 17
E 2905 6 -13 -39
T 2906 45 0 4 0
E 2906 0 6 19
E 2906 4 -4 -13
E 2906 5 -7 -21
E 2906 6 -21 -64
T 2907 17 0 5 0
E 2907 0 14 42
E 2907 1 11 34
E 2907 2 8 26
E 2907 3 6 18
E 2907 6 -14 -44
T 2908 37 0 4 0
E 2908 0 8 24
E 2908 1 5 16
E 2908 5 -5 -16
E 2908 6 -21 -65
T 2909 20 0 5 0
E 2909 0 14 42
E 2909 1 11 34
E 2909 2 8 26
E 2909 3 6 18
E 2909 6 -17 -51
T 2910 23 0 4 0
E 2910 0 9 27
E 2910 1 6 19
E 2910 5 -4 -13
E 2910 6 -7 -21
T 2911 23 0 4 0
E 2911 0 8 26
E 2911 1 6 18
E 2911 5 -4 -14
E 2911 6 -7 -22
T 2912 24 0 4 0
E 2912 0 7 23
E 2912 1 5 15
E 2912 5 -5 -17
E 2912 6 -8 -25
T 2913 24 1 4 0
E 2913 0 8 24
E 2913 1 5 16
E 2913 5 -5 -16
E 2913 6 -8 -24
T 2914 23 0 4 0
E 2914 0 8 26
E 2914 1 6 18
E 2914 5 -4 -14
E 2914 6 -7 -22
T 2915 25 0 4 0
E 2915 0 7 21
E 2915 1 4 13
E 2915 5 -6 -19
E 2915 6 -9 -27
T 2916 19 0 3 0
E 2916 0 9 28
E 2916 1 6 20
E 2916 6 -6 -20
T 2917 24 0 4 0
E 2917 0 7 23
E 2917 1 5 15
E 2917 5 -5 -17
E 2917 6 -8 -25
T 2918 19 0 3 0
E 2918 0 9 28
E 2918 1 6 20
E 2918 6 -6 -20
T 2919 24 0 4 0
E 2919 0 8 25
E 2919 1 5 17
E 2919 5 -5 -15
E 2919 6 -7 -23
T 2920 24 0 4 0
E 2920 0 7 23
E 2920 1 5 15
E 2920 5 -5 -17
E 2920 6 -8 -25
T 2921 33 0 4 0
E 2921 0 6 19
E 2921 4 -4 -13
E 2921 5 -7 -21
E 2921 6 -9 -29
T 2922 5 0 4 0
E 2922 0 12 38
E 2922 1 10 30
E 2922 2 7 22
E 2922 3 4 14
T 2923 45 0 4 0
E 2923 3 -6 -18
E 2923 4 -8 -26
E 2923 5 -11 -34
E 2923 6 -14 -42
T 2924 2 0 5 0
E 2924 0 15 45
E 2924 1 12 37
E 2924 2 9 29
E 2924 3 7 21
E 2924 4 4 13
T 2925 52 0 5 0
E 2925 2 -5 -17
E 2925 3 -8 -25
E 2925 4 -11 -33
E 2925 5 -13 -41
E 2925 6 -16 -49
T 2926 6 0 5 0
E 2926 0 17 52
E 2926 1 14 44
E 2926 2 12 36
E 2926 3 9 28
E 2926 4 6 20
T 2927 54 0 5 0
E 2927 2 -6 -19
E 2927 3 -9 -27
E 2927 4 -11 -35
E 2927 5 -14 -43
E 2927 6 -17 -51
T 2928 5 0 5 0
E 2928 0 16 50
E 2928 1 14 42
E 2928 2 11 34
E 2928 3 8 26
E 2928 4 6 18
T 2929 63 0 6 0
E 2929 1 -5 -17
E 2929 2 -8 -25
E 2929 3 -11 -33
E 2929 4 -13 -41
E 2929 5 -16 -49
E 2929 6 -19 -57
T 2930 35 0 7 1
E 2930 0 6 62
E 2930 1 6 54
E 2930 2 5 46
E 2930 3 4 38
E 2930 4 3 30
E 2930 5 2 22
E 2930 6 1 14
T 2931 15 0 4 0
E 2931 0 10 30
E 2931 1 7 22
E 2931 2 4 14
E 2931 6 -6 -18
T 2932 33 0 4 0
E 2932 0 6 18
E 2932 4 -4 -14
E 2932 5 -7 -22
E 2932 6 -10 -30
T 2933 13 0 4 0
E 2933 0 11 35
E 2933 1 9 27
E 2933 2 6 19
E 2933 6 -4 -13
T 2934 33 0 4 0
E 2934 0 6 18
E 2934 4 -4 -14
E 2934 5 -7 -22
E 2934 6 -10 -30
T 2935 5 0 4 0
E 2935 0 12 38
E 2935 1 10 30
E 2935 2 7 22
E 2935 3 4 14
T 2936 45 0 4 0
E 2936 3 -6 -18
E 2936 4 -8 -26
E 2936 5 -11 -34
E 2936 6 -14 -42
T 2937 2 0 5 0
E 2937 0 15 45
E 2937 1 12 37
E 2937 2 9 29
E 2937 3 7 21
E 2937 4 4 13
T 2938 54 0 5 0
E 2938 2 -6 -20
E 2938 3 -9 -28
E 2938 4 -12 -36
E 2938 5 -14 -44
E 2938 6 -17 -52
T 2939 6 0 5 0
E 2939 0 17 52
E 2939 1 14 44
E 2939 2 12 36
E 2939 3 9 28
E 2939 4 6 20
T 2940 60 0 6 0
E 2940 1 -4 -14
E 2940 2 -7 -22
E 2940 3 -10 -30
E 2940 4 -12 -38
E 2940 5 -15 -46
E 2940 6 -18 -54
T 2941 14 0 6 0
E 2941 0 18 56
E 2941 1 16 48
E 2941 2 13 40
E 2941 3 10 32
E 2941 4 8 24
E 2941 5 5 16
T 2942 13 0 7 1
E 2942 0 -1 -13
E 2942 1 -2 -21
E 2942 2 -3 -29
E 2942 3 -4 -37
E 2942 4 -5 -45
E 2942 5 -5 -53
E 2942 6 -6 -61
T 2943 29 0 3 0
E 2943 0 6 20
E 2943 5 -6 -20
E 2943 6 -9 -28
T 2944 23 0 4 0
E 2944 0 8 26
E 2944 1 6 18
E 2944 5 -4 -14
E 2944 6 -7 -22
T 2945 24 0 4 0
E 2945 0 7 23
E 2945 1 5 15
E 2945 5 -5 -17
E 2945 6 -8 -25
T 2946 29 0 3 0
E 2946 0 6 20
E 2946 5 -6 -20
E 2946 6 -9 -28
T 2947 15 0 4 0
E 2947 0 10 30
E 2947 1 7 22
E 2947 2 4 14
E 2947 6 -6 -18
T 2948 34 0 4 0
E 2948 0 5 15
E 2948 4 -5 -17
E 2948 5 -8 -25
E 2948 6 -11 -33
T 2949 14 0 4 0
E 2949 0 10 31
E 2949 1 7 23
E 2949 2 5 15
E 2949 6 -5 -17
T 2950 25 0 4 0
E 2950 0 7 22
E 2950 1 4 14
E 2950 5 -6 -18
E 2950 6 -8 -26
T 2951 25 0 4 0
E 2951 0 7 21
E 2951 1 4 13
E 2951 5 -6 -19
E 2951 6 -9 -27
T 2952 24 0 4 0
E 2952 0 8 25
E 2952 1 5 17
E 2952 5 -5 -15
E 2952 6 -7 -23
T 2953 19 0 3 0
E 2953 0 9 28
E 2953 1 6 20
E 2953 6 -6 -20
T 2954 33 0 4 0
E 2954 0 6 19
E 2954 4 -4 -13
E 2954 5 -7 -21
E 2954 6 -9 -29
T 2955 5 0 4 0
E 2955 0 12 38
E 2955 1 10 30
E 2955 2 7 22
E 2955 3 4 14
T 2956 45 0 4 0
E 2956 3 -6 -20
E 2956 4 -9 -28
E 2956 5 -12 -36
E 2956 6 -14 -44
T 2957 6 0 5 0
E 2957 0 17 51
E 2957 1 14 43
E 2957 2 11 35
E 2957 3 9 27
E 2957 4 6 19
T 2958 63 0 6 0
E 2958 1 -5 -17
E 2958 2 -8 -25
E 2958 3 -11 -33
E 2958 4 -13 -41
E 2958 5 -16 -49
E 2958 6 -19 -57
T 2959 37 0 7 1
E 2959 0 7 66
E 2959 1 6 58
E 2959 2 5 50
E 2959 3 4 42
E 2959 4 3 34
E 2959 5 2 26
E 2959 6 2 18
T 2960 13 0 4 0
E 2960 0 11 34
E 2960 1 8 26
E 2960 2 6 18
E 2960 6 -4 -14
T 2961 33 0 4 0
E 2961 0 6 19
E 2961 4 -4 -13
E 2961 5 -7 -21
E 2961 6 -9 -29
T 2962 14 0 4 0
E 2962 0 10 32
E 2962 1 8 24
E 2962 2 5 16
E 2962 6 -5 -16
T 2963 44 0 4 0
E 2963 3 -5 -15
E 2963 4 -7 -23
E 2963 5 -10 -31
E 2963 6 -13 -39
T 2964 6 0 5 0
E 2964 0 17 51
E 2964 1 14 43
E 2964 2 11 35
E 2964 3 9 27
E 2964 4 6 19
T 2965 53 0 5 0
E 2965 2 -6 -18
E 2965 3 -8 -26
E 2965 4 -11 -34
E 2965 5 -14 -42
E 2965 6 -16 -50
T 2966 12 0 6 0
E 2966 0 18 54
E 2966 1 15 46
E 2966 2 12 38
E 2966 3 10 30
E 2966 4 7 22
E 2966 5 4 14
T 2967 54 0 5 0
E 2967 2 -6 -20
E 2967 3 -9 -28
E 2967 4 -12 -36
E 2967 5 -14 -44
E 2967 6 -17 -52
T 2968 17 0 6 0
E 2968 0 19 59
E 2968 1 17 51
E 2968 2 14 43
E 2968 3 11 35
E 2968 4 9 27
E 2968 5 6 19
T 2969 11 0 7 1
E 2969 0 -2 -19
E 2969 1 -3 -27
E 2969 2 -3 -35
E 2969 3 -4 -43
E 2969 4 -5 -51
E 2969 5 -6 -59
E 2969 6 -7 -67
T 2970 34 0 4 0
E 2970 0 5 15
E 2970 4 -5 -17
E 2970 5 -8 -25
E 2970 6 -11 -33
T 2971 13 0 4 0
E 2971 0 11 34
E 2971 1 8 26
E 2971 2 6 18
E 2971 6 -4 -14
T 2972 43 0 4 0
E 2972 3 -4 -13
E 2972 4 -7 -21
E 2972 5 -9 -29
E 2972 6 -12 -37
T 2973 5 0 4 0
E 2973 0 12 38
E 2973 1 10 30
E 2973 2 7 22
E 2973 3 4 14
T 2974 43 0 4 0
E 2974 3 -4 -14
E 2974 4 -7 -22
E 2974 5 -10 -30
E 2974 6 -12 -38
T 2975 4 0 5 0
E 2975 0 16 48
E 2975 1 13 40
E 2975 2 10 32
E 2975 3 8 24
E 2975 4 5 16
T 2976 60 0 6 0
E 2976 1 -4 -14
E 2976 2 -7 -22
E 2976 3 -10 -30
E 2976 4 -12 -38
E 2976 5 -15 -46
E 2976 6 -18 -54
T 2977 32 0 7 1
E 2977 0 6 58
E 2977 1 5 53
E 2977 2 5 45
E 2977 3 4 37
E 2977 4 3 29
E 2977 5 2 21
E 2977 6 1 13
T 2978 2 0 4 0
E 2978 0 10 32
E 2978 1 9 29
E 2978 2 7 21
E 2978 3 4 13
T 2979 31 0 3 0
E 2979 4 -5 -17
E 2979 5 -8 -25
E 2979 6 -11 -33
T 2980 11 0 5 0
E 2980 0 12 36
E 2980 1 13 39
E 2980 2 10 31
E 2980 3 7 23
E 2980 4 5 15
T 2981 38 0 5 0
E 2981 2 -5 -15
E 2981 3 -7 -23
E 2981 4 -10 -31
E 2981 5 -13 -39
E 2981 6 -15 -47
T 2982 13 0 5 0
E 2982 0 10 31
E 2982 1 12 36
E 2982 2 10 31
E 2982 3 7 23
E 2982 4 5 15
T 2983 37 0 6 0
E 2983 0 -5 -15
E 2983 2 -4 -13
E 2983 3 -7 -21
E 2983 4 -9 -29
E 2983 5 -12 -37
E 2983 6 -15 -45
T 2984 16 0 7 1
E 2984 0 4 40
E 2984 1 5 45
E 2984 2 5 45
E 2984 3 4 37
E 2984 4 3 29
E 2984 5 2 21
E 2984 6 1 13
T 2985 8 0 4 0
E 2985 0 5 15
E 2985 1 6 20
E 2985 2 7 23
E 2985 3 5 15
T 2986 22 0 5 0
E 2986 0 -5 -15
E 2986 3 -4 -13
E 2986 4 -7 -21
E 2986 5 -9 -29
E 2986 6 -12 -37
T 2987 19 0 5 0
E 2987 0 7 22
E 2987 1 9 27
E 2987 2 10 32
E 2987 3 9 27
E 2987 4 6 19
T 2988 18 0 5 0
E 2988 0 -6 -18
E 2988 1 -4 -13
E 2988 4 -6 -19
E 2988 5 -9 -27
E 2988 6 -11 -35
T 2989 28 0 6 0
E 2989 0 7 23
E 2989 1 9 28
E 2989 2 11 33
E 2989 3 11 33
E 2989 4 8 25
E 2989 5 5 17
T 2990 20 0 6 0
E 2990 0 -8 -24
E 2990 1 -6 -19
E 2990 2 -4 -14
E 2990 4 -6 -19
E 2990 5 -9 -27
E 2990 6 -11 -35
T 2991 29 0 6 0
E 2991 0 6 19
E 2991 1 8 24
E 2991 2 9 29
E 2991 3 11 34
E 2991 4 8 26
E 2991 5 6 18
T 2992 13 0 7 1
E 2992 0 -3 -28
E 2992 1 -2 -23
E 2992 2 -2 -18
E 2992 3 -1 -13
E 2992 4 -2 -18
E 2992 5 -2 -26
E 2992 6 -3 -34
T 2993 1 0 3 0
E 2993 0 -5 -17
E 2993 5 -4 -13
E 2993 6 -7 -21
T 2994 8 0 2 0
E 2994 3 5 17
E 2994 4 5 17
T 2995 9 0 1 0
E 2995 0 -4 -13
T 2996 10 0 1 0
E 2996 4 5 15
T 2997 10 0 1 0
E 2997 4 4 14
T 2998 9 0 1 0
E 2998 0 -4 -13
T 2999 15 0 2 0
E 2999 4 5 15
E 2999 5 5 15
T 3000 14 0 1 0
E 3000 5 4 13
T 3001 14 0 1 0
E 3001 5 5 16
T 3002 9 0 2 0
E 3002 0 -7 -21
E 3002 1 -5 -16
T 3003 21 0 3 0
E 3003 4 5 15
E 3003 5 6 20
E 3003 6 5 17
T 3004 6 0 3 0
E 3004 0 -7 -23
E 3004 1 -6 -18
E 3004 2 -4 -13
T 3005 27 0 4 0
E 3005 3 4 13
E 3005 4 6 18
E 3005 5 7 23
E 3005 6 8 26
T 3006 6 0 3 0
E 3006 0 -8 -24
E 3006 1 -6 -19
E 3006 2 -4 -14
T 3007 22 0 2 0
E 3007 5 4 13
E 3007 6 6 18
T 3008 2 0 4 0
E 3008 0 -9 -29
E 3008 1 -8 -24
E 3008 2 -6 -19
E 3008 3 -4 -14
T 3009 28 0 4 0
E 3009 3 4 13
E 3009 4 6 18
E 3009 5 7 23
E 3009 6 9 28
T 3010 6 0 3 0
E 3010 0 -7 -23
E 3010 1 -6 -18
E 3010 2 -4 -13
T 3011 21 0 2 0
E 3011 5 5 15
E 3011 6 6 20
T 3012 15 0 2 0
E 3012 0 -5 -16
E 3012 6 4 14
T 3013 9 0 2 0
E 3013 0 -7 -21
E 3013 1 -5 -16
T 3014 15 1 2 0
E 3014 0 -5 -15
E 3014 6 5 15
T 3015 15 0 2 0
E 3015 0 -5 -16
E 3015 6 4 14
T 3016 9 0 2 0
E 3016 0 -6 -19
E 3016 1 -4 -14
T 3017 15 1 2 0
E 3017 0 -5 -15
E 3017 6 5 15
T 3018 15 0 2 0
E 3018 0 -5 -16
E 3018 6 4 14
T 3019 8 0 2 0
E 3019 0 -6 -18
E 3019 1 -4 -13
T 3020 15 0 2 0
E 3020 0 -4 -14
E 3020 6 5 16
T 3021 15 0 2 0
E 3021 0 -4 -14
E 3021 6 5 16
T 3022 22 0 2 0
E 3022 5 4 13
E 3022 6 6 18
T 3023 6 0 3 0
E 3023 0 -9 -27
E 3023 1 -7 -22
E 3023 2 -5 -17
T 3024 14 0 2 0
E 3024 0 -4 -13
E 3024 6 5 17
T 3025 21 0 2 0
E 3025 5 5 16
E 3025 6 7 21
T 3026 10 0 2 0
E 3026 0 -6 -20
E 3026 1 -4 -14
T 3027 25 0 3 0
E 3027 4 4 14
E 3027 5 6 19
E 3027 6 8 24
T 3028 11 0 2 0
E 3028 0 -8 -24
E 3028 1 -5 -17
T 3029 24 0 2 0
E 3029 5 5 16
E 3029 6 7 21
T 3030 18 0 2 0
E 3030 0 -6 -20
E 3030 6 4 13
T 3031 18 0 2 0
E 3031 0 -6 -19
E 3031 6 5 15
T 3032 21 0 3 0
E 3032 0 -5 -16
E 3032 5 4 13
E 3032 6 6 18
T 3033 12 0 2 0
E 3033 0 -9 -27
E 3033 1 -6 -19
T 3034 19 0 2 0
E 3034 0 -6 -20
E 3034 6 5 16
T 3035 22 0 3 0
E 3035 0 -6 -18
E 3035 5 4 13
E 3035 6 6 18
T 3036 13 0 2 0
E 3036 0 -9 -28
E 3036 1 -6 -20
T 3037 23 0 3 0
E 3037 0 -6 -19
E 3037 5 4 13
E 3037 6 6 18
T 3038 23 0 3 0
E 3038 0 -6 -19
E 3038 5 4 14
E 3038 6 6 19
T 3039 16 0 3 0
E 3039 0 -8 -25
E 3039 1 -5 -17
E 3039 6 4 14
T 3040 24 0 3 0
E 3040 0 -6 -20
E 3040 5 4 14
E 3040 6 6 19
T 3041 17 0 3 0
E 3041 0 -8 -25
E 3041 1 -5 -17
E 3041 6 5 15
T 3042 21 0 4 0
E 3042 0 -7 -22
E 3042 1 -4 -14
E 3042 5 4 13
E 3042 6 6 18
T 3043 16 0 3 0
E 3043 0 -9 -27
E 3043 1 -6 -19
E 3043 6 4 14
T 3044 22 0 4 0
E 3044 0 -7 -21
E 3044 1 -4 -13
E 3044 5 5 16
E 3044 6 7 21
T 3045 17 0 3 0
E 3045 0 -9 -28
E 3045 1 -6 -20
E 3045 6 4 14
T 3046 33 0 4 0
E 3046 0 -4 -14
E 3046 4 6 18
E 3046 5 8 24
E 3046 6 9 29
T 3047 9 0 3 0
E 3047 0 -12 -36
E 3047 1 -9 -28
E 3047 2 -6 -20
T 3048 42 0 4 0
E 3048 3 5 17
E 3048 4 8 25
E 3048 5 10 32
E 3048 6 12 37
T 3049 2 0 5 0
E 3049 0 -15 -45
E 3049 1 -12 -37
E 3049 2 -9 -29
E 3049 3 -7 -21
E 3049 4 -4 -13
T 3050 44 0 4 0
E 3050 3 6 19
E 3050 4 9 27
E 3050 5 11 35
E 3050 6 13 40
T 3051 3 0 4 0
E 3051 0 -14 -43
E 3051 1 -11 -35
E 3051 2 -9 -27
E 3051 3 -6 -19
T 3052 49 0 5 0
E 3052 2 4 14
E 3052 3 7 22
E 3052 4 10 30
E 3052 5 12 38
E 3052 6 14 44
T 3053 12 0 6 0
E 3053 0 -18 -54
E 3053 1 -15 -46
E 3053 2 -12 -38
E 3053 3 -10 -30
E 3053 4 -7 -22
E 3053 5 -4 -14
T 3054 61 0 6 0
E 3054 1 5 15
E 3054 2 7 23
E 3054 3 10 31
E 3054 4 13 39
E 3054 5 15 47
E 3054 6 18 55
T 3055 37 0 7 1
E 3055 0 -7 -67
E 3055 1 -6 -59
E 3055 2 -5 -51
E 3055 3 -4 -43
E 3055 4 -3 -35
E 3055 5 -3 -27
E 3055 6 -2 -19
T 3056 5 0 4 0
E 3056 0 -12 -37
E 3056 1 -9 -29
E 3056 2 -7 -21
E 3056 3 -4 -13
T 3057 52 0 5 0
E 3057 2 5 16
E 3057 3 8 24
E 3057 4 10 32
E 3057 5 13 40
E 3057 6 16 48
T 3058 13 0 6 0
E 3058 0 -18 -55
E 3058 1 -15 -47
E 3058 2 -13 -39
E 3058 3 -10 -31
E 3058 4 -7 -23
E 3058 5 -5 -15
T 3059 59 0 6 0
E 3059 1 4 13
E 3059 2 7 21
E 3059 3 9 29
E 3059 4 12 37
E 3059 5 15 45
E 3059 6 17 53
T 3060 35 0 7 1
E 3060 0 -6 -62
E 3060 1 -6 -54
E 3060 2 -5 -46
E 3060 3 -4 -38
E 3060 4 -3 -30
E 3060 5 -2 -22
E 3060 6 -1 -14
T 3061 5 0 4 0
E 3061 0 -12 -37
E 3061 1 -9 -29
E 3061 2 -7 -21
E 3061 3 -4 -13
T 3062 44 0 4 0
E 3062 3 5 16
E 3062 4 8 24
E 3062 5 10 32
E 3062 6 13 40
T 3063 4 0 5 0
E 3063 0 -16 -48
E 3063 1 -13 -40
E 3063 2 -10 -32
E 3063 3 -8 -24
E 3063 4 -5 -16
T 3064 50 0 5 0
E 3064 2 4 13
E 3064 3 7 21
E 3064 4 9 29
E 3064 5 12 37
E 3064 6 15 45
T 3065 6 0 5 0
E 3065 0 -17 -51
E 3065 1 -14 -43
E 3065 2 -11 -35
E 3065 3 -9 -27
E 3065 4 -6 -19
T 3066 64 0 6 0
E 3066 1 6 18
E 3066 2 8 26
E 3066 3 11 34
E 3066 4 14 42
E 3066 5 16 50
E 3066 6 19 58
T 3067 37 0 7 1
E 3067 0 -7 -67
E 3067 1 -6 -59
E 3067 2 -5 -51
E 3067 3 -4 -43
E 3067 4 -3 -35
E 3067 5 -3 -27
E 3067 6 -2 -19
T 3068 4 0 4 0
E 3068 0 -13 -39
E 3068 1 -10 -31
E 3068 2 -7 -23
E 3068 3 -5 -15
T 3069 39 0 3 0
E 3069 4 6 20
E 3069 5 9 28
E 3069 6 12 36
T 3070 4 0 4 0
E 3070 0 -13 -40
E 3070 1 -10 -32
E 3070 2 -8 -24
E 3070 3 -5 -16
T 3071 51 0 5 0
E 3071 2 5 15
E 3071 3 7 23
E 3071 4 10 31
E 3071 5 13 39
E 3071 6 15 47
T 3072 6 0 5 0
E 3072 0 -17 -51
E 3072 1 -14 -43
E 3072 2 -11 -35
E 3072 3 -9 -27
E 3072 4 -6 -19
T 3073 64 0 6 0
E 3073 1 6 18
E 3073 2 8 26
E 3073 3 11 34
E 3073 4 14 42
E 3073 5 16 50
E 3073 6 19 58
T 3074 36 0 7 1
E 3074 0 -7 -64
E 3074 1 -6 -56
E 3074 2 -5 -48
E 3074 3 -4 -40
E 3074 4 -3 -32
E 3074 5 -2 -24
E 3074 6 -1 -16
T 3075 14 0 4 0
E 3075 0 -10 -32
E 3075 1 -8 -24
E 3075 2 -5 -16
E 3075 6 5 16
T 3076 34 0 4 0
E 3076 0 -5 -16
E 3076 4 5 16
E 3076 5 8 24
E 3076 6 10 32
T 3077 9 0 3 0
E 3077 0 -12 -36
E 3077 1 -9 -28
E 3077 2 -6 -20
T 3078 44 0 4 0
E 3078 3 5 17
E 3078 4 8 25
E 3078 5 11 33
E 3078 6 13 41
T 3079 4 0 5 0
E 3079 0 -16 -49
E 3079 1 -13 -41
E 3079 2 -11 -33
E 3079 3 -8 -25
E 3079 4 -5 -17
T 3080 54 0 5 0
E 3080 2 6 20
E 3080 3 9 28
E 3080 4 12 36
E 3080 5 14 44
E 3080 6 17 52
T 3081 35 0 7 1
E 3081 0 -6 -61
E 3081 1 -5 -53
E 3081 2 -5 -45
E 3081 3 -4 -37
E 3081 4 -3 -29
E 3081 5 -2 -21
E 3081 6 -1 -13
T 3082 9 0 3 0
E 3082 0 -12 -36
E 3082 1 -9 -28
E 3082 2 -6 -20
T 3083 35 0 4 0
E 3083 0 -4 -14
E 3083 4 6 18
E 3083 5 8 26
E 3083 6 11 34
T 3084 3 0 4 0
E 3084 0 -14 -43
E 3084 1 -11 -35
E 3084 2 -9 -27
E 3084 3 -6 -19
T 3085 45 0 4 0
E 3085 3 6 20
E 3085 4 9 28
E 3085 5 12 36
E 3085 6 14 44
T 3086 5 0 5 0
E 3086 0 -16 -50
E 3086 1 -14 -42
E 3086 2 -11 -34
E 3086 3 -8 -26
E 3086 4 -6 -18
T 3087 64 0 6 0
E 3087 1 6 18
E 3087 2 8 26
E 3087 3 11 34
E 3087 4 14 42
E 3087 5 16 50
E 3087 6 19 58
T 3088 37 0 7 1
E 3088 0 -8 -72
E 3088 1 -7 -64
E 3088 2 -6 -56
E 3088 3 -5 -48
E 3088 4 -4 -40
E 3088 5 -3 -32
E 3088 6 -2 -24
T 3089 14 0 4 0
E 3089 0 -11 -33
E 3089 1 -8 -25
E 3089 2 -5 -17
E 3089 6 5 15
T 3090 35 0 4 0
E 3090 0 -4 -14
E 3090 4 6 18
E 3090 5 8 26
E 3090 6 11 34
T 3091 5 0 4 0
E 3091 0 -12 -38
E 3091 1 -10 -30
E 3091 2 -7 -22
E 3091 3 -4 -14
T 3092 50 0 5 0
E 3092 2 4 14
E 3092 3 7 22
E 3092 4 10 30
E 3092 5 12 38
E 3092 6 15 46
T 3093 11 0 6 0
E 3093 0 -17 -53
E 3093 1 -15 -45
E 3093 2 -12 -37
E 3093 3 -9 -29
E 3093 4 -7 -21
E 3093 5 -4 -13
T 3094 13 0 7 1
E 3094 0 1 13
E 3094 1 2 21
E 3094 2 3 29
E 3094 3 4 37
E 3094 4 5 45
E 3094 5 5 53
E 3094 6 6 61
T 3095 33 0 4 0
E 3095 0 -6 -19
E 3095 4 4 13
E 3095 5 7 21
E 3095 6 9 29
T 3096 14 0 4 0
E 3096 0 -11 -33
E 3096 1 -8 -25
E 3096 2 -5 -17
E 3096 6 5 15
T 3097 25 0 4 0
E 3097 0 -7 -21
E 3097 1 -4 -13
E 3097 5 6 19
E 3097 6 9 27
T 3098 25 0 4 0
E 3098 0 -7 -22
E 3098 1 -4 -14
E 3098 5 6 18
E 3098 6 8 26
T 3099 24 1 4 0
E 3099 0 -8 -24
E 3099 1 -5 -16
E 3099 5 5 16
E 3099 6 8 24
T 3100 29 0 3 0
E 3100 0 -6 -20
E 3100 5 6 20
E 3100 6 9 28
T 3101 13 0 4 0
E 3101 0 -11 -34
E 3101 1 -8 -26
E 3101 2 -6 -18
E 3101 6 4 14
T 3102 43 0 4 0
E 3102 3 4 13
E 3102 4 7 21
E 3102 5 9 29
E 3102 6 12 37
T 3103 6 0 5 0
E 3103 0 -17 -51
E 3103 1 -14 -43
E 3103 2 -11 -35
E 3103 3 -9 -27
E 3103 4 -6 -19
T 3104 59 0 6 0
E 3104 1 4 13
E 3104 2 7 21
E 3104 3 9 29
E 3104 4 12 37
E 3104 5 15 45
E 3104 6 17 53
T 3105 12 0 6 0
E 3105 0 -18 -54
E 3105 1 -15 -46
E 3105 2 -12 -38
E 3105 3 -10 -30
E 3105 4 -7 -22
E 3105 5 -4 -14
T 3106 12 0 7 1
E 3106 0 1 16
E 3106 1 2 24
E 3106 2 3 32
E 3106 3 4 40
E 3106 4 5 48
E 3106 5 6 56
E 3106 6 7 64
T 3107 33 0 4 0
E 3107 0 -6 -19
E 3107 4 4 13
E 3107 5 7 21
E 3107 6 9 29
T 3108 13 0 4 0
E 3108 0 -11 -34
E 3108 1 -8 -26
E 3108 2 -6 -18
E 3108 6 4 14
T 3109 29 0 3 0
E 3109 0 -6 -20
E 3109 5 6 20
E 3109 6 9 28
T 3110 15 0 4 0
E 3110 0 -9 -29
E 3110 1 -7 -21
E 3110 2 -4 -13
E 3110 6 6 19
T 3111 33 0 4 0
E 3111 0 -6 -19
E 3111 4 4 13
E 3111 5 7 21
E 3111 6 9 29
T 3112 14 0 4 0
E 3112 0 -10 -31
E 3112 1 -7 -23
E 3112 2 -5 -15
E 3112 6 5 17
T 3113 34 0 4 0
E 3113 0 -5 -16
E 3113 4 5 16
E 3113 5 8 24
E 3113 6 10 32
T 3114 9 0 3 0
E 3114 0 -12 -36
E 3114 1 -9 -28
E 3114 2 -6 -20
T 3115 44 0 4 0
E 3115 3 5 16
E 3115 4 8 24
E 3115 5 10 32
E 3115 6 13 40
T 3116 2 0 5 0
E 3116 0 -15 -45
E 3116 1 -12 -37
E 3116 2 -9 -29
E 3116 3 -7 -21
E 3116 4 -4 -13
T 3117 45 0 4 0
E 3117 3 6 19
E 3117 4 9 27
E 3117 5 11 35
E 3117 6 14 43
T 3118 2 0 5 0
E 3118 0 -15 -46
E 3118 1 -12 -38
E 3118 2 -10 -30
E 3118 3 -7 -22
E 3118 4 -4 -14
T 3119 59 0 6 0
E 3119 1 4 13
E 3119 2 7 21
E 3119 3 9 29
E 3119 4 12 37
E 3119 5 15 45
E 3119 6 17 53
T 3120 45 0 5 0
E 3120 1 -16 -50
E 3120 2 -14 -42
E 3120 3 -11 -34
E 3120 4 -8 -26
E 3120 5 -6 -18
T 3121 9 0 5 0
E 3121 0 15 45
E 3121 3 6 18
E 3121 4 8 26
E 3121 5 11 34
E 3121 6 14 42
T 3122 50 0 5 0
E 3122 1 -16 -48
E 3122 2 -13 -40
E 3122 3 -10 -32
E 3122 4 -8 -24
E 3122 5 -5 -16
T 3123 14 0 6 0
E 3123 0 19 57
E 3123 2 5 16
E 3123 3 8 24
E 3123 4 10 32
E 3123 5 13 40
E 3123 6 16 48
T 3124 15 0 7 1
E 3124 0 -1 -13
E 3124 1 -7 -66
E 3124 2 -6 -58
E 3124 3 -5 -50
E 3124 4 -4 -42
E 3124 5 -3 -34
E 3124 6 -2 -26
T 3125 33 0 4 0
E 3125 0 6 18
E 3125 2 -10 -30
E 3125 3 -7 -22
E 3125 4 -4 -14
T 3126 15 0 4 0
E 3126 0 11 34
E 3126 1 8 26
E 3126 2 -5 -17
E 3126 6 5 15
T 3127 46 0 5 0
E 3127 0 4 14
E 3127 2 -13 -40
E 3127 3 -10 -32
E 3127 4 -8 -24
E 3127 5 -5 -16
T 3128 8 0 4 0
E 3128 0 15 46
E 3128 1 12 38
E 3128 5 4 13
E 3128 6 7 21
T 3129 58 0 6 0
E 3129 0 5 15
E 3129 2 -15 -46
E 3129 3 -12 -38
E 3129 4 -10 -30
E 3129 5 -7 -22
E 3129 6 -4 -14
T 3130 3 0 5 0
E 3130 0 18 55
E 3130 1 15 47
E 3130 2 13 39
E 3130 5 5 15
E 3130 6 7 23
T 3131 65 0 5 0
E 3131 2 -4 -14
E 3131 3 -19 -57
E 3131 4 -16 -49
E 3131 5 -13 -41
E 3131 6 -11 -33
T 3132 5 0 5 0
E 3132 0 21 64
E 3132 1 18 56
E 3132 2 16 48
E 3132 5 6 18
E 3132 6 8 26
T 3133 85 0 6 0
E 3133 1 -5 -16
E 3133 2 -8 -24
E 3133 3 -24 -73
E 3133 4 -21 -65
E 3133 5 -19 -57
E 3133 6 -16 -49
T 3134 52 0 7 1
E 3134 0 10 93
E 3134 1 9 85
E 3134 2 8 77
E 3134 3 2 24
E 3134 4 3 32
E 3134 5 4 40
E 3134 6 5 48
T 3135 2 0 4 0
E 3135 0 19 58
E 3135 1 16 50
E 3135 2 14 42
E 3135 3 11 34
T 3136 73 0 5 0
E 3136 2 -6 -20
E 3136 3 -9 -28
E 3136 4 -23 -71
E 3136 5 -21 -63
E 3136 6 -18 -55
T 3137 11 0 5 0
E 3137 0 23 69
E 3137 1 20 61
E 3137 2 17 53
E 3137 3 15 45
E 3137 6 5 15
T 3138 85 0 6 0
E 3138 1 -4 -14
E 3138 2 -7 -22
E 3138 3 -10 -30
E 3138 4 -26 -79
E 3138 5 -23 -71
E 3138 6 -21 -63
T 3139 21 0 6 0
E 3139 0 27 83
E 3139 1 25 75
E 3139 2 22 67
E 3139 3 19 59
E 3139 5 4 14
E 3139 6 7 22
T 3140 17 0 7 1
E 3140 0 -2 -19
E 3140 1 -3 -27
E 3140 2 -3 -35
E 3140 3 -4 -43
E 3140 4 -5 -51
E 3140 5 -10 -91
E 3140 6 -9 -83
T 3141 51 0 4 0
E 3141 0 6 19
E 3141 4 -4 -13
E 3141 5 -18 -56
E 3141 6 -16 -48
T 3142 37 0 7 1
E 3142 0 5 53
E 3142 1 5 45
E 3142 2 4 37
E 3142 3 3 29
E 3142 4 2 21
E 3142 5 -2 -25
E 3142 6 -1 -17
T 3143 38 0 5 0
E 3143 0 10 32
E 3143 1 8 24
E 3143 2 5 16
E 3143 5 -16 -49
E 3143 6 -13 -41
T 3144 33 0 6 0
E 3144 0 12 38
E 3144 1 10 30
E 3144 2 7 22
E 3144 3 4 14
E 3144 5 -15 -47
E 3144 6 -13 -39
T 3145 17 0 5 0
E 3145 0 13 40
E 3145 1 10 32
E 3145 2 8 24
E 3145 3 5 16
E 3145 6 -13 -40
T 3146 45 0 4 0
E 3146 0 6 19
E 3146 4 -4 -13
E 3146 5 -7 -21
E 3146 6 -21 -64
T 3147 17 0 5 0
E 3147 0 14 42
E 3147 1 11 34
E 3147 2 8 26
E 3147 3 6 18
E 3147 6 -14 -44
T 3148 37 0 4 0
E 3148 0 8 24
E 3148 1 5 16
E 3148 5 -5 -16
E 3148 6 -21 -65
T 3149 23 0 5 0
E 3149 0 12 37
E 3149 1 9 29
E 3149 2 7 21
E 3149 3 4 13
E 3149 6 -18 -56
T 3150 24 0 4 0
E 3150 0 7 23
E 3150 1 5 15
E 3150 5 -5 -17
E 3150 6 -8 -25
T 3151 14 0 4 0
E 3151 0 10 31
E 3151 1 7 23
E 3151 2 5 15
E 3151 6 -5 -17
T 3152 43 0 4 0
E 3152 3 -4 -13
E 3152 4 -7 -21
E 3152 5 -9 -29
E 3152 6 -12 -37
T 3153 2 0 5 0
E 3153 0 15 46
E 3153 1 12 38
E 3153 2 10 30
E 3153 3 7 22
E 3153 4 4 14
T 3154 54 0 5 0
E 3154 2 -6 -20
E 3154 3 -9 -28
E 3154 4 -12 -36
E 3154 5 -14 -44
E 3154 6 -17 -52
T 3155 5 0 5 0
E 3155 0 16 50
E 3155 1 14 42
E 3155 2 11 34
E 3155 3 8 26
E 3155 4 6 18
T 3156 62 0 6 0
E 3156 1 -5 -16
E 3156 2 -8 -24
E 3156 3 -10 -32
E 3156 4 -13 -40
E 3156 5 -16 -48
E 3156 6 -18 -56
T 3157 37 0 7 1
E 3157 0 7 66
E 3157 1 6 58
E 3157 2 5 50
E 3157 3 4 42
E 3157 4 3 34
E 3157 5 2 26
E 3157 6 2 18
T 3158 9 0 3 0
E 3158 0 12 36
E 3158 1 9 28
E 3158 2 6 20
T 3159 39 0 3 0
E 3159 4 -6 -20
E 3159 5 -9 -28
E 3159 6 -12 -36
T 3160 4 0 4 0
E 3160 0 13 41
E 3160 1 11 33
E 3160 2 8 25
E 3160 3 5 17
T 3161 44 0 4 0
E 3161 3 -5 -15
E 3161 4 -7 -23
E 3161 5 -10 -31
E 3161 6 -13 -39
T 3162 6 0 5 0
E 3162 0 17 51
E 3162 1 14 43
E 3162 2 11 35
E 3162 3 9 27
E 3162 4 6 19
T 3163 63 0 6 0
E 3163 1 -5 -17
E 3163 2 -8 -25
E 3163 3 -11 -33
E 3163 4 -13 -41
E 3163 5 -16 -49
E 3163 6 -19 -57
T 3164 36 0 7 1
E 3164 0 7 64
E 3164 1 6 56
E 3164 2 5 48
E 3164 3 4 40
E 3164 4 3 32
E 3164 5 2 24
E 3164 6 1 16
T 3165 3 0 4 0
E 3165 0 14 43
E 3165 1 11 35
E 3165 2 9 27
E 3165 3 6 19
T 3166 44 0 4 0
E 3166 3 -5 -16
E 3166 4 -8 -24
E 3166 5 -10 -32
E 3166 6 -13 -40
T 3167 2 0 5 0
E 3167 0 15 46
E 3167 1 12 38
E 3167 2 10 30
E 3167 3 7 22
E 3167 4 4 14
T 3168 54 0 5 0
E 3168 2 -6 -19
E 3168 3 -9 -27
E 3168 4 -11 -35
E 3168 5 -14 -43
E 3168 6 -17 -51
T 3169 17 0 6 0
E 3169 0 19 59
E 3169 1 17 51
E 3169 2 14 43
E 3169 3 11 35
E 3169 4 9 27
E 3169 5 6 19
T 3170 11 0 7 1
E 3170 0 -2 -18
E 3170 1 -2 -26
E 3170 2 -3 -34
E 3170 3 -4 -42
E 3170 4 -5 -50
E 3170 5 -6 -58
E 3170 6 -7 -66
T 3171 34 0 4 0
E 3171 0 5 15
E 3171 4 -5 -17
E 3171 5 -8 -25
E 3171 6 -11 -33
T 3172 14 0 4 0
E 3172 0 11 33
E 3172 1 8 25
E 3172 2 5 17
E 3172 6 -5 -15
T 3173 34 0 4 0
E 3173 0 5 15
E 3173 4 -5 -17
E 3173 5 -8 -25
E 3173 6 -11 -33
T 3174 4 0 4 0
E 3174 0 13 41
E 3174 1 11 33
E 3174 2 8 25
E 3174 3 5 17
T 3175 50 0 5 0
E 3175 2 -4 -13
E 3175 3 -7 -21
E 3175 4 -9 -29
E 3175 5 -12 -37
E 3175 6 -15 -45
T 3176 11 0 6 0
E 3176 0 17 53
E 3176 1 15 45
E 3176 2 12 37
E 3176 3 9 29
E 3176 4 7 21
E 3176 5 4 13
T 3177 65 0 6 0
E 3177 1 -6 -19
E 3177 2 -9 -27
E 3177 3 -11 -35
E 3177 4 -14 -43
E 3177 5 -17 -51
E 3177 6 -19 -59
T 3178 37 0 7 1
E 3178 0 7 70
E 3178 1 6 62
E 3178 2 6 54
E 3178 3 5 46
E 3178 4 4 38
E 3178 5 3 30
E 3178 6 2 22
T 3179 4 0 4 0
E 3179 0 13 40
E 3179 1 10 32
E 3179 2 8 24
E 3179 3 5 16
T 3180 44 0 4 0
E 3180 3 -5 -17
E 3180 4 -8 -25
E 3180 5 -11 -33
E 3180 6 -13 -41
T 3181 5 0 5 0
E 3181 0 16 50
E 3181 1 14 42
E 3181 2 11 34
E 3181 3 8 26
E 3181 4 6 18
T 3182 61 0 6 0
E 3182 1 -5 -15
E 3182 2 -7 -23
E 3182 3 -10 -31
E 3182 4 -13 -39
E 3182 5 -15 -47
E 3182 6 -18 -55
T 3183 37 0 7 1
E 3183 0 7 67
E 3183 1 6 59
E 3183 2 5 51
E 3183 3 4 43
E 3183 4 3 35
E 3183 5 3 27
E 3183 6 2 19
T 3184 2 0 5 0
E 3184 0 15 45
E 3184 1 12 37
E 3184 2 9 29
E 3184 3 7 21
E 3184 4 4 13
T 3185 60 0 6 0
E 3185 1 -4 -14
E 3185 2 -7 -22
E 3185 3 -10 -30
E 3185 4 -12 -38
E 3185 5 -15 -46
E 3185 6 -18 -54
T 3186 37 0 7 1
E 3186 0 7 66
E 3186 1 6 58
E 3186 2 5 50
E 3186 3 4 42
E 3186 4 3 34
E 3186 5 2 26
E 3186 6 2 18
T 3187 3 0 4 0
E 3187 0 14 44
E 3187 1 12 36
E 3187 2 9 28
E 3187 3 6 20
T 3188 45 0 4 0
E 3188 3 -6 -20
E 3188 4 -9 -28
E 3188 5 -12 -36
E 3188 6 -14 -44
T 3189 2 0 5 0
E 3189 0 15 45
E 3189 1 12 37
E 3189 2 9 29
E 3189 3 7 21
E 3189 4 4 13
T 3190 50 0 5 0
E 3190 2 -4 -13
E 3190 3 -7 -21
E 3190 4 -9 -29
E 3190 5 -12 -37
E 3190 6 -15 -45
T 3191 4 0 5 0
E 3191 0 16 48
E 3191 1 13 40
E 3191 2 10 32
E 3191 3 8 24
E 3191 4 5 16
T 3192 52 0 5 0
E 3192 2 -5 -17
E 3192 3 -8 -25
E 3192 4 -11 -33
E 3192 5 -13 -41
E 3192 6 -16 -49
T 3193 15 0 6 0
E 3193 0 19 57
E 3193 1 16 49
E 3193 2 13 41
E 3193 3 11 33
E 3193 4 8 25
E 3193 5 5 17
T 3194 13 0 7 1
E 3194 0 -1 -15
E 3194 1 -2 -23
E 3194 2 -3 -31
E 3194 3 -4 -39
E 3194 4 -5 -47
E 3194 5 -6 -55
E 3194 6 -7 -63
T 3195 35 0 4 0
E 3195 0 4 14
E 3195 4 -6 -18
E 3195 5 -8 -26
E 3195 6 -11 -34
T 3196 13 0 4 0
E 3196 0 11 34
E 3196 1 8 26
E 3196 2 6 18
E 3196 6 -4 -14
T 3197 43 0 4 0
E 3197 3 -4 -13
E 3197 4 -7 -21
E 3197 5 -9 -29
E 3197 6 -12 -37
T 3198 2 0 5 0
E 3198 0 15 45
E 3198 1 12 37
E 3198 2 9 29
E 3198 3 7 21
E 3198 4 4 13
T 3199 52 0 5 0
E 3199 2 -5 -16
E 3199 3 -8 -24
E 3199 4 -10 -32
E 3199 5 -13 -40
E 3199 6 -16 -48
T 3200 15 0 6 0
E 3200 0 19 57
E 3200 1 16 49
E 3200 2 13 41
E 3200 3 11 33
E 3200 4 8 25
E 3200 5 5 17
T 3201 11 0 7 1
E 3201 0 -2 -19
E 3201 1 -3 -27
E 3201 2 -3 -35
E 3201 3 -4 -43
E 3201 4 -5 -51
E 3201 5 -6 -59
E 3201 6 -7 -67
T 3202 33 0 4 0
E 3202 0 6 18
E 3202 4 -4 -14
E 3202 5 -7 -22
E 3202 6 -10 -30
T 3203 4 0 4 0
E 3203 0 13 39
E 3203 1 10 31
E 3203 2 7 23
E 3203 3 5 15
T 3204 43 0 4 0
E 3204 3 -4 -14
E 3204 4 -7 -22
E 3204 5 -10 -30
E 3204 6 -12 -38
T 3205 5 0 5 0
E 3205 0 16 50
E 3205 1 14 42
E 3205 2 11 34
E 3205 3 8 26
E 3205 4 6 18
T 3206 64 0 6 0
E 3206 1 -6 -18
E 3206 2 -8 -26
E 3206 3 -11 -34
E 3206 4 -14 -42
E 3206 5 -16 -50
E 3206 6 -19 -58
T 3207 37 0 7 1
E 3207 0 7 65
E 3207 1 6 57
E 3207 2 5 49
E 3207 3 4 41
E 3207 4 3 33
E 3207 5 2 25
E 3207 6 1 17
T 3208 3 0 4 0
E 3208 0 14 44
E 3208 1 12 36
E 3208 2 9 28
E 3208 3 6 20
T 3209 44 0 4 0
E 3209 3 -5 -17
E 3209 4 -8 -25
E 3209 5 -11 -33
E 3209 6 -13 -41
T 3210 6 0 5 0
E 3210 0 17 51
E 3210 1 14 43
E 3210 2 11 35
E 3210 3 9 27
E 3210 4 6 19
T 3211 64 0 6 0
E 3211 1 -6 -18
E 3211 2 -8 -26
E 3211 3 -11 -34
E 3211 4 -14 -42
E 3211 5 -16 -50
E 3211 6 -19 -58
T 3212 37 0 7 1
E 3212 0 7 66
E 3212 1 6 58
E 3212 2 5 50
E 3212 3 4 42
E 3212 4 3 34
E 3212 5 2 26
E 3212 6 2 18
T 3213 13 0 4 0
E 3213 0 11 35
E 3213 1 9 27
E 3213 2 6 19
E 3213 6 -4 -13
T 3214 34 0 4 0
E 3214 0 5 16
E 3214 4 -5 -16
E 3214 5 -8 -24
E 3214 6 -10 -32
T 3215 4 0 4 0
E 3215 0 13 39
E 3215 1 10 31
E 3215 2 7 23
E 3215 3 5 15
T 3216 51 0 5 0
E 3216 2 -5 -15
E 3216 3 -7 -23
E 3216 4 -10 -31
E 3216 5 -13 -39
E 3216 6 -15 -47
T 3217 5 0 5 0
E 3217 0 14 44
E 3217 1 13 39
E 3217 2 10 31
E 3217 3 7 23
E 3217 4 5 15
T 3218 47 0 5 0
E 3218 2 -5 -16
E 3218 3 -8 -24
E 3218 4 -10 -32
E 3218 5 -13 -40
E 3218 6 -16 -48
T 3219 18 0 6 0
E 3219 0 15 47
E 3219 1 15 47
E 3219 2 13 39
E 3219 3 10 31
E 3219 4 7 23
E 3219 5 5 15
T 3220 5 0 7 1
E 3220 0 -2 -18
E 3220 1 -1 -15
E 3220 2 -2 -23
E 3220 3 -3 -31
E 3220 4 -4 -39
E 3220 5 -5 -47
E 3220 6 -6 -55
T 3221 19 0 3 0
E 3221 1 4 13
E 3221 5 -6 -19
E 3221 6 -9 -27
T 3222 13 0 2 0
E 3222 1 5 17
E 3222 6 -6 -20
T 3223 9 0 3 0
E 3223 1 5 17
E 3223 2 4 14
E 3223 6 -6 -18
T 3224 16 0 2 0
E 3224 5 -4 -14
E 3224 6 -7 -22
T 3225 1 0 2 0
E 3225 1 5 17
E 3225 2 6 20
T 3226 10 0 2 0
E 3226 5 -6 -18
E 3226 6 -8 -26
T 3227 10 0 4 0
E 3227 0 4 13
E 3227 1 6 18
E 3227 2 7 23
E 3227 3 6 18
T 3228 5 0 2 0
E 3228 5 -5 -17
E 3228 6 -8 -25
T 3229 7 0 3 0
E 3229 1 5 15
E 3229 2 6 20
E 3229 3 6 20
T 3230 3 0 3 0
E 3230 0 -4 -14
E 3230 5 -5 -17
E 3230 6 -8 -25
T 3231 6 0 2 0
E 3231 2 4 14
E 3231 3 6 19
T 3232 5 0 0 0
T 3233 4 0 0 0
T 3234 10 0 2 0
E 3234 3 4 13
E 3234 4 4 13
T 3235 8 0 0 0
T 3236 11 0 0 0
T 3237 8 0 2 0
E 3237 0 -6 -18
E 3237 1 -4 -13
T 3238 12 0 0 0
T 3239 11 0 1 0
E 3239 0 -5 -16
T 3240 16 0 2 0
E 3240 4 4 13
E 3240 5 5 16
T 3241 10 0 1 0
E 3241 0 -5 -15
T 3242 20 0 3 0
E 3242 4 4 14
E 3242 5 6 19
E 3242 6 4 14
T 3243 6 0 3 0
E 3243 0 -7 -23
E 3243 1 -6 -18
E 3243 2 -4 -13
T 3244 19 0 2 0
E 3244 5 4 14
E 3244 6 4 14
T 3245 14 0 2 0
E 3245 0 -5 -15
E 3245 6 4 13
T 3246 8 0 2 0
E 3246 0 -6 -18
E 3246 1 -4 -13
T 3247 20 0 2 0
E 3247 5 5 17
E 3247 6 7 22
T 3248 6 0 3 0
E 3248 0 -8 -26
E 3248 1 -7 -21
E 3248 2 -5 -16
T 3249 28 0 4 0
E 3249 3 4 14
E 3249 4 6 19
E 3249 5 8 24
E 3249 6 9 29
T 3250 2 0 4 0
E 3250 0 -9 -29
E 3250 1 -8 -24
E 3250 2 -6 -19
E 3250 3 -4 -14
T 3251 21 0 2 0
E 3251 5 5 16
E 3251 6 7 21
T 3252 16 0 2 0
E 3252 0 -5 -17
E 3252 6 4 13
T 3253 15 1 2 0
E 3253 0 -5 -15
E 3253 6 5 15
T 3254 15 0 2 0
E 3254 0 -5 -16
E 3254 6 4 14
T 3255 8 0 2 0
E 3255 0 -6 -18
E 3255 1 -4 -13
T 3256 15 1 2 0
E 3256 0 -5 -15
E 3256 6 5 15
T 3257 15 0 2 0
E 3257 0 -5 -16
E 3257 6 4 14
T 3258 15 1 2 0
E 3258 0 -5 -15
E 3258 6 5 15
T 3259 15 1 2 0
E 3259 0 -5 -15
E 3259 6 5 15
T 3260 21 0 2 0
E 3260 5 5 15
E 3260 6 6 20
T 3261 9 0 2 0
E 3261 0 -6 -20
E 3261 1 -5 -15
T 3262 24 0 3 0
E 3262 4 5 16
E 3262 5 7 21
E 3262 6 8 26
T 3263 6 0 3 0
E 3263 0 -9 -27
E 3263 1 -7 -22
E 3263 2 -5 -17
T 3264 24 0 3 0
E 3264 4 5 17
E 3264 5 7 22
E 3264 6 9 27
T 3265 1 0 4 0
E 3265 0 -10 -31
E 3265 1 -8 -26
E 3265 2 -7 -21
E 3265 3 -5 -16
T 3266 30 0 4 0
E 3266 3 5 17
E 3266 4 7 22
E 3266 5 9 27
E 3266 6 10 32
T 3267 5 0 5 0
E 3267 0 -12 -37
E 3267 1 -10 -31
E 3267 2 -8 -26
E 3267 3 -7 -21
E 3267 4 -5 -16
T 3268 30 0 4 0
E 3268 3 4 14
E 3268 4 6 19
E 3268 5 8 24
E 3268 6 9 29
T 3269 4 0 4 0
E 3269 0 -10 -31
E 3269 1 -7 -23
E 3269 2 -6 -18
E 3269 3 -4 -13
T 3270 37 0 5 0
E 3270 2 4 13
E 3270 3 6 18
E 3270 4 7 23
E 3270 5 9 28
E 3270 6 11 33
T 3271 4 0 5 0
E 3271 0 -13 -41
E 3271 1 -11 -33
E 3271 2 -9 -27
E 3271 3 -7 -22
E 3271 4 -5 -17
T 3272 40 0 5 0
E 3272 2 5 17
E 3272 3 7 22
E 3272 4 9 27
E 3272 5 10 32
E 3272 6 12 37
T 3273 3 0 5 0
E 3273 0 -13 -41
E 3273 1 -11 -33
E 3273 2 -8 -26
E 3273 3 -7 -21
E 3273 4 -5 -16
T 3274 42 0 5 0
E 3274 2 5 17
E 3274 3 7 22
E 3274 4 9 27
E 3274 5 10 32
E 3274 6 12 37
T 3275 4 0 4 0
E 3275 0 -12 -38
E 3275 1 -10 -30
E 3275 2 -7 -22
E 3275 3 -5 -17
T 3276 37 0 4 0
E 3276 3 6 18
E 3276 4 7 23
E 3276 5 9 28
E 3276 6 11 33
T 3277 1 0 5 0
E 3277 0 -13 -41
E 3277 1 -11 -33
E 3277 2 -8 -25
E 3277 3 -6 -19
E 3277 4 -4 -14
T 3278 46 0 5 0
E 3278 2 6 18
E 3278 3 8 25
E 3278 4 10 30
E 3278 5 11 35
E 3278 6 13 40
T 3279 31 0 7 1
E 3279 0 -6 -54
E 3279 1 -5 -46
E 3279 2 -4 -38
E 3279 3 -3 -30
E 3279 4 -2 -25
E 3279 5 -2 -20
E 3279 6 -1 -15
T 3280 16 0 3 0
E 3280 0 -8 -26
E 3280 1 -6 -18
E 3280 6 4 13
T 3281 30 0 4 0
E 3281 0 -4 -13
E 3281 4 5 17
E 3281 5 7 22
E 3281 6 9 27
T 3282 9 0 3 0
E 3282 0 -12 -36
E 3282 1 -9 -28
E 3282 2 -6 -20
T 3283 30 0 4 0
E 3283 0 -5 -15
E 3283 4 5 16
E 3283 5 7 21
E 3283 6 8 26
T 3284 17 0 3 0
E 3284 0 -9 -27
E 3284 1 -6 -19
E 3284 6 5 15
T 3285 31 0 4 0
E 3285 0 -5 -16
E 3285 4 5 16
E 3285 5 7 21
E 3285 6 8 26
T 3286 13 0 4 0
E 3286 0 -9 -29
E 3286 1 -7 -21
E 3286 2 -4 -13
E 3286 6 4 14
T 3287 32 0 4 0
E 3287 0 -5 -16
E 3287 4 5 16
E 3287 5 7 22
E 3287 6 9 27
T 3288 13 0 4 0
E 3288 0 -10 -31
E 3288 1 -7 -23
E 3288 2 -5 -15
E 3288 6 4 13
T 3289 34 0 4 0
E 3289 0 -4 -13
E 3289 4 6 19
E 3289 5 9 27
E 3289 6 10 32
T 3290 5 0 4 0
E 3290 0 -12 -37
E 3290 1 -9 -29
E 3290 2 -7 -21
E 3290 3 -4 -13
T 3291 43 0 4 0
E 3291 3 4 14
E 3291 4 7 22
E 3291 5 10 30
E 3291 6 12 36
T 3292 5 0 4 0
E 3292 0 -12 -38
E 3292 1 -10 -30
E 3292 2 -7 -22
E 3292 3 -4 -14
T 3293 50 0 5 0
E 3293 2 4 14
E 3293 3 7 22
E 3293 4 10 30
E 3293 5 12 38
E 3293 6 15 45
T 3294 4 0 5 0
E 3294 0 -16 -48
E 3294 1 -13 -40
E 3294 2 -10 -32
E 3294 3 -8 -24
E 3294 4 -5 -16
T 3295 61 0 6 0
E 3295 1 5 15
E 3295 2 7 23
E 3295 3 10 31
E 3295 4 13 39
E 3295 5 15 47
E 3295 6 18 55
T 3296 35 0 7 1
E 3296 0 -6 -61
E 3296 1 -5 -53
E 3296 2 -5 -45
E 3296 3 -4 -37
E 3296 4 -3 -29
E 3296 5 -2 -21
E 3296 6 -1 -13
T 3297 4 0 4 0
E 3297 0 -13 -40
E 3297 1 -10 -32
E 3297 2 -8 -24
E 3297 3 -5 -16
T 3298 51 0 5 0
E 3298 2 5 15
E 3298 3 7 23
E 3298 4 10 31
E 3298 5 13 39
E 3298 6 15 47
T 3299 12 0 6 0
E 3299 0 -18 -54
E 3299 1 -15 -46
E 3299 2 -12 -38
E 3299 3 -10 -30
E 3299 4 -7 -22
E 3299 5 -4 -14
T 3300 61 0 6 0
E 3300 1 5 15
E 3300 2 7 23
E 3300 3 10 31
E 3300 4 13 39
E 3300 5 15 47
E 3300 6 18 55
T 3301 35 0 7 1
E 3301 0 -6 -62
E 3301 1 -6 -54
E 3301 2 -5 -46
E 3301 3 -4 -38
E 3301 4 -3 -30
E 3301 5 -2 -22
E 3301 6 -1 -14
T 3302 9 0 3 0
E 3302 0 -12 -36
E 3302 1 -9 -28
E 3302 2 -6 -20
T 3303 43 0 4 0
E 3303 3 4 13
E 3303 4 7 21
E 3303 5 9 29
E 3303 6 12 37
T 3304 3 0 4 0
E 3304 0 -14 -43
E 3304 1 -11 -35
E 3304 2 -9 -27
E 3304 3 -6 -19
T 3305 43 0 4 0
E 3305 3 4 14
E 3305 4 7 22
E 3305 5 10 30
E 3305 6 12 38
T 3306 5 0 5 0
E 3306 0 -16 -50
E 3306 1 -14 -42
E 3306 2 -11 -34
E 3306 3 -8 -26
E 3306 4 -6 -18
T 3307 50 0 5 0
E 3307 2 4 14
E 3307 3 7 22
E 3307 4 10 30
E 3307 5 12 38
E 3307 6 15 46
T 3308 6 0 5 0
E 3308 0 -17 -51
E 3308 1 -14 -43
E 3308 2 -11 -35
E 3308 3 -9 -27
E 3308 4 -6 -19
T 3309 64 0 6 0
E 3309 1 6 18
E 3309 2 8 26
E 3309 3 11 34
E 3309 4 14 42
E 3309 5 16 50
E 3309 6 19 58
T 3310 37 0 7 1
E 3310 0 -7 -71
E 3310 1 -7 -63
E 3310 2 -6 -55
E 3310 3 -5 -47
E 3310 4 -4 -39
E 3310 5 -3 -31
E 3310 6 -2 -23
T 3311 3 0 4 0
E 3311 0 -14 -43
E 3311 1 -11 -35
E 3311 2 -9 -27
E 3311 3 -6 -19
T 3312 44 0 4 0
E 3312 3 5 17
E 3312 4 8 25
E 3312 5 11 33
E 3312 6 13 41
T 3313 2 0 5 0
E 3313 0 -15 -45
E 3313 1 -12 -37
E 3313 2 -9 -29
E 3313 3 -7 -21
E 3313 4 -4 -13
T 3314 50 0 5 0
E 3314 2 4 13
E 3314 3 7 21
E 3314 4 9 29
E 3314 5 12 37
E 3314 6 15 45
T 3315 11 0 6 0
E 3315 0 -17 -53
E 3315 1 -15 -45
E 3315 2 -12 -37
E 3315 3 -9 -29
E 3315 4 -7 -21
E 3315 5 -4 -13
T 3316 60 0 6 0
E 3316 1 4 14
E 3316 2 7 22
E 3316 3 10 30
E 3316 4 12 38
E 3316 5 15 46
E 3316 6 18 54
T 3317 14 0 6 0
E 3317 0 -18 -56
E 3317 1 -16 -48
E 3317 2 -13 -40
E 3317 3 -10 -32
E 3317 4 -8 -24
E 3317 5 -5 -16
T 3318 64 0 6 0
E 3318 1 6 18
E 3318 2 8 26
E 3318 3 11 34
E 3318 4 14 42
E 3318 5 16 50
E 3318 6 19 58
T 3319 37 0 7 1
E 3319 0 -7 -69
E 3319 1 -6 -61
E 3319 2 -5 -53
E 3319 3 -5 -45
E 3319 4 -4 -37
E 3319 5 -3 -29
E 3319 6 -2 -21
T 3320 4 0 4 0
E 3320 0 -13 -40
E 3320 1 -10 -32
E 3320 2 -8 -24
E 3320 3 -5 -16
T 3321 50 0 5 0
E 3321 2 4 14
E 3321 3 7 22
E 3321 4 10 30
E 3321 5 12 38
E 3321 6 15 46
T 3322 3 0 5 0
E 3322 0 -15 -47
E 3322 1 -13 -39
E 3322 2 -10 -31
E 3322 3 -7 -23
E 3322 4 -5 -15
T 3323 45 0 4 0
E 3323 3 6 20
E 3323 4 9 28
E 3323 5 12 36
E 3323 6 14 44
T 3324 11 0 6 0
E 3324 0 -17 -53
E 3324 1 -15 -45
E 3324 2 -12 -37
E 3324 3 -9 -29
E 3324 4 -7 -21
E 3324 5 -4 -13
T 3325 65 0 6 0
E 3325 1 6 19
E 3325 2 9 27
E 3325 3 11 35
E 3325 4 14 43
E 3325 5 17 51
E 3325 6 19 59
T 3326 37 0 7 1
E 3326 0 -7 -67
E 3326 1 -6 -59
E 3326 2 -5 -51
E 3326 3 -4 -43
E 3326 4 -3 -35
E 3326 5 -3 -27
E 3326 6 -2 -19
T 3327 13 0 4 0
E 3327 0 -11 -34
E 3327 1 -8 -26
E 3327 2 -6 -18
E 3327 6 4 14
T 3328 44 0 4 0
E 3328 3 5 15
E 3328 4 7 23
E 3328 5 10 31
E 3328 6 13 39
T 3329 4 0 5 0
E 3329 0 -16 -49
E 3329 1 -13 -41
E 3329 2 -11 -33
E 3329 3 -8 -25
E 3329 4 -5 -17
T 3330 53 0 5 0
E 3330 2 6 18
E 3330 3 8 26
E 3330 4 11 34
E 3330 5 14 42
E 3330 6 16 50
T 3331 15 0 6 0
E 3331 0 -19 -57
E 3331 1 -16 -49
E 3331 2 -13 -41
E 3331 3 -11 -33
E 3331 4 -8 -25
E 3331 5 -5 -17
T 3332 62 0 6 0
E 3332 1 5 16
E 3332 2 8 24
E 3332 3 10 32
E 3332 4 13 40
E 3332 5 16 48
E 3332 6 18 56
T 3333 37 0 7 1
E 3333 0 -7 -67
E 3333 1 -6 -59
E 3333 2 -5 -51
E 3333 3 -4 -43
E 3333 4 -3 -35
E 3333 5 -3 -27
E 3333 6 -2 -19
T 3334 9 0 3 0
E 3334 0 -12 -36
E 3334 1 -9 -28
E 3334 2 -6 -20
T 3335 45 0 4 0
E 3335 3 6 20
E 3335 4 9 28
E 3335 5 12 36
E 3335 6 14 44
T 3336 2 0 5 0
E 3336 0 -15 -45
E 3336 1 -12 -37
E 3336 2 -9 -29
E 3336 3 -7 -21
E 3336 4 -4 -13
T 3337 60 0 6 0
E 3337 1 4 14
E 3337 2 7 22
E 3337 3 10 30
E 3337 4 12 38
E 3337 5 15 46
E 3337 6 18 54
T 3338 17 0 6 0
E 3338 0 -19 -59
E 3338 1 -17 -51
E 3338 2 -14 -43
E 3338 3 -11 -35
E 3338 4 -9 -27
E 3338 5 -6 -19
T 3339 11 0 7 1
E 3339 0 2 21
E 3339 1 3 29
E 3339 2 4 37
E 3339 3 5 45
E 3339 4 5 53
E 3339 5 6 61
E 3339 6 7 69
T 3340 34 0 4 0
E 3340 0 -5 -16
E 3340 4 5 16
E 3340 5 8 24
E 3340 6 10 32
T 3341 4 0 4 0
E 3341 0 -13 -41
E 3341 1 -11 -33
E 3341 2 -8 -25
E 3341 3 -5 -17
T 3342 50 0 5 0
E 3342 2 4 13
E 3342 3 7 21
E 3342 4 9 29
E 3342 5 12 37
E 3342 6 15 45
T 3343 3 0 5 0
E 3343 0 -15 -47
E 3343 1 -13 -39
E 3343 2 -10 -31
E 3343 3 -7 -23
E 3343 4 -5 -15
T 3344 51 0 5 0
E 3344 2 5 15
E 3344 3 7 23
E 3344 4 10 31
E 3344 5 13 39
E 3344 6 15 47
T 3345 3 0 5 0
E 3345 0 -15 -47
E 3345 1 -13 -39
E 3345 2 -10 -31
E 3345 3 -7 -23
E 3345 4 -5 -15
T 3346 50 0 5 0
E 3346 2 4 14
E 3346 3 7 22
E 3346 4 10 30
E 3346 5 12 38
E 3346 6 15 46
T 3347 2 0 5 0
E 3347 0 -15 -45
E 3347 1 -12 -37
E 3347 2 -9 -29
E 3347 3 -7 -21
E 3347 4 -4 -13
T 3348 50 0 5 0
E 3348 2 4 13
E 3348 3 7 21
E 3348 4 9 29
E 3348 5 12 37
E 3348 6 15 45
T 3349 4 0 5 0
E 3349 0 -16 -49
E 3349 1 -13 -41
E 3349 2 -11 -33
E 3349 3 -8 -25
E 3349 4 -5 -17
T 3350 59 0 6 0
E 3350 1 4 13
E 3350 2 7 21
E 3350 3 9 29
E 3350 4 12 37
E 3350 5 15 45
E 3350 6 17 53
T 3351 35 0 7 1
E 3351 0 -6 -61
E 3351 1 -5 -53
E 3351 2 -5 -45
E 3351 3 -4 -37
E 3351 4 -3 -29
E 3351 5 -2 -21
E 3351 6 -1 -13
T 3352 5 0 4 0
E 3352 0 -12 -38
E 3352 1 -10 -30
E 3352 2 -7 -22
E 3352 3 -4 -14
T 3353 44 0 4 0
E 3353 3 5 16
E 3353 4 8 24
E 3353 5 10 32
E 3353 6 13 40
T 3354 3 0 4 0
E 3354 0 -14 -44
E 3354 1 -12 -36
E 3354 2 -9 -28
E 3354 3 -6 -20
T 3355 45 0 4 0
E 3355 3 6 18
E 3355 4 8 26
E 3355 5 11 34
E 3355 6 14 42
T 3356 6 0 5 0
E 3356 0 -17 -51
E 3356 1 -14 -43
E 3356 2 -11 -35
E 3356 3 -9 -27
E 3356 4 -6 -19
T 3357 63 0 6 0
E 3357 1 5 17
E 3357 2 8 25
E 3357 3 11 33
E 3357 4 13 41
E 3357 5 16 49
E 3357 6 19 57
T 3358 35 0 7 1
E 3358 0 -6 -61
E 3358 1 -5 -53
E 3358 2 -5 -45
E 3358 3 -4 -37
E 3358 4 -3 -29
E 3358 5 -2 -21
E 3358 6 -1 -13
T 3359 13 0 4 0
E 3359 0 -11 -34
E 3359 1 -8 -26
E 3359 2 -6 -18
E 3359 6 4 14
T 3360 1 0 4 0
E 3360 0 10 31
E 3360 4 5 15
E 3360 5 7 23
E 3360 6 10 31
T 3361 38 0 4 0
E 3361 1 -12 -37
E 3361 2 -9 -29
E 3361 3 -7 -21
E 3361 4 -4 -13
T 3362 3 0 4 0
E 3362 0 12 38
E 3362 4 5 16
E 3362 5 8 24
E 3362 6 10 32
T 3363 45 0 4 0
E 3363 1 -13 -39
E 3363 2 -10 -31
E 3363 3 -7 -23
E 3363 4 -5 -15
T 3364 1 0 5 0
E 3364 0 17 51
E 3364 3 4 14
E 3364 4 7 22
E 3364 5 10 30
E 3364 6 12 38
T 3365 54 0 5 0
E 3365 2 -17 -51
E 3365 3 -14 -43
E 3365 4 -11 -35
E 3365 5 -9 -27
E 3365 6 -6 -19
T 3366 14 0 6 0
E 3366 0 20 60
E 3366 1 17 52
E 3366 3 5 17
E 3366 4 8 25
E 3366 5 11 33
E 3366 6 13 41
T 3367 15 0 7 1
E 3367 0 -1 -15
E 3367 1 -2 -23
E 3367 2 -7 -69
E 3367 3 -6 -61
E 3367 4 -5 -53
E 3367 5 -5 -45
E 3367 6 -4 -37
T 3368 50 0 5 0
E 3368 0 4 13
E 3368 2 -14 -44
E 3368 3 -12 -36
E 3368 4 -9 -28
E 3368 5 -6 -20
T 3369 17 0 4 0
E 3369 0 16 48
E 3369 1 13 40
E 3369 2 -4 -13
E 3369 6 6 19
T 3370 41 0 4 0
E 3370 0 6 20
E 3370 3 -12 -36
E 3370 4 -9 -28
E 3370 5 -6 -20
T 3371 14 0 4 0
E 3371 0 14 42
E 3371 1 11 34
E 3371 2 8 26
E 3371 3 -5 -17
T 3372 62 0 4 0
E 3372 3 -17 -51
E 3372 4 -14 -43
E 3372 5 -11 -35
E 3372 6 -9 -27
T 3373 3 0 4 0
E 3373 0 20 61
E 3373 1 17 53
E 3373 2 15 45
E 3373 6 6 20
T 3374 72 0 4 0
E 3374 3 -20 -62
E 3374 4 -18 -54
E 3374 5 -15 -46
E 3374 6 -12 -38
T 3375 45 0 7 1
E 3375 0 8 79
E 3375 1 7 71
E 3375 2 7 63
E 3375 3 6 55
E 3375 4 1 15
E 3375 5 2 23
E 3375 6 3 31
T 3376 5 0 5 0
E 3376 0 17 52
E 3376 1 14 44
E 3376 2 12 36
E 3376 3 9 28
E 3376 4 -5 -15
T 3377 72 0 5 0
E 3377 2 -4 -13
E 3377 3 -7 -21
E 3377 4 -22 -67
E 3377 5 -19 -59
E 3377 6 -17 -51
T 3378 20 0 6 0
E 3378 0 26 79
E 3378 1 23 71
E 3378 2 21 63
E 3378 3 18 55
E 3378 5 4 14
E 3378 6 7 22
T 3379 22 0 7 1
E 3379 0 -2 -22
E 3379 1 -3 -30
E 3379 2 -4 -38
E 3379 3 -5 -46
E 3379 4 -11 -99
E 3379 5 -10 -91
E 3379 6 -9 -83
T 3380 34 0 5 0
E 3380 0 10 30
E 3380 1 7 22
E 3380 2 4 14
E 3380 5 -14 -42
E 3380 6 -11 -34
T 3381 24 0 6 0
E 3381 0 13 40
E 3381 1 10 32
E 3381 2 8 24
E 3381 3 5 16
E 3381 5 -11 -35
E 3381 6 -9 -27
T 3382 44 0 4 0
E 3382 0 8 25
E 3382 1 5 17
E 3382 5 -17 -53
E 3382 6 -15 -45
T 3383 27 0 6 0
E 3383 0 13 41
E 3383 1 11 33
E 3383 2 8 25
E 3383 3 5 17
E 3383 5 -13 -40
E 3383 6 -10 -32
T 3384 40 0 5 0
E 3384 0 11 33
E 3384 1 8 25
E 3384 2 5 17
E 3384 5 -17 -52
E 3384 6 -14 -44
T 3385 15 0 5 0
E 3385 0 14 42
E 3385 1 11 34
E 3385 2 8 26
E 3385 3 6 18
E 3385 6 -12 -38
T 3386 44 0 4 0
E 3386 0 6 18
E 3386 4 -4 -14
E 3386 5 -7 -22
E 3386 6 -21 -65
T 3387 10 0 6 0
E 3387 0 15 47
E 3387 1 13 39
E 3387 2 10 31
E 3387 3 7 23
E 3387 4 5 15
E 3387 6 -13 -39
T 3388 48 0 4 0
E 3388 0 5 17
E 3388 4 -5 -15
E 3388 5 -7 -23
E 3388 6 -24 -72
T 3389 10 0 6 0
E 3389 0 16 49
E 3389 1 13 41
E 3389 2 11 33
E 3389 3 8 25
E 3389 4 5 17
E 3389 6 -14 -44
T 3390 35 0 4 0
E 3390 0 4 14
E 3390 4 -6 -18
E 3390 5 -8 -26
E 3390 6 -11 -34
T 3391 5 0 4 0
E 3391 0 12 37
E 3391 1 9 29
E 3391 2 7 21
E 3391 3 4 13
T 3392 43 0 4 0
E 3392 3 -4 -14
E 3392 4 -7 -22
E 3392 5 -10 -30
E 3392 6 -12 -38
T 3393 3 0 4 0
E 3393 0 14 42
E 3393 1 11 34
E 3393 2 8 26
E 3393 3 6 18
T 3394 43 0 4 0
E 3394 3 -4 -13
E 3394 4 -7 -21
E 3394 5 -9 -29
E 3394 6 -12 -37
T 3395 2 0 5 0
E 3395 0 15 46
E 3395 1 12 38
E 3395 2 10 30
E 3395 3 7 22
E 3395 4 4 14
T 3396 54 0 5 0
E 3396 2 -6 -20
E 3396 3 -9 -28
E 3396 4 -12 -36
E 3396 5 -14 -44
E 3396 6 -17 -52
T 3397 5 0 5 0
E 3397 0 16 50
E 3397 1 14 42
E 3397 2 11 34
E 3397 3 8 26
E 3397 4 6 18
T 3398 64 0 6 0
E 3398 1 -6 -18
E 3398 2 -8 -26
E 3398 3 -11 -34
E 3398 4 -14 -42
E 3398 5 -16 -50
E 3398 6 -19 -58
T 3399 36 0 7 1
E 3399 0 7 64
E 3399 1 6 56
E 3399 2 5 48
E 3399 3 4 40
E 3399 4 3 32
E 3399 5 2 24
E 3399 6 1 16
T 3400 14 0 4 0
E 3400 0 10 32
E 3400 1 8 24
E 3400 2 5 16
E 3400 6 -5 -16
T 3401 34 0 4 0
E 3401 0 5 16
E 3401 4 -5 -16
E 3401 5 -8 -24
E 3401 6 -10 -32
T 3402 5 0 4 0
E 3402 0 12 38
E 3402 1 10 30
E 3402 2 7 22
E 3402 3 4 14
T 3403 45 0 4 0
E 3403 3 -6 -18
E 3403 4 -8 -26
E 3403 5 -11 -34
E 3403 6 -14 -42
T 3404 6 0 5 0
E 3404 0 17 51
E 3404 1 14 43
E 3404 2 11 35
E 3404 3 9 27
E 3404 4 6 19
T 3405 63 0 6 0
E 3405 1 -5 -17
E 3405 2 -8 -25
E 3405 3 -11 -33
E 3405 4 -13 -41
E 3405 5 -16 -49
E 3405 6 -19 -57
T 3406 37 0 7 1
E 3406 0 7 70
E 3406 1 6 62
E 3406 2 6 54
E 3406 3 5 46
E 3406 4 4 38
E 3406 5 3 30
E 3406 6 2 22
T 3407 3 0 4 0
E 3407 0 14 42
E 3407 1 11 34
E 3407 2 8 26
E 3407 3 6 18
T 3408 50 0 5 0
E 3408 2 -4 -14
E 3408 3 -7 -22
E 3408 4 -10 -30
E 3408 5 -12 -38
E 3408 6 -15 -46
T 3409 16 0 6 0
E 3409 0 19 58
E 3409 1 16 50
E 3409 2 14 42
E 3409 3 11 34
E 3409 4 8 26
E 3409 5 6 18
T 3410 11 0 7 1
E 3410 0 -2 -19
E 3410 1 -3 -27
E 3410 2 -3 -35
E 3410 3 -4 -43
E 3410 4 -5 -51
E 3410 5 -6 -59
E 3410 6 -7 -67
T 3411 34 0 4 0
E 3411 0 5 17
E 3411 4 -5 -15
E 3411 5 -7 -23
E 3411 6 -10 -31
T 3412 5 0 4 0
E 3412 0 12 38
E 3412 1 10 30
E 3412 2 7 22
E 3412 3 4 14
T 3413 45 0 4 0
E 3413 3 -6 -18
E 3413 4 -8 -26
E 3413 5 -11 -34
E 3413 6 -14 -42
T 3414 3 0 4 0
E 3414 0 14 43
E 3414 1 11 35
E 3414 2 9 27
E 3414 3 6 19
T 3415 50 0 5 0
E 3415 2 -4 -14
E 3415 3 -7 -22
E 3415 4 -10 -30
E 3415 5 -12 -38
E 3415 6 -15 -46
T 3416 12 0 6 0
E 3416 0 18 54
E 3416 1 15 46
E 3416 2 12 38
E 3416 3 10 30
E 3416 4 7 22
E 3416 5 4 14
T 3417 13 0 7 1
E 3417 0 -1 -15
E 3417 1 -2 -23
E 3417 2 -3 -31
E 3417 3 -4 -39
E 3417 4 -5 -47
E 3417 5 -6 -55
E 3417 6 -7 -63
T 3418 34 0 4 0
E 3418 0 5 16
E 3418 4 -5 -16
E 3418 5 -8 -24
E 3418 6 -10 -32
T 3419 4 0 4 0
E 3419 0 13 39
E 3419 1 10 31
E 3419 2 7 23
E 3419 3 5 15
T 3420 45 0 4 0
E 3420 3 -6 -19
E 3420 4 -9 -27
E 3420 5 -11 -35
E 3420 6 -14 -43
T 3421 4 0 4 0
E 3421 0 13 41
E 3421 1 11 33
E 3421 2 8 25
E 3421 3 5 17
T 3422 39 0 3 0
E 3422 4 -6 -20
E 3422 5 -9 -28
E 3422 6 -12 -36
T 3423 4 0 4 0
E 3423 0 13 41
E 3423 1 11 33
E 3423 2 8 25
E 3423 3 5 17
T 3424 39 0 3 0
E 3424 4 -6 -20
E 3424 5 -9 -28
E 3424 6 -12 -36
T 3425 4 0 4 0
E 3425 0 13 40
E 3425 1 10 32
E 3425 2 8 24
E 3425 3 5 16
T 3426 45 0 4 0
E 3426 3 -6 -19
E 3426 4 -9 -27
E 3426 5 -11 -35
E 3426 6 -14 -43
T 3427 6 0 5 0
E 3427 0 17 52
E 3427 1 14 44
E 3427 2 12 36
E 3427 3 9 28
E 3427 4 6 20
T 3428 54 0 5 0
E 3428 2 -6 -20
E 3428 3 -9 -28
E 3428 4 -12 -36
E 3428 5 -14 -44
E 3428 6 -17 -52
T 3429 13 0 6 0
E 3429 0 18 55
E 3429 1 15 47
E 3429 2 13 39
E 3429 3 10 31
E 3429 4 7 23
E 3429 5 5 15
T 3430 65 0 6 0
E 3430 1 -6 -19
E 3430 2 -9 -27
E 3430 3 -11 -35
E 3430 4 -14 -43
E 3430 5 -17 -51
E 3430 6 -19 -59
T 3431 37 0 7 1
E 3431 0 7 65
E 3431 1 6 57
E 3431 2 5 49
E 3431 3 4 41
E 3431 4 3 33
E 3431 5 2 25
E 3431 6 1 17
T 3432 2 0 5 0
E 3432 0 15 45
E 3432 1 12 37
E 3432 2 9 29
E 3432 3 7 21
E 3432 4 4 13
T 3433 45 0 4 0
E 3433 3 -6 -20
E 3433 4 -9 -28
E 3433 5 -12 -36
E 3433 6 -14 -44
T 3434 3 0 5 0
E 3434 0 15 47
E 3434 1 13 39
E 3434 2 10 31
E 3434 3 7 23
E 3434 4 5 15
T 3435 51 0 5 0
E 3435 2 -5 -15
E 3435 3 -7 -23
E 3435 4 -10 -31
E 3435 5 -13 -39
E 3435 6 -15 -47
T 3436 3 0 5 0
E 3436 0 15 47
E 3436 1 13 39
E 3436 2 10 31
E 3436 3 7 23
E 3436 4 5 15
T 3437 51 0 5 0
E 3437 2 -5 -15
E 3437 3 -7 -23
E 3437 4 -10 -31
E 3437 5 -13 -39
E 3437 6 -15 -47
T 3438 6 0 5 0
E 3438 0 17 52
E 3438 1 14 44
E 3438 2 12 36
E 3438 3 9 28
E 3438 4 6 20
T 3439 64 0 6 0
E 3439 1 -6 -18
E 3439 2 -8 -26
E 3439 3 -11 -34
E 3439 4 -14 -42
E 3439 5 -16 -50
E 3439 6 -19 -58
T 3440 37 0 7 1
E 3440 0 7 66
E 3440 1 6 58
E 3440 2 5 50
E 3440 3 4 42
E 3440 4 3 34
E 3440 5 2 26
E 3440 6 2 18
T 3441 14 0 4 0
E 3441 0 10 32
E 3441 1 8 24
E 3441 2 5 16
E 3441 6 -5 -16
T 3442 34 0 4 0
E 3442 0 5 17
E 3442 4 -5 -15
E 3442 5 -7 -23
E 3442 6 -10 -31
T 3443 15 0 4 0
E 3443 0 9 29
E 3443 1 7 21
E 3443 2 4 13
E 3443 6 -6 -19
T 3444 34 0 4 0
E 3444 0 5 17
E 3444 4 -5 -15
E 3444 5 -7 -23
E 3444 6 -10 -31
T 3445 15 0 4 0
E 3445 0 10 30
E 3445 1 7 22
E 3445 2 4 14
E 3445 6 -6 -18
T 3446 43 0 4 0
E 3446 3 -4 -13
E 3446 4 -7 -21
E 3446 5 -9 -29
E 3446 6 -12 -37
T 3447 4 0 5 0
E 3447 0 16 48
E 3447 1 13 40
E 3447 2 10 32
E 3447 3 8 24
E 3447 4 5 16
T 3448 62 0 6 0
E 3448 1 -5 -16
E 3448 2 -8 -24
E 3448 3 -10 -32
E 3448 4 -13 -40
E 3448 5 -16 -48
E 3448 6 -18 -56
T 3449 37 0 7 1
E 3449 0 7 67
E 3449 1 6 59
E 3449 2 5 51
E 3449 3 4 43
E 3449 4 3 35
E 3449 5 3 27
E 3449 6 2 19
T 3450 9 0 3 0
E 3450 0 12 36
E 3450 1 9 28
E 3450 2 6 20
T 3451 34 0 4 0
E 3451 0 5 16
E 3451 4 -5 -16
E 3451 5 -8 -24
E 3451 6 -10 -32
T 3452 13 0 4 0
E 3452 0 11 34
E 3452 1 8 26
E 3452 2 6 18
E 3452 6 -4 -14
T 3453 44 0 4 0
E 3453 3 -5 -16
E 3453 4 -8 -24
E 3453 5 -10 -32
E 3453 6 -13 -40
T 3454 5 0 5 0
E 3454 0 16 50
E 3454 1 14 42
E 3454 2 11 34
E 3454 3 8 26
E 3454 4 6 18
T 3455 60 0 6 0
E 3455 1 -4 -14
E 3455 2 -7 -22
E 3455 3 -10 -30
E 3455 4 -12 -38
E 3455 5 -15 -46
E 3455 6 -18 -54
T 3456 13 0 6 0
E 3456 0 18 55
E 3456 1 15 47
E 3456 2 13 39
E 3456 3 10 31
E 3456 4 7 23
E 3456 5 5 15
T 3457 59 0 6 0
E 3457 1 -5 -16
E 3457 2 -8 -24
E 3457 3 -10 -32
E 3457 4 -13 -40
E 3457 5 -16 -48
E 3457 6 -18 -56
T 3458 21 0 6 0
E 3458 0 18 55
E 3458 1 17 52
E 3458 2 14 44
E 3458 3 12 36
E 3458 4 9 28
E 3458 5 6 20
T 3459 6 0 7 1
E 3459 0 -2 -19
E 3459 1 -2 -19
E 3459 2 -3 -27
E 3459 3 -3 -35
E 3459 4 -4 -43
E 3459 5 -5 -51
E 3459 6 -6 -59
T 3460 28 0 3 0
E 3460 4 -5 -15
E 3460 5 -7 -23
E 3460 6 -10 -31
T 3461 5 0 4 0
E 3461 0 9 27
E 3461 1 10 32
E 3461 2 8 24
E 3461 3 5 16
T 3462 28 0 4 0
E 3462 3 -5 -16
E 3462 4 -8 -24
E 3462 5 -10 -32
E 3462 6 -13 -40
T 3463 15 0 5 0
E 3463 0 10 31
E 3463 1 12 36
E 3463 2 11 33
E 3463 3 8 25
E 3463 4 5 17
T 3464 29 0 5 0
E 3464 0 -5 -16
E 3464 3 -6 -19
E 3464 4 -9 -27
E 3464 5 -11 -35
E 3464 6 -14 -43
T 3465 15 0 5 0
E 3465 0 7 22
E 3465 1 9 27
E 3465 2 10 30
E 3465 3 7 22
E 3465 4 4 14
T 3466 23 0 5 0
E 3466 0 -5 -17
E 3466 3 -5 -15
E 3466 4 -7 -23
E 3466 5 -10 -31
E 3466 6 -13 -39
T 3467 16 0 5 0
E 3467 0 6 18
E 3467 1 7 23
E 3467 2 9 28
E 3467 3 7 23
E 3467 4 5 15
T 3468 13 0 4 0
E 3468 0 -5 -16
E 3468 4 -5 -17
E 3468 5 -8 -25
E 3468 6 -11 -33
T 3469 4 0 2 0
E 3469 2 5 16
E 3469 3 5 16
T 3470 0 0 1 0
E 3470 6 -5 -16
T 3471 3 0 1 0
E 3471 3 5 17
T 3472 5 0 1 0
E 3472 3 4 14
T 3473 6 0 1 0
E 3473 3 4 13
T 3474 8 0 1 0
E 3474 6 -4 -13
T 3475 9 0 1 0
E 3475 0 -4 -13
T 3476 10 0 1 0
E 3476 4 5 15
T 3477 10 0 1 0
E 3477 4 5 15
T 3478 10 0 0 0
T 3479 10 0 1 0
E 3479 0 -5 -15
T 3480 12 0 1 0
E 3480 0 -5 -17
T 3481 9 0 2 0
E 3481 0 -6 -19
E 3481 1 -4 -14
T 3482 13 0 1 0
E 3482 5 5 17
T 3483 9 0 2 0
E 3483 0 -6 -20
E 3483 1 -5 -15
T 3484 22 0 3 0
E 3484 4 5 15
E 3484 5 6 20
E 3484 6 6 20
T 3485 9 0 2 0
E 3485 0 -6 -19
E 3485 1 -4 -14
T 3486 21 0 2 0
E 3486 5 4 14
E 3486 6 6 19
T 3487 6 0 3 0
E 3487 0 -8 -25
E 3487 1 -6 -20
E 3487 2 -5 -15
T 3488 24 0 3 0
E 3488 4 5 15
E 3488 5 6 20
E 3488 6 8 25
T 3489 2 0 4 0
E 3489 0 -9 -29
E 3489 1 -8 -24
E 3489 2 -6 -19
E 3489 3 -4 -14
T 3490 34 0 5 0
E 3490 2 4 13
E 3490 3 6 18
E 3490 4 7 23
E 3490 5 9 28
E 3490 6 11 33
T 3491 5 0 5 0
E 3491 0 -11 -35
E 3491 1 -10 -30
E 3491 2 -8 -25
E 3491 3 -6 -20
E 3491 4 -5 -15
T 3492 36 0 5 0
E 3492 2 5 16
E 3492 3 7 21
E 3492 4 8 26
E 3492 5 10 31
E 3492 6 12 36
T 3493 12 0 6 0
E 3493 0 -13 -39
E 3493 1 -11 -34
E 3493 2 -9 -29
E 3493 3 -8 -24
E 3493 4 -6 -19
E 3493 5 -4 -14
T 3494 42 0 6 0
E 3494 1 4 14
E 3494 2 6 19
E 3494 3 8 24
E 3494 4 9 29
E 3494 5 11 34
E 3494 6 13 39
T 3495 25 0 7 1
E 3495 0 -4 -44
E 3495 1 -4 -39
E 3495 2 -3 -34
E 3495 3 -3 -29
E 3495 4 -2 -24
E 3495 5 -2 -19
E 3495 6 -1 -14
T 3496 9 0 2 0
E 3496 0 -7 -21
E 3496 1 -5 -16
T 3497 20 0 2 0
E 3497 5 5 17
E 3497 6 7 22
T 3498 16 0 2 0
E 3498 0 -5 -17
E 3498 6 4 13
T 3499 16 0 2 0
E 3499 0 -5 -17
E 3499 6 4 13
T 3500 21 0 2 0
E 3500 5 4 14
E 3500 6 6 19
T 3501 6 0 3 0
E 3501 0 -8 -25
E 3501 1 -6 -20
E 3501 2 -5 -15
T 3502 24 0 3 0
E 3502 4 5 16
E 3502 5 7 21
E 3502 6 8 26
T 3503 9 0 2 0
E 3503 0 -7 -21
E 3503 1 -5 -16
T 3504 15 1 2 0
E 3504 0 -5 -15
E 3504 6 5 15
T 3505 15 1 2 0
E 3505 0 -5 -15
E 3505 6 5 15
T 3506 15 0 2 0
E 3506 0 -4 -14
E 3506 6 5 17
T 3507 19 0 3 0
E 3507 0 -4 -13
E 3507 5 4 13
E 3507 6 6 18
T 3508 7 0 3 0
E 3508 0 -9 -27
E 3508 1 -6 -20
E 3508 2 -5 -15
T 3509 23 0 2 0
E 3509 5 5 17
E 3509 6 7 22
T 3510 10 0 2 0
E 3510 0 -7 -21
E 3510 1 -4 -13
T 3511 17 0 2 0
E 3511 0 -6 -18
E 3511 6 5 16
T 3512 20 0 3 0
E 3512 0 -5 -15
E 3512 5 4 14
E 3512 6 6 19
T 3513 12 0 2 0
E 3513 0 -8 -25
E 3513 1 -5 -17
T 3514 26 0 4 0
E 3514 0 -4 -13
E 3514 4 4 13
E 3514 5 6 18
E 3514 6 7 23
T 3515 12 0 2 0
E 3515 0 -8 -25
E 3515 1 -5 -17
T 3516 31 0 3 0
E 3516 4 5 16
E 3516 5 7 21
E 3516 6 8 26
T 3517 5 0 4 0
E 3517 0 -12 -36
E 3517 1 -9 -28
E 3517 2 -6 -20
E 3517 3 -4 -14
T 3518 38 0 4 0
E 3518 3 6 19
E 3518 4 8 24
E 3518 5 9 29
E 3518 6 11 34
T 3519 3 0 5 0
E 3519 0 -15 -45
E 3519 1 -12 -37
E 3519 2 -9 -29
E 3519 3 -7 -21
E 3519 4 -5 -16
T 3520 44 0 5 0
E 3520 2 4 13
E 3520 3 7 21
E 3520 4 8 26
E 3520 5 10 31
E 3520 6 12 36
T 3521 12 0 6 0
E 3521 0 -17 -51
E 3521 1 -14 -43
E 3521 2 -11 -35
E 3521 3 -9 -27
E 3521 4 -7 -21
E 3521 5 -5 -16
T 3522 11 0 7 1
E 3522 0 1 14
E 3522 1 2 22
E 3522 2 3 30
E 3522 3 4 38
E 3522 4 4 44
E 3522 5 5 49
E 3522 6 6 54
T 3523 31 0 4 0
E 3523 0 -4 -14
E 3523 4 5 17
E 3523 5 7 22
E 3523 6 9 27
T 3524 9 0 3 0
E 3524 0 -10 -32
E 3524 1 -8 -24
E 3524 2 -5 -16
T 3525 42 0 4 0
E 3525 3 6 19
E 3525 4 9 27
E 3525 5 10 32
E 3525 6 12 37
T 3526 3 0 4 0
E 3526 0 -14 -43
E 3526 1 -11 -35
E 3526 2 -9 -27
E 3526 3 -6 -19
T 3527 43 0 4 0
E 3527 3 6 19
E 3527 4 9 27
E 3527 5 11 33
E 3527 6 12 38
T 3528 4 0 4 0
E 3528 0 -13 -41
E 3528 1 -11 -33
E 3528 2 -8 -25
E 3528 3 -5 -17
T 3529 43 0 4 0
E 3529 3 5 17
E 3529 4 8 25
E 3529 5 11 33
E 3529 6 12 38
T 3530 4 0 5 0
E 3530 0 -16 -49
E 3530 1 -13 -41
E 3530 2 -11 -33
E 3530 3 -8 -25
E 3530 4 -5 -17
T 3531 53 0 5 0
E 3531 2 6 18
E 3531 3 8 26
E 3531 4 11 34
E 3531 5 14 42
E 3531 6 16 48
T 3532 35 0 7 1
E 3532 0 -6 -60
E 3532 1 -5 -52
E 3532 2 -4 -44
E 3532 3 -4 -36
E 3532 4 -3 -28
E 3532 5 -2 -20
E 3532 6 -1 -14
T 3533 3 0 4 0
E 3533 0 -14 -43
E 3533 1 -11 -35
E 3533 2 -9 -27
E 3533 3 -6 -19
T 3534 50 0 5 0
E 3534 2 4 14
E 3534 3 7 22
E 3534 4 10 30
E 3534 5 12 38
E 3534 6 15 46
T 3535 13 0 6 0
E 3535 0 -18 -55
E 3535 1 -15 -47
E 3535 2 -13 -39
E 3535 3 -10 -31
E 3535 4 -7 -23
E 3535 5 -5 -15
T 3536 63 0 6 0
E 3536 1 5 17
E 3536 2 8 25
E 3536 3 11 33
E 3536 4 13 41
E 3536 5 16 49
E 3536 6 19 57
T 3537 37 0 7 1
E 3537 0 -7 -68
E 3537 1 -6 -60
E 3537 2 -5 -52
E 3537 3 -4 -44
E 3537 4 -4 -36
E 3537 5 -3 -28
E 3537 6 -2 -20
T 3538 4 0 4 0
E 3538 0 -13 -41
E 3538 1 -11 -33
E 3538 2 -8 -25
E 3538 3 -5 -17
T 3539 51 0 5 0
E 3539 2 5 15
E 3539 3 7 23
E 3539 4 10 31
E 3539 5 13 39
E 3539 6 15 47
T 3540 3 0 5 0
E 3540 0 -15 -47
E 3540 1 -13 -39
E 3540 2 -10 -31
E 3540 3 -7 -23
E 3540 4 -5 -15
T 3541 52 0 5 0
E 3541 2 5 16
E 3541 3 8 24
E 3541 4 10 32
E 3541 5 13 40
E 3541 6 16 48
T 3542 12 0 6 0
E 3542 0 -18 -54
E 3542 1 -15 -46
E 3542 2 -12 -38
E 3542 3 -10 -30
E 3542 4 -7 -22
E 3542 5 -4 -14
T 3543 63 0 6 0
E 3543 1 5 17
E 3543 2 8 25
E 3543 3 11 33
E 3543 4 13 41
E 3543 5 16 49
E 3543 6 19 57
T 3544 37 0 7 1
E 3544 0 -7 -69
E 3544 1 -6 -61
E 3544 2 -5 -53
E 3544 3 -5 -45
E 3544 4 -4 -37
E 3544 5 -3 -29
E 3544 6 -2 -21
T 3545 5 0 4 0
E 3545 0 -12 -37
E 3545 1 -9 -29
E 3545 2 -7 -21
E 3545 3 -4 -13
T 3546 35 0 4 0
E 3546 0 -4 -13
E 3546 4 6 19
E 3546 5 9 27
E 3546 6 11 35
T 3547 4 0 4 0
E 3547 0 -13 -41
E 3547 1 -11 -33
E 3547 2 -8 -25
E 3547 3 -5 -17
T 3548 44 0 4 0
E 3548 3 5 17
E 3548 4 8 25
E 3548 5 11 33
E 3548 6 13 41
T 3549 4 0 5 0
E 3549 0 -16 -49
E 3549 1 -13 -41
E 3549 2 -11 -33
E 3549 3 -8 -25
E 3549 4 -5 -17
T 3550 50 0 5 0
E 3550 2 4 14
E 3550 3 7 22
E 3550 4 10 30
E 3550 5 12 38
E 3550 6 15 46
T 3551 2 0 5 0
E 3551 0 -15 -46
E 3551 1 -12 -38
E 3551 2 -10 -30
E 3551 3 -7 -22
E 3551 4 -4 -14
T 3552 52 0 5 0
E 3552 2 5 17
E 3552 3 8 25
E 3552 4 11 33
E 3552 5 13 41
E 3552 6 16 49
T 3553 6 0 5 0
E 3553 0 -17 -51
E 3553 1 -14 -43
E 3553 2 -11 -35
E 3553 3 -9 -27
E 3553 4 -6 -19
T 3554 51 0 5 0
E 3554 2 5 15
E 3554 3 7 23
E 3554 4 10 31
E 3554 5 13 39
E 3554 6 15 47
T 3555 3 0 5 0
E 3555 0 -15 -47
E 3555 1 -13 -39
E 3555 2 -10 -31
E 3555 3 -7 -23
E 3555 4 -5 -15
T 3556 45 0 4 0
E 3556 3 6 20
E 3556 4 9 28
E 3556 5 12 36
E 3556 6 14 44
T 3557 3 0 4 0
E 3557 0 -14 -42
E 3557 1 -11 -34
E 3557 2 -8 -26
E 3557 3 -6 -18
T 3558 50 0 5 0
E 3558 2 4 13
E 3558 3 7 21
E 3558 4 9 29
E 3558 5 12 37
E 3558 6 15 45
T 3559 15 0 6 0
E 3559 0 -19 -57
E 3559 1 -16 -49
E 3559 2 -13 -41
E 3559 3 -11 -33
E 3559 4 -8 -25
E 3559 5 -5 -17
T 3560 13 0 7 1
E 3560 0 1 13
E 3560 1 2 21
E 3560 2 3 29
E 3560 3 4 37
E 3560 4 5 45
E 3560 5 5 53
E 3560 6 6 61
T 3561 33 0 4 0
E 3561 0 -6 -18
E 3561 4 4 14
E 3561 5 7 22
E 3561 6 10 30
T 3562 4 0 4 0
E 3562 0 -13 -40
E 3562 1 -10 -32
E 3562 2 -8 -24
E 3562 3 -5 -16
T 3563 52 0 5 0
E 3563 2 5 16
E 3563 3 8 24
E 3563 4 10 32
E 3563 5 13 40
E 3563 6 16 48
T 3564 4 0 5 0
E 3564 0 -16 -48
E 3564 1 -13 -40
E 3564 2 -10 -32
E 3564 3 -8 -24
E 3564 4 -5 -16
T 3565 59 0 6 0
E 3565 1 4 13
E 3565 2 7 21
E 3565 3 9 29
E 3565 4 12 37
E 3565 5 15 45
E 3565 6 17 53
T 3566 18 0 6 0
E 3566 0 -20 -60
E 3566 1 -17 -52
E 3566 2 -14 -44
E 3566 3 -12 -36
E 3566 4 -9 -28
E 3566 5 -6 -20
T 3567 11 0 7 1
E 3567 0 2 18
E 3567 1 2 26
E 3567 2 3 34
E 3567 3 4 42
E 3567 4 5 50
E 3567 5 6 58
E 3567 6 7 66
T 3568 35 0 4 0
E 3568 0 -4 -14
E 3568 4 6 18
E 3568 5 8 26
E 3568 6 11 34
T 3569 14 0 4 0
E 3569 0 -10 -32
E 3569 1 -8 -24
E 3569 2 -5 -16
E 3569 6 5 16
T 3570 33 0 4 0
E 3570 0 -6 -18
E 3570 4 4 14
E 3570 5 7 22
E 3570 6 10 30
T 3571 14 0 4 0
E 3571 0 -10 -32
E 3571 1 -8 -24
E 3571 2 -5 -16
E 3571 6 5 16
T 3572 34 0 4 0
E 3572 0 -5 -16
E 3572 4 5 16
E 3572 5 8 24
E 3572 6 10 32
T 3573 14 0 4 0
E 3573 0 -11 -33
E 3573 1 -8 -25
E 3573 2 -5 -17
E 3573 6 5 15
T 3574 35 0 4 0
E 3574 0 -4 -14
E 3574 4 6 18
E 3574 5 8 26
E 3574 6 11 34
T 3575 14 0 4 0
E 3575 0 -11 -33
E 3575 1 -8 -25
E 3575 2 -5 -17
E 3575 6 5 15
T 3576 25 0 4 0
E 3576 0 -7 -22
E 3576 1 -4 -14
E 3576 5 6 18
E 3576 6 8 26
T 3577 29 0 3 0
E 3577 0 -6 -20
E 3577 5 6 20
E 3577 6 9 28
T 3578 13 0 4 0
E 3578 0 -11 -34
E 3578 1 -8 -26
E 3578 2 -6 -18
E 3578 6 4 14
T 3579 43 0 4 0
E 3579 3 4 13
E 3579 4 7 21
E 3579 5 9 29
E 3579 6 12 37
T 3580 4 0 4 0
E 3580 0 -13 -41
E 3580 1 -11 -33
E 3580 2 -8 -25
E 3580 3 -5 -17
T 3581 45 0 4 0
E 3581 3 6 19
E 3581 4 9 27
E 3581 5 11 35
E 3581 6 14 43
T 3582 3 0 4 0
E 3582 0 -14 -44
E 3582 1 -12 -36
E 3582 2 -9 -28
E 3582 3 -6 -20
T 3583 50 0 5 0
E 3583 2 4 14
E 3583 3 7 22
E 3583 4 10 30
E 3583 5 12 38
E 3583 6 15 46
T 3584 3 0 5 0
E 3584 0 -15 -47
E 3584 1 -13 -39
E 3584 2 -10 -31
E 3584 3 -7 -23
E 3584 4 -5 -15
T 3585 62 0 6 0
E 3585 1 5 16
E 3585 2 8 24
E 3585 3 10 32
E 3585 4 13 40
E 3585 5 16 48
E 3585 6 18 56
T 3586 37 0 7 1
E 3586 0 -7 -70
E 3586 1 -6 -62
E 3586 2 -6 -54
E 3586 3 -5 -46
E 3586 4 -4 -38
E 3586 5 -3 -30
E 3586 6 -2 -22
T 3587 9 0 3 0
E 3587 0 -12 -36
E 3587 1 -9 -28
E 3587 2 -6 -20
T 3588 34 0 4 0
E 3588 0 -5 -16
E 3588 4 5 16
E 3588 5 8 24
E 3588 6 10 32
T 3589 13 0 4 0
E 3589 0 -11 -34
E 3589 1 -8 -26
E 3589 2 -6 -18
E 3589 6 4 14
T 3590 44 0 4 0
E 3590 3 5 16
E 3590 4 8 24
E 3590 5 10 32
E 3590 6 13 40
T 3591 5 0 5 0
E 3591 0 -16 -50
E 3591 1 -14 -42
E 3591 2 -11 -34
E 3591 3 -8 -26
E 3591 4 -6 -18
T 3592 60 0 6 0
E 3592 1 4 14
E 3592 2 7 22
E 3592 3 10 30
E 3592 4 12 38
E 3592 5 15 46
E 3592 6 18 54
T 3593 16 0 6 0
E 3593 0 -19 -58
E 3593 1 -16 -50
E 3593 2 -14 -42
E 3593 3 -11 -34
E 3593 4 -8 -26
E 3593 5 -6 -18
T 3594 62 0 6 0
E 3594 1 5 16
E 3594 2 8 24
E 3594 3 10 32
E 3594 4 13 40
E 3594 5 16 48
E 3594 6 18 56
T 3595 35 0 7 1
E 3595 0 -6 -61
E 3595 1 -5 -53
E 3595 2 -5 -45
E 3595 3 -4 -37
E 3595 4 -3 -29
E 3595 5 -2 -21
E 3595 6 -1 -13
T 3596 4 0 4 0
E 3596 0 -13 -40
E 3596 1 -10 -32
E 3596 2 -8 -24
E 3596 3 -5 -16
T 3597 52 0 5 0
E 3597 2 5 16
E 3597 3 8 24
E 3597 4 10 32
E 3597 5 13 40
E 3597 6 16 48
T 3598 6 0 5 0
E 3598 0 -17 -52
E 3598 1 -14 -44
E 3598 2 -12 -36
E 3598 3 -9 -28
E 3598 4 -6 -20
T 3599 52 0 5 0
E 3599 2 5 17
E 3599 3 8 25
E 3599 4 11 33
E 3599 5 13 41
E 3599 6 16 49
T 3600 44 0 5 0
E 3600 1 -16 -48
E 3600 2 -13 -40
E 3600 3 -10 -32
E 3600 4 -8 -24
E 3600 5 -5 -16
T 3601 18 0 6 0
E 3601 0 17 51
E 3601 2 5 16
E 3601 3 8 24
E 3601 4 10 32
E 3601 5 13 40
E 3601 6 16 48
T 3602 10 0 7 1
E 3602 0 -2 -19
E 3602 1 -7 -65
E 3602 2 -6 -57
E 3602 3 -5 -49
E 3602 4 -4 -41
E 3602 5 -3 -33
E 3602 6 -2 -25
T 3603 46 0 4 0
E 3603 1 -14 -44
E 3603 2 -12 -36
E 3603 3 -9 -28
E 3603 4 -6 -20
T 3604 2 0 5 0
E 3604 0 16 50
E 3604 3 4 13
E 3604 4 7 21
E 3604 5 9 29
E 3604 6 12 37
T 3605 50 0 5 0
E 3605 2 -15 -45
E 3605 3 -12 -37
E 3605 4 -9 -29
E 3605 5 -7 -21
E 3605 6 -4 -13
T 3606 3 0 5 0
E 3606 0 17 52
E 3606 1 14 44
E 3606 4 5 17
E 3606 5 8 25
E 3606 6 11 33
T 3607 61 0 5 0
E 3607 2 -17 -53
E 3607 3 -15 -45
E 3607 4 -12 -37
E 3607 5 -9 -29
E 3607 6 -7 -21
T 3608 3 0 5 0
E 3608 0 20 60
E 3608 1 17 52
E 3608 4 6 19
E 3608 5 9 27
E 3608 6 11 35
T 3609 75 0 5 0
E 3609 2 -21 -64
E 3609 3 -18 -56
E 3609 4 -16 -48
E 3609 5 -13 -40
E 3609 6 -10 -32
T 3610 42 0 7 1
E 3610 0 8 76
E 3610 1 7 68
E 3610 2 6 60
E 3610 3 2 20
E 3610 4 3 28
E 3610 5 4 36
E 3610 6 4 44
T 3611 14 0 4 0
E 3611 0 14 42
E 3611 1 11 34
E 3611 2 8 26
E 3611 3 -5 -17
T 3612 57 0 5 0
E 3612 0 4 13
E 3612 3 -16 -49
E 3612 4 -13 -41
E 3612 5 -11 -33
E 3612 6 -8 -25
T 3613 2 0 5 0
E 3613 0 20 62
E 3613 1 18 54
E 3613 2 15 46
E 3613 5 4 13
E 3613 6 7 21
T 3614 73 0 4 0
E 3614 3 -21 -64
E 3614 4 -18 -56
E 3614 5 -16 -48
E 3614 6 -13 -40
T 3615 21 0 6 0
E 3615 0 24 74
E 3615 1 22 66
E 3615 2 19 58
E 3615 3 16 50
E 3615 5 6 18
E 3615 6 8 26
T 3616 17 0 7 1
E 3616 0 -2 -19
E 3616 1 -3 -27
E 3616 2 -3 -35
E 3616 3 -4 -43
E 3616 4 -9 -86
E 3616 5 -8 -78
E 3616 6 -7 -70
T 3617 49 0 5 0
E 3617 0 7 23
E 3617 1 5 15
E 3617 4 -15 -47
E 3617 5 -13 -39
E 3617 6 -10 -31
T 3618 6 0 5 0
E 3618 0 17 53
E 3618 1 15 45
E 3618 2 12 37
E 3618 3 9 29
E 3618 4 -6 -20
T 3619 72 0 4 0
E 3619 3 -4 -14
E 3619 4 -22 -67
E 3619 5 -19 -59
E 3619 6 -17 -51
T 3620 18 0 5 0
E 3620 0 23 69
E 3620 1 20 61
E 3620 2 17 53
E 3620 3 15 45
E 3620 4 12 37
T 3621 18 0 7 1
E 3621 0 -1 -16
E 3621 1 -2 -24
E 3621 2 -3 -32
E 3621 3 -4 -40
E 3621 4 -5 -48
E 3621 5 -10 -91
E 3621 6 -9 -83
T 3622 53 0 4 0
E 3622 0 6 19
E 3622 4 -4 -13
E 3622 5 -19 -59
E 3622 6 -17 -51
T 3623 41 0 7 1
E 3623 0 6 60
E 3623 1 5 52
E 3623 2 4 44
E 3623 3 4 36
E 3623 4 3 28
E 3623 5 -2 -21
E 3623 6 -1 -13
T 3624 38 0 7 1
E 3624 0 5 46
E 3624 1 4 38
E 3624 2 3 30
E 3624 3 2 22
E 3624 4 1 14
E 3624 5 -4 -39
E 3624 6 -3 -31
T 3625 17 0 5 0
E 3625 0 13 39
E 3625 1 10 31
E 3625 2 7 23
E 3625 3 5 15
E 3625 6 -13 -41
T 3626 37 0 4 0
E 3626 0 7 22
E 3626 1 4 14
E 3626 5 -6 -18
E 3626 6 -20 -61
T 3627 26 0 4 0
E 3627 0 11 33
E 3627 1 8 25
E 3627 2 5 17
E 3627 6 -17 -53
T 3628 38 0 4 0
E 3628 0 8 25
E 3628 1 5 17
E 3628 5 -5 -15
E 3628 6 -21 -64
T 3629 21 0 5 0
E 3629 0 13 40
E 3629 1 10 32
E 3629 2 8 24
E 3629 3 5 16
E 3629 6 -17 -53
T 3630 25 0 4 0
E 3630 0 7 21
E 3630 1 4 13
E 3630 5 -6 -19
E 3630 6 -9 -27
T 3631 19 0 3 0
E 3631 0 9 28
E 3631 1 6 20
E 3631 6 -6 -20
T 3632 24 0 4 0
E 3632 0 8 25
E 3632 1 5 17
E 3632 5 -5 -15
E 3632 6 -7 -23
T 3633 24 1 4 0
E 3633 0 8 24
E 3633 1 5 16
E 3633 5 -5 -16
E 3633 6 -8 -24
T 3634 14 0 4 0
E 3634 0 10 32
E 3634 1 8 24
E 3634 2 5 16
E 3634 6 -5 -16
T 3635 34 0 4 0
E 3635 0 5 17
E 3635 4 -5 -15
E 3635 5 -7 -23
E 3635 6 -10 -31
T 3636 4 0 4 0
E 3636 0 13 39
E 3636 1 10 31
E 3636 2 7 23
E 3636 3 5 15
T 3637 44 0 4 0
E 3637 3 -5 -16
E 3637 4 -8 -24
E 3637 5 -10 -32
E 3637 6 -13 -40
T 3638 3 0 4 0
E 3638 0 14 43
E 3638 1 11 35
E 3638 2 9 27
E 3638 3 6 19
T 3639 43 0 4 0
E 3639 3 -4 -13
E 3639 4 -7 -21
E 3639 5 -9 -29
E 3639 6 -12 -37
T 3640 3 0 5 0
E 3640 0 15 47
E 3640 1 13 39
E 3640 2 10 31
E 3640 3 7 23
E 3640 4 5 15
T 3641 50 0 5 0
E 3641 2 -4 -13
E 3641 3 -7 -21
E 3641 4 -9 -29
E 3641 5 -12 -37
E 3641 6 -15 -45
T 3642 11 0 6 0
E 3642 0 17 53
E 3642 1 15 45
E 3642 2 12 37
E 3642 3 9 29
E 3642 4 7 21
E 3642 5 4 13
T 3643 64 0 6 0
E 3643 1 -6 -18
E 3643 2 -8 -26
E 3643 3 -11 -34
E 3643 4 -14 -42
E 3643 5 -16 -50
E 3643 6 -19 -58
T 3644 37 0 7 1
E 3644 0 7 71
E 3644 1 7 63
E 3644 2 6 55
E 3644 3 5 47
E 3644 4 4 39
E 3644 5 3 31
E 3644 6 2 23
T 3645 2 0 5 0
E 3645 0 15 45
E 3645 1 12 37
E 3645 2 9 29
E 3645 3 7 21
E 3645 4 4 13
T 3646 61 0 6 0
E 3646 1 -5 -15
E 3646 2 -7 -23
E 3646 3 -10 -31
E 3646 4 -13 -39
E 3646 5 -15 -47
E 3646 6 -18 -55
T 3647 37 0 7 1
E 3647 0 7 67
E 3647 1 6 59
E 3647 2 5 51
E 3647 3 4 43
E 3647 4 3 35
E 3647 5 3 27
E 3647 6 2 19
T 3648 14 0 4 0
E 3648 0 10 32
E 3648 1 8 24
E 3648 2 5 16
E 3648 6 -5 -16
T 3649 29 0 3 0
E 3649 0 6 20
E 3649 5 -6 -20
E 3649 6 -9 -28
T 3650 19 0 3 0
E 3650 0 9 28
E 3650 1 6 20
E 3650 6 -6 -20
T 3651 33 0 4 0
E 3651 0 6 18
E 3651 4 -4 -14
E 3651 5 -7 -22
E 3651 6 -10 -30
T 3652 5 0 4 0
E 3652 0 12 37
E 3652 1 9 29
E 3652 2 7 21
E 3652 3 4 13
T 3653 52 0 5 0
E 3653 2 -5 -16
E 3653 3 -8 -24
E 3653 4 -10 -32
E 3653 5 -13 -40
E 3653 6 -16 -48
T 3654 6 0 5 0
E 3654 0 17 51
E 3654 1 14 43
E 3654 2 11 35
E 3654 3 9 27
E 3654 4 6 19
T 3655 54 0 5 0
E 3655 2 -6 -20
E 3655 3 -9 -28
E 3655 4 -12 -36
E 3655 5 -14 -44
E 3655 6 -17 -52
T 3656 17 0 6 0
E 3656 0 19 59
E 3656 1 17 51
E 3656 2 14 43
E 3656 3 11 35
E 3656 4 9 27
E 3656 5 6 19
T 3657 11 0 7 1
E 3657 0 -1 -17
E 3657 1 -2 -25
E 3657 2 -3 -33
E 3657 3 -4 -41
E 3657 4 -5 -49
E 3657 5 -6 -57
E 3657 6 -7 -65
T 3658 44 0 4 0
E 3658 3 -5 -15
E 3658 4 -7 -23
E 3658 5 -10 -31
E 3658 6 -13 -39
T 3659 2 0 5 0
E 3659 0 15 45
E 3659 1 12 37
E 3659 2 9 29
E 3659 3 7 21
E 3659 4 4 13
T 3660 45 0 4 0
E 3660 3 -6 -20
E 3660 4 -9 -28
E 3660 5 -12 -36
E 3660 6 -14 -44
T 3661 4 0 5 0
E 3661 0 16 49
E 3661 1 13 41
E 3661 2 11 33
E 3661 3 8 25
E 3661 4 5 17
T 3662 50 0 5 0
E 3662 2 -4 -13
E 3662 3 -7 -21
E 3662 4 -9 -29
E 3662 5 -12 -37
E 3662 6 -15 -45
T 3663 6 0 5 0
E 3663 0 17 52
E 3663 1 14 44
E 3663 2 12 36
E 3663 3 9 28
E 3663 4 6 20
T 3664 62 0 6 0
E 3664 1 -5 -16
E 3664 2 -8 -24
E 3664 3 -10 -32
E 3664 4 -13 -40
E 3664 5 -16 -48
E 3664 6 -18 -56
T 3665 16 0 6 0
E 3665 0 19 58
E 3665 1 16 50
E 3665 2 14 42
E 3665 3 11 34
E 3665 4 8 26
E 3665 5 6 18
T 3666 11 0 7 1
E 3666 0 -2 -20
E 3666 1 -3 -28
E 3666 2 -4 -36
E 3666 3 -4 -44
E 3666 4 -5 -52
E 3666 5 -6 -60
E 3666 6 -7 -68
T 3667 34 0 4 0
E 3667 0 5 17
E 3667 4 -5 -15
E 3667 5 -7 -23
E 3667 6 -10 -31
T 3668 4 0 4 0
E 3668 0 13 41
E 3668 1 11 33
E 3668 2 8 25
E 3668 3 5 17
T 3669 43 0 4 0
E 3669 3 -4 -13
E 3669 4 -7 -21
E 3669 5 -9 -29
E 3669 6 -12 -37
T 3670 4 0 4 0
E 3670 0 13 40
E 3670 1 10 32
E 3670 2 8 24
E 3670 3 5 16
T 3671 52 0 5 0
E 3671 2 -5 -17
E 3671 3 -8 -25
E 3671 4 -11 -33
E 3671 5 -13 -41
E 3671 6 -16 -49
T 3672 11 0 6 0
E 3672 0 17 53
E 3672 1 15 45
E 3672 2 12 37
E 3672 3 9 29
E 3672 4 7 21
E 3672 5 4 13
T 3673 63 0 6 0
E 3673 1 -5 -17
E 3673 2 -8 -25
E 3673 3 -11 -33
E 3673 4 -13 -41
E 3673 5 -16 -49
E 3673 6 -19 -57
T 3674 17 0 6 0
E 3674 0 19 59
E 3674 1 17 51
E 3674 2 14 43
E 3674 3 11 35
E 3674 4 9 27
E 3674 5 6 19
T 3675 63 0 6 0
E 3675 1 -5 -17
E 3675 2 -8 -25
E 3675 3 -11 -33
E 3675 4 -13 -41
E 3675 5 -16 -49
E 3675 6 -19 -57
T 3676 35 0 7 1
E 3676 0 7 63
E 3676 1 6 55
E 3676 2 5 47
E 3676 3 4 39
E 3676 4 3 31
E 3676 5 2 23
E 3676 6 1 15
T 3677 5 0 4 0
E 3677 0 12 37
E 3677 1 9 29
E 3677 2 7 21
E 3677 3 4 13
T 3678 43 0 4 0
E 3678 3 -4 -14
E 3678 4 -7 -22
E 3678 5 -10 -30
E 3678 6 -12 -38
T 3679 4 0 4 0
E 3679 0 13 40
E 3679 1 10 32
E 3679 2 8 24
E 3679 3 5 16
T 3680 50 0 5 0
E 3680 2 -4 -14
E 3680 3 -7 -22
E 3680 4 -10 -30
E 3680 5 -12 -38
E 3680 6 -15 -46
T 3681 12 0 6 0
E 3681 0 18 54
E 3681 1 15 46
E 3681 2 12 38
E 3681 3 10 30
E 3681 4 7 22
E 3681 5 4 14
T 3682 66 0 6 0
E 3682 1 -6 -20
E 3682 2 -9 -28
E 3682 3 -12 -36
E 3682 4 -14 -44
E 3682 5 -17 -52
E 3682 6 -20 -60
T 3683 35 0 7 1
E 3683 0 6 61
E 3683 1 5 53
E 3683 2 5 45
E 3683 3 4 37
E 3683 4 3 29
E 3683 5 2 21
E 3683 6 1 13
T 3684 14 0 4 0
E 3684 0 10 31
E 3684 1 7 23
E 3684 2 5 15
E 3684 6 -5 -17
T 3685 33 0 4 0
E 3685 0 6 18
E 3685 4 -4 -14
E 3685 5 -7 -22
E 3685 6 -10 -30
T 3686 4 0 4 0
E 3686 0 13 39
E 3686 1 10 31
E 3686 2 7 23
E 3686 3 5 15
T 3687 43 0 4 0
E 3687 3 -4 -14
E 3687 4 -7 -22
E 3687 5 -10 -30
E 3687 6 -12 -38
T 3688 4 0 4 0
E 3688 0 13 40
E 3688 1 10 32
E 3688 2 8 24
E 3688 3 5 16
T 3689 44 0 4 0
E 3689 3 -5 -15
E 3689 4 -7 -23
E 3689 5 -10 -31
E 3689 6 -13 -39
T 3690 6 0 5 0
E 3690 0 17 52
E 3690 1 14 44
E 3690 2 12 36
E 3690 3 9 28
E 3690 4 6 20
T 3691 52 0 5 0
E 3691 2 -5 -17
E 3691 3 -8 -25
E 3691 4 -11 -33
E 3691 5 -13 -41
E 3691 6 -16 -49
T 3692 11 0 6 0
E 3692 0 17 53
E 3692 1 15 45
E 3692 2 12 37
E 3692 3 9 29
E 3692 4 7 21
E 3692 5 4 13
T 3693 13 0 7 1
E 3693 0 -1 -15
E 3693 1 -2 -23
E 3693 2 -3 -31
E 3693 3 -4 -39
E 3693 4 -5 -47
E 3693 5 -6 -55
E 3693 6 -7 -63
T 3694 25 0 4 0
E 3694 0 7 21
E 3694 1 4 13
E 3694 5 -6 -19
E 3694 6 -9 -27
T 3695 25 0 4 0
E 3695 0 7 22
E 3695 1 4 14
E 3695 5 -6 -18
E 3695 6 -8 -26
T 3696 23 0 4 0
E 3696 0 9 27
E 3696 1 6 19
E 3696 5 -4 -13
E 3696 6 -7 -21
T 3697 22 0 4 0
E 3697 0 7 21
E 3697 1 5 16
E 3697 5 -5 -16
E 3697 6 -8 -24
T 3698 19 0 4 0
E 3698 0 7 21
E 3698 1 6 18
E 3698 5 -4 -14
E 3698 6 -7 -22
T 3699 27 0 2 0
E 3699 5 -6 -20
E 3699 6 -9 -28
T 3700 3 0 4 0
E 3700 0 9 29
E 3700 1 10 32
E 3700 2 8 24
E 3700 3 5 16
T 3701 37 0 5 0
E 3701 2 -4 -13
E 3701 3 -7 -21
E 3701 4 -9 -29
E 3701 5 -12 -37
E 3701 6 -15 -45
T 3702 12 0 5 0
E 3702 0 10 30
E 3702 1 11 35
E 3702 2 10 30
E 3702 3 7 22
E 3702 4 4 14
T 3703 31 0 5 0
E 3703 0 -4 -13
E 3703 3 -6 -19
E 3703 4 -9 -27
E 3703 5 -11 -35
E 3703 6 -14 -43
T 3704 14 0 5 0
E 3704 0 8 25
E 3704 1 10 30
E 3704 2 10 30
E 3704 3 7 22
E 3704 4 4 14
T 3705 3 0 7 1
E 3705 0 -2 -21
E 3705 1 -1 -16
E 3705 2 -1 -13
E 3705 3 -2 -21
E 3705 4 -3 -29
E 3705 5 -4 -37
E 3705 6 -5 -45
T 3706 13 0 3 0
E 3706 4 -4 -14
E 3706 5 -7 -22
E 3706 6 -10 -30
T 3707 5 0 2 0
E 3707 2 5 16
E 3707 6 -4 -13
T 3708 7 0 3 0
E 3708 1 4 13
E 3708 2 6 18
E 3708 3 5 15
T 3709 5 0 3 0
E 3709 0 -4 -14
E 3709 5 -6 -20
E 3709 6 -9 -28
T 3710 6 0 2 0
E 3710 2 5 15
E 3710 3 6 18
T 3711 1 0 1 0
E 3711 6 -4 -14
T 3712 11 0 3 0
E 3712 2 4 13
E 3712 3 6 18
E 3712 4 4 13
T 3713 4 0 2 0
E 3713 0 -4 -13
E 3713 6 -5 -17
T 3714 10 0 2 0
E 3714 3 4 13
E 3714 4 4 13
T 3715 7 0 2 0
E 3715 0 -5 -17
E 3715 6 -5 -15
T 3716 10 0 1 0
E 3716 0 -4 -14
T 3717 11 0 0 0
T 3718 11 0 1 0
E 3718 0 -5 -16
T 3719 12 0 0 0
T 3720 8 0 2 0
E 3720 0 -6 -18
E 3720 1 -4 -13
T 3721 16 0 1 0
E 3721 5 4 13
T 3722 15 0 1 0
E 3722 5 4 14
T 3723 10 0 2 0
E 3723 0 -7 -22
E 3723 1 -5 -17
T 3724 18 0 2 0
E 3724 5 5 17
E 3724 6 5 17
T 3725 9 0 2 0
E 3725 0 -6 -19
E 3725 1 -4 -14
T 3726 15 1 2 0
E 3726 0 -5 -15
E 3726 6 5 15
T 3727 22 0 2 0
E 3727 5 4 13
E 3727 6 6 18
T 3728 8 0 2 0
E 3728 0 -6 -18
E 3728 1 -4 -13
T 3729 15 0 2 0
E 3729 0 -4 -14
E 3729 6 5 16
T 3730 9 0 2 0
E 3730 0 -6 -20
E 3730 1 -5 -15
T 3731 14 0 2 0
E 3731 0 -4 -13
E 3731 6 5 17
T 3732 9 0 2 0
E 3732 0 -6 -20
E 3732 1 -5 -15
T 3733 15 0 2 0
E 3733 0 -4 -14
E 3733 6 5 16
T 3734 15 1 2 0
E 3734 0 -5 -15
E 3734 6 5 15
T 3735 9 0 2 0
E 3735 0 -7 -21
E 3735 1 -5 -16
T 3736 21 0 2 0
E 3736 5 4 14
E 3736 6 6 19
T 3737 9 0 2 0
E 3737 0 -6 -19
E 3737 1 -4 -14
T 3738 22 0 2 0
E 3738 5 4 13
E 3738 6 6 18
T 3739 6 0 3 0
E 3739 0 -8 -25
E 3739 1 -6 -20
E 3739 2 -5 -15
T 3740 28 0 4 0
E 3740 3 4 14
E 3740 4 6 19
E 3740 5 8 24
E 3740 6 9 29
T 3741 6 0 3 0
E 3741 0 -9 -27
E 3741 1 -7 -22
E 3741 2 -5 -17
T 3742 28 0 4 0
E 3742 3 4 13
E 3742 4 6 18
E 3742 5 7 23
E 3742 6 9 28
T 3743 2 0 4 0
E 3743 0 -9 -29
E 3743 1 -8 -24
E 3743 2 -6 -19
E 3743 3 -4 -14
T 3744 24 0 3 0
E 3744 4 4 14
E 3744 5 6 19
E 3744 6 8 24
T 3745 2 0 4 0
E 3745 0 -9 -28
E 3745 1 -7 -23
E 3745 2 -6 -18
E 3745 3 -4 -13
T 3746 25 0 3 0
E 3746 4 4 14
E 3746 5 6 19
E 3746 6 8 24
T 3747 7 0 3 0
E 3747 0 -9 -28
E 3747 1 -7 -22
E 3747 2 -5 -17
T 3748 15 1 2 0
E 3748 0 -5 -15
E 3748 6 5 17
T 3749 20 0 3 0
E 3749 0 -4 -13
E 3749 5 5 15
E 3749 6 6 20
T 3750 16 1 2 0
E 3750 0 -5 -16
E 3750 6 5 17
T 3751 11 0 2 0
E 3751 0 -7 -23
E 3751 1 -5 -15
T 3752 32 0 4 0
E 3752 3 4 13
E 3752 4 6 18
E 3752 5 7 23
E 3752 6 9 28
T 3753 9 0 3 0
E 3753 0 -9 -29
E 3753 1 -7 -21
E 3753 2 -4 -14
T 3754 22 0 3 0
E 3754 0 -5 -16
E 3754 5 5 15
E 3754 6 6 20
T 3755 22 0 3 0
E 3755 0 -5 -17
E 3755 5 4 14
E 3755 6 6 19
T 3756 15 0 3 0
E 3756 0 -7 -23
E 3756 1 -5 -15
E 3756 6 4 14
T 3757 16 0 3 0
E 3757 0 -7 -22
E 3757 1 -4 -14
E 3757 6 5 15
T 3758 15 0 3 0
E 3758 0 -8 -24
E 3758 1 -5 -16
E 3758 6 4 14
T 3759 24 0 3 0
E 3759 0 -6 -18
E 3759 5 5 16
E 3759 6 7 21
T 3760 24 0 3 0
E 3760 0 -6 -19
E 3760 5 5 15
E 3760 6 6 20
T 3761 9 0 3 0
E 3761 0 -10 -30
E 3761 1 -7 -22
E 3761 2 -4 -14
T 3762 40 0 4 0
E 3762 3 6 18
E 3762 4 8 24
E 3762 5 9 29
E 3762 6 11 34
T 3763 3 0 4 0
E 3763 0 -14 -42
E 3763 1 -11 -34
E 3763 2 -8 -26
E 3763 3 -6 -18
T 3764 47 0 5 0
E 3764 2 4 13
E 3764 3 7 21
E 3764 4 9 29
E 3764 5 11 34
E 3764 6 13 39
T 3765 13 0 6 0
E 3765 0 -18 -54
E 3765 1 -15 -46
E 3765 2 -12 -38
E 3765 3 -10 -30
E 3765 4 -7 -22
E 3765 5 -5 -17
T 3766 57 0 6 0
E 3766 1 4 13
E 3766 2 7 21
E 3766 3 9 29
E 3766 4 12 37
E 3766 5 14 43
E 3766 6 16 48
T 3767 34 0 7 1
E 3767 0 -6 -62
E 3767 1 -6 -54
E 3767 2 -5 -46
E 3767 3 -4 -38
E 3767 4 -3 -30
E 3767 5 -2 -24
E 3767 6 -2 -19
T 3768 13 0 4 0
E 3768 0 -10 -31
E 3768 1 -7 -23
E 3768 2 -5 -15
E 3768 6 4 13
T 3769 32 0 4 0
E 3769 0 -6 -19
E 3769 4 4 13
E 3769 5 7 21
E 3769 6 8 26
T 3770 4 0 4 0
E 3770 0 -13 -39
E 3770 1 -10 -31
E 3770 2 -7 -23
E 3770 3 -5 -15
T 3771 45 0 4 0
E 3771 3 6 20
E 3771 4 9 28
E 3771 5 12 36
E 3771 6 14 42
T 3772 6 0 5 0
E 3772 0 -17 -52
E 3772 1 -14 -44
E 3772 2 -12 -36
E 3772 3 -9 -28
E 3772 4 -6 -20
T 3773 61 0 6 0
E 3773 1 5 15
E 3773 2 7 23
E 3773 3 10 31
E 3773 4 13 39
E 3773 5 15 47
E 3773 6 18 54
T 3774 35 0 7 1
E 3774 0 -6 -62
E 3774 1 -6 -54
E 3774 2 -5 -46
E 3774 3 -4 -38
E 3774 4 -3 -30
E 3774 5 -2 -22
E 3774 6 -1 -14
T 3775 14 0 4 0
E 3775 0 -10 -32
E 3775 1 -8 -24
E 3775 2 -5 -16
E 3775 6 5 16
T 3776 33 0 4 0
E 3776 0 -6 -19
E 3776 4 4 13
E 3776 5 7 21
E 3776 6 9 29
T 3777 4 0 4 0
E 3777 0 -13 -40
E 3777 1 -10 -32
E 3777 2 -8 -24
E 3777 3 -5 -16
T 3778 39 0 3 0
E 3778 4 6 20
E 3778 5 9 28
E 3778 6 12 36
T 3779 4 0 4 0
E 3779 0 -13 -39
E 3779 1 -10 -31
E 3779 2 -7 -23
E 3779 3 -5 -15
T 3780 52 0 5 0
E 3780 2 5 16
E 3780 3 8 24
E 3780 4 10 32
E 3780 5 13 40
E 3780 6 16 48
T 3781 15 0 6 0
E 3781 0 -19 -57
E 3781 1 -16 -49
E 3781 2 -13 -41
E 3781 3 -11 -33
E 3781 4 -8 -25
E 3781 5 -5 -17
T 3782 64 0 6 0
E 3782 1 6 18
E 3782 2 8 26
E 3782 3 11 34
E 3782 4 14 42
E 3782 5 16 50
E 3782 6 19 58
T 3783 37 0 7 1
E 3783 0 -7 -71
E 3783 1 -7 -63
E 3783 2 -6 -55
E 3783 3 -5 -47
E 3783 4 -4 -39
E 3783 5 -3 -31
E 3783 6 -2 -23
T 3784 3 0 4 0
E 3784 0 -14 -43
E 3784 1 -11 -35
E 3784 2 -9 -27
E 3784 3 -6 -19
T 3785 52 0 5 0
E 3785 2 5 17
E 3785 3 8 25
E 3785 4 11 33
E 3785 5 13 41
E 3785 6 16 49
T 3786 14 0 6 0
E 3786 0 -18 -56
E 3786 1 -16 -48
E 3786 2 -13 -40
E 3786 3 -10 -32
E 3786 4 -8 -24
E 3786 5 -5 -16
T 3787 62 0 6 0
E 3787 1 5 16
E 3787 2 8 24
E 3787 3 10 32
E 3787 4 13 40
E 3787 5 16 48
E 3787 6 18 56
T 3788 35 0 7 1
E 3788 0 -6 -61
E 3788 1 -5 -53
E 3788 2 -5 -45
E 3788 3 -4 -37
E 3788 4 -3 -29
E 3788 5 -2 -21
E 3788 6 -1 -13
T 3789 4 0 4 0
E 3789 0 -13 -41
E 3789 1 -11 -33
E 3789 2 -8 -25
E 3789 3 -5 -17
T 3790 43 0 4 0
E 3790 3 4 14
E 3790 4 7 22
E 3790 5 10 30
E 3790 6 12 38
T 3791 4 0 4 0
E 3791 0 -13 -40
E 3791 1 -10 -32
E 3791 2 -8 -24
E 3791 3 -5 -16
T 3792 50 0 5 0
E 3792 2 4 13
E 3792 3 7 21
E 3792 4 9 29
E 3792 5 12 37
E 3792 6 15 45
T 3793 2 0 5 0
E 3793 0 -15 -46
E 3793 1 -12 -38
E 3793 2 -10 -30
E 3793 3 -7 -22
E 3793 4 -4 -14
T 3794 54 0 5 0
E 3794 2 6 19
E 3794 3 9 27
E 3794 4 11 35
E 3794 5 14 43
E 3794 6 17 51
T 3795 16 0 6 0
E 3795 0 -19 -58
E 3795 1 -16 -50
E 3795 2 -14 -42
E 3795 3 -11 -34
E 3795 4 -8 -26
E 3795 5 -6 -18
T 3796 11 0 7 1
E 3796 0 1 17
E 3796 1 2 25
E 3796 2 3 33
E 3796 3 4 41
E 3796 4 5 49
E 3796 5 6 57
E 3796 6 7 65
T 3797 34 0 4 0
E 3797 0 -5 -17
E 3797 4 5 15
E 3797 5 7 23
E 3797 6 10 31
T 3798 14 0 4 0
E 3798 0 -10 -31
E 3798 1 -7 -23
E 3798 2 -5 -15
E 3798 6 5 17
T 3799 29 0 3 0
E 3799 0 -6 -20
E 3799 5 6 20
E 3799 6 9 28
T 3800 14 0 4 0
E 3800 0 -11 -33
E 3800 1 -8 -25
E 3800 2 -5 -17
E 3800 6 5 15
T 3801 33 0 4 0
E 3801 0 -6 -18
E 3801 4 4 14
E 3801 5 7 22
E 3801 6 10 30
T 3802 14 0 4 0
E 3802 0 -10 -31
E 3802 1 -7 -23
E 3802 2 -5 -15
E 3802 6 5 17
T 3803 33 0 4 0
E 3803 0 -6 -19
E 3803 4 4 13
E 3803 5 7 21
E 3803 6 9 29
T 3804 15 0 4 0
E 3804 0 -10 -30
E 3804 1 -7 -22
E 3804 2 -4 -14
E 3804 6 6 18
T 3805 35 0 4 0
E 3805 0 -4 -14
E 3805 4 6 18
E 3805 5 8 26
E 3805 6 11 34
T 3806 3 0 4 0
E 3806 0 -14 -43
E 3806 1 -11 -35
E 3806 2 -9 -27
E 3806 3 -6 -19
T 3807 43 0 4 0
E 3807 3 4 14
E 3807 4 7 22
E 3807 5 10 30
E 3807 6 12 38
T 3808 5 0 5 0
E 3808 0 -16 -50
E 3808 1 -14 -42
E 3808 2 -11 -34
E 3808 3 -8 -26
E 3808 4 -6 -18
T 3809 54 0 5 0
E 3809 2 6 20
E 3809 3 9 28
E 3809 4 12 36
E 3809 5 14 44
E 3809 6 17 52
T 3810 17 0 6 0
E 3810 0 -19 -59
E 3810 1 -17 -51
E 3810 2 -14 -43
E 3810 3 -11 -35
E 3810 4 -9 -27
E 3810 5 -6 -19
T 3811 11 0 7 1
E 3811 0 2 19
E 3811 1 3 27
E 3811 2 3 35
E 3811 3 4 43
E 3811 4 5 51
E 3811 5 6 59
E 3811 6 7 67
T 3812 34 0 4 0
E 3812 0 -5 -16
E 3812 4 5 16
E 3812 5 8 24
E 3812 6 10 32
T 3813 14 0 4 0
E 3813 0 -10 -31
E 3813 1 -7 -23
E 3813 2 -5 -15
E 3813 6 5 17
T 3814 35 0 4 0
E 3814 0 -4 -14
E 3814 4 6 18
E 3814 5 8 26
E 3814 6 11 34
T 3815 13 0 4 0
E 3815 0 -11 -35
E 3815 1 -9 -27
E 3815 2 -6 -19
E 3815 6 4 13
T 3816 33 0 4 0
E 3816 0 -6 -18
E 3816 4 4 14
E 3816 5 7 22
E 3816 6 10 30
T 3817 14 0 4 0
E 3817 0 -10 -32
E 3817 1 -8 -24
E 3817 2 -5 -16
E 3817 6 5 16
T 3818 39 0 3 0
E 3818 4 6 20
E 3818 5 9 28
E 3818 6 12 36
T 3819 4 0 4 0
E 3819 0 -13 -40
E 3819 1 -10 -32
E 3819 2 -8 -24
E 3819 3 -5 -16
T 3820 43 0 4 0
E 3820 3 4 14
E 3820 4 7 22
E 3820 5 10 30
E 3820 6 12 38
T 3821 3 0 4 0
E 3821 0 -14 -42
E 3821 1 -11 -34
E 3821 2 -8 -26
E 3821 3 -6 -18
T 3822 45 0 4 0
E 3822 3 6 20
E 3822 4 9 28
E 3822 5 12 36
E 3822 6 14 44
T 3823 2 0 5 0
E 3823 0 -15 -45
E 3823 1 -12 -37
E 3823 2 -9 -29
E 3823 3 -7 -21
E 3823 4 -4 -13
T 3824 52 0 5 0
E 3824 2 5 17
E 3824 3 8 25
E 3824 4 11 33
E 3824 5 13 41
E 3824 6 16 49
T 3825 16 0 6 0
E 3825 0 -19 -58
E 3825 1 -16 -50
E 3825 2 -14 -42
E 3825 3 -11 -34
E 3825 4 -8 -26
E 3825 5 -6 -18
T 3826 13 0 7 1
E 3826 0 1 15
E 3826 1 2 23
E 3826 2 3 31
E 3826 3 4 39
E 3826 4 5 47
E 3826 5 6 55
E 3826 6 7 63
T 3827 35 0 4 0
E 3827 0 -4 -13
E 3827 4 6 19
E 3827 5 9 27
E 3827 6 11 35
T 3828 14 0 4 0
E 3828 0 -10 -31
E 3828 1 -7 -23
E 3828 2 -5 -15
E 3828 6 5 17
T 3829 35 0 4 0
E 3829 0 -4 -13
E 3829 4 6 19
E 3829 5 9 27
E 3829 6 11 35
T 3830 14 0 4 0
E 3830 0 -11 -33
E 3830 1 -8 -25
E 3830 2 -5 -17
E 3830 6 5 15
T 3831 43 0 4 0
E 3831 3 4 14
E 3831 4 7 22
E 3831 5 10 30
E 3831 6 12 38
T 3832 3 0 4 0
E 3832 0 -14 -44
E 3832 1 -12 -36
E 3832 2 -9 -28
E 3832 3 -6 -20
T 3833 44 0 4 0
E 3833 3 5 17
E 3833 4 8 25
E 3833 5 11 33
E 3833 6 13 41
T 3834 4 0 4 0
E 3834 0 -13 -40
E 3834 1 -10 -32
E 3834 2 -8 -24
E 3834 3 -5 -16
T 3835 45 0 4 0
E 3835 3 6 19
E 3835 4 9 27
E 3835 5 11 35
E 3835 6 14 43
T 3836 11 0 6 0
E 3836 0 -17 -53
E 3836 1 -15 -45
E 3836 2 -12 -37
E 3836 3 -9 -29
E 3836 4 -7 -21
E 3836 5 -4 -13
T 3837 63 0 6 0
E 3837 1 5 17
E 3837 2 8 25
E 3837 3 11 33
E 3837 4 13 41
E 3837 5 16 49
E 3837 6 19 57
T 3838 37 0 7 1
E 3838 0 -7 -66
E 3838 1 -6 -58
E 3838 2 -5 -50
E 3838 3 -4 -42
E 3838 4 -3 -34
E 3838 5 -2 -26
E 3838 6 -2 -18
T 3839 13 0 4 0
E 3839 0 -11 -34
E 3839 1 -8 -26
E 3839 2 -6 -18
E 3839 6 4 14
T 3840 7 0 5 0
E 3840 0 12 38
E 3840 3 4 14
E 3840 4 7 22
E 3840 5 10 30
E 3840 6 12 38
T 3841 49 0 5 0
E 3841 1 -17 -52
E 3841 2 -14 -44
E 3841 3 -12 -36
E 3841 4 -9 -28
E 3841 5 -6 -20
T 3842 14 0 6 0
E 3842 0 17 53
E 3842 2 5 15
E 3842 3 7 23
E 3842 4 10 31
E 3842 5 13 39
E 3842 6 15 47
T 3843 11 0 7 1
E 3843 0 -1 -17
E 3843 1 -7 -66
E 3843 2 -6 -58
E 3843 3 -5 -50
E 3843 4 -4 -42
E 3843 5 -3 -34
E 3843 6 -2 -26
T 3844 38 0 4 0
E 3844 0 6 18
E 3844 1 -11 -35
E 3844 2 -9 -27
E 3844 3 -6 -19
T 3845 2 0 5 0
E 3845 0 15 46
E 3845 1 12 38
E 3845 4 4 14
E 3845 5 7 22
E 3845 6 10 30
T 3846 55 0 5 0
E 3846 2 -16 -48
E 3846 3 -13 -40
E 3846 4 -10 -32
E 3846 5 -8 -24
E 3846 6 -5 -16
T 3847 4 0 5 0
E 3847 0 19 57
E 3847 1 16 49
E 3847 4 6 19
E 3847 5 9 27
E 3847 6 11 35
T 3848 65 0 5 0
E 3848 2 -18 -55
E 3848 3 -15 -47
E 3848 4 -13 -39
E 3848 5 -10 -31
E 3848 6 -7 -23
T 3849 0 0 5 0
E 3849 0 20 62
E 3849 1 18 54
E 3849 4 5 17
E 3849 5 8 25
E 3849 6 11 33
T 3850 62 0 5 0
E 3850 2 -5 -15
E 3850 3 -18 -55
E 3850 4 -15 -47
E 3850 5 -13 -39
E 3850 6 -10 -31
T 3851 15 0 6 0
E 3851 0 22 68
E 3851 1 20 60
E 3851 2 17 52
E 3851 4 5 17
E 3851 5 8 25
E 3851 6 11 33
T 3852 84 0 6 0
E 3852 1 -6 -20
E 3852 2 -9 -28
E 3852 3 -24 -74
E 3852 4 -22 -66
E 3852 5 -19 -58
E 3852 6 -16 -50
T 3853 49 0 7 1
E 3853 0 9 88
E 3853 1 8 80
E 3853 2 8 72
E 3853 3 2 23
E 3853 4 3 31
E 3853 5 4 39
E 3853 6 5 47
T 3854 14 0 4 0
E 3854 0 17 52
E 3854 1 14 44
E 3854 2 12 36
E 3854 3 -5 -17
T 3855 50 0 4 0
E 3855 0 5 16
E 3855 4 -16 -48
E 3855 5 -13 -40
E 3855 6 -10 -32
T 3856 2 0 4 0
E 3856 0 19 57
E 3856 1 16 49
E 3856 2 13 41
E 3856 3 11 33
T 3857 73 0 5 0
E 3857 2 -5 -15
E 3857 3 -7 -23
E 3857 4 -23 -69
E 3857 5 -20 -61
E 3857 6 -17 -53
T 3858 5 0 4 0
E 3858 0 22 68
E 3858 1 20 60
E 3858 2 17 52
E 3858 3 14 44
T 3859 90 0 6 0
E 3859 1 -5 -15
E 3859 2 -7 -23
E 3859 3 -10 -31
E 3859 4 -28 -84
E 3859 5 -25 -76
E 3859 6 -22 -68
T 3860 49 0 7 1
E 3860 0 10 96
E 3860 1 9 88
E 3860 2 8 80
E 3860 3 8 72
E 3860 4 7 64
E 3860 5 2 24
E 3860 6 3 32
T 3861 20 0 6 0
E 3861 0 14 44
E 3861 1 12 36
E 3861 2 9 28
E 3861 3 6 20
E 3861 5 -10 -31
E 3861 6 -7 -23
T 3862 54 0 4 0
E 3862 0 5 16
E 3862 4 -5 -16
E 3862 5 -20 -62
E 3862 6 -18 -54
T 3863 41 0 7 1
E 3863 0 6 59
E 3863 1 5 51
E 3863 2 4 43
E 3863 3 3 35
E 3863 4 3 27
E 3863 5 -2 -22
E 3863 6 -1 -14
T 3864 33 0 6 0
E 3864 0 12 38
E 3864 1 10 30
E 3864 2 7 22
E 3864 3 4 14
E 3864 5 -15 -47
E 3864 6 -13 -39
T 3865 19 0 5 0
E 3865 0 12 38
E 3865 1 10 30
E 3865 2 7 22
E 3865 3 4 14
E 3865 6 -14 -42
T 3866 37 0 4 0
E 3866 0 7 22
E 3866 1 4 14
E 3866 5 -6 -18
E 3866 6 -20 -61
T 3867 19 0 5 0
E 3867 0 13 39
E 3867 1 10 31
E 3867 2 7 23
E 3867 3 5 15
E 3867 6 -15 -47
T 3868 48 0 4 0
E 3868 0 5 17
E 3868 4 -5 -15
E 3868 5 -7 -23
E 3868 6 -24 -72
T 3869 11 0 6 0
E 3869 0 16 48
E 3869 1 13 40
E 3869 2 10 32
E 3869 3 8 24
E 3869 4 5 16
E 3869 6 -15 -45
T 3870 43 0 4 0
E 3870 3 -4 -14
E 3870 4 -7 -22
E 3870 5 -10 -30
E 3870 6 -12 -38
T 3871 2 0 5 0
E 3871 0 15 46
E 3871 1 12 38
E 3871 2 10 30
E 3871 3 7 22
E 3871 4 4 14
T 3872 45 0 4 0
E 3872 3 -6 -20
E 3872 4 -9 -28
E 3872 5 -12 -36
E 3872 6 -14 -44
T 3873 4 0 5 0
E 3873 0 16 49
E 3873 1 13 41
E 3873 2 11 33
E 3873 3 8 25
E 3873 4 5 17
T 3874 52 0 5 0
E 3874 2 -5 -17
E 3874 3 -8 -25
E 3874 4 -11 -33
E 3874 5 -13 -41
E 3874 6 -16 -49
T 3875 4 0 5 0
E 3875 0 16 48
E 3875 1 13 40
E 3875 2 10 32
E 3875 3 8 24
E 3875 4 5 16
T 3876 51 0 5 0
E 3876 2 -5 -15
E 3876 3 -7 -23
E 3876 4 -10 -31
E 3876 5 -13 -39
E 3876 6 -15 -47
T 3877 15 0 6 0
E 3877 0 19 57
E 3877 1 16 49
E 3877 2 13 41
E 3877 3 11 33
E 3877 4 8 25
E 3877 5 5 17
T 3878 12 0 7 1
E 3878 0 -1 -16
E 3878 1 -2 -24
E 3878 2 -3 -32
E 3878 3 -4 -40
E 3878 4 -5 -48
E 3878 5 -6 -56
E 3878 6 -7 -64
T 3879 33 0 4 0
E 3879 0 6 18
E 3879 4 -4 -14
E 3879 5 -7 -22
E 3879 6 -10 -30
T 3880 9 0 3 0
E 3880 0 12 36
E 3880 1 9 28
E 3880 2 6 20
T 3881 44 0 4 0
E 3881 3 -5 -15
E 3881 4 -7 -23
E 3881 5 -10 -31
E 3881 6 -13 -39
T 3882 4 0 5 0
E 3882 0 16 48
E 3882 1 13 40
E 3882 2 10 32
E 3882 3 8 24
E 3882 4 5 16
T 3883 51 0 5 0
E 3883 2 -5 -15
E 3883 3 -7 -23
E 3883 4 -10 -31
E 3883 5 -13 -39
E 3883 6 -15 -47
T 3884 5 0 5 0
E 3884 0 16 50
E 3884 1 14 42
E 3884 2 11 34
E 3884 3 8 26
E 3884 4 6 18
T 3885 52 0 5 0
E 3885 2 -5 -16
E 3885 3 -8 -24
E 3885 4 -10 -32
E 3885 5 -13 -40
E 3885 6 -16 -48
T 3886 13 0 6 0
E 3886 0 18 55
E 3886 1 15 47
E 3886 2 13 39
E 3886 3 10 31
E 3886 4 7 23
E 3886 5 5 15
T 3887 13 0 7 1
E 3887 0 -1 -14
E 3887 1 -2 -22
E 3887 2 -3 -30
E 3887 3 -4 -38
E 3887 4 -5 -46
E 3887 5 -6 -54
E 3887 6 -6 -62
T 3888 34 0 4 0
E 3888 0 5 16
E 3888 4 -5 -16
E 3888 5 -8 -24
E 3888 6 -10 -32
T 3889 13 0 4 0
E 3889 0 11 34
E 3889 1 8 26
E 3889 2 6 18
E 3889 6 -4 -14
T 3890 33 0 4 0
E 3890 0 6 18
E 3890 4 -4 -14
E 3890 5 -7 -22
E 3890 6 -10 -30
T 3891 5 0 4 0
E 3891 0 12 38
E 3891 1 10 30
E 3891 2 7 22
E 3891 3 4 14
T 3892 45 0 4 0
E 3892 3 -6 -20
E 3892 4 -9 -28
E 3892 5 -12 -36
E 3892 6 -14 -44
T 3893 4 0 4 0
E 3893 0 13 41
E 3893 1 11 33
E 3893 2 8 25
E 3893 3 5 17
T 3894 44 0 4 0
E 3894 3 -5 -17
E 3894 4 -8 -25
E 3894 5 -11 -33
E 3894 6 -13 -41
T 3895 5 0 5 0
E 3895 0 16 50
E 3895 1 14 42
E 3895 2 11 34
E 3895 3 8 26
E 3895 4 6 18
T 3896 59 0 6 0
E 3896 1 -4 -13
E 3896 2 -7 -21
E 3896 3 -9 -29
E 3896 4 -12 -37
E 3896 5 -15 -45
E 3896 6 -17 -53
T 3897 18 0 6 0
E 3897 0 20 60
E 3897 1 17 52
E 3897 2 14 44
E 3897 3 12 36
E 3897 4 9 28
E 3897 5 6 20
T 3898 11 0 7 1
E 3898 0 -2 -21
E 3898 1 -3 -29
E 3898 2 -4 -37
E 3898 3 -5 -45
E 3898 4 -5 -53
E 3898 5 -6 -61
E 3898 6 -7 -69
T 3899 34 0 4 0
E 3899 0 5 17
E 3899 4 -5 -15
E 3899 5 -7 -23
E 3899 6 -10 -31
T 3900 9 0 3 0
E 3900 0 12 36
E 3900 1 9 28
E 3900 2 6 20
T 3901 45 0 4 0
E 3901 3 -6 -18
E 3901 4 -8 -26
E 3901 5 -11 -34
E 3901 6 -14 -42
T 3902 5 0 5 0
E 3902 0 16 50
E 3902 1 14 42
E 3902 2 11 34
E 3902 3 8 26
E 3902 4 6 18
T 3903 59 0 6 0
E 3903 1 -4 -13
E 3903 2 -7 -21
E 3903 3 -9 -29
E 3903 4 -12 -37
E 3903 5 -15 -45
E 3903 6 -17 -53
T 3904 13 0 6 0
E 3904 0 18 55
E 3904 1 15 47
E 3904 2 13 39
E 3904 3 10 31
E 3904 4 7 23
E 3904 5 5 15
T 3905 59 0 6 0
E 3905 1 -4 -13
E 3905 2 -7 -21
E 3905 3 -9 -29
E 3905 4 -12 -37
E 3905 5 -15 -45
E 3905 6 -17 -53
T 3906 16 0 6 0
E 3906 0 19 58
E 3906 1 16 50
E 3906 2 14 42
E 3906 3 11 34
E 3906 4 8 26
E 3906 5 6 18
T 3907 13 0 7 1
E 3907 0 -1 -15
E 3907 1 -2 -23
E 3907 2 -3 -31
E 3907 3 -4 -39
E 3907 4 -5 -47
E 3907 5 -6 -55
E 3907 6 -7 -63
T 3908 33 0 4 0
E 3908 0 6 18
E 3908 4 -4 -14
E 3908 5 -7 -22
E 3908 6 -10 -30
T 3909 5 0 4 0
E 3909 0 12 37
E 3909 1 9 29
E 3909 2 7 21
E 3909 3 4 13
T 3910 43 0 4 0
E 3910 3 -4 -13
E 3910 4 -7 -21
E 3910 5 -9 -29
E 3910 6 -12 -37
T 3911 5 0 4 0
E 3911 0 12 38
E 3911 1 10 30
E 3911 2 7 22
E 3911 3 4 14
T 3912 43 0 4 0
E 3912 3 -4 -13
E 3912 4 -7 -21
E 3912 5 -9 -29
E 3912 6 -12 -37
T 3913 4 0 4 0
E 3913 0 13 41
E 3913 1 11 33
E 3913 2 8 25
E 3913 3 5 17
T 3914 44 0 4 0
E 3914 3 -5 -17
E 3914 4 -8 -25
E 3914 5 -11 -33
E 3914 6 -13 -41
T 3915 4 0 4 0
E 3915 0 13 41
E 3915 1 11 33
E 3915 2 8 25
E 3915 3 5 17
T 3916 50 0 5 0
E 3916 2 -4 -14
E 3916 3 -7 -22
E 3916 4 -10 -30
E 3916 5 -12 -38
E 3916 6 -15 -46
T 3917 4 0 5 0
E 3917 0 16 49
E 3917 1 13 41
E 3917 2 11 33
E 3917 3 8 25
E 3917 4 5 17
T 3918 60 0 6 0
E 3918 1 -4 -14
E 3918 2 -7 -22
E 3918 3 -10 -30
E 3918 4 -12 -38
E 3918 5 -15 -46
E 3918 6 -18 -54
T 3919 35 0 7 1
E 3919 0 6 61
E 3919 1 5 53
E 3919 2 5 45
E 3919 3 4 37
E 3919 4 3 29
E 3919 5 2 21
E 3919 6 1 13
T 3920 4 0 4 0
E 3920 0 13 41
E 3920 1 11 33
E 3920 2 8 25
E 3920 3 5 17
T 3921 45 0 4 0
E 3921 3 -6 -20
E 3921 4 -9 -28
E 3921 5 -12 -36
E 3921 6 -14 -44
T 3922 3 0 5 0
E 3922 0 15 47
E 3922 1 13 39
E 3922 2 10 31
E 3922 3 7 23
E 3922 4 5 15
T 3923 62 0 6 0
E 3923 1 -5 -16
E 3923 2 -8 -24
E 3923 3 -10 -32
E 3923 4 -13 -40
E 3923 5 -16 -48
E 3923 6 -18 -56
T 3924 35 0 7 1
E 3924 0 7 63
E 3924 1 6 55
E 3924 2 5 47
E 3924 3 4 39
E 3924 4 3 31
E 3924 5 2 23
E 3924 6 1 15
T 3925 3 0 4 0
E 3925 0 14 42
E 3925 1 11 34
E 3925 2 8 26
E 3925 3 6 18
T 3926 43 0 4 0
E 3926 3 -4 -14
E 3926 4 -7 -22
E 3926 5 -10 -30
E 3926 6 -12 -38
T 3927 4 0 4 0
E 3927 0 13 40
E 3927 1 10 32
E 3927 2 8 24
E 3927 3 5 16
T 3928 43 0 4 0
E 3928 3 -4 -14
E 3928 4 -7 -22
E 3928 5 -10 -30
E 3928 6 -12 -38
T 3929 3 0 4 0
E 3929 0 14 44
E 3929 1 12 36
E 3929 2 9 28
E 3929 3 6 20
T 3930 50 0 5 0
E 3930 2 -4 -13
E 3930 3 -7 -21
E 3930 4 -9 -29
E 3930 5 -12 -37
E 3930 6 -15 -45
T 3931 5 0 5 0
E 3931 0 16 50
E 3931 1 14 42
E 3931 2 11 34
E 3931 3 8 26
E 3931 4 6 18
T 3932 54 0 5 0
E 3932 2 -6 -20
E 3932 3 -9 -28
E 3932 4 -12 -36
E 3932 5 -14 -44
E 3932 6 -17 -52
T 3933 12 0 6 0
E 3933 0 18 54
E 3933 1 15 46
E 3933 2 12 38
E 3933 3 10 30
E 3933 4 7 22
E 3933 5 4 14
T 3934 62 0 6 0
E 3934 1 -5 -16
E 3934 2 -8 -24
E 3934 3 -10 -32
E 3934 4 -13 -40
E 3934 5 -16 -48
E 3934 6 -18 -56
T 3935 18 0 6 0
E 3935 0 20 60
E 3935 1 17 52
E 3935 2 14 44
E 3935 3 12 36
E 3935 4 9 28
E 3935 5 6 20
T 3936 11 0 7 1
E 3936 0 -2 -19
E 3936 1 -3 -27
E 3936 2 -3 -35
E 3936 3 -4 -43
E 3936 4 -5 -51
E 3936 5 -6 -59
E 3936 6 -7 -67
T 3937 31 0 4 0
E 3937 0 5 15
E 3937 4 -4 -14
E 3937 5 -7 -22
E 3937 6 -10 -30
T 3938 12 0 4 0
E 3938 0 8 25
E 3938 1 7 22
E 3938 2 4 14
E 3938 6 -6 -18
T 3939 31 0 3 0
E 3939 4 -5 -16
E 3939 5 -8 -24
E 3939 6 -10 -32
T 3940 11 0 5 0
E 3940 0 12 36
E 3940 1 13 39
E 3940 2 10 31
E 3940 3 7 23
E 3940 4 5 15
T 3941 43 0 6 0
E 3941 0 -4 -13
E 3941 2 -5 -16
E 3941 3 -8 -24
E 3941 4 -10 -32
E 3941 5 -13 -40
E 3941 6 -16 -48
T 3942 16 0 5 0
E 3942 0 12 36
E 3942 1 13 41
E 3942 2 12 36
E 3942 3 9 28
E 3942 4 6 20
T 3943 38 0 6 0
E 3943 0 -5 -17
E 3943 2 -5 -15
E 3943 3 -7 -23
E 3943 4 -10 -31
E 3943 5 -13 -39
E 3943 6 -15 -47
T 3944 17 0 7 1
E 3944 0 4 41
E 3944 1 5 46
E 3944 2 5 46
E 3944 3 4 38
E 3944 4 3 30
E 3944 5 2 22
E 3944 6 1 14
T 3945 8 0 4 0
E 3945 0 4 13
E 3945 1 6 18
E 3945 2 7 21
E 3945 3 4 13
T 3946 13 0 3 0
E 3946 4 -5 -15
E 3946 5 -7 -23
E 3946 6 -10 -31
T 3947 5 0 3 0
E 3947 1 4 14
E 3947 2 6 19
E 3947 3 4 14
T 3948 6 0 2 0
E 3948 5 -5 -15
E 3948 6 -7 -23
T 3949 5 0 2 0
E 3949 2 5 15
E 3949 3 5 15
T 3950 1 0 1 0
E 3950 6 -4 -14
T 3951 5 0 1 0
E 3951 3 5 15
T 3952 6 0 0 0
T 3953 8 0 0 0
T 3954 3 0 0 0
T 3955 9 0 2 0
E 3955 3 5 17
E 3955 4 6 20
T 3956 8 0 0 0
T 3957 8 0 0 0
T 3958 10 0 1 0
E 3958 4 5 15
T 3959 9 0 0 0
T 3960 11 0 1 0
E 3960 0 -5 -16
T 3961 10 0 1 0
E 3961 0 -5 -15
T 3962 10 0 1 0
E 3962 0 -4 -14
T 3963 21 0 3 0
E 3963 4 4 14
E 3963 5 6 19
E 3963 6 5 16
T 3964 12 0 1 0
E 3964 0 -5 -17
T 3965 21 0 2 0
E 3965 5 4 13
E 3965 6 5 16
T 3966 16 0 2 0
E 3966 0 -5 -17
E 3966 6 4 13
T 3967 22 0 2 0
E 3967 5 4 13
E 3967 6 6 18
T 3968 9 0 2 0
E 3968 0 -6 -20
E 3968 1 -5 -15
T 3969 14 0 2 0
E 3969 0 -4 -13
E 3969 6 5 17
T 3970 9 0 2 0
E 3970 0 -6 -20
E 3970 1 -5 -15
T 3971 15 0 2 0
E 3971 0 -5 -16
E 3971 6 4 14
T 3972 9 0 2 0
E 3972 0 -6 -20
E 3972 1 -5 -15
T 3973 24 0 3 0
E 3973 4 5 16
E 3973 5 7 21
E 3973 6 8 26
T 3974 10 0 2 0
E 3974 0 -7 -22
E 3974 1 -5 -17
T 3975 21 0 2 0
E 3975 5 5 15
E 3975 6 6 20
T 3976 15 0 2 0
E 3976 0 -5 -16
E 3976 6 4 14
T 3977 15 1 2 0
E 3977 0 -5 -15
E 3977 6 5 15
T 3978 21 0 2 0
E 3978 5 5 15
E 3978 6 6 20
T 3979 16 0 2 0
E 3979 0 -5 -17
E 3979 6 4 13
T 3980 8 0 2 0
E 3980 0 -6 -18
E 3980 1 -4 -13
T 3981 24 0 3 0
E 3981 4 4 14
E 3981 5 6 19
E 3981 6 8 24
T 3982 9 0 2 0
E 3982 0 -6 -20
E 3982 1 -5 -15
T 3983 21 0 2 0
E 3983 5 5 15
E 3983 6 6 20
T 3984 6 0 3 0
E 3984 0 -9 -27
E 3984 1 -7 -22
E 3984 2 -5 -17
T 3985 24 0 3 0
E 3985 4 4 13
E 3985 5 6 18
E 3985 6 7 23
T 3986 2 0 4 0
E 3986 0 -10 -31
E 3986 1 -8 -25
E 3986 2 -6 -20
E 3986 3 -5 -15
T 3987 35 0 5 0
E 3987 2 4 13
E 3987 3 6 18
E 3987 4 7 23
E 3987 5 9 28
E 3987 6 11 33
T 3988 4 0 5 0
E 3988 0 -12 -38
E 3988 1 -10 -31
E 3988 2 -8 -26
E 3988 3 -7 -21
E 3988 4 -5 -16
T 3989 31 0 4 0
E 3989 3 4 14
E 3989 4 6 19
E 3989 5 8 24
E 3989 6 9 29
T 3990 2 0 5 0
E 3990 0 -12 -36
E 3990 1 -9 -28
E 3990 2 -7 -23
E 3990 3 -6 -18
E 3990 4 -4 -13
T 3991 41 0 5 0
E 3991 2 6 18
E 3991 3 7 23
E 3991 4 9 28
E 3991 5 11 33
E 3991 6 12 38
T 3992 4 0 5 0
E 3992 0 -13 -41
E 3992 1 -11 -33
E 3992 2 -9 -27
E 3992 3 -7 -22
E 3992 4 -5 -17
T 3993 47 0 6 0
E 3993 1 4 13
E 3993 2 6 20
E 3993 3 8 25
E 3993 4 10 30
E 3993 5 11 35
E 3993 6 13 40
T 3994 12 0 6 0
E 3994 0 -16 -48
E 3994 1 -13 -40
E 3994 2 -10 -32
E 3994 3 -9 -27
E 3994 4 -7 -22
E 3994 5 -5 -17
T 3995 52 0 6 0
E 3995 1 5 16
E 3995 2 8 24
E 3995 3 9 29
E 3995 4 11 34
E 3995 5 13 39
E 3995 6 14 44
T 3996 32 0 7 1
E 3996 0 -6 -59
E 3996 1 -5 -51
E 3996 2 -4 -43
E 3996 3 -4 -37
E 3996 4 -3 -32
E 3996 5 -3 -27
E 3996 6 -2 -22
T 3997 13 0 2 0
E 3997 0 -9 -28
E 3997 1 -6 -20
T 3998 36 0 4 0
E 3998 3 4 13
E 3998 4 6 18
E 3998 5 7 23
E 3998 6 9 28
T 3999 9 0 3 0
E 3999 0 -11 -33
E 3999 1 -8 -25
E 3999 2 -5 -17
T 4000 39 0 4 0
E 4000 3 6 20
E 4000 4 8 25
E 4000 5 10 30
E 4000 6 11 35
T 4001 9 0 3 0
E 4001 0 -11 -35
E 4001 1 -9 -27
E 4001 2 -6 -19
T 4002 29 0 4 0
E 4002 0 -5 -15
E 4002 4 5 15
E 4002 5 6 20
E 4002 6 8 25
T 4003 9 0 3 0
E 4003 0 -9 -29
E 4003 1 -7 -21
E 4003 2 -4 -13
T 4004 42 0 4 0
E 4004 3 6 19
E 4004 4 9 27
E 4004 5 10 32
E 4004 6 12 37
T 4005 4 0 4 0
E 4005 0 -13 -41
E 4005 1 -11 -33
E 4005 2 -8 -25
E 4005 3 -5 -17
T 4006 49 0 5 0
E 4006 2 5 15
E 4006 3 7 23
E 4006 4 10 31
E 4006 5 12 37
E 4006 6 14 42
T 4007 12 0 6 0
E 4007 0 -17 -53
E 4007 1 -15 -45
E 4007 2 -12 -37
E 4007 3 -9 -29
E 4007 4 -7 -21
E 4007 5 -5 -15
T 4008 61 0 6 0
E 4008 1 5 17
E 4008 2 8 25
E 4008 3 11 33
E 4008 4 13 41
E 4008 5 16 48
E 4008 6 17 53
T 4009 35 0 7 1
E 4009 0 -6 -62
E 4009 1 -6 -54
E 4009 2 -5 -46
E 4009 3 -4 -38
E 4009 4 -3 -30
E 4009 5 -2 -22
E 4009 6 -1 -17
T 4010 14 0 4 0
E 4010 0 -10 -30
E 4010 1 -7 -22
E 4010 2 -4 -14
E 4010 6 5 15
T 4011 33 0 4 0
E 4011 0 -6 -19
E 4011 4 4 13
E 4011 5 7 21
E 4011 6 9 27
T 4012 4 0 4 0
E 4012 0 -13 -40
E 4012 1 -10 -32
E 4012 2 -8 -24
E 4012 3 -5 -16
T 4013 45 0 4 0
E 4013 3 6 19
E 4013 4 9 27
E 4013 5 11 35
E 4013 6 14 42
T 4014 11 0 6 0
E 4014 0 -17 -53
E 4014 1 -15 -45
E 4014 2 -12 -37
E 4014 3 -9 -29
E 4014 4 -7 -21
E 4014 5 -4 -13
T 4015 64 0 6 0
E 4015 1 6 18
E 4015 2 8 26
E 4015 3 11 34
E 4015 4 14 42
E 4015 5 16 50
E 4015 6 19 58
T 4016 35 0 7 1
E 4016 0 -6 -62
E 4016 1 -6 -54
E 4016 2 -5 -46
E 4016 3 -4 -38
E 4016 4 -3 -30
E 4016 5 -2 -22
E 4016 6 -1 -14
T 4017 5 0 4 0
E 4017 0 -12 -38
E 4017 1 -10 -30
E 4017 2 -7 -22
E 4017 3 -4 -14
T 4018 35 0 4 0
E 4018 0 -4 -13
E 4018 4 6 19
E 4018 5 9 27
E 4018 6 11 35
T 4019 5 0 4 0
E 4019 0 -12 -38
E 4019 1 -10 -30
E 4019 2 -7 -22
E 4019 3 -4 -14
T 4020 51 0 5 0
E 4020 2 5 15
E 4020 3 7 23
E 4020 4 10 31
E 4020 5 13 39
E 4020 6 15 47
T 4021 16 0 6 0
E 4021 0 -19 -58
E 4021 1 -16 -50
E 4021 2 -14 -42
E 4021 3 -11 -34
E 4021 4 -8 -26
E 4021 5 -6 -18
T 4022 11 0 7 1
E 4022 0 2 18
E 4022 1 2 26
E 4022 2 3 34
E 4022 3 4 42
E 4022 4 5 50
E 4022 5 6 58
E 4022 6 7 66
T 4023 33 0 4 0
E 4023 0 -6 -19
E 4023 4 4 13
E 4023 5 7 21
E 4023 6 9 29
T 4024 4 0 4 0
E 4024 0 -13 -40
E 4024 1 -10 -32
E 4024 2 -8 -24
E 4024 3 -5 -16
T 4025 51 0 5 0
E 4025 2 5 15
E 4025 3 7 23
E 4025 4 10 31
E 4025 5 13 39
E 4025 6 15 47
T 4026 14 0 6 0
E 4026 0 -18 -56
E 4026 1 -16 -48
E 4026 2 -13 -40
E 4026 3 -10 -32
E 4026 4 -8 -24
E 4026 5 -5 -16
T 4027 13 0 7 1
E 4027 0 1 15
E 4027 1 2 23
E 4027 2 3 31
E 4027 3 4 39
E 4027 4 5 47
E 4027 5 6 55
E 4027 6 7 63
T 4028 43 0 4 0
E 4028 3 4 14
E 4028 4 7 22
E 4028 5 10 30
E 4028 6 12 38
T 4029 3 0 5 0
E 4029 0 -15 -47
E 4029 1 -13 -39
E 4029 2 -10 -31
E 4029 3 -7 -23
E 4029 4 -5 -15
T 4030 53 0 5 0
E 4030 2 6 18
E 4030 3 8 26
E 4030 4 11 34
E 4030 5 14 42
E 4030 6 16 50
T 4031 6 0 5 0
E 4031 0 -17 -51
E 4031 1 -14 -43
E 4031 2 -11 -35
E 4031 3 -9 -27
E 4031 4 -6 -19
T 4032 54 0 5 0
E 4032 2 6 20
E 4032 3 9 28
E 4032 4 12 36
E 4032 5 14 44
E 4032 6 17 52
T 4033 35 0 7 1
E 4033 0 -6 -62
E 4033 1 -6 -54
E 4033 2 -5 -46
E 4033 3 -4 -38
E 4033 4 -3 -30
E 4033 5 -2 -22
E 4033 6 -1 -14
T 4034 4 0 4 0
E 4034 0 -13 -41
E 4034 1 -11 -33
E 4034 2 -8 -25
E 4034 3 -5 -17
T 4035 43 0 4 0
E 4035 3 4 14
E 4035 4 7 22
E 4035 5 10 30
E 4035 6 12 38
T 4036 4 0 4 0
E 4036 0 -13 -39
E 4036 1 -10 -31
E 4036 2 -7 -23
E 4036 3 -5 -15
T 4037 52 0 5 0
E 4037 2 5 17
E 4037 3 8 25
E 4037 4 11 33
E 4037 5 13 41
E 4037 6 16 49
T 4038 16 0 6 0
E 4038 0 -19 -58
E 4038 1 -16 -50
E 4038 2 -14 -42
E 4038 3 -11 -34
E 4038 4 -8 -26
E 4038 5 -6 -18
T 4039 13 0 7 1
E 4039 0 1 14
E 4039 1 2 22
E 4039 2 3 30
E 4039 3 4 38
E 4039 4 5 46
E 4039 5 6 54
E 4039 6 6 62
T 4040 44 0 4 0
E 4040 3 5 16
E 4040 4 8 24
E 4040 5 10 32
E 4040 6 13 40
T 4041 6 0 5 0
E 4041 0 -17 -52
E 4041 1 -14 -44
E 4041 2 -12 -36
E 4041 3 -9 -28
E 4041 4 -6 -20
T 4042 59 0 6 0
E 4042 1 4 13
E 4042 2 7 21
E 4042 3 9 29
E 4042 4 12 37
E 4042 5 15 45
E 4042 6 17 53
T 4043 37 0 7 1
E 4043 0 -7 -66
E 4043 1 -6 -58
E 4043 2 -5 -50
E 4043 3 -4 -42
E 4043 4 -3 -34
E 4043 5 -2 -26
E 4043 6 -2 -18
T 4044 13 0 4 0
E 4044 0 -11 -34
E 4044 1 -8 -26
E 4044 2 -6 -18
E 4044 6 4 14
T 4045 44 0 4 0
E 4045 3 5 16
E 4045 4 8 24
E 4045 5 10 32
E 4045 6 13 40
T 4046 5 0 5 0
E 4046 0 -16 -50
E 4046 1 -14 -42
E 4046 2 -11 -34
E 4046 3 -8 -26
E 4046 4 -6 -18
T 4047 53 0 5 0
E 4047 2 6 18
E 4047 3 8 26
E 4047 4 11 34
E 4047 5 14 42
E 4047 6 16 50
T 4048 5 0 5 0
E 4048 0 -16 -50
E 4048 1 -14 -42
E 4048 2 -11 -34
E 4048 3 -8 -26
E 4048 4 -6 -18
T 4049 54 0 5 0
E 4049 2 6 20
E 4049 3 9 28
E 4049 4 12 36
E 4049 5 14 44
E 4049 6 17 52
T 4050 14 0 6 0
E 4050 0 -18 -56
E 4050 1 -16 -48
E 4050 2 -13 -40
E 4050 3 -10 -32
E 4050 4 -8 -24
E 4050 5 -5 -16
T 4051 13 0 7 1
E 4051 0 1 15
E 4051 1 2 23
E 4051 2 3 31
E 4051 3 4 39
E 4051 4 5 47
E 4051 5 6 55
E 4051 6 7 63
T 4052 43 0 4 0
E 4052 3 4 13
E 4052 4 7 21
E 4052 5 9 29
E 4052 6 12 37
T 4053 5 0 5 0
E 4053 0 -16 -50
E 4053 1 -14 -42
E 4053 2 -11 -34
E 4053 3 -8 -26
E 4053 4 -6 -18
T 4054 59 0 6 0
E 4054 1 4 13
E 4054 2 7 21
E 4054 3 9 29
E 4054 4 12 37
E 4054 5 15 45
E 4054 6 17 53
T 4055 13 0 6 0
E 4055 0 -18 -55
E 4055 1 -15 -47
E 4055 2 -13 -39
E 4055 3 -10 -31
E 4055 4 -7 -23
E 4055 5 -5 -15
T 4056 62 0 6 0
E 4056 1 5 16
E 4056 2 8 24
E 4056 3 10 32
E 4056 4 13 40
E 4056 5 16 48
E 4056 6 18 56
T 4057 37 0 7 1
E 4057 0 -7 -69
E 4057 1 -6 -61
E 4057 2 -5 -53
E 4057 3 -5 -45
E 4057 4 -4 -37
E 4057 5 -3 -29
E 4057 6 -2 -21
T 4058 4 0 4 0
E 4058 0 -13 -40
E 4058 1 -10 -32
E 4058 2 -8 -24
E 4058 3 -5 -16
T 4059 44 0 4 0
E 4059 3 5 15
E 4059 4 7 23
E 4059 5 10 31
E 4059 6 13 39
T 4060 2 0 5 0
E 4060 0 -15 -45
E 4060 1 -12 -37
E 4060 2 -9 -29
E 4060 3 -7 -21
E 4060 4 -4 -13
T 4061 60 0 6 0
E 4061 1 4 14
E 4061 2 7 22
E 4061 3 10 30
E 4061 4 12 38
E 4061 5 15 46
E 4061 6 18 54
T 4062 37 0 7 1
E 4062 0 -7 -67
E 4062 1 -6 -59
E 4062 2 -5 -51
E 4062 3 -4 -43
E 4062 4 -3 -35
E 4062 5 -3 -27
E 4062 6 -2 -19
T 4063 5 0 4 0
E 4063 0 -12 -38
E 4063 1 -10 -30
E 4063 2 -7 -22
E 4063 3 -4 -14
T 4064 51 0 5 0
E 4064 2 5 15
E 4064 3 7 23
E 4064 4 10 31
E 4064 5 13 39
E 4064 6 15 47
T 4065 2 0 5 0
E 4065 0 -15 -46
E 4065 1 -12 -38
E 4065 2 -10 -30
E 4065 3 -7 -22
E 4065 4 -4 -14
T 4066 50 0 5 0
E 4066 2 4 13
E 4066 3 7 21
E 4066 4 9 29
E 4066 5 12 37
E 4066 6 15 45
T 4067 5 0 5 0
E 4067 0 -16 -50
E 4067 1 -14 -42
E 4067 2 -11 -34
E 4067 3 -8 -26
E 4067 4 -6 -18
T 4068 62 0 6 0
E 4068 1 5 16
E 4068 2 8 24
E 4068 3 10 32
E 4068 4 13 40
E 4068 5 16 48
E 4068 6 18 56
T 4069 37 0 7 1
E 4069 0 -7 -66
E 4069 1 -6 -58
E 4069 2 -5 -50
E 4069 3 -4 -42
E 4069 4 -3 -34
E 4069 5 -2 -26
E 4069 6 -2 -18
T 4070 13 0 4 0
E 4070 0 -11 -34
E 4070 1 -8 -26
E 4070 2 -6 -18
E 4070 6 4 14
T 4071 44 0 4 0
E 4071 3 5 15
E 4071 4 7 23
E 4071 5 10 31
E 4071 6 13 39
T 4072 3 0 4 0
E 4072 0 -14 -43
E 4072 1 -11 -35
E 4072 2 -9 -27
E 4072 3 -6 -19
T 4073 43 0 4 0
E 4073 3 4 14
E 4073 4 7 22
E 4073 5 10 30
E 4073 6 12 38
T 4074 3 0 4 0
E 4074 0 -14 -42
E 4074 1 -11 -34
E 4074 2 -8 -26
E 4074 3 -6 -18
T 4075 45 0 4 0
E 4075 3 6 19
E 4075 4 9 27
E 4075 5 11 35
E 4075 6 14 43
T 4076 6 0 5 0
E 4076 0 -17 -51
E 4076 1 -14 -43
E 4076 2 -11 -35
E 4076 3 -9 -27
E 4076 4 -6 -19
T 4077 53 0 5 0
E 4077 2 6 18
E 4077 3 8 26
E 4077 4 11 34
E 4077 5 14 42
E 4077 6 16 50
T 4078 11 0 6 0
E 4078 0 -17 -53
E 4078 1 -15 -45
E 4078 2 -12 -37
E 4078 3 -9 -29
E 4078 4 -7 -21
E 4078 5 -4 -13
T 4079 65 0 6 0
E 4079 1 6 19
E 4079 2 9 27
E 4079 3 11 35
E 4079 4 14 43
E 4079 5 17 51
E 4079 6 19 59
T 4080 5 0 7 1
E 4080 0 -1 -17
E 4080 1 -6 -57
E 4080 2 -5 -49
E 4080 3 -4 -41
E 4080 4 -3 -33
E 4080 5 -2 -25
E 4080 6 -1 -17
T 4081 34 0 3 0
E 4081 1 -11 -35
E 4081 2 -9 -27
E 4081 3 -6 -19
T 4082 3 0 4 0
E 4082 0 12 38
E 4082 4 5 16
E 4082 5 8 24
E 4082 6 10 32
T 4083 45 0 4 0
E 4083 1 -13 -41
E 4083 2 -11 -33
E 4083 3 -8 -25
E 4083 4 -5 -17
T 4084 7 0 4 0
E 4084 0 15 45
E 4084 4 5 16
E 4084 5 8 24
E 4084 6 10 32
T 4085 43 0 4 0
E 4085 2 -12 -37
E 4085 3 -9 -29
E 4085 4 -7 -21
E 4085 5 -4 -13
T 4086 1 0 5 0
E 4086 0 16 49
E 4086 1 13 41
E 4086 4 4 14
E 4086 5 7 22
E 4086 6 10 30
T 4087 62 0 5 0
E 4087 2 -18 -55
E 4087 3 -15 -47
E 4087 4 -13 -39
E 4087 5 -10 -31
E 4087 6 -7 -23
T 4088 14 0 6 0
E 4088 0 22 68
E 4088 1 20 60
E 4088 3 6 19
E 4088 4 9 27
E 4088 5 11 35
E 4088 6 14 43
T 4089 19 0 7 1
E 4089 0 -2 -18
E 4089 1 -2 -26
E 4089 2 -8 -79
E 4089 3 -7 -71
E 4089 4 -7 -63
E 4089 5 -6 -55
E 4089 6 -5 -47
T 4090 47 0 5 0
E 4090 0 5 15
E 4090 3 -13 -41
E 4090 4 -11 -33
E 4090 5 -8 -25
E 4090 6 -5 -17
T 4091 4 0 4 0
E 4091 0 17 51
E 4091 1 14 43
E 4091 2 11 35
E 4091 6 5 16
T 4092 61 0 4 0
E 4092 3 -16 -50
E 4092 4 -14 -42
E 4092 5 -11 -34
E 4092 6 -8 -26
T 4093 4 0 4 0
E 4093 0 19 58
E 4093 1 16 50
E 4093 2 14 42
E 4093 6 5 17
T 4094 71 0 4 0
E 4094 3 -19 -57
E 4094 4 -16 -49
E 4094 5 -13 -41
E 4094 6 -11 -33
T 4095 20 0 6 0
E 4095 0 24 73
E 4095 1 21 65
E 4095 2 19 57
E 4095 3 16 49
E 4095 5 5 17
E 4095 6 8 25
T 4096 18 0 7 1
E 4096 0 -1 -16
E 4096 1 -2 -24
E 4096 2 -3 -32
E 4096 3 -4 -40
E 4096 4 -9 -83
E 4096 5 -8 -75
E 4096 6 -7 -67
T 4097 50 0 5 0
E 4097 0 7 21
E 4097 1 4 13
E 4097 4 -16 -49
E 4097 5 -13 -41
E 4097 6 -11 -33
T 4098 11 0 6 0
E 4098 0 17 52
E 4098 1 14 44
E 4098 2 12 36
E 4098 3 9 28
E 4098 4 -7 -21
E 4098 5 -4 -13
T 4099 73 0 4 0
E 4099 3 -5 -15
E 4099 4 -22 -68
E 4099 5 -20 -60
E 4099 6 -17 -52
T 4100 27 0 6 0
E 4100 0 25 77
E 4100 1 23 69
E 4100 2 20 61
E 4100 3 17 53
E 4100 4 15 45
E 4100 6 4 13
T 4101 15 0 7 1
E 4101 0 -3 -29
E 4101 1 -4 -37
E 4101 2 -5 -45
E 4101 3 -5 -53
E 4101 4 -6 -61
E 4101 5 -11 -104
E 4101 6 -10 -96
T 4102 53 0 4 0
E 4102 0 6 18
E 4102 4 -4 -14
E 4102 5 -20 -60
E 4102 6 -17 -52
T 4103 41 0 7 1
E 4103 0 6 60
E 4103 1 5 52
E 4103 2 4 44
E 4103 3 4 36
E 4103 4 3 28
E 4103 5 -2 -21
E 4103 6 -1 -13
T 4104 28 0 6 0
E 4104 0 14 43
E 4104 1 11 35
E 4104 2 9 27
E 4104 3 6 19
E 4104 5 -14 -42
E 4104 6 -11 -34
T 4105 34 0 4 0
E 4105 0 8 24
E 4105 1 5 16
E 4105 5 -5 -16
E 4105 6 -18 -56
T 4106 25 0 4 0
E 4106 0 11 35
E 4106 1 9 27
E 4106 2 6 19
E 4106 6 -16 -48
T 4107 27 0 4 0
E 4107 0 10 32
E 4107 1 8 24
E 4107 2 5 16
E 4107 6 -18 -54
T 4108 36 0 4 0
E 4108 0 9 27
E 4108 1 6 19
E 4108 5 -4 -13
E 4108 6 -20 -62
T 4109 28 0 4 0
E 4109 0 11 34
E 4109 1 8 26
E 4109 2 6 18
E 4109 6 -19 -59
T 4110 14 0 4 0
E 4110 0 11 33
E 4110 1 8 25
E 4110 2 5 17
E 4110 6 -5 -15
T 4111 33 0 4 0
E 4111 0 6 19
E 4111 4 -4 -13
E 4111 5 -7 -21
E 4111 6 -9 -29
T 4112 5 0 4 0
E 4112 0 12 38
E 4112 1 10 30
E 4112 2 7 22
E 4112 3 4 14
T 4113 44 0 4 0
E 4113 3 -5 -16
E 4113 4 -8 -24
E 4113 5 -10 -32
E 4113 6 -13 -40
T 4114 4 0 5 0
E 4114 0 16 49
E 4114 1 13 41
E 4114 2 11 33
E 4114 3 8 25
E 4114 4 5 17
T 4115 52 0 5 0
E 4115 2 -5 -16
E 4115 3 -8 -24
E 4115 4 -10 -32
E 4115 5 -13 -40
E 4115 6 -16 -48
T 4116 6 0 5 0
E 4116 0 17 51
E 4116 1 14 43
E 4116 2 11 35
E 4116 3 9 27
E 4116 4 6 19
T 4117 52 0 5 0
E 4117 2 -5 -16
E 4117 3 -8 -24
E 4117 4 -10 -32
E 4117 5 -13 -40
E 4117 6 -16 -48
T 4118 6 0 5 0
E 4118 0 17 51
E 4118 1 14 43
E 4118 2 11 35
E 4118 3 9 27
E 4118 4 6 19
T 4119 62 0 6 0
E 4119 1 -5 -16
E 4119 2 -8 -24
E 4119 3 -10 -32
E 4119 4 -13 -40
E 4119 5 -16 -48
E 4119 6 -18 -56
T 4120 37 0 7 1
E 4120 0 7 70
E 4120 1 6 62
E 4120 2 6 54
E 4120 3 5 46
E 4120 4 4 38
E 4120 5 3 30
E 4120 6 2 22
T 4121 3 0 4 0
E 4121 0 14 44
E 4121 1 12 36
E 4121 2 9 28
E 4121 3 6 20
T 4122 50 0 5 0
E 4122 2 -4 -13
E 4122 3 -7 -21
E 4122 4 -9 -29
E 4122 5 -12 -37
E 4122 6 -15 -45
T 4123 4 0 5 0
E 4123 0 16 49
E 4123 1 13 41
E 4123 2 11 33
E 4123 3 8 25
E 4123 4 5 17
T 4124 52 0 5 0
E 4124 2 -5 -16
E 4124 3 -8 -24
E 4124 4 -10 -32
E 4124 5 -13 -40
E 4124 6 -16 -48
T 4125 18 0 6 0
E 4125 0 20 60
E 4125 1 17 52
E 4125 2 14 44
E 4125 3 12 36
E 4125 4 9 28
E 4125 5 6 20
T 4126 11 0 7 1
E 4126 0 -2 -20
E 4126 1 -3 -28
E 4126 2 -4 -36
E 4126 3 -4 -44
E 4126 4 -5 -52
E 4126 5 -6 -60
E 4126 6 -7 -68
T 4127 35 0 4 0
E 4127 0 4 13
E 4127 4 -6 -19
E 4127 5 -9 -27
E 4127 6 -11 -35
T 4128 14 0 4 0
E 4128 0 10 31
E 4128 1 7 23
E 4128 2 5 15
E 4128 6 -5 -17
T 4129 25 0 4 0
E 4129 0 7 22
E 4129 1 4 14
E 4129 5 -6 -18
E 4129 6 -8 -26
T 4130 25 0 4 0
E 4130 0 7 21
E 4130 1 4 13
E 4130 5 -6 -19
E 4130 6 -9 -27
T 4131 23 0 4 0
E 4131 0 8 26
E 4131 1 6 18
E 4131 5 -4 -14
E 4131 6 -7 -22
T 4132 15 0 4 0
E 4132 0 10 30
E 4132 1 7 22
E 4132 2 4 14
E 4132 6 -6 -18
T 4133 43 0 4 0
E 4133 3 -4 -13
E 4133 4 -7 -21
E 4133 5 -9 -29
E 4133 6 -12 -37
T 4134 6 0 5 0
E 4134 0 17 51
E 4134 1 14 43
E 4134 2 11 35
E 4134 3 9 27
E 4134 4 6 19
T 4135 51 0 5 0
E 4135 2 -5 -15
E 4135 3 -7 -23
E 4135 4 -10 -31
E 4135 5 -13 -39
E 4135 6 -15 -47
T 4136 14 0 6 0
E 4136 0 18 56
E 4136 1 16 48
E 4136 2 13 40
E 4136 3 10 32
E 4136 4 8 24
E 4136 5 5 16
T 4137 65 0 6 0
E 4137 1 -6 -19
E 4137 2 -9 -27
E 4137 3 -11 -35
E 4137 4 -14 -43
E 4137 5 -17 -51
E 4137 6 -19 -59
T 4138 35 0 7 1
E 4138 0 7 63
E 4138 1 6 55
E 4138 2 5 47
E 4138 3 4 39
E 4138 4 3 31
E 4138 5 2 23
E 4138 6 1 15
T 4139 3 0 4 0
E 4139 0 14 42
E 4139 1 11 34
E 4139 2 8 26
E 4139 3 6 18
T 4140 51 0 5 0
E 4140 2 -5 -15
E 4140 3 -7 -23
E 4140 4 -10 -31
E 4140 5 -13 -39
E 4140 6 -15 -47
T 4141 6 0 5 0
E 4141 0 17 51
E 4141 1 14 43
E 4141 2 11 35
E 4141 3 9 27
E 4141 4 6 19
T 4142 51 0 5 0
E 4142 2 -5 -15
E 4142 3 -7 -23
E 4142 4 -10 -31
E 4142 5 -13 -39
E 4142 6 -15 -47
T 4143 3 0 5 0
E 4143 0 15 47
E 4143 1 13 39
E 4143 2 10 31
E 4143 3 7 23
E 4143 4 5 15
T 4144 52 0 5 0
E 4144 2 -5 -17
E 4144 3 -8 -25
E 4144 4 -11 -33
E 4144 5 -13 -41
E 4144 6 -16 -49
T 4145 12 0 6 0
E 4145 0 18 54
E 4145 1 15 46
E 4145 2 12 38
E 4145 3 10 30
E 4145 4 7 22
E 4145 5 4 14
T 4146 60 0 6 0
E 4146 1 -4 -14
E 4146 2 -7 -22
E 4146 3 -10 -30
E 4146 4 -12 -38
E 4146 5 -15 -46
E 4146 6 -18 -54
T 4147 37 0 7 1
E 4147 0 7 66
E 4147 1 6 58
E 4147 2 5 50
E 4147 3 4 42
E 4147 4 3 34
E 4147 5 2 26
E 4147 6 2 18
T 4148 9 0 3 0
E 4148 0 12 36
E 4148 1 9 28
E 4148 2 6 20
T 4149 35 0 4 0
E 4149 0 4 13
E 4149 4 -6 -19
E 4149 5 -9 -27
E 4149 6 -11 -35
T 4150 9 0 3 0
E 4150 0 12 36
E 4150 1 9 28
E 4150 2 6 20
T 4151 45 0 4 0
E 4151 3 -6 -19
E 4151 4 -9 -27
E 4151 5 -11 -35
E 4151 6 -14 -43
T 4152 3 0 4 0
E 4152 0 14 42
E 4152 1 11 34
E 4152 2 8 26
E 4152 3 6 18
T 4153 53 0 5 0
E 4153 2 -6 -18
E 4153 3 -8 -26
E 4153 4 -11 -34
E 4153 5 -14 -42
E 4153 6 -16 -50
T 4154 15 0 6 0
E 4154 0 19 57
E 4154 1 16 49
E 4154 2 13 41
E 4154 3 11 33
E 4154 4 8 25
E 4154 5 5 17
T 4155 62 0 6 0
E 4155 1 -5 -16
E 4155 2 -8 -24
E 4155 3 -10 -32
E 4155 4 -13 -40
E 4155 5 -16 -48
E 4155 6 -18 -56
T 4156 37 0 7 1
E 4156 0 7 67
E 4156 1 6 59
E 4156 2 5 51
E 4156 3 4 43
E 4156 4 3 35
E 4156 5 3 27
E 4156 6 2 19
T 4157 14 0 4 0
E 4157 0 11 33
E 4157 1 8 25
E 4157 2 5 17
E 4157 6 -5 -15
T 4158 33 0 4 0
E 4158 0 6 18
E 4158 4 -4 -14
E 4158 5 -7 -22
E 4158 6 -10 -30
T 4159 4 0 4 0
E 4159 0 13 41
E 4159 1 11 33
E 4159 2 8 25
E 4159 3 5 17
T 4160 45 0 4 0
E 4160 3 -6 -20
E 4160 4 -9 -28
E 4160 5 -12 -36
E 4160 6 -14 -44
T 4161 4 0 5 0
E 4161 0 16 49
E 4161 1 13 41
E 4161 2 11 33
E 4161 3 8 25
E 4161 4 5 17
T 4162 60 0 6 0
E 4162 1 -4 -14
E 4162 2 -7 -22
E 4162 3 -10 -30
E 4162 4 -12 -38
E 4162 5 -15 -46
E 4162 6 -18 -54
T 4163 17 0 6 0
E 4163 0 19 59
E 4163 1 17 51
E 4163 2 14 43
E 4163 3 11 35
E 4163 4 9 27
E 4163 5 6 19
T 4164 64 0 6 0
E 4164 1 -6 -18
E 4164 2 -8 -26
E 4164 3 -11 -34
E 4164 4 -14 -42
E 4164 5 -16 -50
E 4164 6 -19 -58
T 4165 35 0 7 1
E 4165 0 7 63
E 4165 1 6 55
E 4165 2 5 47
E 4165 3 4 39
E 4165 4 3 31
E 4165 5 2 23
E 4165 6 1 15
T 4166 4 0 4 0
E 4166 0 13 40
E 4166 1 10 32
E 4166 2 8 24
E 4166 3 5 16
T 4167 43 0 4 0
E 4167 3 -4 -13
E 4167 4 -7 -21
E 4167 5 -9 -29
E 4167 6 -12 -37
T 4168 3 0 4 0
E 4168 0 14 44
E 4168 1 12 36
E 4168 2 9 28
E 4168 3 6 20
T 4169 45 0 4 0
E 4169 3 -6 -18
E 4169 4 -8 -26
E 4169 5 -11 -34
E 4169 6 -14 -42
T 4170 4 0 4 0
E 4170 0 13 41
E 4170 1 11 33
E 4170 2 8 25
E 4170 3 5 17
T 4171 44 0 4 0
E 4171 3 -5 -17
E 4171 4 -8 -25
E 4171 5 -11 -33
E 4171 6 -13 -41
T 4172 3 0 4 0
E 4172 0 14 42
E 4172 1 11 34
E 4172 2 8 26
E 4172 3 6 18
T 4173 52 0 5 0
E 4173 2 -5 -17
E 4173 3 -8 -25
E 4173 4 -11 -33
E 4173 5 -13 -41
E 4173 6 -16 -49
T 4174 11 0 6 0
E 4174 0 17 53
E 4174 1 15 45
E 4174 2 12 37
E 4174 3 9 29
E 4174 4 7 21
E 4174 5 4 13
T 4175 61 0 6 0
E 4175 1 -5 -15
E 4175 2 -7 -23
E 4175 3 -10 -31
E 4175 4 -13 -39
E 4175 5 -15 -47
E 4175 6 -18 -55
T 4176 36 0 7 1
E 4176 0 7 64
E 4176 1 6 56
E 4176 2 5 48
E 4176 3 4 40
E 4176 4 3 32
E 4176 5 2 24
E 4176 6 1 16
T 4177 11 0 4 0
E 4177 0 10 31
E 4177 1 8 26
E 4177 2 6 18
E 4177 6 -4 -14
T 4178 34 0 3 0
E 4178 4 -6 -20
E 4178 5 -9 -28
E 4178 6 -12 -36
T 4179 7 0 5 0
E 4179 0 12 37
E 4179 1 12 37
E 4179 2 9 29
E 4179 3 7 21
E 4179 4 4 13
T 4180 41 0 5 0
E 4180 2 -5 -17
E 4180 3 -8 -25
E 4180 4 -11 -33
E 4180 5 -13 -41
E 4180 6 -16 -49
T 4181 23 0 6 0
E 4181 0 14 43
E 4181 1 16 48
E 4181 2 13 40
E 4181 3 10 32
E 4181 4 8 24
E 4181 5 5 16
T 4182 1 0 7 1
E 4182 0 -3 -30
E 4182 1 -2 -25
E 4182 2 -3 -30
E 4182 3 -4 -38
E 4182 4 -5 -46
E 4182 5 -6 -54
E 4182 6 -6 -62
T 4183 21 0 3 0
E 4183 4 -4 -13
E 4183 5 -7 -21
E 4183 6 -9 -29
T 4184 8 0 4 0
E 4184 0 7 21
E 4184 1 8 26
E 4184 2 8 26
E 4184 3 6 18
T 4185 11 0 2 0
E 4185 5 -6 -20
E 4185 6 -9 -28
T 4186 6 0 2 0
E 4186 2 4 14
E 4186 6 -6 -18
T 4187 4 0 2 0
E 4187 2 4 13
E 4187 6 -5 -16
T 4188 3 0 2 0
E 4188 2 5 16
E 4188 3 4 13
T 4189 3 0 2 0
E 4189 5 -5 -15
E 4189 6 -7 -23
T 4190 3 0 1 0
E 4190 3 5 15
T 4191 1 0 1 0
E 4191 6 -5 -15
T 4192 4 0 1 0
E 4192 3 5 16
T 4193 8 0 0 0
T 4194 3 0 0 0
T 4195 11 0 2 0
E 4195 3 5 15
E 4195 4 6 18
T 4196 10 0 1 0
E 4196 0 -4 -14
T 4197 11 0 1 0
E 4197 0 -5 -16
T 4198 11 0 0 0
T 4199 15 0 2 0
E 4199 4 4 13
E 4199 5 4 13
T 4200 14 0 1 0
E 4200 5 4 13
T 4201 10 0 1 0
E 4201 0 -4 -14
T 4202 16 0 1 0
E 4202 5 4 13
T 4203 11 0 1 0
E 4203 0 -5 -16
T 4204 20 0 2 0
E 4204 5 5 15
E 4204 6 5 15
T 4205 6 0 3 0
E 4205 0 -9 -27
E 4205 1 -7 -22
E 4205 2 -5 -17
T 4206 28 0 4 0
E 4206 3 4 14
E 4206 4 6 19
E 4206 5 8 24
E 4206 6 9 29
T 4207 1 0 4 0
E 4207 0 -10 -30
E 4207 1 -8 -25
E 4207 2 -6 -20
E 4207 3 -5 -15
T 4208 29 0 4 0
E 4208 3 5 16
E 4208 4 7 21
E 4208 5 8 26
E 4208 6 10 31
T 4209 5 0 5 0
E 4209 0 -11 -35
E 4209 1 -10 -30
E 4209 2 -8 -25
E 4209 3 -6 -20
E 4209 4 -5 -15
T 4210 28 0 4 0
E 4210 3 4 14
E 4210 4 6 19
E 4210 5 8 24
E 4210 6 9 29
T 4211 5 0 5 0
E 4211 0 -11 -35
E 4211 1 -10 -30
E 4211 2 -8 -25
E 4211 3 -6 -20
E 4211 4 -5 -15
T 4212 34 0 5 0
E 4212 2 4 13
E 4212 3 6 18
E 4212 4 7 23
E 4212 5 9 28
E 4212 6 11 33
T 4213 1 0 4 0
E 4213 0 -10 -30
E 4213 1 -8 -25
E 4213 2 -6 -20
E 4213 3 -5 -15
T 4214 29 0 4 0
E 4214 3 5 16
E 4214 4 7 21
E 4214 5 8 26
E 4214 6 10 31
T 4215 1 0 4 0
E 4215 0 -10 -31
E 4215 1 -8 -26
E 4215 2 -7 -21
E 4215 3 -5 -16
T 4216 20 0 2 0
E 4216 5 5 17
E 4216 6 7 22
T 4217 9 0 2 0
E 4217 0 -7 -21
E 4217 1 -5 -16
T 4218 24 0 3 0
E 4218 4 4 14
E 4218 5 6 19
E 4218 6 8 24
T 4219 6 0 3 0
E 4219 0 -8 -24
E 4219 1 -6 -19
E 4219 2 -4 -14
T 4220 24 0 3 0
E 4220 4 5 16
E 4220 5 7 21
E 4220 6 8 26
T 4221 6 0 3 0
E 4221 0 -8 -24
E 4221 1 -6 -19
E 4221 2 -4 -14
T 4222 21 0 2 0
E 4222 5 4 14
E 4222 6 6 19
T 4223 6 0 3 0
E 4223 0 -8 -26
E 4223 1 -7 -21
E 4223 2 -5 -16
T 4224 28 0 4 0
E 4224 3 4 13
E 4224 4 6 18
E 4224 5 7 23
E 4224 6 9 28
T 4225 6 0 3 0
E 4225 0 -9 -27
E 4225 1 -7 -22
E 4225 2 -5 -17
T 4226 15 0 2 0
E 4226 0 -4 -14
E 4226 6 5 17
T 4227 9 0 2 0
E 4227 0 -6 -19
E 4227 1 -4 -13
T 4228 26 0 3 0
E 4228 4 4 13
E 4228 5 6 18
E 4228 6 7 23
T 4229 3 0 4 0
E 4229 0 -11 -33
E 4229 1 -8 -25
E 4229 2 -6 -20
E 4229 3 -5 -15
T 4230 27 0 3 0
E 4230 4 5 16
E 4230 5 7 21
E 4230 6 8 26
T 4231 9 0 3 0
E 4231 0 -9 -28
E 4231 1 -6 -20
E 4231 2 -4 -14
T 4232 28 0 3 0
E 4232 4 4 14
E 4232 5 6 19
E 4232 6 8 24
T 4233 3 0 4 0
E 4233 0 -12 -36
E 4233 1 -9 -28
E 4233 2 -7 -21
E 4233 3 -5 -16
T 4234 35 0 4 0
E 4234 3 5 15
E 4234 4 6 20
E 4234 5 8 25
E 4234 6 10 30
T 4235 1 0 5 0
E 4235 0 -13 -39
E 4235 1 -10 -31
E 4235 2 -7 -23
E 4235 3 -6 -18
E 4235 4 -4 -13
T 4236 43 0 5 0
E 4236 2 5 15
E 4236 3 7 21
E 4236 4 8 26
E 4236 5 10 31
E 4236 6 12 36
T 4237 4 0 4 0
E 4237 0 -12 -38
E 4237 1 -10 -30
E 4237 2 -7 -22
E 4237 3 -5 -16
T 4238 44 0 5 0
E 4238 2 5 16
E 4238 3 7 23
E 4238 4 9 28
E 4238 5 11 33
E 4238 6 12 38
T 4239 1 0 5 0
E 4239 0 -14 -43
E 4239 1 -11 -35
E 4239 2 -9 -27
E 4239 3 -6 -19
E 4239 4 -4 -14
T 4240 48 0 5 0
E 4240 2 6 19
E 4240 3 9 27
E 4240 4 10 32
E 4240 5 12 37
E 4240 6 14 42
T 4241 31 0 7 1
E 4241 0 -6 -54
E 4241 1 -5 -46
E 4241 2 -4 -38
E 4241 3 -3 -30
E 4241 4 -2 -24
E 4241 5 -2 -19
E 4241 6 -1 -14
T 4242 9 0 3 0
E 4242 0 -12 -36
E 4242 1 -9 -28
E 4242 2 -6 -20
T 4243 31 0 4 0
E 4243 0 -4 -14
E 4243 4 5 17
E 4243 5 7 22
E 4243 6 9 27
T 4244 9 0 3 0
E 4244 0 -12 -36
E 4244 1 -9 -28
E 4244 2 -6 -20
T 4245 40 0 4 0
E 4245 3 4 13
E 4245 4 7 21
E 4245 5 8 26
E 4245 6 10 31
T 4246 4 0 4 0
E 4246 0 -13 -41
E 4246 1 -11 -33
E 4246 2 -8 -25
E 4246 3 -5 -17
T 4247 41 0 4 0
E 4247 3 5 15
E 4247 4 7 23
E 4247 5 9 29
E 4247 6 11 34
T 4248 5 0 4 0
E 4248 0 -12 -37
E 4248 1 -9 -29
E 4248 2 -7 -21
E 4248 3 -4 -13
T 4249 38 0 3 0
E 4249 4 6 20
E 4249 5 9 28
E 4249 6 11 33
T 4250 4 0 4 0
E 4250 0 -13 -39
E 4250 1 -10 -31
E 4250 2 -7 -23
E 4250 3 -5 -15
T 4251 49 0 5 0
E 4251 2 4 13
E 4251 3 7 21
E 4251 4 9 29
E 4251 5 12 37
E 4251 6 14 43
T 4252 4 0 5 0
E 4252 0 -16 -48
E 4252 1 -13 -40
E 4252 2 -10 -32
E 4252 3 -8 -24
E 4252 4 -5 -16
T 4253 53 0 5 0
E 4253 2 6 19
E 4253 3 9 27
E 4253 4 11 35
E 4253 5 14 43
E 4253 6 16 50
T 4254 14 0 6 0
E 4254 0 -18 -56
E 4254 1 -16 -48
E 4254 2 -13 -40
E 4254 3 -10 -32
E 4254 4 -8 -24
E 4254 5 -5 -16
T 4255 13 0 7 1
E 4255 0 1 13
E 4255 1 2 21
E 4255 2 3 29
E 4255 3 4 37
E 4255 4 5 45
E 4255 5 5 53
E 4255 6 6 61
T 4256 25 0 4 0
E 4256 0 -7 -21
E 4256 1 -4 -13
E 4256 5 6 19
E 4256 6 9 27
T 4257 23 0 4 0
E 4257 0 -8 -26
E 4257 1 -6 -18
E 4257 5 4 14
E 4257 6 7 22
T 4258 24 0 4 0
E 4258 0 -8 -25
E 4258 1 -5 -17
E 4258 5 5 15
E 4258 6 7 23
T 4259 24 1 4 0
E 4259 0 -8 -24
E 4259 1 -5 -16
E 4259 5 5 16
E 4259 6 8 24
T 4260 23 0 4 0
E 4260 0 -8 -26
E 4260 1 -6 -18
E 4260 5 4 14
E 4260 6 7 22
T 4261 15 0 4 0
E 4261 0 -10 -30
E 4261 1 -7 -22
E 4261 2 -4 -14
E 4261 6 6 18
T 4262 34 0 4 0
E 4262 0 -5 -16
E 4262 4 5 16
E 4262 5 8 24
E 4262 6 10 32
T 4263 13 0 4 0
E 4263 0 -11 -35
E 4263 1 -9 -27
E 4263 2 -6 -19
E 4263 6 4 13
T 4264 35 0 4 0
E 4264 0 -4 -14
E 4264 4 6 18
E 4264 5 8 26
E 4264 6 11 34
T 4265 14 0 4 0
E 4265 0 -10 -32
E 4265 1 -8 -24
E 4265 2 -5 -16
E 4265 6 5 16
T 4266 39 0 3 0
E 4266 4 6 20
E 4266 5 9 28
E 4266 6 12 36
T 4267 3 0 4 0
E 4267 0 -14 -42
E 4267 1 -11 -34
E 4267 2 -8 -26
E 4267 3 -6 -18
T 4268 45 0 4 0
E 4268 3 6 19
E 4268 4 9 27
E 4268 5 11 35
E 4268 6 14 43
T 4269 6 0 5 0
E 4269 0 -17 -52
E 4269 1 -14 -44
E 4269 2 -12 -36
E 4269 3 -9 -28
E 4269 4 -6 -20
T 4270 51 0 5 0
E 4270 2 5 15
E 4270 3 7 23
E 4270 4 10 31
E 4270 5 13 39
E 4270 6 15 47
T 4271 12 0 6 0
E 4271 0 -18 -54
E 4271 1 -15 -46
E 4271 2 -12 -38
E 4271 3 -10 -30
E 4271 4 -7 -22
E 4271 5 -4 -14
T 4272 13 0 7 1
E 4272 0 1 15
E 4272 1 2 23
E 4272 2 3 31
E 4272 3 4 39
E 4272 4 5 47
E 4272 5 6 55
E 4272 6 7 63
T 4273 29 0 3 0
E 4273 0 -6 -20
E 4273 5 6 20
E 4273 6 9 28
T 4274 15 0 4 0
E 4274 0 -10 -30
E 4274 1 -7 -22
E 4274 2 -4 -14
E 4274 6 6 18
T 4275 43 0 4 0
E 4275 3 4 13
E 4275 4 7 21
E 4275 5 9 29
E 4275 6 12 37
T 4276 6 0 5 0
E 4276 0 -17 -51
E 4276 1 -14 -43
E 4276 2 -11 -35
E 4276 3 -9 -27
E 4276 4 -6 -19
T 4277 63 0 6 0
E 4277 1 5 17
E 4277 2 8 25
E 4277 3 11 33
E 4277 4 13 41
E 4277 5 16 49
E 4277 6 19 57
T 4278 37 0 7 1
E 4278 0 -7 -70
E 4278 1 -6 -62
E 4278 2 -6 -54
E 4278 3 -5 -46
E 4278 4 -4 -38
E 4278 5 -3 -30
E 4278 6 -2 -22
T 4279 3 0 4 0
E 4279 0 -14 -44
E 4279 1 -12 -36
E 4279 2 -9 -28
E 4279 3 -6 -20
T 4280 45 0 4 0
E 4280 3 6 19
E 4280 4 9 27
E 4280 5 11 35
E 4280 6 14 43
T 4281 4 0 5 0
E 4281 0 -16 -49
E 4281 1 -13 -41
E 4281 2 -11 -33
E 4281 3 -8 -25
E 4281 4 -5 -17
T 4282 54 0 5 0
E 4282 2 6 20
E 4282 3 9 28
E 4282 4 12 36
E 4282 5 14 44
E 4282 6 17 52
T 4283 35 0 7 1
E 4283 0 -6 -62
E 4283 1 -6 -54
E 4283 2 -5 -46
E 4283 3 -4 -38
E 4283 4 -3 -30
E 4283 5 -2 -22
E 4283 6 -1 -14
T 4284 13 0 4 0
E 4284 0 -11 -34
E 4284 1 -8 -26
E 4284 2 -6 -18
E 4284 6 4 14
T 4285 34 0 4 0
E 4285 0 -5 -15
E 4285 4 5 17
E 4285 5 8 25
E 4285 6 11 33
T 4286 15 0 4 0
E 4286 0 -10 -30
E 4286 1 -7 -22
E 4286 2 -4 -14
E 4286 6 6 18
T 4287 25 0 4 0
E 4287 0 -7 -22
E 4287 1 -4 -14
E 4287 5 6 18
E 4287 6 8 26
T 4288 25 0 4 0
E 4288 0 -7 -22
E 4288 1 -4 -14
E 4288 5 6 18
E 4288 6 8 26
T 4289 15 0 4 0
E 4289 0 -9 -29
E 4289 1 -7 -21
E 4289 2 -4 -13
E 4289 6 6 19
T 4290 33 0 4 0
E 4290 0 -6 -18
E 4290 4 4 14
E 4290 5 7 22
E 4290 6 10 30
T 4291 14 0 4 0
E 4291 0 -10 -32
E 4291 1 -8 -24
E 4291 2 -5 -16
E 4291 6 5 16
T 4292 33 0 4 0
E 4292 0 -6 -18
E 4292 4 4 14
E 4292 5 7 22
E 4292 6 10 30
T 4293 4 0 4 0
E 4293 0 -13 -39
E 4293 1 -10 -31
E 4293 2 -7 -23
E 4293 3 -5 -15
T 4294 45 0 4 0
E 4294 3 6 19
E 4294 4 9 27
E 4294 5 11 35
E 4294 6 14 43
T 4295 6 0 5 0
E 4295 0 -17 -51
E 4295 1 -14 -43
E 4295 2 -11 -35
E 4295 3 -9 -27
E 4295 4 -6 -19
T 4296 54 0 5 0
E 4296 2 6 19
E 4296 3 9 27
E 4296 4 11 35
E 4296 5 14 43
E 4296 6 17 51
T 4297 14 0 6 0
E 4297 0 -18 -56
E 4297 1 -16 -48
E 4297 2 -13 -40
E 4297 3 -10 -32
E 4297 4 -8 -24
E 4297 5 -5 -16
T 4298 13 0 7 1
E 4298 0 1 15
E 4298 1 2 23
E 4298 2 3 31
E 4298 3 4 39
E 4298 4 5 47
E 4298 5 6 55
E 4298 6 7 63
T 4299 39 0 3 0
E 4299 4 6 20
E 4299 5 9 28
E 4299 6 12 36
T 4300 5 0 4 0
E 4300 0 -12 -38
E 4300 1 -10 -30
E 4300 2 -7 -22
E 4300 3 -4 -14
T 4301 45 0 4 0
E 4301 3 6 20
E 4301 4 9 28
E 4301 5 12 36
E 4301 6 14 44
T 4302 4 0 4 0
E 4302 0 -13 -40
E 4302 1 -10 -32
E 4302 2 -8 -24
E 4302 3 -5 -16
T 4303 50 0 5 0
E 4303 2 4 14
E 4303 3 7 22
E 4303 4 10 30
E 4303 5 12 38
E 4303 6 15 46
T 4304 6 0 5 0
E 4304 0 -17 -52
E 4304 1 -14 -44
E 4304 2 -12 -36
E 4304 3 -9 -28
E 4304 4 -6 -20
T 4305 53 0 5 0
E 4305 2 6 18
E 4305 3 8 26
E 4305 4 11 34
E 4305 5 14 42
E 4305 6 16 50
T 4306 5 0 5 0
E 4306 0 -16 -50
E 4306 1 -14 -42
E 4306 2 -11 -34
E 4306 3 -8 -26
E 4306 4 -6 -18
T 4307 52 0 5 0
E 4307 2 5 16
E 4307 3 8 24
E 4307 4 10 32
E 4307 5 13 40
E 4307 6 16 48
T 4308 14 0 6 0
E 4308 0 -18 -56
E 4308 1 -16 -48
E 4308 2 -13 -40
E 4308 3 -10 -32
E 4308 4 -8 -24
E 4308 5 -5 -16
T 4309 13 0 7 1
E 4309 0 1 14
E 4309 1 2 22
E 4309 2 3 30
E 4309 3 4 38
E 4309 4 5 46
E 4309 5 6 54
E 4309 6 6 62
T 4310 44 0 4 0
E 4310 3 5 15
E 4310 4 7 23
E 4310 5 10 31
E 4310 6 13 39
T 4311 3 0 4 0
E 4311 0 -14 -43
E 4311 1 -11 -35
E 4311 2 -9 -27
E 4311 3 -6 -19
T 4312 45 0 4 0
E 4312 3 6 20
E 4312 4 9 28
E 4312 5 12 36
E 4312 6 14 44
T 4313 11 0 6 0
E 4313 0 -17 -53
E 4313 1 -15 -45
E 4313 2 -12 -37
E 4313 3 -9 -29
E 4313 4 -7 -21
E 4313 5 -4 -13
T 4314 62 0 6 0
E 4314 1 5 16
E 4314 2 8 24
E 4314 3 10 32
E 4314 4 13 40
E 4314 5 16 48
E 4314 6 18 56
T 4315 37 0 7 1
E 4315 0 -7 -67
E 4315 1 -6 -59
E 4315 2 -5 -51
E 4315 3 -4 -43
E 4315 4 -3 -35
E 4315 5 -3 -27
E 4315 6 -2 -19
T 4316 5 0 4 0
E 4316 0 -12 -38
E 4316 1 -10 -30
E 4316 2 -7 -22
E 4316 3 -4 -14
T 4317 50 0 5 0
E 4317 2 4 13
E 4317 3 7 21
E 4317 4 9 29
E 4317 5 12 37
E 4317 6 15 45
T 4318 11 0 6 0
E 4318 0 -17 -53
E 4318 1 -15 -45
E 4318 2 -12 -37
E 4318 3 -9 -29
E 4318 4 -7 -21
E 4318 5 -4 -13
T 4319 65 0 6 0
E 4319 1 6 19
E 4319 2 9 27
E 4319 3 11 35
E 4319 4 14 43
E 4319 5 17 51
E 4319 6 19 59
T 4320 8 0 7 1
E 4320 0 -1 -13
E 4320 1 -5 -53
E 4320 2 -5 -45
E 4320 3 -4 -37
E 4320 4 -3 -29
E 4320 5 -2 -21
E 4320 6 -1 -13
T 4321 39 0 4 0
E 4321 1 -13 -39
E 4321 2 -10 -31
E 4321 3 -7 -23
E 4321 4 -5 -15
T 4322 2 0 4 0
E 4322 0 13 41
E 4322 4 6 19
E 4322 5 9 27
E 4322 6 11 35
T 4323 52 0 5 0
E 4323 1 -15 -47
E 4323 2 -13 -39
E 4323 3 -10 -31
E 4323 4 -7 -23
E 4323 5 -5 -15
T 4324 2 0 5 0
E 4324 0 16 50
E 4324 3 4 13
E 4324 4 7 21
E 4324 5 9 29
E 4324 6 12 37
T 4325 52 0 5 0
E 4325 2 -16 -49
E 4325 3 -13 -41
E 4325 4 -11 -33
E 4325 5 -8 -25
E 4325 6 -5 -17
T 4326 1 0 5 0
E 4326 0 16 48
E 4326 1 13 40
E 4326 4 4 13
E 4326 5 7 21
E 4326 6 9 29
T 4327 61 0 5 0
E 4327 2 -17 -53
E 4327 3 -15 -45
E 4327 4 -12 -37
E 4327 5 -9 -29
E 4327 6 -7 -21
T 4328 11 0 6 0
E 4328 0 21 65
E 4328 1 19 57
E 4328 3 5 16
E 4328 4 8 24
E 4328 5 10 32
E 4328 6 13 40
T 4329 18 0 7 1
E 4329 0 -1 -15
E 4329 1 -2 -23
E 4329 2 -8 -76
E 4329 3 -7 -68
E 4329 4 -6 -60
E 4329 5 -5 -52
E 4329 6 -4 -44
T 4330 47 0 5 0
E 4330 0 5 15
E 4330 3 -13 -41
E 4330 4 -11 -33
E 4330 5 -8 -25
E 4330 6 -5 -17
T 4331 9 0 3 0
E 4331 0 15 47
E 4331 1 13 39
E 4331 2 10 31
T 4332 62 0 4 0
E 4332 3 -17 -51
E 4332 4 -14 -43
E 4332 5 -11 -35
E 4332 6 -9 -27
T 4333 5 0 5 0
E 4333 0 22 67
E 4333 1 19 59
E 4333 2 17 51
E 4333 5 6 18
E 4333 6 8 26
T 4334 82 0 5 0
E 4334 2 -6 -19
E 4334 3 -24 -72
E 4334 4 -21 -64
E 4334 5 -18 -56
E 4334 6 -16 -48
T 4335 47 0 7 1
E 4335 0 9 88
E 4335 1 8 80
E 4335 2 8 72
E 4335 3 7 64
E 4335 4 2 24
E 4335 5 3 32
E 4335 6 4 40
T 4336 16 0 6 0
E 4336 0 14 42
E 4336 1 11 34
E 4336 2 8 26
E 4336 3 6 18
E 4336 4 -8 -25
E 4336 5 -5 -17
T 4337 55 0 4 0
E 4337 0 6 19
E 4337 4 -17 -51
E 4337 5 -14 -43
E 4337 6 -11 -35
T 4338 3 0 5 0
E 4338 0 19 58
E 4338 1 16 50
E 4338 2 14 42
E 4338 3 11 34
E 4338 4 -5 -15
T 4339 72 0 4 0
E 4339 3 -4 -13
E 4339 4 -22 -66
E 4339 5 -19 -58
E 4339 6 -16 -50
T 4340 27 0 6 0
E 4340 0 25 77
E 4340 1 23 69
E 4340 2 20 61
E 4340 3 17 53
E 4340 4 15 45
E 4340 6 4 13
T 4341 15 0 7 1
E 4341 0 -3 -30
E 4341 1 -4 -38
E 4341 2 -5 -46
E 4341 3 -6 -54
E 4341 4 -6 -62
E 4341 5 -11 -105
E 4341 6 -10 -97
T 4342 59 0 3 0
E 4342 4 -6 -20
E 4342 5 -22 -66
E 4342 6 -19 -58
T 4343 11 0 6 0
E 4343 0 22 66
E 4343 1 19 58
E 4343 2 16 50
E 4343 3 14 42
E 4343 4 11 34
E 4343 5 -5 -15
T 4344 87 0 6 0
E 4344 1 -5 -17
E 4344 2 -8 -25
E 4344 3 -11 -33
E 4344 4 -13 -41
E 4344 5 -31 -94
E 4344 6 -28 -86
T 4345 48 0 6 0
E 4345 0 30 90
E 4345 1 27 82
E 4345 2 24 74
E 4345 3 22 66
E 4345 4 19 58
E 4345 5 16 50
T 4346 9 0 7 1
E 4346 0 -5 -45
E 4346 1 -5 -53
E 4346 2 -6 -61
E 4346 3 -7 -69
E 4346 4 -8 -77
E 4346 5 -9 -85
E 4346 6 -14 -128
T 4347 56 0 4 0
E 4347 3 -4 -14
E 4347 4 -7 -22
E 4347 5 -10 -30
E 4347 6 -25 -76
T 4348 38 0 7 1
E 4348 0 7 63
E 4348 1 6 55
E 4348 2 5 47
E 4348 3 4 39
E 4348 4 3 31
E 4348 5 2 23
E 4348 6 -2 -26
T 4349 22 0 5 0
E 4349 0 13 39
E 4349 1 10 31
E 4349 2 7 23
E 4349 3 5 15
E 4349 6 -18 -54
T 4350 24 0 4 0
E 4350 0 8 25
E 4350 1 5 17
E 4350 5 -5 -15
E 4350 6 -7 -23
T 4351 14 0 4 0
E 4351 0 10 31
E 4351 1 7 23
E 4351 2 5 15
E 4351 6 -5 -17
T 4352 43 0 4 0
E 4352 3 -4 -13
E 4352 4 -7 -21
E 4352 5 -9 -29
E 4352 6 -12 -37
T 4353 5 0 5 0
E 4353 0 16 50
E 4353 1 14 42
E 4353 2 11 34
E 4353 3 8 26
E 4353 4 6 18
T 4354 50 0 5 0
E 4354 2 -4 -13
E 4354 3 -7 -21
E 4354 4 -9 -29
E 4354 5 -12 -37
E 4354 6 -15 -45
T 4355 13 0 6 0
E 4355 0 18 55
E 4355 1 15 47
E 4355 2 13 39
E 4355 3 10 31
E 4355 4 7 23
E 4355 5 5 15
T 4356 63 0 6 0
E 4356 1 -5 -17
E 4356 2 -8 -25
E 4356 3 -11 -33
E 4356 4 -13 -41
E 4356 5 -16 -49
E 4356 6 -19 -57
T 4357 18 0 6 0
E 4357 0 20 60
E 4357 1 17 52
E 4357 2 14 44
E 4357 3 12 36
E 4357 4 9 28
E 4357 5 6 20
T 4358 11 0 7 1
E 4358 0 -2 -18
E 4358 1 -2 -26
E 4358 2 -3 -34
E 4358 3 -4 -42
E 4358 4 -5 -50
E 4358 5 -6 -58
E 4358 6 -7 -66
T 4359 34 0 4 0
E 4359 0 5 15
E 4359 4 -5 -17
E 4359 5 -8 -25
E 4359 6 -11 -33
T 4360 3 0 4 0
E 4360 0 14 42
E 4360 1 11 34
E 4360 2 8 26
E 4360 3 6 18
T 4361 44 0 4 0
E 4361 3 -5 -16
E 4361 4 -8 -24
E 4361 5 -10 -32
E 4361 6 -13 -40
T 4362 4 0 4 0
E 4362 0 13 41
E 4362 1 11 33
E 4362 2 8 25
E 4362 3 5 17
T 4363 44 0 4 0
E 4363 3 -5 -16
E 4363 4 -8 -24
E 4363 5 -10 -32
E 4363 6 -13 -40
T 4364 4 0 4 0
E 4364 0 13 41
E 4364 1 11 33
E 4364 2 8 25
E 4364 3 5 17
T 4365 50 0 5 0
E 4365 2 -4 -14
E 4365 3 -7 -22
E 4365 4 -10 -30
E 4365 5 -12 -38
E 4365 6 -15 -46
T 4366 4 0 5 0
E 4366 0 16 48
E 4366 1 13 40
E 4366 2 10 32
E 4366 3 8 24
E 4366 4 5 16
T 4367 54 0 5 0
E 4367 2 -6 -19
E 4367 3 -9 -27
E 4367 4 -11 -35
E 4367 5 -14 -43
E 4367 6 -17 -51
T 4368 18 0 6 0
E 4368 0 20 60
E 4368 1 17 52
E 4368 2 14 44
E 4368 3 12 36
E 4368 4 9 28
E 4368 5 6 20
T 4369 13 0 7 1
E 4369 0 -1 -15
E 4369 1 -2 -23
E 4369 2 -3 -31
E 4369 3 -4 -39
E 4369 4 -5 -47
E 4369 5 -6 -55
E 4369 6 -7 -63
T 4370 34 0 4 0
E 4370 0 5 17
E 4370 4 -5 -15
E 4370 5 -7 -23
E 4370 6 -10 -31
T 4371 13 0 4 0
E 4371 0 11 35
E 4371 1 9 27
E 4371 2 6 19
E 4371 6 -4 -13
T 4372 35 0 4 0
E 4372 0 4 14
E 4372 4 -6 -18
E 4372 5 -8 -26
E 4372 6 -11 -34
T 4373 4 0 4 0
E 4373 0 13 40
E 4373 1 10 32
E 4373 2 8 24
E 4373 3 5 16
T 4374 44 0 4 0
E 4374 3 -5 -16
E 4374 4 -8 -24
E 4374 5 -10 -32
E 4374 6 -13 -40
T 4375 4 0 4 0
E 4375 0 13 40
E 4375 1 10 32
E 4375 2 8 24
E 4375 3 5 16
T 4376 52 0 5 0
E 4376 2 -5 -17
E 4376 3 -8 -25
E 4376 4 -11 -33
E 4376 5 -13 -41
E 4376 6 -16 -49
T 4377 6 0 5 0
E 4377 0 17 51
E 4377 1 14 43
E 4377 2 11 35
E 4377 3 9 27
E 4377 4 6 19
T 4378 64 0 6 0
E 4378 1 -6 -18
E 4378 2 -8 -26
E 4378 3 -11 -34
E 4378 4 -14 -42
E 4378 5 -16 -50
E 4378 6 -19 -58
T 4379 37 0 7 1
E 4379 0 7 68
E 4379 1 6 60
E 4379 2 5 52
E 4379 3 4 44
E 4379 4 4 36
E 4379 5 3 28
E 4379 6 2 20
T 4380 4 0 4 0
E 4380 0 13 40
E 4380 1 10 32
E 4380 2 8 24
E 4380 3 5 16
T 4381 45 0 4 0
E 4381 3 -6 -18
E 4381 4 -8 -26
E 4381 5 -11 -34
E 4381 6 -14 -42
T 4382 3 0 4 0
E 4382 0 14 43
E 4382 1 11 35
E 4382 2 9 27
E 4382 3 6 19
T 4383 52 0 5 0
E 4383 2 -5 -16
E 4383 3 -8 -24
E 4383 4 -10 -32
E 4383 5 -13 -40
E 4383 6 -16 -48
T 4384 16 0 6 0
E 4384 0 19 58
E 4384 1 16 50
E 4384 2 14 42
E 4384 3 11 34
E 4384 4 8 26
E 4384 5 6 18
T 4385 63 0 6 0
E 4385 1 -5 -17
E 4385 2 -8 -25
E 4385 3 -11 -33
E 4385 4 -13 -41
E 4385 5 -16 -49
E 4385 6 -19 -57
T 4386 17 0 6 0
E 4386 0 19 59
E 4386 1 17 51
E 4386 2 14 43
E 4386 3 11 35
E 4386 4 9 27
E 4386 5 6 19
T 4387 12 0 7 1
E 4387 0 -1 -16
E 4387 1 -2 -24
E 4387 2 -3 -32
E 4387 3 -4 -40
E 4387 4 -5 -48
E 4387 5 -6 -56
E 4387 6 -7 -64
T 4388 34 0 4 0
E 4388 0 5 17
E 4388 4 -5 -15
E 4388 5 -7 -23
E 4388 6 -10 -31
T 4389 4 0 4 0
E 4389 0 13 39
E 4389 1 10 31
E 4389 2 7 23
E 4389 3 5 15
T 4390 45 0 4 0
E 4390 3 -6 -19
E 4390 4 -9 -27
E 4390 5 -11 -35
E 4390 6 -14 -43
T 4391 2 0 5 0
E 4391 0 15 45
E 4391 1 12 37
E 4391 2 9 29
E 4391 3 7 21
E 4391 4 4 13
T 4392 45 0 4 0
E 4392 3 -6 -19
E 4392 4 -9 -27
E 4392 5 -11 -35
E 4392 6 -14 -43
T 4393 6 0 5 0
E 4393 0 17 52
E 4393 1 14 44
E 4393 2 12 36
E 4393 3 9 28
E 4393 4 6 20
T 4394 50 0 5 0
E 4394 2 -4 -14
E 4394 3 -7 -22
E 4394 4 -10 -30
E 4394 5 -12 -38
E 4394 6 -15 -46
T 4395 6 0 5 0
E 4395 0 17 52
E 4395 1 14 44
E 4395 2 12 36
E 4395 3 9 28
E 4395 4 6 20
T 4396 54 0 5 0
E 4396 2 -6 -20
E 4396 3 -9 -28
E 4396 4 -12 -36
E 4396 5 -14 -44
E 4396 6 -17 -52
T 4397 16 0 6 0
E 4397 0 19 58
E 4397 1 16 50
E 4397 2 14 42
E 4397 3 11 34
E 4397 4 8 26
E 4397 5 6 18
T 4398 11 0 7 1
E 4398 0 -1 -17
E 4398 1 -2 -25
E 4398 2 -3 -33
E 4398 3 -4 -41
E 4398 4 -5 -49
E 4398 5 -6 -57
E 4398 6 -7 -65
T 4399 35 0 4 0
E 4399 0 4 14
E 4399 4 -6 -18
E 4399 5 -8 -26
E 4399 6 -11 -34
T 4400 4 0 4 0
E 4400 0 13 41
E 4400 1 11 33
E 4400 2 8 25
E 4400 3 5 17
T 4401 44 0 4 0
E 4401 3 -5 -17
E 4401 4 -8 -25
E 4401 5 -11 -33
E 4401 6 -13 -41
T 4402 2 0 5 0
E 4402 0 15 45
E 4402 1 12 37
E 4402 2 9 29
E 4402 3 7 21
E 4402 4 4 13
T 4403 45 0 4 0
E 4403 3 -6 -19
E 4403 4 -9 -27
E 4403 5 -11 -35
E 4403 6 -14 -43
T 4404 4 0 5 0
E 4404 0 16 49
E 4404 1 13 41
E 4404 2 11 33
E 4404 3 8 25
E 4404 4 5 17
T 4405 54 0 5 0
E 4405 2 -6 -20
E 4405 3 -9 -28
E 4405 4 -12 -36
E 4405 5 -14 -44
E 4405 6 -17 -52
T 4406 18 0 6 0
E 4406 0 20 60
E 4406 1 17 52
E 4406 2 14 44
E 4406 3 12 36
E 4406 4 9 28
E 4406 5 6 20
T 4407 11 0 7 1
E 4407 0 -2 -21
E 4407 1 -3 -29
E 4407 2 -4 -37
E 4407 3 -5 -45
E 4407 4 -5 -53
E 4407 5 -6 -61
E 4407 6 -7 -69
T 4408 45 0 4 0
E 4408 3 -6 -18
E 4408 4 -8 -26
E 4408 5 -11 -34
E 4408 6 -14 -42
T 4409 3 0 4 0
E 4409 0 14 42
E 4409 1 11 34
E 4409 2 8 26
E 4409 3 6 18
T 4410 50 0 5 0
E 4410 2 -4 -14
E 4410 3 -7 -22
E 4410 4 -10 -30
E 4410 5 -12 -38
E 4410 6 -15 -46
T 4411 13 0 6 0
E 4411 0 18 55
E 4411 1 15 47
E 4411 2 13 39
E 4411 3 10 31
E 4411 4 7 23
E 4411 5 5 15
T 4412 12 0 7 1
E 4412 0 -1 -16
E 4412 1 -2 -24
E 4412 2 -3 -32
E 4412 3 -4 -40
E 4412 4 -5 -48
E 4412 5 -6 -56
E 4412 6 -7 -64
T 4413 44 0 4 0
E 4413 3 -5 -15
E 4413 4 -7 -23
E 4413 5 -10 -31
E 4413 6 -13 -39
T 4414 3 0 4 0
E 4414 0 14 42
E 4414 1 11 34
E 4414 2 8 26
E 4414 3 6 18
T 4415 50 0 5 0
E 4415 2 -4 -13
E 4415 3 -7 -21
E 4415 4 -9 -29
E 4415 5 -12 -37
E 4415 6 -15 -45
T 4416 15 0 6 0
E 4416 0 19 57
E 4416 1 16 49
E 4416 2 13 41
E 4416 3 11 33
E 4416 4 8 25
E 4416 5 5 17
T 4417 11 0 7 1
E 4417 0 -2 -18
E 4417 1 -2 -23
E 4417 2 -3 -31
E 4417 3 -4 -39
E 4417 4 -5 -47
E 4417 5 -6 -55
E 4417 6 -7 -63
T 4418 38 0 4 0
E 4418 3 -4 -14
E 4418 4 -7 -22
E 4418 5 -10 -30
E 4418 6 -12 -38
T 4419 2 0 4 0
E 4419 0 11 33
E 4419 1 11 33
E 4419 2 8 25
E 4419 3 5 17
T 4420 33 0 4 0
E 4420 3 -5 -16
E 4420 4 -8 -24
E 4420 5 -10 -32
E 4420 6 -13 -40
T 4421 14 0 5 0
E 4421 0 12 38
E 4421 1 14 43
E 4421 2 11 35
E 4421 3 9 27
E 4421 4 6 19
T 4422 41 0 6 0
E 4422 0 -5 -16
E 4422 2 -5 -16
E 4422 3 -8 -24
E 4422 4 -10 -32
E 4422 5 -13 -40
E 4422 6 -16 -48
T 4423 25 0 6 0
E 4423 0 13 39
E 4423 1 14 44
E 4423 2 13 41
E 4423 3 11 33
E 4423 4 8 25
E 4423 5 5 17
T 4424 3 0 7 1
E 4424 0 -2 -21
E 4424 1 -1 -16
E 4424 2 -1 -16
E 4424 3 -2 -24
E 4424 4 -3 -32
E 4424 5 -4 -40
E 4424 6 -5 -48
T 4425 12 0 2 0
E 4425 5 -6 -18
E 4425 6 -8 -26
T 4426 9 0 4 0
E 4426 0 5 15
E 4426 1 6 20
E 4426 2 8 25
E 4426 3 5 17
T 4427 7 0 2 0
E 4427 5 -6 -18
E 4427 6 -8 -26
T 4428 7 0 3 0
E 4428 1 5 16
E 4428 2 7 21
E 4428 3 6 18
T 4429 3 0 2 0
E 4429 5 -4 -14
E 4429 6 -7 -22
T 4430 3 0 1 0
E 4430 3 5 15
T 4431 6 0 1 0
E 4431 3 4 13
T 4432 3 0 2 0
E 4432 0 -4 -13
E 4432 6 -6 -19
T 4433 3 0 0 0
T 4434 9 0 2 0
E 4434 3 4 14
E 4434 4 4 14
T 4435 10 0 0 0
T 4436 10 0 0 0
T 4437 9 0 0 0
T 4438 10 0 1 0
E 4438 4 4 14
T 4439 11 0 1 0
E 4439 0 -5 -16
T 4440 10 0 1 0
E 4440 0 -4 -14
T 4441 10 0 1 0
E 4441 0 -5 -15
T 4442 21 0 3 0
E 4442 4 5 15
E 4442 5 6 20
E 4442 6 5 15
T 4443 9 0 2 0
E 4443 0 -6 -20
E 4443 1 -5 -15
T 4444 18 0 2 0
E 4444 5 5 17
E 4444 6 5 17
T 4445 12 0 1 0
E 4445 0 -5 -17
T 4446 21 0 2 0
E 4446 5 4 14
E 4446 6 6 19
T 4447 8 0 2 0
E 4447 0 -6 -18
E 4447 1 -4 -13
T 4448 21 0 2 0
E 4448 5 5 16
E 4448 6 7 21
T 4449 15 0 2 0
E 4449 0 -5 -16
E 4449 6 4 14
T 4450 9 0 2 0
E 4450 0 -6 -20
E 4450 1 -5 -15
T 4451 15 0 2 0
E 4451 0 -5 -16
E 4451 6 4 14
T 4452 15 0 2 0
E 4452 0 -4 -14
E 4452 6 5 16
T 4453 21 0 2 0
E 4453 5 5 15
E 4453 6 6 20
T 4454 6 0 3 0
E 4454 0 -8 -24
E 4454 1 -6 -19
E 4454 2 -4 -14
T 4455 14 0 2 0
E 4455 0 -4 -13
E 4455 6 5 17
T 4456 21 0 2 0
E 4456 5 5 16
E 4456 6 7 21
T 4457 2 0 4 0
E 4457 0 -9 -28
E 4457 1 -7 -23
E 4457 2 -6 -18
E 4457 3 -4 -13
T 4458 21 0 2 0
E 4458 5 5 16
E 4458 6 7 21
T 4459 9 0 2 0
E 4459 0 -6 -20
E 4459 1 -5 -15
T 4460 15 0 2 0
E 4460 0 -4 -14
E 4460 6 5 16
T 4461 9 0 2 0
E 4461 0 -7 -21
E 4461 1 -5 -16
T 4462 24 0 3 0
E 4462 4 5 16
E 4462 5 7 21
E 4462 6 8 26
T 4463 1 0 4 0
E 4463 0 -10 -30
E 4463 1 -8 -25
E 4463 2 -6 -20
E 4463 3 -5 -15
T 4464 24 0 3 0
E 4464 4 5 17
E 4464 5 7 22
E 4464 6 9 27
T 4465 1 0 4 0
E 4465 0 -10 -31
E 4465 1 -8 -26
E 4465 2 -7 -21
E 4465 3 -5 -16
T 4466 25 0 3 0
E 4466 4 5 17
E 4466 5 7 22
E 4466 6 9 27
T 4467 7 0 3 0
E 4467 0 -8 -26
E 4467 1 -6 -20
E 4467 2 -5 -15
T 4468 23 0 2 0
E 4468 5 5 16
E 4468 6 7 21
T 4469 8 0 3 0
E 4469 0 -9 -27
E 4469 1 -6 -19
E 4469 2 -4 -14
T 4470 32 0 4 0
E 4470 3 5 15
E 4470 4 6 20
E 4470 5 8 25
E 4470 6 10 30
T 4471 2 0 5 0
E 4471 0 -12 -38
E 4471 1 -10 -30
E 4471 2 -8 -24
E 4471 3 -6 -19
E 4471 4 -4 -14
T 4472 38 0 5 0
E 4472 2 4 14
E 4472 3 6 19
E 4472 4 8 24
E 4472 5 9 29
E 4472 6 11 34
T 4473 5 0 4 0
E 4473 0 -11 -34
E 4473 1 -8 -26
E 4473 2 -6 -19
E 4473 3 -4 -14
T 4474 30 0 3 0
E 4474 4 4 14
E 4474 5 6 19
E 4474 6 8 24
T 4475 9 0 3 0
E 4475 0 -9 -29
E 4475 1 -7 -21
E 4475 2 -4 -13
T 4476 36 0 4 0
E 4476 3 5 15
E 4476 4 6 20
E 4476 5 8 25
E 4476 6 10 30
T 4477 5 0 4 0
E 4477 0 -12 -36
E 4477 1 -9 -28
E 4477 2 -6 -20
E 4477 3 -4 -14
T 4478 38 0 4 0
E 4478 3 6 18
E 4478 4 7 23
E 4478 5 9 28
E 4478 6 11 33
T 4479 9 0 3 0
E 4479 0 -11 -34
E 4479 1 -8 -26
E 4479 2 -6 -18
T 4480 33 0 3 0
E 4480 4 5 17
E 4480 5 7 22
E 4480 6 9 27
T 4481 9 0 3 0
E 4481 0 -9 -29
E 4481 1 -7 -21
E 4481 2 -4 -13
T 4482 39 0 4 0
E 4482 3 5 16
E 4482 4 7 22
E 4482 5 9 27
E 4482 6 10 32
T 4483 4 0 4 0
E 4483 0 -13 -39
E 4483 1 -10 -31
E 4483 2 -7 -23
E 4483 3 -5 -15
T 4484 41 0 4 0
E 4484 3 5 17
E 4484 4 8 25
E 4484 5 10 30
E 4484 6 11 35
T 4485 2 0 5 0
E 4485 0 -15 -46
E 4485 1 -12 -38
E 4485 2 -10 -30
E 4485 3 -7 -22
E 4485 4 -4 -14
T 4486 43 0 4 0
E 4486 3 6 19
E 4486 4 9 27
E 4486 5 11 33
E 4486 6 12 38
T 4487 3 0 4 0
E 4487 0 -14 -43
E 4487 1 -11 -35
E 4487 2 -9 -27
E 4487 3 -6 -19
T 4488 50 0 5 0
E 4488 2 5 16
E 4488 3 8 24
E 4488 4 10 32
E 4488 5 13 39
E 4488 6 14 44
T 4489 35 0 7 1
E 4489 0 -6 -58
E 4489 1 -5 -50
E 4489 2 -4 -42
E 4489 3 -3 -34
E 4489 4 -2 -26
E 4489 5 -2 -18
E 4489 6 -1 -13
T 4490 13 0 4 0
E 4490 0 -10 -32
E 4490 1 -8 -24
E 4490 2 -5 -16
E 4490 6 4 13
T 4491 43 0 4 0
E 4491 3 5 15
E 4491 4 7 23
E 4491 5 10 31
E 4491 6 12 37
T 4492 4 0 4 0
E 4492 0 -13 -41
E 4492 1 -11 -33
E 4492 2 -8 -25
E 4492 3 -5 -17
T 4493 49 0 5 0
E 4493 2 4 13
E 4493 3 7 21
E 4493 4 9 29
E 4493 5 12 37
E 4493 6 14 44
T 4494 6 0 5 0
E 4494 0 -17 -51
E 4494 1 -14 -43
E 4494 2 -11 -35
E 4494 3 -9 -27
E 4494 4 -6 -19
T 4495 51 0 5 0
E 4495 2 5 15
E 4495 3 7 23
E 4495 4 10 31
E 4495 5 13 39
E 4495 6 15 47
T 4496 6 0 5 0
E 4496 0 -17 -52
E 4496 1 -14 -44
E 4496 2 -12 -36
E 4496 3 -9 -28
E 4496 4 -6 -20
T 4497 53 0 5 0
E 4497 2 6 18
E 4497 3 8 26
E 4497 4 11 34
E 4497 5 14 42
E 4497 6 16 50
T 4498 14 0 6 0
E 4498 0 -18 -56
E 4498 1 -16 -48
E 4498 2 -13 -40
E 4498 3 -10 -32
E 4498 4 -8 -24
E 4498 5 -5 -16
T 4499 11 0 7 1
E 4499 0 2 18
E 4499 1 2 26
E 4499 2 3 34
E 4499 3 4 42
E 4499 4 5 50
E 4499 5 6 58
E 4499 6 7 66
T 4500 43 0 4 0
E 4500 3 4 14
E 4500 4 7 22
E 4500 5 10 30
E 4500 6 12 38
T 4501 4 0 4 0
E 4501 0 -13 -40
E 4501 1 -10 -32
E 4501 2 -8 -24
E 4501 3 -5 -16
T 4502 44 0 4 0
E 4502 3 5 15
E 4502 4 7 23
E 4502 5 10 31
E 4502 6 13 39
T 4503 3 0 4 0
E 4503 0 -14 -42
E 4503 1 -11 -34
E 4503 2 -8 -26
E 4503 3 -6 -18
T 4504 50 0 5 0
E 4504 2 4 14
E 4504 3 7 22
E 4504 4 10 30
E 4504 5 12 38
E 4504 6 15 46
T 4505 14 0 6 0
E 4505 0 -18 -56
E 4505 1 -16 -48
E 4505 2 -13 -40
E 4505 3 -10 -32
E 4505 4 -8 -24
E 4505 5 -5 -16
T 4506 65 0 6 0
E 4506 1 6 19
E 4506 2 9 27
E 4506 3 11 35
E 4506 4 14 43
E 4506 5 17 51
E 4506 6 19 59
T 4507 18 0 6 0
E 4507 0 -20 -60
E 4507 1 -17 -52
E 4507 2 -14 -44
E 4507 3 -12 -36
E 4507 4 -9 -28
E 4507 5 -6 -20
T 4508 11 0 7 1
E 4508 0 2 21
E 4508 1 3 29
E 4508 2 4 37
E 4508 3 5 45
E 4508 4 5 53
E 4508 5 6 61
E 4508 6 7 69
T 4509 33 0 4 0
E 4509 0 -6 -18
E 4509 4 4 14
E 4509 5 7 22
E 4509 6 10 30
T 4510 4 0 4 0
E 4510 0 -13 -39
E 4510 1 -10 -31
E 4510 2 -7 -23
E 4510 3 -5 -15
T 4511 45 0 4 0
E 4511 3 6 19
E 4511 4 9 27
E 4511 5 11 35
E 4511 6 14 43
T 4512 4 0 5 0
E 4512 0 -16 -48
E 4512 1 -13 -40
E 4512 2 -10 -32
E 4512 3 -8 -24
E 4512 4 -5 -16
T 4513 51 0 5 0
E 4513 2 5 15
E 4513 3 7 23
E 4513 4 10 31
E 4513 5 13 39
E 4513 6 15 47
T 4514 17 0 6 0
E 4514 0 -19 -59
E 4514 1 -17 -51
E 4514 2 -14 -43
E 4514 3 -11 -35
E 4514 4 -9 -27
E 4514 5 -6 -19
T 4515 11 0 7 1
E 4515 0 1 17
E 4515 1 2 25
E 4515 2 3 33
E 4515 3 4 41
E 4515 4 5 49
E 4515 5 6 57
E 4515 6 7 65
T 4516 44 0 4 0
E 4516 3 5 16
E 4516 4 8 24
E 4516 5 10 32
E 4516 6 13 40
T 4517 3 0 4 0
E 4517 0 -14 -44
E 4517 1 -12 -36
E 4517 2 -9 -28
E 4517 3 -6 -20
T 4518 44 0 4 0
E 4518 3 5 15
E 4518 4 7 23
E 4518 5 10 31
E 4518 6 13 39
T 4519 3 0 4 0
E 4519 0 -14 -42
E 4519 1 -11 -34
E 4519 2 -8 -26
E 4519 3 -6 -18
T 4520 50 0 5 0
E 4520 2 4 13
E 4520 3 7 21
E 4520 4 9 29
E 4520 5 12 37
E 4520 6 15 45
T 4521 15 0 6 0
E 4521 0 -19 -57
E 4521 1 -16 -49
E 4521 2 -13 -41
E 4521 3 -11 -33
E 4521 4 -8 -25
E 4521 5 -5 -17
T 4522 11 0 7 1
E 4522 0 2 18
E 4522 1 2 26
E 4522 2 3 34
E 4522 3 4 42
E 4522 4 5 50
E 4522 5 6 58
E 4522 6 7 66
T 4523 44 0 4 0
E 4523 3 5 16
E 4523 4 8 24
E 4523 5 10 32
E 4523 6 13 40
T 4524 2 0 5 0
E 4524 0 -15 -45
E 4524 1 -12 -37
E 4524 2 -9 -29
E 4524 3 -7 -21
E 4524 4 -4 -13
T 4525 60 0 6 0
E 4525 1 4 14
E 4525 2 7 22
E 4525 3 10 30
E 4525 4 12 38
E 4525 5 15 46
E 4525 6 18 54
T 4526 35 0 7 1
E 4526 0 -6 -62
E 4526 1 -6 -54
E 4526 2 -5 -46
E 4526 3 -4 -38
E 4526 4 -3 -30
E 4526 5 -2 -22
E 4526 6 -1 -14
T 4527 13 0 4 0
E 4527 0 -11 -35
E 4527 1 -9 -27
E 4527 2 -6 -19
E 4527 6 4 13
T 4528 34 0 4 0
E 4528 0 -5 -16
E 4528 4 5 16
E 4528 5 8 24
E 4528 6 10 32
T 4529 14 0 4 0
E 4529 0 -11 -33
E 4529 1 -8 -25
E 4529 2 -5 -17
E 4529 6 5 15
T 4530 35 0 4 0
E 4530 0 -4 -14
E 4530 4 6 18
E 4530 5 8 26
E 4530 6 11 34
T 4531 3 0 4 0
E 4531 0 -14 -42
E 4531 1 -11 -34
E 4531 2 -8 -26
E 4531 3 -6 -18
T 4532 45 0 4 0
E 4532 3 6 19
E 4532 4 9 27
E 4532 5 11 35
E 4532 6 14 43
T 4533 6 0 5 0
E 4533 0 -17 -51
E 4533 1 -14 -43
E 4533 2 -11 -35
E 4533 3 -9 -27
E 4533 4 -6 -19
T 4534 53 0 5 0
E 4534 2 6 18
E 4534 3 8 26
E 4534 4 11 34
E 4534 5 14 42
E 4534 6 16 50
T 4535 14 0 6 0
E 4535 0 -18 -56
E 4535 1 -16 -48
E 4535 2 -13 -40
E 4535 3 -10 -32
E 4535 4 -8 -24
E 4535 5 -5 -16
T 4536 61 0 6 0
E 4536 1 5 15
E 4536 2 7 23
E 4536 3 10 31
E 4536 4 13 39
E 4536 5 15 47
E 4536 6 18 55
T 4537 15 0 6 0
E 4537 0 -19 -57
E 4537 1 -16 -49
E 4537 2 -13 -41
E 4537 3 -11 -33
E 4537 4 -8 -25
E 4537 5 -5 -17
T 4538 62 0 6 0
E 4538 1 5 16
E 4538 2 8 24
E 4538 3 10 32
E 4538 4 13 40
E 4538 5 16 48
E 4538 6 18 56
T 4539 17 0 6 0
E 4539 0 -19 -59
E 4539 1 -17 -51
E 4539 2 -14 -43
E 4539 3 -11 -35
E 4539 4 -9 -27
E 4539 5 -6 -19
T 4540 11 0 7 1
E 4540 0 2 19
E 4540 1 3 27
E 4540 2 3 35
E 4540 3 4 43
E 4540 4 5 51
E 4540 5 6 59
E 4540 6 7 67
T 4541 34 0 4 0
E 4541 0 -5 -17
E 4541 4 5 15
E 4541 5 7 23
E 4541 6 10 31
T 4542 4 0 4 0
E 4542 0 -13 -40
E 4542 1 -10 -32
E 4542 2 -8 -24
E 4542 3 -5 -16
T 4543 39 0 3 0
E 4543 4 6 20
E 4543 5 9 28
E 4543 6 12 36
T 4544 5 0 4 0
E 4544 0 -12 -37
E 4544 1 -9 -29
E 4544 2 -7 -21
E 4544 3 -4 -13
T 4545 43 0 4 0
E 4545 3 4 14
E 4545 4 7 22
E 4545 5 10 30
E 4545 6 12 38
T 4546 3 0 4 0
E 4546 0 -14 -43
E 4546 1 -11 -35
E 4546 2 -9 -27
E 4546 3 -6 -19
T 4547 43 0 4 0
E 4547 3 4 14
E 4547 4 7 22
E 4547 5 10 30
E 4547 6 12 38
T 4548 5 0 5 0
E 4548 0 -16 -50
E 4548 1 -14 -42
E 4548 2 -11 -34
E 4548 3 -8 -26
E 4548 4 -6 -18
T 4549 51 0 5 0
E 4549 2 5 15
E 4549 3 7 23
E 4549 4 10 31
E 4549 5 13 39
E 4549 6 15 47
T 4550 2 0 5 0
E 4550 0 -15 -46
E 4550 1 -12 -38
E 4550 2 -10 -30
E 4550 3 -7 -22
E 4550 4 -4 -14
T 4551 45 0 4 0
E 4551 3 6 18
E 4551 4 8 26
E 4551 5 11 34
E 4551 6 14 42
T 4552 3 0 4 0
E 4552 0 -14 -43
E 4552 1 -11 -35
E 4552 2 -9 -27
E 4552 3 -6 -19
T 4553 52 0 5 0
E 4553 2 5 17
E 4553 3 8 25
E 4553 4 11 33
E 4553 5 13 41
E 4553 6 16 49
T 4554 12 0 6 0
E 4554 0 -18 -54
E 4554 1 -15 -46
E 4554 2 -12 -38
E 4554 3 -10 -30
E 4554 4 -7 -22
E 4554 5 -4 -14
T 4555 61 0 6 0
E 4555 1 5 15
E 4555 2 7 23
E 4555 3 10 31
E 4555 4 13 39
E 4555 5 15 47
E 4555 6 18 55
T 4556 37 0 7 1
E 4556 0 -7 -65
E 4556 1 -6 -57
E 4556 2 -5 -49
E 4556 3 -4 -41
E 4556 4 -3 -33
E 4556 5 -2 -25
E 4556 6 -1 -17
T 4557 5 0 4 0
E 4557 0 -12 -37
E 4557 1 -9 -29
E 4557 2 -7 -21
E 4557 3 -4 -13
T 4558 50 0 5 0
E 4558 2 4 14
E 4558 3 7 22
E 4558 4 10 30
E 4558 5 12 38
E 4558 6 15 46
T 4559 6 0 5 0
E 4559 0 -17 -52
E 4559 1 -14 -44
E 4559 2 -12 -36
E 4559 3 -9 -28
E 4559 4 -6 -20
T 4560 28 0 7 1
E 4560 0 5 53
E 4560 1 1 13
E 4560 2 2 21
E 4560 3 3 29
E 4560 4 4 37
E 4560 5 5 45
E 4560 6 5 53
T 4561 11 0 4 0
E 4561 0 8 26
E 4561 1 -5 -17
E 4561 5 5 15
E 4561 6 7 23
T 4562 41 0 4 0
E 4562 1 -12 -38
E 4562 2 -10 -30
E 4562 3 -7 -22
E 4562 4 -4 -14
T 4563 6 0 4 0
E 4563 0 12 38
E 4563 4 4 13
E 4563 5 7 21
E 4563 6 9 29
T 4564 50 0 4 0
E 4564 1 -14 -44
E 4564 2 -12 -36
E 4564 3 -9 -28
E 4564 4 -6 -20
T 4565 14 0 6 0
E 4565 0 18 56
E 4565 1 16 48
E 4565 3 5 16
E 4565 4 8 24
E 4565 5 10 32
E 4565 6 13 40
T 4566 71 0 6 0
E 4566 1 -6 -20
E 4566 2 -21 -63
E 4566 3 -18 -55
E 4566 4 -15 -47
E 4566 5 -13 -39
E 4566 6 -10 -31
T 4567 40 0 7 1
E 4567 0 7 68
E 4567 1 6 60
E 4567 2 1 14
E 4567 3 2 22
E 4567 4 3 30
E 4567 5 4 38
E 4567 6 5 46
T 4568 26 0 4 0
E 4568 0 12 36
E 4568 1 9 28
E 4568 2 -7 -21
E 4568 3 -4 -13
T 4569 36 0 5 0
E 4569 0 9 29
E 4569 1 7 21
E 4569 2 -10 -32
E 4569 3 -8 -24
E 4569 4 -5 -16
T 4570 13 0 4 0
E 4570 0 14 43
E 4570 1 11 35
E 4570 2 9 27
E 4570 3 -4 -13
T 4571 53 0 5 0
E 4571 0 4 13
E 4571 3 -15 -46
E 4571 4 -12 -38
E 4571 5 -10 -30
E 4571 6 -7 -22
T 4572 4 0 4 0
E 4572 0 18 54
E 4572 1 15 46
E 4572 2 12 38
E 4572 6 5 16
T 4573 75 0 5 0
E 4573 2 -5 -17
E 4573 3 -22 -66
E 4573 4 -19 -58
E 4573 5 -16 -50
E 4573 6 -14 -42
T 4574 6 0 5 0
E 4574 0 24 73
E 4574 1 21 65
E 4574 2 19 57
E 4574 5 6 20
E 4574 6 9 28
T 4575 69 0 5 0
E 4575 2 -6 -18
E 4575 3 -8 -26
E 4575 4 -22 -66
E 4575 5 -19 -58
E 4575 6 -16 -50
T 4576 12 0 5 0
E 4576 0 23 70
E 4576 1 20 62
E 4576 2 18 54
E 4576 3 15 46
E 4576 6 6 19
T 4577 19 0 7 1
E 4577 0 -1 -15
E 4577 1 -2 -23
E 4577 2 -3 -31
E 4577 3 -4 -39
E 4577 4 -9 -85
E 4577 5 -8 -77
E 4577 6 -7 -69
T 4578 59 0 4 0
E 4578 0 5 16
E 4578 4 -19 -57
E 4578 5 -16 -49
E 4578 6 -13 -41
T 4579 2 0 5 0
E 4579 0 20 60
E 4579 1 17 52
E 4579 2 14 44
E 4579 3 12 36
E 4579 4 -5 -17
T 4580 66 0 5 0
E 4580 2 -4 -13
E 4580 3 -7 -21
E 4580 4 -9 -29
E 4580 5 -23 -69
E 4580 6 -20 -61
T 4581 17 0 5 0
E 4581 0 22 68
E 4581 1 20 60
E 4581 2 17 52
E 4581 3 14 44
E 4581 4 12 36
T 4582 19 0 7 1
E 4582 0 -2 -21
E 4582 1 -3 -29
E 4582 2 -4 -37
E 4582 3 -5 -45
E 4582 4 -5 -53
E 4582 5 -11 -99
E 4582 6 -10 -91
T 4583 47 0 4 0
E 4583 0 7 21
E 4583 1 4 13
E 4583 5 -20 -60
E 4583 6 -17 -52
T 4584 39 0 7 1
E 4584 0 5 53
E 4584 1 5 45
E 4584 2 4 37
E 4584 3 3 29
E 4584 4 2 21
E 4584 5 -3 -32
E 4584 6 -2 -24
T 4585 9 0 6 0
E 4585 0 15 45
E 4585 1 12 37
E 4585 2 9 29
E 4585 3 7 21
E 4585 4 4 13
E 4585 6 -11 -35
T 4586 56 0 4 0
E 4586 3 -5 -17
E 4586 4 -8 -25
E 4586 5 -11 -33
E 4586 6 -25 -76
T 4587 39 0 7 1
E 4587 0 7 64
E 4587 1 6 56
E 4587 2 5 48
E 4587 3 4 40
E 4587 4 3 32
E 4587 5 2 24
E 4587 6 -2 -22
T 4588 26 0 4 0
E 4588 0 12 36
E 4588 1 9 28
E 4588 2 6 20
E 4588 6 -17 -53
T 4589 39 0 4 0
E 4589 0 8 25
E 4589 1 5 17
E 4589 5 -5 -15
E 4589 6 -22 -68
T 4590 5 0 4 0
E 4590 0 12 37
E 4590 1 9 29
E 4590 2 7 21
E 4590 3 4 13
T 4591 45 0 4 0
E 4591 3 -6 -20
E 4591 4 -9 -28
E 4591 5 -12 -36
E 4591 6 -14 -44
T 4592 3 0 4 0
E 4592 0 14 42
E 4592 1 11 34
E 4592 2 8 26
E 4592 3 6 18
T 4593 52 0 5 0
E 4593 2 -5 -17
E 4593 3 -8 -25
E 4593 4 -11 -33
E 4593 5 -13 -41
E 4593 6 -16 -49
T 4594 15 0 6 0
E 4594 0 19 57
E 4594 1 16 49
E 4594 2 13 41
E 4594 3 11 33
E 4594 4 8 25
E 4594 5 5 17
T 4595 12 0 7 1
E 4595 0 -1 -16
E 4595 1 -2 -24
E 4595 2 -3 -32
E 4595 3 -4 -40
E 4595 4 -5 -48
E 4595 5 -6 -56
E 4595 6 -7 -64
T 4596 43 0 4 0
E 4596 3 -4 -14
E 4596 4 -7 -22
E 4596 5 -10 -30
E 4596 6 -12 -38
T 4597 3 0 4 0
E 4597 0 14 42
E 4597 1 11 34
E 4597 2 8 26
E 4597 3 6 18
T 4598 44 0 4 0
E 4598 3 -5 -15
E 4598 4 -7 -23
E 4598 5 -10 -31
E 4598 6 -13 -39
T 4599 3 0 4 0
E 4599 0 14 42
E 4599 1 11 34
E 4599 2 8 26
E 4599 3 6 18
T 4600 44 0 4 0
E 4600 3 -5 -17
E 4600 4 -8 -25
E 4600 5 -11 -33
E 4600 6 -13 -41
T 4601 4 0 4 0
E 4601 0 13 39
E 4601 1 10 31
E 4601 2 7 23
E 4601 3 5 15
T 4602 51 0 5 0
E 4602 2 -5 -15
E 4602 3 -7 -23
E 4602 4 -10 -31
E 4602 5 -13 -39
E 4602 6 -15 -47
T 4603 16 0 6 0
E 4603 0 19 58
E 4603 1 16 50
E 4603 2 14 42
E 4603 3 11 34
E 4603 4 8 26
E 4603 5 6 18
T 4604 11 0 7 1
E 4604 0 -2 -18
E 4604 1 -2 -26
E 4604 2 -3 -34
E 4604 3 -4 -42
E 4604 4 -5 -50
E 4604 5 -6 -58
E 4604 6 -7 -66
T 4605 33 0 4 0
E 4605 0 6 18
E 4605 4 -4 -14
E 4605 5 -7 -22
E 4605 6 -10 -30
T 4606 14 0 4 0
E 4606 0 11 33
E 4606 1 8 25
E 4606 2 5 17
E 4606 6 -5 -15
T 4607 35 0 4 0
E 4607 0 4 14
E 4607 4 -6 -18
E 4607 5 -8 -26
E 4607 6 -11 -34
T 4608 3 0 4 0
E 4608 0 14 42
E 4608 1 11 34
E 4608 2 8 26
E 4608 3 6 18
T 4609 44 0 4 0
E 4609 3 -5 -15
E 4609 4 -7 -23
E 4609 5 -10 -31
E 4609 6 -13 -39
T 4610 3 0 4 0
E 4610 0 14 43
E 4610 1 11 35
E 4610 2 9 27
E 4610 3 6 19
T 4611 50 0 5 0
E 4611 2 -4 -14
E 4611 3 -7 -22
E 4611 4 -10 -30
E 4611 5 -12 -38
E 4611 6 -15 -46
T 4612 4 0 5 0
E 4612 0 16 49
E 4612 1 13 41
E 4612 2 11 33
E 4612 3 8 25
E 4612 4 5 17
T 4613 54 0 5 0
E 4613 2 -6 -20
E 4613 3 -9 -28
E 4613 4 -12 -36
E 4613 5 -14 -44
E 4613 6 -17 -52
T 4614 16 0 6 0
E 4614 0 19 58
E 4614 1 16 50
E 4614 2 14 42
E 4614 3 11 34
E 4614 4 8 26
E 4614 5 6 18
T 4615 11 0 7 1
E 4615 0 -2 -19
E 4615 1 -3 -27
E 4615 2 -3 -35
E 4615 3 -4 -43
E 4615 4 -5 -51
E 4615 5 -6 -59
E 4615 6 -7 -67
T 4616 44 0 4 0
E 4616 3 -5 -15
E 4616 4 -7 -23
E 4616 5 -10 -31
E 4616 6 -13 -39
T 4617 5 0 5 0
E 4617 0 16 50
E 4617 1 14 42
E 4617 2 11 34
E 4617 3 8 26
E 4617 4 6 18
T 4618 51 0 5 0
E 4618 2 -5 -15
E 4618 3 -7 -23
E 4618 4 -10 -31
E 4618 5 -13 -39
E 4618 6 -15 -47
T 4619 15 0 6 0
E 4619 0 19 57
E 4619 1 16 49
E 4619 2 13 41
E 4619 3 11 33
E 4619 4 8 25
E 4619 5 5 17
T 4620 63 0 6 0
E 4620 1 -5 -17
E 4620 2 -8 -25
E 4620 3 -11 -33
E 4620 4 -13 -41
E 4620 5 -16 -49
E 4620 6 -19 -57
T 4621 35 0 7 1
E 4621 0 6 61
E 4621 1 5 53
E 4621 2 5 45
E 4621 3 4 37
E 4621 4 3 29
E 4621 5 2 21
E 4621 6 1 13
T 4622 5 0 4 0
E 4622 0 12 37
E 4622 1 9 29
E 4622 2 7 21
E 4622 3 4 13
T 4623 44 0 4 0
E 4623 3 -5 -17
E 4623 4 -8 -25
E 4623 5 -11 -33
E 4623 6 -13 -41
T 4624 4 0 5 0
E 4624 0 16 49
E 4624 1 13 41
E 4624 2 11 33
E 4624 3 8 25
E 4624 4 5 17
T 4625 52 0 5 0
E 4625 2 -5 -17
E 4625 3 -8 -25
E 4625 4 -11 -33
E 4625 5 -13 -41
E 4625 6 -16 -49
T 4626 15 0 6 0
E 4626 0 19 57
E 4626 1 16 49
E 4626 2 13 41
E 4626 3 11 33
E 4626 4 8 25
E 4626 5 5 17
T 4627 11 0 7 1
E 4627 0 -2 -18
E 4627 1 -2 -26
E 4627 2 -3 -34
E 4627 3 -4 -42
E 4627 4 -5 -50
E 4627 5 -6 -58
E 4627 6 -7 -66
T 4628 43 0 4 0
E 4628 3 -4 -14
E 4628 4 -7 -22
E 4628 5 -10 -30
E 4628 6 -12 -38
T 4629 3 0 4 0
E 4629 0 14 44
E 4629 1 12 36
E 4629 2 9 28
E 4629 3 6 20
T 4630 52 0 5 0
E 4630 2 -5 -16
E 4630 3 -8 -24
E 4630 4 -10 -32
E 4630 5 -13 -40
E 4630 6 -16 -48
T 4631 12 0 6 0
E 4631 0 18 54
E 4631 1 15 46
E 4631 2 12 38
E 4631 3 10 30
E 4631 4 7 22
E 4631 5 4 14
T 4632 64 0 6 0
E 4632 1 -6 -18
E 4632 2 -8 -26
E 4632 3 -11 -34
E 4632 4 -14 -42
E 4632 5 -16 -50
E 4632 6 -19 -58
T 4633 17 0 6 0
E 4633 0 19 59
E 4633 1 17 51
E 4633 2 14 43
E 4633 3 11 35
E 4633 4 9 27
E 4633 5 6 19
T 4634 63 0 6 0
E 4634 1 -5 -17
E 4634 2 -8 -25
E 4634 3 -11 -33
E 4634 4 -13 -41
E 4634 5 -16 -49
E 4634 6 -19 -57
T 4635 37 0 7 1
E 4635 0 7 65
E 4635 1 6 57
E 4635 2 5 49
E 4635 3 4 41
E 4635 4 3 33
E 4635 5 2 25
E 4635 6 1 17
T 4636 13 0 4 0
E 4636 0 11 34
E 4636 1 8 26
E 4636 2 6 18
E 4636 6 -4 -14
T 4637 33 0 4 0
E 4637 0 6 18
E 4637 4 -4 -14
E 4637 5 -7 -22
E 4637 6 -10 -30
T 4638 19 0 3 0
E 4638 0 9 28
E 4638 1 6 20
E 4638 6 -6 -20
T 4639 23 0 4 0
E 4639 0 9 27
E 4639 1 6 19
E 4639 5 -4 -13
E 4639 6 -7 -21
T 4640 33 0 4 0
E 4640 0 6 19
E 4640 4 -4 -13
E 4640 5 -7 -21
E 4640 6 -9 -29
T 4641 14 0 4 0
E 4641 0 11 33
E 4641 1 8 25
E 4641 2 5 17
E 4641 6 -5 -15
T 4642 34 0 4 0
E 4642 0 5 15
E 4642 4 -5 -17
E 4642 5 -8 -25
E 4642 6 -11 -33
T 4643 5 0 4 0
E 4643 0 12 38
E 4643 1 10 30
E 4643 2 7 22
E 4643 3 4 14
T 4644 39 0 3 0
E 4644 4 -6 -20
E 4644 5 -9 -28
E 4644 6 -12 -36
T 4645 3 0 4 0
E 4645 0 14 44
E 4645 1 12 36
E 4645 2 9 28
E 4645 3 6 20
T 4646 44 0 4 0
E 4646 3 -5 -15
E 4646 4 -7 -23
E 4646 5 -10 -31
E 4646 6 -13 -39
T 4647 6 0 5 0
E 4647 0 17 52
E 4647 1 14 44
E 4647 2 12 36
E 4647 3 9 28
E 4647 4 6 20
T 4648 52 0 5 0
E 4648 2 -5 -17
E 4648 3 -8 -25
E 4648 4 -11 -33
E 4648 5 -13 -41
E 4648 6 -16 -49
T 4649 16 0 6 0
E 4649 0 19 58
E 4649 1 16 50
E 4649 2 14 42
E 4649 3 11 34
E 4649 4 8 26
E 4649 5 6 18
T 4650 63 0 6 0
E 4650 1 -5 -17
E 4650 2 -8 -25
E 4650 3 -11 -33
E 4650 4 -13 -41
E 4650 5 -16 -49
E 4650 6 -19 -57
T 4651 16 0 6 0
E 4651 0 19 58
E 4651 1 16 50
E 4651 2 14 42
E 4651 3 11 34
E 4651 4 8 26
E 4651 5 6 18
T 4652 11 0 7 1
E 4652 0 -1 -17
E 4652 1 -2 -25
E 4652 2 -3 -33
E 4652 3 -4 -41
E 4652 4 -5 -49
E 4652 5 -6 -57
E 4652 6 -7 -65
T 4653 35 0 4 0
E 4653 0 4 14
E 4653 4 -6 -18
E 4653 5 -8 -26
E 4653 6 -11 -34
T 4654 14 0 4 0
E 4654 0 11 33
E 4654 1 8 25
E 4654 2 5 17
E 4654 6 -5 -15
T 4655 34 0 4 0
E 4655 0 5 17
E 4655 4 -5 -15
E 4655 5 -7 -23
E 4655 6 -10 -31
T 4656 5 0 4 0
E 4656 0 12 38
E 4656 1 10 30
E 4656 2 7 22
E 4656 3 4 14
T 4657 41 0 4 0
E 4657 3 -5 -17
E 4657 4 -8 -25
E 4657 5 -11 -33
E 4657 6 -13 -41
T 4658 7 0 5 0
E 4658 0 14 42
E 4658 1 13 39
E 4658 2 10 31
E 4658 3 7 23
E 4658 4 5 15
T 4659 42 0 5 0
E 4659 2 -4 -14
E 4659 3 -7 -22
E 4659 4 -10 -30
E 4659 5 -12 -38
E 4659 6 -15 -46
T 4660 11 0 5 0
E 4660 0 12 37
E 4660 1 13 40
E 4660 2 10 32
E 4660 3 8 24
E 4660 4 5 16
T 4661 43 0 6 0
E 4661 0 -4 -13
E 4661 2 -5 -16
E 4661 3 -8 -24
E 4661 4 -10 -32
E 4661 5 -13 -40
E 4661 6 -16 -48
T 4662 24 0 6 0
E 4662 0 13 41
E 4662 1 15 46
E 4662 2 13 41
E 4662 3 11 33
E 4662 4 8 25
E 4662 5 5 17
T 4663 1 0 7 1
E 4663 0 -2 -20
E 4663 1 -1 -15
E 4663 2 -2 -18
E 4663 3 -2 -26
E 4663 4 -3 -34
E 4663 5 -4 -42
E 4663 6 -5 -50
T 4664 18 0 3 0
E 4664 4 -4 -13
E 4664 5 -7 -21
E 4664 6 -9 -29
T 4665 4 0 3 0
E 4665 1 5 16
E 4665 2 6 19
E 4665 6 -4 -13
T 4666 12 0 2 0
E 4666 5 -4 -13
E 4666 6 -7 -21
T 4667 15 0 5 0
E 4667 0 5 17
E 4667 1 7 22
E 4667 2 9 27
E 4667 3 7 22
E 4667 4 4 14
T 4668 12 0 4 0
E 4668 0 -4 -13
E 4668 4 -4 -14
E 4668 5 -7 -22
E 4668 6 -10 -30
T 4669 11 0 4 0
E 4669 1 5 17
E 4669 2 7 22
E 4669 3 7 22
E 4669 4 4 14
T 4670 0 0 2 0
E 4670 5 -4 -14
E 4670 6 -7 -22
T 4671 0 0 1 0
E 4671 6 -4 -13
T 4672 3 0 0 0
T 4673 6 0 0 0
T 4674 8 0 0 0
T 4675 9 0 1 0
E 4675 0 -4 -13
T 4676 10 0 0 0
T 4677 11 0 1 0
E 4677 0 -5 -16
T 4678 10 0 1 0
E 4678 4 4 14
T 4679 12 0 1 0
E 4679 0 -5 -17
T 4680 11 0 1 0
E 4680 0 -5 -16
T 4681 14 0 1 0
E 4681 5 5 16
T 4682 9 0 2 0
E 4682 0 -7 -21
E 4682 1 -5 -16
T 4683 10 0 1 0
E 4683 0 -5 -15
T 4684 19 0 2 0
E 4684 5 5 16
E 4684 6 5 16
T 4685 11 0 1 0
E 4685 0 -5 -16
T 4686 24 0 3 0
E 4686 4 4 14
E 4686 5 6 19
E 4686 6 8 24
T 4687 6 0 3 0
E 4687 0 -9 -27
E 4687 1 -7 -22
E 4687 2 -5 -17
T 4688 28 0 4 0
E 4688 3 4 14
E 4688 4 6 19
E 4688 5 8 24
E 4688 6 9 29
T 4689 6 0 3 0
E 4689 0 -7 -23
E 4689 1 -6 -18
E 4689 2 -4 -13
T 4690 21 0 2 0
E 4690 5 4 14
E 4690 6 6 19
T 4691 2 0 4 0
E 4691 0 -9 -28
E 4691 1 -7 -23
E 4691 2 -6 -18
E 4691 3 -4 -13
T 4692 29 0 4 0
E 4692 3 5 15
E 4692 4 6 20
E 4692 5 8 25
E 4692 6 10 30
T 4693 6 0 5 0
E 4693 0 -12 -36
E 4693 1 -10 -31
E 4693 2 -8 -26
E 4693 3 -7 -21
E 4693 4 -5 -16
T 4694 29 0 4 0
E 4694 3 5 17
E 4694 4 7 22
E 4694 5 9 27
E 4694 6 10 32
T 4695 2 0 4 0
E 4695 0 -9 -28
E 4695 1 -7 -23
E 4695 2 -6 -18
E 4695 3 -4 -13
T 4696 29 0 4 0
E 4696 3 5 16
E 4696 4 7 21
E 4696 5 8 26
E 4696 6 10 31
T 4697 6 0 3 0
E 4697 0 -9 -27
E 4697 1 -7 -22
E 4697 2 -5 -17
T 4698 24 0 3 0
E 4698 4 5 16
E 4698 5 7 21
E 4698 6 8 26
T 4699 9 0 2 0
E 4699 0 -6 -20
E 4699 1 -5 -15
T 4700 21 0 2 0
E 4700 5 5 15
E 4700 6 6 20
T 4701 9 0 2 0
E 4701 0 -7 -21
E 4701 1 -5 -16
T 4702 21 0 2 0
E 4702 5 5 16
E 4702 6 7 21
T 4703 10 0 2 0
E 4703 0 -7 -22
E 4703 1 -5 -17
T 4704 24 0 3 0
E 4704 4 5 15
E 4704 5 6 20
E 4704 6 8 25
T 4705 2 0 4 0
E 4705 0 -9 -29
E 4705 1 -8 -24
E 4705 2 -6 -19
E 4705 3 -4 -14
T 4706 35 0 5 0
E 4706 2 4 13
E 4706 3 6 18
E 4706 4 7 23
E 4706 5 9 28
E 4706 6 11 33
T 4707 14 0 6 0
E 4707 0 -14 -42
E 4707 1 -12 -36
E 4707 2 -10 -31
E 4707 3 -8 -26
E 4707 4 -7 -21
E 4707 5 -5 -16
T 4708 43 0 6 0
E 4708 1 4 13
E 4708 2 6 18
E 4708 3 7 23
E 4708 4 9 28
E 4708 5 11 33
E 4708 6 12 38
T 4709 28 0 7 1
E 4709 0 -5 -51
E 4709 1 -4 -43
E 4709 2 -4 -38
E 4709 3 -3 -33
E 4709 4 -3 -28
E 4709 5 -2 -23
E 4709 6 -2 -18
T 4710 11 0 2 0
E 4710 0 -7 -23
E 4710 1 -5 -15
T 4711 20 0 3 0
E 4711 0 -5 -15
E 4711 5 4 14
E 4711 6 6 19
T 4712 12 0 2 0
E 4712 0 -8 -26
E 4712 1 -6 -18
T 4713 29 0 3 0
E 4713 4 4 14
E 4713 5 6 19
E 4713 6 8 24
T 4714 9 0 3 0
E 4714 0 -11 -33
E 4714 1 -8 -25
E 4714 2 -5 -17
T 4715 22 0 3 0
E 4715 0 -5 -16
E 4715 5 5 15
E 4715 6 6 20
T 4716 12 0 2 0
E 4716 0 -9 -27
E 4716 1 -6 -19
T 4717 35 0 4 0
E 4717 3 4 13
E 4717 4 6 18
E 4717 5 7 23
E 4717 6 9 28
T 4718 9 0 3 0
E 4718 0 -10 -32
E 4718 1 -8 -24
E 4718 2 -5 -16
T 4719 38 0 4 0
E 4719 3 5 17
E 4719 4 7 22
E 4719 5 9 27
E 4719 6 10 32
T 4720 9 0 3 0
E 4720 0 -11 -34
E 4720 1 -8 -26
E 4720 2 -6 -18
T 4721 30 0 4 0
E 4721 0 -4 -14
E 4721 4 5 16
E 4721 5 7 21
E 4721 6 8 26
T 4722 16 0 3 0
E 4722 0 -8 -26
E 4722 1 -6 -18
E 4722 6 4 14
T 4723 30 0 4 0
E 4723 0 -5 -15
E 4723 4 5 16
E 4723 5 7 21
E 4723 6 8 26
T 4724 13 0 4 0
E 4724 0 -9 -29
E 4724 1 -7 -21
E 4724 2 -4 -13
E 4724 6 4 13
T 4725 26 0 3 0
E 4725 0 -6 -20
E 4725 5 5 17
E 4725 6 7 22
T 4726 17 0 3 0
E 4726 0 -8 -26
E 4726 1 -6 -18
E 4726 6 5 17
T 4727 23 0 4 0
E 4727 0 -7 -22
E 4727 1 -4 -14
E 4727 5 5 16
E 4727 6 7 21
T 4728 14 0 4 0
E 4728 0 -9 -29
E 4728 1 -7 -21
E 4728 2 -4 -13
E 4728 6 5 15
T 4729 24 0 4 0
E 4729 0 -7 -22
E 4729 1 -4 -14
E 4729 5 6 18
E 4729 6 7 23
T 4730 22 0 4 0
E 4730 0 -9 -27
E 4730 1 -6 -19
E 4730 5 4 13
E 4730 6 6 18
T 4731 19 0 3 0
E 4731 0 -9 -28
E 4731 1 -6 -20
E 4731 6 6 18
T 4732 23 1 4 0
E 4732 0 -7 -23
E 4732 1 -5 -15
E 4732 5 5 17
E 4732 6 7 23
T 4733 24 0 4 0
E 4733 0 -7 -23
E 4733 1 -5 -15
E 4733 5 5 17
E 4733 6 8 24
T 4734 23 0 4 0
E 4734 0 -9 -27
E 4734 1 -6 -19
E 4734 5 4 13
E 4734 6 7 21
T 4735 23 0 4 0
E 4735 0 -9 -27
E 4735 1 -6 -19
E 4735 5 4 13
E 4735 6 7 21
T 4736 25 0 4 0
E 4736 0 -7 -22
E 4736 1 -4 -14
E 4736 5 6 18
E 4736 6 8 26
T 4737 14 0 4 0
E 4737 0 -10 -31
E 4737 1 -7 -23
E 4737 2 -5 -15
E 4737 6 5 17
T 4738 25 0 4 0
E 4738 0 -7 -21
E 4738 1 -4 -13
E 4738 5 6 19
E 4738 6 9 27
T 4739 23 0 4 0
E 4739 0 -8 -26
E 4739 1 -6 -18
E 4739 5 4 14
E 4739 6 7 22
T 4740 29 0 3 0
E 4740 0 -6 -20
E 4740 5 6 20
E 4740 6 9 28
T 4741 15 0 4 0
E 4741 0 -10 -30
E 4741 1 -7 -22
E 4741 2 -4 -14
E 4741 6 6 18
T 4742 33 0 4 0
E 4742 0 -6 -19
E 4742 4 4 13
E 4742 5 7 21
E 4742 6 9 29
T 4743 14 0 4 0
E 4743 0 -10 -31
E 4743 1 -7 -23
E 4743 2 -5 -15
E 4743 6 5 17
T 4744 33 0 4 0
E 4744 0 -6 -19
E 4744 4 4 13
E 4744 5 7 21
E 4744 6 9 29
T 4745 14 0 4 0
E 4745 0 -10 -32
E 4745 1 -8 -24
E 4745 2 -5 -16
E 4745 6 5 16
T 4746 34 0 4 0
E 4746 0 -5 -17
E 4746 4 5 15
E 4746 5 7 23
E 4746 6 10 31
T 4747 14 0 4 0
E 4747 0 -11 -33
E 4747 1 -8 -25
E 4747 2 -5 -17
E 4747 6 5 15
T 4748 43 0 4 0
E 4748 3 4 14
E 4748 4 7 22
E 4748 5 10 30
E 4748 6 12 38
T 4749 4 0 4 0
E 4749 0 -13 -39
E 4749 1 -10 -31
E 4749 2 -7 -23
E 4749 3 -5 -15
T 4750 52 0 5 0
E 4750 2 5 17
E 4750 3 8 25
E 4750 4 11 33
E 4750 5 13 41
E 4750 6 16 49
T 4751 12 0 6 0
E 4751 0 -18 -54
E 4751 1 -15 -46
E 4751 2 -12 -38
E 4751 3 -10 -30
E 4751 4 -7 -22
E 4751 5 -4 -14
T 4752 62 0 6 0
E 4752 1 5 16
E 4752 2 8 24
E 4752 3 10 32
E 4752 4 13 40
E 4752 5 16 48
E 4752 6 18 56
T 4753 37 0 7 1
E 4753 0 -7 -69
E 4753 1 -6 -61
E 4753 2 -5 -53
E 4753 3 -5 -45
E 4753 4 -4 -37
E 4753 5 -3 -29
E 4753 6 -2 -21
T 4754 3 0 4 0
E 4754 0 -14 -42
E 4754 1 -11 -34
E 4754 2 -8 -26
E 4754 3 -6 -18
T 4755 52 0 5 0
E 4755 2 5 17
E 4755 3 8 25
E 4755 4 11 33
E 4755 5 13 41
E 4755 6 16 49
T 4756 4 0 5 0
E 4756 0 -16 -49
E 4756 1 -13 -41
E 4756 2 -11 -33
E 4756 3 -8 -25
E 4756 4 -5 -17
T 4757 54 0 5 0
E 4757 2 6 19
E 4757 3 9 27
E 4757 4 11 35
E 4757 5 14 43
E 4757 6 17 51
T 4758 35 0 7 1
E 4758 0 -6 -62
E 4758 1 -6 -54
E 4758 2 -5 -46
E 4758 3 -4 -38
E 4758 4 -3 -30
E 4758 5 -2 -22
E 4758 6 -1 -14
T 4759 9 0 3 0
E 4759 0 -12 -36
E 4759 1 -9 -28
E 4759 2 -6 -20
T 4760 35 0 4 0
E 4760 0 -4 -14
E 4760 4 6 18
E 4760 5 8 26
E 4760 6 11 34
T 4761 4 0 4 0
E 4761 0 -13 -40
E 4761 1 -10 -32
E 4761 2 -8 -24
E 4761 3 -5 -16
T 4762 50 0 5 0
E 4762 2 4 13
E 4762 3 7 21
E 4762 4 9 29
E 4762 5 12 37
E 4762 6 15 45
T 4763 6 0 5 0
E 4763 0 -17 -52
E 4763 1 -14 -44
E 4763 2 -12 -36
E 4763 3 -9 -28
E 4763 4 -6 -20
T 4764 51 0 5 0
E 4764 2 5 15
E 4764 3 7 23
E 4764 4 10 31
E 4764 5 13 39
E 4764 6 15 47
T 4765 6 0 5 0
E 4765 0 -17 -51
E 4765 1 -14 -43
E 4765 2 -11 -35
E 4765 3 -9 -27
E 4765 4 -6 -19
T 4766 62 0 6 0
E 4766 1 5 16
E 4766 2 8 24
E 4766 3 10 32
E 4766 4 13 40
E 4766 5 16 48
E 4766 6 18 56
T 4767 35 0 7 1
E 4767 0 -7 -63
E 4767 1 -6 -55
E 4767 2 -5 -47
E 4767 3 -4 -39
E 4767 4 -3 -31
E 4767 5 -2 -23
E 4767 6 -1 -15
T 4768 13 0 4 0
E 4768 0 -11 -35
E 4768 1 -9 -27
E 4768 2 -6 -19
E 4768 6 4 13
T 4769 34 0 4 0
E 4769 0 -5 -15
E 4769 4 5 17
E 4769 5 8 25
E 4769 6 11 33
T 4770 13 0 4 0
E 4770 0 -11 -34
E 4770 1 -8 -26
E 4770 2 -6 -18
E 4770 6 4 14
T 4771 35 0 4 0
E 4771 0 -4 -13
E 4771 4 6 19
E 4771 5 9 27
E 4771 6 11 35
T 4772 9 0 3 0
E 4772 0 -12 -36
E 4772 1 -9 -28
E 4772 2 -6 -20
T 4773 34 0 4 0
E 4773 0 -5 -16
E 4773 4 5 16
E 4773 5 8 24
E 4773 6 10 32
T 4774 4 0 4 0
E 4774 0 -13 -39
E 4774 1 -10 -31
E 4774 2 -7 -23
E 4774 3 -5 -15
T 4775 50 0 5 0
E 4775 2 4 13
E 4775 3 7 21
E 4775 4 9 29
E 4775 5 12 37
E 4775 6 15 45
T 4776 4 0 5 0
E 4776 0 -16 -49
E 4776 1 -13 -41
E 4776 2 -11 -33
E 4776 3 -8 -25
E 4776 4 -5 -17
T 4777 53 0 5 0
E 4777 2 6 18
E 4777 3 8 26
E 4777 4 11 34
E 4777 5 14 42
E 4777 6 16 50
T 4778 16 0 6 0
E 4778 0 -19 -58
E 4778 1 -16 -50
E 4778 2 -14 -42
E 4778 3 -11 -34
E 4778 4 -8 -26
E 4778 5 -6 -18
T 4779 11 0 7 1
E 4779 0 2 18
E 4779 1 2 26
E 4779 2 3 34
E 4779 3 4 42
E 4779 4 5 50
E 4779 5 6 58
E 4779 6 7 66
T 4780 34 0 4 0
E 4780 0 -5 -15
E 4780 4 5 17
E 4780 5 8 25
E 4780 6 11 33
T 4781 4 0 4 0
E 4781 0 -13 -41
E 4781 1 -11 -33
E 4781 2 -8 -25
E 4781 3 -5 -17
T 4782 45 0 4 0
E 4782 3 6 18
E 4782 4 8 26
E 4782 5 11 34
E 4782 6 14 42
T 4783 11 0 6 0
E 4783 0 -17 -53
E 4783 1 -15 -45
E 4783 2 -12 -37
E 4783 3 -9 -29
E 4783 4 -7 -21
E 4783 5 -4 -13
T 4784 13 0 7 1
E 4784 0 1 13
E 4784 1 2 21
E 4784 2 3 29
E 4784 3 4 37
E 4784 4 5 45
E 4784 5 5 53
E 4784 6 6 61
T 4785 34 0 4 0
E 4785 0 -5 -15
E 4785 4 5 17
E 4785 5 8 25
E 4785 6 11 33
T 4786 9 0 3 0
E 4786 0 -12 -36
E 4786 1 -9 -28
E 4786 2 -6 -20
T 4787 39 0 3 0
E 4787 4 6 20
E 4787 5 9 28
E 4787 6 12 36
T 4788 2 0 5 0
E 4788 0 -15 -45
E 4788 1 -12 -37
E 4788 2 -9 -29
E 4788 3 -7 -21
E 4788 4 -4 -13
T 4789 54 0 5 0
E 4789 2 6 20
E 4789 3 9 28
E 4789 4 12 36
E 4789 5 14 44
E 4789 6 17 52
T 4790 5 0 5 0
E 4790 0 -16 -50
E 4790 1 -14 -42
E 4790 2 -11 -34
E 4790 3 -8 -26
E 4790 4 -6 -18
T 4791 63 0 6 0
E 4791 1 5 17
E 4791 2 8 25
E 4791 3 11 33
E 4791 4 13 41
E 4791 5 16 49
E 4791 6 19 57
T 4792 37 0 7 1
E 4792 0 -7 -66
E 4792 1 -6 -58
E 4792 2 -5 -50
E 4792 3 -4 -42
E 4792 4 -3 -34
E 4792 5 -2 -26
E 4792 6 -2 -18
T 4793 14 0 4 0
E 4793 0 -11 -33
E 4793 1 -8 -25
E 4793 2 -5 -17
E 4793 6 5 15
T 4794 29 0 3 0
E 4794 0 -6 -20
E 4794 5 6 20
E 4794 6 9 28
T 4795 23 0 4 0
E 4795 0 -9 -27
E 4795 1 -6 -19
E 4795 5 4 13
E 4795 6 7 21
T 4796 14 0 4 0
E 4796 0 -10 -31
E 4796 1 -7 -23
E 4796 2 -5 -15
E 4796 6 5 17
T 4797 43 0 4 0
E 4797 3 4 14
E 4797 4 7 22
E 4797 5 10 30
E 4797 6 12 38
T 4798 4 0 5 0
E 4798 0 -16 -48
E 4798 1 -13 -40
E 4798 2 -10 -32
E 4798 3 -8 -24
E 4798 4 -5 -16
T 4799 45 0 4 0
E 4799 3 6 20
E 4799 4 9 28
E 4799 5 12 36
E 4799 6 14 44
F 21002 651393 29 4677 171 452 3164 0
