T 0 2 0 0 0
T 1 5 0 0 0
T 2 4 0 0 0
T 3 1 0 0 0
T 4 7 0 0 0
T 5 5 0 0 0
T 6 11 0 0 0
T 7 6 0 5 0
E 7 0 4 14
E 7 1 4 14
E 7 2 4 14
E 7 3 4 14
E 7 4 4 14
T 8 1 0 1 0
E 8 5 -6 -19
T 9 7 0 0 0
T 10 8 0 0 0
T 11 11 0 0 0
T 12 7 0 0 0
T 13 6 0 5 0
E 13 0 4 14
E 13 1 4 14
E 13 2 4 14
E 13 3 4 14
E 13 4 4 14
T 14 2 0 1 0
E 14 5 -10 -30
T 15 14 0 1 0
E 15 5 -4 -14
T 16 15 0 1 0
E 16 5 -4 -14
T 17 9 0 5 0
E 17 0 5 16
E 17 1 5 16
E 17 2 5 16
E 17 3 5 16
E 17 4 5 16
T 18 5 0 1 0
E 18 5 -11 -34
T 19 2 0 6 0
E 19 0 4 13
E 19 1 4 13
E 19 2 4 13
E 19 3 4 13
E 19 4 4 13
E 19 5 -5 -17
T 20 12 0 1 0
E 20 5 -10 -30
T 21 17 0 1 0
E 21 5 -8 -24
T 22 16 0 5 0
E 22 0 8 24
E 22 1 8 24
E 22 2 8 24
E 22 3 8 24
E 22 4 8 24
T 23 33 0 6 0
E 23 0 -7 -21
E 23 1 -7 -21
E 23 2 -7 -21
E 23 3 -7 -21
E 23 4 -7 -21
E 23 5 -19 -57
T 24 26 0 5 0
E 24 0 13 39
E 24 1 13 39
E 24 2 13 39
E 24 3 13 39
E 24 4 13 39
T 25 43 0 6 0
E 25 0 -10 -30
E 25 1 -10 -30
E 25 2 -10 -30
E 25 3 -10 -30
E 25 4 -10 -30
E 25 5 -23 -70
T 26 27 0 5 0
E 26 0 14 43
E 26 1 14 43
E 26 2 14 43
E 26 3 14 43
E 26 4 14 43
T 27 44 0 6 0
E 27 0 -10 -30
E 27 1 -10 -30
E 27 2 -10 -30
E 27 3 -10 -30
E 27 4 -10 -30
E 27 5 -24 -73
T 28 25 0 5 0
E 28 0 13 40
E 28 1 13 40
E 28 2 13 40
E 28 3 13 40
E 28 4 13 40
T 29 35 0 6 0
E 29 0 -7 -23
E 29 1 -7 -23
E 29 2 -7 -23
E 29 3 -7 -23
E 29 4 -7 -23
E 29 5 -23 -69
T 30 13 0 6 0
E 30 0 10 32
E 30 1 10 32
E 30 2 10 32
E 30 3 10 32
E 30 4 10 32
E 30 5 -5 -16
T 31 12 0 1 0
E 31 5 -18 -54
T 32 23 0 1 0
E 32 5 -12 -37
T 33 1 0 6 0
E 33 0 6 20
E 33 1 6 20
E 33 2 6 20
E 33 3 6 20
E 33 4 6 20
E 33 5 -9 -28
T 34 14 0 1 0
E 34 5 -16 -50
T 35 1 0 6 0
E 35 0 5 16
E 35 1 5 16
E 35 2 5 16
E 35 3 5 16
E 35 4 5 16
E 35 5 -10 -32
T 36 21 0 1 0
E 36 5 -13 -40
T 37 5 0 6 0
E 37 0 7 21
E 37 1 7 21
E 37 2 7 21
E 37 3 7 21
E 37 4 7 21
E 37 5 -9 -27
T 38 12 0 1 0
E 38 5 -17 -53
T 39 1 0 6 0
E 39 0 5 15
E 39 1 5 15
E 39 2 5 15
E 39 3 5 15
E 39 4 5 15
E 39 5 -11 -33
T 40 20 0 1 0
E 40 5 -13 -41
T 41 1 0 6 0
E 41 0 5 15
E 41 1 5 15
E 41 2 5 15
E 41 3 5 15
E 41 4 5 15
E 41 5 -11 -33
T 42 15 0 1 0
E 42 5 -16 -49
T 43 2 0 6 0
E 43 0 6 19
E 43 1 6 19
E 43 2 6 19
E 43 3 6 19
E 43 4 6 19
E 43 5 -9 -29
T 44 16 0 1 0
E 44 5 -16 -48
T 45 5 0 6 0
E 45 0 4 14
E 45 1 4 14
E 45 2 4 14
E 45 3 4 14
E 45 4 4 14
E 45 5 -11 -34
T 46 16 0 1 0
E 46 5 -16 -48
T 47 4 0 6 0
E 47 0 4 13
E 47 1 4 13
E 47 2 4 13
E 47 3 4 13
E 47 4 4 13
E 47 5 -11 -35
T 48 20 0 1 0
E 48 5 -14 -42
T 49 4 0 6 0
E 49 0 7 23
E 49 1 7 23
E 49 2 7 23
E 49 3 7 23
E 49 4 7 23
E 49 5 -8 -25
T 50 12 0 1 0
E 50 5 -18 -54
T 51 23 0 1 0
E 51 5 -12 -37
T 52 14 0 6 0
E 52 0 10 31
E 52 1 10 31
E 52 2 10 31
E 52 3 10 31
E 52 4 10 31
E 52 5 -5 -17
T 53 11 0 1 0
E 53 5 -18 -55
T 54 20 0 1 0
E 54 5 -13 -41
T 55 2 0 6 0
E 55 0 6 18
E 55 1 6 18
E 55 2 6 18
E 55 3 6 18
E 55 4 6 18
E 55 5 -10 -30
T 56 14 0 1 0
E 56 5 -16 -50
T 57 5 0 6 0
E 57 0 7 21
E 57 1 7 21
E 57 2 7 21
E 57 3 7 21
E 57 4 7 21
E 57 5 -9 -27
T 58 9 0 1 0
E 58 5 -19 -58
T 59 19 0 1 0
E 59 5 -14 -43
T 60 1 0 6 0
E 60 0 5 16
E 60 1 5 16
E 60 2 5 16
E 60 3 5 16
E 60 4 5 16
E 60 5 -10 -32
T 61 20 0 1 0
E 61 5 -14 -42
T 62 2 0 6 0
E 62 0 5 17
E 62 1 5 17
E 62 2 5 17
E 62 3 5 17
E 62 4 5 17
E 62 5 -10 -31
T 63 14 0 1 0
E 63 5 -16 -50
T 64 5 0 6 0
E 64 0 4 14
E 64 1 4 14
E 64 2 4 14
E 64 3 4 14
E 64 4 4 14
E 64 5 -11 -34
T 65 19 0 1 0
E 65 5 -14 -43
T 66 5 0 6 0
E 66 0 4 14
E 66 1 4 14
E 66 2 4 14
E 66 3 4 14
E 66 4 4 14
E 66 5 -11 -34
T 67 17 0 1 0
E 67 5 -15 -46
T 68 5 0 6 0
E 68 0 7 22
E 68 1 7 22
E 68 2 7 22
E 68 3 7 22
E 68 4 7 22
E 68 5 -8 -26
T 69 10 0 1 0
E 69 5 -19 -57
T 70 5 0 6 0
E 70 0 4 14
E 70 1 4 14
E 70 2 4 14
E 70 3 4 14
E 70 4 4 14
E 70 5 -11 -34
T 71 17 0 1 0
E 71 5 -15 -46
T 72 2 0 6 0
E 72 0 6 19
E 72 1 6 19
E 72 2 6 19
E 72 3 6 19
E 72 4 6 19
E 72 5 -9 -29
T 73 11 0 1 0
E 73 5 -18 -55
T 74 22 0 1 0
E 74 5 -12 -38
T 75 2 0 6 0
E 75 0 6 18
E 75 1 6 18
E 75 2 6 18
E 75 3 6 18
E 75 4 6 18
E 75 5 -10 -30
T 76 18 0 1 0
E 76 5 -14 -44
T 77 8 0 6 0
E 77 0 8 24
E 77 1 8 24
E 77 2 8 24
E 77 3 8 24
E 77 4 8 24
E 77 5 -8 -24
T 78 15 0 1 0
E 78 5 -16 -49
T 79 5 0 6 0
E 79 0 4 14
E 79 1 4 14
E 79 2 4 14
E 79 3 4 14
E 79 4 4 14
E 79 5 -11 -34
T 80 17 0 1 0
E 80 5 -15 -46
T 81 1 0 6 0
E 81 0 5 16
E 81 1 5 16
E 81 2 5 16
E 81 3 5 16
E 81 4 5 16
E 81 5 -10 -32
T 82 18 0 1 0
E 82 5 -15 -45
T 83 2 0 6 0
E 83 0 5 17
E 83 1 5 17
E 83 2 5 17
E 83 3 5 17
E 83 4 5 17
E 83 5 -10 -31
T 84 20 0 1 0
E 84 5 -14 -42
T 85 8 0 6 0
E 85 0 8 25
E 85 1 8 25
E 85 2 8 25
E 85 3 8 25
E 85 4 8 25
E 85 5 -7 -23
T 86 8 0 1 0
E 86 5 -19 -59
T 87 22 0 1 0
E 87 5 -13 -39
T 88 11 0 6 0
E 88 0 9 27
E 88 1 9 27
E 88 2 9 27
E 88 3 9 27
E 88 4 9 27
E 88 5 -7 -21
T 89 31 0 6 0
E 89 0 -5 -15
E 89 1 -5 -15
E 89 2 -5 -15
E 89 3 -5 -15
E 89 4 -5 -15
E 89 5 -21 -63
T 90 23 0 5 0
E 90 0 12 37
E 90 1 12 37
E 90 2 12 37
E 90 3 12 37
E 90 4 12 37
T 91 34 0 6 0
E 91 0 -6 -18
E 91 1 -6 -18
E 91 2 -6 -18
E 91 3 -6 -18
E 91 4 -6 -18
E 91 5 -22 -66
T 92 24 0 5 0
E 92 0 12 36
E 92 1 12 36
E 92 2 12 36
E 92 3 12 36
E 92 4 12 36
T 93 41 0 6 0
E 93 0 -9 -29
E 93 1 -9 -29
E 93 2 -9 -29
E 93 3 -9 -29
E 93 4 -9 -29
E 93 5 -25 -77
T 94 30 0 5 0
E 94 0 15 45
E 94 1 15 45
E 94 2 15 45
E 94 3 15 45
E 94 4 15 45
T 95 44 0 6 0
E 95 0 -10 -32
E 95 1 -10 -32
E 95 2 -10 -32
E 95 3 -10 -32
E 95 4 -10 -32
E 95 5 -26 -80
T 96 25 0 5 0
E 96 0 13 40
E 96 1 13 40
E 96 2 13 40
E 96 3 13 40
E 96 4 13 40
T 97 45 0 6 0
E 97 0 -10 -30
E 97 1 -10 -30
E 97 2 -10 -30
E 97 3 -10 -30
E 97 4 -10 -30
E 97 5 -25 -75
T 98 30 0 5 0
E 98 0 15 45
E 98 1 15 45
E 98 2 15 45
E 98 3 15 45
E 98 4 15 45
T 99 45 0 6 0
E 99 0 -11 -34
E 99 1 -11 -34
E 99 2 -11 -34
E 99 3 -11 -34
E 99 4 -11 -34
E 99 5 -24 -74
T 100 27 0 5 0
E 100 0 14 43
E 100 1 14 43
E 100 2 14 43
E 100 3 14 43
E 100 4 14 43
T 101 40 0 6 0
E 101 0 -10 -32
E 101 1 -10 -32
E 101 2 -10 -32
E 101 3 -10 -32
E 101 4 -10 -32
E 101 5 -22 -67
T 102 34 0 6 0
E 102 0 15 45
E 102 1 15 45
E 102 2 15 45
E 102 3 15 45
E 102 4 15 45
E 102 5 4 13
T 103 43 0 6 0
E 103 0 -11 -33
E 103 1 -11 -33
E 103 2 -11 -33
E 103 3 -11 -33
E 103 4 -11 -33
E 103 5 -21 -63
T 104 31 0 6 0
E 104 0 14 44
E 104 1 14 44
E 104 2 14 44
E 104 3 14 44
E 104 4 14 44
E 104 5 5 17
T 105 30 0 6 0
E 105 0 -8 -26
E 105 1 -8 -26
E 105 2 -8 -26
E 105 3 -8 -26
E 105 4 -8 -26
E 105 5 -16 -50
T 106 19 0 5 0
E 106 0 10 31
E 106 1 10 31
E 106 2 10 31
E 106 3 10 31
E 106 4 10 31
T 107 26 0 6 0
E 107 0 -7 -22
E 107 1 -7 -22
E 107 2 -7 -22
E 107 3 -7 -22
E 107 4 -7 -22
E 107 5 -13 -41
T 108 16 0 5 0
E 108 0 8 24
E 108 1 8 24
E 108 2 8 24
E 108 3 8 24
E 108 4 8 24
T 109 16 0 6 0
E 109 0 -4 -13
E 109 1 -4 -13
E 109 2 -4 -13
E 109 3 -4 -13
E 109 4 -4 -13
E 109 5 -9 -27
T 110 14 0 5 0
E 110 0 7 21
E 110 1 7 21
E 110 2 7 21
E 110 3 7 21
E 110 4 7 21
T 111 4 0 1 0
E 111 5 -6 -19
T 112 3 0 1 0
E 112 5 -4 -13
T 113 6 0 1 0
E 113 5 -4 -14
T 114 3 0 0 0
T 115 4 0 0 0
T 116 4 0 0 0
T 117 7 0 0 0
T 118 5 0 0 0
T 119 4 0 0 0
T 120 4 0 0 0
T 121 7 0 1 0
E 121 5 5 15
T 122 6 0 5 0
E 122 0 -4 -14
E 122 1 -4 -14
E 122 2 -4 -14
E 122 3 -4 -14
E 122 4 -4 -14
T 123 6 0 1 0
E 123 5 7 23
T 124 14 0 1 0
E 124 5 5 16
T 125 15 0 1 0
E 125 5 6 19
T 126 14 0 5 0
E 126 0 -7 -21
E 126 1 -7 -21
E 126 2 -7 -21
E 126 3 -7 -21
E 126 4 -7 -21
T 127 3 0 1 0
E 127 5 13 40
T 128 14 0 1 0
E 128 5 7 23
T 129 17 0 1 0
E 129 5 6 19
T 130 12 0 5 0
E 130 0 -6 -18
E 130 1 -6 -18
E 130 2 -6 -18
E 130 3 -6 -18
E 130 4 -6 -18
T 131 6 0 1 0
E 131 5 12 36
T 132 11 0 1 0
E 132 5 9 28
T 133 12 0 5 0
E 133 0 -6 -18
E 133 1 -6 -18
E 133 2 -6 -18
E 133 3 -6 -18
E 133 4 -6 -18
T 134 2 0 1 0
E 134 5 14 42
T 135 15 0 1 0
E 135 5 7 22
T 136 11 0 5 0
E 136 0 -6 -19
E 136 1 -6 -19
E 136 2 -6 -19
E 136 3 -6 -19
E 136 4 -6 -19
T 137 2 0 1 0
E 137 5 13 41
T 138 11 0 1 0
E 138 5 9 28
T 139 4 0 6 0
E 139 0 -5 -17
E 139 1 -5 -17
E 139 2 -5 -17
E 139 3 -5 -17
E 139 4 -5 -17
E 139 5 4 13
T 140 10 0 1 0
E 140 5 9 29
T 141 5 0 6 0
E 141 0 -5 -16
E 141 1 -5 -16
E 141 2 -5 -16
E 141 3 -5 -16
E 141 4 -5 -16
E 141 5 4 14
T 142 8 0 1 0
E 142 5 10 32
T 143 13 0 1 0
E 143 5 8 25
T 144 2 0 6 0
E 144 0 -4 -13
E 144 1 -4 -13
E 144 2 -4 -13
E 144 3 -4 -13
E 144 4 -4 -13
E 144 5 5 17
T 145 13 0 1 0
E 145 5 8 25
T 146 4 0 6 0
E 146 0 -5 -16
E 146 1 -5 -16
E 146 2 -5 -16
E 146 3 -5 -16
E 146 4 -5 -16
E 146 5 5 15
T 147 5 0 1 0
E 147 5 13 39
T 148 16 0 1 0
E 148 5 8 24
T 149 7 0 6 0
E 149 0 -6 -19
E 149 1 -6 -19
E 149 2 -6 -19
E 149 3 -6 -19
E 149 4 -6 -19
E 149 5 4 14
T 150 11 0 1 0
E 150 5 11 33
T 151 16 0 1 0
E 151 5 9 27
T 152 18 0 1 0
E 152 5 7 23
T 153 2 0 6 0
E 153 0 -5 -17
E 153 1 -5 -17
E 153 2 -5 -17
E 153 3 -5 -17
E 153 4 -5 -17
E 153 5 6 18
T 154 10 0 1 0
E 154 5 13 39
T 155 0 0 6 0
E 155 0 -4 -13
E 155 1 -4 -13
E 155 2 -4 -13
E 155 3 -4 -13
E 155 4 -4 -13
E 155 5 7 23
T 156 14 0 1 0
E 156 5 11 34
T 157 9 0 6 0
E 157 0 -7 -21
E 157 1 -7 -21
E 157 2 -7 -21
E 157 3 -7 -21
E 157 4 -7 -21
E 157 5 5 16
T 158 7 0 1 0
E 158 5 15 46
T 159 20 0 1 0
E 159 5 9 28
T 160 4 0 6 0
E 160 0 -6 -20
E 160 1 -6 -20
E 160 2 -6 -20
E 160 3 -6 -20
E 160 4 -6 -20
E 160 5 6 19
T 161 12 0 1 0
E 161 5 14 42
T 162 19 0 1 0
E 162 5 10 31
T 163 4 0 6 0
E 163 0 -6 -19
E 163 1 -6 -19
E 163 2 -6 -19
E 163 3 -6 -19
E 163 4 -6 -19
E 163 5 7 22
T 164 14 0 1 0
E 164 5 14 42
T 165 20 0 1 0
E 165 5 11 33
T 166 12 0 6 0
E 166 0 -9 -28
E 166 1 -9 -28
E 166 2 -9 -28
E 166 3 -9 -28
E 166 4 -9 -28
E 166 5 5 15
T 167 7 0 1 0
E 167 5 18 54
T 168 20 0 1 0
E 168 5 11 35
T 169 6 0 6 0
E 169 0 -7 -22
E 169 1 -7 -22
E 169 2 -7 -22
E 169 3 -7 -22
E 169 4 -7 -22
E 169 5 7 23
T 170 11 0 1 0
E 170 5 16 50
T 171 22 0 1 0
E 171 5 11 35
T 172 5 0 6 0
E 172 0 -7 -23
E 172 1 -7 -23
E 172 2 -7 -23
E 172 3 -7 -23
E 172 4 -7 -23
E 172 5 7 23
T 173 16 0 1 0
E 173 5 15 46
T 174 2 0 6 0
E 174 0 -6 -19
E 174 1 -6 -19
E 174 2 -6 -19
E 174 3 -6 -19
E 174 4 -6 -19
E 174 5 9 29
T 175 19 0 1 0
E 175 5 14 43
T 176 1 0 6 0
E 176 0 -6 -20
E 176 1 -6 -20
E 176 2 -6 -20
E 176 3 -6 -20
E 176 4 -6 -20
E 176 5 9 28
T 177 15 0 1 0
E 177 5 16 49
T 178 2 0 6 0
E 178 0 -6 -18
E 178 1 -6 -18
E 178 2 -6 -18
E 178 3 -6 -18
E 178 4 -6 -18
E 178 5 10 30
T 179 15 0 1 0
E 179 5 16 49
T 180 2 0 6 0
E 180 0 -6 -19
E 180 1 -6 -19
E 180 2 -6 -19
E 180 3 -6 -19
E 180 4 -6 -19
E 180 5 9 29
T 181 14 0 1 0
E 181 5 17 51
T 182 22 0 1 0
E 182 5 13 39
T 183 2 0 6 0
E 183 0 -6 -18
E 183 1 -6 -18
E 183 2 -6 -18
E 183 3 -6 -18
E 183 4 -6 -18
E 183 5 10 30
T 184 17 0 1 0
E 184 5 15 46
T 185 5 0 6 0
E 185 0 -7 -22
E 185 1 -7 -22
E 185 2 -7 -22
E 185 3 -7 -22
E 185 4 -7 -22
E 185 5 8 26
T 186 12 0 1 0
E 186 5 17 53
T 187 24 0 1 0
E 187 5 12 36
T 188 13 0 6 0
E 188 0 -10 -32
E 188 1 -10 -32
E 188 2 -10 -32
E 188 3 -10 -32
E 188 4 -10 -32
E 188 5 5 16
T 189 10 0 1 0
E 189 5 19 57
T 190 5 0 6 0
E 190 0 -4 -14
E 190 1 -4 -14
E 190 2 -4 -14
E 190 3 -4 -14
E 190 4 -4 -14
E 190 5 11 34
T 191 4 0 6 0
E 191 0 -4 -13
E 191 1 -4 -13
E 191 2 -4 -13
E 191 3 -4 -13
E 191 4 -4 -13
E 191 5 11 35
T 192 15 0 1 0
E 192 5 16 49
T 193 4 0 6 0
E 193 0 -4 -13
E 193 1 -4 -13
E 193 2 -4 -13
E 193 3 -4 -13
E 193 4 -4 -13
E 193 5 11 35
T 194 22 0 1 0
E 194 5 13 39
T 195 10 0 6 0
E 195 0 -9 -29
E 195 1 -9 -29
E 195 2 -9 -29
E 195 3 -9 -29
E 195 4 -9 -29
E 195 5 6 19
T 196 26 0 6 0
E 196 0 4 14
E 196 1 4 14
E 196 2 4 14
E 196 3 4 14
E 196 4 4 14
E 196 5 20 62
T 197 5 0 6 0
E 197 0 -7 -21
E 197 1 -7 -21
E 197 2 -7 -21
E 197 3 -7 -21
E 197 4 -7 -21
E 197 5 9 27
T 198 18 0 1 0
E 198 5 15 45
T 199 5 0 6 0
E 199 0 -7 -22
E 199 1 -7 -22
E 199 2 -7 -22
E 199 3 -7 -22
E 199 4 -7 -22
E 199 5 8 26
T 200 12 0 1 0
E 200 5 17 53
T 201 2 0 6 0
E 201 0 -6 -19
E 201 1 -6 -19
E 201 2 -6 -19
E 201 3 -6 -19
E 201 4 -6 -19
E 201 5 9 29
T 202 12 0 1 0
E 202 5 17 53
T 203 21 0 1 0
E 203 5 13 40
T 204 5 0 6 0
E 204 0 -7 -21
E 204 1 -7 -21
E 204 2 -7 -21
E 204 3 -7 -21
E 204 4 -7 -21
E 204 5 9 27
T 205 14 0 1 0
E 205 5 17 51
T 206 1 0 6 0
E 206 0 -5 -16
E 206 1 -5 -16
E 206 2 -5 -16
E 206 3 -5 -16
E 206 4 -5 -16
E 206 5 10 32
T 207 20 0 1 0
E 207 5 13 41
T 208 2 0 6 0
E 208 0 -6 -19
E 208 1 -6 -19
E 208 2 -6 -19
E 208 3 -6 -19
E 208 4 -6 -19
E 208 5 9 29
T 209 13 0 1 0
E 209 5 17 52
T 210 4 0 6 0
E 210 0 -4 -13
E 210 1 -4 -13
E 210 2 -4 -13
E 210 3 -4 -13
E 210 4 -4 -13
E 210 5 11 35
T 211 21 0 1 0
E 211 5 13 40
T 212 7 0 6 0
E 212 0 -8 -26
E 212 1 -8 -26
E 212 2 -8 -26
E 212 3 -8 -26
E 212 4 -8 -26
E 212 5 7 22
T 213 9 0 1 0
E 213 5 19 58
T 214 21 0 1 0
E 214 5 13 40
T 215 2 0 6 0
E 215 0 -6 -19
E 215 1 -6 -19
E 215 2 -6 -19
E 215 3 -6 -19
E 215 4 -6 -19
E 215 5 9 29
T 216 18 0 1 0
E 216 5 14 44
T 217 5 0 6 0
E 217 0 -7 -21
E 217 1 -7 -21
E 217 2 -7 -21
E 217 3 -7 -21
E 217 4 -7 -21
E 217 5 9 27
T 218 12 0 1 0
E 218 5 17 53
T 219 22 0 1 0
E 219 5 13 39
T 220 10 0 6 0
E 220 0 -9 -29
E 220 1 -9 -29
E 220 2 -9 -29
E 220 3 -9 -29
E 220 4 -9 -29
E 220 5 6 19
T 221 12 0 1 0
E 221 5 17 53
T 222 22 0 1 0
E 222 5 12 38
T 223 11 0 6 0
E 223 0 -9 -28
E 223 1 -9 -28
E 223 2 -9 -28
E 223 3 -9 -28
E 223 4 -9 -28
E 223 5 6 20
T 224 13 0 1 0
E 224 5 17 52
T 225 24 0 1 0
E 225 5 12 36
T 226 4 0 6 0
E 226 0 -7 -23
E 226 1 -7 -23
E 226 2 -7 -23
E 226 3 -7 -23
E 226 4 -7 -23
E 226 5 8 25
T 227 11 0 1 0
E 227 5 18 55
T 228 20 0 1 0
E 228 5 13 41
T 229 7 0 6 0
E 229 0 -8 -26
E 229 1 -8 -26
E 229 2 -8 -26
E 229 3 -8 -26
E 229 4 -8 -26
E 229 5 7 22
T 230 8 0 1 0
E 230 5 20 60
T 231 1 0 6 0
E 231 0 -5 -15
E 231 1 -5 -15
E 231 2 -5 -15
E 231 3 -5 -15
E 231 4 -5 -15
E 231 5 11 33
T 232 15 0 1 0
E 232 5 16 49
T 233 4 0 6 0
E 233 0 -4 -13
E 233 1 -4 -13
E 233 2 -4 -13
E 233 3 -4 -13
E 233 4 -4 -13
E 233 5 11 35
T 234 17 0 1 0
E 234 5 15 46
T 235 5 0 6 0
E 235 0 -7 -22
E 235 1 -7 -22
E 235 2 -7 -22
E 235 3 -7 -22
E 235 4 -7 -22
E 235 5 8 26
T 236 16 0 1 0
E 236 5 15 47
T 237 5 0 6 0
E 237 0 -7 -21
E 237 1 -7 -21
E 237 2 -7 -21
E 237 3 -7 -21
E 237 4 -7 -21
E 237 5 9 27
T 238 18 0 1 0
E 238 5 15 45
T 239 2 0 6 0
E 239 0 -6 -19
E 239 1 -6 -19
E 239 2 -6 -19
E 239 3 -6 -19
E 239 4 -6 -19
E 239 5 9 29
T 240 50 0 6 0
E 240 0 17 52
E 240 1 17 52
E 240 2 17 52
E 240 3 17 52
E 240 4 17 52
E 240 5 17 52
T 241 51 0 6 0
E 241 0 -17 -52
E 241 1 -17 -52
E 241 2 -17 -52
E 241 3 -17 -52
E 241 4 -17 -52
E 241 5 -18 -55
T 242 53 0 6 0
E 242 0 19 59
E 242 1 19 59
E 242 2 19 59
E 242 3 19 59
E 242 4 19 59
E 242 5 17 53
T 243 47 0 6 0
E 243 0 -15 -46
E 243 1 -15 -46
E 243 2 -15 -46
E 243 3 -15 -46
E 243 4 -15 -46
E 243 5 -18 -55
T 244 37 0 6 0
E 244 0 14 43
E 244 1 14 43
E 244 2 14 43
E 244 3 14 43
E 244 4 14 43
E 244 5 10 30
T 245 37 0 6 0
E 245 0 -11 -34
E 245 1 -11 -34
E 245 2 -11 -34
E 245 3 -11 -34
E 245 4 -11 -34
E 245 5 -16 -50
T 246 29 0 6 0
E 246 0 12 36
E 246 1 12 36
E 246 2 12 36
E 246 3 12 36
E 246 4 12 36
E 246 5 5 17
T 247 28 0 6 0
E 247 0 -7 -21
E 247 1 -7 -21
E 247 2 -7 -21
E 247 3 -7 -21
E 247 4 -7 -21
E 247 5 -14 -43
T 248 16 0 5 0
E 248 0 8 24
E 248 1 8 24
E 248 2 8 24
E 248 3 8 24
E 248 4 8 24
T 249 4 0 1 0
E 249 5 -12 -37
T 250 18 0 1 0
E 250 5 -6 -20
T 251 1 0 6 0
E 251 0 4 14
E 251 1 4 14
E 251 2 4 14
E 251 3 4 14
E 251 4 4 14
E 251 5 -7 -21
T 252 17 0 1 0
E 252 5 -10 -31
T 253 3 0 6 0
E 253 0 4 14
E 253 1 4 14
E 253 2 4 14
E 253 3 4 14
E 253 4 4 14
E 253 5 -9 -27
T 254 15 0 1 0
E 254 5 -14 -44
T 255 5 0 6 0
E 255 0 7 21
E 255 1 7 21
E 255 2 7 21
E 255 3 7 21
E 255 4 7 21
E 255 5 -9 -27
T 256 10 0 1 0
E 256 5 -20 -61
T 257 26 0 1 0
E 257 5 -14 -42
T 258 2 0 6 0
E 258 0 7 22
E 258 1 7 22
E 258 2 7 22
E 258 3 7 22
E 258 4 7 22
E 258 5 -11 -35
T 259 20 0 1 0
E 259 5 -20 -61
T 260 1 0 6 0
E 260 0 7 23
E 260 1 7 23
E 260 2 7 23
E 260 3 7 23
E 260 4 7 23
E 260 5 -13 -41
T 261 27 0 1 0
E 261 5 -19 -59
T 262 10 0 6 0
E 262 0 11 33
E 262 1 11 33
E 262 2 11 33
E 262 3 11 33
E 262 4 11 33
E 262 5 -12 -37
T 263 17 0 1 0
E 263 5 -28 -84
T 264 11 0 6 0
E 264 0 5 16
E 264 1 5 16
E 264 2 5 16
E 264 3 5 16
E 264 4 5 16
E 264 5 -20 -61
T 265 12 0 6 0
E 265 0 5 16
E 265 1 5 16
E 265 2 5 16
E 265 3 5 16
E 265 4 5 16
E 265 5 -21 -64
T 266 32 0 1 0
E 266 5 -25 -76
T 267 7 0 6 0
E 267 0 12 37
E 267 1 12 37
E 267 2 12 37
E 267 3 12 37
E 267 4 12 37
E 267 5 -16 -49
T 268 24 0 1 0
E 268 5 -32 -97
T 269 7 0 6 0
E 269 0 8 24
E 269 1 8 24
E 269 2 8 24
E 269 3 8 24
E 269 4 8 24
E 269 5 -23 -69
T 270 19 0 1 0
E 270 5 -14 -43
T 271 1 0 6 0
E 271 0 6 20
E 271 1 6 20
E 271 2 6 20
E 271 3 6 20
E 271 4 6 20
E 271 5 -9 -28
T 272 14 0 1 0
E 272 5 -17 -51
T 273 22 0 1 0
E 273 5 -13 -39
T 274 5 0 6 0
E 274 0 7 22
E 274 1 7 22
E 274 2 7 22
E 274 3 7 22
E 274 4 7 22
E 274 5 -8 -26
T 275 14 0 1 0
E 275 5 -16 -50
T 276 5 0 6 0
E 276 0 7 21
E 276 1 7 21
E 276 2 7 21
E 276 3 7 21
E 276 4 7 21
E 276 5 -9 -27
T 277 11 0 1 0
E 277 5 -18 -55
T 278 21 0 1 0
E 278 5 -13 -40
T 279 5 0 6 0
E 279 0 7 22
E 279 1 7 22
E 279 2 7 22
E 279 3 7 22
E 279 4 7 22
E 279 5 -8 -26
T 280 16 0 1 0
E 280 5 -15 -47
T 281 5 0 6 0
E 281 0 7 22
E 281 1 7 22
E 281 2 7 22
E 281 3 7 22
E 281 4 7 22
E 281 5 -8 -26
T 282 12 0 1 0
E 282 5 -18 -54
T 283 2 0 6 0
E 283 0 6 19
E 283 1 6 19
E 283 2 6 19
E 283 3 6 19
E 283 4 6 19
E 283 5 -9 -29
T 284 15 0 1 0
E 284 5 -16 -49
T 285 1 0 6 0
E 285 0 5 16
E 285 1 5 16
E 285 2 5 16
E 285 3 5 16
E 285 4 5 16
E 285 5 -10 -32
T 286 14 0 1 0
E 286 5 -16 -50
T 287 4 0 6 0
E 287 0 4 13
E 287 1 4 13
E 287 2 4 13
E 287 3 4 13
E 287 4 4 13
E 287 5 -11 -35
T 288 22 0 1 0
E 288 5 -13 -39
T 289 8 0 6 0
E 289 0 8 25
E 289 1 8 25
E 289 2 8 25
E 289 3 8 25
E 289 4 8 25
E 289 5 -7 -23
T 290 14 0 1 0
E 290 5 -17 -51
T 291 1 0 6 0
E 291 0 5 15
E 291 1 5 15
E 291 2 5 15
E 291 3 5 15
E 291 4 5 15
E 291 5 -11 -33
T 292 18 0 1 0
E 292 5 -14 -44
T 293 2 0 6 0
E 293 0 5 17
E 293 1 5 17
E 293 2 5 17
E 293 3 5 17
E 293 4 5 17
E 293 5 -10 -31
T 294 15 0 1 0
E 294 5 -16 -49
T 295 23 0 1 0
E 295 5 -12 -37
T 296 7 0 6 0
E 296 0 8 26
E 296 1 8 26
E 296 2 8 26
E 296 3 8 26
E 296 4 8 26
E 296 5 -7 -22
T 297 12 0 1 0
E 297 5 -18 -54
T 298 22 0 1 0
E 298 5 -12 -38
T 299 4 0 6 0
E 299 0 7 23
E 299 1 7 23
E 299 2 7 23
E 299 3 7 23
E 299 4 7 23
E 299 5 -8 -25
T 300 18 0 1 0
E 300 5 -15 -45
T 301 4 0 6 0
E 301 0 4 13
E 301 1 4 13
E 301 2 4 13
E 301 3 4 13
E 301 4 4 13
E 301 5 -11 -35
T 302 23 0 1 0
E 302 5 -12 -37
T 303 4 0 6 0
E 303 0 7 23
E 303 1 7 23
E 303 2 7 23
E 303 3 7 23
E 303 4 7 23
E 303 5 -8 -25
T 304 13 0 1 0
E 304 5 -17 -52
T 305 24 0 1 0
E 305 5 -12 -36
T 306 5 0 6 0
E 306 0 7 22
E 306 1 7 22
E 306 2 7 22
E 306 3 7 22
E 306 4 7 22
E 306 5 -8 -26
T 307 15 0 1 0
E 307 5 -16 -49
T 308 5 0 6 0
E 308 0 4 14
E 308 1 4 14
E 308 2 4 14
E 308 3 4 14
E 308 4 4 14
E 308 5 -11 -34
T 309 22 0 1 0
E 309 5 -12 -38
T 310 5 0 6 0
E 310 0 7 21
E 310 1 7 21
E 310 2 7 21
E 310 3 7 21
E 310 4 7 21
E 310 5 -9 -27
T 311 16 0 1 0
E 311 5 -16 -48
T 312 5 0 6 0
E 312 0 7 22
E 312 1 7 22
E 312 2 7 22
E 312 3 7 22
E 312 4 7 22
E 312 5 -8 -26
T 313 13 0 1 0
E 313 5 -17 -52
T 314 5 0 6 0
E 314 0 7 21
E 314 1 7 21
E 314 2 7 21
E 314 3 7 21
E 314 4 7 21
E 314 5 -9 -27
T 315 15 0 1 0
E 315 5 -16 -49
T 316 5 0 6 0
E 316 0 4 14
E 316 1 4 14
E 316 2 4 14
E 316 3 4 14
E 316 4 4 14
E 316 5 -11 -34
T 317 17 0 1 0
E 317 5 -15 -46
T 318 1 0 6 0
E 318 0 5 15
E 318 1 5 15
E 318 2 5 15
E 318 3 5 15
E 318 4 5 15
E 318 5 -11 -33
T 319 17 0 1 0
E 319 5 -15 -46
T 320 2 0 6 0
E 320 0 5 17
E 320 1 5 17
E 320 2 5 17
E 320 3 5 17
E 320 4 5 17
E 320 5 -10 -31
T 321 22 0 1 0
E 321 5 -13 -39
T 322 8 0 6 0
E 322 0 8 24
E 322 1 8 24
E 322 2 8 24
E 322 3 8 24
E 322 4 8 24
E 322 5 -8 -24
T 323 27 0 6 0
E 323 0 -4 -13
E 323 1 -4 -13
E 323 2 -4 -13
E 323 3 -4 -13
E 323 4 -4 -13
E 323 5 -20 -61
T 324 17 0 6 0
E 324 0 11 33
E 324 1 11 33
E 324 2 11 33
E 324 3 11 33
E 324 4 11 33
E 324 5 -5 -15
T 325 32 0 6 0
E 325 0 -6 -20
E 325 1 -6 -20
E 325 2 -6 -20
E 325 3 -6 -20
E 325 4 -6 -20
E 325 5 -22 -68
T 326 24 0 5 0
E 326 0 12 36
E 326 1 12 36
E 326 2 12 36
E 326 3 12 36
E 326 4 12 36
T 327 43 0 6 0
E 327 0 -9 -27
E 327 1 -9 -27
E 327 2 -9 -27
E 327 3 -9 -27
E 327 4 -9 -27
E 327 5 -25 -75
T 328 24 0 5 0
E 328 0 13 41
E 328 1 13 41
E 328 2 13 41
E 328 3 13 41
E 328 4 13 41
T 329 30 0 6 0
E 329 0 -5 -16
E 329 1 -5 -16
E 329 2 -5 -16
E 329 3 -5 -16
E 329 4 -5 -16
E 329 5 -21 -64
T 330 16 0 6 0
E 330 0 11 35
E 330 1 11 35
E 330 2 11 35
E 330 3 11 35
E 330 4 11 35
E 330 5 -4 -13
T 331 29 0 6 0
E 331 0 -5 -17
E 331 1 -5 -17
E 331 2 -5 -17
E 331 3 -5 -17
E 331 4 -5 -17
E 331 5 -21 -65
T 332 11 0 6 0
E 332 0 9 28
E 332 1 9 28
E 332 2 9 28
E 332 3 9 28
E 332 4 9 28
E 332 5 -6 -20
T 333 10 0 1 0
E 333 5 -19 -57
T 334 22 0 1 0
E 334 5 -13 -39
T 335 7 0 6 0
E 335 0 8 26
E 335 1 8 26
E 335 2 8 26
E 335 3 8 26
E 335 4 8 26
E 335 5 -7 -22
T 336 11 0 1 0
E 336 5 -18 -55
T 337 19 0 1 0
E 337 5 -13 -39
T 338 0 0 6 0
E 338 0 5 16
E 338 1 5 16
E 338 2 5 16
E 338 3 5 16
E 338 4 5 16
E 338 5 -9 -27
T 339 8 0 1 0
E 339 5 -15 -47
T 340 1 0 6 0
E 340 0 4 13
E 340 1 4 13
E 340 2 4 13
E 340 3 4 13
E 340 4 4 13
E 340 5 -8 -24
T 341 11 0 1 0
E 341 5 -11 -35
T 342 15 0 1 0
E 342 5 -8 -25
T 343 2 0 6 0
E 343 0 4 13
E 343 1 4 13
E 343 2 4 13
E 343 3 4 13
E 343 4 4 13
E 343 5 -5 -17
T 344 9 0 1 0
E 344 5 -9 -27
T 345 12 0 1 0
E 345 5 -5 -17
T 346 10 0 1 0
E 346 5 -5 -17
T 347 10 0 0 0
T 348 6 0 5 0
E 348 0 4 14
E 348 1 4 14
E 348 2 4 14
E 348 3 4 14
E 348 4 4 14
T 349 0 0 1 0
E 349 5 -6 -20
T 350 1 0 1 0
E 350 5 -5 -15
T 351 2 0 0 0
T 352 3 0 0 0
T 353 6 0 0 0
T 354 6 0 0 0
T 355 10 0 0 0
T 356 8 0 0 0
T 357 5 0 1 0
E 357 5 6 18
T 358 1 0 1 0
E 358 5 5 15
T 359 3 0 0 0
T 360 5 0 1 0
E 360 5 5 15
T 361 8 0 1 0
E 361 5 4 13
T 362 9 0 0 0
T 363 9 0 5 0
E 363 0 -5 -16
E 363 1 -5 -16
E 363 2 -5 -16
E 363 3 -5 -16
E 363 4 -5 -16
T 364 5 0 1 0
E 364 5 9 29
T 365 11 0 1 0
E 365 5 8 25
T 366 2 0 6 0
E 366 0 -4 -13
E 366 1 -4 -13
E 366 2 -4 -13
E 366 3 -4 -13
E 366 4 -4 -13
E 366 5 5 17
T 367 11 0 1 0
E 367 5 9 28
T 368 16 0 1 0
E 368 5 7 21
T 369 12 0 5 0
E 369 0 -7 -23
E 369 1 -7 -23
E 369 2 -7 -23
E 369 3 -7 -23
E 369 4 -7 -23
T 370 4 0 1 0
E 370 5 12 38
T 371 10 0 1 0
E 371 5 10 30
T 372 16 0 1 0
E 372 5 6 20
T 373 17 0 1 0
E 373 5 6 19
T 374 10 0 5 0
E 374 0 -6 -20
E 374 1 -6 -20
E 374 2 -6 -20
E 374 3 -6 -20
E 374 4 -6 -20
T 375 5 0 1 0
E 375 5 12 37
T 376 11 0 1 0
E 376 5 9 28
T 377 18 0 1 0
E 377 5 6 18
T 378 5 0 6 0
E 378 0 -5 -16
E 378 1 -5 -16
E 378 2 -5 -16
E 378 3 -5 -16
E 378 4 -5 -16
E 378 5 4 14
T 379 3 0 1 0
E 379 5 13 40
T 380 13 0 1 0
E 380 5 8 25
T 381 12 0 5 0
E 381 0 -6 -18
E 381 1 -6 -18
E 381 2 -6 -18
E 381 3 -6 -18
E 381 4 -6 -18
T 382 3 0 1 0
E 382 5 13 40
T 383 14 0 1 0
E 383 5 7 23
T 384 2 0 6 0
E 384 0 -4 -13
E 384 1 -4 -13
E 384 2 -4 -13
E 384 3 -4 -13
E 384 4 -4 -13
E 384 5 5 17
T 385 9 0 1 0
E 385 5 10 31
T 386 17 0 1 0
E 386 5 6 20
T 387 18 0 1 0
E 387 5 6 19
T 388 10 0 5 0
E 388 0 -6 -20
E 388 1 -6 -20
E 388 2 -6 -20
E 388 3 -6 -20
E 388 4 -6 -20
T 389 7 0 1 0
E 389 5 12 38
T 390 15 0 1 0
E 390 5 8 26
T 391 6 0 6 0
E 391 0 -6 -20
E 391 1 -6 -20
E 391 2 -6 -20
E 391 3 -6 -20
E 391 4 -6 -20
E 391 5 4 14
T 392 7 0 1 0
E 392 5 13 40
T 393 15 0 1 0
E 393 5 9 29
T 394 9 0 6 0
E 394 0 -7 -22
E 394 1 -7 -22
E 394 2 -7 -22
E 394 3 -7 -22
E 394 4 -7 -22
E 394 5 4 14
T 395 10 0 1 0
E 395 5 13 39
T 396 2 0 6 0
E 396 0 -5 -16
E 396 1 -5 -16
E 396 2 -5 -16
E 396 3 -5 -16
E 396 4 -5 -16
E 396 5 7 21
T 397 9 0 1 0
E 397 5 13 41
T 398 18 0 1 0
E 398 5 9 29
T 399 5 0 6 0
E 399 0 -6 -19
E 399 1 -6 -19
E 399 2 -6 -19
E 399 3 -6 -19
E 399 4 -6 -19
E 399 5 6 20
T 400 13 0 1 0
E 400 5 13 39
T 401 20 0 1 0
E 401 5 9 29
T 402 1 0 6 0
E 402 0 -5 -17
E 402 1 -5 -17
E 402 2 -5 -17
E 402 3 -5 -17
E 402 4 -5 -17
E 402 5 7 23
T 403 13 0 1 0
E 403 5 13 41
T 404 4 0 6 0
E 404 0 -6 -19
E 404 1 -6 -19
E 404 2 -6 -19
E 404 3 -6 -19
E 404 4 -6 -19
E 404 5 7 23
T 405 14 0 1 0
E 405 5 13 41
T 406 6 0 6 0
E 406 0 -7 -22
E 406 1 -7 -22
E 406 2 -7 -22
E 406 3 -7 -22
E 406 4 -7 -22
E 406 5 7 21
T 407 10 0 1 0
E 407 5 16 49
T 408 3 0 6 0
E 408 0 -4 -13
E 408 1 -4 -13
E 408 2 -4 -13
E 408 3 -4 -13
E 408 4 -4 -13
E 408 5 10 31
T 409 14 0 1 0
E 409 5 15 46
T 410 1 0 6 0
E 410 0 -5 -17
E 410 1 -5 -17
E 410 2 -5 -17
E 410 3 -5 -17
E 410 4 -5 -17
E 410 5 9 28
T 411 18 0 1 0
E 411 5 14 42
T 412 2 0 6 0
E 412 0 -6 -19
E 412 1 -6 -19
E 412 2 -6 -19
E 412 3 -6 -19
E 412 4 -6 -19
E 412 5 9 27
T 413 13 0 1 0
E 413 5 16 50
T 414 22 0 1 0
E 414 5 12 38
T 415 2 0 6 0
E 415 0 -5 -17
E 415 1 -5 -17
E 415 2 -5 -17
E 415 3 -5 -17
E 415 4 -5 -17
E 415 5 10 31
T 416 16 0 1 0
E 416 5 16 48
T 417 23 0 1 0
E 417 5 12 37
T 418 14 0 6 0
E 418 0 -10 -30
E 418 1 -10 -30
E 418 2 -10 -30
E 418 3 -10 -30
E 418 4 -10 -30
E 418 5 6 18
T 419 31 0 6 0
E 419 0 5 15
E 419 1 5 15
E 419 2 5 15
E 419 3 5 15
E 419 4 5 15
E 419 5 21 63
T 420 7 0 6 0
E 420 0 -8 -26
E 420 1 -8 -26
E 420 2 -8 -26
E 420 3 -8 -26
E 420 4 -8 -26
E 420 5 7 22
T 421 14 0 1 0
E 421 5 17 51
T 422 4 0 6 0
E 422 0 -4 -13
E 422 1 -4 -13
E 422 2 -4 -13
E 422 3 -4 -13
E 422 4 -4 -13
E 422 5 11 35
T 423 21 0 1 0
E 423 5 13 40
T 424 4 0 6 0
E 424 0 -7 -23
E 424 1 -7 -23
E 424 2 -7 -23
E 424 3 -7 -23
E 424 4 -7 -23
E 424 5 8 25
T 425 13 0 1 0
E 425 5 17 52
T 426 1 0 6 0
E 426 0 -5 -15
E 426 1 -5 -15
E 426 2 -5 -15
E 426 3 -5 -15
E 426 4 -5 -15
E 426 5 11 33
T 427 17 0 1 0
E 427 5 15 46
T 428 5 0 6 0
E 428 0 -7 -21
E 428 1 -7 -21
E 428 2 -7 -21
E 428 3 -7 -21
E 428 4 -7 -21
E 428 5 9 27
T 429 12 0 1 0
E 429 5 17 53
T 430 21 0 1 0
E 430 5 13 40
T 431 11 0 6 0
E 431 0 -9 -27
E 431 1 -9 -27
E 431 2 -9 -27
E 431 3 -9 -27
E 431 4 -9 -27
E 431 5 7 21
T 432 27 0 6 0
E 432 0 4 13
E 432 1 4 13
E 432 2 4 13
E 432 3 4 13
E 432 4 4 13
E 432 5 20 61
T 433 8 0 6 0
E 433 0 -8 -24
E 433 1 -8 -24
E 433 2 -8 -24
E 433 3 -8 -24
E 433 4 -8 -24
E 433 5 8 24
T 434 8 0 1 0
E 434 5 20 60
T 435 18 0 1 0
E 435 5 15 45
T 436 1 0 6 0
E 436 0 -6 -20
E 436 1 -6 -20
E 436 2 -6 -20
E 436 3 -6 -20
E 436 4 -6 -20
E 436 5 9 28
T 437 19 0 1 0
E 437 5 14 43
T 438 2 0 6 0
E 438 0 -5 -17
E 438 1 -5 -17
E 438 2 -5 -17
E 438 3 -5 -17
E 438 4 -5 -17
E 438 5 10 31
T 439 15 0 1 0
E 439 5 16 49
T 440 4 0 6 0
E 440 0 -4 -13
E 440 1 -4 -13
E 440 2 -4 -13
E 440 3 -4 -13
E 440 4 -4 -13
E 440 5 11 35
T 441 20 0 1 0
E 441 5 13 41
T 442 8 0 6 0
E 442 0 -8 -24
E 442 1 -8 -24
E 442 2 -8 -24
E 442 3 -8 -24
E 442 4 -8 -24
E 442 5 8 24
T 443 8 0 1 0
E 443 5 19 59
T 444 20 0 1 0
E 444 5 13 41
T 445 2 0 6 0
E 445 0 -6 -18
E 445 1 -6 -18
E 445 2 -6 -18
E 445 3 -6 -18
E 445 4 -6 -18
E 445 5 10 30
T 446 18 0 1 0
E 446 5 14 44
T 447 5 0 6 0
E 447 0 -7 -21
E 447 1 -7 -21
E 447 2 -7 -21
E 447 3 -7 -21
E 447 4 -7 -21
E 447 5 9 27
T 448 12 0 1 0
E 448 5 17 53
T 449 1 0 6 0
E 449 0 -5 -16
E 449 1 -5 -16
E 449 2 -5 -16
E 449 3 -5 -16
E 449 4 -5 -16
E 449 5 10 32
T 450 20 0 1 0
E 450 5 13 41
T 451 1 0 6 0
E 451 0 -6 -20
E 451 1 -6 -20
E 451 2 -6 -20
E 451 3 -6 -20
E 451 4 -6 -20
E 451 5 9 28
T 452 18 0 1 0
E 452 5 15 45
T 453 5 0 6 0
E 453 0 -7 -22
E 453 1 -7 -22
E 453 2 -7 -22
E 453 3 -7 -22
E 453 4 -7 -22
E 453 5 8 26
T 454 10 0 1 0
E 454 5 18 56
T 455 22 0 1 0
E 455 5 13 39
T 456 2 0 6 0
E 456 0 -6 -18
E 456 1 -6 -18
E 456 2 -6 -18
E 456 3 -6 -18
E 456 4 -6 -18
E 456 5 10 30
T 457 12 0 1 0
E 457 5 18 54
T 458 5 0 6 0
E 458 0 -4 -14
E 458 1 -4 -14
E 458 2 -4 -14
E 458 3 -4 -14
E 458 4 -4 -14
E 458 5 11 34
T 459 18 0 1 0
E 459 5 15 45
T 460 8 0 6 0
E 460 0 -8 -24
E 460 1 -8 -24
E 460 2 -8 -24
E 460 3 -8 -24
E 460 4 -8 -24
E 460 5 8 24
T 461 13 0 1 0
E 461 5 17 52
T 462 1 0 6 0
E 462 0 -6 -20
E 462 1 -6 -20
E 462 2 -6 -20
E 462 3 -6 -20
E 462 4 -6 -20
E 462 5 9 28
T 463 12 0 1 0
E 463 5 17 53
T 464 1 0 6 0
E 464 0 -5 -16
E 464 1 -5 -16
E 464 2 -5 -16
E 464 3 -5 -16
E 464 4 -5 -16
E 464 5 10 32
T 465 20 0 1 0
E 465 5 14 42
T 466 8 0 6 0
E 466 0 -8 -24
E 466 1 -8 -24
E 466 2 -8 -24
E 466 3 -8 -24
E 466 4 -8 -24
E 466 5 8 24
T 467 27 0 6 0
E 467 0 4 13
E 467 1 4 13
E 467 2 4 13
E 467 3 4 13
E 467 4 4 13
E 467 5 20 61
T 468 7 0 6 0
E 468 0 -8 -26
E 468 1 -8 -26
E 468 2 -8 -26
E 468 3 -8 -26
E 468 4 -8 -26
E 468 5 7 22
T 469 14 0 1 0
E 469 5 16 50
T 470 1 0 6 0
E 470 0 -5 -15
E 470 1 -5 -15
E 470 2 -5 -15
E 470 3 -5 -15
E 470 4 -5 -15
E 470 5 11 33
T 471 15 0 1 0
E 471 5 16 49
T 472 5 0 6 0
E 472 0 -4 -14
E 472 1 -4 -14
E 472 2 -4 -14
E 472 3 -4 -14
E 472 4 -4 -14
E 472 5 11 34
T 473 20 0 1 0
E 473 5 14 42
T 474 1 0 6 0
E 474 0 -5 -16
E 474 1 -5 -16
E 474 2 -5 -16
E 474 3 -5 -16
E 474 4 -5 -16
E 474 5 10 32
T 475 16 0 1 0
E 475 5 16 48
T 476 2 0 6 0
E 476 0 -5 -17
E 476 1 -5 -17
E 476 2 -5 -17
E 476 3 -5 -17
E 476 4 -5 -17
E 476 5 10 31
T 477 19 0 1 0
E 477 5 14 43
T 478 8 0 6 0
E 478 0 -8 -25
E 478 1 -8 -25
E 478 2 -8 -25
E 478 3 -8 -25
E 478 4 -8 -25
E 478 5 7 23
T 479 10 0 1 0
E 479 5 19 57
T 480 39 0 6 0
E 480 0 13 39
E 480 1 13 39
E 480 2 13 39
E 480 3 13 39
E 480 4 13 39
E 480 5 13 39
T 481 34 0 6 0
E 481 0 -11 -33
E 481 1 -11 -33
E 481 2 -11 -33
E 481 3 -11 -33
E 481 4 -11 -33
E 481 5 -12 -36
T 482 36 0 6 0
E 482 0 13 40
E 482 1 13 40
E 482 2 13 40
E 482 3 13 40
E 482 4 13 40
E 482 5 11 34
T 483 40 0 6 0
E 483 0 -13 -41
E 483 1 -13 -41
E 483 2 -13 -41
E 483 3 -13 -41
E 483 4 -13 -41
E 483 5 -16 -50
T 484 33 0 6 0
E 484 0 13 41
E 484 1 13 41
E 484 2 13 41
E 484 3 13 41
E 484 4 13 41
E 484 5 9 28
T 485 40 0 6 0
E 485 0 -12 -37
E 485 1 -12 -37
E 485 2 -12 -37
E 485 3 -12 -37
E 485 4 -12 -37
E 485 5 -17 -53
T 486 32 0 6 0
E 486 0 13 40
E 486 1 13 40
E 486 2 13 40
E 486 3 13 40
E 486 4 13 40
E 486 5 7 21
T 487 40 0 6 0
E 487 0 -11 -33
E 487 1 -11 -33
E 487 2 -11 -33
E 487 3 -11 -33
E 487 4 -11 -33
E 487 5 -18 -55
T 488 35 0 6 0
E 488 0 15 47
E 488 1 15 47
E 488 2 15 47
E 488 3 15 47
E 488 4 15 47
E 488 5 7 22
T 489 39 0 6 0
E 489 0 -10 -31
E 489 1 -10 -31
E 489 2 -10 -31
E 489 3 -10 -31
E 489 4 -10 -31
E 489 5 -20 -60
T 490 20 0 5 0
E 490 0 11 35
E 490 1 11 35
E 490 2 11 35
E 490 3 11 35
E 490 4 11 35
T 491 29 0 6 0
E 491 0 -6 -19
E 491 1 -6 -19
E 491 2 -6 -19
E 491 3 -6 -19
E 491 4 -6 -19
E 491 5 -18 -54
T 492 20 0 5 0
E 492 0 11 35
E 492 1 11 35
E 492 2 11 35
E 492 3 11 35
E 492 4 11 35
T 493 27 0 6 0
E 493 0 -5 -17
E 493 1 -5 -17
E 493 2 -5 -17
E 493 3 -5 -17
E 493 4 -5 -17
E 493 5 -19 -58
T 494 21 0 5 0
E 494 0 11 34
E 494 1 11 34
E 494 2 11 34
E 494 3 11 34
E 494 4 11 34
T 495 39 0 6 0
E 495 0 -8 -25
E 495 1 -8 -25
E 495 2 -8 -25
E 495 3 -8 -25
E 495 4 -8 -25
E 495 5 -24 -73
T 496 28 0 5 0
E 496 0 14 42
E 496 1 14 42
E 496 2 14 42
E 496 3 14 42
E 496 4 14 42
T 497 37 0 6 0
E 497 0 -7 -23
E 497 1 -7 -23
E 497 2 -7 -23
E 497 3 -7 -23
E 497 4 -7 -23
E 497 5 -25 -77
T 498 14 0 6 0
E 498 0 11 33
E 498 1 11 33
E 498 2 11 33
E 498 3 11 33
E 498 4 11 33
E 498 5 -8 -24
T 499 16 0 1 0
E 499 5 -22 -67
T 500 4 0 6 0
E 500 0 6 20
E 500 1 6 20
E 500 2 6 20
E 500 3 6 20
E 500 4 6 20
E 500 5 -14 -44
T 501 27 0 1 0
E 501 5 -20 -60
T 502 0 0 6 0
E 502 0 8 26
E 502 1 8 26
E 502 2 8 26
E 502 3 8 26
E 502 4 8 26
E 502 5 -14 -44
T 503 29 0 1 0
E 503 5 -22 -66
T 504 5 0 6 0
E 504 0 10 30
E 504 1 10 30
E 504 2 10 30
E 504 3 10 30
E 504 4 10 30
E 504 5 -15 -47
T 505 26 0 1 0
E 505 5 -27 -81
T 506 2 0 6 0
E 506 0 9 29
E 506 1 9 29
E 506 2 9 29
E 506 3 9 29
E 506 4 9 29
E 506 5 -18 -54
T 507 28 0 1 0
E 507 5 -28 -86
T 508 3 0 6 0
E 508 0 11 34
E 508 1 11 34
E 508 2 11 34
E 508 3 11 34
E 508 4 11 34
E 508 5 -18 -55
T 509 29 0 1 0
E 509 5 -31 -95
T 510 24 0 5 0
E 510 0 12 36
E 510 1 12 36
E 510 2 12 36
E 510 3 12 36
E 510 4 12 36
T 511 34 0 6 0
E 511 0 -6 -18
E 511 1 -6 -18
E 511 2 -6 -18
E 511 3 -6 -18
E 511 4 -6 -18
E 511 5 -22 -66
T 512 14 0 6 0
E 512 0 10 31
E 512 1 10 31
E 512 2 10 31
E 512 3 10 31
E 512 4 10 31
E 512 5 -5 -17
T 513 27 0 6 0
E 513 0 -4 -13
E 513 1 -4 -13
E 513 2 -4 -13
E 513 3 -4 -13
E 513 4 -4 -13
E 513 5 -20 -61
T 514 13 0 6 0
E 514 0 10 32
E 514 1 10 32
E 514 2 10 32
E 514 3 10 32
E 514 4 10 32
E 514 5 -5 -16
T 515 10 0 1 0
E 515 5 -18 -56
T 516 2 0 6 0
E 516 0 5 17
E 516 1 5 17
E 516 2 5 17
E 516 3 5 17
E 516 4 5 17
E 516 5 -10 -31
T 517 18 0 1 0
E 517 5 -14 -44
T 518 2 0 6 0
E 518 0 6 18
E 518 1 6 18
E 518 2 6 18
E 518 3 6 18
E 518 4 6 18
E 518 5 -10 -30
T 519 12 0 1 0
E 519 5 -18 -54
T 520 22 0 1 0
E 520 5 -13 -39
T 521 2 0 6 0
E 521 0 6 19
E 521 1 6 19
E 521 2 6 19
E 521 3 6 19
E 521 4 6 19
E 521 5 -9 -29
T 522 12 0 1 0
E 522 5 -17 -53
T 523 2 0 6 0
E 523 0 6 18
E 523 1 6 18
E 523 2 6 18
E 523 3 6 18
E 523 4 6 18
E 523 5 -10 -30
T 524 20 0 1 0
E 524 5 -14 -42
T 525 1 0 6 0
E 525 0 5 16
E 525 1 5 16
E 525 2 5 16
E 525 3 5 16
E 525 4 5 16
E 525 5 -10 -32
T 526 16 0 1 0
E 526 5 -16 -48
T 527 8 0 6 0
E 527 0 8 24
E 527 1 8 24
E 527 2 8 24
E 527 3 8 24
E 527 4 8 24
E 527 5 -8 -24
T 528 9 0 1 0
E 528 5 -19 -58
T 529 5 0 6 0
E 529 0 4 14
E 529 1 4 14
E 529 2 4 14
E 529 3 4 14
E 529 4 4 14
E 529 5 -11 -34
T 530 18 0 1 0
E 530 5 -15 -45
T 531 5 0 6 0
E 531 0 7 22
E 531 1 7 22
E 531 2 7 22
E 531 3 7 22
E 531 4 7 22
E 531 5 -8 -26
T 532 14 0 1 0
E 532 5 -16 -50
T 533 24 0 1 0
E 533 5 -12 -36
T 534 11 0 6 0
E 534 0 9 27
E 534 1 9 27
E 534 2 9 27
E 534 3 9 27
E 534 4 9 27
E 534 5 -7 -21
T 535 8 0 1 0
E 535 5 -20 -60
T 536 24 0 1 0
E 536 5 -12 -36
T 537 4 0 6 0
E 537 0 7 23
E 537 1 7 23
E 537 2 7 23
E 537 3 7 23
E 537 4 7 23
E 537 5 -8 -25
T 538 12 0 1 0
E 538 5 -18 -54
T 539 5 0 6 0
E 539 0 4 14
E 539 1 4 14
E 539 2 4 14
E 539 3 4 14
E 539 4 4 14
E 539 5 -11 -34
T 540 18 0 1 0
E 540 5 -15 -45
T 541 1 0 6 0
E 541 0 6 20
E 541 1 6 20
E 541 2 6 20
E 541 3 6 20
E 541 4 6 20
E 541 5 -9 -28
T 542 14 0 1 0
E 542 5 -16 -50
T 543 1 0 6 0
E 543 0 5 15
E 543 1 5 15
E 543 2 5 15
E 543 3 5 15
E 543 4 5 15
E 543 5 -11 -33
T 544 20 0 1 0
E 544 5 -14 -42
T 545 2 0 6 0
E 545 0 6 18
E 545 1 6 18
E 545 2 6 18
E 545 3 6 18
E 545 4 6 18
E 545 5 -10 -30
T 546 14 0 1 0
E 546 5 -17 -51
T 547 2 0 6 0
E 547 0 6 19
E 547 1 6 19
E 547 2 6 19
E 547 3 6 19
E 547 4 6 19
E 547 5 -9 -29
T 548 12 0 1 0
E 548 5 -18 -54
T 549 2 0 6 0
E 549 0 6 18
E 549 1 6 18
E 549 2 6 18
E 549 3 6 18
E 549 4 6 18
E 549 5 -10 -30
T 550 13 0 1 0
E 550 5 -17 -52
T 551 4 0 6 0
E 551 0 4 13
E 551 1 4 13
E 551 2 4 13
E 551 3 4 13
E 551 4 4 13
E 551 5 -11 -35
T 552 22 0 1 0
E 552 5 -12 -38
T 553 2 0 6 0
E 553 0 6 18
E 553 1 6 18
E 553 2 6 18
E 553 3 6 18
E 553 4 6 18
E 553 5 -10 -30
T 554 18 0 1 0
E 554 5 -14 -44
T 555 5 0 6 0
E 555 0 7 22
E 555 1 7 22
E 555 2 7 22
E 555 3 7 22
E 555 4 7 22
E 555 5 -8 -26
T 556 10 0 1 0
E 556 5 -19 -57
T 557 2 0 6 0
E 557 0 6 18
E 557 1 6 18
E 557 2 6 18
E 557 3 6 18
E 557 4 6 18
E 557 5 -10 -30
T 558 16 0 1 0
E 558 5 -15 -47
T 559 5 0 6 0
E 559 0 7 21
E 559 1 7 21
E 559 2 7 21
E 559 3 7 21
E 559 4 7 21
E 559 5 -9 -27
T 560 17 0 1 0
E 560 5 -15 -46
T 561 4 0 6 0
E 561 0 4 13
E 561 1 4 13
E 561 2 4 13
E 561 3 4 13
E 561 4 4 13
E 561 5 -11 -35
T 562 22 0 1 0
E 562 5 -13 -39
T 563 2 0 6 0
E 563 0 6 19
E 563 1 6 19
E 563 2 6 19
E 563 3 6 19
E 563 4 6 19
E 563 5 -9 -29
T 564 16 0 1 0
E 564 5 -16 -48
T 565 2 0 6 0
E 565 0 6 19
E 565 1 6 19
E 565 2 6 19
E 565 3 6 19
E 565 4 6 19
E 565 5 -9 -29
T 566 13 0 1 0
E 566 5 -17 -52
T 567 22 0 1 0
E 567 5 -13 -39
T 568 2 0 6 0
E 568 0 6 19
E 568 1 6 19
E 568 2 6 19
E 568 3 6 19
E 568 4 6 19
E 568 5 -9 -29
T 569 12 0 1 0
E 569 5 -17 -53
T 570 21 0 1 0
E 570 5 -13 -40
T 571 8 0 6 0
E 571 0 8 25
E 571 1 8 25
E 571 2 8 25
E 571 3 8 25
E 571 4 8 25
E 571 5 -7 -23
T 572 12 0 1 0
E 572 5 -17 -53
T 573 24 0 1 0
E 573 5 -12 -36
T 574 8 0 6 0
E 574 0 8 24
E 574 1 8 24
E 574 2 8 24
E 574 3 8 24
E 574 4 8 24
E 574 5 -8 -24
T 575 8 0 1 0
E 575 5 -20 -60
T 576 5 0 6 0
E 576 0 4 14
E 576 1 4 14
E 576 2 4 14
E 576 3 4 14
E 576 4 4 14
E 576 5 -11 -34
T 577 15 0 1 0
E 577 5 -15 -45
T 578 3 0 6 0
E 578 0 4 14
E 578 1 4 14
E 578 2 4 14
E 578 3 4 14
E 578 4 4 14
E 578 5 -9 -29
T 579 15 0 1 0
E 579 5 -12 -37
T 580 1 0 6 0
E 580 0 4 14
E 580 1 4 14
E 580 2 4 14
E 580 3 4 14
E 580 4 4 14
E 580 5 -7 -23
T 581 13 0 1 0
E 581 5 -11 -33
T 582 14 0 1 0
E 582 5 -8 -26
T 583 15 0 1 0
E 583 5 -7 -22
T 584 16 0 1 0
E 584 5 -5 -16
T 585 10 0 5 0
E 585 0 5 15
E 585 1 5 15
E 585 2 5 15
E 585 3 5 15
E 585 4 5 15
T 586 18 0 6 0
E 586 0 -4 -14
E 586 1 -4 -14
E 586 2 -4 -14
E 586 3 -4 -14
E 586 4 -4 -14
E 586 5 -12 -36
T 587 12 0 0 0
T 588 9 0 5 0
E 588 0 5 16
E 588 1 5 16
E 588 2 5 16
E 588 3 5 16
E 588 4 5 16
T 589 2 0 1 0
E 589 5 -8 -24
T 590 2 0 1 0
E 590 5 -4 -13
T 591 2 0 0 0
T 592 1 0 0 0
T 593 8 0 0 0
T 594 5 0 0 0
T 595 2 0 0 0
T 596 1 0 0 0
T 597 2 0 0 0
T 598 8 0 0 0
T 599 10 0 5 0
E 599 0 -5 -15
E 599 1 -5 -15
E 599 2 -5 -15
E 599 3 -5 -15
E 599 4 -5 -15
T 600 15 0 6 0
E 600 0 4 14
E 600 1 4 14
E 600 2 4 14
E 600 3 4 14
E 600 4 4 14
E 600 5 9 29
T 601 14 0 5 0
E 601 0 -7 -21
E 601 1 -7 -21
E 601 2 -7 -21
E 601 3 -7 -21
E 601 4 -7 -21
T 602 21 0 6 0
E 602 0 5 16
E 602 1 5 16
E 602 2 5 16
E 602 3 5 16
E 602 4 5 16
E 602 5 12 36
T 603 12 0 5 0
E 603 0 -7 -23
E 603 1 -7 -23
E 603 2 -7 -23
E 603 3 -7 -23
E 603 4 -7 -23
T 604 19 0 6 0
E 604 0 4 13
E 604 1 4 13
E 604 2 4 13
E 604 3 4 13
E 604 4 4 13
E 604 5 12 38
T 605 16 0 5 0
E 605 0 -8 -24
E 605 1 -8 -24
E 605 2 -8 -24
E 605 3 -8 -24
E 605 4 -8 -24
T 606 2 0 1 0
E 606 5 14 42
T 607 10 0 1 0
E 607 5 10 30
T 608 5 0 6 0
E 608 0 -5 -15
E 608 1 -5 -15
E 608 2 -5 -15
E 608 3 -5 -15
E 608 4 -5 -15
E 608 5 5 15
T 609 8 0 1 0
E 609 5 11 33
T 610 16 0 1 0
E 610 5 7 21
T 611 2 0 6 0
E 611 0 -4 -13
E 611 1 -4 -13
E 611 2 -4 -13
E 611 3 -4 -13
E 611 4 -4 -13
E 611 5 5 17
T 612 10 0 1 0
E 612 5 10 30
T 613 14 0 1 0
E 613 5 8 24
T 614 12 0 5 0
E 614 0 -6 -18
E 614 1 -6 -18
E 614 2 -6 -18
E 614 3 -6 -18
E 614 4 -6 -18
T 615 6 0 1 0
E 615 5 12 36
T 616 18 0 1 0
E 616 5 6 18
T 617 13 0 5 0
E 617 0 -7 -22
E 617 1 -7 -22
E 617 2 -7 -22
E 617 3 -7 -22
E 617 4 -7 -22
T 618 21 0 6 0
E 618 0 4 13
E 618 1 4 13
E 618 2 4 13
E 618 3 4 13
E 618 4 4 13
E 618 5 14 43
T 619 13 0 5 0
E 619 0 -7 -22
E 619 1 -7 -22
E 619 2 -7 -22
E 619 3 -7 -22
E 619 4 -7 -22
T 620 25 0 6 0
E 620 0 5 15
E 620 1 5 15
E 620 2 5 15
E 620 3 5 15
E 620 4 5 15
E 620 5 15 45
T 621 12 0 5 0
E 621 0 -7 -23
E 621 1 -7 -23
E 621 2 -7 -23
E 621 3 -7 -23
E 621 4 -7 -23
T 622 4 0 1 0
E 622 5 13 39
T 623 16 0 1 0
E 623 5 6 20
T 624 14 0 5 0
E 624 0 -7 -21
E 624 1 -7 -21
E 624 2 -7 -21
E 624 3 -7 -21
E 624 4 -7 -21
T 625 2 0 1 0
E 625 5 14 42
T 626 12 0 1 0
E 626 5 9 28
T 627 15 0 1 0
E 627 5 7 23
T 628 4 0 6 0
E 628 0 -5 -16
E 628 1 -5 -16
E 628 2 -5 -16
E 628 3 -5 -16
E 628 4 -5 -16
E 628 5 5 16
T 629 9 0 1 0
E 629 5 11 35
T 630 1 0 6 0
E 630 0 -4 -13
E 630 1 -4 -13
E 630 2 -4 -13
E 630 3 -4 -13
E 630 4 -4 -13
E 630 5 6 20
T 631 9 0 1 0
E 631 5 12 37
T 632 3 0 6 0
E 632 0 -5 -16
E 632 1 -5 -16
E 632 2 -5 -16
E 632 3 -5 -16
E 632 4 -5 -16
E 632 5 6 18
T 633 15 0 1 0
E 633 5 10 30
T 634 9 0 6 0
E 634 0 -7 -21
E 634 1 -7 -21
E 634 2 -7 -21
E 634 3 -7 -21
E 634 4 -7 -21
E 634 5 5 15
T 635 7 0 1 0
E 635 5 14 43
T 636 17 0 1 0
E 636 5 9 29
T 637 9 0 6 0
E 637 0 -7 -21
E 637 1 -7 -21
E 637 2 -7 -21
E 637 3 -7 -21
E 637 4 -7 -21
E 637 5 5 16
T 638 10 0 1 0
E 638 5 13 41
T 639 19 0 1 0
E 639 5 10 30
T 640 5 0 6 0
E 640 0 -6 -19
E 640 1 -6 -19
E 640 2 -6 -19
E 640 3 -6 -19
E 640 4 -6 -19
E 640 5 6 20
T 641 9 0 1 0
E 641 5 15 46
T 642 21 0 1 0
E 642 5 9 28
T 643 8 0 6 0
E 643 0 -7 -21
E 643 1 -7 -21
E 643 2 -7 -21
E 643 3 -7 -21
E 643 4 -7 -21
E 643 5 6 20
T 644 9 0 1 0
E 644 5 16 49
T 645 19 0 1 0
E 645 5 11 34
T 646 6 0 6 0
E 646 0 -7 -23
E 646 1 -7 -23
E 646 2 -7 -23
E 646 3 -7 -23
E 646 4 -7 -23
E 646 5 6 20
T 647 9 0 1 0
E 647 5 16 50
T 648 0 0 6 0
E 648 0 -5 -16
E 648 1 -5 -16
E 648 2 -5 -16
E 648 3 -5 -16
E 648 4 -5 -16
E 648 5 9 28
T 649 17 0 1 0
E 649 5 14 42
T 650 6 0 6 0
E 650 0 -7 -22
E 650 1 -7 -22
E 650 2 -7 -22
E 650 3 -7 -22
E 650 4 -7 -22
E 650 5 7 23
T 651 11 0 1 0
E 651 5 17 52
T 652 23 0 1 0
E 652 5 11 34
T 653 10 0 6 0
E 653 0 -9 -29
E 653 1 -9 -29
E 653 2 -9 -29
E 653 3 -9 -29
E 653 4 -9 -29
E 653 5 6 18
T 654 13 0 1 0
E 654 5 17 52
T 655 1 0 6 0
E 655 0 -6 -20
E 655 1 -6 -20
E 655 2 -6 -20
E 655 3 -6 -20
E 655 4 -6 -20
E 655 5 9 28
T 656 14 0 1 0
E 656 5 16 50
T 657 2 0 6 0
E 657 0 -6 -19
E 657 1 -6 -19
E 657 2 -6 -19
E 657 3 -6 -19
E 657 4 -6 -19
E 657 5 9 29
T 658 15 0 1 0
E 658 5 16 49
T 659 5 0 6 0
E 659 0 -4 -14
E 659 1 -4 -14
E 659 2 -4 -14
E 659 3 -4 -14
E 659 4 -4 -14
E 659 5 11 34
T 660 20 0 1 0
E 660 5 13 41
T 661 5 0 6 0
E 661 0 -7 -21
E 661 1 -7 -21
E 661 2 -7 -21
E 661 3 -7 -21
E 661 4 -7 -21
E 661 5 9 27
T 662 16 0 1 0
E 662 5 16 48
T 663 24 0 1 0
E 663 5 12 36
T 664 1 0 6 0
E 664 0 -6 -20
E 664 1 -6 -20
E 664 2 -6 -20
E 664 3 -6 -20
E 664 4 -6 -20
E 664 5 9 28
T 665 18 0 1 0
E 665 5 15 45
T 666 8 0 6 0
E 666 0 -8 -24
E 666 1 -8 -24
E 666 2 -8 -24
E 666 3 -8 -24
E 666 4 -8 -24
E 666 5 8 24
T 667 8 0 1 0
E 667 5 19 59
T 668 1 0 6 0
E 668 0 -5 -16
E 668 1 -5 -16
E 668 2 -5 -16
E 668 3 -5 -16
E 668 4 -5 -16
E 668 5 10 32
T 669 20 0 1 0
E 669 5 13 41
T 670 5 0 6 0
E 670 0 -7 -22
E 670 1 -7 -22
E 670 2 -7 -22
E 670 3 -7 -22
E 670 4 -7 -22
E 670 5 8 26
T 671 17 0 1 0
E 671 5 15 46
T 672 2 0 6 0
E 672 0 -5 -17
E 672 1 -5 -17
E 672 2 -5 -17
E 672 3 -5 -17
E 672 4 -5 -17
E 672 5 10 31
T 673 18 0 1 0
E 673 5 14 44
T 674 1 0 6 0
E 674 0 -5 -16
E 674 1 -5 -16
E 674 2 -5 -16
E 674 3 -5 -16
E 674 4 -5 -16
E 674 5 10 32
T 675 18 0 1 0
E 675 5 14 44
T 676 2 0 6 0
E 676 0 -6 -18
E 676 1 -6 -18
E 676 2 -6 -18
E 676 3 -6 -18
E 676 4 -6 -18
E 676 5 10 30
T 677 13 0 1 0
E 677 5 17 52
T 678 24 0 1 0
E 678 5 12 36
T 679 8 0 6 0
E 679 0 -8 -25
E 679 1 -8 -25
E 679 2 -8 -25
E 679 3 -8 -25
E 679 4 -8 -25
E 679 5 7 23
T 680 10 0 1 0
E 680 5 19 57
T 681 24 0 1 0
E 681 5 12 36
T 682 11 0 6 0
E 682 0 -9 -27
E 682 1 -9 -27
E 682 2 -9 -27
E 682 3 -9 -27
E 682 4 -9 -27
E 682 5 7 21
T 683 8 0 1 0
E 683 5 19 59
T 684 19 0 1 0
E 684 5 14 43
T 685 1 0 6 0
E 685 0 -5 -15
E 685 1 -5 -15
E 685 2 -5 -15
E 685 3 -5 -15
E 685 4 -5 -15
E 685 5 11 33
T 686 18 0 1 0
E 686 5 15 45
T 687 8 0 6 0
E 687 0 -8 -24
E 687 1 -8 -24
E 687 2 -8 -24
E 687 3 -8 -24
E 687 4 -8 -24
E 687 5 8 24
T 688 8 0 1 0
E 688 5 20 60
T 689 24 0 1 0
E 689 5 12 36
T 690 5 0 6 0
E 690 0 -7 -21
E 690 1 -7 -21
E 690 2 -7 -21
E 690 3 -7 -21
E 690 4 -7 -21
E 690 5 9 27
T 691 16 0 1 0
E 691 5 15 47
T 692 1 0 6 0
E 692 0 -5 -15
E 692 1 -5 -15
E 692 2 -5 -15
E 692 3 -5 -15
E 692 4 -5 -15
E 692 5 11 33
T 693 21 0 1 0
E 693 5 13 40
T 694 5 0 6 0
E 694 0 -7 -21
E 694 1 -7 -21
E 694 2 -7 -21
E 694 3 -7 -21
E 694 4 -7 -21
E 694 5 9 27
T 695 11 0 1 0
E 695 5 18 55
T 696 5 0 6 0
E 696 0 -4 -14
E 696 1 -4 -14
E 696 2 -4 -14
E 696 3 -4 -14
E 696 4 -4 -14
E 696 5 11 34
T 697 24 0 1 0
E 697 5 12 36
T 698 11 0 6 0
E 698 0 -9 -27
E 698 1 -9 -27
E 698 2 -9 -27
E 698 3 -9 -27
E 698 4 -9 -27
E 698 5 7 21
T 699 31 0 6 0
E 699 0 5 15
E 699 1 5 15
E 699 2 5 15
E 699 3 5 15
E 699 4 5 15
E 699 5 21 63
T 700 14 0 6 0
E 700 0 -10 -31
E 700 1 -10 -31
E 700 2 -10 -31
E 700 3 -10 -31
E 700 4 -10 -31
E 700 5 5 17
T 701 34 0 6 0
E 701 0 6 18
E 701 1 6 18
E 701 2 6 18
E 701 3 6 18
E 701 4 6 18
E 701 5 22 66
T 702 10 0 6 0
E 702 0 -9 -29
E 702 1 -9 -29
E 702 2 -9 -29
E 702 3 -9 -29
E 702 4 -9 -29
E 702 5 6 19
T 703 11 0 1 0
E 703 5 18 55
T 704 2 0 6 0
E 704 0 -6 -19
E 704 1 -6 -19
E 704 2 -6 -19
E 704 3 -6 -19
E 704 4 -6 -19
E 704 5 9 29
T 705 18 0 1 0
E 705 5 15 45
T 706 2 0 6 0
E 706 0 -5 -17
E 706 1 -5 -17
E 706 2 -5 -17
E 706 3 -5 -17
E 706 4 -5 -17
E 706 5 10 31
T 707 18 0 1 0
E 707 5 15 45
T 708 4 0 6 0
E 708 0 -7 -23
E 708 1 -7 -23
E 708 2 -7 -23
E 708 3 -7 -23
E 708 4 -7 -23
E 708 5 8 25
T 709 12 0 1 0
E 709 5 17 53
T 710 2 0 6 0
E 710 0 -6 -19
E 710 1 -6 -19
E 710 2 -6 -19
E 710 3 -6 -19
E 710 4 -6 -19
E 710 5 9 29
T 711 14 0 1 0
E 711 5 16 50
T 712 5 0 6 0
E 712 0 -4 -14
E 712 1 -4 -14
E 712 2 -4 -14
E 712 3 -4 -14
E 712 4 -4 -14
E 712 5 11 34
T 713 16 0 1 0
E 713 5 15 47
T 714 1 0 6 0
E 714 0 -6 -20
E 714 1 -6 -20
E 714 2 -6 -20
E 714 3 -6 -20
E 714 4 -6 -20
E 714 5 9 28
T 715 15 0 1 0
E 715 5 16 49
T 716 23 0 1 0
E 716 5 12 37
T 717 2 0 6 0
E 717 0 -6 -18
E 717 1 -6 -18
E 717 2 -6 -18
E 717 3 -6 -18
E 717 4 -6 -18
E 717 5 10 30
T 718 16 0 1 0
E 718 5 16 48
T 719 1 0 6 0
E 719 0 -5 -16
E 719 1 -5 -16
E 719 2 -5 -16
E 719 3 -5 -16
E 719 4 -5 -16
E 719 5 10 32
T 720 42 0 6 0
E 720 0 14 42
E 720 1 14 42
E 720 2 14 42
E 720 3 14 42
E 720 4 14 42
E 720 5 14 42
T 721 32 0 6 0
E 721 0 -11 -35
E 721 1 -11 -35
E 721 2 -11 -35
E 721 3 -11 -35
E 721 4 -11 -35
E 721 5 -12 -38
T 722 36 0 6 0
E 722 0 13 40
E 722 1 13 40
E 722 2 13 40
E 722 3 13 40
E 722 4 13 40
E 722 5 11 34
T 723 37 0 6 0
E 723 0 -12 -38
E 723 1 -12 -38
E 723 2 -12 -38
E 723 3 -12 -38
E 723 4 -12 -38
E 723 5 -15 -47
T 724 33 0 6 0
E 724 0 13 41
E 724 1 13 41
E 724 2 13 41
E 724 3 13 41
E 724 4 13 41
E 724 5 9 28
T 725 37 0 6 0
E 725 0 -11 -34
E 725 1 -11 -34
E 725 2 -11 -34
E 725 3 -11 -34
E 725 4 -11 -34
E 725 5 -16 -50
T 726 34 0 6 0
E 726 0 14 44
E 726 1 14 44
E 726 2 14 44
E 726 3 14 44
E 726 4 14 44
E 726 5 8 25
T 727 39 0 6 0
E 727 0 -11 -35
E 727 1 -11 -35
E 727 2 -11 -35
E 727 3 -11 -35
E 727 4 -11 -35
E 727 5 -19 -57
T 728 26 0 6 0
E 728 0 12 38
E 728 1 12 38
E 728 2 12 38
E 728 3 12 38
E 728 4 12 38
E 728 5 4 13
T 729 30 0 6 0
E 729 0 -7 -22
E 729 1 -7 -22
E 729 2 -7 -22
E 729 3 -7 -22
E 729 4 -7 -22
E 729 5 -17 -51
T 730 24 0 5 0
E 730 0 12 36
E 730 1 12 36
E 730 2 12 36
E 730 3 12 36
E 730 4 12 36
T 731 25 0 6 0
E 731 0 -5 -17
E 731 1 -5 -17
E 731 2 -5 -17
E 731 3 -5 -17
E 731 4 -5 -17
E 731 5 -17 -52
T 732 16 0 5 0
E 732 0 9 29
E 732 1 9 29
E 732 2 9 29
E 732 3 9 29
E 732 4 9 29
T 733 31 0 6 0
E 733 0 -6 -19
E 733 1 -6 -19
E 733 2 -6 -19
E 733 3 -6 -19
E 733 4 -6 -19
E 733 5 -20 -60
T 734 14 0 6 0
E 734 0 10 32
E 734 1 10 32
E 734 2 10 32
E 734 3 10 32
E 734 4 10 32
E 734 5 -4 -13
T 735 31 0 6 0
E 735 0 -5 -15
E 735 1 -5 -15
E 735 2 -5 -15
E 735 3 -5 -15
E 735 4 -5 -15
E 735 5 -21 -63
T 736 19 0 6 0
E 736 0 12 37
E 736 1 12 37
E 736 2 12 37
E 736 3 12 37
E 736 4 12 37
E 736 5 -4 -14
T 737 29 0 6 0
E 737 0 -4 -13
E 737 1 -4 -13
E 737 2 -4 -13
E 737 3 -4 -13
E 737 4 -4 -13
E 737 5 -22 -67
T 738 13 0 6 0
E 738 0 11 35
E 738 1 11 35
E 738 2 11 35
E 738 3 11 35
E 738 4 11 35
E 738 5 -7 -22
T 739 34 0 6 0
E 739 0 -5 -17
E 739 1 -5 -17
E 739 2 -5 -17
E 739 3 -5 -17
E 739 4 -5 -17
E 739 5 -26 -78
T 740 9 0 6 0
E 740 0 10 30
E 740 1 10 30
E 740 2 10 30
E 740 3 10 30
E 740 4 10 30
E 740 5 -11 -34
T 741 33 0 6 0
E 741 0 -4 -14
E 741 1 -4 -14
E 741 2 -4 -14
E 741 3 -4 -14
E 741 4 -4 -14
E 741 5 -27 -81
T 742 15 0 6 0
E 742 0 13 40
E 742 1 13 40
E 742 2 13 40
E 742 3 13 40
E 742 4 13 40
E 742 5 -10 -30
T 743 41 0 6 0
E 743 0 -6 -19
E 743 1 -6 -19
E 743 2 -6 -19
E 743 3 -6 -19
E 743 4 -6 -19
E 743 5 -30 -92
T 744 16 0 6 0
E 744 0 14 43
E 744 1 14 43
E 744 2 14 43
E 744 3 14 43
E 744 4 14 43
E 744 5 -11 -34
T 745 21 0 1 0
E 745 5 -29 -88
T 746 8 0 6 0
E 746 0 7 23
E 746 1 7 23
E 746 2 7 23
E 746 3 7 23
E 746 4 7 23
E 746 5 -20 -60
T 747 35 0 1 0
E 747 5 -25 -76
T 748 3 0 6 0
E 748 0 11 34
E 748 1 11 34
E 748 2 11 34
E 748 3 11 34
E 748 4 11 34
E 748 5 -18 -55
T 749 32 0 1 0
E 749 5 -30 -91
T 750 17 0 6 0
E 750 0 11 33
E 750 1 11 33
E 750 2 11 33
E 750 3 11 33
E 750 4 11 33
E 750 5 -5 -15
T 751 31 0 6 0
E 751 0 -5 -15
E 751 1 -5 -15
E 751 2 -5 -15
E 751 3 -5 -15
E 751 4 -5 -15
E 751 5 -21 -63
T 752 16 0 6 0
E 752 0 11 35
E 752 1 11 35
E 752 2 11 35
E 752 3 11 35
E 752 4 11 35
E 752 5 -4 -13
T 753 8 0 1 0
E 753 5 -19 -59
T 754 20 0 1 0
E 754 5 -14 -42
T 755 1 0 6 0
E 755 0 6 20
E 755 1 6 20
E 755 2 6 20
E 755 3 6 20
E 755 4 6 20
E 755 5 -9 -28
T 756 12 0 1 0
E 756 5 -17 -53
T 757 24 0 1 0
E 757 5 -12 -36
T 758 14 0 6 0
E 758 0 10 30
E 758 1 10 30
E 758 2 10 30
E 758 3 10 30
E 758 4 10 30
E 758 5 -6 -18
T 759 26 0 6 0
E 759 0 -4 -14
E 759 1 -4 -14
E 759 2 -4 -14
E 759 3 -4 -14
E 759 4 -4 -14
E 759 5 -20 -62
T 760 17 0 6 0
E 760 0 11 33
E 760 1 11 33
E 760 2 11 33
E 760 3 11 33
E 760 4 11 33
E 760 5 -5 -15
T 761 8 0 1 0
E 761 5 -20 -60
T 762 22 0 1 0
E 762 5 -12 -38
T 763 5 0 6 0
E 763 0 7 22
E 763 1 7 22
E 763 2 7 22
E 763 3 7 22
E 763 4 7 22
E 763 5 -8 -26
T 764 11 0 1 0
E 764 5 -18 -55
T 765 22 0 1 0
E 765 5 -13 -39
T 766 1 0 6 0
E 766 0 6 20
E 766 1 6 20
E 766 2 6 20
E 766 3 6 20
E 766 4 6 20
E 766 5 -9 -28
T 767 12 0 1 0
E 767 5 -17 -53
T 768 20 0 1 0
E 768 5 -13 -41
T 769 4 0 6 0
E 769 0 7 23
E 769 1 7 23
E 769 2 7 23
E 769 3 7 23
E 769 4 7 23
E 769 5 -8 -25
T 770 15 0 1 0
E 770 5 -16 -49
T 771 2 0 6 0
E 771 0 5 17
E 771 1 5 17
E 771 2 5 17
E 771 3 5 17
E 771 4 5 17
E 771 5 -10 -31
T 772 22 0 1 0
E 772 5 -12 -38
T 773 11 0 6 0
E 773 0 9 28
E 773 1 9 28
E 773 2 9 28
E 773 3 9 28
E 773 4 9 28
E 773 5 -6 -20
T 774 13 0 1 0
E 774 5 -17 -52
T 775 1 0 6 0
E 775 0 5 16
E 775 1 5 16
E 775 2 5 16
E 775 3 5 16
E 775 4 5 16
E 775 5 -10 -32
T 776 16 0 1 0
E 776 5 -16 -48
T 777 5 0 6 0
E 777 0 7 21
E 777 1 7 21
E 777 2 7 21
E 777 3 7 21
E 777 4 7 21
E 777 5 -9 -27
T 778 16 0 1 0
E 778 5 -16 -48
T 779 24 0 1 0
E 779 5 -12 -36
T 780 5 0 6 0
E 780 0 7 22
E 780 1 7 22
E 780 2 7 22
E 780 3 7 22
E 780 4 7 22
E 780 5 -8 -26
T 781 10 0 1 0
E 781 5 -19 -57
T 782 2 0 6 0
E 782 0 6 18
E 782 1 6 18
E 782 2 6 18
E 782 3 6 18
E 782 4 6 18
E 782 5 -10 -30
T 783 16 0 1 0
E 783 5 -16 -48
T 784 2 0 6 0
E 784 0 5 17
E 784 1 5 17
E 784 2 5 17
E 784 3 5 17
E 784 4 5 17
E 784 5 -10 -31
T 785 20 0 1 0
E 785 5 -13 -41
T 786 2 0 6 0
E 786 0 5 17
E 786 1 5 17
E 786 2 5 17
E 786 3 5 17
E 786 4 5 17
E 786 5 -10 -31
T 787 22 0 1 0
E 787 5 -12 -38
T 788 4 0 6 0
E 788 0 7 23
E 788 1 7 23
E 788 2 7 23
E 788 3 7 23
E 788 4 7 23
E 788 5 -8 -25
T 789 17 0 1 0
E 789 5 -15 -46
T 790 4 0 6 0
E 790 0 4 13
E 790 1 4 13
E 790 2 4 13
E 790 3 4 13
E 790 4 4 13
E 790 5 -11 -35
T 791 20 0 1 0
E 791 5 -13 -41
T 792 1 0 6 0
E 792 0 5 16
E 792 1 5 16
E 792 2 5 16
E 792 3 5 16
E 792 4 5 16
E 792 5 -10 -32
T 793 16 0 1 0
E 793 5 -15 -47
T 794 2 0 6 0
E 794 0 5 17
E 794 1 5 17
E 794 2 5 17
E 794 3 5 17
E 794 4 5 17
E 794 5 -10 -31
T 795 15 0 1 0
E 795 5 -16 -49
T 796 2 0 6 0
E 796 0 6 19
E 796 1 6 19
E 796 2 6 19
E 796 3 6 19
E 796 4 6 19
E 796 5 -9 -29
T 797 13 0 1 0
E 797 5 -17 -52
T 798 2 0 6 0
E 798 0 6 18
E 798 1 6 18
E 798 2 6 18
E 798 3 6 18
E 798 4 6 18
E 798 5 -10 -30
T 799 12 0 1 0
E 799 5 -18 -54
T 800 24 0 1 0
E 800 5 -12 -36
T 801 5 0 6 0
E 801 0 7 22
E 801 1 7 22
E 801 2 7 22
E 801 3 7 22
E 801 4 7 22
E 801 5 -8 -26
T 802 14 0 1 0
E 802 5 -16 -50
T 803 22 0 1 0
E 803 5 -12 -38
T 804 10 0 6 0
E 804 0 9 29
E 804 1 9 29
E 804 2 9 29
E 804 3 9 29
E 804 4 9 29
E 804 5 -6 -19
T 805 27 0 6 0
E 805 0 -4 -13
E 805 1 -4 -13
E 805 2 -4 -13
E 805 3 -4 -13
E 805 4 -4 -13
E 805 5 -20 -61
T 806 17 0 6 0
E 806 0 11 34
E 806 1 11 34
E 806 2 11 34
E 806 3 11 34
E 806 4 11 34
E 806 5 -4 -14
T 807 32 0 6 0
E 807 0 -6 -20
E 807 1 -6 -20
E 807 2 -6 -20
E 807 3 -6 -20
E 807 4 -6 -20
E 807 5 -22 -68
T 808 11 0 6 0
E 808 0 9 28
E 808 1 9 28
E 808 2 9 28
E 808 3 9 28
E 808 4 9 28
E 808 5 -6 -20
T 809 31 0 6 0
E 809 0 -5 -15
E 809 1 -5 -15
E 809 2 -5 -15
E 809 3 -5 -15
E 809 4 -5 -15
E 809 5 -21 -63
T 810 14 0 6 0
E 810 0 10 30
E 810 1 10 30
E 810 2 10 30
E 810 3 10 30
E 810 4 10 30
E 810 5 -6 -18
T 811 10 0 1 0
E 811 5 -19 -57
T 812 21 0 1 0
E 812 5 -13 -40
T 813 1 0 6 0
E 813 0 6 20
E 813 1 6 20
E 813 2 6 20
E 813 3 6 20
E 813 4 6 20
E 813 5 -9 -28
T 814 16 0 1 0
E 814 5 -15 -47
T 815 2 0 6 0
E 815 0 5 17
E 815 1 5 17
E 815 2 5 17
E 815 3 5 17
E 815 4 5 17
E 815 5 -10 -31
T 816 19 0 1 0
E 816 5 -14 -43
T 817 6 0 6 0
E 817 0 7 22
E 817 1 7 22
E 817 2 7 22
E 817 3 7 22
E 817 4 7 22
E 817 5 -7 -23
T 818 11 0 1 0
E 818 5 -15 -47
T 819 20 0 1 0
E 819 5 -10 -30
T 820 5 0 6 0
E 820 0 6 20
E 820 1 6 20
E 820 2 6 20
E 820 3 6 20
E 820 4 6 20
E 820 5 -5 -17
T 821 8 0 1 0
E 821 5 -13 -40
T 822 14 0 1 0
E 822 5 -9 -27
T 823 11 0 5 0
E 823 0 6 19
E 823 1 6 19
E 823 2 6 19
E 823 3 6 19
E 823 4 6 19
T 824 27 0 6 0
E 824 0 -6 -18
E 824 1 -6 -18
E 824 2 -6 -18
E 824 3 -6 -18
E 824 4 -6 -18
E 824 5 -15 -45
T 825 20 0 5 0
E 825 0 10 30
E 825 1 10 30
E 825 2 10 30
E 825 3 10 30
E 825 4 10 30
T 826 24 0 6 0
E 826 0 -6 -20
E 826 1 -6 -20
E 826 2 -6 -20
E 826 3 -6 -20
E 826 4 -6 -20
E 826 5 -14 -42
T 827 12 0 5 0
E 827 0 7 23
E 827 1 7 23
E 827 2 7 23
E 827 3 7 23
E 827 4 7 23
T 828 23 0 6 0
E 828 0 -6 -18
E 828 1 -6 -18
E 828 2 -6 -18
E 828 3 -6 -18
E 828 4 -6 -18
E 828 5 -11 -35
T 829 11 0 5 0
E 829 0 6 19
E 829 1 6 19
E 829 2 6 19
E 829 3 6 19
E 829 4 6 19
T 830 3 0 1 0
E 830 5 -7 -21
T 831 1 0 0 0
T 832 5 0 0 0
T 833 7 0 0 0
T 834 11 0 6 0
E 834 0 -4 -14
E 834 1 -4 -14
E 834 2 -4 -14
E 834 3 -4 -14
E 834 4 -4 -14
E 834 5 -5 -15
T 835 5 0 0 0
T 836 5 0 1 0
E 836 5 4 13
T 837 3 0 1 0
E 837 5 4 14
T 838 1 0 1 0
E 838 5 4 14
T 839 1 0 0 0
T 840 5 0 1 0
E 840 5 5 15
T 841 7 0 1 0
E 841 5 4 14
T 842 8 0 1 0
E 842 5 5 17
T 843 6 0 5 0
E 843 0 -4 -14
E 843 1 -4 -14
E 843 2 -4 -14
E 843 3 -4 -14
E 843 4 -4 -14
T 844 1 0 1 0
E 844 5 11 35
T 845 9 0 1 0
E 845 5 9 28
T 846 14 0 1 0
E 846 5 7 23
T 847 4 0 6 0
E 847 0 -5 -17
E 847 1 -5 -17
E 847 2 -5 -17
E 847 3 -5 -17
E 847 4 -5 -17
E 847 5 4 13
T 848 11 0 1 0
E 848 5 9 28
T 849 15 0 1 0
E 849 5 7 22
T 850 13 0 5 0
E 850 0 -7 -22
E 850 1 -7 -22
E 850 2 -7 -22
E 850 3 -7 -22
E 850 4 -7 -22
T 851 23 0 6 0
E 851 0 5 17
E 851 1 5 17
E 851 2 5 17
E 851 3 5 17
E 851 4 5 17
E 851 5 15 47
T 852 20 0 5 0
E 852 0 -10 -30
E 852 1 -10 -30
E 852 2 -10 -30
E 852 3 -10 -30
E 852 4 -10 -30
T 853 25 0 6 0
E 853 0 5 15
E 853 1 5 15
E 853 2 5 15
E 853 3 5 15
E 853 4 5 15
E 853 5 15 45
T 854 12 0 5 0
E 854 0 -7 -23
E 854 1 -7 -23
E 854 2 -7 -23
E 854 3 -7 -23
E 854 4 -7 -23
T 855 2 0 1 0
E 855 5 13 41
T 856 14 0 1 0
E 856 5 8 24
T 857 5 0 6 0
E 857 0 -5 -15
E 857 1 -5 -15
E 857 2 -5 -15
E 857 3 -5 -15
E 857 4 -5 -15
E 857 5 5 15
T 858 8 0 1 0
E 858 5 10 32
T 859 15 0 1 0
E 859 5 7 22
T 860 11 0 5 0
E 860 0 -6 -19
E 860 1 -6 -19
E 860 2 -6 -19
E 860 3 -6 -19
E 860 4 -6 -19
T 861 6 0 1 0
E 861 5 11 35
T 862 15 0 1 0
E 862 5 7 22
T 863 2 0 6 0
E 863 0 -4 -13
E 863 1 -4 -13
E 863 2 -4 -13
E 863 3 -4 -13
E 863 4 -4 -13
E 863 5 5 17
T 864 10 0 1 0
E 864 5 10 30
T 865 18 0 1 0
E 865 5 6 18
T 866 13 0 5 0
E 866 0 -7 -22
E 866 1 -7 -22
E 866 2 -7 -22
E 866 3 -7 -22
E 866 4 -7 -22
T 867 3 0 1 0
E 867 5 14 42
T 868 12 0 1 0
E 868 5 10 30
T 869 0 0 6 0
E 869 0 -4 -14
E 869 1 -4 -14
E 869 2 -4 -14
E 869 3 -4 -14
E 869 4 -4 -14
E 869 5 6 19
T 870 15 0 1 0
E 870 5 9 27
T 871 7 0 6 0
E 871 0 -6 -18
E 871 1 -6 -18
E 871 2 -6 -18
E 871 3 -6 -18
E 871 4 -6 -18
E 871 5 5 16
T 872 4 0 1 0
E 872 5 15 45
T 873 18 0 1 0
E 873 5 8 25
T 874 16 0 5 0
E 874 0 -8 -24
E 874 1 -8 -24
E 874 2 -8 -24
E 874 3 -8 -24
E 874 4 -8 -24
T 875 5 0 1 0
E 875 5 15 46
T 876 19 0 1 0
E 876 5 8 26
T 877 2 0 6 0
E 877 0 -5 -17
E 877 1 -5 -17
E 877 2 -5 -17
E 877 3 -5 -17
E 877 4 -5 -17
E 877 5 6 20
T 878 16 0 1 0
E 878 5 10 32
T 879 5 0 6 0
E 879 0 -6 -18
E 879 1 -6 -18
E 879 2 -6 -18
E 879 3 -6 -18
E 879 4 -6 -18
E 879 5 7 21
T 880 7 0 1 0
E 880 5 16 48
T 881 21 0 1 0
E 881 5 9 28
T 882 17 0 5 0
E 882 0 -9 -28
E 882 1 -9 -28
E 882 2 -9 -28
E 882 3 -9 -28
E 882 4 -9 -28
T 883 30 0 6 0
E 883 0 6 20
E 883 1 6 20
E 883 2 6 20
E 883 3 6 20
E 883 4 6 20
E 883 5 20 61
T 884 19 0 5 0
E 884 0 -10 -31
E 884 1 -10 -31
E 884 2 -10 -31
E 884 3 -10 -31
E 884 4 -10 -31
T 885 6 0 1 0
E 885 5 18 54
T 886 17 0 1 0
E 886 5 13 39
T 887 3 0 6 0
E 887 0 -6 -19
E 887 1 -6 -19
E 887 2 -6 -19
E 887 3 -6 -19
E 887 4 -6 -19
E 887 5 8 24
T 888 12 0 1 0
E 888 5 16 48
T 889 0 0 6 0
E 889 0 -5 -15
E 889 1 -5 -15
E 889 2 -5 -15
E 889 3 -5 -15
E 889 4 -5 -15
E 889 5 10 30
T 890 12 0 1 0
E 890 5 16 49
T 891 22 0 1 0
E 891 5 12 36
T 892 1 0 6 0
E 892 0 -5 -17
E 892 1 -5 -17
E 892 2 -5 -17
E 892 3 -5 -17
E 892 4 -5 -17
E 892 5 9 29
T 893 18 0 1 0
E 893 5 14 43
T 894 2 0 6 0
E 894 0 -5 -17
E 894 1 -5 -17
E 894 2 -5 -17
E 894 3 -5 -17
E 894 4 -5 -17
E 894 5 10 31
T 895 22 0 1 0
E 895 5 13 39
T 896 7 0 6 0
E 896 0 -8 -26
E 896 1 -8 -26
E 896 2 -8 -26
E 896 3 -8 -26
E 896 4 -8 -26
E 896 5 7 22
T 897 11 0 1 0
E 897 5 18 55
T 898 4 0 6 0
E 898 0 -4 -13
E 898 1 -4 -13
E 898 2 -4 -13
E 898 3 -4 -13
E 898 4 -4 -13
E 898 5 11 35
T 899 16 0 1 0
E 899 5 15 47
T 900 1 0 6 0
E 900 0 -5 -16
E 900 1 -5 -16
E 900 2 -5 -16
E 900 3 -5 -16
E 900 4 -5 -16
E 900 5 10 32
T 901 16 0 1 0
E 901 5 16 48
T 902 4 0 6 0
E 902 0 -7 -23
E 902 1 -7 -23
E 902 2 -7 -23
E 902 3 -7 -23
E 902 4 -7 -23
E 902 5 8 25
T 903 12 0 1 0
E 903 5 18 54
T 904 1 0 6 0
E 904 0 -6 -20
E 904 1 -6 -20
E 904 2 -6 -20
E 904 3 -6 -20
E 904 4 -6 -20
E 904 5 9 28
T 905 14 0 1 0
E 905 5 17 51
T 906 22 0 1 0
E 906 5 12 38
T 907 2 0 6 0
E 907 0 -5 -17
E 907 1 -5 -17
E 907 2 -5 -17
E 907 3 -5 -17
E 907 4 -5 -17
E 907 5 10 31
T 908 19 0 1 0
E 908 5 14 43
T 909 1 0 6 0
E 909 0 -5 -16
E 909 1 -5 -16
E 909 2 -5 -16
E 909 3 -5 -16
E 909 4 -5 -16
E 909 5 10 32
T 910 18 0 1 0
E 910 5 15 45
T 911 8 0 6 0
E 911 0 -8 -25
E 911 1 -8 -25
E 911 2 -8 -25
E 911 3 -8 -25
E 911 4 -8 -25
E 911 5 7 23
T 912 11 0 1 0
E 912 5 18 55
T 913 24 0 1 0
E 913 5 12 36
T 914 8 0 6 0
E 914 0 -8 -25
E 914 1 -8 -25
E 914 2 -8 -25
E 914 3 -8 -25
E 914 4 -8 -25
E 914 5 7 23
T 915 12 0 1 0
E 915 5 18 54
T 916 2 0 6 0
E 916 0 -5 -17
E 916 1 -5 -17
E 916 2 -5 -17
E 916 3 -5 -17
E 916 4 -5 -17
E 916 5 10 31
T 917 14 0 1 0
E 917 5 17 51
T 918 24 0 1 0
E 918 5 12 36
T 919 8 0 6 0
E 919 0 -8 -24
E 919 1 -8 -24
E 919 2 -8 -24
E 919 3 -8 -24
E 919 4 -8 -24
E 919 5 8 24
T 920 15 0 1 0
E 920 5 16 49
T 921 4 0 6 0
E 921 0 -7 -23
E 921 1 -7 -23
E 921 2 -7 -23
E 921 3 -7 -23
E 921 4 -7 -23
E 921 5 8 25
T 922 16 0 1 0
E 922 5 16 48
T 923 4 0 6 0
E 923 0 -4 -13
E 923 1 -4 -13
E 923 2 -4 -13
E 923 3 -4 -13
E 923 4 -4 -13
E 923 5 11 35
T 924 18 0 1 0
E 924 5 14 44
T 925 2 0 6 0
E 925 0 -5 -17
E 925 1 -5 -17
E 925 2 -5 -17
E 925 3 -5 -17
E 925 4 -5 -17
E 925 5 10 31
T 926 20 0 1 0
E 926 5 14 42
T 927 8 0 6 0
E 927 0 -8 -25
E 927 1 -8 -25
E 927 2 -8 -25
E 927 3 -8 -25
E 927 4 -8 -25
E 927 5 7 23
T 928 14 0 1 0
E 928 5 16 50
T 929 23 0 1 0
E 929 5 12 37
T 930 14 0 6 0
E 930 0 -10 -30
E 930 1 -10 -30
E 930 2 -10 -30
E 930 3 -10 -30
E 930 4 -10 -30
E 930 5 6 18
T 931 29 0 6 0
E 931 0 5 17
E 931 1 5 17
E 931 2 5 17
E 931 3 5 17
E 931 4 5 17
E 931 5 21 65
T 932 10 0 6 0
E 932 0 -9 -29
E 932 1 -9 -29
E 932 2 -9 -29
E 932 3 -9 -29
E 932 4 -9 -29
E 932 5 6 19
T 933 9 0 1 0
E 933 5 19 58
T 934 22 0 1 0
E 934 5 12 38
T 935 1 0 6 0
E 935 0 -6 -20
E 935 1 -6 -20
E 935 2 -6 -20
E 935 3 -6 -20
E 935 4 -6 -20
E 935 5 9 28
T 936 20 0 1 0
E 936 5 14 42
T 937 5 0 6 0
E 937 0 -7 -21
E 937 1 -7 -21
E 937 2 -7 -21
E 937 3 -7 -21
E 937 4 -7 -21
E 937 5 9 27
T 938 18 0 1 0
E 938 5 15 45
T 939 7 0 6 0
E 939 0 -8 -26
E 939 1 -8 -26
E 939 2 -8 -26
E 939 3 -8 -26
E 939 4 -8 -26
E 939 5 7 22
T 940 11 0 1 0
E 940 5 18 55
T 941 1 0 6 0
E 941 0 -5 -16
E 941 1 -5 -16
E 941 2 -5 -16
E 941 3 -5 -16
E 941 4 -5 -16
E 941 5 10 32
T 942 18 0 1 0
E 942 5 15 45
T 943 1 0 6 0
E 943 0 -5 -15
E 943 1 -5 -15
E 943 2 -5 -15
E 943 3 -5 -15
E 943 4 -5 -15
E 943 5 11 33
T 944 18 0 1 0
E 944 5 14 44
T 945 8 0 6 0
E 945 0 -8 -25
E 945 1 -8 -25
E 945 2 -8 -25
E 945 3 -8 -25
E 945 4 -8 -25
E 945 5 7 23
T 946 12 0 1 0
E 946 5 17 53
T 947 22 0 1 0
E 947 5 13 39
T 948 5 0 6 0
E 948 0 -7 -21
E 948 1 -7 -21
E 948 2 -7 -21
E 948 3 -7 -21
E 948 4 -7 -21
E 948 5 9 27
T 949 17 0 1 0
E 949 5 15 46
T 950 2 0 6 0
E 950 0 -6 -18
E 950 1 -6 -18
E 950 2 -6 -18
E 950 3 -6 -18
E 950 4 -6 -18
E 950 5 10 30
T 951 20 0 1 0
E 951 5 14 42
T 952 5 0 6 0
E 952 0 -7 -22
E 952 1 -7 -22
E 952 2 -7 -22
E 952 3 -7 -22
E 952 4 -7 -22
E 952 5 8 26
T 953 13 0 1 0
E 953 5 17 52
T 954 1 0 6 0
E 954 0 -6 -20
E 954 1 -6 -20
E 954 2 -6 -20
E 954 3 -6 -20
E 954 4 -6 -20
E 954 5 9 28
T 955 16 0 1 0
E 955 5 16 48
T 956 1 0 6 0
E 956 0 -5 -15
E 956 1 -5 -15
E 956 2 -5 -15
E 956 3 -5 -15
E 956 4 -5 -15
E 956 5 11 33
T 957 19 0 1 0
E 957 5 14 43
T 958 11 0 6 0
E 958 0 -9 -27
E 958 1 -9 -27
E 958 2 -9 -27
E 958 3 -9 -27
E 958 4 -9 -27
E 958 5 7 21
T 959 10 0 1 0
E 959 5 19 57
T 960 32 0 6 0
E 960 0 11 34
E 960 1 11 34
E 960 2 11 34
E 960 3 11 34
E 960 4 11 34
E 960 5 11 34
T 961 29 0 6 0
E 961 0 -10 -32
E 961 1 -10 -32
E 961 2 -10 -32
E 961 3 -10 -32
E 961 4 -10 -32
E 961 5 -11 -35
T 962 20 0 6 0
E 962 0 8 26
E 962 1 8 26
E 962 2 8 26
E 962 3 8 26
E 962 4 8 26
E 962 5 6 20
T 963 14 0 6 0
E 963 0 -4 -13
E 963 1 -4 -13
E 963 2 -4 -13
E 963 3 -4 -13
E 963 4 -4 -13
E 963 5 -7 -22
T 964 11 0 0 0
T 965 7 0 5 0
E 965 0 4 13
E 965 1 4 13
E 965 2 4 13
E 965 3 4 13
E 965 4 4 13
T 966 5 0 1 0
E 966 5 -7 -21
T 967 12 0 1 0
E 967 5 -4 -14
T 968 6 0 5 0
E 968 0 4 14
E 968 1 4 14
E 968 2 4 14
E 968 3 4 14
E 968 4 4 14
T 969 6 0 1 0
E 969 5 -11 -34
T 970 14 0 1 0
E 970 5 -8 -26
T 971 0 0 6 0
E 971 0 4 13
E 971 1 4 13
E 971 2 4 13
E 971 3 4 13
E 971 4 4 13
E 971 5 -7 -22
T 972 12 0 1 0
E 972 5 -12 -38
T 973 2 0 6 0
E 973 0 4 13
E 973 1 4 13
E 973 2 4 13
E 973 3 4 13
E 973 4 4 13
E 973 5 -9 -28
T 974 13 0 1 0
E 974 5 -15 -47
T 975 5 0 6 0
E 975 0 4 14
E 975 1 4 14
E 975 2 4 14
E 975 3 4 14
E 975 4 4 14
E 975 5 -11 -34
T 976 20 0 1 0
E 976 5 -15 -46
T 977 6 0 6 0
E 977 0 8 24
E 977 1 8 24
E 977 2 8 24
E 977 3 8 24
E 977 4 8 24
E 977 5 -10 -30
T 978 15 0 1 0
E 978 5 -21 -63
T 979 5 0 6 0
E 979 0 5 15
E 979 1 5 15
E 979 2 5 15
E 979 3 5 15
E 979 4 5 15
E 979 5 -15 -46
T 980 24 0 1 0
E 980 5 -20 -60
T 981 7 0 6 0
E 981 0 10 31
E 981 1 10 31
E 981 2 10 31
E 981 3 10 31
E 981 4 10 31
E 981 5 -12 -36
T 982 18 0 1 0
E 982 5 -26 -78
T 983 9 0 6 0
E 983 0 5 15
E 983 1 5 15
E 983 2 5 15
E 983 3 5 15
E 983 4 5 15
E 983 5 -19 -58
T 984 33 0 1 0
E 984 5 -21 -65
T 985 11 0 6 0
E 985 0 13 41
E 985 1 13 41
E 985 2 13 41
E 985 3 13 41
E 985 4 13 41
E 985 5 -13 -39
T 986 22 0 1 0
E 986 5 -30 -91
T 987 12 0 6 0
E 987 0 6 20
E 987 1 6 20
E 987 2 6 20
E 987 3 6 20
E 987 4 6 20
E 987 5 -22 -66
T 988 11 0 6 0
E 988 0 6 18
E 988 1 6 18
E 988 2 6 18
E 988 3 6 18
E 988 4 6 18
E 988 5 -23 -71
T 989 13 0 6 0
E 989 0 6 18
E 989 1 6 18
E 989 2 6 18
E 989 3 6 18
E 989 4 6 18
E 989 5 -25 -75
T 990 2 0 6 0
E 990 0 6 18
E 990 1 6 18
E 990 2 6 18
E 990 3 6 18
E 990 4 6 18
E 990 5 -10 -30
T 991 11 0 1 0
E 991 5 -18 -55
T 992 2 0 6 0
E 992 0 6 19
E 992 1 6 19
E 992 2 6 19
E 992 3 6 19
E 992 4 6 19
E 992 5 -9 -29
T 993 16 0 1 0
E 993 5 -15 -47
T 994 4 0 6 0
E 994 0 4 13
E 994 1 4 13
E 994 2 4 13
E 994 3 4 13
E 994 4 4 13
E 994 5 -11 -35
T 995 20 0 1 0
E 995 5 -14 -42
T 996 11 0 6 0
E 996 0 9 27
E 996 1 9 27
E 996 2 9 27
E 996 3 9 27
E 996 4 9 27
E 996 5 -7 -21
T 997 26 0 6 0
E 997 0 -4 -14
E 997 1 -4 -14
E 997 2 -4 -14
E 997 3 -4 -14
E 997 4 -4 -14
E 997 5 -20 -62
T 998 10 0 6 0
E 998 0 9 29
E 998 1 9 29
E 998 2 9 29
E 998 3 9 29
E 998 4 9 29
E 998 5 -6 -19
T 999 8 0 1 0
E 999 5 -20 -60
T 1000 22 0 1 0
E 1000 5 -12 -38
T 1001 1 0 6 0
E 1001 0 6 20
E 1001 1 6 20
E 1001 2 6 20
E 1001 3 6 20
E 1001 4 6 20
E 1001 5 -9 -28
T 1002 18 0 1 0
E 1002 5 -14 -44
T 1003 1 0 6 0
E 1003 0 5 16
E 1003 1 5 16
E 1003 2 5 16
E 1003 3 5 16
E 1003 4 5 16
E 1003 5 -10 -32
T 1004 22 0 1 0
E 1004 5 -13 -39
T 1005 7 0 6 0
E 1005 0 8 26
E 1005 1 8 26
E 1005 2 8 26
E 1005 3 8 26
E 1005 4 8 26
E 1005 5 -7 -22
T 1006 16 0 1 0
E 1006 5 -16 -48
T 1007 1 0 6 0
E 1007 0 5 15
E 1007 1 5 15
E 1007 2 5 15
E 1007 3 5 15
E 1007 4 5 15
E 1007 5 -11 -33
T 1008 13 0 1 0
E 1008 5 -17 -52
T 1009 23 0 1 0
E 1009 5 -12 -37
T 1010 11 0 6 0
E 1010 0 9 27
E 1010 1 9 27
E 1010 2 9 27
E 1010 3 9 27
E 1010 4 9 27
E 1010 5 -7 -21
T 1011 8 0 1 0
E 1011 5 -20 -60
T 1012 4 0 6 0
E 1012 0 4 13
E 1012 1 4 13
E 1012 2 4 13
E 1012 3 4 13
E 1012 4 4 13
E 1012 5 -11 -35
T 1013 20 0 1 0
E 1013 5 -14 -42
T 1014 1 0 6 0
E 1014 0 5 16
E 1014 1 5 16
E 1014 2 5 16
E 1014 3 5 16
E 1014 4 5 16
E 1014 5 -10 -32
T 1015 16 0 1 0
E 1015 5 -15 -47
T 1016 5 0 6 0
E 1016 0 7 21
E 1016 1 7 21
E 1016 2 7 21
E 1016 3 7 21
E 1016 4 7 21
E 1016 5 -9 -27
T 1017 14 0 1 0
E 1017 5 -17 -51
T 1018 1 0 6 0
E 1018 0 5 15
E 1018 1 5 15
E 1018 2 5 15
E 1018 3 5 15
E 1018 4 5 15
E 1018 5 -11 -33
T 1019 16 0 1 0
E 1019 5 -15 -47
T 1020 4 0 6 0
E 1020 0 7 23
E 1020 1 7 23
E 1020 2 7 23
E 1020 3 7 23
E 1020 4 7 23
E 1020 5 -8 -25
T 1021 17 0 1 0
E 1021 5 -15 -46
T 1022 2 0 6 0
E 1022 0 5 17
E 1022 1 5 17
E 1022 2 5 17
E 1022 3 5 17
E 1022 4 5 17
E 1022 5 -10 -31
T 1023 19 0 1 0
E 1023 5 -14 -43
T 1024 4 0 6 0
E 1024 0 7 23
E 1024 1 7 23
E 1024 2 7 23
E 1024 3 7 23
E 1024 4 7 23
E 1024 5 -8 -25
T 1025 11 0 1 0
E 1025 5 -18 -55
T 1026 1 0 6 0
E 1026 0 5 16
E 1026 1 5 16
E 1026 2 5 16
E 1026 3 5 16
E 1026 4 5 16
E 1026 5 -10 -32
T 1027 16 0 1 0
E 1027 5 -16 -48
T 1028 23 0 1 0
E 1028 5 -12 -37
T 1029 4 0 6 0
E 1029 0 7 23
E 1029 1 7 23
E 1029 2 7 23
E 1029 3 7 23
E 1029 4 7 23
E 1029 5 -8 -25
T 1030 14 0 1 0
E 1030 5 -16 -50
T 1031 1 0 6 0
E 1031 0 5 15
E 1031 1 5 15
E 1031 2 5 15
E 1031 3 5 15
E 1031 4 5 15
E 1031 5 -11 -33
T 1032 14 0 1 0
E 1032 5 -16 -50
T 1033 2 0 6 0
E 1033 0 6 18
E 1033 1 6 18
E 1033 2 6 18
E 1033 3 6 18
E 1033 4 6 18
E 1033 5 -10 -30
T 1034 14 0 1 0
E 1034 5 -17 -51
T 1035 2 0 6 0
E 1035 0 6 19
E 1035 1 6 19
E 1035 2 6 19
E 1035 3 6 19
E 1035 4 6 19
E 1035 5 -9 -29
T 1036 18 0 1 0
E 1036 5 -14 -44
T 1037 1 0 6 0
E 1037 0 5 15
E 1037 1 5 15
E 1037 2 5 15
E 1037 3 5 15
E 1037 4 5 15
E 1037 5 -11 -33
T 1038 16 0 1 0
E 1038 5 -16 -48
T 1039 2 0 6 0
E 1039 0 6 19
E 1039 1 6 19
E 1039 2 6 19
E 1039 3 6 19
E 1039 4 6 19
E 1039 5 -9 -29
T 1040 20 0 1 0
E 1040 5 -14 -42
T 1041 2 0 6 0
E 1041 0 6 18
E 1041 1 6 18
E 1041 2 6 18
E 1041 3 6 18
E 1041 4 6 18
E 1041 5 -10 -30
T 1042 20 0 1 0
E 1042 5 -14 -42
T 1043 5 0 6 0
E 1043 0 7 21
E 1043 1 7 21
E 1043 2 7 21
E 1043 3 7 21
E 1043 4 7 21
E 1043 5 -9 -27
T 1044 11 0 1 0
E 1044 5 -18 -55
T 1045 2 0 6 0
E 1045 0 6 18
E 1045 1 6 18
E 1045 2 6 18
E 1045 3 6 18
E 1045 4 6 18
E 1045 5 -10 -30
T 1046 11 0 1 0
E 1046 5 -18 -55
T 1047 2 0 6 0
E 1047 0 6 19
E 1047 1 6 19
E 1047 2 6 19
E 1047 3 6 19
E 1047 4 6 19
E 1047 5 -9 -29
T 1048 11 0 1 0
E 1048 5 -18 -55
T 1049 5 0 6 0
E 1049 0 4 14
E 1049 1 4 14
E 1049 2 4 14
E 1049 3 4 14
E 1049 4 4 14
E 1049 5 -11 -34
T 1050 16 0 1 0
E 1050 5 -15 -47
T 1051 5 0 6 0
E 1051 0 7 22
E 1051 1 7 22
E 1051 2 7 22
E 1051 3 7 22
E 1051 4 7 22
E 1051 5 -8 -26
T 1052 11 0 1 0
E 1052 5 -18 -55
T 1053 24 0 1 0
E 1053 5 -12 -36
T 1054 14 0 6 0
E 1054 0 10 30
E 1054 1 10 30
E 1054 2 10 30
E 1054 3 10 30
E 1054 4 10 30
E 1054 5 -6 -18
T 1055 12 0 1 0
E 1055 5 -18 -54
T 1056 2 0 6 0
E 1056 0 6 19
E 1056 1 6 19
E 1056 2 6 19
E 1056 3 6 19
E 1056 4 6 19
E 1056 5 -9 -29
T 1057 9 0 1 0
E 1057 5 -18 -54
T 1058 19 0 1 0
E 1058 5 -12 -36
T 1059 2 0 6 0
E 1059 0 4 14
E 1059 1 4 14
E 1059 2 4 14
E 1059 3 4 14
E 1059 4 4 14
E 1059 5 -8 -26
T 1060 10 0 1 0
E 1060 5 -13 -40
T 1061 16 0 1 0
E 1061 5 -9 -28
T 1062 4 0 6 0
E 1062 0 5 16
E 1062 1 5 16
E 1062 2 5 16
E 1062 3 5 16
E 1062 4 5 16
E 1062 5 -5 -16
T 1063 2 0 1 0
E 1063 5 -13 -41
T 1064 5 0 1 0
E 1064 5 -10 -32
T 1065 14 0 1 0
E 1065 5 -5 -15
T 1066 11 0 5 0
E 1066 0 6 19
E 1066 1 6 19
E 1066 2 6 19
E 1066 3 6 19
E 1066 4 6 19
T 1067 20 0 6 0
E 1067 0 -5 -17
E 1067 1 -5 -17
E 1067 2 -5 -17
E 1067 3 -5 -17
E 1067 4 -5 -17
E 1067 5 -12 -36
T 1068 10 0 5 0
E 1068 0 6 20
E 1068 1 6 20
E 1068 2 6 20
E 1068 3 6 20
E 1068 4 6 20
T 1069 4 0 1 0
E 1069 5 -8 -26
T 1070 4 0 1 0
E 1070 5 -7 -22
T 1071 0 0 1 0
E 1071 5 -4 -13
T 1072 5 0 0 0
T 1073 3 0 0 0
T 1074 1 0 0 0
T 1075 2 0 0 0
T 1076 6 0 0 0
T 1077 2 0 0 0
T 1078 1 0 1 0
E 1078 5 4 14
T 1079 0 0 1 0
E 1079 5 6 18
T 1080 5 0 1 0
E 1080 5 4 14
T 1081 7 0 1 0
E 1081 5 5 15
T 1082 6 0 5 0
E 1082 0 -4 -14
E 1082 1 -4 -14
E 1082 2 -4 -14
E 1082 3 -4 -14
E 1082 4 -4 -14
T 1083 8 0 1 0
E 1083 5 7 21
T 1084 6 0 5 0
E 1084 0 -4 -14
E 1084 1 -4 -14
E 1084 2 -4 -14
E 1084 3 -4 -14
E 1084 4 -4 -14
T 1085 4 0 1 0
E 1085 5 12 36
T 1086 16 0 1 0
E 1086 5 7 21
T 1087 4 0 6 0
E 1087 0 -5 -17
E 1087 1 -5 -17
E 1087 2 -5 -17
E 1087 3 -5 -17
E 1087 4 -5 -17
E 1087 5 4 13
T 1088 9 0 1 0
E 1088 5 10 31
T 1089 14 0 1 0
E 1089 5 7 23
T 1090 18 0 1 0
E 1090 5 6 18
T 1091 1 0 6 0
E 1091 0 -4 -14
E 1091 1 -4 -14
E 1091 2 -4 -14
E 1091 3 -4 -14
E 1091 4 -4 -14
E 1091 5 5 16
T 1092 12 0 1 0
E 1092 5 9 27
T 1093 15 0 1 0
E 1093 5 7 22
T 1094 14 0 5 0
E 1094 0 -7 -21
E 1094 1 -7 -21
E 1094 2 -7 -21
E 1094 3 -7 -21
E 1094 4 -7 -21
T 1095 3 0 1 0
E 1095 5 13 40
T 1096 12 0 1 0
E 1096 5 9 27
T 1097 4 0 6 0
E 1097 0 -5 -17
E 1097 1 -5 -17
E 1097 2 -5 -17
E 1097 3 -5 -17
E 1097 4 -5 -17
E 1097 5 4 13
T 1098 12 0 1 0
E 1098 5 9 27
T 1099 11 0 5 0
E 1099 0 -6 -19
E 1099 1 -6 -19
E 1099 2 -6 -19
E 1099 3 -6 -19
E 1099 4 -6 -19
T 1100 25 0 6 0
E 1100 0 5 15
E 1100 1 5 15
E 1100 2 5 15
E 1100 3 5 15
E 1100 4 5 15
E 1100 5 15 45
T 1101 18 0 5 0
E 1101 0 -9 -27
E 1101 1 -9 -27
E 1101 2 -9 -27
E 1101 3 -9 -27
E 1101 4 -9 -27
T 1102 21 0 6 0
E 1102 0 4 13
E 1102 1 4 13
E 1102 2 4 13
E 1102 3 4 13
E 1102 4 4 13
E 1102 5 14 43
T 1103 18 0 5 0
E 1103 0 -9 -27
E 1103 1 -9 -27
E 1103 2 -9 -27
E 1103 3 -9 -27
E 1103 4 -9 -27
T 1104 2 0 1 0
E 1104 5 14 42
T 1105 8 0 1 0
E 1105 5 10 32
T 1106 17 0 1 0
E 1106 5 7 21
T 1107 10 0 5 0
E 1107 0 -6 -20
E 1107 1 -6 -20
E 1107 2 -6 -20
E 1107 3 -6 -20
E 1107 4 -6 -20
T 1108 8 0 1 0
E 1108 5 11 35
T 1109 17 0 1 0
E 1109 5 8 24
T 1110 14 0 5 0
E 1110 0 -7 -21
E 1110 1 -7 -21
E 1110 2 -7 -21
E 1110 3 -7 -21
E 1110 4 -7 -21
T 1111 6 0 1 0
E 1111 5 14 42
T 1112 17 0 1 0
E 1112 5 8 25
T 1113 2 0 6 0
E 1113 0 -5 -17
E 1113 1 -5 -17
E 1113 2 -5 -17
E 1113 3 -5 -17
E 1113 4 -5 -17
E 1113 5 6 18
T 1114 16 0 1 0
E 1114 5 10 30
T 1115 6 0 6 0
E 1115 0 -6 -18
E 1115 1 -6 -18
E 1115 2 -6 -18
E 1115 3 -6 -18
E 1115 4 -6 -18
E 1115 5 6 18
T 1116 6 0 1 0
E 1116 5 15 46
T 1117 17 0 1 0
E 1117 5 9 29
T 1118 6 0 6 0
E 1118 0 -6 -18
E 1118 1 -6 -18
E 1118 2 -6 -18
E 1118 3 -6 -18
E 1118 4 -6 -18
E 1118 5 6 20
T 1119 9 0 1 0
E 1119 5 14 44
T 1120 19 0 1 0
E 1120 5 9 29
T 1121 1 0 6 0
E 1121 0 -5 -16
E 1121 1 -5 -16
E 1121 2 -5 -16
E 1121 3 -5 -16
E 1121 4 -5 -16
E 1121 5 8 24
T 1122 14 0 1 0
E 1122 5 13 39
T 1123 21 0 1 0
E 1123 5 9 29
T 1124 6 0 6 0
E 1124 0 -7 -23
E 1124 1 -7 -23
E 1124 2 -7 -23
E 1124 3 -7 -23
E 1124 4 -7 -23
E 1124 5 6 19
T 1125 7 0 1 0
E 1125 5 17 52
T 1126 21 0 1 0
E 1126 5 10 32
T 1127 7 0 6 0
E 1127 0 -7 -21
E 1127 1 -7 -21
E 1127 2 -7 -21
E 1127 3 -7 -21
E 1127 4 -7 -21
E 1127 5 7 22
T 1128 13 0 1 0
E 1128 5 15 46
T 1129 3 0 6 0
E 1129 0 -4 -13
E 1129 1 -4 -13
E 1129 2 -4 -13
E 1129 3 -4 -13
E 1129 4 -4 -13
E 1129 5 10 32
T 1130 17 0 1 0
E 1130 5 13 41
T 1131 5 0 6 0
E 1131 0 -7 -22
E 1131 1 -7 -22
E 1131 2 -7 -22
E 1131 3 -7 -22
E 1131 4 -7 -22
E 1131 5 8 24
T 1132 16 0 1 0
E 1132 5 14 44
T 1133 2 0 6 0
E 1133 0 -6 -19
E 1133 1 -6 -19
E 1133 2 -6 -19
E 1133 3 -6 -19
E 1133 4 -6 -19
E 1133 5 9 28
T 1134 13 0 1 0
E 1134 5 17 52
T 1135 22 0 1 0
E 1135 5 12 38
T 1136 2 0 6 0
E 1136 0 -6 -18
E 1136 1 -6 -18
E 1136 2 -6 -18
E 1136 3 -6 -18
E 1136 4 -6 -18
E 1136 5 10 30
T 1137 11 0 1 0
E 1137 5 18 55
T 1138 20 0 1 0
E 1138 5 13 41
T 1139 11 0 6 0
E 1139 0 -9 -27
E 1139 1 -9 -27
E 1139 2 -9 -27
E 1139 3 -9 -27
E 1139 4 -9 -27
E 1139 5 7 21
T 1140 31 0 6 0
E 1140 0 5 15
E 1140 1 5 15
E 1140 2 5 15
E 1140 3 5 15
E 1140 4 5 15
E 1140 5 21 63
T 1141 10 0 6 0
E 1141 0 -9 -29
E 1141 1 -9 -29
E 1141 2 -9 -29
E 1141 3 -9 -29
E 1141 4 -9 -29
E 1141 5 6 19
T 1142 12 0 1 0
E 1142 5 18 54
T 1143 2 0 6 0
E 1143 0 -5 -17
E 1143 1 -5 -17
E 1143 2 -5 -17
E 1143 3 -5 -17
E 1143 4 -5 -17
E 1143 5 10 31
T 1144 22 0 1 0
E 1144 5 12 38
T 1145 11 0 6 0
E 1145 0 -9 -27
E 1145 1 -9 -27
E 1145 2 -9 -27
E 1145 3 -9 -27
E 1145 4 -9 -27
E 1145 5 7 21
T 1146 27 0 6 0
E 1146 0 4 13
E 1146 1 4 13
E 1146 2 4 13
E 1146 3 4 13
E 1146 4 4 13
E 1146 5 20 61
T 1147 11 0 6 0
E 1147 0 -9 -28
E 1147 1 -9 -28
E 1147 2 -9 -28
E 1147 3 -9 -28
E 1147 4 -9 -28
E 1147 5 6 20
T 1148 14 0 1 0
E 1148 5 17 51
T 1149 1 0 6 0
E 1149 0 -6 -20
E 1149 1 -6 -20
E 1149 2 -6 -20
E 1149 3 -6 -20
E 1149 4 -6 -20
E 1149 5 9 28
T 1150 20 0 1 0
E 1150 5 14 42
T 1151 11 0 6 0
E 1151 0 -9 -27
E 1151 1 -9 -27
E 1151 2 -9 -27
E 1151 3 -9 -27
E 1151 4 -9 -27
E 1151 5 7 21
T 1152 12 0 1 0
E 1152 5 17 53
T 1153 1 0 6 0
E 1153 0 -5 -15
E 1153 1 -5 -15
E 1153 2 -5 -15
E 1153 3 -5 -15
E 1153 4 -5 -15
E 1153 5 11 33
T 1154 20 0 1 0
E 1154 5 14 42
T 1155 5 0 6 0
E 1155 0 -7 -22
E 1155 1 -7 -22
E 1155 2 -7 -22
E 1155 3 -7 -22
E 1155 4 -7 -22
E 1155 5 8 26
T 1156 12 0 1 0
E 1156 5 17 53
T 1157 5 0 6 0
E 1157 0 -4 -14
E 1157 1 -4 -14
E 1157 2 -4 -14
E 1157 3 -4 -14
E 1157 4 -4 -14
E 1157 5 11 34
T 1158 24 0 1 0
E 1158 5 12 36
T 1159 5 0 6 0
E 1159 0 -7 -22
E 1159 1 -7 -22
E 1159 2 -7 -22
E 1159 3 -7 -22
E 1159 4 -7 -22
E 1159 5 8 26
T 1160 12 0 1 0
E 1160 5 18 54
T 1161 1 0 6 0
E 1161 0 -6 -20
E 1161 1 -6 -20
E 1161 2 -6 -20
E 1161 3 -6 -20
E 1161 4 -6 -20
E 1161 5 9 28
T 1162 14 0 1 0
E 1162 5 17 51
T 1163 2 0 6 0
E 1163 0 -6 -19
E 1163 1 -6 -19
E 1163 2 -6 -19
E 1163 3 -6 -19
E 1163 4 -6 -19
E 1163 5 9 29
T 1164 19 0 1 0
E 1164 5 14 43
T 1165 1 0 6 0
E 1165 0 -5 -15
E 1165 1 -5 -15
E 1165 2 -5 -15
E 1165 3 -5 -15
E 1165 4 -5 -15
E 1165 5 11 33
T 1166 19 0 1 0
E 1166 5 14 43
T 1167 5 0 6 0
E 1167 0 -7 -22
E 1167 1 -7 -22
E 1167 2 -7 -22
E 1167 3 -7 -22
E 1167 4 -7 -22
E 1167 5 8 26
T 1168 10 0 1 0
E 1168 5 19 57
T 1169 2 0 6 0
E 1169 0 -6 -18
E 1169 1 -6 -18
E 1169 2 -6 -18
E 1169 3 -6 -18
E 1169 4 -6 -18
E 1169 5 10 30
T 1170 16 0 1 0
E 1170 5 16 48
T 1171 4 0 6 0
E 1171 0 -4 -13
E 1171 1 -4 -13
E 1171 2 -4 -13
E 1171 3 -4 -13
E 1171 4 -4 -13
E 1171 5 11 35
T 1172 16 0 1 0
E 1172 5 16 48
T 1173 2 0 6 0
E 1173 0 -6 -19
E 1173 1 -6 -19
E 1173 2 -6 -19
E 1173 3 -6 -19
E 1173 4 -6 -19
E 1173 5 9 29
T 1174 12 0 1 0
E 1174 5 17 53
T 1175 22 0 1 0
E 1175 5 12 38
T 1176 1 0 6 0
E 1176 0 -6 -20
E 1176 1 -6 -20
E 1176 2 -6 -20
E 1176 3 -6 -20
E 1176 4 -6 -20
E 1176 5 9 28
T 1177 17 0 1 0
E 1177 5 15 46
T 1178 8 0 6 0
E 1178 0 -8 -25
E 1178 1 -8 -25
E 1178 2 -8 -25
E 1178 3 -8 -25
E 1178 4 -8 -25
E 1178 5 7 23
T 1179 8 0 1 0
E 1179 5 19 59
T 1180 4 0 6 0
E 1180 0 -4 -13
E 1180 1 -4 -13
E 1180 2 -4 -13
E 1180 3 -4 -13
E 1180 4 -4 -13
E 1180 5 11 35
T 1181 18 0 1 0
E 1181 5 14 44
T 1182 4 0 6 0
E 1182 0 -4 -13
E 1182 1 -4 -13
E 1182 2 -4 -13
E 1182 3 -4 -13
E 1182 4 -4 -13
E 1182 5 11 35
T 1183 20 0 1 0
E 1183 5 13 41
T 1184 2 0 6 0
E 1184 0 -6 -18
E 1184 1 -6 -18
E 1184 2 -6 -18
E 1184 3 -6 -18
E 1184 4 -6 -18
E 1184 5 10 30
T 1185 12 0 1 0
E 1185 5 17 53
T 1186 2 0 6 0
E 1186 0 -6 -19
E 1186 1 -6 -19
E 1186 2 -6 -19
E 1186 3 -6 -19
E 1186 4 -6 -19
E 1186 5 9 29
T 1187 14 0 1 0
E 1187 5 16 50
T 1188 1 0 6 0
E 1188 0 -6 -20
E 1188 1 -6 -20
E 1188 2 -6 -20
E 1188 3 -6 -20
E 1188 4 -6 -20
E 1188 5 9 28
T 1189 19 0 1 0
E 1189 5 14 43
T 1190 1 0 6 0
E 1190 0 -6 -20
E 1190 1 -6 -20
E 1190 2 -6 -20
E 1190 3 -6 -20
E 1190 4 -6 -20
E 1190 5 9 28
T 1191 13 0 1 0
E 1191 5 17 52
T 1192 5 0 6 0
E 1192 0 -4 -14
E 1192 1 -4 -14
E 1192 2 -4 -14
E 1192 3 -4 -14
E 1192 4 -4 -14
E 1192 5 11 34
T 1193 18 0 1 0
E 1193 5 15 45
T 1194 8 0 6 0
E 1194 0 -8 -24
E 1194 1 -8 -24
E 1194 2 -8 -24
E 1194 3 -8 -24
E 1194 4 -8 -24
E 1194 5 8 24
T 1195 12 0 1 0
E 1195 5 17 53
T 1196 23 0 1 0
E 1196 5 12 37
T 1197 5 0 6 0
E 1197 0 -7 -21
E 1197 1 -7 -21
E 1197 2 -7 -21
E 1197 3 -7 -21
E 1197 4 -7 -21
E 1197 5 9 27
T 1198 10 0 1 0
E 1198 5 19 57
T 1199 20 0 1 0
E 1199 5 13 41
T 1200 26 0 6 0
E 1200 0 9 28
E 1200 1 9 28
E 1200 2 9 28
E 1200 3 9 28
E 1200 4 9 28
E 1200 5 9 28
T 1201 28 0 6 0
E 1201 0 -9 -27
E 1201 1 -9 -27
E 1201 2 -9 -27
E 1201 3 -9 -27
E 1201 4 -9 -27
E 1201 5 -10 -30
T 1202 21 0 6 0
E 1202 0 8 25
E 1202 1 8 25
E 1202 2 8 25
E 1202 3 8 25
E 1202 4 8 25
E 1202 5 6 19
T 1203 18 0 6 0
E 1203 0 -5 -15
E 1203 1 -5 -15
E 1203 2 -5 -15
E 1203 3 -5 -15
E 1203 4 -5 -15
E 1203 5 -8 -24
T 1204 12 0 5 0
E 1204 0 6 18
E 1204 1 6 18
E 1204 2 6 18
E 1204 3 6 18
E 1204 4 6 18
T 1205 16 0 6 0
E 1205 0 -4 -14
E 1205 1 -4 -14
E 1205 2 -4 -14
E 1205 3 -4 -14
E 1205 4 -4 -14
E 1205 5 -10 -30
T 1206 14 0 5 0
E 1206 0 7 21
E 1206 1 7 21
E 1206 2 7 21
E 1206 3 7 21
E 1206 4 7 21
T 1207 2 0 1 0
E 1207 5 -9 -29
T 1208 7 0 1 0
E 1208 5 -8 -26
T 1209 12 0 1 0
E 1209 5 -8 -25
T 1210 8 0 6 0
E 1210 0 6 18
E 1210 1 6 18
E 1210 2 6 18
E 1210 3 6 18
E 1210 4 6 18
E 1210 5 -4 -14
T 1211 7 0 1 0
E 1211 5 -13 -41
T 1212 18 0 1 0
E 1212 5 -9 -29
T 1213 7 0 6 0
E 1213 0 7 22
E 1213 1 7 22
E 1213 2 7 22
E 1213 3 7 22
E 1213 4 7 22
E 1213 5 -6 -19
T 1214 12 0 1 0
E 1214 5 -16 -49
T 1215 1 0 6 0
E 1215 0 6 20
E 1215 1 6 20
E 1215 2 6 20
E 1215 3 6 20
E 1215 4 6 20
E 1215 5 -9 -28
T 1216 18 0 1 0
E 1216 5 -16 -49
T 1217 3 0 6 0
E 1217 0 7 21
E 1217 1 7 21
E 1217 2 7 21
E 1217 3 7 21
E 1217 4 7 21
E 1217 5 -11 -33
T 1218 18 0 1 0
E 1218 5 -19 -58
T 1219 6 0 6 0
E 1219 0 5 17
E 1219 1 5 17
E 1219 2 5 17
E 1219 3 5 17
E 1219 4 5 17
E 1219 5 -14 -44
T 1220 10 0 6 0
E 1220 0 4 14
E 1220 1 4 14
E 1220 2 4 14
E 1220 3 4 14
E 1220 4 4 14
E 1220 5 -16 -50
T 1221 8 0 6 0
E 1221 0 5 16
E 1221 1 5 16
E 1221 2 5 16
E 1221 3 5 16
E 1221 4 5 16
E 1221 5 -17 -51
T 1222 28 0 1 0
E 1222 5 -20 -62
T 1223 5 0 6 0
E 1223 0 10 31
E 1223 1 10 31
E 1223 2 10 31
E 1223 3 10 31
E 1223 4 10 31
E 1223 5 -14 -42
T 1224 23 0 1 0
E 1224 5 -27 -81
T 1225 1 0 6 0
E 1225 0 9 27
E 1225 1 9 27
E 1225 2 9 27
E 1225 3 9 27
E 1225 4 9 27
E 1225 5 -17 -53
T 1226 31 0 1 0
E 1226 5 -25 -77
T 1227 3 0 6 0
E 1227 0 11 35
E 1227 1 11 35
E 1227 2 11 35
E 1227 3 11 35
E 1227 4 11 35
E 1227 5 -17 -51
T 1228 30 0 1 0
E 1228 5 -29 -88
T 1229 4 0 6 0
E 1229 0 9 28
E 1229 1 9 28
E 1229 2 9 28
E 1229 3 9 28
E 1229 4 9 28
E 1229 5 -21 -65
T 1230 24 0 1 0
E 1230 5 -12 -36
T 1231 11 0 6 0
E 1231 0 9 27
E 1231 1 9 27
E 1231 2 9 27
E 1231 3 9 27
E 1231 4 9 27
E 1231 5 -7 -21
T 1232 8 0 1 0
E 1232 5 -19 -59
T 1233 19 0 1 0
E 1233 5 -14 -43
T 1234 2 0 6 0
E 1234 0 6 19
E 1234 1 6 19
E 1234 2 6 19
E 1234 3 6 19
E 1234 4 6 19
E 1234 5 -9 -29
T 1235 16 0 1 0
E 1235 5 -15 -47
T 1236 1 0 6 0
E 1236 0 6 20
E 1236 1 6 20
E 1236 2 6 20
E 1236 3 6 20
E 1236 4 6 20
E 1236 5 -9 -28
T 1237 18 0 1 0
E 1237 5 -14 -44
T 1238 5 0 6 0
E 1238 0 7 22
E 1238 1 7 22
E 1238 2 7 22
E 1238 3 7 22
E 1238 4 7 22
E 1238 5 -8 -26
T 1239 16 0 1 0
E 1239 5 -15 -47
T 1240 2 0 6 0
E 1240 0 6 18
E 1240 1 6 18
E 1240 2 6 18
E 1240 3 6 18
E 1240 4 6 18
E 1240 5 -10 -30
T 1241 17 0 1 0
E 1241 5 -15 -46
T 1242 4 0 6 0
E 1242 0 7 23
E 1242 1 7 23
E 1242 2 7 23
E 1242 3 7 23
E 1242 4 7 23
E 1242 5 -8 -25
T 1243 16 0 1 0
E 1243 5 -16 -48
T 1244 4 0 6 0
E 1244 0 4 13
E 1244 1 4 13
E 1244 2 4 13
E 1244 3 4 13
E 1244 4 4 13
E 1244 5 -11 -35
T 1245 22 0 1 0
E 1245 5 -12 -38
T 1246 1 0 6 0
E 1246 0 6 20
E 1246 1 6 20
E 1246 2 6 20
E 1246 3 6 20
E 1246 4 6 20
E 1246 5 -9 -28
T 1247 14 0 1 0
E 1247 5 -16 -50
T 1248 22 0 1 0
E 1248 5 -13 -39
T 1249 8 0 6 0
E 1249 0 8 24
E 1249 1 8 24
E 1249 2 8 24
E 1249 3 8 24
E 1249 4 8 24
E 1249 5 -8 -24
T 1250 14 0 1 0
E 1250 5 -16 -50
T 1251 4 0 6 0
E 1251 0 4 13
E 1251 1 4 13
E 1251 2 4 13
E 1251 3 4 13
E 1251 4 4 13
E 1251 5 -11 -35
T 1252 21 0 1 0
E 1252 5 -13 -40
T 1253 7 0 6 0
E 1253 0 8 26
E 1253 1 8 26
E 1253 2 8 26
E 1253 3 8 26
E 1253 4 8 26
E 1253 5 -7 -22
T 1254 8 0 1 0
E 1254 5 -19 -59
T 1255 23 0 1 0
E 1255 5 -12 -37
T 1256 2 0 6 0
E 1256 0 6 19
E 1256 1 6 19
E 1256 2 6 19
E 1256 3 6 19
E 1256 4 6 19
E 1256 5 -9 -29
T 1257 17 0 1 0
E 1257 5 -15 -46
T 1258 5 0 6 0
E 1258 0 7 22
E 1258 1 7 22
E 1258 2 7 22
E 1258 3 7 22
E 1258 4 7 22
E 1258 5 -8 -26
T 1259 17 0 1 0
E 1259 5 -15 -46
T 1260 8 0 6 0
E 1260 0 8 25
E 1260 1 8 25
E 1260 2 8 25
E 1260 3 8 25
E 1260 4 8 25
E 1260 5 -7 -23
T 1261 14 0 1 0
E 1261 5 -17 -51
T 1262 2 0 6 0
E 1262 0 6 18
E 1262 1 6 18
E 1262 2 6 18
E 1262 3 6 18
E 1262 4 6 18
E 1262 5 -10 -30
T 1263 15 0 1 0
E 1263 5 -16 -49
T 1264 4 0 6 0
E 1264 0 7 23
E 1264 1 7 23
E 1264 2 7 23
E 1264 3 7 23
E 1264 4 7 23
E 1264 5 -8 -25
T 1265 17 0 1 0
E 1265 5 -15 -46
T 1266 2 0 6 0
E 1266 0 6 18
E 1266 1 6 18
E 1266 2 6 18
E 1266 3 6 18
E 1266 4 6 18
E 1266 5 -10 -30
T 1267 12 0 1 0
E 1267 5 -18 -54
T 1268 1 0 6 0
E 1268 0 5 15
E 1268 1 5 15
E 1268 2 5 15
E 1268 3 5 15
E 1268 4 5 15
E 1268 5 -11 -33
T 1269 20 0 1 0
E 1269 5 -14 -42
T 1270 2 0 6 0
E 1270 0 6 18
E 1270 1 6 18
E 1270 2 6 18
E 1270 3 6 18
E 1270 4 6 18
E 1270 5 -10 -30
T 1271 14 0 1 0
E 1271 5 -17 -51
T 1272 2 0 6 0
E 1272 0 6 18
E 1272 1 6 18
E 1272 2 6 18
E 1272 3 6 18
E 1272 4 6 18
E 1272 5 -10 -30
T 1273 19 0 1 0
E 1273 5 -14 -43
T 1274 11 0 6 0
E 1274 0 9 27
E 1274 1 9 27
E 1274 2 9 27
E 1274 3 9 27
E 1274 4 9 27
E 1274 5 -7 -21
T 1275 31 0 6 0
E 1275 0 -5 -15
E 1275 1 -5 -15
E 1275 2 -5 -15
E 1275 3 -5 -15
E 1275 4 -5 -15
E 1275 5 -21 -63
T 1276 10 0 6 0
E 1276 0 9 29
E 1276 1 9 29
E 1276 2 9 29
E 1276 3 9 29
E 1276 4 9 29
E 1276 5 -6 -19
T 1277 10 0 1 0
E 1277 5 -19 -57
T 1278 24 0 1 0
E 1278 5 -12 -36
T 1279 14 0 6 0
E 1279 0 10 30
E 1279 1 10 30
E 1279 2 10 30
E 1279 3 10 30
E 1279 4 10 30
E 1279 5 -6 -18
T 1280 8 0 1 0
E 1280 5 -19 -59
T 1281 18 0 1 0
E 1281 5 -15 -45
T 1282 5 0 6 0
E 1282 0 7 21
E 1282 1 7 21
E 1282 2 7 21
E 1282 3 7 21
E 1282 4 7 21
E 1282 5 -9 -27
T 1283 9 0 1 0
E 1283 5 -19 -58
T 1284 20 0 1 0
E 1284 5 -13 -41
T 1285 2 0 6 0
E 1285 0 6 19
E 1285 1 6 19
E 1285 2 6 19
E 1285 3 6 19
E 1285 4 6 19
E 1285 5 -9 -29
T 1286 14 0 1 0
E 1286 5 -16 -50
T 1287 5 0 6 0
E 1287 0 7 21
E 1287 1 7 21
E 1287 2 7 21
E 1287 3 7 21
E 1287 4 7 21
E 1287 5 -9 -27
T 1288 15 0 1 0
E 1288 5 -16 -49
T 1289 24 0 1 0
E 1289 5 -12 -36
T 1290 14 0 6 0
E 1290 0 10 30
E 1290 1 10 30
E 1290 2 10 30
E 1290 3 10 30
E 1290 4 10 30
E 1290 5 -6 -18
T 1291 33 0 6 0
E 1291 0 -6 -19
E 1291 1 -6 -19
E 1291 2 -6 -19
E 1291 3 -6 -19
E 1291 4 -6 -19
E 1291 5 -22 -67
T 1292 23 0 5 0
E 1292 0 12 37
E 1292 1 12 37
E 1292 2 12 37
E 1292 3 12 37
E 1292 4 12 37
T 1293 43 0 6 0
E 1293 0 -9 -27
E 1293 1 -9 -27
E 1293 2 -9 -27
E 1293 3 -9 -27
E 1293 4 -9 -27
E 1293 5 -25 -75
T 1294 30 0 5 0
E 1294 0 15 45
E 1294 1 15 45
E 1294 2 15 45
E 1294 3 15 45
E 1294 4 15 45
T 1295 46 0 6 0
E 1295 0 -10 -30
E 1295 1 -10 -30
E 1295 2 -10 -30
E 1295 3 -10 -30
E 1295 4 -10 -30
E 1295 5 -26 -78
T 1296 27 0 5 0
E 1296 0 14 43
E 1296 1 14 43
E 1296 2 14 43
E 1296 3 14 43
E 1296 4 14 43
T 1297 42 0 6 0
E 1297 0 -9 -27
E 1297 1 -9 -27
E 1297 2 -9 -27
E 1297 3 -9 -27
E 1297 4 -9 -27
E 1297 5 -24 -72
T 1298 26 0 5 0
E 1298 0 13 39
E 1298 1 13 39
E 1298 2 13 39
E 1298 3 13 39
E 1298 4 13 39
T 1299 39 0 6 0
E 1299 0 -9 -28
E 1299 1 -9 -28
E 1299 2 -9 -28
E 1299 3 -9 -28
E 1299 4 -9 -28
E 1299 5 -22 -68
T 1300 28 0 5 0
E 1300 0 14 42
E 1300 1 14 42
E 1300 2 14 42
E 1300 3 14 42
E 1300 4 14 42
T 1301 34 0 6 0
E 1301 0 -8 -26
E 1301 1 -8 -26
E 1301 2 -8 -26
E 1301 3 -8 -26
E 1301 4 -8 -26
E 1301 5 -20 -61
T 1302 22 0 5 0
E 1302 0 12 38
E 1302 1 12 38
E 1302 2 12 38
E 1302 3 12 38
E 1302 4 12 38
T 1303 32 0 6 0
E 1303 0 -8 -26
E 1303 1 -8 -26
E 1303 2 -8 -26
E 1303 3 -8 -26
E 1303 4 -8 -26
E 1303 5 -18 -56
T 1304 21 0 5 0
E 1304 0 11 34
E 1304 1 11 34
E 1304 2 11 34
E 1304 3 11 34
E 1304 4 11 34
T 1305 22 0 6 0
E 1305 0 -5 -16
E 1305 1 -5 -16
E 1305 2 -5 -16
E 1305 3 -5 -16
E 1305 4 -5 -16
E 1305 5 -13 -40
T 1306 13 0 5 0
E 1306 0 7 22
E 1306 1 7 22
E 1306 2 7 22
E 1306 3 7 22
E 1306 4 7 22
T 1307 20 0 6 0
E 1307 0 -5 -16
E 1307 1 -5 -16
E 1307 2 -5 -16
E 1307 3 -5 -16
E 1307 4 -5 -16
E 1307 5 -11 -35
T 1308 16 0 5 0
E 1308 0 8 24
E 1308 1 8 24
E 1308 2 8 24
E 1308 3 8 24
E 1308 4 8 24
T 1309 15 0 6 0
E 1309 0 -4 -14
E 1309 1 -4 -14
E 1309 2 -4 -14
E 1309 3 -4 -14
E 1309 4 -4 -14
E 1309 5 -9 -28
T 1310 10 0 5 0
E 1310 0 5 15
E 1310 1 5 15
E 1310 2 5 15
E 1310 3 5 15
E 1310 4 5 15
T 1311 3 0 1 0
E 1311 5 -6 -18
T 1312 1 0 0 0
T 1313 1 0 0 0
T 1314 4 0 0 0
T 1315 0 0 0 0
T 1316 5 0 0 0
T 1317 12 0 0 0
T 1318 10 0 5 0
E 1318 0 -5 -15
E 1318 1 -5 -15
E 1318 2 -5 -15
E 1318 3 -5 -15
E 1318 4 -5 -15
T 1319 4 0 1 0
E 1319 5 8 24
T 1320 1 0 1 0
E 1320 5 7 21
T 1321 6 0 1 0
E 1321 5 5 16
T 1322 7 0 5 0
E 1322 0 -4 -13
E 1322 1 -4 -13
E 1322 2 -4 -13
E 1322 3 -4 -13
E 1322 4 -4 -13
T 1323 2 0 1 0
E 1323 5 10 30
T 1324 11 0 1 0
E 1324 5 7 21
T 1325 6 0 6 0
E 1325 0 -5 -15
E 1325 1 -5 -15
E 1325 2 -5 -15
E 1325 3 -5 -15
E 1325 4 -5 -15
E 1325 5 4 13
T 1326 10 0 1 0
E 1326 5 10 30
T 1327 15 0 1 0
E 1327 5 7 22
T 1328 16 0 1 0
E 1328 5 6 20
T 1329 14 0 5 0
E 1329 0 -7 -21
E 1329 1 -7 -21
E 1329 2 -7 -21
E 1329 3 -7 -21
E 1329 4 -7 -21
T 1330 2 0 1 0
E 1330 5 14 42
T 1331 8 0 1 0
E 1331 5 10 32
T 1332 14 0 1 0
E 1332 5 8 24
T 1333 1 0 6 0
E 1333 0 -4 -14
E 1333 1 -4 -14
E 1333 2 -4 -14
E 1333 3 -4 -14
E 1333 4 -4 -14
E 1333 5 5 16
T 1334 8 0 1 0
E 1334 5 10 32
T 1335 1 0 6 0
E 1335 0 -4 -14
E 1335 1 -4 -14
E 1335 2 -4 -14
E 1335 3 -4 -14
E 1335 4 -4 -14
E 1335 5 5 16
T 1336 8 0 1 0
E 1336 5 11 33
T 1337 14 0 1 0
E 1337 5 7 23
T 1338 1 0 6 0
E 1338 0 -4 -14
E 1338 1 -4 -14
E 1338 2 -4 -14
E 1338 3 -4 -14
E 1338 4 -4 -14
E 1338 5 5 16
T 1339 6 0 1 0
E 1339 5 11 35
T 1340 12 0 1 0
E 1340 5 8 26
T 1341 11 0 5 0
E 1341 0 -6 -19
E 1341 1 -6 -19
E 1341 2 -6 -19
E 1341 3 -6 -19
E 1341 4 -6 -19
T 1342 5 0 1 0
E 1342 5 12 37
T 1343 10 0 1 0
E 1343 5 10 30
T 1344 14 0 1 0
E 1344 5 8 24
T 1345 4 0 6 0
E 1345 0 -5 -17
E 1345 1 -5 -17
E 1345 2 -5 -17
E 1345 3 -5 -17
E 1345 4 -5 -17
E 1345 5 4 13
T 1346 7 0 1 0
E 1346 5 12 36
T 1347 1 0 6 0
E 1347 0 -4 -13
E 1347 1 -4 -13
E 1347 2 -4 -13
E 1347 3 -4 -13
E 1347 4 -4 -13
E 1347 5 6 18
T 1348 7 0 1 0
E 1348 5 12 37
T 1349 18 0 1 0
E 1349 5 7 22
T 1350 14 0 5 0
E 1350 0 -7 -21
E 1350 1 -7 -21
E 1350 2 -7 -21
E 1350 3 -7 -21
E 1350 4 -7 -21
T 1351 7 0 1 0
E 1351 5 13 40
T 1352 18 0 1 0
E 1352 5 8 24
T 1353 15 0 5 0
E 1353 0 -8 -25
E 1353 1 -8 -25
E 1353 2 -8 -25
E 1353 3 -8 -25
E 1353 4 -8 -25
T 1354 26 0 6 0
E 1354 0 5 16
E 1354 1 5 16
E 1354 2 5 16
E 1354 3 5 16
E 1354 4 5 16
E 1354 5 17 52
T 1355 8 0 6 0
E 1355 0 -7 -23
E 1355 1 -7 -23
E 1355 2 -7 -23
E 1355 3 -7 -23
E 1355 4 -7 -23
E 1355 5 4 13
T 1356 6 0 1 0
E 1356 5 15 46
T 1357 13 0 1 0
E 1357 5 11 35
T 1358 4 0 6 0
E 1358 0 -6 -20
E 1358 1 -6 -20
E 1358 2 -6 -20
E 1358 3 -6 -20
E 1358 4 -6 -20
E 1358 5 6 18
T 1359 7 0 1 0
E 1359 5 15 47
T 1360 15 0 1 0
E 1360 5 11 35
T 1361 2 0 6 0
E 1361 0 -5 -15
E 1361 1 -5 -15
E 1361 2 -5 -15
E 1361 3 -5 -15
E 1361 4 -5 -15
E 1361 5 8 25
T 1362 15 0 1 0
E 1362 5 12 37
T 1363 3 0 6 0
E 1363 0 -4 -14
E 1363 1 -4 -14
E 1363 2 -4 -14
E 1363 3 -4 -14
E 1363 4 -4 -14
E 1363 5 9 27
T 1364 21 0 1 0
E 1364 5 10 31
T 1365 7 0 6 0
E 1365 0 -7 -21
E 1365 1 -7 -21
E 1365 2 -7 -21
E 1365 3 -7 -21
E 1365 4 -7 -21
E 1365 5 7 21
T 1366 12 0 1 0
E 1366 5 15 46
T 1367 0 0 6 0
E 1367 0 -5 -17
E 1367 1 -5 -17
E 1367 2 -5 -17
E 1367 3 -5 -17
E 1367 4 -5 -17
E 1367 5 8 26
T 1368 18 0 1 0
E 1368 5 13 39
T 1369 0 0 6 0
E 1369 0 -5 -16
E 1369 1 -5 -16
E 1369 2 -5 -16
E 1369 3 -5 -16
E 1369 4 -5 -16
E 1369 5 9 29
T 1370 11 0 1 0
E 1370 5 16 50
T 1371 20 0 1 0
E 1371 5 12 38
T 1372 1 0 6 0
E 1372 0 -5 -17
E 1372 1 -5 -17
E 1372 2 -5 -17
E 1372 3 -5 -17
E 1372 4 -5 -17
E 1372 5 9 29
T 1373 16 0 1 0
E 1373 5 15 46
T 1374 8 0 6 0
E 1374 0 -8 -24
E 1374 1 -8 -24
E 1374 2 -8 -24
E 1374 3 -8 -24
E 1374 4 -8 -24
E 1374 5 8 24
T 1375 12 0 1 0
E 1375 5 17 53
T 1376 22 0 1 0
E 1376 5 13 39
T 1377 10 0 6 0
E 1377 0 -9 -29
E 1377 1 -9 -29
E 1377 2 -9 -29
E 1377 3 -9 -29
E 1377 4 -9 -29
E 1377 5 6 19
T 1378 13 0 1 0
E 1378 5 17 52
T 1379 2 0 6 0
E 1379 0 -5 -17
E 1379 1 -5 -17
E 1379 2 -5 -17
E 1379 3 -5 -17
E 1379 4 -5 -17
E 1379 5 10 31
T 1380 22 0 1 0
E 1380 5 13 39
T 1381 4 0 6 0
E 1381 0 -7 -23
E 1381 1 -7 -23
E 1381 2 -7 -23
E 1381 3 -7 -23
E 1381 4 -7 -23
E 1381 5 8 25
T 1382 14 0 1 0
E 1382 5 16 50
T 1383 1 0 6 0
E 1383 0 -5 -16
E 1383 1 -5 -16
E 1383 2 -5 -16
E 1383 3 -5 -16
E 1383 4 -5 -16
E 1383 5 10 32
T 1384 18 0 1 0
E 1384 5 14 44
T 1385 5 0 6 0
E 1385 0 -4 -14
E 1385 1 -4 -14
E 1385 2 -4 -14
E 1385 3 -4 -14
E 1385 4 -4 -14
E 1385 5 11 34
T 1386 18 0 1 0
E 1386 5 15 45
T 1387 5 0 6 0
E 1387 0 -4 -14
E 1387 1 -4 -14
E 1387 2 -4 -14
E 1387 3 -4 -14
E 1387 4 -4 -14
E 1387 5 11 34
T 1388 21 0 1 0
E 1388 5 13 40
T 1389 1 0 6 0
E 1389 0 -6 -20
E 1389 1 -6 -20
E 1389 2 -6 -20
E 1389 3 -6 -20
E 1389 4 -6 -20
E 1389 5 9 28
T 1390 12 0 1 0
E 1390 5 18 54
T 1391 2 0 6 0
E 1391 0 -5 -17
E 1391 1 -5 -17
E 1391 2 -5 -17
E 1391 3 -5 -17
E 1391 4 -5 -17
E 1391 5 10 31
T 1392 22 0 1 0
E 1392 5 13 39
T 1393 8 0 6 0
E 1393 0 -8 -25
E 1393 1 -8 -25
E 1393 2 -8 -25
E 1393 3 -8 -25
E 1393 4 -8 -25
E 1393 5 7 23
T 1394 12 0 1 0
E 1394 5 18 54
T 1395 23 0 1 0
E 1395 5 12 37
T 1396 4 0 6 0
E 1396 0 -7 -23
E 1396 1 -7 -23
E 1396 2 -7 -23
E 1396 3 -7 -23
E 1396 4 -7 -23
E 1396 5 8 25
T 1397 15 0 1 0
E 1397 5 16 49
T 1398 1 0 6 0
E 1398 0 -5 -15
E 1398 1 -5 -15
E 1398 2 -5 -15
E 1398 3 -5 -15
E 1398 4 -5 -15
E 1398 5 11 33
T 1399 16 0 1 0
E 1399 5 16 48
T 1400 1 0 6 0
E 1400 0 -6 -20
E 1400 1 -6 -20
E 1400 2 -6 -20
E 1400 3 -6 -20
E 1400 4 -6 -20
E 1400 5 9 28
T 1401 17 0 1 0
E 1401 5 15 46
T 1402 2 0 6 0
E 1402 0 -6 -19
E 1402 1 -6 -19
E 1402 2 -6 -19
E 1402 3 -6 -19
E 1402 4 -6 -19
E 1402 5 9 29
T 1403 15 0 1 0
E 1403 5 16 49
T 1404 4 0 6 0
E 1404 0 -4 -13
E 1404 1 -4 -13
E 1404 2 -4 -13
E 1404 3 -4 -13
E 1404 4 -4 -13
E 1404 5 11 35
T 1405 19 0 1 0
E 1405 5 14 43
T 1406 1 0 6 0
E 1406 0 -6 -20
E 1406 1 -6 -20
E 1406 2 -6 -20
E 1406 3 -6 -20
E 1406 4 -6 -20
E 1406 5 9 28
T 1407 16 0 1 0
E 1407 5 16 48
T 1408 5 0 6 0
E 1408 0 -7 -22
E 1408 1 -7 -22
E 1408 2 -7 -22
E 1408 3 -7 -22
E 1408 4 -7 -22
E 1408 5 8 26
T 1409 14 0 1 0
E 1409 5 17 51
T 1410 23 0 1 0
E 1410 5 12 37
T 1411 5 0 6 0
E 1411 0 -7 -21
E 1411 1 -7 -21
E 1411 2 -7 -21
E 1411 3 -7 -21
E 1411 4 -7 -21
E 1411 5 9 27
T 1412 16 0 1 0
E 1412 5 15 47
T 1413 5 0 6 0
E 1413 0 -7 -21
E 1413 1 -7 -21
E 1413 2 -7 -21
E 1413 3 -7 -21
E 1413 4 -7 -21
E 1413 5 9 27
T 1414 13 0 1 0
E 1414 5 17 52
T 1415 22 0 1 0
E 1415 5 13 39
T 1416 11 0 6 0
E 1416 0 -9 -27
E 1416 1 -9 -27
E 1416 2 -9 -27
E 1416 3 -9 -27
E 1416 4 -9 -27
E 1416 5 7 21
T 1417 10 0 1 0
E 1417 5 19 57
T 1418 21 0 1 0
E 1418 5 13 40
T 1419 2 0 6 0
E 1419 0 -5 -17
E 1419 1 -5 -17
E 1419 2 -5 -17
E 1419 3 -5 -17
E 1419 4 -5 -17
E 1419 5 10 31
T 1420 22 0 1 0
E 1420 5 13 39
T 1421 4 0 6 0
E 1421 0 -7 -23
E 1421 1 -7 -23
E 1421 2 -7 -23
E 1421 3 -7 -23
E 1421 4 -7 -23
E 1421 5 8 25
T 1422 14 0 1 0
E 1422 5 16 50
T 1423 24 0 1 0
E 1423 5 12 36
T 1424 14 0 6 0
E 1424 0 -10 -31
E 1424 1 -10 -31
E 1424 2 -10 -31
E 1424 3 -10 -31
E 1424 4 -10 -31
E 1424 5 5 17
T 1425 33 0 6 0
E 1425 0 6 19
E 1425 1 6 19
E 1425 2 6 19
E 1425 3 6 19
E 1425 4 6 19
E 1425 5 22 67
T 1426 25 0 5 0
E 1426 0 -13 -40
E 1426 1 -13 -40
E 1426 2 -13 -40
E 1426 3 -13 -40
E 1426 4 -13 -40
T 1427 40 0 6 0
E 1427 0 8 24
E 1427 1 8 24
E 1427 2 8 24
E 1427 3 8 24
E 1427 4 8 24
E 1427 5 24 72
T 1428 24 0 5 0
E 1428 0 -13 -41
E 1428 1 -13 -41
E 1428 2 -13 -41
E 1428 3 -13 -41
E 1428 4 -13 -41
T 1429 36 0 6 0
E 1429 0 7 22
E 1429 1 7 22
E 1429 2 7 22
E 1429 3 7 22
E 1429 4 7 22
E 1429 5 23 70
T 1430 13 0 6 0
E 1430 0 -10 -32
E 1430 1 -10 -32
E 1430 2 -10 -32
E 1430 3 -10 -32
E 1430 4 -10 -32
E 1430 5 5 16
T 1431 8 0 1 0
E 1431 5 20 60
T 1432 21 0 1 0
E 1432 5 13 40
T 1433 5 0 6 0
E 1433 0 -7 -22
E 1433 1 -7 -22
E 1433 2 -7 -22
E 1433 3 -7 -22
E 1433 4 -7 -22
E 1433 5 8 26
T 1434 11 0 1 0
E 1434 5 18 55
T 1435 20 0 1 0
E 1435 5 13 41
T 1436 11 0 6 0
E 1436 0 -9 -27
E 1436 1 -9 -27
E 1436 2 -9 -27
E 1436 3 -9 -27
E 1436 4 -9 -27
E 1436 5 7 21
T 1437 12 0 1 0
E 1437 5 17 53
T 1438 4 0 6 0
E 1438 0 -4 -13
E 1438 1 -4 -13
E 1438 2 -4 -13
E 1438 3 -4 -13
E 1438 4 -4 -13
E 1438 5 11 35
T 1439 16 0 1 0
E 1439 5 15 47
T 1440 32 0 6 0
E 1440 0 11 34
E 1440 1 11 34
E 1440 2 11 34
E 1440 3 11 34
E 1440 4 11 34
E 1440 5 11 34
T 1441 32 0 6 0
E 1441 0 -11 -35
E 1441 1 -11 -35
E 1441 2 -11 -35
E 1441 3 -11 -35
E 1441 4 -11 -35
E 1441 5 -12 -38
T 1442 28 0 6 0
E 1442 0 10 30
E 1442 1 10 30
E 1442 2 10 30
E 1442 3 10 30
E 1442 4 10 30
E 1442 5 8 24
T 1443 22 0 6 0
E 1443 0 -7 -23
E 1443 1 -7 -23
E 1443 2 -7 -23
E 1443 3 -7 -23
E 1443 4 -7 -23
E 1443 5 -10 -32
T 1444 18 0 6 0
E 1444 0 8 26
E 1444 1 8 26
E 1444 2 8 26
E 1444 3 8 26
E 1444 4 8 26
E 1444 5 4 13
T 1445 16 0 6 0
E 1445 0 -4 -13
E 1445 1 -4 -13
E 1445 2 -4 -13
E 1445 3 -4 -13
E 1445 4 -4 -13
E 1445 5 -9 -29
T 1446 11 0 5 0
E 1446 0 6 19
E 1446 1 6 19
E 1446 2 6 19
E 1446 3 6 19
E 1446 4 6 19
T 1447 0 0 1 0
E 1447 5 -10 -32
T 1448 10 0 1 0
E 1448 5 -7 -22
T 1449 1 0 6 0
E 1449 0 4 14
E 1449 1 4 14
E 1449 2 4 14
E 1449 3 4 14
E 1449 4 4 14
E 1449 5 -5 -15
T 1450 14 0 1 0
E 1450 5 -9 -27
T 1451 4 0 6 0
E 1451 0 5 15
E 1451 1 5 15
E 1451 2 5 15
E 1451 3 5 15
E 1451 4 5 15
E 1451 5 -6 -20
T 1452 10 0 1 0
E 1452 5 -14 -42
T 1453 0 0 6 0
E 1453 0 5 17
E 1453 1 5 17
E 1453 2 5 17
E 1453 3 5 17
E 1453 4 5 17
E 1453 5 -8 -24
T 1454 14 0 1 0
E 1454 5 -15 -46
T 1455 5 0 6 0
E 1455 0 4 14
E 1455 1 4 14
E 1455 2 4 14
E 1455 3 4 14
E 1455 4 4 14
E 1455 5 -11 -34
T 1456 20 0 1 0
E 1456 5 -15 -46
T 1457 3 0 6 0
E 1457 0 7 22
E 1457 1 7 22
E 1457 2 7 22
E 1457 3 7 22
E 1457 4 7 22
E 1457 5 -10 -32
T 1458 21 0 1 0
E 1458 5 -18 -54
T 1459 3 0 6 0
E 1459 0 8 25
E 1459 1 8 25
E 1459 2 8 25
E 1459 3 8 25
E 1459 4 8 25
E 1459 5 -12 -36
T 1460 20 0 1 0
E 1460 5 -21 -65
T 1461 2 0 6 0
E 1461 0 7 22
E 1461 1 7 22
E 1461 2 7 22
E 1461 3 7 22
E 1461 4 7 22
E 1461 5 -15 -45
T 1462 29 0 1 0
E 1462 5 -20 -61
T 1463 5 0 6 0
E 1463 0 10 32
E 1463 1 10 32
E 1463 2 10 32
E 1463 3 10 32
E 1463 4 10 32
E 1463 5 -13 -41
T 1464 19 0 1 0
E 1464 5 -28 -86
T 1465 4 0 6 0
E 1465 0 8 26
E 1465 1 8 26
E 1465 2 8 26
E 1465 3 8 26
E 1465 4 8 26
E 1465 5 -18 -54
T 1466 31 0 1 0
E 1466 5 -26 -78
T 1467 0 0 6 0
E 1467 0 10 32
E 1467 1 10 32
E 1467 2 10 32
E 1467 3 10 32
E 1467 4 10 32
E 1467 5 -18 -54
T 1468 27 0 1 0
E 1468 5 -30 -92
T 1469 1 0 6 0
E 1469 0 10 30
E 1469 1 10 30
E 1469 2 10 30
E 1469 3 10 30
E 1469 4 10 30
E 1469 5 -21 -63
T 1470 21 0 1 0
E 1470 5 -13 -40
T 1471 8 0 6 0
E 1471 0 8 25
E 1471 1 8 25
E 1471 2 8 25
E 1471 3 8 25
E 1471 4 8 25
E 1471 5 -7 -23
T 1472 9 0 1 0
E 1472 5 -19 -58
T 1473 23 0 1 0
E 1473 5 -12 -37
T 1474 8 0 6 0
E 1474 0 8 24
E 1474 1 8 24
E 1474 2 8 24
E 1474 3 8 24
E 1474 4 8 24
E 1474 5 -8 -24
T 1475 13 0 1 0
E 1475 5 -17 -52
T 1476 4 0 6 0
E 1476 0 4 13
E 1476 1 4 13
E 1476 2 4 13
E 1476 3 4 13
E 1476 4 4 13
E 1476 5 -11 -35
T 1477 16 0 1 0
E 1477 5 -15 -47
T 1478 5 0 6 0
E 1478 0 7 21
E 1478 1 7 21
E 1478 2 7 21
E 1478 3 7 21
E 1478 4 7 21
E 1478 5 -9 -27
T 1479 12 0 1 0
E 1479 5 -18 -54
T 1480 23 0 1 0
E 1480 5 -12 -37
T 1481 10 0 6 0
E 1481 0 9 29
E 1481 1 9 29
E 1481 2 9 29
E 1481 3 9 29
E 1481 4 9 29
E 1481 5 -6 -19
T 1482 10 0 1 0
E 1482 5 -18 -56
T 1483 22 0 1 0
E 1483 5 -12 -38
T 1484 5 0 6 0
E 1484 0 7 21
E 1484 1 7 21
E 1484 2 7 21
E 1484 3 7 21
E 1484 4 7 21
E 1484 5 -9 -27
T 1485 13 0 1 0
E 1485 5 -17 -52
T 1486 4 0 6 0
E 1486 0 4 13
E 1486 1 4 13
E 1486 2 4 13
E 1486 3 4 13
E 1486 4 4 13
E 1486 5 -11 -35
T 1487 19 0 1 0
E 1487 5 -14 -43
T 1488 7 0 6 0
E 1488 0 8 26
E 1488 1 8 26
E 1488 2 8 26
E 1488 3 8 26
E 1488 4 8 26
E 1488 5 -7 -22
T 1489 15 0 1 0
E 1489 5 -16 -49
T 1490 2 0 6 0
E 1490 0 6 18
E 1490 1 6 18
E 1490 2 6 18
E 1490 3 6 18
E 1490 4 6 18
E 1490 5 -10 -30
T 1491 14 0 1 0
E 1491 5 -17 -51
T 1492 1 0 6 0
E 1492 0 5 16
E 1492 1 5 16
E 1492 2 5 16
E 1492 3 5 16
E 1492 4 5 16
E 1492 5 -10 -32
T 1493 20 0 1 0
E 1493 5 -14 -42
T 1494 8 0 6 0
E 1494 0 8 24
E 1494 1 8 24
E 1494 2 8 24
E 1494 3 8 24
E 1494 4 8 24
E 1494 5 -8 -24
T 1495 12 0 1 0
E 1495 5 -18 -54
T 1496 5 0 6 0
E 1496 0 4 14
E 1496 1 4 14
E 1496 2 4 14
E 1496 3 4 14
E 1496 4 4 14
E 1496 5 -11 -34
T 1497 18 0 1 0
E 1497 5 -15 -45
T 1498 1 0 6 0
E 1498 0 5 16
E 1498 1 5 16
E 1498 2 5 16
E 1498 3 5 16
E 1498 4 5 16
E 1498 5 -10 -32
T 1499 19 0 1 0
E 1499 5 -14 -43
T 1500 8 0 6 0
E 1500 0 8 25
E 1500 1 8 25
E 1500 2 8 25
E 1500 3 8 25
E 1500 4 8 25
E 1500 5 -7 -23
T 1501 27 0 6 0
E 1501 0 -4 -13
E 1501 1 -4 -13
E 1501 2 -4 -13
E 1501 3 -4 -13
E 1501 4 -4 -13
E 1501 5 -20 -61
T 1502 11 0 6 0
E 1502 0 9 27
E 1502 1 9 27
E 1502 2 9 27
E 1502 3 9 27
E 1502 4 9 27
E 1502 5 -7 -21
T 1503 30 0 6 0
E 1503 0 -5 -16
E 1503 1 -5 -16
E 1503 2 -5 -16
E 1503 3 -5 -16
E 1503 4 -5 -16
E 1503 5 -21 -64
T 1504 16 0 6 0
E 1504 0 11 35
E 1504 1 11 35
E 1504 2 11 35
E 1504 3 11 35
E 1504 4 11 35
E 1504 5 -4 -13
T 1505 10 0 1 0
E 1505 5 -19 -57
T 1506 2 0 6 0
E 1506 0 5 17
E 1506 1 5 17
E 1506 2 5 17
E 1506 3 5 17
E 1506 4 5 17
E 1506 5 -10 -31
T 1507 21 0 1 0
E 1507 5 -13 -40
T 1508 2 0 6 0
E 1508 0 6 19
E 1508 1 6 19
E 1508 2 6 19
E 1508 3 6 19
E 1508 4 6 19
E 1508 5 -9 -29
T 1509 13 0 1 0
E 1509 5 -17 -52
T 1510 4 0 6 0
E 1510 0 4 13
E 1510 1 4 13
E 1510 2 4 13
E 1510 3 4 13
E 1510 4 4 13
E 1510 5 -11 -35
T 1511 19 0 1 0
E 1511 5 -14 -43
T 1512 11 0 6 0
E 1512 0 9 27
E 1512 1 9 27
E 1512 2 9 27
E 1512 3 9 27
E 1512 4 9 27
E 1512 5 -7 -21
T 1513 9 0 1 0
E 1513 5 -19 -58
T 1514 1 0 6 0
E 1514 0 5 15
E 1514 1 5 15
E 1514 2 5 15
E 1514 3 5 15
E 1514 4 5 15
E 1514 5 -11 -33
T 1515 21 0 1 0
E 1515 5 -13 -40
T 1516 7 0 6 0
E 1516 0 8 26
E 1516 1 8 26
E 1516 2 8 26
E 1516 3 8 26
E 1516 4 8 26
E 1516 5 -7 -22
T 1517 9 0 1 0
E 1517 5 -19 -58
T 1518 24 0 1 0
E 1518 5 -12 -36
T 1519 7 0 6 0
E 1519 0 8 26
E 1519 1 8 26
E 1519 2 8 26
E 1519 3 8 26
E 1519 4 8 26
E 1519 5 -7 -22
T 1520 8 0 1 0
E 1520 5 -19 -59
T 1521 19 0 1 0
E 1521 5 -14 -43
T 1522 2 0 6 0
E 1522 0 6 19
E 1522 1 6 19
E 1522 2 6 19
E 1522 3 6 19
E 1522 4 6 19
E 1522 5 -9 -29
T 1523 18 0 1 0
E 1523 5 -15 -45
T 1524 1 0 6 0
E 1524 0 6 20
E 1524 1 6 20
E 1524 2 6 20
E 1524 3 6 20
E 1524 4 6 20
E 1524 5 -9 -28
T 1525 14 0 1 0
E 1525 5 -17 -51
T 1526 2 0 6 0
E 1526 0 5 17
E 1526 1 5 17
E 1526 2 5 17
E 1526 3 5 17
E 1526 4 5 17
E 1526 5 -10 -31
T 1527 19 0 1 0
E 1527 5 -14 -43
T 1528 2 0 6 0
E 1528 0 6 19
E 1528 1 6 19
E 1528 2 6 19
E 1528 3 6 19
E 1528 4 6 19
E 1528 5 -9 -29
T 1529 18 0 1 0
E 1529 5 -15 -45
T 1530 1 0 6 0
E 1530 0 5 16
E 1530 1 5 16
E 1530 2 5 16
E 1530 3 5 16
E 1530 4 5 16
E 1530 5 -10 -32
T 1531 20 0 1 0
E 1531 5 -13 -41
T 1532 5 0 6 0
E 1532 0 7 22
E 1532 1 7 22
E 1532 2 7 22
E 1532 3 7 22
E 1532 4 7 22
E 1532 5 -8 -26
T 1533 12 0 1 0
E 1533 5 -18 -54
T 1534 1 0 6 0
E 1534 0 6 20
E 1534 1 6 20
E 1534 2 6 20
E 1534 3 6 20
E 1534 4 6 20
E 1534 5 -9 -28
T 1535 18 0 1 0
E 1535 5 -14 -44
T 1536 4 0 6 0
E 1536 0 7 23
E 1536 1 7 23
E 1536 2 7 23
E 1536 3 7 23
E 1536 4 7 23
E 1536 5 -8 -25
T 1537 15 0 1 0
E 1537 5 -15 -45
T 1538 22 0 1 0
E 1538 5 -10 -31
T 1539 5 0 6 0
E 1539 0 6 18
E 1539 1 6 18
E 1539 2 6 18
E 1539 3 6 18
E 1539 4 6 18
E 1539 5 -7 -22
T 1540 11 0 1 0
E 1540 5 -12 -38
T 1541 0 0 6 0
E 1541 0 4 13
E 1541 1 4 13
E 1541 2 4 13
E 1541 3 4 13
E 1541 4 4 13
E 1541 5 -7 -22
T 1542 6 0 1 0
E 1542 5 -12 -38
T 1543 17 0 1 0
E 1543 5 -6 -19
T 1544 2 0 6 0
E 1544 0 4 14
E 1544 1 4 14
E 1544 2 4 14
E 1544 3 4 14
E 1544 4 4 14
E 1544 5 -4 -13
T 1545 4 0 1 0
E 1545 5 -10 -30
T 1546 12 0 1 0
E 1546 5 -4 -14
T 1547 9 0 0 0
T 1548 10 0 0 0
T 1549 5 0 0 0
T 1550 9 0 0 0
T 1551 6 0 5 0
E 1551 0 4 14
E 1551 1 4 14
E 1551 2 4 14
E 1551 3 4 14
E 1551 4 4 14
T 1552 4 0 1 0
E 1552 5 -4 -14
T 1553 2 0 0 0
T 1554 3 0 0 0
T 1555 8 0 0 0
T 1556 5 0 1 0
E 1556 5 4 13
T 1557 3 0 1 0
E 1557 5 4 14
T 1558 1 0 1 0
E 1558 5 4 14
T 1559 0 0 1 0
E 1559 5 6 18
T 1560 6 0 1 0
E 1560 5 4 13
T 1561 7 0 1 0
E 1561 5 4 14
T 1562 6 0 5 0
E 1562 0 -4 -14
E 1562 1 -4 -14
E 1562 2 -4 -14
E 1562 3 -4 -14
E 1562 4 -4 -14
T 1563 4 0 1 0
E 1563 5 8 26
T 1564 15 0 1 0
E 1564 5 5 15
T 1565 11 0 5 0
E 1565 0 -6 -19
E 1565 1 -6 -19
E 1565 2 -6 -19
E 1565 3 -6 -19
E 1565 4 -6 -19
T 1566 2 0 1 0
E 1566 5 13 41
T 1567 13 0 1 0
E 1567 5 8 25
T 1568 15 0 1 0
E 1568 5 7 22
T 1569 2 0 6 0
E 1569 0 -4 -13
E 1569 1 -4 -13
E 1569 2 -4 -13
E 1569 3 -4 -13
E 1569 4 -4 -13
E 1569 5 5 17
T 1570 12 0 1 0
E 1570 5 9 27
T 1571 16 0 1 0
E 1571 5 6 20
T 1572 14 0 5 0
E 1572 0 -7 -21
E 1572 1 -7 -21
E 1572 2 -7 -21
E 1572 3 -7 -21
E 1572 4 -7 -21
T 1573 3 0 1 0
E 1573 5 13 40
T 1574 13 0 1 0
E 1574 5 8 25
T 1575 4 0 6 0
E 1575 0 -5 -17
E 1575 1 -5 -17
E 1575 2 -5 -17
E 1575 3 -5 -17
E 1575 4 -5 -17
E 1575 5 4 13
T 1576 8 0 1 0
E 1576 5 11 33
T 1577 16 0 1 0
E 1577 5 7 21
T 1578 5 0 6 0
E 1578 0 -5 -15
E 1578 1 -5 -15
E 1578 2 -5 -15
E 1578 3 -5 -15
E 1578 4 -5 -15
E 1578 5 5 15
T 1579 6 0 1 0
E 1579 5 12 36
T 1580 2 0 6 0
E 1580 0 -4 -13
E 1580 1 -4 -13
E 1580 2 -4 -13
E 1580 3 -4 -13
E 1580 4 -4 -13
E 1580 5 5 17
T 1581 10 0 1 0
E 1581 5 10 30
T 1582 5 0 6 0
E 1582 0 -5 -15
E 1582 1 -5 -15
E 1582 2 -5 -15
E 1582 3 -5 -15
E 1582 4 -5 -15
E 1582 5 5 15
T 1583 4 0 1 0
E 1583 5 12 38
T 1584 9 0 1 0
E 1584 5 10 31
T 1585 16 0 1 0
E 1585 5 6 20
T 1586 5 0 6 0
E 1586 0 -5 -15
E 1586 1 -5 -15
E 1586 2 -5 -15
E 1586 3 -5 -15
E 1586 4 -5 -15
E 1586 5 5 16
T 1587 7 0 1 0
E 1587 5 12 36
T 1588 18 0 1 0
E 1588 5 6 20
T 1589 14 0 5 0
E 1589 0 -8 -26
E 1589 1 -8 -26
E 1589 2 -8 -26
E 1589 3 -8 -26
E 1589 4 -8 -26
T 1590 3 0 1 0
E 1590 5 14 44
T 1591 12 0 1 0
E 1591 5 11 33
T 1592 6 0 6 0
E 1592 0 -6 -19
E 1592 1 -6 -19
E 1592 2 -6 -19
E 1592 3 -6 -19
E 1592 4 -6 -19
E 1592 5 5 15
T 1593 11 0 1 0
E 1593 5 12 36
T 1594 2 0 6 0
E 1594 0 -5 -17
E 1594 1 -5 -17
E 1594 2 -5 -17
E 1594 3 -5 -17
E 1594 4 -5 -17
E 1594 5 6 19
T 1595 7 0 1 0
E 1595 5 14 43
T 1596 19 0 1 0
E 1596 5 9 27
T 1597 9 0 6 0
E 1597 0 -7 -21
E 1597 1 -7 -21
E 1597 2 -7 -21
E 1597 3 -7 -21
E 1597 4 -7 -21
E 1597 5 5 16
T 1598 9 0 1 0
E 1598 5 14 43
T 1599 20 0 1 0
E 1599 5 9 28
T 1600 5 0 6 0
E 1600 0 -6 -18
E 1600 1 -6 -18
E 1600 2 -6 -18
E 1600 3 -6 -18
E 1600 4 -6 -18
E 1600 5 7 21
T 1601 10 0 1 0
E 1601 5 15 45
T 1602 1 0 6 0
E 1602 0 -5 -17
E 1602 1 -5 -17
E 1602 2 -5 -17
E 1602 3 -5 -17
E 1602 4 -5 -17
E 1602 5 7 23
T 1603 11 0 1 0
E 1603 5 15 45
T 1604 4 0 6 0
E 1604 0 -6 -18
E 1604 1 -6 -18
E 1604 2 -6 -18
E 1604 3 -6 -18
E 1604 4 -6 -18
E 1604 5 8 24
T 1605 14 0 1 0
E 1605 5 13 41
T 1606 3 0 6 0
E 1606 0 -4 -13
E 1606 1 -4 -13
E 1606 2 -4 -13
E 1606 3 -4 -13
E 1606 4 -4 -13
E 1606 5 10 30
T 1607 15 0 1 0
E 1607 5 13 41
T 1608 2 0 6 0
E 1608 0 -6 -20
E 1608 1 -6 -20
E 1608 2 -6 -20
E 1608 3 -6 -20
E 1608 4 -6 -20
E 1608 5 8 24
T 1609 15 0 1 0
E 1609 5 14 44
T 1610 1 0 6 0
E 1610 0 -5 -17
E 1610 1 -5 -17
E 1610 2 -5 -17
E 1610 3 -5 -17
E 1610 4 -5 -17
E 1610 5 9 28
T 1611 13 0 1 0
E 1611 5 16 49
T 1612 21 0 1 0
E 1612 5 12 37
T 1613 5 0 6 0
E 1613 0 -7 -22
E 1613 1 -7 -22
E 1613 2 -7 -22
E 1613 3 -7 -22
E 1613 4 -7 -22
E 1613 5 8 25
T 1614 12 0 1 0
E 1614 5 17 53
T 1615 20 0 1 0
E 1615 5 13 41
T 1616 1 0 6 0
E 1616 0 -6 -20
E 1616 1 -6 -20
E 1616 2 -6 -20
E 1616 3 -6 -20
E 1616 4 -6 -20
E 1616 5 9 28
T 1617 18 0 1 0
E 1617 5 14 44
T 1618 2 0 6 0
E 1618 0 -6 -19
E 1618 1 -6 -19
E 1618 2 -6 -19
E 1618 3 -6 -19
E 1618 4 -6 -19
E 1618 5 9 29
T 1619 19 0 1 0
E 1619 5 14 43
T 1620 5 0 6 0
E 1620 0 -7 -21
E 1620 1 -7 -21
E 1620 2 -7 -21
E 1620 3 -7 -21
E 1620 4 -7 -21
E 1620 5 9 27
T 1621 13 0 1 0
E 1621 5 17 52
T 1622 22 0 1 0
E 1622 5 12 38
T 1623 2 0 6 0
E 1623 0 -6 -19
E 1623 1 -6 -19
E 1623 2 -6 -19
E 1623 3 -6 -19
E 1623 4 -6 -19
E 1623 5 9 29
T 1624 17 0 1 0
E 1624 5 15 46
T 1625 1 0 6 0
E 1625 0 -6 -20
E 1625 1 -6 -20
E 1625 2 -6 -20
E 1625 3 -6 -20
E 1625 4 -6 -20
E 1625 5 9 28
T 1626 16 0 1 0
E 1626 5 16 48
T 1627 2 0 6 0
E 1627 0 -5 -17
E 1627 1 -5 -17
E 1627 2 -5 -17
E 1627 3 -5 -17
E 1627 4 -5 -17
E 1627 5 10 31
T 1628 20 0 1 0
E 1628 5 14 42
T 1629 2 0 6 0
E 1629 0 -6 -19
E 1629 1 -6 -19
E 1629 2 -6 -19
E 1629 3 -6 -19
E 1629 4 -6 -19
E 1629 5 9 29
T 1630 17 0 1 0
E 1630 5 15 46
T 1631 2 0 6 0
E 1631 0 -6 -18
E 1631 1 -6 -18
E 1631 2 -6 -18
E 1631 3 -6 -18
E 1631 4 -6 -18
E 1631 5 10 30
T 1632 13 0 1 0
E 1632 5 17 52
T 1633 1 0 6 0
E 1633 0 -5 -16
E 1633 1 -5 -16
E 1633 2 -5 -16
E 1633 3 -5 -16
E 1633 4 -5 -16
E 1633 5 10 32
T 1634 18 0 1 0
E 1634 5 15 45
T 1635 5 0 6 0
E 1635 0 -7 -22
E 1635 1 -7 -22
E 1635 2 -7 -22
E 1635 3 -7 -22
E 1635 4 -7 -22
E 1635 5 8 26
T 1636 11 0 1 0
E 1636 5 18 55
T 1637 24 0 1 0
E 1637 5 12 36
T 1638 11 0 6 0
E 1638 0 -9 -28
E 1638 1 -9 -28
E 1638 2 -9 -28
E 1638 3 -9 -28
E 1638 4 -9 -28
E 1638 5 6 20
T 1639 8 0 1 0
E 1639 5 20 60
T 1640 19 0 1 0
E 1640 5 14 43
T 1641 7 0 6 0
E 1641 0 -8 -26
E 1641 1 -8 -26
E 1641 2 -8 -26
E 1641 3 -8 -26
E 1641 4 -8 -26
E 1641 5 7 22
T 1642 14 0 1 0
E 1642 5 17 51
T 1643 1 0 6 0
E 1643 0 -5 -16
E 1643 1 -5 -16
E 1643 2 -5 -16
E 1643 3 -5 -16
E 1643 4 -5 -16
E 1643 5 10 32
T 1644 16 0 1 0
E 1644 5 15 47
T 1645 4 0 6 0
E 1645 0 -7 -23
E 1645 1 -7 -23
E 1645 2 -7 -23
E 1645 3 -7 -23
E 1645 4 -7 -23
E 1645 5 8 25
T 1646 14 0 1 0
E 1646 5 16 50
T 1647 1 0 6 0
E 1647 0 -6 -20
E 1647 1 -6 -20
E 1647 2 -6 -20
E 1647 3 -6 -20
E 1647 4 -6 -20
E 1647 5 9 28
T 1648 12 0 1 0
E 1648 5 17 53
T 1649 1 0 6 0
E 1649 0 -5 -16
E 1649 1 -5 -16
E 1649 2 -5 -16
E 1649 3 -5 -16
E 1649 4 -5 -16
E 1649 5 10 32
T 1650 13 0 1 0
E 1650 5 17 52
T 1651 5 0 6 0
E 1651 0 -7 -21
E 1651 1 -7 -21
E 1651 2 -7 -21
E 1651 3 -7 -21
E 1651 4 -7 -21
E 1651 5 9 27
T 1652 14 0 1 0
E 1652 5 16 50
T 1653 1 0 6 0
E 1653 0 -5 -15
E 1653 1 -5 -15
E 1653 2 -5 -15
E 1653 3 -5 -15
E 1653 4 -5 -15
E 1653 5 11 33
T 1654 17 0 1 0
E 1654 5 15 46
T 1655 4 0 6 0
E 1655 0 -4 -13
E 1655 1 -4 -13
E 1655 2 -4 -13
E 1655 3 -4 -13
E 1655 4 -4 -13
E 1655 5 11 35
T 1656 18 0 1 0
E 1656 5 15 45
T 1657 5 0 6 0
E 1657 0 -7 -21
E 1657 1 -7 -21
E 1657 2 -7 -21
E 1657 3 -7 -21
E 1657 4 -7 -21
E 1657 5 9 27
T 1658 12 0 1 0
E 1658 5 18 54
T 1659 4 0 6 0
E 1659 0 -4 -13
E 1659 1 -4 -13
E 1659 2 -4 -13
E 1659 3 -4 -13
E 1659 4 -4 -13
E 1659 5 11 35
T 1660 17 0 1 0
E 1660 5 15 46
T 1661 5 0 6 0
E 1661 0 -4 -14
E 1661 1 -4 -14
E 1661 2 -4 -14
E 1661 3 -4 -14
E 1661 4 -4 -14
E 1661 5 11 34
T 1662 20 0 1 0
E 1662 5 14 42
T 1663 4 0 6 0
E 1663 0 -7 -23
E 1663 1 -7 -23
E 1663 2 -7 -23
E 1663 3 -7 -23
E 1663 4 -7 -23
E 1663 5 8 25
T 1664 12 0 1 0
E 1664 5 17 53
T 1665 21 0 1 0
E 1665 5 13 40
T 1666 8 0 6 0
E 1666 0 -8 -24
E 1666 1 -8 -24
E 1666 2 -8 -24
E 1666 3 -8 -24
E 1666 4 -8 -24
E 1666 5 8 24
T 1667 14 0 1 0
E 1667 5 16 50
T 1668 22 0 1 0
E 1668 5 12 38
T 1669 7 0 6 0
E 1669 0 -8 -26
E 1669 1 -8 -26
E 1669 2 -8 -26
E 1669 3 -8 -26
E 1669 4 -8 -26
E 1669 5 7 22
T 1670 10 0 1 0
E 1670 5 19 57
T 1671 1 0 6 0
E 1671 0 -5 -15
E 1671 1 -5 -15
E 1671 2 -5 -15
E 1671 3 -5 -15
E 1671 4 -5 -15
E 1671 5 11 33
T 1672 21 0 1 0
E 1672 5 13 40
T 1673 7 0 6 0
E 1673 0 -8 -26
E 1673 1 -8 -26
E 1673 2 -8 -26
E 1673 3 -8 -26
E 1673 4 -8 -26
E 1673 5 7 22
T 1674 14 0 1 0
E 1674 5 17 51
T 1675 1 0 6 0
E 1675 0 -6 -20
E 1675 1 -6 -20
E 1675 2 -6 -20
E 1675 3 -6 -20
E 1675 4 -6 -20
E 1675 5 9 28
T 1676 19 0 1 0
E 1676 5 14 43
T 1677 7 0 6 0
E 1677 0 -8 -26
E 1677 1 -8 -26
E 1677 2 -8 -26
E 1677 3 -8 -26
E 1677 4 -8 -26
E 1677 5 7 22
T 1678 10 0 1 0
E 1678 5 19 57
T 1679 20 0 1 0
E 1679 5 13 41
T 1680 22 0 6 0
E 1680 0 8 26
E 1680 1 8 26
E 1680 2 8 26
E 1680 3 8 26
E 1680 4 8 26
E 1680 5 8 26
T 1681 21 0 6 0
E 1681 0 -7 -22
E 1681 1 -7 -22
E 1681 2 -7 -22
E 1681 3 -7 -22
E 1681 4 -7 -22
E 1681 5 -8 -25
T 1682 12 0 5 0
E 1682 0 6 18
E 1682 1 6 18
E 1682 2 6 18
E 1682 3 6 18
E 1682 4 6 18
T 1683 5 0 1 0
E 1683 5 -6 -20
T 1684 3 0 1 0
E 1684 5 -4 -14
T 1685 4 0 0 0
T 1686 6 0 1 0
E 1686 5 -6 -19
T 1687 12 0 1 0
E 1687 5 -5 -15
T 1688 15 0 1 0
E 1688 5 -4 -14
T 1689 12 0 5 0
E 1689 0 7 23
E 1689 1 7 23
E 1689 2 7 23
E 1689 3 7 23
E 1689 4 7 23
T 1690 4 0 1 0
E 1690 5 -13 -41
T 1691 14 0 1 0
E 1691 5 -10 -31
T 1692 1 0 6 0
E 1692 0 5 17
E 1692 1 5 17
E 1692 2 5 17
E 1692 3 5 17
E 1692 4 5 17
E 1692 5 -7 -21
T 1693 13 0 1 0
E 1693 5 -14 -42
T 1694 3 0 6 0
E 1694 0 4 13
E 1694 1 4 13
E 1694 2 4 13
E 1694 3 4 13
E 1694 4 4 13
E 1694 5 -10 -32
T 1695 16 0 1 0
E 1695 5 -16 -48
T 1696 6 0 6 0
E 1696 0 4 14
E 1696 1 4 14
E 1696 2 4 14
E 1696 3 4 14
E 1696 4 4 14
E 1696 5 -12 -37
T 1697 24 0 1 0
E 1697 5 -15 -45
T 1698 4 0 6 0
E 1698 0 8 26
E 1698 1 8 26
E 1698 2 8 26
E 1698 3 8 26
E 1698 4 8 26
E 1698 5 -10 -31
T 1699 19 0 1 0
E 1699 5 -21 -63
T 1700 3 0 6 0
E 1700 0 6 18
E 1700 1 6 18
E 1700 2 6 18
E 1700 3 6 18
E 1700 4 6 18
E 1700 5 -15 -46
T 1701 25 0 1 0
E 1701 5 -21 -63
T 1702 0 0 6 0
E 1702 0 8 25
E 1702 1 8 25
E 1702 2 8 25
E 1702 3 8 25
E 1702 4 8 25
E 1702 5 -15 -45
T 1703 23 0 1 0
E 1703 5 -25 -75
T 1704 4 0 6 0
E 1704 0 7 21
E 1704 1 7 21
E 1704 2 7 21
E 1704 3 7 21
E 1704 4 7 21
E 1704 5 -18 -56
T 1705 30 0 1 0
E 1705 5 -25 -75
T 1706 4 0 6 0
E 1706 0 8 25
E 1706 1 8 25
E 1706 2 8 25
E 1706 3 8 25
E 1706 4 8 25
E 1706 5 -19 -58
T 1707 36 0 1 0
E 1707 5 -25 -75
T 1708 13 0 6 0
E 1708 0 14 42
E 1708 1 14 42
E 1708 2 14 42
E 1708 3 14 42
E 1708 4 14 42
E 1708 5 -15 -47
T 1709 27 0 1 0
E 1709 5 -33 -99
T 1710 14 0 6 0
E 1710 0 10 31
E 1710 1 10 31
E 1710 2 10 31
E 1710 3 10 31
E 1710 4 10 31
E 1710 5 -5 -17
T 1711 31 0 6 0
E 1711 0 -5 -15
E 1711 1 -5 -15
E 1711 2 -5 -15
E 1711 3 -5 -15
E 1711 4 -5 -15
E 1711 5 -21 -63
T 1712 17 0 6 0
E 1712 0 11 34
E 1712 1 11 34
E 1712 2 11 34
E 1712 3 11 34
E 1712 4 11 34
E 1712 5 -4 -14
T 1713 31 0 6 0
E 1713 0 -5 -15
E 1713 1 -5 -15
E 1713 2 -5 -15
E 1713 3 -5 -15
E 1713 4 -5 -15
E 1713 5 -21 -63
T 1714 10 0 6 0
E 1714 0 9 29
E 1714 1 9 29
E 1714 2 9 29
E 1714 3 9 29
E 1714 4 9 29
E 1714 5 -6 -19
T 1715 9 0 1 0
E 1715 5 -19 -58
T 1716 22 0 1 0
E 1716 5 -12 -38
T 1717 7 0 6 0
E 1717 0 8 26
E 1717 1 8 26
E 1717 2 8 26
E 1717 3 8 26
E 1717 4 8 26
E 1717 5 -7 -22
T 1718 14 0 1 0
E 1718 5 -17 -51
T 1719 2 0 6 0
E 1719 0 5 17
E 1719 1 5 17
E 1719 2 5 17
E 1719 3 5 17
E 1719 4 5 17
E 1719 5 -10 -31
T 1720 22 0 1 0
E 1720 5 -12 -38
T 1721 1 0 6 0
E 1721 0 6 20
E 1721 1 6 20
E 1721 2 6 20
E 1721 3 6 20
E 1721 4 6 20
E 1721 5 -9 -28
T 1722 19 0 1 0
E 1722 5 -14 -43
T 1723 2 0 6 0
E 1723 0 5 17
E 1723 1 5 17
E 1723 2 5 17
E 1723 3 5 17
E 1723 4 5 17
E 1723 5 -10 -31
T 1724 15 0 1 0
E 1724 5 -16 -49
T 1725 4 0 6 0
E 1725 0 4 13
E 1725 1 4 13
E 1725 2 4 13
E 1725 3 4 13
E 1725 4 4 13
E 1725 5 -11 -35
T 1726 17 0 1 0
E 1726 5 -15 -46
T 1727 2 0 6 0
E 1727 0 6 19
E 1727 1 6 19
E 1727 2 6 19
E 1727 3 6 19
E 1727 4 6 19
E 1727 5 -9 -29
T 1728 15 0 1 0
E 1728 5 -16 -49
T 1729 4 0 6 0
E 1729 0 7 23
E 1729 1 7 23
E 1729 2 7 23
E 1729 3 7 23
E 1729 4 7 23
E 1729 5 -8 -25
T 1730 17 0 1 0
E 1730 5 -15 -46
T 1731 1 0 6 0
E 1731 0 5 16
E 1731 1 5 16
E 1731 2 5 16
E 1731 3 5 16
E 1731 4 5 16
E 1731 5 -10 -32
T 1732 16 0 1 0
E 1732 5 -15 -47
T 1733 1 0 6 0
E 1733 0 5 16
E 1733 1 5 16
E 1733 2 5 16
E 1733 3 5 16
E 1733 4 5 16
E 1733 5 -10 -32
T 1734 20 0 1 0
E 1734 5 -13 -41
T 1735 5 0 6 0
E 1735 0 7 22
E 1735 1 7 22
E 1735 2 7 22
E 1735 3 7 22
E 1735 4 7 22
E 1735 5 -8 -26
T 1736 11 0 1 0
E 1736 5 -18 -55
T 1737 23 0 1 0
E 1737 5 -12 -37
T 1738 14 0 6 0
E 1738 0 10 30
E 1738 1 10 30
E 1738 2 10 30
E 1738 3 10 30
E 1738 4 10 30
E 1738 5 -6 -18
T 1739 34 0 6 0
E 1739 0 -6 -18
E 1739 1 -6 -18
E 1739 2 -6 -18
E 1739 3 -6 -18
E 1739 4 -6 -18
E 1739 5 -22 -66
T 1740 14 0 6 0
E 1740 0 10 31
E 1740 1 10 31
E 1740 2 10 31
E 1740 3 10 31
E 1740 4 10 31
E 1740 5 -5 -17
T 1741 30 0 6 0
E 1741 0 -5 -16
E 1741 1 -5 -16
E 1741 2 -5 -16
E 1741 3 -5 -16
E 1741 4 -5 -16
E 1741 5 -21 -64
T 1742 16 0 6 0
E 1742 0 11 35
E 1742 1 11 35
E 1742 2 11 35
E 1742 3 11 35
E 1742 4 11 35
E 1742 5 -4 -13
T 1743 10 0 1 0
E 1743 5 -19 -57
T 1744 1 0 6 0
E 1744 0 5 15
E 1744 1 5 15
E 1744 2 5 15
E 1744 3 5 15
E 1744 4 5 15
E 1744 5 -11 -33
T 1745 14 0 1 0
E 1745 5 -17 -51
T 1746 1 0 6 0
E 1746 0 5 16
E 1746 1 5 16
E 1746 2 5 16
E 1746 3 5 16
E 1746 4 5 16
E 1746 5 -10 -32
T 1747 20 0 1 0
E 1747 5 -14 -42
T 1748 5 0 6 0
E 1748 0 7 22
E 1748 1 7 22
E 1748 2 7 22
E 1748 3 7 22
E 1748 4 7 22
E 1748 5 -8 -26
T 1749 13 0 1 0
E 1749 5 -17 -52
T 1750 4 0 6 0
E 1750 0 4 13
E 1750 1 4 13
E 1750 2 4 13
E 1750 3 4 13
E 1750 4 4 13
E 1750 5 -11 -35
T 1751 19 0 1 0
E 1751 5 -14 -43
T 1752 8 0 6 0
E 1752 0 8 25
E 1752 1 8 25
E 1752 2 8 25
E 1752 3 8 25
E 1752 4 8 25
E 1752 5 -7 -23
T 1753 12 0 1 0
E 1753 5 -18 -54
T 1754 5 0 6 0
E 1754 0 4 14
E 1754 1 4 14
E 1754 2 4 14
E 1754 3 4 14
E 1754 4 4 14
E 1754 5 -11 -34
T 1755 18 0 1 0
E 1755 5 -15 -45
T 1756 5 0 6 0
E 1756 0 4 14
E 1756 1 4 14
E 1756 2 4 14
E 1756 3 4 14
E 1756 4 4 14
E 1756 5 -11 -34
T 1757 4 0 6 0
E 1757 0 4 13
E 1757 1 4 13
E 1757 2 4 13
E 1757 3 4 13
E 1757 4 4 13
E 1757 5 -11 -35
T 1758 17 0 1 0
E 1758 5 -15 -46
T 1759 8 0 6 0
E 1759 0 8 24
E 1759 1 8 24
E 1759 2 8 24
E 1759 3 8 24
E 1759 4 8 24
E 1759 5 -8 -24
T 1760 15 0 1 0
E 1760 5 -16 -49
T 1761 5 0 6 0
E 1761 0 7 21
E 1761 1 7 21
E 1761 2 7 21
E 1761 3 7 21
E 1761 4 7 21
E 1761 5 -9 -27
T 1762 11 0 1 0
E 1762 5 -18 -55
T 1763 23 0 1 0
E 1763 5 -12 -37
T 1764 14 0 6 0
E 1764 0 10 31
E 1764 1 10 31
E 1764 2 10 31
E 1764 3 10 31
E 1764 4 10 31
E 1764 5 -5 -17
T 1765 8 0 1 0
E 1765 5 -20 -60
T 1766 22 0 1 0
E 1766 5 -12 -38
T 1767 5 0 6 0
E 1767 0 7 22
E 1767 1 7 22
E 1767 2 7 22
E 1767 3 7 22
E 1767 4 7 22
E 1767 5 -8 -26
T 1768 9 0 1 0
E 1768 5 -19 -58
T 1769 1 0 6 0
E 1769 0 5 16
E 1769 1 5 16
E 1769 2 5 16
E 1769 3 5 16
E 1769 4 5 16
E 1769 5 -10 -32
T 1770 15 0 1 0
E 1770 5 -16 -49
T 1771 1 0 6 0
E 1771 0 5 16
E 1771 1 5 16
E 1771 2 5 16
E 1771 3 5 16
E 1771 4 5 16
E 1771 5 -10 -32
T 1772 18 0 1 0
E 1772 5 -15 -45
T 1773 5 0 6 0
E 1773 0 4 14
E 1773 1 4 14
E 1773 2 4 14
E 1773 3 4 14
E 1773 4 4 14
E 1773 5 -11 -34
T 1774 18 0 1 0
E 1774 5 -14 -44
T 1775 1 0 6 0
E 1775 0 6 20
E 1775 1 6 20
E 1775 2 6 20
E 1775 3 6 20
E 1775 4 6 20
E 1775 5 -9 -28
T 1776 12 0 1 0
E 1776 5 -17 -53
T 1777 20 0 1 0
E 1777 5 -12 -37
T 1778 3 0 6 0
E 1778 0 4 13
E 1778 1 4 13
E 1778 2 4 13
E 1778 3 4 13
E 1778 4 4 13
E 1778 5 -10 -30
T 1779 18 0 1 0
E 1779 5 -11 -33
T 1780 20 0 1 0
E 1780 5 -8 -25
T 1781 4 0 6 0
E 1781 0 5 15
E 1781 1 5 15
E 1781 2 5 15
E 1781 3 5 15
E 1781 4 5 15
E 1781 5 -6 -20
T 1782 6 0 1 0
E 1782 5 -12 -38
T 1783 10 0 1 0
E 1783 5 -10 -30
T 1784 14 0 1 0
E 1784 5 -6 -19
T 1785 6 0 5 0
E 1785 0 4 14
E 1785 1 4 14
E 1785 2 4 14
E 1785 3 4 14
E 1785 4 4 14
T 1786 1 0 1 0
E 1786 5 -10 -31
T 1787 3 0 1 0
E 1787 5 -8 -24
T 1788 3 0 1 0
E 1788 5 -7 -21
T 1789 7 0 0 0
T 1790 12 0 0 0
T 1791 10 0 5 0
E 1791 0 5 15
E 1791 1 5 15
E 1791 2 5 15
E 1791 3 5 15
E 1791 4 5 15
T 1792 3 0 1 0
E 1792 5 -4 -13
T 1793 1 0 0 0
T 1794 1 0 0 0
T 1795 8 0 0 0
T 1796 6 0 5 0
E 1796 0 -4 -14
E 1796 1 -4 -14
E 1796 2 -4 -14
E 1796 3 -4 -14
E 1796 4 -4 -14
T 1797 2 0 0 0
T 1798 0 0 0 0
T 1799 6 0 0 0
T 1800 10 0 0 0
T 1801 10 0 0 0
T 1802 11 0 0 0
T 1803 13 0 1 0
E 1803 5 4 13
T 1804 10 0 5 0
E 1804 0 -6 -20
E 1804 1 -6 -20
E 1804 2 -6 -20
E 1804 3 -6 -20
E 1804 4 -6 -20
T 1805 20 0 6 0
E 1805 0 4 14
E 1805 1 4 14
E 1805 2 4 14
E 1805 3 4 14
E 1805 4 4 14
E 1805 5 14 42
T 1806 11 0 5 0
E 1806 0 -6 -19
E 1806 1 -6 -19
E 1806 2 -6 -19
E 1806 3 -6 -19
E 1806 4 -6 -19
T 1807 2 0 1 0
E 1807 5 14 42
T 1808 9 0 1 0
E 1808 5 10 31
T 1809 17 0 1 0
E 1809 5 6 19
T 1810 1 0 6 0
E 1810 0 -4 -14
E 1810 1 -4 -14
E 1810 2 -4 -14
E 1810 3 -4 -14
E 1810 4 -4 -14
E 1810 5 5 16
T 1811 10 0 1 0
E 1811 5 10 30
T 1812 4 0 6 0
E 1812 0 -5 -17
E 1812 1 -5 -17
E 1812 2 -5 -17
E 1812 3 -5 -17
E 1812 4 -5 -17
E 1812 5 4 13
T 1813 11 0 1 0
E 1813 5 9 28
T 1814 16 0 1 0
E 1814 5 7 21
T 1815 13 0 5 0
E 1815 0 -7 -22
E 1815 1 -7 -22
E 1815 2 -7 -22
E 1815 3 -7 -22
E 1815 4 -7 -22
T 1816 2 0 1 0
E 1816 5 13 41
T 1817 13 0 1 0
E 1817 5 8 25
T 1818 17 0 1 0
E 1818 5 6 19
T 1819 12 0 5 0
E 1819 0 -6 -18
E 1819 1 -6 -18
E 1819 2 -6 -18
E 1819 3 -6 -18
E 1819 4 -6 -18
T 1820 6 0 1 0
E 1820 5 11 35
T 1821 17 0 1 0
E 1821 5 6 19
T 1822 1 0 6 0
E 1822 0 -4 -14
E 1822 1 -4 -14
E 1822 2 -4 -14
E 1822 3 -4 -14
E 1822 4 -4 -14
E 1822 5 5 16
T 1823 10 0 1 0
E 1823 5 9 29
T 1824 14 0 1 0
E 1824 5 7 23
T 1825 12 0 5 0
E 1825 0 -6 -18
E 1825 1 -6 -18
E 1825 2 -6 -18
E 1825 3 -6 -18
E 1825 4 -6 -18
T 1826 21 0 6 0
E 1826 0 4 13
E 1826 1 4 13
E 1826 2 4 13
E 1826 3 4 13
E 1826 4 4 13
E 1826 5 14 44
T 1827 8 0 6 0
E 1827 0 -6 -18
E 1827 1 -6 -18
E 1827 2 -6 -18
E 1827 3 -6 -18
E 1827 4 -6 -18
E 1827 5 4 13
T 1828 8 0 1 0
E 1828 5 12 36
T 1829 1 0 6 0
E 1829 0 -4 -13
E 1829 1 -4 -13
E 1829 2 -4 -13
E 1829 3 -4 -13
E 1829 4 -4 -13
E 1829 5 6 20
T 1830 13 0 1 0
E 1830 5 10 30
T 1831 18 0 1 0
E 1831 5 8 24
T 1832 3 0 6 0
E 1832 0 -5 -17
E 1832 1 -5 -17
E 1832 2 -5 -17
E 1832 3 -5 -17
E 1832 4 -5 -17
E 1832 5 5 17
T 1833 7 0 1 0
E 1833 5 13 41
T 1834 20 0 1 0
E 1834 5 8 24
T 1835 6 0 6 0
E 1835 0 -6 -19
E 1835 1 -6 -19
E 1835 2 -6 -19
E 1835 3 -6 -19
E 1835 4 -6 -19
E 1835 5 5 17
T 1836 9 0 1 0
E 1836 5 14 42
T 1837 15 0 1 0
E 1837 5 11 33
T 1838 2 0 6 0
E 1838 0 -5 -16
E 1838 1 -5 -16
E 1838 2 -5 -16
E 1838 3 -5 -16
E 1838 4 -5 -16
E 1838 5 7 22
T 1839 15 0 1 0
E 1839 5 11 35
T 1840 8 0 6 0
E 1840 0 -7 -21
E 1840 1 -7 -21
E 1840 2 -7 -21
E 1840 3 -7 -21
E 1840 4 -7 -21
E 1840 5 6 18
T 1841 10 0 1 0
E 1841 5 15 45
T 1842 20 0 1 0
E 1842 5 9 29
T 1843 5 0 6 0
E 1843 0 -6 -18
E 1843 1 -6 -18
E 1843 2 -6 -18
E 1843 3 -6 -18
E 1843 4 -6 -18
E 1843 5 7 23
T 1844 9 0 1 0
E 1844 5 16 49
T 1845 20 0 1 0
E 1845 5 11 33
T 1846 12 0 6 0
E 1846 0 -9 -28
E 1846 1 -9 -28
E 1846 2 -9 -28
E 1846 3 -9 -28
E 1846 4 -9 -28
E 1846 5 5 15
T 1847 10 0 1 0
E 1847 5 16 49
T 1848 20 0 1 0
E 1848 5 11 35
T 1849 12 0 6 0
E 1849 0 -9 -28
E 1849 1 -9 -28
E 1849 2 -9 -28
E 1849 3 -9 -28
E 1849 4 -9 -28
E 1849 5 5 17
T 1850 7 0 1 0
E 1850 5 18 56
T 1851 18 0 1 0
E 1851 5 13 41
T 1852 2 0 6 0
E 1852 0 -6 -19
E 1852 1 -6 -19
E 1852 2 -6 -19
E 1852 3 -6 -19
E 1852 4 -6 -19
E 1852 5 9 27
T 1853 19 0 1 0
E 1853 5 14 42
T 1854 5 0 6 0
E 1854 0 -7 -22
E 1854 1 -7 -22
E 1854 2 -7 -22
E 1854 3 -7 -22
E 1854 4 -7 -22
E 1854 5 8 26
T 1855 13 0 1 0
E 1855 5 17 52
T 1856 1 0 6 0
E 1856 0 -5 -15
E 1856 1 -5 -15
E 1856 2 -5 -15
E 1856 3 -5 -15
E 1856 4 -5 -15
E 1856 5 11 33
T 1857 14 0 1 0
E 1857 5 17 51
T 1858 5 0 6 0
E 1858 0 -7 -21
E 1858 1 -7 -21
E 1858 2 -7 -21
E 1858 3 -7 -21
E 1858 4 -7 -21
E 1858 5 9 27
T 1859 12 0 1 0
E 1859 5 18 54
T 1860 2 0 6 0
E 1860 0 -6 -19
E 1860 1 -6 -19
E 1860 2 -6 -19
E 1860 3 -6 -19
E 1860 4 -6 -19
E 1860 5 9 29
T 1861 13 0 1 0
E 1861 5 17 52
T 1862 4 0 6 0
E 1862 0 -4 -13
E 1862 1 -4 -13
E 1862 2 -4 -13
E 1862 3 -4 -13
E 1862 4 -4 -13
E 1862 5 11 35
T 1863 17 0 1 0
E 1863 5 15 46
T 1864 2 0 6 0
E 1864 0 -6 -19
E 1864 1 -6 -19
E 1864 2 -6 -19
E 1864 3 -6 -19
E 1864 4 -6 -19
E 1864 5 9 29
T 1865 12 0 1 0
E 1865 5 17 53
T 1866 2 0 6 0
E 1866 0 -5 -17
E 1866 1 -5 -17
E 1866 2 -5 -17
E 1866 3 -5 -17
E 1866 4 -5 -17
E 1866 5 10 31
T 1867 18 0 1 0
E 1867 5 14 44
T 1868 2 0 6 0
E 1868 0 -6 -18
E 1868 1 -6 -18
E 1868 2 -6 -18
E 1868 3 -6 -18
E 1868 4 -6 -18
E 1868 5 10 30
T 1869 15 0 1 0
E 1869 5 16 49
T 1870 2 0 6 0
E 1870 0 -5 -17
E 1870 1 -5 -17
E 1870 2 -5 -17
E 1870 3 -5 -17
E 1870 4 -5 -17
E 1870 5 10 31
T 1871 18 0 1 0
E 1871 5 14 44
T 1872 2 0 6 0
E 1872 0 -6 -19
E 1872 1 -6 -19
E 1872 2 -6 -19
E 1872 3 -6 -19
E 1872 4 -6 -19
E 1872 5 9 29
T 1873 12 0 1 0
E 1873 5 17 53
T 1874 21 0 1 0
E 1874 5 13 40
T 1875 2 0 6 0
E 1875 0 -6 -19
E 1875 1 -6 -19
E 1875 2 -6 -19
E 1875 3 -6 -19
E 1875 4 -6 -19
E 1875 5 9 29
T 1876 18 0 1 0
E 1876 5 15 45
T 1877 2 0 6 0
E 1877 0 -5 -17
E 1877 1 -5 -17
E 1877 2 -5 -17
E 1877 3 -5 -17
E 1877 4 -5 -17
E 1877 5 10 31
T 1878 22 0 1 0
E 1878 5 13 39
T 1879 8 0 6 0
E 1879 0 -8 -24
E 1879 1 -8 -24
E 1879 2 -8 -24
E 1879 3 -8 -24
E 1879 4 -8 -24
E 1879 5 8 24
T 1880 9 0 1 0
E 1880 5 19 58
T 1881 4 0 6 0
E 1881 0 -4 -13
E 1881 1 -4 -13
E 1881 2 -4 -13
E 1881 3 -4 -13
E 1881 4 -4 -13
E 1881 5 11 35
T 1882 23 0 1 0
E 1882 5 12 37
T 1883 8 0 6 0
E 1883 0 -8 -25
E 1883 1 -8 -25
E 1883 2 -8 -25
E 1883 3 -8 -25
E 1883 4 -8 -25
E 1883 5 7 23
T 1884 12 0 1 0
E 1884 5 18 54
T 1885 2 0 6 0
E 1885 0 -5 -17
E 1885 1 -5 -17
E 1885 2 -5 -17
E 1885 3 -5 -17
E 1885 4 -5 -17
E 1885 5 10 31
T 1886 20 0 1 0
E 1886 5 13 41
T 1887 8 0 6 0
E 1887 0 -8 -25
E 1887 1 -8 -25
E 1887 2 -8 -25
E 1887 3 -8 -25
E 1887 4 -8 -25
E 1887 5 7 23
T 1888 13 0 1 0
E 1888 5 17 52
T 1889 22 0 1 0
E 1889 5 13 39
T 1890 2 0 6 0
E 1890 0 -5 -17
E 1890 1 -5 -17
E 1890 2 -5 -17
E 1890 3 -5 -17
E 1890 4 -5 -17
E 1890 5 10 31
T 1891 16 0 1 0
E 1891 5 16 48
T 1892 1 0 6 0
E 1892 0 -5 -15
E 1892 1 -5 -15
E 1892 2 -5 -15
E 1892 3 -5 -15
E 1892 4 -5 -15
E 1892 5 11 33
T 1893 22 0 1 0
E 1893 5 13 39
T 1894 4 0 6 0
E 1894 0 -7 -23
E 1894 1 -7 -23
E 1894 2 -7 -23
E 1894 3 -7 -23
E 1894 4 -7 -23
E 1894 5 8 25
T 1895 15 0 1 0
E 1895 5 16 49
T 1896 1 0 6 0
E 1896 0 -5 -16
E 1896 1 -5 -16
E 1896 2 -5 -16
E 1896 3 -5 -16
E 1896 4 -5 -16
E 1896 5 10 32
T 1897 16 0 1 0
E 1897 5 15 47
T 1898 5 0 6 0
E 1898 0 -7 -22
E 1898 1 -7 -22
E 1898 2 -7 -22
E 1898 3 -7 -22
E 1898 4 -7 -22
E 1898 5 8 26
T 1899 16 0 1 0
E 1899 5 15 47
T 1900 24 0 1 0
E 1900 5 12 36
T 1901 11 0 6 0
E 1901 0 -9 -27
E 1901 1 -9 -27
E 1901 2 -9 -27
E 1901 3 -9 -27
E 1901 4 -9 -27
E 1901 5 7 21
T 1902 31 0 6 0
E 1902 0 5 15
E 1902 1 5 15
E 1902 2 5 15
E 1902 3 5 15
E 1902 4 5 15
E 1902 5 21 63
T 1903 13 0 6 0
E 1903 0 -10 -32
E 1903 1 -10 -32
E 1903 2 -10 -32
E 1903 3 -10 -32
E 1903 4 -10 -32
E 1903 5 5 16
T 1904 11 0 1 0
E 1904 5 18 55
T 1905 22 0 1 0
E 1905 5 12 38
T 1906 5 0 6 0
E 1906 0 -7 -22
E 1906 1 -7 -22
E 1906 2 -7 -22
E 1906 3 -7 -22
E 1906 4 -7 -22
E 1906 5 8 26
T 1907 16 0 1 0
E 1907 5 16 48
T 1908 4 0 6 0
E 1908 0 -7 -23
E 1908 1 -7 -23
E 1908 2 -7 -23
E 1908 3 -7 -23
E 1908 4 -7 -23
E 1908 5 8 25
T 1909 11 0 1 0
E 1909 5 18 55
T 1910 2 0 6 0
E 1910 0 -6 -18
E 1910 1 -6 -18
E 1910 2 -6 -18
E 1910 3 -6 -18
E 1910 4 -6 -18
E 1910 5 10 30
T 1911 19 0 1 0
E 1911 5 14 43
T 1912 2 0 6 0
E 1912 0 -6 -19
E 1912 1 -6 -19
E 1912 2 -6 -19
E 1912 3 -6 -19
E 1912 4 -6 -19
E 1912 5 9 29
T 1913 18 0 1 0
E 1913 5 14 44
T 1914 5 0 6 0
E 1914 0 -7 -22
E 1914 1 -7 -22
E 1914 2 -7 -22
E 1914 3 -7 -22
E 1914 4 -7 -22
E 1914 5 8 26
T 1915 15 0 1 0
E 1915 5 16 49
T 1916 23 0 1 0
E 1916 5 12 37
T 1917 8 0 6 0
E 1917 0 -8 -25
E 1917 1 -8 -25
E 1917 2 -8 -25
E 1917 3 -8 -25
E 1917 4 -8 -25
E 1917 5 7 23
T 1918 15 0 1 0
E 1918 5 16 49
T 1919 23 0 1 0
E 1919 5 12 37
T 1920 18 0 6 0
E 1920 0 6 18
E 1920 1 6 18
E 1920 2 6 18
E 1920 3 6 18
E 1920 4 6 18
E 1920 5 6 18
T 1921 21 0 6 0
E 1921 0 -7 -22
E 1921 1 -7 -22
E 1921 2 -7 -22
E 1921 3 -7 -22
E 1921 4 -7 -22
E 1921 5 -8 -25
T 1922 18 0 6 0
E 1922 0 7 22
E 1922 1 7 22
E 1922 2 7 22
E 1922 3 7 22
E 1922 4 7 22
E 1922 5 5 16
T 1923 13 0 6 0
E 1923 0 -4 -14
E 1923 1 -4 -14
E 1923 2 -4 -14
E 1923 3 -4 -14
E 1923 4 -4 -14
E 1923 5 -7 -23
T 1924 11 0 5 0
E 1924 0 6 19
E 1924 1 6 19
E 1924 2 6 19
E 1924 3 6 19
E 1924 4 6 19
T 1925 20 0 6 0
E 1925 0 -5 -15
E 1925 1 -5 -15
E 1925 2 -5 -15
E 1925 3 -5 -15
E 1925 4 -5 -15
E 1925 5 -10 -31
T 1926 10 0 5 0
E 1926 0 5 15
E 1926 1 5 15
E 1926 2 5 15
E 1926 3 5 15
E 1926 4 5 15
T 1927 0 0 1 0
E 1927 5 -10 -32
T 1928 5 0 1 0
E 1928 5 -9 -29
T 1929 17 0 1 0
E 1929 5 -6 -18
T 1930 14 0 5 0
E 1930 0 7 21
E 1930 1 7 21
E 1930 2 7 21
E 1930 3 7 21
E 1930 4 7 21
T 1931 29 0 6 0
E 1931 0 -6 -18
E 1931 1 -6 -18
E 1931 2 -6 -18
E 1931 3 -6 -18
E 1931 4 -6 -18
E 1931 5 -17 -53
T 1932 24 0 5 0
E 1932 0 12 36
E 1932 1 12 36
E 1932 2 12 36
E 1932 3 12 36
E 1932 4 12 36
T 1933 31 0 6 0
E 1933 0 -6 -19
E 1933 1 -6 -19
E 1933 2 -6 -19
E 1933 3 -6 -19
E 1933 4 -6 -19
E 1933 5 -20 -60
T 1934 20 0 5 0
E 1934 0 11 35
E 1934 1 11 35
E 1934 2 11 35
E 1934 3 11 35
E 1934 4 11 35
T 1935 30 0 6 0
E 1935 0 -5 -16
E 1935 1 -5 -16
E 1935 2 -5 -16
E 1935 3 -5 -16
E 1935 4 -5 -16
E 1935 5 -21 -64
T 1936 19 0 6 0
E 1936 0 12 36
E 1936 1 12 36
E 1936 2 12 36
E 1936 3 12 36
E 1936 4 12 36
E 1936 5 -5 -15
T 1937 10 0 1 0
E 1937 5 -21 -65
T 1938 25 0 1 0
E 1938 5 -15 -47
T 1939 13 0 6 0
E 1939 0 11 33
E 1939 1 11 33
E 1939 2 11 33
E 1939 3 11 33
E 1939 4 11 33
E 1939 5 -9 -28
T 1940 32 0 6 0
E 1940 0 -4 -14
E 1940 1 -4 -14
E 1940 2 -4 -14
E 1940 3 -4 -14
E 1940 4 -4 -14
E 1940 5 -26 -78
T 1941 4 0 6 0
E 1941 0 9 28
E 1941 1 9 28
E 1941 2 9 28
E 1941 3 9 28
E 1941 4 9 28
E 1941 5 -13 -39
T 1942 22 0 1 0
E 1942 5 -23 -71
T 1943 3 0 6 0
E 1943 0 7 21
E 1943 1 7 21
E 1943 2 7 21
E 1943 3 7 21
E 1943 4 7 21
E 1943 5 -17 -52
T 1944 31 0 1 0
E 1944 5 -23 -69
T 1945 6 0 6 0
E 1945 0 11 34
E 1945 1 11 34
E 1945 2 11 34
E 1945 3 11 34
E 1945 4 11 34
E 1945 5 -15 -46
T 1946 27 0 1 0
E 1946 5 -28 -84
T 1947 2 0 6 0
E 1947 0 9 28
E 1947 1 9 28
E 1947 2 9 28
E 1947 3 9 28
E 1947 4 9 28
E 1947 5 -19 -58
T 1948 35 0 1 0
E 1948 5 -27 -81
T 1949 7 0 6 0
E 1949 0 13 41
E 1949 1 13 41
E 1949 2 13 41
E 1949 3 13 41
E 1949 4 13 41
E 1949 5 -17 -52
T 1950 14 0 1 0
E 1950 5 -16 -50
T 1951 23 0 1 0
E 1951 5 -12 -37
T 1952 11 0 6 0
E 1952 0 9 28
E 1952 1 9 28
E 1952 2 9 28
E 1952 3 9 28
E 1952 4 9 28
E 1952 5 -6 -20
T 1953 30 0 6 0
E 1953 0 -5 -16
E 1953 1 -5 -16
E 1953 2 -5 -16
E 1953 3 -5 -16
E 1953 4 -5 -16
E 1953 5 -21 -64
T 1954 16 0 6 0
E 1954 0 11 35
E 1954 1 11 35
E 1954 2 11 35
E 1954 3 11 35
E 1954 4 11 35
E 1954 5 -4 -13
T 1955 30 0 6 0
E 1955 0 -5 -16
E 1955 1 -5 -16
E 1955 2 -5 -16
E 1955 3 -5 -16
E 1955 4 -5 -16
E 1955 5 -21 -64
T 1956 11 0 6 0
E 1956 0 9 27
E 1956 1 9 27
E 1956 2 9 27
E 1956 3 9 27
E 1956 4 9 27
E 1956 5 -7 -21
T 1957 10 0 1 0
E 1957 5 -18 -56
T 1958 1 0 6 0
E 1958 0 5 16
E 1958 1 5 16
E 1958 2 5 16
E 1958 3 5 16
E 1958 4 5 16
E 1958 5 -10 -32
T 1959 14 0 1 0
E 1959 5 -16 -50
T 1960 23 0 1 0
E 1960 5 -12 -37
T 1961 1 0 6 0
E 1961 0 6 20
E 1961 1 6 20
E 1961 2 6 20
E 1961 3 6 20
E 1961 4 6 20
E 1961 5 -9 -28
T 1962 16 0 1 0
E 1962 5 -15 -47
T 1963 1 0 6 0
E 1963 0 6 20
E 1963 1 6 20
E 1963 2 6 20
E 1963 3 6 20
E 1963 4 6 20
E 1963 5 -9 -28
T 1964 18 0 1 0
E 1964 5 -15 -45
T 1965 4 0 6 0
E 1965 0 7 23
E 1965 1 7 23
E 1965 2 7 23
E 1965 3 7 23
E 1965 4 7 23
E 1965 5 -8 -25
T 1966 14 0 1 0
E 1966 5 -16 -50
T 1967 1 0 6 0
E 1967 0 5 15
E 1967 1 5 15
E 1967 2 5 15
E 1967 3 5 15
E 1967 4 5 15
E 1967 5 -11 -33
T 1968 20 0 1 0
E 1968 5 -13 -41
T 1969 2 0 6 0
E 1969 0 5 17
E 1969 1 5 17
E 1969 2 5 17
E 1969 3 5 17
E 1969 4 5 17
E 1969 5 -10 -31
T 1970 16 0 1 0
E 1970 5 -16 -48
T 1971 2 0 6 0
E 1971 0 5 17
E 1971 1 5 17
E 1971 2 5 17
E 1971 3 5 17
E 1971 4 5 17
E 1971 5 -10 -31
T 1972 20 0 1 0
E 1972 5 -14 -42
T 1973 4 0 6 0
E 1973 0 7 23
E 1973 1 7 23
E 1973 2 7 23
E 1973 3 7 23
E 1973 4 7 23
E 1973 5 -8 -25
T 1974 17 0 1 0
E 1974 5 -15 -46
T 1975 5 0 6 0
E 1975 0 7 22
E 1975 1 7 22
E 1975 2 7 22
E 1975 3 7 22
E 1975 4 7 22
E 1975 5 -8 -26
T 1976 12 0 1 0
E 1976 5 -17 -53
T 1977 24 0 1 0
E 1977 5 -12 -36
T 1978 11 0 6 0
E 1978 0 9 28
E 1978 1 9 28
E 1978 2 9 28
E 1978 3 9 28
E 1978 4 9 28
E 1978 5 -6 -20
T 1979 8 0 1 0
E 1979 5 -19 -59
T 1980 20 0 1 0
E 1980 5 -13 -41
T 1981 11 0 6 0
E 1981 0 9 27
E 1981 1 9 27
E 1981 2 9 27
E 1981 3 9 27
E 1981 4 9 27
E 1981 5 -7 -21
T 1982 12 0 1 0
E 1982 5 -18 -54
T 1983 22 0 1 0
E 1983 5 -13 -39
T 1984 8 0 6 0
E 1984 0 8 25
E 1984 1 8 25
E 1984 2 8 25
E 1984 3 8 25
E 1984 4 8 25
E 1984 5 -7 -23
T 1985 14 0 1 0
E 1985 5 -16 -50
T 1986 23 0 1 0
E 1986 5 -12 -37
T 1987 11 0 6 0
E 1987 0 9 28
E 1987 1 9 28
E 1987 2 9 28
E 1987 3 9 28
E 1987 4 9 28
E 1987 5 -6 -20
T 1988 8 0 1 0
E 1988 5 -20 -60
T 1989 18 0 1 0
E 1989 5 -14 -44
T 1990 1 0 6 0
E 1990 0 5 16
E 1990 1 5 16
E 1990 2 5 16
E 1990 3 5 16
E 1990 4 5 16
E 1990 5 -10 -32
T 1991 19 0 1 0
E 1991 5 -14 -43
T 1992 7 0 6 0
E 1992 0 8 26
E 1992 1 8 26
E 1992 2 8 26
E 1992 3 8 26
E 1992 4 8 26
E 1992 5 -7 -22
T 1993 10 0 1 0
E 1993 5 -19 -57
T 1994 5 0 6 0
E 1994 0 4 14
E 1994 1 4 14
E 1994 2 4 14
E 1994 3 4 14
E 1994 4 4 14
E 1994 5 -11 -34
T 1995 24 0 1 0
E 1995 5 -12 -36
T 1996 11 0 6 0
E 1996 0 9 28
E 1996 1 9 28
E 1996 2 9 28
E 1996 3 9 28
E 1996 4 9 28
E 1996 5 -6 -20
T 1997 26 0 6 0
E 1997 0 -4 -14
E 1997 1 -4 -14
E 1997 2 -4 -14
E 1997 3 -4 -14
E 1997 4 -4 -14
E 1997 5 -20 -62
T 1998 8 0 6 0
E 1998 0 8 25
E 1998 1 8 25
E 1998 2 8 25
E 1998 3 8 25
E 1998 4 8 25
E 1998 5 -7 -23
T 1999 13 0 1 0
E 1999 5 -17 -52
T 2000 5 0 6 0
E 2000 0 7 21
E 2000 1 7 21
E 2000 2 7 21
E 2000 3 7 21
E 2000 4 7 21
E 2000 5 -9 -27
T 2001 17 0 1 0
E 2001 5 -15 -46
T 2002 5 0 6 0
E 2002 0 7 21
E 2002 1 7 21
E 2002 2 7 21
E 2002 3 7 21
E 2002 4 7 21
E 2002 5 -9 -27
T 2003 17 0 1 0
E 2003 5 -15 -46
T 2004 1 0 6 0
E 2004 0 5 16
E 2004 1 5 16
E 2004 2 5 16
E 2004 3 5 16
E 2004 4 5 16
E 2004 5 -10 -32
T 2005 22 0 1 0
E 2005 5 -13 -39
T 2006 10 0 6 0
E 2006 0 9 29
E 2006 1 9 29
E 2006 2 9 29
E 2006 3 9 29
E 2006 4 9 29
E 2006 5 -6 -19
T 2007 14 0 1 0
E 2007 5 -17 -51
T 2008 1 0 6 0
E 2008 0 5 15
E 2008 1 5 15
E 2008 2 5 15
E 2008 3 5 15
E 2008 4 5 15
E 2008 5 -11 -33
T 2009 14 0 1 0
E 2009 5 -16 -50
T 2010 1 0 6 0
E 2010 0 5 16
E 2010 1 5 16
E 2010 2 5 16
E 2010 3 5 16
E 2010 4 5 16
E 2010 5 -10 -32
T 2011 19 0 1 0
E 2011 5 -14 -43
T 2012 2 0 6 0
E 2012 0 6 19
E 2012 1 6 19
E 2012 2 6 19
E 2012 3 6 19
E 2012 4 6 19
E 2012 5 -9 -29
T 2013 16 0 1 0
E 2013 5 -15 -47
T 2014 24 0 1 0
E 2014 5 -12 -36
T 2015 14 0 6 0
E 2015 0 10 31
E 2015 1 10 31
E 2015 2 10 31
E 2015 3 10 31
E 2015 4 10 31
E 2015 5 -5 -17
T 2016 34 0 6 0
E 2016 0 -6 -18
E 2016 1 -6 -18
E 2016 2 -6 -18
E 2016 3 -6 -18
E 2016 4 -6 -18
E 2016 5 -22 -66
T 2017 22 0 5 0
E 2017 0 12 38
E 2017 1 12 38
E 2017 2 12 38
E 2017 3 12 38
E 2017 4 12 38
T 2018 37 0 6 0
E 2018 0 -8 -25
E 2018 1 -8 -25
E 2018 2 -8 -25
E 2018 3 -8 -25
E 2018 4 -8 -25
E 2018 5 -22 -68
T 2019 19 0 5 0
E 2019 0 10 31
E 2019 1 10 31
E 2019 2 10 31
E 2019 3 10 31
E 2019 4 10 31
T 2020 36 0 6 0
E 2020 0 -8 -24
E 2020 1 -8 -24
E 2020 2 -8 -24
E 2020 3 -8 -24
E 2020 4 -8 -24
E 2020 5 -20 -61
T 2021 20 0 5 0
E 2021 0 10 30
E 2021 1 10 30
E 2021 2 10 30
E 2021 3 10 30
E 2021 4 10 30
T 2022 34 0 6 0
E 2022 0 -8 -25
E 2022 1 -8 -25
E 2022 2 -8 -25
E 2022 3 -8 -25
E 2022 4 -8 -25
E 2022 5 -19 -57
T 2023 16 0 5 0
E 2023 0 9 29
E 2023 1 9 29
E 2023 2 9 29
E 2023 3 9 29
E 2023 4 9 29
T 2024 22 0 6 0
E 2024 0 -5 -17
E 2024 1 -5 -17
E 2024 2 -5 -17
E 2024 3 -5 -17
E 2024 4 -5 -17
E 2024 5 -14 -44
T 2025 11 0 5 0
E 2025 0 6 19
E 2025 1 6 19
E 2025 2 6 19
E 2025 3 6 19
E 2025 4 6 19
T 2026 22 0 6 0
E 2026 0 -5 -15
E 2026 1 -5 -15
E 2026 2 -5 -15
E 2026 3 -5 -15
E 2026 4 -5 -15
E 2026 5 -12 -37
T 2027 12 0 5 0
E 2027 0 7 23
E 2027 1 7 23
E 2027 2 7 23
E 2027 3 7 23
E 2027 4 7 23
T 2028 20 0 6 0
E 2028 0 -5 -15
E 2028 1 -5 -15
E 2028 2 -5 -15
E 2028 3 -5 -15
E 2028 4 -5 -15
E 2028 5 -10 -32
T 2029 16 0 5 0
E 2029 0 8 24
E 2029 1 8 24
E 2029 2 8 24
E 2029 3 8 24
E 2029 4 8 24
T 2030 4 0 1 0
E 2030 5 -7 -22
T 2031 2 0 0 0
T 2032 3 0 0 0
T 2033 3 0 0 0
T 2034 10 0 0 0
T 2035 9 0 0 0
T 2036 4 0 0 0
T 2037 3 0 0 0
T 2038 9 0 0 0
T 2039 12 0 0 0
T 2040 12 0 5 0
E 2040 0 -6 -18
E 2040 1 -6 -18
E 2040 2 -6 -18
E 2040 3 -6 -18
E 2040 4 -6 -18
T 2041 1 0 1 0
E 2041 5 8 24
T 2042 6 0 1 0
E 2042 5 7 21
T 2043 9 0 1 0
E 2043 5 6 19
T 2044 9 0 5 0
E 2044 0 -5 -16
E 2044 1 -5 -16
E 2044 2 -5 -16
E 2044 3 -5 -16
E 2044 4 -5 -16
T 2045 7 0 1 0
E 2045 5 10 31
T 2046 13 0 1 0
E 2046 5 8 25
T 2047 11 0 5 0
E 2047 0 -6 -19
E 2047 1 -6 -19
E 2047 2 -6 -19
E 2047 3 -6 -19
E 2047 4 -6 -19
T 2048 21 0 6 0
E 2048 0 4 13
E 2048 1 4 13
E 2048 2 4 13
E 2048 3 4 13
E 2048 4 4 13
E 2048 5 14 43
T 2049 18 0 5 0
E 2049 0 -9 -27
E 2049 1 -9 -27
E 2049 2 -9 -27
E 2049 3 -9 -27
E 2049 4 -9 -27
T 2050 31 0 6 0
E 2050 0 7 21
E 2050 1 7 21
E 2050 2 7 21
E 2050 3 7 21
E 2050 4 7 21
E 2050 5 17 51
T 2051 18 0 5 0
E 2051 0 -9 -27
E 2051 1 -9 -27
E 2051 2 -9 -27
E 2051 3 -9 -27
E 2051 4 -9 -27
T 2052 25 0 6 0
E 2052 0 5 15
E 2052 1 5 15
E 2052 2 5 15
E 2052 3 5 15
E 2052 4 5 15
E 2052 5 15 45
T 2053 13 0 5 0
E 2053 0 -7 -22
E 2053 1 -7 -22
E 2053 2 -7 -22
E 2053 3 -7 -22
E 2053 4 -7 -22
T 2054 5 0 1 0
E 2054 5 12 37
T 2055 14 0 1 0
E 2055 5 7 23
T 2056 2 0 6 0
E 2056 0 -4 -13
E 2056 1 -4 -13
E 2056 2 -4 -13
E 2056 3 -4 -13
E 2056 4 -4 -13
E 2056 5 5 17
T 2057 12 0 1 0
E 2057 5 8 26
T 2058 14 0 1 0
E 2058 5 7 23
T 2059 18 0 1 0
E 2059 5 6 18
T 2060 16 0 5 0
E 2060 0 -8 -24
E 2060 1 -8 -24
E 2060 2 -8 -24
E 2060 3 -8 -24
E 2060 4 -8 -24
T 2061 20 0 6 0
E 2061 0 4 14
E 2061 1 4 14
E 2061 2 4 14
E 2061 3 4 14
E 2061 4 4 14
E 2061 5 14 44
T 2062 16 0 5 0
E 2062 0 -8 -24
E 2062 1 -8 -24
E 2062 2 -8 -24
E 2062 3 -8 -24
E 2062 4 -8 -24
T 2063 27 0 6 0
E 2063 0 6 19
E 2063 1 6 19
E 2063 2 6 19
E 2063 3 6 19
E 2063 4 6 19
E 2063 5 16 49
T 2064 14 0 5 0
E 2064 0 -8 -26
E 2064 1 -8 -26
E 2064 2 -8 -26
E 2064 3 -8 -26
E 2064 4 -8 -26
T 2065 2 0 1 0
E 2065 5 14 42
T 2066 15 0 1 0
E 2066 5 7 23
T 2067 11 0 5 0
E 2067 0 -6 -19
E 2067 1 -6 -19
E 2067 2 -6 -19
E 2067 3 -6 -19
E 2067 4 -6 -19
T 2068 8 0 1 0
E 2068 5 12 36
T 2069 4 0 6 0
E 2069 0 -5 -15
E 2069 1 -5 -15
E 2069 2 -5 -15
E 2069 3 -5 -15
E 2069 4 -5 -15
E 2069 5 6 18
T 2070 10 0 1 0
E 2070 5 11 34
T 2071 3 0 6 0
E 2071 0 -5 -17
E 2071 1 -5 -17
E 2071 2 -5 -17
E 2071 3 -5 -17
E 2071 4 -5 -17
E 2071 5 5 17
T 2072 14 0 1 0
E 2072 5 10 30
T 2073 18 0 1 0
E 2073 5 8 25
T 2074 1 0 6 0
E 2074 0 -4 -14
E 2074 1 -4 -14
E 2074 2 -4 -14
E 2074 3 -4 -14
E 2074 4 -4 -14
E 2074 5 7 22
T 2075 10 0 1 0
E 2075 5 12 38
T 2076 16 0 1 0
E 2076 5 10 31
T 2077 20 0 1 0
E 2077 5 8 25
T 2078 5 0 6 0
E 2078 0 -6 -19
E 2078 1 -6 -19
E 2078 2 -6 -19
E 2078 3 -6 -19
E 2078 4 -6 -19
E 2078 5 6 19
T 2079 8 0 1 0
E 2079 5 15 46
T 2080 17 0 1 0
E 2080 5 11 33
T 2081 4 0 6 0
E 2081 0 -6 -20
E 2081 1 -6 -20
E 2081 2 -6 -20
E 2081 3 -6 -20
E 2081 4 -6 -20
E 2081 5 6 20
T 2082 8 0 1 0
E 2082 5 15 47
T 2083 20 0 1 0
E 2083 5 10 31
T 2084 13 0 6 0
E 2084 0 -9 -27
E 2084 1 -9 -27
E 2084 2 -9 -27
E 2084 3 -9 -27
E 2084 4 -9 -27
E 2084 5 5 15
T 2085 8 0 1 0
E 2085 5 17 51
T 2086 17 0 1 0
E 2086 5 12 38
T 2087 22 0 1 0
E 2087 5 10 31
T 2088 8 0 6 0
E 2088 0 -8 -26
E 2088 1 -8 -26
E 2088 2 -8 -26
E 2088 3 -8 -26
E 2088 4 -8 -26
E 2088 5 6 18
T 2089 7 0 1 0
E 2089 5 19 57
T 2090 4 0 6 0
E 2090 0 -4 -14
E 2090 1 -4 -14
E 2090 2 -4 -14
E 2090 3 -4 -14
E 2090 4 -4 -14
E 2090 5 10 31
T 2091 17 0 1 0
E 2091 5 14 43
T 2092 3 0 6 0
E 2092 0 -6 -18
E 2092 1 -6 -18
E 2092 2 -6 -18
E 2092 3 -6 -18
E 2092 4 -6 -18
E 2092 5 9 28
T 2093 18 0 1 0
E 2093 5 14 43
T 2094 5 0 6 0
E 2094 0 -7 -21
E 2094 1 -7 -21
E 2094 2 -7 -21
E 2094 3 -7 -21
E 2094 4 -7 -21
E 2094 5 9 27
T 2095 15 0 1 0
E 2095 5 16 49
T 2096 5 0 6 0
E 2096 0 -4 -14
E 2096 1 -4 -14
E 2096 2 -4 -14
E 2096 3 -4 -14
E 2096 4 -4 -14
E 2096 5 11 34
T 2097 22 0 1 0
E 2097 5 12 38
T 2098 11 0 6 0
E 2098 0 -9 -28
E 2098 1 -9 -28
E 2098 2 -9 -28
E 2098 3 -9 -28
E 2098 4 -9 -28
E 2098 5 6 20
T 2099 31 0 6 0
E 2099 0 5 15
E 2099 1 5 15
E 2099 2 5 15
E 2099 3 5 15
E 2099 4 5 15
E 2099 5 21 63
T 2100 14 0 6 0
E 2100 0 -10 -30
E 2100 1 -10 -30
E 2100 2 -10 -30
E 2100 3 -10 -30
E 2100 4 -10 -30
E 2100 5 6 18
T 2101 31 0 6 0
E 2101 0 5 15
E 2101 1 5 15
E 2101 2 5 15
E 2101 3 5 15
E 2101 4 5 15
E 2101 5 21 63
T 2102 22 0 5 0
E 2102 0 -12 -38
E 2102 1 -12 -38
E 2102 2 -12 -38
E 2102 3 -12 -38
E 2102 4 -12 -38
T 2103 33 0 6 0
E 2103 0 6 19
E 2103 1 6 19
E 2103 2 6 19
E 2103 3 6 19
E 2103 4 6 19
E 2103 5 22 67
T 2104 25 0 5 0
E 2104 0 -13 -40
E 2104 1 -13 -40
E 2104 2 -13 -40
E 2104 3 -13 -40
E 2104 4 -13 -40
T 2105 36 0 6 0
E 2105 0 7 22
E 2105 1 7 22
E 2105 2 7 22
E 2105 3 7 22
E 2105 4 7 22
E 2105 5 23 70
T 2106 24 0 5 0
E 2106 0 -12 -36
E 2106 1 -12 -36
E 2106 2 -12 -36
E 2106 3 -12 -36
E 2106 4 -12 -36
T 2107 39 0 6 0
E 2107 0 8 25
E 2107 1 8 25
E 2107 2 8 25
E 2107 3 8 25
E 2107 4 8 25
E 2107 5 24 73
T 2108 16 0 6 0
E 2108 0 -11 -35
E 2108 1 -11 -35
E 2108 2 -11 -35
E 2108 3 -11 -35
E 2108 4 -11 -35
E 2108 5 4 13
T 2109 26 0 6 0
E 2109 0 4 14
E 2109 1 4 14
E 2109 2 4 14
E 2109 3 4 14
E 2109 4 4 14
E 2109 5 20 62
T 2110 4 0 6 0
E 2110 0 -7 -23
E 2110 1 -7 -23
E 2110 2 -7 -23
E 2110 3 -7 -23
E 2110 4 -7 -23
E 2110 5 8 25
T 2111 17 0 1 0
E 2111 5 15 46
T 2112 8 0 6 0
E 2112 0 -8 -24
E 2112 1 -8 -24
E 2112 2 -8 -24
E 2112 3 -8 -24
E 2112 4 -8 -24
E 2112 5 8 24
T 2113 15 0 1 0
E 2113 5 16 49
T 2114 1 0 6 0
E 2114 0 -6 -20
E 2114 1 -6 -20
E 2114 2 -6 -20
E 2114 3 -6 -20
E 2114 4 -6 -20
E 2114 5 9 28
T 2115 14 0 1 0
E 2115 5 17 51
T 2116 23 0 1 0
E 2116 5 12 37
T 2117 11 0 6 0
E 2117 0 -9 -27
E 2117 1 -9 -27
E 2117 2 -9 -27
E 2117 3 -9 -27
E 2117 4 -9 -27
E 2117 5 7 21
T 2118 12 0 1 0
E 2118 5 17 53
T 2119 1 0 6 0
E 2119 0 -5 -15
E 2119 1 -5 -15
E 2119 2 -5 -15
E 2119 3 -5 -15
E 2119 4 -5 -15
E 2119 5 11 33
T 2120 18 0 1 0
E 2120 5 14 44
T 2121 8 0 6 0
E 2121 0 -8 -24
E 2121 1 -8 -24
E 2121 2 -8 -24
E 2121 3 -8 -24
E 2121 4 -8 -24
E 2121 5 8 24
T 2122 10 0 1 0
E 2122 5 18 56
T 2123 22 0 1 0
E 2123 5 13 39
T 2124 14 0 6 0
E 2124 0 -10 -30
E 2124 1 -10 -30
E 2124 2 -10 -30
E 2124 3 -10 -30
E 2124 4 -10 -30
E 2124 5 6 18
T 2125 10 0 1 0
E 2125 5 18 56
T 2126 1 0 6 0
E 2126 0 -5 -15
E 2126 1 -5 -15
E 2126 2 -5 -15
E 2126 3 -5 -15
E 2126 4 -5 -15
E 2126 5 11 33
T 2127 16 0 1 0
E 2127 5 16 48
T 2128 24 0 1 0
E 2128 5 12 36
T 2129 5 0 6 0
E 2129 0 -7 -22
E 2129 1 -7 -22
E 2129 2 -7 -22
E 2129 3 -7 -22
E 2129 4 -7 -22
E 2129 5 8 26
T 2130 14 0 1 0
E 2130 5 16 50
T 2131 22 0 1 0
E 2131 5 12 38
T 2132 2 0 6 0
E 2132 0 -6 -18
E 2132 1 -6 -18
E 2132 2 -6 -18
E 2132 3 -6 -18
E 2132 4 -6 -18
E 2132 5 10 30
T 2133 18 0 1 0
E 2133 5 14 44
T 2134 2 0 6 0
E 2134 0 -6 -19
E 2134 1 -6 -19
E 2134 2 -6 -19
E 2134 3 -6 -19
E 2134 4 -6 -19
E 2134 5 9 29
T 2135 18 0 1 0
E 2135 5 14 44
T 2136 1 0 6 0
E 2136 0 -5 -15
E 2136 1 -5 -15
E 2136 2 -5 -15
E 2136 3 -5 -15
E 2136 4 -5 -15
E 2136 5 11 33
T 2137 18 0 1 0
E 2137 5 14 44
T 2138 1 0 6 0
E 2138 0 -6 -20
E 2138 1 -6 -20
E 2138 2 -6 -20
E 2138 3 -6 -20
E 2138 4 -6 -20
E 2138 5 9 28
T 2139 12 0 1 0
E 2139 5 17 53
T 2140 21 0 1 0
E 2140 5 13 40
T 2141 11 0 6 0
E 2141 0 -9 -28
E 2141 1 -9 -28
E 2141 2 -9 -28
E 2141 3 -9 -28
E 2141 4 -9 -28
E 2141 5 6 20
T 2142 9 0 1 0
E 2142 5 19 58
T 2143 21 0 1 0
E 2143 5 13 40
T 2144 10 0 6 0
E 2144 0 -9 -29
E 2144 1 -9 -29
E 2144 2 -9 -29
E 2144 3 -9 -29
E 2144 4 -9 -29
E 2144 5 6 19
T 2145 12 0 1 0
E 2145 5 17 53
T 2146 23 0 1 0
E 2146 5 12 37
T 2147 11 0 6 0
E 2147 0 -9 -28
E 2147 1 -9 -28
E 2147 2 -9 -28
E 2147 3 -9 -28
E 2147 4 -9 -28
E 2147 5 6 20
T 2148 12 0 1 0
E 2148 5 17 53
T 2149 4 0 6 0
E 2149 0 -4 -13
E 2149 1 -4 -13
E 2149 2 -4 -13
E 2149 3 -4 -13
E 2149 4 -4 -13
E 2149 5 11 35
T 2150 21 0 1 0
E 2150 5 13 40
T 2151 2 0 6 0
E 2151 0 -6 -18
E 2151 1 -6 -18
E 2151 2 -6 -18
E 2151 3 -6 -18
E 2151 4 -6 -18
E 2151 5 10 30
T 2152 19 0 1 0
E 2152 5 14 43
T 2153 5 0 6 0
E 2153 0 -7 -21
E 2153 1 -7 -21
E 2153 2 -7 -21
E 2153 3 -7 -21
E 2153 4 -7 -21
E 2153 5 9 27
T 2154 12 0 1 0
E 2154 5 18 54
T 2155 1 0 6 0
E 2155 0 -5 -15
E 2155 1 -5 -15
E 2155 2 -5 -15
E 2155 3 -5 -15
E 2155 4 -5 -15
E 2155 5 11 33
T 2156 18 0 1 0
E 2156 5 14 44
T 2157 1 0 6 0
E 2157 0 -6 -20
E 2157 1 -6 -20
E 2157 2 -6 -20
E 2157 3 -6 -20
E 2157 4 -6 -20
E 2157 5 9 28
T 2158 18 0 1 0
E 2158 5 14 44
T 2159 1 0 6 0
E 2159 0 -5 -15
E 2159 1 -5 -15
E 2159 2 -5 -15
E 2159 3 -5 -15
E 2159 4 -5 -15
E 2159 5 11 33
T 2160 38 0 6 0
E 2160 0 13 40
E 2160 1 13 40
E 2160 2 13 40
E 2160 3 13 40
E 2160 4 13 40
E 2160 5 13 40
T 2161 33 0 6 0
E 2161 0 -11 -34
E 2161 1 -11 -34
E 2161 2 -11 -34
E 2161 3 -11 -34
E 2161 4 -11 -34
E 2161 5 -12 -37
T 2162 34 0 6 0
E 2162 0 12 36
E 2162 1 12 36
E 2162 2 12 36
E 2162 3 12 36
E 2162 4 12 36
E 2162 5 10 30
T 2163 32 0 6 0
E 2163 0 -10 -31
E 2163 1 -10 -31
E 2163 2 -10 -31
E 2163 3 -10 -31
E 2163 4 -10 -31
E 2163 5 -13 -40
T 2164 21 0 6 0
E 2164 0 9 29
E 2164 1 9 29
E 2164 2 9 29
E 2164 3 9 29
E 2164 4 9 29
E 2164 5 5 16
T 2165 22 0 6 0
E 2165 0 -6 -19
E 2165 1 -6 -19
E 2165 2 -6 -19
E 2165 3 -6 -19
E 2165 4 -6 -19
E 2165 5 -11 -35
T 2166 14 0 5 0
E 2166 0 7 21
E 2166 1 7 21
E 2166 2 7 21
E 2166 3 7 21
E 2166 4 7 21
T 2167 0 0 1 0
E 2167 5 -10 -32
T 2168 13 0 1 0
E 2168 5 -6 -18
T 2169 17 0 1 0
E 2169 5 -6 -18
T 2170 0 0 6 0
E 2170 0 4 14
E 2170 1 4 14
E 2170 2 4 14
E 2170 3 4 14
E 2170 4 4 14
E 2170 5 -6 -18
T 2171 11 0 1 0
E 2171 5 -12 -36
T 2172 1 0 6 0
E 2172 0 5 17
E 2172 1 5 17
E 2172 2 5 17
E 2172 3 5 17
E 2172 4 5 17
E 2172 5 -7 -21
T 2173 11 0 1 0
E 2173 5 -15 -45
T 2174 4 0 6 0
E 2174 0 4 14
E 2174 1 4 14
E 2174 2 4 14
E 2174 3 4 14
E 2174 4 4 14
E 2174 5 -10 -31
T 2175 20 0 1 0
E 2175 5 -14 -42
T 2176 4 0 6 0
E 2176 0 7 22
E 2176 1 7 22
E 2176 2 7 22
E 2176 3 7 22
E 2176 4 7 22
E 2176 5 -9 -29
T 2177 14 0 1 0
E 2177 5 -19 -59
T 2178 1 0 6 0
E 2178 0 6 19
E 2178 1 6 19
E 2178 2 6 19
E 2178 3 6 19
E 2178 4 6 19
E 2178 5 -12 -38
T 2179 25 0 1 0
E 2179 5 -17 -53
T 2180 5 0 6 0
E 2180 0 9 29
E 2180 1 9 29
E 2180 2 9 29
E 2180 3 9 29
E 2180 4 9 29
E 2180 5 -11 -35
T 2181 19 0 1 0
E 2181 5 -24 -72
T 2182 2 0 6 0
E 2182 0 7 21
E 2182 1 7 21
E 2182 2 7 21
E 2182 3 7 21
E 2182 4 7 21
E 2182 5 -16 -49
T 2183 25 0 1 0
E 2183 5 -24 -72
T 2184 8 0 6 0
E 2184 0 11 33
E 2184 1 11 33
E 2184 2 11 33
E 2184 3 11 33
E 2184 4 11 33
E 2184 5 -14 -44
T 2185 19 0 1 0
E 2185 5 -30 -91
T 2186 4 0 6 0
E 2186 0 8 25
E 2186 1 8 25
E 2186 2 8 25
E 2186 3 8 25
E 2186 4 8 25
E 2186 5 -19 -58
T 2187 30 0 1 0
E 2187 5 -28 -84
T 2188 1 0 6 0
E 2188 0 10 30
E 2188 1 10 30
E 2188 2 10 30
E 2188 3 10 30
E 2188 4 10 30
E 2188 5 -19 -59
T 2189 34 0 1 0
E 2189 5 -29 -88
T 2190 17 0 6 0
E 2190 0 11 33
E 2190 1 11 33
E 2190 2 11 33
E 2190 3 11 33
E 2190 4 11 33
E 2190 5 -5 -15
T 2191 30 0 6 0
E 2191 0 -5 -16
E 2191 1 -5 -16
E 2191 2 -5 -16
E 2191 3 -5 -16
E 2191 4 -5 -16
E 2191 5 -21 -64
T 2192 22 0 5 0
E 2192 0 12 38
E 2192 1 12 38
E 2192 2 12 38
E 2192 3 12 38
E 2192 4 12 38
T 2193 37 0 6 0
E 2193 0 -7 -21
E 2193 1 -7 -21
E 2193 2 -7 -21
E 2193 3 -7 -21
E 2193 4 -7 -21
E 2193 5 -23 -69
T 2194 26 0 5 0
E 2194 0 13 39
E 2194 1 13 39
E 2194 2 13 39
E 2194 3 13 39
E 2194 4 13 39
T 2195 43 0 6 0
E 2195 0 -9 -27
E 2195 1 -9 -27
E 2195 2 -9 -27
E 2195 3 -9 -27
E 2195 4 -9 -27
E 2195 5 -25 -75
T 2196 31 0 5 0
E 2196 0 16 49
E 2196 1 16 49
E 2196 2 16 49
E 2196 3 16 49
E 2196 4 16 49
T 2197 48 0 6 0
E 2197 0 -11 -34
E 2197 1 -11 -34
E 2197 2 -11 -34
E 2197 3 -11 -34
E 2197 4 -11 -34
E 2197 5 -27 -82
T 2198 33 0 5 0
E 2198 0 17 52
E 2198 1 17 52
E 2198 2 17 52
E 2198 3 17 52
E 2198 4 17 52
T 2199 42 0 6 0
E 2199 0 -9 -28
E 2199 1 -9 -28
E 2199 2 -9 -28
E 2199 3 -9 -28
E 2199 4 -9 -28
E 2199 5 -25 -76
T 2200 28 0 5 0
E 2200 0 15 47
E 2200 1 15 47
E 2200 2 15 47
E 2200 3 15 47
E 2200 4 15 47
T 2201 37 0 6 0
E 2201 0 -7 -21
E 2201 1 -7 -21
E 2201 2 -7 -21
E 2201 3 -7 -21
E 2201 4 -7 -21
E 2201 5 -23 -69
T 2202 24 0 5 0
E 2202 0 13 41
E 2202 1 13 41
E 2202 2 13 41
E 2202 3 13 41
E 2202 4 13 41
T 2203 40 0 6 0
E 2203 0 -8 -24
E 2203 1 -8 -24
E 2203 2 -8 -24
E 2203 3 -8 -24
E 2203 4 -8 -24
E 2203 5 -24 -72
T 2204 25 0 5 0
E 2204 0 13 40
E 2204 1 13 40
E 2204 2 13 40
E 2204 3 13 40
E 2204 4 13 40
T 2205 35 0 6 0
E 2205 0 -7 -23
E 2205 1 -7 -23
E 2205 2 -7 -23
E 2205 3 -7 -23
E 2205 4 -7 -23
E 2205 5 -23 -71
T 2206 23 0 5 0
E 2206 0 12 37
E 2206 1 12 37
E 2206 2 12 37
E 2206 3 12 37
E 2206 4 12 37
T 2207 35 0 6 0
E 2207 0 -7 -23
E 2207 1 -7 -23
E 2207 2 -7 -23
E 2207 3 -7 -23
E 2207 4 -7 -23
E 2207 5 -23 -71
T 2208 14 0 6 0
E 2208 0 10 31
E 2208 1 10 31
E 2208 2 10 31
E 2208 3 10 31
E 2208 4 10 31
E 2208 5 -5 -17
T 2209 10 0 1 0
E 2209 5 -18 -56
T 2210 24 0 1 0
E 2210 5 -12 -36
T 2211 1 0 6 0
E 2211 0 6 20
E 2211 1 6 20
E 2211 2 6 20
E 2211 3 6 20
E 2211 4 6 20
E 2211 5 -9 -28
T 2212 18 0 1 0
E 2212 5 -14 -44
T 2213 2 0 6 0
E 2213 0 5 17
E 2213 1 5 17
E 2213 2 5 17
E 2213 3 5 17
E 2213 4 5 17
E 2213 5 -10 -31
T 2214 16 0 1 0
E 2214 5 -15 -47
T 2215 4 0 6 0
E 2215 0 7 23
E 2215 1 7 23
E 2215 2 7 23
E 2215 3 7 23
E 2215 4 7 23
E 2215 5 -8 -25
T 2216 16 0 1 0
E 2216 5 -16 -48
T 2217 1 0 6 0
E 2217 0 5 16
E 2217 1 5 16
E 2217 2 5 16
E 2217 3 5 16
E 2217 4 5 16
E 2217 5 -10 -32
T 2218 14 0 1 0
E 2218 5 -16 -50
T 2219 4 0 6 0
E 2219 0 4 13
E 2219 1 4 13
E 2219 2 4 13
E 2219 3 4 13
E 2219 4 4 13
E 2219 5 -11 -35
T 2220 21 0 1 0
E 2220 5 -13 -40
T 2221 1 0 6 0
E 2221 0 5 16
E 2221 1 5 16
E 2221 2 5 16
E 2221 3 5 16
E 2221 4 5 16
E 2221 5 -10 -32
T 2222 21 0 1 0
E 2222 5 -13 -40
T 2223 8 0 6 0
E 2223 0 8 24
E 2223 1 8 24
E 2223 2 8 24
E 2223 3 8 24
E 2223 4 8 24
E 2223 5 -8 -24
T 2224 14 0 1 0
E 2224 5 -16 -50
T 2225 22 0 1 0
E 2225 5 -12 -38
T 2226 2 0 6 0
E 2226 0 6 19
E 2226 1 6 19
E 2226 2 6 19
E 2226 3 6 19
E 2226 4 6 19
E 2226 5 -9 -29
T 2227 19 0 1 0
E 2227 5 -14 -43
T 2228 1 0 6 0
E 2228 0 5 15
E 2228 1 5 15
E 2228 2 5 15
E 2228 3 5 15
E 2228 4 5 15
E 2228 5 -11 -33
T 2229 20 0 1 0
E 2229 5 -13 -41
T 2230 5 0 6 0
E 2230 0 7 21
E 2230 1 7 21
E 2230 2 7 21
E 2230 3 7 21
E 2230 4 7 21
E 2230 5 -9 -27
T 2231 13 0 1 0
E 2231 5 -17 -52
T 2232 1 0 6 0
E 2232 0 5 16
E 2232 1 5 16
E 2232 2 5 16
E 2232 3 5 16
E 2232 4 5 16
E 2232 5 -10 -32
T 2233 17 0 1 0
E 2233 5 -15 -46
T 2234 1 0 6 0
E 2234 0 6 20
E 2234 1 6 20
E 2234 2 6 20
E 2234 3 6 20
E 2234 4 6 20
E 2234 5 -9 -28
T 2235 12 0 1 0
E 2235 5 -17 -53
T 2236 21 0 1 0
E 2236 5 -13 -40
T 2237 11 0 6 0
E 2237 0 9 27
E 2237 1 9 27
E 2237 2 9 27
E 2237 3 9 27
E 2237 4 9 27
E 2237 5 -7 -21
T 2238 11 0 1 0
E 2238 5 -18 -55
T 2239 20 0 1 0
E 2239 5 -13 -41
T 2240 11 0 6 0
E 2240 0 9 27
E 2240 1 9 27
E 2240 2 9 27
E 2240 3 9 27
E 2240 4 9 27
E 2240 5 -7 -21
T 2241 8 0 1 0
E 2241 5 -20 -60
T 2242 23 0 1 0
E 2242 5 -12 -37
T 2243 11 0 6 0
E 2243 0 9 27
E 2243 1 9 27
E 2243 2 9 27
E 2243 3 9 27
E 2243 4 9 27
E 2243 5 -7 -21
T 2244 8 0 1 0
E 2244 5 -20 -60
T 2245 21 0 1 0
E 2245 5 -13 -40
T 2246 5 0 6 0
E 2246 0 7 21
E 2246 1 7 21
E 2246 2 7 21
E 2246 3 7 21
E 2246 4 7 21
E 2246 5 -9 -27
T 2247 10 0 1 0
E 2247 5 -19 -57
T 2248 20 0 1 0
E 2248 5 -14 -42
T 2249 11 0 6 0
E 2249 0 9 27
E 2249 1 9 27
E 2249 2 9 27
E 2249 3 9 27
E 2249 4 9 27
E 2249 5 -7 -21
T 2250 31 0 6 0
E 2250 0 -5 -15
E 2250 1 -5 -15
E 2250 2 -5 -15
E 2250 3 -5 -15
E 2250 4 -5 -15
E 2250 5 -21 -63
T 2251 23 0 5 0
E 2251 0 12 37
E 2251 1 12 37
E 2251 2 12 37
E 2251 3 12 37
E 2251 4 12 37
T 2252 38 0 6 0
E 2252 0 -8 -26
E 2252 1 -8 -26
E 2252 2 -8 -26
E 2252 3 -8 -26
E 2252 4 -8 -26
E 2252 5 -24 -74
T 2253 16 0 6 0
E 2253 0 11 35
E 2253 1 11 35
E 2253 2 11 35
E 2253 3 11 35
E 2253 4 11 35
E 2253 5 -4 -13
T 2254 33 0 6 0
E 2254 0 -6 -19
E 2254 1 -6 -19
E 2254 2 -6 -19
E 2254 3 -6 -19
E 2254 4 -6 -19
E 2254 5 -22 -67
T 2255 22 0 5 0
E 2255 0 12 38
E 2255 1 12 38
E 2255 2 12 38
E 2255 3 12 38
E 2255 4 12 38
T 2256 33 0 6 0
E 2256 0 -6 -19
E 2256 1 -6 -19
E 2256 2 -6 -19
E 2256 3 -6 -19
E 2256 4 -6 -19
E 2256 5 -22 -67
T 2257 24 0 5 0
E 2257 0 12 36
E 2257 1 12 36
E 2257 2 12 36
E 2257 3 12 36
E 2257 4 12 36
T 2258 31 0 6 0
E 2258 0 -6 -19
E 2258 1 -6 -19
E 2258 2 -6 -19
E 2258 3 -6 -19
E 2258 4 -6 -19
E 2258 5 -20 -62
T 2259 14 0 6 0
E 2259 0 9 27
E 2259 1 9 27
E 2259 2 9 27
E 2259 3 9 27
E 2259 4 9 27
E 2259 5 -4 -13
T 2260 5 0 1 0
E 2260 5 -15 -47
T 2261 13 0 1 0
E 2261 5 -11 -33
T 2262 4 0 6 0
E 2262 0 5 16
E 2262 1 5 16
E 2262 2 5 16
E 2262 3 5 16
E 2262 4 5 16
E 2262 5 -5 -16
T 2263 4 0 1 0
E 2263 5 -13 -39
T 2264 15 0 1 0
E 2264 5 -6 -18
T 2265 14 0 1 0
E 2265 5 -4 -14
T 2266 12 0 5 0
E 2266 0 6 18
E 2266 1 6 18
E 2266 2 6 18
E 2266 3 6 18
E 2266 4 6 18
T 2267 17 0 6 0
E 2267 0 -4 -13
E 2267 1 -4 -13
E 2267 2 -4 -13
E 2267 3 -4 -13
E 2267 4 -4 -13
E 2267 5 -10 -32
T 2268 12 0 5 0
E 2268 0 6 18
E 2268 1 6 18
E 2268 2 6 18
E 2268 3 6 18
E 2268 4 6 18
T 2269 3 0 1 0
E 2269 5 -8 -25
T 2270 1 0 1 0
E 2270 5 -6 -18
T 2271 1 0 1 0
E 2271 5 -4 -14
T 2272 5 0 0 0
T 2273 0 0 0 0
T 2274 7 0 0 0
T 2275 9 0 0 0
T 2276 10 0 5 0
E 2276 0 -5 -15
E 2276 1 -5 -15
E 2276 2 -5 -15
E 2276 3 -5 -15
E 2276 4 -5 -15
T 2277 2 0 1 0
E 2277 5 4 13
T 2278 1 0 0 0
T 2279 1 0 0 0
T 2280 3 0 1 0
E 2280 5 5 17
T 2281 5 0 1 0
E 2281 5 5 17
T 2282 12 0 0 0
T 2283 11 0 5 0
E 2283 0 -6 -19
E 2283 1 -6 -19
E 2283 2 -6 -19
E 2283 3 -6 -19
E 2283 4 -6 -19
T 2284 0 0 1 0
E 2284 5 12 37
T 2285 6 0 1 0
E 2285 5 11 33
T 2286 14 0 1 0
E 2286 5 8 24
T 2287 5 0 6 0
E 2287 0 -5 -16
E 2287 1 -5 -16
E 2287 2 -5 -16
E 2287 3 -5 -16
E 2287 4 -5 -16
E 2287 5 4 14
T 2288 6 0 1 0
E 2288 5 12 36
T 2289 16 0 1 0
E 2289 5 7 21
T 2290 5 0 6 0
E 2290 0 -5 -15
E 2290 1 -5 -15
E 2290 2 -5 -15
E 2290 3 -5 -15
E 2290 4 -5 -15
E 2290 5 5 15
T 2291 11 0 1 0
E 2291 5 9 28
T 2292 5 0 6 0
E 2292 0 -5 -16
E 2292 1 -5 -16
E 2292 2 -5 -16
E 2292 3 -5 -16
E 2292 4 -5 -16
E 2292 5 4 14
T 2293 9 0 1 0
E 2293 5 10 31
T 2294 16 0 1 0
E 2294 5 7 21
T 2295 4 0 6 0
E 2295 0 -5 -17
E 2295 1 -5 -17
E 2295 2 -5 -17
E 2295 3 -5 -17
E 2295 4 -5 -17
E 2295 5 4 13
T 2296 8 0 1 0
E 2296 5 11 33
T 2297 14 0 1 0
E 2297 5 7 23
T 2298 2 0 6 0
E 2298 0 -4 -13
E 2298 1 -4 -13
E 2298 2 -4 -13
E 2298 3 -4 -13
E 2298 4 -4 -13
E 2298 5 5 17
T 2299 9 0 1 0
E 2299 5 10 31
T 2300 15 0 1 0
E 2300 5 7 22
T 2301 5 0 6 0
E 2301 0 -5 -15
E 2301 1 -5 -15
E 2301 2 -5 -15
E 2301 3 -5 -15
E 2301 4 -5 -15
E 2301 5 5 15
T 2302 6 0 1 0
E 2302 5 11 35
T 2303 17 0 1 0
E 2303 5 6 19
T 2304 5 0 6 0
E 2304 0 -5 -15
E 2304 1 -5 -15
E 2304 2 -5 -15
E 2304 3 -5 -15
E 2304 4 -5 -15
E 2304 5 5 15
T 2305 3 0 1 0
E 2305 5 13 40
T 2306 11 0 1 0
E 2306 5 10 30
T 2307 16 0 1 0
E 2307 5 7 22
T 2308 1 0 6 0
E 2308 0 -4 -13
E 2308 1 -4 -13
E 2308 2 -4 -13
E 2308 3 -4 -13
E 2308 4 -4 -13
E 2308 5 6 19
T 2309 8 0 1 0
E 2309 5 12 37
T 2310 13 0 1 0
E 2310 5 9 29
T 2311 7 0 6 0
E 2311 0 -6 -18
E 2311 1 -6 -18
E 2311 2 -6 -18
E 2311 3 -6 -18
E 2311 4 -6 -18
E 2311 5 5 16
T 2312 3 0 1 0
E 2312 5 15 46
T 2313 17 0 1 0
E 2313 5 9 27
T 2314 6 0 6 0
E 2314 0 -6 -18
E 2314 1 -6 -18
E 2314 2 -6 -18
E 2314 3 -6 -18
E 2314 4 -6 -18
E 2314 5 6 18
T 2315 10 0 1 0
E 2315 5 12 38
T 2316 2 0 6 0
E 2316 0 -5 -16
E 2316 1 -5 -16
E 2316 2 -5 -16
E 2316 3 -5 -16
E 2316 4 -5 -16
E 2316 5 7 21
T 2317 8 0 1 0
E 2317 5 14 43
T 2318 17 0 1 0
E 2318 5 10 31
T 2319 1 0 6 0
E 2319 0 -5 -17
E 2319 1 -5 -17
E 2319 2 -5 -17
E 2319 3 -5 -17
E 2319 4 -5 -17
E 2319 5 7 22
T 2320 16 0 1 0
E 2320 5 11 34
T 2321 8 0 6 0
E 2321 0 -7 -21
E 2321 1 -7 -21
E 2321 2 -7 -21
E 2321 3 -7 -21
E 2321 4 -7 -21
E 2321 5 6 19
T 2322 9 0 1 0
E 2322 5 15 46
T 2323 19 0 1 0
E 2323 5 10 32
T 2324 13 0 6 0
E 2324 0 -9 -27
E 2324 1 -9 -27
E 2324 2 -9 -27
E 2324 3 -9 -27
E 2324 4 -9 -27
E 2324 5 5 15
T 2325 32 0 6 0
E 2325 0 6 18
E 2325 1 6 18
E 2325 2 6 18
E 2325 3 6 18
E 2325 4 6 18
E 2325 5 20 60
T 2326 22 0 5 0
E 2326 0 -11 -33
E 2326 1 -11 -33
E 2326 2 -11 -33
E 2326 3 -11 -33
E 2326 4 -11 -33
T 2327 31 0 6 0
E 2327 0 6 19
E 2327 1 6 19
E 2327 2 6 19
E 2327 3 6 19
E 2327 4 6 19
E 2327 5 20 62
T 2328 18 0 5 0
E 2328 0 -10 -32
E 2328 1 -10 -32
E 2328 2 -10 -32
E 2328 3 -10 -32
E 2328 4 -10 -32
T 2329 36 0 6 0
E 2329 0 7 21
E 2329 1 7 21
E 2329 2 7 21
E 2329 3 7 21
E 2329 4 7 21
E 2329 5 22 66
T 2330 14 0 6 0
E 2330 0 -10 -32
E 2330 1 -10 -32
E 2330 2 -10 -32
E 2330 3 -10 -32
E 2330 4 -10 -32
E 2330 5 4 13
T 2331 30 0 6 0
E 2331 0 5 15
E 2331 1 5 15
E 2331 2 5 15
E 2331 3 5 15
E 2331 4 5 15
E 2331 5 20 61
T 2332 23 0 5 0
E 2332 0 -12 -37
E 2332 1 -12 -37
E 2332 2 -12 -37
E 2332 3 -12 -37
E 2332 4 -12 -37
T 2333 32 0 6 0
E 2333 0 6 20
E 2333 1 6 20
E 2333 2 6 20
E 2333 3 6 20
E 2333 4 6 20
E 2333 5 22 67
T 2334 24 0 5 0
E 2334 0 -12 -36
E 2334 1 -12 -36
E 2334 2 -12 -36
E 2334 3 -12 -36
E 2334 4 -12 -36
T 2335 29 0 6 0
E 2335 0 5 17
E 2335 1 5 17
E 2335 2 5 17
E 2335 3 5 17
E 2335 4 5 17
E 2335 5 21 65
T 2336 11 0 6 0
E 2336 0 -9 -28
E 2336 1 -9 -28
E 2336 2 -9 -28
E 2336 3 -9 -28
E 2336 4 -9 -28
E 2336 5 6 20
T 2337 8 0 1 0
E 2337 5 19 59
T 2338 1 0 6 0
E 2338 0 -5 -16
E 2338 1 -5 -16
E 2338 2 -5 -16
E 2338 3 -5 -16
E 2338 4 -5 -16
E 2338 5 10 32
T 2339 14 0 1 0
E 2339 5 16 50
T 2340 1 0 6 0
E 2340 0 -5 -15
E 2340 1 -5 -15
E 2340 2 -5 -15
E 2340 3 -5 -15
E 2340 4 -5 -15
E 2340 5 11 33
T 2341 16 0 1 0
E 2341 5 15 47
T 2342 5 0 6 0
E 2342 0 -4 -14
E 2342 1 -4 -14
E 2342 2 -4 -14
E 2342 3 -4 -14
E 2342 4 -4 -14
E 2342 5 11 34
T 2343 18 0 1 0
E 2343 5 14 44
T 2344 1 0 6 0
E 2344 0 -5 -15
E 2344 1 -5 -15
E 2344 2 -5 -15
E 2344 3 -5 -15
E 2344 4 -5 -15
E 2344 5 11 33
T 2345 13 0 1 0
E 2345 5 17 52
T 2346 1 0 6 0
E 2346 0 -6 -20
E 2346 1 -6 -20
E 2346 2 -6 -20
E 2346 3 -6 -20
E 2346 4 -6 -20
E 2346 5 9 28
T 2347 19 0 1 0
E 2347 5 14 43
T 2348 2 0 6 0
E 2348 0 -5 -17
E 2348 1 -5 -17
E 2348 2 -5 -17
E 2348 3 -5 -17
E 2348 4 -5 -17
E 2348 5 10 31
T 2349 20 0 1 0
E 2349 5 13 41
T 2350 1 0 6 0
E 2350 0 -5 -16
E 2350 1 -5 -16
E 2350 2 -5 -16
E 2350 3 -5 -16
E 2350 4 -5 -16
E 2350 5 10 32
T 2351 21 0 1 0
E 2351 5 13 40
T 2352 11 0 6 0
E 2352 0 -9 -27
E 2352 1 -9 -27
E 2352 2 -9 -27
E 2352 3 -9 -27
E 2352 4 -9 -27
E 2352 5 7 21
T 2353 12 0 1 0
E 2353 5 17 53
T 2354 2 0 6 0
E 2354 0 -6 -19
E 2354 1 -6 -19
E 2354 2 -6 -19
E 2354 3 -6 -19
E 2354 4 -6 -19
E 2354 5 9 29
T 2355 18 0 1 0
E 2355 5 14 44
T 2356 1 0 6 0
E 2356 0 -5 -16
E 2356 1 -5 -16
E 2356 2 -5 -16
E 2356 3 -5 -16
E 2356 4 -5 -16
E 2356 5 10 32
T 2357 15 0 1 0
E 2357 5 16 49
T 2358 1 0 6 0
E 2358 0 -5 -15
E 2358 1 -5 -15
E 2358 2 -5 -15
E 2358 3 -5 -15
E 2358 4 -5 -15
E 2358 5 11 33
T 2359 21 0 1 0
E 2359 5 13 40
T 2360 7 0 6 0
E 2360 0 -8 -26
E 2360 1 -8 -26
E 2360 2 -8 -26
E 2360 3 -8 -26
E 2360 4 -8 -26
E 2360 5 7 22
T 2361 14 0 1 0
E 2361 5 16 50
T 2362 4 0 6 0
E 2362 0 -4 -13
E 2362 1 -4 -13
E 2362 2 -4 -13
E 2362 3 -4 -13
E 2362 4 -4 -13
E 2362 5 11 35
T 2363 19 0 1 0
E 2363 5 14 43
T 2364 8 0 6 0
E 2364 0 -8 -24
E 2364 1 -8 -24
E 2364 2 -8 -24
E 2364 3 -8 -24
E 2364 4 -8 -24
E 2364 5 8 24
T 2365 8 0 1 0
E 2365 5 19 59
T 2366 18 0 1 0
E 2366 5 14 44
T 2367 1 0 6 0
E 2367 0 -5 -15
E 2367 1 -5 -15
E 2367 2 -5 -15
E 2367 3 -5 -15
E 2367 4 -5 -15
E 2367 5 11 33
T 2368 14 0 1 0
E 2368 5 17 51
T 2369 23 0 1 0
E 2369 5 12 37
T 2370 5 0 6 0
E 2370 0 -7 -22
E 2370 1 -7 -22
E 2370 2 -7 -22
E 2370 3 -7 -22
E 2370 4 -7 -22
E 2370 5 8 26
T 2371 16 0 1 0
E 2371 5 16 48
T 2372 5 0 6 0
E 2372 0 -7 -22
E 2372 1 -7 -22
E 2372 2 -7 -22
E 2372 3 -7 -22
E 2372 4 -7 -22
E 2372 5 8 26
T 2373 10 0 1 0
E 2373 5 19 57
T 2374 22 0 1 0
E 2374 5 13 39
T 2375 2 0 6 0
E 2375 0 -6 -18
E 2375 1 -6 -18
E 2375 2 -6 -18
E 2375 3 -6 -18
E 2375 4 -6 -18
E 2375 5 10 30
T 2376 19 0 1 0
E 2376 5 14 43
T 2377 5 0 6 0
E 2377 0 -4 -14
E 2377 1 -4 -14
E 2377 2 -4 -14
E 2377 3 -4 -14
E 2377 4 -4 -14
E 2377 5 11 34
T 2378 20 0 1 0
E 2378 5 13 41
T 2379 1 0 6 0
E 2379 0 -5 -16
E 2379 1 -5 -16
E 2379 2 -5 -16
E 2379 3 -5 -16
E 2379 4 -5 -16
E 2379 5 10 32
T 2380 17 0 1 0
E 2380 5 15 46
T 2381 1 0 6 0
E 2381 0 -6 -20
E 2381 1 -6 -20
E 2381 2 -6 -20
E 2381 3 -6 -20
E 2381 4 -6 -20
E 2381 5 9 28
T 2382 14 0 1 0
E 2382 5 16 50
T 2383 22 0 1 0
E 2383 5 12 38
T 2384 11 0 6 0
E 2384 0 -9 -28
E 2384 1 -9 -28
E 2384 2 -9 -28
E 2384 3 -9 -28
E 2384 4 -9 -28
E 2384 5 6 20
T 2385 10 0 1 0
E 2385 5 18 56
T 2386 2 0 6 0
E 2386 0 -6 -18
E 2386 1 -6 -18
E 2386 2 -6 -18
E 2386 3 -6 -18
E 2386 4 -6 -18
E 2386 5 10 30
T 2387 12 0 1 0
E 2387 5 18 54
T 2388 4 0 6 0
E 2388 0 -4 -13
E 2388 1 -4 -13
E 2388 2 -4 -13
E 2388 3 -4 -13
E 2388 4 -4 -13
E 2388 5 11 35
T 2389 20 0 1 0
E 2389 5 13 41
T 2390 4 0 6 0
E 2390 0 -7 -23
E 2390 1 -7 -23
E 2390 2 -7 -23
E 2390 3 -7 -23
E 2390 4 -7 -23
E 2390 5 8 25
T 2391 16 0 1 0
E 2391 5 15 47
T 2392 4 0 6 0
E 2392 0 -4 -13
E 2392 1 -4 -13
E 2392 2 -4 -13
E 2392 3 -4 -13
E 2392 4 -4 -13
E 2392 5 11 35
T 2393 22 0 1 0
E 2393 5 13 39
T 2394 11 0 6 0
E 2394 0 -9 -27
E 2394 1 -9 -27
E 2394 2 -9 -27
E 2394 3 -9 -27
E 2394 4 -9 -27
E 2394 5 7 21
T 2395 11 0 1 0
E 2395 5 18 55
T 2396 1 0 6 0
E 2396 0 -5 -15
E 2396 1 -5 -15
E 2396 2 -5 -15
E 2396 3 -5 -15
E 2396 4 -5 -15
E 2396 5 11 33
T 2397 14 0 1 0
E 2397 5 17 51
T 2398 5 0 6 0
E 2398 0 -7 -21
E 2398 1 -7 -21
E 2398 2 -7 -21
E 2398 3 -7 -21
E 2398 4 -7 -21
E 2398 5 9 27
T 2399 16 0 1 0
E 2399 5 16 48
T 2400 35 0 6 0
E 2400 0 12 37
E 2400 1 12 37
E 2400 2 12 37
E 2400 3 12 37
E 2400 4 12 37
E 2400 5 12 37
T 2401 39 0 6 0
E 2401 0 -13 -40
E 2401 1 -13 -40
E 2401 2 -13 -40
E 2401 3 -13 -40
E 2401 4 -13 -40
E 2401 5 -14 -43
T 2402 41 0 6 0
E 2402 0 15 47
E 2402 1 15 47
E 2402 2 15 47
E 2402 3 15 47
E 2402 4 15 47
E 2402 5 13 41
T 2403 37 0 6 0
E 2403 0 -12 -38
E 2403 1 -12 -38
E 2403 2 -12 -38
E 2403 3 -12 -38
E 2403 4 -12 -38
E 2403 5 -15 -47
T 2404 30 0 6 0
E 2404 0 12 38
E 2404 1 12 38
E 2404 2 12 38
E 2404 3 12 38
E 2404 4 12 38
E 2404 5 8 25
T 2405 34 0 6 0
E 2405 0 -10 -32
E 2405 1 -10 -32
E 2405 2 -10 -32
E 2405 3 -10 -32
E 2405 4 -10 -32
E 2405 5 -16 -48
T 2406 29 0 6 0
E 2406 0 12 36
E 2406 1 12 36
E 2406 2 12 36
E 2406 3 12 36
E 2406 4 12 36
E 2406 5 5 17
T 2407 37 0 6 0
E 2407 0 -10 -30
E 2407 1 -10 -30
E 2407 2 -10 -30
E 2407 3 -10 -30
E 2407 4 -10 -30
E 2407 5 -17 -52
T 2408 21 0 5 0
E 2408 0 11 34
E 2408 1 11 34
E 2408 2 11 34
E 2408 3 11 34
E 2408 4 11 34
T 2409 30 0 6 0
E 2409 0 -7 -22
E 2409 1 -7 -22
E 2409 2 -7 -22
E 2409 3 -7 -22
E 2409 4 -7 -22
E 2409 5 -17 -51
T 2410 20 0 5 0
E 2410 0 10 30
E 2410 1 10 30
E 2410 2 10 30
E 2410 3 10 30
E 2410 4 10 30
T 2411 31 0 6 0
E 2411 0 -7 -23
E 2411 1 -7 -23
E 2411 2 -7 -23
E 2411 3 -7 -23
E 2411 4 -7 -23
E 2411 5 -19 -58
T 2412 18 0 5 0
E 2412 0 10 32
E 2412 1 10 32
E 2412 2 10 32
E 2412 3 10 32
E 2412 4 10 32
T 2413 34 0 6 0
E 2413 0 -7 -22
E 2413 1 -7 -22
E 2413 2 -7 -22
E 2413 3 -7 -22
E 2413 4 -7 -22
E 2413 5 -21 -63
T 2414 25 0 5 0
E 2414 0 13 40
E 2414 1 13 40
E 2414 2 13 40
E 2414 3 13 40
E 2414 4 13 40
T 2415 40 0 6 0
E 2415 0 -8 -24
E 2415 1 -8 -24
E 2415 2 -8 -24
E 2415 3 -8 -24
E 2415 4 -8 -24
E 2415 5 -24 -72
T 2416 24 0 5 0
E 2416 0 13 41
E 2416 1 13 41
E 2416 2 13 41
E 2416 3 13 41
E 2416 4 13 41
T 2417 36 0 6 0
E 2417 0 -6 -18
E 2417 1 -6 -18
E 2417 2 -6 -18
E 2417 3 -6 -18
E 2417 4 -6 -18
E 2417 5 -24 -72
T 2418 13 0 6 0
E 2418 0 11 35
E 2418 1 11 35
E 2418 2 11 35
E 2418 3 11 35
E 2418 4 11 35
E 2418 5 -7 -22
T 2419 13 0 1 0
E 2419 5 -24 -72
T 2420 7 0 6 0
E 2420 0 5 17
E 2420 1 5 17
E 2420 2 5 17
E 2420 3 5 17
E 2420 4 5 17
E 2420 5 -15 -47
T 2421 30 0 1 0
E 2421 5 -18 -55
T 2422 9 0 6 0
E 2422 0 11 34
E 2422 1 11 34
E 2422 2 11 34
E 2422 3 11 34
E 2422 4 11 34
E 2422 5 -12 -36
T 2423 22 0 1 0
E 2423 5 -25 -76
T 2424 5 0 6 0
E 2424 0 7 22
E 2424 1 7 22
E 2424 2 7 22
E 2424 3 7 22
E 2424 4 7 22
E 2424 5 -18 -55
T 2425 33 0 1 0
E 2425 5 -23 -70
T 2426 9 0 6 0
E 2426 0 12 36
E 2426 1 12 36
E 2426 2 12 36
E 2426 3 12 36
E 2426 4 12 36
E 2426 5 -15 -47
T 2427 27 0 1 0
E 2427 5 -29 -88
T 2428 6 0 6 0
E 2428 0 8 25
E 2428 1 8 25
E 2428 2 8 25
E 2428 3 8 25
E 2428 4 8 25
E 2428 5 -21 -64
T 2429 19 0 6 0
E 2429 0 4 13
E 2429 1 4 13
E 2429 2 4 13
E 2429 3 4 13
E 2429 4 4 13
E 2429 5 -26 -80
T 2430 2 0 6 0
E 2430 0 6 19
E 2430 1 6 19
E 2430 2 6 19
E 2430 3 6 19
E 2430 4 6 19
E 2430 5 -9 -29
T 2431 13 0 1 0
E 2431 5 -17 -52
T 2432 23 0 1 0
E 2432 5 -12 -37
T 2433 8 0 6 0
E 2433 0 8 25
E 2433 1 8 25
E 2433 2 8 25
E 2433 3 8 25
E 2433 4 8 25
E 2433 5 -7 -23
T 2434 8 0 1 0
E 2434 5 -20 -60
T 2435 5 0 6 0
E 2435 0 4 14
E 2435 1 4 14
E 2435 2 4 14
E 2435 3 4 14
E 2435 4 4 14
E 2435 5 -11 -34
T 2436 22 0 1 0
E 2436 5 -12 -38
T 2437 10 0 6 0
E 2437 0 9 29
E 2437 1 9 29
E 2437 2 9 29
E 2437 3 9 29
E 2437 4 9 29
E 2437 5 -6 -19
T 2438 9 0 1 0
E 2438 5 -19 -58
T 2439 23 0 1 0
E 2439 5 -12 -37
T 2440 11 0 6 0
E 2440 0 9 28
E 2440 1 9 28
E 2440 2 9 28
E 2440 3 9 28
E 2440 4 9 28
E 2440 5 -6 -20
T 2441 11 0 1 0
E 2441 5 -18 -55
T 2442 23 0 1 0
E 2442 5 -12 -37
T 2443 8 0 6 0
E 2443 0 8 25
E 2443 1 8 25
E 2443 2 8 25
E 2443 3 8 25
E 2443 4 8 25
E 2443 5 -7 -23
T 2444 8 0 1 0
E 2444 5 -19 -59
T 2445 22 0 1 0
E 2445 5 -13 -39
T 2446 2 0 6 0
E 2446 0 6 18
E 2446 1 6 18
E 2446 2 6 18
E 2446 3 6 18
E 2446 4 6 18
E 2446 5 -10 -30
T 2447 17 0 1 0
E 2447 5 -15 -46
T 2448 8 0 6 0
E 2448 0 8 24
E 2448 1 8 24
E 2448 2 8 24
E 2448 3 8 24
E 2448 4 8 24
E 2448 5 -8 -24
T 2449 11 0 1 0
E 2449 5 -18 -55
T 2450 4 0 6 0
E 2450 0 4 13
E 2450 1 4 13
E 2450 2 4 13
E 2450 3 4 13
E 2450 4 4 13
E 2450 5 -11 -35
T 2451 22 0 1 0
E 2451 5 -13 -39
T 2452 5 0 6 0
E 2452 0 7 22
E 2452 1 7 22
E 2452 2 7 22
E 2452 3 7 22
E 2452 4 7 22
E 2452 5 -8 -26
T 2453 14 0 1 0
E 2453 5 -16 -50
T 2454 2 0 6 0
E 2454 0 6 19
E 2454 1 6 19
E 2454 2 6 19
E 2454 3 6 19
E 2454 4 6 19
E 2454 5 -9 -29
T 2455 20 0 1 0
E 2455 5 -14 -42
T 2456 4 0 6 0
E 2456 0 7 23
E 2456 1 7 23
E 2456 2 7 23
E 2456 3 7 23
E 2456 4 7 23
E 2456 5 -8 -25
T 2457 12 0 1 0
E 2457 5 -18 -54
T 2458 22 0 1 0
E 2458 5 -12 -38
T 2459 8 0 6 0
E 2459 0 8 24
E 2459 1 8 24
E 2459 2 8 24
E 2459 3 8 24
E 2459 4 8 24
E 2459 5 -8 -24
T 2460 10 0 1 0
E 2460 5 -19 -57
T 2461 5 0 6 0
E 2461 0 4 14
E 2461 1 4 14
E 2461 2 4 14
E 2461 3 4 14
E 2461 4 4 14
E 2461 5 -11 -34
T 2462 20 0 1 0
E 2462 5 -13 -41
T 2463 8 0 6 0
E 2463 0 8 25
E 2463 1 8 25
E 2463 2 8 25
E 2463 3 8 25
E 2463 4 8 25
E 2463 5 -7 -23
T 2464 15 0 1 0
E 2464 5 -16 -49
T 2465 24 0 1 0
E 2465 5 -12 -36
T 2466 8 0 6 0
E 2466 0 8 25
E 2466 1 8 25
E 2466 2 8 25
E 2466 3 8 25
E 2466 4 8 25
E 2466 5 -7 -23
T 2467 12 0 1 0
E 2467 5 -18 -54
T 2468 20 0 1 0
E 2468 5 -13 -41
T 2469 2 0 6 0
E 2469 0 6 18
E 2469 1 6 18
E 2469 2 6 18
E 2469 3 6 18
E 2469 4 6 18
E 2469 5 -10 -30
T 2470 12 0 1 0
E 2470 5 -17 -53
T 2471 2 0 6 0
E 2471 0 6 19
E 2471 1 6 19
E 2471 2 6 19
E 2471 3 6 19
E 2471 4 6 19
E 2471 5 -9 -29
T 2472 13 0 1 0
E 2472 5 -17 -52
T 2473 22 0 1 0
E 2473 5 -13 -39
T 2474 5 0 6 0
E 2474 0 7 21
E 2474 1 7 21
E 2474 2 7 21
E 2474 3 7 21
E 2474 4 7 21
E 2474 5 -9 -27
T 2475 16 0 1 0
E 2475 5 -16 -48
T 2476 4 0 6 0
E 2476 0 4 13
E 2476 1 4 13
E 2476 2 4 13
E 2476 3 4 13
E 2476 4 4 13
E 2476 5 -11 -35
T 2477 22 0 1 0
E 2477 5 -13 -39
T 2478 2 0 6 0
E 2478 0 5 17
E 2478 1 5 17
E 2478 2 5 17
E 2478 3 5 17
E 2478 4 5 17
E 2478 5 -10 -31
T 2479 18 0 1 0
E 2479 5 -15 -45
T 2480 5 0 6 0
E 2480 0 7 22
E 2480 1 7 22
E 2480 2 7 22
E 2480 3 7 22
E 2480 4 7 22
E 2480 5 -8 -26
T 2481 16 0 1 0
E 2481 5 -15 -47
T 2482 1 0 6 0
E 2482 0 5 16
E 2482 1 5 16
E 2482 2 5 16
E 2482 3 5 16
E 2482 4 5 16
E 2482 5 -10 -32
T 2483 14 0 1 0
E 2483 5 -16 -50
T 2484 5 0 6 0
E 2484 0 4 14
E 2484 1 4 14
E 2484 2 4 14
E 2484 3 4 14
E 2484 4 4 14
E 2484 5 -11 -34
T 2485 19 0 1 0
E 2485 5 -14 -43
T 2486 5 0 6 0
E 2486 0 7 21
E 2486 1 7 21
E 2486 2 7 21
E 2486 3 7 21
E 2486 4 7 21
E 2486 5 -9 -27
T 2487 12 0 1 0
E 2487 5 -18 -54
T 2488 1 0 6 0
E 2488 0 5 16
E 2488 1 5 16
E 2488 2 5 16
E 2488 3 5 16
E 2488 4 5 16
E 2488 5 -10 -32
T 2489 22 0 1 0
E 2489 5 -13 -39
T 2490 8 0 6 0
E 2490 0 8 24
E 2490 1 8 24
E 2490 2 8 24
E 2490 3 8 24
E 2490 4 8 24
E 2490 5 -8 -24
T 2491 12 0 1 0
E 2491 5 -18 -54
T 2492 2 0 6 0
E 2492 0 6 18
E 2492 1 6 18
E 2492 2 6 18
E 2492 3 6 18
E 2492 4 6 18
E 2492 5 -10 -30
T 2493 13 0 1 0
E 2493 5 -17 -52
T 2494 5 0 6 0
E 2494 0 4 14
E 2494 1 4 14
E 2494 2 4 14
E 2494 3 4 14
E 2494 4 4 14
E 2494 5 -11 -34
T 2495 21 0 1 0
E 2495 5 -13 -40
T 2496 5 0 6 0
E 2496 0 7 21
E 2496 1 7 21
E 2496 2 7 21
E 2496 3 7 21
E 2496 4 7 21
E 2496 5 -9 -27
T 2497 15 0 1 0
E 2497 5 -15 -45
T 2498 3 0 6 0
E 2498 0 4 13
E 2498 1 4 13
E 2498 2 4 13
E 2498 3 4 13
E 2498 4 4 13
E 2498 5 -10 -30
T 2499 18 0 1 0
E 2499 5 -11 -33
T 2500 5 0 6 0
E 2500 0 6 20
E 2500 1 6 20
E 2500 2 6 20
E 2500 3 6 20
E 2500 4 6 20
E 2500 5 -5 -17
T 2501 7 0 1 0
E 2501 5 -14 -42
T 2502 17 0 1 0
E 2502 5 -7 -22
T 2503 10 0 5 0
E 2503 0 6 20
E 2503 1 6 20
E 2503 2 6 20
E 2503 3 6 20
E 2503 4 6 20
T 2504 1 0 1 0
E 2504 5 -13 -39
T 2505 8 0 1 0
E 2505 5 -7 -23
T 2506 10 0 1 0
E 2506 5 -6 -18
T 2507 12 0 0 0
T 2508 6 0 5 0
E 2508 0 4 14
E 2508 1 4 14
E 2508 2 4 14
E 2508 3 4 14
E 2508 4 4 14
T 2509 2 0 1 0
E 2509 5 -6 -18
T 2510 3 0 0 0
T 2511 1 0 0 0
T 2512 1 0 0 0
T 2513 4 0 0 0
T 2514 7 0 0 0
T 2515 2 0 0 0
T 2516 2 0 0 0
T 2517 4 0 0 0
T 2518 11 0 0 0
T 2519 6 0 5 0
E 2519 0 -4 -14
E 2519 1 -4 -14
E 2519 2 -4 -14
E 2519 3 -4 -14
E 2519 4 -4 -14
T 2520 3 0 1 0
E 2520 5 6 18
T 2521 5 0 1 0
E 2521 5 6 18
T 2522 9 0 1 0
E 2522 5 5 16
T 2523 12 0 1 0
E 2523 5 5 15
T 2524 7 0 5 0
E 2524 0 -4 -13
E 2524 1 -4 -13
E 2524 2 -4 -13
E 2524 3 -4 -13
E 2524 4 -4 -13
T 2525 2 0 1 0
E 2525 5 13 39
T 2526 9 0 1 0
E 2526 5 10 31
T 2527 2 0 6 0
E 2527 0 -4 -13
E 2527 1 -4 -13
E 2527 2 -4 -13
E 2527 3 -4 -13
E 2527 4 -4 -13
E 2527 5 5 17
T 2528 5 0 1 0
E 2528 5 12 37
T 2529 14 0 1 0
E 2529 5 8 24
T 2530 5 0 6 0
E 2530 0 -5 -16
E 2530 1 -5 -16
E 2530 2 -5 -16
E 2530 3 -5 -16
E 2530 4 -5 -16
E 2530 5 4 14
T 2531 8 0 1 0
E 2531 5 11 33
T 2532 14 0 1 0
E 2532 5 8 24
T 2533 11 0 5 0
E 2533 0 -6 -19
E 2533 1 -6 -19
E 2533 2 -6 -19
E 2533 3 -6 -19
E 2533 4 -6 -19
T 2534 3 0 1 0
E 2534 5 13 40
T 2535 14 0 1 0
E 2535 5 7 23
T 2536 10 0 5 0
E 2536 0 -6 -20
E 2536 1 -6 -20
E 2536 2 -6 -20
E 2536 3 -6 -20
E 2536 4 -6 -20
T 2537 2 0 1 0
E 2537 5 13 41
T 2538 8 0 1 0
E 2538 5 11 33
T 2539 15 0 1 0
E 2539 5 7 22
T 2540 5 0 6 0
E 2540 0 -5 -15
E 2540 1 -5 -15
E 2540 2 -5 -15
E 2540 3 -5 -15
E 2540 4 -5 -15
E 2540 5 5 15
T 2541 10 0 1 0
E 2541 5 9 29
T 2542 15 0 1 0
E 2542 5 7 22
T 2543 16 0 1 0
E 2543 5 6 20
T 2544 1 0 6 0
E 2544 0 -4 -14
E 2544 1 -4 -14
E 2544 2 -4 -14
E 2544 3 -4 -14
E 2544 4 -4 -14
E 2544 5 5 16
T 2545 10 0 1 0
E 2545 5 10 30
T 2546 8 0 6 0
E 2546 0 -6 -18
E 2546 1 -6 -18
E 2546 2 -6 -18
E 2546 3 -6 -18
E 2546 4 -6 -18
E 2546 5 4 13
T 2547 5 0 1 0
E 2547 5 13 39
T 2548 18 0 1 0
E 2548 5 6 20
T 2549 0 0 6 0
E 2549 0 -4 -14
E 2549 1 -4 -14
E 2549 2 -4 -14
E 2549 3 -4 -14
E 2549 4 -4 -14
E 2549 5 6 19
T 2550 12 0 1 0
E 2550 5 10 31
T 2551 18 0 1 0
E 2551 5 8 24
T 2552 0 0 6 0
E 2552 0 -4 -14
E 2552 1 -4 -14
E 2552 2 -4 -14
E 2552 3 -4 -14
E 2552 4 -4 -14
E 2552 5 6 20
T 2553 15 0 1 0
E 2553 5 9 29
T 2554 5 0 6 0
E 2554 0 -6 -20
E 2554 1 -6 -20
E 2554 2 -6 -20
E 2554 3 -6 -20
E 2554 4 -6 -20
E 2554 5 5 16
T 2555 11 0 1 0
E 2555 5 12 37
T 2556 3 0 6 0
E 2556 0 -5 -15
E 2556 1 -5 -15
E 2556 2 -5 -15
E 2556 3 -5 -15
E 2556 4 -5 -15
E 2556 5 7 22
T 2557 13 0 1 0
E 2557 5 11 35
T 2558 1 0 6 0
E 2558 0 -4 -13
E 2558 1 -4 -13
E 2558 2 -4 -13
E 2558 3 -4 -13
E 2558 4 -4 -13
E 2558 5 8 25
T 2559 11 0 1 0
E 2559 5 14 42
T 2560 1 0 6 0
E 2560 0 -5 -17
E 2560 1 -5 -17
E 2560 2 -5 -17
E 2560 3 -5 -17
E 2560 4 -5 -17
E 2560 5 7 22
T 2561 14 0 1 0
E 2561 5 13 39
T 2562 20 0 1 0
E 2562 5 10 30
T 2563 1 0 6 0
E 2563 0 -5 -16
E 2563 1 -5 -16
E 2563 2 -5 -16
E 2563 3 -5 -16
E 2563 4 -5 -16
E 2563 5 8 25
T 2564 11 0 1 0
E 2564 5 15 46
T 2565 2 0 6 0
E 2565 0 -4 -13
E 2565 1 -4 -13
E 2565 2 -4 -13
E 2565 3 -4 -13
E 2565 4 -4 -13
E 2565 5 9 29
T 2566 17 0 1 0
E 2566 5 13 39
T 2567 3 0 6 0
E 2567 0 -4 -13
E 2567 1 -4 -13
E 2567 2 -4 -13
E 2567 3 -4 -13
E 2567 4 -4 -13
E 2567 5 10 30
T 2568 20 0 1 0
E 2568 5 11 35
T 2569 12 0 6 0
E 2569 0 -9 -27
E 2569 1 -9 -27
E 2569 2 -9 -27
E 2569 3 -9 -27
E 2569 4 -9 -27
E 2569 5 6 18
T 2570 7 0 1 0
E 2570 5 18 56
T 2571 19 0 1 0
E 2571 5 13 40
T 2572 6 0 6 0
E 2572 0 -7 -21
E 2572 1 -7 -21
E 2572 2 -7 -21
E 2572 3 -7 -21
E 2572 4 -7 -21
E 2572 5 8 25
T 2573 11 0 1 0
E 2573 5 17 53
T 2574 1 0 6 0
E 2574 0 -5 -15
E 2574 1 -5 -15
E 2574 2 -5 -15
E 2574 3 -5 -15
E 2574 4 -5 -15
E 2574 5 11 33
T 2575 18 0 1 0
E 2575 5 15 45
T 2576 1 0 6 0
E 2576 0 -6 -20
E 2576 1 -6 -20
E 2576 2 -6 -20
E 2576 3 -6 -20
E 2576 4 -6 -20
E 2576 5 9 28
T 2577 18 0 1 0
E 2577 5 14 44
T 2578 1 0 6 0
E 2578 0 -5 -16
E 2578 1 -5 -16
E 2578 2 -5 -16
E 2578 3 -5 -16
E 2578 4 -5 -16
E 2578 5 10 32
T 2579 17 0 1 0
E 2579 5 15 46
T 2580 5 0 6 0
E 2580 0 -7 -21
E 2580 1 -7 -21
E 2580 2 -7 -21
E 2580 3 -7 -21
E 2580 4 -7 -21
E 2580 5 9 27
T 2581 18 0 1 0
E 2581 5 15 45
T 2582 5 0 6 0
E 2582 0 -4 -14
E 2582 1 -4 -14
E 2582 2 -4 -14
E 2582 3 -4 -14
E 2582 4 -4 -14
E 2582 5 11 34
T 2583 18 0 1 0
E 2583 5 14 44
T 2584 7 0 6 0
E 2584 0 -8 -26
E 2584 1 -8 -26
E 2584 2 -8 -26
E 2584 3 -8 -26
E 2584 4 -8 -26
E 2584 5 7 22
T 2585 13 0 1 0
E 2585 5 17 52
T 2586 22 0 1 0
E 2586 5 13 39
T 2587 8 0 6 0
E 2587 0 -8 -25
E 2587 1 -8 -25
E 2587 2 -8 -25
E 2587 3 -8 -25
E 2587 4 -8 -25
E 2587 5 7 23
T 2588 11 0 1 0
E 2588 5 18 55
T 2589 1 0 6 0
E 2589 0 -5 -15
E 2589 1 -5 -15
E 2589 2 -5 -15
E 2589 3 -5 -15
E 2589 4 -5 -15
E 2589 5 11 33
T 2590 20 0 1 0
E 2590 5 13 41
T 2591 7 0 6 0
E 2591 0 -8 -26
E 2591 1 -8 -26
E 2591 2 -8 -26
E 2591 3 -8 -26
E 2591 4 -8 -26
E 2591 5 7 22
T 2592 14 0 1 0
E 2592 5 17 51
T 2593 22 0 1 0
E 2593 5 12 38
T 2594 11 0 6 0
E 2594 0 -9 -27
E 2594 1 -9 -27
E 2594 2 -9 -27
E 2594 3 -9 -27
E 2594 4 -9 -27
E 2594 5 7 21
T 2595 10 0 1 0
E 2595 5 18 56
T 2596 20 0 1 0
E 2596 5 14 42
T 2597 2 0 6 0
E 2597 0 -6 -19
E 2597 1 -6 -19
E 2597 2 -6 -19
E 2597 3 -6 -19
E 2597 4 -6 -19
E 2597 5 9 29
T 2598 12 0 1 0
E 2598 5 18 54
T 2599 1 0 6 0
E 2599 0 -5 -15
E 2599 1 -5 -15
E 2599 2 -5 -15
E 2599 3 -5 -15
E 2599 4 -5 -15
E 2599 5 11 33
T 2600 16 0 1 0
E 2600 5 15 47
T 2601 5 0 6 0
E 2601 0 -7 -21
E 2601 1 -7 -21
E 2601 2 -7 -21
E 2601 3 -7 -21
E 2601 4 -7 -21
E 2601 5 9 27
T 2602 9 0 1 0
E 2602 5 19 58
T 2603 2 0 6 0
E 2603 0 -5 -17
E 2603 1 -5 -17
E 2603 2 -5 -17
E 2603 3 -5 -17
E 2603 4 -5 -17
E 2603 5 10 31
T 2604 16 0 1 0
E 2604 5 16 48
T 2605 2 0 6 0
E 2605 0 -5 -17
E 2605 1 -5 -17
E 2605 2 -5 -17
E 2605 3 -5 -17
E 2605 4 -5 -17
E 2605 5 10 31
T 2606 20 0 1 0
E 2606 5 13 41
T 2607 1 0 6 0
E 2607 0 -5 -15
E 2607 1 -5 -15
E 2607 2 -5 -15
E 2607 3 -5 -15
E 2607 4 -5 -15
E 2607 5 11 33
T 2608 18 0 1 0
E 2608 5 14 44
T 2609 2 0 6 0
E 2609 0 -6 -18
E 2609 1 -6 -18
E 2609 2 -6 -18
E 2609 3 -6 -18
E 2609 4 -6 -18
E 2609 5 10 30
T 2610 17 0 1 0
E 2610 5 15 46
T 2611 1 0 6 0
E 2611 0 -5 -15
E 2611 1 -5 -15
E 2611 2 -5 -15
E 2611 3 -5 -15
E 2611 4 -5 -15
E 2611 5 11 33
T 2612 14 0 1 0
E 2612 5 17 51
T 2613 5 0 6 0
E 2613 0 -4 -14
E 2613 1 -4 -14
E 2613 2 -4 -14
E 2613 3 -4 -14
E 2613 4 -4 -14
E 2613 5 11 34
T 2614 17 0 1 0
E 2614 5 15 46
T 2615 4 0 6 0
E 2615 0 -7 -23
E 2615 1 -7 -23
E 2615 2 -7 -23
E 2615 3 -7 -23
E 2615 4 -7 -23
E 2615 5 8 25
T 2616 15 0 1 0
E 2616 5 16 49
T 2617 5 0 6 0
E 2617 0 -7 -22
E 2617 1 -7 -22
E 2617 2 -7 -22
E 2617 3 -7 -22
E 2617 4 -7 -22
E 2617 5 8 26
T 2618 17 0 1 0
E 2618 5 15 46
T 2619 1 0 6 0
E 2619 0 -5 -15
E 2619 1 -5 -15
E 2619 2 -5 -15
E 2619 3 -5 -15
E 2619 4 -5 -15
E 2619 5 11 33
T 2620 18 0 1 0
E 2620 5 15 45
T 2621 8 0 6 0
E 2621 0 -8 -25
E 2621 1 -8 -25
E 2621 2 -8 -25
E 2621 3 -8 -25
E 2621 4 -8 -25
E 2621 5 7 23
T 2622 8 0 1 0
E 2622 5 20 60
T 2623 23 0 1 0
E 2623 5 12 37
T 2624 11 0 6 0
E 2624 0 -9 -28
E 2624 1 -9 -28
E 2624 2 -9 -28
E 2624 3 -9 -28
E 2624 4 -9 -28
E 2624 5 6 20
T 2625 11 0 1 0
E 2625 5 18 55
T 2626 5 0 6 0
E 2626 0 -4 -14
E 2626 1 -4 -14
E 2626 2 -4 -14
E 2626 3 -4 -14
E 2626 4 -4 -14
E 2626 5 11 34
T 2627 20 0 1 0
E 2627 5 13 41
T 2628 2 0 6 0
E 2628 0 -6 -19
E 2628 1 -6 -19
E 2628 2 -6 -19
E 2628 3 -6 -19
E 2628 4 -6 -19
E 2628 5 9 29
T 2629 18 0 1 0
E 2629 5 15 45
T 2630 5 0 6 0
E 2630 0 -7 -21
E 2630 1 -7 -21
E 2630 2 -7 -21
E 2630 3 -7 -21
E 2630 4 -7 -21
E 2630 5 9 27
T 2631 16 0 1 0
E 2631 5 16 48
T 2632 23 0 1 0
E 2632 5 12 37
T 2633 11 0 6 0
E 2633 0 -9 -27
E 2633 1 -9 -27
E 2633 2 -9 -27
E 2633 3 -9 -27
E 2633 4 -9 -27
E 2633 5 7 21
T 2634 10 0 1 0
E 2634 5 19 57
T 2635 23 0 1 0
E 2635 5 12 37
T 2636 10 0 6 0
E 2636 0 -9 -29
E 2636 1 -9 -29
E 2636 2 -9 -29
E 2636 3 -9 -29
E 2636 4 -9 -29
E 2636 5 6 19
T 2637 26 0 6 0
E 2637 0 4 14
E 2637 1 4 14
E 2637 2 4 14
E 2637 3 4 14
E 2637 4 4 14
E 2637 5 20 62
T 2638 4 0 6 0
E 2638 0 -7 -23
E 2638 1 -7 -23
E 2638 2 -7 -23
E 2638 3 -7 -23
E 2638 4 -7 -23
E 2638 5 8 25
T 2639 16 0 1 0
E 2639 5 16 48
T 2640 25 0 6 0
E 2640 0 9 29
E 2640 1 9 29
E 2640 2 9 29
E 2640 3 9 29
E 2640 4 9 29
E 2640 5 9 29
T 2641 18 0 6 0
E 2641 0 -6 -19
E 2641 1 -6 -19
E 2641 2 -6 -19
E 2641 3 -6 -19
E 2641 4 -6 -19
E 2641 5 -7 -22
T 2642 14 0 6 0
E 2642 0 6 20
E 2642 1 6 20
E 2642 2 6 20
E 2642 3 6 20
E 2642 4 6 20
E 2642 5 4 14
T 2643 3 0 1 0
E 2643 5 -5 -17
T 2644 3 0 1 0
E 2644 5 -4 -14
T 2645 6 0 0 0
T 2646 8 0 0 0
T 2647 10 0 5 0
E 2647 0 5 15
E 2647 1 5 15
E 2647 2 5 15
E 2647 3 5 15
E 2647 4 5 15
T 2648 5 0 1 0
E 2648 5 -10 -30
T 2649 14 0 1 0
E 2649 5 -7 -22
T 2650 4 0 6 0
E 2650 0 5 16
E 2650 1 5 16
E 2650 2 5 16
E 2650 3 5 16
E 2650 4 5 16
E 2650 5 -5 -16
T 2651 11 0 1 0
E 2651 5 -12 -36
T 2652 1 0 6 0
E 2652 0 4 13
E 2652 1 4 13
E 2652 2 4 13
E 2652 3 4 13
E 2652 4 4 13
E 2652 5 -8 -25
T 2653 17 0 1 0
E 2653 5 -12 -36
T 2654 0 0 6 0
E 2654 0 5 16
E 2654 1 5 16
E 2654 2 5 16
E 2654 3 5 16
E 2654 4 5 16
E 2654 5 -9 -29
T 2655 14 0 1 0
E 2655 5 -16 -50
T 2656 25 0 1 0
E 2656 5 -13 -39
T 2657 3 0 6 0
E 2657 0 7 21
E 2657 1 7 21
E 2657 2 7 21
E 2657 3 7 21
E 2657 4 7 21
E 2657 5 -11 -33
T 2658 20 0 1 0
E 2658 5 -18 -55
T 2659 1 0 6 0
E 2659 0 7 21
E 2659 1 7 21
E 2659 2 7 21
E 2659 3 7 21
E 2659 4 7 21
E 2659 5 -13 -40
T 2660 23 0 1 0
E 2660 5 -20 -61
T 2661 5 0 6 0
E 2661 0 6 19
E 2661 1 6 19
E 2661 2 6 19
E 2661 3 6 19
E 2661 4 6 19
E 2661 5 -16 -48
T 2662 12 0 6 0
E 2662 0 4 13
E 2662 1 4 13
E 2662 2 4 13
E 2662 3 4 13
E 2662 4 4 13
E 2662 5 -19 -57
T 2663 10 0 6 0
E 2663 0 5 16
E 2663 1 5 16
E 2663 2 5 16
E 2663 3 5 16
E 2663 4 5 16
E 2663 5 -19 -57
T 2664 15 0 6 0
E 2664 0 4 14
E 2664 1 4 14
E 2664 2 4 14
E 2664 3 4 14
E 2664 4 4 14
E 2664 5 -21 -63
T 2665 34 0 1 0
E 2665 5 -22 -68
T 2666 2 0 6 0
E 2666 0 10 31
E 2666 1 10 31
E 2666 2 10 31
E 2666 3 10 31
E 2666 4 10 31
E 2666 5 -17 -52
T 2667 31 0 1 0
E 2667 5 -27 -82
T 2668 1 0 6 0
E 2668 0 10 30
E 2668 1 10 30
E 2668 2 10 30
E 2668 3 10 30
E 2668 4 10 30
E 2668 5 -19 -59
T 2669 35 0 1 0
E 2669 5 -29 -87
T 2670 13 0 6 0
E 2670 0 10 32
E 2670 1 10 32
E 2670 2 10 32
E 2670 3 10 32
E 2670 4 10 32
E 2670 5 -5 -16
T 2671 31 0 6 0
E 2671 0 -5 -15
E 2671 1 -5 -15
E 2671 2 -5 -15
E 2671 3 -5 -15
E 2671 4 -5 -15
E 2671 5 -21 -63
T 2672 10 0 6 0
E 2672 0 9 29
E 2672 1 9 29
E 2672 2 9 29
E 2672 3 9 29
E 2672 4 9 29
E 2672 5 -6 -19
T 2673 26 0 6 0
E 2673 0 -4 -14
E 2673 1 -4 -14
E 2673 2 -4 -14
E 2673 3 -4 -14
E 2673 4 -4 -14
E 2673 5 -20 -62
T 2674 17 0 6 0
E 2674 0 11 34
E 2674 1 11 34
E 2674 2 11 34
E 2674 3 11 34
E 2674 4 11 34
E 2674 5 -4 -14
T 2675 10 0 1 0
E 2675 5 -19 -57
T 2676 19 0 1 0
E 2676 5 -14 -43
T 2677 7 0 6 0
E 2677 0 8 26
E 2677 1 8 26
E 2677 2 8 26
E 2677 3 8 26
E 2677 4 8 26
E 2677 5 -7 -22
T 2678 11 0 1 0
E 2678 5 -18 -55
T 2679 1 0 6 0
E 2679 0 5 16
E 2679 1 5 16
E 2679 2 5 16
E 2679 3 5 16
E 2679 4 5 16
E 2679 5 -10 -32
T 2680 21 0 1 0
E 2680 5 -13 -40
T 2681 1 0 6 0
E 2681 0 5 16
E 2681 1 5 16
E 2681 2 5 16
E 2681 3 5 16
E 2681 4 5 16
E 2681 5 -10 -32
T 2682 22 0 1 0
E 2682 5 -13 -39
T 2683 2 0 6 0
E 2683 0 6 18
E 2683 1 6 18
E 2683 2 6 18
E 2683 3 6 18
E 2683 4 6 18
E 2683 5 -10 -30
T 2684 20 0 1 0
E 2684 5 -14 -42
T 2685 5 0 6 0
E 2685 0 7 21
E 2685 1 7 21
E 2685 2 7 21
E 2685 3 7 21
E 2685 4 7 21
E 2685 5 -9 -27
T 2686 12 0 1 0
E 2686 5 -17 -53
T 2687 24 0 1 0
E 2687 5 -12 -36
T 2688 8 0 6 0
E 2688 0 8 25
E 2688 1 8 25
E 2688 2 8 25
E 2688 3 8 25
E 2688 4 8 25
E 2688 5 -7 -23
T 2689 10 0 1 0
E 2689 5 -19 -57
T 2690 23 0 1 0
E 2690 5 -12 -37
T 2691 11 0 6 0
E 2691 0 9 27
E 2691 1 9 27
E 2691 2 9 27
E 2691 3 9 27
E 2691 4 9 27
E 2691 5 -7 -21
T 2692 10 0 1 0
E 2692 5 -18 -56
T 2693 23 0 1 0
E 2693 5 -12 -37
T 2694 1 0 6 0
E 2694 0 6 20
E 2694 1 6 20
E 2694 2 6 20
E 2694 3 6 20
E 2694 4 6 20
E 2694 5 -9 -28
T 2695 20 0 1 0
E 2695 5 -14 -42
T 2696 5 0 6 0
E 2696 0 7 22
E 2696 1 7 22
E 2696 2 7 22
E 2696 3 7 22
E 2696 4 7 22
E 2696 5 -8 -26
T 2697 16 0 1 0
E 2697 5 -16 -48
T 2698 1 0 6 0
E 2698 0 5 15
E 2698 1 5 15
E 2698 2 5 15
E 2698 3 5 15
E 2698 4 5 15
E 2698 5 -11 -33
T 2699 16 0 1 0
E 2699 5 -15 -47
T 2700 8 0 6 0
E 2700 0 8 24
E 2700 1 8 24
E 2700 2 8 24
E 2700 3 8 24
E 2700 4 8 24
E 2700 5 -8 -24
T 2701 27 0 6 0
E 2701 0 -4 -13
E 2701 1 -4 -13
E 2701 2 -4 -13
E 2701 3 -4 -13
E 2701 4 -4 -13
E 2701 5 -20 -61
T 2702 8 0 6 0
E 2702 0 8 25
E 2702 1 8 25
E 2702 2 8 25
E 2702 3 8 25
E 2702 4 8 25
E 2702 5 -7 -23
T 2703 10 0 1 0
E 2703 5 -19 -57
T 2704 2 0 6 0
E 2704 0 5 17
E 2704 1 5 17
E 2704 2 5 17
E 2704 3 5 17
E 2704 4 5 17
E 2704 5 -10 -31
T 2705 15 0 1 0
E 2705 5 -16 -49
T 2706 2 0 6 0
E 2706 0 5 17
E 2706 1 5 17
E 2706 2 5 17
E 2706 3 5 17
E 2706 4 5 17
E 2706 5 -10 -31
T 2707 20 0 1 0
E 2707 5 -14 -42
T 2708 2 0 6 0
E 2708 0 6 18
E 2708 1 6 18
E 2708 2 6 18
E 2708 3 6 18
E 2708 4 6 18
E 2708 5 -10 -30
T 2709 20 0 1 0
E 2709 5 -14 -42
T 2710 11 0 6 0
E 2710 0 9 27
E 2710 1 9 27
E 2710 2 9 27
E 2710 3 9 27
E 2710 4 9 27
E 2710 5 -7 -21
T 2711 13 0 1 0
E 2711 5 -17 -52
T 2712 2 0 6 0
E 2712 0 6 19
E 2712 1 6 19
E 2712 2 6 19
E 2712 3 6 19
E 2712 4 6 19
E 2712 5 -9 -29
T 2713 15 0 1 0
E 2713 5 -16 -49
T 2714 24 0 1 0
E 2714 5 -12 -36
T 2715 14 0 6 0
E 2715 0 10 31
E 2715 1 10 31
E 2715 2 10 31
E 2715 3 10 31
E 2715 4 10 31
E 2715 5 -5 -17
T 2716 8 0 1 0
E 2716 5 -19 -59
T 2717 1 0 6 0
E 2717 0 5 15
E 2717 1 5 15
E 2717 2 5 15
E 2717 3 5 15
E 2717 4 5 15
E 2717 5 -11 -33
T 2718 18 0 1 0
E 2718 5 -14 -44
T 2719 7 0 6 0
E 2719 0 8 26
E 2719 1 8 26
E 2719 2 8 26
E 2719 3 8 26
E 2719 4 8 26
E 2719 5 -7 -22
T 2720 10 0 1 0
E 2720 5 -19 -57
T 2721 22 0 1 0
E 2721 5 -13 -39
T 2722 11 0 6 0
E 2722 0 9 27
E 2722 1 9 27
E 2722 2 9 27
E 2722 3 9 27
E 2722 4 9 27
E 2722 5 -7 -21
T 2723 8 0 1 0
E 2723 5 -19 -59
T 2724 23 0 1 0
E 2724 5 -12 -37
T 2725 2 0 6 0
E 2725 0 6 19
E 2725 1 6 19
E 2725 2 6 19
E 2725 3 6 19
E 2725 4 6 19
E 2725 5 -9 -29
T 2726 14 0 1 0
E 2726 5 -16 -50
T 2727 2 0 6 0
E 2727 0 5 17
E 2727 1 5 17
E 2727 2 5 17
E 2727 3 5 17
E 2727 4 5 17
E 2727 5 -10 -31
T 2728 22 0 1 0
E 2728 5 -13 -39
T 2729 11 0 6 0
E 2729 0 9 27
E 2729 1 9 27
E 2729 2 9 27
E 2729 3 9 27
E 2729 4 9 27
E 2729 5 -7 -21
T 2730 8 0 1 0
E 2730 5 -19 -59
T 2731 22 0 1 0
E 2731 5 -13 -39
T 2732 11 0 6 0
E 2732 0 9 27
E 2732 1 9 27
E 2732 2 9 27
E 2732 3 9 27
E 2732 4 9 27
E 2732 5 -7 -21
T 2733 8 0 1 0
E 2733 5 -20 -60
T 2734 21 0 1 0
E 2734 5 -13 -40
T 2735 11 0 6 0
E 2735 0 9 27
E 2735 1 9 27
E 2735 2 9 27
E 2735 3 9 27
E 2735 4 9 27
E 2735 5 -7 -21
T 2736 8 0 1 0
E 2736 5 -19 -59
T 2737 21 0 1 0
E 2737 5 -11 -35
T 2738 9 0 6 0
E 2738 0 8 26
E 2738 1 8 26
E 2738 2 8 26
E 2738 3 8 26
E 2738 4 8 26
E 2738 5 -5 -17
T 2739 6 0 1 0
E 2739 5 -16 -50
T 2740 14 0 1 0
E 2740 5 -11 -34
T 2741 0 0 6 0
E 2741 0 4 13
E 2741 1 4 13
E 2741 2 4 13
E 2741 3 4 13
E 2741 4 4 13
E 2741 5 -7 -22
T 2742 10 0 1 0
E 2742 5 -10 -32
T 2743 5 0 6 0
E 2743 0 5 15
E 2743 1 5 15
E 2743 2 5 15
E 2743 3 5 15
E 2743 4 5 15
E 2743 5 -5 -15
T 2744 1 0 1 0
E 2744 5 -13 -39
T 2745 12 0 1 0
E 2745 5 -6 -18
T 2746 8 0 5 0
E 2746 0 5 17
E 2746 1 5 17
E 2746 2 5 17
E 2746 3 5 17
E 2746 4 5 17
T 2747 21 0 6 0
E 2747 0 -5 -15
E 2747 1 -5 -15
E 2747 2 -5 -15
E 2747 3 -5 -15
E 2747 4 -5 -15
E 2747 5 -11 -34
T 2748 13 0 5 0
E 2748 0 7 22
E 2748 1 7 22
E 2748 2 7 22
E 2748 3 7 22
E 2748 4 7 22
T 2749 18 0 6 0
E 2749 0 -5 -17
E 2749 1 -5 -17
E 2749 2 -5 -17
E 2749 3 -5 -17
E 2749 4 -5 -17
E 2749 5 -10 -31
T 2750 12 0 0 0
T 2751 6 0 5 0
E 2751 0 4 14
E 2751 1 4 14
E 2751 2 4 14
E 2751 3 4 14
E 2751 4 4 14
T 2752 3 0 1 0
E 2752 5 -4 -13
T 2753 1 0 0 0
T 2754 5 0 0 0
T 2755 3 0 0 0
T 2756 5 0 0 0
T 2757 4 0 0 0
T 2758 1 0 0 0
T 2759 1 0 0 0
T 2760 3 0 1 0
E 2760 5 5 17
T 2761 5 0 0 0
T 2762 10 0 1 0
E 2762 5 4 14
T 2763 7 0 5 0
E 2763 0 -4 -13
E 2763 1 -4 -13
E 2763 2 -4 -13
E 2763 3 -4 -13
E 2763 4 -4 -13
T 2764 2 0 1 0
E 2764 5 11 34
T 2765 8 0 1 0
E 2765 5 9 29
T 2766 1 0 6 0
E 2766 0 -4 -14
E 2766 1 -4 -14
E 2766 2 -4 -14
E 2766 3 -4 -14
E 2766 4 -4 -14
E 2766 5 5 16
T 2767 6 0 1 0
E 2767 5 12 36
T 2768 18 0 1 0
E 2768 5 6 18
T 2769 11 0 5 0
E 2769 0 -6 -19
E 2769 1 -6 -19
E 2769 2 -6 -19
E 2769 3 -6 -19
E 2769 4 -6 -19
T 2770 4 0 1 0
E 2770 5 12 38
T 2771 12 0 1 0
E 2771 5 9 27
T 2772 16 0 1 0
E 2772 5 7 21
T 2773 4 0 6 0
E 2773 0 -5 -17
E 2773 1 -5 -17
E 2773 2 -5 -17
E 2773 3 -5 -17
E 2773 4 -5 -17
E 2773 5 4 13
T 2774 4 0 1 0
E 2774 5 13 39
T 2775 10 0 1 0
E 2775 5 10 30
T 2776 5 0 6 0
E 2776 0 -5 -16
E 2776 1 -5 -16
E 2776 2 -5 -16
E 2776 3 -5 -16
E 2776 4 -5 -16
E 2776 5 4 14
T 2777 8 0 1 0
E 2777 5 11 33
T 2778 1 0 6 0
E 2778 0 -4 -14
E 2778 1 -4 -14
E 2778 2 -4 -14
E 2778 3 -4 -14
E 2778 4 -4 -14
E 2778 5 5 16
T 2779 10 0 1 0
E 2779 5 10 30
T 2780 4 0 6 0
E 2780 0 -5 -17
E 2780 1 -5 -17
E 2780 2 -5 -17
E 2780 3 -5 -17
E 2780 4 -5 -17
E 2780 5 4 13
T 2781 4 0 1 0
E 2781 5 12 38
T 2782 15 0 1 0
E 2782 5 7 22
T 2783 11 0 5 0
E 2783 0 -6 -19
E 2783 1 -6 -19
E 2783 2 -6 -19
E 2783 3 -6 -19
E 2783 4 -6 -19
T 2784 6 0 1 0
E 2784 5 12 36
T 2785 12 0 1 0
E 2785 5 8 26
T 2786 18 0 1 0
E 2786 5 6 19
T 2787 14 0 5 0
E 2787 0 -7 -21
E 2787 1 -7 -21
E 2787 2 -7 -21
E 2787 3 -7 -21
E 2787 4 -7 -21
T 2788 21 0 6 0
E 2788 0 4 14
E 2788 1 4 14
E 2788 2 4 14
E 2788 3 4 14
E 2788 4 4 14
E 2788 5 15 46
T 2789 3 0 6 0
E 2789 0 -5 -17
E 2789 1 -5 -17
E 2789 2 -5 -17
E 2789 3 -5 -17
E 2789 4 -5 -17
E 2789 5 5 16
T 2790 8 0 1 0
E 2790 5 12 37
T 2791 14 0 1 0
E 2791 5 10 30
T 2792 19 0 1 0
E 2792 5 7 22
T 2793 14 0 5 0
E 2793 0 -8 -26
E 2793 1 -8 -26
E 2793 2 -8 -26
E 2793 3 -8 -26
E 2793 4 -8 -26
T 2794 6 0 1 0
E 2794 5 14 44
T 2795 15 0 1 0
E 2795 5 10 31
T 2796 6 0 6 0
E 2796 0 -6 -18
E 2796 1 -6 -18
E 2796 2 -6 -18
E 2796 3 -6 -18
E 2796 4 -6 -18
E 2796 5 6 19
T 2797 13 0 1 0
E 2797 5 12 36
T 2798 2 0 6 0
E 2798 0 -4 -14
E 2798 1 -4 -14
E 2798 2 -4 -14
E 2798 3 -4 -14
E 2798 4 -4 -14
E 2798 5 8 24
T 2799 16 0 1 0
E 2799 5 11 34
T 2800 21 0 1 0
E 2800 5 9 27
T 2801 4 0 6 0
E 2801 0 -6 -20
E 2801 1 -6 -20
E 2801 2 -6 -20
E 2801 3 -6 -20
E 2801 4 -6 -20
E 2801 5 6 20
T 2802 12 0 1 0
E 2802 5 13 41
T 2803 3 0 6 0
E 2803 0 -4 -14
E 2803 1 -4 -14
E 2803 2 -4 -14
E 2803 3 -4 -14
E 2803 4 -4 -14
E 2803 5 9 27
T 2804 21 0 1 0
E 2804 5 10 31
T 2805 13 0 6 0
E 2805 0 -9 -27
E 2805 1 -9 -27
E 2805 2 -9 -27
E 2805 3 -9 -27
E 2805 4 -9 -27
E 2805 5 5 15
T 2806 25 0 6 0
E 2806 0 4 13
E 2806 1 4 13
E 2806 2 4 13
E 2806 3 4 13
E 2806 4 4 13
E 2806 5 18 56
T 2807 10 0 6 0
E 2807 0 -8 -24
E 2807 1 -8 -24
E 2807 2 -8 -24
E 2807 3 -8 -24
E 2807 4 -8 -24
E 2807 5 6 19
T 2808 8 0 1 0
E 2808 5 17 53
T 2809 0 0 6 0
E 2809 0 -5 -16
E 2809 1 -5 -16
E 2809 2 -5 -16
E 2809 3 -5 -16
E 2809 4 -5 -16
E 2809 5 9 29
T 2810 12 0 1 0
E 2810 5 16 49
T 2811 1 0 6 0
E 2811 0 -5 -16
E 2811 1 -5 -16
E 2811 2 -5 -16
E 2811 3 -5 -16
E 2811 4 -5 -16
E 2811 5 10 30
T 2812 20 0 1 0
E 2812 5 13 39
T 2813 9 0 6 0
E 2813 0 -8 -24
E 2813 1 -8 -24
E 2813 2 -8 -24
E 2813 3 -8 -24
E 2813 4 -8 -24
E 2813 5 7 23
T 2814 12 0 1 0
E 2814 5 18 54
T 2815 22 0 1 0
E 2815 5 13 39
T 2816 11 0 6 0
E 2816 0 -9 -28
E 2816 1 -9 -28
E 2816 2 -9 -28
E 2816 3 -9 -28
E 2816 4 -9 -28
E 2816 5 6 20
T 2817 11 0 1 0
E 2817 5 18 55
T 2818 2 0 6 0
E 2818 0 -6 -19
E 2818 1 -6 -19
E 2818 2 -6 -19
E 2818 3 -6 -19
E 2818 4 -6 -19
E 2818 5 9 29
T 2819 13 0 1 0
E 2819 5 17 52
T 2820 5 0 6 0
E 2820 0 -4 -14
E 2820 1 -4 -14
E 2820 2 -4 -14
E 2820 3 -4 -14
E 2820 4 -4 -14
E 2820 5 11 34
T 2821 24 0 1 0
E 2821 5 12 36
T 2822 5 0 6 0
E 2822 0 -7 -21
E 2822 1 -7 -21
E 2822 2 -7 -21
E 2822 3 -7 -21
E 2822 4 -7 -21
E 2822 5 9 27
T 2823 14 0 1 0
E 2823 5 17 51
T 2824 24 0 1 0
E 2824 5 12 36
T 2825 14 0 6 0
E 2825 0 -10 -31
E 2825 1 -10 -31
E 2825 2 -10 -31
E 2825 3 -10 -31
E 2825 4 -10 -31
E 2825 5 5 17
T 2826 12 0 1 0
E 2826 5 18 54
T 2827 1 0 6 0
E 2827 0 -5 -15
E 2827 1 -5 -15
E 2827 2 -5 -15
E 2827 3 -5 -15
E 2827 4 -5 -15
E 2827 5 11 33
T 2828 20 0 1 0
E 2828 5 14 42
T 2829 2 0 6 0
E 2829 0 -6 -18
E 2829 1 -6 -18
E 2829 2 -6 -18
E 2829 3 -6 -18
E 2829 4 -6 -18
E 2829 5 10 30
T 2830 16 0 1 0
E 2830 5 16 48
T 2831 1 0 6 0
E 2831 0 -6 -20
E 2831 1 -6 -20
E 2831 2 -6 -20
E 2831 3 -6 -20
E 2831 4 -6 -20
E 2831 5 9 28
T 2832 19 0 1 0
E 2832 5 14 43
T 2833 5 0 6 0
E 2833 0 -7 -22
E 2833 1 -7 -22
E 2833 2 -7 -22
E 2833 3 -7 -22
E 2833 4 -7 -22
E 2833 5 8 26
T 2834 15 0 1 0
E 2834 5 16 49
T 2835 1 0 6 0
E 2835 0 -5 -15
E 2835 1 -5 -15
E 2835 2 -5 -15
E 2835 3 -5 -15
E 2835 4 -5 -15
E 2835 5 11 33
T 2836 14 0 1 0
E 2836 5 17 51
T 2837 2 0 6 0
E 2837 0 -6 -18
E 2837 1 -6 -18
E 2837 2 -6 -18
E 2837 3 -6 -18
E 2837 4 -6 -18
E 2837 5 10 30
T 2838 15 0 1 0
E 2838 5 16 49
T 2839 4 0 6 0
E 2839 0 -4 -13
E 2839 1 -4 -13
E 2839 2 -4 -13
E 2839 3 -4 -13
E 2839 4 -4 -13
E 2839 5 11 35
T 2840 16 0 1 0
E 2840 5 16 48
T 2841 2 0 6 0
E 2841 0 -6 -19
E 2841 1 -6 -19
E 2841 2 -6 -19
E 2841 3 -6 -19
E 2841 4 -6 -19
E 2841 5 9 29
T 2842 18 0 1 0
E 2842 5 15 45
T 2843 1 0 6 0
E 2843 0 -5 -15
E 2843 1 -5 -15
E 2843 2 -5 -15
E 2843 3 -5 -15
E 2843 4 -5 -15
E 2843 5 11 33
T 2844 14 0 1 0
E 2844 5 16 50
T 2845 5 0 6 0
E 2845 0 -4 -14
E 2845 1 -4 -14
E 2845 2 -4 -14
E 2845 3 -4 -14
E 2845 4 -4 -14
E 2845 5 11 34
T 2846 4 0 6 0
E 2846 0 -4 -13
E 2846 1 -4 -13
E 2846 2 -4 -13
E 2846 3 -4 -13
E 2846 4 -4 -13
E 2846 5 11 35
T 2847 18 0 1 0
E 2847 5 15 45
T 2848 1 0 6 0
E 2848 0 -6 -20
E 2848 1 -6 -20
E 2848 2 -6 -20
E 2848 3 -6 -20
E 2848 4 -6 -20
E 2848 5 9 28
T 2849 14 0 1 0
E 2849 5 17 51
T 2850 1 0 6 0
E 2850 0 -6 -20
E 2850 1 -6 -20
E 2850 2 -6 -20
E 2850 3 -6 -20
E 2850 4 -6 -20
E 2850 5 9 28
T 2851 18 0 1 0
E 2851 5 14 44
T 2852 2 0 6 0
E 2852 0 -6 -19
E 2852 1 -6 -19
E 2852 2 -6 -19
E 2852 3 -6 -19
E 2852 4 -6 -19
E 2852 5 9 29
T 2853 17 0 1 0
E 2853 5 15 46
T 2854 5 0 6 0
E 2854 0 -4 -14
E 2854 1 -4 -14
E 2854 2 -4 -14
E 2854 3 -4 -14
E 2854 4 -4 -14
E 2854 5 11 34
T 2855 22 0 1 0
E 2855 5 13 39
T 2856 8 0 6 0
E 2856 0 -8 -25
E 2856 1 -8 -25
E 2856 2 -8 -25
E 2856 3 -8 -25
E 2856 4 -8 -25
E 2856 5 7 23
T 2857 27 0 6 0
E 2857 0 4 13
E 2857 1 4 13
E 2857 2 4 13
E 2857 3 4 13
E 2857 4 4 13
E 2857 5 20 61
T 2858 11 0 6 0
E 2858 0 -9 -28
E 2858 1 -9 -28
E 2858 2 -9 -28
E 2858 3 -9 -28
E 2858 4 -9 -28
E 2858 5 6 20
T 2859 26 0 6 0
E 2859 0 4 14
E 2859 1 4 14
E 2859 2 4 14
E 2859 3 4 14
E 2859 4 4 14
E 2859 5 20 62
T 2860 4 0 6 0
E 2860 0 -7 -23
E 2860 1 -7 -23
E 2860 2 -7 -23
E 2860 3 -7 -23
E 2860 4 -7 -23
E 2860 5 8 25
T 2861 17 0 1 0
E 2861 5 15 46
T 2862 8 0 6 0
E 2862 0 -8 -24
E 2862 1 -8 -24
E 2862 2 -8 -24
E 2862 3 -8 -24
E 2862 4 -8 -24
E 2862 5 8 24
T 2863 14 0 1 0
E 2863 5 16 50
T 2864 24 0 1 0
E 2864 5 12 36
T 2865 5 0 6 0
E 2865 0 -7 -21
E 2865 1 -7 -21
E 2865 2 -7 -21
E 2865 3 -7 -21
E 2865 4 -7 -21
E 2865 5 9 27
T 2866 10 0 1 0
E 2866 5 19 57
T 2867 19 0 1 0
E 2867 5 14 43
T 2868 1 0 6 0
E 2868 0 -5 -16
E 2868 1 -5 -16
E 2868 2 -5 -16
E 2868 3 -5 -16
E 2868 4 -5 -16
E 2868 5 10 32
T 2869 16 0 1 0
E 2869 5 16 48
T 2870 2 0 6 0
E 2870 0 -6 -19
E 2870 1 -6 -19
E 2870 2 -6 -19
E 2870 3 -6 -19
E 2870 4 -6 -19
E 2870 5 9 29
T 2871 12 0 1 0
E 2871 5 18 54
T 2872 20 0 1 0
E 2872 5 13 41
T 2873 11 0 6 0
E 2873 0 -9 -28
E 2873 1 -9 -28
E 2873 2 -9 -28
E 2873 3 -9 -28
E 2873 4 -9 -28
E 2873 5 6 20
T 2874 14 0 1 0
E 2874 5 17 51
T 2875 24 0 1 0
E 2875 5 12 36
T 2876 5 0 6 0
E 2876 0 -7 -21
E 2876 1 -7 -21
E 2876 2 -7 -21
E 2876 3 -7 -21
E 2876 4 -7 -21
E 2876 5 9 27
T 2877 10 0 1 0
E 2877 5 18 56
T 2878 20 0 1 0
E 2878 5 13 41
T 2879 5 0 6 0
E 2879 0 -7 -21
E 2879 1 -7 -21
E 2879 2 -7 -21
E 2879 3 -7 -21
E 2879 4 -7 -21
E 2879 5 9 27
T 2880 47 0 6 0
E 2880 0 16 49
E 2880 1 16 49
E 2880 2 16 49
E 2880 3 16 49
E 2880 4 16 49
E 2880 5 16 49
T 2881 45 0 6 0
E 2881 0 -15 -46
E 2881 1 -15 -46
E 2881 2 -15 -46
E 2881 3 -15 -46
E 2881 4 -15 -46
E 2881 5 -16 -49
T 2882 35 0 6 0
E 2882 0 13 41
E 2882 1 13 41
E 2882 2 13 41
E 2882 3 13 41
E 2882 4 13 41
E 2882 5 11 35
T 2883 36 0 6 0
E 2883 0 -11 -33
E 2883 1 -11 -33
E 2883 2 -11 -33
E 2883 3 -11 -33
E 2883 4 -11 -33
E 2883 5 -14 -42
T 2884 28 0 6 0
E 2884 0 11 34
E 2884 1 11 34
E 2884 2 11 34
E 2884 3 11 34
E 2884 4 11 34
E 2884 5 7 21
T 2885 34 0 6 0
E 2885 0 -10 -31
E 2885 1 -10 -31
E 2885 2 -10 -31
E 2885 3 -10 -31
E 2885 4 -10 -31
E 2885 5 -15 -47
T 2886 25 0 6 0
E 2886 0 11 35
E 2886 1 11 35
E 2886 2 11 35
E 2886 3 11 35
E 2886 4 11 35
E 2886 5 5 16
T 2887 33 0 6 0
E 2887 0 -9 -28
E 2887 1 -9 -28
E 2887 2 -9 -28
E 2887 3 -9 -28
E 2887 4 -9 -28
E 2887 5 -16 -50
T 2888 20 0 5 0
E 2888 0 10 30
E 2888 1 10 30
E 2888 2 10 30
E 2888 3 10 30
E 2888 4 10 30
T 2889 23 0 6 0
E 2889 0 -5 -17
E 2889 1 -5 -17
E 2889 2 -5 -17
E 2889 3 -5 -17
E 2889 4 -5 -17
E 2889 5 -15 -46
T 2890 14 0 5 0
E 2890 0 8 26
E 2890 1 8 26
E 2890 2 8 26
E 2890 3 8 26
E 2890 4 8 26
T 2891 3 0 1 0
E 2891 5 -15 -47
T 2892 16 0 1 0
E 2892 5 -10 -32
T 2893 5 0 6 0
E 2893 0 6 18
E 2893 1 6 18
E 2893 2 6 18
E 2893 3 6 18
E 2893 4 6 18
E 2893 5 -7 -23
T 2894 17 0 1 0
E 2894 5 -14 -42
T 2895 1 0 6 0
E 2895 0 5 15
E 2895 1 5 15
E 2895 2 5 15
E 2895 3 5 15
E 2895 4 5 15
E 2895 5 -11 -33
T 2896 20 0 1 0
E 2896 5 -15 -46
T 2897 1 0 6 0
E 2897 0 6 20
E 2897 1 6 20
E 2897 2 6 20
E 2897 3 6 20
E 2897 4 6 20
E 2897 5 -11 -34
T 2898 22 0 1 0
E 2898 5 -17 -52
T 2899 2 0 6 0
E 2899 0 6 18
E 2899 1 6 18
E 2899 2 6 18
E 2899 3 6 18
E 2899 4 6 18
E 2899 5 -14 -43
T 2900 28 0 1 0
E 2900 5 -18 -54
T 2901 7 0 6 0
E 2901 0 10 32
E 2901 1 10 32
E 2901 2 10 32
E 2901 3 10 32
E 2901 4 10 32
E 2901 5 -11 -35
T 2902 22 0 1 0
E 2902 5 -24 -72
T 2903 4 0 6 0
E 2903 0 7 23
E 2903 1 7 23
E 2903 2 7 23
E 2903 3 7 23
E 2903 4 7 23
E 2903 5 -16 -50
T 2904 27 0 1 0
E 2904 5 -25 -75
T 2905 4 0 6 0
E 2905 0 8 26
E 2905 1 8 26
E 2905 2 8 26
E 2905 3 8 26
E 2905 4 8 26
E 2905 5 -18 -54
T 2906 33 0 1 0
E 2906 5 -24 -74
T 2907 1 0 6 0
E 2907 0 10 31
E 2907 1 10 31
E 2907 2 10 31
E 2907 3 10 31
E 2907 4 10 31
E 2907 5 -18 -55
T 2908 28 0 1 0
E 2908 5 -30 -91
T 2909 2 0 6 0
E 2909 0 11 33
E 2909 1 11 33
E 2909 2 11 33
E 2909 3 11 33
E 2909 4 11 33
E 2909 5 -20 -60
T 2910 15 0 1 0
E 2910 5 -16 -49
T 2911 2 0 6 0
E 2911 0 5 17
E 2911 1 5 17
E 2911 2 5 17
E 2911 3 5 17
E 2911 4 5 17
E 2911 5 -10 -31
T 2912 18 0 1 0
E 2912 5 -15 -45
T 2913 1 0 6 0
E 2913 0 5 16
E 2913 1 5 16
E 2913 2 5 16
E 2913 3 5 16
E 2913 4 5 16
E 2913 5 -10 -32
T 2914 21 0 1 0
E 2914 5 -13 -40
T 2915 11 0 6 0
E 2915 0 9 28
E 2915 1 9 28
E 2915 2 9 28
E 2915 3 9 28
E 2915 4 9 28
E 2915 5 -6 -20
T 2916 8 0 1 0
E 2916 5 -20 -60
T 2917 4 0 6 0
E 2917 0 4 13
E 2917 1 4 13
E 2917 2 4 13
E 2917 3 4 13
E 2917 4 4 13
E 2917 5 -11 -35
T 2918 18 0 1 0
E 2918 5 -14 -44
T 2919 8 0 6 0
E 2919 0 8 24
E 2919 1 8 24
E 2919 2 8 24
E 2919 3 8 24
E 2919 4 8 24
E 2919 5 -8 -24
T 2920 12 0 1 0
E 2920 5 -17 -53
T 2921 21 0 1 0
E 2921 5 -13 -40
T 2922 5 0 6 0
E 2922 0 7 22
E 2922 1 7 22
E 2922 2 7 22
E 2922 3 7 22
E 2922 4 7 22
E 2922 5 -8 -26
T 2923 15 0 1 0
E 2923 5 -16 -49
T 2924 1 0 6 0
E 2924 0 5 15
E 2924 1 5 15
E 2924 2 5 15
E 2924 3 5 15
E 2924 4 5 15
E 2924 5 -11 -33
T 2925 20 0 1 0
E 2925 5 -13 -41
T 2926 1 0 6 0
E 2926 0 5 15
E 2926 1 5 15
E 2926 2 5 15
E 2926 3 5 15
E 2926 4 5 15
E 2926 5 -11 -33
T 2927 20 0 1 0
E 2927 5 -13 -41
T 2928 11 0 6 0
E 2928 0 9 27
E 2928 1 9 27
E 2928 2 9 27
E 2928 3 9 27
E 2928 4 9 27
E 2928 5 -7 -21
T 2929 13 0 1 0
E 2929 5 -17 -52
T 2930 1 0 6 0
E 2930 0 5 16
E 2930 1 5 16
E 2930 2 5 16
E 2930 3 5 16
E 2930 4 5 16
E 2930 5 -10 -32
T 2931 16 0 1 0
E 2931 5 -15 -47
T 2932 2 0 6 0
E 2932 0 6 19
E 2932 1 6 19
E 2932 2 6 19
E 2932 3 6 19
E 2932 4 6 19
E 2932 5 -9 -29
T 2933 19 0 1 0
E 2933 5 -14 -43
T 2934 8 0 6 0
E 2934 0 8 25
E 2934 1 8 25
E 2934 2 8 25
E 2934 3 8 25
E 2934 4 8 25
E 2934 5 -7 -23
T 2935 14 0 1 0
E 2935 5 -17 -51
T 2936 1 0 6 0
E 2936 0 6 20
E 2936 1 6 20
E 2936 2 6 20
E 2936 3 6 20
E 2936 4 6 20
E 2936 5 -9 -28
T 2937 15 0 1 0
E 2937 5 -16 -49
T 2938 5 0 6 0
E 2938 0 4 14
E 2938 1 4 14
E 2938 2 4 14
E 2938 3 4 14
E 2938 4 4 14
E 2938 5 -11 -34
T 2939 20 0 1 0
E 2939 5 -14 -42
T 2940 1 0 6 0
E 2940 0 5 16
E 2940 1 5 16
E 2940 2 5 16
E 2940 3 5 16
E 2940 4 5 16
E 2940 5 -10 -32
T 2941 13 0 1 0
E 2941 5 -17 -52
T 2942 24 0 1 0
E 2942 5 -12 -36
T 2943 5 0 6 0
E 2943 0 7 22
E 2943 1 7 22
E 2943 2 7 22
E 2943 3 7 22
E 2943 4 7 22
E 2943 5 -8 -26
T 2944 14 0 1 0
E 2944 5 -17 -51
T 2945 2 0 6 0
E 2945 0 6 19
E 2945 1 6 19
E 2945 2 6 19
E 2945 3 6 19
E 2945 4 6 19
E 2945 5 -9 -29
T 2946 19 0 1 0
E 2946 5 -14 -43
T 2947 7 0 6 0
E 2947 0 8 26
E 2947 1 8 26
E 2947 2 8 26
E 2947 3 8 26
E 2947 4 8 26
E 2947 5 -7 -22
T 2948 8 0 1 0
E 2948 5 -19 -59
T 2949 5 0 6 0
E 2949 0 4 14
E 2949 1 4 14
E 2949 2 4 14
E 2949 3 4 14
E 2949 4 4 14
E 2949 5 -11 -34
T 2950 22 0 1 0
E 2950 5 -12 -38
T 2951 2 0 6 0
E 2951 0 5 17
E 2951 1 5 17
E 2951 2 5 17
E 2951 3 5 17
E 2951 4 5 17
E 2951 5 -10 -31
T 2952 21 0 1 0
E 2952 5 -13 -40
T 2953 5 0 6 0
E 2953 0 7 22
E 2953 1 7 22
E 2953 2 7 22
E 2953 3 7 22
E 2953 4 7 22
E 2953 5 -8 -26
T 2954 10 0 1 0
E 2954 5 -19 -57
T 2955 20 0 1 0
E 2955 5 -14 -42
T 2956 5 0 6 0
E 2956 0 7 22
E 2956 1 7 22
E 2956 2 7 22
E 2956 3 7 22
E 2956 4 7 22
E 2956 5 -8 -26
T 2957 16 0 1 0
E 2957 5 -16 -48
T 2958 5 0 6 0
E 2958 0 7 21
E 2958 1 7 21
E 2958 2 7 21
E 2958 3 7 21
E 2958 4 7 21
E 2958 5 -9 -27
T 2959 16 0 1 0
E 2959 5 -15 -47
T 2960 5 0 6 0
E 2960 0 4 14
E 2960 1 4 14
E 2960 2 4 14
E 2960 3 4 14
E 2960 4 4 14
E 2960 5 -11 -34
T 2961 21 0 1 0
E 2961 5 -13 -40
T 2962 2 0 6 0
E 2962 0 6 19
E 2962 1 6 19
E 2962 2 6 19
E 2962 3 6 19
E 2962 4 6 19
E 2962 5 -9 -29
T 2963 11 0 1 0
E 2963 5 -18 -55
T 2964 2 0 6 0
E 2964 0 5 17
E 2964 1 5 17
E 2964 2 5 17
E 2964 3 5 17
E 2964 4 5 17
E 2964 5 -10 -31
T 2965 15 0 1 0
E 2965 5 -16 -49
T 2966 1 0 6 0
E 2966 0 5 16
E 2966 1 5 16
E 2966 2 5 16
E 2966 3 5 16
E 2966 4 5 16
E 2966 5 -10 -32
T 2967 16 0 1 0
E 2967 5 -16 -48
T 2968 1 0 6 0
E 2968 0 5 15
E 2968 1 5 15
E 2968 2 5 15
E 2968 3 5 15
E 2968 4 5 15
E 2968 5 -11 -33
T 2969 16 0 1 0
E 2969 5 -16 -48
T 2970 1 0 6 0
E 2970 0 5 16
E 2970 1 5 16
E 2970 2 5 16
E 2970 3 5 16
E 2970 4 5 16
E 2970 5 -10 -32
T 2971 21 0 1 0
E 2971 5 -13 -40
T 2972 11 0 6 0
E 2972 0 9 27
E 2972 1 9 27
E 2972 2 9 27
E 2972 3 9 27
E 2972 4 9 27
E 2972 5 -7 -21
T 2973 26 0 6 0
E 2973 0 -4 -14
E 2973 1 -4 -14
E 2973 2 -4 -14
E 2973 3 -4 -14
E 2973 4 -4 -14
E 2973 5 -20 -62
T 2974 8 0 6 0
E 2974 0 8 24
E 2974 1 8 24
E 2974 2 8 24
E 2974 3 8 24
E 2974 4 8 24
E 2974 5 -8 -24
T 2975 8 0 1 0
E 2975 5 -20 -60
T 2976 20 0 1 0
E 2976 5 -13 -41
T 2977 6 0 6 0
E 2977 0 7 22
E 2977 1 7 22
E 2977 2 7 22
E 2977 3 7 22
E 2977 4 7 22
E 2977 5 -7 -23
T 2978 11 0 1 0
E 2978 5 -16 -48
T 2979 18 0 1 0
E 2979 5 -11 -33
T 2980 3 0 6 0
E 2980 0 5 15
E 2980 1 5 15
E 2980 2 5 15
E 2980 3 5 15
E 2980 4 5 15
E 2980 5 -7 -22
T 2981 8 0 1 0
E 2981 5 -13 -40
T 2982 14 0 1 0
E 2982 5 -9 -27
T 2983 11 0 5 0
E 2983 0 6 19
E 2983 1 6 19
E 2983 2 6 19
E 2983 3 6 19
E 2983 4 6 19
T 2984 23 0 6 0
E 2984 0 -5 -16
E 2984 1 -5 -16
E 2984 2 -5 -16
E 2984 3 -5 -16
E 2984 4 -5 -16
E 2984 5 -14 -43
T 2985 11 0 5 0
E 2985 0 6 19
E 2985 1 6 19
E 2985 2 6 19
E 2985 3 6 19
E 2985 4 6 19
T 2986 22 0 6 0
E 2986 0 -5 -15
E 2986 1 -5 -15
E 2986 2 -5 -15
E 2986 3 -5 -15
E 2986 4 -5 -15
E 2986 5 -12 -37
T 2987 12 0 5 0
E 2987 0 7 23
E 2987 1 7 23
E 2987 2 7 23
E 2987 3 7 23
E 2987 4 7 23
T 2988 16 0 6 0
E 2988 0 -4 -14
E 2988 1 -4 -14
E 2988 2 -4 -14
E 2988 3 -4 -14
E 2988 4 -4 -14
E 2988 5 -10 -31
T 2989 14 0 5 0
E 2989 0 7 21
E 2989 1 7 21
E 2989 2 7 21
E 2989 3 7 21
E 2989 4 7 21
T 2990 3 0 1 0
E 2990 5 -6 -20
T 2991 3 0 1 0
E 2991 5 -5 -17
T 2992 3 0 0 0
T 2993 2 0 0 0
T 2994 1 0 0 0
T 2995 8 0 0 0
T 2996 10 0 0 0
T 2997 11 0 0 0
T 2998 9 0 0 0
T 2999 10 0 5 0
E 2999 0 -5 -15
E 2999 1 -5 -15
E 2999 2 -5 -15
E 2999 3 -5 -15
E 2999 4 -5 -15
T 3000 20 0 6 0
E 3000 0 5 15
E 3000 1 5 15
E 3000 2 5 15
E 3000 3 5 15
E 3000 4 5 15
E 3000 5 10 30
T 3001 10 0 5 0
E 3001 0 -6 -20
E 3001 1 -6 -20
E 3001 2 -6 -20
E 3001 3 -6 -20
E 3001 4 -6 -20
T 3002 21 0 6 0
E 3002 0 5 15
E 3002 1 5 15
E 3002 2 5 15
E 3002 3 5 15
E 3002 4 5 15
E 3002 5 11 35
T 3003 12 0 5 0
E 3003 0 -6 -18
E 3003 1 -6 -18
E 3003 2 -6 -18
E 3003 3 -6 -18
E 3003 4 -6 -18
T 3004 23 0 6 0
E 3004 0 5 15
E 3004 1 5 15
E 3004 2 5 15
E 3004 3 5 15
E 3004 4 5 15
E 3004 5 13 40
T 3005 16 0 5 0
E 3005 0 -8 -24
E 3005 1 -8 -24
E 3005 2 -8 -24
E 3005 3 -8 -24
E 3005 4 -8 -24
T 3006 31 0 6 0
E 3006 0 7 21
E 3006 1 7 21
E 3006 2 7 21
E 3006 3 7 21
E 3006 4 7 21
E 3006 5 17 51
T 3007 22 0 5 0
E 3007 0 -12 -38
E 3007 1 -12 -38
E 3007 2 -12 -38
E 3007 3 -12 -38
E 3007 4 -12 -38
T 3008 30 0 6 0
E 3008 0 7 22
E 3008 1 7 22
E 3008 2 7 22
E 3008 3 7 22
E 3008 4 7 22
E 3008 5 17 52
T 3009 22 0 5 0
E 3009 0 -11 -33
E 3009 1 -11 -33
E 3009 2 -11 -33
E 3009 3 -11 -33
E 3009 4 -11 -33
T 3010 24 0 6 0
E 3010 0 5 16
E 3010 1 5 16
E 3010 2 5 16
E 3010 3 5 16
E 3010 4 5 16
E 3010 5 15 46
T 3011 14 0 5 0
E 3011 0 -8 -26
E 3011 1 -8 -26
E 3011 2 -8 -26
E 3011 3 -8 -26
E 3011 4 -8 -26
T 3012 24 0 6 0
E 3012 0 5 16
E 3012 1 5 16
E 3012 2 5 16
E 3012 3 5 16
E 3012 4 5 16
E 3012 5 15 46
T 3013 11 0 5 0
E 3013 0 -6 -19
E 3013 1 -6 -19
E 3013 2 -6 -19
E 3013 3 -6 -19
E 3013 4 -6 -19
T 3014 3 0 1 0
E 3014 5 13 40
T 3015 10 0 1 0
E 3015 5 10 30
T 3016 14 0 1 0
E 3016 5 8 24
T 3017 17 0 1 0
E 3017 5 6 19
T 3018 2 0 6 0
E 3018 0 -4 -13
E 3018 1 -4 -13
E 3018 2 -4 -13
E 3018 3 -4 -13
E 3018 4 -4 -13
E 3018 5 5 17
T 3019 5 0 1 0
E 3019 5 12 37
T 3020 16 0 1 0
E 3020 5 7 21
T 3021 17 0 1 0
E 3021 5 6 19
T 3022 12 0 5 0
E 3022 0 -6 -18
E 3022 1 -6 -18
E 3022 2 -6 -18
E 3022 3 -6 -18
E 3022 4 -6 -18
T 3023 2 0 1 0
E 3023 5 14 42
T 3024 13 0 1 0
E 3024 5 8 25
T 3025 18 0 1 0
E 3025 5 6 18
T 3026 14 0 5 0
E 3026 0 -8 -26
E 3026 1 -8 -26
E 3026 2 -8 -26
E 3026 3 -8 -26
E 3026 4 -8 -26
T 3027 28 0 6 0
E 3027 0 6 18
E 3027 1 6 18
E 3027 2 6 18
E 3027 3 6 18
E 3027 4 6 18
E 3027 5 16 49
T 3028 16 0 5 0
E 3028 0 -9 -29
E 3028 1 -9 -29
E 3028 2 -9 -29
E 3028 3 -9 -29
E 3028 4 -9 -29
T 3029 26 0 6 0
E 3029 0 5 15
E 3029 1 5 15
E 3029 2 5 15
E 3029 3 5 15
E 3029 4 5 15
E 3029 5 16 48
T 3030 16 0 5 0
E 3030 0 -8 -24
E 3030 1 -8 -24
E 3030 2 -8 -24
E 3030 3 -8 -24
E 3030 4 -8 -24
T 3031 6 0 1 0
E 3031 5 14 42
T 3032 18 0 1 0
E 3032 5 8 24
T 3033 9 0 6 0
E 3033 0 -7 -22
E 3033 1 -7 -22
E 3033 2 -7 -22
E 3033 3 -7 -22
E 3033 4 -7 -22
E 3033 5 4 13
T 3034 6 0 1 0
E 3034 5 14 44
T 3035 18 0 1 0
E 3035 5 9 27
T 3036 8 0 6 0
E 3036 0 -7 -23
E 3036 1 -7 -23
E 3036 2 -7 -23
E 3036 3 -7 -23
E 3036 4 -7 -23
E 3036 5 4 14
T 3037 5 0 1 0
E 3037 5 15 47
T 3038 16 0 1 0
E 3038 5 11 33
T 3039 5 0 6 0
E 3039 0 -6 -18
E 3039 1 -6 -18
E 3039 2 -6 -18
E 3039 3 -6 -18
E 3039 4 -6 -18
E 3039 5 7 21
T 3040 12 0 1 0
E 3040 5 13 40
T 3041 19 0 1 0
E 3041 5 10 31
T 3042 2 0 6 0
E 3042 0 -5 -15
E 3042 1 -5 -15
E 3042 2 -5 -15
E 3042 3 -5 -15
E 3042 4 -5 -15
E 3042 5 8 25
T 3043 13 0 1 0
E 3043 5 14 42
T 3044 7 0 6 0
E 3044 0 -7 -21
E 3044 1 -7 -21
E 3044 2 -7 -21
E 3044 3 -7 -21
E 3044 4 -7 -21
E 3044 5 7 21
T 3045 13 0 1 0
E 3045 5 14 43
T 3046 3 0 6 0
E 3046 0 -6 -20
E 3046 1 -6 -20
E 3046 2 -6 -20
E 3046 3 -6 -20
E 3046 4 -6 -20
E 3046 5 7 23
T 3047 11 0 1 0
E 3047 5 16 48
T 3048 19 0 1 0
E 3048 5 12 37
T 3049 2 0 6 0
E 3049 0 -6 -20
E 3049 1 -6 -20
E 3049 2 -6 -20
E 3049 3 -6 -20
E 3049 4 -6 -20
E 3049 5 8 25
T 3050 18 0 1 0
E 3050 5 13 40
T 3051 2 0 6 0
E 3051 0 -6 -20
E 3051 1 -6 -20
E 3051 2 -6 -20
E 3051 3 -6 -20
E 3051 4 -6 -20
E 3051 5 8 26
T 3052 14 0 1 0
E 3052 5 15 47
T 3053 23 0 1 0
E 3053 5 11 35
T 3054 11 0 6 0
E 3054 0 -9 -28
E 3054 1 -9 -28
E 3054 2 -9 -28
E 3054 3 -9 -28
E 3054 4 -9 -28
E 3054 5 6 20
T 3055 12 0 1 0
E 3055 5 18 54
T 3056 1 0 6 0
E 3056 0 -5 -15
E 3056 1 -5 -15
E 3056 2 -5 -15
E 3056 3 -5 -15
E 3056 4 -5 -15
E 3056 5 11 33
T 3057 13 0 1 0
E 3057 5 17 52
T 3058 5 0 6 0
E 3058 0 -7 -21
E 3058 1 -7 -21
E 3058 2 -7 -21
E 3058 3 -7 -21
E 3058 4 -7 -21
E 3058 5 9 27
T 3059 10 0 1 0
E 3059 5 18 56
T 3060 1 0 6 0
E 3060 0 -5 -16
E 3060 1 -5 -16
E 3060 2 -5 -16
E 3060 3 -5 -16
E 3060 4 -5 -16
E 3060 5 10 32
T 3061 21 0 1 0
E 3061 5 13 40
T 3062 2 0 6 0
E 3062 0 -6 -19
E 3062 1 -6 -19
E 3062 2 -6 -19
E 3062 3 -6 -19
E 3062 4 -6 -19
E 3062 5 9 29
T 3063 19 0 1 0
E 3063 5 14 43
T 3064 2 0 6 0
E 3064 0 -6 -18
E 3064 1 -6 -18
E 3064 2 -6 -18
E 3064 3 -6 -18
E 3064 4 -6 -18
E 3064 5 10 30
T 3065 16 0 1 0
E 3065 5 16 48
T 3066 5 0 6 0
E 3066 0 -4 -14
E 3066 1 -4 -14
E 3066 2 -4 -14
E 3066 3 -4 -14
E 3066 4 -4 -14
E 3066 5 11 34
T 3067 16 0 1 0
E 3067 5 16 48
T 3068 5 0 6 0
E 3068 0 -7 -21
E 3068 1 -7 -21
E 3068 2 -7 -21
E 3068 3 -7 -21
E 3068 4 -7 -21
E 3068 5 9 27
T 3069 14 0 1 0
E 3069 5 16 50
T 3070 22 0 1 0
E 3070 5 12 38
T 3071 2 0 6 0
E 3071 0 -6 -18
E 3071 1 -6 -18
E 3071 2 -6 -18
E 3071 3 -6 -18
E 3071 4 -6 -18
E 3071 5 10 30
T 3072 17 0 1 0
E 3072 5 15 46
T 3073 4 0 6 0
E 3073 0 -7 -23
E 3073 1 -7 -23
E 3073 2 -7 -23
E 3073 3 -7 -23
E 3073 4 -7 -23
E 3073 5 8 25
T 3074 14 0 1 0
E 3074 5 17 51
T 3075 4 0 6 0
E 3075 0 -4 -13
E 3075 1 -4 -13
E 3075 2 -4 -13
E 3075 3 -4 -13
E 3075 4 -4 -13
E 3075 5 11 35
T 3076 24 0 1 0
E 3076 5 12 36
T 3077 5 0 6 0
E 3077 0 -7 -22
E 3077 1 -7 -22
E 3077 2 -7 -22
E 3077 3 -7 -22
E 3077 4 -7 -22
E 3077 5 8 26
T 3078 14 0 1 0
E 3078 5 16 50
T 3079 2 0 6 0
E 3079 0 -6 -18
E 3079 1 -6 -18
E 3079 2 -6 -18
E 3079 3 -6 -18
E 3079 4 -6 -18
E 3079 5 10 30
T 3080 11 0 1 0
E 3080 5 18 55
T 3081 5 0 6 0
E 3081 0 -4 -14
E 3081 1 -4 -14
E 3081 2 -4 -14
E 3081 3 -4 -14
E 3081 4 -4 -14
E 3081 5 11 34
T 3082 20 0 1 0
E 3082 5 14 42
T 3083 8 0 6 0
E 3083 0 -8 -24
E 3083 1 -8 -24
E 3083 2 -8 -24
E 3083 3 -8 -24
E 3083 4 -8 -24
E 3083 5 8 24
T 3084 11 0 1 0
E 3084 5 18 55
T 3085 22 0 1 0
E 3085 5 13 39
T 3086 10 0 6 0
E 3086 0 -9 -29
E 3086 1 -9 -29
E 3086 2 -9 -29
E 3086 3 -9 -29
E 3086 4 -9 -29
E 3086 5 6 19
T 3087 8 0 1 0
E 3087 5 19 59
T 3088 1 0 6 0
E 3088 0 -5 -15
E 3088 1 -5 -15
E 3088 2 -5 -15
E 3088 3 -5 -15
E 3088 4 -5 -15
E 3088 5 11 33
T 3089 22 0 1 0
E 3089 5 13 39
T 3090 4 0 6 0
E 3090 0 -7 -23
E 3090 1 -7 -23
E 3090 2 -7 -23
E 3090 3 -7 -23
E 3090 4 -7 -23
E 3090 5 8 25
T 3091 14 0 1 0
E 3091 5 17 51
T 3092 1 0 6 0
E 3092 0 -5 -16
E 3092 1 -5 -16
E 3092 2 -5 -16
E 3092 3 -5 -16
E 3092 4 -5 -16
E 3092 5 10 32
T 3093 20 0 1 0
E 3093 5 13 41
T 3094 1 0 6 0
E 3094 0 -6 -20
E 3094 1 -6 -20
E 3094 2 -6 -20
E 3094 3 -6 -20
E 3094 4 -6 -20
E 3094 5 9 28
T 3095 14 0 1 0
E 3095 5 16 50
T 3096 2 0 6 0
E 3096 0 -6 -19
E 3096 1 -6 -19
E 3096 2 -6 -19
E 3096 3 -6 -19
E 3096 4 -6 -19
E 3096 5 9 29
T 3097 15 0 1 0
E 3097 5 16 49
T 3098 24 0 1 0
E 3098 5 12 36
T 3099 4 0 6 0
E 3099 0 -7 -23
E 3099 1 -7 -23
E 3099 2 -7 -23
E 3099 3 -7 -23
E 3099 4 -7 -23
E 3099 5 8 25
T 3100 17 0 1 0
E 3100 5 15 46
T 3101 2 0 6 0
E 3101 0 -6 -19
E 3101 1 -6 -19
E 3101 2 -6 -19
E 3101 3 -6 -19
E 3101 4 -6 -19
E 3101 5 9 29
T 3102 13 0 1 0
E 3102 5 17 52
T 3103 1 0 6 0
E 3103 0 -5 -15
E 3103 1 -5 -15
E 3103 2 -5 -15
E 3103 3 -5 -15
E 3103 4 -5 -15
E 3103 5 11 33
T 3104 17 0 1 0
E 3104 5 15 46
T 3105 2 0 6 0
E 3105 0 -6 -18
E 3105 1 -6 -18
E 3105 2 -6 -18
E 3105 3 -6 -18
E 3105 4 -6 -18
E 3105 5 10 30
T 3106 15 0 1 0
E 3106 5 16 49
T 3107 1 0 6 0
E 3107 0 -5 -15
E 3107 1 -5 -15
E 3107 2 -5 -15
E 3107 3 -5 -15
E 3107 4 -5 -15
E 3107 5 11 33
T 3108 17 0 1 0
E 3108 5 15 46
T 3109 5 0 6 0
E 3109 0 -7 -22
E 3109 1 -7 -22
E 3109 2 -7 -22
E 3109 3 -7 -22
E 3109 4 -7 -22
E 3109 5 8 26
T 3110 12 0 1 0
E 3110 5 18 54
T 3111 5 0 6 0
E 3111 0 -4 -14
E 3111 1 -4 -14
E 3111 2 -4 -14
E 3111 3 -4 -14
E 3111 4 -4 -14
E 3111 5 11 34
T 3112 24 0 1 0
E 3112 5 12 36
T 3113 10 0 6 0
E 3113 0 -9 -29
E 3113 1 -9 -29
E 3113 2 -9 -29
E 3113 3 -9 -29
E 3113 4 -9 -29
E 3113 5 6 19
T 3114 11 0 1 0
E 3114 5 18 55
T 3115 22 0 1 0
E 3115 5 13 39
T 3116 10 0 6 0
E 3116 0 -9 -29
E 3116 1 -9 -29
E 3116 2 -9 -29
E 3116 3 -9 -29
E 3116 4 -9 -29
E 3116 5 6 19
T 3117 10 0 1 0
E 3117 5 18 56
T 3118 1 0 6 0
E 3118 0 -5 -16
E 3118 1 -5 -16
E 3118 2 -5 -16
E 3118 3 -5 -16
E 3118 4 -5 -16
E 3118 5 10 32
T 3119 14 0 1 0
E 3119 5 16 50
T 3120 34 0 6 0
E 3120 0 12 38
E 3120 1 12 38
E 3120 2 12 38
E 3120 3 12 38
E 3120 4 12 38
E 3120 5 12 38
T 3121 27 0 6 0
E 3121 0 -9 -28
E 3121 1 -9 -28
E 3121 2 -9 -28
E 3121 3 -9 -28
E 3121 4 -9 -28
E 3121 5 -10 -31
T 3122 23 0 6 0
E 3122 0 9 29
E 3122 1 9 29
E 3122 2 9 29
E 3122 3 9 29
E 3122 4 9 29
E 3122 5 7 23
T 3123 30 0 6 0
E 3123 0 -9 -27
E 3123 1 -9 -27
E 3123 2 -9 -27
E 3123 3 -9 -27
E 3123 4 -9 -27
E 3123 5 -12 -36
T 3124 21 0 6 0
E 3124 0 9 29
E 3124 1 9 29
E 3124 2 9 29
E 3124 3 9 29
E 3124 4 9 29
E 3124 5 5 16
T 3125 22 0 6 0
E 3125 0 -6 -19
E 3125 1 -6 -19
E 3125 2 -6 -19
E 3125 3 -6 -19
E 3125 4 -6 -19
E 3125 5 -11 -35
T 3126 17 0 5 0
E 3126 0 9 28
E 3126 1 9 28
E 3126 2 9 28
E 3126 3 9 28
E 3126 4 9 28
T 3127 1 0 1 0
E 3127 5 -11 -34
T 3128 5 0 1 0
E 3128 5 -10 -30
T 3129 13 0 1 0
E 3129 5 -8 -24
T 3130 8 0 6 0
E 3130 0 6 18
E 3130 1 6 18
E 3130 2 6 18
E 3130 3 6 18
E 3130 4 6 18
E 3130 5 -4 -14
T 3131 9 0 1 0
E 3131 5 -13 -39
T 3132 1 0 6 0
E 3132 0 5 17
E 3132 1 5 17
E 3132 2 5 17
E 3132 3 5 17
E 3132 4 5 17
E 3132 5 -7 -21
T 3133 10 0 1 0
E 3133 5 -15 -46
T 3134 21 0 1 0
E 3134 5 -12 -36
T 3135 5 0 6 0
E 3135 0 7 21
E 3135 1 7 21
E 3135 2 7 21
E 3135 3 7 21
E 3135 4 7 21
E 3135 5 -9 -27
T 3136 12 0 1 0
E 3136 5 -19 -58
T 3137 0 0 6 0
E 3137 0 6 18
E 3137 1 6 18
E 3137 2 6 18
E 3137 3 6 18
E 3137 4 6 18
E 3137 5 -12 -36
T 3138 19 0 1 0
E 3138 5 -18 -56
T 3139 3 0 6 0
E 3139 0 8 25
E 3139 1 8 25
E 3139 2 8 25
E 3139 3 8 25
E 3139 4 8 25
E 3139 5 -12 -36
T 3140 22 0 1 0
E 3140 5 -21 -63
T 3141 8 0 6 0
E 3141 0 5 17
E 3141 1 5 17
E 3141 2 5 17
E 3141 3 5 17
E 3141 4 5 17
E 3141 5 -16 -50
T 3142 27 0 1 0
E 3142 5 -21 -64
T 3143 2 0 6 0
E 3143 0 9 28
E 3143 1 9 28
E 3143 2 9 28
E 3143 3 9 28
E 3143 4 9 28
E 3143 5 -15 -45
T 3144 29 0 1 0
E 3144 5 -23 -71
T 3145 10 0 6 0
E 3145 0 12 36
E 3145 1 12 36
E 3145 2 12 36
E 3145 3 12 36
E 3145 4 12 36
E 3145 5 -14 -44
T 3146 42 0 6 0
E 3146 0 -5 -15
E 3146 1 -5 -15
E 3146 2 -5 -15
E 3146 3 -5 -15
E 3146 4 -5 -15
E 3146 5 -32 -98
T 3147 9 0 6 0
E 3147 0 13 41
E 3147 1 13 41
E 3147 2 13 41
E 3147 3 13 41
E 3147 4 13 41
E 3147 5 -15 -45
T 3148 24 0 1 0
E 3148 5 -32 -97
T 3149 1 0 6 0
E 3149 0 10 31
E 3149 1 10 31
E 3149 2 10 31
E 3149 3 10 31
E 3149 4 10 31
E 3149 5 -20 -62
T 3150 16 0 1 0
E 3150 5 -15 -47
T 3151 5 0 6 0
E 3151 0 7 22
E 3151 1 7 22
E 3151 2 7 22
E 3151 3 7 22
E 3151 4 7 22
E 3151 5 -8 -26
T 3152 15 0 1 0
E 3152 5 -16 -49
T 3153 23 0 1 0
E 3153 5 -12 -37
T 3154 5 0 6 0
E 3154 0 7 21
E 3154 1 7 21
E 3154 2 7 21
E 3154 3 7 21
E 3154 4 7 21
E 3154 5 -9 -27
T 3155 17 0 1 0
E 3155 5 -15 -46
T 3156 1 0 6 0
E 3156 0 5 15
E 3156 1 5 15
E 3156 2 5 15
E 3156 3 5 15
E 3156 4 5 15
E 3156 5 -11 -33
T 3157 18 0 1 0
E 3157 5 -14 -44
T 3158 8 0 6 0
E 3158 0 8 25
E 3158 1 8 25
E 3158 2 8 25
E 3158 3 8 25
E 3158 4 8 25
E 3158 5 -7 -23
T 3159 10 0 1 0
E 3159 5 -18 -56
T 3160 22 0 1 0
E 3160 5 -13 -39
T 3161 10 0 6 0
E 3161 0 9 29
E 3161 1 9 29
E 3161 2 9 29
E 3161 3 9 29
E 3161 4 9 29
E 3161 5 -6 -19
T 3162 26 0 6 0
E 3162 0 -4 -14
E 3162 1 -4 -14
E 3162 2 -4 -14
E 3162 3 -4 -14
E 3162 4 -4 -14
E 3162 5 -20 -62
T 3163 11 0 6 0
E 3163 0 9 28
E 3163 1 9 28
E 3163 2 9 28
E 3163 3 9 28
E 3163 4 9 28
E 3163 5 -6 -20
T 3164 8 0 1 0
E 3164 5 -19 -59
T 3165 20 0 1 0
E 3165 5 -13 -41
T 3166 5 0 6 0
E 3166 0 7 22
E 3166 1 7 22
E 3166 2 7 22
E 3166 3 7 22
E 3166 4 7 22
E 3166 5 -8 -26
T 3167 16 0 1 0
E 3167 5 -15 -47
T 3168 2 0 6 0
E 3168 0 6 18
E 3168 1 6 18
E 3168 2 6 18
E 3168 3 6 18
E 3168 4 6 18
E 3168 5 -10 -30
T 3169 12 0 1 0
E 3169 5 -17 -53
T 3170 21 0 1 0
E 3170 5 -13 -40
T 3171 2 0 6 0
E 3171 0 5 17
E 3171 1 5 17
E 3171 2 5 17
E 3171 3 5 17
E 3171 4 5 17
E 3171 5 -10 -31
T 3172 18 0 1 0
E 3172 5 -14 -44
T 3173 5 0 6 0
E 3173 0 4 14
E 3173 1 4 14
E 3173 2 4 14
E 3173 3 4 14
E 3173 4 4 14
E 3173 5 -11 -34
T 3174 20 0 1 0
E 3174 5 -14 -42
T 3175 4 0 6 0
E 3175 0 7 23
E 3175 1 7 23
E 3175 2 7 23
E 3175 3 7 23
E 3175 4 7 23
E 3175 5 -8 -25
T 3176 18 0 1 0
E 3176 5 -15 -45
T 3177 8 0 6 0
E 3177 0 8 24
E 3177 1 8 24
E 3177 2 8 24
E 3177 3 8 24
E 3177 4 8 24
E 3177 5 -8 -24
T 3178 10 0 1 0
E 3178 5 -19 -57
T 3179 2 0 6 0
E 3179 0 5 17
E 3179 1 5 17
E 3179 2 5 17
E 3179 3 5 17
E 3179 4 5 17
E 3179 5 -10 -31
T 3180 19 0 1 0
E 3180 5 -14 -43
T 3181 1 0 6 0
E 3181 0 5 15
E 3181 1 5 15
E 3181 2 5 15
E 3181 3 5 15
E 3181 4 5 15
E 3181 5 -11 -33
T 3182 14 0 1 0
E 3182 5 -17 -51
T 3183 22 0 1 0
E 3183 5 -12 -38
T 3184 5 0 6 0
E 3184 0 7 21
E 3184 1 7 21
E 3184 2 7 21
E 3184 3 7 21
E 3184 4 7 21
E 3184 5 -9 -27
T 3185 12 0 1 0
E 3185 5 -17 -53
T 3186 2 0 6 0
E 3186 0 5 17
E 3186 1 5 17
E 3186 2 5 17
E 3186 3 5 17
E 3186 4 5 17
E 3186 5 -10 -31
T 3187 15 0 1 0
E 3187 5 -16 -49
T 3188 4 0 6 0
E 3188 0 4 13
E 3188 1 4 13
E 3188 2 4 13
E 3188 3 4 13
E 3188 4 4 13
E 3188 5 -11 -35
T 3189 19 0 1 0
E 3189 5 -14 -43
T 3190 11 0 6 0
E 3190 0 9 27
E 3190 1 9 27
E 3190 2 9 27
E 3190 3 9 27
E 3190 4 9 27
E 3190 5 -7 -21
T 3191 13 0 1 0
E 3191 5 -17 -52
T 3192 4 0 6 0
E 3192 0 4 13
E 3192 1 4 13
E 3192 2 4 13
E 3192 3 4 13
E 3192 4 4 13
E 3192 5 -11 -35
T 3193 21 0 1 0
E 3193 5 -13 -40
T 3194 2 0 6 0
E 3194 0 6 18
E 3194 1 6 18
E 3194 2 6 18
E 3194 3 6 18
E 3194 4 6 18
E 3194 5 -10 -30
T 3195 18 0 1 0
E 3195 5 -15 -45
T 3196 2 0 6 0
E 3196 0 6 19
E 3196 1 6 19
E 3196 2 6 19
E 3196 3 6 19
E 3196 4 6 19
E 3196 5 -9 -29
T 3197 12 0 1 0
E 3197 5 -17 -53
T 3198 2 0 6 0
E 3198 0 6 18
E 3198 1 6 18
E 3198 2 6 18
E 3198 3 6 18
E 3198 4 6 18
E 3198 5 -10 -30
T 3199 12 0 1 0
E 3199 5 -17 -53
T 3200 5 0 6 0
E 3200 0 4 14
E 3200 1 4 14
E 3200 2 4 14
E 3200 3 4 14
E 3200 4 4 14
E 3200 5 -11 -34
T 3201 17 0 1 0
E 3201 5 -15 -46
T 3202 5 0 6 0
E 3202 0 4 14
E 3202 1 4 14
E 3202 2 4 14
E 3202 3 4 14
E 3202 4 4 14
E 3202 5 -11 -34
T 3203 21 0 1 0
E 3203 5 -13 -40
T 3204 7 0 6 0
E 3204 0 8 26
E 3204 1 8 26
E 3204 2 8 26
E 3204 3 8 26
E 3204 4 8 26
E 3204 5 -7 -22
T 3205 16 0 1 0
E 3205 5 -16 -48
T 3206 2 0 6 0
E 3206 0 6 18
E 3206 1 6 18
E 3206 2 6 18
E 3206 3 6 18
E 3206 4 6 18
E 3206 5 -10 -30
T 3207 19 0 1 0
E 3207 5 -14 -43
T 3208 8 0 6 0
E 3208 0 8 25
E 3208 1 8 25
E 3208 2 8 25
E 3208 3 8 25
E 3208 4 8 25
E 3208 5 -7 -23
T 3209 8 0 1 0
E 3209 5 -19 -59
T 3210 4 0 6 0
E 3210 0 4 13
E 3210 1 4 13
E 3210 2 4 13
E 3210 3 4 13
E 3210 4 4 13
E 3210 5 -11 -35
T 3211 22 0 1 0
E 3211 5 -12 -38
T 3212 14 0 6 0
E 3212 0 10 30
E 3212 1 10 30
E 3212 2 10 30
E 3212 3 10 30
E 3212 4 10 30
E 3212 5 -6 -18
T 3213 10 0 1 0
E 3213 5 -18 -56
T 3214 22 0 1 0
E 3214 5 -13 -39
T 3215 5 0 6 0
E 3215 0 7 21
E 3215 1 7 21
E 3215 2 7 21
E 3215 3 7 21
E 3215 4 7 21
E 3215 5 -9 -27
T 3216 9 0 1 0
E 3216 5 -19 -58
T 3217 18 0 1 0
E 3217 5 -13 -40
T 3218 0 0 6 0
E 3218 0 5 17
E 3218 1 5 17
E 3218 2 5 17
E 3218 3 5 17
E 3218 4 5 17
E 3218 5 -8 -26
T 3219 10 0 1 0
E 3219 5 -15 -45
T 3220 15 0 1 0
E 3220 5 -11 -33
T 3221 1 0 6 0
E 3221 0 4 14
E 3221 1 4 14
E 3221 2 4 14
E 3221 3 4 14
E 3221 4 4 14
E 3221 5 -7 -21
T 3222 12 0 1 0
E 3222 5 -9 -29
T 3223 4 0 6 0
E 3223 0 5 17
E 3223 1 5 17
E 3223 2 5 17
E 3223 3 5 17
E 3223 4 5 17
E 3223 5 -4 -13
T 3224 6 0 1 0
E 3224 5 -10 -31
T 3225 12 0 1 0
E 3225 5 -6 -18
T 3226 12 0 1 0
E 3226 5 -4 -14
T 3227 8 0 5 0
E 3227 0 5 17
E 3227 1 5 17
E 3227 2 5 17
E 3227 3 5 17
E 3227 4 5 17
T 3228 17 0 6 0
E 3228 0 -4 -13
E 3228 1 -4 -13
E 3228 2 -4 -13
E 3228 3 -4 -13
E 3228 4 -4 -13
E 3228 5 -10 -30
T 3229 11 0 5 0
E 3229 0 6 19
E 3229 1 6 19
E 3229 2 6 19
E 3229 3 6 19
E 3229 4 6 19
T 3230 15 0 6 0
E 3230 0 -4 -13
E 3230 1 -4 -13
E 3230 2 -4 -13
E 3230 3 -4 -13
E 3230 4 -4 -13
E 3230 5 -8 -24
T 3231 9 0 0 0
T 3232 8 0 0 0
T 3233 5 0 0 0
T 3234 1 0 0 0
T 3235 1 0 0 0
T 3236 2 0 0 0
T 3237 2 0 0 0
T 3238 1 0 0 0
T 3239 2 0 0 0
T 3240 9 0 0 0
T 3241 7 0 5 0
E 3241 0 -4 -13
E 3241 1 -4 -13
E 3241 2 -4 -13
E 3241 3 -4 -13
E 3241 4 -4 -13
T 3242 2 0 1 0
E 3242 5 8 26
T 3243 8 0 1 0
E 3243 5 6 20
T 3244 16 0 1 0
E 3244 5 4 13
T 3245 2 0 6 0
E 3245 0 -4 -13
E 3245 1 -4 -13
E 3245 2 -4 -13
E 3245 3 -4 -13
E 3245 4 -4 -13
E 3245 5 5 15
T 3246 12 0 1 0
E 3246 5 9 27
T 3247 17 0 1 0
E 3247 5 6 19
T 3248 11 0 5 0
E 3248 0 -6 -19
E 3248 1 -6 -19
E 3248 2 -6 -19
E 3248 3 -6 -19
E 3248 4 -6 -19
T 3249 2 0 1 0
E 3249 5 14 42
T 3250 10 0 1 0
E 3250 5 9 29
T 3251 4 0 6 0
E 3251 0 -5 -17
E 3251 1 -5 -17
E 3251 2 -5 -17
E 3251 3 -5 -17
E 3251 4 -5 -17
E 3251 5 4 13
T 3252 4 0 1 0
E 3252 5 12 38
T 3253 12 0 1 0
E 3253 5 8 26
T 3254 5 0 6 0
E 3254 0 -5 -15
E 3254 1 -5 -15
E 3254 2 -5 -15
E 3254 3 -5 -15
E 3254 4 -5 -15
E 3254 5 5 15
T 3255 3 0 1 0
E 3255 5 13 40
T 3256 12 0 1 0
E 3256 5 8 26
T 3257 2 0 6 0
E 3257 0 -4 -13
E 3257 1 -4 -13
E 3257 2 -4 -13
E 3257 3 -4 -13
E 3257 4 -4 -13
E 3257 5 5 17
T 3258 5 0 1 0
E 3258 5 12 37
T 3259 17 0 1 0
E 3259 5 6 19
T 3260 5 0 6 0
E 3260 0 -5 -15
E 3260 1 -5 -15
E 3260 2 -5 -15
E 3260 3 -5 -15
E 3260 4 -5 -15
E 3260 5 5 15
T 3261 5 0 1 0
E 3261 5 12 37
T 3262 14 0 1 0
E 3262 5 7 23
T 3263 1 0 6 0
E 3263 0 -4 -14
E 3263 1 -4 -14
E 3263 2 -4 -14
E 3263 3 -4 -14
E 3263 4 -4 -14
E 3263 5 5 16
T 3264 8 0 1 0
E 3264 5 10 32
T 3265 16 0 1 0
E 3265 5 6 20
T 3266 11 0 5 0
E 3266 0 -6 -19
E 3266 1 -6 -19
E 3266 2 -6 -19
E 3266 3 -6 -19
E 3266 4 -6 -19
T 3267 4 0 1 0
E 3267 5 13 40
T 3268 12 0 1 0
E 3268 5 9 29
T 3269 7 0 6 0
E 3269 0 -6 -18
E 3269 1 -6 -18
E 3269 2 -6 -18
E 3269 3 -6 -18
E 3269 4 -6 -18
E 3269 5 5 15
T 3270 7 0 1 0
E 3270 5 12 38
T 3271 18 0 1 0
E 3271 5 7 23
T 3272 6 0 6 0
E 3272 0 -6 -19
E 3272 1 -6 -19
E 3272 2 -6 -19
E 3272 3 -6 -19
E 3272 4 -6 -19
E 3272 5 5 15
T 3273 5 0 1 0
E 3273 5 15 45
T 3274 0 0 6 0
E 3274 0 -4 -13
E 3274 1 -4 -13
E 3274 2 -4 -13
E 3274 3 -4 -13
E 3274 4 -4 -13
E 3274 5 7 23
T 3275 16 0 1 0
E 3275 5 10 30
T 3276 1 0 6 0
E 3276 0 -4 -14
E 3276 1 -4 -14
E 3276 2 -4 -14
E 3276 3 -4 -14
E 3276 4 -4 -14
E 3276 5 7 23
T 3277 15 0 1 0
E 3277 5 10 32
T 3278 6 0 6 0
E 3278 0 -6 -18
E 3278 1 -6 -18
E 3278 2 -6 -18
E 3278 3 -6 -18
E 3278 4 -6 -18
E 3278 5 6 20
T 3279 10 0 1 0
E 3279 5 14 43
T 3280 16 0 1 0
E 3280 5 11 34
T 3281 21 0 1 0
E 3281 5 9 28
T 3282 4 0 6 0
E 3282 0 -6 -19
E 3282 1 -6 -19
E 3282 2 -6 -19
E 3282 3 -6 -19
E 3282 4 -6 -19
E 3282 5 7 21
T 3283 13 0 1 0
E 3283 5 14 42
T 3284 0 0 6 0
E 3284 0 -5 -17
E 3284 1 -5 -17
E 3284 2 -5 -17
E 3284 3 -5 -17
E 3284 4 -5 -17
E 3284 5 8 25
T 3285 12 0 1 0
E 3285 5 14 44
T 3286 21 0 1 0
E 3286 5 11 33
T 3287 3 0 6 0
E 3287 0 -6 -19
E 3287 1 -6 -19
E 3287 2 -6 -19
E 3287 3 -6 -19
E 3287 4 -6 -19
E 3287 5 8 24
T 3288 16 0 1 0
E 3288 5 14 42
T 3289 1 0 6 0
E 3289 0 -5 -17
E 3289 1 -5 -17
E 3289 2 -5 -17
E 3289 3 -5 -17
E 3289 4 -5 -17
E 3289 5 9 28
T 3290 19 0 1 0
E 3290 5 13 39
T 3291 5 0 6 0
E 3291 0 -7 -23
E 3291 1 -7 -23
E 3291 2 -7 -23
E 3291 3 -7 -23
E 3291 4 -7 -23
E 3291 5 7 23
T 3292 10 0 1 0
E 3292 5 18 54
T 3293 21 0 1 0
E 3293 5 13 39
T 3294 7 0 6 0
E 3294 0 -8 -26
E 3294 1 -8 -26
E 3294 2 -8 -26
E 3294 3 -8 -26
E 3294 4 -8 -26
E 3294 5 7 22
T 3295 16 0 1 0
E 3295 5 16 48
T 3296 2 0 6 0
E 3296 0 -6 -18
E 3296 1 -6 -18
E 3296 2 -6 -18
E 3296 3 -6 -18
E 3296 4 -6 -18
E 3296 5 10 30
T 3297 18 0 1 0
E 3297 5 15 45
T 3298 2 0 6 0
E 3298 0 -5 -17
E 3298 1 -5 -17
E 3298 2 -5 -17
E 3298 3 -5 -17
E 3298 4 -5 -17
E 3298 5 10 31
T 3299 21 0 1 0
E 3299 5 13 40
T 3300 11 0 6 0
E 3300 0 -9 -28
E 3300 1 -9 -28
E 3300 2 -9 -28
E 3300 3 -9 -28
E 3300 4 -9 -28
E 3300 5 6 20
T 3301 8 0 1 0
E 3301 5 20 60
T 3302 1 0 6 0
E 3302 0 -5 -15
E 3302 1 -5 -15
E 3302 2 -5 -15
E 3302 3 -5 -15
E 3302 4 -5 -15
E 3302 5 11 33
T 3303 15 0 1 0
E 3303 5 16 49
T 3304 4 0 6 0
E 3304 0 -4 -13
E 3304 1 -4 -13
E 3304 2 -4 -13
E 3304 3 -4 -13
E 3304 4 -4 -13
E 3304 5 11 35
T 3305 22 0 1 0
E 3305 5 12 38
T 3306 5 0 6 0
E 3306 0 -7 -22
E 3306 1 -7 -22
E 3306 2 -7 -22
E 3306 3 -7 -22
E 3306 4 -7 -22
E 3306 5 8 26
T 3307 14 0 1 0
E 3307 5 16 50
T 3308 22 0 1 0
E 3308 5 12 38
T 3309 5 0 6 0
E 3309 0 -7 -22
E 3309 1 -7 -22
E 3309 2 -7 -22
E 3309 3 -7 -22
E 3309 4 -7 -22
E 3309 5 8 26
T 3310 16 0 1 0
E 3310 5 15 47
T 3311 2 0 6 0
E 3311 0 -6 -18
E 3311 1 -6 -18
E 3311 2 -6 -18
E 3311 3 -6 -18
E 3311 4 -6 -18
E 3311 5 10 30
T 3312 14 0 1 0
E 3312 5 17 51
T 3313 1 0 6 0
E 3313 0 -5 -15
E 3313 1 -5 -15
E 3313 2 -5 -15
E 3313 3 -5 -15
E 3313 4 -5 -15
E 3313 5 11 33
T 3314 20 0 1 0
E 3314 5 14 42
T 3315 1 0 6 0
E 3315 0 -5 -15
E 3315 1 -5 -15
E 3315 2 -5 -15
E 3315 3 -5 -15
E 3315 4 -5 -15
E 3315 5 11 33
T 3316 16 0 1 0
E 3316 5 15 47
T 3317 24 0 1 0
E 3317 5 12 36
T 3318 8 0 6 0
E 3318 0 -8 -24
E 3318 1 -8 -24
E 3318 2 -8 -24
E 3318 3 -8 -24
E 3318 4 -8 -24
E 3318 5 8 24
T 3319 12 0 1 0
E 3319 5 17 53
T 3320 22 0 1 0
E 3320 5 13 39
T 3321 5 0 6 0
E 3321 0 -7 -21
E 3321 1 -7 -21
E 3321 2 -7 -21
E 3321 3 -7 -21
E 3321 4 -7 -21
E 3321 5 9 27
T 3322 17 0 1 0
E 3322 5 15 46
T 3323 2 0 6 0
E 3323 0 -6 -19
E 3323 1 -6 -19
E 3323 2 -6 -19
E 3323 3 -6 -19
E 3323 4 -6 -19
E 3323 5 9 29
T 3324 19 0 1 0
E 3324 5 14 43
T 3325 5 0 6 0
E 3325 0 -7 -22
E 3325 1 -7 -22
E 3325 2 -7 -22
E 3325 3 -7 -22
E 3325 4 -7 -22
E 3325 5 8 26
T 3326 15 0 1 0
E 3326 5 16 49
T 3327 24 0 1 0
E 3327 5 12 36
T 3328 11 0 6 0
E 3328 0 -9 -28
E 3328 1 -9 -28
E 3328 2 -9 -28
E 3328 3 -9 -28
E 3328 4 -9 -28
E 3328 5 6 20
T 3329 27 0 6 0
E 3329 0 4 13
E 3329 1 4 13
E 3329 2 4 13
E 3329 3 4 13
E 3329 4 4 13
E 3329 5 20 61
T 3330 8 0 6 0
E 3330 0 -8 -24
E 3330 1 -8 -24
E 3330 2 -8 -24
E 3330 3 -8 -24
E 3330 4 -8 -24
E 3330 5 8 24
T 3331 11 0 1 0
E 3331 5 18 55
T 3332 21 0 1 0
E 3332 5 13 40
T 3333 2 0 6 0
E 3333 0 -5 -17
E 3333 1 -5 -17
E 3333 2 -5 -17
E 3333 3 -5 -17
E 3333 4 -5 -17
E 3333 5 10 31
T 3334 21 0 1 0
E 3334 5 13 40
T 3335 2 0 6 0
E 3335 0 -6 -18
E 3335 1 -6 -18
E 3335 2 -6 -18
E 3335 3 -6 -18
E 3335 4 -6 -18
E 3335 5 10 30
T 3336 13 0 1 0
E 3336 5 17 52
T 3337 2 0 6 0
E 3337 0 -6 -18
E 3337 1 -6 -18
E 3337 2 -6 -18
E 3337 3 -6 -18
E 3337 4 -6 -18
E 3337 5 10 30
T 3338 20 0 1 0
E 3338 5 14 42
T 3339 11 0 6 0
E 3339 0 -9 -27
E 3339 1 -9 -27
E 3339 2 -9 -27
E 3339 3 -9 -27
E 3339 4 -9 -27
E 3339 5 7 21
T 3340 30 0 6 0
E 3340 0 5 16
E 3340 1 5 16
E 3340 2 5 16
E 3340 3 5 16
E 3340 4 5 16
E 3340 5 21 64
T 3341 11 0 6 0
E 3341 0 -9 -28
E 3341 1 -9 -28
E 3341 2 -9 -28
E 3341 3 -9 -28
E 3341 4 -9 -28
E 3341 5 6 20
T 3342 31 0 6 0
E 3342 0 5 15
E 3342 1 5 15
E 3342 2 5 15
E 3342 3 5 15
E 3342 4 5 15
E 3342 5 21 63
T 3343 14 0 6 0
E 3343 0 -10 -30
E 3343 1 -10 -30
E 3343 2 -10 -30
E 3343 3 -10 -30
E 3343 4 -10 -30
E 3343 5 6 18
T 3344 30 0 6 0
E 3344 0 5 16
E 3344 1 5 16
E 3344 2 5 16
E 3344 3 5 16
E 3344 4 5 16
E 3344 5 21 64
T 3345 14 0 6 0
E 3345 0 -10 -30
E 3345 1 -10 -30
E 3345 2 -10 -30
E 3345 3 -10 -30
E 3345 4 -10 -30
E 3345 5 6 18
T 3346 8 0 1 0
E 3346 5 19 59
T 3347 24 0 1 0
E 3347 5 12 36
T 3348 8 0 6 0
E 3348 0 -8 -24
E 3348 1 -8 -24
E 3348 2 -8 -24
E 3348 3 -8 -24
E 3348 4 -8 -24
E 3348 5 8 24
T 3349 16 0 1 0
E 3349 5 16 48
T 3350 2 0 6 0
E 3350 0 -6 -18
E 3350 1 -6 -18
E 3350 2 -6 -18
E 3350 3 -6 -18
E 3350 4 -6 -18
E 3350 5 10 30
T 3351 16 0 1 0
E 3351 5 16 48
T 3352 2 0 6 0
E 3352 0 -6 -19
E 3352 1 -6 -19
E 3352 2 -6 -19
E 3352 3 -6 -19
E 3352 4 -6 -19
E 3352 5 9 29
T 3353 12 0 1 0
E 3353 5 18 54
T 3354 5 0 6 0
E 3354 0 -4 -14
E 3354 1 -4 -14
E 3354 2 -4 -14
E 3354 3 -4 -14
E 3354 4 -4 -14
E 3354 5 11 34
T 3355 23 0 1 0
E 3355 5 12 37
T 3356 8 0 6 0
E 3356 0 -8 -24
E 3356 1 -8 -24
E 3356 2 -8 -24
E 3356 3 -8 -24
E 3356 4 -8 -24
E 3356 5 8 24
T 3357 11 0 1 0
E 3357 5 18 55
T 3358 2 0 6 0
E 3358 0 -5 -17
E 3358 1 -5 -17
E 3358 2 -5 -17
E 3358 3 -5 -17
E 3358 4 -5 -17
E 3358 5 10 31
T 3359 22 0 1 0
E 3359 5 13 39
T 3360 29 0 6 0
E 3360 0 10 31
E 3360 1 10 31
E 3360 2 10 31
E 3360 3 10 31
E 3360 4 10 31
E 3360 5 10 31
T 3361 21 0 6 0
E 3361 0 -7 -22
E 3361 1 -7 -22
E 3361 2 -7 -22
E 3361 3 -7 -22
E 3361 4 -7 -22
E 3361 5 -8 -25
T 3362 23 0 6 0
E 3362 0 9 29
E 3362 1 9 29
E 3362 2 9 29
E 3362 3 9 29
E 3362 4 9 29
E 3362 5 7 23
T 3363 19 0 6 0
E 3363 0 -6 -20
E 3363 1 -6 -20
E 3363 2 -6 -20
E 3363 3 -6 -20
E 3363 4 -6 -20
E 3363 5 -9 -29
T 3364 14 0 5 0
E 3364 0 7 21
E 3364 1 7 21
E 3364 2 7 21
E 3364 3 7 21
E 3364 4 7 21
T 3365 16 0 6 0
E 3365 0 -4 -14
E 3365 1 -4 -14
E 3365 2 -4 -14
E 3365 3 -4 -14
E 3365 4 -4 -14
E 3365 5 -10 -30
T 3366 12 0 5 0
E 3366 0 6 18
E 3366 1 6 18
E 3366 2 6 18
E 3366 3 6 18
E 3366 4 6 18
T 3367 1 0 1 0
E 3367 5 -11 -34
T 3368 7 0 1 0
E 3368 5 -8 -26
T 3369 16 0 1 0
E 3369 5 -6 -19
T 3370 10 0 5 0
E 3370 0 6 20
E 3370 1 6 20
E 3370 2 6 20
E 3370 3 6 20
E 3370 4 6 20
T 3371 9 0 1 0
E 3371 5 -12 -38
T 3372 2 0 6 0
E 3372 0 4 14
E 3372 1 4 14
E 3372 2 4 14
E 3372 3 4 14
E 3372 4 4 14
E 3372 5 -8 -24
T 3373 17 0 1 0
E 3373 5 -11 -35
T 3374 3 0 6 0
E 3374 0 4 13
E 3374 1 4 13
E 3374 2 4 13
E 3374 3 4 13
E 3374 4 4 13
E 3374 5 -10 -32
T 3375 20 0 1 0
E 3375 5 -14 -42
T 3376 4 0 6 0
E 3376 0 7 21
E 3376 1 7 21
E 3376 2 7 21
E 3376 3 7 21
E 3376 4 7 21
E 3376 5 -10 -30
T 3377 13 0 1 0
E 3377 5 -20 -61
T 3378 25 0 1 0
E 3378 5 -15 -47
T 3379 3 0 6 0
E 3379 0 8 25
E 3379 1 8 25
E 3379 2 8 25
E 3379 3 8 25
E 3379 4 8 25
E 3379 5 -12 -36
T 3380 16 0 1 0
E 3380 5 -23 -71
T 3381 2 0 6 0
E 3381 0 7 22
E 3381 1 7 22
E 3381 2 7 22
E 3381 3 7 22
E 3381 4 7 22
E 3381 5 -15 -45
T 3382 22 0 1 0
E 3382 5 -23 -71
T 3383 3 0 6 0
E 3383 0 9 27
E 3383 1 9 27
E 3383 2 9 27
E 3383 3 9 27
E 3383 4 9 27
E 3383 5 -15 -46
T 3384 21 0 1 0
E 3384 5 -28 -84
T 3385 5 0 6 0
E 3385 0 7 21
E 3385 1 7 21
E 3385 2 7 21
E 3385 3 7 21
E 3385 4 7 21
E 3385 5 -19 -59
T 3386 31 0 1 0
E 3386 5 -25 -77
T 3387 8 0 6 0
E 3387 0 12 36
E 3387 1 12 36
E 3387 2 12 36
E 3387 3 12 36
E 3387 4 12 36
E 3387 5 -16 -50
T 3388 26 0 1 0
E 3388 5 -31 -94
T 3389 7 0 6 0
E 3389 0 8 25
E 3389 1 8 25
E 3389 2 8 25
E 3389 3 8 25
E 3389 4 8 25
E 3389 5 -22 -68
T 3390 20 0 1 0
E 3390 5 -13 -41
T 3391 11 0 6 0
E 3391 0 9 27
E 3391 1 9 27
E 3391 2 9 27
E 3391 3 9 27
E 3391 4 9 27
E 3391 5 -7 -21
T 3392 10 0 1 0
E 3392 5 -18 -56
T 3393 24 0 1 0
E 3393 5 -12 -36
T 3394 4 0 6 0
E 3394 0 7 23
E 3394 1 7 23
E 3394 2 7 23
E 3394 3 7 23
E 3394 4 7 23
E 3394 5 -8 -25
T 3395 16 0 1 0
E 3395 5 -16 -48
T 3396 1 0 6 0
E 3396 0 5 16
E 3396 1 5 16
E 3396 2 5 16
E 3396 3 5 16
E 3396 4 5 16
E 3396 5 -10 -32
T 3397 14 0 1 0
E 3397 5 -16 -50
T 3398 1 0 6 0
E 3398 0 6 20
E 3398 1 6 20
E 3398 2 6 20
E 3398 3 6 20
E 3398 4 6 20
E 3398 5 -9 -28
T 3399 18 0 1 0
E 3399 5 -15 -45
T 3400 5 0 6 0
E 3400 0 7 21
E 3400 1 7 21
E 3400 2 7 21
E 3400 3 7 21
E 3400 4 7 21
E 3400 5 -9 -27
T 3401 13 0 1 0
E 3401 5 -17 -52
T 3402 23 0 1 0
E 3402 5 -12 -37
T 3403 2 0 6 0
E 3403 0 6 19
E 3403 1 6 19
E 3403 2 6 19
E 3403 3 6 19
E 3403 4 6 19
E 3403 5 -9 -29
T 3404 16 0 1 0
E 3404 5 -15 -47
T 3405 24 0 1 0
E 3405 5 -12 -36
T 3406 4 0 6 0
E 3406 0 7 23
E 3406 1 7 23
E 3406 2 7 23
E 3406 3 7 23
E 3406 4 7 23
E 3406 5 -8 -25
T 3407 14 0 1 0
E 3407 5 -16 -50
T 3408 24 0 1 0
E 3408 5 -12 -36
T 3409 11 0 6 0
E 3409 0 9 27
E 3409 1 9 27
E 3409 2 9 27
E 3409 3 9 27
E 3409 4 9 27
E 3409 5 -7 -21
T 3410 31 0 6 0
E 3410 0 -5 -15
E 3410 1 -5 -15
E 3410 2 -5 -15
E 3410 3 -5 -15
E 3410 4 -5 -15
E 3410 5 -21 -63
T 3411 14 0 6 0
E 3411 0 10 30
E 3411 1 10 30
E 3411 2 10 30
E 3411 3 10 30
E 3411 4 10 30
E 3411 5 -6 -18
T 3412 27 0 6 0
E 3412 0 -4 -13
E 3412 1 -4 -13
E 3412 2 -4 -13
E 3412 3 -4 -13
E 3412 4 -4 -13
E 3412 5 -20 -61
T 3413 17 0 6 0
E 3413 0 11 33
E 3413 1 11 33
E 3413 2 11 33
E 3413 3 11 33
E 3413 4 11 33
E 3413 5 -5 -15
T 3414 30 0 6 0
E 3414 0 -5 -16
E 3414 1 -5 -16
E 3414 2 -5 -16
E 3414 3 -5 -16
E 3414 4 -5 -16
E 3414 5 -21 -64
T 3415 13 0 6 0
E 3415 0 10 32
E 3415 1 10 32
E 3415 2 10 32
E 3415 3 10 32
E 3415 4 10 32
E 3415 5 -5 -16
T 3416 30 0 6 0
E 3416 0 -5 -16
E 3416 1 -5 -16
E 3416 2 -5 -16
E 3416 3 -5 -16
E 3416 4 -5 -16
E 3416 5 -21 -64
T 3417 17 0 6 0
E 3417 0 11 34
E 3417 1 11 34
E 3417 2 11 34
E 3417 3 11 34
E 3417 4 11 34
E 3417 5 -4 -14
T 3418 30 0 6 0
E 3418 0 -5 -16
E 3418 1 -5 -16
E 3418 2 -5 -16
E 3418 3 -5 -16
E 3418 4 -5 -16
E 3418 5 -21 -64
T 3419 17 0 6 0
E 3419 0 11 33
E 3419 1 11 33
E 3419 2 11 33
E 3419 3 11 33
E 3419 4 11 33
E 3419 5 -5 -15
T 3420 31 0 6 0
E 3420 0 -5 -15
E 3420 1 -5 -15
E 3420 2 -5 -15
E 3420 3 -5 -15
E 3420 4 -5 -15
E 3420 5 -21 -63
T 3421 17 0 6 0
E 3421 0 11 33
E 3421 1 11 33
E 3421 2 11 33
E 3421 3 11 33
E 3421 4 11 33
E 3421 5 -5 -15
T 3422 33 0 6 0
E 3422 0 -6 -19
E 3422 1 -6 -19
E 3422 2 -6 -19
E 3422 3 -6 -19
E 3422 4 -6 -19
E 3422 5 -22 -67
T 3423 10 0 6 0
E 3423 0 9 29
E 3423 1 9 29
E 3423 2 9 29
E 3423 3 9 29
E 3423 4 9 29
E 3423 5 -6 -19
T 3424 26 0 6 0
E 3424 0 -4 -14
E 3424 1 -4 -14
E 3424 2 -4 -14
E 3424 3 -4 -14
E 3424 4 -4 -14
E 3424 5 -20 -62
T 3425 14 0 6 0
E 3425 0 10 30
E 3425 1 10 30
E 3425 2 10 30
E 3425 3 10 30
E 3425 4 10 30
E 3425 5 -6 -18
T 3426 10 0 1 0
E 3426 5 -18 -56
T 3427 24 0 1 0
E 3427 5 -12 -36
T 3428 8 0 6 0
E 3428 0 8 24
E 3428 1 8 24
E 3428 2 8 24
E 3428 3 8 24
E 3428 4 8 24
E 3428 5 -8 -24
T 3429 14 0 1 0
E 3429 5 -16 -50
T 3430 23 0 1 0
E 3430 5 -12 -37
T 3431 4 0 6 0
E 3431 0 7 23
E 3431 1 7 23
E 3431 2 7 23
E 3431 3 7 23
E 3431 4 7 23
E 3431 5 -8 -25
T 3432 12 0 1 0
E 3432 5 -17 -53
T 3433 21 0 1 0
E 3433 5 -13 -40
T 3434 1 0 6 0
E 3434 0 6 20
E 3434 1 6 20
E 3434 2 6 20
E 3434 3 6 20
E 3434 4 6 20
E 3434 5 -9 -28
T 3435 18 0 1 0
E 3435 5 -15 -45
T 3436 2 0 6 0
E 3436 0 5 17
E 3436 1 5 17
E 3436 2 5 17
E 3436 3 5 17
E 3436 4 5 17
E 3436 5 -10 -31
T 3437 16 0 1 0
E 3437 5 -16 -48
T 3438 5 0 6 0
E 3438 0 4 14
E 3438 1 4 14
E 3438 2 4 14
E 3438 3 4 14
E 3438 4 4 14
E 3438 5 -11 -34
T 3439 21 0 1 0
E 3439 5 -13 -40
T 3440 5 0 6 0
E 3440 0 7 22
E 3440 1 7 22
E 3440 2 7 22
E 3440 3 7 22
E 3440 4 7 22
E 3440 5 -8 -26
T 3441 16 0 1 0
E 3441 5 -15 -47
T 3442 1 0 6 0
E 3442 0 6 20
E 3442 1 6 20
E 3442 2 6 20
E 3442 3 6 20
E 3442 4 6 20
E 3442 5 -9 -28
T 3443 14 0 1 0
E 3443 5 -17 -51
T 3444 2 0 6 0
E 3444 0 5 17
E 3444 1 5 17
E 3444 2 5 17
E 3444 3 5 17
E 3444 4 5 17
E 3444 5 -10 -31
T 3445 18 0 1 0
E 3445 5 -14 -44
T 3446 2 0 6 0
E 3446 0 5 17
E 3446 1 5 17
E 3446 2 5 17
E 3446 3 5 17
E 3446 4 5 17
E 3446 5 -10 -31
T 3447 20 0 1 0
E 3447 5 -14 -42
T 3448 7 0 6 0
E 3448 0 8 26
E 3448 1 8 26
E 3448 2 8 26
E 3448 3 8 26
E 3448 4 8 26
E 3448 5 -7 -22
T 3449 14 0 1 0
E 3449 5 -16 -50
T 3450 2 0 6 0
E 3450 0 5 17
E 3450 1 5 17
E 3450 2 5 17
E 3450 3 5 17
E 3450 4 5 17
E 3450 5 -10 -31
T 3451 20 0 1 0
E 3451 5 -14 -42
T 3452 7 0 6 0
E 3452 0 8 26
E 3452 1 8 26
E 3452 2 8 26
E 3452 3 8 26
E 3452 4 8 26
E 3452 5 -7 -22
T 3453 8 0 1 0
E 3453 5 -20 -60
T 3454 1 0 6 0
E 3454 0 5 15
E 3454 1 5 15
E 3454 2 5 15
E 3454 3 5 15
E 3454 4 5 15
E 3454 5 -11 -33
T 3455 16 0 1 0
E 3455 5 -16 -48
T 3456 5 0 6 0
E 3456 0 7 21
E 3456 1 7 21
E 3456 2 7 21
E 3456 3 7 21
E 3456 4 7 21
E 3456 5 -9 -27
T 3457 13 0 1 0
E 3457 5 -16 -48
T 3458 18 0 1 0
E 3458 5 -12 -37
T 3459 21 0 1 0
E 3459 5 -9 -28
T 3460 8 0 6 0
E 3460 0 7 23
E 3460 1 7 23
E 3460 2 7 23
E 3460 3 7 23
E 3460 4 7 23
E 3460 5 -4 -14
T 3461 8 0 1 0
E 3461 5 -13 -40
T 3462 1 0 6 0
E 3462 0 4 13
E 3462 1 4 13
E 3462 2 4 13
E 3462 3 4 13
E 3462 4 4 13
E 3462 5 -6 -19
T 3463 12 0 1 0
E 3463 5 -8 -26
T 3464 10 0 5 0
E 3464 0 5 15
E 3464 1 5 15
E 3464 2 5 15
E 3464 3 5 15
E 3464 4 5 15
T 3465 4 0 1 0
E 3465 5 -9 -29
T 3466 11 0 1 0
E 3466 5 -5 -16
T 3467 9 0 5 0
E 3467 0 5 16
E 3467 1 5 16
E 3467 2 5 16
E 3467 3 5 16
E 3467 4 5 16
T 3468 2 0 1 0
E 3468 5 -9 -28
T 3469 3 0 1 0
E 3469 5 -5 -16
T 3470 5 0 0 0
T 3471 1 0 0 0
T 3472 1 0 0 0
T 3473 4 0 0 0
T 3474 1 0 0 0
T 3475 2 0 0 0
T 3476 1 0 0 0
T 3477 2 0 0 0
T 3478 0 0 0 0
T 3479 2 0 0 0
T 3480 4 0 1 0
E 3480 5 5 16
T 3481 6 0 1 0
E 3481 5 5 16
T 3482 8 0 1 0
E 3482 5 6 18
T 3483 9 0 1 0
E 3483 5 6 19
T 3484 12 0 1 0
E 3484 5 6 19
T 3485 14 0 1 0
E 3485 5 6 20
T 3486 2 0 6 0
E 3486 0 -4 -13
E 3486 1 -4 -13
E 3486 2 -4 -13
E 3486 3 -4 -13
E 3486 4 -4 -13
E 3486 5 5 17
T 3487 7 0 1 0
E 3487 5 11 34
T 3488 2 0 6 0
E 3488 0 -4 -13
E 3488 1 -4 -13
E 3488 2 -4 -13
E 3488 3 -4 -13
E 3488 4 -4 -13
E 3488 5 5 17
T 3489 7 0 1 0
E 3489 5 11 34
T 3490 1 0 6 0
E 3490 0 -4 -14
E 3490 1 -4 -14
E 3490 2 -4 -14
E 3490 3 -4 -14
E 3490 4 -4 -14
E 3490 5 5 16
T 3491 7 0 1 0
E 3491 5 11 34
T 3492 2 0 6 0
E 3492 0 -4 -13
E 3492 1 -4 -13
E 3492 2 -4 -13
E 3492 3 -4 -13
E 3492 4 -4 -13
E 3492 5 5 17
T 3493 8 0 1 0
E 3493 5 10 32
T 3494 14 0 1 0
E 3494 5 8 24
T 3495 16 0 1 0
E 3495 5 7 21
T 3496 17 0 1 0
E 3496 5 6 19
T 3497 1 0 6 0
E 3497 0 -4 -14
E 3497 1 -4 -14
E 3497 2 -4 -14
E 3497 3 -4 -14
E 3497 4 -4 -14
E 3497 5 5 16
T 3498 11 0 1 0
E 3498 5 9 28
T 3499 1 0 6 0
E 3499 0 -4 -14
E 3499 1 -4 -14
E 3499 2 -4 -14
E 3499 3 -4 -14
E 3499 4 -4 -14
E 3499 5 5 16
T 3500 6 0 1 0
E 3500 5 11 35
T 3501 16 0 1 0
E 3501 5 6 20
T 3502 11 0 5 0
E 3502 0 -6 -19
E 3502 1 -6 -19
E 3502 2 -6 -19
E 3502 3 -6 -19
E 3502 4 -6 -19
T 3503 21 0 6 0
E 3503 0 4 13
E 3503 1 4 13
E 3503 2 4 13
E 3503 3 4 13
E 3503 4 4 13
E 3503 5 14 43
T 3504 18 0 5 0
E 3504 0 -9 -27
E 3504 1 -9 -27
E 3504 2 -9 -27
E 3504 3 -9 -27
E 3504 4 -9 -27
T 3505 21 0 6 0
E 3505 0 4 13
E 3505 1 4 13
E 3505 2 4 13
E 3505 3 4 13
E 3505 4 4 13
E 3505 5 14 43
T 3506 15 0 5 0
E 3506 0 -8 -25
E 3506 1 -8 -25
E 3506 2 -8 -25
E 3506 3 -8 -25
E 3506 4 -8 -25
T 3507 24 0 6 0
E 3507 0 5 17
E 3507 1 5 17
E 3507 2 5 17
E 3507 3 5 17
E 3507 4 5 17
E 3507 5 16 48
T 3508 18 0 5 0
E 3508 0 -10 -32
E 3508 1 -10 -32
E 3508 2 -10 -32
E 3508 3 -10 -32
E 3508 4 -10 -32
T 3509 22 0 6 0
E 3509 0 4 13
E 3509 1 4 13
E 3509 2 4 13
E 3509 3 4 13
E 3509 4 4 13
E 3509 5 15 46
T 3510 6 0 6 0
E 3510 0 -6 -20
E 3510 1 -6 -20
E 3510 2 -6 -20
E 3510 3 -6 -20
E 3510 4 -6 -20
E 3510 5 4 13
T 3511 8 0 1 0
E 3511 5 13 39
T 3512 13 0 1 0
E 3512 5 10 31
T 3513 4 0 6 0
E 3513 0 -5 -15
E 3513 1 -5 -15
E 3513 2 -5 -15
E 3513 3 -5 -15
E 3513 4 -5 -15
E 3513 5 6 20
T 3514 14 0 1 0
E 3514 5 11 33
T 3515 6 0 6 0
E 3515 0 -6 -19
E 3515 1 -6 -19
E 3515 2 -6 -19
E 3515 3 -6 -19
E 3515 4 -6 -19
E 3515 5 5 17
T 3516 10 0 1 0
E 3516 5 13 40
T 3517 18 0 1 0
E 3517 5 9 28
T 3518 4 0 6 0
E 3518 0 -6 -20
E 3518 1 -6 -20
E 3518 2 -6 -20
E 3518 3 -6 -20
E 3518 4 -6 -20
E 3518 5 6 18
T 3519 9 0 1 0
E 3519 5 14 44
T 3520 2 0 6 0
E 3520 0 -5 -16
E 3520 1 -5 -16
E 3520 2 -5 -16
E 3520 3 -5 -16
E 3520 4 -5 -16
E 3520 5 7 23
T 3521 13 0 1 0
E 3521 5 13 40
T 3522 1 0 6 0
E 3522 0 -5 -17
E 3522 1 -5 -17
E 3522 2 -5 -17
E 3522 3 -5 -17
E 3522 4 -5 -17
E 3522 5 7 23
T 3523 15 0 1 0
E 3523 5 12 38
T 3524 7 0 6 0
E 3524 0 -7 -21
E 3524 1 -7 -21
E 3524 2 -7 -21
E 3524 3 -7 -21
E 3524 4 -7 -21
E 3524 5 7 21
T 3525 13 0 1 0
E 3525 5 14 43
T 3526 0 0 6 0
E 3526 0 -5 -16
E 3526 1 -5 -16
E 3526 2 -5 -16
E 3526 3 -5 -16
E 3526 4 -5 -16
E 3526 5 9 27
T 3527 15 0 1 0
E 3527 5 13 41
T 3528 2 0 6 0
E 3528 0 -6 -20
E 3528 1 -6 -20
E 3528 2 -6 -20
E 3528 3 -6 -20
E 3528 4 -6 -20
E 3528 5 8 24
T 3529 18 0 1 0
E 3529 5 13 40
T 3530 3 0 6 0
E 3530 0 -4 -13
E 3530 1 -4 -13
E 3530 2 -4 -13
E 3530 3 -4 -13
E 3530 4 -4 -13
E 3530 5 10 32
T 3531 16 0 1 0
E 3531 5 14 44
T 3532 1 0 6 0
E 3532 0 -5 -17
E 3532 1 -5 -17
E 3532 2 -5 -17
E 3532 3 -5 -17
E 3532 4 -5 -17
E 3532 5 9 29
T 3533 13 0 1 0
E 3533 5 16 50
T 3534 22 0 1 0
E 3534 5 12 38
T 3535 2 0 6 0
E 3535 0 -5 -17
E 3535 1 -5 -17
E 3535 2 -5 -17
E 3535 3 -5 -17
E 3535 4 -5 -17
E 3535 5 10 31
T 3536 18 0 1 0
E 3536 5 15 45
T 3537 5 0 6 0
E 3537 0 -7 -21
E 3537 1 -7 -21
E 3537 2 -7 -21
E 3537 3 -7 -21
E 3537 4 -7 -21
E 3537 5 9 27
T 3538 18 0 1 0
E 3538 5 15 45
T 3539 5 0 6 0
E 3539 0 -7 -22
E 3539 1 -7 -22
E 3539 2 -7 -22
E 3539 3 -7 -22
E 3539 4 -7 -22
E 3539 5 8 26
T 3540 16 0 1 0
E 3540 5 15 47
T 3541 8 0 6 0
E 3541 0 -8 -24
E 3541 1 -8 -24
E 3541 2 -8 -24
E 3541 3 -8 -24
E 3541 4 -8 -24
E 3541 5 8 24
T 3542 12 0 1 0
E 3542 5 17 53
T 3543 5 0 6 0
E 3543 0 -4 -14
E 3543 1 -4 -14
E 3543 2 -4 -14
E 3543 3 -4 -14
E 3543 4 -4 -14
E 3543 5 11 34
T 3544 22 0 1 0
E 3544 5 12 38
T 3545 4 0 6 0
E 3545 0 -7 -23
E 3545 1 -7 -23
E 3545 2 -7 -23
E 3545 3 -7 -23
E 3545 4 -7 -23
E 3545 5 8 25
T 3546 16 0 1 0
E 3546 5 15 47
T 3547 24 0 1 0
E 3547 5 12 36
T 3548 5 0 6 0
E 3548 0 -7 -22
E 3548 1 -7 -22
E 3548 2 -7 -22
E 3548 3 -7 -22
E 3548 4 -7 -22
E 3548 5 8 26
T 3549 16 0 1 0
E 3549 5 15 47
T 3550 2 0 6 0
E 3550 0 -6 -18
E 3550 1 -6 -18
E 3550 2 -6 -18
E 3550 3 -6 -18
E 3550 4 -6 -18
E 3550 5 10 30
T 3551 18 0 1 0
E 3551 5 15 45
T 3552 4 0 6 0
E 3552 0 -7 -23
E 3552 1 -7 -23
E 3552 2 -7 -23
E 3552 3 -7 -23
E 3552 4 -7 -23
E 3552 5 8 25
T 3553 11 0 1 0
E 3553 5 18 55
T 3554 2 0 6 0
E 3554 0 -6 -19
E 3554 1 -6 -19
E 3554 2 -6 -19
E 3554 3 -6 -19
E 3554 4 -6 -19
E 3554 5 9 29
T 3555 14 0 1 0
E 3555 5 16 50
T 3556 22 0 1 0
E 3556 5 12 38
T 3557 10 0 6 0
E 3557 0 -9 -29
E 3557 1 -9 -29
E 3557 2 -9 -29
E 3557 3 -9 -29
E 3557 4 -9 -29
E 3557 5 6 19
T 3558 14 0 1 0
E 3558 5 16 50
T 3559 2 0 6 0
E 3559 0 -5 -17
E 3559 1 -5 -17
E 3559 2 -5 -17
E 3559 3 -5 -17
E 3559 4 -5 -17
E 3559 5 10 31
T 3560 17 0 1 0
E 3560 5 15 46
T 3561 8 0 6 0
E 3561 0 -8 -24
E 3561 1 -8 -24
E 3561 2 -8 -24
E 3561 3 -8 -24
E 3561 4 -8 -24
E 3561 5 8 24
T 3562 11 0 1 0
E 3562 5 18 55
T 3563 24 0 1 0
E 3563 5 12 36
T 3564 14 0 6 0
E 3564 0 -10 -31
E 3564 1 -10 -31
E 3564 2 -10 -31
E 3564 3 -10 -31
E 3564 4 -10 -31
E 3564 5 5 17
T 3565 29 0 6 0
E 3565 0 5 17
E 3565 1 5 17
E 3565 2 5 17
E 3565 3 5 17
E 3565 4 5 17
E 3565 5 21 65
T 3566 13 0 6 0
E 3566 0 -10 -32
E 3566 1 -10 -32
E 3566 2 -10 -32
E 3566 3 -10 -32
E 3566 4 -10 -32
E 3566 5 5 16
T 3567 27 0 6 0
E 3567 0 4 13
E 3567 1 4 13
E 3567 2 4 13
E 3567 3 4 13
E 3567 4 4 13
E 3567 5 20 61
T 3568 7 0 6 0
E 3568 0 -8 -26
E 3568 1 -8 -26
E 3568 2 -8 -26
E 3568 3 -8 -26
E 3568 4 -8 -26
E 3568 5 7 22
T 3569 10 0 1 0
E 3569 5 19 57
T 3570 1 0 6 0
E 3570 0 -5 -15
E 3570 1 -5 -15
E 3570 2 -5 -15
E 3570 3 -5 -15
E 3570 4 -5 -15
E 3570 5 11 33
T 3571 20 0 1 0
E 3571 5 14 42
T 3572 2 0 6 0
E 3572 0 -5 -17
E 3572 1 -5 -17
E 3572 2 -5 -17
E 3572 3 -5 -17
E 3572 4 -5 -17
E 3572 5 10 31
T 3573 14 0 1 0
E 3573 5 16 50
T 3574 23 0 1 0
E 3574 5 12 37
T 3575 2 0 6 0
E 3575 0 -6 -18
E 3575 1 -6 -18
E 3575 2 -6 -18
E 3575 3 -6 -18
E 3575 4 -6 -18
E 3575 5 10 30
T 3576 13 0 1 0
E 3576 5 17 52
T 3577 2 0 6 0
E 3577 0 -6 -18
E 3577 1 -6 -18
E 3577 2 -6 -18
E 3577 3 -6 -18
E 3577 4 -6 -18
E 3577 5 10 30
T 3578 20 0 1 0
E 3578 5 14 42
T 3579 11 0 6 0
E 3579 0 -9 -28
E 3579 1 -9 -28
E 3579 2 -9 -28
E 3579 3 -9 -28
E 3579 4 -9 -28
E 3579 5 6 20
T 3580 30 0 6 0
E 3580 0 5 16
E 3580 1 5 16
E 3580 2 5 16
E 3580 3 5 16
E 3580 4 5 16
E 3580 5 21 64
T 3581 11 0 6 0
E 3581 0 -9 -28
E 3581 1 -9 -28
E 3581 2 -9 -28
E 3581 3 -9 -28
E 3581 4 -9 -28
E 3581 5 6 20
T 3582 12 0 1 0
E 3582 5 17 53
T 3583 1 0 6 0
E 3583 0 -5 -15
E 3583 1 -5 -15
E 3583 2 -5 -15
E 3583 3 -5 -15
E 3583 4 -5 -15
E 3583 5 11 33
T 3584 22 0 1 0
E 3584 5 13 39
T 3585 11 0 6 0
E 3585 0 -9 -27
E 3585 1 -9 -27
E 3585 2 -9 -27
E 3585 3 -9 -27
E 3585 4 -9 -27
E 3585 5 7 21
T 3586 14 0 1 0
E 3586 5 17 51
T 3587 23 0 1 0
E 3587 5 12 37
T 3588 2 0 6 0
E 3588 0 -6 -19
E 3588 1 -6 -19
E 3588 2 -6 -19
E 3588 3 -6 -19
E 3588 4 -6 -19
E 3588 5 9 29
T 3589 14 0 1 0
E 3589 5 17 51
T 3590 24 0 1 0
E 3590 5 12 36
T 3591 5 0 6 0
E 3591 0 -7 -22
E 3591 1 -7 -22
E 3591 2 -7 -22
E 3591 3 -7 -22
E 3591 4 -7 -22
E 3591 5 8 26
T 3592 10 0 1 0
E 3592 5 18 56
T 3593 22 0 1 0
E 3593 5 13 39
T 3594 2 0 6 0
E 3594 0 -6 -18
E 3594 1 -6 -18
E 3594 2 -6 -18
E 3594 3 -6 -18
E 3594 4 -6 -18
E 3594 5 10 30
T 3595 12 0 1 0
E 3595 5 18 54
T 3596 4 0 6 0
E 3596 0 -4 -13
E 3596 1 -4 -13
E 3596 2 -4 -13
E 3596 3 -4 -13
E 3596 4 -4 -13
E 3596 5 11 35
T 3597 15 0 1 0
E 3597 5 16 49
T 3598 5 0 6 0
E 3598 0 -4 -14
E 3598 1 -4 -14
E 3598 2 -4 -14
E 3598 3 -4 -14
E 3598 4 -4 -14
E 3598 5 11 34
T 3599 19 0 1 0
E 3599 5 14 43
T 3600 22 0 6 0
E 3600 0 8 26
E 3600 1 8 26
E 3600 2 8 26
E 3600 3 8 26
E 3600 4 8 26
E 3600 5 8 26
T 3601 23 0 6 0
E 3601 0 -8 -26
E 3601 1 -8 -26
E 3601 2 -8 -26
E 3601 3 -8 -26
E 3601 4 -8 -26
E 3601 5 -9 -29
T 3602 20 0 6 0
E 3602 0 8 26
E 3602 1 8 26
E 3602 2 8 26
E 3602 3 8 26
E 3602 4 8 26
E 3602 5 6 20
T 3603 21 0 6 0
E 3603 0 -6 -18
E 3603 1 -6 -18
E 3603 2 -6 -18
E 3603 3 -6 -18
E 3603 4 -6 -18
E 3603 5 -9 -27
T 3604 10 0 5 0
E 3604 0 6 20
E 3604 1 6 20
E 3604 2 6 20
E 3604 3 6 20
E 3604 4 6 20
T 3605 3 0 1 0
E 3605 5 -6 -19
T 3606 7 0 1 0
E 3606 5 -5 -17
T 3607 6 0 5 0
E 3607 0 4 14
E 3607 1 4 14
E 3607 2 4 14
E 3607 3 4 14
E 3607 4 4 14
T 3608 5 0 1 0
E 3608 5 -9 -29
T 3609 16 0 1 0
E 3609 5 -6 -19
T 3610 18 0 1 0
E 3610 5 -6 -20
T 3611 3 0 6 0
E 3611 0 5 16
E 3611 1 5 16
E 3611 2 5 16
E 3611 3 5 16
E 3611 4 5 16
E 3611 5 -6 -19
T 3612 12 0 1 0
E 3612 5 -12 -38
T 3613 2 0 6 0
E 3613 0 5 15
E 3613 1 5 15
E 3613 2 5 15
E 3613 3 5 15
E 3613 4 5 15
E 3613 5 -8 -26
T 3614 17 0 1 0
E 3614 5 -14 -42
T 3615 5 0 6 0
E 3615 0 7 22
E 3615 1 7 22
E 3615 2 7 22
E 3615 3 7 22
E 3615 4 7 22
E 3615 5 -8 -26
T 3616 17 0 1 0
E 3616 5 -17 -51
T 3617 6 0 6 0
E 3617 0 8 24
E 3617 1 8 24
E 3617 2 8 24
E 3617 3 8 24
E 3617 4 8 24
E 3617 5 -10 -30
T 3618 16 0 1 0
E 3618 5 -20 -61
T 3619 1 0 6 0
E 3619 0 7 21
E 3619 1 7 21
E 3619 2 7 21
E 3619 3 7 21
E 3619 4 7 21
E 3619 5 -13 -40
T 3620 20 0 1 0
E 3620 5 -22 -66
T 3621 5 0 6 0
E 3621 0 9 27
E 3621 1 9 27
E 3621 2 9 27
E 3621 3 9 27
E 3621 4 9 27
E 3621 5 -13 -40
T 3622 24 0 1 0
E 3622 5 -23 -69
T 3623 3 0 6 0
E 3623 0 7 21
E 3623 1 7 21
E 3623 2 7 21
E 3623 3 7 21
E 3623 4 7 21
E 3623 5 -17 -52
T 3624 31 0 1 0
E 3624 5 -23 -69
T 3625 4 0 6 0
E 3625 0 10 30
E 3625 1 10 30
E 3625 2 10 30
E 3625 3 10 30
E 3625 4 10 30
E 3625 5 -16 -50
T 3626 26 0 1 0
E 3626 5 -28 -85
T 3627 2 0 6 0
E 3627 0 10 30
E 3627 1 10 30
E 3627 2 10 30
E 3627 3 10 30
E 3627 4 10 30
E 3627 5 -18 -56
T 3628 27 0 1 0
E 3628 5 -31 -93
T 3629 7 0 6 0
E 3629 0 8 25
E 3629 1 8 25
E 3629 2 8 25
E 3629 3 8 25
E 3629 4 8 25
E 3629 5 -22 -68
T 3630 5 0 6 0
E 3630 0 4 14
E 3630 1 4 14
E 3630 2 4 14
E 3630 3 4 14
E 3630 4 4 14
E 3630 5 -11 -34
T 3631 17 0 1 0
E 3631 5 -15 -46
T 3632 5 0 6 0
E 3632 0 4 14
E 3632 1 4 14
E 3632 2 4 14
E 3632 3 4 14
E 3632 4 4 14
E 3632 5 -11 -34
T 3633 22 0 1 0
E 3633 5 -13 -39
T 3634 1 0 6 0
E 3634 0 6 20
E 3634 1 6 20
E 3634 2 6 20
E 3634 3 6 20
E 3634 4 6 20
E 3634 5 -9 -28
T 3635 20 0 1 0
E 3635 5 -14 -42
T 3636 5 0 6 0
E 3636 0 7 21
E 3636 1 7 21
E 3636 2 7 21
E 3636 3 7 21
E 3636 4 7 21
E 3636 5 -9 -27
T 3637 13 0 1 0
E 3637 5 -17 -52
T 3638 21 0 1 0
E 3638 5 -13 -40
T 3639 1 0 6 0
E 3639 0 6 20
E 3639 1 6 20
E 3639 2 6 20
E 3639 3 6 20
E 3639 4 6 20
E 3639 5 -9 -28
T 3640 14 0 1 0
E 3640 5 -17 -51
T 3641 24 0 1 0
E 3641 5 -12 -36
T 3642 11 0 6 0
E 3642 0 9 28
E 3642 1 9 28
E 3642 2 9 28
E 3642 3 9 28
E 3642 4 9 28
E 3642 5 -6 -20
T 3643 27 0 6 0
E 3643 0 -4 -13
E 3643 1 -4 -13
E 3643 2 -4 -13
E 3643 3 -4 -13
E 3643 4 -4 -13
E 3643 5 -20 -61
T 3644 11 0 6 0
E 3644 0 9 28
E 3644 1 9 28
E 3644 2 9 28
E 3644 3 9 28
E 3644 4 9 28
E 3644 5 -6 -20
T 3645 11 0 1 0
E 3645 5 -18 -55
T 3646 20 0 1 0
E 3646 5 -13 -41
T 3647 7 0 6 0
E 3647 0 8 26
E 3647 1 8 26
E 3647 2 8 26
E 3647 3 8 26
E 3647 4 8 26
E 3647 5 -7 -22
T 3648 10 0 1 0
E 3648 5 -18 -56
T 3649 2 0 6 0
E 3649 0 5 17
E 3649 1 5 17
E 3649 2 5 17
E 3649 3 5 17
E 3649 4 5 17
E 3649 5 -10 -31
T 3650 18 0 1 0
E 3650 5 -14 -44
T 3651 4 0 6 0
E 3651 0 4 13
E 3651 1 4 13
E 3651 2 4 13
E 3651 3 4 13
E 3651 4 4 13
E 3651 5 -11 -35
T 3652 21 0 1 0
E 3652 5 -13 -40
T 3653 8 0 6 0
E 3653 0 8 25
E 3653 1 8 25
E 3653 2 8 25
E 3653 3 8 25
E 3653 4 8 25
E 3653 5 -7 -23
T 3654 14 0 1 0
E 3654 5 -17 -51
T 3655 5 0 6 0
E 3655 0 7 22
E 3655 1 7 22
E 3655 2 7 22
E 3655 3 7 22
E 3655 4 7 22
E 3655 5 -8 -26
T 3656 12 0 1 0
E 3656 5 -18 -54
T 3657 2 0 6 0
E 3657 0 6 18
E 3657 1 6 18
E 3657 2 6 18
E 3657 3 6 18
E 3657 4 6 18
E 3657 5 -10 -30
T 3658 14 0 1 0
E 3658 5 -17 -51
T 3659 22 0 1 0
E 3659 5 -12 -38
T 3660 14 0 6 0
E 3660 0 10 30
E 3660 1 10 30
E 3660 2 10 30
E 3660 3 10 30
E 3660 4 10 30
E 3660 5 -6 -18
T 3661 34 0 6 0
E 3661 0 -6 -18
E 3661 1 -6 -18
E 3661 2 -6 -18
E 3661 3 -6 -18
E 3661 4 -6 -18
E 3661 5 -22 -66
T 3662 28 0 5 0
E 3662 0 14 42
E 3662 1 14 42
E 3662 2 14 42
E 3662 3 14 42
E 3662 4 14 42
T 3663 46 0 6 0
E 3663 0 -10 -30
E 3663 1 -10 -30
E 3663 2 -10 -30
E 3663 3 -10 -30
E 3663 4 -10 -30
E 3663 5 -26 -78
T 3664 28 0 5 0
E 3664 0 14 42
E 3664 1 14 42
E 3664 2 14 42
E 3664 3 14 42
E 3664 4 14 42
T 3665 36 0 6 0
E 3665 0 -7 -22
E 3665 1 -7 -22
E 3665 2 -7 -22
E 3665 3 -7 -22
E 3665 4 -7 -22
E 3665 5 -23 -70
T 3666 24 0 5 0
E 3666 0 12 36
E 3666 1 12 36
E 3666 2 12 36
E 3666 3 12 36
E 3666 4 12 36
T 3667 30 0 6 0
E 3667 0 -5 -16
E 3667 1 -5 -16
E 3667 2 -5 -16
E 3667 3 -5 -16
E 3667 4 -5 -16
E 3667 5 -21 -64
T 3668 8 0 6 0
E 3668 0 8 25
E 3668 1 8 25
E 3668 2 8 25
E 3668 3 8 25
E 3668 4 8 25
E 3668 5 -7 -23
T 3669 9 0 1 0
E 3669 5 -19 -58
T 3670 22 0 1 0
E 3670 5 -12 -38
T 3671 2 0 6 0
E 3671 0 6 19
E 3671 1 6 19
E 3671 2 6 19
E 3671 3 6 19
E 3671 4 6 19
E 3671 5 -9 -29
T 3672 14 0 1 0
E 3672 5 -17 -51
T 3673 2 0 6 0
E 3673 0 6 18
E 3673 1 6 18
E 3673 2 6 18
E 3673 3 6 18
E 3673 4 6 18
E 3673 5 -10 -30
T 3674 17 0 1 0
E 3674 5 -15 -46
T 3675 5 0 6 0
E 3675 0 7 22
E 3675 1 7 22
E 3675 2 7 22
E 3675 3 7 22
E 3675 4 7 22
E 3675 5 -8 -26
T 3676 11 0 1 0
E 3676 5 -18 -55
T 3677 2 0 6 0
E 3677 0 6 18
E 3677 1 6 18
E 3677 2 6 18
E 3677 3 6 18
E 3677 4 6 18
E 3677 5 -10 -30
T 3678 16 0 1 0
E 3678 5 -16 -48
T 3679 5 0 6 0
E 3679 0 7 21
E 3679 1 7 21
E 3679 2 7 21
E 3679 3 7 21
E 3679 4 7 21
E 3679 5 -9 -27
T 3680 18 0 1 0
E 3680 5 -15 -45
T 3681 1 0 6 0
E 3681 0 5 16
E 3681 1 5 16
E 3681 2 5 16
E 3681 3 5 16
E 3681 4 5 16
E 3681 5 -10 -32
T 3682 17 0 1 0
E 3682 5 -15 -46
T 3683 1 0 6 0
E 3683 0 5 15
E 3683 1 5 15
E 3683 2 5 15
E 3683 3 5 15
E 3683 4 5 15
E 3683 5 -11 -33
T 3684 17 0 1 0
E 3684 5 -15 -46
T 3685 5 0 6 0
E 3685 0 7 22
E 3685 1 7 22
E 3685 2 7 22
E 3685 3 7 22
E 3685 4 7 22
E 3685 5 -8 -26
T 3686 14 0 1 0
E 3686 5 -16 -50
T 3687 4 0 6 0
E 3687 0 4 13
E 3687 1 4 13
E 3687 2 4 13
E 3687 3 4 13
E 3687 4 4 13
E 3687 5 -11 -35
T 3688 22 0 1 0
E 3688 5 -13 -39
T 3689 4 0 6 0
E 3689 0 7 23
E 3689 1 7 23
E 3689 2 7 23
E 3689 3 7 23
E 3689 4 7 23
E 3689 5 -8 -25
T 3690 14 0 1 0
E 3690 5 -16 -50
T 3691 5 0 6 0
E 3691 0 4 14
E 3691 1 4 14
E 3691 2 4 14
E 3691 3 4 14
E 3691 4 4 14
E 3691 5 -11 -34
T 3692 23 0 1 0
E 3692 5 -12 -37
T 3693 5 0 6 0
E 3693 0 7 21
E 3693 1 7 21
E 3693 2 7 21
E 3693 3 7 21
E 3693 4 7 21
E 3693 5 -9 -27
T 3694 10 0 1 0
E 3694 5 -19 -57
T 3695 4 0 6 0
E 3695 0 4 13
E 3695 1 4 13
E 3695 2 4 13
E 3695 3 4 13
E 3695 4 4 13
E 3695 5 -11 -35
T 3696 20 0 1 0
E 3696 5 -14 -42
T 3697 6 0 6 0
E 3697 0 7 22
E 3697 1 7 22
E 3697 2 7 22
E 3697 3 7 22
E 3697 4 7 22
E 3697 5 -7 -23
T 3698 7 0 1 0
E 3698 5 -17 -53
T 3699 21 0 1 0
E 3699 5 -9 -28
T 3700 12 0 6 0
E 3700 0 8 24
E 3700 1 8 24
E 3700 2 8 24
E 3700 3 8 24
E 3700 4 8 24
E 3700 5 -4 -13
T 3701 26 0 6 0
E 3701 0 -5 -16
E 3701 1 -5 -16
E 3701 2 -5 -16
E 3701 3 -5 -16
E 3701 4 -5 -16
E 3701 5 -17 -51
T 3702 19 0 5 0
E 3702 0 10 31
E 3702 1 10 31
E 3702 2 10 31
E 3702 3 10 31
E 3702 4 10 31
T 3703 34 0 6 0
E 3703 0 -8 -24
E 3703 1 -8 -24
E 3703 2 -8 -24
E 3703 3 -8 -24
E 3703 4 -8 -24
E 3703 5 -18 -54
T 3704 22 0 5 0
E 3704 0 11 33
E 3704 1 11 33
E 3704 2 11 33
E 3704 3 11 33
E 3704 4 11 33
T 3705 32 0 6 0
E 3705 0 -8 -24
E 3705 1 -8 -24
E 3705 2 -8 -24
E 3705 3 -8 -24
E 3705 4 -8 -24
E 3705 5 -16 -48
T 3706 21 0 5 0
E 3706 0 11 34
E 3706 1 11 34
E 3706 2 11 34
E 3706 3 11 34
E 3706 4 11 34
T 3707 30 0 6 0
E 3707 0 -8 -24
E 3707 1 -8 -24
E 3707 2 -8 -24
E 3707 3 -8 -24
E 3707 4 -8 -24
E 3707 5 -14 -43
T 3708 14 0 5 0
E 3708 0 8 26
E 3708 1 8 26
E 3708 2 8 26
E 3708 3 8 26
E 3708 4 8 26
T 3709 4 0 1 0
E 3709 5 -8 -26
T 3710 3 0 1 0
E 3710 5 -7 -21
T 3711 0 0 0 0
T 3712 2 0 0 0
T 3713 4 0 0 0
T 3714 3 0 0 0
T 3715 4 0 0 0
T 3716 8 0 0 0
T 3717 12 0 0 0
T 3718 8 0 5 0
E 3718 0 -5 -17
E 3718 1 -5 -17
E 3718 2 -5 -17
E 3718 3 -5 -17
E 3718 4 -5 -17
T 3719 1 0 1 0
E 3719 5 6 19
T 3720 1 0 1 0
E 3720 5 6 20
T 3721 7 0 0 0
T 3722 12 0 0 0
T 3723 7 0 5 0
E 3723 0 -4 -13
E 3723 1 -4 -13
E 3723 2 -4 -13
E 3723 3 -4 -13
E 3723 4 -4 -13
T 3724 6 0 1 0
E 3724 5 9 28
T 3725 2 0 6 0
E 3725 0 -4 -13
E 3725 1 -4 -13
E 3725 2 -4 -13
E 3725 3 -4 -13
E 3725 4 -4 -13
E 3725 5 5 15
T 3726 9 0 1 0
E 3726 5 10 31
T 3727 17 0 1 0
E 3727 5 6 19
T 3728 14 0 5 0
E 3728 0 -7 -21
E 3728 1 -7 -21
E 3728 2 -7 -21
E 3728 3 -7 -21
E 3728 4 -7 -21
T 3729 4 0 1 0
E 3729 5 12 38
T 3730 16 0 1 0
E 3730 5 6 20
T 3731 14 0 5 0
E 3731 0 -7 -21
E 3731 1 -7 -21
E 3731 2 -7 -21
E 3731 3 -7 -21
E 3731 4 -7 -21
T 3732 2 0 1 0
E 3732 5 14 42
T 3733 14 0 1 0
E 3733 5 7 23
T 3734 16 0 1 0
E 3734 5 7 21
T 3735 18 0 1 0
E 3735 5 6 18
T 3736 12 0 5 0
E 3736 0 -7 -23
E 3736 1 -7 -23
E 3736 2 -7 -23
E 3736 3 -7 -23
E 3736 4 -7 -23
T 3737 5 0 1 0
E 3737 5 12 37
T 3738 11 0 1 0
E 3738 5 9 28
T 3739 18 0 1 0
E 3739 5 6 18
T 3740 16 0 5 0
E 3740 0 -8 -24
E 3740 1 -8 -24
E 3740 2 -8 -24
E 3740 3 -8 -24
E 3740 4 -8 -24
T 3741 28 0 6 0
E 3741 0 6 18
E 3741 1 6 18
E 3741 2 6 18
E 3741 3 6 18
E 3741 4 6 18
E 3741 5 16 48
T 3742 20 0 5 0
E 3742 0 -11 -35
E 3742 1 -11 -35
E 3742 2 -11 -35
E 3742 3 -11 -35
E 3742 4 -11 -35
T 3743 29 0 6 0
E 3743 0 7 23
E 3743 1 7 23
E 3743 2 7 23
E 3743 3 7 23
E 3743 4 7 23
E 3743 5 17 53
T 3744 21 0 5 0
E 3744 0 -11 -34
E 3744 1 -11 -34
E 3744 2 -11 -34
E 3744 3 -11 -34
E 3744 4 -11 -34
T 3745 34 0 6 0
E 3745 0 8 24
E 3745 1 8 24
E 3745 2 8 24
E 3745 3 8 24
E 3745 4 8 24
E 3745 5 18 54
T 3746 24 0 5 0
E 3746 0 -13 -41
E 3746 1 -13 -41
E 3746 2 -13 -41
E 3746 3 -13 -41
E 3746 4 -13 -41
T 3747 36 0 6 0
E 3747 0 9 29
E 3747 1 9 29
E 3747 2 9 29
E 3747 3 9 29
E 3747 4 9 29
E 3747 5 20 60
T 3748 23 0 5 0
E 3748 0 -12 -37
E 3748 1 -12 -37
E 3748 2 -12 -37
E 3748 3 -12 -37
E 3748 4 -12 -37
T 3749 30 0 6 0
E 3749 0 7 23
E 3749 1 7 23
E 3749 2 7 23
E 3749 3 7 23
E 3749 4 7 23
E 3749 5 18 56
T 3750 16 0 5 0
E 3750 0 -9 -29
E 3750 1 -9 -29
E 3750 2 -9 -29
E 3750 3 -9 -29
E 3750 4 -9 -29
T 3751 4 0 1 0
E 3751 5 14 44
T 3752 10 0 1 0
E 3752 5 11 35
T 3753 4 0 6 0
E 3753 0 -5 -15
E 3753 1 -5 -15
E 3753 2 -5 -15
E 3753 3 -5 -15
E 3753 4 -5 -15
E 3753 5 6 20
T 3754 8 0 1 0
E 3754 5 14 42
T 3755 18 0 1 0
E 3755 5 9 27
T 3756 9 0 6 0
E 3756 0 -7 -21
E 3756 1 -7 -21
E 3756 2 -7 -21
E 3756 3 -7 -21
E 3756 4 -7 -21
E 3756 5 5 16
T 3757 7 0 1 0
E 3757 5 14 44
T 3758 19 0 1 0
E 3758 5 9 28
T 3759 7 0 6 0
E 3759 0 -7 -23
E 3759 1 -7 -23
E 3759 2 -7 -23
E 3759 3 -7 -23
E 3759 4 -7 -23
E 3759 5 5 16
T 3760 6 0 1 0
E 3760 5 16 49
T 3761 16 0 1 0
E 3761 5 12 36
T 3762 4 0 6 0
E 3762 0 -6 -20
E 3762 1 -6 -20
E 3762 2 -6 -20
E 3762 3 -6 -20
E 3762 4 -6 -20
E 3762 5 6 20
T 3763 12 0 1 0
E 3763 5 14 43
T 3764 3 0 6 0
E 3764 0 -6 -20
E 3764 1 -6 -20
E 3764 2 -6 -20
E 3764 3 -6 -20
E 3764 4 -6 -20
E 3764 5 7 22
T 3765 14 0 1 0
E 3765 5 14 42
T 3766 21 0 1 0
E 3766 5 10 32
T 3767 10 0 6 0
E 3767 0 -8 -24
E 3767 1 -8 -24
E 3767 2 -8 -24
E 3767 3 -8 -24
E 3767 4 -8 -24
E 3767 5 6 19
T 3768 8 0 1 0
E 3768 5 18 54
T 3769 0 0 6 0
E 3769 0 -5 -15
E 3769 1 -5 -15
E 3769 2 -5 -15
E 3769 3 -5 -15
E 3769 4 -5 -15
E 3769 5 10 30
T 3770 15 0 1 0
E 3770 5 15 45
T 3771 3 0 6 0
E 3771 0 -6 -18
E 3771 1 -6 -18
E 3771 2 -6 -18
E 3771 3 -6 -18
E 3771 4 -6 -18
E 3771 5 9 28
T 3772 16 0 1 0
E 3772 5 14 44
T 3773 5 0 6 0
E 3773 0 -7 -22
E 3773 1 -7 -22
E 3773 2 -7 -22
E 3773 3 -7 -22
E 3773 4 -7 -22
E 3773 5 8 25
T 3774 12 0 1 0
E 3774 5 17 53
T 3775 24 0 1 0
E 3775 5 12 36
T 3776 14 0 6 0
E 3776 0 -10 -30
E 3776 1 -10 -30
E 3776 2 -10 -30
E 3776 3 -10 -30
E 3776 4 -10 -30
E 3776 5 6 18
T 3777 33 0 6 0
E 3777 0 6 19
E 3777 1 6 19
E 3777 2 6 19
E 3777 3 6 19
E 3777 4 6 19
E 3777 5 22 67
T 3778 16 0 6 0
E 3778 0 -11 -35
E 3778 1 -11 -35
E 3778 2 -11 -35
E 3778 3 -11 -35
E 3778 4 -11 -35
E 3778 5 4 13
T 3779 31 0 6 0
E 3779 0 5 15
E 3779 1 5 15
E 3779 2 5 15
E 3779 3 5 15
E 3779 4 5 15
E 3779 5 21 63
T 3780 16 0 6 0
E 3780 0 -11 -35
E 3780 1 -11 -35
E 3780 2 -11 -35
E 3780 3 -11 -35
E 3780 4 -11 -35
E 3780 5 4 13
T 3781 10 0 1 0
E 3781 5 19 57
T 3782 22 0 1 0
E 3782 5 13 39
T 3783 11 0 6 0
E 3783 0 -9 -27
E 3783 1 -9 -27
E 3783 2 -9 -27
E 3783 3 -9 -27
E 3783 4 -9 -27
E 3783 5 7 21
T 3784 12 0 1 0
E 3784 5 17 53
T 3785 1 0 6 0
E 3785 0 -5 -15
E 3785 1 -5 -15
E 3785 2 -5 -15
E 3785 3 -5 -15
E 3785 4 -5 -15
E 3785 5 11 33
T 3786 15 0 1 0
E 3786 5 16 49
T 3787 2 0 6 0
E 3787 0 -6 -18
E 3787 1 -6 -18
E 3787 2 -6 -18
E 3787 3 -6 -18
E 3787 4 -6 -18
E 3787 5 10 30
T 3788 16 0 1 0
E 3788 5 16 48
T 3789 2 0 6 0
E 3789 0 -6 -19
E 3789 1 -6 -19
E 3789 2 -6 -19
E 3789 3 -6 -19
E 3789 4 -6 -19
E 3789 5 9 29
T 3790 18 0 1 0
E 3790 5 15 45
T 3791 1 0 6 0
E 3791 0 -6 -20
E 3791 1 -6 -20
E 3791 2 -6 -20
E 3791 3 -6 -20
E 3791 4 -6 -20
E 3791 5 9 28
T 3792 17 0 1 0
E 3792 5 15 46
T 3793 5 0 6 0
E 3793 0 -7 -21
E 3793 1 -7 -21
E 3793 2 -7 -21
E 3793 3 -7 -21
E 3793 4 -7 -21
E 3793 5 9 27
T 3794 17 0 1 0
E 3794 5 15 46
T 3795 4 0 6 0
E 3795 0 -4 -13
E 3795 1 -4 -13
E 3795 2 -4 -13
E 3795 3 -4 -13
E 3795 4 -4 -13
E 3795 5 11 35
T 3796 20 0 1 0
E 3796 5 14 42
T 3797 11 0 6 0
E 3797 0 -9 -27
E 3797 1 -9 -27
E 3797 2 -9 -27
E 3797 3 -9 -27
E 3797 4 -9 -27
E 3797 5 7 21
T 3798 10 0 1 0
E 3798 5 19 57
T 3799 23 0 1 0
E 3799 5 12 37
T 3800 8 0 6 0
E 3800 0 -8 -25
E 3800 1 -8 -25
E 3800 2 -8 -25
E 3800 3 -8 -25
E 3800 4 -8 -25
E 3800 5 7 23
T 3801 12 0 1 0
E 3801 5 18 54
T 3802 20 0 1 0
E 3802 5 13 41
T 3803 2 0 6 0
E 3803 0 -5 -17
E 3803 1 -5 -17
E 3803 2 -5 -17
E 3803 3 -5 -17
E 3803 4 -5 -17
E 3803 5 10 31
T 3804 19 0 1 0
E 3804 5 14 43
T 3805 4 0 6 0
E 3805 0 -7 -23
E 3805 1 -7 -23
E 3805 2 -7 -23
E 3805 3 -7 -23
E 3805 4 -7 -23
E 3805 5 8 25
T 3806 15 0 1 0
E 3806 5 16 49
T 3807 1 0 6 0
E 3807 0 -5 -15
E 3807 1 -5 -15
E 3807 2 -5 -15
E 3807 3 -5 -15
E 3807 4 -5 -15
E 3807 5 11 33
T 3808 18 0 1 0
E 3808 5 15 45
T 3809 8 0 6 0
E 3809 0 -8 -24
E 3809 1 -8 -24
E 3809 2 -8 -24
E 3809 3 -8 -24
E 3809 4 -8 -24
E 3809 5 8 24
T 3810 13 0 1 0
E 3810 5 17 52
T 3811 22 0 1 0
E 3811 5 13 39
T 3812 11 0 6 0
E 3812 0 -9 -28
E 3812 1 -9 -28
E 3812 2 -9 -28
E 3812 3 -9 -28
E 3812 4 -9 -28
E 3812 5 6 20
T 3813 10 0 1 0
E 3813 5 18 56
T 3814 20 0 1 0
E 3814 5 14 42
T 3815 1 0 6 0
E 3815 0 -5 -15
E 3815 1 -5 -15
E 3815 2 -5 -15
E 3815 3 -5 -15
E 3815 4 -5 -15
E 3815 5 11 33
T 3816 16 0 1 0
E 3816 5 16 48
T 3817 1 0 6 0
E 3817 0 -5 -15
E 3817 1 -5 -15
E 3817 2 -5 -15
E 3817 3 -5 -15
E 3817 4 -5 -15
E 3817 5 11 33
T 3818 17 0 1 0
E 3818 5 15 46
T 3819 8 0 6 0
E 3819 0 -8 -24
E 3819 1 -8 -24
E 3819 2 -8 -24
E 3819 3 -8 -24
E 3819 4 -8 -24
E 3819 5 8 24
T 3820 14 0 1 0
E 3820 5 16 50
T 3821 5 0 6 0
E 3821 0 -4 -14
E 3821 1 -4 -14
E 3821 2 -4 -14
E 3821 3 -4 -14
E 3821 4 -4 -14
E 3821 5 11 34
T 3822 21 0 1 0
E 3822 5 13 40
T 3823 5 0 6 0
E 3823 0 -7 -21
E 3823 1 -7 -21
E 3823 2 -7 -21
E 3823 3 -7 -21
E 3823 4 -7 -21
E 3823 5 9 27
T 3824 10 0 1 0
E 3824 5 19 57
T 3825 2 0 6 0
E 3825 0 -5 -17
E 3825 1 -5 -17
E 3825 2 -5 -17
E 3825 3 -5 -17
E 3825 4 -5 -17
E 3825 5 10 31
T 3826 22 0 1 0
E 3826 5 13 39
T 3827 2 0 6 0
E 3827 0 -6 -18
E 3827 1 -6 -18
E 3827 2 -6 -18
E 3827 3 -6 -18
E 3827 4 -6 -18
E 3827 5 10 30
T 3828 12 0 1 0
E 3828 5 17 53
T 3829 1 0 6 0
E 3829 0 -5 -15
E 3829 1 -5 -15
E 3829 2 -5 -15
E 3829 3 -5 -15
E 3829 4 -5 -15
E 3829 5 11 33
T 3830 18 0 1 0
E 3830 5 15 45
T 3831 1 0 6 0
E 3831 0 -5 -16
E 3831 1 -5 -16
E 3831 2 -5 -16
E 3831 3 -5 -16
E 3831 4 -5 -16
E 3831 5 10 32
T 3832 20 0 1 0
E 3832 5 14 42
T 3833 2 0 6 0
E 3833 0 -5 -17
E 3833 1 -5 -17
E 3833 2 -5 -17
E 3833 3 -5 -17
E 3833 4 -5 -17
E 3833 5 10 31
T 3834 22 0 1 0
E 3834 5 13 39
T 3835 11 0 6 0
E 3835 0 -9 -28
E 3835 1 -9 -28
E 3835 2 -9 -28
E 3835 3 -9 -28
E 3835 4 -9 -28
E 3835 5 6 20
T 3836 13 0 1 0
E 3836 5 17 52
T 3837 23 0 1 0
E 3837 5 12 37
T 3838 8 0 6 0
E 3838 0 -8 -25
E 3838 1 -8 -25
E 3838 2 -8 -25
E 3838 3 -8 -25
E 3838 4 -8 -25
E 3838 5 7 23
T 3839 14 0 1 0
E 3839 5 16 50
T 3840 25 0 6 0
E 3840 0 9 29
E 3840 1 9 29
E 3840 2 9 29
E 3840 3 9 29
E 3840 4 9 29
E 3840 5 9 29
T 3841 22 0 6 0
E 3841 0 -7 -21
E 3841 1 -7 -21
E 3841 2 -7 -21
E 3841 3 -7 -21
E 3841 4 -7 -21
E 3841 5 -8 -24
T 3842 17 0 6 0
E 3842 0 7 23
E 3842 1 7 23
E 3842 2 7 23
E 3842 3 7 23
E 3842 4 7 23
E 3842 5 5 17
T 3843 14 0 6 0
E 3843 0 -4 -13
E 3843 1 -4 -13
E 3843 2 -4 -13
E 3843 3 -4 -13
E 3843 4 -4 -13
E 3843 5 -7 -22
T 3844 10 0 5 0
E 3844 0 6 20
E 3844 1 6 20
E 3844 2 6 20
E 3844 3 6 20
E 3844 4 6 20
T 3845 1 0 1 0
E 3845 5 -8 -25
T 3846 2 0 1 0
E 3846 5 -8 -25
T 3847 6 0 1 0
E 3847 5 -8 -24
T 3848 9 0 1 0
E 3848 5 -7 -23
T 3849 16 0 1 0
E 3849 5 -6 -19
T 3850 7 0 6 0
E 3850 0 6 19
E 3850 1 6 19
E 3850 2 6 19
E 3850 3 6 19
E 3850 4 6 19
E 3850 5 -4 -13
T 3851 9 0 1 0
E 3851 5 -12 -38
T 3852 2 0 6 0
E 3852 0 4 14
E 3852 1 4 14
E 3852 2 4 14
E 3852 3 4 14
E 3852 4 4 14
E 3852 5 -8 -24
T 3853 17 0 1 0
E 3853 5 -11 -35
T 3854 9 0 6 0
E 3854 0 8 25
E 3854 1 8 25
E 3854 2 8 25
E 3854 3 8 25
E 3854 4 8 25
E 3854 5 -6 -20
T 3855 12 0 1 0
E 3855 5 -17 -53
T 3856 23 0 1 0
E 3856 5 -14 -42
T 3857 12 0 6 0
E 3857 0 10 30
E 3857 1 10 30
E 3857 2 10 30
E 3857 3 10 30
E 3857 4 10 30
E 3857 5 -8 -24
T 3858 14 0 1 0
E 3858 5 -21 -64
T 3859 1 0 6 0
E 3859 0 7 21
E 3859 1 7 21
E 3859 2 7 21
E 3859 3 7 21
E 3859 4 7 21
E 3859 5 -13 -40
T 3860 20 0 1 0
E 3860 5 -22 -66
T 3861 8 0 6 0
E 3861 0 5 16
E 3861 1 5 16
E 3861 2 5 16
E 3861 3 5 16
E 3861 4 5 16
E 3861 5 -17 -51
T 3862 29 0 1 0
E 3862 5 -20 -61
T 3863 9 0 6 0
E 3863 0 11 33
E 3863 1 11 33
E 3863 2 11 33
E 3863 3 11 33
E 3863 4 11 33
E 3863 5 -13 -40
T 3864 19 0 1 0
E 3864 5 -29 -87
T 3865 5 0 6 0
E 3865 0 7 21
E 3865 1 7 21
E 3865 2 7 21
E 3865 3 7 21
E 3865 4 7 21
E 3865 5 -19 -59
T 3866 34 0 1 0
E 3866 5 -24 -73
T 3867 3 0 6 0
E 3867 0 11 35
E 3867 1 11 35
E 3867 2 11 35
E 3867 3 11 35
E 3867 4 11 35
E 3867 5 -17 -51
T 3868 26 0 1 0
E 3868 5 -31 -94
T 3869 7 0 6 0
E 3869 0 8 24
E 3869 1 8 24
E 3869 2 8 24
E 3869 3 8 24
E 3869 4 8 24
E 3869 5 -23 -69
T 3870 22 0 1 0
E 3870 5 -13 -39
T 3871 7 0 6 0
E 3871 0 8 26
E 3871 1 8 26
E 3871 2 8 26
E 3871 3 8 26
E 3871 4 8 26
E 3871 5 -7 -22
T 3872 10 0 1 0
E 3872 5 -18 -56
T 3873 19 0 1 0
E 3873 5 -14 -43
T 3874 8 0 6 0
E 3874 0 8 24
E 3874 1 8 24
E 3874 2 8 24
E 3874 3 8 24
E 3874 4 8 24
E 3874 5 -8 -24
T 3875 9 0 1 0
E 3875 5 -19 -58
T 3876 21 0 1 0
E 3876 5 -13 -40
T 3877 4 0 6 0
E 3877 0 7 23
E 3877 1 7 23
E 3877 2 7 23
E 3877 3 7 23
E 3877 4 7 23
E 3877 5 -8 -25
T 3878 16 0 1 0
E 3878 5 -15 -47
T 3879 4 0 6 0
E 3879 0 4 13
E 3879 1 4 13
E 3879 2 4 13
E 3879 3 4 13
E 3879 4 4 13
E 3879 5 -11 -35
T 3880 20 0 1 0
E 3880 5 -13 -41
T 3881 2 0 6 0
E 3881 0 6 18
E 3881 1 6 18
E 3881 2 6 18
E 3881 3 6 18
E 3881 4 6 18
E 3881 5 -10 -30
T 3882 14 0 1 0
E 3882 5 -16 -50
T 3883 4 0 6 0
E 3883 0 4 13
E 3883 1 4 13
E 3883 2 4 13
E 3883 3 4 13
E 3883 4 4 13
E 3883 5 -11 -35
T 3884 22 0 1 0
E 3884 5 -13 -39
T 3885 10 0 6 0
E 3885 0 9 29
E 3885 1 9 29
E 3885 2 9 29
E 3885 3 9 29
E 3885 4 9 29
E 3885 5 -6 -19
T 3886 13 0 1 0
E 3886 5 -17 -52
T 3887 24 0 1 0
E 3887 5 -12 -36
T 3888 14 0 6 0
E 3888 0 10 30
E 3888 1 10 30
E 3888 2 10 30
E 3888 3 10 30
E 3888 4 10 30
E 3888 5 -6 -18
T 3889 29 0 6 0
E 3889 0 -5 -17
E 3889 1 -5 -17
E 3889 2 -5 -17
E 3889 3 -5 -17
E 3889 4 -5 -17
E 3889 5 -21 -65
T 3890 16 0 6 0
E 3890 0 11 35
E 3890 1 11 35
E 3890 2 11 35
E 3890 3 11 35
E 3890 4 11 35
E 3890 5 -4 -13
T 3891 32 0 6 0
E 3891 0 -6 -20
E 3891 1 -6 -20
E 3891 2 -6 -20
E 3891 3 -6 -20
E 3891 4 -6 -20
E 3891 5 -22 -68
T 3892 10 0 6 0
E 3892 0 9 29
E 3892 1 9 29
E 3892 2 9 29
E 3892 3 9 29
E 3892 4 9 29
E 3892 5 -6 -19
T 3893 27 0 6 0
E 3893 0 -4 -13
E 3893 1 -4 -13
E 3893 2 -4 -13
E 3893 3 -4 -13
E 3893 4 -4 -13
E 3893 5 -20 -61
T 3894 8 0 6 0
E 3894 0 8 24
E 3894 1 8 24
E 3894 2 8 24
E 3894 3 8 24
E 3894 4 8 24
E 3894 5 -8 -24
T 3895 12 0 1 0
E 3895 5 -18 -54
T 3896 5 0 6 0
E 3896 0 4 14
E 3896 1 4 14
E 3896 2 4 14
E 3896 3 4 14
E 3896 4 4 14
E 3896 5 -11 -34
T 3897 19 0 1 0
E 3897 5 -14 -43
T 3898 1 0 6 0
E 3898 0 5 16
E 3898 1 5 16
E 3898 2 5 16
E 3898 3 5 16
E 3898 4 5 16
E 3898 5 -10 -32
T 3899 16 0 1 0
E 3899 5 -16 -48
T 3900 2 0 6 0
E 3900 0 5 17
E 3900 1 5 17
E 3900 2 5 17
E 3900 3 5 17
E 3900 4 5 17
E 3900 5 -10 -31
T 3901 16 0 1 0
E 3901 5 -15 -47
T 3902 24 0 1 0
E 3902 5 -12 -36
T 3903 14 0 6 0
E 3903 0 10 31
E 3903 1 10 31
E 3903 2 10 31
E 3903 3 10 31
E 3903 4 10 31
E 3903 5 -5 -17
T 3904 10 0 1 0
E 3904 5 -19 -57
T 3905 20 0 1 0
E 3905 5 -13 -41
T 3906 5 0 6 0
E 3906 0 7 21
E 3906 1 7 21
E 3906 2 7 21
E 3906 3 7 21
E 3906 4 7 21
E 3906 5 -9 -27
T 3907 14 0 1 0
E 3907 5 -17 -51
T 3908 2 0 6 0
E 3908 0 5 17
E 3908 1 5 17
E 3908 2 5 17
E 3908 3 5 17
E 3908 4 5 17
E 3908 5 -10 -31
T 3909 22 0 1 0
E 3909 5 -12 -38
T 3910 2 0 6 0
E 3910 0 6 18
E 3910 1 6 18
E 3910 2 6 18
E 3910 3 6 18
E 3910 4 6 18
E 3910 5 -10 -30
T 3911 15 0 1 0
E 3911 5 -16 -49
T 3912 1 0 6 0
E 3912 0 5 16
E 3912 1 5 16
E 3912 2 5 16
E 3912 3 5 16
E 3912 4 5 16
E 3912 5 -10 -32
T 3913 13 0 1 0
E 3913 5 -17 -52
T 3914 2 0 6 0
E 3914 0 5 17
E 3914 1 5 17
E 3914 2 5 17
E 3914 3 5 17
E 3914 4 5 17
E 3914 5 -10 -31
T 3915 18 0 1 0
E 3915 5 -15 -45
T 3916 5 0 6 0
E 3916 0 7 21
E 3916 1 7 21
E 3916 2 7 21
E 3916 3 7 21
E 3916 4 7 21
E 3916 5 -9 -27
T 3917 15 0 1 0
E 3917 5 -16 -49
T 3918 2 0 6 0
E 3918 0 6 18
E 3918 1 6 18
E 3918 2 6 18
E 3918 3 6 18
E 3918 4 6 18
E 3918 5 -10 -30
T 3919 16 0 1 0
E 3919 5 -15 -47
T 3920 5 0 6 0
E 3920 0 7 22
E 3920 1 7 22
E 3920 2 7 22
E 3920 3 7 22
E 3920 4 7 22
E 3920 5 -8 -26
T 3921 10 0 1 0
E 3921 5 -18 -56
T 3922 5 0 6 0
E 3922 0 4 14
E 3922 1 4 14
E 3922 2 4 14
E 3922 3 4 14
E 3922 4 4 14
E 3922 5 -11 -34
T 3923 22 0 1 0
E 3923 5 -12 -38
T 3924 2 0 6 0
E 3924 0 6 19
E 3924 1 6 19
E 3924 2 6 19
E 3924 3 6 19
E 3924 4 6 19
E 3924 5 -9 -29
T 3925 16 0 1 0
E 3925 5 -15 -47
T 3926 1 0 6 0
E 3926 0 5 16
E 3926 1 5 16
E 3926 2 5 16
E 3926 3 5 16
E 3926 4 5 16
E 3926 5 -10 -32
T 3927 22 0 1 0
E 3927 5 -13 -39
T 3928 8 0 6 0
E 3928 0 8 25
E 3928 1 8 25
E 3928 2 8 25
E 3928 3 8 25
E 3928 4 8 25
E 3928 5 -7 -23
T 3929 10 0 1 0
E 3929 5 -19 -57
T 3930 5 0 6 0
E 3930 0 4 14
E 3930 1 4 14
E 3930 2 4 14
E 3930 3 4 14
E 3930 4 4 14
E 3930 5 -11 -34
T 3931 16 0 1 0
E 3931 5 -15 -47
T 3932 5 0 6 0
E 3932 0 7 22
E 3932 1 7 22
E 3932 2 7 22
E 3932 3 7 22
E 3932 4 7 22
E 3932 5 -8 -26
T 3933 12 0 1 0
E 3933 5 -17 -53
T 3934 2 0 6 0
E 3934 0 5 17
E 3934 1 5 17
E 3934 2 5 17
E 3934 3 5 17
E 3934 4 5 17
E 3934 5 -10 -31
T 3935 22 0 1 0
E 3935 5 -13 -39
T 3936 8 0 6 0
E 3936 0 8 25
E 3936 1 8 25
E 3936 2 8 25
E 3936 3 8 25
E 3936 4 8 25
E 3936 5 -7 -23
T 3937 26 0 6 0
E 3937 0 -4 -13
E 3937 1 -4 -13
E 3937 2 -4 -13
E 3937 3 -4 -13
E 3937 4 -4 -13
E 3937 5 -19 -58
T 3938 19 0 5 0
E 3938 0 10 31
E 3938 1 10 31
E 3938 2 10 31
E 3938 3 10 31
E 3938 4 10 31
T 3939 31 0 6 0
E 3939 0 -6 -18
E 3939 1 -6 -18
E 3939 2 -6 -18
E 3939 3 -6 -18
E 3939 4 -6 -18
E 3939 5 -19 -58
T 3940 18 0 5 0
E 3940 0 10 32
E 3940 1 10 32
E 3940 2 10 32
E 3940 3 10 32
E 3940 4 10 32
T 3941 32 0 6 0
E 3941 0 -7 -22
E 3941 1 -7 -22
E 3941 2 -7 -22
E 3941 3 -7 -22
E 3941 4 -7 -22
E 3941 5 -19 -57
T 3942 19 0 5 0
E 3942 0 10 31
E 3942 1 10 31
E 3942 2 10 31
E 3942 3 10 31
E 3942 4 10 31
T 3943 24 0 6 0
E 3943 0 -5 -16
E 3943 1 -5 -16
E 3943 2 -5 -16
E 3943 3 -5 -16
E 3943 4 -5 -16
E 3943 5 -15 -46
T 3944 14 0 5 0
E 3944 0 8 26
E 3944 1 8 26
E 3944 2 8 26
E 3944 3 8 26
E 3944 4 8 26
T 3945 24 0 6 0
E 3945 0 -6 -20
E 3945 1 -6 -20
E 3945 2 -6 -20
E 3945 3 -6 -20
E 3945 4 -6 -20
E 3945 5 -14 -44
T 3946 8 0 5 0
E 3946 0 5 17
E 3946 1 5 17
E 3946 2 5 17
E 3946 3 5 17
E 3946 4 5 17
T 3947 1 0 1 0
E 3947 5 -9 -29
T 3948 5 0 1 0
E 3948 5 -6 -18
T 3949 5 0 0 0
T 3950 6 0 0 0
T 3951 1 0 0 0
T 3952 4 0 1 0
E 3952 5 -4 -14
T 3953 1 0 0 0
T 3954 5 0 0 0
T 3955 3 0 0 0
T 3956 2 0 0 0
T 3957 2 0 0 0
T 3958 8 0 0 0
T 3959 3 0 0 0
T 3960 6 0 1 0
E 3960 5 4 13
T 3961 7 0 5 0
E 3961 0 -4 -13
E 3961 1 -4 -13
E 3961 2 -4 -13
E 3961 3 -4 -13
E 3961 4 -4 -13
T 3962 5 0 1 0
E 3962 5 7 22
T 3963 7 0 1 0
E 3963 5 7 22
T 3964 6 0 5 0
E 3964 0 -4 -14
E 3964 1 -4 -14
E 3964 2 -4 -14
E 3964 3 -4 -14
E 3964 4 -4 -14
T 3965 5 0 1 0
E 3965 5 11 34
T 3966 18 0 1 0
E 3966 5 6 18
T 3967 2 0 6 0
E 3967 0 -4 -13
E 3967 1 -4 -13
E 3967 2 -4 -13
E 3967 3 -4 -13
E 3967 4 -4 -13
E 3967 5 5 17
T 3968 10 0 1 0
E 3968 5 10 30
T 3969 16 0 1 0
E 3969 5 6 20
T 3970 10 0 5 0
E 3970 0 -6 -20
E 3970 1 -6 -20
E 3970 2 -6 -20
E 3970 3 -6 -20
E 3970 4 -6 -20
T 3971 6 0 1 0
E 3971 5 11 35
T 3972 14 0 1 0
E 3972 5 7 23
T 3973 14 0 5 0
E 3973 0 -7 -21
E 3973 1 -7 -21
E 3973 2 -7 -21
E 3973 3 -7 -21
E 3973 4 -7 -21
T 3974 3 0 1 0
E 3974 5 13 40
T 3975 12 0 1 0
E 3975 5 9 27
T 3976 1 0 6 0
E 3976 0 -4 -14
E 3976 1 -4 -14
E 3976 2 -4 -14
E 3976 3 -4 -14
E 3976 4 -4 -14
E 3976 5 5 16
T 3977 6 0 1 0
E 3977 5 12 36
T 3978 15 0 1 0
E 3978 5 7 22
T 3979 17 0 1 0
E 3979 5 6 19
T 3980 12 0 5 0
E 3980 0 -6 -18
E 3980 1 -6 -18
E 3980 2 -6 -18
E 3980 3 -6 -18
E 3980 4 -6 -18
T 3981 25 0 6 0
E 3981 0 5 15
E 3981 1 5 15
E 3981 2 5 15
E 3981 3 5 15
E 3981 4 5 15
E 3981 5 15 45
T 3982 14 0 5 0
E 3982 0 -7 -21
E 3982 1 -7 -21
E 3982 2 -7 -21
E 3982 3 -7 -21
E 3982 4 -7 -21
T 3983 20 0 6 0
E 3983 0 4 14
E 3983 1 4 14
E 3983 2 4 14
E 3983 3 4 14
E 3983 4 4 14
E 3983 5 14 44
T 3984 16 0 5 0
E 3984 0 -8 -24
E 3984 1 -8 -24
E 3984 2 -8 -24
E 3984 3 -8 -24
E 3984 4 -8 -24
T 3985 23 0 6 0
E 3985 0 5 17
E 3985 1 5 17
E 3985 2 5 17
E 3985 3 5 17
E 3985 4 5 17
E 3985 5 15 47
T 3986 19 0 5 0
E 3986 0 -10 -31
E 3986 1 -10 -31
E 3986 2 -10 -31
E 3986 3 -10 -31
E 3986 4 -10 -31
T 3987 24 0 6 0
E 3987 0 5 16
E 3987 1 5 16
E 3987 2 5 16
E 3987 3 5 16
E 3987 4 5 16
E 3987 5 15 47
T 3988 12 0 5 0
E 3988 0 -7 -23
E 3988 1 -7 -23
E 3988 2 -7 -23
E 3988 3 -7 -23
E 3988 4 -7 -23
T 3989 21 0 6 0
E 3989 0 4 14
E 3989 1 4 14
E 3989 2 4 14
E 3989 3 4 14
E 3989 4 4 14
E 3989 5 15 47
T 3990 12 0 5 0
E 3990 0 -7 -23
E 3990 1 -7 -23
E 3990 2 -7 -23
E 3990 3 -7 -23
E 3990 4 -7 -23
T 3991 5 0 1 0
E 3991 5 14 43
T 3992 12 0 1 0
E 3992 5 11 33
T 3993 17 0 1 0
E 3993 5 9 27
T 3994 15 0 5 0
E 3994 0 -8 -25
E 3994 1 -8 -25
E 3994 2 -8 -25
E 3994 3 -8 -25
E 3994 4 -8 -25
T 3995 26 0 6 0
E 3995 0 5 16
E 3995 1 5 16
E 3995 2 5 16
E 3995 3 5 16
E 3995 4 5 16
E 3995 5 17 52
T 3996 19 0 5 0
E 3996 0 -10 -31
E 3996 1 -10 -31
E 3996 2 -10 -31
E 3996 3 -10 -31
E 3996 4 -10 -31
T 3997 32 0 6 0
E 3997 0 7 22
E 3997 1 7 22
E 3997 2 7 22
E 3997 3 7 22
E 3997 4 7 22
E 3997 5 19 59
T 3998 16 0 5 0
E 3998 0 -9 -29
E 3998 1 -9 -29
E 3998 2 -9 -29
E 3998 3 -9 -29
E 3998 4 -9 -29
T 3999 26 0 6 0
E 3999 0 5 17
E 3999 1 5 17
E 3999 2 5 17
E 3999 3 5 17
E 3999 4 5 17
E 3999 5 18 56
T 4000 22 0 5 0
E 4000 0 -11 -33
E 4000 1 -11 -33
E 4000 2 -11 -33
E 4000 3 -11 -33
E 4000 4 -11 -33
T 4001 28 0 6 0
E 4001 0 5 15
E 4001 1 5 15
E 4001 2 5 15
E 4001 3 5 15
E 4001 4 5 15
E 4001 5 18 55
T 4002 10 0 6 0
E 4002 0 -8 -25
E 4002 1 -8 -25
E 4002 2 -8 -25
E 4002 3 -8 -25
E 4002 4 -8 -25
E 4002 5 5 15
T 4003 11 0 1 0
E 4003 5 14 44
T 4004 1 0 6 0
E 4004 0 -5 -15
E 4004 1 -5 -15
E 4004 2 -5 -15
E 4004 3 -5 -15
E 4004 4 -5 -15
E 4004 5 9 27
T 4005 15 0 1 0
E 4005 5 13 40
T 4006 3 0 6 0
E 4006 0 -6 -20
E 4006 1 -6 -20
E 4006 2 -6 -20
E 4006 3 -6 -20
E 4006 4 -6 -20
E 4006 5 7 23
T 4007 16 0 1 0
E 4007 5 13 40
T 4008 4 0 6 0
E 4008 0 -6 -18
E 4008 1 -6 -18
E 4008 2 -6 -18
E 4008 3 -6 -18
E 4008 4 -6 -18
E 4008 5 8 26
T 4009 13 0 1 0
E 4009 5 16 48
T 4010 4 0 6 0
E 4010 0 -4 -14
E 4010 1 -4 -14
E 4010 2 -4 -14
E 4010 3 -4 -14
E 4010 4 -4 -14
E 4010 5 10 31
T 4011 15 0 1 0
E 4011 5 15 46
T 4012 22 0 1 0
E 4012 5 11 35
T 4013 5 0 6 0
E 4013 0 -7 -22
E 4013 1 -7 -22
E 4013 2 -7 -22
E 4013 3 -7 -22
E 4013 4 -7 -22
E 4013 5 8 25
T 4014 10 0 1 0
E 4014 5 18 56
T 4015 2 0 6 0
E 4015 0 -5 -17
E 4015 1 -5 -17
E 4015 2 -5 -17
E 4015 3 -5 -17
E 4015 4 -5 -17
E 4015 5 10 31
T 4016 16 0 1 0
E 4016 5 16 48
T 4017 5 0 6 0
E 4017 0 -4 -14
E 4017 1 -4 -14
E 4017 2 -4 -14
E 4017 3 -4 -14
E 4017 4 -4 -14
E 4017 5 11 34
T 4018 4 0 6 0
E 4018 0 -4 -13
E 4018 1 -4 -13
E 4018 2 -4 -13
E 4018 3 -4 -13
E 4018 4 -4 -13
E 4018 5 11 35
T 4019 19 0 1 0
E 4019 5 14 43
T 4020 8 0 6 0
E 4020 0 -8 -24
E 4020 1 -8 -24
E 4020 2 -8 -24
E 4020 3 -8 -24
E 4020 4 -8 -24
E 4020 5 8 24
T 4021 12 0 1 0
E 4021 5 18 54
T 4022 1 0 6 0
E 4022 0 -5 -16
E 4022 1 -5 -16
E 4022 2 -5 -16
E 4022 3 -5 -16
E 4022 4 -5 -16
E 4022 5 10 32
T 4023 19 0 1 0
E 4023 5 14 43
T 4024 1 0 6 0
E 4024 0 -5 -16
E 4024 1 -5 -16
E 4024 2 -5 -16
E 4024 3 -5 -16
E 4024 4 -5 -16
E 4024 5 10 32
T 4025 18 0 1 0
E 4025 5 15 45
T 4026 1 0 6 0
E 4026 0 -5 -16
E 4026 1 -5 -16
E 4026 2 -5 -16
E 4026 3 -5 -16
E 4026 4 -5 -16
E 4026 5 10 32
T 4027 15 0 1 0
E 4027 5 16 49
T 4028 2 0 6 0
E 4028 0 -5 -17
E 4028 1 -5 -17
E 4028 2 -5 -17
E 4028 3 -5 -17
E 4028 4 -5 -17
E 4028 5 10 31
T 4029 15 0 1 0
E 4029 5 16 49
T 4030 5 0 6 0
E 4030 0 -7 -22
E 4030 1 -7 -22
E 4030 2 -7 -22
E 4030 3 -7 -22
E 4030 4 -7 -22
E 4030 5 8 26
T 4031 15 0 1 0
E 4031 5 16 49
T 4032 5 0 6 0
E 4032 0 -7 -21
E 4032 1 -7 -21
E 4032 2 -7 -21
E 4032 3 -7 -21
E 4032 4 -7 -21
E 4032 5 9 27
T 4033 10 0 1 0
E 4033 5 18 56
T 4034 22 0 1 0
E 4034 5 13 39
T 4035 4 0 6 0
E 4035 0 -7 -23
E 4035 1 -7 -23
E 4035 2 -7 -23
E 4035 3 -7 -23
E 4035 4 -7 -23
E 4035 5 8 25
T 4036 16 0 1 0
E 4036 5 15 47
T 4037 2 0 6 0
E 4037 0 -6 -18
E 4037 1 -6 -18
E 4037 2 -6 -18
E 4037 3 -6 -18
E 4037 4 -6 -18
E 4037 5 10 30
T 4038 15 0 1 0
E 4038 5 16 49
T 4039 23 0 1 0
E 4039 5 12 37
T 4040 4 0 6 0
E 4040 0 -7 -23
E 4040 1 -7 -23
E 4040 2 -7 -23
E 4040 3 -7 -23
E 4040 4 -7 -23
E 4040 5 8 25
T 4041 17 0 1 0
E 4041 5 15 46
T 4042 8 0 6 0
E 4042 0 -8 -24
E 4042 1 -8 -24
E 4042 2 -8 -24
E 4042 3 -8 -24
E 4042 4 -8 -24
E 4042 5 8 24
T 4043 16 0 1 0
E 4043 5 16 48
T 4044 4 0 6 0
E 4044 0 -7 -23
E 4044 1 -7 -23
E 4044 2 -7 -23
E 4044 3 -7 -23
E 4044 4 -7 -23
E 4044 5 8 25
T 4045 12 0 1 0
E 4045 5 18 54
T 4046 24 0 1 0
E 4046 5 12 36
T 4047 1 0 6 0
E 4047 0 -6 -20
E 4047 1 -6 -20
E 4047 2 -6 -20
E 4047 3 -6 -20
E 4047 4 -6 -20
E 4047 5 9 28
T 4048 17 0 1 0
E 4048 5 15 46
T 4049 5 0 6 0
E 4049 0 -4 -14
E 4049 1 -4 -14
E 4049 2 -4 -14
E 4049 3 -4 -14
E 4049 4 -4 -14
E 4049 5 11 34
T 4050 22 0 1 0
E 4050 5 13 39
T 4051 8 0 6 0
E 4051 0 -8 -25
E 4051 1 -8 -25
E 4051 2 -8 -25
E 4051 3 -8 -25
E 4051 4 -8 -25
E 4051 5 7 23
T 4052 12 0 1 0
E 4052 5 17 53
T 4053 22 0 1 0
E 4053 5 12 38
T 4054 5 0 6 0
E 4054 0 -7 -21
E 4054 1 -7 -21
E 4054 2 -7 -21
E 4054 3 -7 -21
E 4054 4 -7 -21
E 4054 5 9 27
T 4055 16 0 1 0
E 4055 5 16 48
T 4056 8 0 6 0
E 4056 0 -8 -24
E 4056 1 -8 -24
E 4056 2 -8 -24
E 4056 3 -8 -24
E 4056 4 -8 -24
E 4056 5 8 24
T 4057 11 0 1 0
E 4057 5 18 55
T 4058 22 0 1 0
E 4058 5 12 38
T 4059 14 0 6 0
E 4059 0 -10 -30
E 4059 1 -10 -30
E 4059 2 -10 -30
E 4059 3 -10 -30
E 4059 4 -10 -30
E 4059 5 6 18
T 4060 33 0 6 0
E 4060 0 6 19
E 4060 1 6 19
E 4060 2 6 19
E 4060 3 6 19
E 4060 4 6 19
E 4060 5 22 67
T 4061 22 0 5 0
E 4061 0 -12 -38
E 4061 1 -12 -38
E 4061 2 -12 -38
E 4061 3 -12 -38
E 4061 4 -12 -38
T 4062 34 0 6 0
E 4062 0 6 18
E 4062 1 6 18
E 4062 2 6 18
E 4062 3 6 18
E 4062 4 6 18
E 4062 5 22 66
T 4063 14 0 6 0
E 4063 0 -10 -31
E 4063 1 -10 -31
E 4063 2 -10 -31
E 4063 3 -10 -31
E 4063 4 -10 -31
E 4063 5 5 17
T 4064 27 0 6 0
E 4064 0 4 13
E 4064 1 4 13
E 4064 2 4 13
E 4064 3 4 13
E 4064 4 4 13
E 4064 5 20 61
T 4065 11 0 6 0
E 4065 0 -9 -28
E 4065 1 -9 -28
E 4065 2 -9 -28
E 4065 3 -9 -28
E 4065 4 -9 -28
E 4065 5 6 20
T 4066 8 0 1 0
E 4066 5 20 60
T 4067 21 0 1 0
E 4067 5 13 40
T 4068 5 0 6 0
E 4068 0 -7 -21
E 4068 1 -7 -21
E 4068 2 -7 -21
E 4068 3 -7 -21
E 4068 4 -7 -21
E 4068 5 9 27
T 4069 17 0 1 0
E 4069 5 15 46
T 4070 5 0 6 0
E 4070 0 -7 -21
E 4070 1 -7 -21
E 4070 2 -7 -21
E 4070 3 -7 -21
E 4070 4 -7 -21
E 4070 5 9 27
T 4071 12 0 1 0
E 4071 5 17 53
T 4072 5 0 6 0
E 4072 0 -4 -14
E 4072 1 -4 -14
E 4072 2 -4 -14
E 4072 3 -4 -14
E 4072 4 -4 -14
E 4072 5 11 34
T 4073 24 0 1 0
E 4073 5 12 36
T 4074 14 0 6 0
E 4074 0 -10 -30
E 4074 1 -10 -30
E 4074 2 -10 -30
E 4074 3 -10 -30
E 4074 4 -10 -30
E 4074 5 6 18
T 4075 31 0 6 0
E 4075 0 5 15
E 4075 1 5 15
E 4075 2 5 15
E 4075 3 5 15
E 4075 4 5 15
E 4075 5 21 63
T 4076 17 0 6 0
E 4076 0 -11 -34
E 4076 1 -11 -34
E 4076 2 -11 -34
E 4076 3 -11 -34
E 4076 4 -11 -34
E 4076 5 4 14
T 4077 27 0 6 0
E 4077 0 4 13
E 4077 1 4 13
E 4077 2 4 13
E 4077 3 4 13
E 4077 4 4 13
E 4077 5 20 61
T 4078 16 0 6 0
E 4078 0 -11 -35
E 4078 1 -11 -35
E 4078 2 -11 -35
E 4078 3 -11 -35
E 4078 4 -11 -35
E 4078 5 4 13
T 4079 32 0 6 0
E 4079 0 6 20
E 4079 1 6 20
E 4079 2 6 20
E 4079 3 6 20
E 4079 4 6 20
E 4079 5 22 68
T 4080 13 0 6 0
E 4080 0 5 17
E 4080 1 5 17
E 4080 2 5 17
E 4080 3 5 17
E 4080 4 5 17
E 4080 5 5 17
T 4081 15 0 6 0
E 4081 0 -5 -16
E 4081 1 -5 -16
E 4081 2 -5 -16
E 4081 3 -5 -16
E 4081 4 -5 -16
E 4081 5 -6 -19
T 4082 8 0 5 0
E 4082 0 5 17
E 4082 1 5 17
E 4082 2 5 17
E 4082 3 5 17
E 4082 4 5 17
T 4083 14 0 6 0
E 4083 0 -4 -13
E 4083 1 -4 -13
E 4083 2 -4 -13
E 4083 3 -4 -13
E 4083 4 -4 -13
E 4083 5 -7 -22
T 4084 12 0 0 0
T 4085 9 0 5 0
E 4085 0 5 16
E 4085 1 5 16
E 4085 2 5 16
E 4085 3 5 16
E 4085 4 5 16
T 4086 4 0 1 0
E 4086 5 -7 -22
T 4087 11 0 1 0
E 4087 5 -5 -16
T 4088 12 0 5 0
E 4088 0 6 18
E 4088 1 6 18
E 4088 2 6 18
E 4088 3 6 18
E 4088 4 6 18
T 4089 20 0 6 0
E 4089 0 -4 -14
E 4089 1 -4 -14
E 4089 2 -4 -14
E 4089 3 -4 -14
E 4089 4 -4 -14
E 4089 5 -14 -43
T 4090 7 0 6 0
E 4090 0 6 19
E 4090 1 6 19
E 4090 2 6 19
E 4090 3 6 19
E 4090 4 6 19
E 4090 5 -4 -13
T 4091 9 0 1 0
E 4091 5 -13 -39
T 4092 20 0 1 0
E 4092 5 -8 -26
T 4093 4 0 6 0
E 4093 0 6 19
E 4093 1 6 19
E 4093 2 6 19
E 4093 3 6 19
E 4093 4 6 19
E 4093 5 -7 -22
T 4094 15 0 1 0
E 4094 5 -15 -45
T 4095 4 0 6 0
E 4095 0 4 13
E 4095 1 4 13
E 4095 2 4 13
E 4095 3 4 13
E 4095 4 4 13
E 4095 5 -11 -35
T 4096 19 0 1 0
E 4096 5 -15 -47
T 4097 3 0 6 0
E 4097 0 7 21
E 4097 1 7 21
E 4097 2 7 21
E 4097 3 7 21
E 4097 4 7 21
E 4097 5 -11 -33
T 4098 14 0 1 0
E 4098 5 -21 -64
T 4099 6 0 6 0
E 4099 0 5 17
E 4099 1 5 17
E 4099 2 5 17
E 4099 3 5 17
E 4099 4 5 17
E 4099 5 -14 -44
T 4100 29 0 1 0
E 4100 5 -17 -52
T 4101 1 0 6 0
E 4101 0 8 25
E 4101 1 8 25
E 4101 2 8 25
E 4101 3 8 25
E 4101 4 8 25
E 4101 5 -14 -42
T 4102 24 0 1 0
E 4102 5 -22 -68
T 4103 4 0 6 0
E 4103 0 7 22
E 4103 1 7 22
E 4103 2 7 22
E 4103 3 7 22
E 4103 4 7 22
E 4103 5 -17 -51
T 4104 33 0 1 0
E 4104 5 -22 -66
T 4105 7 0 6 0
E 4105 0 11 33
E 4105 1 11 33
E 4105 2 11 33
E 4105 3 11 33
E 4105 4 11 33
E 4105 5 -15 -47
T 4106 19 0 1 0
E 4106 5 -31 -95
T 4107 6 0 6 0
E 4107 0 8 26
E 4107 1 8 26
E 4107 2 8 26
E 4107 3 8 26
E 4107 4 8 26
E 4107 5 -20 -60
T 4108 33 0 1 0
E 4108 5 -27 -83
T 4109 1 0 6 0
E 4109 0 10 31
E 4109 1 10 31
E 4109 2 10 31
E 4109 3 10 31
E 4109 4 10 31
E 4109 5 -20 -62
T 4110 14 0 1 0
E 4110 5 -17 -51
T 4111 22 0 1 0
E 4111 5 -12 -38
T 4112 8 0 6 0
E 4112 0 8 24
E 4112 1 8 24
E 4112 2 8 24
E 4112 3 8 24
E 4112 4 8 24
E 4112 5 -8 -24
T 4113 8 0 1 0
E 4113 5 -20 -60
T 4114 4 0 6 0
E 4114 0 4 13
E 4114 1 4 13
E 4114 2 4 13
E 4114 3 4 13
E 4114 4 4 13
E 4114 5 -11 -35
T 4115 19 0 1 0
E 4115 5 -14 -43
T 4116 1 0 6 0
E 4116 0 5 15
E 4116 1 5 15
E 4116 2 5 15
E 4116 3 5 15
E 4116 4 5 15
E 4116 5 -11 -33
T 4117 22 0 1 0
E 4117 5 -13 -39
T 4118 10 0 6 0
E 4118 0 9 29
E 4118 1 9 29
E 4118 2 9 29
E 4118 3 9 29
E 4118 4 9 29
E 4118 5 -6 -19
T 4119 8 0 1 0
E 4119 5 -19 -59
T 4120 20 0 1 0
E 4120 5 -13 -41
T 4121 1 0 6 0
E 4121 0 5 15
E 4121 1 5 15
E 4121 2 5 15
E 4121 3 5 15
E 4121 4 5 15
E 4121 5 -11 -33
T 4122 14 0 1 0
E 4122 5 -16 -50
T 4123 2 0 6 0
E 4123 0 6 19
E 4123 1 6 19
E 4123 2 6 19
E 4123 3 6 19
E 4123 4 6 19
E 4123 5 -9 -29
T 4124 18 0 1 0
E 4124 5 -14 -44
T 4125 1 0 6 0
E 4125 0 6 20
E 4125 1 6 20
E 4125 2 6 20
E 4125 3 6 20
E 4125 4 6 20
E 4125 5 -9 -28
T 4126 20 0 1 0
E 4126 5 -14 -42
T 4127 1 0 6 0
E 4127 0 5 16
E 4127 1 5 16
E 4127 2 5 16
E 4127 3 5 16
E 4127 4 5 16
E 4127 5 -10 -32
T 4128 18 0 1 0
E 4128 5 -14 -44
T 4129 1 0 6 0
E 4129 0 5 15
E 4129 1 5 15
E 4129 2 5 15
E 4129 3 5 15
E 4129 4 5 15
E 4129 5 -11 -33
T 4130 18 0 1 0
E 4130 5 -14 -44
T 4131 1 0 6 0
E 4131 0 5 16
E 4131 1 5 16
E 4131 2 5 16
E 4131 3 5 16
E 4131 4 5 16
E 4131 5 -10 -32
T 4132 21 0 1 0
E 4132 5 -13 -40
T 4133 1 0 6 0
E 4133 0 5 16
E 4133 1 5 16
E 4133 2 5 16
E 4133 3 5 16
E 4133 4 5 16
E 4133 5 -10 -32
T 4134 20 0 1 0
E 4134 5 -14 -42
T 4135 5 0 6 0
E 4135 0 7 22
E 4135 1 7 22
E 4135 2 7 22
E 4135 3 7 22
E 4135 4 7 22
E 4135 5 -8 -26
T 4136 16 0 1 0
E 4136 5 -16 -48
T 4137 8 0 6 0
E 4137 0 8 24
E 4137 1 8 24
E 4137 2 8 24
E 4137 3 8 24
E 4137 4 8 24
E 4137 5 -8 -24
T 4138 9 0 1 0
E 4138 5 -19 -58
T 4139 2 0 6 0
E 4139 0 5 17
E 4139 1 5 17
E 4139 2 5 17
E 4139 3 5 17
E 4139 4 5 17
E 4139 5 -10 -31
T 4140 18 0 1 0
E 4140 5 -15 -45
T 4141 2 0 6 0
E 4141 0 6 19
E 4141 1 6 19
E 4141 2 6 19
E 4141 3 6 19
E 4141 4 6 19
E 4141 5 -9 -29
T 4142 14 0 1 0
E 4142 5 -16 -50
T 4143 2 0 6 0
E 4143 0 6 18
E 4143 1 6 18
E 4143 2 6 18
E 4143 3 6 18
E 4143 4 6 18
E 4143 5 -10 -30
T 4144 14 0 1 0
E 4144 5 -17 -51
T 4145 5 0 6 0
E 4145 0 4 14
E 4145 1 4 14
E 4145 2 4 14
E 4145 3 4 14
E 4145 4 4 14
E 4145 5 -11 -34
T 4146 18 0 1 0
E 4146 5 -14 -44
T 4147 2 0 6 0
E 4147 0 5 17
E 4147 1 5 17
E 4147 2 5 17
E 4147 3 5 17
E 4147 4 5 17
E 4147 5 -10 -31
T 4148 20 0 1 0
E 4148 5 -14 -42
T 4149 5 0 6 0
E 4149 0 7 21
E 4149 1 7 21
E 4149 2 7 21
E 4149 3 7 21
E 4149 4 7 21
E 4149 5 -9 -27
T 4150 12 0 1 0
E 4150 5 -17 -53
T 4151 1 0 6 0
E 4151 0 5 16
E 4151 1 5 16
E 4151 2 5 16
E 4151 3 5 16
E 4151 4 5 16
E 4151 5 -10 -32
T 4152 18 0 1 0
E 4152 5 -15 -45
T 4153 4 0 6 0
E 4153 0 7 23
E 4153 1 7 23
E 4153 2 7 23
E 4153 3 7 23
E 4153 4 7 23
E 4153 5 -8 -25
T 4154 15 0 1 0
E 4154 5 -16 -49
T 4155 1 0 6 0
E 4155 0 5 16
E 4155 1 5 16
E 4155 2 5 16
E 4155 3 5 16
E 4155 4 5 16
E 4155 5 -10 -32
T 4156 21 0 1 0
E 4156 5 -13 -40
T 4157 8 0 6 0
E 4157 0 8 24
E 4157 1 8 24
E 4157 2 8 24
E 4157 3 8 24
E 4157 4 8 24
E 4157 5 -8 -24
T 4158 10 0 1 0
E 4158 5 -18 -56
T 4159 1 0 6 0
E 4159 0 5 16
E 4159 1 5 16
E 4159 2 5 16
E 4159 3 5 16
E 4159 4 5 16
E 4159 5 -10 -32
T 4160 15 0 1 0
E 4160 5 -16 -49
T 4161 1 0 6 0
E 4161 0 5 16
E 4161 1 5 16
E 4161 2 5 16
E 4161 3 5 16
E 4161 4 5 16
E 4161 5 -10 -32
T 4162 18 0 1 0
E 4162 5 -14 -44
T 4163 5 0 6 0
E 4163 0 4 14
E 4163 1 4 14
E 4163 2 4 14
E 4163 3 4 14
E 4163 4 4 14
E 4163 5 -11 -34
T 4164 22 0 1 0
E 4164 5 -12 -38
T 4165 5 0 6 0
E 4165 0 7 22
E 4165 1 7 22
E 4165 2 7 22
E 4165 3 7 22
E 4165 4 7 22
E 4165 5 -8 -26
T 4166 17 0 1 0
E 4166 5 -15 -46
T 4167 5 0 6 0
E 4167 0 7 21
E 4167 1 7 21
E 4167 2 7 21
E 4167 3 7 21
E 4167 4 7 21
E 4167 5 -9 -27
T 4168 11 0 1 0
E 4168 5 -18 -55
T 4169 22 0 1 0
E 4169 5 -12 -38
T 4170 4 0 6 0
E 4170 0 7 23
E 4170 1 7 23
E 4170 2 7 23
E 4170 3 7 23
E 4170 4 7 23
E 4170 5 -8 -25
T 4171 15 0 1 0
E 4171 5 -16 -49
T 4172 5 0 6 0
E 4172 0 4 14
E 4172 1 4 14
E 4172 2 4 14
E 4172 3 4 14
E 4172 4 4 14
E 4172 5 -11 -34
T 4173 22 0 1 0
E 4173 5 -13 -39
T 4174 4 0 6 0
E 4174 0 7 23
E 4174 1 7 23
E 4174 2 7 23
E 4174 3 7 23
E 4174 4 7 23
E 4174 5 -8 -25
T 4175 16 0 1 0
E 4175 5 -16 -48
T 4176 4 0 6 0
E 4176 0 4 13
E 4176 1 4 13
E 4176 2 4 13
E 4176 3 4 13
E 4176 4 4 13
E 4176 5 -11 -35
T 4177 19 0 1 0
E 4177 5 -12 -38
T 4178 22 0 1 0
E 4178 5 -10 -31
T 4179 1 0 6 0
E 4179 0 5 16
E 4179 1 5 16
E 4179 2 5 16
E 4179 3 5 16
E 4179 4 5 16
E 4179 5 -8 -24
T 4180 15 0 1 0
E 4180 5 -11 -33
T 4181 4 0 6 0
E 4181 0 5 15
E 4181 1 5 15
E 4181 2 5 15
E 4181 3 5 15
E 4181 4 5 15
E 4181 5 -6 -20
T 4182 5 0 1 0
E 4182 5 -13 -40
T 4183 14 0 1 0
E 4183 5 -7 -23
T 4184 10 0 5 0
E 4184 0 5 15
E 4184 1 5 15
E 4184 2 5 15
E 4184 3 5 15
E 4184 4 5 15
T 4185 2 0 1 0
E 4185 5 -11 -33
T 4186 9 0 1 0
E 4186 5 -6 -19
T 4187 8 0 1 0
E 4187 5 -5 -16
T 4188 8 0 1 0
E 4188 5 -4 -13
T 4189 8 0 0 0
T 4190 7 0 5 0
E 4190 0 4 13
E 4190 1 4 13
E 4190 2 4 13
E 4190 3 4 13
E 4190 4 4 13
T 4191 0 0 1 0
E 4191 5 -4 -13
T 4192 2 0 0 0
T 4193 1 0 0 0
T 4194 2 0 0 0
T 4195 4 0 0 0
T 4196 2 0 0 0
T 4197 5 0 0 0
T 4198 3 0 1 0
E 4198 5 5 17
T 4199 2 0 1 0
E 4199 5 6 20
T 4200 3 0 0 0
T 4201 7 0 0 0
T 4202 10 0 0 0
T 4203 10 0 0 0
T 4204 15 0 1 0
E 4204 5 4 14
T 4205 12 0 5 0
E 4205 0 -6 -18
E 4205 1 -6 -18
E 4205 2 -6 -18
E 4205 3 -6 -18
E 4205 4 -6 -18
T 4206 4 0 1 0
E 4206 5 12 38
T 4207 13 0 1 0
E 4207 5 8 25
T 4208 15 0 1 0
E 4208 5 7 22
T 4209 16 0 1 0
E 4209 5 6 20
T 4210 4 0 6 0
E 4210 0 -5 -17
E 4210 1 -5 -17
E 4210 2 -5 -17
E 4210 3 -5 -17
E 4210 4 -5 -17
E 4210 5 4 13
T 4211 8 0 1 0
E 4211 5 11 33
T 4212 17 0 1 0
E 4212 5 6 19
T 4213 4 0 6 0
E 4213 0 -5 -17
E 4213 1 -5 -17
E 4213 2 -5 -17
E 4213 3 -5 -17
E 4213 4 -5 -17
E 4213 5 4 13
T 4214 10 0 1 0
E 4214 5 10 30
T 4215 14 0 1 0
E 4215 5 8 24
T 4216 4 0 6 0
E 4216 0 -5 -17
E 4216 1 -5 -17
E 4216 2 -5 -17
E 4216 3 -5 -17
E 4216 4 -5 -17
E 4216 5 4 13
T 4217 5 0 1 0
E 4217 5 12 37
T 4218 11 0 1 0
E 4218 5 9 28
T 4219 15 0 1 0
E 4219 5 7 22
T 4220 11 0 5 0
E 4220 0 -6 -19
E 4220 1 -6 -19
E 4220 2 -6 -19
E 4220 3 -6 -19
E 4220 4 -6 -19
T 4221 24 0 6 0
E 4221 0 5 16
E 4221 1 5 16
E 4221 2 5 16
E 4221 3 5 16
E 4221 4 5 16
E 4221 5 15 46
T 4222 11 0 5 0
E 4222 0 -6 -19
E 4222 1 -6 -19
E 4222 2 -6 -19
E 4222 3 -6 -19
E 4222 4 -6 -19
T 4223 6 0 1 0
E 4223 5 11 35
T 4224 17 0 1 0
E 4224 5 6 19
T 4225 13 0 5 0
E 4225 0 -7 -22
E 4225 1 -7 -22
E 4225 2 -7 -22
E 4225 3 -7 -22
E 4225 4 -7 -22
T 4226 7 0 1 0
E 4226 5 12 36
T 4227 16 0 1 0
E 4227 5 7 22
T 4228 16 0 5 0
E 4228 0 -8 -24
E 4228 1 -8 -24
E 4228 2 -8 -24
E 4228 3 -8 -24
E 4228 4 -8 -24
T 4229 25 0 6 0
E 4229 0 5 16
E 4229 1 5 16
E 4229 2 5 16
E 4229 3 5 16
E 4229 4 5 16
E 4229 5 16 49
T 4230 16 0 5 0
E 4230 0 -8 -24
E 4230 1 -8 -24
E 4230 2 -8 -24
E 4230 3 -8 -24
E 4230 4 -8 -24
T 4231 22 0 6 0
E 4231 0 4 13
E 4231 1 4 13
E 4231 2 4 13
E 4231 3 4 13
E 4231 4 4 13
E 4231 5 15 47
T 4232 13 0 5 0
E 4232 0 -7 -22
E 4232 1 -7 -22
E 4232 2 -7 -22
E 4232 3 -7 -22
E 4232 4 -7 -22
T 4233 26 0 6 0
E 4233 0 5 16
E 4233 1 5 16
E 4233 2 5 16
E 4233 3 5 16
E 4233 4 5 16
E 4233 5 17 51
T 4234 18 0 5 0
E 4234 0 -9 -27
E 4234 1 -9 -27
E 4234 2 -9 -27
E 4234 3 -9 -27
E 4234 4 -9 -27
T 4235 27 0 6 0
E 4235 0 5 15
E 4235 1 5 15
E 4235 2 5 15
E 4235 3 5 15
E 4235 4 5 15
E 4235 5 17 51
T 4236 14 0 5 0
E 4236 0 -8 -26
E 4236 1 -8 -26
E 4236 2 -8 -26
E 4236 3 -8 -26
E 4236 4 -8 -26
T 4237 29 0 6 0
E 4237 0 6 19
E 4237 1 6 19
E 4237 2 6 19
E 4237 3 6 19
E 4237 4 6 19
E 4237 5 18 56
T 4238 23 0 5 0
E 4238 0 -12 -37
E 4238 1 -12 -37
E 4238 2 -12 -37
E 4238 3 -12 -37
E 4238 4 -12 -37
T 4239 32 0 6 0
E 4239 0 7 23
E 4239 1 7 23
E 4239 2 7 23
E 4239 3 7 23
E 4239 4 7 23
E 4239 5 20 62
T 4240 20 0 5 0
E 4240 0 -10 -30
E 4240 1 -10 -30
E 4240 2 -10 -30
E 4240 3 -10 -30
E 4240 4 -10 -30
T 4241 31 0 6 0
E 4241 0 6 18
E 4241 1 6 18
E 4241 2 6 18
E 4241 3 6 18
E 4241 4 6 18
E 4241 5 19 58
T 4242 19 0 5 0
E 4242 0 -10 -31
E 4242 1 -10 -31
E 4242 2 -10 -31
E 4242 3 -10 -31
E 4242 4 -10 -31
T 4243 27 0 6 0
E 4243 0 5 17
E 4243 1 5 17
E 4243 2 5 17
E 4243 3 5 17
E 4243 4 5 17
E 4243 5 19 58
T 4244 10 0 6 0
E 4244 0 -8 -24
E 4244 1 -8 -24
E 4244 2 -8 -24
E 4244 3 -8 -24
E 4244 4 -8 -24
E 4244 5 6 18
T 4245 6 0 1 0
E 4245 5 18 54
T 4246 17 0 1 0
E 4246 5 12 38
T 4247 3 0 6 0
E 4247 0 -6 -19
E 4247 1 -6 -19
E 4247 2 -6 -19
E 4247 3 -6 -19
E 4247 4 -6 -19
E 4247 5 8 24
T 4248 15 0 1 0
E 4248 5 14 43
T 4249 3 0 6 0
E 4249 0 -6 -19
E 4249 1 -6 -19
E 4249 2 -6 -19
E 4249 3 -6 -19
E 4249 4 -6 -19
E 4249 5 8 26
T 4250 17 0 1 0
E 4250 5 13 41
T 4251 2 0 6 0
E 4251 0 -6 -19
E 4251 1 -6 -19
E 4251 2 -6 -19
E 4251 3 -6 -19
E 4251 4 -6 -19
E 4251 5 9 27
T 4252 15 0 1 0
E 4252 5 15 46
T 4253 6 0 6 0
E 4253 0 -7 -21
E 4253 1 -7 -21
E 4253 2 -7 -21
E 4253 3 -7 -21
E 4253 4 -7 -21
E 4253 5 8 26
T 4254 13 0 1 0
E 4254 5 17 52
T 4255 22 0 1 0
E 4255 5 13 39
T 4256 2 0 6 0
E 4256 0 -6 -18
E 4256 1 -6 -18
E 4256 2 -6 -18
E 4256 3 -6 -18
E 4256 4 -6 -18
E 4256 5 10 30
T 4257 14 0 1 0
E 4257 5 16 50
T 4258 2 0 6 0
E 4258 0 -6 -19
E 4258 1 -6 -19
E 4258 2 -6 -19
E 4258 3 -6 -19
E 4258 4 -6 -19
E 4258 5 9 29
T 4259 17 0 1 0
E 4259 5 15 46
T 4260 2 0 6 0
E 4260 0 -5 -17
E 4260 1 -5 -17
E 4260 2 -5 -17
E 4260 3 -5 -17
E 4260 4 -5 -17
E 4260 5 10 31
T 4261 18 0 1 0
E 4261 5 15 45
T 4262 5 0 6 0
E 4262 0 -4 -14
E 4262 1 -4 -14
E 4262 2 -4 -14
E 4262 3 -4 -14
E 4262 4 -4 -14
E 4262 5 11 34
T 4263 22 0 1 0
E 4263 5 12 38
T 4264 5 0 6 0
E 4264 0 -7 -21
E 4264 1 -7 -21
E 4264 2 -7 -21
E 4264 3 -7 -21
E 4264 4 -7 -21
E 4264 5 9 27
T 4265 14 0 1 0
E 4265 5 17 51
T 4266 2 0 6 0
E 4266 0 -6 -19
E 4266 1 -6 -19
E 4266 2 -6 -19
E 4266 3 -6 -19
E 4266 4 -6 -19
E 4266 5 9 29
T 4267 18 0 1 0
E 4267 5 14 44
T 4268 1 0 6 0
E 4268 0 -5 -15
E 4268 1 -5 -15
E 4268 2 -5 -15
E 4268 3 -5 -15
E 4268 4 -5 -15
E 4268 5 11 33
T 4269 20 0 1 0
E 4269 5 13 41
T 4270 11 0 6 0
E 4270 0 -9 -27
E 4270 1 -9 -27
E 4270 2 -9 -27
E 4270 3 -9 -27
E 4270 4 -9 -27
E 4270 5 7 21
T 4271 8 0 1 0
E 4271 5 20 60
T 4272 22 0 1 0
E 4272 5 12 38
T 4273 11 0 6 0
E 4273 0 -9 -28
E 4273 1 -9 -28
E 4273 2 -9 -28
E 4273 3 -9 -28
E 4273 4 -9 -28
E 4273 5 6 20
T 4274 27 0 6 0
E 4274 0 4 13
E 4274 1 4 13
E 4274 2 4 13
E 4274 3 4 13
E 4274 4 4 13
E 4274 5 20 61
T 4275 17 0 6 0
E 4275 0 -11 -34
E 4275 1 -11 -34
E 4275 2 -11 -34
E 4275 3 -11 -34
E 4275 4 -11 -34
E 4275 5 4 14
T 4276 29 0 6 0
E 4276 0 5 17
E 4276 1 5 17
E 4276 2 5 17
E 4276 3 5 17
E 4276 4 5 17
E 4276 5 21 65
T 4277 11 0 6 0
E 4277 0 -9 -28
E 4277 1 -9 -28
E 4277 2 -9 -28
E 4277 3 -9 -28
E 4277 4 -9 -28
E 4277 5 6 20
T 4278 14 0 1 0
E 4278 5 17 51
T 4279 5 0 6 0
E 4279 0 -7 -21
E 4279 1 -7 -21
E 4279 2 -7 -21
E 4279 3 -7 -21
E 4279 4 -7 -21
E 4279 5 9 27
T 4280 10 0 1 0
E 4280 5 18 56
T 4281 21 0 1 0
E 4281 5 13 40
T 4282 1 0 6 0
E 4282 0 -5 -16
E 4282 1 -5 -16
E 4282 2 -5 -16
E 4282 3 -5 -16
E 4282 4 -5 -16
E 4282 5 10 32
T 4283 16 0 1 0
E 4283 5 15 47
T 4284 1 0 6 0
E 4284 0 -6 -20
E 4284 1 -6 -20
E 4284 2 -6 -20
E 4284 3 -6 -20
E 4284 4 -6 -20
E 4284 5 9 28
T 4285 14 0 1 0
E 4285 5 16 50
T 4286 24 0 1 0
E 4286 5 12 36
T 4287 8 0 6 0
E 4287 0 -8 -24
E 4287 1 -8 -24
E 4287 2 -8 -24
E 4287 3 -8 -24
E 4287 4 -8 -24
E 4287 5 8 24
T 4288 15 0 1 0
E 4288 5 16 49
T 4289 1 0 6 0
E 4289 0 -5 -15
E 4289 1 -5 -15
E 4289 2 -5 -15
E 4289 3 -5 -15
E 4289 4 -5 -15
E 4289 5 11 33
T 4290 20 0 1 0
E 4290 5 13 41
T 4291 7 0 6 0
E 4291 0 -8 -26
E 4291 1 -8 -26
E 4291 2 -8 -26
E 4291 3 -8 -26
E 4291 4 -8 -26
E 4291 5 7 22
T 4292 13 0 1 0
E 4292 5 17 52
T 4293 1 0 6 0
E 4293 0 -5 -16
E 4293 1 -5 -16
E 4293 2 -5 -16
E 4293 3 -5 -16
E 4293 4 -5 -16
E 4293 5 10 32
T 4294 20 0 1 0
E 4294 5 13 41
T 4295 2 0 6 0
E 4295 0 -6 -18
E 4295 1 -6 -18
E 4295 2 -6 -18
E 4295 3 -6 -18
E 4295 4 -6 -18
E 4295 5 10 30
T 4296 15 0 1 0
E 4296 5 16 49
T 4297 4 0 6 0
E 4297 0 -4 -13
E 4297 1 -4 -13
E 4297 2 -4 -13
E 4297 3 -4 -13
E 4297 4 -4 -13
E 4297 5 11 35
T 4298 17 0 1 0
E 4298 5 15 46
T 4299 8 0 6 0
E 4299 0 -8 -25
E 4299 1 -8 -25
E 4299 2 -8 -25
E 4299 3 -8 -25
E 4299 4 -8 -25
E 4299 5 7 23
T 4300 8 0 1 0
E 4300 5 19 59
T 4301 23 0 1 0
E 4301 5 12 37
T 4302 4 0 6 0
E 4302 0 -7 -23
E 4302 1 -7 -23
E 4302 2 -7 -23
E 4302 3 -7 -23
E 4302 4 -7 -23
E 4302 5 8 25
T 4303 12 0 1 0
E 4303 5 18 54
T 4304 2 0 6 0
E 4304 0 -6 -19
E 4304 1 -6 -19
E 4304 2 -6 -19
E 4304 3 -6 -19
E 4304 4 -6 -19
E 4304 5 9 29
T 4305 15 0 1 0
E 4305 5 16 49
T 4306 2 0 6 0
E 4306 0 -5 -17
E 4306 1 -5 -17
E 4306 2 -5 -17
E 4306 3 -5 -17
E 4306 4 -5 -17
E 4306 5 10 31
T 4307 22 0 1 0
E 4307 5 13 39
T 4308 10 0 6 0
E 4308 0 -9 -29
E 4308 1 -9 -29
E 4308 2 -9 -29
E 4308 3 -9 -29
E 4308 4 -9 -29
E 4308 5 6 19
T 4309 10 0 1 0
E 4309 5 19 57
T 4310 2 0 6 0
E 4310 0 -5 -17
E 4310 1 -5 -17
E 4310 2 -5 -17
E 4310 3 -5 -17
E 4310 4 -5 -17
E 4310 5 10 31
T 4311 18 0 1 0
E 4311 5 15 45
T 4312 2 0 6 0
E 4312 0 -6 -18
E 4312 1 -6 -18
E 4312 2 -6 -18
E 4312 3 -6 -18
E 4312 4 -6 -18
E 4312 5 10 30
T 4313 20 0 1 0
E 4313 5 14 42
T 4314 5 0 6 0
E 4314 0 -7 -21
E 4314 1 -7 -21
E 4314 2 -7 -21
E 4314 3 -7 -21
E 4314 4 -7 -21
E 4314 5 9 27
T 4315 15 0 1 0
E 4315 5 16 49
T 4316 1 0 6 0
E 4316 0 -5 -16
E 4316 1 -5 -16
E 4316 2 -5 -16
E 4316 3 -5 -16
E 4316 4 -5 -16
E 4316 5 10 32
T 4317 18 0 1 0
E 4317 5 15 45
T 4318 2 0 6 0
E 4318 0 -6 -19
E 4318 1 -6 -19
E 4318 2 -6 -19
E 4318 3 -6 -19
E 4318 4 -6 -19
E 4318 5 9 29
T 4319 14 0 1 0
E 4319 5 17 51
T 4320 34 0 6 0
E 4320 0 12 38
E 4320 1 12 38
E 4320 2 12 38
E 4320 3 12 38
E 4320 4 12 38
E 4320 5 12 38
T 4321 27 0 6 0
E 4321 0 -9 -28
E 4321 1 -9 -28
E 4321 2 -9 -28
E 4321 3 -9 -28
E 4321 4 -9 -28
E 4321 5 -10 -31
T 4322 28 0 6 0
E 4322 0 10 30
E 4322 1 10 30
E 4322 2 10 30
E 4322 3 10 30
E 4322 4 10 30
E 4322 5 8 24
T 4323 26 0 6 0
E 4323 0 -8 -25
E 4323 1 -8 -25
E 4323 2 -8 -25
E 4323 3 -8 -25
E 4323 4 -8 -25
E 4323 5 -11 -34
T 4324 25 0 6 0
E 4324 0 10 31
E 4324 1 10 31
E 4324 2 10 31
E 4324 3 10 31
E 4324 4 10 31
E 4324 5 6 18
T 4325 32 0 6 0
E 4325 0 -9 -27
E 4325 1 -9 -27
E 4325 2 -9 -27
E 4325 3 -9 -27
E 4325 4 -9 -27
E 4325 5 -14 -43
T 4326 17 0 5 0
E 4326 0 9 28
E 4326 1 9 28
E 4326 2 9 28
E 4326 3 9 28
E 4326 4 9 28
T 4327 18 0 6 0
E 4327 0 -4 -14
E 4327 1 -4 -14
E 4327 2 -4 -14
E 4327 3 -4 -14
E 4327 4 -4 -14
E 4327 5 -12 -36
T 4328 12 0 5 0
E 4328 0 7 23
E 4328 1 7 23
E 4328 2 7 23
E 4328 3 7 23
E 4328 4 7 23
T 4329 5 0 1 0
E 4329 5 -12 -36
T 4330 18 0 1 0
E 4330 5 -7 -21
T 4331 1 0 6 0
E 4331 0 4 14
E 4331 1 4 14
E 4331 2 4 14
E 4331 3 4 14
E 4331 4 4 14
E 4331 5 -7 -21
T 4332 10 0 1 0
E 4332 5 -13 -41
T 4333 1 0 6 0
E 4333 0 5 16
E 4333 1 5 16
E 4333 2 5 16
E 4333 3 5 16
E 4333 4 5 16
E 4333 5 -8 -25
T 4334 12 0 1 0
E 4334 5 -16 -49
T 4335 2 0 6 0
E 4335 0 5 17
E 4335 1 5 17
E 4335 2 5 17
E 4335 3 5 17
E 4335 4 5 17
E 4335 5 -10 -31
T 4336 23 0 1 0
E 4336 5 -14 -42
T 4337 8 0 6 0
E 4337 0 9 29
E 4337 1 9 29
E 4337 2 9 29
E 4337 3 9 29
E 4337 4 9 29
E 4337 5 -8 -25
T 4338 13 0 1 0
E 4338 5 -22 -66
T 4339 1 0 6 0
E 4339 0 7 21
E 4339 1 7 21
E 4339 2 7 21
E 4339 3 7 21
E 4339 4 7 21
E 4339 5 -13 -40
T 4340 25 0 1 0
E 4340 5 -19 -58
T 4341 4 0 6 0
E 4341 0 9 29
E 4341 1 9 29
E 4341 2 9 29
E 4341 3 9 29
E 4341 4 9 29
E 4341 5 -12 -38
T 4342 20 0 1 0
E 4342 5 -25 -75
T 4343 3 0 6 0
E 4343 0 9 27
E 4343 1 9 27
E 4343 2 9 27
E 4343 3 9 27
E 4343 4 9 27
E 4343 5 -15 -46
T 4344 25 0 1 0
E 4344 5 -25 -77
T 4345 3 0 6 0
E 4345 0 8 25
E 4345 1 8 25
E 4345 2 8 25
E 4345 3 8 25
E 4345 4 8 25
E 4345 5 -18 -55
T 4346 34 0 1 0
E 4346 5 -24 -73
T 4347 2 0 6 0
E 4347 0 10 30
E 4347 1 10 30
E 4347 2 10 30
E 4347 3 10 30
E 4347 4 10 30
E 4347 5 -18 -56
T 4348 30 0 1 0
E 4348 5 -29 -88
T 4349 4 0 6 0
E 4349 0 9 28
E 4349 1 9 28
E 4349 2 9 28
E 4349 3 9 28
E 4349 4 9 28
E 4349 5 -21 -65
T 4350 22 0 1 0
E 4350 5 -13 -39
T 4351 10 0 6 0
E 4351 0 9 29
E 4351 1 9 29
E 4351 2 9 29
E 4351 3 9 29
E 4351 4 9 29
E 4351 5 -6 -19
T 4352 12 0 1 0
E 4352 5 -17 -53
T 4353 2 0 6 0
E 4353 0 6 18
E 4353 1 6 18
E 4353 2 6 18
E 4353 3 6 18
E 4353 4 6 18
E 4353 5 -10 -30
T 4354 16 0 1 0
E 4354 5 -15 -47
T 4355 2 0 6 0
E 4355 0 6 19
E 4355 1 6 19
E 4355 2 6 19
E 4355 3 6 19
E 4355 4 6 19
E 4355 5 -9 -29
T 4356 18 0 1 0
E 4356 5 -15 -45
T 4357 1 0 6 0
E 4357 0 6 20
E 4357 1 6 20
E 4357 2 6 20
E 4357 3 6 20
E 4357 4 6 20
E 4357 5 -9 -28
T 4358 14 0 1 0
E 4358 5 -16 -50
T 4359 24 0 1 0
E 4359 5 -12 -36
T 4360 8 0 6 0
E 4360 0 8 25
E 4360 1 8 25
E 4360 2 8 25
E 4360 3 8 25
E 4360 4 8 25
E 4360 5 -7 -23
T 4361 14 0 1 0
E 4361 5 -16 -50
T 4362 1 0 6 0
E 4362 0 5 16
E 4362 1 5 16
E 4362 2 5 16
E 4362 3 5 16
E 4362 4 5 16
E 4362 5 -10 -32
T 4363 20 0 1 0
E 4363 5 -13 -41
T 4364 2 0 6 0
E 4364 0 5 17
E 4364 1 5 17
E 4364 2 5 17
E 4364 3 5 17
E 4364 4 5 17
E 4364 5 -10 -31
T 4365 20 0 1 0
E 4365 5 -13 -41
T 4366 11 0 6 0
E 4366 0 9 27
E 4366 1 9 27
E 4366 2 9 27
E 4366 3 9 27
E 4366 4 9 27
E 4366 5 -7 -21
T 4367 8 0 1 0
E 4367 5 -20 -60
T 4368 20 0 1 0
E 4368 5 -14 -42
T 4369 2 0 6 0
E 4369 0 6 18
E 4369 1 6 18
E 4369 2 6 18
E 4369 3 6 18
E 4369 4 6 18
E 4369 5 -10 -30
T 4370 16 0 1 0
E 4370 5 -16 -48
T 4371 1 0 6 0
E 4371 0 5 16
E 4371 1 5 16
E 4371 2 5 16
E 4371 3 5 16
E 4371 4 5 16
E 4371 5 -10 -32
T 4372 20 0 1 0
E 4372 5 -13 -41
T 4373 4 0 6 0
E 4373 0 7 23
E 4373 1 7 23
E 4373 2 7 23
E 4373 3 7 23
E 4373 4 7 23
E 4373 5 -8 -25
T 4374 12 0 1 0
E 4374 5 -17 -53
T 4375 21 0 1 0
E 4375 5 -13 -40
T 4376 2 0 6 0
E 4376 0 6 18
E 4376 1 6 18
E 4376 2 6 18
E 4376 3 6 18
E 4376 4 6 18
E 4376 5 -10 -30
T 4377 19 0 1 0
E 4377 5 -14 -43
T 4378 1 0 6 0
E 4378 0 5 15
E 4378 1 5 15
E 4378 2 5 15
E 4378 3 5 15
E 4378 4 5 15
E 4378 5 -11 -33
T 4379 19 0 1 0
E 4379 5 -14 -43
T 4380 4 0 6 0
E 4380 0 7 23
E 4380 1 7 23
E 4380 2 7 23
E 4380 3 7 23
E 4380 4 7 23
E 4380 5 -8 -25
T 4381 16 0 1 0
E 4381 5 -15 -47
T 4382 1 0 6 0
E 4382 0 5 15
E 4382 1 5 15
E 4382 2 5 15
E 4382 3 5 15
E 4382 4 5 15
E 4382 5 -11 -33
T 4383 14 0 1 0
E 4383 5 -16 -50
T 4384 4 0 6 0
E 4384 0 4 13
E 4384 1 4 13
E 4384 2 4 13
E 4384 3 4 13
E 4384 4 4 13
E 4384 5 -11 -35
T 4385 16 0 1 0
E 4385 5 -16 -48
T 4386 5 0 6 0
E 4386 0 4 14
E 4386 1 4 14
E 4386 2 4 14
E 4386 3 4 14
E 4386 4 4 14
E 4386 5 -11 -34
T 4387 16 0 1 0
E 4387 5 -15 -47
T 4388 4 0 6 0
E 4388 0 4 13
E 4388 1 4 13
E 4388 2 4 13
E 4388 3 4 13
E 4388 4 4 13
E 4388 5 -11 -35
T 4389 24 0 1 0
E 4389 5 -12 -36
T 4390 10 0 6 0
E 4390 0 9 29
E 4390 1 9 29
E 4390 2 9 29
E 4390 3 9 29
E 4390 4 9 29
E 4390 5 -6 -19
T 4391 9 0 1 0
E 4391 5 -19 -58
T 4392 19 0 1 0
E 4392 5 -14 -43
T 4393 5 0 6 0
E 4393 0 7 21
E 4393 1 7 21
E 4393 2 7 21
E 4393 3 7 21
E 4393 4 7 21
E 4393 5 -9 -27
T 4394 15 0 1 0
E 4394 5 -16 -49
T 4395 23 0 1 0
E 4395 5 -12 -37
T 4396 7 0 6 0
E 4396 0 8 26
E 4396 1 8 26
E 4396 2 8 26
E 4396 3 8 26
E 4396 4 8 26
E 4396 5 -7 -22
T 4397 15 0 1 0
E 4397 5 -16 -49
T 4398 2 0 6 0
E 4398 0 5 17
E 4398 1 5 17
E 4398 2 5 17
E 4398 3 5 17
E 4398 4 5 17
E 4398 5 -10 -31
T 4399 15 0 1 0
E 4399 5 -16 -49
T 4400 5 0 6 0
E 4400 0 4 14
E 4400 1 4 14
E 4400 2 4 14
E 4400 3 4 14
E 4400 4 4 14
E 4400 5 -11 -34
T 4401 22 0 1 0
E 4401 5 -12 -38
T 4402 11 0 6 0
E 4402 0 9 28
E 4402 1 9 28
E 4402 2 9 28
E 4402 3 9 28
E 4402 4 9 28
E 4402 5 -6 -20
T 4403 8 0 1 0
E 4403 5 -19 -59
T 4404 19 0 1 0
E 4404 5 -14 -43
T 4405 2 0 6 0
E 4405 0 6 19
E 4405 1 6 19
E 4405 2 6 19
E 4405 3 6 19
E 4405 4 6 19
E 4405 5 -9 -29
T 4406 12 0 1 0
E 4406 5 -17 -53
T 4407 22 0 1 0
E 4407 5 -12 -38
T 4408 5 0 6 0
E 4408 0 7 22
E 4408 1 7 22
E 4408 2 7 22
E 4408 3 7 22
E 4408 4 7 22
E 4408 5 -8 -26
T 4409 10 0 1 0
E 4409 5 -19 -57
T 4410 20 0 1 0
E 4410 5 -13 -41
T 4411 5 0 6 0
E 4411 0 7 21
E 4411 1 7 21
E 4411 2 7 21
E 4411 3 7 21
E 4411 4 7 21
E 4411 5 -9 -27
T 4412 11 0 1 0
E 4412 5 -18 -55
T 4413 1 0 6 0
E 4413 0 5 15
E 4413 1 5 15
E 4413 2 5 15
E 4413 3 5 15
E 4413 4 5 15
E 4413 5 -11 -33
T 4414 16 0 1 0
E 4414 5 -16 -48
T 4415 2 0 6 0
E 4415 0 6 19
E 4415 1 6 19
E 4415 2 6 19
E 4415 3 6 19
E 4415 4 6 19
E 4415 5 -9 -29
T 4416 18 0 1 0
E 4416 5 -14 -44
T 4417 0 0 6 0
E 4417 0 5 16
E 4417 1 5 16
E 4417 2 5 16
E 4417 3 5 16
E 4417 4 5 16
E 4417 5 -9 -29
T 4418 15 0 1 0
E 4418 5 -13 -41
T 4419 19 0 1 0
E 4419 5 -10 -31
T 4420 20 0 1 0
E 4420 5 -8 -25
T 4421 12 0 5 0
E 4421 0 7 23
E 4421 1 7 23
E 4421 2 7 23
E 4421 3 7 23
E 4421 4 7 23
T 4422 4 0 1 0
E 4422 5 -13 -41
T 4423 12 0 1 0
E 4423 5 -9 -27
T 4424 9 0 5 0
E 4424 0 5 16
E 4424 1 5 16
E 4424 2 5 16
E 4424 3 5 16
E 4424 4 5 16
T 4425 4 0 1 0
E 4425 5 -9 -29
T 4426 12 0 1 0
E 4426 5 -5 -15
T 4427 10 0 5 0
E 4427 0 5 15
E 4427 1 5 15
E 4427 2 5 15
E 4427 3 5 15
E 4427 4 5 15
T 4428 2 0 1 0
E 4428 5 -7 -22
T 4429 2 0 0 0
T 4430 6 0 0 0
T 4431 6 0 0 0
T 4432 3 0 0 0
T 4433 2 0 0 0
T 4434 2 0 0 0
T 4435 2 0 0 0
T 4436 0 0 0 0
T 4437 6 0 0 0
T 4438 6 0 0 0
T 4439 2 0 0 0
T 4440 6 0 1 0
E 4440 5 4 13
T 4441 12 0 0 0
T 4442 11 0 1 0
E 4442 5 4 13
T 4443 11 0 1 0
E 4443 5 5 16
T 4444 8 0 5 0
E 4444 0 -5 -17
E 4444 1 -5 -17
E 4444 2 -5 -17
E 4444 3 -5 -17
E 4444 4 -5 -17
T 4445 5 0 1 0
E 4445 5 11 34
T 4446 12 0 1 0
E 4446 5 9 27
T 4447 15 0 1 0
E 4447 5 7 22
T 4448 11 0 5 0
E 4448 0 -6 -19
E 4448 1 -6 -19
E 4448 2 -6 -19
E 4448 3 -6 -19
E 4448 4 -6 -19
T 4449 25 0 6 0
E 4449 0 5 15
E 4449 1 5 15
E 4449 2 5 15
E 4449 3 5 15
E 4449 4 5 15
E 4449 5 15 45
T 4450 19 0 5 0
E 4450 0 -10 -31
E 4450 1 -10 -31
E 4450 2 -10 -31
E 4450 3 -10 -31
E 4450 4 -10 -31
T 4451 2 0 1 0
E 4451 5 14 42
T 4452 16 0 1 0
E 4452 5 7 21
T 4453 10 0 5 0
E 4453 0 -6 -20
E 4453 1 -6 -20
E 4453 2 -6 -20
E 4453 3 -6 -20
E 4453 4 -6 -20
T 4454 20 0 6 0
E 4454 0 4 14
E 4454 1 4 14
E 4454 2 4 14
E 4454 3 4 14
E 4454 4 4 14
E 4454 5 14 44
T 4455 5 0 6 0
E 4455 0 -5 -15
E 4455 1 -5 -15
E 4455 2 -5 -15
E 4455 3 -5 -15
E 4455 4 -5 -15
E 4455 5 5 15
T 4456 7 0 1 0
E 4456 5 11 34
T 4457 2 0 6 0
E 4457 0 -4 -13
E 4457 1 -4 -13
E 4457 2 -4 -13
E 4457 3 -4 -13
E 4457 4 -4 -13
E 4457 5 5 17
T 4458 7 0 1 0
E 4458 5 11 34
T 4459 14 0 1 0
E 4459 5 7 23
T 4460 16 0 1 0
E 4460 5 6 20
T 4461 2 0 6 0
E 4461 0 -4 -13
E 4461 1 -4 -13
E 4461 2 -4 -13
E 4461 3 -4 -13
E 4461 4 -4 -13
E 4461 5 5 17
T 4462 12 0 1 0
E 4462 5 9 27
T 4463 11 0 5 0
E 4463 0 -6 -19
E 4463 1 -6 -19
E 4463 2 -6 -19
E 4463 3 -6 -19
E 4463 4 -6 -19
T 4464 2 0 1 0
E 4464 5 14 42
T 4465 8 0 1 0
E 4465 5 11 33
T 4466 17 0 1 0
E 4466 5 6 20
T 4467 1 0 6 0
E 4467 0 -4 -14
E 4467 1 -4 -14
E 4467 2 -4 -14
E 4467 3 -4 -14
E 4467 4 -4 -14
E 4467 5 5 17
T 4468 12 0 1 0
E 4468 5 10 30
T 4469 3 0 6 0
E 4469 0 -5 -17
E 4469 1 -5 -17
E 4469 2 -5 -17
E 4469 3 -5 -17
E 4469 4 -5 -17
E 4469 5 5 16
T 4470 10 0 1 0
E 4470 5 11 34
T 4471 0 0 6 0
E 4471 0 -4 -14
E 4471 1 -4 -14
E 4471 2 -4 -14
E 4471 3 -4 -14
E 4471 4 -4 -14
E 4471 5 6 20
T 4472 8 0 1 0
E 4472 5 12 38
T 4473 0 0 6 0
E 4473 0 -4 -13
E 4473 1 -4 -13
E 4473 2 -4 -13
E 4473 3 -4 -13
E 4473 4 -4 -13
E 4473 5 7 22
T 4474 17 0 1 0
E 4474 5 9 28
T 4475 8 0 6 0
E 4475 0 -7 -23
E 4475 1 -7 -23
E 4475 2 -7 -23
E 4475 3 -7 -23
E 4475 4 -7 -23
E 4475 5 4 13
T 4476 9 0 1 0
E 4476 5 14 42
T 4477 15 0 1 0
E 4477 5 11 33
T 4478 7 0 6 0
E 4478 0 -7 -23
E 4478 1 -7 -23
E 4478 2 -7 -23
E 4478 3 -7 -23
E 4478 4 -7 -23
E 4478 5 5 15
T 4479 8 0 1 0
E 4479 5 15 46
T 4480 1 0 6 0
E 4480 0 -4 -13
E 4480 1 -4 -13
E 4480 2 -4 -13
E 4480 3 -4 -13
E 4480 4 -4 -13
E 4480 5 8 26
T 4481 18 0 1 0
E 4481 5 10 32
T 4482 2 0 6 0
E 4482 0 -5 -15
E 4482 1 -5 -15
E 4482 2 -5 -15
E 4482 3 -5 -15
E 4482 4 -5 -15
E 4482 5 8 25
T 4483 14 0 1 0
E 4483 5 13 40
T 4484 2 0 6 0
E 4484 0 -4 -13
E 4484 1 -4 -13
E 4484 2 -4 -13
E 4484 3 -4 -13
E 4484 4 -4 -13
E 4484 5 9 29
T 4485 17 0 1 0
E 4485 5 12 37
T 4486 3 0 6 0
E 4486 0 -6 -19
E 4486 1 -6 -19
E 4486 2 -6 -19
E 4486 3 -6 -19
E 4486 4 -6 -19
E 4486 5 8 24
T 4487 12 0 1 0
E 4487 5 15 46
T 4488 22 0 1 0
E 4488 5 10 32
T 4489 2 0 6 0
E 4489 0 -6 -20
E 4489 1 -6 -20
E 4489 2 -6 -20
E 4489 3 -6 -20
E 4489 4 -6 -20
E 4489 5 8 25
T 4490 10 0 1 0
E 4490 5 17 52
T 4491 1 0 6 0
E 4491 0 -5 -17
E 4491 1 -5 -17
E 4491 2 -5 -17
E 4491 3 -5 -17
E 4491 4 -5 -17
E 4491 5 9 29
T 4492 20 0 1 0
E 4492 5 13 39
T 4493 6 0 6 0
E 4493 0 -7 -21
E 4493 1 -7 -21
E 4493 2 -7 -21
E 4493 3 -7 -21
E 4493 4 -7 -21
E 4493 5 8 26
T 4494 15 0 1 0
E 4494 5 16 49
T 4495 1 0 6 0
E 4495 0 -6 -20
E 4495 1 -6 -20
E 4495 2 -6 -20
E 4495 3 -6 -20
E 4495 4 -6 -20
E 4495 5 9 28
T 4496 20 0 1 0
E 4496 5 14 42
T 4497 2 0 6 0
E 4497 0 -6 -18
E 4497 1 -6 -18
E 4497 2 -6 -18
E 4497 3 -6 -18
E 4497 4 -6 -18
E 4497 5 10 30
T 4498 20 0 1 0
E 4498 5 14 42
T 4499 5 0 6 0
E 4499 0 -7 -21
E 4499 1 -7 -21
E 4499 2 -7 -21
E 4499 3 -7 -21
E 4499 4 -7 -21
E 4499 5 9 27
T 4500 16 0 1 0
E 4500 5 16 48
T 4501 8 0 6 0
E 4501 0 -8 -24
E 4501 1 -8 -24
E 4501 2 -8 -24
E 4501 3 -8 -24
E 4501 4 -8 -24
E 4501 5 8 24
T 4502 9 0 1 0
E 4502 5 19 58
T 4503 5 0 6 0
E 4503 0 -4 -14
E 4503 1 -4 -14
E 4503 2 -4 -14
E 4503 3 -4 -14
E 4503 4 -4 -14
E 4503 5 11 34
T 4504 17 0 1 0
E 4504 5 15 46
T 4505 2 0 6 0
E 4505 0 -5 -17
E 4505 1 -5 -17
E 4505 2 -5 -17
E 4505 3 -5 -17
E 4505 4 -5 -17
E 4505 5 10 31
T 4506 16 0 1 0
E 4506 5 16 48
T 4507 5 0 6 0
E 4507 0 -4 -14
E 4507 1 -4 -14
E 4507 2 -4 -14
E 4507 3 -4 -14
E 4507 4 -4 -14
E 4507 5 11 34
T 4508 4 0 6 0
E 4508 0 -4 -13
E 4508 1 -4 -13
E 4508 2 -4 -13
E 4508 3 -4 -13
E 4508 4 -4 -13
E 4508 5 11 35
T 4509 22 0 1 0
E 4509 5 13 39
T 4510 10 0 6 0
E 4510 0 -9 -29
E 4510 1 -9 -29
E 4510 2 -9 -29
E 4510 3 -9 -29
E 4510 4 -9 -29
E 4510 5 6 19
T 4511 12 0 1 0
E 4511 5 18 54
T 4512 1 0 6 0
E 4512 0 -5 -16
E 4512 1 -5 -16
E 4512 2 -5 -16
E 4512 3 -5 -16
E 4512 4 -5 -16
E 4512 5 10 32
T 4513 14 0 1 0
E 4513 5 16 50
T 4514 24 0 1 0
E 4514 5 12 36
T 4515 1 0 6 0
E 4515 0 -6 -20
E 4515 1 -6 -20
E 4515 2 -6 -20
E 4515 3 -6 -20
E 4515 4 -6 -20
E 4515 5 9 28
T 4516 13 0 1 0
E 4516 5 17 52
T 4517 22 0 1 0
E 4517 5 13 39
T 4518 1 0 6 0
E 4518 0 -6 -20
E 4518 1 -6 -20
E 4518 2 -6 -20
E 4518 3 -6 -20
E 4518 4 -6 -20
E 4518 5 9 28
T 4519 16 0 1 0
E 4519 5 16 48
T 4520 4 0 6 0
E 4520 0 -4 -13
E 4520 1 -4 -13
E 4520 2 -4 -13
E 4520 3 -4 -13
E 4520 4 -4 -13
E 4520 5 11 35
T 4521 18 0 1 0
E 4521 5 15 45
T 4522 2 0 6 0
E 4522 0 -6 -18
E 4522 1 -6 -18
E 4522 2 -6 -18
E 4522 3 -6 -18
E 4522 4 -6 -18
E 4522 5 10 30
T 4523 17 0 1 0
E 4523 5 15 46
T 4524 1 0 6 0
E 4524 0 -6 -20
E 4524 1 -6 -20
E 4524 2 -6 -20
E 4524 3 -6 -20
E 4524 4 -6 -20
E 4524 5 9 28
T 4525 18 0 1 0
E 4525 5 15 45
T 4526 7 0 6 0
E 4526 0 -8 -26
E 4526 1 -8 -26
E 4526 2 -8 -26
E 4526 3 -8 -26
E 4526 4 -8 -26
E 4526 5 7 22
T 4527 15 0 1 0
E 4527 5 16 49
T 4528 4 0 6 0
E 4528 0 -4 -13
E 4528 1 -4 -13
E 4528 2 -4 -13
E 4528 3 -4 -13
E 4528 4 -4 -13
E 4528 5 11 35
T 4529 20 0 1 0
E 4529 5 13 41
T 4530 2 0 6 0
E 4530 0 -6 -18
E 4530 1 -6 -18
E 4530 2 -6 -18
E 4530 3 -6 -18
E 4530 4 -6 -18
E 4530 5 10 30
T 4531 18 0 1 0
E 4531 5 15 45
T 4532 1 0 6 0
E 4532 0 -5 -16
E 4532 1 -5 -16
E 4532 2 -5 -16
E 4532 3 -5 -16
E 4532 4 -5 -16
E 4532 5 10 32
T 4533 19 0 1 0
E 4533 5 14 43
T 4534 5 0 6 0
E 4534 0 -7 -21
E 4534 1 -7 -21
E 4534 2 -7 -21
E 4534 3 -7 -21
E 4534 4 -7 -21
E 4534 5 9 27
T 4535 12 0 1 0
E 4535 5 17 53
T 4536 4 0 6 0
E 4536 0 -4 -13
E 4536 1 -4 -13
E 4536 2 -4 -13
E 4536 3 -4 -13
E 4536 4 -4 -13
E 4536 5 11 35
T 4537 19 0 1 0
E 4537 5 14 43
T 4538 8 0 6 0
E 4538 0 -8 -25
E 4538 1 -8 -25
E 4538 2 -8 -25
E 4538 3 -8 -25
E 4538 4 -8 -25
E 4538 5 7 23
T 4539 12 0 1 0
E 4539 5 17 53
T 4540 2 0 6 0
E 4540 0 -6 -19
E 4540 1 -6 -19
E 4540 2 -6 -19
E 4540 3 -6 -19
E 4540 4 -6 -19
E 4540 5 9 29
T 4541 12 0 1 0
E 4541 5 17 53
T 4542 5 0 6 0
E 4542 0 -4 -14
E 4542 1 -4 -14
E 4542 2 -4 -14
E 4542 3 -4 -14
E 4542 4 -4 -14
E 4542 5 11 34
T 4543 23 0 1 0
E 4543 5 12 37
T 4544 8 0 6 0
E 4544 0 -8 -25
E 4544 1 -8 -25
E 4544 2 -8 -25
E 4544 3 -8 -25
E 4544 4 -8 -25
E 4544 5 7 23
T 4545 12 0 1 0
E 4545 5 17 53
T 4546 22 0 1 0
E 4546 5 12 38
T 4547 2 0 6 0
E 4547 0 -6 -18
E 4547 1 -6 -18
E 4547 2 -6 -18
E 4547 3 -6 -18
E 4547 4 -6 -18
E 4547 5 10 30
T 4548 12 0 1 0
E 4548 5 18 54
T 4549 2 0 6 0
E 4549 0 -6 -18
E 4549 1 -6 -18
E 4549 2 -6 -18
E 4549 3 -6 -18
E 4549 4 -6 -18
E 4549 5 10 30
T 4550 12 0 1 0
E 4550 5 17 53
T 4551 2 0 6 0
E 4551 0 -6 -19
E 4551 1 -6 -19
E 4551 2 -6 -19
E 4551 3 -6 -19
E 4551 4 -6 -19
E 4551 5 9 29
T 4552 12 0 1 0
E 4552 5 17 53
T 4553 1 0 6 0
E 4553 0 -5 -16
E 4553 1 -5 -16
E 4553 2 -5 -16
E 4553 3 -5 -16
E 4553 4 -5 -16
E 4553 5 10 32
T 4554 18 0 1 0
E 4554 5 14 44
T 4555 1 0 6 0
E 4555 0 -5 -16
E 4555 1 -5 -16
E 4555 2 -5 -16
E 4555 3 -5 -16
E 4555 4 -5 -16
E 4555 5 10 32
T 4556 18 0 1 0
E 4556 5 14 44
T 4557 1 0 6 0
E 4557 0 -6 -20
E 4557 1 -6 -20
E 4557 2 -6 -20
E 4557 3 -6 -20
E 4557 4 -6 -20
E 4557 5 9 28
T 4558 20 0 1 0
E 4558 5 14 42
T 4559 8 0 6 0
E 4559 0 -8 -24
E 4559 1 -8 -24
E 4559 2 -8 -24
E 4559 3 -8 -24
E 4559 4 -8 -24
E 4559 5 8 24
T 4560 56 0 6 0
E 4560 0 19 58
E 4560 1 19 58
E 4560 2 19 58
E 4560 3 19 58
E 4560 4 19 58
E 4560 5 19 58
T 4561 57 0 6 0
E 4561 0 -19 -58
E 4561 1 -19 -58
E 4561 2 -19 -58
E 4561 3 -19 -58
E 4561 4 -19 -58
E 4561 5 -20 -61
T 4562 54 0 6 0
E 4562 0 19 58
E 4562 1 19 58
E 4562 2 19 58
E 4562 3 19 58
E 4562 4 19 58
E 4562 5 17 52
T 4563 46 0 6 0
E 4563 0 -15 -47
E 4563 1 -15 -47
E 4563 2 -15 -47
E 4563 3 -15 -47
E 4563 4 -15 -47
E 4563 5 -18 -56
T 4564 37 0 6 0
E 4564 0 14 43
E 4564 1 14 43
E 4564 2 14 43
E 4564 3 14 43
E 4564 4 14 43
E 4564 5 10 30
T 4565 34 0 6 0
E 4565 0 -10 -32
E 4565 1 -10 -32
E 4565 2 -10 -32
E 4565 3 -10 -32
E 4565 4 -10 -32
E 4565 5 -16 -48
T 4566 28 0 6 0
E 4566 0 12 38
E 4566 1 12 38
E 4566 2 12 38
E 4566 3 12 38
E 4566 4 12 38
E 4566 5 6 19
T 4567 24 0 6 0
E 4567 0 -6 -20
E 4567 1 -6 -20
E 4567 2 -6 -20
E 4567 3 -6 -20
E 4567 4 -6 -20
E 4567 5 -14 -42
T 4568 11 0 5 0
E 4568 0 6 19
E 4568 1 6 19
E 4568 2 6 19
E 4568 3 6 19
E 4568 4 6 19
T 4569 21 0 6 0
E 4569 0 -4 -13
E 4569 1 -4 -13
E 4569 2 -4 -13
E 4569 3 -4 -13
E 4569 4 -4 -13
E 4569 5 -14 -42
T 4570 16 0 5 0
E 4570 0 9 29
E 4570 1 9 29
E 4570 2 9 29
E 4570 3 9 29
E 4570 4 9 29
T 4571 5 0 1 0
E 4571 5 -14 -44
T 4572 18 0 1 0
E 4572 5 -10 -30
T 4573 6 0 6 0
E 4573 0 7 23
E 4573 1 7 23
E 4573 2 7 23
E 4573 3 7 23
E 4573 4 7 23
E 4573 5 -6 -18
T 4574 9 0 1 0
E 4574 5 -17 -53
T 4575 20 0 1 0
E 4575 5 -13 -41
T 4576 4 0 6 0
E 4576 0 7 22
E 4576 1 7 22
E 4576 2 7 22
E 4576 3 7 22
E 4576 4 7 22
E 4576 5 -9 -29
T 4577 18 0 1 0
E 4577 5 -17 -53
T 4578 5 0 6 0
E 4578 0 8 25
E 4578 1 8 25
E 4578 2 8 25
E 4578 3 8 25
E 4578 4 8 25
E 4578 5 -10 -32
T 4579 19 0 1 0
E 4579 5 -21 -63
T 4580 2 0 6 0
E 4580 0 8 25
E 4580 1 8 25
E 4580 2 8 25
E 4580 3 8 25
E 4580 4 8 25
E 4580 5 -13 -39
T 4581 17 0 1 0
E 4581 5 -24 -74
T 4582 3 0 6 0
E 4582 0 7 23
E 4582 1 7 23
E 4582 2 7 23
E 4582 3 7 23
E 4582 4 7 23
E 4582 5 -15 -47
T 4583 25 0 1 0
E 4583 5 -24 -72
T 4584 2 0 6 0
E 4584 0 8 25
E 4584 1 8 25
E 4584 2 8 25
E 4584 3 8 25
E 4584 4 8 25
E 4584 5 -17 -52
T 4585 31 0 1 0
E 4585 5 -24 -73
T 4586 2 0 6 0
E 4586 0 10 31
E 4586 1 10 31
E 4586 2 10 31
E 4586 3 10 31
E 4586 4 10 31
E 4586 5 -17 -52
T 4587 30 0 1 0
E 4587 5 -27 -83
T 4588 1 0 6 0
E 4588 0 10 30
E 4588 1 10 30
E 4588 2 10 30
E 4588 3 10 30
E 4588 4 10 30
E 4588 5 -19 -59
T 4589 27 0 1 0
E 4589 5 -32 -98
T 4590 11 0 6 0
E 4590 0 9 28
E 4590 1 9 28
E 4590 2 9 28
E 4590 3 9 28
E 4590 4 9 28
E 4590 5 -6 -20
T 4591 8 0 1 0
E 4591 5 -20 -60
T 4592 20 0 1 0
E 4592 5 -14 -42
T 4593 1 0 6 0
E 4593 0 5 16
E 4593 1 5 16
E 4593 2 5 16
E 4593 3 5 16
E 4593 4 5 16
E 4593 5 -10 -32
T 4594 22 0 1 0
E 4594 5 -13 -39
T 4595 10 0 6 0
E 4595 0 9 29
E 4595 1 9 29
E 4595 2 9 29
E 4595 3 9 29
E 4595 4 9 29
E 4595 5 -6 -19
T 4596 9 0 1 0
E 4596 5 -19 -58
T 4597 19 0 1 0
E 4597 5 -14 -43
T 4598 4 0 6 0
E 4598 0 7 23
E 4598 1 7 23
E 4598 2 7 23
E 4598 3 7 23
E 4598 4 7 23
E 4598 5 -8 -25
T 4599 16 0 1 0
E 4599 5 -15 -47
T 4600 5 0 6 0
E 4600 0 4 14
E 4600 1 4 14
E 4600 2 4 14
E 4600 3 4 14
E 4600 4 4 14
E 4600 5 -11 -34
T 4601 22 0 1 0
E 4601 5 -13 -39
T 4602 8 0 6 0
E 4602 0 8 24
E 4602 1 8 24
E 4602 2 8 24
E 4602 3 8 24
E 4602 4 8 24
E 4602 5 -8 -24
T 4603 11 0 1 0
E 4603 5 -18 -55
T 4604 2 0 6 0
E 4604 0 5 17
E 4604 1 5 17
E 4604 2 5 17
E 4604 3 5 17
E 4604 4 5 17
E 4604 5 -10 -31
T 4605 16 0 1 0
E 4605 5 -16 -48
T 4606 4 0 6 0
E 4606 0 4 13
E 4606 1 4 13
E 4606 2 4 13
E 4606 3 4 13
E 4606 4 4 13
E 4606 5 -11 -35
T 4607 19 0 1 0
E 4607 5 -14 -43
T 4608 2 0 6 0
E 4608 0 6 19
E 4608 1 6 19
E 4608 2 6 19
E 4608 3 6 19
E 4608 4 6 19
E 4608 5 -9 -29
T 4609 12 0 1 0
E 4609 5 -17 -53
T 4610 1 0 6 0
E 4610 0 6 20
E 4610 1 6 20
E 4610 2 6 20
E 4610 3 6 20
E 4610 4 6 20
E 4610 5 -9 -28
T 4611 20 0 1 0
E 4611 5 -14 -42
T 4612 2 0 6 0
E 4612 0 6 19
E 4612 1 6 19
E 4612 2 6 19
E 4612 3 6 19
E 4612 4 6 19
E 4612 5 -9 -29
T 4613 14 0 1 0
E 4613 5 -17 -51
T 4614 1 0 6 0
E 4614 0 6 20
E 4614 1 6 20
E 4614 2 6 20
E 4614 3 6 20
E 4614 4 6 20
E 4614 5 -9 -28
T 4615 18 0 1 0
E 4615 5 -14 -44
T 4616 4 0 6 0
E 4616 0 4 13
E 4616 1 4 13
E 4616 2 4 13
E 4616 3 4 13
E 4616 4 4 13
E 4616 5 -11 -35
T 4617 16 0 1 0
E 4617 5 -15 -47
T 4618 1 0 6 0
E 4618 0 5 16
E 4618 1 5 16
E 4618 2 5 16
E 4618 3 5 16
E 4618 4 5 16
E 4618 5 -10 -32
T 4619 20 0 1 0
E 4619 5 -13 -41
T 4620 2 0 6 0
E 4620 0 5 17
E 4620 1 5 17
E 4620 2 5 17
E 4620 3 5 17
E 4620 4 5 17
E 4620 5 -10 -31
T 4621 17 0 1 0
E 4621 5 -15 -46
T 4622 4 0 6 0
E 4622 0 4 13
E 4622 1 4 13
E 4622 2 4 13
E 4622 3 4 13
E 4622 4 4 13
E 4622 5 -11 -35
T 4623 18 0 1 0
E 4623 5 -15 -45
T 4624 1 0 6 0
E 4624 0 5 15
E 4624 1 5 15
E 4624 2 5 15
E 4624 3 5 15
E 4624 4 5 15
E 4624 5 -11 -33
T 4625 16 0 1 0
E 4625 5 -15 -47
T 4626 5 0 6 0
E 4626 0 4 14
E 4626 1 4 14
E 4626 2 4 14
E 4626 3 4 14
E 4626 4 4 14
E 4626 5 -11 -34
T 4627 4 0 6 0
E 4627 0 4 13
E 4627 1 4 13
E 4627 2 4 13
E 4627 3 4 13
E 4627 4 4 13
E 4627 5 -11 -35
T 4628 20 0 1 0
E 4628 5 -13 -41
T 4629 4 0 6 0
E 4629 0 7 23
E 4629 1 7 23
E 4629 2 7 23
E 4629 3 7 23
E 4629 4 7 23
E 4629 5 -8 -25
T 4630 16 0 1 0
E 4630 5 -16 -48
T 4631 24 0 1 0
E 4631 5 -12 -36
T 4632 5 0 6 0
E 4632 0 7 22
E 4632 1 7 22
E 4632 2 7 22
E 4632 3 7 22
E 4632 4 7 22
E 4632 5 -8 -26
T 4633 11 0 1 0
E 4633 5 -18 -55
T 4634 21 0 1 0
E 4634 5 -13 -40
T 4635 5 0 6 0
E 4635 0 7 21
E 4635 1 7 21
E 4635 2 7 21
E 4635 3 7 21
E 4635 4 7 21
E 4635 5 -9 -27
T 4636 10 0 1 0
E 4636 5 -19 -57
T 4637 22 0 1 0
E 4637 5 -12 -38
T 4638 8 0 6 0
E 4638 0 8 24
E 4638 1 8 24
E 4638 2 8 24
E 4638 3 8 24
E 4638 4 8 24
E 4638 5 -8 -24
T 4639 10 0 1 0
E 4639 5 -19 -57
T 4640 22 0 1 0
E 4640 5 -13 -39
T 4641 5 0 6 0
E 4641 0 7 21
E 4641 1 7 21
E 4641 2 7 21
E 4641 3 7 21
E 4641 4 7 21
E 4641 5 -9 -27
T 4642 12 0 1 0
E 4642 5 -18 -54
T 4643 2 0 6 0
E 4643 0 6 18
E 4643 1 6 18
E 4643 2 6 18
E 4643 3 6 18
E 4643 4 6 18
E 4643 5 -10 -30
T 4644 15 0 1 0
E 4644 5 -16 -49
T 4645 1 0 6 0
E 4645 0 5 15
E 4645 1 5 15
E 4645 2 5 15
E 4645 3 5 15
E 4645 4 5 15
E 4645 5 -11 -33
T 4646 14 0 1 0
E 4646 5 -17 -51
T 4647 1 0 6 0
E 4647 0 5 15
E 4647 1 5 15
E 4647 2 5 15
E 4647 3 5 15
E 4647 4 5 15
E 4647 5 -11 -33
T 4648 15 0 1 0
E 4648 5 -16 -49
T 4649 2 0 6 0
E 4649 0 5 17
E 4649 1 5 17
E 4649 2 5 17
E 4649 3 5 17
E 4649 4 5 17
E 4649 5 -10 -31
T 4650 20 0 1 0
E 4650 5 -14 -42
T 4651 4 0 6 0
E 4651 0 7 23
E 4651 1 7 23
E 4651 2 7 23
E 4651 3 7 23
E 4651 4 7 23
E 4651 5 -8 -25
T 4652 15 0 1 0
E 4652 5 -16 -49
T 4653 5 0 6 0
E 4653 0 4 14
E 4653 1 4 14
E 4653 2 4 14
E 4653 3 4 14
E 4653 4 4 14
E 4653 5 -11 -34
T 4654 24 0 1 0
E 4654 5 -12 -36
T 4655 11 0 6 0
E 4655 0 9 28
E 4655 1 9 28
E 4655 2 9 28
E 4655 3 9 28
E 4655 4 9 28
E 4655 5 -6 -20
T 4656 26 0 6 0
E 4656 0 -4 -14
E 4656 1 -4 -14
E 4656 2 -4 -14
E 4656 3 -4 -14
E 4656 4 -4 -14
E 4656 5 -20 -62
T 4657 12 0 6 0
E 4657 0 9 28
E 4657 1 9 28
E 4657 2 9 28
E 4657 3 9 28
E 4657 4 9 28
E 4657 5 -5 -17
T 4658 8 0 1 0
E 4658 5 -17 -52
T 4659 14 0 1 0
E 4659 5 -12 -38
T 4660 17 0 1 0
E 4660 5 -9 -29
T 4661 1 0 6 0
E 4661 0 4 14
E 4661 1 4 14
E 4661 2 4 14
E 4661 3 4 14
E 4661 4 4 14
E 4661 5 -7 -21
T 4662 13 0 1 0
E 4662 5 -9 -28
T 4663 16 0 1 0
E 4663 5 -7 -21
T 4664 3 0 6 0
E 4664 0 4 13
E 4664 1 4 13
E 4664 2 4 13
E 4664 3 4 13
E 4664 4 4 13
E 4664 5 -4 -14
T 4665 2 0 1 0
E 4665 5 -11 -33
T 4666 10 0 1 0
E 4666 5 -5 -17
T 4667 9 0 1 0
E 4667 5 -4 -14
T 4668 7 0 0 0
T 4669 4 0 1 0
E 4669 5 -4 -14
T 4670 1 0 1 0
E 4670 5 -4 -14
T 4671 0 0 0 0
T 4672 5 0 0 0
T 4673 8 0 0 0
T 4674 6 0 0 0
T 4675 10 0 0 0
T 4676 7 0 1 0
E 4676 5 5 16
T 4677 4 0 1 0
E 4677 5 5 16
T 4678 3 0 1 0
E 4678 5 5 17
T 4679 2 0 1 0
E 4679 5 5 15
T 4680 6 0 1 0
E 4680 5 4 13
T 4681 10 0 0 0
T 4682 9 0 5 0
E 4682 0 -5 -16
E 4682 1 -5 -16
E 4682 2 -5 -16
E 4682 3 -5 -16
E 4682 4 -5 -16
T 4683 4 0 1 0
E 4683 5 9 27
T 4684 8 0 1 0
E 4684 5 8 25
T 4685 14 0 1 0
E 4685 5 6 20
T 4686 14 0 5 0
E 4686 0 -7 -21
E 4686 1 -7 -21
E 4686 2 -7 -21
E 4686 3 -7 -21
E 4686 4 -7 -21
T 4687 28 0 6 0
E 4687 0 6 18
E 4687 1 6 18
E 4687 2 6 18
E 4687 3 6 18
E 4687 4 6 18
E 4687 5 16 48
T 4688 20 0 5 0
E 4688 0 -10 -30
E 4688 1 -10 -30
E 4688 2 -10 -30
E 4688 3 -10 -30
E 4688 4 -10 -30
T 4689 24 0 6 0
E 4689 0 5 16
E 4689 1 5 16
E 4689 2 5 16
E 4689 3 5 16
E 4689 4 5 16
E 4689 5 15 46
T 4690 18 0 5 0
E 4690 0 -9 -27
E 4690 1 -9 -27
E 4690 2 -9 -27
E 4690 3 -9 -27
E 4690 4 -9 -27
T 4691 23 0 6 0
E 4691 0 5 17
E 4691 1 5 17
E 4691 2 5 17
E 4691 3 5 17
E 4691 4 5 17
E 4691 5 15 47
T 4692 11 0 5 0
E 4692 0 -6 -19
E 4692 1 -6 -19
E 4692 2 -6 -19
E 4692 3 -6 -19
E 4692 4 -6 -19
T 4693 2 0 1 0
E 4693 5 13 41
T 4694 13 0 1 0
E 4694 5 8 25
T 4695 16 0 1 0
E 4695 5 6 20
T 4696 1 0 6 0
E 4696 0 -4 -14
E 4696 1 -4 -14
E 4696 2 -4 -14
E 4696 3 -4 -14
E 4696 4 -4 -14
E 4696 5 5 16
T 4697 6 0 1 0
E 4697 5 11 35
T 4698 11 0 1 0
E 4698 5 9 28
T 4699 14 0 1 0
E 4699 5 7 23
T 4700 5 0 6 0
E 4700 0 -5 -15
E 4700 1 -5 -15
E 4700 2 -5 -15
E 4700 3 -5 -15
E 4700 4 -5 -15
E 4700 5 5 15
T 4701 8 0 1 0
E 4701 5 10 32
T 4702 5 0 6 0
E 4702 0 -5 -15
E 4702 1 -5 -15
E 4702 2 -5 -15
E 4702 3 -5 -15
E 4702 4 -5 -15
E 4702 5 5 15
T 4703 10 0 1 0
E 4703 5 10 30
T 4704 14 0 1 0
E 4704 5 7 23
T 4705 10 0 5 0
E 4705 0 -6 -20
E 4705 1 -6 -20
E 4705 2 -6 -20
E 4705 3 -6 -20
E 4705 4 -6 -20
T 4706 7 0 1 0
E 4706 5 11 35
T 4707 13 0 1 0
E 4707 5 9 27
T 4708 1 0 6 0
E 4708 0 -4 -13
E 4708 1 -4 -13
E 4708 2 -4 -13
E 4708 3 -4 -13
E 4708 4 -4 -13
E 4708 5 6 19
T 4709 14 0 1 0
E 4709 5 9 28
T 4710 19 0 1 0
E 4710 5 7 21
T 4711 12 0 5 0
E 4711 0 -7 -23
E 4711 1 -7 -23
E 4711 2 -7 -23
E 4711 3 -7 -23
E 4711 4 -7 -23
T 4712 7 0 1 0
E 4712 5 13 40
T 4713 4 0 6 0
E 4713 0 -5 -15
E 4713 1 -5 -15
E 4713 2 -5 -15
E 4713 3 -5 -15
E 4713 4 -5 -15
E 4713 5 6 20
T 4714 13 0 1 0
E 4714 5 11 34
T 4715 3 0 6 0
E 4715 0 -5 -16
E 4715 1 -5 -16
E 4715 2 -5 -16
E 4715 3 -5 -16
E 4715 4 -5 -16
E 4715 5 6 20
T 4716 14 0 1 0
E 4716 5 11 34
T 4717 2 0 6 0
E 4717 0 -5 -17
E 4717 1 -5 -17
E 4717 2 -5 -17
E 4717 3 -5 -17
E 4717 4 -5 -17
E 4717 5 6 20
T 4718 12 0 1 0
E 4718 5 13 39
T 4719 19 0 1 0
E 4719 5 10 30
T 4720 8 0 6 0
E 4720 0 -7 -21
E 4720 1 -7 -21
E 4720 2 -7 -21
E 4720 3 -7 -21
E 4720 4 -7 -21
E 4720 5 6 18
T 4721 10 0 1 0
E 4721 5 14 44
T 4722 2 0 6 0
E 4722 0 -5 -15
E 4722 1 -5 -15
E 4722 2 -5 -15
E 4722 3 -5 -15
E 4722 4 -5 -15
E 4722 5 8 25
T 4723 10 0 1 0
E 4723 5 15 46
T 4724 3 0 6 0
E 4724 0 -4 -14
E 4724 1 -4 -14
E 4724 2 -4 -14
E 4724 3 -4 -14
E 4724 4 -4 -14
E 4724 5 9 28
T 4725 20 0 1 0
E 4725 5 10 32
T 4726 12 0 6 0
E 4726 0 -9 -28
E 4726 1 -9 -28
E 4726 2 -9 -28
E 4726 3 -9 -28
E 4726 4 -9 -28
E 4726 5 5 15
T 4727 6 0 1 0
E 4727 5 18 55
T 4728 18 0 1 0
E 4728 5 13 39
T 4729 9 0 6 0
E 4729 0 -8 -24
E 4729 1 -8 -24
E 4729 2 -8 -24
E 4729 3 -8 -24
E 4729 4 -8 -24
E 4729 5 7 21
T 4730 12 0 1 0
E 4730 5 16 49
T 4731 2 0 6 0
E 4731 0 -6 -19
E 4731 1 -6 -19
E 4731 2 -6 -19
E 4731 3 -6 -19
E 4731 4 -6 -19
E 4731 5 9 27
T 4732 14 0 1 0
E 4732 5 15 47
T 4733 23 0 1 0
E 4733 5 11 35
T 4734 7 0 6 0
E 4734 0 -8 -26
E 4734 1 -8 -26
E 4734 2 -8 -26
E 4734 3 -8 -26
E 4734 4 -8 -26
E 4734 5 7 22
T 4735 12 0 1 0
E 4735 5 18 54
T 4736 23 0 1 0
E 4736 5 12 37
T 4737 8 0 6 0
E 4737 0 -8 -25
E 4737 1 -8 -25
E 4737 2 -8 -25
E 4737 3 -8 -25
E 4737 4 -8 -25
E 4737 5 7 23
T 4738 12 0 1 0
E 4738 5 17 53
T 4739 1 0 6 0
E 4739 0 -5 -15
E 4739 1 -5 -15
E 4739 2 -5 -15
E 4739 3 -5 -15
E 4739 4 -5 -15
E 4739 5 11 33
T 4740 21 0 1 0
E 4740 5 13 40
T 4741 8 0 6 0
E 4741 0 -8 -25
E 4741 1 -8 -25
E 4741 2 -8 -25
E 4741 3 -8 -25
E 4741 4 -8 -25
E 4741 5 7 23
T 4742 14 0 1 0
E 4742 5 16 50
T 4743 22 0 1 0
E 4743 5 12 38
T 4744 2 0 6 0
E 4744 0 -6 -18
E 4744 1 -6 -18
E 4744 2 -6 -18
E 4744 3 -6 -18
E 4744 4 -6 -18
E 4744 5 10 30
T 4745 17 0 1 0
E 4745 5 15 46
T 4746 5 0 6 0
E 4746 0 -4 -14
E 4746 1 -4 -14
E 4746 2 -4 -14
E 4746 3 -4 -14
E 4746 4 -4 -14
E 4746 5 11 34
T 4747 20 0 1 0
E 4747 5 13 41
T 4748 1 0 6 0
E 4748 0 -6 -20
E 4748 1 -6 -20
E 4748 2 -6 -20
E 4748 3 -6 -20
E 4748 4 -6 -20
E 4748 5 9 28
T 4749 19 0 1 0
E 4749 5 14 43
T 4750 1 0 6 0
E 4750 0 -5 -15
E 4750 1 -5 -15
E 4750 2 -5 -15
E 4750 3 -5 -15
E 4750 4 -5 -15
E 4750 5 11 33
T 4751 21 0 1 0
E 4751 5 13 40
T 4752 5 0 6 0
E 4752 0 -7 -21
E 4752 1 -7 -21
E 4752 2 -7 -21
E 4752 3 -7 -21
E 4752 4 -7 -21
E 4752 5 9 27
T 4753 14 0 1 0
E 4753 5 16 50
T 4754 4 0 6 0
E 4754 0 -4 -13
E 4754 1 -4 -13
E 4754 2 -4 -13
E 4754 3 -4 -13
E 4754 4 -4 -13
E 4754 5 11 35
T 4755 22 0 1 0
E 4755 5 12 38
T 4756 1 0 6 0
E 4756 0 -6 -20
E 4756 1 -6 -20
E 4756 2 -6 -20
E 4756 3 -6 -20
E 4756 4 -6 -20
E 4756 5 9 28
T 4757 19 0 1 0
E 4757 5 14 43
T 4758 1 0 6 0
E 4758 0 -5 -16
E 4758 1 -5 -16
E 4758 2 -5 -16
E 4758 3 -5 -16
E 4758 4 -5 -16
E 4758 5 10 32
T 4759 14 0 1 0
E 4759 5 16 50
T 4760 1 0 6 0
E 4760 0 -5 -15
E 4760 1 -5 -15
E 4760 2 -5 -15
E 4760 3 -5 -15
E 4760 4 -5 -15
E 4760 5 11 33
T 4761 14 0 1 0
E 4761 5 16 50
T 4762 4 0 6 0
E 4762 0 -4 -13
E 4762 1 -4 -13
E 4762 2 -4 -13
E 4762 3 -4 -13
E 4762 4 -4 -13
E 4762 5 11 35
T 4763 23 0 1 0
E 4763 5 12 37
T 4764 11 0 6 0
E 4764 0 -9 -28
E 4764 1 -9 -28
E 4764 2 -9 -28
E 4764 3 -9 -28
E 4764 4 -9 -28
E 4764 5 6 20
T 4765 30 0 6 0
E 4765 0 5 16
E 4765 1 5 16
E 4765 2 5 16
E 4765 3 5 16
E 4765 4 5 16
E 4765 5 21 64
T 4766 14 0 6 0
E 4766 0 -10 -30
E 4766 1 -10 -30
E 4766 2 -10 -30
E 4766 3 -10 -30
E 4766 4 -10 -30
E 4766 5 6 18
T 4767 8 0 1 0
E 4767 5 19 59
T 4768 4 0 6 0
E 4768 0 -4 -13
E 4768 1 -4 -13
E 4768 2 -4 -13
E 4768 3 -4 -13
E 4768 4 -4 -13
E 4768 5 11 35
T 4769 16 0 1 0
E 4769 5 16 48
T 4770 5 0 6 0
E 4770 0 -4 -14
E 4770 1 -4 -14
E 4770 2 -4 -14
E 4770 3 -4 -14
E 4770 4 -4 -14
E 4770 5 11 34
T 4771 22 0 1 0
E 4771 5 12 38
T 4772 11 0 6 0
E 4772 0 -9 -28
E 4772 1 -9 -28
E 4772 2 -9 -28
E 4772 3 -9 -28
E 4772 4 -9 -28
E 4772 5 6 20
T 4773 11 0 1 0
E 4773 5 18 55
T 4774 2 0 6 0
E 4774 0 -5 -17
E 4774 1 -5 -17
E 4774 2 -5 -17
E 4774 3 -5 -17
E 4774 4 -5 -17
E 4774 5 10 31
T 4775 20 0 1 0
E 4775 5 14 42
T 4776 7 0 6 0
E 4776 0 -8 -26
E 4776 1 -8 -26
E 4776 2 -8 -26
E 4776 3 -8 -26
E 4776 4 -8 -26
E 4776 5 7 22
T 4777 16 0 1 0
E 4777 5 16 48
T 4778 1 0 6 0
E 4778 0 -5 -15
E 4778 1 -5 -15
E 4778 2 -5 -15
E 4778 3 -5 -15
E 4778 4 -5 -15
E 4778 5 11 33
T 4779 16 0 1 0
E 4779 5 16 48
T 4780 4 0 6 0
E 4780 0 -4 -13
E 4780 1 -4 -13
E 4780 2 -4 -13
E 4780 3 -4 -13
E 4780 4 -4 -13
E 4780 5 11 35
T 4781 23 0 1 0
E 4781 5 12 37
T 4782 14 0 6 0
E 4782 0 -10 -30
E 4782 1 -10 -30
E 4782 2 -10 -30
E 4782 3 -10 -30
E 4782 4 -10 -30
E 4782 5 6 18
T 4783 34 0 6 0
E 4783 0 6 18
E 4783 1 6 18
E 4783 2 6 18
E 4783 3 6 18
E 4783 4 6 18
E 4783 5 22 66
T 4784 23 0 5 0
E 4784 0 -12 -37
E 4784 1 -12 -37
E 4784 2 -12 -37
E 4784 3 -12 -37
E 4784 4 -12 -37
T 4785 38 0 6 0
E 4785 0 8 26
E 4785 1 8 26
E 4785 2 8 26
E 4785 3 8 26
E 4785 4 8 26
E 4785 5 24 74
T 4786 30 0 5 0
E 4786 0 -15 -45
E 4786 1 -15 -45
E 4786 2 -15 -45
E 4786 3 -15 -45
E 4786 4 -15 -45
T 4787 41 0 6 0
E 4787 0 9 29
E 4787 1 9 29
E 4787 2 9 29
E 4787 3 9 29
E 4787 4 9 29
E 4787 5 25 77
T 4788 28 0 5 0
E 4788 0 -14 -42
E 4788 1 -14 -42
E 4788 2 -14 -42
E 4788 3 -14 -42
E 4788 4 -14 -42
T 4789 42 0 6 0
E 4789 0 9 28
E 4789 1 9 28
E 4789 2 9 28
E 4789 3 9 28
E 4789 4 9 28
E 4789 5 25 76
T 4790 26 0 5 0
E 4790 0 -13 -39
E 4790 1 -13 -39
E 4790 2 -13 -39
E 4790 3 -13 -39
E 4790 4 -13 -39
T 4791 37 0 6 0
E 4791 0 7 21
E 4791 1 7 21
E 4791 2 7 21
E 4791 3 7 21
E 4791 4 7 21
E 4791 5 23 69
T 4792 24 0 5 0
E 4792 0 -12 -36
E 4792 1 -12 -36
E 4792 2 -12 -36
E 4792 3 -12 -36
E 4792 4 -12 -36
T 4793 39 0 6 0
E 4793 0 8 25
E 4793 1 8 25
E 4793 2 8 25
E 4793 3 8 25
E 4793 4 8 25
E 4793 5 24 73
T 4794 16 0 6 0
E 4794 0 -11 -35
E 4794 1 -11 -35
E 4794 2 -11 -35
E 4794 3 -11 -35
E 4794 4 -11 -35
E 4794 5 4 13
T 4795 8 0 1 0
E 4795 5 20 60
T 4796 19 0 1 0
E 4796 5 14 43
T 4797 5 0 6 0
E 4797 0 -4 -14
E 4797 1 -4 -14
E 4797 2 -4 -14
E 4797 3 -4 -14
E 4797 4 -4 -14
E 4797 5 11 34
T 4798 4 0 6 0
E 4798 0 -4 -13
E 4798 1 -4 -13
E 4798 2 -4 -13
E 4798 3 -4 -13
E 4798 4 -4 -13
E 4798 5 11 35
T 4799 19 0 1 0
E 4799 5 14 43
F 15829 405467 0 4566 272 0 0 0
