T 0 3 0 0 0
T 1 1 0 0 0
T 2 7 0 0 0
T 3 2 0 0 0
T 4 1 0 0 0
T 5 15 0 5 0
E 5 1 -4 -13
E 5 2 -4 -13
E 5 3 -4 -13
E 5 4 -4 -13
E 5 5 -4 -13
T 6 5 0 6 0
E 6 0 7 22
E 6 1 4 13
E 6 2 4 13
E 6 3 4 13
E 6 4 4 13
E 6 5 4 13
T 7 21 0 5 0
E 7 1 -6 -19
E 7 2 -6 -20
E 7 3 -6 -20
E 7 4 -6 -20
E 7 5 -6 -20
T 8 8 0 6 0
E 8 0 9 27
E 8 1 6 18
E 8 2 5 15
E 8 3 5 15
E 8 4 5 15
E 8 5 5 15
T 9 26 0 5 0
E 9 1 -5 -17
E 9 2 -7 -21
E 9 3 -7 -21
E 9 4 -7 -21
E 9 5 -7 -21
T 10 2 0 6 0
E 10 0 9 29
E 10 1 6 19
E 10 2 4 13
E 10 3 4 13
E 10 4 4 13
E 10 5 4 13
T 11 5 0 0 0
T 12 7 0 0 0
T 13 19 0 3 0
E 13 3 -4 -13
E 13 4 -4 -13
E 13 5 -4 -13
T 14 12 0 2 0
E 14 0 8 25
E 14 1 5 15
T 15 22 0 3 0
E 15 3 -4 -14
E 15 4 -4 -14
E 15 5 -4 -14
T 16 11 0 2 0
E 16 0 8 24
E 16 1 5 15
T 17 22 0 4 0
E 17 0 4 14
E 17 3 -4 -13
E 17 4 -4 -13
E 17 5 -4 -13
T 18 11 0 2 0
E 18 0 7 22
E 18 1 4 13
T 19 12 0 1 0
E 19 0 6 18
T 20 24 0 4 0
E 20 0 5 15
E 20 3 -4 -14
E 20 4 -5 -17
E 20 5 -5 -17
T 21 14 0 2 0
E 21 0 10 31
E 21 1 7 22
T 22 24 0 3 0
E 22 0 5 17
E 22 4 -6 -18
E 22 5 -6 -18
T 23 14 0 2 0
E 23 0 10 31
E 23 1 7 22
T 24 30 0 4 0
E 24 0 4 13
E 24 3 -5 -16
E 24 4 -8 -25
E 24 5 -8 -25
T 25 11 0 3 0
E 25 0 11 33
E 25 1 7 23
E 25 2 4 13
T 26 36 0 3 0
E 26 3 -6 -18
E 26 4 -9 -27
E 26 5 -10 -30
T 27 11 0 3 0
E 27 0 11 35
E 27 1 8 25
E 27 2 5 16
T 28 32 0 4 0
E 28 0 4 14
E 28 3 -4 -14
E 28 4 -8 -24
E 28 5 -10 -30
T 29 19 0 3 0
E 29 0 9 29
E 29 1 6 19
E 29 5 -5 -17
T 30 29 0 3 0
E 30 0 7 21
E 30 4 -6 -18
E 30 5 -9 -27
T 31 19 0 3 0
E 31 0 10 30
E 31 1 7 21
E 31 5 -6 -18
T 32 29 0 3 0
E 32 0 5 17
E 32 4 -7 -22
E 32 5 -10 -31
T 33 15 0 4 0
E 33 0 11 33
E 33 1 8 24
E 33 2 4 14
E 33 5 -5 -15
T 34 28 0 3 0
E 34 0 7 21
E 34 4 -5 -17
E 34 5 -9 -27
T 35 15 0 4 0
E 35 0 11 34
E 35 1 8 24
E 35 2 4 14
E 35 5 -4 -14
T 36 29 0 3 0
E 36 0 6 20
E 36 4 -6 -18
E 36 5 -9 -28
T 37 16 0 4 0
E 37 0 11 33
E 37 1 7 23
E 37 2 4 14
E 37 5 -5 -15
T 38 29 0 3 0
E 38 0 5 17
E 38 4 -7 -21
E 38 5 -10 -31
T 39 19 0 3 0
E 39 0 9 28
E 39 1 6 18
E 39 5 -6 -20
T 40 24 0 4 0
E 40 0 8 26
E 40 1 5 16
E 40 4 -4 -13
E 40 5 -7 -22
T 41 28 0 3 0
E 41 0 7 21
E 41 4 -5 -17
E 41 5 -9 -27
T 42 19 0 3 0
E 42 0 10 31
E 42 1 7 21
E 42 5 -5 -17
T 43 25 0 4 0
E 43 0 7 23
E 43 1 4 14
E 43 4 -5 -15
E 43 5 -8 -25
T 44 20 0 3 0
E 44 0 8 26
E 44 1 5 16
E 44 5 -7 -22
T 45 29 0 3 0
E 45 0 7 21
E 45 4 -6 -18
E 45 5 -9 -27
T 46 16 0 4 0
E 46 0 10 32
E 46 1 7 23
E 46 2 4 13
E 46 5 -5 -16
T 47 29 0 3 0
E 47 0 5 17
E 47 4 -7 -22
E 47 5 -10 -31
T 48 19 0 3 0
E 48 0 10 30
E 48 1 7 21
E 48 5 -6 -18
T 49 32 0 4 0
E 49 0 5 16
E 49 3 -4 -13
E 49 4 -7 -22
E 49 5 -10 -32
T 50 20 0 3 0
E 50 0 10 32
E 50 1 7 22
E 50 5 -5 -16
T 51 20 0 3 0
E 51 0 8 26
E 51 1 5 17
E 51 5 -7 -22
T 52 25 0 4 0
E 52 0 8 24
E 52 1 4 14
E 52 4 -5 -15
E 52 5 -8 -24
T 53 29 0 3 0
E 53 0 6 20
E 53 4 -6 -18
E 53 5 -9 -28
T 54 19 0 3 0
E 54 0 10 31
E 54 1 7 21
E 54 5 -5 -17
T 55 25 0 4 0
E 55 0 7 23
E 55 1 4 13
E 55 4 -5 -16
E 55 5 -8 -25
T 56 28 0 3 0
E 56 0 7 21
E 56 4 -5 -17
E 56 5 -9 -27
T 57 25 0 4 0
E 57 0 8 24
E 57 1 4 14
E 57 4 -5 -15
E 57 5 -8 -24
T 58 29 0 3 0
E 58 0 6 20
E 58 4 -6 -18
E 58 5 -9 -28
T 59 15 0 4 0
E 59 0 11 35
E 59 1 8 25
E 59 2 5 16
E 59 5 -4 -13
T 60 28 0 3 0
E 60 0 7 22
E 60 4 -5 -17
E 60 5 -8 -26
T 61 23 0 4 0
E 61 0 8 24
E 61 1 5 15
E 61 4 -4 -14
E 61 5 -8 -24
T 62 28 0 3 0
E 62 0 7 22
E 62 4 -5 -17
E 62 5 -8 -26
T 63 15 0 4 0
E 63 0 11 35
E 63 1 8 26
E 63 2 5 16
E 63 5 -4 -13
T 64 28 0 3 0
E 64 0 6 19
E 64 4 -6 -19
E 64 5 -9 -29
T 65 15 0 4 0
E 65 0 11 34
E 65 1 8 24
E 65 2 4 14
E 65 5 -4 -14
T 66 37 0 3 0
E 66 3 -5 -17
E 66 4 -8 -26
E 66 5 -12 -36
T 67 6 0 4 0
E 67 0 14 43
E 67 1 11 33
E 67 2 8 24
E 67 3 4 14
T 68 37 0 3 0
E 68 3 -6 -19
E 68 4 -9 -29
E 68 5 -13 -39
T 69 6 0 4 0
E 69 0 14 44
E 69 1 11 34
E 69 2 8 25
E 69 3 5 15
T 70 34 0 4 0
E 70 0 4 14
E 70 3 -5 -15
E 70 4 -8 -25
E 70 5 -11 -34
T 71 10 0 3 0
E 71 0 13 40
E 71 1 10 31
E 71 2 7 21
T 72 38 0 3 0
E 72 3 -5 -17
E 72 4 -9 -27
E 72 5 -12 -36
T 73 15 0 4 0
E 73 0 11 33
E 73 1 8 24
E 73 2 4 14
E 73 5 -5 -15
T 74 29 0 3 0
E 74 0 5 17
E 74 4 -7 -21
E 74 5 -10 -31
T 75 11 0 3 0
E 75 0 12 37
E 75 1 9 27
E 75 2 5 17
T 76 32 0 4 0
E 76 0 5 15
E 76 3 -4 -14
E 76 4 -7 -23
E 76 5 -11 -33
T 77 15 0 4 0
E 77 0 11 35
E 77 1 8 25
E 77 2 5 16
E 77 5 -4 -13
T 78 37 0 3 0
E 78 3 -5 -17
E 78 4 -9 -27
E 78 5 -12 -37
T 79 11 0 3 0
E 79 0 12 38
E 79 1 9 28
E 79 2 6 19
T 80 29 0 3 0
E 80 0 6 18
E 80 4 -7 -21
E 80 5 -10 -30
T 81 19 0 3 0
E 81 0 10 31
E 81 1 7 22
E 81 5 -5 -17
T 82 29 0 3 0
E 82 0 5 17
E 82 4 -7 -22
E 82 5 -10 -31
T 83 16 0 4 0
E 83 0 10 32
E 83 1 7 23
E 83 2 4 13
E 83 5 -5 -16
T 84 32 0 4 0
E 84 0 5 16
E 84 3 -4 -13
E 84 4 -7 -22
E 84 5 -10 -32
T 85 15 0 4 0
E 85 0 11 34
E 85 1 8 24
E 85 2 4 14
E 85 5 -4 -14
T 86 37 0 3 0
E 86 3 -6 -19
E 86 4 -9 -28
E 86 5 -12 -38
T 87 10 0 3 0
E 87 0 13 40
E 87 1 10 30
E 87 2 7 21
T 88 37 0 3 0
E 88 3 -6 -18
E 88 4 -9 -28
E 88 5 -12 -38
T 89 7 0 4 0
E 89 0 14 42
E 89 1 10 32
E 89 2 7 23
E 89 3 4 13
T 90 43 0 4 0
E 90 2 -5 -17
E 90 3 -8 -26
E 90 4 -12 -36
E 90 5 -15 -45
T 91 11 0 3 0
E 91 0 12 38
E 91 1 9 29
E 91 2 6 19
T 92 37 0 3 0
E 92 3 -7 -22
E 92 4 -10 -32
E 92 5 -13 -41
T 93 16 0 4 0
E 93 0 10 32
E 93 1 7 23
E 93 2 4 13
E 93 5 -5 -16
T 94 32 0 4 0
E 94 0 5 16
E 94 3 -4 -13
E 94 4 -7 -22
E 94 5 -10 -32
T 95 11 0 3 0
E 95 0 12 36
E 95 1 8 26
E 95 2 5 16
T 96 37 0 3 0
E 96 3 -5 -17
E 96 4 -8 -26
E 96 5 -12 -36
T 97 9 0 3 0
E 97 0 12 38
E 97 1 10 31
E 97 2 7 22
T 98 28 0 2 0
E 98 4 -7 -22
E 98 5 -10 -32
T 99 5 0 3 0
E 99 0 10 30
E 99 1 9 28
E 99 2 6 19
T 100 24 0 2 0
E 100 4 -7 -21
E 100 5 -10 -30
T 101 2 0 3 0
E 101 0 7 23
E 101 1 9 27
E 101 2 5 17
T 102 22 0 3 0
E 102 3 -5 -15
E 102 4 -8 -25
E 102 5 -11 -34
T 103 5 0 4 0
E 103 0 8 26
E 103 1 10 32
E 103 2 8 25
E 103 3 5 16
T 104 13 0 2 0
E 104 4 -6 -20
E 104 5 -10 -30
T 105 2 0 3 0
E 105 0 4 13
E 105 1 6 19
E 105 2 5 17
T 106 8 0 2 0
E 106 4 -6 -20
E 106 5 -10 -30
T 107 4 0 2 0
E 107 2 4 13
E 107 5 -5 -16
T 108 4 0 1 0
E 108 5 -6 -19
T 109 7 0 3 0
E 109 1 5 15
E 109 2 7 21
E 109 3 4 14
T 110 1 0 1 0
E 110 5 -4 -14
T 111 3 0 0 0
T 112 6 0 0 0
T 113 6 0 1 0
E 113 5 -4 -14
T 114 7 0 1 0
E 114 3 5 16
T 115 12 0 0 0
T 116 10 0 1 0
E 116 0 -4 -14
T 117 9 0 1 0
E 117 0 -4 -13
T 118 11 0 1 0
E 118 0 -5 -16
T 119 11 0 1 0
E 119 4 5 16
T 120 12 0 1 0
E 120 4 5 17
T 121 14 0 1 0
E 121 4 5 15
T 122 15 0 1 0
E 122 4 4 13
T 123 15 0 1 0
E 123 4 4 13
T 124 9 0 2 0
E 124 0 -7 -21
E 124 1 -5 -15
T 125 14 0 2 0
E 125 0 -5 -15
E 125 5 4 13
T 126 21 0 2 0
E 126 4 4 13
E 126 5 6 19
T 127 10 0 2 0
E 127 0 -8 -24
E 127 1 -6 -18
T 128 15 0 2 0
E 128 0 -4 -14
E 128 5 5 16
T 129 15 1 2 0
E 129 0 -5 -15
E 129 5 5 15
T 130 12 0 1 0
E 130 0 -6 -18
T 131 9 0 2 0
E 131 0 -6 -19
E 131 1 -4 -13
T 132 20 0 2 0
E 132 4 4 14
E 132 5 6 20
T 133 8 0 3 0
E 133 0 -8 -26
E 133 1 -6 -20
E 133 2 -4 -14
T 134 19 0 2 0
E 134 4 5 17
E 134 5 7 23
T 135 7 0 3 0
E 135 0 -8 -25
E 135 1 -6 -19
E 135 2 -4 -13
T 136 21 0 2 0
E 136 4 5 15
E 136 5 7 21
T 137 10 0 2 0
E 137 0 -8 -24
E 137 1 -6 -18
T 138 15 1 2 0
E 138 0 -5 -15
E 138 5 5 15
T 139 12 0 1 0
E 139 0 -6 -18
T 140 15 1 2 0
E 140 0 -5 -15
E 140 5 5 15
T 141 15 0 2 0
E 141 0 -5 -16
E 141 5 4 14
T 142 14 0 2 0
E 142 0 -4 -13
E 142 5 5 17
T 143 9 0 2 0
E 143 0 -6 -19
E 143 1 -4 -13
T 144 20 0 2 0
E 144 4 6 18
E 144 5 8 24
T 145 9 0 2 0
E 145 0 -6 -19
E 145 1 -4 -13
T 146 21 0 2 0
E 146 4 5 16
E 146 5 7 22
T 147 16 0 2 0
E 147 0 -5 -17
E 147 5 4 14
T 148 17 1 2 0
E 148 0 -5 -17
E 148 5 5 15
T 149 16 0 2 0
E 149 0 -5 -15
E 149 5 6 18
T 150 14 0 1 0
E 150 0 -7 -21
T 151 20 0 3 0
E 151 0 -5 -15
E 151 4 4 13
E 151 5 6 19
T 152 18 0 2 0
E 152 0 -6 -19
E 152 5 5 15
T 153 13 0 2 0
E 153 0 -8 -26
E 153 1 -5 -16
T 154 29 0 3 0
E 154 3 4 13
E 154 4 6 19
E 154 5 8 25
T 155 11 0 3 0
E 155 0 -11 -35
E 155 1 -8 -26
E 155 2 -5 -17
T 156 30 0 3 0
E 156 3 5 16
E 156 4 7 22
E 156 5 9 28
T 157 14 0 2 0
E 157 0 -9 -29
E 157 1 -6 -20
T 158 22 0 3 0
E 158 0 -5 -15
E 158 4 5 17
E 158 5 7 23
T 159 20 0 2 0
E 159 0 -7 -21
E 159 5 6 18
T 160 24 0 3 0
E 160 0 -5 -15
E 160 4 6 18
E 160 5 8 24
T 161 21 0 2 0
E 161 0 -7 -22
E 161 5 6 18
T 162 24 0 3 0
E 162 0 -7 -21
E 162 4 4 13
E 162 5 6 19
T 163 14 0 2 0
E 163 0 -10 -30
E 163 1 -6 -20
T 164 26 0 3 0
E 164 0 -6 -20
E 164 4 5 16
E 164 5 7 22
T 165 14 0 2 0
E 165 0 -10 -31
E 165 1 -7 -22
T 166 26 0 3 0
E 166 0 -5 -17
E 166 4 6 20
E 166 5 8 26
T 167 23 0 4 0
E 167 0 -7 -22
E 167 1 -4 -13
E 167 4 5 15
E 167 5 7 21
T 168 27 0 3 0
E 168 0 -7 -22
E 168 4 5 16
E 168 5 7 22
T 169 11 0 3 0
E 169 0 -11 -33
E 169 1 -7 -23
E 169 2 -4 -13
T 170 28 0 3 0
E 170 0 -5 -17
E 170 4 7 21
E 170 5 9 28
T 171 19 0 3 0
E 171 0 -10 -31
E 171 1 -7 -21
E 171 5 5 15
T 172 24 0 4 0
E 172 0 -7 -23
E 172 1 -4 -14
E 172 4 5 15
E 172 5 7 23
T 173 23 0 4 0
E 173 0 -8 -24
E 173 1 -4 -14
E 173 4 4 14
E 173 5 7 23
T 174 19 0 3 0
E 174 0 -9 -28
E 174 1 -6 -18
E 174 5 6 20
T 175 20 0 3 0
E 175 0 -8 -26
E 175 1 -5 -17
E 175 5 7 22
T 176 19 0 3 0
E 176 0 -9 -28
E 176 1 -6 -18
E 176 5 6 20
T 177 28 0 3 0
E 177 0 -6 -19
E 177 4 6 19
E 177 5 9 29
T 178 16 0 4 0
E 178 0 -10 -32
E 178 1 -7 -22
E 178 2 -4 -13
E 178 5 5 16
T 179 32 0 4 0
E 179 0 -5 -16
E 179 3 4 13
E 179 4 7 23
E 179 5 10 32
T 180 19 0 3 0
E 180 0 -10 -30
E 180 1 -7 -21
E 180 5 6 18
T 181 25 0 4 0
E 181 0 -8 -24
E 181 1 -4 -14
E 181 4 5 15
E 181 5 8 24
T 182 28 0 3 0
E 182 0 -7 -21
E 182 4 5 17
E 182 5 9 27
T 183 15 0 4 0
E 183 0 -11 -35
E 183 1 -8 -25
E 183 2 -5 -16
E 183 5 4 13
T 184 38 0 3 0
E 184 3 5 17
E 184 4 9 27
E 184 5 12 36
T 185 15 0 4 0
E 185 0 -11 -35
E 185 1 -8 -26
E 185 2 -5 -16
E 185 5 4 13
T 186 29 0 3 0
E 186 0 -5 -17
E 186 4 7 22
E 186 5 10 31
T 187 19 0 3 0
E 187 0 -10 -31
E 187 1 -7 -22
E 187 5 5 17
T 188 24 1 4 0
E 188 0 -8 -24
E 188 1 -4 -14
E 188 4 4 14
E 188 5 8 24
T 189 20 0 3 0
E 189 0 -9 -27
E 189 1 -5 -17
E 189 5 7 21
T 190 32 0 4 0
E 190 0 -5 -15
E 190 3 4 14
E 190 4 7 23
E 190 5 11 33
T 191 20 0 3 0
E 191 0 -10 -30
E 191 1 -6 -20
E 191 5 6 18
T 192 24 0 4 0
E 192 0 -7 -22
E 192 1 -4 -13
E 192 4 5 16
E 192 5 8 26
T 193 20 0 3 0
E 193 0 -8 -26
E 193 1 -5 -16
E 193 5 7 22
T 194 29 0 3 0
E 194 0 -7 -21
E 194 4 6 18
E 194 5 9 27
T 195 19 0 3 0
E 195 0 -10 -31
E 195 1 -7 -22
E 195 5 5 17
T 196 25 0 4 0
E 196 0 -8 -24
E 196 1 -4 -14
E 196 4 5 15
E 196 5 8 24
T 197 28 0 3 0
E 197 0 -7 -21
E 197 4 5 17
E 197 5 9 27
T 198 20 0 3 0
E 198 0 -9 -29
E 198 1 -6 -19
E 198 5 6 19
T 199 32 0 4 0
E 199 0 -5 -16
E 199 3 4 13
E 199 4 7 23
E 199 5 10 32
T 200 20 0 3 0
E 200 0 -9 -29
E 200 1 -6 -20
E 200 5 6 19
T 201 25 0 4 0
E 201 0 -8 -24
E 201 1 -4 -14
E 201 4 5 15
E 201 5 8 24
T 202 28 0 3 0
E 202 0 -7 -21
E 202 4 5 17
E 202 5 9 27
T 203 15 0 4 0
E 203 0 -11 -35
E 203 1 -8 -25
E 203 2 -5 -16
E 203 5 4 13
T 204 28 0 3 0
E 204 0 -7 -22
E 204 4 5 17
E 204 5 8 26
T 205 23 0 4 0
E 205 0 -8 -24
E 205 1 -5 -15
E 205 4 4 14
E 205 5 8 24
T 206 29 0 3 0
E 206 0 -7 -21
E 206 4 6 18
E 206 5 9 27
T 207 19 0 3 0
E 207 0 -10 -30
E 207 1 -7 -21
E 207 5 6 18
T 208 32 0 4 0
E 208 0 -5 -15
E 208 3 4 14
E 208 4 7 23
E 208 5 11 33
T 209 15 0 4 0
E 209 0 -11 -34
E 209 1 -8 -24
E 209 2 -4 -14
E 209 5 4 14
T 210 28 0 3 0
E 210 0 -6 -19
E 210 4 6 19
E 210 5 9 29
T 211 20 0 3 0
E 211 0 -10 -30
E 211 1 -6 -20
E 211 5 6 18
T 212 28 0 3 0
E 212 0 -5 -16
E 212 4 7 22
E 212 5 10 32
T 213 24 1 4 0
E 213 0 -8 -24
E 213 1 -4 -14
E 213 4 4 14
E 213 5 8 24
T 214 25 0 4 0
E 214 0 -7 -23
E 214 1 -4 -13
E 214 4 5 16
E 214 5 8 25
T 215 19 0 3 0
E 215 0 -9 -27
E 215 1 -6 -18
E 215 5 7 21
T 216 29 0 3 0
E 216 0 -6 -18
E 216 4 7 21
E 216 5 10 30
T 217 19 0 3 0
E 217 0 -9 -27
E 217 1 -6 -18
E 217 5 7 21
T 218 28 0 3 0
E 218 0 -7 -22
E 218 4 5 16
E 218 5 8 26
T 219 11 0 3 0
E 219 0 -12 -36
E 219 1 -8 -26
E 219 2 -5 -16
T 220 32 0 4 0
E 220 0 -5 -16
E 220 3 4 13
E 220 4 7 22
E 220 5 10 32
T 221 16 0 4 0
E 221 0 -11 -33
E 221 1 -7 -23
E 221 2 -4 -14
E 221 5 5 15
T 222 33 0 4 0
E 222 0 -4 -13
E 222 3 5 15
E 222 4 8 25
E 222 5 11 35
T 223 11 0 3 0
E 223 0 -12 -36
E 223 1 -8 -26
E 223 2 -5 -17
T 224 33 0 4 0
E 224 0 -5 -15
E 224 3 4 14
E 224 4 8 24
E 224 5 11 33
T 225 15 0 4 0
E 225 0 -11 -35
E 225 1 -8 -26
E 225 2 -5 -16
E 225 5 4 13
T 226 28 0 3 0
E 226 0 -7 -22
E 226 4 5 17
E 226 5 8 26
T 227 19 0 3 0
E 227 0 -9 -27
E 227 1 -6 -18
E 227 5 7 21
T 228 20 0 3 0
E 228 0 -8 -26
E 228 1 -5 -16
E 228 5 7 22
T 229 24 0 4 0
E 229 0 -8 -26
E 229 1 -5 -16
E 229 4 4 13
E 229 5 7 22
T 230 28 0 3 0
E 230 0 -7 -21
E 230 4 5 17
E 230 5 9 27
T 231 19 0 3 0
E 231 0 -10 -31
E 231 1 -7 -21
E 231 5 5 17
T 232 28 0 3 0
E 232 0 -6 -18
E 232 4 6 20
E 232 5 10 30
T 233 19 0 3 0
E 233 0 -9 -28
E 233 1 -6 -18
E 233 5 6 20
T 234 24 0 4 0
E 234 0 -8 -26
E 234 1 -5 -16
E 234 4 4 13
E 234 5 7 22
T 235 20 0 3 0
E 235 0 -9 -29
E 235 1 -6 -20
E 235 5 6 19
T 236 29 0 3 0
E 236 0 -7 -21
E 236 4 6 18
E 236 5 9 27
T 237 19 0 3 0
E 237 0 -10 -30
E 237 1 -7 -21
E 237 5 6 18
T 238 32 0 4 0
E 238 0 -5 -16
E 238 3 4 13
E 238 4 7 22
E 238 5 10 32
T 239 11 0 3 0
E 239 0 -12 -38
E 239 1 -9 -28
E 239 2 -6 -18
T 240 1 0 4 0
E 240 0 11 34
E 240 3 5 15
E 240 4 8 24
E 240 5 11 34
T 241 31 0 3 0
E 241 1 -13 -39
E 241 2 -10 -30
E 241 3 -6 -20
T 242 8 0 3 0
E 242 0 11 33
E 242 4 5 17
E 242 5 9 27
T 243 33 0 4 0
E 243 0 4 13
E 243 1 -11 -34
E 243 2 -8 -25
E 243 3 -5 -15
T 244 22 0 3 0
E 244 0 10 30
E 244 1 -7 -21
E 244 5 5 17
T 245 33 0 3 0
E 245 0 8 26
E 245 1 -9 -29
E 245 2 -6 -19
T 246 16 0 4 0
E 246 0 10 32
E 246 1 7 23
E 246 2 -5 -16
E 246 5 4 13
T 247 35 0 4 0
E 247 0 6 18
E 247 2 -11 -33
E 247 3 -8 -24
E 247 4 -4 -14
T 248 22 0 3 0
E 248 0 10 32
E 248 1 7 23
E 248 2 -7 -22
T 249 29 1 4 0
E 249 0 9 29
E 249 1 6 19
E 249 2 -9 -28
E 249 3 -6 -19
T 250 35 0 5 0
E 250 0 9 28
E 250 1 6 18
E 250 2 -11 -33
E 250 3 -7 -23
E 250 4 -4 -14
T 251 31 0 4 0
E 251 0 11 35
E 251 1 8 26
E 251 2 -9 -29
E 251 3 -6 -19
T 252 17 0 4 0
E 252 0 12 38
E 252 1 9 28
E 252 2 6 19
E 252 3 -6 -20
T 253 45 0 4 0
E 253 0 5 17
E 253 3 -14 -43
E 253 4 -11 -34
E 253 5 -8 -24
T 254 15 0 4 0
E 254 0 17 51
E 254 1 13 41
E 254 2 10 32
E 254 3 -4 -13
T 255 53 0 4 0
E 255 0 4 13
E 255 3 -18 -54
E 255 4 -15 -45
E 255 5 -11 -35
T 256 11 0 3 0
E 256 0 19 59
E 256 1 16 50
E 256 2 13 40
T 257 63 0 3 0
E 257 3 -21 -64
E 257 4 -18 -54
E 257 5 -14 -44
T 258 1 0 4 0
E 258 0 20 61
E 258 1 17 52
E 258 2 14 42
E 258 3 11 33
T 259 57 0 4 0
E 259 2 -5 -17
E 259 3 -9 -27
E 259 4 -22 -68
E 259 5 -19 -59
T 260 6 0 5 0
E 260 0 19 59
E 260 1 16 49
E 260 2 13 39
E 260 3 10 30
E 260 4 -5 -15
T 261 53 0 4 0
E 261 0 4 13
E 261 3 -5 -16
E 261 4 -21 -63
E 261 5 -18 -54
T 262 21 0 6 0
E 262 0 16 49
E 262 1 13 39
E 262 2 10 30
E 262 3 6 20
E 262 4 -10 -31
E 262 5 -7 -21
T 263 52 0 3 0
E 263 0 6 20
E 263 4 -21 -63
E 263 5 -17 -53
T 264 2 0 6 0
E 264 0 19 57
E 264 1 15 47
E 264 2 12 38
E 264 3 9 28
E 264 4 6 19
E 264 5 -6 -20
T 265 52 0 4 0
E 265 2 -4 -13
E 265 3 -7 -22
E 265 4 -10 -32
E 265 5 -24 -73
T 266 17 0 5 0
E 266 0 15 47
E 266 1 12 38
E 266 2 9 28
E 266 3 6 18
E 266 5 -12 -36
T 267 38 0 4 0
E 267 0 7 23
E 267 1 4 13
E 267 4 -5 -16
E 267 5 -21 -63
T 268 21 0 5 0
E 268 0 14 42
E 268 1 11 33
E 268 2 7 23
E 268 3 4 14
E 268 5 -15 -47
T 269 43 0 3 0
E 269 0 7 21
E 269 4 -5 -17
E 269 5 -24 -72
T 270 4 0 4 0
E 270 0 16 50
E 270 1 13 40
E 270 2 10 30
E 270 3 7 21
T 271 41 0 4 0
E 271 2 -4 -13
E 271 3 -7 -23
E 271 4 -10 -32
E 271 5 -14 -42
T 272 7 0 4 0
E 272 0 14 42
E 272 1 10 32
E 272 2 7 23
E 272 3 4 13
T 273 42 0 4 0
E 273 2 -5 -15
E 273 3 -8 -24
E 273 4 -11 -34
E 273 5 -14 -44
T 274 6 0 4 0
E 274 0 14 43
E 274 1 11 33
E 274 2 8 24
E 274 3 4 14
T 275 42 0 4 0
E 275 2 -4 -14
E 275 3 -7 -23
E 275 4 -11 -33
E 275 5 -14 -42
T 276 6 0 4 0
E 276 0 14 42
E 276 1 11 33
E 276 2 7 23
E 276 3 4 13
T 277 42 0 4 0
E 277 2 -4 -14
E 277 3 -8 -24
E 277 4 -11 -34
E 277 5 -14 -43
T 278 10 0 3 0
E 278 0 13 40
E 278 1 10 31
E 278 2 7 21
T 279 28 0 3 0
E 279 0 6 18
E 279 4 -6 -20
E 279 5 -10 -30
T 280 15 0 4 0
E 280 0 11 35
E 280 1 8 25
E 280 2 5 15
E 280 5 -4 -13
T 281 32 0 4 0
E 281 0 5 15
E 281 3 -4 -14
E 281 4 -7 -23
E 281 5 -11 -33
T 282 14 0 4 0
E 282 0 11 34
E 282 1 8 24
E 282 2 5 15
E 282 5 -4 -14
T 283 28 0 3 0
E 283 0 5 16
E 283 4 -7 -22
E 283 5 -10 -32
T 284 24 1 4 0
E 284 0 8 24
E 284 1 4 14
E 284 4 -4 -14
E 284 5 -8 -24
T 285 19 0 3 0
E 285 0 9 28
E 285 1 6 18
E 285 5 -6 -20
T 286 23 0 4 0
E 286 0 8 25
E 286 1 5 16
E 286 4 -4 -13
E 286 5 -7 -23
T 287 19 0 3 0
E 287 0 9 28
E 287 1 6 18
E 287 5 -6 -20
T 288 33 0 4 0
E 288 0 4 14
E 288 3 -4 -14
E 288 4 -8 -24
E 288 5 -11 -34
T 289 16 0 4 0
E 289 0 11 33
E 289 1 7 23
E 289 2 4 14
E 289 5 -5 -15
T 290 38 0 3 0
E 290 3 -5 -17
E 290 4 -9 -27
E 290 5 -12 -36
T 291 15 0 4 0
E 291 0 11 33
E 291 1 8 24
E 291 2 4 14
E 291 5 -5 -15
T 292 25 0 4 0
E 292 0 7 23
E 292 1 4 13
E 292 4 -5 -16
E 292 5 -8 -25
T 293 19 0 3 0
E 293 0 10 31
E 293 1 7 22
E 293 5 -5 -17
T 294 32 0 4 0
E 294 0 5 15
E 294 3 -4 -14
E 294 4 -7 -23
E 294 5 -11 -33
T 295 19 0 3 0
E 295 0 10 31
E 295 1 7 21
E 295 5 -5 -17
T 296 28 0 3 0
E 296 0 6 18
E 296 4 -6 -20
E 296 5 -10 -30
T 297 14 0 4 0
E 297 0 11 34
E 297 1 8 24
E 297 2 5 15
E 297 5 -4 -14
T 298 37 0 3 0
E 298 3 -5 -17
E 298 4 -9 -27
E 298 5 -12 -37
T 299 10 0 3 0
E 299 0 12 37
E 299 1 9 27
E 299 2 6 18
T 300 29 0 3 0
E 300 0 5 17
E 300 4 -7 -22
E 300 5 -10 -31
T 301 20 0 3 0
E 301 0 9 29
E 301 1 6 20
E 301 5 -6 -19
T 302 23 0 4 0
E 302 0 8 25
E 302 1 5 15
E 302 4 -4 -14
E 302 5 -7 -23
T 303 19 0 3 0
E 303 0 9 27
E 303 1 6 18
E 303 5 -7 -21
T 304 28 0 3 0
E 304 0 6 18
E 304 4 -6 -20
E 304 5 -10 -30
T 305 15 0 4 0
E 305 0 11 35
E 305 1 8 25
E 305 2 5 15
E 305 5 -4 -13
T 306 34 0 4 0
E 306 0 4 14
E 306 3 -5 -15
E 306 4 -8 -24
E 306 5 -11 -34
T 307 7 0 4 0
E 307 0 14 42
E 307 1 10 32
E 307 2 7 23
E 307 3 4 13
T 308 33 0 4 0
E 308 0 4 13
E 308 3 -5 -15
E 308 4 -8 -25
E 308 5 -11 -35
T 309 16 0 4 0
E 309 0 10 32
E 309 1 7 22
E 309 2 4 13
E 309 5 -5 -16
T 310 32 0 4 0
E 310 0 5 16
E 310 3 -4 -13
E 310 4 -7 -23
E 310 5 -10 -32
T 311 16 0 4 0
E 311 0 10 32
E 311 1 7 23
E 311 2 4 13
E 311 5 -5 -16
T 312 28 0 3 0
E 312 0 7 22
E 312 4 -5 -17
E 312 5 -8 -26
T 313 23 0 4 0
E 313 0 8 24
E 313 1 5 15
E 313 4 -4 -14
E 313 5 -8 -24
T 314 28 0 3 0
E 314 0 6 19
E 314 4 -6 -19
E 314 5 -9 -29
T 315 23 0 4 0
E 315 0 8 25
E 315 1 5 15
E 315 4 -4 -14
E 315 5 -7 -23
T 316 25 0 4 0
E 316 0 7 23
E 316 1 4 14
E 316 4 -5 -15
E 316 5 -8 -25
T 317 24 0 4 0
E 317 0 8 26
E 317 1 5 16
E 317 4 -4 -13
E 317 5 -7 -22
T 318 19 0 3 0
E 318 0 9 27
E 318 1 6 18
E 318 5 -7 -21
T 319 29 0 3 0
E 319 0 6 20
E 319 4 -6 -18
E 319 5 -9 -28
T 320 11 0 3 0
E 320 0 12 37
E 320 1 9 27
E 320 2 5 17
T 321 37 0 3 0
E 321 3 -6 -19
E 321 4 -9 -28
E 321 5 -12 -38
T 322 10 0 3 0
E 322 0 13 40
E 322 1 10 30
E 322 2 7 21
T 323 37 0 3 0
E 323 3 -7 -21
E 323 4 -10 -31
E 323 5 -13 -41
T 324 14 0 4 0
E 324 0 11 34
E 324 1 8 24
E 324 2 5 15
E 324 5 -4 -14
T 325 34 0 4 0
E 325 0 4 14
E 325 3 -5 -15
E 325 4 -8 -25
E 325 5 -11 -34
T 326 19 0 3 0
E 326 0 10 30
E 326 1 7 21
E 326 5 -6 -18
T 327 28 0 3 0
E 327 0 6 19
E 327 4 -6 -20
E 327 5 -9 -29
T 328 15 0 4 0
E 328 0 11 33
E 328 1 8 24
E 328 2 4 14
E 328 5 -5 -15
T 329 29 0 3 0
E 329 0 5 17
E 329 4 -7 -21
E 329 5 -10 -31
T 330 23 0 4 0
E 330 0 8 25
E 330 1 5 15
E 330 4 -4 -14
E 330 5 -7 -23
T 331 19 0 3 0
E 331 0 9 27
E 331 1 6 18
E 331 5 -7 -21
T 332 29 0 3 0
E 332 0 6 18
E 332 4 -7 -21
E 332 5 -10 -30
T 333 20 0 3 0
E 333 0 9 29
E 333 1 6 20
E 333 5 -6 -19
T 334 28 0 3 0
E 334 0 7 21
E 334 4 -5 -17
E 334 5 -9 -27
T 335 19 0 3 0
E 335 0 10 31
E 335 1 7 21
E 335 5 -5 -17
T 336 23 0 4 0
E 336 0 8 24
E 336 1 5 15
E 336 4 -4 -14
E 336 5 -8 -24
T 337 23 0 4 0
E 337 0 7 21
E 337 1 4 14
E 337 4 -5 -15
E 337 5 -8 -24
T 338 12 0 4 0
E 338 0 9 27
E 338 1 7 23
E 338 2 4 13
E 338 5 -5 -16
T 339 26 0 2 0
E 339 4 -7 -21
E 339 5 -10 -31
T 340 0 0 4 0
E 340 0 10 31
E 340 1 10 32
E 340 2 7 22
E 340 3 4 13
T 341 21 0 2 0
E 341 4 -6 -20
E 341 5 -10 -30
T 342 3 0 4 0
E 342 0 6 18
E 342 1 8 24
E 342 2 5 15
E 342 5 -4 -14
T 343 19 0 3 0
E 343 3 -4 -13
E 343 4 -7 -23
E 343 5 -11 -33
T 344 2 0 3 0
E 344 0 6 19
E 344 1 8 25
E 344 2 7 21
T 345 12 0 2 0
E 345 4 -4 -14
E 345 5 -7 -23
T 346 0 0 2 0
E 346 1 6 18
E 346 2 6 19
T 347 4 0 2 0
E 347 2 5 15
E 347 5 -4 -14
T 348 3 0 2 0
E 348 2 5 16
E 348 5 -4 -13
T 349 0 0 1 0
E 349 2 6 18
T 350 2 0 1 0
E 350 5 -4 -13
T 351 1 0 0 0
T 352 7 0 2 0
E 352 2 4 14
E 352 3 5 15
T 353 4 0 2 0
E 353 0 -4 -13
E 353 5 -5 -17
T 354 10 0 0 0
T 355 11 0 0 0
T 356 10 0 0 0
T 357 8 0 0 0
T 358 10 0 1 0
E 358 0 -4 -14
T 359 12 0 1 0
E 359 4 4 14
T 360 10 0 1 0
E 360 0 -4 -14
T 361 12 0 0 0
T 362 12 0 1 0
E 362 0 -5 -17
T 363 18 0 2 0
E 363 4 5 15
E 363 5 4 13
T 364 10 0 1 0
E 364 0 -4 -14
T 365 19 0 2 0
E 365 4 5 16
E 365 5 6 20
T 366 9 0 2 0
E 366 0 -7 -21
E 366 1 -5 -15
T 367 20 0 2 0
E 367 4 6 18
E 367 5 8 24
T 368 10 0 2 0
E 368 0 -8 -24
E 368 1 -6 -18
T 369 18 0 1 0
E 369 5 6 18
T 370 10 0 2 0
E 370 0 -8 -24
E 370 1 -6 -18
T 371 21 0 2 0
E 371 4 5 15
E 371 5 7 21
T 372 9 0 2 0
E 372 0 -6 -19
E 372 1 -4 -13
T 373 20 0 2 0
E 373 4 5 16
E 373 5 7 22
T 374 6 0 3 0
E 374 0 -9 -27
E 374 1 -7 -21
E 374 2 -5 -15
T 375 18 0 1 0
E 375 5 6 18
T 376 16 0 2 0
E 376 0 -5 -17
E 376 5 4 13
T 377 15 1 2 0
E 377 0 -5 -15
E 377 5 5 15
T 378 9 0 2 0
E 378 0 -6 -19
E 378 1 -4 -13
T 379 20 0 2 0
E 379 4 4 14
E 379 5 6 20
T 380 10 0 2 0
E 380 0 -7 -22
E 380 1 -5 -16
T 381 21 0 2 0
E 381 4 5 15
E 381 5 7 21
T 382 9 0 2 0
E 382 0 -6 -19
E 382 1 -4 -13
T 383 18 0 1 0
E 383 5 6 18
T 384 15 0 2 0
E 384 0 -4 -14
E 384 5 5 16
T 385 15 1 2 0
E 385 0 -5 -15
E 385 5 5 15
T 386 22 0 2 0
E 386 4 4 13
E 386 5 6 19
T 387 8 0 3 0
E 387 0 -9 -29
E 387 1 -7 -22
E 387 2 -5 -16
T 388 22 0 2 0
E 388 4 5 16
E 388 5 7 22
T 389 17 0 2 0
E 389 0 -6 -18
E 389 5 5 15
T 390 14 0 1 0
E 390 0 -7 -21
T 391 21 0 3 0
E 391 0 -4 -13
E 391 4 5 15
E 391 5 7 21
T 392 17 0 2 0
E 392 0 -6 -18
E 392 5 5 16
T 393 22 0 3 0
E 393 0 -4 -14
E 393 4 5 15
E 393 5 7 21
T 394 13 0 2 0
E 394 0 -9 -28
E 394 1 -6 -18
T 395 29 0 3 0
E 395 3 5 16
E 395 4 7 22
E 395 5 9 28
T 396 10 0 3 0
E 396 0 -11 -34
E 396 1 -8 -24
E 396 2 -5 -15
T 397 29 0 3 0
E 397 3 5 17
E 397 4 7 23
E 397 5 9 29
T 398 16 0 3 0
E 398 0 -8 -25
E 398 1 -5 -15
E 398 5 4 13
T 399 23 0 3 0
E 399 0 -6 -19
E 399 4 4 14
E 399 5 6 20
T 400 13 0 2 0
E 400 0 -9 -28
E 400 1 -6 -19
T 401 24 0 3 0
E 401 0 -6 -18
E 401 4 5 16
E 401 5 7 22
T 402 24 0 3 0
E 402 0 -6 -20
E 402 4 4 14
E 402 5 6 20
T 403 17 0 3 0
E 403 0 -9 -28
E 403 1 -6 -18
E 403 5 4 13
T 404 25 0 3 0
E 404 0 -6 -19
E 404 4 5 17
E 404 5 7 23
T 405 13 0 2 0
E 405 0 -10 -30
E 405 1 -7 -21
T 406 31 0 4 0
E 406 0 -5 -16
E 406 3 4 13
E 406 4 7 21
E 406 5 9 27
T 407 11 0 3 0
E 407 0 -11 -35
E 407 1 -8 -26
E 407 2 -5 -16
T 408 32 0 4 0
E 408 0 -4 -13
E 408 3 5 16
E 408 4 8 25
E 408 5 10 31
T 409 11 0 3 0
E 409 0 -13 -40
E 409 1 -10 -30
E 409 2 -6 -20
T 410 37 0 3 0
E 410 3 6 18
E 410 4 9 27
E 410 5 11 34
T 411 15 0 4 0
E 411 0 -11 -33
E 411 1 -7 -23
E 411 2 -4 -14
E 411 5 4 13
T 412 32 0 4 0
E 412 0 -4 -14
E 412 3 4 14
E 412 4 8 24
E 412 5 10 32
T 413 20 0 3 0
E 413 0 -9 -29
E 413 1 -6 -19
E 413 5 6 18
T 414 20 0 3 0
E 414 0 -9 -27
E 414 1 -5 -17
E 414 5 7 21
T 415 24 0 4 0
E 415 0 -7 -22
E 415 1 -4 -13
E 415 4 5 16
E 415 5 8 26
T 416 20 0 3 0
E 416 0 -10 -30
E 416 1 -6 -20
E 416 5 6 18
T 417 29 0 3 0
E 417 0 -6 -20
E 417 4 6 18
E 417 5 9 28
T 418 10 0 3 0
E 418 0 -12 -37
E 418 1 -9 -27
E 418 2 -6 -18
T 419 33 0 4 0
E 419 0 -4 -13
E 419 3 5 16
E 419 4 8 26
E 419 5 11 35
T 420 10 0 3 0
E 420 0 -12 -36
E 420 1 -9 -27
E 420 2 -5 -17
T 421 29 0 3 0
E 421 0 -5 -17
E 421 4 7 22
E 421 5 10 31
T 422 20 0 3 0
E 422 0 -8 -26
E 422 1 -5 -17
E 422 5 7 22
T 423 25 0 4 0
E 423 0 -7 -23
E 423 1 -4 -13
E 423 4 5 15
E 423 5 8 25
T 424 24 0 4 0
E 424 0 -8 -26
E 424 1 -5 -16
E 424 4 4 13
E 424 5 7 22
T 425 19 0 3 0
E 425 0 -9 -27
E 425 1 -6 -18
E 425 5 7 21
T 426 20 0 3 0
E 426 0 -9 -27
E 426 1 -5 -17
E 426 5 7 21
T 427 20 0 3 0
E 427 0 -8 -26
E 427 1 -5 -17
E 427 5 7 22
T 428 28 0 3 0
E 428 0 -7 -21
E 428 4 5 17
E 428 5 9 27
T 429 20 0 3 0
E 429 0 -10 -32
E 429 1 -7 -22
E 429 5 5 16
T 430 20 0 3 0
E 430 0 -8 -26
E 430 1 -5 -17
E 430 5 7 22
T 431 25 0 4 0
E 431 0 -7 -23
E 431 1 -4 -13
E 431 4 5 16
E 431 5 8 25
T 432 20 0 3 0
E 432 0 -8 -26
E 432 1 -5 -17
E 432 5 7 22
T 433 32 0 4 0
E 433 0 -5 -16
E 433 3 4 13
E 433 4 7 22
E 433 5 10 32
T 434 15 0 4 0
E 434 0 -11 -34
E 434 1 -8 -24
E 434 2 -4 -14
E 434 5 4 14
T 435 28 0 3 0
E 435 0 -6 -18
E 435 4 6 20
E 435 5 10 30
T 436 19 0 3 0
E 436 0 -9 -28
E 436 1 -6 -18
E 436 5 6 20
T 437 28 0 3 0
E 437 0 -6 -19
E 437 4 6 19
E 437 5 9 29
T 438 16 0 4 0
E 438 0 -10 -32
E 438 1 -7 -22
E 438 2 -4 -13
E 438 5 5 16
T 439 29 0 3 0
E 439 0 -5 -17
E 439 4 7 22
E 439 5 10 31
T 440 19 0 3 0
E 440 0 -9 -27
E 440 1 -6 -18
E 440 5 7 21
T 441 25 0 4 0
E 441 0 -8 -24
E 441 1 -4 -14
E 441 4 5 15
E 441 5 8 24
T 442 25 0 4 0
E 442 0 -7 -23
E 442 1 -4 -14
E 442 4 5 15
E 442 5 8 25
T 443 23 0 4 0
E 443 0 -8 -25
E 443 1 -5 -15
E 443 4 4 13
E 443 5 7 23
T 444 20 0 3 0
E 444 0 -9 -27
E 444 1 -5 -17
E 444 5 7 21
T 445 28 0 3 0
E 445 0 -6 -18
E 445 4 6 20
E 445 5 10 30
T 446 14 0 4 0
E 446 0 -11 -34
E 446 1 -8 -24
E 446 2 -5 -15
E 446 5 4 14
T 447 37 0 3 0
E 447 3 6 18
E 447 4 9 28
E 447 5 12 38
T 448 11 0 3 0
E 448 0 -13 -41
E 448 1 -10 -31
E 448 2 -7 -22
T 449 38 0 3 0
E 449 3 5 17
E 449 4 9 27
E 449 5 12 36
T 450 11 0 3 0
E 450 0 -13 -41
E 450 1 -10 -32
E 450 2 -7 -22
T 451 38 0 3 0
E 451 3 6 18
E 451 4 9 28
E 451 5 12 37
T 452 10 0 3 0
E 452 0 -13 -40
E 452 1 -10 -31
E 452 2 -7 -21
T 453 41 0 4 0
E 453 2 4 13
E 453 3 7 23
E 453 4 10 32
E 453 5 14 42
T 454 11 0 3 0
E 454 0 -12 -38
E 454 1 -9 -28
E 454 2 -6 -18
T 455 37 0 3 0
E 455 3 7 22
E 455 4 10 31
E 455 5 13 41
T 456 11 0 3 0
E 456 0 -13 -41
E 456 1 -10 -31
E 456 2 -7 -22
T 457 33 0 4 0
E 457 0 -4 -14
E 457 3 4 14
E 457 4 8 24
E 457 5 11 34
T 458 11 0 3 0
E 458 0 -13 -41
E 458 1 -10 -31
E 458 2 -7 -22
T 459 41 0 4 0
E 459 2 4 13
E 459 3 7 22
E 459 4 10 32
E 459 5 13 41
T 460 6 0 4 0
E 460 0 -14 -42
E 460 1 -11 -33
E 460 2 -7 -23
E 460 3 -4 -13
T 461 42 0 4 0
E 461 2 5 15
E 461 3 8 25
E 461 4 11 35
E 461 5 14 44
T 462 7 0 4 0
E 462 0 -13 -41
E 462 1 -10 -32
E 462 2 -7 -22
E 462 3 -4 -13
T 463 37 0 3 0
E 463 3 6 19
E 463 4 9 28
E 463 5 12 38
T 464 6 0 4 0
E 464 0 -15 -45
E 464 1 -11 -35
E 464 2 -8 -25
E 464 3 -5 -16
T 465 38 0 3 0
E 465 3 7 21
E 465 4 10 30
E 465 5 13 40
T 466 5 0 4 0
E 466 0 -15 -46
E 466 1 -12 -36
E 466 2 -9 -27
E 466 3 -5 -17
T 467 37 0 3 0
E 467 3 7 21
E 467 4 10 31
E 467 5 13 41
T 468 15 0 4 0
E 468 0 -11 -35
E 468 1 -8 -25
E 468 2 -5 -16
E 468 5 4 13
T 469 29 0 3 0
E 469 0 -7 -21
E 469 4 6 18
E 469 5 9 27
T 470 14 0 4 0
E 470 0 -11 -34
E 470 1 -8 -25
E 470 2 -5 -15
E 470 5 4 14
T 471 32 0 4 0
E 471 0 -5 -16
E 471 3 4 13
E 471 4 7 23
E 471 5 10 32
T 472 19 0 3 0
E 472 0 -9 -27
E 472 1 -6 -18
E 472 5 7 21
T 473 20 0 3 0
E 473 0 -8 -26
E 473 1 -5 -16
E 473 5 7 22
T 474 28 0 3 0
E 474 0 -6 -19
E 474 4 6 20
E 474 5 9 29
T 475 14 0 4 0
E 475 0 -11 -34
E 475 1 -8 -25
E 475 2 -5 -15
E 475 5 4 14
T 476 32 0 4 0
E 476 0 -5 -16
E 476 3 4 13
E 476 4 7 23
E 476 5 10 32
T 477 19 0 3 0
E 477 0 -10 -31
E 477 1 -7 -22
E 477 5 5 17
T 478 29 0 3 0
E 478 0 -6 -20
E 478 4 6 18
E 478 5 9 28
T 479 16 0 4 0
E 479 0 -11 -33
E 479 1 -7 -23
E 479 2 -4 -13
E 479 5 5 15
T 480 0 0 4 0
E 480 0 11 35
E 480 3 5 16
E 480 4 8 25
E 480 5 11 35
T 481 31 0 3 0
E 481 1 -11 -34
E 481 2 -8 -25
E 481 3 -5 -15
T 482 8 0 3 0
E 482 0 12 36
E 482 4 6 20
E 482 5 10 30
T 483 33 0 4 0
E 483 0 4 13
E 483 1 -11 -34
E 483 2 -8 -25
E 483 3 -5 -15
T 484 21 0 3 0
E 484 0 11 34
E 484 1 -5 -17
E 484 5 7 21
T 485 33 0 3 0
E 485 0 9 27
E 485 1 -9 -28
E 485 2 -6 -18
T 486 10 0 3 0
E 486 0 13 40
E 486 1 10 31
E 486 5 7 21
T 487 37 0 4 0
E 487 0 4 14
E 487 2 -12 -37
E 487 3 -9 -28
E 487 4 -6 -18
T 488 17 0 4 0
E 488 0 13 41
E 488 1 10 32
E 488 2 -4 -13
E 488 5 5 16
T 489 46 0 5 0
E 489 0 5 15
E 489 2 -14 -42
E 489 3 -11 -33
E 489 4 -7 -23
E 489 5 -4 -14
T 490 19 0 4 0
E 490 0 15 47
E 490 1 12 37
E 490 2 -4 -14
E 490 5 5 15
T 491 54 0 5 0
E 491 0 5 16
E 491 2 -16 -48
E 491 3 -12 -38
E 491 4 -9 -28
E 491 5 -6 -19
T 492 5 0 4 0
E 492 0 18 56
E 492 1 15 46
E 492 2 12 37
E 492 5 6 18
T 493 49 0 3 0
E 493 3 -17 -53
E 493 4 -14 -44
E 493 5 -11 -34
T 494 11 0 3 0
E 494 0 18 54
E 494 1 14 44
E 494 2 11 35
T 495 61 0 4 0
E 495 2 -4 -13
E 495 3 -20 -60
E 495 4 -17 -51
E 495 5 -13 -41
T 496 5 0 4 0
E 496 0 22 67
E 496 1 19 58
E 496 2 16 48
E 496 5 5 16
T 497 63 0 3 0
E 497 3 -21 -65
E 497 4 -18 -55
E 497 5 -15 -45
T 498 3 0 4 0
E 498 0 22 67
E 498 1 19 58
E 498 2 16 48
E 498 3 13 39
T 499 60 0 4 0
E 499 2 -7 -21
E 499 3 -10 -31
E 499 4 -24 -72
E 499 5 -21 -63
T 500 5 0 5 0
E 500 0 20 60
E 500 1 16 50
E 500 2 13 40
E 500 3 10 31
E 500 4 -4 -14
T 501 56 0 3 0
E 501 3 -6 -20
E 501 4 -22 -67
E 501 5 -19 -58
T 502 8 0 5 0
E 502 0 19 59
E 502 1 16 49
E 502 2 13 40
E 502 3 10 30
E 502 4 -7 -21
T 503 61 0 3 0
E 503 3 -7 -21
E 503 4 -25 -76
E 503 5 -22 -66
T 504 12 0 5 0
E 504 0 23 69
E 504 1 19 59
E 504 2 16 50
E 504 3 13 40
E 504 4 10 31
T 505 72 0 6 0
E 505 0 -5 -15
E 505 1 -8 -25
E 505 2 -11 -35
E 505 3 -14 -44
E 505 4 -18 -54
E 505 5 -31 -95
T 506 17 0 5 0
E 506 0 25 76
E 506 1 22 67
E 506 2 19 57
E 506 3 15 47
E 506 4 12 38
T 507 75 0 6 0
E 507 0 -5 -16
E 507 1 -8 -26
E 507 2 -11 -35
E 507 3 -15 -45
E 507 4 -18 -55
E 507 5 -34 -102
T 508 8 0 6 0
E 508 0 23 70
E 508 1 20 61
E 508 2 17 51
E 508 3 14 42
E 508 4 10 32
E 508 5 -6 -19
T 509 63 0 5 0
E 509 1 -4 -13
E 509 2 -7 -22
E 509 3 -10 -32
E 509 4 -13 -41
E 509 5 -32 -96
T 510 11 0 6 0
E 510 0 20 62
E 510 1 17 52
E 510 2 14 42
E 510 3 11 33
E 510 4 7 23
E 510 5 4 14
T 511 49 0 5 0
E 511 1 -4 -14
E 511 2 -8 -24
E 511 3 -11 -34
E 511 4 -14 -43
E 511 5 -17 -53
T 512 3 0 5 0
E 512 0 18 56
E 512 1 15 46
E 512 2 12 37
E 512 3 9 27
E 512 4 5 17
T 513 51 0 5 0
E 513 1 -5 -17
E 513 2 -9 -27
E 513 3 -12 -36
E 513 4 -15 -46
E 513 5 -18 -56
T 514 4 0 4 0
E 514 0 16 49
E 514 1 13 39
E 514 2 10 30
E 514 3 6 20
T 515 38 0 3 0
E 515 3 -7 -21
E 515 4 -10 -31
E 515 5 -13 -40
T 516 11 0 3 0
E 516 0 12 38
E 516 1 9 29
E 516 2 6 19
T 517 28 0 3 0
E 517 0 6 19
E 517 4 -6 -20
E 517 5 -9 -29
T 518 20 0 3 0
E 518 0 8 26
E 518 1 5 17
E 518 5 -7 -22
T 519 28 0 3 0
E 519 0 7 21
E 519 4 -5 -17
E 519 5 -9 -27
T 520 19 0 3 0
E 520 0 9 28
E 520 1 6 18
E 520 5 -6 -20
T 521 32 0 4 0
E 521 0 5 15
E 521 3 -4 -14
E 521 4 -7 -23
E 521 5 -11 -33
T 522 10 0 3 0
E 522 0 12 37
E 522 1 9 27
E 522 2 6 18
T 523 41 0 4 0
E 523 2 -4 -13
E 523 3 -7 -22
E 523 4 -10 -32
E 523 5 -14 -42
T 524 4 0 4 0
E 524 0 16 49
E 524 1 13 39
E 524 2 10 30
E 524 3 6 20
T 525 43 0 4 0
E 525 2 -6 -19
E 525 3 -9 -28
E 525 4 -12 -38
E 525 5 -15 -47
T 526 10 0 3 0
E 526 0 13 40
E 526 1 10 31
E 526 2 7 21
T 527 38 0 3 0
E 527 3 -5 -17
E 527 4 -9 -27
E 527 5 -12 -36
T 528 10 0 3 0
E 528 0 13 40
E 528 1 10 31
E 528 2 7 21
T 529 37 0 3 0
E 529 3 -7 -22
E 529 4 -10 -31
E 529 5 -13 -41
T 530 6 0 4 0
E 530 0 14 44
E 530 1 11 34
E 530 2 8 24
E 530 3 5 15
T 531 41 0 4 0
E 531 2 -4 -13
E 531 3 -7 -23
E 531 4 -10 -32
E 531 5 -14 -42
T 532 5 0 4 0
E 532 0 16 48
E 532 1 12 38
E 532 2 9 29
E 532 3 6 19
T 533 43 0 4 0
E 533 2 -6 -18
E 533 3 -9 -27
E 533 4 -12 -37
E 533 5 -15 -47
T 534 10 0 3 0
E 534 0 13 40
E 534 1 10 30
E 534 2 7 21
T 535 37 0 3 0
E 535 3 -6 -19
E 535 4 -9 -29
E 535 5 -12 -38
T 536 11 0 3 0
E 536 0 12 38
E 536 1 9 29
E 536 2 6 19
T 537 38 0 3 0
E 537 3 -6 -20
E 537 4 -10 -30
E 537 5 -13 -39
T 538 5 0 4 0
E 538 0 15 45
E 538 1 12 36
E 538 2 8 26
E 538 3 5 17
T 539 37 0 3 0
E 539 3 -5 -17
E 539 4 -8 -26
E 539 5 -12 -36
T 540 6 0 4 0
E 540 0 15 45
E 540 1 11 35
E 540 2 8 25
E 540 3 5 16
T 541 33 0 4 0
E 541 0 4 13
E 541 3 -5 -16
E 541 4 -8 -25
E 541 5 -11 -35
T 542 10 0 3 0
E 542 0 12 37
E 542 1 9 27
E 542 2 6 18
T 543 37 0 3 0
E 543 3 -5 -16
E 543 4 -8 -26
E 543 5 -12 -36
T 544 15 0 4 0
E 544 0 11 35
E 544 1 8 25
E 544 2 5 16
E 544 5 -4 -13
T 545 29 0 3 0
E 545 0 6 18
E 545 4 -7 -21
E 545 5 -10 -30
T 546 15 0 4 0
E 546 0 11 35
E 546 1 8 26
E 546 2 5 16
E 546 5 -4 -13
T 547 38 0 3 0
E 547 3 -6 -18
E 547 4 -9 -28
E 547 5 -12 -37
T 548 6 0 4 0
E 548 0 14 42
E 548 1 11 33
E 548 2 7 23
E 548 3 4 14
T 549 33 0 4 0
E 549 0 4 13
E 549 3 -5 -16
E 549 4 -8 -25
E 549 5 -11 -35
T 550 19 0 3 0
E 550 0 10 31
E 550 1 7 21
E 550 5 -5 -17
T 551 32 0 4 0
E 551 0 5 16
E 551 3 -4 -13
E 551 4 -7 -22
E 551 5 -10 -32
T 552 19 0 3 0
E 552 0 10 31
E 552 1 7 21
E 552 5 -5 -17
T 553 23 0 4 0
E 553 0 8 24
E 553 1 5 15
E 553 4 -4 -14
E 553 5 -8 -24
T 554 24 1 4 0
E 554 0 8 24
E 554 1 4 14
E 554 4 -4 -14
E 554 5 -8 -24
T 555 19 0 3 0
E 555 0 10 31
E 555 1 7 21
E 555 5 -5 -17
T 556 24 0 4 0
E 556 0 7 22
E 556 1 4 13
E 556 4 -5 -16
E 556 5 -8 -26
T 557 28 0 3 0
E 557 0 7 22
E 557 4 -5 -17
E 557 5 -8 -26
T 558 20 0 3 0
E 558 0 8 26
E 558 1 5 17
E 558 5 -7 -22
T 559 28 0 3 0
E 559 0 6 18
E 559 4 -6 -20
E 559 5 -10 -30
T 560 11 0 3 0
E 560 0 12 36
E 560 1 8 26
E 560 2 5 16
T 561 41 0 4 0
E 561 2 -4 -13
E 561 3 -7 -23
E 561 4 -10 -32
E 561 5 -14 -42
T 562 5 0 4 0
E 562 0 15 47
E 562 1 12 37
E 562 2 9 28
E 562 3 6 18
T 563 42 0 4 0
E 563 2 -5 -17
E 563 3 -8 -26
E 563 4 -12 -36
E 563 5 -15 -46
T 564 11 0 3 0
E 564 0 13 39
E 564 1 9 29
E 564 2 6 20
T 565 32 0 4 0
E 565 0 5 16
E 565 3 -4 -13
E 565 4 -7 -23
E 565 5 -10 -32
T 566 15 0 4 0
E 566 0 11 35
E 566 1 8 26
E 566 2 5 16
E 566 5 -4 -13
T 567 32 0 4 0
E 567 0 5 16
E 567 3 -4 -13
E 567 4 -7 -23
E 567 5 -10 -32
T 568 19 0 3 0
E 568 0 10 31
E 568 1 7 22
E 568 5 -5 -17
T 569 28 0 3 0
E 569 0 6 18
E 569 4 -6 -20
E 569 5 -10 -30
T 570 20 0 3 0
E 570 0 10 30
E 570 1 6 20
E 570 5 -6 -18
T 571 32 0 4 0
E 571 0 5 15
E 571 3 -4 -14
E 571 4 -7 -23
E 571 5 -11 -33
T 572 11 0 3 0
E 572 0 12 36
E 572 1 8 26
E 572 2 5 17
T 573 28 0 3 0
E 573 0 6 18
E 573 4 -6 -20
E 573 5 -10 -30
T 574 11 0 3 0
E 574 0 12 36
E 574 1 8 26
E 574 2 5 17
T 575 38 0 3 0
E 575 3 -7 -21
E 575 4 -10 -31
E 575 5 -13 -40
T 576 10 0 3 0
E 576 0 12 37
E 576 1 9 28
E 576 2 6 18
T 577 35 0 3 0
E 577 3 -6 -18
E 577 4 -9 -28
E 577 5 -12 -37
T 578 3 0 4 0
E 578 0 12 37
E 578 1 11 33
E 578 2 7 23
E 578 3 4 14
T 579 34 0 4 0
E 579 2 -5 -15
E 579 3 -8 -25
E 579 4 -11 -34
E 579 5 -14 -44
T 580 0 0 4 0
E 580 0 10 32
E 580 1 11 33
E 580 2 7 23
E 580 3 4 14
T 581 24 0 3 0
E 581 3 -6 -20
E 581 4 -9 -29
E 581 5 -13 -39
T 582 0 0 3 0
E 582 0 8 25
E 582 1 10 31
E 582 2 7 22
T 583 16 0 2 0
E 583 4 -6 -20
E 583 5 -10 -30
T 584 7 0 3 0
E 584 1 6 18
E 584 2 4 14
E 584 5 -5 -15
T 585 10 0 1 0
E 585 5 -6 -20
T 586 4 0 3 0
E 586 0 5 15
E 586 1 7 21
E 586 2 7 22
T 587 7 0 2 0
E 587 4 -4 -14
E 587 5 -7 -23
T 588 2 0 2 0
E 588 2 5 15
E 588 5 -4 -14
T 589 1 1 2 0
E 589 2 4 13
E 589 5 -4 -13
T 590 4 0 2 0
E 590 2 5 17
E 590 3 4 13
T 591 3 0 1 0
E 591 2 4 13
T 592 5 0 0 0
T 593 6 0 1 0
E 593 3 5 15
T 594 8 0 1 0
E 594 3 4 14
T 595 12 0 0 0
T 596 11 0 0 0
T 597 10 0 1 0
E 597 0 -4 -14
T 598 8 0 0 0
T 599 12 0 1 0
E 599 4 4 14
T 600 10 0 1 0
E 600 0 -4 -14
T 601 12 0 1 0
E 601 4 5 17
T 602 15 0 1 0
E 602 4 4 13
T 603 12 0 0 0
T 604 11 0 1 0
E 604 0 -5 -16
T 605 20 0 2 0
E 605 4 5 15
E 605 5 6 19
T 606 15 1 2 0
E 606 0 -5 -15
E 606 5 5 15
T 607 12 0 1 0
E 607 0 -6 -18
T 608 19 0 2 0
E 608 4 5 17
E 608 5 7 23
T 609 10 0 2 0
E 609 0 -7 -22
E 609 1 -5 -16
T 610 15 0 2 0
E 610 0 -4 -14
E 610 5 5 16
T 611 9 0 2 0
E 611 0 -7 -21
E 611 1 -5 -15
T 612 20 0 2 0
E 612 4 6 18
E 612 5 8 24
T 613 8 0 3 0
E 613 0 -8 -26
E 613 1 -6 -20
E 613 2 -4 -14
T 614 19 0 2 0
E 614 4 5 17
E 614 5 7 23
T 615 8 0 3 0
E 615 0 -8 -26
E 615 1 -6 -20
E 615 2 -4 -14
T 616 15 0 2 0
E 616 0 -4 -14
E 616 5 5 16
T 617 20 0 2 0
E 617 4 4 14
E 617 5 6 20
T 618 12 0 1 0
E 618 0 -6 -18
T 619 19 0 2 0
E 619 4 5 17
E 619 5 7 23
T 620 9 0 2 0
E 620 0 -7 -21
E 620 1 -5 -15
T 621 18 0 1 0
E 621 5 6 18
T 622 9 0 2 0
E 622 0 -6 -19
E 622 1 -4 -13
T 623 20 0 2 0
E 623 4 5 16
E 623 5 7 22
T 624 16 0 2 0
E 624 0 -5 -17
E 624 5 4 13
T 625 12 0 1 0
E 625 0 -6 -18
T 626 15 0 2 0
E 626 0 -4 -14
E 626 5 5 17
T 627 10 0 2 0
E 627 0 -6 -20
E 627 1 -4 -13
T 628 16 0 2 0
E 628 0 -4 -14
E 628 5 6 18
T 629 17 1 2 0
E 629 0 -5 -17
E 629 5 5 16
T 630 17 1 2 0
E 630 0 -5 -17
E 630 5 5 16
T 631 18 0 2 0
E 631 0 -7 -21
E 631 5 4 13
T 632 20 0 3 0
E 632 0 -5 -15
E 632 4 4 13
E 632 5 6 19
T 633 18 0 2 0
E 633 0 -7 -21
E 633 5 4 14
T 634 13 0 2 0
E 634 0 -8 -26
E 634 1 -5 -16
T 635 22 0 3 0
E 635 0 -4 -14
E 635 4 5 16
E 635 5 7 22
T 636 14 0 2 0
E 636 0 -10 -30
E 636 1 -6 -20
T 637 30 0 3 0
E 637 3 5 16
E 637 4 7 22
E 637 5 9 28
T 638 14 0 2 0
E 638 0 -10 -30
E 638 1 -6 -20
T 639 24 0 3 0
E 639 0 -5 -17
E 639 4 5 16
E 639 5 7 22
T 640 20 0 2 0
E 640 0 -7 -21
E 640 5 6 18
T 641 24 0 3 0
E 641 0 -7 -21
E 641 4 4 13
E 641 5 6 19
T 642 16 0 3 0
E 642 0 -9 -27
E 642 1 -6 -18
E 642 5 4 13
T 643 18 0 3 0
E 643 0 -7 -23
E 643 1 -4 -13
E 643 5 6 18
T 644 31 0 4 0
E 644 0 -4 -14
E 644 3 5 15
E 644 4 7 22
E 644 5 9 28
T 645 13 0 2 0
E 645 0 -10 -30
E 645 1 -7 -21
T 646 26 0 3 0
E 646 0 -5 -17
E 646 4 6 20
E 646 5 8 26
T 647 26 0 3 0
E 647 0 -7 -21
E 647 4 5 16
E 647 5 7 22
T 648 10 0 3 0
E 648 0 -11 -34
E 648 1 -8 -24
E 648 2 -5 -15
T 649 32 0 4 0
E 649 0 -5 -15
E 649 3 4 14
E 649 4 8 24
E 649 5 10 30
T 650 18 0 3 0
E 650 0 -10 -30
E 650 1 -7 -21
E 650 5 5 15
T 651 28 0 3 0
E 651 0 -5 -17
E 651 4 7 22
E 651 5 9 29
T 652 10 0 3 0
E 652 0 -11 -34
E 652 1 -8 -25
E 652 2 -5 -15
T 653 33 0 4 0
E 653 0 -4 -13
E 653 3 5 16
E 653 4 8 25
E 653 5 11 34
T 654 11 0 3 0
E 654 0 -12 -38
E 654 1 -9 -28
E 654 2 -6 -18
T 655 37 0 3 0
E 655 3 6 20
E 655 4 9 29
E 655 5 13 39
T 656 15 0 4 0
E 656 0 -11 -35
E 656 1 -8 -25
E 656 2 -5 -16
E 656 5 4 13
T 657 37 0 3 0
E 657 3 5 16
E 657 4 8 26
E 657 5 12 36
T 658 10 0 3 0
E 658 0 -13 -40
E 658 1 -10 -30
E 658 2 -7 -21
T 659 42 0 4 0
E 659 2 4 14
E 659 3 7 23
E 659 4 11 33
E 659 5 14 42
T 660 4 0 4 0
E 660 0 -16 -48
E 660 1 -13 -39
E 660 2 -9 -29
E 660 3 -6 -19
T 661 43 0 4 0
E 661 2 6 18
E 661 3 9 28
E 661 4 12 38
E 661 5 15 47
T 662 10 0 3 0
E 662 0 -13 -40
E 662 1 -10 -31
E 662 2 -7 -21
T 663 37 0 3 0
E 663 3 7 22
E 663 4 10 31
E 663 5 13 41
T 664 11 0 3 0
E 664 0 -13 -40
E 664 1 -10 -30
E 664 2 -6 -20
T 665 38 0 3 0
E 665 3 6 18
E 665 4 9 27
E 665 5 12 37
T 666 10 0 3 0
E 666 0 -12 -37
E 666 1 -9 -27
E 666 2 -6 -18
T 667 37 0 3 0
E 667 3 6 19
E 667 4 9 29
E 667 5 13 39
T 668 7 0 4 0
E 668 0 -14 -42
E 668 1 -10 -32
E 668 2 -7 -23
E 668 3 -4 -13
T 669 38 0 3 0
E 669 3 6 20
E 669 4 10 30
E 669 5 13 39
T 670 5 0 4 0
E 670 0 -15 -45
E 670 1 -12 -36
E 670 2 -8 -26
E 670 3 -5 -16
T 671 43 0 4 0
E 671 2 6 18
E 671 3 9 28
E 671 4 12 38
E 671 5 15 47
T 672 6 0 4 0
E 672 0 -14 -42
E 672 1 -11 -33
E 672 2 -7 -23
E 672 3 -4 -14
T 673 37 0 3 0
E 673 3 6 20
E 673 4 9 29
E 673 5 13 39
T 674 11 0 3 0
E 674 0 -13 -40
E 674 1 -10 -30
E 674 2 -6 -20
T 675 29 0 3 0
E 675 0 -5 -17
E 675 4 7 21
E 675 5 10 31
T 676 19 0 3 0
E 676 0 -10 -31
E 676 1 -7 -21
E 676 5 5 17
T 677 29 0 3 0
E 677 0 -5 -17
E 677 4 7 21
E 677 5 10 31
T 678 23 0 4 0
E 678 0 -8 -25
E 678 1 -5 -15
E 678 4 4 13
E 678 5 7 23
T 679 24 0 4 0
E 679 0 -8 -26
E 679 1 -5 -16
E 679 4 4 13
E 679 5 7 22
T 680 19 0 3 0
E 680 0 -10 -30
E 680 1 -7 -21
E 680 5 6 18
T 681 29 0 3 0
E 681 0 -7 -21
E 681 4 6 18
E 681 5 9 27
T 682 19 0 3 0
E 682 0 -10 -31
E 682 1 -7 -22
E 682 5 5 17
T 683 20 0 3 0
E 683 0 -8 -26
E 683 1 -5 -16
E 683 5 7 22
T 684 23 0 4 0
E 684 0 -8 -25
E 684 1 -5 -15
E 684 4 4 14
E 684 5 7 23
T 685 19 0 3 0
E 685 0 -9 -27
E 685 1 -6 -18
E 685 5 7 21
T 686 29 0 3 0
E 686 0 -6 -20
E 686 4 6 19
E 686 5 9 28
T 687 20 0 3 0
E 687 0 -8 -26
E 687 1 -5 -17
E 687 5 7 22
T 688 20 0 3 0
E 688 0 -9 -27
E 688 1 -5 -17
E 688 5 7 21
T 689 25 0 4 0
E 689 0 -8 -24
E 689 1 -4 -14
E 689 4 5 15
E 689 5 8 24
T 690 19 0 3 0
E 690 0 -10 -31
E 690 1 -7 -22
E 690 5 5 17
T 691 29 0 3 0
E 691 0 -6 -18
E 691 4 7 21
E 691 5 10 30
T 692 19 0 3 0
E 692 0 -10 -30
E 692 1 -7 -21
E 692 5 6 18
T 693 29 0 3 0
E 693 0 -6 -20
E 693 4 6 18
E 693 5 9 28
T 694 20 0 3 0
E 694 0 -10 -30
E 694 1 -6 -20
E 694 5 6 18
T 695 32 0 4 0
E 695 0 -5 -15
E 695 3 4 14
E 695 4 7 23
E 695 5 11 33
T 696 14 0 4 0
E 696 0 -11 -34
E 696 1 -8 -24
E 696 2 -5 -15
E 696 5 4 14
T 697 28 0 3 0
E 697 0 -6 -18
E 697 4 6 20
E 697 5 10 30
T 698 19 0 3 0
E 698 0 -10 -31
E 698 1 -7 -21
E 698 5 5 17
T 699 20 0 3 0
E 699 0 -9 -27
E 699 1 -5 -17
E 699 5 7 21
T 700 28 0 3 0
E 700 0 -7 -21
E 700 4 5 17
E 700 5 9 27
T 701 23 0 4 0
E 701 0 -8 -25
E 701 1 -5 -15
E 701 4 4 14
E 701 5 7 23
T 702 23 0 4 0
E 702 0 -8 -24
E 702 1 -5 -15
E 702 4 4 14
E 702 5 8 24
T 703 29 0 3 0
E 703 0 -6 -20
E 703 4 6 18
E 703 5 9 28
T 704 20 0 3 0
E 704 0 -10 -32
E 704 1 -7 -22
E 704 5 5 16
T 705 32 0 4 0
E 705 0 -5 -15
E 705 3 4 14
E 705 4 7 23
E 705 5 11 33
T 706 10 0 3 0
E 706 0 -13 -40
E 706 1 -10 -30
E 706 2 -7 -21
T 707 37 0 3 0
E 707 3 6 20
E 707 4 10 30
E 707 5 13 40
T 708 10 0 3 0
E 708 0 -12 -37
E 708 1 -9 -27
E 708 2 -6 -18
T 709 29 0 3 0
E 709 0 -5 -17
E 709 4 7 22
E 709 5 10 31
T 710 19 0 3 0
E 710 0 -9 -27
E 710 1 -6 -18
E 710 5 7 21
T 711 24 0 4 0
E 711 0 -8 -26
E 711 1 -5 -16
E 711 4 4 13
E 711 5 7 22
T 712 19 0 3 0
E 712 0 -9 -28
E 712 1 -6 -19
E 712 5 6 20
T 713 25 0 4 0
E 713 0 -7 -23
E 713 1 -4 -13
E 713 4 5 15
E 713 5 8 25
T 714 25 0 4 0
E 714 0 -8 -24
E 714 1 -4 -14
E 714 4 5 15
E 714 5 8 24
T 715 25 0 4 0
E 715 0 -7 -23
E 715 1 -4 -14
E 715 4 5 15
E 715 5 8 25
T 716 24 0 4 0
E 716 0 -8 -26
E 716 1 -5 -16
E 716 4 4 13
E 716 5 7 22
T 717 20 0 3 0
E 717 0 -8 -26
E 717 1 -5 -17
E 717 5 7 22
T 718 29 0 3 0
E 718 0 -6 -20
E 718 4 6 18
E 718 5 9 28
T 719 11 0 3 0
E 719 0 -12 -36
E 719 1 -8 -26
E 719 2 -5 -16
T 720 2 0 4 0
E 720 0 13 41
E 720 3 7 22
E 720 4 10 31
E 720 5 13 41
T 721 31 0 3 0
E 721 1 -13 -39
E 721 2 -10 -30
E 721 3 -6 -20
T 722 17 0 3 0
E 722 0 9 28
E 722 1 -5 -17
E 722 5 7 22
T 723 29 0 3 0
E 723 0 5 17
E 723 1 -10 -30
E 723 2 -7 -21
T 724 18 0 4 0
E 724 0 12 36
E 724 1 -5 -15
E 724 4 4 14
E 724 5 7 23
T 725 33 0 3 0
E 725 0 8 26
E 725 1 -9 -29
E 725 2 -6 -19
T 726 10 0 3 0
E 726 0 12 37
E 726 1 9 28
E 726 5 6 18
T 727 45 0 4 0
E 727 2 -14 -43
E 727 3 -11 -34
E 727 4 -8 -24
E 727 5 -4 -14
T 728 7 0 4 0
E 728 0 17 52
E 728 1 14 43
E 728 4 5 17
E 728 5 9 27
T 729 55 0 4 0
E 729 2 -18 -54
E 729 3 -15 -45
E 729 4 -11 -35
E 729 5 -8 -26
T 730 10 0 4 0
E 730 0 19 58
E 730 1 16 48
E 730 4 5 16
E 730 5 8 26
T 731 56 0 5 0
E 731 0 4 13
E 731 2 -17 -51
E 731 3 -13 -41
E 731 4 -10 -31
E 731 5 -7 -22
T 732 6 0 4 0
E 732 0 17 52
E 732 1 14 42
E 732 2 11 33
E 732 5 4 14
T 733 49 0 3 0
E 733 3 -17 -53
E 733 4 -14 -44
E 733 5 -11 -34
T 734 10 0 3 0
E 734 0 18 55
E 734 1 15 45
E 734 2 12 36
T 735 61 0 4 0
E 735 2 -4 -13
E 735 3 -20 -60
E 735 4 -17 -51
E 735 5 -13 -41
T 736 15 0 4 0
E 736 0 18 56
E 736 1 15 47
E 736 2 12 37
E 736 3 -4 -14
T 737 63 0 3 0
E 737 3 -21 -63
E 737 4 -17 -53
E 737 5 -14 -43
T 738 1 0 4 0
E 738 0 21 63
E 738 1 18 54
E 738 2 14 44
E 738 3 11 35
T 739 59 0 4 0
E 739 2 -6 -18
E 739 3 -9 -28
E 739 4 -23 -69
E 739 5 -20 -60
T 740 9 0 5 0
E 740 0 18 55
E 740 1 15 45
E 740 2 11 35
E 740 3 8 26
E 740 4 -6 -19
T 741 60 0 4 0
E 741 2 -4 -13
E 741 3 -7 -23
E 741 4 -23 -70
E 741 5 -20 -61
T 742 2 0 4 0
E 742 0 22 68
E 742 1 19 58
E 742 2 16 49
E 742 3 13 39
T 743 73 0 5 0
E 743 1 -5 -16
E 743 2 -8 -26
E 743 3 -11 -35
E 743 4 -30 -90
E 743 5 -26 -80
T 744 18 0 5 0
E 744 0 26 78
E 744 1 22 68
E 744 2 19 59
E 744 3 16 49
E 744 4 13 40
T 745 80 0 6 0
E 745 0 -7 -22
E 745 1 -10 -32
E 745 2 -14 -42
E 745 3 -17 -51
E 745 4 -20 -61
E 745 5 -34 -102
T 746 18 0 5 0
E 746 0 25 77
E 746 1 22 68
E 746 2 19 58
E 746 3 16 48
E 746 4 13 39
T 747 76 0 6 0
E 747 0 -5 -17
E 747 1 -9 -27
E 747 2 -12 -36
E 747 3 -15 -46
E 747 4 -18 -56
E 747 5 -34 -103
T 748 11 0 6 0
E 748 0 24 74
E 748 1 21 65
E 748 2 18 55
E 748 3 15 46
E 748 4 12 36
E 748 5 -5 -15
T 749 63 0 5 0
E 749 1 -4 -13
E 749 2 -7 -22
E 749 3 -10 -32
E 749 4 -13 -41
E 749 5 -32 -96
T 750 11 0 6 0
E 750 0 20 62
E 750 1 17 52
E 750 2 14 42
E 750 3 11 33
E 750 4 7 23
E 750 5 4 14
T 751 52 0 5 0
E 751 1 -6 -18
E 751 2 -9 -28
E 751 3 -12 -38
E 751 4 -15 -47
E 751 5 -19 -57
T 752 6 0 5 0
E 752 0 20 60
E 752 1 16 50
E 752 2 13 41
E 752 3 10 31
E 752 4 7 21
T 753 52 0 5 0
E 753 1 -6 -19
E 753 2 -9 -29
E 753 3 -12 -38
E 753 4 -16 -48
E 753 5 -19 -58
T 754 2 0 5 0
E 754 0 17 53
E 754 1 14 43
E 754 2 11 34
E 754 3 8 24
E 754 4 5 15
T 755 44 0 4 0
E 755 2 -6 -20
E 755 3 -9 -29
E 755 4 -13 -39
E 755 5 -16 -48
T 756 10 0 3 0
E 756 0 13 40
E 756 1 10 31
E 756 2 7 21
T 757 29 0 3 0
E 757 0 5 17
E 757 4 -7 -22
E 757 5 -10 -31
T 758 19 0 3 0
E 758 0 10 30
E 758 1 7 21
E 758 5 -6 -18
T 759 23 0 4 0
E 759 0 8 25
E 759 1 5 15
E 759 4 -4 -13
E 759 5 -7 -23
T 760 29 0 3 0
E 760 0 7 21
E 760 4 -6 -18
E 760 5 -9 -27
T 761 20 0 3 0
E 761 0 8 26
E 761 1 5 17
E 761 5 -7 -22
T 762 19 0 3 0
E 762 0 9 28
E 762 1 6 18
E 762 5 -6 -20
T 763 28 0 3 0
E 763 0 6 18
E 763 4 -6 -20
E 763 5 -10 -30
T 764 16 0 4 0
E 764 0 11 33
E 764 1 7 23
E 764 2 4 14
E 764 5 -5 -15
T 765 33 0 4 0
E 765 0 5 15
E 765 3 -4 -14
E 765 4 -8 -24
E 765 5 -11 -33
T 766 15 0 4 0
E 766 0 11 35
E 766 1 8 26
E 766 2 5 16
E 766 5 -4 -13
T 767 33 0 4 0
E 767 0 4 13
E 767 3 -5 -16
E 767 4 -8 -26
E 767 5 -11 -35
T 768 15 0 4 0
E 768 0 11 33
E 768 1 8 24
E 768 2 4 14
E 768 5 -5 -15
T 769 34 0 4 0
E 769 0 4 14
E 769 3 -5 -15
E 769 4 -8 -24
E 769 5 -11 -34
T 770 20 0 3 0
E 770 0 10 30
E 770 1 6 20
E 770 5 -6 -18
T 771 28 0 3 0
E 771 0 7 21
E 771 4 -5 -17
E 771 5 -9 -27
T 772 24 0 4 0
E 772 0 8 26
E 772 1 5 16
E 772 4 -4 -13
E 772 5 -7 -22
T 773 19 0 3 0
E 773 0 9 28
E 773 1 6 19
E 773 5 -6 -20
T 774 20 0 3 0
E 774 0 9 27
E 774 1 5 17
E 774 5 -7 -21
T 775 28 0 3 0
E 775 0 7 22
E 775 4 -5 -17
E 775 5 -8 -26
T 776 14 0 4 0
E 776 0 11 34
E 776 1 8 25
E 776 2 5 15
E 776 5 -4 -14
T 777 29 0 3 0
E 777 0 6 20
E 777 4 -6 -19
E 777 5 -9 -28
T 778 23 0 4 0
E 778 0 8 25
E 778 1 5 16
E 778 4 -4 -13
E 778 5 -7 -23
T 779 29 0 3 0
E 779 0 6 20
E 779 4 -6 -18
E 779 5 -9 -28
T 780 20 0 3 0
E 780 0 9 27
E 780 1 5 17
E 780 5 -7 -21
T 781 32 0 4 0
E 781 0 5 16
E 781 3 -4 -13
E 781 4 -7 -22
E 781 5 -10 -32
T 782 15 0 4 0
E 782 0 11 35
E 782 1 8 25
E 782 2 5 16
E 782 5 -4 -13
T 783 37 0 3 0
E 783 3 -6 -18
E 783 4 -9 -28
E 783 5 -12 -38
T 784 15 0 4 0
E 784 0 11 35
E 784 1 8 25
E 784 2 5 16
E 784 5 -4 -13
T 785 29 0 3 0
E 785 0 6 18
E 785 4 -7 -21
E 785 5 -10 -30
T 786 16 0 4 0
E 786 0 10 32
E 786 1 7 23
E 786 2 4 13
E 786 5 -5 -16
T 787 29 0 3 0
E 787 0 6 18
E 787 4 -7 -21
E 787 5 -10 -30
T 788 19 0 3 0
E 788 0 9 27
E 788 1 6 18
E 788 5 -7 -21
T 789 20 0 3 0
E 789 0 8 26
E 789 1 5 16
E 789 5 -7 -22
T 790 29 0 3 0
E 790 0 5 17
E 790 4 -7 -22
E 790 5 -10 -31
T 791 23 0 4 0
E 791 0 8 24
E 791 1 5 15
E 791 4 -4 -14
E 791 5 -8 -24
T 792 25 0 4 0
E 792 0 8 24
E 792 1 4 14
E 792 4 -5 -15
E 792 5 -8 -24
T 793 19 0 3 0
E 793 0 10 30
E 793 1 7 21
E 793 5 -6 -18
T 794 20 0 3 0
E 794 0 9 27
E 794 1 5 17
E 794 5 -7 -21
T 795 23 0 4 0
E 795 0 8 25
E 795 1 5 15
E 795 4 -4 -14
E 795 5 -7 -23
T 796 19 0 3 0
E 796 0 9 27
E 796 1 6 18
E 796 5 -7 -21
T 797 29 0 3 0
E 797 0 6 18
E 797 4 -7 -21
E 797 5 -10 -30
T 798 10 0 3 0
E 798 0 12 36
E 798 1 9 27
E 798 2 5 17
T 799 32 0 4 0
E 799 0 5 16
E 799 3 -4 -13
E 799 4 -7 -22
E 799 5 -10 -32
T 800 15 0 4 0
E 800 0 11 34
E 800 1 8 24
E 800 2 4 14
E 800 5 -4 -14
T 801 34 0 4 0
E 801 0 4 14
E 801 3 -5 -15
E 801 4 -8 -24
E 801 5 -11 -34
T 802 10 0 3 0
E 802 0 13 40
E 802 1 10 30
E 802 2 7 21
T 803 37 0 3 0
E 803 3 -7 -21
E 803 4 -10 -31
E 803 5 -13 -41
T 804 10 0 3 0
E 804 0 13 40
E 804 1 10 30
E 804 2 7 21
T 805 38 0 3 0
E 805 3 -7 -21
E 805 4 -10 -31
E 805 5 -13 -40
T 806 11 0 3 0
E 806 0 12 38
E 806 1 9 29
E 806 2 6 19
T 807 28 0 3 0
E 807 0 6 19
E 807 4 -6 -20
E 807 5 -9 -29
T 808 15 0 4 0
E 808 0 11 33
E 808 1 8 24
E 808 2 4 14
E 808 5 -5 -15
T 809 32 0 4 0
E 809 0 5 16
E 809 3 -4 -13
E 809 4 -7 -22
E 809 5 -10 -32
T 810 20 0 3 0
E 810 0 9 29
E 810 1 6 19
E 810 5 -6 -19
T 811 29 0 3 0
E 811 0 6 20
E 811 4 -6 -18
E 811 5 -9 -28
T 812 14 0 4 0
E 812 0 11 34
E 812 1 8 24
E 812 2 5 15
E 812 5 -4 -14
T 813 32 0 4 0
E 813 0 5 15
E 813 3 -4 -13
E 813 4 -7 -23
E 813 5 -11 -33
T 814 15 0 4 0
E 814 0 11 35
E 814 1 8 25
E 814 2 5 16
E 814 5 -4 -13
T 815 33 0 4 0
E 815 0 5 15
E 815 3 -4 -14
E 815 4 -8 -24
E 815 5 -11 -33
T 816 10 0 3 0
E 816 0 13 39
E 816 1 10 30
E 816 2 6 20
T 817 27 0 3 0
E 817 0 5 15
E 817 4 -7 -21
E 817 5 -10 -30
T 818 12 0 4 0
E 818 0 9 27
E 818 1 7 23
E 818 2 4 13
E 818 5 -5 -16
T 819 23 0 3 0
E 819 0 4 13
E 819 4 -5 -17
E 819 5 -9 -27
T 820 12 0 3 0
E 820 0 6 20
E 820 1 7 21
E 820 5 -5 -17
T 821 10 0 3 0
E 821 0 5 15
E 821 1 6 19
E 821 5 -6 -20
T 822 12 1 2 0
E 822 1 6 18
E 822 5 -6 -20
T 823 3 0 4 0
E 823 0 5 16
E 823 1 7 22
E 823 2 5 15
E 823 5 -4 -14
T 824 9 0 2 0
E 824 1 4 13
E 824 5 -6 -20
T 825 5 0 3 0
E 825 1 5 15
E 825 2 4 13
E 825 5 -5 -15
T 826 10 0 1 0
E 826 5 -5 -17
T 827 8 0 4 0
E 827 0 4 13
E 827 1 6 19
E 827 2 7 23
E 827 3 4 13
T 828 7 0 3 0
E 828 0 -5 -15
E 828 4 -7 -22
E 828 5 -10 -32
T 829 1 1 2 0
E 829 2 4 13
E 829 5 -4 -13
T 830 1 0 1 0
E 830 5 -5 -15
T 831 3 0 0 0
T 832 2 0 0 0
T 833 6 0 0 0
T 834 6 0 1 0
E 834 3 5 17
T 835 10 0 0 0
T 836 10 0 1 0
E 836 0 -5 -15
T 837 10 0 1 0
E 837 0 -5 -15
T 838 8 0 0 0
T 839 13 0 1 0
E 839 4 4 13
T 840 12 0 1 0
E 840 0 -6 -18
T 841 14 0 1 0
E 841 4 5 15
T 842 11 0 1 0
E 842 0 -5 -16
T 843 12 0 1 0
E 843 0 -6 -18
T 844 18 0 2 0
E 844 4 5 16
E 844 5 5 17
T 845 7 0 3 0
E 845 0 -8 -25
E 845 1 -6 -19
E 845 2 -4 -13
T 846 20 0 2 0
E 846 4 5 16
E 846 5 7 22
T 847 9 0 2 0
E 847 0 -6 -19
E 847 1 -4 -13
T 848 15 0 2 0
E 848 0 -4 -14
E 848 5 5 16
T 849 10 0 2 0
E 849 0 -6 -20
E 849 1 -4 -14
T 850 15 1 2 0
E 850 0 -5 -15
E 850 5 5 15
T 851 9 0 2 0
E 851 0 -7 -21
E 851 1 -5 -15
T 852 19 0 2 0
E 852 4 5 17
E 852 5 7 23
T 853 15 1 2 0
E 853 0 -5 -15
E 853 5 5 15
T 854 15 0 2 0
E 854 0 -5 -16
E 854 5 4 14
T 855 12 0 1 0
E 855 0 -6 -18
T 856 12 0 1 0
E 856 0 -6 -18
T 857 12 0 1 0
E 857 0 -6 -18
T 858 15 0 2 0
E 858 0 -4 -14
E 858 5 5 16
T 859 20 0 2 0
E 859 4 4 14
E 859 5 6 20
T 860 10 0 2 0
E 860 0 -8 -24
E 860 1 -6 -18
T 861 20 0 2 0
E 861 4 5 16
E 861 5 7 22
T 862 15 1 2 0
E 862 0 -5 -15
E 862 5 5 15
T 863 14 0 2 0
E 863 0 -4 -13
E 863 5 5 17
T 864 21 0 2 0
E 864 4 5 15
E 864 5 7 21
T 865 11 0 2 0
E 865 0 -7 -23
E 865 1 -5 -17
T 866 15 0 2 0
E 866 0 -4 -13
E 866 5 6 18
T 867 16 1 2 0
E 867 0 -5 -16
E 867 5 5 15
T 868 16 0 2 0
E 868 0 -6 -18
E 868 5 4 14
T 869 11 0 2 0
E 869 0 -8 -24
E 869 1 -5 -15
T 870 20 0 3 0
E 870 0 -4 -14
E 870 4 4 13
E 870 5 6 19
T 871 12 0 2 0
E 871 0 -8 -24
E 871 1 -4 -14
T 872 17 0 2 0
E 872 0 -6 -18
E 872 5 5 16
T 873 19 0 2 0
E 873 0 -6 -20
E 873 5 5 15
T 874 21 0 3 0
E 874 0 -5 -16
E 874 4 4 14
E 874 5 6 20
T 875 13 0 2 0
E 875 0 -9 -28
E 875 1 -6 -19
T 876 19 0 2 0
E 876 0 -7 -21
E 876 5 5 16
T 877 13 0 2 0
E 877 0 -8 -26
E 877 1 -5 -17
T 878 23 0 3 0
E 878 0 -5 -16
E 878 4 5 16
E 878 5 7 22
T 879 20 0 2 0
E 879 0 -7 -22
E 879 5 5 17
T 880 17 0 3 0
E 880 0 -8 -26
E 880 1 -5 -17
E 880 5 4 13
T 881 25 0 3 0
E 881 0 -6 -19
E 881 4 5 15
E 881 5 7 21
T 882 17 0 3 0
E 882 0 -8 -26
E 882 1 -5 -17
E 882 5 4 14
T 883 29 0 4 0
E 883 0 -5 -16
E 883 3 4 13
E 883 4 6 19
E 883 5 8 25
T 884 17 0 3 0
E 884 0 -9 -28
E 884 1 -6 -18
E 884 5 4 14
T 885 26 0 3 0
E 885 0 -6 -20
E 885 4 5 16
E 885 5 7 22
T 886 27 0 3 0
E 886 0 -7 -22
E 886 4 5 15
E 886 5 7 21
T 887 18 0 3 0
E 887 0 -8 -25
E 887 1 -5 -16
E 887 5 6 18
T 888 26 0 3 0
E 888 0 -6 -18
E 888 4 6 20
E 888 5 8 26
T 889 11 0 3 0
E 889 0 -11 -33
E 889 1 -7 -23
E 889 2 -4 -13
T 890 32 0 4 0
E 890 0 -4 -13
E 890 3 5 16
E 890 4 8 25
E 890 5 10 32
T 891 10 0 3 0
E 891 0 -12 -37
E 891 1 -9 -27
E 891 2 -6 -18
T 892 32 0 4 0
E 892 0 -4 -14
E 892 3 4 14
E 892 4 8 24
E 892 5 10 32
T 893 11 0 3 0
E 893 0 -13 -39
E 893 1 -9 -29
E 893 2 -6 -20
T 894 38 0 3 0
E 894 3 5 17
E 894 4 9 27
E 894 5 12 36
T 895 15 0 4 0
E 895 0 -11 -33
E 895 1 -8 -24
E 895 2 -4 -14
E 895 5 5 15
T 896 29 0 3 0
E 896 0 -5 -17
E 896 4 7 22
E 896 5 10 31
T 897 19 0 3 0
E 897 0 -10 -30
E 897 1 -7 -21
E 897 5 6 18
T 898 28 0 3 0
E 898 0 -6 -18
E 898 4 6 20
E 898 5 10 30
T 899 20 0 3 0
E 899 0 -10 -30
E 899 1 -6 -20
E 899 5 6 18
T 900 25 0 4 0
E 900 0 -7 -23
E 900 1 -4 -14
E 900 4 5 15
E 900 5 8 25
T 901 24 0 4 0
E 901 0 -8 -26
E 901 1 -5 -16
E 901 4 4 13
E 901 5 7 22
T 902 29 0 3 0
E 902 0 -6 -20
E 902 4 6 18
E 902 5 9 28
T 903 19 0 3 0
E 903 0 -9 -28
E 903 1 -6 -18
E 903 5 6 20
T 904 28 0 3 0
E 904 0 -7 -22
E 904 4 5 17
E 904 5 8 26
T 905 20 0 3 0
E 905 0 -8 -26
E 905 1 -5 -17
E 905 5 7 22
T 906 32 0 4 0
E 906 0 -5 -16
E 906 3 4 13
E 906 4 7 23
E 906 5 10 32
T 907 19 0 3 0
E 907 0 -10 -30
E 907 1 -7 -21
E 907 5 6 18
T 908 25 0 4 0
E 908 0 -7 -23
E 908 1 -4 -13
E 908 4 5 15
E 908 5 8 25
T 909 25 0 4 0
E 909 0 -7 -23
E 909 1 -4 -13
E 909 4 5 16
E 909 5 8 25
T 910 24 0 4 0
E 910 0 -7 -22
E 910 1 -4 -13
E 910 4 5 16
E 910 5 8 26
T 911 19 0 3 0
E 911 0 -9 -28
E 911 1 -6 -18
E 911 5 6 20
T 912 33 0 4 0
E 912 0 -4 -14
E 912 3 4 14
E 912 4 8 24
E 912 5 11 34
T 913 15 0 4 0
E 913 0 -11 -35
E 913 1 -8 -25
E 913 2 -5 -16
E 913 5 4 13
T 914 29 0 3 0
E 914 0 -6 -18
E 914 4 7 21
E 914 5 10 30
T 915 15 0 4 0
E 915 0 -11 -33
E 915 1 -8 -24
E 915 2 -4 -14
E 915 5 5 15
T 916 32 0 4 0
E 916 0 -5 -16
E 916 3 4 13
E 916 4 7 23
E 916 5 10 32
T 917 19 0 3 0
E 917 0 -9 -27
E 917 1 -6 -18
E 917 5 7 21
T 918 28 0 3 0
E 918 0 -7 -21
E 918 4 5 17
E 918 5 9 27
T 919 19 0 3 0
E 919 0 -9 -28
E 919 1 -6 -18
E 919 5 6 20
T 920 32 0 4 0
E 920 0 -5 -15
E 920 3 4 14
E 920 4 7 23
E 920 5 11 33
T 921 19 0 3 0
E 921 0 -10 -31
E 921 1 -7 -21
E 921 5 5 17
T 922 28 0 3 0
E 922 0 -6 -19
E 922 4 6 19
E 922 5 9 29
T 923 19 0 3 0
E 923 0 -10 -31
E 923 1 -7 -21
E 923 5 5 17
T 924 29 0 3 0
E 924 0 -5 -17
E 924 4 7 22
E 924 5 10 31
T 925 20 0 3 0
E 925 0 -9 -29
E 925 1 -6 -20
E 925 5 6 19
T 926 29 0 3 0
E 926 0 -6 -20
E 926 4 6 19
E 926 5 9 28
T 927 23 0 4 0
E 927 0 -8 -25
E 927 1 -5 -16
E 927 4 4 13
E 927 5 7 23
T 928 25 0 4 0
E 928 0 -7 -23
E 928 1 -4 -13
E 928 4 5 15
E 928 5 8 25
T 929 19 0 3 0
E 929 0 -9 -28
E 929 1 -6 -18
E 929 5 6 20
T 930 20 0 3 0
E 930 0 -8 -26
E 930 1 -5 -17
E 930 5 7 22
T 931 29 0 3 0
E 931 0 -6 -20
E 931 4 6 19
E 931 5 9 28
T 932 19 0 3 0
E 932 0 -9 -28
E 932 1 -6 -19
E 932 5 6 20
T 933 20 0 3 0
E 933 0 -8 -26
E 933 1 -5 -16
E 933 5 7 22
T 934 25 0 4 0
E 934 0 -8 -24
E 934 1 -4 -14
E 934 4 5 15
E 934 5 8 24
T 935 29 0 3 0
E 935 0 -6 -20
E 935 4 6 18
E 935 5 9 28
T 936 16 0 4 0
E 936 0 -11 -33
E 936 1 -7 -23
E 936 2 -4 -14
E 936 5 5 15
T 937 33 0 4 0
E 937 0 -4 -14
E 937 3 4 14
E 937 4 8 24
E 937 5 11 34
T 938 11 0 3 0
E 938 0 -12 -36
E 938 1 -8 -26
E 938 2 -5 -17
T 939 41 0 4 0
E 939 2 4 13
E 939 3 7 22
E 939 4 10 32
E 939 5 13 41
T 940 6 0 4 0
E 940 0 -14 -44
E 940 1 -11 -35
E 940 2 -8 -25
E 940 3 -5 -15
T 941 38 0 3 0
E 941 3 7 21
E 941 4 10 31
E 941 5 13 40
T 942 15 0 4 0
E 942 0 -11 -35
E 942 1 -8 -26
E 942 2 -5 -16
E 942 5 4 13
T 943 28 0 3 0
E 943 0 -6 -18
E 943 4 6 20
E 943 5 10 30
T 944 11 0 3 0
E 944 0 -12 -36
E 944 1 -8 -26
E 944 2 -5 -16
T 945 29 0 3 0
E 945 0 -5 -17
E 945 4 7 21
E 945 5 10 31
T 946 16 0 4 0
E 946 0 -11 -33
E 946 1 -7 -23
E 946 2 -4 -14
E 946 5 5 15
T 947 28 0 3 0
E 947 0 -7 -21
E 947 4 5 17
E 947 5 9 27
T 948 20 0 3 0
E 948 0 -9 -27
E 948 1 -5 -17
E 948 5 7 21
T 949 32 0 4 0
E 949 0 -5 -16
E 949 3 4 13
E 949 4 7 23
E 949 5 10 32
T 950 16 0 4 0
E 950 0 -10 -32
E 950 1 -7 -23
E 950 2 -4 -13
E 950 5 5 16
T 951 29 0 3 0
E 951 0 -6 -20
E 951 4 6 19
E 951 5 9 28
T 952 16 0 4 0
E 952 0 -10 -32
E 952 1 -7 -23
E 952 2 -4 -13
E 952 5 5 16
T 953 24 1 4 0
E 953 0 -8 -24
E 953 1 -4 -14
E 953 4 4 14
E 953 5 8 24
T 954 29 0 3 0
E 954 0 -7 -21
E 954 4 6 18
E 954 5 9 27
T 955 20 0 3 0
E 955 0 -8 -26
E 955 1 -5 -17
E 955 5 7 22
T 956 28 0 3 0
E 956 0 -6 -19
E 956 4 6 20
E 956 5 9 29
T 957 19 0 3 0
E 957 0 -10 -30
E 957 1 -7 -21
E 957 5 6 18
T 958 32 0 4 0
E 958 0 -5 -16
E 958 3 4 13
E 958 4 7 22
E 958 5 10 32
T 959 11 0 3 0
E 959 0 -13 -40
E 959 1 -10 -30
E 959 2 -6 -20
T 960 3 0 4 0
E 960 0 13 40
E 960 3 7 21
E 960 4 10 30
E 960 5 13 40
T 961 31 0 3 0
E 961 1 -13 -40
E 961 2 -10 -31
E 961 3 -7 -21
T 962 8 0 3 0
E 962 0 12 37
E 962 4 7 21
E 962 5 10 31
T 963 33 0 4 0
E 963 0 4 14
E 963 1 -11 -33
E 963 2 -8 -24
E 963 3 -4 -14
T 964 22 0 3 0
E 964 0 10 32
E 964 1 -6 -19
E 964 5 6 19
T 965 29 1 4 0
E 965 0 9 29
E 965 1 -8 -26
E 965 2 -5 -16
E 965 5 4 13
T 966 23 0 4 0
E 966 0 8 25
E 966 1 5 16
E 966 2 -7 -23
E 966 3 -4 -13
T 967 24 0 4 0
E 967 0 9 28
E 967 1 6 18
E 967 2 -7 -23
E 967 3 -4 -14
T 968 26 0 4 0
E 968 0 9 28
E 968 1 6 19
E 968 2 -8 -26
E 968 3 -5 -16
T 969 28 0 4 0
E 969 0 11 33
E 969 1 7 23
E 969 2 -8 -24
E 969 3 -5 -15
T 970 37 0 5 0
E 970 0 8 25
E 970 1 5 15
E 970 2 -12 -36
E 970 3 -8 -26
E 970 4 -5 -17
T 971 29 0 4 0
E 971 0 13 40
E 971 1 10 31
E 971 2 -8 -24
E 971 3 -4 -14
T 972 28 0 4 0
E 972 0 10 31
E 972 1 7 21
E 972 3 -9 -27
E 972 4 -5 -17
T 973 24 0 5 0
E 973 0 11 35
E 973 1 8 26
E 973 2 5 16
E 973 3 -8 -25
E 973 4 -5 -16
T 974 47 0 4 0
E 974 0 7 21
E 974 3 -14 -43
E 974 4 -11 -33
E 974 5 -8 -24
T 975 15 0 4 0
E 975 0 17 53
E 975 1 14 43
E 975 2 11 33
E 975 3 -4 -14
T 976 48 0 5 0
E 976 0 7 22
E 976 1 4 13
E 976 3 -16 -48
E 976 4 -12 -38
E 976 5 -9 -29
T 977 23 0 5 0
E 977 0 16 50
E 977 1 13 40
E 977 2 10 31
E 977 3 -8 -24
E 977 4 -4 -14
T 978 34 0 4 0
E 978 0 10 30
E 978 1 7 21
E 978 4 -12 -37
E 978 5 -9 -27
T 979 26 0 5 0
E 979 0 13 41
E 979 1 10 31
E 979 2 7 22
E 979 4 -9 -29
E 979 5 -6 -20
T 980 40 0 4 0
E 980 0 9 29
E 980 1 6 19
E 980 4 -15 -45
E 980 5 -11 -35
T 981 25 0 6 0
E 981 0 14 43
E 981 1 11 34
E 981 2 8 24
E 981 3 4 14
E 981 4 -11 -33
E 981 5 -8 -24
T 982 44 0 4 0
E 982 0 9 29
E 982 1 6 19
E 982 4 -17 -51
E 982 5 -13 -41
T 983 22 0 6 0
E 983 0 16 50
E 983 1 13 41
E 983 2 10 31
E 983 3 7 22
E 983 4 -11 -33
E 983 5 -7 -23
T 984 30 0 3 0
E 984 0 9 29
E 984 1 6 19
E 984 5 -16 -48
T 985 35 0 4 0
E 985 0 8 26
E 985 1 5 16
E 985 4 -4 -13
E 985 5 -18 -54
T 986 31 1 3 0
E 986 0 10 31
E 986 1 7 22
E 986 5 -17 -52
T 987 33 0 3 0
E 987 0 9 29
E 987 1 6 19
E 987 5 -19 -57
T 988 34 0 3 0
E 988 0 9 29
E 988 1 6 20
E 988 5 -20 -60
T 989 35 0 3 0
E 989 0 10 30
E 989 1 6 20
E 989 5 -21 -63
T 990 11 0 3 0
E 990 0 13 39
E 990 1 9 29
E 990 2 6 19
T 991 28 0 3 0
E 991 0 6 18
E 991 4 -6 -20
E 991 5 -10 -30
T 992 19 0 3 0
E 992 0 9 28
E 992 1 6 18
E 992 5 -6 -20
T 993 28 0 3 0
E 993 0 7 21
E 993 4 -5 -17
E 993 5 -9 -27
T 994 20 0 3 0
E 994 0 8 26
E 994 1 5 16
E 994 5 -7 -22
T 995 25 0 4 0
E 995 0 8 24
E 995 1 4 14
E 995 4 -5 -15
E 995 5 -8 -24
T 996 25 0 4 0
E 996 0 7 23
E 996 1 4 14
E 996 4 -5 -15
E 996 5 -8 -25
T 997 16 0 4 0
E 997 0 10 32
E 997 1 7 22
E 997 2 4 13
E 997 5 -5 -16
T 998 33 0 4 0
E 998 0 4 14
E 998 3 -4 -14
E 998 4 -8 -24
E 998 5 -11 -34
T 999 11 0 3 0
E 999 0 13 39
E 999 1 9 29
E 999 2 6 20
T 1000 38 0 3 0
E 1000 3 -7 -21
E 1000 4 -10 -31
E 1000 5 -13 -40
T 1001 10 0 3 0
E 1001 0 12 36
E 1001 1 9 27
E 1001 2 5 17
T 1002 33 0 4 0
E 1002 0 5 15
E 1002 3 -4 -14
E 1002 4 -8 -24
E 1002 5 -11 -33
T 1003 19 0 3 0
E 1003 0 10 31
E 1003 1 7 22
E 1003 5 -5 -17
T 1004 32 0 4 0
E 1004 0 5 15
E 1004 3 -4 -14
E 1004 4 -7 -23
E 1004 5 -11 -33
T 1005 19 0 3 0
E 1005 0 9 28
E 1005 1 6 18
E 1005 5 -6 -20
T 1006 24 0 4 0
E 1006 0 7 22
E 1006 1 4 13
E 1006 4 -5 -16
E 1006 5 -8 -26
T 1007 28 0 3 0
E 1007 0 7 22
E 1007 4 -5 -17
E 1007 5 -8 -26
T 1008 14 0 4 0
E 1008 0 11 34
E 1008 1 8 25
E 1008 2 5 15
E 1008 5 -4 -14
T 1009 38 0 3 0
E 1009 3 -6 -18
E 1009 4 -9 -27
E 1009 5 -12 -37
T 1010 6 0 4 0
E 1010 0 15 45
E 1010 1 11 35
E 1010 2 8 25
E 1010 3 5 16
T 1011 42 0 4 0
E 1011 2 -5 -15
E 1011 3 -8 -25
E 1011 4 -11 -34
E 1011 5 -14 -44
T 1012 5 0 4 0
E 1012 0 15 47
E 1012 1 12 37
E 1012 2 9 28
E 1012 3 6 18
T 1013 41 0 4 0
E 1013 2 -4 -13
E 1013 3 -7 -22
E 1013 4 -10 -32
E 1013 5 -14 -42
T 1014 7 0 4 0
E 1014 0 14 42
E 1014 1 10 32
E 1014 2 7 23
E 1014 3 4 13
T 1015 33 0 4 0
E 1015 0 5 15
E 1015 3 -4 -14
E 1015 4 -8 -24
E 1015 5 -11 -33
T 1016 19 0 3 0
E 1016 0 10 30
E 1016 1 7 21
E 1016 5 -6 -18
T 1017 28 0 3 0
E 1017 0 6 19
E 1017 4 -6 -20
E 1017 5 -9 -29
T 1018 15 0 4 0
E 1018 0 11 33
E 1018 1 8 24
E 1018 2 4 14
E 1018 5 -5 -15
T 1019 28 0 3 0
E 1019 0 6 18
E 1019 4 -6 -20
E 1019 5 -10 -30
T 1020 23 0 4 0
E 1020 0 8 25
E 1020 1 5 15
E 1020 4 -4 -14
E 1020 5 -7 -23
T 1021 28 0 3 0
E 1021 0 7 21
E 1021 4 -5 -17
E 1021 5 -9 -27
T 1022 24 0 4 0
E 1022 0 8 26
E 1022 1 5 16
E 1022 4 -4 -13
E 1022 5 -7 -22
T 1023 23 0 4 0
E 1023 0 8 25
E 1023 1 5 16
E 1023 4 -4 -13
E 1023 5 -7 -23
T 1024 20 0 3 0
E 1024 0 9 29
E 1024 1 6 19
E 1024 5 -6 -19
T 1025 29 0 3 0
E 1025 0 6 20
E 1025 4 -6 -19
E 1025 5 -9 -28
T 1026 19 0 3 0
E 1026 0 9 27
E 1026 1 6 18
E 1026 5 -7 -21
T 1027 28 0 3 0
E 1027 0 6 19
E 1027 4 -6 -20
E 1027 5 -9 -29
T 1028 15 0 4 0
E 1028 0 11 33
E 1028 1 8 24
E 1028 2 4 14
E 1028 5 -5 -15
T 1029 33 0 4 0
E 1029 0 4 13
E 1029 3 -5 -16
E 1029 4 -8 -25
E 1029 5 -11 -35
T 1030 11 0 3 0
E 1030 0 12 36
E 1030 1 8 26
E 1030 2 5 16
T 1031 32 0 4 0
E 1031 0 5 16
E 1031 3 -4 -13
E 1031 4 -7 -22
E 1031 5 -10 -32
T 1032 14 0 4 0
E 1032 0 11 34
E 1032 1 8 24
E 1032 2 5 15
E 1032 5 -4 -14
T 1033 37 0 3 0
E 1033 3 -5 -17
E 1033 4 -9 -27
E 1033 5 -12 -37
T 1034 15 0 4 0
E 1034 0 11 35
E 1034 1 8 25
E 1034 2 5 16
E 1034 5 -4 -13
T 1035 38 0 3 0
E 1035 3 -6 -18
E 1035 4 -9 -28
E 1035 5 -12 -37
T 1036 6 0 4 0
E 1036 0 14 44
E 1036 1 11 35
E 1036 2 8 25
E 1036 3 5 15
T 1037 42 0 4 0
E 1037 2 -4 -14
E 1037 3 -8 -24
E 1037 4 -11 -34
E 1037 5 -14 -43
T 1038 5 0 4 0
E 1038 0 14 43
E 1038 1 11 34
E 1038 2 8 24
E 1038 3 5 15
T 1039 41 0 4 0
E 1039 2 -4 -13
E 1039 3 -7 -23
E 1039 4 -10 -32
E 1039 5 -14 -42
T 1040 6 0 4 0
E 1040 0 14 44
E 1040 1 11 34
E 1040 2 8 24
E 1040 3 5 15
T 1041 38 0 3 0
E 1041 3 -6 -18
E 1041 4 -9 -27
E 1041 5 -12 -37
T 1042 14 0 4 0
E 1042 0 11 34
E 1042 1 8 24
E 1042 2 5 15
E 1042 5 -4 -14
T 1043 28 0 3 0
E 1043 0 6 19
E 1043 4 -6 -19
E 1043 5 -9 -29
T 1044 19 0 3 0
E 1044 0 10 31
E 1044 1 7 21
E 1044 5 -5 -17
T 1045 23 0 4 0
E 1045 0 8 25
E 1045 1 5 15
E 1045 4 -4 -14
E 1045 5 -7 -23
T 1046 23 0 4 0
E 1046 0 8 25
E 1046 1 5 16
E 1046 4 -4 -13
E 1046 5 -7 -23
T 1047 24 0 4 0
E 1047 0 8 26
E 1047 1 5 16
E 1047 4 -4 -13
E 1047 5 -7 -22
T 1048 20 0 3 0
E 1048 0 9 29
E 1048 1 6 20
E 1048 5 -6 -19
T 1049 24 1 4 0
E 1049 0 8 24
E 1049 1 4 14
E 1049 4 -4 -14
E 1049 5 -8 -24
T 1050 19 0 3 0
E 1050 0 9 28
E 1050 1 6 18
E 1050 5 -6 -20
T 1051 34 0 4 0
E 1051 0 4 14
E 1051 3 -5 -15
E 1051 4 -8 -24
E 1051 5 -11 -34
T 1052 11 0 3 0
E 1052 0 12 36
E 1052 1 8 26
E 1052 2 5 17
T 1053 37 0 3 0
E 1053 3 -5 -16
E 1053 4 -8 -26
E 1053 5 -12 -36
T 1054 6 0 4 0
E 1054 0 14 43
E 1054 1 11 33
E 1054 2 8 24
E 1054 3 4 14
T 1055 43 0 4 0
E 1055 2 -5 -17
E 1055 3 -8 -26
E 1055 4 -12 -36
E 1055 5 -15 -45
T 1056 5 0 4 0
E 1056 0 15 45
E 1056 1 12 36
E 1056 2 8 26
E 1056 3 5 16
T 1057 35 0 3 0
E 1057 3 -5 -17
E 1057 4 -9 -27
E 1057 5 -12 -36
T 1058 2 0 4 0
E 1058 0 13 40
E 1058 1 12 36
E 1058 2 8 26
E 1058 3 5 17
T 1059 29 0 3 0
E 1059 3 -5 -17
E 1059 4 -8 -26
E 1059 5 -12 -36
T 1060 3 0 3 0
E 1060 0 10 30
E 1060 1 10 31
E 1060 2 7 21
T 1061 22 0 2 0
E 1061 4 -6 -18
E 1061 5 -9 -28
T 1062 8 0 3 0
E 1062 0 5 15
E 1062 1 7 21
E 1062 5 -5 -17
T 1063 8 0 3 0
E 1063 0 4 13
E 1063 1 6 19
E 1063 5 -5 -17
T 1064 15 0 2 0
E 1064 4 -4 -13
E 1064 5 -7 -23
T 1065 2 0 3 0
E 1065 0 5 17
E 1065 1 7 23
E 1065 2 7 21
T 1066 10 0 2 0
E 1066 4 -4 -14
E 1066 5 -8 -24
T 1067 2 0 2 0
E 1067 1 4 13
E 1067 2 5 17
T 1068 3 0 1 0
E 1068 5 -7 -21
T 1069 3 0 2 0
E 1069 1 4 13
E 1069 2 6 19
T 1070 2 0 1 0
E 1070 2 4 14
T 1071 1 0 1 0
E 1071 5 -5 -15
T 1072 2 0 0 0
T 1073 8 0 2 0
E 1073 2 4 14
E 1073 3 6 18
T 1074 8 0 1 0
E 1074 5 -4 -13
T 1075 6 0 0 0
T 1076 9 0 1 0
E 1076 0 -4 -13
T 1077 9 0 0 0
T 1078 7 0 0 0
T 1079 10 0 1 0
E 1079 0 -4 -14
T 1080 13 0 1 0
E 1080 4 5 16
T 1081 9 0 2 0
E 1081 0 -6 -19
E 1081 1 -4 -13
T 1082 15 0 1 0
E 1082 4 4 13
T 1083 11 0 1 0
E 1083 0 -5 -16
T 1084 19 0 2 0
E 1084 4 5 15
E 1084 5 5 16
T 1085 7 0 3 0
E 1085 0 -8 -25
E 1085 1 -6 -19
E 1085 2 -4 -13
T 1086 22 0 3 0
E 1086 3 4 14
E 1086 4 6 20
E 1086 5 8 26
T 1087 7 0 3 0
E 1087 0 -9 -28
E 1087 1 -7 -22
E 1087 2 -5 -16
T 1088 20 0 2 0
E 1088 4 5 16
E 1088 5 7 22
T 1089 10 0 2 0
E 1089 0 -8 -24
E 1089 1 -6 -18
T 1090 18 0 1 0
E 1090 5 6 18
T 1091 10 0 2 0
E 1091 0 -7 -22
E 1091 1 -5 -16
T 1092 18 0 1 0
E 1092 5 6 18
T 1093 11 0 2 0
E 1093 0 -7 -23
E 1093 1 -5 -17
T 1094 18 0 1 0
E 1094 5 6 18
T 1095 16 0 2 0
E 1095 0 -5 -17
E 1095 5 4 13
T 1096 15 0 2 0
E 1096 0 -4 -14
E 1096 5 5 16
T 1097 16 0 2 0
E 1097 0 -5 -17
E 1097 5 4 13
T 1098 15 0 2 0
E 1098 0 -4 -14
E 1098 5 5 16
T 1099 10 0 2 0
E 1099 0 -6 -20
E 1099 1 -4 -14
T 1100 20 0 2 0
E 1100 4 4 14
E 1100 5 6 20
T 1101 8 0 3 0
E 1101 0 -8 -26
E 1101 1 -6 -20
E 1101 2 -4 -14
T 1102 20 0 2 0
E 1102 4 6 18
E 1102 5 8 24
T 1103 11 0 2 0
E 1103 0 -7 -23
E 1103 1 -5 -17
T 1104 16 0 2 0
E 1104 0 -5 -17
E 1104 5 4 13
T 1105 15 0 2 0
E 1105 0 -5 -16
E 1105 5 4 14
T 1106 16 0 2 0
E 1106 0 -6 -18
E 1106 5 4 13
T 1107 21 0 2 0
E 1107 4 4 14
E 1107 5 6 20
T 1108 10 0 2 0
E 1108 0 -7 -21
E 1108 1 -4 -13
T 1109 26 0 3 0
E 1109 3 4 13
E 1109 4 6 19
E 1109 5 8 25
T 1110 12 0 2 0
E 1110 0 -7 -23
E 1110 1 -4 -14
T 1111 24 0 2 0
E 1111 4 5 16
E 1111 5 7 22
T 1112 18 0 2 0
E 1112 0 -6 -19
E 1112 5 5 15
T 1113 22 0 3 0
E 1113 0 -4 -14
E 1113 4 5 15
E 1113 5 7 21
T 1114 18 0 2 0
E 1114 0 -6 -19
E 1114 5 5 17
T 1115 22 0 3 0
E 1115 0 -5 -17
E 1115 4 4 13
E 1115 5 6 19
T 1116 19 1 2 0
E 1116 0 -6 -19
E 1116 5 6 18
T 1117 15 0 3 0
E 1117 0 -8 -24
E 1117 1 -5 -15
E 1117 5 4 13
T 1118 24 0 3 0
E 1118 0 -4 -14
E 1118 4 6 18
E 1118 5 8 24
T 1119 17 0 3 0
E 1119 0 -7 -23
E 1119 1 -4 -13
E 1119 5 5 16
T 1120 17 0 3 0
E 1120 0 -7 -23
E 1120 1 -4 -14
E 1120 5 5 16
T 1121 25 0 3 0
E 1121 0 -5 -16
E 1121 4 6 18
E 1121 5 8 24
T 1122 24 0 3 0
E 1122 0 -6 -20
E 1122 4 4 14
E 1122 5 6 20
T 1123 14 0 2 0
E 1123 0 -10 -30
E 1123 1 -6 -20
T 1124 35 0 3 0
E 1124 3 6 18
E 1124 4 8 25
E 1124 5 10 31
T 1125 11 0 3 0
E 1125 0 -11 -35
E 1125 1 -8 -26
E 1125 2 -5 -16
T 1126 30 0 4 0
E 1126 0 -5 -15
E 1126 3 4 14
E 1126 4 7 22
E 1126 5 9 28
T 1127 11 0 3 0
E 1127 0 -10 -32
E 1127 1 -7 -23
E 1127 2 -4 -13
T 1128 35 0 3 0
E 1128 3 5 17
E 1128 4 8 26
E 1128 5 10 32
T 1129 19 0 3 0
E 1129 0 -10 -32
E 1129 1 -7 -22
E 1129 5 4 13
T 1130 33 0 4 0
E 1130 0 -4 -14
E 1130 3 5 15
E 1130 4 8 24
E 1130 5 10 31
T 1131 11 0 3 0
E 1131 0 -12 -38
E 1131 1 -9 -28
E 1131 2 -6 -19
T 1132 36 0 3 0
E 1132 3 6 19
E 1132 4 9 29
E 1132 5 12 37
T 1133 15 0 4 0
E 1133 0 -11 -33
E 1133 1 -7 -23
E 1133 2 -4 -14
E 1133 5 4 14
T 1134 29 0 3 0
E 1134 0 -5 -17
E 1134 4 7 22
E 1134 5 10 31
T 1135 20 0 3 0
E 1135 0 -9 -29
E 1135 1 -6 -20
E 1135 5 6 19
T 1136 25 0 4 0
E 1136 0 -8 -24
E 1136 1 -4 -14
E 1136 4 5 15
E 1136 5 8 24
T 1137 28 0 3 0
E 1137 0 -7 -21
E 1137 4 5 17
E 1137 5 9 27
T 1138 19 0 3 0
E 1138 0 -10 -31
E 1138 1 -7 -21
E 1138 5 5 17
T 1139 28 0 3 0
E 1139 0 -6 -19
E 1139 4 6 20
E 1139 5 9 29
T 1140 15 0 4 0
E 1140 0 -11 -33
E 1140 1 -8 -24
E 1140 2 -4 -14
E 1140 5 5 15
T 1141 29 0 3 0
E 1141 0 -7 -21
E 1141 4 6 18
E 1141 5 9 27
T 1142 19 0 3 0
E 1142 0 -10 -30
E 1142 1 -7 -21
E 1142 5 6 18
T 1143 28 0 3 0
E 1143 0 -6 -19
E 1143 4 6 19
E 1143 5 9 29
T 1144 20 0 3 0
E 1144 0 -10 -32
E 1144 1 -7 -22
E 1144 5 5 16
T 1145 25 0 4 0
E 1145 0 -7 -23
E 1145 1 -4 -14
E 1145 4 5 15
E 1145 5 8 25
T 1146 28 0 3 0
E 1146 0 -7 -22
E 1146 4 5 17
E 1146 5 8 26
T 1147 20 0 3 0
E 1147 0 -8 -26
E 1147 1 -5 -17
E 1147 5 7 22
T 1148 25 0 4 0
E 1148 0 -7 -23
E 1148 1 -4 -13
E 1148 4 5 15
E 1148 5 8 25
T 1149 20 0 3 0
E 1149 0 -9 -29
E 1149 1 -6 -19
E 1149 5 6 19
T 1150 32 0 4 0
E 1150 0 -5 -15
E 1150 3 4 14
E 1150 4 7 23
E 1150 5 11 33
T 1151 20 0 3 0
E 1151 0 -9 -29
E 1151 1 -6 -19
E 1151 5 6 19
T 1152 20 0 3 0
E 1152 0 -8 -26
E 1152 1 -5 -17
E 1152 5 7 22
T 1153 29 0 3 0
E 1153 0 -5 -17
E 1153 4 7 21
E 1153 5 10 31
T 1154 19 0 3 0
E 1154 0 -10 -31
E 1154 1 -7 -21
E 1154 5 5 17
T 1155 28 0 3 0
E 1155 0 -7 -21
E 1155 4 5 17
E 1155 5 9 27
T 1156 24 0 4 0
E 1156 0 -8 -26
E 1156 1 -5 -16
E 1156 4 4 13
E 1156 5 7 22
T 1157 28 0 3 0
E 1157 0 -6 -19
E 1157 4 6 19
E 1157 5 9 29
T 1158 16 0 4 0
E 1158 0 -10 -32
E 1158 1 -7 -22
E 1158 2 -4 -13
E 1158 5 5 16
T 1159 29 0 3 0
E 1159 0 -5 -17
E 1159 4 7 22
E 1159 5 10 31
T 1160 20 0 3 0
E 1160 0 -8 -26
E 1160 1 -5 -17
E 1160 5 7 22
T 1161 28 0 3 0
E 1161 0 -7 -22
E 1161 4 5 17
E 1161 5 8 26
T 1162 15 0 4 0
E 1162 0 -11 -35
E 1162 1 -8 -26
E 1162 2 -5 -16
E 1162 5 4 13
T 1163 29 0 3 0
E 1163 0 -5 -17
E 1163 4 7 21
E 1163 5 10 31
T 1164 11 0 3 0
E 1164 0 -12 -36
E 1164 1 -8 -26
E 1164 2 -5 -16
T 1165 29 0 3 0
E 1165 0 -5 -17
E 1165 4 7 21
E 1165 5 10 31
T 1166 15 0 4 0
E 1166 0 -11 -35
E 1166 1 -8 -25
E 1166 2 -5 -16
E 1166 5 4 13
T 1167 28 0 3 0
E 1167 0 -6 -18
E 1167 4 6 20
E 1167 5 10 30
T 1168 24 1 4 0
E 1168 0 -8 -24
E 1168 1 -4 -14
E 1168 4 4 14
E 1168 5 8 24
T 1169 25 0 4 0
E 1169 0 -7 -23
E 1169 1 -4 -13
E 1169 4 5 16
E 1169 5 8 25
T 1170 20 0 3 0
E 1170 0 -8 -26
E 1170 1 -5 -17
E 1170 5 7 22
T 1171 25 0 4 0
E 1171 0 -8 -24
E 1171 1 -4 -14
E 1171 4 5 15
E 1171 5 8 24
T 1172 20 0 3 0
E 1172 0 -8 -26
E 1172 1 -5 -17
E 1172 5 7 22
T 1173 32 0 4 0
E 1173 0 -5 -16
E 1173 3 4 13
E 1173 4 7 22
E 1173 5 10 32
T 1174 20 0 3 0
E 1174 0 -10 -30
E 1174 1 -6 -20
E 1174 5 6 18
T 1175 29 0 3 0
E 1175 0 -5 -17
E 1175 4 7 21
E 1175 5 10 31
T 1176 24 0 4 0
E 1176 0 -8 -26
E 1176 1 -5 -16
E 1176 4 4 13
E 1176 5 7 22
T 1177 24 0 4 0
E 1177 0 -7 -22
E 1177 1 -4 -13
E 1177 4 5 16
E 1177 5 8 26
T 1178 20 0 3 0
E 1178 0 -9 -27
E 1178 1 -5 -17
E 1178 5 7 21
T 1179 25 0 4 0
E 1179 0 -8 -24
E 1179 1 -4 -14
E 1179 4 5 15
E 1179 5 8 24
T 1180 19 0 3 0
E 1180 0 -9 -27
E 1180 1 -6 -18
E 1180 5 7 21
T 1181 29 0 3 0
E 1181 0 -7 -21
E 1181 4 6 18
E 1181 5 9 27
T 1182 15 0 4 0
E 1182 0 -11 -35
E 1182 1 -8 -26
E 1182 2 -5 -16
E 1182 5 4 13
T 1183 29 0 3 0
E 1183 0 -6 -20
E 1183 4 6 18
E 1183 5 9 28
T 1184 16 0 4 0
E 1184 0 -11 -33
E 1184 1 -7 -23
E 1184 2 -4 -13
E 1184 5 5 15
T 1185 38 0 3 0
E 1185 3 6 18
E 1185 4 9 27
E 1185 5 12 37
T 1186 15 0 4 0
E 1186 0 -11 -35
E 1186 1 -8 -25
E 1186 2 -5 -16
E 1186 5 4 13
T 1187 28 0 3 0
E 1187 0 -7 -21
E 1187 4 5 17
E 1187 5 9 27
T 1188 15 0 4 0
E 1188 0 -11 -35
E 1188 1 -8 -25
E 1188 2 -5 -16
E 1188 5 4 13
T 1189 29 0 3 0
E 1189 0 -5 -17
E 1189 4 7 22
E 1189 5 10 31
T 1190 15 0 4 0
E 1190 0 -11 -35
E 1190 1 -8 -26
E 1190 2 -5 -16
E 1190 5 4 13
T 1191 29 0 3 0
E 1191 0 -6 -20
E 1191 4 6 19
E 1191 5 9 28
T 1192 20 0 3 0
E 1192 0 -9 -29
E 1192 1 -6 -20
E 1192 5 6 19
T 1193 25 0 4 0
E 1193 0 -7 -23
E 1193 1 -4 -13
E 1193 4 5 15
E 1193 5 8 25
T 1194 23 0 4 0
E 1194 0 -8 -25
E 1194 1 -5 -15
E 1194 4 4 14
E 1194 5 7 23
T 1195 28 0 3 0
E 1195 0 -6 -19
E 1195 4 6 19
E 1195 5 9 29
T 1196 16 0 4 0
E 1196 0 -11 -33
E 1196 1 -7 -23
E 1196 2 -4 -14
E 1196 5 5 15
T 1197 29 0 3 0
E 1197 0 -6 -20
E 1197 4 6 18
E 1197 5 9 28
T 1198 14 0 4 0
E 1198 0 -11 -34
E 1198 1 -8 -24
E 1198 2 -5 -15
E 1198 5 4 14
T 1199 32 0 4 0
E 1199 0 -5 -16
E 1199 3 4 13
E 1199 4 7 23
E 1199 5 10 32
T 1200 13 0 3 0
E 1200 0 6 18
E 1200 1 -7 -21
E 1200 5 6 18
T 1201 25 0 3 0
E 1201 0 4 14
E 1201 1 -9 -27
E 1201 2 -6 -18
T 1202 17 0 3 0
E 1202 0 8 25
E 1202 1 -6 -20
E 1202 5 6 19
T 1203 29 0 3 0
E 1203 0 6 20
E 1203 1 -9 -27
E 1203 2 -6 -18
T 1204 21 0 3 0
E 1204 0 10 31
E 1204 1 -6 -20
E 1204 5 6 18
T 1205 33 0 3 0
E 1205 0 8 25
E 1205 1 -10 -30
E 1205 2 -6 -20
T 1206 11 0 3 0
E 1206 0 12 38
E 1206 1 9 29
E 1206 5 6 19
T 1207 34 0 4 0
E 1207 0 6 19
E 1207 2 -10 -32
E 1207 3 -7 -23
E 1207 4 -4 -13
T 1208 18 0 4 0
E 1208 0 12 38
E 1208 1 9 29
E 1208 2 -5 -16
E 1208 5 4 13
T 1209 35 0 5 0
E 1209 0 8 24
E 1209 1 4 14
E 1209 2 -11 -33
E 1209 3 -8 -24
E 1209 4 -4 -14
T 1210 29 0 4 0
E 1210 0 11 34
E 1210 1 8 24
E 1210 2 -9 -27
E 1210 3 -5 -17
T 1211 38 0 5 0
E 1211 0 9 28
E 1211 1 6 19
E 1211 2 -12 -36
E 1211 3 -8 -26
E 1211 4 -5 -16
T 1212 16 0 4 0
E 1212 0 13 40
E 1212 1 10 30
E 1212 2 7 21
E 1212 3 -6 -18
T 1213 46 0 4 0
E 1213 0 4 14
E 1213 3 -15 -46
E 1213 4 -12 -37
E 1213 5 -9 -27
T 1214 15 0 4 0
E 1214 0 16 50
E 1214 1 13 40
E 1214 2 10 31
E 1214 3 -4 -14
T 1215 51 0 4 0
E 1215 0 6 18
E 1215 3 -16 -49
E 1215 4 -13 -40
E 1215 5 -10 -30
T 1216 15 0 4 0
E 1216 0 18 54
E 1216 1 15 45
E 1216 2 11 35
E 1216 3 -5 -16
T 1217 63 0 3 0
E 1217 3 -20 -62
E 1217 4 -17 -52
E 1217 5 -14 -42
T 1218 8 0 5 0
E 1218 0 23 70
E 1218 1 20 61
E 1218 2 17 51
E 1218 3 14 42
E 1218 5 4 13
T 1219 63 0 5 0
E 1219 1 -4 -14
E 1219 2 -7 -23
E 1219 3 -11 -33
E 1219 4 -24 -74
E 1219 5 -21 -65
T 1220 1 0 4 0
E 1220 0 22 66
E 1220 1 18 56
E 1220 2 15 46
E 1220 3 12 37
T 1221 62 0 4 0
E 1221 2 -6 -19
E 1221 3 -9 -29
E 1221 4 -25 -76
E 1221 5 -22 -67
T 1222 6 0 5 0
E 1222 0 20 62
E 1222 1 17 52
E 1222 2 14 43
E 1222 3 11 33
E 1222 4 -6 -18
T 1223 65 0 4 0
E 1223 2 -5 -17
E 1223 3 -8 -26
E 1223 4 -27 -81
E 1223 5 -23 -71
T 1224 2 0 6 0
E 1224 0 20 61
E 1224 1 17 51
E 1224 2 14 42
E 1224 3 10 32
E 1224 4 7 23
E 1224 5 -5 -16
T 1225 53 0 4 0
E 1225 2 -5 -17
E 1225 3 -8 -26
E 1225 4 -12 -36
E 1225 5 -25 -77
T 1226 6 0 6 0
E 1226 0 18 54
E 1226 1 15 45
E 1226 2 11 35
E 1226 3 8 25
E 1226 4 5 16
E 1226 5 -9 -29
T 1227 47 0 4 0
E 1227 0 4 14
E 1227 3 -5 -15
E 1227 4 -8 -25
E 1227 5 -24 -72
T 1228 19 0 5 0
E 1228 0 15 47
E 1228 1 12 38
E 1228 2 9 28
E 1228 3 6 19
E 1228 5 -14 -42
T 1229 38 0 4 0
E 1229 0 8 25
E 1229 1 5 15
E 1229 4 -4 -13
E 1229 5 -22 -68
T 1230 11 0 3 0
E 1230 0 12 36
E 1230 1 8 26
E 1230 2 5 16
T 1231 29 0 3 0
E 1231 0 5 17
E 1231 4 -7 -21
E 1231 5 -10 -31
T 1232 20 0 3 0
E 1232 0 10 30
E 1232 1 6 20
E 1232 5 -6 -18
T 1233 19 0 3 0
E 1233 0 9 27
E 1233 1 6 18
E 1233 5 -7 -21
T 1234 28 0 3 0
E 1234 0 7 22
E 1234 4 -5 -16
E 1234 5 -8 -26
T 1235 15 0 4 0
E 1235 0 11 35
E 1235 1 8 25
E 1235 2 5 15
E 1235 5 -4 -13
T 1236 37 0 3 0
E 1236 3 -6 -19
E 1236 4 -9 -28
E 1236 5 -12 -38
T 1237 10 0 3 0
E 1237 0 12 37
E 1237 1 9 27
E 1237 2 6 18
T 1238 37 0 3 0
E 1238 3 -6 -20
E 1238 4 -10 -30
E 1238 5 -13 -40
T 1239 6 0 4 0
E 1239 0 14 43
E 1239 1 11 33
E 1239 2 8 24
E 1239 3 4 14
T 1240 44 0 4 0
E 1240 2 -6 -18
E 1240 3 -9 -27
E 1240 4 -12 -37
E 1240 5 -15 -46
T 1241 11 0 3 0
E 1241 0 13 41
E 1241 1 10 32
E 1241 2 7 22
T 1242 29 0 3 0
E 1242 0 5 17
E 1242 4 -7 -22
E 1242 5 -10 -31
T 1243 14 0 4 0
E 1243 0 11 34
E 1243 1 8 25
E 1243 2 5 15
E 1243 5 -4 -14
T 1244 28 0 3 0
E 1244 0 7 21
E 1244 4 -5 -17
E 1244 5 -9 -27
T 1245 20 0 3 0
E 1245 0 10 32
E 1245 1 7 22
E 1245 5 -5 -16
T 1246 24 0 4 0
E 1246 0 7 22
E 1246 1 4 13
E 1246 4 -5 -16
E 1246 5 -8 -26
T 1247 16 0 4 0
E 1247 0 10 32
E 1247 1 7 22
E 1247 2 4 13
E 1247 5 -5 -16
T 1248 24 0 4 0
E 1248 0 7 22
E 1248 1 4 13
E 1248 4 -5 -16
E 1248 5 -8 -26
T 1249 16 0 4 0
E 1249 0 10 32
E 1249 1 7 22
E 1249 2 4 13
E 1249 5 -5 -16
T 1250 29 0 3 0
E 1250 0 6 18
E 1250 4 -7 -21
E 1250 5 -10 -30
T 1251 16 0 4 0
E 1251 0 10 32
E 1251 1 7 23
E 1251 2 4 13
E 1251 5 -5 -16
T 1252 28 0 3 0
E 1252 0 6 19
E 1252 4 -6 -20
E 1252 5 -9 -29
T 1253 15 0 4 0
E 1253 0 11 35
E 1253 1 8 26
E 1253 2 5 16
E 1253 5 -4 -13
T 1254 38 0 3 0
E 1254 3 -6 -18
E 1254 4 -9 -27
E 1254 5 -12 -37
T 1255 11 0 3 0
E 1255 0 12 36
E 1255 1 8 26
E 1255 2 5 16
T 1256 38 0 3 0
E 1256 3 -7 -21
E 1256 4 -10 -30
E 1256 5 -13 -40
T 1257 10 0 3 0
E 1257 0 12 37
E 1257 1 9 27
E 1257 2 6 18
T 1258 37 0 3 0
E 1258 3 -6 -19
E 1258 4 -9 -29
E 1258 5 -13 -39
T 1259 6 0 4 0
E 1259 0 14 43
E 1259 1 11 33
E 1259 2 8 24
E 1259 3 4 14
T 1260 41 0 4 0
E 1260 2 -4 -13
E 1260 3 -7 -22
E 1260 4 -10 -32
E 1260 5 -13 -41
T 1261 10 0 3 0
E 1261 0 12 36
E 1261 1 9 27
E 1261 2 5 17
T 1262 37 0 3 0
E 1262 3 -6 -19
E 1262 4 -9 -29
E 1262 5 -12 -38
T 1263 6 0 4 0
E 1263 0 14 44
E 1263 1 11 35
E 1263 2 8 25
E 1263 3 5 16
T 1264 42 0 4 0
E 1264 2 -5 -16
E 1264 3 -8 -26
E 1264 4 -11 -35
E 1264 5 -15 -45
T 1265 11 0 3 0
E 1265 0 13 40
E 1265 1 10 30
E 1265 2 6 20
T 1266 37 0 3 0
E 1266 3 -7 -22
E 1266 4 -10 -31
E 1266 5 -13 -41
T 1267 11 0 3 0
E 1267 0 12 36
E 1267 1 8 26
E 1267 2 5 17
T 1268 37 0 3 0
E 1268 3 -6 -18
E 1268 4 -9 -28
E 1268 5 -12 -38
T 1269 6 0 4 0
E 1269 0 14 43
E 1269 1 11 33
E 1269 2 8 24
E 1269 3 4 14
T 1270 37 0 3 0
E 1270 3 -6 -19
E 1270 4 -9 -29
E 1270 5 -12 -38
T 1271 10 0 3 0
E 1271 0 12 36
E 1271 1 9 27
E 1271 2 5 17
T 1272 37 0 3 0
E 1272 3 -7 -22
E 1272 4 -10 -32
E 1272 5 -13 -41
T 1273 6 0 4 0
E 1273 0 14 44
E 1273 1 11 35
E 1273 2 8 25
E 1273 3 5 16
T 1274 38 0 3 0
E 1274 3 -6 -18
E 1274 4 -9 -27
E 1274 5 -12 -37
T 1275 11 0 3 0
E 1275 0 12 36
E 1275 1 8 26
E 1275 2 5 16
T 1276 37 0 3 0
E 1276 3 -5 -17
E 1276 4 -8 -26
E 1276 5 -12 -36
T 1277 14 0 4 0
E 1277 0 11 34
E 1277 1 8 24
E 1277 2 5 15
E 1277 5 -4 -14
T 1278 37 0 3 0
E 1278 3 -5 -16
E 1278 4 -8 -26
E 1278 5 -12 -36
T 1279 16 0 4 0
E 1279 0 11 33
E 1279 1 7 23
E 1279 2 4 14
E 1279 5 -5 -15
T 1280 34 0 4 0
E 1280 0 4 14
E 1280 3 -5 -15
E 1280 4 -8 -25
E 1280 5 -11 -34
T 1281 15 0 4 0
E 1281 0 11 33
E 1281 1 8 24
E 1281 2 4 14
E 1281 5 -5 -15
T 1282 29 0 3 0
E 1282 0 6 20
E 1282 4 -6 -19
E 1282 5 -9 -28
T 1283 19 0 3 0
E 1283 0 9 27
E 1283 1 6 18
E 1283 5 -7 -21
T 1284 28 0 3 0
E 1284 0 7 22
E 1284 4 -5 -16
E 1284 5 -8 -26
T 1285 19 0 3 0
E 1285 0 10 31
E 1285 1 7 21
E 1285 5 -5 -17
T 1286 20 0 3 0
E 1286 0 8 26
E 1286 1 5 17
E 1286 5 -7 -22
T 1287 20 0 3 0
E 1287 0 9 27
E 1287 1 5 17
E 1287 5 -7 -21
T 1288 28 0 3 0
E 1288 0 7 21
E 1288 4 -5 -17
E 1288 5 -9 -27
T 1289 16 0 4 0
E 1289 0 10 32
E 1289 1 7 22
E 1289 2 4 13
E 1289 5 -5 -16
T 1290 29 0 3 0
E 1290 0 5 17
E 1290 4 -7 -22
E 1290 5 -10 -31
T 1291 19 0 3 0
E 1291 0 9 27
E 1291 1 6 18
E 1291 5 -7 -21
T 1292 29 0 3 0
E 1292 0 5 17
E 1292 4 -7 -22
E 1292 5 -10 -31
T 1293 10 0 3 0
E 1293 0 12 36
E 1293 1 9 27
E 1293 2 5 17
T 1294 37 0 3 0
E 1294 3 -7 -22
E 1294 4 -10 -31
E 1294 5 -13 -41
T 1295 16 0 4 0
E 1295 0 11 33
E 1295 1 7 23
E 1295 2 4 13
E 1295 5 -5 -15
T 1296 24 0 4 0
E 1296 0 7 22
E 1296 1 4 13
E 1296 4 -5 -16
E 1296 5 -8 -26
T 1297 26 0 3 0
E 1297 0 6 19
E 1297 4 -5 -17
E 1297 5 -8 -26
T 1298 16 0 3 0
E 1298 0 8 25
E 1298 1 7 21
E 1298 5 -6 -18
T 1299 23 0 3 0
E 1299 0 4 14
E 1299 4 -5 -16
E 1299 5 -8 -26
T 1300 12 0 3 0
E 1300 0 7 21
E 1300 1 7 22
E 1300 5 -5 -16
T 1301 21 0 2 0
E 1301 4 -6 -19
E 1301 5 -9 -29
T 1302 1 0 3 0
E 1302 0 8 24
E 1302 1 10 30
E 1302 2 7 21
T 1303 19 0 3 0
E 1303 3 -5 -16
E 1303 4 -8 -26
E 1303 5 -12 -36
T 1304 7 0 4 0
E 1304 0 8 24
E 1304 1 10 30
E 1304 2 8 26
E 1304 3 5 16
T 1305 11 0 2 0
E 1305 4 -5 -17
E 1305 5 -8 -26
T 1306 0 0 2 0
E 1306 1 6 18
E 1306 2 6 19
T 1307 5 0 1 0
E 1307 5 -6 -20
T 1308 0 0 1 0
E 1308 2 5 17
T 1309 2 0 1 0
E 1309 5 -5 -17
T 1310 4 0 2 0
E 1310 2 5 17
E 1310 3 4 13
T 1311 1 0 1 0
E 1311 5 -5 -15
T 1312 3 0 0 0
T 1313 6 0 1 0
E 1313 3 5 15
T 1314 7 0 0 0
T 1315 10 0 1 0
E 1315 0 -4 -14
T 1316 10 0 1 0
E 1316 0 -4 -14
T 1317 9 0 1 0
E 1317 0 -4 -13
T 1318 11 0 1 0
E 1318 0 -5 -16
T 1319 9 0 1 0
E 1319 0 -4 -13
T 1320 14 0 2 0
E 1320 3 4 14
E 1320 4 6 20
T 1321 10 0 2 0
E 1321 0 -6 -20
E 1321 1 -4 -14
T 1322 10 0 1 0
E 1322 0 -4 -14
T 1323 17 0 2 0
E 1323 4 6 18
E 1323 5 5 16
T 1324 10 0 2 0
E 1324 0 -7 -22
E 1324 1 -5 -16
T 1325 17 0 1 0
E 1325 5 5 16
T 1326 16 0 2 0
E 1326 0 -5 -17
E 1326 5 4 13
T 1327 9 0 2 0
E 1327 0 -7 -21
E 1327 1 -5 -15
T 1328 20 0 2 0
E 1328 4 5 16
E 1328 5 7 22
T 1329 6 0 3 0
E 1329 0 -9 -27
E 1329 1 -7 -21
E 1329 2 -5 -15
T 1330 22 0 3 0
E 1330 3 4 14
E 1330 4 6 20
E 1330 5 8 26
T 1331 9 0 2 0
E 1331 0 -7 -21
E 1331 1 -5 -15
T 1332 18 0 1 0
E 1332 5 6 18
T 1333 12 0 1 0
E 1333 0 -6 -18
T 1334 12 0 1 0
E 1334 0 -6 -18
T 1335 12 0 1 0
E 1335 0 -6 -18
T 1336 16 0 2 0
E 1336 0 -5 -17
E 1336 5 4 13
T 1337 12 0 1 0
E 1337 0 -6 -18
T 1338 14 0 2 0
E 1338 0 -4 -13
E 1338 5 5 17
T 1339 14 0 2 0
E 1339 0 -4 -13
E 1339 5 5 17
T 1340 9 0 2 0
E 1340 0 -7 -21
E 1340 1 -5 -15
T 1341 15 0 2 0
E 1341 0 -4 -14
E 1341 5 5 16
T 1342 20 0 2 0
E 1342 4 4 14
E 1342 5 6 20
T 1343 7 0 3 0
E 1343 0 -8 -25
E 1343 1 -6 -19
E 1343 2 -4 -13
T 1344 24 0 3 0
E 1344 3 5 15
E 1344 4 7 21
E 1344 5 9 27
T 1345 7 0 3 0
E 1345 0 -8 -25
E 1345 1 -6 -19
E 1345 2 -4 -13
T 1346 22 0 2 0
E 1346 4 4 13
E 1346 5 6 19
T 1347 8 0 3 0
E 1347 0 -8 -26
E 1347 1 -6 -19
E 1347 2 -4 -13
T 1348 19 0 3 0
E 1348 0 -4 -13
E 1348 4 4 13
E 1348 5 6 19
T 1349 14 0 1 0
E 1349 0 -7 -21
T 1350 16 1 2 0
E 1350 0 -5 -16
E 1350 5 5 17
T 1351 12 0 2 0
E 1351 0 -7 -23
E 1351 1 -4 -13
T 1352 20 0 3 0
E 1352 0 -5 -15
E 1352 4 4 13
E 1352 5 6 19
T 1353 13 0 2 0
E 1353 0 -9 -27
E 1353 1 -5 -17
T 1354 22 0 3 0
E 1354 0 -5 -17
E 1354 4 4 13
E 1354 5 6 19
T 1355 11 0 2 0
E 1355 0 -8 -24
E 1355 1 -5 -15
T 1356 22 0 3 0
E 1356 0 -5 -15
E 1356 4 5 16
E 1356 5 7 22
T 1357 13 0 2 0
E 1357 0 -9 -28
E 1357 1 -6 -19
T 1358 30 0 3 0
E 1358 3 4 14
E 1358 4 6 20
E 1358 5 8 26
T 1359 13 0 2 0
E 1359 0 -9 -28
E 1359 1 -6 -18
T 1360 33 0 3 0
E 1360 3 5 15
E 1360 4 7 21
E 1360 5 9 27
T 1361 11 0 3 0
E 1361 0 -12 -36
E 1361 1 -8 -26
E 1361 2 -5 -17
T 1362 32 0 3 0
E 1362 3 5 17
E 1362 4 7 23
E 1362 5 9 29
T 1363 10 0 3 0
E 1363 0 -13 -40
E 1363 1 -10 -30
E 1363 2 -7 -21
T 1364 30 0 4 0
E 1364 0 -5 -15
E 1364 3 4 14
E 1364 4 7 21
E 1364 5 9 27
T 1365 14 0 2 0
E 1365 0 -10 -31
E 1365 1 -7 -22
T 1366 35 0 3 0
E 1366 3 5 17
E 1366 4 8 25
E 1366 5 10 31
T 1367 14 0 2 0
E 1367 0 -10 -31
E 1367 1 -7 -22
T 1368 26 0 3 0
E 1368 0 -7 -21
E 1368 4 5 17
E 1368 5 7 23
T 1369 22 0 4 0
E 1369 0 -8 -25
E 1369 1 -5 -15
E 1369 4 4 14
E 1369 5 6 20
T 1370 27 0 3 0
E 1370 0 -7 -21
E 1370 4 5 17
E 1370 5 8 24
T 1371 24 0 4 0
E 1371 0 -7 -23
E 1371 1 -4 -13
E 1371 4 5 16
E 1371 5 7 23
T 1372 19 0 3 0
E 1372 0 -8 -26
E 1372 1 -5 -17
E 1372 5 6 20
T 1373 25 0 4 0
E 1373 0 -7 -23
E 1373 1 -4 -13
E 1373 4 5 15
E 1373 5 8 24
T 1374 25 0 4 0
E 1374 0 -8 -24
E 1374 1 -4 -14
E 1374 4 5 15
E 1374 5 8 24
T 1375 25 0 4 0
E 1375 0 -7 -23
E 1375 1 -4 -14
E 1375 4 5 15
E 1375 5 8 25
T 1376 24 0 4 0
E 1376 0 -8 -26
E 1376 1 -5 -16
E 1376 4 4 13
E 1376 5 7 22
T 1377 23 0 4 0
E 1377 0 -8 -25
E 1377 1 -5 -16
E 1377 4 4 13
E 1377 5 7 23
T 1378 28 0 3 0
E 1378 0 -6 -19
E 1378 4 6 19
E 1378 5 9 29
T 1379 16 0 4 0
E 1379 0 -11 -33
E 1379 1 -7 -23
E 1379 2 -4 -13
E 1379 5 5 15
T 1380 28 0 3 0
E 1380 0 -6 -18
E 1380 4 6 20
E 1380 5 10 30
T 1381 16 0 4 0
E 1381 0 -11 -33
E 1381 1 -7 -23
E 1381 2 -4 -14
E 1381 5 5 15
T 1382 33 0 4 0
E 1382 0 -4 -13
E 1382 3 5 15
E 1382 4 8 25
E 1382 5 11 35
T 1383 20 0 3 0
E 1383 0 -9 -29
E 1383 1 -6 -19
E 1383 5 6 19
T 1384 29 0 3 0
E 1384 0 -6 -18
E 1384 4 7 21
E 1384 5 10 30
T 1385 19 0 3 0
E 1385 0 -9 -27
E 1385 1 -6 -18
E 1385 5 7 21
T 1386 25 0 4 0
E 1386 0 -8 -24
E 1386 1 -4 -14
E 1386 4 5 15
E 1386 5 8 24
T 1387 16 0 4 0
E 1387 0 -10 -32
E 1387 1 -7 -23
E 1387 2 -4 -13
E 1387 5 5 16
T 1388 25 0 4 0
E 1388 0 -7 -23
E 1388 1 -4 -13
E 1388 4 5 15
E 1388 5 8 25
T 1389 19 0 3 0
E 1389 0 -9 -28
E 1389 1 -6 -18
E 1389 5 6 20
T 1390 29 0 3 0
E 1390 0 -5 -17
E 1390 4 7 21
E 1390 5 10 31
T 1391 11 0 3 0
E 1391 0 -12 -36
E 1391 1 -8 -26
E 1391 2 -5 -17
T 1392 29 0 3 0
E 1392 0 -5 -17
E 1392 4 7 21
E 1392 5 10 31
T 1393 20 0 3 0
E 1393 0 -9 -27
E 1393 1 -5 -17
E 1393 5 7 21
T 1394 23 0 4 0
E 1394 0 -8 -25
E 1394 1 -5 -15
E 1394 4 4 14
E 1394 5 7 23
T 1395 20 0 3 0
E 1395 0 -8 -26
E 1395 1 -5 -17
E 1395 5 7 22
T 1396 29 0 3 0
E 1396 0 -7 -21
E 1396 4 6 18
E 1396 5 9 27
T 1397 16 0 4 0
E 1397 0 -10 -32
E 1397 1 -7 -23
E 1397 2 -4 -13
E 1397 5 5 16
T 1398 29 0 3 0
E 1398 0 -6 -20
E 1398 4 6 18
E 1398 5 9 28
T 1399 15 0 4 0
E 1399 0 -11 -35
E 1399 1 -8 -25
E 1399 2 -5 -15
E 1399 5 4 13
T 1400 29 0 3 0
E 1400 0 -6 -20
E 1400 4 6 18
E 1400 5 9 28
T 1401 16 0 4 0
E 1401 0 -11 -33
E 1401 1 -7 -23
E 1401 2 -4 -14
E 1401 5 5 15
T 1402 28 0 3 0
E 1402 0 -6 -18
E 1402 4 6 20
E 1402 5 10 30
T 1403 19 0 3 0
E 1403 0 -10 -31
E 1403 1 -7 -21
E 1403 5 5 17
T 1404 28 0 3 0
E 1404 0 -6 -19
E 1404 4 6 20
E 1404 5 9 29
T 1405 15 0 4 0
E 1405 0 -11 -35
E 1405 1 -8 -26
E 1405 2 -5 -16
E 1405 5 4 13
T 1406 33 0 4 0
E 1406 0 -4 -13
E 1406 3 5 16
E 1406 4 8 26
E 1406 5 11 35
T 1407 19 0 3 0
E 1407 0 -10 -31
E 1407 1 -7 -22
E 1407 5 5 17
T 1408 29 0 3 0
E 1408 0 -5 -17
E 1408 4 7 21
E 1408 5 10 31
T 1409 23 0 4 0
E 1409 0 -8 -25
E 1409 1 -5 -15
E 1409 4 4 14
E 1409 5 7 23
T 1410 29 0 3 0
E 1410 0 -6 -20
E 1410 4 6 18
E 1410 5 9 28
T 1411 14 0 4 0
E 1411 0 -11 -34
E 1411 1 -8 -24
E 1411 2 -5 -15
E 1411 5 4 14
T 1412 32 0 4 0
E 1412 0 -5 -15
E 1412 3 4 13
E 1412 4 7 23
E 1412 5 11 33
T 1413 20 0 3 0
E 1413 0 -9 -29
E 1413 1 -6 -19
E 1413 5 6 19
T 1414 29 0 3 0
E 1414 0 -5 -17
E 1414 4 7 22
E 1414 5 10 31
T 1415 20 0 3 0
E 1415 0 -9 -29
E 1415 1 -6 -20
E 1415 5 6 19
T 1416 32 0 4 0
E 1416 0 -5 -16
E 1416 3 4 13
E 1416 4 7 23
E 1416 5 10 32
T 1417 20 0 3 0
E 1417 0 -9 -29
E 1417 1 -6 -20
E 1417 5 6 19
T 1418 25 0 4 0
E 1418 0 -7 -23
E 1418 1 -4 -13
E 1418 4 5 15
E 1418 5 8 25
T 1419 29 0 3 0
E 1419 0 -7 -21
E 1419 4 6 18
E 1419 5 9 27
T 1420 20 0 3 0
E 1420 0 -9 -29
E 1420 1 -6 -20
E 1420 5 6 19
T 1421 29 0 3 0
E 1421 0 -7 -21
E 1421 4 6 18
E 1421 5 9 27
T 1422 15 0 4 0
E 1422 0 -11 -33
E 1422 1 -8 -24
E 1422 2 -4 -14
E 1422 5 5 15
T 1423 29 0 3 0
E 1423 0 -6 -20
E 1423 4 6 18
E 1423 5 9 28
T 1424 11 0 3 0
E 1424 0 -12 -36
E 1424 1 -8 -26
E 1424 2 -5 -16
T 1425 38 0 3 0
E 1425 3 6 18
E 1425 4 9 27
E 1425 5 12 37
T 1426 10 0 3 0
E 1426 0 -13 -40
E 1426 1 -10 -30
E 1426 2 -7 -21
T 1427 37 0 3 0
E 1427 3 5 16
E 1427 4 8 26
E 1427 5 12 36
T 1428 11 0 3 0
E 1428 0 -12 -36
E 1428 1 -8 -26
E 1428 2 -5 -17
T 1429 38 0 3 0
E 1429 3 6 20
E 1429 4 10 30
E 1429 5 13 39
T 1430 5 0 4 0
E 1430 0 -15 -45
E 1430 1 -12 -36
E 1430 2 -8 -26
E 1430 3 -5 -16
T 1431 42 0 4 0
E 1431 2 4 13
E 1431 3 7 23
E 1431 4 11 33
E 1431 5 14 42
T 1432 11 0 3 0
E 1432 0 -12 -38
E 1432 1 -9 -29
E 1432 2 -6 -19
T 1433 37 0 3 0
E 1433 3 6 20
E 1433 4 9 29
E 1433 5 13 39
T 1434 11 0 3 0
E 1434 0 -13 -40
E 1434 1 -10 -30
E 1434 2 -6 -20
T 1435 38 0 3 0
E 1435 3 7 21
E 1435 4 10 30
E 1435 5 13 40
T 1436 11 0 3 0
E 1436 0 -13 -41
E 1436 1 -10 -31
E 1436 2 -7 -22
T 1437 37 0 3 0
E 1437 3 5 16
E 1437 4 8 26
E 1437 5 12 36
T 1438 11 0 3 0
E 1438 0 -12 -36
E 1438 1 -8 -26
E 1438 2 -5 -17
T 1439 33 0 4 0
E 1439 0 -5 -15
E 1439 3 4 14
E 1439 4 8 24
E 1439 5 11 33
T 1440 13 0 3 0
E 1440 0 6 19
E 1440 1 -6 -20
E 1440 5 6 19
T 1441 24 0 3 0
E 1441 0 4 13
E 1441 1 -9 -28
E 1441 2 -6 -19
T 1442 18 0 3 0
E 1442 0 7 23
E 1442 1 -7 -22
E 1442 5 5 17
T 1443 22 0 4 0
E 1443 0 8 24
E 1443 1 -7 -23
E 1443 2 -4 -14
E 1443 5 5 15
T 1444 30 0 3 0
E 1444 0 7 22
E 1444 1 -9 -29
E 1444 2 -6 -19
T 1445 29 1 4 0
E 1445 0 9 29
E 1445 1 -8 -26
E 1445 2 -5 -16
E 1445 5 4 13
T 1446 20 0 3 0
E 1446 0 9 29
E 1446 1 6 20
E 1446 2 -6 -19
T 1447 25 1 4 0
E 1447 0 8 25
E 1447 1 5 15
E 1447 2 -8 -26
E 1447 3 -5 -17
T 1448 29 0 4 0
E 1448 0 7 23
E 1448 1 4 14
E 1448 2 -10 -31
E 1448 3 -7 -21
T 1449 27 0 4 0
E 1449 0 11 35
E 1449 1 8 25
E 1449 2 -7 -22
E 1449 3 -4 -13
T 1450 29 0 4 0
E 1450 0 11 35
E 1450 1 8 25
E 1450 2 -8 -26
E 1450 3 -5 -16
T 1451 30 0 4 0
E 1451 0 12 36
E 1451 1 9 27
E 1451 2 -9 -28
E 1451 3 -6 -18
T 1452 29 0 4 0
E 1452 0 10 30
E 1452 1 6 20
E 1452 3 -9 -28
E 1452 4 -6 -18
T 1453 23 0 5 0
E 1453 0 12 36
E 1453 1 9 27
E 1453 2 5 17
E 1453 3 -8 -24
E 1453 4 -5 -15
T 1454 47 0 4 0
E 1454 0 6 20
E 1454 3 -14 -44
E 1454 4 -11 -34
E 1454 5 -8 -25
T 1455 18 0 4 0
E 1455 0 15 46
E 1455 1 12 36
E 1455 2 8 26
E 1455 3 -7 -21
T 1456 55 0 4 0
E 1456 0 5 15
E 1456 3 -18 -55
E 1456 4 -15 -45
E 1456 5 -12 -36
T 1457 15 0 4 0
E 1457 0 20 60
E 1457 1 16 50
E 1457 2 13 41
E 1457 3 -4 -14
T 1458 41 0 3 0
E 1458 0 5 17
E 1458 4 -16 -50
E 1458 5 -13 -40
T 1459 16 0 6 0
E 1459 0 15 47
E 1459 1 12 37
E 1459 2 9 28
E 1459 3 6 18
E 1459 4 -7 -23
E 1459 5 -4 -14
T 1460 46 0 3 0
E 1460 0 7 22
E 1460 4 -17 -52
E 1460 5 -14 -42
T 1461 16 0 6 0
E 1461 0 17 52
E 1461 1 14 43
E 1461 2 11 33
E 1461 3 7 23
E 1461 4 -8 -24
E 1461 5 -5 -15
T 1462 50 0 3 0
E 1462 0 5 17
E 1462 4 -21 -63
E 1462 5 -17 -53
T 1463 25 0 6 0
E 1463 0 15 47
E 1463 1 12 38
E 1463 2 9 28
E 1463 3 6 19
E 1463 4 -12 -36
E 1463 5 -8 -26
T 1464 29 0 3 0
E 1464 0 10 31
E 1464 1 7 21
E 1464 5 -15 -46
T 1465 25 0 4 0
E 1465 0 12 37
E 1465 1 9 27
E 1465 2 5 17
E 1465 5 -14 -43
T 1466 41 0 3 0
E 1466 0 6 20
E 1466 4 -6 -18
E 1466 5 -21 -63
T 1467 18 0 5 0
E 1467 0 15 46
E 1467 1 12 36
E 1467 2 9 27
E 1467 3 5 17
E 1467 5 -13 -40
T 1468 39 0 4 0
E 1468 0 7 23
E 1468 1 4 14
E 1468 4 -5 -15
E 1468 5 -22 -66
T 1469 22 0 5 0
E 1469 0 15 45
E 1469 1 11 35
E 1469 2 8 26
E 1469 3 5 16
E 1469 5 -16 -48
T 1470 28 0 3 0
E 1470 0 6 19
E 1470 4 -6 -20
E 1470 5 -9 -29
T 1471 16 0 4 0
E 1471 0 10 32
E 1471 1 7 23
E 1471 2 4 13
E 1471 5 -5 -16
T 1472 33 0 4 0
E 1472 0 4 13
E 1472 3 -5 -16
E 1472 4 -8 -26
E 1472 5 -11 -35
T 1473 14 0 4 0
E 1473 0 11 34
E 1473 1 8 25
E 1473 2 5 15
E 1473 5 -4 -14
T 1474 28 0 3 0
E 1474 0 6 18
E 1474 4 -6 -20
E 1474 5 -10 -30
T 1475 11 0 3 0
E 1475 0 12 36
E 1475 1 8 26
E 1475 2 5 16
T 1476 32 0 4 0
E 1476 0 5 15
E 1476 3 -4 -14
E 1476 4 -7 -23
E 1476 5 -11 -33
T 1477 11 0 3 0
E 1477 0 13 39
E 1477 1 9 29
E 1477 2 6 20
T 1478 29 0 3 0
E 1478 0 5 17
E 1478 4 -7 -21
E 1478 5 -10 -31
T 1479 19 0 3 0
E 1479 0 10 31
E 1479 1 7 21
E 1479 5 -5 -17
T 1480 28 0 3 0
E 1480 0 6 19
E 1480 4 -6 -20
E 1480 5 -9 -29
T 1481 19 0 3 0
E 1481 0 10 30
E 1481 1 7 21
E 1481 5 -6 -18
T 1482 29 0 3 0
E 1482 0 5 17
E 1482 4 -7 -22
E 1482 5 -10 -31
T 1483 23 0 4 0
E 1483 0 8 24
E 1483 1 5 15
E 1483 4 -4 -14
E 1483 5 -8 -24
T 1484 20 0 3 0
E 1484 0 9 27
E 1484 1 5 17
E 1484 5 -7 -21
T 1485 29 0 3 0
E 1485 0 6 20
E 1485 4 -6 -19
E 1485 5 -9 -28
T 1486 20 0 3 0
E 1486 0 8 26
E 1486 1 5 17
E 1486 5 -7 -22
T 1487 23 0 4 0
E 1487 0 8 25
E 1487 1 5 15
E 1487 4 -4 -14
E 1487 5 -7 -23
T 1488 23 0 4 0
E 1488 0 8 25
E 1488 1 5 16
E 1488 4 -4 -13
E 1488 5 -7 -23
T 1489 25 0 4 0
E 1489 0 7 23
E 1489 1 4 13
E 1489 4 -5 -15
E 1489 5 -8 -25
T 1490 24 0 4 0
E 1490 0 8 26
E 1490 1 5 16
E 1490 4 -4 -13
E 1490 5 -7 -22
T 1491 20 0 3 0
E 1491 0 9 29
E 1491 1 6 20
E 1491 5 -6 -19
T 1492 25 0 4 0
E 1492 0 7 23
E 1492 1 4 13
E 1492 4 -5 -16
E 1492 5 -8 -25
T 1493 25 0 4 0
E 1493 0 7 23
E 1493 1 4 14
E 1493 4 -5 -15
E 1493 5 -8 -25
T 1494 16 0 4 0
E 1494 0 10 32
E 1494 1 7 22
E 1494 2 4 13
E 1494 5 -5 -16
T 1495 38 0 3 0
E 1495 3 -5 -17
E 1495 4 -9 -27
E 1495 5 -12 -36
T 1496 6 0 4 0
E 1496 0 14 42
E 1496 1 11 33
E 1496 2 7 23
E 1496 3 4 13
T 1497 38 0 3 0
E 1497 3 -6 -18
E 1497 4 -9 -28
E 1497 5 -12 -37
T 1498 7 0 4 0
E 1498 0 13 41
E 1498 1 10 32
E 1498 2 7 22
E 1498 3 4 13
T 1499 37 0 3 0
E 1499 3 -5 -17
E 1499 4 -8 -26
E 1499 5 -12 -36
T 1500 11 0 3 0
E 1500 0 13 41
E 1500 1 10 31
E 1500 2 7 21
T 1501 32 0 4 0
E 1501 0 5 15
E 1501 3 -4 -14
E 1501 4 -7 -23
E 1501 5 -11 -33
T 1502 15 0 4 0
E 1502 0 11 35
E 1502 1 8 25
E 1502 2 5 16
E 1502 5 -4 -13
T 1503 28 0 3 0
E 1503 0 6 18
E 1503 4 -6 -20
E 1503 5 -10 -30
T 1504 11 0 3 0
E 1504 0 12 36
E 1504 1 8 26
E 1504 2 5 17
T 1505 38 0 3 0
E 1505 3 -5 -17
E 1505 4 -9 -27
E 1505 5 -12 -36
T 1506 10 0 3 0
E 1506 0 12 37
E 1506 1 9 28
E 1506 2 6 18
T 1507 33 0 4 0
E 1507 0 5 15
E 1507 3 -4 -14
E 1507 4 -8 -24
E 1507 5 -11 -33
T 1508 10 0 3 0
E 1508 0 13 40
E 1508 1 10 31
E 1508 2 7 21
T 1509 37 0 3 0
E 1509 3 -5 -17
E 1509 4 -8 -26
E 1509 5 -12 -36
T 1510 11 0 3 0
E 1510 0 12 38
E 1510 1 9 28
E 1510 2 6 18
T 1511 33 0 4 0
E 1511 0 4 13
E 1511 3 -5 -16
E 1511 4 -8 -25
E 1511 5 -11 -35
T 1512 20 0 3 0
E 1512 0 10 30
E 1512 1 6 20
E 1512 5 -6 -18
T 1513 28 0 3 0
E 1513 0 6 18
E 1513 4 -6 -20
E 1513 5 -10 -30
T 1514 19 0 3 0
E 1514 0 9 28
E 1514 1 6 18
E 1514 5 -6 -20
T 1515 29 0 3 0
E 1515 0 6 20
E 1515 4 -6 -19
E 1515 5 -9 -28
T 1516 19 0 3 0
E 1516 0 9 27
E 1516 1 6 18
E 1516 5 -7 -21
T 1517 28 0 3 0
E 1517 0 6 19
E 1517 4 -6 -20
E 1517 5 -9 -29
T 1518 20 0 3 0
E 1518 0 9 29
E 1518 1 6 20
E 1518 5 -6 -19
T 1519 28 0 3 0
E 1519 0 6 19
E 1519 4 -6 -19
E 1519 5 -9 -29
T 1520 15 0 4 0
E 1520 0 11 34
E 1520 1 8 24
E 1520 2 4 14
E 1520 5 -4 -14
T 1521 33 0 4 0
E 1521 0 4 13
E 1521 3 -5 -16
E 1521 4 -8 -25
E 1521 5 -11 -35
T 1522 11 0 3 0
E 1522 0 12 38
E 1522 1 9 28
E 1522 2 6 19
T 1523 37 0 3 0
E 1523 3 -5 -17
E 1523 4 -9 -27
E 1523 5 -12 -37
T 1524 11 0 3 0
E 1524 0 12 36
E 1524 1 8 26
E 1524 2 5 17
T 1525 38 0 3 0
E 1525 3 -6 -20
E 1525 4 -10 -30
E 1525 5 -13 -39
T 1526 15 0 4 0
E 1526 0 11 35
E 1526 1 8 26
E 1526 2 5 16
E 1526 5 -4 -13
T 1527 38 0 3 0
E 1527 3 -6 -18
E 1527 4 -9 -28
E 1527 5 -12 -37
T 1528 10 0 3 0
E 1528 0 12 36
E 1528 1 9 27
E 1528 2 5 17
T 1529 28 0 3 0
E 1529 0 6 18
E 1529 4 -6 -20
E 1529 5 -10 -30
T 1530 25 0 4 0
E 1530 0 8 24
E 1530 1 4 14
E 1530 4 -5 -15
E 1530 5 -8 -24
T 1531 20 0 3 0
E 1531 0 9 29
E 1531 1 6 20
E 1531 5 -6 -19
T 1532 29 0 3 0
E 1532 0 6 18
E 1532 4 -7 -21
E 1532 5 -10 -30
T 1533 15 0 4 0
E 1533 0 11 35
E 1533 1 8 26
E 1533 2 5 16
E 1533 5 -4 -13
T 1534 37 0 3 0
E 1534 3 -5 -17
E 1534 4 -8 -26
E 1534 5 -12 -36
T 1535 16 0 4 0
E 1535 0 11 33
E 1535 1 7 23
E 1535 2 4 13
E 1535 5 -5 -15
T 1536 24 0 4 0
E 1536 0 7 22
E 1536 1 4 13
E 1536 4 -5 -16
E 1536 5 -8 -26
T 1537 17 0 3 0
E 1537 0 8 25
E 1537 1 6 18
E 1537 5 -6 -20
T 1538 32 0 3 0
E 1538 3 -4 -13
E 1538 4 -7 -23
E 1538 5 -11 -33
T 1539 1 0 4 0
E 1539 0 11 35
E 1539 1 11 33
E 1539 2 8 24
E 1539 3 4 14
T 1540 27 0 3 0
E 1540 3 -4 -14
E 1540 4 -8 -24
E 1540 5 -11 -33
T 1541 2 0 3 0
E 1541 0 8 25
E 1541 1 9 29
E 1541 2 6 19
T 1542 19 0 2 0
E 1542 4 -6 -19
E 1542 5 -9 -28
T 1543 0 0 3 0
E 1543 0 6 20
E 1543 1 8 26
E 1543 2 6 19
T 1544 17 0 3 0
E 1544 3 -5 -15
E 1544 4 -8 -24
E 1544 5 -11 -34
T 1545 5 0 3 0
E 1545 1 5 17
E 1545 2 5 15
E 1545 5 -4 -13
T 1546 0 0 2 0
E 1546 1 5 16
E 1546 2 5 17
T 1547 5 0 2 0
E 1547 2 4 14
E 1547 5 -5 -15
T 1548 2 0 2 0
E 1548 2 5 15
E 1548 5 -4 -14
T 1549 2 0 1 0
E 1549 2 4 14
T 1550 2 0 1 0
E 1550 2 4 14
T 1551 3 0 1 0
E 1551 5 -5 -17
T 1552 5 0 0 0
T 1553 5 0 1 0
E 1553 3 5 16
T 1554 10 0 0 0
T 1555 6 0 0 0
T 1556 9 0 1 0
E 1556 3 4 13
T 1557 9 0 1 0
E 1557 3 4 13
T 1558 13 0 2 0
E 1558 3 4 14
E 1558 4 5 15
T 1559 9 0 2 0
E 1559 0 -6 -19
E 1559 1 -4 -13
T 1560 12 0 0 0
T 1561 12 0 1 0
E 1561 0 -6 -18
T 1562 16 0 2 0
E 1562 4 5 17
E 1562 5 4 13
T 1563 11 0 2 0
E 1563 0 -7 -23
E 1563 1 -5 -17
T 1564 10 0 1 0
E 1564 0 -5 -15
T 1565 19 0 2 0
E 1565 4 5 16
E 1565 5 6 20
T 1566 7 0 3 0
E 1566 0 -8 -25
E 1566 1 -6 -19
E 1566 2 -4 -13
T 1567 14 0 2 0
E 1567 0 -4 -13
E 1567 5 5 17
T 1568 15 1 2 0
E 1568 0 -5 -15
E 1568 5 5 15
T 1569 20 0 2 0
E 1569 4 4 14
E 1569 5 6 20
T 1570 15 0 2 0
E 1570 0 -5 -16
E 1570 5 4 14
T 1571 10 0 2 0
E 1571 0 -7 -22
E 1571 1 -5 -16
T 1572 20 0 2 0
E 1572 4 4 14
E 1572 5 6 20
T 1573 16 0 2 0
E 1573 0 -5 -17
E 1573 5 4 13
T 1574 15 0 2 0
E 1574 0 -4 -14
E 1574 5 5 16
T 1575 14 0 2 0
E 1575 0 -4 -13
E 1575 5 5 17
T 1576 9 0 2 0
E 1576 0 -6 -19
E 1576 1 -4 -13
T 1577 20 0 2 0
E 1577 4 6 18
E 1577 5 8 24
T 1578 11 0 2 0
E 1578 0 -7 -23
E 1578 1 -5 -17
T 1579 15 1 2 0
E 1579 0 -5 -15
E 1579 5 5 15
T 1580 10 0 2 0
E 1580 0 -7 -22
E 1580 1 -5 -16
T 1581 21 0 2 0
E 1581 4 4 13
E 1581 5 6 19
T 1582 9 0 2 0
E 1582 0 -6 -19
E 1582 1 -4 -13
T 1583 20 0 2 0
E 1583 4 4 14
E 1583 5 6 20
T 1584 15 1 2 0
E 1584 0 -5 -15
E 1584 5 5 15
T 1585 15 0 2 0
E 1585 0 -4 -14
E 1585 5 5 16
T 1586 16 1 2 0
E 1586 0 -5 -16
E 1586 5 5 15
T 1587 15 1 2 0
E 1587 0 -5 -15
E 1587 5 5 16
T 1588 16 0 2 0
E 1588 0 -6 -18
E 1588 5 4 14
T 1589 17 1 2 0
E 1589 0 -5 -17
E 1589 5 5 16
T 1590 11 0 2 0
E 1590 0 -8 -24
E 1590 1 -5 -15
T 1591 17 1 2 0
E 1591 0 -5 -17
E 1591 5 5 17
T 1592 18 0 2 0
E 1592 0 -6 -19
E 1592 5 5 15
T 1593 18 0 2 0
E 1593 0 -6 -19
E 1593 5 5 16
T 1594 21 0 3 0
E 1594 0 -5 -16
E 1594 4 4 14
E 1594 5 6 20
T 1595 13 0 2 0
E 1595 0 -8 -26
E 1595 1 -5 -17
T 1596 19 0 2 0
E 1596 0 -6 -20
E 1596 5 5 17
T 1597 19 1 2 0
E 1597 0 -6 -19
E 1597 5 6 18
T 1598 24 0 3 0
E 1598 0 -5 -17
E 1598 4 5 15
E 1598 5 7 21
T 1599 13 0 2 0
E 1599 0 -9 -27
E 1599 1 -5 -17
T 1600 24 0 3 0
E 1600 0 -5 -17
E 1600 4 5 16
E 1600 5 7 22
T 1601 14 0 2 0
E 1601 0 -10 -30
E 1601 1 -6 -20
T 1602 33 0 3 0
E 1602 3 6 19
E 1602 4 8 25
E 1602 5 10 31
T 1603 11 0 3 0
E 1603 0 -11 -33
E 1603 1 -7 -23
E 1603 2 -4 -14
T 1604 30 0 4 0
E 1604 0 -5 -15
E 1604 3 4 14
E 1604 4 7 21
E 1604 5 9 27
T 1605 10 0 3 0
E 1605 0 -11 -33
E 1605 1 -8 -24
E 1605 2 -4 -14
T 1606 35 0 3 0
E 1606 3 5 17
E 1606 4 8 25
E 1606 5 10 31
T 1607 10 0 3 0
E 1607 0 -13 -39
E 1607 1 -10 -30
E 1607 2 -6 -20
T 1608 26 0 3 0
E 1608 0 -6 -18
E 1608 4 6 20
E 1608 5 8 26
T 1609 19 0 3 0
E 1609 0 -9 -29
E 1609 1 -6 -19
E 1609 5 5 16
T 1610 24 0 4 0
E 1610 0 -7 -23
E 1610 1 -4 -14
E 1610 4 5 15
E 1610 5 7 22
T 1611 28 0 3 0
E 1611 0 -6 -20
E 1611 4 6 19
E 1611 5 8 26
T 1612 18 0 3 0
E 1612 0 -9 -27
E 1612 1 -6 -18
E 1612 5 6 19
T 1613 25 0 4 0
E 1613 0 -7 -23
E 1613 1 -4 -13
E 1613 4 5 15
E 1613 5 8 24
T 1614 25 0 4 0
E 1614 0 -7 -23
E 1614 1 -4 -13
E 1614 4 5 16
E 1614 5 8 25
T 1615 23 0 4 0
E 1615 0 -8 -25
E 1615 1 -5 -16
E 1615 4 4 13
E 1615 5 7 23
T 1616 28 0 3 0
E 1616 0 -6 -19
E 1616 4 6 20
E 1616 5 9 29
T 1617 25 0 4 0
E 1617 0 -7 -23
E 1617 1 -4 -14
E 1617 4 5 15
E 1617 5 8 25
T 1618 16 0 4 0
E 1618 0 -10 -32
E 1618 1 -7 -22
E 1618 2 -4 -13
E 1618 5 5 16
T 1619 29 0 3 0
E 1619 0 -5 -17
E 1619 4 7 22
E 1619 5 10 31
T 1620 14 0 4 0
E 1620 0 -11 -34
E 1620 1 -8 -25
E 1620 2 -5 -15
E 1620 5 4 14
T 1621 28 0 3 0
E 1621 0 -7 -22
E 1621 4 5 17
E 1621 5 8 26
T 1622 25 0 4 0
E 1622 0 -7 -23
E 1622 1 -4 -14
E 1622 4 5 15
E 1622 5 8 25
T 1623 20 0 3 0
E 1623 0 -10 -30
E 1623 1 -6 -20
E 1623 5 6 18
T 1624 29 0 3 0
E 1624 0 -5 -17
E 1624 4 7 22
E 1624 5 10 31
T 1625 19 0 3 0
E 1625 0 -10 -30
E 1625 1 -7 -21
E 1625 5 6 18
T 1626 32 0 4 0
E 1626 0 -5 -16
E 1626 3 4 13
E 1626 4 7 23
E 1626 5 10 32
T 1627 10 0 3 0
E 1627 0 -12 -36
E 1627 1 -9 -27
E 1627 2 -5 -17
T 1628 28 0 3 0
E 1628 0 -6 -18
E 1628 4 6 20
E 1628 5 10 30
T 1629 19 0 3 0
E 1629 0 -10 -31
E 1629 1 -7 -21
E 1629 5 5 17
T 1630 34 0 4 0
E 1630 0 -4 -14
E 1630 3 5 15
E 1630 4 8 24
E 1630 5 11 34
T 1631 16 0 4 0
E 1631 0 -10 -32
E 1631 1 -7 -22
E 1631 2 -4 -13
E 1631 5 5 16
T 1632 33 0 4 0
E 1632 0 -4 -13
E 1632 3 5 15
E 1632 4 8 25
E 1632 5 11 35
T 1633 20 0 3 0
E 1633 0 -9 -29
E 1633 1 -6 -19
E 1633 5 6 19
T 1634 29 0 3 0
E 1634 0 -6 -20
E 1634 4 6 19
E 1634 5 9 28
T 1635 15 0 4 0
E 1635 0 -11 -35
E 1635 1 -8 -26
E 1635 2 -5 -16
E 1635 5 4 13
T 1636 29 0 3 0
E 1636 0 -6 -20
E 1636 4 6 19
E 1636 5 9 28
T 1637 14 0 4 0
E 1637 0 -11 -34
E 1637 1 -8 -25
E 1637 2 -5 -15
E 1637 5 4 14
T 1638 29 0 3 0
E 1638 0 -6 -20
E 1638 4 6 18
E 1638 5 9 28
T 1639 11 0 3 0
E 1639 0 -12 -37
E 1639 1 -9 -27
E 1639 2 -5 -17
T 1640 41 0 4 0
E 1640 2 4 13
E 1640 3 7 23
E 1640 4 10 32
E 1640 5 14 42
T 1641 5 0 4 0
E 1641 0 -15 -47
E 1641 1 -12 -37
E 1641 2 -9 -28
E 1641 3 -6 -18
T 1642 42 0 4 0
E 1642 2 5 17
E 1642 3 8 26
E 1642 4 12 36
E 1642 5 15 46
T 1643 6 0 4 0
E 1643 0 -15 -45
E 1643 1 -11 -35
E 1643 2 -8 -26
E 1643 3 -5 -16
T 1644 34 0 4 0
E 1644 0 -4 -14
E 1644 3 5 15
E 1644 4 8 25
E 1644 5 11 34
T 1645 14 0 4 0
E 1645 0 -11 -34
E 1645 1 -8 -25
E 1645 2 -5 -15
E 1645 5 4 14
T 1646 33 0 4 0
E 1646 0 -4 -13
E 1646 3 5 16
E 1646 4 8 26
E 1646 5 11 35
T 1647 20 0 3 0
E 1647 0 -9 -29
E 1647 1 -6 -20
E 1647 5 6 19
T 1648 23 0 4 0
E 1648 0 -8 -25
E 1648 1 -5 -15
E 1648 4 4 13
E 1648 5 7 23
T 1649 23 0 4 0
E 1649 0 -8 -25
E 1649 1 -5 -15
E 1649 4 4 14
E 1649 5 7 23
T 1650 23 0 4 0
E 1650 0 -8 -24
E 1650 1 -5 -15
E 1650 4 4 14
E 1650 5 8 24
T 1651 29 0 3 0
E 1651 0 -6 -20
E 1651 4 6 19
E 1651 5 9 28
T 1652 19 0 3 0
E 1652 0 -9 -28
E 1652 1 -6 -19
E 1652 5 6 20
T 1653 20 0 3 0
E 1653 0 -9 -27
E 1653 1 -5 -17
E 1653 5 7 21
T 1654 29 0 3 0
E 1654 0 -6 -18
E 1654 4 7 21
E 1654 5 10 30
T 1655 23 0 4 0
E 1655 0 -8 -25
E 1655 1 -5 -16
E 1655 4 4 13
E 1655 5 7 23
T 1656 20 0 3 0
E 1656 0 -9 -27
E 1656 1 -5 -17
E 1656 5 7 21
T 1657 29 0 3 0
E 1657 0 -5 -17
E 1657 4 7 21
E 1657 5 10 31
T 1658 19 0 3 0
E 1658 0 -10 -31
E 1658 1 -7 -21
E 1658 5 5 17
T 1659 28 0 3 0
E 1659 0 -7 -22
E 1659 4 5 17
E 1659 5 8 26
T 1660 16 0 4 0
E 1660 0 -10 -32
E 1660 1 -7 -23
E 1660 2 -4 -13
E 1660 5 5 16
T 1661 29 0 3 0
E 1661 0 -7 -21
E 1661 4 6 18
E 1661 5 9 27
T 1662 20 0 3 0
E 1662 0 -9 -29
E 1662 1 -6 -20
E 1662 5 6 19
T 1663 28 0 3 0
E 1663 0 -6 -19
E 1663 4 6 19
E 1663 5 9 29
T 1664 15 0 4 0
E 1664 0 -11 -34
E 1664 1 -8 -24
E 1664 2 -4 -14
E 1664 5 4 14
T 1665 37 0 3 0
E 1665 3 5 17
E 1665 4 8 26
E 1665 5 12 36
T 1666 6 0 4 0
E 1666 0 -14 -44
E 1666 1 -11 -34
E 1666 2 -8 -25
E 1666 3 -5 -15
T 1667 37 0 3 0
E 1667 3 6 18
E 1667 4 9 28
E 1667 5 12 38
T 1668 14 0 4 0
E 1668 0 -11 -34
E 1668 1 -8 -24
E 1668 2 -5 -15
E 1668 5 4 14
T 1669 38 0 3 0
E 1669 3 6 18
E 1669 4 9 28
E 1669 5 12 37
T 1670 15 0 4 0
E 1670 0 -11 -35
E 1670 1 -8 -26
E 1670 2 -5 -16
E 1670 5 4 13
T 1671 38 0 3 0
E 1671 3 6 18
E 1671 4 9 28
E 1671 5 12 37
T 1672 10 0 3 0
E 1672 0 -12 -36
E 1672 1 -9 -27
E 1672 2 -5 -17
T 1673 37 0 3 0
E 1673 3 6 20
E 1673 4 9 29
E 1673 5 13 39
T 1674 7 0 4 0
E 1674 0 -14 -42
E 1674 1 -10 -32
E 1674 2 -7 -22
E 1674 3 -4 -13
T 1675 38 0 3 0
E 1675 3 7 21
E 1675 4 10 30
E 1675 5 13 40
T 1676 6 0 4 0
E 1676 0 -14 -44
E 1676 1 -11 -34
E 1676 2 -8 -25
E 1676 3 -5 -15
T 1677 41 0 4 0
E 1677 2 4 13
E 1677 3 7 22
E 1677 4 10 32
E 1677 5 14 42
T 1678 6 0 4 0
E 1678 0 -14 -43
E 1678 1 -11 -33
E 1678 2 -8 -24
E 1678 3 -4 -14
T 1679 38 0 3 0
E 1679 3 5 17
E 1679 4 9 27
E 1679 5 12 36
T 1680 25 0 2 0
E 1680 1 -9 -29
E 1680 2 -6 -19
T 1681 11 0 4 0
E 1681 0 8 25
E 1681 1 -5 -16
E 1681 4 4 13
E 1681 5 7 22
T 1682 26 0 3 0
E 1682 0 5 16
E 1682 1 -9 -29
E 1682 2 -6 -19
T 1683 16 0 4 0
E 1683 0 10 32
E 1683 1 -5 -15
E 1683 4 4 13
E 1683 5 7 23
T 1684 30 0 3 0
E 1684 0 7 21
E 1684 1 -10 -30
E 1684 2 -6 -20
T 1685 33 0 3 0
E 1685 0 8 26
E 1685 1 -9 -29
E 1685 2 -6 -19
T 1686 16 0 4 0
E 1686 0 10 32
E 1686 1 7 23
E 1686 2 -5 -16
E 1686 5 4 13
T 1687 35 0 4 0
E 1687 0 5 16
E 1687 2 -11 -35
E 1687 3 -8 -26
E 1687 4 -5 -16
T 1688 25 0 4 0
E 1688 0 10 30
E 1688 1 7 21
E 1688 2 -8 -24
E 1688 3 -4 -14
T 1689 36 0 5 0
E 1689 0 7 23
E 1689 1 4 13
E 1689 2 -11 -34
E 1689 3 -8 -25
E 1689 4 -5 -15
T 1690 30 0 4 0
E 1690 0 10 32
E 1690 1 7 22
E 1690 2 -9 -29
E 1690 3 -6 -19
T 1691 38 0 5 0
E 1691 0 9 27
E 1691 1 6 18
E 1691 2 -12 -37
E 1691 3 -9 -27
E 1691 4 -5 -17
T 1692 17 0 4 0
E 1692 0 12 37
E 1692 1 9 27
E 1692 2 6 18
E 1692 3 -7 -21
T 1693 44 0 4 0
E 1693 0 6 20
E 1693 3 -13 -40
E 1693 4 -10 -31
E 1693 5 -7 -21
T 1694 16 0 4 0
E 1694 0 16 48
E 1694 1 12 38
E 1694 2 9 29
E 1694 3 -5 -16
T 1695 52 0 4 0
E 1695 0 5 16
E 1695 3 -17 -51
E 1695 4 -14 -42
E 1695 5 -10 -32
T 1696 10 0 3 0
E 1696 0 19 58
E 1696 1 16 49
E 1696 2 13 39
T 1697 58 0 4 0
E 1697 0 5 15
E 1697 3 -19 -59
E 1697 4 -16 -49
E 1697 5 -13 -39
T 1698 1 0 4 0
E 1698 0 19 59
E 1698 1 16 50
E 1698 2 13 40
E 1698 3 10 31
T 1699 63 0 5 0
E 1699 1 -4 -13
E 1699 2 -7 -22
E 1699 3 -10 -32
E 1699 4 -24 -73
E 1699 5 -21 -64
T 1700 0 0 4 0
E 1700 0 21 63
E 1700 1 17 53
E 1700 2 14 43
E 1700 3 11 34
T 1701 63 0 4 0
E 1701 2 -6 -18
E 1701 3 -9 -28
E 1701 4 -25 -75
E 1701 5 -22 -66
T 1702 3 0 5 0
E 1702 0 22 66
E 1702 1 18 56
E 1702 2 15 47
E 1702 3 12 37
E 1702 4 -4 -14
T 1703 65 0 4 0
E 1703 2 -5 -16
E 1703 3 -8 -25
E 1703 4 -26 -80
E 1703 5 -23 -70
T 1704 10 0 5 0
E 1704 0 22 66
E 1704 1 18 56
E 1704 2 15 47
E 1704 3 12 37
E 1704 4 9 28
T 1705 65 0 5 0
E 1705 1 -7 -21
E 1705 2 -10 -31
E 1705 3 -13 -40
E 1705 4 -16 -50
E 1705 5 -30 -91
T 1706 7 0 6 0
E 1706 0 22 68
E 1706 1 19 59
E 1706 2 16 49
E 1706 3 13 39
E 1706 4 10 30
E 1706 5 -5 -15
T 1707 63 0 5 0
E 1707 1 -5 -16
E 1707 2 -8 -25
E 1707 3 -11 -35
E 1707 4 -15 -45
E 1707 5 -30 -92
T 1708 2 0 6 0
E 1708 0 21 65
E 1708 1 18 56
E 1708 2 15 46
E 1708 3 12 37
E 1708 4 9 27
E 1708 5 -8 -24
T 1709 57 0 4 0
E 1709 2 -5 -15
E 1709 3 -8 -25
E 1709 4 -11 -34
E 1709 5 -29 -89
T 1710 10 0 6 0
E 1710 0 20 61
E 1710 1 17 51
E 1710 2 13 41
E 1710 3 10 32
E 1710 4 7 22
E 1710 5 4 13
T 1711 44 0 4 0
E 1711 2 -7 -22
E 1711 3 -10 -32
E 1711 4 -13 -41
E 1711 5 -17 -51
T 1712 4 0 4 0
E 1712 0 16 49
E 1712 1 13 39
E 1712 2 10 30
E 1712 3 6 20
T 1713 43 0 4 0
E 1713 2 -6 -20
E 1713 3 -9 -29
E 1713 4 -13 -39
E 1713 5 -16 -49
T 1714 11 0 3 0
E 1714 0 13 39
E 1714 1 9 29
E 1714 2 6 20
T 1715 34 0 4 0
E 1715 0 4 14
E 1715 3 -5 -15
E 1715 4 -8 -25
E 1715 5 -11 -34
T 1716 16 0 4 0
E 1716 0 10 32
E 1716 1 7 23
E 1716 2 4 13
E 1716 5 -5 -16
T 1717 34 0 4 0
E 1717 0 4 14
E 1717 3 -5 -15
E 1717 4 -8 -25
E 1717 5 -11 -34
T 1718 10 0 3 0
E 1718 0 12 36
E 1718 1 9 27
E 1718 2 5 17
T 1719 37 0 3 0
E 1719 3 -7 -22
E 1719 4 -10 -31
E 1719 5 -13 -41
T 1720 6 0 4 0
E 1720 0 14 44
E 1720 1 11 34
E 1720 2 8 24
E 1720 3 5 15
T 1721 38 0 3 0
E 1721 3 -7 -21
E 1721 4 -10 -30
E 1721 5 -13 -40
T 1722 11 0 3 0
E 1722 0 12 36
E 1722 1 8 26
E 1722 2 5 17
T 1723 37 0 3 0
E 1723 3 -6 -18
E 1723 4 -9 -28
E 1723 5 -12 -38
T 1724 11 0 3 0
E 1724 0 12 36
E 1724 1 8 26
E 1724 2 5 17
T 1725 37 0 3 0
E 1725 3 -6 -19
E 1725 4 -9 -29
E 1725 5 -12 -38
T 1726 10 0 3 0
E 1726 0 13 39
E 1726 1 10 30
E 1726 2 6 20
T 1727 29 0 3 0
E 1727 0 5 17
E 1727 4 -7 -22
E 1727 5 -10 -31
T 1728 14 0 4 0
E 1728 0 11 34
E 1728 1 8 25
E 1728 2 5 15
E 1728 5 -4 -14
T 1729 28 0 3 0
E 1729 0 7 22
E 1729 4 -5 -16
E 1729 5 -8 -26
T 1730 19 0 3 0
E 1730 0 9 28
E 1730 1 6 18
E 1730 5 -6 -20
T 1731 32 0 4 0
E 1731 0 5 16
E 1731 3 -4 -13
E 1731 4 -7 -22
E 1731 5 -10 -32
T 1732 19 0 3 0
E 1732 0 9 28
E 1732 1 6 18
E 1732 5 -6 -20
T 1733 28 0 3 0
E 1733 0 7 21
E 1733 4 -5 -17
E 1733 5 -9 -27
T 1734 16 0 4 0
E 1734 0 11 33
E 1734 1 7 23
E 1734 2 4 14
E 1734 5 -5 -15
T 1735 33 0 4 0
E 1735 0 4 13
E 1735 3 -5 -16
E 1735 4 -8 -26
E 1735 5 -11 -35
T 1736 20 0 3 0
E 1736 0 9 29
E 1736 1 6 20
E 1736 5 -6 -19
T 1737 28 0 3 0
E 1737 0 7 22
E 1737 4 -5 -17
E 1737 5 -8 -26
T 1738 19 0 3 0
E 1738 0 9 27
E 1738 1 6 18
E 1738 5 -7 -21
T 1739 23 0 4 0
E 1739 0 8 25
E 1739 1 5 15
E 1739 4 -4 -13
E 1739 5 -7 -23
T 1740 20 0 3 0
E 1740 0 9 27
E 1740 1 5 17
E 1740 5 -7 -21
T 1741 28 0 3 0
E 1741 0 7 21
E 1741 4 -5 -17
E 1741 5 -9 -27
T 1742 20 0 3 0
E 1742 0 9 27
E 1742 1 5 17
E 1742 5 -7 -21
T 1743 28 0 3 0
E 1743 0 6 18
E 1743 4 -6 -20
E 1743 5 -10 -30
T 1744 19 0 3 0
E 1744 0 10 31
E 1744 1 7 21
E 1744 5 -5 -17
T 1745 29 0 3 0
E 1745 0 5 17
E 1745 4 -7 -22
E 1745 5 -10 -31
T 1746 16 0 4 0
E 1746 0 10 32
E 1746 1 7 23
E 1746 2 4 13
E 1746 5 -5 -16
T 1747 29 0 3 0
E 1747 0 7 21
E 1747 4 -6 -18
E 1747 5 -9 -27
T 1748 19 0 3 0
E 1748 0 9 28
E 1748 1 6 19
E 1748 5 -6 -20
T 1749 23 0 4 0
E 1749 0 8 25
E 1749 1 5 15
E 1749 4 -4 -13
E 1749 5 -7 -23
T 1750 20 0 3 0
E 1750 0 9 27
E 1750 1 5 17
E 1750 5 -7 -21
T 1751 32 0 4 0
E 1751 0 5 16
E 1751 3 -4 -13
E 1751 4 -7 -22
E 1751 5 -10 -32
T 1752 20 0 3 0
E 1752 0 9 29
E 1752 1 6 19
E 1752 5 -6 -19
T 1753 32 0 4 0
E 1753 0 5 15
E 1753 3 -4 -13
E 1753 4 -7 -23
E 1753 5 -11 -33
T 1754 20 0 3 0
E 1754 0 9 29
E 1754 1 6 19
E 1754 5 -6 -19
T 1755 29 0 3 0
E 1755 0 6 18
E 1755 4 -7 -21
E 1755 5 -10 -30
T 1756 15 0 4 0
E 1756 0 11 33
E 1756 1 8 24
E 1756 2 4 14
E 1756 5 -5 -15
T 1757 33 0 4 0
E 1757 0 5 15
E 1757 3 -4 -14
E 1757 4 -8 -24
E 1757 5 -11 -33
T 1758 20 0 3 0
E 1758 0 9 29
E 1758 1 6 20
E 1758 5 -6 -19
T 1759 29 0 3 0
E 1759 0 5 17
E 1759 4 -7 -21
E 1759 5 -10 -31
T 1760 11 0 3 0
E 1760 0 12 36
E 1760 1 8 26
E 1760 2 5 16
T 1761 37 0 3 0
E 1761 3 -6 -19
E 1761 4 -9 -28
E 1761 5 -12 -38
T 1762 15 0 4 0
E 1762 0 11 35
E 1762 1 8 25
E 1762 2 5 16
E 1762 5 -4 -13
T 1763 37 0 3 0
E 1763 3 -5 -17
E 1763 4 -9 -27
E 1763 5 -12 -37
T 1764 7 0 4 0
E 1764 0 14 42
E 1764 1 10 32
E 1764 2 7 23
E 1764 3 4 13
T 1765 43 0 4 0
E 1765 2 -5 -17
E 1765 3 -8 -26
E 1765 4 -12 -36
E 1765 5 -15 -45
T 1766 4 0 4 0
E 1766 0 16 49
E 1766 1 13 40
E 1766 2 10 30
E 1766 3 6 20
T 1767 44 0 4 0
E 1767 2 -6 -19
E 1767 3 -9 -29
E 1767 4 -13 -39
E 1767 5 -16 -48
T 1768 7 0 4 0
E 1768 0 13 41
E 1768 1 10 32
E 1768 2 7 22
E 1768 3 4 13
T 1769 38 0 3 0
E 1769 3 -6 -18
E 1769 4 -9 -27
E 1769 5 -12 -37
T 1770 6 0 4 0
E 1770 0 15 45
E 1770 1 11 35
E 1770 2 8 25
E 1770 3 5 16
T 1771 42 0 4 0
E 1771 2 -4 -14
E 1771 3 -8 -24
E 1771 4 -11 -33
E 1771 5 -14 -43
T 1772 11 0 3 0
E 1772 0 12 38
E 1772 1 9 28
E 1772 2 6 19
T 1773 41 0 4 0
E 1773 2 -4 -13
E 1773 3 -7 -22
E 1773 4 -10 -32
E 1773 5 -14 -42
T 1774 10 0 3 0
E 1774 0 13 40
E 1774 1 10 30
E 1774 2 7 21
T 1775 37 0 3 0
E 1775 3 -6 -19
E 1775 4 -9 -29
E 1775 5 -12 -38
T 1776 15 0 4 0
E 1776 0 11 33
E 1776 1 8 24
E 1776 2 4 14
E 1776 5 -5 -15
T 1777 26 0 3 0
E 1777 0 6 19
E 1777 4 -5 -17
E 1777 5 -8 -26
T 1778 16 0 3 0
E 1778 0 8 26
E 1778 1 7 22
E 1778 5 -5 -17
T 1779 26 0 2 0
E 1779 4 -6 -20
E 1779 5 -10 -30
T 1780 4 0 3 0
E 1780 0 9 29
E 1780 1 10 30
E 1780 2 6 20
T 1781 21 0 2 0
E 1781 4 -6 -19
E 1781 5 -9 -29
T 1782 0 0 3 0
E 1782 0 7 22
E 1782 1 9 28
E 1782 2 6 19
T 1783 15 0 2 0
E 1783 4 -7 -22
E 1783 5 -10 -32
T 1784 1 0 3 0
E 1784 0 6 20
E 1784 1 8 26
E 1784 2 7 22
T 1785 10 0 1 0
E 1785 5 -7 -21
T 1786 3 0 3 0
E 1786 0 4 14
E 1786 1 6 20
E 1786 2 7 21
T 1787 6 0 2 0
E 1787 4 -6 -19
E 1787 5 -9 -28
T 1788 2 0 2 0
E 1788 2 5 15
E 1788 5 -4 -14
T 1789 3 0 2 0
E 1789 1 4 13
E 1789 2 6 19
T 1790 3 0 1 0
E 1790 2 4 13
T 1791 1 0 0 0
T 1792 6 0 0 0
T 1793 7 0 0 0
T 1794 8 0 1 0
E 1794 5 -4 -13
T 1795 6 0 2 0
E 1795 0 -5 -15
E 1795 5 -4 -13
T 1796 8 0 1 0
E 1796 3 5 15
T 1797 9 0 1 0
E 1797 3 4 13
T 1798 13 0 2 0
E 1798 3 4 13
E 1798 4 4 14
T 1799 10 0 1 0
E 1799 0 -4 -14
T 1800 14 0 1 0
E 1800 4 4 14
T 1801 14 0 1 0
E 1801 4 5 15
T 1802 10 0 2 0
E 1802 0 -6 -20
E 1802 1 -4 -14
T 1803 10 0 1 0
E 1803 0 -4 -14
T 1804 18 0 2 0
E 1804 4 6 18
E 1804 5 6 19
T 1805 9 0 2 0
E 1805 0 -7 -21
E 1805 1 -5 -15
T 1806 20 0 2 0
E 1806 4 5 16
E 1806 5 7 22
T 1807 12 0 1 0
E 1807 0 -6 -18
T 1808 15 1 2 0
E 1808 0 -5 -15
E 1808 5 5 15
T 1809 10 0 2 0
E 1809 0 -6 -20
E 1809 1 -4 -14
T 1810 15 0 2 0
E 1810 0 -4 -14
E 1810 5 5 16
T 1811 9 0 2 0
E 1811 0 -7 -21
E 1811 1 -5 -15
T 1812 23 0 3 0
E 1812 3 4 13
E 1812 4 6 19
E 1812 5 8 25
T 1813 10 0 2 0
E 1813 0 -7 -22
E 1813 1 -5 -16
T 1814 21 0 2 0
E 1814 4 4 13
E 1814 5 6 19
T 1815 11 0 2 0
E 1815 0 -7 -23
E 1815 1 -5 -17
T 1816 20 0 2 0
E 1816 4 5 16
E 1816 5 7 22
T 1817 7 0 3 0
E 1817 0 -8 -25
E 1817 1 -6 -19
E 1817 2 -4 -13
T 1818 23 0 3 0
E 1818 3 4 13
E 1818 4 6 19
E 1818 5 8 25
T 1819 9 0 2 0
E 1819 0 -6 -19
E 1819 1 -4 -13
T 1820 21 0 2 0
E 1820 4 5 15
E 1820 5 7 21
T 1821 7 0 3 0
E 1821 0 -9 -28
E 1821 1 -7 -22
E 1821 2 -5 -16
T 1822 24 0 3 0
E 1822 3 5 15
E 1822 4 7 21
E 1822 5 9 27
T 1823 7 0 3 0
E 1823 0 -9 -28
E 1823 1 -7 -22
E 1823 2 -5 -16
T 1824 22 0 3 0
E 1824 3 4 14
E 1824 4 6 20
E 1824 5 8 26
T 1825 9 0 2 0
E 1825 0 -6 -19
E 1825 1 -4 -13
T 1826 15 0 2 0
E 1826 0 -4 -14
E 1826 5 5 17
T 1827 13 0 1 0
E 1827 0 -6 -19
T 1828 22 0 2 0
E 1828 4 5 16
E 1828 5 7 22
T 1829 13 0 2 0
E 1829 0 -8 -26
E 1829 1 -5 -17
T 1830 19 0 3 0
E 1830 0 -4 -13
E 1830 4 4 14
E 1830 5 6 20
T 1831 17 1 2 0
E 1831 0 -5 -17
E 1831 5 5 17
T 1832 24 0 2 0
E 1832 4 5 16
E 1832 5 7 22
T 1833 10 0 3 0
E 1833 0 -10 -30
E 1833 1 -6 -20
E 1833 2 -4 -13
T 1834 30 0 3 0
E 1834 3 6 18
E 1834 4 8 24
E 1834 5 10 30
T 1835 13 0 2 0
E 1835 0 -8 -26
E 1835 1 -5 -17
T 1836 23 0 3 0
E 1836 0 -5 -16
E 1836 4 5 15
E 1836 5 7 21
T 1837 13 0 2 0
E 1837 0 -8 -26
E 1837 1 -5 -17
T 1838 24 0 3 0
E 1838 0 -4 -14
E 1838 4 6 18
E 1838 5 8 24
T 1839 13 0 2 0
E 1839 0 -9 -27
E 1839 1 -5 -17
T 1840 24 0 3 0
E 1840 0 -5 -15
E 1840 4 6 18
E 1840 5 8 24
T 1841 14 0 2 0
E 1841 0 -10 -31
E 1841 1 -7 -21
T 1842 33 0 3 0
E 1842 3 6 19
E 1842 4 8 25
E 1842 5 10 31
T 1843 14 0 2 0
E 1843 0 -9 -29
E 1843 1 -6 -19
T 1844 30 0 4 0
E 1844 0 -4 -13
E 1844 3 5 16
E 1844 4 7 23
E 1844 5 9 29
T 1845 10 0 3 0
E 1845 0 -11 -34
E 1845 1 -8 -25
E 1845 2 -5 -15
T 1846 36 0 3 0
E 1846 3 6 19
E 1846 4 9 27
E 1846 5 11 33
T 1847 10 0 3 0
E 1847 0 -11 -33
E 1847 1 -8 -24
E 1847 2 -4 -14
T 1848 35 0 3 0
E 1848 3 6 20
E 1848 4 9 29
E 1848 5 11 35
T 1849 11 0 3 0
E 1849 0 -11 -33
E 1849 1 -7 -23
E 1849 2 -4 -13
T 1850 37 0 3 0
E 1850 3 7 21
E 1850 4 10 30
E 1850 5 12 37
T 1851 10 0 3 0
E 1851 0 -12 -37
E 1851 1 -9 -27
E 1851 2 -6 -18
T 1852 32 0 4 0
E 1852 0 -4 -14
E 1852 3 4 14
E 1852 4 8 24
E 1852 5 10 32
T 1853 14 0 4 0
E 1853 0 -11 -34
E 1853 1 -8 -24
E 1853 2 -5 -15
E 1853 5 4 13
T 1854 38 0 3 0
E 1854 3 5 17
E 1854 4 9 27
E 1854 5 12 36
T 1855 6 0 4 0
E 1855 0 -14 -43
E 1855 1 -11 -34
E 1855 2 -8 -24
E 1855 3 -4 -14
T 1856 42 0 4 0
E 1856 2 4 13
E 1856 3 7 23
E 1856 4 11 33
E 1856 5 14 42
T 1857 11 0 3 0
E 1857 0 -12 -38
E 1857 1 -9 -29
E 1857 2 -6 -19
T 1858 38 0 3 0
E 1858 3 6 18
E 1858 4 9 27
E 1858 5 12 37
T 1859 11 0 3 0
E 1859 0 -12 -38
E 1859 1 -9 -28
E 1859 2 -6 -18
T 1860 37 0 3 0
E 1860 3 5 17
E 1860 4 8 26
E 1860 5 12 36
T 1861 7 0 4 0
E 1861 0 -14 -42
E 1861 1 -10 -32
E 1861 2 -7 -23
E 1861 3 -4 -13
T 1862 37 0 3 0
E 1862 3 5 16
E 1862 4 8 26
E 1862 5 12 36
T 1863 6 0 4 0
E 1863 0 -14 -43
E 1863 1 -11 -33
E 1863 2 -8 -24
E 1863 3 -4 -14
T 1864 38 0 3 0
E 1864 3 6 18
E 1864 4 9 28
E 1864 5 12 37
T 1865 6 0 4 0
E 1865 0 -14 -42
E 1865 1 -11 -33
E 1865 2 -7 -23
E 1865 3 -4 -13
T 1866 42 0 4 0
E 1866 2 5 15
E 1866 3 8 25
E 1866 4 11 35
E 1866 5 14 44
T 1867 3 0 4 0
E 1867 0 -16 -49
E 1867 1 -13 -40
E 1867 2 -10 -30
E 1867 3 -7 -21
T 1868 42 0 4 0
E 1868 2 5 16
E 1868 3 8 26
E 1868 4 11 35
E 1868 5 15 45
T 1869 11 0 3 0
E 1869 0 -13 -40
E 1869 1 -10 -30
E 1869 2 -6 -20
T 1870 29 0 3 0
E 1870 0 -5 -17
E 1870 4 7 21
E 1870 5 10 31
T 1871 19 0 3 0
E 1871 0 -9 -28
E 1871 1 -6 -18
E 1871 5 6 20
T 1872 24 0 4 0
E 1872 0 -7 -22
E 1872 1 -4 -13
E 1872 4 5 16
E 1872 5 8 26
T 1873 20 0 3 0
E 1873 0 -9 -29
E 1873 1 -6 -19
E 1873 5 6 19
T 1874 24 0 4 0
E 1874 0 -8 -26
E 1874 1 -5 -16
E 1874 4 4 13
E 1874 5 7 22
T 1875 28 0 3 0
E 1875 0 -7 -21
E 1875 4 5 17
E 1875 5 9 27
T 1876 19 0 3 0
E 1876 0 -10 -31
E 1876 1 -7 -21
E 1876 5 5 17
T 1877 33 0 4 0
E 1877 0 -4 -14
E 1877 3 4 14
E 1877 4 8 24
E 1877 5 11 34
T 1878 11 0 3 0
E 1878 0 -12 -36
E 1878 1 -8 -26
E 1878 2 -5 -17
T 1879 38 0 3 0
E 1879 3 7 21
E 1879 4 10 31
E 1879 5 13 40
T 1880 10 0 3 0
E 1880 0 -13 -40
E 1880 1 -10 -31
E 1880 2 -7 -21
T 1881 38 0 3 0
E 1881 3 5 17
E 1881 4 9 27
E 1881 5 12 36
T 1882 11 0 3 0
E 1882 0 -12 -38
E 1882 1 -9 -29
E 1882 2 -6 -19
T 1883 37 0 3 0
E 1883 3 6 20
E 1883 4 9 29
E 1883 5 13 39
T 1884 6 0 4 0
E 1884 0 -15 -45
E 1884 1 -11 -35
E 1884 2 -8 -25
E 1884 3 -5 -16
T 1885 42 0 4 0
E 1885 2 5 16
E 1885 3 8 26
E 1885 4 11 35
E 1885 5 15 45
T 1886 11 0 3 0
E 1886 0 -13 -41
E 1886 1 -10 -31
E 1886 2 -7 -22
T 1887 33 0 4 0
E 1887 0 -4 -14
E 1887 3 4 14
E 1887 4 8 24
E 1887 5 11 34
T 1888 20 0 3 0
E 1888 0 -9 -29
E 1888 1 -6 -19
E 1888 5 6 19
T 1889 28 0 3 0
E 1889 0 -7 -22
E 1889 4 5 17
E 1889 5 8 26
T 1890 20 0 3 0
E 1890 0 -9 -29
E 1890 1 -6 -20
E 1890 5 6 19
T 1891 32 0 4 0
E 1891 0 -5 -16
E 1891 3 4 13
E 1891 4 7 23
E 1891 5 10 32
T 1892 19 0 3 0
E 1892 0 -10 -30
E 1892 1 -7 -21
E 1892 5 6 18
T 1893 28 0 3 0
E 1893 0 -6 -18
E 1893 4 6 20
E 1893 5 10 30
T 1894 19 0 3 0
E 1894 0 -9 -28
E 1894 1 -6 -18
E 1894 5 6 20
T 1895 29 0 3 0
E 1895 0 -5 -17
E 1895 4 7 21
E 1895 5 10 31
T 1896 16 0 4 0
E 1896 0 -11 -33
E 1896 1 -7 -23
E 1896 2 -4 -14
E 1896 5 5 15
T 1897 32 0 4 0
E 1897 0 -5 -15
E 1897 3 4 13
E 1897 4 7 23
E 1897 5 11 33
T 1898 11 0 3 0
E 1898 0 -12 -38
E 1898 1 -9 -28
E 1898 2 -6 -19
T 1899 38 0 3 0
E 1899 3 6 18
E 1899 4 9 28
E 1899 5 12 37
T 1900 6 0 4 0
E 1900 0 -14 -44
E 1900 1 -11 -35
E 1900 2 -8 -25
E 1900 3 -5 -15
T 1901 34 0 4 0
E 1901 0 -4 -14
E 1901 3 5 15
E 1901 4 8 25
E 1901 5 11 34
T 1902 15 0 4 0
E 1902 0 -11 -35
E 1902 1 -8 -26
E 1902 2 -5 -16
E 1902 5 4 13
T 1903 28 0 3 0
E 1903 0 -7 -22
E 1903 4 5 16
E 1903 5 8 26
T 1904 16 0 4 0
E 1904 0 -11 -33
E 1904 1 -7 -23
E 1904 2 -4 -13
E 1904 5 5 15
T 1905 28 0 3 0
E 1905 0 -6 -19
E 1905 4 6 19
E 1905 5 9 29
T 1906 15 0 4 0
E 1906 0 -11 -35
E 1906 1 -8 -25
E 1906 2 -5 -16
E 1906 5 4 13
T 1907 28 0 3 0
E 1907 0 -5 -16
E 1907 4 7 22
E 1907 5 10 32
T 1908 16 0 4 0
E 1908 0 -11 -33
E 1908 1 -7 -23
E 1908 2 -4 -14
E 1908 5 5 15
T 1909 32 0 4 0
E 1909 0 -5 -16
E 1909 3 4 13
E 1909 4 7 23
E 1909 5 10 32
T 1910 10 0 3 0
E 1910 0 -13 -39
E 1910 1 -10 -30
E 1910 2 -6 -20
T 1911 37 0 3 0
E 1911 3 6 19
E 1911 4 9 29
E 1911 5 12 38
T 1912 5 0 4 0
E 1912 0 -14 -43
E 1912 1 -11 -34
E 1912 2 -8 -24
E 1912 3 -5 -15
T 1913 37 0 3 0
E 1913 3 7 22
E 1913 4 10 31
E 1913 5 13 41
T 1914 7 0 4 0
E 1914 0 -14 -42
E 1914 1 -10 -32
E 1914 2 -7 -22
E 1914 3 -4 -13
T 1915 33 0 4 0
E 1915 0 -4 -13
E 1915 3 5 16
E 1915 4 8 25
E 1915 5 11 35
T 1916 14 0 4 0
E 1916 0 -11 -34
E 1916 1 -8 -24
E 1916 2 -5 -15
E 1916 5 4 14
T 1917 28 0 3 0
E 1917 0 -5 -16
E 1917 4 7 22
E 1917 5 10 32
T 1918 19 0 3 0
E 1918 0 -10 -31
E 1918 1 -7 -21
E 1918 5 5 17
T 1919 33 0 4 0
E 1919 0 -5 -15
E 1919 3 4 14
E 1919 4 8 24
E 1919 5 11 33
T 1920 25 0 2 0
E 1920 1 -10 -30
E 1920 2 -6 -20
T 1921 5 0 3 0
E 1921 0 10 30
E 1921 4 6 18
E 1921 5 9 27
T 1922 34 0 3 0
E 1922 1 -13 -41
E 1922 2 -10 -31
E 1922 3 -7 -22
T 1923 11 0 3 0
E 1923 0 11 35
E 1923 4 5 16
E 1923 5 8 26
T 1924 34 0 4 0
E 1924 0 6 19
E 1924 1 -10 -32
E 1924 2 -7 -22
E 1924 3 -4 -13
T 1925 19 0 4 0
E 1925 0 13 41
E 1925 1 -4 -14
E 1925 4 5 15
E 1925 5 8 25
T 1926 29 0 3 0
E 1926 0 5 17
E 1926 2 -10 -31
E 1926 3 -7 -21
T 1927 15 0 4 0
E 1927 0 12 37
E 1927 1 9 27
E 1927 2 -4 -14
E 1927 5 5 15
T 1928 39 0 4 0
E 1928 0 5 17
E 1928 2 -12 -37
E 1928 3 -9 -27
E 1928 4 -6 -18
T 1929 14 0 3 0
E 1929 0 15 45
E 1929 1 11 35
E 1929 5 5 16
T 1930 48 0 5 0
E 1930 0 6 19
E 1930 2 -14 -42
E 1930 3 -10 -32
E 1930 4 -7 -23
E 1930 5 -4 -13
T 1931 25 0 3 0
E 1931 0 15 47
E 1931 1 12 38
E 1931 2 -5 -17
T 1932 24 0 5 0
E 1932 0 11 33
E 1932 1 7 23
E 1932 2 4 14
E 1932 3 -8 -25
E 1932 4 -5 -15
T 1933 39 0 5 0
E 1933 0 7 23
E 1933 1 4 14
E 1933 3 -12 -37
E 1933 4 -9 -28
E 1933 5 -6 -18
T 1934 26 0 5 0
E 1934 0 11 35
E 1934 1 8 25
E 1934 2 5 16
E 1934 3 -9 -29
E 1934 4 -6 -19
T 1935 42 0 5 0
E 1935 0 9 28
E 1935 1 6 18
E 1935 3 -13 -39
E 1935 4 -10 -30
E 1935 5 -6 -20
T 1936 23 0 5 0
E 1936 0 15 45
E 1936 1 12 36
E 1936 2 8 26
E 1936 3 -8 -25
E 1936 4 -5 -15
T 1937 52 0 5 0
E 1937 0 7 23
E 1937 1 4 13
E 1937 3 -17 -51
E 1937 4 -13 -41
E 1937 5 -10 -31
T 1938 1 0 4 0
E 1938 0 19 57
E 1938 1 16 48
E 1938 2 12 38
E 1938 3 9 29
T 1939 53 0 3 0
E 1939 3 -7 -22
E 1939 4 -21 -63
E 1939 5 -18 -54
T 1940 7 0 5 0
E 1940 0 19 57
E 1940 1 15 47
E 1940 2 12 37
E 1940 3 9 28
E 1940 4 -5 -17
T 1941 56 0 3 0
E 1941 3 -6 -20
E 1941 4 -22 -67
E 1941 5 -19 -58
T 1942 18 0 6 0
E 1942 0 17 52
E 1942 1 14 42
E 1942 2 11 33
E 1942 3 7 23
E 1942 4 -9 -28
E 1942 5 -6 -18
T 1943 55 0 4 0
E 1943 0 5 15
E 1943 3 -4 -13
E 1943 4 -22 -68
E 1943 5 -19 -58
T 1944 2 0 6 0
E 1944 0 19 57
E 1944 1 15 47
E 1944 2 12 38
E 1944 3 9 28
E 1944 4 6 19
E 1944 5 -6 -20
T 1945 54 0 4 0
E 1945 2 -6 -19
E 1945 3 -9 -28
E 1945 4 -12 -38
E 1945 5 -26 -79
T 1946 9 0 6 0
E 1946 0 17 52
E 1946 1 14 43
E 1946 2 11 33
E 1946 3 7 23
E 1946 4 4 14
E 1946 5 -10 -31
T 1947 50 0 3 0
E 1947 3 -5 -17
E 1947 4 -9 -27
E 1947 5 -24 -74
T 1948 7 0 6 0
E 1948 0 18 55
E 1948 1 15 46
E 1948 2 12 36
E 1948 3 9 27
E 1948 4 5 17
E 1948 5 -11 -34
T 1949 52 0 3 0
E 1949 3 -6 -20
E 1949 4 -9 -29
E 1949 5 -28 -84
T 1950 4 0 4 0
E 1950 0 16 50
E 1950 1 13 40
E 1950 2 10 30
E 1950 3 7 21
T 1951 37 0 3 0
E 1951 3 -6 -20
E 1951 4 -9 -29
E 1951 5 -13 -39
T 1952 15 0 4 0
E 1952 0 11 35
E 1952 1 8 25
E 1952 2 5 16
E 1952 5 -4 -13
T 1953 32 0 4 0
E 1953 0 5 15
E 1953 3 -4 -13
E 1953 4 -7 -23
E 1953 5 -11 -33
T 1954 11 0 3 0
E 1954 0 13 39
E 1954 1 9 29
E 1954 2 6 20
T 1955 38 0 3 0
E 1955 3 -7 -21
E 1955 4 -10 -31
E 1955 5 -13 -40
T 1956 11 0 3 0
E 1956 0 12 38
E 1956 1 9 29
E 1956 2 6 19
T 1957 32 0 4 0
E 1957 0 5 16
E 1957 3 -4 -13
E 1957 4 -7 -23
E 1957 5 -10 -32
T 1958 19 0 3 0
E 1958 0 9 27
E 1958 1 6 18
E 1958 5 -7 -21
T 1959 20 0 3 0
E 1959 0 8 26
E 1959 1 5 16
E 1959 5 -7 -22
T 1960 29 0 3 0
E 1960 0 6 20
E 1960 4 -6 -19
E 1960 5 -9 -28
T 1961 15 0 4 0
E 1961 0 11 33
E 1961 1 8 24
E 1961 2 4 14
E 1961 5 -5 -15
T 1962 33 0 4 0
E 1962 0 4 13
E 1962 3 -5 -16
E 1962 4 -8 -26
E 1962 5 -11 -35
T 1963 11 0 3 0
E 1963 0 12 38
E 1963 1 9 29
E 1963 2 6 19
T 1964 34 0 4 0
E 1964 0 4 14
E 1964 3 -5 -15
E 1964 4 -8 -24
E 1964 5 -11 -34
T 1965 11 0 3 0
E 1965 0 13 41
E 1965 1 10 31
E 1965 2 7 21
T 1966 41 0 4 0
E 1966 2 -4 -13
E 1966 3 -7 -23
E 1966 4 -10 -32
E 1966 5 -14 -42
T 1967 5 0 4 0
E 1967 0 15 47
E 1967 1 12 37
E 1967 2 9 28
E 1967 3 6 18
T 1968 37 0 3 0
E 1968 3 -6 -20
E 1968 4 -10 -30
E 1968 5 -13 -40
T 1969 6 0 4 0
E 1969 0 14 43
E 1969 1 11 33
E 1969 2 8 24
E 1969 3 4 14
T 1970 42 0 4 0
E 1970 2 -5 -16
E 1970 3 -8 -25
E 1970 4 -11 -35
E 1970 5 -14 -44
T 1971 10 0 3 0
E 1971 0 13 39
E 1971 1 10 30
E 1971 2 6 20
T 1972 29 0 3 0
E 1972 0 5 17
E 1972 4 -7 -22
E 1972 5 -10 -31
T 1973 16 0 4 0
E 1973 0 10 32
E 1973 1 7 23
E 1973 2 4 13
E 1973 5 -5 -16
T 1974 28 0 3 0
E 1974 0 7 21
E 1974 4 -5 -17
E 1974 5 -9 -27
T 1975 20 0 3 0
E 1975 0 9 27
E 1975 1 5 17
E 1975 5 -7 -21
T 1976 32 0 4 0
E 1976 0 5 16
E 1976 3 -4 -13
E 1976 4 -7 -22
E 1976 5 -10 -32
T 1977 11 0 3 0
E 1977 0 13 39
E 1977 1 9 29
E 1977 2 6 20
T 1978 41 0 4 0
E 1978 2 -4 -13
E 1978 3 -7 -22
E 1978 4 -10 -32
E 1978 5 -14 -42
T 1979 7 0 4 0
E 1979 0 14 42
E 1979 1 10 32
E 1979 2 7 23
E 1979 3 4 13
T 1980 38 0 3 0
E 1980 3 -5 -17
E 1980 4 -9 -27
E 1980 5 -12 -36
T 1981 15 0 4 0
E 1981 0 11 33
E 1981 1 8 24
E 1981 2 4 14
E 1981 5 -5 -15
T 1982 38 0 3 0
E 1982 3 -6 -18
E 1982 4 -9 -28
E 1982 5 -12 -37
T 1983 14 0 4 0
E 1983 0 11 34
E 1983 1 8 25
E 1983 2 5 15
E 1983 5 -4 -14
T 1984 29 0 3 0
E 1984 0 5 17
E 1984 4 -7 -21
E 1984 5 -10 -31
T 1985 11 0 3 0
E 1985 0 12 36
E 1985 1 8 26
E 1985 2 5 16
T 1986 38 0 3 0
E 1986 3 -7 -21
E 1986 4 -10 -30
E 1986 5 -13 -40
T 1987 11 0 3 0
E 1987 0 13 41
E 1987 1 10 31
E 1987 2 7 22
T 1988 28 0 3 0
E 1988 0 5 16
E 1988 4 -7 -22
E 1988 5 -10 -32
T 1989 14 0 4 0
E 1989 0 11 34
E 1989 1 8 24
E 1989 2 5 15
E 1989 5 -4 -14
T 1990 34 0 4 0
E 1990 0 4 14
E 1990 3 -5 -15
E 1990 4 -8 -25
E 1990 5 -11 -34
T 1991 15 0 4 0
E 1991 0 11 33
E 1991 1 8 24
E 1991 2 4 14
E 1991 5 -5 -15
T 1992 29 0 3 0
E 1992 0 5 17
E 1992 4 -7 -22
E 1992 5 -10 -31
T 1993 15 0 4 0
E 1993 0 11 35
E 1993 1 8 26
E 1993 2 5 16
E 1993 5 -4 -13
T 1994 32 0 4 0
E 1994 0 5 16
E 1994 3 -4 -13
E 1994 4 -7 -22
E 1994 5 -10 -32
T 1995 11 0 3 0
E 1995 0 12 38
E 1995 1 9 28
E 1995 2 6 18
T 1996 37 0 3 0
E 1996 3 -6 -20
E 1996 4 -9 -29
E 1996 5 -13 -39
T 1997 11 0 3 0
E 1997 0 13 41
E 1997 1 10 31
E 1997 2 7 22
T 1998 29 0 3 0
E 1998 0 5 17
E 1998 4 -7 -21
E 1998 5 -10 -31
T 1999 11 0 3 0
E 1999 0 12 36
E 1999 1 8 26
E 1999 2 5 17
T 2000 32 0 4 0
E 2000 0 5 16
E 2000 3 -4 -13
E 2000 4 -7 -23
E 2000 5 -10 -32
T 2001 16 0 4 0
E 2001 0 10 32
E 2001 1 7 23
E 2001 2 4 13
E 2001 5 -5 -16
T 2002 28 0 3 0
E 2002 0 6 19
E 2002 4 -6 -20
E 2002 5 -9 -29
T 2003 23 0 4 0
E 2003 0 8 25
E 2003 1 5 16
E 2003 4 -4 -13
E 2003 5 -7 -23
T 2004 20 0 3 0
E 2004 0 9 27
E 2004 1 5 17
E 2004 5 -7 -21
T 2005 29 0 3 0
E 2005 0 6 18
E 2005 4 -7 -21
E 2005 5 -10 -30
T 2006 15 0 4 0
E 2006 0 11 35
E 2006 1 8 26
E 2006 2 5 16
E 2006 5 -4 -13
T 2007 38 0 3 0
E 2007 3 -5 -17
E 2007 4 -9 -27
E 2007 5 -12 -36
T 2008 10 0 3 0
E 2008 0 13 39
E 2008 1 10 30
E 2008 2 6 20
T 2009 38 0 3 0
E 2009 3 -7 -21
E 2009 4 -10 -30
E 2009 5 -13 -40
T 2010 11 0 3 0
E 2010 0 12 38
E 2010 1 9 28
E 2010 2 6 18
T 2011 33 0 4 0
E 2011 0 4 13
E 2011 3 -5 -16
E 2011 4 -8 -25
E 2011 5 -11 -35
T 2012 16 0 4 0
E 2012 0 10 32
E 2012 1 7 22
E 2012 2 4 13
E 2012 5 -5 -16
T 2013 29 0 3 0
E 2013 0 6 20
E 2013 4 -6 -18
E 2013 5 -9 -28
T 2014 20 0 3 0
E 2014 0 9 27
E 2014 1 5 17
E 2014 5 -7 -21
T 2015 25 0 4 0
E 2015 0 7 23
E 2015 1 4 13
E 2015 4 -5 -16
E 2015 5 -8 -25
T 2016 16 0 4 0
E 2016 0 10 32
E 2016 1 7 23
E 2016 2 4 13
E 2016 5 -5 -16
T 2017 27 0 3 0
E 2017 0 5 17
E 2017 4 -6 -19
E 2017 5 -9 -28
T 2018 20 1 4 0
E 2018 0 6 20
E 2018 1 5 16
E 2018 4 -4 -13
E 2018 5 -7 -23
T 2019 23 0 3 0
E 2019 0 4 13
E 2019 4 -5 -17
E 2019 5 -9 -27
T 2020 12 0 3 0
E 2020 0 6 18
E 2020 1 6 19
E 2020 5 -6 -19
T 2021 10 0 3 0
E 2021 0 5 15
E 2021 1 6 19
E 2021 5 -6 -20
T 2022 17 0 3 0
E 2022 1 4 14
E 2022 4 -5 -15
E 2022 5 -8 -24
T 2023 1 0 3 0
E 2023 0 7 22
E 2023 1 9 28
E 2023 2 7 21
T 2024 14 0 2 0
E 2024 4 -6 -18
E 2024 5 -9 -28
T 2025 5 0 3 0
E 2025 1 5 17
E 2025 2 5 15
E 2025 5 -4 -13
T 2026 10 0 2 0
E 2026 4 -4 -13
E 2026 5 -7 -23
T 2027 8 0 4 0
E 2027 0 4 13
E 2027 1 6 19
E 2027 2 7 23
E 2027 3 4 13
T 2028 3 0 1 0
E 2028 5 -7 -21
T 2029 4 0 1 0
E 2029 5 -4 -14
T 2030 8 0 3 0
E 2030 1 5 15
E 2030 2 7 21
E 2030 3 5 17
T 2031 4 0 1 0
E 2031 5 -6 -19
T 2032 3 0 1 0
E 2032 5 -4 -13
T 2033 5 0 1 0
E 2033 5 -4 -13
T 2034 11 0 0 0
T 2035 11 0 0 0
T 2036 8 0 2 0
E 2036 0 -5 -17
E 2036 5 -4 -13
T 2037 7 0 0 0
T 2038 13 0 2 0
E 2038 3 5 15
E 2038 4 5 16
T 2039 9 0 1 0
E 2039 0 -4 -13
T 2040 14 0 1 0
E 2040 4 4 14
T 2041 15 0 1 0
E 2041 4 4 13
T 2042 10 0 1 0
E 2042 0 -5 -15
T 2043 17 0 2 0
E 2043 4 5 16
E 2043 5 4 14
T 2044 9 0 2 0
E 2044 0 -7 -21
E 2044 1 -5 -15
T 2045 20 0 2 0
E 2045 4 4 13
E 2045 5 5 17
T 2046 15 0 2 0
E 2046 0 -5 -16
E 2046 5 4 14
T 2047 12 0 1 0
E 2047 0 -6 -18
T 2048 15 0 2 0
E 2048 0 -4 -14
E 2048 5 5 16
T 2049 20 0 2 0
E 2049 4 4 14
E 2049 5 6 20
T 2050 9 0 2 0
E 2050 0 -7 -21
E 2050 1 -5 -15
T 2051 15 0 2 0
E 2051 0 -4 -14
E 2051 5 5 16
T 2052 14 0 2 0
E 2052 0 -4 -13
E 2052 5 5 17
T 2053 21 0 2 0
E 2053 4 4 13
E 2053 5 6 19
T 2054 9 0 2 0
E 2054 0 -6 -19
E 2054 1 -4 -13
T 2055 20 0 2 0
E 2055 4 5 16
E 2055 5 7 22
T 2056 10 0 2 0
E 2056 0 -8 -24
E 2056 1 -6 -18
T 2057 20 0 2 0
E 2057 4 4 14
E 2057 5 6 20
T 2058 6 0 3 0
E 2058 0 -9 -27
E 2058 1 -7 -21
E 2058 2 -5 -15
T 2059 19 0 2 0
E 2059 4 5 17
E 2059 5 7 23
T 2060 9 0 2 0
E 2060 0 -6 -19
E 2060 1 -4 -13
T 2061 18 0 1 0
E 2061 5 6 18
T 2062 7 0 3 0
E 2062 0 -8 -25
E 2062 1 -6 -19
E 2062 2 -4 -13
T 2063 21 0 2 0
E 2063 4 4 13
E 2063 5 6 19
T 2064 6 0 3 0
E 2064 0 -9 -27
E 2064 1 -7 -21
E 2064 2 -5 -15
T 2065 20 0 2 0
E 2065 4 4 14
E 2065 5 6 20
T 2066 8 0 3 0
E 2066 0 -8 -26
E 2066 1 -6 -19
E 2066 2 -4 -13
T 2067 21 0 2 0
E 2067 4 6 18
E 2067 5 8 24
T 2068 12 0 2 0
E 2068 0 -8 -26
E 2068 1 -6 -18
T 2069 20 0 3 0
E 2069 0 -4 -14
E 2069 4 4 13
E 2069 5 6 19
T 2070 11 0 2 0
E 2070 0 -7 -22
E 2070 1 -4 -13
T 2071 21 0 3 0
E 2071 0 -4 -13
E 2071 4 5 15
E 2071 5 7 21
T 2072 17 0 2 0
E 2072 0 -6 -18
E 2072 5 5 16
T 2073 17 0 2 0
E 2073 0 -6 -18
E 2073 5 5 17
T 2074 18 1 2 0
E 2074 0 -6 -18
E 2074 5 6 18
T 2075 19 0 2 0
E 2075 0 -6 -20
E 2075 5 5 16
T 2076 13 0 2 0
E 2076 0 -8 -26
E 2076 1 -5 -16
T 2077 30 0 3 0
E 2077 3 4 13
E 2077 4 6 19
E 2077 5 8 25
T 2078 11 0 3 0
E 2078 0 -11 -33
E 2078 1 -7 -23
E 2078 2 -4 -14
T 2079 28 0 4 0
E 2079 0 -4 -14
E 2079 3 4 13
E 2079 4 6 19
E 2079 5 8 25
T 2080 16 0 3 0
E 2080 0 -8 -25
E 2080 1 -5 -16
E 2080 5 4 14
T 2081 25 0 3 0
E 2081 0 -5 -16
E 2081 4 6 18
E 2081 5 8 24
T 2082 17 0 3 0
E 2082 0 -7 -22
E 2082 1 -4 -13
E 2082 5 6 18
T 2083 30 0 4 0
E 2083 0 -4 -13
E 2083 3 5 16
E 2083 4 7 22
E 2083 5 9 28
T 2084 11 0 3 0
E 2084 0 -11 -34
E 2084 1 -8 -24
E 2084 2 -4 -14
T 2085 31 0 4 0
E 2085 0 -4 -14
E 2085 3 5 15
E 2085 4 7 22
E 2085 5 9 28
T 2086 11 0 3 0
E 2086 0 -10 -32
E 2086 1 -7 -22
E 2086 2 -4 -13
T 2087 27 0 3 0
E 2087 0 -5 -16
E 2087 4 7 21
E 2087 5 9 27
T 2088 18 0 3 0
E 2088 0 -9 -28
E 2088 1 -6 -18
E 2088 5 5 16
T 2089 24 1 4 0
E 2089 0 -8 -24
E 2089 1 -4 -14
E 2089 4 5 15
E 2089 5 7 21
T 2090 22 0 4 0
E 2090 0 -8 -24
E 2090 1 -5 -15
E 2090 4 4 14
E 2090 5 7 21
T 2091 28 0 3 0
E 2091 0 -7 -22
E 2091 4 5 17
E 2091 5 8 24
T 2092 19 0 3 0
E 2092 0 -10 -31
E 2092 1 -7 -22
E 2092 5 5 15
T 2093 23 0 4 0
E 2093 0 -8 -25
E 2093 1 -5 -15
E 2093 4 4 13
E 2093 5 7 22
T 2094 24 0 4 0
E 2094 0 -8 -26
E 2094 1 -5 -16
E 2094 4 4 13
E 2094 5 7 22
T 2095 20 0 3 0
E 2095 0 -9 -29
E 2095 1 -6 -20
E 2095 5 6 19
T 2096 25 0 4 0
E 2096 0 -8 -24
E 2096 1 -4 -14
E 2096 4 5 15
E 2096 5 8 24
T 2097 19 0 3 0
E 2097 0 -9 -28
E 2097 1 -6 -19
E 2097 5 6 20
T 2098 20 0 3 0
E 2098 0 -9 -27
E 2098 1 -5 -17
E 2098 5 7 21
T 2099 29 0 3 0
E 2099 0 -6 -18
E 2099 4 7 21
E 2099 5 10 30
T 2100 15 0 4 0
E 2100 0 -11 -33
E 2100 1 -8 -24
E 2100 2 -4 -14
E 2100 5 5 15
T 2101 34 0 4 0
E 2101 0 -4 -14
E 2101 3 5 15
E 2101 4 8 25
E 2101 5 11 34
T 2102 10 0 3 0
E 2102 0 -12 -36
E 2102 1 -9 -27
E 2102 2 -5 -17
T 2103 32 0 4 0
E 2103 0 -5 -16
E 2103 3 4 13
E 2103 4 7 22
E 2103 5 10 32
T 2104 15 0 4 0
E 2104 0 -11 -35
E 2104 1 -8 -25
E 2104 2 -5 -15
E 2104 5 4 13
T 2105 32 0 4 0
E 2105 0 -5 -16
E 2105 3 4 13
E 2105 4 7 22
E 2105 5 10 32
T 2106 20 0 3 0
E 2106 0 -10 -30
E 2106 1 -6 -20
E 2106 5 6 18
T 2107 20 0 3 0
E 2107 0 -8 -26
E 2107 1 -5 -17
E 2107 5 7 22
T 2108 28 0 3 0
E 2108 0 -6 -18
E 2108 4 6 20
E 2108 5 10 30
T 2109 20 0 3 0
E 2109 0 -10 -32
E 2109 1 -7 -22
E 2109 5 5 16
T 2110 32 0 4 0
E 2110 0 -5 -15
E 2110 3 4 14
E 2110 4 7 23
E 2110 5 11 33
T 2111 16 0 4 0
E 2111 0 -11 -33
E 2111 1 -7 -23
E 2111 2 -4 -14
E 2111 5 5 15
T 2112 29 0 3 0
E 2112 0 -5 -17
E 2112 4 7 21
E 2112 5 10 31
T 2113 19 0 3 0
E 2113 0 -10 -31
E 2113 1 -7 -21
E 2113 5 5 17
T 2114 28 0 3 0
E 2114 0 -6 -19
E 2114 4 6 20
E 2114 5 9 29
T 2115 19 0 3 0
E 2115 0 -10 -31
E 2115 1 -7 -22
E 2115 5 5 17
T 2116 25 0 4 0
E 2116 0 -7 -23
E 2116 1 -4 -13
E 2116 4 5 16
E 2116 5 8 25
T 2117 16 0 4 0
E 2117 0 -10 -32
E 2117 1 -7 -23
E 2117 2 -4 -13
E 2117 5 5 16
T 2118 34 0 4 0
E 2118 0 -4 -14
E 2118 3 5 15
E 2118 4 8 24
E 2118 5 11 34
T 2119 11 0 3 0
E 2119 0 -13 -39
E 2119 1 -9 -29
E 2119 2 -6 -19
T 2120 34 0 4 0
E 2120 0 -4 -14
E 2120 3 5 15
E 2120 4 8 24
E 2120 5 11 34
T 2121 10 0 3 0
E 2121 0 -13 -40
E 2121 1 -10 -30
E 2121 2 -7 -21
T 2122 33 0 4 0
E 2122 0 -4 -14
E 2122 3 4 14
E 2122 4 8 24
E 2122 5 11 34
T 2123 16 0 4 0
E 2123 0 -10 -32
E 2123 1 -7 -22
E 2123 2 -4 -13
E 2123 5 5 16
T 2124 32 0 4 0
E 2124 0 -5 -16
E 2124 3 4 13
E 2124 4 7 23
E 2124 5 10 32
T 2125 19 0 3 0
E 2125 0 -9 -27
E 2125 1 -6 -18
E 2125 5 7 21
T 2126 24 0 4 0
E 2126 0 -8 -26
E 2126 1 -5 -16
E 2126 4 4 13
E 2126 5 7 22
T 2127 25 0 4 0
E 2127 0 -7 -23
E 2127 1 -4 -14
E 2127 4 5 15
E 2127 5 8 25
T 2128 25 0 4 0
E 2128 0 -7 -23
E 2128 1 -4 -13
E 2128 4 5 15
E 2128 5 8 25
T 2129 25 0 4 0
E 2129 0 -8 -24
E 2129 1 -4 -14
E 2129 4 5 15
E 2129 5 8 24
T 2130 29 0 3 0
E 2130 0 -6 -20
E 2130 4 6 18
E 2130 5 9 28
T 2131 11 0 3 0
E 2131 0 -12 -36
E 2131 1 -8 -26
E 2131 2 -5 -17
T 2132 32 0 4 0
E 2132 0 -5 -15
E 2132 3 4 13
E 2132 4 7 23
E 2132 5 11 33
T 2133 10 0 3 0
E 2133 0 -13 -40
E 2133 1 -10 -30
E 2133 2 -7 -21
T 2134 34 0 4 0
E 2134 0 -4 -14
E 2134 3 5 15
E 2134 4 8 25
E 2134 5 11 34
T 2135 20 0 3 0
E 2135 0 -9 -29
E 2135 1 -6 -20
E 2135 5 6 19
T 2136 24 0 4 0
E 2136 0 -8 -26
E 2136 1 -5 -16
E 2136 4 4 13
E 2136 5 7 22
T 2137 19 0 3 0
E 2137 0 -10 -30
E 2137 1 -7 -21
E 2137 5 6 18
T 2138 25 0 4 0
E 2138 0 -7 -23
E 2138 1 -4 -13
E 2138 4 5 15
E 2138 5 8 25
T 2139 25 0 4 0
E 2139 0 -7 -23
E 2139 1 -4 -13
E 2139 4 5 16
E 2139 5 8 25
T 2140 23 0 4 0
E 2140 0 -8 -25
E 2140 1 -5 -16
E 2140 4 4 13
E 2140 5 7 23
T 2141 28 0 3 0
E 2141 0 -7 -22
E 2141 4 5 17
E 2141 5 8 26
T 2142 19 0 3 0
E 2142 0 -10 -31
E 2142 1 -7 -22
E 2142 5 5 17
T 2143 28 0 3 0
E 2143 0 -6 -18
E 2143 4 6 20
E 2143 5 10 30
T 2144 20 0 3 0
E 2144 0 -10 -32
E 2144 1 -7 -22
E 2144 5 5 16
T 2145 23 0 4 0
E 2145 0 -8 -25
E 2145 1 -5 -16
E 2145 4 4 13
E 2145 5 7 23
T 2146 25 0 4 0
E 2146 0 -7 -23
E 2146 1 -4 -13
E 2146 4 5 16
E 2146 5 8 25
T 2147 28 0 3 0
E 2147 0 -7 -21
E 2147 4 5 17
E 2147 5 9 27
T 2148 20 0 3 0
E 2148 0 -8 -26
E 2148 1 -5 -16
E 2148 5 7 22
T 2149 32 0 4 0
E 2149 0 -5 -16
E 2149 3 4 13
E 2149 4 7 23
E 2149 5 10 32
T 2150 15 0 4 0
E 2150 0 -11 -33
E 2150 1 -8 -24
E 2150 2 -4 -14
E 2150 5 5 15
T 2151 32 0 4 0
E 2151 0 -5 -16
E 2151 3 4 13
E 2151 4 7 23
E 2151 5 10 32
T 2152 10 0 3 0
E 2152 0 -12 -36
E 2152 1 -9 -27
E 2152 2 -5 -17
T 2153 28 0 3 0
E 2153 0 -6 -18
E 2153 4 6 20
E 2153 5 10 30
T 2154 19 0 3 0
E 2154 0 -10 -31
E 2154 1 -7 -21
E 2154 5 5 17
T 2155 23 0 4 0
E 2155 0 -8 -25
E 2155 1 -5 -16
E 2155 4 4 13
E 2155 5 7 23
T 2156 20 0 3 0
E 2156 0 -9 -27
E 2156 1 -5 -17
E 2156 5 7 21
T 2157 29 0 3 0
E 2157 0 -6 -20
E 2157 4 6 18
E 2157 5 9 28
T 2158 16 0 4 0
E 2158 0 -11 -33
E 2158 1 -7 -23
E 2158 2 -4 -14
E 2158 5 5 15
T 2159 33 0 4 0
E 2159 0 -4 -13
E 2159 3 5 16
E 2159 4 8 26
E 2159 5 11 35
T 2160 26 0 2 0
E 2160 1 -9 -28
E 2160 2 -6 -18
T 2161 14 0 3 0
E 2161 0 8 24
E 2161 1 -5 -17
E 2161 5 7 21
T 2162 22 0 4 0
E 2162 0 6 19
E 2162 1 -8 -26
E 2162 2 -5 -16
E 2162 5 4 13
T 2163 22 0 4 0
E 2163 0 8 24
E 2163 1 -7 -23
E 2163 2 -4 -14
E 2163 5 5 15
T 2164 22 0 3 0
E 2164 0 9 29
E 2164 1 -7 -22
E 2164 5 5 16
T 2165 33 0 3 0
E 2165 0 7 23
E 2165 1 -10 -32
E 2165 2 -7 -22
T 2166 14 0 4 0
E 2166 0 11 34
E 2166 1 8 25
E 2166 2 -4 -14
E 2166 5 5 15
T 2167 40 0 3 0
E 2167 2 -13 -41
E 2167 3 -10 -32
E 2167 4 -7 -22
T 2168 12 0 3 0
E 2168 0 15 45
E 2168 1 12 36
E 2168 5 6 20
T 2169 41 0 4 0
E 2169 0 6 20
E 2169 2 -12 -37
E 2169 3 -9 -28
E 2169 4 -6 -18
T 2170 19 0 4 0
E 2170 0 16 48
E 2170 1 12 38
E 2170 2 -4 -13
E 2170 5 5 16
T 2171 50 0 5 0
E 2171 0 7 21
E 2171 2 -14 -43
E 2171 3 -11 -33
E 2171 4 -7 -23
E 2171 5 -4 -14
T 2172 5 0 4 0
E 2172 0 18 55
E 2172 1 15 45
E 2172 2 12 36
E 2172 5 5 17
T 2173 50 0 3 0
E 2173 3 -17 -51
E 2173 4 -14 -42
E 2173 5 -10 -32
T 2174 11 0 3 0
E 2174 0 18 54
E 2174 1 14 44
E 2174 2 11 35
T 2175 51 0 4 0
E 2175 0 5 17
E 2175 3 -16 -50
E 2175 4 -13 -41
E 2175 5 -10 -31
T 2176 22 0 5 0
E 2176 0 15 46
E 2176 1 12 37
E 2176 2 9 27
E 2176 3 -8 -24
E 2176 4 -4 -14
T 2177 57 0 4 0
E 2177 0 6 18
E 2177 3 -18 -56
E 2177 4 -15 -46
E 2177 5 -12 -36
T 2178 1 0 4 0
E 2178 0 21 63
E 2178 1 18 54
E 2178 2 14 44
E 2178 3 11 35
T 2179 59 0 4 0
E 2179 2 -6 -18
E 2179 3 -9 -28
E 2179 4 -23 -69
E 2179 5 -20 -60
T 2180 7 0 5 0
E 2180 0 19 57
E 2180 1 15 47
E 2180 2 12 37
E 2180 3 9 28
E 2180 4 -5 -17
T 2181 57 0 3 0
E 2181 3 -7 -22
E 2181 4 -23 -69
E 2181 5 -20 -60
T 2182 6 0 5 0
E 2182 0 20 62
E 2182 1 17 52
E 2182 2 14 43
E 2182 3 11 33
E 2182 4 -6 -18
T 2183 65 0 4 0
E 2183 2 -5 -17
E 2183 3 -8 -26
E 2183 4 -27 -81
E 2183 5 -23 -71
T 2184 12 0 5 0
E 2184 0 23 69
E 2184 1 19 59
E 2184 2 16 50
E 2184 3 13 40
E 2184 4 10 31
T 2185 71 0 6 0
E 2185 0 -4 -13
E 2185 1 -7 -23
E 2185 2 -11 -33
E 2185 3 -14 -42
E 2185 4 -17 -52
E 2185 5 -31 -93
T 2186 6 0 6 0
E 2186 0 22 67
E 2186 1 19 58
E 2186 2 16 48
E 2186 3 12 38
E 2186 4 9 29
E 2186 5 -5 -16
T 2187 56 0 4 0
E 2187 2 -6 -18
E 2187 3 -9 -28
E 2187 4 -12 -38
E 2187 5 -28 -85
T 2188 10 0 6 0
E 2188 0 17 53
E 2188 1 14 44
E 2188 2 11 34
E 2188 3 8 25
E 2188 4 5 15
E 2188 5 -12 -36
T 2189 43 0 3 0
E 2189 0 6 18
E 2189 4 -6 -20
E 2189 5 -25 -75
T 2190 7 0 4 0
E 2190 0 14 43
E 2190 1 11 33
E 2190 2 7 23
E 2190 3 4 14
T 2191 42 0 4 0
E 2191 2 -4 -14
E 2191 3 -8 -24
E 2191 4 -11 -33
E 2191 5 -14 -43
T 2192 6 0 4 0
E 2192 0 14 44
E 2192 1 11 34
E 2192 2 8 25
E 2192 3 5 15
T 2193 37 0 3 0
E 2193 3 -5 -16
E 2193 4 -8 -26
E 2193 5 -12 -36
T 2194 10 0 3 0
E 2194 0 13 40
E 2194 1 10 30
E 2194 2 7 21
T 2195 33 0 4 0
E 2195 0 5 15
E 2195 3 -4 -14
E 2195 4 -8 -24
E 2195 5 -11 -33
T 2196 11 0 3 0
E 2196 0 12 38
E 2196 1 9 29
E 2196 2 6 19
T 2197 28 0 3 0
E 2197 0 6 19
E 2197 4 -6 -20
E 2197 5 -9 -29
T 2198 20 0 3 0
E 2198 0 8 26
E 2198 1 5 17
E 2198 5 -7 -22
T 2199 29 0 3 0
E 2199 0 6 20
E 2199 4 -6 -18
E 2199 5 -9 -28
T 2200 15 0 4 0
E 2200 0 11 34
E 2200 1 8 24
E 2200 2 4 14
E 2200 5 -4 -14
T 2201 38 0 3 0
E 2201 3 -6 -18
E 2201 4 -9 -27
E 2201 5 -12 -37
T 2202 11 0 3 0
E 2202 0 13 41
E 2202 1 10 31
E 2202 2 7 22
T 2203 37 0 3 0
E 2203 3 -6 -20
E 2203 4 -10 -30
E 2203 5 -13 -40
T 2204 11 0 3 0
E 2204 0 13 41
E 2204 1 10 31
E 2204 2 7 22
T 2205 28 0 3 0
E 2205 0 6 19
E 2205 4 -6 -20
E 2205 5 -9 -29
T 2206 19 0 3 0
E 2206 0 10 31
E 2206 1 7 22
E 2206 5 -5 -17
T 2207 29 0 3 0
E 2207 0 7 21
E 2207 4 -6 -18
E 2207 5 -9 -27
T 2208 19 0 3 0
E 2208 0 9 27
E 2208 1 6 18
E 2208 5 -7 -21
T 2209 28 0 3 0
E 2209 0 7 22
E 2209 4 -5 -16
E 2209 5 -8 -26
T 2210 16 0 4 0
E 2210 0 11 33
E 2210 1 7 23
E 2210 2 4 13
E 2210 5 -5 -15
T 2211 33 0 4 0
E 2211 0 4 13
E 2211 3 -5 -16
E 2211 4 -8 -25
E 2211 5 -11 -35
T 2212 10 0 3 0
E 2212 0 13 40
E 2212 1 10 30
E 2212 2 7 21
T 2213 28 0 3 0
E 2213 0 5 16
E 2213 4 -7 -22
E 2213 5 -10 -32
T 2214 14 0 4 0
E 2214 0 11 34
E 2214 1 8 24
E 2214 2 5 15
E 2214 5 -4 -14
T 2215 37 0 3 0
E 2215 3 -6 -19
E 2215 4 -9 -29
E 2215 5 -12 -38
T 2216 10 0 3 0
E 2216 0 12 36
E 2216 1 9 27
E 2216 2 5 17
T 2217 33 0 4 0
E 2217 0 5 15
E 2217 3 -4 -14
E 2217 4 -8 -24
E 2217 5 -11 -33
T 2218 10 0 3 0
E 2218 0 12 37
E 2218 1 9 28
E 2218 2 6 18
T 2219 41 0 4 0
E 2219 2 -4 -13
E 2219 3 -7 -23
E 2219 4 -10 -32
E 2219 5 -14 -42
T 2220 11 0 3 0
E 2220 0 13 39
E 2220 1 9 29
E 2220 2 6 19
T 2221 32 0 4 0
E 2221 0 5 15
E 2221 3 -4 -14
E 2221 4 -7 -23
E 2221 5 -11 -33
T 2222 15 0 4 0
E 2222 0 11 35
E 2222 1 8 25
E 2222 2 5 16
E 2222 5 -4 -13
T 2223 37 0 3 0
E 2223 3 -5 -16
E 2223 4 -8 -26
E 2223 5 -12 -36
T 2224 11 0 3 0
E 2224 0 12 36
E 2224 1 8 26
E 2224 2 5 17
T 2225 38 0 3 0
E 2225 3 -7 -21
E 2225 4 -10 -31
E 2225 5 -13 -40
T 2226 15 0 4 0
E 2226 0 11 35
E 2226 1 8 26
E 2226 2 5 16
E 2226 5 -4 -13
T 2227 33 0 4 0
E 2227 0 4 13
E 2227 3 -5 -16
E 2227 4 -8 -26
E 2227 5 -11 -35
T 2228 20 0 3 0
E 2228 0 9 29
E 2228 1 6 20
E 2228 5 -6 -19
T 2229 29 0 3 0
E 2229 0 6 20
E 2229 4 -6 -18
E 2229 5 -9 -28
T 2230 23 0 4 0
E 2230 0 8 25
E 2230 1 5 15
E 2230 4 -4 -14
E 2230 5 -7 -23
T 2231 23 0 4 0
E 2231 0 8 25
E 2231 1 5 16
E 2231 4 -4 -13
E 2231 5 -7 -23
T 2232 20 0 3 0
E 2232 0 9 27
E 2232 1 5 17
E 2232 5 -7 -21
T 2233 28 0 3 0
E 2233 0 6 18
E 2233 4 -6 -20
E 2233 5 -10 -30
T 2234 24 1 4 0
E 2234 0 8 24
E 2234 1 4 14
E 2234 4 -4 -14
E 2234 5 -8 -24
T 2235 28 0 3 0
E 2235 0 7 22
E 2235 4 -5 -17
E 2235 5 -8 -26
T 2236 19 0 3 0
E 2236 0 10 31
E 2236 1 7 22
E 2236 5 -5 -17
T 2237 29 0 3 0
E 2237 0 5 17
E 2237 4 -7 -22
E 2237 5 -10 -31
T 2238 10 0 3 0
E 2238 0 12 36
E 2238 1 9 27
E 2238 2 5 17
T 2239 34 0 4 0
E 2239 0 4 14
E 2239 3 -5 -15
E 2239 4 -8 -24
E 2239 5 -11 -34
T 2240 20 0 3 0
E 2240 0 10 30
E 2240 1 6 20
E 2240 5 -6 -18
T 2241 28 0 3 0
E 2241 0 7 21
E 2241 4 -5 -17
E 2241 5 -9 -27
T 2242 19 0 3 0
E 2242 0 9 28
E 2242 1 6 18
E 2242 5 -6 -20
T 2243 28 0 3 0
E 2243 0 6 18
E 2243 4 -6 -20
E 2243 5 -10 -30
T 2244 20 0 3 0
E 2244 0 8 26
E 2244 1 5 16
E 2244 5 -7 -22
T 2245 25 0 4 0
E 2245 0 8 24
E 2245 1 4 14
E 2245 4 -5 -15
E 2245 5 -8 -24
T 2246 19 0 3 0
E 2246 0 10 31
E 2246 1 7 22
E 2246 5 -5 -17
T 2247 29 0 3 0
E 2247 0 6 18
E 2247 4 -7 -21
E 2247 5 -10 -30
T 2248 16 0 4 0
E 2248 0 10 32
E 2248 1 7 23
E 2248 2 4 13
E 2248 5 -5 -16
T 2249 29 0 3 0
E 2249 0 6 20
E 2249 4 -6 -18
E 2249 5 -9 -28
T 2250 19 0 3 0
E 2250 0 9 28
E 2250 1 6 18
E 2250 5 -6 -20
T 2251 29 0 3 0
E 2251 0 5 17
E 2251 4 -7 -21
E 2251 5 -10 -31
T 2252 24 0 4 0
E 2252 0 8 26
E 2252 1 5 16
E 2252 4 -4 -13
E 2252 5 -7 -22
T 2253 28 0 3 0
E 2253 0 7 21
E 2253 4 -5 -17
E 2253 5 -9 -27
T 2254 20 0 3 0
E 2254 0 8 26
E 2254 1 5 16
E 2254 5 -7 -22
T 2255 19 0 3 0
E 2255 0 9 28
E 2255 1 6 18
E 2255 5 -6 -20
T 2256 28 0 3 0
E 2256 0 6 18
E 2256 4 -6 -20
E 2256 5 -10 -30
T 2257 18 0 3 0
E 2257 0 8 26
E 2257 1 6 19
E 2257 5 -6 -19
T 2258 25 0 3 0
E 2258 0 5 15
E 2258 4 -6 -18
E 2258 5 -9 -28
T 2259 15 0 3 0
E 2259 0 6 19
E 2259 1 5 17
E 2259 5 -7 -21
T 2260 13 0 3 0
E 2260 0 5 16
E 2260 1 5 17
E 2260 5 -7 -21
T 2261 18 0 3 0
E 2261 1 5 16
E 2261 4 -4 -13
E 2261 5 -7 -23
T 2262 1 0 3 0
E 2262 0 6 20
E 2262 1 8 26
E 2262 2 5 17
T 2263 19 0 3 0
E 2263 3 -4 -13
E 2263 4 -7 -23
E 2263 5 -11 -33
T 2264 7 0 3 0
E 2264 1 6 18
E 2264 2 4 14
E 2264 5 -5 -15
T 2265 11 0 1 0
E 2265 5 -6 -19
T 2266 0 0 2 0
E 2266 1 6 18
E 2266 2 6 19
T 2267 4 0 2 0
E 2267 2 5 15
E 2267 5 -4 -14
T 2268 3 0 2 0
E 2268 2 4 14
E 2268 5 -5 -15
T 2269 4 0 1 0
E 2269 5 -5 -15
T 2270 0 0 0 0
T 2271 2 0 0 0
T 2272 3 0 1 0
E 2272 5 -4 -13
T 2273 8 0 2 0
E 2273 2 4 13
E 2273 3 5 17
T 2274 9 0 0 0
T 2275 9 0 1 0
E 2275 3 4 13
T 2276 8 0 0 0
T 2277 8 0 1 0
E 2277 3 4 14
T 2278 9 0 0 0
T 2279 13 0 1 0
E 2279 4 4 13
T 2280 9 0 1 0
E 2280 0 -4 -13
T 2281 15 0 2 0
E 2281 3 4 13
E 2281 4 6 19
T 2282 12 0 1 0
E 2282 0 -6 -18
T 2283 12 0 1 0
E 2283 0 -5 -17
T 2284 12 0 1 0
E 2284 0 -6 -18
T 2285 14 0 2 0
E 2285 0 -4 -13
E 2285 5 5 15
T 2286 9 0 2 0
E 2286 0 -7 -21
E 2286 1 -5 -15
T 2287 19 0 2 0
E 2287 4 5 17
E 2287 5 7 23
T 2288 15 0 2 0
E 2288 0 -5 -16
E 2288 5 4 14
T 2289 10 0 2 0
E 2289 0 -6 -20
E 2289 1 -4 -14
T 2290 21 0 2 0
E 2290 4 5 15
E 2290 5 7 21
T 2291 7 0 3 0
E 2291 0 -9 -28
E 2291 1 -7 -22
E 2291 2 -5 -16
T 2292 20 0 2 0
E 2292 4 6 18
E 2292 5 8 24
T 2293 11 0 2 0
E 2293 0 -7 -23
E 2293 1 -5 -17
T 2294 15 0 2 0
E 2294 0 -4 -14
E 2294 5 5 16
T 2295 21 0 2 0
E 2295 4 4 13
E 2295 5 6 19
T 2296 7 0 3 0
E 2296 0 -9 -28
E 2296 1 -7 -22
E 2296 2 -5 -16
T 2297 14 0 2 0
E 2297 0 -4 -13
E 2297 5 5 17
T 2298 12 0 1 0
E 2298 0 -6 -18
T 2299 19 0 2 0
E 2299 4 5 17
E 2299 5 7 23
T 2300 11 0 2 0
E 2300 0 -7 -23
E 2300 1 -5 -17
T 2301 20 0 2 0
E 2301 4 5 16
E 2301 5 7 22
T 2302 10 0 2 0
E 2302 0 -8 -24
E 2302 1 -6 -18
T 2303 15 0 2 0
E 2303 0 -4 -14
E 2303 5 5 16
T 2304 15 1 2 0
E 2304 0 -5 -15
E 2304 5 5 15
T 2305 16 0 2 0
E 2305 0 -5 -17
E 2305 5 4 13
T 2306 10 0 2 0
E 2306 0 -7 -21
E 2306 1 -4 -14
T 2307 21 0 2 0
E 2307 4 5 16
E 2307 5 7 22
T 2308 16 0 2 0
E 2308 0 -6 -18
E 2308 5 4 14
T 2309 12 0 2 0
E 2309 0 -7 -23
E 2309 1 -4 -14
T 2310 24 0 2 0
E 2310 4 5 15
E 2310 5 7 21
T 2311 13 0 2 0
E 2311 0 -9 -28
E 2311 1 -6 -18
T 2312 20 0 3 0
E 2312 0 -5 -15
E 2312 4 4 13
E 2312 5 6 19
T 2313 13 0 2 0
E 2313 0 -9 -28
E 2313 1 -6 -18
T 2314 19 0 2 0
E 2314 0 -7 -21
E 2314 5 5 15
T 2315 22 0 3 0
E 2315 0 -4 -14
E 2315 4 5 16
E 2315 5 7 22
T 2316 14 0 2 0
E 2316 0 -9 -29
E 2316 1 -6 -19
T 2317 30 0 3 0
E 2317 3 5 16
E 2317 4 7 22
E 2317 5 9 28
T 2318 11 0 3 0
E 2318 0 -12 -36
E 2318 1 -8 -26
E 2318 2 -5 -17
T 2319 24 0 3 0
E 2319 0 -6 -18
E 2319 4 5 15
E 2319 5 7 21
T 2320 16 0 3 0
E 2320 0 -7 -22
E 2320 1 -4 -13
E 2320 5 5 17
T 2321 25 0 3 0
E 2321 0 -6 -19
E 2321 4 5 15
E 2321 5 7 21
T 2322 24 0 3 0
E 2322 0 -6 -20
E 2322 4 4 14
E 2322 5 6 20
T 2323 17 0 3 0
E 2323 0 -9 -27
E 2323 1 -5 -17
E 2323 5 4 14
T 2324 30 0 4 0
E 2324 0 -5 -15
E 2324 3 4 14
E 2324 4 7 21
E 2324 5 9 27
T 2325 17 0 3 0
E 2325 0 -9 -27
E 2325 1 -6 -18
E 2325 5 5 15
T 2326 22 0 4 0
E 2326 0 -7 -23
E 2326 1 -4 -13
E 2326 4 4 14
E 2326 5 6 20
T 2327 23 0 4 0
E 2327 0 -7 -22
E 2327 1 -4 -13
E 2327 4 5 15
E 2327 5 7 21
T 2328 26 0 3 0
E 2328 0 -7 -21
E 2328 4 5 17
E 2328 5 7 23
T 2329 19 0 3 0
E 2329 0 -10 -30
E 2329 1 -6 -20
E 2329 5 5 15
T 2330 23 0 4 0
E 2330 0 -7 -22
E 2330 1 -4 -13
E 2330 4 5 16
E 2330 5 7 23
T 2331 28 0 3 0
E 2331 0 -6 -20
E 2331 4 6 19
E 2331 5 8 26
T 2332 22 0 4 0
E 2332 0 -8 -24
E 2332 1 -5 -15
E 2332 4 4 14
E 2332 5 7 22
T 2333 23 0 4 0
E 2333 0 -8 -24
E 2333 1 -4 -14
E 2333 4 4 14
E 2333 5 7 23
T 2334 29 0 3 0
E 2334 0 -6 -20
E 2334 4 6 19
E 2334 5 9 28
T 2335 20 0 3 0
E 2335 0 -8 -26
E 2335 1 -5 -17
E 2335 5 7 22
T 2336 28 0 3 0
E 2336 0 -7 -22
E 2336 4 5 17
E 2336 5 8 26
T 2337 19 0 3 0
E 2337 0 -10 -30
E 2337 1 -7 -21
E 2337 5 6 18
T 2338 29 0 3 0
E 2338 0 -5 -17
E 2338 4 7 21
E 2338 5 10 31
T 2339 15 0 4 0
E 2339 0 -11 -35
E 2339 1 -8 -25
E 2339 2 -5 -15
E 2339 5 4 13
T 2340 28 0 3 0
E 2340 0 -6 -19
E 2340 4 6 19
E 2340 5 9 29
T 2341 11 0 3 0
E 2341 0 -12 -36
E 2341 1 -8 -26
E 2341 2 -5 -17
T 2342 28 0 3 0
E 2342 0 -5 -16
E 2342 4 7 22
E 2342 5 10 32
T 2343 15 0 4 0
E 2343 0 -11 -35
E 2343 1 -8 -25
E 2343 2 -5 -16
E 2343 5 4 13
T 2344 29 0 3 0
E 2344 0 -5 -17
E 2344 4 7 22
E 2344 5 10 31
T 2345 16 0 4 0
E 2345 0 -10 -32
E 2345 1 -7 -23
E 2345 2 -4 -13
E 2345 5 5 16
T 2346 28 0 3 0
E 2346 0 -7 -22
E 2346 4 5 17
E 2346 5 8 26
T 2347 16 0 4 0
E 2347 0 -10 -32
E 2347 1 -7 -23
E 2347 2 -4 -13
E 2347 5 5 16
T 2348 28 0 3 0
E 2348 0 -7 -21
E 2348 4 5 17
E 2348 5 9 27
T 2349 16 0 4 0
E 2349 0 -11 -33
E 2349 1 -7 -23
E 2349 2 -4 -13
E 2349 5 5 15
T 2350 34 0 4 0
E 2350 0 -4 -14
E 2350 3 5 15
E 2350 4 8 24
E 2350 5 11 34
T 2351 19 0 3 0
E 2351 0 -10 -31
E 2351 1 -7 -21
E 2351 5 5 17
T 2352 20 0 3 0
E 2352 0 -8 -26
E 2352 1 -5 -17
E 2352 5 7 22
T 2353 19 0 3 0
E 2353 0 -9 -28
E 2353 1 -6 -18
E 2353 5 6 20
T 2354 24 0 4 0
E 2354 0 -8 -26
E 2354 1 -5 -16
E 2354 4 4 13
E 2354 5 7 22
T 2355 23 0 4 0
E 2355 0 -8 -24
E 2355 1 -5 -15
E 2355 4 4 14
E 2355 5 8 24
T 2356 25 0 4 0
E 2356 0 -7 -23
E 2356 1 -4 -13
E 2356 4 5 16
E 2356 5 8 25
T 2357 19 0 3 0
E 2357 0 -10 -30
E 2357 1 -7 -21
E 2357 5 6 18
T 2358 25 0 4 0
E 2358 0 -7 -23
E 2358 1 -4 -13
E 2358 4 5 15
E 2358 5 8 25
T 2359 20 0 3 0
E 2359 0 -10 -30
E 2359 1 -6 -20
E 2359 5 6 18
T 2360 28 0 3 0
E 2360 0 -6 -19
E 2360 4 6 19
E 2360 5 9 29
T 2361 23 0 4 0
E 2361 0 -8 -25
E 2361 1 -5 -15
E 2361 4 4 14
E 2361 5 7 23
T 2362 29 0 3 0
E 2362 0 -6 -20
E 2362 4 6 18
E 2362 5 9 28
T 2363 23 0 4 0
E 2363 0 -8 -25
E 2363 1 -5 -15
E 2363 4 4 13
E 2363 5 7 23
T 2364 29 0 3 0
E 2364 0 -6 -20
E 2364 4 6 19
E 2364 5 9 28
T 2365 14 0 4 0
E 2365 0 -11 -34
E 2365 1 -8 -25
E 2365 2 -5 -15
E 2365 5 4 14
T 2366 33 0 4 0
E 2366 0 -4 -13
E 2366 3 5 16
E 2366 4 8 26
E 2366 5 11 35
T 2367 10 0 3 0
E 2367 0 -13 -39
E 2367 1 -10 -30
E 2367 2 -6 -20
T 2368 41 0 4 0
E 2368 2 4 13
E 2368 3 7 23
E 2368 4 10 32
E 2368 5 14 42
T 2369 6 0 4 0
E 2369 0 -14 -44
E 2369 1 -11 -34
E 2369 2 -8 -24
E 2369 3 -5 -15
T 2370 37 0 3 0
E 2370 3 5 17
E 2370 4 8 26
E 2370 5 12 36
T 2371 6 0 4 0
E 2371 0 -14 -44
E 2371 1 -11 -34
E 2371 2 -8 -25
E 2371 3 -5 -15
T 2372 42 0 4 0
E 2372 2 5 17
E 2372 3 8 26
E 2372 4 12 36
E 2372 5 15 46
T 2373 5 0 4 0
E 2373 0 -15 -46
E 2373 1 -12 -36
E 2373 2 -9 -27
E 2373 3 -5 -17
T 2374 38 0 3 0
E 2374 3 6 20
E 2374 4 10 30
E 2374 5 13 39
T 2375 14 0 4 0
E 2375 0 -11 -34
E 2375 1 -8 -25
E 2375 2 -5 -15
E 2375 5 4 14
T 2376 28 0 3 0
E 2376 0 -6 -19
E 2376 4 6 20
E 2376 5 9 29
T 2377 19 0 3 0
E 2377 0 -10 -30
E 2377 1 -7 -21
E 2377 5 6 18
T 2378 29 0 3 0
E 2378 0 -5 -17
E 2378 4 7 21
E 2378 5 10 31
T 2379 20 0 3 0
E 2379 0 -10 -30
E 2379 1 -6 -20
E 2379 5 6 18
T 2380 29 0 3 0
E 2380 0 -5 -17
E 2380 4 7 21
E 2380 5 10 31
T 2381 23 0 4 0
E 2381 0 -8 -25
E 2381 1 -5 -15
E 2381 4 4 14
E 2381 5 7 23
T 2382 29 0 3 0
E 2382 0 -6 -20
E 2382 4 6 18
E 2382 5 9 28
T 2383 20 0 3 0
E 2383 0 -10 -30
E 2383 1 -6 -20
E 2383 5 6 18
T 2384 32 0 4 0
E 2384 0 -5 -16
E 2384 3 4 13
E 2384 4 7 23
E 2384 5 10 32
T 2385 16 0 4 0
E 2385 0 -10 -32
E 2385 1 -7 -23
E 2385 2 -4 -13
E 2385 5 5 16
T 2386 33 0 4 0
E 2386 0 -5 -15
E 2386 3 4 14
E 2386 4 8 24
E 2386 5 11 33
T 2387 15 0 4 0
E 2387 0 -11 -33
E 2387 1 -8 -24
E 2387 2 -4 -14
E 2387 5 5 15
T 2388 28 0 3 0
E 2388 0 -7 -21
E 2388 4 5 17
E 2388 5 9 27
T 2389 25 0 4 0
E 2389 0 -8 -24
E 2389 1 -4 -14
E 2389 4 5 15
E 2389 5 8 24
T 2390 19 0 3 0
E 2390 0 -10 -30
E 2390 1 -7 -21
E 2390 5 6 18
T 2391 20 0 3 0
E 2391 0 -9 -27
E 2391 1 -5 -17
E 2391 5 7 21
T 2392 23 0 4 0
E 2392 0 -8 -25
E 2392 1 -5 -16
E 2392 4 4 13
E 2392 5 7 23
T 2393 20 0 3 0
E 2393 0 -8 -26
E 2393 1 -5 -16
E 2393 5 7 22
T 2394 24 0 4 0
E 2394 0 -8 -26
E 2394 1 -5 -16
E 2394 4 4 13
E 2394 5 7 22
T 2395 23 0 4 0
E 2395 0 -8 -25
E 2395 1 -5 -16
E 2395 4 4 13
E 2395 5 7 23
T 2396 28 0 3 0
E 2396 0 -6 -19
E 2396 4 6 20
E 2396 5 9 29
T 2397 16 0 4 0
E 2397 0 -10 -32
E 2397 1 -7 -23
E 2397 2 -4 -13
E 2397 5 5 16
T 2398 37 0 3 0
E 2398 3 5 17
E 2398 4 8 26
E 2398 5 12 36
T 2399 15 0 4 0
E 2399 0 -11 -34
E 2399 1 -8 -24
E 2399 2 -4 -14
E 2399 5 4 14
T 2400 4 0 3 0
E 2400 0 9 27
E 2400 4 5 17
E 2400 5 9 27
T 2401 31 0 3 0
E 2401 1 -13 -39
E 2401 2 -10 -30
E 2401 3 -6 -20
T 2402 13 0 4 0
E 2402 0 10 32
E 2402 1 -4 -13
E 2402 4 5 16
E 2402 5 8 26
T 2403 37 0 3 0
E 2403 1 -12 -36
E 2403 2 -9 -27
E 2403 3 -5 -17
T 2404 21 0 3 0
E 2404 0 11 34
E 2404 1 -5 -17
E 2404 5 7 21
T 2405 38 0 4 0
E 2405 0 6 18
E 2405 1 -12 -37
E 2405 2 -9 -27
E 2405 3 -5 -17
T 2406 6 0 4 0
E 2406 0 14 44
E 2406 1 11 35
E 2406 4 5 16
E 2406 5 8 25
T 2407 40 0 3 0
E 2407 2 -13 -41
E 2407 3 -10 -32
E 2407 4 -7 -22
T 2408 12 0 3 0
E 2408 0 15 46
E 2408 1 12 37
E 2408 5 7 21
T 2409 54 0 4 0
E 2409 2 -16 -49
E 2409 3 -13 -40
E 2409 4 -10 -30
E 2409 5 -7 -21
T 2410 9 0 4 0
E 2410 0 20 62
E 2410 1 17 52
E 2410 4 6 20
E 2410 5 10 30
T 2411 63 0 4 0
E 2411 2 -20 -60
E 2411 3 -16 -50
E 2411 4 -13 -40
E 2411 5 -10 -31
T 2412 1 0 5 0
E 2412 0 20 61
E 2412 1 17 51
E 2412 2 14 42
E 2412 4 4 13
E 2412 5 7 23
T 2413 55 0 4 0
E 2413 2 -5 -16
E 2413 3 -19 -57
E 2413 4 -16 -48
E 2413 5 -12 -38
T 2414 11 0 3 0
E 2414 0 18 56
E 2414 1 15 46
E 2414 2 12 37
T 2415 52 0 4 0
E 2415 0 4 14
E 2415 3 -17 -53
E 2415 4 -14 -44
E 2415 5 -11 -34
T 2416 15 0 4 0
E 2416 0 18 56
E 2416 1 15 47
E 2416 2 12 37
E 2416 3 -4 -14
T 2417 56 0 4 0
E 2417 0 7 21
E 2417 3 -17 -53
E 2417 4 -14 -43
E 2417 5 -11 -33
T 2418 1 0 4 0
E 2418 0 18 55
E 2418 1 15 46
E 2418 2 12 36
E 2418 3 9 27
T 2419 59 0 4 0
E 2419 2 -6 -18
E 2419 3 -9 -28
E 2419 4 -23 -69
E 2419 5 -20 -60
T 2420 0 0 4 0
E 2420 0 21 63
E 2420 1 17 53
E 2420 2 14 43
E 2420 3 11 34
T 2421 62 0 4 0
E 2421 2 -6 -19
E 2421 3 -9 -29
E 2421 4 -25 -76
E 2421 5 -22 -67
T 2422 7 0 5 0
E 2422 0 20 60
E 2422 1 16 50
E 2422 2 13 41
E 2422 3 10 31
E 2422 4 -6 -20
T 2423 65 0 4 0
E 2423 2 -5 -16
E 2423 3 -8 -25
E 2423 4 -26 -80
E 2423 5 -23 -70
T 2424 13 0 5 0
E 2424 0 23 70
E 2424 1 20 60
E 2424 2 17 51
E 2424 3 13 41
E 2424 4 10 32
T 2425 65 0 5 0
E 2425 1 -7 -22
E 2425 2 -10 -32
E 2425 3 -13 -41
E 2425 4 -17 -51
E 2425 5 -30 -92
T 2426 7 0 6 0
E 2426 0 22 68
E 2426 1 19 59
E 2426 2 16 49
E 2426 3 13 39
E 2426 4 10 30
E 2426 5 -5 -15
T 2427 64 0 5 0
E 2427 1 -5 -17
E 2427 2 -8 -26
E 2427 3 -12 -36
E 2427 4 -15 -46
E 2427 5 -31 -93
T 2428 4 0 6 0
E 2428 0 19 59
E 2428 1 16 50
E 2428 2 13 40
E 2428 3 10 31
E 2428 4 7 21
E 2428 5 -10 -30
T 2429 57 0 4 0
E 2429 2 -4 -14
E 2429 3 -8 -24
E 2429 4 -11 -33
E 2429 5 -29 -88
T 2430 4 0 5 0
E 2430 0 19 58
E 2430 1 16 48
E 2430 2 12 38
E 2430 3 9 29
E 2430 4 6 19
T 2431 44 0 4 0
E 2431 2 -7 -22
E 2431 3 -10 -32
E 2431 4 -13 -41
E 2431 5 -17 -51
T 2432 11 0 3 0
E 2432 0 13 41
E 2432 1 10 31
E 2432 2 7 22
T 2433 41 0 4 0
E 2433 2 -4 -13
E 2433 3 -7 -22
E 2433 4 -10 -32
E 2433 5 -14 -42
T 2434 4 0 4 0
E 2434 0 16 49
E 2434 1 13 39
E 2434 2 10 30
E 2434 3 6 20
T 2435 44 0 4 0
E 2435 2 -6 -18
E 2435 3 -9 -27
E 2435 4 -12 -37
E 2435 5 -15 -46
T 2436 4 0 4 0
E 2436 0 16 48
E 2436 1 13 39
E 2436 2 9 29
E 2436 3 6 19
T 2437 37 0 3 0
E 2437 3 -7 -22
E 2437 4 -10 -32
E 2437 5 -13 -41
T 2438 14 0 4 0
E 2438 0 11 34
E 2438 1 8 25
E 2438 2 5 15
E 2438 5 -4 -14
T 2439 37 0 3 0
E 2439 3 -5 -17
E 2439 4 -8 -26
E 2439 5 -12 -36
T 2440 11 0 3 0
E 2440 0 12 36
E 2440 1 8 26
E 2440 2 5 16
T 2441 41 0 4 0
E 2441 2 -4 -13
E 2441 3 -7 -23
E 2441 4 -10 -32
E 2441 5 -14 -42
T 2442 5 0 4 0
E 2442 0 16 48
E 2442 1 12 38
E 2442 2 9 29
E 2442 3 6 19
T 2443 42 0 4 0
E 2443 2 -5 -17
E 2443 3 -8 -26
E 2443 4 -12 -36
E 2443 5 -15 -46
T 2444 7 0 4 0
E 2444 0 14 42
E 2444 1 10 32
E 2444 2 7 23
E 2444 3 4 13
T 2445 33 0 4 0
E 2445 0 4 13
E 2445 3 -5 -16
E 2445 4 -8 -26
E 2445 5 -11 -35
T 2446 15 0 4 0
E 2446 0 11 33
E 2446 1 8 24
E 2446 2 4 14
E 2446 5 -5 -15
T 2447 29 0 3 0
E 2447 0 6 20
E 2447 4 -6 -19
E 2447 5 -9 -28
T 2448 19 0 3 0
E 2448 0 10 31
E 2448 1 7 22
E 2448 5 -5 -17
T 2449 20 0 3 0
E 2449 0 9 27
E 2449 1 5 17
E 2449 5 -7 -21
T 2450 29 0 3 0
E 2450 0 6 20
E 2450 4 -6 -19
E 2450 5 -9 -28
T 2451 20 0 3 0
E 2451 0 9 29
E 2451 1 6 20
E 2451 5 -6 -19
T 2452 28 0 3 0
E 2452 0 7 22
E 2452 4 -5 -17
E 2452 5 -8 -26
T 2453 19 0 3 0
E 2453 0 9 28
E 2453 1 6 19
E 2453 5 -6 -20
T 2454 28 0 3 0
E 2454 0 7 21
E 2454 4 -5 -17
E 2454 5 -9 -27
T 2455 24 0 4 0
E 2455 0 8 26
E 2455 1 5 16
E 2455 4 -4 -13
E 2455 5 -7 -22
T 2456 19 0 3 0
E 2456 0 9 28
E 2456 1 6 19
E 2456 5 -6 -20
T 2457 29 0 3 0
E 2457 0 6 18
E 2457 4 -7 -21
E 2457 5 -10 -30
T 2458 10 0 3 0
E 2458 0 12 36
E 2458 1 9 27
E 2458 2 5 17
T 2459 37 0 3 0
E 2459 3 -6 -20
E 2459 4 -9 -29
E 2459 5 -13 -39
T 2460 7 0 4 0
E 2460 0 14 43
E 2460 1 11 33
E 2460 2 7 23
E 2460 3 4 14
T 2461 37 0 3 0
E 2461 3 -6 -20
E 2461 4 -9 -29
E 2461 5 -13 -39
T 2462 10 0 3 0
E 2462 0 12 37
E 2462 1 9 27
E 2462 2 6 18
T 2463 41 0 4 0
E 2463 2 -4 -13
E 2463 3 -7 -22
E 2463 4 -10 -32
E 2463 5 -14 -42
T 2464 7 0 4 0
E 2464 0 14 42
E 2464 1 10 32
E 2464 2 7 23
E 2464 3 4 13
T 2465 38 0 3 0
E 2465 3 -7 -21
E 2465 4 -10 -31
E 2465 5 -13 -40
T 2466 15 0 4 0
E 2466 0 11 33
E 2466 1 8 24
E 2466 2 4 14
E 2466 5 -5 -15
T 2467 29 0 3 0
E 2467 0 5 17
E 2467 4 -7 -22
E 2467 5 -10 -31
T 2468 15 0 4 0
E 2468 0 11 35
E 2468 1 8 26
E 2468 2 5 16
E 2468 5 -4 -13
T 2469 29 0 3 0
E 2469 0 5 17
E 2469 4 -7 -21
E 2469 5 -10 -31
T 2470 20 0 3 0
E 2470 0 9 27
E 2470 1 5 17
E 2470 5 -7 -21
T 2471 28 0 3 0
E 2471 0 6 18
E 2471 4 -6 -20
E 2471 5 -10 -30
T 2472 16 0 4 0
E 2472 0 11 33
E 2472 1 7 23
E 2472 2 4 14
E 2472 5 -5 -15
T 2473 32 0 4 0
E 2473 0 5 15
E 2473 3 -4 -13
E 2473 4 -7 -23
E 2473 5 -11 -33
T 2474 15 0 4 0
E 2474 0 11 35
E 2474 1 8 25
E 2474 2 5 16
E 2474 5 -4 -13
T 2475 29 0 3 0
E 2475 0 5 17
E 2475 4 -7 -22
E 2475 5 -10 -31
T 2476 15 0 4 0
E 2476 0 11 35
E 2476 1 8 26
E 2476 2 5 16
E 2476 5 -4 -13
T 2477 34 0 4 0
E 2477 0 4 14
E 2477 3 -5 -15
E 2477 4 -8 -25
E 2477 5 -11 -34
T 2478 14 0 4 0
E 2478 0 11 34
E 2478 1 8 25
E 2478 2 5 15
E 2478 5 -4 -14
T 2479 37 0 3 0
E 2479 3 -5 -17
E 2479 4 -8 -26
E 2479 5 -12 -36
T 2480 7 0 4 0
E 2480 0 14 42
E 2480 1 10 32
E 2480 2 7 22
E 2480 3 4 13
T 2481 42 0 4 0
E 2481 2 -5 -15
E 2481 3 -8 -25
E 2481 4 -11 -34
E 2481 5 -14 -44
T 2482 7 0 4 0
E 2482 0 14 42
E 2482 1 10 32
E 2482 2 7 23
E 2482 3 4 13
T 2483 37 0 3 0
E 2483 3 -6 -20
E 2483 4 -10 -30
E 2483 5 -13 -40
T 2484 14 0 4 0
E 2484 0 11 34
E 2484 1 8 24
E 2484 2 5 15
E 2484 5 -4 -14
T 2485 29 0 3 0
E 2485 0 6 20
E 2485 4 -6 -19
E 2485 5 -9 -28
T 2486 14 0 4 0
E 2486 0 11 34
E 2486 1 8 25
E 2486 2 5 15
E 2486 5 -4 -14
T 2487 33 0 4 0
E 2487 0 5 15
E 2487 3 -4 -14
E 2487 4 -8 -24
E 2487 5 -11 -33
T 2488 20 0 3 0
E 2488 0 9 29
E 2488 1 6 20
E 2488 5 -6 -19
T 2489 20 0 3 0
E 2489 0 8 26
E 2489 1 5 16
E 2489 5 -7 -22
T 2490 29 0 3 0
E 2490 0 6 18
E 2490 4 -7 -21
E 2490 5 -10 -30
T 2491 15 0 4 0
E 2491 0 11 35
E 2491 1 8 26
E 2491 2 5 16
E 2491 5 -4 -13
T 2492 33 0 4 0
E 2492 0 5 15
E 2492 3 -4 -14
E 2492 4 -8 -24
E 2492 5 -11 -33
T 2493 10 0 3 0
E 2493 0 13 40
E 2493 1 10 31
E 2493 2 7 21
T 2494 37 0 3 0
E 2494 3 -5 -17
E 2494 4 -8 -26
E 2494 5 -12 -36
T 2495 16 0 4 0
E 2495 0 11 33
E 2495 1 7 23
E 2495 2 4 13
E 2495 5 -5 -15
T 2496 33 0 4 0
E 2496 0 4 13
E 2496 3 -5 -16
E 2496 4 -8 -25
E 2496 5 -11 -35
T 2497 17 0 3 0
E 2497 0 9 28
E 2497 1 7 21
E 2497 5 -5 -17
T 2498 28 0 2 0
E 2498 4 -7 -22
E 2498 5 -10 -32
T 2499 5 0 3 0
E 2499 0 10 32
E 2499 1 10 30
E 2499 2 7 21
T 2500 27 0 3 0
E 2500 3 -4 -14
E 2500 4 -8 -24
E 2500 5 -11 -33
T 2501 2 0 3 0
E 2501 0 9 28
E 2501 1 10 32
E 2501 2 7 22
T 2502 18 0 2 0
E 2502 4 -7 -22
E 2502 5 -10 -31
T 2503 12 1 2 0
E 2503 1 6 18
E 2503 5 -6 -18
T 2504 2 0 3 0
E 2504 0 5 16
E 2504 1 7 22
E 2504 2 6 18
T 2505 10 0 2 0
E 2505 4 -6 -20
E 2505 5 -9 -29
T 2506 0 0 2 0
E 2506 1 5 17
E 2506 2 6 18
T 2507 7 0 2 0
E 2507 4 -4 -14
E 2507 5 -7 -23
T 2508 3 0 2 0
E 2508 2 4 14
E 2508 5 -5 -15
T 2509 2 0 1 0
E 2509 5 -6 -18
T 2510 1 0 0 0
T 2511 1 0 0 0
T 2512 1 0 0 0
T 2513 7 0 1 0
E 2513 3 4 13
T 2514 11 0 0 0
T 2515 7 0 2 0
E 2515 0 -6 -18
E 2515 5 -5 -16
T 2516 8 0 1 0
E 2516 3 4 14
T 2517 12 0 0 0
T 2518 9 0 1 0
E 2518 0 -4 -13
T 2519 14 0 2 0
E 2519 3 4 14
E 2519 4 6 18
T 2520 9 0 2 0
E 2520 0 -6 -19
E 2520 1 -4 -13
T 2521 10 0 1 0
E 2521 0 -5 -15
T 2522 10 0 1 0
E 2522 0 -5 -15
T 2523 17 0 2 0
E 2523 4 5 16
E 2523 5 4 14
T 2524 11 0 1 0
E 2524 0 -5 -16
T 2525 11 0 1 0
E 2525 0 -5 -16
T 2526 20 0 2 0
E 2526 4 4 14
E 2526 5 6 20
T 2527 15 0 2 0
E 2527 0 -5 -16
E 2527 5 4 14
T 2528 21 0 2 0
E 2528 4 4 13
E 2528 5 6 19
T 2529 7 0 3 0
E 2529 0 -8 -25
E 2529 1 -6 -19
E 2529 2 -4 -13
T 2530 21 0 2 0
E 2530 4 5 15
E 2530 5 7 21
T 2531 9 0 2 0
E 2531 0 -6 -19
E 2531 1 -4 -13
T 2532 14 0 2 0
E 2532 0 -4 -13
E 2532 5 5 17
T 2533 15 1 2 0
E 2533 0 -5 -15
E 2533 5 5 15
T 2534 9 0 2 0
E 2534 0 -7 -21
E 2534 1 -5 -15
T 2535 22 0 3 0
E 2535 3 4 14
E 2535 4 6 20
E 2535 5 8 26
T 2536 7 0 3 0
E 2536 0 -8 -25
E 2536 1 -6 -19
E 2536 2 -4 -13
T 2537 20 0 2 0
E 2537 4 5 16
E 2537 5 7 22
T 2538 6 0 3 0
E 2538 0 -9 -27
E 2538 1 -7 -21
E 2538 2 -5 -15
T 2539 20 0 2 0
E 2539 4 5 16
E 2539 5 7 22
T 2540 15 0 2 0
E 2540 0 -5 -16
E 2540 5 4 14
T 2541 21 0 2 0
E 2541 4 4 13
E 2541 5 6 19
T 2542 10 0 2 0
E 2542 0 -8 -24
E 2542 1 -6 -18
T 2543 21 0 2 0
E 2543 4 4 13
E 2543 5 6 19
T 2544 12 0 1 0
E 2544 0 -6 -18
T 2545 14 0 2 0
E 2545 0 -4 -13
E 2545 5 5 17
T 2546 16 0 2 0
E 2546 0 -6 -18
E 2546 5 4 13
T 2547 15 0 2 0
E 2547 0 -4 -14
E 2547 5 5 17
T 2548 14 0 1 0
E 2548 0 -6 -20
T 2549 11 0 2 0
E 2549 0 -7 -22
E 2549 1 -4 -13
T 2550 20 0 3 0
E 2550 0 -4 -14
E 2550 4 4 13
E 2550 5 6 19
T 2551 18 0 2 0
E 2551 0 -7 -21
E 2551 5 4 13
T 2552 17 0 2 0
E 2552 0 -5 -16
E 2552 5 6 18
T 2553 12 0 2 0
E 2553 0 -8 -25
E 2553 1 -5 -15
T 2554 22 0 3 0
E 2554 0 -5 -17
E 2554 4 4 13
E 2554 5 6 19
T 2555 18 1 2 0
E 2555 0 -6 -18
E 2555 5 6 18
T 2556 19 0 2 0
E 2556 0 -6 -20
E 2556 5 5 17
T 2557 15 0 3 0
E 2557 0 -8 -24
E 2557 1 -5 -15
E 2557 5 4 13
T 2558 24 0 3 0
E 2558 0 -5 -17
E 2558 4 5 15
E 2558 5 7 21
T 2559 16 0 3 0
E 2559 0 -8 -25
E 2559 1 -5 -15
E 2559 5 4 14
T 2560 24 0 3 0
E 2560 0 -6 -20
E 2560 4 4 13
E 2560 5 6 19
T 2561 14 0 2 0
E 2561 0 -10 -31
E 2561 1 -7 -21
T 2562 32 0 3 0
E 2562 3 5 17
E 2562 4 7 23
E 2562 5 9 29
T 2563 10 0 3 0
E 2563 0 -11 -34
E 2563 1 -8 -24
E 2563 2 -5 -15
T 2564 30 0 4 0
E 2564 0 -4 -13
E 2564 3 5 16
E 2564 4 7 23
E 2564 5 9 29
T 2565 14 0 2 0
E 2565 0 -10 -31
E 2565 1 -7 -22
T 2566 32 0 4 0
E 2566 0 -4 -13
E 2566 3 5 16
E 2566 4 8 24
E 2566 5 10 30
T 2567 18 0 3 0
E 2567 0 -9 -29
E 2567 1 -6 -20
E 2567 5 4 14
T 2568 19 0 3 0
E 2568 0 -8 -26
E 2568 1 -5 -16
E 2568 5 6 18
T 2569 28 0 3 0
E 2569 0 -6 -20
E 2569 4 6 19
E 2569 5 8 25
T 2570 18 0 3 0
E 2570 0 -10 -30
E 2570 1 -7 -21
E 2570 5 5 15
T 2571 32 0 4 0
E 2571 0 -5 -15
E 2571 3 4 14
E 2571 4 8 24
E 2571 5 10 31
T 2572 11 0 3 0
E 2572 0 -11 -35
E 2572 1 -8 -26
E 2572 2 -5 -16
T 2573 34 0 4 0
E 2573 0 -4 -14
E 2573 3 5 15
E 2573 4 8 24
E 2573 5 11 33
T 2574 11 0 3 0
E 2574 0 -13 -39
E 2574 1 -9 -29
E 2574 2 -6 -19
T 2575 32 0 4 0
E 2575 0 -5 -16
E 2575 3 4 13
E 2575 4 7 22
E 2575 5 10 32
T 2576 16 0 4 0
E 2576 0 -10 -32
E 2576 1 -7 -22
E 2576 2 -4 -13
E 2576 5 5 16
T 2577 37 0 3 0
E 2577 3 5 16
E 2577 4 8 26
E 2577 5 12 36
T 2578 14 0 4 0
E 2578 0 -11 -34
E 2578 1 -8 -24
E 2578 2 -5 -15
E 2578 5 4 14
T 2579 29 0 3 0
E 2579 0 -7 -21
E 2579 4 6 18
E 2579 5 9 27
T 2580 15 0 4 0
E 2580 0 -11 -35
E 2580 1 -8 -26
E 2580 2 -5 -16
E 2580 5 4 13
T 2581 33 0 4 0
E 2581 0 -5 -15
E 2581 3 4 14
E 2581 4 8 24
E 2581 5 11 33
T 2582 19 0 3 0
E 2582 0 -10 -30
E 2582 1 -7 -21
E 2582 5 6 18
T 2583 20 0 3 0
E 2583 0 -9 -27
E 2583 1 -5 -17
E 2583 5 7 21
T 2584 29 0 3 0
E 2584 0 -6 -20
E 2584 4 6 19
E 2584 5 9 28
T 2585 23 0 4 0
E 2585 0 -8 -25
E 2585 1 -5 -16
E 2585 4 4 13
E 2585 5 7 23
T 2586 23 0 4 0
E 2586 0 -8 -25
E 2586 1 -5 -15
E 2586 4 4 14
E 2586 5 7 23
T 2587 24 0 4 0
E 2587 0 -7 -22
E 2587 1 -4 -13
E 2587 4 5 16
E 2587 5 8 26
T 2588 16 0 4 0
E 2588 0 -10 -32
E 2588 1 -7 -22
E 2588 2 -4 -13
E 2588 5 5 16
T 2589 25 0 4 0
E 2589 0 -7 -23
E 2589 1 -4 -13
E 2589 4 5 16
E 2589 5 8 25
T 2590 23 0 4 0
E 2590 0 -8 -25
E 2590 1 -5 -16
E 2590 4 4 13
E 2590 5 7 23
T 2591 20 0 3 0
E 2591 0 -9 -27
E 2591 1 -5 -17
E 2591 5 7 21
T 2592 28 0 3 0
E 2592 0 -7 -21
E 2592 4 5 17
E 2592 5 9 27
T 2593 20 0 3 0
E 2593 0 -8 -26
E 2593 1 -5 -16
E 2593 5 7 22
T 2594 25 0 4 0
E 2594 0 -7 -23
E 2594 1 -4 -13
E 2594 4 5 16
E 2594 5 8 25
T 2595 19 0 3 0
E 2595 0 -9 -28
E 2595 1 -6 -19
E 2595 5 6 20
T 2596 24 0 4 0
E 2596 0 -8 -26
E 2596 1 -5 -16
E 2596 4 4 13
E 2596 5 7 22
T 2597 28 0 3 0
E 2597 0 -7 -21
E 2597 4 5 17
E 2597 5 9 27
T 2598 19 0 3 0
E 2598 0 -10 -31
E 2598 1 -7 -21
E 2598 5 5 17
T 2599 28 0 3 0
E 2599 0 -6 -19
E 2599 4 6 20
E 2599 5 9 29
T 2600 20 0 3 0
E 2600 0 -8 -26
E 2600 1 -5 -17
E 2600 5 7 22
T 2601 29 0 3 0
E 2601 0 -5 -17
E 2601 4 7 22
E 2601 5 10 31
T 2602 15 0 4 0
E 2602 0 -11 -35
E 2602 1 -8 -26
E 2602 2 -5 -16
E 2602 5 4 13
T 2603 29 0 3 0
E 2603 0 -5 -17
E 2603 4 7 21
E 2603 5 10 31
T 2604 16 0 4 0
E 2604 0 -11 -33
E 2604 1 -7 -23
E 2604 2 -4 -13
E 2604 5 5 15
T 2605 32 0 4 0
E 2605 0 -5 -15
E 2605 3 4 14
E 2605 4 7 23
E 2605 5 11 33
T 2606 11 0 3 0
E 2606 0 -12 -36
E 2606 1 -8 -26
E 2606 2 -5 -17
T 2607 28 0 3 0
E 2607 0 -6 -18
E 2607 4 6 20
E 2607 5 10 30
T 2608 20 0 3 0
E 2608 0 -8 -26
E 2608 1 -5 -16
E 2608 5 7 22
T 2609 32 0 4 0
E 2609 0 -5 -16
E 2609 3 4 13
E 2609 4 7 23
E 2609 5 10 32
T 2610 15 0 4 0
E 2610 0 -11 -35
E 2610 1 -8 -26
E 2610 2 -5 -16
E 2610 5 4 13
T 2611 29 0 3 0
E 2611 0 -5 -17
E 2611 4 7 22
E 2611 5 10 31
T 2612 19 0 3 0
E 2612 0 -9 -27
E 2612 1 -6 -18
E 2612 5 7 21
T 2613 32 0 4 0
E 2613 0 -5 -16
E 2613 3 4 13
E 2613 4 7 22
E 2613 5 10 32
T 2614 20 0 3 0
E 2614 0 -9 -29
E 2614 1 -6 -19
E 2614 5 6 19
T 2615 28 0 3 0
E 2615 0 -6 -18
E 2615 4 6 20
E 2615 5 10 30
T 2616 20 0 3 0
E 2616 0 -9 -27
E 2616 1 -5 -17
E 2616 5 7 21
T 2617 19 0 3 0
E 2617 0 -9 -27
E 2617 1 -6 -18
E 2617 5 7 21
T 2618 20 0 3 0
E 2618 0 -8 -26
E 2618 1 -5 -16
E 2618 5 7 22
T 2619 25 0 4 0
E 2619 0 -7 -23
E 2619 1 -4 -13
E 2619 4 5 16
E 2619 5 8 25
T 2620 23 0 4 0
E 2620 0 -8 -24
E 2620 1 -5 -15
E 2620 4 4 14
E 2620 5 8 24
T 2621 19 0 3 0
E 2621 0 -9 -28
E 2621 1 -6 -18
E 2621 5 6 20
T 2622 25 0 4 0
E 2622 0 -7 -23
E 2622 1 -4 -14
E 2622 4 5 15
E 2622 5 8 25
T 2623 16 0 4 0
E 2623 0 -11 -33
E 2623 1 -7 -23
E 2623 2 -4 -14
E 2623 5 5 15
T 2624 29 0 3 0
E 2624 0 -6 -20
E 2624 4 6 19
E 2624 5 9 28
T 2625 23 0 4 0
E 2625 0 -8 -25
E 2625 1 -5 -16
E 2625 4 4 13
E 2625 5 7 23
T 2626 20 0 3 0
E 2626 0 -9 -27
E 2626 1 -5 -17
E 2626 5 7 21
T 2627 19 0 3 0
E 2627 0 -9 -27
E 2627 1 -6 -18
E 2627 5 7 21
T 2628 28 0 3 0
E 2628 0 -7 -22
E 2628 4 5 16
E 2628 5 8 26
T 2629 15 0 4 0
E 2629 0 -11 -35
E 2629 1 -8 -25
E 2629 2 -5 -15
E 2629 5 4 13
T 2630 28 0 3 0
E 2630 0 -7 -21
E 2630 4 5 17
E 2630 5 9 27
T 2631 25 0 4 0
E 2631 0 -8 -24
E 2631 1 -4 -14
E 2631 4 5 15
E 2631 5 8 24
T 2632 19 0 3 0
E 2632 0 -9 -28
E 2632 1 -6 -19
E 2632 5 6 20
T 2633 20 0 3 0
E 2633 0 -9 -27
E 2633 1 -5 -17
E 2633 5 7 21
T 2634 28 0 3 0
E 2634 0 -6 -19
E 2634 4 6 20
E 2634 5 9 29
T 2635 19 0 3 0
E 2635 0 -9 -27
E 2635 1 -6 -18
E 2635 5 7 21
T 2636 29 0 3 0
E 2636 0 -6 -20
E 2636 4 6 19
E 2636 5 9 28
T 2637 14 0 4 0
E 2637 0 -11 -34
E 2637 1 -8 -25
E 2637 2 -5 -15
E 2637 5 4 14
T 2638 32 0 4 0
E 2638 0 -5 -16
E 2638 3 4 13
E 2638 4 7 22
E 2638 5 10 32
T 2639 19 0 3 0
E 2639 0 -10 -31
E 2639 1 -7 -21
E 2639 5 5 17
T 2640 1 0 4 0
E 2640 0 11 34
E 2640 3 5 15
E 2640 4 8 24
E 2640 5 11 34
T 2641 36 0 4 0
E 2641 1 -15 -45
E 2641 2 -12 -36
E 2641 3 -8 -26
E 2641 4 -5 -16
T 2642 3 0 4 0
E 2642 0 14 42
E 2642 3 5 16
E 2642 4 8 26
E 2642 5 12 36
T 2643 41 0 4 0
E 2643 1 -14 -42
E 2643 2 -11 -33
E 2643 3 -7 -23
E 2643 4 -4 -14
T 2644 16 0 4 0
E 2644 0 12 37
E 2644 1 -4 -14
E 2644 4 5 15
E 2644 5 8 24
T 2645 37 0 4 0
E 2645 0 7 22
E 2645 1 -11 -33
E 2645 2 -7 -23
E 2645 3 -4 -13
T 2646 15 0 4 0
E 2646 0 11 33
E 2646 1 8 24
E 2646 2 -5 -15
E 2646 5 4 14
T 2647 41 0 3 0
E 2647 2 -13 -40
E 2647 3 -10 -31
E 2647 4 -7 -21
T 2648 12 0 3 0
E 2648 0 15 45
E 2648 1 12 36
E 2648 5 6 20
T 2649 41 0 4 0
E 2649 0 6 18
E 2649 2 -13 -39
E 2649 3 -10 -30
E 2649 4 -6 -20
T 2650 24 0 3 0
E 2650 0 14 42
E 2650 1 10 32
E 2650 2 -6 -19
T 2651 46 0 6 0
E 2651 0 7 22
E 2651 1 4 13
E 2651 2 -14 -42
E 2651 3 -10 -32
E 2651 4 -7 -22
E 2651 5 -4 -13
T 2652 11 0 3 0
E 2652 0 16 48
E 2652 1 12 38
E 2652 2 9 29
T 2653 44 0 4 0
E 2653 0 5 16
E 2653 3 -14 -44
E 2653 4 -11 -35
E 2653 5 -8 -25
T 2654 15 0 4 0
E 2654 0 17 51
E 2654 1 13 41
E 2654 2 10 32
E 2654 3 -4 -13
T 2655 53 0 4 0
E 2655 0 4 13
E 2655 3 -18 -54
E 2655 4 -15 -45
E 2655 5 -11 -35
T 2656 15 0 4 0
E 2656 0 18 55
E 2656 1 15 46
E 2656 2 12 36
E 2656 3 -5 -15
T 2657 63 0 3 0
E 2657 3 -20 -62
E 2657 4 -17 -52
E 2657 5 -14 -42
T 2658 2 0 4 0
E 2658 0 22 68
E 2658 1 19 59
E 2658 2 16 49
E 2658 3 13 40
T 2659 60 0 4 0
E 2659 2 -7 -21
E 2659 3 -10 -31
E 2659 4 -24 -72
E 2659 5 -21 -63
T 2660 0 0 4 0
E 2660 0 20 62
E 2660 1 17 52
E 2660 2 14 42
E 2660 3 11 33
T 2661 61 0 4 0
E 2661 2 -5 -17
E 2661 3 -9 -27
E 2661 4 -24 -74
E 2661 5 -21 -65
T 2662 2 0 4 0
E 2662 0 23 69
E 2662 1 19 59
E 2662 2 16 50
E 2662 3 13 40
T 2663 67 0 4 0
E 2663 2 -7 -22
E 2663 3 -10 -31
E 2663 4 -28 -86
E 2663 5 -25 -76
T 2664 14 0 5 0
E 2664 0 23 71
E 2664 1 20 61
E 2664 2 17 52
E 2664 3 14 42
E 2664 4 11 33
T 2665 71 0 6 0
E 2665 0 -4 -13
E 2665 1 -7 -23
E 2665 2 -11 -33
E 2665 3 -14 -42
E 2665 4 -17 -52
E 2665 5 -31 -93
T 2666 17 0 5 0
E 2666 0 25 76
E 2666 1 22 67
E 2666 2 19 57
E 2666 3 15 47
E 2666 4 12 38
T 2667 72 0 6 0
E 2667 0 -4 -13
E 2667 1 -7 -23
E 2667 2 -10 -32
E 2667 3 -14 -42
E 2667 4 -17 -52
E 2667 5 -33 -99
T 2668 13 0 6 0
E 2668 0 25 75
E 2668 1 22 66
E 2668 2 18 56
E 2668 3 15 47
E 2668 4 12 37
E 2668 5 -4 -14
T 2669 67 0 5 0
E 2669 1 -6 -18
E 2669 2 -9 -27
E 2669 3 -12 -37
E 2669 4 -15 -46
E 2669 5 -33 -101
T 2670 14 0 6 0
E 2670 0 21 65
E 2670 1 18 55
E 2670 2 15 45
E 2670 3 12 36
E 2670 4 8 26
E 2670 5 5 17
T 2671 59 0 6 0
E 2671 0 -4 -14
E 2671 1 -7 -23
E 2671 2 -11 -33
E 2671 3 -14 -43
E 2671 4 -17 -52
E 2671 5 -20 -62
T 2672 13 0 6 0
E 2672 0 21 63
E 2672 1 17 53
E 2672 2 14 44
E 2672 3 11 34
E 2672 4 8 24
E 2672 5 5 15
T 2673 61 0 6 0
E 2673 0 -5 -16
E 2673 1 -8 -25
E 2673 2 -11 -35
E 2673 3 -14 -44
E 2673 4 -18 -54
E 2673 5 -21 -64
T 2674 5 0 5 0
E 2674 0 19 58
E 2674 1 16 48
E 2674 2 13 39
E 2674 3 9 29
E 2674 4 6 20
T 2675 44 0 4 0
E 2675 2 -6 -18
E 2675 3 -9 -27
E 2675 4 -12 -37
E 2675 5 -15 -46
T 2676 4 0 4 0
E 2676 0 16 50
E 2676 1 13 41
E 2676 2 10 31
E 2676 3 7 21
T 2677 44 0 4 0
E 2677 2 -6 -19
E 2677 3 -9 -29
E 2677 4 -13 -39
E 2677 5 -16 -48
T 2678 6 0 4 0
E 2678 0 14 44
E 2678 1 11 35
E 2678 2 8 25
E 2678 3 5 16
T 2679 42 0 4 0
E 2679 2 -5 -16
E 2679 3 -8 -26
E 2679 4 -11 -35
E 2679 5 -15 -45
T 2680 5 0 4 0
E 2680 0 16 49
E 2680 1 13 39
E 2680 2 9 29
E 2680 3 6 20
T 2681 43 0 4 0
E 2681 2 -6 -18
E 2681 3 -9 -28
E 2681 4 -12 -37
E 2681 5 -15 -47
T 2682 11 0 3 0
E 2682 0 13 39
E 2682 1 9 29
E 2682 2 6 20
T 2683 37 0 3 0
E 2683 3 -6 -18
E 2683 4 -9 -28
E 2683 5 -12 -38
T 2684 11 0 3 0
E 2684 0 13 41
E 2684 1 10 31
E 2684 2 7 22
T 2685 32 0 4 0
E 2685 0 5 16
E 2685 3 -4 -13
E 2685 4 -7 -23
E 2685 5 -10 -32
T 2686 19 0 3 0
E 2686 0 9 27
E 2686 1 6 18
E 2686 5 -7 -21
T 2687 29 0 3 0
E 2687 0 6 18
E 2687 4 -7 -21
E 2687 5 -10 -30
T 2688 16 0 4 0
E 2688 0 10 32
E 2688 1 7 23
E 2688 2 4 13
E 2688 5 -5 -16
T 2689 25 0 4 0
E 2689 0 7 23
E 2689 1 4 13
E 2689 4 -5 -15
E 2689 5 -8 -25
T 2690 16 0 4 0
E 2690 0 11 33
E 2690 1 7 23
E 2690 2 4 13
E 2690 5 -5 -15
T 2691 37 0 3 0
E 2691 3 -5 -17
E 2691 4 -8 -26
E 2691 5 -12 -36
T 2692 6 0 4 0
E 2692 0 14 44
E 2692 1 11 34
E 2692 2 8 25
E 2692 3 5 15
T 2693 37 0 3 0
E 2693 3 -6 -20
E 2693 4 -10 -30
E 2693 5 -13 -40
T 2694 6 0 4 0
E 2694 0 15 45
E 2694 1 11 35
E 2694 2 8 26
E 2694 3 5 16
T 2695 33 0 4 0
E 2695 0 4 13
E 2695 3 -5 -16
E 2695 4 -8 -26
E 2695 5 -11 -35
T 2696 10 0 3 0
E 2696 0 12 37
E 2696 1 9 28
E 2696 2 6 18
T 2697 32 0 4 0
E 2697 0 5 16
E 2697 3 -4 -13
E 2697 4 -7 -23
E 2697 5 -10 -32
T 2698 11 0 3 0
E 2698 0 12 38
E 2698 1 9 29
E 2698 2 6 19
T 2699 32 0 4 0
E 2699 0 5 15
E 2699 3 -4 -14
E 2699 4 -7 -23
E 2699 5 -11 -33
T 2700 16 0 4 0
E 2700 0 11 33
E 2700 1 7 23
E 2700 2 4 13
E 2700 5 -5 -15
T 2701 37 0 3 0
E 2701 3 -5 -17
E 2701 4 -8 -26
E 2701 5 -12 -36
T 2702 10 0 3 0
E 2702 0 13 40
E 2702 1 10 30
E 2702 2 7 21
T 2703 37 0 3 0
E 2703 3 -6 -20
E 2703 4 -10 -30
E 2703 5 -13 -40
T 2704 6 0 4 0
E 2704 0 14 44
E 2704 1 11 34
E 2704 2 8 25
E 2704 3 5 15
T 2705 43 0 4 0
E 2705 2 -5 -17
E 2705 3 -8 -26
E 2705 4 -12 -36
E 2705 5 -15 -45
T 2706 5 0 4 0
E 2706 0 15 45
E 2706 1 12 36
E 2706 2 8 26
E 2706 3 5 16
T 2707 38 0 3 0
E 2707 3 -7 -21
E 2707 4 -10 -31
E 2707 5 -13 -40
T 2708 6 0 4 0
E 2708 0 14 44
E 2708 1 11 35
E 2708 2 8 25
E 2708 3 5 16
T 2709 43 0 4 0
E 2709 2 -5 -17
E 2709 3 -9 -27
E 2709 4 -12 -36
E 2709 5 -15 -46
T 2710 5 0 4 0
E 2710 0 16 48
E 2710 1 12 38
E 2710 2 9 28
E 2710 3 6 19
T 2711 37 0 3 0
E 2711 3 -5 -17
E 2711 4 -8 -26
E 2711 5 -12 -36
T 2712 14 0 4 0
E 2712 0 11 34
E 2712 1 8 24
E 2712 2 5 15
E 2712 5 -4 -14
T 2713 32 0 4 0
E 2713 0 5 15
E 2713 3 -4 -13
E 2713 4 -7 -23
E 2713 5 -11 -33
T 2714 11 0 3 0
E 2714 0 13 39
E 2714 1 9 29
E 2714 2 6 20
T 2715 38 0 3 0
E 2715 3 -6 -20
E 2715 4 -10 -30
E 2715 5 -13 -39
T 2716 6 0 4 0
E 2716 0 14 42
E 2716 1 11 33
E 2716 2 7 23
E 2716 3 4 13
T 2717 37 0 3 0
E 2717 3 -7 -22
E 2717 4 -10 -32
E 2717 5 -13 -41
T 2718 15 0 4 0
E 2718 0 11 35
E 2718 1 8 26
E 2718 2 5 16
E 2718 5 -4 -13
T 2719 28 0 3 0
E 2719 0 6 18
E 2719 4 -6 -20
E 2719 5 -10 -30
T 2720 20 0 3 0
E 2720 0 10 32
E 2720 1 7 22
E 2720 5 -5 -16
T 2721 28 0 3 0
E 2721 0 7 21
E 2721 4 -5 -17
E 2721 5 -9 -27
T 2722 20 0 3 0
E 2722 0 9 27
E 2722 1 5 17
E 2722 5 -7 -21
T 2723 28 0 3 0
E 2723 0 6 18
E 2723 4 -6 -20
E 2723 5 -10 -30
T 2724 15 0 4 0
E 2724 0 11 35
E 2724 1 8 25
E 2724 2 5 16
E 2724 5 -4 -13
T 2725 29 0 3 0
E 2725 0 5 17
E 2725 4 -7 -22
E 2725 5 -10 -31
T 2726 19 0 3 0
E 2726 0 10 30
E 2726 1 7 21
E 2726 5 -6 -18
T 2727 20 0 3 0
E 2727 0 9 27
E 2727 1 5 17
E 2727 5 -7 -21
T 2728 28 0 3 0
E 2728 0 7 21
E 2728 4 -5 -17
E 2728 5 -9 -27
T 2729 11 0 3 0
E 2729 0 12 36
E 2729 1 8 26
E 2729 2 5 17
T 2730 32 0 4 0
E 2730 0 5 16
E 2730 3 -4 -13
E 2730 4 -7 -23
E 2730 5 -10 -32
T 2731 14 0 4 0
E 2731 0 11 34
E 2731 1 8 25
E 2731 2 5 15
E 2731 5 -4 -14
T 2732 28 0 3 0
E 2732 0 7 22
E 2732 4 -5 -17
E 2732 5 -8 -26
T 2733 25 0 4 0
E 2733 0 7 23
E 2733 1 4 14
E 2733 4 -5 -15
E 2733 5 -8 -25
T 2734 28 0 3 0
E 2734 0 7 21
E 2734 4 -5 -17
E 2734 5 -9 -27
T 2735 24 0 4 0
E 2735 0 8 26
E 2735 1 5 16
E 2735 4 -4 -13
E 2735 5 -7 -22
T 2736 28 0 3 0
E 2736 0 7 21
E 2736 4 -5 -17
E 2736 5 -9 -27
T 2737 18 0 3 0
E 2737 0 8 26
E 2737 1 6 19
E 2737 5 -6 -19
T 2738 16 0 3 0
E 2738 0 7 23
E 2738 1 6 19
E 2738 5 -6 -20
T 2739 18 0 4 0
E 2739 0 5 17
E 2739 1 5 15
E 2739 4 -4 -13
E 2739 5 -7 -23
T 2740 24 0 2 0
E 2740 4 -5 -17
E 2740 5 -8 -26
T 2741 10 0 3 0
E 2741 0 6 18
E 2741 1 7 22
E 2741 5 -5 -17
T 2742 20 0 2 0
E 2742 4 -6 -18
E 2742 5 -9 -27
T 2743 8 0 3 0
E 2743 0 4 13
E 2743 1 6 19
E 2743 5 -5 -17
T 2744 12 0 1 0
E 2744 5 -7 -22
T 2745 2 0 3 0
E 2745 0 5 16
E 2745 1 7 22
E 2745 2 6 20
T 2746 8 0 1 0
E 2746 5 -7 -21
T 2747 1 0 2 0
E 2747 1 5 16
E 2747 2 6 20
T 2748 3 0 2 0
E 2748 2 5 16
E 2748 5 -4 -13
T 2749 0 0 1 0
E 2749 2 5 17
T 2750 1 0 1 0
E 2750 5 -5 -17
T 2751 1 0 1 0
E 2751 5 -5 -15
T 2752 4 0 0 0
T 2753 5 0 1 0
E 2753 3 5 16
T 2754 7 0 1 0
E 2754 3 5 16
T 2755 11 0 0 0
T 2756 7 0 0 0
T 2757 9 0 1 0
E 2757 3 4 13
T 2758 8 0 0 0
T 2759 12 0 0 0
T 2760 10 0 1 0
E 2760 0 -5 -15
T 2761 10 0 1 0
E 2761 0 -5 -15
T 2762 10 0 1 0
E 2762 0 -4 -14
T 2763 10 0 1 0
E 2763 0 -5 -15
T 2764 21 0 3 0
E 2764 3 4 13
E 2764 4 6 19
E 2764 5 6 20
T 2765 12 0 1 0
E 2765 0 -5 -17
T 2766 21 0 2 0
E 2766 4 5 15
E 2766 5 7 21
T 2767 15 0 2 0
E 2767 0 -5 -16
E 2767 5 4 14
T 2768 14 0 2 0
E 2768 0 -4 -13
E 2768 5 5 17
T 2769 21 0 2 0
E 2769 4 4 13
E 2769 5 6 19
T 2770 10 0 2 0
E 2770 0 -7 -22
E 2770 1 -5 -16
T 2771 16 0 2 0
E 2771 0 -5 -17
E 2771 5 4 13
T 2772 10 0 2 0
E 2772 0 -6 -20
E 2772 1 -4 -14
T 2773 18 0 1 0
E 2773 5 6 18
T 2774 9 0 2 0
E 2774 0 -6 -19
E 2774 1 -4 -13
T 2775 14 0 2 0
E 2775 0 -4 -13
E 2775 5 5 17
T 2776 21 0 2 0
E 2776 4 5 15
E 2776 5 7 21
T 2777 10 0 2 0
E 2777 0 -6 -20
E 2777 1 -4 -14
T 2778 15 0 2 0
E 2778 0 -4 -14
E 2778 5 5 16
T 2779 9 0 2 0
E 2779 0 -7 -21
E 2779 1 -5 -15
T 2780 22 0 3 0
E 2780 3 4 14
E 2780 4 6 20
E 2780 5 8 26
T 2781 10 0 2 0
E 2781 0 -6 -20
E 2781 1 -4 -14
T 2782 14 0 2 0
E 2782 0 -4 -13
E 2782 5 5 17
T 2783 9 0 2 0
E 2783 0 -7 -21
E 2783 1 -5 -15
T 2784 20 0 2 0
E 2784 4 4 14
E 2784 5 6 20
T 2785 15 0 2 0
E 2785 0 -5 -16
E 2785 5 4 14
T 2786 16 0 2 0
E 2786 0 -6 -18
E 2786 5 4 13
T 2787 15 0 2 0
E 2787 0 -4 -13
E 2787 5 6 18
T 2788 10 0 2 0
E 2788 0 -7 -21
E 2788 1 -4 -13
T 2789 17 0 2 0
E 2789 0 -6 -18
E 2789 5 5 15
T 2790 19 0 3 0
E 2790 0 -4 -13
E 2790 4 4 14
E 2790 5 6 20
T 2791 18 0 2 0
E 2791 0 -6 -19
E 2791 5 5 15
T 2792 18 0 2 0
E 2792 0 -7 -21
E 2792 5 4 13
T 2793 12 0 2 0
E 2793 0 -7 -23
E 2793 1 -4 -13
T 2794 18 1 2 0
E 2794 0 -6 -18
E 2794 5 6 18
T 2795 12 0 2 0
E 2795 0 -8 -25
E 2795 1 -5 -16
T 2796 30 0 3 0
E 2796 3 4 13
E 2796 4 6 19
E 2796 5 8 25
T 2797 13 0 2 0
E 2797 0 -9 -28
E 2797 1 -6 -19
T 2798 22 0 3 0
E 2798 0 -5 -15
E 2798 4 5 17
E 2798 5 7 23
T 2799 14 0 2 0
E 2799 0 -9 -29
E 2799 1 -6 -19
T 2800 24 0 3 0
E 2800 0 -5 -17
E 2800 4 5 16
E 2800 5 7 22
T 2801 14 0 2 0
E 2801 0 -9 -29
E 2801 1 -6 -19
T 2802 28 0 4 0
E 2802 0 -5 -15
E 2802 3 4 13
E 2802 4 6 19
E 2802 5 8 25
T 2803 11 0 3 0
E 2803 0 -12 -36
E 2803 1 -8 -26
E 2803 2 -5 -17
T 2804 35 0 3 0
E 2804 3 5 17
E 2804 4 8 24
E 2804 5 10 30
T 2805 13 0 2 0
E 2805 0 -10 -30
E 2805 1 -7 -21
T 2806 26 0 3 0
E 2806 0 -7 -21
E 2806 4 5 16
E 2806 5 7 22
T 2807 21 0 4 0
E 2807 0 -8 -24
E 2807 1 -5 -15
E 2807 4 4 13
E 2807 5 6 19
T 2808 26 0 3 0
E 2808 0 -6 -18
E 2808 4 6 20
E 2808 5 8 26
T 2809 24 1 4 0
E 2809 0 -8 -24
E 2809 1 -4 -14
E 2809 4 5 15
E 2809 5 7 21
T 2810 28 0 3 0
E 2810 0 -6 -20
E 2810 4 6 18
E 2810 5 8 25
T 2811 23 0 4 0
E 2811 0 -8 -25
E 2811 1 -5 -15
E 2811 4 4 14
E 2811 5 7 21
T 2812 19 0 3 0
E 2812 0 -9 -29
E 2812 1 -6 -20
E 2812 5 5 17
T 2813 28 0 3 0
E 2813 0 -6 -19
E 2813 4 6 19
E 2813 5 9 28
T 2814 20 0 3 0
E 2814 0 -9 -29
E 2814 1 -6 -19
E 2814 5 6 19
T 2815 28 0 3 0
E 2815 0 -7 -21
E 2815 4 5 17
E 2815 5 9 27
T 2816 16 0 4 0
E 2816 0 -10 -32
E 2816 1 -7 -22
E 2816 2 -4 -13
E 2816 5 5 16
T 2817 28 0 3 0
E 2817 0 -6 -18
E 2817 4 6 20
E 2817 5 10 30
T 2818 16 0 4 0
E 2818 0 -11 -33
E 2818 1 -7 -23
E 2818 2 -4 -14
E 2818 5 5 15
T 2819 29 0 3 0
E 2819 0 -7 -21
E 2819 4 6 18
E 2819 5 9 27
T 2820 19 0 3 0
E 2820 0 -9 -28
E 2820 1 -6 -19
E 2820 5 6 20
T 2821 29 0 3 0
E 2821 0 -7 -21
E 2821 4 6 18
E 2821 5 9 27
T 2822 16 0 4 0
E 2822 0 -10 -32
E 2822 1 -7 -23
E 2822 2 -4 -13
E 2822 5 5 16
T 2823 28 0 3 0
E 2823 0 -6 -19
E 2823 4 6 19
E 2823 5 9 29
T 2824 20 0 3 0
E 2824 0 -9 -27
E 2824 1 -5 -17
E 2824 5 7 21
T 2825 29 0 3 0
E 2825 0 -6 -20
E 2825 4 6 18
E 2825 5 9 28
T 2826 16 0 4 0
E 2826 0 -11 -33
E 2826 1 -7 -23
E 2826 2 -4 -14
E 2826 5 5 15
T 2827 29 0 3 0
E 2827 0 -5 -17
E 2827 4 7 21
E 2827 5 10 31
T 2828 20 0 3 0
E 2828 0 -8 -26
E 2828 1 -5 -16
E 2828 5 7 22
T 2829 29 0 3 0
E 2829 0 -6 -18
E 2829 4 7 21
E 2829 5 10 30
T 2830 20 0 3 0
E 2830 0 -9 -29
E 2830 1 -6 -20
E 2830 5 6 19
T 2831 19 0 3 0
E 2831 0 -9 -28
E 2831 1 -6 -18
E 2831 5 6 20
T 2832 32 0 4 0
E 2832 0 -5 -15
E 2832 3 4 13
E 2832 4 7 23
E 2832 5 11 33
T 2833 20 0 3 0
E 2833 0 -9 -29
E 2833 1 -6 -19
E 2833 5 6 19
T 2834 25 0 4 0
E 2834 0 -7 -23
E 2834 1 -4 -13
E 2834 4 5 16
E 2834 5 8 25
T 2835 23 0 4 0
E 2835 0 -8 -24
E 2835 1 -5 -15
E 2835 4 4 14
E 2835 5 8 24
T 2836 20 0 3 0
E 2836 0 -9 -29
E 2836 1 -6 -19
E 2836 5 6 19
T 2837 23 0 4 0
E 2837 0 -8 -24
E 2837 1 -5 -15
E 2837 4 4 14
E 2837 5 8 24
T 2838 28 0 3 0
E 2838 0 -7 -22
E 2838 4 5 16
E 2838 5 8 26
T 2839 25 0 4 0
E 2839 0 -8 -24
E 2839 1 -4 -14
E 2839 4 5 15
E 2839 5 8 24
T 2840 24 0 4 0
E 2840 0 -7 -22
E 2840 1 -4 -13
E 2840 4 5 16
E 2840 5 8 26
T 2841 20 0 3 0
E 2841 0 -9 -27
E 2841 1 -5 -17
E 2841 5 7 21
T 2842 23 0 4 0
E 2842 0 -8 -25
E 2842 1 -5 -16
E 2842 4 4 13
E 2842 5 7 23
T 2843 25 0 4 0
E 2843 0 -7 -23
E 2843 1 -4 -13
E 2843 4 5 15
E 2843 5 8 25
T 2844 19 0 3 0
E 2844 0 -10 -31
E 2844 1 -7 -21
E 2844 5 5 17
T 2845 28 0 3 0
E 2845 0 -6 -19
E 2845 4 6 19
E 2845 5 9 29
T 2846 24 0 4 0
E 2846 0 -8 -26
E 2846 1 -5 -16
E 2846 4 4 13
E 2846 5 7 22
T 2847 24 0 4 0
E 2847 0 -7 -22
E 2847 1 -4 -13
E 2847 4 5 16
E 2847 5 8 26
T 2848 24 1 4 0
E 2848 0 -8 -24
E 2848 1 -4 -14
E 2848 4 4 14
E 2848 5 8 24
T 2849 25 0 4 0
E 2849 0 -7 -23
E 2849 1 -4 -13
E 2849 4 5 16
E 2849 5 8 25
T 2850 20 0 3 0
E 2850 0 -9 -29
E 2850 1 -6 -20
E 2850 5 6 19
T 2851 28 0 3 0
E 2851 0 -7 -22
E 2851 4 5 17
E 2851 5 8 26
T 2852 20 0 3 0
E 2852 0 -8 -26
E 2852 1 -5 -17
E 2852 5 7 22
T 2853 28 0 3 0
E 2853 0 -7 -21
E 2853 4 5 17
E 2853 5 9 27
T 2854 20 0 3 0
E 2854 0 -9 -27
E 2854 1 -5 -17
E 2854 5 7 21
T 2855 23 0 4 0
E 2855 0 -8 -25
E 2855 1 -5 -16
E 2855 4 4 13
E 2855 5 7 23
T 2856 28 0 3 0
E 2856 0 -7 -22
E 2856 4 5 17
E 2856 5 8 26
T 2857 23 0 4 0
E 2857 0 -8 -24
E 2857 1 -5 -15
E 2857 4 4 14
E 2857 5 8 24
T 2858 25 0 4 0
E 2858 0 -7 -23
E 2858 1 -4 -13
E 2858 4 5 15
E 2858 5 8 25
T 2859 16 0 4 0
E 2859 0 -11 -33
E 2859 1 -7 -23
E 2859 2 -4 -13
E 2859 5 5 15
T 2860 37 0 3 0
E 2860 3 5 17
E 2860 4 8 26
E 2860 5 12 36
T 2861 6 0 4 0
E 2861 0 -15 -45
E 2861 1 -11 -35
E 2861 2 -8 -26
E 2861 3 -5 -16
T 2862 42 0 4 0
E 2862 2 5 17
E 2862 3 8 26
E 2862 4 12 36
E 2862 5 15 46
T 2863 11 0 3 0
E 2863 0 -13 -41
E 2863 1 -10 -31
E 2863 2 -7 -22
T 2864 38 0 3 0
E 2864 3 6 20
E 2864 4 10 30
E 2864 5 13 39
T 2865 15 0 4 0
E 2865 0 -11 -35
E 2865 1 -8 -26
E 2865 2 -5 -16
E 2865 5 4 13
T 2866 29 0 3 0
E 2866 0 -7 -21
E 2866 4 6 18
E 2866 5 9 27
T 2867 19 0 3 0
E 2867 0 -9 -28
E 2867 1 -6 -19
E 2867 5 6 20
T 2868 32 0 4 0
E 2868 0 -5 -15
E 2868 3 4 14
E 2868 4 7 23
E 2868 5 11 33
T 2869 11 0 3 0
E 2869 0 -12 -38
E 2869 1 -9 -28
E 2869 2 -6 -18
T 2870 32 0 4 0
E 2870 0 -5 -16
E 2870 3 4 13
E 2870 4 7 22
E 2870 5 10 32
T 2871 14 0 4 0
E 2871 0 -11 -34
E 2871 1 -8 -24
E 2871 2 -5 -15
E 2871 5 4 14
T 2872 37 0 3 0
E 2872 3 5 17
E 2872 4 9 27
E 2872 5 12 37
T 2873 11 0 3 0
E 2873 0 -13 -39
E 2873 1 -9 -29
E 2873 2 -6 -20
T 2874 29 0 3 0
E 2874 0 -5 -17
E 2874 4 7 22
E 2874 5 10 31
T 2875 20 0 3 0
E 2875 0 -9 -29
E 2875 1 -6 -20
E 2875 5 6 19
T 2876 28 0 3 0
E 2876 0 -6 -19
E 2876 4 6 20
E 2876 5 9 29
T 2877 25 0 4 0
E 2877 0 -7 -23
E 2877 1 -4 -14
E 2877 4 5 15
E 2877 5 8 25
T 2878 24 1 4 0
E 2878 0 -8 -24
E 2878 1 -4 -14
E 2878 4 4 14
E 2878 5 8 24
T 2879 20 0 3 0
E 2879 0 -9 -29
E 2879 1 -6 -19
E 2879 5 6 19
T 2880 4 0 3 0
E 2880 0 10 31
E 2880 4 7 21
E 2880 5 10 31
T 2881 30 0 3 0
E 2881 1 -13 -41
E 2881 2 -10 -32
E 2881 3 -7 -22
T 2882 13 0 4 0
E 2882 0 10 32
E 2882 1 -4 -13
E 2882 4 5 16
E 2882 5 8 26
T 2883 28 0 3 0
E 2883 0 5 16
E 2883 1 -10 -31
E 2883 2 -7 -22
T 2884 30 0 3 0
E 2884 0 8 25
E 2884 1 -8 -26
E 2884 2 -5 -16
T 2885 24 0 3 0
E 2885 0 12 37
E 2885 1 -6 -18
E 2885 5 7 21
T 2886 23 0 4 0
E 2886 0 8 24
E 2886 1 5 15
E 2886 2 -8 -24
E 2886 3 -4 -14
T 2887 21 0 3 0
E 2887 0 10 30
E 2887 1 6 20
E 2887 2 -7 -21
T 2888 26 0 4 0
E 2888 0 9 27
E 2888 1 6 18
E 2888 2 -9 -27
E 2888 3 -5 -17
T 2889 33 0 5 0
E 2889 0 8 25
E 2889 1 5 15
E 2889 2 -10 -32
E 2889 3 -7 -23
E 2889 4 -4 -13
T 2890 30 0 4 0
E 2890 0 11 33
E 2890 1 7 23
E 2890 2 -9 -28
E 2890 3 -6 -18
T 2891 38 0 5 0
E 2891 0 9 27
E 2891 1 6 18
E 2891 2 -12 -37
E 2891 3 -9 -27
E 2891 4 -5 -17
T 2892 10 0 3 0
E 2892 0 15 46
E 2892 1 12 36
E 2892 2 9 27
T 2893 46 0 4 0
E 2893 0 4 14
E 2893 3 -15 -46
E 2893 4 -12 -37
E 2893 5 -9 -27
T 2894 15 0 4 0
E 2894 0 16 50
E 2894 1 13 40
E 2894 2 10 31
E 2894 3 -4 -14
T 2895 52 0 4 0
E 2895 0 5 15
E 2895 3 -17 -52
E 2895 4 -14 -43
E 2895 5 -11 -33
T 2896 14 0 4 0
E 2896 0 19 57
E 2896 1 16 48
E 2896 2 12 38
E 2896 3 -4 -13
T 2897 58 0 4 0
E 2897 0 5 16
E 2897 3 -19 -58
E 2897 4 -16 -48
E 2897 5 -12 -38
T 2898 1 0 4 0
E 2898 0 19 59
E 2898 1 16 50
E 2898 2 13 40
E 2898 3 10 31
T 2899 59 0 4 0
E 2899 2 -6 -18
E 2899 3 -9 -28
E 2899 4 -23 -69
E 2899 5 -20 -60
T 2900 5 0 5 0
E 2900 0 20 60
E 2900 1 16 50
E 2900 2 13 40
E 2900 3 10 31
E 2900 4 -4 -14
T 2901 57 0 3 0
E 2901 3 -6 -19
E 2901 4 -22 -66
E 2901 5 -19 -57
T 2902 14 0 6 0
E 2902 0 18 56
E 2902 1 15 46
E 2902 2 12 37
E 2902 3 9 27
E 2902 4 -8 -24
E 2902 5 -4 -14
T 2903 55 0 4 0
E 2903 0 5 15
E 2903 3 -4 -13
E 2903 4 -22 -68
E 2903 5 -19 -58
T 2904 5 0 6 0
E 2904 0 18 54
E 2904 1 14 44
E 2904 2 11 35
E 2904 3 8 25
E 2904 4 5 16
E 2904 5 -7 -23
T 2905 52 0 4 0
E 2905 2 -4 -13
E 2905 3 -7 -22
E 2905 4 -10 -32
E 2905 5 -24 -73
T 2906 9 0 6 0
E 2906 0 17 51
E 2906 1 14 42
E 2906 2 10 32
E 2906 3 7 22
E 2906 4 4 13
E 2906 5 -10 -32
T 2907 55 0 4 0
E 2907 2 -4 -14
E 2907 3 -8 -24
E 2907 4 -11 -34
E 2907 5 -27 -81
T 2908 8 0 6 0
E 2908 0 18 54
E 2908 1 15 45
E 2908 2 11 35
E 2908 3 8 26
E 2908 4 5 16
E 2908 5 -11 -35
T 2909 53 0 3 0
E 2909 3 -6 -18
E 2909 4 -9 -27
E 2909 5 -27 -82
T 2910 2 0 5 0
E 2910 0 18 54
E 2910 1 14 44
E 2910 2 11 34
E 2910 3 8 25
E 2910 4 5 15
T 2911 51 0 5 0
E 2911 1 -5 -16
E 2911 2 -8 -26
E 2911 3 -12 -36
E 2911 4 -15 -45
E 2911 5 -18 -55
T 2912 5 0 5 0
E 2912 0 19 58
E 2912 1 16 48
E 2912 2 13 39
E 2912 3 9 29
E 2912 4 6 19
T 2913 42 0 4 0
E 2913 2 -5 -17
E 2913 3 -8 -26
E 2913 4 -12 -36
E 2913 5 -15 -46
T 2914 11 0 3 0
E 2914 0 13 41
E 2914 1 10 31
E 2914 2 7 22
T 2915 33 0 4 0
E 2915 0 4 13
E 2915 3 -5 -16
E 2915 4 -8 -26
E 2915 5 -11 -35
T 2916 15 0 4 0
E 2916 0 11 35
E 2916 1 8 26
E 2916 2 5 16
E 2916 5 -4 -13
T 2917 29 0 3 0
E 2917 0 6 18
E 2917 4 -7 -21
E 2917 5 -10 -30
T 2918 20 0 3 0
E 2918 0 8 26
E 2918 1 5 17
E 2918 5 -7 -22
T 2919 23 0 4 0
E 2919 0 8 25
E 2919 1 5 15
E 2919 4 -4 -13
E 2919 5 -7 -23
T 2920 25 0 4 0
E 2920 0 8 24
E 2920 1 4 14
E 2920 4 -5 -15
E 2920 5 -8 -24
T 2921 19 0 3 0
E 2921 0 10 31
E 2921 1 7 22
E 2921 5 -5 -17
T 2922 29 0 3 0
E 2922 0 6 18
E 2922 4 -7 -21
E 2922 5 -10 -30
T 2923 20 0 3 0
E 2923 0 8 26
E 2923 1 5 17
E 2923 5 -7 -22
T 2924 28 0 3 0
E 2924 0 6 18
E 2924 4 -6 -20
E 2924 5 -10 -30
T 2925 15 0 4 0
E 2925 0 11 34
E 2925 1 8 24
E 2925 2 4 14
E 2925 5 -4 -14
T 2926 29 0 3 0
E 2926 0 6 20
E 2926 4 -6 -18
E 2926 5 -9 -28
T 2927 19 0 3 0
E 2927 0 10 31
E 2927 1 7 21
E 2927 5 -5 -17
T 2928 28 0 3 0
E 2928 0 6 18
E 2928 4 -6 -20
E 2928 5 -10 -30
T 2929 16 0 4 0
E 2929 0 10 32
E 2929 1 7 22
E 2929 2 4 13
E 2929 5 -5 -16
T 2930 29 0 3 0
E 2930 0 6 20
E 2930 4 -6 -19
E 2930 5 -9 -28
T 2931 15 0 4 0
E 2931 0 11 33
E 2931 1 8 24
E 2931 2 4 14
E 2931 5 -5 -15
T 2932 29 0 3 0
E 2932 0 6 20
E 2932 4 -6 -19
E 2932 5 -9 -28
T 2933 19 0 3 0
E 2933 0 10 30
E 2933 1 7 21
E 2933 5 -6 -18
T 2934 25 0 4 0
E 2934 0 7 23
E 2934 1 4 13
E 2934 4 -5 -15
E 2934 5 -8 -25
T 2935 24 0 4 0
E 2935 0 8 26
E 2935 1 5 16
E 2935 4 -4 -13
E 2935 5 -7 -22
T 2936 19 0 3 0
E 2936 0 9 28
E 2936 1 6 19
E 2936 5 -6 -20
T 2937 32 0 4 0
E 2937 0 5 16
E 2937 3 -4 -13
E 2937 4 -7 -23
E 2937 5 -10 -32
T 2938 11 0 3 0
E 2938 0 12 38
E 2938 1 9 29
E 2938 2 6 19
T 2939 28 0 3 0
E 2939 0 6 19
E 2939 4 -6 -19
E 2939 5 -9 -29
T 2940 25 0 4 0
E 2940 0 8 24
E 2940 1 4 14
E 2940 4 -5 -15
E 2940 5 -8 -24
T 2941 19 0 3 0
E 2941 0 10 31
E 2941 1 7 22
E 2941 5 -5 -17
T 2942 23 0 4 0
E 2942 0 8 25
E 2942 1 5 15
E 2942 4 -4 -14
E 2942 5 -7 -23
T 2943 24 0 4 0
E 2943 0 7 22
E 2943 1 4 13
E 2943 4 -5 -16
E 2943 5 -8 -26
T 2944 16 0 4 0
E 2944 0 10 32
E 2944 1 7 22
E 2944 2 4 13
E 2944 5 -5 -16
T 2945 28 0 3 0
E 2945 0 7 22
E 2945 4 -5 -17
E 2945 5 -8 -26
T 2946 14 0 4 0
E 2946 0 11 34
E 2946 1 8 25
E 2946 2 5 15
E 2946 5 -4 -14
T 2947 34 0 4 0
E 2947 0 4 14
E 2947 3 -5 -15
E 2947 4 -8 -25
E 2947 5 -11 -34
T 2948 7 0 4 0
E 2948 0 13 41
E 2948 1 10 32
E 2948 2 7 22
E 2948 3 4 13
T 2949 33 0 4 0
E 2949 0 4 13
E 2949 3 -5 -16
E 2949 4 -8 -25
E 2949 5 -11 -35
T 2950 16 0 4 0
E 2950 0 11 33
E 2950 1 7 23
E 2950 2 4 13
E 2950 5 -5 -15
T 2951 34 0 4 0
E 2951 0 4 14
E 2951 3 -5 -15
E 2951 4 -8 -24
E 2951 5 -11 -34
T 2952 20 0 3 0
E 2952 0 10 30
E 2952 1 6 20
E 2952 5 -6 -18
T 2953 28 0 3 0
E 2953 0 7 21
E 2953 4 -5 -17
E 2953 5 -9 -27
T 2954 16 0 4 0
E 2954 0 11 33
E 2954 1 7 23
E 2954 2 4 14
E 2954 5 -5 -15
T 2955 32 0 4 0
E 2955 0 5 16
E 2955 3 -4 -13
E 2955 4 -7 -23
E 2955 5 -10 -32
T 2956 11 0 3 0
E 2956 0 12 38
E 2956 1 9 29
E 2956 2 6 19
T 2957 38 0 3 0
E 2957 3 -7 -21
E 2957 4 -10 -31
E 2957 5 -13 -40
T 2958 14 0 4 0
E 2958 0 11 34
E 2958 1 8 25
E 2958 2 5 15
E 2958 5 -4 -14
T 2959 38 0 3 0
E 2959 3 -6 -18
E 2959 4 -9 -27
E 2959 5 -12 -37
T 2960 7 0 4 0
E 2960 0 14 43
E 2960 1 11 33
E 2960 2 7 23
E 2960 3 4 14
T 2961 37 0 3 0
E 2961 3 -7 -22
E 2961 4 -10 -31
E 2961 5 -13 -41
T 2962 11 0 3 0
E 2962 0 12 38
E 2962 1 9 28
E 2962 2 6 19
T 2963 37 0 3 0
E 2963 3 -5 -17
E 2963 4 -9 -27
E 2963 5 -12 -37
T 2964 14 0 4 0
E 2964 0 11 34
E 2964 1 8 24
E 2964 2 5 15
E 2964 5 -4 -14
T 2965 38 0 3 0
E 2965 3 -5 -17
E 2965 4 -9 -27
E 2965 5 -12 -36
T 2966 11 0 3 0
E 2966 0 12 38
E 2966 1 9 29
E 2966 2 6 19
T 2967 29 0 3 0
E 2967 0 6 18
E 2967 4 -7 -21
E 2967 5 -10 -30
T 2968 15 0 4 0
E 2968 0 11 33
E 2968 1 8 24
E 2968 2 4 14
E 2968 5 -5 -15
T 2969 29 0 3 0
E 2969 0 5 17
E 2969 4 -7 -21
E 2969 5 -10 -31
T 2970 19 0 3 0
E 2970 0 10 31
E 2970 1 7 21
E 2970 5 -5 -17
T 2971 32 0 4 0
E 2971 0 5 16
E 2971 3 -4 -13
E 2971 4 -7 -22
E 2971 5 -10 -32
T 2972 15 0 4 0
E 2972 0 11 35
E 2972 1 8 25
E 2972 2 5 16
E 2972 5 -4 -13
T 2973 28 0 3 0
E 2973 0 7 21
E 2973 4 -5 -17
E 2973 5 -9 -27
T 2974 15 0 4 0
E 2974 0 11 35
E 2974 1 8 25
E 2974 2 5 16
E 2974 5 -4 -13
T 2975 32 0 4 0
E 2975 0 5 16
E 2975 3 -4 -13
E 2975 4 -7 -23
E 2975 5 -10 -32
T 2976 16 0 4 0
E 2976 0 10 32
E 2976 1 7 23
E 2976 2 4 13
E 2976 5 -5 -16
T 2977 27 0 3 0
E 2977 0 6 18
E 2977 4 -6 -18
E 2977 5 -9 -27
T 2978 12 0 4 0
E 2978 0 9 27
E 2978 1 7 23
E 2978 2 4 13
E 2978 5 -5 -16
T 2979 23 0 3 0
E 2979 0 4 14
E 2979 4 -5 -16
E 2979 5 -8 -26
T 2980 3 0 3 0
E 2980 0 9 27
E 2980 1 9 28
E 2980 2 6 18
T 2981 24 0 3 0
E 2981 3 -4 -13
E 2981 4 -7 -22
E 2981 5 -10 -32
T 2982 5 0 4 0
E 2982 0 9 28
E 2982 1 11 34
E 2982 2 8 25
E 2982 3 5 15
T 2983 19 0 3 0
E 2983 3 -6 -20
E 2983 4 -10 -30
E 2983 5 -13 -40
T 2984 2 0 3 0
E 2984 0 5 15
E 2984 1 7 21
E 2984 2 5 17
T 2985 12 0 2 0
E 2985 4 -4 -14
E 2985 5 -7 -23
T 2986 4 0 3 0
E 2986 0 5 15
E 2986 1 7 21
E 2986 2 7 22
T 2987 6 0 2 0
E 2987 4 -5 -17
E 2987 5 -8 -26
T 2988 0 0 1 0
E 2988 2 6 18
T 2989 0 0 1 0
E 2989 5 -6 -20
T 2990 2 0 1 0
E 2990 5 -4 -13
T 2991 0 0 0 0
T 2992 6 0 0 0
T 2993 4 0 2 0
E 2993 0 -4 -13
E 2993 5 -5 -17
T 2994 11 0 0 0
T 2995 9 0 0 0
T 2996 10 0 1 0
E 2996 0 -4 -14
T 2997 9 0 0 0
T 2998 10 0 0 0
T 2999 12 0 1 0
E 2999 4 5 15
T 3000 14 0 1 0
E 3000 4 5 15
T 3001 14 0 1 0
E 3001 4 4 14
T 3002 9 0 2 0
E 3002 0 -6 -19
E 3002 1 -4 -13
T 3003 10 0 1 0
E 3003 0 -5 -15
T 3004 18 0 2 0
E 3004 4 5 17
E 3004 5 6 18
T 3005 11 0 1 0
E 3005 0 -5 -16
T 3006 20 0 2 0
E 3006 4 5 16
E 3006 5 7 22
T 3007 9 0 2 0
E 3007 0 -7 -21
E 3007 1 -5 -15
T 3008 20 0 2 0
E 3008 4 5 16
E 3008 5 7 22
T 3009 15 1 2 0
E 3009 0 -5 -15
E 3009 5 5 15
T 3010 15 1 2 0
E 3010 0 -5 -15
E 3010 5 5 15
T 3011 14 0 2 0
E 3011 0 -4 -13
E 3011 5 5 17
T 3012 14 0 2 0
E 3012 0 -4 -13
E 3012 5 5 17
T 3013 12 0 1 0
E 3013 0 -6 -18
T 3014 15 1 2 0
E 3014 0 -5 -15
E 3014 5 5 15
T 3015 18 0 1 0
E 3015 5 6 18
T 3016 9 0 2 0
E 3016 0 -6 -19
E 3016 1 -4 -13
T 3017 21 0 2 0
E 3017 4 4 13
E 3017 5 6 19
T 3018 16 0 2 0
E 3018 0 -5 -17
E 3018 5 4 13
T 3019 10 0 2 0
E 3019 0 -7 -22
E 3019 1 -5 -16
T 3020 20 0 2 0
E 3020 4 4 14
E 3020 5 6 20
T 3021 9 0 2 0
E 3021 0 -6 -19
E 3021 1 -4 -13
T 3022 21 0 2 0
E 3022 4 5 15
E 3022 5 7 21
T 3023 10 0 2 0
E 3023 0 -6 -20
E 3023 1 -4 -14
T 3024 23 0 3 0
E 3024 3 4 13
E 3024 4 6 19
E 3024 5 8 25
T 3025 10 0 2 0
E 3025 0 -8 -24
E 3025 1 -6 -18
T 3026 22 0 2 0
E 3026 4 4 13
E 3026 5 6 19
T 3027 11 0 2 0
E 3027 0 -8 -25
E 3027 1 -6 -18
T 3028 17 1 2 0
E 3028 0 -5 -17
E 3028 5 5 15
T 3029 17 0 2 0
E 3029 0 -6 -19
E 3029 5 4 14
T 3030 19 0 3 0
E 3030 0 -4 -13
E 3030 4 4 14
E 3030 5 6 20
T 3031 18 0 2 0
E 3031 0 -6 -20
E 3031 5 4 14
T 3032 17 1 2 0
E 3032 0 -5 -17
E 3032 5 5 17
T 3033 21 0 3 0
E 3033 0 -4 -13
E 3033 4 5 16
E 3033 5 7 22
T 3034 14 0 2 0
E 3034 0 -9 -29
E 3034 1 -6 -19
T 3035 22 0 3 0
E 3035 0 -5 -17
E 3035 4 4 13
E 3035 5 6 19
T 3036 19 0 2 0
E 3036 0 -6 -20
E 3036 5 5 17
T 3037 12 0 2 0
E 3037 0 -8 -25
E 3037 1 -5 -16
T 3038 31 0 3 0
E 3038 3 5 16
E 3038 4 7 22
E 3038 5 9 28
T 3039 11 0 3 0
E 3039 0 -12 -36
E 3039 1 -8 -26
E 3039 2 -5 -16
T 3040 23 0 3 0
E 3040 0 -5 -16
E 3040 4 5 17
E 3040 5 7 23
T 3041 13 0 2 0
E 3041 0 -9 -28
E 3041 1 -6 -18
T 3042 28 0 4 0
E 3042 0 -4 -14
E 3042 3 4 14
E 3042 4 6 20
E 3042 5 8 26
T 3043 17 0 3 0
E 3043 0 -9 -28
E 3043 1 -6 -18
E 3043 5 4 13
T 3044 31 0 4 0
E 3044 0 -4 -14
E 3044 3 5 15
E 3044 4 7 22
E 3044 5 9 28
T 3045 17 0 3 0
E 3045 0 -9 -27
E 3045 1 -6 -18
E 3045 5 5 15
T 3046 26 0 3 0
E 3046 0 -5 -17
E 3046 4 6 20
E 3046 5 8 26
T 3047 18 0 3 0
E 3047 0 -8 -26
E 3047 1 -5 -17
E 3047 5 5 17
T 3048 28 0 3 0
E 3048 0 -5 -17
E 3048 4 7 21
E 3048 5 9 27
T 3049 18 0 3 0
E 3049 0 -10 -31
E 3049 1 -7 -21
E 3049 5 4 14
T 3050 22 0 4 0
E 3050 0 -8 -24
E 3050 1 -5 -15
E 3050 4 4 14
E 3050 5 7 21
T 3051 19 0 3 0
E 3051 0 -9 -27
E 3051 1 -5 -17
E 3051 5 6 19
T 3052 27 0 3 0
E 3052 0 -7 -21
E 3052 4 5 17
E 3052 5 8 25
T 3053 16 0 4 0
E 3053 0 -10 -32
E 3053 1 -7 -22
E 3053 2 -4 -13
E 3053 5 5 15
T 3054 32 0 4 0
E 3054 0 -5 -16
E 3054 3 4 13
E 3054 4 7 23
E 3054 5 10 32
T 3055 19 0 3 0
E 3055 0 -10 -31
E 3055 1 -7 -22
E 3055 5 5 17
T 3056 29 0 3 0
E 3056 0 -6 -18
E 3056 4 7 21
E 3056 5 10 30
T 3057 20 0 3 0
E 3057 0 -9 -29
E 3057 1 -6 -20
E 3057 5 6 19
T 3058 25 0 4 0
E 3058 0 -7 -23
E 3058 1 -4 -13
E 3058 4 5 15
E 3058 5 8 25
T 3059 19 0 3 0
E 3059 0 -10 -31
E 3059 1 -7 -21
E 3059 5 5 17
T 3060 29 0 3 0
E 3060 0 -5 -17
E 3060 4 7 21
E 3060 5 10 31
T 3061 16 0 4 0
E 3061 0 -11 -33
E 3061 1 -7 -23
E 3061 2 -4 -14
E 3061 5 5 15
T 3062 33 0 4 0
E 3062 0 -4 -14
E 3062 3 4 14
E 3062 4 8 24
E 3062 5 11 34
T 3063 20 0 3 0
E 3063 0 -10 -30
E 3063 1 -6 -20
E 3063 5 6 18
T 3064 32 0 4 0
E 3064 0 -5 -16
E 3064 3 4 13
E 3064 4 7 23
E 3064 5 10 32
T 3065 15 0 4 0
E 3065 0 -11 -33
E 3065 1 -8 -24
E 3065 2 -4 -14
E 3065 5 5 15
T 3066 29 0 3 0
E 3066 0 -6 -20
E 3066 4 6 19
E 3066 5 9 28
T 3067 10 0 3 0
E 3067 0 -12 -36
E 3067 1 -9 -27
E 3067 2 -5 -17
T 3068 38 0 3 0
E 3068 3 6 18
E 3068 4 9 27
E 3068 5 12 37
T 3069 11 0 3 0
E 3069 0 -12 -37
E 3069 1 -9 -27
E 3069 2 -5 -17
T 3070 41 0 4 0
E 3070 2 4 13
E 3070 3 7 23
E 3070 4 10 32
E 3070 5 14 42
T 3071 7 0 4 0
E 3071 0 -14 -42
E 3071 1 -10 -32
E 3071 2 -7 -23
E 3071 3 -4 -13
T 3072 37 0 3 0
E 3072 3 5 17
E 3072 4 9 27
E 3072 5 12 37
T 3073 10 0 3 0
E 3073 0 -13 -40
E 3073 1 -10 -30
E 3073 2 -7 -21
T 3074 42 0 4 0
E 3074 2 4 14
E 3074 3 7 23
E 3074 4 11 33
E 3074 5 14 42
T 3075 11 0 3 0
E 3075 0 -12 -38
E 3075 1 -9 -29
E 3075 2 -6 -19
T 3076 38 0 3 0
E 3076 3 7 21
E 3076 4 10 31
E 3076 5 13 40
T 3077 7 0 4 0
E 3077 0 -13 -41
E 3077 1 -10 -32
E 3077 2 -7 -22
E 3077 3 -4 -13
T 3078 38 0 3 0
E 3078 3 7 21
E 3078 4 10 30
E 3078 5 13 40
T 3079 7 0 4 0
E 3079 0 -14 -43
E 3079 1 -11 -33
E 3079 2 -7 -23
E 3079 3 -4 -14
T 3080 38 0 3 0
E 3080 3 7 21
E 3080 4 10 30
E 3080 5 13 40
T 3081 6 0 4 0
E 3081 0 -14 -43
E 3081 1 -11 -33
E 3081 2 -8 -24
E 3081 3 -4 -14
T 3082 37 0 3 0
E 3082 3 5 16
E 3082 4 8 26
E 3082 5 12 36
T 3083 6 0 4 0
E 3083 0 -14 -43
E 3083 1 -11 -33
E 3083 2 -8 -24
E 3083 3 -4 -14
T 3084 43 0 4 0
E 3084 2 5 15
E 3084 3 8 24
E 3084 4 11 34
E 3084 5 14 43
T 3085 6 0 4 0
E 3085 0 -14 -42
E 3085 1 -11 -33
E 3085 2 -7 -23
E 3085 3 -4 -13
T 3086 38 0 3 0
E 3086 3 6 20
E 3086 4 10 30
E 3086 5 13 39
T 3087 10 0 3 0
E 3087 0 -12 -36
E 3087 1 -9 -27
E 3087 2 -5 -17
T 3088 28 0 3 0
E 3088 0 -6 -18
E 3088 4 6 20
E 3088 5 10 30
T 3089 24 0 4 0
E 3089 0 -8 -26
E 3089 1 -5 -16
E 3089 4 4 13
E 3089 5 7 22
T 3090 23 0 4 0
E 3090 0 -8 -24
E 3090 1 -5 -15
E 3090 4 4 14
E 3090 5 8 24
T 3091 19 0 3 0
E 3091 0 -9 -28
E 3091 1 -6 -18
E 3091 5 6 20
T 3092 24 0 4 0
E 3092 0 -7 -22
E 3092 1 -4 -13
E 3092 4 5 16
E 3092 5 8 26
T 3093 20 0 3 0
E 3093 0 -10 -30
E 3093 1 -6 -20
E 3093 5 6 18
T 3094 23 0 4 0
E 3094 0 -8 -25
E 3094 1 -5 -15
E 3094 4 4 14
E 3094 5 7 23
T 3095 25 0 4 0
E 3095 0 -7 -23
E 3095 1 -4 -14
E 3095 4 5 15
E 3095 5 8 25
T 3096 24 0 4 0
E 3096 0 -8 -26
E 3096 1 -5 -16
E 3096 4 4 13
E 3096 5 7 22
T 3097 20 0 3 0
E 3097 0 -9 -29
E 3097 1 -6 -20
E 3097 5 6 19
T 3098 28 0 3 0
E 3098 0 -6 -19
E 3098 4 6 19
E 3098 5 9 29
T 3099 16 0 4 0
E 3099 0 -11 -33
E 3099 1 -7 -23
E 3099 2 -4 -13
E 3099 5 5 15
T 3100 28 0 3 0
E 3100 0 -6 -19
E 3100 4 6 19
E 3100 5 9 29
T 3101 15 0 4 0
E 3101 0 -11 -35
E 3101 1 -8 -25
E 3101 2 -5 -16
E 3101 5 4 13
T 3102 37 0 3 0
E 3102 3 5 17
E 3102 4 9 27
E 3102 5 12 37
T 3103 11 0 3 0
E 3103 0 -12 -36
E 3103 1 -8 -26
E 3103 2 -5 -17
T 3104 38 0 3 0
E 3104 3 5 17
E 3104 4 9 27
E 3104 5 12 36
T 3105 11 0 3 0
E 3105 0 -12 -38
E 3105 1 -9 -29
E 3105 2 -6 -19
T 3106 29 0 3 0
E 3106 0 -5 -17
E 3106 4 7 22
E 3106 5 10 31
T 3107 14 0 4 0
E 3107 0 -11 -34
E 3107 1 -8 -25
E 3107 2 -5 -15
E 3107 5 4 14
T 3108 33 0 4 0
E 3108 0 -4 -13
E 3108 3 5 16
E 3108 4 8 25
E 3108 5 11 35
T 3109 20 0 3 0
E 3109 0 -10 -30
E 3109 1 -6 -20
E 3109 5 6 18
T 3110 24 0 4 0
E 3110 0 -7 -22
E 3110 1 -4 -13
E 3110 4 5 16
E 3110 5 8 26
T 3111 29 0 3 0
E 3111 0 -6 -20
E 3111 4 6 19
E 3111 5 9 28
T 3112 19 0 3 0
E 3112 0 -9 -28
E 3112 1 -6 -19
E 3112 5 6 20
T 3113 28 0 3 0
E 3113 0 -6 -18
E 3113 4 6 20
E 3113 5 10 30
T 3114 15 0 4 0
E 3114 0 -11 -35
E 3114 1 -8 -25
E 3114 2 -5 -15
E 3114 5 4 13
T 3115 37 0 3 0
E 3115 3 5 17
E 3115 4 8 26
E 3115 5 12 36
T 3116 6 0 4 0
E 3116 0 -14 -43
E 3116 1 -11 -33
E 3116 2 -8 -24
E 3116 3 -4 -14
T 3117 37 0 3 0
E 3117 3 5 17
E 3117 4 9 27
E 3117 5 12 37
T 3118 11 0 3 0
E 3118 0 -13 -41
E 3118 1 -10 -31
E 3118 2 -7 -22
T 3119 29 0 3 0
E 3119 0 -5 -17
E 3119 4 7 22
E 3119 5 10 31
T 3120 19 0 4 0
E 3120 0 4 14
E 3120 1 -8 -25
E 3120 2 -5 -15
E 3120 5 4 14
T 3121 16 0 3 0
E 3121 0 6 20
E 3121 1 -7 -21
E 3121 5 5 17
T 3122 23 0 4 0
E 3122 0 6 20
E 3122 1 -8 -25
E 3122 2 -5 -15
E 3122 5 4 14
T 3123 25 0 4 0
E 3123 0 7 23
E 3123 1 -8 -24
E 3123 2 -5 -15
E 3123 5 4 14
T 3124 22 0 3 0
E 3124 0 9 29
E 3124 1 -7 -22
E 3124 5 5 16
T 3125 38 0 4 0
E 3125 0 6 20
E 3125 1 -11 -35
E 3125 2 -8 -25
E 3125 3 -5 -15
T 3126 11 0 3 0
E 3126 0 12 38
E 3126 1 9 29
E 3126 5 6 19
T 3127 34 0 4 0
E 3127 0 6 19
E 3127 2 -10 -32
E 3127 3 -7 -23
E 3127 4 -4 -13
T 3128 25 0 4 0
E 3128 0 10 31
E 3128 1 7 22
E 3128 2 -7 -23
E 3128 3 -4 -13
T 3129 36 0 5 0
E 3129 0 7 23
E 3129 1 4 13
E 3129 2 -11 -34
E 3129 3 -8 -25
E 3129 4 -5 -15
T 3130 30 0 4 0
E 3130 0 10 32
E 3130 1 7 22
E 3130 2 -9 -29
E 3130 3 -6 -19
T 3131 31 0 4 0
E 3131 0 11 35
E 3131 1 8 26
E 3131 2 -9 -29
E 3131 3 -6 -19
T 3132 17 0 4 0
E 3132 0 13 39
E 3132 1 9 29
E 3132 2 6 20
E 3132 3 -6 -19
T 3133 44 0 4 0
E 3133 0 6 18
E 3133 3 -14 -42
E 3133 4 -11 -33
E 3133 5 -7 -23
T 3134 16 0 4 0
E 3134 0 15 47
E 3134 1 12 37
E 3134 2 9 28
E 3134 3 -5 -17
T 3135 51 0 4 0
E 3135 0 6 18
E 3135 3 -16 -49
E 3135 4 -13 -40
E 3135 5 -10 -30
T 3136 15 0 4 0
E 3136 0 18 54
E 3136 1 15 45
E 3136 2 11 35
E 3136 3 -5 -16
T 3137 58 0 4 0
E 3137 0 5 17
E 3137 3 -19 -57
E 3137 4 -15 -47
E 3137 5 -12 -37
T 3138 7 0 5 0
E 3138 0 17 53
E 3138 1 14 44
E 3138 2 11 34
E 3138 3 8 25
E 3138 4 -4 -14
T 3139 57 0 4 0
E 3139 2 -5 -16
E 3139 3 -8 -26
E 3139 4 -22 -67
E 3139 5 -19 -58
T 3140 7 0 5 0
E 3140 0 19 58
E 3140 1 16 48
E 3140 2 12 38
E 3140 3 9 29
E 3140 4 -5 -16
T 3141 56 0 3 0
E 3141 3 -6 -18
E 3141 4 -21 -65
E 3141 5 -18 -56
T 3142 8 0 5 0
E 3142 0 19 59
E 3142 1 16 49
E 3142 2 13 40
E 3142 3 10 30
E 3142 4 -7 -21
T 3143 65 0 4 0
E 3143 2 -5 -16
E 3143 3 -8 -25
E 3143 4 -26 -80
E 3143 5 -23 -70
T 3144 4 0 6 0
E 3144 0 21 63
E 3144 1 17 53
E 3144 2 14 44
E 3144 3 11 34
E 3144 4 8 25
E 3144 5 -4 -14
T 3145 55 0 4 0
E 3145 2 -7 -22
E 3145 3 -10 -31
E 3145 4 -13 -41
E 3145 5 -27 -82
T 3146 0 0 6 0
E 3146 0 20 60
E 3146 1 17 51
E 3146 2 13 41
E 3146 3 10 31
E 3146 4 7 22
E 3146 5 -7 -23
T 3147 55 0 4 0
E 3147 2 -5 -16
E 3147 3 -8 -26
E 3147 4 -12 -36
E 3147 5 -27 -83
T 3148 10 0 6 0
E 3148 0 17 53
E 3148 1 14 44
E 3148 2 11 34
E 3148 3 8 25
E 3148 4 5 15
E 3148 5 -12 -36
T 3149 52 0 3 0
E 3149 3 -7 -22
E 3149 4 -10 -31
E 3149 5 -28 -86
T 3150 4 0 4 0
E 3150 0 17 51
E 3150 1 13 41
E 3150 2 10 31
E 3150 3 7 22
T 3151 37 0 3 0
E 3151 3 -7 -22
E 3151 4 -10 -31
E 3151 5 -13 -41
T 3152 14 0 4 0
E 3152 0 11 34
E 3152 1 8 24
E 3152 2 5 15
E 3152 5 -4 -14
T 3153 37 0 3 0
E 3153 3 -6 -19
E 3153 4 -9 -29
E 3153 5 -13 -39
T 3154 6 0 4 0
E 3154 0 14 43
E 3154 1 11 33
E 3154 2 8 24
E 3154 3 4 14
T 3155 43 0 4 0
E 3155 2 -5 -17
E 3155 3 -8 -26
E 3155 4 -12 -36
E 3155 5 -15 -45
T 3156 6 0 4 0
E 3156 0 14 44
E 3156 1 11 35
E 3156 2 8 25
E 3156 3 5 15
T 3157 42 0 4 0
E 3157 2 -4 -13
E 3157 3 -7 -23
E 3157 4 -11 -33
E 3157 5 -14 -42
T 3158 3 0 4 0
E 3158 0 16 49
E 3158 1 13 40
E 3158 2 10 30
E 3158 3 7 21
T 3159 42 0 4 0
E 3159 2 -4 -14
E 3159 3 -8 -24
E 3159 4 -11 -33
E 3159 5 -14 -43
T 3160 5 0 4 0
E 3160 0 16 48
E 3160 1 12 38
E 3160 2 9 28
E 3160 3 6 19
T 3161 38 0 3 0
E 3161 3 -6 -18
E 3161 4 -9 -27
E 3161 5 -12 -37
T 3162 10 0 3 0
E 3162 0 12 37
E 3162 1 9 27
E 3162 2 6 18
T 3163 37 0 3 0
E 3163 3 -5 -17
E 3163 4 -9 -27
E 3163 5 -12 -37
T 3164 6 0 4 0
E 3164 0 14 43
E 3164 1 11 33
E 3164 2 8 24
E 3164 3 4 14
T 3165 38 0 3 0
E 3165 3 -5 -17
E 3165 4 -9 -27
E 3165 5 -12 -36
T 3166 6 0 4 0
E 3166 0 14 44
E 3166 1 11 35
E 3166 2 8 25
E 3166 3 5 15
T 3167 38 0 3 0
E 3167 3 -7 -21
E 3167 4 -10 -31
E 3167 5 -13 -40
T 3168 10 0 3 0
E 3168 0 12 37
E 3168 1 9 28
E 3168 2 6 18
T 3169 29 0 3 0
E 3169 0 5 17
E 3169 4 -7 -21
E 3169 5 -10 -31
T 3170 24 0 4 0
E 3170 0 8 26
E 3170 1 5 16
E 3170 4 -4 -13
E 3170 5 -7 -22
T 3171 19 0 3 0
E 3171 0 9 27
E 3171 1 6 18
E 3171 5 -7 -21
T 3172 29 0 3 0
E 3172 0 7 21
E 3172 4 -6 -18
E 3172 5 -9 -27
T 3173 19 0 3 0
E 3173 0 9 28
E 3173 1 6 19
E 3173 5 -6 -20
T 3174 24 1 4 0
E 3174 0 8 24
E 3174 1 4 14
E 3174 4 -4 -14
E 3174 5 -8 -24
T 3175 28 0 3 0
E 3175 0 7 22
E 3175 4 -5 -17
E 3175 5 -8 -26
T 3176 15 0 4 0
E 3176 0 11 33
E 3176 1 8 24
E 3176 2 4 14
E 3176 5 -5 -15
T 3177 33 0 4 0
E 3177 0 5 15
E 3177 3 -4 -14
E 3177 4 -8 -24
E 3177 5 -11 -33
T 3178 10 0 3 0
E 3178 0 12 36
E 3178 1 9 27
E 3178 2 5 17
T 3179 29 0 3 0
E 3179 0 5 17
E 3179 4 -7 -21
E 3179 5 -10 -31
T 3180 15 0 4 0
E 3180 0 11 35
E 3180 1 8 25
E 3180 2 5 15
E 3180 5 -4 -13
T 3181 37 0 3 0
E 3181 3 -6 -19
E 3181 4 -9 -28
E 3181 5 -12 -38
T 3182 11 0 3 0
E 3182 0 12 38
E 3182 1 9 28
E 3182 2 6 19
T 3183 37 0 3 0
E 3183 3 -6 -18
E 3183 4 -9 -28
E 3183 5 -12 -38
T 3184 11 0 3 0
E 3184 0 12 36
E 3184 1 8 26
E 3184 2 5 17
T 3185 37 0 3 0
E 3185 3 -6 -19
E 3185 4 -9 -29
E 3185 5 -12 -38
T 3186 6 0 4 0
E 3186 0 14 42
E 3186 1 11 33
E 3186 2 7 23
E 3186 3 4 13
T 3187 38 0 3 0
E 3187 3 -5 -17
E 3187 4 -9 -27
E 3187 5 -12 -36
T 3188 7 0 4 0
E 3188 0 13 41
E 3188 1 10 32
E 3188 2 7 22
E 3188 3 4 13
T 3189 42 0 4 0
E 3189 2 -5 -16
E 3189 3 -8 -26
E 3189 4 -11 -35
E 3189 5 -15 -45
T 3190 5 0 4 0
E 3190 0 16 49
E 3190 1 13 39
E 3190 2 9 29
E 3190 3 6 20
T 3191 43 0 4 0
E 3191 2 -6 -18
E 3191 3 -9 -28
E 3191 4 -12 -37
E 3191 5 -15 -47
T 3192 6 0 4 0
E 3192 0 14 44
E 3192 1 11 34
E 3192 2 8 25
E 3192 3 5 15
T 3193 33 0 4 0
E 3193 0 4 13
E 3193 3 -5 -15
E 3193 4 -8 -25
E 3193 5 -11 -35
T 3194 11 0 3 0
E 3194 0 13 39
E 3194 1 9 29
E 3194 2 6 20
T 3195 34 0 4 0
E 3195 0 4 14
E 3195 3 -5 -15
E 3195 4 -8 -25
E 3195 5 -11 -34
T 3196 19 0 3 0
E 3196 0 10 31
E 3196 1 7 22
E 3196 5 -5 -17
T 3197 32 0 4 0
E 3197 0 5 16
E 3197 3 -4 -13
E 3197 4 -7 -23
E 3197 5 -10 -32
T 3198 10 0 3 0
E 3198 0 12 36
E 3198 1 9 27
E 3198 2 5 17
T 3199 37 0 3 0
E 3199 3 -7 -22
E 3199 4 -10 -31
E 3199 5 -13 -41
T 3200 15 0 4 0
E 3200 0 11 35
E 3200 1 8 25
E 3200 2 5 15
E 3200 5 -4 -13
T 3201 37 0 3 0
E 3201 3 -5 -17
E 3201 4 -8 -26
E 3201 5 -12 -36
T 3202 10 0 3 0
E 3202 0 12 37
E 3202 1 9 27
E 3202 2 6 18
T 3203 41 0 4 0
E 3203 2 -4 -13
E 3203 3 -7 -22
E 3203 4 -10 -32
E 3203 5 -14 -42
T 3204 4 0 4 0
E 3204 0 16 49
E 3204 1 13 39
E 3204 2 10 30
E 3204 3 6 20
T 3205 42 0 4 0
E 3205 2 -4 -14
E 3205 3 -7 -23
E 3205 4 -11 -33
E 3205 5 -14 -42
T 3206 5 0 4 0
E 3206 0 15 45
E 3206 1 12 36
E 3206 2 8 26
E 3206 3 5 16
T 3207 42 0 4 0
E 3207 2 -4 -13
E 3207 3 -7 -23
E 3207 4 -11 -33
E 3207 5 -14 -42
T 3208 5 0 4 0
E 3208 0 15 47
E 3208 1 12 38
E 3208 2 9 28
E 3208 3 6 19
T 3209 42 0 4 0
E 3209 2 -4 -14
E 3209 3 -8 -24
E 3209 4 -11 -33
E 3209 5 -14 -43
T 3210 7 0 4 0
E 3210 0 14 43
E 3210 1 11 33
E 3210 2 7 23
E 3210 3 4 14
T 3211 37 0 3 0
E 3211 3 -6 -19
E 3211 4 -9 -28
E 3211 5 -12 -38
T 3212 7 0 4 0
E 3212 0 14 42
E 3212 1 10 32
E 3212 2 7 23
E 3212 3 4 13
T 3213 42 0 4 0
E 3213 2 -5 -15
E 3213 3 -8 -24
E 3213 4 -11 -34
E 3213 5 -14 -44
T 3214 10 0 3 0
E 3214 0 13 40
E 3214 1 10 30
E 3214 2 7 21
T 3215 38 0 3 0
E 3215 3 -5 -17
E 3215 4 -9 -27
E 3215 5 -12 -36
T 3216 10 0 3 0
E 3216 0 13 40
E 3216 1 10 31
E 3216 2 7 21
T 3217 34 0 3 0
E 3217 3 -7 -22
E 3217 4 -10 -32
E 3217 5 -13 -41
T 3218 2 0 4 0
E 3218 0 12 38
E 3218 1 11 34
E 3218 2 8 24
E 3218 3 5 15
T 3219 30 0 3 0
E 3219 3 -5 -15
E 3219 4 -8 -24
E 3219 5 -11 -34
T 3220 2 0 4 0
E 3220 0 11 33
E 3220 1 11 34
E 3220 2 8 24
E 3220 3 5 15
T 3221 29 0 4 0
E 3221 2 -4 -14
E 3221 3 -8 -24
E 3221 4 -11 -33
E 3221 5 -14 -43
T 3222 6 0 4 0
E 3222 0 10 31
E 3222 1 12 37
E 3222 2 9 28
E 3222 3 6 18
T 3223 27 0 5 0
E 3223 0 -4 -13
E 3223 2 -4 -14
E 3223 3 -7 -23
E 3223 4 -11 -33
E 3223 5 -14 -43
T 3224 1 0 3 0
E 3224 0 6 20
E 3224 1 8 26
E 3224 2 7 22
T 3225 11 0 2 0
E 3225 4 -6 -19
E 3225 5 -9 -28
T 3226 10 0 1 0
E 3226 5 -5 -17
T 3227 2 0 2 0
E 3227 1 5 15
E 3227 2 6 19
T 3228 3 0 1 0
E 3228 5 -6 -20
T 3229 2 0 1 0
E 3229 5 -6 -18
T 3230 1 0 0 0
T 3231 3 0 1 0
E 3231 2 4 13
T 3232 5 0 1 0
E 3232 5 -5 -16
T 3233 6 0 0 0
T 3234 8 0 1 0
E 3234 5 -4 -13
T 3235 12 0 0 0
T 3236 10 0 1 0
E 3236 0 -5 -15
T 3237 11 0 0 0
T 3238 10 0 0 0
T 3239 9 0 1 0
E 3239 0 -4 -13
T 3240 15 0 2 0
E 3240 3 4 13
E 3240 4 6 19
T 3241 14 0 1 0
E 3241 4 4 14
T 3242 9 0 1 0
E 3242 0 -4 -13
T 3243 11 0 1 0
E 3243 0 -5 -16
T 3244 18 0 2 0
E 3244 4 5 17
E 3244 5 6 18
T 3245 14 1 2 0
E 3245 0 -4 -14
E 3245 5 4 14
T 3246 9 0 2 0
E 3246 0 -7 -21
E 3246 1 -5 -15
T 3247 22 0 3 0
E 3247 3 4 14
E 3247 4 6 20
E 3247 5 8 26
T 3248 9 0 2 0
E 3248 0 -7 -21
E 3248 1 -5 -15
T 3249 14 0 2 0
E 3249 0 -4 -13
E 3249 5 5 17
T 3250 9 0 2 0
E 3250 0 -7 -21
E 3250 1 -5 -15
T 3251 22 0 3 0
E 3251 3 4 14
E 3251 4 6 20
E 3251 5 8 26
T 3252 12 0 1 0
E 3252 0 -6 -18
T 3253 14 0 2 0
E 3253 0 -4 -13
E 3253 5 5 17
T 3254 20 0 2 0
E 3254 4 4 14
E 3254 5 6 20
T 3255 16 0 2 0
E 3255 0 -5 -17
E 3255 5 4 13
T 3256 15 1 2 0
E 3256 0 -5 -15
E 3256 5 5 15
T 3257 14 0 2 0
E 3257 0 -4 -13
E 3257 5 5 17
T 3258 14 0 2 0
E 3258 0 -4 -13
E 3258 5 5 17
T 3259 10 0 2 0
E 3259 0 -6 -20
E 3259 1 -4 -14
T 3260 15 1 2 0
E 3260 0 -5 -15
E 3260 5 5 15
T 3261 10 0 2 0
E 3261 0 -7 -22
E 3261 1 -5 -16
T 3262 20 0 2 0
E 3262 4 6 18
E 3262 5 8 24
T 3263 7 0 3 0
E 3263 0 -8 -25
E 3263 1 -6 -19
E 3263 2 -4 -13
T 3264 19 0 2 0
E 3264 4 5 17
E 3264 5 7 23
T 3265 15 0 2 0
E 3265 0 -5 -16
E 3265 5 4 14
T 3266 22 0 2 0
E 3266 4 4 13
E 3266 5 6 19
T 3267 13 0 1 0
E 3267 0 -6 -19
T 3268 14 0 1 0
E 3268 0 -6 -20
T 3269 20 0 3 0
E 3269 0 -4 -14
E 3269 4 4 13
E 3269 5 6 19
T 3270 12 0 2 0
E 3270 0 -9 -27
E 3270 1 -6 -18
T 3271 17 1 2 0
E 3271 0 -5 -17
E 3271 5 5 17
T 3272 17 0 2 0
E 3272 0 -6 -18
E 3272 5 5 16
T 3273 12 0 2 0
E 3273 0 -8 -24
E 3273 1 -4 -14
T 3274 21 0 3 0
E 3274 0 -5 -16
E 3274 4 4 14
E 3274 5 6 20
T 3275 19 0 2 0
E 3275 0 -7 -21
E 3275 5 5 15
T 3276 12 0 2 0
E 3276 0 -8 -25
E 3276 1 -5 -15
T 3277 31 0 3 0
E 3277 3 5 15
E 3277 4 7 21
E 3277 5 9 27
T 3278 13 0 2 0
E 3278 0 -9 -27
E 3278 1 -5 -17
T 3279 28 0 4 0
E 3279 0 -4 -14
E 3279 3 4 13
E 3279 4 6 19
E 3279 5 8 25
T 3280 17 0 3 0
E 3280 0 -8 -26
E 3280 1 -5 -17
E 3280 5 4 13
T 3281 17 0 3 0
E 3281 0 -8 -25
E 3281 1 -5 -15
E 3281 5 5 15
T 3282 25 0 3 0
E 3282 0 -6 -19
E 3282 4 5 15
E 3282 5 7 21
T 3283 14 0 2 0
E 3283 0 -9 -29
E 3283 1 -6 -19
T 3284 35 0 3 0
E 3284 3 6 18
E 3284 4 8 25
E 3284 5 10 31
T 3285 10 0 3 0
E 3285 0 -11 -33
E 3285 1 -8 -24
E 3285 2 -4 -14
T 3286 39 0 4 0
E 3286 2 4 13
E 3286 3 7 23
E 3286 4 10 31
E 3286 5 12 37
T 3287 5 0 4 0
E 3287 0 -15 -45
E 3287 1 -12 -36
E 3287 2 -8 -26
E 3287 3 -5 -17
T 3288 39 0 4 0
E 3288 2 4 13
E 3288 3 7 23
E 3288 4 10 32
E 3288 5 12 38
T 3289 7 0 4 0
E 3289 0 -14 -42
E 3289 1 -10 -32
E 3289 2 -7 -22
E 3289 3 -4 -13
T 3290 42 0 4 0
E 3290 2 5 17
E 3290 3 9 27
E 3290 4 12 36
E 3290 5 14 43
T 3291 10 0 3 0
E 3291 0 -13 -40
E 3291 1 -10 -30
E 3291 2 -7 -21
T 3292 36 0 3 0
E 3292 3 5 17
E 3292 4 9 27
E 3292 5 11 35
T 3293 10 0 3 0
E 3293 0 -12 -37
E 3293 1 -9 -27
E 3293 2 -6 -18
T 3294 32 0 4 0
E 3294 0 -5 -16
E 3294 3 4 13
E 3294 4 7 23
E 3294 5 10 32
T 3295 19 0 3 0
E 3295 0 -10 -31
E 3295 1 -7 -22
E 3295 5 5 17
T 3296 24 0 4 0
E 3296 0 -8 -26
E 3296 1 -5 -16
E 3296 4 4 13
E 3296 5 7 22
T 3297 19 0 3 0
E 3297 0 -9 -27
E 3297 1 -6 -18
E 3297 5 7 21
T 3298 20 0 3 0
E 3298 0 -8 -26
E 3298 1 -5 -16
E 3298 5 7 22
T 3299 24 0 4 0
E 3299 0 -8 -26
E 3299 1 -5 -16
E 3299 4 4 13
E 3299 5 7 22
T 3300 23 0 4 0
E 3300 0 -8 -25
E 3300 1 -5 -16
E 3300 4 4 13
E 3300 5 7 23
T 3301 28 0 3 0
E 3301 0 -6 -19
E 3301 4 6 20
E 3301 5 9 29
T 3302 15 0 4 0
E 3302 0 -11 -35
E 3302 1 -8 -26
E 3302 2 -5 -16
E 3302 5 4 13
T 3303 29 0 3 0
E 3303 0 -6 -20
E 3303 4 6 18
E 3303 5 9 28
T 3304 20 0 3 0
E 3304 0 -9 -29
E 3304 1 -6 -19
E 3304 5 6 19
T 3305 28 0 3 0
E 3305 0 -7 -21
E 3305 4 5 17
E 3305 5 9 27
T 3306 15 0 4 0
E 3306 0 -11 -35
E 3306 1 -8 -25
E 3306 2 -5 -16
E 3306 5 4 13
T 3307 29 0 3 0
E 3307 0 -6 -20
E 3307 4 6 18
E 3307 5 9 28
T 3308 20 0 3 0
E 3308 0 -9 -29
E 3308 1 -6 -19
E 3308 5 6 19
T 3309 28 0 3 0
E 3309 0 -6 -19
E 3309 4 6 20
E 3309 5 9 29
T 3310 25 0 4 0
E 3310 0 -7 -23
E 3310 1 -4 -14
E 3310 4 5 15
E 3310 5 8 25
T 3311 20 0 3 0
E 3311 0 -9 -27
E 3311 1 -5 -17
E 3311 5 7 21
T 3312 24 0 4 0
E 3312 0 -7 -22
E 3312 1 -4 -13
E 3312 4 5 16
E 3312 5 8 26
T 3313 28 0 3 0
E 3313 0 -7 -22
E 3313 4 5 16
E 3313 5 8 26
T 3314 15 0 4 0
E 3314 0 -11 -35
E 3314 1 -8 -25
E 3314 2 -5 -15
E 3314 5 4 13
T 3315 28 0 3 0
E 3315 0 -6 -19
E 3315 4 6 19
E 3315 5 9 29
T 3316 23 0 4 0
E 3316 0 -8 -25
E 3316 1 -5 -15
E 3316 4 4 14
E 3316 5 7 23
T 3317 23 0 4 0
E 3317 0 -8 -25
E 3317 1 -5 -16
E 3317 4 4 13
E 3317 5 7 23
T 3318 24 1 4 0
E 3318 0 -8 -24
E 3318 1 -4 -14
E 3318 4 4 14
E 3318 5 8 24
T 3319 19 0 3 0
E 3319 0 -10 -31
E 3319 1 -7 -21
E 3319 5 5 17
T 3320 34 0 4 0
E 3320 0 -4 -14
E 3320 3 5 15
E 3320 4 8 24
E 3320 5 11 34
T 3321 14 0 4 0
E 3321 0 -11 -34
E 3321 1 -8 -24
E 3321 2 -5 -15
E 3321 5 4 14
T 3322 37 0 3 0
E 3322 3 5 16
E 3322 4 8 26
E 3322 5 12 36
T 3323 11 0 3 0
E 3323 0 -12 -36
E 3323 1 -8 -26
E 3323 2 -5 -17
T 3324 29 0 3 0
E 3324 0 -5 -17
E 3324 4 7 22
E 3324 5 10 31
T 3325 19 0 3 0
E 3325 0 -9 -28
E 3325 1 -6 -19
E 3325 5 6 20
T 3326 29 0 3 0
E 3326 0 -5 -17
E 3326 4 7 22
E 3326 5 10 31
T 3327 19 0 3 0
E 3327 0 -9 -27
E 3327 1 -6 -18
E 3327 5 7 21
T 3328 25 0 4 0
E 3328 0 -7 -23
E 3328 1 -4 -13
E 3328 4 5 15
E 3328 5 8 25
T 3329 20 0 3 0
E 3329 0 -9 -29
E 3329 1 -6 -19
E 3329 5 6 19
T 3330 19 0 3 0
E 3330 0 -9 -27
E 3330 1 -6 -18
E 3330 5 7 21
T 3331 29 0 3 0
E 3331 0 -6 -20
E 3331 4 6 19
E 3331 5 9 28
T 3332 19 0 3 0
E 3332 0 -10 -31
E 3332 1 -7 -22
E 3332 5 5 17
T 3333 20 0 3 0
E 3333 0 -8 -26
E 3333 1 -5 -16
E 3333 5 7 22
T 3334 29 0 3 0
E 3334 0 -5 -17
E 3334 4 7 22
E 3334 5 10 31
T 3335 19 0 3 0
E 3335 0 -9 -27
E 3335 1 -6 -18
E 3335 5 7 21
T 3336 28 0 3 0
E 3336 0 -6 -19
E 3336 4 6 20
E 3336 5 9 29
T 3337 23 0 4 0
E 3337 0 -8 -24
E 3337 1 -5 -15
E 3337 4 4 14
E 3337 5 8 24
T 3338 29 0 3 0
E 3338 0 -6 -20
E 3338 4 6 18
E 3338 5 9 28
T 3339 11 0 3 0
E 3339 0 -12 -37
E 3339 1 -9 -27
E 3339 2 -5 -17
T 3340 34 0 4 0
E 3340 0 -4 -14
E 3340 3 5 15
E 3340 4 8 24
E 3340 5 11 34
T 3341 10 0 3 0
E 3341 0 -13 -40
E 3341 1 -10 -30
E 3341 2 -7 -21
T 3342 41 0 4 0
E 3342 2 4 14
E 3342 3 7 23
E 3342 4 11 33
E 3342 5 14 43
T 3343 11 0 3 0
E 3343 0 -13 -41
E 3343 1 -10 -31
E 3343 2 -7 -22
T 3344 41 0 4 0
E 3344 2 4 13
E 3344 3 7 22
E 3344 4 10 32
E 3344 5 13 41
T 3345 10 0 3 0
E 3345 0 -13 -39
E 3345 1 -10 -30
E 3345 2 -6 -20
T 3346 37 0 3 0
E 3346 3 6 19
E 3346 4 9 29
E 3346 5 12 38
T 3347 11 0 3 0
E 3347 0 -12 -38
E 3347 1 -9 -29
E 3347 2 -6 -19
T 3348 37 0 3 0
E 3348 3 6 19
E 3348 4 9 28
E 3348 5 12 38
T 3349 11 0 3 0
E 3349 0 -13 -41
E 3349 1 -10 -31
E 3349 2 -7 -21
T 3350 33 0 4 0
E 3350 0 -4 -13
E 3350 3 5 16
E 3350 4 8 25
E 3350 5 11 35
T 3351 11 0 3 0
E 3351 0 -12 -38
E 3351 1 -9 -28
E 3351 2 -6 -19
T 3352 41 0 4 0
E 3352 2 4 13
E 3352 3 7 22
E 3352 4 10 32
E 3352 5 14 42
T 3353 6 0 4 0
E 3353 0 -14 -44
E 3353 1 -11 -34
E 3353 2 -8 -25
E 3353 3 -5 -15
T 3354 38 0 3 0
E 3354 3 6 20
E 3354 4 10 30
E 3354 5 13 39
T 3355 14 0 4 0
E 3355 0 -11 -34
E 3355 1 -8 -25
E 3355 2 -5 -15
E 3355 5 4 14
T 3356 34 0 4 0
E 3356 0 -4 -14
E 3356 3 5 15
E 3356 4 8 25
E 3356 5 11 34
T 3357 11 0 3 0
E 3357 0 -12 -38
E 3357 1 -9 -29
E 3357 2 -6 -19
T 3358 37 0 3 0
E 3358 3 6 20
E 3358 4 9 29
E 3358 5 13 39
T 3359 6 0 4 0
E 3359 0 -15 -45
E 3359 1 -11 -35
E 3359 2 -8 -25
E 3359 3 -5 -16
T 3360 1 0 4 0
E 3360 0 12 38
E 3360 3 6 19
E 3360 4 9 28
E 3360 5 12 38
T 3361 31 0 3 0
E 3361 1 -13 -40
E 3361 2 -10 -31
E 3361 3 -7 -21
T 3362 8 0 3 0
E 3362 0 11 33
E 3362 4 5 17
E 3362 5 9 27
T 3363 36 0 3 0
E 3363 1 -12 -38
E 3363 2 -9 -29
E 3363 3 -6 -19
T 3364 22 0 3 0
E 3364 0 11 33
E 3364 1 -6 -18
E 3364 5 6 20
T 3365 29 0 4 0
E 3365 0 10 30
E 3365 1 -8 -25
E 3365 2 -5 -15
E 3365 5 4 14
T 3366 19 0 3 0
E 3366 0 10 30
E 3366 1 7 21
E 3366 2 -6 -18
T 3367 36 0 4 0
E 3367 0 5 17
E 3367 2 -11 -34
E 3367 3 -8 -25
E 3367 4 -5 -15
T 3368 17 0 4 0
E 3368 0 13 41
E 3368 1 10 32
E 3368 2 -4 -13
E 3368 5 5 16
T 3369 40 0 4 0
E 3369 0 7 21
E 3369 2 -12 -36
E 3369 3 -9 -27
E 3369 4 -5 -17
T 3370 24 0 3 0
E 3370 0 14 44
E 3370 1 11 34
E 3370 2 -5 -17
T 3371 42 0 5 0
E 3371 0 7 23
E 3371 1 4 14
E 3371 2 -13 -41
E 3371 3 -10 -31
E 3371 4 -7 -21
T 3372 16 0 4 0
E 3372 0 13 41
E 3372 1 10 31
E 3372 2 7 22
E 3372 3 -5 -17
T 3373 43 0 4 0
E 3373 0 7 21
E 3373 3 -13 -39
E 3373 4 -10 -30
E 3373 5 -6 -20
T 3374 24 0 5 0
E 3374 0 13 39
E 3374 1 9 29
E 3374 2 6 20
E 3374 3 -8 -25
E 3374 4 -5 -15
T 3375 42 0 5 0
E 3375 0 9 28
E 3375 1 6 18
E 3375 3 -13 -39
E 3375 4 -10 -30
E 3375 5 -6 -20
T 3376 25 0 5 0
E 3376 0 14 42
E 3376 1 11 33
E 3376 2 7 23
E 3376 3 -9 -28
E 3376 4 -6 -18
T 3377 50 0 5 0
E 3377 0 8 26
E 3377 1 5 16
E 3377 3 -16 -48
E 3377 4 -12 -38
E 3377 5 -9 -28
T 3378 11 0 5 0
E 3378 0 15 47
E 3378 1 12 38
E 3378 2 9 28
E 3378 3 6 19
E 3378 4 -6 -20
T 3379 53 0 3 0
E 3379 3 -7 -22
E 3379 4 -21 -63
E 3379 5 -18 -54
T 3380 5 0 5 0
E 3380 0 20 61
E 3380 1 17 51
E 3380 2 13 41
E 3380 3 10 32
E 3380 4 -4 -13
T 3381 61 0 4 0
E 3381 2 -5 -16
E 3381 3 -8 -26
E 3381 4 -24 -73
E 3381 5 -21 -64
T 3382 13 0 6 0
E 3382 0 19 57
E 3382 1 15 47
E 3382 2 12 38
E 3382 3 9 28
E 3382 4 -7 -23
E 3382 5 -4 -13
T 3383 60 0 3 0
E 3383 3 -5 -16
E 3383 4 -23 -71
E 3383 5 -20 -61
T 3384 1 0 6 0
E 3384 0 19 58
E 3384 1 16 48
E 3384 2 13 39
E 3384 3 9 29
E 3384 4 6 20
E 3384 5 -6 -19
T 3385 54 0 4 0
E 3385 2 -5 -15
E 3385 3 -8 -24
E 3385 4 -11 -34
E 3385 5 -25 -75
T 3386 15 0 5 0
E 3386 0 16 50
E 3386 1 13 41
E 3386 2 10 31
E 3386 3 7 21
E 3386 5 -11 -33
T 3387 45 0 4 0
E 3387 0 5 15
E 3387 3 -4 -14
E 3387 4 -8 -24
E 3387 5 -23 -71
T 3388 17 0 5 0
E 3388 0 16 50
E 3388 1 13 41
E 3388 2 10 31
E 3388 3 7 22
E 3388 5 -13 -39
T 3389 49 0 4 0
E 3389 0 4 14
E 3389 3 -5 -15
E 3389 4 -8 -24
E 3389 5 -26 -79
T 3390 4 0 5 0
E 3390 0 19 57
E 3390 1 15 47
E 3390 2 12 37
E 3390 3 9 28
E 3390 4 6 18
T 3391 44 0 4 0
E 3391 2 -6 -20
E 3391 3 -10 -30
E 3391 4 -13 -39
E 3391 5 -16 -49
T 3392 7 0 4 0
E 3392 0 14 42
E 3392 1 10 32
E 3392 2 7 23
E 3392 3 4 13
T 3393 41 0 4 0
E 3393 2 -4 -14
E 3393 3 -7 -23
E 3393 4 -11 -33
E 3393 5 -14 -43
T 3394 11 0 3 0
E 3394 0 12 38
E 3394 1 9 28
E 3394 2 6 19
T 3395 38 0 3 0
E 3395 3 -5 -17
E 3395 4 -9 -27
E 3395 5 -12 -36
T 3396 11 0 3 0
E 3396 0 13 41
E 3396 1 10 32
E 3396 2 7 22
T 3397 29 0 3 0
E 3397 0 6 18
E 3397 4 -7 -21
E 3397 5 -10 -30
T 3398 15 0 4 0
E 3398 0 11 35
E 3398 1 8 26
E 3398 2 5 16
E 3398 5 -4 -13
T 3399 29 0 3 0
E 3399 0 5 17
E 3399 4 -7 -21
E 3399 5 -10 -31
T 3400 20 0 3 0
E 3400 0 10 30
E 3400 1 6 20
E 3400 5 -6 -18
T 3401 32 0 4 0
E 3401 0 5 16
E 3401 3 -4 -13
E 3401 4 -7 -22
E 3401 5 -10 -32
T 3402 16 0 4 0
E 3402 0 11 33
E 3402 1 7 23
E 3402 2 4 14
E 3402 5 -5 -15
T 3403 24 0 4 0
E 3403 0 7 22
E 3403 1 4 13
E 3403 4 -5 -16
E 3403 5 -8 -26
T 3404 20 0 3 0
E 3404 0 10 30
E 3404 1 6 20
E 3404 5 -6 -18
T 3405 29 0 3 0
E 3405 0 5 17
E 3405 4 -7 -22
E 3405 5 -10 -31
T 3406 16 0 4 0
E 3406 0 10 32
E 3406 1 7 23
E 3406 2 4 13
E 3406 5 -5 -16
T 3407 38 0 3 0
E 3407 3 -5 -17
E 3407 4 -9 -27
E 3407 5 -12 -36
T 3408 6 0 4 0
E 3408 0 14 42
E 3408 1 11 33
E 3408 2 7 23
E 3408 3 4 14
T 3409 33 0 4 0
E 3409 0 4 13
E 3409 3 -5 -16
E 3409 4 -8 -25
E 3409 5 -11 -35
T 3410 19 0 3 0
E 3410 0 10 31
E 3410 1 7 21
E 3410 5 -5 -17
T 3411 32 0 4 0
E 3411 0 5 15
E 3411 3 -4 -14
E 3411 4 -7 -23
E 3411 5 -11 -33
T 3412 16 0 4 0
E 3412 0 11 33
E 3412 1 7 23
E 3412 2 4 14
E 3412 5 -5 -15
T 3413 32 0 4 0
E 3413 0 5 15
E 3413 3 -4 -13
E 3413 4 -7 -23
E 3413 5 -11 -33
T 3414 14 0 4 0
E 3414 0 11 34
E 3414 1 8 24
E 3414 2 5 15
E 3414 5 -4 -14
T 3415 33 0 4 0
E 3415 0 4 13
E 3415 3 -5 -16
E 3415 4 -8 -26
E 3415 5 -11 -35
T 3416 11 0 3 0
E 3416 0 12 38
E 3416 1 9 29
E 3416 2 6 19
T 3417 29 0 3 0
E 3417 0 6 18
E 3417 4 -7 -21
E 3417 5 -10 -30
T 3418 20 0 3 0
E 3418 0 8 26
E 3418 1 5 17
E 3418 5 -7 -22
T 3419 25 0 4 0
E 3419 0 7 23
E 3419 1 4 13
E 3419 4 -5 -15
E 3419 5 -8 -25
T 3420 25 0 4 0
E 3420 0 7 23
E 3420 1 4 13
E 3420 4 -5 -16
E 3420 5 -8 -25
T 3421 19 0 3 0
E 3421 0 10 31
E 3421 1 7 22
E 3421 5 -5 -17
T 3422 29 0 3 0
E 3422 0 6 18
E 3422 4 -7 -21
E 3422 5 -10 -30
T 3423 14 0 4 0
E 3423 0 11 34
E 3423 1 8 25
E 3423 2 5 15
E 3423 5 -4 -14
T 3424 33 0 4 0
E 3424 0 4 13
E 3424 3 -5 -16
E 3424 4 -8 -25
E 3424 5 -11 -35
T 3425 15 0 4 0
E 3425 0 11 34
E 3425 1 8 24
E 3425 2 4 14
E 3425 5 -4 -14
T 3426 34 0 4 0
E 3426 0 4 14
E 3426 3 -5 -15
E 3426 4 -8 -24
E 3426 5 -11 -34
T 3427 14 0 4 0
E 3427 0 11 34
E 3427 1 8 24
E 3427 2 5 15
E 3427 5 -4 -14
T 3428 33 0 4 0
E 3428 0 4 14
E 3428 3 -4 -14
E 3428 4 -8 -24
E 3428 5 -11 -34
T 3429 20 0 3 0
E 3429 0 10 30
E 3429 1 6 20
E 3429 5 -6 -18
T 3430 20 0 3 0
E 3430 0 9 27
E 3430 1 5 17
E 3430 5 -7 -21
T 3431 23 0 4 0
E 3431 0 8 25
E 3431 1 5 16
E 3431 4 -4 -13
E 3431 5 -7 -23
T 3432 19 0 3 0
E 3432 0 10 31
E 3432 1 7 21
E 3432 5 -5 -17
T 3433 28 0 3 0
E 3433 0 5 16
E 3433 4 -7 -22
E 3433 5 -10 -32
T 3434 20 0 3 0
E 3434 0 9 27
E 3434 1 5 17
E 3434 5 -7 -21
T 3435 19 0 3 0
E 3435 0 9 28
E 3435 1 6 18
E 3435 5 -6 -20
T 3436 32 0 4 0
E 3436 0 5 15
E 3436 3 -4 -14
E 3436 4 -7 -23
E 3436 5 -11 -33
T 3437 10 0 3 0
E 3437 0 13 40
E 3437 1 10 30
E 3437 2 7 21
T 3438 37 0 3 0
E 3438 3 -5 -17
E 3438 4 -9 -27
E 3438 5 -12 -37
T 3439 16 0 4 0
E 3439 0 11 33
E 3439 1 7 23
E 3439 2 4 14
E 3439 5 -5 -15
T 3440 29 0 3 0
E 3440 0 5 17
E 3440 4 -7 -22
E 3440 5 -10 -31
T 3441 20 0 3 0
E 3441 0 9 29
E 3441 1 6 20
E 3441 5 -6 -19
T 3442 29 0 3 0
E 3442 0 6 18
E 3442 4 -7 -21
E 3442 5 -10 -30
T 3443 16 0 4 0
E 3443 0 10 32
E 3443 1 7 23
E 3443 2 4 13
E 3443 5 -5 -16
T 3444 29 0 3 0
E 3444 0 6 20
E 3444 4 -6 -18
E 3444 5 -9 -28
T 3445 11 0 3 0
E 3445 0 12 36
E 3445 1 8 26
E 3445 2 5 16
T 3446 38 0 3 0
E 3446 3 -6 -18
E 3446 4 -9 -27
E 3446 5 -12 -37
T 3447 11 0 3 0
E 3447 0 13 41
E 3447 1 10 31
E 3447 2 7 22
T 3448 37 0 3 0
E 3448 3 -6 -19
E 3448 4 -9 -29
E 3448 5 -13 -39
T 3449 7 0 4 0
E 3449 0 14 42
E 3449 1 10 32
E 3449 2 7 23
E 3449 3 4 13
T 3450 33 0 4 0
E 3450 0 5 15
E 3450 3 -4 -14
E 3450 4 -8 -24
E 3450 5 -11 -33
T 3451 20 0 3 0
E 3451 0 9 29
E 3451 1 6 20
E 3451 5 -6 -19
T 3452 25 0 4 0
E 3452 0 7 23
E 3452 1 4 13
E 3452 4 -5 -16
E 3452 5 -8 -25
T 3453 19 0 3 0
E 3453 0 10 30
E 3453 1 7 21
E 3453 5 -6 -18
T 3454 29 0 3 0
E 3454 0 6 20
E 3454 4 -6 -18
E 3454 5 -9 -28
T 3455 19 0 3 0
E 3455 0 10 31
E 3455 1 7 21
E 3455 5 -5 -17
T 3456 29 0 3 0
E 3456 0 6 20
E 3456 4 -6 -18
E 3456 5 -9 -28
T 3457 22 0 4 0
E 3457 0 7 23
E 3457 1 5 16
E 3457 4 -4 -13
E 3457 5 -7 -22
T 3458 21 0 4 0
E 3458 0 5 17
E 3458 1 4 13
E 3458 4 -5 -16
E 3458 5 -8 -26
T 3459 10 0 4 0
E 3459 0 8 24
E 3459 1 7 22
E 3459 2 4 13
E 3459 5 -5 -16
T 3460 24 0 2 0
E 3460 4 -7 -21
E 3460 5 -10 -30
T 3461 2 0 3 0
E 3461 0 9 28
E 3461 1 10 32
E 3461 2 7 22
T 3462 22 0 3 0
E 3462 3 -6 -18
E 3462 4 -9 -28
E 3462 5 -12 -37
T 3463 5 0 4 0
E 3463 0 8 26
E 3463 1 10 32
E 3463 2 8 25
E 3463 3 5 16
T 3464 14 0 2 0
E 3464 4 -6 -18
E 3464 5 -9 -28
T 3465 7 0 4 0
E 3465 0 6 18
E 3465 1 8 24
E 3465 2 7 22
E 3465 3 4 13
T 3466 8 0 2 0
E 3466 4 -7 -21
E 3466 5 -10 -31
T 3467 2 0 2 0
E 3467 1 5 15
E 3467 2 6 19
T 3468 3 0 1 0
E 3468 5 -7 -21
T 3469 1 1 2 0
E 3469 2 4 13
E 3469 5 -4 -13
T 3470 1 0 1 0
E 3470 5 -4 -14
T 3471 5 0 2 0
E 3471 2 5 16
E 3471 3 4 14
T 3472 3 0 1 0
E 3472 5 -4 -13
T 3473 7 0 1 0
E 3473 3 4 13
T 3474 9 0 1 0
E 3474 3 4 13
T 3475 10 0 0 0
T 3476 7 0 0 0
T 3477 12 0 2 0
E 3477 3 5 15
E 3477 4 4 13
T 3478 9 0 0 0
T 3479 14 0 2 0
E 3479 3 4 14
E 3479 4 6 18
T 3480 9 0 2 0
E 3480 0 -6 -19
E 3480 1 -4 -13
T 3481 15 0 1 0
E 3481 4 4 13
T 3482 15 0 1 0
E 3482 4 4 13
T 3483 10 0 2 0
E 3483 0 -6 -20
E 3483 1 -4 -14
T 3484 21 0 3 0
E 3484 3 4 13
E 3484 4 6 19
E 3484 5 6 20
T 3485 7 0 3 0
E 3485 0 -8 -25
E 3485 1 -6 -19
E 3485 2 -4 -13
T 3486 23 0 3 0
E 3486 3 5 16
E 3486 4 7 22
E 3486 5 9 28
T 3487 9 0 2 0
E 3487 0 -7 -21
E 3487 1 -5 -15
T 3488 20 0 2 0
E 3488 4 4 14
E 3488 5 6 20
T 3489 6 0 3 0
E 3489 0 -9 -27
E 3489 1 -7 -21
E 3489 2 -5 -15
T 3490 21 0 2 0
E 3490 4 5 15
E 3490 5 7 21
T 3491 6 0 3 0
E 3491 0 -9 -27
E 3491 1 -7 -21
E 3491 2 -5 -15
T 3492 20 0 2 0
E 3492 4 5 16
E 3492 5 7 22
T 3493 16 0 2 0
E 3493 0 -5 -17
E 3493 5 4 13
T 3494 10 0 2 0
E 3494 0 -7 -22
E 3494 1 -5 -16
T 3495 21 0 2 0
E 3495 4 4 13
E 3495 5 6 19
T 3496 15 0 2 0
E 3496 0 -5 -16
E 3496 5 4 14
T 3497 20 0 2 0
E 3497 4 4 14
E 3497 5 6 20
T 3498 15 0 2 0
E 3498 0 -5 -16
E 3498 5 4 14
T 3499 10 0 2 0
E 3499 0 -7 -22
E 3499 1 -5 -16
T 3500 14 0 2 0
E 3500 0 -4 -13
E 3500 5 5 17
T 3501 15 0 2 0
E 3501 0 -5 -16
E 3501 5 4 14
T 3502 10 0 2 0
E 3502 0 -7 -22
E 3502 1 -5 -16
T 3503 15 1 2 0
E 3503 0 -5 -15
E 3503 5 5 15
T 3504 9 0 2 0
E 3504 0 -7 -21
E 3504 1 -5 -15
T 3505 18 0 1 0
E 3505 5 6 18
T 3506 11 0 2 0
E 3506 0 -8 -25
E 3506 1 -6 -18
T 3507 21 0 2 0
E 3507 4 5 16
E 3507 5 7 22
T 3508 12 0 2 0
E 3508 0 -8 -26
E 3508 1 -6 -18
T 3509 18 0 2 0
E 3509 0 -6 -20
E 3509 5 4 13
T 3510 17 1 2 0
E 3510 0 -5 -17
E 3510 5 5 16
T 3511 18 0 2 0
E 3511 0 -6 -20
E 3511 5 4 14
T 3512 18 0 2 0
E 3512 0 -7 -21
E 3512 5 4 13
T 3513 22 0 3 0
E 3513 0 -4 -14
E 3513 4 5 15
E 3513 5 7 21
T 3514 13 0 2 0
E 3514 0 -8 -26
E 3514 1 -5 -16
T 3515 18 0 2 0
E 3515 0 -6 -19
E 3515 5 5 17
T 3516 12 0 2 0
E 3516 0 -8 -25
E 3516 1 -5 -15
T 3517 22 0 3 0
E 3517 0 -5 -17
E 3517 4 4 14
E 3517 5 6 20
T 3518 16 0 3 0
E 3518 0 -8 -24
E 3518 1 -4 -14
E 3518 5 4 14
T 3519 24 0 3 0
E 3519 0 -6 -18
E 3519 4 5 15
E 3519 5 7 21
T 3520 13 0 2 0
E 3520 0 -9 -28
E 3520 1 -6 -19
T 3521 30 0 4 0
E 3521 0 -4 -13
E 3521 3 5 15
E 3521 4 7 21
E 3521 5 9 27
T 3522 13 0 2 0
E 3522 0 -9 -28
E 3522 1 -6 -19
T 3523 29 0 4 0
E 3523 0 -5 -16
E 3523 3 4 13
E 3523 4 6 19
E 3523 5 8 25
T 3524 15 0 2 0
E 3524 0 -10 -32
E 3524 1 -7 -22
T 3525 34 0 3 0
E 3525 3 6 19
E 3525 4 8 26
E 3525 5 10 32
T 3526 11 0 3 0
E 3526 0 -11 -33
E 3526 1 -7 -23
E 3526 2 -4 -14
T 3527 34 0 3 0
E 3527 3 5 17
E 3527 4 8 26
E 3527 5 10 32
T 3528 11 0 3 0
E 3528 0 -12 -36
E 3528 1 -8 -26
E 3528 2 -5 -17
T 3529 37 0 3 0
E 3529 3 6 18
E 3529 4 9 28
E 3529 5 11 34
T 3530 6 0 4 0
E 3530 0 -14 -43
E 3530 1 -11 -34
E 3530 2 -8 -24
E 3530 3 -4 -14
T 3531 41 0 4 0
E 3531 2 4 13
E 3531 3 7 23
E 3531 4 11 33
E 3531 5 13 40
T 3532 5 0 4 0
E 3532 0 -15 -45
E 3532 1 -12 -36
E 3532 2 -8 -26
E 3532 3 -5 -17
T 3533 38 0 3 0
E 3533 3 6 18
E 3533 4 9 27
E 3533 5 12 36
T 3534 11 0 3 0
E 3534 0 -13 -41
E 3534 1 -10 -31
E 3534 2 -7 -21
T 3535 41 0 4 0
E 3535 2 4 13
E 3535 3 7 23
E 3535 4 10 32
E 3535 5 14 42
T 3536 4 0 4 0
E 3536 0 -16 -49
E 3536 1 -13 -39
E 3536 2 -10 -30
E 3536 3 -6 -20
T 3537 42 0 4 0
E 3537 2 5 16
E 3537 3 8 25
E 3537 4 11 35
E 3537 5 15 45
T 3538 6 0 4 0
E 3538 0 -15 -45
E 3538 1 -11 -35
E 3538 2 -8 -26
E 3538 3 -5 -16
T 3539 33 0 4 0
E 3539 0 -4 -13
E 3539 3 5 16
E 3539 4 8 26
E 3539 5 11 35
T 3540 16 0 4 0
E 3540 0 -10 -32
E 3540 1 -7 -23
E 3540 2 -4 -13
E 3540 5 5 16
T 3541 28 0 3 0
E 3541 0 -7 -22
E 3541 4 5 17
E 3541 5 8 26
T 3542 15 0 4 0
E 3542 0 -11 -35
E 3542 1 -8 -26
E 3542 2 -5 -16
E 3542 5 4 13
T 3543 28 0 3 0
E 3543 0 -7 -22
E 3543 4 5 16
E 3543 5 8 26
T 3544 11 0 3 0
E 3544 0 -12 -36
E 3544 1 -8 -26
E 3544 2 -5 -16
T 3545 32 0 4 0
E 3545 0 -5 -15
E 3545 3 4 14
E 3545 4 7 23
E 3545 5 11 33
T 3546 10 0 3 0
E 3546 0 -13 -40
E 3546 1 -10 -30
E 3546 2 -7 -21
T 3547 37 0 3 0
E 3547 3 5 16
E 3547 4 8 26
E 3547 5 12 36
T 3548 6 0 4 0
E 3548 0 -15 -45
E 3548 1 -11 -35
E 3548 2 -8 -26
E 3548 3 -5 -16
T 3549 37 0 3 0
E 3549 3 6 19
E 3549 4 9 29
E 3549 5 12 38
T 3550 10 0 3 0
E 3550 0 -12 -36
E 3550 1 -9 -27
E 3550 2 -5 -17
T 3551 38 0 3 0
E 3551 3 6 20
E 3551 4 10 30
E 3551 5 13 39
T 3552 11 0 3 0
E 3552 0 -12 -38
E 3552 1 -9 -29
E 3552 2 -6 -19
T 3553 33 0 4 0
E 3553 0 -4 -13
E 3553 3 5 16
E 3553 4 8 25
E 3553 5 11 35
T 3554 11 0 3 0
E 3554 0 -12 -38
E 3554 1 -9 -28
E 3554 2 -6 -18
T 3555 38 0 3 0
E 3555 3 7 21
E 3555 4 10 30
E 3555 5 13 40
T 3556 7 0 4 0
E 3556 0 -14 -42
E 3556 1 -10 -32
E 3556 2 -7 -23
E 3556 3 -4 -13
T 3557 41 0 4 0
E 3557 2 4 13
E 3557 3 7 22
E 3557 4 10 32
E 3557 5 14 42
T 3558 4 0 4 0
E 3558 0 -16 -49
E 3558 1 -13 -39
E 3558 2 -10 -30
E 3558 3 -6 -20
T 3559 44 0 4 0
E 3559 2 6 18
E 3559 3 9 27
E 3559 4 12 37
E 3559 5 15 46
T 3560 5 0 4 0
E 3560 0 -15 -46
E 3560 1 -12 -37
E 3560 2 -9 -27
E 3560 3 -5 -17
T 3561 42 0 4 0
E 3561 2 4 13
E 3561 3 7 23
E 3561 4 11 33
E 3561 5 14 42
T 3562 5 0 4 0
E 3562 0 -15 -45
E 3562 1 -12 -36
E 3562 2 -8 -26
E 3562 3 -5 -17
T 3563 38 0 3 0
E 3563 3 6 18
E 3563 4 9 27
E 3563 5 12 37
T 3564 11 0 3 0
E 3564 0 -13 -40
E 3564 1 -10 -30
E 3564 2 -6 -20
T 3565 34 0 4 0
E 3565 0 -4 -14
E 3565 3 5 15
E 3565 4 8 24
E 3565 5 11 34
T 3566 16 0 4 0
E 3566 0 -11 -33
E 3566 1 -7 -23
E 3566 2 -4 -14
E 3566 5 5 15
T 3567 37 0 3 0
E 3567 3 5 16
E 3567 4 8 26
E 3567 5 12 36
T 3568 11 0 3 0
E 3568 0 -12 -38
E 3568 1 -9 -28
E 3568 2 -6 -19
T 3569 33 0 4 0
E 3569 0 -5 -15
E 3569 3 4 14
E 3569 4 8 24
E 3569 5 11 33
T 3570 10 0 3 0
E 3570 0 -13 -40
E 3570 1 -10 -31
E 3570 2 -7 -21
T 3571 37 0 3 0
E 3571 3 6 19
E 3571 4 9 29
E 3571 5 12 38
T 3572 10 0 3 0
E 3572 0 -13 -40
E 3572 1 -10 -31
E 3572 2 -7 -21
T 3573 33 0 4 0
E 3573 0 -4 -13
E 3573 3 5 16
E 3573 4 8 25
E 3573 5 11 35
T 3574 20 0 3 0
E 3574 0 -10 -30
E 3574 1 -6 -20
E 3574 5 6 18
T 3575 28 0 3 0
E 3575 0 -6 -19
E 3575 4 6 19
E 3575 5 9 29
T 3576 14 0 4 0
E 3576 0 -11 -34
E 3576 1 -8 -24
E 3576 2 -5 -15
E 3576 5 4 14
T 3577 29 0 3 0
E 3577 0 -5 -17
E 3577 4 7 21
E 3577 5 10 31
T 3578 16 0 4 0
E 3578 0 -10 -32
E 3578 1 -7 -22
E 3578 2 -4 -13
E 3578 5 5 16
T 3579 28 0 3 0
E 3579 0 -7 -22
E 3579 4 5 17
E 3579 5 8 26
T 3580 23 0 4 0
E 3580 0 -8 -25
E 3580 1 -5 -16
E 3580 4 4 13
E 3580 5 7 23
T 3581 23 0 4 0
E 3581 0 -8 -25
E 3581 1 -5 -15
E 3581 4 4 14
E 3581 5 7 23
T 3582 23 0 4 0
E 3582 0 -8 -25
E 3582 1 -5 -16
E 3582 4 4 13
E 3582 5 7 23
T 3583 20 0 3 0
E 3583 0 -9 -27
E 3583 1 -5 -17
E 3583 5 7 21
T 3584 28 0 3 0
E 3584 0 -6 -19
E 3584 4 6 20
E 3584 5 9 29
T 3585 19 0 3 0
E 3585 0 -9 -28
E 3585 1 -6 -19
E 3585 5 6 20
T 3586 29 0 3 0
E 3586 0 -5 -17
E 3586 4 7 22
E 3586 5 10 31
T 3587 23 0 4 0
E 3587 0 -8 -25
E 3587 1 -5 -16
E 3587 4 4 13
E 3587 5 7 23
T 3588 19 0 3 0
E 3588 0 -9 -28
E 3588 1 -6 -18
E 3588 5 6 20
T 3589 23 0 4 0
E 3589 0 -8 -25
E 3589 1 -5 -15
E 3589 4 4 14
E 3589 5 7 23
T 3590 23 0 4 0
E 3590 0 -8 -25
E 3590 1 -5 -16
E 3590 4 4 13
E 3590 5 7 23
T 3591 19 0 3 0
E 3591 0 -10 -31
E 3591 1 -7 -21
E 3591 5 5 17
T 3592 29 0 3 0
E 3592 0 -6 -20
E 3592 4 6 18
E 3592 5 9 28
T 3593 20 0 3 0
E 3593 0 -9 -29
E 3593 1 -6 -19
E 3593 5 6 19
T 3594 20 0 3 0
E 3594 0 -9 -27
E 3594 1 -5 -17
E 3594 5 7 21
T 3595 23 0 4 0
E 3595 0 -8 -24
E 3595 1 -5 -15
E 3595 4 4 14
E 3595 5 8 24
T 3596 28 0 3 0
E 3596 0 -7 -22
E 3596 4 5 17
E 3596 5 8 26
T 3597 19 0 3 0
E 3597 0 -10 -31
E 3597 1 -7 -22
E 3597 5 5 17
T 3598 28 0 3 0
E 3598 0 -7 -21
E 3598 4 5 17
E 3598 5 9 27
T 3599 23 0 4 0
E 3599 0 -8 -25
E 3599 1 -5 -15
E 3599 4 4 14
E 3599 5 7 23
T 3600 13 0 3 0
E 3600 0 7 21
E 3600 1 -6 -18
E 3600 5 7 21
T 3601 19 1 4 0
E 3601 0 6 19
E 3601 1 -7 -22
E 3601 2 -4 -13
E 3601 5 5 16
T 3602 17 0 3 0
E 3602 0 9 27
E 3602 1 -6 -18
E 3602 5 7 21
T 3603 31 0 4 0
E 3603 0 5 15
E 3603 1 -10 -32
E 3603 2 -7 -23
E 3603 3 -4 -13
T 3604 13 0 3 0
E 3604 0 13 39
E 3604 4 5 17
E 3604 5 8 26
T 3605 48 0 4 0
E 3605 1 -14 -43
E 3605 2 -11 -33
E 3605 3 -7 -23
E 3605 4 -4 -14
T 3606 1 0 5 0
E 3606 0 17 51
E 3606 1 14 42
E 3606 3 4 13
E 3606 4 7 23
E 3606 5 10 32
T 3607 48 0 4 0
E 3607 2 -17 -53
E 3607 3 -14 -44
E 3607 4 -11 -34
E 3607 5 -8 -24
T 3608 8 0 4 0
E 3608 0 16 50
E 3608 1 13 41
E 3608 4 5 15
E 3608 5 8 25
T 3609 54 0 4 0
E 3609 2 -16 -49
E 3609 3 -13 -40
E 3609 4 -10 -30
E 3609 5 -7 -21
T 3610 11 0 4 0
E 3610 0 18 55
E 3610 1 15 45
E 3610 4 4 13
E 3610 5 7 23
T 3611 54 0 5 0
E 3611 0 5 15
E 3611 2 -16 -49
E 3611 3 -13 -39
E 3611 4 -9 -29
E 3611 5 -6 -20
T 3612 5 0 4 0
E 3612 0 19 57
E 3612 1 15 47
E 3612 2 12 38
E 3612 5 6 19
T 3613 50 0 3 0
E 3613 3 -16 -48
E 3613 4 -13 -39
E 3613 5 -9 -29
T 3614 16 0 4 0
E 3614 0 16 48
E 3614 1 12 38
E 3614 2 9 29
E 3614 3 -5 -16
T 3615 51 0 4 0
E 3615 0 6 19
E 3615 3 -16 -48
E 3615 4 -13 -39
E 3615 5 -9 -29
T 3616 17 0 4 0
E 3616 0 16 48
E 3616 1 13 39
E 3616 2 9 29
E 3616 3 -7 -22
T 3617 50 0 5 0
E 3617 0 8 25
E 3617 1 5 15
E 3617 3 -16 -49
E 3617 4 -13 -39
E 3617 5 -9 -29
T 3618 7 0 5 0
E 3618 0 17 53
E 3618 1 14 44
E 3618 2 11 34
E 3618 3 8 25
E 3618 4 -4 -14
T 3619 52 0 3 0
E 3619 3 -6 -18
E 3619 4 -19 -59
E 3619 5 -16 -50
T 3620 11 0 5 0
E 3620 0 17 52
E 3620 1 14 42
E 3620 2 10 32
E 3620 3 7 23
E 3620 4 -7 -22
T 3621 47 0 3 0
E 3621 0 5 17
E 3621 4 -19 -59
E 3621 5 -16 -50
T 3622 24 0 6 0
E 3622 0 15 46
E 3622 1 12 36
E 3622 2 9 27
E 3622 3 5 17
E 3622 4 -11 -34
E 3622 5 -8 -24
T 3623 52 0 3 0
E 3623 0 6 20
E 3623 4 -21 -63
E 3623 5 -17 -53
T 3624 13 0 5 0
E 3624 0 16 50
E 3624 1 13 40
E 3624 2 10 31
E 3624 3 7 21
E 3624 5 -9 -27
T 3625 40 0 3 0
E 3625 0 6 20
E 3625 4 -6 -19
E 3625 5 -20 -60
T 3626 19 0 5 0
E 3626 0 14 42
E 3626 1 11 33
E 3626 2 7 23
E 3626 3 4 13
E 3626 5 -13 -41
T 3627 41 0 3 0
E 3627 0 7 22
E 3627 4 -5 -17
E 3627 5 -21 -64
T 3628 20 0 5 0
E 3628 0 14 43
E 3628 1 11 34
E 3628 2 8 24
E 3628 3 5 15
E 3628 5 -15 -46
T 3629 39 0 4 0
E 3629 0 8 24
E 3629 1 4 14
E 3629 4 -4 -14
E 3629 5 -23 -69
T 3630 11 0 3 0
E 3630 0 13 40
E 3630 1 10 30
E 3630 2 6 20
T 3631 37 0 3 0
E 3631 3 -5 -17
E 3631 4 -8 -26
E 3631 5 -12 -36
T 3632 11 0 3 0
E 3632 0 13 41
E 3632 1 10 31
E 3632 2 7 22
T 3633 28 0 3 0
E 3633 0 6 18
E 3633 4 -6 -20
E 3633 5 -10 -30
T 3634 11 0 3 0
E 3634 0 12 36
E 3634 1 8 26
E 3634 2 5 17
T 3635 32 0 4 0
E 3635 0 5 16
E 3635 3 -4 -13
E 3635 4 -7 -23
E 3635 5 -10 -32
T 3636 19 0 3 0
E 3636 0 9 27
E 3636 1 6 18
E 3636 5 -7 -21
T 3637 25 0 4 0
E 3637 0 7 23
E 3637 1 4 13
E 3637 4 -5 -16
E 3637 5 -8 -25
T 3638 24 0 4 0
E 3638 0 7 22
E 3638 1 4 13
E 3638 4 -5 -16
E 3638 5 -8 -26
T 3639 19 0 3 0
E 3639 0 10 31
E 3639 1 7 21
E 3639 5 -5 -17
T 3640 20 0 3 0
E 3640 0 9 27
E 3640 1 5 17
E 3640 5 -7 -21
T 3641 23 0 4 0
E 3641 0 8 25
E 3641 1 5 16
E 3641 4 -4 -13
E 3641 5 -7 -23
T 3642 25 0 4 0
E 3642 0 8 24
E 3642 1 4 14
E 3642 4 -5 -15
E 3642 5 -8 -24
T 3643 19 0 3 0
E 3643 0 9 27
E 3643 1 6 18
E 3643 5 -7 -21
T 3644 29 0 3 0
E 3644 0 6 20
E 3644 4 -6 -18
E 3644 5 -9 -28
T 3645 23 0 4 0
E 3645 0 8 25
E 3645 1 5 15
E 3645 4 -4 -14
E 3645 5 -7 -23
T 3646 28 0 3 0
E 3646 0 6 18
E 3646 4 -6 -20
E 3646 5 -10 -30
T 3647 11 0 3 0
E 3647 0 12 36
E 3647 1 8 26
E 3647 2 5 17
T 3648 32 0 4 0
E 3648 0 5 15
E 3648 3 -4 -13
E 3648 4 -7 -23
E 3648 5 -11 -33
T 3649 16 0 4 0
E 3649 0 10 32
E 3649 1 7 22
E 3649 2 4 13
E 3649 5 -5 -16
T 3650 29 0 3 0
E 3650 0 7 21
E 3650 4 -6 -18
E 3650 5 -9 -27
T 3651 20 0 3 0
E 3651 0 8 26
E 3651 1 5 17
E 3651 5 -7 -22
T 3652 25 0 4 0
E 3652 0 8 24
E 3652 1 4 14
E 3652 4 -5 -15
E 3652 5 -8 -24
T 3653 19 0 3 0
E 3653 0 9 27
E 3653 1 6 18
E 3653 5 -7 -21
T 3654 28 0 3 0
E 3654 0 6 19
E 3654 4 -6 -19
E 3654 5 -9 -29
T 3655 20 0 3 0
E 3655 0 10 30
E 3655 1 6 20
E 3655 5 -6 -18
T 3656 20 0 3 0
E 3656 0 8 26
E 3656 1 5 17
E 3656 5 -7 -22
T 3657 32 0 4 0
E 3657 0 5 16
E 3657 3 -4 -13
E 3657 4 -7 -23
E 3657 5 -10 -32
T 3658 15 0 4 0
E 3658 0 11 33
E 3658 1 8 24
E 3658 2 4 14
E 3658 5 -5 -15
T 3659 29 0 3 0
E 3659 0 5 17
E 3659 4 -7 -21
E 3659 5 -10 -31
T 3660 15 0 4 0
E 3660 0 11 34
E 3660 1 8 24
E 3660 2 4 14
E 3660 5 -4 -14
T 3661 32 0 4 0
E 3661 0 5 15
E 3661 3 -4 -14
E 3661 4 -7 -23
E 3661 5 -11 -33
T 3662 20 0 3 0
E 3662 0 9 29
E 3662 1 6 19
E 3662 5 -6 -19
T 3663 24 0 4 0
E 3663 0 7 22
E 3663 1 4 13
E 3663 4 -5 -16
E 3663 5 -8 -26
T 3664 25 0 4 0
E 3664 0 7 23
E 3664 1 4 13
E 3664 4 -5 -15
E 3664 5 -8 -25
T 3665 24 0 4 0
E 3665 0 8 26
E 3665 1 5 16
E 3665 4 -4 -13
E 3665 5 -7 -22
T 3666 19 0 3 0
E 3666 0 10 31
E 3666 1 7 22
E 3666 5 -5 -17
T 3667 28 0 3 0
E 3667 0 7 22
E 3667 4 -5 -17
E 3667 5 -8 -26
T 3668 20 0 3 0
E 3668 0 9 29
E 3668 1 6 20
E 3668 5 -6 -19
T 3669 28 0 3 0
E 3669 0 7 22
E 3669 4 -5 -16
E 3669 5 -8 -26
T 3670 25 0 4 0
E 3670 0 8 24
E 3670 1 4 14
E 3670 4 -5 -15
E 3670 5 -8 -24
T 3671 24 0 4 0
E 3671 0 7 22
E 3671 1 4 13
E 3671 4 -5 -16
E 3671 5 -8 -26
T 3672 25 0 4 0
E 3672 0 7 23
E 3672 1 4 13
E 3672 4 -5 -16
E 3672 5 -8 -25
T 3673 29 0 3 0
E 3673 0 6 20
E 3673 4 -6 -18
E 3673 5 -9 -28
T 3674 16 0 4 0
E 3674 0 10 32
E 3674 1 7 22
E 3674 2 4 13
E 3674 5 -5 -16
T 3675 29 0 3 0
E 3675 0 6 20
E 3675 4 -6 -19
E 3675 5 -9 -28
T 3676 19 0 3 0
E 3676 0 10 30
E 3676 1 7 21
E 3676 5 -6 -18
T 3677 25 0 4 0
E 3677 0 8 24
E 3677 1 4 14
E 3677 4 -5 -15
E 3677 5 -8 -24
T 3678 29 0 3 0
E 3678 0 6 20
E 3678 4 -6 -18
E 3678 5 -9 -28
T 3679 19 0 3 0
E 3679 0 10 31
E 3679 1 7 21
E 3679 5 -5 -17
T 3680 23 0 4 0
E 3680 0 8 25
E 3680 1 5 15
E 3680 4 -4 -14
E 3680 5 -7 -23
T 3681 20 0 3 0
E 3681 0 8 26
E 3681 1 5 17
E 3681 5 -7 -22
T 3682 25 0 4 0
E 3682 0 7 23
E 3682 1 4 13
E 3682 4 -5 -16
E 3682 5 -8 -25
T 3683 19 0 3 0
E 3683 0 10 30
E 3683 1 7 21
E 3683 5 -6 -18
T 3684 25 0 4 0
E 3684 0 7 23
E 3684 1 4 13
E 3684 4 -5 -15
E 3684 5 -8 -25
T 3685 28 0 3 0
E 3685 0 7 22
E 3685 4 -5 -17
E 3685 5 -8 -26
T 3686 15 0 4 0
E 3686 0 11 33
E 3686 1 8 24
E 3686 2 4 14
E 3686 5 -5 -15
T 3687 38 0 3 0
E 3687 3 -5 -17
E 3687 4 -9 -27
E 3687 5 -12 -36
T 3688 15 0 4 0
E 3688 0 11 33
E 3688 1 8 24
E 3688 2 4 14
E 3688 5 -5 -15
T 3689 28 0 3 0
E 3689 0 6 19
E 3689 4 -6 -19
E 3689 5 -9 -29
T 3690 20 0 3 0
E 3690 0 9 27
E 3690 1 5 17
E 3690 5 -7 -21
T 3691 25 0 4 0
E 3691 0 7 23
E 3691 1 4 14
E 3691 4 -5 -15
E 3691 5 -8 -25
T 3692 28 0 3 0
E 3692 0 7 22
E 3692 4 -5 -17
E 3692 5 -8 -26
T 3693 19 0 3 0
E 3693 0 10 31
E 3693 1 7 22
E 3693 5 -5 -17
T 3694 32 0 4 0
E 3694 0 5 15
E 3694 3 -4 -14
E 3694 4 -7 -23
E 3694 5 -11 -33
T 3695 11 0 3 0
E 3695 0 12 38
E 3695 1 9 28
E 3695 2 6 18
T 3696 28 0 3 0
E 3696 0 6 18
E 3696 4 -6 -20
E 3696 5 -10 -30
T 3697 18 0 3 0
E 3697 0 9 27
E 3697 1 6 20
E 3697 5 -6 -18
T 3698 16 0 3 0
E 3698 0 7 21
E 3698 1 5 17
E 3698 5 -7 -22
T 3699 23 0 3 0
E 3699 0 4 13
E 3699 4 -5 -17
E 3699 5 -9 -27
T 3700 13 0 3 0
E 3700 0 5 16
E 3700 1 5 17
E 3700 5 -7 -21
T 3701 18 0 3 0
E 3701 1 5 15
E 3701 4 -4 -14
E 3701 5 -8 -24
T 3702 3 0 4 0
E 3702 0 6 18
E 3702 1 8 24
E 3702 2 5 15
E 3702 5 -4 -14
T 3703 15 0 2 0
E 3703 4 -7 -22
E 3703 5 -10 -32
T 3704 2 0 4 0
E 3704 0 4 13
E 3704 1 6 19
E 3704 2 5 15
E 3704 5 -4 -14
T 3705 10 0 1 0
E 3705 5 -7 -21
T 3706 3 0 3 0
E 3706 1 5 15
E 3706 2 5 16
E 3706 5 -4 -13
T 3707 5 0 1 0
E 3707 5 -6 -20
T 3708 3 0 2 0
E 3708 2 4 14
E 3708 5 -5 -15
T 3709 3 0 1 0
E 3709 5 -5 -16
T 3710 1 0 1 0
E 3710 5 -5 -15
T 3711 0 0 1 0
E 3711 5 -4 -13
T 3712 3 0 0 0
T 3713 8 0 2 0
E 3713 2 4 14
E 3713 3 6 18
T 3714 8 0 1 0
E 3714 3 4 14
T 3715 9 0 0 0
T 3716 9 0 1 0
E 3716 0 -4 -13
T 3717 11 0 1 0
E 3717 0 -5 -16
T 3718 8 0 0 0
T 3719 11 0 1 0
E 3719 4 5 16
T 3720 12 0 1 0
E 3720 4 5 17
T 3721 12 0 1 0
E 3721 0 -5 -17
T 3722 13 0 1 0
E 3722 4 5 16
T 3723 18 0 2 0
E 3723 4 5 15
E 3723 5 4 13
T 3724 10 0 2 0
E 3724 0 -7 -22
E 3724 1 -5 -16
T 3725 12 0 1 0
E 3725 0 -5 -17
T 3726 15 1 2 0
E 3726 0 -5 -15
E 3726 5 5 15
T 3727 20 0 2 0
E 3727 4 4 14
E 3727 5 6 20
T 3728 10 0 2 0
E 3728 0 -6 -20
E 3728 1 -4 -14
T 3729 20 0 2 0
E 3729 4 6 18
E 3729 5 8 24
T 3730 9 0 2 0
E 3730 0 -6 -19
E 3730 1 -4 -13
T 3731 18 0 1 0
E 3731 5 6 18
T 3732 12 0 1 0
E 3732 0 -6 -18
T 3733 9 0 2 0
E 3733 0 -6 -19
E 3733 1 -4 -13
T 3734 15 1 2 0
E 3734 0 -5 -15
E 3734 5 5 15
T 3735 14 0 2 0
E 3735 0 -4 -13
E 3735 5 5 17
T 3736 14 0 2 0
E 3736 0 -4 -13
E 3736 5 5 17
T 3737 14 0 2 0
E 3737 0 -4 -13
E 3737 5 5 17
T 3738 10 0 2 0
E 3738 0 -6 -20
E 3738 1 -4 -14
T 3739 19 0 2 0
E 3739 4 5 17
E 3739 5 7 23
T 3740 15 0 2 0
E 3740 0 -4 -14
E 3740 5 5 16
T 3741 18 0 1 0
E 3741 5 6 18
T 3742 15 0 2 0
E 3742 0 -4 -14
E 3742 5 5 16
T 3743 15 0 2 0
E 3743 0 -4 -14
E 3743 5 5 16
T 3744 9 0 2 0
E 3744 0 -7 -21
E 3744 1 -5 -15
T 3745 21 0 2 0
E 3745 4 5 15
E 3745 5 7 21
T 3746 11 0 2 0
E 3746 0 -8 -24
E 3746 1 -5 -17
T 3747 22 0 2 0
E 3747 4 4 13
E 3747 5 6 19
T 3748 8 0 3 0
E 3748 0 -9 -27
E 3748 1 -6 -19
E 3748 2 -4 -13
T 3749 25 0 3 0
E 3749 3 4 14
E 3749 4 6 20
E 3749 5 8 26
T 3750 12 0 2 0
E 3750 0 -9 -27
E 3750 1 -6 -18
T 3751 27 0 3 0
E 3751 3 4 13
E 3751 4 6 19
E 3751 5 8 25
T 3752 13 0 2 0
E 3752 0 -9 -28
E 3752 1 -6 -19
T 3753 24 0 2 0
E 3753 4 5 17
E 3753 5 7 23
T 3754 12 0 2 0
E 3754 0 -8 -24
E 3754 1 -4 -14
T 3755 22 0 3 0
E 3755 0 -4 -14
E 3755 4 5 16
E 3755 5 7 22
T 3756 14 0 2 0
E 3756 0 -9 -29
E 3756 1 -6 -19
T 3757 19 0 2 0
E 3757 0 -6 -20
E 3757 5 5 17
T 3758 20 1 2 0
E 3758 0 -6 -20
E 3758 5 6 18
T 3759 20 0 2 0
E 3759 0 -7 -22
E 3759 5 5 17
T 3760 23 0 3 0
E 3760 0 -6 -19
E 3760 4 4 14
E 3760 5 6 20
T 3761 17 0 3 0
E 3761 0 -8 -25
E 3761 1 -5 -15
E 3761 5 5 15
T 3762 24 0 3 0
E 3762 0 -5 -17
E 3762 4 5 17
E 3762 5 7 23
T 3763 14 0 2 0
E 3763 0 -10 -31
E 3763 1 -7 -21
T 3764 31 0 4 0
E 3764 0 -4 -14
E 3764 3 5 15
E 3764 4 7 22
E 3764 5 9 28
T 3765 11 0 3 0
E 3765 0 -10 -32
E 3765 1 -7 -23
E 3765 2 -4 -13
T 3766 26 0 3 0
E 3766 0 -6 -18
E 3766 4 6 19
E 3766 5 8 25
T 3767 21 0 4 0
E 3767 0 -8 -24
E 3767 1 -5 -15
E 3767 4 4 13
E 3767 5 6 19
T 3768 26 0 3 0
E 3768 0 -6 -18
E 3768 4 6 20
E 3768 5 8 26
T 3769 23 0 4 0
E 3769 0 -8 -26
E 3769 1 -5 -16
E 3769 4 4 13
E 3769 5 6 19
T 3770 22 0 4 0
E 3770 0 -8 -25
E 3770 1 -5 -16
E 3770 4 4 13
E 3770 5 6 20
T 3771 19 0 3 0
E 3771 0 -9 -28
E 3771 1 -6 -18
E 3771 5 6 18
T 3772 19 0 3 0
E 3772 0 -8 -26
E 3772 1 -5 -17
E 3772 5 6 20
T 3773 23 0 4 0
E 3773 0 -8 -24
E 3773 1 -4 -14
E 3773 4 4 14
E 3773 5 7 23
T 3774 20 0 3 0
E 3774 0 -10 -30
E 3774 1 -6 -20
E 3774 5 6 18
T 3775 29 0 3 0
E 3775 0 -5 -17
E 3775 4 7 21
E 3775 5 10 31
T 3776 10 0 3 0
E 3776 0 -12 -37
E 3776 1 -9 -27
E 3776 2 -6 -18
T 3777 37 0 3 0
E 3777 3 6 18
E 3777 4 9 28
E 3777 5 12 38
T 3778 10 0 3 0
E 3778 0 -13 -40
E 3778 1 -10 -30
E 3778 2 -7 -21
T 3779 42 0 4 0
E 3779 2 4 14
E 3779 3 7 23
E 3779 4 11 33
E 3779 5 14 42
T 3780 11 0 3 0
E 3780 0 -12 -38
E 3780 1 -9 -29
E 3780 2 -6 -19
T 3781 38 0 3 0
E 3781 3 5 17
E 3781 4 9 27
E 3781 5 12 36
T 3782 5 0 4 0
E 3782 0 -15 -45
E 3782 1 -12 -36
E 3782 2 -8 -26
E 3782 3 -5 -17
T 3783 37 0 3 0
E 3783 3 6 19
E 3783 4 9 28
E 3783 5 12 38
T 3784 16 0 4 0
E 3784 0 -11 -33
E 3784 1 -7 -23
E 3784 2 -4 -13
E 3784 5 5 15
T 3785 29 0 3 0
E 3785 0 -6 -20
E 3785 4 6 18
E 3785 5 9 28
T 3786 19 0 3 0
E 3786 0 -10 -31
E 3786 1 -7 -21
E 3786 5 5 17
T 3787 29 0 3 0
E 3787 0 -5 -17
E 3787 4 7 21
E 3787 5 10 31
T 3788 20 0 3 0
E 3788 0 -9 -27
E 3788 1 -5 -17
E 3788 5 7 21
T 3789 29 0 3 0
E 3789 0 -7 -21
E 3789 4 6 18
E 3789 5 9 27
T 3790 23 0 4 0
E 3790 0 -8 -24
E 3790 1 -5 -15
E 3790 4 4 14
E 3790 5 8 24
T 3791 20 0 3 0
E 3791 0 -9 -27
E 3791 1 -5 -17
E 3791 5 7 21
T 3792 25 0 4 0
E 3792 0 -7 -23
E 3792 1 -4 -14
E 3792 4 5 15
E 3792 5 8 25
T 3793 19 0 3 0
E 3793 0 -9 -28
E 3793 1 -6 -18
E 3793 5 6 20
T 3794 29 0 3 0
E 3794 0 -5 -17
E 3794 4 7 22
E 3794 5 10 31
T 3795 10 0 3 0
E 3795 0 -12 -36
E 3795 1 -9 -27
E 3795 2 -5 -17
T 3796 37 0 3 0
E 3796 3 6 19
E 3796 4 9 29
E 3796 5 12 38
T 3797 5 0 4 0
E 3797 0 -14 -43
E 3797 1 -11 -34
E 3797 2 -8 -24
E 3797 3 -5 -15
T 3798 37 0 3 0
E 3798 3 6 19
E 3798 4 9 28
E 3798 5 12 38
T 3799 11 0 3 0
E 3799 0 -12 -37
E 3799 1 -9 -27
E 3799 2 -5 -17
T 3800 32 0 4 0
E 3800 0 -5 -16
E 3800 3 4 13
E 3800 4 7 22
E 3800 5 10 32
T 3801 20 0 3 0
E 3801 0 -9 -29
E 3801 1 -6 -19
E 3801 5 6 19
T 3802 28 0 3 0
E 3802 0 -6 -18
E 3802 4 6 20
E 3802 5 10 30
T 3803 20 0 3 0
E 3803 0 -9 -27
E 3803 1 -5 -17
E 3803 5 7 21
T 3804 29 0 3 0
E 3804 0 -5 -17
E 3804 4 7 22
E 3804 5 10 31
T 3805 20 0 3 0
E 3805 0 -8 -26
E 3805 1 -5 -17
E 3805 5 7 22
T 3806 29 0 3 0
E 3806 0 -6 -20
E 3806 4 6 19
E 3806 5 9 28
T 3807 19 0 3 0
E 3807 0 -9 -27
E 3807 1 -6 -18
E 3807 5 7 21
T 3808 32 0 4 0
E 3808 0 -5 -16
E 3808 3 4 13
E 3808 4 7 22
E 3808 5 10 32
T 3809 19 0 3 0
E 3809 0 -9 -28
E 3809 1 -6 -18
E 3809 5 6 20
T 3810 25 0 4 0
E 3810 0 -7 -23
E 3810 1 -4 -14
E 3810 4 5 15
E 3810 5 8 25
T 3811 25 0 4 0
E 3811 0 -8 -24
E 3811 1 -4 -14
E 3811 4 5 15
E 3811 5 8 24
T 3812 19 0 3 0
E 3812 0 -9 -27
E 3812 1 -6 -18
E 3812 5 7 21
T 3813 25 0 4 0
E 3813 0 -7 -23
E 3813 1 -4 -13
E 3813 4 5 15
E 3813 5 8 25
T 3814 29 0 3 0
E 3814 0 -7 -21
E 3814 4 6 18
E 3814 5 9 27
T 3815 20 0 3 0
E 3815 0 -9 -29
E 3815 1 -6 -20
E 3815 5 6 19
T 3816 25 0 4 0
E 3816 0 -8 -24
E 3816 1 -4 -14
E 3816 4 5 15
E 3816 5 8 24
T 3817 25 0 4 0
E 3817 0 -7 -23
E 3817 1 -4 -14
E 3817 4 5 15
E 3817 5 8 25
T 3818 20 0 3 0
E 3818 0 -10 -30
E 3818 1 -6 -20
E 3818 5 6 18
T 3819 29 0 3 0
E 3819 0 -6 -20
E 3819 4 6 19
E 3819 5 9 28
T 3820 15 0 4 0
E 3820 0 -11 -35
E 3820 1 -8 -26
E 3820 2 -5 -16
E 3820 5 4 13
T 3821 28 0 3 0
E 3821 0 -6 -19
E 3821 4 6 20
E 3821 5 9 29
T 3822 14 0 4 0
E 3822 0 -11 -34
E 3822 1 -8 -25
E 3822 2 -5 -15
E 3822 5 4 14
T 3823 28 0 3 0
E 3823 0 -7 -22
E 3823 4 5 16
E 3823 5 8 26
T 3824 20 0 3 0
E 3824 0 -10 -32
E 3824 1 -7 -22
E 3824 5 5 16
T 3825 20 0 3 0
E 3825 0 -8 -26
E 3825 1 -5 -17
E 3825 5 7 22
T 3826 25 0 4 0
E 3826 0 -8 -24
E 3826 1 -4 -14
E 3826 4 5 15
E 3826 5 8 24
T 3827 19 0 3 0
E 3827 0 -9 -27
E 3827 1 -6 -18
E 3827 5 7 21
T 3828 24 1 4 0
E 3828 0 -8 -24
E 3828 1 -4 -14
E 3828 4 4 14
E 3828 5 8 24
T 3829 25 0 4 0
E 3829 0 -7 -23
E 3829 1 -4 -13
E 3829 4 5 16
E 3829 5 8 25
T 3830 29 0 3 0
E 3830 0 -6 -20
E 3830 4 6 18
E 3830 5 9 28
T 3831 24 0 4 0
E 3831 0 -8 -26
E 3831 1 -5 -16
E 3831 4 4 13
E 3831 5 7 22
T 3832 28 0 3 0
E 3832 0 -6 -19
E 3832 4 6 19
E 3832 5 9 29
T 3833 20 0 3 0
E 3833 0 -8 -26
E 3833 1 -5 -16
E 3833 5 7 22
T 3834 29 0 3 0
E 3834 0 -6 -18
E 3834 4 7 21
E 3834 5 10 30
T 3835 19 0 3 0
E 3835 0 -9 -28
E 3835 1 -6 -19
E 3835 5 6 20
T 3836 20 0 3 0
E 3836 0 -9 -27
E 3836 1 -5 -17
E 3836 5 7 21
T 3837 28 0 3 0
E 3837 0 -7 -21
E 3837 4 5 17
E 3837 5 9 27
T 3838 24 1 4 0
E 3838 0 -8 -24
E 3838 1 -4 -14
E 3838 4 4 14
E 3838 5 8 24
T 3839 28 0 3 0
E 3839 0 -7 -22
E 3839 4 5 17
E 3839 5 8 26
T 3840 14 0 3 0
E 3840 0 6 20
E 3840 1 -6 -19
E 3840 5 6 20
T 3841 28 0 2 0
E 3841 1 -10 -30
E 3841 2 -7 -21
T 3842 12 0 4 0
E 3842 0 10 31
E 3842 1 -4 -14
E 3842 4 5 15
E 3842 5 8 25
T 3843 37 0 3 0
E 3843 1 -13 -40
E 3843 2 -10 -31
E 3843 3 -7 -21
T 3844 13 0 3 0
E 3844 0 14 44
E 3844 4 7 22
E 3844 5 10 31
T 3845 37 0 4 0
E 3845 0 7 21
E 3845 1 -11 -34
E 3845 2 -8 -24
E 3845 3 -4 -14
T 3846 11 0 3 0
E 3846 0 12 38
E 3846 1 9 29
E 3846 5 6 19
T 3847 40 0 3 0
E 3847 2 -13 -41
E 3847 3 -10 -32
E 3847 4 -7 -22
T 3848 21 0 3 0
E 3848 0 12 37
E 3848 1 9 28
E 3848 2 -5 -17
T 3849 30 0 4 0
E 3849 0 9 27
E 3849 1 5 17
E 3849 2 -10 -30
E 3849 3 -7 -21
T 3850 29 0 4 0
E 3850 0 12 36
E 3850 1 8 26
E 3850 2 -8 -25
E 3850 3 -5 -15
T 3851 40 0 5 0
E 3851 0 8 25
E 3851 1 5 16
E 3851 2 -13 -39
E 3851 3 -9 -29
E 3851 4 -6 -19
T 3852 16 0 4 0
E 3852 0 13 40
E 3852 1 10 30
E 3852 2 7 21
E 3852 3 -6 -18
T 3853 43 0 4 0
E 3853 0 7 21
E 3853 3 -13 -39
E 3853 4 -10 -30
E 3853 5 -6 -20
T 3854 17 0 4 0
E 3854 0 14 43
E 3854 1 11 33
E 3854 2 8 24
E 3854 3 -7 -21
T 3855 45 0 5 0
E 3855 0 7 23
E 3855 1 4 13
E 3855 3 -14 -44
E 3855 4 -11 -35
E 3855 5 -8 -25
T 3856 16 0 4 0
E 3856 0 17 52
E 3856 1 14 43
E 3856 2 11 33
E 3856 3 -6 -18
T 3857 56 0 4 0
E 3857 0 7 22
E 3857 3 -17 -52
E 3857 4 -14 -42
E 3857 5 -10 -32
T 3858 1 0 4 0
E 3858 0 20 61
E 3858 1 17 52
E 3858 2 14 42
E 3858 3 11 33
T 3859 53 0 3 0
E 3859 3 -7 -22
E 3859 4 -21 -63
E 3859 5 -18 -54
T 3860 5 0 5 0
E 3860 0 20 60
E 3860 1 16 50
E 3860 2 13 40
E 3860 3 10 31
E 3860 4 -4 -14
T 3861 56 0 3 0
E 3861 3 -6 -18
E 3861 4 -21 -65
E 3861 5 -18 -56
T 3862 4 0 5 0
E 3862 0 21 64
E 3862 1 18 54
E 3862 2 15 45
E 3862 3 11 35
E 3862 4 -5 -16
T 3863 61 0 3 0
E 3863 3 -7 -21
E 3863 4 -25 -76
E 3863 5 -22 -66
T 3864 3 0 6 0
E 3864 0 20 62
E 3864 1 17 52
E 3864 2 14 43
E 3864 3 11 33
E 3864 4 8 24
E 3864 5 -5 -15
T 3865 59 0 5 0
E 3865 1 -4 -13
E 3865 2 -7 -23
E 3865 3 -10 -32
E 3865 4 -14 -42
E 3865 5 -27 -83
T 3866 6 0 6 0
E 3866 0 18 54
E 3866 1 15 45
E 3866 2 11 35
E 3866 3 8 25
E 3866 4 5 16
E 3866 5 -9 -29
T 3867 46 0 4 0
E 3867 0 4 13
E 3867 3 -5 -16
E 3867 4 -8 -26
E 3867 5 -24 -73
T 3868 21 0 5 0
E 3868 0 14 44
E 3868 1 11 35
E 3868 2 8 25
E 3868 3 5 16
E 3868 5 -15 -45
T 3869 39 0 4 0
E 3869 0 8 24
E 3869 1 4 14
E 3869 4 -4 -14
E 3869 5 -23 -69
T 3870 6 0 4 0
E 3870 0 15 46
E 3870 1 12 36
E 3870 2 8 26
E 3870 3 5 17
T 3871 37 0 3 0
E 3871 3 -5 -17
E 3871 4 -8 -26
E 3871 5 -12 -36
T 3872 10 0 3 0
E 3872 0 12 37
E 3872 1 9 27
E 3872 2 6 18
T 3873 29 0 3 0
E 3873 0 5 17
E 3873 4 -7 -21
E 3873 5 -10 -31
T 3874 15 0 4 0
E 3874 0 11 35
E 3874 1 8 25
E 3874 2 5 16
E 3874 5 -4 -13
T 3875 38 0 3 0
E 3875 3 -6 -18
E 3875 4 -9 -28
E 3875 5 -12 -37
T 3876 11 0 3 0
E 3876 0 12 38
E 3876 1 9 29
E 3876 2 6 19
T 3877 37 0 3 0
E 3877 3 -7 -22
E 3877 4 -10 -32
E 3877 5 -13 -41
T 3878 14 0 4 0
E 3878 0 11 34
E 3878 1 8 25
E 3878 2 5 15
E 3878 5 -4 -14
T 3879 28 0 3 0
E 3879 0 7 22
E 3879 4 -5 -16
E 3879 5 -8 -26
T 3880 20 0 3 0
E 3880 0 9 29
E 3880 1 6 19
E 3880 5 -6 -19
T 3881 25 0 4 0
E 3881 0 7 23
E 3881 1 4 14
E 3881 4 -5 -15
E 3881 5 -8 -25
T 3882 29 0 3 0
E 3882 0 7 21
E 3882 4 -6 -18
E 3882 5 -9 -27
T 3883 23 0 4 0
E 3883 0 8 24
E 3883 1 5 15
E 3883 4 -4 -14
E 3883 5 -8 -24
T 3884 28 0 3 0
E 3884 0 7 22
E 3884 4 -5 -16
E 3884 5 -8 -26
T 3885 20 0 3 0
E 3885 0 9 29
E 3885 1 6 19
E 3885 5 -6 -19
T 3886 28 0 3 0
E 3886 0 6 19
E 3886 4 -6 -19
E 3886 5 -9 -29
T 3887 11 0 3 0
E 3887 0 12 36
E 3887 1 8 26
E 3887 2 5 17
T 3888 41 0 4 0
E 3888 2 -4 -13
E 3888 3 -7 -22
E 3888 4 -10 -32
E 3888 5 -14 -42
T 3889 10 0 3 0
E 3889 0 12 37
E 3889 1 9 27
E 3889 2 6 18
T 3890 41 0 4 0
E 3890 2 -4 -13
E 3890 3 -7 -22
E 3890 4 -10 -32
E 3890 5 -13 -41
T 3891 5 0 4 0
E 3891 0 15 45
E 3891 1 12 36
E 3891 2 8 26
E 3891 3 5 16
T 3892 42 0 4 0
E 3892 2 -4 -14
E 3892 3 -8 -24
E 3892 4 -11 -34
E 3892 5 -14 -43
T 3893 6 0 4 0
E 3893 0 14 42
E 3893 1 11 33
E 3893 2 7 23
E 3893 3 4 14
T 3894 43 0 4 0
E 3894 2 -5 -17
E 3894 3 -9 -27
E 3894 4 -12 -36
E 3894 5 -15 -46
T 3895 5 0 4 0
E 3895 0 16 49
E 3895 1 13 39
E 3895 2 9 29
E 3895 3 6 20
T 3896 37 0 3 0
E 3896 3 -6 -19
E 3896 4 -9 -28
E 3896 5 -12 -38
T 3897 10 0 3 0
E 3897 0 12 37
E 3897 1 9 27
E 3897 2 6 18
T 3898 37 0 3 0
E 3898 3 -6 -18
E 3898 4 -9 -28
E 3898 5 -12 -38
T 3899 10 0 3 0
E 3899 0 13 40
E 3899 1 10 30
E 3899 2 7 21
T 3900 41 0 4 0
E 3900 2 -4 -13
E 3900 3 -7 -22
E 3900 4 -10 -32
E 3900 5 -13 -41
T 3901 6 0 4 0
E 3901 0 14 42
E 3901 1 11 33
E 3901 2 7 23
E 3901 3 4 13
T 3902 42 0 4 0
E 3902 2 -4 -14
E 3902 3 -8 -24
E 3902 4 -11 -34
E 3902 5 -14 -43
T 3903 3 0 4 0
E 3903 0 16 49
E 3903 1 13 40
E 3903 2 10 30
E 3903 3 7 21
T 3904 43 0 4 0
E 3904 2 -5 -17
E 3904 3 -9 -27
E 3904 4 -12 -36
E 3904 5 -15 -46
T 3905 6 0 4 0
E 3905 0 14 44
E 3905 1 11 34
E 3905 2 8 24
E 3905 3 5 15
T 3906 37 0 3 0
E 3906 3 -7 -22
E 3906 4 -10 -31
E 3906 5 -13 -41
T 3907 11 0 3 0
E 3907 0 12 38
E 3907 1 9 28
E 3907 2 6 19
T 3908 41 0 4 0
E 3908 2 -4 -13
E 3908 3 -7 -22
E 3908 4 -10 -32
E 3908 5 -14 -42
T 3909 11 0 3 0
E 3909 0 13 39
E 3909 1 9 29
E 3909 2 6 20
T 3910 38 0 3 0
E 3910 3 -5 -17
E 3910 4 -9 -27
E 3910 5 -12 -36
T 3911 10 0 3 0
E 3911 0 13 40
E 3911 1 10 31
E 3911 2 7 21
T 3912 33 0 4 0
E 3912 0 5 15
E 3912 3 -4 -14
E 3912 4 -8 -24
E 3912 5 -11 -33
T 3913 10 0 3 0
E 3913 0 12 36
E 3913 1 9 27
E 3913 2 5 17
T 3914 38 0 3 0
E 3914 3 -7 -21
E 3914 4 -10 -30
E 3914 5 -13 -40
T 3915 7 0 4 0
E 3915 0 14 42
E 3915 1 10 32
E 3915 2 7 22
E 3915 3 4 13
T 3916 38 0 3 0
E 3916 3 -7 -21
E 3916 4 -10 -30
E 3916 5 -13 -40
T 3917 15 0 4 0
E 3917 0 11 35
E 3917 1 8 25
E 3917 2 5 16
E 3917 5 -4 -13
T 3918 29 0 3 0
E 3918 0 6 20
E 3918 4 -6 -18
E 3918 5 -9 -28
T 3919 19 0 3 0
E 3919 0 10 31
E 3919 1 7 21
E 3919 5 -5 -17
T 3920 24 0 4 0
E 3920 0 8 26
E 3920 1 5 16
E 3920 4 -4 -13
E 3920 5 -7 -22
T 3921 19 0 3 0
E 3921 0 10 30
E 3921 1 7 21
E 3921 5 -6 -18
T 3922 32 0 4 0
E 3922 0 5 16
E 3922 3 -4 -13
E 3922 4 -7 -23
E 3922 5 -10 -32
T 3923 11 0 3 0
E 3923 0 12 38
E 3923 1 9 29
E 3923 2 6 19
T 3924 37 0 3 0
E 3924 3 -7 -22
E 3924 4 -10 -31
E 3924 5 -13 -41
T 3925 7 0 4 0
E 3925 0 14 42
E 3925 1 10 32
E 3925 2 7 22
E 3925 3 4 13
T 3926 43 0 4 0
E 3926 2 -5 -17
E 3926 3 -9 -27
E 3926 4 -12 -36
E 3926 5 -15 -46
T 3927 6 0 4 0
E 3927 0 14 43
E 3927 1 11 33
E 3927 2 8 24
E 3927 3 4 14
T 3928 37 0 3 0
E 3928 3 -6 -19
E 3928 4 -9 -29
E 3928 5 -13 -39
T 3929 11 0 3 0
E 3929 0 12 38
E 3929 1 9 28
E 3929 2 6 19
T 3930 34 0 4 0
E 3930 0 4 14
E 3930 3 -5 -15
E 3930 4 -8 -25
E 3930 5 -11 -34
T 3931 11 0 3 0
E 3931 0 13 41
E 3931 1 10 32
E 3931 2 7 22
T 3932 38 0 3 0
E 3932 3 -6 -18
E 3932 4 -9 -28
E 3932 5 -12 -37
T 3933 6 0 4 0
E 3933 0 14 44
E 3933 1 11 35
E 3933 2 8 25
E 3933 3 5 16
T 3934 41 0 4 0
E 3934 2 -4 -13
E 3934 3 -7 -23
E 3934 4 -10 -32
E 3934 5 -14 -42
T 3935 7 0 4 0
E 3935 0 14 43
E 3935 1 11 33
E 3935 2 7 23
E 3935 3 4 14
T 3936 42 0 4 0
E 3936 2 -4 -14
E 3936 3 -8 -24
E 3936 4 -11 -33
E 3936 5 -14 -43
T 3937 3 0 4 0
E 3937 0 15 45
E 3937 1 12 38
E 3937 2 9 29
E 3937 3 6 19
T 3938 32 0 3 0
E 3938 3 -6 -19
E 3938 4 -9 -29
E 3938 5 -13 -39
T 3939 9 0 4 0
E 3939 0 8 26
E 3939 1 8 24
E 3939 2 5 15
E 3939 5 -4 -14
T 3940 23 0 2 0
E 3940 4 -7 -22
E 3940 5 -10 -31
T 3941 2 0 3 0
E 3941 0 8 25
E 3941 1 9 29
E 3941 2 6 19
T 3942 16 0 3 0
E 3942 1 4 13
E 3942 4 -5 -16
E 3942 5 -8 -25
T 3943 12 0 2 0
E 3943 1 5 17
E 3943 5 -6 -19
T 3944 10 0 2 0
E 3944 1 5 15
E 3944 5 -6 -18
T 3945 10 0 1 0
E 3945 5 -6 -20
T 3946 4 0 3 0
E 3946 0 5 15
E 3946 1 7 21
E 3946 2 7 22
T 3947 6 0 2 0
E 3947 4 -5 -17
E 3947 5 -8 -26
T 3948 5 0 3 0
E 3948 1 5 17
E 3948 2 7 23
E 3948 3 4 14
T 3949 1 0 1 0
E 3949 5 -7 -22
T 3950 2 0 1 0
E 3950 5 -4 -13
T 3951 1 0 1 0
E 3951 5 -4 -14
T 3952 2 0 0 0
T 3953 6 0 1 0
E 3953 3 4 14
T 3954 6 0 1 0
E 3954 3 5 17
T 3955 10 0 0 0
T 3956 10 0 1 0
E 3956 0 -4 -14
T 3957 8 0 0 0
T 3958 9 0 0 0
T 3959 14 0 2 0
E 3959 3 4 13
E 3959 4 5 17
T 3960 12 0 1 0
E 3960 0 -5 -17
T 3961 12 0 1 0
E 3961 0 -6 -18
T 3962 12 0 0 0
T 3963 18 0 2 0
E 3963 4 5 15
E 3963 5 4 13
T 3964 12 0 1 0
E 3964 0 -5 -17
T 3965 14 0 2 0
E 3965 0 -5 -15
E 3965 5 4 13
T 3966 15 0 2 0
E 3966 0 -4 -14
E 3966 5 5 16
T 3967 9 0 2 0
E 3967 0 -7 -21
E 3967 1 -5 -15
T 3968 15 0 2 0
E 3968 0 -5 -16
E 3968 5 4 14
T 3969 18 0 1 0
E 3969 5 6 18
T 3970 15 0 2 0
E 3970 0 -5 -16
E 3970 5 4 14
T 3971 14 0 2 0
E 3971 0 -4 -13
E 3971 5 5 17
T 3972 9 0 2 0
E 3972 0 -7 -21
E 3972 1 -5 -15
T 3973 20 0 2 0
E 3973 4 4 14
E 3973 5 6 20
T 3974 8 0 3 0
E 3974 0 -8 -26
E 3974 1 -6 -20
E 3974 2 -4 -14
T 3975 21 0 2 0
E 3975 4 4 13
E 3975 5 6 19
T 3976 15 0 2 0
E 3976 0 -5 -16
E 3976 5 4 14
T 3977 15 0 2 0
E 3977 0 -5 -16
E 3977 5 4 14
T 3978 20 0 2 0
E 3978 4 4 14
E 3978 5 6 20
T 3979 10 0 2 0
E 3979 0 -7 -22
E 3979 1 -5 -16
T 3980 15 0 2 0
E 3980 0 -4 -14
E 3980 5 5 16
T 3981 9 0 2 0
E 3981 0 -6 -19
E 3981 1 -4 -13
T 3982 23 0 3 0
E 3982 3 4 13
E 3982 4 6 19
E 3982 5 8 25
T 3983 10 0 2 0
E 3983 0 -8 -24
E 3983 1 -6 -18
T 3984 14 0 2 0
E 3984 0 -4 -13
E 3984 5 5 17
T 3985 15 0 2 0
E 3985 0 -4 -14
E 3985 5 5 16
T 3986 10 0 2 0
E 3986 0 -6 -20
E 3986 1 -4 -13
T 3987 21 0 2 0
E 3987 4 5 16
E 3987 5 7 22
T 3988 12 0 2 0
E 3988 0 -8 -26
E 3988 1 -6 -18
T 3989 24 0 2 0
E 3989 4 5 15
E 3989 5 7 21
T 3990 14 0 1 0
E 3990 0 -7 -21
T 3991 21 0 3 0
E 3991 0 -4 -13
E 3991 4 5 15
E 3991 5 7 21
T 3992 12 0 2 0
E 3992 0 -7 -23
E 3992 1 -4 -14
T 3993 21 0 3 0
E 3993 0 -4 -13
E 3993 4 5 16
E 3993 5 7 22
T 3994 13 0 2 0
E 3994 0 -9 -28
E 3994 1 -6 -18
T 3995 22 0 3 0
E 3995 0 -5 -15
E 3995 4 5 15
E 3995 5 7 21
T 3996 22 0 3 0
E 3996 0 -6 -18
E 3996 4 4 13
E 3996 5 6 19
T 3997 22 0 3 0
E 3997 0 -6 -18
E 3997 4 4 13
E 3997 5 6 19
T 3998 17 0 3 0
E 3998 0 -7 -23
E 3998 1 -4 -13
E 3998 5 5 15
T 3999 28 0 4 0
E 3999 0 -4 -14
E 3999 3 4 13
E 3999 4 6 19
E 3999 5 8 25
T 4000 14 0 2 0
E 4000 0 -10 -31
E 4000 1 -7 -22
T 4001 24 0 3 0
E 4001 0 -6 -18
E 4001 4 5 16
E 4001 5 7 22
T 4002 17 0 3 0
E 4002 0 -7 -23
E 4002 1 -4 -14
E 4002 5 5 17
T 4003 25 0 3 0
E 4003 0 -6 -19
E 4003 4 5 16
E 4003 5 7 22
T 4004 14 0 2 0
E 4004 0 -10 -31
E 4004 1 -7 -21
T 4005 30 0 4 0
E 4005 0 -5 -15
E 4005 3 4 14
E 4005 4 7 21
E 4005 5 9 27
T 4006 18 0 3 0
E 4006 0 -9 -27
E 4006 1 -5 -17
E 4006 5 5 16
T 4007 18 0 3 0
E 4007 0 -8 -25
E 4007 1 -5 -16
E 4007 5 6 18
T 4008 31 0 4 0
E 4008 0 -5 -16
E 4008 3 4 13
E 4008 4 7 22
E 4008 5 9 28
T 4009 19 0 3 0
E 4009 0 -9 -29
E 4009 1 -6 -19
E 4009 5 5 16
T 4010 33 0 4 0
E 4010 0 -4 -14
E 4010 3 5 15
E 4010 4 8 24
E 4010 5 10 31
T 4011 10 0 3 0
E 4011 0 -11 -34
E 4011 1 -8 -24
E 4011 2 -5 -15
T 4012 36 0 3 0
E 4012 3 5 17
E 4012 4 9 27
E 4012 5 11 35
T 4013 7 0 4 0
E 4013 0 -14 -42
E 4013 1 -10 -32
E 4013 2 -7 -23
E 4013 3 -4 -13
T 4014 34 0 4 0
E 4014 0 -4 -14
E 4014 3 5 15
E 4014 4 8 25
E 4014 5 11 34
T 4015 20 0 3 0
E 4015 0 -9 -29
E 4015 1 -6 -20
E 4015 5 6 19
T 4016 29 0 3 0
E 4016 0 -7 -21
E 4016 4 6 18
E 4016 5 9 27
T 4017 23 0 4 0
E 4017 0 -8 -24
E 4017 1 -5 -15
E 4017 4 4 14
E 4017 5 8 24
T 4018 24 1 4 0
E 4018 0 -8 -24
E 4018 1 -4 -14
E 4018 4 4 14
E 4018 5 8 24
T 4019 25 0 4 0
E 4019 0 -8 -24
E 4019 1 -4 -14
E 4019 4 5 15
E 4019 5 8 24
T 4020 19 0 3 0
E 4020 0 -9 -28
E 4020 1 -6 -19
E 4020 5 6 20
T 4021 24 0 4 0
E 4021 0 -8 -26
E 4021 1 -5 -16
E 4021 4 4 13
E 4021 5 7 22
T 4022 20 0 3 0
E 4022 0 -8 -26
E 4022 1 -5 -17
E 4022 5 7 22
T 4023 20 0 3 0
E 4023 0 -9 -27
E 4023 1 -5 -17
E 4023 5 7 21
T 4024 29 0 3 0
E 4024 0 -7 -21
E 4024 4 6 18
E 4024 5 9 27
T 4025 10 0 3 0
E 4025 0 -12 -36
E 4025 1 -9 -27
E 4025 2 -5 -17
T 4026 34 0 4 0
E 4026 0 -4 -14
E 4026 3 5 15
E 4026 4 8 25
E 4026 5 11 34
T 4027 19 0 3 0
E 4027 0 -10 -30
E 4027 1 -7 -21
E 4027 5 6 18
T 4028 20 0 3 0
E 4028 0 -8 -26
E 4028 1 -5 -16
E 4028 5 7 22
T 4029 28 0 3 0
E 4029 0 -7 -22
E 4029 4 5 17
E 4029 5 8 26
T 4030 15 0 4 0
E 4030 0 -11 -35
E 4030 1 -8 -26
E 4030 2 -5 -16
E 4030 5 4 13
T 4031 29 0 3 0
E 4031 0 -7 -21
E 4031 4 6 18
E 4031 5 9 27
T 4032 10 0 3 0
E 4032 0 -12 -36
E 4032 1 -9 -27
E 4032 2 -5 -17
T 4033 41 0 4 0
E 4033 2 4 13
E 4033 3 7 23
E 4033 4 10 32
E 4033 5 14 42
T 4034 6 0 4 0
E 4034 0 -15 -46
E 4034 1 -12 -36
E 4034 2 -8 -26
E 4034 3 -5 -17
T 4035 42 0 4 0
E 4035 2 4 14
E 4035 3 8 24
E 4035 4 11 33
E 4035 5 14 43
T 4036 7 0 4 0
E 4036 0 -14 -42
E 4036 1 -10 -32
E 4036 2 -7 -23
E 4036 3 -4 -13
T 4037 37 0 3 0
E 4037 3 7 21
E 4037 4 10 31
E 4037 5 13 41
T 4038 16 0 4 0
E 4038 0 -11 -33
E 4038 1 -7 -23
E 4038 2 -4 -14
E 4038 5 5 15
T 4039 29 0 3 0
E 4039 0 -7 -21
E 4039 4 6 18
E 4039 5 9 27
T 4040 23 0 4 0
E 4040 0 -8 -25
E 4040 1 -5 -16
E 4040 4 4 13
E 4040 5 7 23
T 4041 20 0 3 0
E 4041 0 -9 -27
E 4041 1 -5 -17
E 4041 5 7 21
T 4042 28 0 3 0
E 4042 0 -6 -19
E 4042 4 6 19
E 4042 5 9 29
T 4043 23 0 4 0
E 4043 0 -8 -25
E 4043 1 -5 -15
E 4043 4 4 13
E 4043 5 7 23
T 4044 20 0 3 0
E 4044 0 -10 -30
E 4044 1 -6 -20
E 4044 5 6 18
T 4045 32 0 4 0
E 4045 0 -5 -15
E 4045 3 4 14
E 4045 4 7 23
E 4045 5 11 33
T 4046 10 0 3 0
E 4046 0 -13 -40
E 4046 1 -10 -30
E 4046 2 -7 -21
T 4047 37 0 3 0
E 4047 3 7 21
E 4047 4 10 31
E 4047 5 13 41
T 4048 10 0 3 0
E 4048 0 -12 -37
E 4048 1 -9 -27
E 4048 2 -6 -18
T 4049 38 0 3 0
E 4049 3 6 20
E 4049 4 10 30
E 4049 5 13 39
T 4050 14 0 4 0
E 4050 0 -11 -34
E 4050 1 -8 -25
E 4050 2 -5 -15
E 4050 5 4 14
T 4051 29 0 3 0
E 4051 0 -6 -18
E 4051 4 7 21
E 4051 5 10 30
T 4052 14 0 4 0
E 4052 0 -11 -34
E 4052 1 -8 -25
E 4052 2 -5 -15
E 4052 5 4 14
T 4053 38 0 3 0
E 4053 3 6 18
E 4053 4 9 27
E 4053 5 12 37
T 4054 15 0 4 0
E 4054 0 -11 -34
E 4054 1 -8 -24
E 4054 2 -4 -14
E 4054 5 4 14
T 4055 28 0 3 0
E 4055 0 -6 -19
E 4055 4 6 19
E 4055 5 9 29
T 4056 16 0 4 0
E 4056 0 -10 -32
E 4056 1 -7 -22
E 4056 2 -4 -13
E 4056 5 5 16
T 4057 29 0 3 0
E 4057 0 -5 -17
E 4057 4 7 21
E 4057 5 10 31
T 4058 15 0 4 0
E 4058 0 -11 -35
E 4058 1 -8 -25
E 4058 2 -5 -16
E 4058 5 4 13
T 4059 33 0 4 0
E 4059 0 -4 -13
E 4059 3 5 16
E 4059 4 8 26
E 4059 5 11 35
T 4060 11 0 3 0
E 4060 0 -12 -38
E 4060 1 -9 -29
E 4060 2 -6 -19
T 4061 28 0 3 0
E 4061 0 -6 -19
E 4061 4 6 20
E 4061 5 9 29
T 4062 19 0 3 0
E 4062 0 -10 -31
E 4062 1 -7 -22
E 4062 5 5 17
T 4063 29 0 3 0
E 4063 0 -6 -20
E 4063 4 6 18
E 4063 5 9 28
T 4064 15 0 4 0
E 4064 0 -11 -35
E 4064 1 -8 -25
E 4064 2 -5 -15
E 4064 5 4 13
T 4065 28 0 3 0
E 4065 0 -7 -21
E 4065 4 5 17
E 4065 5 9 27
T 4066 20 0 3 0
E 4066 0 -9 -29
E 4066 1 -6 -19
E 4066 5 6 19
T 4067 25 0 4 0
E 4067 0 -7 -23
E 4067 1 -4 -14
E 4067 4 5 15
E 4067 5 8 25
T 4068 20 0 3 0
E 4068 0 -9 -29
E 4068 1 -6 -19
E 4068 5 6 19
T 4069 20 0 3 0
E 4069 0 -9 -27
E 4069 1 -5 -17
E 4069 5 7 21
T 4070 20 0 3 0
E 4070 0 -8 -26
E 4070 1 -5 -17
E 4070 5 7 22
T 4071 29 0 3 0
E 4071 0 -6 -20
E 4071 4 6 19
E 4071 5 9 28
T 4072 19 0 3 0
E 4072 0 -9 -27
E 4072 1 -6 -18
E 4072 5 7 21
T 4073 28 0 3 0
E 4073 0 -7 -21
E 4073 4 5 17
E 4073 5 9 27
T 4074 23 0 4 0
E 4074 0 -8 -25
E 4074 1 -5 -15
E 4074 4 4 14
E 4074 5 7 23
T 4075 23 0 4 0
E 4075 0 -8 -24
E 4075 1 -5 -15
E 4075 4 4 14
E 4075 5 8 24
T 4076 28 0 3 0
E 4076 0 -6 -19
E 4076 4 6 20
E 4076 5 9 29
T 4077 14 0 4 0
E 4077 0 -11 -34
E 4077 1 -8 -25
E 4077 2 -5 -15
E 4077 5 4 14
T 4078 32 0 4 0
E 4078 0 -5 -15
E 4078 3 4 14
E 4078 4 7 23
E 4078 5 11 33
T 4079 11 0 3 0
E 4079 0 -13 -40
E 4079 1 -10 -30
E 4079 2 -6 -20
T 4080 1 0 4 0
E 4080 0 10 32
E 4080 3 4 13
E 4080 4 7 22
E 4080 5 10 32
T 4081 31 0 3 0
E 4081 1 -12 -37
E 4081 2 -9 -28
E 4081 3 -6 -18
T 4082 12 0 4 0
E 4082 0 10 31
E 4082 1 -4 -14
E 4082 4 5 15
E 4082 5 8 25
T 4083 37 0 3 0
E 4083 1 -13 -39
E 4083 2 -10 -30
E 4083 3 -6 -20
T 4084 21 0 3 0
E 4084 0 11 34
E 4084 1 -5 -17
E 4084 5 7 21
T 4085 37 0 4 0
E 4085 0 7 22
E 4085 1 -11 -33
E 4085 2 -7 -23
E 4085 3 -4 -13
T 4086 6 0 4 0
E 4086 0 14 44
E 4086 1 11 35
E 4086 4 5 16
E 4086 5 8 25
T 4087 36 0 4 0
E 4087 0 4 13
E 4087 2 -12 -38
E 4087 3 -9 -29
E 4087 4 -6 -19
T 4088 21 0 3 0
E 4088 0 12 36
E 4088 1 9 27
E 4088 2 -6 -18
T 4089 39 0 4 0
E 4089 0 7 22
E 4089 2 -11 -35
E 4089 3 -8 -26
E 4089 4 -5 -16
T 4090 20 0 4 0
E 4090 0 15 46
E 4090 1 12 36
E 4090 2 -5 -15
E 4090 5 4 14
T 4091 52 0 5 0
E 4091 0 6 19
E 4091 2 -15 -45
E 4091 3 -11 -35
E 4091 4 -8 -25
E 4091 5 -5 -16
T 4092 11 0 3 0
E 4092 0 16 50
E 4092 1 13 40
E 4092 2 10 31
T 4093 50 0 3 0
E 4093 3 -17 -52
E 4093 4 -14 -43
E 4093 5 -11 -33
T 4094 11 0 3 0
E 4094 0 17 53
E 4094 1 14 43
E 4094 2 11 34
T 4095 61 0 4 0
E 4095 2 -4 -13
E 4095 3 -20 -60
E 4095 4 -17 -51
E 4095 5 -13 -41
T 4096 10 0 3 0
E 4096 0 20 60
E 4096 1 17 51
E 4096 2 13 41
T 4097 58 0 4 0
E 4097 0 5 15
E 4097 3 -19 -59
E 4097 4 -16 -49
E 4097 5 -13 -39
T 4098 1 0 4 0
E 4098 0 19 59
E 4098 1 16 50
E 4098 2 13 40
E 4098 3 10 31
T 4099 52 0 3 0
E 4099 3 -6 -20
E 4099 4 -20 -61
E 4099 5 -17 -52
T 4100 10 0 5 0
E 4100 0 17 53
E 4100 1 14 43
E 4100 2 11 33
E 4100 3 8 24
E 4100 4 -7 -21
T 4101 56 0 3 0
E 4101 3 -6 -20
E 4101 4 -22 -67
E 4101 5 -19 -58
T 4102 15 0 6 0
E 4102 0 18 55
E 4102 1 15 45
E 4102 2 12 36
E 4102 3 8 26
E 4102 4 -8 -25
E 4102 5 -5 -15
T 4103 48 0 4 0
E 4103 0 7 22
E 4103 1 4 13
E 4103 4 -20 -61
E 4103 5 -17 -51
T 4104 17 0 5 0
E 4104 0 14 44
E 4104 1 11 34
E 4104 2 8 25
E 4104 3 5 15
E 4104 5 -11 -33
T 4105 40 0 3 0
E 4105 0 6 20
E 4105 4 -6 -19
E 4105 5 -20 -60
T 4106 24 0 4 0
E 4106 0 13 40
E 4106 1 10 31
E 4106 2 7 21
E 4106 5 -14 -43
T 4107 41 0 3 0
E 4107 0 7 21
E 4107 4 -6 -18
E 4107 5 -21 -65
T 4108 28 0 4 0
E 4108 0 12 38
E 4108 1 9 29
E 4108 2 6 19
E 4108 5 -17 -51
T 4109 35 0 3 0
E 4109 0 10 30
E 4109 1 6 20
E 4109 5 -21 -63
T 4110 11 0 3 0
E 4110 0 13 39
E 4110 1 9 29
E 4110 2 6 19
T 4111 32 0 4 0
E 4111 0 5 16
E 4111 3 -4 -13
E 4111 4 -7 -22
E 4111 5 -10 -32
T 4112 16 0 4 0
E 4112 0 10 32
E 4112 1 7 22
E 4112 2 4 13
E 4112 5 -5 -16
T 4113 28 0 3 0
E 4113 0 5 16
E 4113 4 -7 -22
E 4113 5 -10 -32
T 4114 19 0 3 0
E 4114 0 9 28
E 4114 1 6 18
E 4114 5 -6 -20
T 4115 20 0 3 0
E 4115 0 9 27
E 4115 1 5 17
E 4115 5 -7 -21
T 4116 19 0 3 0
E 4116 0 9 27
E 4116 1 6 18
E 4116 5 -7 -21
T 4117 25 0 4 0
E 4117 0 8 24
E 4117 1 4 14
E 4117 4 -5 -15
E 4117 5 -8 -24
T 4118 16 0 4 0
E 4118 0 10 32
E 4118 1 7 23
E 4118 2 4 13
E 4118 5 -5 -16
T 4119 28 0 3 0
E 4119 0 7 22
E 4119 4 -5 -16
E 4119 5 -8 -26
T 4120 20 0 3 0
E 4120 0 10 32
E 4120 1 7 22
E 4120 5 -5 -16
T 4121 28 0 3 0
E 4121 0 7 21
E 4121 4 -5 -17
E 4121 5 -9 -27
T 4122 20 0 3 0
E 4122 0 9 29
E 4122 1 6 19
E 4122 5 -6 -19
T 4123 23 0 4 0
E 4123 0 8 24
E 4123 1 5 15
E 4123 4 -4 -14
E 4123 5 -8 -24
T 4124 28 0 3 0
E 4124 0 6 19
E 4124 4 -6 -19
E 4124 5 -9 -29
T 4125 19 0 3 0
E 4125 0 9 28
E 4125 1 6 18
E 4125 5 -6 -20
T 4126 28 0 3 0
E 4126 0 6 18
E 4126 4 -6 -20
E 4126 5 -10 -30
T 4127 15 0 4 0
E 4127 0 11 35
E 4127 1 8 25
E 4127 2 5 16
E 4127 5 -4 -13
T 4128 37 0 3 0
E 4128 3 -5 -16
E 4128 4 -8 -26
E 4128 5 -12 -36
T 4129 6 0 4 0
E 4129 0 15 45
E 4129 1 11 35
E 4129 2 8 26
E 4129 3 5 16
T 4130 43 0 4 0
E 4130 2 -5 -17
E 4130 3 -8 -26
E 4130 4 -12 -36
E 4130 5 -15 -45
T 4131 5 0 4 0
E 4131 0 15 45
E 4131 1 12 36
E 4131 2 8 26
E 4131 3 5 16
T 4132 38 0 3 0
E 4132 3 -6 -18
E 4132 4 -9 -28
E 4132 5 -12 -37
T 4133 7 0 4 0
E 4133 0 13 41
E 4133 1 10 32
E 4133 2 7 22
E 4133 3 4 13
T 4134 41 0 4 0
E 4134 2 -4 -13
E 4134 3 -7 -23
E 4134 4 -10 -32
E 4134 5 -14 -42
T 4135 11 0 3 0
E 4135 0 12 38
E 4135 1 9 28
E 4135 2 6 18
T 4136 37 0 3 0
E 4136 3 -5 -17
E 4136 4 -8 -26
E 4136 5 -12 -36
T 4137 15 0 4 0
E 4137 0 11 35
E 4137 1 8 25
E 4137 2 5 16
E 4137 5 -4 -13
T 4138 33 0 4 0
E 4138 0 4 14
E 4138 3 -4 -14
E 4138 4 -8 -24
E 4138 5 -11 -34
T 4139 11 0 3 0
E 4139 0 13 39
E 4139 1 9 29
E 4139 2 6 20
T 4140 29 0 3 0
E 4140 0 5 17
E 4140 4 -7 -22
E 4140 5 -10 -31
T 4141 20 0 3 0
E 4141 0 8 26
E 4141 1 5 17
E 4141 5 -7 -22
T 4142 29 0 3 0
E 4142 0 7 21
E 4142 4 -6 -18
E 4142 5 -9 -27
T 4143 19 0 3 0
E 4143 0 9 27
E 4143 1 6 18
E 4143 5 -7 -21
T 4144 32 0 4 0
E 4144 0 5 15
E 4144 3 -4 -14
E 4144 4 -7 -23
E 4144 5 -11 -33
T 4145 20 0 3 0
E 4145 0 10 30
E 4145 1 6 20
E 4145 5 -6 -18
T 4146 32 0 4 0
E 4146 0 5 16
E 4146 3 -4 -13
E 4146 4 -7 -22
E 4146 5 -10 -32
T 4147 19 0 3 0
E 4147 0 10 31
E 4147 1 7 21
E 4147 5 -5 -17
T 4148 33 0 4 0
E 4148 0 4 14
E 4148 3 -4 -14
E 4148 4 -8 -24
E 4148 5 -11 -34
T 4149 20 0 3 0
E 4149 0 10 30
E 4149 1 6 20
E 4149 5 -6 -18
T 4150 20 0 3 0
E 4150 0 9 27
E 4150 1 5 17
E 4150 5 -7 -21
T 4151 28 0 3 0
E 4151 0 7 21
E 4151 4 -5 -17
E 4151 5 -9 -27
T 4152 25 0 4 0
E 4152 0 8 24
E 4152 1 4 14
E 4152 4 -5 -15
E 4152 5 -8 -24
T 4153 29 0 3 0
E 4153 0 6 20
E 4153 4 -6 -18
E 4153 5 -9 -28
T 4154 20 0 3 0
E 4154 0 10 30
E 4154 1 6 20
E 4154 5 -6 -18
T 4155 25 0 4 0
E 4155 0 7 23
E 4155 1 4 13
E 4155 4 -5 -16
E 4155 5 -8 -25
T 4156 24 0 4 0
E 4156 0 7 22
E 4156 1 4 13
E 4156 4 -5 -16
E 4156 5 -8 -26
T 4157 20 0 3 0
E 4157 0 9 29
E 4157 1 6 19
E 4157 5 -6 -19
T 4158 23 0 4 0
E 4158 0 8 25
E 4158 1 5 16
E 4158 4 -4 -13
E 4158 5 -7 -23
T 4159 20 0 3 0
E 4159 0 8 26
E 4159 1 5 16
E 4159 5 -7 -22
T 4160 29 0 3 0
E 4160 0 5 17
E 4160 4 -7 -22
E 4160 5 -10 -31
T 4161 19 0 3 0
E 4161 0 10 31
E 4161 1 7 22
E 4161 5 -5 -17
T 4162 28 0 3 0
E 4162 0 7 22
E 4162 4 -5 -17
E 4162 5 -8 -26
T 4163 19 0 3 0
E 4163 0 9 27
E 4163 1 6 18
E 4163 5 -7 -21
T 4164 20 0 3 0
E 4164 0 9 27
E 4164 1 5 17
E 4164 5 -7 -21
T 4165 19 0 3 0
E 4165 0 9 28
E 4165 1 6 18
E 4165 5 -6 -20
T 4166 29 0 3 0
E 4166 0 5 17
E 4166 4 -7 -21
E 4166 5 -10 -31
T 4167 16 0 4 0
E 4167 0 11 33
E 4167 1 7 23
E 4167 2 4 14
E 4167 5 -5 -15
T 4168 33 0 4 0
E 4168 0 4 14
E 4168 3 -4 -14
E 4168 4 -8 -24
E 4168 5 -11 -34
T 4169 16 0 4 0
E 4169 0 11 33
E 4169 1 7 23
E 4169 2 4 14
E 4169 5 -5 -15
T 4170 28 0 3 0
E 4170 0 7 22
E 4170 4 -5 -17
E 4170 5 -8 -26
T 4171 19 0 3 0
E 4171 0 10 30
E 4171 1 7 21
E 4171 5 -6 -18
T 4172 32 0 4 0
E 4172 0 5 16
E 4172 3 -4 -13
E 4172 4 -7 -23
E 4172 5 -10 -32
T 4173 16 0 4 0
E 4173 0 10 32
E 4173 1 7 23
E 4173 2 4 13
E 4173 5 -5 -16
T 4174 37 0 3 0
E 4174 3 -5 -17
E 4174 4 -8 -26
E 4174 5 -12 -36
T 4175 15 0 4 0
E 4175 0 11 35
E 4175 1 8 25
E 4175 2 5 15
E 4175 5 -4 -13
T 4176 28 0 3 0
E 4176 0 6 19
E 4176 4 -6 -19
E 4176 5 -9 -29
T 4177 17 0 3 0
E 4177 0 8 25
E 4177 1 6 18
E 4177 5 -6 -20
T 4178 28 0 2 0
E 4178 4 -7 -22
E 4178 5 -10 -32
T 4179 15 0 3 0
E 4179 0 7 22
E 4179 1 6 20
E 4179 5 -6 -18
T 4180 25 0 2 0
E 4180 4 -6 -18
E 4180 5 -9 -27
T 4181 2 0 3 0
E 4181 0 7 23
E 4181 1 9 27
E 4181 2 5 17
T 4182 18 0 2 0
E 4182 4 -7 -22
E 4182 5 -10 -31
T 4183 5 0 4 0
E 4183 0 4 14
E 4183 1 6 20
E 4183 2 4 13
E 4183 5 -5 -16
T 4184 14 0 2 0
E 4184 4 -6 -18
E 4184 5 -9 -28
T 4185 5 0 3 0
E 4185 1 5 16
E 4185 2 4 14
E 4185 5 -4 -14
T 4186 10 0 1 0
E 4186 5 -6 -18
T 4187 1 0 2 0
E 4187 1 6 18
E 4187 2 7 22
T 4188 2 0 2 0
E 4188 2 4 13
E 4188 5 -5 -16
T 4189 2 0 1 0
E 4189 2 4 14
T 4190 0 0 1 0
E 4190 5 -5 -16
T 4191 2 0 1 0
E 4191 5 -5 -16
T 4192 7 0 2 0
E 4192 2 5 15
E 4192 3 5 16
T 4193 4 0 2 0
E 4193 0 -4 -13
E 4193 5 -5 -17
T 4194 11 0 0 0
T 4195 10 0 0 0
T 4196 7 0 0 0
T 4197 10 0 1 0
E 4197 0 -4 -14
T 4198 10 0 1 0
E 4198 0 -5 -15
T 4199 11 0 1 0
E 4199 0 -5 -16
T 4200 11 0 1 0
E 4200 0 -5 -16
T 4201 12 0 0 0
T 4202 15 0 1 0
E 4202 4 4 13
T 4203 9 0 2 0
E 4203 0 -6 -19
E 4203 1 -4 -13
T 4204 9 0 1 0
E 4204 0 -4 -13
T 4205 20 0 2 0
E 4205 4 4 13
E 4205 5 5 17
T 4206 15 0 2 0
E 4206 0 -5 -16
E 4206 5 4 14
T 4207 20 0 2 0
E 4207 4 4 14
E 4207 5 6 20
T 4208 6 0 3 0
E 4208 0 -9 -27
E 4208 1 -7 -21
E 4208 2 -5 -15
T 4209 23 0 3 0
E 4209 3 5 16
E 4209 4 7 22
E 4209 5 9 28
T 4210 10 0 2 0
E 4210 0 -6 -20
E 4210 1 -4 -14
T 4211 21 0 2 0
E 4211 4 4 13
E 4211 5 6 19
T 4212 10 0 2 0
E 4212 0 -8 -24
E 4212 1 -6 -18
T 4213 15 1 2 0
E 4213 0 -5 -15
E 4213 5 5 15
T 4214 15 0 2 0
E 4214 0 -4 -14
E 4214 5 5 16
T 4215 10 0 2 0
E 4215 0 -7 -22
E 4215 1 -5 -16
T 4216 16 0 2 0
E 4216 0 -5 -17
E 4216 5 4 13
T 4217 9 0 2 0
E 4217 0 -7 -21
E 4217 1 -5 -15
T 4218 20 0 2 0
E 4218 4 6 18
E 4218 5 8 24
T 4219 10 0 2 0
E 4219 0 -7 -22
E 4219 1 -5 -16
T 4220 19 0 2 0
E 4220 4 5 17
E 4220 5 7 23
T 4221 12 0 1 0
E 4221 0 -6 -18
T 4222 14 0 2 0
E 4222 0 -4 -13
E 4222 5 5 17
T 4223 14 0 2 0
E 4223 0 -4 -13
E 4223 5 5 17
T 4224 15 0 2 0
E 4224 0 -5 -16
E 4224 5 4 14
T 4225 10 0 2 0
E 4225 0 -7 -22
E 4225 1 -5 -16
T 4226 21 0 2 0
E 4226 4 5 16
E 4226 5 7 22
T 4227 11 0 2 0
E 4227 0 -7 -23
E 4227 1 -5 -16
T 4228 25 0 3 0
E 4228 3 4 13
E 4228 4 6 19
E 4228 5 8 25
T 4229 10 0 3 0
E 4229 0 -9 -29
E 4229 1 -6 -20
E 4229 2 -4 -14
T 4230 20 0 3 0
E 4230 0 -4 -14
E 4230 4 4 13
E 4230 5 6 19
T 4231 17 0 2 0
E 4231 0 -6 -18
E 4231 5 5 16
T 4232 12 0 2 0
E 4232 0 -7 -23
E 4232 1 -4 -14
T 4233 19 0 2 0
E 4233 0 -6 -20
E 4233 5 5 15
T 4234 22 0 3 0
E 4234 0 -5 -15
E 4234 4 5 15
E 4234 5 7 21
T 4235 16 0 3 0
E 4235 0 -7 -23
E 4235 1 -4 -14
E 4235 5 4 13
T 4236 22 0 3 0
E 4236 0 -5 -15
E 4236 4 5 16
E 4236 5 7 22
T 4237 19 0 2 0
E 4237 0 -7 -21
E 4237 5 5 16
T 4238 13 0 2 0
E 4238 0 -9 -27
E 4238 1 -5 -17
T 4239 24 0 3 0
E 4239 0 -5 -15
E 4239 4 6 18
E 4239 5 8 24
T 4240 24 0 3 0
E 4240 0 -6 -20
E 4240 4 4 13
E 4240 5 6 19
T 4241 17 0 3 0
E 4241 0 -8 -25
E 4241 1 -5 -15
E 4241 5 5 15
T 4242 28 0 4 0
E 4242 0 -5 -15
E 4242 3 4 13
E 4242 4 6 19
E 4242 5 8 25
T 4243 17 0 3 0
E 4243 0 -8 -24
E 4243 1 -4 -14
E 4243 5 5 17
T 4244 22 0 4 0
E 4244 0 -7 -23
E 4244 1 -4 -13
E 4244 4 4 13
E 4244 5 6 19
T 4245 26 0 3 0
E 4245 0 -5 -17
E 4245 4 6 19
E 4245 5 8 25
T 4246 10 0 3 0
E 4246 0 -11 -34
E 4246 1 -8 -24
E 4246 2 -5 -15
T 4247 26 0 3 0
E 4247 0 -5 -17
E 4247 4 6 20
E 4247 5 8 26
T 4248 27 0 3 0
E 4248 0 -7 -22
E 4248 4 5 16
E 4248 5 7 22
T 4249 19 0 3 0
E 4249 0 -10 -30
E 4249 1 -6 -20
E 4249 5 5 15
T 4250 19 0 3 0
E 4250 0 -8 -26
E 4250 1 -5 -17
E 4250 5 6 19
T 4251 24 1 4 0
E 4251 0 -8 -24
E 4251 1 -4 -14
E 4251 4 5 15
E 4251 5 7 22
T 4252 18 0 3 0
E 4252 0 -10 -30
E 4252 1 -7 -21
E 4252 5 5 16
T 4253 28 0 3 0
E 4253 0 -6 -19
E 4253 4 6 19
E 4253 5 9 28
T 4254 11 0 3 0
E 4254 0 -12 -36
E 4254 1 -8 -26
E 4254 2 -5 -16
T 4255 37 0 3 0
E 4255 3 6 19
E 4255 4 9 28
E 4255 5 12 38
T 4256 11 0 3 0
E 4256 0 -13 -41
E 4256 1 -10 -31
E 4256 2 -7 -22
T 4257 37 0 3 0
E 4257 3 6 19
E 4257 4 9 29
E 4257 5 13 39
T 4258 6 0 4 0
E 4258 0 -14 -43
E 4258 1 -11 -33
E 4258 2 -8 -24
E 4258 3 -4 -14
T 4259 42 0 4 0
E 4259 2 4 14
E 4259 3 7 23
E 4259 4 11 33
E 4259 5 14 42
T 4260 11 0 3 0
E 4260 0 -13 -41
E 4260 1 -10 -32
E 4260 2 -7 -22
T 4261 33 0 4 0
E 4261 0 -5 -15
E 4261 3 4 14
E 4261 4 8 24
E 4261 5 11 33
T 4262 19 0 3 0
E 4262 0 -10 -30
E 4262 1 -7 -21
E 4262 5 6 18
T 4263 20 0 3 0
E 4263 0 -9 -27
E 4263 1 -5 -17
E 4263 5 7 21
T 4264 25 0 4 0
E 4264 0 -8 -24
E 4264 1 -4 -14
E 4264 4 5 15
E 4264 5 8 24
T 4265 20 0 3 0
E 4265 0 -9 -29
E 4265 1 -6 -20
E 4265 5 6 19
T 4266 25 0 4 0
E 4266 0 -7 -23
E 4266 1 -4 -13
E 4266 4 5 16
E 4266 5 8 25
T 4267 25 0 4 0
E 4267 0 -7 -23
E 4267 1 -4 -14
E 4267 4 5 15
E 4267 5 8 25
T 4268 20 0 3 0
E 4268 0 -9 -27
E 4268 1 -5 -17
E 4268 5 7 21
T 4269 29 0 3 0
E 4269 0 -5 -17
E 4269 4 7 22
E 4269 5 10 31
T 4270 20 0 3 0
E 4270 0 -8 -26
E 4270 1 -5 -17
E 4270 5 7 22
T 4271 29 0 3 0
E 4271 0 -6 -18
E 4271 4 7 21
E 4271 5 10 30
T 4272 14 0 4 0
E 4272 0 -11 -34
E 4272 1 -8 -25
E 4272 2 -5 -15
E 4272 5 4 14
T 4273 28 0 3 0
E 4273 0 -7 -21
E 4273 4 5 17
E 4273 5 9 27
T 4274 20 0 3 0
E 4274 0 -9 -29
E 4274 1 -6 -19
E 4274 5 6 19
T 4275 23 0 4 0
E 4275 0 -8 -24
E 4275 1 -5 -15
E 4275 4 4 14
E 4275 5 8 24
T 4276 23 0 4 0
E 4276 0 -8 -25
E 4276 1 -5 -15
E 4276 4 4 14
E 4276 5 7 23
T 4277 20 0 3 0
E 4277 0 -9 -29
E 4277 1 -6 -20
E 4277 5 6 19
T 4278 19 0 3 0
E 4278 0 -9 -28
E 4278 1 -6 -18
E 4278 5 6 20
T 4279 29 0 3 0
E 4279 0 -5 -17
E 4279 4 7 22
E 4279 5 10 31
T 4280 19 0 3 0
E 4280 0 -9 -27
E 4280 1 -6 -18
E 4280 5 7 21
T 4281 29 0 3 0
E 4281 0 -7 -21
E 4281 4 6 18
E 4281 5 9 27
T 4282 15 0 4 0
E 4282 0 -11 -33
E 4282 1 -8 -24
E 4282 2 -4 -14
E 4282 5 5 15
T 4283 28 0 3 0
E 4283 0 -7 -22
E 4283 4 5 16
E 4283 5 8 26
T 4284 19 0 3 0
E 4284 0 -9 -28
E 4284 1 -6 -18
E 4284 5 6 20
T 4285 23 0 4 0
E 4285 0 -8 -25
E 4285 1 -5 -16
E 4285 4 4 13
E 4285 5 7 23
T 4286 20 0 3 0
E 4286 0 -10 -30
E 4286 1 -6 -20
E 4286 5 6 18
T 4287 19 0 3 0
E 4287 0 -9 -27
E 4287 1 -6 -18
E 4287 5 7 21
T 4288 28 0 3 0
E 4288 0 -7 -22
E 4288 4 5 16
E 4288 5 8 26
T 4289 11 0 3 0
E 4289 0 -12 -36
E 4289 1 -8 -26
E 4289 2 -5 -16
T 4290 33 0 4 0
E 4290 0 -4 -13
E 4290 3 5 16
E 4290 4 8 25
E 4290 5 11 35
T 4291 20 0 3 0
E 4291 0 -10 -30
E 4291 1 -6 -20
E 4291 5 6 18
T 4292 23 0 4 0
E 4292 0 -8 -25
E 4292 1 -5 -16
E 4292 4 4 13
E 4292 5 7 23
T 4293 20 0 3 0
E 4293 0 -9 -27
E 4293 1 -5 -17
E 4293 5 7 21
T 4294 29 0 3 0
E 4294 0 -6 -18
E 4294 4 7 21
E 4294 5 10 30
T 4295 15 0 4 0
E 4295 0 -11 -33
E 4295 1 -8 -24
E 4295 2 -4 -14
E 4295 5 5 15
T 4296 34 0 4 0
E 4296 0 -4 -14
E 4296 3 5 15
E 4296 4 8 25
E 4296 5 11 34
T 4297 20 0 3 0
E 4297 0 -9 -29
E 4297 1 -6 -20
E 4297 5 6 19
T 4298 28 0 3 0
E 4298 0 -6 -19
E 4298 4 6 19
E 4298 5 9 29
T 4299 20 0 3 0
E 4299 0 -10 -32
E 4299 1 -7 -22
E 4299 5 5 16
T 4300 28 0 3 0
E 4300 0 -6 -19
E 4300 4 6 19
E 4300 5 9 29
T 4301 20 0 3 0
E 4301 0 -9 -29
E 4301 1 -6 -19
E 4301 5 6 19
T 4302 28 0 3 0
E 4302 0 -6 -19
E 4302 4 6 19
E 4302 5 9 29
T 4303 20 0 3 0
E 4303 0 -9 -27
E 4303 1 -5 -17
E 4303 5 7 21
T 4304 29 0 3 0
E 4304 0 -7 -21
E 4304 4 6 18
E 4304 5 9 27
T 4305 20 0 3 0
E 4305 0 -8 -26
E 4305 1 -5 -17
E 4305 5 7 22
T 4306 29 0 3 0
E 4306 0 -6 -18
E 4306 4 7 21
E 4306 5 10 30
T 4307 19 0 3 0
E 4307 0 -10 -31
E 4307 1 -7 -22
E 4307 5 5 17
T 4308 29 0 3 0
E 4308 0 -6 -20
E 4308 4 6 18
E 4308 5 9 28
T 4309 19 0 3 0
E 4309 0 -9 -28
E 4309 1 -6 -18
E 4309 5 6 20
T 4310 25 0 4 0
E 4310 0 -7 -23
E 4310 1 -4 -14
E 4310 4 5 15
E 4310 5 8 25
T 4311 16 0 4 0
E 4311 0 -11 -33
E 4311 1 -7 -23
E 4311 2 -4 -14
E 4311 5 5 15
T 4312 32 0 4 0
E 4312 0 -5 -15
E 4312 3 4 13
E 4312 4 7 23
E 4312 5 11 33
T 4313 11 0 3 0
E 4313 0 -12 -38
E 4313 1 -9 -28
E 4313 2 -6 -19
T 4314 37 0 3 0
E 4314 3 6 19
E 4314 4 9 29
E 4314 5 12 38
T 4315 6 0 4 0
E 4315 0 -14 -44
E 4315 1 -11 -35
E 4315 2 -8 -25
E 4315 3 -5 -15
T 4316 33 0 4 0
E 4316 0 -4 -13
E 4316 3 5 16
E 4316 4 8 26
E 4316 5 11 35
T 4317 10 0 3 0
E 4317 0 -12 -37
E 4317 1 -9 -28
E 4317 2 -6 -18
T 4318 28 0 3 0
E 4318 0 -6 -18
E 4318 4 6 20
E 4318 5 10 30
T 4319 24 0 4 0
E 4319 0 -8 -26
E 4319 1 -5 -16
E 4319 4 4 13
E 4319 5 7 22
T 4320 4 0 3 0
E 4320 0 9 27
E 4320 4 5 17
E 4320 5 9 27
T 4321 35 0 4 0
E 4321 1 -14 -42
E 4321 2 -11 -33
E 4321 3 -7 -23
E 4321 4 -4 -13
T 4322 8 0 3 0
E 4322 0 11 33
E 4322 4 5 17
E 4322 5 9 27
T 4323 36 0 3 0
E 4323 1 -11 -35
E 4323 2 -8 -26
E 4323 3 -5 -16
T 4324 22 0 3 0
E 4324 0 11 33
E 4324 1 -6 -18
E 4324 5 6 20
T 4325 38 0 4 0
E 4325 0 6 20
E 4325 1 -11 -35
E 4325 2 -8 -25
E 4325 3 -5 -15
T 4326 5 0 4 0
E 4326 0 14 43
E 4326 1 11 34
E 4326 4 5 15
E 4326 5 8 24
T 4327 46 0 4 0
E 4327 2 -15 -45
E 4327 3 -12 -36
E 4327 4 -8 -26
E 4327 5 -5 -16
T 4328 8 0 4 0
E 4328 0 16 48
E 4328 1 13 39
E 4328 4 4 13
E 4328 5 7 23
T 4329 55 0 4 0
E 4329 2 -17 -52
E 4329 3 -14 -43
E 4329 4 -11 -33
E 4329 5 -8 -24
T 4330 10 0 4 0
E 4330 0 19 57
E 4330 1 15 47
E 4330 4 5 15
E 4330 5 8 25
T 4331 62 0 4 0
E 4331 2 -19 -58
E 4331 3 -16 -48
E 4331 4 -12 -38
E 4331 5 -9 -29
T 4332 4 0 4 0
E 4332 0 19 58
E 4332 1 16 48
E 4332 2 13 39
E 4332 5 6 20
T 4333 50 0 3 0
E 4333 3 -17 -52
E 4333 4 -14 -43
E 4333 5 -11 -33
T 4334 16 0 4 0
E 4334 0 15 47
E 4334 1 12 37
E 4334 2 9 28
E 4334 3 -5 -17
T 4335 51 0 4 0
E 4335 0 5 17
E 4335 3 -16 -50
E 4335 4 -13 -41
E 4335 5 -10 -31
T 4336 22 0 5 0
E 4336 0 15 47
E 4336 1 12 38
E 4336 2 9 28
E 4336 3 -7 -23
E 4336 4 -4 -13
T 4337 57 0 4 0
E 4337 0 6 20
E 4337 3 -18 -54
E 4337 4 -14 -44
E 4337 5 -11 -34
T 4338 2 0 4 0
E 4338 0 18 56
E 4338 1 15 47
E 4338 2 12 37
E 4338 3 9 28
T 4339 52 0 3 0
E 4339 3 -7 -21
E 4339 4 -20 -62
E 4339 5 -17 -53
T 4340 18 0 6 0
E 4340 0 16 48
E 4340 1 12 38
E 4340 2 9 28
E 4340 3 6 19
E 4340 4 -8 -26
E 4340 5 -5 -16
T 4341 44 0 4 0
E 4341 0 7 22
E 4341 1 4 13
E 4341 4 -18 -54
E 4341 5 -15 -45
T 4342 28 0 6 0
E 4342 0 14 42
E 4342 1 10 32
E 4342 2 7 23
E 4342 3 4 13
E 4342 4 -12 -38
E 4342 5 -9 -28
T 4343 48 0 4 0
E 4343 0 7 23
E 4343 1 4 14
E 4343 4 -20 -60
E 4343 5 -16 -50
T 4344 17 0 5 0
E 4344 0 14 44
E 4344 1 11 34
E 4344 2 8 25
E 4344 3 5 15
E 4344 5 -11 -33
T 4345 39 0 3 0
E 4345 0 6 18
E 4345 4 -7 -21
E 4345 5 -20 -62
T 4346 27 0 4 0
E 4346 0 11 35
E 4346 1 8 26
E 4346 2 5 16
E 4346 5 -16 -48
T 4347 33 0 3 0
E 4347 0 9 29
E 4347 1 6 19
E 4347 5 -19 -57
T 4348 34 0 3 0
E 4348 0 9 29
E 4348 1 6 20
E 4348 5 -20 -60
T 4349 30 0 4 0
E 4349 0 12 36
E 4349 1 8 26
E 4349 2 5 17
E 4349 5 -19 -57
T 4350 11 0 3 0
E 4350 0 12 37
E 4350 1 9 27
E 4350 2 5 17
T 4351 33 0 4 0
E 4351 0 4 13
E 4351 3 -5 -16
E 4351 4 -8 -25
E 4351 5 -11 -35
T 4352 19 0 3 0
E 4352 0 10 31
E 4352 1 7 21
E 4352 5 -5 -17
T 4353 32 0 4 0
E 4353 0 5 15
E 4353 3 -4 -13
E 4353 4 -7 -23
E 4353 5 -11 -33
T 4354 10 0 3 0
E 4354 0 12 37
E 4354 1 9 27
E 4354 2 6 18
T 4355 37 0 3 0
E 4355 3 -6 -19
E 4355 4 -9 -29
E 4355 5 -12 -38
T 4356 14 0 4 0
E 4356 0 11 34
E 4356 1 8 25
E 4356 2 5 15
E 4356 5 -4 -14
T 4357 29 0 3 0
E 4357 0 7 21
E 4357 4 -6 -18
E 4357 5 -9 -27
T 4358 15 0 4 0
E 4358 0 11 35
E 4358 1 8 26
E 4358 2 5 16
E 4358 5 -4 -13
T 4359 38 0 3 0
E 4359 3 -6 -18
E 4359 4 -9 -27
E 4359 5 -12 -37
T 4360 11 0 3 0
E 4360 0 12 36
E 4360 1 8 26
E 4360 2 5 16
T 4361 38 0 3 0
E 4361 3 -7 -21
E 4361 4 -10 -30
E 4361 5 -13 -40
T 4362 5 0 4 0
E 4362 0 15 46
E 4362 1 12 36
E 4362 2 9 27
E 4362 3 5 17
T 4363 42 0 4 0
E 4363 2 -5 -17
E 4363 3 -8 -26
E 4363 4 -12 -36
E 4363 5 -15 -46
T 4364 4 0 4 0
E 4364 0 16 49
E 4364 1 13 39
E 4364 2 10 30
E 4364 3 6 20
T 4365 38 0 3 0
E 4365 3 -7 -21
E 4365 4 -10 -31
E 4365 5 -13 -40
T 4366 10 0 3 0
E 4366 0 13 40
E 4366 1 10 31
E 4366 2 7 21
T 4367 32 0 4 0
E 4367 0 5 16
E 4367 3 -4 -13
E 4367 4 -7 -23
E 4367 5 -10 -32
T 4368 10 0 3 0
E 4368 0 12 36
E 4368 1 9 27
E 4368 2 5 17
T 4369 37 0 3 0
E 4369 3 -7 -22
E 4369 4 -10 -31
E 4369 5 -13 -41
T 4370 7 0 4 0
E 4370 0 14 42
E 4370 1 10 32
E 4370 2 7 22
E 4370 3 4 13
T 4371 42 0 4 0
E 4371 2 -5 -15
E 4371 3 -8 -25
E 4371 4 -11 -34
E 4371 5 -14 -44
T 4372 7 0 4 0
E 4372 0 14 42
E 4372 1 10 32
E 4372 2 7 23
E 4372 3 4 13
T 4373 33 0 4 0
E 4373 0 4 13
E 4373 3 -5 -15
E 4373 4 -8 -25
E 4373 5 -11 -35
T 4374 10 0 3 0
E 4374 0 12 37
E 4374 1 9 27
E 4374 2 6 18
T 4375 41 0 4 0
E 4375 2 -4 -13
E 4375 3 -7 -22
E 4375 4 -10 -32
E 4375 5 -13 -41
T 4376 5 0 4 0
E 4376 0 15 47
E 4376 1 12 38
E 4376 2 9 28
E 4376 3 6 18
T 4377 43 0 4 0
E 4377 2 -5 -16
E 4377 3 -8 -26
E 4377 4 -12 -36
E 4377 5 -15 -45
T 4378 11 0 3 0
E 4378 0 12 38
E 4378 1 9 29
E 4378 2 6 19
T 4379 33 0 4 0
E 4379 0 4 13
E 4379 3 -5 -16
E 4379 4 -8 -25
E 4379 5 -11 -35
T 4380 19 0 3 0
E 4380 0 10 31
E 4380 1 7 21
E 4380 5 -5 -17
T 4381 29 0 3 0
E 4381 0 6 20
E 4381 4 -6 -18
E 4381 5 -9 -28
T 4382 11 0 3 0
E 4382 0 12 36
E 4382 1 8 26
E 4382 2 5 17
T 4383 37 0 3 0
E 4383 3 -7 -21
E 4383 4 -10 -31
E 4383 5 -13 -41
T 4384 7 0 4 0
E 4384 0 14 42
E 4384 1 10 32
E 4384 2 7 23
E 4384 3 4 13
T 4385 43 0 4 0
E 4385 2 -5 -17
E 4385 3 -8 -26
E 4385 4 -12 -36
E 4385 5 -15 -45
T 4386 4 0 4 0
E 4386 0 16 49
E 4386 1 13 40
E 4386 2 10 30
E 4386 3 6 20
T 4387 38 0 3 0
E 4387 3 -5 -17
E 4387 4 -9 -27
E 4387 5 -12 -36
T 4388 7 0 4 0
E 4388 0 13 41
E 4388 1 10 32
E 4388 2 7 22
E 4388 3 4 13
T 4389 32 0 4 0
E 4389 0 5 15
E 4389 3 -4 -14
E 4389 4 -7 -23
E 4389 5 -11 -33
T 4390 11 0 3 0
E 4390 0 13 40
E 4390 1 10 30
E 4390 2 6 20
T 4391 34 0 4 0
E 4391 0 4 14
E 4391 3 -5 -15
E 4391 4 -8 -24
E 4391 5 -11 -34
T 4392 11 0 3 0
E 4392 0 13 41
E 4392 1 10 31
E 4392 2 7 22
T 4393 29 0 3 0
E 4393 0 5 17
E 4393 4 -7 -21
E 4393 5 -10 -31
T 4394 10 0 3 0
E 4394 0 12 37
E 4394 1 9 27
E 4394 2 6 18
T 4395 41 0 4 0
E 4395 2 -4 -13
E 4395 3 -7 -22
E 4395 4 -10 -32
E 4395 5 -13 -41
T 4396 11 0 3 0
E 4396 0 12 38
E 4396 1 9 29
E 4396 2 6 19
T 4397 37 0 3 0
E 4397 3 -7 -22
E 4397 4 -10 -32
E 4397 5 -13 -41
T 4398 6 0 4 0
E 4398 0 14 42
E 4398 1 11 33
E 4398 2 7 23
E 4398 3 4 14
T 4399 38 0 3 0
E 4399 3 -7 -21
E 4399 4 -10 -30
E 4399 5 -13 -40
T 4400 7 0 4 0
E 4400 0 14 42
E 4400 1 10 32
E 4400 2 7 22
E 4400 3 4 13
T 4401 37 0 3 0
E 4401 3 -6 -19
E 4401 4 -9 -28
E 4401 5 -12 -38
T 4402 14 0 4 0
E 4402 0 11 34
E 4402 1 8 24
E 4402 2 5 15
E 4402 5 -4 -14
T 4403 28 0 3 0
E 4403 0 6 18
E 4403 4 -6 -20
E 4403 5 -10 -30
T 4404 20 0 3 0
E 4404 0 9 27
E 4404 1 5 17
E 4404 5 -7 -21
T 4405 24 0 4 0
E 4405 0 8 26
E 4405 1 5 16
E 4405 4 -4 -13
E 4405 5 -7 -22
T 4406 28 0 3 0
E 4406 0 7 21
E 4406 4 -5 -17
E 4406 5 -9 -27
T 4407 25 0 4 0
E 4407 0 8 24
E 4407 1 4 14
E 4407 4 -5 -15
E 4407 5 -8 -24
T 4408 19 0 3 0
E 4408 0 9 28
E 4408 1 6 19
E 4408 5 -6 -20
T 4409 28 0 3 0
E 4409 0 7 22
E 4409 4 -5 -16
E 4409 5 -8 -26
T 4410 20 0 3 0
E 4410 0 9 29
E 4410 1 6 19
E 4410 5 -6 -19
T 4411 23 0 4 0
E 4411 0 8 25
E 4411 1 5 16
E 4411 4 -4 -13
E 4411 5 -7 -23
T 4412 20 0 3 0
E 4412 0 9 29
E 4412 1 6 19
E 4412 5 -6 -19
T 4413 28 0 3 0
E 4413 0 5 16
E 4413 4 -7 -22
E 4413 5 -10 -32
T 4414 14 0 4 0
E 4414 0 11 34
E 4414 1 8 24
E 4414 2 5 15
E 4414 5 -4 -14
T 4415 34 0 4 0
E 4415 0 4 14
E 4415 3 -5 -15
E 4415 4 -8 -25
E 4415 5 -11 -34
T 4416 11 0 3 0
E 4416 0 12 38
E 4416 1 9 29
E 4416 2 6 19
T 4417 27 0 3 0
E 4417 0 5 15
E 4417 4 -7 -21
E 4417 5 -10 -30
T 4418 16 0 3 0
E 4418 0 7 21
E 4418 1 5 17
E 4418 5 -7 -22
T 4419 19 0 4 0
E 4419 0 5 15
E 4419 1 4 13
E 4419 4 -5 -15
E 4419 5 -8 -25
T 4420 13 0 3 0
E 4420 0 6 19
E 4420 1 6 20
E 4420 5 -6 -18
T 4421 22 0 2 0
E 4421 4 -6 -18
E 4421 5 -9 -28
T 4422 8 0 3 0
E 4422 0 5 15
E 4422 1 7 21
E 4422 5 -5 -17
T 4423 17 0 2 0
E 4423 4 -6 -18
E 4423 5 -9 -28
T 4424 1 0 3 0
E 4424 0 6 20
E 4424 1 8 26
E 4424 2 7 22
T 4425 11 0 2 0
E 4425 4 -7 -21
E 4425 5 -10 -30
T 4426 0 0 2 0
E 4426 1 5 16
E 4426 2 5 17
T 4427 5 0 1 0
E 4427 5 -6 -20
T 4428 4 0 1 0
E 4428 5 -6 -19
T 4429 0 0 1 0
E 4429 2 6 18
T 4430 1 0 1 0
E 4430 5 -5 -15
T 4431 1 0 1 0
E 4431 5 -5 -15
T 4432 6 0 2 0
E 4432 2 5 16
E 4432 3 5 17
T 4433 5 0 1 0
E 4433 5 -4 -13
T 4434 11 0 0 0
T 4435 10 0 0 0
T 4436 10 0 1 0
E 4436 0 -4 -14
T 4437 7 0 0 0
T 4438 13 0 2 0
E 4438 3 4 13
E 4438 4 4 14
T 4439 13 0 1 0
E 4439 4 4 13
T 4440 13 0 1 0
E 4440 4 5 16
T 4441 9 0 2 0
E 4441 0 -6 -19
E 4441 1 -4 -13
T 4442 13 0 1 0
E 4442 4 5 16
T 4443 12 0 1 0
E 4443 0 -6 -18
T 4444 18 0 2 0
E 4444 4 5 17
E 4444 5 6 18
T 4445 14 1 2 0
E 4445 0 -4 -14
E 4445 5 4 14
T 4446 14 0 2 0
E 4446 0 -4 -13
E 4446 5 5 17
T 4447 14 0 2 0
E 4447 0 -4 -13
E 4447 5 5 17
T 4448 9 0 2 0
E 4448 0 -7 -21
E 4448 1 -5 -15
T 4449 22 0 3 0
E 4449 3 4 14
E 4449 4 6 20
E 4449 5 8 26
T 4450 8 0 3 0
E 4450 0 -9 -29
E 4450 1 -7 -23
E 4450 2 -5 -17
T 4451 19 0 2 0
E 4451 4 5 17
E 4451 5 7 23
T 4452 10 0 2 0
E 4452 0 -6 -20
E 4452 1 -4 -14
T 4453 15 0 2 0
E 4453 0 -4 -14
E 4453 5 5 16
T 4454 9 0 2 0
E 4454 0 -7 -21
E 4454 1 -5 -15
T 4455 21 0 2 0
E 4455 4 5 15
E 4455 5 7 21
T 4456 9 0 2 0
E 4456 0 -6 -19
E 4456 1 -4 -13
T 4457 18 0 1 0
E 4457 5 6 18
T 4458 9 0 2 0
E 4458 0 -6 -19
E 4458 1 -4 -13
T 4459 20 0 2 0
E 4459 4 4 14
E 4459 5 6 20
T 4460 15 0 2 0
E 4460 0 -5 -16
E 4460 5 4 14
T 4461 20 0 2 0
E 4461 4 4 14
E 4461 5 6 20
T 4462 16 0 2 0
E 4462 0 -5 -17
E 4462 5 4 13
T 4463 15 1 2 0
E 4463 0 -5 -15
E 4463 5 5 15
T 4464 21 0 2 0
E 4464 4 4 13
E 4464 5 6 19
T 4465 12 0 1 0
E 4465 0 -6 -18
T 4466 22 0 2 0
E 4466 4 5 15
E 4466 5 7 21
T 4467 11 0 2 0
E 4467 0 -8 -24
E 4467 1 -5 -17
T 4468 22 0 2 0
E 4468 4 4 14
E 4468 5 6 20
T 4469 17 0 2 0
E 4469 0 -6 -19
E 4469 5 4 14
T 4470 11 0 2 0
E 4470 0 -8 -24
E 4470 1 -5 -15
T 4471 26 0 3 0
E 4471 3 4 14
E 4471 4 6 20
E 4471 5 8 26
T 4472 18 0 2 0
E 4472 0 -7 -21
E 4472 5 4 13
T 4473 12 0 2 0
E 4473 0 -7 -23
E 4473 1 -4 -13
T 4474 19 0 2 0
E 4474 0 -6 -20
E 4474 5 5 16
T 4475 13 0 2 0
E 4475 0 -8 -26
E 4475 1 -5 -17
T 4476 22 0 3 0
E 4476 0 -6 -18
E 4476 4 4 13
E 4476 5 6 19
T 4477 12 0 2 0
E 4477 0 -8 -25
E 4477 1 -5 -16
T 4478 23 0 3 0
E 4478 0 -6 -19
E 4478 4 4 13
E 4478 5 6 19
T 4479 14 0 2 0
E 4479 0 -10 -31
E 4479 1 -7 -21
T 4480 24 0 3 0
E 4480 0 -6 -20
E 4480 4 4 13
E 4480 5 6 19
T 4481 11 0 3 0
E 4481 0 -10 -32
E 4481 1 -7 -22
E 4481 2 -4 -13
T 4482 33 0 3 0
E 4482 3 5 16
E 4482 4 7 22
E 4482 5 9 28
T 4483 14 0 2 0
E 4483 0 -9 -29
E 4483 1 -6 -19
T 4484 26 0 3 0
E 4484 0 -6 -20
E 4484 4 5 16
E 4484 5 7 22
T 4485 22 0 4 0
E 4485 0 -7 -23
E 4485 1 -4 -14
E 4485 4 4 13
E 4485 5 6 19
T 4486 22 0 4 0
E 4486 0 -7 -23
E 4486 1 -4 -13
E 4486 4 4 14
E 4486 5 6 20
T 4487 22 0 4 0
E 4487 0 -7 -23
E 4487 1 -4 -14
E 4487 4 4 14
E 4487 5 6 20
T 4488 26 0 3 0
E 4488 0 -6 -18
E 4488 4 6 20
E 4488 5 8 26
T 4489 19 0 3 0
E 4489 0 -10 -32
E 4489 1 -7 -22
E 4489 5 4 13
T 4490 23 0 4 0
E 4490 0 -7 -22
E 4490 1 -4 -13
E 4490 4 5 16
E 4490 5 7 23
T 4491 23 0 4 0
E 4491 0 -8 -25
E 4491 1 -5 -15
E 4491 4 4 14
E 4491 5 7 21
T 4492 27 0 3 0
E 4492 0 -6 -18
E 4492 4 6 20
E 4492 5 9 28
T 4493 14 0 4 0
E 4493 0 -11 -34
E 4493 1 -8 -24
E 4493 2 -5 -15
E 4493 5 4 13
T 4494 37 0 3 0
E 4494 3 6 19
E 4494 4 9 29
E 4494 5 12 38
T 4495 10 0 3 0
E 4495 0 -13 -40
E 4495 1 -10 -31
E 4495 2 -7 -21
T 4496 37 0 3 0
E 4496 3 6 19
E 4496 4 9 29
E 4496 5 12 38
T 4497 7 0 4 0
E 4497 0 -13 -41
E 4497 1 -10 -32
E 4497 2 -7 -22
E 4497 3 -4 -13
T 4498 38 0 3 0
E 4498 3 6 18
E 4498 4 9 27
E 4498 5 12 37
T 4499 6 0 4 0
E 4499 0 -14 -44
E 4499 1 -11 -34
E 4499 2 -8 -24
E 4499 3 -5 -15
T 4500 37 0 3 0
E 4500 3 7 22
E 4500 4 10 31
E 4500 5 13 41
T 4501 11 0 3 0
E 4501 0 -13 -41
E 4501 1 -10 -31
E 4501 2 -7 -22
T 4502 29 0 3 0
E 4502 0 -5 -17
E 4502 4 7 21
E 4502 5 10 31
T 4503 10 0 3 0
E 4503 0 -12 -37
E 4503 1 -9 -27
E 4503 2 -6 -18
T 4504 33 0 4 0
E 4504 0 -5 -15
E 4504 3 4 14
E 4504 4 8 24
E 4504 5 11 33
T 4505 10 0 3 0
E 4505 0 -12 -37
E 4505 1 -9 -28
E 4505 2 -6 -18
T 4506 34 0 4 0
E 4506 0 -4 -14
E 4506 3 5 15
E 4506 4 8 25
E 4506 5 11 34
T 4507 16 0 4 0
E 4507 0 -10 -32
E 4507 1 -7 -23
E 4507 2 -4 -13
E 4507 5 5 16
T 4508 29 0 3 0
E 4508 0 -5 -17
E 4508 4 7 21
E 4508 5 10 31
T 4509 20 0 3 0
E 4509 0 -10 -32
E 4509 1 -7 -22
E 4509 5 5 16
T 4510 29 0 3 0
E 4510 0 -6 -20
E 4510 4 6 18
E 4510 5 9 28
T 4511 10 0 3 0
E 4511 0 -12 -37
E 4511 1 -9 -27
E 4511 2 -6 -18
T 4512 33 0 4 0
E 4512 0 -4 -14
E 4512 3 4 14
E 4512 4 8 24
E 4512 5 11 34
T 4513 19 0 3 0
E 4513 0 -10 -31
E 4513 1 -7 -21
E 4513 5 5 17
T 4514 25 0 4 0
E 4514 0 -7 -23
E 4514 1 -4 -13
E 4514 4 5 16
E 4514 5 8 25
T 4515 16 0 4 0
E 4515 0 -10 -32
E 4515 1 -7 -23
E 4515 2 -4 -13
E 4515 5 5 16
T 4516 29 0 3 0
E 4516 0 -6 -18
E 4516 4 7 21
E 4516 5 10 30
T 4517 19 0 3 0
E 4517 0 -10 -30
E 4517 1 -7 -21
E 4517 5 6 18
T 4518 25 0 4 0
E 4518 0 -7 -23
E 4518 1 -4 -13
E 4518 4 5 15
E 4518 5 8 25
T 4519 29 0 3 0
E 4519 0 -7 -21
E 4519 4 6 18
E 4519 5 9 27
T 4520 23 0 4 0
E 4520 0 -8 -24
E 4520 1 -5 -15
E 4520 4 4 14
E 4520 5 8 24
T 4521 20 0 3 0
E 4521 0 -9 -27
E 4521 1 -5 -17
E 4521 5 7 21
T 4522 19 0 3 0
E 4522 0 -9 -27
E 4522 1 -6 -18
E 4522 5 7 21
T 4523 20 0 3 0
E 4523 0 -8 -26
E 4523 1 -5 -16
E 4523 5 7 22
T 4524 28 0 3 0
E 4524 0 -6 -19
E 4524 4 6 20
E 4524 5 9 29
T 4525 19 0 3 0
E 4525 0 -10 -30
E 4525 1 -7 -21
E 4525 5 6 18
T 4526 33 0 4 0
E 4526 0 -5 -15
E 4526 3 4 14
E 4526 4 8 24
E 4526 5 11 33
T 4527 15 0 4 0
E 4527 0 -11 -35
E 4527 1 -8 -26
E 4527 2 -5 -16
E 4527 5 4 13
T 4528 29 0 3 0
E 4528 0 -5 -17
E 4528 4 7 21
E 4528 5 10 31
T 4529 11 0 3 0
E 4529 0 -12 -37
E 4529 1 -9 -27
E 4529 2 -5 -17
T 4530 37 0 3 0
E 4530 3 6 20
E 4530 4 9 29
E 4530 5 13 39
T 4531 11 0 3 0
E 4531 0 -13 -41
E 4531 1 -10 -31
E 4531 2 -7 -22
T 4532 33 0 4 0
E 4532 0 -4 -13
E 4532 3 5 15
E 4532 4 8 25
E 4532 5 11 35
T 4533 16 0 4 0
E 4533 0 -10 -32
E 4533 1 -7 -22
E 4533 2 -4 -13
E 4533 5 5 16
T 4534 38 0 3 0
E 4534 3 5 17
E 4534 4 9 27
E 4534 5 12 36
T 4535 5 0 4 0
E 4535 0 -15 -45
E 4535 1 -12 -36
E 4535 2 -8 -26
E 4535 3 -5 -16
T 4536 42 0 4 0
E 4536 2 4 14
E 4536 3 8 24
E 4536 4 11 34
E 4536 5 14 43
T 4537 4 0 4 0
E 4537 0 -15 -46
E 4537 1 -12 -37
E 4537 2 -9 -27
E 4537 3 -6 -18
T 4538 41 0 4 0
E 4538 2 4 13
E 4538 3 7 23
E 4538 4 10 32
E 4538 5 14 42
T 4539 6 0 4 0
E 4539 0 -15 -46
E 4539 1 -12 -36
E 4539 2 -8 -26
E 4539 3 -5 -17
T 4540 43 0 4 0
E 4540 2 6 18
E 4540 3 9 28
E 4540 4 12 37
E 4540 5 15 47
T 4541 6 0 4 0
E 4541 0 -15 -45
E 4541 1 -11 -35
E 4541 2 -8 -26
E 4541 3 -5 -16
T 4542 37 0 3 0
E 4542 3 5 16
E 4542 4 8 26
E 4542 5 12 36
T 4543 10 0 3 0
E 4543 0 -13 -40
E 4543 1 -10 -30
E 4543 2 -7 -21
T 4544 37 0 3 0
E 4544 3 6 19
E 4544 4 9 29
E 4544 5 12 38
T 4545 6 0 4 0
E 4545 0 -14 -44
E 4545 1 -11 -35
E 4545 2 -8 -25
E 4545 3 -5 -15
T 4546 37 0 3 0
E 4546 3 6 19
E 4546 4 9 29
E 4546 5 12 38
T 4547 10 0 3 0
E 4547 0 -12 -37
E 4547 1 -9 -28
E 4547 2 -6 -18
T 4548 37 0 3 0
E 4548 3 5 17
E 4548 4 8 26
E 4548 5 12 36
T 4549 16 0 4 0
E 4549 0 -11 -33
E 4549 1 -7 -23
E 4549 2 -4 -13
E 4549 5 5 15
T 4550 34 0 4 0
E 4550 0 -4 -14
E 4550 3 5 15
E 4550 4 8 24
E 4550 5 11 34
T 4551 7 0 4 0
E 4551 0 -14 -42
E 4551 1 -10 -32
E 4551 2 -7 -23
E 4551 3 -4 -13
T 4552 41 0 4 0
E 4552 2 4 13
E 4552 3 7 22
E 4552 4 10 32
E 4552 5 14 42
T 4553 6 0 4 0
E 4553 0 -15 -45
E 4553 1 -11 -35
E 4553 2 -8 -26
E 4553 3 -5 -16
T 4554 34 0 4 0
E 4554 0 -4 -14
E 4554 3 5 15
E 4554 4 8 25
E 4554 5 11 34
T 4555 15 0 4 0
E 4555 0 -11 -35
E 4555 1 -8 -26
E 4555 2 -5 -16
E 4555 5 4 13
T 4556 32 0 4 0
E 4556 0 -5 -16
E 4556 3 4 13
E 4556 4 7 23
E 4556 5 10 32
T 4557 19 0 3 0
E 4557 0 -10 -31
E 4557 1 -7 -22
E 4557 5 5 17
T 4558 24 1 4 0
E 4558 0 -8 -24
E 4558 1 -4 -14
E 4558 4 4 14
E 4558 5 8 24
T 4559 20 0 3 0
E 4559 0 -10 -32
E 4559 1 -7 -22
E 4559 5 5 16
T 4560 0 0 4 0
E 4560 0 11 33
E 4560 3 4 14
E 4560 4 7 23
E 4560 5 11 33
T 4561 30 0 3 0
E 4561 1 -11 -35
E 4561 2 -8 -26
E 4561 3 -5 -16
T 4562 8 0 3 0
E 4562 0 12 37
E 4562 4 7 21
E 4562 5 10 31
T 4563 41 0 4 0
E 4563 1 -14 -42
E 4563 2 -11 -33
E 4563 3 -7 -23
E 4563 4 -4 -14
T 4564 7 0 4 0
E 4564 0 16 49
E 4564 3 5 17
E 4564 4 9 27
E 4564 5 12 36
T 4565 40 0 4 0
E 4565 0 4 14
E 4565 1 -13 -41
E 4565 2 -10 -31
E 4565 3 -7 -21
T 4566 7 0 4 0
E 4566 0 13 41
E 4566 1 10 32
E 4566 4 4 13
E 4566 5 7 22
T 4567 45 0 4 0
E 4567 2 -14 -44
E 4567 3 -11 -35
E 4567 4 -8 -25
E 4567 5 -5 -15
T 4568 13 0 3 0
E 4568 0 15 47
E 4568 1 12 38
E 4568 5 7 22
T 4569 53 0 4 0
E 4569 2 -15 -46
E 4569 3 -12 -37
E 4569 4 -9 -27
E 4569 5 -6 -18
T 4570 11 0 4 0
E 4570 0 18 55
E 4570 1 15 45
E 4570 4 4 13
E 4570 5 7 23
T 4571 60 0 4 0
E 4571 2 -17 -52
E 4571 3 -14 -42
E 4571 4 -10 -32
E 4571 5 -7 -23
T 4572 5 0 4 0
E 4572 0 19 57
E 4572 1 15 47
E 4572 2 12 38
E 4572 5 6 19
T 4573 56 0 4 0
E 4573 2 -6 -19
E 4573 3 -20 -60
E 4573 4 -17 -51
E 4573 5 -13 -41
T 4574 5 0 4 0
E 4574 0 20 61
E 4574 1 17 51
E 4574 2 14 42
E 4574 5 5 16
T 4575 57 0 3 0
E 4575 3 -19 -58
E 4575 4 -16 -49
E 4575 5 -13 -39
T 4576 10 0 3 0
E 4576 0 21 63
E 4576 1 18 54
E 4576 2 14 44
T 4577 57 0 4 0
E 4577 0 6 18
E 4577 3 -18 -56
E 4577 4 -15 -46
E 4577 5 -12 -36
T 4578 1 0 4 0
E 4578 0 19 59
E 4578 1 16 50
E 4578 2 13 40
E 4578 3 10 31
T 4579 60 0 4 0
E 4579 2 -7 -21
E 4579 3 -10 -31
E 4579 4 -24 -72
E 4579 5 -21 -63
T 4580 7 0 5 0
E 4580 0 19 58
E 4580 1 16 48
E 4580 2 12 38
E 4580 3 9 29
E 4580 4 -5 -16
T 4581 52 0 4 0
E 4581 0 4 14
E 4581 3 -5 -15
E 4581 4 -20 -62
E 4581 5 -17 -53
T 4582 22 0 6 0
E 4582 0 16 48
E 4582 1 12 38
E 4582 2 9 29
E 4582 3 6 19
E 4582 4 -10 -32
E 4582 5 -7 -22
T 4583 51 0 3 0
E 4583 0 6 18
E 4583 4 -21 -65
E 4583 5 -18 -55
T 4584 8 0 6 0
E 4584 0 17 51
E 4584 1 13 41
E 4584 2 10 32
E 4584 3 7 22
E 4584 4 4 13
E 4584 5 -8 -26
T 4585 48 0 3 0
E 4585 3 -5 -17
E 4585 4 -9 -27
E 4585 5 -22 -68
T 4586 15 0 5 0
E 4586 0 16 48
E 4586 1 13 39
E 4586 2 9 29
E 4586 3 6 19
E 4586 5 -11 -35
T 4587 41 0 3 0
E 4587 0 7 22
E 4587 4 -5 -17
E 4587 5 -21 -64
T 4588 17 0 5 0
E 4588 0 16 48
E 4588 1 13 39
E 4588 2 9 29
E 4588 3 6 20
E 4588 5 -13 -41
T 4589 44 0 3 0
E 4589 0 6 20
E 4589 4 -6 -18
E 4589 5 -24 -73
T 4590 7 0 4 0
E 4590 0 14 42
E 4590 1 10 32
E 4590 2 7 22
E 4590 3 4 13
T 4591 42 0 4 0
E 4591 2 -4 -14
E 4591 3 -8 -24
E 4591 4 -11 -33
E 4591 5 -14 -43
T 4592 6 0 4 0
E 4592 0 14 43
E 4592 1 11 33
E 4592 2 8 24
E 4592 3 4 14
T 4593 37 0 3 0
E 4593 3 -5 -17
E 4593 4 -9 -27
E 4593 5 -12 -37
T 4594 11 0 3 0
E 4594 0 13 39
E 4594 1 9 29
E 4594 2 6 20
T 4595 32 0 4 0
E 4595 0 5 16
E 4595 3 -4 -13
E 4595 4 -7 -23
E 4595 5 -10 -32
T 4596 19 0 3 0
E 4596 0 10 31
E 4596 1 7 22
E 4596 5 -5 -17
T 4597 29 0 3 0
E 4597 0 5 17
E 4597 4 -7 -22
E 4597 5 -10 -31
T 4598 14 0 4 0
E 4598 0 11 34
E 4598 1 8 25
E 4598 2 5 15
E 4598 5 -4 -14
T 4599 29 0 3 0
E 4599 0 5 17
E 4599 4 -7 -21
E 4599 5 -10 -31
T 4600 15 0 4 0
E 4600 0 11 35
E 4600 1 8 25
E 4600 2 5 15
E 4600 5 -4 -13
T 4601 28 0 3 0
E 4601 0 7 21
E 4601 4 -5 -17
E 4601 5 -9 -27
T 4602 16 0 4 0
E 4602 0 10 32
E 4602 1 7 22
E 4602 2 4 13
E 4602 5 -5 -16
T 4603 29 0 3 0
E 4603 0 5 17
E 4603 4 -7 -21
E 4603 5 -10 -31
T 4604 20 0 3 0
E 4604 0 10 30
E 4604 1 6 20
E 4604 5 -6 -18
T 4605 24 0 4 0
E 4605 0 8 26
E 4605 1 5 16
E 4605 4 -4 -13
E 4605 5 -7 -22
T 4606 19 0 3 0
E 4606 0 9 28
E 4606 1 6 19
E 4606 5 -6 -20
T 4607 25 0 4 0
E 4607 0 7 23
E 4607 1 4 13
E 4607 4 -5 -16
E 4607 5 -8 -25
T 4608 25 0 4 0
E 4608 0 7 23
E 4608 1 4 14
E 4608 4 -5 -15
E 4608 5 -8 -25
T 4609 20 0 3 0
E 4609 0 10 30
E 4609 1 6 20
E 4609 5 -6 -18
T 4610 20 0 3 0
E 4610 0 9 27
E 4610 1 5 17
E 4610 5 -7 -21
T 4611 19 0 3 0
E 4611 0 9 27
E 4611 1 6 18
E 4611 5 -7 -21
T 4612 28 0 3 0
E 4612 0 6 19
E 4612 4 -6 -20
E 4612 5 -9 -29
T 4613 19 0 3 0
E 4613 0 10 31
E 4613 1 7 22
E 4613 5 -5 -17
T 4614 23 0 4 0
E 4614 0 8 25
E 4614 1 5 15
E 4614 4 -4 -13
E 4614 5 -7 -23
T 4615 28 0 3 0
E 4615 0 6 19
E 4615 4 -6 -20
E 4615 5 -9 -29
T 4616 23 0 4 0
E 4616 0 8 24
E 4616 1 5 15
E 4616 4 -4 -14
E 4616 5 -8 -24
T 4617 28 0 3 0
E 4617 0 6 19
E 4617 4 -6 -20
E 4617 5 -9 -29
T 4618 25 0 4 0
E 4618 0 7 23
E 4618 1 4 14
E 4618 4 -5 -15
E 4618 5 -8 -25
T 4619 20 0 3 0
E 4619 0 10 30
E 4619 1 6 20
E 4619 5 -6 -18
T 4620 29 0 3 0
E 4620 0 7 21
E 4620 4 -6 -18
E 4620 5 -9 -27
T 4621 14 0 4 0
E 4621 0 11 34
E 4621 1 8 25
E 4621 2 5 15
E 4621 5 -4 -14
T 4622 29 0 3 0
E 4622 0 5 17
E 4622 4 -7 -22
E 4622 5 -10 -31
T 4623 20 0 3 0
E 4623 0 8 26
E 4623 1 5 17
E 4623 5 -7 -22
T 4624 28 0 3 0
E 4624 0 7 21
E 4624 4 -5 -17
E 4624 5 -9 -27
T 4625 23 0 4 0
E 4625 0 8 25
E 4625 1 5 15
E 4625 4 -4 -14
E 4625 5 -7 -23
T 4626 25 0 4 0
E 4626 0 7 23
E 4626 1 4 14
E 4626 4 -5 -15
E 4626 5 -8 -25
T 4627 23 0 4 0
E 4627 0 8 25
E 4627 1 5 15
E 4627 4 -4 -14
E 4627 5 -7 -23
T 4628 29 0 3 0
E 4628 0 6 20
E 4628 4 -6 -18
E 4628 5 -9 -28
T 4629 14 0 4 0
E 4629 0 11 34
E 4629 1 8 24
E 4629 2 5 15
E 4629 5 -4 -14
T 4630 38 0 3 0
E 4630 3 -5 -17
E 4630 4 -9 -27
E 4630 5 -12 -36
T 4631 11 0 3 0
E 4631 0 13 41
E 4631 1 10 32
E 4631 2 7 22
T 4632 38 0 3 0
E 4632 3 -7 -21
E 4632 4 -10 -31
E 4632 5 -13 -40
T 4633 7 0 4 0
E 4633 0 13 41
E 4633 1 10 32
E 4633 2 7 22
E 4633 3 4 13
T 4634 34 0 4 0
E 4634 0 4 14
E 4634 3 -5 -15
E 4634 4 -8 -24
E 4634 5 -11 -34
T 4635 15 0 4 0
E 4635 0 11 35
E 4635 1 8 25
E 4635 2 5 15
E 4635 5 -4 -13
T 4636 28 0 3 0
E 4636 0 6 19
E 4636 4 -6 -19
E 4636 5 -9 -29
T 4637 20 0 3 0
E 4637 0 9 27
E 4637 1 5 17
E 4637 5 -7 -21
T 4638 25 0 4 0
E 4638 0 7 23
E 4638 1 4 14
E 4638 4 -5 -15
E 4638 5 -8 -25
T 4639 20 0 3 0
E 4639 0 9 29
E 4639 1 6 19
E 4639 5 -6 -19
T 4640 25 0 4 0
E 4640 0 7 23
E 4640 1 4 13
E 4640 4 -5 -16
E 4640 5 -8 -25
T 4641 23 0 4 0
E 4641 0 8 25
E 4641 1 5 16
E 4641 4 -4 -13
E 4641 5 -7 -23
T 4642 25 0 4 0
E 4642 0 8 24
E 4642 1 4 14
E 4642 4 -5 -15
E 4642 5 -8 -24
T 4643 28 0 3 0
E 4643 0 7 21
E 4643 4 -5 -17
E 4643 5 -9 -27
T 4644 20 0 3 0
E 4644 0 9 27
E 4644 1 5 17
E 4644 5 -7 -21
T 4645 29 0 3 0
E 4645 0 6 20
E 4645 4 -6 -19
E 4645 5 -9 -28
T 4646 19 0 3 0
E 4646 0 9 27
E 4646 1 6 18
E 4646 5 -7 -21
T 4647 20 0 3 0
E 4647 0 9 27
E 4647 1 5 17
E 4647 5 -7 -21
T 4648 24 0 4 0
E 4648 0 7 22
E 4648 1 4 13
E 4648 4 -5 -16
E 4648 5 -8 -26
T 4649 20 0 3 0
E 4649 0 10 30
E 4649 1 6 20
E 4649 5 -6 -18
T 4650 23 0 4 0
E 4650 0 8 25
E 4650 1 5 15
E 4650 4 -4 -14
E 4650 5 -7 -23
T 4651 24 0 4 0
E 4651 0 7 22
E 4651 1 4 13
E 4651 4 -5 -16
E 4651 5 -8 -26
T 4652 20 0 3 0
E 4652 0 9 29
E 4652 1 6 19
E 4652 5 -6 -19
T 4653 28 0 3 0
E 4653 0 7 21
E 4653 4 -5 -17
E 4653 5 -9 -27
T 4654 16 0 4 0
E 4654 0 10 32
E 4654 1 7 22
E 4654 2 4 13
E 4654 5 -5 -16
T 4655 34 0 4 0
E 4655 0 4 14
E 4655 3 -5 -15
E 4655 4 -8 -25
E 4655 5 -11 -34
T 4656 15 0 4 0
E 4656 0 11 33
E 4656 1 8 24
E 4656 2 4 14
E 4656 5 -5 -15
T 4657 27 0 3 0
E 4657 0 4 14
E 4657 4 -7 -22
E 4657 5 -10 -31
T 4658 16 0 3 0
E 4658 0 7 23
E 4658 1 6 19
E 4658 5 -6 -20
T 4659 23 0 3 0
E 4659 0 4 13
E 4659 4 -5 -17
E 4659 5 -9 -27
T 4660 9 0 4 0
E 4660 0 7 22
E 4660 1 7 23
E 4660 2 4 13
E 4660 5 -5 -15
T 4661 18 0 3 0
E 4661 1 5 15
E 4661 4 -4 -14
E 4661 5 -8 -24
T 4662 1 0 3 0
E 4662 0 7 21
E 4662 1 9 27
E 4662 2 6 18
T 4663 16 0 2 0
E 4663 4 -6 -20
E 4663 5 -10 -30
T 4664 7 0 3 0
E 4664 1 6 18
E 4664 2 4 14
E 4664 5 -5 -15
T 4665 5 0 3 0
E 4665 1 5 17
E 4665 2 5 15
E 4665 5 -4 -13
T 4666 4 0 3 0
E 4666 1 4 13
E 4666 2 4 14
E 4666 5 -5 -15
T 4667 2 0 2 0
E 4667 1 4 13
E 4667 2 5 17
T 4668 5 0 2 0
E 4668 4 -4 -13
E 4668 5 -7 -23
T 4669 3 0 2 0
E 4669 1 4 13
E 4669 2 6 19
T 4670 1 0 1 0
E 4670 5 -4 -14
T 4671 2 0 0 0
T 4672 4 0 1 0
E 4672 5 -4 -14
T 4673 6 0 1 0
E 4673 3 4 14
T 4674 10 0 0 0
T 4675 7 0 0 0
T 4676 12 0 0 0
T 4677 10 0 0 0
T 4678 10 0 1 0
E 4678 0 -5 -15
T 4679 10 0 1 0
E 4679 0 -5 -15
T 4680 14 0 1 0
E 4680 4 5 15
T 4681 10 0 1 0
E 4681 0 -4 -14
T 4682 14 0 1 0
E 4682 4 4 14
T 4683 9 0 1 0
E 4683 0 -4 -13
T 4684 19 0 2 0
E 4684 4 4 13
E 4684 5 4 14
T 4685 7 0 3 0
E 4685 0 -8 -25
E 4685 1 -6 -19
E 4685 2 -4 -13
T 4686 20 0 2 0
E 4686 4 4 14
E 4686 5 6 20
T 4687 15 1 2 0
E 4687 0 -5 -15
E 4687 5 5 15
T 4688 10 0 2 0
E 4688 0 -6 -20
E 4688 1 -4 -14
T 4689 19 0 2 0
E 4689 4 5 17
E 4689 5 7 23
T 4690 11 0 2 0
E 4690 0 -7 -23
E 4690 1 -5 -17
T 4691 21 0 2 0
E 4691 4 4 13
E 4691 5 6 19
T 4692 9 0 2 0
E 4692 0 -7 -21
E 4692 1 -5 -15
T 4693 22 0 3 0
E 4693 3 4 14
E 4693 4 6 20
E 4693 5 8 26
T 4694 8 0 3 0
E 4694 0 -9 -29
E 4694 1 -7 -23
E 4694 2 -5 -17
T 4695 20 0 2 0
E 4695 4 5 16
E 4695 5 7 22
T 4696 11 0 2 0
E 4696 0 -7 -23
E 4696 1 -5 -17
T 4697 19 0 2 0
E 4697 4 5 17
E 4697 5 7 23
T 4698 10 0 2 0
E 4698 0 -8 -24
E 4698 1 -6 -18
T 4699 20 0 2 0
E 4699 4 4 14
E 4699 5 6 20
T 4700 7 0 3 0
E 4700 0 -8 -25
E 4700 1 -6 -19
E 4700 2 -4 -13
T 4701 18 0 1 0
E 4701 5 6 18
T 4702 10 0 2 0
E 4702 0 -8 -24
E 4702 1 -6 -18
T 4703 18 0 1 0
E 4703 5 6 18
T 4704 15 1 2 0
E 4704 0 -5 -15
E 4704 5 5 15
T 4705 16 0 2 0
E 4705 0 -5 -17
E 4705 5 4 13
T 4706 15 0 2 0
E 4706 0 -4 -14
E 4706 5 5 17
T 4707 16 0 2 0
E 4707 0 -6 -18
E 4707 5 4 13
T 4708 17 0 2 0
E 4708 0 -6 -19
E 4708 5 4 13
T 4709 16 0 2 0
E 4709 0 -5 -15
E 4709 5 6 18
T 4710 24 0 2 0
E 4710 4 5 15
E 4710 5 7 21
T 4711 13 0 2 0
E 4711 0 -9 -28
E 4711 1 -6 -18
T 4712 17 1 2 0
E 4712 0 -5 -17
E 4712 5 5 17
T 4713 22 0 3 0
E 4713 0 -4 -14
E 4713 4 5 15
E 4713 5 7 21
T 4714 19 0 2 0
E 4714 0 -7 -22
E 4714 5 4 14
T 4715 19 0 2 0
E 4715 0 -7 -21
E 4715 5 5 15
T 4716 16 0 3 0
E 4716 0 -8 -24
E 4716 1 -4 -14
E 4716 5 4 13
T 4717 19 1 2 0
E 4717 0 -6 -19
E 4717 5 6 18
T 4718 13 0 2 0
E 4718 0 -8 -26
E 4718 1 -5 -16
T 4719 24 0 3 0
E 4719 0 -5 -15
E 4719 4 6 18
E 4719 5 8 24
T 4720 12 0 2 0
E 4720 0 -9 -27
E 4720 1 -6 -18
T 4721 28 0 4 0
E 4721 0 -5 -15
E 4721 3 4 13
E 4721 4 6 19
E 4721 5 8 25
T 4722 10 0 3 0
E 4722 0 -11 -34
E 4722 1 -8 -25
E 4722 2 -5 -15
T 4723 28 0 4 0
E 4723 0 -5 -15
E 4723 3 4 14
E 4723 4 6 20
E 4723 5 8 26
T 4724 14 0 2 0
E 4724 0 -10 -31
E 4724 1 -7 -21
T 4725 25 0 3 0
E 4725 0 -6 -19
E 4725 4 5 17
E 4725 5 7 23
T 4726 26 0 3 0
E 4726 0 -7 -21
E 4726 4 5 16
E 4726 5 7 22
T 4727 22 0 4 0
E 4727 0 -7 -23
E 4727 1 -4 -14
E 4727 4 4 14
E 4727 5 6 20
T 4728 19 0 3 0
E 4728 0 -9 -29
E 4728 1 -6 -19
E 4728 5 5 15
T 4729 27 0 3 0
E 4729 0 -7 -22
E 4729 4 5 17
E 4729 5 7 23
T 4730 24 0 4 0
E 4730 0 -7 -23
E 4730 1 -4 -14
E 4730 4 5 15
E 4730 5 7 22
T 4731 19 0 3 0
E 4731 0 -10 -30
E 4731 1 -6 -20
E 4731 5 5 16
T 4732 19 0 3 0
E 4732 0 -8 -26
E 4732 1 -5 -17
E 4732 5 6 20
T 4733 28 0 3 0
E 4733 0 -6 -19
E 4733 4 6 19
E 4733 5 9 28
T 4734 19 0 3 0
E 4734 0 -10 -31
E 4734 1 -7 -21
E 4734 5 5 17
T 4735 24 0 4 0
E 4735 0 -7 -22
E 4735 1 -4 -13
E 4735 4 5 16
E 4735 5 8 26
T 4736 20 0 3 0
E 4736 0 -9 -29
E 4736 1 -6 -19
E 4736 5 6 19
T 4737 28 0 3 0
E 4737 0 -6 -18
E 4737 4 6 20
E 4737 5 10 30
T 4738 11 0 3 0
E 4738 0 -12 -36
E 4738 1 -8 -26
E 4738 2 -5 -17
T 4739 37 0 3 0
E 4739 3 6 19
E 4739 4 9 29
E 4739 5 12 38
T 4740 15 0 4 0
E 4740 0 -11 -33
E 4740 1 -8 -24
E 4740 2 -4 -14
E 4740 5 5 15
T 4741 29 0 3 0
E 4741 0 -6 -20
E 4741 4 6 19
E 4741 5 9 28
T 4742 14 0 4 0
E 4742 0 -11 -34
E 4742 1 -8 -25
E 4742 2 -5 -15
E 4742 5 4 14
T 4743 34 0 4 0
E 4743 0 -4 -14
E 4743 3 5 15
E 4743 4 8 24
E 4743 5 11 34
T 4744 11 0 3 0
E 4744 0 -12 -36
E 4744 1 -8 -26
E 4744 2 -5 -16
T 4745 28 0 3 0
E 4745 0 -6 -18
E 4745 4 6 20
E 4745 5 10 30
T 4746 25 0 4 0
E 4746 0 -8 -24
E 4746 1 -4 -14
E 4746 4 5 15
E 4746 5 8 24
T 4747 20 0 3 0
E 4747 0 -8 -26
E 4747 1 -5 -17
E 4747 5 7 22
T 4748 23 0 4 0
E 4748 0 -8 -25
E 4748 1 -5 -15
E 4748 4 4 13
E 4748 5 7 23
T 4749 20 0 3 0
E 4749 0 -9 -29
E 4749 1 -6 -19
E 4749 5 6 19
T 4750 32 0 4 0
E 4750 0 -5 -15
E 4750 3 4 14
E 4750 4 7 23
E 4750 5 11 33
T 4751 10 0 3 0
E 4751 0 -12 -37
E 4751 1 -9 -27
E 4751 2 -6 -18
T 4752 37 0 3 0
E 4752 3 6 19
E 4752 4 9 29
E 4752 5 13 39
T 4753 14 0 4 0
E 4753 0 -11 -34
E 4753 1 -8 -24
E 4753 2 -5 -15
E 4753 5 4 14
T 4754 29 0 3 0
E 4754 0 -7 -21
E 4754 4 6 18
E 4754 5 9 27
T 4755 23 0 4 0
E 4755 0 -8 -25
E 4755 1 -5 -16
E 4755 4 4 13
E 4755 5 7 23
T 4756 25 0 4 0
E 4756 0 -7 -23
E 4756 1 -4 -13
E 4756 4 5 16
E 4756 5 8 25
T 4757 28 0 3 0
E 4757 0 -7 -21
E 4757 4 5 17
E 4757 5 9 27
T 4758 16 0 4 0
E 4758 0 -10 -32
E 4758 1 -7 -22
E 4758 2 -4 -13
E 4758 5 5 16
T 4759 34 0 4 0
E 4759 0 -4 -14
E 4759 3 5 15
E 4759 4 8 25
E 4759 5 11 34
T 4760 19 0 3 0
E 4760 0 -10 -31
E 4760 1 -7 -22
E 4760 5 5 17
T 4761 29 0 3 0
E 4761 0 -7 -21
E 4761 4 6 18
E 4761 5 9 27
T 4762 23 0 4 0
E 4762 0 -8 -25
E 4762 1 -5 -16
E 4762 4 4 13
E 4762 5 7 23
T 4763 29 0 3 0
E 4763 0 -6 -20
E 4763 4 6 18
E 4763 5 9 28
T 4764 20 0 3 0
E 4764 0 -9 -27
E 4764 1 -5 -17
E 4764 5 7 21
T 4765 28 0 3 0
E 4765 0 -6 -19
E 4765 4 6 19
E 4765 5 9 29
T 4766 19 0 3 0
E 4766 0 -9 -28
E 4766 1 -6 -18
E 4766 5 6 20
T 4767 28 0 3 0
E 4767 0 -6 -19
E 4767 4 6 19
E 4767 5 9 29
T 4768 19 0 3 0
E 4768 0 -10 -31
E 4768 1 -7 -21
E 4768 5 5 17
T 4769 33 0 4 0
E 4769 0 -5 -15
E 4769 3 4 14
E 4769 4 8 24
E 4769 5 11 33
T 4770 10 0 3 0
E 4770 0 -12 -37
E 4770 1 -9 -28
E 4770 2 -6 -18
T 4771 37 0 3 0
E 4771 3 7 22
E 4771 4 10 32
E 4771 5 13 41
T 4772 10 0 3 0
E 4772 0 -13 -40
E 4772 1 -10 -31
E 4772 2 -7 -21
T 4773 32 0 4 0
E 4773 0 -5 -16
E 4773 3 4 13
E 4773 4 7 22
E 4773 5 10 32
T 4774 20 0 3 0
E 4774 0 -10 -32
E 4774 1 -7 -22
E 4774 5 5 16
T 4775 25 0 4 0
E 4775 0 -7 -23
E 4775 1 -4 -14
E 4775 4 5 15
E 4775 5 8 25
T 4776 20 0 3 0
E 4776 0 -10 -30
E 4776 1 -6 -20
E 4776 5 6 18
T 4777 24 0 4 0
E 4777 0 -7 -22
E 4777 1 -4 -13
E 4777 4 5 16
E 4777 5 8 26
T 4778 19 0 3 0
E 4778 0 -10 -31
E 4778 1 -7 -21
E 4778 5 5 17
T 4779 24 0 4 0
E 4779 0 -8 -26
E 4779 1 -5 -16
E 4779 4 4 13
E 4779 5 7 22
T 4780 20 0 3 0
E 4780 0 -9 -29
E 4780 1 -6 -20
E 4780 5 6 19
T 4781 19 0 3 0
E 4781 0 -9 -28
E 4781 1 -6 -18
E 4781 5 6 20
T 4782 28 0 3 0
E 4782 0 -6 -19
E 4782 4 6 19
E 4782 5 9 29
T 4783 23 0 4 0
E 4783 0 -8 -25
E 4783 1 -5 -15
E 4783 4 4 13
E 4783 5 7 23
T 4784 20 0 3 0
E 4784 0 -10 -30
E 4784 1 -6 -20
E 4784 5 6 18
T 4785 20 0 3 0
E 4785 0 -8 -26
E 4785 1 -5 -17
E 4785 5 7 22
T 4786 19 0 3 0
E 4786 0 -9 -28
E 4786 1 -6 -18
E 4786 5 6 20
T 4787 23 0 4 0
E 4787 0 -8 -25
E 4787 1 -5 -16
E 4787 4 4 13
E 4787 5 7 23
T 4788 20 0 3 0
E 4788 0 -8 -26
E 4788 1 -5 -16
E 4788 5 7 22
T 4789 25 0 4 0
E 4789 0 -8 -24
E 4789 1 -4 -14
E 4789 4 5 15
E 4789 5 8 24
T 4790 20 0 3 0
E 4790 0 -8 -26
E 4790 1 -5 -17
E 4790 5 7 22
T 4791 19 0 3 0
E 4791 0 -9 -28
E 4791 1 -6 -18
E 4791 5 6 20
T 4792 29 0 3 0
E 4792 0 -6 -20
E 4792 4 6 18
E 4792 5 9 28
T 4793 20 0 3 0
E 4793 0 -10 -30
E 4793 1 -6 -20
E 4793 5 6 18
T 4794 24 0 4 0
E 4794 0 -8 -26
E 4794 1 -5 -16
E 4794 4 4 13
E 4794 5 7 22
T 4795 24 0 4 0
E 4795 0 -7 -22
E 4795 1 -4 -13
E 4795 4 5 16
E 4795 5 8 26
T 4796 16 0 4 0
E 4796 0 -10 -32
E 4796 1 -7 -22
E 4796 2 -4 -13
E 4796 5 5 16
T 4797 33 0 4 0
E 4797 0 -4 -14
E 4797 3 4 14
E 4797 4 8 24
E 4797 5 11 34
T 4798 20 0 3 0
E 4798 0 -10 -30
E 4798 1 -6 -20
E 4798 5 6 18
T 4799 28 0 3 0
E 4799 0 -6 -19
E 4799 4 6 20
E 4799 5 9 29
F 14880 362502 82 4652 193 0 0 0
