T 0 1 0 0 0
T 1 2 0 0 0
T 2 1 0 0 0
T 3 2 0 0 0
T 4 2 0 0 0
T 5 4 0 0 0
T 6 1 0 0 0
T 7 1 0 0 0
T 8 2 0 0 0
T 9 4 0 5 0
E 9 2 -1 -15
E 9 3 -1 -15
E 9 4 -1 -15
E 9 5 -1 -15
E 9 6 -1 -15
T 10 6 0 5 0
E 10 2 -1 -15
E 10 3 -1 -15
E 10 4 -1 -15
E 10 5 -1 -15
E 10 6 -1 -15
T 11 11 0 0 0
T 12 10 0 1 0
E 12 0 5 15
T 13 11 0 4 0
E 13 3 -1 -13
E 13 4 -1 -13
E 13 5 -1 -13
E 13 6 -1 -13
T 14 13 0 1 0
E 14 0 6 19
T 15 12 0 0 0
T 16 10 0 1 0
E 16 0 4 14
T 17 15 0 3 0
E 17 4 -1 -15
E 17 5 -1 -15
E 17 6 -1 -15
T 18 12 0 1 0
E 18 0 6 18
T 19 12 0 1 0
E 19 0 6 18
T 20 20 0 4 0
E 20 0 2 19
E 20 4 -1 -13
E 20 5 -1 -13
E 20 6 -1 -13
T 21 18 0 2 0
E 21 0 4 24
E 21 1 2 16
T 22 20 0 4 0
E 22 0 1 16
E 22 4 -1 -16
E 22 5 -2 -19
E 22 6 -2 -19
T 23 20 1 3 0
E 23 0 2 20
E 23 5 -1 -16
E 23 6 -1 -16
T 24 21 0 4 0
E 24 0 1 17
E 24 4 -1 -15
E 24 5 -2 -21
E 24 6 -2 -21
T 25 22 0 3 0
E 25 0 2 20
E 25 5 -2 -20
E 25 6 -2 -20
T 26 24 0 4 0
E 26 0 2 25
E 26 1 1 17
E 26 5 -1 -15
E 26 6 -1 -16
T 27 22 0 3 0
E 27 0 2 20
E 27 5 -2 -20
E 27 6 -2 -23
T 28 22 0 4 0
E 28 0 1 17
E 28 4 -1 -15
E 28 5 -2 -23
E 28 6 -3 -27
T 29 25 0 3 0
E 29 0 3 28
E 29 1 2 20
E 29 6 -2 -18
T 30 24 1 4 0
E 30 0 2 24
E 30 1 1 16
E 30 5 -1 -16
E 30 6 -2 -24
T 31 25 1 4 0
E 31 0 2 25
E 31 1 1 17
E 31 5 -1 -15
E 31 6 -2 -23
T 32 24 1 4 0
E 32 0 2 24
E 32 1 1 16
E 32 5 -1 -16
E 32 6 -2 -24
T 33 26 0 4 0
E 33 0 3 31
E 33 1 2 23
E 33 2 1 15
E 33 6 -1 -17
T 34 25 0 3 0
E 34 0 3 28
E 34 1 2 20
E 34 6 -2 -20
T 35 25 0 4 0
E 35 0 3 27
E 35 1 2 19
E 35 5 -1 -13
E 35 6 -2 -21
T 36 25 0 4 0
E 36 0 3 27
E 36 1 2 19
E 36 5 -1 -13
E 36 6 -2 -21
T 37 23 0 4 0
E 37 0 2 22
E 37 1 1 14
E 37 5 -2 -18
E 37 6 -2 -26
T 38 24 1 4 0
E 38 0 2 24
E 38 1 1 16
E 38 5 -1 -16
E 38 6 -2 -24
T 39 23 1 4 0
E 39 0 2 23
E 39 1 1 15
E 39 5 -1 -17
E 39 6 -2 -25
T 40 23 0 4 0
E 40 0 2 22
E 40 1 1 14
E 40 5 -2 -18
E 40 6 -2 -26
T 41 23 1 4 0
E 41 0 2 23
E 41 1 1 15
E 41 5 -1 -17
E 41 6 -2 -25
T 42 23 0 4 0
E 42 0 2 22
E 42 1 1 14
E 42 5 -2 -18
E 42 6 -2 -26
T 43 23 0 4 0
E 43 0 2 21
E 43 1 1 13
E 43 5 -2 -19
E 43 6 -3 -27
T 44 24 1 4 0
E 44 0 2 24
E 44 1 1 16
E 44 5 -1 -16
E 44 6 -2 -24
T 45 23 0 3 0
E 45 0 2 20
E 45 5 -2 -20
E 45 6 -3 -28
T 46 24 1 4 0
E 46 0 2 24
E 46 1 1 16
E 46 5 -1 -16
E 46 6 -2 -24
T 47 26 0 4 0
E 47 0 3 30
E 47 1 2 22
E 47 2 1 14
E 47 6 -2 -18
T 48 25 0 4 0
E 48 0 3 27
E 48 1 2 19
E 48 5 -1 -13
E 48 6 -2 -21
T 49 23 1 4 0
E 49 0 2 23
E 49 1 1 15
E 49 5 -1 -17
E 49 6 -2 -25
T 50 23 0 4 0
E 50 0 2 19
E 50 4 -1 -13
E 50 5 -2 -21
E 50 6 -3 -29
T 51 23 0 4 0
E 51 0 2 21
E 51 1 1 13
E 51 5 -2 -19
E 51 6 -3 -27
T 52 23 0 4 0
E 52 0 2 22
E 52 1 1 14
E 52 5 -2 -18
E 52 6 -2 -26
T 53 22 0 4 0
E 53 0 2 18
E 53 4 -1 -14
E 53 5 -2 -22
E 53 6 -3 -30
T 54 23 0 4 0
E 54 0 2 22
E 54 1 1 14
E 54 5 -2 -18
E 54 6 -2 -26
T 55 23 0 4 0
E 55 0 2 21
E 55 1 1 13
E 55 5 -2 -19
E 55 6 -3 -27
T 56 25 0 3 0
E 56 0 3 28
E 56 1 2 20
E 56 6 -2 -20
T 57 26 0 4 0
E 57 0 3 31
E 57 1 2 23
E 57 2 1 15
E 57 6 -1 -17
T 58 26 0 4 0
E 58 0 3 30
E 58 1 2 22
E 58 2 1 14
E 58 6 -2 -18
T 59 25 1 4 0
E 59 0 2 25
E 59 1 1 17
E 59 5 -1 -15
E 59 6 -2 -23
T 60 25 0 4 0
E 60 0 3 27
E 60 1 2 19
E 60 5 -1 -13
E 60 6 -2 -21
T 61 25 0 4 0
E 61 0 3 29
E 61 1 2 21
E 61 2 1 13
E 61 6 -2 -19
T 62 23 1 4 0
E 62 0 2 23
E 62 1 1 15
E 62 5 -1 -17
E 62 6 -2 -25
T 63 26 0 4 0
E 63 0 3 30
E 63 1 2 22
E 63 2 1 14
E 63 6 -2 -18
T 64 26 0 4 0
E 64 0 3 30
E 64 1 2 22
E 64 2 1 14
E 64 6 -2 -18
T 65 23 0 4 0
E 65 0 2 22
E 65 1 1 14
E 65 5 -2 -18
E 65 6 -2 -26
T 66 25 0 3 0
E 66 0 3 28
E 66 1 2 20
E 66 6 -2 -20
T 67 28 0 4 0
E 67 0 3 33
E 67 1 2 25
E 67 2 1 17
E 67 6 -1 -15
T 68 25 0 4 0
E 68 0 3 29
E 68 1 2 21
E 68 2 1 13
E 68 6 -2 -19
T 69 26 0 4 0
E 69 0 3 30
E 69 1 2 22
E 69 2 1 14
E 69 6 -2 -18
T 70 28 0 4 0
E 70 0 3 33
E 70 1 2 25
E 70 2 1 17
E 70 6 -1 -15
T 71 28 0 4 0
E 71 0 3 35
E 71 1 3 27
E 71 2 2 19
E 71 6 -1 -13
T 72 25 0 4 0
E 72 0 3 29
E 72 1 2 21
E 72 2 1 13
E 72 6 -2 -19
T 73 25 0 4 0
E 73 0 3 27
E 73 1 2 19
E 73 5 -1 -13
E 73 6 -2 -21
T 74 25 0 4 0
E 74 0 3 29
E 74 1 2 21
E 74 2 1 13
E 74 6 -2 -19
T 75 24 1 4 0
E 75 0 2 24
E 75 1 1 16
E 75 5 -1 -16
E 75 6 -2 -24
T 76 23 0 4 0
E 76 0 2 21
E 76 1 1 13
E 76 5 -2 -19
E 76 6 -3 -27
T 77 25 0 4 0
E 77 0 3 27
E 77 1 2 19
E 77 5 -1 -13
E 77 6 -2 -21
T 78 26 0 4 0
E 78 0 3 31
E 78 1 2 23
E 78 2 1 15
E 78 6 -1 -17
T 79 25 1 4 0
E 79 0 2 25
E 79 1 1 17
E 79 5 -1 -15
E 79 6 -2 -23
T 80 28 0 4 0
E 80 0 3 33
E 80 1 2 25
E 80 2 1 17
E 80 6 -1 -15
T 81 28 0 4 0
E 81 0 3 35
E 81 1 3 27
E 81 2 2 19
E 81 6 -1 -13
T 82 25 0 4 0
E 82 0 2 26
E 82 1 2 18
E 82 5 -1 -14
E 82 6 -2 -22
T 83 24 1 4 0
E 83 0 2 24
E 83 1 1 16
E 83 5 -1 -16
E 83 6 -2 -24
T 84 25 0 4 0
E 84 0 3 27
E 84 1 2 19
E 84 5 -1 -13
E 84 6 -2 -21
T 85 26 0 4 0
E 85 0 3 30
E 85 1 2 22
E 85 2 1 14
E 85 6 -2 -18
T 86 25 0 4 0
E 86 0 3 29
E 86 1 2 21
E 86 2 1 13
E 86 6 -2 -19
T 87 25 0 4 0
E 87 0 3 27
E 87 1 2 19
E 87 5 -1 -13
E 87 6 -2 -21
T 88 25 0 3 0
E 88 0 3 28
E 88 1 2 20
E 88 6 -2 -20
T 89 23 1 4 0
E 89 0 2 23
E 89 1 1 15
E 89 5 -1 -17
E 89 6 -2 -25
T 90 25 0 4 0
E 90 0 2 26
E 90 1 2 18
E 90 5 -1 -14
E 90 6 -2 -22
T 91 23 0 4 0
E 91 0 2 22
E 91 1 1 14
E 91 5 -2 -18
E 91 6 -2 -26
T 92 25 0 4 0
E 92 0 3 29
E 92 1 2 21
E 92 2 1 13
E 92 6 -2 -19
T 93 25 0 3 0
E 93 0 3 28
E 93 1 2 20
E 93 6 -2 -20
T 94 23 0 4 0
E 94 0 2 21
E 94 1 1 13
E 94 5 -2 -19
E 94 6 -3 -27
T 95 23 1 4 0
E 95 0 2 23
E 95 1 1 15
E 95 5 -1 -17
E 95 6 -2 -25
T 96 23 0 3 0
E 96 0 2 20
E 96 5 -2 -20
E 96 6 -3 -28
T 97 20 0 4 0
E 97 0 2 19
E 97 1 1 14
E 97 5 -2 -18
E 97 6 -2 -26
T 98 19 0 4 0
E 98 0 1 14
E 98 4 -1 -13
E 98 5 -2 -21
E 98 6 -3 -29
T 99 19 0 4 0
E 99 0 2 22
E 99 1 2 22
E 99 2 1 14
E 99 6 -2 -18
T 100 18 0 4 0
E 100 0 2 22
E 100 1 2 25
E 100 2 1 17
E 100 6 -1 -15
T 101 14 0 3 0
E 101 0 1 15
E 101 1 2 20
E 101 6 -2 -20
T 102 13 0 3 0
E 102 1 1 16
E 102 5 -1 -13
E 102 6 -2 -21
T 103 12 1 3 0
E 103 1 1 17
E 103 2 1 14
E 103 6 -2 -18
T 104 9 1 3 0
E 104 1 1 14
E 104 2 1 14
E 104 6 -2 -18
T 105 8 0 3 0
E 105 1 1 15
E 105 2 2 18
E 105 6 -1 -14
T 106 5 1 2 0
E 106 2 2 15
E 106 6 -2 -17
T 107 5 0 3 0
E 107 1 1 14
E 107 2 2 19
E 107 3 1 14
T 108 4 1 2 0
E 108 2 2 14
E 108 6 -2 -13
T 109 1 0 2 0
E 109 2 2 15
E 109 3 2 15
T 110 3 0 1 0
E 110 3 4 14
T 111 0 0 1 0
E 111 6 -4 -13
T 112 5 0 0 0
T 113 6 0 1 0
E 113 6 -4 -14
T 114 9 0 0 0
T 115 9 0 1 0
E 115 0 -4 -13
T 116 11 0 1 0
E 116 0 -5 -16
T 117 8 0 0 0
T 118 9 0 0 0
T 119 11 0 0 0
T 120 12 0 0 0
T 121 16 0 1 0
E 121 5 4 13
T 122 16 0 2 0
E 122 0 -3 -21
E 122 1 -2 -16
T 123 10 0 1 0
E 123 0 -5 -15
T 124 10 0 1 0
E 124 0 -4 -14
T 125 14 1 2 0
E 125 0 -2 -14
E 125 6 2 14
T 126 15 0 2 0
E 126 0 -3 -20
E 126 1 -2 -15
T 127 15 1 2 0
E 127 0 -2 -15
E 127 6 2 15
T 128 16 1 2 0
E 128 0 -2 -16
E 128 6 2 14
T 129 16 1 2 0
E 129 0 -2 -16
E 129 6 2 14
T 130 15 0 2 0
E 130 0 -3 -20
E 130 1 -2 -15
T 131 17 1 2 0
E 131 0 -2 -17
E 131 6 2 13
T 132 15 1 2 0
E 132 0 -2 -15
E 132 6 2 15
T 133 16 0 2 0
E 133 0 -3 -21
E 133 1 -2 -16
T 134 17 1 2 0
E 134 0 -2 -17
E 134 6 2 13
T 135 16 0 2 0
E 135 0 -3 -21
E 135 1 -2 -16
T 136 16 0 2 0
E 136 0 -3 -21
E 136 1 -2 -16
T 137 16 1 2 0
E 137 0 -2 -16
E 137 6 2 14
T 138 14 1 2 0
E 138 0 -2 -14
E 138 6 2 16
T 139 16 0 2 0
E 139 0 -3 -21
E 139 1 -2 -16
T 140 15 0 2 0
E 140 0 -3 -20
E 140 1 -2 -15
T 141 17 0 2 0
E 141 5 2 13
E 141 6 3 18
T 142 15 0 2 0
E 142 0 -3 -20
E 142 1 -2 -15
T 143 14 0 2 0
E 143 0 -3 -19
E 143 1 -2 -14
T 144 16 0 2 0
E 144 0 -3 -21
E 144 1 -2 -16
T 145 15 1 2 0
E 145 0 -2 -15
E 145 6 2 15
T 146 16 0 2 0
E 146 5 2 15
E 146 6 3 20
T 147 17 0 2 0
E 147 0 -3 -22
E 147 1 -2 -16
T 148 20 0 3 0
E 148 0 -2 -25
E 148 1 -2 -18
E 148 2 -1 -13
T 149 18 0 2 0
E 149 0 -3 -23
E 149 1 -2 -15
T 150 17 0 3 0
E 150 0 -1 -15
E 150 5 1 13
E 150 6 2 18
T 151 18 0 2 0
E 151 0 -4 -24
E 151 1 -2 -16
T 152 17 0 3 0
E 152 0 -1 -15
E 152 5 1 14
E 152 6 2 19
T 153 18 0 2 0
E 153 0 -3 -23
E 153 1 -2 -15
T 154 19 0 2 0
E 154 0 -4 -25
E 154 1 -2 -17
T 155 19 0 3 0
E 155 0 -2 -18
E 155 5 1 13
E 155 6 2 18
T 156 22 0 3 0
E 156 0 -2 -24
E 156 1 -1 -16
E 156 6 1 13
T 157 20 0 3 0
E 157 0 -2 -22
E 157 1 -1 -14
E 157 6 1 15
T 158 22 0 3 0
E 158 0 -2 -24
E 158 1 -1 -16
E 158 6 1 14
T 159 19 0 3 0
E 159 0 -2 -18
E 159 5 1 16
E 159 6 2 21
T 160 19 0 3 0
E 160 0 -2 -18
E 160 5 1 16
E 160 6 2 21
T 161 22 1 4 0
E 161 0 -2 -22
E 161 1 -1 -14
E 161 5 1 13
E 161 6 2 18
T 162 23 0 3 0
E 162 0 -3 -29
E 162 1 -2 -21
E 162 2 -1 -13
T 163 22 0 3 0
E 163 0 -2 -24
E 163 1 -1 -16
E 163 6 1 17
T 164 24 0 3 0
E 164 0 -3 -28
E 164 1 -2 -20
E 164 6 1 14
T 165 23 0 3 0
E 165 0 -2 -25
E 165 1 -1 -17
E 165 6 1 17
T 166 25 1 4 0
E 166 0 -2 -25
E 166 1 -1 -17
E 166 5 1 13
E 166 6 2 18
T 167 26 0 3 0
E 167 0 -3 -32
E 167 1 -2 -24
E 167 2 -1 -16
T 168 24 0 4 0
E 168 0 -3 -29
E 168 1 -2 -21
E 168 2 -1 -13
E 168 6 1 15
T 169 22 0 4 0
E 169 0 -2 -21
E 169 1 -1 -13
E 169 5 2 19
E 169 6 2 24
T 170 25 0 4 0
E 170 0 -3 -27
E 170 1 -2 -19
E 170 5 1 13
E 170 6 2 18
T 171 25 0 4 0
E 171 0 -3 -27
E 171 1 -2 -19
E 171 5 1 13
E 171 6 2 19
T 172 22 0 3 0
E 172 0 -2 -20
E 172 5 2 20
E 172 6 2 26
T 173 25 0 3 0
E 173 0 -3 -28
E 173 1 -2 -20
E 173 6 2 19
T 174 25 0 4 0
E 174 0 -3 -27
E 174 1 -2 -19
E 174 5 1 13
E 174 6 2 21
T 175 23 0 4 0
E 175 0 -2 -22
E 175 1 -1 -14
E 175 5 2 18
E 175 6 2 26
T 176 25 0 3 0
E 176 0 -3 -28
E 176 1 -2 -20
E 176 6 2 20
T 177 26 0 4 0
E 177 0 -3 -30
E 177 1 -2 -22
E 177 2 -1 -14
E 177 6 2 18
T 178 25 0 4 0
E 178 0 -3 -27
E 178 1 -2 -19
E 178 5 1 13
E 178 6 2 21
T 179 25 1 4 0
E 179 0 -2 -25
E 179 1 -1 -17
E 179 5 1 15
E 179 6 2 23
T 180 26 0 4 0
E 180 0 -3 -30
E 180 1 -2 -22
E 180 2 -1 -14
E 180 6 2 18
T 181 23 1 4 0
E 181 0 -2 -23
E 181 1 -1 -15
E 181 5 1 17
E 181 6 2 25
T 182 25 1 4 0
E 182 0 -2 -25
E 182 1 -1 -17
E 182 5 1 15
E 182 6 2 23
T 183 25 1 4 0
E 183 0 -2 -25
E 183 1 -1 -17
E 183 5 1 15
E 183 6 2 23
T 184 25 0 4 0
E 184 0 -3 -29
E 184 1 -2 -21
E 184 2 -1 -13
E 184 6 2 19
T 185 24 1 4 0
E 185 0 -2 -24
E 185 1 -1 -16
E 185 5 1 16
E 185 6 2 24
T 186 23 0 3 0
E 186 0 -2 -20
E 186 5 2 20
E 186 6 3 28
T 187 23 1 4 0
E 187 0 -2 -23
E 187 1 -1 -15
E 187 5 1 17
E 187 6 2 25
T 188 25 1 4 0
E 188 0 -2 -25
E 188 1 -1 -17
E 188 5 1 15
E 188 6 2 23
T 189 23 0 4 0
E 189 0 -2 -22
E 189 1 -1 -14
E 189 5 2 18
E 189 6 2 26
T 190 25 0 3 0
E 190 0 -3 -28
E 190 1 -2 -20
E 190 6 2 20
T 191 26 0 4 0
E 191 0 -3 -30
E 191 1 -2 -22
E 191 2 -1 -14
E 191 6 2 18
T 192 25 0 4 0
E 192 0 -3 -27
E 192 1 -2 -19
E 192 5 1 13
E 192 6 2 21
T 193 25 0 4 0
E 193 0 -3 -27
E 193 1 -2 -19
E 193 5 1 13
E 193 6 2 21
T 194 24 1 4 0
E 194 0 -2 -24
E 194 1 -1 -16
E 194 5 1 16
E 194 6 2 24
T 195 25 0 4 0
E 195 0 -3 -29
E 195 1 -2 -21
E 195 2 -1 -13
E 195 6 2 19
T 196 23 1 4 0
E 196 0 -2 -23
E 196 1 -1 -15
E 196 5 1 17
E 196 6 2 25
T 197 23 0 3 0
E 197 0 -2 -20
E 197 5 2 20
E 197 6 3 28
T 198 23 0 4 0
E 198 0 -2 -21
E 198 1 -1 -13
E 198 5 2 19
E 198 6 3 27
T 199 26 0 4 0
E 199 0 -3 -31
E 199 1 -2 -23
E 199 2 -1 -15
E 199 6 1 17
T 200 25 0 4 0
E 200 0 -2 -26
E 200 1 -2 -18
E 200 5 1 14
E 200 6 2 22
T 201 26 0 4 0
E 201 0 -3 -30
E 201 1 -2 -22
E 201 2 -1 -14
E 201 6 2 18
T 202 25 0 4 0
E 202 0 -2 -26
E 202 1 -2 -18
E 202 5 1 14
E 202 6 2 22
T 203 24 1 4 0
E 203 0 -2 -24
E 203 1 -1 -16
E 203 5 1 16
E 203 6 2 24
T 204 25 1 4 0
E 204 0 -2 -25
E 204 1 -1 -17
E 204 5 1 15
E 204 6 2 23
T 205 25 0 4 0
E 205 0 -2 -26
E 205 1 -2 -18
E 205 5 1 14
E 205 6 2 22
T 206 23 0 4 0
E 206 0 -2 -21
E 206 1 -1 -13
E 206 5 2 19
E 206 6 3 27
T 207 23 0 4 0
E 207 0 -2 -19
E 207 4 1 13
E 207 5 2 21
E 207 6 3 29
T 208 23 0 4 0
E 208 0 -2 -21
E 208 1 -1 -13
E 208 5 2 19
E 208 6 3 27
T 209 25 0 4 0
E 209 0 -3 -29
E 209 1 -2 -21
E 209 2 -1 -13
E 209 6 2 19
T 210 25 0 3 0
E 210 0 -3 -28
E 210 1 -2 -20
E 210 6 2 20
T 211 23 1 4 0
E 211 0 -2 -23
E 211 1 -1 -15
E 211 5 1 17
E 211 6 2 25
T 212 24 1 4 0
E 212 0 -2 -24
E 212 1 -1 -16
E 212 5 1 16
E 212 6 2 24
T 213 26 0 4 0
E 213 0 -3 -31
E 213 1 -2 -23
E 213 2 -1 -15
E 213 6 1 17
T 214 25 0 4 0
E 214 0 -3 -29
E 214 1 -2 -21
E 214 2 -1 -13
E 214 6 2 19
T 215 23 1 4 0
E 215 0 -2 -23
E 215 1 -1 -15
E 215 5 1 17
E 215 6 2 25
T 216 23 1 4 0
E 216 0 -2 -23
E 216 1 -1 -15
E 216 5 1 17
E 216 6 2 25
T 217 23 0 3 0
E 217 0 -2 -20
E 217 5 2 20
E 217 6 3 28
T 218 23 0 4 0
E 218 0 -2 -19
E 218 4 1 13
E 218 5 2 21
E 218 6 3 29
T 219 23 0 4 0
E 219 0 -2 -19
E 219 4 1 13
E 219 5 2 21
E 219 6 3 29
T 220 23 1 4 0
E 220 0 -2 -23
E 220 1 -1 -15
E 220 5 1 17
E 220 6 2 25
T 221 23 0 4 0
E 221 0 -2 -21
E 221 1 -1 -13
E 221 5 2 19
E 221 6 3 27
T 222 25 1 4 0
E 222 0 -2 -25
E 222 1 -1 -17
E 222 5 1 15
E 222 6 2 23
T 223 25 0 4 0
E 223 0 -3 -27
E 223 1 -2 -19
E 223 5 1 13
E 223 6 2 21
T 224 25 0 4 0
E 224 0 -3 -27
E 224 1 -2 -19
E 224 5 1 13
E 224 6 2 21
T 225 25 1 4 0
E 225 0 -2 -25
E 225 1 -1 -17
E 225 5 1 15
E 225 6 2 23
T 226 27 0 4 0
E 226 0 -3 -32
E 226 1 -2 -24
E 226 2 -1 -16
E 226 6 1 16
T 227 23 1 4 0
E 227 0 -2 -23
E 227 1 -1 -15
E 227 5 1 17
E 227 6 2 25
T 228 25 0 3 0
E 228 0 -3 -28
E 228 1 -2 -20
E 228 6 2 20
T 229 27 0 4 0
E 229 0 -3 -32
E 229 1 -2 -24
E 229 2 -1 -16
E 229 6 1 16
T 230 23 1 4 0
E 230 0 -2 -23
E 230 1 -1 -15
E 230 5 1 17
E 230 6 2 25
T 231 23 0 4 0
E 231 0 -2 -22
E 231 1 -1 -14
E 231 5 2 18
E 231 6 2 26
T 232 26 0 4 0
E 232 0 -3 -30
E 232 1 -2 -22
E 232 2 -1 -14
E 232 6 2 18
T 233 23 1 4 0
E 233 0 -2 -23
E 233 1 -1 -15
E 233 5 1 17
E 233 6 2 25
T 234 23 0 4 0
E 234 0 -2 -21
E 234 1 -1 -13
E 234 5 2 19
E 234 6 3 27
T 235 26 0 4 0
E 235 0 -3 -30
E 235 1 -2 -22
E 235 2 -1 -14
E 235 6 2 18
T 236 23 0 4 0
E 236 0 -2 -22
E 236 1 -1 -14
E 236 5 2 18
E 236 6 2 26
T 237 25 0 4 0
E 237 0 -3 -27
E 237 1 -2 -19
E 237 5 1 13
E 237 6 2 21
T 238 25 0 4 0
E 238 0 -3 -27
E 238 1 -2 -19
E 238 5 1 13
E 238 6 2 21
T 239 27 0 4 0
E 239 0 -3 -32
E 239 1 -2 -24
E 239 2 -1 -16
E 239 6 1 16
T 240 17 0 4 0
E 240 0 2 18
E 240 1 -2 -22
E 240 2 -1 -14
E 240 6 2 18
T 241 19 0 4 0
E 241 0 1 17
E 241 1 -2 -26
E 241 2 -2 -18
E 241 6 1 14
T 242 21 0 3 0
E 242 0 2 18
E 242 1 -3 -28
E 242 2 -2 -20
T 243 22 0 4 0
E 243 0 2 18
E 243 1 -3 -31
E 243 2 -2 -23
E 243 3 -1 -15
T 244 29 0 4 0
E 244 0 3 30
E 244 1 -2 -23
E 244 2 -1 -15
E 244 6 1 17
T 245 25 0 4 0
E 245 0 3 29
E 245 1 2 21
E 245 2 -2 -19
E 245 6 1 13
T 246 26 0 4 0
E 246 0 3 28
E 246 1 2 20
E 246 2 -2 -23
E 246 3 -1 -15
T 247 30 0 4 0
E 247 0 3 32
E 247 1 2 24
E 247 2 -2 -22
E 247 3 -1 -14
T 248 32 0 4 0
E 248 0 4 36
E 248 1 3 28
E 248 2 -2 -21
E 248 3 -1 -13
T 249 33 0 4 0
E 249 0 4 37
E 249 1 3 29
E 249 2 -2 -24
E 249 3 -1 -16
T 250 32 0 4 0
E 250 0 4 40
E 250 1 3 32
E 250 2 2 24
E 250 3 -1 -16
T 251 28 0 5 0
E 251 0 3 27
E 251 1 2 19
E 251 3 -3 -32
E 251 4 -2 -24
E 251 5 -1 -16
T 252 32 0 5 0
E 252 0 3 34
E 252 1 2 26
E 252 2 2 18
E 252 3 -3 -28
E 252 4 -2 -20
T 253 32 1 6 0
E 253 0 3 32
E 253 1 2 24
E 253 2 1 16
E 253 3 -3 -33
E 253 4 -2 -25
E 253 5 -1 -17
T 254 33 0 6 0
E 254 0 4 36
E 254 1 3 28
E 254 2 2 20
E 254 3 -3 -33
E 254 4 -2 -25
E 254 5 -1 -17
T 255 34 0 6 0
E 255 0 4 41
E 255 1 3 33
E 255 2 2 25
E 255 3 1 17
E 255 4 -2 -23
E 255 5 -1 -15
T 256 33 0 6 0
E 256 0 3 34
E 256 1 2 26
E 256 2 2 18
E 256 4 -3 -33
E 256 5 -2 -25
E 256 6 -1 -17
T 257 33 0 6 0
E 257 0 3 30
E 257 1 2 22
E 257 2 1 14
E 257 4 -4 -40
E 257 5 -3 -32
E 257 6 -2 -24
T 258 35 0 6 0
E 258 0 3 32
E 258 1 2 24
E 258 2 1 16
E 258 4 -4 -41
E 258 5 -3 -33
E 258 6 -2 -25
T 259 38 0 6 0
E 259 0 3 32
E 259 1 2 24
E 259 2 1 16
E 259 4 -5 -45
E 259 5 -4 -37
E 259 6 -3 -29
T 260 33 0 6 0
E 260 0 4 37
E 260 1 3 29
E 260 2 2 21
E 260 3 1 13
E 260 5 -3 -35
E 260 6 -3 -27
T 261 35 0 6 0
E 261 0 4 38
E 261 1 3 30
E 261 2 2 22
E 261 3 1 14
E 261 5 -4 -37
E 261 6 -3 -29
T 262 34 0 5 0
E 262 0 3 35
E 262 1 3 27
E 262 2 2 19
E 262 5 -4 -43
E 262 6 -3 -35
T 263 35 0 6 0
E 263 0 4 38
E 263 1 3 30
E 263 2 2 22
E 263 3 1 14
E 263 5 -4 -43
E 263 6 -3 -35
T 264 36 0 5 0
E 264 0 3 34
E 264 1 2 26
E 264 2 2 18
E 264 5 -5 -51
E 264 6 -4 -43
T 265 35 0 5 0
E 265 0 4 41
E 265 1 3 33
E 265 2 2 25
E 265 3 1 17
E 265 6 -4 -39
T 266 31 0 4 0
E 266 0 3 32
E 266 1 2 24
E 266 2 1 16
E 266 6 -5 -51
T 267 32 0 4 0
E 267 0 3 34
E 267 1 2 26
E 267 2 2 18
E 267 6 -5 -52
T 268 29 1 4 0
E 268 0 3 29
E 268 1 2 21
E 268 2 1 13
E 268 6 -6 -60
T 269 33 0 4 0
E 269 0 3 35
E 269 1 3 27
E 269 2 2 19
E 269 6 -6 -58
T 270 28 0 4 0
E 270 0 4 38
E 270 1 3 30
E 270 2 2 22
E 270 3 1 14
T 271 28 0 4 0
E 271 0 3 35
E 271 1 3 27
E 271 2 2 19
E 271 6 -1 -13
T 272 24 1 4 0
E 272 0 2 24
E 272 1 1 16
E 272 5 -1 -16
E 272 6 -2 -24
T 273 25 0 4 0
E 273 0 2 26
E 273 1 2 18
E 273 5 -1 -14
E 273 6 -2 -22
T 274 25 0 4 0
E 274 0 3 27
E 274 1 2 19
E 274 5 -1 -13
E 274 6 -2 -21
T 275 26 0 4 0
E 275 0 3 31
E 275 1 2 23
E 275 2 1 15
E 275 6 -1 -17
T 276 25 0 4 0
E 276 0 3 29
E 276 1 2 21
E 276 2 1 13
E 276 6 -2 -19
T 277 25 0 4 0
E 277 0 3 29
E 277 1 2 21
E 277 2 1 13
E 277 6 -2 -19
T 278 24 1 4 0
E 278 0 2 24
E 278 1 1 16
E 278 5 -1 -16
E 278 6 -2 -24
T 279 25 0 4 0
E 279 0 3 27
E 279 1 2 19
E 279 5 -1 -13
E 279 6 -2 -21
T 280 25 1 4 0
E 280 0 2 25
E 280 1 1 17
E 280 5 -1 -15
E 280 6 -2 -23
T 281 24 1 4 0
E 281 0 2 24
E 281 1 1 16
E 281 5 -1 -16
E 281 6 -2 -24
T 282 23 1 4 0
E 282 0 2 23
E 282 1 1 15
E 282 5 -1 -17
E 282 6 -2 -25
T 283 25 0 4 0
E 283 0 3 29
E 283 1 2 21
E 283 2 1 13
E 283 6 -2 -19
T 284 25 0 4 0
E 284 0 3 27
E 284 1 2 19
E 284 5 -1 -13
E 284 6 -2 -21
T 285 26 0 4 0
E 285 0 3 31
E 285 1 2 23
E 285 2 1 15
E 285 6 -1 -17
T 286 28 0 4 0
E 286 0 3 33
E 286 1 2 25
E 286 2 1 17
E 286 6 -1 -15
T 287 24 1 4 0
E 287 0 2 24
E 287 1 1 16
E 287 5 -1 -16
E 287 6 -2 -24
T 288 26 0 4 0
E 288 0 3 31
E 288 1 2 23
E 288 2 1 15
E 288 6 -1 -17
T 289 26 0 4 0
E 289 0 3 30
E 289 1 2 22
E 289 2 1 14
E 289 6 -2 -18
T 290 26 0 4 0
E 290 0 3 30
E 290 1 2 22
E 290 2 1 14
E 290 6 -2 -18
T 291 25 1 4 0
E 291 0 2 25
E 291 1 1 17
E 291 5 -1 -15
E 291 6 -2 -23
T 292 27 0 4 0
E 292 0 3 32
E 292 1 2 24
E 292 2 1 16
E 292 6 -1 -16
T 293 25 1 4 0
E 293 0 2 25
E 293 1 1 17
E 293 5 -1 -15
E 293 6 -2 -23
T 294 26 0 4 0
E 294 0 3 31
E 294 1 2 23
E 294 2 1 15
E 294 6 -1 -17
T 295 23 0 4 0
E 295 0 2 22
E 295 1 1 14
E 295 5 -2 -18
E 295 6 -2 -26
T 296 23 0 3 0
E 296 0 2 20
E 296 5 -2 -20
E 296 6 -3 -28
T 297 23 0 4 0
E 297 0 2 21
E 297 1 1 13
E 297 5 -2 -19
E 297 6 -3 -27
T 298 25 0 4 0
E 298 0 2 26
E 298 1 2 18
E 298 5 -1 -14
E 298 6 -2 -22
T 299 25 1 4 0
E 299 0 2 25
E 299 1 1 17
E 299 5 -1 -15
E 299 6 -2 -23
T 300 23 0 4 0
E 300 0 2 21
E 300 1 1 13
E 300 5 -2 -19
E 300 6 -3 -27
T 301 23 0 4 0
E 301 0 2 21
E 301 1 1 13
E 301 5 -2 -19
E 301 6 -3 -27
T 302 25 0 3 0
E 302 0 3 28
E 302 1 2 20
E 302 6 -2 -20
T 303 25 0 4 0
E 303 0 3 29
E 303 1 2 21
E 303 2 1 13
E 303 6 -2 -19
T 304 25 0 4 0
E 304 0 3 29
E 304 1 2 21
E 304 2 1 13
E 304 6 -2 -19
T 305 23 1 4 0
E 305 0 2 23
E 305 1 1 15
E 305 5 -1 -17
E 305 6 -2 -25
T 306 23 0 3 0
E 306 0 2 20
E 306 5 -2 -20
E 306 6 -3 -28
T 307 23 0 4 0
E 307 0 2 22
E 307 1 1 14
E 307 5 -2 -18
E 307 6 -2 -26
T 308 25 0 3 0
E 308 0 3 28
E 308 1 2 20
E 308 6 -2 -20
T 309 23 1 4 0
E 309 0 2 23
E 309 1 1 15
E 309 5 -1 -17
E 309 6 -2 -25
T 310 25 1 4 0
E 310 0 2 25
E 310 1 1 17
E 310 5 -1 -15
E 310 6 -2 -23
T 311 23 0 3 0
E 311 0 2 20
E 311 5 -2 -20
E 311 6 -3 -28
T 312 24 1 4 0
E 312 0 2 24
E 312 1 1 16
E 312 5 -1 -16
E 312 6 -2 -24
T 313 23 0 4 0
E 313 0 2 19
E 313 4 -1 -13
E 313 5 -2 -21
E 313 6 -3 -29
T 314 26 0 4 0
E 314 0 3 30
E 314 1 2 22
E 314 2 1 14
E 314 6 -2 -18
T 315 25 0 4 0
E 315 0 3 27
E 315 1 2 19
E 315 5 -1 -13
E 315 6 -2 -21
T 316 23 0 3 0
E 316 0 2 20
E 316 5 -2 -20
E 316 6 -3 -28
T 317 25 1 4 0
E 317 0 2 25
E 317 1 1 17
E 317 5 -1 -15
E 317 6 -2 -23
T 318 23 0 4 0
E 318 0 2 21
E 318 1 1 13
E 318 5 -2 -19
E 318 6 -3 -27
T 319 25 0 3 0
E 319 0 3 28
E 319 1 2 20
E 319 6 -2 -20
T 320 28 0 4 0
E 320 0 3 33
E 320 1 2 25
E 320 2 1 17
E 320 6 -1 -15
T 321 25 0 4 0
E 321 0 2 26
E 321 1 2 18
E 321 5 -1 -14
E 321 6 -2 -22
T 322 23 1 4 0
E 322 0 2 23
E 322 1 1 15
E 322 5 -1 -17
E 322 6 -2 -25
T 323 23 0 4 0
E 323 0 2 21
E 323 1 1 13
E 323 5 -2 -19
E 323 6 -3 -27
T 324 26 0 4 0
E 324 0 3 30
E 324 1 2 22
E 324 2 1 14
E 324 6 -2 -18
T 325 25 0 3 0
E 325 0 3 28
E 325 1 2 20
E 325 6 -2 -20
T 326 25 0 4 0
E 326 0 3 29
E 326 1 2 21
E 326 2 1 13
E 326 6 -2 -19
T 327 24 1 4 0
E 327 0 2 24
E 327 1 1 16
E 327 5 -1 -16
E 327 6 -2 -24
T 328 23 0 4 0
E 328 0 2 21
E 328 1 1 13
E 328 5 -2 -19
E 328 6 -3 -27
T 329 24 1 4 0
E 329 0 2 24
E 329 1 1 16
E 329 5 -1 -16
E 329 6 -2 -24
T 330 25 0 3 0
E 330 0 3 28
E 330 1 2 20
E 330 6 -2 -20
T 331 23 0 3 0
E 331 0 2 20
E 331 5 -2 -20
E 331 6 -3 -28
T 332 25 0 4 0
E 332 0 3 29
E 332 1 2 21
E 332 2 1 13
E 332 6 -2 -19
T 333 25 0 4 0
E 333 0 3 27
E 333 1 2 19
E 333 5 -1 -13
E 333 6 -2 -21
T 334 24 1 4 0
E 334 0 2 24
E 334 1 1 16
E 334 5 -1 -16
E 334 6 -2 -24
T 335 23 0 4 0
E 335 0 2 21
E 335 1 1 13
E 335 5 -2 -19
E 335 6 -3 -27
T 336 25 1 4 0
E 336 0 2 25
E 336 1 1 17
E 336 5 -1 -15
E 336 6 -2 -23
T 337 23 0 3 0
E 337 0 2 25
E 337 1 2 20
E 337 6 -2 -20
T 338 22 0 4 0
E 338 0 2 26
E 338 1 2 23
E 338 2 1 15
E 338 6 -1 -17
T 339 17 0 4 0
E 339 0 1 16
E 339 1 1 16
E 339 5 -1 -16
E 339 6 -2 -24
T 340 16 0 3 0
E 340 0 1 17
E 340 1 2 20
E 340 6 -2 -20
T 341 15 0 4 0
E 341 0 1 17
E 341 1 2 22
E 341 2 1 14
E 341 6 -2 -18
T 342 12 0 4 0
E 342 0 1 14
E 342 1 2 19
E 342 2 1 14
E 342 6 -2 -18
T 343 10 0 3 0
E 343 1 1 13
E 343 5 -1 -14
E 343 6 -2 -22
T 344 10 0 3 0
E 344 1 1 16
E 344 2 1 16
E 344 6 -1 -16
T 345 6 0 2 0
E 345 2 2 13
E 345 6 -3 -19
T 346 6 1 2 0
E 346 2 2 16
E 346 6 -2 -16
T 347 6 0 1 0
E 347 6 -6 -19
T 348 3 1 2 0
E 348 2 2 13
E 348 6 -2 -14
T 349 2 0 0 0
T 350 1 0 1 0
E 350 6 -4 -14
T 351 5 0 1 0
E 351 3 4 14
T 352 6 0 1 0
E 352 6 -6 -18
T 353 5 0 1 0
E 353 3 4 14
T 354 10 0 0 0
T 355 13 0 2 0
E 355 0 -2 -17
E 355 6 -2 -15
T 356 9 0 1 0
E 356 0 -4 -13
T 357 10 0 1 0
E 357 4 4 14
T 358 12 0 1 0
E 358 0 -5 -17
T 359 9 0 0 0
T 360 9 0 1 0
E 360 0 -4 -13
T 361 15 0 1 0
E 361 5 4 14
T 362 10 0 1 0
E 362 0 -5 -15
T 363 9 0 1 0
E 363 0 -4 -13
T 364 16 0 2 0
E 364 5 2 13
E 364 6 2 13
T 365 13 1 2 0
E 365 0 -2 -13
E 365 6 2 15
T 366 17 1 2 0
E 366 0 -2 -17
E 366 6 2 13
T 367 15 1 2 0
E 367 0 -2 -15
E 367 6 2 15
T 368 14 1 2 0
E 368 0 -2 -14
E 368 6 2 16
T 369 17 0 2 0
E 369 5 2 13
E 369 6 3 18
T 370 15 0 2 0
E 370 0 -3 -20
E 370 1 -2 -15
T 371 16 1 2 0
E 371 0 -2 -16
E 371 6 2 14
T 372 15 0 2 0
E 372 0 -3 -20
E 372 1 -2 -15
T 373 14 1 2 0
E 373 0 -2 -14
E 373 6 2 16
T 374 14 0 2 0
E 374 0 -3 -19
E 374 1 -2 -14
T 375 14 0 2 0
E 375 5 2 16
E 375 6 3 21
T 376 15 1 2 0
E 376 0 -2 -15
E 376 6 2 15
T 377 14 0 2 0
E 377 0 -3 -19
E 377 1 -2 -14
T 378 14 0 2 0
E 378 5 2 16
E 378 6 3 21
T 379 17 0 2 0
E 379 5 2 13
E 379 6 3 18
T 380 15 0 2 0
E 380 0 -3 -20
E 380 1 -2 -15
T 381 15 0 2 0
E 381 5 2 15
E 381 6 3 20
T 382 16 0 2 0
E 382 0 -3 -21
E 382 1 -2 -16
T 383 17 1 2 0
E 383 0 -2 -17
E 383 6 2 13
T 384 17 1 2 0
E 384 0 -2 -17
E 384 6 2 13
T 385 16 0 2 0
E 385 0 -3 -21
E 385 1 -2 -16
T 386 18 0 2 0
E 386 0 -3 -23
E 386 1 -2 -17
T 387 18 0 2 0
E 387 0 -3 -23
E 387 1 -2 -17
T 388 15 0 2 0
E 388 0 -3 -20
E 388 1 -2 -13
T 389 17 1 2 0
E 389 0 -2 -17
E 389 6 2 16
T 390 16 1 2 0
E 390 0 -2 -16
E 390 6 2 17
T 391 16 0 3 0
E 391 0 -1 -14
E 391 5 1 15
E 391 6 2 20
T 392 17 0 2 0
E 392 5 2 17
E 392 6 3 22
T 393 19 0 2 0
E 393 0 -3 -20
E 393 6 2 15
T 394 20 0 3 0
E 394 0 -2 -22
E 394 1 -1 -14
E 394 6 1 14
T 395 19 0 3 0
E 395 0 -1 -17
E 395 5 1 14
E 395 6 2 19
T 396 19 0 2 0
E 396 0 -4 -25
E 396 1 -2 -17
T 397 19 0 2 0
E 397 0 -4 -26
E 397 1 -3 -18
T 398 19 0 2 0
E 398 0 -4 -26
E 398 1 -3 -18
T 399 21 1 4 0
E 399 0 -2 -21
E 399 1 -1 -13
E 399 5 1 13
E 399 6 2 18
T 400 22 0 3 0
E 400 0 -2 -24
E 400 1 -1 -16
E 400 6 1 15
T 401 20 0 3 0
E 401 0 -2 -19
E 401 5 1 16
E 401 6 2 21
T 402 22 1 4 0
E 402 0 -2 -22
E 402 1 -1 -14
E 402 5 1 13
E 402 6 2 18
T 403 21 0 3 0
E 403 0 -2 -20
E 403 5 1 16
E 403 6 2 21
T 404 23 0 3 0
E 404 0 -2 -26
E 404 1 -2 -18
E 404 6 1 16
T 405 22 1 4 0
E 405 0 -2 -22
E 405 1 -1 -14
E 405 5 1 15
E 405 6 2 20
T 406 23 1 4 0
E 406 0 -2 -23
E 406 1 -1 -15
E 406 5 1 15
E 406 6 2 20
T 407 25 0 4 0
E 407 0 -3 -30
E 407 1 -2 -22
E 407 2 -1 -14
E 407 6 1 13
T 408 24 1 4 0
E 408 0 -2 -24
E 408 1 -1 -16
E 408 5 1 15
E 408 6 2 20
T 409 22 0 3 0
E 409 0 -2 -20
E 409 5 2 20
E 409 6 2 25
T 410 25 0 4 0
E 410 0 -3 -27
E 410 1 -2 -19
E 410 5 1 13
E 410 6 2 18
T 411 25 0 4 0
E 411 0 -2 -26
E 411 1 -2 -18
E 411 5 1 14
E 411 6 2 20
T 412 25 0 4 0
E 412 0 -3 -30
E 412 1 -2 -22
E 412 2 -1 -14
E 412 6 1 16
T 413 25 0 4 0
E 413 0 -3 -29
E 413 1 -2 -21
E 413 2 -1 -13
E 413 6 2 18
T 414 23 1 4 0
E 414 0 -2 -23
E 414 1 -1 -15
E 414 5 1 17
E 414 6 2 25
T 415 23 0 4 0
E 415 0 -2 -21
E 415 1 -1 -13
E 415 5 2 19
E 415 6 3 27
T 416 26 0 4 0
E 416 0 -3 -30
E 416 1 -2 -22
E 416 2 -1 -14
E 416 6 2 18
T 417 26 0 4 0
E 417 0 -3 -30
E 417 1 -2 -22
E 417 2 -1 -14
E 417 6 2 18
T 418 26 0 4 0
E 418 0 -3 -30
E 418 1 -2 -22
E 418 2 -1 -14
E 418 6 2 18
T 419 25 0 4 0
E 419 0 -3 -29
E 419 1 -2 -21
E 419 2 -1 -13
E 419 6 2 19
T 420 26 0 4 0
E 420 0 -3 -30
E 420 1 -2 -22
E 420 2 -1 -14
E 420 6 2 18
T 421 25 0 3 0
E 421 0 -3 -28
E 421 1 -2 -20
E 421 6 2 20
T 422 27 0 4 0
E 422 0 -3 -32
E 422 1 -2 -24
E 422 2 -1 -16
E 422 6 1 16
T 423 25 0 4 0
E 423 0 -3 -29
E 423 1 -2 -21
E 423 2 -1 -13
E 423 6 2 19
T 424 25 0 3 0
E 424 0 -3 -28
E 424 1 -2 -20
E 424 6 2 20
T 425 25 1 4 0
E 425 0 -2 -25
E 425 1 -1 -17
E 425 5 1 15
E 425 6 2 23
T 426 23 0 4 0
E 426 0 -2 -22
E 426 1 -1 -14
E 426 5 2 18
E 426 6 2 26
T 427 25 0 4 0
E 427 0 -2 -26
E 427 1 -2 -18
E 427 5 1 14
E 427 6 2 22
T 428 26 0 4 0
E 428 0 -3 -30
E 428 1 -2 -22
E 428 2 -1 -14
E 428 6 2 18
T 429 28 0 4 0
E 429 0 -3 -33
E 429 1 -2 -25
E 429 2 -1 -17
E 429 6 1 15
T 430 25 0 3 0
E 430 0 -3 -28
E 430 1 -2 -20
E 430 6 2 20
T 431 25 0 3 0
E 431 0 -3 -28
E 431 1 -2 -20
E 431 6 2 20
T 432 25 1 4 0
E 432 0 -2 -25
E 432 1 -1 -17
E 432 5 1 15
E 432 6 2 23
T 433 25 0 4 0
E 433 0 -3 -27
E 433 1 -2 -19
E 433 5 1 13
E 433 6 2 21
T 434 26 0 4 0
E 434 0 -3 -31
E 434 1 -2 -23
E 434 2 -1 -15
E 434 6 1 17
T 435 25 0 4 0
E 435 0 -2 -26
E 435 1 -2 -18
E 435 5 1 14
E 435 6 2 22
T 436 25 1 4 0
E 436 0 -2 -25
E 436 1 -1 -17
E 436 5 1 15
E 436 6 2 23
T 437 23 0 4 0
E 437 0 -2 -21
E 437 1 -1 -13
E 437 5 2 19
E 437 6 3 27
T 438 25 0 4 0
E 438 0 -3 -29
E 438 1 -2 -21
E 438 2 -1 -13
E 438 6 2 19
T 439 24 1 4 0
E 439 0 -2 -24
E 439 1 -1 -16
E 439 5 1 16
E 439 6 2 24
T 440 23 0 4 0
E 440 0 -2 -22
E 440 1 -1 -14
E 440 5 2 18
E 440 6 2 26
T 441 25 0 4 0
E 441 0 -3 -27
E 441 1 -2 -19
E 441 5 1 13
E 441 6 2 21
T 442 27 0 4 0
E 442 0 -3 -32
E 442 1 -2 -24
E 442 2 -1 -16
E 442 6 1 16
T 443 25 0 4 0
E 443 0 -3 -29
E 443 1 -2 -21
E 443 2 -1 -13
E 443 6 2 19
T 444 25 0 4 0
E 444 0 -2 -26
E 444 1 -2 -18
E 444 5 1 14
E 444 6 2 22
T 445 25 0 4 0
E 445 0 -3 -27
E 445 1 -2 -19
E 445 5 1 13
E 445 6 2 21
T 446 23 1 4 0
E 446 0 -2 -23
E 446 1 -1 -15
E 446 5 1 17
E 446 6 2 25
T 447 23 0 4 0
E 447 0 -2 -22
E 447 1 -1 -14
E 447 5 2 18
E 447 6 2 26
T 448 23 0 4 0
E 448 0 -2 -19
E 448 4 1 13
E 448 5 2 21
E 448 6 3 29
T 449 23 0 4 0
E 449 0 -2 -21
E 449 1 -1 -13
E 449 5 2 19
E 449 6 3 27
T 450 25 0 4 0
E 450 0 -2 -26
E 450 1 -2 -18
E 450 5 1 14
E 450 6 2 22
T 451 23 0 4 0
E 451 0 -2 -21
E 451 1 -1 -13
E 451 5 2 19
E 451 6 3 27
T 452 23 1 4 0
E 452 0 -2 -23
E 452 1 -1 -15
E 452 5 1 17
E 452 6 2 25
T 453 26 0 4 0
E 453 0 -3 -31
E 453 1 -2 -23
E 453 2 -1 -15
E 453 6 1 17
T 454 25 0 4 0
E 454 0 -3 -29
E 454 1 -2 -21
E 454 2 -1 -13
E 454 6 2 19
T 455 25 1 4 0
E 455 0 -2 -25
E 455 1 -1 -17
E 455 5 1 15
E 455 6 2 23
T 456 26 0 4 0
E 456 0 -3 -30
E 456 1 -2 -22
E 456 2 -1 -14
E 456 6 2 18
T 457 24 1 4 0
E 457 0 -2 -24
E 457 1 -1 -16
E 457 5 1 16
E 457 6 2 24
T 458 25 1 4 0
E 458 0 -2 -25
E 458 1 -1 -17
E 458 5 1 15
E 458 6 2 23
T 459 28 0 4 0
E 459 0 -3 -33
E 459 1 -2 -25
E 459 2 -1 -17
E 459 6 1 15
T 460 28 0 4 0
E 460 0 -3 -33
E 460 1 -2 -25
E 460 2 -1 -17
E 460 6 1 15
T 461 25 1 4 0
E 461 0 -2 -25
E 461 1 -1 -17
E 461 5 1 15
E 461 6 2 23
T 462 26 0 4 0
E 462 0 -3 -30
E 462 1 -2 -22
E 462 2 -1 -14
E 462 6 2 18
T 463 25 0 4 0
E 463 0 -3 -27
E 463 1 -2 -19
E 463 5 1 13
E 463 6 2 21
T 464 26 0 4 0
E 464 0 -3 -31
E 464 1 -2 -23
E 464 2 -1 -15
E 464 6 1 17
T 465 25 0 3 0
E 465 0 -3 -28
E 465 1 -2 -20
E 465 6 2 20
T 466 24 1 4 0
E 466 0 -2 -24
E 466 1 -1 -16
E 466 5 1 16
E 466 6 2 24
T 467 26 0 4 0
E 467 0 -3 -31
E 467 1 -2 -23
E 467 2 -1 -15
E 467 6 1 17
T 468 25 0 3 0
E 468 0 -3 -28
E 468 1 -2 -20
E 468 6 2 20
T 469 26 0 4 0
E 469 0 -3 -30
E 469 1 -2 -22
E 469 2 -1 -14
E 469 6 2 18
T 470 25 0 4 0
E 470 0 -3 -29
E 470 1 -2 -21
E 470 2 -1 -13
E 470 6 2 19
T 471 25 0 4 0
E 471 0 -3 -29
E 471 1 -2 -21
E 471 2 -1 -13
E 471 6 2 19
T 472 25 0 4 0
E 472 0 -2 -26
E 472 1 -2 -18
E 472 5 1 14
E 472 6 2 22
T 473 23 0 4 0
E 473 0 -2 -22
E 473 1 -1 -14
E 473 5 2 18
E 473 6 2 26
T 474 25 1 4 0
E 474 0 -2 -25
E 474 1 -1 -17
E 474 5 1 15
E 474 6 2 23
T 475 24 1 4 0
E 475 0 -2 -24
E 475 1 -1 -16
E 475 5 1 16
E 475 6 2 24
T 476 23 0 4 0
E 476 0 -2 -21
E 476 1 -1 -13
E 476 5 2 19
E 476 6 3 27
T 477 25 1 4 0
E 477 0 -2 -25
E 477 1 -1 -17
E 477 5 1 15
E 477 6 2 23
T 478 28 0 4 0
E 478 0 -3 -33
E 478 1 -2 -25
E 478 2 -1 -17
E 478 6 1 15
T 479 28 0 4 0
E 479 0 -3 -35
E 479 1 -3 -27
E 479 2 -2 -19
E 479 6 1 13
T 480 16 0 4 0
E 480 0 1 13
E 480 1 -3 -27
E 480 2 -2 -19
E 480 6 1 13
T 481 18 1 4 0
E 481 0 2 18
E 481 1 -2 -25
E 481 2 -1 -17
E 481 6 1 15
T 482 23 0 4 0
E 482 0 2 24
E 482 1 -2 -22
E 482 2 -1 -14
E 482 6 2 18
T 483 26 0 3 0
E 483 0 3 29
E 483 1 -2 -20
E 483 6 2 20
T 484 30 0 4 0
E 484 0 3 34
E 484 1 -2 -19
E 484 5 1 13
E 484 6 2 21
T 485 26 0 4 0
E 485 0 3 30
E 485 1 2 22
E 485 2 -2 -18
E 485 6 1 14
T 486 28 0 4 0
E 486 0 3 30
E 486 1 2 22
E 486 2 -2 -21
E 486 3 -1 -13
T 487 30 0 4 0
E 487 0 4 36
E 487 1 3 28
E 487 2 -2 -18
E 487 6 1 14
T 488 32 0 4 0
E 488 0 4 36
E 488 1 3 28
E 488 2 -2 -21
E 488 3 -1 -13
T 489 36 0 4 0
E 489 0 4 40
E 489 1 3 32
E 489 2 -2 -21
E 489 3 -1 -13
T 490 33 0 4 0
E 490 0 4 41
E 490 1 3 33
E 490 2 2 25
E 490 3 -1 -15
T 491 32 0 5 0
E 491 0 4 38
E 491 1 3 30
E 491 2 2 22
E 491 3 -2 -21
E 491 4 -1 -13
T 492 29 1 6 0
E 492 0 3 29
E 492 1 2 21
E 492 2 1 13
E 492 3 -3 -33
E 492 4 -2 -25
E 492 5 -1 -17
T 493 33 0 6 0
E 493 0 3 34
E 493 1 2 26
E 493 2 2 18
E 493 3 -3 -31
E 493 4 -2 -23
E 493 5 -1 -15
T 494 37 0 6 0
E 494 0 4 40
E 494 1 3 32
E 494 2 2 24
E 494 3 -3 -29
E 494 4 -2 -21
E 494 5 -1 -13
T 495 33 0 6 0
E 495 0 3 35
E 495 1 3 27
E 495 2 2 19
E 495 4 -3 -29
E 495 5 -2 -21
E 495 6 -1 -13
T 496 32 0 5 0
E 496 0 3 28
E 496 1 2 20
E 496 4 -4 -39
E 496 5 -3 -31
E 496 6 -2 -23
T 497 33 0 7 0
E 497 0 4 37
E 497 1 3 29
E 497 2 2 21
E 497 3 1 13
E 497 4 -3 -33
E 497 5 -2 -25
E 497 6 -1 -17
T 498 36 0 7 0
E 498 0 4 39
E 498 1 3 31
E 498 2 2 23
E 498 3 1 15
E 498 4 -3 -34
E 498 5 -2 -26
E 498 6 -2 -18
T 499 38 0 6 0
E 499 0 3 33
E 499 1 2 25
E 499 2 1 17
E 499 4 -4 -44
E 499 5 -4 -36
E 499 6 -3 -28
T 500 36 0 6 0
E 500 0 4 42
E 500 1 3 34
E 500 2 2 26
E 500 3 2 18
E 500 5 -3 -30
E 500 6 -2 -22
T 501 36 0 6 0
E 501 0 4 41
E 501 1 3 33
E 501 2 2 25
E 501 3 1 17
E 501 5 -3 -34
E 501 6 -2 -26
T 502 37 0 6 0
E 502 0 4 43
E 502 1 3 35
E 502 2 3 27
E 502 3 2 19
E 502 5 -3 -35
E 502 6 -3 -27
T 503 38 0 6 0
E 503 0 4 44
E 503 1 4 36
E 503 2 3 28
E 503 3 2 20
E 503 5 -4 -37
E 503 6 -3 -29
T 504 39 0 6 0
E 504 0 4 40
E 504 1 3 32
E 504 2 2 24
E 504 3 1 16
E 504 5 -5 -45
E 504 6 -4 -37
T 505 32 0 5 0
E 505 0 4 38
E 505 1 3 30
E 505 2 2 22
E 505 3 1 14
E 505 6 -4 -42
T 506 32 0 5 0
E 506 0 4 37
E 506 1 3 29
E 506 2 2 21
E 506 3 1 13
E 506 6 -5 -46
T 507 32 0 5 0
E 507 0 4 37
E 507 1 3 29
E 507 2 2 21
E 507 3 1 13
E 507 6 -5 -49
T 508 29 1 4 0
E 508 0 3 29
E 508 1 2 21
E 508 2 1 13
E 508 6 -6 -60
T 509 33 0 4 0
E 509 0 3 34
E 509 1 2 26
E 509 2 2 18
E 509 6 -6 -59
T 510 25 0 4 0
E 510 0 3 29
E 510 1 2 21
E 510 2 1 13
E 510 6 -2 -19
T 511 25 0 4 0
E 511 0 2 26
E 511 1 2 18
E 511 5 -1 -14
E 511 6 -2 -22
T 512 27 0 4 0
E 512 0 3 32
E 512 1 2 24
E 512 2 1 16
E 512 6 -1 -16
T 513 25 0 3 0
E 513 0 3 28
E 513 1 2 20
E 513 6 -2 -20
T 514 27 0 4 0
E 514 0 3 32
E 514 1 2 24
E 514 2 1 16
E 514 6 -1 -16
T 515 24 1 4 0
E 515 0 2 24
E 515 1 1 16
E 515 5 -1 -16
E 515 6 -2 -24
T 516 25 0 4 0
E 516 0 3 29
E 516 1 2 21
E 516 2 1 13
E 516 6 -2 -19
T 517 24 1 4 0
E 517 0 2 24
E 517 1 1 16
E 517 5 -1 -16
E 517 6 -2 -24
T 518 26 0 4 0
E 518 0 3 30
E 518 1 2 22
E 518 2 1 14
E 518 6 -2 -18
T 519 26 0 4 0
E 519 0 3 31
E 519 1 2 23
E 519 2 1 15
E 519 6 -1 -17
T 520 23 0 4 0
E 520 0 2 22
E 520 1 1 14
E 520 5 -2 -18
E 520 6 -2 -26
T 521 25 1 4 0
E 521 0 2 25
E 521 1 1 17
E 521 5 -1 -15
E 521 6 -2 -23
T 522 23 0 4 0
E 522 0 2 22
E 522 1 1 14
E 522 5 -2 -18
E 522 6 -2 -26
T 523 23 1 4 0
E 523 0 2 23
E 523 1 1 15
E 523 5 -1 -17
E 523 6 -2 -25
T 524 25 0 3 0
E 524 0 3 28
E 524 1 2 20
E 524 6 -2 -20
T 525 25 1 4 0
E 525 0 2 25
E 525 1 1 17
E 525 5 -1 -15
E 525 6 -2 -23
T 526 23 0 4 0
E 526 0 2 22
E 526 1 1 14
E 526 5 -2 -18
E 526 6 -2 -26
T 527 23 0 4 0
E 527 0 2 19
E 527 4 -1 -13
E 527 5 -2 -21
E 527 6 -3 -29
T 528 22 0 4 0
E 528 0 2 18
E 528 4 -1 -14
E 528 5 -2 -22
E 528 6 -3 -30
T 529 25 0 4 0
E 529 0 3 29
E 529 1 2 21
E 529 2 1 13
E 529 6 -2 -19
T 530 23 0 4 0
E 530 0 2 21
E 530 1 1 13
E 530 5 -2 -19
E 530 6 -3 -27
T 531 25 0 4 0
E 531 0 3 27
E 531 1 2 19
E 531 5 -1 -13
E 531 6 -2 -21
T 532 24 1 4 0
E 532 0 2 24
E 532 1 1 16
E 532 5 -1 -16
E 532 6 -2 -24
T 533 23 0 4 0
E 533 0 2 21
E 533 1 1 13
E 533 5 -2 -19
E 533 6 -3 -27
T 534 26 0 4 0
E 534 0 3 31
E 534 1 2 23
E 534 2 1 15
E 534 6 -1 -17
T 535 25 0 4 0
E 535 0 3 29
E 535 1 2 21
E 535 2 1 13
E 535 6 -2 -19
T 536 27 0 4 0
E 536 0 3 32
E 536 1 2 24
E 536 2 1 16
E 536 6 -1 -16
T 537 26 0 4 0
E 537 0 3 30
E 537 1 2 22
E 537 2 1 14
E 537 6 -2 -18
T 538 23 0 4 0
E 538 0 2 22
E 538 1 1 14
E 538 5 -2 -18
E 538 6 -2 -26
T 539 23 0 4 0
E 539 0 2 22
E 539 1 1 14
E 539 5 -2 -18
E 539 6 -2 -26
T 540 25 0 4 0
E 540 0 3 29
E 540 1 2 21
E 540 2 1 13
E 540 6 -2 -19
T 541 23 0 4 0
E 541 0 2 22
E 541 1 1 14
E 541 5 -2 -18
E 541 6 -2 -26
T 542 26 0 4 0
E 542 0 3 30
E 542 1 2 22
E 542 2 1 14
E 542 6 -2 -18
T 543 25 0 4 0
E 543 0 3 27
E 543 1 2 19
E 543 5 -1 -13
E 543 6 -2 -21
T 544 23 1 4 0
E 544 0 2 23
E 544 1 1 15
E 544 5 -1 -17
E 544 6 -2 -25
T 545 23 0 4 0
E 545 0 2 22
E 545 1 1 14
E 545 5 -2 -18
E 545 6 -2 -26
T 546 25 0 4 0
E 546 0 3 27
E 546 1 2 19
E 546 5 -1 -13
E 546 6 -2 -21
T 547 25 0 3 0
E 547 0 3 28
E 547 1 2 20
E 547 6 -2 -20
T 548 24 1 4 0
E 548 0 2 24
E 548 1 1 16
E 548 5 -1 -16
E 548 6 -2 -24
T 549 27 0 4 0
E 549 0 3 32
E 549 1 2 24
E 549 2 1 16
E 549 6 -1 -16
T 550 24 1 4 0
E 550 0 2 24
E 550 1 1 16
E 550 5 -1 -16
E 550 6 -2 -24
T 551 25 0 4 0
E 551 0 3 27
E 551 1 2 19
E 551 5 -1 -13
E 551 6 -2 -21
T 552 23 0 4 0
E 552 0 2 22
E 552 1 1 14
E 552 5 -2 -18
E 552 6 -2 -26
T 553 23 1 4 0
E 553 0 2 23
E 553 1 1 15
E 553 5 -1 -17
E 553 6 -2 -25
T 554 23 0 4 0
E 554 0 2 22
E 554 1 1 14
E 554 5 -2 -18
E 554 6 -2 -26
T 555 23 0 4 0
E 555 0 2 21
E 555 1 1 13
E 555 5 -2 -19
E 555 6 -3 -27
T 556 23 0 4 0
E 556 0 2 19
E 556 4 -1 -13
E 556 5 -2 -21
E 556 6 -3 -29
T 557 24 1 4 0
E 557 0 2 24
E 557 1 1 16
E 557 5 -1 -16
E 557 6 -2 -24
T 558 23 1 4 0
E 558 0 2 23
E 558 1 1 15
E 558 5 -1 -17
E 558 6 -2 -25
T 559 23 1 4 0
E 559 0 2 23
E 559 1 1 15
E 559 5 -1 -17
E 559 6 -2 -25
T 560 23 0 4 0
E 560 0 2 22
E 560 1 1 14
E 560 5 -2 -18
E 560 6 -2 -26
T 561 25 0 4 0
E 561 0 3 27
E 561 1 2 19
E 561 5 -1 -13
E 561 6 -2 -21
T 562 23 0 4 0
E 562 0 2 21
E 562 1 1 13
E 562 5 -2 -19
E 562 6 -3 -27
T 563 24 1 4 0
E 563 0 2 24
E 563 1 1 16
E 563 5 -1 -16
E 563 6 -2 -24
T 564 25 0 4 0
E 564 0 3 27
E 564 1 2 19
E 564 5 -1 -13
E 564 6 -2 -21
T 565 26 0 4 0
E 565 0 3 30
E 565 1 2 22
E 565 2 1 14
E 565 6 -2 -18
T 566 25 0 3 0
E 566 0 3 28
E 566 1 2 20
E 566 6 -2 -20
T 567 26 0 4 0
E 567 0 3 31
E 567 1 2 23
E 567 2 1 15
E 567 6 -1 -17
T 568 25 0 4 0
E 568 0 2 26
E 568 1 2 18
E 568 5 -1 -14
E 568 6 -2 -22
T 569 28 0 4 0
E 569 0 3 33
E 569 1 2 25
E 569 2 1 17
E 569 6 -1 -15
T 570 26 0 4 0
E 570 0 3 30
E 570 1 2 22
E 570 2 1 14
E 570 6 -2 -18
T 571 25 0 4 0
E 571 0 3 27
E 571 1 2 19
E 571 5 -1 -13
E 571 6 -2 -21
T 572 26 0 4 0
E 572 0 3 30
E 572 1 2 22
E 572 2 1 14
E 572 6 -2 -18
T 573 25 0 4 0
E 573 0 3 29
E 573 1 2 21
E 573 2 1 13
E 573 6 -2 -19
T 574 28 0 4 0
E 574 0 3 33
E 574 1 2 25
E 574 2 1 17
E 574 6 -1 -15
T 575 28 0 4 0
E 575 0 3 35
E 575 1 3 27
E 575 2 2 19
E 575 6 -1 -13
T 576 27 0 4 0
E 576 0 3 32
E 576 1 2 24
E 576 2 1 16
E 576 6 -1 -16
T 577 23 0 4 0
E 577 0 3 27
E 577 1 2 22
E 577 2 1 14
E 577 6 -2 -18
T 578 22 0 4 0
E 578 0 2 26
E 578 1 2 23
E 578 2 1 15
E 578 6 -1 -17
T 579 20 0 4 0
E 579 0 2 24
E 579 1 2 24
E 579 2 1 16
E 579 6 -1 -16
T 580 18 0 3 0
E 580 0 2 25
E 580 1 3 28
E 580 2 2 20
T 581 16 0 4 0
E 581 0 2 22
E 581 1 3 27
E 581 2 2 19
E 581 6 -1 -13
T 582 14 0 4 0
E 582 0 1 17
E 582 1 2 22
E 582 2 1 17
E 582 6 -1 -15
T 583 10 0 4 0
E 583 0 1 13
E 583 1 2 18
E 583 2 1 15
E 583 6 -1 -17
T 584 10 0 3 0
E 584 0 1 15
E 584 1 2 20
E 584 2 2 20
T 585 7 0 2 0
E 585 2 2 14
E 585 6 -3 -18
T 586 4 0 2 0
E 586 2 2 13
E 586 6 -3 -19
T 587 6 0 1 0
E 587 6 -6 -19
T 588 3 1 2 0
E 588 2 2 13
E 588 6 -2 -14
T 589 4 0 1 0
E 589 6 -5 -15
T 590 1 0 2 0
E 590 2 2 16
E 590 3 3 19
T 591 2 0 3 0
E 591 2 1 16
E 591 3 2 21
E 591 4 1 13
T 592 0 0 3 0
E 592 2 1 14
E 592 3 2 19
E 592 4 1 14
T 593 5 0 0 0
T 594 7 0 0 0
T 595 10 0 1 0
E 595 0 -4 -14
T 596 11 0 0 0
T 597 11 0 1 0
E 597 4 4 13
T 598 13 0 2 0
E 598 0 -3 -18
E 598 1 -2 -13
T 599 15 0 2 0
E 599 0 -3 -20
E 599 1 -2 -15
T 600 15 0 2 0
E 600 0 -3 -20
E 600 1 -2 -15
T 601 14 0 2 0
E 601 0 -3 -19
E 601 1 -2 -14
T 602 13 0 2 0
E 602 0 -3 -18
E 602 1 -2 -13
T 603 12 0 2 0
E 603 5 2 17
E 603 6 2 14
T 604 15 0 2 0
E 604 5 2 14
E 604 6 2 14
T 605 15 1 2 0
E 605 0 -2 -15
E 605 6 2 13
T 606 15 0 2 0
E 606 5 2 15
E 606 6 3 20
T 607 16 0 2 0
E 607 5 2 14
E 607 6 3 19
T 608 16 1 2 0
E 608 0 -2 -16
E 608 6 2 14
T 609 16 0 2 0
E 609 0 -3 -21
E 609 1 -2 -16
T 610 16 0 2 0
E 610 5 2 14
E 610 6 3 19
T 611 18 0 3 0
E 611 0 -2 -23
E 611 1 -2 -18
E 611 2 -1 -13
T 612 15 0 2 0
E 612 0 -3 -20
E 612 1 -2 -15
T 613 16 1 2 0
E 613 0 -2 -16
E 613 6 2 14
T 614 16 1 2 0
E 614 0 -2 -16
E 614 6 2 14
T 615 15 0 2 0
E 615 0 -3 -20
E 615 1 -2 -15
T 616 15 0 2 0
E 616 0 -3 -20
E 616 1 -2 -15
T 617 15 1 2 0
E 617 0 -2 -15
E 617 6 2 15
T 618 16 1 2 0
E 618 0 -2 -16
E 618 6 2 14
T 619 17 0 2 0
E 619 0 -3 -22
E 619 1 -2 -17
T 620 15 1 2 0
E 620 0 -2 -15
E 620 6 2 15
T 621 15 1 2 0
E 621 0 -2 -15
E 621 6 2 15
T 622 17 0 2 0
E 622 0 -3 -22
E 622 1 -2 -17
T 623 17 0 2 0
E 623 5 2 13
E 623 6 3 18
T 624 15 1 2 0
E 624 0 -2 -15
E 624 6 2 15
T 625 13 1 2 0
E 625 0 -2 -13
E 625 6 2 17
T 626 17 1 2 0
E 626 0 -2 -17
E 626 6 2 14
T 627 17 0 2 0
E 627 0 -3 -18
E 627 6 2 13
T 628 17 1 2 0
E 628 0 -2 -17
E 628 6 2 15
T 629 16 1 2 0
E 629 0 -2 -16
E 629 6 2 17
T 630 17 0 3 0
E 630 0 -1 -15
E 630 5 1 13
E 630 6 2 18
T 631 16 0 3 0
E 631 0 -1 -14
E 631 5 1 15
E 631 6 2 20
T 632 18 0 2 0
E 632 0 -3 -23
E 632 1 -2 -15
T 633 19 0 3 0
E 633 0 -2 -21
E 633 1 -1 -13
E 633 6 1 14
T 634 18 0 2 0
E 634 0 -3 -19
E 634 6 2 17
T 635 19 0 2 0
E 635 0 -3 -20
E 635 6 2 16
T 636 19 0 3 0
E 636 0 -1 -17
E 636 5 1 15
E 636 6 2 20
T 637 17 0 3 0
E 637 0 -1 -15
E 637 5 1 17
E 637 6 2 22
T 638 20 0 3 0
E 638 0 -2 -22
E 638 1 -1 -14
E 638 6 1 16
T 639 20 0 2 0
E 639 0 -4 -27
E 639 1 -3 -19
T 640 20 0 3 0
E 640 0 -2 -22
E 640 1 -1 -14
E 640 6 1 17
T 641 20 0 4 0
E 641 0 -1 -16
E 641 4 1 14
E 641 5 2 19
E 641 6 2 24
T 642 19 0 4 0
E 642 0 -1 -15
E 642 4 1 15
E 642 5 2 20
E 642 6 2 25
T 643 20 0 3 0
E 643 0 -2 -19
E 643 5 1 17
E 643 6 2 22
T 644 22 0 4 0
E 644 0 -2 -19
E 644 4 1 13
E 644 5 2 18
E 644 6 2 23
T 645 24 0 4 0
E 645 0 -3 -29
E 645 1 -2 -21
E 645 2 -1 -13
E 645 6 1 13
T 646 25 0 3 0
E 646 0 -3 -31
E 646 1 -2 -23
E 646 2 -1 -15
T 647 23 1 4 0
E 647 0 -2 -23
E 647 1 -1 -15
E 647 5 1 15
E 647 6 2 20
T 648 22 1 4 0
E 648 0 -2 -22
E 648 1 -1 -14
E 648 5 1 17
E 648 6 2 22
T 649 22 0 4 0
E 649 0 -2 -19
E 649 4 1 13
E 649 5 2 21
E 649 6 2 26
T 650 25 0 4 0
E 650 0 -3 -27
E 650 1 -2 -19
E 650 5 1 13
E 650 6 2 18
T 651 25 0 4 0
E 651 0 -3 -30
E 651 1 -2 -22
E 651 2 -1 -14
E 651 6 1 16
T 652 24 0 4 0
E 652 0 -3 -29
E 652 1 -2 -21
E 652 2 -1 -13
E 652 6 1 17
T 653 23 1 4 0
E 653 0 -2 -23
E 653 1 -1 -15
E 653 5 1 17
E 653 6 2 24
T 654 23 1 4 0
E 654 0 -2 -23
E 654 1 -1 -15
E 654 5 1 17
E 654 6 2 25
T 655 23 0 4 0
E 655 0 -2 -19
E 655 4 1 13
E 655 5 2 21
E 655 6 3 29
T 656 25 0 4 0
E 656 0 -3 -29
E 656 1 -2 -21
E 656 2 -1 -13
E 656 6 2 19
T 657 27 0 4 0
E 657 0 -3 -32
E 657 1 -2 -24
E 657 2 -1 -16
E 657 6 1 16
T 658 26 0 4 0
E 658 0 -3 -31
E 658 1 -2 -23
E 658 2 -1 -15
E 658 6 1 17
T 659 28 0 4 0
E 659 0 -3 -34
E 659 1 -2 -26
E 659 2 -2 -18
E 659 6 1 14
T 660 28 0 4 0
E 660 0 -3 -33
E 660 1 -2 -25
E 660 2 -1 -17
E 660 6 1 15
T 661 28 0 4 0
E 661 0 -3 -34
E 661 1 -2 -26
E 661 2 -2 -18
E 661 6 1 14
T 662 25 0 3 0
E 662 0 -3 -28
E 662 1 -2 -20
E 662 6 2 20
T 663 26 0 4 0
E 663 0 -3 -30
E 663 1 -2 -22
E 663 2 -1 -14
E 663 6 2 18
T 664 27 0 4 0
E 664 0 -3 -32
E 664 1 -2 -24
E 664 2 -1 -16
E 664 6 1 16
T 665 25 0 4 0
E 665 0 -3 -27
E 665 1 -2 -19
E 665 5 1 13
E 665 6 2 21
T 666 26 0 4 0
E 666 0 -3 -30
E 666 1 -2 -22
E 666 2 -1 -14
E 666 6 2 18
T 667 25 1 4 0
E 667 0 -2 -25
E 667 1 -1 -17
E 667 5 1 15
E 667 6 2 23
T 668 23 1 4 0
E 668 0 -2 -23
E 668 1 -1 -15
E 668 5 1 17
E 668 6 2 25
T 669 25 0 4 0
E 669 0 -3 -29
E 669 1 -2 -21
E 669 2 -1 -13
E 669 6 2 19
T 670 25 1 4 0
E 670 0 -2 -25
E 670 1 -1 -17
E 670 5 1 15
E 670 6 2 23
T 671 25 0 4 0
E 671 0 -3 -29
E 671 1 -2 -21
E 671 2 -1 -13
E 671 6 2 19
T 672 25 0 4 0
E 672 0 -3 -29
E 672 1 -2 -21
E 672 2 -1 -13
E 672 6 2 19
T 673 25 0 3 0
E 673 0 -3 -28
E 673 1 -2 -20
E 673 6 2 20
T 674 23 0 4 0
E 674 0 -2 -21
E 674 1 -1 -13
E 674 5 2 19
E 674 6 3 27
T 675 25 1 4 0
E 675 0 -2 -25
E 675 1 -1 -17
E 675 5 1 15
E 675 6 2 23
T 676 26 0 4 0
E 676 0 -3 -31
E 676 1 -2 -23
E 676 2 -1 -15
E 676 6 1 17
T 677 24 1 4 0
E 677 0 -2 -24
E 677 1 -1 -16
E 677 5 1 16
E 677 6 2 24
T 678 23 0 4 0
E 678 0 -2 -22
E 678 1 -1 -14
E 678 5 2 18
E 678 6 2 26
T 679 25 0 4 0
E 679 0 -2 -26
E 679 1 -2 -18
E 679 5 1 14
E 679 6 2 22
T 680 25 0 4 0
E 680 0 -3 -27
E 680 1 -2 -19
E 680 5 1 13
E 680 6 2 21
T 681 26 0 4 0
E 681 0 -3 -30
E 681 1 -2 -22
E 681 2 -1 -14
E 681 6 2 18
T 682 28 0 4 0
E 682 0 -3 -33
E 682 1 -2 -25
E 682 2 -1 -17
E 682 6 1 15
T 683 25 0 4 0
E 683 0 -3 -29
E 683 1 -2 -21
E 683 2 -1 -13
E 683 6 2 19
T 684 25 0 4 0
E 684 0 -3 -29
E 684 1 -2 -21
E 684 2 -1 -13
E 684 6 2 19
T 685 25 0 3 0
E 685 0 -3 -28
E 685 1 -2 -20
E 685 6 2 20
T 686 26 0 4 0
E 686 0 -3 -30
E 686 1 -2 -22
E 686 2 -1 -14
E 686 6 2 18
T 687 25 0 4 0
E 687 0 -3 -29
E 687 1 -2 -21
E 687 2 -1 -13
E 687 6 2 19
T 688 23 1 4 0
E 688 0 -2 -23
E 688 1 -1 -15
E 688 5 1 17
E 688 6 2 25
T 689 26 0 4 0
E 689 0 -3 -31
E 689 1 -2 -23
E 689 2 -1 -15
E 689 6 1 17
T 690 23 0 4 0
E 690 0 -2 -22
E 690 1 -1 -14
E 690 5 2 18
E 690 6 2 26
T 691 25 1 4 0
E 691 0 -2 -25
E 691 1 -1 -17
E 691 5 1 15
E 691 6 2 23
T 692 24 1 4 0
E 692 0 -2 -24
E 692 1 -1 -16
E 692 5 1 16
E 692 6 2 24
T 693 23 0 4 0
E 693 0 -2 -22
E 693 1 -1 -14
E 693 5 2 18
E 693 6 2 26
T 694 25 0 3 0
E 694 0 -3 -28
E 694 1 -2 -20
E 694 6 2 20
T 695 25 0 3 0
E 695 0 -3 -28
E 695 1 -2 -20
E 695 6 2 20
T 696 25 1 4 0
E 696 0 -2 -25
E 696 1 -1 -17
E 696 5 1 15
E 696 6 2 23
T 697 25 0 4 0
E 697 0 -3 -27
E 697 1 -2 -19
E 697 5 1 13
E 697 6 2 21
T 698 25 0 4 0
E 698 0 -3 -27
E 698 1 -2 -19
E 698 5 1 13
E 698 6 2 21
T 699 26 0 4 0
E 699 0 -3 -30
E 699 1 -2 -22
E 699 2 -1 -14
E 699 6 2 18
T 700 27 0 4 0
E 700 0 -3 -32
E 700 1 -2 -24
E 700 2 -1 -16
E 700 6 1 16
T 701 28 0 4 0
E 701 0 -3 -35
E 701 1 -3 -27
E 701 2 -2 -19
E 701 6 1 13
T 702 26 0 4 0
E 702 0 -3 -30
E 702 1 -2 -22
E 702 2 -1 -14
E 702 6 2 18
T 703 25 1 4 0
E 703 0 -2 -25
E 703 1 -1 -17
E 703 5 1 15
E 703 6 2 23
T 704 26 0 4 0
E 704 0 -3 -31
E 704 1 -2 -23
E 704 2 -1 -15
E 704 6 1 17
T 705 28 0 4 0
E 705 0 -3 -33
E 705 1 -2 -25
E 705 2 -1 -17
E 705 6 1 15
T 706 25 0 4 0
E 706 0 -3 -29
E 706 1 -2 -21
E 706 2 -1 -13
E 706 6 2 19
T 707 25 0 4 0
E 707 0 -2 -26
E 707 1 -2 -18
E 707 5 1 14
E 707 6 2 22
T 708 23 0 4 0
E 708 0 -2 -22
E 708 1 -1 -14
E 708 5 2 18
E 708 6 2 26
T 709 25 0 3 0
E 709 0 -3 -28
E 709 1 -2 -20
E 709 6 2 20
T 710 27 0 4 0
E 710 0 -3 -32
E 710 1 -2 -24
E 710 2 -1 -16
E 710 6 1 16
T 711 25 1 4 0
E 711 0 -2 -25
E 711 1 -1 -17
E 711 5 1 15
E 711 6 2 23
T 712 25 0 4 0
E 712 0 -3 -29
E 712 1 -2 -21
E 712 2 -1 -13
E 712 6 2 19
T 713 24 1 4 0
E 713 0 -2 -24
E 713 1 -1 -16
E 713 5 1 16
E 713 6 2 24
T 714 26 0 4 0
E 714 0 -3 -31
E 714 1 -2 -23
E 714 2 -1 -15
E 714 6 1 17
T 715 25 0 4 0
E 715 0 -2 -26
E 715 1 -2 -18
E 715 5 1 14
E 715 6 2 22
T 716 28 0 4 0
E 716 0 -3 -33
E 716 1 -2 -25
E 716 2 -1 -17
E 716 6 1 15
T 717 25 0 4 0
E 717 0 -2 -26
E 717 1 -2 -18
E 717 5 1 14
E 717 6 2 22
T 718 24 1 4 0
E 718 0 -2 -24
E 718 1 -1 -16
E 718 5 1 16
E 718 6 2 24
T 719 23 1 4 0
E 719 0 -2 -23
E 719 1 -1 -15
E 719 5 1 17
E 719 6 2 25
T 720 19 0 4 0
E 720 0 2 23
E 720 1 -1 -17
E 720 5 1 15
E 720 6 2 23
T 721 19 0 4 0
E 721 0 1 16
E 721 1 -3 -27
E 721 2 -2 -19
E 721 6 1 13
T 722 22 0 4 0
E 722 0 1 17
E 722 1 -3 -29
E 722 2 -2 -21
E 722 3 -1 -13
T 723 26 0 4 0
E 723 0 3 28
E 723 1 -2 -21
E 723 2 -1 -13
E 723 6 2 19
T 724 28 0 3 0
E 724 0 2 25
E 724 1 -3 -28
E 724 2 -2 -20
T 725 26 0 4 0
E 725 0 3 31
E 725 1 2 23
E 725 2 -1 -17
E 725 6 1 15
T 726 25 0 4 0
E 726 0 2 23
E 726 1 1 15
E 726 2 -3 -28
E 726 3 -2 -20
T 727 27 0 4 0
E 727 0 3 28
E 727 1 2 20
E 727 2 -2 -26
E 727 3 -2 -18
T 728 31 0 4 0
E 728 0 3 33
E 728 1 2 25
E 728 2 -2 -24
E 728 3 -1 -16
T 729 34 0 4 0
E 729 0 4 38
E 729 1 3 30
E 729 2 -2 -23
E 729 3 -1 -15
T 730 32 0 4 0
E 730 0 4 40
E 730 1 3 32
E 730 2 2 24
E 730 3 -1 -16
T 731 32 0 5 0
E 731 0 4 38
E 731 1 3 30
E 731 2 2 22
E 731 3 -2 -21
E 731 4 -1 -13
T 732 31 1 6 0
E 732 0 3 31
E 732 1 2 23
E 732 2 1 15
E 732 3 -3 -31
E 732 4 -2 -23
E 732 5 -1 -15
T 733 34 0 5 0
E 733 0 4 38
E 733 1 3 30
E 733 2 2 22
E 733 3 -3 -27
E 733 4 -2 -19
T 734 33 0 6 0
E 734 0 4 36
E 734 1 3 28
E 734 2 2 20
E 734 3 -3 -33
E 734 4 -2 -25
E 734 5 -1 -17
T 735 33 0 6 0
E 735 0 4 40
E 735 1 3 32
E 735 2 2 24
E 735 3 1 16
E 735 4 -2 -24
E 735 5 -1 -16
T 736 33 0 6 0
E 736 0 3 35
E 736 1 3 27
E 736 2 2 19
E 736 4 -3 -32
E 736 5 -2 -24
E 736 6 -1 -16
T 737 37 0 7 0
E 737 0 4 41
E 737 1 3 33
E 737 2 2 25
E 737 3 1 17
E 737 4 -3 -29
E 737 5 -2 -21
E 737 6 -1 -13
T 738 36 0 6 0
E 738 0 3 33
E 738 1 2 25
E 738 2 1 17
E 738 4 -4 -40
E 738 5 -3 -32
E 738 6 -2 -24
T 739 36 0 6 0
E 739 0 3 35
E 739 1 3 27
E 739 2 2 19
E 739 4 -4 -42
E 739 5 -3 -34
E 739 6 -2 -26
T 740 33 0 5 0
E 740 0 3 32
E 740 1 2 24
E 740 2 1 16
E 740 5 -4 -40
E 740 6 -3 -32
T 741 34 1 5 0
E 741 0 3 34
E 741 1 2 26
E 741 2 2 18
E 741 5 -4 -41
E 741 6 -3 -33
T 742 35 0 5 0
E 742 0 3 34
E 742 1 2 26
E 742 2 2 18
E 742 5 -4 -44
E 742 6 -4 -36
T 743 38 0 6 0
E 743 0 4 42
E 743 1 3 34
E 743 2 2 26
E 743 3 2 18
E 743 5 -4 -39
E 743 6 -3 -31
T 744 36 0 5 0
E 744 0 3 34
E 744 1 2 26
E 744 2 2 18
E 744 5 -5 -51
E 744 6 -4 -43
T 745 35 0 5 0
E 745 0 4 44
E 745 1 4 36
E 745 2 3 28
E 745 3 2 20
E 745 6 -4 -36
T 746 32 0 4 0
E 746 0 3 35
E 746 1 3 27
E 746 2 2 19
E 746 6 -5 -48
T 747 32 0 4 0
E 747 0 3 34
E 747 1 2 26
E 747 2 2 18
E 747 6 -5 -52
T 748 34 0 5 0
E 748 0 4 39
E 748 1 3 31
E 748 2 2 23
E 748 3 1 15
E 748 6 -5 -50
T 749 34 0 5 0
E 749 0 4 38
E 749 1 3 30
E 749 2 2 22
E 749 3 1 14
E 749 6 -6 -55
T 750 28 0 4 0
E 750 0 3 35
E 750 1 3 27
E 750 2 2 19
E 750 6 -1 -13
T 751 23 1 4 0
E 751 0 2 23
E 751 1 1 15
E 751 5 -1 -17
E 751 6 -2 -25
T 752 25 0 4 0
E 752 0 3 27
E 752 1 2 19
E 752 5 -1 -13
E 752 6 -2 -21
T 753 23 0 3 0
E 753 0 2 20
E 753 5 -2 -20
E 753 6 -3 -28
T 754 23 0 4 0
E 754 0 2 19
E 754 4 -1 -13
E 754 5 -2 -21
E 754 6 -3 -29
T 755 23 0 4 0
E 755 0 2 22
E 755 1 1 14
E 755 5 -2 -18
E 755 6 -2 -26
T 756 26 0 4 0
E 756 0 3 30
E 756 1 2 22
E 756 2 1 14
E 756 6 -2 -18
T 757 24 1 4 0
E 757 0 2 24
E 757 1 1 16
E 757 5 -1 -16
E 757 6 -2 -24
T 758 26 0 4 0
E 758 0 3 31
E 758 1 2 23
E 758 2 1 15
E 758 6 -1 -17
T 759 28 0 4 0
E 759 0 3 34
E 759 1 2 26
E 759 2 2 18
E 759 6 -1 -14
T 760 27 0 3 0
E 760 0 4 36
E 760 1 3 28
E 760 2 2 20
T 761 28 0 4 0
E 761 0 3 34
E 761 1 2 26
E 761 2 2 18
E 761 6 -1 -14
T 762 28 0 4 0
E 762 0 3 35
E 762 1 3 27
E 762 2 2 19
E 762 6 -1 -13
T 763 25 0 4 0
E 763 0 3 29
E 763 1 2 21
E 763 2 1 13
E 763 6 -2 -19
T 764 28 0 4 0
E 764 0 3 33
E 764 1 2 25
E 764 2 1 17
E 764 6 -1 -15
T 765 27 0 3 0
E 765 0 4 36
E 765 1 3 28
E 765 2 2 20
T 766 27 0 4 0
E 766 0 3 32
E 766 1 2 24
E 766 2 1 16
E 766 6 -1 -16
T 767 25 0 4 0
E 767 0 3 27
E 767 1 2 19
E 767 5 -1 -13
E 767 6 -2 -21
T 768 23 0 4 0
E 768 0 2 21
E 768 1 1 13
E 768 5 -2 -19
E 768 6 -3 -27
T 769 24 1 4 0
E 769 0 2 24
E 769 1 1 16
E 769 5 -1 -16
E 769 6 -2 -24
T 770 25 0 3 0
E 770 0 3 28
E 770 1 2 20
E 770 6 -2 -20
T 771 23 1 4 0
E 771 0 2 23
E 771 1 1 15
E 771 5 -1 -17
E 771 6 -2 -25
T 772 23 0 3 0
E 772 0 2 20
E 772 5 -2 -20
E 772 6 -3 -28
T 773 25 0 4 0
E 773 0 3 27
E 773 1 2 19
E 773 5 -1 -13
E 773 6 -2 -21
T 774 28 0 4 0
E 774 0 3 33
E 774 1 2 25
E 774 2 1 17
E 774 6 -1 -15
T 775 28 0 4 0
E 775 0 3 33
E 775 1 2 25
E 775 2 1 17
E 775 6 -1 -15
T 776 24 1 4 0
E 776 0 2 24
E 776 1 1 16
E 776 5 -1 -16
E 776 6 -2 -24
T 777 25 0 4 0
E 777 0 3 29
E 777 1 2 21
E 777 2 1 13
E 777 6 -2 -19
T 778 23 0 4 0
E 778 0 2 22
E 778 1 1 14
E 778 5 -2 -18
E 778 6 -2 -26
T 779 25 0 3 0
E 779 0 3 28
E 779 1 2 20
E 779 6 -2 -20
T 780 25 0 4 0
E 780 0 2 26
E 780 1 2 18
E 780 5 -1 -14
E 780 6 -2 -22
T 781 23 0 4 0
E 781 0 2 22
E 781 1 1 14
E 781 5 -2 -18
E 781 6 -2 -26
T 782 25 1 4 0
E 782 0 2 25
E 782 1 1 17
E 782 5 -1 -15
E 782 6 -2 -23
T 783 23 0 3 0
E 783 0 2 20
E 783 5 -2 -20
E 783 6 -3 -28
T 784 26 0 4 0
E 784 0 3 30
E 784 1 2 22
E 784 2 1 14
E 784 6 -2 -18
T 785 26 0 4 0
E 785 0 3 30
E 785 1 2 22
E 785 2 1 14
E 785 6 -2 -18
T 786 23 0 4 0
E 786 0 2 22
E 786 1 1 14
E 786 5 -2 -18
E 786 6 -2 -26
T 787 25 1 4 0
E 787 0 2 25
E 787 1 1 17
E 787 5 -1 -15
E 787 6 -2 -23
T 788 25 0 4 0
E 788 0 3 29
E 788 1 2 21
E 788 2 1 13
E 788 6 -2 -19
T 789 25 0 3 0
E 789 0 3 28
E 789 1 2 20
E 789 6 -2 -20
T 790 23 0 4 0
E 790 0 2 21
E 790 1 1 13
E 790 5 -2 -19
E 790 6 -3 -27
T 791 24 1 4 0
E 791 0 2 24
E 791 1 1 16
E 791 5 -1 -16
E 791 6 -2 -24
T 792 25 1 4 0
E 792 0 2 25
E 792 1 1 17
E 792 5 -1 -15
E 792 6 -2 -23
T 793 25 0 4 0
E 793 0 2 26
E 793 1 2 18
E 793 5 -1 -14
E 793 6 -2 -22
T 794 23 1 4 0
E 794 0 2 23
E 794 1 1 15
E 794 5 -1 -17
E 794 6 -2 -25
T 795 23 0 4 0
E 795 0 2 22
E 795 1 1 14
E 795 5 -2 -18
E 795 6 -2 -26
T 796 26 0 4 0
E 796 0 3 30
E 796 1 2 22
E 796 2 1 14
E 796 6 -2 -18
T 797 24 1 4 0
E 797 0 2 24
E 797 1 1 16
E 797 5 -1 -16
E 797 6 -2 -24
T 798 26 0 4 0
E 798 0 3 30
E 798 1 2 22
E 798 2 1 14
E 798 6 -2 -18
T 799 25 0 4 0
E 799 0 3 29
E 799 1 2 21
E 799 2 1 13
E 799 6 -2 -19
T 800 25 0 4 0
E 800 0 2 26
E 800 1 2 18
E 800 5 -1 -14
E 800 6 -2 -22
T 801 26 0 4 0
E 801 0 3 31
E 801 1 2 23
E 801 2 1 15
E 801 6 -1 -17
T 802 24 1 4 0
E 802 0 2 24
E 802 1 1 16
E 802 5 -1 -16
E 802 6 -2 -24
T 803 25 0 3 0
E 803 0 3 28
E 803 1 2 20
E 803 6 -2 -20
T 804 23 0 4 0
E 804 0 2 22
E 804 1 1 14
E 804 5 -2 -18
E 804 6 -2 -26
T 805 25 0 4 0
E 805 0 2 26
E 805 1 2 18
E 805 5 -1 -14
E 805 6 -2 -22
T 806 26 0 4 0
E 806 0 3 31
E 806 1 2 23
E 806 2 1 15
E 806 6 -1 -17
T 807 24 1 4 0
E 807 0 2 24
E 807 1 1 16
E 807 5 -1 -16
E 807 6 -2 -24
T 808 23 1 4 0
E 808 0 2 23
E 808 1 1 15
E 808 5 -1 -17
E 808 6 -2 -25
T 809 25 1 4 0
E 809 0 2 25
E 809 1 1 17
E 809 5 -1 -15
E 809 6 -2 -23
T 810 25 0 4 0
E 810 0 2 26
E 810 1 2 18
E 810 5 -1 -14
E 810 6 -2 -22
T 811 23 0 3 0
E 811 0 2 20
E 811 5 -2 -20
E 811 6 -3 -28
T 812 23 0 3 0
E 812 0 2 20
E 812 5 -2 -20
E 812 6 -3 -28
T 813 25 0 4 0
E 813 0 3 27
E 813 1 2 19
E 813 5 -1 -13
E 813 6 -2 -21
T 814 25 0 4 0
E 814 0 3 29
E 814 1 2 21
E 814 2 1 13
E 814 6 -2 -19
T 815 27 0 4 0
E 815 0 3 32
E 815 1 2 24
E 815 2 1 16
E 815 6 -1 -16
T 816 28 0 4 0
E 816 0 3 34
E 816 1 2 26
E 816 2 2 18
E 816 6 -1 -14
T 817 21 1 4 0
E 817 0 2 21
E 817 1 1 16
E 817 5 -1 -16
E 817 6 -2 -24
T 818 22 0 4 0
E 818 0 2 25
E 818 1 2 22
E 818 2 1 14
E 818 6 -2 -18
T 819 18 0 4 0
E 819 0 2 19
E 819 1 2 19
E 819 5 -1 -13
E 819 6 -2 -21
T 820 18 0 4 0
E 820 0 2 22
E 820 1 2 25
E 820 2 1 17
E 820 6 -1 -15
T 821 13 0 3 0
E 821 1 1 16
E 821 5 -1 -16
E 821 6 -2 -24
T 822 13 0 2 0
E 822 5 -3 -18
E 822 6 -4 -26
T 823 10 0 4 0
E 823 0 1 13
E 823 1 2 18
E 823 2 1 15
E 823 6 -1 -17
T 824 8 1 3 0
E 824 1 1 13
E 824 2 1 13
E 824 6 -2 -19
T 825 7 0 4 0
E 825 0 1 13
E 825 1 2 18
E 825 2 2 21
E 825 3 1 13
T 826 7 1 2 0
E 826 2 2 17
E 826 6 -2 -15
T 827 7 0 1 0
E 827 6 -5 -17
T 828 5 0 1 0
E 828 6 -5 -17
T 829 1 0 2 0
E 829 2 2 13
E 829 3 2 13
T 830 1 0 2 0
E 830 2 2 13
E 830 3 2 16
T 831 6 0 1 0
E 831 3 4 13
T 832 6 0 0 0
T 833 7 0 0 0
T 834 9 0 2 0
E 834 0 -2 -13
E 834 6 -2 -14
T 835 7 0 0 0
T 836 8 0 1 0
E 836 4 5 17
T 837 10 0 1 0
E 837 4 5 15
T 838 9 0 0 0
T 839 9 0 2 0
E 839 4 2 15
E 839 5 2 15
T 840 11 0 1 0
E 840 0 -5 -16
T 841 10 0 1 0
E 841 0 -4 -14
T 842 15 0 1 0
E 842 5 4 14
T 843 13 0 2 0
E 843 0 -3 -18
E 843 1 -2 -13
T 844 10 0 1 0
E 844 0 -5 -15
T 845 11 0 1 0
E 845 0 -5 -16
T 846 14 0 2 0
E 846 5 2 16
E 846 6 3 21
T 847 15 0 2 0
E 847 5 2 15
E 847 6 3 20
T 848 16 0 2 0
E 848 5 2 14
E 848 6 3 19
T 849 17 0 2 0
E 849 5 2 13
E 849 6 3 18
T 850 15 0 2 0
E 850 0 -3 -20
E 850 1 -2 -15
T 851 15 0 2 0
E 851 0 -3 -20
E 851 1 -2 -15
T 852 16 1 2 0
E 852 0 -2 -16
E 852 6 2 14
T 853 13 1 2 0
E 853 0 -2 -13
E 853 6 2 17
T 854 16 0 2 0
E 854 5 2 14
E 854 6 3 19
T 855 16 0 2 0
E 855 0 -3 -21
E 855 1 -2 -16
T 856 16 1 2 0
E 856 0 -2 -16
E 856 6 2 14
T 857 13 1 2 0
E 857 0 -2 -13
E 857 6 2 17
T 858 15 0 2 0
E 858 5 2 15
E 858 6 3 20
T 859 17 0 2 0
E 859 5 2 13
E 859 6 3 18
T 860 17 0 2 0
E 860 0 -3 -22
E 860 1 -2 -17
T 861 16 0 2 0
E 861 0 -3 -21
E 861 1 -2 -16
T 862 15 1 2 0
E 862 0 -2 -15
E 862 6 2 15
T 863 14 0 2 0
E 863 0 -3 -19
E 863 1 -2 -14
T 864 14 0 2 0
E 864 5 2 16
E 864 6 3 21
T 865 17 1 2 0
E 865 0 -2 -17
E 865 6 2 13
T 866 17 0 2 0
E 866 0 -3 -18
E 866 6 2 13
T 867 17 0 2 0
E 867 0 -3 -22
E 867 1 -2 -16
T 868 18 0 2 0
E 868 0 -3 -19
E 868 6 2 13
T 869 16 0 3 0
E 869 0 -1 -14
E 869 5 1 14
E 869 6 2 19
T 870 15 0 3 0
E 870 0 -1 -13
E 870 5 1 15
E 870 6 2 20
T 871 17 0 2 0
E 871 0 -3 -22
E 871 1 -2 -14
T 872 18 0 2 0
E 872 0 -3 -19
E 872 6 2 15
T 873 20 0 3 0
E 873 0 -2 -22
E 873 1 -1 -14
E 873 6 1 13
T 874 18 0 2 0
E 874 0 -3 -19
E 874 6 2 17
T 875 18 0 2 0
E 875 0 -4 -24
E 875 1 -2 -16
T 876 19 0 2 0
E 876 0 -4 -25
E 876 1 -2 -17
T 877 22 0 3 0
E 877 0 -2 -24
E 877 1 -1 -16
E 877 6 1 13
T 878 24 0 3 0
E 878 0 -3 -30
E 878 1 -2 -22
E 878 2 -1 -14
T 879 20 0 2 0
E 879 0 -4 -27
E 879 1 -3 -19
T 880 20 0 4 0
E 880 0 -1 -16
E 880 4 1 13
E 880 5 2 18
E 880 6 2 23
T 881 23 0 3 0
E 881 0 -2 -25
E 881 1 -1 -17
E 881 6 1 15
T 882 23 0 3 0
E 882 0 -3 -29
E 882 1 -2 -21
E 882 2 -1 -13
T 883 23 0 3 0
E 883 0 -3 -27
E 883 1 -2 -19
E 883 6 1 14
T 884 21 1 4 0
E 884 0 -2 -21
E 884 1 -1 -13
E 884 5 1 16
E 884 6 2 21
T 885 23 0 3 0
E 885 0 -2 -25
E 885 1 -1 -17
E 885 6 1 17
T 886 22 1 4 0
E 886 0 -2 -22
E 886 1 -1 -14
E 886 5 1 16
E 886 6 2 21
T 887 23 0 3 0
E 887 0 -2 -26
E 887 1 -2 -18
E 887 6 1 17
T 888 25 0 4 0
E 888 0 -2 -26
E 888 1 -2 -18
E 888 5 1 13
E 888 6 2 18
T 889 24 0 3 0
E 889 0 -3 -28
E 889 1 -2 -20
E 889 6 1 17
T 890 23 0 4 0
E 890 0 -2 -22
E 890 1 -1 -14
E 890 5 2 18
E 890 6 2 23
T 891 23 1 4 0
E 891 0 -2 -23
E 891 1 -1 -15
E 891 5 1 17
E 891 6 2 23
T 892 22 0 4 0
E 892 0 -2 -18
E 892 4 1 14
E 892 5 2 22
E 892 6 3 28
T 893 25 0 4 0
E 893 0 -3 -29
E 893 1 -2 -21
E 893 2 -1 -13
E 893 6 2 18
T 894 26 0 4 0
E 894 0 -3 -31
E 894 1 -2 -23
E 894 2 -1 -15
E 894 6 1 17
T 895 25 0 4 0
E 895 0 -3 -27
E 895 1 -2 -19
E 895 5 1 13
E 895 6 2 21
T 896 26 0 4 0
E 896 0 -3 -31
E 896 1 -2 -23
E 896 2 -1 -15
E 896 6 1 17
T 897 28 0 4 0
E 897 0 -3 -33
E 897 1 -2 -25
E 897 2 -1 -17
E 897 6 1 15
T 898 28 0 4 0
E 898 0 -3 -35
E 898 1 -3 -27
E 898 2 -2 -19
E 898 6 1 13
T 899 25 0 4 0
E 899 0 -3 -27
E 899 1 -2 -19
E 899 5 1 13
E 899 6 2 21
T 900 27 0 4 0
E 900 0 -3 -32
E 900 1 -2 -24
E 900 2 -1 -16
E 900 6 1 16
T 901 28 0 4 0
E 901 0 -3 -34
E 901 1 -2 -26
E 901 2 -2 -18
E 901 6 1 14
T 902 26 0 4 0
E 902 0 -3 -31
E 902 1 -2 -23
E 902 2 -1 -15
E 902 6 1 17
T 903 28 0 4 0
E 903 0 -3 -33
E 903 1 -2 -25
E 903 2 -1 -17
E 903 6 1 15
T 904 27 0 3 0
E 904 0 -4 -36
E 904 1 -3 -28
E 904 2 -2 -20
T 905 25 0 3 0
E 905 0 -3 -28
E 905 1 -2 -20
E 905 6 2 20
T 906 25 0 4 0
E 906 0 -3 -29
E 906 1 -2 -21
E 906 2 -1 -13
E 906 6 2 19
T 907 23 0 4 0
E 907 0 -2 -22
E 907 1 -1 -14
E 907 5 2 18
E 907 6 2 26
T 908 23 1 4 0
E 908 0 -2 -23
E 908 1 -1 -15
E 908 5 1 17
E 908 6 2 25
T 909 25 0 4 0
E 909 0 -2 -26
E 909 1 -2 -18
E 909 5 1 14
E 909 6 2 22
T 910 25 0 4 0
E 910 0 -3 -29
E 910 1 -2 -21
E 910 2 -1 -13
E 910 6 2 19
T 911 23 1 4 0
E 911 0 -2 -23
E 911 1 -1 -15
E 911 5 1 17
E 911 6 2 25
T 912 25 0 3 0
E 912 0 -3 -28
E 912 1 -2 -20
E 912 6 2 20
T 913 28 0 4 0
E 913 0 -3 -33
E 913 1 -2 -25
E 913 2 -1 -17
E 913 6 1 15
T 914 28 0 4 0
E 914 0 -3 -34
E 914 1 -2 -26
E 914 2 -2 -18
E 914 6 1 14
T 915 25 0 4 0
E 915 0 -2 -26
E 915 1 -2 -18
E 915 5 1 14
E 915 6 2 22
T 916 25 0 3 0
E 916 0 -3 -28
E 916 1 -2 -20
E 916 6 2 20
T 917 26 0 4 0
E 917 0 -3 -31
E 917 1 -2 -23
E 917 2 -1 -15
E 917 6 1 17
T 918 28 0 4 0
E 918 0 -3 -33
E 918 1 -2 -25
E 918 2 -1 -17
E 918 6 1 15
T 919 28 0 4 0
E 919 0 -3 -34
E 919 1 -2 -26
E 919 2 -2 -18
E 919 6 1 14
T 920 25 0 4 0
E 920 0 -3 -27
E 920 1 -2 -19
E 920 5 1 13
E 920 6 2 21
T 921 25 0 3 0
E 921 0 -3 -28
E 921 1 -2 -20
E 921 6 2 20
T 922 23 0 3 0
E 922 0 -2 -20
E 922 5 2 20
E 922 6 3 28
T 923 26 0 4 0
E 923 0 -3 -30
E 923 1 -2 -22
E 923 2 -1 -14
E 923 6 2 18
T 924 25 1 4 0
E 924 0 -2 -25
E 924 1 -1 -17
E 924 5 1 15
E 924 6 2 23
T 925 25 0 3 0
E 925 0 -3 -28
E 925 1 -2 -20
E 925 6 2 20
T 926 25 1 4 0
E 926 0 -2 -25
E 926 1 -1 -17
E 926 5 1 15
E 926 6 2 23
T 927 27 0 4 0
E 927 0 -3 -32
E 927 1 -2 -24
E 927 2 -1 -16
E 927 6 1 16
T 928 25 0 3 0
E 928 0 -3 -28
E 928 1 -2 -20
E 928 6 2 20
T 929 26 0 4 0
E 929 0 -3 -30
E 929 1 -2 -22
E 929 2 -1 -14
E 929 6 2 18
T 930 23 0 4 0
E 930 0 -2 -22
E 930 1 -1 -14
E 930 5 2 18
E 930 6 2 26
T 931 23 0 4 0
E 931 0 -2 -19
E 931 4 1 13
E 931 5 2 21
E 931 6 3 29
T 932 23 0 4 0
E 932 0 -2 -22
E 932 1 -1 -14
E 932 5 2 18
E 932 6 2 26
T 933 25 0 4 0
E 933 0 -2 -26
E 933 1 -2 -18
E 933 5 1 14
E 933 6 2 22
T 934 27 0 4 0
E 934 0 -3 -32
E 934 1 -2 -24
E 934 2 -1 -16
E 934 6 1 16
T 935 28 0 4 0
E 935 0 -3 -34
E 935 1 -2 -26
E 935 2 -2 -18
E 935 6 1 14
T 936 25 0 4 0
E 936 0 -3 -27
E 936 1 -2 -19
E 936 5 1 13
E 936 6 2 21
T 937 25 0 3 0
E 937 0 -3 -28
E 937 1 -2 -20
E 937 6 2 20
T 938 23 1 4 0
E 938 0 -2 -23
E 938 1 -1 -15
E 938 5 1 17
E 938 6 2 25
T 939 24 1 4 0
E 939 0 -2 -24
E 939 1 -1 -16
E 939 5 1 16
E 939 6 2 24
T 940 25 0 4 0
E 940 0 -3 -29
E 940 1 -2 -21
E 940 2 -1 -13
E 940 6 2 19
T 941 25 0 3 0
E 941 0 -3 -28
E 941 1 -2 -20
E 941 6 2 20
T 942 23 0 4 0
E 942 0 -2 -21
E 942 1 -1 -13
E 942 5 2 19
E 942 6 3 27
T 943 23 0 4 0
E 943 0 -2 -19
E 943 4 1 13
E 943 5 2 21
E 943 6 3 29
T 944 23 0 4 0
E 944 0 -2 -19
E 944 4 1 13
E 944 5 2 21
E 944 6 3 29
T 945 26 0 4 0
E 945 0 -3 -30
E 945 1 -2 -22
E 945 2 -1 -14
E 945 6 2 18
T 946 25 0 3 0
E 946 0 -3 -28
E 946 1 -2 -20
E 946 6 2 20
T 947 23 0 4 0
E 947 0 -2 -22
E 947 1 -1 -14
E 947 5 2 18
E 947 6 2 26
T 948 25 0 4 0
E 948 0 -3 -27
E 948 1 -2 -19
E 948 5 1 13
E 948 6 2 21
T 949 26 0 4 0
E 949 0 -3 -31
E 949 1 -2 -23
E 949 2 -1 -15
E 949 6 1 17
T 950 25 1 4 0
E 950 0 -2 -25
E 950 1 -1 -17
E 950 5 1 15
E 950 6 2 23
T 951 24 1 4 0
E 951 0 -2 -24
E 951 1 -1 -16
E 951 5 1 16
E 951 6 2 24
T 952 24 1 4 0
E 952 0 -2 -24
E 952 1 -1 -16
E 952 5 1 16
E 952 6 2 24
T 953 26 0 4 0
E 953 0 -3 -31
E 953 1 -2 -23
E 953 2 -1 -15
E 953 6 1 17
T 954 23 0 4 0
E 954 0 -2 -22
E 954 1 -1 -14
E 954 5 2 18
E 954 6 2 26
T 955 25 0 4 0
E 955 0 -3 -29
E 955 1 -2 -21
E 955 2 -1 -13
E 955 6 2 19
T 956 26 0 4 0
E 956 0 -3 -30
E 956 1 -2 -22
E 956 2 -1 -14
E 956 6 2 18
T 957 23 1 4 0
E 957 0 -2 -23
E 957 1 -1 -15
E 957 5 1 17
E 957 6 2 25
T 958 25 0 4 0
E 958 0 -3 -29
E 958 1 -2 -21
E 958 2 -1 -13
E 958 6 2 19
T 959 26 0 4 0
E 959 0 -3 -31
E 959 1 -2 -23
E 959 2 -1 -15
E 959 6 1 17
T 960 18 0 4 0
E 960 0 2 21
E 960 1 -2 -19
E 960 5 1 13
E 960 6 2 21
T 961 18 1 4 0
E 961 0 2 18
E 961 1 -2 -25
E 961 2 -1 -17
E 961 6 1 15
T 962 21 1 4 0
E 962 0 2 21
E 962 1 -2 -25
E 962 2 -1 -17
E 962 6 1 15
T 963 22 0 4 0
E 963 0 2 18
E 963 1 -3 -31
E 963 2 -2 -23
E 963 3 -1 -15
T 964 26 0 4 0
E 964 0 2 22
E 964 1 -3 -31
E 964 2 -2 -23
E 964 3 -1 -15
T 965 26 0 4 0
E 965 0 3 31
E 965 1 2 23
E 965 2 -1 -17
E 965 6 1 15
T 966 29 0 4 0
E 966 0 3 33
E 966 1 2 25
E 966 2 -2 -18
E 966 6 1 14
T 967 30 0 4 0
E 967 0 3 35
E 967 1 3 27
E 967 2 -2 -19
E 967 6 1 13
T 968 30 0 4 0
E 968 0 3 32
E 968 1 2 24
E 968 2 -2 -25
E 968 3 -1 -17
T 969 34 1 4 0
E 969 0 3 34
E 969 1 2 26
E 969 2 -3 -27
E 969 3 -2 -19
T 970 31 0 4 0
E 970 0 4 38
E 970 1 3 30
E 970 2 2 22
E 970 3 -2 -18
T 971 30 0 5 0
E 971 0 3 31
E 971 1 2 23
E 971 2 1 15
E 971 3 -3 -28
E 971 4 -2 -20
T 972 29 1 6 0
E 972 0 3 29
E 972 1 2 21
E 972 2 1 13
E 972 3 -3 -33
E 972 4 -2 -25
E 972 5 -1 -17
T 973 32 0 6 0
E 973 0 3 27
E 973 1 2 19
E 973 3 -4 -38
E 973 4 -3 -30
E 973 5 -2 -22
E 973 6 -1 -14
T 974 34 0 6 0
E 974 0 4 37
E 974 1 3 29
E 974 2 2 21
E 974 3 -3 -32
E 974 4 -2 -24
E 974 5 -1 -16
T 975 32 0 6 0
E 975 0 4 37
E 975 1 3 29
E 975 2 2 21
E 975 3 1 13
E 975 4 -3 -27
E 975 5 -2 -19
T 976 33 0 6 0
E 976 0 3 35
E 976 1 3 27
E 976 2 2 19
E 976 4 -3 -32
E 976 5 -2 -24
E 976 6 -1 -16
T 977 34 0 7 0
E 977 0 4 38
E 977 1 3 30
E 977 2 2 22
E 977 3 1 14
E 977 4 -3 -32
E 977 5 -2 -24
E 977 6 -1 -16
T 978 34 0 6 0
E 978 0 3 29
E 978 1 2 21
E 978 2 1 13
E 978 4 -4 -44
E 978 5 -4 -36
E 978 6 -3 -28
T 979 36 0 7 0
E 979 0 4 37
E 979 1 3 29
E 979 2 2 21
E 979 3 1 13
E 979 4 -4 -40
E 979 5 -3 -32
E 979 6 -2 -24
T 980 33 0 6 0
E 980 0 4 37
E 980 1 3 29
E 980 2 2 21
E 980 3 1 13
E 980 5 -3 -35
E 980 6 -3 -27
T 981 36 0 6 0
E 981 0 4 40
E 981 1 3 32
E 981 2 2 24
E 981 3 1 16
E 981 5 -3 -35
E 981 6 -3 -27
T 982 34 0 5 0
E 982 0 3 35
E 982 1 3 27
E 982 2 2 19
E 982 5 -4 -43
E 982 6 -3 -35
T 983 38 0 6 0
E 983 0 4 41
E 983 1 3 33
E 983 2 2 25
E 983 3 1 17
E 983 5 -4 -40
E 983 6 -3 -32
T 984 36 0 6 0
E 984 0 4 37
E 984 1 3 29
E 984 2 2 21
E 984 3 1 13
E 984 5 -5 -48
E 984 6 -4 -40
T 985 35 0 5 0
E 985 0 4 41
E 985 1 3 33
E 985 2 2 25
E 985 3 1 17
E 985 6 -4 -39
T 986 32 0 4 0
E 986 0 3 34
E 986 1 2 26
E 986 2 2 18
E 986 6 -5 -49
T 987 32 0 5 0
E 987 0 4 37
E 987 1 3 29
E 987 2 2 21
E 987 3 1 13
E 987 6 -5 -49
T 988 33 0 5 0
E 988 0 4 38
E 988 1 3 30
E 988 2 2 22
E 988 3 1 14
E 988 6 -5 -51
T 989 33 0 4 0
E 989 0 3 35
E 989 1 3 27
E 989 2 2 19
E 989 6 -6 -58
T 990 26 0 4 0
E 990 0 3 30
E 990 1 2 22
E 990 2 1 14
E 990 6 -2 -18
T 991 23 0 4 0
E 991 0 2 21
E 991 1 1 13
E 991 5 -2 -19
E 991 6 -3 -27
T 992 23 0 3 0
E 992 0 2 20
E 992 5 -2 -20
E 992 6 -3 -28
T 993 25 0 3 0
E 993 0 3 28
E 993 1 2 20
E 993 6 -2 -20
T 994 25 0 4 0
E 994 0 3 27
E 994 1 2 19
E 994 5 -1 -13
E 994 6 -2 -21
T 995 25 0 4 0
E 995 0 2 26
E 995 1 2 18
E 995 5 -1 -14
E 995 6 -2 -22
T 996 25 0 4 0
E 996 0 2 26
E 996 1 2 18
E 996 5 -1 -14
E 996 6 -2 -22
T 997 26 0 4 0
E 997 0 3 31
E 997 1 2 23
E 997 2 1 15
E 997 6 -1 -17
T 998 27 0 4 0
E 998 0 3 32
E 998 1 2 24
E 998 2 1 16
E 998 6 -1 -16
T 999 28 0 4 0
E 999 0 3 33
E 999 1 2 25
E 999 2 1 17
E 999 6 -1 -15
T 1000 26 0 4 0
E 1000 0 3 30
E 1000 1 2 22
E 1000 2 1 14
E 1000 6 -2 -18
T 1001 24 1 4 0
E 1001 0 2 24
E 1001 1 1 16
E 1001 5 -1 -16
E 1001 6 -2 -24
T 1002 25 0 4 0
E 1002 0 2 26
E 1002 1 2 18
E 1002 5 -1 -14
E 1002 6 -2 -22
T 1003 24 1 4 0
E 1003 0 2 24
E 1003 1 1 16
E 1003 5 -1 -16
E 1003 6 -2 -24
T 1004 26 0 4 0
E 1004 0 3 30
E 1004 1 2 22
E 1004 2 1 14
E 1004 6 -2 -18
T 1005 23 0 4 0
E 1005 0 2 22
E 1005 1 1 14
E 1005 5 -2 -18
E 1005 6 -2 -26
T 1006 23 1 4 0
E 1006 0 2 23
E 1006 1 1 15
E 1006 5 -1 -17
E 1006 6 -2 -25
T 1007 25 0 4 0
E 1007 0 2 26
E 1007 1 2 18
E 1007 5 -1 -14
E 1007 6 -2 -22
T 1008 24 1 4 0
E 1008 0 2 24
E 1008 1 1 16
E 1008 5 -1 -16
E 1008 6 -2 -24
T 1009 25 0 4 0
E 1009 0 3 27
E 1009 1 2 19
E 1009 5 -1 -13
E 1009 6 -2 -21
T 1010 27 0 4 0
E 1010 0 3 32
E 1010 1 2 24
E 1010 2 1 16
E 1010 6 -1 -16
T 1011 24 1 4 0
E 1011 0 2 24
E 1011 1 1 16
E 1011 5 -1 -16
E 1011 6 -2 -24
T 1012 26 0 4 0
E 1012 0 3 31
E 1012 1 2 23
E 1012 2 1 15
E 1012 6 -1 -17
T 1013 27 0 4 0
E 1013 0 3 32
E 1013 1 2 24
E 1013 2 1 16
E 1013 6 -1 -16
T 1014 28 0 4 0
E 1014 0 3 34
E 1014 1 2 26
E 1014 2 2 18
E 1014 6 -1 -14
T 1015 28 0 4 0
E 1015 0 3 35
E 1015 1 3 27
E 1015 2 2 19
E 1015 6 -1 -13
T 1016 25 0 3 0
E 1016 0 3 28
E 1016 1 2 20
E 1016 6 -2 -20
T 1017 23 0 4 0
E 1017 0 2 21
E 1017 1 1 13
E 1017 5 -2 -19
E 1017 6 -3 -27
T 1018 23 0 4 0
E 1018 0 2 21
E 1018 1 1 13
E 1018 5 -2 -19
E 1018 6 -3 -27
T 1019 25 0 3 0
E 1019 0 3 28
E 1019 1 2 20
E 1019 6 -2 -20
T 1020 25 0 4 0
E 1020 0 2 26
E 1020 1 2 18
E 1020 5 -1 -14
E 1020 6 -2 -22
T 1021 23 0 4 0
E 1021 0 2 22
E 1021 1 1 14
E 1021 5 -2 -18
E 1021 6 -2 -26
T 1022 24 1 4 0
E 1022 0 2 24
E 1022 1 1 16
E 1022 5 -1 -16
E 1022 6 -2 -24
T 1023 25 0 3 0
E 1023 0 3 28
E 1023 1 2 20
E 1023 6 -2 -20
T 1024 25 0 4 0
E 1024 0 2 26
E 1024 1 2 18
E 1024 5 -1 -14
E 1024 6 -2 -22
T 1025 24 1 4 0
E 1025 0 2 24
E 1025 1 1 16
E 1025 5 -1 -16
E 1025 6 -2 -24
T 1026 25 1 4 0
E 1026 0 2 25
E 1026 1 1 17
E 1026 5 -1 -15
E 1026 6 -2 -23
T 1027 26 0 4 0
E 1027 0 3 31
E 1027 1 2 23
E 1027 2 1 15
E 1027 6 -1 -17
T 1028 25 1 4 0
E 1028 0 2 25
E 1028 1 1 17
E 1028 5 -1 -15
E 1028 6 -2 -23
T 1029 24 1 4 0
E 1029 0 2 24
E 1029 1 1 16
E 1029 5 -1 -16
E 1029 6 -2 -24
T 1030 23 0 3 0
E 1030 0 2 20
E 1030 5 -2 -20
E 1030 6 -3 -28
T 1031 26 0 4 0
E 1031 0 3 30
E 1031 1 2 22
E 1031 2 1 14
E 1031 6 -2 -18
T 1032 25 0 3 0
E 1032 0 3 28
E 1032 1 2 20
E 1032 6 -2 -20
T 1033 25 0 4 0
E 1033 0 3 27
E 1033 1 2 19
E 1033 5 -1 -13
E 1033 6 -2 -21
T 1034 27 0 4 0
E 1034 0 3 32
E 1034 1 2 24
E 1034 2 1 16
E 1034 6 -1 -16
T 1035 28 0 4 0
E 1035 0 3 34
E 1035 1 2 26
E 1035 2 2 18
E 1035 6 -1 -14
T 1036 27 0 4 0
E 1036 0 3 32
E 1036 1 2 24
E 1036 2 1 16
E 1036 6 -1 -16
T 1037 25 0 3 0
E 1037 0 3 28
E 1037 1 2 20
E 1037 6 -2 -20
T 1038 27 0 4 0
E 1038 0 3 32
E 1038 1 2 24
E 1038 2 1 16
E 1038 6 -1 -16
T 1039 25 1 4 0
E 1039 0 2 25
E 1039 1 1 17
E 1039 5 -1 -15
E 1039 6 -2 -23
T 1040 23 0 4 0
E 1040 0 2 21
E 1040 1 1 13
E 1040 5 -2 -19
E 1040 6 -3 -27
T 1041 25 0 3 0
E 1041 0 3 28
E 1041 1 2 20
E 1041 6 -2 -20
T 1042 23 0 4 0
E 1042 0 2 21
E 1042 1 1 13
E 1042 5 -2 -19
E 1042 6 -3 -27
T 1043 24 1 4 0
E 1043 0 2 24
E 1043 1 1 16
E 1043 5 -1 -16
E 1043 6 -2 -24
T 1044 25 0 3 0
E 1044 0 3 28
E 1044 1 2 20
E 1044 6 -2 -20
T 1045 27 0 4 0
E 1045 0 3 32
E 1045 1 2 24
E 1045 2 1 16
E 1045 6 -1 -16
T 1046 26 0 4 0
E 1046 0 3 31
E 1046 1 2 23
E 1046 2 1 15
E 1046 6 -1 -17
T 1047 25 0 4 0
E 1047 0 3 29
E 1047 1 2 21
E 1047 2 1 13
E 1047 6 -2 -19
T 1048 26 0 4 0
E 1048 0 3 31
E 1048 1 2 23
E 1048 2 1 15
E 1048 6 -1 -17
T 1049 24 1 4 0
E 1049 0 2 24
E 1049 1 1 16
E 1049 5 -1 -16
E 1049 6 -2 -24
T 1050 27 0 4 0
E 1050 0 3 32
E 1050 1 2 24
E 1050 2 1 16
E 1050 6 -1 -16
T 1051 25 0 4 0
E 1051 0 3 27
E 1051 1 2 19
E 1051 5 -1 -13
E 1051 6 -2 -21
T 1052 25 0 3 0
E 1052 0 3 28
E 1052 1 2 20
E 1052 6 -2 -20
T 1053 23 0 4 0
E 1053 0 2 22
E 1053 1 1 14
E 1053 5 -2 -18
E 1053 6 -2 -26
T 1054 25 0 3 0
E 1054 0 3 28
E 1054 1 2 20
E 1054 6 -2 -20
T 1055 23 1 4 0
E 1055 0 2 23
E 1055 1 1 15
E 1055 5 -1 -17
E 1055 6 -2 -25
T 1056 25 0 4 0
E 1056 0 2 26
E 1056 1 2 18
E 1056 5 -1 -14
E 1056 6 -2 -22
T 1057 24 0 4 0
E 1057 0 3 29
E 1057 1 2 24
E 1057 2 1 16
E 1057 6 -1 -16
T 1058 19 1 4 0
E 1058 0 2 19
E 1058 1 1 16
E 1058 5 -1 -16
E 1058 6 -2 -24
T 1059 19 0 4 0
E 1059 0 2 23
E 1059 1 2 23
E 1059 2 1 15
E 1059 6 -1 -17
T 1060 16 1 4 0
E 1060 0 1 16
E 1060 1 2 19
E 1060 5 -1 -13
E 1060 6 -2 -21
T 1061 12 0 3 0
E 1061 1 1 14
E 1061 5 -2 -18
E 1061 6 -2 -26
T 1062 10 0 3 0
E 1062 1 1 13
E 1062 5 -1 -16
E 1062 6 -2 -24
T 1063 11 0 2 0
E 1063 5 -2 -17
E 1063 6 -4 -25
T 1064 9 0 2 0
E 1064 5 -2 -15
E 1064 6 -3 -23
T 1065 7 0 3 0
E 1065 1 1 13
E 1065 2 1 16
E 1065 6 -1 -16
T 1066 5 1 2 0
E 1066 2 2 15
E 1066 6 -2 -17
T 1067 3 1 2 0
E 1067 2 2 13
E 1067 6 -2 -16
T 1068 4 0 1 0
E 1068 6 -6 -19
T 1069 2 0 0 0
T 1070 0 0 2 0
E 1070 2 2 15
E 1070 3 3 18
T 1071 3 0 1 0
E 1071 3 5 17
T 1072 5 0 1 0
E 1072 3 4 14
T 1073 8 0 0 0
T 1074 4 0 0 0
T 1075 9 0 0 0
T 1076 10 0 1 0
E 1076 4 5 15
T 1077 9 0 1 0
E 1077 0 -4 -13
T 1078 10 0 1 0
E 1078 4 5 15
T 1079 8 0 0 0
T 1080 12 0 0 0
T 1081 11 0 1 0
E 1081 0 -5 -16
T 1082 14 0 1 0
E 1082 5 5 16
T 1083 10 0 1 0
E 1083 0 -4 -14
T 1084 10 0 1 0
E 1084 0 -4 -14
T 1085 12 0 1 0
E 1085 0 -5 -17
T 1086 17 1 2 0
E 1086 0 -2 -17
E 1086 6 2 13
T 1087 17 0 2 0
E 1087 5 2 13
E 1087 6 3 18
T 1088 15 0 2 0
E 1088 0 -3 -20
E 1088 1 -2 -15
T 1089 16 0 2 0
E 1089 0 -3 -21
E 1089 1 -2 -16
T 1090 15 0 2 0
E 1090 0 -3 -20
E 1090 1 -2 -15
T 1091 16 1 2 0
E 1091 0 -2 -16
E 1091 6 2 14
T 1092 13 1 2 0
E 1092 0 -2 -13
E 1092 6 2 17
T 1093 15 0 2 0
E 1093 5 2 15
E 1093 6 3 20
T 1094 17 0 2 0
E 1094 0 -3 -22
E 1094 1 -2 -17
T 1095 16 1 2 0
E 1095 0 -2 -16
E 1095 6 2 14
T 1096 14 1 2 0
E 1096 0 -2 -14
E 1096 6 2 16
T 1097 15 0 2 0
E 1097 5 2 15
E 1097 6 3 20
T 1098 15 0 2 0
E 1098 5 2 15
E 1098 6 3 20
T 1099 13 0 2 0
E 1099 0 -3 -18
E 1099 1 -2 -13
T 1100 14 0 2 0
E 1100 5 2 16
E 1100 6 3 21
T 1101 14 0 2 0
E 1101 0 -3 -19
E 1101 1 -2 -14
T 1102 14 1 2 0
E 1102 0 -2 -14
E 1102 6 2 16
T 1103 15 0 2 0
E 1103 0 -3 -20
E 1103 1 -2 -15
T 1104 13 0 2 0
E 1104 0 -3 -18
E 1104 1 -2 -13
T 1105 15 0 2 0
E 1105 0 -3 -20
E 1105 1 -2 -15
T 1106 16 1 2 0
E 1106 0 -2 -16
E 1106 6 2 15
T 1107 15 0 3 0
E 1107 0 -1 -13
E 1107 5 1 13
E 1107 6 2 18
T 1108 16 0 3 0
E 1108 0 -1 -14
E 1108 5 1 13
E 1108 6 2 18
T 1109 16 1 2 0
E 1109 0 -2 -16
E 1109 6 2 17
T 1110 16 1 2 0
E 1110 0 -2 -16
E 1110 6 2 17
T 1111 16 0 3 0
E 1111 0 -1 -14
E 1111 5 1 15
E 1111 6 2 20
T 1112 17 0 2 0
E 1112 0 -3 -22
E 1112 1 -2 -14
T 1113 19 0 2 0
E 1113 0 -4 -25
E 1113 1 -2 -17
T 1114 18 0 2 0
E 1114 0 -3 -19
E 1114 6 2 17
T 1115 19 0 2 0
E 1115 0 -4 -25
E 1115 1 -2 -17
T 1116 17 0 3 0
E 1116 0 -1 -15
E 1116 5 1 17
E 1116 6 2 22
T 1117 18 0 3 0
E 1117 0 -1 -16
E 1117 5 1 16
E 1117 6 2 21
T 1118 19 0 3 0
E 1118 0 -2 -21
E 1118 1 -1 -13
E 1118 6 1 17
T 1119 21 1 4 0
E 1119 0 -2 -21
E 1119 1 -1 -13
E 1119 5 1 13
E 1119 6 2 18
T 1120 21 0 3 0
E 1120 0 -2 -20
E 1120 5 1 14
E 1120 6 2 19
T 1121 21 1 4 0
E 1121 0 -2 -21
E 1121 1 -1 -13
E 1121 5 1 14
E 1121 6 2 19
T 1122 22 0 3 0
E 1122 0 -2 -24
E 1122 1 -1 -16
E 1122 6 1 16
T 1123 21 1 4 0
E 1123 0 -2 -21
E 1123 1 -1 -13
E 1123 5 1 15
E 1123 6 2 20
T 1124 24 1 4 0
E 1124 0 -2 -24
E 1124 1 -1 -16
E 1124 5 1 13
E 1124 6 2 18
T 1125 24 0 3 0
E 1125 0 -3 -30
E 1125 1 -2 -22
E 1125 2 -1 -14
T 1126 24 0 3 0
E 1126 0 -3 -28
E 1126 1 -2 -20
E 1126 6 1 15
T 1127 23 0 3 0
E 1127 0 -2 -26
E 1127 1 -2 -18
E 1127 6 1 17
T 1128 24 0 3 0
E 1128 0 -3 -28
E 1128 1 -2 -20
E 1128 6 1 16
T 1129 22 0 3 0
E 1129 0 -2 -20
E 1129 5 2 20
E 1129 6 2 25
T 1130 24 0 3 0
E 1130 0 -3 -28
E 1130 1 -2 -20
E 1130 6 1 17
T 1131 22 0 4 0
E 1131 0 -2 -21
E 1131 1 -1 -13
E 1131 5 2 19
E 1131 6 2 25
T 1132 23 1 4 0
E 1132 0 -2 -23
E 1132 1 -1 -15
E 1132 5 1 17
E 1132 6 2 23
T 1133 26 0 4 0
E 1133 0 -3 -31
E 1133 1 -2 -23
E 1133 2 -1 -15
E 1133 6 1 16
T 1134 25 0 4 0
E 1134 0 -3 -29
E 1134 1 -2 -21
E 1134 2 -1 -13
E 1134 6 2 19
T 1135 25 0 4 0
E 1135 0 -2 -26
E 1135 1 -2 -18
E 1135 5 1 14
E 1135 6 2 22
T 1136 26 0 4 0
E 1136 0 -3 -30
E 1136 1 -2 -22
E 1136 2 -1 -14
E 1136 6 2 18
T 1137 25 0 4 0
E 1137 0 -2 -26
E 1137 1 -2 -18
E 1137 5 1 14
E 1137 6 2 22
T 1138 25 0 4 0
E 1138 0 -3 -27
E 1138 1 -2 -19
E 1138 5 1 13
E 1138 6 2 21
T 1139 25 0 3 0
E 1139 0 -3 -28
E 1139 1 -2 -20
E 1139 6 2 20
T 1140 23 1 4 0
E 1140 0 -2 -23
E 1140 1 -1 -15
E 1140 5 1 17
E 1140 6 2 25
T 1141 23 0 4 0
E 1141 0 -2 -21
E 1141 1 -1 -13
E 1141 5 2 19
E 1141 6 3 27
T 1142 26 0 4 0
E 1142 0 -3 -30
E 1142 1 -2 -22
E 1142 2 -1 -14
E 1142 6 2 18
T 1143 27 0 4 0
E 1143 0 -3 -32
E 1143 1 -2 -24
E 1143 2 -1 -16
E 1143 6 1 16
T 1144 25 1 4 0
E 1144 0 -2 -25
E 1144 1 -1 -17
E 1144 5 1 15
E 1144 6 2 23
T 1145 25 0 4 0
E 1145 0 -2 -26
E 1145 1 -2 -18
E 1145 5 1 14
E 1145 6 2 22
T 1146 28 0 4 0
E 1146 0 -3 -33
E 1146 1 -2 -25
E 1146 2 -1 -17
E 1146 6 1 15
T 1147 23 1 4 0
E 1147 0 -2 -23
E 1147 1 -1 -15
E 1147 5 1 17
E 1147 6 2 25
T 1148 23 0 4 0
E 1148 0 -2 -19
E 1148 4 1 13
E 1148 5 2 21
E 1148 6 3 29
T 1149 26 0 4 0
E 1149 0 -3 -31
E 1149 1 -2 -23
E 1149 2 -1 -15
E 1149 6 1 17
T 1150 28 0 4 0
E 1150 0 -3 -33
E 1150 1 -2 -25
E 1150 2 -1 -17
E 1150 6 1 15
T 1151 27 0 3 0
E 1151 0 -4 -36
E 1151 1 -3 -28
E 1151 2 -2 -20
T 1152 28 0 4 0
E 1152 0 -3 -34
E 1152 1 -2 -26
E 1152 2 -2 -18
E 1152 6 1 14
T 1153 25 0 4 0
E 1153 0 -3 -29
E 1153 1 -2 -21
E 1153 2 -1 -13
E 1153 6 2 19
T 1154 25 0 3 0
E 1154 0 -3 -28
E 1154 1 -2 -20
E 1154 6 2 20
T 1155 23 0 3 0
E 1155 0 -2 -20
E 1155 5 2 20
E 1155 6 3 28
T 1156 25 0 4 0
E 1156 0 -2 -26
E 1156 1 -2 -18
E 1156 5 1 14
E 1156 6 2 22
T 1157 23 0 3 0
E 1157 0 -2 -20
E 1157 5 2 20
E 1157 6 3 28
T 1158 23 1 4 0
E 1158 0 -2 -23
E 1158 1 -1 -15
E 1158 5 1 17
E 1158 6 2 25
T 1159 25 0 4 0
E 1159 0 -3 -27
E 1159 1 -2 -19
E 1159 5 1 13
E 1159 6 2 21
T 1160 23 0 4 0
E 1160 0 -2 -22
E 1160 1 -1 -14
E 1160 5 2 18
E 1160 6 2 26
T 1161 25 0 4 0
E 1161 0 -3 -27
E 1161 1 -2 -19
E 1161 5 1 13
E 1161 6 2 21
T 1162 27 0 4 0
E 1162 0 -3 -32
E 1162 1 -2 -24
E 1162 2 -1 -16
E 1162 6 1 16
T 1163 25 0 4 0
E 1163 0 -3 -27
E 1163 1 -2 -19
E 1163 5 1 13
E 1163 6 2 21
T 1164 23 1 4 0
E 1164 0 -2 -23
E 1164 1 -1 -15
E 1164 5 1 17
E 1164 6 2 25
T 1165 25 0 3 0
E 1165 0 -3 -28
E 1165 1 -2 -20
E 1165 6 2 20
T 1166 26 0 4 0
E 1166 0 -3 -30
E 1166 1 -2 -22
E 1166 2 -1 -14
E 1166 6 2 18
T 1167 25 0 4 0
E 1167 0 -3 -29
E 1167 1 -2 -21
E 1167 2 -1 -13
E 1167 6 2 19
T 1168 25 0 4 0
E 1168 0 -3 -29
E 1168 1 -2 -21
E 1168 2 -1 -13
E 1168 6 2 19
T 1169 26 0 4 0
E 1169 0 -3 -30
E 1169 1 -2 -22
E 1169 2 -1 -14
E 1169 6 2 18
T 1170 23 0 4 0
E 1170 0 -2 -21
E 1170 1 -1 -13
E 1170 5 2 19
E 1170 6 3 27
T 1171 25 0 4 0
E 1171 0 -2 -26
E 1171 1 -2 -18
E 1171 5 1 14
E 1171 6 2 22
T 1172 23 0 3 0
E 1172 0 -2 -20
E 1172 5 2 20
E 1172 6 3 28
T 1173 23 0 4 0
E 1173 0 -2 -21
E 1173 1 -1 -13
E 1173 5 2 19
E 1173 6 3 27
T 1174 23 1 4 0
E 1174 0 -2 -23
E 1174 1 -1 -15
E 1174 5 1 17
E 1174 6 2 25
T 1175 23 0 4 0
E 1175 0 -2 -19
E 1175 4 1 13
E 1175 5 2 21
E 1175 6 3 29
T 1176 26 0 4 0
E 1176 0 -3 -30
E 1176 1 -2 -22
E 1176 2 -1 -14
E 1176 6 2 18
T 1177 23 0 4 0
E 1177 0 -2 -22
E 1177 1 -1 -14
E 1177 5 2 18
E 1177 6 2 26
T 1178 25 0 4 0
E 1178 0 -2 -26
E 1178 1 -2 -18
E 1178 5 1 14
E 1178 6 2 22
T 1179 26 0 4 0
E 1179 0 -3 -31
E 1179 1 -2 -23
E 1179 2 -1 -15
E 1179 6 1 17
T 1180 23 0 4 0
E 1180 0 -2 -21
E 1180 1 -1 -13
E 1180 5 2 19
E 1180 6 3 27
T 1181 26 0 4 0
E 1181 0 -3 -31
E 1181 1 -2 -23
E 1181 2 -1 -15
E 1181 6 1 17
T 1182 25 0 4 0
E 1182 0 -3 -27
E 1182 1 -2 -19
E 1182 5 1 13
E 1182 6 2 21
T 1183 23 0 4 0
E 1183 0 -2 -22
E 1183 1 -1 -14
E 1183 5 2 18
E 1183 6 2 26
T 1184 26 0 4 0
E 1184 0 -3 -31
E 1184 1 -2 -23
E 1184 2 -1 -15
E 1184 6 1 17
T 1185 26 0 4 0
E 1185 0 -3 -31
E 1185 1 -2 -23
E 1185 2 -1 -15
E 1185 6 1 17
T 1186 25 0 4 0
E 1186 0 -3 -27
E 1186 1 -2 -19
E 1186 5 1 13
E 1186 6 2 21
T 1187 25 0 4 0
E 1187 0 -3 -29
E 1187 1 -2 -21
E 1187 2 -1 -13
E 1187 6 2 19
T 1188 24 1 4 0
E 1188 0 -2 -24
E 1188 1 -1 -16
E 1188 5 1 16
E 1188 6 2 24
T 1189 24 1 4 0
E 1189 0 -2 -24
E 1189 1 -1 -16
E 1189 5 1 16
E 1189 6 2 24
T 1190 25 0 3 0
E 1190 0 -3 -28
E 1190 1 -2 -20
E 1190 6 2 20
T 1191 25 0 4 0
E 1191 0 -2 -26
E 1191 1 -2 -18
E 1191 5 1 14
E 1191 6 2 22
T 1192 23 0 4 0
E 1192 0 -2 -22
E 1192 1 -1 -14
E 1192 5 2 18
E 1192 6 2 26
T 1193 25 0 4 0
E 1193 0 -3 -29
E 1193 1 -2 -21
E 1193 2 -1 -13
E 1193 6 2 19
T 1194 25 0 4 0
E 1194 0 -3 -27
E 1194 1 -2 -19
E 1194 5 1 13
E 1194 6 2 21
T 1195 25 0 4 0
E 1195 0 -3 -27
E 1195 1 -2 -19
E 1195 5 1 13
E 1195 6 2 21
T 1196 26 0 4 0
E 1196 0 -3 -30
E 1196 1 -2 -22
E 1196 2 -1 -14
E 1196 6 2 18
T 1197 25 0 4 0
E 1197 0 -2 -26
E 1197 1 -2 -18
E 1197 5 1 14
E 1197 6 2 22
T 1198 25 0 3 0
E 1198 0 -3 -28
E 1198 1 -2 -20
E 1198 6 2 20
T 1199 25 0 4 0
E 1199 0 -3 -29
E 1199 1 -2 -21
E 1199 2 -1 -13
E 1199 6 2 19
T 1200 18 0 3 0
E 1200 0 2 20
E 1200 1 -2 -20
E 1200 6 2 20
T 1201 20 1 4 0
E 1201 0 2 20
E 1201 1 -2 -23
E 1201 2 -1 -15
E 1201 6 1 17
T 1202 22 1 4 0
E 1202 0 2 22
E 1202 1 -2 -24
E 1202 2 -1 -16
E 1202 6 1 16
T 1203 24 1 4 0
E 1203 0 2 24
E 1203 1 -2 -25
E 1203 2 -1 -17
E 1203 6 1 15
T 1204 29 0 4 0
E 1204 0 3 31
E 1204 1 -2 -22
E 1204 2 -1 -14
E 1204 6 2 18
T 1205 25 0 3 0
E 1205 0 3 28
E 1205 1 2 20
E 1205 2 -2 -20
T 1206 26 0 4 0
E 1206 0 3 28
E 1206 1 2 20
E 1206 2 -2 -23
E 1206 3 -1 -15
T 1207 26 0 5 0
E 1207 0 2 23
E 1207 1 1 15
E 1207 2 -3 -31
E 1207 3 -2 -23
E 1207 4 -1 -15
T 1208 29 1 4 0
E 1208 0 3 29
E 1208 1 2 21
E 1208 2 -3 -28
E 1208 3 -2 -20
T 1209 33 1 4 0
E 1209 0 3 33
E 1209 1 2 25
E 1209 2 -3 -28
E 1209 3 -2 -20
T 1210 29 0 5 0
E 1210 0 3 32
E 1210 1 2 24
E 1210 2 1 16
E 1210 3 -2 -24
E 1210 4 -1 -16
T 1211 28 0 5 0
E 1211 0 3 27
E 1211 1 2 19
E 1211 3 -3 -32
E 1211 4 -2 -24
E 1211 5 -1 -16
T 1212 30 0 5 0
E 1212 0 3 28
E 1212 1 2 20
E 1212 3 -3 -34
E 1212 4 -2 -26
E 1212 5 -2 -18
T 1213 33 0 5 0
E 1213 0 4 37
E 1213 1 3 29
E 1213 2 2 21
E 1213 3 -3 -28
E 1213 4 -2 -20
T 1214 33 0 6 0
E 1214 0 4 36
E 1214 1 3 28
E 1214 2 2 20
E 1214 3 -3 -33
E 1214 4 -2 -25
E 1214 5 -1 -17
T 1215 34 0 6 0
E 1215 0 4 41
E 1215 1 3 33
E 1215 2 2 25
E 1215 3 1 17
E 1215 4 -2 -23
E 1215 5 -1 -15
T 1216 34 0 6 0
E 1216 0 3 31
E 1216 1 2 23
E 1216 2 1 15
E 1216 4 -4 -36
E 1216 5 -3 -28
E 1216 6 -2 -20
T 1217 35 0 6 0
E 1217 0 3 32
E 1217 1 2 24
E 1217 2 1 16
E 1217 4 -4 -38
E 1217 5 -3 -30
E 1217 6 -2 -22
T 1218 36 0 6 0
E 1218 0 3 34
E 1218 1 2 26
E 1218 2 2 18
E 1218 4 -4 -39
E 1218 5 -3 -31
E 1218 6 -2 -23
T 1219 36 0 6 0
E 1219 0 3 35
E 1219 1 3 27
E 1219 2 2 19
E 1219 4 -4 -42
E 1219 5 -3 -34
E 1219 6 -2 -26
T 1220 36 0 6 0
E 1220 0 4 42
E 1220 1 3 34
E 1220 2 2 26
E 1220 3 2 18
E 1220 5 -3 -30
E 1220 6 -2 -22
T 1221 36 0 6 0
E 1221 0 4 41
E 1221 1 3 33
E 1221 2 2 25
E 1221 3 1 17
E 1221 5 -3 -34
E 1221 6 -2 -26
T 1222 35 0 6 0
E 1222 0 4 38
E 1222 1 3 30
E 1222 2 2 22
E 1222 3 1 14
E 1222 5 -4 -40
E 1222 6 -3 -32
T 1223 37 0 6 0
E 1223 0 4 40
E 1223 1 3 32
E 1223 2 2 24
E 1223 3 1 16
E 1223 5 -4 -41
E 1223 6 -3 -33
T 1224 39 0 6 0
E 1224 0 4 41
E 1224 1 3 33
E 1224 2 2 25
E 1224 3 1 17
E 1224 5 -4 -44
E 1224 6 -4 -36
T 1225 35 0 5 0
E 1225 0 4 42
E 1225 1 3 34
E 1225 2 2 26
E 1225 3 2 18
E 1225 6 -4 -38
T 1226 32 0 4 0
E 1226 0 4 36
E 1226 1 3 28
E 1226 2 2 20
E 1226 6 -5 -47
T 1227 35 0 5 0
E 1227 0 4 40
E 1227 1 3 32
E 1227 2 2 24
E 1227 3 1 16
E 1227 6 -5 -46
T 1228 32 1 4 0
E 1228 0 3 32
E 1228 1 2 24
E 1228 2 1 16
E 1228 6 -6 -57
T 1229 33 0 4 0
E 1229 0 3 35
E 1229 1 3 27
E 1229 2 2 19
E 1229 6 -6 -58
T 1230 29 0 4 0
E 1230 0 4 39
E 1230 1 3 31
E 1230 2 2 23
E 1230 3 1 15
T 1231 27 0 4 0
E 1231 0 3 32
E 1231 1 2 24
E 1231 2 1 16
E 1231 6 -1 -16
T 1232 23 1 4 0
E 1232 0 2 23
E 1232 1 1 15
E 1232 5 -1 -17
E 1232 6 -2 -25
T 1233 23 1 4 0
E 1233 0 2 23
E 1233 1 1 15
E 1233 5 -1 -17
E 1233 6 -2 -25
T 1234 24 1 4 0
E 1234 0 2 24
E 1234 1 1 16
E 1234 5 -1 -16
E 1234 6 -2 -24
T 1235 25 0 4 0
E 1235 0 2 26
E 1235 1 2 18
E 1235 5 -1 -14
E 1235 6 -2 -22
T 1236 27 0 4 0
E 1236 0 3 32
E 1236 1 2 24
E 1236 2 1 16
E 1236 6 -1 -16
T 1237 28 0 4 0
E 1237 0 3 33
E 1237 1 2 25
E 1237 2 1 17
E 1237 6 -1 -15
T 1238 27 0 4 0
E 1238 0 3 32
E 1238 1 2 24
E 1238 2 1 16
E 1238 6 -1 -16
T 1239 25 0 4 0
E 1239 0 2 26
E 1239 1 2 18
E 1239 5 -1 -14
E 1239 6 -2 -22
T 1240 28 0 4 0
E 1240 0 3 33
E 1240 1 2 25
E 1240 2 1 17
E 1240 6 -1 -15
T 1241 28 0 4 0
E 1241 0 3 35
E 1241 1 3 27
E 1241 2 2 19
E 1241 6 -1 -13
T 1242 25 1 4 0
E 1242 0 2 25
E 1242 1 1 17
E 1242 5 -1 -15
E 1242 6 -2 -23
T 1243 25 0 4 0
E 1243 0 3 27
E 1243 1 2 19
E 1243 5 -1 -13
E 1243 6 -2 -21
T 1244 27 0 4 0
E 1244 0 3 32
E 1244 1 2 24
E 1244 2 1 16
E 1244 6 -1 -16
T 1245 25 0 3 0
E 1245 0 3 28
E 1245 1 2 20
E 1245 6 -2 -20
T 1246 25 0 4 0
E 1246 0 3 29
E 1246 1 2 21
E 1246 2 1 13
E 1246 6 -2 -19
T 1247 25 0 4 0
E 1247 0 3 29
E 1247 1 2 21
E 1247 2 1 13
E 1247 6 -2 -19
T 1248 26 0 4 0
E 1248 0 3 30
E 1248 1 2 22
E 1248 2 1 14
E 1248 6 -2 -18
T 1249 25 0 4 0
E 1249 0 2 26
E 1249 1 2 18
E 1249 5 -1 -14
E 1249 6 -2 -22
T 1250 24 1 4 0
E 1250 0 2 24
E 1250 1 1 16
E 1250 5 -1 -16
E 1250 6 -2 -24
T 1251 25 0 3 0
E 1251 0 3 28
E 1251 1 2 20
E 1251 6 -2 -20
T 1252 25 0 4 0
E 1252 0 3 29
E 1252 1 2 21
E 1252 2 1 13
E 1252 6 -2 -19
T 1253 25 0 3 0
E 1253 0 3 28
E 1253 1 2 20
E 1253 6 -2 -20
T 1254 28 0 4 0
E 1254 0 3 33
E 1254 1 2 25
E 1254 2 1 17
E 1254 6 -1 -15
T 1255 24 1 4 0
E 1255 0 2 24
E 1255 1 1 16
E 1255 5 -1 -16
E 1255 6 -2 -24
T 1256 25 0 3 0
E 1256 0 3 28
E 1256 1 2 20
E 1256 6 -2 -20
T 1257 28 0 4 0
E 1257 0 3 33
E 1257 1 2 25
E 1257 2 1 17
E 1257 6 -1 -15
T 1258 28 0 4 0
E 1258 0 3 35
E 1258 1 3 27
E 1258 2 2 19
E 1258 6 -1 -13
T 1259 25 0 4 0
E 1259 0 3 27
E 1259 1 2 19
E 1259 5 -1 -13
E 1259 6 -2 -21
T 1260 26 0 4 0
E 1260 0 3 31
E 1260 1 2 23
E 1260 2 1 15
E 1260 6 -1 -17
T 1261 23 1 4 0
E 1261 0 2 23
E 1261 1 1 15
E 1261 5 -1 -17
E 1261 6 -2 -25
T 1262 23 0 4 0
E 1262 0 2 19
E 1262 4 -1 -13
E 1262 5 -2 -21
E 1262 6 -3 -29
T 1263 23 0 4 0
E 1263 0 2 22
E 1263 1 1 14
E 1263 5 -2 -18
E 1263 6 -2 -26
T 1264 24 1 4 0
E 1264 0 2 24
E 1264 1 1 16
E 1264 5 -1 -16
E 1264 6 -2 -24
T 1265 25 0 4 0
E 1265 0 3 27
E 1265 1 2 19
E 1265 5 -1 -13
E 1265 6 -2 -21
T 1266 25 1 4 0
E 1266 0 2 25
E 1266 1 1 17
E 1266 5 -1 -15
E 1266 6 -2 -23
T 1267 28 0 4 0
E 1267 0 3 33
E 1267 1 2 25
E 1267 2 1 17
E 1267 6 -1 -15
T 1268 28 0 4 0
E 1268 0 3 34
E 1268 1 2 26
E 1268 2 2 18
E 1268 6 -1 -14
T 1269 28 0 4 0
E 1269 0 3 34
E 1269 1 2 26
E 1269 2 2 18
E 1269 6 -1 -14
T 1270 25 1 4 0
E 1270 0 2 25
E 1270 1 1 17
E 1270 5 -1 -15
E 1270 6 -2 -23
T 1271 23 1 4 0
E 1271 0 2 23
E 1271 1 1 15
E 1271 5 -1 -17
E 1271 6 -2 -25
T 1272 23 0 4 0
E 1272 0 2 19
E 1272 4 -1 -13
E 1272 5 -2 -21
E 1272 6 -3 -29
T 1273 25 0 4 0
E 1273 0 3 29
E 1273 1 2 21
E 1273 2 1 13
E 1273 6 -2 -19
T 1274 24 1 4 0
E 1274 0 2 24
E 1274 1 1 16
E 1274 5 -1 -16
E 1274 6 -2 -24
T 1275 25 0 4 0
E 1275 0 2 26
E 1275 1 2 18
E 1275 5 -1 -14
E 1275 6 -2 -22
T 1276 23 0 3 0
E 1276 0 2 20
E 1276 5 -2 -20
E 1276 6 -3 -28
T 1277 25 1 4 0
E 1277 0 2 25
E 1277 1 1 17
E 1277 5 -1 -15
E 1277 6 -2 -23
T 1278 23 0 3 0
E 1278 0 2 20
E 1278 5 -2 -20
E 1278 6 -3 -28
T 1279 26 0 4 0
E 1279 0 3 30
E 1279 1 2 22
E 1279 2 1 14
E 1279 6 -2 -18
T 1280 23 1 4 0
E 1280 0 2 23
E 1280 1 1 15
E 1280 5 -1 -17
E 1280 6 -2 -25
T 1281 23 0 4 0
E 1281 0 2 21
E 1281 1 1 13
E 1281 5 -2 -19
E 1281 6 -3 -27
T 1282 23 0 4 0
E 1282 0 2 19
E 1282 4 -1 -13
E 1282 5 -2 -21
E 1282 6 -3 -29
T 1283 26 0 4 0
E 1283 0 3 30
E 1283 1 2 22
E 1283 2 1 14
E 1283 6 -2 -18
T 1284 27 0 4 0
E 1284 0 3 32
E 1284 1 2 24
E 1284 2 1 16
E 1284 6 -1 -16
T 1285 24 1 4 0
E 1285 0 2 24
E 1285 1 1 16
E 1285 5 -1 -16
E 1285 6 -2 -24
T 1286 23 0 3 0
E 1286 0 2 20
E 1286 5 -2 -20
E 1286 6 -3 -28
T 1287 23 1 4 0
E 1287 0 2 23
E 1287 1 1 15
E 1287 5 -1 -17
E 1287 6 -2 -25
T 1288 25 0 3 0
E 1288 0 3 28
E 1288 1 2 20
E 1288 6 -2 -20
T 1289 25 1 4 0
E 1289 0 2 25
E 1289 1 1 17
E 1289 5 -1 -15
E 1289 6 -2 -23
T 1290 23 1 4 0
E 1290 0 2 23
E 1290 1 1 15
E 1290 5 -1 -17
E 1290 6 -2 -25
T 1291 25 0 3 0
E 1291 0 3 28
E 1291 1 2 20
E 1291 6 -2 -20
T 1292 25 0 4 0
E 1292 0 3 29
E 1292 1 2 21
E 1292 2 1 13
E 1292 6 -2 -19
T 1293 25 1 4 0
E 1293 0 2 25
E 1293 1 1 17
E 1293 5 -1 -15
E 1293 6 -2 -23
T 1294 27 0 4 0
E 1294 0 3 32
E 1294 1 2 24
E 1294 2 1 16
E 1294 6 -1 -16
T 1295 26 0 4 0
E 1295 0 3 30
E 1295 1 2 22
E 1295 2 1 14
E 1295 6 -2 -18
T 1296 25 1 4 0
E 1296 0 2 25
E 1296 1 1 17
E 1296 5 -1 -15
E 1296 6 -2 -23
T 1297 24 0 4 0
E 1297 0 3 29
E 1297 1 2 24
E 1297 2 1 16
E 1297 6 -1 -16
T 1298 20 1 4 0
E 1298 0 2 20
E 1298 1 1 17
E 1298 5 -1 -15
E 1298 6 -2 -23
T 1299 16 0 4 0
E 1299 0 1 14
E 1299 1 1 14
E 1299 5 -2 -18
E 1299 6 -2 -26
T 1300 16 0 4 0
E 1300 0 2 20
E 1300 1 2 23
E 1300 2 1 15
E 1300 6 -1 -17
T 1301 15 0 4 0
E 1301 0 1 17
E 1301 1 2 22
E 1301 2 1 14
E 1301 6 -2 -18
T 1302 12 0 4 0
E 1302 0 1 14
E 1302 1 2 19
E 1302 2 1 14
E 1302 6 -2 -18
T 1303 11 0 3 0
E 1303 1 1 14
E 1303 5 -1 -13
E 1303 6 -2 -21
T 1304 9 0 3 0
E 1304 1 1 15
E 1304 2 1 15
E 1304 6 -1 -17
T 1305 7 0 4 0
E 1305 0 1 13
E 1305 1 2 18
E 1305 2 2 21
E 1305 3 1 13
T 1306 7 0 3 0
E 1306 1 1 14
E 1306 2 2 19
E 1306 6 -1 -13
T 1307 8 0 3 0
E 1307 1 1 17
E 1307 2 2 22
E 1307 3 1 17
T 1308 5 0 3 0
E 1308 1 1 14
E 1308 2 2 19
E 1308 3 1 16
T 1309 1 0 2 0
E 1309 2 2 13
E 1309 3 2 13
T 1310 1 0 1 0
E 1310 6 -6 -18
T 1311 5 0 1 0
E 1311 3 4 14
T 1312 4 0 1 0
E 1312 6 -4 -14
T 1313 5 0 0 0
T 1314 8 0 1 0
E 1314 6 -4 -13
T 1315 10 0 0 0
T 1316 9 0 1 0
E 1316 0 -4 -13
T 1317 10 0 1 0
E 1317 4 5 15
T 1318 10 0 0 0
T 1319 10 0 0 0
T 1320 11 0 0 0
T 1321 13 0 1 0
E 1321 5 5 17
T 1322 10 0 1 0
E 1322 0 -5 -15
T 1323 10 0 1 0
E 1323 0 -4 -14
T 1324 9 0 1 0
E 1324 0 -4 -13
T 1325 12 0 3 0
E 1325 4 1 13
E 1325 5 2 18
E 1325 6 2 21
T 1326 14 1 2 0
E 1326 0 -2 -14
E 1326 6 2 16
T 1327 14 0 2 0
E 1327 5 2 16
E 1327 6 3 21
T 1328 15 0 2 0
E 1328 5 2 15
E 1328 6 3 20
T 1329 16 0 2 0
E 1329 5 2 14
E 1329 6 3 19
T 1330 14 0 2 0
E 1330 0 -3 -19
E 1330 1 -2 -14
T 1331 13 0 2 0
E 1331 0 -3 -18
E 1331 1 -2 -13
T 1332 15 0 2 0
E 1332 0 -3 -20
E 1332 1 -2 -15
T 1333 16 0 2 0
E 1333 5 2 14
E 1333 6 3 19
T 1334 14 1 2 0
E 1334 0 -2 -14
E 1334 6 2 16
T 1335 13 1 2 0
E 1335 0 -2 -13
E 1335 6 2 17
T 1336 15 1 2 0
E 1336 0 -2 -15
E 1336 6 2 15
T 1337 15 0 2 0
E 1337 5 2 15
E 1337 6 3 20
T 1338 15 0 2 0
E 1338 5 2 15
E 1338 6 3 20
T 1339 16 0 2 0
E 1339 5 2 14
E 1339 6 3 19
T 1340 13 0 2 0
E 1340 0 -3 -18
E 1340 1 -2 -13
T 1341 13 1 2 0
E 1341 0 -2 -13
E 1341 6 2 17
T 1342 15 0 2 0
E 1342 0 -3 -20
E 1342 1 -2 -15
T 1343 13 0 2 0
E 1343 0 -3 -18
E 1343 1 -2 -13
T 1344 15 0 2 0
E 1344 5 2 15
E 1344 6 3 20
T 1345 17 0 2 0
E 1345 5 2 13
E 1345 6 3 18
T 1346 15 0 2 0
E 1346 0 -3 -20
E 1346 1 -2 -14
T 1347 16 0 2 0
E 1347 0 -3 -21
E 1347 1 -2 -15
T 1348 18 0 2 0
E 1348 0 -4 -24
E 1348 1 -2 -17
T 1349 16 0 3 0
E 1349 0 -1 -14
E 1349 5 1 14
E 1349 6 2 19
T 1350 17 0 2 0
E 1350 0 -3 -22
E 1350 1 -2 -14
T 1351 18 0 2 0
E 1351 0 -3 -23
E 1351 1 -2 -15
T 1352 18 0 2 0
E 1352 0 -3 -23
E 1352 1 -2 -15
T 1353 19 0 2 0
E 1353 0 -4 -25
E 1353 1 -2 -17
T 1354 18 0 2 0
E 1354 0 -3 -19
E 1354 6 2 17
T 1355 19 0 3 0
E 1355 0 -1 -17
E 1355 5 1 14
E 1355 6 2 19
T 1356 21 0 3 0
E 1356 0 -2 -23
E 1356 1 -1 -15
E 1356 6 1 14
T 1357 20 0 3 0
E 1357 0 -2 -19
E 1357 5 1 13
E 1357 6 2 18
T 1358 23 0 3 0
E 1358 0 -2 -25
E 1358 1 -1 -17
E 1358 6 1 13
T 1359 25 0 3 0
E 1359 0 -3 -31
E 1359 1 -2 -23
E 1359 2 -1 -15
T 1360 25 0 3 0
E 1360 0 -3 -31
E 1360 1 -2 -23
E 1360 2 -1 -15
T 1361 22 1 4 0
E 1361 0 -2 -22
E 1361 1 -1 -14
E 1361 5 1 13
E 1361 6 2 18
T 1362 21 0 3 0
E 1362 0 -2 -20
E 1362 5 1 15
E 1362 6 2 20
T 1363 23 0 3 0
E 1363 0 -2 -26
E 1363 1 -2 -18
E 1363 6 1 15
T 1364 23 1 4 0
E 1364 0 -2 -23
E 1364 1 -1 -15
E 1364 5 1 14
E 1364 6 2 19
T 1365 24 1 4 0
E 1365 0 -2 -24
E 1365 1 -1 -16
E 1365 5 1 13
E 1365 6 2 18
T 1366 25 0 4 0
E 1366 0 -3 -30
E 1366 1 -2 -22
E 1366 2 -1 -14
E 1366 6 1 13
T 1367 24 0 4 0
E 1367 0 -3 -29
E 1367 1 -2 -21
E 1367 2 -1 -13
E 1367 6 1 14
T 1368 22 1 4 0
E 1368 0 -2 -22
E 1368 1 -1 -14
E 1368 5 1 17
E 1368 6 2 22
T 1369 25 0 4 0
E 1369 0 -3 -30
E 1369 1 -2 -22
E 1369 2 -1 -14
E 1369 6 1 15
T 1370 23 0 4 0
E 1370 0 -2 -22
E 1370 1 -1 -14
E 1370 5 2 18
E 1370 6 2 23
T 1371 22 0 3 0
E 1371 0 -2 -20
E 1371 5 2 20
E 1371 6 2 26
T 1372 25 0 4 0
E 1372 0 -2 -26
E 1372 1 -2 -18
E 1372 5 1 14
E 1372 6 2 20
T 1373 22 0 4 0
E 1373 0 -2 -21
E 1373 1 -1 -13
E 1373 5 2 19
E 1373 6 2 26
T 1374 23 0 4 0
E 1374 0 -2 -21
E 1374 1 -1 -13
E 1374 5 2 19
E 1374 6 3 27
T 1375 23 0 3 0
E 1375 0 -2 -20
E 1375 5 2 20
E 1375 6 3 28
T 1376 23 1 4 0
E 1376 0 -2 -23
E 1376 1 -1 -15
E 1376 5 1 17
E 1376 6 2 25
T 1377 25 0 4 0
E 1377 0 -2 -26
E 1377 1 -2 -18
E 1377 5 1 14
E 1377 6 2 22
T 1378 25 0 4 0
E 1378 0 -2 -26
E 1378 1 -2 -18
E 1378 5 1 14
E 1378 6 2 22
T 1379 23 0 4 0
E 1379 0 -2 -22
E 1379 1 -1 -14
E 1379 5 2 18
E 1379 6 2 26
T 1380 26 0 4 0
E 1380 0 -3 -30
E 1380 1 -2 -22
E 1380 2 -1 -14
E 1380 6 2 18
T 1381 26 0 4 0
E 1381 0 -3 -30
E 1381 1 -2 -22
E 1381 2 -1 -14
E 1381 6 2 18
T 1382 25 0 4 0
E 1382 0 -3 -29
E 1382 1 -2 -21
E 1382 2 -1 -13
E 1382 6 2 19
T 1383 24 1 4 0
E 1383 0 -2 -24
E 1383 1 -1 -16
E 1383 5 1 16
E 1383 6 2 24
T 1384 27 0 4 0
E 1384 0 -3 -32
E 1384 1 -2 -24
E 1384 2 -1 -16
E 1384 6 1 16
T 1385 25 0 4 0
E 1385 0 -2 -26
E 1385 1 -2 -18
E 1385 5 1 14
E 1385 6 2 22
T 1386 26 0 4 0
E 1386 0 -3 -30
E 1386 1 -2 -22
E 1386 2 -1 -14
E 1386 6 2 18
T 1387 25 0 4 0
E 1387 0 -3 -27
E 1387 1 -2 -19
E 1387 5 1 13
E 1387 6 2 21
T 1388 25 0 4 0
E 1388 0 -3 -29
E 1388 1 -2 -21
E 1388 2 -1 -13
E 1388 6 2 19
T 1389 25 0 4 0
E 1389 0 -3 -29
E 1389 1 -2 -21
E 1389 2 -1 -13
E 1389 6 2 19
T 1390 23 0 4 0
E 1390 0 -2 -22
E 1390 1 -1 -14
E 1390 5 2 18
E 1390 6 2 26
T 1391 25 0 3 0
E 1391 0 -3 -28
E 1391 1 -2 -20
E 1391 6 2 20
T 1392 27 0 4 0
E 1392 0 -3 -32
E 1392 1 -2 -24
E 1392 2 -1 -16
E 1392 6 1 16
T 1393 24 1 4 0
E 1393 0 -2 -24
E 1393 1 -1 -16
E 1393 5 1 16
E 1393 6 2 24
T 1394 23 0 3 0
E 1394 0 -2 -20
E 1394 5 2 20
E 1394 6 3 28
T 1395 25 0 4 0
E 1395 0 -3 -29
E 1395 1 -2 -21
E 1395 2 -1 -13
E 1395 6 2 19
T 1396 23 0 4 0
E 1396 0 -2 -22
E 1396 1 -1 -14
E 1396 5 2 18
E 1396 6 2 26
T 1397 25 0 4 0
E 1397 0 -3 -29
E 1397 1 -2 -21
E 1397 2 -1 -13
E 1397 6 2 19
T 1398 24 1 4 0
E 1398 0 -2 -24
E 1398 1 -1 -16
E 1398 5 1 16
E 1398 6 2 24
T 1399 26 0 4 0
E 1399 0 -3 -30
E 1399 1 -2 -22
E 1399 2 -1 -14
E 1399 6 2 18
T 1400 25 1 4 0
E 1400 0 -2 -25
E 1400 1 -1 -17
E 1400 5 1 15
E 1400 6 2 23
T 1401 23 0 4 0
E 1401 0 -2 -22
E 1401 1 -1 -14
E 1401 5 2 18
E 1401 6 2 26
T 1402 25 0 3 0
E 1402 0 -3 -28
E 1402 1 -2 -20
E 1402 6 2 20
T 1403 25 0 4 0
E 1403 0 -2 -26
E 1403 1 -2 -18
E 1403 5 1 14
E 1403 6 2 22
T 1404 27 0 4 0
E 1404 0 -3 -32
E 1404 1 -2 -24
E 1404 2 -1 -16
E 1404 6 1 16
T 1405 25 1 4 0
E 1405 0 -2 -25
E 1405 1 -1 -17
E 1405 5 1 15
E 1405 6 2 23
T 1406 27 0 4 0
E 1406 0 -3 -32
E 1406 1 -2 -24
E 1406 2 -1 -16
E 1406 6 1 16
T 1407 23 0 4 0
E 1407 0 -2 -22
E 1407 1 -1 -14
E 1407 5 2 18
E 1407 6 2 26
T 1408 24 1 4 0
E 1408 0 -2 -24
E 1408 1 -1 -16
E 1408 5 1 16
E 1408 6 2 24
T 1409 23 0 3 0
E 1409 0 -2 -20
E 1409 5 2 20
E 1409 6 3 28
T 1410 23 0 4 0
E 1410 0 -2 -22
E 1410 1 -1 -14
E 1410 5 2 18
E 1410 6 2 26
T 1411 25 0 4 0
E 1411 0 -2 -26
E 1411 1 -2 -18
E 1411 5 1 14
E 1411 6 2 22
T 1412 26 0 4 0
E 1412 0 -3 -30
E 1412 1 -2 -22
E 1412 2 -1 -14
E 1412 6 2 18
T 1413 25 0 4 0
E 1413 0 -2 -26
E 1413 1 -2 -18
E 1413 5 1 14
E 1413 6 2 22
T 1414 26 0 4 0
E 1414 0 -3 -31
E 1414 1 -2 -23
E 1414 2 -1 -15
E 1414 6 1 17
T 1415 25 0 4 0
E 1415 0 -3 -27
E 1415 1 -2 -19
E 1415 5 1 13
E 1415 6 2 21
T 1416 25 0 4 0
E 1416 0 -3 -27
E 1416 1 -2 -19
E 1416 5 1 13
E 1416 6 2 21
T 1417 23 0 4 0
E 1417 0 -2 -22
E 1417 1 -1 -14
E 1417 5 2 18
E 1417 6 2 26
T 1418 23 0 4 0
E 1418 0 -2 -22
E 1418 1 -1 -14
E 1418 5 2 18
E 1418 6 2 26
T 1419 26 0 4 0
E 1419 0 -3 -31
E 1419 1 -2 -23
E 1419 2 -1 -15
E 1419 6 1 17
T 1420 24 1 4 0
E 1420 0 -2 -24
E 1420 1 -1 -16
E 1420 5 1 16
E 1420 6 2 24
T 1421 25 0 4 0
E 1421 0 -3 -29
E 1421 1 -2 -21
E 1421 2 -1 -13
E 1421 6 2 19
T 1422 23 0 4 0
E 1422 0 -2 -22
E 1422 1 -1 -14
E 1422 5 2 18
E 1422 6 2 26
T 1423 23 0 3 0
E 1423 0 -2 -20
E 1423 5 2 20
E 1423 6 3 28
T 1424 23 0 4 0
E 1424 0 -2 -19
E 1424 4 1 13
E 1424 5 2 21
E 1424 6 3 29
T 1425 25 0 4 0
E 1425 0 -3 -29
E 1425 1 -2 -21
E 1425 2 -1 -13
E 1425 6 2 19
T 1426 27 0 4 0
E 1426 0 -3 -32
E 1426 1 -2 -24
E 1426 2 -1 -16
E 1426 6 1 16
T 1427 27 0 4 0
E 1427 0 -3 -32
E 1427 1 -2 -24
E 1427 2 -1 -16
E 1427 6 1 16
T 1428 28 0 4 0
E 1428 0 -3 -34
E 1428 1 -2 -26
E 1428 2 -2 -18
E 1428 6 1 14
T 1429 27 0 4 0
E 1429 0 -3 -32
E 1429 1 -2 -24
E 1429 2 -1 -16
E 1429 6 1 16
T 1430 27 0 4 0
E 1430 0 -3 -32
E 1430 1 -2 -24
E 1430 2 -1 -16
E 1430 6 1 16
T 1431 25 0 4 0
E 1431 0 -2 -26
E 1431 1 -2 -18
E 1431 5 1 14
E 1431 6 2 22
T 1432 23 0 4 0
E 1432 0 -2 -21
E 1432 1 -1 -13
E 1432 5 2 19
E 1432 6 3 27
T 1433 23 0 3 0
E 1433 0 -2 -20
E 1433 5 2 20
E 1433 6 3 28
T 1434 23 0 4 0
E 1434 0 -2 -19
E 1434 4 1 13
E 1434 5 2 21
E 1434 6 3 29
T 1435 25 0 4 0
E 1435 0 -3 -27
E 1435 1 -2 -19
E 1435 5 1 13
E 1435 6 2 21
T 1436 23 0 4 0
E 1436 0 -2 -21
E 1436 1 -1 -13
E 1436 5 2 19
E 1436 6 3 27
T 1437 24 1 4 0
E 1437 0 -2 -24
E 1437 1 -1 -16
E 1437 5 1 16
E 1437 6 2 24
T 1438 25 0 4 0
E 1438 0 -3 -29
E 1438 1 -2 -21
E 1438 2 -1 -13
E 1438 6 2 19
T 1439 25 0 3 0
E 1439 0 -3 -28
E 1439 1 -2 -20
E 1439 6 2 20
T 1440 20 0 3 0
E 1440 0 3 28
E 1440 5 2 20
E 1440 6 3 28
T 1441 18 1 4 0
E 1441 0 2 18
E 1441 1 -2 -25
E 1441 2 -1 -17
E 1441 6 1 15
T 1442 19 0 4 0
E 1442 0 1 14
E 1442 1 -3 -32
E 1442 2 -2 -24
E 1442 3 -1 -16
T 1443 23 0 4 0
E 1443 0 2 19
E 1443 1 -3 -30
E 1443 2 -2 -22
E 1443 3 -1 -14
T 1444 27 0 4 0
E 1444 0 3 28
E 1444 1 -2 -25
E 1444 2 -1 -17
E 1444 6 1 15
T 1445 28 0 4 0
E 1445 0 3 33
E 1445 1 2 25
E 1445 2 -1 -15
E 1445 6 1 17
T 1446 25 0 4 0
E 1446 0 2 26
E 1446 1 2 18
E 1446 2 -2 -25
E 1446 3 -1 -17
T 1447 27 0 5 0
E 1447 0 2 24
E 1447 1 1 16
E 1447 2 -3 -30
E 1447 3 -2 -22
E 1447 4 -1 -14
T 1448 30 0 4 0
E 1448 0 3 32
E 1448 1 2 24
E 1448 2 -2 -25
E 1448 3 -1 -17
T 1449 33 0 4 0
E 1449 0 4 37
E 1449 1 3 29
E 1449 2 -2 -24
E 1449 3 -1 -16
T 1450 29 0 5 0
E 1450 0 3 32
E 1450 1 2 24
E 1450 2 1 16
E 1450 3 -2 -24
E 1450 4 -1 -16
T 1451 31 0 5 0
E 1451 0 3 32
E 1451 1 2 24
E 1451 2 1 16
E 1451 3 -3 -27
E 1451 4 -2 -19
T 1452 32 0 5 0
E 1452 0 4 38
E 1452 1 3 30
E 1452 2 2 22
E 1452 3 -2 -24
E 1452 4 -1 -16
T 1453 34 0 5 0
E 1453 0 4 38
E 1453 1 3 30
E 1453 2 2 22
E 1453 3 -3 -27
E 1453 4 -2 -19
T 1454 35 0 6 0
E 1454 0 3 34
E 1454 1 2 26
E 1454 2 2 18
E 1454 3 -3 -35
E 1454 4 -3 -27
E 1454 5 -2 -19
T 1455 33 0 6 0
E 1455 0 4 40
E 1455 1 3 32
E 1455 2 2 24
E 1455 3 1 16
E 1455 4 -2 -24
E 1455 5 -1 -16
T 1456 34 0 6 0
E 1456 0 3 31
E 1456 1 2 23
E 1456 2 1 15
E 1456 4 -4 -36
E 1456 5 -3 -28
E 1456 6 -2 -20
T 1457 37 0 7 0
E 1457 0 4 41
E 1457 1 3 33
E 1457 2 2 25
E 1457 3 1 17
E 1457 4 -3 -29
E 1457 5 -2 -21
E 1457 6 -1 -13
T 1458 35 0 6 0
E 1458 0 3 32
E 1458 1 2 24
E 1458 2 1 16
E 1458 4 -4 -41
E 1458 5 -3 -33
E 1458 6 -2 -25
T 1459 37 0 6 0
E 1459 0 3 31
E 1459 1 2 23
E 1459 2 1 15
E 1459 4 -5 -46
E 1459 5 -4 -38
E 1459 6 -3 -30
T 1460 36 0 6 0
E 1460 0 4 42
E 1460 1 3 34
E 1460 2 2 26
E 1460 3 2 18
E 1460 5 -3 -30
E 1460 6 -2 -22
T 1461 33 0 5 0
E 1461 0 3 32
E 1461 1 2 24
E 1461 2 1 16
E 1461 5 -4 -43
E 1461 6 -3 -35
T 1462 34 0 5 0
E 1462 0 4 36
E 1462 1 3 28
E 1462 2 2 20
E 1462 5 -4 -42
E 1462 6 -3 -34
T 1463 35 0 6 0
E 1463 0 4 38
E 1463 1 3 30
E 1463 2 2 22
E 1463 3 1 14
E 1463 5 -4 -43
E 1463 6 -3 -35
T 1464 36 0 5 0
E 1464 0 3 31
E 1464 1 2 23
E 1464 2 1 15
E 1464 5 -6 -54
E 1464 6 -5 -46
T 1465 31 0 5 0
E 1465 0 4 37
E 1465 1 3 29
E 1465 2 2 21
E 1465 3 1 13
E 1465 6 -4 -43
T 1466 29 0 4 0
E 1466 0 2 26
E 1466 1 2 18
E 1466 5 -1 -14
E 1466 6 -6 -57
T 1467 32 0 5 0
E 1467 0 4 37
E 1467 1 3 29
E 1467 2 2 21
E 1467 3 1 13
E 1467 6 -5 -49
T 1468 33 0 4 0
E 1468 0 3 35
E 1468 1 3 27
E 1468 2 2 19
E 1468 6 -6 -54
T 1469 35 0 5 0
E 1469 0 4 40
E 1469 1 3 32
E 1469 2 2 24
E 1469 3 1 16
E 1469 6 -5 -53
T 1470 28 0 4 0
E 1470 0 4 38
E 1470 1 3 30
E 1470 2 2 22
E 1470 3 1 14
T 1471 25 0 3 0
E 1471 0 3 28
E 1471 1 2 20
E 1471 6 -2 -20
T 1472 24 1 4 0
E 1472 0 2 24
E 1472 1 1 16
E 1472 5 -1 -16
E 1472 6 -2 -24
T 1473 24 1 4 0
E 1473 0 2 24
E 1473 1 1 16
E 1473 5 -1 -16
E 1473 6 -2 -24
T 1474 25 0 4 0
E 1474 0 2 26
E 1474 1 2 18
E 1474 5 -1 -14
E 1474 6 -2 -22
T 1475 26 0 4 0
E 1475 0 3 31
E 1475 1 2 23
E 1475 2 1 15
E 1475 6 -1 -17
T 1476 27 0 4 0
E 1476 0 3 32
E 1476 1 2 24
E 1476 2 1 16
E 1476 6 -1 -16
T 1477 27 0 4 0
E 1477 0 3 32
E 1477 1 2 24
E 1477 2 1 16
E 1477 6 -1 -16
T 1478 27 0 4 0
E 1478 0 3 32
E 1478 1 2 24
E 1478 2 1 16
E 1478 6 -1 -16
T 1479 25 1 4 0
E 1479 0 2 25
E 1479 1 1 17
E 1479 5 -1 -15
E 1479 6 -2 -23
T 1480 25 0 4 0
E 1480 0 3 27
E 1480 1 2 19
E 1480 5 -1 -13
E 1480 6 -2 -21
T 1481 25 0 4 0
E 1481 0 3 29
E 1481 1 2 21
E 1481 2 1 13
E 1481 6 -2 -19
T 1482 25 0 4 0
E 1482 0 3 29
E 1482 1 2 21
E 1482 2 1 13
E 1482 6 -2 -19
T 1483 23 1 4 0
E 1483 0 2 23
E 1483 1 1 15
E 1483 5 -1 -17
E 1483 6 -2 -25
T 1484 26 0 4 0
E 1484 0 3 31
E 1484 1 2 23
E 1484 2 1 15
E 1484 6 -1 -17
T 1485 24 1 4 0
E 1485 0 2 24
E 1485 1 1 16
E 1485 5 -1 -16
E 1485 6 -2 -24
T 1486 26 0 4 0
E 1486 0 3 31
E 1486 1 2 23
E 1486 2 1 15
E 1486 6 -1 -17
T 1487 26 0 4 0
E 1487 0 3 31
E 1487 1 2 23
E 1487 2 1 15
E 1487 6 -1 -17
T 1488 23 1 4 0
E 1488 0 2 23
E 1488 1 1 15
E 1488 5 -1 -17
E 1488 6 -2 -25
T 1489 23 0 4 0
E 1489 0 2 21
E 1489 1 1 13
E 1489 5 -2 -19
E 1489 6 -3 -27
T 1490 25 0 4 0
E 1490 0 3 29
E 1490 1 2 21
E 1490 2 1 13
E 1490 6 -2 -19
T 1491 26 0 4 0
E 1491 0 3 31
E 1491 1 2 23
E 1491 2 1 15
E 1491 6 -1 -17
T 1492 25 0 4 0
E 1492 0 2 26
E 1492 1 2 18
E 1492 5 -1 -14
E 1492 6 -2 -22
T 1493 25 0 3 0
E 1493 0 3 28
E 1493 1 2 20
E 1493 6 -2 -20
T 1494 26 0 4 0
E 1494 0 3 30
E 1494 1 2 22
E 1494 2 1 14
E 1494 6 -2 -18
T 1495 23 0 4 0
E 1495 0 2 22
E 1495 1 1 14
E 1495 5 -2 -18
E 1495 6 -2 -26
T 1496 25 0 3 0
E 1496 0 3 28
E 1496 1 2 20
E 1496 6 -2 -20
T 1497 26 0 4 0
E 1497 0 3 31
E 1497 1 2 23
E 1497 2 1 15
E 1497 6 -1 -17
T 1498 25 0 4 0
E 1498 0 2 26
E 1498 1 2 18
E 1498 5 -1 -14
E 1498 6 -2 -22
T 1499 25 0 4 0
E 1499 0 3 29
E 1499 1 2 21
E 1499 2 1 13
E 1499 6 -2 -19
T 1500 26 0 4 0
E 1500 0 3 30
E 1500 1 2 22
E 1500 2 1 14
E 1500 6 -2 -18
T 1501 23 0 4 0
E 1501 0 2 22
E 1501 1 1 14
E 1501 5 -2 -18
E 1501 6 -2 -26
T 1502 26 0 4 0
E 1502 0 3 31
E 1502 1 2 23
E 1502 2 1 15
E 1502 6 -1 -17
T 1503 23 0 4 0
E 1503 0 2 22
E 1503 1 1 14
E 1503 5 -2 -18
E 1503 6 -2 -26
T 1504 23 0 4 0
E 1504 0 2 22
E 1504 1 1 14
E 1504 5 -2 -18
E 1504 6 -2 -26
T 1505 26 0 4 0
E 1505 0 3 31
E 1505 1 2 23
E 1505 2 1 15
E 1505 6 -1 -17
T 1506 25 0 4 0
E 1506 0 2 26
E 1506 1 2 18
E 1506 5 -1 -14
E 1506 6 -2 -22
T 1507 23 0 4 0
E 1507 0 2 22
E 1507 1 1 14
E 1507 5 -2 -18
E 1507 6 -2 -26
T 1508 25 0 3 0
E 1508 0 3 28
E 1508 1 2 20
E 1508 6 -2 -20
T 1509 23 0 4 0
E 1509 0 2 22
E 1509 1 1 14
E 1509 5 -2 -18
E 1509 6 -2 -26
T 1510 25 0 4 0
E 1510 0 2 26
E 1510 1 2 18
E 1510 5 -1 -14
E 1510 6 -2 -22
T 1511 25 0 4 0
E 1511 0 3 29
E 1511 1 2 21
E 1511 2 1 13
E 1511 6 -2 -19
T 1512 23 0 4 0
E 1512 0 2 21
E 1512 1 1 13
E 1512 5 -2 -19
E 1512 6 -3 -27
T 1513 23 1 4 0
E 1513 0 2 23
E 1513 1 1 15
E 1513 5 -1 -17
E 1513 6 -2 -25
T 1514 23 0 3 0
E 1514 0 2 20
E 1514 5 -2 -20
E 1514 6 -3 -28
T 1515 26 0 4 0
E 1515 0 3 31
E 1515 1 2 23
E 1515 2 1 15
E 1515 6 -1 -17
T 1516 25 0 4 0
E 1516 0 2 26
E 1516 1 2 18
E 1516 5 -1 -14
E 1516 6 -2 -22
T 1517 25 0 4 0
E 1517 0 3 27
E 1517 1 2 19
E 1517 5 -1 -13
E 1517 6 -2 -21
T 1518 25 1 4 0
E 1518 0 2 25
E 1518 1 1 17
E 1518 5 -1 -15
E 1518 6 -2 -23
T 1519 25 0 3 0
E 1519 0 3 28
E 1519 1 2 20
E 1519 6 -2 -20
T 1520 23 0 4 0
E 1520 0 2 21
E 1520 1 1 13
E 1520 5 -2 -19
E 1520 6 -3 -27
T 1521 23 0 4 0
E 1521 0 2 21
E 1521 1 1 13
E 1521 5 -2 -19
E 1521 6 -3 -27
T 1522 23 0 4 0
E 1522 0 2 22
E 1522 1 1 14
E 1522 5 -2 -18
E 1522 6 -2 -26
T 1523 25 0 4 0
E 1523 0 2 26
E 1523 1 2 18
E 1523 5 -1 -14
E 1523 6 -2 -22
T 1524 23 0 4 0
E 1524 0 2 22
E 1524 1 1 14
E 1524 5 -2 -18
E 1524 6 -2 -26
T 1525 25 1 4 0
E 1525 0 2 25
E 1525 1 1 17
E 1525 5 -1 -15
E 1525 6 -2 -23
T 1526 26 0 4 0
E 1526 0 3 30
E 1526 1 2 22
E 1526 2 1 14
E 1526 6 -2 -18
T 1527 24 1 4 0
E 1527 0 2 24
E 1527 1 1 16
E 1527 5 -1 -16
E 1527 6 -2 -24
T 1528 26 0 4 0
E 1528 0 3 31
E 1528 1 2 23
E 1528 2 1 15
E 1528 6 -1 -17
T 1529 25 0 4 0
E 1529 0 3 29
E 1529 1 2 21
E 1529 2 1 13
E 1529 6 -2 -19
T 1530 23 1 4 0
E 1530 0 2 23
E 1530 1 1 15
E 1530 5 -1 -17
E 1530 6 -2 -25
T 1531 23 0 3 0
E 1531 0 2 20
E 1531 5 -2 -20
E 1531 6 -3 -28
T 1532 25 0 4 0
E 1532 0 3 29
E 1532 1 2 21
E 1532 2 1 13
E 1532 6 -2 -19
T 1533 25 0 4 0
E 1533 0 3 27
E 1533 1 2 19
E 1533 5 -1 -13
E 1533 6 -2 -21
T 1534 28 0 4 0
E 1534 0 3 33
E 1534 1 2 25
E 1534 2 1 17
E 1534 6 -1 -15
T 1535 28 0 4 0
E 1535 0 3 35
E 1535 1 3 27
E 1535 2 2 19
E 1535 6 -1 -13
T 1536 25 0 4 0
E 1536 0 3 27
E 1536 1 2 19
E 1536 5 -1 -13
E 1536 6 -2 -21
T 1537 23 0 4 0
E 1537 0 3 28
E 1537 1 2 23
E 1537 2 1 15
E 1537 6 -1 -17
T 1538 19 1 4 0
E 1538 0 2 19
E 1538 1 1 16
E 1538 5 -1 -16
E 1538 6 -2 -24
T 1539 16 0 4 0
E 1539 0 1 13
E 1539 1 1 13
E 1539 5 -2 -19
E 1539 6 -3 -27
T 1540 16 0 4 0
E 1540 0 2 19
E 1540 1 2 22
E 1540 2 1 14
E 1540 6 -2 -18
T 1541 15 0 4 0
E 1541 0 1 17
E 1541 1 2 22
E 1541 2 1 14
E 1541 6 -2 -18
T 1542 12 0 4 0
E 1542 0 1 14
E 1542 1 2 19
E 1542 2 1 14
E 1542 6 -2 -18
T 1543 12 1 3 0
E 1543 1 1 17
E 1543 2 1 14
E 1543 6 -2 -18
T 1544 10 0 2 0
E 1544 5 -2 -14
E 1544 6 -3 -22
T 1545 10 0 1 0
E 1545 6 -6 -20
T 1546 5 0 2 0
E 1546 1 2 15
E 1546 2 3 20
T 1547 3 0 2 0
E 1547 5 -2 -13
E 1547 6 -3 -21
T 1548 4 1 2 0
E 1548 2 2 14
E 1548 6 -2 -13
T 1549 2 0 0 0
T 1550 3 0 1 0
E 1550 3 5 15
T 1551 3 0 0 0
T 1552 5 0 0 0
T 1553 5 0 1 0
E 1553 6 -4 -13
T 1554 6 0 2 0
E 1554 3 2 13
E 1554 4 2 13
T 1555 8 0 0 0
T 1556 10 0 1 0
E 1556 0 -5 -15
T 1557 11 0 1 0
E 1557 4 4 13
T 1558 12 0 0 0
T 1559 12 0 0 0
T 1560 12 0 0 0
T 1561 13 0 2 0
E 1561 0 -3 -18
E 1561 1 -2 -13
T 1562 10 0 1 0
E 1562 0 -4 -14
T 1563 11 0 3 0
E 1563 4 1 13
E 1563 5 2 18
E 1563 6 1 15
T 1564 16 0 2 0
E 1564 5 2 13
E 1564 6 2 13
T 1565 15 0 2 0
E 1565 5 2 14
E 1565 6 2 17
T 1566 17 0 2 0
E 1566 5 2 13
E 1566 6 3 18
T 1567 16 0 2 0
E 1567 0 -3 -21
E 1567 1 -2 -16
T 1568 15 1 2 0
E 1568 0 -2 -15
E 1568 6 2 15
T 1569 17 0 2 0
E 1569 5 2 13
E 1569 6 3 18
T 1570 19 0 3 0
E 1570 0 -2 -24
E 1570 1 -2 -19
E 1570 2 -1 -14
T 1571 14 0 2 0
E 1571 0 -3 -19
E 1571 1 -2 -14
T 1572 16 1 2 0
E 1572 0 -2 -16
E 1572 6 2 14
T 1573 16 0 2 0
E 1573 0 -3 -21
E 1573 1 -2 -16
T 1574 17 0 2 0
E 1574 0 -3 -22
E 1574 1 -2 -17
T 1575 13 1 2 0
E 1575 0 -2 -13
E 1575 6 2 17
T 1576 14 0 2 0
E 1576 5 2 16
E 1576 6 3 21
T 1577 16 0 2 0
E 1577 5 2 14
E 1577 6 3 19
T 1578 16 1 2 0
E 1578 0 -2 -16
E 1578 6 2 14
T 1579 17 0 2 0
E 1579 0 -3 -22
E 1579 1 -2 -17
T 1580 17 0 2 0
E 1580 0 -3 -22
E 1580 1 -2 -17
T 1581 13 1 2 0
E 1581 0 -2 -13
E 1581 6 2 17
T 1582 16 1 2 0
E 1582 0 -2 -16
E 1582 6 2 14
T 1583 16 0 2 0
E 1583 5 2 14
E 1583 6 3 19
T 1584 16 1 2 0
E 1584 0 -2 -16
E 1584 6 2 14
T 1585 18 0 3 0
E 1585 0 -2 -23
E 1585 1 -2 -18
E 1585 2 -1 -13
T 1586 14 0 2 0
E 1586 0 -3 -19
E 1586 1 -2 -13
T 1587 15 1 2 0
E 1587 0 -2 -15
E 1587 6 2 16
T 1588 17 1 2 0
E 1588 0 -2 -17
E 1588 6 2 15
T 1589 16 1 2 0
E 1589 0 -2 -16
E 1589 6 2 17
T 1590 17 0 2 0
E 1590 0 -3 -18
E 1590 6 2 15
T 1591 19 0 2 0
E 1591 0 -3 -20
E 1591 6 2 14
T 1592 18 0 2 0
E 1592 0 -4 -24
E 1592 1 -2 -16
T 1593 19 0 3 0
E 1593 0 -2 -21
E 1593 1 -1 -13
E 1593 6 1 14
T 1594 19 0 2 0
E 1594 0 -3 -20
E 1594 6 2 16
T 1595 20 0 3 0
E 1595 0 -2 -22
E 1595 1 -1 -14
E 1595 6 1 14
T 1596 18 0 3 0
E 1596 0 -1 -16
E 1596 5 1 16
E 1596 6 2 21
T 1597 19 0 3 0
E 1597 0 -2 -18
E 1597 5 1 14
E 1597 6 2 19
T 1598 19 0 3 0
E 1598 0 -2 -18
E 1598 5 1 15
E 1598 6 2 20
T 1599 20 0 2 0
E 1599 0 -4 -27
E 1599 1 -3 -19
T 1600 20 0 3 0
E 1600 0 -2 -19
E 1600 5 1 15
E 1600 6 2 20
T 1601 22 1 4 0
E 1601 0 -2 -22
E 1601 1 -1 -14
E 1601 5 1 13
E 1601 6 2 18
T 1602 23 0 3 0
E 1602 0 -3 -29
E 1602 1 -2 -21
E 1602 2 -1 -13
T 1603 24 0 3 0
E 1603 0 -3 -30
E 1603 1 -2 -22
E 1603 2 -1 -14
T 1604 21 1 4 0
E 1604 0 -2 -21
E 1604 1 -1 -13
E 1604 5 1 16
E 1604 6 2 21
T 1605 22 1 4 0
E 1605 0 -2 -22
E 1605 1 -1 -14
E 1605 5 1 15
E 1605 6 2 20
T 1606 24 0 3 0
E 1606 0 -3 -28
E 1606 1 -2 -20
E 1606 6 1 15
T 1607 22 1 4 0
E 1607 0 -2 -22
E 1607 1 -1 -14
E 1607 5 1 16
E 1607 6 2 21
T 1608 23 1 4 0
E 1608 0 -2 -23
E 1608 1 -1 -15
E 1608 5 1 16
E 1608 6 2 21
T 1609 25 0 4 0
E 1609 0 -3 -30
E 1609 1 -2 -22
E 1609 2 -1 -14
E 1609 6 1 15
T 1610 22 0 4 0
E 1610 0 -2 -21
E 1610 1 -1 -13
E 1610 5 2 19
E 1610 6 2 24
T 1611 24 1 4 0
E 1611 0 -2 -24
E 1611 1 -1 -16
E 1611 5 1 16
E 1611 6 2 22
T 1612 22 0 4 0
E 1612 0 -2 -21
E 1612 1 -1 -13
E 1612 5 2 19
E 1612 6 2 25
T 1613 22 0 4 0
E 1613 0 -2 -18
E 1613 4 1 14
E 1613 5 2 22
E 1613 6 3 29
T 1614 25 0 4 0
E 1614 0 -3 -27
E 1614 1 -2 -19
E 1614 5 1 13
E 1614 6 2 21
T 1615 23 0 4 0
E 1615 0 -2 -21
E 1615 1 -1 -13
E 1615 5 2 19
E 1615 6 3 27
T 1616 25 1 4 0
E 1616 0 -2 -25
E 1616 1 -1 -17
E 1616 5 1 15
E 1616 6 2 23
T 1617 24 1 4 0
E 1617 0 -2 -24
E 1617 1 -1 -16
E 1617 5 1 16
E 1617 6 2 24
T 1618 23 0 4 0
E 1618 0 -2 -22
E 1618 1 -1 -14
E 1618 5 2 18
E 1618 6 2 26
T 1619 23 0 4 0
E 1619 0 -2 -21
E 1619 1 -1 -13
E 1619 5 2 19
E 1619 6 3 27
T 1620 25 1 4 0
E 1620 0 -2 -25
E 1620 1 -1 -17
E 1620 5 1 15
E 1620 6 2 23
T 1621 23 0 4 0
E 1621 0 -2 -22
E 1621 1 -1 -14
E 1621 5 2 18
E 1621 6 2 26
T 1622 25 1 4 0
E 1622 0 -2 -25
E 1622 1 -1 -17
E 1622 5 1 15
E 1622 6 2 23
T 1623 23 1 4 0
E 1623 0 -2 -23
E 1623 1 -1 -15
E 1623 5 1 17
E 1623 6 2 25
T 1624 26 0 4 0
E 1624 0 -3 -30
E 1624 1 -2 -22
E 1624 2 -1 -14
E 1624 6 2 18
T 1625 25 0 4 0
E 1625 0 -3 -29
E 1625 1 -2 -21
E 1625 2 -1 -13
E 1625 6 2 19
T 1626 24 1 4 0
E 1626 0 -2 -24
E 1626 1 -1 -16
E 1626 5 1 16
E 1626 6 2 24
T 1627 24 1 4 0
E 1627 0 -2 -24
E 1627 1 -1 -16
E 1627 5 1 16
E 1627 6 2 24
T 1628 25 1 4 0
E 1628 0 -2 -25
E 1628 1 -1 -17
E 1628 5 1 15
E 1628 6 2 23
T 1629 25 0 4 0
E 1629 0 -2 -26
E 1629 1 -2 -18
E 1629 5 1 14
E 1629 6 2 22
T 1630 25 1 4 0
E 1630 0 -2 -25
E 1630 1 -1 -17
E 1630 5 1 15
E 1630 6 2 23
T 1631 24 1 4 0
E 1631 0 -2 -24
E 1631 1 -1 -16
E 1631 5 1 16
E 1631 6 2 24
T 1632 25 0 4 0
E 1632 0 -2 -26
E 1632 1 -2 -18
E 1632 5 1 14
E 1632 6 2 22
T 1633 25 1 4 0
E 1633 0 -2 -25
E 1633 1 -1 -17
E 1633 5 1 15
E 1633 6 2 23
T 1634 26 0 4 0
E 1634 0 -3 -30
E 1634 1 -2 -22
E 1634 2 -1 -14
E 1634 6 2 18
T 1635 28 0 4 0
E 1635 0 -3 -33
E 1635 1 -2 -25
E 1635 2 -1 -17
E 1635 6 1 15
T 1636 25 0 4 0
E 1636 0 -2 -26
E 1636 1 -2 -18
E 1636 5 1 14
E 1636 6 2 22
T 1637 23 0 4 0
E 1637 0 -2 -21
E 1637 1 -1 -13
E 1637 5 2 19
E 1637 6 3 27
T 1638 26 0 4 0
E 1638 0 -3 -30
E 1638 1 -2 -22
E 1638 2 -1 -14
E 1638 6 2 18
T 1639 26 0 4 0
E 1639 0 -3 -31
E 1639 1 -2 -23
E 1639 2 -1 -15
E 1639 6 1 17
T 1640 24 1 4 0
E 1640 0 -2 -24
E 1640 1 -1 -16
E 1640 5 1 16
E 1640 6 2 24
T 1641 24 1 4 0
E 1641 0 -2 -24
E 1641 1 -1 -16
E 1641 5 1 16
E 1641 6 2 24
T 1642 25 0 4 0
E 1642 0 -3 -29
E 1642 1 -2 -21
E 1642 2 -1 -13
E 1642 6 2 19
T 1643 25 0 4 0
E 1643 0 -3 -29
E 1643 1 -2 -21
E 1643 2 -1 -13
E 1643 6 2 19
T 1644 25 1 4 0
E 1644 0 -2 -25
E 1644 1 -1 -17
E 1644 5 1 15
E 1644 6 2 23
T 1645 25 0 3 0
E 1645 0 -3 -28
E 1645 1 -2 -20
E 1645 6 2 20
T 1646 28 0 4 0
E 1646 0 -3 -33
E 1646 1 -2 -25
E 1646 2 -1 -17
E 1646 6 1 15
T 1647 28 0 4 0
E 1647 0 -3 -34
E 1647 1 -2 -26
E 1647 2 -2 -18
E 1647 6 1 14
T 1648 26 0 4 0
E 1648 0 -3 -30
E 1648 1 -2 -22
E 1648 2 -1 -14
E 1648 6 2 18
T 1649 25 1 4 0
E 1649 0 -2 -25
E 1649 1 -1 -17
E 1649 5 1 15
E 1649 6 2 23
T 1650 23 0 4 0
E 1650 0 -2 -22
E 1650 1 -1 -14
E 1650 5 2 18
E 1650 6 2 26
T 1651 25 0 4 0
E 1651 0 -3 -27
E 1651 1 -2 -19
E 1651 5 1 13
E 1651 6 2 21
T 1652 25 0 4 0
E 1652 0 -3 -29
E 1652 1 -2 -21
E 1652 2 -1 -13
E 1652 6 2 19
T 1653 23 0 4 0
E 1653 0 -2 -22
E 1653 1 -1 -14
E 1653 5 2 18
E 1653 6 2 26
T 1654 23 0 4 0
E 1654 0 -2 -19
E 1654 4 1 13
E 1654 5 2 21
E 1654 6 3 29
T 1655 25 0 4 0
E 1655 0 -2 -26
E 1655 1 -2 -18
E 1655 5 1 14
E 1655 6 2 22
T 1656 27 0 4 0
E 1656 0 -3 -32
E 1656 1 -2 -24
E 1656 2 -1 -16
E 1656 6 1 16
T 1657 24 1 4 0
E 1657 0 -2 -24
E 1657 1 -1 -16
E 1657 5 1 16
E 1657 6 2 24
T 1658 25 0 3 0
E 1658 0 -3 -28
E 1658 1 -2 -20
E 1658 6 2 20
T 1659 24 1 4 0
E 1659 0 -2 -24
E 1659 1 -1 -16
E 1659 5 1 16
E 1659 6 2 24
T 1660 24 1 4 0
E 1660 0 -2 -24
E 1660 1 -1 -16
E 1660 5 1 16
E 1660 6 2 24
T 1661 23 1 4 0
E 1661 0 -2 -23
E 1661 1 -1 -15
E 1661 5 1 17
E 1661 6 2 25
T 1662 25 1 4 0
E 1662 0 -2 -25
E 1662 1 -1 -17
E 1662 5 1 15
E 1662 6 2 23
T 1663 25 0 4 0
E 1663 0 -3 -27
E 1663 1 -2 -19
E 1663 5 1 13
E 1663 6 2 21
T 1664 25 1 4 0
E 1664 0 -2 -25
E 1664 1 -1 -17
E 1664 5 1 15
E 1664 6 2 23
T 1665 25 0 4 0
E 1665 0 -3 -29
E 1665 1 -2 -21
E 1665 2 -1 -13
E 1665 6 2 19
T 1666 25 1 4 0
E 1666 0 -2 -25
E 1666 1 -1 -17
E 1666 5 1 15
E 1666 6 2 23
T 1667 25 0 4 0
E 1667 0 -2 -26
E 1667 1 -2 -18
E 1667 5 1 14
E 1667 6 2 22
T 1668 25 0 4 0
E 1668 0 -3 -27
E 1668 1 -2 -19
E 1668 5 1 13
E 1668 6 2 21
T 1669 24 1 4 0
E 1669 0 -2 -24
E 1669 1 -1 -16
E 1669 5 1 16
E 1669 6 2 24
T 1670 26 0 4 0
E 1670 0 -3 -30
E 1670 1 -2 -22
E 1670 2 -1 -14
E 1670 6 2 18
T 1671 23 0 4 0
E 1671 0 -2 -22
E 1671 1 -1 -14
E 1671 5 2 18
E 1671 6 2 26
T 1672 25 0 4 0
E 1672 0 -3 -27
E 1672 1 -2 -19
E 1672 5 1 13
E 1672 6 2 21
T 1673 23 0 4 0
E 1673 0 -2 -21
E 1673 1 -1 -13
E 1673 5 2 19
E 1673 6 3 27
T 1674 25 0 4 0
E 1674 0 -2 -26
E 1674 1 -2 -18
E 1674 5 1 14
E 1674 6 2 22
T 1675 25 0 3 0
E 1675 0 -3 -28
E 1675 1 -2 -20
E 1675 6 2 20
T 1676 23 0 4 0
E 1676 0 -2 -22
E 1676 1 -1 -14
E 1676 5 2 18
E 1676 6 2 26
T 1677 23 0 4 0
E 1677 0 -2 -19
E 1677 4 1 13
E 1677 5 2 21
E 1677 6 3 29
T 1678 26 0 4 0
E 1678 0 -3 -31
E 1678 1 -2 -23
E 1678 2 -1 -15
E 1678 6 1 17
T 1679 25 0 3 0
E 1679 0 -3 -28
E 1679 1 -2 -20
E 1679 6 2 20
T 1680 19 0 4 0
E 1680 0 2 22
E 1680 1 -2 -18
E 1680 5 1 14
E 1680 6 2 22
T 1681 21 0 4 0
E 1681 0 2 22
E 1681 1 -2 -21
E 1681 2 -1 -13
E 1681 6 2 19
T 1682 23 0 4 0
E 1682 0 3 27
E 1682 1 -2 -19
E 1682 5 1 13
E 1682 6 2 21
T 1683 24 0 3 0
E 1683 0 2 21
E 1683 1 -3 -28
E 1683 2 -2 -20
T 1684 26 0 4 0
E 1684 0 2 22
E 1684 1 -3 -31
E 1684 2 -2 -23
E 1684 3 -1 -15
T 1685 23 1 4 0
E 1685 0 2 23
E 1685 1 1 15
E 1685 2 -2 -25
E 1685 3 -1 -17
T 1686 24 0 4 0
E 1686 0 2 20
E 1686 2 -3 -31
E 1686 3 -2 -23
E 1686 4 -1 -15
T 1687 30 0 4 0
E 1687 0 3 32
E 1687 1 2 24
E 1687 2 -2 -22
E 1687 3 -1 -14
T 1688 30 1 4 0
E 1688 0 3 30
E 1688 1 2 22
E 1688 2 -3 -27
E 1688 3 -2 -19
T 1689 34 0 4 0
E 1689 0 4 38
E 1689 1 3 30
E 1689 2 -2 -23
E 1689 3 -1 -15
T 1690 31 0 4 0
E 1690 0 4 39
E 1690 1 3 31
E 1690 2 2 23
E 1690 3 -1 -17
T 1691 30 0 5 0
E 1691 0 3 31
E 1691 1 2 23
E 1691 2 1 15
E 1691 3 -3 -28
E 1691 4 -2 -20
T 1692 32 0 5 0
E 1692 0 3 35
E 1692 1 3 27
E 1692 2 2 19
E 1692 3 -3 -27
E 1692 4 -2 -19
T 1693 34 0 5 0
E 1693 0 4 39
E 1693 1 3 31
E 1693 2 2 23
E 1693 3 -2 -26
E 1693 4 -2 -18
T 1694 36 0 6 0
E 1694 0 3 33
E 1694 1 2 25
E 1694 2 1 17
E 1694 3 -4 -36
E 1694 4 -3 -28
E 1694 5 -2 -20
T 1695 32 0 6 0
E 1695 0 4 39
E 1695 1 3 31
E 1695 2 2 23
E 1695 3 1 15
E 1695 4 -2 -25
E 1695 5 -1 -17
T 1696 33 0 6 0
E 1696 0 3 35
E 1696 1 3 27
E 1696 2 2 19
E 1696 4 -3 -32
E 1696 5 -2 -24
E 1696 6 -1 -16
T 1697 34 0 7 0
E 1697 0 4 38
E 1697 1 3 30
E 1697 2 2 22
E 1697 3 1 14
E 1697 4 -3 -32
E 1697 5 -2 -24
E 1697 6 -1 -16
T 1698 36 0 7 0
E 1698 0 4 40
E 1698 1 3 32
E 1698 2 2 24
E 1698 3 1 16
E 1698 4 -3 -33
E 1698 5 -2 -25
E 1698 6 -1 -17
T 1699 39 0 7 0
E 1699 0 4 40
E 1699 1 3 32
E 1699 2 2 24
E 1699 3 1 16
E 1699 4 -4 -37
E 1699 5 -3 -29
E 1699 6 -2 -21
T 1700 35 0 7 0
E 1700 0 5 47
E 1700 1 4 39
E 1700 2 3 31
E 1700 3 2 23
E 1700 4 1 15
E 1700 5 -2 -25
E 1700 6 -1 -17
T 1701 33 0 5 0
E 1701 0 3 31
E 1701 1 2 23
E 1701 2 1 15
E 1701 5 -4 -44
E 1701 6 -4 -36
T 1702 35 0 6 0
E 1702 0 4 38
E 1702 1 3 30
E 1702 2 2 22
E 1702 3 1 14
E 1702 5 -4 -40
E 1702 6 -3 -32
T 1703 36 1 5 0
E 1703 0 4 36
E 1703 1 3 28
E 1703 2 2 20
E 1703 5 -5 -45
E 1703 6 -4 -37
T 1704 38 0 6 0
E 1704 0 4 43
E 1704 1 3 35
E 1704 2 3 27
E 1704 3 2 19
E 1704 5 -4 -42
E 1704 6 -3 -34
T 1705 35 0 5 0
E 1705 0 4 44
E 1705 1 4 36
E 1705 2 3 28
E 1705 3 2 20
E 1705 6 -4 -36
T 1706 32 0 4 0
E 1706 0 3 35
E 1706 1 3 27
E 1706 2 2 19
E 1706 6 -5 -48
T 1707 32 1 4 0
E 1707 0 3 32
E 1707 1 2 24
E 1707 2 1 16
E 1707 6 -6 -54
T 1708 29 0 4 0
E 1708 0 3 27
E 1708 1 2 19
E 1708 5 -1 -13
E 1708 6 -6 -62
T 1709 32 1 4 0
E 1709 0 3 32
E 1709 1 2 24
E 1709 2 1 16
E 1709 6 -6 -61
T 1710 30 0 4 0
E 1710 0 4 40
E 1710 1 3 32
E 1710 2 2 24
E 1710 3 1 16
T 1711 26 0 4 0
E 1711 0 3 31
E 1711 1 2 23
E 1711 2 1 15
E 1711 6 -1 -17
T 1712 28 0 4 0
E 1712 0 3 33
E 1712 1 2 25
E 1712 2 1 17
E 1712 6 -1 -15
T 1713 25 0 4 0
E 1713 0 3 29
E 1713 1 2 21
E 1713 2 1 13
E 1713 6 -2 -19
T 1714 25 0 4 0
E 1714 0 2 26
E 1714 1 2 18
E 1714 5 -1 -14
E 1714 6 -2 -22
T 1715 25 0 3 0
E 1715 0 3 28
E 1715 1 2 20
E 1715 6 -2 -20
T 1716 26 0 4 0
E 1716 0 3 31
E 1716 1 2 23
E 1716 2 1 15
E 1716 6 -1 -17
T 1717 28 0 4 0
E 1717 0 3 34
E 1717 1 2 26
E 1717 2 2 18
E 1717 6 -1 -14
T 1718 27 0 4 0
E 1718 0 3 32
E 1718 1 2 24
E 1718 2 1 16
E 1718 6 -1 -16
T 1719 28 0 4 0
E 1719 0 3 33
E 1719 1 2 25
E 1719 2 1 17
E 1719 6 -1 -15
T 1720 24 1 4 0
E 1720 0 2 24
E 1720 1 1 16
E 1720 5 -1 -16
E 1720 6 -2 -24
T 1721 25 1 4 0
E 1721 0 2 25
E 1721 1 1 17
E 1721 5 -1 -15
E 1721 6 -2 -23
T 1722 24 1 4 0
E 1722 0 2 24
E 1722 1 1 16
E 1722 5 -1 -16
E 1722 6 -2 -24
T 1723 24 1 4 0
E 1723 0 2 24
E 1723 1 1 16
E 1723 5 -1 -16
E 1723 6 -2 -24
T 1724 25 0 4 0
E 1724 0 2 26
E 1724 1 2 18
E 1724 5 -1 -14
E 1724 6 -2 -22
T 1725 25 0 4 0
E 1725 0 3 29
E 1725 1 2 21
E 1725 2 1 13
E 1725 6 -2 -19
T 1726 25 0 4 0
E 1726 0 2 26
E 1726 1 2 18
E 1726 5 -1 -14
E 1726 6 -2 -22
T 1727 25 0 4 0
E 1727 0 3 29
E 1727 1 2 21
E 1727 2 1 13
E 1727 6 -2 -19
T 1728 23 0 4 0
E 1728 0 2 22
E 1728 1 1 14
E 1728 5 -2 -18
E 1728 6 -2 -26
T 1729 25 1 4 0
E 1729 0 2 25
E 1729 1 1 17
E 1729 5 -1 -15
E 1729 6 -2 -23
T 1730 23 1 4 0
E 1730 0 2 23
E 1730 1 1 15
E 1730 5 -1 -17
E 1730 6 -2 -25
T 1731 23 0 4 0
E 1731 0 2 22
E 1731 1 1 14
E 1731 5 -2 -18
E 1731 6 -2 -26
T 1732 25 0 4 0
E 1732 0 2 26
E 1732 1 2 18
E 1732 5 -1 -14
E 1732 6 -2 -22
T 1733 25 0 4 0
E 1733 0 3 29
E 1733 1 2 21
E 1733 2 1 13
E 1733 6 -2 -19
T 1734 23 0 4 0
E 1734 0 2 21
E 1734 1 1 13
E 1734 5 -2 -19
E 1734 6 -3 -27
T 1735 23 0 4 0
E 1735 0 2 21
E 1735 1 1 13
E 1735 5 -2 -19
E 1735 6 -3 -27
T 1736 25 1 4 0
E 1736 0 2 25
E 1736 1 1 17
E 1736 5 -1 -15
E 1736 6 -2 -23
T 1737 25 0 4 0
E 1737 0 3 29
E 1737 1 2 21
E 1737 2 1 13
E 1737 6 -2 -19
T 1738 25 1 4 0
E 1738 0 2 25
E 1738 1 1 17
E 1738 5 -1 -15
E 1738 6 -2 -23
T 1739 27 0 4 0
E 1739 0 3 32
E 1739 1 2 24
E 1739 2 1 16
E 1739 6 -1 -16
T 1740 23 1 4 0
E 1740 0 2 23
E 1740 1 1 15
E 1740 5 -1 -17
E 1740 6 -2 -25
T 1741 22 0 4 0
E 1741 0 2 18
E 1741 4 -1 -14
E 1741 5 -2 -22
E 1741 6 -3 -30
T 1742 23 0 4 0
E 1742 0 2 22
E 1742 1 1 14
E 1742 5 -2 -18
E 1742 6 -2 -26
T 1743 24 1 4 0
E 1743 0 2 24
E 1743 1 1 16
E 1743 5 -1 -16
E 1743 6 -2 -24
T 1744 23 0 4 0
E 1744 0 2 21
E 1744 1 1 13
E 1744 5 -2 -19
E 1744 6 -3 -27
T 1745 25 0 3 0
E 1745 0 3 28
E 1745 1 2 20
E 1745 6 -2 -20
T 1746 23 0 4 0
E 1746 0 2 22
E 1746 1 1 14
E 1746 5 -2 -18
E 1746 6 -2 -26
T 1747 25 0 4 0
E 1747 0 3 29
E 1747 1 2 21
E 1747 2 1 13
E 1747 6 -2 -19
T 1748 25 0 4 0
E 1748 0 3 27
E 1748 1 2 19
E 1748 5 -1 -13
E 1748 6 -2 -21
T 1749 24 1 4 0
E 1749 0 2 24
E 1749 1 1 16
E 1749 5 -1 -16
E 1749 6 -2 -24
T 1750 26 0 4 0
E 1750 0 3 31
E 1750 1 2 23
E 1750 2 1 15
E 1750 6 -1 -17
T 1751 25 0 4 0
E 1751 0 3 27
E 1751 1 2 19
E 1751 5 -1 -13
E 1751 6 -2 -21
T 1752 25 0 3 0
E 1752 0 3 28
E 1752 1 2 20
E 1752 6 -2 -20
T 1753 23 0 4 0
E 1753 0 2 22
E 1753 1 1 14
E 1753 5 -2 -18
E 1753 6 -2 -26
T 1754 24 1 4 0
E 1754 0 2 24
E 1754 1 1 16
E 1754 5 -1 -16
E 1754 6 -2 -24
T 1755 23 0 4 0
E 1755 0 2 22
E 1755 1 1 14
E 1755 5 -2 -18
E 1755 6 -2 -26
T 1756 23 1 4 0
E 1756 0 2 23
E 1756 1 1 15
E 1756 5 -1 -17
E 1756 6 -2 -25
T 1757 25 1 4 0
E 1757 0 2 25
E 1757 1 1 17
E 1757 5 -1 -15
E 1757 6 -2 -23
T 1758 27 0 4 0
E 1758 0 3 32
E 1758 1 2 24
E 1758 2 1 16
E 1758 6 -1 -16
T 1759 28 0 4 0
E 1759 0 3 33
E 1759 1 2 25
E 1759 2 1 17
E 1759 6 -1 -15
T 1760 26 0 4 0
E 1760 0 3 30
E 1760 1 2 22
E 1760 2 1 14
E 1760 6 -2 -18
T 1761 27 0 4 0
E 1761 0 3 32
E 1761 1 2 24
E 1761 2 1 16
E 1761 6 -1 -16
T 1762 25 0 3 0
E 1762 0 3 28
E 1762 1 2 20
E 1762 6 -2 -20
T 1763 23 0 4 0
E 1763 0 2 21
E 1763 1 1 13
E 1763 5 -2 -19
E 1763 6 -3 -27
T 1764 23 0 4 0
E 1764 0 2 22
E 1764 1 1 14
E 1764 5 -2 -18
E 1764 6 -2 -26
T 1765 25 0 4 0
E 1765 0 2 26
E 1765 1 2 18
E 1765 5 -1 -14
E 1765 6 -2 -22
T 1766 26 0 4 0
E 1766 0 3 31
E 1766 1 2 23
E 1766 2 1 15
E 1766 6 -1 -17
T 1767 25 1 4 0
E 1767 0 2 25
E 1767 1 1 17
E 1767 5 -1 -15
E 1767 6 -2 -23
T 1768 25 1 4 0
E 1768 0 2 25
E 1768 1 1 17
E 1768 5 -1 -15
E 1768 6 -2 -23
T 1769 27 0 4 0
E 1769 0 3 32
E 1769 1 2 24
E 1769 2 1 16
E 1769 6 -1 -16
T 1770 25 0 4 0
E 1770 0 2 26
E 1770 1 2 18
E 1770 5 -1 -14
E 1770 6 -2 -22
T 1771 23 0 4 0
E 1771 0 2 22
E 1771 1 1 14
E 1771 5 -2 -18
E 1771 6 -2 -26
T 1772 25 0 4 0
E 1772 0 3 27
E 1772 1 2 19
E 1772 5 -1 -13
E 1772 6 -2 -21
T 1773 23 0 3 0
E 1773 0 2 20
E 1773 5 -2 -20
E 1773 6 -3 -28
T 1774 23 0 4 0
E 1774 0 2 21
E 1774 1 1 13
E 1774 5 -2 -19
E 1774 6 -3 -27
T 1775 23 1 4 0
E 1775 0 2 23
E 1775 1 1 15
E 1775 5 -1 -17
E 1775 6 -2 -25
T 1776 23 0 4 0
E 1776 0 2 22
E 1776 1 1 14
E 1776 5 -2 -18
E 1776 6 -2 -26
T 1777 23 0 4 0
E 1777 0 3 27
E 1777 1 2 22
E 1777 2 1 14
E 1777 6 -2 -18
T 1778 21 0 3 0
E 1778 0 2 23
E 1778 1 2 20
E 1778 6 -2 -20
T 1779 20 0 4 0
E 1779 0 2 24
E 1779 1 2 24
E 1779 2 1 16
E 1779 6 -1 -16
T 1780 18 0 4 0
E 1780 0 2 24
E 1780 1 3 27
E 1780 2 2 19
E 1780 6 -1 -13
T 1781 13 1 4 0
E 1781 0 1 13
E 1781 1 2 18
E 1781 5 -1 -14
E 1781 6 -2 -22
T 1782 13 0 2 0
E 1782 5 -2 -17
E 1782 6 -4 -25
T 1783 13 0 4 0
E 1783 0 1 17
E 1783 1 2 22
E 1783 2 2 19
E 1783 6 -1 -13
T 1784 10 0 4 0
E 1784 0 1 16
E 1784 1 2 21
E 1784 2 2 21
E 1784 3 1 13
T 1785 8 0 3 0
E 1785 1 1 14
E 1785 2 1 17
E 1785 6 -1 -15
T 1786 6 0 2 0
E 1786 5 -2 -13
E 1786 6 -3 -21
T 1787 6 0 3 0
E 1787 1 1 15
E 1787 2 2 20
E 1787 3 1 15
T 1788 5 0 1 0
E 1788 6 -6 -18
T 1789 4 0 1 0
E 1789 6 -4 -14
T 1790 1 0 2 0
E 1790 2 2 13
E 1790 3 2 16
T 1791 2 0 1 0
E 1791 6 -5 -16
T 1792 6 0 1 0
E 1792 3 4 13
T 1793 3 0 0 0
T 1794 6 0 2 0
E 1794 3 2 13
E 1794 4 2 13
T 1795 9 0 0 0
T 1796 8 0 0 0
T 1797 8 0 1 0
E 1797 4 5 17
T 1798 11 0 1 0
E 1798 4 4 13
T 1799 11 0 0 0
T 1800 10 0 1 0
E 1800 0 -4 -14
T 1801 16 0 1 0
E 1801 5 4 13
T 1802 16 0 2 0
E 1802 0 -3 -21
E 1802 1 -2 -16
T 1803 10 0 1 0
E 1803 0 -5 -15
T 1804 12 0 1 0
E 1804 0 -5 -17
T 1805 15 0 2 0
E 1805 5 2 14
E 1805 6 2 17
T 1806 17 0 2 0
E 1806 0 -3 -22
E 1806 1 -2 -17
T 1807 16 0 2 0
E 1807 0 -3 -21
E 1807 1 -2 -16
T 1808 15 0 2 0
E 1808 0 -3 -20
E 1808 1 -2 -15
T 1809 13 1 2 0
E 1809 0 -2 -13
E 1809 6 2 17
T 1810 14 0 2 0
E 1810 0 -3 -19
E 1810 1 -2 -14
T 1811 13 1 2 0
E 1811 0 -2 -13
E 1811 6 2 17
T 1812 14 0 2 0
E 1812 0 -3 -19
E 1812 1 -2 -14
T 1813 16 0 2 0
E 1813 0 -3 -21
E 1813 1 -2 -16
T 1814 18 0 3 0
E 1814 0 -2 -23
E 1814 1 -2 -18
E 1814 2 -1 -13
T 1815 13 1 2 0
E 1815 0 -2 -13
E 1815 6 2 17
T 1816 15 1 2 0
E 1816 0 -2 -15
E 1816 6 2 15
T 1817 17 0 2 0
E 1817 5 2 13
E 1817 6 3 18
T 1818 15 1 2 0
E 1818 0 -2 -15
E 1818 6 2 15
T 1819 14 1 2 0
E 1819 0 -2 -14
E 1819 6 2 16
T 1820 16 1 2 0
E 1820 0 -2 -16
E 1820 6 2 14
T 1821 16 0 2 0
E 1821 0 -3 -21
E 1821 1 -2 -16
T 1822 15 1 2 0
E 1822 0 -2 -15
E 1822 6 2 15
T 1823 13 0 2 0
E 1823 0 -3 -18
E 1823 1 -2 -13
T 1824 14 0 2 0
E 1824 5 2 16
E 1824 6 3 21
T 1825 14 0 2 0
E 1825 0 -3 -19
E 1825 1 -2 -14
T 1826 15 0 2 0
E 1826 0 -3 -20
E 1826 1 -2 -14
T 1827 17 1 2 0
E 1827 0 -2 -17
E 1827 6 2 14
T 1828 16 1 2 0
E 1828 0 -2 -16
E 1828 6 2 16
T 1829 19 0 2 0
E 1829 0 -3 -20
E 1829 6 2 13
T 1830 17 0 3 0
E 1830 0 -1 -15
E 1830 5 1 13
E 1830 6 2 18
T 1831 18 0 2 0
E 1831 0 -3 -23
E 1831 1 -2 -15
T 1832 17 1 2 0
E 1832 0 -2 -17
E 1832 6 2 17
T 1833 19 0 2 0
E 1833 0 -3 -20
E 1833 6 2 15
T 1834 21 0 3 0
E 1834 0 -2 -23
E 1834 1 -1 -15
E 1834 6 1 13
T 1835 21 0 2 0
E 1835 0 -4 -28
E 1835 1 -3 -20
T 1836 19 0 3 0
E 1836 0 -2 -18
E 1836 5 1 14
E 1836 6 2 19
T 1837 19 0 2 0
E 1837 0 -4 -25
E 1837 1 -2 -17
T 1838 18 0 3 0
E 1838 0 -1 -16
E 1838 5 1 17
E 1838 6 2 22
T 1839 20 0 4 0
E 1839 0 -1 -16
E 1839 4 1 13
E 1839 5 2 18
E 1839 6 2 23
T 1840 22 0 3 0
E 1840 0 -2 -24
E 1840 1 -1 -16
E 1840 6 1 15
T 1841 20 0 3 0
E 1841 0 -2 -19
E 1841 5 1 16
E 1841 6 2 21
T 1842 19 0 3 0
E 1842 0 -2 -18
E 1842 5 1 17
E 1842 6 2 22
T 1843 21 0 3 0
E 1843 0 -2 -20
E 1843 5 1 16
E 1843 6 2 21
T 1844 24 1 4 0
E 1844 0 -2 -24
E 1844 1 -1 -16
E 1844 5 1 13
E 1844 6 2 18
T 1845 24 1 4 0
E 1845 0 -2 -24
E 1845 1 -1 -16
E 1845 5 1 13
E 1845 6 2 18
T 1846 23 0 3 0
E 1846 0 -3 -27
E 1846 1 -2 -19
E 1846 6 1 16
T 1847 23 0 3 0
E 1847 0 -3 -27
E 1847 1 -2 -19
E 1847 6 1 16
T 1848 22 1 4 0
E 1848 0 -2 -22
E 1848 1 -1 -14
E 1848 5 1 17
E 1848 6 2 22
T 1849 22 0 4 0
E 1849 0 -2 -19
E 1849 4 1 13
E 1849 5 2 21
E 1849 6 2 26
T 1850 22 0 4 0
E 1850 0 -2 -18
E 1850 4 1 14
E 1850 5 2 22
E 1850 6 3 27
T 1851 25 0 3 0
E 1851 0 -3 -28
E 1851 1 -2 -20
E 1851 6 2 18
T 1852 22 0 4 0
E 1852 0 -2 -21
E 1852 1 -1 -13
E 1852 5 2 19
E 1852 6 2 25
T 1853 25 0 4 0
E 1853 0 -3 -29
E 1853 1 -2 -21
E 1853 2 -1 -13
E 1853 6 2 18
T 1854 25 0 4 0
E 1854 0 -2 -26
E 1854 1 -2 -18
E 1854 5 1 14
E 1854 6 2 22
T 1855 25 0 4 0
E 1855 0 -3 -27
E 1855 1 -2 -19
E 1855 5 1 13
E 1855 6 2 21
T 1856 25 0 4 0
E 1856 0 -3 -27
E 1856 1 -2 -19
E 1856 5 1 13
E 1856 6 2 21
T 1857 23 0 4 0
E 1857 0 -2 -21
E 1857 1 -1 -13
E 1857 5 2 19
E 1857 6 3 27
T 1858 25 0 3 0
E 1858 0 -3 -28
E 1858 1 -2 -20
E 1858 6 2 20
T 1859 25 0 3 0
E 1859 0 -3 -28
E 1859 1 -2 -20
E 1859 6 2 20
T 1860 25 0 4 0
E 1860 0 -2 -26
E 1860 1 -2 -18
E 1860 5 1 14
E 1860 6 2 22
T 1861 25 1 4 0
E 1861 0 -2 -25
E 1861 1 -1 -17
E 1861 5 1 15
E 1861 6 2 23
T 1862 25 0 4 0
E 1862 0 -3 -29
E 1862 1 -2 -21
E 1862 2 -1 -13
E 1862 6 2 19
T 1863 25 0 4 0
E 1863 0 -3 -27
E 1863 1 -2 -19
E 1863 5 1 13
E 1863 6 2 21
T 1864 25 0 4 0
E 1864 0 -3 -29
E 1864 1 -2 -21
E 1864 2 -1 -13
E 1864 6 2 19
T 1865 25 1 4 0
E 1865 0 -2 -25
E 1865 1 -1 -17
E 1865 5 1 15
E 1865 6 2 23
T 1866 23 1 4 0
E 1866 0 -2 -23
E 1866 1 -1 -15
E 1866 5 1 17
E 1866 6 2 25
T 1867 25 0 4 0
E 1867 0 -3 -29
E 1867 1 -2 -21
E 1867 2 -1 -13
E 1867 6 2 19
T 1868 25 0 4 0
E 1868 0 -2 -26
E 1868 1 -2 -18
E 1868 5 1 14
E 1868 6 2 22
T 1869 25 0 3 0
E 1869 0 -3 -28
E 1869 1 -2 -20
E 1869 6 2 20
T 1870 23 1 4 0
E 1870 0 -2 -23
E 1870 1 -1 -15
E 1870 5 1 17
E 1870 6 2 25
T 1871 23 0 4 0
E 1871 0 -2 -22
E 1871 1 -1 -14
E 1871 5 2 18
E 1871 6 2 26
T 1872 23 0 3 0
E 1872 0 -2 -20
E 1872 5 2 20
E 1872 6 3 28
T 1873 24 1 4 0
E 1873 0 -2 -24
E 1873 1 -1 -16
E 1873 5 1 16
E 1873 6 2 24
T 1874 26 0 4 0
E 1874 0 -3 -31
E 1874 1 -2 -23
E 1874 2 -1 -15
E 1874 6 1 17
T 1875 25 1 4 0
E 1875 0 -2 -25
E 1875 1 -1 -17
E 1875 5 1 15
E 1875 6 2 23
T 1876 26 0 4 0
E 1876 0 -3 -31
E 1876 1 -2 -23
E 1876 2 -1 -15
E 1876 6 1 17
T 1877 24 1 4 0
E 1877 0 -2 -24
E 1877 1 -1 -16
E 1877 5 1 16
E 1877 6 2 24
T 1878 23 0 4 0
E 1878 0 -2 -21
E 1878 1 -1 -13
E 1878 5 2 19
E 1878 6 3 27
T 1879 25 1 4 0
E 1879 0 -2 -25
E 1879 1 -1 -17
E 1879 5 1 15
E 1879 6 2 23
T 1880 26 0 4 0
E 1880 0 -3 -30
E 1880 1 -2 -22
E 1880 2 -1 -14
E 1880 6 2 18
T 1881 23 1 4 0
E 1881 0 -2 -23
E 1881 1 -1 -15
E 1881 5 1 17
E 1881 6 2 25
T 1882 23 0 4 0
E 1882 0 -2 -21
E 1882 1 -1 -13
E 1882 5 2 19
E 1882 6 3 27
T 1883 25 0 4 0
E 1883 0 -3 -27
E 1883 1 -2 -19
E 1883 5 1 13
E 1883 6 2 21
T 1884 23 0 4 0
E 1884 0 -2 -22
E 1884 1 -1 -14
E 1884 5 2 18
E 1884 6 2 26
T 1885 23 1 4 0
E 1885 0 -2 -23
E 1885 1 -1 -15
E 1885 5 1 17
E 1885 6 2 25
T 1886 25 0 3 0
E 1886 0 -3 -28
E 1886 1 -2 -20
E 1886 6 2 20
T 1887 25 0 3 0
E 1887 0 -3 -28
E 1887 1 -2 -20
E 1887 6 2 20
T 1888 27 0 4 0
E 1888 0 -3 -32
E 1888 1 -2 -24
E 1888 2 -1 -16
E 1888 6 1 16
T 1889 25 1 4 0
E 1889 0 -2 -25
E 1889 1 -1 -17
E 1889 5 1 15
E 1889 6 2 23
T 1890 23 0 4 0
E 1890 0 -2 -21
E 1890 1 -1 -13
E 1890 5 2 19
E 1890 6 3 27
T 1891 26 0 4 0
E 1891 0 -3 -30
E 1891 1 -2 -22
E 1891 2 -1 -14
E 1891 6 2 18
T 1892 23 0 4 0
E 1892 0 -2 -22
E 1892 1 -1 -14
E 1892 5 2 18
E 1892 6 2 26
T 1893 26 0 4 0
E 1893 0 -3 -30
E 1893 1 -2 -22
E 1893 2 -1 -14
E 1893 6 2 18
T 1894 25 0 4 0
E 1894 0 -2 -26
E 1894 1 -2 -18
E 1894 5 1 14
E 1894 6 2 22
T 1895 23 0 3 0
E 1895 0 -2 -20
E 1895 5 2 20
E 1895 6 3 28
T 1896 23 0 4 0
E 1896 0 -2 -21
E 1896 1 -1 -13
E 1896 5 2 19
E 1896 6 3 27
T 1897 25 0 4 0
E 1897 0 -2 -26
E 1897 1 -2 -18
E 1897 5 1 14
E 1897 6 2 22
T 1898 28 0 4 0
E 1898 0 -3 -33
E 1898 1 -2 -25
E 1898 2 -1 -17
E 1898 6 1 15
T 1899 26 0 4 0
E 1899 0 -3 -30
E 1899 1 -2 -22
E 1899 2 -1 -14
E 1899 6 2 18
T 1900 23 0 4 0
E 1900 0 -2 -22
E 1900 1 -1 -14
E 1900 5 2 18
E 1900 6 2 26
T 1901 25 0 4 0
E 1901 0 -2 -26
E 1901 1 -2 -18
E 1901 5 1 14
E 1901 6 2 22
T 1902 25 1 4 0
E 1902 0 -2 -25
E 1902 1 -1 -17
E 1902 5 1 15
E 1902 6 2 23
T 1903 26 0 4 0
E 1903 0 -3 -30
E 1903 1 -2 -22
E 1903 2 -1 -14
E 1903 6 2 18
T 1904 24 1 4 0
E 1904 0 -2 -24
E 1904 1 -1 -16
E 1904 5 1 16
E 1904 6 2 24
T 1905 26 0 4 0
E 1905 0 -3 -31
E 1905 1 -2 -23
E 1905 2 -1 -15
E 1905 6 1 17
T 1906 28 0 4 0
E 1906 0 -3 -34
E 1906 1 -2 -26
E 1906 2 -2 -18
E 1906 6 1 14
T 1907 25 0 4 0
E 1907 0 -3 -29
E 1907 1 -2 -21
E 1907 2 -1 -13
E 1907 6 2 19
T 1908 25 0 4 0
E 1908 0 -3 -29
E 1908 1 -2 -21
E 1908 2 -1 -13
E 1908 6 2 19
T 1909 26 0 4 0
E 1909 0 -3 -31
E 1909 1 -2 -23
E 1909 2 -1 -15
E 1909 6 1 17
T 1910 28 0 4 0
E 1910 0 -3 -33
E 1910 1 -2 -25
E 1910 2 -1 -17
E 1910 6 1 15
T 1911 25 1 4 0
E 1911 0 -2 -25
E 1911 1 -1 -17
E 1911 5 1 15
E 1911 6 2 23
T 1912 25 0 3 0
E 1912 0 -3 -28
E 1912 1 -2 -20
E 1912 6 2 20
T 1913 25 0 4 0
E 1913 0 -3 -27
E 1913 1 -2 -19
E 1913 5 1 13
E 1913 6 2 21
T 1914 25 1 4 0
E 1914 0 -2 -25
E 1914 1 -1 -17
E 1914 5 1 15
E 1914 6 2 23
T 1915 25 0 4 0
E 1915 0 -2 -26
E 1915 1 -2 -18
E 1915 5 1 14
E 1915 6 2 22
T 1916 25 1 4 0
E 1916 0 -2 -25
E 1916 1 -1 -17
E 1916 5 1 15
E 1916 6 2 23
T 1917 23 0 3 0
E 1917 0 -2 -20
E 1917 5 2 20
E 1917 6 3 28
T 1918 24 1 4 0
E 1918 0 -2 -24
E 1918 1 -1 -16
E 1918 5 1 16
E 1918 6 2 24
T 1919 23 0 4 0
E 1919 0 -2 -21
E 1919 1 -1 -13
E 1919 5 2 19
E 1919 6 3 27
T 1920 20 0 4 0
E 1920 0 3 29
E 1920 4 1 13
E 1920 5 2 21
E 1920 6 3 29
T 1921 22 0 4 0
E 1921 0 2 26
E 1921 1 -1 -17
E 1921 5 1 15
E 1921 6 2 23
T 1922 23 0 4 0
E 1922 0 3 27
E 1922 1 -2 -19
E 1922 5 1 13
E 1922 6 2 21
T 1923 24 0 3 0
E 1923 0 2 21
E 1923 1 -3 -28
E 1923 2 -2 -20
T 1924 29 0 4 0
E 1924 0 3 30
E 1924 1 -2 -23
E 1924 2 -1 -15
E 1924 6 1 17
T 1925 25 0 3 0
E 1925 0 3 28
E 1925 1 2 20
E 1925 2 -2 -20
T 1926 28 0 3 0
E 1926 0 3 31
E 1926 1 2 23
E 1926 2 -2 -20
T 1927 30 0 4 0
E 1927 0 4 36
E 1927 1 3 28
E 1927 2 -2 -18
E 1927 6 1 14
T 1928 30 1 4 0
E 1928 0 3 30
E 1928 1 2 22
E 1928 2 -3 -27
E 1928 3 -2 -19
T 1929 30 0 5 0
E 1929 0 2 26
E 1929 1 2 18
E 1929 2 -3 -35
E 1929 3 -3 -27
E 1929 4 -2 -19
T 1930 28 0 5 0
E 1930 0 3 31
E 1930 1 2 23
E 1930 2 1 15
E 1930 3 -2 -25
E 1930 4 -1 -17
T 1931 30 0 5 0
E 1931 0 3 31
E 1931 1 2 23
E 1931 2 1 15
E 1931 3 -3 -28
E 1931 4 -2 -20
T 1932 31 1 6 0
E 1932 0 3 31
E 1932 1 2 23
E 1932 2 1 15
E 1932 3 -3 -31
E 1932 4 -2 -23
E 1932 5 -1 -15
T 1933 32 0 6 0
E 1933 0 3 31
E 1933 1 2 23
E 1933 2 1 15
E 1933 3 -3 -34
E 1933 4 -2 -26
E 1933 5 -2 -18
T 1934 36 0 6 0
E 1934 0 3 33
E 1934 1 2 25
E 1934 2 1 17
E 1934 3 -4 -36
E 1934 4 -3 -28
E 1934 5 -2 -20
T 1935 34 0 6 0
E 1935 0 4 41
E 1935 1 3 33
E 1935 2 2 25
E 1935 3 1 17
E 1935 4 -2 -23
E 1935 5 -1 -15
T 1936 34 0 6 0
E 1936 0 4 39
E 1936 1 3 31
E 1936 2 2 23
E 1936 3 1 15
E 1936 4 -3 -28
E 1936 5 -2 -20
T 1937 34 0 6 0
E 1937 0 3 31
E 1937 1 2 23
E 1937 2 1 15
E 1937 4 -4 -39
E 1937 5 -3 -31
E 1937 6 -2 -23
T 1938 36 0 6 0
E 1938 0 3 33
E 1938 1 2 25
E 1938 2 1 17
E 1938 4 -4 -40
E 1938 5 -3 -32
E 1938 6 -2 -24
T 1939 38 0 6 0
E 1939 0 3 32
E 1939 1 2 24
E 1939 2 1 16
E 1939 4 -5 -45
E 1939 5 -4 -37
E 1939 6 -3 -29
T 1940 35 0 6 0
E 1940 0 4 40
E 1940 1 3 32
E 1940 2 2 24
E 1940 3 1 16
E 1940 5 -3 -32
E 1940 6 -2 -24
T 1941 34 1 5 0
E 1941 0 3 34
E 1941 1 2 26
E 1941 2 2 18
E 1941 5 -4 -41
E 1941 6 -3 -33
T 1942 37 0 6 0
E 1942 0 4 40
E 1942 1 3 32
E 1942 2 2 24
E 1942 3 1 16
E 1942 5 -4 -38
E 1942 6 -3 -30
T 1943 38 0 6 0
E 1943 0 4 42
E 1943 1 3 34
E 1943 2 2 26
E 1943 3 2 18
E 1943 5 -4 -39
E 1943 6 -3 -31
T 1944 38 0 6 0
E 1944 0 4 43
E 1944 1 3 35
E 1944 2 3 27
E 1944 3 2 19
E 1944 5 -4 -42
E 1944 6 -3 -34
T 1945 31 0 4 0
E 1945 0 4 36
E 1945 1 3 28
E 1945 2 2 20
E 1945 6 -4 -44
T 1946 32 0 5 0
E 1946 0 4 37
E 1946 1 3 29
E 1946 2 2 21
E 1946 3 1 13
E 1946 6 -5 -46
T 1947 29 0 3 0
E 1947 0 3 28
E 1947 1 2 20
E 1947 6 -6 -58
T 1948 33 1 4 0
E 1948 0 3 33
E 1948 1 2 25
E 1948 2 1 17
E 1948 6 -6 -56
T 1949 35 0 5 0
E 1949 0 4 39
E 1949 1 3 31
E 1949 2 2 23
E 1949 3 1 15
E 1949 6 -6 -54
T 1950 29 0 4 0
E 1950 0 4 39
E 1950 1 3 31
E 1950 2 2 23
E 1950 3 1 15
T 1951 28 0 4 0
E 1951 0 3 33
E 1951 1 2 25
E 1951 2 1 17
E 1951 6 -1 -15
T 1952 25 0 4 0
E 1952 0 3 29
E 1952 1 2 21
E 1952 2 1 13
E 1952 6 -2 -19
T 1953 26 0 4 0
E 1953 0 3 30
E 1953 1 2 22
E 1953 2 1 14
E 1953 6 -2 -18
T 1954 23 1 4 0
E 1954 0 2 23
E 1954 1 1 15
E 1954 5 -1 -17
E 1954 6 -2 -25
T 1955 25 1 4 0
E 1955 0 2 25
E 1955 1 1 17
E 1955 5 -1 -15
E 1955 6 -2 -23
T 1956 25 0 4 0
E 1956 0 3 27
E 1956 1 2 19
E 1956 5 -1 -13
E 1956 6 -2 -21
T 1957 26 0 4 0
E 1957 0 3 31
E 1957 1 2 23
E 1957 2 1 15
E 1957 6 -1 -17
T 1958 25 0 4 0
E 1958 0 3 27
E 1958 1 2 19
E 1958 5 -1 -13
E 1958 6 -2 -21
T 1959 25 1 4 0
E 1959 0 2 25
E 1959 1 1 17
E 1959 5 -1 -15
E 1959 6 -2 -23
T 1960 23 1 4 0
E 1960 0 2 23
E 1960 1 1 15
E 1960 5 -1 -17
E 1960 6 -2 -25
T 1961 23 0 3 0
E 1961 0 2 20
E 1961 5 -2 -20
E 1961 6 -3 -28
T 1962 23 0 4 0
E 1962 0 2 22
E 1962 1 1 14
E 1962 5 -2 -18
E 1962 6 -2 -26
T 1963 25 0 4 0
E 1963 0 3 27
E 1963 1 2 19
E 1963 5 -1 -13
E 1963 6 -2 -21
T 1964 23 1 4 0
E 1964 0 2 23
E 1964 1 1 15
E 1964 5 -1 -17
E 1964 6 -2 -25
T 1965 23 0 4 0
E 1965 0 2 21
E 1965 1 1 13
E 1965 5 -2 -19
E 1965 6 -3 -27
T 1966 23 0 4 0
E 1966 0 2 21
E 1966 1 1 13
E 1966 5 -2 -19
E 1966 6 -3 -27
T 1967 23 0 4 0
E 1967 0 2 19
E 1967 4 -1 -13
E 1967 5 -2 -21
E 1967 6 -3 -29
T 1968 25 0 4 0
E 1968 0 2 26
E 1968 1 2 18
E 1968 5 -1 -14
E 1968 6 -2 -22
T 1969 25 0 4 0
E 1969 0 3 27
E 1969 1 2 19
E 1969 5 -1 -13
E 1969 6 -2 -21
T 1970 28 0 4 0
E 1970 0 3 33
E 1970 1 2 25
E 1970 2 1 17
E 1970 6 -1 -15
T 1971 25 0 4 0
E 1971 0 2 26
E 1971 1 2 18
E 1971 5 -1 -14
E 1971 6 -2 -22
T 1972 26 0 4 0
E 1972 0 3 31
E 1972 1 2 23
E 1972 2 1 15
E 1972 6 -1 -17
T 1973 23 1 4 0
E 1973 0 2 23
E 1973 1 1 15
E 1973 5 -1 -17
E 1973 6 -2 -25
T 1974 23 0 4 0
E 1974 0 2 22
E 1974 1 1 14
E 1974 5 -2 -18
E 1974 6 -2 -26
T 1975 25 0 3 0
E 1975 0 3 28
E 1975 1 2 20
E 1975 6 -2 -20
T 1976 23 0 4 0
E 1976 0 2 21
E 1976 1 1 13
E 1976 5 -2 -19
E 1976 6 -3 -27
T 1977 23 0 3 0
E 1977 0 2 20
E 1977 5 -2 -20
E 1977 6 -3 -28
T 1978 23 0 4 0
E 1978 0 2 19
E 1978 4 -1 -13
E 1978 5 -2 -21
E 1978 6 -3 -29
T 1979 23 0 4 0
E 1979 0 2 19
E 1979 4 -1 -13
E 1979 5 -2 -21
E 1979 6 -3 -29
T 1980 26 0 4 0
E 1980 0 3 30
E 1980 1 2 22
E 1980 2 1 14
E 1980 6 -2 -18
T 1981 25 0 4 0
E 1981 0 3 29
E 1981 1 2 21
E 1981 2 1 13
E 1981 6 -2 -19
T 1982 26 0 4 0
E 1982 0 3 31
E 1982 1 2 23
E 1982 2 1 15
E 1982 6 -1 -17
T 1983 23 1 4 0
E 1983 0 2 23
E 1983 1 1 15
E 1983 5 -1 -17
E 1983 6 -2 -25
T 1984 23 0 3 0
E 1984 0 2 20
E 1984 5 -2 -20
E 1984 6 -3 -28
T 1985 25 0 4 0
E 1985 0 3 29
E 1985 1 2 21
E 1985 2 1 13
E 1985 6 -2 -19
T 1986 25 1 4 0
E 1986 0 2 25
E 1986 1 1 17
E 1986 5 -1 -15
E 1986 6 -2 -23
T 1987 28 0 4 0
E 1987 0 3 33
E 1987 1 2 25
E 1987 2 1 17
E 1987 6 -1 -15
T 1988 25 1 4 0
E 1988 0 2 25
E 1988 1 1 17
E 1988 5 -1 -15
E 1988 6 -2 -23
T 1989 23 0 4 0
E 1989 0 2 21
E 1989 1 1 13
E 1989 5 -2 -19
E 1989 6 -3 -27
T 1990 25 0 4 0
E 1990 0 3 27
E 1990 1 2 19
E 1990 5 -1 -13
E 1990 6 -2 -21
T 1991 23 0 3 0
E 1991 0 2 20
E 1991 5 -2 -20
E 1991 6 -3 -28
T 1992 23 0 4 0
E 1992 0 2 19
E 1992 4 -1 -13
E 1992 5 -2 -21
E 1992 6 -3 -29
T 1993 23 0 4 0
E 1993 0 2 21
E 1993 1 1 13
E 1993 5 -2 -19
E 1993 6 -3 -27
T 1994 23 0 4 0
E 1994 0 2 22
E 1994 1 1 14
E 1994 5 -2 -18
E 1994 6 -2 -26
T 1995 25 0 3 0
E 1995 0 3 28
E 1995 1 2 20
E 1995 6 -2 -20
T 1996 25 0 4 0
E 1996 0 3 27
E 1996 1 2 19
E 1996 5 -1 -13
E 1996 6 -2 -21
T 1997 25 0 4 0
E 1997 0 3 29
E 1997 1 2 21
E 1997 2 1 13
E 1997 6 -2 -19
T 1998 25 1 4 0
E 1998 0 2 25
E 1998 1 1 17
E 1998 5 -1 -15
E 1998 6 -2 -23
T 1999 27 0 4 0
E 1999 0 3 32
E 1999 1 2 24
E 1999 2 1 16
E 1999 6 -1 -16
T 2000 28 0 4 0
E 2000 0 3 35
E 2000 1 3 27
E 2000 2 2 19
E 2000 6 -1 -13
T 2001 28 0 4 0
E 2001 0 3 35
E 2001 1 3 27
E 2001 2 2 19
E 2001 6 -1 -13
T 2002 28 0 4 0
E 2002 0 3 35
E 2002 1 3 27
E 2002 2 2 19
E 2002 6 -1 -13
T 2003 28 0 4 0
E 2003 0 3 33
E 2003 1 2 25
E 2003 2 1 17
E 2003 6 -1 -15
T 2004 27 0 3 0
E 2004 0 4 36
E 2004 1 3 28
E 2004 2 2 20
T 2005 25 1 4 0
E 2005 0 2 25
E 2005 1 1 17
E 2005 5 -1 -15
E 2005 6 -2 -23
T 2006 23 0 3 0
E 2006 0 2 20
E 2006 5 -2 -20
E 2006 6 -3 -28
T 2007 26 0 4 0
E 2007 0 3 30
E 2007 1 2 22
E 2007 2 1 14
E 2007 6 -2 -18
T 2008 23 0 4 0
E 2008 0 2 22
E 2008 1 1 14
E 2008 5 -2 -18
E 2008 6 -2 -26
T 2009 25 0 4 0
E 2009 0 3 29
E 2009 1 2 21
E 2009 2 1 13
E 2009 6 -2 -19
T 2010 26 0 4 0
E 2010 0 3 30
E 2010 1 2 22
E 2010 2 1 14
E 2010 6 -2 -18
T 2011 25 0 4 0
E 2011 0 2 26
E 2011 1 2 18
E 2011 5 -1 -14
E 2011 6 -2 -22
T 2012 24 1 4 0
E 2012 0 2 24
E 2012 1 1 16
E 2012 5 -1 -16
E 2012 6 -2 -24
T 2013 26 0 4 0
E 2013 0 3 31
E 2013 1 2 23
E 2013 2 1 15
E 2013 6 -1 -17
T 2014 23 0 4 0
E 2014 0 2 22
E 2014 1 1 14
E 2014 5 -2 -18
E 2014 6 -2 -26
T 2015 25 0 4 0
E 2015 0 3 27
E 2015 1 2 19
E 2015 5 -1 -13
E 2015 6 -2 -21
T 2016 25 0 3 0
E 2016 0 3 28
E 2016 1 2 20
E 2016 6 -2 -20
T 2017 20 1 4 0
E 2017 0 2 20
E 2017 1 1 15
E 2017 5 -1 -17
E 2017 6 -2 -25
T 2018 19 0 4 0
E 2018 0 1 16
E 2018 1 1 13
E 2018 5 -2 -19
E 2018 6 -3 -27
T 2019 19 0 4 0
E 2019 0 2 22
E 2019 1 2 22
E 2019 2 1 14
E 2019 6 -2 -18
T 2020 14 0 3 0
E 2020 1 1 15
E 2020 5 -1 -17
E 2020 6 -2 -25
T 2021 12 0 3 0
E 2021 1 1 15
E 2021 5 -1 -17
E 2021 6 -2 -25
T 2022 11 0 3 0
E 2022 1 1 14
E 2022 5 -1 -15
E 2022 6 -2 -23
T 2023 10 0 4 0
E 2023 0 1 13
E 2023 1 2 18
E 2023 2 1 15
E 2023 6 -1 -17
T 2024 10 0 2 0
E 2024 5 -2 -14
E 2024 6 -3 -22
T 2025 8 0 3 0
E 2025 1 1 15
E 2025 2 2 18
E 2025 6 -1 -14
T 2026 5 0 2 0
E 2026 1 2 15
E 2026 2 3 20
T 2027 6 1 2 0
E 2027 2 2 16
E 2027 6 -2 -13
T 2028 6 0 3 0
E 2028 1 1 16
E 2028 2 2 21
E 2028 3 2 18
T 2029 5 0 1 0
E 2029 6 -4 -13
T 2030 4 0 1 0
E 2030 3 4 13
T 2031 5 0 1 0
E 2031 6 -6 -20
T 2032 5 0 1 0
E 2032 3 5 15
T 2033 4 0 0 0
T 2034 7 0 0 0
T 2035 8 0 0 0
T 2036 11 0 0 0
T 2037 10 0 1 0
E 2037 4 4 14
T 2038 11 0 0 0
T 2039 11 0 0 0
T 2040 11 0 0 0
T 2041 12 0 2 0
E 2041 4 2 13
E 2041 5 3 18
T 2042 10 0 1 0
E 2042 0 -4 -14
T 2043 11 0 1 0
E 2043 0 -5 -16
T 2044 13 0 2 0
E 2044 0 -3 -18
E 2044 1 -2 -13
T 2045 15 0 2 0
E 2045 0 -3 -20
E 2045 1 -2 -15
T 2046 14 1 2 0
E 2046 0 -2 -14
E 2046 6 2 16
T 2047 14 0 2 0
E 2047 5 2 16
E 2047 6 3 21
T 2048 16 0 2 0
E 2048 5 2 14
E 2048 6 3 19
T 2049 13 1 2 0
E 2049 0 -2 -13
E 2049 6 2 17
T 2050 16 1 2 0
E 2050 0 -2 -16
E 2050 6 2 14
T 2051 18 0 3 0
E 2051 0 -2 -23
E 2051 1 -2 -18
E 2051 2 -1 -13
T 2052 16 0 2 0
E 2052 0 -3 -21
E 2052 1 -2 -16
T 2053 13 0 2 0
E 2053 0 -3 -18
E 2053 1 -2 -13
T 2054 13 1 2 0
E 2054 0 -2 -13
E 2054 6 2 17
T 2055 14 0 2 0
E 2055 5 2 16
E 2055 6 3 21
T 2056 17 1 2 0
E 2056 0 -2 -17
E 2056 6 2 13
T 2057 15 0 2 0
E 2057 0 -3 -20
E 2057 1 -2 -15
T 2058 13 0 2 0
E 2058 0 -3 -18
E 2058 1 -2 -13
T 2059 15 0 2 0
E 2059 0 -3 -20
E 2059 1 -2 -15
T 2060 17 0 2 0
E 2060 5 2 13
E 2060 6 3 18
T 2061 17 0 2 0
E 2061 0 -3 -22
E 2061 1 -2 -17
T 2062 15 1 2 0
E 2062 0 -2 -15
E 2062 6 2 15
T 2063 17 0 2 0
E 2063 0 -3 -22
E 2063 1 -2 -17
T 2064 17 0 2 0
E 2064 0 -3 -22
E 2064 1 -2 -17
T 2065 17 0 2 0
E 2065 5 2 13
E 2065 6 3 18
T 2066 16 0 2 0
E 2066 0 -3 -21
E 2066 1 -2 -15
T 2067 18 0 2 0
E 2067 0 -3 -23
E 2067 1 -2 -17
T 2068 18 0 2 0
E 2068 0 -3 -19
E 2068 6 2 13
T 2069 19 0 2 0
E 2069 0 -4 -25
E 2069 1 -2 -17
T 2070 16 0 2 0
E 2070 0 -3 -21
E 2070 1 -2 -13
T 2071 17 1 2 0
E 2071 0 -2 -17
E 2071 6 2 17
T 2072 19 0 2 0
E 2072 0 -3 -20
E 2072 6 2 14
T 2073 18 0 2 0
E 2073 0 -3 -23
E 2073 1 -2 -15
T 2074 19 0 3 0
E 2074 0 -2 -21
E 2074 1 -1 -13
E 2074 6 1 15
T 2075 19 0 3 0
E 2075 0 -2 -21
E 2075 1 -1 -13
E 2075 6 1 15
T 2076 19 0 2 0
E 2076 0 -3 -20
E 2076 6 2 17
T 2077 19 0 2 0
E 2077 0 -3 -20
E 2077 6 2 17
T 2078 19 0 2 0
E 2078 0 -4 -26
E 2078 1 -3 -18
T 2079 20 0 2 0
E 2079 0 -4 -27
E 2079 1 -3 -19
T 2080 23 0 3 0
E 2080 0 -2 -25
E 2080 1 -1 -17
E 2080 6 1 14
T 2081 21 0 3 0
E 2081 0 -2 -20
E 2081 5 1 15
E 2081 6 2 20
T 2082 20 0 4 0
E 2082 0 -1 -16
E 2082 4 1 14
E 2082 5 2 19
E 2082 6 2 24
T 2083 22 1 4 0
E 2083 0 -2 -22
E 2083 1 -1 -14
E 2083 5 1 14
E 2083 6 2 19
T 2084 21 1 4 0
E 2084 0 -2 -21
E 2084 1 -1 -13
E 2084 5 1 16
E 2084 6 2 21
T 2085 23 1 4 0
E 2085 0 -2 -23
E 2085 1 -1 -15
E 2085 5 1 14
E 2085 6 2 19
T 2086 23 0 3 0
E 2086 0 -3 -27
E 2086 1 -2 -19
E 2086 6 1 16
T 2087 22 0 4 0
E 2087 0 -2 -19
E 2087 4 1 13
E 2087 5 2 19
E 2087 6 2 24
T 2088 22 0 3 0
E 2088 0 -2 -20
E 2088 5 2 19
E 2088 6 2 24
T 2089 24 0 3 0
E 2089 0 -3 -28
E 2089 1 -2 -20
E 2089 6 1 17
T 2090 23 0 4 0
E 2090 0 -2 -22
E 2090 1 -1 -14
E 2090 5 2 18
E 2090 6 2 23
T 2091 25 0 3 0
E 2091 0 -3 -28
E 2091 1 -2 -20
E 2091 6 2 18
T 2092 25 0 4 0
E 2092 0 -3 -27
E 2092 1 -2 -19
E 2092 5 1 13
E 2092 6 2 19
T 2093 23 1 4 0
E 2093 0 -2 -23
E 2093 1 -1 -15
E 2093 5 1 17
E 2093 6 2 24
T 2094 25 1 4 0
E 2094 0 -2 -25
E 2094 1 -1 -17
E 2094 5 1 15
E 2094 6 2 23
T 2095 27 0 4 0
E 2095 0 -3 -32
E 2095 1 -2 -24
E 2095 2 -1 -16
E 2095 6 1 16
T 2096 28 0 4 0
E 2096 0 -3 -34
E 2096 1 -2 -26
E 2096 2 -2 -18
E 2096 6 1 14
T 2097 25 1 4 0
E 2097 0 -2 -25
E 2097 1 -1 -17
E 2097 5 1 15
E 2097 6 2 23
T 2098 27 0 4 0
E 2098 0 -3 -32
E 2098 1 -2 -24
E 2098 2 -1 -16
E 2098 6 1 16
T 2099 26 0 4 0
E 2099 0 -3 -30
E 2099 1 -2 -22
E 2099 2 -1 -14
E 2099 6 2 18
T 2100 26 0 4 0
E 2100 0 -3 -30
E 2100 1 -2 -22
E 2100 2 -1 -14
E 2100 6 2 18
T 2101 27 0 4 0
E 2101 0 -3 -32
E 2101 1 -2 -24
E 2101 2 -1 -16
E 2101 6 1 16
T 2102 28 0 4 0
E 2102 0 -3 -34
E 2102 1 -2 -26
E 2102 2 -2 -18
E 2102 6 1 14
T 2103 26 0 4 0
E 2103 0 -3 -31
E 2103 1 -2 -23
E 2103 2 -1 -15
E 2103 6 1 17
T 2104 27 0 4 0
E 2104 0 -3 -32
E 2104 1 -2 -24
E 2104 2 -1 -16
E 2104 6 1 16
T 2105 25 0 4 0
E 2105 0 -3 -27
E 2105 1 -2 -19
E 2105 5 1 13
E 2105 6 2 21
T 2106 26 0 4 0
E 2106 0 -3 -31
E 2106 1 -2 -23
E 2106 2 -1 -15
E 2106 6 1 17
T 2107 23 1 4 0
E 2107 0 -2 -23
E 2107 1 -1 -15
E 2107 5 1 17
E 2107 6 2 25
T 2108 23 0 4 0
E 2108 0 -2 -21
E 2108 1 -1 -13
E 2108 5 2 19
E 2108 6 3 27
T 2109 25 0 4 0
E 2109 0 -2 -26
E 2109 1 -2 -18
E 2109 5 1 14
E 2109 6 2 22
T 2110 23 1 4 0
E 2110 0 -2 -23
E 2110 1 -1 -15
E 2110 5 1 17
E 2110 6 2 25
T 2111 25 0 4 0
E 2111 0 -2 -26
E 2111 1 -2 -18
E 2111 5 1 14
E 2111 6 2 22
T 2112 24 1 4 0
E 2112 0 -2 -24
E 2112 1 -1 -16
E 2112 5 1 16
E 2112 6 2 24
T 2113 23 1 4 0
E 2113 0 -2 -23
E 2113 1 -1 -15
E 2113 5 1 17
E 2113 6 2 25
T 2114 25 0 3 0
E 2114 0 -3 -28
E 2114 1 -2 -20
E 2114 6 2 20
T 2115 25 1 4 0
E 2115 0 -2 -25
E 2115 1 -1 -17
E 2115 5 1 15
E 2115 6 2 23
T 2116 26 0 4 0
E 2116 0 -3 -31
E 2116 1 -2 -23
E 2116 2 -1 -15
E 2116 6 1 17
T 2117 23 1 4 0
E 2117 0 -2 -23
E 2117 1 -1 -15
E 2117 5 1 17
E 2117 6 2 25
T 2118 23 0 4 0
E 2118 0 -2 -19
E 2118 4 1 13
E 2118 5 2 21
E 2118 6 3 29
T 2119 23 0 4 0
E 2119 0 -2 -22
E 2119 1 -1 -14
E 2119 5 2 18
E 2119 6 2 26
T 2120 23 0 4 0
E 2120 0 -2 -22
E 2120 1 -1 -14
E 2120 5 2 18
E 2120 6 2 26
T 2121 25 0 3 0
E 2121 0 -3 -28
E 2121 1 -2 -20
E 2121 6 2 20
T 2122 23 0 4 0
E 2122 0 -2 -21
E 2122 1 -1 -13
E 2122 5 2 19
E 2122 6 3 27
T 2123 23 0 4 0
E 2123 0 -2 -22
E 2123 1 -1 -14
E 2123 5 2 18
E 2123 6 2 26
T 2124 23 0 4 0
E 2124 0 -2 -21
E 2124 1 -1 -13
E 2124 5 2 19
E 2124 6 3 27
T 2125 26 0 4 0
E 2125 0 -3 -30
E 2125 1 -2 -22
E 2125 2 -1 -14
E 2125 6 2 18
T 2126 23 0 4 0
E 2126 0 -2 -22
E 2126 1 -1 -14
E 2126 5 2 18
E 2126 6 2 26
T 2127 22 0 4 0
E 2127 0 -2 -18
E 2127 4 1 14
E 2127 5 2 22
E 2127 6 3 30
T 2128 25 0 4 0
E 2128 0 -2 -26
E 2128 1 -2 -18
E 2128 5 1 14
E 2128 6 2 22
T 2129 28 0 4 0
E 2129 0 -3 -33
E 2129 1 -2 -25
E 2129 2 -1 -17
E 2129 6 1 15
T 2130 23 1 4 0
E 2130 0 -2 -23
E 2130 1 -1 -15
E 2130 5 1 17
E 2130 6 2 25
T 2131 26 0 4 0
E 2131 0 -3 -31
E 2131 1 -2 -23
E 2131 2 -1 -15
E 2131 6 1 17
T 2132 26 0 4 0
E 2132 0 -3 -30
E 2132 1 -2 -22
E 2132 2 -1 -14
E 2132 6 2 18
T 2133 25 0 4 0
E 2133 0 -3 -27
E 2133 1 -2 -19
E 2133 5 1 13
E 2133 6 2 21
T 2134 25 0 3 0
E 2134 0 -3 -28
E 2134 1 -2 -20
E 2134 6 2 20
T 2135 23 0 4 0
E 2135 0 -2 -21
E 2135 1 -1 -13
E 2135 5 2 19
E 2135 6 3 27
T 2136 25 0 4 0
E 2136 0 -3 -27
E 2136 1 -2 -19
E 2136 5 1 13
E 2136 6 2 21
T 2137 26 0 4 0
E 2137 0 -3 -30
E 2137 1 -2 -22
E 2137 2 -1 -14
E 2137 6 2 18
T 2138 24 1 4 0
E 2138 0 -2 -24
E 2138 1 -1 -16
E 2138 5 1 16
E 2138 6 2 24
T 2139 25 0 4 0
E 2139 0 -3 -27
E 2139 1 -2 -19
E 2139 5 1 13
E 2139 6 2 21
T 2140 25 0 4 0
E 2140 0 -2 -26
E 2140 1 -2 -18
E 2140 5 1 14
E 2140 6 2 22
T 2141 25 0 4 0
E 2141 0 -3 -29
E 2141 1 -2 -21
E 2141 2 -1 -13
E 2141 6 2 19
T 2142 26 0 4 0
E 2142 0 -3 -31
E 2142 1 -2 -23
E 2142 2 -1 -15
E 2142 6 1 17
T 2143 23 1 4 0
E 2143 0 -2 -23
E 2143 1 -1 -15
E 2143 5 1 17
E 2143 6 2 25
T 2144 26 0 4 0
E 2144 0 -3 -31
E 2144 1 -2 -23
E 2144 2 -1 -15
E 2144 6 1 17
T 2145 26 0 4 0
E 2145 0 -3 -31
E 2145 1 -2 -23
E 2145 2 -1 -15
E 2145 6 1 17
T 2146 25 1 4 0
E 2146 0 -2 -25
E 2146 1 -1 -17
E 2146 5 1 15
E 2146 6 2 23
T 2147 24 1 4 0
E 2147 0 -2 -24
E 2147 1 -1 -16
E 2147 5 1 16
E 2147 6 2 24
T 2148 25 1 4 0
E 2148 0 -2 -25
E 2148 1 -1 -17
E 2148 5 1 15
E 2148 6 2 23
T 2149 27 0 4 0
E 2149 0 -3 -32
E 2149 1 -2 -24
E 2149 2 -1 -16
E 2149 6 1 16
T 2150 25 0 4 0
E 2150 0 -3 -27
E 2150 1 -2 -19
E 2150 5 1 13
E 2150 6 2 21
T 2151 25 0 4 0
E 2151 0 -3 -29
E 2151 1 -2 -21
E 2151 2 -1 -13
E 2151 6 2 19
T 2152 25 0 4 0
E 2152 0 -3 -27
E 2152 1 -2 -19
E 2152 5 1 13
E 2152 6 2 21
T 2153 23 1 4 0
E 2153 0 -2 -23
E 2153 1 -1 -15
E 2153 5 1 17
E 2153 6 2 25
T 2154 25 0 4 0
E 2154 0 -2 -26
E 2154 1 -2 -18
E 2154 5 1 14
E 2154 6 2 22
T 2155 25 0 3 0
E 2155 0 -3 -28
E 2155 1 -2 -20
E 2155 6 2 20
T 2156 26 0 4 0
E 2156 0 -3 -31
E 2156 1 -2 -23
E 2156 2 -1 -15
E 2156 6 1 17
T 2157 25 0 4 0
E 2157 0 -3 -27
E 2157 1 -2 -19
E 2157 5 1 13
E 2157 6 2 21
T 2158 25 0 4 0
E 2158 0 -2 -26
E 2158 1 -2 -18
E 2158 5 1 14
E 2158 6 2 22
T 2159 23 0 4 0
E 2159 0 -2 -21
E 2159 1 -1 -13
E 2159 5 2 19
E 2159 6 3 27
T 2160 21 0 4 0
E 2160 0 2 25
E 2160 1 -1 -15
E 2160 5 1 17
E 2160 6 2 25
T 2161 18 1 4 0
E 2161 0 2 18
E 2161 1 -2 -25
E 2161 2 -1 -17
E 2161 6 1 15
T 2162 24 0 3 0
E 2162 0 2 26
E 2162 1 -2 -20
E 2162 6 2 20
T 2163 27 0 4 0
E 2163 0 3 31
E 2163 1 -2 -18
E 2163 5 1 14
E 2163 6 2 22
T 2164 28 0 4 0
E 2164 0 2 26
E 2164 1 -3 -27
E 2164 2 -2 -19
E 2164 6 1 13
T 2165 25 0 4 0
E 2165 0 3 27
E 2165 1 2 19
E 2165 2 -2 -21
E 2165 3 -1 -13
T 2166 24 0 5 0
E 2166 0 2 21
E 2166 1 1 13
E 2166 2 -3 -30
E 2166 3 -2 -22
E 2166 4 -1 -14
T 2167 25 0 5 0
E 2167 0 2 22
E 2167 1 1 14
E 2167 2 -3 -32
E 2167 3 -2 -24
E 2167 4 -1 -16
T 2168 29 0 5 0
E 2168 0 3 28
E 2168 1 2 20
E 2168 2 -3 -29
E 2168 3 -2 -21
E 2168 4 -1 -13
T 2169 29 0 5 0
E 2169 0 3 27
E 2169 1 2 19
E 2169 2 -3 -34
E 2169 3 -2 -26
E 2169 4 -2 -18
T 2170 28 0 5 0
E 2170 0 3 30
E 2170 1 2 22
E 2170 2 1 14
E 2170 3 -2 -26
E 2170 4 -2 -18
T 2171 28 0 5 0
E 2171 0 2 26
E 2171 1 2 18
E 2171 3 -3 -33
E 2171 4 -2 -25
E 2171 5 -1 -17
T 2172 32 1 6 0
E 2172 0 3 32
E 2172 1 2 24
E 2172 2 1 16
E 2172 3 -3 -30
E 2172 4 -2 -22
E 2172 5 -1 -14
T 2173 34 0 5 0
E 2173 0 4 39
E 2173 1 3 31
E 2173 2 2 23
E 2173 3 -2 -26
E 2173 4 -2 -18
T 2174 34 0 6 0
E 2174 0 4 37
E 2174 1 3 29
E 2174 2 2 21
E 2174 3 -3 -32
E 2174 4 -2 -24
E 2174 5 -1 -16
T 2175 33 0 6 0
E 2175 0 3 34
E 2175 1 2 26
E 2175 2 2 18
E 2175 4 -3 -30
E 2175 5 -2 -22
E 2175 6 -1 -14
T 2176 34 0 6 0
E 2176 0 3 31
E 2176 1 2 23
E 2176 2 1 15
E 2176 4 -4 -36
E 2176 5 -3 -28
E 2176 6 -2 -20
T 2177 33 0 6 0
E 2177 0 3 30
E 2177 1 2 22
E 2177 2 1 14
E 2177 4 -4 -40
E 2177 5 -3 -32
E 2177 6 -2 -24
T 2178 35 0 6 0
E 2178 0 3 32
E 2178 1 2 24
E 2178 2 1 16
E 2178 4 -4 -41
E 2178 5 -3 -33
E 2178 6 -2 -25
T 2179 38 0 6 0
E 2179 0 3 32
E 2179 1 2 24
E 2179 2 1 16
E 2179 4 -5 -45
E 2179 5 -4 -37
E 2179 6 -3 -29
T 2180 34 0 5 0
E 2180 0 3 35
E 2180 1 3 27
E 2180 2 2 19
E 2180 5 -4 -37
E 2180 6 -3 -29
T 2181 34 0 5 0
E 2181 0 3 35
E 2181 1 3 27
E 2181 2 2 19
E 2181 5 -4 -40
E 2181 6 -3 -32
T 2182 34 0 5 0
E 2182 0 4 36
E 2182 1 3 28
E 2182 2 2 20
E 2182 5 -4 -42
E 2182 6 -3 -34
T 2183 35 0 6 0
E 2183 0 4 38
E 2183 1 3 30
E 2183 2 2 22
E 2183 3 1 14
E 2183 5 -4 -43
E 2183 6 -3 -35
T 2184 36 0 5 0
E 2184 0 3 32
E 2184 1 2 24
E 2184 2 1 16
E 2184 5 -5 -53
E 2184 6 -5 -45
T 2185 31 0 5 0
E 2185 0 4 37
E 2185 1 3 29
E 2185 2 2 21
E 2185 3 1 13
E 2185 6 -4 -43
T 2186 29 0 4 0
E 2186 0 2 26
E 2186 1 2 18
E 2186 5 -1 -14
E 2186 6 -6 -57
T 2187 29 1 4 0
E 2187 0 3 29
E 2187 1 2 21
E 2187 2 1 13
E 2187 6 -6 -57
T 2188 32 1 4 0
E 2188 0 3 32
E 2188 1 2 24
E 2188 2 1 16
E 2188 6 -6 -57
T 2189 35 0 5 0
E 2189 0 4 40
E 2189 1 3 32
E 2189 2 2 24
E 2189 3 1 16
E 2189 6 -5 -53
T 2190 31 0 4 0
E 2190 0 4 43
E 2190 1 3 35
E 2190 2 3 27
E 2190 3 2 19
T 2191 27 0 4 0
E 2191 0 3 32
E 2191 1 2 24
E 2191 2 1 16
E 2191 6 -1 -16
T 2192 25 0 4 0
E 2192 0 3 27
E 2192 1 2 19
E 2192 5 -1 -13
E 2192 6 -2 -21
T 2193 26 0 4 0
E 2193 0 3 31
E 2193 1 2 23
E 2193 2 1 15
E 2193 6 -1 -17
T 2194 28 0 4 0
E 2194 0 3 33
E 2194 1 2 25
E 2194 2 1 17
E 2194 6 -1 -15
T 2195 26 0 4 0
E 2195 0 3 31
E 2195 1 2 23
E 2195 2 1 15
E 2195 6 -1 -17
T 2196 23 0 4 0
E 2196 0 2 21
E 2196 1 1 13
E 2196 5 -2 -19
E 2196 6 -3 -27
T 2197 23 0 4 0
E 2197 0 2 22
E 2197 1 1 14
E 2197 5 -2 -18
E 2197 6 -2 -26
T 2198 23 0 4 0
E 2198 0 2 22
E 2198 1 1 14
E 2198 5 -2 -18
E 2198 6 -2 -26
T 2199 23 1 4 0
E 2199 0 2 23
E 2199 1 1 15
E 2199 5 -1 -17
E 2199 6 -2 -25
T 2200 23 0 4 0
E 2200 0 2 22
E 2200 1 1 14
E 2200 5 -2 -18
E 2200 6 -2 -26
T 2201 25 0 3 0
E 2201 0 3 28
E 2201 1 2 20
E 2201 6 -2 -20
T 2202 27 0 4 0
E 2202 0 3 32
E 2202 1 2 24
E 2202 2 1 16
E 2202 6 -1 -16
T 2203 25 0 4 0
E 2203 0 2 26
E 2203 1 2 18
E 2203 5 -1 -14
E 2203 6 -2 -22
T 2204 23 0 4 0
E 2204 0 2 22
E 2204 1 1 14
E 2204 5 -2 -18
E 2204 6 -2 -26
T 2205 23 0 3 0
E 2205 0 2 20
E 2205 5 -2 -20
E 2205 6 -3 -28
T 2206 25 0 4 0
E 2206 0 3 27
E 2206 1 2 19
E 2206 5 -1 -13
E 2206 6 -2 -21
T 2207 24 1 4 0
E 2207 0 2 24
E 2207 1 1 16
E 2207 5 -1 -16
E 2207 6 -2 -24
T 2208 24 1 4 0
E 2208 0 2 24
E 2208 1 1 16
E 2208 5 -1 -16
E 2208 6 -2 -24
T 2209 26 0 4 0
E 2209 0 3 31
E 2209 1 2 23
E 2209 2 1 15
E 2209 6 -1 -17
T 2210 23 0 4 0
E 2210 0 2 22
E 2210 1 1 14
E 2210 5 -2 -18
E 2210 6 -2 -26
T 2211 22 0 4 0
E 2211 0 2 18
E 2211 4 -1 -14
E 2211 5 -2 -22
E 2211 6 -3 -30
T 2212 25 0 4 0
E 2212 0 3 27
E 2212 1 2 19
E 2212 5 -1 -13
E 2212 6 -2 -21
T 2213 23 0 4 0
E 2213 0 2 21
E 2213 1 1 13
E 2213 5 -2 -19
E 2213 6 -3 -27
T 2214 23 0 4 0
E 2214 0 2 21
E 2214 1 1 13
E 2214 5 -2 -19
E 2214 6 -3 -27
T 2215 23 0 4 0
E 2215 0 2 19
E 2215 4 -1 -13
E 2215 5 -2 -21
E 2215 6 -3 -29
T 2216 23 0 4 0
E 2216 0 2 22
E 2216 1 1 14
E 2216 5 -2 -18
E 2216 6 -2 -26
T 2217 23 0 3 0
E 2217 0 2 20
E 2217 5 -2 -20
E 2217 6 -3 -28
T 2218 26 0 4 0
E 2218 0 3 30
E 2218 1 2 22
E 2218 2 1 14
E 2218 6 -2 -18
T 2219 23 0 4 0
E 2219 0 2 22
E 2219 1 1 14
E 2219 5 -2 -18
E 2219 6 -2 -26
T 2220 23 1 4 0
E 2220 0 2 23
E 2220 1 1 15
E 2220 5 -1 -17
E 2220 6 -2 -25
T 2221 25 0 3 0
E 2221 0 3 28
E 2221 1 2 20
E 2221 6 -2 -20
T 2222 26 0 4 0
E 2222 0 3 30
E 2222 1 2 22
E 2222 2 1 14
E 2222 6 -2 -18
T 2223 24 1 4 0
E 2223 0 2 24
E 2223 1 1 16
E 2223 5 -1 -16
E 2223 6 -2 -24
T 2224 25 0 4 0
E 2224 0 3 27
E 2224 1 2 19
E 2224 5 -1 -13
E 2224 6 -2 -21
T 2225 23 0 4 0
E 2225 0 2 22
E 2225 1 1 14
E 2225 5 -2 -18
E 2225 6 -2 -26
T 2226 25 0 3 0
E 2226 0 3 28
E 2226 1 2 20
E 2226 6 -2 -20
T 2227 25 0 4 0
E 2227 0 3 29
E 2227 1 2 21
E 2227 2 1 13
E 2227 6 -2 -19
T 2228 25 0 4 0
E 2228 0 2 26
E 2228 1 2 18
E 2228 5 -1 -14
E 2228 6 -2 -22
T 2229 23 1 4 0
E 2229 0 2 23
E 2229 1 1 15
E 2229 5 -1 -17
E 2229 6 -2 -25
T 2230 23 1 4 0
E 2230 0 2 23
E 2230 1 1 15
E 2230 5 -1 -17
E 2230 6 -2 -25
T 2231 25 1 4 0
E 2231 0 2 25
E 2231 1 1 17
E 2231 5 -1 -15
E 2231 6 -2 -23
T 2232 23 0 4 0
E 2232 0 2 22
E 2232 1 1 14
E 2232 5 -2 -18
E 2232 6 -2 -26
T 2233 25 0 4 0
E 2233 0 2 26
E 2233 1 2 18
E 2233 5 -1 -14
E 2233 6 -2 -22
T 2234 23 1 4 0
E 2234 0 2 23
E 2234 1 1 15
E 2234 5 -1 -17
E 2234 6 -2 -25
T 2235 26 0 4 0
E 2235 0 3 30
E 2235 1 2 22
E 2235 2 1 14
E 2235 6 -2 -18
T 2236 24 1 4 0
E 2236 0 2 24
E 2236 1 1 16
E 2236 5 -1 -16
E 2236 6 -2 -24
T 2237 23 1 4 0
E 2237 0 2 23
E 2237 1 1 15
E 2237 5 -1 -17
E 2237 6 -2 -25
T 2238 24 1 4 0
E 2238 0 2 24
E 2238 1 1 16
E 2238 5 -1 -16
E 2238 6 -2 -24
T 2239 23 1 4 0
E 2239 0 2 23
E 2239 1 1 15
E 2239 5 -1 -17
E 2239 6 -2 -25
T 2240 23 0 4 0
E 2240 0 2 21
E 2240 1 1 13
E 2240 5 -2 -19
E 2240 6 -3 -27
T 2241 23 0 4 0
E 2241 0 2 21
E 2241 1 1 13
E 2241 5 -2 -19
E 2241 6 -3 -27
T 2242 25 0 4 0
E 2242 0 3 29
E 2242 1 2 21
E 2242 2 1 13
E 2242 6 -2 -19
T 2243 26 0 4 0
E 2243 0 3 31
E 2243 1 2 23
E 2243 2 1 15
E 2243 6 -1 -17
T 2244 28 0 4 0
E 2244 0 3 33
E 2244 1 2 25
E 2244 2 1 17
E 2244 6 -1 -15
T 2245 28 0 4 0
E 2245 0 3 35
E 2245 1 3 27
E 2245 2 2 19
E 2245 6 -1 -13
T 2246 28 0 4 0
E 2246 0 3 33
E 2246 1 2 25
E 2246 2 1 17
E 2246 6 -1 -15
T 2247 28 0 4 0
E 2247 0 3 34
E 2247 1 2 26
E 2247 2 2 18
E 2247 6 -1 -14
T 2248 25 1 4 0
E 2248 0 2 25
E 2248 1 1 17
E 2248 5 -1 -15
E 2248 6 -2 -23
T 2249 28 0 4 0
E 2249 0 3 33
E 2249 1 2 25
E 2249 2 1 17
E 2249 6 -1 -15
T 2250 25 0 4 0
E 2250 0 2 26
E 2250 1 2 18
E 2250 5 -1 -14
E 2250 6 -2 -22
T 2251 24 1 4 0
E 2251 0 2 24
E 2251 1 1 16
E 2251 5 -1 -16
E 2251 6 -2 -24
T 2252 25 0 4 0
E 2252 0 3 29
E 2252 1 2 21
E 2252 2 1 13
E 2252 6 -2 -19
T 2253 23 1 4 0
E 2253 0 2 23
E 2253 1 1 15
E 2253 5 -1 -17
E 2253 6 -2 -25
T 2254 23 1 4 0
E 2254 0 2 23
E 2254 1 1 15
E 2254 5 -1 -17
E 2254 6 -2 -25
T 2255 23 0 4 0
E 2255 0 2 22
E 2255 1 1 14
E 2255 5 -2 -18
E 2255 6 -2 -26
T 2256 23 0 3 0
E 2256 0 2 20
E 2256 5 -2 -20
E 2256 6 -3 -28
T 2257 20 0 4 0
E 2257 0 2 19
E 2257 1 1 14
E 2257 5 -2 -18
E 2257 6 -2 -26
T 2258 19 0 4 0
E 2258 0 1 17
E 2258 1 1 14
E 2258 5 -2 -18
E 2258 6 -2 -26
T 2259 20 0 4 0
E 2259 0 2 24
E 2259 1 2 24
E 2259 2 1 16
E 2259 6 -1 -16
T 2260 18 0 4 0
E 2260 0 2 23
E 2260 1 2 26
E 2260 2 2 18
E 2260 6 -1 -14
T 2261 15 0 4 0
E 2261 0 2 19
E 2261 1 2 24
E 2261 2 1 16
E 2261 6 -1 -16
T 2262 13 0 4 0
E 2262 0 2 18
E 2262 1 2 23
E 2262 2 2 18
E 2262 6 -1 -14
T 2263 10 0 4 0
E 2263 0 1 13
E 2263 1 2 18
E 2263 2 1 15
E 2263 6 -1 -17
T 2264 10 0 4 0
E 2264 0 1 14
E 2264 1 2 19
E 2264 2 2 19
E 2264 6 -1 -13
T 2265 8 0 3 0
E 2265 1 1 15
E 2265 2 2 18
E 2265 6 -1 -14
T 2266 4 0 2 0
E 2266 2 2 13
E 2266 6 -3 -19
T 2267 6 1 2 0
E 2267 2 2 16
E 2267 6 -2 -13
T 2268 4 0 3 0
E 2268 1 1 13
E 2268 2 2 18
E 2268 3 1 15
T 2269 3 0 3 0
E 2269 1 1 13
E 2269 2 2 18
E 2269 3 2 18
T 2270 2 0 1 0
E 2270 6 -4 -13
T 2271 3 0 0 0
T 2272 4 0 1 0
E 2272 6 -4 -14
T 2273 8 0 0 0
T 2274 8 0 0 0
T 2275 8 0 0 0
T 2276 8 0 0 0
T 2277 10 0 0 0
T 2278 11 0 1 0
E 2278 0 -5 -16
T 2279 10 0 1 0
E 2279 0 -4 -14
T 2280 13 0 1 0
E 2280 5 4 14
T 2281 15 0 1 0
E 2281 5 4 14
T 2282 11 0 1 0
E 2282 0 -5 -16
T 2283 9 0 1 0
E 2283 0 -4 -13
T 2284 16 0 2 0
E 2284 5 2 13
E 2284 6 2 13
T 2285 16 0 2 0
E 2285 0 -3 -21
E 2285 1 -2 -16
T 2286 17 0 2 0
E 2286 5 2 13
E 2286 6 3 18
T 2287 19 0 3 0
E 2287 0 -2 -24
E 2287 1 -2 -19
E 2287 2 -1 -14
T 2288 17 1 2 0
E 2288 0 -2 -17
E 2288 6 2 13
T 2289 17 0 2 0
E 2289 5 2 13
E 2289 6 3 18
T 2290 17 0 2 0
E 2290 0 -3 -22
E 2290 1 -2 -17
T 2291 17 0 2 0
E 2291 5 2 13
E 2291 6 3 18
T 2292 16 1 2 0
E 2292 0 -2 -16
E 2292 6 2 14
T 2293 18 0 3 0
E 2293 0 -2 -23
E 2293 1 -2 -18
E 2293 2 -1 -13
T 2294 13 1 2 0
E 2294 0 -2 -13
E 2294 6 2 17
T 2295 17 0 2 0
E 2295 5 2 13
E 2295 6 3 18
T 2296 14 0 2 0
E 2296 0 -3 -19
E 2296 1 -2 -14
T 2297 14 0 2 0
E 2297 5 2 16
E 2297 6 3 21
T 2298 14 0 2 0
E 2298 0 -3 -19
E 2298 1 -2 -14
T 2299 16 0 2 0
E 2299 5 2 14
E 2299 6 3 19
T 2300 17 0 2 0
E 2300 0 -3 -22
E 2300 1 -2 -17
T 2301 13 1 2 0
E 2301 0 -2 -13
E 2301 6 2 17
T 2302 15 0 2 0
E 2302 0 -3 -20
E 2302 1 -2 -15
T 2303 16 1 2 0
E 2303 0 -2 -16
E 2303 6 2 14
T 2304 14 0 2 0
E 2304 0 -3 -19
E 2304 1 -2 -14
T 2305 16 0 2 0
E 2305 0 -3 -21
E 2305 1 -2 -16
T 2306 15 0 2 0
E 2306 0 -3 -20
E 2306 1 -2 -14
T 2307 17 1 2 0
E 2307 0 -2 -17
E 2307 6 2 14
T 2308 16 0 2 0
E 2308 0 -3 -21
E 2308 1 -2 -14
T 2309 16 0 2 0
E 2309 0 -3 -21
E 2309 1 -2 -13
T 2310 16 1 2 0
E 2310 0 -2 -16
E 2310 6 2 17
T 2311 18 0 2 0
E 2311 0 -3 -19
E 2311 6 2 15
T 2312 16 0 3 0
E 2312 0 -1 -14
E 2312 5 1 15
E 2312 6 2 20
T 2313 17 0 3 0
E 2313 4 1 13
E 2313 5 2 18
E 2313 6 2 23
T 2314 21 0 3 0
E 2314 0 -2 -23
E 2314 1 -1 -15
E 2314 6 1 13
T 2315 19 0 2 0
E 2315 0 -4 -25
E 2315 1 -2 -17
T 2316 22 0 3 0
E 2316 0 -2 -24
E 2316 1 -1 -16
E 2316 6 1 13
T 2317 20 0 3 0
E 2317 0 -2 -22
E 2317 1 -1 -14
E 2317 6 1 15
T 2318 19 0 3 0
E 2318 0 -2 -18
E 2318 5 1 15
E 2318 6 2 20
T 2319 22 0 3 0
E 2319 0 -2 -24
E 2319 1 -1 -16
E 2319 6 1 15
T 2320 21 0 3 0
E 2320 0 -2 -23
E 2320 1 -1 -15
E 2320 6 1 16
T 2321 23 0 3 0
E 2321 0 -3 -29
E 2321 1 -2 -21
E 2321 2 -1 -13
T 2322 21 0 3 0
E 2322 0 -2 -20
E 2322 5 1 15
E 2322 6 2 20
T 2323 24 0 3 0
E 2323 0 -3 -28
E 2323 1 -2 -20
E 2323 6 1 13
T 2324 23 0 3 0
E 2324 0 -2 -25
E 2324 1 -1 -17
E 2324 6 1 17
T 2325 23 1 4 0
E 2325 0 -2 -23
E 2325 1 -1 -15
E 2325 5 1 14
E 2325 6 2 19
T 2326 23 1 4 0
E 2326 0 -2 -23
E 2326 1 -1 -15
E 2326 5 1 15
E 2326 6 2 20
T 2327 24 1 4 0
E 2327 0 -2 -24
E 2327 1 -1 -16
E 2327 5 1 14
E 2327 6 2 19
T 2328 25 0 4 0
E 2328 0 -2 -26
E 2328 1 -2 -18
E 2328 5 1 13
E 2328 6 2 18
T 2329 22 0 4 0
E 2329 0 -2 -21
E 2329 1 -1 -13
E 2329 5 2 19
E 2329 6 2 24
T 2330 25 0 4 0
E 2330 0 -3 -27
E 2330 1 -2 -19
E 2330 5 1 13
E 2330 6 2 18
T 2331 24 0 4 0
E 2331 0 -3 -29
E 2331 1 -2 -21
E 2331 2 -1 -13
E 2331 6 1 17
T 2332 25 0 3 0
E 2332 0 -3 -28
E 2332 1 -2 -20
E 2332 6 2 18
T 2333 23 1 4 0
E 2333 0 -2 -23
E 2333 1 -1 -15
E 2333 5 1 17
E 2333 6 2 24
T 2334 25 1 4 0
E 2334 0 -2 -25
E 2334 1 -1 -17
E 2334 5 1 15
E 2334 6 2 23
T 2335 25 1 4 0
E 2335 0 -2 -25
E 2335 1 -1 -17
E 2335 5 1 15
E 2335 6 2 23
T 2336 23 0 4 0
E 2336 0 -2 -22
E 2336 1 -1 -14
E 2336 5 2 18
E 2336 6 2 26
T 2337 25 0 4 0
E 2337 0 -3 -27
E 2337 1 -2 -19
E 2337 5 1 13
E 2337 6 2 21
T 2338 25 1 4 0
E 2338 0 -2 -25
E 2338 1 -1 -17
E 2338 5 1 15
E 2338 6 2 23
T 2339 24 1 4 0
E 2339 0 -2 -24
E 2339 1 -1 -16
E 2339 5 1 16
E 2339 6 2 24
T 2340 25 0 3 0
E 2340 0 -3 -28
E 2340 1 -2 -20
E 2340 6 2 20
T 2341 23 1 4 0
E 2341 0 -2 -23
E 2341 1 -1 -15
E 2341 5 1 17
E 2341 6 2 25
T 2342 23 0 4 0
E 2342 0 -2 -22
E 2342 1 -1 -14
E 2342 5 2 18
E 2342 6 2 26
T 2343 26 0 4 0
E 2343 0 -3 -31
E 2343 1 -2 -23
E 2343 2 -1 -15
E 2343 6 1 17
T 2344 24 1 4 0
E 2344 0 -2 -24
E 2344 1 -1 -16
E 2344 5 1 16
E 2344 6 2 24
T 2345 25 0 4 0
E 2345 0 -3 -29
E 2345 1 -2 -21
E 2345 2 -1 -13
E 2345 6 2 19
T 2346 25 0 4 0
E 2346 0 -3 -29
E 2346 1 -2 -21
E 2346 2 -1 -13
E 2346 6 2 19
T 2347 27 0 4 0
E 2347 0 -3 -32
E 2347 1 -2 -24
E 2347 2 -1 -16
E 2347 6 1 16
T 2348 26 0 4 0
E 2348 0 -3 -30
E 2348 1 -2 -22
E 2348 2 -1 -14
E 2348 6 2 18
T 2349 28 0 4 0
E 2349 0 -3 -34
E 2349 1 -2 -26
E 2349 2 -2 -18
E 2349 6 1 14
T 2350 26 0 4 0
E 2350 0 -3 -31
E 2350 1 -2 -23
E 2350 2 -1 -15
E 2350 6 1 17
T 2351 25 1 4 0
E 2351 0 -2 -25
E 2351 1 -1 -17
E 2351 5 1 15
E 2351 6 2 23
T 2352 25 0 4 0
E 2352 0 -3 -29
E 2352 1 -2 -21
E 2352 2 -1 -13
E 2352 6 2 19
T 2353 23 0 4 0
E 2353 0 -2 -22
E 2353 1 -1 -14
E 2353 5 2 18
E 2353 6 2 26
T 2354 26 0 4 0
E 2354 0 -3 -31
E 2354 1 -2 -23
E 2354 2 -1 -15
E 2354 6 1 17
T 2355 25 0 4 0
E 2355 0 -2 -26
E 2355 1 -2 -18
E 2355 5 1 14
E 2355 6 2 22
T 2356 26 0 4 0
E 2356 0 -3 -31
E 2356 1 -2 -23
E 2356 2 -1 -15
E 2356 6 1 17
T 2357 27 0 4 0
E 2357 0 -3 -32
E 2357 1 -2 -24
E 2357 2 -1 -16
E 2357 6 1 16
T 2358 27 0 4 0
E 2358 0 -3 -32
E 2358 1 -2 -24
E 2358 2 -1 -16
E 2358 6 1 16
T 2359 27 0 4 0
E 2359 0 -3 -32
E 2359 1 -2 -24
E 2359 2 -1 -16
E 2359 6 1 16
T 2360 28 0 4 0
E 2360 0 -3 -34
E 2360 1 -2 -26
E 2360 2 -2 -18
E 2360 6 1 14
T 2361 25 0 4 0
E 2361 0 -3 -27
E 2361 1 -2 -19
E 2361 5 1 13
E 2361 6 2 21
T 2362 25 0 4 0
E 2362 0 -2 -26
E 2362 1 -2 -18
E 2362 5 1 14
E 2362 6 2 22
T 2363 26 0 4 0
E 2363 0 -3 -30
E 2363 1 -2 -22
E 2363 2 -1 -14
E 2363 6 2 18
T 2364 25 1 4 0
E 2364 0 -2 -25
E 2364 1 -1 -17
E 2364 5 1 15
E 2364 6 2 23
T 2365 23 0 4 0
E 2365 0 -2 -21
E 2365 1 -1 -13
E 2365 5 2 19
E 2365 6 3 27
T 2366 25 1 4 0
E 2366 0 -2 -25
E 2366 1 -1 -17
E 2366 5 1 15
E 2366 6 2 23
T 2367 25 1 4 0
E 2367 0 -2 -25
E 2367 1 -1 -17
E 2367 5 1 15
E 2367 6 2 23
T 2368 23 0 4 0
E 2368 0 -2 -21
E 2368 1 -1 -13
E 2368 5 2 19
E 2368 6 3 27
T 2369 23 0 4 0
E 2369 0 -2 -22
E 2369 1 -1 -14
E 2369 5 2 18
E 2369 6 2 26
T 2370 25 0 4 0
E 2370 0 -2 -26
E 2370 1 -2 -18
E 2370 5 1 14
E 2370 6 2 22
T 2371 25 1 4 0
E 2371 0 -2 -25
E 2371 1 -1 -17
E 2371 5 1 15
E 2371 6 2 23
T 2372 26 0 4 0
E 2372 0 -3 -31
E 2372 1 -2 -23
E 2372 2 -1 -15
E 2372 6 1 17
T 2373 28 0 4 0
E 2373 0 -3 -34
E 2373 1 -2 -26
E 2373 2 -2 -18
E 2373 6 1 14
T 2374 28 0 4 0
E 2374 0 -3 -33
E 2374 1 -2 -25
E 2374 2 -1 -17
E 2374 6 1 15
T 2375 25 0 4 0
E 2375 0 -3 -27
E 2375 1 -2 -19
E 2375 5 1 13
E 2375 6 2 21
T 2376 23 1 4 0
E 2376 0 -2 -23
E 2376 1 -1 -15
E 2376 5 1 17
E 2376 6 2 25
T 2377 23 0 4 0
E 2377 0 -2 -21
E 2377 1 -1 -13
E 2377 5 2 19
E 2377 6 3 27
T 2378 25 0 3 0
E 2378 0 -3 -28
E 2378 1 -2 -20
E 2378 6 2 20
T 2379 25 0 4 0
E 2379 0 -2 -26
E 2379 1 -2 -18
E 2379 5 1 14
E 2379 6 2 22
T 2380 23 0 3 0
E 2380 0 -2 -20
E 2380 5 2 20
E 2380 6 3 28
T 2381 25 0 4 0
E 2381 0 -3 -29
E 2381 1 -2 -21
E 2381 2 -1 -13
E 2381 6 2 19
T 2382 25 0 4 0
E 2382 0 -3 -29
E 2382 1 -2 -21
E 2382 2 -1 -13
E 2382 6 2 19
T 2383 23 0 4 0
E 2383 0 -2 -21
E 2383 1 -1 -13
E 2383 5 2 19
E 2383 6 3 27
T 2384 25 0 3 0
E 2384 0 -3 -28
E 2384 1 -2 -20
E 2384 6 2 20
T 2385 26 0 4 0
E 2385 0 -3 -31
E 2385 1 -2 -23
E 2385 2 -1 -15
E 2385 6 1 17
T 2386 25 0 3 0
E 2386 0 -3 -28
E 2386 1 -2 -20
E 2386 6 2 20
T 2387 26 0 4 0
E 2387 0 -3 -30
E 2387 1 -2 -22
E 2387 2 -1 -14
E 2387 6 2 18
T 2388 23 0 4 0
E 2388 0 -2 -22
E 2388 1 -1 -14
E 2388 5 2 18
E 2388 6 2 26
T 2389 25 1 4 0
E 2389 0 -2 -25
E 2389 1 -1 -17
E 2389 5 1 15
E 2389 6 2 23
T 2390 24 1 4 0
E 2390 0 -2 -24
E 2390 1 -1 -16
E 2390 5 1 16
E 2390 6 2 24
T 2391 27 0 4 0
E 2391 0 -3 -32
E 2391 1 -2 -24
E 2391 2 -1 -16
E 2391 6 1 16
T 2392 23 1 4 0
E 2392 0 -2 -23
E 2392 1 -1 -15
E 2392 5 1 17
E 2392 6 2 25
T 2393 25 0 4 0
E 2393 0 -3 -27
E 2393 1 -2 -19
E 2393 5 1 13
E 2393 6 2 21
T 2394 26 0 4 0
E 2394 0 -3 -30
E 2394 1 -2 -22
E 2394 2 -1 -14
E 2394 6 2 18
T 2395 28 0 4 0
E 2395 0 -3 -33
E 2395 1 -2 -25
E 2395 2 -1 -17
E 2395 6 1 15
T 2396 25 0 4 0
E 2396 0 -3 -27
E 2396 1 -2 -19
E 2396 5 1 13
E 2396 6 2 21
T 2397 26 0 4 0
E 2397 0 -3 -31
E 2397 1 -2 -23
E 2397 2 -1 -15
E 2397 6 1 17
T 2398 26 0 4 0
E 2398 0 -3 -31
E 2398 1 -2 -23
E 2398 2 -1 -15
E 2398 6 1 17
T 2399 25 0 4 0
E 2399 0 -3 -27
E 2399 1 -2 -19
E 2399 5 1 13
E 2399 6 2 21
T 2400 18 0 3 0
E 2400 0 2 20
E 2400 1 -2 -20
E 2400 6 2 20
T 2401 21 0 4 0
E 2401 0 2 24
E 2401 1 -2 -19
E 2401 5 1 13
E 2401 6 2 21
T 2402 24 0 4 0
E 2402 0 3 29
E 2402 1 -1 -17
E 2402 5 1 15
E 2402 6 2 23
T 2403 26 0 4 0
E 2403 0 3 30
E 2403 1 -2 -19
E 2403 5 1 13
E 2403 6 2 21
T 2404 26 0 4 0
E 2404 0 2 22
E 2404 1 -3 -31
E 2404 2 -2 -23
E 2404 3 -1 -15
T 2405 25 1 4 0
E 2405 0 2 25
E 2405 1 1 17
E 2405 2 -2 -23
E 2405 3 -1 -15
T 2406 28 0 3 0
E 2406 0 3 31
E 2406 1 2 23
E 2406 2 -2 -20
T 2407 30 0 4 0
E 2407 0 3 32
E 2407 1 2 24
E 2407 2 -2 -22
E 2407 3 -1 -14
T 2408 32 0 4 0
E 2408 0 4 36
E 2408 1 3 28
E 2408 2 -2 -21
E 2408 3 -1 -13
T 2409 33 1 4 0
E 2409 0 3 33
E 2409 1 2 25
E 2409 2 -3 -28
E 2409 3 -2 -20
T 2410 28 0 5 0
E 2410 0 3 31
E 2410 1 2 23
E 2410 2 1 15
E 2410 3 -2 -25
E 2410 4 -1 -17
T 2411 28 0 5 0
E 2411 0 2 26
E 2411 1 2 18
E 2411 3 -3 -33
E 2411 4 -2 -25
E 2411 5 -1 -17
T 2412 32 0 5 0
E 2412 0 3 35
E 2412 1 3 27
E 2412 2 2 19
E 2412 3 -3 -27
E 2412 4 -2 -19
T 2413 34 0 5 0
E 2413 0 4 39
E 2413 1 3 31
E 2413 2 2 23
E 2413 3 -2 -26
E 2413 4 -2 -18
T 2414 33 0 6 0
E 2414 0 4 36
E 2414 1 3 28
E 2414 2 2 20
E 2414 3 -3 -33
E 2414 4 -2 -25
E 2414 5 -1 -17
T 2415 33 0 6 0
E 2415 0 3 34
E 2415 1 2 26
E 2415 2 2 18
E 2415 4 -3 -30
E 2415 5 -2 -22
E 2415 6 -1 -14
T 2416 33 0 6 0
E 2416 0 4 36
E 2416 1 3 28
E 2416 2 2 20
E 2416 4 -3 -31
E 2416 5 -2 -23
E 2416 6 -1 -15
T 2417 36 0 6 0
E 2417 0 3 34
E 2417 1 2 26
E 2417 2 2 18
E 2417 4 -4 -36
E 2417 5 -3 -28
E 2417 6 -2 -20
T 2418 34 0 6 0
E 2418 0 3 31
E 2418 1 2 23
E 2418 2 1 15
E 2418 4 -4 -42
E 2418 5 -3 -34
E 2418 6 -2 -26
T 2419 39 0 7 0
E 2419 0 4 42
E 2419 1 3 34
E 2419 2 2 26
E 2419 3 2 18
E 2419 4 -3 -35
E 2419 5 -3 -27
E 2419 6 -2 -19
T 2420 33 0 6 0
E 2420 0 4 37
E 2420 1 3 29
E 2420 2 2 21
E 2420 3 1 13
E 2420 5 -3 -35
E 2420 6 -3 -27
T 2421 33 0 5 0
E 2421 0 3 32
E 2421 1 2 24
E 2421 2 1 16
E 2421 5 -4 -43
E 2421 6 -3 -35
T 2422 34 0 6 0
E 2422 0 4 37
E 2422 1 3 29
E 2422 2 2 21
E 2422 3 1 13
E 2422 5 -4 -41
E 2422 6 -3 -33
T 2423 36 0 5 0
E 2423 0 3 33
E 2423 1 2 25
E 2423 2 1 17
E 2423 5 -5 -48
E 2423 6 -4 -40
T 2424 36 0 5 0
E 2424 0 3 34
E 2424 1 2 26
E 2424 2 2 18
E 2424 5 -5 -51
E 2424 6 -4 -43
T 2425 32 0 4 0
E 2425 0 3 35
E 2425 1 3 27
E 2425 2 2 19
E 2425 6 -5 -45
T 2426 33 0 5 0
E 2426 0 4 39
E 2426 1 3 31
E 2426 2 2 23
E 2426 3 1 15
E 2426 6 -4 -44
T 2427 32 0 4 0
E 2427 0 3 34
E 2427 1 2 26
E 2427 2 2 18
E 2427 6 -5 -52
T 2428 32 0 4 0
E 2428 0 4 36
E 2428 1 3 28
E 2428 2 2 20
E 2428 6 -5 -53
T 2429 34 0 5 0
E 2429 0 4 38
E 2429 1 3 30
E 2429 2 2 22
E 2429 3 1 14
E 2429 6 -6 -55
T 2430 29 0 4 0
E 2430 0 4 39
E 2430 1 3 31
E 2430 2 2 23
E 2430 3 1 15
T 2431 25 0 4 0
E 2431 0 3 27
E 2431 1 2 19
E 2431 5 -1 -13
E 2431 6 -2 -21
T 2432 23 0 4 0
E 2432 0 2 22
E 2432 1 1 14
E 2432 5 -2 -18
E 2432 6 -2 -26
T 2433 23 0 4 0
E 2433 0 2 19
E 2433 4 -1 -13
E 2433 5 -2 -21
E 2433 6 -3 -29
T 2434 25 0 4 0
E 2434 0 3 27
E 2434 1 2 19
E 2434 5 -1 -13
E 2434 6 -2 -21
T 2435 24 1 4 0
E 2435 0 2 24
E 2435 1 1 16
E 2435 5 -1 -16
E 2435 6 -2 -24
T 2436 26 0 4 0
E 2436 0 3 30
E 2436 1 2 22
E 2436 2 1 14
E 2436 6 -2 -18
T 2437 26 0 4 0
E 2437 0 3 30
E 2437 1 2 22
E 2437 2 1 14
E 2437 6 -2 -18
T 2438 25 0 4 0
E 2438 0 2 26
E 2438 1 2 18
E 2438 5 -1 -14
E 2438 6 -2 -22
T 2439 25 0 4 0
E 2439 0 3 27
E 2439 1 2 19
E 2439 5 -1 -13
E 2439 6 -2 -21
T 2440 25 0 4 0
E 2440 0 3 29
E 2440 1 2 21
E 2440 2 1 13
E 2440 6 -2 -19
T 2441 24 1 4 0
E 2441 0 2 24
E 2441 1 1 16
E 2441 5 -1 -16
E 2441 6 -2 -24
T 2442 25 0 4 0
E 2442 0 3 27
E 2442 1 2 19
E 2442 5 -1 -13
E 2442 6 -2 -21
T 2443 25 0 4 0
E 2443 0 2 26
E 2443 1 2 18
E 2443 5 -1 -14
E 2443 6 -2 -22
T 2444 25 0 3 0
E 2444 0 3 28
E 2444 1 2 20
E 2444 6 -2 -20
T 2445 27 0 4 0
E 2445 0 3 32
E 2445 1 2 24
E 2445 2 1 16
E 2445 6 -1 -16
T 2446 23 1 4 0
E 2446 0 2 23
E 2446 1 1 15
E 2446 5 -1 -17
E 2446 6 -2 -25
T 2447 23 1 4 0
E 2447 0 2 23
E 2447 1 1 15
E 2447 5 -1 -17
E 2447 6 -2 -25
T 2448 25 1 4 0
E 2448 0 2 25
E 2448 1 1 17
E 2448 5 -1 -15
E 2448 6 -2 -23
T 2449 23 0 4 0
E 2449 0 2 21
E 2449 1 1 13
E 2449 5 -2 -19
E 2449 6 -3 -27
T 2450 25 0 3 0
E 2450 0 3 28
E 2450 1 2 20
E 2450 6 -2 -20
T 2451 23 1 4 0
E 2451 0 2 23
E 2451 1 1 15
E 2451 5 -1 -17
E 2451 6 -2 -25
T 2452 24 1 4 0
E 2452 0 2 24
E 2452 1 1 16
E 2452 5 -1 -16
E 2452 6 -2 -24
T 2453 23 0 3 0
E 2453 0 2 20
E 2453 5 -2 -20
E 2453 6 -3 -28
T 2454 26 0 4 0
E 2454 0 3 31
E 2454 1 2 23
E 2454 2 1 15
E 2454 6 -1 -17
T 2455 23 1 4 0
E 2455 0 2 23
E 2455 1 1 15
E 2455 5 -1 -17
E 2455 6 -2 -25
T 2456 22 0 4 0
E 2456 0 2 18
E 2456 4 -1 -14
E 2456 5 -2 -22
E 2456 6 -3 -30
T 2457 23 0 3 0
E 2457 0 2 20
E 2457 5 -2 -20
E 2457 6 -3 -28
T 2458 25 0 4 0
E 2458 0 3 27
E 2458 1 2 19
E 2458 5 -1 -13
E 2458 6 -2 -21
T 2459 25 0 4 0
E 2459 0 2 26
E 2459 1 2 18
E 2459 5 -1 -14
E 2459 6 -2 -22
T 2460 23 1 4 0
E 2460 0 2 23
E 2460 1 1 15
E 2460 5 -1 -17
E 2460 6 -2 -25
T 2461 23 0 4 0
E 2461 0 2 21
E 2461 1 1 13
E 2461 5 -2 -19
E 2461 6 -3 -27
T 2462 25 0 4 0
E 2462 0 3 29
E 2462 1 2 21
E 2462 2 1 13
E 2462 6 -2 -19
T 2463 23 1 4 0
E 2463 0 2 23
E 2463 1 1 15
E 2463 5 -1 -17
E 2463 6 -2 -25
T 2464 25 0 4 0
E 2464 0 3 29
E 2464 1 2 21
E 2464 2 1 13
E 2464 6 -2 -19
T 2465 23 1 4 0
E 2465 0 2 23
E 2465 1 1 15
E 2465 5 -1 -17
E 2465 6 -2 -25
T 2466 26 0 4 0
E 2466 0 3 30
E 2466 1 2 22
E 2466 2 1 14
E 2466 6 -2 -18
T 2467 25 0 4 0
E 2467 0 2 26
E 2467 1 2 18
E 2467 5 -1 -14
E 2467 6 -2 -22
T 2468 26 0 4 0
E 2468 0 3 31
E 2468 1 2 23
E 2468 2 1 15
E 2468 6 -1 -17
T 2469 25 0 4 0
E 2469 0 3 27
E 2469 1 2 19
E 2469 5 -1 -13
E 2469 6 -2 -21
T 2470 26 0 4 0
E 2470 0 3 31
E 2470 1 2 23
E 2470 2 1 15
E 2470 6 -1 -17
T 2471 28 0 4 0
E 2471 0 3 33
E 2471 1 2 25
E 2471 2 1 17
E 2471 6 -1 -15
T 2472 25 0 4 0
E 2472 0 2 26
E 2472 1 2 18
E 2472 5 -1 -14
E 2472 6 -2 -22
T 2473 27 0 4 0
E 2473 0 3 32
E 2473 1 2 24
E 2473 2 1 16
E 2473 6 -1 -16
T 2474 28 0 4 0
E 2474 0 3 35
E 2474 1 3 27
E 2474 2 2 19
E 2474 6 -1 -13
T 2475 27 0 4 0
E 2475 0 3 32
E 2475 1 2 24
E 2475 2 1 16
E 2475 6 -1 -16
T 2476 23 1 4 0
E 2476 0 2 23
E 2476 1 1 15
E 2476 5 -1 -17
E 2476 6 -2 -25
T 2477 25 1 4 0
E 2477 0 2 25
E 2477 1 1 17
E 2477 5 -1 -15
E 2477 6 -2 -23
T 2478 25 0 4 0
E 2478 0 2 26
E 2478 1 2 18
E 2478 5 -1 -14
E 2478 6 -2 -22
T 2479 25 0 3 0
E 2479 0 3 28
E 2479 1 2 20
E 2479 6 -2 -20
T 2480 23 0 4 0
E 2480 0 2 22
E 2480 1 1 14
E 2480 5 -2 -18
E 2480 6 -2 -26
T 2481 25 1 4 0
E 2481 0 2 25
E 2481 1 1 17
E 2481 5 -1 -15
E 2481 6 -2 -23
T 2482 23 0 4 0
E 2482 0 2 22
E 2482 1 1 14
E 2482 5 -2 -18
E 2482 6 -2 -26
T 2483 25 0 3 0
E 2483 0 3 28
E 2483 1 2 20
E 2483 6 -2 -20
T 2484 25 0 3 0
E 2484 0 3 28
E 2484 1 2 20
E 2484 6 -2 -20
T 2485 27 0 4 0
E 2485 0 3 32
E 2485 1 2 24
E 2485 2 1 16
E 2485 6 -1 -16
T 2486 25 0 4 0
E 2486 0 3 27
E 2486 1 2 19
E 2486 5 -1 -13
E 2486 6 -2 -21
T 2487 26 0 4 0
E 2487 0 3 30
E 2487 1 2 22
E 2487 2 1 14
E 2487 6 -2 -18
T 2488 25 0 4 0
E 2488 0 3 29
E 2488 1 2 21
E 2488 2 1 13
E 2488 6 -2 -19
T 2489 25 1 4 0
E 2489 0 2 25
E 2489 1 1 17
E 2489 5 -1 -15
E 2489 6 -2 -23
T 2490 25 0 4 0
E 2490 0 3 27
E 2490 1 2 19
E 2490 5 -1 -13
E 2490 6 -2 -21
T 2491 24 1 4 0
E 2491 0 2 24
E 2491 1 1 16
E 2491 5 -1 -16
E 2491 6 -2 -24
T 2492 26 0 4 0
E 2492 0 3 30
E 2492 1 2 22
E 2492 2 1 14
E 2492 6 -2 -18
T 2493 25 0 4 0
E 2493 0 2 26
E 2493 1 2 18
E 2493 5 -1 -14
E 2493 6 -2 -22
T 2494 27 0 4 0
E 2494 0 3 32
E 2494 1 2 24
E 2494 2 1 16
E 2494 6 -1 -16
T 2495 28 0 4 0
E 2495 0 3 33
E 2495 1 2 25
E 2495 2 1 17
E 2495 6 -1 -15
T 2496 23 1 4 0
E 2496 0 2 23
E 2496 1 1 15
E 2496 5 -1 -17
E 2496 6 -2 -25
T 2497 21 1 4 0
E 2497 0 2 21
E 2497 1 1 16
E 2497 5 -1 -16
E 2497 6 -2 -24
T 2498 18 1 4 0
E 2498 0 2 18
E 2498 1 1 15
E 2498 5 -1 -17
E 2498 6 -2 -25
T 2499 16 0 4 0
E 2499 0 1 15
E 2499 1 1 15
E 2499 5 -1 -17
E 2499 6 -2 -25
T 2500 14 0 3 0
E 2500 1 1 15
E 2500 5 -1 -17
E 2500 6 -2 -25
T 2501 13 1 4 0
E 2501 0 1 13
E 2501 1 2 18
E 2501 5 -1 -14
E 2501 6 -2 -22
T 2502 13 0 4 0
E 2502 0 1 16
E 2502 1 2 21
E 2502 2 1 16
E 2502 6 -1 -16
T 2503 12 0 2 0
E 2503 5 -2 -16
E 2503 6 -4 -24
T 2504 9 1 3 0
E 2504 1 1 14
E 2504 2 1 14
E 2504 6 -2 -18
T 2505 8 0 4 0
E 2505 0 1 14
E 2505 1 2 19
E 2505 2 2 22
E 2505 3 1 14
T 2506 7 1 2 0
E 2506 2 2 17
E 2506 6 -2 -15
T 2507 6 0 3 0
E 2507 1 1 15
E 2507 2 2 20
E 2507 3 1 15
T 2508 6 0 3 0
E 2508 1 1 16
E 2508 2 2 21
E 2508 3 2 18
T 2509 4 0 3 0
E 2509 1 1 14
E 2509 2 2 19
E 2509 3 2 19
T 2510 3 0 1 0
E 2510 3 5 15
T 2511 4 0 1 0
E 2511 6 -6 -19
T 2512 4 0 1 0
E 2512 3 5 16
T 2513 5 0 1 0
E 2513 3 5 15
T 2514 5 0 0 0
T 2515 6 0 0 0
T 2516 8 0 0 0
T 2517 9 0 1 0
E 2517 4 5 16
T 2518 10 0 1 0
E 2518 0 -4 -14
T 2519 11 0 0 0
T 2520 11 0 1 0
E 2520 0 -5 -16
T 2521 13 0 2 0
E 2521 0 -3 -18
E 2521 1 -2 -13
T 2522 12 0 1 0
E 2522 0 -5 -17
T 2523 12 0 1 0
E 2523 0 -5 -17
T 2524 13 0 2 0
E 2524 5 2 16
E 2524 6 2 16
T 2525 11 0 1 0
E 2525 0 -5 -16
T 2526 13 0 2 0
E 2526 0 -3 -18
E 2526 1 -2 -13
T 2527 16 1 2 0
E 2527 0 -2 -16
E 2527 6 2 14
T 2528 13 0 2 0
E 2528 0 -3 -18
E 2528 1 -2 -13
T 2529 16 1 2 0
E 2529 0 -2 -16
E 2529 6 2 14
T 2530 16 0 2 0
E 2530 0 -3 -21
E 2530 1 -2 -16
T 2531 17 1 2 0
E 2531 0 -2 -17
E 2531 6 2 13
T 2532 17 0 2 0
E 2532 0 -3 -22
E 2532 1 -2 -17
T 2533 16 0 2 0
E 2533 0 -3 -21
E 2533 1 -2 -16
T 2534 17 1 2 0
E 2534 0 -2 -17
E 2534 6 2 13
T 2535 13 0 2 0
E 2535 0 -3 -18
E 2535 1 -2 -13
T 2536 14 0 2 0
E 2536 0 -3 -19
E 2536 1 -2 -14
T 2537 14 1 2 0
E 2537 0 -2 -14
E 2537 6 2 16
T 2538 15 0 2 0
E 2538 5 2 15
E 2538 6 3 20
T 2539 15 1 2 0
E 2539 0 -2 -15
E 2539 6 2 15
T 2540 14 0 2 0
E 2540 0 -3 -19
E 2540 1 -2 -14
T 2541 15 0 2 0
E 2541 0 -3 -20
E 2541 1 -2 -15
T 2542 17 1 2 0
E 2542 0 -2 -17
E 2542 6 2 13
T 2543 16 0 2 0
E 2543 0 -3 -21
E 2543 1 -2 -16
T 2544 17 0 2 0
E 2544 0 -3 -22
E 2544 1 -2 -17
T 2545 13 1 2 0
E 2545 0 -2 -13
E 2545 6 2 17
T 2546 15 0 2 0
E 2546 0 -3 -20
E 2546 1 -2 -14
T 2547 15 1 2 0
E 2547 0 -2 -15
E 2547 6 2 16
T 2548 17 0 2 0
E 2548 0 -3 -18
E 2548 6 2 14
T 2549 17 0 3 0
E 2549 0 -1 -15
E 2549 5 1 13
E 2549 6 2 18
T 2550 17 0 2 0
E 2550 5 2 16
E 2550 6 3 21
T 2551 19 0 3 0
E 2551 0 -2 -21
E 2551 1 -1 -13
E 2551 6 1 13
T 2552 18 0 3 0
E 2552 0 -1 -16
E 2552 5 1 13
E 2552 6 2 18
T 2553 18 0 3 0
E 2553 0 -1 -16
E 2553 5 1 14
E 2553 6 2 19
T 2554 16 0 3 0
E 2554 0 -1 -14
E 2554 5 1 17
E 2554 6 2 22
T 2555 19 0 3 0
E 2555 0 -1 -17
E 2555 5 1 14
E 2555 6 2 19
T 2556 22 0 3 0
E 2556 0 -2 -24
E 2556 1 -1 -16
E 2556 6 1 13
T 2557 22 0 3 0
E 2557 0 -2 -24
E 2557 1 -1 -16
E 2557 6 1 13
T 2558 22 0 3 0
E 2558 0 -2 -24
E 2558 1 -1 -16
E 2558 6 1 14
T 2559 19 0 3 0
E 2559 0 -2 -18
E 2559 5 1 16
E 2559 6 2 21
T 2560 21 0 3 0
E 2560 0 -2 -20
E 2560 5 1 14
E 2560 6 2 19
T 2561 22 1 4 0
E 2561 0 -2 -22
E 2561 1 -1 -14
E 2561 5 1 13
E 2561 6 2 18
T 2562 22 0 3 0
E 2562 0 -2 -24
E 2562 1 -1 -16
E 2562 6 1 16
T 2563 23 1 4 0
E 2563 0 -2 -23
E 2563 1 -1 -15
E 2563 5 1 13
E 2563 6 2 18
T 2564 22 0 4 0
E 2564 0 -2 -19
E 2564 4 1 13
E 2564 5 2 18
E 2564 6 2 23
T 2565 21 0 3 0
E 2565 0 -2 -20
E 2565 5 1 17
E 2565 6 2 22
T 2566 21 0 4 0
E 2566 0 -1 -17
E 2566 4 1 15
E 2566 5 2 21
E 2566 6 2 26
T 2567 22 0 4 0
E 2567 0 -2 -19
E 2567 4 1 13
E 2567 5 2 19
E 2567 6 2 24
T 2568 25 1 4 0
E 2568 0 -2 -25
E 2568 1 -1 -17
E 2568 5 1 14
E 2568 6 2 19
T 2569 22 0 4 0
E 2569 0 -2 -21
E 2569 1 -1 -13
E 2569 5 2 19
E 2569 6 2 24
T 2570 22 0 4 0
E 2570 0 -2 -18
E 2570 4 1 14
E 2570 5 2 22
E 2570 6 3 27
T 2571 22 0 4 0
E 2571 0 -2 -21
E 2571 1 -1 -13
E 2571 5 2 19
E 2571 6 2 25
T 2572 22 0 4 0
E 2572 0 -2 -18
E 2572 4 1 14
E 2572 5 2 22
E 2572 6 3 28
T 2573 23 0 4 0
E 2573 0 -2 -19
E 2573 4 1 13
E 2573 5 2 21
E 2573 6 3 28
T 2574 23 0 4 0
E 2574 0 -2 -22
E 2574 1 -1 -14
E 2574 5 2 18
E 2574 6 2 26
T 2575 23 0 4 0
E 2575 0 -2 -19
E 2575 4 1 13
E 2575 5 2 21
E 2575 6 3 29
T 2576 25 1 4 0
E 2576 0 -2 -25
E 2576 1 -1 -17
E 2576 5 1 15
E 2576 6 2 23
T 2577 26 0 4 0
E 2577 0 -3 -30
E 2577 1 -2 -22
E 2577 2 -1 -14
E 2577 6 2 18
T 2578 25 0 4 0
E 2578 0 -2 -26
E 2578 1 -2 -18
E 2578 5 1 14
E 2578 6 2 22
T 2579 23 1 4 0
E 2579 0 -2 -23
E 2579 1 -1 -15
E 2579 5 1 17
E 2579 6 2 25
T 2580 25 0 4 0
E 2580 0 -3 -29
E 2580 1 -2 -21
E 2580 2 -1 -13
E 2580 6 2 19
T 2581 25 1 4 0
E 2581 0 -2 -25
E 2581 1 -1 -17
E 2581 5 1 15
E 2581 6 2 23
T 2582 26 0 4 0
E 2582 0 -3 -30
E 2582 1 -2 -22
E 2582 2 -1 -14
E 2582 6 2 18
T 2583 26 0 4 0
E 2583 0 -3 -31
E 2583 1 -2 -23
E 2583 2 -1 -15
E 2583 6 1 17
T 2584 28 0 4 0
E 2584 0 -3 -34
E 2584 1 -2 -26
E 2584 2 -2 -18
E 2584 6 1 14
T 2585 28 0 4 0
E 2585 0 -3 -35
E 2585 1 -3 -27
E 2585 2 -2 -19
E 2585 6 1 13
T 2586 27 0 3 0
E 2586 0 -4 -36
E 2586 1 -3 -28
E 2586 2 -2 -20
T 2587 23 0 4 0
E 2587 0 -2 -22
E 2587 1 -1 -14
E 2587 5 2 18
E 2587 6 2 26
T 2588 23 1 4 0
E 2588 0 -2 -23
E 2588 1 -1 -15
E 2588 5 1 17
E 2588 6 2 25
T 2589 25 1 4 0
E 2589 0 -2 -25
E 2589 1 -1 -17
E 2589 5 1 15
E 2589 6 2 23
T 2590 23 0 4 0
E 2590 0 -2 -22
E 2590 1 -1 -14
E 2590 5 2 18
E 2590 6 2 26
T 2591 25 0 4 0
E 2591 0 -3 -27
E 2591 1 -2 -19
E 2591 5 1 13
E 2591 6 2 21
T 2592 26 0 4 0
E 2592 0 -3 -31
E 2592 1 -2 -23
E 2592 2 -1 -15
E 2592 6 1 17
T 2593 26 0 4 0
E 2593 0 -3 -31
E 2593 1 -2 -23
E 2593 2 -1 -15
E 2593 6 1 17
T 2594 26 0 4 0
E 2594 0 -3 -31
E 2594 1 -2 -23
E 2594 2 -1 -15
E 2594 6 1 17
T 2595 25 0 4 0
E 2595 0 -3 -27
E 2595 1 -2 -19
E 2595 5 1 13
E 2595 6 2 21
T 2596 27 0 4 0
E 2596 0 -3 -32
E 2596 1 -2 -24
E 2596 2 -1 -16
E 2596 6 1 16
T 2597 25 1 4 0
E 2597 0 -2 -25
E 2597 1 -1 -17
E 2597 5 1 15
E 2597 6 2 23
T 2598 27 0 4 0
E 2598 0 -3 -32
E 2598 1 -2 -24
E 2598 2 -1 -16
E 2598 6 1 16
T 2599 28 0 4 0
E 2599 0 -3 -35
E 2599 1 -3 -27
E 2599 2 -2 -19
E 2599 6 1 13
T 2600 25 1 4 0
E 2600 0 -2 -25
E 2600 1 -1 -17
E 2600 5 1 15
E 2600 6 2 23
T 2601 23 1 4 0
E 2601 0 -2 -23
E 2601 1 -1 -15
E 2601 5 1 17
E 2601 6 2 25
T 2602 26 0 4 0
E 2602 0 -3 -30
E 2602 1 -2 -22
E 2602 2 -1 -14
E 2602 6 2 18
T 2603 25 1 4 0
E 2603 0 -2 -25
E 2603 1 -1 -17
E 2603 5 1 15
E 2603 6 2 23
T 2604 23 0 4 0
E 2604 0 -2 -22
E 2604 1 -1 -14
E 2604 5 2 18
E 2604 6 2 26
T 2605 25 0 3 0
E 2605 0 -3 -28
E 2605 1 -2 -20
E 2605 6 2 20
T 2606 25 0 4 0
E 2606 0 -2 -26
E 2606 1 -2 -18
E 2606 5 1 14
E 2606 6 2 22
T 2607 23 0 3 0
E 2607 0 -2 -20
E 2607 5 2 20
E 2607 6 3 28
T 2608 26 0 4 0
E 2608 0 -3 -31
E 2608 1 -2 -23
E 2608 2 -1 -15
E 2608 6 1 17
T 2609 25 0 3 0
E 2609 0 -3 -28
E 2609 1 -2 -20
E 2609 6 2 20
T 2610 25 0 4 0
E 2610 0 -2 -26
E 2610 1 -2 -18
E 2610 5 1 14
E 2610 6 2 22
T 2611 23 0 4 0
E 2611 0 -2 -21
E 2611 1 -1 -13
E 2611 5 2 19
E 2611 6 3 27
T 2612 25 0 3 0
E 2612 0 -3 -28
E 2612 1 -2 -20
E 2612 6 2 20
T 2613 25 0 3 0
E 2613 0 -3 -28
E 2613 1 -2 -20
E 2613 6 2 20
T 2614 25 0 4 0
E 2614 0 -2 -26
E 2614 1 -2 -18
E 2614 5 1 14
E 2614 6 2 22
T 2615 27 0 4 0
E 2615 0 -3 -32
E 2615 1 -2 -24
E 2615 2 -1 -16
E 2615 6 1 16
T 2616 27 0 4 0
E 2616 0 -3 -32
E 2616 1 -2 -24
E 2616 2 -1 -16
E 2616 6 1 16
T 2617 25 1 4 0
E 2617 0 -2 -25
E 2617 1 -1 -17
E 2617 5 1 15
E 2617 6 2 23
T 2618 25 0 3 0
E 2618 0 -3 -28
E 2618 1 -2 -20
E 2618 6 2 20
T 2619 23 0 4 0
E 2619 0 -2 -21
E 2619 1 -1 -13
E 2619 5 2 19
E 2619 6 3 27
T 2620 22 0 4 0
E 2620 0 -2 -18
E 2620 4 1 14
E 2620 5 2 22
E 2620 6 3 30
T 2621 23 0 4 0
E 2621 0 -2 -21
E 2621 1 -1 -13
E 2621 5 2 19
E 2621 6 3 27
T 2622 25 0 3 0
E 2622 0 -3 -28
E 2622 1 -2 -20
E 2622 6 2 20
T 2623 27 0 4 0
E 2623 0 -3 -32
E 2623 1 -2 -24
E 2623 2 -1 -16
E 2623 6 1 16
T 2624 28 0 4 0
E 2624 0 -3 -35
E 2624 1 -3 -27
E 2624 2 -2 -19
E 2624 6 1 13
T 2625 23 1 4 0
E 2625 0 -2 -23
E 2625 1 -1 -15
E 2625 5 1 17
E 2625 6 2 25
T 2626 23 0 4 0
E 2626 0 -2 -21
E 2626 1 -1 -13
E 2626 5 2 19
E 2626 6 3 27
T 2627 23 0 4 0
E 2627 0 -2 -19
E 2627 4 1 13
E 2627 5 2 21
E 2627 6 3 29
T 2628 23 0 4 0
E 2628 0 -2 -22
E 2628 1 -1 -14
E 2628 5 2 18
E 2628 6 2 26
T 2629 23 0 3 0
E 2629 0 -2 -20
E 2629 5 2 20
E 2629 6 3 28
T 2630 25 0 4 0
E 2630 0 -2 -26
E 2630 1 -2 -18
E 2630 5 1 14
E 2630 6 2 22
T 2631 25 0 4 0
E 2631 0 -3 -27
E 2631 1 -2 -19
E 2631 5 1 13
E 2631 6 2 21
T 2632 23 0 3 0
E 2632 0 -2 -20
E 2632 5 2 20
E 2632 6 3 28
T 2633 25 0 4 0
E 2633 0 -3 -29
E 2633 1 -2 -21
E 2633 2 -1 -13
E 2633 6 2 19
T 2634 27 0 4 0
E 2634 0 -3 -32
E 2634 1 -2 -24
E 2634 2 -1 -16
E 2634 6 1 16
T 2635 23 1 4 0
E 2635 0 -2 -23
E 2635 1 -1 -15
E 2635 5 1 17
E 2635 6 2 25
T 2636 25 0 4 0
E 2636 0 -3 -29
E 2636 1 -2 -21
E 2636 2 -1 -13
E 2636 6 2 19
T 2637 26 0 4 0
E 2637 0 -3 -31
E 2637 1 -2 -23
E 2637 2 -1 -15
E 2637 6 1 17
T 2638 25 0 4 0
E 2638 0 -2 -26
E 2638 1 -2 -18
E 2638 5 1 14
E 2638 6 2 22
T 2639 25 1 4 0
E 2639 0 -2 -25
E 2639 1 -1 -17
E 2639 5 1 15
E 2639 6 2 23
T 2640 20 0 4 0
E 2640 0 3 27
E 2640 1 -1 -13
E 2640 5 2 19
E 2640 6 3 27
T 2641 19 0 3 0
E 2641 0 1 15
E 2641 1 -3 -28
E 2641 2 -2 -20
T 2642 20 0 4 0
E 2642 0 1 15
E 2642 1 -3 -31
E 2642 2 -2 -23
E 2642 3 -1 -15
T 2643 24 0 3 0
E 2643 0 2 21
E 2643 1 -3 -28
E 2643 2 -2 -20
T 2644 27 1 4 0
E 2644 0 3 27
E 2644 1 -2 -26
E 2644 2 -2 -18
E 2644 6 1 14
T 2645 28 0 4 0
E 2645 0 3 34
E 2645 1 2 26
E 2645 2 -1 -14
E 2645 6 2 18
T 2646 28 0 4 0
E 2646 0 3 32
E 2646 1 2 24
E 2646 2 -2 -19
E 2646 6 1 13
T 2647 27 0 4 0
E 2647 0 2 26
E 2647 1 2 18
E 2647 2 -3 -28
E 2647 3 -2 -20
T 2648 30 0 4 0
E 2648 0 3 32
E 2648 1 2 24
E 2648 2 -2 -25
E 2648 3 -1 -17
T 2649 33 0 4 0
E 2649 0 3 35
E 2649 1 3 27
E 2649 2 -2 -26
E 2649 3 -2 -18
T 2650 30 0 5 0
E 2650 0 3 34
E 2650 1 2 26
E 2650 2 2 18
E 2650 3 -2 -22
E 2650 4 -1 -14
T 2651 31 0 5 0
E 2651 0 3 32
E 2651 1 2 24
E 2651 2 1 16
E 2651 3 -3 -27
E 2651 4 -2 -19
T 2652 31 0 5 0
E 2652 0 4 36
E 2652 1 3 28
E 2652 2 2 20
E 2652 3 -2 -26
E 2652 4 -2 -18
T 2653 32 0 6 0
E 2653 0 3 27
E 2653 1 2 19
E 2653 3 -4 -38
E 2653 4 -3 -30
E 2653 5 -2 -22
E 2653 6 -1 -14
T 2654 34 0 7 0
E 2654 0 3 30
E 2654 1 2 22
E 2654 2 1 14
E 2654 3 -4 -39
E 2654 4 -3 -31
E 2654 5 -2 -23
E 2654 6 -1 -15
T 2655 33 0 6 0
E 2655 0 4 40
E 2655 1 3 32
E 2655 2 2 24
E 2655 3 1 16
E 2655 4 -2 -24
E 2655 5 -1 -16
T 2656 34 0 6 0
E 2656 0 3 32
E 2656 1 2 24
E 2656 2 1 16
E 2656 4 -3 -35
E 2656 5 -3 -27
E 2656 6 -2 -19
T 2657 34 0 6 0
E 2657 0 3 31
E 2657 1 2 23
E 2657 2 1 15
E 2657 4 -4 -39
E 2657 5 -3 -31
E 2657 6 -2 -23
T 2658 36 0 7 0
E 2658 0 4 38
E 2658 1 3 30
E 2658 2 2 22
E 2658 3 1 14
E 2658 4 -3 -35
E 2658 5 -3 -27
E 2658 6 -2 -19
T 2659 38 0 7 0
E 2659 0 4 43
E 2659 1 3 35
E 2659 2 3 27
E 2659 3 2 19
E 2659 4 -3 -34
E 2659 5 -2 -26
E 2659 6 -2 -18
T 2660 36 0 6 0
E 2660 0 4 43
E 2660 1 3 35
E 2660 2 3 27
E 2660 3 2 19
E 2660 5 -3 -29
E 2660 6 -2 -21
T 2661 36 0 6 0
E 2661 0 4 39
E 2661 1 3 31
E 2661 2 2 23
E 2661 3 1 15
E 2661 5 -4 -36
E 2661 6 -3 -28
T 2662 37 0 6 0
E 2662 0 4 43
E 2662 1 3 35
E 2662 2 3 27
E 2662 3 2 19
E 2662 5 -3 -35
E 2662 6 -3 -27
T 2663 36 0 5 0
E 2663 0 3 33
E 2663 1 2 25
E 2663 2 1 17
E 2663 5 -5 -48
E 2663 6 -4 -40
T 2664 36 1 5 0
E 2664 0 4 36
E 2664 1 3 28
E 2664 2 2 20
E 2664 5 -5 -49
E 2664 6 -4 -41
T 2665 31 0 5 0
E 2665 0 4 37
E 2665 1 3 29
E 2665 2 2 21
E 2665 3 1 13
E 2665 6 -4 -43
T 2666 33 0 5 0
E 2666 0 4 38
E 2666 1 3 30
E 2666 2 2 22
E 2666 3 1 14
E 2666 6 -5 -45
T 2667 31 1 4 0
E 2667 0 3 31
E 2667 1 2 23
E 2667 2 1 15
E 2667 6 -6 -55
T 2668 29 1 4 0
E 2668 0 3 29
E 2668 1 2 21
E 2668 2 1 13
E 2668 6 -6 -60
T 2669 30 0 4 0
E 2669 0 3 29
E 2669 1 2 21
E 2669 2 1 13
E 2669 6 -7 -64
T 2670 26 0 4 0
E 2670 0 3 30
E 2670 1 2 22
E 2670 2 1 14
E 2670 6 -2 -18
T 2671 27 0 4 0
E 2671 0 3 32
E 2671 1 2 24
E 2671 2 1 16
E 2671 6 -1 -16
T 2672 25 0 4 0
E 2672 0 3 27
E 2672 1 2 19
E 2672 5 -1 -13
E 2672 6 -2 -21
T 2673 27 0 4 0
E 2673 0 3 32
E 2673 1 2 24
E 2673 2 1 16
E 2673 6 -1 -16
T 2674 25 0 3 0
E 2674 0 3 28
E 2674 1 2 20
E 2674 6 -2 -20
T 2675 25 0 3 0
E 2675 0 3 28
E 2675 1 2 20
E 2675 6 -2 -20
T 2676 25 0 4 0
E 2676 0 3 27
E 2676 1 2 19
E 2676 5 -1 -13
E 2676 6 -2 -21
T 2677 25 0 4 0
E 2677 0 3 29
E 2677 1 2 21
E 2677 2 1 13
E 2677 6 -2 -19
T 2678 26 0 4 0
E 2678 0 3 30
E 2678 1 2 22
E 2678 2 1 14
E 2678 6 -2 -18
T 2679 26 0 4 0
E 2679 0 3 31
E 2679 1 2 23
E 2679 2 1 15
E 2679 6 -1 -17
T 2680 25 0 4 0
E 2680 0 3 27
E 2680 1 2 19
E 2680 5 -1 -13
E 2680 6 -2 -21
T 2681 27 0 4 0
E 2681 0 3 32
E 2681 1 2 24
E 2681 2 1 16
E 2681 6 -1 -16
T 2682 25 0 3 0
E 2682 0 3 28
E 2682 1 2 20
E 2682 6 -2 -20
T 2683 26 0 4 0
E 2683 0 3 31
E 2683 1 2 23
E 2683 2 1 15
E 2683 6 -1 -17
T 2684 24 1 4 0
E 2684 0 2 24
E 2684 1 1 16
E 2684 5 -1 -16
E 2684 6 -2 -24
T 2685 25 0 4 0
E 2685 0 3 29
E 2685 1 2 21
E 2685 2 1 13
E 2685 6 -2 -19
T 2686 23 0 4 0
E 2686 0 2 22
E 2686 1 1 14
E 2686 5 -2 -18
E 2686 6 -2 -26
T 2687 25 0 3 0
E 2687 0 3 28
E 2687 1 2 20
E 2687 6 -2 -20
T 2688 25 0 4 0
E 2688 0 3 27
E 2688 1 2 19
E 2688 5 -1 -13
E 2688 6 -2 -21
T 2689 23 0 4 0
E 2689 0 2 21
E 2689 1 1 13
E 2689 5 -2 -19
E 2689 6 -3 -27
T 2690 25 0 4 0
E 2690 0 3 29
E 2690 1 2 21
E 2690 2 1 13
E 2690 6 -2 -19
T 2691 27 0 4 0
E 2691 0 3 32
E 2691 1 2 24
E 2691 2 1 16
E 2691 6 -1 -16
T 2692 25 0 4 0
E 2692 0 2 26
E 2692 1 2 18
E 2692 5 -1 -14
E 2692 6 -2 -22
T 2693 23 0 4 0
E 2693 0 2 21
E 2693 1 1 13
E 2693 5 -2 -19
E 2693 6 -3 -27
T 2694 25 0 4 0
E 2694 0 3 29
E 2694 1 2 21
E 2694 2 1 13
E 2694 6 -2 -19
T 2695 25 0 4 0
E 2695 0 3 27
E 2695 1 2 19
E 2695 5 -1 -13
E 2695 6 -2 -21
T 2696 24 1 4 0
E 2696 0 2 24
E 2696 1 1 16
E 2696 5 -1 -16
E 2696 6 -2 -24
T 2697 23 0 3 0
E 2697 0 2 20
E 2697 5 -2 -20
E 2697 6 -3 -28
T 2698 23 0 4 0
E 2698 0 2 22
E 2698 1 1 14
E 2698 5 -2 -18
E 2698 6 -2 -26
T 2699 25 0 4 0
E 2699 0 3 27
E 2699 1 2 19
E 2699 5 -1 -13
E 2699 6 -2 -21
T 2700 26 0 4 0
E 2700 0 3 31
E 2700 1 2 23
E 2700 2 1 15
E 2700 6 -1 -17
T 2701 25 0 4 0
E 2701 0 2 26
E 2701 1 2 18
E 2701 5 -1 -14
E 2701 6 -2 -22
T 2702 23 1 4 0
E 2702 0 2 23
E 2702 1 1 15
E 2702 5 -1 -17
E 2702 6 -2 -25
T 2703 23 0 3 0
E 2703 0 2 20
E 2703 5 -2 -20
E 2703 6 -3 -28
T 2704 23 1 4 0
E 2704 0 2 23
E 2704 1 1 15
E 2704 5 -1 -17
E 2704 6 -2 -25
T 2705 26 0 4 0
E 2705 0 3 31
E 2705 1 2 23
E 2705 2 1 15
E 2705 6 -1 -17
T 2706 23 0 4 0
E 2706 0 2 21
E 2706 1 1 13
E 2706 5 -2 -19
E 2706 6 -3 -27
T 2707 23 1 4 0
E 2707 0 2 23
E 2707 1 1 15
E 2707 5 -1 -17
E 2707 6 -2 -25
T 2708 24 1 4 0
E 2708 0 2 24
E 2708 1 1 16
E 2708 5 -1 -16
E 2708 6 -2 -24
T 2709 23 0 4 0
E 2709 0 2 21
E 2709 1 1 13
E 2709 5 -2 -19
E 2709 6 -3 -27
T 2710 26 0 4 0
E 2710 0 3 31
E 2710 1 2 23
E 2710 2 1 15
E 2710 6 -1 -17
T 2711 23 1 4 0
E 2711 0 2 23
E 2711 1 1 15
E 2711 5 -1 -17
E 2711 6 -2 -25
T 2712 25 1 4 0
E 2712 0 2 25
E 2712 1 1 17
E 2712 5 -1 -15
E 2712 6 -2 -23
T 2713 25 0 4 0
E 2713 0 3 27
E 2713 1 2 19
E 2713 5 -1 -13
E 2713 6 -2 -21
T 2714 23 0 4 0
E 2714 0 2 21
E 2714 1 1 13
E 2714 5 -2 -19
E 2714 6 -3 -27
T 2715 25 0 4 0
E 2715 0 3 27
E 2715 1 2 19
E 2715 5 -1 -13
E 2715 6 -2 -21
T 2716 23 0 4 0
E 2716 0 2 21
E 2716 1 1 13
E 2716 5 -2 -19
E 2716 6 -3 -27
T 2717 25 1 4 0
E 2717 0 2 25
E 2717 1 1 17
E 2717 5 -1 -15
E 2717 6 -2 -23
T 2718 23 0 3 0
E 2718 0 2 20
E 2718 5 -2 -20
E 2718 6 -3 -28
T 2719 26 0 4 0
E 2719 0 3 31
E 2719 1 2 23
E 2719 2 1 15
E 2719 6 -1 -17
T 2720 23 0 4 0
E 2720 0 2 22
E 2720 1 1 14
E 2720 5 -2 -18
E 2720 6 -2 -26
T 2721 26 0 4 0
E 2721 0 3 30
E 2721 1 2 22
E 2721 2 1 14
E 2721 6 -2 -18
T 2722 23 0 4 0
E 2722 0 2 22
E 2722 1 1 14
E 2722 5 -2 -18
E 2722 6 -2 -26
T 2723 26 0 4 0
E 2723 0 3 30
E 2723 1 2 22
E 2723 2 1 14
E 2723 6 -2 -18
T 2724 24 1 4 0
E 2724 0 2 24
E 2724 1 1 16
E 2724 5 -1 -16
E 2724 6 -2 -24
T 2725 26 0 4 0
E 2725 0 3 30
E 2725 1 2 22
E 2725 2 1 14
E 2725 6 -2 -18
T 2726 25 0 4 0
E 2726 0 3 29
E 2726 1 2 21
E 2726 2 1 13
E 2726 6 -2 -19
T 2727 25 1 4 0
E 2727 0 2 25
E 2727 1 1 17
E 2727 5 -1 -15
E 2727 6 -2 -23
T 2728 24 1 4 0
E 2728 0 2 24
E 2728 1 1 16
E 2728 5 -1 -16
E 2728 6 -2 -24
T 2729 23 0 4 0
E 2729 0 2 21
E 2729 1 1 13
E 2729 5 -2 -19
E 2729 6 -3 -27
T 2730 23 0 3 0
E 2730 0 2 20
E 2730 5 -2 -20
E 2730 6 -3 -28
T 2731 25 0 3 0
E 2731 0 3 28
E 2731 1 2 20
E 2731 6 -2 -20
T 2732 25 0 4 0
E 2732 0 3 27
E 2732 1 2 19
E 2732 5 -1 -13
E 2732 6 -2 -21
T 2733 26 0 4 0
E 2733 0 3 30
E 2733 1 2 22
E 2733 2 1 14
E 2733 6 -2 -18
T 2734 26 0 4 0
E 2734 0 3 31
E 2734 1 2 23
E 2734 2 1 15
E 2734 6 -1 -17
T 2735 24 1 4 0
E 2735 0 2 24
E 2735 1 1 16
E 2735 5 -1 -16
E 2735 6 -2 -24
T 2736 23 0 4 0
E 2736 0 2 22
E 2736 1 1 14
E 2736 5 -2 -18
E 2736 6 -2 -26
T 2737 20 0 4 0
E 2737 0 2 19
E 2737 1 1 14
E 2737 5 -2 -18
E 2737 6 -2 -26
T 2738 19 1 4 0
E 2738 0 2 19
E 2738 1 1 16
E 2738 5 -1 -16
E 2738 6 -2 -24
T 2739 19 0 4 0
E 2739 0 2 22
E 2739 1 2 22
E 2739 2 1 14
E 2739 6 -2 -18
T 2740 18 0 4 0
E 2740 0 2 23
E 2740 1 2 26
E 2740 2 2 18
E 2740 6 -1 -14
T 2741 15 0 4 0
E 2741 0 2 19
E 2741 1 2 24
E 2741 2 1 16
E 2741 6 -1 -16
T 2742 13 0 4 0
E 2742 0 1 16
E 2742 1 2 21
E 2742 2 1 16
E 2742 6 -1 -16
T 2743 11 1 3 0
E 2743 1 1 16
E 2743 2 1 13
E 2743 6 -2 -19
T 2744 10 0 3 0
E 2744 0 1 15
E 2744 1 2 20
E 2744 2 2 20
T 2745 7 0 3 0
E 2745 1 1 13
E 2745 2 1 16
E 2745 6 -1 -16
T 2746 5 0 2 0
E 2746 2 2 14
E 2746 6 -3 -18
T 2747 6 1 2 0
E 2747 2 2 16
E 2747 6 -2 -13
T 2748 5 0 3 0
E 2748 1 1 14
E 2748 2 2 19
E 2748 3 1 16
T 2749 0 0 2 0
E 2749 2 2 14
E 2749 3 2 14
T 2750 1 0 1 0
E 2750 6 -5 -15
T 2751 6 0 1 0
E 2751 3 4 13
T 2752 3 0 1 0
E 2752 6 -4 -13
T 2753 4 0 0 0
T 2754 7 0 0 0
T 2755 9 0 1 0
E 2755 4 4 13
T 2756 10 0 1 0
E 2756 0 -4 -14
T 2757 11 0 1 0
E 2757 0 -5 -16
T 2758 8 0 0 0
T 2759 7 0 2 0
E 2759 4 2 17
E 2759 5 2 17
T 2760 13 0 1 0
E 2760 5 5 15
T 2761 16 0 1 0
E 2761 5 4 13
T 2762 12 0 1 0
E 2762 0 -5 -17
T 2763 10 0 1 0
E 2763 0 -5 -15
T 2764 10 0 1 0
E 2764 0 -4 -14
T 2765 10 0 3 0
E 2765 4 1 15
E 2765 5 2 20
E 2765 6 2 23
T 2766 12 0 3 0
E 2766 4 1 13
E 2766 5 2 18
E 2766 6 2 23
T 2767 13 0 2 0
E 2767 0 -3 -18
E 2767 1 -2 -13
T 2768 15 1 2 0
E 2768 0 -2 -15
E 2768 6 2 15
T 2769 17 0 2 0
E 2769 0 -3 -22
E 2769 1 -2 -17
T 2770 19 0 3 0
E 2770 0 -2 -24
E 2770 1 -2 -19
E 2770 2 -1 -14
T 2771 13 0 2 0
E 2771 0 -3 -18
E 2771 1 -2 -13
T 2772 13 0 2 0
E 2772 5 2 17
E 2772 6 3 22
T 2773 14 0 2 0
E 2773 0 -3 -19
E 2773 1 -2 -14
T 2774 15 1 2 0
E 2774 0 -2 -15
E 2774 6 2 15
T 2775 17 0 2 0
E 2775 0 -3 -22
E 2775 1 -2 -17
T 2776 19 0 3 0
E 2776 0 -2 -24
E 2776 1 -2 -19
E 2776 2 -1 -14
T 2777 20 0 3 0
E 2777 0 -2 -25
E 2777 1 -2 -20
E 2777 2 -1 -15
T 2778 21 0 3 0
E 2778 0 -2 -26
E 2778 1 -2 -21
E 2778 2 -1 -16
T 2779 20 0 4 0
E 2779 0 -3 -28
E 2779 1 -2 -23
E 2779 2 -2 -18
E 2779 3 -1 -13
T 2780 15 1 2 0
E 2780 0 -2 -15
E 2780 6 2 15
T 2781 13 1 2 0
E 2781 0 -2 -13
E 2781 6 2 17
T 2782 13 1 2 0
E 2782 0 -2 -13
E 2782 6 2 17
T 2783 15 0 2 0
E 2783 5 2 15
E 2783 6 3 20
T 2784 13 0 2 0
E 2784 0 -3 -18
E 2784 1 -2 -13
T 2785 17 0 2 0
E 2785 5 2 13
E 2785 6 3 18
T 2786 16 1 2 0
E 2786 0 -2 -16
E 2786 6 2 15
T 2787 16 0 2 0
E 2787 5 2 15
E 2787 6 3 20
T 2788 15 0 3 0
E 2788 0 -1 -13
E 2788 5 1 14
E 2788 6 2 19
T 2789 18 0 2 0
E 2789 0 -3 -23
E 2789 1 -2 -15
T 2790 17 1 2 0
E 2790 0 -2 -17
E 2790 6 2 16
T 2791 19 0 2 0
E 2791 0 -3 -20
E 2791 6 2 14
T 2792 17 1 2 0
E 2792 0 -2 -17
E 2792 6 2 17
T 2793 19 0 3 0
E 2793 0 -2 -21
E 2793 1 -1 -13
E 2793 6 1 14
T 2794 21 0 3 0
E 2794 0 -2 -23
E 2794 1 -1 -15
E 2794 6 1 13
T 2795 19 0 2 0
E 2795 0 -3 -20
E 2795 6 2 16
T 2796 20 0 2 0
E 2796 0 -4 -27
E 2796 1 -3 -19
T 2797 21 0 3 0
E 2797 0 -2 -23
E 2797 1 -1 -15
E 2797 6 1 14
T 2798 21 0 2 0
E 2798 0 -4 -28
E 2798 1 -3 -20
T 2799 23 0 3 0
E 2799 0 -2 -26
E 2799 1 -2 -18
E 2799 6 1 13
T 2800 23 0 3 0
E 2800 0 -2 -25
E 2800 1 -1 -17
E 2800 6 1 14
T 2801 21 1 4 0
E 2801 0 -2 -21
E 2801 1 -1 -13
E 2801 5 1 14
E 2801 6 2 19
T 2802 21 0 3 0
E 2802 0 -2 -23
E 2802 1 -1 -15
E 2802 6 1 17
T 2803 22 0 3 0
E 2803 0 -2 -24
E 2803 1 -1 -16
E 2803 6 1 17
T 2804 24 1 4 0
E 2804 0 -2 -24
E 2804 1 -1 -16
E 2804 5 1 13
E 2804 6 2 18
T 2805 23 1 4 0
E 2805 0 -2 -23
E 2805 1 -1 -15
E 2805 5 1 14
E 2805 6 2 19
T 2806 23 1 4 0
E 2806 0 -2 -23
E 2806 1 -1 -15
E 2806 5 1 15
E 2806 6 2 20
T 2807 22 0 4 0
E 2807 0 -2 -19
E 2807 4 1 13
E 2807 5 2 19
E 2807 6 2 24
T 2808 25 0 4 0
E 2808 0 -3 -30
E 2808 1 -2 -22
E 2808 2 -1 -14
E 2808 6 1 14
T 2809 22 0 4 0
E 2809 0 -2 -21
E 2809 1 -1 -13
E 2809 5 2 19
E 2809 6 2 24
T 2810 22 0 4 0
E 2810 0 -2 -18
E 2810 4 1 14
E 2810 5 2 22
E 2810 6 3 27
T 2811 25 0 4 0
E 2811 0 -3 -27
E 2811 1 -2 -19
E 2811 5 1 13
E 2811 6 2 19
T 2812 26 0 4 0
E 2812 0 -3 -31
E 2812 1 -2 -23
E 2812 2 -1 -15
E 2812 6 1 15
T 2813 25 1 4 0
E 2813 0 -2 -25
E 2813 1 -1 -17
E 2813 5 1 15
E 2813 6 2 22
T 2814 25 1 4 0
E 2814 0 -2 -25
E 2814 1 -1 -17
E 2814 5 1 15
E 2814 6 2 23
T 2815 23 1 4 0
E 2815 0 -2 -23
E 2815 1 -1 -15
E 2815 5 1 17
E 2815 6 2 25
T 2816 25 0 4 0
E 2816 0 -2 -26
E 2816 1 -2 -18
E 2816 5 1 14
E 2816 6 2 22
T 2817 23 0 4 0
E 2817 0 -2 -22
E 2817 1 -1 -14
E 2817 5 2 18
E 2817 6 2 26
T 2818 25 0 3 0
E 2818 0 -3 -28
E 2818 1 -2 -20
E 2818 6 2 20
T 2819 28 0 4 0
E 2819 0 -3 -33
E 2819 1 -2 -25
E 2819 2 -1 -17
E 2819 6 1 15
T 2820 28 0 4 0
E 2820 0 -3 -33
E 2820 1 -2 -25
E 2820 2 -1 -17
E 2820 6 1 15
T 2821 27 0 3 0
E 2821 0 -4 -36
E 2821 1 -3 -28
E 2821 2 -2 -20
T 2822 23 1 4 0
E 2822 0 -2 -23
E 2822 1 -1 -15
E 2822 5 1 17
E 2822 6 2 25
T 2823 23 0 3 0
E 2823 0 -2 -20
E 2823 5 2 20
E 2823 6 3 28
T 2824 25 0 3 0
E 2824 0 -3 -28
E 2824 1 -2 -20
E 2824 6 2 20
T 2825 26 0 4 0
E 2825 0 -3 -31
E 2825 1 -2 -23
E 2825 2 -1 -15
E 2825 6 1 17
T 2826 28 0 4 0
E 2826 0 -3 -34
E 2826 1 -2 -26
E 2826 2 -2 -18
E 2826 6 1 14
T 2827 25 0 4 0
E 2827 0 -3 -27
E 2827 1 -2 -19
E 2827 5 1 13
E 2827 6 2 21
T 2828 25 1 4 0
E 2828 0 -2 -25
E 2828 1 -1 -17
E 2828 5 1 15
E 2828 6 2 23
T 2829 25 0 4 0
E 2829 0 -3 -27
E 2829 1 -2 -19
E 2829 5 1 13
E 2829 6 2 21
T 2830 25 0 3 0
E 2830 0 -3 -28
E 2830 1 -2 -20
E 2830 6 2 20
T 2831 25 0 3 0
E 2831 0 -3 -28
E 2831 1 -2 -20
E 2831 6 2 20
T 2832 26 0 4 0
E 2832 0 -3 -30
E 2832 1 -2 -22
E 2832 2 -1 -14
E 2832 6 2 18
T 2833 24 1 4 0
E 2833 0 -2 -24
E 2833 1 -1 -16
E 2833 5 1 16
E 2833 6 2 24
T 2834 26 0 4 0
E 2834 0 -3 -30
E 2834 1 -2 -22
E 2834 2 -1 -14
E 2834 6 2 18
T 2835 25 0 4 0
E 2835 0 -3 -27
E 2835 1 -2 -19
E 2835 5 1 13
E 2835 6 2 21
T 2836 23 0 4 0
E 2836 0 -2 -21
E 2836 1 -1 -13
E 2836 5 2 19
E 2836 6 3 27
T 2837 25 1 4 0
E 2837 0 -2 -25
E 2837 1 -1 -17
E 2837 5 1 15
E 2837 6 2 23
T 2838 26 0 4 0
E 2838 0 -3 -31
E 2838 1 -2 -23
E 2838 2 -1 -15
E 2838 6 1 17
T 2839 28 0 4 0
E 2839 0 -3 -33
E 2839 1 -2 -25
E 2839 2 -1 -17
E 2839 6 1 15
T 2840 26 0 4 0
E 2840 0 -3 -30
E 2840 1 -2 -22
E 2840 2 -1 -14
E 2840 6 2 18
T 2841 25 0 3 0
E 2841 0 -3 -28
E 2841 1 -2 -20
E 2841 6 2 20
T 2842 26 0 4 0
E 2842 0 -3 -31
E 2842 1 -2 -23
E 2842 2 -1 -15
E 2842 6 1 17
T 2843 26 0 4 0
E 2843 0 -3 -30
E 2843 1 -2 -22
E 2843 2 -1 -14
E 2843 6 2 18
T 2844 27 0 4 0
E 2844 0 -3 -32
E 2844 1 -2 -24
E 2844 2 -1 -16
E 2844 6 1 16
T 2845 23 0 4 0
E 2845 0 -2 -22
E 2845 1 -1 -14
E 2845 5 2 18
E 2845 6 2 26
T 2846 25 1 4 0
E 2846 0 -2 -25
E 2846 1 -1 -17
E 2846 5 1 15
E 2846 6 2 23
T 2847 25 0 4 0
E 2847 0 -3 -27
E 2847 1 -2 -19
E 2847 5 1 13
E 2847 6 2 21
T 2848 25 0 4 0
E 2848 0 -3 -29
E 2848 1 -2 -21
E 2848 2 -1 -13
E 2848 6 2 19
T 2849 25 0 3 0
E 2849 0 -3 -28
E 2849 1 -2 -20
E 2849 6 2 20
T 2850 25 0 4 0
E 2850 0 -3 -29
E 2850 1 -2 -21
E 2850 2 -1 -13
E 2850 6 2 19
T 2851 26 0 4 0
E 2851 0 -3 -31
E 2851 1 -2 -23
E 2851 2 -1 -15
E 2851 6 1 17
T 2852 23 0 4 0
E 2852 0 -2 -21
E 2852 1 -1 -13
E 2852 5 2 19
E 2852 6 3 27
T 2853 25 0 4 0
E 2853 0 -2 -26
E 2853 1 -2 -18
E 2853 5 1 14
E 2853 6 2 22
T 2854 28 0 4 0
E 2854 0 -3 -33
E 2854 1 -2 -25
E 2854 2 -1 -17
E 2854 6 1 15
T 2855 28 0 4 0
E 2855 0 -3 -34
E 2855 1 -2 -26
E 2855 2 -2 -18
E 2855 6 1 14
T 2856 24 1 4 0
E 2856 0 -2 -24
E 2856 1 -1 -16
E 2856 5 1 16
E 2856 6 2 24
T 2857 26 0 4 0
E 2857 0 -3 -30
E 2857 1 -2 -22
E 2857 2 -1 -14
E 2857 6 2 18
T 2858 25 0 4 0
E 2858 0 -3 -29
E 2858 1 -2 -21
E 2858 2 -1 -13
E 2858 6 2 19
T 2859 25 0 4 0
E 2859 0 -2 -26
E 2859 1 -2 -18
E 2859 5 1 14
E 2859 6 2 22
T 2860 25 0 4 0
E 2860 0 -3 -29
E 2860 1 -2 -21
E 2860 2 -1 -13
E 2860 6 2 19
T 2861 25 0 4 0
E 2861 0 -3 -27
E 2861 1 -2 -19
E 2861 5 1 13
E 2861 6 2 21
T 2862 24 1 4 0
E 2862 0 -2 -24
E 2862 1 -1 -16
E 2862 5 1 16
E 2862 6 2 24
T 2863 25 0 4 0
E 2863 0 -3 -29
E 2863 1 -2 -21
E 2863 2 -1 -13
E 2863 6 2 19
T 2864 23 0 4 0
E 2864 0 -2 -22
E 2864 1 -1 -14
E 2864 5 2 18
E 2864 6 2 26
T 2865 26 0 4 0
E 2865 0 -3 -30
E 2865 1 -2 -22
E 2865 2 -1 -14
E 2865 6 2 18
T 2866 28 0 4 0
E 2866 0 -3 -33
E 2866 1 -2 -25
E 2866 2 -1 -17
E 2866 6 1 15
T 2867 23 1 4 0
E 2867 0 -2 -23
E 2867 1 -1 -15
E 2867 5 1 17
E 2867 6 2 25
T 2868 23 0 3 0
E 2868 0 -2 -20
E 2868 5 2 20
E 2868 6 3 28
T 2869 25 1 4 0
E 2869 0 -2 -25
E 2869 1 -1 -17
E 2869 5 1 15
E 2869 6 2 23
T 2870 25 0 4 0
E 2870 0 -3 -29
E 2870 1 -2 -21
E 2870 2 -1 -13
E 2870 6 2 19
T 2871 23 0 4 0
E 2871 0 -2 -21
E 2871 1 -1 -13
E 2871 5 2 19
E 2871 6 3 27
T 2872 25 0 4 0
E 2872 0 -2 -26
E 2872 1 -2 -18
E 2872 5 1 14
E 2872 6 2 22
T 2873 25 1 4 0
E 2873 0 -2 -25
E 2873 1 -1 -17
E 2873 5 1 15
E 2873 6 2 23
T 2874 23 1 4 0
E 2874 0 -2 -23
E 2874 1 -1 -15
E 2874 5 1 17
E 2874 6 2 25
T 2875 25 0 4 0
E 2875 0 -3 -29
E 2875 1 -2 -21
E 2875 2 -1 -13
E 2875 6 2 19
T 2876 23 1 4 0
E 2876 0 -2 -23
E 2876 1 -1 -15
E 2876 5 1 17
E 2876 6 2 25
T 2877 26 0 4 0
E 2877 0 -3 -30
E 2877 1 -2 -22
E 2877 2 -1 -14
E 2877 6 2 18
T 2878 23 0 4 0
E 2878 0 -2 -22
E 2878 1 -1 -14
E 2878 5 2 18
E 2878 6 2 26
T 2879 26 0 4 0
E 2879 0 -3 -30
E 2879 1 -2 -22
E 2879 2 -1 -14
E 2879 6 2 18
T 2880 16 0 4 0
E 2880 0 1 15
E 2880 1 -2 -25
E 2880 2 -1 -17
E 2880 6 1 15
T 2881 19 1 4 0
E 2881 0 2 19
E 2881 1 -2 -24
E 2881 2 -1 -16
E 2881 6 1 16
T 2882 23 0 4 0
E 2882 0 3 27
E 2882 1 -2 -19
E 2882 5 1 13
E 2882 6 2 21
T 2883 26 1 4 0
E 2883 0 2 26
E 2883 1 -2 -23
E 2883 2 -1 -15
E 2883 6 1 17
T 2884 26 0 4 0
E 2884 0 2 22
E 2884 1 -3 -31
E 2884 2 -2 -23
E 2884 3 -1 -15
T 2885 25 1 4 0
E 2885 0 2 25
E 2885 1 1 17
E 2885 2 -2 -23
E 2885 3 -1 -15
T 2886 28 0 4 0
E 2886 0 3 30
E 2886 1 2 22
E 2886 2 -2 -21
E 2886 3 -1 -13
T 2887 28 0 4 0
E 2887 0 3 30
E 2887 1 2 22
E 2887 2 -2 -24
E 2887 3 -1 -16
T 2888 28 0 5 0
E 2888 0 2 26
E 2888 1 2 18
E 2888 2 -3 -31
E 2888 3 -2 -23
E 2888 4 -1 -15
T 2889 33 0 4 0
E 2889 0 3 35
E 2889 1 3 27
E 2889 2 -2 -26
E 2889 3 -2 -18
T 2890 32 0 4 0
E 2890 0 4 40
E 2890 1 3 32
E 2890 2 2 24
E 2890 3 -1 -16
T 2891 28 0 5 0
E 2891 0 3 27
E 2891 1 2 19
E 2891 3 -3 -32
E 2891 4 -2 -24
E 2891 5 -1 -16
T 2892 32 0 5 0
E 2892 0 3 34
E 2892 1 2 26
E 2892 2 2 18
E 2892 3 -3 -28
E 2892 4 -2 -20
T 2893 32 0 6 0
E 2893 0 3 27
E 2893 1 2 19
E 2893 3 -4 -38
E 2893 4 -3 -30
E 2893 5 -2 -22
E 2893 6 -1 -14
T 2894 34 0 6 0
E 2894 0 3 35
E 2894 1 3 27
E 2894 2 2 19
E 2894 3 -3 -34
E 2894 4 -2 -26
E 2894 5 -2 -18
T 2895 32 0 6 0
E 2895 0 4 37
E 2895 1 3 29
E 2895 2 2 21
E 2895 3 1 13
E 2895 4 -3 -27
E 2895 5 -2 -19
T 2896 34 0 6 0
E 2896 0 3 33
E 2896 1 2 25
E 2896 2 1 17
E 2896 4 -3 -34
E 2896 5 -2 -26
E 2896 6 -2 -18
T 2897 35 0 6 0
E 2897 0 3 32
E 2897 1 2 24
E 2897 2 1 16
E 2897 4 -4 -38
E 2897 5 -3 -30
E 2897 6 -2 -22
T 2898 37 0 7 0
E 2898 0 4 41
E 2898 1 3 33
E 2898 2 2 25
E 2898 3 1 17
E 2898 4 -3 -32
E 2898 5 -2 -24
E 2898 6 -1 -16
T 2899 37 0 7 0
E 2899 0 4 44
E 2899 1 4 36
E 2899 2 3 28
E 2899 3 2 20
E 2899 4 -3 -33
E 2899 5 -2 -25
E 2899 6 -1 -17
T 2900 34 1 5 0
E 2900 0 3 34
E 2900 1 2 26
E 2900 2 2 18
E 2900 5 -4 -38
E 2900 6 -3 -30
T 2901 36 0 6 0
E 2901 0 4 39
E 2901 1 3 31
E 2901 2 2 23
E 2901 3 1 15
E 2901 5 -4 -36
E 2901 6 -3 -28
T 2902 38 0 6 0
E 2902 0 4 42
E 2902 1 3 34
E 2902 2 2 26
E 2902 3 2 18
E 2902 5 -4 -36
E 2902 6 -3 -28
T 2903 37 0 6 0
E 2903 0 4 40
E 2903 1 3 32
E 2903 2 2 24
E 2903 3 1 16
E 2903 5 -4 -41
E 2903 6 -3 -33
T 2904 39 0 6 0
E 2904 0 4 40
E 2904 1 3 32
E 2904 2 2 24
E 2904 3 1 16
E 2904 5 -5 -45
E 2904 6 -4 -37
T 2905 34 0 5 0
E 2905 0 4 40
E 2905 1 3 32
E 2905 2 2 24
E 2905 3 1 16
E 2905 6 -4 -40
T 2906 32 0 4 0
E 2906 0 4 36
E 2906 1 3 28
E 2906 2 2 20
E 2906 6 -5 -47
T 2907 29 1 4 0
E 2907 0 3 29
E 2907 1 2 21
E 2907 2 1 13
E 2907 6 -6 -57
T 2908 32 0 4 0
E 2908 0 4 36
E 2908 1 3 28
E 2908 2 2 20
E 2908 6 -5 -53
T 2909 33 0 5 0
E 2909 0 4 37
E 2909 1 3 29
E 2909 2 2 21
E 2909 3 1 13
E 2909 6 -6 -56
T 2910 30 0 4 0
E 2910 0 4 40
E 2910 1 3 32
E 2910 2 2 24
E 2910 3 1 16
T 2911 28 0 4 0
E 2911 0 3 33
E 2911 1 2 25
E 2911 2 1 17
E 2911 6 -1 -15
T 2912 25 0 3 0
E 2912 0 3 28
E 2912 1 2 20
E 2912 6 -2 -20
T 2913 25 1 4 0
E 2913 0 2 25
E 2913 1 1 17
E 2913 5 -1 -15
E 2913 6 -2 -23
T 2914 25 0 4 0
E 2914 0 3 27
E 2914 1 2 19
E 2914 5 -1 -13
E 2914 6 -2 -21
T 2915 23 1 4 0
E 2915 0 2 23
E 2915 1 1 15
E 2915 5 -1 -17
E 2915 6 -2 -25
T 2916 25 0 4 0
E 2916 0 2 26
E 2916 1 2 18
E 2916 5 -1 -14
E 2916 6 -2 -22
T 2917 25 0 4 0
E 2917 0 3 29
E 2917 1 2 21
E 2917 2 1 13
E 2917 6 -2 -19
T 2918 25 0 4 0
E 2918 0 3 29
E 2918 1 2 21
E 2918 2 1 13
E 2918 6 -2 -19
T 2919 26 0 4 0
E 2919 0 3 31
E 2919 1 2 23
E 2919 2 1 15
E 2919 6 -1 -17
T 2920 25 1 4 0
E 2920 0 2 25
E 2920 1 1 17
E 2920 5 -1 -15
E 2920 6 -2 -23
T 2921 23 0 3 0
E 2921 0 2 20
E 2921 5 -2 -20
E 2921 6 -3 -28
T 2922 25 0 3 0
E 2922 0 3 28
E 2922 1 2 20
E 2922 6 -2 -20
T 2923 25 0 4 0
E 2923 0 2 26
E 2923 1 2 18
E 2923 5 -1 -14
E 2923 6 -2 -22
T 2924 25 1 4 0
E 2924 0 2 25
E 2924 1 1 17
E 2924 5 -1 -15
E 2924 6 -2 -23
T 2925 25 0 4 0
E 2925 0 2 26
E 2925 1 2 18
E 2925 5 -1 -14
E 2925 6 -2 -22
T 2926 25 1 4 0
E 2926 0 2 25
E 2926 1 1 17
E 2926 5 -1 -15
E 2926 6 -2 -23
T 2927 25 0 3 0
E 2927 0 3 28
E 2927 1 2 20
E 2927 6 -2 -20
T 2928 23 0 4 0
E 2928 0 2 21
E 2928 1 1 13
E 2928 5 -2 -19
E 2928 6 -3 -27
T 2929 23 0 4 0
E 2929 0 2 19
E 2929 4 -1 -13
E 2929 5 -2 -21
E 2929 6 -3 -29
T 2930 23 0 4 0
E 2930 0 2 22
E 2930 1 1 14
E 2930 5 -2 -18
E 2930 6 -2 -26
T 2931 22 0 4 0
E 2931 0 2 18
E 2931 4 -1 -14
E 2931 5 -2 -22
E 2931 6 -3 -30
T 2932 25 1 4 0
E 2932 0 2 25
E 2932 1 1 17
E 2932 5 -1 -15
E 2932 6 -2 -23
T 2933 25 0 4 0
E 2933 0 3 27
E 2933 1 2 19
E 2933 5 -1 -13
E 2933 6 -2 -21
T 2934 26 0 4 0
E 2934 0 3 30
E 2934 1 2 22
E 2934 2 1 14
E 2934 6 -2 -18
T 2935 26 0 4 0
E 2935 0 3 31
E 2935 1 2 23
E 2935 2 1 15
E 2935 6 -1 -17
T 2936 25 0 4 0
E 2936 0 3 27
E 2936 1 2 19
E 2936 5 -1 -13
E 2936 6 -2 -21
T 2937 25 1 4 0
E 2937 0 2 25
E 2937 1 1 17
E 2937 5 -1 -15
E 2937 6 -2 -23
T 2938 23 1 4 0
E 2938 0 2 23
E 2938 1 1 15
E 2938 5 -1 -17
E 2938 6 -2 -25
T 2939 23 0 4 0
E 2939 0 2 21
E 2939 1 1 13
E 2939 5 -2 -19
E 2939 6 -3 -27
T 2940 23 1 4 0
E 2940 0 2 23
E 2940 1 1 15
E 2940 5 -1 -17
E 2940 6 -2 -25
T 2941 23 0 4 0
E 2941 0 2 19
E 2941 4 -1 -13
E 2941 5 -2 -21
E 2941 6 -3 -29
T 2942 24 1 4 0
E 2942 0 2 24
E 2942 1 1 16
E 2942 5 -1 -16
E 2942 6 -2 -24
T 2943 26 0 4 0
E 2943 0 3 31
E 2943 1 2 23
E 2943 2 1 15
E 2943 6 -1 -17
T 2944 23 1 4 0
E 2944 0 2 23
E 2944 1 1 15
E 2944 5 -1 -17
E 2944 6 -2 -25
T 2945 23 1 4 0
E 2945 0 2 23
E 2945 1 1 15
E 2945 5 -1 -17
E 2945 6 -2 -25
T 2946 23 0 4 0
E 2946 0 2 19
E 2946 4 -1 -13
E 2946 5 -2 -21
E 2946 6 -3 -29
T 2947 24 1 4 0
E 2947 0 2 24
E 2947 1 1 16
E 2947 5 -1 -16
E 2947 6 -2 -24
T 2948 24 1 4 0
E 2948 0 2 24
E 2948 1 1 16
E 2948 5 -1 -16
E 2948 6 -2 -24
T 2949 23 0 4 0
E 2949 0 2 21
E 2949 1 1 13
E 2949 5 -2 -19
E 2949 6 -3 -27
T 2950 26 0 4 0
E 2950 0 3 31
E 2950 1 2 23
E 2950 2 1 15
E 2950 6 -1 -17
T 2951 23 0 4 0
E 2951 0 2 22
E 2951 1 1 14
E 2951 5 -2 -18
E 2951 6 -2 -26
T 2952 23 1 4 0
E 2952 0 2 23
E 2952 1 1 15
E 2952 5 -1 -17
E 2952 6 -2 -25
T 2953 25 0 4 0
E 2953 0 3 27
E 2953 1 2 19
E 2953 5 -1 -13
E 2953 6 -2 -21
T 2954 25 1 4 0
E 2954 0 2 25
E 2954 1 1 17
E 2954 5 -1 -15
E 2954 6 -2 -23
T 2955 26 0 4 0
E 2955 0 3 30
E 2955 1 2 22
E 2955 2 1 14
E 2955 6 -2 -18
T 2956 25 1 4 0
E 2956 0 2 25
E 2956 1 1 17
E 2956 5 -1 -15
E 2956 6 -2 -23
T 2957 26 0 4 0
E 2957 0 3 31
E 2957 1 2 23
E 2957 2 1 15
E 2957 6 -1 -17
T 2958 23 1 4 0
E 2958 0 2 23
E 2958 1 1 15
E 2958 5 -1 -17
E 2958 6 -2 -25
T 2959 25 0 4 0
E 2959 0 2 26
E 2959 1 2 18
E 2959 5 -1 -14
E 2959 6 -2 -22
T 2960 23 0 4 0
E 2960 0 2 22
E 2960 1 1 14
E 2960 5 -2 -18
E 2960 6 -2 -26
T 2961 25 0 4 0
E 2961 0 3 29
E 2961 1 2 21
E 2961 2 1 13
E 2961 6 -2 -19
T 2962 24 1 4 0
E 2962 0 2 24
E 2962 1 1 16
E 2962 5 -1 -16
E 2962 6 -2 -24
T 2963 23 0 4 0
E 2963 0 2 19
E 2963 4 -1 -13
E 2963 5 -2 -21
E 2963 6 -3 -29
T 2964 26 0 4 0
E 2964 0 3 30
E 2964 1 2 22
E 2964 2 1 14
E 2964 6 -2 -18
T 2965 26 0 4 0
E 2965 0 3 30
E 2965 1 2 22
E 2965 2 1 14
E 2965 6 -2 -18
T 2966 25 0 4 0
E 2966 0 3 27
E 2966 1 2 19
E 2966 5 -1 -13
E 2966 6 -2 -21
T 2967 28 0 4 0
E 2967 0 3 33
E 2967 1 2 25
E 2967 2 1 17
E 2967 6 -1 -15
T 2968 28 0 4 0
E 2968 0 3 33
E 2968 1 2 25
E 2968 2 1 17
E 2968 6 -1 -15
T 2969 25 0 4 0
E 2969 0 2 26
E 2969 1 2 18
E 2969 5 -1 -14
E 2969 6 -2 -22
T 2970 25 0 4 0
E 2970 0 3 29
E 2970 1 2 21
E 2970 2 1 13
E 2970 6 -2 -19
T 2971 25 1 4 0
E 2971 0 2 25
E 2971 1 1 17
E 2971 5 -1 -15
E 2971 6 -2 -23
T 2972 23 1 4 0
E 2972 0 2 23
E 2972 1 1 15
E 2972 5 -1 -17
E 2972 6 -2 -25
T 2973 22 0 4 0
E 2973 0 2 18
E 2973 4 -1 -14
E 2973 5 -2 -22
E 2973 6 -3 -30
T 2974 25 0 4 0
E 2974 0 3 27
E 2974 1 2 19
E 2974 5 -1 -13
E 2974 6 -2 -21
T 2975 26 0 4 0
E 2975 0 3 30
E 2975 1 2 22
E 2975 2 1 14
E 2975 6 -2 -18
T 2976 24 1 4 0
E 2976 0 2 24
E 2976 1 1 16
E 2976 5 -1 -16
E 2976 6 -2 -24
T 2977 22 1 4 0
E 2977 0 2 22
E 2977 1 1 17
E 2977 5 -1 -15
E 2977 6 -2 -23
T 2978 21 0 4 0
E 2978 0 2 22
E 2978 1 2 19
E 2978 5 -1 -13
E 2978 6 -2 -21
T 2979 21 0 4 0
E 2979 0 2 26
E 2979 1 2 26
E 2979 2 2 18
E 2979 6 -1 -14
T 2980 18 0 4 0
E 2980 0 2 26
E 2980 1 3 29
E 2980 2 2 21
E 2980 3 1 13
T 2981 15 0 4 0
E 2981 0 1 17
E 2981 1 2 22
E 2981 2 1 14
E 2981 6 -2 -18
T 2982 10 0 3 0
E 2982 1 1 13
E 2982 5 -1 -16
E 2982 6 -2 -24
T 2983 10 0 3 0
E 2983 1 1 13
E 2983 5 -1 -14
E 2983 6 -2 -22
T 2984 9 0 4 0
E 2984 0 1 13
E 2984 1 2 18
E 2984 2 2 18
E 2984 6 -1 -14
T 2985 7 0 3 0
E 2985 1 1 13
E 2985 2 1 16
E 2985 6 -1 -16
T 2986 5 0 2 0
E 2986 5 -2 -14
E 2986 6 -3 -22
T 2987 5 1 2 0
E 2987 2 2 15
E 2987 6 -2 -14
T 2988 2 0 2 0
E 2988 2 2 16
E 2988 3 2 13
T 2989 3 0 2 0
E 2989 2 2 17
E 2989 3 2 17
T 2990 2 0 2 0
E 2990 2 2 17
E 2990 3 3 20
T 2991 4 0 1 0
E 2991 3 5 16
T 2992 3 0 0 0
T 2993 7 0 0 0
T 2994 4 0 0 0
T 2995 9 0 0 0
T 2996 10 0 1 0
E 2996 4 5 15
T 2997 10 0 1 0
E 2997 4 4 14
T 2998 9 0 1 0
E 2998 0 -4 -13
T 2999 9 0 2 0
E 2999 4 2 15
E 2999 5 2 15
T 3000 9 0 2 0
E 3000 4 2 16
E 3000 5 3 19
T 3001 8 0 3 0
E 3001 4 1 16
E 3001 5 2 21
E 3001 6 1 13
T 3002 10 0 1 0
E 3002 0 -5 -15
T 3003 10 0 3 0
E 3003 4 1 14
E 3003 5 2 19
E 3003 6 1 16
T 3004 16 0 2 0
E 3004 5 2 13
E 3004 6 2 13
T 3005 16 0 2 0
E 3005 5 2 13
E 3005 6 2 16
T 3006 13 1 2 0
E 3006 0 -2 -13
E 3006 6 2 17
T 3007 14 0 2 0
E 3007 0 -3 -19
E 3007 1 -2 -14
T 3008 16 0 2 0
E 3008 0 -3 -21
E 3008 1 -2 -16
T 3009 16 1 2 0
E 3009 0 -2 -16
E 3009 6 2 14
T 3010 16 0 2 0
E 3010 5 2 14
E 3010 6 3 19
T 3011 15 0 2 0
E 3011 0 -3 -20
E 3011 1 -2 -15
T 3012 15 0 2 0
E 3012 5 2 15
E 3012 6 3 20
T 3013 16 0 2 0
E 3013 0 -3 -21
E 3013 1 -2 -16
T 3014 17 0 2 0
E 3014 0 -3 -22
E 3014 1 -2 -17
T 3015 13 0 2 0
E 3015 0 -3 -18
E 3015 1 -2 -13
T 3016 17 1 2 0
E 3016 0 -2 -17
E 3016 6 2 13
T 3017 18 0 3 0
E 3017 0 -2 -23
E 3017 1 -2 -18
E 3017 2 -1 -13
T 3018 14 0 2 0
E 3018 0 -3 -19
E 3018 1 -2 -14
T 3019 17 1 2 0
E 3019 0 -2 -17
E 3019 6 2 13
T 3020 18 0 3 0
E 3020 0 -2 -23
E 3020 1 -2 -18
E 3020 2 -1 -13
T 3021 17 1 2 0
E 3021 0 -2 -17
E 3021 6 2 13
T 3022 14 1 2 0
E 3022 0 -2 -14
E 3022 6 2 16
T 3023 14 0 2 0
E 3023 0 -3 -19
E 3023 1 -2 -14
T 3024 16 0 2 0
E 3024 0 -3 -21
E 3024 1 -2 -16
T 3025 16 0 2 0
E 3025 5 2 14
E 3025 6 3 19
T 3026 15 1 2 0
E 3026 0 -2 -15
E 3026 6 2 16
T 3027 17 0 2 0
E 3027 5 2 14
E 3027 6 3 19
T 3028 16 1 2 0
E 3028 0 -2 -16
E 3028 6 2 16
T 3029 17 1 2 0
E 3029 0 -2 -17
E 3029 6 2 16
T 3030 15 0 3 0
E 3030 0 -1 -13
E 3030 5 1 15
E 3030 6 2 20
T 3031 18 0 3 0
E 3031 0 -1 -16
E 3031 5 1 13
E 3031 6 2 18
T 3032 18 0 3 0
E 3032 0 -1 -16
E 3032 5 1 13
E 3032 6 2 18
T 3033 18 0 2 0
E 3033 0 -4 -24
E 3033 1 -2 -16
T 3034 19 0 2 0
E 3034 0 -4 -26
E 3034 1 -3 -18
T 3035 19 0 3 0
E 3035 0 -2 -18
E 3035 5 1 13
E 3035 6 2 18
T 3036 19 0 2 0
E 3036 0 -4 -25
E 3036 1 -2 -17
T 3037 19 0 2 0
E 3037 0 -4 -25
E 3037 1 -2 -17
T 3038 19 0 4 0
E 3038 0 -1 -15
E 3038 4 1 13
E 3038 5 2 18
E 3038 6 2 23
T 3039 21 1 4 0
E 3039 0 -2 -21
E 3039 1 -1 -13
E 3039 5 1 13
E 3039 6 2 18
T 3040 23 0 3 0
E 3040 0 -2 -25
E 3040 1 -1 -17
E 3040 6 1 14
T 3041 22 0 3 0
E 3041 0 -2 -24
E 3041 1 -1 -16
E 3041 6 1 16
T 3042 23 0 3 0
E 3042 0 -3 -27
E 3042 1 -2 -19
E 3042 6 1 13
T 3043 23 0 3 0
E 3043 0 -3 -29
E 3043 1 -2 -21
E 3043 2 -1 -13
T 3044 24 0 3 0
E 3044 0 -3 -28
E 3044 1 -2 -20
E 3044 6 1 14
T 3045 24 0 3 0
E 3045 0 -3 -30
E 3045 1 -2 -22
E 3045 2 -1 -14
T 3046 21 1 4 0
E 3046 0 -2 -21
E 3046 1 -1 -13
E 3046 5 1 17
E 3046 6 2 22
T 3047 24 1 4 0
E 3047 0 -2 -24
E 3047 1 -1 -16
E 3047 5 1 14
E 3047 6 2 19
T 3048 22 1 4 0
E 3048 0 -2 -22
E 3048 1 -1 -14
E 3048 5 1 17
E 3048 6 2 22
T 3049 25 1 4 0
E 3049 0 -2 -25
E 3049 1 -1 -17
E 3049 5 1 15
E 3049 6 2 20
T 3050 27 0 4 0
E 3050 0 -3 -32
E 3050 1 -2 -24
E 3050 2 -1 -16
E 3050 6 1 13
T 3051 25 0 4 0
E 3051 0 -2 -26
E 3051 1 -2 -18
E 3051 5 1 14
E 3051 6 2 20
T 3052 24 1 4 0
E 3052 0 -2 -24
E 3052 1 -1 -16
E 3052 5 1 16
E 3052 6 2 22
T 3053 25 0 4 0
E 3053 0 -3 -29
E 3053 1 -2 -21
E 3053 2 -1 -13
E 3053 6 2 18
T 3054 26 0 4 0
E 3054 0 -3 -30
E 3054 1 -2 -22
E 3054 2 -1 -14
E 3054 6 2 18
T 3055 27 0 4 0
E 3055 0 -3 -32
E 3055 1 -2 -24
E 3055 2 -1 -16
E 3055 6 1 16
T 3056 25 0 4 0
E 3056 0 -3 -27
E 3056 1 -2 -19
E 3056 5 1 13
E 3056 6 2 21
T 3057 23 0 3 0
E 3057 0 -2 -20
E 3057 5 2 20
E 3057 6 3 28
T 3058 25 0 4 0
E 3058 0 -2 -26
E 3058 1 -2 -18
E 3058 5 1 14
E 3058 6 2 22
T 3059 28 0 4 0
E 3059 0 -3 -33
E 3059 1 -2 -25
E 3059 2 -1 -17
E 3059 6 1 15
T 3060 26 0 4 0
E 3060 0 -3 -31
E 3060 1 -2 -23
E 3060 2 -1 -15
E 3060 6 1 17
T 3061 25 0 3 0
E 3061 0 -3 -28
E 3061 1 -2 -20
E 3061 6 2 20
T 3062 25 0 3 0
E 3062 0 -3 -28
E 3062 1 -2 -20
E 3062 6 2 20
T 3063 25 0 4 0
E 3063 0 -3 -29
E 3063 1 -2 -21
E 3063 2 -1 -13
E 3063 6 2 19
T 3064 27 0 4 0
E 3064 0 -3 -32
E 3064 1 -2 -24
E 3064 2 -1 -16
E 3064 6 1 16
T 3065 25 0 3 0
E 3065 0 -3 -28
E 3065 1 -2 -20
E 3065 6 2 20
T 3066 23 0 4 0
E 3066 0 -2 -21
E 3066 1 -1 -13
E 3066 5 2 19
E 3066 6 3 27
T 3067 25 0 4 0
E 3067 0 -2 -26
E 3067 1 -2 -18
E 3067 5 1 14
E 3067 6 2 22
T 3068 25 0 4 0
E 3068 0 -3 -27
E 3068 1 -2 -19
E 3068 5 1 13
E 3068 6 2 21
T 3069 28 0 4 0
E 3069 0 -3 -33
E 3069 1 -2 -25
E 3069 2 -1 -17
E 3069 6 1 15
T 3070 25 0 4 0
E 3070 0 -3 -29
E 3070 1 -2 -21
E 3070 2 -1 -13
E 3070 6 2 19
T 3071 23 0 4 0
E 3071 0 -2 -22
E 3071 1 -1 -14
E 3071 5 2 18
E 3071 6 2 26
T 3072 23 1 4 0
E 3072 0 -2 -23
E 3072 1 -1 -15
E 3072 5 1 17
E 3072 6 2 25
T 3073 23 0 4 0
E 3073 0 -2 -19
E 3073 4 1 13
E 3073 5 2 21
E 3073 6 3 29
T 3074 23 1 4 0
E 3074 0 -2 -23
E 3074 1 -1 -15
E 3074 5 1 17
E 3074 6 2 25
T 3075 23 0 4 0
E 3075 0 -2 -19
E 3075 4 1 13
E 3075 5 2 21
E 3075 6 3 29
T 3076 25 1 4 0
E 3076 0 -2 -25
E 3076 1 -1 -17
E 3076 5 1 15
E 3076 6 2 23
T 3077 25 0 4 0
E 3077 0 -3 -27
E 3077 1 -2 -19
E 3077 5 1 13
E 3077 6 2 21
T 3078 23 1 4 0
E 3078 0 -2 -23
E 3078 1 -1 -15
E 3078 5 1 17
E 3078 6 2 25
T 3079 25 0 3 0
E 3079 0 -3 -28
E 3079 1 -2 -20
E 3079 6 2 20
T 3080 25 1 4 0
E 3080 0 -2 -25
E 3080 1 -1 -17
E 3080 5 1 15
E 3080 6 2 23
T 3081 27 0 4 0
E 3081 0 -3 -32
E 3081 1 -2 -24
E 3081 2 -1 -16
E 3081 6 1 16
T 3082 25 0 3 0
E 3082 0 -3 -28
E 3082 1 -2 -20
E 3082 6 2 20
T 3083 26 0 4 0
E 3083 0 -3 -30
E 3083 1 -2 -22
E 3083 2 -1 -14
E 3083 6 2 18
T 3084 28 0 4 0
E 3084 0 -3 -34
E 3084 1 -2 -26
E 3084 2 -2 -18
E 3084 6 1 14
T 3085 25 0 4 0
E 3085 0 -3 -29
E 3085 1 -2 -21
E 3085 2 -1 -13
E 3085 6 2 19
T 3086 26 0 4 0
E 3086 0 -3 -30
E 3086 1 -2 -22
E 3086 2 -1 -14
E 3086 6 2 18
T 3087 23 0 4 0
E 3087 0 -2 -21
E 3087 1 -1 -13
E 3087 5 2 19
E 3087 6 3 27
T 3088 26 0 4 0
E 3088 0 -3 -31
E 3088 1 -2 -23
E 3088 2 -1 -15
E 3088 6 1 17
T 3089 23 0 4 0
E 3089 0 -2 -22
E 3089 1 -1 -14
E 3089 5 2 18
E 3089 6 2 26
T 3090 23 1 4 0
E 3090 0 -2 -23
E 3090 1 -1 -15
E 3090 5 1 17
E 3090 6 2 25
T 3091 25 0 4 0
E 3091 0 -2 -26
E 3091 1 -2 -18
E 3091 5 1 14
E 3091 6 2 22
T 3092 23 0 4 0
E 3092 0 -2 -22
E 3092 1 -1 -14
E 3092 5 2 18
E 3092 6 2 26
T 3093 25 0 4 0
E 3093 0 -2 -26
E 3093 1 -2 -18
E 3093 5 1 14
E 3093 6 2 22
T 3094 23 1 4 0
E 3094 0 -2 -23
E 3094 1 -1 -15
E 3094 5 1 17
E 3094 6 2 25
T 3095 25 0 4 0
E 3095 0 -3 -29
E 3095 1 -2 -21
E 3095 2 -1 -13
E 3095 6 2 19
T 3096 25 1 4 0
E 3096 0 -2 -25
E 3096 1 -1 -17
E 3096 5 1 15
E 3096 6 2 23
T 3097 27 0 4 0
E 3097 0 -3 -32
E 3097 1 -2 -24
E 3097 2 -1 -16
E 3097 6 1 16
T 3098 24 1 4 0
E 3098 0 -2 -24
E 3098 1 -1 -16
E 3098 5 1 16
E 3098 6 2 24
T 3099 23 1 4 0
E 3099 0 -2 -23
E 3099 1 -1 -15
E 3099 5 1 17
E 3099 6 2 25
T 3100 23 0 4 0
E 3100 0 -2 -19
E 3100 4 1 13
E 3100 5 2 21
E 3100 6 3 29
T 3101 25 0 3 0
E 3101 0 -3 -28
E 3101 1 -2 -20
E 3101 6 2 20
T 3102 23 1 4 0
E 3102 0 -2 -23
E 3102 1 -1 -15
E 3102 5 1 17
E 3102 6 2 25
T 3103 26 0 4 0
E 3103 0 -3 -31
E 3103 1 -2 -23
E 3103 2 -1 -15
E 3103 6 1 17
T 3104 25 0 4 0
E 3104 0 -3 -27
E 3104 1 -2 -19
E 3104 5 1 13
E 3104 6 2 21
T 3105 23 0 3 0
E 3105 0 -2 -20
E 3105 5 2 20
E 3105 6 3 28
T 3106 23 0 4 0
E 3106 0 -2 -19
E 3106 4 1 13
E 3106 5 2 21
E 3106 6 3 29
T 3107 26 0 4 0
E 3107 0 -3 -30
E 3107 1 -2 -22
E 3107 2 -1 -14
E 3107 6 2 18
T 3108 25 0 4 0
E 3108 0 -3 -27
E 3108 1 -2 -19
E 3108 5 1 13
E 3108 6 2 21
T 3109 27 0 4 0
E 3109 0 -3 -32
E 3109 1 -2 -24
E 3109 2 -1 -16
E 3109 6 1 16
T 3110 25 0 4 0
E 3110 0 -3 -27
E 3110 1 -2 -19
E 3110 5 1 13
E 3110 6 2 21
T 3111 25 0 4 0
E 3111 0 -3 -29
E 3111 1 -2 -21
E 3111 2 -1 -13
E 3111 6 2 19
T 3112 23 1 4 0
E 3112 0 -2 -23
E 3112 1 -1 -15
E 3112 5 1 17
E 3112 6 2 25
T 3113 25 1 4 0
E 3113 0 -2 -25
E 3113 1 -1 -17
E 3113 5 1 15
E 3113 6 2 23
T 3114 25 0 4 0
E 3114 0 -3 -27
E 3114 1 -2 -19
E 3114 5 1 13
E 3114 6 2 21
T 3115 24 1 4 0
E 3115 0 -2 -24
E 3115 1 -1 -16
E 3115 5 1 16
E 3115 6 2 24
T 3116 25 1 4 0
E 3116 0 -2 -25
E 3116 1 -1 -17
E 3116 5 1 15
E 3116 6 2 23
T 3117 27 0 4 0
E 3117 0 -3 -32
E 3117 1 -2 -24
E 3117 2 -1 -16
E 3117 6 1 16
T 3118 25 0 3 0
E 3118 0 -3 -28
E 3118 1 -2 -20
E 3118 6 2 20
T 3119 23 0 4 0
E 3119 0 -2 -22
E 3119 1 -1 -14
E 3119 5 2 18
E 3119 6 2 26
T 3120 21 0 4 0
E 3120 0 2 26
E 3120 1 -1 -14
E 3120 5 2 18
E 3120 6 2 26
T 3121 20 0 4 0
E 3121 0 2 21
E 3121 1 -2 -22
E 3121 2 -1 -14
E 3121 6 2 18
T 3122 23 0 4 0
E 3122 0 3 27
E 3122 1 -2 -19
E 3122 5 1 13
E 3122 6 2 21
T 3123 26 0 4 0
E 3123 0 3 30
E 3123 1 -2 -19
E 3123 5 1 13
E 3123 6 2 21
T 3124 27 1 4 0
E 3124 0 3 27
E 3124 1 -2 -26
E 3124 2 -2 -18
E 3124 6 1 14
T 3125 26 0 4 0
E 3125 0 3 30
E 3125 1 2 22
E 3125 2 -2 -18
E 3125 6 1 14
T 3126 25 0 4 0
E 3126 0 3 27
E 3126 1 2 19
E 3126 2 -2 -24
E 3126 3 -1 -16
T 3127 27 0 5 0
E 3127 0 2 24
E 3127 1 1 16
E 3127 2 -3 -30
E 3127 3 -2 -22
E 3127 4 -1 -14
T 3128 28 0 5 0
E 3128 0 3 27
E 3128 1 2 19
E 3128 2 -3 -30
E 3128 3 -2 -22
E 3128 4 -1 -14
T 3129 33 0 4 0
E 3129 0 3 35
E 3129 1 3 27
E 3129 2 -2 -26
E 3129 3 -2 -18
T 3130 28 0 5 0
E 3130 0 3 30
E 3130 1 2 22
E 3130 2 1 14
E 3130 3 -2 -26
E 3130 4 -2 -18
T 3131 31 0 5 0
E 3131 0 3 33
E 3131 1 2 25
E 3131 2 1 17
E 3131 3 -2 -26
E 3131 4 -2 -18
T 3132 30 1 6 0
E 3132 0 3 30
E 3132 1 2 22
E 3132 2 1 14
E 3132 3 -3 -32
E 3132 4 -2 -24
E 3132 5 -1 -16
T 3133 32 0 6 0
E 3133 0 3 27
E 3133 1 2 19
E 3133 3 -4 -38
E 3133 4 -3 -30
E 3133 5 -2 -22
E 3133 6 -1 -14
T 3134 37 0 6 0
E 3134 0 4 40
E 3134 1 3 32
E 3134 2 2 24
E 3134 3 -3 -29
E 3134 4 -2 -21
E 3134 5 -1 -13
T 3135 34 0 6 0
E 3135 0 4 43
E 3135 1 3 35
E 3135 2 3 27
E 3135 3 2 19
E 3135 4 -2 -21
E 3135 5 -1 -13
T 3136 34 0 6 0
E 3136 0 3 32
E 3136 1 2 24
E 3136 2 1 16
E 3136 4 -3 -35
E 3136 5 -3 -27
E 3136 6 -2 -19
T 3137 33 0 6 0
E 3137 0 3 30
E 3137 1 2 22
E 3137 2 1 14
E 3137 4 -4 -40
E 3137 5 -3 -32
E 3137 6 -2 -24
T 3138 36 0 7 0
E 3138 0 4 38
E 3138 1 3 30
E 3138 2 2 22
E 3138 3 1 14
E 3138 4 -3 -35
E 3138 5 -3 -27
E 3138 6 -2 -19
T 3139 37 0 6 0
E 3139 0 3 34
E 3139 1 2 26
E 3139 2 2 18
E 3139 4 -4 -43
E 3139 5 -3 -35
E 3139 6 -3 -27
T 3140 34 0 6 0
E 3140 0 4 39
E 3140 1 3 31
E 3140 2 2 23
E 3140 3 1 15
E 3140 5 -3 -33
E 3140 6 -2 -25
T 3141 34 0 5 0
E 3141 0 4 36
E 3141 1 3 28
E 3141 2 2 20
E 3141 5 -4 -39
E 3141 6 -3 -31
T 3142 34 0 5 0
E 3142 0 4 36
E 3142 1 3 28
E 3142 2 2 20
E 3142 5 -4 -42
E 3142 6 -3 -34
T 3143 32 0 5 0
E 3143 0 3 29
E 3143 1 2 21
E 3143 2 1 13
E 3143 5 -5 -52
E 3143 6 -4 -44
T 3144 36 0 5 0
E 3144 0 3 32
E 3144 1 2 24
E 3144 2 1 16
E 3144 5 -5 -53
E 3144 6 -5 -45
T 3145 35 0 5 0
E 3145 0 4 43
E 3145 1 3 35
E 3145 2 3 27
E 3145 3 2 19
E 3145 6 -4 -37
T 3146 32 0 5 0
E 3146 0 4 37
E 3146 1 3 29
E 3146 2 2 21
E 3146 3 1 13
E 3146 6 -5 -46
T 3147 29 1 4 0
E 3147 0 3 29
E 3147 1 2 21
E 3147 2 1 13
E 3147 6 -6 -57
T 3148 32 0 4 0
E 3148 0 4 36
E 3148 1 3 28
E 3148 2 2 20
E 3148 6 -5 -53
T 3149 32 1 4 0
E 3149 0 3 32
E 3149 1 2 24
E 3149 2 1 16
E 3149 6 -6 -61
T 3150 27 0 4 0
E 3150 0 3 32
E 3150 1 2 24
E 3150 2 1 16
E 3150 6 -1 -16
T 3151 28 0 4 0
E 3151 0 3 34
E 3151 1 2 26
E 3151 2 2 18
E 3151 6 -1 -14
T 3152 25 1 4 0
E 3152 0 2 25
E 3152 1 1 17
E 3152 5 -1 -15
E 3152 6 -2 -23
T 3153 25 0 3 0
E 3153 0 3 28
E 3153 1 2 20
E 3153 6 -2 -20
T 3154 23 1 4 0
E 3154 0 2 23
E 3154 1 1 15
E 3154 5 -1 -17
E 3154 6 -2 -25
T 3155 23 0 4 0
E 3155 0 2 19
E 3155 4 -1 -13
E 3155 5 -2 -21
E 3155 6 -3 -29
T 3156 23 0 3 0
E 3156 0 2 20
E 3156 5 -2 -20
E 3156 6 -3 -28
T 3157 25 0 4 0
E 3157 0 3 27
E 3157 1 2 19
E 3157 5 -1 -13
E 3157 6 -2 -21
T 3158 24 1 4 0
E 3158 0 2 24
E 3158 1 1 16
E 3158 5 -1 -16
E 3158 6 -2 -24
T 3159 25 0 4 0
E 3159 0 3 27
E 3159 1 2 19
E 3159 5 -1 -13
E 3159 6 -2 -21
T 3160 25 0 4 0
E 3160 0 3 27
E 3160 1 2 19
E 3160 5 -1 -13
E 3160 6 -2 -21
T 3161 26 0 4 0
E 3161 0 3 30
E 3161 1 2 22
E 3161 2 1 14
E 3161 6 -2 -18
T 3162 28 0 4 0
E 3162 0 3 33
E 3162 1 2 25
E 3162 2 1 17
E 3162 6 -1 -15
T 3163 25 1 4 0
E 3163 0 2 25
E 3163 1 1 17
E 3163 5 -1 -15
E 3163 6 -2 -23
T 3164 25 0 4 0
E 3164 0 2 26
E 3164 1 2 18
E 3164 5 -1 -14
E 3164 6 -2 -22
T 3165 27 0 4 0
E 3165 0 3 32
E 3165 1 2 24
E 3165 2 1 16
E 3165 6 -1 -16
T 3166 27 0 4 0
E 3166 0 3 32
E 3166 1 2 24
E 3166 2 1 16
E 3166 6 -1 -16
T 3167 25 0 4 0
E 3167 0 3 29
E 3167 1 2 21
E 3167 2 1 13
E 3167 6 -2 -19
T 3168 24 1 4 0
E 3168 0 2 24
E 3168 1 1 16
E 3168 5 -1 -16
E 3168 6 -2 -24
T 3169 25 0 4 0
E 3169 0 3 29
E 3169 1 2 21
E 3169 2 1 13
E 3169 6 -2 -19
T 3170 24 1 4 0
E 3170 0 2 24
E 3170 1 1 16
E 3170 5 -1 -16
E 3170 6 -2 -24
T 3171 25 0 3 0
E 3171 0 3 28
E 3171 1 2 20
E 3171 6 -2 -20
T 3172 24 1 4 0
E 3172 0 2 24
E 3172 1 1 16
E 3172 5 -1 -16
E 3172 6 -2 -24
T 3173 25 1 4 0
E 3173 0 2 25
E 3173 1 1 17
E 3173 5 -1 -15
E 3173 6 -2 -23
T 3174 27 0 4 0
E 3174 0 3 32
E 3174 1 2 24
E 3174 2 1 16
E 3174 6 -1 -16
T 3175 25 0 4 0
E 3175 0 2 26
E 3175 1 2 18
E 3175 5 -1 -14
E 3175 6 -2 -22
T 3176 25 0 3 0
E 3176 0 3 28
E 3176 1 2 20
E 3176 6 -2 -20
T 3177 25 1 4 0
E 3177 0 2 25
E 3177 1 1 17
E 3177 5 -1 -15
E 3177 6 -2 -23
T 3178 26 0 4 0
E 3178 0 3 30
E 3178 1 2 22
E 3178 2 1 14
E 3178 6 -2 -18
T 3179 25 0 4 0
E 3179 0 3 29
E 3179 1 2 21
E 3179 2 1 13
E 3179 6 -2 -19
T 3180 25 0 3 0
E 3180 0 3 28
E 3180 1 2 20
E 3180 6 -2 -20
T 3181 26 0 4 0
E 3181 0 3 31
E 3181 1 2 23
E 3181 2 1 15
E 3181 6 -1 -17
T 3182 24 1 4 0
E 3182 0 2 24
E 3182 1 1 16
E 3182 5 -1 -16
E 3182 6 -2 -24
T 3183 26 0 4 0
E 3183 0 3 30
E 3183 1 2 22
E 3183 2 1 14
E 3183 6 -2 -18
T 3184 28 0 4 0
E 3184 0 3 34
E 3184 1 2 26
E 3184 2 2 18
E 3184 6 -1 -14
T 3185 24 1 4 0
E 3185 0 2 24
E 3185 1 1 16
E 3185 5 -1 -16
E 3185 6 -2 -24
T 3186 26 0 4 0
E 3186 0 3 30
E 3186 1 2 22
E 3186 2 1 14
E 3186 6 -2 -18
T 3187 28 0 4 0
E 3187 0 3 33
E 3187 1 2 25
E 3187 2 1 17
E 3187 6 -1 -15
T 3188 25 0 4 0
E 3188 0 3 29
E 3188 1 2 21
E 3188 2 1 13
E 3188 6 -2 -19
T 3189 25 1 4 0
E 3189 0 2 25
E 3189 1 1 17
E 3189 5 -1 -15
E 3189 6 -2 -23
T 3190 26 0 4 0
E 3190 0 3 30
E 3190 1 2 22
E 3190 2 1 14
E 3190 6 -2 -18
T 3191 24 1 4 0
E 3191 0 2 24
E 3191 1 1 16
E 3191 5 -1 -16
E 3191 6 -2 -24
T 3192 25 0 4 0
E 3192 0 3 27
E 3192 1 2 19
E 3192 5 -1 -13
E 3192 6 -2 -21
T 3193 26 0 4 0
E 3193 0 3 30
E 3193 1 2 22
E 3193 2 1 14
E 3193 6 -2 -18
T 3194 25 0 4 0
E 3194 0 2 26
E 3194 1 2 18
E 3194 5 -1 -14
E 3194 6 -2 -22
T 3195 25 0 4 0
E 3195 0 2 26
E 3195 1 2 18
E 3195 5 -1 -14
E 3195 6 -2 -22
T 3196 24 1 4 0
E 3196 0 2 24
E 3196 1 1 16
E 3196 5 -1 -16
E 3196 6 -2 -24
T 3197 23 0 4 0
E 3197 0 2 22
E 3197 1 1 14
E 3197 5 -2 -18
E 3197 6 -2 -26
T 3198 25 1 4 0
E 3198 0 2 25
E 3198 1 1 17
E 3198 5 -1 -15
E 3198 6 -2 -23
T 3199 25 0 4 0
E 3199 0 3 27
E 3199 1 2 19
E 3199 5 -1 -13
E 3199 6 -2 -21
T 3200 26 0 4 0
E 3200 0 3 30
E 3200 1 2 22
E 3200 2 1 14
E 3200 6 -2 -18
T 3201 23 0 4 0
E 3201 0 2 22
E 3201 1 1 14
E 3201 5 -2 -18
E 3201 6 -2 -26
T 3202 26 0 4 0
E 3202 0 3 30
E 3202 1 2 22
E 3202 2 1 14
E 3202 6 -2 -18
T 3203 27 0 4 0
E 3203 0 3 32
E 3203 1 2 24
E 3203 2 1 16
E 3203 6 -1 -16
T 3204 28 0 4 0
E 3204 0 3 33
E 3204 1 2 25
E 3204 2 1 17
E 3204 6 -1 -15
T 3205 28 0 4 0
E 3205 0 3 35
E 3205 1 3 27
E 3205 2 2 19
E 3205 6 -1 -13
T 3206 23 1 4 0
E 3206 0 2 23
E 3206 1 1 15
E 3206 5 -1 -17
E 3206 6 -2 -25
T 3207 24 1 4 0
E 3207 0 2 24
E 3207 1 1 16
E 3207 5 -1 -16
E 3207 6 -2 -24
T 3208 26 0 4 0
E 3208 0 3 31
E 3208 1 2 23
E 3208 2 1 15
E 3208 6 -1 -17
T 3209 26 0 4 0
E 3209 0 3 30
E 3209 1 2 22
E 3209 2 1 14
E 3209 6 -2 -18
T 3210 28 0 4 0
E 3210 0 3 33
E 3210 1 2 25
E 3210 2 1 17
E 3210 6 -1 -15
T 3211 24 1 4 0
E 3211 0 2 24
E 3211 1 1 16
E 3211 5 -1 -16
E 3211 6 -2 -24
T 3212 25 0 4 0
E 3212 0 2 26
E 3212 1 2 18
E 3212 5 -1 -14
E 3212 6 -2 -22
T 3213 23 1 4 0
E 3213 0 2 23
E 3213 1 1 15
E 3213 5 -1 -17
E 3213 6 -2 -25
T 3214 25 0 4 0
E 3214 0 2 26
E 3214 1 2 18
E 3214 5 -1 -14
E 3214 6 -2 -22
T 3215 26 0 4 0
E 3215 0 3 30
E 3215 1 2 22
E 3215 2 1 14
E 3215 6 -2 -18
T 3216 23 1 4 0
E 3216 0 2 23
E 3216 1 1 15
E 3216 5 -1 -17
E 3216 6 -2 -25
T 3217 21 0 4 0
E 3217 0 1 16
E 3217 4 -1 -13
E 3217 5 -2 -21
E 3217 6 -3 -29
T 3218 20 0 4 0
E 3218 0 2 21
E 3218 1 2 18
E 3218 5 -1 -14
E 3218 6 -2 -22
T 3219 18 0 3 0
E 3219 0 2 20
E 3219 1 2 20
E 3219 6 -2 -20
T 3220 15 0 4 0
E 3220 0 2 18
E 3220 1 2 21
E 3220 2 1 13
E 3220 6 -2 -19
T 3221 14 0 4 0
E 3221 0 2 18
E 3221 1 2 23
E 3221 2 1 15
E 3221 6 -1 -17
T 3222 13 0 2 0
E 3222 5 -2 -17
E 3222 6 -4 -25
T 3223 12 1 3 0
E 3223 1 1 17
E 3223 2 1 14
E 3223 6 -2 -18
T 3224 8 1 3 0
E 3224 1 1 13
E 3224 2 1 13
E 3224 6 -2 -19
T 3225 10 0 1 0
E 3225 6 -6 -20
T 3226 5 1 2 0
E 3226 2 2 15
E 3226 6 -2 -17
T 3227 4 0 3 0
E 3227 1 1 13
E 3227 2 2 18
E 3227 3 1 13
T 3228 2 0 2 0
E 3228 2 2 16
E 3228 3 2 13
T 3229 3 0 2 0
E 3229 2 2 17
E 3229 3 2 17
T 3230 1 0 1 0
E 3230 6 -5 -15
T 3231 3 0 1 0
E 3231 3 5 17
T 3232 6 0 1 0
E 3232 3 4 13
T 3233 5 0 0 0
T 3234 3 0 0 0
T 3235 5 0 2 0
E 3235 3 2 14
E 3235 4 2 17
T 3236 8 0 0 0
T 3237 10 0 1 0
E 3237 0 -5 -15
T 3238 10 0 1 0
E 3238 0 -4 -14
T 3239 10 0 1 0
E 3239 0 -4 -14
T 3240 10 0 2 0
E 3240 4 2 14
E 3240 5 2 17
T 3241 14 0 1 0
E 3241 5 5 16
T 3242 15 0 1 0
E 3242 5 5 15
T 3243 13 0 2 0
E 3243 0 -3 -18
E 3243 1 -2 -13
T 3244 13 0 2 0
E 3244 0 -3 -18
E 3244 1 -2 -13
T 3245 14 0 2 0
E 3245 5 2 16
E 3245 6 3 19
T 3246 13 0 2 0
E 3246 0 -3 -18
E 3246 1 -2 -13
T 3247 13 1 2 0
E 3247 0 -2 -13
E 3247 6 2 17
T 3248 14 0 2 0
E 3248 0 -3 -19
E 3248 1 -2 -14
T 3249 14 0 2 0
E 3249 5 2 16
E 3249 6 3 21
T 3250 15 1 2 0
E 3250 0 -2 -15
E 3250 6 2 15
T 3251 17 0 2 0
E 3251 0 -3 -22
E 3251 1 -2 -17
T 3252 13 1 2 0
E 3252 0 -2 -13
E 3252 6 2 17
T 3253 17 0 2 0
E 3253 5 2 13
E 3253 6 3 18
T 3254 13 0 2 0
E 3254 0 -3 -18
E 3254 1 -2 -13
T 3255 16 1 2 0
E 3255 0 -2 -16
E 3255 6 2 14
T 3256 18 0 3 0
E 3256 0 -2 -23
E 3256 1 -2 -18
E 3256 2 -1 -13
T 3257 14 0 2 0
E 3257 0 -3 -19
E 3257 1 -2 -14
T 3258 14 1 2 0
E 3258 0 -2 -14
E 3258 6 2 16
T 3259 14 1 2 0
E 3259 0 -2 -14
E 3259 6 2 16
T 3260 14 0 2 0
E 3260 5 2 16
E 3260 6 3 21
T 3261 13 1 2 0
E 3261 0 -2 -13
E 3261 6 2 17
T 3262 13 0 2 0
E 3262 5 2 17
E 3262 6 3 22
T 3263 16 1 2 0
E 3263 0 -2 -16
E 3263 6 2 14
T 3264 13 1 2 0
E 3264 0 -2 -13
E 3264 6 2 17
T 3265 15 0 2 0
E 3265 0 -3 -20
E 3265 1 -2 -15
T 3266 15 0 3 0
E 3266 0 -1 -13
E 3266 5 1 13
E 3266 6 2 18
T 3267 17 0 2 0
E 3267 0 -3 -22
E 3267 1 -2 -16
T 3268 20 0 3 0
E 3268 0 -2 -25
E 3268 1 -2 -18
E 3268 2 -1 -13
T 3269 16 0 2 0
E 3269 0 -3 -21
E 3269 1 -2 -13
T 3270 17 0 2 0
E 3270 5 2 16
E 3270 6 3 21
T 3271 19 0 3 0
E 3271 0 -2 -21
E 3271 1 -1 -13
E 3271 6 1 13
T 3272 19 0 2 0
E 3272 0 -3 -20
E 3272 6 2 14
T 3273 19 0 2 0
E 3273 0 -3 -20
E 3273 6 2 15
T 3274 19 0 3 0
E 3274 0 -2 -21
E 3274 1 -1 -13
E 3274 6 1 15
T 3275 17 0 3 0
E 3275 0 -1 -15
E 3275 5 1 16
E 3275 6 2 21
T 3276 19 0 3 0
E 3276 0 -1 -17
E 3276 5 1 15
E 3276 6 2 20
T 3277 21 0 3 0
E 3277 0 -2 -23
E 3277 1 -1 -15
E 3277 6 1 14
T 3278 21 0 3 0
E 3278 0 -2 -20
E 3278 5 1 13
E 3278 6 2 18
T 3279 23 0 3 0
E 3279 0 -3 -29
E 3279 1 -2 -21
E 3279 2 -1 -13
T 3280 19 0 3 0
E 3280 0 -2 -18
E 3280 5 1 16
E 3280 6 2 21
T 3281 20 0 4 0
E 3281 0 -1 -16
E 3281 4 1 14
E 3281 5 2 19
E 3281 6 2 24
T 3282 23 0 3 0
E 3282 0 -2 -26
E 3282 1 -2 -18
E 3282 6 1 14
T 3283 23 0 3 0
E 3283 0 -3 -29
E 3283 1 -2 -21
E 3283 2 -1 -13
T 3284 21 0 3 0
E 3284 0 -2 -20
E 3284 5 1 17
E 3284 6 2 22
T 3285 21 0 3 0
E 3285 0 -2 -20
E 3285 5 1 17
E 3285 6 2 22
T 3286 22 0 4 0
E 3286 0 -2 -19
E 3286 4 1 13
E 3286 5 2 19
E 3286 6 2 24
T 3287 25 1 4 0
E 3287 0 -2 -25
E 3287 1 -1 -17
E 3287 5 1 13
E 3287 6 2 18
T 3288 24 1 4 0
E 3288 0 -2 -24
E 3288 1 -1 -16
E 3288 5 1 15
E 3288 6 2 20
T 3289 24 1 4 0
E 3289 0 -2 -24
E 3289 1 -1 -16
E 3289 5 1 16
E 3289 6 2 21
T 3290 25 0 4 0
E 3290 0 -3 -27
E 3290 1 -2 -19
E 3290 5 1 13
E 3290 6 2 18
T 3291 25 0 4 0
E 3291 0 -3 -30
E 3291 1 -2 -22
E 3291 2 -1 -14
E 3291 6 1 16
T 3292 22 0 3 0
E 3292 0 -2 -20
E 3292 5 2 20
E 3292 6 2 26
T 3293 23 0 4 0
E 3293 0 -2 -19
E 3293 4 1 13
E 3293 5 2 21
E 3293 6 3 28
T 3294 23 0 4 0
E 3294 0 -2 -21
E 3294 1 -1 -13
E 3294 5 2 19
E 3294 6 3 27
T 3295 23 0 3 0
E 3295 0 -2 -20
E 3295 5 2 20
E 3295 6 3 28
T 3296 23 1 4 0
E 3296 0 -2 -23
E 3296 1 -1 -15
E 3296 5 1 17
E 3296 6 2 25
T 3297 25 0 3 0
E 3297 0 -3 -28
E 3297 1 -2 -20
E 3297 6 2 20
T 3298 23 0 4 0
E 3298 0 -2 -22
E 3298 1 -1 -14
E 3298 5 2 18
E 3298 6 2 26
T 3299 25 0 4 0
E 3299 0 -2 -26
E 3299 1 -2 -18
E 3299 5 1 14
E 3299 6 2 22
T 3300 26 0 4 0
E 3300 0 -3 -30
E 3300 1 -2 -22
E 3300 2 -1 -14
E 3300 6 2 18
T 3301 25 0 4 0
E 3301 0 -3 -27
E 3301 1 -2 -19
E 3301 5 1 13
E 3301 6 2 21
T 3302 25 0 4 0
E 3302 0 -2 -26
E 3302 1 -2 -18
E 3302 5 1 14
E 3302 6 2 22
T 3303 25 0 4 0
E 3303 0 -3 -27
E 3303 1 -2 -19
E 3303 5 1 13
E 3303 6 2 21
T 3304 25 1 4 0
E 3304 0 -2 -25
E 3304 1 -1 -17
E 3304 5 1 15
E 3304 6 2 23
T 3305 27 0 4 0
E 3305 0 -3 -32
E 3305 1 -2 -24
E 3305 2 -1 -16
E 3305 6 1 16
T 3306 28 0 4 0
E 3306 0 -3 -34
E 3306 1 -2 -26
E 3306 2 -2 -18
E 3306 6 1 14
T 3307 28 0 4 0
E 3307 0 -3 -35
E 3307 1 -3 -27
E 3307 2 -2 -19
E 3307 6 1 13
T 3308 25 0 4 0
E 3308 0 -3 -29
E 3308 1 -2 -21
E 3308 2 -1 -13
E 3308 6 2 19
T 3309 23 0 4 0
E 3309 0 -2 -21
E 3309 1 -1 -13
E 3309 5 2 19
E 3309 6 3 27
T 3310 26 0 4 0
E 3310 0 -3 -30
E 3310 1 -2 -22
E 3310 2 -1 -14
E 3310 6 2 18
T 3311 27 0 4 0
E 3311 0 -3 -32
E 3311 1 -2 -24
E 3311 2 -1 -16
E 3311 6 1 16
T 3312 26 0 4 0
E 3312 0 -3 -31
E 3312 1 -2 -23
E 3312 2 -1 -15
E 3312 6 1 17
T 3313 25 0 4 0
E 3313 0 -3 -27
E 3313 1 -2 -19
E 3313 5 1 13
E 3313 6 2 21
T 3314 26 0 4 0
E 3314 0 -3 -30
E 3314 1 -2 -22
E 3314 2 -1 -14
E 3314 6 2 18
T 3315 25 0 4 0
E 3315 0 -3 -29
E 3315 1 -2 -21
E 3315 2 -1 -13
E 3315 6 2 19
T 3316 26 0 4 0
E 3316 0 -3 -30
E 3316 1 -2 -22
E 3316 2 -1 -14
E 3316 6 2 18
T 3317 23 0 4 0
E 3317 0 -2 -22
E 3317 1 -1 -14
E 3317 5 2 18
E 3317 6 2 26
T 3318 25 0 4 0
E 3318 0 -3 -27
E 3318 1 -2 -19
E 3318 5 1 13
E 3318 6 2 21
T 3319 26 0 4 0
E 3319 0 -3 -30
E 3319 1 -2 -22
E 3319 2 -1 -14
E 3319 6 2 18
T 3320 25 0 4 0
E 3320 0 -3 -29
E 3320 1 -2 -21
E 3320 2 -1 -13
E 3320 6 2 19
T 3321 23 1 4 0
E 3321 0 -2 -23
E 3321 1 -1 -15
E 3321 5 1 17
E 3321 6 2 25
T 3322 23 0 3 0
E 3322 0 -2 -20
E 3322 5 2 20
E 3322 6 3 28
T 3323 26 0 4 0
E 3323 0 -3 -30
E 3323 1 -2 -22
E 3323 2 -1 -14
E 3323 6 2 18
T 3324 28 0 4 0
E 3324 0 -3 -34
E 3324 1 -2 -26
E 3324 2 -2 -18
E 3324 6 1 14
T 3325 25 0 3 0
E 3325 0 -3 -28
E 3325 1 -2 -20
E 3325 6 2 20
T 3326 25 0 4 0
E 3326 0 -3 -27
E 3326 1 -2 -19
E 3326 5 1 13
E 3326 6 2 21
T 3327 23 0 4 0
E 3327 0 -2 -22
E 3327 1 -1 -14
E 3327 5 2 18
E 3327 6 2 26
T 3328 23 0 4 0
E 3328 0 -2 -19
E 3328 4 1 13
E 3328 5 2 21
E 3328 6 3 29
T 3329 25 0 3 0
E 3329 0 -3 -28
E 3329 1 -2 -20
E 3329 6 2 20
T 3330 25 0 4 0
E 3330 0 -3 -27
E 3330 1 -2 -19
E 3330 5 1 13
E 3330 6 2 21
T 3331 25 0 4 0
E 3331 0 -3 -29
E 3331 1 -2 -21
E 3331 2 -1 -13
E 3331 6 2 19
T 3332 27 0 4 0
E 3332 0 -3 -32
E 3332 1 -2 -24
E 3332 2 -1 -16
E 3332 6 1 16
T 3333 27 0 4 0
E 3333 0 -3 -32
E 3333 1 -2 -24
E 3333 2 -1 -16
E 3333 6 1 16
T 3334 25 0 4 0
E 3334 0 -2 -26
E 3334 1 -2 -18
E 3334 5 1 14
E 3334 6 2 22
T 3335 23 0 3 0
E 3335 0 -2 -20
E 3335 5 2 20
E 3335 6 3 28
T 3336 23 1 4 0
E 3336 0 -2 -23
E 3336 1 -1 -15
E 3336 5 1 17
E 3336 6 2 25
T 3337 23 0 4 0
E 3337 0 -2 -19
E 3337 4 1 13
E 3337 5 2 21
E 3337 6 3 29
T 3338 23 0 4 0
E 3338 0 -2 -22
E 3338 1 -1 -14
E 3338 5 2 18
E 3338 6 2 26
T 3339 23 0 4 0
E 3339 0 -2 -19
E 3339 4 1 13
E 3339 5 2 21
E 3339 6 3 29
T 3340 25 0 3 0
E 3340 0 -3 -28
E 3340 1 -2 -20
E 3340 6 2 20
T 3341 27 0 4 0
E 3341 0 -3 -32
E 3341 1 -2 -24
E 3341 2 -1 -16
E 3341 6 1 16
T 3342 25 0 4 0
E 3342 0 -2 -26
E 3342 1 -2 -18
E 3342 5 1 14
E 3342 6 2 22
T 3343 23 0 4 0
E 3343 0 -2 -22
E 3343 1 -1 -14
E 3343 5 2 18
E 3343 6 2 26
T 3344 25 0 4 0
E 3344 0 -3 -27
E 3344 1 -2 -19
E 3344 5 1 13
E 3344 6 2 21
T 3345 23 0 4 0
E 3345 0 -2 -21
E 3345 1 -1 -13
E 3345 5 2 19
E 3345 6 3 27
T 3346 25 0 3 0
E 3346 0 -3 -28
E 3346 1 -2 -20
E 3346 6 2 20
T 3347 23 0 3 0
E 3347 0 -2 -20
E 3347 5 2 20
E 3347 6 3 28
T 3348 25 0 3 0
E 3348 0 -3 -28
E 3348 1 -2 -20
E 3348 6 2 20
T 3349 24 1 4 0
E 3349 0 -2 -24
E 3349 1 -1 -16
E 3349 5 1 16
E 3349 6 2 24
T 3350 23 1 4 0
E 3350 0 -2 -23
E 3350 1 -1 -15
E 3350 5 1 17
E 3350 6 2 25
T 3351 25 1 4 0
E 3351 0 -2 -25
E 3351 1 -1 -17
E 3351 5 1 15
E 3351 6 2 23
T 3352 25 0 3 0
E 3352 0 -3 -28
E 3352 1 -2 -20
E 3352 6 2 20
T 3353 25 0 3 0
E 3353 0 -3 -28
E 3353 1 -2 -20
E 3353 6 2 20
T 3354 25 1 4 0
E 3354 0 -2 -25
E 3354 1 -1 -17
E 3354 5 1 15
E 3354 6 2 23
T 3355 25 0 3 0
E 3355 0 -3 -28
E 3355 1 -2 -20
E 3355 6 2 20
T 3356 26 0 4 0
E 3356 0 -3 -31
E 3356 1 -2 -23
E 3356 2 -1 -15
E 3356 6 1 17
T 3357 23 1 4 0
E 3357 0 -2 -23
E 3357 1 -1 -15
E 3357 5 1 17
E 3357 6 2 25
T 3358 23 0 4 0
E 3358 0 -2 -21
E 3358 1 -1 -13
E 3358 5 2 19
E 3358 6 3 27
T 3359 23 0 4 0
E 3359 0 -2 -22
E 3359 1 -1 -14
E 3359 5 2 18
E 3359 6 2 26
T 3360 18 0 4 0
E 3360 0 2 21
E 3360 1 -2 -19
E 3360 5 1 13
E 3360 6 2 21
T 3361 22 0 4 0
E 3361 0 2 25
E 3361 1 -2 -18
E 3361 5 1 14
E 3361 6 2 22
T 3362 22 1 4 0
E 3362 0 2 22
E 3362 1 -2 -24
E 3362 2 -1 -16
E 3362 6 1 16
T 3363 26 0 3 0
E 3363 0 3 29
E 3363 1 -2 -20
E 3363 6 2 20
T 3364 30 0 4 0
E 3364 0 3 32
E 3364 1 -2 -21
E 3364 2 -1 -13
E 3364 6 2 19
T 3365 25 0 4 0
E 3365 0 2 26
E 3365 1 2 18
E 3365 2 -2 -22
E 3365 3 -1 -14
T 3366 28 0 3 0
E 3366 0 3 31
E 3366 1 2 23
E 3366 2 -2 -20
T 3367 27 1 4 0
E 3367 0 3 27
E 3367 1 2 19
E 3367 2 -3 -27
E 3367 3 -2 -19
T 3368 28 0 5 0
E 3368 0 2 25
E 3368 1 1 17
E 3368 2 -3 -32
E 3368 3 -2 -24
E 3368 4 -1 -16
T 3369 30 0 5 0
E 3369 0 2 26
E 3369 1 2 18
E 3369 2 -3 -35
E 3369 3 -3 -27
E 3369 4 -2 -19
T 3370 30 0 5 0
E 3370 0 3 33
E 3370 1 2 25
E 3370 2 1 17
E 3370 3 -2 -23
E 3370 4 -1 -15
T 3371 30 0 5 0
E 3371 0 3 31
E 3371 1 2 23
E 3371 2 1 15
E 3371 3 -3 -28
E 3371 4 -2 -20
T 3372 30 0 5 0
E 3372 0 3 27
E 3372 1 2 19
E 3372 3 -3 -35
E 3372 4 -3 -27
E 3372 5 -2 -19
T 3373 32 0 6 0
E 3373 0 3 29
E 3373 1 2 21
E 3373 2 1 13
E 3373 3 -4 -36
E 3373 4 -3 -28
E 3373 5 -2 -20
T 3374 33 0 6 0
E 3374 0 4 36
E 3374 1 3 28
E 3374 2 2 20
E 3374 3 -3 -33
E 3374 4 -2 -25
E 3374 5 -1 -17
T 3375 33 0 6 0
E 3375 0 4 40
E 3375 1 3 32
E 3375 2 2 24
E 3375 3 1 16
E 3375 4 -2 -24
E 3375 5 -1 -16
T 3376 35 0 6 0
E 3376 0 4 40
E 3376 1 3 32
E 3376 2 2 24
E 3376 3 1 16
E 3376 4 -3 -27
E 3376 5 -2 -19
T 3377 36 0 6 0
E 3377 0 3 33
E 3377 1 2 25
E 3377 2 1 17
E 3377 4 -4 -37
E 3377 5 -3 -29
E 3377 6 -2 -21
T 3378 37 0 7 0
E 3378 0 4 43
E 3378 1 3 35
E 3378 2 3 27
E 3378 3 2 19
E 3378 4 -3 -30
E 3378 5 -2 -22
E 3378 6 -1 -14
T 3379 36 0 6 0
E 3379 0 3 35
E 3379 1 3 27
E 3379 2 2 19
E 3379 4 -4 -42
E 3379 5 -3 -34
E 3379 6 -2 -26
T 3380 36 0 6 0
E 3380 0 4 44
E 3380 1 4 36
E 3380 2 3 28
E 3380 3 2 20
E 3380 5 -3 -28
E 3380 6 -2 -20
T 3381 36 0 6 0
E 3381 0 4 42
E 3381 1 3 34
E 3381 2 2 26
E 3381 3 2 18
E 3381 5 -3 -33
E 3381 6 -2 -25
T 3382 34 0 6 0
E 3382 0 4 37
E 3382 1 3 29
E 3382 2 2 21
E 3382 3 1 13
E 3382 5 -4 -41
E 3382 6 -3 -33
T 3383 34 0 5 0
E 3383 0 3 31
E 3383 1 2 23
E 3383 2 1 15
E 3383 5 -5 -50
E 3383 6 -4 -42
T 3384 39 0 6 0
E 3384 0 4 40
E 3384 1 3 32
E 3384 2 2 24
E 3384 3 1 16
E 3384 5 -5 -45
E 3384 6 -4 -37
T 3385 35 0 5 0
E 3385 0 4 41
E 3385 1 3 33
E 3385 2 2 25
E 3385 3 1 17
E 3385 6 -4 -39
T 3386 33 0 5 0
E 3386 0 4 38
E 3386 1 3 30
E 3386 2 2 22
E 3386 3 1 14
E 3386 6 -5 -45
T 3387 32 0 4 0
E 3387 0 4 36
E 3387 1 3 28
E 3387 2 2 20
E 3387 6 -5 -50
T 3388 34 0 5 0
E 3388 0 4 39
E 3388 1 3 31
E 3388 2 2 23
E 3388 3 1 15
E 3388 6 -5 -50
T 3389 33 0 4 0
E 3389 0 3 35
E 3389 1 3 27
E 3389 2 2 19
E 3389 6 -6 -58
T 3390 27 0 4 0
E 3390 0 4 37
E 3390 1 3 29
E 3390 2 2 21
E 3390 3 1 13
T 3391 25 0 4 0
E 3391 0 3 29
E 3391 1 2 21
E 3391 2 1 13
E 3391 6 -2 -19
T 3392 26 0 4 0
E 3392 0 3 30
E 3392 1 2 22
E 3392 2 1 14
E 3392 6 -2 -18
T 3393 25 1 4 0
E 3393 0 2 25
E 3393 1 1 17
E 3393 5 -1 -15
E 3393 6 -2 -23
T 3394 28 0 4 0
E 3394 0 3 33
E 3394 1 2 25
E 3394 2 1 17
E 3394 6 -1 -15
T 3395 26 0 4 0
E 3395 0 3 31
E 3395 1 2 23
E 3395 2 1 15
E 3395 6 -1 -17
T 3396 24 1 4 0
E 3396 0 2 24
E 3396 1 1 16
E 3396 5 -1 -16
E 3396 6 -2 -24
T 3397 23 0 3 0
E 3397 0 2 20
E 3397 5 -2 -20
E 3397 6 -3 -28
T 3398 22 0 4 0
E 3398 0 2 18
E 3398 4 -1 -14
E 3398 5 -2 -22
E 3398 6 -3 -30
T 3399 23 0 4 0
E 3399 0 2 22
E 3399 1 1 14
E 3399 5 -2 -18
E 3399 6 -2 -26
T 3400 23 0 4 0
E 3400 0 2 19
E 3400 4 -1 -13
E 3400 5 -2 -21
E 3400 6 -3 -29
T 3401 25 1 4 0
E 3401 0 2 25
E 3401 1 1 17
E 3401 5 -1 -15
E 3401 6 -2 -23
T 3402 25 0 4 0
E 3402 0 3 29
E 3402 1 2 21
E 3402 2 1 13
E 3402 6 -2 -19
T 3403 25 0 4 0
E 3403 0 2 26
E 3403 1 2 18
E 3403 5 -1 -14
E 3403 6 -2 -22
T 3404 26 0 4 0
E 3404 0 3 31
E 3404 1 2 23
E 3404 2 1 15
E 3404 6 -1 -17
T 3405 23 1 4 0
E 3405 0 2 23
E 3405 1 1 15
E 3405 5 -1 -17
E 3405 6 -2 -25
T 3406 26 0 4 0
E 3406 0 3 30
E 3406 1 2 22
E 3406 2 1 14
E 3406 6 -2 -18
T 3407 26 0 4 0
E 3407 0 3 31
E 3407 1 2 23
E 3407 2 1 15
E 3407 6 -1 -17
T 3408 25 1 4 0
E 3408 0 2 25
E 3408 1 1 17
E 3408 5 -1 -15
E 3408 6 -2 -23
T 3409 28 0 4 0
E 3409 0 3 33
E 3409 1 2 25
E 3409 2 1 17
E 3409 6 -1 -15
T 3410 25 1 4 0
E 3410 0 2 25
E 3410 1 1 17
E 3410 5 -1 -15
E 3410 6 -2 -23
T 3411 26 0 4 0
E 3411 0 3 31
E 3411 1 2 23
E 3411 2 1 15
E 3411 6 -1 -17
T 3412 26 0 4 0
E 3412 0 3 30
E 3412 1 2 22
E 3412 2 1 14
E 3412 6 -2 -18
T 3413 25 0 4 0
E 3413 0 3 27
E 3413 1 2 19
E 3413 5 -1 -13
E 3413 6 -2 -21
T 3414 23 1 4 0
E 3414 0 2 23
E 3414 1 1 15
E 3414 5 -1 -17
E 3414 6 -2 -25
T 3415 23 0 4 0
E 3415 0 2 22
E 3415 1 1 14
E 3415 5 -2 -18
E 3415 6 -2 -26
T 3416 25 0 4 0
E 3416 0 3 27
E 3416 1 2 19
E 3416 5 -1 -13
E 3416 6 -2 -21
T 3417 23 0 4 0
E 3417 0 2 22
E 3417 1 1 14
E 3417 5 -2 -18
E 3417 6 -2 -26
T 3418 25 0 4 0
E 3418 0 2 26
E 3418 1 2 18
E 3418 5 -1 -14
E 3418 6 -2 -22
T 3419 26 0 4 0
E 3419 0 3 30
E 3419 1 2 22
E 3419 2 1 14
E 3419 6 -2 -18
T 3420 25 0 4 0
E 3420 0 3 27
E 3420 1 2 19
E 3420 5 -1 -13
E 3420 6 -2 -21
T 3421 23 0 4 0
E 3421 0 2 21
E 3421 1 1 13
E 3421 5 -2 -19
E 3421 6 -3 -27
T 3422 26 0 4 0
E 3422 0 3 31
E 3422 1 2 23
E 3422 2 1 15
E 3422 6 -1 -17
T 3423 25 0 3 0
E 3423 0 3 28
E 3423 1 2 20
E 3423 6 -2 -20
T 3424 28 0 4 0
E 3424 0 3 33
E 3424 1 2 25
E 3424 2 1 17
E 3424 6 -1 -15
T 3425 25 0 4 0
E 3425 0 3 29
E 3425 1 2 21
E 3425 2 1 13
E 3425 6 -2 -19
T 3426 25 0 4 0
E 3426 0 2 26
E 3426 1 2 18
E 3426 5 -1 -14
E 3426 6 -2 -22
T 3427 27 0 4 0
E 3427 0 3 32
E 3427 1 2 24
E 3427 2 1 16
E 3427 6 -1 -16
T 3428 25 0 4 0
E 3428 0 3 29
E 3428 1 2 21
E 3428 2 1 13
E 3428 6 -2 -19
T 3429 25 0 4 0
E 3429 0 2 26
E 3429 1 2 18
E 3429 5 -1 -14
E 3429 6 -2 -22
T 3430 25 0 4 0
E 3430 0 3 27
E 3430 1 2 19
E 3430 5 -1 -13
E 3430 6 -2 -21
T 3431 25 1 4 0
E 3431 0 2 25
E 3431 1 1 17
E 3431 5 -1 -15
E 3431 6 -2 -23
T 3432 28 0 4 0
E 3432 0 3 33
E 3432 1 2 25
E 3432 2 1 17
E 3432 6 -1 -15
T 3433 28 0 4 0
E 3433 0 3 34
E 3433 1 2 26
E 3433 2 2 18
E 3433 6 -1 -14
T 3434 26 0 4 0
E 3434 0 3 30
E 3434 1 2 22
E 3434 2 1 14
E 3434 6 -2 -18
T 3435 26 0 4 0
E 3435 0 3 30
E 3435 1 2 22
E 3435 2 1 14
E 3435 6 -2 -18
T 3436 23 0 4 0
E 3436 0 2 22
E 3436 1 1 14
E 3436 5 -2 -18
E 3436 6 -2 -26
T 3437 25 0 4 0
E 3437 0 3 27
E 3437 1 2 19
E 3437 5 -1 -13
E 3437 6 -2 -21
T 3438 25 0 4 0
E 3438 0 2 26
E 3438 1 2 18
E 3438 5 -1 -14
E 3438 6 -2 -22
T 3439 23 0 4 0
E 3439 0 2 21
E 3439 1 1 13
E 3439 5 -2 -19
E 3439 6 -3 -27
T 3440 25 1 4 0
E 3440 0 2 25
E 3440 1 1 17
E 3440 5 -1 -15
E 3440 6 -2 -23
T 3441 23 0 3 0
E 3441 0 2 20
E 3441 5 -2 -20
E 3441 6 -3 -28
T 3442 25 0 4 0
E 3442 0 2 26
E 3442 1 2 18
E 3442 5 -1 -14
E 3442 6 -2 -22
T 3443 23 0 3 0
E 3443 0 2 20
E 3443 5 -2 -20
E 3443 6 -3 -28
T 3444 25 1 4 0
E 3444 0 2 25
E 3444 1 1 17
E 3444 5 -1 -15
E 3444 6 -2 -23
T 3445 23 0 4 0
E 3445 0 2 21
E 3445 1 1 13
E 3445 5 -2 -19
E 3445 6 -3 -27
T 3446 23 0 4 0
E 3446 0 2 19
E 3446 4 -1 -13
E 3446 5 -2 -21
E 3446 6 -3 -29
T 3447 25 0 3 0
E 3447 0 3 28
E 3447 1 2 20
E 3447 6 -2 -20
T 3448 23 0 4 0
E 3448 0 2 21
E 3448 1 1 13
E 3448 5 -2 -19
E 3448 6 -3 -27
T 3449 25 0 3 0
E 3449 0 3 28
E 3449 1 2 20
E 3449 6 -2 -20
T 3450 24 1 4 0
E 3450 0 2 24
E 3450 1 1 16
E 3450 5 -1 -16
E 3450 6 -2 -24
T 3451 26 0 4 0
E 3451 0 3 31
E 3451 1 2 23
E 3451 2 1 15
E 3451 6 -1 -17
T 3452 25 0 4 0
E 3452 0 2 26
E 3452 1 2 18
E 3452 5 -1 -14
E 3452 6 -2 -22
T 3453 23 0 3 0
E 3453 0 2 20
E 3453 5 -2 -20
E 3453 6 -3 -28
T 3454 25 0 4 0
E 3454 0 3 29
E 3454 1 2 21
E 3454 2 1 13
E 3454 6 -2 -19
T 3455 24 1 4 0
E 3455 0 2 24
E 3455 1 1 16
E 3455 5 -1 -16
E 3455 6 -2 -24
T 3456 23 0 4 0
E 3456 0 2 19
E 3456 4 -1 -13
E 3456 5 -2 -21
E 3456 6 -3 -29
T 3457 23 0 3 0
E 3457 0 2 25
E 3457 1 2 20
E 3457 6 -2 -20
T 3458 19 1 4 0
E 3458 0 2 19
E 3458 1 1 16
E 3458 5 -1 -16
E 3458 6 -2 -24
T 3459 18 0 4 0
E 3459 0 2 21
E 3459 1 2 21
E 3459 2 1 13
E 3459 6 -2 -19
T 3460 15 0 4 0
E 3460 0 2 18
E 3460 1 2 21
E 3460 2 1 13
E 3460 6 -2 -19
T 3461 14 1 4 0
E 3461 0 1 14
E 3461 1 2 19
E 3461 5 -1 -13
E 3461 6 -2 -21
T 3462 13 0 3 0
E 3462 1 1 16
E 3462 5 -1 -13
E 3462 6 -2 -21
T 3463 12 0 4 0
E 3463 0 1 16
E 3463 1 2 21
E 3463 2 2 18
E 3463 6 -1 -14
T 3464 10 0 3 0
E 3464 1 1 16
E 3464 2 1 16
E 3464 6 -1 -16
T 3465 8 0 2 0
E 3465 5 -2 -13
E 3465 6 -3 -21
T 3466 6 1 2 0
E 3466 2 2 16
E 3466 6 -2 -16
T 3467 7 0 1 0
E 3467 6 -6 -18
T 3468 3 0 2 0
E 3468 2 2 17
E 3468 3 2 14
T 3469 2 0 1 0
E 3469 6 -6 -18
T 3470 3 0 1 0
E 3470 3 4 14
T 3471 5 0 1 0
E 3471 3 4 14
T 3472 3 0 0 0
T 3473 5 0 1 0
E 3473 3 5 15
T 3474 11 0 0 0
T 3475 12 0 2 0
E 3475 0 -2 -16
E 3475 6 -2 -14
T 3476 8 0 0 0
T 3477 8 0 1 0
E 3477 4 5 17
T 3478 8 0 0 0
T 3479 9 0 1 0
E 3479 0 -4 -13
T 3480 11 0 1 0
E 3480 0 -5 -16
T 3481 13 0 2 0
E 3481 0 -3 -18
E 3481 1 -2 -13
T 3482 16 0 1 0
E 3482 5 4 13
T 3483 18 0 3 0
E 3483 0 -2 -23
E 3483 1 -2 -18
E 3483 2 -1 -13
T 3484 10 0 1 0
E 3484 0 -4 -14
T 3485 12 0 3 0
E 3485 4 1 13
E 3485 5 2 18
E 3485 6 2 21
T 3486 14 1 2 0
E 3486 0 -2 -14
E 3486 6 2 16
T 3487 13 0 2 0
E 3487 0 -3 -18
E 3487 1 -2 -13
T 3488 17 0 2 0
E 3488 5 2 13
E 3488 6 3 18
T 3489 17 0 2 0
E 3489 0 -3 -22
E 3489 1 -2 -17
T 3490 17 0 2 0
E 3490 5 2 13
E 3490 6 3 18
T 3491 13 0 2 0
E 3491 0 -3 -18
E 3491 1 -2 -13
T 3492 17 0 2 0
E 3492 5 2 13
E 3492 6 3 18
T 3493 15 0 2 0
E 3493 0 -3 -20
E 3493 1 -2 -15
T 3494 13 0 2 0
E 3494 0 -3 -18
E 3494 1 -2 -13
T 3495 15 1 2 0
E 3495 0 -2 -15
E 3495 6 2 15
T 3496 16 0 2 0
E 3496 5 2 14
E 3496 6 3 19
T 3497 15 1 2 0
E 3497 0 -2 -15
E 3497 6 2 15
T 3498 17 0 2 0
E 3498 5 2 13
E 3498 6 3 18
T 3499 13 0 2 0
E 3499 0 -3 -18
E 3499 1 -2 -13
T 3500 13 0 2 0
E 3500 5 2 17
E 3500 6 3 22
T 3501 17 1 2 0
E 3501 0 -2 -17
E 3501 6 2 13
T 3502 15 1 2 0
E 3502 0 -2 -15
E 3502 6 2 15
T 3503 17 0 2 0
E 3503 5 2 13
E 3503 6 3 18
T 3504 18 0 3 0
E 3504 0 -2 -23
E 3504 1 -2 -18
E 3504 2 -1 -13
T 3505 13 0 2 0
E 3505 0 -3 -18
E 3505 1 -2 -13
T 3506 17 0 2 0
E 3506 5 2 14
E 3506 6 3 19
T 3507 15 1 2 0
E 3507 0 -2 -15
E 3507 6 2 16
T 3508 18 0 2 0
E 3508 0 -3 -23
E 3508 1 -2 -16
T 3509 17 0 2 0
E 3509 0 -3 -22
E 3509 1 -2 -14
T 3510 17 0 3 0
E 3510 0 -1 -15
E 3510 5 1 13
E 3510 6 2 18
T 3511 19 0 2 0
E 3511 0 -4 -25
E 3511 1 -2 -17
T 3512 17 1 2 0
E 3512 0 -2 -17
E 3512 6 2 17
T 3513 20 0 3 0
E 3513 0 -2 -22
E 3513 1 -1 -14
E 3513 6 1 13
T 3514 19 0 3 0
E 3514 0 -2 -21
E 3514 1 -1 -13
E 3514 6 1 15
T 3515 19 0 3 0
E 3515 0 -2 -18
E 3515 5 1 13
E 3515 6 2 18
T 3516 19 0 3 0
E 3516 0 -2 -18
E 3516 5 1 14
E 3516 6 2 19
T 3517 22 0 3 0
E 3517 0 -2 -24
E 3517 1 -1 -16
E 3517 6 1 13
T 3518 19 0 3 0
E 3518 0 -2 -21
E 3518 1 -1 -13
E 3518 6 1 17
T 3519 23 0 3 0
E 3519 0 -2 -26
E 3519 1 -2 -18
E 3519 6 1 13
T 3520 23 0 3 0
E 3520 0 -3 -29
E 3520 1 -2 -21
E 3520 2 -1 -13
T 3521 24 0 3 0
E 3521 0 -3 -30
E 3521 1 -2 -22
E 3521 2 -1 -14
T 3522 22 1 4 0
E 3522 0 -2 -22
E 3522 1 -1 -14
E 3522 5 1 13
E 3522 6 2 18
T 3523 23 0 3 0
E 3523 0 -2 -25
E 3523 1 -1 -17
E 3523 6 1 16
T 3524 24 1 4 0
E 3524 0 -2 -24
E 3524 1 -1 -16
E 3524 5 1 13
E 3524 6 2 18
T 3525 21 0 3 0
E 3525 0 -2 -20
E 3525 5 1 17
E 3525 6 2 22
T 3526 22 1 4 0
E 3526 0 -2 -22
E 3526 1 -1 -14
E 3526 5 1 16
E 3526 6 2 21
T 3527 24 1 4 0
E 3527 0 -2 -24
E 3527 1 -1 -16
E 3527 5 1 14
E 3527 6 2 19
T 3528 22 1 4 0
E 3528 0 -2 -22
E 3528 1 -1 -14
E 3528 5 1 17
E 3528 6 2 22
T 3529 25 1 4 0
E 3529 0 -2 -25
E 3529 1 -1 -17
E 3529 5 1 15
E 3529 6 2 20
T 3530 26 0 4 0
E 3530 0 -3 -31
E 3530 1 -2 -23
E 3530 2 -1 -15
E 3530 6 1 14
T 3531 25 0 3 0
E 3531 0 -3 -28
E 3531 1 -2 -20
E 3531 6 2 18
T 3532 27 0 4 0
E 3532 0 -3 -32
E 3532 1 -2 -24
E 3532 2 -1 -16
E 3532 6 1 14
T 3533 27 0 3 0
E 3533 0 -3 -35
E 3533 1 -3 -27
E 3533 2 -2 -19
T 3534 25 0 4 0
E 3534 0 -2 -26
E 3534 1 -2 -18
E 3534 5 1 14
E 3534 6 2 22
T 3535 26 0 4 0
E 3535 0 -3 -30
E 3535 1 -2 -22
E 3535 2 -1 -14
E 3535 6 2 18
T 3536 26 0 4 0
E 3536 0 -3 -30
E 3536 1 -2 -22
E 3536 2 -1 -14
E 3536 6 2 18
T 3537 26 0 4 0
E 3537 0 -3 -31
E 3537 1 -2 -23
E 3537 2 -1 -15
E 3537 6 1 17
T 3538 26 0 4 0
E 3538 0 -3 -30
E 3538 1 -2 -22
E 3538 2 -1 -14
E 3538 6 2 18
T 3539 23 1 4 0
E 3539 0 -2 -23
E 3539 1 -1 -15
E 3539 5 1 17
E 3539 6 2 25
T 3540 23 0 4 0
E 3540 0 -2 -19
E 3540 4 1 13
E 3540 5 2 21
E 3540 6 3 29
T 3541 25 0 4 0
E 3541 0 -2 -26
E 3541 1 -2 -18
E 3541 5 1 14
E 3541 6 2 22
T 3542 25 0 4 0
E 3542 0 -3 -27
E 3542 1 -2 -19
E 3542 5 1 13
E 3542 6 2 21
T 3543 25 0 3 0
E 3543 0 -3 -28
E 3543 1 -2 -20
E 3543 6 2 20
T 3544 26 0 4 0
E 3544 0 -3 -31
E 3544 1 -2 -23
E 3544 2 -1 -15
E 3544 6 1 17
T 3545 25 0 4 0
E 3545 0 -2 -26
E 3545 1 -2 -18
E 3545 5 1 14
E 3545 6 2 22
T 3546 28 0 4 0
E 3546 0 -3 -33
E 3546 1 -2 -25
E 3546 2 -1 -17
E 3546 6 1 15
T 3547 28 0 4 0
E 3547 0 -3 -34
E 3547 1 -2 -26
E 3547 2 -2 -18
E 3547 6 1 14
T 3548 26 0 4 0
E 3548 0 -3 -31
E 3548 1 -2 -23
E 3548 2 -1 -15
E 3548 6 1 17
T 3549 26 0 4 0
E 3549 0 -3 -31
E 3549 1 -2 -23
E 3549 2 -1 -15
E 3549 6 1 17
T 3550 27 0 4 0
E 3550 0 -3 -32
E 3550 1 -2 -24
E 3550 2 -1 -16
E 3550 6 1 16
T 3551 23 1 4 0
E 3551 0 -2 -23
E 3551 1 -1 -15
E 3551 5 1 17
E 3551 6 2 25
T 3552 24 1 4 0
E 3552 0 -2 -24
E 3552 1 -1 -16
E 3552 5 1 16
E 3552 6 2 24
T 3553 23 1 4 0
E 3553 0 -2 -23
E 3553 1 -1 -15
E 3553 5 1 17
E 3553 6 2 25
T 3554 26 0 4 0
E 3554 0 -3 -30
E 3554 1 -2 -22
E 3554 2 -1 -14
E 3554 6 2 18
T 3555 23 0 4 0
E 3555 0 -2 -22
E 3555 1 -1 -14
E 3555 5 2 18
E 3555 6 2 26
T 3556 26 0 4 0
E 3556 0 -3 -30
E 3556 1 -2 -22
E 3556 2 -1 -14
E 3556 6 2 18
T 3557 23 1 4 0
E 3557 0 -2 -23
E 3557 1 -1 -15
E 3557 5 1 17
E 3557 6 2 25
T 3558 23 1 4 0
E 3558 0 -2 -23
E 3558 1 -1 -15
E 3558 5 1 17
E 3558 6 2 25
T 3559 26 0 4 0
E 3559 0 -3 -30
E 3559 1 -2 -22
E 3559 2 -1 -14
E 3559 6 2 18
T 3560 25 0 3 0
E 3560 0 -3 -28
E 3560 1 -2 -20
E 3560 6 2 20
T 3561 26 0 4 0
E 3561 0 -3 -30
E 3561 1 -2 -22
E 3561 2 -1 -14
E 3561 6 2 18
T 3562 28 0 4 0
E 3562 0 -3 -33
E 3562 1 -2 -25
E 3562 2 -1 -17
E 3562 6 1 15
T 3563 24 1 4 0
E 3563 0 -2 -24
E 3563 1 -1 -16
E 3563 5 1 16
E 3563 6 2 24
T 3564 23 0 3 0
E 3564 0 -2 -20
E 3564 5 2 20
E 3564 6 3 28
T 3565 23 0 4 0
E 3565 0 -2 -22
E 3565 1 -1 -14
E 3565 5 2 18
E 3565 6 2 26
T 3566 24 1 4 0
E 3566 0 -2 -24
E 3566 1 -1 -16
E 3566 5 1 16
E 3566 6 2 24
T 3567 24 1 4 0
E 3567 0 -2 -24
E 3567 1 -1 -16
E 3567 5 1 16
E 3567 6 2 24
T 3568 25 0 4 0
E 3568 0 -3 -27
E 3568 1 -2 -19
E 3568 5 1 13
E 3568 6 2 21
T 3569 23 0 4 0
E 3569 0 -2 -22
E 3569 1 -1 -14
E 3569 5 2 18
E 3569 6 2 26
T 3570 25 0 4 0
E 3570 0 -3 -27
E 3570 1 -2 -19
E 3570 5 1 13
E 3570 6 2 21
T 3571 24 1 4 0
E 3571 0 -2 -24
E 3571 1 -1 -16
E 3571 5 1 16
E 3571 6 2 24
T 3572 25 0 4 0
E 3572 0 -2 -26
E 3572 1 -2 -18
E 3572 5 1 14
E 3572 6 2 22
T 3573 24 1 4 0
E 3573 0 -2 -24
E 3573 1 -1 -16
E 3573 5 1 16
E 3573 6 2 24
T 3574 24 1 4 0
E 3574 0 -2 -24
E 3574 1 -1 -16
E 3574 5 1 16
E 3574 6 2 24
T 3575 23 0 4 0
E 3575 0 -2 -22
E 3575 1 -1 -14
E 3575 5 2 18
E 3575 6 2 26
T 3576 26 0 4 0
E 3576 0 -3 -31
E 3576 1 -2 -23
E 3576 2 -1 -15
E 3576 6 1 17
T 3577 23 0 4 0
E 3577 0 -2 -21
E 3577 1 -1 -13
E 3577 5 2 19
E 3577 6 3 27
T 3578 25 0 3 0
E 3578 0 -3 -28
E 3578 1 -2 -20
E 3578 6 2 20
T 3579 23 1 4 0
E 3579 0 -2 -23
E 3579 1 -1 -15
E 3579 5 1 17
E 3579 6 2 25
T 3580 23 0 4 0
E 3580 0 -2 -21
E 3580 1 -1 -13
E 3580 5 2 19
E 3580 6 3 27
T 3581 24 1 4 0
E 3581 0 -2 -24
E 3581 1 -1 -16
E 3581 5 1 16
E 3581 6 2 24
T 3582 23 1 4 0
E 3582 0 -2 -23
E 3582 1 -1 -15
E 3582 5 1 17
E 3582 6 2 25
T 3583 23 0 4 0
E 3583 0 -2 -22
E 3583 1 -1 -14
E 3583 5 2 18
E 3583 6 2 26
T 3584 23 0 3 0
E 3584 0 -2 -20
E 3584 5 2 20
E 3584 6 3 28
T 3585 22 0 4 0
E 3585 0 -2 -18
E 3585 4 1 14
E 3585 5 2 22
E 3585 6 3 30
T 3586 26 0 4 0
E 3586 0 -3 -30
E 3586 1 -2 -22
E 3586 2 -1 -14
E 3586 6 2 18
T 3587 25 1 4 0
E 3587 0 -2 -25
E 3587 1 -1 -17
E 3587 5 1 15
E 3587 6 2 23
T 3588 27 0 4 0
E 3588 0 -3 -32
E 3588 1 -2 -24
E 3588 2 -1 -16
E 3588 6 1 16
T 3589 25 0 4 0
E 3589 0 -3 -27
E 3589 1 -2 -19
E 3589 5 1 13
E 3589 6 2 21
T 3590 23 0 3 0
E 3590 0 -2 -20
E 3590 5 2 20
E 3590 6 3 28
T 3591 25 0 4 0
E 3591 0 -3 -29
E 3591 1 -2 -21
E 3591 2 -1 -13
E 3591 6 2 19
T 3592 24 1 4 0
E 3592 0 -2 -24
E 3592 1 -1 -16
E 3592 5 1 16
E 3592 6 2 24
T 3593 23 0 4 0
E 3593 0 -2 -22
E 3593 1 -1 -14
E 3593 5 2 18
E 3593 6 2 26
T 3594 26 0 4 0
E 3594 0 -3 -31
E 3594 1 -2 -23
E 3594 2 -1 -15
E 3594 6 1 17
T 3595 25 1 4 0
E 3595 0 -2 -25
E 3595 1 -1 -17
E 3595 5 1 15
E 3595 6 2 23
T 3596 26 0 4 0
E 3596 0 -3 -30
E 3596 1 -2 -22
E 3596 2 -1 -14
E 3596 6 2 18
T 3597 23 0 4 0
E 3597 0 -2 -22
E 3597 1 -1 -14
E 3597 5 2 18
E 3597 6 2 26
T 3598 23 1 4 0
E 3598 0 -2 -23
E 3598 1 -1 -15
E 3598 5 1 17
E 3598 6 2 25
T 3599 25 0 3 0
E 3599 0 -3 -28
E 3599 1 -2 -20
E 3599 6 2 20
T 3600 18 0 4 0
E 3600 0 2 19
E 3600 1 -2 -21
E 3600 2 -1 -13
E 3600 6 2 19
T 3601 22 0 4 0
E 3601 0 2 25
E 3601 1 -2 -18
E 3601 5 1 14
E 3601 6 2 22
T 3602 21 1 4 0
E 3602 0 2 21
E 3602 1 -2 -25
E 3602 2 -1 -17
E 3602 6 1 15
T 3603 21 0 4 0
E 3603 0 1 16
E 3603 1 -3 -33
E 3603 2 -2 -25
E 3603 3 -1 -17
T 3604 28 0 3 0
E 3604 0 2 25
E 3604 1 -3 -28
E 3604 2 -2 -20
T 3605 25 0 4 0
E 3605 0 3 29
E 3605 1 2 21
E 3605 2 -2 -19
E 3605 6 1 13
T 3606 25 0 4 0
E 3606 0 3 27
E 3606 1 2 19
E 3606 2 -2 -24
E 3606 3 -1 -16
T 3607 27 0 4 0
E 3607 0 3 29
E 3607 1 2 21
E 3607 2 -2 -25
E 3607 3 -1 -17
T 3608 28 0 5 0
E 3608 0 2 26
E 3608 1 2 18
E 3608 2 -3 -31
E 3608 3 -2 -23
E 3608 4 -1 -15
T 3609 29 0 5 0
E 3609 0 3 28
E 3609 1 2 20
E 3609 2 -3 -33
E 3609 3 -2 -25
E 3609 4 -1 -17
T 3610 28 0 5 0
E 3610 0 3 30
E 3610 1 2 22
E 3610 2 1 14
E 3610 3 -2 -26
E 3610 4 -2 -18
T 3611 29 0 5 0
E 3611 0 3 28
E 3611 1 2 20
E 3611 3 -3 -31
E 3611 4 -2 -23
E 3611 5 -1 -15
T 3612 30 0 5 0
E 3612 0 3 28
E 3612 1 2 20
E 3612 3 -3 -34
E 3612 4 -2 -26
E 3612 5 -2 -18
T 3613 33 0 6 0
E 3613 0 3 35
E 3613 1 3 27
E 3613 2 2 19
E 3613 3 -3 -30
E 3613 4 -2 -22
E 3613 5 -1 -14
T 3614 37 0 6 0
E 3614 0 4 40
E 3614 1 3 32
E 3614 2 2 24
E 3614 3 -3 -29
E 3614 4 -2 -21
E 3614 5 -1 -13
T 3615 32 0 6 0
E 3615 0 4 38
E 3615 1 3 30
E 3615 2 2 22
E 3615 3 1 14
E 3615 4 -2 -26
E 3615 5 -2 -18
T 3616 33 0 6 0
E 3616 0 3 34
E 3616 1 2 26
E 3616 2 2 18
E 3616 4 -3 -33
E 3616 5 -2 -25
E 3616 6 -1 -17
T 3617 35 0 7 0
E 3617 0 4 39
E 3617 1 3 31
E 3617 2 2 23
E 3617 3 1 15
E 3617 4 -3 -31
E 3617 5 -2 -23
E 3617 6 -1 -15
T 3618 36 0 7 0
E 3618 0 4 39
E 3618 1 3 31
E 3618 2 2 23
E 3618 3 1 15
E 3618 4 -3 -34
E 3618 5 -2 -26
E 3618 6 -2 -18
T 3619 39 0 7 0
E 3619 0 4 40
E 3619 1 3 32
E 3619 2 2 24
E 3619 3 1 16
E 3619 4 -4 -37
E 3619 5 -3 -29
E 3619 6 -2 -21
T 3620 34 0 5 0
E 3620 0 4 36
E 3620 1 3 28
E 3620 2 2 20
E 3620 5 -4 -36
E 3620 6 -3 -28
T 3621 34 0 5 0
E 3621 0 4 36
E 3621 1 3 28
E 3621 2 2 20
E 3621 5 -4 -39
E 3621 6 -3 -31
T 3622 34 0 5 0
E 3622 0 3 35
E 3622 1 3 27
E 3622 2 2 19
E 3622 5 -4 -43
E 3622 6 -3 -35
T 3623 38 0 6 0
E 3623 0 4 41
E 3623 1 3 33
E 3623 2 2 25
E 3623 3 1 17
E 3623 5 -4 -40
E 3623 6 -3 -32
T 3624 38 0 6 0
E 3624 0 4 43
E 3624 1 3 35
E 3624 2 3 27
E 3624 3 2 19
E 3624 5 -4 -42
E 3624 6 -3 -34
T 3625 33 0 5 0
E 3625 0 4 39
E 3625 1 3 31
E 3625 2 2 23
E 3625 3 1 15
E 3625 6 -4 -41
T 3626 33 0 5 0
E 3626 0 4 38
E 3626 1 3 30
E 3626 2 2 22
E 3626 3 1 14
E 3626 6 -5 -45
T 3627 29 1 4 0
E 3627 0 3 29
E 3627 1 2 21
E 3627 2 1 13
E 3627 6 -6 -57
T 3628 29 0 3 0
E 3628 0 3 28
E 3628 1 2 20
E 3628 6 -6 -61
T 3629 31 1 4 0
E 3629 0 3 31
E 3629 1 2 23
E 3629 2 1 15
E 3629 6 -6 -62
T 3630 26 0 4 0
E 3630 0 3 31
E 3630 1 2 23
E 3630 2 1 15
E 3630 6 -1 -17
T 3631 25 0 4 0
E 3631 0 3 29
E 3631 1 2 21
E 3631 2 1 13
E 3631 6 -2 -19
T 3632 26 0 4 0
E 3632 0 3 31
E 3632 1 2 23
E 3632 2 1 15
E 3632 6 -1 -17
T 3633 25 0 4 0
E 3633 0 2 26
E 3633 1 2 18
E 3633 5 -1 -14
E 3633 6 -2 -22
T 3634 28 0 4 0
E 3634 0 3 33
E 3634 1 2 25
E 3634 2 1 17
E 3634 6 -1 -15
T 3635 26 0 4 0
E 3635 0 3 31
E 3635 1 2 23
E 3635 2 1 15
E 3635 6 -1 -17
T 3636 26 0 4 0
E 3636 0 3 31
E 3636 1 2 23
E 3636 2 1 15
E 3636 6 -1 -17
T 3637 26 0 4 0
E 3637 0 3 30
E 3637 1 2 22
E 3637 2 1 14
E 3637 6 -2 -18
T 3638 25 1 4 0
E 3638 0 2 25
E 3638 1 1 17
E 3638 5 -1 -15
E 3638 6 -2 -23
T 3639 28 0 4 0
E 3639 0 3 33
E 3639 1 2 25
E 3639 2 1 17
E 3639 6 -1 -15
T 3640 27 0 4 0
E 3640 0 3 32
E 3640 1 2 24
E 3640 2 1 16
E 3640 6 -1 -16
T 3641 28 0 4 0
E 3641 0 3 33
E 3641 1 2 25
E 3641 2 1 17
E 3641 6 -1 -15
T 3642 26 0 4 0
E 3642 0 3 31
E 3642 1 2 23
E 3642 2 1 15
E 3642 6 -1 -17
T 3643 25 0 4 0
E 3643 0 3 27
E 3643 1 2 19
E 3643 5 -1 -13
E 3643 6 -2 -21
T 3644 27 0 4 0
E 3644 0 3 32
E 3644 1 2 24
E 3644 2 1 16
E 3644 6 -1 -16
T 3645 28 0 4 0
E 3645 0 3 35
E 3645 1 3 27
E 3645 2 2 19
E 3645 6 -1 -13
T 3646 23 1 4 0
E 3646 0 2 23
E 3646 1 1 15
E 3646 5 -1 -17
E 3646 6 -2 -25
T 3647 25 0 4 0
E 3647 0 3 29
E 3647 1 2 21
E 3647 2 1 13
E 3647 6 -2 -19
T 3648 23 0 3 0
E 3648 0 2 20
E 3648 5 -2 -20
E 3648 6 -3 -28
T 3649 25 0 4 0
E 3649 0 3 29
E 3649 1 2 21
E 3649 2 1 13
E 3649 6 -2 -19
T 3650 24 1 4 0
E 3650 0 2 24
E 3650 1 1 16
E 3650 5 -1 -16
E 3650 6 -2 -24
T 3651 23 1 4 0
E 3651 0 2 23
E 3651 1 1 15
E 3651 5 -1 -17
E 3651 6 -2 -25
T 3652 25 0 4 0
E 3652 0 3 27
E 3652 1 2 19
E 3652 5 -1 -13
E 3652 6 -2 -21
T 3653 23 0 3 0
E 3653 0 2 20
E 3653 5 -2 -20
E 3653 6 -3 -28
T 3654 23 0 4 0
E 3654 0 2 22
E 3654 1 1 14
E 3654 5 -2 -18
E 3654 6 -2 -26
T 3655 25 1 4 0
E 3655 0 2 25
E 3655 1 1 17
E 3655 5 -1 -15
E 3655 6 -2 -23
T 3656 26 0 4 0
E 3656 0 3 30
E 3656 1 2 22
E 3656 2 1 14
E 3656 6 -2 -18
T 3657 25 0 4 0
E 3657 0 2 26
E 3657 1 2 18
E 3657 5 -1 -14
E 3657 6 -2 -22
T 3658 23 1 4 0
E 3658 0 2 23
E 3658 1 1 15
E 3658 5 -1 -17
E 3658 6 -2 -25
T 3659 24 1 4 0
E 3659 0 2 24
E 3659 1 1 16
E 3659 5 -1 -16
E 3659 6 -2 -24
T 3660 26 0 4 0
E 3660 0 3 30
E 3660 1 2 22
E 3660 2 1 14
E 3660 6 -2 -18
T 3661 26 0 4 0
E 3661 0 3 30
E 3661 1 2 22
E 3661 2 1 14
E 3661 6 -2 -18
T 3662 28 0 4 0
E 3662 0 3 33
E 3662 1 2 25
E 3662 2 1 17
E 3662 6 -1 -15
T 3663 26 0 4 0
E 3663 0 3 30
E 3663 1 2 22
E 3663 2 1 14
E 3663 6 -2 -18
T 3664 24 1 4 0
E 3664 0 2 24
E 3664 1 1 16
E 3664 5 -1 -16
E 3664 6 -2 -24
T 3665 23 0 3 0
E 3665 0 2 20
E 3665 5 -2 -20
E 3665 6 -3 -28
T 3666 23 0 4 0
E 3666 0 2 19
E 3666 4 -1 -13
E 3666 5 -2 -21
E 3666 6 -3 -29
T 3667 25 0 4 0
E 3667 0 3 29
E 3667 1 2 21
E 3667 2 1 13
E 3667 6 -2 -19
T 3668 27 0 4 0
E 3668 0 3 32
E 3668 1 2 24
E 3668 2 1 16
E 3668 6 -1 -16
T 3669 28 0 4 0
E 3669 0 3 34
E 3669 1 2 26
E 3669 2 2 18
E 3669 6 -1 -14
T 3670 25 1 4 0
E 3670 0 2 25
E 3670 1 1 17
E 3670 5 -1 -15
E 3670 6 -2 -23
T 3671 23 0 3 0
E 3671 0 2 20
E 3671 5 -2 -20
E 3671 6 -3 -28
T 3672 24 1 4 0
E 3672 0 2 24
E 3672 1 1 16
E 3672 5 -1 -16
E 3672 6 -2 -24
T 3673 25 0 4 0
E 3673 0 2 26
E 3673 1 2 18
E 3673 5 -1 -14
E 3673 6 -2 -22
T 3674 23 0 4 0
E 3674 0 2 21
E 3674 1 1 13
E 3674 5 -2 -19
E 3674 6 -3 -27
T 3675 26 0 4 0
E 3675 0 3 31
E 3675 1 2 23
E 3675 2 1 15
E 3675 6 -1 -17
T 3676 25 0 4 0
E 3676 0 2 26
E 3676 1 2 18
E 3676 5 -1 -14
E 3676 6 -2 -22
T 3677 25 0 4 0
E 3677 0 3 27
E 3677 1 2 19
E 3677 5 -1 -13
E 3677 6 -2 -21
T 3678 26 0 4 0
E 3678 0 3 30
E 3678 1 2 22
E 3678 2 1 14
E 3678 6 -2 -18
T 3679 23 1 4 0
E 3679 0 2 23
E 3679 1 1 15
E 3679 5 -1 -17
E 3679 6 -2 -25
T 3680 23 0 4 0
E 3680 0 2 21
E 3680 1 1 13
E 3680 5 -2 -19
E 3680 6 -3 -27
T 3681 25 0 4 0
E 3681 0 3 27
E 3681 1 2 19
E 3681 5 -1 -13
E 3681 6 -2 -21
T 3682 25 1 4 0
E 3682 0 2 25
E 3682 1 1 17
E 3682 5 -1 -15
E 3682 6 -2 -23
T 3683 23 0 3 0
E 3683 0 2 20
E 3683 5 -2 -20
E 3683 6 -3 -28
T 3684 23 0 4 0
E 3684 0 2 19
E 3684 4 -1 -13
E 3684 5 -2 -21
E 3684 6 -3 -29
T 3685 25 0 4 0
E 3685 0 3 27
E 3685 1 2 19
E 3685 5 -1 -13
E 3685 6 -2 -21
T 3686 26 0 4 0
E 3686 0 3 31
E 3686 1 2 23
E 3686 2 1 15
E 3686 6 -1 -17
T 3687 27 0 4 0
E 3687 0 3 32
E 3687 1 2 24
E 3687 2 1 16
E 3687 6 -1 -16
T 3688 24 1 4 0
E 3688 0 2 24
E 3688 1 1 16
E 3688 5 -1 -16
E 3688 6 -2 -24
T 3689 25 0 4 0
E 3689 0 3 29
E 3689 1 2 21
E 3689 2 1 13
E 3689 6 -2 -19
T 3690 28 0 4 0
E 3690 0 3 33
E 3690 1 2 25
E 3690 2 1 17
E 3690 6 -1 -15
T 3691 28 0 4 0
E 3691 0 3 33
E 3691 1 2 25
E 3691 2 1 17
E 3691 6 -1 -15
T 3692 25 0 4 0
E 3692 0 3 29
E 3692 1 2 21
E 3692 2 1 13
E 3692 6 -2 -19
T 3693 23 0 4 0
E 3693 0 2 21
E 3693 1 1 13
E 3693 5 -2 -19
E 3693 6 -3 -27
T 3694 26 0 4 0
E 3694 0 3 31
E 3694 1 2 23
E 3694 2 1 15
E 3694 6 -1 -17
T 3695 23 1 4 0
E 3695 0 2 23
E 3695 1 1 15
E 3695 5 -1 -17
E 3695 6 -2 -25
T 3696 25 1 4 0
E 3696 0 2 25
E 3696 1 1 17
E 3696 5 -1 -15
E 3696 6 -2 -23
T 3697 22 0 4 0
E 3697 0 2 23
E 3697 1 2 18
E 3697 5 -1 -14
E 3697 6 -2 -22
T 3698 20 0 4 0
E 3698 0 2 21
E 3698 1 2 18
E 3698 5 -1 -14
E 3698 6 -2 -22
T 3699 16 0 4 0
E 3699 0 1 13
E 3699 1 1 13
E 3699 5 -2 -19
E 3699 6 -3 -27
T 3700 15 0 4 0
E 3700 0 2 18
E 3700 1 2 21
E 3700 2 1 13
E 3700 6 -2 -19
T 3701 12 0 3 0
E 3701 1 1 13
E 3701 5 -2 -19
E 3701 6 -3 -27
T 3702 12 0 2 0
E 3702 5 -3 -19
E 3702 6 -4 -27
T 3703 11 1 3 0
E 3703 1 1 16
E 3703 2 1 13
E 3703 6 -2 -19
T 3704 10 0 2 0
E 3704 5 -2 -14
E 3704 6 -3 -22
T 3705 8 0 2 0
E 3705 5 -2 -13
E 3705 6 -3 -21
T 3706 4 0 2 0
E 3706 2 2 13
E 3706 6 -3 -19
T 3707 2 0 2 0
E 3707 5 -2 -14
E 3707 6 -3 -22
T 3708 0 0 1 0
E 3708 2 5 15
T 3709 2 0 2 0
E 3709 5 -2 -13
E 3709 6 -3 -21
T 3710 2 0 1 0
E 3710 6 -4 -13
T 3711 2 0 2 0
E 3711 2 2 13
E 3711 3 3 18
T 3712 3 0 1 0
E 3712 3 5 17
T 3713 5 0 0 0
T 3714 3 0 0 0
T 3715 10 0 0 0
T 3716 13 0 2 0
E 3716 0 -2 -17
E 3716 6 -2 -13
T 3717 10 0 1 0
E 3717 0 -4 -14
T 3718 10 0 1 0
E 3718 0 -5 -15
T 3719 11 0 0 0
T 3720 12 0 1 0
E 3720 0 -5 -17
T 3721 11 0 1 0
E 3721 0 -5 -16
T 3722 10 0 3 0
E 3722 4 1 14
E 3722 5 2 19
E 3722 6 1 14
T 3723 12 0 1 0
E 3723 0 -5 -17
T 3724 14 0 2 0
E 3724 5 2 15
E 3724 6 2 15
T 3725 15 1 2 0
E 3725 0 -2 -15
E 3725 6 2 13
T 3726 16 0 2 0
E 3726 0 -3 -21
E 3726 1 -2 -16
T 3727 13 1 2 0
E 3727 0 -2 -13
E 3727 6 2 17
T 3728 14 0 2 0
E 3728 5 2 16
E 3728 6 3 21
T 3729 15 0 2 0
E 3729 0 -3 -20
E 3729 1 -2 -15
T 3730 15 0 2 0
E 3730 0 -3 -20
E 3730 1 -2 -15
T 3731 14 0 2 0
E 3731 0 -3 -19
E 3731 1 -2 -14
T 3732 15 0 2 0
E 3732 0 -3 -20
E 3732 1 -2 -15
T 3733 15 0 2 0
E 3733 0 -3 -20
E 3733 1 -2 -15
T 3734 15 1 2 0
E 3734 0 -2 -15
E 3734 6 2 15
T 3735 16 0 2 0
E 3735 0 -3 -21
E 3735 1 -2 -16
T 3736 13 0 2 0
E 3736 0 -3 -18
E 3736 1 -2 -13
T 3737 16 0 2 0
E 3737 5 2 14
E 3737 6 3 19
T 3738 14 0 2 0
E 3738 0 -3 -19
E 3738 1 -2 -14
T 3739 17 1 2 0
E 3739 0 -2 -17
E 3739 6 2 13
T 3740 17 0 2 0
E 3740 5 2 13
E 3740 6 3 18
T 3741 16 1 2 0
E 3741 0 -2 -16
E 3741 6 2 14
T 3742 17 0 2 0
E 3742 5 2 13
E 3742 6 3 18
T 3743 13 0 2 0
E 3743 0 -3 -18
E 3743 1 -2 -13
T 3744 17 1 2 0
E 3744 0 -2 -17
E 3744 6 2 13
T 3745 16 0 2 0
E 3745 0 -3 -21
E 3745 1 -2 -16
T 3746 16 0 2 0
E 3746 0 -3 -21
E 3746 1 -2 -15
T 3747 14 0 2 0
E 3747 0 -3 -19
E 3747 1 -2 -13
T 3748 17 0 2 0
E 3748 0 -3 -22
E 3748 1 -2 -15
T 3749 17 0 3 0
E 3749 0 -1 -15
E 3749 5 1 13
E 3749 6 2 18
T 3750 15 0 3 0
E 3750 0 -1 -13
E 3750 5 1 15
E 3750 6 2 20
T 3751 17 0 2 0
E 3751 0 -3 -22
E 3751 1 -2 -14
T 3752 17 0 2 0
E 3752 5 2 17
E 3752 6 3 22
T 3753 16 0 3 0
E 3753 0 -1 -14
E 3753 5 1 16
E 3753 6 2 21
T 3754 21 0 3 0
E 3754 0 -2 -23
E 3754 1 -1 -15
E 3754 6 1 13
T 3755 18 0 3 0
E 3755 0 -1 -16
E 3755 5 1 15
E 3755 6 2 20
T 3756 20 0 3 0
E 3756 0 -2 -19
E 3756 5 1 13
E 3756 6 2 18
T 3757 20 0 2 0
E 3757 0 -4 -27
E 3757 1 -3 -19
T 3758 21 0 2 0
E 3758 0 -4 -28
E 3758 1 -3 -20
T 3759 22 0 3 0
E 3759 0 -2 -24
E 3759 1 -1 -16
E 3759 6 1 15
T 3760 19 0 3 0
E 3760 0 -1 -17
E 3760 5 1 17
E 3760 6 2 22
T 3761 23 0 3 0
E 3761 0 -2 -25
E 3761 1 -1 -17
E 3761 6 1 15
T 3762 21 0 3 0
E 3762 0 -2 -20
E 3762 5 1 15
E 3762 6 2 20
T 3763 23 1 4 0
E 3763 0 -2 -23
E 3763 1 -1 -15
E 3763 5 1 13
E 3763 6 2 18
T 3764 23 1 4 0
E 3764 0 -2 -23
E 3764 1 -1 -15
E 3764 5 1 14
E 3764 6 2 19
T 3765 24 0 3 0
E 3765 0 -3 -30
E 3765 1 -2 -22
E 3765 2 -1 -14
T 3766 26 0 3 0
E 3766 0 -3 -32
E 3766 1 -2 -24
E 3766 2 -1 -16
T 3767 25 0 3 0
E 3767 0 -3 -31
E 3767 1 -2 -23
E 3767 2 -1 -15
T 3768 22 1 4 0
E 3768 0 -2 -22
E 3768 1 -1 -14
E 3768 5 1 17
E 3768 6 2 22
T 3769 24 0 3 0
E 3769 0 -3 -28
E 3769 1 -2 -20
E 3769 6 1 17
T 3770 26 0 4 0
E 3770 0 -3 -31
E 3770 1 -2 -23
E 3770 2 -1 -15
E 3770 6 1 14
T 3771 25 0 4 0
E 3771 0 -2 -26
E 3771 1 -2 -18
E 3771 5 1 14
E 3771 6 2 20
T 3772 27 0 4 0
E 3772 0 -3 -32
E 3772 1 -2 -24
E 3772 2 -1 -16
E 3772 6 1 14
T 3773 25 0 4 0
E 3773 0 -2 -26
E 3773 1 -2 -18
E 3773 5 1 14
E 3773 6 2 21
T 3774 25 0 4 0
E 3774 0 -2 -26
E 3774 1 -2 -18
E 3774 5 1 14
E 3774 6 2 22
T 3775 23 0 4 0
E 3775 0 -2 -22
E 3775 1 -1 -14
E 3775 5 2 18
E 3775 6 2 26
T 3776 25 0 3 0
E 3776 0 -3 -28
E 3776 1 -2 -20
E 3776 6 2 20
T 3777 27 0 4 0
E 3777 0 -3 -32
E 3777 1 -2 -24
E 3777 2 -1 -16
E 3777 6 1 16
T 3778 28 0 4 0
E 3778 0 -3 -35
E 3778 1 -3 -27
E 3778 2 -2 -19
E 3778 6 1 13
T 3779 25 0 3 0
E 3779 0 -3 -28
E 3779 1 -2 -20
E 3779 6 2 20
T 3780 23 0 4 0
E 3780 0 -2 -21
E 3780 1 -1 -13
E 3780 5 2 19
E 3780 6 3 27
T 3781 25 0 3 0
E 3781 0 -3 -28
E 3781 1 -2 -20
E 3781 6 2 20
T 3782 26 0 4 0
E 3782 0 -3 -30
E 3782 1 -2 -22
E 3782 2 -1 -14
E 3782 6 2 18
T 3783 28 0 4 0
E 3783 0 -3 -33
E 3783 1 -2 -25
E 3783 2 -1 -17
E 3783 6 1 15
T 3784 28 0 4 0
E 3784 0 -3 -34
E 3784 1 -2 -26
E 3784 2 -2 -18
E 3784 6 1 14
T 3785 24 1 4 0
E 3785 0 -2 -24
E 3785 1 -1 -16
E 3785 5 1 16
E 3785 6 2 24
T 3786 25 0 3 0
E 3786 0 -3 -28
E 3786 1 -2 -20
E 3786 6 2 20
T 3787 26 0 4 0
E 3787 0 -3 -31
E 3787 1 -2 -23
E 3787 2 -1 -15
E 3787 6 1 17
T 3788 25 1 4 0
E 3788 0 -2 -25
E 3788 1 -1 -17
E 3788 5 1 15
E 3788 6 2 23
T 3789 26 0 4 0
E 3789 0 -3 -31
E 3789 1 -2 -23
E 3789 2 -1 -15
E 3789 6 1 17
T 3790 27 0 4 0
E 3790 0 -3 -32
E 3790 1 -2 -24
E 3790 2 -1 -16
E 3790 6 1 16
T 3791 24 1 4 0
E 3791 0 -2 -24
E 3791 1 -1 -16
E 3791 5 1 16
E 3791 6 2 24
T 3792 23 1 4 0
E 3792 0 -2 -23
E 3792 1 -1 -15
E 3792 5 1 17
E 3792 6 2 25
T 3793 23 0 4 0
E 3793 0 -2 -19
E 3793 4 1 13
E 3793 5 2 21
E 3793 6 3 29
T 3794 23 0 4 0
E 3794 0 -2 -22
E 3794 1 -1 -14
E 3794 5 2 18
E 3794 6 2 26
T 3795 25 0 4 0
E 3795 0 -3 -27
E 3795 1 -2 -19
E 3795 5 1 13
E 3795 6 2 21
T 3796 24 1 4 0
E 3796 0 -2 -24
E 3796 1 -1 -16
E 3796 5 1 16
E 3796 6 2 24
T 3797 26 0 4 0
E 3797 0 -3 -30
E 3797 1 -2 -22
E 3797 2 -1 -14
E 3797 6 2 18
T 3798 23 1 4 0
E 3798 0 -2 -23
E 3798 1 -1 -15
E 3798 5 1 17
E 3798 6 2 25
T 3799 25 0 4 0
E 3799 0 -3 -29
E 3799 1 -2 -21
E 3799 2 -1 -13
E 3799 6 2 19
T 3800 25 0 4 0
E 3800 0 -3 -29
E 3800 1 -2 -21
E 3800 2 -1 -13
E 3800 6 2 19
T 3801 25 0 4 0
E 3801 0 -3 -29
E 3801 1 -2 -21
E 3801 2 -1 -13
E 3801 6 2 19
T 3802 23 1 4 0
E 3802 0 -2 -23
E 3802 1 -1 -15
E 3802 5 1 17
E 3802 6 2 25
T 3803 25 0 3 0
E 3803 0 -3 -28
E 3803 1 -2 -20
E 3803 6 2 20
T 3804 23 0 4 0
E 3804 0 -2 -22
E 3804 1 -1 -14
E 3804 5 2 18
E 3804 6 2 26
T 3805 23 0 4 0
E 3805 0 -2 -22
E 3805 1 -1 -14
E 3805 5 2 18
E 3805 6 2 26
T 3806 26 0 4 0
E 3806 0 -3 -31
E 3806 1 -2 -23
E 3806 2 -1 -15
E 3806 6 1 17
T 3807 28 0 4 0
E 3807 0 -3 -33
E 3807 1 -2 -25
E 3807 2 -1 -17
E 3807 6 1 15
T 3808 28 0 4 0
E 3808 0 -3 -35
E 3808 1 -3 -27
E 3808 2 -2 -19
E 3808 6 1 13
T 3809 25 0 4 0
E 3809 0 -3 -29
E 3809 1 -2 -21
E 3809 2 -1 -13
E 3809 6 2 19
T 3810 26 0 4 0
E 3810 0 -3 -30
E 3810 1 -2 -22
E 3810 2 -1 -14
E 3810 6 2 18
T 3811 24 1 4 0
E 3811 0 -2 -24
E 3811 1 -1 -16
E 3811 5 1 16
E 3811 6 2 24
T 3812 25 0 4 0
E 3812 0 -3 -29
E 3812 1 -2 -21
E 3812 2 -1 -13
E 3812 6 2 19
T 3813 23 0 4 0
E 3813 0 -2 -22
E 3813 1 -1 -14
E 3813 5 2 18
E 3813 6 2 26
T 3814 23 1 4 0
E 3814 0 -2 -23
E 3814 1 -1 -15
E 3814 5 1 17
E 3814 6 2 25
T 3815 23 1 4 0
E 3815 0 -2 -23
E 3815 1 -1 -15
E 3815 5 1 17
E 3815 6 2 25
T 3816 25 0 3 0
E 3816 0 -3 -28
E 3816 1 -2 -20
E 3816 6 2 20
T 3817 24 1 4 0
E 3817 0 -2 -24
E 3817 1 -1 -16
E 3817 5 1 16
E 3817 6 2 24
T 3818 23 0 4 0
E 3818 0 -2 -22
E 3818 1 -1 -14
E 3818 5 2 18
E 3818 6 2 26
T 3819 24 1 4 0
E 3819 0 -2 -24
E 3819 1 -1 -16
E 3819 5 1 16
E 3819 6 2 24
T 3820 26 0 4 0
E 3820 0 -3 -30
E 3820 1 -2 -22
E 3820 2 -1 -14
E 3820 6 2 18
T 3821 25 1 4 0
E 3821 0 -2 -25
E 3821 1 -1 -17
E 3821 5 1 15
E 3821 6 2 23
T 3822 25 0 4 0
E 3822 0 -2 -26
E 3822 1 -2 -18
E 3822 5 1 14
E 3822 6 2 22
T 3823 25 1 4 0
E 3823 0 -2 -25
E 3823 1 -1 -17
E 3823 5 1 15
E 3823 6 2 23
T 3824 25 0 4 0
E 3824 0 -2 -26
E 3824 1 -2 -18
E 3824 5 1 14
E 3824 6 2 22
T 3825 26 0 4 0
E 3825 0 -3 -31
E 3825 1 -2 -23
E 3825 2 -1 -15
E 3825 6 1 17
T 3826 25 0 4 0
E 3826 0 -3 -27
E 3826 1 -2 -19
E 3826 5 1 13
E 3826 6 2 21
T 3827 25 1 4 0
E 3827 0 -2 -25
E 3827 1 -1 -17
E 3827 5 1 15
E 3827 6 2 23
T 3828 23 0 4 0
E 3828 0 -2 -21
E 3828 1 -1 -13
E 3828 5 2 19
E 3828 6 3 27
T 3829 23 0 4 0
E 3829 0 -2 -22
E 3829 1 -1 -14
E 3829 5 2 18
E 3829 6 2 26
T 3830 23 0 4 0
E 3830 0 -2 -21
E 3830 1 -1 -13
E 3830 5 2 19
E 3830 6 3 27
T 3831 23 0 4 0
E 3831 0 -2 -19
E 3831 4 1 13
E 3831 5 2 21
E 3831 6 3 29
T 3832 24 1 4 0
E 3832 0 -2 -24
E 3832 1 -1 -16
E 3832 5 1 16
E 3832 6 2 24
T 3833 25 0 3 0
E 3833 0 -3 -28
E 3833 1 -2 -20
E 3833 6 2 20
T 3834 23 0 4 0
E 3834 0 -2 -21
E 3834 1 -1 -13
E 3834 5 2 19
E 3834 6 3 27
T 3835 24 1 4 0
E 3835 0 -2 -24
E 3835 1 -1 -16
E 3835 5 1 16
E 3835 6 2 24
T 3836 27 0 4 0
E 3836 0 -3 -32
E 3836 1 -2 -24
E 3836 2 -1 -16
E 3836 6 1 16
T 3837 25 0 4 0
E 3837 0 -3 -29
E 3837 1 -2 -21
E 3837 2 -1 -13
E 3837 6 2 19
T 3838 25 0 3 0
E 3838 0 -3 -28
E 3838 1 -2 -20
E 3838 6 2 20
T 3839 23 0 4 0
E 3839 0 -2 -22
E 3839 1 -1 -14
E 3839 5 2 18
E 3839 6 2 26
T 3840 20 0 3 0
E 3840 0 3 28
E 3840 5 2 20
E 3840 6 3 28
T 3841 18 1 4 0
E 3841 0 2 18
E 3841 1 -2 -25
E 3841 2 -1 -17
E 3841 6 1 15
T 3842 22 1 4 0
E 3842 0 2 22
E 3842 1 -2 -24
E 3842 2 -1 -16
E 3842 6 1 16
T 3843 23 0 4 0
E 3843 0 2 19
E 3843 1 -3 -30
E 3843 2 -2 -22
E 3843 3 -1 -14
T 3844 29 0 4 0
E 3844 0 3 30
E 3844 1 -2 -23
E 3844 2 -1 -15
E 3844 6 1 17
T 3845 27 0 4 0
E 3845 0 4 37
E 3845 1 3 29
E 3845 5 1 13
E 3845 6 2 21
T 3846 28 0 4 0
E 3846 0 3 32
E 3846 1 2 24
E 3846 2 -2 -19
E 3846 6 1 13
T 3847 28 0 4 0
E 3847 0 3 30
E 3847 1 2 22
E 3847 2 -2 -24
E 3847 3 -1 -16
T 3848 32 0 4 0
E 3848 0 3 34
E 3848 1 2 26
E 3848 2 -2 -23
E 3848 3 -1 -15
T 3849 30 0 5 0
E 3849 0 3 29
E 3849 1 2 21
E 3849 2 -3 -32
E 3849 3 -2 -24
E 3849 4 -1 -16
T 3850 28 0 5 0
E 3850 0 3 31
E 3850 1 2 23
E 3850 2 1 15
E 3850 3 -2 -25
E 3850 4 -1 -17
T 3851 30 0 5 0
E 3851 0 3 34
E 3851 1 2 26
E 3851 2 2 18
E 3851 3 -2 -25
E 3851 4 -1 -17
T 3852 33 1 6 0
E 3852 0 3 33
E 3852 1 2 25
E 3852 2 1 17
E 3852 3 -3 -29
E 3852 4 -2 -21
E 3852 5 -1 -13
T 3853 33 0 5 0
E 3853 0 4 37
E 3853 1 3 29
E 3853 2 2 21
E 3853 3 -3 -28
E 3853 4 -2 -20
T 3854 33 0 6 0
E 3854 0 4 36
E 3854 1 3 28
E 3854 2 2 20
E 3854 3 -3 -33
E 3854 4 -2 -25
E 3854 5 -1 -17
T 3855 33 0 6 0
E 3855 0 3 35
E 3855 1 3 27
E 3855 2 2 19
E 3855 4 -3 -29
E 3855 5 -2 -21
E 3855 6 -1 -13
T 3856 35 0 6 0
E 3856 0 4 40
E 3856 1 3 32
E 3856 2 2 24
E 3856 3 1 16
E 3856 4 -3 -27
E 3856 5 -2 -19
T 3857 34 0 7 0
E 3857 0 4 38
E 3857 1 3 30
E 3857 2 2 22
E 3857 3 1 14
E 3857 4 -3 -32
E 3857 5 -2 -24
E 3857 6 -1 -16
T 3858 34 0 6 0
E 3858 0 3 29
E 3858 1 2 21
E 3858 2 1 13
E 3858 4 -4 -44
E 3858 5 -4 -36
E 3858 6 -3 -28
T 3859 38 0 6 0
E 3859 0 3 32
E 3859 1 2 24
E 3859 2 1 16
E 3859 4 -5 -45
E 3859 5 -4 -37
E 3859 6 -3 -29
T 3860 36 0 6 0
E 3860 0 4 44
E 3860 1 4 36
E 3860 2 3 28
E 3860 3 2 20
E 3860 5 -3 -28
E 3860 6 -2 -20
T 3861 33 0 5 0
E 3861 0 3 31
E 3861 1 2 23
E 3861 2 1 15
E 3861 5 -4 -44
E 3861 6 -4 -36
T 3862 32 0 5 0
E 3862 0 3 29
E 3862 1 2 21
E 3862 2 1 13
E 3862 5 -5 -49
E 3862 6 -4 -41
T 3863 35 0 6 0
E 3863 0 4 37
E 3863 1 3 29
E 3863 2 2 21
E 3863 3 1 13
E 3863 5 -4 -44
E 3863 6 -4 -36
T 3864 36 0 5 0
E 3864 0 3 32
E 3864 1 2 24
E 3864 2 1 16
E 3864 5 -5 -53
E 3864 6 -5 -45
T 3865 35 0 5 0
E 3865 0 4 41
E 3865 1 3 33
E 3865 2 2 25
E 3865 3 1 17
E 3865 6 -4 -39
T 3866 33 0 5 0
E 3866 0 4 38
E 3866 1 3 30
E 3866 2 2 22
E 3866 3 1 14
E 3866 6 -5 -45
T 3867 32 0 4 0
E 3867 0 3 35
E 3867 1 3 27
E 3867 2 2 19
E 3867 6 -5 -51
T 3868 30 1 4 0
E 3868 0 3 30
E 3868 1 2 22
E 3868 2 1 14
E 3868 6 -6 -59
T 3869 31 0 4 0
E 3869 0 3 30
E 3869 1 2 22
E 3869 2 1 14
E 3869 6 -7 -63
T 3870 26 0 4 0
E 3870 0 3 30
E 3870 1 2 22
E 3870 2 1 14
E 3870 6 -2 -18
T 3871 25 0 4 0
E 3871 0 3 29
E 3871 1 2 21
E 3871 2 1 13
E 3871 6 -2 -19
T 3872 26 0 4 0
E 3872 0 3 31
E 3872 1 2 23
E 3872 2 1 15
E 3872 6 -1 -17
T 3873 26 0 4 0
E 3873 0 3 30
E 3873 1 2 22
E 3873 2 1 14
E 3873 6 -2 -18
T 3874 25 0 4 0
E 3874 0 3 29
E 3874 1 2 21
E 3874 2 1 13
E 3874 6 -2 -19
T 3875 23 0 4 0
E 3875 0 2 21
E 3875 1 1 13
E 3875 5 -2 -19
E 3875 6 -3 -27
T 3876 25 0 3 0
E 3876 0 3 28
E 3876 1 2 20
E 3876 6 -2 -20
T 3877 26 0 4 0
E 3877 0 3 31
E 3877 1 2 23
E 3877 2 1 15
E 3877 6 -1 -17
T 3878 25 1 4 0
E 3878 0 2 25
E 3878 1 1 17
E 3878 5 -1 -15
E 3878 6 -2 -23
T 3879 26 0 4 0
E 3879 0 3 31
E 3879 1 2 23
E 3879 2 1 15
E 3879 6 -1 -17
T 3880 25 0 4 0
E 3880 0 3 29
E 3880 1 2 21
E 3880 2 1 13
E 3880 6 -2 -19
T 3881 25 1 4 0
E 3881 0 2 25
E 3881 1 1 17
E 3881 5 -1 -15
E 3881 6 -2 -23
T 3882 25 0 4 0
E 3882 0 3 29
E 3882 1 2 21
E 3882 2 1 13
E 3882 6 -2 -19
T 3883 26 0 4 0
E 3883 0 3 30
E 3883 1 2 22
E 3883 2 1 14
E 3883 6 -2 -18
T 3884 25 1 4 0
E 3884 0 2 25
E 3884 1 1 17
E 3884 5 -1 -15
E 3884 6 -2 -23
T 3885 26 0 4 0
E 3885 0 3 30
E 3885 1 2 22
E 3885 2 1 14
E 3885 6 -2 -18
T 3886 25 0 4 0
E 3886 0 3 29
E 3886 1 2 21
E 3886 2 1 13
E 3886 6 -2 -19
T 3887 24 1 4 0
E 3887 0 2 24
E 3887 1 1 16
E 3887 5 -1 -16
E 3887 6 -2 -24
T 3888 25 0 4 0
E 3888 0 3 27
E 3888 1 2 19
E 3888 5 -1 -13
E 3888 6 -2 -21
T 3889 25 1 4 0
E 3889 0 2 25
E 3889 1 1 17
E 3889 5 -1 -15
E 3889 6 -2 -23
T 3890 26 0 4 0
E 3890 0 3 30
E 3890 1 2 22
E 3890 2 1 14
E 3890 6 -2 -18
T 3891 26 0 4 0
E 3891 0 3 31
E 3891 1 2 23
E 3891 2 1 15
E 3891 6 -1 -17
T 3892 25 1 4 0
E 3892 0 2 25
E 3892 1 1 17
E 3892 5 -1 -15
E 3892 6 -2 -23
T 3893 23 0 4 0
E 3893 0 2 21
E 3893 1 1 13
E 3893 5 -2 -19
E 3893 6 -3 -27
T 3894 25 0 4 0
E 3894 0 2 26
E 3894 1 2 18
E 3894 5 -1 -14
E 3894 6 -2 -22
T 3895 26 0 4 0
E 3895 0 3 31
E 3895 1 2 23
E 3895 2 1 15
E 3895 6 -1 -17
T 3896 25 0 4 0
E 3896 0 2 26
E 3896 1 2 18
E 3896 5 -1 -14
E 3896 6 -2 -22
T 3897 25 0 4 0
E 3897 0 2 26
E 3897 1 2 18
E 3897 5 -1 -14
E 3897 6 -2 -22
T 3898 23 0 4 0
E 3898 0 2 22
E 3898 1 1 14
E 3898 5 -2 -18
E 3898 6 -2 -26
T 3899 25 0 4 0
E 3899 0 3 29
E 3899 1 2 21
E 3899 2 1 13
E 3899 6 -2 -19
T 3900 25 0 4 0
E 3900 0 3 27
E 3900 1 2 19
E 3900 5 -1 -13
E 3900 6 -2 -21
T 3901 23 0 4 0
E 3901 0 2 22
E 3901 1 1 14
E 3901 5 -2 -18
E 3901 6 -2 -26
T 3902 25 0 3 0
E 3902 0 3 28
E 3902 1 2 20
E 3902 6 -2 -20
T 3903 25 1 4 0
E 3903 0 2 25
E 3903 1 1 17
E 3903 5 -1 -15
E 3903 6 -2 -23
T 3904 23 0 4 0
E 3904 0 2 21
E 3904 1 1 13
E 3904 5 -2 -19
E 3904 6 -3 -27
T 3905 26 0 4 0
E 3905 0 3 31
E 3905 1 2 23
E 3905 2 1 15
E 3905 6 -1 -17
T 3906 25 1 4 0
E 3906 0 2 25
E 3906 1 1 17
E 3906 5 -1 -15
E 3906 6 -2 -23
T 3907 25 0 4 0
E 3907 0 2 26
E 3907 1 2 18
E 3907 5 -1 -14
E 3907 6 -2 -22
T 3908 26 0 4 0
E 3908 0 3 30
E 3908 1 2 22
E 3908 2 1 14
E 3908 6 -2 -18
T 3909 26 0 4 0
E 3909 0 3 30
E 3909 1 2 22
E 3909 2 1 14
E 3909 6 -2 -18
T 3910 27 0 4 0
E 3910 0 3 32
E 3910 1 2 24
E 3910 2 1 16
E 3910 6 -1 -16
T 3911 23 0 4 0
E 3911 0 2 22
E 3911 1 1 14
E 3911 5 -2 -18
E 3911 6 -2 -26
T 3912 25 0 4 0
E 3912 0 3 29
E 3912 1 2 21
E 3912 2 1 13
E 3912 6 -2 -19
T 3913 23 1 4 0
E 3913 0 2 23
E 3913 1 1 15
E 3913 5 -1 -17
E 3913 6 -2 -25
T 3914 25 0 4 0
E 3914 0 2 26
E 3914 1 2 18
E 3914 5 -1 -14
E 3914 6 -2 -22
T 3915 23 0 4 0
E 3915 0 2 22
E 3915 1 1 14
E 3915 5 -2 -18
E 3915 6 -2 -26
T 3916 23 0 4 0
E 3916 0 2 21
E 3916 1 1 13
E 3916 5 -2 -19
E 3916 6 -3 -27
T 3917 23 0 4 0
E 3917 0 2 22
E 3917 1 1 14
E 3917 5 -2 -18
E 3917 6 -2 -26
T 3918 23 0 4 0
E 3918 0 2 21
E 3918 1 1 13
E 3918 5 -2 -19
E 3918 6 -3 -27
T 3919 24 1 4 0
E 3919 0 2 24
E 3919 1 1 16
E 3919 5 -1 -16
E 3919 6 -2 -24
T 3920 26 0 4 0
E 3920 0 3 30
E 3920 1 2 22
E 3920 2 1 14
E 3920 6 -2 -18
T 3921 25 0 4 0
E 3921 0 2 26
E 3921 1 2 18
E 3921 5 -1 -14
E 3921 6 -2 -22
T 3922 25 0 4 0
E 3922 0 3 27
E 3922 1 2 19
E 3922 5 -1 -13
E 3922 6 -2 -21
T 3923 23 0 3 0
E 3923 0 2 20
E 3923 5 -2 -20
E 3923 6 -3 -28
T 3924 24 1 4 0
E 3924 0 2 24
E 3924 1 1 16
E 3924 5 -1 -16
E 3924 6 -2 -24
T 3925 26 0 4 0
E 3925 0 3 31
E 3925 1 2 23
E 3925 2 1 15
E 3925 6 -1 -17
T 3926 28 0 4 0
E 3926 0 3 33
E 3926 1 2 25
E 3926 2 1 17
E 3926 6 -1 -15
T 3927 25 1 4 0
E 3927 0 2 25
E 3927 1 1 17
E 3927 5 -1 -15
E 3927 6 -2 -23
T 3928 26 0 4 0
E 3928 0 3 31
E 3928 1 2 23
E 3928 2 1 15
E 3928 6 -1 -17
T 3929 25 0 4 0
E 3929 0 3 27
E 3929 1 2 19
E 3929 5 -1 -13
E 3929 6 -2 -21
T 3930 25 1 4 0
E 3930 0 2 25
E 3930 1 1 17
E 3930 5 -1 -15
E 3930 6 -2 -23
T 3931 25 1 4 0
E 3931 0 2 25
E 3931 1 1 17
E 3931 5 -1 -15
E 3931 6 -2 -23
T 3932 25 0 4 0
E 3932 0 2 26
E 3932 1 2 18
E 3932 5 -1 -14
E 3932 6 -2 -22
T 3933 25 1 4 0
E 3933 0 2 25
E 3933 1 1 17
E 3933 5 -1 -15
E 3933 6 -2 -23
T 3934 25 0 4 0
E 3934 0 3 29
E 3934 1 2 21
E 3934 2 1 13
E 3934 6 -2 -19
T 3935 23 1 4 0
E 3935 0 2 23
E 3935 1 1 15
E 3935 5 -1 -17
E 3935 6 -2 -25
T 3936 23 0 4 0
E 3936 0 2 22
E 3936 1 1 14
E 3936 5 -2 -18
E 3936 6 -2 -26
T 3937 23 0 4 0
E 3937 0 3 27
E 3937 1 2 22
E 3937 2 1 14
E 3937 6 -2 -18
T 3938 19 0 4 0
E 3938 0 1 17
E 3938 1 1 14
E 3938 5 -2 -18
E 3938 6 -2 -26
T 3939 16 0 4 0
E 3939 0 1 15
E 3939 1 1 15
E 3939 5 -1 -17
E 3939 6 -2 -25
T 3940 17 0 4 0
E 3940 0 2 21
E 3940 1 2 24
E 3940 2 1 16
E 3940 6 -1 -16
T 3941 14 0 3 0
E 3941 0 1 15
E 3941 1 2 20
E 3941 6 -2 -20
T 3942 13 0 2 0
E 3942 5 -2 -17
E 3942 6 -4 -25
T 3943 12 1 3 0
E 3943 1 1 17
E 3943 2 1 14
E 3943 6 -2 -18
T 3944 10 0 3 0
E 3944 0 1 15
E 3944 1 2 20
E 3944 2 2 20
T 3945 7 0 2 0
E 3945 2 2 14
E 3945 6 -3 -18
T 3946 6 1 2 0
E 3946 2 2 16
E 3946 6 -2 -16
T 3947 7 0 1 0
E 3947 6 -5 -17
T 3948 2 0 2 0
E 3948 2 2 16
E 3948 3 2 13
T 3949 5 0 1 0
E 3949 6 -4 -13
T 3950 2 0 2 0
E 3950 2 2 17
E 3950 3 3 20
T 3951 4 0 1 0
E 3951 3 5 16
T 3952 5 0 0 0
T 3953 7 0 0 0
T 3954 6 0 2 0
E 3954 3 2 13
E 3954 4 2 13
T 3955 5 0 2 0
E 3955 3 2 14
E 3955 4 2 17
T 3956 9 0 1 0
E 3956 4 5 16
T 3957 9 0 0 0
T 3958 10 0 1 0
E 3958 4 4 14
T 3959 9 0 0 0
T 3960 11 0 1 0
E 3960 0 -5 -16
T 3961 10 0 1 0
E 3961 0 -5 -15
T 3962 10 0 1 0
E 3962 0 -4 -14
T 3963 10 0 3 0
E 3963 4 1 14
E 3963 5 2 19
E 3963 6 1 16
T 3964 11 0 3 0
E 3964 4 1 14
E 3964 5 2 19
E 3964 6 2 19
T 3965 15 0 2 0
E 3965 5 2 14
E 3965 6 2 17
T 3966 16 0 2 0
E 3966 5 2 14
E 3966 6 3 19
T 3967 17 0 2 0
E 3967 5 2 13
E 3967 6 3 18
T 3968 15 1 2 0
E 3968 0 -2 -15
E 3968 6 2 15
T 3969 14 0 2 0
E 3969 0 -3 -19
E 3969 1 -2 -14
T 3970 15 0 2 0
E 3970 0 -3 -20
E 3970 1 -2 -15
T 3971 17 0 2 0
E 3971 0 -3 -22
E 3971 1 -2 -17
T 3972 17 0 2 0
E 3972 0 -3 -22
E 3972 1 -2 -17
T 3973 17 0 2 0
E 3973 5 2 13
E 3973 6 3 18
T 3974 15 1 2 0
E 3974 0 -2 -15
E 3974 6 2 15
T 3975 15 1 2 0
E 3975 0 -2 -15
E 3975 6 2 15
T 3976 15 0 2 0
E 3976 5 2 15
E 3976 6 3 20
T 3977 15 1 2 0
E 3977 0 -2 -15
E 3977 6 2 15
T 3978 15 0 2 0
E 3978 5 2 15
E 3978 6 3 20
T 3979 16 0 2 0
E 3979 5 2 14
E 3979 6 3 19
T 3980 13 0 2 0
E 3980 0 -3 -18
E 3980 1 -2 -13
T 3981 16 0 2 0
E 3981 5 2 14
E 3981 6 3 19
T 3982 17 0 2 0
E 3982 5 2 13
E 3982 6 3 18
T 3983 13 0 2 0
E 3983 0 -3 -18
E 3983 1 -2 -13
T 3984 14 0 2 0
E 3984 0 -3 -19
E 3984 1 -2 -14
T 3985 15 1 2 0
E 3985 0 -2 -15
E 3985 6 2 15
T 3986 17 0 2 0
E 3986 0 -3 -22
E 3986 1 -2 -16
T 3987 15 0 3 0
E 3987 0 -1 -13
E 3987 5 1 13
E 3987 6 2 18
T 3988 17 0 2 0
E 3988 0 -3 -18
E 3988 6 2 14
T 3989 19 0 2 0
E 3989 0 -4 -25
E 3989 1 -2 -17
T 3990 18 0 2 0
E 3990 0 -4 -24
E 3990 1 -2 -16
T 3991 18 0 3 0
E 3991 0 -1 -16
E 3991 5 1 13
E 3991 6 2 18
T 3992 17 0 2 0
E 3992 0 -3 -18
E 3992 6 2 16
T 3993 18 0 3 0
E 3993 0 -1 -16
E 3993 5 1 14
E 3993 6 2 19
T 3994 18 0 2 0
E 3994 0 -3 -19
E 3994 6 2 17
T 3995 20 0 3 0
E 3995 0 -2 -22
E 3995 1 -1 -14
E 3995 6 1 14
T 3996 20 0 2 0
E 3996 0 -4 -27
E 3996 1 -3 -19
T 3997 18 0 3 0
E 3997 0 -1 -16
E 3997 5 1 16
E 3997 6 2 21
T 3998 19 0 4 0
E 3998 0 -1 -15
E 3998 4 1 13
E 3998 5 2 18
E 3998 6 2 23
T 3999 20 0 4 0
E 3999 0 -1 -16
E 3999 4 1 13
E 3999 5 2 18
E 3999 6 2 23
T 4000 19 0 4 0
E 4000 0 -1 -15
E 4000 4 1 14
E 4000 5 2 19
E 4000 6 2 24
T 4001 19 0 4 0
E 4001 0 -1 -15
E 4001 4 1 15
E 4001 5 2 20
E 4001 6 2 25
T 4002 23 0 3 0
E 4002 0 -2 -25
E 4002 1 -1 -17
E 4002 6 1 15
T 4003 23 1 4 0
E 4003 0 -2 -23
E 4003 1 -1 -15
E 4003 5 1 13
E 4003 6 2 18
T 4004 22 0 4 0
E 4004 0 -2 -19
E 4004 4 1 13
E 4004 5 2 18
E 4004 6 2 23
T 4005 21 1 4 0
E 4005 0 -2 -21
E 4005 1 -1 -13
E 4005 5 1 16
E 4005 6 2 21
T 4006 21 0 4 0
E 4006 0 -2 -18
E 4006 4 1 14
E 4006 5 2 20
E 4006 6 2 25
T 4007 25 1 4 0
E 4007 0 -2 -25
E 4007 1 -1 -17
E 4007 5 1 13
E 4007 6 2 18
T 4008 24 0 3 0
E 4008 0 -3 -28
E 4008 1 -2 -20
E 4008 6 1 16
T 4009 25 1 4 0
E 4009 0 -2 -25
E 4009 1 -1 -17
E 4009 5 1 15
E 4009 6 2 20
T 4010 22 0 3 0
E 4010 0 -2 -20
E 4010 5 2 20
E 4010 6 2 25
T 4011 25 0 4 0
E 4011 0 -3 -27
E 4011 1 -2 -19
E 4011 5 1 13
E 4011 6 2 19
T 4012 27 0 4 0
E 4012 0 -3 -32
E 4012 1 -2 -24
E 4012 2 -1 -16
E 4012 6 1 14
T 4013 25 0 3 0
E 4013 0 -3 -28
E 4013 1 -2 -20
E 4013 6 2 19
T 4014 28 0 4 0
E 4014 0 -3 -33
E 4014 1 -2 -25
E 4014 2 -1 -17
E 4014 6 1 15
T 4015 25 0 4 0
E 4015 0 -3 -29
E 4015 1 -2 -21
E 4015 2 -1 -13
E 4015 6 2 19
T 4016 23 1 4 0
E 4016 0 -2 -23
E 4016 1 -1 -15
E 4016 5 1 17
E 4016 6 2 25
T 4017 25 0 4 0
E 4017 0 -2 -26
E 4017 1 -2 -18
E 4017 5 1 14
E 4017 6 2 22
T 4018 28 0 4 0
E 4018 0 -3 -33
E 4018 1 -2 -25
E 4018 2 -1 -17
E 4018 6 1 15
T 4019 26 0 4 0
E 4019 0 -3 -31
E 4019 1 -2 -23
E 4019 2 -1 -15
E 4019 6 1 17
T 4020 23 0 4 0
E 4020 0 -2 -22
E 4020 1 -1 -14
E 4020 5 2 18
E 4020 6 2 26
T 4021 26 0 4 0
E 4021 0 -3 -30
E 4021 1 -2 -22
E 4021 2 -1 -14
E 4021 6 2 18
T 4022 24 1 4 0
E 4022 0 -2 -24
E 4022 1 -1 -16
E 4022 5 1 16
E 4022 6 2 24
T 4023 27 0 4 0
E 4023 0 -3 -32
E 4023 1 -2 -24
E 4023 2 -1 -16
E 4023 6 1 16
T 4024 28 0 4 0
E 4024 0 -3 -34
E 4024 1 -2 -26
E 4024 2 -2 -18
E 4024 6 1 14
T 4025 25 1 4 0
E 4025 0 -2 -25
E 4025 1 -1 -17
E 4025 5 1 15
E 4025 6 2 23
T 4026 26 0 4 0
E 4026 0 -3 -30
E 4026 1 -2 -22
E 4026 2 -1 -14
E 4026 6 2 18
T 4027 25 1 4 0
E 4027 0 -2 -25
E 4027 1 -1 -17
E 4027 5 1 15
E 4027 6 2 23
T 4028 23 0 4 0
E 4028 0 -2 -22
E 4028 1 -1 -14
E 4028 5 2 18
E 4028 6 2 26
T 4029 25 0 4 0
E 4029 0 -3 -27
E 4029 1 -2 -19
E 4029 5 1 13
E 4029 6 2 21
T 4030 25 0 4 0
E 4030 0 -2 -26
E 4030 1 -2 -18
E 4030 5 1 14
E 4030 6 2 22
T 4031 23 1 4 0
E 4031 0 -2 -23
E 4031 1 -1 -15
E 4031 5 1 17
E 4031 6 2 25
T 4032 25 1 4 0
E 4032 0 -2 -25
E 4032 1 -1 -17
E 4032 5 1 15
E 4032 6 2 23
T 4033 28 0 4 0
E 4033 0 -3 -33
E 4033 1 -2 -25
E 4033 2 -1 -17
E 4033 6 1 15
T 4034 28 0 4 0
E 4034 0 -3 -34
E 4034 1 -2 -26
E 4034 2 -2 -18
E 4034 6 1 14
T 4035 28 0 4 0
E 4035 0 -3 -34
E 4035 1 -2 -26
E 4035 2 -2 -18
E 4035 6 1 14
T 4036 24 1 4 0
E 4036 0 -2 -24
E 4036 1 -1 -16
E 4036 5 1 16
E 4036 6 2 24
T 4037 23 0 4 0
E 4037 0 -2 -19
E 4037 4 1 13
E 4037 5 2 21
E 4037 6 3 29
T 4038 25 0 4 0
E 4038 0 -3 -29
E 4038 1 -2 -21
E 4038 2 -1 -13
E 4038 6 2 19
T 4039 25 0 4 0
E 4039 0 -3 -27
E 4039 1 -2 -19
E 4039 5 1 13
E 4039 6 2 21
T 4040 23 0 3 0
E 4040 0 -2 -20
E 4040 5 2 20
E 4040 6 3 28
T 4041 26 0 4 0
E 4041 0 -3 -31
E 4041 1 -2 -23
E 4041 2 -1 -15
E 4041 6 1 17
T 4042 25 0 4 0
E 4042 0 -3 -27
E 4042 1 -2 -19
E 4042 5 1 13
E 4042 6 2 21
T 4043 27 0 4 0
E 4043 0 -3 -32
E 4043 1 -2 -24
E 4043 2 -1 -16
E 4043 6 1 16
T 4044 24 1 4 0
E 4044 0 -2 -24
E 4044 1 -1 -16
E 4044 5 1 16
E 4044 6 2 24
T 4045 23 0 4 0
E 4045 0 -2 -19
E 4045 4 1 13
E 4045 5 2 21
E 4045 6 3 29
T 4046 25 0 4 0
E 4046 0 -3 -29
E 4046 1 -2 -21
E 4046 2 -1 -13
E 4046 6 2 19
T 4047 25 0 3 0
E 4047 0 -3 -28
E 4047 1 -2 -20
E 4047 6 2 20
T 4048 23 0 4 0
E 4048 0 -2 -22
E 4048 1 -1 -14
E 4048 5 2 18
E 4048 6 2 26
T 4049 24 1 4 0
E 4049 0 -2 -24
E 4049 1 -1 -16
E 4049 5 1 16
E 4049 6 2 24
T 4050 25 0 4 0
E 4050 0 -2 -26
E 4050 1 -2 -18
E 4050 5 1 14
E 4050 6 2 22
T 4051 24 1 4 0
E 4051 0 -2 -24
E 4051 1 -1 -16
E 4051 5 1 16
E 4051 6 2 24
T 4052 23 0 4 0
E 4052 0 -2 -22
E 4052 1 -1 -14
E 4052 5 2 18
E 4052 6 2 26
T 4053 26 0 4 0
E 4053 0 -3 -30
E 4053 1 -2 -22
E 4053 2 -1 -14
E 4053 6 2 18
T 4054 25 0 4 0
E 4054 0 -2 -26
E 4054 1 -2 -18
E 4054 5 1 14
E 4054 6 2 22
T 4055 23 0 4 0
E 4055 0 -2 -21
E 4055 1 -1 -13
E 4055 5 2 19
E 4055 6 3 27
T 4056 25 0 3 0
E 4056 0 -3 -28
E 4056 1 -2 -20
E 4056 6 2 20
T 4057 27 0 4 0
E 4057 0 -3 -32
E 4057 1 -2 -24
E 4057 2 -1 -16
E 4057 6 1 16
T 4058 26 0 4 0
E 4058 0 -3 -30
E 4058 1 -2 -22
E 4058 2 -1 -14
E 4058 6 2 18
T 4059 26 0 4 0
E 4059 0 -3 -31
E 4059 1 -2 -23
E 4059 2 -1 -15
E 4059 6 1 17
T 4060 25 0 4 0
E 4060 0 -3 -27
E 4060 1 -2 -19
E 4060 5 1 13
E 4060 6 2 21
T 4061 23 0 4 0
E 4061 0 -2 -21
E 4061 1 -1 -13
E 4061 5 2 19
E 4061 6 3 27
T 4062 26 0 4 0
E 4062 0 -3 -30
E 4062 1 -2 -22
E 4062 2 -1 -14
E 4062 6 2 18
T 4063 25 0 4 0
E 4063 0 -3 -27
E 4063 1 -2 -19
E 4063 5 1 13
E 4063 6 2 21
T 4064 23 0 4 0
E 4064 0 -2 -21
E 4064 1 -1 -13
E 4064 5 2 19
E 4064 6 3 27
T 4065 22 0 4 0
E 4065 0 -2 -18
E 4065 4 1 14
E 4065 5 2 22
E 4065 6 3 30
T 4066 25 0 4 0
E 4066 0 -3 -27
E 4066 1 -2 -19
E 4066 5 1 13
E 4066 6 2 21
T 4067 25 1 4 0
E 4067 0 -2 -25
E 4067 1 -1 -17
E 4067 5 1 15
E 4067 6 2 23
T 4068 23 0 4 0
E 4068 0 -2 -22
E 4068 1 -1 -14
E 4068 5 2 18
E 4068 6 2 26
T 4069 25 0 4 0
E 4069 0 -3 -27
E 4069 1 -2 -19
E 4069 5 1 13
E 4069 6 2 21
T 4070 23 0 4 0
E 4070 0 -2 -22
E 4070 1 -1 -14
E 4070 5 2 18
E 4070 6 2 26
T 4071 23 0 4 0
E 4071 0 -2 -19
E 4071 4 1 13
E 4071 5 2 21
E 4071 6 3 29
T 4072 23 0 4 0
E 4072 0 -2 -22
E 4072 1 -1 -14
E 4072 5 2 18
E 4072 6 2 26
T 4073 26 0 4 0
E 4073 0 -3 -30
E 4073 1 -2 -22
E 4073 2 -1 -14
E 4073 6 2 18
T 4074 25 1 4 0
E 4074 0 -2 -25
E 4074 1 -1 -17
E 4074 5 1 15
E 4074 6 2 23
T 4075 25 0 4 0
E 4075 0 -3 -27
E 4075 1 -2 -19
E 4075 5 1 13
E 4075 6 2 21
T 4076 26 0 4 0
E 4076 0 -3 -31
E 4076 1 -2 -23
E 4076 2 -1 -15
E 4076 6 1 17
T 4077 26 0 4 0
E 4077 0 -3 -30
E 4077 1 -2 -22
E 4077 2 -1 -14
E 4077 6 2 18
T 4078 25 0 4 0
E 4078 0 -2 -26
E 4078 1 -2 -18
E 4078 5 1 14
E 4078 6 2 22
T 4079 25 1 4 0
E 4079 0 -2 -25
E 4079 1 -1 -17
E 4079 5 1 15
E 4079 6 2 23
T 4080 19 0 4 0
E 4080 0 2 23
E 4080 1 -1 -17
E 4080 5 1 15
E 4080 6 2 23
T 4081 21 0 4 0
E 4081 0 2 22
E 4081 1 -2 -21
E 4081 2 -1 -13
E 4081 6 2 19
T 4082 24 0 4 0
E 4082 0 2 25
E 4082 1 -2 -21
E 4082 2 -1 -13
E 4082 6 2 19
T 4083 26 0 3 0
E 4083 0 3 29
E 4083 1 -2 -20
E 4083 6 2 20
T 4084 28 0 4 0
E 4084 0 2 26
E 4084 1 -3 -27
E 4084 2 -2 -19
E 4084 6 1 13
T 4085 27 0 4 0
E 4085 0 3 32
E 4085 1 2 24
E 4085 2 -1 -16
E 4085 6 1 16
T 4086 29 0 4 0
E 4086 0 3 33
E 4086 1 2 25
E 4086 2 -2 -18
E 4086 6 1 14
T 4087 27 0 4 0
E 4087 0 3 29
E 4087 1 2 21
E 4087 2 -2 -25
E 4087 3 -1 -17
T 4088 31 0 4 0
E 4088 0 3 33
E 4088 1 2 25
E 4088 2 -2 -24
E 4088 3 -1 -16
T 4089 29 0 5 0
E 4089 0 3 27
E 4089 1 2 19
E 4089 2 -3 -34
E 4089 3 -2 -26
E 4089 4 -2 -18
T 4090 28 0 5 0
E 4090 0 2 25
E 4090 1 1 17
E 4090 3 -3 -31
E 4090 4 -2 -23
E 4090 5 -1 -15
T 4091 31 0 5 0
E 4091 0 3 32
E 4091 1 2 24
E 4091 2 1 16
E 4091 3 -3 -27
E 4091 4 -2 -19
T 4092 33 0 5 0
E 4092 0 4 39
E 4092 1 3 31
E 4092 2 2 23
E 4092 3 -2 -23
E 4092 4 -1 -15
T 4093 32 0 6 0
E 4093 0 3 30
E 4093 1 2 22
E 4093 2 1 14
E 4093 3 -3 -35
E 4093 4 -3 -27
E 4093 5 -2 -19
T 4094 37 0 6 0
E 4094 0 4 40
E 4094 1 3 32
E 4094 2 2 24
E 4094 3 -3 -29
E 4094 4 -2 -21
E 4094 5 -1 -13
T 4095 32 0 6 0
E 4095 0 4 39
E 4095 1 3 31
E 4095 2 2 23
E 4095 3 1 15
E 4095 4 -2 -25
E 4095 5 -1 -17
T 4096 33 0 6 0
E 4096 0 4 36
E 4096 1 3 28
E 4096 2 2 20
E 4096 4 -3 -31
E 4096 5 -2 -23
E 4096 6 -1 -15
T 4097 34 0 6 0
E 4097 0 4 36
E 4097 1 3 28
E 4097 2 2 20
E 4097 4 -3 -34
E 4097 5 -2 -26
E 4097 6 -2 -18
T 4098 36 1 6 0
E 4098 0 4 36
E 4098 1 3 28
E 4098 2 2 20
E 4098 4 -4 -37
E 4098 5 -3 -29
E 4098 6 -2 -21
T 4099 37 0 6 0
E 4099 0 3 34
E 4099 1 2 26
E 4099 2 2 18
E 4099 4 -4 -43
E 4099 5 -3 -35
E 4099 6 -3 -27
T 4100 36 0 6 0
E 4100 0 4 41
E 4100 1 3 33
E 4100 2 2 25
E 4100 3 1 17
E 4100 5 -3 -31
E 4100 6 -2 -23
T 4101 34 1 5 0
E 4101 0 3 34
E 4101 1 2 26
E 4101 2 2 18
E 4101 5 -4 -41
E 4101 6 -3 -33
T 4102 34 0 6 0
E 4102 0 4 37
E 4102 1 3 29
E 4102 2 2 21
E 4102 3 1 13
E 4102 5 -4 -41
E 4102 6 -3 -33
T 4103 38 0 6 0
E 4103 0 4 41
E 4103 1 3 33
E 4103 2 2 25
E 4103 3 1 17
E 4103 5 -4 -40
E 4103 6 -3 -32
T 4104 39 0 6 0
E 4104 0 4 40
E 4104 1 3 32
E 4104 2 2 24
E 4104 3 1 16
E 4104 5 -5 -45
E 4104 6 -4 -37
T 4105 32 0 4 0
E 4105 0 3 35
E 4105 1 3 27
E 4105 2 2 19
E 4105 6 -5 -45
T 4106 32 0 4 0
E 4106 0 3 33
E 4106 1 2 25
E 4106 2 1 17
E 4106 6 -5 -50
T 4107 34 0 5 0
E 4107 0 4 39
E 4107 1 3 31
E 4107 2 2 23
E 4107 3 1 15
E 4107 6 -5 -47
T 4108 33 0 4 0
E 4108 0 3 34
E 4108 1 2 26
E 4108 2 2 18
E 4108 6 -6 -55
T 4109 31 1 4 0
E 4109 0 3 31
E 4109 1 2 23
E 4109 2 1 15
E 4109 6 -6 -62
T 4110 27 0 3 0
E 4110 0 4 36
E 4110 1 3 28
E 4110 2 2 20
T 4111 27 0 4 0
E 4111 0 3 32
E 4111 1 2 24
E 4111 2 1 16
E 4111 6 -1 -16
T 4112 27 0 4 0
E 4112 0 3 32
E 4112 1 2 24
E 4112 2 1 16
E 4112 6 -1 -16
T 4113 26 0 4 0
E 4113 0 3 30
E 4113 1 2 22
E 4113 2 1 14
E 4113 6 -2 -18
T 4114 26 0 4 0
E 4114 0 3 31
E 4114 1 2 23
E 4114 2 1 15
E 4114 6 -1 -17
T 4115 26 0 4 0
E 4115 0 3 30
E 4115 1 2 22
E 4115 2 1 14
E 4115 6 -2 -18
T 4116 25 1 4 0
E 4116 0 2 25
E 4116 1 1 17
E 4116 5 -1 -15
E 4116 6 -2 -23
T 4117 26 0 4 0
E 4117 0 3 31
E 4117 1 2 23
E 4117 2 1 15
E 4117 6 -1 -17
T 4118 25 1 4 0
E 4118 0 2 25
E 4118 1 1 17
E 4118 5 -1 -15
E 4118 6 -2 -23
T 4119 23 1 4 0
E 4119 0 2 23
E 4119 1 1 15
E 4119 5 -1 -17
E 4119 6 -2 -25
T 4120 26 0 4 0
E 4120 0 3 31
E 4120 1 2 23
E 4120 2 1 15
E 4120 6 -1 -17
T 4121 28 0 4 0
E 4121 0 3 33
E 4121 1 2 25
E 4121 2 1 17
E 4121 6 -1 -15
T 4122 25 0 3 0
E 4122 0 3 28
E 4122 1 2 20
E 4122 6 -2 -20
T 4123 24 1 4 0
E 4123 0 2 24
E 4123 1 1 16
E 4123 5 -1 -16
E 4123 6 -2 -24
T 4124 25 0 3 0
E 4124 0 3 28
E 4124 1 2 20
E 4124 6 -2 -20
T 4125 28 0 4 0
E 4125 0 3 33
E 4125 1 2 25
E 4125 2 1 17
E 4125 6 -1 -15
T 4126 25 0 4 0
E 4126 0 2 26
E 4126 1 2 18
E 4126 5 -1 -14
E 4126 6 -2 -22
T 4127 25 0 4 0
E 4127 0 3 27
E 4127 1 2 19
E 4127 5 -1 -13
E 4127 6 -2 -21
T 4128 23 0 4 0
E 4128 0 2 21
E 4128 1 1 13
E 4128 5 -2 -19
E 4128 6 -3 -27
T 4129 26 0 4 0
E 4129 0 3 31
E 4129 1 2 23
E 4129 2 1 15
E 4129 6 -1 -17
T 4130 23 0 4 0
E 4130 0 2 22
E 4130 1 1 14
E 4130 5 -2 -18
E 4130 6 -2 -26
T 4131 24 1 4 0
E 4131 0 2 24
E 4131 1 1 16
E 4131 5 -1 -16
E 4131 6 -2 -24
T 4132 26 0 4 0
E 4132 0 3 31
E 4132 1 2 23
E 4132 2 1 15
E 4132 6 -1 -17
T 4133 23 0 4 0
E 4133 0 2 22
E 4133 1 1 14
E 4133 5 -2 -18
E 4133 6 -2 -26
T 4134 26 0 4 0
E 4134 0 3 31
E 4134 1 2 23
E 4134 2 1 15
E 4134 6 -1 -17
T 4135 28 0 4 0
E 4135 0 3 33
E 4135 1 2 25
E 4135 2 1 17
E 4135 6 -1 -15
T 4136 28 0 4 0
E 4136 0 3 33
E 4136 1 2 25
E 4136 2 1 17
E 4136 6 -1 -15
T 4137 26 0 4 0
E 4137 0 3 31
E 4137 1 2 23
E 4137 2 1 15
E 4137 6 -1 -17
T 4138 24 1 4 0
E 4138 0 2 24
E 4138 1 1 16
E 4138 5 -1 -16
E 4138 6 -2 -24
T 4139 26 0 4 0
E 4139 0 3 31
E 4139 1 2 23
E 4139 2 1 15
E 4139 6 -1 -17
T 4140 24 1 4 0
E 4140 0 2 24
E 4140 1 1 16
E 4140 5 -1 -16
E 4140 6 -2 -24
T 4141 24 1 4 0
E 4141 0 2 24
E 4141 1 1 16
E 4141 5 -1 -16
E 4141 6 -2 -24
T 4142 26 0 4 0
E 4142 0 3 31
E 4142 1 2 23
E 4142 2 1 15
E 4142 6 -1 -17
T 4143 23 0 4 0
E 4143 0 2 22
E 4143 1 1 14
E 4143 5 -2 -18
E 4143 6 -2 -26
T 4144 25 1 4 0
E 4144 0 2 25
E 4144 1 1 17
E 4144 5 -1 -15
E 4144 6 -2 -23
T 4145 25 0 4 0
E 4145 0 3 27
E 4145 1 2 19
E 4145 5 -1 -13
E 4145 6 -2 -21
T 4146 26 0 4 0
E 4146 0 3 31
E 4146 1 2 23
E 4146 2 1 15
E 4146 6 -1 -17
T 4147 27 0 4 0
E 4147 0 3 32
E 4147 1 2 24
E 4147 2 1 16
E 4147 6 -1 -16
T 4148 25 0 4 0
E 4148 0 2 26
E 4148 1 2 18
E 4148 5 -1 -14
E 4148 6 -2 -22
T 4149 25 0 4 0
E 4149 0 3 29
E 4149 1 2 21
E 4149 2 1 13
E 4149 6 -2 -19
T 4150 25 0 4 0
E 4150 0 2 26
E 4150 1 2 18
E 4150 5 -1 -14
E 4150 6 -2 -22
T 4151 23 0 4 0
E 4151 0 2 21
E 4151 1 1 13
E 4151 5 -2 -19
E 4151 6 -3 -27
T 4152 23 0 3 0
E 4152 0 2 20
E 4152 5 -2 -20
E 4152 6 -3 -28
T 4153 22 0 4 0
E 4153 0 2 18
E 4153 4 -1 -14
E 4153 5 -2 -22
E 4153 6 -3 -30
T 4154 25 0 4 0
E 4154 0 2 26
E 4154 1 2 18
E 4154 5 -1 -14
E 4154 6 -2 -22
T 4155 27 0 4 0
E 4155 0 3 32
E 4155 1 2 24
E 4155 2 1 16
E 4155 6 -1 -16
T 4156 27 0 4 0
E 4156 0 3 32
E 4156 1 2 24
E 4156 2 1 16
E 4156 6 -1 -16
T 4157 23 1 4 0
E 4157 0 2 23
E 4157 1 1 15
E 4157 5 -1 -17
E 4157 6 -2 -25
T 4158 25 0 4 0
E 4158 0 3 27
E 4158 1 2 19
E 4158 5 -1 -13
E 4158 6 -2 -21
T 4159 28 0 4 0
E 4159 0 3 33
E 4159 1 2 25
E 4159 2 1 17
E 4159 6 -1 -15
T 4160 25 0 3 0
E 4160 0 3 28
E 4160 1 2 20
E 4160 6 -2 -20
T 4161 25 0 4 0
E 4161 0 3 29
E 4161 1 2 21
E 4161 2 1 13
E 4161 6 -2 -19
T 4162 23 1 4 0
E 4162 0 2 23
E 4162 1 1 15
E 4162 5 -1 -17
E 4162 6 -2 -25
T 4163 23 0 4 0
E 4163 0 2 22
E 4163 1 1 14
E 4163 5 -2 -18
E 4163 6 -2 -26
T 4164 26 0 4 0
E 4164 0 3 30
E 4164 1 2 22
E 4164 2 1 14
E 4164 6 -2 -18
T 4165 25 1 4 0
E 4165 0 2 25
E 4165 1 1 17
E 4165 5 -1 -15
E 4165 6 -2 -23
T 4166 26 0 4 0
E 4166 0 3 30
E 4166 1 2 22
E 4166 2 1 14
E 4166 6 -2 -18
T 4167 28 0 4 0
E 4167 0 3 33
E 4167 1 2 25
E 4167 2 1 17
E 4167 6 -1 -15
T 4168 25 0 4 0
E 4168 0 3 29
E 4168 1 2 21
E 4168 2 1 13
E 4168 6 -2 -19
T 4169 25 0 3 0
E 4169 0 3 28
E 4169 1 2 20
E 4169 6 -2 -20
T 4170 23 0 4 0
E 4170 0 2 21
E 4170 1 1 13
E 4170 5 -2 -19
E 4170 6 -3 -27
T 4171 25 0 4 0
E 4171 0 2 26
E 4171 1 2 18
E 4171 5 -1 -14
E 4171 6 -2 -22
T 4172 23 1 4 0
E 4172 0 2 23
E 4172 1 1 15
E 4172 5 -1 -17
E 4172 6 -2 -25
T 4173 23 0 4 0
E 4173 0 2 19
E 4173 4 -1 -13
E 4173 5 -2 -21
E 4173 6 -3 -29
T 4174 24 1 4 0
E 4174 0 2 24
E 4174 1 1 16
E 4174 5 -1 -16
E 4174 6 -2 -24
T 4175 25 0 3 0
E 4175 0 3 28
E 4175 1 2 20
E 4175 6 -2 -20
T 4176 25 0 3 0
E 4176 0 3 28
E 4176 1 2 20
E 4176 6 -2 -20
T 4177 20 1 4 0
E 4177 0 2 20
E 4177 1 1 15
E 4177 5 -1 -17
E 4177 6 -2 -25
T 4178 19 0 4 0
E 4178 0 1 16
E 4178 1 1 13
E 4178 5 -2 -19
E 4178 6 -3 -27
T 4179 19 0 4 0
E 4179 0 2 22
E 4179 1 2 22
E 4179 2 1 14
E 4179 6 -2 -18
T 4180 15 0 4 0
E 4180 0 1 14
E 4180 1 1 17
E 4180 5 -1 -15
E 4180 6 -2 -23
T 4181 15 0 4 0
E 4181 0 1 17
E 4181 1 2 22
E 4181 2 1 14
E 4181 6 -2 -18
T 4182 10 0 3 0
E 4182 1 1 13
E 4182 5 -1 -16
E 4182 6 -2 -24
T 4183 12 1 3 0
E 4183 1 1 17
E 4183 2 1 14
E 4183 6 -2 -18
T 4184 11 0 3 0
E 4184 1 1 17
E 4184 2 1 17
E 4184 6 -1 -15
T 4185 9 0 4 0
E 4185 0 1 15
E 4185 1 2 20
E 4185 2 2 23
E 4185 3 1 15
T 4186 8 0 1 0
E 4186 6 -6 -20
T 4187 5 1 2 0
E 4187 2 2 15
E 4187 6 -2 -14
T 4188 3 0 2 0
E 4188 2 2 17
E 4188 3 2 14
T 4189 2 0 1 0
E 4189 6 -5 -17
T 4190 3 0 1 0
E 4190 3 4 14
T 4191 1 0 1 0
E 4191 6 -5 -15
T 4192 4 0 1 0
E 4192 3 5 16
T 4193 8 0 0 0
T 4194 3 0 0 0
T 4195 5 0 2 0
E 4195 3 2 15
E 4195 4 3 18
T 4196 8 0 0 0
T 4197 10 0 1 0
E 4197 0 -4 -14
T 4198 10 0 0 0
T 4199 10 0 2 0
E 4199 4 2 14
E 4199 5 2 14
T 4200 10 0 2 0
E 4200 4 2 15
E 4200 5 3 18
T 4201 15 0 1 0
E 4201 5 5 15
T 4202 12 0 1 0
E 4202 0 -5 -17
T 4203 16 0 1 0
E 4203 5 4 13
T 4204 10 0 1 0
E 4204 0 -5 -15
T 4205 12 0 1 0
E 4205 0 -5 -17
T 4206 12 0 3 0
E 4206 4 1 13
E 4206 5 2 18
E 4206 6 2 23
T 4207 14 1 2 0
E 4207 0 -2 -14
E 4207 6 2 16
T 4208 17 0 2 0
E 4208 5 2 13
E 4208 6 3 18
T 4209 18 0 3 0
E 4209 0 -2 -23
E 4209 1 -2 -18
E 4209 2 -1 -13
T 4210 19 0 3 0
E 4210 0 -2 -24
E 4210 1 -2 -19
E 4210 2 -1 -14
T 4211 21 0 3 0
E 4211 0 -2 -26
E 4211 1 -2 -21
E 4211 2 -1 -16
T 4212 18 0 3 0
E 4212 0 -2 -23
E 4212 1 -2 -18
E 4212 2 -1 -13
T 4213 14 1 2 0
E 4213 0 -2 -14
E 4213 6 2 16
T 4214 17 0 2 0
E 4214 5 2 13
E 4214 6 3 18
T 4215 14 0 2 0
E 4215 0 -3 -19
E 4215 1 -2 -14
T 4216 16 0 2 0
E 4216 0 -3 -21
E 4216 1 -2 -16
T 4217 17 1 2 0
E 4217 0 -2 -17
E 4217 6 2 13
T 4218 14 1 2 0
E 4218 0 -2 -14
E 4218 6 2 16
T 4219 14 1 2 0
E 4219 0 -2 -14
E 4219 6 2 16
T 4220 17 0 2 0
E 4220 5 2 13
E 4220 6 3 18
T 4221 17 1 2 0
E 4221 0 -2 -17
E 4221 6 2 13
T 4222 17 0 2 0
E 4222 0 -3 -22
E 4222 1 -2 -17
T 4223 17 0 2 0
E 4223 0 -3 -22
E 4223 1 -2 -17
T 4224 13 1 2 0
E 4224 0 -2 -13
E 4224 6 2 17
T 4225 17 0 2 0
E 4225 5 2 13
E 4225 6 3 18
T 4226 20 0 3 0
E 4226 0 -2 -25
E 4226 1 -2 -19
E 4226 2 -1 -14
T 4227 19 0 3 0
E 4227 0 -2 -24
E 4227 1 -2 -18
E 4227 2 -1 -13
T 4228 18 0 2 0
E 4228 0 -3 -19
E 4228 6 2 13
T 4229 19 0 2 0
E 4229 0 -4 -25
E 4229 1 -2 -17
T 4230 18 0 2 0
E 4230 0 -3 -23
E 4230 1 -2 -15
T 4231 18 0 2 0
E 4231 0 -3 -19
E 4231 6 2 15
T 4232 18 0 2 0
E 4232 0 -3 -19
E 4232 6 2 15
T 4233 19 0 2 0
E 4233 0 -4 -26
E 4233 1 -3 -18
T 4234 20 0 3 0
E 4234 0 -2 -22
E 4234 1 -1 -14
E 4234 6 1 14
T 4235 18 0 2 0
E 4235 0 -4 -24
E 4235 1 -2 -16
T 4236 19 0 2 0
E 4236 0 -3 -20
E 4236 6 2 17
T 4237 18 0 4 0
E 4237 0 -1 -14
E 4237 4 1 13
E 4237 5 2 18
E 4237 6 2 23
T 4238 18 0 4 0
E 4238 0 -1 -14
E 4238 4 1 14
E 4238 5 2 19
E 4238 6 2 24
T 4239 19 0 3 0
E 4239 0 -1 -17
E 4239 5 1 17
E 4239 6 2 22
T 4240 19 0 3 0
E 4240 0 -1 -17
E 4240 5 1 17
E 4240 6 2 22
T 4241 23 0 3 0
E 4241 0 -2 -25
E 4241 1 -1 -17
E 4241 6 1 15
T 4242 21 0 2 0
E 4242 0 -4 -28
E 4242 1 -3 -20
T 4243 23 0 3 0
E 4243 0 -2 -26
E 4243 1 -2 -18
E 4243 6 1 15
T 4244 24 0 3 0
E 4244 0 -3 -28
E 4244 1 -2 -20
E 4244 6 1 14
T 4245 23 0 3 0
E 4245 0 -2 -26
E 4245 1 -2 -18
E 4245 6 1 16
T 4246 24 1 4 0
E 4246 0 -2 -24
E 4246 1 -1 -16
E 4246 5 1 14
E 4246 6 2 19
T 4247 24 0 4 0
E 4247 0 -3 -29
E 4247 1 -2 -21
E 4247 2 -1 -13
E 4247 6 1 14
T 4248 22 0 3 0
E 4248 0 -2 -20
E 4248 5 2 19
E 4248 6 2 24
T 4249 24 0 4 0
E 4249 0 -3 -29
E 4249 1 -2 -21
E 4249 2 -1 -13
E 4249 6 1 16
T 4250 25 1 4 0
E 4250 0 -2 -25
E 4250 1 -1 -17
E 4250 5 1 15
E 4250 6 2 20
T 4251 24 1 4 0
E 4251 0 -2 -24
E 4251 1 -1 -16
E 4251 5 1 16
E 4251 6 2 22
T 4252 23 1 4 0
E 4252 0 -2 -23
E 4252 1 -1 -15
E 4252 5 1 17
E 4252 6 2 23
T 4253 24 1 4 0
E 4253 0 -2 -24
E 4253 1 -1 -16
E 4253 5 1 16
E 4253 6 2 23
T 4254 25 0 4 0
E 4254 0 -3 -27
E 4254 1 -2 -19
E 4254 5 1 13
E 4254 6 2 21
T 4255 25 0 4 0
E 4255 0 -2 -26
E 4255 1 -2 -18
E 4255 5 1 14
E 4255 6 2 22
T 4256 28 0 4 0
E 4256 0 -3 -33
E 4256 1 -2 -25
E 4256 2 -1 -17
E 4256 6 1 15
T 4257 25 0 4 0
E 4257 0 -3 -29
E 4257 1 -2 -21
E 4257 2 -1 -13
E 4257 6 2 19
T 4258 25 0 4 0
E 4258 0 -3 -27
E 4258 1 -2 -19
E 4258 5 1 13
E 4258 6 2 21
T 4259 25 1 4 0
E 4259 0 -2 -25
E 4259 1 -1 -17
E 4259 5 1 15
E 4259 6 2 23
T 4260 25 0 4 0
E 4260 0 -3 -27
E 4260 1 -2 -19
E 4260 5 1 13
E 4260 6 2 21
T 4261 27 0 4 0
E 4261 0 -3 -32
E 4261 1 -2 -24
E 4261 2 -1 -16
E 4261 6 1 16
T 4262 25 0 3 0
E 4262 0 -3 -28
E 4262 1 -2 -20
E 4262 6 2 20
T 4263 25 0 4 0
E 4263 0 -2 -26
E 4263 1 -2 -18
E 4263 5 1 14
E 4263 6 2 22
T 4264 25 0 4 0
E 4264 0 -2 -26
E 4264 1 -2 -18
E 4264 5 1 14
E 4264 6 2 22
T 4265 23 0 4 0
E 4265 0 -2 -22
E 4265 1 -1 -14
E 4265 5 2 18
E 4265 6 2 26
T 4266 23 0 4 0
E 4266 0 -2 -21
E 4266 1 -1 -13
E 4266 5 2 19
E 4266 6 3 27
T 4267 25 0 4 0
E 4267 0 -2 -26
E 4267 1 -2 -18
E 4267 5 1 14
E 4267 6 2 22
T 4268 25 0 4 0
E 4268 0 -3 -27
E 4268 1 -2 -19
E 4268 5 1 13
E 4268 6 2 21
T 4269 27 0 4 0
E 4269 0 -3 -32
E 4269 1 -2 -24
E 4269 2 -1 -16
E 4269 6 1 16
T 4270 28 0 4 0
E 4270 0 -3 -34
E 4270 1 -2 -26
E 4270 2 -2 -18
E 4270 6 1 14
T 4271 26 0 4 0
E 4271 0 -3 -31
E 4271 1 -2 -23
E 4271 2 -1 -15
E 4271 6 1 17
T 4272 23 1 4 0
E 4272 0 -2 -23
E 4272 1 -1 -15
E 4272 5 1 17
E 4272 6 2 25
T 4273 26 0 4 0
E 4273 0 -3 -30
E 4273 1 -2 -22
E 4273 2 -1 -14
E 4273 6 2 18
T 4274 25 0 4 0
E 4274 0 -3 -27
E 4274 1 -2 -19
E 4274 5 1 13
E 4274 6 2 21
T 4275 23 0 4 0
E 4275 0 -2 -21
E 4275 1 -1 -13
E 4275 5 2 19
E 4275 6 3 27
T 4276 26 0 4 0
E 4276 0 -3 -31
E 4276 1 -2 -23
E 4276 2 -1 -15
E 4276 6 1 17
T 4277 23 1 4 0
E 4277 0 -2 -23
E 4277 1 -1 -15
E 4277 5 1 17
E 4277 6 2 25
T 4278 26 0 4 0
E 4278 0 -3 -30
E 4278 1 -2 -22
E 4278 2 -1 -14
E 4278 6 2 18
T 4279 28 0 4 0
E 4279 0 -3 -33
E 4279 1 -2 -25
E 4279 2 -1 -17
E 4279 6 1 15
T 4280 26 0 4 0
E 4280 0 -3 -30
E 4280 1 -2 -22
E 4280 2 -1 -14
E 4280 6 2 18
T 4281 26 0 4 0
E 4281 0 -3 -30
E 4281 1 -2 -22
E 4281 2 -1 -14
E 4281 6 2 18
T 4282 25 0 4 0
E 4282 0 -2 -26
E 4282 1 -2 -18
E 4282 5 1 14
E 4282 6 2 22
T 4283 28 0 4 0
E 4283 0 -3 -33
E 4283 1 -2 -25
E 4283 2 -1 -17
E 4283 6 1 15
T 4284 25 0 4 0
E 4284 0 -3 -27
E 4284 1 -2 -19
E 4284 5 1 13
E 4284 6 2 21
T 4285 25 0 4 0
E 4285 0 -3 -27
E 4285 1 -2 -19
E 4285 5 1 13
E 4285 6 2 21
T 4286 23 0 4 0
E 4286 0 -2 -21
E 4286 1 -1 -13
E 4286 5 2 19
E 4286 6 3 27
T 4287 26 0 4 0
E 4287 0 -3 -30
E 4287 1 -2 -22
E 4287 2 -1 -14
E 4287 6 2 18
T 4288 23 1 4 0
E 4288 0 -2 -23
E 4288 1 -1 -15
E 4288 5 1 17
E 4288 6 2 25
T 4289 25 0 4 0
E 4289 0 -3 -27
E 4289 1 -2 -19
E 4289 5 1 13
E 4289 6 2 21
T 4290 25 0 3 0
E 4290 0 -3 -28
E 4290 1 -2 -20
E 4290 6 2 20
T 4291 24 1 4 0
E 4291 0 -2 -24
E 4291 1 -1 -16
E 4291 5 1 16
E 4291 6 2 24
T 4292 25 0 3 0
E 4292 0 -3 -28
E 4292 1 -2 -20
E 4292 6 2 20
T 4293 26 0 4 0
E 4293 0 -3 -31
E 4293 1 -2 -23
E 4293 2 -1 -15
E 4293 6 1 17
T 4294 25 0 4 0
E 4294 0 -3 -27
E 4294 1 -2 -19
E 4294 5 1 13
E 4294 6 2 21
T 4295 26 0 4 0
E 4295 0 -3 -31
E 4295 1 -2 -23
E 4295 2 -1 -15
E 4295 6 1 17
T 4296 25 0 4 0
E 4296 0 -3 -29
E 4296 1 -2 -21
E 4296 2 -1 -13
E 4296 6 2 19
T 4297 25 0 4 0
E 4297 0 -3 -27
E 4297 1 -2 -19
E 4297 5 1 13
E 4297 6 2 21
T 4298 24 1 4 0
E 4298 0 -2 -24
E 4298 1 -1 -16
E 4298 5 1 16
E 4298 6 2 24
T 4299 23 1 4 0
E 4299 0 -2 -23
E 4299 1 -1 -15
E 4299 5 1 17
E 4299 6 2 25
T 4300 23 0 4 0
E 4300 0 -2 -22
E 4300 1 -1 -14
E 4300 5 2 18
E 4300 6 2 26
T 4301 23 0 4 0
E 4301 0 -2 -22
E 4301 1 -1 -14
E 4301 5 2 18
E 4301 6 2 26
T 4302 22 0 4 0
E 4302 0 -2 -18
E 4302 4 1 14
E 4302 5 2 22
E 4302 6 3 30
T 4303 23 0 3 0
E 4303 0 -2 -20
E 4303 5 2 20
E 4303 6 3 28
T 4304 25 1 4 0
E 4304 0 -2 -25
E 4304 1 -1 -17
E 4304 5 1 15
E 4304 6 2 23
T 4305 25 0 4 0
E 4305 0 -3 -29
E 4305 1 -2 -21
E 4305 2 -1 -13
E 4305 6 2 19
T 4306 23 0 4 0
E 4306 0 -2 -22
E 4306 1 -1 -14
E 4306 5 2 18
E 4306 6 2 26
T 4307 25 0 3 0
E 4307 0 -3 -28
E 4307 1 -2 -20
E 4307 6 2 20
T 4308 25 0 4 0
E 4308 0 -3 -29
E 4308 1 -2 -21
E 4308 2 -1 -13
E 4308 6 2 19
T 4309 25 1 4 0
E 4309 0 -2 -25
E 4309 1 -1 -17
E 4309 5 1 15
E 4309 6 2 23
T 4310 23 0 4 0
E 4310 0 -2 -21
E 4310 1 -1 -13
E 4310 5 2 19
E 4310 6 3 27
T 4311 23 0 4 0
E 4311 0 -2 -22
E 4311 1 -1 -14
E 4311 5 2 18
E 4311 6 2 26
T 4312 24 1 4 0
E 4312 0 -2 -24
E 4312 1 -1 -16
E 4312 5 1 16
E 4312 6 2 24
T 4313 27 0 4 0
E 4313 0 -3 -32
E 4313 1 -2 -24
E 4313 2 -1 -16
E 4313 6 1 16
T 4314 26 0 4 0
E 4314 0 -3 -30
E 4314 1 -2 -22
E 4314 2 -1 -14
E 4314 6 2 18
T 4315 26 0 4 0
E 4315 0 -3 -31
E 4315 1 -2 -23
E 4315 2 -1 -15
E 4315 6 1 17
T 4316 25 0 4 0
E 4316 0 -3 -27
E 4316 1 -2 -19
E 4316 5 1 13
E 4316 6 2 21
T 4317 23 1 4 0
E 4317 0 -2 -23
E 4317 1 -1 -15
E 4317 5 1 17
E 4317 6 2 25
T 4318 25 0 4 0
E 4318 0 -2 -26
E 4318 1 -2 -18
E 4318 5 1 14
E 4318 6 2 22
T 4319 25 1 4 0
E 4319 0 -2 -25
E 4319 1 -1 -17
E 4319 5 1 15
E 4319 6 2 23
T 4320 20 0 4 0
E 4320 0 3 27
E 4320 1 -1 -13
E 4320 5 2 19
E 4320 6 3 27
T 4321 19 0 4 0
E 4321 0 1 16
E 4321 1 -3 -27
E 4321 2 -2 -19
E 4321 6 1 13
T 4322 21 1 4 0
E 4322 0 2 21
E 4322 1 -2 -25
E 4322 2 -1 -17
E 4322 6 1 15
T 4323 24 0 3 0
E 4323 0 2 21
E 4323 1 -3 -28
E 4323 2 -2 -20
T 4324 26 0 4 0
E 4324 0 2 22
E 4324 1 -3 -31
E 4324 2 -2 -23
E 4324 3 -1 -15
T 4325 23 1 4 0
E 4325 0 2 23
E 4325 1 1 15
E 4325 2 -2 -25
E 4325 3 -1 -17
T 4326 23 0 4 0
E 4326 0 2 19
E 4326 2 -3 -32
E 4326 3 -2 -24
E 4326 4 -1 -16
T 4327 28 0 5 0
E 4327 0 2 25
E 4327 1 1 17
E 4327 2 -3 -29
E 4327 3 -2 -21
E 4327 4 -1 -13
T 4328 30 0 4 0
E 4328 0 3 32
E 4328 1 2 24
E 4328 2 -2 -25
E 4328 3 -1 -17
T 4329 30 0 5 0
E 4329 0 2 26
E 4329 1 2 18
E 4329 2 -3 -35
E 4329 3 -3 -27
E 4329 4 -2 -19
T 4330 28 0 5 0
E 4330 0 3 27
E 4330 1 2 19
E 4330 3 -3 -29
E 4330 4 -2 -21
E 4330 5 -1 -13
T 4331 29 0 5 0
E 4331 0 3 28
E 4331 1 2 20
E 4331 3 -3 -31
E 4331 4 -2 -23
E 4331 5 -1 -15
T 4332 31 1 6 0
E 4332 0 3 31
E 4332 1 2 23
E 4332 2 1 15
E 4332 3 -3 -31
E 4332 4 -2 -23
E 4332 5 -1 -15
T 4333 33 0 6 0
E 4333 0 4 36
E 4333 1 3 28
E 4333 2 2 20
E 4333 3 -3 -29
E 4333 4 -2 -21
E 4333 5 -1 -13
T 4334 34 0 6 0
E 4334 0 3 35
E 4334 1 3 27
E 4334 2 2 19
E 4334 3 -3 -34
E 4334 4 -2 -26
E 4334 5 -2 -18
T 4335 33 0 6 0
E 4335 0 4 40
E 4335 1 3 32
E 4335 2 2 24
E 4335 3 1 16
E 4335 4 -2 -24
E 4335 5 -1 -16
T 4336 32 0 5 0
E 4336 0 3 28
E 4336 1 2 20
E 4336 4 -4 -39
E 4336 5 -3 -31
E 4336 6 -2 -23
T 4337 35 1 6 0
E 4337 0 3 35
E 4337 1 3 27
E 4337 2 2 19
E 4337 4 -3 -35
E 4337 5 -3 -27
E 4337 6 -2 -19
T 4338 36 0 7 0
E 4338 0 4 38
E 4338 1 3 30
E 4338 2 2 22
E 4338 3 1 14
E 4338 4 -3 -35
E 4338 5 -3 -27
E 4338 6 -2 -19
T 4339 37 0 7 0
E 4339 0 4 44
E 4339 1 4 36
E 4339 2 3 28
E 4339 3 2 20
E 4339 4 -3 -33
E 4339 5 -2 -25
E 4339 6 -1 -17
T 4340 36 0 6 0
E 4340 0 4 42
E 4340 1 3 34
E 4340 2 2 26
E 4340 3 2 18
E 4340 5 -3 -30
E 4340 6 -2 -22
T 4341 34 0 5 0
E 4341 0 3 33
E 4341 1 2 25
E 4341 2 1 17
E 4341 5 -4 -42
E 4341 6 -3 -34
T 4342 34 0 5 0
E 4342 0 3 31
E 4342 1 2 23
E 4342 2 1 15
E 4342 5 -5 -47
E 4342 6 -4 -39
T 4343 38 0 6 0
E 4343 0 4 41
E 4343 1 3 33
E 4343 2 2 25
E 4343 3 1 17
E 4343 5 -4 -40
E 4343 6 -3 -32
T 4344 39 0 6 0
E 4344 0 4 40
E 4344 1 3 32
E 4344 2 2 24
E 4344 3 1 16
E 4344 5 -5 -45
E 4344 6 -4 -37
T 4345 35 0 5 0
E 4345 0 4 42
E 4345 1 3 34
E 4345 2 2 26
E 4345 3 2 18
E 4345 6 -4 -38
T 4346 33 0 5 0
E 4346 0 4 38
E 4346 1 3 30
E 4346 2 2 22
E 4346 3 1 14
E 4346 6 -5 -45
T 4347 32 0 4 0
E 4347 0 3 34
E 4347 1 2 26
E 4347 2 2 18
E 4347 6 -5 -52
T 4348 34 0 5 0
E 4348 0 4 39
E 4348 1 3 31
E 4348 2 2 23
E 4348 3 1 15
E 4348 6 -5 -50
T 4349 33 0 4 0
E 4349 0 3 35
E 4349 1 3 27
E 4349 2 2 19
E 4349 6 -6 -58
T 4350 27 0 3 0
E 4350 0 4 36
E 4350 1 3 28
E 4350 2 2 20
T 4351 28 0 4 0
E 4351 0 3 34
E 4351 1 2 26
E 4351 2 2 18
E 4351 6 -1 -14
T 4352 25 1 4 0
E 4352 0 2 25
E 4352 1 1 17
E 4352 5 -1 -15
E 4352 6 -2 -23
T 4353 27 0 4 0
E 4353 0 3 32
E 4353 1 2 24
E 4353 2 1 16
E 4353 6 -1 -16
T 4354 28 0 4 0
E 4354 0 3 35
E 4354 1 3 27
E 4354 2 2 19
E 4354 6 -1 -13
T 4355 28 0 4 0
E 4355 0 3 33
E 4355 1 2 25
E 4355 2 1 17
E 4355 6 -1 -15
T 4356 27 0 4 0
E 4356 0 3 32
E 4356 1 2 24
E 4356 2 1 16
E 4356 6 -1 -16
T 4357 24 1 4 0
E 4357 0 2 24
E 4357 1 1 16
E 4357 5 -1 -16
E 4357 6 -2 -24
T 4358 24 1 4 0
E 4358 0 2 24
E 4358 1 1 16
E 4358 5 -1 -16
E 4358 6 -2 -24
T 4359 25 0 3 0
E 4359 0 3 28
E 4359 1 2 20
E 4359 6 -2 -20
T 4360 28 0 4 0
E 4360 0 3 33
E 4360 1 2 25
E 4360 2 1 17
E 4360 6 -1 -15
T 4361 28 0 4 0
E 4361 0 3 33
E 4361 1 2 25
E 4361 2 1 17
E 4361 6 -1 -15
T 4362 25 1 4 0
E 4362 0 2 25
E 4362 1 1 17
E 4362 5 -1 -15
E 4362 6 -2 -23
T 4363 25 0 4 0
E 4363 0 3 29
E 4363 1 2 21
E 4363 2 1 13
E 4363 6 -2 -19
T 4364 23 0 4 0
E 4364 0 2 22
E 4364 1 1 14
E 4364 5 -2 -18
E 4364 6 -2 -26
T 4365 23 0 4 0
E 4365 0 2 21
E 4365 1 1 13
E 4365 5 -2 -19
E 4365 6 -3 -27
T 4366 23 0 4 0
E 4366 0 2 21
E 4366 1 1 13
E 4366 5 -2 -19
E 4366 6 -3 -27
T 4367 24 1 4 0
E 4367 0 2 24
E 4367 1 1 16
E 4367 5 -1 -16
E 4367 6 -2 -24
T 4368 26 0 4 0
E 4368 0 3 30
E 4368 1 2 22
E 4368 2 1 14
E 4368 6 -2 -18
T 4369 25 0 4 0
E 4369 0 3 29
E 4369 1 2 21
E 4369 2 1 13
E 4369 6 -2 -19
T 4370 25 0 4 0
E 4370 0 3 29
E 4370 1 2 21
E 4370 2 1 13
E 4370 6 -2 -19
T 4371 25 0 4 0
E 4371 0 2 26
E 4371 1 2 18
E 4371 5 -1 -14
E 4371 6 -2 -22
T 4372 25 0 4 0
E 4372 0 2 26
E 4372 1 2 18
E 4372 5 -1 -14
E 4372 6 -2 -22
T 4373 26 0 4 0
E 4373 0 3 30
E 4373 1 2 22
E 4373 2 1 14
E 4373 6 -2 -18
T 4374 26 0 4 0
E 4374 0 3 30
E 4374 1 2 22
E 4374 2 1 14
E 4374 6 -2 -18
T 4375 23 0 4 0
E 4375 0 2 22
E 4375 1 1 14
E 4375 5 -2 -18
E 4375 6 -2 -26
T 4376 22 0 4 0
E 4376 0 2 18
E 4376 4 -1 -14
E 4376 5 -2 -22
E 4376 6 -3 -30
T 4377 23 0 4 0
E 4377 0 2 21
E 4377 1 1 13
E 4377 5 -2 -19
E 4377 6 -3 -27
T 4378 23 0 4 0
E 4378 0 2 19
E 4378 4 -1 -13
E 4378 5 -2 -21
E 4378 6 -3 -29
T 4379 25 0 4 0
E 4379 0 3 27
E 4379 1 2 19
E 4379 5 -1 -13
E 4379 6 -2 -21
T 4380 25 0 3 0
E 4380 0 3 28
E 4380 1 2 20
E 4380 6 -2 -20
T 4381 25 0 4 0
E 4381 0 3 27
E 4381 1 2 19
E 4381 5 -1 -13
E 4381 6 -2 -21
T 4382 23 1 4 0
E 4382 0 2 23
E 4382 1 1 15
E 4382 5 -1 -17
E 4382 6 -2 -25
T 4383 23 0 3 0
E 4383 0 2 20
E 4383 5 -2 -20
E 4383 6 -3 -28
T 4384 25 0 4 0
E 4384 0 3 29
E 4384 1 2 21
E 4384 2 1 13
E 4384 6 -2 -19
T 4385 27 0 4 0
E 4385 0 3 32
E 4385 1 2 24
E 4385 2 1 16
E 4385 6 -1 -16
T 4386 23 1 4 0
E 4386 0 2 23
E 4386 1 1 15
E 4386 5 -1 -17
E 4386 6 -2 -25
T 4387 24 1 4 0
E 4387 0 2 24
E 4387 1 1 16
E 4387 5 -1 -16
E 4387 6 -2 -24
T 4388 25 0 4 0
E 4388 0 3 29
E 4388 1 2 21
E 4388 2 1 13
E 4388 6 -2 -19
T 4389 26 0 4 0
E 4389 0 3 30
E 4389 1 2 22
E 4389 2 1 14
E 4389 6 -2 -18
T 4390 25 0 4 0
E 4390 0 3 27
E 4390 1 2 19
E 4390 5 -1 -13
E 4390 6 -2 -21
T 4391 25 1 4 0
E 4391 0 2 25
E 4391 1 1 17
E 4391 5 -1 -15
E 4391 6 -2 -23
T 4392 27 0 4 0
E 4392 0 3 32
E 4392 1 2 24
E 4392 2 1 16
E 4392 6 -1 -16
T 4393 28 0 4 0
E 4393 0 3 34
E 4393 1 2 26
E 4393 2 2 18
E 4393 6 -1 -14
T 4394 27 0 3 0
E 4394 0 4 36
E 4394 1 3 28
E 4394 2 2 20
T 4395 25 0 4 0
E 4395 0 3 29
E 4395 1 2 21
E 4395 2 1 13
E 4395 6 -2 -19
T 4396 25 0 4 0
E 4396 0 3 27
E 4396 1 2 19
E 4396 5 -1 -13
E 4396 6 -2 -21
T 4397 25 0 4 0
E 4397 0 3 29
E 4397 1 2 21
E 4397 2 1 13
E 4397 6 -2 -19
T 4398 24 1 4 0
E 4398 0 2 24
E 4398 1 1 16
E 4398 5 -1 -16
E 4398 6 -2 -24
T 4399 25 0 4 0
E 4399 0 3 27
E 4399 1 2 19
E 4399 5 -1 -13
E 4399 6 -2 -21
T 4400 26 0 4 0
E 4400 0 3 31
E 4400 1 2 23
E 4400 2 1 15
E 4400 6 -1 -17
T 4401 25 0 4 0
E 4401 0 3 29
E 4401 1 2 21
E 4401 2 1 13
E 4401 6 -2 -19
T 4402 25 0 4 0
E 4402 0 2 26
E 4402 1 2 18
E 4402 5 -1 -14
E 4402 6 -2 -22
T 4403 27 0 4 0
E 4403 0 3 32
E 4403 1 2 24
E 4403 2 1 16
E 4403 6 -1 -16
T 4404 26 0 4 0
E 4404 0 3 31
E 4404 1 2 23
E 4404 2 1 15
E 4404 6 -1 -17
T 4405 25 0 4 0
E 4405 0 2 26
E 4405 1 2 18
E 4405 5 -1 -14
E 4405 6 -2 -22
T 4406 26 0 4 0
E 4406 0 3 31
E 4406 1 2 23
E 4406 2 1 15
E 4406 6 -1 -17
T 4407 23 1 4 0
E 4407 0 2 23
E 4407 1 1 15
E 4407 5 -1 -17
E 4407 6 -2 -25
T 4408 22 0 4 0
E 4408 0 2 18
E 4408 4 -1 -14
E 4408 5 -2 -22
E 4408 6 -3 -30
T 4409 23 0 4 0
E 4409 0 2 19
E 4409 4 -1 -13
E 4409 5 -2 -21
E 4409 6 -3 -29
T 4410 23 0 4 0
E 4410 0 2 22
E 4410 1 1 14
E 4410 5 -2 -18
E 4410 6 -2 -26
T 4411 25 0 3 0
E 4411 0 3 28
E 4411 1 2 20
E 4411 6 -2 -20
T 4412 23 0 4 0
E 4412 0 2 22
E 4412 1 1 14
E 4412 5 -2 -18
E 4412 6 -2 -26
T 4413 23 0 3 0
E 4413 0 2 20
E 4413 5 -2 -20
E 4413 6 -3 -28
T 4414 23 0 4 0
E 4414 0 2 21
E 4414 1 1 13
E 4414 5 -2 -19
E 4414 6 -3 -27
T 4415 23 1 4 0
E 4415 0 2 23
E 4415 1 1 15
E 4415 5 -1 -17
E 4415 6 -2 -25
T 4416 26 0 4 0
E 4416 0 3 30
E 4416 1 2 22
E 4416 2 1 14
E 4416 6 -2 -18
T 4417 22 0 4 0
E 4417 0 2 23
E 4417 1 2 18
E 4417 5 -1 -14
E 4417 6 -2 -22
T 4418 19 0 4 0
E 4418 0 1 16
E 4418 1 1 13
E 4418 5 -2 -19
E 4418 6 -3 -27
T 4419 16 0 4 0
E 4419 0 1 14
E 4419 1 1 14
E 4419 5 -2 -18
E 4419 6 -2 -26
T 4420 15 1 4 0
E 4420 0 1 15
E 4420 1 2 18
E 4420 5 -1 -14
E 4420 6 -2 -22
T 4421 16 0 4 0
E 4421 0 2 20
E 4421 1 2 25
E 4421 2 1 17
E 4421 6 -1 -15
T 4422 12 0 4 0
E 4422 0 1 14
E 4422 1 2 19
E 4422 2 1 14
E 4422 6 -2 -18
T 4423 11 0 2 0
E 4423 1 2 15
E 4423 6 -3 -20
T 4424 10 0 3 0
E 4424 0 1 15
E 4424 1 2 20
E 4424 2 2 20
T 4425 9 0 3 0
E 4425 1 1 16
E 4425 2 2 19
E 4425 6 -1 -13
T 4426 8 0 3 0
E 4426 1 1 17
E 4426 2 2 22
E 4426 3 1 14
T 4427 6 0 3 0
E 4427 1 1 15
E 4427 2 2 20
E 4427 3 1 15
T 4428 6 0 3 0
E 4428 1 1 15
E 4428 2 2 20
E 4428 3 1 17
T 4429 1 0 2 0
E 4429 2 2 15
E 4429 3 2 15
T 4430 4 0 1 0
E 4430 3 4 13
T 4431 3 0 0 0
T 4432 5 0 1 0
E 4432 6 -5 -16
T 4433 5 0 0 0
T 4434 3 0 0 0
T 4435 8 0 1 0
E 4435 4 4 14
T 4436 8 0 0 0
T 4437 11 0 1 0
E 4437 4 4 13
T 4438 8 0 0 0
T 4439 10 0 1 0
E 4439 0 -4 -14
T 4440 9 0 1 0
E 4440 0 -4 -13
T 4441 10 0 1 0
E 4441 0 -4 -14
T 4442 9 0 3 0
E 4442 4 1 15
E 4442 5 2 20
E 4442 6 1 15
T 4443 12 0 2 0
E 4443 5 2 17
E 4443 6 2 14
T 4444 15 0 2 0
E 4444 5 2 14
E 4444 6 2 14
T 4445 14 1 2 0
E 4445 0 -2 -14
E 4445 6 2 14
T 4446 13 1 2 0
E 4446 0 -2 -13
E 4446 6 2 17
T 4447 15 0 2 0
E 4447 5 2 15
E 4447 6 3 20
T 4448 16 1 2 0
E 4448 0 -2 -16
E 4448 6 2 14
T 4449 16 0 2 0
E 4449 5 2 14
E 4449 6 3 19
T 4450 16 0 2 0
E 4450 0 -3 -21
E 4450 1 -2 -16
T 4451 18 0 3 0
E 4451 0 -2 -23
E 4451 1 -2 -18
E 4451 2 -1 -13
T 4452 17 1 2 0
E 4452 0 -2 -17
E 4452 6 2 13
T 4453 17 0 2 0
E 4453 5 2 13
E 4453 6 3 18
T 4454 15 0 2 0
E 4454 0 -3 -20
E 4454 1 -2 -15
T 4455 17 0 2 0
E 4455 0 -3 -22
E 4455 1 -2 -17
T 4456 17 0 2 0
E 4456 5 2 13
E 4456 6 3 18
T 4457 19 0 3 0
E 4457 0 -2 -24
E 4457 1 -2 -19
E 4457 2 -1 -14
T 4458 21 0 3 0
E 4458 0 -2 -26
E 4458 1 -2 -21
E 4458 2 -1 -16
T 4459 15 0 2 0
E 4459 0 -3 -20
E 4459 1 -2 -15
T 4460 15 0 2 0
E 4460 0 -3 -20
E 4460 1 -2 -15
T 4461 16 0 2 0
E 4461 0 -3 -21
E 4461 1 -2 -16
T 4462 16 0 2 0
E 4462 5 2 14
E 4462 6 3 19
T 4463 17 0 2 0
E 4463 0 -3 -22
E 4463 1 -2 -17
T 4464 14 0 2 0
E 4464 0 -3 -19
E 4464 1 -2 -14
T 4465 16 0 2 0
E 4465 0 -3 -21
E 4465 1 -2 -16
T 4466 14 0 2 0
E 4466 0 -3 -19
E 4466 1 -2 -13
T 4467 15 1 2 0
E 4467 0 -2 -15
E 4467 6 2 16
T 4468 18 0 2 0
E 4468 0 -3 -19
E 4468 6 2 13
T 4469 17 0 2 0
E 4469 0 -3 -22
E 4469 1 -2 -14
T 4470 17 0 2 0
E 4470 5 2 16
E 4470 6 3 21
T 4471 18 0 2 0
E 4471 0 -3 -23
E 4471 1 -2 -15
T 4472 19 0 2 0
E 4472 0 -3 -20
E 4472 6 2 14
T 4473 17 0 3 0
E 4473 0 -1 -15
E 4473 5 1 15
E 4473 6 2 20
T 4474 18 0 2 0
E 4474 0 -4 -24
E 4474 1 -2 -16
T 4475 19 0 3 0
E 4475 0 -1 -17
E 4475 5 1 14
E 4475 6 2 19
T 4476 19 0 3 0
E 4476 0 -1 -17
E 4476 5 1 15
E 4476 6 2 20
T 4477 20 0 3 0
E 4477 0 -2 -19
E 4477 5 1 13
E 4477 6 2 18
T 4478 21 0 3 0
E 4478 0 -2 -20
E 4478 5 1 13
E 4478 6 2 18
T 4479 19 0 3 0
E 4479 0 -1 -17
E 4479 5 1 17
E 4479 6 2 22
T 4480 20 0 3 0
E 4480 0 -2 -22
E 4480 1 -1 -14
E 4480 6 1 17
T 4481 20 0 4 0
E 4481 0 -1 -16
E 4481 4 1 14
E 4481 5 2 19
E 4481 6 2 24
T 4482 20 0 3 0
E 4482 0 -2 -19
E 4482 5 1 16
E 4482 6 2 21
T 4483 21 0 3 0
E 4483 0 -2 -20
E 4483 5 1 16
E 4483 6 2 21
T 4484 24 1 4 0
E 4484 0 -2 -24
E 4484 1 -1 -16
E 4484 5 1 13
E 4484 6 2 18
T 4485 24 0 4 0
E 4485 0 -3 -29
E 4485 1 -2 -21
E 4485 2 -1 -13
E 4485 6 1 13
T 4486 25 0 3 0
E 4486 0 -3 -31
E 4486 1 -2 -23
E 4486 2 -1 -15
T 4487 25 1 4 0
E 4487 0 -2 -25
E 4487 1 -1 -17
E 4487 5 1 13
E 4487 6 2 18
T 4488 22 1 4 0
E 4488 0 -2 -22
E 4488 1 -1 -14
E 4488 5 1 17
E 4488 6 2 22
T 4489 25 0 4 0
E 4489 0 -3 -30
E 4489 1 -2 -22
E 4489 2 -1 -14
E 4489 6 1 15
T 4490 23 0 4 0
E 4490 0 -2 -22
E 4490 1 -1 -14
E 4490 5 2 18
E 4490 6 2 23
T 4491 23 0 4 0
E 4491 0 -2 -19
E 4491 4 1 13
E 4491 5 2 21
E 4491 6 3 27
T 4492 22 0 4 0
E 4492 0 -2 -21
E 4492 1 -1 -13
E 4492 5 2 19
E 4492 6 2 25
T 4493 22 0 4 0
E 4493 0 -2 -21
E 4493 1 -1 -13
E 4493 5 2 19
E 4493 6 2 26
T 4494 24 1 4 0
E 4494 0 -2 -24
E 4494 1 -1 -16
E 4494 5 1 16
E 4494 6 2 24
T 4495 26 0 4 0
E 4495 0 -3 -31
E 4495 1 -2 -23
E 4495 2 -1 -15
E 4495 6 1 17
T 4496 25 0 4 0
E 4496 0 -3 -27
E 4496 1 -2 -19
E 4496 5 1 13
E 4496 6 2 21
T 4497 25 0 4 0
E 4497 0 -3 -29
E 4497 1 -2 -21
E 4497 2 -1 -13
E 4497 6 2 19
T 4498 25 0 3 0
E 4498 0 -3 -28
E 4498 1 -2 -20
E 4498 6 2 20
T 4499 23 0 4 0
E 4499 0 -2 -21
E 4499 1 -1 -13
E 4499 5 2 19
E 4499 6 3 27
T 4500 23 0 4 0
E 4500 0 -2 -22
E 4500 1 -1 -14
E 4500 5 2 18
E 4500 6 2 26
T 4501 23 0 3 0
E 4501 0 -2 -20
E 4501 5 2 20
E 4501 6 3 28
T 4502 25 0 3 0
E 4502 0 -3 -28
E 4502 1 -2 -20
E 4502 6 2 20
T 4503 23 1 4 0
E 4503 0 -2 -23
E 4503 1 -1 -15
E 4503 5 1 17
E 4503 6 2 25
T 4504 23 0 4 0
E 4504 0 -2 -22
E 4504 1 -1 -14
E 4504 5 2 18
E 4504 6 2 26
T 4505 25 0 4 0
E 4505 0 -3 -29
E 4505 1 -2 -21
E 4505 2 -1 -13
E 4505 6 2 19
T 4506 25 0 3 0
E 4506 0 -3 -28
E 4506 1 -2 -20
E 4506 6 2 20
T 4507 23 0 3 0
E 4507 0 -2 -20
E 4507 5 2 20
E 4507 6 3 28
T 4508 23 0 3 0
E 4508 0 -2 -20
E 4508 5 2 20
E 4508 6 3 28
T 4509 26 0 4 0
E 4509 0 -3 -30
E 4509 1 -2 -22
E 4509 2 -1 -14
E 4509 6 2 18
T 4510 27 0 4 0
E 4510 0 -3 -32
E 4510 1 -2 -24
E 4510 2 -1 -16
E 4510 6 1 16
T 4511 25 0 3 0
E 4511 0 -3 -28
E 4511 1 -2 -20
E 4511 6 2 20
T 4512 25 0 3 0
E 4512 0 -3 -28
E 4512 1 -2 -20
E 4512 6 2 20
T 4513 26 0 4 0
E 4513 0 -3 -30
E 4513 1 -2 -22
E 4513 2 -1 -14
E 4513 6 2 18
T 4514 28 0 4 0
E 4514 0 -3 -34
E 4514 1 -2 -26
E 4514 2 -2 -18
E 4514 6 1 14
T 4515 25 0 3 0
E 4515 0 -3 -28
E 4515 1 -2 -20
E 4515 6 2 20
T 4516 23 0 4 0
E 4516 0 -2 -22
E 4516 1 -1 -14
E 4516 5 2 18
E 4516 6 2 26
T 4517 23 1 4 0
E 4517 0 -2 -23
E 4517 1 -1 -15
E 4517 5 1 17
E 4517 6 2 25
T 4518 25 0 4 0
E 4518 0 -3 -29
E 4518 1 -2 -21
E 4518 2 -1 -13
E 4518 6 2 19
T 4519 23 1 4 0
E 4519 0 -2 -23
E 4519 1 -1 -15
E 4519 5 1 17
E 4519 6 2 25
T 4520 23 1 4 0
E 4520 0 -2 -23
E 4520 1 -1 -15
E 4520 5 1 17
E 4520 6 2 25
T 4521 26 0 4 0
E 4521 0 -3 -30
E 4521 1 -2 -22
E 4521 2 -1 -14
E 4521 6 2 18
T 4522 23 1 4 0
E 4522 0 -2 -23
E 4522 1 -1 -15
E 4522 5 1 17
E 4522 6 2 25
T 4523 23 0 3 0
E 4523 0 -2 -20
E 4523 5 2 20
E 4523 6 3 28
T 4524 24 1 4 0
E 4524 0 -2 -24
E 4524 1 -1 -16
E 4524 5 1 16
E 4524 6 2 24
T 4525 23 0 3 0
E 4525 0 -2 -20
E 4525 5 2 20
E 4525 6 3 28
T 4526 25 1 4 0
E 4526 0 -2 -25
E 4526 1 -1 -17
E 4526 5 1 15
E 4526 6 2 23
T 4527 25 1 4 0
E 4527 0 -2 -25
E 4527 1 -1 -17
E 4527 5 1 15
E 4527 6 2 23
T 4528 25 0 3 0
E 4528 0 -3 -28
E 4528 1 -2 -20
E 4528 6 2 20
T 4529 24 1 4 0
E 4529 0 -2 -24
E 4529 1 -1 -16
E 4529 5 1 16
E 4529 6 2 24
T 4530 24 1 4 0
E 4530 0 -2 -24
E 4530 1 -1 -16
E 4530 5 1 16
E 4530 6 2 24
T 4531 26 0 4 0
E 4531 0 -3 -31
E 4531 1 -2 -23
E 4531 2 -1 -15
E 4531 6 1 17
T 4532 25 0 3 0
E 4532 0 -3 -28
E 4532 1 -2 -20
E 4532 6 2 20
T 4533 26 0 4 0
E 4533 0 -3 -31
E 4533 1 -2 -23
E 4533 2 -1 -15
E 4533 6 1 17
T 4534 26 0 4 0
E 4534 0 -3 -30
E 4534 1 -2 -22
E 4534 2 -1 -14
E 4534 6 2 18
T 4535 25 0 4 0
E 4535 0 -3 -29
E 4535 1 -2 -21
E 4535 2 -1 -13
E 4535 6 2 19
T 4536 27 0 4 0
E 4536 0 -3 -32
E 4536 1 -2 -24
E 4536 2 -1 -16
E 4536 6 1 16
T 4537 23 1 4 0
E 4537 0 -2 -23
E 4537 1 -1 -15
E 4537 5 1 17
E 4537 6 2 25
T 4538 26 0 4 0
E 4538 0 -3 -30
E 4538 1 -2 -22
E 4538 2 -1 -14
E 4538 6 2 18
T 4539 23 1 4 0
E 4539 0 -2 -23
E 4539 1 -1 -15
E 4539 5 1 17
E 4539 6 2 25
T 4540 23 0 4 0
E 4540 0 -2 -21
E 4540 1 -1 -13
E 4540 5 2 19
E 4540 6 3 27
T 4541 25 0 4 0
E 4541 0 -3 -29
E 4541 1 -2 -21
E 4541 2 -1 -13
E 4541 6 2 19
T 4542 26 0 4 0
E 4542 0 -3 -31
E 4542 1 -2 -23
E 4542 2 -1 -15
E 4542 6 1 17
T 4543 28 0 4 0
E 4543 0 -3 -34
E 4543 1 -2 -26
E 4543 2 -2 -18
E 4543 6 1 14
T 4544 25 0 4 0
E 4544 0 -2 -26
E 4544 1 -2 -18
E 4544 5 1 14
E 4544 6 2 22
T 4545 26 0 4 0
E 4545 0 -3 -30
E 4545 1 -2 -22
E 4545 2 -1 -14
E 4545 6 2 18
T 4546 25 0 4 0
E 4546 0 -2 -26
E 4546 1 -2 -18
E 4546 5 1 14
E 4546 6 2 22
T 4547 27 0 4 0
E 4547 0 -3 -32
E 4547 1 -2 -24
E 4547 2 -1 -16
E 4547 6 1 16
T 4548 28 0 4 0
E 4548 0 -3 -34
E 4548 1 -2 -26
E 4548 2 -2 -18
E 4548 6 1 14
T 4549 28 0 4 0
E 4549 0 -3 -34
E 4549 1 -2 -26
E 4549 2 -2 -18
E 4549 6 1 14
T 4550 23 1 4 0
E 4550 0 -2 -23
E 4550 1 -1 -15
E 4550 5 1 17
E 4550 6 2 25
T 4551 26 0 4 0
E 4551 0 -3 -31
E 4551 1 -2 -23
E 4551 2 -1 -15
E 4551 6 1 17
T 4552 24 1 4 0
E 4552 0 -2 -24
E 4552 1 -1 -16
E 4552 5 1 16
E 4552 6 2 24
T 4553 23 0 3 0
E 4553 0 -2 -20
E 4553 5 2 20
E 4553 6 3 28
T 4554 25 1 4 0
E 4554 0 -2 -25
E 4554 1 -1 -17
E 4554 5 1 15
E 4554 6 2 23
T 4555 26 0 4 0
E 4555 0 -3 -30
E 4555 1 -2 -22
E 4555 2 -1 -14
E 4555 6 2 18
T 4556 26 0 4 0
E 4556 0 -3 -30
E 4556 1 -2 -22
E 4556 2 -1 -14
E 4556 6 2 18
T 4557 25 0 4 0
E 4557 0 -2 -26
E 4557 1 -2 -18
E 4557 5 1 14
E 4557 6 2 22
T 4558 23 0 4 0
E 4558 0 -2 -22
E 4558 1 -1 -14
E 4558 5 2 18
E 4558 6 2 26
T 4559 25 1 4 0
E 4559 0 -2 -25
E 4559 1 -1 -17
E 4559 5 1 15
E 4559 6 2 23
T 4560 19 0 4 0
E 4560 0 2 22
E 4560 1 -2 -18
E 4560 5 1 14
E 4560 6 2 22
T 4561 19 0 4 0
E 4561 0 1 17
E 4561 1 -2 -26
E 4561 2 -2 -18
E 4561 6 1 14
T 4562 21 0 4 0
E 4562 0 1 16
E 4562 1 -3 -30
E 4562 2 -2 -22
E 4562 3 -1 -14
T 4563 22 0 4 0
E 4563 0 2 18
E 4563 1 -3 -31
E 4563 2 -2 -23
E 4563 3 -1 -15
T 4564 28 0 3 0
E 4564 0 2 25
E 4564 1 -3 -28
E 4564 2 -2 -20
T 4565 28 0 4 0
E 4565 0 3 34
E 4565 1 2 26
E 4565 2 -1 -14
E 4565 6 2 18
T 4566 28 0 4 0
E 4566 0 3 30
E 4566 1 2 22
E 4566 2 -2 -21
E 4566 3 -1 -13
T 4567 28 0 5 0
E 4567 0 2 25
E 4567 1 1 17
E 4567 2 -3 -29
E 4567 3 -2 -21
E 4567 4 -1 -13
T 4568 27 0 5 0
E 4568 0 2 24
E 4568 1 1 16
E 4568 2 -3 -33
E 4568 3 -2 -25
E 4568 4 -1 -17
T 4569 31 0 5 0
E 4569 0 3 30
E 4569 1 2 22
E 4569 2 -3 -31
E 4569 3 -2 -23
E 4569 4 -1 -15
T 4570 31 0 4 0
E 4570 0 4 38
E 4570 1 3 30
E 4570 2 2 22
E 4570 3 -2 -18
T 4571 30 0 5 0
E 4571 0 3 31
E 4571 1 2 23
E 4571 2 1 15
E 4571 3 -3 -28
E 4571 4 -2 -20
T 4572 31 1 6 0
E 4572 0 3 31
E 4572 1 2 23
E 4572 2 1 15
E 4572 3 -3 -31
E 4572 4 -2 -23
E 4572 5 -1 -15
T 4573 32 0 6 0
E 4573 0 2 26
E 4573 1 2 18
E 4573 3 -4 -39
E 4573 4 -3 -31
E 4573 5 -2 -23
E 4573 6 -1 -15
T 4574 34 0 7 0
E 4574 0 3 30
E 4574 1 2 22
E 4574 2 1 14
E 4574 3 -4 -39
E 4574 4 -3 -31
E 4574 5 -2 -23
E 4574 6 -1 -15
T 4575 32 0 6 0
E 4575 0 4 38
E 4575 1 3 30
E 4575 2 2 22
E 4575 3 1 14
E 4575 4 -2 -26
E 4575 5 -2 -18
T 4576 34 0 6 0
E 4576 0 3 33
E 4576 1 2 25
E 4576 2 1 17
E 4576 4 -3 -34
E 4576 5 -2 -26
E 4576 6 -2 -18
T 4577 34 0 6 0
E 4577 0 3 31
E 4577 1 2 23
E 4577 2 1 15
E 4577 4 -4 -39
E 4577 5 -3 -31
E 4577 6 -2 -23
T 4578 34 0 6 0
E 4578 0 3 31
E 4578 1 2 23
E 4578 2 1 15
E 4578 4 -4 -42
E 4578 5 -3 -34
E 4578 6 -2 -26
T 4579 36 0 6 0
E 4579 0 3 35
E 4579 1 3 27
E 4579 2 2 19
E 4579 4 -4 -42
E 4579 5 -3 -34
E 4579 6 -2 -26
T 4580 33 0 6 0
E 4580 0 4 37
E 4580 1 3 29
E 4580 2 2 21
E 4580 3 1 13
E 4580 5 -3 -35
E 4580 6 -3 -27
T 4581 34 0 5 0
E 4581 0 3 35
E 4581 1 3 27
E 4581 2 2 19
E 4581 5 -4 -40
E 4581 6 -3 -32
T 4582 33 0 5 0
E 4582 0 3 30
E 4582 1 2 22
E 4582 2 1 14
E 4582 5 -5 -48
E 4582 6 -4 -40
T 4583 36 0 5 0
E 4583 0 3 35
E 4583 1 3 27
E 4583 2 2 19
E 4583 5 -5 -46
E 4583 6 -4 -38
T 4584 38 0 6 0
E 4584 0 4 42
E 4584 1 3 34
E 4584 2 2 26
E 4584 3 2 18
E 4584 5 -4 -43
E 4584 6 -3 -35
T 4585 35 0 5 0
E 4585 0 4 44
E 4585 1 4 36
E 4585 2 3 28
E 4585 3 2 20
E 4585 6 -4 -36
T 4586 32 0 4 0
E 4586 0 3 33
E 4586 1 2 25
E 4586 2 1 17
E 4586 6 -5 -50
T 4587 35 0 5 0
E 4587 0 4 40
E 4587 1 3 32
E 4587 2 2 24
E 4587 3 1 16
E 4587 6 -5 -46
T 4588 32 1 4 0
E 4588 0 3 32
E 4588 1 2 24
E 4588 2 1 16
E 4588 6 -6 -57
T 4589 31 1 4 0
E 4589 0 3 31
E 4589 1 2 23
E 4589 2 1 15
E 4589 6 -6 -62
T 4590 25 0 4 0
E 4590 0 3 29
E 4590 1 2 21
E 4590 2 1 13
E 4590 6 -2 -19
T 4591 24 1 4 0
E 4591 0 2 24
E 4591 1 1 16
E 4591 5 -1 -16
E 4591 6 -2 -24
T 4592 23 0 4 0
E 4592 0 2 21
E 4592 1 1 13
E 4592 5 -2 -19
E 4592 6 -3 -27
T 4593 23 0 4 0
E 4593 0 2 19
E 4593 4 -1 -13
E 4593 5 -2 -21
E 4593 6 -3 -29
T 4594 25 0 3 0
E 4594 0 3 28
E 4594 1 2 20
E 4594 6 -2 -20
T 4595 24 1 4 0
E 4595 0 2 24
E 4595 1 1 16
E 4595 5 -1 -16
E 4595 6 -2 -24
T 4596 23 0 4 0
E 4596 0 2 22
E 4596 1 1 14
E 4596 5 -2 -18
E 4596 6 -2 -26
T 4597 23 0 4 0
E 4597 0 2 22
E 4597 1 1 14
E 4597 5 -2 -18
E 4597 6 -2 -26
T 4598 25 0 4 0
E 4598 0 3 29
E 4598 1 2 21
E 4598 2 1 13
E 4598 6 -2 -19
T 4599 23 1 4 0
E 4599 0 2 23
E 4599 1 1 15
E 4599 5 -1 -17
E 4599 6 -2 -25
T 4600 25 0 4 0
E 4600 0 3 27
E 4600 1 2 19
E 4600 5 -1 -13
E 4600 6 -2 -21
T 4601 23 0 3 0
E 4601 0 2 20
E 4601 5 -2 -20
E 4601 6 -3 -28
T 4602 23 0 3 0
E 4602 0 2 20
E 4602 5 -2 -20
E 4602 6 -3 -28
T 4603 26 0 4 0
E 4603 0 3 30
E 4603 1 2 22
E 4603 2 1 14
E 4603 6 -2 -18
T 4604 24 1 4 0
E 4604 0 2 24
E 4604 1 1 16
E 4604 5 -1 -16
E 4604 6 -2 -24
T 4605 26 0 4 0
E 4605 0 3 31
E 4605 1 2 23
E 4605 2 1 15
E 4605 6 -1 -17
T 4606 25 0 4 0
E 4606 0 2 26
E 4606 1 2 18
E 4606 5 -1 -14
E 4606 6 -2 -22
T 4607 25 1 4 0
E 4607 0 2 25
E 4607 1 1 17
E 4607 5 -1 -15
E 4607 6 -2 -23
T 4608 27 0 4 0
E 4608 0 3 32
E 4608 1 2 24
E 4608 2 1 16
E 4608 6 -1 -16
T 4609 28 0 4 0
E 4609 0 3 33
E 4609 1 2 25
E 4609 2 1 17
E 4609 6 -1 -15
T 4610 25 0 4 0
E 4610 0 3 27
E 4610 1 2 19
E 4610 5 -1 -13
E 4610 6 -2 -21
T 4611 24 1 4 0
E 4611 0 2 24
E 4611 1 1 16
E 4611 5 -1 -16
E 4611 6 -2 -24
T 4612 23 1 4 0
E 4612 0 2 23
E 4612 1 1 15
E 4612 5 -1 -17
E 4612 6 -2 -25
T 4613 23 1 4 0
E 4613 0 2 23
E 4613 1 1 15
E 4613 5 -1 -17
E 4613 6 -2 -25
T 4614 25 0 4 0
E 4614 0 3 27
E 4614 1 2 19
E 4614 5 -1 -13
E 4614 6 -2 -21
T 4615 23 0 4 0
E 4615 0 2 22
E 4615 1 1 14
E 4615 5 -2 -18
E 4615 6 -2 -26
T 4616 23 0 4 0
E 4616 0 2 21
E 4616 1 1 13
E 4616 5 -2 -19
E 4616 6 -3 -27
T 4617 25 0 4 0
E 4617 0 3 29
E 4617 1 2 21
E 4617 2 1 13
E 4617 6 -2 -19
T 4618 26 0 4 0
E 4618 0 3 31
E 4618 1 2 23
E 4618 2 1 15
E 4618 6 -1 -17
T 4619 27 0 4 0
E 4619 0 3 32
E 4619 1 2 24
E 4619 2 1 16
E 4619 6 -1 -16
T 4620 28 0 4 0
E 4620 0 3 33
E 4620 1 2 25
E 4620 2 1 17
E 4620 6 -1 -15
T 4621 25 0 4 0
E 4621 0 2 26
E 4621 1 2 18
E 4621 5 -1 -14
E 4621 6 -2 -22
T 4622 25 0 4 0
E 4622 0 3 27
E 4622 1 2 19
E 4622 5 -1 -13
E 4622 6 -2 -21
T 4623 25 0 4 0
E 4623 0 3 27
E 4623 1 2 19
E 4623 5 -1 -13
E 4623 6 -2 -21
T 4624 26 0 4 0
E 4624 0 3 30
E 4624 1 2 22
E 4624 2 1 14
E 4624 6 -2 -18
T 4625 25 0 4 0
E 4625 0 3 29
E 4625 1 2 21
E 4625 2 1 13
E 4625 6 -2 -19
T 4626 26 0 4 0
E 4626 0 3 30
E 4626 1 2 22
E 4626 2 1 14
E 4626 6 -2 -18
T 4627 23 1 4 0
E 4627 0 2 23
E 4627 1 1 15
E 4627 5 -1 -17
E 4627 6 -2 -25
T 4628 23 0 4 0
E 4628 0 2 22
E 4628 1 1 14
E 4628 5 -2 -18
E 4628 6 -2 -26
T 4629 24 1 4 0
E 4629 0 2 24
E 4629 1 1 16
E 4629 5 -1 -16
E 4629 6 -2 -24
T 4630 23 0 4 0
E 4630 0 2 21
E 4630 1 1 13
E 4630 5 -2 -19
E 4630 6 -3 -27
T 4631 25 1 4 0
E 4631 0 2 25
E 4631 1 1 17
E 4631 5 -1 -15
E 4631 6 -2 -23
T 4632 25 0 4 0
E 4632 0 3 27
E 4632 1 2 19
E 4632 5 -1 -13
E 4632 6 -2 -21
T 4633 23 0 3 0
E 4633 0 2 20
E 4633 5 -2 -20
E 4633 6 -3 -28
T 4634 26 0 4 0
E 4634 0 3 31
E 4634 1 2 23
E 4634 2 1 15
E 4634 6 -1 -17
T 4635 25 0 3 0
E 4635 0 3 28
E 4635 1 2 20
E 4635 6 -2 -20
T 4636 23 0 4 0
E 4636 0 2 22
E 4636 1 1 14
E 4636 5 -2 -18
E 4636 6 -2 -26
T 4637 25 0 3 0
E 4637 0 3 28
E 4637 1 2 20
E 4637 6 -2 -20
T 4638 23 0 3 0
E 4638 0 2 20
E 4638 5 -2 -20
E 4638 6 -3 -28
T 4639 26 0 4 0
E 4639 0 3 31
E 4639 1 2 23
E 4639 2 1 15
E 4639 6 -1 -17
T 4640 23 0 4 0
E 4640 0 2 22
E 4640 1 1 14
E 4640 5 -2 -18
E 4640 6 -2 -26
T 4641 23 1 4 0
E 4641 0 2 23
E 4641 1 1 15
E 4641 5 -1 -17
E 4641 6 -2 -25
T 4642 24 1 4 0
E 4642 0 2 24
E 4642 1 1 16
E 4642 5 -1 -16
E 4642 6 -2 -24
T 4643 25 0 3 0
E 4643 0 3 28
E 4643 1 2 20
E 4643 6 -2 -20
T 4644 27 0 4 0
E 4644 0 3 32
E 4644 1 2 24
E 4644 2 1 16
E 4644 6 -1 -16
T 4645 27 0 4 0
E 4645 0 3 32
E 4645 1 2 24
E 4645 2 1 16
E 4645 6 -1 -16
T 4646 28 0 4 0
E 4646 0 3 33
E 4646 1 2 25
E 4646 2 1 17
E 4646 6 -1 -15
T 4647 27 0 3 0
E 4647 0 4 36
E 4647 1 3 28
E 4647 2 2 20
T 4648 27 0 4 0
E 4648 0 3 32
E 4648 1 2 24
E 4648 2 1 16
E 4648 6 -1 -16
T 4649 28 0 4 0
E 4649 0 3 33
E 4649 1 2 25
E 4649 2 1 17
E 4649 6 -1 -15
T 4650 28 0 4 0
E 4650 0 3 35
E 4650 1 3 27
E 4650 2 2 19
E 4650 6 -1 -13
T 4651 23 1 4 0
E 4651 0 2 23
E 4651 1 1 15
E 4651 5 -1 -17
E 4651 6 -2 -25
T 4652 23 0 4 0
E 4652 0 2 22
E 4652 1 1 14
E 4652 5 -2 -18
E 4652 6 -2 -26
T 4653 25 0 4 0
E 4653 0 2 26
E 4653 1 2 18
E 4653 5 -1 -14
E 4653 6 -2 -22
T 4654 23 1 4 0
E 4654 0 2 23
E 4654 1 1 15
E 4654 5 -1 -17
E 4654 6 -2 -25
T 4655 25 0 4 0
E 4655 0 2 26
E 4655 1 2 18
E 4655 5 -1 -14
E 4655 6 -2 -22
T 4656 25 0 4 0
E 4656 0 3 29
E 4656 1 2 21
E 4656 2 1 13
E 4656 6 -2 -19
T 4657 23 0 4 0
E 4657 0 2 24
E 4657 1 2 19
E 4657 5 -1 -13
E 4657 6 -2 -21
T 4658 21 0 4 0
E 4658 0 2 24
E 4658 1 2 21
E 4658 2 1 13
E 4658 6 -2 -19
T 4659 19 0 4 0
E 4659 0 2 22
E 4659 1 2 22
E 4659 2 1 14
E 4659 6 -2 -18
T 4660 15 0 4 0
E 4660 0 1 14
E 4660 1 1 17
E 4660 5 -1 -15
E 4660 6 -2 -23
T 4661 13 1 4 0
E 4661 0 1 13
E 4661 1 2 18
E 4661 5 -1 -14
E 4661 6 -2 -22
T 4662 13 0 3 0
E 4662 1 1 16
E 4662 5 -1 -13
E 4662 6 -2 -21
T 4663 13 0 4 0
E 4663 0 1 17
E 4663 1 2 22
E 4663 2 2 19
E 4663 6 -1 -13
T 4664 11 0 3 0
E 4664 1 1 17
E 4664 2 1 17
E 4664 6 -1 -15
T 4665 10 0 1 0
E 4665 6 -6 -20
T 4666 7 1 2 0
E 4666 2 2 17
E 4666 6 -2 -15
T 4667 8 0 3 0
E 4667 1 1 17
E 4667 2 2 22
E 4667 3 1 17
T 4668 6 0 3 0
E 4668 1 1 15
E 4668 2 2 20
E 4668 3 1 17
T 4669 2 0 2 0
E 4669 2 2 16
E 4669 3 2 16
T 4670 3 0 1 0
E 4670 3 5 15
T 4671 2 0 1 0
E 4671 6 -5 -16
T 4672 5 0 0 0
T 4673 8 0 0 0
T 4674 10 0 0 0
T 4675 11 0 2 0
E 4675 0 -2 -15
E 4675 6 -2 -13
T 4676 12 0 0 0
T 4677 13 0 2 0
E 4677 0 -3 -18
E 4677 1 -2 -13
T 4678 8 0 0 0
T 4679 10 0 1 0
E 4679 0 -5 -15
T 4680 10 0 1 0
E 4680 0 -4 -14
T 4681 13 0 1 0
E 4681 5 5 17
T 4682 15 0 2 0
E 4682 0 -3 -20
E 4682 1 -2 -15
T 4683 16 0 2 0
E 4683 0 -3 -21
E 4683 1 -2 -16
T 4684 10 0 1 0
E 4684 0 -5 -15
T 4685 12 0 3 0
E 4685 4 1 13
E 4685 5 2 18
E 4685 6 2 21
T 4686 12 0 3 0
E 4686 4 1 13
E 4686 5 2 18
E 4686 6 2 23
T 4687 15 1 2 0
E 4687 0 -2 -15
E 4687 6 2 15
T 4688 15 0 2 0
E 4688 5 2 15
E 4688 6 3 20
T 4689 15 0 2 0
E 4689 5 2 15
E 4689 6 3 20
T 4690 15 0 2 0
E 4690 0 -3 -20
E 4690 1 -2 -15
T 4691 17 0 2 0
E 4691 0 -3 -22
E 4691 1 -2 -17
T 4692 15 1 2 0
E 4692 0 -2 -15
E 4692 6 2 15
T 4693 17 0 2 0
E 4693 0 -3 -22
E 4693 1 -2 -17
T 4694 16 0 2 0
E 4694 0 -3 -21
E 4694 1 -2 -16
T 4695 15 1 2 0
E 4695 0 -2 -15
E 4695 6 2 15
T 4696 17 0 2 0
E 4696 5 2 13
E 4696 6 3 18
T 4697 15 1 2 0
E 4697 0 -2 -15
E 4697 6 2 15
T 4698 13 1 2 0
E 4698 0 -2 -13
E 4698 6 2 17
T 4699 14 0 2 0
E 4699 5 2 16
E 4699 6 3 21
T 4700 15 1 2 0
E 4700 0 -2 -15
E 4700 6 2 15
T 4701 15 1 2 0
E 4701 0 -2 -15
E 4701 6 2 15
T 4702 15 1 2 0
E 4702 0 -2 -15
E 4702 6 2 15
T 4703 16 1 2 0
E 4703 0 -2 -16
E 4703 6 2 14
T 4704 16 0 2 0
E 4704 5 2 14
E 4704 6 3 19
T 4705 16 0 2 0
E 4705 0 -3 -21
E 4705 1 -2 -16
T 4706 17 0 2 0
E 4706 5 2 14
E 4706 6 3 19
T 4707 19 0 3 0
E 4707 0 -2 -24
E 4707 1 -2 -18
E 4707 2 -1 -13
T 4708 21 0 3 0
E 4708 0 -3 -27
E 4708 1 -2 -20
E 4708 2 -1 -15
T 4709 23 0 3 0
E 4709 0 -3 -29
E 4709 1 -2 -21
E 4709 2 -1 -16
T 4710 17 0 2 0
E 4710 0 -3 -18
E 4710 6 2 15
T 4711 19 0 3 0
E 4711 0 -2 -21
E 4711 1 -1 -13
E 4711 6 1 13
T 4712 19 0 2 0
E 4712 0 -4 -25
E 4712 1 -2 -17
T 4713 17 0 2 0
E 4713 0 -3 -18
E 4713 6 2 17
T 4714 19 0 3 0
E 4714 0 -2 -21
E 4714 1 -1 -13
E 4714 6 1 15
T 4715 19 0 2 0
E 4715 0 -4 -26
E 4715 1 -3 -18
T 4716 22 0 3 0
E 4716 0 -2 -24
E 4716 1 -1 -16
E 4716 6 1 13
T 4717 20 0 3 0
E 4717 0 -2 -19
E 4717 5 1 13
E 4717 6 2 18
T 4718 19 0 3 0
E 4718 0 -1 -17
E 4718 5 1 16
E 4718 6 2 21
T 4719 19 0 3 0
E 4719 0 -1 -17
E 4719 5 1 17
E 4719 6 2 22
T 4720 19 0 4 0
E 4720 0 -1 -15
E 4720 4 1 14
E 4720 5 2 19
E 4720 6 2 24
T 4721 22 0 3 0
E 4721 0 -2 -24
E 4721 1 -1 -16
E 4721 6 1 16
T 4722 19 0 3 0
E 4722 0 -2 -18
E 4722 5 1 17
E 4722 6 2 22
T 4723 21 0 4 0
E 4723 0 -2 -18
E 4723 4 1 13
E 4723 5 2 18
E 4723 6 2 23
T 4724 21 0 3 0
E 4724 0 -2 -20
E 4724 5 1 17
E 4724 6 2 22
T 4725 24 0 3 0
E 4725 0 -3 -28
E 4725 1 -2 -20
E 4725 6 1 14
T 4726 24 1 4 0
E 4726 0 -2 -24
E 4726 1 -1 -16
E 4726 5 1 14
E 4726 6 2 19
T 4727 24 0 4 0
E 4727 0 -3 -29
E 4727 1 -2 -21
E 4727 2 -1 -13
E 4727 6 1 14
T 4728 25 0 4 0
E 4728 0 -3 -30
E 4728 1 -2 -22
E 4728 2 -1 -14
E 4728 6 1 14
T 4729 27 0 3 0
E 4729 0 -3 -33
E 4729 1 -2 -25
E 4729 2 -1 -17
T 4730 25 0 4 0
E 4730 0 -3 -30
E 4730 1 -2 -22
E 4730 2 -1 -14
E 4730 6 1 15
T 4731 26 0 4 0
E 4731 0 -3 -31
E 4731 1 -2 -23
E 4731 2 -1 -15
E 4731 6 1 15
T 4732 25 0 4 0
E 4732 0 -3 -30
E 4732 1 -2 -22
E 4732 2 -1 -14
E 4732 6 1 16
T 4733 25 1 4 0
E 4733 0 -2 -25
E 4733 1 -1 -17
E 4733 5 1 15
E 4733 6 2 22
T 4734 25 0 3 0
E 4734 0 -3 -28
E 4734 1 -2 -20
E 4734 6 2 20
T 4735 25 0 4 0
E 4735 0 -3 -29
E 4735 1 -2 -21
E 4735 2 -1 -13
E 4735 6 2 19
T 4736 24 1 4 0
E 4736 0 -2 -24
E 4736 1 -1 -16
E 4736 5 1 16
E 4736 6 2 24
T 4737 26 0 4 0
E 4737 0 -3 -30
E 4737 1 -2 -22
E 4737 2 -1 -14
E 4737 6 2 18
T 4738 28 0 4 0
E 4738 0 -3 -33
E 4738 1 -2 -25
E 4738 2 -1 -17
E 4738 6 1 15
T 4739 25 0 4 0
E 4739 0 -3 -29
E 4739 1 -2 -21
E 4739 2 -1 -13
E 4739 6 2 19
T 4740 23 0 4 0
E 4740 0 -2 -22
E 4740 1 -1 -14
E 4740 5 2 18
E 4740 6 2 26
T 4741 24 1 4 0
E 4741 0 -2 -24
E 4741 1 -1 -16
E 4741 5 1 16
E 4741 6 2 24
T 4742 25 0 3 0
E 4742 0 -3 -28
E 4742 1 -2 -20
E 4742 6 2 20
T 4743 23 1 4 0
E 4743 0 -2 -23
E 4743 1 -1 -15
E 4743 5 1 17
E 4743 6 2 25
T 4744 25 0 3 0
E 4744 0 -3 -28
E 4744 1 -2 -20
E 4744 6 2 20
T 4745 24 1 4 0
E 4745 0 -2 -24
E 4745 1 -1 -16
E 4745 5 1 16
E 4745 6 2 24
T 4746 25 0 4 0
E 4746 0 -3 -27
E 4746 1 -2 -19
E 4746 5 1 13
E 4746 6 2 21
T 4747 24 1 4 0
E 4747 0 -2 -24
E 4747 1 -1 -16
E 4747 5 1 16
E 4747 6 2 24
T 4748 23 0 3 0
E 4748 0 -2 -20
E 4748 5 2 20
E 4748 6 3 28
T 4749 23 0 4 0
E 4749 0 -2 -19
E 4749 4 1 13
E 4749 5 2 21
E 4749 6 3 29
T 4750 22 0 4 0
E 4750 0 -2 -18
E 4750 4 1 14
E 4750 5 2 22
E 4750 6 3 30
T 4751 24 1 4 0
E 4751 0 -2 -24
E 4751 1 -1 -16
E 4751 5 1 16
E 4751 6 2 24
T 4752 25 0 3 0
E 4752 0 -3 -28
E 4752 1 -2 -20
E 4752 6 2 20
T 4753 27 0 4 0
E 4753 0 -3 -32
E 4753 1 -2 -24
E 4753 2 -1 -16
E 4753 6 1 16
T 4754 27 0 4 0
E 4754 0 -3 -32
E 4754 1 -2 -24
E 4754 2 -1 -16
E 4754 6 1 16
T 4755 23 1 4 0
E 4755 0 -2 -23
E 4755 1 -1 -15
E 4755 5 1 17
E 4755 6 2 25
T 4756 23 0 3 0
E 4756 0 -2 -20
E 4756 5 2 20
E 4756 6 3 28
T 4757 24 1 4 0
E 4757 0 -2 -24
E 4757 1 -1 -16
E 4757 5 1 16
E 4757 6 2 24
T 4758 27 0 4 0
E 4758 0 -3 -32
E 4758 1 -2 -24
E 4758 2 -1 -16
E 4758 6 1 16
T 4759 25 0 3 0
E 4759 0 -3 -28
E 4759 1 -2 -20
E 4759 6 2 20
T 4760 26 0 4 0
E 4760 0 -3 -30
E 4760 1 -2 -22
E 4760 2 -1 -14
E 4760 6 2 18
T 4761 26 0 4 0
E 4761 0 -3 -31
E 4761 1 -2 -23
E 4761 2 -1 -15
E 4761 6 1 17
T 4762 25 1 4 0
E 4762 0 -2 -25
E 4762 1 -1 -17
E 4762 5 1 15
E 4762 6 2 23
T 4763 25 0 4 0
E 4763 0 -3 -27
E 4763 1 -2 -19
E 4763 5 1 13
E 4763 6 2 21
T 4764 27 0 4 0
E 4764 0 -3 -32
E 4764 1 -2 -24
E 4764 2 -1 -16
E 4764 6 1 16
T 4765 25 0 4 0
E 4765 0 -3 -27
E 4765 1 -2 -19
E 4765 5 1 13
E 4765 6 2 21
T 4766 23 1 4 0
E 4766 0 -2 -23
E 4766 1 -1 -15
E 4766 5 1 17
E 4766 6 2 25
T 4767 24 1 4 0
E 4767 0 -2 -24
E 4767 1 -1 -16
E 4767 5 1 16
E 4767 6 2 24
T 4768 24 1 4 0
E 4768 0 -2 -24
E 4768 1 -1 -16
E 4768 5 1 16
E 4768 6 2 24
T 4769 25 0 4 0
E 4769 0 -2 -26
E 4769 1 -2 -18
E 4769 5 1 14
E 4769 6 2 22
T 4770 25 1 4 0
E 4770 0 -2 -25
E 4770 1 -1 -17
E 4770 5 1 15
E 4770 6 2 23
T 4771 25 1 4 0
E 4771 0 -2 -25
E 4771 1 -1 -17
E 4771 5 1 15
E 4771 6 2 23
T 4772 25 0 4 0
E 4772 0 -2 -26
E 4772 1 -2 -18
E 4772 5 1 14
E 4772 6 2 22
T 4773 27 0 4 0
E 4773 0 -3 -32
E 4773 1 -2 -24
E 4773 2 -1 -16
E 4773 6 1 16
T 4774 27 0 4 0
E 4774 0 -3 -32
E 4774 1 -2 -24
E 4774 2 -1 -16
E 4774 6 1 16
T 4775 25 0 4 0
E 4775 0 -2 -26
E 4775 1 -2 -18
E 4775 5 1 14
E 4775 6 2 22
T 4776 24 1 4 0
E 4776 0 -2 -24
E 4776 1 -1 -16
E 4776 5 1 16
E 4776 6 2 24
T 4777 25 0 4 0
E 4777 0 -2 -26
E 4777 1 -2 -18
E 4777 5 1 14
E 4777 6 2 22
T 4778 26 0 4 0
E 4778 0 -3 -30
E 4778 1 -2 -22
E 4778 2 -1 -14
E 4778 6 2 18
T 4779 24 1 4 0
E 4779 0 -2 -24
E 4779 1 -1 -16
E 4779 5 1 16
E 4779 6 2 24
T 4780 25 0 3 0
E 4780 0 -3 -28
E 4780 1 -2 -20
E 4780 6 2 20
T 4781 27 0 4 0
E 4781 0 -3 -32
E 4781 1 -2 -24
E 4781 2 -1 -16
E 4781 6 1 16
T 4782 25 0 4 0
E 4782 0 -3 -29
E 4782 1 -2 -21
E 4782 2 -1 -13
E 4782 6 2 19
T 4783 28 0 4 0
E 4783 0 -3 -33
E 4783 1 -2 -25
E 4783 2 -1 -17
E 4783 6 1 15
T 4784 25 0 4 0
E 4784 0 -2 -26
E 4784 1 -2 -18
E 4784 5 1 14
E 4784 6 2 22
T 4785 25 0 4 0
E 4785 0 -3 -27
E 4785 1 -2 -19
E 4785 5 1 13
E 4785 6 2 21
T 4786 25 0 4 0
E 4786 0 -3 -27
E 4786 1 -2 -19
E 4786 5 1 13
E 4786 6 2 21
T 4787 25 0 3 0
E 4787 0 -3 -28
E 4787 1 -2 -20
E 4787 6 2 20
T 4788 26 0 4 0
E 4788 0 -3 -31
E 4788 1 -2 -23
E 4788 2 -1 -15
E 4788 6 1 17
T 4789 24 1 4 0
E 4789 0 -2 -24
E 4789 1 -1 -16
E 4789 5 1 16
E 4789 6 2 24
T 4790 23 0 3 0
E 4790 0 -2 -20
E 4790 5 2 20
E 4790 6 3 28
T 4791 23 0 4 0
E 4791 0 -2 -19
E 4791 4 1 13
E 4791 5 2 21
E 4791 6 3 29
T 4792 25 0 4 0
E 4792 0 -2 -26
E 4792 1 -2 -18
E 4792 5 1 14
E 4792 6 2 22
T 4793 23 0 4 0
E 4793 0 -2 -21
E 4793 1 -1 -13
E 4793 5 2 19
E 4793 6 3 27
T 4794 25 0 4 0
E 4794 0 -3 -29
E 4794 1 -2 -21
E 4794 2 -1 -13
E 4794 6 2 19
T 4795 23 1 4 0
E 4795 0 -2 -23
E 4795 1 -1 -15
E 4795 5 1 17
E 4795 6 2 25
T 4796 26 0 4 0
E 4796 0 -3 -31
E 4796 1 -2 -23
E 4796 2 -1 -15
E 4796 6 1 17
T 4797 23 0 4 0
E 4797 0 -2 -22
E 4797 1 -1 -14
E 4797 5 2 18
E 4797 6 2 26
T 4798 25 0 3 0
E 4798 0 -3 -28
E 4798 1 -2 -20
E 4798 6 2 20
T 4799 28 0 4 0
E 4799 0 -3 -33
E 4799 1 -2 -25
E 4799 2 -1 -17
E 4799 6 1 15
F 16844 355573 961 4641 189 0 16667 0
