T 0 2 0 0 0
T 1 0 0 0 0
T 2 4 0 0 0
T 3 6 0 0 0
T 4 8 0 0 0
T 5 9 0 0 0
T 6 7 0 0 0
T 7 1 0 0 0
T 8 6 0 0 0
T 9 3 0 0 0
T 10 0 0 0 0
T 11 4 0 0 0
T 12 3 0 0 0
T 13 4 0 0 0
T 14 2 0 0 0
T 15 3 0 0 0
T 16 4 0 0 0
T 17 4 0 0 0
T 18 3 0 0 0
T 19 3 0 0 0
T 20 11 0 0 0
T 21 9 0 0 0
T 22 7 0 7 1
E 22 0 1 14
E 22 1 1 14
E 22 2 1 14
E 22 3 1 14
E 22 4 1 14
E 22 5 1 14
E 22 6 1 14
T 23 9 0 0 0
T 24 12 0 0 0
T 25 10 0 7 1
E 25 0 1 17
E 25 1 1 17
E 25 2 1 17
E 25 3 1 17
E 25 4 1 17
E 25 5 1 17
E 25 6 1 17
T 26 9 0 0 0
T 27 9 0 0 0
T 28 6 0 7 1
E 28 0 1 13
E 28 1 1 13
E 28 2 1 13
E 28 3 1 13
E 28 4 1 13
E 28 5 1 13
E 28 6 1 13
T 29 6 0 0 0
T 30 7 0 7 1
E 30 0 1 14
E 30 1 1 14
E 30 2 1 14
E 30 3 1 14
E 30 4 1 14
E 30 5 1 14
E 30 6 1 14
T 31 3 0 0 0
T 32 11 0 0 0
T 33 4 0 7 1
E 33 0 2 18
E 33 1 2 18
E 33 2 2 18
E 33 3 2 18
E 33 4 2 18
E 33 5 2 18
E 33 6 2 18
T 34 7 0 0 0
T 35 7 0 0 0
T 36 11 0 0 0
T 37 7 0 7 1
E 37 0 1 14
E 37 1 1 14
E 37 2 1 14
E 37 3 1 14
E 37 4 1 14
E 37 5 1 14
E 37 6 1 14
T 38 9 0 0 0
T 39 10 0 0 0
T 40 12 0 0 0
T 41 12 0 0 0
T 42 8 0 0 0
T 43 8 0 0 0
T 44 6 0 0 0
T 45 5 0 0 0
T 46 12 0 0 0
T 47 4 0 7 1
E 47 0 2 18
E 47 1 2 18
E 47 2 2 18
E 47 3 2 18
E 47 4 2 18
E 47 5 2 18
E 47 6 2 18
T 48 8 0 0 0
T 49 9 0 7 1
E 49 0 1 16
E 49 1 1 16
E 49 2 1 16
E 49 3 1 16
E 49 4 1 16
E 49 5 1 16
E 49 6 1 16
T 50 11 0 0 0
T 51 8 0 7 1
E 51 0 1 15
E 51 1 1 15
E 51 2 1 15
E 51 3 1 15
E 51 4 1 15
E 51 5 1 15
E 51 6 1 15
T 52 4 0 0 0
T 53 5 0 0 0
T 54 3 0 0 0
T 55 9 0 0 0
T 56 5 0 0 0
T 57 5 0 0 0
T 58 0 0 0 0
T 59 2 0 0 0
T 60 10 0 0 0
T 61 7 0 7 1
E 61 0 1 14
E 61 1 1 14
E 61 2 1 14
E 61 3 1 14
E 61 4 1 14
E 61 5 1 14
E 61 6 1 14
T 62 5 0 0 0
T 63 6 0 0 0
T 64 11 0 0 0
T 65 4 0 7 1
E 65 0 2 18
E 65 1 2 18
E 65 2 2 18
E 65 3 2 18
E 65 4 2 18
E 65 5 2 18
E 65 6 2 18
T 66 4 0 0 0
T 67 1 0 0 0
T 68 1 0 0 0
T 69 5 0 0 0
T 70 6 0 7 1
E 70 0 1 13
E 70 1 1 13
E 70 2 1 13
E 70 3 1 13
E 70 4 1 13
E 70 5 1 13
E 70 6 1 13
T 71 12 0 0 0
T 72 5 0 7 1
E 72 0 2 19
E 72 1 2 19
E 72 2 2 19
E 72 3 2 19
E 72 4 2 19
E 72 5 2 19
E 72 6 2 19
T 73 11 0 0 0
T 74 11 0 0 0
T 75 8 0 7 1
E 75 0 1 15
E 75 1 1 15
E 75 2 1 15
E 75 3 1 15
E 75 4 1 15
E 75 5 1 15
E 75 6 1 15
T 76 4 0 0 0
T 77 1 0 0 0
T 78 4 0 0 0
T 79 10 0 0 0
T 80 8 0 7 1
E 80 0 1 15
E 80 1 1 15
E 80 2 1 15
E 80 3 1 15
E 80 4 1 15
E 80 5 1 15
E 80 6 1 15
T 81 9 0 0 0
T 82 7 0 7 1
E 82 0 1 14
E 82 1 1 14
E 82 2 1 14
E 82 3 1 14
E 82 4 1 14
E 82 5 1 14
E 82 6 1 14
T 83 6 0 0 0
T 84 12 0 0 0
T 85 12 0 0 0
T 86 12 0 0 0
T 87 6 0 7 1
E 87 0 2 20
E 87 1 2 20
E 87 2 2 20
E 87 3 2 20
E 87 4 2 20
E 87 5 2 20
E 87 6 2 20
T 88 2 0 0 0
T 89 1 0 0 0
T 90 6 0 0 0
T 91 1 0 0 0
T 92 4 0 0 0
T 93 8 0 0 0
T 94 8 0 0 0
T 95 6 0 0 0
T 96 6 0 0 0
T 97 11 0 0 0
T 98 8 0 0 0
T 99 6 0 0 0
T 100 4 0 0 0
T 101 1 0 0 0
T 102 0 0 0 0
T 103 1 0 0 0
T 104 0 0 0 0
T 105 3 0 0 0
T 106 6 0 0 0
T 107 5 0 0 0
T 108 4 0 0 0
T 109 2 0 0 0
T 110 5 0 0 0
T 111 8 0 0 0
T 112 4 0 0 0
T 113 0 0 0 0
T 114 2 0 0 0
T 115 0 0 0 0
T 116 3 0 0 0
T 117 9 0 0 0
T 118 9 0 0 0
T 119 9 0 7 1
E 119 0 -1 -16
E 119 1 -1 -16
E 119 2 -1 -16
E 119 3 -1 -16
E 119 4 -1 -16
E 119 5 -1 -16
E 119 6 -1 -16
T 120 6 0 0 0
T 121 6 0 7 1
E 121 0 -1 -13
E 121 1 -1 -13
E 121 2 -1 -13
E 121 3 -1 -13
E 121 4 -1 -13
E 121 5 -1 -13
E 121 6 -1 -13
T 122 9 0 0 0
T 123 11 0 0 0
T 124 4 0 7 1
E 124 0 -2 -18
E 124 1 -2 -18
E 124 2 -2 -18
E 124 3 -2 -18
E 124 4 -2 -18
E 124 5 -2 -18
E 124 6 -2 -18
T 125 4 0 0 0
T 126 7 0 0 0
T 127 8 0 0 0
T 128 4 0 0 0
T 129 4 0 0 0
T 130 7 0 0 0
T 131 5 0 0 0
T 132 7 0 0 0
T 133 11 0 0 0
T 134 9 0 0 0
T 135 7 0 0 0
T 136 7 0 0 0
T 137 5 0 0 0
T 138 7 0 0 0
T 139 12 0 0 0
T 140 10 0 7 1
E 140 0 -1 -17
E 140 1 -1 -17
E 140 2 -1 -17
E 140 3 -1 -17
E 140 4 -1 -17
E 140 5 -1 -17
E 140 6 -1 -17
T 141 10 0 0 0
T 142 10 0 0 0
T 143 8 0 7 1
E 143 0 -1 -15
E 143 1 -1 -15
E 143 2 -1 -15
E 143 3 -1 -15
E 143 4 -1 -15
E 143 5 -1 -15
E 143 6 -1 -15
T 144 11 0 0 0
T 145 8 0 0 0
T 146 8 0 7 1
E 146 0 -1 -15
E 146 1 -1 -15
E 146 2 -1 -15
E 146 3 -1 -15
E 146 4 -1 -15
E 146 5 -1 -15
E 146 6 -1 -15
T 147 7 0 7 1
E 147 0 -1 -14
E 147 1 -1 -14
E 147 2 -1 -14
E 147 3 -1 -14
E 147 4 -1 -14
E 147 5 -1 -14
E 147 6 -1 -14
T 148 12 0 0 0
T 149 8 0 0 0
T 150 3 0 0 0
T 151 3 0 0 0
T 152 8 0 0 0
T 153 11 0 0 0
T 154 7 0 0 0
T 155 10 0 0 0
T 156 4 0 7 1
E 156 0 -2 -18
E 156 1 -2 -18
E 156 2 -2 -18
E 156 3 -2 -18
E 156 4 -2 -18
E 156 5 -2 -18
E 156 6 -2 -18
T 157 5 0 0 0
T 158 7 0 0 0
T 159 7 0 7 1
E 159 0 -1 -14
E 159 1 -1 -14
E 159 2 -1 -14
E 159 3 -1 -14
E 159 4 -1 -14
E 159 5 -1 -14
E 159 6 -1 -14
T 160 5 0 0 0
T 161 10 0 0 0
T 162 5 0 0 0
T 163 6 0 0 0
T 164 11 0 0 0
T 165 10 0 0 0
T 166 7 0 0 0
T 167 7 0 0 0
T 168 8 0 7 1
E 168 0 -1 -15
E 168 1 -1 -15
E 168 2 -1 -15
E 168 3 -1 -15
E 168 4 -1 -15
E 168 5 -1 -15
E 168 6 -1 -15
T 169 5 0 0 0
T 170 3 0 0 0
T 171 0 0 0 0
T 172 3 0 0 0
T 173 7 0 0 0
T 174 6 0 7 1
E 174 0 -1 -13
E 174 1 -1 -13
E 174 2 -1 -13
E 174 3 -1 -13
E 174 4 -1 -13
E 174 5 -1 -13
E 174 6 -1 -13
T 175 8 0 0 0
T 176 7 0 0 0
T 177 11 0 0 0
T 178 5 0 7 1
E 178 0 -2 -19
E 178 1 -2 -19
E 178 2 -2 -19
E 178 3 -2 -19
E 178 4 -2 -19
E 178 5 -2 -19
E 178 6 -2 -19
T 179 5 0 0 0
T 180 10 0 0 0
T 181 10 0 7 1
E 181 0 -1 -17
E 181 1 -1 -17
E 181 2 -1 -17
E 181 3 -1 -17
E 181 4 -1 -17
E 181 5 -1 -17
E 181 6 -1 -17
T 182 6 0 7 1
E 182 0 -1 -13
E 182 1 -1 -13
E 182 2 -1 -13
E 182 3 -1 -13
E 182 4 -1 -13
E 182 5 -1 -13
E 182 6 -1 -13
T 183 4 0 0 0
T 184 12 0 0 0
T 185 6 0 7 1
E 185 0 -1 -13
E 185 1 -1 -13
E 185 2 -1 -13
E 185 3 -1 -13
E 185 4 -1 -13
E 185 5 -1 -13
E 185 6 -1 -13
T 186 6 0 7 1
E 186 0 -1 -13
E 186 1 -1 -13
E 186 2 -1 -13
E 186 3 -1 -13
E 186 4 -1 -13
E 186 5 -1 -13
E 186 6 -1 -13
T 187 8 0 0 0
T 188 9 0 0 0
T 189 9 0 7 1
E 189 0 -1 -16
E 189 1 -1 -16
E 189 2 -1 -16
E 189 3 -1 -16
E 189 4 -1 -16
E 189 5 -1 -16
E 189 6 -1 -16
T 190 12 0 0 0
T 191 4 0 7 1
E 191 0 -2 -18
E 191 1 -2 -18
E 191 2 -2 -18
E 191 3 -2 -18
E 191 4 -2 -18
E 191 5 -2 -18
E 191 6 -2 -18
T 192 9 0 0 0
T 193 11 0 0 0
T 194 9 0 0 0
T 195 7 0 0 0
T 196 11 0 0 0
T 197 7 0 7 1
E 197 0 -1 -14
E 197 1 -1 -14
E 197 2 -1 -14
E 197 3 -1 -14
E 197 4 -1 -14
E 197 5 -1 -14
E 197 6 -1 -14
T 198 7 0 7 1
E 198 0 -1 -14
E 198 1 -1 -14
E 198 2 -1 -14
E 198 3 -1 -14
E 198 4 -1 -14
E 198 5 -1 -14
E 198 6 -1 -14
T 199 7 0 0 0
T 200 12 0 0 0
T 201 6 0 7 1
E 201 0 -2 -20
E 201 1 -2 -20
E 201 2 -2 -20
E 201 3 -2 -20
E 201 4 -2 -20
E 201 5 -2 -20
E 201 6 -2 -20
T 202 7 0 0 0
T 203 5 0 0 0
T 204 7 0 0 0
T 205 7 0 7 1
E 205 0 -1 -14
E 205 1 -1 -14
E 205 2 -1 -14
E 205 3 -1 -14
E 205 4 -1 -14
E 205 5 -1 -14
E 205 6 -1 -14
T 206 7 0 7 1
E 206 0 -1 -14
E 206 1 -1 -14
E 206 2 -1 -14
E 206 3 -1 -14
E 206 4 -1 -14
E 206 5 -1 -14
E 206 6 -1 -14
T 207 9 0 0 0
T 208 10 0 7 1
E 208 0 -1 -17
E 208 1 -1 -17
E 208 2 -1 -17
E 208 3 -1 -17
E 208 4 -1 -17
E 208 5 -1 -17
E 208 6 -1 -17
T 209 4 0 7 1
E 209 0 -2 -18
E 209 1 -2 -18
E 209 2 -2 -18
E 209 3 -2 -18
E 209 4 -2 -18
E 209 5 -2 -18
E 209 6 -2 -18
T 210 2 0 0 0
T 211 8 0 0 0
T 212 10 0 0 0
T 213 8 0 0 0
T 214 6 0 0 0
T 215 12 0 0 0
T 216 4 0 7 1
E 216 0 -2 -18
E 216 1 -2 -18
E 216 2 -2 -18
E 216 3 -2 -18
E 216 4 -2 -18
E 216 5 -2 -18
E 216 6 -2 -18
T 217 3 0 0 0
T 218 1 0 0 0
T 219 1 0 0 0
T 220 8 0 0 0
T 221 11 0 0 0
T 222 8 0 0 0
T 223 9 0 7 1
E 223 0 -1 -16
E 223 1 -1 -16
E 223 2 -1 -16
E 223 3 -1 -16
E 223 4 -1 -16
E 223 5 -1 -16
E 223 6 -1 -16
T 224 9 0 7 1
E 224 0 -1 -16
E 224 1 -1 -16
E 224 2 -1 -16
E 224 3 -1 -16
E 224 4 -1 -16
E 224 5 -1 -16
E 224 6 -1 -16
T 225 12 0 0 0
T 226 9 0 0 0
T 227 7 0 0 0
T 228 4 0 0 0
T 229 8 0 0 0
T 230 8 0 0 0
T 231 8 0 7 1
E 231 0 -1 -15
E 231 1 -1 -15
E 231 2 -1 -15
E 231 3 -1 -15
E 231 4 -1 -15
E 231 5 -1 -15
E 231 6 -1 -15
T 232 7 0 7 1
E 232 0 -1 -14
E 232 1 -1 -14
E 232 2 -1 -14
E 232 3 -1 -14
E 232 4 -1 -14
E 232 5 -1 -14
E 232 6 -1 -14
T 233 7 0 0 0
T 234 4 0 0 0
T 235 1 0 0 0
T 236 7 0 0 0
T 237 4 0 0 0
T 238 12 0 0 0
T 239 5 0 7 1
E 239 0 -2 -19
E 239 1 -2 -19
E 239 2 -2 -19
E 239 3 -2 -19
E 239 4 -2 -19
E 239 5 -2 -19
E 239 6 -2 -19
T 240 13 0 7 1
E 240 0 4 41
E 240 1 4 41
E 240 2 4 41
E 240 3 4 41
E 240 4 4 41
E 240 5 4 41
E 240 6 4 41
T 241 10 0 0 0
T 242 9 0 7 1
E 242 0 1 16
E 242 1 1 16
E 242 2 1 16
E 242 3 1 16
E 242 4 1 16
E 242 5 1 16
E 242 6 1 16
T 243 9 0 7 1
E 243 0 1 16
E 243 1 1 16
E 243 2 1 16
E 243 3 1 16
E 243 4 1 16
E 243 5 1 16
E 243 6 1 16
T 244 8 0 0 0
T 245 10 0 0 0
T 246 7 0 7 1
E 246 0 1 14
E 246 1 1 14
E 246 2 1 14
E 246 3 1 14
E 246 4 1 14
E 246 5 1 14
E 246 6 1 14
T 247 3 0 0 0
T 248 10 0 0 0
T 249 6 0 0 0
T 250 8 0 0 0
T 251 5 0 0 0
T 252 11 0 0 0
T 253 11 0 0 0
T 254 4 0 7 1
E 254 0 2 18
E 254 1 2 18
E 254 2 2 18
E 254 3 2 18
E 254 4 2 18
E 254 5 2 18
E 254 6 2 18
T 255 10 0 0 0
T 256 9 0 7 1
E 256 0 1 16
E 256 1 1 16
E 256 2 1 16
E 256 3 1 16
E 256 4 1 16
E 256 5 1 16
E 256 6 1 16
T 257 7 0 0 0
T 258 7 0 0 0
T 259 11 0 0 0
T 260 5 0 7 1
E 260 0 2 19
E 260 1 2 19
E 260 2 2 19
E 260 3 2 19
E 260 4 2 19
E 260 5 2 19
E 260 6 2 19
T 261 2 0 0 0
T 262 7 0 0 0
T 263 11 0 0 0
T 264 10 0 7 1
E 264 0 1 17
E 264 1 1 17
E 264 2 1 17
E 264 3 1 17
E 264 4 1 17
E 264 5 1 17
E 264 6 1 17
T 265 9 0 0 0
T 266 5 0 0 0
T 267 1 0 0 0
T 268 0 0 0 0
T 269 2 0 0 0
T 270 2 0 0 0
T 271 8 0 0 0
T 272 11 0 0 0
T 273 6 0 7 1
E 273 0 1 13
E 273 1 1 13
E 273 2 1 13
E 273 3 1 13
E 273 4 1 13
E 273 5 1 13
E 273 6 1 13
T 274 5 0 0 0
T 275 4 0 0 0
T 276 8 0 0 0
T 277 8 0 0 0
T 278 6 0 7 1
E 278 0 1 13
E 278 1 1 13
E 278 2 1 13
E 278 3 1 13
E 278 4 1 13
E 278 5 1 13
E 278 6 1 13
T 279 6 0 7 1
E 279 0 1 13
E 279 1 1 13
E 279 2 1 13
E 279 3 1 13
E 279 4 1 13
E 279 5 1 13
E 279 6 1 13
T 280 9 0 0 0
T 281 7 0 0 0
T 282 9 0 0 0
T 283 10 0 0 0
T 284 9 0 0 0
T 285 7 0 0 0
T 286 7 0 0 0
T 287 8 0 7 1
E 287 0 1 15
E 287 1 1 15
E 287 2 1 15
E 287 3 1 15
E 287 4 1 15
E 287 5 1 15
E 287 6 1 15
T 288 7 0 7 1
E 288 0 1 14
E 288 1 1 14
E 288 2 1 14
E 288 3 1 14
E 288 4 1 14
E 288 5 1 14
E 288 6 1 14
T 289 3 0 0 0
T 290 1 0 0 0
T 291 4 0 0 0
T 292 2 0 0 0
T 293 1 0 0 0
T 294 1 0 0 0
T 295 2 0 0 0
T 296 7 0 0 0
T 297 0 0 0 0
T 298 7 0 0 0
T 299 5 0 0 0
T 300 7 0 0 0
T 301 3 0 0 0
T 302 2 0 0 0
T 303 2 0 0 0
T 304 0 0 0 0
T 305 2 0 0 0
T 306 1 0 0 0
T 307 5 0 0 0
T 308 6 0 0 0
T 309 6 0 0 0
T 310 2 0 0 0
T 311 4 0 0 0
T 312 4 0 0 0
T 313 6 0 0 0
T 314 7 0 0 0
T 315 5 0 0 0
T 316 2 0 0 0
T 317 8 0 0 0
T 318 3 0 0 0
T 319 5 0 0 0
T 320 10 0 0 0
T 321 6 0 7 1
E 321 0 1 13
E 321 1 1 13
E 321 2 1 13
E 321 3 1 13
E 321 4 1 13
E 321 5 1 13
E 321 6 1 13
T 322 9 0 0 0
T 323 9 0 0 0
T 324 6 0 0 0
T 325 2 0 0 0
T 326 2 0 0 0
T 327 1 0 0 0
T 328 4 0 0 0
T 329 2 0 0 0
T 330 1 0 0 0
T 331 6 0 0 0
T 332 7 0 0 0
T 333 6 0 0 0
T 334 4 0 0 0
T 335 0 0 0 0
T 336 4 0 0 0
T 337 0 0 0 0
T 338 3 0 0 0
T 339 3 0 0 0
T 340 3 0 0 0
T 341 5 0 0 0
T 342 3 0 0 0
T 343 5 0 0 0
T 344 10 0 0 0
T 345 5 0 0 0
T 346 0 0 0 0
T 347 4 0 0 0
T 348 3 0 0 0
T 349 3 0 0 0
T 350 10 0 0 0
T 351 10 0 7 1
E 351 0 -1 -17
E 351 1 -1 -17
E 351 2 -1 -17
E 351 3 -1 -17
E 351 4 -1 -17
E 351 5 -1 -17
E 351 6 -1 -17
T 352 5 0 0 0
T 353 11 0 0 0
T 354 11 0 0 0
T 355 9 0 7 1
E 355 0 -1 -16
E 355 1 -1 -16
E 355 2 -1 -16
E 355 3 -1 -16
E 355 4 -1 -16
E 355 5 -1 -16
E 355 6 -1 -16
T 356 9 0 0 0
T 357 6 0 0 0
T 358 1 0 0 0
T 359 8 0 0 0
T 360 12 0 0 0
T 361 9 0 7 1
E 361 0 -1 -16
E 361 1 -1 -16
E 361 2 -1 -16
E 361 3 -1 -16
E 361 4 -1 -16
E 361 5 -1 -16
E 361 6 -1 -16
T 362 9 0 0 0
T 363 10 0 0 0
T 364 8 0 0 0
T 365 4 0 0 0
T 366 7 0 0 0
T 367 10 0 0 0
T 368 7 0 7 1
E 368 0 -1 -14
E 368 1 -1 -14
E 368 2 -1 -14
E 368 3 -1 -14
E 368 4 -1 -14
E 368 5 -1 -14
E 368 6 -1 -14
T 369 11 0 0 0
T 370 9 0 7 1
E 370 0 -1 -16
E 370 1 -1 -16
E 370 2 -1 -16
E 370 3 -1 -16
E 370 4 -1 -16
E 370 5 -1 -16
E 370 6 -1 -16
T 371 6 0 7 1
E 371 0 -1 -13
E 371 1 -1 -13
E 371 2 -1 -13
E 371 3 -1 -13
E 371 4 -1 -13
E 371 5 -1 -13
E 371 6 -1 -13
T 372 10 0 0 0
T 373 11 0 0 0
T 374 12 0 0 0
T 375 6 0 7 1
E 375 0 -1 -13
E 375 1 -1 -13
E 375 2 -1 -13
E 375 3 -1 -13
E 375 4 -1 -13
E 375 5 -1 -13
E 375 6 -1 -13
T 376 7 0 0 0
T 377 9 0 0 0
T 378 7 0 7 1
E 378 0 -1 -14
E 378 1 -1 -14
E 378 2 -1 -14
E 378 3 -1 -14
E 378 4 -1 -14
E 378 5 -1 -14
E 378 6 -1 -14
T 379 2 0 0 0
T 380 3 0 0 0
T 381 2 0 0 0
T 382 1 0 0 0
T 383 4 0 0 0
T 384 6 0 0 0
T 385 10 0 0 0
T 386 7 0 7 1
E 386 0 -1 -14
E 386 1 -1 -14
E 386 2 -1 -14
E 386 3 -1 -14
E 386 4 -1 -14
E 386 5 -1 -14
E 386 6 -1 -14
T 387 7 0 0 0
T 388 8 0 7 1
E 388 0 -1 -15
E 388 1 -1 -15
E 388 2 -1 -15
E 388 3 -1 -15
E 388 4 -1 -15
E 388 5 -1 -15
E 388 6 -1 -15
T 389 12 0 0 0
T 390 10 0 0 0
T 391 10 0 7 1
E 391 0 -1 -17
E 391 1 -1 -17
E 391 2 -1 -17
E 391 3 -1 -17
E 391 4 -1 -17
E 391 5 -1 -17
E 391 6 -1 -17
T 392 7 0 0 0
T 393 3 0 0 0
T 394 5 0 0 0
T 395 2 0 0 0
T 396 8 0 0 0
T 397 4 0 0 0
T 398 2 0 0 0
T 399 7 0 0 0
T 400 9 0 0 0
T 401 11 0 0 0
T 402 9 0 7 1
E 402 0 -1 -16
E 402 1 -1 -16
E 402 2 -1 -16
E 402 3 -1 -16
E 402 4 -1 -16
E 402 5 -1 -16
E 402 6 -1 -16
T 403 9 0 0 0
T 404 10 0 7 1
E 404 0 -1 -17
E 404 1 -1 -17
E 404 2 -1 -17
E 404 3 -1 -17
E 404 4 -1 -17
E 404 5 -1 -17
E 404 6 -1 -17
T 405 8 0 7 1
E 405 0 -1 -15
E 405 1 -1 -15
E 405 2 -1 -15
E 405 3 -1 -15
E 405 4 -1 -15
E 405 5 -1 -15
E 405 6 -1 -15
T 406 8 0 7 1
E 406 0 -1 -15
E 406 1 -1 -15
E 406 2 -1 -15
E 406 3 -1 -15
E 406 4 -1 -15
E 406 5 -1 -15
E 406 6 -1 -15
T 407 12 0 0 0
T 408 4 0 7 1
E 408 0 -2 -18
E 408 1 -2 -18
E 408 2 -2 -18
E 408 3 -2 -18
E 408 4 -2 -18
E 408 5 -2 -18
E 408 6 -2 -18
T 409 10 0 0 0
T 410 9 0 7 1
E 410 0 -1 -16
E 410 1 -1 -16
E 410 2 -1 -16
E 410 3 -1 -16
E 410 4 -1 -16
E 410 5 -1 -16
E 410 6 -1 -16
T 411 5 0 0 0
T 412 1 0 0 0
T 413 8 0 0 0
T 414 8 0 0 0
T 415 12 0 0 0
T 416 7 0 7 1
E 416 0 -1 -14
E 416 1 -1 -14
E 416 2 -1 -14
E 416 3 -1 -14
E 416 4 -1 -14
E 416 5 -1 -14
E 416 6 -1 -14
T 417 11 0 0 0
T 418 8 0 0 0
T 419 7 0 0 0
T 420 6 0 0 0
T 421 7 0 7 1
E 421 0 -1 -14
E 421 1 -1 -14
E 421 2 -1 -14
E 421 3 -1 -14
E 421 4 -1 -14
E 421 5 -1 -14
E 421 6 -1 -14
T 422 7 0 0 0
T 423 6 0 0 0
T 424 4 0 0 0
T 425 11 0 0 0
T 426 8 0 0 0
T 427 9 0 0 0
T 428 9 0 7 1
E 428 0 -1 -16
E 428 1 -1 -16
E 428 2 -1 -16
E 428 3 -1 -16
E 428 4 -1 -16
E 428 5 -1 -16
E 428 6 -1 -16
T 429 7 0 7 1
E 429 0 -1 -14
E 429 1 -1 -14
E 429 2 -1 -14
E 429 3 -1 -14
E 429 4 -1 -14
E 429 5 -1 -14
E 429 6 -1 -14
T 430 6 0 7 1
E 430 0 -1 -13
E 430 1 -1 -13
E 430 2 -1 -13
E 430 3 -1 -13
E 430 4 -1 -13
E 430 5 -1 -13
E 430 6 -1 -13
T 431 8 0 0 0
T 432 3 0 0 0
T 433 5 0 0 0
T 434 3 0 0 0
T 435 7 0 0 0
T 436 9 0 0 0
T 437 12 0 0 0
T 438 5 0 7 1
E 438 0 -2 -19
E 438 1 -2 -19
E 438 2 -2 -19
E 438 3 -2 -19
E 438 4 -2 -19
E 438 5 -2 -19
E 438 6 -2 -19
T 439 5 0 0 0
T 440 8 0 0 0
T 441 8 0 0 0
T 442 8 0 0 0
T 443 6 0 0 0
T 444 7 0 0 0
T 445 8 0 0 0
T 446 7 0 7 1
E 446 0 -1 -14
E 446 1 -1 -14
E 446 2 -1 -14
E 446 3 -1 -14
E 446 4 -1 -14
E 446 5 -1 -14
E 446 6 -1 -14
T 447 7 0 7 1
E 447 0 -1 -14
E 447 1 -1 -14
E 447 2 -1 -14
E 447 3 -1 -14
E 447 4 -1 -14
E 447 5 -1 -14
E 447 6 -1 -14
T 448 6 0 0 0
T 449 12 0 0 0
T 450 4 0 7 1
E 450 0 -2 -18
E 450 1 -2 -18
E 450 2 -2 -18
E 450 3 -2 -18
E 450 4 -2 -18
E 450 5 -2 -18
E 450 6 -2 -18
T 451 3 0 0 0
T 452 3 0 0 0
T 453 7 0 0 0
T 454 3 0 0 0
T 455 2 0 0 0
T 456 1 0 0 0
T 457 5 0 0 0
T 458 12 0 0 0
T 459 8 0 0 0
T 460 9 0 0 0
T 461 7 0 7 1
E 461 0 -1 -14
E 461 1 -1 -14
E 461 2 -1 -14
E 461 3 -1 -14
E 461 4 -1 -14
E 461 5 -1 -14
E 461 6 -1 -14
T 462 6 0 0 0
T 463 5 0 0 0
T 464 9 0 0 0
T 465 9 0 7 1
E 465 0 -1 -16
E 465 1 -1 -16
E 465 2 -1 -16
E 465 3 -1 -16
E 465 4 -1 -16
E 465 5 -1 -16
E 465 6 -1 -16
T 466 6 0 7 1
E 466 0 -1 -13
E 466 1 -1 -13
E 466 2 -1 -13
E 466 3 -1 -13
E 466 4 -1 -13
E 466 5 -1 -13
E 466 6 -1 -13
T 467 4 0 0 0
T 468 7 0 0 0
T 469 9 0 0 0
T 470 9 0 7 1
E 470 0 -1 -16
E 470 1 -1 -16
E 470 2 -1 -16
E 470 3 -1 -16
E 470 4 -1 -16
E 470 5 -1 -16
E 470 6 -1 -16
T 471 8 0 0 0
T 472 12 0 0 0
T 473 10 0 0 0
T 474 12 0 0 0
T 475 11 0 0 0
T 476 5 0 7 1
E 476 0 -2 -19
E 476 1 -2 -19
E 476 2 -2 -19
E 476 3 -2 -19
E 476 4 -2 -19
E 476 5 -2 -19
E 476 6 -2 -19
T 477 7 0 0 0
T 478 3 0 0 0
T 479 1 0 0 0
T 480 16 0 7 1
E 480 0 5 51
E 480 1 5 51
E 480 2 5 51
E 480 3 5 51
E 480 4 5 51
E 480 5 5 51
E 480 6 5 51
T 481 9 0 7 1
E 481 0 1 16
E 481 1 1 16
E 481 2 1 16
E 481 3 1 16
E 481 4 1 16
E 481 5 1 16
E 481 6 1 16
T 482 10 0 7 1
E 482 0 1 17
E 482 1 1 17
E 482 2 1 17
E 482 3 1 17
E 482 4 1 17
E 482 5 1 17
E 482 6 1 17
T 483 9 0 7 1
E 483 0 1 16
E 483 1 1 16
E 483 2 1 16
E 483 3 1 16
E 483 4 1 16
E 483 5 1 16
E 483 6 1 16
T 484 9 0 0 0
T 485 9 0 7 1
E 485 0 1 16
E 485 1 1 16
E 485 2 1 16
E 485 3 1 16
E 485 4 1 16
E 485 5 1 16
E 485 6 1 16
T 486 10 0 0 0
T 487 9 0 7 1
E 487 0 1 16
E 487 1 1 16
E 487 2 1 16
E 487 3 1 16
E 487 4 1 16
E 487 5 1 16
E 487 6 1 16
T 488 7 0 0 0
T 489 7 0 7 1
E 489 0 1 14
E 489 1 1 14
E 489 2 1 14
E 489 3 1 14
E 489 4 1 14
E 489 5 1 14
E 489 6 1 14
T 490 9 0 0 0
T 491 7 0 0 0
T 492 7 0 0 0
T 493 4 0 0 0
T 494 11 0 0 0
T 495 8 0 7 1
E 495 0 1 15
E 495 1 1 15
E 495 2 1 15
E 495 3 1 15
E 495 4 1 15
E 495 5 1 15
E 495 6 1 15
T 496 7 0 0 0
T 497 4 0 0 0
T 498 6 0 0 0
T 499 6 0 7 1
E 499 0 1 13
E 499 1 1 13
E 499 2 1 13
E 499 3 1 13
E 499 4 1 13
E 499 5 1 13
E 499 6 1 13
T 500 11 0 0 0
T 501 8 0 7 1
E 501 0 1 15
E 501 1 1 15
E 501 2 1 15
E 501 3 1 15
E 501 4 1 15
E 501 5 1 15
E 501 6 1 15
T 502 9 0 0 0
T 503 7 0 0 0
T 504 7 0 7 1
E 504 0 1 14
E 504 1 1 14
E 504 2 1 14
E 504 3 1 14
E 504 4 1 14
E 504 5 1 14
E 504 6 1 14
T 505 6 0 0 0
T 506 12 0 0 0
T 507 10 0 7 1
E 507 0 1 17
E 507 1 1 17
E 507 2 1 17
E 507 3 1 17
E 507 4 1 17
E 507 5 1 17
E 507 6 1 17
T 508 8 0 0 0
T 509 6 0 0 0
T 510 7 0 7 1
E 510 0 1 14
E 510 1 1 14
E 510 2 1 14
E 510 3 1 14
E 510 4 1 14
E 510 5 1 14
E 510 6 1 14
T 511 3 0 0 0
T 512 1 0 0 0
T 513 4 0 0 0
T 514 10 0 0 0
T 515 6 0 7 1
E 515 0 1 13
E 515 1 1 13
E 515 2 1 13
E 515 3 1 13
E 515 4 1 13
E 515 5 1 13
E 515 6 1 13
T 516 9 0 0 0
T 517 11 0 0 0
T 518 11 0 0 0
T 519 12 0 0 0
T 520 10 0 7 1
E 520 0 1 17
E 520 1 1 17
E 520 2 1 17
E 520 3 1 17
E 520 4 1 17
E 520 5 1 17
E 520 6 1 17
T 521 9 0 7 1
E 521 0 1 16
E 521 1 1 16
E 521 2 1 16
E 521 3 1 16
E 521 4 1 16
E 521 5 1 16
E 521 6 1 16
T 522 7 0 0 0
T 523 7 0 7 1
E 523 0 1 14
E 523 1 1 14
E 523 2 1 14
E 523 3 1 14
E 523 4 1 14
E 523 5 1 14
E 523 6 1 14
T 524 11 0 0 0
T 525 7 0 0 0
T 526 7 0 7 1
E 526 0 1 14
E 526 1 1 14
E 526 2 1 14
E 526 3 1 14
E 526 4 1 14
E 526 5 1 14
E 526 6 1 14
T 527 8 0 7 1
E 527 0 1 15
E 527 1 1 15
E 527 2 1 15
E 527 3 1 15
E 527 4 1 15
E 527 5 1 15
E 527 6 1 15
T 528 6 0 7 1
E 528 0 1 13
E 528 1 1 13
E 528 2 1 13
E 528 3 1 13
E 528 4 1 13
E 528 5 1 13
E 528 6 1 13
T 529 2 0 0 0
T 530 1 0 0 0
T 531 2 0 0 0
T 532 7 0 0 0
T 533 12 0 0 0
T 534 5 0 7 1
E 534 0 2 19
E 534 1 2 19
E 534 2 2 19
E 534 3 2 19
E 534 4 2 19
E 534 5 2 19
E 534 6 2 19
T 535 5 0 0 0
T 536 0 0 0 0
T 537 1 0 0 0
T 538 1 0 0 0
T 539 3 0 0 0
T 540 5 0 0 0
T 541 6 0 0 0
T 542 7 0 7 1
E 542 0 1 14
E 542 1 1 14
E 542 2 1 14
E 542 3 1 14
E 542 4 1 14
E 542 5 1 14
E 542 6 1 14
T 543 7 0 7 1
E 543 0 1 14
E 543 1 1 14
E 543 2 1 14
E 543 3 1 14
E 543 4 1 14
E 543 5 1 14
E 543 6 1 14
T 544 6 0 7 1
E 544 0 1 13
E 544 1 1 13
E 544 2 1 13
E 544 3 1 13
E 544 4 1 13
E 544 5 1 13
E 544 6 1 13
T 545 3 0 0 0
T 546 9 0 0 0
T 547 6 0 0 0
T 548 10 0 0 0
T 549 11 0 0 0
T 550 10 0 7 1
E 550 0 1 17
E 550 1 1 17
E 550 2 1 17
E 550 3 1 17
E 550 4 1 17
E 550 5 1 17
E 550 6 1 17
T 551 8 0 0 0
T 552 8 0 0 0
T 553 10 0 0 0
T 554 9 0 0 0
T 555 6 0 0 0
T 556 11 0 0 0
T 557 6 0 7 1
E 557 0 1 13
E 557 1 1 13
E 557 2 1 13
E 557 3 1 13
E 557 4 1 13
E 557 5 1 13
E 557 6 1 13
T 558 7 0 0 0
T 559 9 0 0 0
T 560 11 0 0 0
T 561 9 0 0 0
T 562 10 0 7 1
E 562 0 1 17
E 562 1 1 17
E 562 2 1 17
E 562 3 1 17
E 562 4 1 17
E 562 5 1 17
E 562 6 1 17
T 563 12 0 0 0
T 564 5 0 7 1
E 564 0 2 19
E 564 1 2 19
E 564 2 2 19
E 564 3 2 19
E 564 4 2 19
E 564 5 2 19
E 564 6 2 19
T 565 10 0 0 0
T 566 12 0 0 0
T 567 10 0 0 0
T 568 7 0 0 0
T 569 9 0 0 0
T 570 5 0 0 0
T 571 11 0 0 0
T 572 6 0 7 1
E 572 0 1 13
E 572 1 1 13
E 572 2 1 13
E 572 3 1 13
E 572 4 1 13
E 572 5 1 13
E 572 6 1 13
T 573 10 0 0 0
T 574 8 0 7 1
E 574 0 1 15
E 574 1 1 15
E 574 2 1 15
E 574 3 1 15
E 574 4 1 15
E 574 5 1 15
E 574 6 1 15
T 575 11 0 0 0
T 576 4 0 7 1
E 576 0 2 18
E 576 1 2 18
E 576 2 2 18
E 576 3 2 18
E 576 4 2 18
E 576 5 2 18
E 576 6 2 18
T 577 0 0 0 0
T 578 3 0 0 0
T 579 7 0 0 0
T 580 1 0 0 0
T 581 5 0 0 0
T 582 4 0 0 0
T 583 4 0 0 0
T 584 0 0 0 0
T 585 3 0 0 0
T 586 8 0 0 0
T 587 8 0 0 0
T 588 11 0 0 0
T 589 10 0 0 0
T 590 10 0 0 0
T 591 9 0 7 1
E 591 0 -1 -16
E 591 1 -1 -16
E 591 2 -1 -16
E 591 3 -1 -16
E 591 4 -1 -16
E 591 5 -1 -16
E 591 6 -1 -16
T 592 6 0 0 0
T 593 5 0 0 0
T 594 1 0 0 0
T 595 8 0 0 0
T 596 8 0 7 1
E 596 0 -1 -15
E 596 1 -1 -15
E 596 2 -1 -15
E 596 3 -1 -15
E 596 4 -1 -15
E 596 5 -1 -15
E 596 6 -1 -15
T 597 7 0 0 0
T 598 7 0 0 0
T 599 5 0 0 0
T 600 3 0 0 0
T 601 7 0 0 0
T 602 5 0 0 0
T 603 2 0 0 0
T 604 8 0 0 0
T 605 5 0 0 0
T 606 8 0 0 0
T 607 6 0 0 0
T 608 5 0 0 0
T 609 11 0 0 0
T 610 10 0 7 1
E 610 0 -1 -17
E 610 1 -1 -17
E 610 2 -1 -17
E 610 3 -1 -17
E 610 4 -1 -17
E 610 5 -1 -17
E 610 6 -1 -17
T 611 6 0 7 1
E 611 0 -1 -13
E 611 1 -1 -13
E 611 2 -1 -13
E 611 3 -1 -13
E 611 4 -1 -13
E 611 5 -1 -13
E 611 6 -1 -13
T 612 4 0 0 0
T 613 7 0 0 0
T 614 10 0 0 0
T 615 10 0 0 0
T 616 9 0 7 1
E 616 0 -1 -16
E 616 1 -1 -16
E 616 2 -1 -16
E 616 3 -1 -16
E 616 4 -1 -16
E 616 5 -1 -16
E 616 6 -1 -16
T 617 6 0 7 1
E 617 0 -1 -13
E 617 1 -1 -13
E 617 2 -1 -13
E 617 3 -1 -13
E 617 4 -1 -13
E 617 5 -1 -13
E 617 6 -1 -13
T 618 3 0 0 0
T 619 5 0 0 0
T 620 6 0 0 0
T 621 10 0 0 0
T 622 12 0 0 0
T 623 7 0 0 0
T 624 3 0 0 0
T 625 10 0 0 0
T 626 7 0 7 1
E 626 0 -1 -14
E 626 1 -1 -14
E 626 2 -1 -14
E 626 3 -1 -14
E 626 4 -1 -14
E 626 5 -1 -14
E 626 6 -1 -14
T 627 3 0 0 0
T 628 5 0 0 0
T 629 5 0 0 0
T 630 2 0 0 0
T 631 6 0 0 0
T 632 12 0 0 0
T 633 7 0 7 1
E 633 0 -1 -14
E 633 1 -1 -14
E 633 2 -1 -14
E 633 3 -1 -14
E 633 4 -1 -14
E 633 5 -1 -14
E 633 6 -1 -14
T 634 8 0 7 1
E 634 0 -1 -15
E 634 1 -1 -15
E 634 2 -1 -15
E 634 3 -1 -15
E 634 4 -1 -15
E 634 5 -1 -15
E 634 6 -1 -15
T 635 5 0 0 0
T 636 9 0 0 0
T 637 12 0 0 0
T 638 9 0 7 1
E 638 0 -1 -16
E 638 1 -1 -16
E 638 2 -1 -16
E 638 3 -1 -16
E 638 4 -1 -16
E 638 5 -1 -16
E 638 6 -1 -16
T 639 11 0 0 0
T 640 12 0 0 0
T 641 10 0 0 0
T 642 10 0 7 1
E 642 0 -1 -17
E 642 1 -1 -17
E 642 2 -1 -17
E 642 3 -1 -17
E 642 4 -1 -17
E 642 5 -1 -17
E 642 6 -1 -17
T 643 9 0 7 1
E 643 0 -1 -16
E 643 1 -1 -16
E 643 2 -1 -16
E 643 3 -1 -16
E 643 4 -1 -16
E 643 5 -1 -16
E 643 6 -1 -16
T 644 8 0 7 1
E 644 0 -1 -15
E 644 1 -1 -15
E 644 2 -1 -15
E 644 3 -1 -15
E 644 4 -1 -15
E 644 5 -1 -15
E 644 6 -1 -15
T 645 3 0 0 0
T 646 1 0 0 0
T 647 4 0 0 0
T 648 5 0 0 0
T 649 3 0 0 0
T 650 6 0 0 0
T 651 6 0 0 0
T 652 11 0 0 0
T 653 6 0 7 1
E 653 0 -1 -13
E 653 1 -1 -13
E 653 2 -1 -13
E 653 3 -1 -13
E 653 4 -1 -13
E 653 5 -1 -13
E 653 6 -1 -13
T 654 3 0 0 0
T 655 1 0 0 0
T 656 8 0 0 0
T 657 6 0 0 0
T 658 7 0 7 1
E 658 0 -1 -14
E 658 1 -1 -14
E 658 2 -1 -14
E 658 3 -1 -14
E 658 4 -1 -14
E 658 5 -1 -14
E 658 6 -1 -14
T 659 8 0 7 1
E 659 0 -1 -15
E 659 1 -1 -15
E 659 2 -1 -15
E 659 3 -1 -15
E 659 4 -1 -15
E 659 5 -1 -15
E 659 6 -1 -15
T 660 7 0 0 0
T 661 7 0 0 0
T 662 4 0 0 0
T 663 11 0 0 0
T 664 9 0 7 1
E 664 0 -1 -16
E 664 1 -1 -16
E 664 2 -1 -16
E 664 3 -1 -16
E 664 4 -1 -16
E 664 5 -1 -16
E 664 6 -1 -16
T 665 11 0 0 0
T 666 10 0 0 0
T 667 11 0 0 0
T 668 9 0 0 0
T 669 8 0 7 1
E 669 0 -1 -15
E 669 1 -1 -15
E 669 2 -1 -15
E 669 3 -1 -15
E 669 4 -1 -15
E 669 5 -1 -15
E 669 6 -1 -15
T 670 10 0 0 0
T 671 8 0 0 0
T 672 4 0 0 0
T 673 9 0 0 0
T 674 8 0 0 0
T 675 4 0 0 0
T 676 9 0 0 0
T 677 11 0 0 0
T 678 10 0 7 1
E 678 0 -1 -17
E 678 1 -1 -17
E 678 2 -1 -17
E 678 3 -1 -17
E 678 4 -1 -17
E 678 5 -1 -17
E 678 6 -1 -17
T 679 6 0 7 1
E 679 0 -1 -13
E 679 1 -1 -13
E 679 2 -1 -13
E 679 3 -1 -13
E 679 4 -1 -13
E 679 5 -1 -13
E 679 6 -1 -13
T 680 12 0 0 0
T 681 11 0 0 0
T 682 8 0 7 1
E 682 0 -1 -15
E 682 1 -1 -15
E 682 2 -1 -15
E 682 3 -1 -15
E 682 4 -1 -15
E 682 5 -1 -15
E 682 6 -1 -15
T 683 12 0 0 0
T 684 7 0 7 1
E 684 0 -1 -14
E 684 1 -1 -14
E 684 2 -1 -14
E 684 3 -1 -14
E 684 4 -1 -14
E 684 5 -1 -14
E 684 6 -1 -14
T 685 12 0 0 0
T 686 7 0 7 1
E 686 0 -1 -14
E 686 1 -1 -14
E 686 2 -1 -14
E 686 3 -1 -14
E 686 4 -1 -14
E 686 5 -1 -14
E 686 6 -1 -14
T 687 5 0 0 0
T 688 6 0 7 1
E 688 0 -1 -13
E 688 1 -1 -13
E 688 2 -1 -13
E 688 3 -1 -13
E 688 4 -1 -13
E 688 5 -1 -13
E 688 6 -1 -13
T 689 6 0 7 1
E 689 0 -1 -13
E 689 1 -1 -13
E 689 2 -1 -13
E 689 3 -1 -13
E 689 4 -1 -13
E 689 5 -1 -13
E 689 6 -1 -13
T 690 6 0 7 1
E 690 0 -1 -13
E 690 1 -1 -13
E 690 2 -1 -13
E 690 3 -1 -13
E 690 4 -1 -13
E 690 5 -1 -13
E 690 6 -1 -13
T 691 2 0 0 0
T 692 5 0 0 0
T 693 10 0 0 0
T 694 6 0 7 1
E 694 0 -1 -13
E 694 1 -1 -13
E 694 2 -1 -13
E 694 3 -1 -13
E 694 4 -1 -13
E 694 5 -1 -13
E 694 6 -1 -13
T 695 4 0 0 0
T 696 1 0 0 0
T 697 6 0 0 0
T 698 2 0 0 0
T 699 7 0 0 0
T 700 11 0 0 0
T 701 5 0 7 1
E 701 0 -2 -19
E 701 1 -2 -19
E 701 2 -2 -19
E 701 3 -2 -19
E 701 4 -2 -19
E 701 5 -2 -19
E 701 6 -2 -19
T 702 5 0 0 0
T 703 2 0 0 0
T 704 2 0 0 0
T 705 6 0 0 0
T 706 2 0 0 0
T 707 8 0 0 0
T 708 9 0 0 0
T 709 5 0 0 0
T 710 3 0 0 0
T 711 9 0 0 0
T 712 4 0 0 0
T 713 0 0 0 0
T 714 7 0 0 0
T 715 2 0 0 0
T 716 1 0 0 0
T 717 5 0 0 0
T 718 6 0 0 0
T 719 1 0 0 0
T 720 12 0 7 1
E 720 0 5 47
E 720 1 5 47
E 720 2 5 47
E 720 3 5 47
E 720 4 5 47
E 720 5 5 47
E 720 6 5 47
T 721 9 0 7 1
E 721 0 1 16
E 721 1 1 16
E 721 2 1 16
E 721 3 1 16
E 721 4 1 16
E 721 5 1 16
E 721 6 1 16
T 722 6 0 7 1
E 722 0 1 13
E 722 1 1 13
E 722 2 1 13
E 722 3 1 13
E 722 4 1 13
E 722 5 1 13
E 722 6 1 13
T 723 10 0 0 0
T 724 7 0 7 1
E 724 0 1 14
E 724 1 1 14
E 724 2 1 14
E 724 3 1 14
E 724 4 1 14
E 724 5 1 14
E 724 6 1 14
T 725 7 0 0 0
T 726 8 0 0 0
T 727 7 0 0 0
T 728 11 0 0 0
T 729 12 0 0 0
T 730 9 0 0 0
T 731 6 0 0 0
T 732 8 0 0 0
T 733 4 0 0 0
T 734 5 0 0 0
T 735 11 0 0 0
T 736 7 0 0 0
T 737 7 0 0 0
T 738 6 0 7 1
E 738 0 1 13
E 738 1 1 13
E 738 2 1 13
E 738 3 1 13
E 738 4 1 13
E 738 5 1 13
E 738 6 1 13
T 739 10 0 0 0
T 740 9 0 0 0
T 741 10 0 0 0
T 742 10 0 0 0
T 743 7 0 7 1
E 743 0 1 14
E 743 1 1 14
E 743 2 1 14
E 743 3 1 14
E 743 4 1 14
E 743 5 1 14
E 743 6 1 14
T 744 4 0 0 0
T 745 8 0 0 0
T 746 4 0 0 0
T 747 5 0 0 0
T 748 10 0 0 0
T 749 10 0 0 0
T 750 6 0 0 0
T 751 1 0 0 0
T 752 2 0 0 0
T 753 2 0 0 0
T 754 5 0 0 0
T 755 7 0 0 0
T 756 7 0 7 1
E 756 0 1 14
E 756 1 1 14
E 756 2 1 14
E 756 3 1 14
E 756 4 1 14
E 756 5 1 14
E 756 6 1 14
T 757 12 0 0 0
T 758 6 0 7 1
E 758 0 1 13
E 758 1 1 13
E 758 2 1 13
E 758 3 1 13
E 758 4 1 13
E 758 5 1 13
E 758 6 1 13
T 759 5 0 0 0
T 760 5 0 0 0
T 761 0 0 0 0
T 762 8 0 0 0
T 763 6 0 7 1
E 763 0 1 13
E 763 1 1 13
E 763 2 1 13
E 763 3 1 13
E 763 4 1 13
E 763 5 1 13
E 763 6 1 13
T 764 10 0 0 0
T 765 8 0 0 0
T 766 8 0 0 0
T 767 9 0 7 1
E 767 0 1 16
E 767 1 1 16
E 767 2 1 16
E 767 3 1 16
E 767 4 1 16
E 767 5 1 16
E 767 6 1 16
T 768 6 0 0 0
T 769 7 0 0 0
T 770 10 0 0 0
T 771 9 0 0 0
T 772 11 0 0 0
T 773 10 0 0 0
T 774 8 0 7 1
E 774 0 1 15
E 774 1 1 15
E 774 2 1 15
E 774 3 1 15
E 774 4 1 15
E 774 5 1 15
E 774 6 1 15
T 775 8 0 7 1
E 775 0 1 15
E 775 1 1 15
E 775 2 1 15
E 775 3 1 15
E 775 4 1 15
E 775 5 1 15
E 775 6 1 15
T 776 11 0 0 0
T 777 8 0 0 0
T 778 10 0 0 0
T 779 8 0 0 0
T 780 6 0 7 1
E 780 0 1 13
E 780 1 1 13
E 780 2 1 13
E 780 3 1 13
E 780 4 1 13
E 780 5 1 13
E 780 6 1 13
T 781 5 0 0 0
T 782 7 0 0 0
T 783 8 0 0 0
T 784 7 0 0 0
T 785 3 0 0 0
T 786 9 0 0 0
T 787 6 0 7 1
E 787 0 1 13
E 787 1 1 13
E 787 2 1 13
E 787 3 1 13
E 787 4 1 13
E 787 5 1 13
E 787 6 1 13
T 788 5 0 0 0
T 789 5 0 0 0
T 790 1 0 0 0
T 791 1 0 0 0
T 792 5 0 0 0
T 793 1 0 0 0
T 794 1 0 0 0
T 795 8 0 0 0
T 796 5 0 0 0
T 797 6 0 0 0
T 798 11 0 0 0
T 799 7 0 7 1
E 799 0 1 14
E 799 1 1 14
E 799 2 1 14
E 799 3 1 14
E 799 4 1 14
E 799 5 1 14
E 799 6 1 14
T 800 6 0 7 1
E 800 0 1 13
E 800 1 1 13
E 800 2 1 13
E 800 3 1 13
E 800 4 1 13
E 800 5 1 13
E 800 6 1 13
T 801 3 0 0 0
T 802 7 0 0 0
T 803 3 0 0 0
T 804 11 0 0 0
T 805 11 0 0 0
T 806 8 0 7 1
E 806 0 1 15
E 806 1 1 15
E 806 2 1 15
E 806 3 1 15
E 806 4 1 15
E 806 5 1 15
E 806 6 1 15
T 807 6 0 0 0
T 808 6 0 7 1
E 808 0 1 13
E 808 1 1 13
E 808 2 1 13
E 808 3 1 13
E 808 4 1 13
E 808 5 1 13
E 808 6 1 13
T 809 5 0 0 0
T 810 5 0 0 0
T 811 8 0 0 0
T 812 12 0 0 0
T 813 4 0 7 1
E 813 0 2 18
E 813 1 2 18
E 813 2 2 18
E 813 3 2 18
E 813 4 2 18
E 813 5 2 18
E 813 6 2 18
T 814 11 0 0 0
T 815 10 0 0 0
T 816 8 0 7 1
E 816 0 1 15
E 816 1 1 15
E 816 2 1 15
E 816 3 1 15
E 816 4 1 15
E 816 5 1 15
E 816 6 1 15
T 817 12 0 0 0
T 818 12 0 0 0
T 819 8 0 7 1
E 819 0 1 15
E 819 1 1 15
E 819 2 1 15
E 819 3 1 15
E 819 4 1 15
E 819 5 1 15
E 819 6 1 15
T 820 6 0 0 0
T 821 0 0 0 0
T 822 3 0 0 0
T 823 2 0 0 0
T 824 4 0 0 0
T 825 9 0 0 0
T 826 7 0 7 1
E 826 0 1 14
E 826 1 1 14
E 826 2 1 14
E 826 3 1 14
E 826 4 1 14
E 826 5 1 14
E 826 6 1 14
T 827 7 0 0 0
T 828 10 0 0 0
T 829 6 0 7 1
E 829 0 1 13
E 829 1 1 13
E 829 2 1 13
E 829 3 1 13
E 829 4 1 13
E 829 5 1 13
E 829 6 1 13
T 830 7 0 0 0
T 831 11 0 0 0
T 832 7 0 7 1
E 832 0 1 14
E 832 1 1 14
E 832 2 1 14
E 832 3 1 14
E 832 4 1 14
E 832 5 1 14
E 832 6 1 14
T 833 0 0 0 0
T 834 5 0 0 0
T 835 4 0 0 0
T 836 3 0 0 0
T 837 6 0 0 0
T 838 9 0 0 0
T 839 7 0 7 1
E 839 0 -1 -14
E 839 1 -1 -14
E 839 2 -1 -14
E 839 3 -1 -14
E 839 4 -1 -14
E 839 5 -1 -14
E 839 6 -1 -14
T 840 4 0 0 0
T 841 5 0 0 0
T 842 10 0 0 0
T 843 7 0 7 1
E 843 0 -1 -14
E 843 1 -1 -14
E 843 2 -1 -14
E 843 3 -1 -14
E 843 4 -1 -14
E 843 5 -1 -14
E 843 6 -1 -14
T 844 9 0 0 0
T 845 10 0 0 0
T 846 10 0 7 1
E 846 0 -1 -17
E 846 1 -1 -17
E 846 2 -1 -17
E 846 3 -1 -17
E 846 4 -1 -17
E 846 5 -1 -17
E 846 6 -1 -17
T 847 6 0 7 1
E 847 0 -1 -13
E 847 1 -1 -13
E 847 2 -1 -13
E 847 3 -1 -13
E 847 4 -1 -13
E 847 5 -1 -13
E 847 6 -1 -13
T 848 2 0 0 0
T 849 8 0 0 0
T 850 11 0 0 0
T 851 4 0 7 1
E 851 0 -2 -18
E 851 1 -2 -18
E 851 2 -2 -18
E 851 3 -2 -18
E 851 4 -2 -18
E 851 5 -2 -18
E 851 6 -2 -18
T 852 1 0 0 0
T 853 4 0 0 0
T 854 5 0 0 0
T 855 12 0 0 0
T 856 7 0 7 1
E 856 0 -1 -14
E 856 1 -1 -14
E 856 2 -1 -14
E 856 3 -1 -14
E 856 4 -1 -14
E 856 5 -1 -14
E 856 6 -1 -14
T 857 10 0 0 0
T 858 9 0 7 1
E 858 0 -1 -16
E 858 1 -1 -16
E 858 2 -1 -16
E 858 3 -1 -16
E 858 4 -1 -16
E 858 5 -1 -16
E 858 6 -1 -16
T 859 6 0 0 0
T 860 5 0 0 0
T 861 3 0 0 0
T 862 0 0 0 0
T 863 2 0 0 0
T 864 7 0 0 0
T 865 11 0 0 0
T 866 8 0 7 1
E 866 0 -1 -15
E 866 1 -1 -15
E 866 2 -1 -15
E 866 3 -1 -15
E 866 4 -1 -15
E 866 5 -1 -15
E 866 6 -1 -15
T 867 6 0 7 1
E 867 0 -1 -13
E 867 1 -1 -13
E 867 2 -1 -13
E 867 3 -1 -13
E 867 4 -1 -13
E 867 5 -1 -13
E 867 6 -1 -13
T 868 4 0 0 0
T 869 0 0 0 0
T 870 3 0 0 0
T 871 6 0 0 0
T 872 8 0 0 0
T 873 8 0 7 1
E 873 0 -1 -15
E 873 1 -1 -15
E 873 2 -1 -15
E 873 3 -1 -15
E 873 4 -1 -15
E 873 5 -1 -15
E 873 6 -1 -15
T 874 9 0 0 0
T 875 11 0 0 0
T 876 8 0 0 0
T 877 10 0 0 0
T 878 10 0 0 0
T 879 12 0 0 0
T 880 9 0 7 1
E 880 0 -1 -16
E 880 1 -1 -16
E 880 2 -1 -16
E 880 3 -1 -16
E 880 4 -1 -16
E 880 5 -1 -16
E 880 6 -1 -16
T 881 11 0 0 0
T 882 10 0 7 1
E 882 0 -1 -17
E 882 1 -1 -17
E 882 2 -1 -17
E 882 3 -1 -17
E 882 4 -1 -17
E 882 5 -1 -17
E 882 6 -1 -17
T 883 10 0 7 1
E 883 0 -1 -17
E 883 1 -1 -17
E 883 2 -1 -17
E 883 3 -1 -17
E 883 4 -1 -17
E 883 5 -1 -17
E 883 6 -1 -17
T 884 10 0 7 1
E 884 0 -1 -17
E 884 1 -1 -17
E 884 2 -1 -17
E 884 3 -1 -17
E 884 4 -1 -17
E 884 5 -1 -17
E 884 6 -1 -17
T 885 10 0 0 0
T 886 9 0 7 1
E 886 0 -1 -16
E 886 1 -1 -16
E 886 2 -1 -16
E 886 3 -1 -16
E 886 4 -1 -16
E 886 5 -1 -16
E 886 6 -1 -16
T 887 5 0 0 0
T 888 4 0 0 0
T 889 9 0 0 0
T 890 8 0 7 1
E 890 0 -1 -15
E 890 1 -1 -15
E 890 2 -1 -15
E 890 3 -1 -15
E 890 4 -1 -15
E 890 5 -1 -15
E 890 6 -1 -15
T 891 9 0 0 0
T 892 8 0 7 1
E 892 0 -1 -15
E 892 1 -1 -15
E 892 2 -1 -15
E 892 3 -1 -15
E 892 4 -1 -15
E 892 5 -1 -15
E 892 6 -1 -15
T 893 6 0 7 1
E 893 0 -1 -13
E 893 1 -1 -13
E 893 2 -1 -13
E 893 3 -1 -13
E 893 4 -1 -13
E 893 5 -1 -13
E 893 6 -1 -13
T 894 6 0 7 1
E 894 0 -1 -13
E 894 1 -1 -13
E 894 2 -1 -13
E 894 3 -1 -13
E 894 4 -1 -13
E 894 5 -1 -13
E 894 6 -1 -13
T 895 6 0 0 0
T 896 12 0 0 0
T 897 11 0 0 0
T 898 11 0 0 0
T 899 10 0 0 0
T 900 9 0 7 1
E 900 0 -1 -16
E 900 1 -1 -16
E 900 2 -1 -16
E 900 3 -1 -16
E 900 4 -1 -16
E 900 5 -1 -16
E 900 6 -1 -16
T 901 9 0 7 1
E 901 0 -1 -16
E 901 1 -1 -16
E 901 2 -1 -16
E 901 3 -1 -16
E 901 4 -1 -16
E 901 5 -1 -16
E 901 6 -1 -16
T 902 7 0 7 1
E 902 0 -1 -14
E 902 1 -1 -14
E 902 2 -1 -14
E 902 3 -1 -14
E 902 4 -1 -14
E 902 5 -1 -14
E 902 6 -1 -14
T 903 4 0 0 0
T 904 0 0 0 0
T 905 0 0 0 0
T 906 6 0 0 0
T 907 2 0 0 0
T 908 3 0 0 0
T 909 6 0 0 0
T 910 4 0 0 0
T 911 12 0 0 0
T 912 6 0 7 1
E 912 0 -1 -13
E 912 1 -1 -13
E 912 2 -1 -13
E 912 3 -1 -13
E 912 4 -1 -13
E 912 5 -1 -13
E 912 6 -1 -13
T 913 6 0 0 0
T 914 7 0 7 1
E 914 0 -1 -14
E 914 1 -1 -14
E 914 2 -1 -14
E 914 3 -1 -14
E 914 4 -1 -14
E 914 5 -1 -14
E 914 6 -1 -14
T 915 7 0 0 0
T 916 9 0 0 0
T 917 8 0 0 0
T 918 11 0 0 0
T 919 11 0 0 0
T 920 12 0 0 0
T 921 6 0 7 1
E 921 0 -1 -13
E 921 1 -1 -13
E 921 2 -1 -13
E 921 3 -1 -13
E 921 4 -1 -13
E 921 5 -1 -13
E 921 6 -1 -13
T 922 2 0 0 0
T 923 2 0 0 0
T 924 3 0 0 0
T 925 7 0 0 0
T 926 1 0 0 0
T 927 3 0 0 0
T 928 4 0 0 0
T 929 5 0 0 0
T 930 12 0 0 0
T 931 4 0 7 1
E 931 0 -2 -18
E 931 1 -2 -18
E 931 2 -2 -18
E 931 3 -2 -18
E 931 4 -2 -18
E 931 5 -2 -18
E 931 6 -2 -18
T 932 7 0 0 0
T 933 7 0 7 1
E 933 0 -1 -14
E 933 1 -1 -14
E 933 2 -1 -14
E 933 3 -1 -14
E 933 4 -1 -14
E 933 5 -1 -14
E 933 6 -1 -14
T 934 7 0 7 1
E 934 0 -1 -14
E 934 1 -1 -14
E 934 2 -1 -14
E 934 3 -1 -14
E 934 4 -1 -14
E 934 5 -1 -14
E 934 6 -1 -14
T 935 6 0 7 1
E 935 0 -1 -13
E 935 1 -1 -13
E 935 2 -1 -13
E 935 3 -1 -13
E 935 4 -1 -13
E 935 5 -1 -13
E 935 6 -1 -13
T 936 12 0 0 0
T 937 9 0 7 1
E 937 0 -1 -16
E 937 1 -1 -16
E 937 2 -1 -16
E 937 3 -1 -16
E 937 4 -1 -16
E 937 5 -1 -16
E 937 6 -1 -16
T 938 7 0 0 0
T 939 8 0 7 1
E 939 0 -1 -15
E 939 1 -1 -15
E 939 2 -1 -15
E 939 3 -1 -15
E 939 4 -1 -15
E 939 5 -1 -15
E 939 6 -1 -15
T 940 4 0 0 0
T 941 0 0 0 0
T 942 2 0 0 0
T 943 1 0 0 0
T 944 7 0 0 0
T 945 7 0 0 0
T 946 5 0 0 0
T 947 12 0 0 0
T 948 10 0 0 0
T 949 9 0 7 1
E 949 0 -1 -16
E 949 1 -1 -16
E 949 2 -1 -16
E 949 3 -1 -16
E 949 4 -1 -16
E 949 5 -1 -16
E 949 6 -1 -16
T 950 12 0 0 0
T 951 9 0 0 0
T 952 7 0 0 0
T 953 6 0 0 0
T 954 10 0 0 0
T 955 9 0 7 1
E 955 0 -1 -16
E 955 1 -1 -16
E 955 2 -1 -16
E 955 3 -1 -16
E 955 4 -1 -16
E 955 5 -1 -16
E 955 6 -1 -16
T 956 8 0 0 0
T 957 6 0 0 0
T 958 3 0 0 0
T 959 9 0 0 0
T 960 9 0 7 1
E 960 0 4 37
E 960 1 4 37
E 960 2 4 37
E 960 3 4 37
E 960 4 4 37
E 960 5 4 37
E 960 6 4 37
T 961 6 0 7 1
E 961 0 1 13
E 961 1 1 13
E 961 2 1 13
E 961 3 1 13
E 961 4 1 13
E 961 5 1 13
E 961 6 1 13
T 962 10 0 0 0
T 963 9 0 7 1
E 963 0 1 16
E 963 1 1 16
E 963 2 1 16
E 963 3 1 16
E 963 4 1 16
E 963 5 1 16
E 963 6 1 16
T 964 7 0 7 1
E 964 0 1 14
E 964 1 1 14
E 964 2 1 14
E 964 3 1 14
E 964 4 1 14
E 964 5 1 14
E 964 6 1 14
T 965 7 0 0 0
T 966 8 0 0 0
T 967 7 0 0 0
T 968 3 0 0 0
T 969 8 0 0 0
T 970 8 0 7 1
E 970 0 1 15
E 970 1 1 15
E 970 2 1 15
E 970 3 1 15
E 970 4 1 15
E 970 5 1 15
E 970 6 1 15
T 971 6 0 7 1
E 971 0 1 13
E 971 1 1 13
E 971 2 1 13
E 971 3 1 13
E 971 4 1 13
E 971 5 1 13
E 971 6 1 13
T 972 6 0 7 1
E 972 0 1 13
E 972 1 1 13
E 972 2 1 13
E 972 3 1 13
E 972 4 1 13
E 972 5 1 13
E 972 6 1 13
T 973 12 0 0 0
T 974 6 0 7 1
E 974 0 1 13
E 974 1 1 13
E 974 2 1 13
E 974 3 1 13
E 974 4 1 13
E 974 5 1 13
E 974 6 1 13
T 975 11 0 0 0
T 976 4 0 7 1
E 976 0 2 18
E 976 1 2 18
E 976 2 2 18
E 976 3 2 18
E 976 4 2 18
E 976 5 2 18
E 976 6 2 18
T 977 1 0 0 0
T 978 4 0 0 0
T 979 4 0 0 0
T 980 4 0 0 0
T 981 1 0 0 0
T 982 2 0 0 0
T 983 6 0 0 0
T 984 12 0 0 0
T 985 9 0 0 0
T 986 6 0 0 0
T 987 5 0 0 0
T 988 4 0 0 0
T 989 6 0 0 0
T 990 9 0 0 0
T 991 8 0 7 1
E 991 0 1 15
E 991 1 1 15
E 991 2 1 15
E 991 3 1 15
E 991 4 1 15
E 991 5 1 15
E 991 6 1 15
T 992 7 0 7 1
E 992 0 1 14
E 992 1 1 14
E 992 2 1 14
E 992 3 1 14
E 992 4 1 14
E 992 5 1 14
E 992 6 1 14
T 993 11 0 0 0
T 994 7 0 0 0
T 995 5 0 0 0
T 996 0 0 0 0
T 997 0 0 0 0
T 998 3 0 0 0
T 999 5 0 0 0
T 1000 7 0 0 0
T 1001 7 0 0 0
T 1002 1 0 0 0
T 1003 5 0 0 0
T 1004 7 0 0 0
T 1005 12 0 0 0
T 1006 4 0 7 1
E 1006 0 2 18
E 1006 1 2 18
E 1006 2 2 18
E 1006 3 2 18
E 1006 4 2 18
E 1006 5 2 18
E 1006 6 2 18
T 1007 5 0 0 0
T 1008 3 0 0 0
T 1009 1 0 0 0
T 1010 5 0 0 0
T 1011 9 0 0 0
T 1012 9 0 0 0
T 1013 4 0 0 0
T 1014 3 0 0 0
T 1015 1 0 0 0
T 1016 1 0 0 0
T 1017 9 0 0 0
T 1018 7 0 7 1
E 1018 0 1 14
E 1018 1 1 14
E 1018 2 1 14
E 1018 3 1 14
E 1018 4 1 14
E 1018 5 1 14
E 1018 6 1 14
T 1019 12 0 0 0
T 1020 10 0 0 0
T 1021 10 0 0 0
T 1022 12 0 0 0
T 1023 10 0 7 1
E 1023 0 1 17
E 1023 1 1 17
E 1023 2 1 17
E 1023 3 1 17
E 1023 4 1 17
E 1023 5 1 17
E 1023 6 1 17
T 1024 8 0 7 1
E 1024 0 1 15
E 1024 1 1 15
E 1024 2 1 15
E 1024 3 1 15
E 1024 4 1 15
E 1024 5 1 15
E 1024 6 1 15
T 1025 10 0 0 0
T 1026 10 0 7 1
E 1026 0 1 17
E 1026 1 1 17
E 1026 2 1 17
E 1026 3 1 17
E 1026 4 1 17
E 1026 5 1 17
E 1026 6 1 17
T 1027 9 0 0 0
T 1028 6 0 7 1
E 1028 0 1 13
E 1028 1 1 13
E 1028 2 1 13
E 1028 3 1 13
E 1028 4 1 13
E 1028 5 1 13
E 1028 6 1 13
T 1029 2 0 0 0
T 1030 2 0 0 0
T 1031 4 0 0 0
T 1032 10 0 0 0
T 1033 8 0 0 0
T 1034 10 0 0 0
T 1035 10 0 7 1
E 1035 0 1 17
E 1035 1 1 17
E 1035 2 1 17
E 1035 3 1 17
E 1035 4 1 17
E 1035 5 1 17
E 1035 6 1 17
T 1036 6 0 7 1
E 1036 0 1 13
E 1036 1 1 13
E 1036 2 1 13
E 1036 3 1 13
E 1036 4 1 13
E 1036 5 1 13
E 1036 6 1 13
T 1037 5 0 0 0
T 1038 6 0 0 0
T 1039 7 0 7 1
E 1039 0 1 14
E 1039 1 1 14
E 1039 2 1 14
E 1039 3 1 14
E 1039 4 1 14
E 1039 5 1 14
E 1039 6 1 14
T 1040 3 0 0 0
T 1041 9 0 0 0
T 1042 7 0 0 0
T 1043 2 0 0 0
T 1044 6 0 0 0
T 1045 11 0 0 0
T 1046 7 0 7 1
E 1046 0 1 14
E 1046 1 1 14
E 1046 2 1 14
E 1046 3 1 14
E 1046 4 1 14
E 1046 5 1 14
E 1046 6 1 14
T 1047 8 0 7 1
E 1047 0 1 15
E 1047 1 1 15
E 1047 2 1 15
E 1047 3 1 15
E 1047 4 1 15
E 1047 5 1 15
E 1047 6 1 15
T 1048 6 0 7 1
E 1048 0 1 13
E 1048 1 1 13
E 1048 2 1 13
E 1048 3 1 13
E 1048 4 1 13
E 1048 5 1 13
E 1048 6 1 13
T 1049 7 0 0 0
T 1050 11 0 0 0
T 1051 8 0 7 1
E 1051 0 1 15
E 1051 1 1 15
E 1051 2 1 15
E 1051 3 1 15
E 1051 4 1 15
E 1051 5 1 15
E 1051 6 1 15
T 1052 6 0 0 0
T 1053 2 0 0 0
T 1054 2 0 0 0
T 1055 4 0 0 0
T 1056 6 0 0 0
T 1057 6 0 0 0
T 1058 4 0 0 0
T 1059 1 0 0 0
T 1060 3 0 0 0
T 1061 1 0 0 0
T 1062 4 0 0 0
T 1063 9 0 0 0
T 1064 4 0 0 0
T 1065 1 0 0 0
T 1066 5 0 0 0
T 1067 0 0 0 0
T 1068 5 0 0 0
T 1069 1 0 0 0
T 1070 4 0 0 0
T 1071 4 0 0 0
T 1072 5 0 0 0
T 1073 0 0 0 0
T 1074 4 0 0 0
T 1075 7 0 0 0
T 1076 10 0 0 0
T 1077 9 0 0 0
T 1078 6 0 7 1
E 1078 0 -1 -13
E 1078 1 -1 -13
E 1078 2 -1 -13
E 1078 3 -1 -13
E 1078 4 -1 -13
E 1078 5 -1 -13
E 1078 6 -1 -13
T 1079 9 0 0 0
T 1080 7 0 7 1
E 1080 0 -1 -14
E 1080 1 -1 -14
E 1080 2 -1 -14
E 1080 3 -1 -14
E 1080 4 -1 -14
E 1080 5 -1 -14
E 1080 6 -1 -14
T 1081 7 0 0 0
T 1082 7 0 0 0
T 1083 3 0 0 0
T 1084 2 0 0 0
T 1085 5 0 0 0
T 1086 12 0 0 0
T 1087 10 0 0 0
T 1088 8 0 7 1
E 1088 0 -1 -15
E 1088 1 -1 -15
E 1088 2 -1 -15
E 1088 3 -1 -15
E 1088 4 -1 -15
E 1088 5 -1 -15
E 1088 6 -1 -15
T 1089 7 0 7 1
E 1089 0 -1 -14
E 1089 1 -1 -14
E 1089 2 -1 -14
E 1089 3 -1 -14
E 1089 4 -1 -14
E 1089 5 -1 -14
E 1089 6 -1 -14
T 1090 2 0 0 0
T 1091 7 0 0 0
T 1092 4 0 0 0
T 1093 4 0 0 0
T 1094 11 0 0 0
T 1095 11 0 0 0
T 1096 4 0 7 1
E 1096 0 -2 -18
E 1096 1 -2 -18
E 1096 2 -2 -18
E 1096 3 -2 -18
E 1096 4 -2 -18
E 1096 5 -2 -18
E 1096 6 -2 -18
T 1097 2 0 0 0
T 1098 3 0 0 0
T 1099 1 0 0 0
T 1100 3 0 0 0
T 1101 7 0 0 0
T 1102 10 0 0 0
T 1103 3 0 0 0
T 1104 5 0 0 0
T 1105 5 0 0 0
T 1106 2 0 0 0
T 1107 6 0 0 0
T 1108 6 0 0 0
T 1109 6 0 0 0
T 1110 6 0 0 0
T 1111 4 0 0 0
T 1112 1 0 0 0
T 1113 3 0 0 0
T 1114 1 0 0 0
T 1115 1 0 0 0
T 1116 7 0 0 0
T 1117 6 0 0 0
T 1118 8 0 0 0
T 1119 6 0 7 1
E 1119 0 -1 -13
E 1119 1 -1 -13
E 1119 2 -1 -13
E 1119 3 -1 -13
E 1119 4 -1 -13
E 1119 5 -1 -13
E 1119 6 -1 -13
T 1120 9 0 0 0
T 1121 6 0 0 0
T 1122 9 0 0 0
T 1123 10 0 7 1
E 1123 0 -1 -17
E 1123 1 -1 -17
E 1123 2 -1 -17
E 1123 3 -1 -17
E 1123 4 -1 -17
E 1123 5 -1 -17
E 1123 6 -1 -17
T 1124 12 0 0 0
T 1125 4 0 7 1
E 1125 0 -2 -18
E 1125 1 -2 -18
E 1125 2 -2 -18
E 1125 3 -2 -18
E 1125 4 -2 -18
E 1125 5 -2 -18
E 1125 6 -2 -18
T 1126 1 0 0 0
T 1127 3 0 0 0
T 1128 2 0 0 0
T 1129 6 0 0 0
T 1130 0 0 0 0
T 1131 2 0 0 0
T 1132 2 0 0 0
T 1133 0 0 0 0
T 1134 4 0 0 0
T 1135 0 0 0 0
T 1136 2 0 0 0
T 1137 1 0 0 0
T 1138 4 0 0 0
T 1139 3 0 0 0
T 1140 2 0 0 0
T 1141 5 0 0 0
T 1142 5 0 0 0
T 1143 4 0 0 0
T 1144 5 0 0 0
T 1145 2 0 0 0
T 1146 2 0 0 0
T 1147 6 0 0 0
T 1148 6 0 0 0
T 1149 3 0 0 0
T 1150 8 0 0 0
T 1151 7 0 0 0
T 1152 7 0 7 1
E 1152 0 -1 -14
E 1152 1 -1 -14
E 1152 2 -1 -14
E 1152 3 -1 -14
E 1152 4 -1 -14
E 1152 5 -1 -14
E 1152 6 -1 -14
T 1153 3 0 0 0
T 1154 4 0 0 0
T 1155 7 0 0 0
T 1156 8 0 7 1
E 1156 0 -1 -15
E 1156 1 -1 -15
E 1156 2 -1 -15
E 1156 3 -1 -15
E 1156 4 -1 -15
E 1156 5 -1 -15
E 1156 6 -1 -15
T 1157 10 0 0 0
T 1158 10 0 7 1
E 1158 0 -1 -17
E 1158 1 -1 -17
E 1158 2 -1 -17
E 1158 3 -1 -17
E 1158 4 -1 -17
E 1158 5 -1 -17
E 1158 6 -1 -17
T 1159 9 0 0 0
T 1160 7 0 7 1
E 1160 0 -1 -14
E 1160 1 -1 -14
E 1160 2 -1 -14
E 1160 3 -1 -14
E 1160 4 -1 -14
E 1160 5 -1 -14
E 1160 6 -1 -14
T 1161 10 0 0 0
T 1162 9 0 7 1
E 1162 0 -1 -16
E 1162 1 -1 -16
E 1162 2 -1 -16
E 1162 3 -1 -16
E 1162 4 -1 -16
E 1162 5 -1 -16
E 1162 6 -1 -16
T 1163 9 0 0 0
T 1164 10 0 0 0
T 1165 7 0 7 1
E 1165 0 -1 -14
E 1165 1 -1 -14
E 1165 2 -1 -14
E 1165 3 -1 -14
E 1165 4 -1 -14
E 1165 5 -1 -14
E 1165 6 -1 -14
T 1166 6 0 0 0
T 1167 9 0 0 0
T 1168 5 0 0 0
T 1169 6 0 0 0
T 1170 6 0 0 0
T 1171 9 0 0 0
T 1172 8 0 0 0
T 1173 12 0 0 0
T 1174 9 0 0 0
T 1175 5 0 0 0
T 1176 10 0 0 0
T 1177 7 0 0 0
T 1178 7 0 7 1
E 1178 0 -1 -14
E 1178 1 -1 -14
E 1178 2 -1 -14
E 1178 3 -1 -14
E 1178 4 -1 -14
E 1178 5 -1 -14
E 1178 6 -1 -14
T 1179 7 0 0 0
T 1180 7 0 7 1
E 1180 0 -1 -14
E 1180 1 -1 -14
E 1180 2 -1 -14
E 1180 3 -1 -14
E 1180 4 -1 -14
E 1180 5 -1 -14
E 1180 6 -1 -14
T 1181 5 0 0 0
T 1182 3 0 0 0
T 1183 1 0 0 0
T 1184 2 0 0 0
T 1185 5 0 0 0
T 1186 6 0 7 1
E 1186 0 -1 -13
E 1186 1 -1 -13
E 1186 2 -1 -13
E 1186 3 -1 -13
E 1186 4 -1 -13
E 1186 5 -1 -13
E 1186 6 -1 -13
T 1187 1 0 0 0
T 1188 8 0 0 0
T 1189 6 0 7 1
E 1189 0 -1 -13
E 1189 1 -1 -13
E 1189 2 -1 -13
E 1189 3 -1 -13
E 1189 4 -1 -13
E 1189 5 -1 -13
E 1189 6 -1 -13
T 1190 8 0 0 0
T 1191 8 0 7 1
E 1191 0 -1 -15
E 1191 1 -1 -15
E 1191 2 -1 -15
E 1191 3 -1 -15
E 1191 4 -1 -15
E 1191 5 -1 -15
E 1191 6 -1 -15
T 1192 10 0 0 0
T 1193 8 0 0 0
T 1194 9 0 7 1
E 1194 0 -1 -16
E 1194 1 -1 -16
E 1194 2 -1 -16
E 1194 3 -1 -16
E 1194 4 -1 -16
E 1194 5 -1 -16
E 1194 6 -1 -16
T 1195 7 0 0 0
T 1196 9 0 0 0
T 1197 7 0 7 1
E 1197 0 -1 -14
E 1197 1 -1 -14
E 1197 2 -1 -14
E 1197 3 -1 -14
E 1197 4 -1 -14
E 1197 5 -1 -14
E 1197 6 -1 -14
T 1198 8 0 7 1
E 1198 0 -1 -15
E 1198 1 -1 -15
E 1198 2 -1 -15
E 1198 3 -1 -15
E 1198 4 -1 -15
E 1198 5 -1 -15
E 1198 6 -1 -15
T 1199 7 0 7 1
E 1199 0 -1 -14
E 1199 1 -1 -14
E 1199 2 -1 -14
E 1199 3 -1 -14
E 1199 4 -1 -14
E 1199 5 -1 -14
E 1199 6 -1 -14
T 1200 8 0 7 1
E 1200 0 4 36
E 1200 1 4 36
E 1200 2 4 36
E 1200 3 4 36
E 1200 4 4 36
E 1200 5 4 36
E 1200 6 4 36
T 1201 7 0 7 1
E 1201 0 1 14
E 1201 1 1 14
E 1201 2 1 14
E 1201 3 1 14
E 1201 4 1 14
E 1201 5 1 14
E 1201 6 1 14
T 1202 7 0 0 0
T 1203 12 0 0 0
T 1204 6 0 7 1
E 1204 0 1 13
E 1204 1 1 13
E 1204 2 1 13
E 1204 3 1 13
E 1204 4 1 13
E 1204 5 1 13
E 1204 6 1 13
T 1205 7 0 0 0
T 1206 3 0 0 0
T 1207 8 0 0 0
T 1208 6 0 0 0
T 1209 7 0 0 0
T 1210 4 0 0 0
T 1211 5 0 0 0
T 1212 5 0 0 0
T 1213 0 0 0 0
T 1214 4 0 0 0
T 1215 7 0 0 0
T 1216 12 0 0 0
T 1217 7 0 7 1
E 1217 0 -1 -14
E 1217 1 -1 -14
E 1217 2 -1 -14
E 1217 3 -1 -14
E 1217 4 -1 -14
E 1217 5 -1 -14
E 1217 6 -1 -14
T 1218 8 0 0 0
T 1219 4 0 0 0
T 1220 5 0 0 0
T 1221 0 0 0 0
T 1222 6 0 0 0
T 1223 7 0 0 0
T 1224 10 0 0 0
T 1225 6 0 7 1
E 1225 0 1 13
E 1225 1 1 13
E 1225 2 1 13
E 1225 3 1 13
E 1225 4 1 13
E 1225 5 1 13
E 1225 6 1 13
T 1226 9 0 0 0
T 1227 10 0 7 1
E 1227 0 1 17
E 1227 1 1 17
E 1227 2 1 17
E 1227 3 1 17
E 1227 4 1 17
E 1227 5 1 17
E 1227 6 1 17
T 1228 7 0 7 1
E 1228 0 1 14
E 1228 1 1 14
E 1228 2 1 14
E 1228 3 1 14
E 1228 4 1 14
E 1228 5 1 14
E 1228 6 1 14
T 1229 7 0 7 1
E 1229 0 1 14
E 1229 1 1 14
E 1229 2 1 14
E 1229 3 1 14
E 1229 4 1 14
E 1229 5 1 14
E 1229 6 1 14
T 1230 4 0 0 0
T 1231 1 0 0 0
T 1232 4 0 0 0
T 1233 5 0 0 0
T 1234 10 0 0 0
T 1235 10 0 7 1
E 1235 0 1 17
E 1235 1 1 17
E 1235 2 1 17
E 1235 3 1 17
E 1235 4 1 17
E 1235 5 1 17
E 1235 6 1 17
T 1236 12 0 0 0
T 1237 10 0 0 0
T 1238 9 0 0 0
T 1239 7 0 7 1
E 1239 0 1 14
E 1239 1 1 14
E 1239 2 1 14
E 1239 3 1 14
E 1239 4 1 14
E 1239 5 1 14
E 1239 6 1 14
T 1240 10 0 0 0
T 1241 9 0 7 1
E 1241 0 1 16
E 1241 1 1 16
E 1241 2 1 16
E 1241 3 1 16
E 1241 4 1 16
E 1241 5 1 16
E 1241 6 1 16
T 1242 6 0 0 0
T 1243 3 0 0 0
T 1244 9 0 0 0
T 1245 5 0 0 0
T 1246 8 0 0 0
T 1247 8 0 0 0
T 1248 3 0 0 0
T 1249 6 0 0 0
T 1250 10 0 0 0
T 1251 8 0 7 1
E 1251 0 1 15
E 1251 1 1 15
E 1251 2 1 15
E 1251 3 1 15
E 1251 4 1 15
E 1251 5 1 15
E 1251 6 1 15
T 1252 6 0 7 1
E 1252 0 1 13
E 1252 1 1 13
E 1252 2 1 13
E 1252 3 1 13
E 1252 4 1 13
E 1252 5 1 13
E 1252 6 1 13
T 1253 12 0 0 0
T 1254 11 0 0 0
T 1255 11 0 0 0
T 1256 6 0 7 1
E 1256 0 1 13
E 1256 1 1 13
E 1256 2 1 13
E 1256 3 1 13
E 1256 4 1 13
E 1256 5 1 13
E 1256 6 1 13
T 1257 8 0 0 0
T 1258 8 0 7 1
E 1258 0 1 15
E 1258 1 1 15
E 1258 2 1 15
E 1258 3 1 15
E 1258 4 1 15
E 1258 5 1 15
E 1258 6 1 15
T 1259 7 0 7 1
E 1259 0 1 14
E 1259 1 1 14
E 1259 2 1 14
E 1259 3 1 14
E 1259 4 1 14
E 1259 5 1 14
E 1259 6 1 14
T 1260 6 0 7 1
E 1260 0 1 13
E 1260 1 1 13
E 1260 2 1 13
E 1260 3 1 13
E 1260 4 1 13
E 1260 5 1 13
E 1260 6 1 13
T 1261 5 0 0 0
T 1262 9 0 0 0
T 1263 5 0 0 0
T 1264 1 0 0 0
T 1265 3 0 0 0
T 1266 2 0 0 0
T 1267 5 0 0 0
T 1268 1 0 0 0
T 1269 0 0 0 0
T 1270 3 0 0 0
T 1271 8 0 0 0
T 1272 4 0 0 0
T 1273 2 0 0 0
T 1274 8 0 0 0
T 1275 7 0 7 1
E 1275 0 1 14
E 1275 1 1 14
E 1275 2 1 14
E 1275 3 1 14
E 1275 4 1 14
E 1275 5 1 14
E 1275 6 1 14
T 1276 3 0 0 0
T 1277 1 0 0 0
T 1278 1 0 0 0
T 1279 7 0 0 0
T 1280 3 0 0 0
T 1281 2 0 0 0
T 1282 6 0 0 0
T 1283 7 0 0 0
T 1284 2 0 0 0
T 1285 5 0 0 0
T 1286 5 0 0 0
T 1287 2 0 0 0
T 1288 2 0 0 0
T 1289 8 0 0 0
T 1290 8 0 0 0
T 1291 9 0 0 0
T 1292 8 0 7 1
E 1292 0 1 15
E 1292 1 1 15
E 1292 2 1 15
E 1292 3 1 15
E 1292 4 1 15
E 1292 5 1 15
E 1292 6 1 15
T 1293 8 0 7 1
E 1293 0 1 15
E 1293 1 1 15
E 1293 2 1 15
E 1293 3 1 15
E 1293 4 1 15
E 1293 5 1 15
E 1293 6 1 15
T 1294 8 0 0 0
T 1295 12 0 0 0
T 1296 8 0 7 1
E 1296 0 1 15
E 1296 1 1 15
E 1296 2 1 15
E 1296 3 1 15
E 1296 4 1 15
E 1296 5 1 15
E 1296 6 1 15
T 1297 10 0 0 0
T 1298 10 0 0 0
T 1299 8 0 7 1
E 1299 0 1 15
E 1299 1 1 15
E 1299 2 1 15
E 1299 3 1 15
E 1299 4 1 15
E 1299 5 1 15
E 1299 6 1 15
T 1300 12 0 0 0
T 1301 8 0 7 1
E 1301 0 1 15
E 1301 1 1 15
E 1301 2 1 15
E 1301 3 1 15
E 1301 4 1 15
E 1301 5 1 15
E 1301 6 1 15
T 1302 11 0 0 0
T 1303 9 0 0 0
T 1304 11 0 0 0
T 1305 8 0 0 0
T 1306 6 0 0 0
T 1307 1 0 0 0
T 1308 6 0 0 0
T 1309 6 0 7 1
E 1309 0 -1 -13
E 1309 1 -1 -13
E 1309 2 -1 -13
E 1309 3 -1 -13
E 1309 4 -1 -13
E 1309 5 -1 -13
E 1309 6 -1 -13
T 1310 2 0 0 0
T 1311 8 0 0 0
T 1312 8 0 7 1
E 1312 0 -1 -15
E 1312 1 -1 -15
E 1312 2 -1 -15
E 1312 3 -1 -15
E 1312 4 -1 -15
E 1312 5 -1 -15
E 1312 6 -1 -15
T 1313 6 0 0 0
T 1314 8 0 0 0
T 1315 12 0 0 0
T 1316 8 0 0 0
T 1317 4 0 0 0
T 1318 9 0 0 0
T 1319 9 0 0 0
T 1320 7 0 0 0
T 1321 8 0 0 0
T 1322 8 0 0 0
T 1323 11 0 0 0
T 1324 10 0 7 1
E 1324 0 -1 -17
E 1324 1 -1 -17
E 1324 2 -1 -17
E 1324 3 -1 -17
E 1324 4 -1 -17
E 1324 5 -1 -17
E 1324 6 -1 -17
T 1325 9 0 7 1
E 1325 0 -1 -16
E 1325 1 -1 -16
E 1325 2 -1 -16
E 1325 3 -1 -16
E 1325 4 -1 -16
E 1325 5 -1 -16
E 1325 6 -1 -16
T 1326 12 0 0 0
T 1327 8 0 0 0
T 1328 10 0 0 0
T 1329 9 0 0 0
T 1330 11 0 0 0
T 1331 8 0 0 0
T 1332 4 0 0 0
T 1333 3 0 0 0
T 1334 1 0 0 0
T 1335 6 0 0 0
T 1336 1 0 0 0
T 1337 2 0 0 0
T 1338 8 0 0 0
T 1339 3 0 0 0
T 1340 7 0 0 0
T 1341 8 0 0 0
T 1342 3 0 0 0
T 1343 7 0 0 0
T 1344 8 0 0 0
T 1345 3 0 0 0
T 1346 7 0 0 0
T 1347 8 0 0 0
T 1348 4 0 0 0
T 1349 10 0 0 0
T 1350 9 0 0 0
T 1351 10 0 7 1
E 1351 0 -1 -17
E 1351 1 -1 -17
E 1351 2 -1 -17
E 1351 3 -1 -17
E 1351 4 -1 -17
E 1351 5 -1 -17
E 1351 6 -1 -17
T 1352 10 0 7 1
E 1352 0 -1 -17
E 1352 1 -1 -17
E 1352 2 -1 -17
E 1352 3 -1 -17
E 1352 4 -1 -17
E 1352 5 -1 -17
E 1352 6 -1 -17
T 1353 7 0 7 1
E 1353 0 -1 -14
E 1353 1 -1 -14
E 1353 2 -1 -14
E 1353 3 -1 -14
E 1353 4 -1 -14
E 1353 5 -1 -14
E 1353 6 -1 -14
T 1354 7 0 0 0
T 1355 7 0 7 1
E 1355 0 -1 -14
E 1355 1 -1 -14
E 1355 2 -1 -14
E 1355 3 -1 -14
E 1355 4 -1 -14
E 1355 5 -1 -14
E 1355 6 -1 -14
T 1356 9 0 0 0
T 1357 6 0 7 1
E 1357 0 -1 -13
E 1357 1 -1 -13
E 1357 2 -1 -13
E 1357 3 -1 -13
E 1357 4 -1 -13
E 1357 5 -1 -13
E 1357 6 -1 -13
T 1358 11 0 0 0
T 1359 8 0 7 1
E 1359 0 -1 -15
E 1359 1 -1 -15
E 1359 2 -1 -15
E 1359 3 -1 -15
E 1359 4 -1 -15
E 1359 5 -1 -15
E 1359 6 -1 -15
T 1360 6 0 0 0
T 1361 7 0 7 1
E 1361 0 -1 -14
E 1361 1 -1 -14
E 1361 2 -1 -14
E 1361 3 -1 -14
E 1361 4 -1 -14
E 1361 5 -1 -14
E 1361 6 -1 -14
T 1362 10 0 0 0
T 1363 9 0 0 0
T 1364 7 0 0 0
T 1365 7 0 7 1
E 1365 0 -1 -14
E 1365 1 -1 -14
E 1365 2 -1 -14
E 1365 3 -1 -14
E 1365 4 -1 -14
E 1365 5 -1 -14
E 1365 6 -1 -14
T 1366 8 0 7 1
E 1366 0 -1 -15
E 1366 1 -1 -15
E 1366 2 -1 -15
E 1366 3 -1 -15
E 1366 4 -1 -15
E 1366 5 -1 -15
E 1366 6 -1 -15
T 1367 10 0 0 0
T 1368 8 0 7 1
E 1368 0 -1 -15
E 1368 1 -1 -15
E 1368 2 -1 -15
E 1368 3 -1 -15
E 1368 4 -1 -15
E 1368 5 -1 -15
E 1368 6 -1 -15
T 1369 5 0 0 0
T 1370 3 0 0 0
T 1371 8 0 0 0
T 1372 3 0 0 0
T 1373 2 0 0 0
T 1374 0 0 0 0
T 1375 2 0 0 0
T 1376 2 0 0 0
T 1377 4 0 0 0
T 1378 8 0 0 0
T 1379 5 0 0 0
T 1380 3 0 0 0
T 1381 1 0 0 0
T 1382 4 0 0 0
T 1383 9 0 0 0
T 1384 9 0 0 0
T 1385 8 0 7 1
E 1385 0 -1 -15
E 1385 1 -1 -15
E 1385 2 -1 -15
E 1385 3 -1 -15
E 1385 4 -1 -15
E 1385 5 -1 -15
E 1385 6 -1 -15
T 1386 6 0 0 0
T 1387 2 0 0 0
T 1388 1 0 0 0
T 1389 0 0 0 0
T 1390 4 0 0 0
T 1391 1 0 0 0
T 1392 6 0 0 0
T 1393 1 0 0 0
T 1394 7 0 0 0
T 1395 11 0 0 0
T 1396 8 0 0 0
T 1397 8 0 0 0
T 1398 12 0 0 0
T 1399 8 0 7 1
E 1399 0 -1 -15
E 1399 1 -1 -15
E 1399 2 -1 -15
E 1399 3 -1 -15
E 1399 4 -1 -15
E 1399 5 -1 -15
E 1399 6 -1 -15
T 1400 11 0 0 0
T 1401 9 0 7 1
E 1401 0 -1 -16
E 1401 1 -1 -16
E 1401 2 -1 -16
E 1401 3 -1 -16
E 1401 4 -1 -16
E 1401 5 -1 -16
E 1401 6 -1 -16
T 1402 9 0 7 1
E 1402 0 -1 -16
E 1402 1 -1 -16
E 1402 2 -1 -16
E 1402 3 -1 -16
E 1402 4 -1 -16
E 1402 5 -1 -16
E 1402 6 -1 -16
T 1403 6 0 7 1
E 1403 0 -1 -13
E 1403 1 -1 -13
E 1403 2 -1 -13
E 1403 3 -1 -13
E 1403 4 -1 -13
E 1403 5 -1 -13
E 1403 6 -1 -13
T 1404 12 0 0 0
T 1405 5 0 7 1
E 1405 0 -2 -19
E 1405 1 -2 -19
E 1405 2 -2 -19
E 1405 3 -2 -19
E 1405 4 -2 -19
E 1405 5 -2 -19
E 1405 6 -2 -19
T 1406 5 0 0 0
T 1407 9 0 0 0
T 1408 5 0 0 0
T 1409 2 0 0 0
T 1410 2 0 0 0
T 1411 0 0 0 0
T 1412 5 0 0 0
T 1413 2 0 0 0
T 1414 0 0 0 0
T 1415 5 0 0 0
T 1416 5 0 0 0
T 1417 6 0 0 0
T 1418 6 0 0 0
T 1419 9 0 0 0
T 1420 6 0 7 1
E 1420 0 -1 -13
E 1420 1 -1 -13
E 1420 2 -1 -13
E 1420 3 -1 -13
E 1420 4 -1 -13
E 1420 5 -1 -13
E 1420 6 -1 -13
T 1421 7 0 7 1
E 1421 0 -1 -14
E 1421 1 -1 -14
E 1421 2 -1 -14
E 1421 3 -1 -14
E 1421 4 -1 -14
E 1421 5 -1 -14
E 1421 6 -1 -14
T 1422 6 0 7 1
E 1422 0 -1 -13
E 1422 1 -1 -13
E 1422 2 -1 -13
E 1422 3 -1 -13
E 1422 4 -1 -13
E 1422 5 -1 -13
E 1422 6 -1 -13
T 1423 6 0 0 0
T 1424 3 0 0 0
T 1425 2 0 0 0
T 1426 1 0 0 0
T 1427 3 0 0 0
T 1428 1 0 0 0
T 1429 9 0 0 0
T 1430 9 0 0 0
T 1431 9 0 7 1
E 1431 0 -1 -16
E 1431 1 -1 -16
E 1431 2 -1 -16
E 1431 3 -1 -16
E 1431 4 -1 -16
E 1431 5 -1 -16
E 1431 6 -1 -16
T 1432 8 0 0 0
T 1433 6 0 7 1
E 1433 0 -1 -13
E 1433 1 -1 -13
E 1433 2 -1 -13
E 1433 3 -1 -13
E 1433 4 -1 -13
E 1433 5 -1 -13
E 1433 6 -1 -13
T 1434 10 0 0 0
T 1435 10 0 7 1
E 1435 0 -1 -17
E 1435 1 -1 -17
E 1435 2 -1 -17
E 1435 3 -1 -17
E 1435 4 -1 -17
E 1435 5 -1 -17
E 1435 6 -1 -17
T 1436 10 0 7 1
E 1436 0 -1 -17
E 1436 1 -1 -17
E 1436 2 -1 -17
E 1436 3 -1 -17
E 1436 4 -1 -17
E 1436 5 -1 -17
E 1436 6 -1 -17
T 1437 7 0 0 0
T 1438 6 0 0 0
T 1439 7 0 7 1
E 1439 0 -1 -14
E 1439 1 -1 -14
E 1439 2 -1 -14
E 1439 3 -1 -14
E 1439 4 -1 -14
E 1439 5 -1 -14
E 1439 6 -1 -14
T 1440 10 0 7 1
E 1440 0 4 38
E 1440 1 4 38
E 1440 2 4 38
E 1440 3 4 38
E 1440 4 4 38
E 1440 5 4 38
E 1440 6 4 38
T 1441 7 0 7 1
E 1441 0 1 14
E 1441 1 1 14
E 1441 2 1 14
E 1441 3 1 14
E 1441 4 1 14
E 1441 5 1 14
E 1441 6 1 14
T 1442 6 0 7 1
E 1442 0 1 13
E 1442 1 1 13
E 1442 2 1 13
E 1442 3 1 13
E 1442 4 1 13
E 1442 5 1 13
E 1442 6 1 13
T 1443 9 0 0 0
T 1444 8 0 7 1
E 1444 0 1 15
E 1444 1 1 15
E 1444 2 1 15
E 1444 3 1 15
E 1444 4 1 15
E 1444 5 1 15
E 1444 6 1 15
T 1445 6 0 0 0
T 1446 7 0 0 0
T 1447 8 0 0 0
T 1448 3 0 0 0
T 1449 9 0 0 0
T 1450 7 0 0 0
T 1451 7 0 0 0
T 1452 10 0 0 0
T 1453 7 0 7 1
E 1453 0 1 14
E 1453 1 1 14
E 1453 2 1 14
E 1453 3 1 14
E 1453 4 1 14
E 1453 5 1 14
E 1453 6 1 14
T 1454 11 0 0 0
T 1455 9 0 7 1
E 1455 0 1 16
E 1455 1 1 16
E 1455 2 1 16
E 1455 3 1 16
E 1455 4 1 16
E 1455 5 1 16
E 1455 6 1 16
T 1456 8 0 7 1
E 1456 0 1 15
E 1456 1 1 15
E 1456 2 1 15
E 1456 3 1 15
E 1456 4 1 15
E 1456 5 1 15
E 1456 6 1 15
T 1457 10 0 0 0
T 1458 5 0 0 0
T 1459 6 0 0 0
T 1460 7 0 0 0
T 1461 3 0 0 0
T 1462 0 0 0 0
T 1463 0 0 0 0
T 1464 5 0 0 0
T 1465 8 0 0 0
T 1466 7 0 0 0
T 1467 10 0 0 0
T 1468 7 0 0 0
T 1469 4 0 0 0
T 1470 7 0 0 0
T 1471 7 0 7 1
E 1471 0 1 14
E 1471 1 1 14
E 1471 2 1 14
E 1471 3 1 14
E 1471 4 1 14
E 1471 5 1 14
E 1471 6 1 14
T 1472 7 0 0 0
T 1473 7 0 0 0
T 1474 7 0 0 0
T 1475 6 0 0 0
T 1476 6 0 0 0
T 1477 8 0 0 0
T 1478 10 0 0 0
T 1479 10 0 7 1
E 1479 0 1 17
E 1479 1 1 17
E 1479 2 1 17
E 1479 3 1 17
E 1479 4 1 17
E 1479 5 1 17
E 1479 6 1 17
T 1480 6 0 7 1
E 1480 0 1 13
E 1480 1 1 13
E 1480 2 1 13
E 1480 3 1 13
E 1480 4 1 13
E 1480 5 1 13
E 1480 6 1 13
T 1481 11 0 0 0
T 1482 10 0 7 1
E 1482 0 1 17
E 1482 1 1 17
E 1482 2 1 17
E 1482 3 1 17
E 1482 4 1 17
E 1482 5 1 17
E 1482 6 1 17
T 1483 12 0 0 0
T 1484 4 0 7 1
E 1484 0 2 18
E 1484 1 2 18
E 1484 2 2 18
E 1484 3 2 18
E 1484 4 2 18
E 1484 5 2 18
E 1484 6 2 18
T 1485 9 0 0 0
T 1486 4 0 0 0
T 1487 0 0 0 0
T 1488 7 0 0 0
T 1489 5 0 0 0
T 1490 11 0 0 0
T 1491 7 0 7 1
E 1491 0 1 14
E 1491 1 1 14
E 1491 2 1 14
E 1491 3 1 14
E 1491 4 1 14
E 1491 5 1 14
E 1491 6 1 14
T 1492 7 0 7 1
E 1492 0 1 14
E 1492 1 1 14
E 1492 2 1 14
E 1492 3 1 14
E 1492 4 1 14
E 1492 5 1 14
E 1492 6 1 14
T 1493 8 0 0 0
T 1494 8 0 0 0
T 1495 7 0 0 0
T 1496 7 0 0 0
T 1497 3 0 0 0
T 1498 10 0 0 0
T 1499 9 0 0 0
T 1500 10 0 0 0
T 1501 7 0 7 1
E 1501 0 1 14
E 1501 1 1 14
E 1501 2 1 14
E 1501 3 1 14
E 1501 4 1 14
E 1501 5 1 14
E 1501 6 1 14
T 1502 3 0 0 0
T 1503 4 0 0 0
T 1504 11 0 0 0
T 1505 11 0 0 0
T 1506 4 0 7 1
E 1506 0 2 18
E 1506 1 2 18
E 1506 2 2 18
E 1506 3 2 18
E 1506 4 2 18
E 1506 5 2 18
E 1506 6 2 18
T 1507 8 0 0 0
T 1508 12 0 0 0
T 1509 9 0 0 0
T 1510 8 0 7 1
E 1510 0 1 15
E 1510 1 1 15
E 1510 2 1 15
E 1510 3 1 15
E 1510 4 1 15
E 1510 5 1 15
E 1510 6 1 15
T 1511 9 0 0 0
T 1512 6 0 7 1
E 1512 0 1 13
E 1512 1 1 13
E 1512 2 1 13
E 1512 3 1 13
E 1512 4 1 13
E 1512 5 1 13
E 1512 6 1 13
T 1513 12 0 0 0
T 1514 4 0 7 1
E 1514 0 2 18
E 1514 1 2 18
E 1514 2 2 18
E 1514 3 2 18
E 1514 4 2 18
E 1514 5 2 18
E 1514 6 2 18
T 1515 4 0 0 0
T 1516 9 0 0 0
T 1517 11 0 0 0
T 1518 11 0 0 0
T 1519 10 0 0 0
T 1520 12 0 0 0
T 1521 10 0 0 0
T 1522 4 0 7 1
E 1522 0 2 18
E 1522 1 2 18
E 1522 2 2 18
E 1522 3 2 18
E 1522 4 2 18
E 1522 5 2 18
E 1522 6 2 18
T 1523 11 0 0 0
T 1524 11 0 0 0
T 1525 10 0 0 0
T 1526 8 0 0 0
T 1527 9 0 0 0
T 1528 9 0 7 1
E 1528 0 1 16
E 1528 1 1 16
E 1528 2 1 16
E 1528 3 1 16
E 1528 4 1 16
E 1528 5 1 16
E 1528 6 1 16
T 1529 8 0 0 0
T 1530 8 0 0 0
T 1531 5 0 0 0
T 1532 9 0 0 0
T 1533 9 0 7 1
E 1533 0 1 16
E 1533 1 1 16
E 1533 2 1 16
E 1533 3 1 16
E 1533 4 1 16
E 1533 5 1 16
E 1533 6 1 16
T 1534 8 0 0 0
T 1535 9 0 0 0
T 1536 4 0 0 0
T 1537 3 0 0 0
T 1538 2 0 0 0
T 1539 3 0 0 0
T 1540 3 0 0 0
T 1541 10 0 0 0
T 1542 7 0 7 1
E 1542 0 -1 -14
E 1542 1 -1 -14
E 1542 2 -1 -14
E 1542 3 -1 -14
E 1542 4 -1 -14
E 1542 5 -1 -14
E 1542 6 -1 -14
T 1543 10 0 0 0
T 1544 6 0 0 0
T 1545 6 0 0 0
T 1546 9 0 0 0
T 1547 9 0 7 1
E 1547 0 -1 -16
E 1547 1 -1 -16
E 1547 2 -1 -16
E 1547 3 -1 -16
E 1547 4 -1 -16
E 1547 5 -1 -16
E 1547 6 -1 -16
T 1548 9 0 0 0
T 1549 5 0 0 0
T 1550 9 0 0 0
T 1551 11 0 0 0
T 1552 4 0 7 1
E 1552 0 -2 -18
E 1552 1 -2 -18
E 1552 2 -2 -18
E 1552 3 -2 -18
E 1552 4 -2 -18
E 1552 5 -2 -18
E 1552 6 -2 -18
T 1553 11 0 0 0
T 1554 8 0 7 1
E 1554 0 -1 -15
E 1554 1 -1 -15
E 1554 2 -1 -15
E 1554 3 -1 -15
E 1554 4 -1 -15
E 1554 5 -1 -15
E 1554 6 -1 -15
T 1555 8 0 0 0
T 1556 10 0 0 0
T 1557 8 0 7 1
E 1557 0 -1 -15
E 1557 1 -1 -15
E 1557 2 -1 -15
E 1557 3 -1 -15
E 1557 4 -1 -15
E 1557 5 -1 -15
E 1557 6 -1 -15
T 1558 4 0 0 0
T 1559 1 0 0 0
T 1560 6 0 0 0
T 1561 5 0 0 0
T 1562 12 0 0 0
T 1563 7 0 0 0
T 1564 7 0 0 0
T 1565 10 0 0 0
T 1566 6 0 0 0
T 1567 5 0 0 0
T 1568 7 0 0 0
T 1569 8 0 0 0
T 1570 4 0 0 0
T 1571 9 0 0 0
T 1572 9 0 7 1
E 1572 0 -1 -16
E 1572 1 -1 -16
E 1572 2 -1 -16
E 1572 3 -1 -16
E 1572 4 -1 -16
E 1572 5 -1 -16
E 1572 6 -1 -16
T 1573 8 0 0 0
T 1574 11 0 0 0
T 1575 7 0 7 1
E 1575 0 -1 -14
E 1575 1 -1 -14
E 1575 2 -1 -14
E 1575 3 -1 -14
E 1575 4 -1 -14
E 1575 5 -1 -14
E 1575 6 -1 -14
T 1576 10 0 0 0
T 1577 7 0 0 0
T 1578 10 0 0 0
T 1579 9 0 7 1
E 1579 0 -1 -16
E 1579 1 -1 -16
E 1579 2 -1 -16
E 1579 3 -1 -16
E 1579 4 -1 -16
E 1579 5 -1 -16
E 1579 6 -1 -16
T 1580 10 0 0 0
T 1581 10 0 0 0
T 1582 6 0 0 0
T 1583 9 0 0 0
T 1584 12 0 0 0
T 1585 12 0 0 0
T 1586 8 0 7 1
E 1586 0 -1 -15
E 1586 1 -1 -15
E 1586 2 -1 -15
E 1586 3 -1 -15
E 1586 4 -1 -15
E 1586 5 -1 -15
E 1586 6 -1 -15
T 1587 6 0 7 1
E 1587 0 -1 -13
E 1587 1 -1 -13
E 1587 2 -1 -13
E 1587 3 -1 -13
E 1587 4 -1 -13
E 1587 5 -1 -13
E 1587 6 -1 -13
T 1588 9 0 0 0
T 1589 7 0 7 1
E 1589 0 -1 -14
E 1589 1 -1 -14
E 1589 2 -1 -14
E 1589 3 -1 -14
E 1589 4 -1 -14
E 1589 5 -1 -14
E 1589 6 -1 -14
T 1590 2 0 0 0
T 1591 9 0 0 0
T 1592 11 0 0 0
T 1593 10 0 0 0
T 1594 6 0 0 0
T 1595 3 0 0 0
T 1596 2 0 0 0
T 1597 2 0 0 0
T 1598 0 0 0 0
T 1599 2 0 0 0
T 1600 7 0 0 0
T 1601 6 0 0 0
T 1602 8 0 0 0
T 1603 0 0 0 0
T 1604 4 0 0 0
T 1605 11 0 0 0
T 1606 7 0 7 1
E 1606 0 -1 -14
E 1606 1 -1 -14
E 1606 2 -1 -14
E 1606 3 -1 -14
E 1606 4 -1 -14
E 1606 5 -1 -14
E 1606 6 -1 -14
T 1607 3 0 0 0
T 1608 9 0 0 0
T 1609 6 0 7 1
E 1609 0 -1 -13
E 1609 1 -1 -13
E 1609 2 -1 -13
E 1609 3 -1 -13
E 1609 4 -1 -13
E 1609 5 -1 -13
E 1609 6 -1 -13
T 1610 6 0 0 0
T 1611 5 0 0 0
T 1612 11 0 0 0
T 1613 9 0 0 0
T 1614 11 0 0 0
T 1615 11 0 0 0
T 1616 9 0 0 0
T 1617 4 0 0 0
T 1618 8 0 0 0
T 1619 5 0 0 0
T 1620 6 0 0 0
T 1621 8 0 0 0
T 1622 12 0 0 0
T 1623 8 0 0 0
T 1624 7 0 7 1
E 1624 0 -1 -14
E 1624 1 -1 -14
E 1624 2 -1 -14
E 1624 3 -1 -14
E 1624 4 -1 -14
E 1624 5 -1 -14
E 1624 6 -1 -14
T 1625 2 0 0 0
T 1626 7 0 0 0
T 1627 12 0 0 0
T 1628 7 0 7 1
E 1628 0 -1 -14
E 1628 1 -1 -14
E 1628 2 -1 -14
E 1628 3 -1 -14
E 1628 4 -1 -14
E 1628 5 -1 -14
E 1628 6 -1 -14
T 1629 12 0 0 0
T 1630 7 0 0 0
T 1631 7 0 7 1
E 1631 0 -1 -14
E 1631 1 -1 -14
E 1631 2 -1 -14
E 1631 3 -1 -14
E 1631 4 -1 -14
E 1631 5 -1 -14
E 1631 6 -1 -14
T 1632 10 0 0 0
T 1633 8 0 7 1
E 1633 0 -1 -15
E 1633 1 -1 -15
E 1633 2 -1 -15
E 1633 3 -1 -15
E 1633 4 -1 -15
E 1633 5 -1 -15
E 1633 6 -1 -15
T 1634 7 0 0 0
T 1635 12 0 0 0
T 1636 11 0 0 0
T 1637 8 0 0 0
T 1638 6 0 0 0
T 1639 5 0 0 0
T 1640 12 0 0 0
T 1641 11 0 0 0
T 1642 11 0 0 0
T 1643 11 0 0 0
T 1644 11 0 0 0
T 1645 9 0 7 1
E 1645 0 -1 -16
E 1645 1 -1 -16
E 1645 2 -1 -16
E 1645 3 -1 -16
E 1645 4 -1 -16
E 1645 5 -1 -16
E 1645 6 -1 -16
T 1646 11 0 0 0
T 1647 6 0 7 1
E 1647 0 -1 -13
E 1647 1 -1 -13
E 1647 2 -1 -13
E 1647 3 -1 -13
E 1647 4 -1 -13
E 1647 5 -1 -13
E 1647 6 -1 -13
T 1648 5 0 0 0
T 1649 9 0 0 0
T 1650 8 0 0 0
T 1651 10 0 0 0
T 1652 6 0 7 1
E 1652 0 -1 -13
E 1652 1 -1 -13
E 1652 2 -1 -13
E 1652 3 -1 -13
E 1652 4 -1 -13
E 1652 5 -1 -13
E 1652 6 -1 -13
T 1653 2 0 0 0
T 1654 1 0 0 0
T 1655 1 0 0 0
T 1656 3 0 0 0
T 1657 8 0 0 0
T 1658 4 0 0 0
T 1659 6 0 0 0
T 1660 11 0 0 0
T 1661 5 0 0 0
T 1662 9 0 0 0
T 1663 5 0 0 0
T 1664 3 0 0 0
T 1665 7 0 0 0
T 1666 11 0 0 0
T 1667 10 0 0 0
T 1668 3 0 0 0
T 1669 5 0 0 0
T 1670 6 0 0 0
T 1671 5 0 0 0
T 1672 3 0 0 0
T 1673 2 0 0 0
T 1674 1 0 0 0
T 1675 4 0 0 0
T 1676 10 0 0 0
T 1677 10 0 7 1
E 1677 0 -1 -17
E 1677 1 -1 -17
E 1677 2 -1 -17
E 1677 3 -1 -17
E 1677 4 -1 -17
E 1677 5 -1 -17
E 1677 6 -1 -17
T 1678 8 0 7 1
E 1678 0 -1 -15
E 1678 1 -1 -15
E 1678 2 -1 -15
E 1678 3 -1 -15
E 1678 4 -1 -15
E 1678 5 -1 -15
E 1678 6 -1 -15
T 1679 9 0 0 0
T 1680 8 0 7 1
E 1680 0 4 36
E 1680 1 4 36
E 1680 2 4 36
E 1680 3 4 36
E 1680 4 4 36
E 1680 5 4 36
E 1680 6 4 36
T 1681 5 0 0 0
T 1682 12 0 0 0
T 1683 10 0 0 0
T 1684 4 0 7 1
E 1684 0 2 18
E 1684 1 2 18
E 1684 2 2 18
E 1684 3 2 18
E 1684 4 2 18
E 1684 5 2 18
E 1684 6 2 18
T 1685 11 0 0 0
T 1686 10 0 7 1
E 1686 0 1 17
E 1686 1 1 17
E 1686 2 1 17
E 1686 3 1 17
E 1686 4 1 17
E 1686 5 1 17
E 1686 6 1 17
T 1687 7 0 7 1
E 1687 0 1 14
E 1687 1 1 14
E 1687 2 1 14
E 1687 3 1 14
E 1687 4 1 14
E 1687 5 1 14
E 1687 6 1 14
T 1688 4 0 0 0
T 1689 5 0 0 0
T 1690 6 0 7 1
E 1690 0 1 13
E 1690 1 1 13
E 1690 2 1 13
E 1690 3 1 13
E 1690 4 1 13
E 1690 5 1 13
E 1690 6 1 13
T 1691 2 0 0 0
T 1692 2 0 0 0
T 1693 3 0 0 0
T 1694 2 0 0 0
T 1695 1 0 0 0
T 1696 4 0 0 0
T 1697 2 0 0 0
T 1698 8 0 0 0
T 1699 5 0 0 0
T 1700 11 0 0 0
T 1701 6 0 0 0
T 1702 9 0 0 0
T 1703 8 0 0 0
T 1704 5 0 0 0
T 1705 6 0 0 0
T 1706 7 0 0 0
T 1707 10 0 0 0
T 1708 11 0 0 0
T 1709 9 0 0 0
T 1710 10 0 7 1
E 1710 0 1 17
E 1710 1 1 17
E 1710 2 1 17
E 1710 3 1 17
E 1710 4 1 17
E 1710 5 1 17
E 1710 6 1 17
T 1711 11 0 0 0
T 1712 9 0 0 0
T 1713 11 0 0 0
T 1714 5 0 7 1
E 1714 0 2 19
E 1714 1 2 19
E 1714 2 2 19
E 1714 3 2 19
E 1714 4 2 19
E 1714 5 2 19
E 1714 6 2 19
T 1715 3 0 0 0
T 1716 9 0 0 0
T 1717 12 0 0 0
T 1718 12 0 0 0
T 1719 9 0 0 0
T 1720 7 0 0 0
T 1721 4 0 0 0
T 1722 5 0 0 0
T 1723 10 0 0 0
T 1724 7 0 7 1
E 1724 0 1 14
E 1724 1 1 14
E 1724 2 1 14
E 1724 3 1 14
E 1724 4 1 14
E 1724 5 1 14
E 1724 6 1 14
T 1725 6 0 0 0
T 1726 8 0 0 0
T 1727 8 0 7 1
E 1727 0 1 15
E 1727 1 1 15
E 1727 2 1 15
E 1727 3 1 15
E 1727 4 1 15
E 1727 5 1 15
E 1727 6 1 15
T 1728 8 0 0 0
T 1729 11 0 0 0
T 1730 4 0 7 1
E 1730 0 2 18
E 1730 1 2 18
E 1730 2 2 18
E 1730 3 2 18
E 1730 4 2 18
E 1730 5 2 18
E 1730 6 2 18
T 1731 1 0 0 0
T 1732 2 0 0 0
T 1733 6 0 0 0
T 1734 6 0 0 0
T 1735 11 0 0 0
T 1736 8 0 0 0
T 1737 6 0 7 1
E 1737 0 1 13
E 1737 1 1 13
E 1737 2 1 13
E 1737 3 1 13
E 1737 4 1 13
E 1737 5 1 13
E 1737 6 1 13
T 1738 6 0 0 0
T 1739 12 0 0 0
T 1740 10 0 0 0
T 1741 5 0 0 0
T 1742 8 0 0 0
T 1743 3 0 0 0
T 1744 3 0 0 0
T 1745 3 0 0 0
T 1746 6 0 0 0
T 1747 10 0 0 0
T 1748 7 0 0 0
T 1749 5 0 0 0
T 1750 9 0 0 0
T 1751 10 0 0 0
T 1752 6 0 7 1
E 1752 0 1 13
E 1752 1 1 13
E 1752 2 1 13
E 1752 3 1 13
E 1752 4 1 13
E 1752 5 1 13
E 1752 6 1 13
T 1753 10 0 0 0
T 1754 4 0 7 1
E 1754 0 2 18
E 1754 1 2 18
E 1754 2 2 18
E 1754 3 2 18
E 1754 4 2 18
E 1754 5 2 18
E 1754 6 2 18
T 1755 8 0 0 0
T 1756 4 0 0 0
T 1757 0 0 0 0
T 1758 3 0 0 0
T 1759 5 0 0 0
T 1760 8 0 0 0
T 1761 3 0 0 0
T 1762 1 0 0 0
T 1763 4 0 0 0
T 1764 5 0 0 0
T 1765 3 0 0 0
T 1766 6 0 0 0
T 1767 2 0 0 0
T 1768 5 0 0 0
T 1769 12 0 0 0
T 1770 8 0 7 1
E 1770 0 1 15
E 1770 1 1 15
E 1770 2 1 15
E 1770 3 1 15
E 1770 4 1 15
E 1770 5 1 15
E 1770 6 1 15
T 1771 4 0 0 0
T 1772 0 0 0 0
T 1773 1 0 0 0
T 1774 6 0 0 0
T 1775 6 0 0 0
T 1776 1 0 0 0
T 1777 0 0 0 0
T 1778 5 0 0 0
T 1779 0 0 0 0
T 1780 2 0 0 0
T 1781 6 0 0 0
T 1782 6 0 0 0
T 1783 9 0 0 0
T 1784 7 0 0 0
T 1785 9 0 0 0
T 1786 12 0 0 0
T 1787 8 0 7 1
E 1787 0 -1 -15
E 1787 1 -1 -15
E 1787 2 -1 -15
E 1787 3 -1 -15
E 1787 4 -1 -15
E 1787 5 -1 -15
E 1787 6 -1 -15
T 1788 8 0 7 1
E 1788 0 -1 -15
E 1788 1 -1 -15
E 1788 2 -1 -15
E 1788 3 -1 -15
E 1788 4 -1 -15
E 1788 5 -1 -15
E 1788 6 -1 -15
T 1789 6 0 0 0
T 1790 6 0 0 0
T 1791 5 0 0 0
T 1792 9 0 0 0
T 1793 9 0 7 1
E 1793 0 -1 -16
E 1793 1 -1 -16
E 1793 2 -1 -16
E 1793 3 -1 -16
E 1793 4 -1 -16
E 1793 5 -1 -16
E 1793 6 -1 -16
T 1794 8 0 7 1
E 1794 0 -1 -15
E 1794 1 -1 -15
E 1794 2 -1 -15
E 1794 3 -1 -15
E 1794 4 -1 -15
E 1794 5 -1 -15
E 1794 6 -1 -15
T 1795 5 0 0 0
T 1796 6 0 0 0
T 1797 3 0 0 0
T 1798 0 0 0 0
T 1799 0 0 0 0
T 1800 2 0 0 0
T 1801 7 0 0 0
T 1802 7 0 0 0
T 1803 4 0 0 0
T 1804 0 0 0 0
T 1805 7 0 0 0
T 1806 10 0 0 0
T 1807 10 0 7 1
E 1807 0 -1 -17
E 1807 1 -1 -17
E 1807 2 -1 -17
E 1807 3 -1 -17
E 1807 4 -1 -17
E 1807 5 -1 -17
E 1807 6 -1 -17
T 1808 8 0 0 0
T 1809 3 0 0 0
T 1810 2 0 0 0
T 1811 7 0 0 0
T 1812 8 0 0 0
T 1813 4 0 0 0
T 1814 10 0 0 0
T 1815 10 0 7 1
E 1815 0 -1 -17
E 1815 1 -1 -17
E 1815 2 -1 -17
E 1815 3 -1 -17
E 1815 4 -1 -17
E 1815 5 -1 -17
E 1815 6 -1 -17
T 1816 5 0 0 0
T 1817 4 0 0 0
T 1818 4 0 0 0
T 1819 1 0 0 0
T 1820 3 0 0 0
T 1821 6 0 0 0
T 1822 12 0 0 0
T 1823 12 0 0 0
T 1824 9 0 7 1
E 1824 0 -1 -16
E 1824 1 -1 -16
E 1824 2 -1 -16
E 1824 3 -1 -16
E 1824 4 -1 -16
E 1824 5 -1 -16
E 1824 6 -1 -16
T 1825 10 0 0 0
T 1826 9 0 7 1
E 1826 0 -1 -16
E 1826 1 -1 -16
E 1826 2 -1 -16
E 1826 3 -1 -16
E 1826 4 -1 -16
E 1826 5 -1 -16
E 1826 6 -1 -16
T 1827 8 0 7 1
E 1827 0 -1 -15
E 1827 1 -1 -15
E 1827 2 -1 -15
E 1827 3 -1 -15
E 1827 4 -1 -15
E 1827 5 -1 -15
E 1827 6 -1 -15
T 1828 4 0 0 0
T 1829 2 0 0 0
T 1830 9 0 0 0
T 1831 9 0 7 1
E 1831 0 -1 -16
E 1831 1 -1 -16
E 1831 2 -1 -16
E 1831 3 -1 -16
E 1831 4 -1 -16
E 1831 5 -1 -16
E 1831 6 -1 -16
T 1832 7 0 7 1
E 1832 0 -1 -14
E 1832 1 -1 -14
E 1832 2 -1 -14
E 1832 3 -1 -14
E 1832 4 -1 -14
E 1832 5 -1 -14
E 1832 6 -1 -14
T 1833 4 0 0 0
T 1834 2 0 0 0
T 1835 6 0 0 0
T 1836 12 0 0 0
T 1837 7 0 0 0
T 1838 7 0 0 0
T 1839 3 0 0 0
T 1840 4 0 0 0
T 1841 0 0 0 0
T 1842 3 0 0 0
T 1843 1 0 0 0
T 1844 9 0 0 0
T 1845 6 0 0 0
T 1846 10 0 0 0
T 1847 7 0 7 1
E 1847 0 -1 -14
E 1847 1 -1 -14
E 1847 2 -1 -14
E 1847 3 -1 -14
E 1847 4 -1 -14
E 1847 5 -1 -14
E 1847 6 -1 -14
T 1848 9 0 0 0
T 1849 6 0 0 0
T 1850 11 0 0 0
T 1851 8 0 0 0
T 1852 10 0 0 0
T 1853 9 0 0 0
T 1854 7 0 0 0
T 1855 6 0 0 0
T 1856 4 0 0 0
T 1857 6 0 0 0
T 1858 12 0 0 0
T 1859 8 0 0 0
T 1860 11 0 0 0
T 1861 10 0 0 0
T 1862 6 0 0 0
T 1863 11 0 0 0
T 1864 12 0 0 0
T 1865 5 0 7 1
E 1865 0 -2 -19
E 1865 1 -2 -19
E 1865 2 -2 -19
E 1865 3 -2 -19
E 1865 4 -2 -19
E 1865 5 -2 -19
E 1865 6 -2 -19
T 1866 5 0 0 0
T 1867 11 0 0 0
T 1868 9 0 0 0
T 1869 7 0 0 0
T 1870 3 0 0 0
T 1871 0 0 0 0
T 1872 1 0 0 0
T 1873 3 0 0 0
T 1874 1 0 0 0
T 1875 2 0 0 0
T 1876 2 0 0 0
T 1877 1 0 0 0
T 1878 5 0 0 0
T 1879 6 0 0 0
T 1880 2 0 0 0
T 1881 1 0 0 0
T 1882 0 0 0 0
T 1883 0 0 0 0
T 1884 3 0 0 0
T 1885 3 0 0 0
T 1886 5 0 0 0
T 1887 7 0 0 0
T 1888 7 0 0 0
T 1889 7 0 0 0
T 1890 5 0 0 0
T 1891 10 0 0 0
T 1892 10 0 7 1
E 1892 0 -1 -17
E 1892 1 -1 -17
E 1892 2 -1 -17
E 1892 3 -1 -17
E 1892 4 -1 -17
E 1892 5 -1 -17
E 1892 6 -1 -17
T 1893 8 0 0 0
T 1894 6 0 0 0
T 1895 6 0 0 0
T 1896 4 0 0 0
T 1897 8 0 0 0
T 1898 8 0 7 1
E 1898 0 -1 -15
E 1898 1 -1 -15
E 1898 2 -1 -15
E 1898 3 -1 -15
E 1898 4 -1 -15
E 1898 5 -1 -15
E 1898 6 -1 -15
T 1899 7 0 0 0
T 1900 11 0 0 0
T 1901 9 0 0 0
T 1902 7 0 7 1
E 1902 0 -1 -14
E 1902 1 -1 -14
E 1902 2 -1 -14
E 1902 3 -1 -14
E 1902 4 -1 -14
E 1902 5 -1 -14
E 1902 6 -1 -14
T 1903 12 0 0 0
T 1904 9 0 7 1
E 1904 0 -1 -16
E 1904 1 -1 -16
E 1904 2 -1 -16
E 1904 3 -1 -16
E 1904 4 -1 -16
E 1904 5 -1 -16
E 1904 6 -1 -16
T 1905 5 0 0 0
T 1906 1 0 0 0
T 1907 1 0 0 0
T 1908 4 0 0 0
T 1909 8 0 0 0
T 1910 3 0 0 0
T 1911 1 0 0 0
T 1912 4 0 0 0
T 1913 5 0 0 0
T 1914 1 0 0 0
T 1915 7 0 0 0
T 1916 6 0 7 1
E 1916 0 -1 -13
E 1916 1 -1 -13
E 1916 2 -1 -13
E 1916 3 -1 -13
E 1916 4 -1 -13
E 1916 5 -1 -13
E 1916 6 -1 -13
T 1917 5 0 0 0
T 1918 12 0 0 0
T 1919 5 0 7 1
E 1919 0 -2 -19
E 1919 1 -2 -19
E 1919 2 -2 -19
E 1919 3 -2 -19
E 1919 4 -2 -19
E 1919 5 -2 -19
E 1919 6 -2 -19
T 1920 10 0 7 1
E 1920 0 5 45
E 1920 1 5 45
E 1920 2 5 45
E 1920 3 5 45
E 1920 4 5 45
E 1920 5 5 45
E 1920 6 5 45
T 1921 10 0 7 1
E 1921 0 1 17
E 1921 1 1 17
E 1921 2 1 17
E 1921 3 1 17
E 1921 4 1 17
E 1921 5 1 17
E 1921 6 1 17
T 1922 6 0 0 0
T 1923 5 0 0 0
T 1924 8 0 0 0
T 1925 10 0 0 0
T 1926 7 0 7 1
E 1926 0 1 14
E 1926 1 1 14
E 1926 2 1 14
E 1926 3 1 14
E 1926 4 1 14
E 1926 5 1 14
E 1926 6 1 14
T 1927 3 0 0 0
T 1928 2 0 0 0
T 1929 3 0 0 0
T 1930 10 0 0 0
T 1931 12 0 0 0
T 1932 6 0 7 1
E 1932 0 1 13
E 1932 1 1 13
E 1932 2 1 13
E 1932 3 1 13
E 1932 4 1 13
E 1932 5 1 13
E 1932 6 1 13
T 1933 8 0 0 0
T 1934 7 0 0 0
T 1935 6 0 0 0
T 1936 8 0 0 0
T 1937 10 0 0 0
T 1938 6 0 0 0
T 1939 9 0 0 0
T 1940 7 0 7 1
E 1940 0 1 14
E 1940 1 1 14
E 1940 2 1 14
E 1940 3 1 14
E 1940 4 1 14
E 1940 5 1 14
E 1940 6 1 14
T 1941 6 0 0 0
T 1942 6 0 7 1
E 1942 0 1 13
E 1942 1 1 13
E 1942 2 1 13
E 1942 3 1 13
E 1942 4 1 13
E 1942 5 1 13
E 1942 6 1 13
T 1943 11 0 0 0
T 1944 10 0 7 1
E 1944 0 1 17
E 1944 1 1 17
E 1944 2 1 17
E 1944 3 1 17
E 1944 4 1 17
E 1944 5 1 17
E 1944 6 1 17
T 1945 11 0 0 0
T 1946 10 0 0 0
T 1947 10 0 0 0
T 1948 7 0 0 0
T 1949 12 0 0 0
T 1950 5 0 7 1
E 1950 0 2 19
E 1950 1 2 19
E 1950 2 2 19
E 1950 3 2 19
E 1950 4 2 19
E 1950 5 2 19
E 1950 6 2 19
T 1951 7 0 0 0
T 1952 3 0 0 0
T 1953 9 0 0 0
T 1954 7 0 0 0
T 1955 8 0 7 1
E 1955 0 1 15
E 1955 1 1 15
E 1955 2 1 15
E 1955 3 1 15
E 1955 4 1 15
E 1955 5 1 15
E 1955 6 1 15
T 1956 5 0 0 0
T 1957 4 0 0 0
T 1958 8 0 0 0
T 1959 8 0 0 0
T 1960 4 0 0 0
T 1961 11 0 0 0
T 1962 7 0 0 0
T 1963 8 0 0 0
T 1964 8 0 0 0
T 1965 11 0 0 0
T 1966 10 0 7 1
E 1966 0 1 17
E 1966 1 1 17
E 1966 2 1 17
E 1966 3 1 17
E 1966 4 1 17
E 1966 5 1 17
E 1966 6 1 17
T 1967 9 0 7 1
E 1967 0 1 16
E 1967 1 1 16
E 1967 2 1 16
E 1967 3 1 16
E 1967 4 1 16
E 1967 5 1 16
E 1967 6 1 16
T 1968 12 0 0 0
T 1969 8 0 7 1
E 1969 0 1 15
E 1969 1 1 15
E 1969 2 1 15
E 1969 3 1 15
E 1969 4 1 15
E 1969 5 1 15
E 1969 6 1 15
T 1970 12 0 0 0
T 1971 12 0 0 0
T 1972 8 0 0 0
T 1973 6 0 0 0
T 1974 9 0 0 0
T 1975 8 0 0 0
T 1976 5 0 0 0
T 1977 10 0 0 0
T 1978 12 0 0 0
T 1979 12 0 0 0
T 1980 4 0 7 1
E 1980 0 2 18
E 1980 1 2 18
E 1980 2 2 18
E 1980 3 2 18
E 1980 4 2 18
E 1980 5 2 18
E 1980 6 2 18
T 1981 7 0 0 0
T 1982 6 0 0 0
T 1983 3 0 0 0
T 1984 5 0 0 0
T 1985 6 0 7 1
E 1985 0 1 13
E 1985 1 1 13
E 1985 2 1 13
E 1985 3 1 13
E 1985 4 1 13
E 1985 5 1 13
E 1985 6 1 13
T 1986 3 0 0 0
T 1987 6 0 0 0
T 1988 7 0 0 0
T 1989 11 0 0 0
T 1990 9 0 0 0
T 1991 6 0 0 0
T 1992 12 0 0 0
T 1993 6 0 7 1
E 1993 0 1 13
E 1993 1 1 13
E 1993 2 1 13
E 1993 3 1 13
E 1993 4 1 13
E 1993 5 1 13
E 1993 6 1 13
T 1994 11 0 0 0
T 1995 5 0 7 1
E 1995 0 2 19
E 1995 1 2 19
E 1995 2 2 19
E 1995 3 2 19
E 1995 4 2 19
E 1995 5 2 19
E 1995 6 2 19
T 1996 5 0 0 0
T 1997 11 0 0 0
T 1998 7 0 7 1
E 1998 0 1 14
E 1998 1 1 14
E 1998 2 1 14
E 1998 3 1 14
E 1998 4 1 14
E 1998 5 1 14
E 1998 6 1 14
T 1999 7 0 0 0
T 2000 11 0 0 0
T 2001 9 0 0 0
T 2002 11 0 0 0
T 2003 12 0 0 0
T 2004 8 0 0 0
T 2005 9 0 0 0
T 2006 10 0 0 0
T 2007 6 0 0 0
T 2008 4 0 0 0
T 2009 7 0 0 0
T 2010 9 0 0 0
T 2011 12 0 0 0
T 2012 11 0 0 0
T 2013 9 0 0 0
T 2014 5 0 0 0
T 2015 9 0 0 0
T 2016 12 0 0 0
T 2017 10 0 7 1
E 2017 0 1 17
E 2017 1 1 17
E 2017 2 1 17
E 2017 3 1 17
E 2017 4 1 17
E 2017 5 1 17
E 2017 6 1 17
T 2018 12 0 0 0
T 2019 8 0 0 0
T 2020 8 0 0 0
T 2021 3 0 0 0
T 2022 4 0 0 0
T 2023 6 0 0 0
T 2024 7 0 0 0
T 2025 10 0 0 0
T 2026 9 0 0 0
T 2027 7 0 7 1
E 2027 0 1 14
E 2027 1 1 14
E 2027 2 1 14
E 2027 3 1 14
E 2027 4 1 14
E 2027 5 1 14
E 2027 6 1 14
T 2028 5 0 0 0
T 2029 4 0 0 0
T 2030 5 0 0 0
T 2031 4 0 0 0
T 2032 8 0 0 0
T 2033 9 0 0 0
T 2034 10 0 0 0
T 2035 12 0 0 0
T 2036 7 0 7 1
E 2036 0 1 14
E 2036 1 1 14
E 2036 2 1 14
E 2036 3 1 14
E 2036 4 1 14
E 2036 5 1 14
E 2036 6 1 14
T 2037 1 0 0 0
T 2038 1 0 0 0
T 2039 5 0 0 0
T 2040 10 0 0 0
T 2041 11 0 0 0
T 2042 7 0 7 1
E 2042 0 -1 -14
E 2042 1 -1 -14
E 2042 2 -1 -14
E 2042 3 -1 -14
E 2042 4 -1 -14
E 2042 5 -1 -14
E 2042 6 -1 -14
T 2043 9 0 0 0
T 2044 10 0 0 0
T 2045 7 0 0 0
T 2046 9 0 0 0
T 2047 6 0 0 0
T 2048 3 0 0 0
T 2049 0 0 0 0
T 2050 2 0 0 0
T 2051 5 0 0 0
T 2052 12 0 0 0
T 2053 6 0 7 1
E 2053 0 -1 -13
E 2053 1 -1 -13
E 2053 2 -1 -13
E 2053 3 -1 -13
E 2053 4 -1 -13
E 2053 5 -1 -13
E 2053 6 -1 -13
T 2054 8 0 0 0
T 2055 3 0 0 0
T 2056 7 0 0 0
T 2057 4 0 0 0
T 2058 8 0 0 0
T 2059 7 0 7 1
E 2059 0 -1 -14
E 2059 1 -1 -14
E 2059 2 -1 -14
E 2059 3 -1 -14
E 2059 4 -1 -14
E 2059 5 -1 -14
E 2059 6 -1 -14
T 2060 11 0 0 0
T 2061 7 0 0 0
T 2062 6 0 7 1
E 2062 0 -1 -13
E 2062 1 -1 -13
E 2062 2 -1 -13
E 2062 3 -1 -13
E 2062 4 -1 -13
E 2062 5 -1 -13
E 2062 6 -1 -13
T 2063 9 0 0 0
T 2064 6 0 0 0
T 2065 5 0 0 0
T 2066 5 0 0 0
T 2067 0 0 0 0
T 2068 4 0 0 0
T 2069 12 0 0 0
T 2070 10 0 0 0
T 2071 8 0 0 0
T 2072 6 0 0 0
T 2073 6 0 0 0
T 2074 7 0 0 0
T 2075 3 0 0 0
T 2076 10 0 0 0
T 2077 10 0 7 1
E 2077 0 -1 -17
E 2077 1 -1 -17
E 2077 2 -1 -17
E 2077 3 -1 -17
E 2077 4 -1 -17
E 2077 5 -1 -17
E 2077 6 -1 -17
T 2078 8 0 0 0
T 2079 12 0 0 0
T 2080 6 0 7 1
E 2080 0 -1 -13
E 2080 1 -1 -13
E 2080 2 -1 -13
E 2080 3 -1 -13
E 2080 4 -1 -13
E 2080 5 -1 -13
E 2080 6 -1 -13
T 2081 3 0 0 0
T 2082 5 0 0 0
T 2083 9 0 0 0
T 2084 10 0 7 1
E 2084 0 -1 -17
E 2084 1 -1 -17
E 2084 2 -1 -17
E 2084 3 -1 -17
E 2084 4 -1 -17
E 2084 5 -1 -17
E 2084 6 -1 -17
T 2085 8 0 7 1
E 2085 0 -1 -15
E 2085 1 -1 -15
E 2085 2 -1 -15
E 2085 3 -1 -15
E 2085 4 -1 -15
E 2085 5 -1 -15
E 2085 6 -1 -15
T 2086 8 0 0 0
T 2087 6 0 0 0
T 2088 8 0 0 0
T 2089 7 0 0 0
T 2090 10 0 0 0
T 2091 6 0 7 1
E 2091 0 -1 -13
E 2091 1 -1 -13
E 2091 2 -1 -13
E 2091 3 -1 -13
E 2091 4 -1 -13
E 2091 5 -1 -13
E 2091 6 -1 -13
T 2092 6 0 0 0
T 2093 7 0 0 0
T 2094 6 0 0 0
T 2095 9 0 0 0
T 2096 12 0 0 0
T 2097 9 0 7 1
E 2097 0 -1 -16
E 2097 1 -1 -16
E 2097 2 -1 -16
E 2097 3 -1 -16
E 2097 4 -1 -16
E 2097 5 -1 -16
E 2097 6 -1 -16
T 2098 12 0 0 0
T 2099 8 0 0 0
T 2100 7 0 7 1
E 2100 0 -1 -14
E 2100 1 -1 -14
E 2100 2 -1 -14
E 2100 3 -1 -14
E 2100 4 -1 -14
E 2100 5 -1 -14
E 2100 6 -1 -14
T 2101 10 0 0 0
T 2102 5 0 0 0
T 2103 3 0 0 0
T 2104 4 0 0 0
T 2105 1 0 0 0
T 2106 7 0 0 0
T 2107 8 0 0 0
T 2108 9 0 0 0
T 2109 12 0 0 0
T 2110 10 0 7 1
E 2110 0 -1 -17
E 2110 1 -1 -17
E 2110 2 -1 -17
E 2110 3 -1 -17
E 2110 4 -1 -17
E 2110 5 -1 -17
E 2110 6 -1 -17
T 2111 10 0 7 1
E 2111 0 -1 -17
E 2111 1 -1 -17
E 2111 2 -1 -17
E 2111 3 -1 -17
E 2111 4 -1 -17
E 2111 5 -1 -17
E 2111 6 -1 -17
T 2112 12 0 0 0
T 2113 7 0 7 1
E 2113 0 -1 -14
E 2113 1 -1 -14
E 2113 2 -1 -14
E 2113 3 -1 -14
E 2113 4 -1 -14
E 2113 5 -1 -14
E 2113 6 -1 -14
T 2114 7 0 7 1
E 2114 0 -1 -14
E 2114 1 -1 -14
E 2114 2 -1 -14
E 2114 3 -1 -14
E 2114 4 -1 -14
E 2114 5 -1 -14
E 2114 6 -1 -14
T 2115 9 0 0 0
T 2116 6 0 0 0
T 2117 10 0 0 0
T 2118 6 0 0 0
T 2119 8 0 0 0
T 2120 6 0 0 0
T 2121 3 0 0 0
T 2122 9 0 0 0
T 2123 9 0 0 0
T 2124 9 0 0 0
T 2125 11 0 0 0
T 2126 11 0 0 0
T 2127 9 0 0 0
T 2128 6 0 0 0
T 2129 2 0 0 0
T 2130 1 0 0 0
T 2131 4 0 0 0
T 2132 2 0 0 0
T 2133 5 0 0 0
T 2134 5 0 0 0
T 2135 5 0 0 0
T 2136 8 0 0 0
T 2137 7 0 0 0
T 2138 0 0 0 0
T 2139 2 0 0 0
T 2140 3 0 0 0
T 2141 3 0 0 0
T 2142 3 0 0 0
T 2143 1 0 0 0
T 2144 1 0 0 0
T 2145 3 0 0 0
T 2146 6 0 0 0
T 2147 10 0 0 0
T 2148 9 0 0 0
T 2149 7 0 7 1
E 2149 0 -1 -14
E 2149 1 -1 -14
E 2149 2 -1 -14
E 2149 3 -1 -14
E 2149 4 -1 -14
E 2149 5 -1 -14
E 2149 6 -1 -14
T 2150 7 0 0 0
T 2151 7 0 7 1
E 2151 0 -1 -14
E 2151 1 -1 -14
E 2151 2 -1 -14
E 2151 3 -1 -14
E 2151 4 -1 -14
E 2151 5 -1 -14
E 2151 6 -1 -14
T 2152 10 0 0 0
T 2153 9 0 0 0
T 2154 6 0 7 1
E 2154 0 -1 -13
E 2154 1 -1 -13
E 2154 2 -1 -13
E 2154 3 -1 -13
E 2154 4 -1 -13
E 2154 5 -1 -13
E 2154 6 -1 -13
T 2155 12 0 0 0
T 2156 10 0 0 0
T 2157 12 0 0 0
T 2158 6 0 7 1
E 2158 0 -2 -20
E 2158 1 -2 -20
E 2158 2 -2 -20
E 2158 3 -2 -20
E 2158 4 -2 -20
E 2158 5 -2 -20
E 2158 6 -2 -20
T 2159 11 0 0 0
T 2160 11 0 7 1
E 2160 0 4 39
E 2160 1 4 39
E 2160 2 4 39
E 2160 3 4 39
E 2160 4 4 39
E 2160 5 4 39
E 2160 6 4 39
T 2161 12 0 0 0
T 2162 12 0 0 0
T 2163 8 0 7 1
E 2163 0 1 15
E 2163 1 1 15
E 2163 2 1 15
E 2163 3 1 15
E 2163 4 1 15
E 2163 5 1 15
E 2163 6 1 15
T 2164 4 0 0 0
T 2165 0 0 0 0
T 2166 2 0 0 0
T 2167 6 0 0 0
T 2168 1 0 0 0
T 2169 2 0 0 0
T 2170 6 0 0 0
T 2171 6 0 0 0
T 2172 5 0 0 0
T 2173 7 0 0 0
T 2174 8 0 0 0
T 2175 6 0 0 0
T 2176 12 0 0 0
T 2177 8 0 7 1
E 2177 0 1 15
E 2177 1 1 15
E 2177 2 1 15
E 2177 3 1 15
E 2177 4 1 15
E 2177 5 1 15
E 2177 6 1 15
T 2178 7 0 0 0
T 2179 7 0 0 0
T 2180 6 0 0 0
T 2181 4 0 0 0
T 2182 5 0 0 0
T 2183 0 0 0 0
T 2184 1 0 0 0
T 2185 1 0 0 0
T 2186 2 0 0 0
T 2187 1 0 0 0
T 2188 2 0 0 0
T 2189 4 0 0 0
T 2190 6 0 0 0
T 2191 12 0 0 0
T 2192 4 0 7 1
E 2192 0 2 18
E 2192 1 2 18
E 2192 2 2 18
E 2192 3 2 18
E 2192 4 2 18
E 2192 5 2 18
E 2192 6 2 18
T 2193 6 0 0 0
T 2194 12 0 0 0
T 2195 6 0 7 1
E 2195 0 1 13
E 2195 1 1 13
E 2195 2 1 13
E 2195 3 1 13
E 2195 4 1 13
E 2195 5 1 13
E 2195 6 1 13
T 2196 12 0 0 0
T 2197 8 0 7 1
E 2197 0 1 15
E 2197 1 1 15
E 2197 2 1 15
E 2197 3 1 15
E 2197 4 1 15
E 2197 5 1 15
E 2197 6 1 15
T 2198 8 0 7 1
E 2198 0 1 15
E 2198 1 1 15
E 2198 2 1 15
E 2198 3 1 15
E 2198 4 1 15
E 2198 5 1 15
E 2198 6 1 15
T 2199 6 0 7 1
E 2199 0 1 13
E 2199 1 1 13
E 2199 2 1 13
E 2199 3 1 13
E 2199 4 1 13
E 2199 5 1 13
E 2199 6 1 13
T 2200 2 0 0 0
T 2201 2 0 0 0
T 2202 5 0 0 0
T 2203 9 0 0 0
T 2204 6 0 7 1
E 2204 0 1 13
E 2204 1 1 13
E 2204 2 1 13
E 2204 3 1 13
E 2204 4 1 13
E 2204 5 1 13
E 2204 6 1 13
T 2205 7 0 7 1
E 2205 0 1 14
E 2205 1 1 14
E 2205 2 1 14
E 2205 3 1 14
E 2205 4 1 14
E 2205 5 1 14
E 2205 6 1 14
T 2206 10 0 0 0
T 2207 12 0 0 0
T 2208 7 0 7 1
E 2208 0 1 14
E 2208 1 1 14
E 2208 2 1 14
E 2208 3 1 14
E 2208 4 1 14
E 2208 5 1 14
E 2208 6 1 14
T 2209 8 0 7 1
E 2209 0 1 15
E 2209 1 1 15
E 2209 2 1 15
E 2209 3 1 15
E 2209 4 1 15
E 2209 5 1 15
E 2209 6 1 15
T 2210 5 0 0 0
T 2211 4 0 0 0
T 2212 2 0 0 0
T 2213 3 0 0 0
T 2214 1 0 0 0
T 2215 0 0 0 0
T 2216 5 0 0 0
T 2217 4 0 0 0
T 2218 7 0 0 0
T 2219 7 0 0 0
T 2220 5 0 0 0
T 2221 6 0 0 0
T 2222 2 0 0 0
T 2223 7 0 0 0
T 2224 5 0 0 0
T 2225 5 0 0 0
T 2226 0 0 0 0
T 2227 3 0 0 0
T 2228 5 0 0 0
T 2229 9 0 0 0
T 2230 7 0 0 0
T 2231 1 0 0 0
T 2232 5 0 0 0
T 2233 4 0 0 0
T 2234 0 0 0 0
T 2235 2 0 0 0
T 2236 1 0 0 0
T 2237 2 0 0 0
T 2238 1 0 0 0
T 2239 3 0 0 0
T 2240 5 0 0 0
T 2241 0 0 0 0
T 2242 4 0 0 0
T 2243 8 0 0 0
T 2244 4 0 0 0
T 2245 9 0 0 0
T 2246 8 0 0 0
T 2247 6 0 7 1
E 2247 0 1 13
E 2247 1 1 13
E 2247 2 1 13
E 2247 3 1 13
E 2247 4 1 13
E 2247 5 1 13
E 2247 6 1 13
T 2248 7 0 0 0
T 2249 8 0 0 0
T 2250 5 0 0 0
T 2251 6 0 0 0
T 2252 5 0 0 0
T 2253 4 0 0 0
T 2254 10 0 0 0
T 2255 7 0 0 0
T 2256 7 0 0 0
T 2257 3 0 0 0
T 2258 3 0 0 0
T 2259 2 0 0 0
T 2260 1 0 0 0
T 2261 2 0 0 0
T 2262 8 0 0 0
T 2263 4 0 0 0
T 2264 2 0 0 0
T 2265 4 0 0 0
T 2266 3 0 0 0
T 2267 3 0 0 0
T 2268 7 0 0 0
T 2269 9 0 0 0
T 2270 11 0 0 0
T 2271 8 0 7 1
E 2271 0 -1 -15
E 2271 1 -1 -15
E 2271 2 -1 -15
E 2271 3 -1 -15
E 2271 4 -1 -15
E 2271 5 -1 -15
E 2271 6 -1 -15
T 2272 8 0 7 1
E 2272 0 -1 -15
E 2272 1 -1 -15
E 2272 2 -1 -15
E 2272 3 -1 -15
E 2272 4 -1 -15
E 2272 5 -1 -15
E 2272 6 -1 -15
T 2273 8 0 0 0
T 2274 7 0 0 0
T 2275 8 0 0 0
T 2276 4 0 0 0
T 2277 7 0 0 0
T 2278 9 0 0 0
T 2279 11 0 0 0
T 2280 4 0 7 1
E 2280 0 -2 -18
E 2280 1 -2 -18
E 2280 2 -2 -18
E 2280 3 -2 -18
E 2280 4 -2 -18
E 2280 5 -2 -18
E 2280 6 -2 -18
T 2281 1 0 0 0
T 2282 4 0 0 0
T 2283 1 0 0 0
T 2284 2 0 0 0
T 2285 3 0 0 0
T 2286 1 0 0 0
T 2287 8 0 0 0
T 2288 7 0 7 1
E 2288 0 -1 -14
E 2288 1 -1 -14
E 2288 2 -1 -14
E 2288 3 -1 -14
E 2288 4 -1 -14
E 2288 5 -1 -14
E 2288 6 -1 -14
T 2289 5 0 0 0
T 2290 3 0 0 0
T 2291 1 0 0 0
T 2292 6 0 0 0
T 2293 8 0 0 0
T 2294 8 0 7 1
E 2294 0 -1 -15
E 2294 1 -1 -15
E 2294 2 -1 -15
E 2294 3 -1 -15
E 2294 4 -1 -15
E 2294 5 -1 -15
E 2294 6 -1 -15
T 2295 6 0 7 1
E 2295 0 -1 -13
E 2295 1 -1 -13
E 2295 2 -1 -13
E 2295 3 -1 -13
E 2295 4 -1 -13
E 2295 5 -1 -13
E 2295 6 -1 -13
T 2296 4 0 0 0
T 2297 3 0 0 0
T 2298 5 0 0 0
T 2299 7 0 0 0
T 2300 9 0 0 0
T 2301 10 0 0 0
T 2302 10 0 7 1
E 2302 0 -1 -17
E 2302 1 -1 -17
E 2302 2 -1 -17
E 2302 3 -1 -17
E 2302 4 -1 -17
E 2302 5 -1 -17
E 2302 6 -1 -17
T 2303 8 0 7 1
E 2303 0 -1 -15
E 2303 1 -1 -15
E 2303 2 -1 -15
E 2303 3 -1 -15
E 2303 4 -1 -15
E 2303 5 -1 -15
E 2303 6 -1 -15
T 2304 8 0 7 1
E 2304 0 -1 -15
E 2304 1 -1 -15
E 2304 2 -1 -15
E 2304 3 -1 -15
E 2304 4 -1 -15
E 2304 5 -1 -15
E 2304 6 -1 -15
T 2305 7 0 7 1
E 2305 0 -1 -14
E 2305 1 -1 -14
E 2305 2 -1 -14
E 2305 3 -1 -14
E 2305 4 -1 -14
E 2305 5 -1 -14
E 2305 6 -1 -14
T 2306 9 0 0 0
T 2307 11 0 0 0
T 2308 4 0 7 1
E 2308 0 -2 -18
E 2308 1 -2 -18
E 2308 2 -2 -18
E 2308 3 -2 -18
E 2308 4 -2 -18
E 2308 5 -2 -18
E 2308 6 -2 -18
T 2309 9 0 0 0
T 2310 9 0 7 1
E 2310 0 -1 -16
E 2310 1 -1 -16
E 2310 2 -1 -16
E 2310 3 -1 -16
E 2310 4 -1 -16
E 2310 5 -1 -16
E 2310 6 -1 -16
T 2311 5 0 0 0
T 2312 6 0 0 0
T 2313 7 0 0 0
T 2314 3 0 0 0
T 2315 7 0 0 0
T 2316 5 0 0 0
T 2317 5 0 0 0
T 2318 7 0 0 0
T 2319 7 0 0 0
T 2320 6 0 0 0
T 2321 9 0 0 0
T 2322 6 0 0 0
T 2323 12 0 0 0
T 2324 6 0 7 1
E 2324 0 -2 -20
E 2324 1 -2 -20
E 2324 2 -2 -20
E 2324 3 -2 -20
E 2324 4 -2 -20
E 2324 5 -2 -20
E 2324 6 -2 -20
T 2325 10 0 0 0
T 2326 10 0 7 1
E 2326 0 -1 -17
E 2326 1 -1 -17
E 2326 2 -1 -17
E 2326 3 -1 -17
E 2326 4 -1 -17
E 2326 5 -1 -17
E 2326 6 -1 -17
T 2327 12 0 0 0
T 2328 11 0 0 0
T 2329 9 0 0 0
T 2330 4 0 0 0
T 2331 10 0 0 0
T 2332 8 0 0 0
T 2333 9 0 7 1
E 2333 0 -1 -16
E 2333 1 -1 -16
E 2333 2 -1 -16
E 2333 3 -1 -16
E 2333 4 -1 -16
E 2333 5 -1 -16
E 2333 6 -1 -16
T 2334 8 0 7 1
E 2334 0 -1 -15
E 2334 1 -1 -15
E 2334 2 -1 -15
E 2334 3 -1 -15
E 2334 4 -1 -15
E 2334 5 -1 -15
E 2334 6 -1 -15
T 2335 3 0 0 0
T 2336 5 0 0 0
T 2337 2 0 0 0
T 2338 2 0 0 0
T 2339 4 0 0 0
T 2340 7 0 0 0
T 2341 12 0 0 0
T 2342 9 0 7 1
E 2342 0 -1 -16
E 2342 1 -1 -16
E 2342 2 -1 -16
E 2342 3 -1 -16
E 2342 4 -1 -16
E 2342 5 -1 -16
E 2342 6 -1 -16
T 2343 7 0 0 0
T 2344 9 0 0 0
T 2345 4 0 0 0
T 2346 12 0 0 0
T 2347 12 0 0 0
T 2348 11 0 0 0
T 2349 7 0 7 1
E 2349 0 -1 -14
E 2349 1 -1 -14
E 2349 2 -1 -14
E 2349 3 -1 -14
E 2349 4 -1 -14
E 2349 5 -1 -14
E 2349 6 -1 -14
T 2350 6 0 0 0
T 2351 6 0 0 0
T 2352 6 0 7 1
E 2352 0 -1 -13
E 2352 1 -1 -13
E 2352 2 -1 -13
E 2352 3 -1 -13
E 2352 4 -1 -13
E 2352 5 -1 -13
E 2352 6 -1 -13
T 2353 6 0 0 0
T 2354 7 0 7 1
E 2354 0 -1 -14
E 2354 1 -1 -14
E 2354 2 -1 -14
E 2354 3 -1 -14
E 2354 4 -1 -14
E 2354 5 -1 -14
E 2354 6 -1 -14
T 2355 2 0 0 0
T 2356 1 0 0 0
T 2357 1 0 0 0
T 2358 7 0 0 0
T 2359 8 0 7 1
E 2359 0 -1 -15
E 2359 1 -1 -15
E 2359 2 -1 -15
E 2359 3 -1 -15
E 2359 4 -1 -15
E 2359 5 -1 -15
E 2359 6 -1 -15
T 2360 4 0 0 0
T 2361 9 0 0 0
T 2362 5 0 0 0
T 2363 3 0 0 0
T 2364 6 0 0 0
T 2365 5 0 0 0
T 2366 11 0 0 0
T 2367 9 0 7 1
E 2367 0 -1 -16
E 2367 1 -1 -16
E 2367 2 -1 -16
E 2367 3 -1 -16
E 2367 4 -1 -16
E 2367 5 -1 -16
E 2367 6 -1 -16
T 2368 10 0 7 1
E 2368 0 -1 -17
E 2368 1 -1 -17
E 2368 2 -1 -17
E 2368 3 -1 -17
E 2368 4 -1 -17
E 2368 5 -1 -17
E 2368 6 -1 -17
T 2369 8 0 7 1
E 2369 0 -1 -15
E 2369 1 -1 -15
E 2369 2 -1 -15
E 2369 3 -1 -15
E 2369 4 -1 -15
E 2369 5 -1 -15
E 2369 6 -1 -15
T 2370 6 0 0 0
T 2371 3 0 0 0
T 2372 4 0 0 0
T 2373 0 0 0 0
T 2374 8 0 0 0
T 2375 6 0 0 0
T 2376 7 0 0 0
T 2377 7 0 7 1
E 2377 0 -1 -14
E 2377 1 -1 -14
E 2377 2 -1 -14
E 2377 3 -1 -14
E 2377 4 -1 -14
E 2377 5 -1 -14
E 2377 6 -1 -14
T 2378 6 0 7 1
E 2378 0 -1 -13
E 2378 1 -1 -13
E 2378 2 -1 -13
E 2378 3 -1 -13
E 2378 4 -1 -13
E 2378 5 -1 -13
E 2378 6 -1 -13
T 2379 6 0 0 0
T 2380 6 0 7 1
E 2380 0 -1 -13
E 2380 1 -1 -13
E 2380 2 -1 -13
E 2380 3 -1 -13
E 2380 4 -1 -13
E 2380 5 -1 -13
E 2380 6 -1 -13
T 2381 6 0 7 1
E 2381 0 -1 -13
E 2381 1 -1 -13
E 2381 2 -1 -13
E 2381 3 -1 -13
E 2381 4 -1 -13
E 2381 5 -1 -13
E 2381 6 -1 -13
T 2382 2 0 0 0
T 2383 9 0 0 0
T 2384 6 0 7 1
E 2384 0 -1 -13
E 2384 1 -1 -13
E 2384 2 -1 -13
E 2384 3 -1 -13
E 2384 4 -1 -13
E 2384 5 -1 -13
E 2384 6 -1 -13
T 2385 7 0 0 0
T 2386 6 0 0 0
T 2387 9 0 0 0
T 2388 7 0 7 1
E 2388 0 -1 -14
E 2388 1 -1 -14
E 2388 2 -1 -14
E 2388 3 -1 -14
E 2388 4 -1 -14
E 2388 5 -1 -14
E 2388 6 -1 -14
T 2389 10 0 0 0
T 2390 10 0 0 0
T 2391 8 0 0 0
T 2392 12 0 0 0
T 2393 8 0 7 1
E 2393 0 -1 -15
E 2393 1 -1 -15
E 2393 2 -1 -15
E 2393 3 -1 -15
E 2393 4 -1 -15
E 2393 5 -1 -15
E 2393 6 -1 -15
T 2394 5 0 0 0
T 2395 0 0 0 0
T 2396 4 0 0 0
T 2397 2 0 0 0
T 2398 4 0 0 0
T 2399 10 0 0 0
T 2400 14 0 7 1
E 2400 0 4 42
E 2400 1 4 42
E 2400 2 4 42
E 2400 3 4 42
E 2400 4 4 42
E 2400 5 4 42
E 2400 6 4 42
T 2401 4 0 7 1
E 2401 0 2 18
E 2401 1 2 18
E 2401 2 2 18
E 2401 3 2 18
E 2401 4 2 18
E 2401 5 2 18
E 2401 6 2 18
T 2402 4 0 0 0
T 2403 3 0 0 0
T 2404 10 0 0 0
T 2405 10 0 0 0
T 2406 5 0 0 0
T 2407 7 0 0 0
T 2408 2 0 0 0
T 2409 5 0 0 0
T 2410 9 0 0 0
T 2411 5 0 0 0
T 2412 7 0 0 0
T 2413 10 0 0 0
T 2414 11 0 0 0
T 2415 7 0 7 1
E 2415 0 1 14
E 2415 1 1 14
E 2415 2 1 14
E 2415 3 1 14
E 2415 4 1 14
E 2415 5 1 14
E 2415 6 1 14
T 2416 5 0 0 0
T 2417 5 0 0 0
T 2418 0 0 0 0
T 2419 2 0 0 0
T 2420 3 0 0 0
T 2421 2 0 0 0
T 2422 5 0 0 0
T 2423 4 0 0 0
T 2424 5 0 0 0
T 2425 1 0 0 0
T 2426 7 0 0 0
T 2427 7 0 7 1
E 2427 0 1 14
E 2427 1 1 14
E 2427 2 1 14
E 2427 3 1 14
E 2427 4 1 14
E 2427 5 1 14
E 2427 6 1 14
T 2428 7 0 0 0
T 2429 4 0 0 0
T 2430 2 0 0 0
T 2431 2 0 0 0
T 2432 2 0 0 0
T 2433 6 0 0 0
T 2434 3 0 0 0
T 2435 9 0 0 0
T 2436 5 0 0 0
T 2437 2 0 0 0
T 2438 9 0 0 0
T 2439 12 0 0 0
T 2440 6 0 7 1
E 2440 0 2 20
E 2440 1 2 20
E 2440 2 2 20
E 2440 3 2 20
E 2440 4 2 20
E 2440 5 2 20
E 2440 6 2 20
T 2441 4 0 0 0
T 2442 0 0 0 0
T 2443 1 0 0 0
T 2444 4 0 0 0
T 2445 0 0 0 0
T 2446 5 0 0 0
T 2447 0 0 0 0
T 2448 0 0 0 0
T 2449 4 0 0 0
T 2450 6 0 0 0
T 2451 3 0 0 0
T 2452 1 0 0 0
T 2453 5 0 0 0
T 2454 3 0 0 0
T 2455 6 0 0 0
T 2456 6 0 7 1
E 2456 0 1 13
E 2456 1 1 13
E 2456 2 1 13
E 2456 3 1 13
E 2456 4 1 13
E 2456 5 1 13
E 2456 6 1 13
T 2457 6 0 7 1
E 2457 0 1 13
E 2457 1 1 13
E 2457 2 1 13
E 2457 3 1 13
E 2457 4 1 13
E 2457 5 1 13
E 2457 6 1 13
T 2458 1 0 0 0
T 2459 6 0 0 0
T 2460 12 0 0 0
T 2461 6 0 7 1
E 2461 0 1 13
E 2461 1 1 13
E 2461 2 1 13
E 2461 3 1 13
E 2461 4 1 13
E 2461 5 1 13
E 2461 6 1 13
T 2462 10 0 0 0
T 2463 11 0 0 0
T 2464 6 0 7 1
E 2464 0 1 13
E 2464 1 1 13
E 2464 2 1 13
E 2464 3 1 13
E 2464 4 1 13
E 2464 5 1 13
E 2464 6 1 13
T 2465 11 0 0 0
T 2466 6 0 0 0
T 2467 5 0 0 0
T 2468 2 0 0 0
T 2469 4 0 0 0
T 2470 10 0 0 0
T 2471 9 0 7 1
E 2471 0 1 16
E 2471 1 1 16
E 2471 2 1 16
E 2471 3 1 16
E 2471 4 1 16
E 2471 5 1 16
E 2471 6 1 16
T 2472 9 0 0 0
T 2473 9 0 0 0
T 2474 9 0 0 0
T 2475 8 0 0 0
T 2476 3 0 0 0
T 2477 5 0 0 0
T 2478 5 0 0 0
T 2479 11 0 0 0
T 2480 9 0 0 0
T 2481 10 0 0 0
T 2482 7 0 7 1
E 2482 0 1 14
E 2482 1 1 14
E 2482 2 1 14
E 2482 3 1 14
E 2482 4 1 14
E 2482 5 1 14
E 2482 6 1 14
T 2483 11 0 0 0
T 2484 10 0 7 1
E 2484 0 1 17
E 2484 1 1 17
E 2484 2 1 17
E 2484 3 1 17
E 2484 4 1 17
E 2484 5 1 17
E 2484 6 1 17
T 2485 10 0 0 0
T 2486 7 0 7 1
E 2486 0 1 14
E 2486 1 1 14
E 2486 2 1 14
E 2486 3 1 14
E 2486 4 1 14
E 2486 5 1 14
E 2486 6 1 14
T 2487 6 0 0 0
T 2488 4 0 0 0
T 2489 4 0 0 0
T 2490 0 0 0 0
T 2491 0 0 0 0
T 2492 5 0 0 0
T 2493 2 0 0 0
T 2494 1 0 0 0
T 2495 5 0 0 0
T 2496 1 0 0 0
T 2497 2 0 0 0
T 2498 3 0 0 0
T 2499 2 0 0 0
T 2500 7 0 0 0
T 2501 1 0 0 0
T 2502 4 0 0 0
T 2503 7 0 0 0
T 2504 4 0 0 0
T 2505 3 0 0 0
T 2506 0 0 0 0
T 2507 2 0 0 0
T 2508 4 0 0 0
T 2509 1 0 0 0
T 2510 5 0 0 0
T 2511 4 0 0 0
T 2512 0 0 0 0
T 2513 1 0 0 0
T 2514 7 0 0 0
T 2515 7 0 7 1
E 2515 0 -1 -14
E 2515 1 -1 -14
E 2515 2 -1 -14
E 2515 3 -1 -14
E 2515 4 -1 -14
E 2515 5 -1 -14
E 2515 6 -1 -14
T 2516 6 0 7 1
E 2516 0 -1 -13
E 2516 1 -1 -13
E 2516 2 -1 -13
E 2516 3 -1 -13
E 2516 4 -1 -13
E 2516 5 -1 -13
E 2516 6 -1 -13
T 2517 6 0 0 0
T 2518 2 0 0 0
T 2519 7 0 0 0
T 2520 10 0 0 0
T 2521 8 0 0 0
T 2522 3 0 0 0
T 2523 5 0 0 0
T 2524 10 0 0 0
T 2525 5 0 0 0
T 2526 1 0 0 0
T 2527 2 0 0 0
T 2528 6 0 0 0
T 2529 2 0 0 0
T 2530 7 0 0 0
T 2531 7 0 7 1
E 2531 0 -1 -14
E 2531 1 -1 -14
E 2531 2 -1 -14
E 2531 3 -1 -14
E 2531 4 -1 -14
E 2531 5 -1 -14
E 2531 6 -1 -14
T 2532 9 0 0 0
T 2533 11 0 0 0
T 2534 11 0 0 0
T 2535 4 0 7 1
E 2535 0 -2 -18
E 2535 1 -2 -18
E 2535 2 -2 -18
E 2535 3 -2 -18
E 2535 4 -2 -18
E 2535 5 -2 -18
E 2535 6 -2 -18
T 2536 9 0 0 0
T 2537 10 0 0 0
T 2538 6 0 0 0
T 2539 8 0 0 0
T 2540 6 0 7 1
E 2540 0 -1 -13
E 2540 1 -1 -13
E 2540 2 -1 -13
E 2540 3 -1 -13
E 2540 4 -1 -13
E 2540 5 -1 -13
E 2540 6 -1 -13
T 2541 6 0 7 1
E 2541 0 -1 -13
E 2541 1 -1 -13
E 2541 2 -1 -13
E 2541 3 -1 -13
E 2541 4 -1 -13
E 2541 5 -1 -13
E 2541 6 -1 -13
T 2542 12 0 0 0
T 2543 7 0 0 0
T 2544 11 0 0 0
T 2545 9 0 7 1
E 2545 0 -1 -16
E 2545 1 -1 -16
E 2545 2 -1 -16
E 2545 3 -1 -16
E 2545 4 -1 -16
E 2545 5 -1 -16
E 2545 6 -1 -16
T 2546 7 0 0 0
T 2547 6 0 7 1
E 2547 0 -1 -13
E 2547 1 -1 -13
E 2547 2 -1 -13
E 2547 3 -1 -13
E 2547 4 -1 -13
E 2547 5 -1 -13
E 2547 6 -1 -13
T 2548 10 0 0 0
T 2549 7 0 7 1
E 2549 0 -1 -14
E 2549 1 -1 -14
E 2549 2 -1 -14
E 2549 3 -1 -14
E 2549 4 -1 -14
E 2549 5 -1 -14
E 2549 6 -1 -14
T 2550 6 0 0 0
T 2551 7 0 0 0
T 2552 11 0 0 0
T 2553 8 0 7 1
E 2553 0 -1 -15
E 2553 1 -1 -15
E 2553 2 -1 -15
E 2553 3 -1 -15
E 2553 4 -1 -15
E 2553 5 -1 -15
E 2553 6 -1 -15
T 2554 6 0 0 0
T 2555 1 0 0 0
T 2556 2 0 0 0
T 2557 4 0 0 0
T 2558 2 0 0 0
T 2559 2 0 0 0
T 2560 5 0 0 0
T 2561 10 0 0 0
T 2562 8 0 0 0
T 2563 5 0 0 0
T 2564 12 0 0 0
T 2565 7 0 7 1
E 2565 0 -1 -14
E 2565 1 -1 -14
E 2565 2 -1 -14
E 2565 3 -1 -14
E 2565 4 -1 -14
E 2565 5 -1 -14
E 2565 6 -1 -14
T 2566 6 0 7 1
E 2566 0 -1 -13
E 2566 1 -1 -13
E 2566 2 -1 -13
E 2566 3 -1 -13
E 2566 4 -1 -13
E 2566 5 -1 -13
E 2566 6 -1 -13
T 2567 6 0 0 0
T 2568 6 0 0 0
T 2569 6 0 0 0
T 2570 4 0 0 0
T 2571 7 0 0 0
T 2572 5 0 0 0
T 2573 8 0 0 0
T 2574 9 0 7 1
E 2574 0 -1 -16
E 2574 1 -1 -16
E 2574 2 -1 -16
E 2574 3 -1 -16
E 2574 4 -1 -16
E 2574 5 -1 -16
E 2574 6 -1 -16
T 2575 11 0 0 0
T 2576 8 0 7 1
E 2576 0 -1 -15
E 2576 1 -1 -15
E 2576 2 -1 -15
E 2576 3 -1 -15
E 2576 4 -1 -15
E 2576 5 -1 -15
E 2576 6 -1 -15
T 2577 8 0 0 0
T 2578 12 0 0 0
T 2579 4 0 7 1
E 2579 0 -2 -18
E 2579 1 -2 -18
E 2579 2 -2 -18
E 2579 3 -2 -18
E 2579 4 -2 -18
E 2579 5 -2 -18
E 2579 6 -2 -18
T 2580 10 0 0 0
T 2581 11 0 0 0
T 2582 9 0 7 1
E 2582 0 -1 -16
E 2582 1 -1 -16
E 2582 2 -1 -16
E 2582 3 -1 -16
E 2582 4 -1 -16
E 2582 5 -1 -16
E 2582 6 -1 -16
T 2583 8 0 7 1
E 2583 0 -1 -15
E 2583 1 -1 -15
E 2583 2 -1 -15
E 2583 3 -1 -15
E 2583 4 -1 -15
E 2583 5 -1 -15
E 2583 6 -1 -15
T 2584 5 0 0 0
T 2585 5 0 0 0
T 2586 12 0 0 0
T 2587 8 0 7 1
E 2587 0 -1 -15
E 2587 1 -1 -15
E 2587 2 -1 -15
E 2587 3 -1 -15
E 2587 4 -1 -15
E 2587 5 -1 -15
E 2587 6 -1 -15
T 2588 8 0 0 0
T 2589 7 0 7 1
E 2589 0 -1 -14
E 2589 1 -1 -14
E 2589 2 -1 -14
E 2589 3 -1 -14
E 2589 4 -1 -14
E 2589 5 -1 -14
E 2589 6 -1 -14
T 2590 6 0 0 0
T 2591 3 0 0 0
T 2592 4 0 0 0
T 2593 3 0 0 0
T 2594 0 0 0 0
T 2595 5 0 0 0
T 2596 0 0 0 0
T 2597 5 0 0 0
T 2598 10 0 0 0
T 2599 7 0 7 1
E 2599 0 -1 -14
E 2599 1 -1 -14
E 2599 2 -1 -14
E 2599 3 -1 -14
E 2599 4 -1 -14
E 2599 5 -1 -14
E 2599 6 -1 -14
T 2600 9 0 0 0
T 2601 8 0 0 0
T 2602 12 0 0 0
T 2603 9 0 0 0
T 2604 10 0 7 1
E 2604 0 -1 -17
E 2604 1 -1 -17
E 2604 2 -1 -17
E 2604 3 -1 -17
E 2604 4 -1 -17
E 2604 5 -1 -17
E 2604 6 -1 -17
T 2605 5 0 0 0
T 2606 9 0 0 0
T 2607 9 0 7 1
E 2607 0 -1 -16
E 2607 1 -1 -16
E 2607 2 -1 -16
E 2607 3 -1 -16
E 2607 4 -1 -16
E 2607 5 -1 -16
E 2607 6 -1 -16
T 2608 6 0 0 0
T 2609 7 0 0 0
T 2610 11 0 0 0
T 2611 9 0 0 0
T 2612 11 0 0 0
T 2613 4 0 7 1
E 2613 0 -2 -18
E 2613 1 -2 -18
E 2613 2 -2 -18
E 2613 3 -2 -18
E 2613 4 -2 -18
E 2613 5 -2 -18
E 2613 6 -2 -18
T 2614 11 0 0 0
T 2615 8 0 7 1
E 2615 0 -1 -15
E 2615 1 -1 -15
E 2615 2 -1 -15
E 2615 3 -1 -15
E 2615 4 -1 -15
E 2615 5 -1 -15
E 2615 6 -1 -15
T 2616 6 0 0 0
T 2617 1 0 0 0
T 2618 3 0 0 0
T 2619 7 0 0 0
T 2620 0 0 0 0
T 2621 3 0 0 0
T 2622 4 0 0 0
T 2623 8 0 0 0
T 2624 7 0 0 0
T 2625 7 0 7 1
E 2625 0 -1 -14
E 2625 1 -1 -14
E 2625 2 -1 -14
E 2625 3 -1 -14
E 2625 4 -1 -14
E 2625 5 -1 -14
E 2625 6 -1 -14
T 2626 12 0 0 0
T 2627 8 0 7 1
E 2627 0 -1 -15
E 2627 1 -1 -15
E 2627 2 -1 -15
E 2627 3 -1 -15
E 2627 4 -1 -15
E 2627 5 -1 -15
E 2627 6 -1 -15
T 2628 6 0 7 1
E 2628 0 -1 -13
E 2628 1 -1 -13
E 2628 2 -1 -13
E 2628 3 -1 -13
E 2628 4 -1 -13
E 2628 5 -1 -13
E 2628 6 -1 -13
T 2629 2 0 0 0
T 2630 3 0 0 0
T 2631 6 0 0 0
T 2632 7 0 0 0
T 2633 7 0 0 0
T 2634 7 0 7 1
E 2634 0 -1 -14
E 2634 1 -1 -14
E 2634 2 -1 -14
E 2634 3 -1 -14
E 2634 4 -1 -14
E 2634 5 -1 -14
E 2634 6 -1 -14
T 2635 6 0 7 1
E 2635 0 -1 -13
E 2635 1 -1 -13
E 2635 2 -1 -13
E 2635 3 -1 -13
E 2635 4 -1 -13
E 2635 5 -1 -13
E 2635 6 -1 -13
T 2636 12 0 0 0
T 2637 10 0 0 0
T 2638 10 0 7 1
E 2638 0 -1 -17
E 2638 1 -1 -17
E 2638 2 -1 -17
E 2638 3 -1 -17
E 2638 4 -1 -17
E 2638 5 -1 -17
E 2638 6 -1 -17
T 2639 12 0 0 0
T 2640 9 0 7 1
E 2640 0 3 30
E 2640 1 3 30
E 2640 2 3 30
E 2640 3 3 30
E 2640 4 3 30
E 2640 5 3 30
E 2640 6 3 30
T 2641 11 0 0 0
T 2642 10 0 7 1
E 2642 0 1 17
E 2642 1 1 17
E 2642 2 1 17
E 2642 3 1 17
E 2642 4 1 17
E 2642 5 1 17
E 2642 6 1 17
T 2643 7 0 0 0
T 2644 12 0 0 0
T 2645 9 0 0 0
T 2646 4 0 0 0
T 2647 11 0 0 0
T 2648 9 0 0 0
T 2649 6 0 0 0
T 2650 6 0 0 0
T 2651 4 0 0 0
T 2652 5 0 0 0
T 2653 10 0 0 0
T 2654 10 0 0 0
T 2655 7 0 0 0
T 2656 7 0 0 0
T 2657 3 0 0 0
T 2658 5 0 0 0
T 2659 6 0 7 1
E 2659 0 1 13
E 2659 1 1 13
E 2659 2 1 13
E 2659 3 1 13
E 2659 4 1 13
E 2659 5 1 13
E 2659 6 1 13
T 2660 4 0 0 0
T 2661 3 0 0 0
T 2662 8 0 0 0
T 2663 7 0 7 1
E 2663 0 1 14
E 2663 1 1 14
E 2663 2 1 14
E 2663 3 1 14
E 2663 4 1 14
E 2663 5 1 14
E 2663 6 1 14
T 2664 6 0 7 1
E 2664 0 1 13
E 2664 1 1 13
E 2664 2 1 13
E 2664 3 1 13
E 2664 4 1 13
E 2664 5 1 13
E 2664 6 1 13
T 2665 7 0 7 1
E 2665 0 1 14
E 2665 1 1 14
E 2665 2 1 14
E 2665 3 1 14
E 2665 4 1 14
E 2665 5 1 14
E 2665 6 1 14
T 2666 5 0 0 0
T 2667 12 0 0 0
T 2668 9 0 7 1
E 2668 0 1 16
E 2668 1 1 16
E 2668 2 1 16
E 2668 3 1 16
E 2668 4 1 16
E 2668 5 1 16
E 2668 6 1 16
T 2669 11 0 0 0
T 2670 7 0 7 1
E 2670 0 1 14
E 2670 1 1 14
E 2670 2 1 14
E 2670 3 1 14
E 2670 4 1 14
E 2670 5 1 14
E 2670 6 1 14
T 2671 12 0 0 0
T 2672 12 0 0 0
T 2673 12 0 0 0
T 2674 11 0 0 0
T 2675 9 0 0 0
T 2676 6 0 7 1
E 2676 0 1 13
E 2676 1 1 13
E 2676 2 1 13
E 2676 3 1 13
E 2676 4 1 13
E 2676 5 1 13
E 2676 6 1 13
T 2677 12 0 0 0
T 2678 9 0 0 0
T 2679 8 0 0 0
T 2680 11 0 0 0
T 2681 12 0 0 0
T 2682 9 0 7 1
E 2682 0 1 16
E 2682 1 1 16
E 2682 2 1 16
E 2682 3 1 16
E 2682 4 1 16
E 2682 5 1 16
E 2682 6 1 16
T 2683 9 0 7 1
E 2683 0 1 16
E 2683 1 1 16
E 2683 2 1 16
E 2683 3 1 16
E 2683 4 1 16
E 2683 5 1 16
E 2683 6 1 16
T 2684 7 0 7 1
E 2684 0 1 14
E 2684 1 1 14
E 2684 2 1 14
E 2684 3 1 14
E 2684 4 1 14
E 2684 5 1 14
E 2684 6 1 14
T 2685 12 0 0 0
T 2686 10 0 7 1
E 2686 0 1 17
E 2686 1 1 17
E 2686 2 1 17
E 2686 3 1 17
E 2686 4 1 17
E 2686 5 1 17
E 2686 6 1 17
T 2687 9 0 0 0
T 2688 8 0 0 0
T 2689 8 0 7 1
E 2689 0 1 15
E 2689 1 1 15
E 2689 2 1 15
E 2689 3 1 15
E 2689 4 1 15
E 2689 5 1 15
E 2689 6 1 15
T 2690 11 0 0 0
T 2691 6 0 0 0
T 2692 10 0 0 0
T 2693 11 0 0 0
T 2694 7 0 7 1
E 2694 0 1 14
E 2694 1 1 14
E 2694 2 1 14
E 2694 3 1 14
E 2694 4 1 14
E 2694 5 1 14
E 2694 6 1 14
T 2695 8 0 7 1
E 2695 0 1 15
E 2695 1 1 15
E 2695 2 1 15
E 2695 3 1 15
E 2695 4 1 15
E 2695 5 1 15
E 2695 6 1 15
T 2696 7 0 7 1
E 2696 0 1 14
E 2696 1 1 14
E 2696 2 1 14
E 2696 3 1 14
E 2696 4 1 14
E 2696 5 1 14
E 2696 6 1 14
T 2697 6 0 7 1
E 2697 0 1 13
E 2697 1 1 13
E 2697 2 1 13
E 2697 3 1 13
E 2697 4 1 13
E 2697 5 1 13
E 2697 6 1 13
T 2698 7 0 0 0
T 2699 7 0 0 0
T 2700 8 0 0 0
T 2701 8 0 0 0
T 2702 9 0 0 0
T 2703 9 0 7 1
E 2703 0 1 16
E 2703 1 1 16
E 2703 2 1 16
E 2703 3 1 16
E 2703 4 1 16
E 2703 5 1 16
E 2703 6 1 16
T 2704 6 0 7 1
E 2704 0 1 13
E 2704 1 1 13
E 2704 2 1 13
E 2704 3 1 13
E 2704 4 1 13
E 2704 5 1 13
E 2704 6 1 13
T 2705 6 0 7 1
E 2705 0 1 13
E 2705 1 1 13
E 2705 2 1 13
E 2705 3 1 13
E 2705 4 1 13
E 2705 5 1 13
E 2705 6 1 13
T 2706 7 0 0 0
T 2707 7 0 7 1
E 2707 0 1 14
E 2707 1 1 14
E 2707 2 1 14
E 2707 3 1 14
E 2707 4 1 14
E 2707 5 1 14
E 2707 6 1 14
T 2708 5 0 0 0
T 2709 2 0 0 0
T 2710 10 0 0 0
T 2711 8 0 7 1
E 2711 0 1 15
E 2711 1 1 15
E 2711 2 1 15
E 2711 3 1 15
E 2711 4 1 15
E 2711 5 1 15
E 2711 6 1 15
T 2712 7 0 7 1
E 2712 0 1 14
E 2712 1 1 14
E 2712 2 1 14
E 2712 3 1 14
E 2712 4 1 14
E 2712 5 1 14
E 2712 6 1 14
T 2713 12 0 0 0
T 2714 4 0 7 1
E 2714 0 2 18
E 2714 1 2 18
E 2714 2 2 18
E 2714 3 2 18
E 2714 4 2 18
E 2714 5 2 18
E 2714 6 2 18
T 2715 6 0 0 0
T 2716 12 0 0 0
T 2717 9 0 7 1
E 2717 0 1 16
E 2717 1 1 16
E 2717 2 1 16
E 2717 3 1 16
E 2717 4 1 16
E 2717 5 1 16
E 2717 6 1 16
T 2718 7 0 0 0
T 2719 7 0 7 1
E 2719 0 1 14
E 2719 1 1 14
E 2719 2 1 14
E 2719 3 1 14
E 2719 4 1 14
E 2719 5 1 14
E 2719 6 1 14
T 2720 3 0 0 0
T 2721 6 0 0 0
T 2722 2 0 0 0
T 2723 1 0 0 0
T 2724 2 0 0 0
T 2725 10 0 0 0
T 2726 7 0 0 0
T 2727 3 0 0 0
T 2728 0 0 0 0
T 2729 8 0 0 0
T 2730 9 0 0 0
T 2731 6 0 7 1
E 2731 0 1 13
E 2731 1 1 13
E 2731 2 1 13
E 2731 3 1 13
E 2731 4 1 13
E 2731 5 1 13
E 2731 6 1 13
T 2732 6 0 0 0
T 2733 7 0 0 0
T 2734 7 0 0 0
T 2735 4 0 0 0
T 2736 1 0 0 0
T 2737 8 0 0 0
T 2738 10 0 0 0
T 2739 12 0 0 0
T 2740 10 0 0 0
T 2741 11 0 0 0
T 2742 9 0 7 1
E 2742 0 -1 -16
E 2742 1 -1 -16
E 2742 2 -1 -16
E 2742 3 -1 -16
E 2742 4 -1 -16
E 2742 5 -1 -16
E 2742 6 -1 -16
T 2743 7 0 0 0
T 2744 4 0 0 0
T 2745 11 0 0 0
T 2746 6 0 0 0
T 2747 8 0 0 0
T 2748 3 0 0 0
T 2749 2 0 0 0
T 2750 4 0 0 0
T 2751 3 0 0 0
T 2752 2 0 0 0
T 2753 4 0 0 0
T 2754 7 0 0 0
T 2755 9 0 0 0
T 2756 4 0 0 0
T 2757 10 0 0 0
T 2758 7 0 0 0
T 2759 8 0 0 0
T 2760 5 0 0 0
T 2761 4 0 0 0
T 2762 0 0 0 0
T 2763 7 0 0 0
T 2764 2 0 0 0
T 2765 3 0 0 0
T 2766 8 0 0 0
T 2767 4 0 0 0
T 2768 2 0 0 0
T 2769 4 0 0 0
T 2770 7 0 0 0
T 2771 12 0 0 0
T 2772 9 0 0 0
T 2773 4 0 0 0
T 2774 0 0 0 0
T 2775 2 0 0 0
T 2776 7 0 0 0
T 2777 6 0 0 0
T 2778 9 0 0 0
T 2779 6 0 0 0
T 2780 10 0 0 0
T 2781 8 0 7 1
E 2781 0 -1 -15
E 2781 1 -1 -15
E 2781 2 -1 -15
E 2781 3 -1 -15
E 2781 4 -1 -15
E 2781 5 -1 -15
E 2781 6 -1 -15
T 2782 5 0 0 0
T 2783 2 0 0 0
T 2784 4 0 0 0
T 2785 9 0 0 0
T 2786 8 0 0 0
T 2787 6 0 7 1
E 2787 0 -1 -13
E 2787 1 -1 -13
E 2787 2 -1 -13
E 2787 3 -1 -13
E 2787 4 -1 -13
E 2787 5 -1 -13
E 2787 6 -1 -13
T 2788 7 0 0 0
T 2789 8 0 0 0
T 2790 7 0 0 0
T 2791 4 0 0 0
T 2792 11 0 0 0
T 2793 10 0 0 0
T 2794 8 0 0 0
T 2795 7 0 0 0
T 2796 4 0 0 0
T 2797 0 0 0 0
T 2798 3 0 0 0
T 2799 2 0 0 0
T 2800 4 0 0 0
T 2801 10 0 0 0
T 2802 5 0 0 0
T 2803 9 0 0 0
T 2804 12 0 0 0
T 2805 5 0 7 1
E 2805 0 -2 -19
E 2805 1 -2 -19
E 2805 2 -2 -19
E 2805 3 -2 -19
E 2805 4 -2 -19
E 2805 5 -2 -19
E 2805 6 -2 -19
T 2806 7 0 0 0
T 2807 7 0 0 0
T 2808 11 0 0 0
T 2809 10 0 0 0
T 2810 6 0 0 0
T 2811 7 0 7 1
E 2811 0 -1 -14
E 2811 1 -1 -14
E 2811 2 -1 -14
E 2811 3 -1 -14
E 2811 4 -1 -14
E 2811 5 -1 -14
E 2811 6 -1 -14
T 2812 11 0 0 0
T 2813 9 0 0 0
T 2814 5 0 0 0
T 2815 7 0 0 0
T 2816 6 0 7 1
E 2816 0 -1 -13
E 2816 1 -1 -13
E 2816 2 -1 -13
E 2816 3 -1 -13
E 2816 4 -1 -13
E 2816 5 -1 -13
E 2816 6 -1 -13
T 2817 6 0 0 0
T 2818 10 0 0 0
T 2819 7 0 7 1
E 2819 0 -1 -14
E 2819 1 -1 -14
E 2819 2 -1 -14
E 2819 3 -1 -14
E 2819 4 -1 -14
E 2819 5 -1 -14
E 2819 6 -1 -14
T 2820 11 0 0 0
T 2821 4 0 7 1
E 2821 0 -2 -18
E 2821 1 -2 -18
E 2821 2 -2 -18
E 2821 3 -2 -18
E 2821 4 -2 -18
E 2821 5 -2 -18
E 2821 6 -2 -18
T 2822 1 0 0 0
T 2823 2 0 0 0
T 2824 0 0 0 0
T 2825 1 0 0 0
T 2826 1 0 0 0
T 2827 3 0 0 0
T 2828 0 0 0 0
T 2829 1 0 0 0
T 2830 2 0 0 0
T 2831 4 0 0 0
T 2832 2 0 0 0
T 2833 3 0 0 0
T 2834 7 0 0 0
T 2835 6 0 7 1
E 2835 0 -1 -13
E 2835 1 -1 -13
E 2835 2 -1 -13
E 2835 3 -1 -13
E 2835 4 -1 -13
E 2835 5 -1 -13
E 2835 6 -1 -13
T 2836 6 0 0 0
T 2837 12 0 0 0
T 2838 7 0 7 1
E 2838 0 -1 -14
E 2838 1 -1 -14
E 2838 2 -1 -14
E 2838 3 -1 -14
E 2838 4 -1 -14
E 2838 5 -1 -14
E 2838 6 -1 -14
T 2839 10 0 0 0
T 2840 8 0 0 0
T 2841 4 0 0 0
T 2842 6 0 0 0
T 2843 10 0 0 0
T 2844 8 0 7 1
E 2844 0 -1 -15
E 2844 1 -1 -15
E 2844 2 -1 -15
E 2844 3 -1 -15
E 2844 4 -1 -15
E 2844 5 -1 -15
E 2844 6 -1 -15
T 2845 7 0 7 1
E 2845 0 -1 -14
E 2845 1 -1 -14
E 2845 2 -1 -14
E 2845 3 -1 -14
E 2845 4 -1 -14
E 2845 5 -1 -14
E 2845 6 -1 -14
T 2846 12 0 0 0
T 2847 9 0 7 1
E 2847 0 -1 -16
E 2847 1 -1 -16
E 2847 2 -1 -16
E 2847 3 -1 -16
E 2847 4 -1 -16
E 2847 5 -1 -16
E 2847 6 -1 -16
T 2848 6 0 0 0
T 2849 6 0 0 0
T 2850 4 0 0 0
T 2851 2 0 0 0
T 2852 9 0 0 0
T 2853 7 0 7 1
E 2853 0 -1 -14
E 2853 1 -1 -14
E 2853 2 -1 -14
E 2853 3 -1 -14
E 2853 4 -1 -14
E 2853 5 -1 -14
E 2853 6 -1 -14
T 2854 6 0 0 0
T 2855 3 0 0 0
T 2856 5 0 0 0
T 2857 10 0 0 0
T 2858 8 0 7 1
E 2858 0 -1 -15
E 2858 1 -1 -15
E 2858 2 -1 -15
E 2858 3 -1 -15
E 2858 4 -1 -15
E 2858 5 -1 -15
E 2858 6 -1 -15
T 2859 4 0 0 0
T 2860 4 0 0 0
T 2861 6 0 0 0
T 2862 9 0 0 0
T 2863 7 0 0 0
T 2864 4 0 0 0
T 2865 0 0 0 0
T 2866 2 0 0 0
T 2867 3 0 0 0
T 2868 2 0 0 0
T 2869 0 0 0 0
T 2870 6 0 0 0
T 2871 6 0 0 0
T 2872 8 0 0 0
T 2873 8 0 0 0
T 2874 10 0 0 0
T 2875 12 0 0 0
T 2876 5 0 7 1
E 2876 0 -2 -19
E 2876 1 -2 -19
E 2876 2 -2 -19
E 2876 3 -2 -19
E 2876 4 -2 -19
E 2876 5 -2 -19
E 2876 6 -2 -19
T 2877 9 0 0 0
T 2878 9 0 7 1
E 2878 0 -1 -16
E 2878 1 -1 -16
E 2878 2 -1 -16
E 2878 3 -1 -16
E 2878 4 -1 -16
E 2878 5 -1 -16
E 2878 6 -1 -16
T 2879 8 0 0 0
T 2880 16 0 7 1
E 2880 0 4 44
E 2880 1 4 44
E 2880 2 4 44
E 2880 3 4 44
E 2880 4 4 44
E 2880 5 4 44
E 2880 6 4 44
T 2881 7 0 7 1
E 2881 0 2 21
E 2881 1 2 21
E 2881 2 2 21
E 2881 3 2 21
E 2881 4 2 21
E 2881 5 2 21
E 2881 6 2 21
T 2882 8 0 7 1
E 2882 0 1 15
E 2882 1 1 15
E 2882 2 1 15
E 2882 3 1 15
E 2882 4 1 15
E 2882 5 1 15
E 2882 6 1 15
T 2883 8 0 0 0
T 2884 11 0 0 0
T 2885 9 0 7 1
E 2885 0 1 16
E 2885 1 1 16
E 2885 2 1 16
E 2885 3 1 16
E 2885 4 1 16
E 2885 5 1 16
E 2885 6 1 16
T 2886 7 0 0 0
T 2887 10 0 0 0
T 2888 9 0 7 1
E 2888 0 1 16
E 2888 1 1 16
E 2888 2 1 16
E 2888 3 1 16
E 2888 4 1 16
E 2888 5 1 16
E 2888 6 1 16
T 2889 9 0 7 1
E 2889 0 1 16
E 2889 1 1 16
E 2889 2 1 16
E 2889 3 1 16
E 2889 4 1 16
E 2889 5 1 16
E 2889 6 1 16
T 2890 8 0 0 0
T 2891 9 0 0 0
T 2892 9 0 0 0
T 2893 4 0 0 0
T 2894 5 0 0 0
T 2895 12 0 0 0
T 2896 10 0 0 0
T 2897 8 0 0 0
T 2898 6 0 0 0
T 2899 7 0 0 0
T 2900 7 0 7 1
E 2900 0 1 14
E 2900 1 1 14
E 2900 2 1 14
E 2900 3 1 14
E 2900 4 1 14
E 2900 5 1 14
E 2900 6 1 14
T 2901 5 0 0 0
T 2902 6 0 0 0
T 2903 6 0 7 1
E 2903 0 1 13
E 2903 1 1 13
E 2903 2 1 13
E 2903 3 1 13
E 2903 4 1 13
E 2903 5 1 13
E 2903 6 1 13
T 2904 5 0 0 0
T 2905 6 0 0 0
T 2906 8 0 0 0
T 2907 6 0 0 0
T 2908 9 0 0 0
T 2909 9 0 0 0
T 2910 7 0 0 0
T 2911 4 0 0 0
T 2912 6 0 0 0
T 2913 7 0 0 0
T 2914 5 0 0 0
T 2915 2 0 0 0
T 2916 2 0 0 0
T 2917 7 0 0 0
T 2918 6 0 7 1
E 2918 0 1 13
E 2918 1 1 13
E 2918 2 1 13
E 2918 3 1 13
E 2918 4 1 13
E 2918 5 1 13
E 2918 6 1 13
T 2919 11 0 0 0
T 2920 9 0 0 0
T 2921 4 0 0 0
T 2922 3 0 0 0
T 2923 9 0 0 0
T 2924 12 0 0 0
T 2925 6 0 7 1
E 2925 0 1 13
E 2925 1 1 13
E 2925 2 1 13
E 2925 3 1 13
E 2925 4 1 13
E 2925 5 1 13
E 2925 6 1 13
T 2926 10 0 0 0
T 2927 9 0 7 1
E 2927 0 1 16
E 2927 1 1 16
E 2927 2 1 16
E 2927 3 1 16
E 2927 4 1 16
E 2927 5 1 16
E 2927 6 1 16
T 2928 8 0 7 1
E 2928 0 1 15
E 2928 1 1 15
E 2928 2 1 15
E 2928 3 1 15
E 2928 4 1 15
E 2928 5 1 15
E 2928 6 1 15
T 2929 8 0 0 0
T 2930 7 0 0 0
T 2931 7 0 7 1
E 2931 0 1 14
E 2931 1 1 14
E 2931 2 1 14
E 2931 3 1 14
E 2931 4 1 14
E 2931 5 1 14
E 2931 6 1 14
T 2932 4 0 0 0
T 2933 7 0 0 0
T 2934 6 0 0 0
T 2935 6 0 7 1
E 2935 0 1 13
E 2935 1 1 13
E 2935 2 1 13
E 2935 3 1 13
E 2935 4 1 13
E 2935 5 1 13
E 2935 6 1 13
T 2936 12 0 0 0
T 2937 4 0 7 1
E 2937 0 2 18
E 2937 1 2 18
E 2937 2 2 18
E 2937 3 2 18
E 2937 4 2 18
E 2937 5 2 18
E 2937 6 2 18
T 2938 9 0 0 0
T 2939 8 0 7 1
E 2939 0 1 15
E 2939 1 1 15
E 2939 2 1 15
E 2939 3 1 15
E 2939 4 1 15
E 2939 5 1 15
E 2939 6 1 15
T 2940 9 0 0 0
T 2941 11 0 0 0
T 2942 11 0 0 0
T 2943 6 0 0 0
T 2944 7 0 7 1
E 2944 0 1 14
E 2944 1 1 14
E 2944 2 1 14
E 2944 3 1 14
E 2944 4 1 14
E 2944 5 1 14
E 2944 6 1 14
T 2945 7 0 0 0
T 2946 3 0 0 0
T 2947 1 0 0 0
T 2948 6 0 0 0
T 2949 9 0 0 0
T 2950 9 0 0 0
T 2951 12 0 0 0
T 2952 6 0 7 1
E 2952 0 1 13
E 2952 1 1 13
E 2952 2 1 13
E 2952 3 1 13
E 2952 4 1 13
E 2952 5 1 13
E 2952 6 1 13
T 2953 2 0 0 0
T 2954 10 0 0 0
T 2955 8 0 7 1
E 2955 0 1 15
E 2955 1 1 15
E 2955 2 1 15
E 2955 3 1 15
E 2955 4 1 15
E 2955 5 1 15
E 2955 6 1 15
T 2956 9 0 0 0
T 2957 10 0 0 0
T 2958 12 0 0 0
T 2959 5 0 7 1
E 2959 0 2 19
E 2959 1 2 19
E 2959 2 2 19
E 2959 3 2 19
E 2959 4 2 19
E 2959 5 2 19
E 2959 6 2 19
T 2960 10 0 0 0
T 2961 12 0 0 0
T 2962 6 0 7 1
E 2962 0 2 20
E 2962 1 2 20
E 2962 2 2 20
E 2962 3 2 20
E 2962 4 2 20
E 2962 5 2 20
E 2962 6 2 20
T 2963 2 0 0 0
T 2964 10 0 0 0
T 2965 6 0 0 0
T 2966 9 0 0 0
T 2967 12 0 0 0
T 2968 5 0 7 1
E 2968 0 2 19
E 2968 1 2 19
E 2968 2 2 19
E 2968 3 2 19
E 2968 4 2 19
E 2968 5 2 19
E 2968 6 2 19
T 2969 9 0 0 0
T 2970 8 0 0 0
T 2971 5 0 0 0
T 2972 4 0 0 0
T 2973 4 0 0 0
T 2974 9 0 0 0
T 2975 10 0 7 1
E 2975 0 1 17
E 2975 1 1 17
E 2975 2 1 17
E 2975 3 1 17
E 2975 4 1 17
E 2975 5 1 17
E 2975 6 1 17
T 2976 10 0 0 0
T 2977 12 0 0 0
T 2978 11 0 0 0
T 2979 11 0 0 0
T 2980 9 0 7 1
E 2980 0 1 16
E 2980 1 1 16
E 2980 2 1 16
E 2980 3 1 16
E 2980 4 1 16
E 2980 5 1 16
E 2980 6 1 16
T 2981 11 0 0 0
T 2982 8 0 7 1
E 2982 0 1 15
E 2982 1 1 15
E 2982 2 1 15
E 2982 3 1 15
E 2982 4 1 15
E 2982 5 1 15
E 2982 6 1 15
T 2983 3 0 0 0
T 2984 6 0 0 0
T 2985 3 0 0 0
T 2986 8 0 0 0
T 2987 12 0 0 0
T 2988 6 0 7 1
E 2988 0 1 13
E 2988 1 1 13
E 2988 2 1 13
E 2988 3 1 13
E 2988 4 1 13
E 2988 5 1 13
E 2988 6 1 13
T 2989 5 0 0 0
T 2990 1 0 0 0
T 2991 3 0 0 0
T 2992 6 0 0 0
T 2993 2 0 0 0
T 2994 6 0 0 0
T 2995 7 0 0 0
T 2996 7 0 0 0
T 2997 8 0 0 0
T 2998 6 0 0 0
T 2999 6 0 0 0
T 3000 9 0 0 0
T 3001 9 0 0 0
T 3002 6 0 7 1
E 3002 0 1 13
E 3002 1 1 13
E 3002 2 1 13
E 3002 3 1 13
E 3002 4 1 13
E 3002 5 1 13
E 3002 6 1 13
T 3003 9 0 0 0
T 3004 7 0 7 1
E 3004 0 1 14
E 3004 1 1 14
E 3004 2 1 14
E 3004 3 1 14
E 3004 4 1 14
E 3004 5 1 14
E 3004 6 1 14
T 3005 0 0 0 0
T 3006 6 0 0 0
T 3007 9 0 0 0
T 3008 10 0 0 0
T 3009 6 0 7 1
E 3009 0 -1 -13
E 3009 1 -1 -13
E 3009 2 -1 -13
E 3009 3 -1 -13
E 3009 4 -1 -13
E 3009 5 -1 -13
E 3009 6 -1 -13
T 3010 9 0 0 0
T 3011 11 0 0 0
T 3012 6 0 0 0
T 3013 4 0 0 0
T 3014 2 0 0 0
T 3015 3 0 0 0
T 3016 1 0 0 0
T 3017 1 0 0 0
T 3018 3 0 0 0
T 3019 4 0 0 0
T 3020 2 0 0 0
T 3021 3 0 0 0
T 3022 5 0 0 0
T 3023 11 0 0 0
T 3024 12 0 0 0
T 3025 8 0 0 0
T 3026 8 0 0 0
T 3027 7 0 7 1
E 3027 0 -1 -14
E 3027 1 -1 -14
E 3027 2 -1 -14
E 3027 3 -1 -14
E 3027 4 -1 -14
E 3027 5 -1 -14
E 3027 6 -1 -14
T 3028 5 0 0 0
T 3029 1 0 0 0
T 3030 0 0 0 0
T 3031 3 0 0 0
T 3032 2 0 0 0
T 3033 0 0 0 0
T 3034 6 0 0 0
T 3035 4 0 0 0
T 3036 1 0 0 0
T 3037 7 0 0 0
T 3038 10 0 0 0
T 3039 9 0 7 1
E 3039 0 -1 -16
E 3039 1 -1 -16
E 3039 2 -1 -16
E 3039 3 -1 -16
E 3039 4 -1 -16
E 3039 5 -1 -16
E 3039 6 -1 -16
T 3040 7 0 0 0
T 3041 5 0 0 0
T 3042 6 0 0 0
T 3043 6 0 7 1
E 3043 0 -1 -13
E 3043 1 -1 -13
E 3043 2 -1 -13
E 3043 3 -1 -13
E 3043 4 -1 -13
E 3043 5 -1 -13
E 3043 6 -1 -13
T 3044 9 0 0 0
T 3045 8 0 7 1
E 3045 0 -1 -15
E 3045 1 -1 -15
E 3045 2 -1 -15
E 3045 3 -1 -15
E 3045 4 -1 -15
E 3045 5 -1 -15
E 3045 6 -1 -15
T 3046 9 0 0 0
T 3047 8 0 7 1
E 3047 0 -1 -15
E 3047 1 -1 -15
E 3047 2 -1 -15
E 3047 3 -1 -15
E 3047 4 -1 -15
E 3047 5 -1 -15
E 3047 6 -1 -15
T 3048 8 0 7 1
E 3048 0 -1 -15
E 3048 1 -1 -15
E 3048 2 -1 -15
E 3048 3 -1 -15
E 3048 4 -1 -15
E 3048 5 -1 -15
E 3048 6 -1 -15
T 3049 6 0 0 0
T 3050 1 0 0 0
T 3051 9 0 0 0
T 3052 8 0 7 1
E 3052 0 -1 -15
E 3052 1 -1 -15
E 3052 2 -1 -15
E 3052 3 -1 -15
E 3052 4 -1 -15
E 3052 5 -1 -15
E 3052 6 -1 -15
T 3053 6 0 0 0
T 3054 11 0 0 0
T 3055 10 0 0 0
T 3056 6 0 0 0
T 3057 6 0 7 1
E 3057 0 -1 -13
E 3057 1 -1 -13
E 3057 2 -1 -13
E 3057 3 -1 -13
E 3057 4 -1 -13
E 3057 5 -1 -13
E 3057 6 -1 -13
T 3058 7 0 0 0
T 3059 10 0 0 0
T 3060 11 0 0 0
T 3061 7 0 0 0
T 3062 4 0 0 0
T 3063 8 0 0 0
T 3064 7 0 7 1
E 3064 0 -1 -14
E 3064 1 -1 -14
E 3064 2 -1 -14
E 3064 3 -1 -14
E 3064 4 -1 -14
E 3064 5 -1 -14
E 3064 6 -1 -14
T 3065 2 0 0 0
T 3066 1 0 0 0
T 3067 7 0 0 0
T 3068 5 0 0 0
T 3069 4 0 0 0
T 3070 4 0 0 0
T 3071 1 0 0 0
T 3072 1 0 0 0
T 3073 5 0 0 0
T 3074 8 0 0 0
T 3075 5 0 0 0
T 3076 1 0 0 0
T 3077 0 0 0 0
T 3078 1 0 0 0
T 3079 3 0 0 0
T 3080 8 0 0 0
T 3081 11 0 0 0
T 3082 6 0 7 1
E 3082 0 -1 -13
E 3082 1 -1 -13
E 3082 2 -1 -13
E 3082 3 -1 -13
E 3082 4 -1 -13
E 3082 5 -1 -13
E 3082 6 -1 -13
T 3083 6 0 0 0
T 3084 6 0 7 1
E 3084 0 -1 -13
E 3084 1 -1 -13
E 3084 2 -1 -13
E 3084 3 -1 -13
E 3084 4 -1 -13
E 3084 5 -1 -13
E 3084 6 -1 -13
T 3085 9 0 0 0
T 3086 8 0 7 1
E 3086 0 -1 -15
E 3086 1 -1 -15
E 3086 2 -1 -15
E 3086 3 -1 -15
E 3086 4 -1 -15
E 3086 5 -1 -15
E 3086 6 -1 -15
T 3087 3 0 0 0
T 3088 1 0 0 0
T 3089 1 0 0 0
T 3090 4 0 0 0
T 3091 9 0 0 0
T 3092 5 0 0 0
T 3093 9 0 0 0
T 3094 9 0 7 1
E 3094 0 -1 -16
E 3094 1 -1 -16
E 3094 2 -1 -16
E 3094 3 -1 -16
E 3094 4 -1 -16
E 3094 5 -1 -16
E 3094 6 -1 -16
T 3095 6 0 7 1
E 3095 0 -1 -13
E 3095 1 -1 -13
E 3095 2 -1 -13
E 3095 3 -1 -13
E 3095 4 -1 -13
E 3095 5 -1 -13
E 3095 6 -1 -13
T 3096 8 0 0 0
T 3097 12 0 0 0
T 3098 8 0 0 0
T 3099 10 0 0 0
T 3100 11 0 0 0
T 3101 7 0 0 0
T 3102 9 0 0 0
T 3103 12 0 0 0
T 3104 11 0 0 0
T 3105 7 0 0 0
T 3106 8 0 0 0
T 3107 4 0 0 0
T 3108 1 0 0 0
T 3109 1 0 0 0
T 3110 4 0 0 0
T 3111 10 0 0 0
T 3112 9 0 7 1
E 3112 0 -1 -16
E 3112 1 -1 -16
E 3112 2 -1 -16
E 3112 3 -1 -16
E 3112 4 -1 -16
E 3112 5 -1 -16
E 3112 6 -1 -16
T 3113 11 0 0 0
T 3114 4 0 7 1
E 3114 0 -2 -18
E 3114 1 -2 -18
E 3114 2 -2 -18
E 3114 3 -2 -18
E 3114 4 -2 -18
E 3114 5 -2 -18
E 3114 6 -2 -18
T 3115 3 0 0 0
T 3116 0 0 0 0
T 3117 7 0 0 0
T 3118 6 0 0 0
T 3119 6 0 7 1
E 3119 0 -1 -13
E 3119 1 -1 -13
E 3119 2 -1 -13
E 3119 3 -1 -13
E 3119 4 -1 -13
E 3119 5 -1 -13
E 3119 6 -1 -13
T 3120 16 0 7 1
E 3120 0 4 44
E 3120 1 4 44
E 3120 2 4 44
E 3120 3 4 44
E 3120 4 4 44
E 3120 5 4 44
E 3120 6 4 44
T 3121 6 0 7 1
E 3121 0 1 13
E 3121 1 1 13
E 3121 2 1 13
E 3121 3 1 13
E 3121 4 1 13
E 3121 5 1 13
E 3121 6 1 13
T 3122 7 0 7 1
E 3122 0 1 14
E 3122 1 1 14
E 3122 2 1 14
E 3122 3 1 14
E 3122 4 1 14
E 3122 5 1 14
E 3122 6 1 14
T 3123 9 0 0 0
T 3124 9 0 0 0
T 3125 11 0 0 0
T 3126 11 0 0 0
T 3127 11 0 0 0
T 3128 7 0 0 0
T 3129 5 0 0 0
T 3130 8 0 0 0
T 3131 5 0 0 0
T 3132 6 0 0 0
T 3133 6 0 7 1
E 3133 0 1 13
E 3133 1 1 13
E 3133 2 1 13
E 3133 3 1 13
E 3133 4 1 13
E 3133 5 1 13
E 3133 6 1 13
T 3134 10 0 0 0
T 3135 7 0 7 1
E 3135 0 1 14
E 3135 1 1 14
E 3135 2 1 14
E 3135 3 1 14
E 3135 4 1 14
E 3135 5 1 14
E 3135 6 1 14
T 3136 11 0 0 0
T 3137 7 0 0 0
T 3138 2 0 0 0
T 3139 10 0 0 0
T 3140 7 0 7 1
E 3140 0 1 14
E 3140 1 1 14
E 3140 2 1 14
E 3140 3 1 14
E 3140 4 1 14
E 3140 5 1 14
E 3140 6 1 14
T 3141 7 0 0 0
T 3142 7 0 7 1
E 3142 0 1 14
E 3142 1 1 14
E 3142 2 1 14
E 3142 3 1 14
E 3142 4 1 14
E 3142 5 1 14
E 3142 6 1 14
T 3143 10 0 0 0
T 3144 9 0 7 1
E 3144 0 1 16
E 3144 1 1 16
E 3144 2 1 16
E 3144 3 1 16
E 3144 4 1 16
E 3144 5 1 16
E 3144 6 1 16
T 3145 9 0 0 0
T 3146 8 0 7 1
E 3146 0 1 15
E 3146 1 1 15
E 3146 2 1 15
E 3146 3 1 15
E 3146 4 1 15
E 3146 5 1 15
E 3146 6 1 15
T 3147 7 0 7 1
E 3147 0 1 14
E 3147 1 1 14
E 3147 2 1 14
E 3147 3 1 14
E 3147 4 1 14
E 3147 5 1 14
E 3147 6 1 14
T 3148 6 0 7 1
E 3148 0 1 13
E 3148 1 1 13
E 3148 2 1 13
E 3148 3 1 13
E 3148 4 1 13
E 3148 5 1 13
E 3148 6 1 13
T 3149 6 0 7 1
E 3149 0 1 13
E 3149 1 1 13
E 3149 2 1 13
E 3149 3 1 13
E 3149 4 1 13
E 3149 5 1 13
E 3149 6 1 13
T 3150 2 0 0 0
T 3151 8 0 0 0
T 3152 6 0 0 0
T 3153 9 0 0 0
T 3154 7 0 0 0
T 3155 9 0 0 0
T 3156 5 0 0 0
T 3157 3 0 0 0
T 3158 1 0 0 0
T 3159 3 0 0 0
T 3160 3 0 0 0
T 3161 2 0 0 0
T 3162 10 0 0 0
T 3163 7 0 7 1
E 3163 0 1 14
E 3163 1 1 14
E 3163 2 1 14
E 3163 3 1 14
E 3163 4 1 14
E 3163 5 1 14
E 3163 6 1 14
T 3164 7 0 7 1
E 3164 0 1 14
E 3164 1 1 14
E 3164 2 1 14
E 3164 3 1 14
E 3164 4 1 14
E 3164 5 1 14
E 3164 6 1 14
T 3165 12 0 0 0
T 3166 10 0 0 0
T 3167 11 0 0 0
T 3168 12 0 0 0
T 3169 6 0 7 1
E 3169 0 1 13
E 3169 1 1 13
E 3169 2 1 13
E 3169 3 1 13
E 3169 4 1 13
E 3169 5 1 13
E 3169 6 1 13
T 3170 11 0 0 0
T 3171 9 0 0 0
T 3172 6 0 0 0
T 3173 5 0 0 0
T 3174 10 0 0 0
T 3175 6 0 0 0
T 3176 4 0 0 0
T 3177 3 0 0 0
T 3178 2 0 0 0
T 3179 1 0 0 0
T 3180 0 0 0 0
T 3181 0 0 0 0
T 3182 3 0 0 0
T 3183 8 0 0 0
T 3184 5 0 0 0
T 3185 8 0 0 0
T 3186 10 0 0 0
T 3187 4 0 0 0
T 3188 8 0 0 0
T 3189 5 0 0 0
T 3190 1 0 0 0
T 3191 2 0 0 0
T 3192 5 0 0 0
T 3193 1 0 0 0
T 3194 0 0 0 0
T 3195 3 0 0 0
T 3196 2 0 0 0
T 3197 4 0 0 0
T 3198 1 0 0 0
T 3199 4 0 0 0
T 3200 9 0 0 0
T 3201 5 0 0 0
T 3202 11 0 0 0
T 3203 6 0 7 1
E 3203 0 1 13
E 3203 1 1 13
E 3203 2 1 13
E 3203 3 1 13
E 3203 4 1 13
E 3203 5 1 13
E 3203 6 1 13
T 3204 3 0 0 0
T 3205 7 0 0 0
T 3206 12 0 0 0
T 3207 9 0 7 1
E 3207 0 1 16
E 3207 1 1 16
E 3207 2 1 16
E 3207 3 1 16
E 3207 4 1 16
E 3207 5 1 16
E 3207 6 1 16
T 3208 9 0 7 1
E 3208 0 1 16
E 3208 1 1 16
E 3208 2 1 16
E 3208 3 1 16
E 3208 4 1 16
E 3208 5 1 16
E 3208 6 1 16
T 3209 11 0 0 0
T 3210 6 0 7 1
E 3210 0 1 13
E 3210 1 1 13
E 3210 2 1 13
E 3210 3 1 13
E 3210 4 1 13
E 3210 5 1 13
E 3210 6 1 13
T 3211 11 0 0 0
T 3212 7 0 0 0
T 3213 2 0 0 0
T 3214 9 0 0 0
T 3215 10 0 7 1
E 3215 0 1 17
E 3215 1 1 17
E 3215 2 1 17
E 3215 3 1 17
E 3215 4 1 17
E 3215 5 1 17
E 3215 6 1 17
T 3216 7 0 7 1
E 3216 0 1 14
E 3216 1 1 14
E 3216 2 1 14
E 3216 3 1 14
E 3216 4 1 14
E 3216 5 1 14
E 3216 6 1 14
T 3217 1 0 0 0
T 3218 6 0 0 0
T 3219 9 0 0 0
T 3220 7 0 7 1
E 3220 0 1 14
E 3220 1 1 14
E 3220 2 1 14
E 3220 3 1 14
E 3220 4 1 14
E 3220 5 1 14
E 3220 6 1 14
T 3221 8 0 0 0
T 3222 3 0 0 0
T 3223 4 0 0 0
T 3224 3 0 0 0
T 3225 1 0 0 0
T 3226 0 0 0 0
T 3227 4 0 0 0
T 3228 0 0 0 0
T 3229 4 0 0 0
T 3230 6 0 0 0
T 3231 4 0 0 0
T 3232 11 0 0 0
T 3233 10 0 7 1
E 3233 0 -1 -17
E 3233 1 -1 -17
E 3233 2 -1 -17
E 3233 3 -1 -17
E 3233 4 -1 -17
E 3233 5 -1 -17
E 3233 6 -1 -17
T 3234 11 0 0 0
T 3235 8 0 7 1
E 3235 0 -1 -15
E 3235 1 -1 -15
E 3235 2 -1 -15
E 3235 3 -1 -15
E 3235 4 -1 -15
E 3235 5 -1 -15
E 3235 6 -1 -15
T 3236 11 0 0 0
T 3237 6 0 0 0
T 3238 1 0 0 0
T 3239 2 0 0 0
T 3240 4 0 0 0
T 3241 0 0 0 0
T 3242 5 0 0 0
T 3243 1 0 0 0
T 3244 6 0 0 0
T 3245 3 0 0 0
T 3246 2 0 0 0
T 3247 0 0 0 0
T 3248 2 0 0 0
T 3249 3 0 0 0
T 3250 3 0 0 0
T 3251 5 0 0 0
T 3252 7 0 0 0
T 3253 6 0 7 1
E 3253 0 -1 -13
E 3253 1 -1 -13
E 3253 2 -1 -13
E 3253 3 -1 -13
E 3253 4 -1 -13
E 3253 5 -1 -13
E 3253 6 -1 -13
T 3254 5 0 0 0
T 3255 0 0 0 0
T 3256 1 0 0 0
T 3257 5 0 0 0
T 3258 12 0 0 0
T 3259 10 0 0 0
T 3260 9 0 7 1
E 3260 0 -1 -16
E 3260 1 -1 -16
E 3260 2 -1 -16
E 3260 3 -1 -16
E 3260 4 -1 -16
E 3260 5 -1 -16
E 3260 6 -1 -16
T 3261 9 0 0 0
T 3262 10 0 0 0
T 3263 12 0 0 0
T 3264 11 0 0 0
T 3265 7 0 0 0
T 3266 10 0 0 0
T 3267 9 0 7 1
E 3267 0 -1 -16
E 3267 1 -1 -16
E 3267 2 -1 -16
E 3267 3 -1 -16
E 3267 4 -1 -16
E 3267 5 -1 -16
E 3267 6 -1 -16
T 3268 6 0 7 1
E 3268 0 -1 -13
E 3268 1 -1 -13
E 3268 2 -1 -13
E 3268 3 -1 -13
E 3268 4 -1 -13
E 3268 5 -1 -13
E 3268 6 -1 -13
T 3269 9 0 0 0
T 3270 5 0 0 0
T 3271 11 0 0 0
T 3272 6 0 0 0
T 3273 9 0 0 0
T 3274 8 0 0 0
T 3275 10 0 0 0
T 3276 8 0 7 1
E 3276 0 -1 -15
E 3276 1 -1 -15
E 3276 2 -1 -15
E 3276 3 -1 -15
E 3276 4 -1 -15
E 3276 5 -1 -15
E 3276 6 -1 -15
T 3277 6 0 0 0
T 3278 3 0 0 0
T 3279 3 0 0 0
T 3280 7 0 0 0
T 3281 9 0 0 0
T 3282 6 0 7 1
E 3282 0 -1 -13
E 3282 1 -1 -13
E 3282 2 -1 -13
E 3282 3 -1 -13
E 3282 4 -1 -13
E 3282 5 -1 -13
E 3282 6 -1 -13
T 3283 2 0 0 0
T 3284 2 0 0 0
T 3285 2 0 0 0
T 3286 9 0 0 0
T 3287 9 0 0 0
T 3288 7 0 0 0
T 3289 10 0 0 0
T 3290 6 0 0 0
T 3291 8 0 0 0
T 3292 12 0 0 0
T 3293 6 0 7 1
E 3293 0 -2 -20
E 3293 1 -2 -20
E 3293 2 -2 -20
E 3293 3 -2 -20
E 3293 4 -2 -20
E 3293 5 -2 -20
E 3293 6 -2 -20
T 3294 2 0 0 0
T 3295 3 0 0 0
T 3296 2 0 0 0
T 3297 5 0 0 0
T 3298 4 0 0 0
T 3299 0 0 0 0
T 3300 5 0 0 0
T 3301 11 0 0 0
T 3302 7 0 0 0
T 3303 6 0 7 1
E 3303 0 -1 -13
E 3303 1 -1 -13
E 3303 2 -1 -13
E 3303 3 -1 -13
E 3303 4 -1 -13
E 3303 5 -1 -13
E 3303 6 -1 -13
T 3304 8 0 0 0
T 3305 6 0 7 1
E 3305 0 -1 -13
E 3305 1 -1 -13
E 3305 2 -1 -13
E 3305 3 -1 -13
E 3305 4 -1 -13
E 3305 5 -1 -13
E 3305 6 -1 -13
T 3306 7 0 0 0
T 3307 3 0 0 0
T 3308 1 0 0 0
T 3309 3 0 0 0
T 3310 4 0 0 0
T 3311 1 0 0 0
T 3312 4 0 0 0
T 3313 7 0 0 0
T 3314 10 0 0 0
T 3315 11 0 0 0
T 3316 6 0 7 1
E 3316 0 1 13
E 3316 1 1 13
E 3316 2 1 13
E 3316 3 1 13
E 3316 4 1 13
E 3316 5 1 13
E 3316 6 1 13
T 3317 0 0 0 0
T 3318 2 0 0 0
T 3319 2 0 0 0
T 3320 2 0 0 0
T 3321 0 0 0 0
T 3322 4 0 0 0
T 3323 0 0 0 0
T 3324 1 0 0 0
T 3325 2 0 0 0
T 3326 8 0 0 0
T 3327 9 0 0 0
T 3328 6 0 0 0
T 3329 11 0 0 0
T 3330 12 0 0 0
T 3331 6 0 7 1
E 3331 0 -1 -13
E 3331 1 -1 -13
E 3331 2 -1 -13
E 3331 3 -1 -13
E 3331 4 -1 -13
E 3331 5 -1 -13
E 3331 6 -1 -13
T 3332 12 0 0 0
T 3333 9 0 7 1
E 3333 0 -1 -16
E 3333 1 -1 -16
E 3333 2 -1 -16
E 3333 3 -1 -16
E 3333 4 -1 -16
E 3333 5 -1 -16
E 3333 6 -1 -16
T 3334 10 0 0 0
T 3335 5 0 0 0
T 3336 6 0 7 1
E 3336 0 -1 -13
E 3336 1 -1 -13
E 3336 2 -1 -13
E 3336 3 -1 -13
E 3336 4 -1 -13
E 3336 5 -1 -13
E 3336 6 -1 -13
T 3337 8 0 0 0
T 3338 6 0 0 0
T 3339 10 0 0 0
T 3340 10 0 7 1
E 3340 0 -1 -17
E 3340 1 -1 -17
E 3340 2 -1 -17
E 3340 3 -1 -17
E 3340 4 -1 -17
E 3340 5 -1 -17
E 3340 6 -1 -17
T 3341 4 0 7 1
E 3341 0 -2 -18
E 3341 1 -2 -18
E 3341 2 -2 -18
E 3341 3 -2 -18
E 3341 4 -2 -18
E 3341 5 -2 -18
E 3341 6 -2 -18
T 3342 8 0 0 0
T 3343 12 0 0 0
T 3344 9 0 0 0
T 3345 12 0 0 0
T 3346 8 0 0 0
T 3347 3 0 0 0
T 3348 9 0 0 0
T 3349 10 0 0 0
T 3350 12 0 0 0
T 3351 6 0 7 1
E 3351 0 -2 -20
E 3351 1 -2 -20
E 3351 2 -2 -20
E 3351 3 -2 -20
E 3351 4 -2 -20
E 3351 5 -2 -20
E 3351 6 -2 -20
T 3352 10 0 0 0
T 3353 8 0 0 0
T 3354 4 0 0 0
T 3355 10 0 0 0
T 3356 7 0 0 0
T 3357 3 0 0 0
T 3358 7 0 0 0
T 3359 9 0 0 0
T 3360 9 0 7 1
E 3360 0 4 37
E 3360 1 4 37
E 3360 2 4 37
E 3360 3 4 37
E 3360 4 4 37
E 3360 5 4 37
E 3360 6 4 37
T 3361 6 0 7 1
E 3361 0 1 13
E 3361 1 1 13
E 3361 2 1 13
E 3361 3 1 13
E 3361 4 1 13
E 3361 5 1 13
E 3361 6 1 13
T 3362 10 0 0 0
T 3363 8 0 7 1
E 3363 0 1 15
E 3363 1 1 15
E 3363 2 1 15
E 3363 3 1 15
E 3363 4 1 15
E 3363 5 1 15
E 3363 6 1 15
T 3364 4 0 0 0
T 3365 10 0 0 0
T 3366 7 0 7 1
E 3366 0 1 14
E 3366 1 1 14
E 3366 2 1 14
E 3366 3 1 14
E 3366 4 1 14
E 3366 5 1 14
E 3366 6 1 14
T 3367 8 0 7 1
E 3367 0 1 15
E 3367 1 1 15
E 3367 2 1 15
E 3367 3 1 15
E 3367 4 1 15
E 3367 5 1 15
E 3367 6 1 15
T 3368 5 0 0 0
T 3369 4 0 0 0
T 3370 4 0 0 0
T 3371 6 0 0 0
T 3372 2 0 0 0
T 3373 3 0 0 0
T 3374 4 0 0 0
T 3375 3 0 0 0
T 3376 0 0 0 0
T 3377 4 0 0 0
T 3378 10 0 0 0
T 3379 7 0 0 0
T 3380 5 0 0 0
T 3381 8 0 0 0
T 3382 7 0 0 0
T 3383 7 0 7 1
E 3383 0 1 14
E 3383 1 1 14
E 3383 2 1 14
E 3383 3 1 14
E 3383 4 1 14
E 3383 5 1 14
E 3383 6 1 14
T 3384 8 0 7 1
E 3384 0 1 15
E 3384 1 1 15
E 3384 2 1 15
E 3384 3 1 15
E 3384 4 1 15
E 3384 5 1 15
E 3384 6 1 15
T 3385 8 0 7 1
E 3385 0 1 15
E 3385 1 1 15
E 3385 2 1 15
E 3385 3 1 15
E 3385 4 1 15
E 3385 5 1 15
E 3385 6 1 15
T 3386 12 0 0 0
T 3387 10 0 7 1
E 3387 0 1 17
E 3387 1 1 17
E 3387 2 1 17
E 3387 3 1 17
E 3387 4 1 17
E 3387 5 1 17
E 3387 6 1 17
T 3388 11 0 0 0
T 3389 12 0 0 0
T 3390 10 0 7 1
E 3390 0 1 17
E 3390 1 1 17
E 3390 2 1 17
E 3390 3 1 17
E 3390 4 1 17
E 3390 5 1 17
E 3390 6 1 17
T 3391 10 0 0 0
T 3392 10 0 0 0
T 3393 9 0 7 1
E 3393 0 1 16
E 3393 1 1 16
E 3393 2 1 16
E 3393 3 1 16
E 3393 4 1 16
E 3393 5 1 16
E 3393 6 1 16
T 3394 9 0 7 1
E 3394 0 1 16
E 3394 1 1 16
E 3394 2 1 16
E 3394 3 1 16
E 3394 4 1 16
E 3394 5 1 16
E 3394 6 1 16
T 3395 10 0 0 0
T 3396 12 0 0 0
T 3397 12 0 0 0
T 3398 7 0 7 1
E 3398 0 1 14
E 3398 1 1 14
E 3398 2 1 14
E 3398 3 1 14
E 3398 4 1 14
E 3398 5 1 14
E 3398 6 1 14
T 3399 6 0 7 1
E 3399 0 1 13
E 3399 1 1 13
E 3399 2 1 13
E 3399 3 1 13
E 3399 4 1 13
E 3399 5 1 13
E 3399 6 1 13
T 3400 8 0 0 0
T 3401 7 0 7 1
E 3401 0 1 14
E 3401 1 1 14
E 3401 2 1 14
E 3401 3 1 14
E 3401 4 1 14
E 3401 5 1 14
E 3401 6 1 14
T 3402 3 0 0 0
T 3403 6 0 0 0
T 3404 6 0 7 1
E 3404 0 1 13
E 3404 1 1 13
E 3404 2 1 13
E 3404 3 1 13
E 3404 4 1 13
E 3404 5 1 13
E 3404 6 1 13
T 3405 9 0 0 0
T 3406 6 0 0 0
T 3407 6 0 0 0
T 3408 2 0 0 0
T 3409 3 0 0 0
T 3410 0 0 0 0
T 3411 2 0 0 0
T 3412 8 0 0 0
T 3413 7 0 7 1
E 3413 0 1 14
E 3413 1 1 14
E 3413 2 1 14
E 3413 3 1 14
E 3413 4 1 14
E 3413 5 1 14
E 3413 6 1 14
T 3414 5 0 0 0
T 3415 12 0 0 0
T 3416 4 0 7 1
E 3416 0 2 18
E 3416 1 2 18
E 3416 2 2 18
E 3416 3 2 18
E 3416 4 2 18
E 3416 5 2 18
E 3416 6 2 18
T 3417 5 0 0 0
T 3418 7 0 0 0
T 3419 5 0 0 0
T 3420 7 0 0 0
T 3421 7 0 0 0
T 3422 8 0 7 1
E 3422 0 1 15
E 3422 1 1 15
E 3422 2 1 15
E 3422 3 1 15
E 3422 4 1 15
E 3422 5 1 15
E 3422 6 1 15
T 3423 6 0 0 0
T 3424 8 0 0 0
T 3425 9 0 7 1
E 3425 0 1 16
E 3425 1 1 16
E 3425 2 1 16
E 3425 3 1 16
E 3425 4 1 16
E 3425 5 1 16
E 3425 6 1 16
T 3426 9 0 0 0
T 3427 12 0 0 0
T 3428 11 0 0 0
T 3429 10 0 7 1
E 3429 0 1 17
E 3429 1 1 17
E 3429 2 1 17
E 3429 3 1 17
E 3429 4 1 17
E 3429 5 1 17
E 3429 6 1 17
T 3430 10 0 0 0
T 3431 10 0 0 0
T 3432 9 0 0 0
T 3433 7 0 7 1
E 3433 0 1 14
E 3433 1 1 14
E 3433 2 1 14
E 3433 3 1 14
E 3433 4 1 14
E 3433 5 1 14
E 3433 6 1 14
T 3434 6 0 0 0
T 3435 4 0 0 0
T 3436 1 0 0 0
T 3437 9 0 0 0
T 3438 5 0 0 0
T 3439 11 0 0 0
T 3440 9 0 0 0
T 3441 4 0 0 0
T 3442 8 0 0 0
T 3443 3 0 0 0
T 3444 2 0 0 0
T 3445 2 0 0 0
T 3446 4 0 0 0
T 3447 1 0 0 0
T 3448 3 0 0 0
T 3449 10 0 0 0
T 3450 8 0 7 1
E 3450 0 1 15
E 3450 1 1 15
E 3450 2 1 15
E 3450 3 1 15
E 3450 4 1 15
E 3450 5 1 15
E 3450 6 1 15
T 3451 10 0 0 0
T 3452 7 0 7 1
E 3452 0 1 14
E 3452 1 1 14
E 3452 2 1 14
E 3452 3 1 14
E 3452 4 1 14
E 3452 5 1 14
E 3452 6 1 14
T 3453 6 0 7 1
E 3453 0 1 13
E 3453 1 1 13
E 3453 2 1 13
E 3453 3 1 13
E 3453 4 1 13
E 3453 5 1 13
E 3453 6 1 13
T 3454 3 0 0 0
T 3455 11 0 0 0
T 3456 6 0 7 1
E 3456 0 1 13
E 3456 1 1 13
E 3456 2 1 13
E 3456 3 1 13
E 3456 4 1 13
E 3456 5 1 13
E 3456 6 1 13
T 3457 7 0 0 0
T 3458 0 0 0 0
T 3459 3 0 0 0
T 3460 2 0 0 0
T 3461 9 0 0 0
T 3462 9 0 7 1
E 3462 0 -1 -16
E 3462 1 -1 -16
E 3462 2 -1 -16
E 3462 3 -1 -16
E 3462 4 -1 -16
E 3462 5 -1 -16
E 3462 6 -1 -16
T 3463 6 0 7 1
E 3463 0 -1 -13
E 3463 1 -1 -13
E 3463 2 -1 -13
E 3463 3 -1 -13
E 3463 4 -1 -13
E 3463 5 -1 -13
E 3463 6 -1 -13
T 3464 4 0 0 0
T 3465 8 0 0 0
T 3466 7 0 0 0
T 3467 5 0 0 0
T 3468 7 0 0 0
T 3469 5 0 0 0
T 3470 5 0 0 0
T 3471 12 0 0 0
T 3472 10 0 7 1
E 3472 0 -1 -17
E 3472 1 -1 -17
E 3472 2 -1 -17
E 3472 3 -1 -17
E 3472 4 -1 -17
E 3472 5 -1 -17
E 3472 6 -1 -17
T 3473 7 0 0 0
T 3474 7 0 0 0
T 3475 2 0 0 0
T 3476 1 0 0 0
T 3477 1 0 0 0
T 3478 4 0 0 0
T 3479 5 0 0 0
T 3480 10 0 0 0
T 3481 7 0 7 1
E 3481 0 1 14
E 3481 1 1 14
E 3481 2 1 14
E 3481 3 1 14
E 3481 4 1 14
E 3481 5 1 14
E 3481 6 1 14
T 3482 2 0 0 0
T 3483 5 0 0 0
T 3484 11 0 0 0
T 3485 7 0 7 1
E 3485 0 -1 -14
E 3485 1 -1 -14
E 3485 2 -1 -14
E 3485 3 -1 -14
E 3485 4 -1 -14
E 3485 5 -1 -14
E 3485 6 -1 -14
T 3486 11 0 0 0
T 3487 10 0 0 0
T 3488 5 0 0 0
T 3489 7 0 0 0
T 3490 9 0 0 0
T 3491 7 0 0 0
T 3492 6 0 0 0
T 3493 1 0 0 0
T 3494 0 0 0 0
T 3495 4 0 0 0
T 3496 4 0 0 0
T 3497 2 0 0 0
T 3498 7 0 0 0
T 3499 7 0 7 1
E 3499 0 -1 -14
E 3499 1 -1 -14
E 3499 2 -1 -14
E 3499 3 -1 -14
E 3499 4 -1 -14
E 3499 5 -1 -14
E 3499 6 -1 -14
T 3500 12 0 0 0
T 3501 12 0 0 0
T 3502 9 0 7 1
E 3502 0 -1 -16
E 3502 1 -1 -16
E 3502 2 -1 -16
E 3502 3 -1 -16
E 3502 4 -1 -16
E 3502 5 -1 -16
E 3502 6 -1 -16
T 3503 5 0 0 0
T 3504 10 0 0 0
T 3505 8 0 7 1
E 3505 0 -1 -15
E 3505 1 -1 -15
E 3505 2 -1 -15
E 3505 3 -1 -15
E 3505 4 -1 -15
E 3505 5 -1 -15
E 3505 6 -1 -15
T 3506 10 0 0 0
T 3507 10 0 7 1
E 3507 0 -1 -17
E 3507 1 -1 -17
E 3507 2 -1 -17
E 3507 3 -1 -17
E 3507 4 -1 -17
E 3507 5 -1 -17
E 3507 6 -1 -17
T 3508 12 0 0 0
T 3509 6 0 7 1
E 3509 0 -2 -20
E 3509 1 -2 -20
E 3509 2 -2 -20
E 3509 3 -2 -20
E 3509 4 -2 -20
E 3509 5 -2 -20
E 3509 6 -2 -20
T 3510 1 0 0 0
T 3511 7 0 0 0
T 3512 2 0 0 0
T 3513 7 0 0 0
T 3514 5 0 0 0
T 3515 6 0 0 0
T 3516 8 0 0 0
T 3517 4 0 0 0
T 3518 9 0 0 0
T 3519 7 0 7 1
E 3519 0 -1 -14
E 3519 1 -1 -14
E 3519 2 -1 -14
E 3519 3 -1 -14
E 3519 4 -1 -14
E 3519 5 -1 -14
E 3519 6 -1 -14
T 3520 10 0 0 0
T 3521 4 0 7 1
E 3521 0 -2 -18
E 3521 1 -2 -18
E 3521 2 -2 -18
E 3521 3 -2 -18
E 3521 4 -2 -18
E 3521 5 -2 -18
E 3521 6 -2 -18
T 3522 3 0 0 0
T 3523 1 0 0 0
T 3524 3 0 0 0
T 3525 4 0 0 0
T 3526 4 0 0 0
T 3527 7 0 0 0
T 3528 8 0 0 0
T 3529 6 0 0 0
T 3530 1 0 0 0
T 3531 1 0 0 0
T 3532 2 0 0 0
T 3533 9 0 0 0
T 3534 8 0 0 0
T 3535 6 0 0 0
T 3536 4 0 0 0
T 3537 8 0 0 0
T 3538 6 0 7 1
E 3538 0 -1 -13
E 3538 1 -1 -13
E 3538 2 -1 -13
E 3538 3 -1 -13
E 3538 4 -1 -13
E 3538 5 -1 -13
E 3538 6 -1 -13
T 3539 3 0 0 0
T 3540 7 0 0 0
T 3541 10 0 0 0
T 3542 9 0 0 0
T 3543 7 0 0 0
T 3544 8 0 7 1
E 3544 0 -1 -15
E 3544 1 -1 -15
E 3544 2 -1 -15
E 3544 3 -1 -15
E 3544 4 -1 -15
E 3544 5 -1 -15
E 3544 6 -1 -15
T 3545 4 0 0 0
T 3546 6 0 0 0
T 3547 10 0 0 0
T 3548 12 0 0 0
T 3549 8 0 7 1
E 3549 0 -1 -15
E 3549 1 -1 -15
E 3549 2 -1 -15
E 3549 3 -1 -15
E 3549 4 -1 -15
E 3549 5 -1 -15
E 3549 6 -1 -15
T 3550 7 0 0 0
T 3551 10 0 0 0
T 3552 8 0 7 1
E 3552 0 -1 -15
E 3552 1 -1 -15
E 3552 2 -1 -15
E 3552 3 -1 -15
E 3552 4 -1 -15
E 3552 5 -1 -15
E 3552 6 -1 -15
T 3553 9 0 7 1
E 3553 0 -1 -16
E 3553 1 -1 -16
E 3553 2 -1 -16
E 3553 3 -1 -16
E 3553 4 -1 -16
E 3553 5 -1 -16
E 3553 6 -1 -16
T 3554 11 0 0 0
T 3555 7 0 7 1
E 3555 0 -1 -14
E 3555 1 -1 -14
E 3555 2 -1 -14
E 3555 3 -1 -14
E 3555 4 -1 -14
E 3555 5 -1 -14
E 3555 6 -1 -14
T 3556 12 0 0 0
T 3557 7 0 0 0
T 3558 5 0 0 0
T 3559 10 0 0 0
T 3560 10 0 0 0
T 3561 7 0 0 0
T 3562 5 0 0 0
T 3563 7 0 0 0
T 3564 6 0 7 1
E 3564 0 -1 -13
E 3564 1 -1 -13
E 3564 2 -1 -13
E 3564 3 -1 -13
E 3564 4 -1 -13
E 3564 5 -1 -13
E 3564 6 -1 -13
T 3565 3 0 0 0
T 3566 1 0 0 0
T 3567 1 0 0 0
T 3568 1 0 0 0
T 3569 7 0 0 0
T 3570 2 0 0 0
T 3571 6 0 0 0
T 3572 2 0 0 0
T 3573 0 0 0 0
T 3574 1 0 0 0
T 3575 3 0 0 0
T 3576 7 0 0 0
T 3577 4 0 0 0
T 3578 1 0 0 0
T 3579 2 0 0 0
T 3580 2 0 0 0
T 3581 0 0 0 0
T 3582 2 0 0 0
T 3583 1 0 0 0
T 3584 4 0 0 0
T 3585 0 0 0 0
T 3586 0 0 0 0
T 3587 5 0 0 0
T 3588 2 0 0 0
T 3589 2 0 0 0
T 3590 9 0 0 0
T 3591 7 0 7 1
E 3591 0 -1 -14
E 3591 1 -1 -14
E 3591 2 -1 -14
E 3591 3 -1 -14
E 3591 4 -1 -14
E 3591 5 -1 -14
E 3591 6 -1 -14
T 3592 3 0 0 0
T 3593 1 0 0 0
T 3594 3 0 0 0
T 3595 9 0 0 0
T 3596 7 0 7 1
E 3596 0 -1 -14
E 3596 1 -1 -14
E 3596 2 -1 -14
E 3596 3 -1 -14
E 3596 4 -1 -14
E 3596 5 -1 -14
E 3596 6 -1 -14
T 3597 4 0 0 0
T 3598 5 0 0 0
T 3599 1 0 0 0
T 3600 16 0 7 1
E 3600 0 5 51
E 3600 1 5 51
E 3600 2 5 51
E 3600 3 5 51
E 3600 4 5 51
E 3600 5 5 51
E 3600 6 5 51
T 3601 8 0 7 1
E 3601 0 1 15
E 3601 1 1 15
E 3601 2 1 15
E 3601 3 1 15
E 3601 4 1 15
E 3601 5 1 15
E 3601 6 1 15
T 3602 6 0 0 0
T 3603 3 0 0 0
T 3604 7 0 0 0
T 3605 6 0 7 1
E 3605 0 1 13
E 3605 1 1 13
E 3605 2 1 13
E 3605 3 1 13
E 3605 4 1 13
E 3605 5 1 13
E 3605 6 1 13
T 3606 9 0 0 0
T 3607 9 0 7 1
E 3607 0 1 16
E 3607 1 1 16
E 3607 2 1 16
E 3607 3 1 16
E 3607 4 1 16
E 3607 5 1 16
E 3607 6 1 16
T 3608 11 0 0 0
T 3609 4 0 7 1
E 3609 0 2 18
E 3609 1 2 18
E 3609 2 2 18
E 3609 3 2 18
E 3609 4 2 18
E 3609 5 2 18
E 3609 6 2 18
T 3610 10 0 0 0
T 3611 9 0 0 0
T 3612 11 0 0 0
T 3613 8 0 0 0
T 3614 7 0 0 0
T 3615 8 0 7 1
E 3615 0 1 15
E 3615 1 1 15
E 3615 2 1 15
E 3615 3 1 15
E 3615 4 1 15
E 3615 5 1 15
E 3615 6 1 15
T 3616 3 0 0 0
T 3617 3 0 0 0
T 3618 0 0 0 0
T 3619 1 0 0 0
T 3620 8 0 0 0
T 3621 7 0 7 1
E 3621 0 1 14
E 3621 1 1 14
E 3621 2 1 14
E 3621 3 1 14
E 3621 4 1 14
E 3621 5 1 14
E 3621 6 1 14
T 3622 10 0 0 0
T 3623 8 0 0 0
T 3624 9 0 0 0
T 3625 9 0 0 0
T 3626 4 0 0 0
T 3627 9 0 0 0
T 3628 7 0 0 0
T 3629 11 0 0 0
T 3630 4 0 7 1
E 3630 0 2 18
E 3630 1 2 18
E 3630 2 2 18
E 3630 3 2 18
E 3630 4 2 18
E 3630 5 2 18
E 3630 6 2 18
T 3631 8 0 0 0
T 3632 9 0 7 1
E 3632 0 1 16
E 3632 1 1 16
E 3632 2 1 16
E 3632 3 1 16
E 3632 4 1 16
E 3632 5 1 16
E 3632 6 1 16
T 3633 9 0 0 0
T 3634 11 0 0 0
T 3635 12 0 0 0
T 3636 4 0 7 1
E 3636 0 2 18
E 3636 1 2 18
E 3636 2 2 18
E 3636 3 2 18
E 3636 4 2 18
E 3636 5 2 18
E 3636 6 2 18
T 3637 7 0 0 0
T 3638 6 0 7 1
E 3638 0 1 13
E 3638 1 1 13
E 3638 2 1 13
E 3638 3 1 13
E 3638 4 1 13
E 3638 5 1 13
E 3638 6 1 13
T 3639 6 0 0 0
T 3640 8 0 0 0
T 3641 5 0 0 0
T 3642 1 0 0 0
T 3643 2 0 0 0
T 3644 1 0 0 0
T 3645 7 0 0 0
T 3646 11 0 0 0
T 3647 7 0 0 0
T 3648 5 0 0 0
T 3649 7 0 0 0
T 3650 8 0 0 0
T 3651 4 0 0 0
T 3652 11 0 0 0
T 3653 7 0 7 1
E 3653 0 1 14
E 3653 1 1 14
E 3653 2 1 14
E 3653 3 1 14
E 3653 4 1 14
E 3653 5 1 14
E 3653 6 1 14
T 3654 8 0 0 0
T 3655 8 0 0 0
T 3656 7 0 0 0
T 3657 4 0 0 0
T 3658 0 0 0 0
T 3659 7 0 0 0
T 3660 10 0 0 0
T 3661 12 0 0 0
T 3662 11 0 0 0
T 3663 8 0 7 1
E 3663 0 1 15
E 3663 1 1 15
E 3663 2 1 15
E 3663 3 1 15
E 3663 4 1 15
E 3663 5 1 15
E 3663 6 1 15
T 3664 9 0 0 0
T 3665 11 0 0 0
T 3666 7 0 0 0
T 3667 8 0 7 1
E 3667 0 1 15
E 3667 1 1 15
E 3667 2 1 15
E 3667 3 1 15
E 3667 4 1 15
E 3667 5 1 15
E 3667 6 1 15
T 3668 7 0 7 1
E 3668 0 1 14
E 3668 1 1 14
E 3668 2 1 14
E 3668 3 1 14
E 3668 4 1 14
E 3668 5 1 14
E 3668 6 1 14
T 3669 6 0 7 1
E 3669 0 1 13
E 3669 1 1 13
E 3669 2 1 13
E 3669 3 1 13
E 3669 4 1 13
E 3669 5 1 13
E 3669 6 1 13
T 3670 2 0 0 0
T 3671 1 0 0 0
T 3672 2 0 0 0
T 3673 2 0 0 0
T 3674 10 0 0 0
T 3675 6 0 0 0
T 3676 10 0 0 0
T 3677 11 0 0 0
T 3678 12 0 0 0
T 3679 5 0 7 1
E 3679 0 2 19
E 3679 1 2 19
E 3679 2 2 19
E 3679 3 2 19
E 3679 4 2 19
E 3679 5 2 19
E 3679 6 2 19
T 3680 10 0 0 0
T 3681 10 0 0 0
T 3682 10 0 0 0
T 3683 9 0 0 0
T 3684 6 0 7 1
E 3684 0 1 13
E 3684 1 1 13
E 3684 2 1 13
E 3684 3 1 13
E 3684 4 1 13
E 3684 5 1 13
E 3684 6 1 13
T 3685 5 0 0 0
T 3686 1 0 0 0
T 3687 6 0 0 0
T 3688 8 0 0 0
T 3689 7 0 7 1
E 3689 0 1 14
E 3689 1 1 14
E 3689 2 1 14
E 3689 3 1 14
E 3689 4 1 14
E 3689 5 1 14
E 3689 6 1 14
T 3690 10 0 0 0
T 3691 10 0 7 1
E 3691 0 1 17
E 3691 1 1 17
E 3691 2 1 17
E 3691 3 1 17
E 3691 4 1 17
E 3691 5 1 17
E 3691 6 1 17
T 3692 6 0 7 1
E 3692 0 1 13
E 3692 1 1 13
E 3692 2 1 13
E 3692 3 1 13
E 3692 4 1 13
E 3692 5 1 13
E 3692 6 1 13
T 3693 3 0 0 0
T 3694 7 0 0 0
T 3695 4 0 0 0
T 3696 4 0 0 0
T 3697 2 0 0 0
T 3698 1 0 0 0
T 3699 4 0 0 0
T 3700 3 0 0 0
T 3701 2 0 0 0
T 3702 5 0 0 0
T 3703 0 0 0 0
T 3704 2 0 0 0
T 3705 4 0 0 0
T 3706 1 0 0 0
T 3707 5 0 0 0
T 3708 6 0 0 0
T 3709 3 0 0 0
T 3710 2 0 0 0
T 3711 2 0 0 0
T 3712 5 0 0 0
T 3713 11 0 0 0
T 3714 7 0 0 0
T 3715 4 0 0 0
T 3716 1 0 0 0
T 3717 1 0 0 0
T 3718 3 0 0 0
T 3719 0 0 0 0
T 3720 3 0 0 0
T 3721 3 0 0 0
T 3722 2 0 0 0
T 3723 5 0 0 0
T 3724 2 0 0 0
T 3725 1 0 0 0
T 3726 8 0 0 0
T 3727 6 0 0 0
T 3728 11 0 0 0
T 3729 10 0 7 1
E 3729 0 -1 -17
E 3729 1 -1 -17
E 3729 2 -1 -17
E 3729 3 -1 -17
E 3729 4 -1 -17
E 3729 5 -1 -17
E 3729 6 -1 -17
T 3730 8 0 7 1
E 3730 0 -1 -15
E 3730 1 -1 -15
E 3730 2 -1 -15
E 3730 3 -1 -15
E 3730 4 -1 -15
E 3730 5 -1 -15
E 3730 6 -1 -15
T 3731 8 0 7 1
E 3731 0 -1 -15
E 3731 1 -1 -15
E 3731 2 -1 -15
E 3731 3 -1 -15
E 3731 4 -1 -15
E 3731 5 -1 -15
E 3731 6 -1 -15
T 3732 10 0 0 0
T 3733 8 0 7 1
E 3733 0 -1 -15
E 3733 1 -1 -15
E 3733 2 -1 -15
E 3733 3 -1 -15
E 3733 4 -1 -15
E 3733 5 -1 -15
E 3733 6 -1 -15
T 3734 11 0 0 0
T 3735 6 0 7 1
E 3735 0 -1 -13
E 3735 1 -1 -13
E 3735 2 -1 -13
E 3735 3 -1 -13
E 3735 4 -1 -13
E 3735 5 -1 -13
E 3735 6 -1 -13
T 3736 10 0 0 0
T 3737 6 0 0 0
T 3738 12 0 0 0
T 3739 8 0 7 1
E 3739 0 -1 -15
E 3739 1 -1 -15
E 3739 2 -1 -15
E 3739 3 -1 -15
E 3739 4 -1 -15
E 3739 5 -1 -15
E 3739 6 -1 -15
T 3740 11 0 0 0
T 3741 6 0 0 0
T 3742 1 0 0 0
T 3743 8 0 0 0
T 3744 8 0 0 0
T 3745 7 0 0 0
T 3746 11 0 0 0
T 3747 10 0 7 1
E 3747 0 -1 -17
E 3747 1 -1 -17
E 3747 2 -1 -17
E 3747 3 -1 -17
E 3747 4 -1 -17
E 3747 5 -1 -17
E 3747 6 -1 -17
T 3748 10 0 7 1
E 3748 0 -1 -17
E 3748 1 -1 -17
E 3748 2 -1 -17
E 3748 3 -1 -17
E 3748 4 -1 -17
E 3748 5 -1 -17
E 3748 6 -1 -17
T 3749 4 0 7 1
E 3749 0 -2 -18
E 3749 1 -2 -18
E 3749 2 -2 -18
E 3749 3 -2 -18
E 3749 4 -2 -18
E 3749 5 -2 -18
E 3749 6 -2 -18
T 3750 5 0 0 0
T 3751 5 0 0 0
T 3752 12 0 0 0
T 3753 4 0 7 1
E 3753 0 -2 -18
E 3753 1 -2 -18
E 3753 2 -2 -18
E 3753 3 -2 -18
E 3753 4 -2 -18
E 3753 5 -2 -18
E 3753 6 -2 -18
T 3754 10 0 0 0
T 3755 9 0 0 0
T 3756 6 0 0 0
T 3757 12 0 0 0
T 3758 8 0 0 0
T 3759 9 0 0 0
T 3760 11 0 0 0
T 3761 10 0 7 1
E 3761 0 -1 -17
E 3761 1 -1 -17
E 3761 2 -1 -17
E 3761 3 -1 -17
E 3761 4 -1 -17
E 3761 5 -1 -17
E 3761 6 -1 -17
T 3762 7 0 7 1
E 3762 0 -1 -14
E 3762 1 -1 -14
E 3762 2 -1 -14
E 3762 3 -1 -14
E 3762 4 -1 -14
E 3762 5 -1 -14
E 3762 6 -1 -14
T 3763 5 0 0 0
T 3764 11 0 0 0
T 3765 9 0 0 0
T 3766 8 0 0 0
T 3767 10 0 0 0
T 3768 11 0 0 0
T 3769 8 0 0 0
T 3770 10 0 0 0
T 3771 8 0 7 1
E 3771 0 -1 -15
E 3771 1 -1 -15
E 3771 2 -1 -15
E 3771 3 -1 -15
E 3771 4 -1 -15
E 3771 5 -1 -15
E 3771 6 -1 -15
T 3772 11 0 0 0
T 3773 9 0 7 1
E 3773 0 -1 -16
E 3773 1 -1 -16
E 3773 2 -1 -16
E 3773 3 -1 -16
E 3773 4 -1 -16
E 3773 5 -1 -16
E 3773 6 -1 -16
T 3774 6 0 7 1
E 3774 0 -1 -13
E 3774 1 -1 -13
E 3774 2 -1 -13
E 3774 3 -1 -13
E 3774 4 -1 -13
E 3774 5 -1 -13
E 3774 6 -1 -13
T 3775 9 0 0 0
T 3776 7 0 0 0
T 3777 11 0 0 0
T 3778 12 0 0 0
T 3779 8 0 0 0
T 3780 6 0 7 1
E 3780 0 -1 -13
E 3780 1 -1 -13
E 3780 2 -1 -13
E 3780 3 -1 -13
E 3780 4 -1 -13
E 3780 5 -1 -13
E 3780 6 -1 -13
T 3781 6 0 7 1
E 3781 0 -1 -13
E 3781 1 -1 -13
E 3781 2 -1 -13
E 3781 3 -1 -13
E 3781 4 -1 -13
E 3781 5 -1 -13
E 3781 6 -1 -13
T 3782 8 0 0 0
T 3783 6 0 0 0
T 3784 2 0 0 0
T 3785 0 0 0 0
T 3786 0 0 0 0
T 3787 1 0 0 0
T 3788 7 0 0 0
T 3789 7 0 0 0
T 3790 3 0 0 0
T 3791 1 0 0 0
T 3792 6 0 0 0
T 3793 6 0 0 0
T 3794 7 0 7 1
E 3794 0 -1 -14
E 3794 1 -1 -14
E 3794 2 -1 -14
E 3794 3 -1 -14
E 3794 4 -1 -14
E 3794 5 -1 -14
E 3794 6 -1 -14
T 3795 12 0 0 0
T 3796 4 0 7 1
E 3796 0 -2 -18
E 3796 1 -2 -18
E 3796 2 -2 -18
E 3796 3 -2 -18
E 3796 4 -2 -18
E 3796 5 -2 -18
E 3796 6 -2 -18
T 3797 3 0 0 0
T 3798 5 0 0 0
T 3799 6 0 7 1
E 3799 0 -1 -13
E 3799 1 -1 -13
E 3799 2 -1 -13
E 3799 3 -1 -13
E 3799 4 -1 -13
E 3799 5 -1 -13
E 3799 6 -1 -13
T 3800 8 0 0 0
T 3801 5 0 0 0
T 3802 9 0 0 0
T 3803 11 0 0 0
T 3804 4 0 7 1
E 3804 0 -2 -18
E 3804 1 -2 -18
E 3804 2 -2 -18
E 3804 3 -2 -18
E 3804 4 -2 -18
E 3804 5 -2 -18
E 3804 6 -2 -18
T 3805 8 0 0 0
T 3806 7 0 0 0
T 3807 5 0 0 0
T 3808 5 0 0 0
T 3809 1 0 0 0
T 3810 4 0 0 0
T 3811 11 0 0 0
T 3812 7 0 0 0
T 3813 4 0 0 0
T 3814 7 0 0 0
T 3815 6 0 0 0
T 3816 7 0 0 0
T 3817 10 0 0 0
T 3818 6 0 0 0
T 3819 7 0 7 1
E 3819 0 -1 -14
E 3819 1 -1 -14
E 3819 2 -1 -14
E 3819 3 -1 -14
E 3819 4 -1 -14
E 3819 5 -1 -14
E 3819 6 -1 -14
T 3820 6 0 0 0
T 3821 8 0 0 0
T 3822 12 0 0 0
T 3823 6 0 7 1
E 3823 0 -2 -20
E 3823 1 -2 -20
E 3823 2 -2 -20
E 3823 3 -2 -20
E 3823 4 -2 -20
E 3823 5 -2 -20
E 3823 6 -2 -20
T 3824 7 0 0 0
T 3825 6 0 0 0
T 3826 10 0 0 0
T 3827 9 0 0 0
T 3828 9 0 0 0
T 3829 6 0 7 1
E 3829 0 -1 -13
E 3829 1 -1 -13
E 3829 2 -1 -13
E 3829 3 -1 -13
E 3829 4 -1 -13
E 3829 5 -1 -13
E 3829 6 -1 -13
T 3830 1 0 0 0
T 3831 1 0 0 0
T 3832 2 0 0 0
T 3833 2 0 0 0
T 3834 3 0 0 0
T 3835 10 0 0 0
T 3836 10 0 0 0
T 3837 12 0 0 0
T 3838 11 0 0 0
T 3839 7 0 7 1
E 3839 0 -1 -14
E 3839 1 -1 -14
E 3839 2 -1 -14
E 3839 3 -1 -14
E 3839 4 -1 -14
E 3839 5 -1 -14
E 3839 6 -1 -14
T 3840 14 0 7 1
E 3840 0 3 35
E 3840 1 3 35
E 3840 2 3 35
E 3840 3 3 35
E 3840 4 3 35
E 3840 5 3 35
E 3840 6 3 35
T 3841 6 0 7 1
E 3841 0 1 13
E 3841 1 1 13
E 3841 2 1 13
E 3841 3 1 13
E 3841 4 1 13
E 3841 5 1 13
E 3841 6 1 13
T 3842 3 0 0 0
T 3843 1 0 0 0
T 3844 3 0 0 0
T 3845 11 0 0 0
T 3846 6 0 0 0
T 3847 9 0 0 0
T 3848 10 0 0 0
T 3849 8 0 0 0
T 3850 7 0 0 0
T 3851 3 0 0 0
T 3852 3 0 0 0
T 3853 10 0 0 0
T 3854 10 0 7 1
E 3854 0 1 17
E 3854 1 1 17
E 3854 2 1 17
E 3854 3 1 17
E 3854 4 1 17
E 3854 5 1 17
E 3854 6 1 17
T 3855 7 0 0 0
T 3856 2 0 0 0
T 3857 10 0 0 0
T 3858 10 0 7 1
E 3858 0 1 17
E 3858 1 1 17
E 3858 2 1 17
E 3858 3 1 17
E 3858 4 1 17
E 3858 5 1 17
E 3858 6 1 17
T 3859 6 0 7 1
E 3859 0 1 13
E 3859 1 1 13
E 3859 2 1 13
E 3859 3 1 13
E 3859 4 1 13
E 3859 5 1 13
E 3859 6 1 13
T 3860 10 0 0 0
T 3861 9 0 0 0
T 3862 5 0 0 0
T 3863 3 0 0 0
T 3864 3 0 0 0
T 3865 7 0 0 0
T 3866 11 0 0 0
T 3867 6 0 7 1
E 3867 0 1 13
E 3867 1 1 13
E 3867 2 1 13
E 3867 3 1 13
E 3867 4 1 13
E 3867 5 1 13
E 3867 6 1 13
T 3868 8 0 0 0
T 3869 4 0 0 0
T 3870 3 0 0 0
T 3871 8 0 0 0
T 3872 9 0 7 1
E 3872 0 1 16
E 3872 1 1 16
E 3872 2 1 16
E 3872 3 1 16
E 3872 4 1 16
E 3872 5 1 16
E 3872 6 1 16
T 3873 6 0 0 0
T 3874 7 0 0 0
T 3875 5 0 0 0
T 3876 4 0 0 0
T 3877 11 0 0 0
T 3878 7 0 0 0
T 3879 6 0 0 0
T 3880 11 0 0 0
T 3881 8 0 0 0
T 3882 9 0 0 0
T 3883 9 0 0 0
T 3884 8 0 7 1
E 3884 0 1 15
E 3884 1 1 15
E 3884 2 1 15
E 3884 3 1 15
E 3884 4 1 15
E 3884 5 1 15
E 3884 6 1 15
T 3885 6 0 0 0
T 3886 2 0 0 0
T 3887 2 0 0 0
T 3888 9 0 0 0
T 3889 8 0 7 1
E 3889 0 1 15
E 3889 1 1 15
E 3889 2 1 15
E 3889 3 1 15
E 3889 4 1 15
E 3889 5 1 15
E 3889 6 1 15
T 3890 4 0 0 0
T 3891 0 0 0 0
T 3892 6 0 0 0
T 3893 4 0 0 0
T 3894 6 0 0 0
T 3895 7 0 7 1
E 3895 0 1 14
E 3895 1 1 14
E 3895 2 1 14
E 3895 3 1 14
E 3895 4 1 14
E 3895 5 1 14
E 3895 6 1 14
T 3896 10 0 0 0
T 3897 9 0 0 0
T 3898 6 0 7 1
E 3898 0 1 13
E 3898 1 1 13
E 3898 2 1 13
E 3898 3 1 13
E 3898 4 1 13
E 3898 5 1 13
E 3898 6 1 13
T 3899 6 0 7 1
E 3899 0 1 13
E 3899 1 1 13
E 3899 2 1 13
E 3899 3 1 13
E 3899 4 1 13
E 3899 5 1 13
E 3899 6 1 13
T 3900 11 0 0 0
T 3901 9 0 0 0
T 3902 9 0 7 1
E 3902 0 1 16
E 3902 1 1 16
E 3902 2 1 16
E 3902 3 1 16
E 3902 4 1 16
E 3902 5 1 16
E 3902 6 1 16
T 3903 9 0 7 1
E 3903 0 1 16
E 3903 1 1 16
E 3903 2 1 16
E 3903 3 1 16
E 3903 4 1 16
E 3903 5 1 16
E 3903 6 1 16
T 3904 7 0 7 1
E 3904 0 1 14
E 3904 1 1 14
E 3904 2 1 14
E 3904 3 1 14
E 3904 4 1 14
E 3904 5 1 14
E 3904 6 1 14
T 3905 7 0 0 0
T 3906 6 0 0 0
T 3907 2 0 0 0
T 3908 5 0 0 0
T 3909 7 0 0 0
T 3910 11 0 0 0
T 3911 11 0 0 0
T 3912 7 0 7 1
E 3912 0 1 14
E 3912 1 1 14
E 3912 2 1 14
E 3912 3 1 14
E 3912 4 1 14
E 3912 5 1 14
E 3912 6 1 14
T 3913 2 0 0 0
T 3914 2 0 0 0
T 3915 1 0 0 0
T 3916 2 0 0 0
T 3917 5 0 0 0
T 3918 4 0 0 0
T 3919 4 0 0 0
T 3920 0 0 0 0
T 3921 3 0 0 0
T 3922 0 0 0 0
T 3923 7 0 0 0
T 3924 7 0 7 1
E 3924 0 1 14
E 3924 1 1 14
E 3924 2 1 14
E 3924 3 1 14
E 3924 4 1 14
E 3924 5 1 14
E 3924 6 1 14
T 3925 6 0 0 0
T 3926 10 0 0 0
T 3927 8 0 7 1
E 3927 0 1 15
E 3927 1 1 15
E 3927 2 1 15
E 3927 3 1 15
E 3927 4 1 15
E 3927 5 1 15
E 3927 6 1 15
T 3928 6 0 0 0
T 3929 11 0 0 0
T 3930 7 0 0 0
T 3931 5 0 0 0
T 3932 6 0 7 1
E 3932 0 1 13
E 3932 1 1 13
E 3932 2 1 13
E 3932 3 1 13
E 3932 4 1 13
E 3932 5 1 13
E 3932 6 1 13
T 3933 3 0 0 0
T 3934 0 0 0 0
T 3935 3 0 0 0
T 3936 7 0 0 0
T 3937 12 0 0 0
T 3938 9 0 7 1
E 3938 0 1 16
E 3938 1 1 16
E 3938 2 1 16
E 3938 3 1 16
E 3938 4 1 16
E 3938 5 1 16
E 3938 6 1 16
T 3939 11 0 0 0
T 3940 9 0 7 1
E 3940 0 1 16
E 3940 1 1 16
E 3940 2 1 16
E 3940 3 1 16
E 3940 4 1 16
E 3940 5 1 16
E 3940 6 1 16
T 3941 11 0 0 0
T 3942 9 0 0 0
T 3943 9 0 0 0
T 3944 7 0 0 0
T 3945 7 0 0 0
T 3946 4 0 0 0
T 3947 8 0 0 0
T 3948 7 0 0 0
T 3949 3 0 0 0
T 3950 1 0 0 0
T 3951 1 0 0 0
T 3952 6 0 0 0
T 3953 6 0 0 0
T 3954 6 0 7 1
E 3954 0 -1 -13
E 3954 1 -1 -13
E 3954 2 -1 -13
E 3954 3 -1 -13
E 3954 4 -1 -13
E 3954 5 -1 -13
E 3954 6 -1 -13
T 3955 8 0 0 0
T 3956 6 0 7 1
E 3956 0 -1 -13
E 3956 1 -1 -13
E 3956 2 -1 -13
E 3956 3 -1 -13
E 3956 4 -1 -13
E 3956 5 -1 -13
E 3956 6 -1 -13
T 3957 11 0 0 0
T 3958 6 0 7 1
E 3958 0 -1 -13
E 3958 1 -1 -13
E 3958 2 -1 -13
E 3958 3 -1 -13
E 3958 4 -1 -13
E 3958 5 -1 -13
E 3958 6 -1 -13
T 3959 12 0 0 0
T 3960 9 0 0 0
T 3961 8 0 7 1
E 3961 0 -1 -15
E 3961 1 -1 -15
E 3961 2 -1 -15
E 3961 3 -1 -15
E 3961 4 -1 -15
E 3961 5 -1 -15
E 3961 6 -1 -15
T 3962 7 0 0 0
T 3963 8 0 0 0
T 3964 5 0 0 0
T 3965 12 0 0 0
T 3966 9 0 0 0
T 3967 9 0 7 1
E 3967 0 -1 -16
E 3967 1 -1 -16
E 3967 2 -1 -16
E 3967 3 -1 -16
E 3967 4 -1 -16
E 3967 5 -1 -16
E 3967 6 -1 -16
T 3968 7 0 7 1
E 3968 0 -1 -14
E 3968 1 -1 -14
E 3968 2 -1 -14
E 3968 3 -1 -14
E 3968 4 -1 -14
E 3968 5 -1 -14
E 3968 6 -1 -14
T 3969 4 0 0 0
T 3970 2 0 0 0
T 3971 6 0 0 0
T 3972 3 0 0 0
T 3973 6 0 0 0
T 3974 2 0 0 0
T 3975 4 0 0 0
T 3976 6 0 0 0
T 3977 4 0 0 0
T 3978 10 0 0 0
T 3979 6 0 7 1
E 3979 0 -1 -13
E 3979 1 -1 -13
E 3979 2 -1 -13
E 3979 3 -1 -13
E 3979 4 -1 -13
E 3979 5 -1 -13
E 3979 6 -1 -13
T 3980 3 0 0 0
T 3981 9 0 0 0
T 3982 12 0 0 0
T 3983 5 0 7 1
E 3983 0 -2 -19
E 3983 1 -2 -19
E 3983 2 -2 -19
E 3983 3 -2 -19
E 3983 4 -2 -19
E 3983 5 -2 -19
E 3983 6 -2 -19
T 3984 0 0 0 0
T 3985 7 0 0 0
T 3986 4 0 0 0
T 3987 9 0 0 0
T 3988 10 0 7 1
E 3988 0 -1 -17
E 3988 1 -1 -17
E 3988 2 -1 -17
E 3988 3 -1 -17
E 3988 4 -1 -17
E 3988 5 -1 -17
E 3988 6 -1 -17
T 3989 11 0 0 0
T 3990 11 0 0 0
T 3991 9 0 0 0
T 3992 6 0 0 0
T 3993 7 0 0 0
T 3994 5 0 0 0
T 3995 2 0 0 0
T 3996 0 0 0 0
T 3997 4 0 0 0
T 3998 7 0 0 0
T 3999 4 0 0 0
T 4000 10 0 0 0
T 4001 10 0 7 1
E 4001 0 -1 -17
E 4001 1 -1 -17
E 4001 2 -1 -17
E 4001 3 -1 -17
E 4001 4 -1 -17
E 4001 5 -1 -17
E 4001 6 -1 -17
T 4002 7 0 0 0
T 4003 4 0 0 0
T 4004 11 0 0 0
T 4005 9 0 7 1
E 4005 0 -1 -16
E 4005 1 -1 -16
E 4005 2 -1 -16
E 4005 3 -1 -16
E 4005 4 -1 -16
E 4005 5 -1 -16
E 4005 6 -1 -16
T 4006 12 0 0 0
T 4007 7 0 0 0
T 4008 9 0 0 0
T 4009 12 0 0 0
T 4010 10 0 0 0
T 4011 4 0 7 1
E 4011 0 -2 -18
E 4011 1 -2 -18
E 4011 2 -2 -18
E 4011 3 -2 -18
E 4011 4 -2 -18
E 4011 5 -2 -18
E 4011 6 -2 -18
T 4012 3 0 0 0
T 4013 4 0 0 0
T 4014 5 0 0 0
T 4015 2 0 0 0
T 4016 2 0 0 0
T 4017 3 0 0 0
T 4018 1 0 0 0
T 4019 4 0 0 0
T 4020 4 0 0 0
T 4021 2 0 0 0
T 4022 3 0 0 0
T 4023 1 0 0 0
T 4024 2 0 0 0
T 4025 0 0 0 0
T 4026 7 0 0 0
T 4027 10 0 0 0
T 4028 9 0 7 1
E 4028 0 -1 -16
E 4028 1 -1 -16
E 4028 2 -1 -16
E 4028 3 -1 -16
E 4028 4 -1 -16
E 4028 5 -1 -16
E 4028 6 -1 -16
T 4029 10 0 7 1
E 4029 0 -1 -17
E 4029 1 -1 -17
E 4029 2 -1 -17
E 4029 3 -1 -17
E 4029 4 -1 -17
E 4029 5 -1 -17
E 4029 6 -1 -17
T 4030 7 0 7 1
E 4030 0 -1 -14
E 4030 1 -1 -14
E 4030 2 -1 -14
E 4030 3 -1 -14
E 4030 4 -1 -14
E 4030 5 -1 -14
E 4030 6 -1 -14
T 4031 5 0 0 0
T 4032 9 0 0 0
T 4033 8 0 0 0
T 4034 6 0 7 1
E 4034 0 -1 -13
E 4034 1 -1 -13
E 4034 2 -1 -13
E 4034 3 -1 -13
E 4034 4 -1 -13
E 4034 5 -1 -13
E 4034 6 -1 -13
T 4035 6 0 0 0
T 4036 6 0 7 1
E 4036 0 -1 -13
E 4036 1 -1 -13
E 4036 2 -1 -13
E 4036 3 -1 -13
E 4036 4 -1 -13
E 4036 5 -1 -13
E 4036 6 -1 -13
T 4037 8 0 0 0
T 4038 6 0 7 1
E 4038 0 -1 -13
E 4038 1 -1 -13
E 4038 2 -1 -13
E 4038 3 -1 -13
E 4038 4 -1 -13
E 4038 5 -1 -13
E 4038 6 -1 -13
T 4039 7 0 7 1
E 4039 0 -1 -14
E 4039 1 -1 -14
E 4039 2 -1 -14
E 4039 3 -1 -14
E 4039 4 -1 -14
E 4039 5 -1 -14
E 4039 6 -1 -14
T 4040 10 0 0 0
T 4041 10 0 0 0
T 4042 8 0 7 1
E 4042 0 -1 -15
E 4042 1 -1 -15
E 4042 2 -1 -15
E 4042 3 -1 -15
E 4042 4 -1 -15
E 4042 5 -1 -15
E 4042 6 -1 -15
T 4043 9 0 0 0
T 4044 7 0 7 1
E 4044 0 -1 -14
E 4044 1 -1 -14
E 4044 2 -1 -14
E 4044 3 -1 -14
E 4044 4 -1 -14
E 4044 5 -1 -14
E 4044 6 -1 -14
T 4045 4 0 0 0
T 4046 3 0 0 0
T 4047 4 0 0 0
T 4048 6 0 0 0
T 4049 4 0 0 0
T 4050 1 0 0 0
T 4051 7 0 0 0
T 4052 8 0 0 0
T 4053 6 0 7 1
E 4053 0 -1 -13
E 4053 1 -1 -13
E 4053 2 -1 -13
E 4053 3 -1 -13
E 4053 4 -1 -13
E 4053 5 -1 -13
E 4053 6 -1 -13
T 4054 3 0 0 0
T 4055 7 0 0 0
T 4056 9 0 0 0
T 4057 5 0 0 0
T 4058 6 0 0 0
T 4059 10 0 0 0
T 4060 10 0 7 1
E 4060 0 -1 -17
E 4060 1 -1 -17
E 4060 2 -1 -17
E 4060 3 -1 -17
E 4060 4 -1 -17
E 4060 5 -1 -17
E 4060 6 -1 -17
T 4061 7 0 0 0
T 4062 7 0 0 0
T 4063 11 0 0 0
T 4064 8 0 7 1
E 4064 0 -1 -15
E 4064 1 -1 -15
E 4064 2 -1 -15
E 4064 3 -1 -15
E 4064 4 -1 -15
E 4064 5 -1 -15
E 4064 6 -1 -15
T 4065 12 0 0 0
T 4066 9 0 7 1
E 4066 0 -1 -16
E 4066 1 -1 -16
E 4066 2 -1 -16
E 4066 3 -1 -16
E 4066 4 -1 -16
E 4066 5 -1 -16
E 4066 6 -1 -16
T 4067 7 0 0 0
T 4068 12 0 0 0
T 4069 10 0 7 1
E 4069 0 -1 -17
E 4069 1 -1 -17
E 4069 2 -1 -17
E 4069 3 -1 -17
E 4069 4 -1 -17
E 4069 5 -1 -17
E 4069 6 -1 -17
T 4070 9 0 7 1
E 4070 0 -1 -16
E 4070 1 -1 -16
E 4070 2 -1 -16
E 4070 3 -1 -16
E 4070 4 -1 -16
E 4070 5 -1 -16
E 4070 6 -1 -16
T 4071 6 0 7 1
E 4071 0 -1 -13
E 4071 1 -1 -13
E 4071 2 -1 -13
E 4071 3 -1 -13
E 4071 4 -1 -13
E 4071 5 -1 -13
E 4071 6 -1 -13
T 4072 6 0 0 0
T 4073 7 0 0 0
T 4074 6 0 7 1
E 4074 0 -1 -13
E 4074 1 -1 -13
E 4074 2 -1 -13
E 4074 3 -1 -13
E 4074 4 -1 -13
E 4074 5 -1 -13
E 4074 6 -1 -13
T 4075 3 0 0 0
T 4076 4 0 0 0
T 4077 9 0 0 0
T 4078 8 0 7 1
E 4078 0 -1 -15
E 4078 1 -1 -15
E 4078 2 -1 -15
E 4078 3 -1 -15
E 4078 4 -1 -15
E 4078 5 -1 -15
E 4078 6 -1 -15
T 4079 7 0 0 0
T 4080 14 0 7 1
E 4080 0 4 42
E 4080 1 4 42
E 4080 2 4 42
E 4080 3 4 42
E 4080 4 4 42
E 4080 5 4 42
E 4080 6 4 42
T 4081 11 0 0 0
T 4082 5 0 7 1
E 4082 0 2 19
E 4082 1 2 19
E 4082 2 2 19
E 4082 3 2 19
E 4082 4 2 19
E 4082 5 2 19
E 4082 6 2 19
T 4083 0 0 0 0
T 4084 4 0 0 0
T 4085 0 0 0 0
T 4086 4 0 0 0
T 4087 7 0 0 0
T 4088 7 0 0 0
T 4089 9 0 0 0
T 4090 8 0 0 0
T 4091 4 0 0 0
T 4092 3 0 0 0
T 4093 2 0 0 0
T 4094 1 0 0 0
T 4095 1 0 0 0
T 4096 2 0 0 0
T 4097 6 0 0 0
T 4098 4 0 0 0
T 4099 6 0 0 0
T 4100 8 0 0 0
T 4101 7 0 0 0
T 4102 8 0 7 1
E 4102 0 1 15
E 4102 1 1 15
E 4102 2 1 15
E 4102 3 1 15
E 4102 4 1 15
E 4102 5 1 15
E 4102 6 1 15
T 4103 5 0 0 0
T 4104 8 0 0 0
T 4105 7 0 0 0
T 4106 10 0 0 0
T 4107 7 0 7 1
E 4107 0 1 14
E 4107 1 1 14
E 4107 2 1 14
E 4107 3 1 14
E 4107 4 1 14
E 4107 5 1 14
E 4107 6 1 14
T 4108 6 0 0 0
T 4109 10 0 0 0
T 4110 10 0 7 1
E 4110 0 1 17
E 4110 1 1 17
E 4110 2 1 17
E 4110 3 1 17
E 4110 4 1 17
E 4110 5 1 17
E 4110 6 1 17
T 4111 6 0 0 0
T 4112 11 0 0 0
T 4113 10 0 0 0
T 4114 12 0 0 0
T 4115 9 0 0 0
T 4116 9 0 0 0
T 4117 6 0 7 1
E 4117 0 1 13
E 4117 1 1 13
E 4117 2 1 13
E 4117 3 1 13
E 4117 4 1 13
E 4117 5 1 13
E 4117 6 1 13
T 4118 11 0 0 0
T 4119 9 0 0 0
T 4120 10 0 7 1
E 4120 0 1 17
E 4120 1 1 17
E 4120 2 1 17
E 4120 3 1 17
E 4120 4 1 17
E 4120 5 1 17
E 4120 6 1 17
T 4121 10 0 0 0
T 4122 9 0 7 1
E 4122 0 1 16
E 4122 1 1 16
E 4122 2 1 16
E 4122 3 1 16
E 4122 4 1 16
E 4122 5 1 16
E 4122 6 1 16
T 4123 6 0 7 1
E 4123 0 1 13
E 4123 1 1 13
E 4123 2 1 13
E 4123 3 1 13
E 4123 4 1 13
E 4123 5 1 13
E 4123 6 1 13
T 4124 8 0 0 0
T 4125 8 0 7 1
E 4125 0 1 15
E 4125 1 1 15
E 4125 2 1 15
E 4125 3 1 15
E 4125 4 1 15
E 4125 5 1 15
E 4125 6 1 15
T 4126 7 0 7 1
E 4126 0 1 14
E 4126 1 1 14
E 4126 2 1 14
E 4126 3 1 14
E 4126 4 1 14
E 4126 5 1 14
E 4126 6 1 14
T 4127 7 0 0 0
T 4128 7 0 0 0
T 4129 8 0 0 0
T 4130 8 0 7 1
E 4130 0 1 15
E 4130 1 1 15
E 4130 2 1 15
E 4130 3 1 15
E 4130 4 1 15
E 4130 5 1 15
E 4130 6 1 15
T 4131 8 0 0 0
T 4132 9 0 7 1
E 4132 0 1 16
E 4132 1 1 16
E 4132 2 1 16
E 4132 3 1 16
E 4132 4 1 16
E 4132 5 1 16
E 4132 6 1 16
T 4133 9 0 0 0
T 4134 8 0 0 0
T 4135 9 0 0 0
T 4136 10 0 0 0
T 4137 4 0 7 1
E 4137 0 2 18
E 4137 1 2 18
E 4137 2 2 18
E 4137 3 2 18
E 4137 4 2 18
E 4137 5 2 18
E 4137 6 2 18
T 4138 8 0 0 0
T 4139 7 0 7 1
E 4139 0 1 14
E 4139 1 1 14
E 4139 2 1 14
E 4139 3 1 14
E 4139 4 1 14
E 4139 5 1 14
E 4139 6 1 14
T 4140 3 0 0 0
T 4141 8 0 0 0
T 4142 7 0 7 1
E 4142 0 1 14
E 4142 1 1 14
E 4142 2 1 14
E 4142 3 1 14
E 4142 4 1 14
E 4142 5 1 14
E 4142 6 1 14
T 4143 11 0 0 0
T 4144 7 0 7 1
E 4144 0 1 14
E 4144 1 1 14
E 4144 2 1 14
E 4144 3 1 14
E 4144 4 1 14
E 4144 5 1 14
E 4144 6 1 14
T 4145 8 0 7 1
E 4145 0 1 15
E 4145 1 1 15
E 4145 2 1 15
E 4145 3 1 15
E 4145 4 1 15
E 4145 5 1 15
E 4145 6 1 15
T 4146 7 0 7 1
E 4146 0 1 14
E 4146 1 1 14
E 4146 2 1 14
E 4146 3 1 14
E 4146 4 1 14
E 4146 5 1 14
E 4146 6 1 14
T 4147 7 0 0 0
T 4148 2 0 0 0
T 4149 2 0 0 0
T 4150 0 0 0 0
T 4151 4 0 0 0
T 4152 4 0 0 0
T 4153 4 0 0 0
T 4154 2 0 0 0
T 4155 10 0 0 0
T 4156 9 0 0 0
T 4157 6 0 0 0
T 4158 6 0 0 0
T 4159 8 0 0 0
T 4160 12 0 0 0
T 4161 7 0 7 1
E 4161 0 1 14
E 4161 1 1 14
E 4161 2 1 14
E 4161 3 1 14
E 4161 4 1 14
E 4161 5 1 14
E 4161 6 1 14
T 4162 10 0 0 0
T 4163 6 0 7 1
E 4163 0 1 13
E 4163 1 1 13
E 4163 2 1 13
E 4163 3 1 13
E 4163 4 1 13
E 4163 5 1 13
E 4163 6 1 13
T 4164 3 0 0 0
T 4165 3 0 0 0
T 4166 8 0 0 0
T 4167 8 0 0 0
T 4168 8 0 0 0
T 4169 9 0 7 1
E 4169 0 1 16
E 4169 1 1 16
E 4169 2 1 16
E 4169 3 1 16
E 4169 4 1 16
E 4169 5 1 16
E 4169 6 1 16
T 4170 10 0 7 1
E 4170 0 1 17
E 4170 1 1 17
E 4170 2 1 17
E 4170 3 1 17
E 4170 4 1 17
E 4170 5 1 17
E 4170 6 1 17
T 4171 9 0 0 0
T 4172 10 0 0 0
T 4173 10 0 7 1
E 4173 0 1 17
E 4173 1 1 17
E 4173 2 1 17
E 4173 3 1 17
E 4173 4 1 17
E 4173 5 1 17
E 4173 6 1 17
T 4174 4 0 7 1
E 4174 0 2 18
E 4174 1 2 18
E 4174 2 2 18
E 4174 3 2 18
E 4174 4 2 18
E 4174 5 2 18
E 4174 6 2 18
T 4175 4 0 0 0
T 4176 5 0 0 0
T 4177 8 0 0 0
T 4178 8 0 0 0
T 4179 8 0 0 0
T 4180 12 0 0 0
T 4181 8 0 0 0
T 4182 11 0 0 0
T 4183 8 0 0 0
T 4184 8 0 0 0
T 4185 10 0 0 0
T 4186 5 0 0 0
T 4187 0 0 0 0
T 4188 6 0 0 0
T 4189 2 0 0 0
T 4190 9 0 0 0
T 4191 10 0 0 0
T 4192 12 0 0 0
T 4193 5 0 7 1
E 4193 0 -2 -19
E 4193 1 -2 -19
E 4193 2 -2 -19
E 4193 3 -2 -19
E 4193 4 -2 -19
E 4193 5 -2 -19
E 4193 6 -2 -19
T 4194 9 0 0 0
T 4195 9 0 7 1
E 4195 0 -1 -16
E 4195 1 -1 -16
E 4195 2 -1 -16
E 4195 3 -1 -16
E 4195 4 -1 -16
E 4195 5 -1 -16
E 4195 6 -1 -16
T 4196 8 0 0 0
T 4197 5 0 0 0
T 4198 8 0 0 0
T 4199 3 0 0 0
T 4200 10 0 0 0
T 4201 12 0 0 0
T 4202 7 0 0 0
T 4203 11 0 0 0
T 4204 12 0 0 0
T 4205 11 0 0 0
T 4206 7 0 7 1
E 4206 0 -1 -14
E 4206 1 -1 -14
E 4206 2 -1 -14
E 4206 3 -1 -14
E 4206 4 -1 -14
E 4206 5 -1 -14
E 4206 6 -1 -14
T 4207 3 0 0 0
T 4208 1 0 0 0
T 4209 0 0 0 0
T 4210 1 0 0 0
T 4211 6 0 0 0
T 4212 6 0 0 0
T 4213 7 0 0 0
T 4214 5 0 0 0
T 4215 10 0 0 0
T 4216 8 0 7 1
E 4216 0 -1 -15
E 4216 1 -1 -15
E 4216 2 -1 -15
E 4216 3 -1 -15
E 4216 4 -1 -15
E 4216 5 -1 -15
E 4216 6 -1 -15
T 4217 6 0 7 1
E 4217 0 -1 -13
E 4217 1 -1 -13
E 4217 2 -1 -13
E 4217 3 -1 -13
E 4217 4 -1 -13
E 4217 5 -1 -13
E 4217 6 -1 -13
T 4218 4 0 0 0
T 4219 0 0 0 0
T 4220 3 0 0 0
T 4221 5 0 0 0
T 4222 9 0 0 0
T 4223 10 0 0 0
T 4224 8 0 0 0
T 4225 12 0 0 0
T 4226 9 0 7 1
E 4226 0 1 16
E 4226 1 1 16
E 4226 2 1 16
E 4226 3 1 16
E 4226 4 1 16
E 4226 5 1 16
E 4226 6 1 16
T 4227 2 0 0 0
T 4228 3 0 0 0
T 4229 4 0 0 0
T 4230 2 0 0 0
T 4231 3 0 0 0
T 4232 9 0 0 0
T 4233 6 0 0 0
T 4234 12 0 0 0
T 4235 6 0 7 1
E 4235 0 -1 -13
E 4235 1 -1 -13
E 4235 2 -1 -13
E 4235 3 -1 -13
E 4235 4 -1 -13
E 4235 5 -1 -13
E 4235 6 -1 -13
T 4236 11 0 0 0
T 4237 8 0 7 1
E 4237 0 -1 -15
E 4237 1 -1 -15
E 4237 2 -1 -15
E 4237 3 -1 -15
E 4237 4 -1 -15
E 4237 5 -1 -15
E 4237 6 -1 -15
T 4238 7 0 0 0
T 4239 10 0 0 0
T 4240 8 0 0 0
T 4241 5 0 0 0
T 4242 12 0 0 0
T 4243 6 0 7 1
E 4243 0 -1 -13
E 4243 1 -1 -13
E 4243 2 -1 -13
E 4243 3 -1 -13
E 4243 4 -1 -13
E 4243 5 -1 -13
E 4243 6 -1 -13
T 4244 12 0 0 0
T 4245 10 0 0 0
T 4246 9 0 0 0
T 4247 8 0 7 1
E 4247 0 -1 -15
E 4247 1 -1 -15
E 4247 2 -1 -15
E 4247 3 -1 -15
E 4247 4 -1 -15
E 4247 5 -1 -15
E 4247 6 -1 -15
T 4248 6 0 0 0
T 4249 11 0 0 0
T 4250 7 0 7 1
E 4250 0 -1 -14
E 4250 1 -1 -14
E 4250 2 -1 -14
E 4250 3 -1 -14
E 4250 4 -1 -14
E 4250 5 -1 -14
E 4250 6 -1 -14
T 4251 8 0 0 0
T 4252 8 0 0 0
T 4253 9 0 0 0
T 4254 6 0 0 0
T 4255 5 0 0 0
T 4256 3 0 0 0
T 4257 2 0 0 0
T 4258 5 0 0 0
T 4259 3 0 0 0
T 4260 1 0 0 0
T 4261 9 0 0 0
T 4262 6 0 0 0
T 4263 8 0 0 0
T 4264 9 0 7 1
E 4264 0 -1 -16
E 4264 1 -1 -16
E 4264 2 -1 -16
E 4264 3 -1 -16
E 4264 4 -1 -16
E 4264 5 -1 -16
E 4264 6 -1 -16
T 4265 5 0 0 0
T 4266 2 0 0 0
T 4267 7 0 0 0
T 4268 6 0 0 0
T 4269 9 0 0 0
T 4270 7 0 7 1
E 4270 0 -1 -14
E 4270 1 -1 -14
E 4270 2 -1 -14
E 4270 3 -1 -14
E 4270 4 -1 -14
E 4270 5 -1 -14
E 4270 6 -1 -14
T 4271 4 0 0 0
T 4272 1 0 0 0
T 4273 3 0 0 0
T 4274 2 0 0 0
T 4275 2 0 0 0
T 4276 6 0 0 0
T 4277 7 0 0 0
T 4278 10 0 0 0
T 4279 10 0 7 1
E 4279 0 -1 -17
E 4279 1 -1 -17
E 4279 2 -1 -17
E 4279 3 -1 -17
E 4279 4 -1 -17
E 4279 5 -1 -17
E 4279 6 -1 -17
T 4280 6 0 7 1
E 4280 0 -1 -13
E 4280 1 -1 -13
E 4280 2 -1 -13
E 4280 3 -1 -13
E 4280 4 -1 -13
E 4280 5 -1 -13
E 4280 6 -1 -13
T 4281 7 0 7 1
E 4281 0 -1 -14
E 4281 1 -1 -14
E 4281 2 -1 -14
E 4281 3 -1 -14
E 4281 4 -1 -14
E 4281 5 -1 -14
E 4281 6 -1 -14
T 4282 6 0 7 1
E 4282 0 -1 -13
E 4282 1 -1 -13
E 4282 2 -1 -13
E 4282 3 -1 -13
E 4282 4 -1 -13
E 4282 5 -1 -13
E 4282 6 -1 -13
T 4283 7 0 7 1
E 4283 0 -1 -14
E 4283 1 -1 -14
E 4283 2 -1 -14
E 4283 3 -1 -14
E 4283 4 -1 -14
E 4283 5 -1 -14
E 4283 6 -1 -14
T 4284 3 0 0 0
T 4285 8 0 0 0
T 4286 6 0 7 1
E 4286 0 -1 -13
E 4286 1 -1 -13
E 4286 2 -1 -13
E 4286 3 -1 -13
E 4286 4 -1 -13
E 4286 5 -1 -13
E 4286 6 -1 -13
T 4287 3 0 0 0
T 4288 10 0 0 0
T 4289 9 0 0 0
T 4290 6 0 0 0
T 4291 4 0 0 0
T 4292 7 0 0 0
T 4293 4 0 0 0
T 4294 7 0 0 0
T 4295 12 0 0 0
T 4296 8 0 0 0
T 4297 6 0 0 0
T 4298 4 0 0 0
T 4299 3 0 0 0
T 4300 5 0 0 0
T 4301 2 0 0 0
T 4302 1 0 0 0
T 4303 3 0 0 0
T 4304 8 0 0 0
T 4305 8 0 7 1
E 4305 0 -1 -15
E 4305 1 -1 -15
E 4305 2 -1 -15
E 4305 3 -1 -15
E 4305 4 -1 -15
E 4305 5 -1 -15
E 4305 6 -1 -15
T 4306 6 0 0 0
T 4307 11 0 0 0
T 4308 12 0 0 0
T 4309 11 0 0 0
T 4310 9 0 7 1
E 4310 0 -1 -16
E 4310 1 -1 -16
E 4310 2 -1 -16
E 4310 3 -1 -16
E 4310 4 -1 -16
E 4310 5 -1 -16
E 4310 6 -1 -16
T 4311 7 0 0 0
T 4312 10 0 0 0
T 4313 4 0 7 1
E 4313 0 -2 -18
E 4313 1 -2 -18
E 4313 2 -2 -18
E 4313 3 -2 -18
E 4313 4 -2 -18
E 4313 5 -2 -18
E 4313 6 -2 -18
T 4314 6 0 0 0
T 4315 1 0 0 0
T 4316 1 0 0 0
T 4317 3 0 0 0
T 4318 2 0 0 0
T 4319 7 0 0 0
T 4320 12 0 7 1
E 4320 0 4 40
E 4320 1 4 40
E 4320 2 4 40
E 4320 3 4 40
E 4320 4 4 40
E 4320 5 4 40
E 4320 6 4 40
T 4321 8 0 0 0
T 4322 8 0 7 1
E 4322 0 1 15
E 4322 1 1 15
E 4322 2 1 15
E 4322 3 1 15
E 4322 4 1 15
E 4322 5 1 15
E 4322 6 1 15
T 4323 7 0 0 0
T 4324 11 0 0 0
T 4325 8 0 0 0
T 4326 8 0 7 1
E 4326 0 1 15
E 4326 1 1 15
E 4326 2 1 15
E 4326 3 1 15
E 4326 4 1 15
E 4326 5 1 15
E 4326 6 1 15
T 4327 9 0 7 1
E 4327 0 1 16
E 4327 1 1 16
E 4327 2 1 16
E 4327 3 1 16
E 4327 4 1 16
E 4327 5 1 16
E 4327 6 1 16
T 4328 9 0 7 1
E 4328 0 1 16
E 4328 1 1 16
E 4328 2 1 16
E 4328 3 1 16
E 4328 4 1 16
E 4328 5 1 16
E 4328 6 1 16
T 4329 7 0 0 0
T 4330 8 0 7 1
E 4330 0 1 15
E 4330 1 1 15
E 4330 2 1 15
E 4330 3 1 15
E 4330 4 1 15
E 4330 5 1 15
E 4330 6 1 15
T 4331 6 0 0 0
T 4332 6 0 7 1
E 4332 0 1 13
E 4332 1 1 13
E 4332 2 1 13
E 4332 3 1 13
E 4332 4 1 13
E 4332 5 1 13
E 4332 6 1 13
T 4333 3 0 0 0
T 4334 11 0 0 0
T 4335 8 0 7 1
E 4335 0 1 15
E 4335 1 1 15
E 4335 2 1 15
E 4335 3 1 15
E 4335 4 1 15
E 4335 5 1 15
E 4335 6 1 15
T 4336 6 0 0 0
T 4337 10 0 0 0
T 4338 9 0 0 0
T 4339 11 0 0 0
T 4340 10 0 7 1
E 4340 0 1 17
E 4340 1 1 17
E 4340 2 1 17
E 4340 3 1 17
E 4340 4 1 17
E 4340 5 1 17
E 4340 6 1 17
T 4341 5 0 0 0
T 4342 4 0 0 0
T 4343 7 0 0 0
T 4344 8 0 0 0
T 4345 7 0 0 0
T 4346 6 0 0 0
T 4347 5 0 0 0
T 4348 2 0 0 0
T 4349 7 0 0 0
T 4350 10 0 0 0
T 4351 7 0 0 0
T 4352 12 0 0 0
T 4353 6 0 7 1
E 4353 0 1 13
E 4353 1 1 13
E 4353 2 1 13
E 4353 3 1 13
E 4353 4 1 13
E 4353 5 1 13
E 4353 6 1 13
T 4354 4 0 0 0
T 4355 1 0 0 0
T 4356 7 0 0 0
T 4357 8 0 7 1
E 4357 0 1 15
E 4357 1 1 15
E 4357 2 1 15
E 4357 3 1 15
E 4357 4 1 15
E 4357 5 1 15
E 4357 6 1 15
T 4358 5 0 0 0
T 4359 4 0 0 0
T 4360 2 0 0 0
T 4361 5 0 0 0
T 4362 1 0 0 0
T 4363 4 0 0 0
T 4364 2 0 0 0
T 4365 4 0 0 0
T 4366 1 0 0 0
T 4367 2 0 0 0
T 4368 5 0 0 0
T 4369 1 0 0 0
T 4370 3 0 0 0
T 4371 7 0 0 0
T 4372 11 0 0 0
T 4373 7 0 0 0
T 4374 9 0 0 0
T 4375 12 0 0 0
T 4376 9 0 0 0
T 4377 9 0 0 0
T 4378 7 0 0 0
T 4379 5 0 0 0
T 4380 3 0 0 0
T 4381 3 0 0 0
T 4382 3 0 0 0
T 4383 9 0 0 0
T 4384 6 0 7 1
E 4384 0 1 13
E 4384 1 1 13
E 4384 2 1 13
E 4384 3 1 13
E 4384 4 1 13
E 4384 5 1 13
E 4384 6 1 13
T 4385 2 0 0 0
T 4386 1 0 0 0
T 4387 2 0 0 0
T 4388 5 0 0 0
T 4389 9 0 0 0
T 4390 7 0 7 1
E 4390 0 1 14
E 4390 1 1 14
E 4390 2 1 14
E 4390 3 1 14
E 4390 4 1 14
E 4390 5 1 14
E 4390 6 1 14
T 4391 6 0 7 1
E 4391 0 1 13
E 4391 1 1 13
E 4391 2 1 13
E 4391 3 1 13
E 4391 4 1 13
E 4391 5 1 13
E 4391 6 1 13
T 4392 7 0 7 1
E 4392 0 1 14
E 4392 1 1 14
E 4392 2 1 14
E 4392 3 1 14
E 4392 4 1 14
E 4392 5 1 14
E 4392 6 1 14
T 4393 3 0 0 0
T 4394 3 0 0 0
T 4395 3 0 0 0
T 4396 0 0 0 0
T 4397 8 0 0 0
T 4398 5 0 0 0
T 4399 1 0 0 0
T 4400 3 0 0 0
T 4401 4 0 0 0
T 4402 7 0 0 0
T 4403 9 0 0 0
T 4404 1 0 0 0
T 4405 1 0 0 0
T 4406 6 0 0 0
T 4407 12 0 0 0
T 4408 11 0 0 0
T 4409 8 0 7 1
E 4409 0 1 15
E 4409 1 1 15
E 4409 2 1 15
E 4409 3 1 15
E 4409 4 1 15
E 4409 5 1 15
E 4409 6 1 15
T 4410 10 0 0 0
T 4411 9 0 7 1
E 4411 0 1 16
E 4411 1 1 16
E 4411 2 1 16
E 4411 3 1 16
E 4411 4 1 16
E 4411 5 1 16
E 4411 6 1 16
T 4412 6 0 7 1
E 4412 0 1 13
E 4412 1 1 13
E 4412 2 1 13
E 4412 3 1 13
E 4412 4 1 13
E 4412 5 1 13
E 4412 6 1 13
T 4413 9 0 0 0
T 4414 7 0 7 1
E 4414 0 1 14
E 4414 1 1 14
E 4414 2 1 14
E 4414 3 1 14
E 4414 4 1 14
E 4414 5 1 14
E 4414 6 1 14
T 4415 11 0 0 0
T 4416 8 0 7 1
E 4416 0 1 15
E 4416 1 1 15
E 4416 2 1 15
E 4416 3 1 15
E 4416 4 1 15
E 4416 5 1 15
E 4416 6 1 15
T 4417 7 0 0 0
T 4418 6 0 0 0
T 4419 2 0 0 0
T 4420 1 0 0 0
T 4421 2 0 0 0
T 4422 1 0 0 0
T 4423 3 0 0 0
T 4424 9 0 0 0
T 4425 9 0 7 1
E 4425 0 -1 -16
E 4425 1 -1 -16
E 4425 2 -1 -16
E 4425 3 -1 -16
E 4425 4 -1 -16
E 4425 5 -1 -16
E 4425 6 -1 -16
T 4426 7 0 7 1
E 4426 0 -1 -14
E 4426 1 -1 -14
E 4426 2 -1 -14
E 4426 3 -1 -14
E 4426 4 -1 -14
E 4426 5 -1 -14
E 4426 6 -1 -14
T 4427 7 0 7 1
E 4427 0 -1 -14
E 4427 1 -1 -14
E 4427 2 -1 -14
E 4427 3 -1 -14
E 4427 4 -1 -14
E 4427 5 -1 -14
E 4427 6 -1 -14
T 4428 7 0 7 1
E 4428 0 -1 -14
E 4428 1 -1 -14
E 4428 2 -1 -14
E 4428 3 -1 -14
E 4428 4 -1 -14
E 4428 5 -1 -14
E 4428 6 -1 -14
T 4429 2 0 0 0
T 4430 9 0 0 0
T 4431 9 0 7 1
E 4431 0 -1 -16
E 4431 1 -1 -16
E 4431 2 -1 -16
E 4431 3 -1 -16
E 4431 4 -1 -16
E 4431 5 -1 -16
E 4431 6 -1 -16
T 4432 9 0 7 1
E 4432 0 -1 -16
E 4432 1 -1 -16
E 4432 2 -1 -16
E 4432 3 -1 -16
E 4432 4 -1 -16
E 4432 5 -1 -16
E 4432 6 -1 -16
T 4433 10 0 0 0
T 4434 6 0 7 1
E 4434 0 -1 -13
E 4434 1 -1 -13
E 4434 2 -1 -13
E 4434 3 -1 -13
E 4434 4 -1 -13
E 4434 5 -1 -13
E 4434 6 -1 -13
T 4435 10 0 0 0
T 4436 9 0 7 1
E 4436 0 -1 -16
E 4436 1 -1 -16
E 4436 2 -1 -16
E 4436 3 -1 -16
E 4436 4 -1 -16
E 4436 5 -1 -16
E 4436 6 -1 -16
T 4437 6 0 7 1
E 4437 0 -1 -13
E 4437 1 -1 -13
E 4437 2 -1 -13
E 4437 3 -1 -13
E 4437 4 -1 -13
E 4437 5 -1 -13
E 4437 6 -1 -13
T 4438 11 0 0 0
T 4439 12 0 0 0
T 4440 9 0 7 1
E 4440 0 -1 -16
E 4440 1 -1 -16
E 4440 2 -1 -16
E 4440 3 -1 -16
E 4440 4 -1 -16
E 4440 5 -1 -16
E 4440 6 -1 -16
T 4441 5 0 0 0
T 4442 2 0 0 0
T 4443 8 0 0 0
T 4444 8 0 0 0
T 4445 5 0 0 0
T 4446 8 0 0 0
T 4447 7 0 7 1
E 4447 0 -1 -14
E 4447 1 -1 -14
E 4447 2 -1 -14
E 4447 3 -1 -14
E 4447 4 -1 -14
E 4447 5 -1 -14
E 4447 6 -1 -14
T 4448 10 0 0 0
T 4449 9 0 0 0
T 4450 7 0 0 0
T 4451 7 0 0 0
T 4452 2 0 0 0
T 4453 3 0 0 0
T 4454 9 0 0 0
T 4455 7 0 7 1
E 4455 0 -1 -14
E 4455 1 -1 -14
E 4455 2 -1 -14
E 4455 3 -1 -14
E 4455 4 -1 -14
E 4455 5 -1 -14
E 4455 6 -1 -14
T 4456 6 0 0 0
T 4457 5 0 0 0
T 4458 4 0 0 0
T 4459 10 0 0 0
T 4460 11 0 0 0
T 4461 12 0 0 0
T 4462 9 0 0 0
T 4463 6 0 0 0
T 4464 2 0 0 0
T 4465 1 0 0 0
T 4466 0 0 0 0
T 4467 5 0 0 0
T 4468 3 0 0 0
T 4469 8 0 0 0
T 4470 6 0 7 1
E 4470 0 -1 -13
E 4470 1 -1 -13
E 4470 2 -1 -13
E 4470 3 -1 -13
E 4470 4 -1 -13
E 4470 5 -1 -13
E 4470 6 -1 -13
T 4471 6 0 0 0
T 4472 10 0 0 0
T 4473 10 0 0 0
T 4474 11 0 0 0
T 4475 6 0 7 1
E 4475 0 -1 -13
E 4475 1 -1 -13
E 4475 2 -1 -13
E 4475 3 -1 -13
E 4475 4 -1 -13
E 4475 5 -1 -13
E 4475 6 -1 -13
T 4476 3 0 0 0
T 4477 10 0 0 0
T 4478 6 0 7 1
E 4478 0 -1 -13
E 4478 1 -1 -13
E 4478 2 -1 -13
E 4478 3 -1 -13
E 4478 4 -1 -13
E 4478 5 -1 -13
E 4478 6 -1 -13
T 4479 7 0 0 0
T 4480 4 0 0 0
T 4481 4 0 0 0
T 4482 5 0 0 0
T 4483 12 0 0 0
T 4484 8 0 0 0
T 4485 9 0 0 0
T 4486 10 0 7 1
E 4486 0 -1 -17
E 4486 1 -1 -17
E 4486 2 -1 -17
E 4486 3 -1 -17
E 4486 4 -1 -17
E 4486 5 -1 -17
E 4486 6 -1 -17
T 4487 7 0 7 1
E 4487 0 -1 -14
E 4487 1 -1 -14
E 4487 2 -1 -14
E 4487 3 -1 -14
E 4487 4 -1 -14
E 4487 5 -1 -14
E 4487 6 -1 -14
T 4488 3 0 0 0
T 4489 5 0 0 0
T 4490 6 0 0 0
T 4491 9 0 0 0
T 4492 10 0 0 0
T 4493 8 0 7 1
E 4493 0 -1 -15
E 4493 1 -1 -15
E 4493 2 -1 -15
E 4493 3 -1 -15
E 4493 4 -1 -15
E 4493 5 -1 -15
E 4493 6 -1 -15
T 4494 7 0 0 0
T 4495 3 0 0 0
T 4496 11 0 0 0
T 4497 6 0 0 0
T 4498 3 0 0 0
T 4499 3 0 0 0
T 4500 0 0 0 0
T 4501 4 0 0 0
T 4502 3 0 0 0
T 4503 9 0 0 0
T 4504 9 0 0 0
T 4505 11 0 0 0
T 4506 7 0 0 0
T 4507 4 0 0 0
T 4508 12 0 0 0
T 4509 4 0 7 1
E 4509 0 -2 -18
E 4509 1 -2 -18
E 4509 2 -2 -18
E 4509 3 -2 -18
E 4509 4 -2 -18
E 4509 5 -2 -18
E 4509 6 -2 -18
T 4510 0 0 0 0
T 4511 2 0 0 0
T 4512 2 0 0 0
T 4513 2 0 0 0
T 4514 4 0 0 0
T 4515 8 0 0 0
T 4516 4 0 0 0
T 4517 4 0 0 0
T 4518 4 0 0 0
T 4519 7 0 0 0
T 4520 5 0 0 0
T 4521 4 0 0 0
T 4522 2 0 0 0
T 4523 1 0 0 0
T 4524 7 0 0 0
T 4525 4 0 0 0
T 4526 12 0 0 0
T 4527 9 0 0 0
T 4528 6 0 0 0
T 4529 5 0 0 0
T 4530 1 0 0 0
T 4531 7 0 0 0
T 4532 6 0 0 0
T 4533 7 0 7 1
E 4533 0 -1 -14
E 4533 1 -1 -14
E 4533 2 -1 -14
E 4533 3 -1 -14
E 4533 4 -1 -14
E 4533 5 -1 -14
E 4533 6 -1 -14
T 4534 3 0 0 0
T 4535 10 0 0 0
T 4536 6 0 0 0
T 4537 6 0 7 1
E 4537 0 -1 -13
E 4537 1 -1 -13
E 4537 2 -1 -13
E 4537 3 -1 -13
E 4537 4 -1 -13
E 4537 5 -1 -13
E 4537 6 -1 -13
T 4538 6 0 0 0
T 4539 6 0 0 0
T 4540 11 0 0 0
T 4541 10 0 7 1
E 4541 0 -1 -17
E 4541 1 -1 -17
E 4541 2 -1 -17
E 4541 3 -1 -17
E 4541 4 -1 -17
E 4541 5 -1 -17
E 4541 6 -1 -17
T 4542 10 0 0 0
T 4543 8 0 0 0
T 4544 9 0 0 0
T 4545 9 0 0 0
T 4546 6 0 0 0
T 4547 10 0 0 0
T 4548 8 0 7 1
E 4548 0 -1 -15
E 4548 1 -1 -15
E 4548 2 -1 -15
E 4548 3 -1 -15
E 4548 4 -1 -15
E 4548 5 -1 -15
E 4548 6 -1 -15
T 4549 10 0 0 0
T 4550 9 0 7 1
E 4550 0 -1 -16
E 4550 1 -1 -16
E 4550 2 -1 -16
E 4550 3 -1 -16
E 4550 4 -1 -16
E 4550 5 -1 -16
E 4550 6 -1 -16
T 4551 12 0 0 0
T 4552 8 0 0 0
T 4553 8 0 7 1
E 4553 0 -1 -15
E 4553 1 -1 -15
E 4553 2 -1 -15
E 4553 3 -1 -15
E 4553 4 -1 -15
E 4553 5 -1 -15
E 4553 6 -1 -15
T 4554 9 0 0 0
T 4555 6 0 7 1
E 4555 0 -1 -13
E 4555 1 -1 -13
E 4555 2 -1 -13
E 4555 3 -1 -13
E 4555 4 -1 -13
E 4555 5 -1 -13
E 4555 6 -1 -13
T 4556 5 0 0 0
T 4557 1 0 0 0
T 4558 0 0 0 0
T 4559 3 0 0 0
T 4560 12 0 7 1
E 4560 0 5 47
E 4560 1 5 47
E 4560 2 5 47
E 4560 3 5 47
E 4560 4 5 47
E 4560 5 5 47
E 4560 6 5 47
T 4561 6 0 7 1
E 4561 0 1 13
E 4561 1 1 13
E 4561 2 1 13
E 4561 3 1 13
E 4561 4 1 13
E 4561 5 1 13
E 4561 6 1 13
T 4562 7 0 0 0
T 4563 4 0 0 0
T 4564 6 0 0 0
T 4565 6 0 0 0
T 4566 7 0 0 0
T 4567 8 0 7 1
E 4567 0 1 15
E 4567 1 1 15
E 4567 2 1 15
E 4567 3 1 15
E 4567 4 1 15
E 4567 5 1 15
E 4567 6 1 15
T 4568 7 0 0 0
T 4569 9 0 0 0
T 4570 12 0 0 0
T 4571 10 0 7 1
E 4571 0 1 17
E 4571 1 1 17
E 4571 2 1 17
E 4571 3 1 17
E 4571 4 1 17
E 4571 5 1 17
E 4571 6 1 17
T 4572 12 0 0 0
T 4573 8 0 7 1
E 4573 0 1 15
E 4573 1 1 15
E 4573 2 1 15
E 4573 3 1 15
E 4573 4 1 15
E 4573 5 1 15
E 4573 6 1 15
T 4574 6 0 0 0
T 4575 12 0 0 0
T 4576 11 0 0 0
T 4577 10 0 7 1
E 4577 0 1 17
E 4577 1 1 17
E 4577 2 1 17
E 4577 3 1 17
E 4577 4 1 17
E 4577 5 1 17
E 4577 6 1 17
T 4578 5 0 0 0
T 4579 4 0 0 0
T 4580 5 0 0 0
T 4581 9 0 0 0
T 4582 11 0 0 0
T 4583 10 0 0 0
T 4584 7 0 0 0
T 4585 3 0 0 0
T 4586 2 0 0 0
T 4587 1 0 0 0
T 4588 3 0 0 0
T 4589 5 0 0 0
T 4590 11 0 0 0
T 4591 7 0 0 0
T 4592 11 0 0 0
T 4593 7 0 7 1
E 4593 0 1 14
E 4593 1 1 14
E 4593 2 1 14
E 4593 3 1 14
E 4593 4 1 14
E 4593 5 1 14
E 4593 6 1 14
T 4594 10 0 0 0
T 4595 12 0 0 0
T 4596 8 0 7 1
E 4596 0 1 15
E 4596 1 1 15
E 4596 2 1 15
E 4596 3 1 15
E 4596 4 1 15
E 4596 5 1 15
E 4596 6 1 15
T 4597 12 0 0 0
T 4598 8 0 7 1
E 4598 0 1 15
E 4598 1 1 15
E 4598 2 1 15
E 4598 3 1 15
E 4598 4 1 15
E 4598 5 1 15
E 4598 6 1 15
T 4599 4 0 0 0
T 4600 9 0 0 0
T 4601 9 0 0 0
T 4602 7 0 7 1
E 4602 0 1 14
E 4602 1 1 14
E 4602 2 1 14
E 4602 3 1 14
E 4602 4 1 14
E 4602 5 1 14
E 4602 6 1 14
T 4603 12 0 0 0
T 4604 4 0 7 1
E 4604 0 2 18
E 4604 1 2 18
E 4604 2 2 18
E 4604 3 2 18
E 4604 4 2 18
E 4604 5 2 18
E 4604 6 2 18
T 4605 0 0 0 0
T 4606 5 0 0 0
T 4607 2 0 0 0
T 4608 2 0 0 0
T 4609 2 0 0 0
T 4610 1 0 0 0
T 4611 1 0 0 0
T 4612 1 0 0 0
T 4613 6 0 0 0
T 4614 12 0 0 0
T 4615 9 0 0 0
T 4616 9 0 0 0
T 4617 11 0 0 0
T 4618 10 0 0 0
T 4619 9 0 0 0
T 4620 5 0 0 0
T 4621 11 0 0 0
T 4622 7 0 7 1
E 4622 0 1 14
E 4622 1 1 14
E 4622 2 1 14
E 4622 3 1 14
E 4622 4 1 14
E 4622 5 1 14
E 4622 6 1 14
T 4623 11 0 0 0
T 4624 6 0 7 1
E 4624 0 1 13
E 4624 1 1 13
E 4624 2 1 13
E 4624 3 1 13
E 4624 4 1 13
E 4624 5 1 13
E 4624 6 1 13
T 4625 8 0 0 0
T 4626 8 0 7 1
E 4626 0 1 15
E 4626 1 1 15
E 4626 2 1 15
E 4626 3 1 15
E 4626 4 1 15
E 4626 5 1 15
E 4626 6 1 15
T 4627 8 0 7 1
E 4627 0 1 15
E 4627 1 1 15
E 4627 2 1 15
E 4627 3 1 15
E 4627 4 1 15
E 4627 5 1 15
E 4627 6 1 15
T 4628 3 0 0 0
T 4629 10 0 0 0
T 4630 11 0 0 0
T 4631 8 0 0 0
T 4632 7 0 7 1
E 4632 0 1 14
E 4632 1 1 14
E 4632 2 1 14
E 4632 3 1 14
E 4632 4 1 14
E 4632 5 1 14
E 4632 6 1 14
T 4633 11 0 0 0
T 4634 5 0 7 1
E 4634 0 2 19
E 4634 1 2 19
E 4634 2 2 19
E 4634 3 2 19
E 4634 4 2 19
E 4634 5 2 19
E 4634 6 2 19
T 4635 6 0 7 1
E 4635 0 1 13
E 4635 1 1 13
E 4635 2 1 13
E 4635 3 1 13
E 4635 4 1 13
E 4635 5 1 13
E 4635 6 1 13
T 4636 11 0 0 0
T 4637 9 0 0 0
T 4638 11 0 0 0
T 4639 7 0 7 1
E 4639 0 1 14
E 4639 1 1 14
E 4639 2 1 14
E 4639 3 1 14
E 4639 4 1 14
E 4639 5 1 14
E 4639 6 1 14
T 4640 7 0 7 1
E 4640 0 1 14
E 4640 1 1 14
E 4640 2 1 14
E 4640 3 1 14
E 4640 4 1 14
E 4640 5 1 14
E 4640 6 1 14
T 4641 10 0 0 0
T 4642 12 0 0 0
T 4643 9 0 7 1
E 4643 0 1 16
E 4643 1 1 16
E 4643 2 1 16
E 4643 3 1 16
E 4643 4 1 16
E 4643 5 1 16
E 4643 6 1 16
T 4644 12 0 0 0
T 4645 8 0 7 1
E 4645 0 1 15
E 4645 1 1 15
E 4645 2 1 15
E 4645 3 1 15
E 4645 4 1 15
E 4645 5 1 15
E 4645 6 1 15
T 4646 8 0 0 0
T 4647 7 0 7 1
E 4647 0 1 14
E 4647 1 1 14
E 4647 2 1 14
E 4647 3 1 14
E 4647 4 1 14
E 4647 5 1 14
E 4647 6 1 14
T 4648 6 0 0 0
T 4649 10 0 0 0
T 4650 12 0 0 0
T 4651 11 0 0 0
T 4652 11 0 0 0
T 4653 7 0 7 1
E 4653 0 1 14
E 4653 1 1 14
E 4653 2 1 14
E 4653 3 1 14
E 4653 4 1 14
E 4653 5 1 14
E 4653 6 1 14
T 4654 11 0 0 0
T 4655 10 0 0 0
T 4656 12 0 0 0
T 4657 6 0 0 0
T 4658 0 0 0 0
T 4659 7 0 0 0
T 4660 4 0 0 0
T 4661 9 0 0 0
T 4662 6 0 7 1
E 4662 0 -1 -13
E 4662 1 -1 -13
E 4662 2 -1 -13
E 4662 3 -1 -13
E 4662 4 -1 -13
E 4662 5 -1 -13
E 4662 6 -1 -13
T 4663 7 0 0 0
T 4664 10 0 0 0
T 4665 12 0 0 0
T 4666 5 0 7 1
E 4666 0 -2 -19
E 4666 1 -2 -19
E 4666 2 -2 -19
E 4666 3 -2 -19
E 4666 4 -2 -19
E 4666 5 -2 -19
E 4666 6 -2 -19
T 4667 4 0 0 0
T 4668 11 0 0 0
T 4669 9 0 7 1
E 4669 0 -1 -16
E 4669 1 -1 -16
E 4669 2 -1 -16
E 4669 3 -1 -16
E 4669 4 -1 -16
E 4669 5 -1 -16
E 4669 6 -1 -16
T 4670 7 0 0 0
T 4671 3 0 0 0
T 4672 1 0 0 0
T 4673 5 0 0 0
T 4674 8 0 0 0
T 4675 4 0 0 0
T 4676 9 0 0 0
T 4677 6 0 0 0
T 4678 11 0 0 0
T 4679 12 0 0 0
T 4680 10 0 0 0
T 4681 8 0 0 0
T 4682 12 0 0 0
T 4683 10 0 7 1
E 4683 0 -1 -17
E 4683 1 -1 -17
E 4683 2 -1 -17
E 4683 3 -1 -17
E 4683 4 -1 -17
E 4683 5 -1 -17
E 4683 6 -1 -17
T 4684 7 0 7 1
E 4684 0 -1 -14
E 4684 1 -1 -14
E 4684 2 -1 -14
E 4684 3 -1 -14
E 4684 4 -1 -14
E 4684 5 -1 -14
E 4684 6 -1 -14
T 4685 7 0 7 1
E 4685 0 -1 -14
E 4685 1 -1 -14
E 4685 2 -1 -14
E 4685 3 -1 -14
E 4685 4 -1 -14
E 4685 5 -1 -14
E 4685 6 -1 -14
T 4686 2 0 0 0
T 4687 2 0 0 0
T 4688 0 0 0 0
T 4689 2 0 0 0
T 4690 0 0 0 0
T 4691 3 0 0 0
T 4692 2 0 0 0
T 4693 0 0 0 0
T 4694 4 0 0 0
T 4695 7 0 0 0
T 4696 5 0 0 0
T 4697 2 0 0 0
T 4698 3 0 0 0
T 4699 0 0 0 0
T 4700 2 0 0 0
T 4701 4 0 0 0
T 4702 4 0 0 0
T 4703 6 0 0 0
T 4704 6 0 0 0
T 4705 10 0 0 0
T 4706 7 0 7 1
E 4706 0 -1 -14
E 4706 1 -1 -14
E 4706 2 -1 -14
E 4706 3 -1 -14
E 4706 4 -1 -14
E 4706 5 -1 -14
E 4706 6 -1 -14
T 4707 8 0 0 0
T 4708 6 0 7 1
E 4708 0 -1 -13
E 4708 1 -1 -13
E 4708 2 -1 -13
E 4708 3 -1 -13
E 4708 4 -1 -13
E 4708 5 -1 -13
E 4708 6 -1 -13
T 4709 6 0 7 1
E 4709 0 -1 -13
E 4709 1 -1 -13
E 4709 2 -1 -13
E 4709 3 -1 -13
E 4709 4 -1 -13
E 4709 5 -1 -13
E 4709 6 -1 -13
T 4710 1 0 0 0
T 4711 4 0 0 0
T 4712 5 0 0 0
T 4713 8 0 0 0
T 4714 8 0 0 0
T 4715 4 0 0 0
T 4716 12 0 0 0
T 4717 7 0 0 0
T 4718 8 0 7 1
E 4718 0 -1 -15
E 4718 1 -1 -15
E 4718 2 -1 -15
E 4718 3 -1 -15
E 4718 4 -1 -15
E 4718 5 -1 -15
E 4718 6 -1 -15
T 4719 12 0 0 0
T 4720 4 0 7 1
E 4720 0 -2 -18
E 4720 1 -2 -18
E 4720 2 -2 -18
E 4720 3 -2 -18
E 4720 4 -2 -18
E 4720 5 -2 -18
E 4720 6 -2 -18
T 4721 8 0 0 0
T 4722 4 0 0 0
T 4723 6 0 0 0
T 4724 6 0 0 0
T 4725 3 0 0 0
T 4726 7 0 0 0
T 4727 8 0 0 0
T 4728 4 0 0 0
T 4729 6 0 0 0
T 4730 8 0 0 0
T 4731 9 0 0 0
T 4732 6 0 7 1
E 4732 0 -1 -13
E 4732 1 -1 -13
E 4732 2 -1 -13
E 4732 3 -1 -13
E 4732 4 -1 -13
E 4732 5 -1 -13
E 4732 6 -1 -13
T 4733 9 0 0 0
T 4734 11 0 0 0
T 4735 6 0 0 0
T 4736 7 0 0 0
T 4737 9 0 0 0
T 4738 6 0 0 0
T 4739 2 0 0 0
T 4740 0 0 0 0
T 4741 0 0 0 0
T 4742 7 0 0 0
T 4743 5 0 0 0
T 4744 6 0 7 1
E 4744 0 -1 -13
E 4744 1 -1 -13
E 4744 2 -1 -13
E 4744 3 -1 -13
E 4744 4 -1 -13
E 4744 5 -1 -13
E 4744 6 -1 -13
T 4745 6 0 0 0
T 4746 5 0 0 0
T 4747 3 0 0 0
T 4748 0 0 0 0
T 4749 1 0 0 0
T 4750 3 0 0 0
T 4751 0 0 0 0
T 4752 1 0 0 0
T 4753 0 0 0 0
T 4754 0 0 0 0
T 4755 0 0 0 0
T 4756 3 0 0 0
T 4757 7 0 0 0
T 4758 8 0 7 1
E 4758 0 -1 -15
E 4758 1 -1 -15
E 4758 2 -1 -15
E 4758 3 -1 -15
E 4758 4 -1 -15
E 4758 5 -1 -15
E 4758 6 -1 -15
T 4759 6 0 0 0
T 4760 8 0 0 0
T 4761 7 0 7 1
E 4761 0 -1 -14
E 4761 1 -1 -14
E 4761 2 -1 -14
E 4761 3 -1 -14
E 4761 4 -1 -14
E 4761 5 -1 -14
E 4761 6 -1 -14
T 4762 7 0 7 1
E 4762 0 -1 -14
E 4762 1 -1 -14
E 4762 2 -1 -14
E 4762 3 -1 -14
E 4762 4 -1 -14
E 4762 5 -1 -14
E 4762 6 -1 -14
T 4763 3 0 0 0
T 4764 6 0 0 0
T 4765 10 0 0 0
T 4766 12 0 0 0
T 4767 10 0 0 0
T 4768 11 0 0 0
T 4769 8 0 7 1
E 4769 0 -1 -15
E 4769 1 -1 -15
E 4769 2 -1 -15
E 4769 3 -1 -15
E 4769 4 -1 -15
E 4769 5 -1 -15
E 4769 6 -1 -15
T 4770 3 0 0 0
T 4771 2 0 0 0
T 4772 7 0 0 0
T 4773 7 0 7 1
E 4773 0 -1 -14
E 4773 1 -1 -14
E 4773 2 -1 -14
E 4773 3 -1 -14
E 4773 4 -1 -14
E 4773 5 -1 -14
E 4773 6 -1 -14
T 4774 8 0 7 1
E 4774 0 -1 -15
E 4774 1 -1 -15
E 4774 2 -1 -15
E 4774 3 -1 -15
E 4774 4 -1 -15
E 4774 5 -1 -15
E 4774 6 -1 -15
T 4775 8 0 7 1
E 4775 0 -1 -15
E 4775 1 -1 -15
E 4775 2 -1 -15
E 4775 3 -1 -15
E 4775 4 -1 -15
E 4775 5 -1 -15
E 4775 6 -1 -15
T 4776 8 0 7 1
E 4776 0 -1 -15
E 4776 1 -1 -15
E 4776 2 -1 -15
E 4776 3 -1 -15
E 4776 4 -1 -15
E 4776 5 -1 -15
E 4776 6 -1 -15
T 4777 7 0 7 1
E 4777 0 -1 -14
E 4777 1 -1 -14
E 4777 2 -1 -14
E 4777 3 -1 -14
E 4777 4 -1 -14
E 4777 5 -1 -14
E 4777 6 -1 -14
T 4778 5 0 0 0
T 4779 7 0 0 0
T 4780 9 0 0 0
T 4781 6 0 0 0
T 4782 5 0 0 0
T 4783 6 0 7 1
E 4783 0 -1 -13
E 4783 1 -1 -13
E 4783 2 -1 -13
E 4783 3 -1 -13
E 4783 4 -1 -13
E 4783 5 -1 -13
E 4783 6 -1 -13
T 4784 8 0 0 0
T 4785 11 0 0 0
T 4786 8 0 7 1
E 4786 0 -1 -15
E 4786 1 -1 -15
E 4786 2 -1 -15
E 4786 3 -1 -15
E 4786 4 -1 -15
E 4786 5 -1 -15
E 4786 6 -1 -15
T 4787 8 0 7 1
E 4787 0 -1 -15
E 4787 1 -1 -15
E 4787 2 -1 -15
E 4787 3 -1 -15
E 4787 4 -1 -15
E 4787 5 -1 -15
E 4787 6 -1 -15
T 4788 4 0 0 0
T 4789 7 0 0 0
T 4790 3 0 0 0
T 4791 11 0 0 0
T 4792 10 0 0 0
T 4793 9 0 0 0
T 4794 5 0 0 0
T 4795 10 0 0 0
T 4796 8 0 0 0
T 4797 6 0 7 1
E 4797 0 -1 -13
E 4797 1 -1 -13
E 4797 2 -1 -13
E 4797 3 -1 -13
E 4797 4 -1 -13
E 4797 5 -1 -13
E 4797 6 -1 -13
T 4798 11 0 0 0
T 4799 9 0 0 0
F 6496 100772 0 215 4792 928 6496 0
