T 0 1 0 0 0
T 1 2 0 0 0
T 2 1 0 0 0
T 3 2 0 0 0
T 4 2 0 0 0
T 5 4 0 0 0
T 6 1 0 0 0
T 7 1 0 0 0
T 8 2 0 0 0
T 9 19 0 4 0
E 9 2 -5 -15
E 9 3 -5 -15
E 9 4 -5 -15
E 9 5 -5 -15
T 10 11 0 1 0
E 10 0 5 16
T 11 11 0 1 0
E 11 0 5 16
T 12 10 0 1 0
E 12 0 5 15
T 13 19 0 3 0
E 13 3 -4 -13
E 13 4 -4 -13
E 13 5 -4 -13
T 14 13 0 2 0
E 14 0 9 27
E 14 1 5 17
T 15 12 0 0 0
T 16 10 0 1 0
E 16 0 4 14
T 17 27 0 3 0
E 17 3 -5 -15
E 17 4 -5 -15
E 17 5 -5 -15
T 18 13 0 2 0
E 18 0 10 30
E 18 1 7 21
T 19 13 0 1 0
E 19 0 6 19
T 20 14 0 1 0
E 20 0 6 20
T 21 22 0 3 0
E 21 0 6 18
E 21 4 -5 -15
E 21 5 -5 -15
T 22 24 0 3 0
E 22 0 6 20
E 22 4 -5 -15
E 22 5 -5 -15
T 23 11 0 2 0
E 23 0 8 24
E 23 1 5 15
T 24 35 0 3 0
E 24 3 -7 -21
E 24 4 -10 -30
E 24 5 -10 -30
T 25 11 0 3 0
E 25 0 11 34
E 25 1 8 24
E 25 2 4 14
T 26 32 0 4 0
E 26 0 4 14
E 26 3 -5 -15
E 26 4 -8 -24
E 26 5 -9 -27
T 27 18 0 3 0
E 27 0 9 28
E 27 1 6 18
E 27 5 -5 -15
T 28 32 0 4 0
E 28 0 4 13
E 28 3 -5 -15
E 28 4 -8 -25
E 28 5 -10 -31
T 29 11 0 3 0
E 29 0 12 38
E 29 1 9 28
E 29 2 6 19
T 30 37 0 3 0
E 30 3 -6 -19
E 30 4 -9 -29
E 30 5 -12 -38
T 31 11 0 3 0
E 31 0 12 38
E 31 1 9 29
E 31 2 6 19
T 32 37 0 3 0
E 32 3 -6 -19
E 32 4 -9 -29
E 32 5 -12 -38
T 33 6 0 4 0
E 33 0 14 44
E 33 1 11 35
E 33 2 8 25
E 33 3 5 16
T 34 38 0 3 0
E 34 3 -7 -21
E 34 4 -10 -30
E 34 5 -13 -40
T 35 11 0 3 0
E 35 0 13 40
E 35 1 10 30
E 35 2 6 20
T 36 33 0 4 0
E 36 0 4 13
E 36 3 -5 -16
E 36 4 -8 -25
E 36 5 -11 -35
T 37 20 0 3 0
E 37 0 10 30
E 37 1 6 20
E 37 5 -6 -18
T 38 28 0 3 0
E 38 0 7 21
E 38 4 -5 -17
E 38 5 -9 -27
T 39 20 0 3 0
E 39 0 9 27
E 39 1 5 17
E 39 5 -7 -21
T 40 28 0 3 0
E 40 0 6 19
E 40 4 -6 -20
E 40 5 -9 -29
T 41 19 0 3 0
E 41 0 9 28
E 41 1 6 19
E 41 5 -6 -20
T 42 29 0 3 0
E 42 0 6 18
E 42 4 -7 -21
E 42 5 -10 -30
T 43 19 0 3 0
E 43 0 9 27
E 43 1 6 18
E 43 5 -7 -21
T 44 29 0 3 0
E 44 0 6 20
E 44 4 -6 -18
E 44 5 -9 -28
T 45 23 0 4 0
E 45 0 8 25
E 45 1 5 15
E 45 4 -4 -14
E 45 5 -7 -23
T 46 23 0 4 0
E 46 0 8 24
E 46 1 5 15
E 46 4 -4 -14
E 46 5 -8 -24
T 47 20 0 3 0
E 47 0 9 29
E 47 1 6 19
E 47 5 -6 -19
T 48 28 0 3 0
E 48 0 7 21
E 48 4 -5 -17
E 48 5 -9 -27
T 49 20 0 3 0
E 49 0 8 26
E 49 1 5 16
E 49 5 -7 -22
T 50 32 0 4 0
E 50 0 5 16
E 50 3 -4 -13
E 50 4 -7 -23
E 50 5 -10 -32
T 51 19 0 3 0
E 51 0 10 30
E 51 1 7 21
E 51 5 -6 -18
T 52 29 0 3 0
E 52 0 6 18
E 52 4 -7 -21
E 52 5 -10 -30
T 53 23 0 4 0
E 53 0 8 24
E 53 1 5 15
E 53 4 -4 -14
E 53 5 -8 -24
T 54 25 0 4 0
E 54 0 7 23
E 54 1 4 13
E 54 4 -5 -15
E 54 5 -8 -25
T 55 25 0 4 0
E 55 0 7 23
E 55 1 4 13
E 55 4 -5 -16
E 55 5 -8 -25
T 56 19 0 3 0
E 56 0 10 30
E 56 1 7 21
E 56 5 -6 -18
T 57 23 0 4 0
E 57 0 8 25
E 57 1 5 15
E 57 4 -4 -14
E 57 5 -7 -23
T 58 19 0 3 0
E 58 0 9 27
E 58 1 6 18
E 58 5 -7 -21
T 59 28 0 3 0
E 59 0 6 18
E 59 4 -6 -20
E 59 5 -10 -30
T 60 20 0 3 0
E 60 0 10 30
E 60 1 6 20
E 60 5 -6 -18
T 61 23 0 4 0
E 61 0 8 24
E 61 1 5 15
E 61 4 -4 -14
E 61 5 -8 -24
T 62 29 0 3 0
E 62 0 7 21
E 62 4 -6 -18
E 62 5 -9 -27
T 63 10 0 3 0
E 63 0 12 36
E 63 1 9 27
E 63 2 5 17
T 64 34 0 4 0
E 64 0 4 14
E 64 3 -5 -15
E 64 4 -8 -24
E 64 5 -11 -34
T 65 20 0 3 0
E 65 0 10 30
E 65 1 6 20
E 65 5 -6 -18
T 66 23 0 4 0
E 66 0 8 25
E 66 1 5 16
E 66 4 -4 -13
E 66 5 -7 -23
T 67 19 0 3 0
E 67 0 10 31
E 67 1 7 21
E 67 5 -5 -17
T 68 29 0 3 0
E 68 0 6 20
E 68 4 -6 -18
E 68 5 -9 -28
T 69 14 0 4 0
E 69 0 11 34
E 69 1 8 24
E 69 2 5 15
E 69 5 -4 -14
T 70 29 0 3 0
E 70 0 7 21
E 70 4 -6 -18
E 70 5 -9 -27
T 71 10 0 3 0
E 71 0 12 36
E 71 1 9 27
E 71 2 5 17
T 72 38 0 3 0
E 72 3 -6 -18
E 72 4 -9 -28
E 72 5 -12 -37
T 73 10 0 3 0
E 73 0 13 40
E 73 1 10 31
E 73 2 7 21
T 74 34 0 4 0
E 74 0 4 14
E 74 3 -5 -15
E 74 4 -8 -24
E 74 5 -11 -34
T 75 16 0 4 0
E 75 0 11 33
E 75 1 7 23
E 75 2 4 13
E 75 5 -5 -15
T 76 33 0 4 0
E 76 0 4 13
E 76 3 -5 -16
E 76 4 -8 -25
E 76 5 -11 -35
T 77 10 0 3 0
E 77 0 12 37
E 77 1 9 27
E 77 2 6 18
T 78 28 0 3 0
E 78 0 5 16
E 78 4 -7 -22
E 78 5 -10 -32
T 79 20 0 3 0
E 79 0 9 27
E 79 1 5 17
E 79 5 -7 -21
T 80 19 0 3 0
E 80 0 9 28
E 80 1 6 18
E 80 5 -6 -20
T 81 20 0 3 0
E 81 0 8 26
E 81 1 5 17
E 81 5 -7 -22
T 82 29 0 3 0
E 82 0 6 18
E 82 4 -7 -21
E 82 5 -10 -30
T 83 19 0 3 0
E 83 0 9 28
E 83 1 6 19
E 83 5 -6 -20
T 84 28 0 3 0
E 84 0 7 22
E 84 4 -5 -16
E 84 5 -8 -26
T 85 16 0 4 0
E 85 0 11 33
E 85 1 7 23
E 85 2 4 13
E 85 5 -5 -15
T 86 28 0 3 0
E 86 0 6 19
E 86 4 -6 -19
E 86 5 -9 -29
T 87 20 0 3 0
E 87 0 10 30
E 87 1 6 20
E 87 5 -6 -18
T 88 25 0 4 0
E 88 0 7 23
E 88 1 4 14
E 88 4 -5 -15
E 88 5 -8 -25
T 89 25 0 4 0
E 89 0 7 23
E 89 1 4 13
E 89 4 -5 -15
E 89 5 -8 -25
T 90 19 0 3 0
E 90 0 9 28
E 90 1 6 18
E 90 5 -6 -20
T 91 32 0 4 0
E 91 0 5 16
E 91 3 -4 -13
E 91 4 -7 -22
E 91 5 -10 -32
T 92 11 0 3 0
E 92 0 12 38
E 92 1 9 28
E 92 2 6 19
T 93 33 0 4 0
E 93 0 4 14
E 93 3 -4 -14
E 93 4 -8 -24
E 93 5 -11 -34
T 94 20 0 3 0
E 94 0 9 29
E 94 1 6 19
E 94 5 -6 -19
T 95 29 0 3 0
E 95 0 6 20
E 95 4 -6 -19
E 95 5 -9 -28
T 96 20 0 3 0
E 96 0 8 26
E 96 1 5 17
E 96 5 -7 -22
T 97 26 0 3 0
E 97 0 5 16
E 97 4 -6 -20
E 97 5 -9 -29
T 98 20 1 4 0
E 98 0 6 20
E 98 1 5 16
E 98 4 -4 -13
E 98 5 -7 -23
T 99 14 0 3 0
E 99 0 7 23
E 99 1 7 21
E 99 5 -5 -17
T 100 12 0 3 0
E 100 0 5 17
E 100 1 6 18
E 100 5 -6 -20
T 101 18 0 3 0
E 101 1 4 13
E 101 4 -5 -16
E 101 5 -8 -26
T 102 8 0 3 0
E 102 0 5 15
E 102 1 7 21
E 102 5 -5 -17
T 103 14 0 3 0
E 103 1 4 13
E 103 4 -4 -13
E 103 5 -7 -23
T 104 7 0 3 0
E 104 1 5 17
E 104 2 4 13
E 104 5 -5 -16
T 105 9 0 2 0
E 105 1 4 14
E 105 5 -5 -16
T 106 7 0 2 0
E 106 2 4 13
E 106 5 -5 -16
T 107 1 0 2 0
E 107 1 5 17
E 107 2 7 21
T 108 4 0 1 0
E 108 5 -6 -19
T 109 0 0 1 0
E 109 2 5 17
T 110 0 0 0 0
T 111 1 0 0 0
T 112 6 0 0 0
T 113 6 0 1 0
E 113 5 -5 -15
T 114 9 0 0 0
T 115 9 0 1 0
E 115 0 -4 -13
T 116 11 0 1 0
E 116 0 -5 -16
T 117 8 0 0 0
T 118 9 0 0 0
T 119 11 0 0 0
T 120 12 0 0 0
T 121 12 0 0 0
T 122 12 0 1 0
E 122 0 -5 -17
T 123 15 0 1 0
E 123 4 4 13
T 124 9 0 2 0
E 124 0 -6 -19
E 124 1 -4 -13
T 125 14 0 2 0
E 125 0 -4 -13
E 125 5 5 15
T 126 10 0 2 0
E 126 0 -6 -20
E 126 1 -4 -14
T 127 20 0 2 0
E 127 4 4 14
E 127 5 6 20
T 128 9 0 2 0
E 128 0 -7 -21
E 128 1 -5 -15
T 129 21 0 2 0
E 129 4 5 15
E 129 5 7 21
T 130 7 0 3 0
E 130 0 -8 -25
E 130 1 -6 -19
E 130 2 -4 -13
T 131 21 0 2 0
E 131 4 5 15
E 131 5 7 21
T 132 9 0 2 0
E 132 0 -6 -19
E 132 1 -4 -13
T 133 15 1 2 0
E 133 0 -5 -15
E 133 5 5 15
T 134 15 0 2 0
E 134 0 -5 -16
E 134 5 4 14
T 135 9 0 2 0
E 135 0 -6 -19
E 135 1 -4 -13
T 136 15 0 2 0
E 136 0 -4 -14
E 136 5 5 16
T 137 15 1 2 0
E 137 0 -5 -15
E 137 5 5 15
T 138 14 0 2 0
E 138 0 -4 -13
E 138 5 5 17
T 139 9 0 2 0
E 139 0 -7 -21
E 139 1 -5 -15
T 140 14 0 2 0
E 140 0 -4 -13
E 140 5 5 17
T 141 21 0 2 0
E 141 4 4 13
E 141 5 6 19
T 142 10 0 2 0
E 142 0 -8 -24
E 142 1 -6 -18
T 143 15 0 2 0
E 143 0 -4 -14
E 143 5 5 16
T 144 10 0 2 0
E 144 0 -7 -22
E 144 1 -5 -16
T 145 21 0 2 0
E 145 4 5 15
E 145 5 7 21
T 146 16 0 2 0
E 146 0 -5 -17
E 146 5 4 14
T 147 10 0 2 0
E 147 0 -7 -22
E 147 1 -5 -15
T 148 16 0 2 0
E 148 0 -6 -18
E 148 5 4 14
T 149 17 0 2 0
E 149 0 -6 -19
E 149 5 4 14
T 150 20 0 3 0
E 150 0 -4 -14
E 150 4 4 13
E 150 5 6 19
T 151 13 0 2 0
E 151 0 -9 -27
E 151 1 -5 -17
T 152 24 0 2 0
E 152 4 6 18
E 152 5 8 24
T 153 10 0 3 0
E 153 0 -10 -30
E 153 1 -6 -20
E 153 2 -4 -13
T 154 22 0 3 0
E 154 0 -5 -17
E 154 4 4 13
E 154 5 6 19
T 155 19 0 2 0
E 155 0 -7 -21
E 155 5 5 15
T 156 16 0 3 0
E 156 0 -8 -24
E 156 1 -4 -14
E 156 5 4 13
T 157 23 0 3 0
E 157 0 -5 -16
E 157 4 5 15
E 157 5 7 21
T 158 13 0 2 0
E 158 0 -9 -27
E 158 1 -5 -17
T 159 33 0 3 0
E 159 3 6 18
E 159 4 8 24
E 159 5 10 30
T 160 11 0 3 0
E 160 0 -10 -32
E 160 1 -7 -23
E 160 2 -4 -13
T 161 28 0 4 0
E 161 0 -4 -14
E 161 3 4 14
E 161 4 6 20
E 161 5 8 26
T 162 11 0 3 0
E 162 0 -11 -35
E 162 1 -8 -26
E 162 2 -5 -16
T 163 33 0 3 0
E 163 3 5 17
E 163 4 7 23
E 163 5 9 29
T 164 11 0 3 0
E 164 0 -13 -39
E 164 1 -9 -29
E 164 2 -6 -19
T 165 35 0 3 0
E 165 3 5 17
E 165 4 8 24
E 165 5 10 30
T 166 10 0 3 0
E 166 0 -12 -37
E 166 1 -9 -27
E 166 2 -6 -18
T 167 26 0 3 0
E 167 0 -5 -17
E 167 4 6 20
E 167 5 8 26
T 168 19 0 3 0
E 168 0 -9 -29
E 168 1 -6 -19
E 168 5 5 15
T 169 31 0 4 0
E 169 0 -5 -16
E 169 3 4 13
E 169 4 7 23
E 169 5 9 29
T 170 10 0 3 0
E 170 0 -12 -36
E 170 1 -9 -27
E 170 2 -5 -17
T 171 37 0 3 0
E 171 3 5 17
E 171 4 9 27
E 171 5 11 34
T 172 15 0 4 0
E 172 0 -10 -32
E 172 1 -7 -23
E 172 2 -4 -13
E 172 5 4 14
T 173 27 0 3 0
E 173 0 -7 -21
E 173 4 5 17
E 173 5 8 26
T 174 20 0 3 0
E 174 0 -9 -29
E 174 1 -6 -19
E 174 5 6 19
T 175 29 0 3 0
E 175 0 -5 -17
E 175 4 7 21
E 175 5 10 31
T 176 14 0 4 0
E 176 0 -11 -34
E 176 1 -8 -24
E 176 2 -5 -15
E 176 5 4 14
T 177 28 0 3 0
E 177 0 -6 -19
E 177 4 6 19
E 177 5 9 29
T 178 20 0 3 0
E 178 0 -9 -29
E 178 1 -6 -19
E 178 5 6 19
T 179 29 0 3 0
E 179 0 -6 -20
E 179 4 6 19
E 179 5 9 28
T 180 14 0 4 0
E 180 0 -11 -34
E 180 1 -8 -25
E 180 2 -5 -15
E 180 5 4 14
T 181 38 0 3 0
E 181 3 6 18
E 181 4 9 28
E 181 5 12 37
T 182 10 0 3 0
E 182 0 -13 -40
E 182 1 -10 -31
E 182 2 -7 -21
T 183 37 0 3 0
E 183 3 6 19
E 183 4 9 28
E 183 5 12 38
T 184 11 0 3 0
E 184 0 -13 -41
E 184 1 -10 -31
E 184 2 -7 -21
T 185 37 0 3 0
E 185 3 6 19
E 185 4 9 28
E 185 5 12 38
T 186 16 0 4 0
E 186 0 -11 -33
E 186 1 -7 -23
E 186 2 -4 -14
E 186 5 5 15
T 187 28 0 3 0
E 187 0 -5 -16
E 187 4 7 22
E 187 5 10 32
T 188 20 0 3 0
E 188 0 -10 -30
E 188 1 -6 -20
E 188 5 6 18
T 189 29 0 3 0
E 189 0 -5 -17
E 189 4 7 22
E 189 5 10 31
T 190 14 0 4 0
E 190 0 -11 -34
E 190 1 -8 -25
E 190 2 -5 -15
E 190 5 4 14
T 191 28 0 3 0
E 191 0 -6 -19
E 191 4 6 20
E 191 5 9 29
T 192 20 0 3 0
E 192 0 -9 -29
E 192 1 -6 -20
E 192 5 6 19
T 193 28 0 3 0
E 193 0 -7 -22
E 193 4 5 16
E 193 5 8 26
T 194 20 0 3 0
E 194 0 -9 -27
E 194 1 -5 -17
E 194 5 7 21
T 195 23 0 4 0
E 195 0 -8 -25
E 195 1 -5 -16
E 195 4 4 13
E 195 5 7 23
T 196 29 0 3 0
E 196 0 -7 -21
E 196 4 6 18
E 196 5 9 27
T 197 20 0 3 0
E 197 0 -8 -26
E 197 1 -5 -17
E 197 5 7 22
T 198 28 0 3 0
E 198 0 -6 -18
E 198 4 6 20
E 198 5 10 30
T 199 11 0 3 0
E 199 0 -12 -36
E 199 1 -8 -26
E 199 2 -5 -16
T 200 38 0 3 0
E 200 3 6 18
E 200 4 9 27
E 200 5 12 37
T 201 6 0 4 0
E 201 0 -14 -43
E 201 1 -11 -33
E 201 2 -8 -24
E 201 3 -4 -14
T 202 41 0 4 0
E 202 2 4 13
E 202 3 7 22
E 202 4 10 32
E 202 5 14 42
T 203 10 0 3 0
E 203 0 -13 -40
E 203 1 -10 -30
E 203 2 -7 -21
T 204 38 0 3 0
E 204 3 6 18
E 204 4 9 28
E 204 5 12 37
T 205 10 0 3 0
E 205 0 -13 -39
E 205 1 -10 -30
E 205 2 -6 -20
T 206 42 0 4 0
E 206 2 4 13
E 206 3 7 23
E 206 4 11 33
E 206 5 14 42
T 207 11 0 3 0
E 207 0 -12 -38
E 207 1 -9 -29
E 207 2 -6 -19
T 208 37 0 3 0
E 208 3 6 20
E 208 4 9 29
E 208 5 13 39
T 209 7 0 4 0
E 209 0 -14 -43
E 209 1 -11 -33
E 209 2 -7 -23
E 209 3 -4 -14
T 210 37 0 3 0
E 210 3 6 19
E 210 4 9 28
E 210 5 12 38
T 211 15 0 4 0
E 211 0 -11 -35
E 211 1 -8 -25
E 211 2 -5 -16
E 211 5 4 13
T 212 28 0 3 0
E 212 0 -5 -16
E 212 4 7 22
E 212 5 10 32
T 213 15 0 4 0
E 213 0 -11 -35
E 213 1 -8 -25
E 213 2 -5 -16
E 213 5 4 13
T 214 29 0 3 0
E 214 0 -6 -18
E 214 4 7 21
E 214 5 10 30
T 215 19 0 3 0
E 215 0 -9 -27
E 215 1 -6 -18
E 215 5 7 21
T 216 28 0 3 0
E 216 0 -6 -19
E 216 4 6 20
E 216 5 9 29
T 217 23 0 4 0
E 217 0 -8 -25
E 217 1 -5 -16
E 217 4 4 13
E 217 5 7 23
T 218 28 0 3 0
E 218 0 -6 -19
E 218 4 6 19
E 218 5 9 29
T 219 25 0 4 0
E 219 0 -8 -24
E 219 1 -4 -14
E 219 4 5 15
E 219 5 8 24
T 220 23 0 4 0
E 220 0 -8 -25
E 220 1 -5 -16
E 220 4 4 13
E 220 5 7 23
T 221 29 0 3 0
E 221 0 -7 -21
E 221 4 6 18
E 221 5 9 27
T 222 19 0 3 0
E 222 0 -10 -31
E 222 1 -7 -22
E 222 5 5 17
T 223 28 0 3 0
E 223 0 -7 -21
E 223 4 5 17
E 223 5 9 27
T 224 20 0 3 0
E 224 0 -10 -30
E 224 1 -6 -20
E 224 5 6 18
T 225 29 0 3 0
E 225 0 -6 -20
E 225 4 6 18
E 225 5 9 28
T 226 11 0 3 0
E 226 0 -12 -36
E 226 1 -8 -26
E 226 2 -5 -17
T 227 37 0 3 0
E 227 3 7 21
E 227 4 10 31
E 227 5 13 41
T 228 7 0 4 0
E 228 0 -14 -42
E 228 1 -10 -32
E 228 2 -7 -23
E 228 3 -4 -13
T 229 34 0 4 0
E 229 0 -4 -14
E 229 3 5 15
E 229 4 8 25
E 229 5 11 34
T 230 19 0 3 0
E 230 0 -10 -30
E 230 1 -7 -21
E 230 5 6 18
T 231 29 0 3 0
E 231 0 -6 -18
E 231 4 7 21
E 231 5 10 30
T 232 10 0 3 0
E 232 0 -12 -36
E 232 1 -9 -27
E 232 2 -5 -17
T 233 37 0 3 0
E 233 3 7 22
E 233 4 10 31
E 233 5 13 41
T 234 15 0 4 0
E 234 0 -11 -35
E 234 1 -8 -25
E 234 2 -5 -15
E 234 5 4 13
T 235 24 0 4 0
E 235 0 -7 -22
E 235 1 -4 -13
E 235 4 5 16
E 235 5 8 26
T 236 29 0 3 0
E 236 0 -6 -20
E 236 4 6 19
E 236 5 9 28
T 237 15 0 4 0
E 237 0 -11 -33
E 237 1 -8 -24
E 237 2 -4 -14
E 237 5 5 15
T 238 29 0 3 0
E 238 0 -5 -17
E 238 4 7 21
E 238 5 10 31
T 239 11 0 3 0
E 239 0 -12 -36
E 239 1 -8 -26
E 239 2 -5 -16
T 240 1 0 4 0
E 240 0 11 34
E 240 3 5 15
E 240 4 8 24
E 240 5 11 34
T 241 35 0 4 0
E 241 1 -14 -42
E 241 2 -11 -33
E 241 3 -7 -23
E 241 4 -4 -13
T 242 8 0 3 0
E 242 0 11 34
E 242 4 6 18
E 242 5 9 28
T 243 41 0 4 0
E 243 1 -14 -42
E 243 2 -11 -33
E 243 3 -7 -23
E 243 4 -4 -14
T 244 7 0 4 0
E 244 0 16 49
E 244 3 5 17
E 244 4 9 27
E 244 5 12 36
T 245 50 0 4 0
E 245 1 -16 -48
E 245 2 -12 -38
E 245 3 -9 -28
E 245 4 -6 -19
T 246 2 0 5 0
E 246 0 17 53
E 246 1 14 44
E 246 3 5 15
E 246 4 8 25
E 246 5 11 34
T 247 46 0 4 0
E 247 2 -15 -47
E 247 3 -12 -38
E 247 4 -9 -28
E 247 5 -6 -18
T 248 7 0 4 0
E 248 0 17 52
E 248 1 14 43
E 248 4 5 17
E 248 5 9 27
T 249 52 0 4 0
E 249 2 -15 -45
E 249 3 -12 -36
E 249 4 -8 -26
E 249 5 -5 -17
T 250 10 0 4 0
E 250 0 19 59
E 250 1 16 49
E 250 4 5 17
E 250 5 9 27
T 251 63 0 4 0
E 251 2 -19 -59
E 251 3 -16 -49
E 251 4 -13 -39
E 251 5 -10 -30
T 252 6 0 5 0
E 252 0 23 69
E 252 1 19 59
E 252 2 16 50
E 252 4 7 21
E 252 5 10 31
T 253 63 0 5 0
E 253 1 -5 -15
E 253 2 -8 -25
E 253 3 -22 -66
E 253 4 -19 -57
E 253 5 -15 -47
T 254 1 0 5 0
E 254 0 22 67
E 254 1 19 57
E 254 2 16 48
E 254 4 4 13
E 254 5 7 22
T 255 61 0 4 0
E 255 2 -4 -13
E 255 3 -20 -60
E 255 4 -17 -51
E 255 5 -13 -41
T 256 10 0 3 0
E 256 0 20 61
E 256 1 17 52
E 256 2 14 42
T 257 63 0 3 0
E 257 3 -22 -67
E 257 4 -19 -57
E 257 5 -15 -47
T 258 0 0 4 0
E 258 0 20 62
E 258 1 17 53
E 258 2 14 43
E 258 3 11 34
T 259 63 0 5 0
E 259 1 -4 -13
E 259 2 -7 -22
E 259 3 -10 -32
E 259 4 -24 -73
E 259 5 -21 -64
T 260 0 0 4 0
E 260 0 20 62
E 260 1 17 52
E 260 2 14 42
E 260 3 11 33
T 261 60 0 4 0
E 261 2 -4 -14
E 261 3 -8 -24
E 261 4 -23 -71
E 261 5 -20 -62
T 262 7 0 5 0
E 262 0 20 60
E 262 1 16 50
E 262 2 13 41
E 262 3 10 31
E 262 4 -6 -20
T 263 60 0 3 0
E 263 3 -5 -17
E 263 4 -24 -72
E 263 5 -20 -62
T 264 0 0 6 0
E 264 0 19 59
E 264 1 16 49
E 264 2 13 40
E 264 3 10 30
E 264 4 7 21
E 264 5 -6 -18
T 265 54 0 4 0
E 265 2 -5 -15
E 265 3 -8 -24
E 265 4 -11 -34
E 265 5 -25 -75
T 266 9 0 6 0
E 266 0 17 51
E 266 1 14 42
E 266 2 10 32
E 266 3 7 22
E 266 4 4 13
E 266 5 -10 -32
T 267 50 0 3 0
E 267 3 -5 -17
E 267 4 -9 -27
E 267 5 -24 -74
T 268 19 0 5 0
E 268 0 15 47
E 268 1 12 38
E 268 2 9 28
E 268 3 6 19
E 268 5 -14 -42
T 269 38 0 4 0
E 269 0 8 25
E 269 1 5 15
E 269 4 -4 -13
E 269 5 -22 -68
T 270 7 0 4 0
E 270 0 14 43
E 270 1 11 33
E 270 2 7 23
E 270 3 4 14
T 271 34 0 4 0
E 271 0 4 14
E 271 3 -5 -15
E 271 4 -8 -24
E 271 5 -11 -34
T 272 20 0 3 0
E 272 0 10 30
E 272 1 6 20
E 272 5 -6 -18
T 273 24 0 4 0
E 273 0 7 22
E 273 1 4 13
E 273 4 -5 -16
E 273 5 -8 -26
T 274 20 0 3 0
E 274 0 8 26
E 274 1 5 16
E 274 5 -7 -22
T 275 24 0 4 0
E 275 0 8 26
E 275 1 5 16
E 275 4 -4 -13
E 275 5 -7 -22
T 276 19 0 3 0
E 276 0 9 27
E 276 1 6 18
E 276 5 -7 -21
T 277 25 0 4 0
E 277 0 7 23
E 277 1 4 13
E 277 4 -5 -16
E 277 5 -8 -25
T 278 23 0 4 0
E 278 0 8 24
E 278 1 5 15
E 278 4 -4 -14
E 278 5 -8 -24
T 279 20 0 3 0
E 279 0 8 26
E 279 1 5 16
E 279 5 -7 -22
T 280 29 0 3 0
E 280 0 6 20
E 280 4 -6 -19
E 280 5 -9 -28
T 281 19 0 3 0
E 281 0 9 28
E 281 1 6 19
E 281 5 -6 -20
T 282 29 0 3 0
E 282 0 6 18
E 282 4 -7 -21
E 282 5 -10 -30
T 283 15 0 4 0
E 283 0 11 35
E 283 1 8 26
E 283 2 5 16
E 283 5 -4 -13
T 284 29 0 3 0
E 284 0 5 17
E 284 4 -7 -21
E 284 5 -10 -31
T 285 15 0 4 0
E 285 0 11 35
E 285 1 8 25
E 285 2 5 15
E 285 5 -4 -13
T 286 24 0 4 0
E 286 0 7 22
E 286 1 4 13
E 286 4 -5 -16
E 286 5 -8 -26
T 287 29 0 3 0
E 287 0 6 20
E 287 4 -6 -19
E 287 5 -9 -28
T 288 10 0 3 0
E 288 0 12 36
E 288 1 9 27
E 288 2 5 17
T 289 34 0 4 0
E 289 0 4 14
E 289 3 -5 -15
E 289 4 -8 -24
E 289 5 -11 -34
T 290 11 0 3 0
E 290 0 12 38
E 290 1 9 28
E 290 2 6 18
T 291 37 0 3 0
E 291 3 -6 -19
E 291 4 -9 -28
E 291 5 -12 -38
T 292 6 0 4 0
E 292 0 14 44
E 292 1 11 34
E 292 2 8 25
E 292 3 5 15
T 293 42 0 4 0
E 293 2 -5 -15
E 293 3 -8 -24
E 293 4 -11 -34
E 293 5 -14 -44
T 294 5 0 4 0
E 294 0 16 48
E 294 1 12 38
E 294 2 9 29
E 294 3 6 19
T 295 43 0 4 0
E 295 2 -6 -19
E 295 3 -9 -28
E 295 4 -12 -38
E 295 5 -15 -47
T 296 10 0 3 0
E 296 0 13 40
E 296 1 10 31
E 296 2 7 21
T 297 38 0 3 0
E 297 3 -7 -21
E 297 4 -10 -31
E 297 5 -13 -40
T 298 7 0 4 0
E 298 0 13 41
E 298 1 10 32
E 298 2 7 22
E 298 3 4 13
T 299 37 0 3 0
E 299 3 -7 -22
E 299 4 -10 -31
E 299 5 -13 -41
T 300 16 0 4 0
E 300 0 11 33
E 300 1 7 23
E 300 2 4 13
E 300 5 -5 -15
T 301 34 0 4 0
E 301 0 4 14
E 301 3 -5 -15
E 301 4 -8 -24
E 301 5 -11 -34
T 302 11 0 3 0
E 302 0 13 39
E 302 1 9 29
E 302 2 6 20
T 303 32 0 4 0
E 303 0 5 15
E 303 3 -4 -13
E 303 4 -7 -23
E 303 5 -11 -33
T 304 11 0 3 0
E 304 0 12 36
E 304 1 8 26
E 304 2 5 17
T 305 38 0 3 0
E 305 3 -6 -20
E 305 4 -10 -30
E 305 5 -13 -39
T 306 15 0 4 0
E 306 0 11 35
E 306 1 8 26
E 306 2 5 16
E 306 5 -4 -13
T 307 34 0 4 0
E 307 0 4 14
E 307 3 -5 -15
E 307 4 -8 -25
E 307 5 -11 -34
T 308 10 0 3 0
E 308 0 13 39
E 308 1 10 30
E 308 2 6 20
T 309 38 0 3 0
E 309 3 -7 -21
E 309 4 -10 -30
E 309 5 -13 -40
T 310 11 0 3 0
E 310 0 13 40
E 310 1 10 30
E 310 2 6 20
T 311 41 0 4 0
E 311 2 -4 -13
E 311 3 -7 -23
E 311 4 -10 -32
E 311 5 -14 -42
T 312 7 0 4 0
E 312 0 14 42
E 312 1 10 32
E 312 2 7 23
E 312 3 4 13
T 313 42 0 4 0
E 313 2 -5 -17
E 313 3 -8 -26
E 313 4 -12 -36
E 313 5 -15 -46
T 314 4 0 4 0
E 314 0 16 49
E 314 1 13 39
E 314 2 10 30
E 314 3 6 20
T 315 43 0 4 0
E 315 2 -5 -15
E 315 3 -8 -24
E 315 4 -11 -34
E 315 5 -14 -43
T 316 11 0 3 0
E 316 0 12 38
E 316 1 9 29
E 316 2 6 19
T 317 33 0 4 0
E 317 0 4 13
E 317 3 -5 -16
E 317 4 -8 -26
E 317 5 -11 -35
T 318 20 0 3 0
E 318 0 9 29
E 318 1 6 20
E 318 5 -6 -19
T 319 23 0 4 0
E 319 0 8 25
E 319 1 5 15
E 319 4 -4 -13
E 319 5 -7 -23
T 320 19 0 3 0
E 320 0 10 31
E 320 1 7 21
E 320 5 -5 -17
T 321 29 0 3 0
E 321 0 5 17
E 321 4 -7 -21
E 321 5 -10 -31
T 322 20 0 3 0
E 322 0 9 27
E 322 1 5 17
E 322 5 -7 -21
T 323 28 0 3 0
E 323 0 6 18
E 323 4 -6 -20
E 323 5 -10 -30
T 324 15 0 4 0
E 324 0 11 35
E 324 1 8 25
E 324 2 5 16
E 324 5 -4 -13
T 325 29 0 3 0
E 325 0 5 17
E 325 4 -7 -22
E 325 5 -10 -31
T 326 15 0 4 0
E 326 0 11 33
E 326 1 8 24
E 326 2 4 14
E 326 5 -5 -15
T 327 34 0 4 0
E 327 0 4 14
E 327 3 -5 -15
E 327 4 -8 -25
E 327 5 -11 -34
T 328 19 0 3 0
E 328 0 10 31
E 328 1 7 22
E 328 5 -5 -17
T 329 29 0 3 0
E 329 0 6 20
E 329 4 -6 -18
E 329 5 -9 -28
T 330 16 0 4 0
E 330 0 11 33
E 330 1 7 23
E 330 2 4 13
E 330 5 -5 -15
T 331 38 0 3 0
E 331 3 -6 -18
E 331 4 -9 -27
E 331 5 -12 -37
T 332 6 0 4 0
E 332 0 14 44
E 332 1 11 34
E 332 2 8 25
E 332 3 5 15
T 333 37 0 3 0
E 333 3 -6 -20
E 333 4 -10 -30
E 333 5 -13 -40
T 334 11 0 3 0
E 334 0 12 36
E 334 1 8 26
E 334 2 5 17
T 335 38 0 3 0
E 335 3 -7 -21
E 335 4 -10 -31
E 335 5 -13 -40
T 336 10 0 3 0
E 336 0 13 40
E 336 1 10 31
E 336 2 7 21
T 337 34 0 3 0
E 337 3 -5 -16
E 337 4 -8 -26
E 337 5 -11 -35
T 338 3 0 4 0
E 338 0 12 37
E 338 1 11 33
E 338 2 7 23
E 338 3 4 14
T 339 34 0 4 0
E 339 2 -4 -14
E 339 3 -8 -24
E 339 4 -11 -33
E 339 5 -14 -43
T 340 1 0 4 0
E 340 0 11 34
E 340 1 11 35
E 340 2 8 25
E 340 3 5 16
T 341 24 0 3 0
E 341 3 -5 -16
E 341 4 -8 -25
E 341 5 -11 -35
T 342 1 0 3 0
E 342 0 7 23
E 342 1 9 29
E 342 2 6 20
T 343 19 0 3 0
E 343 3 -4 -13
E 343 4 -7 -23
E 343 5 -11 -33
T 344 1 0 3 0
E 344 0 6 20
E 344 1 8 26
E 344 2 7 22
T 345 11 0 2 0
E 345 4 -7 -21
E 345 5 -10 -30
T 346 0 0 2 0
E 346 1 5 17
E 346 2 6 18
T 347 7 0 2 0
E 347 4 -5 -16
E 347 5 -8 -25
T 348 3 0 2 0
E 348 2 5 16
E 348 5 -4 -13
T 349 2 0 1 0
E 349 2 4 14
T 350 1 0 1 0
E 350 5 -6 -18
T 351 3 0 0 0
T 352 5 0 1 0
E 352 5 -5 -16
T 353 5 0 1 0
E 353 3 5 16
T 354 10 0 0 0
T 355 7 0 2 0
E 355 0 -5 -17
E 355 5 -5 -15
T 356 7 0 0 0
T 357 8 0 1 0
E 357 3 4 14
T 358 10 0 1 0
E 358 0 -5 -15
T 359 12 0 1 0
E 359 4 5 15
T 360 11 0 1 0
E 360 0 -5 -16
T 361 9 0 1 0
E 361 0 -4 -13
T 362 14 0 1 0
E 362 4 5 15
T 363 12 0 1 0
E 363 0 -5 -17
T 364 10 0 1 0
E 364 0 -5 -15
T 365 19 0 2 0
E 365 4 5 17
E 365 5 7 21
T 366 11 0 2 0
E 366 0 -7 -23
E 366 1 -5 -17
T 367 21 0 2 0
E 367 4 5 15
E 367 5 7 21
T 368 10 0 2 0
E 368 0 -6 -20
E 368 1 -4 -14
T 369 20 0 2 0
E 369 4 5 16
E 369 5 7 22
T 370 11 0 2 0
E 370 0 -7 -23
E 370 1 -5 -17
T 371 18 0 1 0
E 371 5 6 18
T 372 10 0 2 0
E 372 0 -7 -22
E 372 1 -5 -16
T 373 21 0 2 0
E 373 4 5 15
E 373 5 7 21
T 374 8 0 3 0
E 374 0 -8 -26
E 374 1 -6 -20
E 374 2 -4 -14
T 375 24 0 3 0
E 375 3 5 15
E 375 4 7 21
E 375 5 9 27
T 376 7 0 3 0
E 376 0 -8 -25
E 376 1 -6 -19
E 376 2 -4 -13
T 377 21 0 2 0
E 377 4 4 13
E 377 5 6 19
T 378 15 0 2 0
E 378 0 -5 -16
E 378 5 4 14
T 379 14 0 2 0
E 379 0 -4 -13
E 379 5 5 17
T 380 16 0 2 0
E 380 0 -5 -17
E 380 5 4 13
T 381 21 0 2 0
E 381 4 4 13
E 381 5 6 19
T 382 6 0 3 0
E 382 0 -9 -27
E 382 1 -7 -21
E 382 2 -5 -15
T 383 19 0 2 0
E 383 4 5 17
E 383 5 7 23
T 384 9 0 2 0
E 384 0 -6 -19
E 384 1 -4 -13
T 385 14 0 2 0
E 385 0 -4 -13
E 385 5 5 17
T 386 10 0 2 0
E 386 0 -7 -21
E 386 1 -4 -14
T 387 15 1 2 0
E 387 0 -5 -15
E 387 5 5 16
T 388 17 1 2 0
E 388 0 -5 -17
E 388 5 5 15
T 389 17 0 2 0
E 389 0 -6 -19
E 389 5 4 14
T 390 16 1 2 0
E 390 0 -5 -16
E 390 5 5 17
T 391 20 0 3 0
E 391 0 -4 -14
E 391 4 4 14
E 391 5 6 20
T 392 17 0 2 0
E 392 0 -5 -16
E 392 5 6 18
T 393 19 0 2 0
E 393 0 -6 -20
E 393 5 5 15
T 394 19 0 2 0
E 394 0 -7 -22
E 394 5 4 14
T 395 21 0 3 0
E 395 0 -5 -16
E 395 4 4 14
E 395 5 6 20
T 396 13 0 2 0
E 396 0 -9 -27
E 396 1 -5 -17
T 397 19 0 2 0
E 397 0 -6 -20
E 397 5 5 17
T 398 13 0 2 0
E 398 0 -8 -26
E 398 1 -5 -16
T 399 24 0 3 0
E 399 0 -5 -15
E 399 4 6 18
E 399 5 8 24
T 400 12 0 2 0
E 400 0 -9 -27
E 400 1 -6 -18
T 401 33 0 3 0
E 401 3 6 19
E 401 4 8 25
E 401 5 10 31
T 402 11 0 3 0
E 402 0 -11 -35
E 402 1 -8 -26
E 402 2 -5 -16
T 403 33 0 3 0
E 403 3 6 20
E 403 4 8 26
E 403 5 10 32
T 404 11 0 3 0
E 404 0 -12 -38
E 404 1 -9 -28
E 404 2 -6 -18
T 405 34 0 3 0
E 405 3 6 19
E 405 4 8 26
E 405 5 10 32
T 406 11 0 3 0
E 406 0 -11 -35
E 406 1 -8 -25
E 406 2 -5 -16
T 407 26 0 3 0
E 407 0 -6 -18
E 407 4 6 19
E 407 5 8 25
T 408 22 0 4 0
E 408 0 -8 -25
E 408 1 -5 -15
E 408 4 4 13
E 408 5 6 19
T 409 28 0 3 0
E 409 0 -6 -18
E 409 4 7 21
E 409 5 9 27
T 410 10 0 3 0
E 410 0 -11 -33
E 410 1 -8 -24
E 410 2 -4 -14
T 411 37 0 3 0
E 411 3 6 18
E 411 4 9 28
E 411 5 11 35
T 412 6 0 4 0
E 412 0 -14 -42
E 412 1 -11 -33
E 412 2 -7 -23
E 412 3 -4 -14
T 413 37 0 3 0
E 413 3 6 19
E 413 4 9 28
E 413 5 12 37
T 414 15 0 4 0
E 414 0 -11 -35
E 414 1 -8 -25
E 414 2 -5 -15
E 414 5 4 13
T 415 33 0 4 0
E 415 0 -4 -13
E 415 3 5 16
E 415 4 8 25
E 415 5 11 35
T 416 10 0 3 0
E 416 0 -13 -40
E 416 1 -10 -30
E 416 2 -7 -21
T 417 33 0 4 0
E 417 0 -4 -14
E 417 3 4 14
E 417 4 8 24
E 417 5 11 34
T 418 10 0 3 0
E 418 0 -12 -37
E 418 1 -9 -27
E 418 2 -6 -18
T 419 33 0 4 0
E 419 0 -4 -13
E 419 3 5 16
E 419 4 8 26
E 419 5 11 35
T 420 11 0 3 0
E 420 0 -12 -38
E 420 1 -9 -29
E 420 2 -6 -19
T 421 33 0 4 0
E 421 0 -4 -13
E 421 3 5 16
E 421 4 8 26
E 421 5 11 35
T 422 10 0 3 0
E 422 0 -13 -40
E 422 1 -10 -31
E 422 2 -7 -21
T 423 37 0 3 0
E 423 3 5 17
E 423 4 8 26
E 423 5 12 36
T 424 11 0 3 0
E 424 0 -13 -40
E 424 1 -10 -30
E 424 2 -6 -20
T 425 38 0 3 0
E 425 3 6 18
E 425 4 9 27
E 425 5 12 37
T 426 15 0 4 0
E 426 0 -11 -35
E 426 1 -8 -25
E 426 2 -5 -16
E 426 5 4 13
T 427 28 0 3 0
E 427 0 -6 -18
E 427 4 6 20
E 427 5 10 30
T 428 16 0 4 0
E 428 0 -11 -33
E 428 1 -7 -23
E 428 2 -4 -14
E 428 5 5 15
T 429 25 0 4 0
E 429 0 -7 -23
E 429 1 -4 -13
E 429 4 5 16
E 429 5 8 25
T 430 23 0 4 0
E 430 0 -8 -25
E 430 1 -5 -16
E 430 4 4 13
E 430 5 7 23
T 431 24 0 4 0
E 431 0 -8 -26
E 431 1 -5 -16
E 431 4 4 13
E 431 5 7 22
T 432 23 0 4 0
E 432 0 -8 -24
E 432 1 -5 -15
E 432 4 4 14
E 432 5 8 24
T 433 23 0 4 0
E 433 0 -8 -25
E 433 1 -5 -15
E 433 4 4 13
E 433 5 7 23
T 434 20 0 3 0
E 434 0 -9 -29
E 434 1 -6 -19
E 434 5 6 19
T 435 29 0 3 0
E 435 0 -6 -20
E 435 4 6 18
E 435 5 9 28
T 436 20 0 3 0
E 436 0 -9 -29
E 436 1 -6 -19
E 436 5 6 19
T 437 28 0 3 0
E 437 0 -5 -16
E 437 4 7 22
E 437 5 10 32
T 438 14 0 4 0
E 438 0 -11 -34
E 438 1 -8 -24
E 438 2 -5 -15
E 438 5 4 14
T 439 33 0 4 0
E 439 0 -4 -13
E 439 3 5 16
E 439 4 8 26
E 439 5 11 35
T 440 19 0 3 0
E 440 0 -10 -31
E 440 1 -7 -22
E 440 5 5 17
T 441 25 0 4 0
E 441 0 -7 -23
E 441 1 -4 -13
E 441 4 5 16
E 441 5 8 25
T 442 16 0 4 0
E 442 0 -10 -32
E 442 1 -7 -23
E 442 2 -4 -13
E 442 5 5 16
T 443 28 0 3 0
E 443 0 -6 -18
E 443 4 6 20
E 443 5 10 30
T 444 20 0 3 0
E 444 0 -9 -29
E 444 1 -6 -19
E 444 5 6 19
T 445 24 0 4 0
E 445 0 -7 -22
E 445 1 -4 -13
E 445 4 5 16
E 445 5 8 26
T 446 28 0 3 0
E 446 0 -7 -22
E 446 4 5 17
E 446 5 8 26
T 447 19 0 3 0
E 447 0 -9 -27
E 447 1 -6 -18
E 447 5 7 21
T 448 32 0 4 0
E 448 0 -5 -15
E 448 3 4 14
E 448 4 7 23
E 448 5 11 33
T 449 20 0 3 0
E 449 0 -10 -30
E 449 1 -6 -20
E 449 5 6 18
T 450 25 0 4 0
E 450 0 -7 -23
E 450 1 -4 -14
E 450 4 5 15
E 450 5 8 25
T 451 29 0 3 0
E 451 0 -7 -21
E 451 4 6 18
E 451 5 9 27
T 452 20 0 3 0
E 452 0 -9 -29
E 452 1 -6 -20
E 452 5 6 19
T 453 19 0 3 0
E 453 0 -9 -28
E 453 1 -6 -18
E 453 5 6 20
T 454 28 0 3 0
E 454 0 -7 -22
E 454 4 5 17
E 454 5 8 26
T 455 19 0 3 0
E 455 0 -9 -28
E 455 1 -6 -19
E 455 5 6 20
T 456 25 0 4 0
E 456 0 -8 -24
E 456 1 -4 -14
E 456 4 5 15
E 456 5 8 24
T 457 25 0 4 0
E 457 0 -7 -23
E 457 1 -4 -14
E 457 4 5 15
E 457 5 8 25
T 458 20 0 3 0
E 458 0 -8 -26
E 458 1 -5 -16
E 458 5 7 22
T 459 19 0 3 0
E 459 0 -9 -28
E 459 1 -6 -18
E 459 5 6 20
T 460 23 0 4 0
E 460 0 -8 -24
E 460 1 -5 -15
E 460 4 4 14
E 460 5 8 24
T 461 29 0 3 0
E 461 0 -6 -20
E 461 4 6 19
E 461 5 9 28
T 462 14 0 4 0
E 462 0 -11 -34
E 462 1 -8 -25
E 462 2 -5 -15
E 462 5 4 14
T 463 32 0 4 0
E 463 0 -5 -15
E 463 3 4 14
E 463 4 7 23
E 463 5 11 33
T 464 11 0 3 0
E 464 0 -12 -38
E 464 1 -9 -28
E 464 2 -6 -18
T 465 33 0 4 0
E 465 0 -4 -13
E 465 3 5 16
E 465 4 8 25
E 465 5 11 35
T 466 16 0 4 0
E 466 0 -10 -32
E 466 1 -7 -22
E 466 2 -4 -13
E 466 5 5 16
T 467 25 0 4 0
E 467 0 -7 -23
E 467 1 -4 -14
E 467 4 5 15
E 467 5 8 25
T 468 20 0 3 0
E 468 0 -9 -27
E 468 1 -5 -17
E 468 5 7 21
T 469 23 0 4 0
E 469 0 -8 -25
E 469 1 -5 -15
E 469 4 4 14
E 469 5 7 23
T 470 20 0 3 0
E 470 0 -8 -26
E 470 1 -5 -17
E 470 5 7 22
T 471 25 0 4 0
E 471 0 -8 -24
E 471 1 -4 -14
E 471 4 5 15
E 471 5 8 24
T 472 20 0 3 0
E 472 0 -8 -26
E 472 1 -5 -17
E 472 5 7 22
T 473 29 0 3 0
E 473 0 -5 -17
E 473 4 7 21
E 473 5 10 31
T 474 19 0 3 0
E 474 0 -10 -31
E 474 1 -7 -21
E 474 5 5 17
T 475 28 0 3 0
E 475 0 -6 -18
E 475 4 6 20
E 475 5 10 30
T 476 23 0 4 0
E 476 0 -8 -25
E 476 1 -5 -15
E 476 4 4 14
E 476 5 7 23
T 477 23 0 4 0
E 477 0 -8 -25
E 477 1 -5 -16
E 477 4 4 13
E 477 5 7 23
T 478 19 0 3 0
E 478 0 -10 -31
E 478 1 -7 -21
E 478 5 5 17
T 479 24 0 4 0
E 479 0 -8 -26
E 479 1 -5 -16
E 479 4 4 13
E 479 5 7 22
T 480 14 0 3 0
E 480 0 5 17
E 480 1 -7 -22
E 480 5 5 17
T 481 20 0 4 0
E 481 0 5 16
E 481 1 -8 -25
E 481 2 -5 -16
E 481 5 4 13
T 482 18 0 3 0
E 482 0 8 26
E 482 1 -6 -19
E 482 5 6 20
T 483 22 0 4 0
E 483 0 8 24
E 483 1 -7 -23
E 483 2 -4 -14
E 483 5 5 15
T 484 22 0 3 0
E 484 0 10 30
E 484 1 -7 -21
E 484 5 5 17
T 485 37 0 4 0
E 485 0 7 22
E 485 1 -11 -33
E 485 2 -7 -23
E 485 3 -4 -13
T 486 7 0 4 0
E 486 0 13 41
E 486 1 10 32
E 486 4 4 13
E 486 5 7 22
T 487 36 0 4 0
E 487 0 5 15
E 487 2 -12 -36
E 487 3 -9 -27
E 487 4 -5 -17
T 488 12 0 3 0
E 488 0 14 42
E 488 1 11 33
E 488 5 5 17
T 489 41 0 4 0
E 489 0 6 20
E 489 2 -12 -37
E 489 3 -9 -28
E 489 4 -6 -18
T 490 20 0 4 0
E 490 0 15 46
E 490 1 12 36
E 490 2 -5 -15
E 490 5 4 14
T 491 40 0 5 0
E 491 0 8 25
E 491 1 5 16
E 491 2 -13 -39
E 491 3 -9 -29
E 491 4 -6 -19
T 492 17 0 4 0
E 492 0 12 37
E 492 1 9 27
E 492 2 6 18
E 492 3 -7 -21
T 493 38 0 5 0
E 493 0 7 22
E 493 1 4 13
E 493 3 -12 -38
E 493 4 -9 -29
E 493 5 -6 -19
T 494 17 0 4 0
E 494 0 15 45
E 494 1 11 35
E 494 2 8 26
E 494 3 -6 -19
T 495 52 0 4 0
E 495 0 5 15
E 495 3 -17 -52
E 495 4 -14 -43
E 495 5 -11 -33
T 496 22 0 5 0
E 496 0 15 47
E 496 1 12 38
E 496 2 9 28
E 496 3 -7 -23
E 496 4 -4 -13
T 497 49 0 5 0
E 497 0 9 27
E 497 1 5 17
E 497 3 -15 -47
E 497 4 -12 -37
E 497 5 -9 -27
T 498 1 0 4 0
E 498 0 18 55
E 498 1 15 46
E 498 2 12 36
E 498 3 9 27
T 499 60 0 4 0
E 499 2 -7 -21
E 499 3 -10 -31
E 499 4 -24 -72
E 499 5 -21 -63
T 500 0 0 4 0
E 500 0 21 64
E 500 1 18 54
E 500 2 14 44
E 500 3 11 35
T 501 60 0 4 0
E 501 2 -4 -14
E 501 3 -8 -24
E 501 4 -23 -71
E 501 5 -20 -62
T 502 2 0 5 0
E 502 0 22 67
E 502 1 19 57
E 502 2 16 48
E 502 3 12 38
E 502 4 -4 -13
T 503 60 0 3 0
E 503 3 -6 -19
E 503 4 -24 -74
E 503 5 -21 -64
T 504 3 0 6 0
E 504 0 20 62
E 504 1 17 52
E 504 2 14 43
E 504 3 11 33
E 504 4 8 24
E 504 5 -5 -15
T 505 61 0 5 0
E 505 1 -4 -14
E 505 2 -8 -24
E 505 3 -11 -33
E 505 4 -14 -43
E 505 5 -28 -84
T 506 6 0 6 0
E 506 0 22 66
E 506 1 19 57
E 506 2 15 47
E 506 3 12 37
E 506 4 9 28
E 506 5 -5 -17
T 507 57 0 4 0
E 507 2 -6 -20
E 507 3 -10 -30
E 507 4 -13 -40
E 507 5 -29 -87
T 508 8 0 6 0
E 508 0 18 54
E 508 1 15 45
E 508 2 11 35
E 508 3 8 26
E 508 4 5 16
E 508 5 -11 -35
T 509 48 0 4 0
E 509 0 4 13
E 509 3 -5 -16
E 509 4 -8 -25
E 509 5 -26 -80
T 510 6 0 4 0
E 510 0 14 44
E 510 1 11 34
E 510 2 8 24
E 510 3 5 15
T 511 37 0 3 0
E 511 3 -7 -22
E 511 4 -10 -31
E 511 5 -13 -41
T 512 6 0 4 0
E 512 0 14 44
E 512 1 11 34
E 512 2 8 25
E 512 3 5 15
T 513 37 0 3 0
E 513 3 -7 -21
E 513 4 -10 -31
E 513 5 -13 -41
T 514 6 0 4 0
E 514 0 14 44
E 514 1 11 34
E 514 2 8 25
E 514 3 5 15
T 515 43 0 4 0
E 515 2 -5 -17
E 515 3 -8 -26
E 515 4 -12 -36
E 515 5 -15 -45
T 516 4 0 4 0
E 516 0 16 48
E 516 1 13 39
E 516 2 9 29
E 516 3 6 19
T 517 43 0 4 0
E 517 2 -5 -16
E 517 3 -8 -26
E 517 4 -12 -36
E 517 5 -15 -45
T 518 3 0 4 0
E 518 0 16 49
E 518 1 13 40
E 518 2 10 30
E 518 3 7 21
T 519 38 0 3 0
E 519 3 -7 -21
E 519 4 -10 -30
E 519 5 -13 -40
T 520 15 0 4 0
E 520 0 11 34
E 520 1 8 24
E 520 2 4 14
E 520 5 -4 -14
T 521 29 0 3 0
E 521 0 5 17
E 521 4 -7 -21
E 521 5 -10 -31
T 522 24 0 4 0
E 522 0 8 26
E 522 1 5 16
E 522 4 -4 -13
E 522 5 -7 -22
T 523 23 0 4 0
E 523 0 8 24
E 523 1 5 15
E 523 4 -4 -14
E 523 5 -8 -24
T 524 19 0 3 0
E 524 0 9 28
E 524 1 6 18
E 524 5 -6 -20
T 525 28 0 3 0
E 525 0 6 19
E 525 4 -6 -20
E 525 5 -9 -29
T 526 23 0 4 0
E 526 0 8 25
E 526 1 5 16
E 526 4 -4 -13
E 526 5 -7 -23
T 527 28 0 3 0
E 527 0 6 19
E 527 4 -6 -20
E 527 5 -9 -29
T 528 25 0 4 0
E 528 0 7 23
E 528 1 4 14
E 528 4 -5 -15
E 528 5 -8 -25
T 529 16 0 4 0
E 529 0 10 32
E 529 1 7 22
E 529 2 4 13
E 529 5 -5 -16
T 530 38 0 3 0
E 530 3 -5 -17
E 530 4 -9 -27
E 530 5 -12 -36
T 531 6 0 4 0
E 531 0 14 42
E 531 1 11 33
E 531 2 7 23
E 531 3 4 13
T 532 42 0 4 0
E 532 2 -4 -14
E 532 3 -8 -24
E 532 4 -11 -34
E 532 5 -14 -43
T 533 10 0 3 0
E 533 0 13 39
E 533 1 10 30
E 533 2 6 20
T 534 28 0 3 0
E 534 0 6 18
E 534 4 -6 -20
E 534 5 -10 -30
T 535 19 0 3 0
E 535 0 10 31
E 535 1 7 21
E 535 5 -5 -17
T 536 20 0 3 0
E 536 0 8 26
E 536 1 5 17
E 536 5 -7 -22
T 537 25 0 4 0
E 537 0 7 23
E 537 1 4 13
E 537 4 -5 -16
E 537 5 -8 -25
T 538 28 0 3 0
E 538 0 7 21
E 538 4 -5 -17
E 538 5 -9 -27
T 539 20 0 3 0
E 539 0 9 27
E 539 1 5 17
E 539 5 -7 -21
T 540 24 0 4 0
E 540 0 8 26
E 540 1 5 16
E 540 4 -4 -13
E 540 5 -7 -22
T 541 28 0 3 0
E 541 0 7 21
E 541 4 -5 -17
E 541 5 -9 -27
T 542 15 0 4 0
E 542 0 11 35
E 542 1 8 25
E 542 2 5 16
E 542 5 -4 -13
T 543 28 0 3 0
E 543 0 5 16
E 543 4 -7 -22
E 543 5 -10 -32
T 544 20 0 3 0
E 544 0 8 26
E 544 1 5 16
E 544 5 -7 -22
T 545 28 0 3 0
E 545 0 6 19
E 545 4 -6 -20
E 545 5 -9 -29
T 546 16 0 4 0
E 546 0 10 32
E 546 1 7 23
E 546 2 4 13
E 546 5 -5 -16
T 547 28 0 3 0
E 547 0 6 19
E 547 4 -6 -20
E 547 5 -9 -29
T 548 19 0 3 0
E 548 0 9 27
E 548 1 6 18
E 548 5 -7 -21
T 549 20 0 3 0
E 549 0 9 27
E 549 1 5 17
E 549 5 -7 -21
T 550 29 0 3 0
E 550 0 5 17
E 550 4 -7 -22
E 550 5 -10 -31
T 551 16 0 4 0
E 551 0 10 32
E 551 1 7 23
E 551 2 4 13
E 551 5 -5 -16
T 552 33 0 4 0
E 552 0 4 13
E 552 3 -5 -16
E 552 4 -8 -26
E 552 5 -11 -35
T 553 15 0 4 0
E 553 0 11 33
E 553 1 8 24
E 553 2 4 14
E 553 5 -5 -15
T 554 34 0 4 0
E 554 0 4 14
E 554 3 -5 -15
E 554 4 -8 -24
E 554 5 -11 -34
T 555 20 0 3 0
E 555 0 10 32
E 555 1 7 22
E 555 5 -5 -16
T 556 32 0 4 0
E 556 0 5 16
E 556 3 -4 -13
E 556 4 -7 -22
E 556 5 -10 -32
T 557 16 0 4 0
E 557 0 11 33
E 557 1 7 23
E 557 2 4 14
E 557 5 -5 -15
T 558 32 0 4 0
E 558 0 5 15
E 558 3 -4 -13
E 558 4 -7 -23
E 558 5 -11 -33
T 559 16 0 4 0
E 559 0 10 32
E 559 1 7 22
E 559 2 4 13
E 559 5 -5 -16
T 560 33 0 4 0
E 560 0 5 15
E 560 3 -4 -14
E 560 4 -8 -24
E 560 5 -11 -33
T 561 10 0 3 0
E 561 0 12 37
E 561 1 9 28
E 561 2 6 18
T 562 42 0 4 0
E 562 2 -4 -13
E 562 3 -7 -23
E 562 4 -11 -33
E 562 5 -14 -42
T 563 5 0 4 0
E 563 0 14 43
E 563 1 11 34
E 563 2 8 24
E 563 3 5 15
T 564 38 0 3 0
E 564 3 -7 -21
E 564 4 -10 -30
E 564 5 -13 -40
T 565 7 0 4 0
E 565 0 14 43
E 565 1 11 33
E 565 2 7 23
E 565 3 4 14
T 566 37 0 3 0
E 566 3 -6 -20
E 566 4 -9 -29
E 566 5 -13 -39
T 567 6 0 4 0
E 567 0 14 43
E 567 1 11 33
E 567 2 8 24
E 567 3 4 14
T 568 41 0 4 0
E 568 2 -4 -13
E 568 3 -7 -22
E 568 4 -10 -32
E 568 5 -14 -42
T 569 4 0 4 0
E 569 0 16 49
E 569 1 13 39
E 569 2 10 30
E 569 3 6 20
T 570 42 0 4 0
E 570 2 -4 -14
E 570 3 -7 -23
E 570 4 -11 -33
E 570 5 -14 -42
T 571 6 0 4 0
E 571 0 14 43
E 571 1 11 34
E 571 2 8 24
E 571 3 4 14
T 572 38 0 3 0
E 572 3 -6 -18
E 572 4 -9 -28
E 572 5 -12 -37
T 573 7 0 4 0
E 573 0 13 41
E 573 1 10 32
E 573 2 7 22
E 573 3 4 13
T 574 32 0 4 0
E 574 0 5 15
E 574 3 -4 -14
E 574 4 -7 -23
E 574 5 -11 -33
T 575 11 0 3 0
E 575 0 13 39
E 575 1 9 29
E 575 2 6 19
T 576 32 0 4 0
E 576 0 5 15
E 576 3 -4 -14
E 576 4 -7 -23
E 576 5 -11 -33
T 577 13 0 4 0
E 577 0 10 32
E 577 1 8 25
E 577 2 5 16
E 577 5 -4 -13
T 578 25 0 3 0
E 578 0 5 16
E 578 4 -5 -17
E 578 5 -9 -27
T 579 9 0 4 0
E 579 0 9 27
E 579 1 8 25
E 579 2 5 16
E 579 5 -4 -13
T 580 16 0 4 0
E 580 0 4 14
E 580 1 5 15
E 580 4 -4 -14
E 580 5 -7 -23
T 581 7 0 4 0
E 581 0 6 20
E 581 1 8 24
E 581 2 4 14
E 581 5 -5 -15
T 582 17 0 3 0
E 582 1 4 14
E 582 4 -5 -15
E 582 5 -8 -24
T 583 3 0 4 0
E 583 0 5 16
E 583 1 7 22
E 583 2 5 15
E 583 5 -4 -14
T 584 10 0 2 0
E 584 1 4 14
E 584 5 -6 -19
T 585 12 0 1 0
E 585 5 -6 -18
T 586 3 0 3 0
E 586 1 4 14
E 586 2 5 15
E 586 5 -4 -14
T 587 5 0 1 0
E 587 5 -6 -20
T 588 3 0 2 0
E 588 2 4 14
E 588 5 -5 -15
T 589 4 0 1 0
E 589 5 -5 -15
T 590 4 0 2 0
E 590 2 6 18
E 590 3 4 14
T 591 3 0 1 0
E 591 2 4 13
T 592 1 0 0 0
T 593 6 0 0 0
T 594 8 0 0 0
T 595 6 0 2 0
E 595 0 -5 -15
E 595 5 -4 -13
T 596 7 0 0 0
T 597 12 0 2 0
E 597 3 5 15
E 597 4 4 13
T 598 9 0 2 0
E 598 0 -6 -19
E 598 1 -4 -13
T 599 11 0 1 0
E 599 0 -5 -16
T 600 11 0 1 0
E 600 0 -5 -16
T 601 10 0 1 0
E 601 0 -5 -15
T 602 10 0 1 0
E 602 0 -4 -14
T 603 20 0 3 0
E 603 3 4 13
E 603 4 6 19
E 603 5 5 17
T 604 9 0 2 0
E 604 0 -6 -19
E 604 1 -4 -13
T 605 20 0 2 0
E 605 4 5 15
E 605 5 6 19
T 606 15 1 2 0
E 606 0 -5 -15
E 606 5 5 15
T 607 21 0 2 0
E 607 4 4 13
E 607 5 6 19
T 608 9 0 2 0
E 608 0 -7 -21
E 608 1 -5 -15
T 609 15 0 2 0
E 609 0 -4 -14
E 609 5 5 16
T 610 20 0 2 0
E 610 4 4 14
E 610 5 6 20
T 611 6 0 3 0
E 611 0 -9 -27
E 611 1 -7 -21
E 611 2 -5 -15
T 612 20 0 2 0
E 612 4 5 16
E 612 5 7 22
T 613 9 0 2 0
E 613 0 -7 -21
E 613 1 -5 -15
T 614 21 0 2 0
E 614 4 5 15
E 614 5 7 21
T 615 7 0 3 0
E 615 0 -8 -25
E 615 1 -6 -19
E 615 2 -4 -13
T 616 18 0 1 0
E 616 5 6 18
T 617 12 0 1 0
E 617 0 -6 -18
T 618 14 0 2 0
E 618 0 -4 -13
E 618 5 5 17
T 619 10 0 2 0
E 619 0 -6 -20
E 619 1 -4 -14
T 620 20 0 2 0
E 620 4 5 16
E 620 5 7 22
T 621 10 0 2 0
E 621 0 -6 -20
E 621 1 -4 -14
T 622 16 0 2 0
E 622 0 -5 -17
E 622 5 4 13
T 623 21 0 2 0
E 623 4 4 13
E 623 5 6 19
T 624 9 0 2 0
E 624 0 -6 -19
E 624 1 -4 -13
T 625 19 0 2 0
E 625 4 5 17
E 625 5 7 23
T 626 11 0 2 0
E 626 0 -7 -23
E 626 1 -5 -16
T 627 22 0 2 0
E 627 4 4 13
E 627 5 6 19
T 628 11 0 2 0
E 628 0 -7 -22
E 628 1 -4 -14
T 629 22 0 2 0
E 629 4 5 17
E 629 5 7 23
T 630 14 0 1 0
E 630 0 -7 -21
T 631 23 0 2 0
E 631 4 5 17
E 631 5 7 23
T 632 9 0 3 0
E 632 0 -10 -30
E 632 1 -7 -21
E 632 2 -4 -14
T 633 24 0 2 0
E 633 4 5 17
E 633 5 7 23
T 634 12 0 2 0
E 634 0 -8 -24
E 634 1 -4 -14
T 635 22 0 3 0
E 635 0 -4 -14
E 635 4 5 16
E 635 5 7 22
T 636 19 0 2 0
E 636 0 -6 -20
E 636 5 5 17
T 637 22 0 3 0
E 637 0 -5 -15
E 637 4 5 16
E 637 5 7 22
T 638 13 0 2 0
E 638 0 -9 -27
E 638 1 -5 -17
T 639 24 0 3 0
E 639 0 -6 -20
E 639 4 4 13
E 639 5 6 19
T 640 17 0 3 0
E 640 0 -8 -26
E 640 1 -5 -17
E 640 5 4 13
T 641 30 0 4 0
E 641 0 -4 -13
E 641 3 5 15
E 641 4 7 21
E 641 5 9 27
T 642 17 0 3 0
E 642 0 -8 -25
E 642 1 -5 -16
E 642 5 5 15
T 643 26 0 3 0
E 643 0 -5 -17
E 643 4 6 18
E 643 5 8 24
T 644 17 0 3 0
E 644 0 -8 -25
E 644 1 -5 -15
E 644 5 5 17
T 645 17 0 3 0
E 645 0 -8 -24
E 645 1 -5 -15
E 645 5 6 18
T 646 22 0 4 0
E 646 0 -8 -24
E 646 1 -4 -14
E 646 4 4 13
E 646 5 6 19
T 647 26 0 3 0
E 647 0 -6 -20
E 647 4 5 17
E 647 5 7 23
T 648 22 0 4 0
E 648 0 -8 -25
E 648 1 -5 -15
E 648 4 4 13
E 648 5 6 19
T 649 27 0 3 0
E 649 0 -6 -19
E 649 4 6 20
E 649 5 8 26
T 650 15 0 4 0
E 650 0 -10 -32
E 650 1 -7 -23
E 650 2 -4 -13
E 650 5 4 13
T 651 28 0 3 0
E 651 0 -6 -20
E 651 4 6 19
E 651 5 8 26
T 652 15 0 4 0
E 652 0 -10 -32
E 652 1 -7 -23
E 652 2 -4 -13
E 652 5 4 14
T 653 34 0 4 0
E 653 0 -4 -14
E 653 3 5 15
E 653 4 8 24
E 653 5 11 33
T 654 15 0 4 0
E 654 0 -11 -34
E 654 1 -8 -24
E 654 2 -4 -14
E 654 5 4 14
T 655 38 0 3 0
E 655 3 6 18
E 655 4 9 27
E 655 5 12 37
T 656 6 0 4 0
E 656 0 -14 -44
E 656 1 -11 -34
E 656 2 -8 -25
E 656 3 -5 -15
T 657 33 0 4 0
E 657 0 -4 -13
E 657 3 5 15
E 657 4 8 25
E 657 5 11 35
T 658 10 0 3 0
E 658 0 -12 -37
E 658 1 -9 -27
E 658 2 -6 -18
T 659 29 0 3 0
E 659 0 -6 -18
E 659 4 7 21
E 659 5 10 30
T 660 14 0 4 0
E 660 0 -11 -34
E 660 1 -8 -25
E 660 2 -5 -15
E 660 5 4 14
T 661 29 0 3 0
E 661 0 -6 -20
E 661 4 6 19
E 661 5 9 28
T 662 20 0 3 0
E 662 0 -9 -29
E 662 1 -6 -20
E 662 5 6 19
T 663 23 0 4 0
E 663 0 -8 -25
E 663 1 -5 -15
E 663 4 4 13
E 663 5 7 23
T 664 20 0 3 0
E 664 0 -9 -29
E 664 1 -6 -19
E 664 5 6 19
T 665 29 0 3 0
E 665 0 -6 -20
E 665 4 6 18
E 665 5 9 28
T 666 14 0 4 0
E 666 0 -11 -34
E 666 1 -8 -24
E 666 2 -5 -15
E 666 5 4 14
T 667 33 0 4 0
E 667 0 -4 -13
E 667 3 5 15
E 667 4 8 25
E 667 5 11 35
T 668 19 0 3 0
E 668 0 -10 -31
E 668 1 -7 -21
E 668 5 5 17
T 669 23 0 4 0
E 669 0 -8 -25
E 669 1 -5 -15
E 669 4 4 14
E 669 5 7 23
T 670 25 0 4 0
E 670 0 -7 -23
E 670 1 -4 -14
E 670 4 5 15
E 670 5 8 25
T 671 20 0 3 0
E 671 0 -9 -29
E 671 1 -6 -19
E 671 5 6 19
T 672 23 0 4 0
E 672 0 -8 -24
E 672 1 -5 -15
E 672 4 4 14
E 672 5 8 24
T 673 20 0 3 0
E 673 0 -8 -26
E 673 1 -5 -16
E 673 5 7 22
T 674 32 0 4 0
E 674 0 -5 -16
E 674 3 4 13
E 674 4 7 23
E 674 5 10 32
T 675 14 0 4 0
E 675 0 -11 -34
E 675 1 -8 -25
E 675 2 -5 -15
E 675 5 4 14
T 676 29 0 3 0
E 676 0 -6 -20
E 676 4 6 19
E 676 5 9 28
T 677 19 0 3 0
E 677 0 -9 -27
E 677 1 -6 -18
E 677 5 7 21
T 678 29 0 3 0
E 678 0 -5 -17
E 678 4 7 21
E 678 5 10 31
T 679 20 0 3 0
E 679 0 -10 -32
E 679 1 -7 -22
E 679 5 5 16
T 680 24 0 4 0
E 680 0 -7 -22
E 680 1 -4 -13
E 680 4 5 16
E 680 5 8 26
T 681 20 0 3 0
E 681 0 -9 -29
E 681 1 -6 -19
E 681 5 6 19
T 682 19 0 3 0
E 682 0 -9 -27
E 682 1 -6 -18
E 682 5 7 21
T 683 29 0 3 0
E 683 0 -6 -20
E 683 4 6 18
E 683 5 9 28
T 684 16 0 4 0
E 684 0 -11 -33
E 684 1 -7 -23
E 684 2 -4 -13
E 684 5 5 15
T 685 28 0 3 0
E 685 0 -6 -19
E 685 4 6 19
E 685 5 9 29
T 686 16 0 4 0
E 686 0 -11 -33
E 686 1 -7 -23
E 686 2 -4 -14
E 686 5 5 15
T 687 28 0 3 0
E 687 0 -6 -19
E 687 4 6 19
E 687 5 9 29
T 688 20 0 3 0
E 688 0 -8 -26
E 688 1 -5 -16
E 688 5 7 22
T 689 19 0 3 0
E 689 0 -9 -28
E 689 1 -6 -18
E 689 5 6 20
T 690 32 0 4 0
E 690 0 -5 -15
E 690 3 4 14
E 690 4 7 23
E 690 5 11 33
T 691 14 0 4 0
E 691 0 -11 -34
E 691 1 -8 -24
E 691 2 -5 -15
E 691 5 4 14
T 692 33 0 4 0
E 692 0 -4 -13
E 692 3 5 15
E 692 4 8 25
E 692 5 11 35
T 693 19 0 3 0
E 693 0 -10 -31
E 693 1 -7 -21
E 693 5 5 17
T 694 25 0 4 0
E 694 0 -8 -24
E 694 1 -4 -14
E 694 4 5 15
E 694 5 8 24
T 695 19 0 3 0
E 695 0 -9 -28
E 695 1 -6 -19
E 695 5 6 20
T 696 28 0 3 0
E 696 0 -6 -19
E 696 4 6 20
E 696 5 9 29
T 697 19 0 3 0
E 697 0 -10 -30
E 697 1 -7 -21
E 697 5 6 18
T 698 28 0 3 0
E 698 0 -7 -21
E 698 4 5 17
E 698 5 9 27
T 699 16 0 4 0
E 699 0 -11 -33
E 699 1 -7 -23
E 699 2 -4 -13
E 699 5 5 15
T 700 24 0 4 0
E 700 0 -7 -22
E 700 1 -4 -13
E 700 4 5 16
E 700 5 8 26
T 701 16 0 4 0
E 701 0 -10 -32
E 701 1 -7 -22
E 701 2 -4 -13
E 701 5 5 16
T 702 28 0 3 0
E 702 0 -6 -18
E 702 4 6 20
E 702 5 10 30
T 703 20 0 3 0
E 703 0 -9 -27
E 703 1 -5 -17
E 703 5 7 21
T 704 24 0 4 0
E 704 0 -8 -26
E 704 1 -5 -16
E 704 4 4 13
E 704 5 7 22
T 705 19 0 3 0
E 705 0 -10 -31
E 705 1 -7 -22
E 705 5 5 17
T 706 29 0 3 0
E 706 0 -6 -20
E 706 4 6 19
E 706 5 9 28
T 707 19 0 3 0
E 707 0 -10 -30
E 707 1 -7 -21
E 707 5 6 18
T 708 32 0 4 0
E 708 0 -5 -16
E 708 3 4 13
E 708 4 7 22
E 708 5 10 32
T 709 11 0 3 0
E 709 0 -12 -37
E 709 1 -9 -27
E 709 2 -5 -17
T 710 28 0 3 0
E 710 0 -6 -18
E 710 4 6 20
E 710 5 10 30
T 711 24 0 4 0
E 711 0 -8 -26
E 711 1 -5 -16
E 711 4 4 13
E 711 5 7 22
T 712 19 0 3 0
E 712 0 -9 -28
E 712 1 -6 -19
E 712 5 6 20
T 713 28 0 3 0
E 713 0 -6 -18
E 713 4 6 20
E 713 5 10 30
T 714 15 0 4 0
E 714 0 -11 -35
E 714 1 -8 -25
E 714 2 -5 -15
E 714 5 4 13
T 715 32 0 4 0
E 715 0 -5 -15
E 715 3 4 14
E 715 4 7 23
E 715 5 11 33
T 716 10 0 3 0
E 716 0 -13 -40
E 716 1 -10 -30
E 716 2 -7 -21
T 717 37 0 3 0
E 717 3 6 20
E 717 4 10 30
E 717 5 13 40
T 718 11 0 3 0
E 718 0 -12 -36
E 718 1 -8 -26
E 718 2 -5 -17
T 719 37 0 3 0
E 719 3 6 19
E 719 4 9 29
E 719 5 12 38
T 720 25 0 2 0
E 720 1 -10 -30
E 720 2 -6 -20
T 721 15 0 3 0
E 721 0 7 22
E 721 1 -6 -19
E 721 5 6 19
T 722 30 0 4 0
E 722 0 4 13
E 722 1 -10 -32
E 722 2 -7 -22
E 722 3 -4 -13
T 723 10 0 3 0
E 723 0 12 36
E 723 4 5 17
E 723 5 9 27
T 724 44 0 4 0
E 724 1 -14 -42
E 724 2 -10 -32
E 724 3 -7 -23
E 724 4 -4 -13
T 725 15 0 3 0
E 725 0 15 47
E 725 4 7 21
E 725 5 10 31
T 726 37 0 3 0
E 726 2 -12 -36
E 726 3 -8 -26
E 726 4 -5 -16
T 727 11 0 3 0
E 727 0 13 40
E 727 1 10 30
E 727 5 6 18
T 728 39 0 4 0
E 728 0 5 17
E 728 2 -12 -37
E 728 3 -9 -27
E 728 4 -6 -18
T 729 14 0 3 0
E 729 0 15 46
E 729 1 12 36
E 729 5 5 17
T 730 44 0 4 0
E 730 0 6 20
E 730 2 -13 -41
E 730 3 -10 -31
E 730 4 -7 -22
T 731 20 0 4 0
E 731 0 16 50
E 731 1 13 41
E 731 2 -4 -14
E 731 5 5 15
T 732 41 0 4 0
E 732 0 6 19
E 732 3 -13 -39
E 732 4 -9 -29
E 732 5 -6 -19
T 733 10 0 3 0
E 733 0 16 48
E 733 1 13 39
E 733 2 9 29
T 734 54 0 3 0
E 734 3 -17 -52
E 734 4 -14 -42
E 734 5 -11 -33
T 735 7 0 4 0
E 735 0 20 61
E 735 1 17 51
E 735 2 13 41
E 735 5 4 13
T 736 60 0 3 0
E 736 3 -20 -61
E 736 4 -17 -51
E 736 5 -14 -42
T 737 7 0 4 0
E 737 0 22 68
E 737 1 19 58
E 737 2 16 49
E 737 5 4 14
T 738 55 0 4 0
E 738 2 -5 -16
E 738 3 -8 -25
E 738 4 -21 -64
E 738 5 -18 -54
T 739 8 0 5 0
E 739 0 18 54
E 739 1 14 44
E 739 2 11 35
E 739 3 8 25
E 739 4 -5 -16
T 740 60 0 4 0
E 740 2 -5 -16
E 740 3 -8 -25
E 740 4 -23 -70
E 740 5 -20 -60
T 741 5 0 5 0
E 741 0 20 61
E 741 1 17 52
E 741 2 14 42
E 741 3 10 32
E 741 4 -5 -15
T 742 63 0 4 0
E 742 2 -4 -14
E 742 3 -8 -24
E 742 4 -25 -75
E 742 5 -21 -65
T 743 0 0 5 0
E 743 0 23 70
E 743 1 20 61
E 743 2 17 51
E 743 3 14 42
E 743 4 -4 -13
T 744 59 0 5 0
E 744 1 -4 -14
E 744 2 -7 -23
E 744 3 -11 -33
E 744 4 -14 -42
E 744 5 -27 -81
T 745 6 0 6 0
E 745 0 22 67
E 745 1 19 57
E 745 2 15 47
E 745 3 12 38
E 745 4 9 28
E 745 5 -4 -13
T 746 61 0 5 0
E 746 1 -5 -15
E 746 2 -8 -25
E 746 3 -11 -35
E 746 4 -14 -44
E 746 5 -29 -89
T 747 1 0 6 0
E 747 0 21 63
E 747 1 17 53
E 747 2 14 44
E 747 3 11 34
E 747 4 8 24
E 747 5 -7 -23
T 748 54 0 4 0
E 748 2 -4 -13
E 748 3 -7 -22
E 748 4 -10 -32
E 748 5 -27 -83
T 749 6 0 6 0
E 749 0 19 58
E 749 1 16 48
E 749 2 13 39
E 749 3 9 29
E 749 4 6 20
E 749 5 -11 -35
T 750 41 0 4 0
E 750 2 -4 -13
E 750 3 -7 -22
E 750 4 -10 -32
E 750 5 -13 -41
T 751 10 0 3 0
E 751 0 12 36
E 751 1 9 27
E 751 2 5 17
T 752 34 0 4 0
E 752 0 4 14
E 752 3 -5 -15
E 752 4 -8 -25
E 752 5 -11 -34
T 753 20 0 3 0
E 753 0 9 29
E 753 1 6 20
E 753 5 -6 -19
T 754 32 0 4 0
E 754 0 5 16
E 754 3 -4 -13
E 754 4 -7 -22
E 754 5 -10 -32
T 755 19 0 3 0
E 755 0 10 31
E 755 1 7 21
E 755 5 -5 -17
T 756 20 0 3 0
E 756 0 8 26
E 756 1 5 17
E 756 5 -7 -22
T 757 29 0 3 0
E 757 0 6 18
E 757 4 -7 -21
E 757 5 -10 -30
T 758 10 0 3 0
E 758 0 12 36
E 758 1 9 27
E 758 2 5 17
T 759 28 0 3 0
E 759 0 6 18
E 759 4 -6 -20
E 759 5 -10 -30
T 760 11 0 3 0
E 760 0 12 36
E 760 1 8 26
E 760 2 5 16
T 761 28 0 3 0
E 761 0 6 18
E 761 4 -6 -20
E 761 5 -10 -30
T 762 15 0 4 0
E 762 0 11 35
E 762 1 8 25
E 762 2 5 16
E 762 5 -4 -13
T 763 28 0 3 0
E 763 0 5 16
E 763 4 -7 -22
E 763 5 -10 -32
T 764 11 0 3 0
E 764 0 12 36
E 764 1 8 26
E 764 2 5 17
T 765 28 0 3 0
E 765 0 6 19
E 765 4 -6 -20
E 765 5 -9 -29
T 766 15 0 4 0
E 766 0 11 33
E 766 1 8 24
E 766 2 4 14
E 766 5 -5 -15
T 767 33 0 4 0
E 767 0 5 15
E 767 3 -4 -14
E 767 4 -8 -24
E 767 5 -11 -33
T 768 20 0 3 0
E 768 0 9 29
E 768 1 6 20
E 768 5 -6 -19
T 769 28 0 3 0
E 769 0 7 21
E 769 4 -5 -17
E 769 5 -9 -27
T 770 20 0 3 0
E 770 0 10 32
E 770 1 7 22
E 770 5 -5 -16
T 771 28 0 3 0
E 771 0 6 18
E 771 4 -6 -20
E 771 5 -10 -30
T 772 23 0 4 0
E 772 0 8 25
E 772 1 5 15
E 772 4 -4 -14
E 772 5 -7 -23
T 773 19 0 3 0
E 773 0 9 27
E 773 1 6 18
E 773 5 -7 -21
T 774 20 0 3 0
E 774 0 9 27
E 774 1 5 17
E 774 5 -7 -21
T 775 23 0 4 0
E 775 0 8 25
E 775 1 5 15
E 775 4 -4 -14
E 775 5 -7 -23
T 776 28 0 3 0
E 776 0 6 19
E 776 4 -6 -19
E 776 5 -9 -29
T 777 16 0 4 0
E 777 0 11 33
E 777 1 7 23
E 777 2 4 14
E 777 5 -5 -15
T 778 33 0 4 0
E 778 0 4 13
E 778 3 -5 -15
E 778 4 -8 -25
E 778 5 -11 -35
T 779 11 0 3 0
E 779 0 12 38
E 779 1 9 28
E 779 2 6 19
T 780 38 0 3 0
E 780 3 -5 -17
E 780 4 -9 -27
E 780 5 -12 -36
T 781 15 0 4 0
E 781 0 11 35
E 781 1 8 26
E 781 2 5 16
E 781 5 -4 -13
T 782 29 0 3 0
E 782 0 5 17
E 782 4 -7 -22
E 782 5 -10 -31
T 783 23 0 4 0
E 783 0 8 24
E 783 1 5 15
E 783 4 -4 -14
E 783 5 -8 -24
T 784 20 0 3 0
E 784 0 10 30
E 784 1 6 20
E 784 5 -6 -18
T 785 25 0 4 0
E 785 0 8 24
E 785 1 4 14
E 785 4 -5 -15
E 785 5 -8 -24
T 786 28 0 3 0
E 786 0 7 21
E 786 4 -5 -17
E 786 5 -9 -27
T 787 20 0 3 0
E 787 0 10 30
E 787 1 6 20
E 787 5 -6 -18
T 788 23 0 4 0
E 788 0 8 24
E 788 1 5 15
E 788 4 -4 -14
E 788 5 -8 -24
T 789 20 0 3 0
E 789 0 8 26
E 789 1 5 16
E 789 5 -7 -22
T 790 32 0 4 0
E 790 0 5 16
E 790 3 -4 -13
E 790 4 -7 -23
E 790 5 -10 -32
T 791 15 0 4 0
E 791 0 11 33
E 791 1 8 24
E 791 2 4 14
E 791 5 -5 -15
T 792 32 0 4 0
E 792 0 5 16
E 792 3 -4 -13
E 792 4 -7 -23
E 792 5 -10 -32
T 793 15 0 4 0
E 793 0 11 33
E 793 1 8 24
E 793 2 4 14
E 793 5 -5 -15
T 794 33 0 4 0
E 794 0 4 13
E 794 3 -5 -16
E 794 4 -8 -25
E 794 5 -11 -35
T 795 20 0 3 0
E 795 0 10 32
E 795 1 7 22
E 795 5 -5 -16
T 796 19 0 3 0
E 796 0 9 27
E 796 1 6 18
E 796 5 -7 -21
T 797 29 0 3 0
E 797 0 5 17
E 797 4 -7 -22
E 797 5 -10 -31
T 798 15 0 4 0
E 798 0 11 35
E 798 1 8 26
E 798 2 5 16
E 798 5 -4 -13
T 799 28 0 3 0
E 799 0 6 18
E 799 4 -6 -20
E 799 5 -10 -30
T 800 20 0 3 0
E 800 0 9 29
E 800 1 6 19
E 800 5 -6 -19
T 801 20 0 3 0
E 801 0 8 26
E 801 1 5 17
E 801 5 -7 -22
T 802 29 0 3 0
E 802 0 6 18
E 802 4 -7 -21
E 802 5 -10 -30
T 803 15 0 4 0
E 803 0 11 33
E 803 1 8 24
E 803 2 4 14
E 803 5 -5 -15
T 804 37 0 3 0
E 804 3 -5 -17
E 804 4 -8 -26
E 804 5 -12 -36
T 805 11 0 3 0
E 805 0 13 40
E 805 1 10 30
E 805 2 6 20
T 806 29 0 3 0
E 806 0 5 17
E 806 4 -7 -21
E 806 5 -10 -31
T 807 20 0 3 0
E 807 0 9 27
E 807 1 5 17
E 807 5 -7 -21
T 808 28 0 3 0
E 808 0 6 19
E 808 4 -6 -19
E 808 5 -9 -29
T 809 20 0 3 0
E 809 0 10 30
E 809 1 6 20
E 809 5 -6 -18
T 810 29 0 3 0
E 810 0 7 21
E 810 4 -6 -18
E 810 5 -9 -27
T 811 23 0 4 0
E 811 0 8 24
E 811 1 5 15
E 811 4 -4 -14
E 811 5 -8 -24
T 812 29 0 3 0
E 812 0 6 20
E 812 4 -6 -19
E 812 5 -9 -28
T 813 15 0 4 0
E 813 0 11 33
E 813 1 8 24
E 813 2 4 14
E 813 5 -5 -15
T 814 28 0 3 0
E 814 0 6 19
E 814 4 -6 -19
E 814 5 -9 -29
T 815 15 0 4 0
E 815 0 11 35
E 815 1 8 25
E 815 2 5 15
E 815 5 -4 -13
T 816 24 0 4 0
E 816 0 7 22
E 816 1 4 13
E 816 4 -5 -16
E 816 5 -8 -26
T 817 27 0 3 0
E 817 0 5 17
E 817 4 -6 -19
E 817 5 -9 -28
T 818 7 0 3 0
E 818 0 10 31
E 818 1 9 27
E 818 2 5 17
T 819 29 0 3 0
E 819 3 -5 -17
E 819 4 -8 -26
E 819 5 -12 -36
T 820 2 0 4 0
E 820 0 11 33
E 820 1 11 34
E 820 2 8 24
E 820 3 5 15
T 821 29 0 4 0
E 821 2 -5 -15
E 821 3 -8 -25
E 821 4 -11 -34
E 821 5 -14 -44
T 822 0 0 3 0
E 822 0 7 22
E 822 1 9 28
E 822 2 6 19
T 823 16 0 2 0
E 823 4 -6 -20
E 823 5 -10 -30
T 824 3 0 4 0
E 824 0 4 14
E 824 1 6 20
E 824 2 5 16
E 824 5 -4 -13
T 825 9 0 2 0
E 825 1 4 14
E 825 5 -5 -16
T 826 3 0 3 0
E 826 1 5 15
E 826 2 5 16
E 826 5 -4 -13
T 827 5 0 1 0
E 827 5 -7 -21
T 828 4 0 1 0
E 828 5 -6 -19
T 829 2 0 1 0
E 829 2 4 14
T 830 2 0 1 0
E 830 2 4 14
T 831 3 0 0 0
T 832 3 0 0 0
T 833 4 0 0 0
T 834 10 0 0 0
T 835 8 0 0 0
T 836 8 0 1 0
E 836 3 4 14
T 837 9 0 1 0
E 837 3 4 13
T 838 8 0 0 0
T 839 14 0 2 0
E 839 3 4 14
E 839 4 6 18
T 840 9 0 2 0
E 840 0 -7 -21
E 840 1 -5 -15
T 841 12 0 0 0
T 842 9 0 1 0
E 842 0 -4 -13
T 843 12 0 0 0
T 844 10 0 1 0
E 844 0 -4 -14
T 845 11 0 1 0
E 845 0 -5 -16
T 846 21 0 2 0
E 846 4 5 15
E 846 5 7 21
T 847 16 0 2 0
E 847 0 -5 -17
E 847 5 4 13
T 848 18 0 1 0
E 848 5 6 18
T 849 15 0 2 0
E 849 0 -4 -14
E 849 5 5 16
T 850 12 0 1 0
E 850 0 -6 -18
T 851 16 0 2 0
E 851 0 -5 -17
E 851 5 4 13
T 852 16 0 2 0
E 852 0 -5 -17
E 852 5 4 13
T 853 14 0 2 0
E 853 0 -4 -13
E 853 5 5 17
T 854 18 0 1 0
E 854 5 6 18
T 855 11 0 2 0
E 855 0 -7 -23
E 855 1 -5 -17
T 856 21 0 2 0
E 856 4 4 13
E 856 5 6 19
T 857 12 0 1 0
E 857 0 -6 -18
T 858 21 0 2 0
E 858 4 5 15
E 858 5 7 21
T 859 12 0 1 0
E 859 0 -6 -18
T 860 16 0 2 0
E 860 0 -5 -17
E 860 5 4 13
T 861 10 0 2 0
E 861 0 -6 -20
E 861 1 -4 -14
T 862 21 0 2 0
E 862 4 5 15
E 862 5 7 21
T 863 7 0 3 0
E 863 0 -8 -25
E 863 1 -6 -19
E 863 2 -4 -13
T 864 23 0 3 0
E 864 3 5 16
E 864 4 7 22
E 864 5 9 28
T 865 8 0 3 0
E 865 0 -8 -26
E 865 1 -6 -20
E 865 2 -4 -14
T 866 21 0 2 0
E 866 4 5 16
E 866 5 7 22
T 867 8 0 3 0
E 867 0 -8 -26
E 867 1 -6 -19
E 867 2 -4 -13
T 868 22 0 2 0
E 868 4 5 16
E 868 5 7 22
T 869 17 0 2 0
E 869 0 -6 -18
E 869 5 5 15
T 870 20 0 3 0
E 870 0 -4 -14
E 870 4 4 13
E 870 5 6 19
T 871 13 0 2 0
E 871 0 -9 -27
E 871 1 -5 -17
T 872 20 0 3 0
E 872 0 -5 -15
E 872 4 4 13
E 872 5 6 19
T 873 12 0 2 0
E 873 0 -8 -24
E 873 1 -4 -14
T 874 29 0 3 0
E 874 3 4 13
E 874 4 6 19
E 874 5 8 25
T 875 11 0 3 0
E 875 0 -11 -35
E 875 1 -8 -26
E 875 2 -5 -17
T 876 22 0 3 0
E 876 0 -6 -18
E 876 4 4 13
E 876 5 6 19
T 877 12 0 2 0
E 877 0 -9 -27
E 877 1 -6 -18
T 878 20 1 2 0
E 878 0 -6 -20
E 878 5 6 18
T 879 17 0 3 0
E 879 0 -7 -23
E 879 1 -4 -13
E 879 5 5 16
T 880 27 0 4 0
E 880 0 -4 -13
E 880 3 4 14
E 880 4 6 20
E 880 5 8 26
T 881 11 0 3 0
E 881 0 -10 -32
E 881 1 -7 -22
E 881 2 -4 -13
T 882 24 0 3 0
E 882 0 -5 -17
E 882 4 5 17
E 882 5 7 23
T 883 17 0 3 0
E 883 0 -9 -28
E 883 1 -6 -18
E 883 5 4 13
T 884 30 0 4 0
E 884 0 -5 -15
E 884 3 4 14
E 884 4 7 21
E 884 5 9 27
T 885 10 0 3 0
E 885 0 -11 -34
E 885 1 -8 -25
E 885 2 -5 -15
T 886 35 0 3 0
E 886 3 6 20
E 886 4 9 28
E 886 5 11 34
T 887 10 0 3 0
E 887 0 -13 -39
E 887 1 -10 -30
E 887 2 -6 -20
T 888 32 0 4 0
E 888 0 -4 -13
E 888 3 5 16
E 888 4 8 25
E 888 5 10 31
T 889 11 0 3 0
E 889 0 -11 -35
E 889 1 -8 -25
E 889 2 -5 -15
T 890 36 0 3 0
E 890 3 6 20
E 890 4 9 29
E 890 5 12 36
T 891 11 0 3 0
E 891 0 -12 -36
E 891 1 -8 -26
E 891 2 -5 -17
T 892 40 0 4 0
E 892 2 4 13
E 892 3 7 22
E 892 4 10 32
E 892 5 13 40
T 893 5 0 4 0
E 893 0 -15 -47
E 893 1 -12 -37
E 893 2 -9 -28
E 893 3 -6 -18
T 894 38 0 3 0
E 894 3 6 18
E 894 4 9 28
E 894 5 12 37
T 895 10 0 3 0
E 895 0 -13 -39
E 895 1 -10 -30
E 895 2 -6 -20
T 896 32 0 4 0
E 896 0 -5 -16
E 896 3 4 13
E 896 4 7 23
E 896 5 10 32
T 897 10 0 3 0
E 897 0 -13 -39
E 897 1 -10 -30
E 897 2 -6 -20
T 898 29 0 3 0
E 898 0 -5 -17
E 898 4 7 21
E 898 5 10 31
T 899 19 0 3 0
E 899 0 -9 -28
E 899 1 -6 -18
E 899 5 6 20
T 900 20 0 3 0
E 900 0 -8 -26
E 900 1 -5 -17
E 900 5 7 22
T 901 20 0 3 0
E 901 0 -9 -27
E 901 1 -5 -17
E 901 5 7 21
T 902 25 0 4 0
E 902 0 -7 -23
E 902 1 -4 -14
E 902 4 5 15
E 902 5 8 25
T 903 16 0 4 0
E 903 0 -10 -32
E 903 1 -7 -22
E 903 2 -4 -13
E 903 5 5 16
T 904 25 0 4 0
E 904 0 -8 -24
E 904 1 -4 -14
E 904 4 5 15
E 904 5 8 24
T 905 20 0 3 0
E 905 0 -8 -26
E 905 1 -5 -17
E 905 5 7 22
T 906 25 0 4 0
E 906 0 -8 -24
E 906 1 -4 -14
E 906 4 5 15
E 906 5 8 24
T 907 24 0 4 0
E 907 0 -7 -22
E 907 1 -4 -13
E 907 4 5 16
E 907 5 8 26
T 908 24 1 4 0
E 908 0 -8 -24
E 908 1 -4 -14
E 908 4 4 14
E 908 5 8 24
T 909 20 0 3 0
E 909 0 -9 -27
E 909 1 -5 -17
E 909 5 7 21
T 910 23 0 4 0
E 910 0 -8 -24
E 910 1 -5 -15
E 910 4 4 14
E 910 5 8 24
T 911 29 0 3 0
E 911 0 -7 -21
E 911 4 6 18
E 911 5 9 27
T 912 14 0 4 0
E 912 0 -11 -34
E 912 1 -8 -25
E 912 2 -5 -15
E 912 5 4 14
T 913 28 0 3 0
E 913 0 -7 -22
E 913 4 5 16
E 913 5 8 26
T 914 15 0 4 0
E 914 0 -11 -34
E 914 1 -8 -24
E 914 2 -4 -14
E 914 5 4 14
T 915 33 0 4 0
E 915 0 -4 -13
E 915 3 5 16
E 915 4 8 25
E 915 5 11 35
T 916 11 0 3 0
E 916 0 -12 -36
E 916 1 -8 -26
E 916 2 -5 -17
T 917 29 0 3 0
E 917 0 -5 -17
E 917 4 7 21
E 917 5 10 31
T 918 11 0 3 0
E 918 0 -12 -36
E 918 1 -8 -26
E 918 2 -5 -17
T 919 29 0 3 0
E 919 0 -5 -17
E 919 4 7 22
E 919 5 10 31
T 920 19 0 3 0
E 920 0 -9 -28
E 920 1 -6 -19
E 920 5 6 20
T 921 28 0 3 0
E 921 0 -7 -22
E 921 4 5 17
E 921 5 8 26
T 922 25 0 4 0
E 922 0 -7 -23
E 922 1 -4 -14
E 922 4 5 15
E 922 5 8 25
T 923 16 0 4 0
E 923 0 -10 -32
E 923 1 -7 -22
E 923 2 -4 -13
E 923 5 5 16
T 924 33 0 4 0
E 924 0 -5 -15
E 924 3 4 14
E 924 4 8 24
E 924 5 11 33
T 925 10 0 3 0
E 925 0 -12 -36
E 925 1 -9 -27
E 925 2 -5 -17
T 926 37 0 3 0
E 926 3 6 19
E 926 4 9 29
E 926 5 12 38
T 927 6 0 4 0
E 927 0 -14 -44
E 927 1 -11 -35
E 927 2 -8 -25
E 927 3 -5 -16
T 928 37 0 3 0
E 928 3 7 22
E 928 4 10 31
E 928 5 13 41
T 929 7 0 4 0
E 929 0 -14 -42
E 929 1 -10 -32
E 929 2 -7 -22
E 929 3 -4 -13
T 930 42 0 4 0
E 930 2 5 16
E 930 3 8 26
E 930 4 11 35
E 930 5 15 45
T 931 11 0 3 0
E 931 0 -12 -38
E 931 1 -9 -28
E 931 2 -6 -19
T 932 37 0 3 0
E 932 3 6 18
E 932 4 9 28
E 932 5 12 38
T 933 10 0 3 0
E 933 0 -13 -40
E 933 1 -10 -30
E 933 2 -7 -21
T 934 29 0 3 0
E 934 0 -5 -17
E 934 4 7 22
E 934 5 10 31
T 935 10 0 3 0
E 935 0 -12 -36
E 935 1 -9 -27
E 935 2 -5 -17
T 936 38 0 3 0
E 936 3 6 20
E 936 4 10 30
E 936 5 13 39
T 937 7 0 4 0
E 937 0 -13 -41
E 937 1 -10 -32
E 937 2 -7 -22
E 937 3 -4 -13
T 938 42 0 4 0
E 938 2 4 14
E 938 3 8 24
E 938 4 11 33
E 938 5 14 43
T 939 7 0 4 0
E 939 0 -14 -43
E 939 1 -11 -33
E 939 2 -7 -23
E 939 3 -4 -14
T 940 37 0 3 0
E 940 3 5 17
E 940 4 8 26
E 940 5 12 36
T 941 10 0 3 0
E 941 0 -13 -40
E 941 1 -10 -30
E 941 2 -7 -21
T 942 41 0 4 0
E 942 2 4 13
E 942 3 7 22
E 942 4 10 32
E 942 5 14 42
T 943 10 0 3 0
E 943 0 -12 -37
E 943 1 -9 -27
E 943 2 -6 -18
T 944 42 0 4 0
E 944 2 4 14
E 944 3 7 23
E 944 4 11 33
E 944 5 14 42
T 945 4 0 4 0
E 945 0 -16 -49
E 945 1 -13 -40
E 945 2 -10 -30
E 945 3 -6 -20
T 946 42 0 4 0
E 946 2 4 13
E 946 3 7 23
E 946 4 11 33
E 946 5 14 42
T 947 10 0 3 0
E 947 0 -13 -39
E 947 1 -10 -30
E 947 2 -6 -20
T 948 34 0 4 0
E 948 0 -4 -14
E 948 3 5 15
E 948 4 8 24
E 948 5 11 34
T 949 11 0 3 0
E 949 0 -13 -40
E 949 1 -10 -30
E 949 2 -6 -20
T 950 37 0 3 0
E 950 3 6 19
E 950 4 9 28
E 950 5 12 38
T 951 11 0 3 0
E 951 0 -12 -36
E 951 1 -8 -26
E 951 2 -5 -17
T 952 37 0 3 0
E 952 3 5 17
E 952 4 9 27
E 952 5 12 37
T 953 6 0 4 0
E 953 0 -14 -44
E 953 1 -11 -34
E 953 2 -8 -25
E 953 3 -5 -15
T 954 44 0 4 0
E 954 2 6 18
E 954 3 9 27
E 954 4 12 37
E 954 5 15 46
T 955 4 0 4 0
E 955 0 -16 -50
E 955 1 -13 -41
E 955 2 -10 -31
E 955 3 -7 -21
T 956 38 0 3 0
E 956 3 6 20
E 956 4 10 30
E 956 5 13 39
T 957 15 0 4 0
E 957 0 -11 -35
E 957 1 -8 -26
E 957 2 -5 -16
E 957 5 4 13
T 958 28 0 3 0
E 958 0 -7 -21
E 958 4 5 17
E 958 5 9 27
T 959 15 0 4 0
E 959 0 -11 -34
E 959 1 -8 -24
E 959 2 -4 -14
E 959 5 4 14
T 960 1 0 4 0
E 960 0 10 32
E 960 3 4 13
E 960 4 7 22
E 960 5 10 32
T 961 31 0 3 0
E 961 1 -13 -40
E 961 2 -10 -31
E 961 3 -7 -21
T 962 8 0 3 0
E 962 0 11 34
E 962 4 6 18
E 962 5 9 28
T 963 41 0 4 0
E 963 1 -14 -42
E 963 2 -11 -33
E 963 3 -7 -23
E 963 4 -4 -14
T 964 13 0 3 0
E 964 0 13 41
E 964 4 6 19
E 964 5 9 28
T 965 38 0 4 0
E 965 0 6 18
E 965 1 -12 -37
E 965 2 -9 -27
E 965 3 -5 -17
T 966 5 0 4 0
E 966 0 15 45
E 966 1 12 36
E 966 4 5 17
E 966 5 8 26
T 967 41 0 3 0
E 967 2 -13 -40
E 967 3 -10 -31
E 967 4 -7 -21
T 968 12 0 3 0
E 968 0 14 43
E 968 1 11 34
E 968 5 6 18
T 969 45 0 5 0
E 969 0 5 16
E 969 2 -13 -41
E 969 3 -10 -32
E 969 4 -7 -22
E 969 5 -4 -13
T 970 15 0 3 0
E 970 0 16 49
E 970 1 13 39
E 970 5 5 17
T 971 54 0 5 0
E 971 0 5 15
E 971 2 -16 -49
E 971 3 -13 -39
E 971 4 -9 -29
E 971 5 -6 -20
T 972 6 0 4 0
E 972 0 17 53
E 972 1 14 43
E 972 2 11 34
E 972 5 5 15
T 973 54 0 4 0
E 973 2 -5 -15
E 973 3 -18 -56
E 973 4 -15 -47
E 973 5 -12 -37
T 974 7 0 4 0
E 974 0 19 59
E 974 1 16 49
E 974 2 13 40
E 974 5 4 14
T 975 57 0 3 0
E 975 3 -19 -57
E 975 4 -16 -48
E 975 5 -12 -38
T 976 10 0 3 0
E 976 0 20 60
E 976 1 17 51
E 976 2 13 41
T 977 58 0 4 0
E 977 0 5 15
E 977 3 -19 -59
E 977 4 -16 -49
E 977 5 -13 -39
T 978 7 0 5 0
E 978 0 17 53
E 978 1 14 44
E 978 2 11 34
E 978 3 8 25
E 978 4 -4 -14
T 979 53 0 3 0
E 979 3 -6 -19
E 979 4 -20 -60
E 979 5 -17 -51
T 980 9 0 5 0
E 980 0 18 54
E 980 1 14 44
E 980 2 11 34
E 980 3 8 25
E 980 4 -6 -20
T 981 52 0 4 0
E 981 0 5 16
E 981 3 -4 -13
E 981 4 -20 -60
E 981 5 -17 -51
T 982 19 0 6 0
E 982 0 17 51
E 982 1 13 41
E 982 2 10 32
E 982 3 7 22
E 982 4 -9 -29
E 982 5 -6 -19
T 983 47 0 4 0
E 983 0 8 26
E 983 1 5 17
E 983 4 -19 -57
E 983 5 -15 -47
T 984 15 0 5 0
E 984 0 15 46
E 984 1 12 36
E 984 2 9 27
E 984 3 5 17
E 984 5 -10 -31
T 985 40 0 3 0
E 985 0 6 20
E 985 4 -6 -19
E 985 5 -20 -60
T 986 24 0 4 0
E 986 0 13 39
E 986 1 10 30
E 986 2 6 20
E 986 5 -14 -44
T 987 33 0 3 0
E 987 0 9 29
E 987 1 6 19
E 987 5 -19 -57
T 988 26 0 4 0
E 988 0 13 39
E 988 1 10 30
E 988 2 6 20
E 988 5 -16 -50
T 989 34 0 3 0
E 989 0 9 28
E 989 1 6 18
E 989 5 -21 -65
T 990 19 0 3 0
E 990 0 10 31
E 990 1 7 21
E 990 5 -5 -17
T 991 34 0 4 0
E 991 0 4 14
E 991 3 -5 -15
E 991 4 -8 -24
E 991 5 -11 -34
T 992 19 0 3 0
E 992 0 10 31
E 992 1 7 21
E 992 5 -5 -17
T 993 23 0 4 0
E 993 0 8 24
E 993 1 5 15
E 993 4 -4 -14
E 993 5 -8 -24
T 994 23 0 4 0
E 994 0 8 25
E 994 1 5 15
E 994 4 -4 -13
E 994 5 -7 -23
T 995 25 0 4 0
E 995 0 8 24
E 995 1 4 14
E 995 4 -5 -15
E 995 5 -8 -24
T 996 20 0 3 0
E 996 0 8 26
E 996 1 5 17
E 996 5 -7 -22
T 997 24 0 4 0
E 997 0 8 26
E 997 1 5 16
E 997 4 -4 -13
E 997 5 -7 -22
T 998 19 0 3 0
E 998 0 10 30
E 998 1 7 21
E 998 5 -6 -18
T 999 23 0 4 0
E 999 0 8 25
E 999 1 5 15
E 999 4 -4 -13
E 999 5 -7 -23
T 1000 23 0 4 0
E 1000 0 8 25
E 1000 1 5 15
E 1000 4 -4 -14
E 1000 5 -7 -23
T 1001 28 0 3 0
E 1001 0 7 21
E 1001 4 -5 -17
E 1001 5 -9 -27
T 1002 20 0 3 0
E 1002 0 10 30
E 1002 1 6 20
E 1002 5 -6 -18
T 1003 28 0 3 0
E 1003 0 6 19
E 1003 4 -6 -19
E 1003 5 -9 -29
T 1004 14 0 4 0
E 1004 0 11 34
E 1004 1 8 24
E 1004 2 5 15
E 1004 5 -4 -14
T 1005 37 0 3 0
E 1005 3 -6 -19
E 1005 4 -9 -29
E 1005 5 -12 -38
T 1006 10 0 3 0
E 1006 0 12 37
E 1006 1 9 28
E 1006 2 6 18
T 1007 33 0 4 0
E 1007 0 4 13
E 1007 3 -5 -16
E 1007 4 -8 -26
E 1007 5 -11 -35
T 1008 16 0 4 0
E 1008 0 10 32
E 1008 1 7 23
E 1008 2 4 13
E 1008 5 -5 -16
T 1009 28 0 3 0
E 1009 0 6 19
E 1009 4 -6 -19
E 1009 5 -9 -29
T 1010 15 0 4 0
E 1010 0 11 35
E 1010 1 8 25
E 1010 2 5 15
E 1010 5 -4 -13
T 1011 37 0 3 0
E 1011 3 -5 -17
E 1011 4 -8 -26
E 1011 5 -12 -36
T 1012 6 0 4 0
E 1012 0 14 44
E 1012 1 11 34
E 1012 2 8 25
E 1012 3 5 15
T 1013 37 0 3 0
E 1013 3 -5 -16
E 1013 4 -8 -26
E 1013 5 -12 -36
T 1014 6 0 4 0
E 1014 0 14 44
E 1014 1 11 34
E 1014 2 8 25
E 1014 3 5 15
T 1015 33 0 4 0
E 1015 0 4 13
E 1015 3 -5 -16
E 1015 4 -8 -26
E 1015 5 -11 -35
T 1016 15 0 4 0
E 1016 0 11 33
E 1016 1 8 24
E 1016 2 4 14
E 1016 5 -5 -15
T 1017 38 0 3 0
E 1017 3 -6 -18
E 1017 4 -9 -28
E 1017 5 -12 -37
T 1018 10 0 3 0
E 1018 0 12 36
E 1018 1 9 27
E 1018 2 5 17
T 1019 32 0 4 0
E 1019 0 5 15
E 1019 3 -4 -14
E 1019 4 -7 -23
E 1019 5 -11 -33
T 1020 16 0 4 0
E 1020 0 11 33
E 1020 1 7 23
E 1020 2 4 13
E 1020 5 -5 -15
T 1021 33 0 4 0
E 1021 0 4 13
E 1021 3 -5 -16
E 1021 4 -8 -25
E 1021 5 -11 -35
T 1022 14 0 4 0
E 1022 0 11 34
E 1022 1 8 24
E 1022 2 5 15
E 1022 5 -4 -14
T 1023 28 0 3 0
E 1023 0 6 18
E 1023 4 -6 -20
E 1023 5 -10 -30
T 1024 20 0 3 0
E 1024 0 9 29
E 1024 1 6 19
E 1024 5 -6 -19
T 1025 28 0 3 0
E 1025 0 6 19
E 1025 4 -6 -20
E 1025 5 -9 -29
T 1026 20 0 3 0
E 1026 0 9 29
E 1026 1 6 20
E 1026 5 -6 -19
T 1027 24 0 4 0
E 1027 0 8 26
E 1027 1 5 16
E 1027 4 -4 -13
E 1027 5 -7 -22
T 1028 25 0 4 0
E 1028 0 7 23
E 1028 1 4 14
E 1028 4 -5 -15
E 1028 5 -8 -25
T 1029 24 1 4 0
E 1029 0 8 24
E 1029 1 4 14
E 1029 4 -4 -14
E 1029 5 -8 -24
T 1030 29 0 3 0
E 1030 0 6 20
E 1030 4 -6 -19
E 1030 5 -9 -28
T 1031 10 0 3 0
E 1031 0 12 36
E 1031 1 9 27
E 1031 2 5 17
T 1032 38 0 3 0
E 1032 3 -5 -17
E 1032 4 -9 -27
E 1032 5 -12 -36
T 1033 10 0 3 0
E 1033 0 13 40
E 1033 1 10 31
E 1033 2 7 21
T 1034 29 0 3 0
E 1034 0 5 17
E 1034 4 -7 -21
E 1034 5 -10 -31
T 1035 11 0 3 0
E 1035 0 12 36
E 1035 1 8 26
E 1035 2 5 16
T 1036 32 0 4 0
E 1036 0 5 15
E 1036 3 -4 -14
E 1036 4 -7 -23
E 1036 5 -11 -33
T 1037 16 0 4 0
E 1037 0 11 33
E 1037 1 7 23
E 1037 2 4 14
E 1037 5 -5 -15
T 1038 25 0 4 0
E 1038 0 7 23
E 1038 1 4 14
E 1038 4 -5 -15
E 1038 5 -8 -25
T 1039 25 0 4 0
E 1039 0 7 23
E 1039 1 4 13
E 1039 4 -5 -15
E 1039 5 -8 -25
T 1040 29 0 3 0
E 1040 0 7 21
E 1040 4 -6 -18
E 1040 5 -9 -27
T 1041 14 0 4 0
E 1041 0 11 34
E 1041 1 8 25
E 1041 2 5 15
E 1041 5 -4 -14
T 1042 37 0 3 0
E 1042 3 -6 -19
E 1042 4 -9 -29
E 1042 5 -12 -38
T 1043 11 0 3 0
E 1043 0 12 38
E 1043 1 9 29
E 1043 2 6 19
T 1044 32 0 4 0
E 1044 0 5 15
E 1044 3 -4 -14
E 1044 4 -7 -23
E 1044 5 -11 -33
T 1045 11 0 3 0
E 1045 0 13 39
E 1045 1 9 29
E 1045 2 6 19
T 1046 32 0 4 0
E 1046 0 5 15
E 1046 3 -4 -14
E 1046 4 -7 -23
E 1046 5 -11 -33
T 1047 15 0 4 0
E 1047 0 11 35
E 1047 1 8 25
E 1047 2 5 16
E 1047 5 -4 -13
T 1048 28 0 3 0
E 1048 0 7 21
E 1048 4 -5 -17
E 1048 5 -9 -27
T 1049 20 0 3 0
E 1049 0 8 26
E 1049 1 5 16
E 1049 5 -7 -22
T 1050 19 0 3 0
E 1050 0 9 28
E 1050 1 6 18
E 1050 5 -6 -20
T 1051 28 0 3 0
E 1051 0 6 19
E 1051 4 -6 -19
E 1051 5 -9 -29
T 1052 19 0 3 0
E 1052 0 10 31
E 1052 1 7 21
E 1052 5 -5 -17
T 1053 28 0 3 0
E 1053 0 5 16
E 1053 4 -7 -22
E 1053 5 -10 -32
T 1054 16 0 4 0
E 1054 0 11 33
E 1054 1 7 23
E 1054 2 4 14
E 1054 5 -5 -15
T 1055 34 0 4 0
E 1055 0 4 14
E 1055 3 -5 -15
E 1055 4 -8 -25
E 1055 5 -11 -34
T 1056 10 0 3 0
E 1056 0 12 37
E 1056 1 9 28
E 1056 2 6 18
T 1057 27 0 3 0
E 1057 0 4 14
E 1057 4 -7 -22
E 1057 5 -10 -31
T 1058 16 0 3 0
E 1058 0 7 22
E 1058 1 6 18
E 1058 5 -7 -21
T 1059 14 0 3 0
E 1059 0 6 20
E 1059 1 6 18
E 1059 5 -6 -20
T 1060 24 0 2 0
E 1060 4 -5 -17
E 1060 5 -8 -26
T 1061 11 0 3 0
E 1061 0 5 17
E 1061 1 7 21
E 1061 5 -6 -18
T 1062 16 0 3 0
E 1062 1 4 13
E 1062 4 -5 -16
E 1062 5 -8 -25
T 1063 12 0 2 0
E 1063 1 5 17
E 1063 5 -6 -19
T 1064 12 0 1 0
E 1064 5 -7 -22
T 1065 5 0 3 0
E 1065 1 5 17
E 1065 2 5 15
E 1065 5 -4 -13
T 1066 9 0 1 0
E 1066 5 -6 -19
T 1067 2 0 2 0
E 1067 1 4 13
E 1067 2 5 17
T 1068 5 0 2 0
E 1068 4 -4 -14
E 1068 5 -8 -24
T 1069 2 0 1 0
E 1069 2 5 15
T 1070 3 0 1 0
E 1070 2 4 13
T 1071 1 0 0 0
T 1072 7 0 2 0
E 1072 2 4 13
E 1072 3 4 14
T 1073 6 0 1 0
E 1073 5 -4 -14
T 1074 7 0 1 0
E 1074 3 5 16
T 1075 12 0 0 0
T 1076 8 0 0 0
T 1077 11 0 0 0
T 1078 7 0 0 0
T 1079 14 0 2 0
E 1079 3 4 13
E 1079 4 5 17
T 1080 12 0 1 0
E 1080 0 -6 -18
T 1081 11 0 1 0
E 1081 0 -5 -16
T 1082 14 0 1 0
E 1082 4 5 15
T 1083 10 0 1 0
E 1083 0 -4 -14
T 1084 10 0 1 0
E 1084 0 -4 -14
T 1085 12 0 1 0
E 1085 0 -5 -17
T 1086 16 0 2 0
E 1086 0 -5 -17
E 1086 5 4 13
T 1087 21 0 2 0
E 1087 4 4 13
E 1087 5 6 19
T 1088 10 0 2 0
E 1088 0 -8 -24
E 1088 1 -6 -18
T 1089 15 0 2 0
E 1089 0 -5 -16
E 1089 5 4 14
T 1090 9 0 2 0
E 1090 0 -6 -19
E 1090 1 -4 -13
T 1091 20 0 2 0
E 1091 4 4 14
E 1091 5 6 20
T 1092 16 0 2 0
E 1092 0 -5 -17
E 1092 5 4 13
T 1093 14 0 2 0
E 1093 0 -4 -13
E 1093 5 5 17
T 1094 9 0 2 0
E 1094 0 -7 -21
E 1094 1 -5 -15
T 1095 20 0 2 0
E 1095 4 5 16
E 1095 5 7 22
T 1096 12 0 1 0
E 1096 0 -6 -18
T 1097 20 0 2 0
E 1097 4 5 16
E 1097 5 7 22
T 1098 15 1 2 0
E 1098 0 -5 -15
E 1098 5 5 15
T 1099 12 0 1 0
E 1099 0 -6 -18
T 1100 20 0 2 0
E 1100 4 5 16
E 1100 5 7 22
T 1101 7 0 3 0
E 1101 0 -8 -25
E 1101 1 -6 -19
E 1101 2 -4 -13
T 1102 19 0 2 0
E 1102 4 5 17
E 1102 5 7 23
T 1103 7 0 3 0
E 1103 0 -8 -25
E 1103 1 -6 -19
E 1103 2 -4 -13
T 1104 20 0 2 0
E 1104 4 4 14
E 1104 5 6 20
T 1105 6 0 3 0
E 1105 0 -9 -27
E 1105 1 -7 -21
E 1105 2 -5 -15
T 1106 21 0 2 0
E 1106 4 6 18
E 1106 5 8 24
T 1107 16 0 2 0
E 1107 0 -6 -18
E 1107 5 4 13
T 1108 15 1 2 0
E 1108 0 -5 -15
E 1108 5 5 17
T 1109 16 0 2 0
E 1109 0 -5 -15
E 1109 5 6 18
T 1110 16 1 2 0
E 1110 0 -5 -16
E 1110 5 5 17
T 1111 20 0 3 0
E 1111 0 -4 -14
E 1111 4 4 14
E 1111 5 6 20
T 1112 13 0 2 0
E 1112 0 -8 -26
E 1112 1 -5 -17
T 1113 18 0 2 0
E 1113 0 -7 -21
E 1113 5 4 14
T 1114 18 1 2 0
E 1114 0 -6 -18
E 1114 5 6 18
T 1115 12 0 2 0
E 1115 0 -8 -25
E 1115 1 -5 -16
T 1116 29 0 3 0
E 1116 3 5 17
E 1116 4 7 23
E 1116 5 9 29
T 1117 13 0 2 0
E 1117 0 -9 -28
E 1117 1 -6 -19
T 1118 23 0 3 0
E 1118 0 -5 -16
E 1118 4 5 16
E 1118 5 7 22
T 1119 16 0 3 0
E 1119 0 -8 -25
E 1119 1 -5 -15
E 1119 5 4 14
T 1120 24 0 3 0
E 1120 0 -5 -15
E 1120 4 6 18
E 1120 5 8 24
T 1121 17 0 3 0
E 1121 0 -8 -24
E 1121 1 -4 -14
E 1121 5 5 16
T 1122 24 0 3 0
E 1122 0 -6 -20
E 1122 4 4 14
E 1122 5 6 20
T 1123 18 0 3 0
E 1123 0 -7 -23
E 1123 1 -4 -13
E 1123 5 6 18
T 1124 26 0 3 0
E 1124 0 -7 -21
E 1124 4 5 15
E 1124 5 7 21
T 1125 11 0 3 0
E 1125 0 -10 -32
E 1125 1 -7 -23
E 1125 2 -4 -13
T 1126 30 0 4 0
E 1126 0 -5 -15
E 1126 3 4 14
E 1126 4 7 22
E 1126 5 9 28
T 1127 11 0 3 0
E 1127 0 -10 -32
E 1127 1 -7 -23
E 1127 2 -4 -13
T 1128 31 0 4 0
E 1128 0 -5 -16
E 1128 3 4 13
E 1128 4 7 22
E 1128 5 9 28
T 1129 19 0 3 0
E 1129 0 -9 -27
E 1129 1 -5 -17
E 1129 5 6 18
T 1130 22 0 4 0
E 1130 0 -8 -25
E 1130 1 -5 -16
E 1130 4 4 13
E 1130 5 6 20
T 1131 28 0 3 0
E 1131 0 -6 -19
E 1131 4 6 20
E 1131 5 9 27
T 1132 19 0 3 0
E 1132 0 -9 -29
E 1132 1 -6 -20
E 1132 5 5 17
T 1133 19 0 3 0
E 1133 0 -9 -27
E 1133 1 -5 -17
E 1133 5 6 20
T 1134 28 0 3 0
E 1134 0 -7 -22
E 1134 4 5 17
E 1134 5 8 26
T 1135 20 0 3 0
E 1135 0 -9 -29
E 1135 1 -6 -20
E 1135 5 6 19
T 1136 23 0 4 0
E 1136 0 -8 -25
E 1136 1 -5 -15
E 1136 4 4 14
E 1136 5 7 23
T 1137 25 0 4 0
E 1137 0 -7 -23
E 1137 1 -4 -14
E 1137 4 5 15
E 1137 5 8 25
T 1138 20 0 3 0
E 1138 0 -9 -27
E 1138 1 -5 -17
E 1138 5 7 21
T 1139 25 0 4 0
E 1139 0 -7 -23
E 1139 1 -4 -13
E 1139 4 5 16
E 1139 5 8 25
T 1140 25 0 4 0
E 1140 0 -7 -23
E 1140 1 -4 -14
E 1140 4 5 15
E 1140 5 8 25
T 1141 25 0 4 0
E 1141 0 -7 -23
E 1141 1 -4 -13
E 1141 4 5 16
E 1141 5 8 25
T 1142 16 0 4 0
E 1142 0 -10 -32
E 1142 1 -7 -23
E 1142 2 -4 -13
E 1142 5 5 16
T 1143 28 0 3 0
E 1143 0 -7 -22
E 1143 4 5 16
E 1143 5 8 26
T 1144 24 0 4 0
E 1144 0 -8 -26
E 1144 1 -5 -16
E 1144 4 4 13
E 1144 5 7 22
T 1145 23 0 4 0
E 1145 0 -8 -25
E 1145 1 -5 -16
E 1145 4 4 13
E 1145 5 7 23
T 1146 19 0 3 0
E 1146 0 -10 -31
E 1146 1 -7 -21
E 1146 5 5 17
T 1147 33 0 4 0
E 1147 0 -4 -14
E 1147 3 4 14
E 1147 4 8 24
E 1147 5 11 34
T 1148 20 0 3 0
E 1148 0 -9 -29
E 1148 1 -6 -19
E 1148 5 6 19
T 1149 19 0 3 0
E 1149 0 -9 -28
E 1149 1 -6 -18
E 1149 5 6 20
T 1150 20 0 3 0
E 1150 0 -8 -26
E 1150 1 -5 -17
E 1150 5 7 22
T 1151 19 0 3 0
E 1151 0 -9 -28
E 1151 1 -6 -18
E 1151 5 6 20
T 1152 20 0 3 0
E 1152 0 -8 -26
E 1152 1 -5 -17
E 1152 5 7 22
T 1153 28 0 3 0
E 1153 0 -7 -21
E 1153 4 5 17
E 1153 5 9 27
T 1154 19 0 3 0
E 1154 0 -10 -31
E 1154 1 -7 -21
E 1154 5 5 17
T 1155 34 0 4 0
E 1155 0 -4 -14
E 1155 3 5 15
E 1155 4 8 24
E 1155 5 11 34
T 1156 10 0 3 0
E 1156 0 -12 -37
E 1156 1 -9 -27
E 1156 2 -6 -18
T 1157 41 0 4 0
E 1157 2 4 14
E 1157 3 7 23
E 1157 4 11 33
E 1157 5 14 43
T 1158 11 0 3 0
E 1158 0 -13 -41
E 1158 1 -10 -31
E 1158 2 -7 -22
T 1159 33 0 4 0
E 1159 0 -5 -15
E 1159 3 4 14
E 1159 4 8 24
E 1159 5 11 33
T 1160 19 0 3 0
E 1160 0 -10 -30
E 1160 1 -7 -21
E 1160 5 6 18
T 1161 25 0 4 0
E 1161 0 -7 -23
E 1161 1 -4 -13
E 1161 4 5 16
E 1161 5 8 25
T 1162 16 0 4 0
E 1162 0 -10 -32
E 1162 1 -7 -23
E 1162 2 -4 -13
E 1162 5 5 16
T 1163 32 0 4 0
E 1163 0 -5 -16
E 1163 3 4 13
E 1163 4 7 22
E 1163 5 10 32
T 1164 20 0 3 0
E 1164 0 -10 -30
E 1164 1 -6 -20
E 1164 5 6 18
T 1165 23 0 4 0
E 1165 0 -8 -25
E 1165 1 -5 -16
E 1165 4 4 13
E 1165 5 7 23
T 1166 19 0 3 0
E 1166 0 -9 -28
E 1166 1 -6 -18
E 1166 5 6 20
T 1167 24 0 4 0
E 1167 0 -7 -22
E 1167 1 -4 -13
E 1167 4 5 16
E 1167 5 8 26
T 1168 19 0 3 0
E 1168 0 -9 -28
E 1168 1 -6 -18
E 1168 5 6 20
T 1169 25 0 4 0
E 1169 0 -8 -24
E 1169 1 -4 -14
E 1169 4 5 15
E 1169 5 8 24
T 1170 29 0 3 0
E 1170 0 -6 -20
E 1170 4 6 18
E 1170 5 9 28
T 1171 16 0 4 0
E 1171 0 -10 -32
E 1171 1 -7 -22
E 1171 2 -4 -13
E 1171 5 5 16
T 1172 37 0 3 0
E 1172 3 5 17
E 1172 4 9 27
E 1172 5 12 37
T 1173 15 0 4 0
E 1173 0 -11 -35
E 1173 1 -8 -25
E 1173 2 -5 -16
E 1173 5 4 13
T 1174 33 0 4 0
E 1174 0 -5 -15
E 1174 3 4 14
E 1174 4 8 24
E 1174 5 11 33
T 1175 20 0 3 0
E 1175 0 -9 -29
E 1175 1 -6 -20
E 1175 5 6 19
T 1176 20 0 3 0
E 1176 0 -9 -27
E 1176 1 -5 -17
E 1176 5 7 21
T 1177 28 0 3 0
E 1177 0 -5 -16
E 1177 4 7 22
E 1177 5 10 32
T 1178 19 0 3 0
E 1178 0 -10 -31
E 1178 1 -7 -21
E 1178 5 5 17
T 1179 23 0 4 0
E 1179 0 -8 -25
E 1179 1 -5 -15
E 1179 4 4 14
E 1179 5 7 23
T 1180 28 0 3 0
E 1180 0 -6 -18
E 1180 4 6 20
E 1180 5 10 30
T 1181 11 0 3 0
E 1181 0 -12 -36
E 1181 1 -8 -26
E 1181 2 -5 -17
T 1182 37 0 3 0
E 1182 3 5 16
E 1182 4 8 26
E 1182 5 12 36
T 1183 14 0 4 0
E 1183 0 -11 -34
E 1183 1 -8 -24
E 1183 2 -5 -15
E 1183 5 4 14
T 1184 28 0 3 0
E 1184 0 -7 -22
E 1184 4 5 17
E 1184 5 8 26
T 1185 15 0 4 0
E 1185 0 -11 -33
E 1185 1 -8 -24
E 1185 2 -4 -14
E 1185 5 5 15
T 1186 32 0 4 0
E 1186 0 -5 -16
E 1186 3 4 13
E 1186 4 7 23
E 1186 5 10 32
T 1187 10 0 3 0
E 1187 0 -12 -36
E 1187 1 -9 -27
E 1187 2 -5 -17
T 1188 37 0 3 0
E 1188 3 6 20
E 1188 4 9 29
E 1188 5 13 39
T 1189 11 0 3 0
E 1189 0 -12 -37
E 1189 1 -9 -27
E 1189 2 -5 -17
T 1190 32 0 4 0
E 1190 0 -5 -15
E 1190 3 4 14
E 1190 4 7 23
E 1190 5 11 33
T 1191 16 0 4 0
E 1191 0 -11 -33
E 1191 1 -7 -23
E 1191 2 -4 -14
E 1191 5 5 15
T 1192 33 0 4 0
E 1192 0 -4 -13
E 1192 3 5 15
E 1192 4 8 25
E 1192 5 11 35
T 1193 11 0 3 0
E 1193 0 -13 -39
E 1193 1 -9 -29
E 1193 2 -6 -20
T 1194 33 0 4 0
E 1194 0 -4 -13
E 1194 3 5 16
E 1194 4 8 26
E 1194 5 11 35
T 1195 15 0 4 0
E 1195 0 -11 -35
E 1195 1 -8 -26
E 1195 2 -5 -16
E 1195 5 4 13
T 1196 29 0 3 0
E 1196 0 -6 -20
E 1196 4 6 19
E 1196 5 9 28
T 1197 20 0 3 0
E 1197 0 -9 -29
E 1197 1 -6 -20
E 1197 5 6 19
T 1198 25 0 4 0
E 1198 0 -7 -23
E 1198 1 -4 -13
E 1198 4 5 15
E 1198 5 8 25
T 1199 20 0 3 0
E 1199 0 -9 -29
E 1199 1 -6 -19
E 1199 5 6 19
T 1200 8 0 4 0
E 1200 0 8 25
E 1200 1 -4 -14
E 1200 4 5 15
E 1200 5 8 25
T 1201 27 0 2 0
E 1201 1 -10 -31
E 1201 2 -7 -22
T 1202 14 0 4 0
E 1202 0 9 29
E 1202 1 -5 -16
E 1202 4 4 13
E 1202 5 7 23
T 1203 28 0 3 0
E 1203 0 5 16
E 1203 1 -10 -31
E 1203 2 -7 -22
T 1204 18 0 4 0
E 1204 0 11 35
E 1204 1 -5 -16
E 1204 4 4 13
E 1204 5 7 22
T 1205 39 0 4 0
E 1205 0 5 17
E 1205 1 -12 -38
E 1205 2 -9 -28
E 1205 3 -6 -18
T 1206 6 0 4 0
E 1206 0 14 42
E 1206 1 11 33
E 1206 4 4 14
E 1206 5 7 23
T 1207 47 0 4 0
E 1207 2 -16 -48
E 1207 3 -13 -39
E 1207 4 -9 -29
E 1207 5 -6 -19
T 1208 8 0 4 0
E 1208 0 16 50
E 1208 1 13 41
E 1208 4 5 15
E 1208 5 8 25
T 1209 52 0 4 0
E 1209 2 -15 -45
E 1209 3 -12 -36
E 1209 4 -8 -26
E 1209 5 -5 -17
T 1210 15 0 3 0
E 1210 0 17 51
E 1210 1 13 41
E 1210 5 6 19
T 1211 56 0 5 0
E 1211 0 4 13
E 1211 2 -17 -51
E 1211 3 -13 -41
E 1211 4 -10 -31
E 1211 5 -7 -22
T 1212 5 0 4 0
E 1212 0 18 56
E 1212 1 15 46
E 1212 2 12 37
E 1212 5 6 18
T 1213 50 0 3 0
E 1213 3 -16 -48
E 1213 4 -13 -39
E 1213 5 -9 -29
T 1214 11 0 3 0
E 1214 0 17 53
E 1214 1 14 43
E 1214 2 11 34
T 1215 51 0 4 0
E 1215 0 6 19
E 1215 3 -16 -48
E 1215 4 -13 -39
E 1215 5 -9 -29
T 1216 17 0 4 0
E 1216 0 16 48
E 1216 1 13 39
E 1216 2 9 29
E 1216 3 -7 -22
T 1217 58 0 4 0
E 1217 0 5 15
E 1217 3 -19 -59
E 1217 4 -16 -49
E 1217 5 -13 -39
T 1218 1 0 4 0
E 1218 0 19 57
E 1218 1 16 48
E 1218 2 12 38
E 1218 3 9 29
T 1219 58 0 4 0
E 1219 2 -6 -19
E 1219 3 -9 -29
E 1219 4 -23 -70
E 1219 5 -20 -61
T 1220 0 0 4 0
E 1220 0 21 64
E 1220 1 18 54
E 1220 2 14 44
E 1220 3 11 35
T 1221 60 0 4 0
E 1221 2 -4 -14
E 1221 3 -8 -24
E 1221 4 -23 -71
E 1221 5 -20 -62
T 1222 6 0 5 0
E 1222 0 20 62
E 1222 1 17 52
E 1222 2 14 43
E 1222 3 11 33
E 1222 4 -6 -18
T 1223 60 0 3 0
E 1223 3 -5 -17
E 1223 4 -24 -72
E 1223 5 -20 -62
T 1224 5 0 6 0
E 1224 0 21 64
E 1224 1 18 54
E 1224 2 15 45
E 1224 3 11 35
E 1224 4 8 26
E 1224 5 -4 -13
T 1225 55 0 4 0
E 1225 2 -7 -22
E 1225 3 -10 -31
E 1225 4 -13 -41
E 1225 5 -27 -82
T 1226 5 0 6 0
E 1226 0 18 56
E 1226 1 15 47
E 1226 2 12 37
E 1226 3 9 27
E 1226 4 6 18
E 1226 5 -9 -27
T 1227 46 0 4 0
E 1227 0 4 13
E 1227 3 -5 -16
E 1227 4 -8 -26
E 1227 5 -24 -73
T 1228 20 0 5 0
E 1228 0 14 43
E 1228 1 11 34
E 1228 2 8 24
E 1228 3 5 15
E 1228 5 -15 -46
T 1229 40 0 4 0
E 1229 0 7 23
E 1229 1 4 13
E 1229 4 -5 -15
E 1229 5 -23 -70
T 1230 6 0 4 0
E 1230 0 15 46
E 1230 1 12 36
E 1230 2 8 26
E 1230 3 5 17
T 1231 37 0 3 0
E 1231 3 -6 -20
E 1231 4 -9 -29
E 1231 5 -13 -39
T 1232 16 0 4 0
E 1232 0 11 33
E 1232 1 7 23
E 1232 2 4 14
E 1232 5 -5 -15
T 1233 28 0 3 0
E 1233 0 5 16
E 1233 4 -7 -22
E 1233 5 -10 -32
T 1234 20 0 3 0
E 1234 0 9 29
E 1234 1 6 19
E 1234 5 -6 -19
T 1235 28 0 3 0
E 1235 0 7 22
E 1235 4 -5 -17
E 1235 5 -8 -26
T 1236 15 0 4 0
E 1236 0 11 35
E 1236 1 8 26
E 1236 2 5 16
E 1236 5 -4 -13
T 1237 29 0 3 0
E 1237 0 7 21
E 1237 4 -6 -18
E 1237 5 -9 -27
T 1238 15 0 4 0
E 1238 0 11 33
E 1238 1 8 24
E 1238 2 4 14
E 1238 5 -5 -15
T 1239 34 0 4 0
E 1239 0 4 14
E 1239 3 -5 -15
E 1239 4 -8 -24
E 1239 5 -11 -34
T 1240 7 0 4 0
E 1240 0 14 42
E 1240 1 10 32
E 1240 2 7 22
E 1240 3 4 13
T 1241 34 0 4 0
E 1241 0 4 14
E 1241 3 -5 -15
E 1241 4 -8 -24
E 1241 5 -11 -34
T 1242 19 0 3 0
E 1242 0 10 31
E 1242 1 7 21
E 1242 5 -5 -17
T 1243 28 0 3 0
E 1243 0 7 21
E 1243 4 -5 -17
E 1243 5 -9 -27
T 1244 15 0 4 0
E 1244 0 11 35
E 1244 1 8 25
E 1244 2 5 16
E 1244 5 -4 -13
T 1245 32 0 4 0
E 1245 0 5 16
E 1245 3 -4 -13
E 1245 4 -7 -23
E 1245 5 -10 -32
T 1246 10 0 3 0
E 1246 0 12 36
E 1246 1 9 27
E 1246 2 5 17
T 1247 34 0 4 0
E 1247 0 4 14
E 1247 3 -5 -15
E 1247 4 -8 -25
E 1247 5 -11 -34
T 1248 10 0 3 0
E 1248 0 13 39
E 1248 1 10 30
E 1248 2 6 20
T 1249 37 0 3 0
E 1249 3 -6 -19
E 1249 4 -9 -28
E 1249 5 -12 -38
T 1250 11 0 3 0
E 1250 0 12 36
E 1250 1 8 26
E 1250 2 5 16
T 1251 32 0 4 0
E 1251 0 5 15
E 1251 3 -4 -14
E 1251 4 -7 -23
E 1251 5 -11 -33
T 1252 11 0 3 0
E 1252 0 12 36
E 1252 1 8 26
E 1252 2 5 17
T 1253 33 0 4 0
E 1253 0 4 14
E 1253 3 -4 -14
E 1253 4 -8 -24
E 1253 5 -11 -34
T 1254 11 0 3 0
E 1254 0 13 41
E 1254 1 10 31
E 1254 2 7 22
T 1255 41 0 4 0
E 1255 2 -4 -13
E 1255 3 -7 -22
E 1255 4 -10 -32
E 1255 5 -13 -41
T 1256 5 0 4 0
E 1256 0 15 45
E 1256 1 12 36
E 1256 2 8 26
E 1256 3 5 16
T 1257 33 0 4 0
E 1257 0 4 13
E 1257 3 -5 -16
E 1257 4 -8 -26
E 1257 5 -11 -35
T 1258 10 0 3 0
E 1258 0 13 40
E 1258 1 10 31
E 1258 2 7 21
T 1259 37 0 3 0
E 1259 3 -6 -20
E 1259 4 -9 -29
E 1259 5 -13 -39
T 1260 7 0 4 0
E 1260 0 14 43
E 1260 1 11 33
E 1260 2 7 23
E 1260 3 4 14
T 1261 42 0 4 0
E 1261 2 -5 -15
E 1261 3 -8 -25
E 1261 4 -11 -34
E 1261 5 -14 -44
T 1262 11 0 3 0
E 1262 0 12 38
E 1262 1 9 28
E 1262 2 6 19
T 1263 37 0 3 0
E 1263 3 -6 -18
E 1263 4 -9 -28
E 1263 5 -12 -38
T 1264 11 0 3 0
E 1264 0 12 38
E 1264 1 9 28
E 1264 2 6 19
T 1265 34 0 4 0
E 1265 0 4 14
E 1265 3 -5 -15
E 1265 4 -8 -25
E 1265 5 -11 -34
T 1266 14 0 4 0
E 1266 0 11 34
E 1266 1 8 25
E 1266 2 5 15
E 1266 5 -4 -14
T 1267 28 0 3 0
E 1267 0 7 22
E 1267 4 -5 -17
E 1267 5 -8 -26
T 1268 14 0 4 0
E 1268 0 11 34
E 1268 1 8 25
E 1268 2 5 15
E 1268 5 -4 -14
T 1269 29 0 3 0
E 1269 0 6 20
E 1269 4 -6 -18
E 1269 5 -9 -28
T 1270 24 0 4 0
E 1270 0 8 26
E 1270 1 5 16
E 1270 4 -4 -13
E 1270 5 -7 -22
T 1271 24 0 4 0
E 1271 0 7 22
E 1271 1 4 13
E 1271 4 -5 -16
E 1271 5 -8 -26
T 1272 29 0 3 0
E 1272 0 6 20
E 1272 4 -6 -19
E 1272 5 -9 -28
T 1273 15 0 4 0
E 1273 0 11 35
E 1273 1 8 26
E 1273 2 5 16
E 1273 5 -4 -13
T 1274 34 0 4 0
E 1274 0 4 14
E 1274 3 -5 -15
E 1274 4 -8 -24
E 1274 5 -11 -34
T 1275 11 0 3 0
E 1275 0 12 36
E 1275 1 8 26
E 1275 2 5 16
T 1276 41 0 4 0
E 1276 2 -4 -13
E 1276 3 -7 -23
E 1276 4 -10 -32
E 1276 5 -14 -42
T 1277 6 0 4 0
E 1277 0 14 43
E 1277 1 11 33
E 1277 2 8 24
E 1277 3 4 14
T 1278 43 0 4 0
E 1278 2 -6 -18
E 1278 3 -9 -27
E 1278 4 -12 -37
E 1278 5 -15 -47
T 1279 4 0 4 0
E 1279 0 16 50
E 1279 1 13 40
E 1279 2 10 31
E 1279 3 7 21
T 1280 43 0 4 0
E 1280 2 -6 -19
E 1280 3 -9 -28
E 1280 4 -12 -38
E 1280 5 -15 -47
T 1281 11 0 3 0
E 1281 0 13 41
E 1281 1 10 32
E 1281 2 7 22
T 1282 37 0 3 0
E 1282 3 -7 -22
E 1282 4 -10 -32
E 1282 5 -13 -41
T 1283 6 0 4 0
E 1283 0 14 44
E 1283 1 11 35
E 1283 2 8 25
E 1283 3 5 16
T 1284 37 0 3 0
E 1284 3 -5 -17
E 1284 4 -8 -26
E 1284 5 -12 -36
T 1285 15 0 4 0
E 1285 0 11 34
E 1285 1 8 24
E 1285 2 4 14
E 1285 5 -4 -14
T 1286 38 0 3 0
E 1286 3 -6 -18
E 1286 4 -9 -27
E 1286 5 -12 -37
T 1287 11 0 3 0
E 1287 0 12 38
E 1287 1 9 28
E 1287 2 6 19
T 1288 28 0 3 0
E 1288 0 5 16
E 1288 4 -7 -22
E 1288 5 -10 -32
T 1289 19 0 3 0
E 1289 0 9 28
E 1289 1 6 18
E 1289 5 -6 -20
T 1290 29 0 3 0
E 1290 0 5 17
E 1290 4 -7 -22
E 1290 5 -10 -31
T 1291 14 0 4 0
E 1291 0 11 34
E 1291 1 8 25
E 1291 2 5 15
E 1291 5 -4 -14
T 1292 29 0 3 0
E 1292 0 6 18
E 1292 4 -7 -21
E 1292 5 -10 -30
T 1293 20 0 3 0
E 1293 0 9 29
E 1293 1 6 20
E 1293 5 -6 -19
T 1294 20 0 3 0
E 1294 0 9 27
E 1294 1 5 17
E 1294 5 -7 -21
T 1295 25 0 4 0
E 1295 0 7 23
E 1295 1 4 13
E 1295 4 -5 -16
E 1295 5 -8 -25
T 1296 23 0 4 0
E 1296 0 8 24
E 1296 1 5 15
E 1296 4 -4 -14
E 1296 5 -8 -24
T 1297 18 0 3 0
E 1297 0 9 27
E 1297 1 6 20
E 1297 5 -6 -18
T 1298 25 0 3 0
E 1298 0 4 14
E 1298 4 -6 -19
E 1298 5 -9 -29
T 1299 15 0 3 0
E 1299 0 6 19
E 1299 1 5 17
E 1299 5 -7 -21
T 1300 13 0 3 0
E 1300 0 6 19
E 1300 1 6 20
E 1300 5 -6 -18
T 1301 11 0 3 0
E 1301 0 4 14
E 1301 1 6 18
E 1301 5 -7 -21
T 1302 16 0 3 0
E 1302 1 5 16
E 1302 4 -4 -13
E 1302 5 -7 -22
T 1303 8 0 3 0
E 1303 0 4 13
E 1303 1 6 19
E 1303 5 -5 -17
T 1304 9 0 2 0
E 1304 1 4 13
E 1304 5 -6 -20
T 1305 2 0 3 0
E 1305 0 4 13
E 1305 1 6 19
E 1305 2 5 17
T 1306 7 0 1 0
E 1306 5 -7 -22
T 1307 1 0 2 0
E 1307 1 6 18
E 1307 2 7 22
T 1308 5 0 1 0
E 1308 5 -5 -17
T 1309 2 0 1 0
E 1309 2 5 15
T 1310 2 0 1 0
E 1310 5 -6 -19
T 1311 2 0 0 0
T 1312 5 0 0 0
T 1313 6 0 0 0
T 1314 5 0 2 0
E 1314 0 -4 -13
E 1314 5 -4 -14
T 1315 7 0 0 0
T 1316 10 0 0 0
T 1317 6 0 0 0
T 1318 10 0 1 0
E 1318 4 4 13
T 1319 10 0 0 0
T 1320 15 0 1 0
E 1320 4 4 13
T 1321 12 0 0 0
T 1322 10 0 1 0
E 1322 0 -4 -14
T 1323 10 0 1 0
E 1323 0 -4 -14
T 1324 9 0 1 0
E 1324 0 -4 -13
T 1325 19 0 2 0
E 1325 4 5 17
E 1325 5 7 21
T 1326 9 0 2 0
E 1326 0 -7 -21
E 1326 1 -5 -15
T 1327 22 0 3 0
E 1327 3 4 14
E 1327 4 6 20
E 1327 5 8 26
T 1328 12 0 1 0
E 1328 0 -6 -18
T 1329 20 0 2 0
E 1329 4 5 16
E 1329 5 7 22
T 1330 11 0 2 0
E 1330 0 -7 -23
E 1330 1 -5 -17
T 1331 15 1 2 0
E 1331 0 -5 -15
E 1331 5 5 15
T 1332 10 0 2 0
E 1332 0 -7 -22
E 1332 1 -5 -16
T 1333 20 0 2 0
E 1333 4 6 18
E 1333 5 8 24
T 1334 12 0 1 0
E 1334 0 -6 -18
T 1335 21 0 2 0
E 1335 4 4 13
E 1335 5 6 19
T 1336 11 0 2 0
E 1336 0 -7 -23
E 1336 1 -5 -17
T 1337 20 0 2 0
E 1337 4 6 18
E 1337 5 8 24
T 1338 15 1 2 0
E 1338 0 -5 -15
E 1338 5 5 15
T 1339 21 0 2 0
E 1339 4 4 13
E 1339 5 6 19
T 1340 11 0 2 0
E 1340 0 -7 -23
E 1340 1 -5 -17
T 1341 21 0 2 0
E 1341 4 4 13
E 1341 5 6 19
T 1342 7 0 3 0
E 1342 0 -9 -28
E 1342 1 -7 -22
E 1342 2 -5 -16
T 1343 20 0 2 0
E 1343 4 4 14
E 1343 5 6 20
T 1344 16 0 2 0
E 1344 0 -5 -17
E 1344 5 4 13
T 1345 14 0 2 0
E 1345 0 -4 -13
E 1345 5 5 17
T 1346 16 0 2 0
E 1346 0 -5 -17
E 1346 5 4 14
T 1347 10 0 2 0
E 1347 0 -7 -22
E 1347 1 -5 -15
T 1348 16 0 2 0
E 1348 0 -6 -18
E 1348 5 4 14
T 1349 24 0 2 0
E 1349 4 5 15
E 1349 5 7 21
T 1350 8 0 3 0
E 1350 0 -10 -30
E 1350 1 -7 -21
E 1350 2 -5 -15
T 1351 20 0 3 0
E 1351 0 -4 -14
E 1351 4 4 14
E 1351 5 6 20
T 1352 12 0 2 0
E 1352 0 -8 -25
E 1352 1 -5 -16
T 1353 18 0 2 0
E 1353 0 -6 -19
E 1353 5 5 16
T 1354 18 1 2 0
E 1354 0 -6 -18
E 1354 5 6 18
T 1355 22 0 3 0
E 1355 0 -5 -17
E 1355 4 4 13
E 1355 5 6 19
T 1356 13 0 2 0
E 1356 0 -8 -26
E 1356 1 -5 -16
T 1357 29 0 3 0
E 1357 3 4 14
E 1357 4 6 20
E 1357 5 8 26
T 1358 10 0 3 0
E 1358 0 -11 -34
E 1358 1 -8 -24
E 1358 2 -5 -15
T 1359 24 0 3 0
E 1359 0 -6 -18
E 1359 4 5 15
E 1359 5 7 21
T 1360 13 0 2 0
E 1360 0 -10 -30
E 1360 1 -7 -21
T 1361 34 0 3 0
E 1361 3 6 18
E 1361 4 8 24
E 1361 5 10 30
T 1362 11 0 3 0
E 1362 0 -10 -32
E 1362 1 -7 -23
E 1362 2 -4 -13
T 1363 29 0 4 0
E 1363 0 -5 -16
E 1363 3 4 13
E 1363 4 6 19
E 1363 5 8 25
T 1364 18 0 3 0
E 1364 0 -9 -29
E 1364 1 -6 -19
E 1364 5 4 13
T 1365 25 0 3 0
E 1365 0 -6 -19
E 1365 4 5 17
E 1365 5 7 23
T 1366 14 0 2 0
E 1366 0 -10 -31
E 1366 1 -7 -21
T 1367 26 0 3 0
E 1367 0 -6 -18
E 1367 4 6 19
E 1367 5 8 25
T 1368 22 0 4 0
E 1368 0 -8 -24
E 1368 1 -4 -14
E 1368 4 4 14
E 1368 5 6 20
T 1369 19 0 3 0
E 1369 0 -10 -30
E 1369 1 -6 -20
E 1369 5 5 15
T 1370 31 0 4 0
E 1370 0 -5 -16
E 1370 3 4 13
E 1370 4 7 22
E 1370 5 9 29
T 1371 19 0 3 0
E 1371 0 -9 -28
E 1371 1 -6 -18
E 1371 5 6 18
T 1372 24 0 4 0
E 1372 0 -7 -23
E 1372 1 -4 -14
E 1372 4 5 15
E 1372 5 7 23
T 1373 29 0 3 0
E 1373 0 -6 -20
E 1373 4 6 18
E 1373 5 9 27
T 1374 19 0 3 0
E 1374 0 -9 -28
E 1374 1 -6 -18
E 1374 5 6 20
T 1375 32 0 4 0
E 1375 0 -5 -16
E 1375 3 4 13
E 1375 4 7 22
E 1375 5 10 32
T 1376 16 0 4 0
E 1376 0 -10 -32
E 1376 1 -7 -22
E 1376 2 -4 -13
E 1376 5 5 16
T 1377 28 0 3 0
E 1377 0 -6 -19
E 1377 4 6 19
E 1377 5 9 29
T 1378 20 0 3 0
E 1378 0 -9 -29
E 1378 1 -6 -19
E 1378 5 6 19
T 1379 29 0 3 0
E 1379 0 -5 -17
E 1379 4 7 22
E 1379 5 10 31
T 1380 10 0 3 0
E 1380 0 -12 -36
E 1380 1 -9 -27
E 1380 2 -5 -17
T 1381 34 0 4 0
E 1381 0 -4 -14
E 1381 3 5 15
E 1381 4 8 25
E 1381 5 11 34
T 1382 10 0 3 0
E 1382 0 -12 -37
E 1382 1 -9 -28
E 1382 2 -6 -18
T 1383 37 0 3 0
E 1383 3 6 20
E 1383 4 9 29
E 1383 5 13 39
T 1384 6 0 4 0
E 1384 0 -15 -45
E 1384 1 -11 -35
E 1384 2 -8 -25
E 1384 3 -5 -16
T 1385 42 0 4 0
E 1385 2 4 14
E 1385 3 8 24
E 1385 4 11 33
E 1385 5 14 43
T 1386 5 0 4 0
E 1386 0 -15 -47
E 1386 1 -12 -37
E 1386 2 -9 -28
E 1386 3 -6 -18
T 1387 41 0 4 0
E 1387 2 4 13
E 1387 3 7 22
E 1387 4 10 32
E 1387 5 14 42
T 1388 6 0 4 0
E 1388 0 -15 -45
E 1388 1 -11 -35
E 1388 2 -8 -26
E 1388 3 -5 -16
T 1389 37 0 3 0
E 1389 3 6 19
E 1389 4 9 29
E 1389 5 12 38
T 1390 14 0 4 0
E 1390 0 -11 -34
E 1390 1 -8 -25
E 1390 2 -5 -15
E 1390 5 4 14
T 1391 28 0 3 0
E 1391 0 -6 -19
E 1391 4 6 20
E 1391 5 9 29
T 1392 15 0 4 0
E 1392 0 -11 -35
E 1392 1 -8 -26
E 1392 2 -5 -16
E 1392 5 4 13
T 1393 37 0 3 0
E 1393 3 5 17
E 1393 4 8 26
E 1393 5 12 36
T 1394 16 0 4 0
E 1394 0 -11 -33
E 1394 1 -7 -23
E 1394 2 -4 -13
E 1394 5 5 15
T 1395 24 0 4 0
E 1395 0 -7 -22
E 1395 1 -4 -13
E 1395 4 5 16
E 1395 5 8 26
T 1396 29 0 3 0
E 1396 0 -7 -21
E 1396 4 6 18
E 1396 5 9 27
T 1397 15 0 4 0
E 1397 0 -11 -35
E 1397 1 -8 -26
E 1397 2 -5 -16
E 1397 5 4 13
T 1398 34 0 4 0
E 1398 0 -4 -14
E 1398 3 5 15
E 1398 4 8 24
E 1398 5 11 34
T 1399 11 0 3 0
E 1399 0 -13 -40
E 1399 1 -10 -30
E 1399 2 -6 -20
T 1400 37 0 3 0
E 1400 3 6 19
E 1400 4 9 28
E 1400 5 12 38
T 1401 14 0 4 0
E 1401 0 -11 -34
E 1401 1 -8 -24
E 1401 2 -5 -15
E 1401 5 4 14
T 1402 28 0 3 0
E 1402 0 -6 -19
E 1402 4 6 19
E 1402 5 9 29
T 1403 20 0 3 0
E 1403 0 -9 -29
E 1403 1 -6 -19
E 1403 5 6 19
T 1404 20 0 3 0
E 1404 0 -9 -27
E 1404 1 -5 -17
E 1404 5 7 21
T 1405 28 0 3 0
E 1405 0 -6 -18
E 1405 4 6 20
E 1405 5 10 30
T 1406 15 0 4 0
E 1406 0 -11 -35
E 1406 1 -8 -25
E 1406 2 -5 -16
E 1406 5 4 13
T 1407 37 0 3 0
E 1407 3 6 18
E 1407 4 9 28
E 1407 5 12 38
T 1408 11 0 3 0
E 1408 0 -12 -38
E 1408 1 -9 -28
E 1408 2 -6 -19
T 1409 41 0 4 0
E 1409 2 4 13
E 1409 3 7 22
E 1409 4 10 32
E 1409 5 13 41
T 1410 10 0 3 0
E 1410 0 -13 -40
E 1410 1 -10 -31
E 1410 2 -7 -21
T 1411 33 0 4 0
E 1411 0 -4 -13
E 1411 3 5 16
E 1411 4 8 26
E 1411 5 11 35
T 1412 11 0 3 0
E 1412 0 -12 -38
E 1412 1 -9 -29
E 1412 2 -6 -19
T 1413 38 0 3 0
E 1413 3 6 18
E 1413 4 9 27
E 1413 5 12 37
T 1414 6 0 4 0
E 1414 0 -14 -44
E 1414 1 -11 -34
E 1414 2 -8 -24
E 1414 3 -5 -15
T 1415 37 0 3 0
E 1415 3 7 22
E 1415 4 10 31
E 1415 5 13 41
T 1416 11 0 3 0
E 1416 0 -13 -39
E 1416 1 -9 -29
E 1416 2 -6 -20
T 1417 37 0 3 0
E 1417 3 6 20
E 1417 4 10 30
E 1417 5 13 40
T 1418 11 0 3 0
E 1418 0 -12 -36
E 1418 1 -8 -26
E 1418 2 -5 -17
T 1419 28 0 3 0
E 1419 0 -6 -19
E 1419 4 6 20
E 1419 5 9 29
T 1420 20 0 3 0
E 1420 0 -8 -26
E 1420 1 -5 -17
E 1420 5 7 22
T 1421 23 0 4 0
E 1421 0 -8 -25
E 1421 1 -5 -15
E 1421 4 4 14
E 1421 5 7 23
T 1422 29 0 3 0
E 1422 0 -6 -20
E 1422 4 6 18
E 1422 5 9 28
T 1423 20 0 3 0
E 1423 0 -8 -26
E 1423 1 -5 -16
E 1423 5 7 22
T 1424 32 0 4 0
E 1424 0 -5 -16
E 1424 3 4 13
E 1424 4 7 23
E 1424 5 10 32
T 1425 11 0 3 0
E 1425 0 -12 -38
E 1425 1 -9 -29
E 1425 2 -6 -19
T 1426 29 0 3 0
E 1426 0 -6 -18
E 1426 4 7 21
E 1426 5 10 30
T 1427 14 0 4 0
E 1427 0 -11 -34
E 1427 1 -8 -25
E 1427 2 -5 -15
E 1427 5 4 14
T 1428 28 0 3 0
E 1428 0 -7 -21
E 1428 4 5 17
E 1428 5 9 27
T 1429 20 0 3 0
E 1429 0 -10 -32
E 1429 1 -7 -22
E 1429 5 5 16
T 1430 23 0 4 0
E 1430 0 -8 -25
E 1430 1 -5 -16
E 1430 4 4 13
E 1430 5 7 23
T 1431 28 0 3 0
E 1431 0 -7 -22
E 1431 4 5 17
E 1431 5 8 26
T 1432 23 0 4 0
E 1432 0 -8 -24
E 1432 1 -5 -15
E 1432 4 4 14
E 1432 5 8 24
T 1433 29 0 3 0
E 1433 0 -6 -20
E 1433 4 6 18
E 1433 5 9 28
T 1434 23 0 4 0
E 1434 0 -8 -25
E 1434 1 -5 -15
E 1434 4 4 14
E 1434 5 7 23
T 1435 19 0 3 0
E 1435 0 -9 -27
E 1435 1 -6 -18
E 1435 5 7 21
T 1436 33 0 4 0
E 1436 0 -5 -15
E 1436 3 4 14
E 1436 4 8 24
E 1436 5 11 33
T 1437 14 0 4 0
E 1437 0 -11 -34
E 1437 1 -8 -25
E 1437 2 -5 -15
E 1437 5 4 14
T 1438 28 0 3 0
E 1438 0 -6 -19
E 1438 4 6 19
E 1438 5 9 29
T 1439 19 0 3 0
E 1439 0 -10 -31
E 1439 1 -7 -21
E 1439 5 5 17
T 1440 1 0 4 0
E 1440 0 11 34
E 1440 3 5 15
E 1440 4 8 24
E 1440 5 11 34
T 1441 35 0 4 0
E 1441 1 -14 -44
E 1441 2 -11 -35
E 1441 3 -8 -25
E 1441 4 -5 -15
T 1442 12 0 4 0
E 1442 0 10 31
E 1442 1 -4 -14
E 1442 4 5 15
E 1442 5 8 25
T 1443 36 0 3 0
E 1443 1 -11 -35
E 1443 2 -8 -26
E 1443 3 -5 -16
T 1444 13 0 3 0
E 1444 0 13 41
E 1444 4 6 19
E 1444 5 9 28
T 1445 38 0 4 0
E 1445 0 6 19
E 1445 1 -12 -36
E 1445 2 -8 -26
E 1445 3 -5 -16
T 1446 10 0 3 0
E 1446 0 12 36
E 1446 1 9 27
E 1446 5 5 17
T 1447 45 0 4 0
E 1447 2 -14 -42
E 1447 3 -11 -33
E 1447 4 -7 -23
E 1447 5 -4 -13
T 1448 8 0 4 0
E 1448 0 16 50
E 1448 1 13 41
E 1448 4 5 15
E 1448 5 8 25
T 1449 46 0 5 0
E 1449 0 5 15
E 1449 2 -14 -42
E 1449 3 -11 -33
E 1449 4 -7 -23
E 1449 5 -4 -14
T 1450 20 0 4 0
E 1450 0 15 45
E 1450 1 11 35
E 1450 2 -5 -16
E 1450 5 4 13
T 1451 42 0 5 0
E 1451 0 7 23
E 1451 1 4 14
E 1451 2 -13 -41
E 1451 3 -10 -31
E 1451 4 -7 -21
T 1452 10 0 3 0
E 1452 0 16 49
E 1452 1 13 39
E 1452 2 10 30
T 1453 44 0 4 0
E 1453 0 5 16
E 1453 3 -14 -44
E 1453 4 -11 -35
E 1453 5 -8 -25
T 1454 17 0 4 0
E 1454 0 14 44
E 1454 1 11 34
E 1454 2 8 25
E 1454 3 -6 -20
T 1455 50 0 4 0
E 1455 0 7 22
E 1455 3 -15 -45
E 1455 4 -12 -36
E 1455 5 -8 -26
T 1456 17 0 4 0
E 1456 0 16 48
E 1456 1 13 39
E 1456 2 9 29
E 1456 3 -7 -22
T 1457 51 0 5 0
E 1457 0 8 24
E 1457 1 4 14
E 1457 3 -16 -50
E 1457 4 -13 -40
E 1457 5 -10 -30
T 1458 11 0 5 0
E 1458 0 15 46
E 1458 1 12 37
E 1458 2 9 27
E 1458 3 6 18
E 1458 4 -7 -21
T 1459 53 0 3 0
E 1459 3 -7 -22
E 1459 4 -21 -63
E 1459 5 -18 -54
T 1460 7 0 5 0
E 1460 0 19 58
E 1460 1 16 48
E 1460 2 12 38
E 1460 3 9 29
E 1460 4 -5 -16
T 1461 61 0 4 0
E 1461 2 -5 -16
E 1461 3 -8 -26
E 1461 4 -24 -73
E 1461 5 -21 -64
T 1462 4 0 5 0
E 1462 0 21 64
E 1462 1 18 54
E 1462 2 15 45
E 1462 3 11 35
E 1462 4 -5 -16
T 1463 60 0 3 0
E 1463 3 -6 -20
E 1463 4 -25 -75
E 1463 5 -21 -65
T 1464 3 0 6 0
E 1464 0 18 56
E 1464 1 15 46
E 1464 2 12 37
E 1464 3 9 27
E 1464 4 6 18
E 1464 5 -7 -21
T 1465 53 0 4 0
E 1465 2 -5 -16
E 1465 3 -8 -25
E 1465 4 -11 -35
E 1465 5 -25 -76
T 1466 15 0 5 0
E 1466 0 16 48
E 1466 1 13 39
E 1466 2 9 29
E 1466 3 6 19
E 1466 5 -11 -35
T 1467 38 0 4 0
E 1467 0 7 23
E 1467 1 4 13
E 1467 4 -5 -16
E 1467 5 -21 -63
T 1468 23 0 5 0
E 1468 0 13 41
E 1468 1 10 32
E 1468 2 7 22
E 1468 3 4 13
E 1468 5 -16 -48
T 1469 35 0 3 0
E 1469 0 10 30
E 1469 1 6 20
E 1469 5 -21 -63
T 1470 11 0 3 0
E 1470 0 12 38
E 1470 1 9 28
E 1470 2 6 18
T 1471 38 0 3 0
E 1471 3 -6 -18
E 1471 4 -9 -27
E 1471 5 -12 -37
T 1472 10 0 3 0
E 1472 0 12 37
E 1472 1 9 27
E 1472 2 6 18
T 1473 37 0 3 0
E 1473 3 -6 -18
E 1473 4 -9 -28
E 1473 5 -12 -38
T 1474 11 0 3 0
E 1474 0 13 39
E 1474 1 9 29
E 1474 2 6 20
T 1475 29 0 3 0
E 1475 0 5 17
E 1475 4 -7 -22
E 1475 5 -10 -31
T 1476 15 0 4 0
E 1476 0 11 35
E 1476 1 8 26
E 1476 2 5 16
E 1476 5 -4 -13
T 1477 29 0 3 0
E 1477 0 6 20
E 1477 4 -6 -19
E 1477 5 -9 -28
T 1478 14 0 4 0
E 1478 0 11 34
E 1478 1 8 25
E 1478 2 5 15
E 1478 5 -4 -14
T 1479 37 0 3 0
E 1479 3 -5 -17
E 1479 4 -8 -26
E 1479 5 -12 -36
T 1480 11 0 3 0
E 1480 0 13 39
E 1480 1 9 29
E 1480 2 6 19
T 1481 32 0 4 0
E 1481 0 5 15
E 1481 3 -4 -14
E 1481 4 -7 -23
E 1481 5 -11 -33
T 1482 11 0 3 0
E 1482 0 12 36
E 1482 1 8 26
E 1482 2 5 17
T 1483 37 0 3 0
E 1483 3 -6 -19
E 1483 4 -9 -29
E 1483 5 -13 -39
T 1484 6 0 4 0
E 1484 0 15 45
E 1484 1 11 35
E 1484 2 8 26
E 1484 3 5 16
T 1485 42 0 4 0
E 1485 2 -5 -16
E 1485 3 -8 -25
E 1485 4 -11 -35
E 1485 5 -14 -44
T 1486 4 0 4 0
E 1486 0 16 49
E 1486 1 13 40
E 1486 2 10 30
E 1486 3 6 20
T 1487 38 0 3 0
E 1487 3 -6 -20
E 1487 4 -10 -30
E 1487 5 -13 -39
T 1488 15 0 4 0
E 1488 0 11 35
E 1488 1 8 26
E 1488 2 5 16
E 1488 5 -4 -13
T 1489 33 0 4 0
E 1489 0 4 13
E 1489 3 -5 -16
E 1489 4 -8 -25
E 1489 5 -11 -35
T 1490 11 0 3 0
E 1490 0 13 39
E 1490 1 9 29
E 1490 2 6 19
T 1491 29 0 3 0
E 1491 0 5 17
E 1491 4 -7 -21
E 1491 5 -10 -31
T 1492 20 0 3 0
E 1492 0 9 29
E 1492 1 6 19
E 1492 5 -6 -19
T 1493 25 0 4 0
E 1493 0 7 23
E 1493 1 4 14
E 1493 4 -5 -15
E 1493 5 -8 -25
T 1494 20 0 3 0
E 1494 0 10 30
E 1494 1 6 20
E 1494 5 -6 -18
T 1495 32 0 4 0
E 1495 0 5 16
E 1495 3 -4 -13
E 1495 4 -7 -23
E 1495 5 -10 -32
T 1496 10 0 3 0
E 1496 0 12 37
E 1496 1 9 28
E 1496 2 6 18
T 1497 32 0 4 0
E 1497 0 5 16
E 1497 3 -4 -13
E 1497 4 -7 -23
E 1497 5 -10 -32
T 1498 16 0 4 0
E 1498 0 10 32
E 1498 1 7 23
E 1498 2 4 13
E 1498 5 -5 -16
T 1499 29 0 3 0
E 1499 0 6 20
E 1499 4 -6 -18
E 1499 5 -9 -28
T 1500 15 0 4 0
E 1500 0 11 34
E 1500 1 8 24
E 1500 2 4 14
E 1500 5 -4 -14
T 1501 38 0 3 0
E 1501 3 -6 -18
E 1501 4 -9 -27
E 1501 5 -12 -37
T 1502 5 0 4 0
E 1502 0 15 46
E 1502 1 12 36
E 1502 2 9 27
E 1502 3 5 17
T 1503 43 0 4 0
E 1503 2 -6 -18
E 1503 3 -9 -27
E 1503 4 -12 -37
E 1503 5 -15 -47
T 1504 7 0 4 0
E 1504 0 14 42
E 1504 1 10 32
E 1504 2 7 23
E 1504 3 4 13
T 1505 33 0 4 0
E 1505 0 5 15
E 1505 3 -4 -14
E 1505 4 -8 -24
E 1505 5 -11 -33
T 1506 15 0 4 0
E 1506 0 11 33
E 1506 1 8 24
E 1506 2 4 14
E 1506 5 -5 -15
T 1507 38 0 3 0
E 1507 3 -5 -17
E 1507 4 -9 -27
E 1507 5 -12 -36
T 1508 5 0 4 0
E 1508 0 14 43
E 1508 1 11 34
E 1508 2 8 24
E 1508 3 5 15
T 1509 43 0 4 0
E 1509 2 -5 -17
E 1509 3 -9 -27
E 1509 4 -12 -36
E 1509 5 -15 -46
T 1510 6 0 4 0
E 1510 0 15 46
E 1510 1 12 36
E 1510 2 8 26
E 1510 3 5 17
T 1511 37 0 3 0
E 1511 3 -6 -19
E 1511 4 -9 -28
E 1511 5 -12 -38
T 1512 16 0 4 0
E 1512 0 11 33
E 1512 1 7 23
E 1512 2 4 14
E 1512 5 -5 -15
T 1513 28 0 3 0
E 1513 0 5 16
E 1513 4 -7 -22
E 1513 5 -10 -32
T 1514 23 0 4 0
E 1514 0 8 25
E 1514 1 5 15
E 1514 4 -4 -13
E 1514 5 -7 -23
T 1515 19 0 3 0
E 1515 0 10 31
E 1515 1 7 21
E 1515 5 -5 -17
T 1516 28 0 3 0
E 1516 0 6 19
E 1516 4 -6 -19
E 1516 5 -9 -29
T 1517 20 0 3 0
E 1517 0 10 30
E 1517 1 6 20
E 1517 5 -6 -18
T 1518 29 0 3 0
E 1518 0 6 20
E 1518 4 -6 -18
E 1518 5 -9 -28
T 1519 16 0 4 0
E 1519 0 10 32
E 1519 1 7 22
E 1519 2 4 13
E 1519 5 -5 -16
T 1520 38 0 3 0
E 1520 3 -5 -17
E 1520 4 -9 -27
E 1520 5 -12 -36
T 1521 10 0 3 0
E 1521 0 12 36
E 1521 1 9 27
E 1521 2 5 17
T 1522 38 0 3 0
E 1522 3 -6 -20
E 1522 4 -10 -30
E 1522 5 -13 -39
T 1523 7 0 4 0
E 1523 0 13 41
E 1523 1 10 32
E 1523 2 7 22
E 1523 3 4 13
T 1524 42 0 4 0
E 1524 2 -5 -15
E 1524 3 -8 -25
E 1524 4 -11 -34
E 1524 5 -14 -44
T 1525 6 0 4 0
E 1525 0 14 44
E 1525 1 11 34
E 1525 2 8 24
E 1525 3 5 15
T 1526 38 0 3 0
E 1526 3 -6 -18
E 1526 4 -9 -27
E 1526 5 -12 -37
T 1527 11 0 3 0
E 1527 0 12 36
E 1527 1 8 26
E 1527 2 5 17
T 1528 28 0 3 0
E 1528 0 6 18
E 1528 4 -6 -20
E 1528 5 -10 -30
T 1529 19 0 3 0
E 1529 0 10 31
E 1529 1 7 21
E 1529 5 -5 -17
T 1530 29 0 3 0
E 1530 0 5 17
E 1530 4 -7 -22
E 1530 5 -10 -31
T 1531 20 0 3 0
E 1531 0 8 26
E 1531 1 5 17
E 1531 5 -7 -22
T 1532 24 0 4 0
E 1532 0 8 26
E 1532 1 5 16
E 1532 4 -4 -13
E 1532 5 -7 -22
T 1533 20 0 3 0
E 1533 0 8 26
E 1533 1 5 17
E 1533 5 -7 -22
T 1534 19 0 3 0
E 1534 0 9 28
E 1534 1 6 18
E 1534 5 -6 -20
T 1535 24 0 4 0
E 1535 0 8 26
E 1535 1 5 16
E 1535 4 -4 -13
E 1535 5 -7 -22
T 1536 25 0 4 0
E 1536 0 7 23
E 1536 1 4 14
E 1536 4 -5 -15
E 1536 5 -8 -25
T 1537 17 0 3 0
E 1537 0 9 28
E 1537 1 7 21
E 1537 5 -5 -17
T 1538 25 0 3 0
E 1538 0 4 13
E 1538 4 -6 -20
E 1538 5 -10 -30
T 1539 15 0 3 0
E 1539 0 6 19
E 1539 1 5 17
E 1539 5 -7 -21
T 1540 12 0 3 0
E 1540 0 6 18
E 1540 1 6 19
E 1540 5 -6 -19
T 1541 11 0 3 0
E 1541 0 4 13
E 1541 1 5 17
E 1541 5 -7 -22
T 1542 16 0 3 0
E 1542 1 5 16
E 1542 4 -4 -13
E 1542 5 -7 -22
T 1543 3 0 4 0
E 1543 0 5 16
E 1543 1 7 22
E 1543 2 5 15
E 1543 5 -4 -14
T 1544 13 0 2 0
E 1544 4 -7 -21
E 1544 5 -10 -31
T 1545 8 0 2 0
E 1545 1 4 13
E 1545 5 -5 -17
T 1546 3 0 3 0
E 1546 1 4 14
E 1546 2 5 15
E 1546 5 -4 -14
T 1547 7 0 2 0
E 1547 4 -4 -14
E 1547 5 -7 -23
T 1548 2 0 2 0
E 1548 1 4 14
E 1548 2 6 20
T 1549 2 0 1 0
E 1549 5 -6 -18
T 1550 2 0 1 0
E 1550 2 4 14
T 1551 2 0 0 0
T 1552 4 0 0 0
T 1553 8 0 0 0
T 1554 9 0 1 0
E 1554 3 4 13
T 1555 11 0 0 0
T 1556 8 0 2 0
E 1556 0 -6 -18
E 1556 5 -4 -14
T 1557 9 0 1 0
E 1557 3 4 13
T 1558 10 0 0 0
T 1559 10 0 0 0
T 1560 14 0 1 0
E 1560 4 4 14
T 1561 10 0 2 0
E 1561 0 -6 -20
E 1561 1 -4 -14
T 1562 15 0 1 0
E 1562 4 4 13
T 1563 12 0 0 0
T 1564 9 0 1 0
E 1564 0 -4 -13
T 1565 22 0 3 0
E 1565 3 4 14
E 1565 4 6 20
E 1565 5 8 24
T 1566 9 0 2 0
E 1566 0 -6 -19
E 1566 1 -4 -13
T 1567 14 0 2 0
E 1567 0 -4 -13
E 1567 5 5 17
T 1568 14 0 2 0
E 1568 0 -4 -13
E 1568 5 5 17
T 1569 21 0 2 0
E 1569 4 4 13
E 1569 5 6 19
T 1570 7 0 3 0
E 1570 0 -9 -28
E 1570 1 -7 -22
E 1570 2 -5 -16
T 1571 19 0 2 0
E 1571 4 5 17
E 1571 5 7 23
T 1572 9 0 2 0
E 1572 0 -7 -21
E 1572 1 -5 -15
T 1573 15 0 2 0
E 1573 0 -4 -14
E 1573 5 5 16
T 1574 9 0 2 0
E 1574 0 -7 -21
E 1574 1 -5 -15
T 1575 23 0 3 0
E 1575 3 4 13
E 1575 4 6 19
E 1575 5 8 25
T 1576 9 0 2 0
E 1576 0 -6 -19
E 1576 1 -4 -13
T 1577 20 0 2 0
E 1577 4 6 18
E 1577 5 8 24
T 1578 10 0 2 0
E 1578 0 -6 -20
E 1578 1 -4 -14
T 1579 15 0 2 0
E 1579 0 -5 -16
E 1579 5 4 14
T 1580 10 0 2 0
E 1580 0 -6 -20
E 1580 1 -4 -14
T 1581 20 0 2 0
E 1581 4 6 18
E 1581 5 8 24
T 1582 11 0 2 0
E 1582 0 -7 -23
E 1582 1 -5 -17
T 1583 20 0 2 0
E 1583 4 6 18
E 1583 5 8 24
T 1584 10 0 2 0
E 1584 0 -6 -20
E 1584 1 -4 -14
T 1585 16 0 2 0
E 1585 0 -5 -17
E 1585 5 4 13
T 1586 16 0 2 0
E 1586 0 -5 -17
E 1586 5 4 14
T 1587 16 0 2 0
E 1587 0 -5 -17
E 1587 5 4 14
T 1588 16 0 2 0
E 1588 0 -6 -18
E 1588 5 4 14
T 1589 16 0 2 0
E 1589 0 -5 -15
E 1589 5 6 18
T 1590 17 0 2 0
E 1590 0 -6 -18
E 1590 5 5 15
T 1591 18 0 2 0
E 1591 0 -6 -20
E 1591 5 4 14
T 1592 12 0 2 0
E 1592 0 -7 -23
E 1592 1 -4 -14
T 1593 20 0 3 0
E 1593 0 -5 -15
E 1593 4 4 14
E 1593 5 6 20
T 1594 19 0 2 0
E 1594 0 -7 -21
E 1594 5 5 15
T 1595 15 0 3 0
E 1595 0 -7 -22
E 1595 1 -4 -13
E 1595 5 4 14
T 1596 29 0 3 0
E 1596 3 4 14
E 1596 4 6 20
E 1596 5 8 26
T 1597 14 0 2 0
E 1597 0 -9 -29
E 1597 1 -6 -20
T 1598 27 0 4 0
E 1598 0 -4 -13
E 1598 3 4 13
E 1598 4 6 19
E 1598 5 8 25
T 1599 11 0 3 0
E 1599 0 -11 -35
E 1599 1 -8 -25
E 1599 2 -5 -15
T 1600 31 0 3 0
E 1600 3 5 17
E 1600 4 7 23
E 1600 5 9 29
T 1601 11 0 3 0
E 1601 0 -11 -33
E 1601 1 -7 -23
E 1601 2 -4 -14
T 1602 24 0 3 0
E 1602 0 -6 -18
E 1602 4 5 16
E 1602 5 7 22
T 1603 14 0 2 0
E 1603 0 -10 -31
E 1603 1 -7 -21
T 1604 35 0 3 0
E 1604 3 6 18
E 1604 4 8 25
E 1604 5 10 31
T 1605 10 0 3 0
E 1605 0 -12 -36
E 1605 1 -9 -27
E 1605 2 -5 -17
T 1606 31 0 4 0
E 1606 0 -5 -16
E 1606 3 4 13
E 1606 4 7 21
E 1606 5 9 27
T 1607 18 0 3 0
E 1607 0 -9 -29
E 1607 1 -6 -20
E 1607 5 4 14
T 1608 27 0 3 0
E 1608 0 -6 -19
E 1608 4 6 19
E 1608 5 8 25
T 1609 11 0 3 0
E 1609 0 -11 -34
E 1609 1 -8 -24
E 1609 2 -4 -14
T 1610 36 0 3 0
E 1610 3 7 22
E 1610 4 10 31
E 1610 5 12 38
T 1611 11 0 3 0
E 1611 0 -12 -38
E 1611 1 -9 -28
E 1611 2 -6 -19
T 1612 36 0 3 0
E 1612 3 6 20
E 1612 4 10 30
E 1612 5 12 38
T 1613 16 0 4 0
E 1613 0 -10 -32
E 1613 1 -7 -22
E 1613 2 -4 -13
E 1613 5 5 15
T 1614 29 0 3 0
E 1614 0 -7 -21
E 1614 4 6 18
E 1614 5 9 27
T 1615 23 0 4 0
E 1615 0 -8 -25
E 1615 1 -5 -16
E 1615 4 4 13
E 1615 5 7 23
T 1616 23 0 4 0
E 1616 0 -8 -25
E 1616 1 -5 -15
E 1616 4 4 14
E 1616 5 7 23
T 1617 24 0 4 0
E 1617 0 -7 -22
E 1617 1 -4 -13
E 1617 4 5 16
E 1617 5 8 26
T 1618 28 0 3 0
E 1618 0 -7 -22
E 1618 4 5 16
E 1618 5 8 26
T 1619 24 0 4 0
E 1619 0 -8 -26
E 1619 1 -5 -16
E 1619 4 4 13
E 1619 5 7 22
T 1620 20 0 3 0
E 1620 0 -8 -26
E 1620 1 -5 -17
E 1620 5 7 22
T 1621 29 0 3 0
E 1621 0 -5 -17
E 1621 4 7 22
E 1621 5 10 31
T 1622 19 0 3 0
E 1622 0 -10 -31
E 1622 1 -7 -22
E 1622 5 5 17
T 1623 29 0 3 0
E 1623 0 -5 -17
E 1623 4 7 21
E 1623 5 10 31
T 1624 11 0 3 0
E 1624 0 -12 -36
E 1624 1 -8 -26
E 1624 2 -5 -16
T 1625 34 0 4 0
E 1625 0 -4 -14
E 1625 3 5 15
E 1625 4 8 24
E 1625 5 11 34
T 1626 16 0 4 0
E 1626 0 -11 -33
E 1626 1 -7 -23
E 1626 2 -4 -14
E 1626 5 5 15
T 1627 28 0 3 0
E 1627 0 -5 -16
E 1627 4 7 22
E 1627 5 10 32
T 1628 20 0 3 0
E 1628 0 -9 -29
E 1628 1 -6 -19
E 1628 5 6 19
T 1629 29 0 3 0
E 1629 0 -7 -21
E 1629 4 6 18
E 1629 5 9 27
T 1630 20 0 3 0
E 1630 0 -9 -29
E 1630 1 -6 -20
E 1630 5 6 19
T 1631 28 0 3 0
E 1631 0 -6 -19
E 1631 4 6 20
E 1631 5 9 29
T 1632 19 0 3 0
E 1632 0 -10 -30
E 1632 1 -7 -21
E 1632 5 6 18
T 1633 28 0 3 0
E 1633 0 -6 -19
E 1633 4 6 19
E 1633 5 9 29
T 1634 16 0 4 0
E 1634 0 -11 -33
E 1634 1 -7 -23
E 1634 2 -4 -13
E 1634 5 5 15
T 1635 25 0 4 0
E 1635 0 -7 -23
E 1635 1 -4 -14
E 1635 4 5 15
E 1635 5 8 25
T 1636 25 0 4 0
E 1636 0 -7 -23
E 1636 1 -4 -13
E 1636 4 5 16
E 1636 5 8 25
T 1637 28 0 3 0
E 1637 0 -7 -21
E 1637 4 5 17
E 1637 5 9 27
T 1638 15 0 4 0
E 1638 0 -11 -35
E 1638 1 -8 -25
E 1638 2 -5 -16
E 1638 5 4 13
T 1639 29 0 3 0
E 1639 0 -6 -20
E 1639 4 6 19
E 1639 5 9 28
T 1640 19 0 3 0
E 1640 0 -9 -27
E 1640 1 -6 -18
E 1640 5 7 21
T 1641 28 0 3 0
E 1641 0 -6 -19
E 1641 4 6 20
E 1641 5 9 29
T 1642 15 0 4 0
E 1642 0 -11 -33
E 1642 1 -8 -24
E 1642 2 -4 -14
E 1642 5 5 15
T 1643 28 0 3 0
E 1643 0 -6 -19
E 1643 4 6 19
E 1643 5 9 29
T 1644 19 0 3 0
E 1644 0 -9 -28
E 1644 1 -6 -18
E 1644 5 6 20
T 1645 24 0 4 0
E 1645 0 -7 -22
E 1645 1 -4 -13
E 1645 4 5 16
E 1645 5 8 26
T 1646 16 0 4 0
E 1646 0 -10 -32
E 1646 1 -7 -22
E 1646 2 -4 -13
E 1646 5 5 16
T 1647 24 0 4 0
E 1647 0 -7 -22
E 1647 1 -4 -13
E 1647 4 5 16
E 1647 5 8 26
T 1648 20 0 3 0
E 1648 0 -8 -26
E 1648 1 -5 -16
E 1648 5 7 22
T 1649 28 0 3 0
E 1649 0 -6 -19
E 1649 4 6 20
E 1649 5 9 29
T 1650 23 0 4 0
E 1650 0 -8 -25
E 1650 1 -5 -16
E 1650 4 4 13
E 1650 5 7 23
T 1651 20 0 3 0
E 1651 0 -9 -27
E 1651 1 -5 -17
E 1651 5 7 21
T 1652 23 0 4 0
E 1652 0 -8 -24
E 1652 1 -5 -15
E 1652 4 4 14
E 1652 5 8 24
T 1653 29 0 3 0
E 1653 0 -6 -20
E 1653 4 6 18
E 1653 5 9 28
T 1654 23 0 4 0
E 1654 0 -8 -25
E 1654 1 -5 -15
E 1654 4 4 14
E 1654 5 7 23
T 1655 20 0 3 0
E 1655 0 -8 -26
E 1655 1 -5 -17
E 1655 5 7 22
T 1656 20 0 3 0
E 1656 0 -9 -27
E 1656 1 -5 -17
E 1656 5 7 21
T 1657 29 0 3 0
E 1657 0 -5 -17
E 1657 4 7 21
E 1657 5 10 31
T 1658 16 0 4 0
E 1658 0 -11 -33
E 1658 1 -7 -23
E 1658 2 -4 -14
E 1658 5 5 15
T 1659 33 0 4 0
E 1659 0 -5 -15
E 1659 3 4 14
E 1659 4 8 24
E 1659 5 11 33
T 1660 15 0 4 0
E 1660 0 -11 -33
E 1660 1 -8 -24
E 1660 2 -4 -14
E 1660 5 5 15
T 1661 34 0 4 0
E 1661 0 -4 -14
E 1661 3 5 15
E 1661 4 8 25
E 1661 5 11 34
T 1662 10 0 3 0
E 1662 0 -12 -36
E 1662 1 -9 -27
E 1662 2 -5 -17
T 1663 37 0 3 0
E 1663 3 5 17
E 1663 4 8 26
E 1663 5 12 36
T 1664 11 0 3 0
E 1664 0 -12 -37
E 1664 1 -9 -27
E 1664 2 -5 -17
T 1665 32 0 4 0
E 1665 0 -5 -15
E 1665 3 4 14
E 1665 4 7 23
E 1665 5 11 33
T 1666 16 0 4 0
E 1666 0 -10 -32
E 1666 1 -7 -22
E 1666 2 -4 -13
E 1666 5 5 16
T 1667 29 0 3 0
E 1667 0 -5 -17
E 1667 4 7 21
E 1667 5 10 31
T 1668 19 0 3 0
E 1668 0 -10 -31
E 1668 1 -7 -21
E 1668 5 5 17
T 1669 29 0 3 0
E 1669 0 -6 -18
E 1669 4 7 21
E 1669 5 10 30
T 1670 15 0 4 0
E 1670 0 -11 -35
E 1670 1 -8 -26
E 1670 2 -5 -16
E 1670 5 4 13
T 1671 38 0 3 0
E 1671 3 6 18
E 1671 4 9 28
E 1671 5 12 37
T 1672 6 0 4 0
E 1672 0 -14 -42
E 1672 1 -11 -33
E 1672 2 -7 -23
E 1672 3 -4 -14
T 1673 43 0 4 0
E 1673 2 5 17
E 1673 3 9 27
E 1673 4 12 36
E 1673 5 15 46
T 1674 6 0 4 0
E 1674 0 -15 -46
E 1674 1 -12 -36
E 1674 2 -8 -26
E 1674 3 -5 -17
T 1675 37 0 3 0
E 1675 3 6 20
E 1675 4 9 29
E 1675 5 13 39
T 1676 14 0 4 0
E 1676 0 -11 -34
E 1676 1 -8 -24
E 1676 2 -5 -15
E 1676 5 4 14
T 1677 37 0 3 0
E 1677 3 6 18
E 1677 4 9 28
E 1677 5 12 38
T 1678 6 0 4 0
E 1678 0 -15 -45
E 1678 1 -11 -35
E 1678 2 -8 -26
E 1678 3 -5 -16
T 1679 38 0 3 0
E 1679 3 7 21
E 1679 4 10 31
E 1679 5 13 40
T 1680 25 0 2 0
E 1680 1 -10 -30
E 1680 2 -6 -20
T 1681 10 0 4 0
E 1681 0 9 28
E 1681 1 -4 -13
E 1681 4 5 16
E 1681 5 8 25
T 1682 26 0 3 0
E 1682 0 5 16
E 1682 1 -9 -29
E 1682 2 -6 -19
T 1683 22 0 4 0
E 1683 0 8 24
E 1683 1 -7 -23
E 1683 2 -4 -14
E 1683 5 5 15
T 1684 31 0 3 0
E 1684 0 6 20
E 1684 1 -10 -31
E 1684 2 -7 -21
T 1685 33 0 3 0
E 1685 0 9 28
E 1685 1 -9 -27
E 1685 2 -5 -17
T 1686 19 0 3 0
E 1686 0 10 30
E 1686 1 7 21
E 1686 2 -6 -18
T 1687 26 0 4 0
E 1687 0 9 27
E 1687 1 5 17
E 1687 2 -8 -24
E 1687 3 -5 -15
T 1688 28 0 4 0
E 1688 0 8 26
E 1688 1 5 17
E 1688 2 -9 -28
E 1688 3 -6 -18
T 1689 23 0 3 0
E 1689 0 12 36
E 1689 1 8 26
E 1689 2 -7 -21
T 1690 35 0 5 0
E 1690 0 9 28
E 1690 1 6 18
E 1690 2 -11 -33
E 1690 3 -7 -23
E 1690 4 -4 -14
T 1691 31 0 4 0
E 1691 0 11 35
E 1691 1 8 26
E 1691 2 -9 -29
E 1691 3 -6 -19
T 1692 18 0 4 0
E 1692 0 12 36
E 1692 1 8 26
E 1692 2 5 17
E 1692 3 -7 -22
T 1693 36 0 5 0
E 1693 0 8 25
E 1693 1 5 16
E 1693 3 -11 -35
E 1693 4 -8 -26
E 1693 5 -5 -16
T 1694 26 0 5 0
E 1694 0 11 35
E 1694 1 8 25
E 1694 2 5 16
E 1694 3 -9 -29
E 1694 4 -6 -19
T 1695 41 0 5 0
E 1695 0 9 29
E 1695 1 6 19
E 1695 3 -12 -38
E 1695 4 -9 -29
E 1695 5 -6 -19
T 1696 24 0 5 0
E 1696 0 14 44
E 1696 1 11 35
E 1696 2 8 25
E 1696 3 -8 -26
E 1696 4 -5 -16
T 1697 48 0 5 0
E 1697 0 9 29
E 1697 1 6 19
E 1697 3 -15 -45
E 1697 4 -11 -35
E 1697 5 -8 -25
T 1698 6 0 5 0
E 1698 0 18 54
E 1698 1 15 45
E 1698 2 11 35
E 1698 3 8 26
E 1698 4 -4 -13
T 1699 53 0 3 0
E 1699 3 -6 -19
E 1699 4 -20 -60
E 1699 5 -17 -51
T 1700 5 0 5 0
E 1700 0 20 61
E 1700 1 17 51
E 1700 2 13 41
E 1700 3 10 32
E 1700 4 -4 -13
T 1701 63 0 4 0
E 1701 2 -6 -18
E 1701 3 -9 -28
E 1701 4 -25 -75
E 1701 5 -22 -66
T 1702 2 0 4 0
E 1702 0 22 68
E 1702 1 19 58
E 1702 2 16 49
E 1702 3 13 39
T 1703 66 0 4 0
E 1703 2 -6 -20
E 1703 3 -9 -29
E 1703 4 -28 -84
E 1703 5 -24 -74
T 1704 15 0 5 0
E 1704 0 24 73
E 1704 1 21 63
E 1704 2 18 54
E 1704 3 14 44
E 1704 4 11 35
T 1705 63 0 5 0
E 1705 1 -6 -19
E 1705 2 -9 -29
E 1705 3 -12 -38
E 1705 4 -16 -48
E 1705 5 -29 -89
T 1706 3 0 6 0
E 1706 0 21 63
E 1706 1 18 54
E 1706 2 14 44
E 1706 3 11 34
E 1706 4 8 25
E 1706 5 -6 -20
T 1707 61 0 5 0
E 1707 1 -4 -13
E 1707 2 -7 -22
E 1707 3 -10 -32
E 1707 4 -14 -42
E 1707 5 -29 -89
T 1708 7 0 6 0
E 1708 0 18 56
E 1708 1 15 47
E 1708 2 12 37
E 1708 3 9 28
E 1708 4 6 18
E 1708 5 -11 -33
T 1709 52 0 3 0
E 1709 3 -6 -19
E 1709 4 -9 -28
E 1709 5 -27 -83
T 1710 6 0 5 0
E 1710 0 20 60
E 1710 1 16 50
E 1710 2 13 40
E 1710 3 10 31
E 1710 4 7 21
T 1711 49 0 5 0
E 1711 1 -4 -14
E 1711 2 -8 -24
E 1711 3 -11 -34
E 1711 4 -14 -43
E 1711 5 -17 -53
T 1712 3 0 5 0
E 1712 0 18 56
E 1712 1 15 46
E 1712 2 12 37
E 1712 3 9 27
E 1712 4 5 17
T 1713 44 0 4 0
E 1713 2 -7 -21
E 1713 3 -10 -30
E 1713 4 -13 -40
E 1713 5 -16 -50
T 1714 6 0 4 0
E 1714 0 15 45
E 1714 1 11 35
E 1714 2 8 26
E 1714 3 5 16
T 1715 38 0 3 0
E 1715 3 -6 -20
E 1715 4 -10 -30
E 1715 5 -13 -39
T 1716 6 0 4 0
E 1716 0 14 44
E 1716 1 11 35
E 1716 2 8 25
E 1716 3 5 15
T 1717 34 0 4 0
E 1717 0 4 14
E 1717 3 -5 -15
E 1717 4 -8 -25
E 1717 5 -11 -34
T 1718 11 0 3 0
E 1718 0 12 38
E 1718 1 9 29
E 1718 2 6 19
T 1719 29 0 3 0
E 1719 0 5 17
E 1719 4 -7 -21
E 1719 5 -10 -31
T 1720 23 0 4 0
E 1720 0 8 25
E 1720 1 5 15
E 1720 4 -4 -14
E 1720 5 -7 -23
T 1721 23 0 4 0
E 1721 0 8 24
E 1721 1 5 15
E 1721 4 -4 -14
E 1721 5 -8 -24
T 1722 28 0 3 0
E 1722 0 7 22
E 1722 4 -5 -17
E 1722 5 -8 -26
T 1723 19 0 3 0
E 1723 0 9 28
E 1723 1 6 19
E 1723 5 -6 -20
T 1724 28 0 3 0
E 1724 0 7 21
E 1724 4 -5 -17
E 1724 5 -9 -27
T 1725 20 0 3 0
E 1725 0 10 32
E 1725 1 7 22
E 1725 5 -5 -16
T 1726 28 0 3 0
E 1726 0 7 21
E 1726 4 -5 -17
E 1726 5 -9 -27
T 1727 16 0 4 0
E 1727 0 10 32
E 1727 1 7 22
E 1727 2 4 13
E 1727 5 -5 -16
T 1728 33 0 4 0
E 1728 0 4 13
E 1728 3 -5 -15
E 1728 4 -8 -25
E 1728 5 -11 -35
T 1729 15 0 4 0
E 1729 0 11 35
E 1729 1 8 25
E 1729 2 5 16
E 1729 5 -4 -13
T 1730 33 0 4 0
E 1730 0 4 13
E 1730 3 -5 -16
E 1730 4 -8 -26
E 1730 5 -11 -35
T 1731 16 0 4 0
E 1731 0 10 32
E 1731 1 7 23
E 1731 2 4 13
E 1731 5 -5 -16
T 1732 28 0 3 0
E 1732 0 6 19
E 1732 4 -6 -20
E 1732 5 -9 -29
T 1733 16 0 4 0
E 1733 0 10 32
E 1733 1 7 23
E 1733 2 4 13
E 1733 5 -5 -16
T 1734 37 0 3 0
E 1734 3 -5 -17
E 1734 4 -8 -26
E 1734 5 -12 -36
T 1735 15 0 4 0
E 1735 0 11 35
E 1735 1 8 25
E 1735 2 5 15
E 1735 5 -4 -13
T 1736 29 0 3 0
E 1736 0 5 17
E 1736 4 -7 -21
E 1736 5 -10 -31
T 1737 16 0 4 0
E 1737 0 11 33
E 1737 1 7 23
E 1737 2 4 14
E 1737 5 -5 -15
T 1738 28 0 3 0
E 1738 0 5 16
E 1738 4 -7 -22
E 1738 5 -10 -32
T 1739 15 0 4 0
E 1739 0 11 35
E 1739 1 8 25
E 1739 2 5 16
E 1739 5 -4 -13
T 1740 38 0 3 0
E 1740 3 -6 -18
E 1740 4 -9 -28
E 1740 5 -12 -37
T 1741 15 0 4 0
E 1741 0 11 33
E 1741 1 8 24
E 1741 2 4 14
E 1741 5 -5 -15
T 1742 33 0 4 0
E 1742 0 5 15
E 1742 3 -4 -14
E 1742 4 -8 -24
E 1742 5 -11 -33
T 1743 14 0 4 0
E 1743 0 11 34
E 1743 1 8 25
E 1743 2 5 15
E 1743 5 -4 -14
T 1744 38 0 3 0
E 1744 3 -6 -18
E 1744 4 -9 -27
E 1744 5 -12 -37
T 1745 7 0 4 0
E 1745 0 14 43
E 1745 1 11 33
E 1745 2 7 23
E 1745 3 4 14
T 1746 42 0 4 0
E 1746 2 -5 -15
E 1746 3 -8 -25
E 1746 4 -11 -34
E 1746 5 -14 -44
T 1747 5 0 4 0
E 1747 0 16 48
E 1747 1 12 38
E 1747 2 9 29
E 1747 3 6 19
T 1748 37 0 3 0
E 1748 3 -7 -21
E 1748 4 -10 -31
E 1748 5 -13 -41
T 1749 11 0 3 0
E 1749 0 12 36
E 1749 1 8 26
E 1749 2 5 17
T 1750 29 0 3 0
E 1750 0 6 18
E 1750 4 -7 -21
E 1750 5 -10 -30
T 1751 19 0 3 0
E 1751 0 10 30
E 1751 1 7 21
E 1751 5 -6 -18
T 1752 28 0 3 0
E 1752 0 7 22
E 1752 4 -5 -17
E 1752 5 -8 -26
T 1753 23 0 4 0
E 1753 0 8 25
E 1753 1 5 16
E 1753 4 -4 -13
E 1753 5 -7 -23
T 1754 24 1 4 0
E 1754 0 8 24
E 1754 1 4 14
E 1754 4 -4 -14
E 1754 5 -8 -24
T 1755 28 0 3 0
E 1755 0 7 22
E 1755 4 -5 -17
E 1755 5 -8 -26
T 1756 19 0 3 0
E 1756 0 9 28
E 1756 1 6 19
E 1756 5 -6 -20
T 1757 29 0 3 0
E 1757 0 7 21
E 1757 4 -6 -18
E 1757 5 -9 -27
T 1758 10 0 3 0
E 1758 0 12 36
E 1758 1 9 27
E 1758 2 5 17
T 1759 32 0 4 0
E 1759 0 5 16
E 1759 3 -4 -13
E 1759 4 -7 -22
E 1759 5 -10 -32
T 1760 15 0 4 0
E 1760 0 11 34
E 1760 1 8 24
E 1760 2 4 14
E 1760 5 -4 -14
T 1761 28 0 3 0
E 1761 0 7 21
E 1761 4 -5 -17
E 1761 5 -9 -27
T 1762 20 0 3 0
E 1762 0 9 29
E 1762 1 6 19
E 1762 5 -6 -19
T 1763 28 0 3 0
E 1763 0 5 16
E 1763 4 -7 -22
E 1763 5 -10 -32
T 1764 20 0 3 0
E 1764 0 9 27
E 1764 1 5 17
E 1764 5 -7 -21
T 1765 25 0 4 0
E 1765 0 7 23
E 1765 1 4 13
E 1765 4 -5 -16
E 1765 5 -8 -25
T 1766 19 0 3 0
E 1766 0 10 31
E 1766 1 7 22
E 1766 5 -5 -17
T 1767 29 0 3 0
E 1767 0 6 18
E 1767 4 -7 -21
E 1767 5 -10 -30
T 1768 20 0 3 0
E 1768 0 9 29
E 1768 1 6 20
E 1768 5 -6 -19
T 1769 20 0 3 0
E 1769 0 9 27
E 1769 1 5 17
E 1769 5 -7 -21
T 1770 28 0 3 0
E 1770 0 6 19
E 1770 4 -6 -20
E 1770 5 -9 -29
T 1771 23 0 4 0
E 1771 0 8 25
E 1771 1 5 16
E 1771 4 -4 -13
E 1771 5 -7 -23
T 1772 20 0 3 0
E 1772 0 9 27
E 1772 1 5 17
E 1772 5 -7 -21
T 1773 32 0 4 0
E 1773 0 5 15
E 1773 3 -4 -13
E 1773 4 -7 -23
E 1773 5 -11 -33
T 1774 20 0 3 0
E 1774 0 10 30
E 1774 1 6 20
E 1774 5 -6 -18
T 1775 29 0 3 0
E 1775 0 6 20
E 1775 4 -6 -19
E 1775 5 -9 -28
T 1776 19 0 3 0
E 1776 0 9 28
E 1776 1 6 19
E 1776 5 -6 -20
T 1777 22 0 4 0
E 1777 0 7 23
E 1777 1 5 16
E 1777 4 -4 -13
E 1777 5 -7 -22
T 1778 16 0 3 0
E 1778 0 7 22
E 1778 1 6 18
E 1778 5 -7 -21
T 1779 15 0 3 0
E 1779 0 6 19
E 1779 1 5 17
E 1779 5 -7 -21
T 1780 13 0 3 0
E 1780 0 6 19
E 1780 1 6 20
E 1780 5 -6 -18
T 1781 22 0 2 0
E 1781 4 -5 -17
E 1781 5 -9 -27
T 1782 5 0 4 0
E 1782 0 5 16
E 1782 1 7 22
E 1782 2 4 13
E 1782 5 -5 -16
T 1783 11 0 2 0
E 1783 1 5 15
E 1783 5 -7 -21
T 1784 3 0 4 0
E 1784 0 4 14
E 1784 1 6 20
E 1784 2 5 16
E 1784 5 -4 -13
T 1785 13 0 2 0
E 1785 4 -4 -13
E 1785 5 -7 -22
T 1786 7 0 2 0
E 1786 2 4 13
E 1786 5 -5 -16
T 1787 1 0 2 0
E 1787 1 5 17
E 1787 2 7 21
T 1788 5 0 2 0
E 1788 4 -5 -15
E 1788 5 -8 -25
T 1789 4 0 1 0
E 1789 5 -4 -14
T 1790 2 0 1 0
E 1790 2 5 15
T 1791 3 0 1 0
E 1791 5 -5 -17
T 1792 3 0 0 0
T 1793 5 0 1 0
E 1793 3 5 16
T 1794 8 0 1 0
E 1794 3 4 14
T 1795 11 0 0 0
T 1796 10 0 0 0
T 1797 9 0 1 0
E 1797 3 4 13
T 1798 8 0 0 0
T 1799 12 0 1 0
E 1799 4 4 14
T 1800 10 0 1 0
E 1800 0 -5 -15
T 1801 12 0 0 0
T 1802 12 0 1 0
E 1802 0 -5 -17
T 1803 15 0 1 0
E 1803 4 4 13
T 1804 10 0 2 0
E 1804 0 -7 -22
E 1804 1 -5 -16
T 1805 20 0 2 0
E 1805 4 5 15
E 1805 5 6 19
T 1806 6 0 3 0
E 1806 0 -9 -27
E 1806 1 -7 -21
E 1806 2 -5 -15
T 1807 20 0 2 0
E 1807 4 4 14
E 1807 5 6 20
T 1808 10 0 2 0
E 1808 0 -8 -24
E 1808 1 -6 -18
T 1809 20 0 2 0
E 1809 4 5 16
E 1809 5 7 22
T 1810 8 0 3 0
E 1810 0 -8 -26
E 1810 1 -6 -20
E 1810 2 -4 -14
T 1811 19 0 2 0
E 1811 4 5 17
E 1811 5 7 23
T 1812 7 0 3 0
E 1812 0 -8 -25
E 1812 1 -6 -19
E 1812 2 -4 -13
T 1813 15 0 2 0
E 1813 0 -4 -14
E 1813 5 5 16
T 1814 10 0 2 0
E 1814 0 -7 -22
E 1814 1 -5 -16
T 1815 23 0 3 0
E 1815 3 4 13
E 1815 4 6 19
E 1815 5 8 25
T 1816 7 0 3 0
E 1816 0 -8 -25
E 1816 1 -6 -19
E 1816 2 -4 -13
T 1817 22 0 3 0
E 1817 3 4 14
E 1817 4 6 20
E 1817 5 8 26
T 1818 10 0 2 0
E 1818 0 -6 -20
E 1818 1 -4 -14
T 1819 21 0 2 0
E 1819 4 5 15
E 1819 5 7 21
T 1820 11 0 2 0
E 1820 0 -7 -23
E 1820 1 -5 -17
T 1821 15 0 2 0
E 1821 0 -5 -16
E 1821 5 4 14
T 1822 15 0 2 0
E 1822 0 -4 -14
E 1822 5 5 16
T 1823 12 0 1 0
E 1823 0 -6 -18
T 1824 20 0 2 0
E 1824 4 5 16
E 1824 5 7 22
T 1825 7 0 3 0
E 1825 0 -8 -25
E 1825 1 -6 -19
E 1825 2 -4 -13
T 1826 15 0 2 0
E 1826 0 -4 -13
E 1826 5 6 18
T 1827 16 0 2 0
E 1827 0 -5 -17
E 1827 5 4 14
T 1828 15 1 2 0
E 1828 0 -5 -15
E 1828 5 5 17
T 1829 17 0 2 0
E 1829 0 -6 -19
E 1829 5 4 14
T 1830 19 0 3 0
E 1830 0 -4 -13
E 1830 4 4 14
E 1830 5 6 20
T 1831 12 0 2 0
E 1831 0 -8 -25
E 1831 1 -5 -15
T 1832 23 0 2 0
E 1832 4 5 17
E 1832 5 7 23
T 1833 13 0 2 0
E 1833 0 -8 -26
E 1833 1 -5 -16
T 1834 22 0 3 0
E 1834 0 -5 -17
E 1834 4 4 13
E 1834 5 6 19
T 1835 14 0 2 0
E 1835 0 -9 -29
E 1835 1 -6 -20
T 1836 29 0 3 0
E 1836 3 4 14
E 1836 4 6 20
E 1836 5 8 26
T 1837 11 0 3 0
E 1837 0 -11 -35
E 1837 1 -8 -26
E 1837 2 -5 -16
T 1838 32 0 3 0
E 1838 3 6 18
E 1838 4 8 24
E 1838 5 10 30
T 1839 14 0 2 0
E 1839 0 -10 -30
E 1839 1 -6 -20
T 1840 24 0 3 0
E 1840 0 -6 -18
E 1840 4 5 15
E 1840 5 7 21
T 1841 24 0 3 0
E 1841 0 -7 -21
E 1841 4 4 13
E 1841 5 6 19
T 1842 17 0 3 0
E 1842 0 -7 -22
E 1842 1 -4 -13
E 1842 5 6 18
T 1843 24 0 3 0
E 1843 0 -6 -18
E 1843 4 5 17
E 1843 5 7 23
T 1844 18 0 3 0
E 1844 0 -9 -27
E 1844 1 -5 -17
E 1844 5 5 15
T 1845 26 0 3 0
E 1845 0 -6 -18
E 1845 4 6 18
E 1845 5 8 24
T 1846 18 0 3 0
E 1846 0 -9 -29
E 1846 1 -6 -19
E 1846 5 4 14
T 1847 23 0 4 0
E 1847 0 -7 -22
E 1847 1 -4 -13
E 1847 4 5 15
E 1847 5 7 21
T 1848 27 0 3 0
E 1848 0 -7 -22
E 1848 4 5 16
E 1848 5 7 22
T 1849 24 1 4 0
E 1849 0 -8 -24
E 1849 1 -4 -14
E 1849 4 5 15
E 1849 5 7 21
T 1850 28 0 3 0
E 1850 0 -6 -20
E 1850 4 6 18
E 1850 5 8 25
T 1851 10 0 3 0
E 1851 0 -11 -34
E 1851 1 -8 -24
E 1851 2 -5 -15
T 1852 40 0 4 0
E 1852 2 4 13
E 1852 3 7 22
E 1852 4 10 32
E 1852 5 13 40
T 1853 5 0 4 0
E 1853 0 -15 -47
E 1853 1 -12 -37
E 1853 2 -9 -28
E 1853 3 -6 -18
T 1854 42 0 4 0
E 1854 2 4 14
E 1854 3 7 23
E 1854 4 11 33
E 1854 5 14 42
T 1855 6 0 4 0
E 1855 0 -14 -44
E 1855 1 -11 -35
E 1855 2 -8 -25
E 1855 3 -5 -15
T 1856 38 0 3 0
E 1856 3 7 21
E 1856 4 10 31
E 1856 5 13 40
T 1857 14 0 4 0
E 1857 0 -11 -34
E 1857 1 -8 -25
E 1857 2 -5 -15
E 1857 5 4 14
T 1858 28 0 3 0
E 1858 0 -6 -19
E 1858 4 6 19
E 1858 5 9 29
T 1859 19 0 3 0
E 1859 0 -10 -31
E 1859 1 -7 -21
E 1859 5 5 17
T 1860 29 0 3 0
E 1860 0 -6 -20
E 1860 4 6 18
E 1860 5 9 28
T 1861 20 0 3 0
E 1861 0 -9 -29
E 1861 1 -6 -19
E 1861 5 6 19
T 1862 23 0 4 0
E 1862 0 -8 -24
E 1862 1 -5 -15
E 1862 4 4 14
E 1862 5 8 24
T 1863 23 0 4 0
E 1863 0 -8 -25
E 1863 1 -5 -15
E 1863 4 4 13
E 1863 5 7 23
T 1864 20 0 3 0
E 1864 0 -9 -27
E 1864 1 -5 -17
E 1864 5 7 21
T 1865 29 0 3 0
E 1865 0 -6 -20
E 1865 4 6 18
E 1865 5 9 28
T 1866 20 0 3 0
E 1866 0 -9 -27
E 1866 1 -5 -17
E 1866 5 7 21
T 1867 20 0 3 0
E 1867 0 -8 -26
E 1867 1 -5 -17
E 1867 5 7 22
T 1868 28 0 3 0
E 1868 0 -7 -21
E 1868 4 5 17
E 1868 5 9 27
T 1869 19 0 3 0
E 1869 0 -10 -31
E 1869 1 -7 -21
E 1869 5 5 17
T 1870 29 0 3 0
E 1870 0 -5 -17
E 1870 4 7 21
E 1870 5 10 31
T 1871 19 0 3 0
E 1871 0 -9 -28
E 1871 1 -6 -18
E 1871 5 6 20
T 1872 28 0 3 0
E 1872 0 -5 -16
E 1872 4 7 22
E 1872 5 10 32
T 1873 20 0 3 0
E 1873 0 -9 -29
E 1873 1 -6 -19
E 1873 5 6 19
T 1874 20 0 3 0
E 1874 0 -9 -27
E 1874 1 -5 -17
E 1874 5 7 21
T 1875 28 0 3 0
E 1875 0 -6 -19
E 1875 4 6 19
E 1875 5 9 29
T 1876 14 0 4 0
E 1876 0 -11 -34
E 1876 1 -8 -24
E 1876 2 -5 -15
E 1876 5 4 14
T 1877 37 0 3 0
E 1877 3 5 16
E 1877 4 8 26
E 1877 5 12 36
T 1878 14 0 4 0
E 1878 0 -11 -34
E 1878 1 -8 -24
E 1878 2 -5 -15
E 1878 5 4 14
T 1879 32 0 4 0
E 1879 0 -5 -16
E 1879 3 4 13
E 1879 4 7 23
E 1879 5 10 32
T 1880 10 0 3 0
E 1880 0 -12 -37
E 1880 1 -9 -28
E 1880 2 -6 -18
T 1881 37 0 3 0
E 1881 3 7 22
E 1881 4 10 32
E 1881 5 13 41
T 1882 15 0 4 0
E 1882 0 -11 -35
E 1882 1 -8 -26
E 1882 2 -5 -16
E 1882 5 4 13
T 1883 28 0 3 0
E 1883 0 -6 -19
E 1883 4 6 19
E 1883 5 9 29
T 1884 23 0 4 0
E 1884 0 -8 -25
E 1884 1 -5 -15
E 1884 4 4 14
E 1884 5 7 23
T 1885 25 0 4 0
E 1885 0 -7 -23
E 1885 1 -4 -14
E 1885 4 5 15
E 1885 5 8 25
T 1886 20 0 3 0
E 1886 0 -10 -30
E 1886 1 -6 -20
E 1886 5 6 18
T 1887 25 0 4 0
E 1887 0 -7 -23
E 1887 1 -4 -14
E 1887 4 5 15
E 1887 5 8 25
T 1888 16 0 4 0
E 1888 0 -10 -32
E 1888 1 -7 -22
E 1888 2 -4 -13
E 1888 5 5 16
T 1889 34 0 4 0
E 1889 0 -4 -14
E 1889 3 5 15
E 1889 4 8 25
E 1889 5 11 34
T 1890 19 0 3 0
E 1890 0 -10 -30
E 1890 1 -7 -21
E 1890 5 6 18
T 1891 24 0 4 0
E 1891 0 -8 -26
E 1891 1 -5 -16
E 1891 4 4 13
E 1891 5 7 22
T 1892 29 0 3 0
E 1892 0 -6 -20
E 1892 4 6 18
E 1892 5 9 28
T 1893 11 0 3 0
E 1893 0 -12 -36
E 1893 1 -8 -26
E 1893 2 -5 -17
T 1894 38 0 3 0
E 1894 3 6 18
E 1894 4 9 28
E 1894 5 12 37
T 1895 15 0 4 0
E 1895 0 -11 -33
E 1895 1 -8 -24
E 1895 2 -4 -14
E 1895 5 5 15
T 1896 33 0 4 0
E 1896 0 -4 -13
E 1896 3 5 16
E 1896 4 8 26
E 1896 5 11 35
T 1897 10 0 3 0
E 1897 0 -12 -36
E 1897 1 -9 -27
E 1897 2 -5 -17
T 1898 28 0 3 0
E 1898 0 -6 -18
E 1898 4 6 20
E 1898 5 10 30
T 1899 20 0 3 0
E 1899 0 -10 -30
E 1899 1 -6 -20
E 1899 5 6 18
T 1900 32 0 4 0
E 1900 0 -5 -16
E 1900 3 4 13
E 1900 4 7 22
E 1900 5 10 32
T 1901 15 0 4 0
E 1901 0 -11 -35
E 1901 1 -8 -25
E 1901 2 -5 -16
E 1901 5 4 13
T 1902 32 0 4 0
E 1902 0 -5 -15
E 1902 3 4 13
E 1902 4 7 23
E 1902 5 11 33
T 1903 10 0 3 0
E 1903 0 -12 -37
E 1903 1 -9 -27
E 1903 2 -6 -18
T 1904 38 0 3 0
E 1904 3 7 21
E 1904 4 10 31
E 1904 5 13 40
T 1905 5 0 4 0
E 1905 0 -15 -45
E 1905 1 -12 -36
E 1905 2 -8 -26
E 1905 3 -5 -16
T 1906 33 0 4 0
E 1906 0 -4 -13
E 1906 3 5 16
E 1906 4 8 26
E 1906 5 11 35
T 1907 14 0 4 0
E 1907 0 -11 -34
E 1907 1 -8 -25
E 1907 2 -5 -15
E 1907 5 4 14
T 1908 28 0 3 0
E 1908 0 -6 -18
E 1908 4 6 20
E 1908 5 10 30
T 1909 15 0 4 0
E 1909 0 -11 -34
E 1909 1 -8 -24
E 1909 2 -4 -14
E 1909 5 4 14
T 1910 24 0 4 0
E 1910 0 -7 -22
E 1910 1 -4 -13
E 1910 4 5 16
E 1910 5 8 26
T 1911 29 0 3 0
E 1911 0 -7 -21
E 1911 4 6 18
E 1911 5 9 27
T 1912 16 0 4 0
E 1912 0 -10 -32
E 1912 1 -7 -23
E 1912 2 -4 -13
E 1912 5 5 16
T 1913 28 0 3 0
E 1913 0 -6 -18
E 1913 4 6 20
E 1913 5 10 30
T 1914 19 0 3 0
E 1914 0 -9 -28
E 1914 1 -6 -18
E 1914 5 6 20
T 1915 29 0 3 0
E 1915 0 -6 -20
E 1915 4 6 18
E 1915 5 9 28
T 1916 20 0 3 0
E 1916 0 -9 -29
E 1916 1 -6 -19
E 1916 5 6 19
T 1917 32 0 4 0
E 1917 0 -5 -15
E 1917 3 4 13
E 1917 4 7 23
E 1917 5 11 33
T 1918 16 0 4 0
E 1918 0 -11 -33
E 1918 1 -7 -23
E 1918 2 -4 -14
E 1918 5 5 15
T 1919 33 0 4 0
E 1919 0 -4 -13
E 1919 3 5 16
E 1919 4 8 26
E 1919 5 11 35
T 1920 13 0 3 0
E 1920 0 6 19
E 1920 1 -6 -20
E 1920 5 6 19
T 1921 19 1 4 0
E 1921 0 6 19
E 1921 1 -7 -22
E 1921 2 -4 -13
E 1921 5 5 16
T 1922 17 0 3 0
E 1922 0 8 24
E 1922 1 -7 -21
E 1922 5 6 18
T 1923 31 0 4 0
E 1923 0 5 15
E 1923 1 -10 -32
E 1923 2 -7 -23
E 1923 3 -4 -13
T 1924 16 0 4 0
E 1924 0 12 37
E 1924 1 -4 -14
E 1924 4 5 15
E 1924 5 8 24
T 1925 39 0 4 0
E 1925 0 5 15
E 1925 1 -13 -40
E 1925 2 -10 -30
E 1925 3 -6 -20
T 1926 5 0 4 0
E 1926 0 15 45
E 1926 1 12 36
E 1926 4 5 17
E 1926 5 8 26
T 1927 36 0 4 0
E 1927 0 4 13
E 1927 2 -12 -38
E 1927 3 -9 -29
E 1927 4 -6 -19
T 1928 21 0 3 0
E 1928 0 12 36
E 1928 1 9 27
E 1928 2 -6 -18
T 1929 42 0 4 0
E 1929 0 5 17
E 1929 2 -13 -40
E 1929 3 -10 -31
E 1929 4 -7 -21
T 1930 24 0 3 0
E 1930 0 14 43
E 1930 1 11 33
E 1930 2 -6 -18
T 1931 38 0 5 0
E 1931 0 9 27
E 1931 1 6 18
E 1931 2 -12 -37
E 1931 3 -9 -27
E 1931 4 -5 -17
T 1932 17 0 4 0
E 1932 0 13 39
E 1932 1 9 29
E 1932 2 6 20
E 1932 3 -6 -19
T 1933 45 0 4 0
E 1933 0 5 17
E 1933 3 -14 -43
E 1933 4 -11 -34
E 1933 5 -8 -24
T 1934 16 0 4 0
E 1934 0 15 46
E 1934 1 12 36
E 1934 2 9 27
E 1934 3 -6 -18
T 1935 50 0 4 0
E 1935 0 7 21
E 1935 3 -15 -46
E 1935 4 -12 -37
E 1935 5 -9 -27
T 1936 15 0 4 0
E 1936 0 18 55
E 1936 1 15 46
E 1936 2 12 36
E 1936 3 -5 -15
T 1937 63 0 3 0
E 1937 3 -20 -62
E 1937 4 -17 -52
E 1937 5 -14 -42
T 1938 0 0 4 0
E 1938 0 20 62
E 1938 1 17 53
E 1938 2 14 43
E 1938 3 11 34
T 1939 63 0 5 0
E 1939 1 -4 -14
E 1939 2 -7 -23
E 1939 3 -11 -33
E 1939 4 -24 -74
E 1939 5 -21 -65
T 1940 1 0 4 0
E 1940 0 21 65
E 1940 1 18 55
E 1940 2 15 45
E 1940 3 12 36
T 1941 64 0 4 0
E 1941 2 -7 -21
E 1941 3 -10 -31
E 1941 4 -26 -78
E 1941 5 -23 -69
T 1942 3 0 4 0
E 1942 0 23 70
E 1942 1 20 60
E 1942 2 17 51
E 1942 3 13 41
T 1943 65 0 4 0
E 1943 2 -5 -17
E 1943 3 -8 -26
E 1943 4 -27 -81
E 1943 5 -23 -71
T 1944 13 0 5 0
E 1944 0 23 70
E 1944 1 20 60
E 1944 2 17 51
E 1944 3 13 41
E 1944 4 10 32
T 1945 72 0 6 0
E 1945 0 -5 -15
E 1945 1 -8 -25
E 1945 2 -11 -35
E 1945 3 -14 -44
E 1945 4 -18 -54
E 1945 5 -31 -95
T 1946 19 0 5 0
E 1946 0 26 78
E 1946 1 23 69
E 1946 2 19 59
E 1946 3 16 49
E 1946 4 13 40
T 1947 82 0 6 0
E 1947 0 -7 -23
E 1947 1 -11 -33
E 1947 2 -14 -42
E 1947 3 -17 -52
E 1947 4 -20 -62
E 1947 5 -36 -109
T 1948 24 0 5 0
E 1948 0 28 86
E 1948 1 25 77
E 1948 2 22 67
E 1948 3 19 58
E 1948 4 16 48
T 1949 79 0 6 0
E 1949 0 -6 -18
E 1949 1 -9 -28
E 1949 2 -12 -37
E 1949 3 -15 -47
E 1949 4 -18 -56
E 1949 5 -37 -111
T 1950 32 0 6 0
E 1950 0 27 83
E 1950 1 24 73
E 1950 2 21 63
E 1950 3 18 54
E 1950 4 14 44
E 1950 5 11 35
T 1951 74 0 6 0
E 1951 0 -9 -28
E 1951 1 -12 -37
E 1951 2 -15 -47
E 1951 3 -19 -57
E 1951 4 -22 -66
E 1951 5 -25 -76
T 1952 25 0 6 0
E 1952 0 25 75
E 1952 1 21 65
E 1952 2 18 56
E 1952 3 15 46
E 1952 4 12 36
E 1952 5 9 27
T 1953 65 0 6 0
E 1953 0 -6 -20
E 1953 1 -9 -29
E 1953 2 -13 -39
E 1953 3 -16 -48
E 1953 4 -19 -58
E 1953 5 -22 -68
T 1954 12 0 6 0
E 1954 0 20 62
E 1954 1 17 52
E 1954 2 14 43
E 1954 3 11 33
E 1954 4 8 24
E 1954 5 4 14
T 1955 54 0 5 0
E 1955 1 -6 -20
E 1955 2 -10 -30
E 1955 3 -13 -39
E 1955 4 -16 -49
E 1955 5 -19 -58
T 1956 4 0 5 0
E 1956 0 18 56
E 1956 1 15 47
E 1956 2 12 37
E 1956 3 9 27
E 1956 4 6 18
T 1957 43 0 4 0
E 1957 2 -5 -17
E 1957 3 -9 -27
E 1957 4 -12 -37
E 1957 5 -15 -46
T 1958 6 0 4 0
E 1958 0 14 44
E 1958 1 11 35
E 1958 2 8 25
E 1958 3 5 16
T 1959 41 0 4 0
E 1959 2 -4 -13
E 1959 3 -7 -23
E 1959 4 -10 -32
E 1959 5 -14 -42
T 1960 11 0 3 0
E 1960 0 13 39
E 1960 1 9 29
E 1960 2 6 19
T 1961 38 0 3 0
E 1961 3 -7 -21
E 1961 4 -10 -30
E 1961 5 -13 -40
T 1962 10 0 3 0
E 1962 0 12 37
E 1962 1 9 27
E 1962 2 6 18
T 1963 33 0 4 0
E 1963 0 4 14
E 1963 3 -4 -14
E 1963 4 -8 -24
E 1963 5 -11 -34
T 1964 19 0 3 0
E 1964 0 10 31
E 1964 1 7 21
E 1964 5 -5 -17
T 1965 29 0 3 0
E 1965 0 5 17
E 1965 4 -7 -22
E 1965 5 -10 -31
T 1966 19 0 3 0
E 1966 0 9 27
E 1966 1 6 18
E 1966 5 -7 -21
T 1967 33 0 4 0
E 1967 0 5 15
E 1967 3 -4 -14
E 1967 4 -8 -24
E 1967 5 -11 -33
T 1968 10 0 3 0
E 1968 0 12 36
E 1968 1 9 27
E 1968 2 5 17
T 1969 37 0 3 0
E 1969 3 -5 -17
E 1969 4 -8 -26
E 1969 5 -12 -36
T 1970 6 0 4 0
E 1970 0 15 45
E 1970 1 11 35
E 1970 2 8 25
E 1970 3 5 16
T 1971 42 0 4 0
E 1971 2 -5 -15
E 1971 3 -8 -25
E 1971 4 -11 -34
E 1971 5 -14 -44
T 1972 5 0 4 0
E 1972 0 16 48
E 1972 1 12 38
E 1972 2 9 29
E 1972 3 6 19
T 1973 42 0 4 0
E 1973 2 -5 -17
E 1973 3 -8 -26
E 1973 4 -12 -36
E 1973 5 -15 -46
T 1974 11 0 3 0
E 1974 0 13 41
E 1974 1 10 31
E 1974 2 7 22
T 1975 32 0 4 0
E 1975 0 5 16
E 1975 3 -4 -13
E 1975 4 -7 -23
E 1975 5 -10 -32
T 1976 19 0 3 0
E 1976 0 9 28
E 1976 1 6 19
E 1976 5 -6 -20
T 1977 32 0 4 0
E 1977 0 5 16
E 1977 3 -4 -13
E 1977 4 -7 -23
E 1977 5 -10 -32
T 1978 19 0 3 0
E 1978 0 9 28
E 1978 1 6 19
E 1978 5 -6 -20
T 1979 32 0 4 0
E 1979 0 5 15
E 1979 3 -4 -14
E 1979 4 -7 -23
E 1979 5 -11 -33
T 1980 11 0 3 0
E 1980 0 13 39
E 1980 1 9 29
E 1980 2 6 19
T 1981 34 0 4 0
E 1981 0 4 14
E 1981 3 -5 -15
E 1981 4 -8 -24
E 1981 5 -11 -34
T 1982 10 0 3 0
E 1982 0 13 40
E 1982 1 10 30
E 1982 2 7 21
T 1983 37 0 3 0
E 1983 3 -7 -21
E 1983 4 -10 -31
E 1983 5 -13 -41
T 1984 14 0 4 0
E 1984 0 11 34
E 1984 1 8 24
E 1984 2 5 15
E 1984 5 -4 -14
T 1985 29 0 3 0
E 1985 0 6 20
E 1985 4 -6 -19
E 1985 5 -9 -28
T 1986 20 0 3 0
E 1986 0 9 29
E 1986 1 6 20
E 1986 5 -6 -19
T 1987 19 0 3 0
E 1987 0 9 28
E 1987 1 6 18
E 1987 5 -6 -20
T 1988 28 0 3 0
E 1988 0 5 16
E 1988 4 -7 -22
E 1988 5 -10 -32
T 1989 24 1 4 0
E 1989 0 8 24
E 1989 1 4 14
E 1989 4 -4 -14
E 1989 5 -8 -24
T 1990 19 0 3 0
E 1990 0 9 28
E 1990 1 6 18
E 1990 5 -6 -20
T 1991 34 0 4 0
E 1991 0 4 14
E 1991 3 -5 -15
E 1991 4 -8 -24
E 1991 5 -11 -34
T 1992 20 0 3 0
E 1992 0 10 30
E 1992 1 6 20
E 1992 5 -6 -18
T 1993 28 0 3 0
E 1993 0 6 18
E 1993 4 -6 -20
E 1993 5 -10 -30
T 1994 20 0 3 0
E 1994 0 9 27
E 1994 1 5 17
E 1994 5 -7 -21
T 1995 23 0 4 0
E 1995 0 8 25
E 1995 1 5 15
E 1995 4 -4 -14
E 1995 5 -7 -23
T 1996 23 0 4 0
E 1996 0 8 25
E 1996 1 5 16
E 1996 4 -4 -13
E 1996 5 -7 -23
T 1997 20 0 3 0
E 1997 0 9 27
E 1997 1 5 17
E 1997 5 -7 -21
T 1998 29 0 3 0
E 1998 0 6 20
E 1998 4 -6 -18
E 1998 5 -9 -28
T 1999 11 0 3 0
E 1999 0 12 36
E 1999 1 8 26
E 1999 2 5 17
T 2000 28 0 3 0
E 2000 0 6 19
E 2000 4 -6 -20
E 2000 5 -9 -29
T 2001 15 0 4 0
E 2001 0 11 35
E 2001 1 8 26
E 2001 2 5 16
E 2001 5 -4 -13
T 2002 28 0 3 0
E 2002 0 7 22
E 2002 4 -5 -17
E 2002 5 -8 -26
T 2003 15 0 4 0
E 2003 0 11 33
E 2003 1 8 24
E 2003 2 4 14
E 2003 5 -5 -15
T 2004 25 0 4 0
E 2004 0 7 23
E 2004 1 4 13
E 2004 4 -5 -15
E 2004 5 -8 -25
T 2005 25 0 4 0
E 2005 0 7 23
E 2005 1 4 13
E 2005 4 -5 -16
E 2005 5 -8 -25
T 2006 29 0 3 0
E 2006 0 6 20
E 2006 4 -6 -18
E 2006 5 -9 -28
T 2007 11 0 3 0
E 2007 0 12 36
E 2007 1 8 26
E 2007 2 5 17
T 2008 37 0 3 0
E 2008 3 -7 -21
E 2008 4 -10 -31
E 2008 5 -13 -41
T 2009 6 0 4 0
E 2009 0 14 43
E 2009 1 11 33
E 2009 2 8 24
E 2009 3 4 14
T 2010 38 0 3 0
E 2010 3 -6 -18
E 2010 4 -9 -28
E 2010 5 -12 -37
T 2011 11 0 3 0
E 2011 0 12 38
E 2011 1 9 29
E 2011 2 6 19
T 2012 37 0 3 0
E 2012 3 -6 -19
E 2012 4 -9 -29
E 2012 5 -12 -38
T 2013 6 0 4 0
E 2013 0 14 44
E 2013 1 11 35
E 2013 2 8 25
E 2013 3 5 16
T 2014 43 0 4 0
E 2014 2 -5 -17
E 2014 3 -9 -27
E 2014 4 -12 -36
E 2014 5 -15 -46
T 2015 5 0 4 0
E 2015 0 15 47
E 2015 1 12 37
E 2015 2 9 27
E 2015 3 6 18
T 2016 38 0 3 0
E 2016 3 -7 -21
E 2016 4 -10 -30
E 2016 5 -13 -40
T 2017 9 0 3 0
E 2017 0 11 33
E 2017 1 8 26
E 2017 2 5 17
T 2018 32 0 3 0
E 2018 3 -6 -18
E 2018 4 -9 -28
E 2018 5 -12 -38
T 2019 1 0 4 0
E 2019 0 11 35
E 2019 1 11 33
E 2019 2 8 24
E 2019 3 4 14
T 2020 32 0 4 0
E 2020 2 -5 -15
E 2020 3 -8 -24
E 2020 4 -11 -34
E 2020 5 -14 -43
T 2021 2 0 3 0
E 2021 0 9 28
E 2021 1 10 32
E 2021 2 7 22
T 2022 22 0 3 0
E 2022 3 -4 -14
E 2022 4 -8 -24
E 2022 5 -11 -33
T 2023 5 0 4 0
E 2023 0 8 24
E 2023 1 10 30
E 2023 2 7 23
E 2023 3 4 14
T 2024 17 0 3 0
E 2024 3 -6 -18
E 2024 4 -9 -27
E 2024 5 -12 -37
T 2025 2 0 3 0
E 2025 0 5 17
E 2025 1 7 23
E 2025 2 7 21
T 2026 7 0 1 0
E 2026 5 -7 -22
T 2027 2 0 2 0
E 2027 1 4 14
E 2027 2 6 18
T 2028 2 0 2 0
E 2028 2 5 15
E 2028 5 -4 -14
T 2029 2 0 1 0
E 2029 5 -5 -17
T 2030 1 0 1 0
E 2030 5 -4 -14
T 2031 1 0 1 0
E 2031 5 -5 -15
T 2032 6 0 2 0
E 2032 2 5 16
E 2032 3 5 17
T 2033 5 0 0 0
T 2034 8 0 0 0
T 2035 9 0 0 0
T 2036 12 0 0 0
T 2037 7 0 0 0
T 2038 8 0 0 0
T 2039 12 0 1 0
E 2039 4 4 14
T 2040 12 0 0 0
T 2041 13 0 1 0
E 2041 4 5 16
T 2042 10 0 1 0
E 2042 0 -5 -15
T 2043 11 0 1 0
E 2043 0 -5 -16
T 2044 12 0 1 0
E 2044 0 -6 -18
T 2045 9 0 2 0
E 2045 0 -6 -19
E 2045 1 -4 -13
T 2046 20 0 2 0
E 2046 4 5 16
E 2046 5 7 22
T 2047 15 1 2 0
E 2047 0 -5 -15
E 2047 5 5 15
T 2048 18 0 1 0
E 2048 5 6 18
T 2049 15 1 2 0
E 2049 0 -5 -15
E 2049 5 5 15
T 2050 12 0 1 0
E 2050 0 -6 -18
T 2051 9 0 2 0
E 2051 0 -6 -19
E 2051 1 -4 -13
T 2052 18 0 1 0
E 2052 5 6 18
T 2053 10 0 2 0
E 2053 0 -6 -20
E 2053 1 -4 -14
T 2054 20 0 2 0
E 2054 4 4 14
E 2054 5 6 20
T 2055 15 0 2 0
E 2055 0 -5 -16
E 2055 5 4 14
T 2056 12 0 1 0
E 2056 0 -6 -18
T 2057 15 1 2 0
E 2057 0 -5 -15
E 2057 5 5 15
T 2058 12 0 1 0
E 2058 0 -6 -18
T 2059 9 0 2 0
E 2059 0 -6 -19
E 2059 1 -4 -13
T 2060 20 0 2 0
E 2060 4 6 18
E 2060 5 8 24
T 2061 7 0 3 0
E 2061 0 -8 -25
E 2061 1 -6 -19
E 2061 2 -4 -13
T 2062 23 0 3 0
E 2062 3 4 13
E 2062 4 6 19
E 2062 5 8 25
T 2063 6 0 3 0
E 2063 0 -10 -30
E 2063 1 -8 -24
E 2063 2 -6 -18
T 2064 21 0 2 0
E 2064 4 4 13
E 2064 5 6 19
T 2065 15 0 2 0
E 2065 0 -5 -16
E 2065 5 4 14
T 2066 13 0 1 0
E 2066 0 -6 -19
T 2067 10 0 2 0
E 2067 0 -6 -20
E 2067 1 -4 -13
T 2068 23 0 2 0
E 2068 4 5 15
E 2068 5 7 21
T 2069 8 0 3 0
E 2069 0 -10 -30
E 2069 1 -7 -21
E 2069 2 -5 -15
T 2070 22 0 2 0
E 2070 4 5 17
E 2070 5 7 23
T 2071 12 0 2 0
E 2071 0 -7 -23
E 2071 1 -4 -13
T 2072 20 0 3 0
E 2072 0 -5 -15
E 2072 4 4 13
E 2072 5 6 19
T 2073 12 0 2 0
E 2073 0 -8 -24
E 2073 1 -4 -14
T 2074 22 0 3 0
E 2074 0 -5 -15
E 2074 4 5 15
E 2074 5 7 21
T 2075 11 0 2 0
E 2075 0 -8 -24
E 2075 1 -5 -15
T 2076 30 0 3 0
E 2076 3 4 13
E 2076 4 6 19
E 2076 5 8 25
T 2077 14 0 2 0
E 2077 0 -10 -31
E 2077 1 -7 -22
T 2078 19 0 2 0
E 2078 0 -7 -21
E 2078 5 5 17
T 2079 13 0 2 0
E 2079 0 -9 -27
E 2079 1 -5 -17
T 2080 24 0 3 0
E 2080 0 -6 -18
E 2080 4 5 15
E 2080 5 7 21
T 2081 24 0 3 0
E 2081 0 -7 -21
E 2081 4 4 13
E 2081 5 6 19
T 2082 25 0 3 0
E 2082 0 -6 -19
E 2082 4 5 15
E 2082 5 7 21
T 2083 17 0 3 0
E 2083 0 -9 -27
E 2083 1 -5 -17
E 2083 5 4 14
T 2084 29 0 4 0
E 2084 0 -5 -16
E 2084 3 4 13
E 2084 4 6 20
E 2084 5 8 26
T 2085 14 0 2 0
E 2085 0 -10 -31
E 2085 1 -7 -22
T 2086 26 0 3 0
E 2086 0 -6 -18
E 2086 4 6 19
E 2086 5 8 25
T 2087 23 0 4 0
E 2087 0 -7 -22
E 2087 1 -4 -13
E 2087 4 5 15
E 2087 5 7 21
T 2088 26 0 3 0
E 2088 0 -7 -21
E 2088 4 5 17
E 2088 5 7 23
T 2089 19 0 3 0
E 2089 0 -10 -32
E 2089 1 -7 -22
E 2089 5 4 13
T 2090 28 0 3 0
E 2090 0 -5 -17
E 2090 4 7 21
E 2090 5 9 28
T 2091 15 0 4 0
E 2091 0 -11 -33
E 2091 1 -7 -23
E 2091 2 -4 -14
E 2091 5 4 13
T 2092 28 0 3 0
E 2092 0 -5 -17
E 2092 4 7 21
E 2092 5 9 29
T 2093 20 0 3 0
E 2093 0 -8 -26
E 2093 1 -5 -16
E 2093 5 7 21
T 2094 28 0 3 0
E 2094 0 -7 -22
E 2094 4 5 17
E 2094 5 8 26
T 2095 15 0 4 0
E 2095 0 -11 -35
E 2095 1 -8 -26
E 2095 2 -5 -16
E 2095 5 4 13
T 2096 28 0 3 0
E 2096 0 -7 -22
E 2096 4 5 17
E 2096 5 8 26
T 2097 23 0 4 0
E 2097 0 -8 -25
E 2097 1 -5 -16
E 2097 4 4 13
E 2097 5 7 23
T 2098 20 0 3 0
E 2098 0 -10 -30
E 2098 1 -6 -20
E 2098 5 6 18
T 2099 25 0 4 0
E 2099 0 -7 -23
E 2099 1 -4 -13
E 2099 4 5 16
E 2099 5 8 25
T 2100 20 0 3 0
E 2100 0 -9 -29
E 2100 1 -6 -20
E 2100 5 6 19
T 2101 24 0 4 0
E 2101 0 -8 -26
E 2101 1 -5 -16
E 2101 4 4 13
E 2101 5 7 22
T 2102 19 0 3 0
E 2102 0 -10 -31
E 2102 1 -7 -22
E 2102 5 5 17
T 2103 28 0 3 0
E 2103 0 -7 -22
E 2103 4 5 16
E 2103 5 8 26
T 2104 15 0 4 0
E 2104 0 -11 -34
E 2104 1 -8 -24
E 2104 2 -4 -14
E 2104 5 4 14
T 2105 32 0 4 0
E 2105 0 -5 -15
E 2105 3 4 14
E 2105 4 7 23
E 2105 5 11 33
T 2106 11 0 3 0
E 2106 0 -12 -38
E 2106 1 -9 -28
E 2106 2 -6 -19
T 2107 37 0 3 0
E 2107 3 6 20
E 2107 4 10 30
E 2107 5 13 40
T 2108 15 0 4 0
E 2108 0 -11 -35
E 2108 1 -8 -25
E 2108 2 -5 -16
E 2108 5 4 13
T 2109 29 0 3 0
E 2109 0 -6 -18
E 2109 4 7 21
E 2109 5 10 30
T 2110 19 0 3 0
E 2110 0 -9 -27
E 2110 1 -6 -18
E 2110 5 7 21
T 2111 28 0 3 0
E 2111 0 -7 -22
E 2111 4 5 17
E 2111 5 8 26
T 2112 19 0 3 0
E 2112 0 -9 -27
E 2112 1 -6 -18
E 2112 5 7 21
T 2113 28 0 3 0
E 2113 0 -6 -18
E 2113 4 6 20
E 2113 5 10 30
T 2114 16 0 4 0
E 2114 0 -11 -33
E 2114 1 -7 -23
E 2114 2 -4 -13
E 2114 5 5 15
T 2115 32 0 4 0
E 2115 0 -5 -16
E 2115 3 4 13
E 2115 4 7 22
E 2115 5 10 32
T 2116 11 0 3 0
E 2116 0 -12 -38
E 2116 1 -9 -28
E 2116 2 -6 -19
T 2117 37 0 3 0
E 2117 3 6 20
E 2117 4 10 30
E 2117 5 13 40
T 2118 16 0 4 0
E 2118 0 -11 -33
E 2118 1 -7 -23
E 2118 2 -4 -14
E 2118 5 5 15
T 2119 33 0 4 0
E 2119 0 -5 -15
E 2119 3 4 14
E 2119 4 8 24
E 2119 5 11 33
T 2120 16 0 4 0
E 2120 0 -10 -32
E 2120 1 -7 -23
E 2120 2 -4 -13
E 2120 5 5 16
T 2121 29 0 3 0
E 2121 0 -7 -21
E 2121 4 6 18
E 2121 5 9 27
T 2122 23 0 4 0
E 2122 0 -8 -25
E 2122 1 -5 -16
E 2122 4 4 13
E 2122 5 7 23
T 2123 28 0 3 0
E 2123 0 -7 -22
E 2123 4 5 16
E 2123 5 8 26
T 2124 24 0 4 0
E 2124 0 -8 -26
E 2124 1 -5 -16
E 2124 4 4 13
E 2124 5 7 22
T 2125 19 0 3 0
E 2125 0 -10 -31
E 2125 1 -7 -22
E 2125 5 5 17
T 2126 33 0 4 0
E 2126 0 -5 -15
E 2126 3 4 14
E 2126 4 8 24
E 2126 5 11 33
T 2127 19 0 3 0
E 2127 0 -9 -28
E 2127 1 -6 -19
E 2127 5 6 20
T 2128 25 0 4 0
E 2128 0 -7 -23
E 2128 1 -4 -13
E 2128 4 5 15
E 2128 5 8 25
T 2129 16 0 4 0
E 2129 0 -11 -33
E 2129 1 -7 -23
E 2129 2 -4 -13
E 2129 5 5 15
T 2130 38 0 3 0
E 2130 3 6 18
E 2130 4 9 27
E 2130 5 12 37
T 2131 5 0 4 0
E 2131 0 -15 -46
E 2131 1 -12 -36
E 2131 2 -9 -27
E 2131 3 -5 -17
T 2132 37 0 3 0
E 2132 3 6 19
E 2132 4 9 29
E 2132 5 13 39
T 2133 11 0 3 0
E 2133 0 -12 -38
E 2133 1 -9 -28
E 2133 2 -6 -19
T 2134 34 0 4 0
E 2134 0 -4 -14
E 2134 3 5 15
E 2134 4 8 25
E 2134 5 11 34
T 2135 19 0 3 0
E 2135 0 -10 -30
E 2135 1 -7 -21
E 2135 5 6 18
T 2136 25 0 4 0
E 2136 0 -7 -23
E 2136 1 -4 -13
E 2136 4 5 16
E 2136 5 8 25
T 2137 19 0 3 0
E 2137 0 -10 -30
E 2137 1 -7 -21
E 2137 5 6 18
T 2138 29 0 3 0
E 2138 0 -5 -17
E 2138 4 7 21
E 2138 5 10 31
T 2139 20 0 3 0
E 2139 0 -10 -32
E 2139 1 -7 -22
E 2139 5 5 16
T 2140 28 0 3 0
E 2140 0 -7 -21
E 2140 4 5 17
E 2140 5 9 27
T 2141 16 0 4 0
E 2141 0 -10 -32
E 2141 1 -7 -22
E 2141 2 -4 -13
E 2141 5 5 16
T 2142 24 0 4 0
E 2142 0 -7 -22
E 2142 1 -4 -13
E 2142 4 5 16
E 2142 5 8 26
T 2143 28 0 3 0
E 2143 0 -7 -21
E 2143 4 5 17
E 2143 5 9 27
T 2144 11 0 3 0
E 2144 0 -12 -36
E 2144 1 -8 -26
E 2144 2 -5 -16
T 2145 32 0 4 0
E 2145 0 -5 -16
E 2145 3 4 13
E 2145 4 7 22
E 2145 5 10 32
T 2146 19 0 3 0
E 2146 0 -10 -31
E 2146 1 -7 -21
E 2146 5 5 17
T 2147 28 0 3 0
E 2147 0 -6 -18
E 2147 4 6 20
E 2147 5 10 30
T 2148 20 0 3 0
E 2148 0 -9 -29
E 2148 1 -6 -19
E 2148 5 6 19
T 2149 20 0 3 0
E 2149 0 -9 -27
E 2149 1 -5 -17
E 2149 5 7 21
T 2150 29 0 3 0
E 2150 0 -6 -20
E 2150 4 6 18
E 2150 5 9 28
T 2151 16 0 4 0
E 2151 0 -11 -33
E 2151 1 -7 -23
E 2151 2 -4 -14
E 2151 5 5 15
T 2152 28 0 3 0
E 2152 0 -6 -18
E 2152 4 6 20
E 2152 5 10 30
T 2153 20 0 3 0
E 2153 0 -8 -26
E 2153 1 -5 -16
E 2153 5 7 22
T 2154 25 0 4 0
E 2154 0 -7 -23
E 2154 1 -4 -13
E 2154 4 5 16
E 2154 5 8 25
T 2155 19 0 3 0
E 2155 0 -9 -28
E 2155 1 -6 -19
E 2155 5 6 20
T 2156 23 0 4 0
E 2156 0 -8 -25
E 2156 1 -5 -15
E 2156 4 4 14
E 2156 5 7 23
T 2157 23 0 4 0
E 2157 0 -8 -24
E 2157 1 -5 -15
E 2157 4 4 14
E 2157 5 8 24
T 2158 24 1 4 0
E 2158 0 -8 -24
E 2158 1 -4 -14
E 2158 4 4 14
E 2158 5 8 24
T 2159 29 0 3 0
E 2159 0 -6 -20
E 2159 4 6 19
E 2159 5 9 28
T 2160 13 0 3 0
E 2160 0 6 19
E 2160 1 -6 -20
E 2160 5 6 19
T 2161 27 0 2 0
E 2161 1 -10 -31
E 2161 2 -7 -22
T 2162 9 0 3 0
E 2162 0 11 35
E 2162 4 6 19
E 2162 5 9 29
T 2163 28 0 3 0
E 2163 0 5 16
E 2163 1 -10 -31
E 2163 2 -7 -22
T 2164 26 0 4 0
E 2164 0 9 27
E 2164 1 -8 -24
E 2164 2 -4 -14
E 2164 5 4 14
T 2165 33 0 3 0
E 2165 0 8 25
E 2165 1 -10 -30
E 2165 2 -6 -20
T 2166 20 0 3 0
E 2166 0 9 29
E 2166 1 6 20
E 2166 2 -6 -19
T 2167 35 0 4 0
E 2167 0 6 18
E 2167 2 -11 -33
E 2167 3 -8 -24
E 2167 4 -4 -14
T 2168 18 0 4 0
E 2168 0 12 38
E 2168 1 9 29
E 2168 2 -5 -16
E 2168 5 4 13
T 2169 45 0 5 0
E 2169 0 5 16
E 2169 2 -13 -41
E 2169 3 -10 -32
E 2169 4 -7 -22
E 2169 5 -4 -13
T 2170 20 0 4 0
E 2170 0 15 46
E 2170 1 12 36
E 2170 2 -5 -15
E 2170 5 4 14
T 2171 52 0 5 0
E 2171 0 6 18
E 2171 2 -15 -46
E 2171 3 -12 -36
E 2171 4 -8 -26
E 2171 5 -5 -17
T 2172 5 0 4 0
E 2172 0 18 56
E 2172 1 15 46
E 2172 2 12 37
E 2172 5 6 18
T 2173 50 0 3 0
E 2173 3 -16 -48
E 2173 4 -13 -39
E 2173 5 -9 -29
T 2174 11 0 3 0
E 2174 0 17 53
E 2174 1 14 43
E 2174 2 11 34
T 2175 56 0 3 0
E 2175 3 -18 -56
E 2175 4 -15 -47
E 2175 5 -12 -37
T 2176 15 0 4 0
E 2176 0 18 54
E 2176 1 15 45
E 2176 2 11 35
E 2176 3 -5 -16
T 2177 63 0 3 0
E 2177 3 -21 -63
E 2177 4 -17 -53
E 2177 5 -14 -43
T 2178 0 0 4 0
E 2178 0 20 62
E 2178 1 17 53
E 2178 2 14 43
E 2178 3 11 34
T 2179 63 0 5 0
E 2179 1 -4 -13
E 2179 2 -7 -22
E 2179 3 -10 -32
E 2179 4 -24 -73
E 2179 5 -21 -64
T 2180 5 0 5 0
E 2180 0 20 60
E 2180 1 16 50
E 2180 2 13 40
E 2180 3 10 31
E 2180 4 -4 -14
T 2181 60 0 4 0
E 2181 2 -4 -13
E 2181 3 -7 -23
E 2181 4 -23 -70
E 2181 5 -20 -61
T 2182 6 0 5 0
E 2182 0 20 62
E 2182 1 17 52
E 2182 2 14 43
E 2182 3 11 33
E 2182 4 -6 -18
T 2183 61 0 3 0
E 2183 3 -6 -18
E 2183 4 -24 -73
E 2183 5 -21 -63
T 2184 1 0 6 0
E 2184 0 19 58
E 2184 1 16 48
E 2184 2 13 39
E 2184 3 9 29
E 2184 4 6 20
E 2184 5 -6 -19
T 2185 55 0 4 0
E 2185 2 -6 -18
E 2185 3 -9 -27
E 2185 4 -12 -37
E 2185 5 -26 -78
T 2186 15 0 5 0
E 2186 0 16 50
E 2186 1 13 41
E 2186 2 10 31
E 2186 3 7 21
E 2186 5 -11 -33
T 2187 45 0 4 0
E 2187 0 5 15
E 2187 3 -4 -14
E 2187 4 -8 -24
E 2187 5 -23 -71
T 2188 17 0 5 0
E 2188 0 16 48
E 2188 1 13 39
E 2188 2 9 29
E 2188 3 6 20
E 2188 5 -13 -41
T 2189 38 0 4 0
E 2189 0 8 25
E 2189 1 5 15
E 2189 4 -4 -13
E 2189 5 -22 -68
T 2190 6 0 4 0
E 2190 0 15 46
E 2190 1 12 36
E 2190 2 8 26
E 2190 3 5 17
T 2191 37 0 3 0
E 2191 3 -7 -22
E 2191 4 -10 -31
E 2191 5 -13 -41
T 2192 10 0 3 0
E 2192 0 12 37
E 2192 1 9 27
E 2192 2 6 18
T 2193 28 0 3 0
E 2193 0 5 16
E 2193 4 -7 -22
E 2193 5 -10 -32
T 2194 15 0 4 0
E 2194 0 11 35
E 2194 1 8 25
E 2194 2 5 16
E 2194 5 -4 -13
T 2195 29 0 3 0
E 2195 0 6 18
E 2195 4 -7 -21
E 2195 5 -10 -30
T 2196 23 0 4 0
E 2196 0 8 24
E 2196 1 5 15
E 2196 4 -4 -14
E 2196 5 -8 -24
T 2197 28 0 3 0
E 2197 0 7 22
E 2197 4 -5 -17
E 2197 5 -8 -26
T 2198 19 0 3 0
E 2198 0 9 27
E 2198 1 6 18
E 2198 5 -7 -21
T 2199 28 0 3 0
E 2199 0 6 19
E 2199 4 -6 -19
E 2199 5 -9 -29
T 2200 20 0 3 0
E 2200 0 9 27
E 2200 1 5 17
E 2200 5 -7 -21
T 2201 23 0 4 0
E 2201 0 8 25
E 2201 1 5 16
E 2201 4 -4 -13
E 2201 5 -7 -23
T 2202 20 0 3 0
E 2202 0 10 30
E 2202 1 6 20
E 2202 5 -6 -18
T 2203 28 0 3 0
E 2203 0 6 19
E 2203 4 -6 -19
E 2203 5 -9 -29
T 2204 23 0 4 0
E 2204 0 8 25
E 2204 1 5 15
E 2204 4 -4 -13
E 2204 5 -7 -23
T 2205 29 0 3 0
E 2205 0 6 20
E 2205 4 -6 -19
E 2205 5 -9 -28
T 2206 15 0 4 0
E 2206 0 11 33
E 2206 1 8 24
E 2206 2 4 14
E 2206 5 -5 -15
T 2207 34 0 4 0
E 2207 0 4 14
E 2207 3 -5 -15
E 2207 4 -8 -25
E 2207 5 -11 -34
T 2208 14 0 4 0
E 2208 0 11 34
E 2208 1 8 25
E 2208 2 5 15
E 2208 5 -4 -14
T 2209 28 0 3 0
E 2209 0 7 21
E 2209 4 -5 -17
E 2209 5 -9 -27
T 2210 25 0 4 0
E 2210 0 8 24
E 2210 1 4 14
E 2210 4 -5 -15
E 2210 5 -8 -24
T 2211 29 0 3 0
E 2211 0 6 20
E 2211 4 -6 -18
E 2211 5 -9 -28
T 2212 14 0 4 0
E 2212 0 11 34
E 2212 1 8 24
E 2212 2 5 15
E 2212 5 -4 -14
T 2213 37 0 3 0
E 2213 3 -6 -18
E 2213 4 -9 -28
E 2213 5 -12 -38
T 2214 15 0 4 0
E 2214 0 11 35
E 2214 1 8 25
E 2214 2 5 16
E 2214 5 -4 -13
T 2215 38 0 3 0
E 2215 3 -6 -18
E 2215 4 -9 -28
E 2215 5 -12 -37
T 2216 10 0 3 0
E 2216 0 12 37
E 2216 1 9 28
E 2216 2 6 18
T 2217 37 0 3 0
E 2217 3 -7 -22
E 2217 4 -10 -32
E 2217 5 -13 -41
T 2218 6 0 4 0
E 2218 0 14 44
E 2218 1 11 35
E 2218 2 8 25
E 2218 3 5 16
T 2219 43 0 4 0
E 2219 2 -5 -17
E 2219 3 -9 -27
E 2219 4 -12 -36
E 2219 5 -15 -46
T 2220 7 0 4 0
E 2220 0 14 43
E 2220 1 11 33
E 2220 2 7 23
E 2220 3 4 14
T 2221 37 0 3 0
E 2221 3 -5 -17
E 2221 4 -8 -26
E 2221 5 -12 -36
T 2222 7 0 4 0
E 2222 0 14 42
E 2222 1 10 32
E 2222 2 7 23
E 2222 3 4 13
T 2223 41 0 4 0
E 2223 2 -4 -14
E 2223 3 -7 -23
E 2223 4 -11 -33
E 2223 5 -14 -43
T 2224 6 0 4 0
E 2224 0 14 44
E 2224 1 11 34
E 2224 2 8 25
E 2224 3 5 15
T 2225 43 0 4 0
E 2225 2 -5 -17
E 2225 3 -8 -26
E 2225 4 -12 -36
E 2225 5 -15 -45
T 2226 4 0 4 0
E 2226 0 16 48
E 2226 1 13 39
E 2226 2 9 29
E 2226 3 6 19
T 2227 38 0 3 0
E 2227 3 -7 -21
E 2227 4 -10 -31
E 2227 5 -13 -40
T 2228 10 0 3 0
E 2228 0 13 39
E 2228 1 10 30
E 2228 2 6 20
T 2229 38 0 3 0
E 2229 3 -7 -21
E 2229 4 -10 -30
E 2229 5 -13 -40
T 2230 11 0 3 0
E 2230 0 12 38
E 2230 1 9 28
E 2230 2 6 18
T 2231 33 0 4 0
E 2231 0 4 13
E 2231 3 -5 -16
E 2231 4 -8 -25
E 2231 5 -11 -35
T 2232 20 0 3 0
E 2232 0 10 30
E 2232 1 6 20
E 2232 5 -6 -18
T 2233 25 0 4 0
E 2233 0 7 23
E 2233 1 4 14
E 2233 4 -5 -15
E 2233 5 -8 -25
T 2234 25 0 4 0
E 2234 0 7 23
E 2234 1 4 13
E 2234 4 -5 -15
E 2234 5 -8 -25
T 2235 20 0 3 0
E 2235 0 10 32
E 2235 1 7 22
E 2235 5 -5 -16
T 2236 28 0 3 0
E 2236 0 6 18
E 2236 4 -6 -20
E 2236 5 -10 -30
T 2237 20 0 3 0
E 2237 0 9 27
E 2237 1 5 17
E 2237 5 -7 -21
T 2238 28 0 3 0
E 2238 0 7 21
E 2238 4 -5 -17
E 2238 5 -9 -27
T 2239 20 0 3 0
E 2239 0 9 27
E 2239 1 5 17
E 2239 5 -7 -21
T 2240 29 0 3 0
E 2240 0 6 18
E 2240 4 -7 -21
E 2240 5 -10 -30
T 2241 19 0 3 0
E 2241 0 9 27
E 2241 1 6 18
E 2241 5 -7 -21
T 2242 23 0 4 0
E 2242 0 8 25
E 2242 1 5 15
E 2242 4 -4 -14
E 2242 5 -7 -23
T 2243 20 0 3 0
E 2243 0 9 29
E 2243 1 6 20
E 2243 5 -6 -19
T 2244 20 0 3 0
E 2244 0 9 27
E 2244 1 5 17
E 2244 5 -7 -21
T 2245 20 0 3 0
E 2245 0 9 27
E 2245 1 5 17
E 2245 5 -7 -21
T 2246 23 0 4 0
E 2246 0 8 25
E 2246 1 5 16
E 2246 4 -4 -13
E 2246 5 -7 -23
T 2247 20 0 3 0
E 2247 0 9 29
E 2247 1 6 19
E 2247 5 -6 -19
T 2248 29 0 3 0
E 2248 0 5 17
E 2248 4 -7 -21
E 2248 5 -10 -31
T 2249 10 0 3 0
E 2249 0 12 37
E 2249 1 9 27
E 2249 2 6 18
T 2250 38 0 3 0
E 2250 3 -7 -21
E 2250 4 -10 -31
E 2250 5 -13 -40
T 2251 10 0 3 0
E 2251 0 12 37
E 2251 1 9 28
E 2251 2 6 18
T 2252 33 0 4 0
E 2252 0 5 15
E 2252 3 -4 -14
E 2252 4 -8 -24
E 2252 5 -11 -33
T 2253 19 0 3 0
E 2253 0 10 31
E 2253 1 7 22
E 2253 5 -5 -17
T 2254 28 0 3 0
E 2254 0 6 19
E 2254 4 -6 -19
E 2254 5 -9 -29
T 2255 20 0 3 0
E 2255 0 9 27
E 2255 1 5 17
E 2255 5 -7 -21
T 2256 29 0 3 0
E 2256 0 5 17
E 2256 4 -7 -21
E 2256 5 -10 -31
T 2257 17 0 3 0
E 2257 0 8 25
E 2257 1 6 18
E 2257 5 -6 -20
T 2258 25 0 3 0
E 2258 0 4 14
E 2258 4 -6 -19
E 2258 5 -9 -29
T 2259 5 0 3 0
E 2259 0 10 30
E 2259 1 9 28
E 2259 2 6 19
T 2260 23 0 2 0
E 2260 4 -6 -20
E 2260 5 -9 -29
T 2261 1 0 3 0
E 2261 0 8 24
E 2261 1 9 28
E 2261 2 6 18
T 2262 19 0 2 0
E 2262 4 -6 -19
E 2262 5 -9 -28
T 2263 1 0 3 0
E 2263 0 6 19
E 2263 1 8 25
E 2263 2 6 18
T 2264 15 0 2 0
E 2264 4 -4 -14
E 2264 5 -8 -24
T 2265 3 0 3 0
E 2265 0 5 15
E 2265 1 7 21
E 2265 2 6 19
T 2266 8 0 2 0
E 2266 4 -6 -20
E 2266 5 -10 -30
T 2267 1 0 2 0
E 2267 1 5 16
E 2267 2 6 20
T 2268 2 0 2 0
E 2268 2 4 13
E 2268 5 -5 -16
T 2269 0 0 1 0
E 2269 2 6 18
T 2270 0 0 1 0
E 2270 5 -5 -16
T 2271 1 0 1 0
E 2271 5 -4 -14
T 2272 6 0 0 0
T 2273 6 0 1 0
E 2273 5 -4 -14
T 2274 6 0 0 0
T 2275 6 0 0 0
T 2276 6 0 0 0
T 2277 8 0 0 0
T 2278 10 0 1 0
E 2278 0 -4 -14
T 2279 9 0 1 0
E 2279 0 -4 -13
T 2280 13 0 1 0
E 2280 4 5 16
T 2281 15 0 1 0
E 2281 4 4 13
T 2282 11 0 1 0
E 2282 0 -5 -16
T 2283 9 0 1 0
E 2283 0 -4 -13
T 2284 16 0 1 0
E 2284 5 4 13
T 2285 9 0 2 0
E 2285 0 -7 -21
E 2285 1 -5 -15
T 2286 23 0 3 0
E 2286 3 4 13
E 2286 4 6 19
E 2286 5 8 25
T 2287 6 0 3 0
E 2287 0 -10 -30
E 2287 1 -8 -24
E 2287 2 -6 -18
T 2288 22 0 3 0
E 2288 3 4 14
E 2288 4 6 20
E 2288 5 8 26
T 2289 16 0 2 0
E 2289 0 -5 -17
E 2289 5 4 13
T 2290 9 0 2 0
E 2290 0 -7 -21
E 2290 1 -5 -15
T 2291 22 0 3 0
E 2291 3 4 14
E 2291 4 6 20
E 2291 5 8 26
T 2292 9 0 2 0
E 2292 0 -7 -21
E 2292 1 -5 -15
T 2293 15 0 2 0
E 2293 0 -5 -16
E 2293 5 4 14
T 2294 20 0 2 0
E 2294 4 4 14
E 2294 5 6 20
T 2295 9 0 2 0
E 2295 0 -6 -19
E 2295 1 -4 -13
T 2296 21 0 2 0
E 2296 4 4 13
E 2296 5 6 19
T 2297 15 0 2 0
E 2297 0 -5 -16
E 2297 5 4 14
T 2298 10 0 2 0
E 2298 0 -6 -20
E 2298 1 -4 -14
T 2299 19 0 2 0
E 2299 4 5 17
E 2299 5 7 23
T 2300 7 0 3 0
E 2300 0 -8 -25
E 2300 1 -6 -19
E 2300 2 -4 -13
T 2301 24 0 3 0
E 2301 3 5 15
E 2301 4 7 21
E 2301 5 9 27
T 2302 3 0 4 0
E 2302 0 -10 -31
E 2302 1 -8 -25
E 2302 2 -6 -19
E 2302 3 -4 -13
T 2303 22 0 3 0
E 2303 3 4 14
E 2303 4 6 20
E 2303 5 8 26
T 2304 7 0 3 0
E 2304 0 -8 -25
E 2304 1 -6 -19
E 2304 2 -4 -13
T 2305 15 0 2 0
E 2305 0 -4 -14
E 2305 5 5 16
T 2306 13 0 1 0
E 2306 0 -6 -19
T 2307 15 1 2 0
E 2307 0 -5 -15
E 2307 5 5 16
T 2308 17 0 2 0
E 2308 0 -6 -19
E 2308 5 4 13
T 2309 11 0 2 0
E 2309 0 -7 -22
E 2309 1 -4 -13
T 2310 23 0 2 0
E 2310 4 5 16
E 2310 5 7 22
T 2311 13 0 2 0
E 2311 0 -8 -26
E 2311 1 -5 -16
T 2312 27 0 3 0
E 2312 3 4 13
E 2312 4 6 19
E 2312 5 8 25
T 2313 12 0 2 0
E 2313 0 -7 -23
E 2313 1 -4 -13
T 2314 18 1 2 0
E 2314 0 -6 -18
E 2314 5 6 18
T 2315 15 0 3 0
E 2315 0 -7 -22
E 2315 1 -4 -13
E 2315 5 4 14
T 2316 19 0 2 0
E 2316 0 -6 -20
E 2316 5 5 17
T 2317 19 1 2 0
E 2317 0 -6 -19
E 2317 5 6 18
T 2318 24 0 3 0
E 2318 0 -5 -17
E 2318 4 5 15
E 2318 5 7 21
T 2319 14 0 2 0
E 2319 0 -9 -29
E 2319 1 -6 -19
T 2320 24 0 3 0
E 2320 0 -5 -15
E 2320 4 6 18
E 2320 5 8 24
T 2321 11 0 3 0
E 2321 0 -10 -32
E 2321 1 -7 -22
E 2321 2 -4 -13
T 2322 32 0 3 0
E 2322 3 6 20
E 2322 4 8 26
E 2322 5 10 32
T 2323 11 0 3 0
E 2323 0 -13 -39
E 2323 1 -9 -29
E 2323 2 -6 -20
T 2324 35 0 3 0
E 2324 3 5 17
E 2324 4 8 24
E 2324 5 10 30
T 2325 11 0 3 0
E 2325 0 -11 -35
E 2325 1 -8 -26
E 2325 2 -5 -16
T 2326 35 0 3 0
E 2326 3 6 18
E 2326 4 8 26
E 2326 5 10 32
T 2327 10 0 3 0
E 2327 0 -12 -36
E 2327 1 -9 -27
E 2327 2 -5 -17
T 2328 35 0 3 0
E 2328 3 5 17
E 2328 4 8 26
E 2328 5 10 32
T 2329 18 0 3 0
E 2329 0 -10 -31
E 2329 1 -7 -21
E 2329 5 4 14
T 2330 24 0 4 0
E 2330 0 -7 -23
E 2330 1 -4 -14
E 2330 4 5 15
E 2330 5 7 22
T 2331 19 0 3 0
E 2331 0 -9 -28
E 2331 1 -6 -18
E 2331 5 6 18
T 2332 24 0 4 0
E 2332 0 -7 -23
E 2332 1 -4 -14
E 2332 4 5 15
E 2332 5 7 23
T 2333 28 0 3 0
E 2333 0 -7 -22
E 2333 4 5 16
E 2333 5 8 25
T 2334 20 0 3 0
E 2334 0 -10 -30
E 2334 1 -6 -20
E 2334 5 6 18
T 2335 29 0 3 0
E 2335 0 -6 -20
E 2335 4 6 18
E 2335 5 9 28
T 2336 24 0 4 0
E 2336 0 -8 -26
E 2336 1 -5 -16
E 2336 4 4 13
E 2336 5 7 22
T 2337 19 0 3 0
E 2337 0 -9 -28
E 2337 1 -6 -19
E 2337 5 6 20
T 2338 28 0 3 0
E 2338 0 -6 -19
E 2338 4 6 19
E 2338 5 9 29
T 2339 20 0 3 0
E 2339 0 -9 -27
E 2339 1 -5 -17
E 2339 5 7 21
T 2340 23 0 4 0
E 2340 0 -8 -24
E 2340 1 -5 -15
E 2340 4 4 14
E 2340 5 8 24
T 2341 29 0 3 0
E 2341 0 -7 -21
E 2341 4 6 18
E 2341 5 9 27
T 2342 19 0 3 0
E 2342 0 -9 -28
E 2342 1 -6 -19
E 2342 5 6 20
T 2343 20 0 3 0
E 2343 0 -9 -27
E 2343 1 -5 -17
E 2343 5 7 21
T 2344 29 0 3 0
E 2344 0 -6 -18
E 2344 4 7 21
E 2344 5 10 30
T 2345 14 0 4 0
E 2345 0 -11 -34
E 2345 1 -8 -25
E 2345 2 -5 -15
E 2345 5 4 14
T 2346 29 0 3 0
E 2346 0 -6 -18
E 2346 4 7 21
E 2346 5 10 30
T 2347 10 0 3 0
E 2347 0 -12 -36
E 2347 1 -9 -27
E 2347 2 -5 -17
T 2348 33 0 4 0
E 2348 0 -4 -13
E 2348 3 5 16
E 2348 4 8 25
E 2348 5 11 35
T 2349 11 0 3 0
E 2349 0 -13 -41
E 2349 1 -10 -31
E 2349 2 -7 -21
T 2350 34 0 4 0
E 2350 0 -4 -14
E 2350 3 5 15
E 2350 4 8 24
E 2350 5 11 34
T 2351 16 0 4 0
E 2351 0 -11 -33
E 2351 1 -7 -23
E 2351 2 -4 -14
E 2351 5 5 15
T 2352 29 0 3 0
E 2352 0 -6 -20
E 2352 4 6 18
E 2352 5 9 28
T 2353 20 0 3 0
E 2353 0 -8 -26
E 2353 1 -5 -16
E 2353 5 7 22
T 2354 19 0 3 0
E 2354 0 -9 -28
E 2354 1 -6 -18
E 2354 5 6 20
T 2355 28 0 3 0
E 2355 0 -6 -19
E 2355 4 6 19
E 2355 5 9 29
T 2356 14 0 4 0
E 2356 0 -11 -34
E 2356 1 -8 -24
E 2356 2 -5 -15
E 2356 5 4 14
T 2357 29 0 3 0
E 2357 0 -6 -20
E 2357 4 6 18
E 2357 5 9 28
T 2358 14 0 4 0
E 2358 0 -11 -34
E 2358 1 -8 -24
E 2358 2 -5 -15
E 2358 5 4 14
T 2359 28 0 3 0
E 2359 0 -6 -19
E 2359 4 6 20
E 2359 5 9 29
T 2360 15 0 4 0
E 2360 0 -11 -35
E 2360 1 -8 -26
E 2360 2 -5 -16
E 2360 5 4 13
T 2361 34 0 4 0
E 2361 0 -4 -14
E 2361 3 5 15
E 2361 4 8 25
E 2361 5 11 34
T 2362 15 0 4 0
E 2362 0 -11 -35
E 2362 1 -8 -26
E 2362 2 -5 -16
E 2362 5 4 13
T 2363 29 0 3 0
E 2363 0 -6 -20
E 2363 4 6 18
E 2363 5 9 28
T 2364 19 0 3 0
E 2364 0 -9 -28
E 2364 1 -6 -18
E 2364 5 6 20
T 2365 32 0 4 0
E 2365 0 -5 -15
E 2365 3 4 14
E 2365 4 7 23
E 2365 5 11 33
T 2366 14 0 4 0
E 2366 0 -11 -34
E 2366 1 -8 -24
E 2366 2 -5 -15
E 2366 5 4 14
T 2367 33 0 4 0
E 2367 0 -4 -14
E 2367 3 4 14
E 2367 4 8 24
E 2367 5 11 34
T 2368 20 0 3 0
E 2368 0 -9 -29
E 2368 1 -6 -19
E 2368 5 6 19
T 2369 28 0 3 0
E 2369 0 -6 -19
E 2369 4 6 20
E 2369 5 9 29
T 2370 19 0 3 0
E 2370 0 -10 -31
E 2370 1 -7 -22
E 2370 5 5 17
T 2371 28 0 3 0
E 2371 0 -6 -19
E 2371 4 6 20
E 2371 5 9 29
T 2372 14 0 4 0
E 2372 0 -11 -34
E 2372 1 -8 -25
E 2372 2 -5 -15
E 2372 5 4 14
T 2373 28 0 3 0
E 2373 0 -7 -22
E 2373 4 5 16
E 2373 5 8 26
T 2374 16 0 4 0
E 2374 0 -11 -33
E 2374 1 -7 -23
E 2374 2 -4 -13
E 2374 5 5 15
T 2375 32 0 4 0
E 2375 0 -5 -15
E 2375 3 4 14
E 2375 4 7 23
E 2375 5 11 33
T 2376 20 0 3 0
E 2376 0 -10 -30
E 2376 1 -6 -20
E 2376 5 6 18
T 2377 28 0 3 0
E 2377 0 -6 -18
E 2377 4 6 20
E 2377 5 10 30
T 2378 16 0 4 0
E 2378 0 -11 -33
E 2378 1 -7 -23
E 2378 2 -4 -14
E 2378 5 5 15
T 2379 29 0 3 0
E 2379 0 -5 -17
E 2379 4 7 22
E 2379 5 10 31
T 2380 23 0 4 0
E 2380 0 -8 -24
E 2380 1 -5 -15
E 2380 4 4 14
E 2380 5 8 24
T 2381 20 0 3 0
E 2381 0 -9 -29
E 2381 1 -6 -19
E 2381 5 6 19
T 2382 23 0 4 0
E 2382 0 -8 -24
E 2382 1 -5 -15
E 2382 4 4 14
E 2382 5 8 24
T 2383 28 0 3 0
E 2383 0 -6 -19
E 2383 4 6 19
E 2383 5 9 29
T 2384 16 0 4 0
E 2384 0 -11 -33
E 2384 1 -7 -23
E 2384 2 -4 -13
E 2384 5 5 15
T 2385 24 0 4 0
E 2385 0 -7 -22
E 2385 1 -4 -13
E 2385 4 5 16
E 2385 5 8 26
T 2386 24 0 4 0
E 2386 0 -8 -26
E 2386 1 -5 -16
E 2386 4 4 13
E 2386 5 7 22
T 2387 20 0 3 0
E 2387 0 -9 -29
E 2387 1 -6 -20
E 2387 5 6 19
T 2388 32 0 4 0
E 2388 0 -5 -16
E 2388 3 4 13
E 2388 4 7 22
E 2388 5 10 32
T 2389 15 0 4 0
E 2389 0 -11 -34
E 2389 1 -8 -24
E 2389 2 -4 -14
E 2389 5 4 14
T 2390 34 0 4 0
E 2390 0 -4 -14
E 2390 3 5 15
E 2390 4 8 24
E 2390 5 11 34
T 2391 7 0 4 0
E 2391 0 -14 -42
E 2391 1 -10 -32
E 2391 2 -7 -23
E 2391 3 -4 -13
T 2392 42 0 4 0
E 2392 2 5 16
E 2392 3 8 25
E 2392 4 11 35
E 2392 5 15 45
T 2393 5 0 4 0
E 2393 0 -15 -46
E 2393 1 -12 -36
E 2393 2 -9 -27
E 2393 3 -5 -17
T 2394 37 0 3 0
E 2394 3 6 19
E 2394 4 9 29
E 2394 5 12 38
T 2395 6 0 4 0
E 2395 0 -14 -44
E 2395 1 -11 -35
E 2395 2 -8 -25
E 2395 3 -5 -15
T 2396 42 0 4 0
E 2396 2 4 14
E 2396 3 8 24
E 2396 4 11 34
E 2396 5 14 43
T 2397 4 0 4 0
E 2397 0 -16 -48
E 2397 1 -13 -39
E 2397 2 -9 -29
E 2397 3 -6 -20
T 2398 37 0 3 0
E 2398 3 6 20
E 2398 4 9 29
E 2398 5 13 39
T 2399 11 0 3 0
E 2399 0 -12 -38
E 2399 1 -9 -28
E 2399 2 -6 -18
T 2400 1 0 4 0
E 2400 0 11 34
E 2400 3 5 15
E 2400 4 8 24
E 2400 5 11 34
T 2401 31 0 3 0
E 2401 1 -12 -36
E 2401 2 -9 -27
E 2401 3 -5 -17
T 2402 4 0 4 0
E 2402 0 13 39
E 2402 3 4 13
E 2402 4 7 23
E 2402 5 11 33
T 2403 37 0 3 0
E 2403 1 -12 -37
E 2403 2 -9 -28
E 2403 3 -6 -18
T 2404 22 0 3 0
E 2404 0 11 33
E 2404 1 -6 -18
E 2404 5 6 20
T 2405 37 0 4 0
E 2405 0 7 21
E 2405 1 -11 -34
E 2405 2 -8 -24
E 2405 3 -4 -14
T 2406 5 0 4 0
E 2406 0 14 43
E 2406 1 11 34
E 2406 4 5 15
E 2406 5 8 24
T 2407 45 0 4 0
E 2407 2 -14 -42
E 2407 3 -11 -33
E 2407 4 -7 -23
E 2407 5 -4 -13
T 2408 7 0 4 0
E 2408 0 17 51
E 2408 1 14 42
E 2408 4 5 16
E 2408 5 8 26
T 2409 54 0 4 0
E 2409 2 -16 -49
E 2409 3 -13 -40
E 2409 4 -10 -30
E 2409 5 -7 -21
T 2410 15 0 3 0
E 2410 0 17 52
E 2410 1 14 42
E 2410 5 6 20
T 2411 56 0 5 0
E 2411 0 4 13
E 2411 2 -17 -51
E 2411 3 -13 -41
E 2411 4 -10 -31
E 2411 5 -7 -22
T 2412 2 0 5 0
E 2412 0 21 63
E 2412 1 17 53
E 2412 2 14 44
E 2412 4 5 15
E 2412 5 8 25
T 2413 54 0 4 0
E 2413 2 -4 -14
E 2413 3 -18 -55
E 2413 4 -15 -46
E 2413 5 -12 -36
T 2414 11 0 3 0
E 2414 0 18 56
E 2414 1 15 46
E 2414 2 12 37
T 2415 57 0 3 0
E 2415 3 -18 -55
E 2415 4 -15 -46
E 2415 5 -12 -36
T 2416 10 0 3 0
E 2416 0 20 60
E 2416 1 17 51
E 2416 2 13 41
T 2417 63 0 3 0
E 2417 3 -21 -63
E 2417 4 -17 -53
E 2417 5 -14 -43
T 2418 0 0 4 0
E 2418 0 19 58
E 2418 1 16 49
E 2418 2 13 39
E 2418 3 10 30
T 2419 52 0 3 0
E 2419 3 -7 -21
E 2419 4 -20 -62
E 2419 5 -17 -53
T 2420 16 0 6 0
E 2420 0 16 50
E 2420 1 13 40
E 2420 2 10 30
E 2420 3 7 21
E 2420 4 -8 -24
E 2420 5 -4 -14
T 2421 51 0 4 0
E 2421 0 5 15
E 2421 3 -4 -14
E 2421 4 -20 -61
E 2421 5 -17 -52
T 2422 15 0 6 0
E 2422 0 18 55
E 2422 1 15 45
E 2422 2 12 36
E 2422 3 8 26
E 2422 4 -8 -25
E 2422 5 -5 -15
T 2423 56 0 4 0
E 2423 0 4 14
E 2423 3 -4 -14
E 2423 4 -23 -69
E 2423 5 -19 -59
T 2424 5 0 6 0
E 2424 0 18 54
E 2424 1 14 44
E 2424 2 11 35
E 2424 3 8 25
E 2424 4 5 16
E 2424 5 -7 -23
T 2425 53 0 4 0
E 2425 2 -5 -16
E 2425 3 -8 -25
E 2425 4 -11 -35
E 2425 5 -25 -76
T 2426 0 0 6 0
E 2426 0 20 60
E 2426 1 17 51
E 2426 2 13 41
E 2426 3 10 31
E 2426 4 7 22
E 2426 5 -7 -23
T 2427 56 0 4 0
E 2427 2 -6 -18
E 2427 3 -9 -28
E 2427 4 -12 -38
E 2427 5 -28 -85
T 2428 2 0 6 0
E 2428 0 20 60
E 2428 1 17 51
E 2428 2 13 41
E 2428 3 10 32
E 2428 4 7 22
E 2428 5 -9 -29
T 2429 53 0 3 0
E 2429 3 -7 -21
E 2429 4 -10 -30
E 2429 5 -28 -85
T 2430 4 0 5 0
E 2430 0 19 58
E 2430 1 16 48
E 2430 2 12 38
E 2430 3 9 29
E 2430 4 6 19
T 2431 50 0 5 0
E 2431 1 -5 -15
E 2431 2 -8 -25
E 2431 3 -11 -35
E 2431 4 -14 -44
E 2431 5 -18 -54
T 2432 5 0 4 0
E 2432 0 15 47
E 2432 1 12 37
E 2432 2 9 28
E 2432 3 6 18
T 2433 43 0 4 0
E 2433 2 -6 -18
E 2433 3 -9 -27
E 2433 4 -12 -37
E 2433 5 -15 -47
T 2434 5 0 4 0
E 2434 0 15 47
E 2434 1 12 37
E 2434 2 9 28
E 2434 3 6 18
T 2435 42 0 4 0
E 2435 2 -5 -16
E 2435 3 -8 -25
E 2435 4 -11 -35
E 2435 5 -14 -44
T 2436 4 0 4 0
E 2436 0 16 48
E 2436 1 13 39
E 2436 2 9 29
E 2436 3 6 19
T 2437 38 0 3 0
E 2437 3 -7 -21
E 2437 4 -10 -31
E 2437 5 -13 -40
T 2438 11 0 3 0
E 2438 0 12 38
E 2438 1 9 29
E 2438 2 6 19
T 2439 33 0 4 0
E 2439 0 4 13
E 2439 3 -5 -16
E 2439 4 -8 -25
E 2439 5 -11 -35
T 2440 11 0 3 0
E 2440 0 12 37
E 2440 1 9 27
E 2440 2 5 17
T 2441 37 0 3 0
E 2441 3 -6 -19
E 2441 4 -9 -28
E 2441 5 -12 -38
T 2442 10 0 3 0
E 2442 0 13 40
E 2442 1 10 30
E 2442 2 7 21
T 2443 37 0 3 0
E 2443 3 -5 -17
E 2443 4 -9 -27
E 2443 5 -12 -37
T 2444 10 0 3 0
E 2444 0 13 40
E 2444 1 10 30
E 2444 2 7 21
T 2445 29 0 3 0
E 2445 0 5 17
E 2445 4 -7 -22
E 2445 5 -10 -31
T 2446 23 0 4 0
E 2446 0 8 25
E 2446 1 5 16
E 2446 4 -4 -13
E 2446 5 -7 -23
T 2447 25 0 4 0
E 2447 0 7 23
E 2447 1 4 13
E 2447 4 -5 -16
E 2447 5 -8 -25
T 2448 19 0 3 0
E 2448 0 9 27
E 2448 1 6 18
E 2448 5 -7 -21
T 2449 32 0 4 0
E 2449 0 5 15
E 2449 3 -4 -14
E 2449 4 -7 -23
E 2449 5 -11 -33
T 2450 11 0 3 0
E 2450 0 12 37
E 2450 1 9 27
E 2450 2 5 17
T 2451 37 0 3 0
E 2451 3 -6 -20
E 2451 4 -9 -29
E 2451 5 -13 -39
T 2452 11 0 3 0
E 2452 0 12 38
E 2452 1 9 28
E 2452 2 6 19
T 2453 37 0 3 0
E 2453 3 -7 -21
E 2453 4 -10 -31
E 2453 5 -13 -41
T 2454 6 0 4 0
E 2454 0 15 45
E 2454 1 11 35
E 2454 2 8 26
E 2454 3 5 16
T 2455 43 0 4 0
E 2455 2 -5 -17
E 2455 3 -8 -26
E 2455 4 -12 -36
E 2455 5 -15 -45
T 2456 11 0 3 0
E 2456 0 12 38
E 2456 1 9 29
E 2456 2 6 19
T 2457 38 0 3 0
E 2457 3 -6 -20
E 2457 4 -10 -30
E 2457 5 -13 -39
T 2458 6 0 4 0
E 2458 0 14 42
E 2458 1 11 33
E 2458 2 7 23
E 2458 3 4 14
T 2459 37 0 3 0
E 2459 3 -7 -22
E 2459 4 -10 -31
E 2459 5 -13 -41
T 2460 15 0 4 0
E 2460 0 11 35
E 2460 1 8 25
E 2460 2 5 15
E 2460 5 -4 -13
T 2461 33 0 4 0
E 2461 0 4 13
E 2461 3 -5 -16
E 2461 4 -8 -25
E 2461 5 -11 -35
T 2462 11 0 3 0
E 2462 0 13 39
E 2462 1 9 29
E 2462 2 6 20
T 2463 37 0 3 0
E 2463 3 -6 -19
E 2463 4 -9 -29
E 2463 5 -13 -39
T 2464 6 0 4 0
E 2464 0 14 43
E 2464 1 11 33
E 2464 2 8 24
E 2464 3 4 14
T 2465 42 0 4 0
E 2465 2 -5 -16
E 2465 3 -8 -25
E 2465 4 -11 -35
E 2465 5 -14 -44
T 2466 4 0 4 0
E 2466 0 16 49
E 2466 1 13 40
E 2466 2 10 30
E 2466 3 6 20
T 2467 42 0 4 0
E 2467 2 -5 -15
E 2467 3 -8 -25
E 2467 4 -11 -35
E 2467 5 -14 -44
T 2468 4 0 4 0
E 2468 0 16 48
E 2468 1 13 39
E 2468 2 9 29
E 2468 3 6 20
T 2469 42 0 4 0
E 2469 2 -4 -14
E 2469 3 -8 -24
E 2469 4 -11 -33
E 2469 5 -14 -43
T 2470 5 0 4 0
E 2470 0 16 48
E 2470 1 12 38
E 2470 2 9 28
E 2470 3 6 19
T 2471 37 0 3 0
E 2471 3 -5 -17
E 2471 4 -8 -26
E 2471 5 -12 -36
T 2472 15 0 4 0
E 2472 0 11 35
E 2472 1 8 25
E 2472 2 5 16
E 2472 5 -4 -13
T 2473 24 0 4 0
E 2473 0 7 22
E 2473 1 4 13
E 2473 4 -5 -16
E 2473 5 -8 -26
T 2474 16 0 4 0
E 2474 0 10 32
E 2474 1 7 22
E 2474 2 4 13
E 2474 5 -5 -16
T 2475 29 0 3 0
E 2475 0 6 20
E 2475 4 -6 -19
E 2475 5 -9 -28
T 2476 23 0 4 0
E 2476 0 8 25
E 2476 1 5 16
E 2476 4 -4 -13
E 2476 5 -7 -23
T 2477 23 0 4 0
E 2477 0 8 25
E 2477 1 5 15
E 2477 4 -4 -14
E 2477 5 -7 -23
T 2478 23 0 4 0
E 2478 0 8 24
E 2478 1 5 15
E 2478 4 -4 -14
E 2478 5 -8 -24
T 2479 20 0 3 0
E 2479 0 8 26
E 2479 1 5 16
E 2479 5 -7 -22
T 2480 29 0 3 0
E 2480 0 5 17
E 2480 4 -7 -22
E 2480 5 -10 -31
T 2481 19 0 3 0
E 2481 0 10 31
E 2481 1 7 22
E 2481 5 -5 -17
T 2482 32 0 4 0
E 2482 0 5 16
E 2482 3 -4 -13
E 2482 4 -7 -23
E 2482 5 -10 -32
T 2483 10 0 3 0
E 2483 0 12 37
E 2483 1 9 28
E 2483 2 6 18
T 2484 33 0 4 0
E 2484 0 4 13
E 2484 3 -5 -16
E 2484 4 -8 -25
E 2484 5 -11 -35
T 2485 11 0 3 0
E 2485 0 13 40
E 2485 1 10 30
E 2485 2 6 20
T 2486 38 0 3 0
E 2486 3 -6 -18
E 2486 4 -9 -27
E 2486 5 -12 -37
T 2487 6 0 4 0
E 2487 0 14 43
E 2487 1 11 33
E 2487 2 8 24
E 2487 3 4 14
T 2488 37 0 3 0
E 2488 3 -6 -19
E 2488 4 -9 -29
E 2488 5 -13 -39
T 2489 10 0 3 0
E 2489 0 12 37
E 2489 1 9 27
E 2489 2 6 18
T 2490 38 0 3 0
E 2490 3 -5 -17
E 2490 4 -9 -27
E 2490 5 -12 -36
T 2491 10 0 3 0
E 2491 0 12 37
E 2491 1 9 28
E 2491 2 6 18
T 2492 32 0 4 0
E 2492 0 5 16
E 2492 3 -4 -13
E 2492 4 -7 -23
E 2492 5 -10 -32
T 2493 16 0 4 0
E 2493 0 10 32
E 2493 1 7 23
E 2493 2 4 13
E 2493 5 -5 -16
T 2494 25 0 4 0
E 2494 0 7 23
E 2494 1 4 13
E 2494 4 -5 -15
E 2494 5 -8 -25
T 2495 19 0 3 0
E 2495 0 10 31
E 2495 1 7 21
E 2495 5 -5 -17
T 2496 34 0 4 0
E 2496 0 4 14
E 2496 3 -5 -15
E 2496 4 -8 -24
E 2496 5 -11 -34
T 2497 13 0 4 0
E 2497 0 10 32
E 2497 1 8 25
E 2497 2 5 16
E 2497 5 -4 -13
T 2498 32 0 3 0
E 2498 3 -4 -13
E 2498 4 -7 -23
E 2498 5 -11 -33
T 2499 5 0 3 0
E 2499 0 9 29
E 2499 1 9 27
E 2499 2 6 18
T 2500 27 0 3 0
E 2500 3 -5 -17
E 2500 4 -9 -27
E 2500 5 -12 -36
T 2501 2 0 3 0
E 2501 0 8 26
E 2501 1 10 30
E 2501 2 6 20
T 2502 20 0 2 0
E 2502 4 -6 -18
E 2502 5 -9 -27
T 2503 8 0 3 0
E 2503 0 4 13
E 2503 1 6 19
E 2503 5 -5 -17
T 2504 12 0 1 0
E 2504 5 -7 -22
T 2505 2 0 3 0
E 2505 0 5 17
E 2505 1 7 23
E 2505 2 7 21
T 2506 10 0 2 0
E 2506 4 -5 -15
E 2506 5 -8 -25
T 2507 8 0 4 0
E 2507 0 4 13
E 2507 1 6 19
E 2507 2 7 23
E 2507 3 4 13
T 2508 3 0 1 0
E 2508 5 -6 -20
T 2509 0 0 1 0
E 2509 2 6 18
T 2510 2 0 1 0
E 2510 5 -4 -13
T 2511 1 0 1 0
E 2511 5 -4 -14
T 2512 6 0 2 0
E 2512 2 5 16
E 2512 3 5 17
T 2513 6 0 1 0
E 2513 3 4 14
T 2514 6 0 0 0
T 2515 7 0 0 0
T 2516 9 0 0 0
T 2517 9 0 1 0
E 2517 3 4 13
T 2518 10 0 1 0
E 2518 0 -4 -14
T 2519 11 0 0 0
T 2520 11 0 1 0
E 2520 0 -5 -16
T 2521 12 0 1 0
E 2521 0 -6 -18
T 2522 11 0 1 0
E 2522 0 -5 -16
T 2523 11 0 1 0
E 2523 0 -5 -16
T 2524 18 0 2 0
E 2524 4 5 16
E 2524 5 5 17
T 2525 9 0 2 0
E 2525 0 -7 -21
E 2525 1 -5 -15
T 2526 15 0 2 0
E 2526 0 -5 -16
E 2526 5 4 14
T 2527 12 0 1 0
E 2527 0 -6 -18
T 2528 15 0 2 0
E 2528 0 -4 -14
E 2528 5 5 16
T 2529 12 0 1 0
E 2529 0 -6 -18
T 2530 16 0 2 0
E 2530 0 -5 -17
E 2530 5 4 13
T 2531 16 0 2 0
E 2531 0 -5 -17
E 2531 5 4 13
T 2532 9 0 2 0
E 2532 0 -7 -21
E 2532 1 -5 -15
T 2533 14 0 2 0
E 2533 0 -4 -13
E 2533 5 5 17
T 2534 15 1 2 0
E 2534 0 -5 -15
E 2534 5 5 15
T 2535 15 0 2 0
E 2535 0 -5 -16
E 2535 5 4 14
T 2536 9 0 2 0
E 2536 0 -7 -21
E 2536 1 -5 -15
T 2537 21 0 2 0
E 2537 4 5 15
E 2537 5 7 21
T 2538 16 0 2 0
E 2538 0 -5 -17
E 2538 5 4 13
T 2539 15 0 2 0
E 2539 0 -5 -16
E 2539 5 4 14
T 2540 9 0 2 0
E 2540 0 -6 -19
E 2540 1 -4 -13
T 2541 15 1 2 0
E 2541 0 -5 -15
E 2541 5 5 15
T 2542 16 0 2 0
E 2542 0 -5 -17
E 2542 5 4 13
T 2543 10 0 2 0
E 2543 0 -6 -20
E 2543 1 -4 -14
T 2544 15 0 2 0
E 2544 0 -5 -16
E 2544 5 4 14
T 2545 21 0 2 0
E 2545 4 4 13
E 2545 5 6 19
T 2546 7 0 3 0
E 2546 0 -9 -28
E 2546 1 -7 -21
E 2546 2 -5 -15
T 2547 21 0 2 0
E 2547 4 6 18
E 2547 5 8 24
T 2548 11 0 2 0
E 2548 0 -8 -24
E 2548 1 -5 -16
T 2549 23 0 2 0
E 2549 4 6 18
E 2549 5 8 24
T 2550 17 0 2 0
E 2550 0 -6 -18
E 2550 5 5 15
T 2551 18 0 2 0
E 2551 0 -7 -21
E 2551 5 4 13
T 2552 20 0 3 0
E 2552 0 -5 -15
E 2552 4 4 13
E 2552 5 6 19
T 2553 17 0 2 0
E 2553 0 -6 -18
E 2553 5 5 17
T 2554 21 0 3 0
E 2554 0 -4 -13
E 2554 4 5 17
E 2554 5 7 23
T 2555 15 0 3 0
E 2555 0 -7 -22
E 2555 1 -4 -13
E 2555 5 4 14
T 2556 19 0 2 0
E 2556 0 -6 -20
E 2556 5 5 17
T 2557 19 0 2 0
E 2557 0 -7 -21
E 2557 5 5 16
T 2558 19 0 2 0
E 2558 0 -7 -21
E 2558 5 5 17
T 2559 24 0 3 0
E 2559 0 -5 -15
E 2559 4 6 18
E 2559 5 8 24
T 2560 16 0 3 0
E 2560 0 -8 -25
E 2560 1 -5 -16
E 2560 5 4 14
T 2561 24 0 3 0
E 2561 0 -5 -17
E 2561 4 5 17
E 2561 5 7 23
T 2562 17 0 3 0
E 2562 0 -8 -26
E 2562 1 -5 -17
E 2562 5 4 14
T 2563 24 0 3 0
E 2563 0 -6 -18
E 2563 4 5 17
E 2563 5 7 23
T 2564 26 0 3 0
E 2564 0 -6 -20
E 2564 4 5 16
E 2564 5 7 22
T 2565 17 0 3 0
E 2565 0 -8 -24
E 2565 1 -5 -15
E 2565 5 6 18
T 2566 32 0 4 0
E 2566 0 -4 -13
E 2566 3 5 16
E 2566 4 8 24
E 2566 5 10 30
T 2567 17 0 3 0
E 2567 0 -10 -30
E 2567 1 -7 -21
E 2567 5 4 13
T 2568 28 0 3 0
E 2568 0 -6 -20
E 2568 4 6 18
E 2568 5 8 24
T 2569 24 1 4 0
E 2569 0 -8 -24
E 2569 1 -4 -14
E 2569 4 5 15
E 2569 5 7 21
T 2570 28 0 3 0
E 2570 0 -6 -20
E 2570 4 6 18
E 2570 5 8 25
T 2571 19 0 3 0
E 2571 0 -9 -27
E 2571 1 -5 -17
E 2571 5 6 19
T 2572 31 0 4 0
E 2572 0 -5 -15
E 2572 3 4 13
E 2572 4 7 23
E 2572 5 10 31
T 2573 19 0 3 0
E 2573 0 -9 -28
E 2573 1 -6 -18
E 2573 5 6 19
T 2574 29 0 3 0
E 2574 0 -6 -18
E 2574 4 7 21
E 2574 5 10 30
T 2575 23 0 4 0
E 2575 0 -8 -25
E 2575 1 -5 -16
E 2575 4 4 13
E 2575 5 7 23
T 2576 23 0 4 0
E 2576 0 -8 -25
E 2576 1 -5 -15
E 2576 4 4 14
E 2576 5 7 23
T 2577 19 0 3 0
E 2577 0 -9 -28
E 2577 1 -6 -19
E 2577 5 6 20
T 2578 28 0 3 0
E 2578 0 -6 -19
E 2578 4 6 19
E 2578 5 9 29
T 2579 24 0 4 0
E 2579 0 -8 -26
E 2579 1 -5 -16
E 2579 4 4 13
E 2579 5 7 22
T 2580 19 0 3 0
E 2580 0 -10 -30
E 2580 1 -7 -21
E 2580 5 6 18
T 2581 28 0 3 0
E 2581 0 -6 -19
E 2581 4 6 20
E 2581 5 9 29
T 2582 15 0 4 0
E 2582 0 -11 -33
E 2582 1 -8 -24
E 2582 2 -4 -14
E 2582 5 5 15
T 2583 29 0 3 0
E 2583 0 -6 -20
E 2583 4 6 18
E 2583 5 9 28
T 2584 11 0 3 0
E 2584 0 -12 -37
E 2584 1 -9 -27
E 2584 2 -5 -17
T 2585 28 0 3 0
E 2585 0 -6 -18
E 2585 4 6 20
E 2585 5 10 30
T 2586 11 0 3 0
E 2586 0 -12 -36
E 2586 1 -8 -26
E 2586 2 -5 -17
T 2587 41 0 4 0
E 2587 2 4 13
E 2587 3 7 22
E 2587 4 10 32
E 2587 5 14 42
T 2588 11 0 3 0
E 2588 0 -13 -41
E 2588 1 -10 -31
E 2588 2 -7 -22
T 2589 33 0 4 0
E 2589 0 -4 -13
E 2589 3 5 16
E 2589 4 8 26
E 2589 5 11 35
T 2590 19 0 3 0
E 2590 0 -10 -30
E 2590 1 -7 -21
E 2590 5 6 18
T 2591 25 0 4 0
E 2591 0 -7 -23
E 2591 1 -4 -13
E 2591 4 5 16
E 2591 5 8 25
T 2592 19 0 3 0
E 2592 0 -10 -31
E 2592 1 -7 -22
E 2592 5 5 17
T 2593 24 1 4 0
E 2593 0 -8 -24
E 2593 1 -4 -14
E 2593 4 4 14
E 2593 5 8 24
T 2594 20 0 3 0
E 2594 0 -9 -29
E 2594 1 -6 -19
E 2594 5 6 19
T 2595 28 0 3 0
E 2595 0 -7 -21
E 2595 4 5 17
E 2595 5 9 27
T 2596 15 0 4 0
E 2596 0 -11 -35
E 2596 1 -8 -25
E 2596 2 -5 -16
E 2596 5 4 13
T 2597 33 0 4 0
E 2597 0 -4 -13
E 2597 3 5 15
E 2597 4 8 25
E 2597 5 11 35
T 2598 10 0 3 0
E 2598 0 -13 -40
E 2598 1 -10 -30
E 2598 2 -7 -21
T 2599 29 0 3 0
E 2599 0 -6 -18
E 2599 4 7 21
E 2599 5 10 30
T 2600 20 0 3 0
E 2600 0 -8 -26
E 2600 1 -5 -17
E 2600 5 7 22
T 2601 29 0 3 0
E 2601 0 -6 -18
E 2601 4 7 21
E 2601 5 10 30
T 2602 10 0 3 0
E 2602 0 -12 -36
E 2602 1 -9 -27
E 2602 2 -5 -17
T 2603 37 0 3 0
E 2603 3 6 20
E 2603 4 9 29
E 2603 5 13 39
T 2604 15 0 4 0
E 2604 0 -11 -34
E 2604 1 -8 -24
E 2604 2 -4 -14
E 2604 5 4 14
T 2605 29 0 3 0
E 2605 0 -6 -20
E 2605 4 6 18
E 2605 5 9 28
T 2606 20 0 3 0
E 2606 0 -10 -30
E 2606 1 -6 -20
E 2606 5 6 18
T 2607 32 0 4 0
E 2607 0 -5 -15
E 2607 3 4 13
E 2607 4 7 23
E 2607 5 11 33
T 2608 10 0 3 0
E 2608 0 -13 -40
E 2608 1 -10 -30
E 2608 2 -7 -21
T 2609 38 0 3 0
E 2609 3 5 17
E 2609 4 9 27
E 2609 5 12 36
T 2610 10 0 3 0
E 2610 0 -13 -39
E 2610 1 -10 -30
E 2610 2 -6 -20
T 2611 42 0 4 0
E 2611 2 4 13
E 2611 3 7 23
E 2611 4 11 33
E 2611 5 14 42
T 2612 5 0 4 0
E 2612 0 -15 -47
E 2612 1 -12 -38
E 2612 2 -9 -28
E 2612 3 -6 -19
T 2613 38 0 3 0
E 2613 3 7 21
E 2613 4 10 30
E 2613 5 13 40
T 2614 11 0 3 0
E 2614 0 -13 -39
E 2614 1 -9 -29
E 2614 2 -6 -19
T 2615 28 0 3 0
E 2615 0 -6 -18
E 2615 4 6 20
E 2615 5 10 30
T 2616 16 0 4 0
E 2616 0 -11 -33
E 2616 1 -7 -23
E 2616 2 -4 -14
E 2616 5 5 15
T 2617 33 0 4 0
E 2617 0 -4 -14
E 2617 3 4 14
E 2617 4 8 24
E 2617 5 11 34
T 2618 11 0 3 0
E 2618 0 -12 -36
E 2618 1 -8 -26
E 2618 2 -5 -17
T 2619 41 0 4 0
E 2619 2 4 13
E 2619 3 7 22
E 2619 4 10 32
E 2619 5 13 41
T 2620 10 0 3 0
E 2620 0 -12 -36
E 2620 1 -9 -27
E 2620 2 -5 -17
T 2621 38 0 3 0
E 2621 3 6 20
E 2621 4 10 30
E 2621 5 13 39
T 2622 5 0 4 0
E 2622 0 -14 -43
E 2622 1 -11 -34
E 2622 2 -8 -24
E 2622 3 -5 -15
T 2623 37 0 3 0
E 2623 3 5 17
E 2623 4 8 26
E 2623 5 12 36
T 2624 6 0 4 0
E 2624 0 -15 -45
E 2624 1 -11 -35
E 2624 2 -8 -25
E 2624 3 -5 -16
T 2625 43 0 4 0
E 2625 2 6 18
E 2625 3 9 28
E 2625 4 12 37
E 2625 5 15 47
T 2626 11 0 3 0
E 2626 0 -13 -41
E 2626 1 -10 -31
E 2626 2 -7 -22
T 2627 37 0 3 0
E 2627 3 7 21
E 2627 4 10 31
E 2627 5 13 41
T 2628 11 0 3 0
E 2628 0 -12 -36
E 2628 1 -8 -26
E 2628 2 -5 -17
T 2629 38 0 3 0
E 2629 3 7 21
E 2629 4 10 31
E 2629 5 13 40
T 2630 11 0 3 0
E 2630 0 -13 -41
E 2630 1 -10 -32
E 2630 2 -7 -22
T 2631 33 0 4 0
E 2631 0 -4 -13
E 2631 3 5 16
E 2631 4 8 26
E 2631 5 11 35
T 2632 19 0 3 0
E 2632 0 -9 -28
E 2632 1 -6 -19
E 2632 5 6 20
T 2633 23 0 4 0
E 2633 0 -8 -25
E 2633 1 -5 -15
E 2633 4 4 13
E 2633 5 7 23
T 2634 20 0 3 0
E 2634 0 -10 -30
E 2634 1 -6 -20
E 2634 5 6 18
T 2635 32 0 4 0
E 2635 0 -5 -16
E 2635 3 4 13
E 2635 4 7 22
E 2635 5 10 32
T 2636 11 0 3 0
E 2636 0 -12 -38
E 2636 1 -9 -28
E 2636 2 -6 -19
T 2637 29 0 3 0
E 2637 0 -5 -17
E 2637 4 7 21
E 2637 5 10 31
T 2638 20 0 3 0
E 2638 0 -9 -29
E 2638 1 -6 -19
E 2638 5 6 19
T 2639 29 0 3 0
E 2639 0 -6 -20
E 2639 4 6 19
E 2639 5 9 28
T 2640 10 0 4 0
E 2640 0 7 23
E 2640 1 -5 -16
E 2640 4 4 13
E 2640 5 7 23
T 2641 31 0 3 0
E 2641 1 -12 -36
E 2641 2 -9 -27
E 2641 3 -5 -17
T 2642 17 0 3 0
E 2642 0 9 27
E 2642 1 -6 -18
E 2642 5 7 21
T 2643 27 0 3 0
E 2643 0 6 18
E 2643 1 -9 -29
E 2643 2 -6 -20
T 2644 22 0 3 0
E 2644 0 10 30
E 2644 1 -7 -21
E 2644 5 5 17
T 2645 29 1 4 0
E 2645 0 9 29
E 2645 1 -8 -26
E 2645 2 -5 -16
E 2645 5 4 13
T 2646 15 0 4 0
E 2646 0 11 33
E 2646 1 8 24
E 2646 2 -5 -15
E 2646 5 4 14
T 2647 36 0 4 0
E 2647 0 4 13
E 2647 2 -12 -38
E 2647 3 -9 -29
E 2647 4 -6 -19
T 2648 17 0 4 0
E 2648 0 13 41
E 2648 1 10 32
E 2648 2 -4 -13
E 2648 5 5 16
T 2649 39 0 4 0
E 2649 0 7 22
E 2649 2 -11 -35
E 2649 3 -8 -26
E 2649 4 -5 -16
T 2650 24 0 3 0
E 2650 0 13 40
E 2650 1 10 30
E 2650 2 -7 -21
T 2651 40 0 5 0
E 2651 0 8 26
E 2651 1 5 17
E 2651 2 -12 -38
E 2651 3 -9 -28
E 2651 4 -6 -18
T 2652 15 0 4 0
E 2652 0 15 45
E 2652 1 11 35
E 2652 2 8 26
E 2652 3 -4 -13
T 2653 50 0 3 0
E 2653 3 -16 -49
E 2653 4 -13 -40
E 2653 5 -10 -30
T 2654 16 0 4 0
E 2654 0 16 48
E 2654 1 12 38
E 2654 2 9 29
E 2654 3 -5 -16
T 2655 50 0 4 0
E 2655 0 7 22
E 2655 3 -15 -45
E 2655 4 -12 -36
E 2655 5 -8 -26
T 2656 17 0 4 0
E 2656 0 16 49
E 2656 1 13 40
E 2656 2 10 30
E 2656 3 -7 -21
T 2657 59 0 4 0
E 2657 0 4 14
E 2657 3 -20 -60
E 2657 4 -16 -50
E 2657 5 -13 -40
T 2658 1 0 4 0
E 2658 0 21 63
E 2658 1 18 54
E 2658 2 14 44
E 2658 3 11 35
T 2659 56 0 4 0
E 2659 2 -4 -13
E 2659 3 -7 -23
E 2659 4 -21 -64
E 2659 5 -18 -55
T 2660 5 0 5 0
E 2660 0 20 61
E 2660 1 17 51
E 2660 2 13 41
E 2660 3 10 32
E 2660 4 -4 -13
T 2661 56 0 3 0
E 2661 3 -7 -21
E 2661 4 -22 -68
E 2661 5 -19 -59
T 2662 5 0 5 0
E 2662 0 21 63
E 2662 1 17 53
E 2662 2 14 44
E 2662 3 11 34
E 2662 4 -5 -17
T 2663 67 0 4 0
E 2663 2 -6 -18
E 2663 3 -9 -27
E 2663 4 -27 -82
E 2663 5 -24 -72
T 2664 11 0 5 0
E 2664 0 22 67
E 2664 1 19 57
E 2664 2 16 48
E 2664 3 12 38
E 2664 4 9 29
T 2665 65 0 5 0
E 2665 1 -6 -20
E 2665 2 -10 -30
E 2665 3 -13 -39
E 2665 4 -16 -49
E 2665 5 -30 -90
T 2666 15 0 5 0
E 2666 0 24 72
E 2666 1 21 63
E 2666 2 17 53
E 2666 3 14 43
E 2666 4 11 34
T 2667 76 0 6 0
E 2667 0 -5 -17
E 2667 1 -9 -27
E 2667 2 -12 -36
E 2667 3 -15 -46
E 2667 4 -18 -56
E 2667 5 -34 -103
T 2668 11 0 6 0
E 2668 0 24 74
E 2668 1 21 65
E 2668 2 18 55
E 2668 3 15 46
E 2668 4 12 36
E 2668 5 -5 -15
T 2669 69 0 5 0
E 2669 1 -7 -21
E 2669 2 -10 -30
E 2669 3 -13 -40
E 2669 4 -16 -49
E 2669 5 -34 -104
T 2670 19 0 6 0
E 2670 0 23 69
E 2670 1 19 59
E 2670 2 16 49
E 2670 3 13 40
E 2670 4 10 30
E 2670 5 7 21
T 2671 59 0 6 0
E 2671 0 -4 -13
E 2671 1 -7 -22
E 2671 2 -10 -32
E 2671 3 -14 -42
E 2671 4 -17 -51
E 2671 5 -20 -61
T 2672 5 0 5 0
E 2672 0 19 59
E 2672 1 16 49
E 2672 2 13 40
E 2672 3 10 30
E 2672 4 6 20
T 2673 42 0 4 0
E 2673 2 -5 -17
E 2673 3 -8 -26
E 2673 4 -12 -36
E 2673 5 -15 -46
T 2674 6 0 4 0
E 2674 0 14 43
E 2674 1 11 33
E 2674 2 8 24
E 2674 3 4 14
T 2675 38 0 3 0
E 2675 3 -6 -20
E 2675 4 -10 -30
E 2675 5 -13 -39
T 2676 10 0 3 0
E 2676 0 13 40
E 2676 1 10 31
E 2676 2 7 21
T 2677 34 0 4 0
E 2677 0 4 14
E 2677 3 -5 -15
E 2677 4 -8 -25
E 2677 5 -11 -34
T 2678 10 0 3 0
E 2678 0 13 39
E 2678 1 10 30
E 2678 2 6 20
T 2679 32 0 4 0
E 2679 0 5 15
E 2679 3 -4 -14
E 2679 4 -7 -23
E 2679 5 -11 -33
T 2680 16 0 4 0
E 2680 0 11 33
E 2680 1 7 23
E 2680 2 4 13
E 2680 5 -5 -15
T 2681 25 0 4 0
E 2681 0 7 23
E 2681 1 4 14
E 2681 4 -5 -15
E 2681 5 -8 -25
T 2682 24 0 4 0
E 2682 0 8 26
E 2682 1 5 16
E 2682 4 -4 -13
E 2682 5 -7 -22
T 2683 19 0 3 0
E 2683 0 10 30
E 2683 1 7 21
E 2683 5 -6 -18
T 2684 29 0 3 0
E 2684 0 5 17
E 2684 4 -7 -21
E 2684 5 -10 -31
T 2685 15 0 4 0
E 2685 0 11 34
E 2685 1 8 24
E 2685 2 4 14
E 2685 5 -4 -14
T 2686 37 0 3 0
E 2686 3 -5 -17
E 2686 4 -8 -26
E 2686 5 -12 -36
T 2687 7 0 4 0
E 2687 0 14 42
E 2687 1 10 32
E 2687 2 7 23
E 2687 3 4 13
T 2688 37 0 3 0
E 2688 3 -6 -19
E 2688 4 -9 -29
E 2688 5 -13 -39
T 2689 16 0 4 0
E 2689 0 11 33
E 2689 1 7 23
E 2689 2 4 14
E 2689 5 -5 -15
T 2690 28 0 3 0
E 2690 0 7 22
E 2690 4 -5 -17
E 2690 5 -8 -26
T 2691 15 0 4 0
E 2691 0 11 35
E 2691 1 8 26
E 2691 2 5 16
E 2691 5 -4 -13
T 2692 34 0 4 0
E 2692 0 4 14
E 2692 3 -5 -15
E 2692 4 -8 -25
E 2692 5 -11 -34
T 2693 19 0 3 0
E 2693 0 10 30
E 2693 1 7 21
E 2693 5 -6 -18
T 2694 23 0 4 0
E 2694 0 8 25
E 2694 1 5 15
E 2694 4 -4 -13
E 2694 5 -7 -23
T 2695 23 0 4 0
E 2695 0 8 25
E 2695 1 5 15
E 2695 4 -4 -14
E 2695 5 -7 -23
T 2696 24 0 4 0
E 2696 0 7 22
E 2696 1 4 13
E 2696 4 -5 -16
E 2696 5 -8 -26
T 2697 29 0 3 0
E 2697 0 6 20
E 2697 4 -6 -19
E 2697 5 -9 -28
T 2698 19 0 3 0
E 2698 0 9 28
E 2698 1 6 19
E 2698 5 -6 -20
T 2699 25 0 4 0
E 2699 0 7 23
E 2699 1 4 13
E 2699 4 -5 -15
E 2699 5 -8 -25
T 2700 19 0 3 0
E 2700 0 10 31
E 2700 1 7 21
E 2700 5 -5 -17
T 2701 28 0 3 0
E 2701 0 6 19
E 2701 4 -6 -19
E 2701 5 -9 -29
T 2702 24 0 4 0
E 2702 0 8 26
E 2702 1 5 16
E 2702 4 -4 -13
E 2702 5 -7 -22
T 2703 28 0 3 0
E 2703 0 7 21
E 2703 4 -5 -17
E 2703 5 -9 -27
T 2704 19 0 3 0
E 2704 0 9 28
E 2704 1 6 18
E 2704 5 -6 -20
T 2705 20 0 3 0
E 2705 0 9 27
E 2705 1 5 17
E 2705 5 -7 -21
T 2706 32 0 4 0
E 2706 0 5 15
E 2706 3 -4 -14
E 2706 4 -7 -23
E 2706 5 -11 -33
T 2707 16 0 4 0
E 2707 0 10 32
E 2707 1 7 22
E 2707 2 4 13
E 2707 5 -5 -16
T 2708 29 0 3 0
E 2708 0 5 17
E 2708 4 -7 -21
E 2708 5 -10 -31
T 2709 20 0 3 0
E 2709 0 8 26
E 2709 1 5 16
E 2709 5 -7 -22
T 2710 19 0 3 0
E 2710 0 9 28
E 2710 1 6 18
E 2710 5 -6 -20
T 2711 32 0 4 0
E 2711 0 5 16
E 2711 3 -4 -13
E 2711 4 -7 -22
E 2711 5 -10 -32
T 2712 14 0 4 0
E 2712 0 11 34
E 2712 1 8 24
E 2712 2 5 15
E 2712 5 -4 -14
T 2713 28 0 3 0
E 2713 0 5 16
E 2713 4 -7 -22
E 2713 5 -10 -32
T 2714 24 1 4 0
E 2714 0 8 24
E 2714 1 4 14
E 2714 4 -4 -14
E 2714 5 -8 -24
T 2715 19 0 3 0
E 2715 0 9 28
E 2715 1 6 18
E 2715 5 -6 -20
T 2716 32 0 4 0
E 2716 0 5 15
E 2716 3 -4 -14
E 2716 4 -7 -23
E 2716 5 -11 -33
T 2717 14 0 4 0
E 2717 0 11 34
E 2717 1 8 24
E 2717 2 5 15
E 2717 5 -4 -14
T 2718 37 0 3 0
E 2718 3 -6 -19
E 2718 4 -9 -29
E 2718 5 -13 -39
T 2719 6 0 4 0
E 2719 0 15 45
E 2719 1 11 35
E 2719 2 8 26
E 2719 3 5 16
T 2720 44 0 4 0
E 2720 2 -6 -18
E 2720 3 -9 -27
E 2720 4 -12 -37
E 2720 5 -15 -46
T 2721 1 0 5 0
E 2721 0 17 51
E 2721 1 14 42
E 2721 2 10 32
E 2721 3 7 22
E 2721 4 4 13
T 2722 50 0 5 0
E 2722 1 -5 -15
E 2722 2 -8 -24
E 2722 3 -11 -34
E 2722 4 -14 -44
E 2722 5 -17 -53
T 2723 5 0 5 0
E 2723 0 19 57
E 2723 1 16 48
E 2723 2 12 38
E 2723 3 9 29
E 2723 4 6 19
T 2724 51 0 5 0
E 2724 1 -5 -17
E 2724 2 -8 -26
E 2724 3 -12 -36
E 2724 4 -15 -45
E 2724 5 -18 -55
T 2725 4 0 5 0
E 2725 0 19 57
E 2725 1 15 47
E 2725 2 12 37
E 2725 3 9 28
E 2725 4 6 18
T 2726 44 0 4 0
E 2726 2 -6 -20
E 2726 3 -10 -30
E 2726 4 -13 -39
E 2726 5 -16 -49
T 2727 6 0 4 0
E 2727 0 14 44
E 2727 1 11 34
E 2727 2 8 25
E 2727 3 5 15
T 2728 41 0 4 0
E 2728 2 -4 -14
E 2728 3 -7 -23
E 2728 4 -11 -33
E 2728 5 -14 -43
T 2729 11 0 3 0
E 2729 0 12 38
E 2729 1 9 28
E 2729 2 6 19
T 2730 38 0 3 0
E 2730 3 -7 -21
E 2730 4 -10 -31
E 2730 5 -13 -40
T 2731 6 0 4 0
E 2731 0 14 43
E 2731 1 11 34
E 2731 2 8 24
E 2731 3 4 14
T 2732 38 0 3 0
E 2732 3 -7 -21
E 2732 4 -10 -31
E 2732 5 -13 -40
T 2733 5 0 4 0
E 2733 0 14 43
E 2733 1 11 34
E 2733 2 8 24
E 2733 3 5 15
T 2734 37 0 3 0
E 2734 3 -6 -19
E 2734 4 -9 -28
E 2734 5 -12 -38
T 2735 15 0 4 0
E 2735 0 11 35
E 2735 1 8 25
E 2735 2 5 15
E 2735 5 -4 -13
T 2736 33 0 4 0
E 2736 0 4 13
E 2736 3 -5 -16
E 2736 4 -8 -25
E 2736 5 -11 -35
T 2737 14 0 4 0
E 2737 0 9 29
E 2737 1 7 22
E 2737 2 4 13
E 2737 5 -5 -16
T 2738 25 0 3 0
E 2738 0 4 13
E 2738 4 -6 -20
E 2738 5 -10 -30
T 2739 6 0 3 0
E 2739 0 9 28
E 2739 1 8 26
E 2739 2 5 17
T 2740 25 0 2 0
E 2740 4 -6 -18
E 2740 5 -9 -27
T 2741 2 0 3 0
E 2741 0 8 26
E 2741 1 10 30
E 2741 2 6 20
T 2742 18 0 2 0
E 2742 4 -6 -20
E 2742 5 -9 -29
T 2743 3 0 4 0
E 2743 0 5 16
E 2743 1 7 22
E 2743 2 5 15
E 2743 5 -4 -14
T 2744 9 0 2 0
E 2744 1 4 13
E 2744 5 -6 -20
T 2745 8 0 2 0
E 2745 1 4 13
E 2745 5 -5 -17
T 2746 10 0 1 0
E 2746 5 -5 -17
T 2747 1 0 2 0
E 2747 1 5 17
E 2747 2 7 21
T 2748 3 0 2 0
E 2748 2 4 14
E 2748 5 -5 -15
T 2749 2 0 1 0
E 2749 2 4 14
T 2750 1 0 1 0
E 2750 5 -5 -17
T 2751 0 0 1 0
E 2751 5 -4 -13
T 2752 1 0 0 0
T 2753 6 0 1 0
E 2753 3 4 14
T 2754 9 0 0 0
T 2755 7 0 0 0
T 2756 12 0 0 0
T 2757 12 0 1 0
E 2757 0 -6 -18
T 2758 9 0 0 0
T 2759 14 0 2 0
E 2759 3 4 14
E 2759 4 6 18
T 2760 10 0 1 0
E 2760 0 -5 -15
T 2761 14 0 1 0
E 2761 4 5 15
T 2762 10 0 1 0
E 2762 0 -5 -15
T 2763 9 0 1 0
E 2763 0 -4 -13
T 2764 9 0 1 0
E 2764 0 -4 -13
T 2765 22 0 3 0
E 2765 3 4 14
E 2765 4 6 20
E 2765 5 8 24
T 2766 9 0 2 0
E 2766 0 -6 -19
E 2766 1 -4 -13
T 2767 15 1 2 0
E 2767 0 -5 -15
E 2767 5 5 15
T 2768 16 0 2 0
E 2768 0 -5 -17
E 2768 5 4 13
T 2769 11 0 2 0
E 2769 0 -7 -23
E 2769 1 -5 -17
T 2770 12 0 1 0
E 2770 0 -6 -18
T 2771 21 0 2 0
E 2771 4 4 13
E 2771 5 6 19
T 2772 15 0 2 0
E 2772 0 -5 -16
E 2772 5 4 14
T 2773 9 0 2 0
E 2773 0 -7 -21
E 2773 1 -5 -15
T 2774 20 0 2 0
E 2774 4 4 14
E 2774 5 6 20
T 2775 6 0 3 0
E 2775 0 -9 -27
E 2775 1 -7 -21
E 2775 2 -5 -15
T 2776 14 0 2 0
E 2776 0 -4 -13
E 2776 5 5 17
T 2777 10 0 2 0
E 2777 0 -6 -20
E 2777 1 -4 -14
T 2778 15 0 2 0
E 2778 0 -5 -16
E 2778 5 4 14
T 2779 10 0 2 0
E 2779 0 -7 -22
E 2779 1 -5 -16
T 2780 23 0 3 0
E 2780 3 4 13
E 2780 4 6 19
E 2780 5 8 25
T 2781 9 0 2 0
E 2781 0 -7 -21
E 2781 1 -5 -15
T 2782 21 0 2 0
E 2782 4 5 15
E 2782 5 7 21
T 2783 12 0 1 0
E 2783 0 -6 -18
T 2784 15 1 2 0
E 2784 0 -5 -15
E 2784 5 5 15
T 2785 15 0 2 0
E 2785 0 -4 -14
E 2785 5 5 16
T 2786 15 0 2 0
E 2786 0 -4 -14
E 2786 5 5 17
T 2787 22 0 2 0
E 2787 4 5 15
E 2787 5 7 21
T 2788 17 0 2 0
E 2788 0 -6 -19
E 2788 5 4 13
T 2789 12 0 2 0
E 2789 0 -8 -25
E 2789 1 -5 -16
T 2790 23 0 2 0
E 2790 4 5 16
E 2790 5 7 22
T 2791 13 0 2 0
E 2791 0 -8 -26
E 2791 1 -5 -16
T 2792 23 0 2 0
E 2792 4 5 17
E 2792 5 7 23
T 2793 13 0 2 0
E 2793 0 -9 -27
E 2793 1 -5 -17
T 2794 22 0 3 0
E 2794 0 -5 -17
E 2794 4 4 13
E 2794 5 6 19
T 2795 19 0 2 0
E 2795 0 -7 -21
E 2795 5 5 15
T 2796 13 0 2 0
E 2796 0 -9 -27
E 2796 1 -5 -17
T 2797 23 0 3 0
E 2797 0 -5 -16
E 2797 4 5 15
E 2797 5 7 21
T 2798 14 0 2 0
E 2798 0 -10 -30
E 2798 1 -6 -20
T 2799 23 0 3 0
E 2799 0 -6 -19
E 2799 4 4 14
E 2799 5 6 20
T 2800 16 0 3 0
E 2800 0 -8 -25
E 2800 1 -5 -16
E 2800 5 4 14
T 2801 28 0 4 0
E 2801 0 -4 -14
E 2801 3 4 14
E 2801 4 6 20
E 2801 5 8 26
T 2802 13 0 2 0
E 2802 0 -10 -30
E 2802 1 -7 -21
T 2803 29 0 4 0
E 2803 0 -5 -16
E 2803 3 4 13
E 2803 4 6 19
E 2803 5 8 25
T 2804 14 0 2 0
E 2804 0 -10 -31
E 2804 1 -7 -21
T 2805 30 0 4 0
E 2805 0 -4 -13
E 2805 3 5 16
E 2805 4 7 23
E 2805 5 9 29
T 2806 18 0 3 0
E 2806 0 -10 -30
E 2806 1 -6 -20
E 2806 5 4 13
T 2807 30 0 4 0
E 2807 0 -4 -14
E 2807 3 4 14
E 2807 4 7 23
E 2807 5 9 29
T 2808 11 0 3 0
E 2808 0 -12 -38
E 2808 1 -9 -28
E 2808 2 -6 -19
T 2809 40 0 4 0
E 2809 2 4 13
E 2809 3 7 22
E 2809 4 10 32
E 2809 5 12 38
T 2810 10 0 3 0
E 2810 0 -12 -36
E 2810 1 -9 -27
E 2810 2 -5 -17
T 2811 32 0 4 0
E 2811 0 -5 -15
E 2811 3 4 14
E 2811 4 8 24
E 2811 5 10 31
T 2812 11 0 3 0
E 2812 0 -12 -38
E 2812 1 -9 -29
E 2812 2 -6 -19
T 2813 37 0 3 0
E 2813 3 6 19
E 2813 4 9 28
E 2813 5 12 37
T 2814 11 0 3 0
E 2814 0 -12 -37
E 2814 1 -9 -27
E 2814 2 -5 -17
T 2815 37 0 3 0
E 2815 3 6 20
E 2815 4 9 29
E 2815 5 13 39
T 2816 10 0 3 0
E 2816 0 -13 -40
E 2816 1 -10 -30
E 2816 2 -7 -21
T 2817 37 0 3 0
E 2817 3 7 21
E 2817 4 10 31
E 2817 5 13 41
T 2818 7 0 4 0
E 2818 0 -14 -42
E 2818 1 -10 -32
E 2818 2 -7 -23
E 2818 3 -4 -13
T 2819 33 0 4 0
E 2819 0 -5 -15
E 2819 3 4 14
E 2819 4 8 24
E 2819 5 11 33
T 2820 11 0 3 0
E 2820 0 -12 -38
E 2820 1 -9 -29
E 2820 2 -6 -19
T 2821 28 0 3 0
E 2821 0 -6 -19
E 2821 4 6 20
E 2821 5 9 29
T 2822 23 0 4 0
E 2822 0 -8 -24
E 2822 1 -5 -15
E 2822 4 4 14
E 2822 5 8 24
T 2823 29 0 3 0
E 2823 0 -6 -20
E 2823 4 6 18
E 2823 5 9 28
T 2824 15 0 4 0
E 2824 0 -11 -34
E 2824 1 -8 -24
E 2824 2 -4 -14
E 2824 5 4 14
T 2825 28 0 3 0
E 2825 0 -7 -21
E 2825 4 5 17
E 2825 5 9 27
T 2826 11 0 3 0
E 2826 0 -12 -36
E 2826 1 -8 -26
E 2826 2 -5 -17
T 2827 37 0 3 0
E 2827 3 6 18
E 2827 4 9 28
E 2827 5 12 38
T 2828 10 0 3 0
E 2828 0 -12 -37
E 2828 1 -9 -27
E 2828 2 -6 -18
T 2829 38 0 3 0
E 2829 3 5 17
E 2829 4 9 27
E 2829 5 12 36
T 2830 11 0 3 0
E 2830 0 -13 -41
E 2830 1 -10 -32
E 2830 2 -7 -22
T 2831 34 0 4 0
E 2831 0 -4 -14
E 2831 3 5 15
E 2831 4 8 25
E 2831 5 11 34
T 2832 10 0 3 0
E 2832 0 -13 -39
E 2832 1 -10 -30
E 2832 2 -6 -20
T 2833 38 0 3 0
E 2833 3 7 21
E 2833 4 10 30
E 2833 5 13 40
T 2834 6 0 4 0
E 2834 0 -14 -44
E 2834 1 -11 -34
E 2834 2 -8 -24
E 2834 3 -5 -15
T 2835 37 0 3 0
E 2835 3 7 22
E 2835 4 10 31
E 2835 5 13 41
T 2836 16 0 4 0
E 2836 0 -11 -33
E 2836 1 -7 -23
E 2836 2 -4 -14
E 2836 5 5 15
T 2837 28 0 3 0
E 2837 0 -6 -18
E 2837 4 6 20
E 2837 5 10 30
T 2838 14 0 4 0
E 2838 0 -11 -34
E 2838 1 -8 -24
E 2838 2 -5 -15
E 2838 5 4 14
T 2839 29 0 3 0
E 2839 0 -7 -21
E 2839 4 6 18
E 2839 5 9 27
T 2840 19 0 3 0
E 2840 0 -10 -31
E 2840 1 -7 -22
E 2840 5 5 17
T 2841 29 0 3 0
E 2841 0 -7 -21
E 2841 4 6 18
E 2841 5 9 27
T 2842 15 0 4 0
E 2842 0 -11 -35
E 2842 1 -8 -26
E 2842 2 -5 -16
E 2842 5 4 13
T 2843 28 0 3 0
E 2843 0 -6 -19
E 2843 4 6 19
E 2843 5 9 29
T 2844 15 0 4 0
E 2844 0 -11 -34
E 2844 1 -8 -24
E 2844 2 -4 -14
E 2844 5 4 14
T 2845 37 0 3 0
E 2845 3 6 19
E 2845 4 9 28
E 2845 5 12 38
T 2846 11 0 3 0
E 2846 0 -13 -39
E 2846 1 -9 -29
E 2846 2 -6 -20
T 2847 33 0 4 0
E 2847 0 -4 -13
E 2847 3 5 15
E 2847 4 8 25
E 2847 5 11 35
T 2848 10 0 3 0
E 2848 0 -12 -37
E 2848 1 -9 -27
E 2848 2 -6 -18
T 2849 33 0 4 0
E 2849 0 -4 -13
E 2849 3 5 16
E 2849 4 8 26
E 2849 5 11 35
T 2850 10 0 3 0
E 2850 0 -12 -37
E 2850 1 -9 -28
E 2850 2 -6 -18
T 2851 32 0 4 0
E 2851 0 -5 -16
E 2851 3 4 13
E 2851 4 7 23
E 2851 5 10 32
T 2852 19 0 3 0
E 2852 0 -9 -27
E 2852 1 -6 -18
E 2852 5 7 21
T 2853 28 0 3 0
E 2853 0 -7 -22
E 2853 4 5 16
E 2853 5 8 26
T 2854 11 0 3 0
E 2854 0 -12 -36
E 2854 1 -8 -26
E 2854 2 -5 -16
T 2855 29 0 3 0
E 2855 0 -5 -17
E 2855 4 7 21
E 2855 5 10 31
T 2856 23 0 4 0
E 2856 0 -8 -25
E 2856 1 -5 -15
E 2856 4 4 14
E 2856 5 7 23
T 2857 20 0 3 0
E 2857 0 -9 -29
E 2857 1 -6 -20
E 2857 5 6 19
T 2858 25 0 4 0
E 2858 0 -7 -23
E 2858 1 -4 -13
E 2858 4 5 15
E 2858 5 8 25
T 2859 24 0 4 0
E 2859 0 -8 -26
E 2859 1 -5 -16
E 2859 4 4 13
E 2859 5 7 22
T 2860 19 0 3 0
E 2860 0 -9 -28
E 2860 1 -6 -19
E 2860 5 6 20
T 2861 29 0 3 0
E 2861 0 -7 -21
E 2861 4 6 18
E 2861 5 9 27
T 2862 19 0 3 0
E 2862 0 -9 -28
E 2862 1 -6 -19
E 2862 5 6 20
T 2863 24 1 4 0
E 2863 0 -8 -24
E 2863 1 -4 -14
E 2863 4 4 14
E 2863 5 8 24
T 2864 29 0 3 0
E 2864 0 -7 -21
E 2864 4 6 18
E 2864 5 9 27
T 2865 10 0 3 0
E 2865 0 -12 -36
E 2865 1 -9 -27
E 2865 2 -5 -17
T 2866 29 0 3 0
E 2866 0 -5 -17
E 2866 4 7 22
E 2866 5 10 31
T 2867 23 0 4 0
E 2867 0 -8 -24
E 2867 1 -5 -15
E 2867 4 4 14
E 2867 5 8 24
T 2868 29 0 3 0
E 2868 0 -6 -20
E 2868 4 6 18
E 2868 5 9 28
T 2869 19 0 3 0
E 2869 0 -10 -31
E 2869 1 -7 -21
E 2869 5 5 17
T 2870 25 0 4 0
E 2870 0 -7 -23
E 2870 1 -4 -14
E 2870 4 5 15
E 2870 5 8 25
T 2871 29 0 3 0
E 2871 0 -7 -21
E 2871 4 6 18
E 2871 5 9 27
T 2872 16 0 4 0
E 2872 0 -10 -32
E 2872 1 -7 -23
E 2872 2 -4 -13
E 2872 5 5 16
T 2873 32 0 4 0
E 2873 0 -5 -16
E 2873 3 4 13
E 2873 4 7 22
E 2873 5 10 32
T 2874 20 0 3 0
E 2874 0 -10 -30
E 2874 1 -6 -20
E 2874 5 6 18
T 2875 20 0 3 0
E 2875 0 -8 -26
E 2875 1 -5 -17
E 2875 5 7 22
T 2876 29 0 3 0
E 2876 0 -6 -18
E 2876 4 7 21
E 2876 5 10 30
T 2877 10 0 3 0
E 2877 0 -12 -36
E 2877 1 -9 -27
E 2877 2 -5 -17
T 2878 41 0 4 0
E 2878 2 4 13
E 2878 3 7 23
E 2878 4 10 32
E 2878 5 14 42
T 2879 5 0 4 0
E 2879 0 -16 -48
E 2879 1 -12 -38
E 2879 2 -9 -28
E 2879 3 -6 -19
T 2880 1 0 4 0
E 2880 0 12 36
E 2880 3 5 17
E 2880 4 8 26
E 2880 5 12 36
T 2881 31 0 3 0
E 2881 1 -13 -39
E 2881 2 -10 -30
E 2881 3 -6 -20
T 2882 4 0 4 0
E 2882 0 13 39
E 2882 3 4 13
E 2882 4 7 23
E 2882 5 11 33
T 2883 37 0 3 0
E 2883 1 -13 -40
E 2883 2 -10 -31
E 2883 3 -7 -21
T 2884 22 0 3 0
E 2884 0 11 33
E 2884 1 -6 -18
E 2884 5 6 20
T 2885 37 0 4 0
E 2885 0 7 21
E 2885 1 -11 -34
E 2885 2 -8 -24
E 2885 3 -4 -14
T 2886 6 0 4 0
E 2886 0 14 42
E 2886 1 11 33
E 2886 4 4 14
E 2886 5 7 23
T 2887 45 0 4 0
E 2887 2 -14 -43
E 2887 3 -11 -34
E 2887 4 -8 -24
E 2887 5 -4 -14
T 2888 12 0 3 0
E 2888 0 14 43
E 2888 1 11 34
E 2888 5 6 18
T 2889 40 0 4 0
E 2889 0 6 19
E 2889 2 -12 -38
E 2889 3 -9 -29
E 2889 4 -6 -19
T 2890 19 0 4 0
E 2890 0 15 47
E 2890 1 12 37
E 2890 2 -4 -14
E 2890 5 5 15
T 2891 56 0 5 0
E 2891 0 4 14
E 2891 2 -16 -50
E 2891 3 -13 -40
E 2891 4 -10 -30
E 2891 5 -7 -21
T 2892 1 0 5 0
E 2892 0 20 62
E 2892 1 17 52
E 2892 2 14 43
E 2892 4 4 14
E 2892 5 8 24
T 2893 63 0 5 0
E 2893 1 -5 -15
E 2893 2 -8 -25
E 2893 3 -22 -66
E 2893 4 -19 -57
E 2893 5 -15 -47
T 2894 4 0 4 0
E 2894 0 22 66
E 2894 1 18 56
E 2894 2 15 47
E 2894 5 7 21
T 2895 61 0 4 0
E 2895 2 -4 -13
E 2895 3 -20 -60
E 2895 4 -17 -51
E 2895 5 -13 -41
T 2896 11 0 3 0
E 2896 0 20 62
E 2896 1 17 53
E 2896 2 14 43
T 2897 63 0 3 0
E 2897 3 -21 -65
E 2897 4 -18 -55
E 2897 5 -15 -45
T 2898 3 0 4 0
E 2898 0 23 69
E 2898 1 20 60
E 2898 2 16 50
E 2898 3 13 41
T 2899 58 0 4 0
E 2899 2 -5 -15
E 2899 3 -8 -25
E 2899 4 -22 -66
E 2899 5 -19 -57
T 2900 9 0 5 0
E 2900 0 18 55
E 2900 1 15 45
E 2900 2 11 35
E 2900 3 8 26
E 2900 4 -6 -19
T 2901 52 0 4 0
E 2901 0 4 14
E 2901 3 -5 -15
E 2901 4 -20 -62
E 2901 5 -17 -53
T 2902 8 0 5 0
E 2902 0 19 58
E 2902 1 16 48
E 2902 2 13 39
E 2902 3 9 29
E 2902 4 -7 -22
T 2903 61 0 3 0
E 2903 3 -6 -18
E 2903 4 -24 -73
E 2903 5 -21 -63
T 2904 5 0 6 0
E 2904 0 21 64
E 2904 1 18 54
E 2904 2 15 45
E 2904 3 11 35
E 2904 4 8 26
E 2904 5 -4 -13
T 2905 61 0 5 0
E 2905 1 -4 -14
E 2905 2 -8 -24
E 2905 3 -11 -33
E 2905 4 -14 -43
E 2905 5 -28 -84
T 2906 3 0 6 0
E 2906 0 21 63
E 2906 1 18 54
E 2906 2 14 44
E 2906 3 11 34
E 2906 4 8 25
E 2906 5 -6 -20
T 2907 63 0 5 0
E 2907 1 -5 -16
E 2907 2 -8 -25
E 2907 3 -11 -35
E 2907 4 -15 -45
E 2907 5 -30 -92
T 2908 8 0 6 0
E 2908 0 23 70
E 2908 1 20 61
E 2908 2 17 51
E 2908 3 14 42
E 2908 4 10 32
E 2908 5 -6 -19
T 2909 63 0 5 0
E 2909 1 -4 -13
E 2909 2 -7 -22
E 2909 3 -10 -32
E 2909 4 -13 -41
E 2909 5 -32 -96
T 2910 19 0 6 0
E 2910 0 23 70
E 2910 1 20 60
E 2910 2 16 50
E 2910 3 13 41
E 2910 4 10 31
E 2910 5 7 22
T 2911 62 0 6 0
E 2911 0 -5 -16
E 2911 1 -8 -25
E 2911 2 -11 -35
E 2911 3 -15 -45
E 2911 4 -18 -54
E 2911 5 -21 -64
T 2912 11 0 6 0
E 2912 0 20 62
E 2912 1 17 52
E 2912 2 14 43
E 2912 3 11 33
E 2912 4 7 23
E 2912 5 4 14
T 2913 53 0 5 0
E 2913 1 -6 -20
E 2913 2 -10 -30
E 2913 3 -13 -39
E 2913 4 -16 -49
E 2913 5 -19 -59
T 2914 3 0 5 0
E 2914 0 18 55
E 2914 1 15 45
E 2914 2 12 36
E 2914 3 8 26
E 2914 4 5 17
T 2915 50 0 5 0
E 2915 1 -5 -15
E 2915 2 -8 -25
E 2915 3 -11 -34
E 2915 4 -14 -44
E 2915 5 -17 -53
T 2916 2 0 5 0
E 2916 0 17 53
E 2916 1 14 44
E 2916 2 11 34
E 2916 3 8 24
E 2916 4 5 15
T 2917 43 0 4 0
E 2917 2 -5 -17
E 2917 3 -9 -27
E 2917 4 -12 -37
E 2917 5 -15 -46
T 2918 5 0 4 0
E 2918 0 15 47
E 2918 1 12 38
E 2918 2 9 28
E 2918 3 6 19
T 2919 38 0 3 0
E 2919 3 -6 -18
E 2919 4 -9 -27
E 2919 5 -12 -37
T 2920 11 0 3 0
E 2920 0 12 37
E 2920 1 9 27
E 2920 2 5 17
T 2921 41 0 4 0
E 2921 2 -4 -13
E 2921 3 -7 -23
E 2921 4 -10 -32
E 2921 5 -14 -42
T 2922 5 0 4 0
E 2922 0 15 46
E 2922 1 12 36
E 2922 2 9 27
E 2922 3 5 17
T 2923 41 0 4 0
E 2923 2 -4 -13
E 2923 3 -7 -22
E 2923 4 -10 -32
E 2923 5 -14 -42
T 2924 11 0 3 0
E 2924 0 13 41
E 2924 1 10 31
E 2924 2 7 22
T 2925 38 0 3 0
E 2925 3 -5 -17
E 2925 4 -9 -27
E 2925 5 -12 -36
T 2926 11 0 3 0
E 2926 0 12 38
E 2926 1 9 29
E 2926 2 6 19
T 2927 34 0 4 0
E 2927 0 4 14
E 2927 3 -5 -15
E 2927 4 -8 -25
E 2927 5 -11 -34
T 2928 19 0 3 0
E 2928 0 10 30
E 2928 1 7 21
E 2928 5 -6 -18
T 2929 32 0 4 0
E 2929 0 5 15
E 2929 3 -4 -14
E 2929 4 -7 -23
E 2929 5 -11 -33
T 2930 19 0 3 0
E 2930 0 10 31
E 2930 1 7 21
E 2930 5 -5 -17
T 2931 34 0 4 0
E 2931 0 4 14
E 2931 3 -5 -15
E 2931 4 -8 -24
E 2931 5 -11 -34
T 2932 10 0 3 0
E 2932 0 12 37
E 2932 1 9 27
E 2932 2 6 18
T 2933 37 0 3 0
E 2933 3 -5 -16
E 2933 4 -8 -26
E 2933 5 -12 -36
T 2934 7 0 4 0
E 2934 0 14 42
E 2934 1 10 32
E 2934 2 7 23
E 2934 3 4 13
T 2935 38 0 3 0
E 2935 3 -5 -17
E 2935 4 -9 -27
E 2935 5 -12 -36
T 2936 10 0 3 0
E 2936 0 13 39
E 2936 1 10 30
E 2936 2 6 20
T 2937 37 0 3 0
E 2937 3 -6 -19
E 2937 4 -9 -29
E 2937 5 -12 -38
T 2938 15 0 4 0
E 2938 0 11 35
E 2938 1 8 26
E 2938 2 5 16
E 2938 5 -4 -13
T 2939 33 0 4 0
E 2939 0 4 13
E 2939 3 -5 -16
E 2939 4 -8 -25
E 2939 5 -11 -35
T 2940 16 0 4 0
E 2940 0 11 33
E 2940 1 7 23
E 2940 2 4 13
E 2940 5 -5 -15
T 2941 37 0 3 0
E 2941 3 -5 -17
E 2941 4 -8 -26
E 2941 5 -12 -36
T 2942 11 0 3 0
E 2942 0 12 38
E 2942 1 9 28
E 2942 2 6 19
T 2943 28 0 3 0
E 2943 0 6 18
E 2943 4 -6 -20
E 2943 5 -10 -30
T 2944 23 0 4 0
E 2944 0 8 25
E 2944 1 5 15
E 2944 4 -4 -13
E 2944 5 -7 -23
T 2945 25 0 4 0
E 2945 0 7 23
E 2945 1 4 13
E 2945 4 -5 -16
E 2945 5 -8 -25
T 2946 28 0 3 0
E 2946 0 7 21
E 2946 4 -5 -17
E 2946 5 -9 -27
T 2947 20 0 3 0
E 2947 0 9 29
E 2947 1 6 19
E 2947 5 -6 -19
T 2948 29 0 3 0
E 2948 0 6 20
E 2948 4 -6 -18
E 2948 5 -9 -28
T 2949 20 0 3 0
E 2949 0 8 26
E 2949 1 5 16
E 2949 5 -7 -22
T 2950 19 0 3 0
E 2950 0 9 28
E 2950 1 6 18
E 2950 5 -6 -20
T 2951 32 0 4 0
E 2951 0 5 15
E 2951 3 -4 -14
E 2951 4 -7 -23
E 2951 5 -11 -33
T 2952 16 0 4 0
E 2952 0 10 32
E 2952 1 7 22
E 2952 2 4 13
E 2952 5 -5 -16
T 2953 29 0 3 0
E 2953 0 6 20
E 2953 4 -6 -18
E 2953 5 -9 -28
T 2954 20 0 3 0
E 2954 0 9 29
E 2954 1 6 19
E 2954 5 -6 -19
T 2955 23 0 4 0
E 2955 0 8 25
E 2955 1 5 15
E 2955 4 -4 -14
E 2955 5 -7 -23
T 2956 24 0 4 0
E 2956 0 7 22
E 2956 1 4 13
E 2956 4 -5 -16
E 2956 5 -8 -26
T 2957 20 0 3 0
E 2957 0 10 30
E 2957 1 6 20
E 2957 5 -6 -18
T 2958 29 0 3 0
E 2958 0 5 17
E 2958 4 -7 -21
E 2958 5 -10 -31
T 2959 16 0 4 0
E 2959 0 10 32
E 2959 1 7 22
E 2959 2 4 13
E 2959 5 -5 -16
T 2960 33 0 4 0
E 2960 0 4 13
E 2960 3 -5 -16
E 2960 4 -8 -26
E 2960 5 -11 -35
T 2961 10 0 3 0
E 2961 0 13 39
E 2961 1 10 30
E 2961 2 6 20
T 2962 38 0 3 0
E 2962 3 -6 -20
E 2962 4 -10 -30
E 2962 5 -13 -39
T 2963 15 0 4 0
E 2963 0 11 33
E 2963 1 8 24
E 2963 2 4 14
E 2963 5 -5 -15
T 2964 28 0 3 0
E 2964 0 7 22
E 2964 4 -5 -16
E 2964 5 -8 -26
T 2965 20 0 3 0
E 2965 0 10 32
E 2965 1 7 22
E 2965 5 -5 -16
T 2966 28 0 3 0
E 2966 0 7 21
E 2966 4 -5 -17
E 2966 5 -9 -27
T 2967 11 0 3 0
E 2967 0 12 36
E 2967 1 8 26
E 2967 2 5 17
T 2968 28 0 3 0
E 2968 0 5 16
E 2968 4 -7 -22
E 2968 5 -10 -32
T 2969 20 0 3 0
E 2969 0 8 26
E 2969 1 5 16
E 2969 5 -7 -22
T 2970 25 0 4 0
E 2970 0 8 24
E 2970 1 4 14
E 2970 4 -5 -15
E 2970 5 -8 -24
T 2971 23 0 4 0
E 2971 0 8 25
E 2971 1 5 16
E 2971 4 -4 -13
E 2971 5 -7 -23
T 2972 29 0 3 0
E 2972 0 7 21
E 2972 4 -6 -18
E 2972 5 -9 -27
T 2973 23 0 4 0
E 2973 0 8 24
E 2973 1 5 15
E 2973 4 -4 -14
E 2973 5 -8 -24
T 2974 19 0 3 0
E 2974 0 9 28
E 2974 1 6 18
E 2974 5 -6 -20
T 2975 25 0 4 0
E 2975 0 8 24
E 2975 1 4 14
E 2975 4 -5 -15
E 2975 5 -8 -24
T 2976 25 0 4 0
E 2976 0 7 23
E 2976 1 4 14
E 2976 4 -5 -15
E 2976 5 -8 -25
T 2977 22 0 4 0
E 2977 0 7 23
E 2977 1 5 16
E 2977 4 -4 -13
E 2977 5 -7 -22
T 2978 16 0 3 0
E 2978 0 7 22
E 2978 1 6 18
E 2978 5 -7 -21
T 2979 14 0 3 0
E 2979 0 7 21
E 2979 1 6 19
E 2979 5 -6 -19
T 2980 13 0 3 0
E 2980 0 6 19
E 2980 1 6 20
E 2980 5 -6 -18
T 2981 18 0 3 0
E 2981 1 5 16
E 2981 4 -4 -13
E 2981 5 -7 -23
T 2982 13 0 2 0
E 2982 1 5 17
E 2982 5 -7 -21
T 2983 12 0 2 0
E 2983 1 5 17
E 2983 5 -6 -19
T 2984 2 0 3 0
E 2984 0 5 15
E 2984 1 7 21
E 2984 2 5 17
T 2985 12 0 2 0
E 2985 4 -6 -18
E 2985 5 -9 -27
T 2986 10 0 1 0
E 2986 5 -5 -17
T 2987 1 0 2 0
E 2987 1 5 16
E 2987 2 6 20
T 2988 5 0 1 0
E 2988 5 -5 -17
T 2989 7 0 3 0
E 2989 1 5 16
E 2989 2 7 22
E 2989 3 5 15
T 2990 1 0 1 0
E 2990 5 -4 -14
T 2991 0 0 0 0
T 2992 7 0 2 0
E 2992 2 4 13
E 2992 3 4 14
T 2993 6 0 1 0
E 2993 5 -5 -15
T 2994 8 0 1 0
E 2994 3 5 15
T 2995 9 0 1 0
E 2995 0 -4 -13
T 2996 9 0 1 0
E 2996 3 4 13
T 2997 9 0 1 0
E 2997 3 4 13
T 2998 12 0 0 0
T 2999 12 0 1 0
E 2999 4 4 14
T 3000 12 0 1 0
E 3000 4 5 17
T 3001 12 0 1 0
E 3001 4 5 17
T 3002 9 0 2 0
E 3002 0 -6 -19
E 3002 1 -4 -13
T 3003 20 0 3 0
E 3003 3 4 13
E 3003 4 6 19
E 3003 5 5 17
T 3004 10 0 2 0
E 3004 0 -7 -22
E 3004 1 -5 -16
T 3005 19 0 2 0
E 3005 4 6 18
E 3005 5 7 22
T 3006 15 0 2 0
E 3006 0 -5 -16
E 3006 5 4 14
T 3007 9 0 2 0
E 3007 0 -7 -21
E 3007 1 -5 -15
T 3008 15 0 2 0
E 3008 0 -5 -16
E 3008 5 4 14
T 3009 15 1 2 0
E 3009 0 -5 -15
E 3009 5 5 15
T 3010 20 0 2 0
E 3010 4 4 14
E 3010 5 6 20
T 3011 10 0 2 0
E 3011 0 -8 -24
E 3011 1 -6 -18
T 3012 23 0 3 0
E 3012 3 4 13
E 3012 4 6 19
E 3012 5 8 25
T 3013 8 0 3 0
E 3013 0 -9 -29
E 3013 1 -7 -23
E 3013 2 -5 -17
T 3014 15 0 2 0
E 3014 0 -4 -14
E 3014 5 5 16
T 3015 15 0 2 0
E 3015 0 -5 -16
E 3015 5 4 14
T 3016 9 0 2 0
E 3016 0 -6 -19
E 3016 1 -4 -13
T 3017 15 1 2 0
E 3017 0 -5 -15
E 3017 5 5 15
T 3018 15 0 2 0
E 3018 0 -5 -16
E 3018 5 4 14
T 3019 12 0 1 0
E 3019 0 -6 -18
T 3020 12 0 1 0
E 3020 0 -6 -18
T 3021 21 0 2 0
E 3021 4 4 13
E 3021 5 6 19
T 3022 12 0 1 0
E 3022 0 -6 -18
T 3023 16 0 2 0
E 3023 0 -5 -17
E 3023 5 4 13
T 3024 11 0 2 0
E 3024 0 -7 -23
E 3024 1 -5 -17
T 3025 20 0 2 0
E 3025 4 6 18
E 3025 5 8 24
T 3026 13 0 1 0
E 3026 0 -6 -19
T 3027 22 0 2 0
E 3027 4 5 15
E 3027 5 7 21
T 3028 10 0 2 0
E 3028 0 -7 -21
E 3028 1 -4 -13
T 3029 23 0 2 0
E 3029 4 5 16
E 3029 5 7 22
T 3030 17 0 2 0
E 3030 0 -6 -19
E 3030 5 4 14
T 3031 17 0 2 0
E 3031 0 -6 -18
E 3031 5 5 16
T 3032 20 0 3 0
E 3032 0 -5 -15
E 3032 4 4 13
E 3032 5 6 19
T 3033 13 0 2 0
E 3033 0 -8 -26
E 3033 1 -5 -16
T 3034 19 0 2 0
E 3034 0 -7 -21
E 3034 5 5 15
T 3035 18 1 2 0
E 3035 0 -6 -18
E 3035 5 6 18
T 3036 16 0 3 0
E 3036 0 -8 -24
E 3036 1 -4 -14
E 3036 5 4 13
T 3037 16 0 3 0
E 3037 0 -7 -22
E 3037 1 -4 -13
E 3037 5 5 15
T 3038 30 0 3 0
E 3038 3 4 14
E 3038 4 6 20
E 3038 5 8 26
T 3039 15 0 2 0
E 3039 0 -10 -32
E 3039 1 -7 -22
T 3040 23 0 3 0
E 3040 0 -6 -19
E 3040 4 4 14
E 3040 5 6 20
T 3041 17 0 3 0
E 3041 0 -8 -24
E 3041 1 -4 -14
E 3041 5 5 16
T 3042 17 0 3 0
E 3042 0 -7 -22
E 3042 1 -4 -13
E 3042 5 6 18
T 3043 18 0 3 0
E 3043 0 -7 -23
E 3043 1 -4 -13
E 3043 5 6 18
T 3044 22 0 4 0
E 3044 0 -7 -23
E 3044 1 -4 -13
E 3044 4 4 13
E 3044 5 6 19
T 3045 17 0 3 0
E 3045 0 -9 -28
E 3045 1 -6 -19
E 3045 5 4 14
T 3046 31 0 4 0
E 3046 0 -4 -14
E 3046 3 5 15
E 3046 4 7 23
E 3046 5 9 29
T 3047 10 0 3 0
E 3047 0 -11 -34
E 3047 1 -8 -25
E 3047 2 -5 -15
T 3048 37 0 3 0
E 3048 3 7 21
E 3048 4 10 30
E 3048 5 12 36
T 3049 11 0 3 0
E 3049 0 -13 -40
E 3049 1 -10 -30
E 3049 2 -6 -20
T 3050 27 0 3 0
E 3050 0 -6 -18
E 3050 4 6 20
E 3050 5 9 27
T 3051 23 0 4 0
E 3051 0 -8 -26
E 3051 1 -5 -16
E 3051 4 4 13
E 3051 5 6 20
T 3052 24 0 4 0
E 3052 0 -7 -22
E 3052 1 -4 -13
E 3052 4 5 16
E 3052 5 8 24
T 3053 20 0 3 0
E 3053 0 -9 -29
E 3053 1 -6 -19
E 3053 5 6 18
T 3054 23 0 4 0
E 3054 0 -8 -25
E 3054 1 -5 -15
E 3054 4 4 14
E 3054 5 7 23
T 3055 20 0 3 0
E 3055 0 -9 -29
E 3055 1 -6 -20
E 3055 5 6 19
T 3056 29 0 3 0
E 3056 0 -6 -20
E 3056 4 6 19
E 3056 5 9 28
T 3057 23 0 4 0
E 3057 0 -8 -24
E 3057 1 -5 -15
E 3057 4 4 14
E 3057 5 8 24
T 3058 20 0 3 0
E 3058 0 -8 -26
E 3058 1 -5 -16
E 3058 5 7 22
T 3059 19 0 3 0
E 3059 0 -9 -28
E 3059 1 -6 -18
E 3059 5 6 20
T 3060 24 0 4 0
E 3060 0 -7 -22
E 3060 1 -4 -13
E 3060 4 5 16
E 3060 5 8 26
T 3061 24 0 4 0
E 3061 0 -8 -26
E 3061 1 -5 -16
E 3061 4 4 13
E 3061 5 7 22
T 3062 19 0 3 0
E 3062 0 -9 -27
E 3062 1 -6 -18
E 3062 5 7 21
T 3063 25 0 4 0
E 3063 0 -7 -23
E 3063 1 -4 -13
E 3063 4 5 15
E 3063 5 8 25
T 3064 20 0 3 0
E 3064 0 -10 -32
E 3064 1 -7 -22
E 3064 5 5 16
T 3065 28 0 3 0
E 3065 0 -7 -21
E 3065 4 5 17
E 3065 5 9 27
T 3066 25 0 4 0
E 3066 0 -8 -24
E 3066 1 -4 -14
E 3066 4 5 15
E 3066 5 8 24
T 3067 19 0 3 0
E 3067 0 -9 -28
E 3067 1 -6 -19
E 3067 5 6 20
T 3068 28 0 3 0
E 3068 0 -7 -21
E 3068 4 5 17
E 3068 5 9 27
T 3069 11 0 3 0
E 3069 0 -12 -36
E 3069 1 -8 -26
E 3069 2 -5 -16
T 3070 37 0 3 0
E 3070 3 5 17
E 3070 4 8 26
E 3070 5 12 36
T 3071 14 0 4 0
E 3071 0 -11 -34
E 3071 1 -8 -24
E 3071 2 -5 -15
E 3071 5 4 14
T 3072 33 0 4 0
E 3072 0 -4 -14
E 3072 3 4 14
E 3072 4 8 24
E 3072 5 11 34
T 3073 20 0 3 0
E 3073 0 -9 -29
E 3073 1 -6 -19
E 3073 5 6 19
T 3074 29 0 3 0
E 3074 0 -6 -20
E 3074 4 6 19
E 3074 5 9 28
T 3075 23 0 4 0
E 3075 0 -8 -25
E 3075 1 -5 -16
E 3075 4 4 13
E 3075 5 7 23
T 3076 23 0 4 0
E 3076 0 -8 -25
E 3076 1 -5 -15
E 3076 4 4 14
E 3076 5 7 23
T 3077 23 0 4 0
E 3077 0 -8 -25
E 3077 1 -5 -16
E 3077 4 4 13
E 3077 5 7 23
T 3078 28 0 3 0
E 3078 0 -7 -21
E 3078 4 5 17
E 3078 5 9 27
T 3079 16 0 4 0
E 3079 0 -11 -33
E 3079 1 -7 -23
E 3079 2 -4 -13
E 3079 5 5 15
T 3080 32 0 4 0
E 3080 0 -5 -16
E 3080 3 4 13
E 3080 4 7 22
E 3080 5 10 32
T 3081 11 0 3 0
E 3081 0 -13 -39
E 3081 1 -9 -29
E 3081 2 -6 -20
T 3082 37 0 3 0
E 3082 3 5 16
E 3082 4 8 26
E 3082 5 12 36
T 3083 7 0 4 0
E 3083 0 -14 -42
E 3083 1 -10 -32
E 3083 2 -7 -23
E 3083 3 -4 -13
T 3084 33 0 4 0
E 3084 0 -5 -15
E 3084 3 4 14
E 3084 4 8 24
E 3084 5 11 33
T 3085 14 0 4 0
E 3085 0 -11 -34
E 3085 1 -8 -25
E 3085 2 -5 -15
E 3085 5 4 14
T 3086 28 0 3 0
E 3086 0 -6 -19
E 3086 4 6 20
E 3086 5 9 29
T 3087 25 0 4 0
E 3087 0 -7 -23
E 3087 1 -4 -14
E 3087 4 5 15
E 3087 5 8 25
T 3088 16 0 4 0
E 3088 0 -11 -33
E 3088 1 -7 -23
E 3088 2 -4 -14
E 3088 5 5 15
T 3089 38 0 3 0
E 3089 3 5 17
E 3089 4 9 27
E 3089 5 12 36
T 3090 11 0 3 0
E 3090 0 -12 -38
E 3090 1 -9 -29
E 3090 2 -6 -19
T 3091 34 0 4 0
E 3091 0 -4 -14
E 3091 3 5 15
E 3091 4 8 25
E 3091 5 11 34
T 3092 19 0 3 0
E 3092 0 -10 -31
E 3092 1 -7 -22
E 3092 5 5 17
T 3093 28 0 3 0
E 3093 0 -7 -22
E 3093 4 5 16
E 3093 5 8 26
T 3094 24 0 4 0
E 3094 0 -8 -26
E 3094 1 -5 -16
E 3094 4 4 13
E 3094 5 7 22
T 3095 19 0 3 0
E 3095 0 -10 -30
E 3095 1 -7 -21
E 3095 5 6 18
T 3096 28 0 3 0
E 3096 0 -6 -19
E 3096 4 6 20
E 3096 5 9 29
T 3097 15 0 4 0
E 3097 0 -11 -35
E 3097 1 -8 -26
E 3097 2 -5 -16
E 3097 5 4 13
T 3098 37 0 3 0
E 3098 3 5 17
E 3098 4 8 26
E 3098 5 12 36
T 3099 11 0 3 0
E 3099 0 -12 -36
E 3099 1 -8 -26
E 3099 2 -5 -16
T 3100 37 0 3 0
E 3100 3 7 22
E 3100 4 10 31
E 3100 5 13 41
T 3101 7 0 4 0
E 3101 0 -14 -42
E 3101 1 -10 -32
E 3101 2 -7 -23
E 3101 3 -4 -13
T 3102 41 0 4 0
E 3102 2 4 14
E 3102 3 7 23
E 3102 4 11 33
E 3102 5 14 43
T 3103 4 0 4 0
E 3103 0 -16 -49
E 3103 1 -13 -39
E 3103 2 -10 -30
E 3103 3 -6 -20
T 3104 43 0 4 0
E 3104 2 5 15
E 3104 3 8 24
E 3104 4 11 34
E 3104 5 14 43
T 3105 11 0 3 0
E 3105 0 -12 -38
E 3105 1 -9 -29
E 3105 2 -6 -19
T 3106 37 0 3 0
E 3106 3 7 22
E 3106 4 10 32
E 3106 5 13 41
T 3107 6 0 4 0
E 3107 0 -14 -44
E 3107 1 -11 -35
E 3107 2 -8 -25
E 3107 3 -5 -16
T 3108 37 0 3 0
E 3108 3 7 22
E 3108 4 10 31
E 3108 5 13 41
T 3109 6 0 4 0
E 3109 0 -14 -44
E 3109 1 -11 -34
E 3109 2 -8 -24
E 3109 3 -5 -15
T 3110 41 0 4 0
E 3110 2 4 13
E 3110 3 7 23
E 3110 4 10 32
E 3110 5 14 42
T 3111 6 0 4 0
E 3111 0 -15 -45
E 3111 1 -11 -35
E 3111 2 -8 -26
E 3111 3 -5 -16
T 3112 42 0 4 0
E 3112 2 5 15
E 3112 3 8 24
E 3112 4 11 34
E 3112 5 14 44
T 3113 6 0 4 0
E 3113 0 -14 -44
E 3113 1 -11 -34
E 3113 2 -8 -25
E 3113 3 -5 -15
T 3114 38 0 3 0
E 3114 3 7 21
E 3114 4 10 31
E 3114 5 13 40
T 3115 10 0 3 0
E 3115 0 -12 -37
E 3115 1 -9 -28
E 3115 2 -6 -18
T 3116 38 0 3 0
E 3116 3 6 18
E 3116 4 9 28
E 3116 5 12 37
T 3117 5 0 4 0
E 3117 0 -15 -45
E 3117 1 -12 -36
E 3117 2 -8 -26
E 3117 3 -5 -17
T 3118 41 0 4 0
E 3118 2 4 13
E 3118 3 7 23
E 3118 4 10 32
E 3118 5 14 42
T 3119 11 0 3 0
E 3119 0 -12 -38
E 3119 1 -9 -28
E 3119 2 -6 -18
T 3120 1 0 4 0
E 3120 0 12 38
E 3120 3 6 19
E 3120 4 9 28
E 3120 5 12 38
T 3121 35 0 4 0
E 3121 1 -14 -42
E 3121 2 -11 -33
E 3121 3 -7 -23
E 3121 4 -4 -13
T 3122 3 0 4 0
E 3122 0 14 42
E 3122 3 5 16
E 3122 4 8 26
E 3122 5 12 36
T 3123 37 0 3 0
E 3123 1 -12 -37
E 3123 2 -9 -28
E 3123 3 -6 -18
T 3124 17 0 4 0
E 3124 0 12 38
E 3124 1 -4 -13
E 3124 4 5 16
E 3124 5 8 25
T 3125 38 0 4 0
E 3125 0 6 20
E 3125 1 -11 -35
E 3125 2 -8 -25
E 3125 3 -5 -15
T 3126 10 0 3 0
E 3126 0 13 39
E 3126 1 10 30
E 3126 5 6 20
T 3127 45 0 4 0
E 3127 2 -14 -42
E 3127 3 -11 -33
E 3127 4 -7 -23
E 3127 5 -4 -13
T 3128 12 0 3 0
E 3128 0 15 45
E 3128 1 12 36
E 3128 5 6 20
T 3129 40 0 4 0
E 3129 0 6 19
E 3129 2 -12 -38
E 3129 3 -9 -29
E 3129 4 -6 -19
T 3130 28 0 4 0
E 3130 0 12 37
E 3130 1 9 27
E 3130 2 -8 -24
E 3130 3 -4 -14
T 3131 31 0 4 0
E 3131 0 11 33
E 3131 1 8 24
E 3131 2 -10 -31
E 3131 3 -7 -21
T 3132 29 0 4 0
E 3132 0 10 30
E 3132 1 6 20
E 3132 3 -9 -28
E 3132 4 -6 -18
T 3133 37 0 5 0
E 3133 0 8 26
E 3133 1 5 17
E 3133 3 -11 -34
E 3133 4 -8 -25
E 3133 5 -5 -15
T 3134 17 0 4 0
E 3134 0 15 45
E 3134 1 11 35
E 3134 2 8 26
E 3134 3 -6 -19
T 3135 45 0 5 0
E 3135 0 7 23
E 3135 1 4 13
E 3135 3 -14 -44
E 3135 4 -11 -35
E 3135 5 -8 -25
T 3136 24 0 5 0
E 3136 0 14 43
E 3136 1 11 34
E 3136 2 8 24
E 3136 3 -9 -27
E 3136 4 -5 -17
T 3137 57 0 4 0
E 3137 0 6 20
E 3137 3 -18 -54
E 3137 4 -14 -44
E 3137 5 -11 -34
T 3138 0 0 4 0
E 3138 0 20 62
E 3138 1 17 53
E 3138 2 14 43
E 3138 3 11 34
T 3139 60 0 4 0
E 3139 2 -7 -21
E 3139 3 -10 -31
E 3139 4 -24 -72
E 3139 5 -21 -63
T 3140 0 0 4 0
E 3140 0 20 62
E 3140 1 17 52
E 3140 2 14 42
E 3140 3 11 33
T 3141 61 0 4 0
E 3141 2 -5 -17
E 3141 3 -9 -27
E 3141 4 -24 -74
E 3141 5 -21 -65
T 3142 5 0 5 0
E 3142 0 21 63
E 3142 1 17 53
E 3142 2 14 44
E 3142 3 11 34
E 3142 4 -5 -17
T 3143 66 0 4 0
E 3143 2 -6 -19
E 3143 3 -9 -28
E 3143 4 -27 -83
E 3143 5 -24 -73
T 3144 10 0 5 0
E 3144 0 22 66
E 3144 1 18 56
E 3144 2 15 47
E 3144 3 12 37
E 3144 4 9 28
T 3145 59 0 5 0
E 3145 1 -4 -13
E 3145 2 -7 -23
E 3145 3 -10 -32
E 3145 4 -14 -42
E 3145 5 -27 -83
T 3146 0 0 6 0
E 3146 0 20 61
E 3146 1 17 52
E 3146 2 14 42
E 3146 3 10 32
E 3146 4 7 23
E 3146 5 -7 -22
T 3147 61 0 5 0
E 3147 1 -4 -13
E 3147 2 -7 -22
E 3147 3 -10 -32
E 3147 4 -14 -42
E 3147 5 -29 -89
T 3148 5 0 6 0
E 3148 0 22 68
E 3148 1 19 59
E 3148 2 16 49
E 3148 3 13 40
E 3148 4 10 30
E 3148 5 -7 -21
T 3149 65 0 5 0
E 3149 1 -5 -15
E 3149 2 -8 -24
E 3149 3 -11 -34
E 3149 4 -14 -43
E 3149 5 -32 -98
T 3150 14 0 6 0
E 3150 0 21 65
E 3150 1 18 55
E 3150 2 15 45
E 3150 3 12 36
E 3150 4 8 26
E 3150 5 5 17
T 3151 51 0 5 0
E 3151 1 -5 -16
E 3151 2 -8 -26
E 3151 3 -12 -36
E 3151 4 -15 -45
E 3151 5 -18 -55
T 3152 5 0 4 0
E 3152 0 16 48
E 3152 1 12 38
E 3152 2 9 29
E 3152 3 6 19
T 3153 37 0 3 0
E 3153 3 -6 -20
E 3153 4 -10 -30
E 3153 5 -13 -40
T 3154 15 0 4 0
E 3154 0 11 35
E 3154 1 8 25
E 3154 2 5 16
E 3154 5 -4 -13
T 3155 38 0 3 0
E 3155 3 -6 -18
E 3155 4 -9 -28
E 3155 5 -12 -37
T 3156 15 0 4 0
E 3156 0 11 35
E 3156 1 8 26
E 3156 2 5 16
E 3156 5 -4 -13
T 3157 28 0 3 0
E 3157 0 6 19
E 3157 4 -6 -20
E 3157 5 -9 -29
T 3158 19 0 3 0
E 3158 0 9 27
E 3158 1 6 18
E 3158 5 -7 -21
T 3159 28 0 3 0
E 3159 0 7 22
E 3159 4 -5 -16
E 3159 5 -8 -26
T 3160 20 0 3 0
E 3160 0 10 30
E 3160 1 6 20
E 3160 5 -6 -18
T 3161 23 0 4 0
E 3161 0 8 25
E 3161 1 5 16
E 3161 4 -4 -13
E 3161 5 -7 -23
T 3162 20 0 3 0
E 3162 0 10 30
E 3162 1 6 20
E 3162 5 -6 -18
T 3163 29 0 3 0
E 3163 0 5 17
E 3163 4 -7 -21
E 3163 5 -10 -31
T 3164 20 0 3 0
E 3164 0 10 30
E 3164 1 6 20
E 3164 5 -6 -18
T 3165 20 0 3 0
E 3165 0 9 27
E 3165 1 5 17
E 3165 5 -7 -21
T 3166 23 0 4 0
E 3166 0 8 25
E 3166 1 5 16
E 3166 4 -4 -13
E 3166 5 -7 -23
T 3167 23 0 4 0
E 3167 0 8 25
E 3167 1 5 15
E 3167 4 -4 -14
E 3167 5 -7 -23
T 3168 24 0 4 0
E 3168 0 7 22
E 3168 1 4 13
E 3168 4 -5 -16
E 3168 5 -8 -26
T 3169 20 0 3 0
E 3169 0 9 29
E 3169 1 6 19
E 3169 5 -6 -19
T 3170 28 0 3 0
E 3170 0 6 19
E 3170 4 -6 -20
E 3170 5 -9 -29
T 3171 16 0 4 0
E 3171 0 10 32
E 3171 1 7 23
E 3171 2 4 13
E 3171 5 -5 -16
T 3172 33 0 4 0
E 3172 0 5 15
E 3172 3 -4 -14
E 3172 4 -8 -24
E 3172 5 -11 -33
T 3173 14 0 4 0
E 3173 0 11 34
E 3173 1 8 25
E 3173 2 5 15
E 3173 5 -4 -14
T 3174 28 0 3 0
E 3174 0 7 21
E 3174 4 -5 -17
E 3174 5 -9 -27
T 3175 20 0 3 0
E 3175 0 9 27
E 3175 1 5 17
E 3175 5 -7 -21
T 3176 25 0 4 0
E 3176 0 7 23
E 3176 1 4 14
E 3176 4 -5 -15
E 3176 5 -8 -25
T 3177 23 0 4 0
E 3177 0 8 25
E 3177 1 5 15
E 3177 4 -4 -14
E 3177 5 -7 -23
T 3178 19 0 3 0
E 3178 0 9 28
E 3178 1 6 19
E 3178 5 -6 -20
T 3179 28 0 3 0
E 3179 0 7 22
E 3179 4 -5 -16
E 3179 5 -8 -26
T 3180 19 0 3 0
E 3180 0 10 31
E 3180 1 7 21
E 3180 5 -5 -17
T 3181 23 0 4 0
E 3181 0 8 25
E 3181 1 5 16
E 3181 4 -4 -13
E 3181 5 -7 -23
T 3182 29 0 3 0
E 3182 0 7 21
E 3182 4 -6 -18
E 3182 5 -9 -27
T 3183 15 0 4 0
E 3183 0 11 35
E 3183 1 8 26
E 3183 2 5 16
E 3183 5 -4 -13
T 3184 25 0 4 0
E 3184 0 7 23
E 3184 1 4 13
E 3184 4 -5 -15
E 3184 5 -8 -25
T 3185 29 0 3 0
E 3185 0 7 21
E 3185 4 -6 -18
E 3185 5 -9 -27
T 3186 15 0 4 0
E 3186 0 11 35
E 3186 1 8 26
E 3186 2 5 16
E 3186 5 -4 -13
T 3187 28 0 3 0
E 3187 0 7 22
E 3187 4 -5 -17
E 3187 5 -8 -26
T 3188 20 0 3 0
E 3188 0 9 29
E 3188 1 6 20
E 3188 5 -6 -19
T 3189 29 0 3 0
E 3189 0 6 20
E 3189 4 -6 -18
E 3189 5 -9 -28
T 3190 15 0 4 0
E 3190 0 11 34
E 3190 1 8 24
E 3190 2 4 14
E 3190 5 -4 -14
T 3191 33 0 4 0
E 3191 0 4 13
E 3191 3 -5 -16
E 3191 4 -8 -25
E 3191 5 -11 -35
T 3192 11 0 3 0
E 3192 0 12 36
E 3192 1 8 26
E 3192 2 5 17
T 3193 28 0 3 0
E 3193 0 5 16
E 3193 4 -7 -22
E 3193 5 -10 -32
T 3194 19 0 3 0
E 3194 0 9 28
E 3194 1 6 18
E 3194 5 -6 -20
T 3195 29 0 3 0
E 3195 0 6 20
E 3195 4 -6 -19
E 3195 5 -9 -28
T 3196 19 0 3 0
E 3196 0 9 28
E 3196 1 6 19
E 3196 5 -6 -20
T 3197 29 0 3 0
E 3197 0 5 17
E 3197 4 -7 -22
E 3197 5 -10 -31
T 3198 19 0 3 0
E 3198 0 10 31
E 3198 1 7 22
E 3198 5 -5 -17
T 3199 28 0 3 0
E 3199 0 7 21
E 3199 4 -5 -17
E 3199 5 -9 -27
T 3200 16 0 4 0
E 3200 0 11 33
E 3200 1 7 23
E 3200 2 4 13
E 3200 5 -5 -15
T 3201 37 0 3 0
E 3201 3 -5 -17
E 3201 4 -8 -26
E 3201 5 -12 -36
T 3202 6 0 4 0
E 3202 0 14 44
E 3202 1 11 34
E 3202 2 8 25
E 3202 3 5 15
T 3203 37 0 3 0
E 3203 3 -5 -16
E 3203 4 -8 -26
E 3203 5 -12 -36
T 3204 6 0 4 0
E 3204 0 14 43
E 3204 1 11 33
E 3204 2 8 24
E 3204 3 4 14
T 3205 33 0 4 0
E 3205 0 4 13
E 3205 3 -5 -16
E 3205 4 -8 -26
E 3205 5 -11 -35
T 3206 19 0 3 0
E 3206 0 9 28
E 3206 1 6 19
E 3206 5 -6 -20
T 3207 29 0 3 0
E 3207 0 6 20
E 3207 4 -6 -19
E 3207 5 -9 -28
T 3208 10 0 3 0
E 3208 0 12 36
E 3208 1 9 27
E 3208 2 5 17
T 3209 34 0 4 0
E 3209 0 4 14
E 3209 3 -5 -15
E 3209 4 -8 -24
E 3209 5 -11 -34
T 3210 11 0 3 0
E 3210 0 13 41
E 3210 1 10 31
E 3210 2 7 21
T 3211 37 0 3 0
E 3211 3 -7 -22
E 3211 4 -10 -31
E 3211 5 -13 -41
T 3212 11 0 3 0
E 3212 0 13 39
E 3212 1 9 29
E 3212 2 6 20
T 3213 37 0 3 0
E 3213 3 -6 -19
E 3213 4 -9 -29
E 3213 5 -13 -39
T 3214 10 0 3 0
E 3214 0 13 40
E 3214 1 10 30
E 3214 2 7 21
T 3215 33 0 4 0
E 3215 0 5 15
E 3215 3 -4 -14
E 3215 4 -8 -24
E 3215 5 -11 -33
T 3216 19 0 3 0
E 3216 0 10 30
E 3216 1 7 21
E 3216 5 -6 -18
T 3217 35 0 3 0
E 3217 3 -4 -14
E 3217 4 -8 -24
E 3217 5 -11 -33
T 3218 7 0 3 0
E 3218 0 11 35
E 3218 1 10 31
E 3218 2 7 21
T 3219 29 0 3 0
E 3219 3 -4 -14
E 3219 4 -7 -23
E 3219 5 -11 -33
T 3220 4 0 3 0
E 3220 0 9 29
E 3220 1 10 30
E 3220 2 6 20
T 3221 22 0 2 0
E 3221 4 -6 -18
E 3221 5 -9 -28
T 3222 8 0 3 0
E 3222 0 5 15
E 3222 1 7 21
E 3222 5 -5 -17
T 3223 14 0 3 0
E 3223 1 4 13
E 3223 4 -4 -13
E 3223 5 -7 -23
T 3224 10 1 2 0
E 3224 1 5 16
E 3224 5 -5 -17
T 3225 12 0 1 0
E 3225 5 -6 -18
T 3226 4 0 3 0
E 3226 1 4 13
E 3226 2 4 14
E 3226 5 -5 -15
T 3227 2 0 2 0
E 3227 1 4 13
E 3227 2 5 17
T 3228 5 0 1 0
E 3228 5 -5 -17
T 3229 7 0 3 0
E 3229 1 5 16
E 3229 2 7 22
E 3229 3 5 15
T 3230 3 0 3 0
E 3230 0 -4 -14
E 3230 4 -5 -16
E 3230 5 -8 -25
T 3231 5 0 2 0
E 3231 2 5 16
E 3231 3 4 14
T 3232 4 0 0 0
T 3233 7 0 1 0
E 3233 3 4 13
T 3234 9 0 1 0
E 3234 3 4 13
T 3235 7 0 0 0
T 3236 10 0 0 0
T 3237 12 0 1 0
E 3237 0 -5 -17
T 3238 11 0 1 0
E 3238 0 -5 -16
T 3239 10 0 1 0
E 3239 0 -5 -15
T 3240 12 0 1 0
E 3240 4 6 18
T 3241 15 0 1 0
E 3241 4 4 13
T 3242 15 0 1 0
E 3242 4 4 13
T 3243 12 0 1 0
E 3243 0 -6 -18
T 3244 12 0 1 0
E 3244 0 -5 -17
T 3245 19 0 2 0
E 3245 4 5 16
E 3245 5 6 20
T 3246 11 0 2 0
E 3246 0 -7 -23
E 3246 1 -5 -17
T 3247 21 0 2 0
E 3247 4 4 13
E 3247 5 6 19
T 3248 6 0 3 0
E 3248 0 -9 -27
E 3248 1 -7 -21
E 3248 2 -5 -15
T 3249 22 0 3 0
E 3249 3 5 17
E 3249 4 7 23
E 3249 5 9 29
T 3250 11 0 2 0
E 3250 0 -7 -23
E 3250 1 -5 -17
T 3251 12 0 1 0
E 3251 0 -6 -18
T 3252 20 0 2 0
E 3252 4 5 16
E 3252 5 7 22
T 3253 9 0 2 0
E 3253 0 -6 -19
E 3253 1 -4 -13
T 3254 20 0 2 0
E 3254 4 4 14
E 3254 5 6 20
T 3255 11 0 2 0
E 3255 0 -7 -23
E 3255 1 -5 -17
T 3256 12 0 1 0
E 3256 0 -6 -18
T 3257 14 0 2 0
E 3257 0 -4 -13
E 3257 5 5 17
T 3258 15 0 2 0
E 3258 0 -4 -14
E 3258 5 5 16
T 3259 15 1 2 0
E 3259 0 -5 -15
E 3259 5 5 15
T 3260 20 0 2 0
E 3260 4 4 14
E 3260 5 6 20
T 3261 9 0 2 0
E 3261 0 -6 -19
E 3261 1 -4 -13
T 3262 22 0 3 0
E 3262 3 4 14
E 3262 4 6 20
E 3262 5 8 26
T 3263 7 0 3 0
E 3263 0 -8 -25
E 3263 1 -6 -19
E 3263 2 -4 -13
T 3264 22 0 3 0
E 3264 3 4 14
E 3264 4 6 20
E 3264 5 8 26
T 3265 8 0 3 0
E 3265 0 -9 -29
E 3265 1 -7 -23
E 3265 2 -5 -17
T 3266 24 0 3 0
E 3266 3 4 13
E 3266 4 6 19
E 3266 5 8 25
T 3267 7 0 3 0
E 3267 0 -10 -31
E 3267 1 -8 -24
E 3267 2 -6 -18
T 3268 15 1 2 0
E 3268 0 -5 -15
E 3268 5 5 17
T 3269 16 1 2 0
E 3269 0 -5 -16
E 3269 5 5 17
T 3270 24 0 2 0
E 3270 4 5 15
E 3270 5 7 21
T 3271 13 0 2 0
E 3271 0 -9 -28
E 3271 1 -6 -18
T 3272 20 0 3 0
E 3272 0 -4 -14
E 3272 4 4 14
E 3272 5 6 20
T 3273 18 0 2 0
E 3273 0 -7 -21
E 3273 5 4 14
T 3274 19 0 2 0
E 3274 0 -6 -20
E 3274 5 5 16
T 3275 22 0 3 0
E 3275 0 -5 -15
E 3275 4 5 15
E 3275 5 7 21
T 3276 20 0 2 0
E 3276 0 -7 -22
E 3276 5 5 15
T 3277 15 0 3 0
E 3277 0 -8 -24
E 3277 1 -5 -15
E 3277 5 4 13
T 3278 24 0 3 0
E 3278 0 -4 -14
E 3278 4 6 18
E 3278 5 8 24
T 3279 15 0 2 0
E 3279 0 -10 -32
E 3279 1 -7 -22
T 3280 31 0 3 0
E 3280 3 5 17
E 3280 4 7 23
E 3280 5 9 29
T 3281 13 0 2 0
E 3281 0 -9 -28
E 3281 1 -6 -18
T 3282 25 0 3 0
E 3282 0 -6 -19
E 3282 4 5 15
E 3282 5 7 21
T 3283 14 0 2 0
E 3283 0 -10 -31
E 3283 1 -7 -21
T 3284 35 0 3 0
E 3284 3 6 18
E 3284 4 8 25
E 3284 5 10 31
T 3285 10 0 3 0
E 3285 0 -11 -34
E 3285 1 -8 -25
E 3285 2 -5 -15
T 3286 35 0 3 0
E 3286 3 7 21
E 3286 4 9 29
E 3286 5 11 35
T 3287 11 0 3 0
E 3287 0 -12 -38
E 3287 1 -9 -29
E 3287 2 -6 -19
T 3288 36 0 3 0
E 3288 3 6 19
E 3288 4 9 28
E 3288 5 11 34
T 3289 11 0 3 0
E 3289 0 -12 -36
E 3289 1 -8 -26
E 3289 2 -5 -16
T 3290 33 0 4 0
E 3290 0 -4 -14
E 3290 3 5 15
E 3290 4 8 24
E 3290 5 10 31
T 3291 11 0 3 0
E 3291 0 -12 -38
E 3291 1 -9 -28
E 3291 2 -6 -19
T 3292 40 0 4 0
E 3292 2 4 13
E 3292 3 7 22
E 3292 4 10 32
E 3292 5 13 40
T 3293 10 0 3 0
E 3293 0 -12 -37
E 3293 1 -9 -27
E 3293 2 -6 -18
T 3294 38 0 3 0
E 3294 3 7 21
E 3294 4 10 31
E 3294 5 13 40
T 3295 15 0 4 0
E 3295 0 -11 -35
E 3295 1 -8 -26
E 3295 2 -5 -16
E 3295 5 4 13
T 3296 33 0 4 0
E 3296 0 -5 -15
E 3296 3 4 14
E 3296 4 8 24
E 3296 5 11 33
T 3297 11 0 3 0
E 3297 0 -12 -38
E 3297 1 -9 -29
E 3297 2 -6 -19
T 3298 38 0 3 0
E 3298 3 7 21
E 3298 4 10 30
E 3298 5 13 40
T 3299 11 0 3 0
E 3299 0 -13 -41
E 3299 1 -10 -31
E 3299 2 -7 -21
T 3300 32 0 4 0
E 3300 0 -5 -16
E 3300 3 4 13
E 3300 4 7 22
E 3300 5 10 32
T 3301 16 0 4 0
E 3301 0 -11 -33
E 3301 1 -7 -23
E 3301 2 -4 -14
E 3301 5 5 15
T 3302 29 0 3 0
E 3302 0 -5 -17
E 3302 4 7 21
E 3302 5 10 31
T 3303 19 0 3 0
E 3303 0 -10 -31
E 3303 1 -7 -21
E 3303 5 5 17
T 3304 28 0 3 0
E 3304 0 -6 -19
E 3304 4 6 20
E 3304 5 9 29
T 3305 15 0 4 0
E 3305 0 -11 -35
E 3305 1 -8 -26
E 3305 2 -5 -16
E 3305 5 4 13
T 3306 28 0 3 0
E 3306 0 -7 -22
E 3306 4 5 17
E 3306 5 8 26
T 3307 15 0 4 0
E 3307 0 -11 -35
E 3307 1 -8 -26
E 3307 2 -5 -16
E 3307 5 4 13
T 3308 32 0 4 0
E 3308 0 -5 -16
E 3308 3 4 13
E 3308 4 7 22
E 3308 5 10 32
T 3309 19 0 3 0
E 3309 0 -9 -28
E 3309 1 -6 -18
E 3309 5 6 20
T 3310 20 0 3 0
E 3310 0 -8 -26
E 3310 1 -5 -17
E 3310 5 7 22
T 3311 24 0 4 0
E 3311 0 -8 -26
E 3311 1 -5 -16
E 3311 4 4 13
E 3311 5 7 22
T 3312 19 0 3 0
E 3312 0 -9 -28
E 3312 1 -6 -19
E 3312 5 6 20
T 3313 29 0 3 0
E 3313 0 -6 -20
E 3313 4 6 18
E 3313 5 9 28
T 3314 15 0 4 0
E 3314 0 -11 -34
E 3314 1 -8 -24
E 3314 2 -4 -14
E 3314 5 4 14
T 3315 28 0 3 0
E 3315 0 -6 -18
E 3315 4 6 20
E 3315 5 10 30
T 3316 16 0 4 0
E 3316 0 -11 -33
E 3316 1 -7 -23
E 3316 2 -4 -14
E 3316 5 5 15
T 3317 37 0 3 0
E 3317 3 5 16
E 3317 4 8 26
E 3317 5 12 36
T 3318 11 0 3 0
E 3318 0 -13 -41
E 3318 1 -10 -31
E 3318 2 -7 -22
T 3319 32 0 4 0
E 3319 0 -5 -16
E 3319 3 4 13
E 3319 4 7 23
E 3319 5 10 32
T 3320 15 0 4 0
E 3320 0 -11 -35
E 3320 1 -8 -26
E 3320 2 -5 -16
E 3320 5 4 13
T 3321 33 0 4 0
E 3321 0 -4 -13
E 3321 3 5 16
E 3321 4 8 26
E 3321 5 11 35
T 3322 19 0 3 0
E 3322 0 -10 -30
E 3322 1 -7 -21
E 3322 5 6 18
T 3323 20 0 3 0
E 3323 0 -8 -26
E 3323 1 -5 -16
E 3323 5 7 22
T 3324 19 0 3 0
E 3324 0 -9 -28
E 3324 1 -6 -18
E 3324 5 6 20
T 3325 28 0 3 0
E 3325 0 -6 -19
E 3325 4 6 19
E 3325 5 9 29
T 3326 20 0 3 0
E 3326 0 -10 -30
E 3326 1 -6 -20
E 3326 5 6 18
T 3327 29 0 3 0
E 3327 0 -5 -17
E 3327 4 7 21
E 3327 5 10 31
T 3328 23 0 4 0
E 3328 0 -8 -25
E 3328 1 -5 -15
E 3328 4 4 13
E 3328 5 7 23
T 3329 19 0 3 0
E 3329 0 -9 -28
E 3329 1 -6 -18
E 3329 5 6 20
T 3330 28 0 3 0
E 3330 0 -7 -21
E 3330 4 5 17
E 3330 5 9 27
T 3331 16 0 4 0
E 3331 0 -10 -32
E 3331 1 -7 -22
E 3331 2 -4 -13
E 3331 5 5 16
T 3332 25 0 4 0
E 3332 0 -7 -23
E 3332 1 -4 -14
E 3332 4 5 15
E 3332 5 8 25
T 3333 20 0 3 0
E 3333 0 -10 -30
E 3333 1 -6 -20
E 3333 5 6 18
T 3334 28 0 3 0
E 3334 0 -6 -19
E 3334 4 6 20
E 3334 5 9 29
T 3335 25 0 4 0
E 3335 0 -7 -23
E 3335 1 -4 -14
E 3335 4 5 15
E 3335 5 8 25
T 3336 23 0 4 0
E 3336 0 -8 -25
E 3336 1 -5 -15
E 3336 4 4 14
E 3336 5 7 23
T 3337 28 0 3 0
E 3337 0 -6 -19
E 3337 4 6 19
E 3337 5 9 29
T 3338 20 0 3 0
E 3338 0 -9 -27
E 3338 1 -5 -17
E 3338 5 7 21
T 3339 32 0 4 0
E 3339 0 -5 -16
E 3339 3 4 13
E 3339 4 7 23
E 3339 5 10 32
T 3340 10 0 3 0
E 3340 0 -12 -37
E 3340 1 -9 -28
E 3340 2 -6 -18
T 3341 29 0 3 0
E 3341 0 -5 -17
E 3341 4 7 22
E 3341 5 10 31
T 3342 19 0 3 0
E 3342 0 -9 -28
E 3342 1 -6 -19
E 3342 5 6 20
T 3343 32 0 4 0
E 3343 0 -5 -16
E 3343 3 4 13
E 3343 4 7 22
E 3343 5 10 32
T 3344 11 0 3 0
E 3344 0 -12 -36
E 3344 1 -8 -26
E 3344 2 -5 -16
T 3345 37 0 3 0
E 3345 3 7 22
E 3345 4 10 31
E 3345 5 13 41
T 3346 7 0 4 0
E 3346 0 -14 -42
E 3346 1 -10 -32
E 3346 2 -7 -23
E 3346 3 -4 -13
T 3347 42 0 4 0
E 3347 2 5 17
E 3347 3 8 26
E 3347 4 12 36
E 3347 5 15 46
T 3348 5 0 4 0
E 3348 0 -15 -47
E 3348 1 -12 -37
E 3348 2 -9 -28
E 3348 3 -6 -18
T 3349 42 0 4 0
E 3349 2 5 16
E 3349 3 8 25
E 3349 4 11 35
E 3349 5 14 44
T 3350 11 0 3 0
E 3350 0 -13 -41
E 3350 1 -10 -32
E 3350 2 -7 -22
T 3351 33 0 4 0
E 3351 0 -4 -13
E 3351 3 5 16
E 3351 4 8 26
E 3351 5 11 35
T 3352 10 0 3 0
E 3352 0 -12 -36
E 3352 1 -9 -27
E 3352 2 -5 -17
T 3353 33 0 4 0
E 3353 0 -4 -13
E 3353 3 5 16
E 3353 4 8 25
E 3353 5 11 35
T 3354 16 0 4 0
E 3354 0 -11 -33
E 3354 1 -7 -23
E 3354 2 -4 -13
E 3354 5 5 15
T 3355 28 0 3 0
E 3355 0 -6 -19
E 3355 4 6 19
E 3355 5 9 29
T 3356 14 0 4 0
E 3356 0 -11 -34
E 3356 1 -8 -24
E 3356 2 -5 -15
E 3356 5 4 14
T 3357 37 0 3 0
E 3357 3 5 17
E 3357 4 9 27
E 3357 5 12 37
T 3358 15 0 4 0
E 3358 0 -11 -35
E 3358 1 -8 -25
E 3358 2 -5 -16
E 3358 5 4 13
T 3359 34 0 4 0
E 3359 0 -4 -14
E 3359 3 5 15
E 3359 4 8 25
E 3359 5 11 34
T 3360 25 0 2 0
E 3360 1 -9 -29
E 3360 2 -6 -19
T 3361 7 0 3 0
E 3361 0 10 32
E 3361 4 6 20
E 3361 5 9 29
T 3362 34 0 3 0
E 3362 1 -12 -38
E 3362 2 -9 -28
E 3362 3 -6 -19
T 3363 7 0 4 0
E 3363 0 13 41
E 3363 3 4 13
E 3363 4 7 22
E 3363 5 10 32
T 3364 36 0 4 0
E 3364 0 4 13
E 3364 1 -12 -38
E 3364 2 -9 -28
E 3364 3 -6 -19
T 3365 28 0 4 0
E 3365 0 10 32
E 3365 1 -7 -23
E 3365 2 -4 -13
E 3365 5 5 16
T 3366 14 0 4 0
E 3366 0 11 34
E 3366 1 8 25
E 3366 2 -4 -14
E 3366 5 5 15
T 3367 36 0 4 0
E 3367 0 4 13
E 3367 2 -12 -38
E 3367 3 -9 -29
E 3367 4 -6 -19
T 3368 21 0 3 0
E 3368 0 11 34
E 3368 1 8 25
E 3368 2 -6 -20
T 3369 40 0 4 0
E 3369 0 6 19
E 3369 2 -12 -38
E 3369 3 -9 -29
E 3369 4 -6 -19
T 3370 24 0 3 0
E 3370 0 14 43
E 3370 1 11 33
E 3370 2 -6 -18
T 3371 40 0 5 0
E 3371 0 8 25
E 3371 1 5 16
E 3371 2 -13 -39
E 3371 3 -9 -29
E 3371 4 -6 -19
T 3372 17 0 4 0
E 3372 0 12 37
E 3372 1 9 27
E 3372 2 6 18
E 3372 3 -7 -21
T 3373 44 0 4 0
E 3373 0 5 16
E 3373 3 -14 -44
E 3373 4 -11 -35
E 3373 5 -8 -25
T 3374 16 0 4 0
E 3374 0 16 48
E 3374 1 12 38
E 3374 2 9 29
E 3374 3 -5 -16
T 3375 45 0 5 0
E 3375 0 7 23
E 3375 1 4 13
E 3375 3 -14 -44
E 3375 4 -11 -35
E 3375 5 -8 -25
T 3376 16 0 4 0
E 3376 0 17 52
E 3376 1 14 43
E 3376 2 11 33
E 3376 3 -6 -18
T 3377 59 0 4 0
E 3377 0 4 14
E 3377 3 -20 -60
E 3377 4 -16 -50
E 3377 5 -13 -40
T 3378 2 0 4 0
E 3378 0 22 66
E 3378 1 19 57
E 3378 2 15 47
E 3378 3 12 38
T 3379 63 0 5 0
E 3379 1 -4 -14
E 3379 2 -7 -23
E 3379 3 -11 -33
E 3379 4 -24 -74
E 3379 5 -21 -65
T 3380 3 0 4 0
E 3380 0 23 71
E 3380 1 20 61
E 3380 2 17 51
E 3380 3 14 42
T 3381 61 0 4 0
E 3381 2 -5 -16
E 3381 3 -8 -26
E 3381 4 -24 -73
E 3381 5 -21 -64
T 3382 6 0 5 0
E 3382 0 20 62
E 3382 1 17 52
E 3382 2 14 43
E 3382 3 11 33
E 3382 4 -6 -18
T 3383 65 0 4 0
E 3383 2 -5 -16
E 3383 3 -8 -25
E 3383 4 -26 -80
E 3383 5 -23 -70
T 3384 14 0 5 0
E 3384 0 23 71
E 3384 1 20 61
E 3384 2 17 52
E 3384 3 14 42
E 3384 4 11 33
T 3385 65 0 5 0
E 3385 1 -7 -22
E 3385 2 -10 -32
E 3385 3 -13 -41
E 3385 4 -17 -51
E 3385 5 -30 -92
T 3386 7 0 6 0
E 3386 0 22 68
E 3386 1 19 59
E 3386 2 16 49
E 3386 3 13 39
E 3386 4 10 30
E 3386 5 -5 -15
T 3387 62 0 5 0
E 3387 1 -4 -14
E 3387 2 -7 -23
E 3387 3 -11 -33
E 3387 4 -14 -43
E 3387 5 -30 -90
T 3388 7 0 6 0
E 3388 0 23 69
E 3388 1 20 60
E 3388 2 16 50
E 3388 3 13 41
E 3388 4 10 31
E 3388 5 -6 -20
T 3389 65 0 5 0
E 3389 1 -5 -16
E 3389 2 -8 -25
E 3389 3 -11 -35
E 3389 4 -14 -44
E 3389 5 -33 -99
T 3390 19 0 6 0
E 3390 0 23 69
E 3390 1 19 59
E 3390 2 16 49
E 3390 3 13 40
E 3390 4 10 30
E 3390 5 7 21
T 3391 62 0 6 0
E 3391 0 -5 -17
E 3391 1 -8 -26
E 3391 2 -12 -36
E 3391 3 -15 -46
E 3391 4 -18 -55
E 3391 5 -21 -65
T 3392 17 0 6 0
E 3392 0 22 67
E 3392 1 19 57
E 3392 2 16 48
E 3392 3 12 38
E 3392 4 9 28
E 3392 5 6 19
T 3393 64 0 6 0
E 3393 0 -6 -18
E 3393 1 -9 -27
E 3393 2 -12 -37
E 3393 3 -15 -46
E 3393 4 -18 -56
E 3393 5 -22 -66
T 3394 22 0 6 0
E 3394 0 24 72
E 3394 1 20 62
E 3394 2 17 53
E 3394 3 14 43
E 3394 4 11 34
E 3394 5 8 24
T 3395 66 0 6 0
E 3395 0 -6 -19
E 3395 1 -9 -29
E 3395 2 -13 -39
E 3395 3 -16 -48
E 3395 4 -19 -58
E 3395 5 -22 -67
T 3396 14 0 6 0
E 3396 0 21 64
E 3396 1 18 55
E 3396 2 15 45
E 3396 3 11 35
E 3396 4 8 26
E 3396 5 5 16
T 3397 65 0 6 0
E 3397 0 -6 -18
E 3397 1 -9 -28
E 3397 2 -12 -37
E 3397 3 -15 -47
E 3397 4 -19 -57
E 3397 5 -22 -66
T 3398 7 0 5 0
E 3398 0 20 60
E 3398 1 17 51
E 3398 2 13 41
E 3398 3 10 32
E 3398 4 7 22
T 3399 51 0 5 0
E 3399 1 -5 -17
E 3399 2 -8 -26
E 3399 3 -12 -36
E 3399 4 -15 -45
E 3399 5 -18 -55
T 3400 5 0 4 0
E 3400 0 15 47
E 3400 1 12 37
E 3400 2 9 27
E 3400 3 6 18
T 3401 37 0 3 0
E 3401 3 -7 -22
E 3401 4 -10 -31
E 3401 5 -13 -41
T 3402 11 0 3 0
E 3402 0 13 41
E 3402 1 10 31
E 3402 2 7 22
T 3403 37 0 3 0
E 3403 3 -5 -16
E 3403 4 -8 -26
E 3403 5 -12 -36
T 3404 6 0 4 0
E 3404 0 14 43
E 3404 1 11 33
E 3404 2 8 24
E 3404 3 4 14
T 3405 43 0 4 0
E 3405 2 -5 -17
E 3405 3 -8 -26
E 3405 4 -12 -36
E 3405 5 -15 -45
T 3406 4 0 4 0
E 3406 0 16 50
E 3406 1 13 41
E 3406 2 10 31
E 3406 3 7 21
T 3407 38 0 3 0
E 3407 3 -6 -20
E 3407 4 -10 -30
E 3407 5 -13 -39
T 3408 10 0 3 0
E 3408 0 12 37
E 3408 1 9 28
E 3408 2 6 18
T 3409 28 0 3 0
E 3409 0 6 18
E 3409 4 -6 -20
E 3409 5 -10 -30
T 3410 23 0 4 0
E 3410 0 8 25
E 3410 1 5 15
E 3410 4 -4 -14
E 3410 5 -7 -23
T 3411 20 0 3 0
E 3411 0 9 29
E 3411 1 6 20
E 3411 5 -6 -19
T 3412 25 0 4 0
E 3412 0 8 24
E 3412 1 4 14
E 3412 4 -5 -15
E 3412 5 -8 -24
T 3413 20 0 3 0
E 3413 0 8 26
E 3413 1 5 17
E 3413 5 -7 -22
T 3414 28 0 3 0
E 3414 0 6 18
E 3414 4 -6 -20
E 3414 5 -10 -30
T 3415 20 0 3 0
E 3415 0 9 27
E 3415 1 5 17
E 3415 5 -7 -21
T 3416 23 0 4 0
E 3416 0 8 24
E 3416 1 5 15
E 3416 4 -4 -14
E 3416 5 -8 -24
T 3417 29 0 3 0
E 3417 0 6 20
E 3417 4 -6 -19
E 3417 5 -9 -28
T 3418 16 0 4 0
E 3418 0 10 32
E 3418 1 7 23
E 3418 2 4 13
E 3418 5 -5 -16
T 3419 28 0 3 0
E 3419 0 7 21
E 3419 4 -5 -17
E 3419 5 -9 -27
T 3420 20 0 3 0
E 3420 0 9 29
E 3420 1 6 19
E 3420 5 -6 -19
T 3421 32 0 4 0
E 3421 0 5 16
E 3421 3 -4 -13
E 3421 4 -7 -22
E 3421 5 -10 -32
T 3422 10 0 3 0
E 3422 0 13 40
E 3422 1 10 30
E 3422 2 7 21
T 3423 37 0 3 0
E 3423 3 -5 -16
E 3423 4 -8 -26
E 3423 5 -12 -36
T 3424 6 0 4 0
E 3424 0 15 45
E 3424 1 11 35
E 3424 2 8 26
E 3424 3 5 16
T 3425 41 0 4 0
E 3425 2 -4 -13
E 3425 3 -7 -22
E 3425 4 -10 -32
E 3425 5 -13 -41
T 3426 6 0 4 0
E 3426 0 14 42
E 3426 1 11 33
E 3426 2 7 23
E 3426 3 4 13
T 3427 33 0 4 0
E 3427 0 4 13
E 3427 3 -5 -16
E 3427 4 -8 -26
E 3427 5 -11 -35
T 3428 15 0 4 0
E 3428 0 11 35
E 3428 1 8 26
E 3428 2 5 16
E 3428 5 -4 -13
T 3429 32 0 4 0
E 3429 0 5 16
E 3429 3 -4 -13
E 3429 4 -7 -22
E 3429 5 -10 -32
T 3430 15 0 4 0
E 3430 0 11 34
E 3430 1 8 24
E 3430 2 4 14
E 3430 5 -4 -14
T 3431 32 0 4 0
E 3431 0 5 15
E 3431 3 -4 -14
E 3431 4 -7 -23
E 3431 5 -11 -33
T 3432 10 0 3 0
E 3432 0 13 40
E 3432 1 10 30
E 3432 2 7 21
T 3433 28 0 3 0
E 3433 0 5 16
E 3433 4 -7 -22
E 3433 5 -10 -32
T 3434 20 0 3 0
E 3434 0 10 30
E 3434 1 6 20
E 3434 5 -6 -18
T 3435 25 0 4 0
E 3435 0 8 24
E 3435 1 4 14
E 3435 4 -5 -15
E 3435 5 -8 -24
T 3436 28 0 3 0
E 3436 0 7 21
E 3436 4 -5 -17
E 3436 5 -9 -27
T 3437 16 0 4 0
E 3437 0 10 32
E 3437 1 7 22
E 3437 2 4 13
E 3437 5 -5 -16
T 3438 29 0 3 0
E 3438 0 5 17
E 3438 4 -7 -21
E 3438 5 -10 -31
T 3439 23 0 4 0
E 3439 0 8 25
E 3439 1 5 15
E 3439 4 -4 -13
E 3439 5 -7 -23
T 3440 23 0 4 0
E 3440 0 8 25
E 3440 1 5 15
E 3440 4 -4 -14
E 3440 5 -7 -23
T 3441 28 0 3 0
E 3441 0 6 18
E 3441 4 -6 -20
E 3441 5 -10 -30
T 3442 19 0 3 0
E 3442 0 10 31
E 3442 1 7 21
E 3442 5 -5 -17
T 3443 33 0 4 0
E 3443 0 4 14
E 3443 3 -4 -14
E 3443 4 -8 -24
E 3443 5 -11 -34
T 3444 15 0 4 0
E 3444 0 11 35
E 3444 1 8 25
E 3444 2 5 16
E 3444 5 -4 -13
T 3445 38 0 3 0
E 3445 3 -6 -18
E 3445 4 -9 -28
E 3445 5 -12 -37
T 3446 14 0 4 0
E 3446 0 11 34
E 3446 1 8 25
E 3446 2 5 15
E 3446 5 -4 -14
T 3447 28 0 3 0
E 3447 0 6 19
E 3447 4 -6 -20
E 3447 5 -9 -29
T 3448 23 0 4 0
E 3448 0 8 24
E 3448 1 5 15
E 3448 4 -4 -14
E 3448 5 -8 -24
T 3449 19 0 3 0
E 3449 0 9 28
E 3449 1 6 18
E 3449 5 -6 -20
T 3450 29 0 3 0
E 3450 0 6 18
E 3450 4 -7 -21
E 3450 5 -10 -30
T 3451 10 0 3 0
E 3451 0 12 36
E 3451 1 9 27
E 3451 2 5 17
T 3452 37 0 3 0
E 3452 3 -6 -19
E 3452 4 -9 -29
E 3452 5 -12 -38
T 3453 16 0 4 0
E 3453 0 10 32
E 3453 1 7 23
E 3453 2 4 13
E 3453 5 -5 -16
T 3454 28 0 3 0
E 3454 0 7 22
E 3454 4 -5 -16
E 3454 5 -8 -26
T 3455 20 0 3 0
E 3455 0 9 27
E 3455 1 5 17
E 3455 5 -7 -21
T 3456 32 0 4 0
E 3456 0 5 15
E 3456 3 -4 -14
E 3456 4 -7 -23
E 3456 5 -11 -33
T 3457 8 0 3 0
E 3457 0 11 34
E 3457 1 9 27
E 3457 2 6 18
T 3458 32 0 3 0
E 3458 3 -6 -19
E 3458 4 -9 -29
E 3458 5 -13 -39
T 3459 2 0 4 0
E 3459 0 11 34
E 3459 1 10 32
E 3459 2 7 23
E 3459 3 4 13
T 3460 26 0 3 0
E 3460 3 -5 -16
E 3460 4 -8 -26
E 3460 5 -11 -35
T 3461 2 0 3 0
E 3461 0 8 25
E 3461 1 9 29
E 3461 2 6 19
T 3462 22 0 3 0
E 3462 3 -4 -14
E 3462 4 -8 -24
E 3462 5 -11 -33
T 3463 6 0 4 0
E 3463 0 8 25
E 3463 1 10 31
E 3463 2 8 24
E 3463 3 5 15
T 3464 17 0 3 0
E 3464 3 -5 -15
E 3464 4 -8 -24
E 3464 5 -11 -34
T 3465 5 0 3 0
E 3465 1 5 16
E 3465 2 4 14
E 3465 5 -4 -14
T 3466 9 0 1 0
E 3466 5 -6 -19
T 3467 5 0 2 0
E 3467 2 4 14
E 3467 5 -5 -15
T 3468 0 0 1 0
E 3468 2 5 17
T 3469 0 0 1 0
E 3469 5 -7 -21
T 3470 1 0 0 0
T 3471 3 0 1 0
E 3471 2 4 13
T 3472 1 0 0 0
T 3473 8 0 2 0
E 3473 2 4 14
E 3473 3 6 18
T 3474 5 0 2 0
E 3474 0 -4 -14
E 3474 5 -5 -15
T 3475 10 0 0 0
T 3476 6 0 0 0
T 3477 11 0 2 0
E 3477 3 5 17
E 3477 4 5 15
T 3478 11 0 0 0
T 3479 11 0 1 0
E 3479 0 -5 -16
T 3480 12 0 1 0
E 3480 0 -6 -18
T 3481 9 0 2 0
E 3481 0 -6 -19
E 3481 1 -4 -13
T 3482 13 0 1 0
E 3482 4 5 16
T 3483 10 0 2 0
E 3483 0 -6 -20
E 3483 1 -4 -14
T 3484 18 0 2 0
E 3484 4 6 18
E 3484 5 6 19
T 3485 14 0 2 0
E 3485 0 -5 -15
E 3485 5 4 13
T 3486 15 0 2 0
E 3486 0 -5 -16
E 3486 5 4 14
T 3487 9 0 2 0
E 3487 0 -6 -19
E 3487 1 -4 -13
T 3488 20 0 2 0
E 3488 4 5 16
E 3488 5 7 22
T 3489 7 0 3 0
E 3489 0 -8 -25
E 3489 1 -6 -19
E 3489 2 -4 -13
T 3490 23 0 3 0
E 3490 3 5 16
E 3490 4 7 22
E 3490 5 9 28
T 3491 10 0 2 0
E 3491 0 -8 -24
E 3491 1 -6 -18
T 3492 21 0 2 0
E 3492 4 5 15
E 3492 5 7 21
T 3493 10 0 2 0
E 3493 0 -8 -24
E 3493 1 -6 -18
T 3494 14 0 2 0
E 3494 0 -4 -13
E 3494 5 5 17
T 3495 15 0 2 0
E 3495 0 -5 -16
E 3495 5 4 14
T 3496 21 0 2 0
E 3496 4 4 13
E 3496 5 6 19
T 3497 10 0 2 0
E 3497 0 -6 -20
E 3497 1 -4 -14
T 3498 19 0 2 0
E 3498 4 5 17
E 3498 5 7 23
T 3499 10 0 2 0
E 3499 0 -6 -20
E 3499 1 -4 -14
T 3500 23 0 3 0
E 3500 3 4 13
E 3500 4 6 19
E 3500 5 8 25
T 3501 6 0 3 0
E 3501 0 -9 -27
E 3501 1 -7 -21
E 3501 2 -5 -15
T 3502 22 0 3 0
E 3502 3 4 14
E 3502 4 6 20
E 3502 5 8 26
T 3503 9 0 2 0
E 3503 0 -6 -19
E 3503 1 -4 -13
T 3504 15 1 2 0
E 3504 0 -5 -15
E 3504 5 5 15
T 3505 15 1 2 0
E 3505 0 -5 -15
E 3505 5 5 15
T 3506 15 0 2 0
E 3506 0 -4 -14
E 3506 5 5 17
T 3507 15 0 2 0
E 3507 0 -4 -13
E 3507 5 6 18
T 3508 11 0 2 0
E 3508 0 -7 -23
E 3508 1 -5 -15
T 3509 16 0 2 0
E 3509 0 -5 -15
E 3509 5 6 18
T 3510 20 0 3 0
E 3510 0 -4 -14
E 3510 4 4 13
E 3510 5 6 19
T 3511 13 0 2 0
E 3511 0 -9 -28
E 3511 1 -6 -18
T 3512 23 0 2 0
E 3512 4 5 17
E 3512 5 7 23
T 3513 13 0 2 0
E 3513 0 -9 -28
E 3513 1 -6 -18
T 3514 22 0 3 0
E 3514 0 -4 -14
E 3514 4 5 16
E 3514 5 7 22
T 3515 19 0 2 0
E 3515 0 -7 -21
E 3515 5 5 15
T 3516 22 0 3 0
E 3516 0 -6 -18
E 3516 4 4 13
E 3516 5 6 19
T 3517 12 0 2 0
E 3517 0 -9 -27
E 3517 1 -6 -18
T 3518 32 0 3 0
E 3518 3 5 15
E 3518 4 7 21
E 3518 5 9 27
T 3519 11 0 3 0
E 3519 0 -13 -39
E 3519 1 -9 -29
E 3519 2 -6 -19
T 3520 24 0 3 0
E 3520 0 -5 -17
E 3520 4 5 16
E 3520 5 7 22
T 3521 14 0 2 0
E 3521 0 -10 -31
E 3521 1 -7 -21
T 3522 33 0 3 0
E 3522 3 5 16
E 3522 4 7 22
E 3522 5 9 28
T 3523 11 0 3 0
E 3523 0 -12 -36
E 3523 1 -8 -26
E 3523 2 -5 -17
T 3524 35 0 3 0
E 3524 3 5 17
E 3524 4 8 24
E 3524 5 10 30
T 3525 14 0 2 0
E 3525 0 -10 -31
E 3525 1 -7 -22
T 3526 30 0 4 0
E 3526 0 -5 -15
E 3526 3 4 14
E 3526 4 7 22
E 3526 5 9 28
T 3527 11 0 3 0
E 3527 0 -10 -32
E 3527 1 -7 -23
E 3527 2 -4 -13
T 3528 35 0 3 0
E 3528 3 6 20
E 3528 4 9 29
E 3528 5 11 35
T 3529 11 0 3 0
E 3529 0 -12 -38
E 3529 1 -9 -28
E 3529 2 -6 -18
T 3530 28 0 3 0
E 3530 0 -5 -17
E 3530 4 7 21
E 3530 5 9 28
T 3531 19 0 3 0
E 3531 0 -10 -30
E 3531 1 -6 -20
E 3531 5 5 16
T 3532 19 0 3 0
E 3532 0 -8 -26
E 3532 1 -5 -17
E 3532 5 6 20
T 3533 19 0 3 0
E 3533 0 -9 -27
E 3533 1 -5 -17
E 3533 5 6 20
T 3534 29 0 3 0
E 3534 0 -6 -18
E 3534 4 7 21
E 3534 5 10 30
T 3535 14 0 4 0
E 3535 0 -11 -34
E 3535 1 -8 -25
E 3535 2 -5 -15
E 3535 5 4 14
T 3536 29 0 3 0
E 3536 0 -6 -18
E 3536 4 7 21
E 3536 5 10 30
T 3537 14 0 4 0
E 3537 0 -11 -34
E 3537 1 -8 -25
E 3537 2 -5 -15
E 3537 5 4 14
T 3538 28 0 3 0
E 3538 0 -6 -18
E 3538 4 6 20
E 3538 5 10 30
T 3539 23 0 4 0
E 3539 0 -8 -25
E 3539 1 -5 -15
E 3539 4 4 14
E 3539 5 7 23
T 3540 28 0 3 0
E 3540 0 -6 -19
E 3540 4 6 19
E 3540 5 9 29
T 3541 19 0 3 0
E 3541 0 -10 -31
E 3541 1 -7 -21
E 3541 5 5 17
T 3542 28 0 3 0
E 3542 0 -7 -21
E 3542 4 5 17
E 3542 5 9 27
T 3543 19 0 3 0
E 3543 0 -10 -31
E 3543 1 -7 -21
E 3543 5 5 17
T 3544 23 0 4 0
E 3544 0 -8 -25
E 3544 1 -5 -15
E 3544 4 4 14
E 3544 5 7 23
T 3545 25 0 4 0
E 3545 0 -7 -23
E 3545 1 -4 -14
E 3545 4 5 15
E 3545 5 8 25
T 3546 16 0 4 0
E 3546 0 -11 -33
E 3546 1 -7 -23
E 3546 2 -4 -14
E 3546 5 5 15
T 3547 24 0 4 0
E 3547 0 -7 -22
E 3547 1 -4 -13
E 3547 4 5 16
E 3547 5 8 26
T 3548 20 0 3 0
E 3548 0 -9 -27
E 3548 1 -5 -17
E 3548 5 7 21
T 3549 23 0 4 0
E 3549 0 -8 -25
E 3549 1 -5 -15
E 3549 4 4 14
E 3549 5 7 23
T 3550 20 0 3 0
E 3550 0 -9 -29
E 3550 1 -6 -20
E 3550 5 6 19
T 3551 32 0 4 0
E 3551 0 -5 -16
E 3551 3 4 13
E 3551 4 7 23
E 3551 5 10 32
T 3552 15 0 4 0
E 3552 0 -11 -33
E 3552 1 -8 -24
E 3552 2 -4 -14
E 3552 5 5 15
T 3553 34 0 4 0
E 3553 0 -4 -14
E 3553 3 5 15
E 3553 4 8 24
E 3553 5 11 34
T 3554 11 0 3 0
E 3554 0 -13 -41
E 3554 1 -10 -31
E 3554 2 -7 -21
T 3555 37 0 3 0
E 3555 3 7 22
E 3555 4 10 31
E 3555 5 13 41
T 3556 6 0 4 0
E 3556 0 -14 -44
E 3556 1 -11 -34
E 3556 2 -8 -25
E 3556 3 -5 -15
T 3557 42 0 4 0
E 3557 2 5 16
E 3557 3 8 25
E 3557 4 11 35
E 3557 5 15 45
T 3558 7 0 4 0
E 3558 0 -14 -42
E 3558 1 -10 -32
E 3558 2 -7 -23
E 3558 3 -4 -13
T 3559 34 0 4 0
E 3559 0 -4 -14
E 3559 3 5 15
E 3559 4 8 25
E 3559 5 11 34
T 3560 10 0 3 0
E 3560 0 -12 -36
E 3560 1 -9 -27
E 3560 2 -5 -17
T 3561 33 0 4 0
E 3561 0 -5 -15
E 3561 3 4 14
E 3561 4 8 24
E 3561 5 11 33
T 3562 10 0 3 0
E 3562 0 -13 -40
E 3562 1 -10 -31
E 3562 2 -7 -21
T 3563 41 0 4 0
E 3563 2 4 13
E 3563 3 7 23
E 3563 4 10 32
E 3563 5 14 42
T 3564 11 0 3 0
E 3564 0 -12 -37
E 3564 1 -9 -27
E 3564 2 -5 -17
T 3565 37 0 3 0
E 3565 3 6 19
E 3565 4 9 28
E 3565 5 12 38
T 3566 11 0 3 0
E 3566 0 -12 -38
E 3566 1 -9 -28
E 3566 2 -6 -19
T 3567 37 0 3 0
E 3567 3 5 17
E 3567 4 9 27
E 3567 5 12 37
T 3568 10 0 3 0
E 3568 0 -13 -40
E 3568 1 -10 -30
E 3568 2 -7 -21
T 3569 41 0 4 0
E 3569 2 4 13
E 3569 3 7 22
E 3569 4 10 32
E 3569 5 13 41
T 3570 5 0 4 0
E 3570 0 -15 -45
E 3570 1 -12 -36
E 3570 2 -8 -26
E 3570 3 -5 -16
T 3571 42 0 4 0
E 3571 2 5 15
E 3571 3 8 25
E 3571 4 11 35
E 3571 5 14 44
T 3572 6 0 4 0
E 3572 0 -14 -44
E 3572 1 -11 -35
E 3572 2 -8 -25
E 3572 3 -5 -16
T 3573 42 0 4 0
E 3573 2 4 14
E 3573 3 8 24
E 3573 4 11 33
E 3573 5 14 43
T 3574 7 0 4 0
E 3574 0 -14 -42
E 3574 1 -10 -32
E 3574 2 -7 -22
E 3574 3 -4 -13
T 3575 42 0 4 0
E 3575 2 4 14
E 3575 3 8 24
E 3575 4 11 33
E 3575 5 14 43
T 3576 4 0 4 0
E 3576 0 -16 -50
E 3576 1 -13 -40
E 3576 2 -10 -31
E 3576 3 -7 -21
T 3577 43 0 4 0
E 3577 2 6 20
E 3577 3 9 29
E 3577 4 13 39
E 3577 5 16 49
T 3578 5 0 4 0
E 3578 0 -16 -48
E 3578 1 -12 -38
E 3578 2 -9 -29
E 3578 3 -6 -19
T 3579 43 0 4 0
E 3579 2 5 17
E 3579 3 8 26
E 3579 4 12 36
E 3579 5 15 45
T 3580 11 0 3 0
E 3580 0 -13 -41
E 3580 1 -10 -32
E 3580 2 -7 -22
T 3581 38 0 3 0
E 3581 3 5 17
E 3581 4 9 27
E 3581 5 12 36
T 3582 10 0 3 0
E 3582 0 -12 -37
E 3582 1 -9 -28
E 3582 2 -6 -18
T 3583 37 0 3 0
E 3583 3 6 20
E 3583 4 9 29
E 3583 5 13 39
T 3584 15 0 4 0
E 3584 0 -11 -34
E 3584 1 -8 -24
E 3584 2 -4 -14
E 3584 5 4 14
T 3585 37 0 3 0
E 3585 3 6 19
E 3585 4 9 28
E 3585 5 12 38
T 3586 6 0 4 0
E 3586 0 -15 -45
E 3586 1 -11 -35
E 3586 2 -8 -26
E 3586 3 -5 -16
T 3587 41 0 4 0
E 3587 2 4 14
E 3587 3 7 23
E 3587 4 11 33
E 3587 5 14 43
T 3588 5 0 4 0
E 3588 0 -16 -48
E 3588 1 -12 -38
E 3588 2 -9 -29
E 3588 3 -6 -19
T 3589 43 0 4 0
E 3589 2 5 15
E 3589 3 8 24
E 3589 4 11 34
E 3589 5 14 43
T 3590 11 0 3 0
E 3590 0 -12 -38
E 3590 1 -9 -29
E 3590 2 -6 -19
T 3591 29 0 3 0
E 3591 0 -5 -17
E 3591 4 7 22
E 3591 5 10 31
T 3592 19 0 3 0
E 3592 0 -9 -28
E 3592 1 -6 -19
E 3592 5 6 20
T 3593 29 0 3 0
E 3593 0 -5 -17
E 3593 4 7 21
E 3593 5 10 31
T 3594 11 0 3 0
E 3594 0 -12 -37
E 3594 1 -9 -27
E 3594 2 -5 -17
T 3595 37 0 3 0
E 3595 3 6 19
E 3595 4 9 28
E 3595 5 12 38
T 3596 7 0 4 0
E 3596 0 -14 -42
E 3596 1 -10 -32
E 3596 2 -7 -23
E 3596 3 -4 -13
T 3597 42 0 4 0
E 3597 2 5 16
E 3597 3 8 25
E 3597 4 11 35
E 3597 5 15 45
T 3598 7 0 4 0
E 3598 0 -14 -42
E 3598 1 -10 -32
E 3598 2 -7 -23
E 3598 3 -4 -13
T 3599 38 0 3 0
E 3599 3 5 17
E 3599 4 9 27
E 3599 5 12 36
T 3600 28 0 3 0
E 3600 1 -11 -33
E 3600 2 -7 -23
E 3600 3 -4 -13
T 3601 3 0 4 0
E 3601 0 11 35
E 3601 3 4 13
E 3601 4 7 23
E 3601 5 10 32
T 3602 39 0 4 0
E 3602 1 -14 -43
E 3602 2 -11 -33
E 3602 3 -8 -24
E 3602 4 -4 -14
T 3603 14 0 4 0
E 3603 0 11 34
E 3603 1 -4 -13
E 3603 4 5 15
E 3603 5 8 25
T 3604 34 0 4 0
E 3604 0 6 18
E 3604 1 -11 -33
E 3604 2 -7 -23
E 3604 3 -4 -14
T 3605 24 0 3 0
E 3605 0 11 35
E 3605 1 -6 -20
E 3605 5 6 19
T 3606 20 0 3 0
E 3606 0 8 26
E 3606 1 5 17
E 3606 2 -7 -22
T 3607 27 0 4 0
E 3607 0 8 24
E 3607 1 4 14
E 3607 2 -9 -27
E 3607 3 -6 -18
T 3608 28 0 4 0
E 3608 0 8 26
E 3608 1 5 17
E 3608 2 -9 -28
E 3608 3 -6 -18
T 3609 28 1 4 0
E 3609 0 9 28
E 3609 1 6 18
E 3609 2 -9 -29
E 3609 3 -6 -20
T 3610 35 0 5 0
E 3610 0 9 29
E 3610 1 6 19
E 3610 2 -10 -32
E 3610 3 -7 -22
E 3610 4 -4 -13
T 3611 31 0 4 0
E 3611 0 11 35
E 3611 1 8 26
E 3611 2 -9 -29
E 3611 3 -6 -19
T 3612 29 0 4 0
E 3612 0 10 30
E 3612 1 6 20
E 3612 3 -9 -28
E 3612 4 -6 -18
T 3613 23 0 5 0
E 3613 0 11 34
E 3613 1 8 25
E 3613 2 5 15
E 3613 3 -8 -26
E 3613 4 -5 -17
T 3614 38 0 5 0
E 3614 0 10 30
E 3614 1 6 20
E 3614 3 -11 -34
E 3614 4 -8 -24
E 3614 5 -5 -15
T 3615 26 0 5 0
E 3615 0 13 39
E 3615 1 9 29
E 3615 2 6 19
E 3615 3 -9 -28
E 3615 4 -6 -19
T 3616 44 0 5 0
E 3616 0 9 28
E 3616 1 6 19
E 3616 3 -14 -42
E 3616 4 -10 -32
E 3616 5 -7 -23
T 3617 23 0 5 0
E 3617 0 16 50
E 3617 1 13 40
E 3617 2 10 31
E 3617 3 -8 -24
E 3617 4 -4 -14
T 3618 35 0 4 0
E 3618 0 9 27
E 3618 1 6 18
E 3618 4 -13 -40
E 3618 5 -10 -30
T 3619 28 0 5 0
E 3619 0 13 39
E 3619 1 9 29
E 3619 2 6 20
E 3619 4 -10 -31
E 3619 5 -7 -22
T 3620 41 0 4 0
E 3620 0 8 25
E 3620 1 5 15
E 3620 4 -16 -49
E 3620 5 -13 -39
T 3621 25 0 6 0
E 3621 0 14 43
E 3621 1 11 34
E 3621 2 8 24
E 3621 3 4 14
E 3621 4 -11 -33
E 3621 5 -8 -24
T 3622 45 0 4 0
E 3622 0 8 26
E 3622 1 5 16
E 3622 4 -18 -54
E 3622 5 -14 -44
T 3623 19 0 6 0
E 3623 0 17 52
E 3623 1 14 43
E 3623 2 11 33
E 3623 3 8 24
E 3623 4 -10 -31
E 3623 5 -7 -21
T 3624 33 0 4 0
E 3624 0 8 24
E 3624 1 4 14
E 3624 4 -4 -14
E 3624 5 -17 -53
T 3625 26 0 4 0
E 3625 0 11 34
E 3625 1 8 24
E 3625 2 4 14
E 3625 5 -15 -46
T 3626 31 1 3 0
E 3626 0 10 31
E 3626 1 7 22
E 3626 5 -17 -52
T 3627 32 0 3 0
E 3627 0 9 27
E 3627 1 5 17
E 3627 5 -19 -59
T 3628 33 0 3 0
E 3628 0 10 31
E 3628 1 7 22
E 3628 5 -19 -58
T 3629 30 0 4 0
E 3629 0 11 35
E 3629 1 8 25
E 3629 2 5 16
E 3629 5 -19 -58
T 3630 20 0 3 0
E 3630 0 10 30
E 3630 1 6 20
E 3630 5 -6 -18
T 3631 25 0 4 0
E 3631 0 7 23
E 3631 1 4 14
E 3631 4 -5 -15
E 3631 5 -8 -25
T 3632 19 0 3 0
E 3632 0 10 31
E 3632 1 7 21
E 3632 5 -5 -17
T 3633 28 0 3 0
E 3633 0 6 19
E 3633 4 -6 -19
E 3633 5 -9 -29
T 3634 11 0 3 0
E 3634 0 12 36
E 3634 1 8 26
E 3634 2 5 17
T 3635 34 0 4 0
E 3635 0 4 14
E 3635 3 -5 -15
E 3635 4 -8 -25
E 3635 5 -11 -34
T 3636 10 0 3 0
E 3636 0 13 39
E 3636 1 10 30
E 3636 2 6 20
T 3637 34 0 4 0
E 3637 0 4 14
E 3637 3 -5 -15
E 3637 4 -8 -25
E 3637 5 -11 -34
T 3638 15 0 4 0
E 3638 0 11 33
E 3638 1 8 24
E 3638 2 4 14
E 3638 5 -5 -15
T 3639 25 0 4 0
E 3639 0 7 23
E 3639 1 4 13
E 3639 4 -5 -15
E 3639 5 -8 -25
T 3640 20 0 3 0
E 3640 0 9 29
E 3640 1 6 19
E 3640 5 -6 -19
T 3641 20 0 3 0
E 3641 0 8 26
E 3641 1 5 17
E 3641 5 -7 -22
T 3642 25 0 4 0
E 3642 0 7 23
E 3642 1 4 13
E 3642 4 -5 -16
E 3642 5 -8 -25
T 3643 20 0 3 0
E 3643 0 8 26
E 3643 1 5 17
E 3643 5 -7 -22
T 3644 20 0 3 0
E 3644 0 9 27
E 3644 1 5 17
E 3644 5 -7 -21
T 3645 19 0 3 0
E 3645 0 9 28
E 3645 1 6 18
E 3645 5 -6 -20
T 3646 34 0 4 0
E 3646 0 4 14
E 3646 3 -5 -15
E 3646 4 -8 -24
E 3646 5 -11 -34
T 3647 10 0 3 0
E 3647 0 13 40
E 3647 1 10 30
E 3647 2 7 21
T 3648 41 0 4 0
E 3648 2 -4 -14
E 3648 3 -7 -23
E 3648 4 -11 -33
E 3648 5 -14 -43
T 3649 5 0 4 0
E 3649 0 15 47
E 3649 1 12 37
E 3649 2 9 28
E 3649 3 6 18
T 3650 42 0 4 0
E 3650 2 -5 -16
E 3650 3 -8 -25
E 3650 4 -11 -35
E 3650 5 -14 -44
T 3651 11 0 3 0
E 3651 0 13 41
E 3651 1 10 32
E 3651 2 7 22
T 3652 33 0 4 0
E 3652 0 5 15
E 3652 3 -4 -14
E 3652 4 -8 -24
E 3652 5 -11 -33
T 3653 19 0 3 0
E 3653 0 9 28
E 3653 1 6 19
E 3653 5 -6 -20
T 3654 28 0 3 0
E 3654 0 6 18
E 3654 4 -6 -20
E 3654 5 -10 -30
T 3655 20 0 3 0
E 3655 0 10 30
E 3655 1 6 20
E 3655 5 -6 -18
T 3656 23 0 4 0
E 3656 0 8 25
E 3656 1 5 16
E 3656 4 -4 -13
E 3656 5 -7 -23
T 3657 25 0 4 0
E 3657 0 7 23
E 3657 1 4 13
E 3657 4 -5 -16
E 3657 5 -8 -25
T 3658 25 0 4 0
E 3658 0 7 23
E 3658 1 4 14
E 3658 4 -5 -15
E 3658 5 -8 -25
T 3659 20 0 3 0
E 3659 0 8 26
E 3659 1 5 16
E 3659 5 -7 -22
T 3660 24 0 4 0
E 3660 0 8 26
E 3660 1 5 16
E 3660 4 -4 -13
E 3660 5 -7 -22
T 3661 19 0 3 0
E 3661 0 9 28
E 3661 1 6 19
E 3661 5 -6 -20
T 3662 24 0 4 0
E 3662 0 8 26
E 3662 1 5 16
E 3662 4 -4 -13
E 3662 5 -7 -22
T 3663 20 0 3 0
E 3663 0 8 26
E 3663 1 5 17
E 3663 5 -7 -22
T 3664 28 0 3 0
E 3664 0 6 18
E 3664 4 -6 -20
E 3664 5 -10 -30
T 3665 25 0 4 0
E 3665 0 8 24
E 3665 1 4 14
E 3665 4 -5 -15
E 3665 5 -8 -24
T 3666 28 0 3 0
E 3666 0 7 21
E 3666 4 -5 -17
E 3666 5 -9 -27
T 3667 14 0 4 0
E 3667 0 11 34
E 3667 1 8 24
E 3667 2 5 15
E 3667 5 -4 -14
T 3668 28 0 3 0
E 3668 0 7 21
E 3668 4 -5 -17
E 3668 5 -9 -27
T 3669 15 0 4 0
E 3669 0 11 35
E 3669 1 8 25
E 3669 2 5 16
E 3669 5 -4 -13
T 3670 38 0 3 0
E 3670 3 -5 -17
E 3670 4 -9 -27
E 3670 5 -12 -36
T 3671 15 0 4 0
E 3671 0 11 33
E 3671 1 8 24
E 3671 2 4 14
E 3671 5 -5 -15
T 3672 32 0 4 0
E 3672 0 5 16
E 3672 3 -4 -13
E 3672 4 -7 -23
E 3672 5 -10 -32
T 3673 14 0 4 0
E 3673 0 11 34
E 3673 1 8 25
E 3673 2 5 15
E 3673 5 -4 -14
T 3674 37 0 3 0
E 3674 3 -6 -19
E 3674 4 -9 -28
E 3674 5 -12 -38
T 3675 6 0 4 0
E 3675 0 15 45
E 3675 1 11 35
E 3675 2 8 25
E 3675 3 5 16
T 3676 41 0 4 0
E 3676 2 -4 -13
E 3676 3 -7 -23
E 3676 4 -10 -32
E 3676 5 -14 -42
T 3677 6 0 4 0
E 3677 0 14 43
E 3677 1 11 33
E 3677 2 8 24
E 3677 3 4 14
T 3678 37 0 3 0
E 3678 3 -5 -17
E 3678 4 -9 -27
E 3678 5 -12 -37
T 3679 14 0 4 0
E 3679 0 11 34
E 3679 1 8 24
E 3679 2 5 15
E 3679 5 -4 -14
T 3680 38 0 3 0
E 3680 3 -5 -17
E 3680 4 -9 -27
E 3680 5 -12 -36
T 3681 6 0 4 0
E 3681 0 14 42
E 3681 1 11 33
E 3681 2 7 23
E 3681 3 4 13
T 3682 42 0 4 0
E 3682 2 -4 -13
E 3682 3 -7 -23
E 3682 4 -11 -33
E 3682 5 -14 -42
T 3683 10 0 3 0
E 3683 0 12 37
E 3683 1 9 28
E 3683 2 6 18
T 3684 41 0 4 0
E 3684 2 -4 -13
E 3684 3 -7 -23
E 3684 4 -10 -32
E 3684 5 -14 -42
T 3685 6 0 4 0
E 3685 0 15 45
E 3685 1 11 35
E 3685 2 8 25
E 3685 3 5 16
T 3686 37 0 3 0
E 3686 3 -5 -17
E 3686 4 -8 -26
E 3686 5 -12 -36
T 3687 6 0 4 0
E 3687 0 14 43
E 3687 1 11 33
E 3687 2 8 24
E 3687 3 4 14
T 3688 42 0 4 0
E 3688 2 -5 -16
E 3688 3 -8 -25
E 3688 4 -11 -35
E 3688 5 -15 -45
T 3689 5 0 4 0
E 3689 0 15 47
E 3689 1 12 37
E 3689 2 9 28
E 3689 3 6 18
T 3690 33 0 4 0
E 3690 0 4 13
E 3690 3 -5 -16
E 3690 4 -8 -26
E 3690 5 -11 -35
T 3691 11 0 3 0
E 3691 0 12 38
E 3691 1 9 29
E 3691 2 6 19
T 3692 38 0 3 0
E 3692 3 -5 -17
E 3692 4 -9 -27
E 3692 5 -12 -36
T 3693 14 0 4 0
E 3693 0 11 34
E 3693 1 8 25
E 3693 2 5 15
E 3693 5 -4 -14
T 3694 28 0 3 0
E 3694 0 7 22
E 3694 4 -5 -16
E 3694 5 -8 -26
T 3695 23 0 4 0
E 3695 0 8 25
E 3695 1 5 15
E 3695 4 -4 -14
E 3695 5 -7 -23
T 3696 23 0 4 0
E 3696 0 8 25
E 3696 1 5 16
E 3696 4 -4 -13
E 3696 5 -7 -23
T 3697 23 0 4 0
E 3697 0 7 21
E 3697 1 4 14
E 3697 4 -5 -15
E 3697 5 -8 -24
T 3698 16 0 3 0
E 3698 0 7 22
E 3698 1 6 18
E 3698 5 -7 -21
T 3699 26 0 2 0
E 3699 4 -7 -21
E 3699 5 -10 -31
T 3700 4 0 3 0
E 3700 0 9 28
E 3700 1 9 29
E 3700 2 6 19
T 3701 24 0 3 0
E 3701 3 -6 -19
E 3701 4 -9 -28
E 3701 5 -12 -38
T 3702 6 0 4 0
E 3702 0 5 17
E 3702 1 7 23
E 3702 2 4 14
E 3702 5 -5 -15
T 3703 18 0 2 0
E 3703 4 -5 -15
E 3703 5 -8 -25
T 3704 7 0 3 0
E 3704 1 6 18
E 3704 2 4 14
E 3704 5 -5 -15
T 3705 13 0 2 0
E 3705 4 -5 -15
E 3705 5 -8 -24
T 3706 3 0 3 0
E 3706 1 4 14
E 3706 2 5 15
E 3706 5 -4 -14
T 3707 7 0 2 0
E 3707 4 -4 -14
E 3707 5 -7 -23
T 3708 6 0 3 0
E 3708 1 5 16
E 3708 2 7 22
E 3708 3 4 13
T 3709 5 0 3 0
E 3709 0 -4 -13
E 3709 4 -5 -17
E 3709 5 -9 -27
T 3710 4 0 2 0
E 3710 2 5 17
E 3710 3 4 13
T 3711 3 0 0 0
T 3712 7 0 2 0
E 3712 2 4 13
E 3712 3 4 14
T 3713 5 0 1 0
E 3713 5 -4 -13
T 3714 8 0 1 0
E 3714 3 5 15
T 3715 6 0 2 0
E 3715 0 -5 -15
E 3715 5 -4 -13
T 3716 9 0 1 0
E 3716 0 -4 -13
T 3717 10 0 0 0
T 3718 10 0 1 0
E 3718 0 -5 -15
T 3719 11 0 0 0
T 3720 12 0 1 0
E 3720 0 -5 -17
T 3721 11 0 1 0
E 3721 0 -5 -16
T 3722 16 0 2 0
E 3722 4 6 18
E 3722 5 4 14
T 3723 11 0 2 0
E 3723 0 -7 -23
E 3723 1 -5 -17
T 3724 19 0 2 0
E 3724 4 5 15
E 3724 5 5 16
T 3725 10 0 2 0
E 3725 0 -6 -20
E 3725 1 -4 -14
T 3726 15 0 2 0
E 3726 0 -5 -16
E 3726 5 4 14
T 3727 18 0 1 0
E 3727 5 6 18
T 3728 15 0 2 0
E 3728 0 -4 -14
E 3728 5 5 16
T 3729 9 0 2 0
E 3729 0 -7 -21
E 3729 1 -5 -15
T 3730 15 0 2 0
E 3730 0 -4 -14
E 3730 5 5 16
T 3731 9 0 2 0
E 3731 0 -6 -19
E 3731 1 -4 -13
T 3732 15 1 2 0
E 3732 0 -5 -15
E 3732 5 5 15
T 3733 10 0 2 0
E 3733 0 -6 -20
E 3733 1 -4 -14
T 3734 20 0 2 0
E 3734 4 4 14
E 3734 5 6 20
T 3735 8 0 3 0
E 3735 0 -8 -26
E 3735 1 -6 -20
E 3735 2 -4 -14
T 3736 20 0 2 0
E 3736 4 4 14
E 3736 5 6 20
T 3737 12 0 1 0
E 3737 0 -6 -18
T 3738 15 1 2 0
E 3738 0 -5 -15
E 3738 5 5 15
T 3739 12 0 1 0
E 3739 0 -6 -18
T 3740 19 0 2 0
E 3740 4 5 17
E 3740 5 7 23
T 3741 12 0 1 0
E 3741 0 -6 -18
T 3742 20 0 2 0
E 3742 4 5 16
E 3742 5 7 22
T 3743 9 0 2 0
E 3743 0 -7 -21
E 3743 1 -5 -15
T 3744 14 0 2 0
E 3744 0 -4 -13
E 3744 5 5 17
T 3745 12 0 1 0
E 3745 0 -6 -18
T 3746 16 0 2 0
E 3746 0 -5 -17
E 3746 5 4 14
T 3747 13 0 1 0
E 3747 0 -6 -19
T 3748 10 0 2 0
E 3748 0 -7 -21
E 3748 1 -4 -13
T 3749 26 0 3 0
E 3749 3 4 13
E 3749 4 6 19
E 3749 5 8 25
T 3750 11 0 2 0
E 3750 0 -7 -22
E 3750 1 -4 -13
T 3751 17 0 2 0
E 3751 0 -6 -18
E 3751 5 5 16
T 3752 24 0 2 0
E 3752 4 5 16
E 3752 5 7 22
T 3753 18 0 2 0
E 3753 0 -7 -21
E 3753 5 4 14
T 3754 12 0 2 0
E 3754 0 -8 -25
E 3754 1 -5 -15
T 3755 28 0 3 0
E 3755 3 5 17
E 3755 4 7 23
E 3755 5 9 29
T 3756 14 0 2 0
E 3756 0 -9 -29
E 3756 1 -6 -19
T 3757 19 0 2 0
E 3757 0 -7 -21
E 3757 5 5 16
T 3758 13 0 2 0
E 3758 0 -9 -27
E 3758 1 -5 -17
T 3759 23 0 3 0
E 3759 0 -5 -16
E 3759 4 5 17
E 3759 5 7 23
T 3760 24 0 3 0
E 3760 0 -6 -18
E 3760 4 5 15
E 3760 5 7 21
T 3761 14 0 2 0
E 3761 0 -10 -30
E 3761 1 -6 -20
T 3762 32 0 3 0
E 3762 3 5 17
E 3762 4 7 23
E 3762 5 9 29
T 3763 10 0 3 0
E 3763 0 -11 -34
E 3763 1 -8 -24
E 3763 2 -5 -15
T 3764 34 0 3 0
E 3764 3 6 19
E 3764 4 8 26
E 3764 5 10 32
T 3765 11 0 3 0
E 3765 0 -13 -41
E 3765 1 -10 -32
E 3765 2 -7 -22
T 3766 27 0 3 0
E 3766 0 -6 -19
E 3766 4 6 18
E 3766 5 8 24
T 3767 11 0 3 0
E 3767 0 -10 -32
E 3767 1 -7 -23
E 3767 2 -4 -13
T 3768 37 0 3 0
E 3768 3 7 21
E 3768 4 10 30
E 3768 5 12 36
T 3769 7 0 4 0
E 3769 0 -14 -43
E 3769 1 -11 -33
E 3769 2 -7 -23
E 3769 3 -4 -14
T 3770 33 0 4 0
E 3770 0 -4 -14
E 3770 3 5 15
E 3770 4 8 24
E 3770 5 10 31
T 3771 15 0 4 0
E 3771 0 -11 -33
E 3771 1 -7 -23
E 3771 2 -4 -14
E 3771 5 4 13
T 3772 24 0 4 0
E 3772 0 -7 -22
E 3772 1 -4 -13
E 3772 4 5 16
E 3772 5 8 24
T 3773 25 0 4 0
E 3773 0 -7 -23
E 3773 1 -4 -13
E 3773 4 5 15
E 3773 5 8 24
T 3774 24 0 4 0
E 3774 0 -8 -26
E 3774 1 -5 -16
E 3774 4 4 13
E 3774 5 7 22
T 3775 28 0 3 0
E 3775 0 -7 -21
E 3775 4 5 17
E 3775 5 9 27
T 3776 16 0 4 0
E 3776 0 -11 -33
E 3776 1 -7 -23
E 3776 2 -4 -14
E 3776 5 5 15
T 3777 25 0 4 0
E 3777 0 -7 -23
E 3777 1 -4 -14
E 3777 4 5 15
E 3777 5 8 25
T 3778 16 0 4 0
E 3778 0 -11 -33
E 3778 1 -7 -23
E 3778 2 -4 -14
E 3778 5 5 15
T 3779 32 0 4 0
E 3779 0 -5 -16
E 3779 3 4 13
E 3779 4 7 23
E 3779 5 10 32
T 3780 19 0 3 0
E 3780 0 -9 -28
E 3780 1 -6 -19
E 3780 5 6 20
T 3781 25 0 4 0
E 3781 0 -8 -24
E 3781 1 -4 -14
E 3781 4 5 15
E 3781 5 8 24
T 3782 19 0 3 0
E 3782 0 -10 -30
E 3782 1 -7 -21
E 3782 5 6 18
T 3783 20 0 3 0
E 3783 0 -8 -26
E 3783 1 -5 -16
E 3783 5 7 22
T 3784 24 0 4 0
E 3784 0 -8 -26
E 3784 1 -5 -16
E 3784 4 4 13
E 3784 5 7 22
T 3785 29 0 3 0
E 3785 0 -6 -20
E 3785 4 6 18
E 3785 5 9 28
T 3786 16 0 4 0
E 3786 0 -11 -33
E 3786 1 -7 -23
E 3786 2 -4 -14
E 3786 5 5 15
T 3787 24 0 4 0
E 3787 0 -7 -22
E 3787 1 -4 -13
E 3787 4 5 16
E 3787 5 8 26
T 3788 25 0 4 0
E 3788 0 -7 -23
E 3788 1 -4 -13
E 3788 4 5 15
E 3788 5 8 25
T 3789 19 0 3 0
E 3789 0 -10 -31
E 3789 1 -7 -21
E 3789 5 5 17
T 3790 23 0 4 0
E 3790 0 -8 -25
E 3790 1 -5 -16
E 3790 4 4 13
E 3790 5 7 23
T 3791 29 0 3 0
E 3791 0 -6 -20
E 3791 4 6 19
E 3791 5 9 28
T 3792 19 0 3 0
E 3792 0 -9 -28
E 3792 1 -6 -19
E 3792 5 6 20
T 3793 32 0 4 0
E 3793 0 -5 -15
E 3793 3 4 14
E 3793 4 7 23
E 3793 5 11 33
T 3794 19 0 3 0
E 3794 0 -10 -31
E 3794 1 -7 -21
E 3794 5 5 17
T 3795 25 0 4 0
E 3795 0 -7 -23
E 3795 1 -4 -14
E 3795 4 5 15
E 3795 5 8 25
T 3796 25 0 4 0
E 3796 0 -8 -24
E 3796 1 -4 -14
E 3796 4 5 15
E 3796 5 8 24
T 3797 19 0 3 0
E 3797 0 -10 -31
E 3797 1 -7 -22
E 3797 5 5 17
T 3798 32 0 4 0
E 3798 0 -5 -16
E 3798 3 4 13
E 3798 4 7 22
E 3798 5 10 32
T 3799 11 0 3 0
E 3799 0 -12 -38
E 3799 1 -9 -28
E 3799 2 -6 -18
T 3800 32 0 4 0
E 3800 0 -5 -15
E 3800 3 4 14
E 3800 4 7 23
E 3800 5 11 33
T 3801 11 0 3 0
E 3801 0 -12 -36
E 3801 1 -8 -26
E 3801 2 -5 -17
T 3802 37 0 3 0
E 3802 3 6 19
E 3802 4 9 29
E 3802 5 13 39
T 3803 7 0 4 0
E 3803 0 -14 -42
E 3803 1 -10 -32
E 3803 2 -7 -23
E 3803 3 -4 -13
T 3804 42 0 4 0
E 3804 2 5 16
E 3804 3 8 25
E 3804 4 11 35
E 3804 5 14 44
T 3805 11 0 3 0
E 3805 0 -13 -41
E 3805 1 -10 -32
E 3805 2 -7 -22
T 3806 28 0 3 0
E 3806 0 -6 -19
E 3806 4 6 20
E 3806 5 9 29
T 3807 15 0 4 0
E 3807 0 -11 -35
E 3807 1 -8 -26
E 3807 2 -5 -16
E 3807 5 4 13
T 3808 28 0 3 0
E 3808 0 -7 -22
E 3808 4 5 16
E 3808 5 8 26
T 3809 20 0 3 0
E 3809 0 -9 -29
E 3809 1 -6 -19
E 3809 5 6 19
T 3810 23 0 4 0
E 3810 0 -8 -25
E 3810 1 -5 -16
E 3810 4 4 13
E 3810 5 7 23
T 3811 29 0 3 0
E 3811 0 -7 -21
E 3811 4 6 18
E 3811 5 9 27
T 3812 14 0 4 0
E 3812 0 -11 -34
E 3812 1 -8 -25
E 3812 2 -5 -15
E 3812 5 4 14
T 3813 38 0 3 0
E 3813 3 6 18
E 3813 4 9 27
E 3813 5 12 37
T 3814 11 0 3 0
E 3814 0 -12 -38
E 3814 1 -9 -28
E 3814 2 -6 -18
T 3815 38 0 3 0
E 3815 3 6 18
E 3815 4 9 27
E 3815 5 12 37
T 3816 6 0 4 0
E 3816 0 -14 -43
E 3816 1 -11 -33
E 3816 2 -8 -24
E 3816 3 -4 -14
T 3817 41 0 4 0
E 3817 2 4 14
E 3817 3 7 23
E 3817 4 11 33
E 3817 5 14 43
T 3818 11 0 3 0
E 3818 0 -13 -39
E 3818 1 -9 -29
E 3818 2 -6 -20
T 3819 38 0 3 0
E 3819 3 5 17
E 3819 4 9 27
E 3819 5 12 36
T 3820 6 0 4 0
E 3820 0 -14 -44
E 3820 1 -11 -35
E 3820 2 -8 -25
E 3820 3 -5 -15
T 3821 42 0 4 0
E 3821 2 4 14
E 3821 3 8 24
E 3821 4 11 34
E 3821 5 14 43
T 3822 5 0 4 0
E 3822 0 -14 -43
E 3822 1 -11 -34
E 3822 2 -8 -24
E 3822 3 -5 -15
T 3823 42 0 4 0
E 3823 2 4 14
E 3823 3 8 24
E 3823 4 11 33
E 3823 5 14 43
T 3824 7 0 4 0
E 3824 0 -14 -43
E 3824 1 -11 -33
E 3824 2 -7 -23
E 3824 3 -4 -14
T 3825 33 0 4 0
E 3825 0 -4 -13
E 3825 3 5 16
E 3825 4 8 25
E 3825 5 11 35
T 3826 14 0 4 0
E 3826 0 -11 -34
E 3826 1 -8 -24
E 3826 2 -5 -15
E 3826 5 4 14
T 3827 33 0 4 0
E 3827 0 -4 -14
E 3827 3 4 14
E 3827 4 8 24
E 3827 5 11 34
T 3828 20 0 3 0
E 3828 0 -9 -29
E 3828 1 -6 -19
E 3828 5 6 19
T 3829 28 0 3 0
E 3829 0 -6 -19
E 3829 4 6 20
E 3829 5 9 29
T 3830 20 0 3 0
E 3830 0 -8 -26
E 3830 1 -5 -17
E 3830 5 7 22
T 3831 32 0 4 0
E 3831 0 -5 -16
E 3831 3 4 13
E 3831 4 7 23
E 3831 5 10 32
T 3832 15 0 4 0
E 3832 0 -11 -33
E 3832 1 -8 -24
E 3832 2 -4 -14
E 3832 5 5 15
T 3833 28 0 3 0
E 3833 0 -6 -19
E 3833 4 6 19
E 3833 5 9 29
T 3834 25 0 4 0
E 3834 0 -8 -24
E 3834 1 -4 -14
E 3834 4 5 15
E 3834 5 8 24
T 3835 20 0 3 0
E 3835 0 -8 -26
E 3835 1 -5 -17
E 3835 5 7 22
T 3836 19 0 3 0
E 3836 0 -9 -28
E 3836 1 -6 -18
E 3836 5 6 20
T 3837 28 0 3 0
E 3837 0 -7 -21
E 3837 4 5 17
E 3837 5 9 27
T 3838 19 0 3 0
E 3838 0 -10 -31
E 3838 1 -7 -21
E 3838 5 5 17
T 3839 32 0 4 0
E 3839 0 -5 -16
E 3839 3 4 13
E 3839 4 7 23
E 3839 5 10 32
T 3840 13 0 3 0
E 3840 0 6 19
E 3840 1 -6 -20
E 3840 5 6 19
T 3841 28 0 2 0
E 3841 1 -10 -30
E 3841 2 -7 -21
T 3842 13 0 4 0
E 3842 0 10 32
E 3842 1 -4 -13
E 3842 4 5 16
E 3842 5 8 26
T 3843 37 0 3 0
E 3843 1 -12 -37
E 3843 2 -9 -28
E 3843 3 -6 -18
T 3844 13 0 3 0
E 3844 0 14 44
E 3844 4 7 22
E 3844 5 10 31
T 3845 37 0 4 0
E 3845 0 7 21
E 3845 1 -11 -34
E 3845 2 -8 -24
E 3845 3 -4 -14
T 3846 6 0 4 0
E 3846 0 14 42
E 3846 1 11 33
E 3846 4 4 14
E 3846 5 7 23
T 3847 45 0 4 0
E 3847 2 -14 -43
E 3847 3 -11 -34
E 3847 4 -8 -24
E 3847 5 -4 -14
T 3848 7 0 4 0
E 3848 0 17 51
E 3848 1 14 42
E 3848 4 5 16
E 3848 5 8 26
T 3849 54 0 4 0
E 3849 2 -17 -53
E 3849 3 -14 -44
E 3849 4 -11 -34
E 3849 5 -8 -25
T 3850 11 0 4 0
E 3850 0 18 55
E 3850 1 15 45
E 3850 4 4 13
E 3850 5 7 23
T 3851 54 0 5 0
E 3851 0 5 17
E 3851 2 -15 -47
E 3851 3 -12 -37
E 3851 4 -9 -27
E 3851 5 -6 -18
T 3852 5 0 4 0
E 3852 0 19 57
E 3852 1 15 47
E 3852 2 12 38
E 3852 5 6 19
T 3853 50 0 3 0
E 3853 3 -17 -51
E 3853 4 -14 -42
E 3853 5 -10 -32
T 3854 11 0 3 0
E 3854 0 17 53
E 3854 1 14 43
E 3854 2 11 34
T 3855 53 0 4 0
E 3855 0 4 13
E 3855 3 -18 -54
E 3855 4 -15 -45
E 3855 5 -11 -35
T 3856 10 0 3 0
E 3856 0 20 60
E 3856 1 17 51
E 3856 2 13 41
T 3857 59 0 4 0
E 3857 0 4 13
E 3857 3 -20 -61
E 3857 4 -17 -51
E 3857 5 -13 -41
T 3858 6 0 5 0
E 3858 0 18 54
E 3858 1 15 45
E 3858 2 11 35
E 3858 3 8 26
E 3858 4 -4 -13
T 3859 58 0 4 0
E 3859 2 -5 -15
E 3859 3 -8 -25
E 3859 4 -22 -66
E 3859 5 -19 -57
T 3860 0 0 4 0
E 3860 0 21 64
E 3860 1 18 54
E 3860 2 14 44
E 3860 3 11 35
T 3861 69 0 5 0
E 3861 1 -4 -14
E 3861 2 -8 -24
E 3861 3 -11 -34
E 3861 4 -27 -81
E 3861 5 -24 -72
T 3862 4 0 5 0
E 3862 0 21 65
E 3862 1 18 55
E 3862 2 15 46
E 3862 3 12 36
E 3862 4 -5 -15
T 3863 60 0 3 0
E 3863 3 -6 -19
E 3863 4 -24 -74
E 3863 5 -21 -64
T 3864 2 0 6 0
E 3864 0 19 57
E 3864 1 15 47
E 3864 2 12 38
E 3864 3 9 28
E 3864 4 6 19
E 3864 5 -6 -20
T 3865 52 0 4 0
E 3865 2 -4 -13
E 3865 3 -7 -22
E 3865 4 -10 -32
E 3865 5 -24 -73
T 3866 6 0 6 0
E 3866 0 18 55
E 3866 1 15 46
E 3866 2 12 36
E 3866 3 8 26
E 3866 4 5 17
E 3866 5 -9 -28
T 3867 51 0 3 0
E 3867 3 -7 -21
E 3867 4 -10 -31
E 3867 5 -26 -78
T 3868 16 0 5 0
E 3868 0 16 49
E 3868 1 13 40
E 3868 2 10 30
E 3868 3 7 21
E 3868 5 -13 -40
T 3869 47 0 4 0
E 3869 0 5 16
E 3869 3 -4 -13
E 3869 4 -7 -22
E 3869 5 -25 -77
T 3870 6 0 4 0
E 3870 0 15 46
E 3870 1 12 36
E 3870 2 8 26
E 3870 3 5 17
T 3871 37 0 3 0
E 3871 3 -6 -20
E 3871 4 -9 -29
E 3871 5 -13 -39
T 3872 6 0 4 0
E 3872 0 14 43
E 3872 1 11 33
E 3872 2 8 24
E 3872 3 4 14
T 3873 37 0 3 0
E 3873 3 -6 -18
E 3873 4 -9 -28
E 3873 5 -12 -38
T 3874 10 0 3 0
E 3874 0 13 40
E 3874 1 10 30
E 3874 2 7 21
T 3875 42 0 4 0
E 3875 2 -4 -14
E 3875 3 -7 -23
E 3875 4 -11 -33
E 3875 5 -14 -42
T 3876 5 0 4 0
E 3876 0 15 47
E 3876 1 12 38
E 3876 2 9 28
E 3876 3 6 18
T 3877 38 0 3 0
E 3877 3 -6 -18
E 3877 4 -9 -28
E 3877 5 -12 -37
T 3878 10 0 3 0
E 3878 0 12 37
E 3878 1 9 28
E 3878 2 6 18
T 3879 32 0 4 0
E 3879 0 5 16
E 3879 3 -4 -13
E 3879 4 -7 -22
E 3879 5 -10 -32
T 3880 15 0 4 0
E 3880 0 11 35
E 3880 1 8 25
E 3880 2 5 15
E 3880 5 -4 -13
T 3881 32 0 4 0
E 3881 0 5 15
E 3881 3 -4 -14
E 3881 4 -7 -23
E 3881 5 -11 -33
T 3882 11 0 3 0
E 3882 0 12 36
E 3882 1 8 26
E 3882 2 5 17
T 3883 28 0 3 0
E 3883 0 5 16
E 3883 4 -7 -22
E 3883 5 -10 -32
T 3884 20 0 3 0
E 3884 0 9 27
E 3884 1 5 17
E 3884 5 -7 -21
T 3885 23 0 4 0
E 3885 0 8 25
E 3885 1 5 15
E 3885 4 -4 -14
E 3885 5 -7 -23
T 3886 20 0 3 0
E 3886 0 8 26
E 3886 1 5 17
E 3886 5 -7 -22
T 3887 28 0 3 0
E 3887 0 6 19
E 3887 4 -6 -20
E 3887 5 -9 -29
T 3888 19 0 3 0
E 3888 0 10 31
E 3888 1 7 22
E 3888 5 -5 -17
T 3889 28 0 3 0
E 3889 0 6 19
E 3889 4 -6 -19
E 3889 5 -9 -29
T 3890 16 0 4 0
E 3890 0 11 33
E 3890 1 7 23
E 3890 2 4 13
E 3890 5 -5 -15
T 3891 28 0 3 0
E 3891 0 7 21
E 3891 4 -5 -17
E 3891 5 -9 -27
T 3892 20 0 3 0
E 3892 0 9 27
E 3892 1 5 17
E 3892 5 -7 -21
T 3893 28 0 3 0
E 3893 0 5 16
E 3893 4 -7 -22
E 3893 5 -10 -32
T 3894 19 0 3 0
E 3894 0 10 31
E 3894 1 7 21
E 3894 5 -5 -17
T 3895 23 0 4 0
E 3895 0 8 25
E 3895 1 5 15
E 3895 4 -4 -14
E 3895 5 -7 -23
T 3896 25 0 4 0
E 3896 0 7 23
E 3896 1 4 14
E 3896 4 -5 -15
E 3896 5 -8 -25
T 3897 24 0 4 0
E 3897 0 8 26
E 3897 1 5 16
E 3897 4 -4 -13
E 3897 5 -7 -22
T 3898 28 0 3 0
E 3898 0 7 21
E 3898 4 -5 -17
E 3898 5 -9 -27
T 3899 14 0 4 0
E 3899 0 11 34
E 3899 1 8 24
E 3899 2 5 15
E 3899 5 -4 -14
T 3900 32 0 4 0
E 3900 0 5 16
E 3900 3 -4 -13
E 3900 4 -7 -23
E 3900 5 -10 -32
T 3901 20 0 3 0
E 3901 0 9 29
E 3901 1 6 20
E 3901 5 -6 -19
T 3902 23 0 4 0
E 3902 0 8 25
E 3902 1 5 15
E 3902 4 -4 -14
E 3902 5 -7 -23
T 3903 25 0 4 0
E 3903 0 7 23
E 3903 1 4 14
E 3903 4 -5 -15
E 3903 5 -8 -25
T 3904 28 0 3 0
E 3904 0 7 21
E 3904 4 -5 -17
E 3904 5 -9 -27
T 3905 11 0 3 0
E 3905 0 12 36
E 3905 1 8 26
E 3905 2 5 16
T 3906 37 0 3 0
E 3906 3 -6 -19
E 3906 4 -9 -28
E 3906 5 -12 -38
T 3907 11 0 3 0
E 3907 0 12 38
E 3907 1 9 28
E 3907 2 6 19
T 3908 28 0 3 0
E 3908 0 5 16
E 3908 4 -7 -22
E 3908 5 -10 -32
T 3909 16 0 4 0
E 3909 0 10 32
E 3909 1 7 22
E 3909 2 4 13
E 3909 5 -5 -16
T 3910 28 0 3 0
E 3910 0 7 22
E 3910 4 -5 -17
E 3910 5 -8 -26
T 3911 25 0 4 0
E 3911 0 7 23
E 3911 1 4 14
E 3911 4 -5 -15
E 3911 5 -8 -25
T 3912 19 0 3 0
E 3912 0 10 31
E 3912 1 7 21
E 3912 5 -5 -17
T 3913 29 0 3 0
E 3913 0 5 17
E 3913 4 -7 -21
E 3913 5 -10 -31
T 3914 16 0 4 0
E 3914 0 10 32
E 3914 1 7 22
E 3914 2 4 13
E 3914 5 -5 -16
T 3915 33 0 4 0
E 3915 0 4 13
E 3915 3 -5 -16
E 3915 4 -8 -26
E 3915 5 -11 -35
T 3916 19 0 3 0
E 3916 0 10 31
E 3916 1 7 22
E 3916 5 -5 -17
T 3917 29 0 3 0
E 3917 0 6 18
E 3917 4 -7 -21
E 3917 5 -10 -30
T 3918 19 0 3 0
E 3918 0 9 27
E 3918 1 6 18
E 3918 5 -7 -21
T 3919 29 0 3 0
E 3919 0 6 20
E 3919 4 -6 -18
E 3919 5 -9 -28
T 3920 15 0 4 0
E 3920 0 11 35
E 3920 1 8 25
E 3920 2 5 15
E 3920 5 -4 -13
T 3921 32 0 4 0
E 3921 0 5 15
E 3921 3 -4 -14
E 3921 4 -7 -23
E 3921 5 -11 -33
T 3922 14 0 4 0
E 3922 0 11 34
E 3922 1 8 24
E 3922 2 5 15
E 3922 5 -4 -14
T 3923 37 0 3 0
E 3923 3 -6 -19
E 3923 4 -9 -29
E 3923 5 -13 -39
T 3924 11 0 3 0
E 3924 0 12 38
E 3924 1 9 28
E 3924 2 6 19
T 3925 29 0 3 0
E 3925 0 6 18
E 3925 4 -7 -21
E 3925 5 -10 -30
T 3926 10 0 3 0
E 3926 0 12 36
E 3926 1 9 27
E 3926 2 5 17
T 3927 37 0 3 0
E 3927 3 -7 -22
E 3927 4 -10 -32
E 3927 5 -13 -41
T 3928 5 0 4 0
E 3928 0 14 43
E 3928 1 11 34
E 3928 2 8 24
E 3928 3 5 15
T 3929 41 0 4 0
E 3929 2 -4 -13
E 3929 3 -7 -23
E 3929 4 -10 -32
E 3929 5 -14 -42
T 3930 11 0 3 0
E 3930 0 13 41
E 3930 1 10 31
E 3930 2 7 21
T 3931 38 0 3 0
E 3931 3 -6 -18
E 3931 4 -9 -27
E 3931 5 -12 -37
T 3932 11 0 3 0
E 3932 0 13 39
E 3932 1 9 29
E 3932 2 6 20
T 3933 37 0 3 0
E 3933 3 -5 -17
E 3933 4 -9 -27
E 3933 5 -12 -37
T 3934 11 0 3 0
E 3934 0 13 41
E 3934 1 10 31
E 3934 2 7 22
T 3935 38 0 3 0
E 3935 3 -6 -20
E 3935 4 -10 -30
E 3935 5 -13 -39
T 3936 10 0 3 0
E 3936 0 12 37
E 3936 1 9 28
E 3936 2 6 18
T 3937 27 0 3 0
E 3937 0 4 14
E 3937 4 -7 -22
E 3937 5 -10 -31
T 3938 16 0 3 0
E 3938 0 7 21
E 3938 1 5 17
E 3938 5 -7 -22
T 3939 27 0 2 0
E 3939 4 -6 -18
E 3939 5 -9 -28
T 3940 0 0 4 0
E 3940 0 10 32
E 3940 1 11 33
E 3940 2 7 23
E 3940 3 4 14
T 3941 25 0 3 0
E 3941 3 -6 -18
E 3941 4 -9 -27
E 3941 5 -12 -37
T 3942 3 0 4 0
E 3942 0 6 18
E 3942 1 8 24
E 3942 2 5 15
E 3942 5 -4 -14
T 3943 17 0 2 0
E 3943 4 -6 -18
E 3943 5 -9 -28
T 3944 1 0 3 0
E 3944 0 6 20
E 3944 1 8 26
E 3944 2 7 22
T 3945 10 0 2 0
E 3945 4 -6 -20
E 3945 5 -9 -29
T 3946 3 0 3 0
E 3946 1 5 15
E 3946 2 5 16
E 3946 5 -4 -13
T 3947 5 0 1 0
E 3947 5 -6 -20
T 3948 3 0 2 0
E 3948 2 5 16
E 3948 5 -4 -13
T 3949 2 0 1 0
E 3949 2 4 14
T 3950 0 0 0 0
T 3951 1 0 0 0
T 3952 2 0 0 0
T 3953 4 0 0 0
T 3954 9 0 2 0
E 3954 2 4 13
E 3954 3 6 19
T 3955 8 0 1 0
E 3955 3 4 14
T 3956 7 0 0 0
T 3957 7 0 0 0
T 3958 13 0 2 0
E 3958 3 4 14
E 3958 4 5 15
T 3959 12 0 0 0
T 3960 9 0 2 0
E 3960 0 -6 -19
E 3960 1 -4 -13
T 3961 9 0 1 0
E 3961 0 -4 -13
T 3962 9 0 1 0
E 3962 0 -4 -13
T 3963 20 0 3 0
E 3963 3 4 13
E 3963 4 6 19
E 3963 5 5 17
T 3964 11 0 1 0
E 3964 0 -5 -16
T 3965 20 0 2 0
E 3965 4 4 13
E 3965 5 5 17
T 3966 15 0 2 0
E 3966 0 -5 -16
E 3966 5 4 14
T 3967 21 0 2 0
E 3967 4 4 13
E 3967 5 6 19
T 3968 9 0 2 0
E 3968 0 -6 -19
E 3968 1 -4 -13
T 3969 14 0 2 0
E 3969 0 -4 -13
E 3969 5 5 17
T 3970 10 0 2 0
E 3970 0 -6 -20
E 3970 1 -4 -14
T 3971 16 0 2 0
E 3971 0 -5 -17
E 3971 5 4 13
T 3972 9 0 2 0
E 3972 0 -7 -21
E 3972 1 -5 -15
T 3973 22 0 3 0
E 3973 3 4 14
E 3973 4 6 20
E 3973 5 8 26
T 3974 10 0 2 0
E 3974 0 -6 -20
E 3974 1 -4 -14
T 3975 20 0 2 0
E 3975 4 4 14
E 3975 5 6 20
T 3976 15 1 2 0
E 3976 0 -5 -15
E 3976 5 5 15
T 3977 15 1 2 0
E 3977 0 -5 -15
E 3977 5 5 15
T 3978 20 0 2 0
E 3978 4 4 14
E 3978 5 6 20
T 3979 15 0 2 0
E 3979 0 -5 -16
E 3979 5 4 14
T 3980 16 0 2 0
E 3980 0 -5 -17
E 3980 5 4 13
T 3981 15 0 2 0
E 3981 0 -4 -14
E 3981 5 5 16
T 3982 21 0 2 0
E 3982 4 4 13
E 3982 5 6 19
T 3983 10 0 2 0
E 3983 0 -7 -22
E 3983 1 -5 -16
T 3984 15 0 2 0
E 3984 0 -5 -16
E 3984 5 4 14
T 3985 15 0 2 0
E 3985 0 -5 -16
E 3985 5 4 14
T 3986 10 0 2 0
E 3986 0 -7 -22
E 3986 1 -5 -15
T 3987 24 0 3 0
E 3987 3 4 13
E 3987 4 6 19
E 3987 5 8 25
T 3988 8 0 3 0
E 3988 0 -9 -27
E 3988 1 -6 -19
E 3988 2 -4 -13
T 3989 16 1 2 0
E 3989 0 -5 -16
E 3989 5 5 17
T 3990 14 0 1 0
E 3990 0 -7 -21
T 3991 24 0 2 0
E 3991 4 5 16
E 3991 5 7 22
T 3992 11 0 2 0
E 3992 0 -8 -24
E 3992 1 -5 -15
T 3993 28 0 3 0
E 3993 3 4 13
E 3993 4 6 19
E 3993 5 8 25
T 3994 14 0 2 0
E 3994 0 -9 -29
E 3994 1 -6 -19
T 3995 18 1 2 0
E 3995 0 -6 -18
E 3995 5 6 18
T 3996 12 0 2 0
E 3996 0 -8 -25
E 3996 1 -5 -15
T 3997 29 0 3 0
E 3997 3 5 17
E 3997 4 7 23
E 3997 5 9 29
T 3998 13 0 2 0
E 3998 0 -8 -26
E 3998 1 -5 -16
T 3999 31 0 3 0
E 3999 3 5 17
E 3999 4 7 23
E 3999 5 9 29
T 4000 17 0 3 0
E 4000 0 -8 -26
E 4000 1 -5 -17
E 4000 5 4 13
T 4001 30 0 4 0
E 4001 0 -4 -13
E 4001 3 5 15
E 4001 4 7 21
E 4001 5 9 27
T 4002 10 0 3 0
E 4002 0 -12 -36
E 4002 1 -9 -27
E 4002 2 -5 -17
T 4003 34 0 3 0
E 4003 3 6 19
E 4003 4 8 25
E 4003 5 10 31
T 4004 14 0 2 0
E 4004 0 -10 -30
E 4004 1 -6 -20
T 4005 30 0 4 0
E 4005 0 -4 -13
E 4005 3 5 16
E 4005 4 7 23
E 4005 5 9 29
T 4006 18 0 3 0
E 4006 0 -9 -27
E 4006 1 -5 -17
E 4006 5 5 16
T 4007 23 0 4 0
E 4007 0 -7 -22
E 4007 1 -4 -13
E 4007 4 5 15
E 4007 5 7 21
T 4008 19 0 3 0
E 4008 0 -8 -26
E 4008 1 -5 -16
E 4008 5 6 18
T 4009 28 0 3 0
E 4009 0 -6 -20
E 4009 4 6 19
E 4009 5 8 25
T 4010 24 0 4 0
E 4010 0 -7 -23
E 4010 1 -4 -14
E 4010 4 5 15
E 4010 5 7 22
T 4011 19 0 3 0
E 4011 0 -9 -29
E 4011 1 -6 -19
E 4011 5 5 17
T 4012 19 0 3 0
E 4012 0 -8 -26
E 4012 1 -5 -17
E 4012 5 6 20
T 4013 29 0 3 0
E 4013 0 -6 -20
E 4013 4 6 18
E 4013 5 9 27
T 4014 11 0 3 0
E 4014 0 -12 -37
E 4014 1 -9 -27
E 4014 2 -5 -17
T 4015 37 0 3 0
E 4015 3 5 17
E 4015 4 8 26
E 4015 5 12 36
T 4016 15 0 4 0
E 4016 0 -11 -35
E 4016 1 -8 -25
E 4016 2 -5 -16
E 4016 5 4 13
T 4017 28 0 3 0
E 4017 0 -6 -18
E 4017 4 6 20
E 4017 5 10 30
T 4018 11 0 3 0
E 4018 0 -12 -36
E 4018 1 -8 -26
E 4018 2 -5 -17
T 4019 34 0 4 0
E 4019 0 -4 -14
E 4019 3 5 15
E 4019 4 8 25
E 4019 5 11 34
T 4020 19 0 3 0
E 4020 0 -10 -30
E 4020 1 -7 -21
E 4020 5 6 18
T 4021 24 0 4 0
E 4021 0 -8 -26
E 4021 1 -5 -16
E 4021 4 4 13
E 4021 5 7 22
T 4022 24 0 4 0
E 4022 0 -7 -22
E 4022 1 -4 -13
E 4022 4 5 16
E 4022 5 8 26
T 4023 16 0 4 0
E 4023 0 -10 -32
E 4023 1 -7 -22
E 4023 2 -4 -13
E 4023 5 5 16
T 4024 25 0 4 0
E 4024 0 -7 -23
E 4024 1 -4 -13
E 4024 4 5 16
E 4024 5 8 25
T 4025 24 0 4 0
E 4025 0 -7 -22
E 4025 1 -4 -13
E 4025 4 5 16
E 4025 5 8 26
T 4026 20 0 3 0
E 4026 0 -9 -29
E 4026 1 -6 -19
E 4026 5 6 19
T 4027 28 0 3 0
E 4027 0 -6 -19
E 4027 4 6 19
E 4027 5 9 29
T 4028 23 0 4 0
E 4028 0 -8 -25
E 4028 1 -5 -15
E 4028 4 4 13
E 4028 5 7 23
T 4029 20 0 3 0
E 4029 0 -9 -27
E 4029 1 -5 -17
E 4029 5 7 21
T 4030 28 0 3 0
E 4030 0 -7 -21
E 4030 4 5 17
E 4030 5 9 27
T 4031 24 0 4 0
E 4031 0 -8 -26
E 4031 1 -5 -16
E 4031 4 4 13
E 4031 5 7 22
T 4032 20 0 3 0
E 4032 0 -8 -26
E 4032 1 -5 -17
E 4032 5 7 22
T 4033 19 0 3 0
E 4033 0 -9 -28
E 4033 1 -6 -18
E 4033 5 6 20
T 4034 23 0 4 0
E 4034 0 -8 -25
E 4034 1 -5 -15
E 4034 4 4 14
E 4034 5 7 23
T 4035 20 0 3 0
E 4035 0 -9 -29
E 4035 1 -6 -20
E 4035 5 6 19
T 4036 32 0 4 0
E 4036 0 -5 -16
E 4036 3 4 13
E 4036 4 7 23
E 4036 5 10 32
T 4037 19 0 3 0
E 4037 0 -9 -27
E 4037 1 -6 -18
E 4037 5 7 21
T 4038 23 0 4 0
E 4038 0 -8 -25
E 4038 1 -5 -15
E 4038 4 4 13
E 4038 5 7 23
T 4039 23 0 4 0
E 4039 0 -8 -25
E 4039 1 -5 -15
E 4039 4 4 14
E 4039 5 7 23
T 4040 28 0 3 0
E 4040 0 -6 -18
E 4040 4 6 20
E 4040 5 10 30
T 4041 11 0 3 0
E 4041 0 -12 -36
E 4041 1 -8 -26
E 4041 2 -5 -17
T 4042 37 0 3 0
E 4042 3 5 16
E 4042 4 8 26
E 4042 5 12 36
T 4043 6 0 4 0
E 4043 0 -14 -44
E 4043 1 -11 -34
E 4043 2 -8 -25
E 4043 3 -5 -15
T 4044 43 0 4 0
E 4044 2 5 17
E 4044 3 8 26
E 4044 4 12 36
E 4044 5 15 45
T 4045 11 0 3 0
E 4045 0 -12 -38
E 4045 1 -9 -29
E 4045 2 -6 -19
T 4046 29 0 3 0
E 4046 0 -5 -17
E 4046 4 7 22
E 4046 5 10 31
T 4047 16 0 4 0
E 4047 0 -10 -32
E 4047 1 -7 -23
E 4047 2 -4 -13
E 4047 5 5 16
T 4048 33 0 4 0
E 4048 0 -4 -13
E 4048 3 5 16
E 4048 4 8 25
E 4048 5 11 35
T 4049 15 0 4 0
E 4049 0 -11 -34
E 4049 1 -8 -24
E 4049 2 -4 -14
E 4049 5 4 14
T 4050 29 0 3 0
E 4050 0 -5 -17
E 4050 4 7 21
E 4050 5 10 31
T 4051 19 0 3 0
E 4051 0 -9 -28
E 4051 1 -6 -18
E 4051 5 6 20
T 4052 29 0 3 0
E 4052 0 -5 -17
E 4052 4 7 21
E 4052 5 10 31
T 4053 11 0 3 0
E 4053 0 -12 -36
E 4053 1 -8 -26
E 4053 2 -5 -17
T 4054 38 0 3 0
E 4054 3 6 18
E 4054 4 9 28
E 4054 5 12 37
T 4055 14 0 4 0
E 4055 0 -11 -34
E 4055 1 -8 -25
E 4055 2 -5 -15
E 4055 5 4 14
T 4056 28 0 3 0
E 4056 0 -6 -19
E 4056 4 6 20
E 4056 5 9 29
T 4057 15 0 4 0
E 4057 0 -11 -35
E 4057 1 -8 -26
E 4057 2 -5 -16
E 4057 5 4 13
T 4058 28 0 3 0
E 4058 0 -6 -18
E 4058 4 6 20
E 4058 5 10 30
T 4059 16 0 4 0
E 4059 0 -11 -33
E 4059 1 -7 -23
E 4059 2 -4 -13
E 4059 5 5 15
T 4060 29 0 3 0
E 4060 0 -5 -17
E 4060 4 7 21
E 4060 5 10 31
T 4061 23 0 4 0
E 4061 0 -8 -25
E 4061 1 -5 -15
E 4061 4 4 14
E 4061 5 7 23
T 4062 19 0 3 0
E 4062 0 -10 -30
E 4062 1 -7 -21
E 4062 5 6 18
T 4063 29 0 3 0
E 4063 0 -6 -20
E 4063 4 6 18
E 4063 5 9 28
T 4064 23 0 4 0
E 4064 0 -8 -25
E 4064 1 -5 -15
E 4064 4 4 14
E 4064 5 7 23
T 4065 28 0 3 0
E 4065 0 -6 -18
E 4065 4 6 20
E 4065 5 10 30
T 4066 16 0 4 0
E 4066 0 -11 -33
E 4066 1 -7 -23
E 4066 2 -4 -14
E 4066 5 5 15
T 4067 28 0 3 0
E 4067 0 -5 -16
E 4067 4 7 22
E 4067 5 10 32
T 4068 23 0 4 0
E 4068 0 -8 -25
E 4068 1 -5 -15
E 4068 4 4 13
E 4068 5 7 23
T 4069 20 0 3 0
E 4069 0 -9 -27
E 4069 1 -5 -17
E 4069 5 7 21
T 4070 29 0 3 0
E 4070 0 -5 -17
E 4070 4 7 21
E 4070 5 10 31
T 4071 23 0 4 0
E 4071 0 -8 -25
E 4071 1 -5 -15
E 4071 4 4 14
E 4071 5 7 23
T 4072 24 0 4 0
E 4072 0 -7 -22
E 4072 1 -4 -13
E 4072 4 5 16
E 4072 5 8 26
T 4073 19 0 3 0
E 4073 0 -10 -31
E 4073 1 -7 -21
E 4073 5 5 17
T 4074 29 0 3 0
E 4074 0 -6 -18
E 4074 4 7 21
E 4074 5 10 30
T 4075 19 0 3 0
E 4075 0 -10 -31
E 4075 1 -7 -22
E 4075 5 5 17
T 4076 23 0 4 0
E 4076 0 -8 -25
E 4076 1 -5 -15
E 4076 4 4 14
E 4076 5 7 23
T 4077 19 0 3 0
E 4077 0 -9 -27
E 4077 1 -6 -18
E 4077 5 7 21
T 4078 28 0 3 0
E 4078 0 -6 -19
E 4078 4 6 19
E 4078 5 9 29
T 4079 19 0 3 0
E 4079 0 -9 -28
E 4079 1 -6 -18
E 4079 5 6 20
T 4080 5 0 3 0
E 4080 0 9 29
E 4080 4 6 19
E 4080 5 9 29
T 4081 31 0 3 0
E 4081 1 -11 -33
E 4081 2 -8 -24
E 4081 3 -4 -14
T 4082 9 0 3 0
E 4082 0 11 35
E 4082 4 6 19
E 4082 5 9 29
T 4083 33 0 4 0
E 4083 0 4 14
E 4083 1 -11 -33
E 4083 2 -8 -24
E 4083 3 -4 -14
T 4084 22 0 3 0
E 4084 0 11 33
E 4084 1 -6 -18
E 4084 5 6 20
T 4085 33 0 3 0
E 4085 0 8 26
E 4085 1 -9 -29
E 4085 2 -6 -19
T 4086 10 0 3 0
E 4086 0 13 39
E 4086 1 10 30
E 4086 5 6 20
T 4087 40 0 3 0
E 4087 2 -13 -41
E 4087 3 -10 -32
E 4087 4 -7 -22
T 4088 12 0 3 0
E 4088 0 15 46
E 4088 1 12 37
E 4088 5 7 21
T 4089 54 0 4 0
E 4089 2 -16 -49
E 4089 3 -13 -40
E 4089 4 -10 -30
E 4089 5 -7 -21
T 4090 15 0 3 0
E 4090 0 16 50
E 4090 1 13 40
E 4090 5 6 18
T 4091 52 0 5 0
E 4091 0 6 19
E 4091 2 -15 -45
E 4091 3 -11 -35
E 4091 4 -8 -25
E 4091 5 -5 -16
T 4092 4 0 4 0
E 4092 0 20 60
E 4092 1 16 50
E 4092 2 13 41
E 4092 5 7 22
T 4093 55 0 4 0
E 4093 2 -6 -18
E 4093 3 -19 -59
E 4093 4 -16 -50
E 4093 5 -13 -40
T 4094 5 0 4 0
E 4094 0 21 63
E 4094 1 17 53
E 4094 2 14 44
E 4094 5 6 18
T 4095 61 0 4 0
E 4095 2 -4 -13
E 4095 3 -20 -60
E 4095 4 -17 -51
E 4095 5 -13 -41
T 4096 7 0 4 0
E 4096 0 21 65
E 4096 1 18 56
E 4096 2 15 46
E 4096 5 4 14
T 4097 63 0 3 0
E 4097 3 -21 -64
E 4097 4 -18 -54
E 4097 5 -14 -44
T 4098 1 0 4 0
E 4098 0 21 65
E 4098 1 18 56
E 4098 2 15 46
E 4098 3 12 37
T 4099 63 0 5 0
E 4099 1 -4 -13
E 4099 2 -7 -22
E 4099 3 -10 -32
E 4099 4 -24 -73
E 4099 5 -21 -64
T 4100 1 0 4 0
E 4100 0 22 67
E 4100 1 19 57
E 4100 2 15 47
E 4100 3 12 38
T 4101 63 0 4 0
E 4101 2 -7 -22
E 4101 3 -10 -32
E 4101 4 -26 -79
E 4101 5 -23 -70
T 4102 3 0 5 0
E 4102 0 22 66
E 4102 1 18 56
E 4102 2 15 47
E 4102 3 12 37
E 4102 4 -4 -14
T 4103 61 0 3 0
E 4103 3 -6 -18
E 4103 4 -24 -73
E 4103 5 -21 -63
T 4104 4 0 6 0
E 4104 0 21 63
E 4104 1 17 53
E 4104 2 14 44
E 4104 3 11 34
E 4104 4 8 25
E 4104 5 -4 -14
T 4105 63 0 5 0
E 4105 1 -6 -18
E 4105 2 -9 -28
E 4105 3 -12 -37
E 4105 4 -15 -47
E 4105 5 -29 -88
T 4106 3 0 6 0
E 4106 0 21 64
E 4106 1 18 55
E 4106 2 15 45
E 4106 3 11 35
E 4106 4 8 26
E 4106 5 -6 -19
T 4107 55 0 4 0
E 4107 2 -5 -15
E 4107 3 -8 -25
E 4107 4 -11 -35
E 4107 5 -27 -82
T 4108 7 0 6 0
E 4108 0 18 55
E 4108 1 15 46
E 4108 2 12 36
E 4108 3 9 27
E 4108 4 5 17
E 4108 5 -11 -34
T 4109 57 0 4 0
E 4109 2 -4 -14
E 4109 3 -8 -24
E 4109 4 -11 -33
E 4109 5 -29 -88
T 4110 11 0 6 0
E 4110 0 20 62
E 4110 1 17 52
E 4110 2 14 42
E 4110 3 11 33
E 4110 4 7 23
E 4110 5 4 14
T 4111 50 0 5 0
E 4111 1 -5 -15
E 4111 2 -8 -25
E 4111 3 -11 -35
E 4111 4 -14 -44
E 4111 5 -18 -54
T 4112 3 0 5 0
E 4112 0 18 55
E 4112 1 15 45
E 4112 2 12 36
E 4112 3 8 26
E 4112 4 5 16
T 4113 43 0 4 0
E 4113 2 -6 -19
E 4113 3 -9 -28
E 4113 4 -12 -38
E 4113 5 -16 -48
T 4114 5 0 4 0
E 4114 0 16 48
E 4114 1 12 38
E 4114 2 9 29
E 4114 3 6 19
T 4115 38 0 3 0
E 4115 3 -6 -20
E 4115 4 -10 -30
E 4115 5 -13 -39
T 4116 10 0 3 0
E 4116 0 12 37
E 4116 1 9 28
E 4116 2 6 18
T 4117 32 0 4 0
E 4117 0 5 16
E 4117 3 -4 -13
E 4117 4 -7 -23
E 4117 5 -10 -32
T 4118 19 0 3 0
E 4118 0 10 31
E 4118 1 7 22
E 4118 5 -5 -17
T 4119 29 0 3 0
E 4119 0 5 17
E 4119 4 -7 -21
E 4119 5 -10 -31
T 4120 11 0 3 0
E 4120 0 12 37
E 4120 1 9 27
E 4120 2 5 17
T 4121 28 0 3 0
E 4121 0 6 18
E 4121 4 -6 -20
E 4121 5 -10 -30
T 4122 19 0 3 0
E 4122 0 9 28
E 4122 1 6 18
E 4122 5 -6 -20
T 4123 28 0 3 0
E 4123 0 6 18
E 4123 4 -6 -20
E 4123 5 -10 -30
T 4124 16 0 4 0
E 4124 0 10 32
E 4124 1 7 22
E 4124 2 4 13
E 4124 5 -5 -16
T 4125 25 0 4 0
E 4125 0 8 24
E 4125 1 4 14
E 4125 4 -5 -15
E 4125 5 -8 -24
T 4126 25 0 4 0
E 4126 0 7 23
E 4126 1 4 14
E 4126 4 -5 -15
E 4126 5 -8 -25
T 4127 20 0 3 0
E 4127 0 9 27
E 4127 1 5 17
E 4127 5 -7 -21
T 4128 28 0 3 0
E 4128 0 5 16
E 4128 4 -7 -22
E 4128 5 -10 -32
T 4129 11 0 3 0
E 4129 0 12 36
E 4129 1 8 26
E 4129 2 5 17
T 4130 41 0 4 0
E 4130 2 -4 -13
E 4130 3 -7 -22
E 4130 4 -10 -32
E 4130 5 -13 -41
T 4131 6 0 4 0
E 4131 0 14 42
E 4131 1 11 33
E 4131 2 7 23
E 4131 3 4 13
T 4132 33 0 4 0
E 4132 0 4 13
E 4132 3 -5 -16
E 4132 4 -8 -26
E 4132 5 -11 -35
T 4133 20 0 3 0
E 4133 0 9 29
E 4133 1 6 20
E 4133 5 -6 -19
T 4134 19 0 3 0
E 4134 0 9 28
E 4134 1 6 18
E 4134 5 -6 -20
T 4135 24 0 4 0
E 4135 0 8 26
E 4135 1 5 16
E 4135 4 -4 -13
E 4135 5 -7 -22
T 4136 20 0 3 0
E 4136 0 9 29
E 4136 1 6 20
E 4136 5 -6 -19
T 4137 25 0 4 0
E 4137 0 7 23
E 4137 1 4 13
E 4137 4 -5 -16
E 4137 5 -8 -25
T 4138 25 0 4 0
E 4138 0 7 23
E 4138 1 4 14
E 4138 4 -5 -15
E 4138 5 -8 -25
T 4139 16 0 4 0
E 4139 0 10 32
E 4139 1 7 22
E 4139 2 4 13
E 4139 5 -5 -16
T 4140 34 0 4 0
E 4140 0 4 14
E 4140 3 -5 -15
E 4140 4 -8 -25
E 4140 5 -11 -34
T 4141 14 0 4 0
E 4141 0 11 34
E 4141 1 8 25
E 4141 2 5 15
E 4141 5 -4 -14
T 4142 29 0 3 0
E 4142 0 7 21
E 4142 4 -6 -18
E 4142 5 -9 -27
T 4143 23 0 4 0
E 4143 0 8 25
E 4143 1 5 16
E 4143 4 -4 -13
E 4143 5 -7 -23
T 4144 23 0 4 0
E 4144 0 8 25
E 4144 1 5 15
E 4144 4 -4 -13
E 4144 5 -7 -23
T 4145 23 0 4 0
E 4145 0 8 25
E 4145 1 5 15
E 4145 4 -4 -14
E 4145 5 -7 -23
T 4146 20 0 3 0
E 4146 0 9 29
E 4146 1 6 20
E 4146 5 -6 -19
T 4147 24 0 4 0
E 4147 0 8 26
E 4147 1 5 16
E 4147 4 -4 -13
E 4147 5 -7 -22
T 4148 25 0 4 0
E 4148 0 7 23
E 4148 1 4 14
E 4148 4 -5 -15
E 4148 5 -8 -25
T 4149 20 0 3 0
E 4149 0 9 29
E 4149 1 6 19
E 4149 5 -6 -19
T 4150 29 0 3 0
E 4150 0 7 21
E 4150 4 -6 -18
E 4150 5 -9 -27
T 4151 23 0 4 0
E 4151 0 8 25
E 4151 1 5 16
E 4151 4 -4 -13
E 4151 5 -7 -23
T 4152 29 0 3 0
E 4152 0 6 20
E 4152 4 -6 -19
E 4152 5 -9 -28
T 4153 23 0 4 0
E 4153 0 8 24
E 4153 1 5 15
E 4153 4 -4 -14
E 4153 5 -8 -24
T 4154 20 0 3 0
E 4154 0 9 27
E 4154 1 5 17
E 4154 5 -7 -21
T 4155 20 0 3 0
E 4155 0 9 27
E 4155 1 5 17
E 4155 5 -7 -21
T 4156 23 0 4 0
E 4156 0 8 25
E 4156 1 5 16
E 4156 4 -4 -13
E 4156 5 -7 -23
T 4157 28 0 3 0
E 4157 0 6 19
E 4157 4 -6 -20
E 4157 5 -9 -29
T 4158 16 0 4 0
E 4158 0 10 32
E 4158 1 7 23
E 4158 2 4 13
E 4158 5 -5 -16
T 4159 24 1 4 0
E 4159 0 8 24
E 4159 1 4 14
E 4159 4 -4 -14
E 4159 5 -8 -24
T 4160 25 0 4 0
E 4160 0 8 24
E 4160 1 4 14
E 4160 4 -5 -15
E 4160 5 -8 -24
T 4161 20 0 3 0
E 4161 0 9 29
E 4161 1 6 20
E 4161 5 -6 -19
T 4162 29 0 3 0
E 4162 0 6 18
E 4162 4 -7 -21
E 4162 5 -10 -30
T 4163 19 0 3 0
E 4163 0 9 28
E 4163 1 6 19
E 4163 5 -6 -20
T 4164 20 0 3 0
E 4164 0 8 26
E 4164 1 5 16
E 4164 5 -7 -22
T 4165 28 0 3 0
E 4165 0 6 19
E 4165 4 -6 -20
E 4165 5 -9 -29
T 4166 15 0 4 0
E 4166 0 11 33
E 4166 1 8 24
E 4166 2 4 14
E 4166 5 -5 -15
T 4167 28 0 3 0
E 4167 0 7 22
E 4167 4 -5 -17
E 4167 5 -8 -26
T 4168 20 0 3 0
E 4168 0 9 29
E 4168 1 6 20
E 4168 5 -6 -19
T 4169 25 0 4 0
E 4169 0 7 23
E 4169 1 4 13
E 4169 4 -5 -15
E 4169 5 -8 -25
T 4170 29 0 3 0
E 4170 0 7 21
E 4170 4 -6 -18
E 4170 5 -9 -27
T 4171 16 0 4 0
E 4171 0 10 32
E 4171 1 7 23
E 4171 2 4 13
E 4171 5 -5 -16
T 4172 34 0 4 0
E 4172 0 4 14
E 4172 3 -5 -15
E 4172 4 -8 -25
E 4172 5 -11 -34
T 4173 19 0 3 0
E 4173 0 10 30
E 4173 1 7 21
E 4173 5 -6 -18
T 4174 29 0 3 0
E 4174 0 6 20
E 4174 4 -6 -18
E 4174 5 -9 -28
T 4175 16 0 4 0
E 4175 0 11 33
E 4175 1 7 23
E 4175 2 4 13
E 4175 5 -5 -15
T 4176 28 0 3 0
E 4176 0 6 19
E 4176 4 -6 -19
E 4176 5 -9 -29
T 4177 22 0 4 0
E 4177 0 7 23
E 4177 1 5 16
E 4177 4 -4 -13
E 4177 5 -7 -22
T 4178 21 0 4 0
E 4178 0 6 18
E 4178 1 4 14
E 4178 4 -5 -15
E 4178 5 -8 -25
T 4179 10 0 4 0
E 4179 0 8 24
E 4179 1 7 22
E 4179 2 4 13
E 4179 5 -5 -16
T 4180 26 0 3 0
E 4180 3 -4 -13
E 4180 4 -7 -23
E 4180 5 -10 -32
T 4181 2 0 3 0
E 4181 0 9 28
E 4181 1 10 32
E 4181 2 7 22
T 4182 22 0 3 0
E 4182 3 -6 -18
E 4182 4 -9 -28
E 4182 5 -12 -37
T 4183 5 0 4 0
E 4183 0 8 24
E 4183 1 10 30
E 4183 2 7 23
E 4183 3 4 14
T 4184 16 0 3 0
E 4184 3 -4 -13
E 4184 4 -7 -22
E 4184 5 -10 -32
T 4185 7 0 4 0
E 4185 0 6 20
E 4185 1 8 26
E 4185 2 8 24
E 4185 3 5 15
T 4186 15 0 4 0
E 4186 0 -4 -14
E 4186 3 -5 -17
E 4186 4 -8 -26
E 4186 5 -12 -36
T 4187 1 0 2 0
E 4187 1 6 18
E 4187 2 7 22
T 4188 2 0 2 0
E 4188 2 4 13
E 4188 5 -5 -16
T 4189 2 0 1 0
E 4189 5 -6 -18
T 4190 3 0 1 0
E 4190 2 4 13
T 4191 1 0 1 0
E 4191 5 -5 -15
T 4192 7 0 2 0
E 4192 2 4 13
E 4192 3 4 14
T 4193 6 0 1 0
E 4193 5 -5 -15
T 4194 6 0 1 0
E 4194 3 5 17
T 4195 8 0 1 0
E 4195 3 5 15
T 4196 11 0 0 0
T 4197 12 0 1 0
E 4197 0 -5 -17
T 4198 12 0 0 0
T 4199 12 0 1 0
E 4199 4 4 14
T 4200 12 0 1 0
E 4200 4 5 17
T 4201 12 0 0 0
T 4202 10 0 1 0
E 4202 0 -4 -14
T 4203 14 0 1 0
E 4203 4 4 14
T 4204 9 0 1 0
E 4204 0 -4 -13
T 4205 11 0 1 0
E 4205 0 -5 -16
T 4206 20 0 2 0
E 4206 4 6 18
E 4206 5 8 24
T 4207 10 0 2 0
E 4207 0 -7 -22
E 4207 1 -5 -16
T 4208 20 0 2 0
E 4208 4 5 16
E 4208 5 7 22
T 4209 8 0 3 0
E 4209 0 -8 -26
E 4209 1 -6 -20
E 4209 2 -4 -14
T 4210 15 0 2 0
E 4210 0 -4 -14
E 4210 5 5 16
T 4211 10 0 2 0
E 4211 0 -7 -22
E 4211 1 -5 -16
T 4212 18 0 1 0
E 4212 5 6 18
T 4213 15 0 2 0
E 4213 0 -4 -14
E 4213 5 5 16
T 4214 14 0 2 0
E 4214 0 -4 -13
E 4214 5 5 17
T 4215 15 0 2 0
E 4215 0 -5 -16
E 4215 5 4 14
T 4216 10 0 2 0
E 4216 0 -7 -22
E 4216 1 -5 -16
T 4217 21 0 2 0
E 4217 4 4 13
E 4217 5 6 19
T 4218 12 0 1 0
E 4218 0 -6 -18
T 4219 18 0 1 0
E 4219 5 6 18
T 4220 15 0 2 0
E 4220 0 -5 -16
E 4220 5 4 14
T 4221 15 1 2 0
E 4221 0 -5 -15
E 4221 5 5 15
T 4222 10 0 2 0
E 4222 0 -6 -20
E 4222 1 -4 -14
T 4223 15 1 2 0
E 4223 0 -5 -15
E 4223 5 5 15
T 4224 21 0 2 0
E 4224 4 4 13
E 4224 5 6 19
T 4225 10 0 2 0
E 4225 0 -6 -20
E 4225 1 -4 -14
T 4226 16 0 2 0
E 4226 0 -6 -18
E 4226 5 4 13
T 4227 10 0 2 0
E 4227 0 -6 -20
E 4227 1 -4 -13
T 4228 22 0 2 0
E 4228 4 5 16
E 4228 5 7 22
T 4229 10 0 3 0
E 4229 0 -9 -29
E 4229 1 -6 -20
E 4229 2 -4 -14
T 4230 20 0 3 0
E 4230 0 -4 -14
E 4230 4 4 13
E 4230 5 6 19
T 4231 18 0 2 0
E 4231 0 -7 -21
E 4231 5 4 13
T 4232 18 0 2 0
E 4232 0 -6 -19
E 4232 5 5 15
T 4233 13 0 2 0
E 4233 0 -8 -26
E 4233 1 -5 -16
T 4234 21 0 3 0
E 4234 0 -5 -16
E 4234 4 4 14
E 4234 5 6 20
T 4235 12 0 2 0
E 4235 0 -8 -25
E 4235 1 -5 -16
T 4236 22 0 3 0
E 4236 0 -4 -14
E 4236 4 5 17
E 4236 5 7 23
T 4237 22 0 3 0
E 4237 0 -5 -17
E 4237 4 4 14
E 4237 5 6 20
T 4238 22 0 3 0
E 4238 0 -6 -18
E 4238 4 4 14
E 4238 5 6 20
T 4239 20 0 2 0
E 4239 0 -7 -21
E 4239 5 6 18
T 4240 24 0 3 0
E 4240 0 -6 -18
E 4240 4 5 15
E 4240 5 7 21
T 4241 14 0 2 0
E 4241 0 -10 -30
E 4241 1 -6 -20
T 4242 25 0 3 0
E 4242 0 -6 -19
E 4242 4 5 15
E 4242 5 7 21
T 4243 14 0 2 0
E 4243 0 -10 -30
E 4243 1 -6 -20
T 4244 25 0 3 0
E 4244 0 -6 -19
E 4244 4 5 17
E 4244 5 7 23
T 4245 17 0 3 0
E 4245 0 -9 -27
E 4245 1 -6 -18
E 4245 5 5 15
T 4246 26 0 3 0
E 4246 0 -6 -18
E 4246 4 6 19
E 4246 5 8 25
T 4247 14 0 2 0
E 4247 0 -10 -31
E 4247 1 -7 -22
T 4248 36 0 3 0
E 4248 3 6 19
E 4248 4 9 28
E 4248 5 11 34
T 4249 7 0 4 0
E 4249 0 -14 -43
E 4249 1 -11 -33
E 4249 2 -7 -23
E 4249 3 -4 -14
T 4250 37 0 3 0
E 4250 3 7 21
E 4250 4 10 30
E 4250 5 12 37
T 4251 11 0 3 0
E 4251 0 -12 -36
E 4251 1 -8 -26
E 4251 2 -5 -17
T 4252 37 0 3 0
E 4252 3 6 18
E 4252 4 9 28
E 4252 5 12 36
T 4253 11 0 3 0
E 4253 0 -12 -38
E 4253 1 -9 -28
E 4253 2 -6 -19
T 4254 34 0 4 0
E 4254 0 -4 -14
E 4254 3 5 15
E 4254 4 8 25
E 4254 5 11 34
T 4255 15 0 4 0
E 4255 0 -11 -35
E 4255 1 -8 -26
E 4255 2 -5 -16
E 4255 5 4 13
T 4256 25 0 4 0
E 4256 0 -7 -23
E 4256 1 -4 -13
E 4256 4 5 16
E 4256 5 8 25
T 4257 20 0 3 0
E 4257 0 -8 -26
E 4257 1 -5 -17
E 4257 5 7 22
T 4258 28 0 3 0
E 4258 0 -7 -22
E 4258 4 5 16
E 4258 5 8 26
T 4259 19 0 3 0
E 4259 0 -9 -28
E 4259 1 -6 -18
E 4259 5 6 20
T 4260 28 0 3 0
E 4260 0 -7 -21
E 4260 4 5 17
E 4260 5 9 27
T 4261 15 0 4 0
E 4261 0 -11 -35
E 4261 1 -8 -25
E 4261 2 -5 -16
E 4261 5 4 13
T 4262 28 0 3 0
E 4262 0 -5 -16
E 4262 4 7 22
E 4262 5 10 32
T 4263 20 0 3 0
E 4263 0 -9 -29
E 4263 1 -6 -19
E 4263 5 6 19
T 4264 29 0 3 0
E 4264 0 -7 -21
E 4264 4 6 18
E 4264 5 9 27
T 4265 20 0 3 0
E 4265 0 -8 -26
E 4265 1 -5 -17
E 4265 5 7 22
T 4266 29 0 3 0
E 4266 0 -6 -18
E 4266 4 7 21
E 4266 5 10 30
T 4267 16 0 4 0
E 4267 0 -10 -32
E 4267 1 -7 -23
E 4267 2 -4 -13
E 4267 5 5 16
T 4268 28 0 3 0
E 4268 0 -6 -18
E 4268 4 6 20
E 4268 5 10 30
T 4269 15 0 4 0
E 4269 0 -11 -35
E 4269 1 -8 -25
E 4269 2 -5 -15
E 4269 5 4 13
T 4270 24 0 4 0
E 4270 0 -7 -22
E 4270 1 -4 -13
E 4270 4 5 16
E 4270 5 8 26
T 4271 20 0 3 0
E 4271 0 -9 -27
E 4271 1 -5 -17
E 4271 5 7 21
T 4272 29 0 3 0
E 4272 0 -5 -17
E 4272 4 7 21
E 4272 5 10 31
T 4273 11 0 3 0
E 4273 0 -12 -36
E 4273 1 -8 -26
E 4273 2 -5 -17
T 4274 38 0 3 0
E 4274 3 5 17
E 4274 4 9 27
E 4274 5 12 36
T 4275 14 0 4 0
E 4275 0 -11 -34
E 4275 1 -8 -25
E 4275 2 -5 -15
E 4275 5 4 14
T 4276 28 0 3 0
E 4276 0 -7 -22
E 4276 4 5 17
E 4276 5 8 26
T 4277 23 0 4 0
E 4277 0 -8 -25
E 4277 1 -5 -16
E 4277 4 4 13
E 4277 5 7 23
T 4278 20 0 3 0
E 4278 0 -10 -30
E 4278 1 -6 -20
E 4278 5 6 18
T 4279 20 0 3 0
E 4279 0 -9 -27
E 4279 1 -5 -17
E 4279 5 7 21
T 4280 24 0 4 0
E 4280 0 -7 -22
E 4280 1 -4 -13
E 4280 4 5 16
E 4280 5 8 26
T 4281 19 0 3 0
E 4281 0 -9 -28
E 4281 1 -6 -18
E 4281 5 6 20
T 4282 28 0 3 0
E 4282 0 -6 -19
E 4282 4 6 19
E 4282 5 9 29
T 4283 11 0 3 0
E 4283 0 -12 -36
E 4283 1 -8 -26
E 4283 2 -5 -17
T 4284 37 0 3 0
E 4284 3 6 19
E 4284 4 9 29
E 4284 5 12 38
T 4285 10 0 3 0
E 4285 0 -13 -39
E 4285 1 -10 -30
E 4285 2 -6 -20
T 4286 42 0 4 0
E 4286 2 4 13
E 4286 3 7 23
E 4286 4 11 33
E 4286 5 14 42
T 4287 3 0 4 0
E 4287 0 -16 -49
E 4287 1 -13 -40
E 4287 2 -10 -30
E 4287 3 -7 -21
T 4288 43 0 4 0
E 4288 2 6 19
E 4288 3 9 29
E 4288 4 12 38
E 4288 5 16 48
T 4289 5 0 4 0
E 4289 0 -15 -47
E 4289 1 -12 -37
E 4289 2 -9 -27
E 4289 3 -6 -18
T 4290 38 0 3 0
E 4290 3 7 21
E 4290 4 10 30
E 4290 5 13 40
T 4291 10 0 3 0
E 4291 0 -12 -37
E 4291 1 -9 -27
E 4291 2 -6 -18
T 4292 33 0 4 0
E 4292 0 -4 -14
E 4292 3 4 14
E 4292 4 8 24
E 4292 5 11 34
T 4293 11 0 3 0
E 4293 0 -13 -39
E 4293 1 -9 -29
E 4293 2 -6 -20
T 4294 38 0 3 0
E 4294 3 5 17
E 4294 4 9 27
E 4294 5 12 36
T 4295 6 0 4 0
E 4295 0 -14 -44
E 4295 1 -11 -35
E 4295 2 -8 -25
E 4295 3 -5 -15
T 4296 38 0 3 0
E 4296 3 6 20
E 4296 4 10 30
E 4296 5 13 39
T 4297 10 0 3 0
E 4297 0 -13 -40
E 4297 1 -10 -31
E 4297 2 -7 -21
T 4298 37 0 3 0
E 4298 3 6 20
E 4298 4 9 29
E 4298 5 13 39
T 4299 11 0 3 0
E 4299 0 -12 -36
E 4299 1 -8 -26
E 4299 2 -5 -16
T 4300 37 0 3 0
E 4300 3 6 19
E 4300 4 9 28
E 4300 5 12 38
T 4301 11 0 3 0
E 4301 0 -12 -36
E 4301 1 -8 -26
E 4301 2 -5 -17
T 4302 41 0 4 0
E 4302 2 4 13
E 4302 3 7 22
E 4302 4 10 32
E 4302 5 14 42
T 4303 11 0 3 0
E 4303 0 -13 -39
E 4303 1 -9 -29
E 4303 2 -6 -20
T 4304 33 0 4 0
E 4304 0 -4 -13
E 4304 3 5 16
E 4304 4 8 26
E 4304 5 11 35
T 4305 10 0 3 0
E 4305 0 -12 -37
E 4305 1 -9 -28
E 4305 2 -6 -18
T 4306 37 0 3 0
E 4306 3 7 22
E 4306 4 10 32
E 4306 5 13 41
T 4307 6 0 4 0
E 4307 0 -14 -42
E 4307 1 -11 -33
E 4307 2 -7 -23
E 4307 3 -4 -14
T 4308 37 0 3 0
E 4308 3 6 19
E 4308 4 9 28
E 4308 5 12 38
T 4309 11 0 3 0
E 4309 0 -12 -37
E 4309 1 -9 -27
E 4309 2 -5 -17
T 4310 37 0 3 0
E 4310 3 7 22
E 4310 4 10 31
E 4310 5 13 41
T 4311 11 0 3 0
E 4311 0 -12 -36
E 4311 1 -8 -26
E 4311 2 -5 -17
T 4312 37 0 3 0
E 4312 3 5 16
E 4312 4 8 26
E 4312 5 12 36
T 4313 6 0 4 0
E 4313 0 -15 -45
E 4313 1 -11 -35
E 4313 2 -8 -26
E 4313 3 -5 -16
T 4314 38 0 3 0
E 4314 3 6 20
E 4314 4 10 30
E 4314 5 13 39
T 4315 6 0 4 0
E 4315 0 -14 -43
E 4315 1 -11 -34
E 4315 2 -8 -24
E 4315 3 -4 -14
T 4316 37 0 3 0
E 4316 3 7 22
E 4316 4 10 32
E 4316 5 13 41
T 4317 15 0 4 0
E 4317 0 -11 -35
E 4317 1 -8 -26
E 4317 2 -5 -16
E 4317 5 4 13
T 4318 28 0 3 0
E 4318 0 -6 -18
E 4318 4 6 20
E 4318 5 10 30
T 4319 19 0 3 0
E 4319 0 -9 -28
E 4319 1 -6 -18
E 4319 5 6 20
T 4320 0 0 4 0
E 4320 0 11 33
E 4320 3 4 14
E 4320 4 7 23
E 4320 5 11 33
T 4321 36 0 4 0
E 4321 1 -15 -45
E 4321 2 -12 -36
E 4321 3 -8 -26
E 4321 4 -5 -16
T 4322 9 0 3 0
E 4322 0 12 38
E 4322 4 7 22
E 4322 5 10 32
T 4323 36 0 3 0
E 4323 1 -12 -38
E 4323 2 -9 -29
E 4323 3 -6 -19
T 4324 21 0 3 0
E 4324 0 11 34
E 4324 1 -5 -17
E 4324 5 7 21
T 4325 38 0 4 0
E 4325 0 6 18
E 4325 1 -12 -37
E 4325 2 -9 -27
E 4325 3 -5 -17
T 4326 14 0 4 0
E 4326 0 11 34
E 4326 1 8 25
E 4326 2 -4 -14
E 4326 5 5 15
T 4327 35 0 4 0
E 4327 0 5 16
E 4327 2 -11 -35
E 4327 3 -8 -26
E 4327 4 -5 -16
T 4328 17 0 4 0
E 4328 0 13 39
E 4328 1 10 30
E 4328 2 -5 -15
E 4328 5 4 14
T 4329 47 0 5 0
E 4329 0 4 13
E 4329 2 -14 -44
E 4329 3 -11 -35
E 4329 4 -8 -25
E 4329 5 -5 -16
T 4330 24 0 3 0
E 4330 0 14 44
E 4330 1 11 34
E 4330 2 -5 -17
T 4331 40 0 5 0
E 4331 0 8 24
E 4331 1 5 15
E 4331 2 -13 -40
E 4331 3 -10 -30
E 4331 4 -6 -20
T 4332 16 0 4 0
E 4332 0 14 42
E 4332 1 10 32
E 4332 2 7 23
E 4332 3 -5 -16
T 4333 43 0 4 0
E 4333 0 7 21
E 4333 3 -13 -39
E 4333 4 -10 -30
E 4333 5 -6 -20
T 4334 17 0 4 0
E 4334 0 15 45
E 4334 1 11 35
E 4334 2 8 26
E 4334 3 -6 -19
T 4335 45 0 5 0
E 4335 0 7 23
E 4335 1 4 13
E 4335 3 -14 -44
E 4335 4 -11 -35
E 4335 5 -8 -25
T 4336 26 0 5 0
E 4336 0 13 40
E 4336 1 10 31
E 4336 2 7 21
E 4336 3 -10 -30
E 4336 4 -6 -20
T 4337 48 0 5 0
E 4337 0 9 29
E 4337 1 6 19
E 4337 3 -15 -45
E 4337 4 -11 -35
E 4337 5 -8 -25
T 4338 8 0 5 0
E 4338 0 17 51
E 4338 1 14 42
E 4338 2 10 32
E 4338 3 7 23
E 4338 4 -5 -16
T 4339 48 0 4 0
E 4339 0 5 16
E 4339 3 -4 -13
E 4339 4 -18 -54
E 4339 5 -15 -45
T 4340 10 0 5 0
E 4340 0 17 53
E 4340 1 14 43
E 4340 2 11 33
E 4340 3 8 24
E 4340 4 -7 -21
T 4341 57 0 3 0
E 4341 3 -7 -22
E 4341 4 -23 -69
E 4341 5 -20 -60
T 4342 16 0 6 0
E 4342 0 18 54
E 4342 1 14 44
E 4342 2 11 35
E 4342 3 8 25
E 4342 4 -8 -26
E 4342 5 -5 -16
T 4343 48 0 4 0
E 4343 0 7 23
E 4343 1 4 14
E 4343 4 -20 -60
E 4343 5 -16 -50
T 4344 13 0 5 0
E 4344 0 16 50
E 4344 1 13 40
E 4344 2 10 31
E 4344 3 7 21
E 4344 5 -9 -27
T 4345 43 0 4 0
E 4345 0 5 16
E 4345 3 -4 -13
E 4345 4 -7 -23
E 4345 5 -21 -64
T 4346 17 0 5 0
E 4346 0 15 46
E 4346 1 12 37
E 4346 2 9 27
E 4346 3 5 17
E 4346 5 -12 -37
T 4347 41 0 3 0
E 4347 0 6 18
E 4347 4 -7 -21
E 4347 5 -22 -68
T 4348 17 0 5 0
E 4348 0 16 48
E 4348 1 13 39
E 4348 2 9 29
E 4348 3 6 20
E 4348 5 -13 -41
T 4349 43 0 3 0
E 4349 0 6 18
E 4349 4 -6 -20
E 4349 5 -25 -75
T 4350 6 0 4 0
E 4350 0 15 46
E 4350 1 12 36
E 4350 2 8 26
E 4350 3 5 17
T 4351 33 0 4 0
E 4351 0 4 13
E 4351 3 -5 -16
E 4351 4 -8 -25
E 4351 5 -11 -35
T 4352 20 0 3 0
E 4352 0 10 30
E 4352 1 6 20
E 4352 5 -6 -18
T 4353 19 0 3 0
E 4353 0 9 27
E 4353 1 6 18
E 4353 5 -7 -21
T 4354 20 0 3 0
E 4354 0 9 27
E 4354 1 5 17
E 4354 5 -7 -21
T 4355 23 0 4 0
E 4355 0 8 25
E 4355 1 5 15
E 4355 4 -4 -14
E 4355 5 -7 -23
T 4356 19 0 3 0
E 4356 0 9 27
E 4356 1 6 18
E 4356 5 -7 -21
T 4357 32 0 4 0
E 4357 0 5 16
E 4357 3 -4 -13
E 4357 4 -7 -23
E 4357 5 -10 -32
T 4358 16 0 4 0
E 4358 0 10 32
E 4358 1 7 23
E 4358 2 4 13
E 4358 5 -5 -16
T 4359 29 0 3 0
E 4359 0 6 20
E 4359 4 -6 -18
E 4359 5 -9 -28
T 4360 11 0 3 0
E 4360 0 12 37
E 4360 1 9 27
E 4360 2 5 17
T 4361 32 0 4 0
E 4361 0 5 16
E 4361 3 -4 -13
E 4361 4 -7 -22
E 4361 5 -10 -32
T 4362 20 0 3 0
E 4362 0 9 29
E 4362 1 6 19
E 4362 5 -6 -19
T 4363 23 0 4 0
E 4363 0 8 24
E 4363 1 5 15
E 4363 4 -4 -14
E 4363 5 -8 -24
T 4364 29 0 3 0
E 4364 0 6 20
E 4364 4 -6 -18
E 4364 5 -9 -28
T 4365 20 0 3 0
E 4365 0 9 27
E 4365 1 5 17
E 4365 5 -7 -21
T 4366 28 0 3 0
E 4366 0 6 18
E 4366 4 -6 -20
E 4366 5 -10 -30
T 4367 20 0 3 0
E 4367 0 9 29
E 4367 1 6 19
E 4367 5 -6 -19
T 4368 20 0 3 0
E 4368 0 8 26
E 4368 1 5 17
E 4368 5 -7 -22
T 4369 25 0 4 0
E 4369 0 7 23
E 4369 1 4 13
E 4369 4 -5 -15
E 4369 5 -8 -25
T 4370 20 0 3 0
E 4370 0 9 29
E 4370 1 6 19
E 4370 5 -6 -19
T 4371 28 0 3 0
E 4371 0 7 21
E 4371 4 -5 -17
E 4371 5 -9 -27
T 4372 20 0 3 0
E 4372 0 9 29
E 4372 1 6 19
E 4372 5 -6 -19
T 4373 23 0 4 0
E 4373 0 8 25
E 4373 1 5 16
E 4373 4 -4 -13
E 4373 5 -7 -23
T 4374 20 0 3 0
E 4374 0 9 27
E 4374 1 5 17
E 4374 5 -7 -21
T 4375 32 0 4 0
E 4375 0 5 16
E 4375 3 -4 -13
E 4375 4 -7 -23
E 4375 5 -10 -32
T 4376 19 0 3 0
E 4376 0 9 27
E 4376 1 6 18
E 4376 5 -7 -21
T 4377 29 0 3 0
E 4377 0 6 18
E 4377 4 -7 -21
E 4377 5 -10 -30
T 4378 23 0 4 0
E 4378 0 8 25
E 4378 1 5 16
E 4378 4 -4 -13
E 4378 5 -7 -23
T 4379 20 0 3 0
E 4379 0 9 27
E 4379 1 5 17
E 4379 5 -7 -21
T 4380 25 0 4 0
E 4380 0 7 23
E 4380 1 4 13
E 4380 4 -5 -16
E 4380 5 -8 -25
T 4381 19 0 3 0
E 4381 0 9 27
E 4381 1 6 18
E 4381 5 -7 -21
T 4382 29 0 3 0
E 4382 0 5 17
E 4382 4 -7 -22
E 4382 5 -10 -31
T 4383 20 0 3 0
E 4383 0 8 26
E 4383 1 5 17
E 4383 5 -7 -22
T 4384 20 0 3 0
E 4384 0 8 26
E 4384 1 5 16
E 4384 5 -7 -22
T 4385 20 0 3 0
E 4385 0 9 27
E 4385 1 5 17
E 4385 5 -7 -21
T 4386 32 0 4 0
E 4386 0 5 16
E 4386 3 -4 -13
E 4386 4 -7 -22
E 4386 5 -10 -32
T 4387 16 0 4 0
E 4387 0 11 33
E 4387 1 7 23
E 4387 2 4 14
E 4387 5 -5 -15
T 4388 28 0 3 0
E 4388 0 7 21
E 4388 4 -5 -17
E 4388 5 -9 -27
T 4389 16 0 4 0
E 4389 0 11 33
E 4389 1 7 23
E 4389 2 4 14
E 4389 5 -5 -15
T 4390 29 0 3 0
E 4390 0 5 17
E 4390 4 -7 -22
E 4390 5 -10 -31
T 4391 20 0 3 0
E 4391 0 9 29
E 4391 1 6 20
E 4391 5 -6 -19
T 4392 20 0 3 0
E 4392 0 9 27
E 4392 1 5 17
E 4392 5 -7 -21
T 4393 19 0 3 0
E 4393 0 9 27
E 4393 1 6 18
E 4393 5 -7 -21
T 4394 20 0 3 0
E 4394 0 9 27
E 4394 1 5 17
E 4394 5 -7 -21
T 4395 28 0 3 0
E 4395 0 7 22
E 4395 4 -5 -17
E 4395 5 -8 -26
T 4396 19 0 3 0
E 4396 0 10 30
E 4396 1 7 21
E 4396 5 -6 -18
T 4397 25 0 4 0
E 4397 0 7 23
E 4397 1 4 13
E 4397 4 -5 -16
E 4397 5 -8 -25
T 4398 23 0 4 0
E 4398 0 8 24
E 4398 1 5 15
E 4398 4 -4 -14
E 4398 5 -8 -24
T 4399 20 0 3 0
E 4399 0 8 26
E 4399 1 5 16
E 4399 5 -7 -22
T 4400 24 0 4 0
E 4400 0 8 26
E 4400 1 5 16
E 4400 4 -4 -13
E 4400 5 -7 -22
T 4401 19 0 3 0
E 4401 0 9 27
E 4401 1 6 18
E 4401 5 -7 -21
T 4402 29 0 3 0
E 4402 0 6 20
E 4402 4 -6 -19
E 4402 5 -9 -28
T 4403 10 0 3 0
E 4403 0 12 36
E 4403 1 9 27
E 4403 2 5 17
T 4404 34 0 4 0
E 4404 0 4 14
E 4404 3 -5 -15
E 4404 4 -8 -24
E 4404 5 -11 -34
T 4405 15 0 4 0
E 4405 0 11 34
E 4405 1 8 24
E 4405 2 4 14
E 4405 5 -4 -14
T 4406 28 0 3 0
E 4406 0 7 21
E 4406 4 -5 -17
E 4406 5 -9 -27
T 4407 23 0 4 0
E 4407 0 8 25
E 4407 1 5 15
E 4407 4 -4 -14
E 4407 5 -7 -23
T 4408 28 0 3 0
E 4408 0 6 18
E 4408 4 -6 -20
E 4408 5 -10 -30
T 4409 23 0 4 0
E 4409 0 8 25
E 4409 1 5 15
E 4409 4 -4 -13
E 4409 5 -7 -23
T 4410 28 0 3 0
E 4410 0 7 22
E 4410 4 -5 -17
E 4410 5 -8 -26
T 4411 15 0 4 0
E 4411 0 11 33
E 4411 1 8 24
E 4411 2 4 14
E 4411 5 -5 -15
T 4412 38 0 3 0
E 4412 3 -5 -17
E 4412 4 -9 -27
E 4412 5 -12 -36
T 4413 15 0 4 0
E 4413 0 11 35
E 4413 1 8 26
E 4413 2 5 16
E 4413 5 -4 -13
T 4414 33 0 4 0
E 4414 0 4 13
E 4414 3 -5 -16
E 4414 4 -8 -25
E 4414 5 -11 -35
T 4415 16 0 4 0
E 4415 0 11 33
E 4415 1 7 23
E 4415 2 4 13
E 4415 5 -5 -15
T 4416 25 0 4 0
E 4416 0 7 23
E 4416 1 4 14
E 4416 4 -5 -15
E 4416 5 -8 -25
T 4417 21 0 4 0
E 4417 0 7 22
E 4417 1 5 15
E 4417 4 -4 -14
E 4417 5 -7 -23
T 4418 25 0 3 0
E 4418 0 5 15
E 4418 4 -6 -18
E 4418 5 -9 -28
T 4419 14 0 3 0
E 4419 0 6 20
E 4419 1 6 18
E 4419 5 -6 -20
T 4420 18 0 4 0
E 4420 0 4 13
E 4420 1 4 14
E 4420 4 -5 -15
E 4420 5 -8 -24
T 4421 2 0 3 0
E 4421 0 7 23
E 4421 1 9 27
E 4421 2 5 17
T 4422 21 0 3 0
E 4422 3 -4 -13
E 4422 4 -7 -23
E 4422 5 -10 -32
T 4423 1 0 3 0
E 4423 0 6 19
E 4423 1 8 25
E 4423 2 6 18
T 4424 15 0 2 0
E 4424 4 -4 -14
E 4424 5 -8 -24
T 4425 2 0 3 0
E 4425 0 5 16
E 4425 1 7 22
E 4425 2 6 20
T 4426 8 0 1 0
E 4426 5 -7 -21
T 4427 1 0 2 0
E 4427 1 5 16
E 4427 2 6 20
T 4428 2 0 2 0
E 4428 2 5 15
E 4428 5 -4 -14
T 4429 1 1 2 0
E 4429 2 4 13
E 4429 5 -4 -13
T 4430 0 0 0 0
T 4431 3 0 1 0
E 4431 2 4 13
T 4432 5 0 1 0
E 4432 5 -5 -16
T 4433 5 0 0 0
T 4434 8 0 1 0
E 4434 3 5 15
T 4435 9 0 0 0
T 4436 9 0 0 0
T 4437 8 0 0 0
T 4438 13 0 2 0
E 4438 3 4 13
E 4438 4 4 14
T 4439 9 0 2 0
E 4439 0 -6 -19
E 4439 1 -4 -13
T 4440 12 0 0 0
T 4441 12 0 1 0
E 4441 0 -5 -17
T 4442 16 0 2 0
E 4442 4 5 17
E 4442 5 4 13
T 4443 10 0 1 0
E 4443 0 -5 -15
T 4444 19 0 2 0
E 4444 4 5 15
E 4444 5 5 16
T 4445 12 0 1 0
E 4445 0 -6 -18
T 4446 21 0 2 0
E 4446 4 4 13
E 4446 5 6 19
T 4447 12 0 1 0
E 4447 0 -6 -18
T 4448 14 0 2 0
E 4448 0 -4 -13
E 4448 5 5 17
T 4449 21 0 2 0
E 4449 4 5 15
E 4449 5 7 21
T 4450 8 0 3 0
E 4450 0 -8 -26
E 4450 1 -6 -20
E 4450 2 -4 -14
T 4451 15 1 2 0
E 4451 0 -5 -15
E 4451 5 5 15
T 4452 15 0 2 0
E 4452 0 -4 -14
E 4452 5 5 16
T 4453 20 0 2 0
E 4453 4 4 14
E 4453 5 6 20
T 4454 11 0 2 0
E 4454 0 -7 -23
E 4454 1 -5 -17
T 4455 12 0 1 0
E 4455 0 -6 -18
T 4456 19 0 2 0
E 4456 4 5 17
E 4456 5 7 23
T 4457 8 0 3 0
E 4457 0 -8 -26
E 4457 1 -6 -20
E 4457 2 -4 -14
T 4458 15 1 2 0
E 4458 0 -5 -15
E 4458 5 5 15
T 4459 15 0 2 0
E 4459 0 -4 -14
E 4459 5 5 16
T 4460 10 0 2 0
E 4460 0 -6 -20
E 4460 1 -4 -14
T 4461 15 0 2 0
E 4461 0 -5 -16
E 4461 5 4 14
T 4462 20 0 2 0
E 4462 4 4 14
E 4462 5 6 20
T 4463 8 0 3 0
E 4463 0 -8 -26
E 4463 1 -6 -20
E 4463 2 -4 -14
T 4464 20 0 2 0
E 4464 4 4 14
E 4464 5 6 20
T 4465 6 0 3 0
E 4465 0 -9 -27
E 4465 1 -7 -21
E 4465 2 -5 -15
T 4466 21 0 2 0
E 4466 4 5 16
E 4466 5 7 22
T 4467 10 0 2 0
E 4467 0 -7 -22
E 4467 1 -5 -15
T 4468 16 0 2 0
E 4468 0 -4 -14
E 4468 5 6 18
T 4469 18 0 2 0
E 4469 0 -6 -20
E 4469 5 4 13
T 4470 19 0 3 0
E 4470 0 -4 -13
E 4470 4 4 14
E 4470 5 6 20
T 4471 12 0 2 0
E 4471 0 -8 -25
E 4471 1 -5 -15
T 4472 20 0 3 0
E 4472 0 -4 -14
E 4472 4 4 14
E 4472 5 6 20
T 4473 21 0 3 0
E 4473 0 -5 -16
E 4473 4 4 13
E 4473 5 6 19
T 4474 13 0 2 0
E 4474 0 -9 -28
E 4474 1 -6 -18
T 4475 26 0 2 0
E 4475 4 6 18
E 4475 5 8 24
T 4476 16 0 3 0
E 4476 0 -8 -24
E 4476 1 -4 -14
E 4476 5 4 13
T 4477 23 0 3 0
E 4477 0 -5 -16
E 4477 4 5 15
E 4477 5 7 21
T 4478 17 0 3 0
E 4478 0 -7 -23
E 4478 1 -4 -13
E 4478 5 5 15
T 4479 27 0 4 0
E 4479 0 -4 -13
E 4479 3 4 14
E 4479 4 6 20
E 4479 5 8 26
T 4480 13 0 2 0
E 4480 0 -10 -30
E 4480 1 -7 -21
T 4481 33 0 3 0
E 4481 3 6 19
E 4481 4 8 25
E 4481 5 10 31
T 4482 11 0 3 0
E 4482 0 -10 -32
E 4482 1 -7 -23
E 4482 2 -4 -13
T 4483 35 0 3 0
E 4483 3 6 18
E 4483 4 8 24
E 4483 5 10 30
T 4484 11 0 3 0
E 4484 0 -12 -38
E 4484 1 -9 -28
E 4484 2 -6 -18
T 4485 29 0 4 0
E 4485 0 -5 -16
E 4485 3 4 13
E 4485 4 6 20
E 4485 5 8 26
T 4486 11 0 3 0
E 4486 0 -12 -36
E 4486 1 -8 -26
E 4486 2 -5 -17
T 4487 34 0 3 0
E 4487 3 5 17
E 4487 4 8 26
E 4487 5 10 32
T 4488 18 0 3 0
E 4488 0 -10 -31
E 4488 1 -7 -21
E 4488 5 4 13
T 4489 23 0 4 0
E 4489 0 -8 -26
E 4489 1 -5 -16
E 4489 4 4 13
E 4489 5 6 19
T 4490 28 0 3 0
E 4490 0 -6 -20
E 4490 4 6 18
E 4490 5 8 25
T 4491 24 1 4 0
E 4491 0 -8 -24
E 4491 1 -4 -14
E 4491 4 5 15
E 4491 5 7 22
T 4492 24 0 4 0
E 4492 0 -7 -22
E 4492 1 -4 -13
E 4492 4 5 16
E 4492 5 8 24
T 4493 25 0 4 0
E 4493 0 -7 -23
E 4493 1 -4 -13
E 4493 4 5 15
E 4493 5 8 24
T 4494 20 0 3 0
E 4494 0 -9 -27
E 4494 1 -5 -17
E 4494 5 7 21
T 4495 19 0 3 0
E 4495 0 -9 -27
E 4495 1 -6 -18
E 4495 5 7 21
T 4496 29 0 3 0
E 4496 0 -6 -20
E 4496 4 6 19
E 4496 5 9 28
T 4497 15 0 4 0
E 4497 0 -11 -33
E 4497 1 -8 -24
E 4497 2 -4 -14
E 4497 5 5 15
T 4498 28 0 3 0
E 4498 0 -6 -18
E 4498 4 6 20
E 4498 5 10 30
T 4499 25 0 4 0
E 4499 0 -8 -24
E 4499 1 -4 -14
E 4499 4 5 15
E 4499 5 8 24
T 4500 23 0 4 0
E 4500 0 -8 -24
E 4500 1 -5 -15
E 4500 4 4 14
E 4500 5 8 24
T 4501 29 0 3 0
E 4501 0 -6 -20
E 4501 4 6 19
E 4501 5 9 28
T 4502 14 0 4 0
E 4502 0 -11 -34
E 4502 1 -8 -25
E 4502 2 -5 -15
E 4502 5 4 14
T 4503 37 0 3 0
E 4503 3 5 17
E 4503 4 8 26
E 4503 5 12 36
T 4504 11 0 3 0
E 4504 0 -12 -36
E 4504 1 -8 -26
E 4504 2 -5 -16
T 4505 29 0 3 0
E 4505 0 -5 -17
E 4505 4 7 21
E 4505 5 10 31
T 4506 16 0 4 0
E 4506 0 -10 -32
E 4506 1 -7 -22
E 4506 2 -4 -13
E 4506 5 5 16
T 4507 37 0 3 0
E 4507 3 5 17
E 4507 4 9 27
E 4507 5 12 37
T 4508 14 0 4 0
E 4508 0 -11 -34
E 4508 1 -8 -24
E 4508 2 -5 -15
E 4508 5 4 14
T 4509 29 0 3 0
E 4509 0 -7 -21
E 4509 4 6 18
E 4509 5 9 27
T 4510 15 0 4 0
E 4510 0 -11 -35
E 4510 1 -8 -26
E 4510 2 -5 -16
E 4510 5 4 13
T 4511 32 0 4 0
E 4511 0 -5 -16
E 4511 3 4 13
E 4511 4 7 23
E 4511 5 10 32
T 4512 15 0 4 0
E 4512 0 -11 -35
E 4512 1 -8 -26
E 4512 2 -5 -16
E 4512 5 4 13
T 4513 29 0 3 0
E 4513 0 -6 -20
E 4513 4 6 18
E 4513 5 9 28
T 4514 11 0 3 0
E 4514 0 -12 -37
E 4514 1 -9 -27
E 4514 2 -5 -17
T 4515 38 0 3 0
E 4515 3 6 18
E 4515 4 9 27
E 4515 5 12 37
T 4516 15 0 4 0
E 4516 0 -11 -35
E 4516 1 -8 -25
E 4516 2 -5 -16
E 4516 5 4 13
T 4517 32 0 4 0
E 4517 0 -5 -15
E 4517 3 4 13
E 4517 4 7 23
E 4517 5 11 33
T 4518 11 0 3 0
E 4518 0 -12 -38
E 4518 1 -9 -28
E 4518 2 -6 -19
T 4519 38 0 3 0
E 4519 3 6 20
E 4519 4 10 30
E 4519 5 13 39
T 4520 11 0 3 0
E 4520 0 -12 -38
E 4520 1 -9 -29
E 4520 2 -6 -19
T 4521 29 0 3 0
E 4521 0 -6 -18
E 4521 4 7 21
E 4521 5 10 30
T 4522 20 0 3 0
E 4522 0 -8 -26
E 4522 1 -5 -17
E 4522 5 7 22
T 4523 29 0 3 0
E 4523 0 -5 -17
E 4523 4 7 21
E 4523 5 10 31
T 4524 20 0 3 0
E 4524 0 -10 -30
E 4524 1 -6 -20
E 4524 5 6 18
T 4525 32 0 4 0
E 4525 0 -5 -16
E 4525 3 4 13
E 4525 4 7 22
E 4525 5 10 32
T 4526 14 0 4 0
E 4526 0 -11 -34
E 4526 1 -8 -24
E 4526 2 -5 -15
E 4526 5 4 14
T 4527 33 0 4 0
E 4527 0 -4 -14
E 4527 3 4 14
E 4527 4 8 24
E 4527 5 11 34
T 4528 11 0 3 0
E 4528 0 -12 -36
E 4528 1 -8 -26
E 4528 2 -5 -17
T 4529 37 0 3 0
E 4529 3 6 19
E 4529 4 9 29
E 4529 5 12 38
T 4530 10 0 3 0
E 4530 0 -12 -37
E 4530 1 -9 -28
E 4530 2 -6 -18
T 4531 29 0 3 0
E 4531 0 -5 -17
E 4531 4 7 22
E 4531 5 10 31
T 4532 19 0 3 0
E 4532 0 -10 -31
E 4532 1 -7 -22
E 4532 5 5 17
T 4533 23 0 4 0
E 4533 0 -8 -25
E 4533 1 -5 -15
E 4533 4 4 13
E 4533 5 7 23
T 4534 20 0 3 0
E 4534 0 -9 -27
E 4534 1 -5 -17
E 4534 5 7 21
T 4535 25 0 4 0
E 4535 0 -7 -23
E 4535 1 -4 -14
E 4535 4 5 15
E 4535 5 8 25
T 4536 16 0 4 0
E 4536 0 -10 -32
E 4536 1 -7 -22
E 4536 2 -4 -13
E 4536 5 5 16
T 4537 37 0 3 0
E 4537 3 5 16
E 4537 4 8 26
E 4537 5 12 36
T 4538 6 0 4 0
E 4538 0 -14 -44
E 4538 1 -11 -34
E 4538 2 -8 -25
E 4538 3 -5 -15
T 4539 43 0 4 0
E 4539 2 5 17
E 4539 3 8 26
E 4539 4 12 36
E 4539 5 15 45
T 4540 11 0 3 0
E 4540 0 -13 -41
E 4540 1 -10 -32
E 4540 2 -7 -22
T 4541 29 0 3 0
E 4541 0 -5 -17
E 4541 4 7 22
E 4541 5 10 31
T 4542 15 0 4 0
E 4542 0 -11 -35
E 4542 1 -8 -26
E 4542 2 -5 -16
E 4542 5 4 13
T 4543 25 0 4 0
E 4543 0 -7 -23
E 4543 1 -4 -13
E 4543 4 5 15
E 4543 5 8 25
T 4544 25 0 4 0
E 4544 0 -7 -23
E 4544 1 -4 -13
E 4544 4 5 16
E 4544 5 8 25
T 4545 19 0 3 0
E 4545 0 -10 -30
E 4545 1 -7 -21
E 4545 5 6 18
T 4546 28 0 3 0
E 4546 0 -6 -19
E 4546 4 6 20
E 4546 5 9 29
T 4547 15 0 4 0
E 4547 0 -11 -35
E 4547 1 -8 -26
E 4547 2 -5 -16
E 4547 5 4 13
T 4548 28 0 3 0
E 4548 0 -7 -22
E 4548 4 5 16
E 4548 5 8 26
T 4549 15 0 4 0
E 4549 0 -11 -34
E 4549 1 -8 -24
E 4549 2 -4 -14
E 4549 5 4 14
T 4550 37 0 3 0
E 4550 3 6 19
E 4550 4 9 28
E 4550 5 12 38
T 4551 6 0 4 0
E 4551 0 -15 -45
E 4551 1 -11 -35
E 4551 2 -8 -26
E 4551 3 -5 -16
T 4552 42 0 4 0
E 4552 2 5 15
E 4552 3 8 24
E 4552 4 11 34
E 4552 5 14 44
T 4553 11 0 3 0
E 4553 0 -12 -38
E 4553 1 -9 -28
E 4553 2 -6 -19
T 4554 33 0 4 0
E 4554 0 -4 -13
E 4554 3 5 16
E 4554 4 8 26
E 4554 5 11 35
T 4555 11 0 3 0
E 4555 0 -12 -38
E 4555 1 -9 -29
E 4555 2 -6 -19
T 4556 33 0 4 0
E 4556 0 -5 -15
E 4556 3 4 14
E 4556 4 8 24
E 4556 5 11 33
T 4557 15 0 4 0
E 4557 0 -11 -33
E 4557 1 -8 -24
E 4557 2 -4 -14
E 4557 5 5 15
T 4558 37 0 3 0
E 4558 3 5 17
E 4558 4 8 26
E 4558 5 12 36
T 4559 11 0 3 0
E 4559 0 -13 -39
E 4559 1 -9 -29
E 4559 2 -6 -19
T 4560 1 0 4 0
E 4560 0 12 36
E 4560 3 5 17
E 4560 4 8 26
E 4560 5 12 36
T 4561 35 0 4 0
E 4561 1 -14 -44
E 4561 2 -11 -35
E 4561 3 -8 -25
E 4561 4 -5 -15
T 4562 13 0 4 0
E 4562 0 10 32
E 4562 1 -4 -13
E 4562 4 5 16
E 4562 5 8 26
T 4563 37 0 3 0
E 4563 1 -12 -37
E 4563 2 -9 -28
E 4563 3 -6 -18
T 4564 12 0 3 0
E 4564 0 13 40
E 4564 4 6 18
E 4564 5 9 27
T 4565 38 0 4 0
E 4565 0 6 18
E 4565 1 -12 -37
E 4565 2 -9 -27
E 4565 3 -5 -17
T 4566 10 0 3 0
E 4566 0 13 40
E 4566 1 10 31
E 4566 5 7 21
T 4567 45 0 4 0
E 4567 2 -14 -44
E 4567 3 -11 -35
E 4567 4 -8 -25
E 4567 5 -5 -15
T 4568 17 0 4 0
E 4568 0 13 41
E 4568 1 10 32
E 4568 2 -4 -13
E 4568 5 5 16
T 4569 41 0 4 0
E 4569 0 6 20
E 4569 2 -12 -37
E 4569 3 -9 -28
E 4569 4 -6 -18
T 4570 19 0 4 0
E 4570 0 16 48
E 4570 1 12 38
E 4570 2 -4 -13
E 4570 5 5 16
T 4571 52 0 5 0
E 4571 0 6 19
E 4571 2 -15 -45
E 4571 3 -11 -35
E 4571 4 -8 -25
E 4571 5 -5 -16
T 4572 6 0 4 0
E 4572 0 17 53
E 4572 1 14 43
E 4572 2 11 34
E 4572 5 5 15
T 4573 55 0 4 0
E 4573 2 -6 -18
E 4573 3 -19 -59
E 4573 4 -16 -50
E 4573 5 -13 -40
T 4574 11 0 3 0
E 4574 0 17 53
E 4574 1 14 43
E 4574 2 11 34
T 4575 52 0 4 0
E 4575 0 5 15
E 4575 3 -17 -52
E 4575 4 -14 -43
E 4575 5 -11 -33
T 4576 16 0 4 0
E 4576 0 17 53
E 4576 1 14 44
E 4576 2 11 34
E 4576 3 -5 -17
T 4577 59 0 4 0
E 4577 0 4 13
E 4577 3 -20 -61
E 4577 4 -17 -51
E 4577 5 -13 -41
T 4578 2 0 4 0
E 4578 0 18 56
E 4578 1 15 47
E 4578 2 12 37
E 4578 3 9 28
T 4579 57 0 4 0
E 4579 2 -5 -16
E 4579 3 -8 -26
E 4579 4 -22 -67
E 4579 5 -19 -58
T 4580 7 0 5 0
E 4580 0 19 58
E 4580 1 16 48
E 4580 2 12 38
E 4580 3 9 29
E 4580 4 -5 -16
T 4581 56 0 3 0
E 4581 3 -6 -20
E 4581 4 -22 -67
E 4581 5 -19 -58
T 4582 18 0 6 0
E 4582 0 17 52
E 4582 1 14 42
E 4582 2 11 33
E 4582 3 7 23
E 4582 4 -9 -28
E 4582 5 -6 -18
T 4583 52 0 3 0
E 4583 0 6 20
E 4583 4 -21 -63
E 4583 5 -17 -53
T 4584 1 0 6 0
E 4584 0 19 58
E 4584 1 16 48
E 4584 2 13 39
E 4584 3 9 29
E 4584 4 6 20
E 4584 5 -6 -19
T 4585 52 0 4 0
E 4585 2 -4 -13
E 4585 3 -7 -22
E 4585 4 -10 -32
E 4585 5 -24 -73
T 4586 15 0 5 0
E 4586 0 16 50
E 4586 1 13 41
E 4586 2 10 31
E 4586 3 7 21
E 4586 5 -11 -33
T 4587 38 0 4 0
E 4587 0 7 23
E 4587 1 4 13
E 4587 4 -5 -16
E 4587 5 -21 -63
T 4588 29 0 4 0
E 4588 0 11 35
E 4588 1 8 26
E 4588 2 5 16
E 4588 5 -18 -54
T 4589 34 0 3 0
E 4589 0 9 28
E 4589 1 6 18
E 4589 5 -21 -65
T 4590 20 0 3 0
E 4590 0 10 32
E 4590 1 7 22
E 4590 5 -5 -16
T 4591 28 0 3 0
E 4591 0 6 19
E 4591 4 -6 -19
E 4591 5 -9 -29
T 4592 23 0 4 0
E 4592 0 8 25
E 4592 1 5 15
E 4592 4 -4 -14
E 4592 5 -7 -23
T 4593 28 0 3 0
E 4593 0 6 19
E 4593 4 -6 -19
E 4593 5 -9 -29
T 4594 16 0 4 0
E 4594 0 11 33
E 4594 1 7 23
E 4594 2 4 14
E 4594 5 -5 -15
T 4595 33 0 4 0
E 4595 0 5 15
E 4595 3 -4 -14
E 4595 4 -8 -24
E 4595 5 -11 -33
T 4596 19 0 3 0
E 4596 0 10 31
E 4596 1 7 22
E 4596 5 -5 -17
T 4597 29 0 3 0
E 4597 0 6 18
E 4597 4 -7 -21
E 4597 5 -10 -30
T 4598 15 0 4 0
E 4598 0 11 35
E 4598 1 8 26
E 4598 2 5 16
E 4598 5 -4 -13
T 4599 33 0 4 0
E 4599 0 4 13
E 4599 3 -5 -16
E 4599 4 -8 -25
E 4599 5 -11 -35
T 4600 11 0 3 0
E 4600 0 12 37
E 4600 1 9 27
E 4600 2 5 17
T 4601 41 0 4 0
E 4601 2 -4 -13
E 4601 3 -7 -23
E 4601 4 -10 -32
E 4601 5 -14 -42
T 4602 11 0 3 0
E 4602 0 12 38
E 4602 1 9 28
E 4602 2 6 19
T 4603 28 0 3 0
E 4603 0 6 18
E 4603 4 -6 -20
E 4603 5 -10 -30
T 4604 20 0 3 0
E 4604 0 8 26
E 4604 1 5 16
E 4604 5 -7 -22
T 4605 20 0 3 0
E 4605 0 9 27
E 4605 1 5 17
E 4605 5 -7 -21
T 4606 29 0 3 0
E 4606 0 6 20
E 4606 4 -6 -18
E 4606 5 -9 -28
T 4607 20 0 3 0
E 4607 0 9 29
E 4607 1 6 19
E 4607 5 -6 -19
T 4608 19 0 3 0
E 4608 0 9 27
E 4608 1 6 18
E 4608 5 -7 -21
T 4609 23 0 4 0
E 4609 0 8 25
E 4609 1 5 15
E 4609 4 -4 -13
E 4609 5 -7 -23
T 4610 28 0 3 0
E 4610 0 7 22
E 4610 4 -5 -17
E 4610 5 -8 -26
T 4611 19 0 3 0
E 4611 0 9 27
E 4611 1 6 18
E 4611 5 -7 -21
T 4612 29 0 3 0
E 4612 0 6 18
E 4612 4 -7 -21
E 4612 5 -10 -30
T 4613 20 0 3 0
E 4613 0 9 29
E 4613 1 6 20
E 4613 5 -6 -19
T 4614 24 1 4 0
E 4614 0 8 24
E 4614 1 4 14
E 4614 4 -4 -14
E 4614 5 -8 -24
T 4615 29 0 3 0
E 4615 0 7 21
E 4615 4 -6 -18
E 4615 5 -9 -27
T 4616 19 0 3 0
E 4616 0 9 27
E 4616 1 6 18
E 4616 5 -7 -21
T 4617 23 0 4 0
E 4617 0 8 25
E 4617 1 5 15
E 4617 4 -4 -14
E 4617 5 -7 -23
T 4618 20 0 3 0
E 4618 0 9 29
E 4618 1 6 20
E 4618 5 -6 -19
T 4619 20 0 3 0
E 4619 0 8 26
E 4619 1 5 16
E 4619 5 -7 -22
T 4620 24 0 4 0
E 4620 0 8 26
E 4620 1 5 16
E 4620 4 -4 -13
E 4620 5 -7 -22
T 4621 24 0 4 0
E 4621 0 7 22
E 4621 1 4 13
E 4621 4 -5 -16
E 4621 5 -8 -26
T 4622 24 0 4 0
E 4622 0 8 26
E 4622 1 5 16
E 4622 4 -4 -13
E 4622 5 -7 -22
T 4623 20 0 3 0
E 4623 0 8 26
E 4623 1 5 17
E 4623 5 -7 -22
T 4624 23 0 4 0
E 4624 0 8 25
E 4624 1 5 15
E 4624 4 -4 -13
E 4624 5 -7 -23
T 4625 24 0 4 0
E 4625 0 8 26
E 4625 1 5 16
E 4625 4 -4 -13
E 4625 5 -7 -22
T 4626 20 0 3 0
E 4626 0 9 29
E 4626 1 6 20
E 4626 5 -6 -19
T 4627 29 0 3 0
E 4627 0 5 17
E 4627 4 -7 -22
E 4627 5 -10 -31
T 4628 19 0 3 0
E 4628 0 9 28
E 4628 1 6 19
E 4628 5 -6 -20
T 4629 29 0 3 0
E 4629 0 6 20
E 4629 4 -6 -18
E 4629 5 -9 -28
T 4630 24 0 4 0
E 4630 0 8 26
E 4630 1 5 16
E 4630 4 -4 -13
E 4630 5 -7 -22
T 4631 20 0 3 0
E 4631 0 8 26
E 4631 1 5 17
E 4631 5 -7 -22
T 4632 28 0 3 0
E 4632 0 7 22
E 4632 4 -5 -17
E 4632 5 -8 -26
T 4633 25 0 4 0
E 4633 0 7 23
E 4633 1 4 14
E 4633 4 -5 -15
E 4633 5 -8 -25
T 4634 16 0 4 0
E 4634 0 11 33
E 4634 1 7 23
E 4634 2 4 14
E 4634 5 -5 -15
T 4635 29 0 3 0
E 4635 0 6 18
E 4635 4 -7 -21
E 4635 5 -10 -30
T 4636 20 0 3 0
E 4636 0 8 26
E 4636 1 5 17
E 4636 5 -7 -22
T 4637 23 0 4 0
E 4637 0 8 25
E 4637 1 5 15
E 4637 4 -4 -14
E 4637 5 -7 -23
T 4638 28 0 3 0
E 4638 0 6 18
E 4638 4 -6 -20
E 4638 5 -10 -30
T 4639 11 0 3 0
E 4639 0 12 36
E 4639 1 8 26
E 4639 2 5 17
T 4640 41 0 4 0
E 4640 2 -4 -13
E 4640 3 -7 -22
E 4640 4 -10 -32
E 4640 5 -13 -41
T 4641 11 0 3 0
E 4641 0 13 41
E 4641 1 10 32
E 4641 2 7 22
T 4642 38 0 3 0
E 4642 3 -5 -17
E 4642 4 -9 -27
E 4642 5 -12 -36
T 4643 6 0 4 0
E 4643 0 14 42
E 4643 1 11 33
E 4643 2 7 23
E 4643 3 4 14
T 4644 33 0 4 0
E 4644 0 4 13
E 4644 3 -5 -16
E 4644 4 -8 -25
E 4644 5 -11 -35
T 4645 11 0 3 0
E 4645 0 12 38
E 4645 1 9 28
E 4645 2 6 18
T 4646 29 0 3 0
E 4646 0 5 17
E 4646 4 -7 -21
E 4646 5 -10 -31
T 4647 10 0 3 0
E 4647 0 12 37
E 4647 1 9 27
E 4647 2 6 18
T 4648 32 0 4 0
E 4648 0 5 15
E 4648 3 -4 -13
E 4648 4 -7 -23
E 4648 5 -11 -33
T 4649 11 0 3 0
E 4649 0 12 38
E 4649 1 9 28
E 4649 2 6 19
T 4650 29 0 3 0
E 4650 0 6 18
E 4650 4 -7 -21
E 4650 5 -10 -30
T 4651 23 0 4 0
E 4651 0 8 24
E 4651 1 5 15
E 4651 4 -4 -14
E 4651 5 -8 -24
T 4652 28 0 3 0
E 4652 0 7 22
E 4652 4 -5 -17
E 4652 5 -8 -26
T 4653 19 0 3 0
E 4653 0 10 31
E 4653 1 7 22
E 4653 5 -5 -17
T 4654 29 0 3 0
E 4654 0 5 17
E 4654 4 -7 -21
E 4654 5 -10 -31
T 4655 20 0 3 0
E 4655 0 10 32
E 4655 1 7 22
E 4655 5 -5 -16
T 4656 23 0 4 0
E 4656 0 8 24
E 4656 1 5 15
E 4656 4 -4 -14
E 4656 5 -8 -24
T 4657 21 0 4 0
E 4657 0 7 22
E 4657 1 5 15
E 4657 4 -4 -14
E 4657 5 -7 -23
T 4658 16 0 3 0
E 4658 0 7 22
E 4658 1 6 18
E 4658 5 -7 -21
T 4659 18 0 4 0
E 4659 0 5 17
E 4659 1 5 15
E 4659 4 -4 -13
E 4659 5 -7 -23
T 4660 18 0 4 0
E 4660 0 4 13
E 4660 1 4 14
E 4660 4 -5 -15
E 4660 5 -8 -24
T 4661 11 0 3 0
E 4661 0 5 16
E 4661 1 6 20
E 4661 5 -6 -19
T 4662 15 0 3 0
E 4662 1 5 15
E 4662 4 -4 -14
E 4662 5 -7 -23
T 4663 1 0 3 0
E 4663 0 6 19
E 4663 1 8 25
E 4663 2 6 18
T 4664 13 0 2 0
E 4664 4 -6 -19
E 4664 5 -9 -29
T 4665 12 0 1 0
E 4665 5 -6 -18
T 4666 3 0 3 0
E 4666 1 5 15
E 4666 2 5 16
E 4666 5 -4 -13
T 4667 2 0 2 0
E 4667 1 4 14
E 4667 2 6 18
T 4668 5 0 1 0
E 4668 5 -5 -17
T 4669 0 0 1 0
E 4669 2 5 17
T 4670 0 0 0 0
T 4671 0 0 1 0
E 4671 5 -4 -13
T 4672 3 0 0 0
T 4673 6 0 0 0
T 4674 8 0 0 0
T 4675 9 0 1 0
E 4675 0 -4 -13
T 4676 10 0 0 0
T 4677 11 0 1 0
E 4677 0 -5 -16
T 4678 10 0 1 0
E 4678 4 4 13
T 4679 12 0 1 0
E 4679 0 -5 -17
T 4680 11 0 1 0
E 4680 0 -5 -16
T 4681 14 0 1 0
E 4681 4 5 15
T 4682 9 0 2 0
E 4682 0 -7 -21
E 4682 1 -5 -15
T 4683 10 0 1 0
E 4683 0 -5 -15
T 4684 19 0 2 0
E 4684 4 5 15
E 4684 5 5 16
T 4685 11 0 1 0
E 4685 0 -5 -16
T 4686 20 0 2 0
E 4686 4 6 18
E 4686 5 8 24
T 4687 11 0 2 0
E 4687 0 -7 -23
E 4687 1 -5 -17
T 4688 20 0 2 0
E 4688 4 6 18
E 4688 5 8 24
T 4689 15 1 2 0
E 4689 0 -5 -15
E 4689 5 5 15
T 4690 10 0 2 0
E 4690 0 -6 -20
E 4690 1 -4 -14
T 4691 16 0 2 0
E 4691 0 -5 -17
E 4691 5 4 13
T 4692 15 0 2 0
E 4692 0 -4 -14
E 4692 5 5 16
T 4693 10 0 2 0
E 4693 0 -7 -22
E 4693 1 -5 -16
T 4694 15 0 2 0
E 4694 0 -4 -14
E 4694 5 5 16
T 4695 15 0 2 0
E 4695 0 -4 -14
E 4695 5 5 16
T 4696 18 0 1 0
E 4696 5 6 18
T 4697 15 0 2 0
E 4697 0 -5 -16
E 4697 5 4 14
T 4698 14 0 2 0
E 4698 0 -4 -13
E 4698 5 5 17
T 4699 20 0 2 0
E 4699 4 4 14
E 4699 5 6 20
T 4700 9 0 2 0
E 4700 0 -7 -21
E 4700 1 -5 -15
T 4701 21 0 2 0
E 4701 4 5 15
E 4701 5 7 21
T 4702 9 0 2 0
E 4702 0 -7 -21
E 4702 1 -5 -15
T 4703 20 0 2 0
E 4703 4 4 14
E 4703 5 6 20
T 4704 15 1 2 0
E 4704 0 -5 -15
E 4704 5 5 15
T 4705 10 0 2 0
E 4705 0 -6 -20
E 4705 1 -4 -14
T 4706 24 0 3 0
E 4706 3 4 13
E 4706 4 6 19
E 4706 5 8 25
T 4707 7 0 3 0
E 4707 0 -10 -31
E 4707 1 -8 -24
E 4707 2 -6 -18
T 4708 15 1 2 0
E 4708 0 -5 -15
E 4708 5 5 17
T 4709 12 0 2 0
E 4709 0 -7 -23
E 4709 1 -4 -14
T 4710 25 0 3 0
E 4710 3 4 14
E 4710 4 6 20
E 4710 5 8 26
T 4711 10 0 3 0
E 4711 0 -9 -29
E 4711 1 -6 -19
E 4711 2 -4 -13
T 4712 17 0 2 0
E 4712 0 -5 -16
E 4712 5 6 18
T 4713 21 0 3 0
E 4713 0 -5 -16
E 4713 4 4 13
E 4713 5 6 19
T 4714 12 0 2 0
E 4714 0 -8 -25
E 4714 1 -5 -15
T 4715 18 0 2 0
E 4715 0 -6 -19
E 4715 5 5 17
T 4716 16 0 3 0
E 4716 0 -7 -23
E 4716 1 -4 -13
E 4716 5 4 14
T 4717 23 0 3 0
E 4717 0 -4 -13
E 4717 4 6 18
E 4717 5 8 24
T 4718 20 1 2 0
E 4718 0 -6 -20
E 4718 5 6 18
T 4719 24 0 3 0
E 4719 0 -6 -18
E 4719 4 5 15
E 4719 5 7 21
T 4720 24 0 3 0
E 4720 0 -6 -20
E 4720 4 4 13
E 4720 5 6 19
T 4721 14 0 2 0
E 4721 0 -9 -29
E 4721 1 -6 -19
T 4722 34 0 3 0
E 4722 3 6 18
E 4722 4 8 24
E 4722 5 10 30
T 4723 11 0 3 0
E 4723 0 -11 -33
E 4723 1 -7 -23
E 4723 2 -4 -14
T 4724 34 0 3 0
E 4724 3 6 19
E 4724 4 8 26
E 4724 5 10 32
T 4725 11 0 3 0
E 4725 0 -13 -41
E 4725 1 -10 -32
E 4725 2 -7 -22
T 4726 35 0 3 0
E 4726 3 6 18
E 4726 4 8 26
E 4726 5 10 32
T 4727 10 0 3 0
E 4727 0 -13 -40
E 4727 1 -10 -31
E 4727 2 -7 -21
T 4728 31 0 4 0
E 4728 0 -5 -16
E 4728 3 4 13
E 4728 4 7 22
E 4728 5 9 28
T 4729 11 0 3 0
E 4729 0 -13 -39
E 4729 1 -9 -29
E 4729 2 -6 -19
T 4730 33 0 4 0
E 4730 0 -4 -14
E 4730 3 5 15
E 4730 4 8 24
E 4730 5 10 31
T 4731 11 0 3 0
E 4731 0 -13 -39
E 4731 1 -9 -29
E 4731 2 -6 -20
T 4732 31 0 4 0
E 4732 0 -5 -15
E 4732 3 4 13
E 4732 4 7 23
E 4732 5 10 31
T 4733 19 0 3 0
E 4733 0 -10 -31
E 4733 1 -7 -21
E 4733 5 5 16
T 4734 28 0 3 0
E 4734 0 -7 -22
E 4734 4 5 17
E 4734 5 8 26
T 4735 16 0 4 0
E 4735 0 -10 -32
E 4735 1 -7 -23
E 4735 2 -4 -13
E 4735 5 5 16
T 4736 33 0 4 0
E 4736 0 -5 -15
E 4736 3 4 14
E 4736 4 8 24
E 4736 5 11 33
T 4737 10 0 3 0
E 4737 0 -13 -39
E 4737 1 -10 -30
E 4737 2 -6 -20
T 4738 29 0 3 0
E 4738 0 -5 -17
E 4738 4 7 21
E 4738 5 10 31
T 4739 20 0 3 0
E 4739 0 -10 -30
E 4739 1 -6 -20
E 4739 5 6 18
T 4740 29 0 3 0
E 4740 0 -5 -17
E 4740 4 7 21
E 4740 5 10 31
T 4741 20 0 3 0
E 4741 0 -10 -30
E 4741 1 -6 -20
E 4741 5 6 18
T 4742 23 0 4 0
E 4742 0 -8 -24
E 4742 1 -5 -15
E 4742 4 4 14
E 4742 5 8 24
T 4743 28 0 3 0
E 4743 0 -7 -21
E 4743 4 5 17
E 4743 5 9 27
T 4744 16 0 4 0
E 4744 0 -11 -33
E 4744 1 -7 -23
E 4744 2 -4 -13
E 4744 5 5 15
T 4745 32 0 4 0
E 4745 0 -5 -15
E 4745 3 4 14
E 4745 4 7 23
E 4745 5 11 33
T 4746 15 0 4 0
E 4746 0 -11 -35
E 4746 1 -8 -25
E 4746 2 -5 -16
E 4746 5 4 13
T 4747 33 0 4 0
E 4747 0 -4 -14
E 4747 3 4 14
E 4747 4 8 24
E 4747 5 11 34
T 4748 20 0 3 0
E 4748 0 -9 -29
E 4748 1 -6 -19
E 4748 5 6 19
T 4749 32 0 4 0
E 4749 0 -5 -16
E 4749 3 4 13
E 4749 4 7 23
E 4749 5 10 32
T 4750 19 0 3 0
E 4750 0 -9 -27
E 4750 1 -6 -18
E 4750 5 7 21
T 4751 29 0 3 0
E 4751 0 -7 -21
E 4751 4 6 18
E 4751 5 9 27
T 4752 15 0 4 0
E 4752 0 -11 -33
E 4752 1 -8 -24
E 4752 2 -4 -14
E 4752 5 5 15
T 4753 28 0 3 0
E 4753 0 -7 -22
E 4753 4 5 16
E 4753 5 8 26
T 4754 16 0 4 0
E 4754 0 -11 -33
E 4754 1 -7 -23
E 4754 2 -4 -13
E 4754 5 5 15
T 4755 37 0 3 0
E 4755 3 5 17
E 4755 4 8 26
E 4755 5 12 36
T 4756 14 0 4 0
E 4756 0 -11 -34
E 4756 1 -8 -24
E 4756 2 -5 -15
E 4756 5 4 14
T 4757 32 0 4 0
E 4757 0 -5 -15
E 4757 3 4 13
E 4757 4 7 23
E 4757 5 11 33
T 4758 10 0 3 0
E 4758 0 -13 -40
E 4758 1 -10 -30
E 4758 2 -7 -21
T 4759 38 0 3 0
E 4759 3 6 18
E 4759 4 9 28
E 4759 5 12 37
T 4760 6 0 4 0
E 4760 0 -14 -43
E 4760 1 -11 -34
E 4760 2 -8 -24
E 4760 3 -4 -14
T 4761 38 0 3 0
E 4761 3 6 18
E 4761 4 9 28
E 4761 5 12 37
T 4762 10 0 3 0
E 4762 0 -12 -37
E 4762 1 -9 -28
E 4762 2 -6 -18
T 4763 37 0 3 0
E 4763 3 5 17
E 4763 4 8 26
E 4763 5 12 36
T 4764 6 0 4 0
E 4764 0 -14 -44
E 4764 1 -11 -34
E 4764 2 -8 -24
E 4764 3 -5 -15
T 4765 41 0 4 0
E 4765 2 4 13
E 4765 3 7 23
E 4765 4 10 32
E 4765 5 14 42
T 4766 11 0 3 0
E 4766 0 -13 -39
E 4766 1 -9 -29
E 4766 2 -6 -20
T 4767 37 0 3 0
E 4767 3 5 16
E 4767 4 8 26
E 4767 5 12 36
T 4768 10 0 3 0
E 4768 0 -12 -37
E 4768 1 -9 -27
E 4768 2 -6 -18
T 4769 38 0 3 0
E 4769 3 5 17
E 4769 4 9 27
E 4769 5 12 36
T 4770 11 0 3 0
E 4770 0 -12 -38
E 4770 1 -9 -29
E 4770 2 -6 -19
T 4771 38 0 3 0
E 4771 3 6 18
E 4771 4 9 28
E 4771 5 12 37
T 4772 10 0 3 0
E 4772 0 -13 -39
E 4772 1 -10 -30
E 4772 2 -6 -20
T 4773 29 0 3 0
E 4773 0 -5 -17
E 4773 4 7 21
E 4773 5 10 31
T 4774 15 0 4 0
E 4774 0 -11 -34
E 4774 1 -8 -24
E 4774 2 -4 -14
E 4774 5 4 14
T 4775 34 0 4 0
E 4775 0 -4 -14
E 4775 3 5 15
E 4775 4 8 24
E 4775 5 11 34
T 4776 16 0 4 0
E 4776 0 -11 -33
E 4776 1 -7 -23
E 4776 2 -4 -14
E 4776 5 5 15
T 4777 28 0 3 0
E 4777 0 -6 -18
E 4777 4 6 20
E 4777 5 10 30
T 4778 16 0 4 0
E 4778 0 -11 -33
E 4778 1 -7 -23
E 4778 2 -4 -14
E 4778 5 5 15
T 4779 34 0 4 0
E 4779 0 -4 -14
E 4779 3 5 15
E 4779 4 8 25
E 4779 5 11 34
T 4780 11 0 3 0
E 4780 0 -12 -38
E 4780 1 -9 -29
E 4780 2 -6 -19
T 4781 29 0 3 0
E 4781 0 -6 -18
E 4781 4 7 21
E 4781 5 10 30
T 4782 19 0 3 0
E 4782 0 -10 -31
E 4782 1 -7 -22
E 4782 5 5 17
T 4783 20 0 3 0
E 4783 0 -9 -27
E 4783 1 -5 -17
E 4783 5 7 21
T 4784 29 0 3 0
E 4784 0 -6 -18
E 4784 4 7 21
E 4784 5 10 30
T 4785 19 0 3 0
E 4785 0 -10 -31
E 4785 1 -7 -22
E 4785 5 5 17
T 4786 29 0 3 0
E 4786 0 -7 -21
E 4786 4 6 18
E 4786 5 9 27
T 4787 16 0 4 0
E 4787 0 -10 -32
E 4787 1 -7 -23
E 4787 2 -4 -13
E 4787 5 5 16
T 4788 28 0 3 0
E 4788 0 -7 -22
E 4788 4 5 16
E 4788 5 8 26
T 4789 24 0 4 0
E 4789 0 -8 -26
E 4789 1 -5 -16
E 4789 4 4 13
E 4789 5 7 22
T 4790 29 0 3 0
E 4790 0 -6 -20
E 4790 4 6 18
E 4790 5 9 28
T 4791 23 0 4 0
E 4791 0 -8 -25
E 4791 1 -5 -15
E 4791 4 4 14
E 4791 5 7 23
T 4792 20 0 3 0
E 4792 0 -8 -26
E 4792 1 -5 -17
E 4792 5 7 22
T 4793 32 0 4 0
E 4793 0 -5 -16
E 4793 3 4 13
E 4793 4 7 22
E 4793 5 10 32
T 4794 11 0 3 0
E 4794 0 -12 -38
E 4794 1 -9 -28
E 4794 2 -6 -18
T 4795 37 0 3 0
E 4795 3 6 20
E 4795 4 9 29
E 4795 5 13 39
T 4796 6 0 4 0
E 4796 0 -15 -45
E 4796 1 -11 -35
E 4796 2 -8 -26
E 4796 3 -5 -16
T 4797 42 0 4 0
E 4797 2 5 17
E 4797 3 8 26
E 4797 4 12 36
E 4797 5 15 46
T 4798 5 0 4 0
E 4798 0 -15 -47
E 4798 1 -12 -37
E 4798 2 -9 -28
E 4798 3 -6 -18
T 4799 33 0 4 0
E 4799 0 -4 -13
E 4799 3 5 16
E 4799 4 8 26
E 4799 5 11 35
F 14947 369451 67 4625 210 0 0 0
