T 0 3 0 0 0
T 1 1 0 0 0
T 2 7 0 0 0
T 3 2 0 0 0
T 4 1 0 0 0
T 5 1 0 1 0
E 5 5 -4 -13
T 6 6 0 0 0
T 7 2 0 0 0
T 8 8 0 0 0
T 9 9 0 0 0
T 10 12 0 0 0
T 11 9 0 5 0
E 11 0 2 19
E 11 1 2 19
E 11 2 2 19
E 11 3 2 19
E 11 4 2 19
T 12 11 0 0 0
T 13 11 0 0 0
T 14 12 0 5 0
E 14 0 1 17
E 14 1 1 17
E 14 2 1 17
E 14 3 1 17
E 14 4 1 17
T 15 14 0 1 0
E 15 5 -4 -14
T 16 11 0 5 0
E 16 0 1 16
E 16 1 1 16
E 16 2 1 16
E 16 3 1 16
E 16 4 1 16
T 17 10 0 6 0
E 17 0 1 14
E 17 1 1 14
E 17 2 1 14
E 17 3 1 14
E 17 4 1 14
E 17 5 -1 -13
T 18 16 0 1 0
E 18 5 -6 -18
T 19 13 0 5 0
E 19 0 2 23
E 19 1 2 23
E 19 2 2 23
E 19 3 2 23
E 19 4 2 23
T 20 12 0 6 0
E 20 0 1 16
E 20 1 1 16
E 20 2 1 16
E 20 3 1 16
E 20 4 1 16
E 20 5 -1 -16
T 21 10 0 6 0
E 21 0 2 19
E 21 1 2 19
E 21 2 2 19
E 21 3 2 19
E 21 4 2 19
E 21 5 -1 -14
T 22 10 0 6 0
E 22 0 1 13
E 22 1 1 13
E 22 2 1 13
E 22 3 1 13
E 22 4 1 13
E 22 5 -2 -22
T 23 14 0 6 0
E 23 0 1 17
E 23 1 1 17
E 23 2 1 17
E 23 3 1 17
E 23 4 1 17
E 23 5 -2 -19
T 24 10 0 6 0
E 24 0 1 13
E 24 1 1 13
E 24 2 1 13
E 24 3 1 13
E 24 4 1 13
E 24 5 -2 -25
T 25 11 0 6 0
E 25 0 1 13
E 25 1 1 13
E 25 2 1 13
E 25 3 1 13
E 25 4 1 13
E 25 5 -3 -27
T 26 21 0 1 0
E 26 5 -10 -30
T 27 12 0 6 0
E 27 0 2 20
E 27 1 2 20
E 27 2 2 20
E 27 3 2 20
E 27 4 2 20
E 27 5 -2 -23
T 28 13 0 6 0
E 28 0 1 15
E 28 1 1 15
E 28 2 1 15
E 28 3 1 15
E 28 4 1 15
E 28 5 -3 -29
T 29 22 0 1 0
E 29 5 -12 -36
T 30 16 0 6 0
E 30 0 2 24
E 30 1 2 24
E 30 2 2 24
E 30 3 2 24
E 30 4 2 24
E 30 5 -2 -24
T 31 15 0 6 0
E 31 0 1 17
E 31 1 1 17
E 31 2 1 17
E 31 3 1 17
E 31 4 1 17
E 31 5 -3 -31
T 32 11 0 6 0
E 32 0 1 13
E 32 1 1 13
E 32 2 1 13
E 32 3 1 13
E 32 4 1 13
E 32 5 -3 -35
T 33 13 0 6 0
E 33 0 1 15
E 33 1 1 15
E 33 2 1 15
E 33 3 1 15
E 33 4 1 15
E 33 5 -3 -33
T 34 12 0 6 0
E 34 0 2 19
E 34 1 2 19
E 34 2 2 19
E 34 3 2 19
E 34 4 2 19
E 34 5 -3 -29
T 35 11 0 6 0
E 35 0 2 18
E 35 1 2 18
E 35 2 2 18
E 35 3 2 18
E 35 4 2 18
E 35 5 -3 -30
T 36 14 0 6 0
E 36 0 1 16
E 36 1 1 16
E 36 2 1 16
E 36 3 1 16
E 36 4 1 16
E 36 5 -3 -32
T 37 11 0 6 0
E 37 0 2 18
E 37 1 2 18
E 37 2 2 18
E 37 3 2 18
E 37 4 2 18
E 37 5 -3 -30
T 38 24 0 1 0
E 38 5 -12 -36
T 39 15 0 6 0
E 39 0 2 23
E 39 1 2 23
E 39 2 2 23
E 39 3 2 23
E 39 4 2 23
E 39 5 -2 -25
T 40 14 0 6 0
E 40 0 2 22
E 40 1 2 22
E 40 2 2 22
E 40 3 2 22
E 40 4 2 22
E 40 5 -2 -26
T 41 23 0 1 0
E 41 5 -12 -37
T 42 18 0 6 0
E 42 0 2 26
E 42 1 2 26
E 42 2 2 26
E 42 3 2 26
E 42 4 2 26
E 42 5 -2 -22
T 43 14 0 6 0
E 43 0 2 22
E 43 1 2 22
E 43 2 2 22
E 43 3 2 22
E 43 4 2 22
E 43 5 -2 -26
T 44 13 0 6 0
E 44 0 1 15
E 44 1 1 15
E 44 2 1 15
E 44 3 1 15
E 44 4 1 15
E 44 5 -3 -33
T 45 12 0 6 0
E 45 0 1 14
E 45 1 1 14
E 45 2 1 14
E 45 3 1 14
E 45 4 1 14
E 45 5 -3 -34
T 46 13 0 6 0
E 46 0 1 15
E 46 1 1 15
E 46 2 1 15
E 46 3 1 15
E 46 4 1 15
E 46 5 -3 -33
T 47 12 0 6 0
E 47 0 1 14
E 47 1 1 14
E 47 2 1 14
E 47 3 1 14
E 47 4 1 14
E 47 5 -3 -34
T 48 11 0 6 0
E 48 0 1 13
E 48 1 1 13
E 48 2 1 13
E 48 3 1 13
E 48 4 1 13
E 48 5 -3 -35
T 49 21 0 1 0
E 49 5 -13 -40
T 50 14 0 6 0
E 50 0 2 21
E 50 1 2 21
E 50 2 2 21
E 50 3 2 21
E 50 4 2 21
E 50 5 -3 -27
T 51 13 0 6 0
E 51 0 2 20
E 51 1 2 20
E 51 2 2 20
E 51 3 2 20
E 51 4 2 20
E 51 5 -3 -28
T 52 15 0 6 0
E 52 0 1 17
E 52 1 1 17
E 52 2 1 17
E 52 3 1 17
E 52 4 1 17
E 52 5 -3 -31
T 53 22 0 1 0
E 53 5 -12 -38
T 54 16 0 6 0
E 54 0 2 24
E 54 1 2 24
E 54 2 2 24
E 54 3 2 24
E 54 4 2 24
E 54 5 -2 -24
T 55 13 0 6 0
E 55 0 2 20
E 55 1 2 20
E 55 2 2 20
E 55 3 2 20
E 55 4 2 20
E 55 5 -3 -28
T 56 22 0 1 0
E 56 5 -13 -39
T 57 11 0 6 0
E 57 0 2 18
E 57 1 2 18
E 57 2 2 18
E 57 3 2 18
E 57 4 2 18
E 57 5 -3 -30
T 58 20 0 1 0
E 58 5 -14 -42
T 59 18 0 6 0
E 59 0 2 26
E 59 1 2 26
E 59 2 2 26
E 59 3 2 26
E 59 4 2 26
E 59 5 -2 -22
T 60 17 0 6 0
E 60 0 2 25
E 60 1 2 25
E 60 2 2 25
E 60 3 2 25
E 60 4 2 25
E 60 5 -2 -23
T 61 11 0 6 0
E 61 0 1 13
E 61 1 1 13
E 61 2 1 13
E 61 3 1 13
E 61 4 1 13
E 61 5 -3 -35
T 62 22 0 1 0
E 62 5 -12 -38
T 63 16 0 6 0
E 63 0 3 29
E 63 1 3 29
E 63 2 3 29
E 63 3 3 29
E 63 4 3 29
E 63 5 -2 -19
T 64 13 0 6 0
E 64 0 2 20
E 64 1 2 20
E 64 2 2 20
E 64 3 2 20
E 64 4 2 20
E 64 5 -3 -28
T 65 12 0 6 0
E 65 0 2 19
E 65 1 2 19
E 65 2 2 19
E 65 3 2 19
E 65 4 2 19
E 65 5 -3 -29
T 66 22 0 1 0
E 66 5 -13 -39
T 67 15 0 6 0
E 67 0 3 28
E 67 1 3 28
E 67 2 3 28
E 67 3 3 28
E 67 4 3 28
E 67 5 -2 -20
T 68 11 0 6 0
E 68 0 2 18
E 68 1 2 18
E 68 2 2 18
E 68 3 2 18
E 68 4 2 18
E 68 5 -3 -30
T 69 11 0 6 0
E 69 0 2 18
E 69 1 2 18
E 69 2 2 18
E 69 3 2 18
E 69 4 2 18
E 69 5 -3 -30
T 70 12 0 6 0
E 70 0 2 19
E 70 1 2 19
E 70 2 2 19
E 70 3 2 19
E 70 4 2 19
E 70 5 -3 -29
T 71 11 0 6 0
E 71 0 2 18
E 71 1 2 18
E 71 2 2 18
E 71 3 2 18
E 71 4 2 18
E 71 5 -3 -30
T 72 11 0 6 0
E 72 0 1 13
E 72 1 1 13
E 72 2 1 13
E 72 3 1 13
E 72 4 1 13
E 72 5 -3 -35
T 73 20 0 1 0
E 73 5 -14 -42
T 74 14 0 6 0
E 74 0 2 22
E 74 1 2 22
E 74 2 2 22
E 74 3 2 22
E 74 4 2 22
E 74 5 -2 -26
T 75 14 0 6 0
E 75 0 2 22
E 75 1 2 22
E 75 2 2 22
E 75 3 2 22
E 75 4 2 22
E 75 5 -2 -26
T 76 11 0 6 0
E 76 0 2 18
E 76 1 2 18
E 76 2 2 18
E 76 3 2 18
E 76 4 2 18
E 76 5 -3 -30
T 77 12 0 6 0
E 77 0 1 14
E 77 1 1 14
E 77 2 1 14
E 77 3 1 14
E 77 4 1 14
E 77 5 -3 -34
T 78 21 0 1 0
E 78 5 -13 -40
T 79 14 0 6 0
E 79 0 2 22
E 79 1 2 22
E 79 2 2 22
E 79 3 2 22
E 79 4 2 22
E 79 5 -2 -26
T 80 14 0 6 0
E 80 0 2 21
E 80 1 2 21
E 80 2 2 21
E 80 3 2 21
E 80 4 2 21
E 80 5 -3 -27
T 81 14 0 6 0
E 81 0 1 16
E 81 1 1 16
E 81 2 1 16
E 81 3 1 16
E 81 4 1 16
E 81 5 -3 -32
T 82 24 0 1 0
E 82 5 -12 -36
T 83 14 0 6 0
E 83 0 3 27
E 83 1 3 27
E 83 2 3 27
E 83 3 3 27
E 83 4 3 27
E 83 5 -2 -21
T 84 12 0 6 0
E 84 0 1 14
E 84 1 1 14
E 84 2 1 14
E 84 3 1 14
E 84 4 1 14
E 84 5 -3 -34
T 85 12 0 6 0
E 85 0 1 14
E 85 1 1 14
E 85 2 1 14
E 85 3 1 14
E 85 4 1 14
E 85 5 -3 -34
T 86 20 0 1 0
E 86 5 -13 -41
T 87 15 0 6 0
E 87 0 2 23
E 87 1 2 23
E 87 2 2 23
E 87 3 2 23
E 87 4 2 23
E 87 5 -2 -25
T 88 13 0 6 0
E 88 0 1 15
E 88 1 1 15
E 88 2 1 15
E 88 3 1 15
E 88 4 1 15
E 88 5 -3 -33
T 89 11 0 6 0
E 89 0 2 18
E 89 1 2 18
E 89 2 2 18
E 89 3 2 18
E 89 4 2 18
E 89 5 -3 -30
T 90 20 0 1 0
E 90 5 -13 -41
T 91 13 0 6 0
E 91 0 1 15
E 91 1 1 15
E 91 2 1 15
E 91 3 1 15
E 91 4 1 15
E 91 5 -3 -33
T 92 22 0 1 0
E 92 5 -13 -39
T 93 15 0 6 0
E 93 0 1 17
E 93 1 1 17
E 93 2 1 17
E 93 3 1 17
E 93 4 1 17
E 93 5 -3 -31
T 94 13 0 6 0
E 94 0 1 15
E 94 1 1 15
E 94 2 1 15
E 94 3 1 15
E 94 4 1 15
E 94 5 -3 -33
T 95 15 0 6 0
E 95 0 1 17
E 95 1 1 17
E 95 2 1 17
E 95 3 1 17
E 95 4 1 17
E 95 5 -3 -31
T 96 14 0 6 0
E 96 0 1 16
E 96 1 1 16
E 96 2 1 16
E 96 3 1 16
E 96 4 1 16
E 96 5 -3 -32
T 97 13 0 6 0
E 97 0 1 15
E 97 1 1 15
E 97 2 1 15
E 97 3 1 15
E 97 4 1 15
E 97 5 -3 -30
T 98 13 0 6 0
E 98 0 1 15
E 98 1 1 15
E 98 2 1 15
E 98 3 1 15
E 98 4 1 15
E 98 5 -3 -28
T 99 12 0 6 0
E 99 0 1 15
E 99 1 1 15
E 99 2 1 15
E 99 3 1 15
E 99 4 1 15
E 99 5 -2 -25
T 100 11 0 6 0
E 100 0 1 14
E 100 1 1 14
E 100 2 1 14
E 100 3 1 14
E 100 4 1 14
E 100 5 -2 -23
T 101 18 0 1 0
E 101 5 -8 -25
T 102 11 0 6 0
E 102 0 1 14
E 102 1 1 14
E 102 2 1 14
E 102 3 1 14
E 102 4 1 14
E 102 5 -2 -18
T 103 11 0 6 0
E 103 0 1 15
E 103 1 1 15
E 103 2 1 15
E 103 3 1 15
E 103 4 1 15
E 103 5 -1 -15
T 104 9 0 6 0
E 104 0 1 13
E 104 1 1 13
E 104 2 1 13
E 104 3 1 13
E 104 4 1 13
E 104 5 -1 -14
T 105 14 0 1 0
E 105 5 -5 -15
T 106 12 0 1 0
E 106 5 -4 -14
T 107 7 0 0 0
T 108 6 0 1 0
E 108 5 -5 -16
T 109 11 0 0 0
T 110 10 0 5 0
E 110 0 1 15
E 110 1 1 15
E 110 2 1 15
E 110 3 1 15
E 110 4 1 15
T 111 6 0 0 0
T 112 3 0 0 0
T 113 1 0 0 0
T 114 3 0 0 0
T 115 2 0 0 0
T 116 4 0 0 0
T 117 7 0 0 0
T 118 9 0 5 0
E 118 0 -1 -14
E 118 1 -1 -14
E 118 2 -1 -14
E 118 3 -1 -14
E 118 4 -1 -14
T 119 4 0 0 0
T 120 5 0 1 0
E 120 5 5 15
T 121 7 0 1 0
E 121 5 5 15
T 122 9 0 1 0
E 122 5 5 16
T 123 10 0 1 0
E 123 5 5 17
T 124 11 0 5 0
E 124 0 -1 -16
E 124 1 -1 -16
E 124 2 -1 -16
E 124 3 -1 -16
E 124 4 -1 -16
T 125 12 0 5 0
E 125 0 -1 -17
E 125 1 -1 -17
E 125 2 -1 -17
E 125 3 -1 -17
E 125 4 -1 -17
T 126 16 0 1 0
E 126 5 7 21
T 127 9 0 5 0
E 127 0 -2 -19
E 127 1 -2 -19
E 127 2 -2 -19
E 127 3 -2 -19
E 127 4 -2 -19
T 128 9 0 6 0
E 128 0 -1 -13
E 128 1 -1 -13
E 128 2 -1 -13
E 128 3 -1 -13
E 128 4 -1 -13
E 128 5 1 17
T 129 16 0 1 0
E 129 5 7 21
T 130 9 0 5 0
E 130 0 -2 -19
E 130 1 -2 -19
E 130 2 -2 -19
E 130 3 -2 -19
E 130 4 -2 -19
T 131 12 0 6 0
E 131 0 -1 -16
E 131 1 -1 -16
E 131 2 -1 -16
E 131 3 -1 -16
E 131 4 -1 -16
E 131 5 1 14
T 132 9 0 6 0
E 132 0 -1 -13
E 132 1 -1 -13
E 132 2 -1 -13
E 132 3 -1 -13
E 132 4 -1 -13
E 132 5 1 17
T 133 11 0 6 0
E 133 0 -1 -15
E 133 1 -1 -15
E 133 2 -1 -15
E 133 3 -1 -15
E 133 4 -1 -15
E 133 5 1 15
T 134 16 0 1 0
E 134 5 6 20
T 135 12 0 5 0
E 135 0 -2 -22
E 135 1 -2 -22
E 135 2 -2 -22
E 135 3 -2 -22
E 135 4 -2 -22
T 136 10 0 6 0
E 136 0 -1 -14
E 136 1 -1 -14
E 136 2 -1 -14
E 136 3 -1 -14
E 136 4 -1 -14
E 136 5 1 16
T 137 9 0 6 0
E 137 0 -1 -13
E 137 1 -1 -13
E 137 2 -1 -13
E 137 3 -1 -13
E 137 4 -1 -13
E 137 5 1 17
T 138 10 0 6 0
E 138 0 -1 -14
E 138 1 -1 -14
E 138 2 -1 -14
E 138 3 -1 -14
E 138 4 -1 -14
E 138 5 1 16
T 139 9 0 6 0
E 139 0 -1 -13
E 139 1 -1 -13
E 139 2 -1 -13
E 139 3 -1 -13
E 139 4 -1 -13
E 139 5 1 17
T 140 18 0 1 0
E 140 5 6 18
T 141 9 0 5 0
E 141 0 -2 -19
E 141 1 -2 -19
E 141 2 -2 -19
E 141 3 -2 -19
E 141 4 -2 -19
T 142 14 0 1 0
E 142 5 7 23
T 143 9 0 5 0
E 143 0 -2 -19
E 143 1 -2 -19
E 143 2 -2 -19
E 143 3 -2 -19
E 143 4 -2 -19
T 144 14 0 1 0
E 144 5 8 24
T 145 9 0 6 0
E 145 0 -1 -13
E 145 1 -1 -13
E 145 2 -1 -13
E 145 3 -1 -13
E 145 4 -1 -13
E 145 5 1 17
T 146 16 0 1 0
E 146 5 7 22
T 147 18 0 1 0
E 147 5 6 19
T 148 10 0 6 0
E 148 0 -2 -19
E 148 1 -2 -19
E 148 2 -2 -19
E 148 3 -2 -19
E 148 4 -2 -19
E 148 5 1 13
T 149 16 0 1 0
E 149 5 8 25
T 150 11 0 5 0
E 150 0 -2 -21
E 150 1 -2 -21
E 150 2 -2 -21
E 150 3 -2 -21
E 150 4 -2 -21
T 151 19 0 1 0
E 151 5 7 22
T 152 9 0 6 0
E 152 0 -2 -18
E 152 1 -2 -18
E 152 2 -2 -18
E 152 3 -2 -18
E 152 4 -2 -18
E 152 5 1 16
T 153 14 0 6 0
E 153 0 -1 -17
E 153 1 -1 -17
E 153 2 -1 -17
E 153 3 -1 -17
E 153 4 -1 -17
E 153 5 2 18
T 154 20 0 1 0
E 154 5 8 24
T 155 16 0 5 0
E 155 0 -2 -26
E 155 1 -2 -26
E 155 2 -2 -26
E 155 3 -2 -26
E 155 4 -2 -26
T 156 11 0 6 0
E 156 0 -1 -14
E 156 1 -1 -14
E 156 2 -1 -14
E 156 3 -1 -14
E 156 4 -1 -14
E 156 5 2 23
T 157 19 0 1 0
E 157 5 9 27
T 158 12 0 6 0
E 158 0 -2 -20
E 158 1 -2 -20
E 158 2 -2 -20
E 158 3 -2 -20
E 158 4 -2 -20
E 158 5 2 18
T 159 20 0 1 0
E 159 5 9 28
T 160 12 0 6 0
E 160 0 -1 -15
E 160 1 -1 -15
E 160 2 -1 -15
E 160 3 -1 -15
E 160 4 -1 -15
E 160 5 2 24
T 161 20 0 1 0
E 161 5 10 30
T 162 12 0 6 0
E 162 0 -2 -20
E 162 1 -2 -20
E 162 2 -2 -20
E 162 3 -2 -20
E 162 4 -2 -20
E 162 5 2 20
T 163 10 0 6 0
E 163 0 -2 -18
E 163 1 -2 -18
E 163 2 -2 -18
E 163 3 -2 -18
E 163 4 -2 -18
E 163 5 2 23
T 164 13 0 6 0
E 164 0 -1 -16
E 164 1 -1 -16
E 164 2 -1 -16
E 164 3 -1 -16
E 164 4 -1 -16
E 164 5 2 26
T 165 10 0 6 0
E 165 0 -2 -18
E 165 1 -2 -18
E 165 2 -2 -18
E 165 3 -2 -18
E 165 4 -2 -18
E 165 5 2 24
T 166 11 0 6 0
E 166 0 -1 -13
E 166 1 -1 -13
E 166 2 -1 -13
E 166 3 -1 -13
E 166 4 -1 -13
E 166 5 3 30
T 167 19 0 1 0
E 167 5 12 36
T 168 10 0 6 0
E 168 0 -2 -18
E 168 1 -2 -18
E 168 2 -2 -18
E 168 3 -2 -18
E 168 4 -2 -18
E 168 5 2 26
T 169 14 0 6 0
E 169 0 -1 -16
E 169 1 -1 -16
E 169 2 -1 -16
E 169 3 -1 -16
E 169 4 -1 -16
E 169 5 3 29
T 170 12 0 6 0
E 170 0 -2 -20
E 170 1 -2 -20
E 170 2 -2 -20
E 170 3 -2 -20
E 170 4 -2 -20
E 170 5 2 25
T 171 13 0 6 0
E 171 0 -1 -15
E 171 1 -1 -15
E 171 2 -1 -15
E 171 3 -1 -15
E 171 4 -1 -15
E 171 5 3 31
T 172 15 0 6 0
E 172 0 -1 -17
E 172 1 -1 -17
E 172 2 -1 -17
E 172 3 -1 -17
E 172 4 -1 -17
E 172 5 3 29
T 173 13 0 6 0
E 173 0 -1 -15
E 173 1 -1 -15
E 173 2 -1 -15
E 173 3 -1 -15
E 173 4 -1 -15
E 173 5 3 32
T 174 11 0 6 0
E 174 0 -2 -18
E 174 1 -2 -18
E 174 2 -2 -18
E 174 3 -2 -18
E 174 4 -2 -18
E 174 5 3 30
T 175 11 0 6 0
E 175 0 -2 -18
E 175 1 -2 -18
E 175 2 -2 -18
E 175 3 -2 -18
E 175 4 -2 -18
E 175 5 3 30
T 176 12 0 6 0
E 176 0 -2 -19
E 176 1 -2 -19
E 176 2 -2 -19
E 176 3 -2 -19
E 176 4 -2 -19
E 176 5 3 29
T 177 24 0 1 0
E 177 5 12 36
T 178 15 0 6 0
E 178 0 -3 -28
E 178 1 -3 -28
E 178 2 -3 -28
E 178 3 -3 -28
E 178 4 -3 -28
E 178 5 2 20
T 179 13 0 6 0
E 179 0 -1 -15
E 179 1 -1 -15
E 179 2 -1 -15
E 179 3 -1 -15
E 179 4 -1 -15
E 179 5 3 33
T 180 23 0 1 0
E 180 5 12 37
T 181 15 0 6 0
E 181 0 -3 -28
E 181 1 -3 -28
E 181 2 -3 -28
E 181 3 -3 -28
E 181 4 -3 -28
E 181 5 2 20
T 182 23 0 1 0
E 182 5 12 37
T 183 17 0 6 0
E 183 0 -3 -30
E 183 1 -3 -30
E 183 2 -3 -30
E 183 3 -3 -30
E 183 4 -3 -30
E 183 5 2 18
T 184 12 0 6 0
E 184 0 -1 -14
E 184 1 -1 -14
E 184 2 -1 -14
E 184 3 -1 -14
E 184 4 -1 -14
E 184 5 3 34
T 185 22 0 1 0
E 185 5 13 39
T 186 16 0 6 0
E 186 0 -2 -24
E 186 1 -2 -24
E 186 2 -2 -24
E 186 3 -2 -24
E 186 4 -2 -24
E 186 5 2 24
T 187 11 0 6 0
E 187 0 -2 -18
E 187 1 -2 -18
E 187 2 -2 -18
E 187 3 -2 -18
E 187 4 -2 -18
E 187 5 3 30
T 188 14 0 6 0
E 188 0 -1 -16
E 188 1 -1 -16
E 188 2 -1 -16
E 188 3 -1 -16
E 188 4 -1 -16
E 188 5 3 32
T 189 15 0 6 0
E 189 0 -1 -17
E 189 1 -1 -17
E 189 2 -1 -17
E 189 3 -1 -17
E 189 4 -1 -17
E 189 5 3 31
T 190 22 0 1 0
E 190 5 12 38
T 191 13 0 6 0
E 191 0 -2 -20
E 191 1 -2 -20
E 191 2 -2 -20
E 191 3 -2 -20
E 191 4 -2 -20
E 191 5 3 28
T 192 13 0 6 0
E 192 0 -1 -15
E 192 1 -1 -15
E 192 2 -1 -15
E 192 3 -1 -15
E 192 4 -1 -15
E 192 5 3 33
T 193 13 0 6 0
E 193 0 -1 -15
E 193 1 -1 -15
E 193 2 -1 -15
E 193 3 -1 -15
E 193 4 -1 -15
E 193 5 3 33
T 194 12 0 6 0
E 194 0 -1 -14
E 194 1 -1 -14
E 194 2 -1 -14
E 194 3 -1 -14
E 194 4 -1 -14
E 194 5 3 34
T 195 12 0 6 0
E 195 0 -1 -14
E 195 1 -1 -14
E 195 2 -1 -14
E 195 3 -1 -14
E 195 4 -1 -14
E 195 5 3 34
T 196 15 0 6 0
E 196 0 -1 -17
E 196 1 -1 -17
E 196 2 -1 -17
E 196 3 -1 -17
E 196 4 -1 -17
E 196 5 3 31
T 197 23 0 1 0
E 197 5 12 37
T 198 16 0 6 0
E 198 0 -2 -24
E 198 1 -2 -24
E 198 2 -2 -24
E 198 3 -2 -24
E 198 4 -2 -24
E 198 5 2 24
T 199 24 0 1 0
E 199 5 12 36
T 200 14 0 6 0
E 200 0 -2 -21
E 200 1 -2 -21
E 200 2 -2 -21
E 200 3 -2 -21
E 200 4 -2 -21
E 200 5 3 27
T 201 11 0 6 0
E 201 0 -2 -18
E 201 1 -2 -18
E 201 2 -2 -18
E 201 3 -2 -18
E 201 4 -2 -18
E 201 5 3 30
T 202 20 0 1 0
E 202 5 13 41
T 203 14 0 6 0
E 203 0 -3 -27
E 203 1 -3 -27
E 203 2 -3 -27
E 203 3 -3 -27
E 203 4 -3 -27
E 203 5 2 21
T 204 14 0 6 0
E 204 0 -2 -21
E 204 1 -2 -21
E 204 2 -2 -21
E 204 3 -2 -21
E 204 4 -2 -21
E 204 5 3 27
T 205 22 0 1 0
E 205 5 12 38
T 206 13 0 6 0
E 206 0 -2 -20
E 206 1 -2 -20
E 206 2 -2 -20
E 206 3 -2 -20
E 206 4 -2 -20
E 206 5 3 28
T 207 12 0 6 0
E 207 0 -1 -14
E 207 1 -1 -14
E 207 2 -1 -14
E 207 3 -1 -14
E 207 4 -1 -14
E 207 5 3 34
T 208 21 0 1 0
E 208 5 13 40
T 209 15 0 6 0
E 209 0 -2 -23
E 209 1 -2 -23
E 209 2 -2 -23
E 209 3 -2 -23
E 209 4 -2 -23
E 209 5 2 25
T 210 12 0 6 0
E 210 0 -2 -19
E 210 1 -2 -19
E 210 2 -2 -19
E 210 3 -2 -19
E 210 4 -2 -19
E 210 5 3 29
T 211 12 0 6 0
E 211 0 -1 -14
E 211 1 -1 -14
E 211 2 -1 -14
E 211 3 -1 -14
E 211 4 -1 -14
E 211 5 3 34
T 212 21 0 1 0
E 212 5 13 40
T 213 15 0 6 0
E 213 0 -1 -17
E 213 1 -1 -17
E 213 2 -1 -17
E 213 3 -1 -17
E 213 4 -1 -17
E 213 5 3 31
T 214 12 0 6 0
E 214 0 -1 -14
E 214 1 -1 -14
E 214 2 -1 -14
E 214 3 -1 -14
E 214 4 -1 -14
E 214 5 3 34
T 215 12 0 6 0
E 215 0 -1 -14
E 215 1 -1 -14
E 215 2 -1 -14
E 215 3 -1 -14
E 215 4 -1 -14
E 215 5 3 34
T 216 23 0 1 0
E 216 5 12 37
T 217 14 0 6 0
E 217 0 -2 -21
E 217 1 -2 -21
E 217 2 -2 -21
E 217 3 -2 -21
E 217 4 -2 -21
E 217 5 3 27
T 218 15 0 6 0
E 218 0 -1 -17
E 218 1 -1 -17
E 218 2 -1 -17
E 218 3 -1 -17
E 218 4 -1 -17
E 218 5 3 31
T 219 15 0 6 0
E 219 0 -2 -23
E 219 1 -2 -23
E 219 2 -2 -23
E 219 3 -2 -23
E 219 4 -2 -23
E 219 5 2 25
T 220 13 0 6 0
E 220 0 -2 -20
E 220 1 -2 -20
E 220 2 -2 -20
E 220 3 -2 -20
E 220 4 -2 -20
E 220 5 3 28
T 221 12 0 6 0
E 221 0 -1 -14
E 221 1 -1 -14
E 221 2 -1 -14
E 221 3 -1 -14
E 221 4 -1 -14
E 221 5 3 34
T 222 22 0 1 0
E 222 5 13 39
T 223 17 0 6 0
E 223 0 -2 -25
E 223 1 -2 -25
E 223 2 -2 -25
E 223 3 -2 -25
E 223 4 -2 -25
E 223 5 2 23
T 224 14 0 6 0
E 224 0 -2 -21
E 224 1 -2 -21
E 224 2 -2 -21
E 224 3 -2 -21
E 224 4 -2 -21
E 224 5 3 27
T 225 14 0 6 0
E 225 0 -1 -16
E 225 1 -1 -16
E 225 2 -1 -16
E 225 3 -1 -16
E 225 4 -1 -16
E 225 5 3 32
T 226 14 0 6 0
E 226 0 -2 -21
E 226 1 -2 -21
E 226 2 -2 -21
E 226 3 -2 -21
E 226 4 -2 -21
E 226 5 3 27
T 227 11 0 6 0
E 227 0 -1 -13
E 227 1 -1 -13
E 227 2 -1 -13
E 227 3 -1 -13
E 227 4 -1 -13
E 227 5 3 35
T 228 11 0 6 0
E 228 0 -2 -18
E 228 1 -2 -18
E 228 2 -2 -18
E 228 3 -2 -18
E 228 4 -2 -18
E 228 5 3 30
T 229 15 0 6 0
E 229 0 -1 -17
E 229 1 -1 -17
E 229 2 -1 -17
E 229 3 -1 -17
E 229 4 -1 -17
E 229 5 3 31
T 230 24 0 1 0
E 230 5 12 36
T 231 14 0 6 0
E 231 0 -3 -27
E 231 1 -3 -27
E 231 2 -3 -27
E 231 3 -3 -27
E 231 4 -3 -27
E 231 5 2 21
T 232 11 0 6 0
E 232 0 -1 -13
E 232 1 -1 -13
E 232 2 -1 -13
E 232 3 -1 -13
E 232 4 -1 -13
E 232 5 3 35
T 233 23 0 1 0
E 233 5 12 37
T 234 17 0 6 0
E 234 0 -3 -30
E 234 1 -3 -30
E 234 2 -3 -30
E 234 3 -3 -30
E 234 4 -3 -30
E 234 5 2 18
T 235 14 0 6 0
E 235 0 -2 -22
E 235 1 -2 -22
E 235 2 -2 -22
E 235 3 -2 -22
E 235 4 -2 -22
E 235 5 2 26
T 236 13 0 6 0
E 236 0 -1 -15
E 236 1 -1 -15
E 236 2 -1 -15
E 236 3 -1 -15
E 236 4 -1 -15
E 236 5 3 33
T 237 12 0 6 0
E 237 0 -1 -14
E 237 1 -1 -14
E 237 2 -1 -14
E 237 3 -1 -14
E 237 4 -1 -14
E 237 5 3 34
T 238 22 0 1 0
E 238 5 13 39
T 239 15 0 6 0
E 239 0 -3 -28
E 239 1 -3 -28
E 239 2 -3 -28
E 239 3 -3 -28
E 239 4 -3 -28
E 239 5 2 20
T 240 12 0 6 0
E 240 0 3 30
E 240 1 3 30
E 240 2 3 30
E 240 3 3 30
E 240 4 3 30
E 240 5 3 30
T 241 10 0 5 0
E 241 0 1 15
E 241 1 1 15
E 241 2 1 15
E 241 3 1 15
E 241 4 1 15
T 242 12 0 0 0
T 243 12 0 5 0
E 243 0 1 17
E 243 1 1 17
E 243 2 1 17
E 243 3 1 17
E 243 4 1 17
T 244 9 0 0 0
T 245 8 0 5 0
E 245 0 1 13
E 245 1 1 13
E 245 2 1 13
E 245 3 1 13
E 245 4 1 13
T 246 7 0 0 0
T 247 13 0 1 0
E 247 5 -4 -13
T 248 15 0 1 0
E 248 5 -5 -15
T 249 12 0 5 0
E 249 0 2 22
E 249 1 2 22
E 249 2 2 22
E 249 3 2 22
E 249 4 2 22
T 250 18 0 1 0
E 250 5 -7 -21
T 251 9 0 6 0
E 251 0 2 18
E 251 1 2 18
E 251 2 2 18
E 251 3 2 18
E 251 4 2 18
E 251 5 -1 -17
T 252 13 0 6 0
E 252 0 1 16
E 252 1 1 16
E 252 2 1 16
E 252 3 1 16
E 252 4 1 16
E 252 5 -2 -22
T 253 11 0 6 0
E 253 0 1 13
E 253 1 1 13
E 253 2 1 13
E 253 3 1 13
E 253 4 1 13
E 253 5 -3 -28
T 254 15 0 6 0
E 254 0 1 17
E 254 1 1 17
E 254 2 1 17
E 254 3 1 17
E 254 4 1 17
E 254 5 -3 -28
T 255 11 0 6 0
E 255 0 1 13
E 255 1 1 13
E 255 2 1 13
E 255 3 1 13
E 255 4 1 13
E 255 5 -3 -35
T 256 15 0 6 0
E 256 0 1 17
E 256 1 1 17
E 256 2 1 17
E 256 3 1 17
E 256 4 1 17
E 256 5 -3 -34
T 257 13 0 6 0
E 257 0 1 14
E 257 1 1 14
E 257 2 1 14
E 257 3 1 14
E 257 4 1 14
E 257 5 -4 -40
T 258 26 0 1 0
E 258 5 -15 -46
T 259 17 0 6 0
E 259 0 3 29
E 259 1 3 29
E 259 2 3 29
E 259 3 3 29
E 259 4 3 29
E 259 5 -3 -32
T 260 14 0 6 0
E 260 0 2 19
E 260 1 2 19
E 260 2 2 19
E 260 3 2 19
E 260 4 2 19
E 260 5 -5 -45
T 261 16 0 6 0
E 261 0 2 21
E 261 1 2 21
E 261 2 2 21
E 261 3 2 21
E 261 4 2 21
E 261 5 -5 -46
T 262 31 0 1 0
E 262 5 -19 -58
T 263 19 0 6 0
E 263 0 3 30
E 263 1 3 30
E 263 2 3 30
E 263 3 3 30
E 263 4 3 30
E 263 5 -4 -43
T 264 19 0 6 0
E 264 0 2 24
E 264 1 2 24
E 264 2 2 24
E 264 3 2 24
E 264 4 2 24
E 264 5 -5 -53
T 265 20 0 6 0
E 265 0 2 24
E 265 1 2 24
E 265 2 2 24
E 265 3 2 24
E 265 4 2 24
E 265 5 -6 -56
T 266 17 0 6 0
E 266 0 1 15
E 266 1 1 15
E 266 2 1 15
E 266 3 1 15
E 266 4 1 15
E 266 5 -7 -68
T 267 20 0 6 0
E 267 0 2 23
E 267 1 2 23
E 267 2 2 23
E 267 3 2 23
E 267 4 2 23
E 267 5 -7 -63
T 268 21 0 6 0
E 268 0 2 24
E 268 1 2 24
E 268 2 2 24
E 268 3 2 24
E 268 4 2 24
E 268 5 -7 -65
T 269 19 0 6 0
E 269 0 2 21
E 269 1 2 21
E 269 2 2 21
E 269 3 2 21
E 269 4 2 21
E 269 5 -8 -72
T 270 18 0 6 0
E 270 0 2 26
E 270 1 2 26
E 270 2 2 26
E 270 3 2 26
E 270 4 2 26
E 270 5 -2 -22
T 271 13 0 6 0
E 271 0 2 20
E 271 1 2 20
E 271 2 2 20
E 271 3 2 20
E 271 4 2 20
E 271 5 -3 -28
T 272 12 0 6 0
E 272 0 1 14
E 272 1 1 14
E 272 2 1 14
E 272 3 1 14
E 272 4 1 14
E 272 5 -3 -34
T 273 22 0 1 0
E 273 5 -13 -39
T 274 15 0 6 0
E 274 0 2 23
E 274 1 2 23
E 274 2 2 23
E 274 3 2 23
E 274 4 2 23
E 274 5 -2 -25
T 275 13 0 6 0
E 275 0 1 15
E 275 1 1 15
E 275 2 1 15
E 275 3 1 15
E 275 4 1 15
E 275 5 -3 -33
T 276 11 0 6 0
E 276 0 1 13
E 276 1 1 13
E 276 2 1 13
E 276 3 1 13
E 276 4 1 13
E 276 5 -3 -35
T 277 22 0 1 0
E 277 5 -12 -38
T 278 13 0 6 0
E 278 0 2 20
E 278 1 2 20
E 278 2 2 20
E 278 3 2 20
E 278 4 2 20
E 278 5 -3 -28
T 279 14 0 6 0
E 279 0 2 21
E 279 1 2 21
E 279 2 2 21
E 279 3 2 21
E 279 4 2 21
E 279 5 -3 -27
T 280 14 0 6 0
E 280 0 2 21
E 280 1 2 21
E 280 2 2 21
E 280 3 2 21
E 280 4 2 21
E 280 5 -3 -27
T 281 12 0 6 0
E 281 0 1 14
E 281 1 1 14
E 281 2 1 14
E 281 3 1 14
E 281 4 1 14
E 281 5 -3 -34
T 282 12 0 6 0
E 282 0 1 14
E 282 1 1 14
E 282 2 1 14
E 282 3 1 14
E 282 4 1 14
E 282 5 -3 -34
T 283 12 0 6 0
E 283 0 1 14
E 283 1 1 14
E 283 2 1 14
E 283 3 1 14
E 283 4 1 14
E 283 5 -3 -34
T 284 21 0 1 0
E 284 5 -13 -40
T 285 17 0 6 0
E 285 0 2 25
E 285 1 2 25
E 285 2 2 25
E 285 3 2 25
E 285 4 2 25
E 285 5 -2 -23
T 286 15 0 6 0
E 286 0 2 23
E 286 1 2 23
E 286 2 2 23
E 286 3 2 23
E 286 4 2 23
E 286 5 -2 -25
T 287 13 0 6 0
E 287 0 2 20
E 287 1 2 20
E 287 2 2 20
E 287 3 2 20
E 287 4 2 20
E 287 5 -3 -28
T 288 21 0 1 0
E 288 5 -13 -40
T 289 14 0 6 0
E 289 0 2 21
E 289 1 2 21
E 289 2 2 21
E 289 3 2 21
E 289 4 2 21
E 289 5 -3 -27
T 290 22 0 1 0
E 290 5 -12 -38
T 291 15 0 6 0
E 291 0 1 17
E 291 1 1 17
E 291 2 1 17
E 291 3 1 17
E 291 4 1 17
E 291 5 -3 -31
T 292 15 0 6 0
E 292 0 2 23
E 292 1 2 23
E 292 2 2 23
E 292 3 2 23
E 292 4 2 23
E 292 5 -2 -25
T 293 14 0 6 0
E 293 0 2 21
E 293 1 2 21
E 293 2 2 21
E 293 3 2 21
E 293 4 2 21
E 293 5 -3 -27
T 294 22 0 1 0
E 294 5 -12 -38
T 295 14 0 6 0
E 295 0 2 21
E 295 1 2 21
E 295 2 2 21
E 295 3 2 21
E 295 4 2 21
E 295 5 -3 -27
T 296 11 0 6 0
E 296 0 1 13
E 296 1 1 13
E 296 2 1 13
E 296 3 1 13
E 296 4 1 13
E 296 5 -3 -35
T 297 15 0 6 0
E 297 0 1 17
E 297 1 1 17
E 297 2 1 17
E 297 3 1 17
E 297 4 1 17
E 297 5 -3 -31
T 298 24 0 1 0
E 298 5 -12 -36
T 299 16 0 6 0
E 299 0 2 24
E 299 1 2 24
E 299 2 2 24
E 299 3 2 24
E 299 4 2 24
E 299 5 -2 -24
T 300 15 0 6 0
E 300 0 2 23
E 300 1 2 23
E 300 2 2 23
E 300 3 2 23
E 300 4 2 23
E 300 5 -2 -25
T 301 13 0 6 0
E 301 0 1 15
E 301 1 1 15
E 301 2 1 15
E 301 3 1 15
E 301 4 1 15
E 301 5 -3 -33
T 302 11 0 6 0
E 302 0 2 18
E 302 1 2 18
E 302 2 2 18
E 302 3 2 18
E 302 4 2 18
E 302 5 -3 -30
T 303 13 0 6 0
E 303 0 1 15
E 303 1 1 15
E 303 2 1 15
E 303 3 1 15
E 303 4 1 15
E 303 5 -3 -33
T 304 24 0 1 0
E 304 5 -12 -36
T 305 17 0 6 0
E 305 0 3 31
E 305 1 3 31
E 305 2 3 31
E 305 3 3 31
E 305 4 3 31
E 305 5 -1 -17
T 306 14 0 6 0
E 306 0 1 16
E 306 1 1 16
E 306 2 1 16
E 306 3 1 16
E 306 4 1 16
E 306 5 -3 -32
T 307 14 0 6 0
E 307 0 2 22
E 307 1 2 22
E 307 2 2 22
E 307 3 2 22
E 307 4 2 22
E 307 5 -2 -26
T 308 13 0 6 0
E 308 0 2 20
E 308 1 2 20
E 308 2 2 20
E 308 3 2 20
E 308 4 2 20
E 308 5 -3 -28
T 309 24 0 1 0
E 309 5 -12 -36
T 310 16 0 6 0
E 310 0 2 24
E 310 1 2 24
E 310 2 2 24
E 310 3 2 24
E 310 4 2 24
E 310 5 -2 -24
T 311 14 0 6 0
E 311 0 1 16
E 311 1 1 16
E 311 2 1 16
E 311 3 1 16
E 311 4 1 16
E 311 5 -3 -32
T 312 13 0 6 0
E 312 0 2 20
E 312 1 2 20
E 312 2 2 20
E 312 3 2 20
E 312 4 2 20
E 312 5 -3 -28
T 313 22 0 1 0
E 313 5 -13 -39
T 314 11 0 6 0
E 314 0 2 18
E 314 1 2 18
E 314 2 2 18
E 314 3 2 18
E 314 4 2 18
E 314 5 -3 -30
T 315 21 0 1 0
E 315 5 -13 -40
T 316 14 0 6 0
E 316 0 2 21
E 316 1 2 21
E 316 2 2 21
E 316 3 2 21
E 316 4 2 21
E 316 5 -3 -27
T 317 13 0 6 0
E 317 0 1 15
E 317 1 1 15
E 317 2 1 15
E 317 3 1 15
E 317 4 1 15
E 317 5 -3 -33
T 318 14 0 6 0
E 318 0 1 16
E 318 1 1 16
E 318 2 1 16
E 318 3 1 16
E 318 4 1 16
E 318 5 -3 -32
T 319 13 0 6 0
E 319 0 1 15
E 319 1 1 15
E 319 2 1 15
E 319 3 1 15
E 319 4 1 15
E 319 5 -3 -33
T 320 14 0 6 0
E 320 0 2 21
E 320 1 2 21
E 320 2 2 21
E 320 3 2 21
E 320 4 2 21
E 320 5 -3 -27
T 321 11 0 6 0
E 321 0 1 13
E 321 1 1 13
E 321 2 1 13
E 321 3 1 13
E 321 4 1 13
E 321 5 -3 -35
T 322 12 0 6 0
E 322 0 1 14
E 322 1 1 14
E 322 2 1 14
E 322 3 1 14
E 322 4 1 14
E 322 5 -3 -34
T 323 22 0 1 0
E 323 5 -13 -39
T 324 12 0 6 0
E 324 0 2 19
E 324 1 2 19
E 324 2 2 19
E 324 3 2 19
E 324 4 2 19
E 324 5 -3 -29
T 325 24 0 1 0
E 325 5 -12 -36
T 326 13 0 6 0
E 326 0 2 20
E 326 1 2 20
E 326 2 2 20
E 326 3 2 20
E 326 4 2 20
E 326 5 -3 -28
T 327 11 0 6 0
E 327 0 1 13
E 327 1 1 13
E 327 2 1 13
E 327 3 1 13
E 327 4 1 13
E 327 5 -3 -35
T 328 14 0 6 0
E 328 0 1 16
E 328 1 1 16
E 328 2 1 16
E 328 3 1 16
E 328 4 1 16
E 328 5 -3 -32
T 329 14 0 6 0
E 329 0 1 16
E 329 1 1 16
E 329 2 1 16
E 329 3 1 16
E 329 4 1 16
E 329 5 -3 -32
T 330 22 0 1 0
E 330 5 -12 -38
T 331 18 0 6 0
E 331 0 2 26
E 331 1 2 26
E 331 2 2 26
E 331 3 2 26
E 331 4 2 26
E 331 5 -2 -22
T 332 15 0 6 0
E 332 0 1 17
E 332 1 1 17
E 332 2 1 17
E 332 3 1 17
E 332 4 1 17
E 332 5 -3 -31
T 333 13 0 6 0
E 333 0 1 15
E 333 1 1 15
E 333 2 1 15
E 333 3 1 15
E 333 4 1 15
E 333 5 -3 -33
T 334 12 0 6 0
E 334 0 1 14
E 334 1 1 14
E 334 2 1 14
E 334 3 1 14
E 334 4 1 14
E 334 5 -3 -34
T 335 13 0 6 0
E 335 0 1 15
E 335 1 1 15
E 335 2 1 15
E 335 3 1 15
E 335 4 1 15
E 335 5 -3 -33
T 336 11 0 6 0
E 336 0 2 18
E 336 1 2 18
E 336 2 2 18
E 336 3 2 18
E 336 4 2 18
E 336 5 -3 -30
T 337 21 0 1 0
E 337 5 -12 -36
T 338 17 0 6 0
E 338 0 2 25
E 338 1 2 25
E 338 2 2 25
E 338 3 2 25
E 338 4 2 25
E 338 5 -2 -18
T 339 11 0 6 0
E 339 0 1 14
E 339 1 1 14
E 339 2 1 14
E 339 3 1 14
E 339 4 1 14
E 339 5 -2 -26
T 340 13 0 6 0
E 340 0 1 16
E 340 1 1 16
E 340 2 1 16
E 340 3 1 16
E 340 4 1 16
E 340 5 -2 -21
T 341 9 0 6 0
E 341 0 2 18
E 341 1 2 18
E 341 2 2 18
E 341 3 2 18
E 341 4 2 18
E 341 5 -1 -17
T 342 14 0 1 0
E 342 5 -8 -26
T 343 15 0 1 0
E 343 5 -7 -22
T 344 10 0 5 0
E 344 0 1 15
E 344 1 1 15
E 344 2 1 15
E 344 3 1 15
E 344 4 1 15
T 345 8 0 5 0
E 345 0 1 13
E 345 1 1 13
E 345 2 1 13
E 345 3 1 13
E 345 4 1 13
T 346 12 0 1 0
E 346 5 -4 -14
T 347 12 0 5 0
E 347 0 1 17
E 347 1 1 17
E 347 2 1 17
E 347 3 1 17
E 347 4 1 17
T 348 12 0 0 0
T 349 10 0 5 0
E 349 0 1 15
E 349 1 1 15
E 349 2 1 15
E 349 3 1 15
E 349 4 1 15
T 350 8 0 0 0
T 351 5 0 0 0
T 352 8 0 0 0
T 353 2 0 0 0
T 354 4 0 0 0
T 355 5 0 0 0
T 356 4 0 0 0
T 357 2 0 0 0
T 358 8 0 0 0
T 359 6 0 0 0
T 360 8 0 0 0
T 361 10 0 0 0
T 362 10 0 5 0
E 362 0 -1 -15
E 362 1 -1 -15
E 362 2 -1 -15
E 362 3 -1 -15
E 362 4 -1 -15
T 363 12 0 1 0
E 363 5 5 15
T 364 13 0 1 0
E 364 5 5 17
T 365 16 0 1 0
E 365 5 5 17
T 366 8 0 5 0
E 366 0 -2 -18
E 366 1 -2 -18
E 366 2 -2 -18
E 366 3 -2 -18
E 366 4 -2 -18
T 367 13 0 1 0
E 367 5 8 25
T 368 13 0 6 0
E 368 0 -1 -17
E 368 1 -1 -17
E 368 2 -1 -17
E 368 3 -1 -17
E 368 4 -1 -17
E 368 5 1 13
T 369 11 0 6 0
E 369 0 -1 -15
E 369 1 -1 -15
E 369 2 -1 -15
E 369 3 -1 -15
E 369 4 -1 -15
E 369 5 1 15
T 370 13 0 6 0
E 370 0 -1 -17
E 370 1 -1 -17
E 370 2 -1 -17
E 370 3 -1 -17
E 370 4 -1 -17
E 370 5 1 13
T 371 18 0 1 0
E 371 5 6 18
T 372 12 0 6 0
E 372 0 -1 -16
E 372 1 -1 -16
E 372 2 -1 -16
E 372 3 -1 -16
E 372 4 -1 -16
E 372 5 1 14
T 373 17 0 1 0
E 373 5 6 19
T 374 14 0 5 0
E 374 0 -2 -24
E 374 1 -2 -24
E 374 2 -2 -24
E 374 3 -2 -24
E 374 4 -2 -24
T 375 10 0 5 0
E 375 0 -2 -20
E 375 1 -2 -20
E 375 2 -2 -20
E 375 3 -2 -20
E 375 4 -2 -20
T 376 16 0 1 0
E 376 5 7 21
T 377 11 0 6 0
E 377 0 -1 -15
E 377 1 -1 -15
E 377 2 -1 -15
E 377 3 -1 -15
E 377 4 -1 -15
E 377 5 1 15
T 378 11 0 6 0
E 378 0 -1 -15
E 378 1 -1 -15
E 378 2 -1 -15
E 378 3 -1 -15
E 378 4 -1 -15
E 378 5 1 15
T 379 18 0 1 0
E 379 5 6 18
T 380 10 0 5 0
E 380 0 -2 -20
E 380 1 -2 -20
E 380 2 -2 -20
E 380 3 -2 -20
E 380 4 -2 -20
T 381 16 0 1 0
E 381 5 7 21
T 382 10 0 6 0
E 382 0 -1 -14
E 382 1 -1 -14
E 382 2 -1 -14
E 382 3 -1 -14
E 382 4 -1 -14
E 382 5 1 16
T 383 9 0 6 0
E 383 0 -1 -13
E 383 1 -1 -13
E 383 2 -1 -13
E 383 3 -1 -13
E 383 4 -1 -13
E 383 5 1 17
T 384 13 0 1 0
E 384 5 8 25
T 385 9 0 6 0
E 385 0 -1 -13
E 385 1 -1 -13
E 385 2 -1 -13
E 385 3 -1 -13
E 385 4 -1 -13
E 385 5 1 17
T 386 14 0 1 0
E 386 5 8 25
T 387 11 0 5 0
E 387 0 -2 -21
E 387 1 -2 -21
E 387 2 -2 -21
E 387 3 -2 -21
E 387 4 -2 -21
T 388 10 0 6 0
E 388 0 -1 -13
E 388 1 -1 -13
E 388 2 -1 -13
E 388 3 -1 -13
E 388 4 -1 -13
E 388 5 2 19
T 389 15 0 1 0
E 389 5 9 27
T 390 10 0 6 0
E 390 0 -2 -19
E 390 1 -2 -19
E 390 2 -2 -19
E 390 3 -2 -19
E 390 4 -2 -19
E 390 5 1 14
T 391 17 0 1 0
E 391 5 8 25
T 392 11 0 6 0
E 392 0 -1 -14
E 392 1 -1 -14
E 392 2 -1 -14
E 392 3 -1 -14
E 392 4 -1 -14
E 392 5 2 20
T 393 17 0 1 0
E 393 5 9 27
T 394 14 0 6 0
E 394 0 -2 -23
E 394 1 -2 -23
E 394 2 -2 -23
E 394 3 -2 -23
E 394 4 -2 -23
E 394 5 1 13
T 395 18 0 1 0
E 395 5 9 27
T 396 14 0 6 0
E 396 0 -2 -23
E 396 1 -2 -23
E 396 2 -2 -23
E 396 3 -2 -23
E 396 4 -2 -23
E 396 5 1 14
T 397 20 0 1 0
E 397 5 8 25
T 398 13 0 6 0
E 398 0 -1 -16
E 398 1 -1 -16
E 398 2 -1 -16
E 398 3 -1 -16
E 398 4 -1 -16
E 398 5 2 22
T 399 13 0 6 0
E 399 0 -1 -16
E 399 1 -1 -16
E 399 2 -1 -16
E 399 3 -1 -16
E 399 4 -1 -16
E 399 5 2 23
T 400 10 0 6 0
E 400 0 -2 -18
E 400 1 -2 -18
E 400 2 -2 -18
E 400 3 -2 -18
E 400 4 -2 -18
E 400 5 2 21
T 401 12 0 6 0
E 401 0 -1 -15
E 401 1 -1 -15
E 401 2 -1 -15
E 401 3 -1 -15
E 401 4 -1 -15
E 401 5 2 25
T 402 18 0 1 0
E 402 5 10 32
T 403 14 0 6 0
E 403 0 -2 -22
E 403 1 -2 -22
E 403 2 -2 -22
E 403 3 -2 -22
E 403 4 -2 -22
E 403 5 2 19
T 404 13 0 6 0
E 404 0 -1 -16
E 404 1 -1 -16
E 404 2 -1 -16
E 404 3 -1 -16
E 404 4 -1 -16
E 404 5 2 26
T 405 10 0 6 0
E 405 0 -2 -18
E 405 1 -2 -18
E 405 2 -2 -18
E 405 3 -2 -18
E 405 4 -2 -18
E 405 5 2 24
T 406 11 0 6 0
E 406 0 -1 -13
E 406 1 -1 -13
E 406 2 -1 -13
E 406 3 -1 -13
E 406 4 -1 -13
E 406 5 3 30
T 407 13 0 6 0
E 407 0 -1 -15
E 407 1 -1 -15
E 407 2 -1 -15
E 407 3 -1 -15
E 407 4 -1 -15
E 407 5 3 28
T 408 13 0 6 0
E 408 0 -1 -15
E 408 1 -1 -15
E 408 2 -1 -15
E 408 3 -1 -15
E 408 4 -1 -15
E 408 5 3 29
T 409 13 0 6 0
E 409 0 -2 -21
E 409 1 -2 -21
E 409 2 -2 -21
E 409 3 -2 -21
E 409 4 -2 -21
E 409 5 2 24
T 410 11 0 6 0
E 410 0 -1 -13
E 410 1 -1 -13
E 410 2 -1 -13
E 410 3 -1 -13
E 410 4 -1 -13
E 410 5 3 32
T 411 20 0 1 0
E 411 5 13 39
T 412 12 0 6 0
E 412 0 -2 -19
E 412 1 -2 -19
E 412 2 -2 -19
E 412 3 -2 -19
E 412 4 -2 -19
E 412 5 3 27
T 413 21 0 1 0
E 413 5 12 38
T 414 15 0 6 0
E 414 0 -3 -28
E 414 1 -3 -28
E 414 2 -3 -28
E 414 3 -3 -28
E 414 4 -3 -28
E 414 5 2 20
T 415 15 0 6 0
E 415 0 -1 -17
E 415 1 -1 -17
E 415 2 -1 -17
E 415 3 -1 -17
E 415 4 -1 -17
E 415 5 3 31
T 416 14 0 6 0
E 416 0 -2 -21
E 416 1 -2 -21
E 416 2 -2 -21
E 416 3 -2 -21
E 416 4 -2 -21
E 416 5 3 27
T 417 12 0 6 0
E 417 0 -1 -14
E 417 1 -1 -14
E 417 2 -1 -14
E 417 3 -1 -14
E 417 4 -1 -14
E 417 5 3 34
T 418 13 0 6 0
E 418 0 -2 -20
E 418 1 -2 -20
E 418 2 -2 -20
E 418 3 -2 -20
E 418 4 -2 -20
E 418 5 3 28
T 419 14 0 6 0
E 419 0 -1 -16
E 419 1 -1 -16
E 419 2 -1 -16
E 419 3 -1 -16
E 419 4 -1 -16
E 419 5 3 32
T 420 15 0 6 0
E 420 0 -1 -17
E 420 1 -1 -17
E 420 2 -1 -17
E 420 3 -1 -17
E 420 4 -1 -17
E 420 5 3 31
T 421 14 0 6 0
E 421 0 -2 -22
E 421 1 -2 -22
E 421 2 -2 -22
E 421 3 -2 -22
E 421 4 -2 -22
E 421 5 2 26
T 422 23 0 1 0
E 422 5 12 37
T 423 18 0 6 0
E 423 0 -2 -26
E 423 1 -2 -26
E 423 2 -2 -26
E 423 3 -2 -26
E 423 4 -2 -26
E 423 5 2 22
T 424 12 0 6 0
E 424 0 -2 -19
E 424 1 -2 -19
E 424 2 -2 -19
E 424 3 -2 -19
E 424 4 -2 -19
E 424 5 3 29
T 425 13 0 6 0
E 425 0 -1 -15
E 425 1 -1 -15
E 425 2 -1 -15
E 425 3 -1 -15
E 425 4 -1 -15
E 425 5 3 33
T 426 14 0 6 0
E 426 0 -2 -21
E 426 1 -2 -21
E 426 2 -2 -21
E 426 3 -2 -21
E 426 4 -2 -21
E 426 5 3 27
T 427 13 0 6 0
E 427 0 -2 -20
E 427 1 -2 -20
E 427 2 -2 -20
E 427 3 -2 -20
E 427 4 -2 -20
E 427 5 3 28
T 428 12 0 6 0
E 428 0 -1 -14
E 428 1 -1 -14
E 428 2 -1 -14
E 428 3 -1 -14
E 428 4 -1 -14
E 428 5 3 34
T 429 14 0 6 0
E 429 0 -1 -16
E 429 1 -1 -16
E 429 2 -1 -16
E 429 3 -1 -16
E 429 4 -1 -16
E 429 5 3 32
T 430 13 0 6 0
E 430 0 -2 -20
E 430 1 -2 -20
E 430 2 -2 -20
E 430 3 -2 -20
E 430 4 -2 -20
E 430 5 3 28
T 431 14 0 6 0
E 431 0 -1 -16
E 431 1 -1 -16
E 431 2 -1 -16
E 431 3 -1 -16
E 431 4 -1 -16
E 431 5 3 32
T 432 13 0 6 0
E 432 0 -1 -15
E 432 1 -1 -15
E 432 2 -1 -15
E 432 3 -1 -15
E 432 4 -1 -15
E 432 5 3 33
T 433 22 0 1 0
E 433 5 13 39
T 434 16 0 6 0
E 434 0 -2 -24
E 434 1 -2 -24
E 434 2 -2 -24
E 434 3 -2 -24
E 434 4 -2 -24
E 434 5 2 24
T 435 12 0 6 0
E 435 0 -2 -19
E 435 1 -2 -19
E 435 2 -2 -19
E 435 3 -2 -19
E 435 4 -2 -19
E 435 5 3 29
T 436 24 0 1 0
E 436 5 12 36
T 437 16 0 6 0
E 437 0 -2 -24
E 437 1 -2 -24
E 437 2 -2 -24
E 437 3 -2 -24
E 437 4 -2 -24
E 437 5 2 24
T 438 13 0 6 0
E 438 0 -2 -20
E 438 1 -2 -20
E 438 2 -2 -20
E 438 3 -2 -20
E 438 4 -2 -20
E 438 5 3 28
T 439 12 0 6 0
E 439 0 -1 -14
E 439 1 -1 -14
E 439 2 -1 -14
E 439 3 -1 -14
E 439 4 -1 -14
E 439 5 3 34
T 440 22 0 1 0
E 440 5 12 38
T 441 14 0 6 0
E 441 0 -3 -27
E 441 1 -3 -27
E 441 2 -3 -27
E 441 3 -3 -27
E 441 4 -3 -27
E 441 5 2 21
T 442 24 0 1 0
E 442 5 12 36
T 443 16 0 6 0
E 443 0 -2 -24
E 443 1 -2 -24
E 443 2 -2 -24
E 443 3 -2 -24
E 443 4 -2 -24
E 443 5 2 24
T 444 13 0 6 0
E 444 0 -2 -20
E 444 1 -2 -20
E 444 2 -2 -20
E 444 3 -2 -20
E 444 4 -2 -20
E 444 5 3 28
T 445 23 0 1 0
E 445 5 12 37
T 446 16 0 6 0
E 446 0 -3 -29
E 446 1 -3 -29
E 446 2 -3 -29
E 446 3 -3 -29
E 446 4 -3 -29
E 446 5 2 19
T 447 24 0 1 0
E 447 5 12 36
T 448 15 0 6 0
E 448 0 -3 -28
E 448 1 -3 -28
E 448 2 -3 -28
E 448 3 -3 -28
E 448 4 -3 -28
E 448 5 2 20
T 449 14 0 6 0
E 449 0 -1 -16
E 449 1 -1 -16
E 449 2 -1 -16
E 449 3 -1 -16
E 449 4 -1 -16
E 449 5 3 32
T 450 15 0 6 0
E 450 0 -1 -17
E 450 1 -1 -17
E 450 2 -1 -17
E 450 3 -1 -17
E 450 4 -1 -17
E 450 5 3 31
T 451 13 0 6 0
E 451 0 -1 -15
E 451 1 -1 -15
E 451 2 -1 -15
E 451 3 -1 -15
E 451 4 -1 -15
E 451 5 3 33
T 452 13 0 6 0
E 452 0 -1 -15
E 452 1 -1 -15
E 452 2 -1 -15
E 452 3 -1 -15
E 452 4 -1 -15
E 452 5 3 33
T 453 22 0 1 0
E 453 5 13 39
T 454 12 0 6 0
E 454 0 -2 -19
E 454 1 -2 -19
E 454 2 -2 -19
E 454 3 -2 -19
E 454 4 -2 -19
E 454 5 3 29
T 455 21 0 1 0
E 455 5 13 40
T 456 17 0 6 0
E 456 0 -2 -25
E 456 1 -2 -25
E 456 2 -2 -25
E 456 3 -2 -25
E 456 4 -2 -25
E 456 5 2 23
T 457 13 0 6 0
E 457 0 -2 -20
E 457 1 -2 -20
E 457 2 -2 -20
E 457 3 -2 -20
E 457 4 -2 -20
E 457 5 3 28
T 458 14 0 6 0
E 458 0 -2 -21
E 458 1 -2 -21
E 458 2 -2 -21
E 458 3 -2 -21
E 458 4 -2 -21
E 458 5 3 27
T 459 22 0 1 0
E 459 5 12 38
T 460 15 0 6 0
E 460 0 -2 -23
E 460 1 -2 -23
E 460 2 -2 -23
E 460 3 -2 -23
E 460 4 -2 -23
E 460 5 2 25
T 461 11 0 6 0
E 461 0 -1 -13
E 461 1 -1 -13
E 461 2 -1 -13
E 461 3 -1 -13
E 461 4 -1 -13
E 461 5 3 35
T 462 22 0 1 0
E 462 5 12 38
T 463 17 0 6 0
E 463 0 -2 -25
E 463 1 -2 -25
E 463 2 -2 -25
E 463 3 -2 -25
E 463 4 -2 -25
E 463 5 2 23
T 464 17 0 6 0
E 464 0 -2 -25
E 464 1 -2 -25
E 464 2 -2 -25
E 464 3 -2 -25
E 464 4 -2 -25
E 464 5 2 23
T 465 12 0 6 0
E 465 0 -2 -19
E 465 1 -2 -19
E 465 2 -2 -19
E 465 3 -2 -19
E 465 4 -2 -19
E 465 5 3 29
T 466 13 0 6 0
E 466 0 -2 -20
E 466 1 -2 -20
E 466 2 -2 -20
E 466 3 -2 -20
E 466 4 -2 -20
E 466 5 3 28
T 467 13 0 6 0
E 467 0 -1 -15
E 467 1 -1 -15
E 467 2 -1 -15
E 467 3 -1 -15
E 467 4 -1 -15
E 467 5 3 33
T 468 23 0 1 0
E 468 5 12 37
T 469 16 0 6 0
E 469 0 -3 -29
E 469 1 -3 -29
E 469 2 -3 -29
E 469 3 -3 -29
E 469 4 -3 -29
E 469 5 2 19
T 470 14 0 6 0
E 470 0 -2 -21
E 470 1 -2 -21
E 470 2 -2 -21
E 470 3 -2 -21
E 470 4 -2 -21
E 470 5 3 27
T 471 14 0 6 0
E 471 0 -1 -16
E 471 1 -1 -16
E 471 2 -1 -16
E 471 3 -1 -16
E 471 4 -1 -16
E 471 5 3 32
T 472 22 0 1 0
E 472 5 13 39
T 473 16 0 6 0
E 473 0 -3 -29
E 473 1 -3 -29
E 473 2 -3 -29
E 473 3 -3 -29
E 473 4 -3 -29
E 473 5 2 19
T 474 13 0 6 0
E 474 0 -1 -15
E 474 1 -1 -15
E 474 2 -1 -15
E 474 3 -1 -15
E 474 4 -1 -15
E 474 5 3 33
T 475 12 0 6 0
E 475 0 -2 -19
E 475 1 -2 -19
E 475 2 -2 -19
E 475 3 -2 -19
E 475 4 -2 -19
E 475 5 3 29
T 476 12 0 6 0
E 476 0 -1 -14
E 476 1 -1 -14
E 476 2 -1 -14
E 476 3 -1 -14
E 476 4 -1 -14
E 476 5 3 34
T 477 23 0 1 0
E 477 5 12 37
T 478 16 0 6 0
E 478 0 -2 -24
E 478 1 -2 -24
E 478 2 -2 -24
E 478 3 -2 -24
E 478 4 -2 -24
E 478 5 2 24
T 479 13 0 6 0
E 479 0 -2 -20
E 479 1 -2 -20
E 479 2 -2 -20
E 479 3 -2 -20
E 479 4 -2 -20
E 479 5 3 28
T 480 14 0 6 0
E 480 0 4 38
E 480 1 4 38
E 480 2 4 38
E 480 3 4 38
E 480 4 4 38
E 480 5 4 38
T 481 9 0 6 0
E 481 0 2 21
E 481 1 2 21
E 481 2 2 21
E 481 3 2 21
E 481 4 2 21
E 481 5 2 18
T 482 9 0 5 0
E 482 0 1 14
E 482 1 1 14
E 482 2 1 14
E 482 3 1 14
E 482 4 1 14
T 483 9 0 5 0
E 483 0 1 14
E 483 1 1 14
E 483 2 1 14
E 483 3 1 14
E 483 4 1 14
T 484 10 0 0 0
T 485 11 0 5 0
E 485 0 1 16
E 485 1 1 16
E 485 2 1 16
E 485 3 1 16
E 485 4 1 16
T 486 8 0 5 0
E 486 0 2 18
E 486 1 2 18
E 486 2 2 18
E 486 3 2 18
E 486 4 2 18
T 487 12 0 0 0
T 488 11 0 5 0
E 488 0 1 16
E 488 1 1 16
E 488 2 1 16
E 488 3 1 16
E 488 4 1 16
T 489 15 0 1 0
E 489 5 -6 -20
T 490 12 0 6 0
E 490 0 1 16
E 490 1 1 16
E 490 2 1 16
E 490 3 1 16
E 490 4 1 16
E 490 5 -1 -16
T 491 17 0 1 0
E 491 5 -8 -26
T 492 11 0 6 0
E 492 0 2 19
E 492 1 2 19
E 492 2 2 19
E 492 3 2 19
E 492 4 2 19
E 492 5 -2 -19
T 493 11 0 6 0
E 493 0 1 13
E 493 1 1 13
E 493 2 1 13
E 493 3 1 13
E 493 4 1 13
E 493 5 -3 -28
T 494 14 0 6 0
E 494 0 1 16
E 494 1 1 16
E 494 2 1 16
E 494 3 1 16
E 494 4 1 16
E 494 5 -3 -29
T 495 22 0 1 0
E 495 5 -12 -38
T 496 15 0 6 0
E 496 0 3 28
E 496 1 3 28
E 496 2 3 28
E 496 3 3 28
E 496 4 3 28
E 496 5 -2 -23
T 497 12 0 6 0
E 497 0 2 19
E 497 1 2 19
E 497 2 2 19
E 497 3 2 19
E 497 4 2 19
E 497 5 -3 -35
T 498 15 0 6 0
E 498 0 1 16
E 498 1 1 16
E 498 2 1 16
E 498 3 1 16
E 498 4 1 16
E 498 5 -4 -41
T 499 16 1 6 0
E 499 0 1 16
E 499 1 1 16
E 499 2 1 16
E 499 3 1 16
E 499 4 1 16
E 499 5 -5 -45
T 500 16 1 6 0
E 500 0 1 16
E 500 1 1 16
E 500 2 1 16
E 500 3 1 16
E 500 4 1 16
E 500 5 -5 -48
T 501 15 0 6 0
E 501 0 2 20
E 501 1 2 20
E 501 2 2 20
E 501 3 2 20
E 501 4 2 20
E 501 5 -5 -47
T 502 13 0 6 0
E 502 0 2 18
E 502 1 2 18
E 502 2 2 18
E 502 3 2 18
E 502 4 2 18
E 502 5 -5 -52
T 503 32 0 1 0
E 503 5 -20 -61
T 504 24 0 6 0
E 504 0 4 40
E 504 1 4 40
E 504 2 4 40
E 504 3 4 40
E 504 4 4 40
E 504 5 -4 -37
T 505 17 0 6 0
E 505 0 2 21
E 505 1 2 21
E 505 2 2 21
E 505 3 2 21
E 505 4 2 21
E 505 5 -6 -59
T 506 17 0 6 0
E 506 0 2 21
E 506 1 2 21
E 506 2 2 21
E 506 3 2 21
E 506 4 2 21
E 506 5 -6 -62
T 507 15 0 6 0
E 507 0 2 18
E 507 1 2 18
E 507 2 2 18
E 507 3 2 18
E 507 4 2 18
E 507 5 -7 -68
T 508 36 0 1 0
E 508 5 -26 -79
T 509 26 0 6 0
E 509 0 4 41
E 509 1 4 41
E 509 2 4 41
E 509 3 4 41
E 509 4 4 41
E 509 5 -5 -52
T 510 17 0 6 0
E 510 0 2 25
E 510 1 2 25
E 510 2 2 25
E 510 3 2 25
E 510 4 2 25
E 510 5 -2 -23
T 511 15 0 6 0
E 511 0 2 23
E 511 1 2 23
E 511 2 2 23
E 511 3 2 23
E 511 4 2 23
E 511 5 -2 -25
T 512 14 0 6 0
E 512 0 2 22
E 512 1 2 22
E 512 2 2 22
E 512 3 2 22
E 512 4 2 22
E 512 5 -2 -26
T 513 22 0 1 0
E 513 5 -13 -39
T 514 13 0 6 0
E 514 0 2 20
E 514 1 2 20
E 514 2 2 20
E 514 3 2 20
E 514 4 2 20
E 514 5 -3 -28
T 515 15 0 6 0
E 515 0 1 17
E 515 1 1 17
E 515 2 1 17
E 515 3 1 17
E 515 4 1 17
E 515 5 -3 -31
T 516 13 0 6 0
E 516 0 1 15
E 516 1 1 15
E 516 2 1 15
E 516 3 1 15
E 516 4 1 15
E 516 5 -3 -33
T 517 14 0 6 0
E 517 0 2 21
E 517 1 2 21
E 517 2 2 21
E 517 3 2 21
E 517 4 2 21
E 517 5 -3 -27
T 518 24 0 1 0
E 518 5 -12 -36
T 519 17 0 6 0
E 519 0 2 25
E 519 1 2 25
E 519 2 2 25
E 519 3 2 25
E 519 4 2 25
E 519 5 -2 -23
T 520 15 0 6 0
E 520 0 1 17
E 520 1 1 17
E 520 2 1 17
E 520 3 1 17
E 520 4 1 17
E 520 5 -3 -31
T 521 23 0 1 0
E 521 5 -12 -37
T 522 15 0 6 0
E 522 0 3 28
E 522 1 3 28
E 522 2 3 28
E 522 3 3 28
E 522 4 3 28
E 522 5 -2 -20
T 523 23 0 1 0
E 523 5 -12 -37
T 524 17 0 6 0
E 524 0 3 31
E 524 1 3 31
E 524 2 3 31
E 524 3 3 31
E 524 4 3 31
E 524 5 -1 -17
T 525 12 0 6 0
E 525 0 1 14
E 525 1 1 14
E 525 2 1 14
E 525 3 1 14
E 525 4 1 14
E 525 5 -3 -34
T 526 22 0 1 0
E 526 5 -13 -39
T 527 16 0 6 0
E 527 0 2 24
E 527 1 2 24
E 527 2 2 24
E 527 3 2 24
E 527 4 2 24
E 527 5 -2 -24
T 528 11 0 6 0
E 528 0 2 18
E 528 1 2 18
E 528 2 2 18
E 528 3 2 18
E 528 4 2 18
E 528 5 -3 -30
T 529 21 0 1 0
E 529 5 -13 -40
T 530 15 0 6 0
E 530 0 3 28
E 530 1 3 28
E 530 2 3 28
E 530 3 3 28
E 530 4 3 28
E 530 5 -2 -20
T 531 13 0 6 0
E 531 0 1 15
E 531 1 1 15
E 531 2 1 15
E 531 3 1 15
E 531 4 1 15
E 531 5 -3 -33
T 532 13 0 6 0
E 532 0 2 20
E 532 1 2 20
E 532 2 2 20
E 532 3 2 20
E 532 4 2 20
E 532 5 -3 -28
T 533 22 0 1 0
E 533 5 -13 -39
T 534 12 0 6 0
E 534 0 2 19
E 534 1 2 19
E 534 2 2 19
E 534 3 2 19
E 534 4 2 19
E 534 5 -3 -29
T 535 24 0 1 0
E 535 5 -12 -36
T 536 17 0 6 0
E 536 0 2 25
E 536 1 2 25
E 536 2 2 25
E 536 3 2 25
E 536 4 2 25
E 536 5 -2 -23
T 537 13 0 6 0
E 537 0 1 15
E 537 1 1 15
E 537 2 1 15
E 537 3 1 15
E 537 4 1 15
E 537 5 -3 -33
T 538 13 0 6 0
E 538 0 2 20
E 538 1 2 20
E 538 2 2 20
E 538 3 2 20
E 538 4 2 20
E 538 5 -3 -28
T 539 13 0 6 0
E 539 0 2 20
E 539 1 2 20
E 539 2 2 20
E 539 3 2 20
E 539 4 2 20
E 539 5 -3 -28
T 540 14 0 6 0
E 540 0 2 21
E 540 1 2 21
E 540 2 2 21
E 540 3 2 21
E 540 4 2 21
E 540 5 -3 -27
T 541 14 0 6 0
E 541 0 2 21
E 541 1 2 21
E 541 2 2 21
E 541 3 2 21
E 541 4 2 21
E 541 5 -3 -27
T 542 11 0 6 0
E 542 0 2 18
E 542 1 2 18
E 542 2 2 18
E 542 3 2 18
E 542 4 2 18
E 542 5 -3 -30
T 543 11 0 6 0
E 543 0 1 13
E 543 1 1 13
E 543 2 1 13
E 543 3 1 13
E 543 4 1 13
E 543 5 -3 -35
T 544 22 0 1 0
E 544 5 -13 -39
T 545 17 0 6 0
E 545 0 2 25
E 545 1 2 25
E 545 2 2 25
E 545 3 2 25
E 545 4 2 25
E 545 5 -2 -23
T 546 15 0 6 0
E 546 0 2 23
E 546 1 2 23
E 546 2 2 23
E 546 3 2 23
E 546 4 2 23
E 546 5 -2 -25
T 547 23 0 1 0
E 547 5 -12 -37
T 548 14 0 6 0
E 548 0 3 27
E 548 1 3 27
E 548 2 3 27
E 548 3 3 27
E 548 4 3 27
E 548 5 -2 -21
T 549 14 0 6 0
E 549 0 2 21
E 549 1 2 21
E 549 2 2 21
E 549 3 2 21
E 549 4 2 21
E 549 5 -3 -27
T 550 24 0 1 0
E 550 5 -12 -36
T 551 14 0 6 0
E 551 0 2 21
E 551 1 2 21
E 551 2 2 21
E 551 3 2 21
E 551 4 2 21
E 551 5 -3 -27
T 552 11 0 6 0
E 552 0 1 13
E 552 1 1 13
E 552 2 1 13
E 552 3 1 13
E 552 4 1 13
E 552 5 -3 -35
T 553 14 0 6 0
E 553 0 1 16
E 553 1 1 16
E 553 2 1 16
E 553 3 1 16
E 553 4 1 16
E 553 5 -3 -32
T 554 13 0 6 0
E 554 0 1 15
E 554 1 1 15
E 554 2 1 15
E 554 3 1 15
E 554 4 1 15
E 554 5 -3 -33
T 555 13 0 6 0
E 555 0 2 20
E 555 1 2 20
E 555 2 2 20
E 555 3 2 20
E 555 4 2 20
E 555 5 -3 -28
T 556 14 0 6 0
E 556 0 1 16
E 556 1 1 16
E 556 2 1 16
E 556 3 1 16
E 556 4 1 16
E 556 5 -3 -32
T 557 24 0 1 0
E 557 5 -12 -36
T 558 14 0 6 0
E 558 0 2 22
E 558 1 2 22
E 558 2 2 22
E 558 3 2 22
E 558 4 2 22
E 558 5 -2 -26
T 559 24 0 1 0
E 559 5 -12 -36
T 560 18 0 6 0
E 560 0 3 32
E 560 1 3 32
E 560 2 3 32
E 560 3 3 32
E 560 4 3 32
E 560 5 -1 -16
T 561 11 0 6 0
E 561 0 1 13
E 561 1 1 13
E 561 2 1 13
E 561 3 1 13
E 561 4 1 13
E 561 5 -3 -35
T 562 15 0 6 0
E 562 0 1 17
E 562 1 1 17
E 562 2 1 17
E 562 3 1 17
E 562 4 1 17
E 562 5 -3 -31
T 563 24 0 1 0
E 563 5 -12 -36
T 564 14 0 6 0
E 564 0 2 21
E 564 1 2 21
E 564 2 2 21
E 564 3 2 21
E 564 4 2 21
E 564 5 -3 -27
T 565 12 0 6 0
E 565 0 2 19
E 565 1 2 19
E 565 2 2 19
E 565 3 2 19
E 565 4 2 19
E 565 5 -3 -29
T 566 13 0 6 0
E 566 0 1 15
E 566 1 1 15
E 566 2 1 15
E 566 3 1 15
E 566 4 1 15
E 566 5 -3 -33
T 567 12 0 6 0
E 567 0 1 14
E 567 1 1 14
E 567 2 1 14
E 567 3 1 14
E 567 4 1 14
E 567 5 -3 -34
T 568 23 0 1 0
E 568 5 -12 -37
T 569 14 0 6 0
E 569 0 2 22
E 569 1 2 22
E 569 2 2 22
E 569 3 2 22
E 569 4 2 22
E 569 5 -2 -26
T 570 14 0 6 0
E 570 0 1 16
E 570 1 1 16
E 570 2 1 16
E 570 3 1 16
E 570 4 1 16
E 570 5 -3 -32
T 571 22 0 1 0
E 571 5 -13 -39
T 572 18 0 6 0
E 572 0 2 26
E 572 1 2 26
E 572 2 2 26
E 572 3 2 26
E 572 4 2 26
E 572 5 -2 -22
T 573 17 0 6 0
E 573 0 2 25
E 573 1 2 25
E 573 2 2 25
E 573 3 2 25
E 573 4 2 25
E 573 5 -2 -23
T 574 17 0 6 0
E 574 0 2 25
E 574 1 2 25
E 574 2 2 25
E 574 3 2 25
E 574 4 2 25
E 574 5 -2 -23
T 575 12 0 6 0
E 575 0 1 14
E 575 1 1 14
E 575 2 1 14
E 575 3 1 14
E 575 4 1 14
E 575 5 -3 -34
T 576 23 0 1 0
E 576 5 -12 -37
T 577 13 0 6 0
E 577 0 2 21
E 577 1 2 21
E 577 2 2 21
E 577 3 2 21
E 577 4 2 21
E 577 5 -2 -24
T 578 13 0 6 0
E 578 0 1 15
E 578 1 1 15
E 578 2 1 15
E 578 3 1 15
E 578 4 1 15
E 578 5 -3 -28
T 579 17 0 1 0
E 579 5 -11 -34
T 580 12 0 6 0
E 580 0 1 15
E 580 1 1 15
E 580 2 1 15
E 580 3 1 15
E 580 4 1 15
E 580 5 -2 -22
T 581 17 0 1 0
E 581 5 -9 -27
T 582 9 0 6 0
E 582 0 2 18
E 582 1 2 18
E 582 2 2 18
E 582 3 2 18
E 582 4 2 18
E 582 5 -1 -14
T 583 16 0 1 0
E 583 5 -7 -21
T 584 17 0 1 0
E 584 5 -5 -15
T 585 9 0 5 0
E 585 0 1 14
E 585 1 1 14
E 585 2 1 14
E 585 3 1 14
E 585 4 1 14
T 586 9 0 5 0
E 586 0 1 14
E 586 1 1 14
E 586 2 1 14
E 586 3 1 14
E 586 4 1 14
T 587 9 0 0 0
T 588 5 0 0 0
T 589 4 0 0 0
T 590 8 0 0 0
T 591 8 0 5 0
E 591 0 1 13
E 591 1 1 13
E 591 2 1 13
E 591 3 1 13
E 591 4 1 13
T 592 6 0 0 0
T 593 10 0 0 0
T 594 12 0 0 0
T 595 8 0 0 0
T 596 5 0 1 0
E 596 5 4 13
T 597 2 0 0 0
T 598 0 0 1 0
E 598 5 4 13
T 599 0 0 0 0
T 600 6 0 1 0
E 600 5 4 13
T 601 7 0 1 0
E 601 5 4 14
T 602 10 0 1 0
E 602 5 4 14
T 603 12 0 1 0
E 603 5 5 15
T 604 11 0 5 0
E 604 0 -1 -16
E 604 1 -1 -16
E 604 2 -1 -16
E 604 3 -1 -16
E 604 4 -1 -16
T 605 15 0 1 0
E 605 5 6 19
T 606 16 0 1 0
E 606 5 6 20
T 607 9 0 5 0
E 607 0 -2 -19
E 607 1 -2 -19
E 607 2 -2 -19
E 607 3 -2 -19
E 607 4 -2 -19
T 608 12 0 1 0
E 608 5 8 26
T 609 11 0 6 0
E 609 0 -1 -15
E 609 1 -1 -15
E 609 2 -1 -15
E 609 3 -1 -15
E 609 4 -1 -15
E 609 5 1 15
T 610 11 0 6 0
E 610 0 -1 -15
E 610 1 -1 -15
E 610 2 -1 -15
E 610 3 -1 -15
E 610 4 -1 -15
E 610 5 1 15
T 611 13 0 6 0
E 611 0 -1 -17
E 611 1 -1 -17
E 611 2 -1 -17
E 611 3 -1 -17
E 611 4 -1 -17
E 611 5 1 13
T 612 16 0 1 0
E 612 5 6 20
T 613 12 0 5 0
E 613 0 -2 -22
E 613 1 -2 -22
E 613 2 -2 -22
E 613 3 -2 -22
E 613 4 -2 -22
T 614 17 0 1 0
E 614 5 6 19
T 615 14 0 5 0
E 615 0 -2 -24
E 615 1 -2 -24
E 615 2 -2 -24
E 615 3 -2 -24
E 615 4 -2 -24
T 616 10 0 5 0
E 616 0 -2 -20
E 616 1 -2 -20
E 616 2 -2 -20
E 616 3 -2 -20
E 616 4 -2 -20
T 617 13 0 1 0
E 617 5 8 25
T 618 17 0 1 0
E 618 5 6 19
T 619 18 0 1 0
E 619 5 6 18
T 620 10 0 5 0
E 620 0 -2 -20
E 620 1 -2 -20
E 620 2 -2 -20
E 620 3 -2 -20
E 620 4 -2 -20
T 621 9 0 6 0
E 621 0 -1 -13
E 621 1 -1 -13
E 621 2 -1 -13
E 621 3 -1 -13
E 621 4 -1 -13
E 621 5 1 17
T 622 16 0 1 0
E 622 5 6 20
T 623 11 0 6 0
E 623 0 -1 -15
E 623 1 -1 -15
E 623 2 -1 -15
E 623 3 -1 -15
E 623 4 -1 -15
E 623 5 1 15
T 624 15 0 1 0
E 624 5 7 22
T 625 13 0 6 0
E 625 0 -1 -17
E 625 1 -1 -17
E 625 2 -1 -17
E 625 3 -1 -17
E 625 4 -1 -17
E 625 5 1 13
T 626 11 0 6 0
E 626 0 -1 -15
E 626 1 -1 -15
E 626 2 -1 -15
E 626 3 -1 -15
E 626 4 -1 -15
E 626 5 1 16
T 627 12 0 6 0
E 627 0 -1 -16
E 627 1 -1 -16
E 627 2 -1 -16
E 627 3 -1 -16
E 627 4 -1 -16
E 627 5 1 15
T 628 12 0 6 0
E 628 0 -1 -16
E 628 1 -1 -16
E 628 2 -1 -16
E 628 3 -1 -16
E 628 4 -1 -16
E 628 5 1 16
T 629 10 0 6 0
E 629 0 -1 -13
E 629 1 -1 -13
E 629 2 -1 -13
E 629 3 -1 -13
E 629 4 -1 -13
E 629 5 2 20
T 630 17 0 1 0
E 630 5 7 23
T 631 12 0 6 0
E 631 0 -2 -21
E 631 1 -2 -21
E 631 2 -2 -21
E 631 3 -2 -21
E 631 4 -2 -21
E 631 5 1 13
T 632 17 0 1 0
E 632 5 8 25
T 633 9 0 6 0
E 633 0 -2 -18
E 633 1 -2 -18
E 633 2 -2 -18
E 633 3 -2 -18
E 633 4 -2 -18
E 633 5 1 17
T 634 14 0 6 0
E 634 0 -1 -17
E 634 1 -1 -17
E 634 2 -1 -17
E 634 3 -1 -17
E 634 4 -1 -17
E 634 5 2 19
T 635 12 0 6 0
E 635 0 -1 -15
E 635 1 -1 -15
E 635 2 -1 -15
E 635 3 -1 -15
E 635 4 -1 -15
E 635 5 2 21
T 636 11 0 6 0
E 636 0 -2 -20
E 636 1 -2 -20
E 636 2 -2 -20
E 636 3 -2 -20
E 636 4 -2 -20
E 636 5 1 17
T 637 16 0 1 0
E 637 5 10 31
T 638 13 0 6 0
E 638 0 -1 -16
E 638 1 -1 -16
E 638 2 -1 -16
E 638 3 -1 -16
E 638 4 -1 -16
E 638 5 2 22
T 639 13 0 6 0
E 639 0 -1 -16
E 639 1 -1 -16
E 639 2 -1 -16
E 639 3 -1 -16
E 639 4 -1 -16
E 639 5 2 23
T 640 19 0 1 0
E 640 5 9 29
T 641 12 0 6 0
E 641 0 -2 -20
E 641 1 -2 -20
E 641 2 -2 -20
E 641 3 -2 -20
E 641 4 -2 -20
E 641 5 2 20
T 642 12 0 6 0
E 642 0 -1 -15
E 642 1 -1 -15
E 642 2 -1 -15
E 642 3 -1 -15
E 642 4 -1 -15
E 642 5 2 25
T 643 11 0 6 0
E 643 0 -2 -19
E 643 1 -2 -19
E 643 2 -2 -19
E 643 3 -2 -19
E 643 4 -2 -19
E 643 5 2 22
T 644 18 0 1 0
E 644 5 11 35
T 645 14 0 6 0
E 645 0 -1 -17
E 645 1 -1 -17
E 645 2 -1 -17
E 645 3 -1 -17
E 645 4 -1 -17
E 645 5 2 25
T 646 10 0 6 0
E 646 0 -2 -18
E 646 1 -2 -18
E 646 2 -2 -18
E 646 3 -2 -18
E 646 4 -2 -18
E 646 5 2 25
T 647 17 0 1 0
E 647 5 12 38
T 648 17 0 6 0
E 648 0 -2 -25
E 648 1 -2 -25
E 648 2 -2 -25
E 648 3 -2 -25
E 648 4 -2 -25
E 648 5 2 19
T 649 14 0 6 0
E 649 0 -2 -22
E 649 1 -2 -22
E 649 2 -2 -22
E 649 3 -2 -22
E 649 4 -2 -22
E 649 5 2 23
T 650 23 0 1 0
E 650 5 11 33
T 651 14 0 6 0
E 651 0 -2 -22
E 651 1 -2 -22
E 651 2 -2 -22
E 651 3 -2 -22
E 651 4 -2 -22
E 651 5 2 24
T 652 12 0 6 0
E 652 0 -2 -20
E 652 1 -2 -20
E 652 2 -2 -20
E 652 3 -2 -20
E 652 4 -2 -20
E 652 5 2 26
T 653 13 0 6 0
E 653 0 -1 -15
E 653 1 -1 -15
E 653 2 -1 -15
E 653 3 -1 -15
E 653 4 -1 -15
E 653 5 3 32
T 654 11 0 6 0
E 654 0 -2 -18
E 654 1 -2 -18
E 654 2 -2 -18
E 654 3 -2 -18
E 654 4 -2 -18
E 654 5 3 30
T 655 22 0 1 0
E 655 5 13 39
T 656 13 0 6 0
E 656 0 -2 -20
E 656 1 -2 -20
E 656 2 -2 -20
E 656 3 -2 -20
E 656 4 -2 -20
E 656 5 3 28
T 657 22 0 1 0
E 657 5 12 38
T 658 17 0 6 0
E 658 0 -2 -25
E 658 1 -2 -25
E 658 2 -2 -25
E 658 3 -2 -25
E 658 4 -2 -25
E 658 5 2 23
T 659 11 0 6 0
E 659 0 -1 -13
E 659 1 -1 -13
E 659 2 -1 -13
E 659 3 -1 -13
E 659 4 -1 -13
E 659 5 3 35
T 660 15 0 6 0
E 660 0 -1 -17
E 660 1 -1 -17
E 660 2 -1 -17
E 660 3 -1 -17
E 660 4 -1 -17
E 660 5 3 31
T 661 24 0 1 0
E 661 5 12 36
T 662 14 0 6 0
E 662 0 -2 -21
E 662 1 -2 -21
E 662 2 -2 -21
E 662 3 -2 -21
E 662 4 -2 -21
E 662 5 3 27
T 663 23 0 1 0
E 663 5 12 37
T 664 18 0 6 0
E 664 0 -2 -26
E 664 1 -2 -26
E 664 2 -2 -26
E 664 3 -2 -26
E 664 4 -2 -26
E 664 5 2 22
T 665 11 0 6 0
E 665 0 -2 -18
E 665 1 -2 -18
E 665 2 -2 -18
E 665 3 -2 -18
E 665 4 -2 -18
E 665 5 3 30
T 666 22 0 1 0
E 666 5 12 38
T 667 14 0 6 0
E 667 0 -2 -21
E 667 1 -2 -21
E 667 2 -2 -21
E 667 3 -2 -21
E 667 4 -2 -21
E 667 5 3 27
T 668 12 0 6 0
E 668 0 -2 -19
E 668 1 -2 -19
E 668 2 -2 -19
E 668 3 -2 -19
E 668 4 -2 -19
E 668 5 3 29
T 669 12 0 6 0
E 669 0 -1 -14
E 669 1 -1 -14
E 669 2 -1 -14
E 669 3 -1 -14
E 669 4 -1 -14
E 669 5 3 34
T 670 12 0 6 0
E 670 0 -2 -19
E 670 1 -2 -19
E 670 2 -2 -19
E 670 3 -2 -19
E 670 4 -2 -19
E 670 5 3 29
T 671 21 0 1 0
E 671 5 13 40
T 672 13 0 6 0
E 672 0 -2 -20
E 672 1 -2 -20
E 672 2 -2 -20
E 672 3 -2 -20
E 672 4 -2 -20
E 672 5 3 28
T 673 14 0 6 0
E 673 0 -1 -16
E 673 1 -1 -16
E 673 2 -1 -16
E 673 3 -1 -16
E 673 4 -1 -16
E 673 5 3 32
T 674 15 0 6 0
E 674 0 -1 -17
E 674 1 -1 -17
E 674 2 -1 -17
E 674 3 -1 -17
E 674 4 -1 -17
E 674 5 3 31
T 675 14 0 6 0
E 675 0 -2 -21
E 675 1 -2 -21
E 675 2 -2 -21
E 675 3 -2 -21
E 675 4 -2 -21
E 675 5 3 27
T 676 14 0 6 0
E 676 0 -1 -16
E 676 1 -1 -16
E 676 2 -1 -16
E 676 3 -1 -16
E 676 4 -1 -16
E 676 5 3 32
T 677 24 0 1 0
E 677 5 12 36
T 678 13 0 6 0
E 678 0 -2 -20
E 678 1 -2 -20
E 678 2 -2 -20
E 678 3 -2 -20
E 678 4 -2 -20
E 678 5 3 28
T 679 14 0 6 0
E 679 0 -1 -16
E 679 1 -1 -16
E 679 2 -1 -16
E 679 3 -1 -16
E 679 4 -1 -16
E 679 5 3 32
T 680 13 0 6 0
E 680 0 -2 -20
E 680 1 -2 -20
E 680 2 -2 -20
E 680 3 -2 -20
E 680 4 -2 -20
E 680 5 3 28
T 681 13 0 6 0
E 681 0 -1 -15
E 681 1 -1 -15
E 681 2 -1 -15
E 681 3 -1 -15
E 681 4 -1 -15
E 681 5 3 33
T 682 13 0 6 0
E 682 0 -1 -15
E 682 1 -1 -15
E 682 2 -1 -15
E 682 3 -1 -15
E 682 4 -1 -15
E 682 5 3 33
T 683 13 0 6 0
E 683 0 -2 -20
E 683 1 -2 -20
E 683 2 -2 -20
E 683 3 -2 -20
E 683 4 -2 -20
E 683 5 3 28
T 684 11 0 6 0
E 684 0 -2 -18
E 684 1 -2 -18
E 684 2 -2 -18
E 684 3 -2 -18
E 684 4 -2 -18
E 684 5 3 30
T 685 13 0 6 0
E 685 0 -1 -15
E 685 1 -1 -15
E 685 2 -1 -15
E 685 3 -1 -15
E 685 4 -1 -15
E 685 5 3 33
T 686 12 0 6 0
E 686 0 -1 -14
E 686 1 -1 -14
E 686 2 -1 -14
E 686 3 -1 -14
E 686 4 -1 -14
E 686 5 3 34
T 687 22 0 1 0
E 687 5 13 39
T 688 16 0 6 0
E 688 0 -3 -29
E 688 1 -3 -29
E 688 2 -3 -29
E 688 3 -3 -29
E 688 4 -3 -29
E 688 5 2 19
T 689 13 0 6 0
E 689 0 -2 -20
E 689 1 -2 -20
E 689 2 -2 -20
E 689 3 -2 -20
E 689 4 -2 -20
E 689 5 3 28
T 690 12 0 6 0
E 690 0 -2 -19
E 690 1 -2 -19
E 690 2 -2 -19
E 690 3 -2 -19
E 690 4 -2 -19
E 690 5 3 29
T 691 23 0 1 0
E 691 5 12 37
T 692 16 0 6 0
E 692 0 -2 -24
E 692 1 -2 -24
E 692 2 -2 -24
E 692 3 -2 -24
E 692 4 -2 -24
E 692 5 2 24
T 693 15 0 6 0
E 693 0 -1 -17
E 693 1 -1 -17
E 693 2 -1 -17
E 693 3 -1 -17
E 693 4 -1 -17
E 693 5 3 31
T 694 14 0 6 0
E 694 0 -1 -16
E 694 1 -1 -16
E 694 2 -1 -16
E 694 3 -1 -16
E 694 4 -1 -16
E 694 5 3 32
T 695 22 0 1 0
E 695 5 13 39
T 696 16 0 6 0
E 696 0 -2 -24
E 696 1 -2 -24
E 696 2 -2 -24
E 696 3 -2 -24
E 696 4 -2 -24
E 696 5 2 24
T 697 13 0 6 0
E 697 0 -2 -20
E 697 1 -2 -20
E 697 2 -2 -20
E 697 3 -2 -20
E 697 4 -2 -20
E 697 5 3 28
T 698 14 0 6 0
E 698 0 -1 -16
E 698 1 -1 -16
E 698 2 -1 -16
E 698 3 -1 -16
E 698 4 -1 -16
E 698 5 3 32
T 699 14 0 6 0
E 699 0 -2 -22
E 699 1 -2 -22
E 699 2 -2 -22
E 699 3 -2 -22
E 699 4 -2 -22
E 699 5 2 26
T 700 13 0 6 0
E 700 0 -1 -15
E 700 1 -1 -15
E 700 2 -1 -15
E 700 3 -1 -15
E 700 4 -1 -15
E 700 5 3 33
T 701 22 0 1 0
E 701 5 12 38
T 702 15 0 6 0
E 702 0 -2 -23
E 702 1 -2 -23
E 702 2 -2 -23
E 702 3 -2 -23
E 702 4 -2 -23
E 702 5 2 25
T 703 24 0 1 0
E 703 5 12 36
T 704 14 0 6 0
E 704 0 -3 -27
E 704 1 -3 -27
E 704 2 -3 -27
E 704 3 -3 -27
E 704 4 -3 -27
E 704 5 2 21
T 705 22 0 1 0
E 705 5 13 39
T 706 17 0 6 0
E 706 0 -3 -30
E 706 1 -3 -30
E 706 2 -3 -30
E 706 3 -3 -30
E 706 4 -3 -30
E 706 5 2 18
T 707 13 0 6 0
E 707 0 -1 -15
E 707 1 -1 -15
E 707 2 -1 -15
E 707 3 -1 -15
E 707 4 -1 -15
E 707 5 3 33
T 708 11 0 6 0
E 708 0 -1 -13
E 708 1 -1 -13
E 708 2 -1 -13
E 708 3 -1 -13
E 708 4 -1 -13
E 708 5 3 35
T 709 11 0 6 0
E 709 0 -2 -18
E 709 1 -2 -18
E 709 2 -2 -18
E 709 3 -2 -18
E 709 4 -2 -18
E 709 5 3 30
T 710 22 0 1 0
E 710 5 13 39
T 711 16 0 6 0
E 711 0 -3 -29
E 711 1 -3 -29
E 711 2 -3 -29
E 711 3 -3 -29
E 711 4 -3 -29
E 711 5 2 19
T 712 13 0 6 0
E 712 0 -2 -20
E 712 1 -2 -20
E 712 2 -2 -20
E 712 3 -2 -20
E 712 4 -2 -20
E 712 5 3 28
T 713 15 0 6 0
E 713 0 -1 -17
E 713 1 -1 -17
E 713 2 -1 -17
E 713 3 -1 -17
E 713 4 -1 -17
E 713 5 3 31
T 714 12 0 6 0
E 714 0 -1 -14
E 714 1 -1 -14
E 714 2 -1 -14
E 714 3 -1 -14
E 714 4 -1 -14
E 714 5 3 34
T 715 22 0 1 0
E 715 5 12 38
T 716 15 0 6 0
E 716 0 -2 -23
E 716 1 -2 -23
E 716 2 -2 -23
E 716 3 -2 -23
E 716 4 -2 -23
E 716 5 2 25
T 717 15 0 6 0
E 717 0 -1 -17
E 717 1 -1 -17
E 717 2 -1 -17
E 717 3 -1 -17
E 717 4 -1 -17
E 717 5 3 31
T 718 13 0 6 0
E 718 0 -1 -15
E 718 1 -1 -15
E 718 2 -1 -15
E 718 3 -1 -15
E 718 4 -1 -15
E 718 5 3 33
T 719 13 0 6 0
E 719 0 -2 -20
E 719 1 -2 -20
E 719 2 -2 -20
E 719 3 -2 -20
E 719 4 -2 -20
E 719 5 3 28
T 720 15 0 6 0
E 720 0 4 39
E 720 1 4 39
E 720 2 4 39
E 720 3 4 39
E 720 4 4 39
E 720 5 4 39
T 721 8 0 6 0
E 721 0 2 19
E 721 1 2 19
E 721 2 2 19
E 721 3 2 19
E 721 4 2 19
E 721 5 1 16
T 722 5 0 0 0
T 723 5 0 0 0
T 724 12 0 0 0
T 725 10 0 5 0
E 725 0 2 20
E 725 1 2 20
E 725 2 2 20
E 725 3 2 20
E 725 4 2 20
T 726 9 0 5 0
E 726 0 1 14
E 726 1 1 14
E 726 2 1 14
E 726 3 1 14
E 726 4 1 14
T 727 12 0 1 0
E 727 5 -5 -15
T 728 9 0 5 0
E 728 0 2 19
E 728 1 2 19
E 728 2 2 19
E 728 3 2 19
E 728 4 2 19
T 729 13 0 1 0
E 729 5 -8 -24
T 730 12 0 6 0
E 730 0 1 16
E 730 1 1 16
E 730 2 1 16
E 730 3 1 16
E 730 4 1 16
E 730 5 -1 -16
T 731 12 0 6 0
E 731 0 1 15
E 731 1 1 15
E 731 2 1 15
E 731 3 1 15
E 731 4 1 15
E 731 5 -2 -20
T 732 18 0 1 0
E 732 5 -10 -30
T 733 11 0 6 0
E 733 0 2 19
E 733 1 2 19
E 733 2 2 19
E 733 3 2 19
E 733 4 2 19
E 733 5 -2 -22
T 734 15 0 6 0
E 734 0 1 17
E 734 1 1 17
E 734 2 1 17
E 734 3 1 17
E 734 4 1 17
E 734 5 -3 -28
T 735 24 0 1 0
E 735 5 -12 -36
T 736 12 0 6 0
E 736 0 2 19
E 736 1 2 19
E 736 2 2 19
E 736 3 2 19
E 736 4 2 19
E 736 5 -3 -32
T 737 23 0 1 0
E 737 5 -15 -46
T 738 16 0 6 0
E 738 0 2 23
E 738 1 2 23
E 738 2 2 23
E 738 3 2 23
E 738 4 2 23
E 738 5 -3 -34
T 739 12 0 6 0
E 739 0 2 18
E 739 1 2 18
E 739 2 2 18
E 739 3 2 18
E 739 4 2 18
E 739 5 -4 -43
T 740 26 0 1 0
E 740 5 -18 -56
T 741 17 0 6 0
E 741 0 2 23
E 741 1 2 23
E 741 2 2 23
E 741 3 2 23
E 741 4 2 23
E 741 5 -4 -44
T 742 20 0 6 0
E 742 0 2 25
E 742 1 2 25
E 742 2 2 25
E 742 3 2 25
E 742 4 2 25
E 742 5 -5 -45
T 743 16 0 6 0
E 743 0 1 15
E 743 1 1 15
E 743 2 1 15
E 743 3 1 15
E 743 4 1 15
E 743 5 -6 -58
T 744 17 0 6 0
E 744 0 2 21
E 744 1 2 21
E 744 2 2 21
E 744 3 2 21
E 744 4 2 21
E 744 5 -6 -56
T 745 15 0 6 0
E 745 0 1 13
E 745 1 1 13
E 745 2 1 13
E 745 3 1 13
E 745 4 1 13
E 745 5 -7 -67
T 746 35 0 1 0
E 746 5 -23 -71
T 747 21 0 6 0
E 747 0 4 36
E 747 1 4 36
E 747 2 4 36
E 747 3 4 36
E 747 4 4 36
E 747 5 -5 -50
T 748 16 0 6 0
E 748 0 2 19
E 748 1 2 19
E 748 2 2 19
E 748 3 2 19
E 748 4 2 19
E 748 5 -7 -70
T 749 21 0 6 0
E 749 0 2 24
E 749 1 2 24
E 749 2 2 24
E 749 3 2 24
E 749 4 2 24
E 749 5 -7 -69
T 750 13 0 6 0
E 750 0 2 20
E 750 1 2 20
E 750 2 2 20
E 750 3 2 20
E 750 4 2 20
E 750 5 -3 -28
T 751 13 0 6 0
E 751 0 1 15
E 751 1 1 15
E 751 2 1 15
E 751 3 1 15
E 751 4 1 15
E 751 5 -3 -33
T 752 14 0 6 0
E 752 0 2 21
E 752 1 2 21
E 752 2 2 21
E 752 3 2 21
E 752 4 2 21
E 752 5 -3 -27
T 753 22 0 1 0
E 753 5 -12 -38
T 754 15 0 6 0
E 754 0 2 23
E 754 1 2 23
E 754 2 2 23
E 754 3 2 23
E 754 4 2 23
E 754 5 -2 -25
T 755 15 0 6 0
E 755 0 1 17
E 755 1 1 17
E 755 2 1 17
E 755 3 1 17
E 755 4 1 17
E 755 5 -3 -31
T 756 23 0 1 0
E 756 5 -12 -37
T 757 17 0 6 0
E 757 0 3 30
E 757 1 3 30
E 757 2 3 30
E 757 3 3 30
E 757 4 3 30
E 757 5 -2 -18
T 758 11 0 6 0
E 758 0 2 18
E 758 1 2 18
E 758 2 2 18
E 758 3 2 18
E 758 4 2 18
E 758 5 -3 -30
T 759 15 0 6 0
E 759 0 1 17
E 759 1 1 17
E 759 2 1 17
E 759 3 1 17
E 759 4 1 17
E 759 5 -3 -31
T 760 11 0 6 0
E 760 0 1 13
E 760 1 1 13
E 760 2 1 13
E 760 3 1 13
E 760 4 1 13
E 760 5 -3 -35
T 761 21 0 1 0
E 761 5 -13 -40
T 762 16 0 6 0
E 762 0 3 29
E 762 1 3 29
E 762 2 3 29
E 762 3 3 29
E 762 4 3 29
E 762 5 -2 -19
T 763 13 0 6 0
E 763 0 1 15
E 763 1 1 15
E 763 2 1 15
E 763 3 1 15
E 763 4 1 15
E 763 5 -3 -33
T 764 11 0 6 0
E 764 0 2 18
E 764 1 2 18
E 764 2 2 18
E 764 3 2 18
E 764 4 2 18
E 764 5 -3 -30
T 765 22 0 1 0
E 765 5 -12 -38
T 766 16 0 6 0
E 766 0 2 24
E 766 1 2 24
E 766 2 2 24
E 766 3 2 24
E 766 4 2 24
E 766 5 -2 -24
T 767 12 0 6 0
E 767 0 1 14
E 767 1 1 14
E 767 2 1 14
E 767 3 1 14
E 767 4 1 14
E 767 5 -3 -34
T 768 24 0 1 0
E 768 5 -12 -36
T 769 15 0 6 0
E 769 0 2 23
E 769 1 2 23
E 769 2 2 23
E 769 3 2 23
E 769 4 2 23
E 769 5 -2 -25
T 770 23 0 1 0
E 770 5 -12 -37
T 771 16 0 6 0
E 771 0 2 24
E 771 1 2 24
E 771 2 2 24
E 771 3 2 24
E 771 4 2 24
E 771 5 -2 -24
T 772 12 0 6 0
E 772 0 1 14
E 772 1 1 14
E 772 2 1 14
E 772 3 1 14
E 772 4 1 14
E 772 5 -3 -34
T 773 14 0 6 0
E 773 0 1 16
E 773 1 1 16
E 773 2 1 16
E 773 3 1 16
E 773 4 1 16
E 773 5 -3 -32
T 774 14 0 6 0
E 774 0 2 22
E 774 1 2 22
E 774 2 2 22
E 774 3 2 22
E 774 4 2 22
E 774 5 -2 -26
T 775 14 0 6 0
E 775 0 1 16
E 775 1 1 16
E 775 2 1 16
E 775 3 1 16
E 775 4 1 16
E 775 5 -3 -32
T 776 13 0 6 0
E 776 0 2 20
E 776 1 2 20
E 776 2 2 20
E 776 3 2 20
E 776 4 2 20
E 776 5 -3 -28
T 777 12 0 6 0
E 777 0 2 19
E 777 1 2 19
E 777 2 2 19
E 777 3 2 19
E 777 4 2 19
E 777 5 -3 -29
T 778 21 0 1 0
E 778 5 -13 -40
T 779 11 0 6 0
E 779 0 2 18
E 779 1 2 18
E 779 2 2 18
E 779 3 2 18
E 779 4 2 18
E 779 5 -3 -30
T 780 22 0 1 0
E 780 5 -13 -39
T 781 11 0 6 0
E 781 0 2 18
E 781 1 2 18
E 781 2 2 18
E 781 3 2 18
E 781 4 2 18
E 781 5 -3 -30
T 782 12 0 6 0
E 782 0 1 14
E 782 1 1 14
E 782 2 1 14
E 782 3 1 14
E 782 4 1 14
E 782 5 -3 -34
T 783 20 0 1 0
E 783 5 -13 -41
T 784 11 0 6 0
E 784 0 2 18
E 784 1 2 18
E 784 2 2 18
E 784 3 2 18
E 784 4 2 18
E 784 5 -3 -30
T 785 12 0 6 0
E 785 0 1 14
E 785 1 1 14
E 785 2 1 14
E 785 3 1 14
E 785 4 1 14
E 785 5 -3 -34
T 786 13 0 6 0
E 786 0 1 15
E 786 1 1 15
E 786 2 1 15
E 786 3 1 15
E 786 4 1 15
E 786 5 -3 -33
T 787 13 0 6 0
E 787 0 1 15
E 787 1 1 15
E 787 2 1 15
E 787 3 1 15
E 787 4 1 15
E 787 5 -3 -33
T 788 23 0 1 0
E 788 5 -12 -37
T 789 17 0 6 0
E 789 0 3 30
E 789 1 3 30
E 789 2 3 30
E 789 3 3 30
E 789 4 3 30
E 789 5 -2 -18
T 790 12 0 6 0
E 790 0 1 14
E 790 1 1 14
E 790 2 1 14
E 790 3 1 14
E 790 4 1 14
E 790 5 -3 -34
T 791 20 0 1 0
E 791 5 -13 -41
T 792 14 0 6 0
E 792 0 2 21
E 792 1 2 21
E 792 2 2 21
E 792 3 2 21
E 792 4 2 21
E 792 5 -3 -27
T 793 12 0 6 0
E 793 0 2 19
E 793 1 2 19
E 793 2 2 19
E 793 3 2 19
E 793 4 2 19
E 793 5 -3 -29
T 794 13 0 6 0
E 794 0 2 20
E 794 1 2 20
E 794 2 2 20
E 794 3 2 20
E 794 4 2 20
E 794 5 -3 -28
T 795 11 0 6 0
E 795 0 2 18
E 795 1 2 18
E 795 2 2 18
E 795 3 2 18
E 795 4 2 18
E 795 5 -3 -30
T 796 13 0 6 0
E 796 0 1 15
E 796 1 1 15
E 796 2 1 15
E 796 3 1 15
E 796 4 1 15
E 796 5 -3 -33
T 797 24 0 1 0
E 797 5 -12 -36
T 798 17 0 6 0
E 798 0 3 31
E 798 1 3 31
E 798 2 3 31
E 798 3 3 31
E 798 4 3 31
E 798 5 -1 -17
T 799 15 0 6 0
E 799 0 2 23
E 799 1 2 23
E 799 2 2 23
E 799 3 2 23
E 799 4 2 23
E 799 5 -2 -25
T 800 15 0 6 0
E 800 0 1 17
E 800 1 1 17
E 800 2 1 17
E 800 3 1 17
E 800 4 1 17
E 800 5 -3 -31
T 801 12 0 6 0
E 801 0 1 14
E 801 1 1 14
E 801 2 1 14
E 801 3 1 14
E 801 4 1 14
E 801 5 -3 -34
T 802 11 0 6 0
E 802 0 2 18
E 802 1 2 18
E 802 2 2 18
E 802 3 2 18
E 802 4 2 18
E 802 5 -3 -30
T 803 21 0 1 0
E 803 5 -13 -40
T 804 16 0 6 0
E 804 0 2 24
E 804 1 2 24
E 804 2 2 24
E 804 3 2 24
E 804 4 2 24
E 804 5 -2 -24
T 805 12 0 6 0
E 805 0 1 14
E 805 1 1 14
E 805 2 1 14
E 805 3 1 14
E 805 4 1 14
E 805 5 -3 -34
T 806 24 0 1 0
E 806 5 -12 -36
T 807 18 0 6 0
E 807 0 3 32
E 807 1 3 32
E 807 2 3 32
E 807 3 3 32
E 807 4 3 32
E 807 5 -1 -16
T 808 15 0 6 0
E 808 0 2 23
E 808 1 2 23
E 808 2 2 23
E 808 3 2 23
E 808 4 2 23
E 808 5 -2 -25
T 809 14 0 6 0
E 809 0 1 16
E 809 1 1 16
E 809 2 1 16
E 809 3 1 16
E 809 4 1 16
E 809 5 -3 -32
T 810 23 0 1 0
E 810 5 -12 -37
T 811 15 0 6 0
E 811 0 2 23
E 811 1 2 23
E 811 2 2 23
E 811 3 2 23
E 811 4 2 23
E 811 5 -2 -25
T 812 13 0 6 0
E 812 0 2 20
E 812 1 2 20
E 812 2 2 20
E 812 3 2 20
E 812 4 2 20
E 812 5 -3 -28
T 813 12 0 6 0
E 813 0 1 14
E 813 1 1 14
E 813 2 1 14
E 813 3 1 14
E 813 4 1 14
E 813 5 -3 -34
T 814 13 0 6 0
E 814 0 1 15
E 814 1 1 15
E 814 2 1 15
E 814 3 1 15
E 814 4 1 15
E 814 5 -3 -33
T 815 11 0 6 0
E 815 0 1 13
E 815 1 1 13
E 815 2 1 13
E 815 3 1 13
E 815 4 1 13
E 815 5 -3 -35
T 816 15 0 6 0
E 816 0 1 17
E 816 1 1 17
E 816 2 1 17
E 816 3 1 17
E 816 4 1 17
E 816 5 -3 -31
T 817 12 0 6 0
E 817 0 2 20
E 817 1 2 20
E 817 2 2 20
E 817 3 2 20
E 817 4 2 20
E 817 5 -2 -25
T 818 22 0 1 0
E 818 5 -10 -31
T 819 14 0 6 0
E 819 0 2 23
E 819 1 2 23
E 819 2 2 23
E 819 3 2 23
E 819 4 2 23
E 819 5 -1 -17
T 820 19 0 1 0
E 820 5 -8 -26
T 821 13 0 6 0
E 821 0 2 22
E 821 1 2 22
E 821 2 2 22
E 821 3 2 22
E 821 4 2 22
E 821 5 -1 -13
T 822 11 0 6 0
E 822 0 1 15
E 822 1 1 15
E 822 2 1 15
E 822 3 1 15
E 822 4 1 15
E 822 5 -1 -17
T 823 11 0 6 0
E 823 0 1 15
E 823 1 1 15
E 823 2 1 15
E 823 3 1 15
E 823 4 1 15
E 823 5 -1 -15
T 824 10 0 5 0
E 824 0 1 15
E 824 1 1 15
E 824 2 1 15
E 824 3 1 15
E 824 4 1 15
T 825 14 0 1 0
E 825 5 -4 -14
T 826 9 0 5 0
E 826 0 1 14
E 826 1 1 14
E 826 2 1 14
E 826 3 1 14
E 826 4 1 14
T 827 12 0 0 0
T 828 5 0 0 0
T 829 4 0 1 0
E 829 5 -5 -15
T 830 1 0 0 0
T 831 1 0 1 0
E 831 5 -4 -14
T 832 0 0 0 0
T 833 4 0 0 0
T 834 1 0 0 0
T 835 3 0 0 0
T 836 8 0 0 0
T 837 8 0 5 0
E 837 0 -1 -13
E 837 1 -1 -13
E 837 2 -1 -13
E 837 3 -1 -13
E 837 4 -1 -13
T 838 6 0 0 0
T 839 7 0 0 0
T 840 12 0 0 0
T 841 9 0 0 0
T 842 11 0 0 0
T 843 8 0 5 0
E 843 0 -2 -18
E 843 1 -2 -18
E 843 2 -2 -18
E 843 3 -2 -18
E 843 4 -2 -18
T 844 11 0 1 0
E 844 5 7 21
T 845 8 0 5 0
E 845 0 -2 -18
E 845 1 -2 -18
E 845 2 -2 -18
E 845 3 -2 -18
E 845 4 -2 -18
T 846 16 0 1 0
E 846 5 7 21
T 847 11 0 6 0
E 847 0 -1 -15
E 847 1 -1 -15
E 847 2 -1 -15
E 847 3 -1 -15
E 847 4 -1 -15
E 847 5 1 15
T 848 12 0 6 0
E 848 0 -1 -16
E 848 1 -1 -16
E 848 2 -1 -16
E 848 3 -1 -16
E 848 4 -1 -16
E 848 5 1 14
T 849 13 0 6 0
E 849 0 -1 -17
E 849 1 -1 -17
E 849 2 -1 -17
E 849 3 -1 -17
E 849 4 -1 -17
E 849 5 1 13
T 850 8 0 5 0
E 850 0 -2 -18
E 850 1 -2 -18
E 850 2 -2 -18
E 850 3 -2 -18
E 850 4 -2 -18
T 851 10 0 6 0
E 851 0 -1 -14
E 851 1 -1 -14
E 851 2 -1 -14
E 851 3 -1 -14
E 851 4 -1 -14
E 851 5 1 16
T 852 15 0 1 0
E 852 5 7 22
T 853 17 0 1 0
E 853 5 6 19
T 854 8 0 5 0
E 854 0 -2 -18
E 854 1 -2 -18
E 854 2 -2 -18
E 854 3 -2 -18
E 854 4 -2 -18
T 855 17 0 1 0
E 855 5 6 19
T 856 13 0 5 0
E 856 0 -2 -23
E 856 1 -2 -23
E 856 2 -2 -23
E 856 3 -2 -23
E 856 4 -2 -23
T 857 9 0 5 0
E 857 0 -2 -19
E 857 1 -2 -19
E 857 2 -2 -19
E 857 3 -2 -19
E 857 4 -2 -19
T 858 17 0 1 0
E 858 5 6 19
T 859 18 0 1 0
E 859 5 6 18
T 860 12 0 5 0
E 860 0 -2 -22
E 860 1 -2 -22
E 860 2 -2 -22
E 860 3 -2 -22
E 860 4 -2 -22
T 861 16 0 1 0
E 861 5 6 20
T 862 17 0 1 0
E 862 5 6 19
T 863 11 0 6 0
E 863 0 -1 -15
E 863 1 -1 -15
E 863 2 -1 -15
E 863 3 -1 -15
E 863 4 -1 -15
E 863 5 1 15
T 864 14 0 1 0
E 864 5 8 24
T 865 12 0 6 0
E 865 0 -1 -16
E 865 1 -1 -16
E 865 2 -1 -16
E 865 3 -1 -16
E 865 4 -1 -16
E 865 5 1 14
T 866 10 0 6 0
E 866 0 -1 -14
E 866 1 -1 -14
E 866 2 -1 -14
E 866 3 -1 -14
E 866 4 -1 -14
E 866 5 1 17
T 867 17 0 1 0
E 867 5 6 20
T 868 10 0 6 0
E 868 0 -2 -19
E 868 1 -2 -19
E 868 2 -2 -19
E 868 3 -2 -19
E 868 4 -2 -19
E 868 5 1 13
T 869 9 0 6 0
E 869 0 -2 -18
E 869 1 -2 -18
E 869 2 -2 -18
E 869 3 -2 -18
E 869 4 -2 -18
E 869 5 1 15
T 870 19 0 1 0
E 870 5 7 21
T 871 13 0 5 0
E 871 0 -2 -23
E 871 1 -2 -23
E 871 2 -2 -23
E 871 3 -2 -23
E 871 4 -2 -23
T 872 10 0 6 0
E 872 0 -2 -19
E 872 1 -2 -19
E 872 2 -2 -19
E 872 3 -2 -19
E 872 4 -2 -19
E 872 5 1 15
T 873 10 0 6 0
E 873 0 -1 -13
E 873 1 -1 -13
E 873 2 -1 -13
E 873 3 -1 -13
E 873 4 -1 -13
E 873 5 2 22
T 874 16 0 1 0
E 874 5 9 29
T 875 14 0 6 0
E 875 0 -2 -23
E 875 1 -2 -23
E 875 2 -2 -23
E 875 3 -2 -23
E 875 4 -2 -23
E 875 5 1 13
T 876 13 0 6 0
E 876 0 -2 -22
E 876 1 -2 -22
E 876 2 -2 -22
E 876 3 -2 -22
E 876 4 -2 -22
E 876 5 1 15
T 877 11 0 6 0
E 877 0 -2 -20
E 877 1 -2 -20
E 877 2 -2 -20
E 877 3 -2 -20
E 877 4 -2 -20
E 877 5 1 17
T 878 11 0 6 0
E 878 0 -1 -14
E 878 1 -1 -14
E 878 2 -1 -14
E 878 3 -1 -14
E 878 4 -1 -14
E 878 5 2 24
T 879 19 0 1 0
E 879 5 9 29
T 880 16 0 6 0
E 880 0 -2 -25
E 880 1 -2 -25
E 880 2 -2 -25
E 880 3 -2 -25
E 880 4 -2 -25
E 880 5 1 14
T 881 10 0 6 0
E 881 0 -2 -18
E 881 1 -2 -18
E 881 2 -2 -18
E 881 3 -2 -18
E 881 4 -2 -18
E 881 5 2 22
T 882 20 0 1 0
E 882 5 9 29
T 883 11 0 6 0
E 883 0 -2 -19
E 883 1 -2 -19
E 883 2 -2 -19
E 883 3 -2 -19
E 883 4 -2 -19
E 883 5 2 22
T 884 20 0 1 0
E 884 5 10 32
T 885 15 0 6 0
E 885 0 -2 -23
E 885 1 -2 -23
E 885 2 -2 -23
E 885 3 -2 -23
E 885 4 -2 -23
E 885 5 2 19
T 886 21 0 1 0
E 886 5 10 32
T 887 11 0 6 0
E 887 0 -2 -19
E 887 1 -2 -19
E 887 2 -2 -19
E 887 3 -2 -19
E 887 4 -2 -19
E 887 5 2 24
T 888 22 0 1 0
E 888 5 11 33
T 889 15 0 6 0
E 889 0 -3 -29
E 889 1 -3 -29
E 889 2 -3 -29
E 889 3 -3 -29
E 889 4 -3 -29
E 889 5 1 16
T 890 15 0 6 0
E 890 0 -1 -17
E 890 1 -1 -17
E 890 2 -1 -17
E 890 3 -1 -17
E 890 4 -1 -17
E 890 5 3 28
T 891 12 0 6 0
E 891 0 -2 -20
E 891 1 -2 -20
E 891 2 -2 -20
E 891 3 -2 -20
E 891 4 -2 -20
E 891 5 2 26
T 892 14 0 6 0
E 892 0 -1 -16
E 892 1 -1 -16
E 892 2 -1 -16
E 892 3 -1 -16
E 892 4 -1 -16
E 892 5 3 30
T 893 13 0 6 0
E 893 0 -2 -21
E 893 1 -2 -21
E 893 2 -2 -21
E 893 3 -2 -21
E 893 4 -2 -21
E 893 5 2 26
T 894 12 0 6 0
E 894 0 -1 -14
E 894 1 -1 -14
E 894 2 -1 -14
E 894 3 -1 -14
E 894 4 -1 -14
E 894 5 3 34
T 895 20 0 1 0
E 895 5 13 41
T 896 14 0 6 0
E 896 0 -2 -22
E 896 1 -2 -22
E 896 2 -2 -22
E 896 3 -2 -22
E 896 4 -2 -22
E 896 5 2 26
T 897 13 0 6 0
E 897 0 -1 -15
E 897 1 -1 -15
E 897 2 -1 -15
E 897 3 -1 -15
E 897 4 -1 -15
E 897 5 3 33
T 898 24 0 1 0
E 898 5 12 36
T 899 18 0 6 0
E 899 0 -2 -26
E 899 1 -2 -26
E 899 2 -2 -26
E 899 3 -2 -26
E 899 4 -2 -26
E 899 5 2 22
T 900 14 0 6 0
E 900 0 -2 -21
E 900 1 -2 -21
E 900 2 -2 -21
E 900 3 -2 -21
E 900 4 -2 -21
E 900 5 3 27
T 901 13 0 6 0
E 901 0 -1 -15
E 901 1 -1 -15
E 901 2 -1 -15
E 901 3 -1 -15
E 901 4 -1 -15
E 901 5 3 33
T 902 22 0 1 0
E 902 5 13 39
T 903 14 0 6 0
E 903 0 -2 -21
E 903 1 -2 -21
E 903 2 -2 -21
E 903 3 -2 -21
E 903 4 -2 -21
E 903 5 3 27
T 904 15 0 6 0
E 904 0 -1 -17
E 904 1 -1 -17
E 904 2 -1 -17
E 904 3 -1 -17
E 904 4 -1 -17
E 904 5 3 31
T 905 11 0 6 0
E 905 0 -1 -13
E 905 1 -1 -13
E 905 2 -1 -13
E 905 3 -1 -13
E 905 4 -1 -13
E 905 5 3 35
T 906 20 0 1 0
E 906 5 13 41
T 907 11 0 6 0
E 907 0 -2 -18
E 907 1 -2 -18
E 907 2 -2 -18
E 907 3 -2 -18
E 907 4 -2 -18
E 907 5 3 30
T 908 13 0 6 0
E 908 0 -1 -15
E 908 1 -1 -15
E 908 2 -1 -15
E 908 3 -1 -15
E 908 4 -1 -15
E 908 5 3 33
T 909 23 0 1 0
E 909 5 12 37
T 910 13 0 6 0
E 910 0 -2 -20
E 910 1 -2 -20
E 910 2 -2 -20
E 910 3 -2 -20
E 910 4 -2 -20
E 910 5 3 28
T 911 15 0 6 0
E 911 0 -1 -17
E 911 1 -1 -17
E 911 2 -1 -17
E 911 3 -1 -17
E 911 4 -1 -17
E 911 5 3 31
T 912 22 0 1 0
E 912 5 12 38
T 913 16 0 6 0
E 913 0 -2 -24
E 913 1 -2 -24
E 913 2 -2 -24
E 913 3 -2 -24
E 913 4 -2 -24
E 913 5 2 24
T 914 12 0 6 0
E 914 0 -2 -19
E 914 1 -2 -19
E 914 2 -2 -19
E 914 3 -2 -19
E 914 4 -2 -19
E 914 5 3 29
T 915 14 0 6 0
E 915 0 -1 -16
E 915 1 -1 -16
E 915 2 -1 -16
E 915 3 -1 -16
E 915 4 -1 -16
E 915 5 3 32
T 916 13 0 6 0
E 916 0 -1 -15
E 916 1 -1 -15
E 916 2 -1 -15
E 916 3 -1 -15
E 916 4 -1 -15
E 916 5 3 33
T 917 21 0 1 0
E 917 5 13 40
T 918 15 0 6 0
E 918 0 -2 -23
E 918 1 -2 -23
E 918 2 -2 -23
E 918 3 -2 -23
E 918 4 -2 -23
E 918 5 2 25
T 919 13 0 6 0
E 919 0 -1 -15
E 919 1 -1 -15
E 919 2 -1 -15
E 919 3 -1 -15
E 919 4 -1 -15
E 919 5 3 33
T 920 22 0 1 0
E 920 5 13 39
T 921 14 0 6 0
E 921 0 -2 -21
E 921 1 -2 -21
E 921 2 -2 -21
E 921 3 -2 -21
E 921 4 -2 -21
E 921 5 3 27
T 922 12 0 6 0
E 922 0 -1 -14
E 922 1 -1 -14
E 922 2 -1 -14
E 922 3 -1 -14
E 922 4 -1 -14
E 922 5 3 34
T 923 13 0 6 0
E 923 0 -1 -15
E 923 1 -1 -15
E 923 2 -1 -15
E 923 3 -1 -15
E 923 4 -1 -15
E 923 5 3 33
T 924 23 0 1 0
E 924 5 12 37
T 925 15 0 6 0
E 925 0 -2 -23
E 925 1 -2 -23
E 925 2 -2 -23
E 925 3 -2 -23
E 925 4 -2 -23
E 925 5 2 25
T 926 13 0 6 0
E 926 0 -1 -15
E 926 1 -1 -15
E 926 2 -1 -15
E 926 3 -1 -15
E 926 4 -1 -15
E 926 5 3 33
T 927 22 0 1 0
E 927 5 13 39
T 928 14 0 6 0
E 928 0 -2 -22
E 928 1 -2 -22
E 928 2 -2 -22
E 928 3 -2 -22
E 928 4 -2 -22
E 928 5 2 26
T 929 15 0 6 0
E 929 0 -1 -17
E 929 1 -1 -17
E 929 2 -1 -17
E 929 3 -1 -17
E 929 4 -1 -17
E 929 5 3 31
T 930 14 0 6 0
E 930 0 -2 -22
E 930 1 -2 -22
E 930 2 -2 -22
E 930 3 -2 -22
E 930 4 -2 -22
E 930 5 2 26
T 931 12 0 6 0
E 931 0 -1 -14
E 931 1 -1 -14
E 931 2 -1 -14
E 931 3 -1 -14
E 931 4 -1 -14
E 931 5 3 34
T 932 23 0 1 0
E 932 5 12 37
T 933 17 0 6 0
E 933 0 -3 -30
E 933 1 -3 -30
E 933 2 -3 -30
E 933 3 -3 -30
E 933 4 -3 -30
E 933 5 2 18
T 934 14 0 6 0
E 934 0 -2 -21
E 934 1 -2 -21
E 934 2 -2 -21
E 934 3 -2 -21
E 934 4 -2 -21
E 934 5 3 27
T 935 22 0 1 0
E 935 5 13 39
T 936 18 0 6 0
E 936 0 -2 -26
E 936 1 -2 -26
E 936 2 -2 -26
E 936 3 -2 -26
E 936 4 -2 -26
E 936 5 2 22
T 937 14 0 6 0
E 937 0 -1 -16
E 937 1 -1 -16
E 937 2 -1 -16
E 937 3 -1 -16
E 937 4 -1 -16
E 937 5 3 32
T 938 15 0 6 0
E 938 0 -1 -17
E 938 1 -1 -17
E 938 2 -1 -17
E 938 3 -1 -17
E 938 4 -1 -17
E 938 5 3 31
T 939 23 0 1 0
E 939 5 12 37
T 940 18 0 6 0
E 940 0 -2 -26
E 940 1 -2 -26
E 940 2 -2 -26
E 940 3 -2 -26
E 940 4 -2 -26
E 940 5 2 22
T 941 13 0 6 0
E 941 0 -2 -20
E 941 1 -2 -20
E 941 2 -2 -20
E 941 3 -2 -20
E 941 4 -2 -20
E 941 5 3 28
T 942 22 0 1 0
E 942 5 12 38
T 943 17 0 6 0
E 943 0 -2 -25
E 943 1 -2 -25
E 943 2 -2 -25
E 943 3 -2 -25
E 943 4 -2 -25
E 943 5 2 23
T 944 17 0 6 0
E 944 0 -2 -25
E 944 1 -2 -25
E 944 2 -2 -25
E 944 3 -2 -25
E 944 4 -2 -25
E 944 5 2 23
T 945 15 0 6 0
E 945 0 -2 -23
E 945 1 -2 -23
E 945 2 -2 -23
E 945 3 -2 -23
E 945 4 -2 -23
E 945 5 2 25
T 946 12 0 6 0
E 946 0 -2 -19
E 946 1 -2 -19
E 946 2 -2 -19
E 946 3 -2 -19
E 946 4 -2 -19
E 946 5 3 29
T 947 15 0 6 0
E 947 0 -1 -17
E 947 1 -1 -17
E 947 2 -1 -17
E 947 3 -1 -17
E 947 4 -1 -17
E 947 5 3 31
T 948 12 0 6 0
E 948 0 -1 -14
E 948 1 -1 -14
E 948 2 -1 -14
E 948 3 -1 -14
E 948 4 -1 -14
E 948 5 3 34
T 949 21 0 1 0
E 949 5 13 40
T 950 14 0 6 0
E 950 0 -2 -21
E 950 1 -2 -21
E 950 2 -2 -21
E 950 3 -2 -21
E 950 4 -2 -21
E 950 5 3 27
T 951 11 0 6 0
E 951 0 -2 -18
E 951 1 -2 -18
E 951 2 -2 -18
E 951 3 -2 -18
E 951 4 -2 -18
E 951 5 3 30
T 952 12 0 6 0
E 952 0 -1 -14
E 952 1 -1 -14
E 952 2 -1 -14
E 952 3 -1 -14
E 952 4 -1 -14
E 952 5 3 34
T 953 13 0 6 0
E 953 0 -2 -20
E 953 1 -2 -20
E 953 2 -2 -20
E 953 3 -2 -20
E 953 4 -2 -20
E 953 5 3 28
T 954 22 0 1 0
E 954 5 12 38
T 955 12 0 6 0
E 955 0 -2 -19
E 955 1 -2 -19
E 955 2 -2 -19
E 955 3 -2 -19
E 955 4 -2 -19
E 955 5 3 29
T 956 23 0 1 0
E 956 5 12 37
T 957 17 0 6 0
E 957 0 -2 -25
E 957 1 -2 -25
E 957 2 -2 -25
E 957 3 -2 -25
E 957 4 -2 -25
E 957 5 2 23
T 958 12 0 6 0
E 958 0 -1 -14
E 958 1 -1 -14
E 958 2 -1 -14
E 958 3 -1 -14
E 958 4 -1 -14
E 958 5 3 34
T 959 13 0 6 0
E 959 0 -2 -20
E 959 1 -2 -20
E 959 2 -2 -20
E 959 3 -2 -20
E 959 4 -2 -20
E 959 5 3 28
T 960 14 0 6 0
E 960 0 4 38
E 960 1 4 38
E 960 2 4 38
E 960 3 4 38
E 960 4 4 38
E 960 5 4 38
T 961 7 0 6 0
E 961 0 2 18
E 961 1 2 18
E 961 2 2 18
E 961 3 2 18
E 961 4 2 18
E 961 5 1 15
T 962 8 0 5 0
E 962 0 1 13
E 962 1 1 13
E 962 2 1 13
E 962 3 1 13
E 962 4 1 13
T 963 9 0 5 0
E 963 0 1 14
E 963 1 1 14
E 963 2 1 14
E 963 3 1 14
E 963 4 1 14
T 964 8 0 0 0
T 965 10 0 5 0
E 965 0 1 15
E 965 1 1 15
E 965 2 1 15
E 965 3 1 15
E 965 4 1 15
T 966 10 0 1 0
E 966 5 -4 -13
T 967 10 0 5 0
E 967 0 1 15
E 967 1 1 15
E 967 2 1 15
E 967 3 1 15
E 967 4 1 15
T 968 9 0 5 0
E 968 0 1 14
E 968 1 1 14
E 968 2 1 14
E 968 3 1 14
E 968 4 1 14
T 969 12 0 6 0
E 969 0 1 16
E 969 1 1 16
E 969 2 1 16
E 969 3 1 16
E 969 4 1 16
E 969 5 -1 -13
T 970 16 0 1 0
E 970 5 -7 -23
T 971 10 0 6 0
E 971 0 2 19
E 971 1 2 19
E 971 2 2 19
E 971 3 2 19
E 971 4 2 19
E 971 5 -1 -16
T 972 20 0 1 0
E 972 5 -8 -26
T 973 13 0 6 0
E 973 0 3 27
E 973 1 3 27
E 973 2 3 27
E 973 3 3 27
E 973 4 3 27
E 973 5 -1 -14
T 974 21 0 1 0
E 974 5 -11 -35
T 975 14 0 6 0
E 975 0 3 27
E 975 1 3 27
E 975 2 3 27
E 975 3 3 27
E 975 4 3 27
E 975 5 -2 -21
T 976 14 0 6 0
E 976 0 2 21
E 976 1 2 21
E 976 2 2 21
E 976 3 2 21
E 976 4 2 21
E 976 5 -3 -30
T 977 15 0 6 0
E 977 0 1 16
E 977 1 1 16
E 977 2 1 16
E 977 3 1 16
E 977 4 1 16
E 977 5 -4 -38
T 978 15 0 6 0
E 978 0 2 22
E 978 1 2 22
E 978 2 2 22
E 978 3 2 22
E 978 4 2 22
E 978 5 -3 -35
T 979 16 0 6 0
E 979 0 2 22
E 979 1 2 22
E 979 2 2 22
E 979 3 2 22
E 979 4 2 22
E 979 5 -4 -39
T 980 14 0 6 0
E 980 0 2 19
E 980 1 2 19
E 980 2 2 19
E 980 3 2 19
E 980 4 2 19
E 980 5 -5 -45
T 981 17 1 6 0
E 981 0 1 17
E 981 1 1 17
E 981 2 1 17
E 981 3 1 17
E 981 4 1 17
E 981 5 -5 -50
T 982 16 0 6 0
E 982 0 2 21
E 982 1 2 21
E 982 2 2 21
E 982 3 2 21
E 982 4 2 21
E 982 5 -5 -49
T 983 17 0 6 0
E 983 0 2 22
E 983 1 2 22
E 983 2 2 22
E 983 3 2 22
E 983 4 2 22
E 983 5 -5 -51
T 984 19 0 6 0
E 984 0 2 24
E 984 1 2 24
E 984 2 2 24
E 984 3 2 24
E 984 4 2 24
E 984 5 -5 -53
T 985 17 0 6 0
E 985 0 1 15
E 985 1 1 15
E 985 2 1 15
E 985 3 1 15
E 985 4 1 15
E 985 5 -7 -65
T 986 15 0 6 0
E 986 0 1 13
E 986 1 1 13
E 986 2 1 13
E 986 3 1 13
E 986 4 1 13
E 986 5 -7 -70
T 987 16 0 6 0
E 987 0 1 13
E 987 1 1 13
E 987 2 1 13
E 987 3 1 13
E 987 4 1 13
E 987 5 -8 -73
T 988 37 0 1 0
E 988 5 -25 -77
T 989 24 0 6 0
E 989 0 3 33
E 989 1 3 33
E 989 2 3 33
E 989 3 3 33
E 989 4 3 33
E 989 5 -6 -60
T 990 15 0 6 0
E 990 0 3 28
E 990 1 3 28
E 990 2 3 28
E 990 3 3 28
E 990 4 3 28
E 990 5 -2 -20
T 991 14 0 6 0
E 991 0 2 22
E 991 1 2 22
E 991 2 2 22
E 991 3 2 22
E 991 4 2 22
E 991 5 -2 -26
T 992 12 0 6 0
E 992 0 1 14
E 992 1 1 14
E 992 2 1 14
E 992 3 1 14
E 992 4 1 14
E 992 5 -3 -34
T 993 12 0 6 0
E 993 0 1 14
E 993 1 1 14
E 993 2 1 14
E 993 3 1 14
E 993 4 1 14
E 993 5 -3 -34
T 994 22 0 1 0
E 994 5 -12 -38
T 995 18 0 6 0
E 995 0 2 26
E 995 1 2 26
E 995 2 2 26
E 995 3 2 26
E 995 4 2 26
E 995 5 -2 -22
T 996 14 0 6 0
E 996 0 1 16
E 996 1 1 16
E 996 2 1 16
E 996 3 1 16
E 996 4 1 16
E 996 5 -3 -32
T 997 14 0 6 0
E 997 0 2 21
E 997 1 2 21
E 997 2 2 21
E 997 3 2 21
E 997 4 2 21
E 997 5 -3 -27
T 998 24 0 1 0
E 998 5 -12 -36
T 999 17 0 6 0
E 999 0 3 30
E 999 1 3 30
E 999 2 3 30
E 999 3 3 30
E 999 4 3 30
E 999 5 -2 -18
T 1000 12 0 6 0
E 1000 0 1 14
E 1000 1 1 14
E 1000 2 1 14
E 1000 3 1 14
E 1000 4 1 14
E 1000 5 -3 -34
T 1001 22 0 1 0
E 1001 5 -12 -38
T 1002 14 0 6 0
E 1002 0 3 27
E 1002 1 3 27
E 1002 2 3 27
E 1002 3 3 27
E 1002 4 3 27
E 1002 5 -2 -21
T 1003 24 0 1 0
E 1003 5 -12 -36
T 1004 13 0 6 0
E 1004 0 2 20
E 1004 1 2 20
E 1004 2 2 20
E 1004 3 2 20
E 1004 4 2 20
E 1004 5 -3 -28
T 1005 22 0 1 0
E 1005 5 -13 -39
T 1006 17 0 6 0
E 1006 0 2 25
E 1006 1 2 25
E 1006 2 2 25
E 1006 3 2 25
E 1006 4 2 25
E 1006 5 -2 -23
T 1007 13 0 6 0
E 1007 0 1 15
E 1007 1 1 15
E 1007 2 1 15
E 1007 3 1 15
E 1007 4 1 15
E 1007 5 -3 -33
T 1008 12 0 6 0
E 1008 0 2 19
E 1008 1 2 19
E 1008 2 2 19
E 1008 3 2 19
E 1008 4 2 19
E 1008 5 -3 -29
T 1009 22 0 1 0
E 1009 5 -13 -39
T 1010 16 0 6 0
E 1010 0 3 29
E 1010 1 3 29
E 1010 2 3 29
E 1010 3 3 29
E 1010 4 3 29
E 1010 5 -2 -19
T 1011 12 0 6 0
E 1011 0 1 14
E 1011 1 1 14
E 1011 2 1 14
E 1011 3 1 14
E 1011 4 1 14
E 1011 5 -3 -34
T 1012 15 0 6 0
E 1012 0 1 17
E 1012 1 1 17
E 1012 2 1 17
E 1012 3 1 17
E 1012 4 1 17
E 1012 5 -3 -31
T 1013 14 0 6 0
E 1013 0 1 16
E 1013 1 1 16
E 1013 2 1 16
E 1013 3 1 16
E 1013 4 1 16
E 1013 5 -3 -32
T 1014 13 0 6 0
E 1014 0 1 15
E 1014 1 1 15
E 1014 2 1 15
E 1014 3 1 15
E 1014 4 1 15
E 1014 5 -3 -33
T 1015 14 0 6 0
E 1015 0 2 21
E 1015 1 2 21
E 1015 2 2 21
E 1015 3 2 21
E 1015 4 2 21
E 1015 5 -3 -27
T 1016 23 0 1 0
E 1016 5 -12 -37
T 1017 15 0 6 0
E 1017 0 2 23
E 1017 1 2 23
E 1017 2 2 23
E 1017 3 2 23
E 1017 4 2 23
E 1017 5 -2 -25
T 1018 13 0 6 0
E 1018 0 2 20
E 1018 1 2 20
E 1018 2 2 20
E 1018 3 2 20
E 1018 4 2 20
E 1018 5 -3 -28
T 1019 14 0 6 0
E 1019 0 1 16
E 1019 1 1 16
E 1019 2 1 16
E 1019 3 1 16
E 1019 4 1 16
E 1019 5 -3 -32
T 1020 23 0 1 0
E 1020 5 -12 -37
T 1021 14 0 6 0
E 1021 0 2 21
E 1021 1 2 21
E 1021 2 2 21
E 1021 3 2 21
E 1021 4 2 21
E 1021 5 -3 -27
T 1022 24 0 1 0
E 1022 5 -12 -36
T 1023 17 0 6 0
E 1023 0 2 25
E 1023 1 2 25
E 1023 2 2 25
E 1023 3 2 25
E 1023 4 2 25
E 1023 5 -2 -23
T 1024 15 0 6 0
E 1024 0 2 23
E 1024 1 2 23
E 1024 2 2 23
E 1024 3 2 23
E 1024 4 2 23
E 1024 5 -2 -25
T 1025 13 0 6 0
E 1025 0 1 15
E 1025 1 1 15
E 1025 2 1 15
E 1025 3 1 15
E 1025 4 1 15
E 1025 5 -3 -33
T 1026 23 0 1 0
E 1026 5 -12 -37
T 1027 15 0 6 0
E 1027 0 2 23
E 1027 1 2 23
E 1027 2 2 23
E 1027 3 2 23
E 1027 4 2 23
E 1027 5 -2 -25
T 1028 13 0 6 0
E 1028 0 2 20
E 1028 1 2 20
E 1028 2 2 20
E 1028 3 2 20
E 1028 4 2 20
E 1028 5 -3 -28
T 1029 23 0 1 0
E 1029 5 -12 -37
T 1030 18 0 6 0
E 1030 0 2 26
E 1030 1 2 26
E 1030 2 2 26
E 1030 3 2 26
E 1030 4 2 26
E 1030 5 -2 -22
T 1031 15 0 6 0
E 1031 0 2 23
E 1031 1 2 23
E 1031 2 2 23
E 1031 3 2 23
E 1031 4 2 23
E 1031 5 -2 -25
T 1032 15 0 6 0
E 1032 0 1 17
E 1032 1 1 17
E 1032 2 1 17
E 1032 3 1 17
E 1032 4 1 17
E 1032 5 -3 -31
T 1033 24 0 1 0
E 1033 5 -12 -36
T 1034 14 0 6 0
E 1034 0 2 22
E 1034 1 2 22
E 1034 2 2 22
E 1034 3 2 22
E 1034 4 2 22
E 1034 5 -2 -26
T 1035 22 0 1 0
E 1035 5 -12 -38
T 1036 15 0 6 0
E 1036 0 3 28
E 1036 1 3 28
E 1036 2 3 28
E 1036 3 3 28
E 1036 4 3 28
E 1036 5 -2 -20
T 1037 12 0 6 0
E 1037 0 1 14
E 1037 1 1 14
E 1037 2 1 14
E 1037 3 1 14
E 1037 4 1 14
E 1037 5 -3 -34
T 1038 11 0 6 0
E 1038 0 1 13
E 1038 1 1 13
E 1038 2 1 13
E 1038 3 1 13
E 1038 4 1 13
E 1038 5 -3 -35
T 1039 24 0 1 0
E 1039 5 -12 -36
T 1040 14 0 6 0
E 1040 0 3 27
E 1040 1 3 27
E 1040 2 3 27
E 1040 3 3 27
E 1040 4 3 27
E 1040 5 -2 -21
T 1041 12 0 6 0
E 1041 0 2 19
E 1041 1 2 19
E 1041 2 2 19
E 1041 3 2 19
E 1041 4 2 19
E 1041 5 -3 -29
T 1042 21 0 1 0
E 1042 5 -13 -40
T 1043 18 0 6 0
E 1043 0 2 26
E 1043 1 2 26
E 1043 2 2 26
E 1043 3 2 26
E 1043 4 2 26
E 1043 5 -2 -22
T 1044 14 0 6 0
E 1044 0 2 21
E 1044 1 2 21
E 1044 2 2 21
E 1044 3 2 21
E 1044 4 2 21
E 1044 5 -3 -27
T 1045 13 0 6 0
E 1045 0 2 20
E 1045 1 2 20
E 1045 2 2 20
E 1045 3 2 20
E 1045 4 2 20
E 1045 5 -3 -28
T 1046 13 0 6 0
E 1046 0 1 15
E 1046 1 1 15
E 1046 2 1 15
E 1046 3 1 15
E 1046 4 1 15
E 1046 5 -3 -33
T 1047 14 0 6 0
E 1047 0 1 16
E 1047 1 1 16
E 1047 2 1 16
E 1047 3 1 16
E 1047 4 1 16
E 1047 5 -3 -32
T 1048 12 0 6 0
E 1048 0 2 19
E 1048 1 2 19
E 1048 2 2 19
E 1048 3 2 19
E 1048 4 2 19
E 1048 5 -3 -29
T 1049 14 0 6 0
E 1049 0 1 16
E 1049 1 1 16
E 1049 2 1 16
E 1049 3 1 16
E 1049 4 1 16
E 1049 5 -3 -32
T 1050 11 0 6 0
E 1050 0 2 18
E 1050 1 2 18
E 1050 2 2 18
E 1050 3 2 18
E 1050 4 2 18
E 1050 5 -3 -30
T 1051 20 0 1 0
E 1051 5 -14 -42
T 1052 14 0 6 0
E 1052 0 2 22
E 1052 1 2 22
E 1052 2 2 22
E 1052 3 2 22
E 1052 4 2 22
E 1052 5 -2 -26
T 1053 13 0 6 0
E 1053 0 1 15
E 1053 1 1 15
E 1053 2 1 15
E 1053 3 1 15
E 1053 4 1 15
E 1053 5 -3 -33
T 1054 12 0 6 0
E 1054 0 2 19
E 1054 1 2 19
E 1054 2 2 19
E 1054 3 2 19
E 1054 4 2 19
E 1054 5 -3 -29
T 1055 22 0 1 0
E 1055 5 -13 -39
T 1056 16 0 6 0
E 1056 0 2 24
E 1056 1 2 24
E 1056 2 2 24
E 1056 3 2 24
E 1056 4 2 24
E 1056 5 -2 -24
T 1057 12 0 6 0
E 1057 0 2 20
E 1057 1 2 20
E 1057 2 2 20
E 1057 3 2 20
E 1057 4 2 20
E 1057 5 -2 -25
T 1058 14 0 6 0
E 1058 0 1 17
E 1058 1 1 17
E 1058 2 1 17
E 1058 3 1 17
E 1058 4 1 17
E 1058 5 -2 -26
T 1059 13 0 6 0
E 1059 0 1 16
E 1059 1 1 16
E 1059 2 1 16
E 1059 3 1 16
E 1059 4 1 16
E 1059 5 -2 -24
T 1060 11 0 6 0
E 1060 0 1 14
E 1060 1 1 14
E 1060 2 1 14
E 1060 3 1 14
E 1060 4 1 14
E 1060 5 -2 -23
T 1061 12 0 6 0
E 1061 0 1 15
E 1061 1 1 15
E 1061 2 1 15
E 1061 3 1 15
E 1061 4 1 15
E 1061 5 -2 -20
T 1062 14 0 1 0
E 1062 5 -9 -27
T 1063 9 0 5 0
E 1063 0 2 19
E 1063 1 2 19
E 1063 2 2 19
E 1063 3 2 19
E 1063 4 2 19
T 1064 12 0 1 0
E 1064 5 -7 -22
T 1065 9 0 5 0
E 1065 0 1 14
E 1065 1 1 14
E 1065 2 1 14
E 1065 3 1 14
E 1065 4 1 14
T 1066 13 0 1 0
E 1066 5 -4 -13
T 1067 10 0 0 0
T 1068 8 0 0 0
T 1069 12 0 0 0
T 1070 12 0 5 0
E 1070 0 1 17
E 1070 1 1 17
E 1070 2 1 17
E 1070 3 1 17
E 1070 4 1 17
T 1071 8 0 0 0
T 1072 7 0 0 0
T 1073 11 0 0 0
T 1074 7 0 0 0
T 1075 9 0 0 0
T 1076 2 0 0 0
T 1077 2 0 0 0
T 1078 0 0 1 0
E 1078 5 4 13
T 1079 7 0 0 0
T 1080 5 0 0 0
T 1081 11 0 0 0
T 1082 8 0 5 0
E 1082 0 -1 -13
E 1082 1 -1 -13
E 1082 2 -1 -13
E 1082 3 -1 -13
E 1082 4 -1 -13
T 1083 13 0 1 0
E 1083 5 4 13
T 1084 15 0 1 0
E 1084 5 4 14
T 1085 11 0 5 0
E 1085 0 -2 -21
E 1085 1 -2 -21
E 1085 2 -2 -21
E 1085 3 -2 -21
E 1085 4 -2 -21
T 1086 15 0 1 0
E 1086 5 7 22
T 1087 11 0 5 0
E 1087 0 -2 -21
E 1087 1 -2 -21
E 1087 2 -2 -21
E 1087 3 -2 -21
E 1087 4 -2 -21
T 1088 18 0 1 0
E 1088 5 6 18
T 1089 12 0 5 0
E 1089 0 -2 -22
E 1089 1 -2 -22
E 1089 2 -2 -22
E 1089 3 -2 -22
E 1089 4 -2 -22
T 1090 10 0 6 0
E 1090 0 -1 -14
E 1090 1 -1 -14
E 1090 2 -1 -14
E 1090 3 -1 -14
E 1090 4 -1 -14
E 1090 5 1 16
T 1091 10 0 6 0
E 1091 0 -1 -14
E 1091 1 -1 -14
E 1091 2 -1 -14
E 1091 3 -1 -14
E 1091 4 -1 -14
E 1091 5 1 16
T 1092 18 0 1 0
E 1092 5 6 18
T 1093 13 0 5 0
E 1093 0 -2 -23
E 1093 1 -2 -23
E 1093 2 -2 -23
E 1093 3 -2 -23
E 1093 4 -2 -23
T 1094 10 0 6 0
E 1094 0 -1 -14
E 1094 1 -1 -14
E 1094 2 -1 -14
E 1094 3 -1 -14
E 1094 4 -1 -14
E 1094 5 1 16
T 1095 16 0 1 0
E 1095 5 7 21
T 1096 10 0 6 0
E 1096 0 -1 -14
E 1096 1 -1 -14
E 1096 2 -1 -14
E 1096 3 -1 -14
E 1096 4 -1 -14
E 1096 5 1 16
T 1097 18 0 1 0
E 1097 5 6 18
T 1098 12 0 6 0
E 1098 0 -1 -16
E 1098 1 -1 -16
E 1098 2 -1 -16
E 1098 3 -1 -16
E 1098 4 -1 -16
E 1098 5 1 14
T 1099 13 0 6 0
E 1099 0 -1 -17
E 1099 1 -1 -17
E 1099 2 -1 -17
E 1099 3 -1 -17
E 1099 4 -1 -17
E 1099 5 1 13
T 1100 9 0 6 0
E 1100 0 -1 -13
E 1100 1 -1 -13
E 1100 2 -1 -13
E 1100 3 -1 -13
E 1100 4 -1 -13
E 1100 5 1 17
T 1101 11 0 6 0
E 1101 0 -1 -15
E 1101 1 -1 -15
E 1101 2 -1 -15
E 1101 3 -1 -15
E 1101 4 -1 -15
E 1101 5 1 15
T 1102 16 0 1 0
E 1102 5 7 21
T 1103 9 0 5 0
E 1103 0 -2 -19
E 1103 1 -2 -19
E 1103 2 -2 -19
E 1103 3 -2 -19
E 1103 4 -2 -19
T 1104 11 0 6 0
E 1104 0 -1 -15
E 1104 1 -1 -15
E 1104 2 -1 -15
E 1104 3 -1 -15
E 1104 4 -1 -15
E 1104 5 1 15
T 1105 17 0 1 0
E 1105 5 6 19
T 1106 10 0 5 0
E 1106 0 -2 -20
E 1106 1 -2 -20
E 1106 2 -2 -20
E 1106 3 -2 -20
E 1106 4 -2 -20
T 1107 13 0 1 0
E 1107 5 8 26
T 1108 10 0 6 0
E 1108 0 -1 -13
E 1108 1 -1 -13
E 1108 2 -1 -13
E 1108 3 -1 -13
E 1108 4 -1 -13
E 1108 5 2 19
T 1109 16 0 1 0
E 1109 5 8 25
T 1110 10 0 6 0
E 1110 0 -1 -13
E 1110 1 -1 -13
E 1110 2 -1 -13
E 1110 3 -1 -13
E 1110 4 -1 -13
E 1110 5 2 20
T 1111 18 0 1 0
E 1111 5 8 24
T 1112 10 0 6 0
E 1112 0 -1 -13
E 1112 1 -1 -13
E 1112 2 -1 -13
E 1112 3 -1 -13
E 1112 4 -1 -13
E 1112 5 2 21
T 1113 15 0 1 0
E 1113 5 9 29
T 1114 20 0 1 0
E 1114 5 8 24
T 1115 10 0 6 0
E 1115 0 -2 -19
E 1115 1 -2 -19
E 1115 2 -2 -19
E 1115 3 -2 -19
E 1115 4 -2 -19
E 1115 5 1 17
T 1116 17 0 1 0
E 1116 5 10 30
T 1117 13 0 6 0
E 1117 0 -2 -22
E 1117 1 -2 -22
E 1117 2 -2 -22
E 1117 3 -2 -22
E 1117 4 -2 -22
E 1117 5 1 15
T 1118 20 0 1 0
E 1118 5 8 26
T 1119 11 0 6 0
E 1119 0 -2 -19
E 1119 1 -2 -19
E 1119 2 -2 -19
E 1119 3 -2 -19
E 1119 4 -2 -19
E 1119 5 2 20
T 1120 14 0 6 0
E 1120 0 -1 -17
E 1120 1 -1 -17
E 1120 2 -1 -17
E 1120 3 -1 -17
E 1120 4 -1 -17
E 1120 5 2 22
T 1121 11 0 6 0
E 1121 0 -1 -13
E 1121 1 -1 -13
E 1121 2 -1 -13
E 1121 3 -1 -13
E 1121 4 -1 -13
E 1121 5 3 27
T 1122 17 0 1 0
E 1122 5 11 34
T 1123 15 0 6 0
E 1123 0 -2 -23
E 1123 1 -2 -23
E 1123 2 -2 -23
E 1123 3 -2 -23
E 1123 4 -2 -23
E 1123 5 2 18
T 1124 22 0 1 0
E 1124 5 10 30
T 1125 14 0 6 0
E 1125 0 -2 -22
E 1125 1 -2 -22
E 1125 2 -2 -22
E 1125 3 -2 -22
E 1125 4 -2 -22
E 1125 5 2 20
T 1126 10 0 6 0
E 1126 0 -2 -18
E 1126 1 -2 -18
E 1126 2 -2 -18
E 1126 3 -2 -18
E 1126 4 -2 -18
E 1126 5 2 25
T 1127 22 0 1 0
E 1127 5 10 31
T 1128 15 0 6 0
E 1128 0 -2 -23
E 1128 1 -2 -23
E 1128 2 -2 -23
E 1128 3 -2 -23
E 1128 4 -2 -23
E 1128 5 2 21
T 1129 23 0 1 0
E 1129 5 11 33
T 1130 11 0 6 0
E 1130 0 -2 -18
E 1130 1 -2 -18
E 1130 2 -2 -18
E 1130 3 -2 -18
E 1130 4 -2 -18
E 1130 5 3 27
T 1131 14 0 6 0
E 1131 0 -1 -16
E 1131 1 -1 -16
E 1131 2 -1 -16
E 1131 3 -1 -16
E 1131 4 -1 -16
E 1131 5 3 30
T 1132 23 0 1 0
E 1132 5 11 34
T 1133 13 0 6 0
E 1133 0 -2 -20
E 1133 1 -2 -20
E 1133 2 -2 -20
E 1133 3 -2 -20
E 1133 4 -2 -20
E 1133 5 3 27
T 1134 13 0 6 0
E 1134 0 -1 -15
E 1134 1 -1 -15
E 1134 2 -1 -15
E 1134 3 -1 -15
E 1134 4 -1 -15
E 1134 5 3 33
T 1135 11 0 6 0
E 1135 0 -1 -13
E 1135 1 -1 -13
E 1135 2 -1 -13
E 1135 3 -1 -13
E 1135 4 -1 -13
E 1135 5 3 35
T 1136 13 0 6 0
E 1136 0 -1 -15
E 1136 1 -1 -15
E 1136 2 -1 -15
E 1136 3 -1 -15
E 1136 4 -1 -15
E 1136 5 3 33
T 1137 22 0 1 0
E 1137 5 13 39
T 1138 17 0 6 0
E 1138 0 -2 -25
E 1138 1 -2 -25
E 1138 2 -2 -25
E 1138 3 -2 -25
E 1138 4 -2 -25
E 1138 5 2 23
T 1139 15 0 6 0
E 1139 0 -1 -17
E 1139 1 -1 -17
E 1139 2 -1 -17
E 1139 3 -1 -17
E 1139 4 -1 -17
E 1139 5 3 31
T 1140 13 0 6 0
E 1140 0 -2 -20
E 1140 1 -2 -20
E 1140 2 -2 -20
E 1140 3 -2 -20
E 1140 4 -2 -20
E 1140 5 3 28
T 1141 12 0 6 0
E 1141 0 -2 -19
E 1141 1 -2 -19
E 1141 2 -2 -19
E 1141 3 -2 -19
E 1141 4 -2 -19
E 1141 5 3 29
T 1142 11 0 6 0
E 1142 0 -1 -13
E 1142 1 -1 -13
E 1142 2 -1 -13
E 1142 3 -1 -13
E 1142 4 -1 -13
E 1142 5 3 35
T 1143 23 0 1 0
E 1143 5 12 37
T 1144 14 0 6 0
E 1144 0 -3 -27
E 1144 1 -3 -27
E 1144 2 -3 -27
E 1144 3 -3 -27
E 1144 4 -3 -27
E 1144 5 2 21
T 1145 15 0 6 0
E 1145 0 -1 -17
E 1145 1 -1 -17
E 1145 2 -1 -17
E 1145 3 -1 -17
E 1145 4 -1 -17
E 1145 5 3 31
T 1146 24 0 1 0
E 1146 5 12 36
T 1147 14 0 6 0
E 1147 0 -2 -22
E 1147 1 -2 -22
E 1147 2 -2 -22
E 1147 3 -2 -22
E 1147 4 -2 -22
E 1147 5 2 26
T 1148 15 0 6 0
E 1148 0 -1 -17
E 1148 1 -1 -17
E 1148 2 -1 -17
E 1148 3 -1 -17
E 1148 4 -1 -17
E 1148 5 3 31
T 1149 12 0 6 0
E 1149 0 -2 -19
E 1149 1 -2 -19
E 1149 2 -2 -19
E 1149 3 -2 -19
E 1149 4 -2 -19
E 1149 5 3 29
T 1150 20 0 1 0
E 1150 5 13 41
T 1151 15 0 6 0
E 1151 0 -1 -17
E 1151 1 -1 -17
E 1151 2 -1 -17
E 1151 3 -1 -17
E 1151 4 -1 -17
E 1151 5 3 31
T 1152 14 0 6 0
E 1152 0 -2 -21
E 1152 1 -2 -21
E 1152 2 -2 -21
E 1152 3 -2 -21
E 1152 4 -2 -21
E 1152 5 3 27
T 1153 23 0 1 0
E 1153 5 12 37
T 1154 17 0 6 0
E 1154 0 -2 -25
E 1154 1 -2 -25
E 1154 2 -2 -25
E 1154 3 -2 -25
E 1154 4 -2 -25
E 1154 5 2 23
T 1155 12 0 6 0
E 1155 0 -2 -19
E 1155 1 -2 -19
E 1155 2 -2 -19
E 1155 3 -2 -19
E 1155 4 -2 -19
E 1155 5 3 29
T 1156 22 0 1 0
E 1156 5 12 38
T 1157 15 0 6 0
E 1157 0 -1 -17
E 1157 1 -1 -17
E 1157 2 -1 -17
E 1157 3 -1 -17
E 1157 4 -1 -17
E 1157 5 3 31
T 1158 12 0 6 0
E 1158 0 -2 -19
E 1158 1 -2 -19
E 1158 2 -2 -19
E 1158 3 -2 -19
E 1158 4 -2 -19
E 1158 5 3 29
T 1159 11 0 6 0
E 1159 0 -1 -13
E 1159 1 -1 -13
E 1159 2 -1 -13
E 1159 3 -1 -13
E 1159 4 -1 -13
E 1159 5 3 35
T 1160 21 0 1 0
E 1160 5 13 40
T 1161 15 0 6 0
E 1161 0 -2 -23
E 1161 1 -2 -23
E 1161 2 -2 -23
E 1161 3 -2 -23
E 1161 4 -2 -23
E 1161 5 2 25
T 1162 14 0 6 0
E 1162 0 -2 -22
E 1162 1 -2 -22
E 1162 2 -2 -22
E 1162 3 -2 -22
E 1162 4 -2 -22
E 1162 5 2 26
T 1163 14 0 6 0
E 1163 0 -1 -16
E 1163 1 -1 -16
E 1163 2 -1 -16
E 1163 3 -1 -16
E 1163 4 -1 -16
E 1163 5 3 32
T 1164 14 0 6 0
E 1164 0 -2 -21
E 1164 1 -2 -21
E 1164 2 -2 -21
E 1164 3 -2 -21
E 1164 4 -2 -21
E 1164 5 3 27
T 1165 13 0 6 0
E 1165 0 -2 -20
E 1165 1 -2 -20
E 1165 2 -2 -20
E 1165 3 -2 -20
E 1165 4 -2 -20
E 1165 5 3 28
T 1166 12 0 6 0
E 1166 0 -2 -19
E 1166 1 -2 -19
E 1166 2 -2 -19
E 1166 3 -2 -19
E 1166 4 -2 -19
E 1166 5 3 29
T 1167 13 0 6 0
E 1167 0 -1 -15
E 1167 1 -1 -15
E 1167 2 -1 -15
E 1167 3 -1 -15
E 1167 4 -1 -15
E 1167 5 3 33
T 1168 22 0 1 0
E 1168 5 13 39
T 1169 14 0 6 0
E 1169 0 -2 -21
E 1169 1 -2 -21
E 1169 2 -2 -21
E 1169 3 -2 -21
E 1169 4 -2 -21
E 1169 5 3 27
T 1170 13 0 6 0
E 1170 0 -1 -15
E 1170 1 -1 -15
E 1170 2 -1 -15
E 1170 3 -1 -15
E 1170 4 -1 -15
E 1170 5 3 33
T 1171 15 0 6 0
E 1171 0 -1 -17
E 1171 1 -1 -17
E 1171 2 -1 -17
E 1171 3 -1 -17
E 1171 4 -1 -17
E 1171 5 3 31
T 1172 14 0 6 0
E 1172 0 -1 -16
E 1172 1 -1 -16
E 1172 2 -1 -16
E 1172 3 -1 -16
E 1172 4 -1 -16
E 1172 5 3 32
T 1173 22 0 1 0
E 1173 5 12 38
T 1174 13 0 6 0
E 1174 0 -2 -20
E 1174 1 -2 -20
E 1174 2 -2 -20
E 1174 3 -2 -20
E 1174 4 -2 -20
E 1174 5 3 28
T 1175 22 0 1 0
E 1175 5 12 38
T 1176 12 0 6 0
E 1176 0 -2 -19
E 1176 1 -2 -19
E 1176 2 -2 -19
E 1176 3 -2 -19
E 1176 4 -2 -19
E 1176 5 3 29
T 1177 22 0 1 0
E 1177 5 12 38
T 1178 17 0 6 0
E 1178 0 -2 -25
E 1178 1 -2 -25
E 1178 2 -2 -25
E 1178 3 -2 -25
E 1178 4 -2 -25
E 1178 5 2 23
T 1179 14 0 6 0
E 1179 0 -2 -21
E 1179 1 -2 -21
E 1179 2 -2 -21
E 1179 3 -2 -21
E 1179 4 -2 -21
E 1179 5 3 27
T 1180 14 0 6 0
E 1180 0 -1 -16
E 1180 1 -1 -16
E 1180 2 -1 -16
E 1180 3 -1 -16
E 1180 4 -1 -16
E 1180 5 3 32
T 1181 14 0 6 0
E 1181 0 -1 -16
E 1181 1 -1 -16
E 1181 2 -1 -16
E 1181 3 -1 -16
E 1181 4 -1 -16
E 1181 5 3 32
T 1182 13 0 6 0
E 1182 0 -2 -20
E 1182 1 -2 -20
E 1182 2 -2 -20
E 1182 3 -2 -20
E 1182 4 -2 -20
E 1182 5 3 28
T 1183 11 0 6 0
E 1183 0 -2 -18
E 1183 1 -2 -18
E 1183 2 -2 -18
E 1183 3 -2 -18
E 1183 4 -2 -18
E 1183 5 3 30
T 1184 13 0 6 0
E 1184 0 -1 -15
E 1184 1 -1 -15
E 1184 2 -1 -15
E 1184 3 -1 -15
E 1184 4 -1 -15
E 1184 5 3 33
T 1185 21 0 1 0
E 1185 5 13 40
T 1186 11 0 6 0
E 1186 0 -2 -18
E 1186 1 -2 -18
E 1186 2 -2 -18
E 1186 3 -2 -18
E 1186 4 -2 -18
E 1186 5 3 30
T 1187 15 0 6 0
E 1187 0 -1 -17
E 1187 1 -1 -17
E 1187 2 -1 -17
E 1187 3 -1 -17
E 1187 4 -1 -17
E 1187 5 3 31
T 1188 14 0 6 0
E 1188 0 -2 -22
E 1188 1 -2 -22
E 1188 2 -2 -22
E 1188 3 -2 -22
E 1188 4 -2 -22
E 1188 5 2 26
T 1189 14 0 6 0
E 1189 0 -1 -16
E 1189 1 -1 -16
E 1189 2 -1 -16
E 1189 3 -1 -16
E 1189 4 -1 -16
E 1189 5 3 32
T 1190 13 0 6 0
E 1190 0 -2 -20
E 1190 1 -2 -20
E 1190 2 -2 -20
E 1190 3 -2 -20
E 1190 4 -2 -20
E 1190 5 3 28
T 1191 11 0 6 0
E 1191 0 -2 -18
E 1191 1 -2 -18
E 1191 2 -2 -18
E 1191 3 -2 -18
E 1191 4 -2 -18
E 1191 5 3 30
T 1192 23 0 1 0
E 1192 5 12 37
T 1193 18 0 6 0
E 1193 0 -2 -26
E 1193 1 -2 -26
E 1193 2 -2 -26
E 1193 3 -2 -26
E 1193 4 -2 -26
E 1193 5 2 22
T 1194 11 0 6 0
E 1194 0 -2 -18
E 1194 1 -2 -18
E 1194 2 -2 -18
E 1194 3 -2 -18
E 1194 4 -2 -18
E 1194 5 3 30
T 1195 20 0 1 0
E 1195 5 13 41
T 1196 17 0 6 0
E 1196 0 -2 -25
E 1196 1 -2 -25
E 1196 2 -2 -25
E 1196 3 -2 -25
E 1196 4 -2 -25
E 1196 5 2 23
T 1197 14 0 6 0
E 1197 0 -2 -21
E 1197 1 -2 -21
E 1197 2 -2 -21
E 1197 3 -2 -21
E 1197 4 -2 -21
E 1197 5 3 27
T 1198 12 0 6 0
E 1198 0 -2 -19
E 1198 1 -2 -19
E 1198 2 -2 -19
E 1198 3 -2 -19
E 1198 4 -2 -19
E 1198 5 3 29
T 1199 12 0 6 0
E 1199 0 -1 -14
E 1199 1 -1 -14
E 1199 2 -1 -14
E 1199 3 -1 -14
E 1199 4 -1 -14
E 1199 5 3 34
T 1200 14 0 6 0
E 1200 0 4 38
E 1200 1 4 38
E 1200 2 4 38
E 1200 3 4 38
E 1200 4 4 38
E 1200 5 4 38
T 1201 10 0 5 0
E 1201 0 1 15
E 1201 1 1 15
E 1201 2 1 15
E 1201 3 1 15
E 1201 4 1 15
T 1202 10 0 0 0
T 1203 8 0 5 0
E 1203 0 1 13
E 1203 1 1 13
E 1203 2 1 13
E 1203 3 1 13
E 1203 4 1 13
T 1204 10 0 0 0
T 1205 9 0 5 0
E 1205 0 1 14
E 1205 1 1 14
E 1205 2 1 14
E 1205 3 1 14
E 1205 4 1 14
T 1206 9 0 5 0
E 1206 0 1 14
E 1206 1 1 14
E 1206 2 1 14
E 1206 3 1 14
E 1206 4 1 14
T 1207 12 0 5 0
E 1207 0 1 17
E 1207 1 1 17
E 1207 2 1 17
E 1207 3 1 17
E 1207 4 1 17
T 1208 11 0 5 0
E 1208 0 1 16
E 1208 1 1 16
E 1208 2 1 16
E 1208 3 1 16
E 1208 4 1 16
T 1209 12 0 5 0
E 1209 0 1 17
E 1209 1 1 17
E 1209 2 1 17
E 1209 3 1 17
E 1209 4 1 17
T 1210 18 0 1 0
E 1210 5 -7 -21
T 1211 14 0 6 0
E 1211 0 1 17
E 1211 1 1 17
E 1211 2 1 17
E 1211 3 1 17
E 1211 4 1 17
E 1211 5 -2 -18
T 1212 13 0 6 0
E 1212 0 1 16
E 1212 1 1 16
E 1212 2 1 16
E 1212 3 1 16
E 1212 4 1 16
E 1212 5 -2 -22
T 1213 21 0 1 0
E 1213 5 -10 -30
T 1214 17 0 6 0
E 1214 0 2 25
E 1214 1 2 25
E 1214 2 2 25
E 1214 3 2 25
E 1214 4 2 25
E 1214 5 -2 -20
T 1215 13 0 6 0
E 1215 0 2 20
E 1215 1 2 20
E 1215 2 2 20
E 1215 3 2 20
E 1215 4 2 20
E 1215 5 -3 -28
T 1216 14 0 6 0
E 1216 0 1 16
E 1216 1 1 16
E 1216 2 1 16
E 1216 3 1 16
E 1216 4 1 16
E 1216 5 -3 -35
T 1217 25 0 1 0
E 1217 5 -14 -43
T 1218 19 0 6 0
E 1218 0 3 32
E 1218 1 3 32
E 1218 2 3 32
E 1218 3 3 32
E 1218 4 3 32
E 1218 5 -2 -25
T 1219 17 0 6 0
E 1219 0 2 23
E 1219 1 2 23
E 1219 2 2 23
E 1219 3 2 23
E 1219 4 2 23
E 1219 5 -4 -38
T 1220 14 0 6 0
E 1220 0 2 20
E 1220 1 2 20
E 1220 2 2 20
E 1220 3 2 20
E 1220 4 2 20
E 1220 5 -4 -44
T 1221 15 1 6 0
E 1221 0 1 15
E 1221 1 1 15
E 1221 2 1 15
E 1221 3 1 15
E 1221 4 1 15
E 1221 5 -5 -52
T 1222 16 0 6 0
E 1222 0 1 15
E 1222 1 1 15
E 1222 2 1 15
E 1222 3 1 15
E 1222 4 1 15
E 1222 5 -6 -55
T 1223 32 0 1 0
E 1223 5 -20 -61
T 1224 18 0 6 0
E 1224 0 3 28
E 1224 1 3 28
E 1224 2 3 28
E 1224 3 3 28
E 1224 4 3 28
E 1224 5 -5 -49
T 1225 19 0 6 0
E 1225 0 2 23
E 1225 1 2 23
E 1225 2 2 23
E 1225 3 2 23
E 1225 4 2 23
E 1225 5 -6 -57
T 1226 17 0 6 0
E 1226 0 2 20
E 1226 1 2 20
E 1226 2 2 20
E 1226 3 2 20
E 1226 4 2 20
E 1226 5 -7 -63
T 1227 21 0 6 0
E 1227 0 2 25
E 1227 1 2 25
E 1227 2 2 25
E 1227 3 2 25
E 1227 4 2 25
E 1227 5 -6 -61
T 1228 18 0 6 0
E 1228 0 2 21
E 1228 1 2 21
E 1228 2 2 21
E 1228 3 2 21
E 1228 4 2 21
E 1228 5 -7 -68
T 1229 21 0 6 0
E 1229 0 2 24
E 1229 1 2 24
E 1229 2 2 24
E 1229 3 2 24
E 1229 4 2 24
E 1229 5 -7 -69
T 1230 12 0 6 0
E 1230 0 2 19
E 1230 1 2 19
E 1230 2 2 19
E 1230 3 2 19
E 1230 4 2 19
E 1230 5 -3 -29
T 1231 11 0 6 0
E 1231 0 2 18
E 1231 1 2 18
E 1231 2 2 18
E 1231 3 2 18
E 1231 4 2 18
E 1231 5 -3 -30
T 1232 24 0 1 0
E 1232 5 -12 -36
T 1233 17 0 6 0
E 1233 0 3 31
E 1233 1 3 31
E 1233 2 3 31
E 1233 3 3 31
E 1233 4 3 31
E 1233 5 -1 -17
T 1234 13 0 6 0
E 1234 0 2 20
E 1234 1 2 20
E 1234 2 2 20
E 1234 3 2 20
E 1234 4 2 20
E 1234 5 -3 -28
T 1235 13 0 6 0
E 1235 0 2 20
E 1235 1 2 20
E 1235 2 2 20
E 1235 3 2 20
E 1235 4 2 20
E 1235 5 -3 -28
T 1236 21 0 1 0
E 1236 5 -13 -40
T 1237 14 0 6 0
E 1237 0 2 21
E 1237 1 2 21
E 1237 2 2 21
E 1237 3 2 21
E 1237 4 2 21
E 1237 5 -3 -27
T 1238 24 0 1 0
E 1238 5 -12 -36
T 1239 17 0 6 0
E 1239 0 3 30
E 1239 1 3 30
E 1239 2 3 30
E 1239 3 3 30
E 1239 4 3 30
E 1239 5 -2 -18
T 1240 11 0 6 0
E 1240 0 1 13
E 1240 1 1 13
E 1240 2 1 13
E 1240 3 1 13
E 1240 4 1 13
E 1240 5 -3 -35
T 1241 21 0 1 0
E 1241 5 -13 -40
T 1242 14 0 6 0
E 1242 0 3 27
E 1242 1 3 27
E 1242 2 3 27
E 1242 3 3 27
E 1242 4 3 27
E 1242 5 -2 -21
T 1243 12 0 6 0
E 1243 0 2 19
E 1243 1 2 19
E 1243 2 2 19
E 1243 3 2 19
E 1243 4 2 19
E 1243 5 -3 -29
T 1244 12 0 6 0
E 1244 0 2 19
E 1244 1 2 19
E 1244 2 2 19
E 1244 3 2 19
E 1244 4 2 19
E 1244 5 -3 -29
T 1245 14 0 6 0
E 1245 0 1 16
E 1245 1 1 16
E 1245 2 1 16
E 1245 3 1 16
E 1245 4 1 16
E 1245 5 -3 -32
T 1246 14 0 6 0
E 1246 0 1 16
E 1246 1 1 16
E 1246 2 1 16
E 1246 3 1 16
E 1246 4 1 16
E 1246 5 -3 -32
T 1247 14 0 6 0
E 1247 0 2 22
E 1247 1 2 22
E 1247 2 2 22
E 1247 3 2 22
E 1247 4 2 22
E 1247 5 -2 -26
T 1248 13 0 6 0
E 1248 0 2 20
E 1248 1 2 20
E 1248 2 2 20
E 1248 3 2 20
E 1248 4 2 20
E 1248 5 -3 -28
T 1249 14 0 6 0
E 1249 0 2 21
E 1249 1 2 21
E 1249 2 2 21
E 1249 3 2 21
E 1249 4 2 21
E 1249 5 -3 -27
T 1250 14 0 6 0
E 1250 0 1 16
E 1250 1 1 16
E 1250 2 1 16
E 1250 3 1 16
E 1250 4 1 16
E 1250 5 -3 -32
T 1251 15 0 6 0
E 1251 0 1 17
E 1251 1 1 17
E 1251 2 1 17
E 1251 3 1 17
E 1251 4 1 17
E 1251 5 -3 -31
T 1252 11 0 6 0
E 1252 0 2 18
E 1252 1 2 18
E 1252 2 2 18
E 1252 3 2 18
E 1252 4 2 18
E 1252 5 -3 -30
T 1253 11 0 6 0
E 1253 0 2 18
E 1253 1 2 18
E 1253 2 2 18
E 1253 3 2 18
E 1253 4 2 18
E 1253 5 -3 -30
T 1254 20 0 1 0
E 1254 5 -13 -41
T 1255 11 0 6 0
E 1255 0 2 18
E 1255 1 2 18
E 1255 2 2 18
E 1255 3 2 18
E 1255 4 2 18
E 1255 5 -3 -30
T 1256 21 0 1 0
E 1256 5 -13 -40
T 1257 13 0 6 0
E 1257 0 2 20
E 1257 1 2 20
E 1257 2 2 20
E 1257 3 2 20
E 1257 4 2 20
E 1257 5 -3 -28
T 1258 24 0 1 0
E 1258 5 -12 -36
T 1259 17 0 6 0
E 1259 0 3 30
E 1259 1 3 30
E 1259 2 3 30
E 1259 3 3 30
E 1259 4 3 30
E 1259 5 -2 -18
T 1260 11 0 6 0
E 1260 0 2 18
E 1260 1 2 18
E 1260 2 2 18
E 1260 3 2 18
E 1260 4 2 18
E 1260 5 -3 -30
T 1261 20 0 1 0
E 1261 5 -14 -42
T 1262 13 0 6 0
E 1262 0 2 20
E 1262 1 2 20
E 1262 2 2 20
E 1262 3 2 20
E 1262 4 2 20
E 1262 5 -3 -28
T 1263 13 0 6 0
E 1263 0 2 20
E 1263 1 2 20
E 1263 2 2 20
E 1263 3 2 20
E 1263 4 2 20
E 1263 5 -3 -28
T 1264 22 0 1 0
E 1264 5 -12 -38
T 1265 13 0 6 0
E 1265 0 2 20
E 1265 1 2 20
E 1265 2 2 20
E 1265 3 2 20
E 1265 4 2 20
E 1265 5 -3 -28
T 1266 22 0 1 0
E 1266 5 -13 -39
T 1267 14 0 6 0
E 1267 0 2 21
E 1267 1 2 21
E 1267 2 2 21
E 1267 3 2 21
E 1267 4 2 21
E 1267 5 -3 -27
T 1268 11 0 6 0
E 1268 0 1 13
E 1268 1 1 13
E 1268 2 1 13
E 1268 3 1 13
E 1268 4 1 13
E 1268 5 -3 -35
T 1269 15 0 6 0
E 1269 0 1 17
E 1269 1 1 17
E 1269 2 1 17
E 1269 3 1 17
E 1269 4 1 17
E 1269 5 -3 -31
T 1270 12 0 6 0
E 1270 0 2 19
E 1270 1 2 19
E 1270 2 2 19
E 1270 3 2 19
E 1270 4 2 19
E 1270 5 -3 -29
T 1271 23 0 1 0
E 1271 5 -12 -37
T 1272 13 0 6 0
E 1272 0 2 20
E 1272 1 2 20
E 1272 2 2 20
E 1272 3 2 20
E 1272 4 2 20
E 1272 5 -3 -28
T 1273 13 0 6 0
E 1273 0 2 20
E 1273 1 2 20
E 1273 2 2 20
E 1273 3 2 20
E 1273 4 2 20
E 1273 5 -3 -28
T 1274 11 0 6 0
E 1274 0 2 18
E 1274 1 2 18
E 1274 2 2 18
E 1274 3 2 18
E 1274 4 2 18
E 1274 5 -3 -30
T 1275 22 0 1 0
E 1275 5 -13 -39
T 1276 15 0 6 0
E 1276 0 2 23
E 1276 1 2 23
E 1276 2 2 23
E 1276 3 2 23
E 1276 4 2 23
E 1276 5 -2 -25
T 1277 24 0 1 0
E 1277 5 -12 -36
T 1278 14 0 6 0
E 1278 0 2 22
E 1278 1 2 22
E 1278 2 2 22
E 1278 3 2 22
E 1278 4 2 22
E 1278 5 -2 -26
T 1279 22 0 1 0
E 1279 5 -12 -38
T 1280 13 0 6 0
E 1280 0 2 20
E 1280 1 2 20
E 1280 2 2 20
E 1280 3 2 20
E 1280 4 2 20
E 1280 5 -3 -28
T 1281 24 0 1 0
E 1281 5 -12 -36
T 1282 16 0 6 0
E 1282 0 3 29
E 1282 1 3 29
E 1282 2 3 29
E 1282 3 3 29
E 1282 4 3 29
E 1282 5 -2 -19
T 1283 12 0 6 0
E 1283 0 1 14
E 1283 1 1 14
E 1283 2 1 14
E 1283 3 1 14
E 1283 4 1 14
E 1283 5 -3 -34
T 1284 13 0 6 0
E 1284 0 1 15
E 1284 1 1 15
E 1284 2 1 15
E 1284 3 1 15
E 1284 4 1 15
E 1284 5 -3 -33
T 1285 14 0 6 0
E 1285 0 1 16
E 1285 1 1 16
E 1285 2 1 16
E 1285 3 1 16
E 1285 4 1 16
E 1285 5 -3 -32
T 1286 14 0 6 0
E 1286 0 2 21
E 1286 1 2 21
E 1286 2 2 21
E 1286 3 2 21
E 1286 4 2 21
E 1286 5 -3 -27
T 1287 14 0 6 0
E 1287 0 2 21
E 1287 1 2 21
E 1287 2 2 21
E 1287 3 2 21
E 1287 4 2 21
E 1287 5 -3 -27
T 1288 13 0 6 0
E 1288 0 1 15
E 1288 1 1 15
E 1288 2 1 15
E 1288 3 1 15
E 1288 4 1 15
E 1288 5 -3 -33
T 1289 15 0 6 0
E 1289 0 1 17
E 1289 1 1 17
E 1289 2 1 17
E 1289 3 1 17
E 1289 4 1 17
E 1289 5 -3 -31
T 1290 14 0 6 0
E 1290 0 1 16
E 1290 1 1 16
E 1290 2 1 16
E 1290 3 1 16
E 1290 4 1 16
E 1290 5 -3 -32
T 1291 24 0 1 0
E 1291 5 -12 -36
T 1292 14 0 6 0
E 1292 0 2 22
E 1292 1 2 22
E 1292 2 2 22
E 1292 3 2 22
E 1292 4 2 22
E 1292 5 -2 -26
T 1293 14 0 6 0
E 1293 0 2 21
E 1293 1 2 21
E 1293 2 2 21
E 1293 3 2 21
E 1293 4 2 21
E 1293 5 -3 -27
T 1294 23 0 1 0
E 1294 5 -12 -37
T 1295 12 0 6 0
E 1295 0 2 19
E 1295 1 2 19
E 1295 2 2 19
E 1295 3 2 19
E 1295 4 2 19
E 1295 5 -3 -29
T 1296 11 0 6 0
E 1296 0 2 18
E 1296 1 2 18
E 1296 2 2 18
E 1296 3 2 18
E 1296 4 2 18
E 1296 5 -3 -30
T 1297 19 0 1 0
E 1297 5 -13 -39
T 1298 10 0 6 0
E 1298 0 2 18
E 1298 1 2 18
E 1298 2 2 18
E 1298 3 2 18
E 1298 4 2 18
E 1298 5 -2 -25
T 1299 18 0 1 0
E 1299 5 -10 -32
T 1300 13 0 6 0
E 1300 0 1 16
E 1300 1 1 16
E 1300 2 1 16
E 1300 3 1 16
E 1300 4 1 16
E 1300 5 -2 -21
T 1301 16 0 1 0
E 1301 5 -9 -28
T 1302 10 0 6 0
E 1302 0 2 19
E 1302 1 2 19
E 1302 2 2 19
E 1302 3 2 19
E 1302 4 2 19
E 1302 5 -1 -13
T 1303 13 0 1 0
E 1303 5 -8 -25
T 1304 8 0 5 0
E 1304 0 2 18
E 1304 1 2 18
E 1304 2 2 18
E 1304 3 2 18
E 1304 4 2 18
T 1305 8 0 5 0
E 1305 0 1 13
E 1305 1 1 13
E 1305 2 1 13
E 1305 3 1 13
E 1305 4 1 13
T 1306 13 0 1 0
E 1306 5 -4 -13
T 1307 12 0 0 0
T 1308 12 0 0 0
T 1309 9 0 0 0
T 1310 12 0 0 0
T 1311 10 0 0 0
T 1312 8 0 0 0
T 1313 10 0 0 0
T 1314 9 0 0 0
T 1315 2 0 0 0
T 1316 2 0 0 0
T 1317 5 0 0 0
T 1318 12 0 0 0
T 1319 9 0 5 0
E 1319 0 -1 -14
E 1319 1 -1 -14
E 1319 2 -1 -14
E 1319 3 -1 -14
E 1319 4 -1 -14
T 1320 4 0 0 0
T 1321 10 0 0 0
T 1322 9 0 5 0
E 1322 0 -1 -14
E 1322 1 -1 -14
E 1322 2 -1 -14
E 1322 3 -1 -14
E 1322 4 -1 -14
T 1323 10 0 1 0
E 1323 5 5 17
T 1324 10 0 5 0
E 1324 0 -1 -15
E 1324 1 -1 -15
E 1324 2 -1 -15
E 1324 3 -1 -15
E 1324 4 -1 -15
T 1325 17 0 1 0
E 1325 5 5 16
T 1326 13 0 6 0
E 1326 0 -1 -17
E 1326 1 -1 -17
E 1326 2 -1 -17
E 1326 3 -1 -17
E 1326 4 -1 -17
E 1326 5 1 13
T 1327 8 0 5 0
E 1327 0 -2 -18
E 1327 1 -2 -18
E 1327 2 -2 -18
E 1327 3 -2 -18
E 1327 4 -2 -18
T 1328 14 0 1 0
E 1328 5 7 23
T 1329 11 0 5 0
E 1329 0 -2 -21
E 1329 1 -2 -21
E 1329 2 -2 -21
E 1329 3 -2 -21
E 1329 4 -2 -21
T 1330 16 0 1 0
E 1330 5 7 21
T 1331 11 0 6 0
E 1331 0 -1 -15
E 1331 1 -1 -15
E 1331 2 -1 -15
E 1331 3 -1 -15
E 1331 4 -1 -15
E 1331 5 1 15
T 1332 10 0 6 0
E 1332 0 -1 -14
E 1332 1 -1 -14
E 1332 2 -1 -14
E 1332 3 -1 -14
E 1332 4 -1 -14
E 1332 5 1 16
T 1333 16 0 1 0
E 1333 5 6 20
T 1334 12 0 5 0
E 1334 0 -2 -22
E 1334 1 -2 -22
E 1334 2 -2 -22
E 1334 3 -2 -22
E 1334 4 -2 -22
T 1335 8 0 5 0
E 1335 0 -2 -18
E 1335 1 -2 -18
E 1335 2 -2 -18
E 1335 3 -2 -18
E 1335 4 -2 -18
T 1336 9 0 6 0
E 1336 0 -1 -13
E 1336 1 -1 -13
E 1336 2 -1 -13
E 1336 3 -1 -13
E 1336 4 -1 -13
E 1336 5 1 17
T 1337 17 0 1 0
E 1337 5 6 19
T 1338 8 0 5 0
E 1338 0 -2 -18
E 1338 1 -2 -18
E 1338 2 -2 -18
E 1338 3 -2 -18
E 1338 4 -2 -18
T 1339 14 0 1 0
E 1339 5 7 23
T 1340 11 0 5 0
E 1340 0 -2 -21
E 1340 1 -2 -21
E 1340 2 -2 -21
E 1340 3 -2 -21
E 1340 4 -2 -21
T 1341 12 0 6 0
E 1341 0 -1 -16
E 1341 1 -1 -16
E 1341 2 -1 -16
E 1341 3 -1 -16
E 1341 4 -1 -16
E 1341 5 1 14
T 1342 14 0 1 0
E 1342 5 7 23
T 1343 9 0 5 0
E 1343 0 -2 -19
E 1343 1 -2 -19
E 1343 2 -2 -19
E 1343 3 -2 -19
E 1343 4 -2 -19
T 1344 13 0 1 0
E 1344 5 8 25
T 1345 10 0 6 0
E 1345 0 -1 -14
E 1345 1 -1 -14
E 1345 2 -1 -14
E 1345 3 -1 -14
E 1345 4 -1 -14
E 1345 5 1 16
T 1346 11 0 6 0
E 1346 0 -1 -15
E 1346 1 -1 -15
E 1346 2 -1 -15
E 1346 3 -1 -15
E 1346 4 -1 -15
E 1346 5 1 16
T 1347 11 0 6 0
E 1347 0 -1 -15
E 1347 1 -1 -15
E 1347 2 -1 -15
E 1347 3 -1 -15
E 1347 4 -1 -15
E 1347 5 1 16
T 1348 12 0 6 0
E 1348 0 -1 -16
E 1348 1 -1 -16
E 1348 2 -1 -16
E 1348 3 -1 -16
E 1348 4 -1 -16
E 1348 5 1 16
T 1349 11 0 6 0
E 1349 0 -1 -14
E 1349 1 -1 -14
E 1349 2 -1 -14
E 1349 3 -1 -14
E 1349 4 -1 -14
E 1349 5 2 19
T 1350 10 0 6 0
E 1350 0 -1 -13
E 1350 1 -1 -13
E 1350 2 -1 -13
E 1350 3 -1 -13
E 1350 4 -1 -13
E 1350 5 2 20
T 1351 13 0 6 0
E 1351 0 -1 -17
E 1351 1 -1 -17
E 1351 2 -1 -17
E 1351 3 -1 -17
E 1351 4 -1 -17
E 1351 5 1 17
T 1352 13 0 6 0
E 1352 0 -1 -16
E 1352 1 -1 -16
E 1352 2 -1 -16
E 1352 3 -1 -16
E 1352 4 -1 -16
E 1352 5 2 18
T 1353 11 0 6 0
E 1353 0 -2 -20
E 1353 1 -2 -20
E 1353 2 -2 -20
E 1353 3 -2 -20
E 1353 4 -2 -20
E 1353 5 1 15
T 1354 12 0 6 0
E 1354 0 -1 -15
E 1354 1 -1 -15
E 1354 2 -1 -15
E 1354 3 -1 -15
E 1354 4 -1 -15
E 1354 5 2 21
T 1355 11 0 6 0
E 1355 0 -1 -14
E 1355 1 -1 -14
E 1355 2 -1 -14
E 1355 3 -1 -14
E 1355 4 -1 -14
E 1355 5 2 22
T 1356 12 0 6 0
E 1356 0 -1 -15
E 1356 1 -1 -15
E 1356 2 -1 -15
E 1356 3 -1 -15
E 1356 4 -1 -15
E 1356 5 2 22
T 1357 10 0 6 0
E 1357 0 -2 -18
E 1357 1 -2 -18
E 1357 2 -2 -18
E 1357 3 -2 -18
E 1357 4 -2 -18
E 1357 5 2 19
T 1358 18 0 1 0
E 1358 5 9 29
T 1359 13 0 6 0
E 1359 0 -1 -16
E 1359 1 -1 -16
E 1359 2 -1 -16
E 1359 3 -1 -16
E 1359 4 -1 -16
E 1359 5 2 23
T 1360 21 0 1 0
E 1360 5 9 27
T 1361 15 0 6 0
E 1361 0 -2 -24
E 1361 1 -2 -24
E 1361 2 -2 -24
E 1361 3 -2 -24
E 1361 4 -2 -24
E 1361 5 1 16
T 1362 12 0 6 0
E 1362 0 -1 -15
E 1362 1 -1 -15
E 1362 2 -1 -15
E 1362 3 -1 -15
E 1362 4 -1 -15
E 1362 5 2 25
T 1363 12 0 6 0
E 1363 0 -2 -20
E 1363 1 -2 -20
E 1363 2 -2 -20
E 1363 3 -2 -20
E 1363 4 -2 -20
E 1363 5 2 21
T 1364 14 0 6 0
E 1364 0 -1 -17
E 1364 1 -1 -17
E 1364 2 -1 -17
E 1364 3 -1 -17
E 1364 4 -1 -17
E 1364 5 2 25
T 1365 13 0 6 0
E 1365 0 -1 -15
E 1365 1 -1 -15
E 1365 2 -1 -15
E 1365 3 -1 -15
E 1365 4 -1 -15
E 1365 5 3 27
T 1366 21 0 1 0
E 1366 5 10 32
T 1367 14 0 6 0
E 1367 0 -1 -17
E 1367 1 -1 -17
E 1367 2 -1 -17
E 1367 3 -1 -17
E 1367 4 -1 -17
E 1367 5 2 26
T 1368 13 0 6 0
E 1368 0 -2 -21
E 1368 1 -2 -21
E 1368 2 -2 -21
E 1368 3 -2 -21
E 1368 4 -2 -21
E 1368 5 2 23
T 1369 23 0 1 0
E 1369 5 11 33
T 1370 14 0 6 0
E 1370 0 -2 -22
E 1370 1 -2 -22
E 1370 2 -2 -22
E 1370 3 -2 -22
E 1370 4 -2 -22
E 1370 5 2 23
T 1371 22 0 1 0
E 1371 5 12 36
T 1372 16 0 6 0
E 1372 0 -2 -24
E 1372 1 -2 -24
E 1372 2 -2 -24
E 1372 3 -2 -24
E 1372 4 -2 -24
E 1372 5 2 22
T 1373 13 0 6 0
E 1373 0 -2 -20
E 1373 1 -2 -20
E 1373 2 -2 -20
E 1373 3 -2 -20
E 1373 4 -2 -20
E 1373 5 3 27
T 1374 24 0 1 0
E 1374 5 12 36
T 1375 14 0 6 0
E 1375 0 -2 -22
E 1375 1 -2 -22
E 1375 2 -2 -22
E 1375 3 -2 -22
E 1375 4 -2 -22
E 1375 5 2 26
T 1376 13 0 6 0
E 1376 0 -1 -15
E 1376 1 -1 -15
E 1376 2 -1 -15
E 1376 3 -1 -15
E 1376 4 -1 -15
E 1376 5 3 33
T 1377 12 0 6 0
E 1377 0 -1 -14
E 1377 1 -1 -14
E 1377 2 -1 -14
E 1377 3 -1 -14
E 1377 4 -1 -14
E 1377 5 3 34
T 1378 21 0 1 0
E 1378 5 13 40
T 1379 18 0 6 0
E 1379 0 -2 -26
E 1379 1 -2 -26
E 1379 2 -2 -26
E 1379 3 -2 -26
E 1379 4 -2 -26
E 1379 5 2 22
T 1380 13 0 6 0
E 1380 0 -2 -20
E 1380 1 -2 -20
E 1380 2 -2 -20
E 1380 3 -2 -20
E 1380 4 -2 -20
E 1380 5 3 28
T 1381 11 0 6 0
E 1381 0 -2 -18
E 1381 1 -2 -18
E 1381 2 -2 -18
E 1381 3 -2 -18
E 1381 4 -2 -18
E 1381 5 3 30
T 1382 21 0 1 0
E 1382 5 13 40
T 1383 15 0 6 0
E 1383 0 -1 -17
E 1383 1 -1 -17
E 1383 2 -1 -17
E 1383 3 -1 -17
E 1383 4 -1 -17
E 1383 5 3 31
T 1384 11 0 6 0
E 1384 0 -1 -13
E 1384 1 -1 -13
E 1384 2 -1 -13
E 1384 3 -1 -13
E 1384 4 -1 -13
E 1384 5 3 35
T 1385 22 0 1 0
E 1385 5 13 39
T 1386 14 0 6 0
E 1386 0 -3 -27
E 1386 1 -3 -27
E 1386 2 -3 -27
E 1386 3 -3 -27
E 1386 4 -3 -27
E 1386 5 2 21
T 1387 14 0 6 0
E 1387 0 -2 -21
E 1387 1 -2 -21
E 1387 2 -2 -21
E 1387 3 -2 -21
E 1387 4 -2 -21
E 1387 5 3 27
T 1388 14 0 6 0
E 1388 0 -2 -21
E 1388 1 -2 -21
E 1388 2 -2 -21
E 1388 3 -2 -21
E 1388 4 -2 -21
E 1388 5 3 27
T 1389 15 0 6 0
E 1389 0 -1 -17
E 1389 1 -1 -17
E 1389 2 -1 -17
E 1389 3 -1 -17
E 1389 4 -1 -17
E 1389 5 3 31
T 1390 11 0 6 0
E 1390 0 -1 -13
E 1390 1 -1 -13
E 1390 2 -1 -13
E 1390 3 -1 -13
E 1390 4 -1 -13
E 1390 5 3 35
T 1391 11 0 6 0
E 1391 0 -2 -18
E 1391 1 -2 -18
E 1391 2 -2 -18
E 1391 3 -2 -18
E 1391 4 -2 -18
E 1391 5 3 30
T 1392 15 0 6 0
E 1392 0 -1 -17
E 1392 1 -1 -17
E 1392 2 -1 -17
E 1392 3 -1 -17
E 1392 4 -1 -17
E 1392 5 3 31
T 1393 11 0 6 0
E 1393 0 -1 -13
E 1393 1 -1 -13
E 1393 2 -1 -13
E 1393 3 -1 -13
E 1393 4 -1 -13
E 1393 5 3 35
T 1394 14 0 6 0
E 1394 0 -1 -16
E 1394 1 -1 -16
E 1394 2 -1 -16
E 1394 3 -1 -16
E 1394 4 -1 -16
E 1394 5 3 32
T 1395 15 0 6 0
E 1395 0 -1 -17
E 1395 1 -1 -17
E 1395 2 -1 -17
E 1395 3 -1 -17
E 1395 4 -1 -17
E 1395 5 3 31
T 1396 14 0 6 0
E 1396 0 -1 -16
E 1396 1 -1 -16
E 1396 2 -1 -16
E 1396 3 -1 -16
E 1396 4 -1 -16
E 1396 5 3 32
T 1397 15 0 6 0
E 1397 0 -1 -17
E 1397 1 -1 -17
E 1397 2 -1 -17
E 1397 3 -1 -17
E 1397 4 -1 -17
E 1397 5 3 31
T 1398 12 0 6 0
E 1398 0 -2 -19
E 1398 1 -2 -19
E 1398 2 -2 -19
E 1398 3 -2 -19
E 1398 4 -2 -19
E 1398 5 3 29
T 1399 11 0 6 0
E 1399 0 -2 -18
E 1399 1 -2 -18
E 1399 2 -2 -18
E 1399 3 -2 -18
E 1399 4 -2 -18
E 1399 5 3 30
T 1400 14 0 6 0
E 1400 0 -1 -16
E 1400 1 -1 -16
E 1400 2 -1 -16
E 1400 3 -1 -16
E 1400 4 -1 -16
E 1400 5 3 32
T 1401 11 0 6 0
E 1401 0 -2 -18
E 1401 1 -2 -18
E 1401 2 -2 -18
E 1401 3 -2 -18
E 1401 4 -2 -18
E 1401 5 3 30
T 1402 11 0 6 0
E 1402 0 -1 -13
E 1402 1 -1 -13
E 1402 2 -1 -13
E 1402 3 -1 -13
E 1402 4 -1 -13
E 1402 5 3 35
T 1403 12 0 6 0
E 1403 0 -1 -14
E 1403 1 -1 -14
E 1403 2 -1 -14
E 1403 3 -1 -14
E 1403 4 -1 -14
E 1403 5 3 34
T 1404 24 0 1 0
E 1404 5 12 36
T 1405 17 0 6 0
E 1405 0 -3 -31
E 1405 1 -3 -31
E 1405 2 -3 -31
E 1405 3 -3 -31
E 1405 4 -3 -31
E 1405 5 1 17
T 1406 13 0 6 0
E 1406 0 -1 -15
E 1406 1 -1 -15
E 1406 2 -1 -15
E 1406 3 -1 -15
E 1406 4 -1 -15
E 1406 5 3 33
T 1407 23 0 1 0
E 1407 5 12 37
T 1408 14 0 6 0
E 1408 0 -2 -21
E 1408 1 -2 -21
E 1408 2 -2 -21
E 1408 3 -2 -21
E 1408 4 -2 -21
E 1408 5 3 27
T 1409 22 0 1 0
E 1409 5 12 38
T 1410 12 0 6 0
E 1410 0 -2 -19
E 1410 1 -2 -19
E 1410 2 -2 -19
E 1410 3 -2 -19
E 1410 4 -2 -19
E 1410 5 3 29
T 1411 15 0 6 0
E 1411 0 -1 -17
E 1411 1 -1 -17
E 1411 2 -1 -17
E 1411 3 -1 -17
E 1411 4 -1 -17
E 1411 5 3 31
T 1412 14 0 6 0
E 1412 0 -1 -16
E 1412 1 -1 -16
E 1412 2 -1 -16
E 1412 3 -1 -16
E 1412 4 -1 -16
E 1412 5 3 32
T 1413 23 0 1 0
E 1413 5 12 37
T 1414 13 0 6 0
E 1414 0 -2 -20
E 1414 1 -2 -20
E 1414 2 -2 -20
E 1414 3 -2 -20
E 1414 4 -2 -20
E 1414 5 3 28
T 1415 11 0 6 0
E 1415 0 -1 -13
E 1415 1 -1 -13
E 1415 2 -1 -13
E 1415 3 -1 -13
E 1415 4 -1 -13
E 1415 5 3 35
T 1416 20 0 1 0
E 1416 5 13 41
T 1417 15 0 6 0
E 1417 0 -1 -17
E 1417 1 -1 -17
E 1417 2 -1 -17
E 1417 3 -1 -17
E 1417 4 -1 -17
E 1417 5 3 31
T 1418 11 0 6 0
E 1418 0 -2 -18
E 1418 1 -2 -18
E 1418 2 -2 -18
E 1418 3 -2 -18
E 1418 4 -2 -18
E 1418 5 3 30
T 1419 20 0 1 0
E 1419 5 13 41
T 1420 13 0 6 0
E 1420 0 -2 -20
E 1420 1 -2 -20
E 1420 2 -2 -20
E 1420 3 -2 -20
E 1420 4 -2 -20
E 1420 5 3 28
T 1421 12 0 6 0
E 1421 0 -1 -14
E 1421 1 -1 -14
E 1421 2 -1 -14
E 1421 3 -1 -14
E 1421 4 -1 -14
E 1421 5 3 34
T 1422 14 0 6 0
E 1422 0 -1 -16
E 1422 1 -1 -16
E 1422 2 -1 -16
E 1422 3 -1 -16
E 1422 4 -1 -16
E 1422 5 3 32
T 1423 12 0 6 0
E 1423 0 -2 -19
E 1423 1 -2 -19
E 1423 2 -2 -19
E 1423 3 -2 -19
E 1423 4 -2 -19
E 1423 5 3 29
T 1424 12 0 6 0
E 1424 0 -2 -19
E 1424 1 -2 -19
E 1424 2 -2 -19
E 1424 3 -2 -19
E 1424 4 -2 -19
E 1424 5 3 29
T 1425 24 0 1 0
E 1425 5 12 36
T 1426 18 0 6 0
E 1426 0 -2 -26
E 1426 1 -2 -26
E 1426 2 -2 -26
E 1426 3 -2 -26
E 1426 4 -2 -26
E 1426 5 2 22
T 1427 13 0 6 0
E 1427 0 -2 -20
E 1427 1 -2 -20
E 1427 2 -2 -20
E 1427 3 -2 -20
E 1427 4 -2 -20
E 1427 5 3 28
T 1428 24 0 1 0
E 1428 5 12 36
T 1429 14 0 6 0
E 1429 0 -2 -22
E 1429 1 -2 -22
E 1429 2 -2 -22
E 1429 3 -2 -22
E 1429 4 -2 -22
E 1429 5 2 26
T 1430 14 0 6 0
E 1430 0 -2 -21
E 1430 1 -2 -21
E 1430 2 -2 -21
E 1430 3 -2 -21
E 1430 4 -2 -21
E 1430 5 3 27
T 1431 13 0 6 0
E 1431 0 -1 -15
E 1431 1 -1 -15
E 1431 2 -1 -15
E 1431 3 -1 -15
E 1431 4 -1 -15
E 1431 5 3 33
T 1432 22 0 1 0
E 1432 5 13 39
T 1433 13 0 6 0
E 1433 0 -2 -20
E 1433 1 -2 -20
E 1433 2 -2 -20
E 1433 3 -2 -20
E 1433 4 -2 -20
E 1433 5 3 28
T 1434 14 0 6 0
E 1434 0 -1 -16
E 1434 1 -1 -16
E 1434 2 -1 -16
E 1434 3 -1 -16
E 1434 4 -1 -16
E 1434 5 3 32
T 1435 23 0 1 0
E 1435 5 12 37
T 1436 18 0 6 0
E 1436 0 -2 -26
E 1436 1 -2 -26
E 1436 2 -2 -26
E 1436 3 -2 -26
E 1436 4 -2 -26
E 1436 5 2 22
T 1437 12 0 6 0
E 1437 0 -2 -19
E 1437 1 -2 -19
E 1437 2 -2 -19
E 1437 3 -2 -19
E 1437 4 -2 -19
E 1437 5 3 29
T 1438 23 0 1 0
E 1438 5 12 37
T 1439 14 0 6 0
E 1439 0 -3 -27
E 1439 1 -3 -27
E 1439 2 -3 -27
E 1439 3 -3 -27
E 1439 4 -3 -27
E 1439 5 2 21
T 1440 14 0 6 0
E 1440 0 4 38
E 1440 1 4 38
E 1440 2 4 38
E 1440 3 4 38
E 1440 4 4 38
E 1440 5 4 38
T 1441 9 0 5 0
E 1441 0 1 14
E 1441 1 1 14
E 1441 2 1 14
E 1441 3 1 14
E 1441 4 1 14
T 1442 8 0 0 0
T 1443 9 0 5 0
E 1443 0 1 14
E 1443 1 1 14
E 1443 2 1 14
E 1443 3 1 14
E 1443 4 1 14
T 1444 9 0 0 0
T 1445 8 0 0 0
T 1446 8 0 0 0
T 1447 8 0 5 0
E 1447 0 1 13
E 1447 1 1 13
E 1447 2 1 13
E 1447 3 1 13
E 1447 4 1 13
T 1448 12 0 1 0
E 1448 5 -6 -19
T 1449 8 0 5 0
E 1449 0 2 18
E 1449 1 2 18
E 1449 2 2 18
E 1449 3 2 18
E 1449 4 2 18
T 1450 12 0 6 0
E 1450 0 1 16
E 1450 1 1 16
E 1450 2 1 16
E 1450 3 1 16
E 1450 4 1 16
E 1450 5 -1 -16
T 1451 10 0 6 0
E 1451 0 2 19
E 1451 1 2 19
E 1451 2 2 19
E 1451 3 2 19
E 1451 4 2 19
E 1451 5 -1 -16
T 1452 19 0 1 0
E 1452 5 -9 -28
T 1453 17 0 6 0
E 1453 0 2 26
E 1453 1 2 26
E 1453 2 2 26
E 1453 3 2 26
E 1453 4 2 26
E 1453 5 -1 -15
T 1454 12 0 6 0
E 1454 0 1 14
E 1454 1 1 14
E 1454 2 1 14
E 1454 3 1 14
E 1454 4 1 14
E 1454 5 -3 -31
T 1455 23 0 1 0
E 1455 5 -12 -37
T 1456 13 0 6 0
E 1456 0 2 20
E 1456 1 2 20
E 1456 2 2 20
E 1456 3 2 20
E 1456 4 2 20
E 1456 5 -3 -31
T 1457 12 0 6 0
E 1457 0 2 18
E 1457 1 2 18
E 1457 2 2 18
E 1457 3 2 18
E 1457 4 2 18
E 1457 5 -4 -36
T 1458 13 0 6 0
E 1458 0 1 14
E 1458 1 1 14
E 1458 2 1 14
E 1458 3 1 14
E 1458 4 1 14
E 1458 5 -4 -43
T 1459 13 0 6 0
E 1459 0 2 19
E 1459 1 2 19
E 1459 2 2 19
E 1459 3 2 19
E 1459 4 2 19
E 1459 5 -4 -42
T 1460 14 0 6 0
E 1460 0 2 19
E 1460 1 2 19
E 1460 2 2 19
E 1460 3 2 19
E 1460 4 2 19
E 1460 5 -5 -45
T 1461 15 0 6 0
E 1461 0 2 20
E 1461 1 2 20
E 1461 2 2 20
E 1461 3 2 20
E 1461 4 2 20
E 1461 5 -5 -47
T 1462 17 0 6 0
E 1462 0 1 16
E 1462 1 1 16
E 1462 2 1 16
E 1462 3 1 16
E 1462 4 1 16
E 1462 5 -6 -54
T 1463 15 0 6 0
E 1463 0 1 14
E 1463 1 1 14
E 1463 2 1 14
E 1463 3 1 14
E 1463 4 1 14
E 1463 5 -6 -59
T 1464 17 0 6 0
E 1464 0 2 21
E 1464 1 2 21
E 1464 2 2 21
E 1464 3 2 21
E 1464 4 2 21
E 1464 5 -6 -56
T 1465 21 0 6 0
E 1465 0 2 25
E 1465 1 2 25
E 1465 2 2 25
E 1465 3 2 25
E 1465 4 2 25
E 1465 5 -6 -55
T 1466 18 0 6 0
E 1466 0 1 16
E 1466 1 1 16
E 1466 2 1 16
E 1466 3 1 16
E 1466 4 1 16
E 1466 5 -7 -67
T 1467 20 0 6 0
E 1467 0 2 23
E 1467 1 2 23
E 1467 2 2 23
E 1467 3 2 23
E 1467 4 2 23
E 1467 5 -7 -63
T 1468 22 0 6 0
E 1468 0 2 25
E 1468 1 2 25
E 1468 2 2 25
E 1468 3 2 25
E 1468 4 2 25
E 1468 5 -7 -64
T 1469 20 0 6 0
E 1469 0 3 28
E 1469 1 3 28
E 1469 2 3 28
E 1469 3 3 28
E 1469 4 3 28
E 1469 5 -7 -65
T 1470 15 0 6 0
E 1470 0 1 17
E 1470 1 1 17
E 1470 2 1 17
E 1470 3 1 17
E 1470 4 1 17
E 1470 5 -3 -31
T 1471 12 0 6 0
E 1471 0 2 19
E 1471 1 2 19
E 1471 2 2 19
E 1471 3 2 19
E 1471 4 2 19
E 1471 5 -3 -29
T 1472 22 0 1 0
E 1472 5 -13 -39
T 1473 15 0 6 0
E 1473 0 2 23
E 1473 1 2 23
E 1473 2 2 23
E 1473 3 2 23
E 1473 4 2 23
E 1473 5 -2 -25
T 1474 12 0 6 0
E 1474 0 2 19
E 1474 1 2 19
E 1474 2 2 19
E 1474 3 2 19
E 1474 4 2 19
E 1474 5 -3 -29
T 1475 13 0 6 0
E 1475 0 2 20
E 1475 1 2 20
E 1475 2 2 20
E 1475 3 2 20
E 1475 4 2 20
E 1475 5 -3 -28
T 1476 15 0 6 0
E 1476 0 1 17
E 1476 1 1 17
E 1476 2 1 17
E 1476 3 1 17
E 1476 4 1 17
E 1476 5 -3 -31
T 1477 14 0 6 0
E 1477 0 2 22
E 1477 1 2 22
E 1477 2 2 22
E 1477 3 2 22
E 1477 4 2 22
E 1477 5 -2 -26
T 1478 13 0 6 0
E 1478 0 2 20
E 1478 1 2 20
E 1478 2 2 20
E 1478 3 2 20
E 1478 4 2 20
E 1478 5 -3 -28
T 1479 13 0 6 0
E 1479 0 1 15
E 1479 1 1 15
E 1479 2 1 15
E 1479 3 1 15
E 1479 4 1 15
E 1479 5 -3 -33
T 1480 11 0 6 0
E 1480 0 1 13
E 1480 1 1 13
E 1480 2 1 13
E 1480 3 1 13
E 1480 4 1 13
E 1480 5 -3 -35
T 1481 11 0 6 0
E 1481 0 1 13
E 1481 1 1 13
E 1481 2 1 13
E 1481 3 1 13
E 1481 4 1 13
E 1481 5 -3 -35
T 1482 22 0 1 0
E 1482 5 -13 -39
T 1483 15 0 6 0
E 1483 0 1 17
E 1483 1 1 17
E 1483 2 1 17
E 1483 3 1 17
E 1483 4 1 17
E 1483 5 -3 -31
T 1484 12 0 6 0
E 1484 0 2 19
E 1484 1 2 19
E 1484 2 2 19
E 1484 3 2 19
E 1484 4 2 19
E 1484 5 -3 -29
T 1485 24 0 1 0
E 1485 5 -12 -36
T 1486 14 0 6 0
E 1486 0 2 21
E 1486 1 2 21
E 1486 2 2 21
E 1486 3 2 21
E 1486 4 2 21
E 1486 5 -3 -27
T 1487 12 0 6 0
E 1487 0 2 19
E 1487 1 2 19
E 1487 2 2 19
E 1487 3 2 19
E 1487 4 2 19
E 1487 5 -3 -29
T 1488 12 0 6 0
E 1488 0 1 14
E 1488 1 1 14
E 1488 2 1 14
E 1488 3 1 14
E 1488 4 1 14
E 1488 5 -3 -34
T 1489 24 0 1 0
E 1489 5 -12 -36
T 1490 17 0 6 0
E 1490 0 2 25
E 1490 1 2 25
E 1490 2 2 25
E 1490 3 2 25
E 1490 4 2 25
E 1490 5 -2 -23
T 1491 14 0 6 0
E 1491 0 2 22
E 1491 1 2 22
E 1491 2 2 22
E 1491 3 2 22
E 1491 4 2 22
E 1491 5 -2 -26
T 1492 15 0 6 0
E 1492 0 1 17
E 1492 1 1 17
E 1492 2 1 17
E 1492 3 1 17
E 1492 4 1 17
E 1492 5 -3 -31
T 1493 11 0 6 0
E 1493 0 1 13
E 1493 1 1 13
E 1493 2 1 13
E 1493 3 1 13
E 1493 4 1 13
E 1493 5 -3 -35
T 1494 11 0 6 0
E 1494 0 2 18
E 1494 1 2 18
E 1494 2 2 18
E 1494 3 2 18
E 1494 4 2 18
E 1494 5 -3 -30
T 1495 20 0 1 0
E 1495 5 -13 -41
T 1496 16 0 6 0
E 1496 0 2 24
E 1496 1 2 24
E 1496 2 2 24
E 1496 3 2 24
E 1496 4 2 24
E 1496 5 -2 -24
T 1497 14 0 6 0
E 1497 0 2 21
E 1497 1 2 21
E 1497 2 2 21
E 1497 3 2 21
E 1497 4 2 21
E 1497 5 -3 -27
T 1498 15 0 6 0
E 1498 0 1 17
E 1498 1 1 17
E 1498 2 1 17
E 1498 3 1 17
E 1498 4 1 17
E 1498 5 -3 -31
T 1499 13 0 6 0
E 1499 0 2 20
E 1499 1 2 20
E 1499 2 2 20
E 1499 3 2 20
E 1499 4 2 20
E 1499 5 -3 -28
T 1500 15 0 6 0
E 1500 0 1 17
E 1500 1 1 17
E 1500 2 1 17
E 1500 3 1 17
E 1500 4 1 17
E 1500 5 -3 -31
T 1501 12 0 6 0
E 1501 0 2 19
E 1501 1 2 19
E 1501 2 2 19
E 1501 3 2 19
E 1501 4 2 19
E 1501 5 -3 -29
T 1502 13 0 6 0
E 1502 0 1 15
E 1502 1 1 15
E 1502 2 1 15
E 1502 3 1 15
E 1502 4 1 15
E 1502 5 -3 -33
T 1503 14 0 6 0
E 1503 0 1 16
E 1503 1 1 16
E 1503 2 1 16
E 1503 3 1 16
E 1503 4 1 16
E 1503 5 -3 -32
T 1504 14 0 6 0
E 1504 0 2 22
E 1504 1 2 22
E 1504 2 2 22
E 1504 3 2 22
E 1504 4 2 22
E 1504 5 -2 -26
T 1505 13 0 6 0
E 1505 0 1 15
E 1505 1 1 15
E 1505 2 1 15
E 1505 3 1 15
E 1505 4 1 15
E 1505 5 -3 -33
T 1506 24 0 1 0
E 1506 5 -12 -36
T 1507 16 0 6 0
E 1507 0 3 29
E 1507 1 3 29
E 1507 2 3 29
E 1507 3 3 29
E 1507 4 3 29
E 1507 5 -2 -19
T 1508 15 0 6 0
E 1508 0 2 23
E 1508 1 2 23
E 1508 2 2 23
E 1508 3 2 23
E 1508 4 2 23
E 1508 5 -2 -25
T 1509 15 0 6 0
E 1509 0 1 17
E 1509 1 1 17
E 1509 2 1 17
E 1509 3 1 17
E 1509 4 1 17
E 1509 5 -3 -31
T 1510 14 0 6 0
E 1510 0 1 16
E 1510 1 1 16
E 1510 2 1 16
E 1510 3 1 16
E 1510 4 1 16
E 1510 5 -3 -32
T 1511 14 0 6 0
E 1511 0 1 16
E 1511 1 1 16
E 1511 2 1 16
E 1511 3 1 16
E 1511 4 1 16
E 1511 5 -3 -32
T 1512 23 0 1 0
E 1512 5 -12 -37
T 1513 14 0 6 0
E 1513 0 2 21
E 1513 1 2 21
E 1513 2 2 21
E 1513 3 2 21
E 1513 4 2 21
E 1513 5 -3 -27
T 1514 12 0 6 0
E 1514 0 1 14
E 1514 1 1 14
E 1514 2 1 14
E 1514 3 1 14
E 1514 4 1 14
E 1514 5 -3 -34
T 1515 11 0 6 0
E 1515 0 1 13
E 1515 1 1 13
E 1515 2 1 13
E 1515 3 1 13
E 1515 4 1 13
E 1515 5 -3 -35
T 1516 22 0 1 0
E 1516 5 -13 -39
T 1517 14 0 6 0
E 1517 0 2 22
E 1517 1 2 22
E 1517 2 2 22
E 1517 3 2 22
E 1517 4 2 22
E 1517 5 -2 -26
T 1518 13 0 6 0
E 1518 0 1 15
E 1518 1 1 15
E 1518 2 1 15
E 1518 3 1 15
E 1518 4 1 15
E 1518 5 -3 -33
T 1519 24 0 1 0
E 1519 5 -12 -36
T 1520 17 0 6 0
E 1520 0 3 30
E 1520 1 3 30
E 1520 2 3 30
E 1520 3 3 30
E 1520 4 3 30
E 1520 5 -2 -18
T 1521 13 0 6 0
E 1521 0 1 15
E 1521 1 1 15
E 1521 2 1 15
E 1521 3 1 15
E 1521 4 1 15
E 1521 5 -3 -33
T 1522 11 0 6 0
E 1522 0 2 18
E 1522 1 2 18
E 1522 2 2 18
E 1522 3 2 18
E 1522 4 2 18
E 1522 5 -3 -30
T 1523 23 0 1 0
E 1523 5 -12 -37
T 1524 14 0 6 0
E 1524 0 2 22
E 1524 1 2 22
E 1524 2 2 22
E 1524 3 2 22
E 1524 4 2 22
E 1524 5 -2 -26
T 1525 24 0 1 0
E 1525 5 -12 -36
T 1526 14 0 6 0
E 1526 0 2 21
E 1526 1 2 21
E 1526 2 2 21
E 1526 3 2 21
E 1526 4 2 21
E 1526 5 -3 -27
T 1527 22 0 1 0
E 1527 5 -12 -38
T 1528 13 0 6 0
E 1528 0 2 20
E 1528 1 2 20
E 1528 2 2 20
E 1528 3 2 20
E 1528 4 2 20
E 1528 5 -3 -28
T 1529 14 0 6 0
E 1529 0 2 21
E 1529 1 2 21
E 1529 2 2 21
E 1529 3 2 21
E 1529 4 2 21
E 1529 5 -3 -27
T 1530 22 0 1 0
E 1530 5 -12 -38
T 1531 18 0 6 0
E 1531 0 2 26
E 1531 1 2 26
E 1531 2 2 26
E 1531 3 2 26
E 1531 4 2 26
E 1531 5 -2 -22
T 1532 14 0 6 0
E 1532 0 1 16
E 1532 1 1 16
E 1532 2 1 16
E 1532 3 1 16
E 1532 4 1 16
E 1532 5 -3 -32
T 1533 13 0 6 0
E 1533 0 2 20
E 1533 1 2 20
E 1533 2 2 20
E 1533 3 2 20
E 1533 4 2 20
E 1533 5 -3 -28
T 1534 22 0 1 0
E 1534 5 -12 -38
T 1535 11 0 6 0
E 1535 0 2 18
E 1535 1 2 18
E 1535 2 2 18
E 1535 3 2 18
E 1535 4 2 18
E 1535 5 -3 -30
T 1536 15 0 6 0
E 1536 0 1 17
E 1536 1 1 17
E 1536 2 1 17
E 1536 3 1 17
E 1536 4 1 17
E 1536 5 -3 -31
T 1537 14 0 6 0
E 1537 0 1 16
E 1537 1 1 16
E 1537 2 1 16
E 1537 3 1 16
E 1537 4 1 16
E 1537 5 -3 -29
T 1538 19 0 1 0
E 1538 5 -12 -36
T 1539 14 0 6 0
E 1539 0 2 22
E 1539 1 2 22
E 1539 2 2 22
E 1539 3 2 22
E 1539 4 2 22
E 1539 5 -2 -18
T 1540 14 0 6 0
E 1540 0 1 17
E 1540 1 1 17
E 1540 2 1 17
E 1540 3 1 17
E 1540 4 1 17
E 1540 5 -2 -20
T 1541 19 0 1 0
E 1541 5 -7 -23
T 1542 11 0 5 0
E 1542 0 2 21
E 1542 1 2 21
E 1542 2 2 21
E 1542 3 2 21
E 1542 4 2 21
T 1543 18 0 1 0
E 1543 5 -6 -18
T 1544 16 0 1 0
E 1544 5 -5 -16
T 1545 14 0 1 0
E 1545 5 -4 -14
T 1546 9 0 5 0
E 1546 0 2 19
E 1546 1 2 19
E 1546 2 2 19
E 1546 3 2 19
E 1546 4 2 19
T 1547 8 0 5 0
E 1547 0 1 13
E 1547 1 1 13
E 1547 2 1 13
E 1547 3 1 13
E 1547 4 1 13
T 1548 6 0 0 0
T 1549 6 0 0 0
T 1550 10 0 0 0
T 1551 4 0 0 0
T 1552 2 0 0 0
T 1553 7 0 0 0
T 1554 2 0 0 0
T 1555 6 0 0 0
T 1556 7 0 0 0
T 1557 5 0 1 0
E 1557 5 6 18
T 1558 4 0 1 0
E 1558 5 6 19
T 1559 2 0 0 0
T 1560 5 0 0 0
T 1561 11 0 0 0
T 1562 10 0 1 0
E 1562 5 4 14
T 1563 12 0 5 0
E 1563 0 -1 -17
E 1563 1 -1 -17
E 1563 2 -1 -17
E 1563 3 -1 -17
E 1563 4 -1 -17
T 1564 11 0 5 0
E 1564 0 -1 -16
E 1564 1 -1 -16
E 1564 2 -1 -16
E 1564 3 -1 -16
E 1564 4 -1 -16
T 1565 15 0 1 0
E 1565 5 6 19
T 1566 11 0 5 0
E 1566 0 -2 -21
E 1566 1 -2 -21
E 1566 2 -2 -21
E 1566 3 -2 -21
E 1566 4 -2 -21
T 1567 13 0 6 0
E 1567 0 -1 -17
E 1567 1 -1 -17
E 1567 2 -1 -17
E 1567 3 -1 -17
E 1567 4 -1 -17
E 1567 5 1 13
T 1568 10 0 6 0
E 1568 0 -1 -14
E 1568 1 -1 -14
E 1568 2 -1 -14
E 1568 3 -1 -14
E 1568 4 -1 -14
E 1568 5 1 16
T 1569 13 0 1 0
E 1569 5 8 25
T 1570 16 0 1 0
E 1570 5 7 21
T 1571 13 0 5 0
E 1571 0 -2 -23
E 1571 1 -2 -23
E 1571 2 -2 -23
E 1571 3 -2 -23
E 1571 4 -2 -23
T 1572 9 0 6 0
E 1572 0 -1 -13
E 1572 1 -1 -13
E 1572 2 -1 -13
E 1572 3 -1 -13
E 1572 4 -1 -13
E 1572 5 1 17
T 1573 14 0 1 0
E 1573 5 8 24
T 1574 18 0 1 0
E 1574 5 6 18
T 1575 12 0 6 0
E 1575 0 -1 -16
E 1575 1 -1 -16
E 1575 2 -1 -16
E 1575 3 -1 -16
E 1575 4 -1 -16
E 1575 5 1 14
T 1576 13 0 6 0
E 1576 0 -1 -17
E 1576 1 -1 -17
E 1576 2 -1 -17
E 1576 3 -1 -17
E 1576 4 -1 -17
E 1576 5 1 13
T 1577 16 0 1 0
E 1577 5 6 20
T 1578 9 0 5 0
E 1578 0 -2 -19
E 1578 1 -2 -19
E 1578 2 -2 -19
E 1578 3 -2 -19
E 1578 4 -2 -19
T 1579 9 0 6 0
E 1579 0 -1 -13
E 1579 1 -1 -13
E 1579 2 -1 -13
E 1579 3 -1 -13
E 1579 4 -1 -13
E 1579 5 1 17
T 1580 12 0 6 0
E 1580 0 -1 -16
E 1580 1 -1 -16
E 1580 2 -1 -16
E 1580 3 -1 -16
E 1580 4 -1 -16
E 1580 5 1 14
T 1581 9 0 6 0
E 1581 0 -1 -13
E 1581 1 -1 -13
E 1581 2 -1 -13
E 1581 3 -1 -13
E 1581 4 -1 -13
E 1581 5 1 17
T 1582 14 0 1 0
E 1582 5 7 23
T 1583 11 0 6 0
E 1583 0 -1 -15
E 1583 1 -1 -15
E 1583 2 -1 -15
E 1583 3 -1 -15
E 1583 4 -1 -15
E 1583 5 1 15
T 1584 14 0 1 0
E 1584 5 8 24
T 1585 9 0 6 0
E 1585 0 -1 -13
E 1585 1 -1 -13
E 1585 2 -1 -13
E 1585 3 -1 -13
E 1585 4 -1 -13
E 1585 5 1 17
T 1586 17 0 1 0
E 1586 5 7 21
T 1587 12 0 6 0
E 1587 0 -1 -16
E 1587 1 -1 -16
E 1587 2 -1 -16
E 1587 3 -1 -16
E 1587 4 -1 -16
E 1587 5 1 15
T 1588 11 0 6 0
E 1588 0 -1 -15
E 1588 1 -1 -15
E 1588 2 -1 -15
E 1588 3 -1 -15
E 1588 4 -1 -15
E 1588 5 1 17
T 1589 19 0 1 0
E 1589 5 7 21
T 1590 16 0 5 0
E 1590 0 -2 -26
E 1590 1 -2 -26
E 1590 2 -2 -26
E 1590 3 -2 -26
E 1590 4 -2 -26
T 1591 12 0 5 0
E 1591 0 -2 -22
E 1591 1 -2 -22
E 1591 2 -2 -22
E 1591 3 -2 -22
E 1591 4 -2 -22
T 1592 11 0 6 0
E 1592 0 -1 -14
E 1592 1 -1 -14
E 1592 2 -1 -14
E 1592 3 -1 -14
E 1592 4 -1 -14
E 1592 5 2 20
T 1593 19 0 1 0
E 1593 5 7 23
T 1594 14 0 6 0
E 1594 0 -1 -17
E 1594 1 -1 -17
E 1594 2 -1 -17
E 1594 3 -1 -17
E 1594 4 -1 -17
E 1594 5 2 19
T 1595 10 0 6 0
E 1595 0 -2 -19
E 1595 1 -2 -19
E 1595 2 -2 -19
E 1595 3 -2 -19
E 1595 4 -2 -19
E 1595 5 1 17
T 1596 14 0 6 0
E 1596 0 -1 -17
E 1596 1 -1 -17
E 1596 2 -1 -17
E 1596 3 -1 -17
E 1596 4 -1 -17
E 1596 5 2 20
T 1597 11 0 6 0
E 1597 0 -1 -14
E 1597 1 -1 -14
E 1597 2 -1 -14
E 1597 3 -1 -14
E 1597 4 -1 -14
E 1597 5 2 23
T 1598 18 0 1 0
E 1598 5 9 29
T 1599 13 0 6 0
E 1599 0 -2 -21
E 1599 1 -2 -21
E 1599 2 -2 -21
E 1599 3 -2 -21
E 1599 4 -2 -21
E 1599 5 2 18
T 1600 14 0 6 0
E 1600 0 -1 -17
E 1600 1 -1 -17
E 1600 2 -1 -17
E 1600 3 -1 -17
E 1600 4 -1 -17
E 1600 5 2 22
T 1601 12 0 6 0
E 1601 0 -2 -20
E 1601 1 -2 -20
E 1601 2 -2 -20
E 1601 3 -2 -20
E 1601 4 -2 -20
E 1601 5 2 20
T 1602 18 0 1 0
E 1602 5 11 33
T 1603 10 0 6 0
E 1603 0 -2 -18
E 1603 1 -2 -18
E 1603 2 -2 -18
E 1603 3 -2 -18
E 1603 4 -2 -18
E 1603 5 2 23
T 1604 12 0 6 0
E 1604 0 -1 -14
E 1604 1 -1 -14
E 1604 2 -1 -14
E 1604 3 -1 -14
E 1604 4 -1 -14
E 1604 5 3 28
T 1605 13 0 6 0
E 1605 0 -1 -15
E 1605 1 -1 -15
E 1605 2 -1 -15
E 1605 3 -1 -15
E 1605 4 -1 -15
E 1605 5 3 27
T 1606 13 0 6 0
E 1606 0 -1 -15
E 1606 1 -1 -15
E 1606 2 -1 -15
E 1606 3 -1 -15
E 1606 4 -1 -15
E 1606 5 3 28
T 1607 14 0 6 0
E 1607 0 -1 -17
E 1607 1 -1 -17
E 1607 2 -1 -17
E 1607 3 -1 -17
E 1607 4 -1 -17
E 1607 5 2 26
T 1608 14 0 6 0
E 1608 0 -2 -22
E 1608 1 -2 -22
E 1608 2 -2 -22
E 1608 3 -2 -22
E 1608 4 -2 -22
E 1608 5 2 22
T 1609 15 0 6 0
E 1609 0 -1 -17
E 1609 1 -1 -17
E 1609 2 -1 -17
E 1609 3 -1 -17
E 1609 4 -1 -17
E 1609 5 3 28
T 1610 11 0 6 0
E 1610 0 -2 -19
E 1610 1 -2 -19
E 1610 2 -2 -19
E 1610 3 -2 -19
E 1610 4 -2 -19
E 1610 5 2 26
T 1611 20 0 1 0
E 1611 5 13 39
T 1612 12 0 6 0
E 1612 0 -2 -19
E 1612 1 -2 -19
E 1612 2 -2 -19
E 1612 3 -2 -19
E 1612 4 -2 -19
E 1612 5 3 27
T 1613 15 0 6 0
E 1613 0 -1 -17
E 1613 1 -1 -17
E 1613 2 -1 -17
E 1613 3 -1 -17
E 1613 4 -1 -17
E 1613 5 3 30
T 1614 11 0 6 0
E 1614 0 -1 -13
E 1614 1 -1 -13
E 1614 2 -1 -13
E 1614 3 -1 -13
E 1614 4 -1 -13
E 1614 5 3 35
T 1615 23 0 1 0
E 1615 5 12 37
T 1616 12 0 6 0
E 1616 0 -2 -19
E 1616 1 -2 -19
E 1616 2 -2 -19
E 1616 3 -2 -19
E 1616 4 -2 -19
E 1616 5 3 29
T 1617 20 0 1 0
E 1617 5 13 41
T 1618 14 0 6 0
E 1618 0 -3 -27
E 1618 1 -3 -27
E 1618 2 -3 -27
E 1618 3 -3 -27
E 1618 4 -3 -27
E 1618 5 2 21
T 1619 13 0 6 0
E 1619 0 -1 -15
E 1619 1 -1 -15
E 1619 2 -1 -15
E 1619 3 -1 -15
E 1619 4 -1 -15
E 1619 5 3 33
T 1620 11 0 6 0
E 1620 0 -2 -18
E 1620 1 -2 -18
E 1620 2 -2 -18
E 1620 3 -2 -18
E 1620 4 -2 -18
E 1620 5 3 30
T 1621 12 0 6 0
E 1621 0 -2 -19
E 1621 1 -2 -19
E 1621 2 -2 -19
E 1621 3 -2 -19
E 1621 4 -2 -19
E 1621 5 3 29
T 1622 20 0 1 0
E 1622 5 13 41
T 1623 17 0 6 0
E 1623 0 -2 -25
E 1623 1 -2 -25
E 1623 2 -2 -25
E 1623 3 -2 -25
E 1623 4 -2 -25
E 1623 5 2 23
T 1624 12 0 6 0
E 1624 0 -1 -14
E 1624 1 -1 -14
E 1624 2 -1 -14
E 1624 3 -1 -14
E 1624 4 -1 -14
E 1624 5 3 34
T 1625 11 0 6 0
E 1625 0 -1 -13
E 1625 1 -1 -13
E 1625 2 -1 -13
E 1625 3 -1 -13
E 1625 4 -1 -13
E 1625 5 3 35
T 1626 21 0 1 0
E 1626 5 13 40
T 1627 17 0 6 0
E 1627 0 -2 -25
E 1627 1 -2 -25
E 1627 2 -2 -25
E 1627 3 -2 -25
E 1627 4 -2 -25
E 1627 5 2 23
T 1628 17 0 6 0
E 1628 0 -2 -25
E 1628 1 -2 -25
E 1628 2 -2 -25
E 1628 3 -2 -25
E 1628 4 -2 -25
E 1628 5 2 23
T 1629 13 0 6 0
E 1629 0 -2 -20
E 1629 1 -2 -20
E 1629 2 -2 -20
E 1629 3 -2 -20
E 1629 4 -2 -20
E 1629 5 3 28
T 1630 21 0 1 0
E 1630 5 13 40
T 1631 12 0 6 0
E 1631 0 -2 -19
E 1631 1 -2 -19
E 1631 2 -2 -19
E 1631 3 -2 -19
E 1631 4 -2 -19
E 1631 5 3 29
T 1632 22 0 1 0
E 1632 5 13 39
T 1633 11 0 6 0
E 1633 0 -2 -18
E 1633 1 -2 -18
E 1633 2 -2 -18
E 1633 3 -2 -18
E 1633 4 -2 -18
E 1633 5 3 30
T 1634 23 0 1 0
E 1634 5 12 37
T 1635 16 0 6 0
E 1635 0 -3 -29
E 1635 1 -3 -29
E 1635 2 -3 -29
E 1635 3 -3 -29
E 1635 4 -3 -29
E 1635 5 2 19
T 1636 14 0 6 0
E 1636 0 -2 -21
E 1636 1 -2 -21
E 1636 2 -2 -21
E 1636 3 -2 -21
E 1636 4 -2 -21
E 1636 5 3 27
T 1637 12 0 6 0
E 1637 0 -2 -19
E 1637 1 -2 -19
E 1637 2 -2 -19
E 1637 3 -2 -19
E 1637 4 -2 -19
E 1637 5 3 29
T 1638 11 0 6 0
E 1638 0 -2 -18
E 1638 1 -2 -18
E 1638 2 -2 -18
E 1638 3 -2 -18
E 1638 4 -2 -18
E 1638 5 3 30
T 1639 12 0 6 0
E 1639 0 -2 -19
E 1639 1 -2 -19
E 1639 2 -2 -19
E 1639 3 -2 -19
E 1639 4 -2 -19
E 1639 5 3 29
T 1640 20 0 1 0
E 1640 5 13 41
T 1641 18 0 6 0
E 1641 0 -2 -26
E 1641 1 -2 -26
E 1641 2 -2 -26
E 1641 3 -2 -26
E 1641 4 -2 -26
E 1641 5 2 22
T 1642 13 0 6 0
E 1642 0 -1 -15
E 1642 1 -1 -15
E 1642 2 -1 -15
E 1642 3 -1 -15
E 1642 4 -1 -15
E 1642 5 3 33
T 1643 14 0 6 0
E 1643 0 -1 -16
E 1643 1 -1 -16
E 1643 2 -1 -16
E 1643 3 -1 -16
E 1643 4 -1 -16
E 1643 5 3 32
T 1644 14 0 6 0
E 1644 0 -2 -22
E 1644 1 -2 -22
E 1644 2 -2 -22
E 1644 3 -2 -22
E 1644 4 -2 -22
E 1644 5 2 26
T 1645 12 0 6 0
E 1645 0 -1 -14
E 1645 1 -1 -14
E 1645 2 -1 -14
E 1645 3 -1 -14
E 1645 4 -1 -14
E 1645 5 3 34
T 1646 23 0 1 0
E 1646 5 12 37
T 1647 12 0 6 0
E 1647 0 -2 -19
E 1647 1 -2 -19
E 1647 2 -2 -19
E 1647 3 -2 -19
E 1647 4 -2 -19
E 1647 5 3 29
T 1648 15 0 6 0
E 1648 0 -1 -17
E 1648 1 -1 -17
E 1648 2 -1 -17
E 1648 3 -1 -17
E 1648 4 -1 -17
E 1648 5 3 31
T 1649 15 0 6 0
E 1649 0 -1 -17
E 1649 1 -1 -17
E 1649 2 -1 -17
E 1649 3 -1 -17
E 1649 4 -1 -17
E 1649 5 3 31
T 1650 14 0 6 0
E 1650 0 -1 -16
E 1650 1 -1 -16
E 1650 2 -1 -16
E 1650 3 -1 -16
E 1650 4 -1 -16
E 1650 5 3 32
T 1651 23 0 1 0
E 1651 5 12 37
T 1652 14 0 6 0
E 1652 0 -2 -22
E 1652 1 -2 -22
E 1652 2 -2 -22
E 1652 3 -2 -22
E 1652 4 -2 -22
E 1652 5 2 26
T 1653 14 0 6 0
E 1653 0 -2 -22
E 1653 1 -2 -22
E 1653 2 -2 -22
E 1653 3 -2 -22
E 1653 4 -2 -22
E 1653 5 2 26
T 1654 24 0 1 0
E 1654 5 12 36
T 1655 13 0 6 0
E 1655 0 -2 -20
E 1655 1 -2 -20
E 1655 2 -2 -20
E 1655 3 -2 -20
E 1655 4 -2 -20
E 1655 5 3 28
T 1656 15 0 6 0
E 1656 0 -1 -17
E 1656 1 -1 -17
E 1656 2 -1 -17
E 1656 3 -1 -17
E 1656 4 -1 -17
E 1656 5 3 31
T 1657 24 0 1 0
E 1657 5 12 36
T 1658 18 0 6 0
E 1658 0 -2 -26
E 1658 1 -2 -26
E 1658 2 -2 -26
E 1658 3 -2 -26
E 1658 4 -2 -26
E 1658 5 2 22
T 1659 14 0 6 0
E 1659 0 -2 -21
E 1659 1 -2 -21
E 1659 2 -2 -21
E 1659 3 -2 -21
E 1659 4 -2 -21
E 1659 5 3 27
T 1660 11 0 6 0
E 1660 0 -2 -18
E 1660 1 -2 -18
E 1660 2 -2 -18
E 1660 3 -2 -18
E 1660 4 -2 -18
E 1660 5 3 30
T 1661 14 0 6 0
E 1661 0 -1 -16
E 1661 1 -1 -16
E 1661 2 -1 -16
E 1661 3 -1 -16
E 1661 4 -1 -16
E 1661 5 3 32
T 1662 12 0 6 0
E 1662 0 -1 -14
E 1662 1 -1 -14
E 1662 2 -1 -14
E 1662 3 -1 -14
E 1662 4 -1 -14
E 1662 5 3 34
T 1663 23 0 1 0
E 1663 5 12 37
T 1664 16 0 6 0
E 1664 0 -3 -29
E 1664 1 -3 -29
E 1664 2 -3 -29
E 1664 3 -3 -29
E 1664 4 -3 -29
E 1664 5 2 19
T 1665 11 0 6 0
E 1665 0 -1 -13
E 1665 1 -1 -13
E 1665 2 -1 -13
E 1665 3 -1 -13
E 1665 4 -1 -13
E 1665 5 3 35
T 1666 11 0 6 0
E 1666 0 -2 -18
E 1666 1 -2 -18
E 1666 2 -2 -18
E 1666 3 -2 -18
E 1666 4 -2 -18
E 1666 5 3 30
T 1667 13 0 6 0
E 1667 0 -1 -15
E 1667 1 -1 -15
E 1667 2 -1 -15
E 1667 3 -1 -15
E 1667 4 -1 -15
E 1667 5 3 33
T 1668 22 0 1 0
E 1668 5 12 38
T 1669 12 0 6 0
E 1669 0 -2 -19
E 1669 1 -2 -19
E 1669 2 -2 -19
E 1669 3 -2 -19
E 1669 4 -2 -19
E 1669 5 3 29
T 1670 22 0 1 0
E 1670 5 13 39
T 1671 11 0 6 0
E 1671 0 -2 -18
E 1671 1 -2 -18
E 1671 2 -2 -18
E 1671 3 -2 -18
E 1671 4 -2 -18
E 1671 5 3 30
T 1672 22 0 1 0
E 1672 5 13 39
T 1673 14 0 6 0
E 1673 0 -2 -21
E 1673 1 -2 -21
E 1673 2 -2 -21
E 1673 3 -2 -21
E 1673 4 -2 -21
E 1673 5 3 27
T 1674 12 0 6 0
E 1674 0 -2 -19
E 1674 1 -2 -19
E 1674 2 -2 -19
E 1674 3 -2 -19
E 1674 4 -2 -19
E 1674 5 3 29
T 1675 11 0 6 0
E 1675 0 -1 -13
E 1675 1 -1 -13
E 1675 2 -1 -13
E 1675 3 -1 -13
E 1675 4 -1 -13
E 1675 5 3 35
T 1676 15 0 6 0
E 1676 0 -1 -17
E 1676 1 -1 -17
E 1676 2 -1 -17
E 1676 3 -1 -17
E 1676 4 -1 -17
E 1676 5 3 31
T 1677 13 0 6 0
E 1677 0 -1 -15
E 1677 1 -1 -15
E 1677 2 -1 -15
E 1677 3 -1 -15
E 1677 4 -1 -15
E 1677 5 3 33
T 1678 13 0 6 0
E 1678 0 -1 -15
E 1678 1 -1 -15
E 1678 2 -1 -15
E 1678 3 -1 -15
E 1678 4 -1 -15
E 1678 5 3 33
T 1679 12 0 6 0
E 1679 0 -2 -19
E 1679 1 -2 -19
E 1679 2 -2 -19
E 1679 3 -2 -19
E 1679 4 -2 -19
E 1679 5 3 29
T 1680 12 0 6 0
E 1680 0 4 36
E 1680 1 4 36
E 1680 2 4 36
E 1680 3 4 36
E 1680 4 4 36
E 1680 5 4 36
T 1681 12 0 0 0
T 1682 12 0 5 0
E 1682 0 1 17
E 1682 1 1 17
E 1682 2 1 17
E 1682 3 1 17
E 1682 4 1 17
T 1683 8 0 5 0
E 1683 0 2 18
E 1683 1 2 18
E 1683 2 2 18
E 1683 3 2 18
E 1683 4 2 18
T 1684 8 0 5 0
E 1684 0 1 13
E 1684 1 1 13
E 1684 2 1 13
E 1684 3 1 13
E 1684 4 1 13
T 1685 4 0 0 0
T 1686 8 0 1 0
E 1686 5 -5 -16
T 1687 12 0 1 0
E 1687 5 -4 -14
T 1688 13 0 1 0
E 1688 5 -6 -18
T 1689 17 0 1 0
E 1689 5 -6 -18
T 1690 10 0 6 0
E 1690 0 1 13
E 1690 1 1 13
E 1690 2 1 13
E 1690 3 1 13
E 1690 4 1 13
E 1690 5 -2 -19
T 1691 16 0 1 0
E 1691 5 -9 -28
T 1692 12 0 6 0
E 1692 0 1 15
E 1692 1 1 15
E 1692 2 1 15
E 1692 3 1 15
E 1692 4 1 15
E 1692 5 -2 -23
T 1693 12 0 6 0
E 1693 0 1 15
E 1693 1 1 15
E 1693 2 1 15
E 1693 3 1 15
E 1693 4 1 15
E 1693 5 -2 -26
T 1694 14 0 6 0
E 1694 0 1 16
E 1694 1 1 16
E 1694 2 1 16
E 1694 3 1 16
E 1694 4 1 16
E 1694 5 -3 -29
T 1695 12 0 6 0
E 1695 0 1 14
E 1695 1 1 14
E 1695 2 1 14
E 1695 3 1 14
E 1695 4 1 14
E 1695 5 -3 -34
T 1696 11 0 6 0
E 1696 0 2 18
E 1696 1 2 18
E 1696 2 2 18
E 1696 3 2 18
E 1696 4 2 18
E 1696 5 -3 -33
T 1697 15 0 6 0
E 1697 0 1 16
E 1697 1 1 16
E 1697 2 1 16
E 1697 3 1 16
E 1697 4 1 16
E 1697 5 -4 -38
T 1698 15 0 6 0
E 1698 0 1 16
E 1698 1 1 16
E 1698 2 1 16
E 1698 3 1 16
E 1698 4 1 16
E 1698 5 -4 -41
T 1699 27 0 1 0
E 1699 5 -16 -50
T 1700 16 0 6 0
E 1700 0 3 27
E 1700 1 3 27
E 1700 2 3 27
E 1700 3 3 27
E 1700 4 3 27
E 1700 5 -4 -37
T 1701 17 1 6 0
E 1701 0 1 17
E 1701 1 1 17
E 1701 2 1 17
E 1701 3 1 17
E 1701 4 1 17
E 1701 5 -5 -50
T 1702 15 0 6 0
E 1702 0 2 20
E 1702 1 2 20
E 1702 2 2 20
E 1702 3 2 20
E 1702 4 2 20
E 1702 5 -5 -50
T 1703 16 0 6 0
E 1703 0 1 15
E 1703 1 1 15
E 1703 2 1 15
E 1703 3 1 15
E 1703 4 1 15
E 1703 5 -6 -58
T 1704 18 0 6 0
E 1704 0 1 17
E 1704 1 1 17
E 1704 2 1 17
E 1704 3 1 17
E 1704 4 1 17
E 1704 5 -6 -60
T 1705 19 0 6 0
E 1705 0 1 17
E 1705 1 1 17
E 1705 2 1 17
E 1705 3 1 17
E 1705 4 1 17
E 1705 5 -7 -63
T 1706 18 0 6 0
E 1706 0 2 22
E 1706 1 2 22
E 1706 2 2 22
E 1706 3 2 22
E 1706 4 2 22
E 1706 5 -6 -61
T 1707 16 0 6 0
E 1707 0 2 19
E 1707 1 2 19
E 1707 2 2 19
E 1707 3 2 19
E 1707 4 2 19
E 1707 5 -7 -67
T 1708 15 0 6 0
E 1708 0 2 18
E 1708 1 2 18
E 1708 2 2 18
E 1708 3 2 18
E 1708 4 2 18
E 1708 5 -7 -71
T 1709 19 0 6 0
E 1709 0 2 21
E 1709 1 2 21
E 1709 2 2 21
E 1709 3 2 21
E 1709 4 2 21
E 1709 5 -8 -72
T 1710 15 0 6 0
E 1710 0 2 23
E 1710 1 2 23
E 1710 2 2 23
E 1710 3 2 23
E 1710 4 2 23
E 1710 5 -2 -25
T 1711 14 0 6 0
E 1711 0 2 22
E 1711 1 2 22
E 1711 2 2 22
E 1711 3 2 22
E 1711 4 2 22
E 1711 5 -2 -26
T 1712 12 0 6 0
E 1712 0 2 19
E 1712 1 2 19
E 1712 2 2 19
E 1712 3 2 19
E 1712 4 2 19
E 1712 5 -3 -29
T 1713 20 0 1 0
E 1713 5 -13 -41
T 1714 14 0 6 0
E 1714 0 1 16
E 1714 1 1 16
E 1714 2 1 16
E 1714 3 1 16
E 1714 4 1 16
E 1714 5 -3 -32
T 1715 15 0 6 0
E 1715 0 1 17
E 1715 1 1 17
E 1715 2 1 17
E 1715 3 1 17
E 1715 4 1 17
E 1715 5 -3 -31
T 1716 11 0 6 0
E 1716 0 1 13
E 1716 1 1 13
E 1716 2 1 13
E 1716 3 1 13
E 1716 4 1 13
E 1716 5 -3 -35
T 1717 22 0 1 0
E 1717 5 -13 -39
T 1718 16 0 6 0
E 1718 0 2 24
E 1718 1 2 24
E 1718 2 2 24
E 1718 3 2 24
E 1718 4 2 24
E 1718 5 -2 -24
T 1719 11 0 6 0
E 1719 0 1 13
E 1719 1 1 13
E 1719 2 1 13
E 1719 3 1 13
E 1719 4 1 13
E 1719 5 -3 -35
T 1720 11 0 6 0
E 1720 0 2 18
E 1720 1 2 18
E 1720 2 2 18
E 1720 3 2 18
E 1720 4 2 18
E 1720 5 -3 -30
T 1721 11 0 6 0
E 1721 0 1 13
E 1721 1 1 13
E 1721 2 1 13
E 1721 3 1 13
E 1721 4 1 13
E 1721 5 -3 -35
T 1722 22 0 1 0
E 1722 5 -13 -39
T 1723 14 0 6 0
E 1723 0 2 21
E 1723 1 2 21
E 1723 2 2 21
E 1723 3 2 21
E 1723 4 2 21
E 1723 5 -3 -27
T 1724 11 0 6 0
E 1724 0 1 13
E 1724 1 1 13
E 1724 2 1 13
E 1724 3 1 13
E 1724 4 1 13
E 1724 5 -3 -35
T 1725 22 0 1 0
E 1725 5 -12 -38
T 1726 16 0 6 0
E 1726 0 2 24
E 1726 1 2 24
E 1726 2 2 24
E 1726 3 2 24
E 1726 4 2 24
E 1726 5 -2 -24
T 1727 15 0 6 0
E 1727 0 2 23
E 1727 1 2 23
E 1727 2 2 23
E 1727 3 2 23
E 1727 4 2 23
E 1727 5 -2 -25
T 1728 13 0 6 0
E 1728 0 2 20
E 1728 1 2 20
E 1728 2 2 20
E 1728 3 2 20
E 1728 4 2 20
E 1728 5 -3 -28
T 1729 14 0 6 0
E 1729 0 2 21
E 1729 1 2 21
E 1729 2 2 21
E 1729 3 2 21
E 1729 4 2 21
E 1729 5 -3 -27
T 1730 12 0 6 0
E 1730 0 1 14
E 1730 1 1 14
E 1730 2 1 14
E 1730 3 1 14
E 1730 4 1 14
E 1730 5 -3 -34
T 1731 22 0 1 0
E 1731 5 -13 -39
T 1732 11 0 6 0
E 1732 0 2 18
E 1732 1 2 18
E 1732 2 2 18
E 1732 3 2 18
E 1732 4 2 18
E 1732 5 -3 -30
T 1733 11 0 6 0
E 1733 0 1 13
E 1733 1 1 13
E 1733 2 1 13
E 1733 3 1 13
E 1733 4 1 13
E 1733 5 -3 -35
T 1734 14 0 6 0
E 1734 0 1 16
E 1734 1 1 16
E 1734 2 1 16
E 1734 3 1 16
E 1734 4 1 16
E 1734 5 -3 -32
T 1735 23 0 1 0
E 1735 5 -12 -37
T 1736 12 0 6 0
E 1736 0 2 19
E 1736 1 2 19
E 1736 2 2 19
E 1736 3 2 19
E 1736 4 2 19
E 1736 5 -3 -29
T 1737 12 0 6 0
E 1737 0 1 14
E 1737 1 1 14
E 1737 2 1 14
E 1737 3 1 14
E 1737 4 1 14
E 1737 5 -3 -34
T 1738 23 0 1 0
E 1738 5 -12 -37
T 1739 16 0 6 0
E 1739 0 3 29
E 1739 1 3 29
E 1739 2 3 29
E 1739 3 3 29
E 1739 4 3 29
E 1739 5 -2 -19
T 1740 13 0 6 0
E 1740 0 2 20
E 1740 1 2 20
E 1740 2 2 20
E 1740 3 2 20
E 1740 4 2 20
E 1740 5 -3 -28
T 1741 12 0 6 0
E 1741 0 1 14
E 1741 1 1 14
E 1741 2 1 14
E 1741 3 1 14
E 1741 4 1 14
E 1741 5 -3 -34
T 1742 23 0 1 0
E 1742 5 -12 -37
T 1743 14 0 6 0
E 1743 0 2 21
E 1743 1 2 21
E 1743 2 2 21
E 1743 3 2 21
E 1743 4 2 21
E 1743 5 -3 -27
T 1744 15 0 6 0
E 1744 0 1 17
E 1744 1 1 17
E 1744 2 1 17
E 1744 3 1 17
E 1744 4 1 17
E 1744 5 -3 -31
T 1745 11 0 6 0
E 1745 0 1 13
E 1745 1 1 13
E 1745 2 1 13
E 1745 3 1 13
E 1745 4 1 13
E 1745 5 -3 -35
T 1746 12 0 6 0
E 1746 0 1 14
E 1746 1 1 14
E 1746 2 1 14
E 1746 3 1 14
E 1746 4 1 14
E 1746 5 -3 -34
T 1747 15 0 6 0
E 1747 0 1 17
E 1747 1 1 17
E 1747 2 1 17
E 1747 3 1 17
E 1747 4 1 17
E 1747 5 -3 -31
T 1748 12 0 6 0
E 1748 0 1 14
E 1748 1 1 14
E 1748 2 1 14
E 1748 3 1 14
E 1748 4 1 14
E 1748 5 -3 -34
T 1749 11 0 6 0
E 1749 0 2 18
E 1749 1 2 18
E 1749 2 2 18
E 1749 3 2 18
E 1749 4 2 18
E 1749 5 -3 -30
T 1750 13 0 6 0
E 1750 0 1 15
E 1750 1 1 15
E 1750 2 1 15
E 1750 3 1 15
E 1750 4 1 15
E 1750 5 -3 -33
T 1751 22 0 1 0
E 1751 5 -13 -39
T 1752 12 0 6 0
E 1752 0 2 19
E 1752 1 2 19
E 1752 2 2 19
E 1752 3 2 19
E 1752 4 2 19
E 1752 5 -3 -29
T 1753 20 0 1 0
E 1753 5 -13 -41
T 1754 15 0 6 0
E 1754 0 1 17
E 1754 1 1 17
E 1754 2 1 17
E 1754 3 1 17
E 1754 4 1 17
E 1754 5 -3 -31
T 1755 11 0 6 0
E 1755 0 1 13
E 1755 1 1 13
E 1755 2 1 13
E 1755 3 1 13
E 1755 4 1 13
E 1755 5 -3 -35
T 1756 13 0 6 0
E 1756 0 1 15
E 1756 1 1 15
E 1756 2 1 15
E 1756 3 1 15
E 1756 4 1 15
E 1756 5 -3 -33
T 1757 11 0 6 0
E 1757 0 1 13
E 1757 1 1 13
E 1757 2 1 13
E 1757 3 1 13
E 1757 4 1 13
E 1757 5 -3 -35
T 1758 20 0 1 0
E 1758 5 -13 -41
T 1759 15 0 6 0
E 1759 0 1 17
E 1759 1 1 17
E 1759 2 1 17
E 1759 3 1 17
E 1759 4 1 17
E 1759 5 -3 -31
T 1760 14 0 6 0
E 1760 0 2 22
E 1760 1 2 22
E 1760 2 2 22
E 1760 3 2 22
E 1760 4 2 22
E 1760 5 -2 -26
T 1761 11 0 6 0
E 1761 0 1 13
E 1761 1 1 13
E 1761 2 1 13
E 1761 3 1 13
E 1761 4 1 13
E 1761 5 -3 -35
T 1762 22 0 1 0
E 1762 5 -13 -39
T 1763 11 0 6 0
E 1763 0 2 18
E 1763 1 2 18
E 1763 2 2 18
E 1763 3 2 18
E 1763 4 2 18
E 1763 5 -3 -30
T 1764 14 0 6 0
E 1764 0 1 16
E 1764 1 1 16
E 1764 2 1 16
E 1764 3 1 16
E 1764 4 1 16
E 1764 5 -3 -32
T 1765 22 0 1 0
E 1765 5 -12 -38
T 1766 15 0 6 0
E 1766 0 3 28
E 1766 1 3 28
E 1766 2 3 28
E 1766 3 3 28
E 1766 4 3 28
E 1766 5 -2 -20
T 1767 23 0 1 0
E 1767 5 -12 -37
T 1768 13 0 6 0
E 1768 0 2 20
E 1768 1 2 20
E 1768 2 2 20
E 1768 3 2 20
E 1768 4 2 20
E 1768 5 -3 -28
T 1769 15 0 6 0
E 1769 0 1 17
E 1769 1 1 17
E 1769 2 1 17
E 1769 3 1 17
E 1769 4 1 17
E 1769 5 -3 -31
T 1770 14 0 6 0
E 1770 0 2 22
E 1770 1 2 22
E 1770 2 2 22
E 1770 3 2 22
E 1770 4 2 22
E 1770 5 -2 -26
T 1771 11 0 6 0
E 1771 0 1 13
E 1771 1 1 13
E 1771 2 1 13
E 1771 3 1 13
E 1771 4 1 13
E 1771 5 -3 -35
T 1772 20 0 1 0
E 1772 5 -13 -41
T 1773 13 0 6 0
E 1773 0 1 15
E 1773 1 1 15
E 1773 2 1 15
E 1773 3 1 15
E 1773 4 1 15
E 1773 5 -3 -33
T 1774 24 0 1 0
E 1774 5 -12 -36
T 1775 16 0 6 0
E 1775 0 2 24
E 1775 1 2 24
E 1775 2 2 24
E 1775 3 2 24
E 1775 4 2 24
E 1775 5 -2 -24
T 1776 24 0 1 0
E 1776 5 -12 -36
T 1777 14 0 6 0
E 1777 0 3 28
E 1777 1 3 28
E 1777 2 3 28
E 1777 3 3 28
E 1777 4 3 28
E 1777 5 -1 -17
T 1778 12 0 6 0
E 1778 0 1 14
E 1778 1 1 14
E 1778 2 1 14
E 1778 3 1 14
E 1778 4 1 14
E 1778 5 -3 -29
T 1779 17 0 1 0
E 1779 5 -11 -34
T 1780 11 0 6 0
E 1780 0 2 20
E 1780 1 2 20
E 1780 2 2 20
E 1780 3 2 20
E 1780 4 2 20
E 1780 5 -1 -17
T 1781 10 0 6 0
E 1781 0 1 13
E 1781 1 1 13
E 1781 2 1 13
E 1781 3 1 13
E 1781 4 1 13
E 1781 5 -2 -22
T 1782 18 0 1 0
E 1782 5 -7 -21
T 1783 12 0 6 0
E 1783 0 1 16
E 1783 1 1 16
E 1783 2 1 16
E 1783 3 1 16
E 1783 4 1 16
E 1783 5 -1 -14
T 1784 12 0 5 0
E 1784 0 1 17
E 1784 1 1 17
E 1784 2 1 17
E 1784 3 1 17
E 1784 4 1 17
T 1785 11 0 5 0
E 1785 0 1 16
E 1785 1 1 16
E 1785 2 1 16
E 1785 3 1 16
E 1785 4 1 16
T 1786 10 0 5 0
E 1786 0 1 15
E 1786 1 1 15
E 1786 2 1 15
E 1786 3 1 15
E 1786 4 1 15
T 1787 9 0 1 0
E 1787 5 -5 -15
T 1788 6 0 0 0
T 1789 11 0 0 0
T 1790 10 0 5 0
E 1790 0 1 15
E 1790 1 1 15
E 1790 2 1 15
E 1790 3 1 15
E 1790 4 1 15
T 1791 12 0 0 0
T 1792 7 0 0 0
T 1793 6 0 0 0
T 1794 1 0 0 0
T 1795 6 0 0 0
T 1796 3 0 0 0
T 1797 0 0 0 0
T 1798 0 0 1 0
E 1798 5 4 13
T 1799 1 0 0 0
T 1800 5 0 1 0
E 1800 5 4 14
T 1801 5 0 1 0
E 1801 5 5 17
T 1802 11 0 0 0
T 1803 10 0 5 0
E 1803 0 -1 -15
E 1803 1 -1 -15
E 1803 2 -1 -15
E 1803 3 -1 -15
E 1803 4 -1 -15
T 1804 12 0 1 0
E 1804 5 6 19
T 1805 11 0 6 0
E 1805 0 -1 -15
E 1805 1 -1 -15
E 1805 2 -1 -15
E 1805 3 -1 -15
E 1805 4 -1 -15
E 1805 5 1 13
T 1806 16 0 1 0
E 1806 5 6 20
T 1807 10 0 6 0
E 1807 0 -1 -14
E 1807 1 -1 -14
E 1807 2 -1 -14
E 1807 3 -1 -14
E 1807 4 -1 -14
E 1807 5 1 16
T 1808 9 0 6 0
E 1808 0 -1 -13
E 1808 1 -1 -13
E 1808 2 -1 -13
E 1808 3 -1 -13
E 1808 4 -1 -13
E 1808 5 1 17
T 1809 10 0 6 0
E 1809 0 -1 -14
E 1809 1 -1 -14
E 1809 2 -1 -14
E 1809 3 -1 -14
E 1809 4 -1 -14
E 1809 5 1 16
T 1810 10 0 6 0
E 1810 0 -1 -14
E 1810 1 -1 -14
E 1810 2 -1 -14
E 1810 3 -1 -14
E 1810 4 -1 -14
E 1810 5 1 16
T 1811 12 0 6 0
E 1811 0 -1 -16
E 1811 1 -1 -16
E 1811 2 -1 -16
E 1811 3 -1 -16
E 1811 4 -1 -16
E 1811 5 1 14
T 1812 15 0 1 0
E 1812 5 7 22
T 1813 10 0 6 0
E 1813 0 -1 -14
E 1813 1 -1 -14
E 1813 2 -1 -14
E 1813 3 -1 -14
E 1813 4 -1 -14
E 1813 5 1 16
T 1814 17 0 1 0
E 1814 5 6 19
T 1815 9 0 5 0
E 1815 0 -2 -19
E 1815 1 -2 -19
E 1815 2 -2 -19
E 1815 3 -2 -19
E 1815 4 -2 -19
T 1816 14 0 1 0
E 1816 5 8 24
T 1817 9 0 5 0
E 1817 0 -2 -19
E 1817 1 -2 -19
E 1817 2 -2 -19
E 1817 3 -2 -19
E 1817 4 -2 -19
T 1818 14 0 1 0
E 1818 5 7 23
T 1819 16 0 1 0
E 1819 5 6 20
T 1820 12 0 6 0
E 1820 0 -1 -16
E 1820 1 -1 -16
E 1820 2 -1 -16
E 1820 3 -1 -16
E 1820 4 -1 -16
E 1820 5 1 14
T 1821 9 0 5 0
E 1821 0 -2 -19
E 1821 1 -2 -19
E 1821 2 -2 -19
E 1821 3 -2 -19
E 1821 4 -2 -19
T 1822 13 0 1 0
E 1822 5 8 25
T 1823 13 0 6 0
E 1823 0 -1 -17
E 1823 1 -1 -17
E 1823 2 -1 -17
E 1823 3 -1 -17
E 1823 4 -1 -17
E 1823 5 1 13
T 1824 16 0 1 0
E 1824 5 6 20
T 1825 9 0 6 0
E 1825 0 -1 -13
E 1825 1 -1 -13
E 1825 2 -1 -13
E 1825 3 -1 -13
E 1825 4 -1 -13
E 1825 5 1 17
T 1826 10 0 6 0
E 1826 0 -1 -14
E 1826 1 -1 -14
E 1826 2 -1 -14
E 1826 3 -1 -14
E 1826 4 -1 -14
E 1826 5 1 17
T 1827 10 0 6 0
E 1827 0 -1 -14
E 1827 1 -1 -14
E 1827 2 -1 -14
E 1827 3 -1 -14
E 1827 4 -1 -14
E 1827 5 1 17
T 1828 15 0 1 0
E 1828 5 8 25
T 1829 10 0 6 0
E 1829 0 -2 -19
E 1829 1 -2 -19
E 1829 2 -2 -19
E 1829 3 -2 -19
E 1829 4 -2 -19
E 1829 5 1 14
T 1830 17 0 1 0
E 1830 5 7 23
T 1831 12 0 6 0
E 1831 0 -1 -15
E 1831 1 -1 -15
E 1831 2 -1 -15
E 1831 3 -1 -15
E 1831 4 -1 -15
E 1831 5 2 19
T 1832 16 0 1 0
E 1832 5 9 27
T 1833 13 0 6 0
E 1833 0 -2 -22
E 1833 1 -2 -22
E 1833 2 -2 -22
E 1833 3 -2 -22
E 1833 4 -2 -22
E 1833 5 1 13
T 1834 18 0 1 0
E 1834 5 9 27
T 1835 11 0 6 0
E 1835 0 -1 -14
E 1835 1 -1 -14
E 1835 2 -1 -14
E 1835 3 -1 -14
E 1835 4 -1 -14
E 1835 5 2 22
T 1836 11 0 6 0
E 1836 0 -1 -14
E 1836 1 -1 -14
E 1836 2 -1 -14
E 1836 3 -1 -14
E 1836 4 -1 -14
E 1836 5 2 23
T 1837 11 0 6 0
E 1837 0 -1 -14
E 1837 1 -1 -14
E 1837 2 -1 -14
E 1837 3 -1 -14
E 1837 4 -1 -14
E 1837 5 2 23
T 1838 20 0 1 0
E 1838 5 8 26
T 1839 14 0 6 0
E 1839 0 -2 -23
E 1839 1 -2 -23
E 1839 2 -2 -23
E 1839 3 -2 -23
E 1839 4 -2 -23
E 1839 5 1 16
T 1840 13 0 6 0
E 1840 0 -1 -16
E 1840 1 -1 -16
E 1840 2 -1 -16
E 1840 3 -1 -16
E 1840 4 -1 -16
E 1840 5 2 23
T 1841 12 0 6 0
E 1841 0 -2 -20
E 1841 1 -2 -20
E 1841 2 -2 -20
E 1841 3 -2 -20
E 1841 4 -2 -20
E 1841 5 2 20
T 1842 18 0 1 0
E 1842 5 11 33
T 1843 12 0 6 0
E 1843 0 -1 -14
E 1843 1 -1 -14
E 1843 2 -1 -14
E 1843 3 -1 -14
E 1843 4 -1 -14
E 1843 5 3 27
T 1844 21 0 1 0
E 1844 5 10 31
T 1845 16 0 6 0
E 1845 0 -2 -25
E 1845 1 -2 -25
E 1845 2 -2 -25
E 1845 3 -2 -25
E 1845 4 -2 -25
E 1845 5 1 17
T 1846 14 0 6 0
E 1846 0 -1 -16
E 1846 1 -1 -16
E 1846 2 -1 -16
E 1846 3 -1 -16
E 1846 4 -1 -16
E 1846 5 3 27
T 1847 21 0 1 0
E 1847 5 10 32
T 1848 12 0 6 0
E 1848 0 -2 -20
E 1848 1 -2 -20
E 1848 2 -2 -20
E 1848 3 -2 -20
E 1848 4 -2 -20
E 1848 5 2 24
T 1849 21 0 1 0
E 1849 5 11 35
T 1850 11 0 6 0
E 1850 0 -2 -18
E 1850 1 -2 -18
E 1850 2 -2 -18
E 1850 3 -2 -18
E 1850 4 -2 -18
E 1850 5 3 27
T 1851 22 0 1 0
E 1851 5 11 35
T 1852 18 0 6 0
E 1852 0 -2 -26
E 1852 1 -2 -26
E 1852 2 -2 -26
E 1852 3 -2 -26
E 1852 4 -2 -26
E 1852 5 2 20
T 1853 13 0 6 0
E 1853 0 -2 -20
E 1853 1 -2 -20
E 1853 2 -2 -20
E 1853 3 -2 -20
E 1853 4 -2 -20
E 1853 5 3 27
T 1854 23 0 1 0
E 1854 5 12 37
T 1855 15 0 6 0
E 1855 0 -3 -28
E 1855 1 -3 -28
E 1855 2 -3 -28
E 1855 3 -3 -28
E 1855 4 -3 -28
E 1855 5 2 20
T 1856 13 0 6 0
E 1856 0 -1 -15
E 1856 1 -1 -15
E 1856 2 -1 -15
E 1856 3 -1 -15
E 1856 4 -1 -15
E 1856 5 3 33
T 1857 22 0 1 0
E 1857 5 13 39
T 1858 14 0 6 0
E 1858 0 -2 -22
E 1858 1 -2 -22
E 1858 2 -2 -22
E 1858 3 -2 -22
E 1858 4 -2 -22
E 1858 5 2 26
T 1859 12 0 6 0
E 1859 0 -1 -14
E 1859 1 -1 -14
E 1859 2 -1 -14
E 1859 3 -1 -14
E 1859 4 -1 -14
E 1859 5 3 34
T 1860 11 0 6 0
E 1860 0 -1 -13
E 1860 1 -1 -13
E 1860 2 -1 -13
E 1860 3 -1 -13
E 1860 4 -1 -13
E 1860 5 3 35
T 1861 14 0 6 0
E 1861 0 -1 -16
E 1861 1 -1 -16
E 1861 2 -1 -16
E 1861 3 -1 -16
E 1861 4 -1 -16
E 1861 5 3 32
T 1862 12 0 6 0
E 1862 0 -2 -19
E 1862 1 -2 -19
E 1862 2 -2 -19
E 1862 3 -2 -19
E 1862 4 -2 -19
E 1862 5 3 29
T 1863 11 0 6 0
E 1863 0 -2 -18
E 1863 1 -2 -18
E 1863 2 -2 -18
E 1863 3 -2 -18
E 1863 4 -2 -18
E 1863 5 3 30
T 1864 14 0 6 0
E 1864 0 -1 -16
E 1864 1 -1 -16
E 1864 2 -1 -16
E 1864 3 -1 -16
E 1864 4 -1 -16
E 1864 5 3 32
T 1865 11 0 6 0
E 1865 0 -2 -18
E 1865 1 -2 -18
E 1865 2 -2 -18
E 1865 3 -2 -18
E 1865 4 -2 -18
E 1865 5 3 30
T 1866 22 0 1 0
E 1866 5 13 39
T 1867 16 0 6 0
E 1867 0 -3 -29
E 1867 1 -3 -29
E 1867 2 -3 -29
E 1867 3 -3 -29
E 1867 4 -3 -29
E 1867 5 2 19
T 1868 14 0 6 0
E 1868 0 -1 -16
E 1868 1 -1 -16
E 1868 2 -1 -16
E 1868 3 -1 -16
E 1868 4 -1 -16
E 1868 5 3 32
T 1869 24 0 1 0
E 1869 5 12 36
T 1870 17 0 6 0
E 1870 0 -3 -30
E 1870 1 -3 -30
E 1870 2 -3 -30
E 1870 3 -3 -30
E 1870 4 -3 -30
E 1870 5 2 18
T 1871 14 0 6 0
E 1871 0 -1 -16
E 1871 1 -1 -16
E 1871 2 -1 -16
E 1871 3 -1 -16
E 1871 4 -1 -16
E 1871 5 3 32
T 1872 15 0 6 0
E 1872 0 -1 -17
E 1872 1 -1 -17
E 1872 2 -1 -17
E 1872 3 -1 -17
E 1872 4 -1 -17
E 1872 5 3 31
T 1873 13 0 6 0
E 1873 0 -2 -20
E 1873 1 -2 -20
E 1873 2 -2 -20
E 1873 3 -2 -20
E 1873 4 -2 -20
E 1873 5 3 28
T 1874 12 0 6 0
E 1874 0 -2 -19
E 1874 1 -2 -19
E 1874 2 -2 -19
E 1874 3 -2 -19
E 1874 4 -2 -19
E 1874 5 3 29
T 1875 22 0 1 0
E 1875 5 13 39
T 1876 17 0 6 0
E 1876 0 -2 -25
E 1876 1 -2 -25
E 1876 2 -2 -25
E 1876 3 -2 -25
E 1876 4 -2 -25
E 1876 5 2 23
T 1877 24 0 1 0
E 1877 5 12 36
T 1878 14 0 6 0
E 1878 0 -3 -27
E 1878 1 -3 -27
E 1878 2 -3 -27
E 1878 3 -3 -27
E 1878 4 -3 -27
E 1878 5 2 21
T 1879 23 0 1 0
E 1879 5 12 37
T 1880 17 0 6 0
E 1880 0 -2 -25
E 1880 1 -2 -25
E 1880 2 -2 -25
E 1880 3 -2 -25
E 1880 4 -2 -25
E 1880 5 2 23
T 1881 12 0 6 0
E 1881 0 -2 -19
E 1881 1 -2 -19
E 1881 2 -2 -19
E 1881 3 -2 -19
E 1881 4 -2 -19
E 1881 5 3 29
T 1882 24 0 1 0
E 1882 5 12 36
T 1883 14 0 6 0
E 1883 0 -2 -22
E 1883 1 -2 -22
E 1883 2 -2 -22
E 1883 3 -2 -22
E 1883 4 -2 -22
E 1883 5 2 26
T 1884 14 0 6 0
E 1884 0 -2 -22
E 1884 1 -2 -22
E 1884 2 -2 -22
E 1884 3 -2 -22
E 1884 4 -2 -22
E 1884 5 2 26
T 1885 23 0 1 0
E 1885 5 12 37
T 1886 14 0 6 0
E 1886 0 -2 -22
E 1886 1 -2 -22
E 1886 2 -2 -22
E 1886 3 -2 -22
E 1886 4 -2 -22
E 1886 5 2 26
T 1887 15 0 6 0
E 1887 0 -1 -17
E 1887 1 -1 -17
E 1887 2 -1 -17
E 1887 3 -1 -17
E 1887 4 -1 -17
E 1887 5 3 31
T 1888 23 0 1 0
E 1888 5 12 37
T 1889 17 0 6 0
E 1889 0 -2 -25
E 1889 1 -2 -25
E 1889 2 -2 -25
E 1889 3 -2 -25
E 1889 4 -2 -25
E 1889 5 2 23
T 1890 11 0 6 0
E 1890 0 -2 -18
E 1890 1 -2 -18
E 1890 2 -2 -18
E 1890 3 -2 -18
E 1890 4 -2 -18
E 1890 5 3 30
T 1891 20 0 1 0
E 1891 5 13 41
T 1892 11 0 6 0
E 1892 0 -2 -18
E 1892 1 -2 -18
E 1892 2 -2 -18
E 1892 3 -2 -18
E 1892 4 -2 -18
E 1892 5 3 30
T 1893 22 0 1 0
E 1893 5 12 38
T 1894 14 0 6 0
E 1894 0 -2 -22
E 1894 1 -2 -22
E 1894 2 -2 -22
E 1894 3 -2 -22
E 1894 4 -2 -22
E 1894 5 2 26
T 1895 24 0 1 0
E 1895 5 12 36
T 1896 15 0 6 0
E 1896 0 -3 -28
E 1896 1 -3 -28
E 1896 2 -3 -28
E 1896 3 -3 -28
E 1896 4 -3 -28
E 1896 5 2 20
T 1897 12 0 6 0
E 1897 0 -1 -14
E 1897 1 -1 -14
E 1897 2 -1 -14
E 1897 3 -1 -14
E 1897 4 -1 -14
E 1897 5 3 34
T 1898 11 0 6 0
E 1898 0 -2 -18
E 1898 1 -2 -18
E 1898 2 -2 -18
E 1898 3 -2 -18
E 1898 4 -2 -18
E 1898 5 3 30
T 1899 23 0 1 0
E 1899 5 12 37
T 1900 16 0 6 0
E 1900 0 -3 -29
E 1900 1 -3 -29
E 1900 2 -3 -29
E 1900 3 -3 -29
E 1900 4 -3 -29
E 1900 5 2 19
T 1901 16 0 6 0
E 1901 0 -2 -24
E 1901 1 -2 -24
E 1901 2 -2 -24
E 1901 3 -2 -24
E 1901 4 -2 -24
E 1901 5 2 24
T 1902 15 0 6 0
E 1902 0 -1 -17
E 1902 1 -1 -17
E 1902 2 -1 -17
E 1902 3 -1 -17
E 1902 4 -1 -17
E 1902 5 3 31
T 1903 14 0 6 0
E 1903 0 -2 -22
E 1903 1 -2 -22
E 1903 2 -2 -22
E 1903 3 -2 -22
E 1903 4 -2 -22
E 1903 5 2 26
T 1904 12 0 6 0
E 1904 0 -2 -19
E 1904 1 -2 -19
E 1904 2 -2 -19
E 1904 3 -2 -19
E 1904 4 -2 -19
E 1904 5 3 29
T 1905 13 0 6 0
E 1905 0 -1 -15
E 1905 1 -1 -15
E 1905 2 -1 -15
E 1905 3 -1 -15
E 1905 4 -1 -15
E 1905 5 3 33
T 1906 13 0 6 0
E 1906 0 -2 -20
E 1906 1 -2 -20
E 1906 2 -2 -20
E 1906 3 -2 -20
E 1906 4 -2 -20
E 1906 5 3 28
T 1907 12 0 6 0
E 1907 0 -1 -14
E 1907 1 -1 -14
E 1907 2 -1 -14
E 1907 3 -1 -14
E 1907 4 -1 -14
E 1907 5 3 34
T 1908 15 0 6 0
E 1908 0 -1 -17
E 1908 1 -1 -17
E 1908 2 -1 -17
E 1908 3 -1 -17
E 1908 4 -1 -17
E 1908 5 3 31
T 1909 13 0 6 0
E 1909 0 -1 -15
E 1909 1 -1 -15
E 1909 2 -1 -15
E 1909 3 -1 -15
E 1909 4 -1 -15
E 1909 5 3 33
T 1910 13 0 6 0
E 1910 0 -2 -20
E 1910 1 -2 -20
E 1910 2 -2 -20
E 1910 3 -2 -20
E 1910 4 -2 -20
E 1910 5 3 28
T 1911 11 0 6 0
E 1911 0 -1 -13
E 1911 1 -1 -13
E 1911 2 -1 -13
E 1911 3 -1 -13
E 1911 4 -1 -13
E 1911 5 3 35
T 1912 15 0 6 0
E 1912 0 -1 -17
E 1912 1 -1 -17
E 1912 2 -1 -17
E 1912 3 -1 -17
E 1912 4 -1 -17
E 1912 5 3 31
T 1913 15 0 6 0
E 1913 0 -1 -17
E 1913 1 -1 -17
E 1913 2 -1 -17
E 1913 3 -1 -17
E 1913 4 -1 -17
E 1913 5 3 31
T 1914 13 0 6 0
E 1914 0 -2 -20
E 1914 1 -2 -20
E 1914 2 -2 -20
E 1914 3 -2 -20
E 1914 4 -2 -20
E 1914 5 3 28
T 1915 12 0 6 0
E 1915 0 -2 -19
E 1915 1 -2 -19
E 1915 2 -2 -19
E 1915 3 -2 -19
E 1915 4 -2 -19
E 1915 5 3 29
T 1916 11 0 6 0
E 1916 0 -1 -13
E 1916 1 -1 -13
E 1916 2 -1 -13
E 1916 3 -1 -13
E 1916 4 -1 -13
E 1916 5 3 35
T 1917 11 0 6 0
E 1917 0 -1 -13
E 1917 1 -1 -13
E 1917 2 -1 -13
E 1917 3 -1 -13
E 1917 4 -1 -13
E 1917 5 3 35
T 1918 12 0 6 0
E 1918 0 -1 -14
E 1918 1 -1 -14
E 1918 2 -1 -14
E 1918 3 -1 -14
E 1918 4 -1 -14
E 1918 5 3 34
T 1919 21 0 1 0
E 1919 5 13 40
T 1920 9 0 6 0
E 1920 0 2 21
E 1920 1 2 21
E 1920 2 2 21
E 1920 3 2 21
E 1920 4 2 21
E 1920 5 2 21
T 1921 9 0 5 0
E 1921 0 1 14
E 1921 1 1 14
E 1921 2 1 14
E 1921 3 1 14
E 1921 4 1 14
T 1922 8 0 0 0
T 1923 9 0 0 0
T 1924 12 0 5 0
E 1924 0 1 17
E 1924 1 1 17
E 1924 2 1 17
E 1924 3 1 17
E 1924 4 1 17
T 1925 9 0 5 0
E 1925 0 2 19
E 1925 1 2 19
E 1925 2 2 19
E 1925 3 2 19
E 1925 4 2 19
T 1926 7 0 0 0
T 1927 10 0 5 0
E 1927 0 1 15
E 1927 1 1 15
E 1927 2 1 15
E 1927 3 1 15
E 1927 4 1 15
T 1928 16 0 1 0
E 1928 5 -4 -13
T 1929 12 0 5 0
E 1929 0 2 22
E 1929 1 2 22
E 1929 2 2 22
E 1929 3 2 22
E 1929 4 2 22
T 1930 13 0 6 0
E 1930 0 1 17
E 1930 1 1 17
E 1930 2 1 17
E 1930 3 1 17
E 1930 4 1 17
E 1930 5 -1 -15
T 1931 19 0 1 0
E 1931 5 -7 -23
T 1932 12 0 5 0
E 1932 0 3 27
E 1932 1 3 27
E 1932 2 3 27
E 1932 3 3 27
E 1932 4 3 27
T 1933 21 0 1 0
E 1933 5 -10 -30
T 1934 15 0 6 0
E 1934 0 1 17
E 1934 1 1 17
E 1934 2 1 17
E 1934 3 1 17
E 1934 4 1 17
E 1934 5 -3 -28
T 1935 15 0 6 0
E 1935 0 1 17
E 1935 1 1 17
E 1935 2 1 17
E 1935 3 1 17
E 1935 4 1 17
E 1935 5 -3 -31
T 1936 11 0 6 0
E 1936 0 2 18
E 1936 1 2 18
E 1936 2 2 18
E 1936 3 2 18
E 1936 4 2 18
E 1936 5 -3 -33
T 1937 25 0 1 0
E 1937 5 -14 -43
T 1938 18 0 6 0
E 1938 0 3 30
E 1938 1 3 30
E 1938 2 3 30
E 1938 3 3 30
E 1938 4 3 30
E 1938 5 -3 -27
T 1939 18 0 6 0
E 1939 0 2 24
E 1939 1 2 24
E 1939 2 2 24
E 1939 3 2 24
E 1939 4 2 24
E 1939 5 -4 -37
T 1940 16 0 6 0
E 1940 0 2 22
E 1940 1 2 22
E 1940 2 2 22
E 1940 3 2 22
E 1940 4 2 22
E 1940 5 -4 -42
T 1941 13 0 6 0
E 1941 0 2 18
E 1941 1 2 18
E 1941 2 2 18
E 1941 3 2 18
E 1941 4 2 18
E 1941 5 -5 -49
T 1942 29 0 1 0
E 1942 5 -20 -61
T 1943 21 0 6 0
E 1943 0 2 26
E 1943 1 2 26
E 1943 2 2 26
E 1943 3 2 26
E 1943 4 2 26
E 1943 5 -5 -47
T 1944 19 0 6 0
E 1944 0 2 23
E 1944 1 2 23
E 1944 2 2 23
E 1944 3 2 23
E 1944 4 2 23
E 1944 5 -6 -54
T 1945 14 0 6 0
E 1945 0 2 18
E 1945 1 2 18
E 1945 2 2 18
E 1945 3 2 18
E 1945 4 2 18
E 1945 5 -6 -62
T 1946 35 0 1 0
E 1946 5 -23 -71
T 1947 23 0 6 0
E 1947 0 4 38
E 1947 1 4 38
E 1947 2 4 38
E 1947 3 4 38
E 1947 4 4 38
E 1947 5 -5 -48
T 1948 19 0 6 0
E 1948 0 3 28
E 1948 1 3 28
E 1948 2 3 28
E 1948 3 3 28
E 1948 4 3 28
E 1948 5 -6 -61
T 1949 19 0 6 0
E 1949 0 2 21
E 1949 1 2 21
E 1949 2 2 21
E 1949 3 2 21
E 1949 4 2 21
E 1949 5 -8 -72
T 1950 15 0 6 0
E 1950 0 1 17
E 1950 1 1 17
E 1950 2 1 17
E 1950 3 1 17
E 1950 4 1 17
E 1950 5 -3 -31
T 1951 13 0 6 0
E 1951 0 2 20
E 1951 1 2 20
E 1951 2 2 20
E 1951 3 2 20
E 1951 4 2 20
E 1951 5 -3 -28
T 1952 23 0 1 0
E 1952 5 -12 -37
T 1953 15 0 6 0
E 1953 0 2 23
E 1953 1 2 23
E 1953 2 2 23
E 1953 3 2 23
E 1953 4 2 23
E 1953 5 -2 -25
T 1954 14 0 6 0
E 1954 0 2 22
E 1954 1 2 22
E 1954 2 2 22
E 1954 3 2 22
E 1954 4 2 22
E 1954 5 -2 -26
T 1955 23 0 1 0
E 1955 5 -12 -37
T 1956 15 0 6 0
E 1956 0 2 23
E 1956 1 2 23
E 1956 2 2 23
E 1956 3 2 23
E 1956 4 2 23
E 1956 5 -2 -25
T 1957 13 0 6 0
E 1957 0 2 20
E 1957 1 2 20
E 1957 2 2 20
E 1957 3 2 20
E 1957 4 2 20
E 1957 5 -3 -28
T 1958 21 0 1 0
E 1958 5 -13 -40
T 1959 15 0 6 0
E 1959 0 3 28
E 1959 1 3 28
E 1959 2 3 28
E 1959 3 3 28
E 1959 4 3 28
E 1959 5 -2 -20
T 1960 13 0 6 0
E 1960 0 1 15
E 1960 1 1 15
E 1960 2 1 15
E 1960 3 1 15
E 1960 4 1 15
E 1960 5 -3 -33
T 1961 15 0 6 0
E 1961 0 1 17
E 1961 1 1 17
E 1961 2 1 17
E 1961 3 1 17
E 1961 4 1 17
E 1961 5 -3 -31
T 1962 11 0 6 0
E 1962 0 1 13
E 1962 1 1 13
E 1962 2 1 13
E 1962 3 1 13
E 1962 4 1 13
E 1962 5 -3 -35
T 1963 14 0 6 0
E 1963 0 1 16
E 1963 1 1 16
E 1963 2 1 16
E 1963 3 1 16
E 1963 4 1 16
E 1963 5 -3 -32
T 1964 15 0 6 0
E 1964 0 1 17
E 1964 1 1 17
E 1964 2 1 17
E 1964 3 1 17
E 1964 4 1 17
E 1964 5 -3 -31
T 1965 14 0 6 0
E 1965 0 2 22
E 1965 1 2 22
E 1965 2 2 22
E 1965 3 2 22
E 1965 4 2 22
E 1965 5 -2 -26
T 1966 22 0 1 0
E 1966 5 -13 -39
T 1967 15 0 6 0
E 1967 0 3 28
E 1967 1 3 28
E 1967 2 3 28
E 1967 3 3 28
E 1967 4 3 28
E 1967 5 -2 -20
T 1968 11 0 6 0
E 1968 0 2 18
E 1968 1 2 18
E 1968 2 2 18
E 1968 3 2 18
E 1968 4 2 18
E 1968 5 -3 -30
T 1969 15 0 6 0
E 1969 0 1 17
E 1969 1 1 17
E 1969 2 1 17
E 1969 3 1 17
E 1969 4 1 17
E 1969 5 -3 -31
T 1970 11 0 6 0
E 1970 0 1 13
E 1970 1 1 13
E 1970 2 1 13
E 1970 3 1 13
E 1970 4 1 13
E 1970 5 -3 -35
T 1971 21 0 1 0
E 1971 5 -13 -40
T 1972 15 0 6 0
E 1972 0 3 28
E 1972 1 3 28
E 1972 2 3 28
E 1972 3 3 28
E 1972 4 3 28
E 1972 5 -2 -20
T 1973 11 0 6 0
E 1973 0 2 18
E 1973 1 2 18
E 1973 2 2 18
E 1973 3 2 18
E 1973 4 2 18
E 1973 5 -3 -30
T 1974 14 0 6 0
E 1974 0 1 16
E 1974 1 1 16
E 1974 2 1 16
E 1974 3 1 16
E 1974 4 1 16
E 1974 5 -3 -32
T 1975 11 0 6 0
E 1975 0 1 13
E 1975 1 1 13
E 1975 2 1 13
E 1975 3 1 13
E 1975 4 1 13
E 1975 5 -3 -35
T 1976 20 0 1 0
E 1976 5 -13 -41
T 1977 14 0 6 0
E 1977 0 3 27
E 1977 1 3 27
E 1977 2 3 27
E 1977 3 3 27
E 1977 4 3 27
E 1977 5 -2 -21
T 1978 22 0 1 0
E 1978 5 -13 -39
T 1979 15 0 6 0
E 1979 0 2 23
E 1979 1 2 23
E 1979 2 2 23
E 1979 3 2 23
E 1979 4 2 23
E 1979 5 -2 -25
T 1980 13 0 6 0
E 1980 0 2 20
E 1980 1 2 20
E 1980 2 2 20
E 1980 3 2 20
E 1980 4 2 20
E 1980 5 -3 -28
T 1981 21 0 1 0
E 1981 5 -13 -40
T 1982 15 0 6 0
E 1982 0 1 17
E 1982 1 1 17
E 1982 2 1 17
E 1982 3 1 17
E 1982 4 1 17
E 1982 5 -3 -31
T 1983 23 0 1 0
E 1983 5 -12 -37
T 1984 18 0 6 0
E 1984 0 2 26
E 1984 1 2 26
E 1984 2 2 26
E 1984 3 2 26
E 1984 4 2 26
E 1984 5 -2 -22
T 1985 17 0 6 0
E 1985 0 2 25
E 1985 1 2 25
E 1985 2 2 25
E 1985 3 2 25
E 1985 4 2 25
E 1985 5 -2 -23
T 1986 12 0 6 0
E 1986 0 1 14
E 1986 1 1 14
E 1986 2 1 14
E 1986 3 1 14
E 1986 4 1 14
E 1986 5 -3 -34
T 1987 13 0 6 0
E 1987 0 1 15
E 1987 1 1 15
E 1987 2 1 15
E 1987 3 1 15
E 1987 4 1 15
E 1987 5 -3 -33
T 1988 11 0 6 0
E 1988 0 2 18
E 1988 1 2 18
E 1988 2 2 18
E 1988 3 2 18
E 1988 4 2 18
E 1988 5 -3 -30
T 1989 15 0 6 0
E 1989 0 1 17
E 1989 1 1 17
E 1989 2 1 17
E 1989 3 1 17
E 1989 4 1 17
E 1989 5 -3 -31
T 1990 13 0 6 0
E 1990 0 1 15
E 1990 1 1 15
E 1990 2 1 15
E 1990 3 1 15
E 1990 4 1 15
E 1990 5 -3 -33
T 1991 24 0 1 0
E 1991 5 -12 -36
T 1992 18 0 6 0
E 1992 0 2 26
E 1992 1 2 26
E 1992 2 2 26
E 1992 3 2 26
E 1992 4 2 26
E 1992 5 -2 -22
T 1993 16 0 6 0
E 1993 0 2 24
E 1993 1 2 24
E 1993 2 2 24
E 1993 3 2 24
E 1993 4 2 24
E 1993 5 -2 -24
T 1994 15 0 6 0
E 1994 0 1 17
E 1994 1 1 17
E 1994 2 1 17
E 1994 3 1 17
E 1994 4 1 17
E 1994 5 -3 -31
T 1995 14 0 6 0
E 1995 0 2 21
E 1995 1 2 21
E 1995 2 2 21
E 1995 3 2 21
E 1995 4 2 21
E 1995 5 -3 -27
T 1996 24 0 1 0
E 1996 5 -12 -36
T 1997 15 0 6 0
E 1997 0 3 28
E 1997 1 3 28
E 1997 2 3 28
E 1997 3 3 28
E 1997 4 3 28
E 1997 5 -2 -20
T 1998 14 0 6 0
E 1998 0 2 21
E 1998 1 2 21
E 1998 2 2 21
E 1998 3 2 21
E 1998 4 2 21
E 1998 5 -3 -27
T 1999 14 0 6 0
E 1999 0 2 21
E 1999 1 2 21
E 1999 2 2 21
E 1999 3 2 21
E 1999 4 2 21
E 1999 5 -3 -27
T 2000 12 0 6 0
E 2000 0 2 19
E 2000 1 2 19
E 2000 2 2 19
E 2000 3 2 19
E 2000 4 2 19
E 2000 5 -3 -29
T 2001 24 0 1 0
E 2001 5 -12 -36
T 2002 14 0 6 0
E 2002 0 3 27
E 2002 1 3 27
E 2002 2 3 27
E 2002 3 3 27
E 2002 4 3 27
E 2002 5 -2 -21
T 2003 23 0 1 0
E 2003 5 -12 -37
T 2004 14 0 6 0
E 2004 0 3 27
E 2004 1 3 27
E 2004 2 3 27
E 2004 3 3 27
E 2004 4 3 27
E 2004 5 -2 -21
T 2005 24 0 1 0
E 2005 5 -12 -36
T 2006 17 0 6 0
E 2006 0 3 30
E 2006 1 3 30
E 2006 2 3 30
E 2006 3 3 30
E 2006 4 3 30
E 2006 5 -2 -18
T 2007 12 0 6 0
E 2007 0 1 14
E 2007 1 1 14
E 2007 2 1 14
E 2007 3 1 14
E 2007 4 1 14
E 2007 5 -3 -34
T 2008 11 0 6 0
E 2008 0 1 13
E 2008 1 1 13
E 2008 2 1 13
E 2008 3 1 13
E 2008 4 1 13
E 2008 5 -3 -35
T 2009 22 0 1 0
E 2009 5 -13 -39
T 2010 14 0 6 0
E 2010 0 2 22
E 2010 1 2 22
E 2010 2 2 22
E 2010 3 2 22
E 2010 4 2 22
E 2010 5 -2 -26
T 2011 14 0 6 0
E 2011 0 1 16
E 2011 1 1 16
E 2011 2 1 16
E 2011 3 1 16
E 2011 4 1 16
E 2011 5 -3 -32
T 2012 11 0 6 0
E 2012 0 1 13
E 2012 1 1 13
E 2012 2 1 13
E 2012 3 1 13
E 2012 4 1 13
E 2012 5 -3 -35
T 2013 13 0 6 0
E 2013 0 1 15
E 2013 1 1 15
E 2013 2 1 15
E 2013 3 1 15
E 2013 4 1 15
E 2013 5 -3 -33
T 2014 23 0 1 0
E 2014 5 -12 -37
T 2015 18 0 6 0
E 2015 0 2 26
E 2015 1 2 26
E 2015 2 2 26
E 2015 3 2 26
E 2015 4 2 26
E 2015 5 -2 -22
T 2016 17 0 6 0
E 2016 0 2 25
E 2016 1 2 25
E 2016 2 2 25
E 2016 3 2 25
E 2016 4 2 25
E 2016 5 -2 -23
T 2017 11 0 6 0
E 2017 0 2 18
E 2017 1 2 18
E 2017 2 2 18
E 2017 3 2 18
E 2017 4 2 18
E 2017 5 -3 -27
T 2018 17 0 1 0
E 2018 5 -13 -39
T 2019 20 0 1 0
E 2019 5 -10 -30
T 2020 12 0 6 0
E 2020 0 1 15
E 2020 1 1 15
E 2020 2 1 15
E 2020 3 1 15
E 2020 4 1 15
E 2020 5 -2 -22
T 2021 12 0 6 0
E 2021 0 1 15
E 2021 1 1 15
E 2021 2 1 15
E 2021 3 1 15
E 2021 4 1 15
E 2021 5 -2 -20
T 2022 17 0 1 0
E 2022 5 -7 -22
T 2023 12 0 5 0
E 2023 0 2 22
E 2023 1 2 22
E 2023 2 2 22
E 2023 3 2 22
E 2023 4 2 22
T 2024 17 0 1 0
E 2024 5 -5 -15
T 2025 9 0 5 0
E 2025 0 1 14
E 2025 1 1 14
E 2025 2 1 14
E 2025 3 1 14
E 2025 4 1 14
T 2026 9 0 1 0
E 2026 5 -6 -19
T 2027 12 0 0 0
T 2028 11 0 5 0
E 2028 0 1 16
E 2028 1 1 16
E 2028 2 1 16
E 2028 3 1 16
E 2028 4 1 16
T 2029 8 0 0 0
T 2030 8 0 5 0
E 2030 0 1 13
E 2030 1 1 13
E 2030 2 1 13
E 2030 3 1 13
E 2030 4 1 13
T 2031 6 0 0 0
T 2032 3 0 0 0
T 2033 3 0 0 0
T 2034 9 0 0 0
T 2035 9 0 0 0
T 2036 10 0 5 0
E 2036 0 -1 -15
E 2036 1 -1 -15
E 2036 2 -1 -15
E 2036 3 -1 -15
E 2036 4 -1 -15
T 2037 9 0 0 0
T 2038 5 0 0 0
T 2039 5 0 0 0
T 2040 6 0 0 0
T 2041 7 0 1 0
E 2041 5 4 14
T 2042 11 0 1 0
E 2042 5 4 13
T 2043 13 0 1 0
E 2043 5 4 13
T 2044 12 0 5 0
E 2044 0 -1 -17
E 2044 1 -1 -17
E 2044 2 -1 -17
E 2044 3 -1 -17
E 2044 4 -1 -17
T 2045 10 0 6 0
E 2045 0 -1 -14
E 2045 1 -1 -14
E 2045 2 -1 -14
E 2045 3 -1 -14
E 2045 4 -1 -14
E 2045 5 1 14
T 2046 14 0 1 0
E 2046 5 8 24
T 2047 13 0 6 0
E 2047 0 -1 -17
E 2047 1 -1 -17
E 2047 2 -1 -17
E 2047 3 -1 -17
E 2047 4 -1 -17
E 2047 5 1 13
T 2048 11 0 6 0
E 2048 0 -1 -15
E 2048 1 -1 -15
E 2048 2 -1 -15
E 2048 3 -1 -15
E 2048 4 -1 -15
E 2048 5 1 15
T 2049 14 0 1 0
E 2049 5 8 24
T 2050 11 0 6 0
E 2050 0 -1 -15
E 2050 1 -1 -15
E 2050 2 -1 -15
E 2050 3 -1 -15
E 2050 4 -1 -15
E 2050 5 1 15
T 2051 12 0 6 0
E 2051 0 -1 -16
E 2051 1 -1 -16
E 2051 2 -1 -16
E 2051 3 -1 -16
E 2051 4 -1 -16
E 2051 5 1 14
T 2052 16 0 1 0
E 2052 5 6 20
T 2053 9 0 6 0
E 2053 0 -1 -13
E 2053 1 -1 -13
E 2053 2 -1 -13
E 2053 3 -1 -13
E 2053 4 -1 -13
E 2053 5 1 17
T 2054 14 0 1 0
E 2054 5 7 23
T 2055 9 0 6 0
E 2055 0 -1 -13
E 2055 1 -1 -13
E 2055 2 -1 -13
E 2055 3 -1 -13
E 2055 4 -1 -13
E 2055 5 1 17
T 2056 9 0 6 0
E 2056 0 -1 -13
E 2056 1 -1 -13
E 2056 2 -1 -13
E 2056 3 -1 -13
E 2056 4 -1 -13
E 2056 5 1 17
T 2057 16 0 1 0
E 2057 5 7 21
T 2058 13 0 5 0
E 2058 0 -2 -23
E 2058 1 -2 -23
E 2058 2 -2 -23
E 2058 3 -2 -23
E 2058 4 -2 -23
T 2059 10 0 6 0
E 2059 0 -1 -14
E 2059 1 -1 -14
E 2059 2 -1 -14
E 2059 3 -1 -14
E 2059 4 -1 -14
E 2059 5 1 16
T 2060 16 0 1 0
E 2060 5 6 20
T 2061 9 0 5 0
E 2061 0 -2 -19
E 2061 1 -2 -19
E 2061 2 -2 -19
E 2061 3 -2 -19
E 2061 4 -2 -19
T 2062 12 0 6 0
E 2062 0 -1 -16
E 2062 1 -1 -16
E 2062 2 -1 -16
E 2062 3 -1 -16
E 2062 4 -1 -16
E 2062 5 1 14
T 2063 12 0 6 0
E 2063 0 -1 -16
E 2063 1 -1 -16
E 2063 2 -1 -16
E 2063 3 -1 -16
E 2063 4 -1 -16
E 2063 5 1 14
T 2064 8 0 5 0
E 2064 0 -2 -18
E 2064 1 -2 -18
E 2064 2 -2 -18
E 2064 3 -2 -18
E 2064 4 -2 -18
T 2065 18 0 1 0
E 2065 5 6 18
T 2066 14 0 5 0
E 2066 0 -2 -24
E 2066 1 -2 -24
E 2066 2 -2 -24
E 2066 3 -2 -24
E 2066 4 -2 -24
T 2067 10 0 6 0
E 2067 0 -1 -13
E 2067 1 -1 -13
E 2067 2 -1 -13
E 2067 3 -1 -13
E 2067 4 -1 -13
E 2067 5 2 18
T 2068 11 0 6 0
E 2068 0 -1 -15
E 2068 1 -1 -15
E 2068 2 -1 -15
E 2068 3 -1 -15
E 2068 4 -1 -15
E 2068 5 1 17
T 2069 10 0 6 0
E 2069 0 -1 -13
E 2069 1 -1 -13
E 2069 2 -1 -13
E 2069 3 -1 -13
E 2069 4 -1 -13
E 2069 5 2 20
T 2070 19 0 1 0
E 2070 5 7 21
T 2071 12 0 6 0
E 2071 0 -2 -21
E 2071 1 -2 -21
E 2071 2 -2 -21
E 2071 3 -2 -21
E 2071 4 -2 -21
E 2071 5 1 13
T 2072 17 0 1 0
E 2072 5 8 25
T 2073 9 0 6 0
E 2073 0 -2 -18
E 2073 1 -2 -18
E 2073 2 -2 -18
E 2073 3 -2 -18
E 2073 4 -2 -18
E 2073 5 1 17
T 2074 18 0 1 0
E 2074 5 8 26
T 2075 11 0 6 0
E 2075 0 -2 -20
E 2075 1 -2 -20
E 2075 2 -2 -20
E 2075 3 -2 -20
E 2075 4 -2 -20
E 2075 5 1 16
T 2076 10 0 6 0
E 2076 0 -2 -18
E 2076 1 -2 -18
E 2076 2 -2 -18
E 2076 3 -2 -18
E 2076 4 -2 -18
E 2076 5 2 19
T 2077 18 0 1 0
E 2077 5 9 28
T 2078 12 0 6 0
E 2078 0 -2 -21
E 2078 1 -2 -21
E 2078 2 -2 -21
E 2078 3 -2 -21
E 2078 4 -2 -21
E 2078 5 1 17
T 2079 12 0 6 0
E 2079 0 -1 -15
E 2079 1 -1 -15
E 2079 2 -1 -15
E 2079 3 -1 -15
E 2079 4 -1 -15
E 2079 5 2 24
T 2080 19 0 1 0
E 2080 5 10 30
T 2081 11 0 6 0
E 2081 0 -2 -19
E 2081 1 -2 -19
E 2081 2 -2 -19
E 2081 3 -2 -19
E 2081 4 -2 -19
E 2081 5 2 21
T 2082 18 0 1 0
E 2082 5 10 32
T 2083 12 0 6 0
E 2083 0 -1 -14
E 2083 1 -1 -14
E 2083 2 -1 -14
E 2083 3 -1 -14
E 2083 4 -1 -14
E 2083 5 3 27
T 2084 13 0 6 0
E 2084 0 -1 -16
E 2084 1 -1 -16
E 2084 2 -1 -16
E 2084 3 -1 -16
E 2084 4 -1 -16
E 2084 5 2 26
T 2085 13 0 6 0
E 2085 0 -1 -16
E 2085 1 -1 -16
E 2085 2 -1 -16
E 2085 3 -1 -16
E 2085 4 -1 -16
E 2085 5 2 26
T 2086 12 0 6 0
E 2086 0 -1 -14
E 2086 1 -1 -14
E 2086 2 -1 -14
E 2086 3 -1 -14
E 2086 4 -1 -14
E 2086 5 3 29
T 2087 14 0 6 0
E 2087 0 -1 -17
E 2087 1 -1 -17
E 2087 2 -1 -17
E 2087 3 -1 -17
E 2087 4 -1 -17
E 2087 5 2 26
T 2088 13 0 6 0
E 2088 0 -1 -15
E 2088 1 -1 -15
E 2088 2 -1 -15
E 2088 3 -1 -15
E 2088 4 -1 -15
E 2088 5 3 29
T 2089 11 0 6 0
E 2089 0 -2 -19
E 2089 1 -2 -19
E 2089 2 -2 -19
E 2089 3 -2 -19
E 2089 4 -2 -19
E 2089 5 2 26
T 2090 22 0 1 0
E 2090 5 11 34
T 2091 14 0 6 0
E 2091 0 -2 -22
E 2091 1 -2 -22
E 2091 2 -2 -22
E 2091 3 -2 -22
E 2091 4 -2 -22
E 2091 5 2 24
T 2092 15 0 6 0
E 2092 0 -1 -17
E 2092 1 -1 -17
E 2092 2 -1 -17
E 2092 3 -1 -17
E 2092 4 -1 -17
E 2092 5 3 29
T 2093 13 0 6 0
E 2093 0 -2 -21
E 2093 1 -2 -21
E 2093 2 -2 -21
E 2093 3 -2 -21
E 2093 4 -2 -21
E 2093 5 2 26
T 2094 14 0 6 0
E 2094 0 -1 -16
E 2094 1 -1 -16
E 2094 2 -1 -16
E 2094 3 -1 -16
E 2094 4 -1 -16
E 2094 5 3 32
T 2095 12 0 6 0
E 2095 0 -2 -19
E 2095 1 -2 -19
E 2095 2 -2 -19
E 2095 3 -2 -19
E 2095 4 -2 -19
E 2095 5 3 29
T 2096 14 0 6 0
E 2096 0 -1 -16
E 2096 1 -1 -16
E 2096 2 -1 -16
E 2096 3 -1 -16
E 2096 4 -1 -16
E 2096 5 3 32
T 2097 15 0 6 0
E 2097 0 -1 -17
E 2097 1 -1 -17
E 2097 2 -1 -17
E 2097 3 -1 -17
E 2097 4 -1 -17
E 2097 5 3 31
T 2098 15 0 6 0
E 2098 0 -2 -23
E 2098 1 -2 -23
E 2098 2 -2 -23
E 2098 3 -2 -23
E 2098 4 -2 -23
E 2098 5 2 25
T 2099 11 0 6 0
E 2099 0 -1 -13
E 2099 1 -1 -13
E 2099 2 -1 -13
E 2099 3 -1 -13
E 2099 4 -1 -13
E 2099 5 3 35
T 2100 13 0 6 0
E 2100 0 -1 -15
E 2100 1 -1 -15
E 2100 2 -1 -15
E 2100 3 -1 -15
E 2100 4 -1 -15
E 2100 5 3 33
T 2101 24 0 1 0
E 2101 5 12 36
T 2102 18 0 6 0
E 2102 0 -2 -26
E 2102 1 -2 -26
E 2102 2 -2 -26
E 2102 3 -2 -26
E 2102 4 -2 -26
E 2102 5 2 22
T 2103 16 0 6 0
E 2103 0 -2 -24
E 2103 1 -2 -24
E 2103 2 -2 -24
E 2103 3 -2 -24
E 2103 4 -2 -24
E 2103 5 2 24
T 2104 12 0 6 0
E 2104 0 -2 -19
E 2104 1 -2 -19
E 2104 2 -2 -19
E 2104 3 -2 -19
E 2104 4 -2 -19
E 2104 5 3 29
T 2105 11 0 6 0
E 2105 0 -1 -13
E 2105 1 -1 -13
E 2105 2 -1 -13
E 2105 3 -1 -13
E 2105 4 -1 -13
E 2105 5 3 35
T 2106 22 0 1 0
E 2106 5 13 39
T 2107 15 0 6 0
E 2107 0 -3 -28
E 2107 1 -3 -28
E 2107 2 -3 -28
E 2107 3 -3 -28
E 2107 4 -3 -28
E 2107 5 2 20
T 2108 11 0 6 0
E 2108 0 -1 -13
E 2108 1 -1 -13
E 2108 2 -1 -13
E 2108 3 -1 -13
E 2108 4 -1 -13
E 2108 5 3 35
T 2109 13 0 6 0
E 2109 0 -1 -15
E 2109 1 -1 -15
E 2109 2 -1 -15
E 2109 3 -1 -15
E 2109 4 -1 -15
E 2109 5 3 33
T 2110 21 0 1 0
E 2110 5 13 40
T 2111 14 0 6 0
E 2111 0 -2 -22
E 2111 1 -2 -22
E 2111 2 -2 -22
E 2111 3 -2 -22
E 2111 4 -2 -22
E 2111 5 2 26
T 2112 13 0 6 0
E 2112 0 -1 -15
E 2112 1 -1 -15
E 2112 2 -1 -15
E 2112 3 -1 -15
E 2112 4 -1 -15
E 2112 5 3 33
T 2113 13 0 6 0
E 2113 0 -1 -15
E 2113 1 -1 -15
E 2113 2 -1 -15
E 2113 3 -1 -15
E 2113 4 -1 -15
E 2113 5 3 33
T 2114 11 0 6 0
E 2114 0 -1 -13
E 2114 1 -1 -13
E 2114 2 -1 -13
E 2114 3 -1 -13
E 2114 4 -1 -13
E 2114 5 3 35
T 2115 12 0 6 0
E 2115 0 -1 -14
E 2115 1 -1 -14
E 2115 2 -1 -14
E 2115 3 -1 -14
E 2115 4 -1 -14
E 2115 5 3 34
T 2116 14 0 6 0
E 2116 0 -1 -16
E 2116 1 -1 -16
E 2116 2 -1 -16
E 2116 3 -1 -16
E 2116 4 -1 -16
E 2116 5 3 32
T 2117 14 0 6 0
E 2117 0 -2 -21
E 2117 1 -2 -21
E 2117 2 -2 -21
E 2117 3 -2 -21
E 2117 4 -2 -21
E 2117 5 3 27
T 2118 24 0 1 0
E 2118 5 12 36
T 2119 16 0 6 0
E 2119 0 -3 -29
E 2119 1 -3 -29
E 2119 2 -3 -29
E 2119 3 -3 -29
E 2119 4 -3 -29
E 2119 5 2 19
T 2120 12 0 6 0
E 2120 0 -2 -19
E 2120 1 -2 -19
E 2120 2 -2 -19
E 2120 3 -2 -19
E 2120 4 -2 -19
E 2120 5 3 29
T 2121 11 0 6 0
E 2121 0 -2 -18
E 2121 1 -2 -18
E 2121 2 -2 -18
E 2121 3 -2 -18
E 2121 4 -2 -18
E 2121 5 3 30
T 2122 13 0 6 0
E 2122 0 -1 -15
E 2122 1 -1 -15
E 2122 2 -1 -15
E 2122 3 -1 -15
E 2122 4 -1 -15
E 2122 5 3 33
T 2123 24 0 1 0
E 2123 5 12 36
T 2124 16 0 6 0
E 2124 0 -2 -24
E 2124 1 -2 -24
E 2124 2 -2 -24
E 2124 3 -2 -24
E 2124 4 -2 -24
E 2124 5 2 24
T 2125 23 0 1 0
E 2125 5 12 37
T 2126 17 0 6 0
E 2126 0 -3 -30
E 2126 1 -3 -30
E 2126 2 -3 -30
E 2126 3 -3 -30
E 2126 4 -3 -30
E 2126 5 2 18
T 2127 14 0 6 0
E 2127 0 -1 -16
E 2127 1 -1 -16
E 2127 2 -1 -16
E 2127 3 -1 -16
E 2127 4 -1 -16
E 2127 5 3 32
T 2128 24 0 1 0
E 2128 5 12 36
T 2129 15 0 6 0
E 2129 0 -2 -23
E 2129 1 -2 -23
E 2129 2 -2 -23
E 2129 3 -2 -23
E 2129 4 -2 -23
E 2129 5 2 25
T 2130 22 0 1 0
E 2130 5 12 38
T 2131 16 0 6 0
E 2131 0 -3 -29
E 2131 1 -3 -29
E 2131 2 -3 -29
E 2131 3 -3 -29
E 2131 4 -3 -29
E 2131 5 2 19
T 2132 13 0 6 0
E 2132 0 -2 -20
E 2132 1 -2 -20
E 2132 2 -2 -20
E 2132 3 -2 -20
E 2132 4 -2 -20
E 2132 5 3 28
T 2133 14 0 6 0
E 2133 0 -2 -21
E 2133 1 -2 -21
E 2133 2 -2 -21
E 2133 3 -2 -21
E 2133 4 -2 -21
E 2133 5 3 27
T 2134 11 0 6 0
E 2134 0 -2 -18
E 2134 1 -2 -18
E 2134 2 -2 -18
E 2134 3 -2 -18
E 2134 4 -2 -18
E 2134 5 3 30
T 2135 20 0 1 0
E 2135 5 14 42
T 2136 18 0 6 0
E 2136 0 -2 -26
E 2136 1 -2 -26
E 2136 2 -2 -26
E 2136 3 -2 -26
E 2136 4 -2 -26
E 2136 5 2 22
T 2137 16 0 6 0
E 2137 0 -2 -24
E 2137 1 -2 -24
E 2137 2 -2 -24
E 2137 3 -2 -24
E 2137 4 -2 -24
E 2137 5 2 24
T 2138 13 0 6 0
E 2138 0 -2 -20
E 2138 1 -2 -20
E 2138 2 -2 -20
E 2138 3 -2 -20
E 2138 4 -2 -20
E 2138 5 3 28
T 2139 23 0 1 0
E 2139 5 12 37
T 2140 15 0 6 0
E 2140 0 -2 -23
E 2140 1 -2 -23
E 2140 2 -2 -23
E 2140 3 -2 -23
E 2140 4 -2 -23
E 2140 5 2 25
T 2141 12 0 6 0
E 2141 0 -1 -14
E 2141 1 -1 -14
E 2141 2 -1 -14
E 2141 3 -1 -14
E 2141 4 -1 -14
E 2141 5 3 34
T 2142 13 0 6 0
E 2142 0 -1 -15
E 2142 1 -1 -15
E 2142 2 -1 -15
E 2142 3 -1 -15
E 2142 4 -1 -15
E 2142 5 3 33
T 2143 24 0 1 0
E 2143 5 12 36
T 2144 15 0 6 0
E 2144 0 -3 -28
E 2144 1 -3 -28
E 2144 2 -3 -28
E 2144 3 -3 -28
E 2144 4 -3 -28
E 2144 5 2 20
T 2145 13 0 6 0
E 2145 0 -2 -20
E 2145 1 -2 -20
E 2145 2 -2 -20
E 2145 3 -2 -20
E 2145 4 -2 -20
E 2145 5 3 28
T 2146 11 0 6 0
E 2146 0 -1 -13
E 2146 1 -1 -13
E 2146 2 -1 -13
E 2146 3 -1 -13
E 2146 4 -1 -13
E 2146 5 3 35
T 2147 20 0 1 0
E 2147 5 13 41
T 2148 11 0 6 0
E 2148 0 -2 -18
E 2148 1 -2 -18
E 2148 2 -2 -18
E 2148 3 -2 -18
E 2148 4 -2 -18
E 2148 5 3 30
T 2149 20 0 1 0
E 2149 5 13 41
T 2150 14 0 6 0
E 2150 0 -2 -21
E 2150 1 -2 -21
E 2150 2 -2 -21
E 2150 3 -2 -21
E 2150 4 -2 -21
E 2150 5 3 27
T 2151 13 0 6 0
E 2151 0 -1 -15
E 2151 1 -1 -15
E 2151 2 -1 -15
E 2151 3 -1 -15
E 2151 4 -1 -15
E 2151 5 3 33
T 2152 15 0 6 0
E 2152 0 -1 -17
E 2152 1 -1 -17
E 2152 2 -1 -17
E 2152 3 -1 -17
E 2152 4 -1 -17
E 2152 5 3 31
T 2153 15 0 6 0
E 2153 0 -2 -23
E 2153 1 -2 -23
E 2153 2 -2 -23
E 2153 3 -2 -23
E 2153 4 -2 -23
E 2153 5 2 25
T 2154 11 0 6 0
E 2154 0 -2 -18
E 2154 1 -2 -18
E 2154 2 -2 -18
E 2154 3 -2 -18
E 2154 4 -2 -18
E 2154 5 3 30
T 2155 15 0 6 0
E 2155 0 -1 -17
E 2155 1 -1 -17
E 2155 2 -1 -17
E 2155 3 -1 -17
E 2155 4 -1 -17
E 2155 5 3 31
T 2156 12 0 6 0
E 2156 0 -2 -19
E 2156 1 -2 -19
E 2156 2 -2 -19
E 2156 3 -2 -19
E 2156 4 -2 -19
E 2156 5 3 29
T 2157 24 0 1 0
E 2157 5 12 36
T 2158 15 0 6 0
E 2158 0 -3 -28
E 2158 1 -3 -28
E 2158 2 -3 -28
E 2158 3 -3 -28
E 2158 4 -3 -28
E 2158 5 2 20
T 2159 24 0 1 0
E 2159 5 12 36
T 2160 8 0 6 0
E 2160 0 2 20
E 2160 1 2 20
E 2160 2 2 20
E 2160 3 2 20
E 2160 4 2 20
E 2160 5 2 20
T 2161 6 0 0 0
T 2162 11 0 0 0
T 2163 8 0 5 0
E 2163 0 1 13
E 2163 1 1 13
E 2163 2 1 13
E 2163 3 1 13
E 2163 4 1 13
T 2164 10 0 5 0
E 2164 0 1 15
E 2164 1 1 15
E 2164 2 1 15
E 2164 3 1 15
E 2164 4 1 15
T 2165 11 0 0 0
T 2166 12 0 0 0
T 2167 12 0 1 0
E 2167 5 -4 -14
T 2168 12 0 5 0
E 2168 0 1 17
E 2168 1 1 17
E 2168 2 1 17
E 2168 3 1 17
E 2168 4 1 17
T 2169 10 0 5 0
E 2169 0 2 20
E 2169 1 2 20
E 2169 2 2 20
E 2169 3 2 20
E 2169 4 2 20
T 2170 13 0 6 0
E 2170 0 1 17
E 2170 1 1 17
E 2170 2 1 17
E 2170 3 1 17
E 2170 4 1 17
E 2170 5 -1 -15
T 2171 12 0 6 0
E 2171 0 1 15
E 2171 1 1 15
E 2171 2 1 15
E 2171 3 1 15
E 2171 4 1 15
E 2171 5 -2 -20
T 2172 14 0 6 0
E 2172 0 1 17
E 2172 1 1 17
E 2172 2 1 17
E 2172 3 1 17
E 2172 4 1 17
E 2172 5 -2 -21
T 2173 10 0 6 0
E 2173 0 2 18
E 2173 1 2 18
E 2173 2 2 18
E 2173 3 2 18
E 2173 4 2 18
E 2173 5 -2 -23
T 2174 12 0 6 0
E 2174 0 1 14
E 2174 1 1 14
E 2174 2 1 14
E 2174 3 1 14
E 2174 4 1 14
E 2174 5 -3 -31
T 2175 11 0 6 0
E 2175 0 2 18
E 2175 1 2 18
E 2175 2 2 18
E 2175 3 2 18
E 2175 4 2 18
E 2175 5 -3 -30
T 2176 21 0 1 0
E 2176 5 -15 -45
T 2177 16 0 6 0
E 2177 0 1 17
E 2177 1 1 17
E 2177 2 1 17
E 2177 3 1 17
E 2177 4 1 17
E 2177 5 -4 -37
T 2178 15 0 6 0
E 2178 0 2 22
E 2178 1 2 22
E 2178 2 2 22
E 2178 3 2 22
E 2178 4 2 22
E 2178 5 -3 -35
T 2179 16 0 6 0
E 2179 0 1 17
E 2179 1 1 17
E 2179 2 1 17
E 2179 3 1 17
E 2179 4 1 17
E 2179 5 -4 -44
T 2180 14 1 6 0
E 2180 0 1 14
E 2180 1 1 14
E 2180 2 1 14
E 2180 3 1 14
E 2180 4 1 14
E 2180 5 -5 -50
T 2181 14 1 6 0
E 2181 0 1 14
E 2181 1 1 14
E 2181 2 1 14
E 2181 3 1 14
E 2181 4 1 14
E 2181 5 -5 -53
T 2182 14 0 6 0
E 2182 0 2 19
E 2182 1 2 19
E 2182 2 2 19
E 2182 3 2 19
E 2182 4 2 19
E 2182 5 -5 -51
T 2183 31 0 1 0
E 2183 5 -21 -63
T 2184 24 0 6 0
E 2184 0 3 35
E 2184 1 3 35
E 2184 2 3 35
E 2184 3 3 35
E 2184 4 3 35
E 2184 5 -4 -42
T 2185 19 0 6 0
E 2185 0 2 23
E 2185 1 2 23
E 2185 2 2 23
E 2185 3 2 23
E 2185 4 2 23
E 2185 5 -6 -57
T 2186 17 0 6 0
E 2186 0 1 15
E 2186 1 1 15
E 2186 2 1 15
E 2186 3 1 15
E 2186 4 1 15
E 2186 5 -7 -68
T 2187 20 0 6 0
E 2187 0 2 24
E 2187 1 2 24
E 2187 2 2 24
E 2187 3 2 24
E 2187 4 2 24
E 2187 5 -6 -62
T 2188 20 0 6 0
E 2188 0 1 17
E 2188 1 1 17
E 2188 2 1 17
E 2188 3 1 17
E 2188 4 1 17
E 2188 5 -8 -72
T 2189 20 0 6 0
E 2189 0 3 28
E 2189 1 3 28
E 2189 2 3 28
E 2189 3 3 28
E 2189 4 3 28
E 2189 5 -7 -65
T 2190 13 0 6 0
E 2190 0 2 20
E 2190 1 2 20
E 2190 2 2 20
E 2190 3 2 20
E 2190 4 2 20
E 2190 5 -3 -28
T 2191 23 0 1 0
E 2191 5 -12 -37
T 2192 17 0 6 0
E 2192 0 2 25
E 2192 1 2 25
E 2192 2 2 25
E 2192 3 2 25
E 2192 4 2 25
E 2192 5 -2 -23
T 2193 15 0 6 0
E 2193 0 2 23
E 2193 1 2 23
E 2193 2 2 23
E 2193 3 2 23
E 2193 4 2 23
E 2193 5 -2 -25
T 2194 11 0 6 0
E 2194 0 2 18
E 2194 1 2 18
E 2194 2 2 18
E 2194 3 2 18
E 2194 4 2 18
E 2194 5 -3 -30
T 2195 14 0 6 0
E 2195 0 1 16
E 2195 1 1 16
E 2195 2 1 16
E 2195 3 1 16
E 2195 4 1 16
E 2195 5 -3 -32
T 2196 12 0 6 0
E 2196 0 2 19
E 2196 1 2 19
E 2196 2 2 19
E 2196 3 2 19
E 2196 4 2 19
E 2196 5 -3 -29
T 2197 13 0 6 0
E 2197 0 2 20
E 2197 1 2 20
E 2197 2 2 20
E 2197 3 2 20
E 2197 4 2 20
E 2197 5 -3 -28
T 2198 23 0 1 0
E 2198 5 -12 -37
T 2199 15 0 6 0
E 2199 0 2 23
E 2199 1 2 23
E 2199 2 2 23
E 2199 3 2 23
E 2199 4 2 23
E 2199 5 -2 -25
T 2200 13 0 6 0
E 2200 0 2 20
E 2200 1 2 20
E 2200 2 2 20
E 2200 3 2 20
E 2200 4 2 20
E 2200 5 -3 -28
T 2201 22 0 1 0
E 2201 5 -13 -39
T 2202 17 0 6 0
E 2202 0 2 25
E 2202 1 2 25
E 2202 2 2 25
E 2202 3 2 25
E 2202 4 2 25
E 2202 5 -2 -23
T 2203 12 0 6 0
E 2203 0 1 14
E 2203 1 1 14
E 2203 2 1 14
E 2203 3 1 14
E 2203 4 1 14
E 2203 5 -3 -34
T 2204 14 0 6 0
E 2204 0 1 16
E 2204 1 1 16
E 2204 2 1 16
E 2204 3 1 16
E 2204 4 1 16
E 2204 5 -3 -32
T 2205 14 0 6 0
E 2205 0 2 22
E 2205 1 2 22
E 2205 2 2 22
E 2205 3 2 22
E 2205 4 2 22
E 2205 5 -2 -26
T 2206 15 0 6 0
E 2206 0 1 17
E 2206 1 1 17
E 2206 2 1 17
E 2206 3 1 17
E 2206 4 1 17
E 2206 5 -3 -31
T 2207 15 0 6 0
E 2207 0 1 17
E 2207 1 1 17
E 2207 2 1 17
E 2207 3 1 17
E 2207 4 1 17
E 2207 5 -3 -31
T 2208 11 0 6 0
E 2208 0 1 13
E 2208 1 1 13
E 2208 2 1 13
E 2208 3 1 13
E 2208 4 1 13
E 2208 5 -3 -35
T 2209 12 0 6 0
E 2209 0 1 14
E 2209 1 1 14
E 2209 2 1 14
E 2209 3 1 14
E 2209 4 1 14
E 2209 5 -3 -34
T 2210 15 0 6 0
E 2210 0 1 17
E 2210 1 1 17
E 2210 2 1 17
E 2210 3 1 17
E 2210 4 1 17
E 2210 5 -3 -31
T 2211 24 0 1 0
E 2211 5 -12 -36
T 2212 17 0 6 0
E 2212 0 3 31
E 2212 1 3 31
E 2212 2 3 31
E 2212 3 3 31
E 2212 4 3 31
E 2212 5 -1 -17
T 2213 15 0 6 0
E 2213 0 2 23
E 2213 1 2 23
E 2213 2 2 23
E 2213 3 2 23
E 2213 4 2 23
E 2213 5 -2 -25
T 2214 14 0 6 0
E 2214 0 2 21
E 2214 1 2 21
E 2214 2 2 21
E 2214 3 2 21
E 2214 4 2 21
E 2214 5 -3 -27
T 2215 22 0 1 0
E 2215 5 -12 -38
T 2216 14 0 6 0
E 2216 0 2 21
E 2216 1 2 21
E 2216 2 2 21
E 2216 3 2 21
E 2216 4 2 21
E 2216 5 -3 -27
T 2217 12 0 6 0
E 2217 0 2 19
E 2217 1 2 19
E 2217 2 2 19
E 2217 3 2 19
E 2217 4 2 19
E 2217 5 -3 -29
T 2218 14 0 6 0
E 2218 0 1 16
E 2218 1 1 16
E 2218 2 1 16
E 2218 3 1 16
E 2218 4 1 16
E 2218 5 -3 -32
T 2219 22 0 1 0
E 2219 5 -12 -38
T 2220 13 0 6 0
E 2220 0 2 20
E 2220 1 2 20
E 2220 2 2 20
E 2220 3 2 20
E 2220 4 2 20
E 2220 5 -3 -28
T 2221 15 0 6 0
E 2221 0 1 17
E 2221 1 1 17
E 2221 2 1 17
E 2221 3 1 17
E 2221 4 1 17
E 2221 5 -3 -31
T 2222 11 0 6 0
E 2222 0 2 18
E 2222 1 2 18
E 2222 2 2 18
E 2222 3 2 18
E 2222 4 2 18
E 2222 5 -3 -30
T 2223 21 0 1 0
E 2223 5 -13 -40
T 2224 13 0 6 0
E 2224 0 2 20
E 2224 1 2 20
E 2224 2 2 20
E 2224 3 2 20
E 2224 4 2 20
E 2224 5 -3 -28
T 2225 22 0 1 0
E 2225 5 -12 -38
T 2226 12 0 6 0
E 2226 0 2 19
E 2226 1 2 19
E 2226 2 2 19
E 2226 3 2 19
E 2226 4 2 19
E 2226 5 -3 -29
T 2227 22 0 1 0
E 2227 5 -12 -38
T 2228 11 0 6 0
E 2228 0 2 18
E 2228 1 2 18
E 2228 2 2 18
E 2228 3 2 18
E 2228 4 2 18
E 2228 5 -3 -30
T 2229 23 0 1 0
E 2229 5 -12 -37
T 2230 12 0 6 0
E 2230 0 2 19
E 2230 1 2 19
E 2230 2 2 19
E 2230 3 2 19
E 2230 4 2 19
E 2230 5 -3 -29
T 2231 12 0 6 0
E 2231 0 1 14
E 2231 1 1 14
E 2231 2 1 14
E 2231 3 1 14
E 2231 4 1 14
E 2231 5 -3 -34
T 2232 14 0 6 0
E 2232 0 1 16
E 2232 1 1 16
E 2232 2 1 16
E 2232 3 1 16
E 2232 4 1 16
E 2232 5 -3 -32
T 2233 24 0 1 0
E 2233 5 -12 -36
T 2234 13 0 6 0
E 2234 0 2 20
E 2234 1 2 20
E 2234 2 2 20
E 2234 3 2 20
E 2234 4 2 20
E 2234 5 -3 -28
T 2235 23 0 1 0
E 2235 5 -12 -37
T 2236 18 0 6 0
E 2236 0 2 26
E 2236 1 2 26
E 2236 2 2 26
E 2236 3 2 26
E 2236 4 2 26
E 2236 5 -2 -22
T 2237 14 0 6 0
E 2237 0 1 16
E 2237 1 1 16
E 2237 2 1 16
E 2237 3 1 16
E 2237 4 1 16
E 2237 5 -3 -32
T 2238 14 0 6 0
E 2238 0 2 21
E 2238 1 2 21
E 2238 2 2 21
E 2238 3 2 21
E 2238 4 2 21
E 2238 5 -3 -27
T 2239 11 0 6 0
E 2239 0 2 18
E 2239 1 2 18
E 2239 2 2 18
E 2239 3 2 18
E 2239 4 2 18
E 2239 5 -3 -30
T 2240 20 0 1 0
E 2240 5 -13 -41
T 2241 14 0 6 0
E 2241 0 2 21
E 2241 1 2 21
E 2241 2 2 21
E 2241 3 2 21
E 2241 4 2 21
E 2241 5 -3 -27
T 2242 12 0 6 0
E 2242 0 1 14
E 2242 1 1 14
E 2242 2 1 14
E 2242 3 1 14
E 2242 4 1 14
E 2242 5 -3 -34
T 2243 23 0 1 0
E 2243 5 -12 -37
T 2244 14 0 6 0
E 2244 0 2 21
E 2244 1 2 21
E 2244 2 2 21
E 2244 3 2 21
E 2244 4 2 21
E 2244 5 -3 -27
T 2245 11 0 6 0
E 2245 0 2 18
E 2245 1 2 18
E 2245 2 2 18
E 2245 3 2 18
E 2245 4 2 18
E 2245 5 -3 -30
T 2246 15 0 6 0
E 2246 0 1 17
E 2246 1 1 17
E 2246 2 1 17
E 2246 3 1 17
E 2246 4 1 17
E 2246 5 -3 -31
T 2247 12 0 6 0
E 2247 0 1 14
E 2247 1 1 14
E 2247 2 1 14
E 2247 3 1 14
E 2247 4 1 14
E 2247 5 -3 -34
T 2248 13 0 6 0
E 2248 0 1 15
E 2248 1 1 15
E 2248 2 1 15
E 2248 3 1 15
E 2248 4 1 15
E 2248 5 -3 -33
T 2249 15 0 6 0
E 2249 0 1 17
E 2249 1 1 17
E 2249 2 1 17
E 2249 3 1 17
E 2249 4 1 17
E 2249 5 -3 -31
T 2250 12 0 6 0
E 2250 0 1 14
E 2250 1 1 14
E 2250 2 1 14
E 2250 3 1 14
E 2250 4 1 14
E 2250 5 -3 -34
T 2251 22 0 1 0
E 2251 5 -12 -38
T 2252 12 0 6 0
E 2252 0 2 19
E 2252 1 2 19
E 2252 2 2 19
E 2252 3 2 19
E 2252 4 2 19
E 2252 5 -3 -29
T 2253 22 0 1 0
E 2253 5 -13 -39
T 2254 13 0 6 0
E 2254 0 2 20
E 2254 1 2 20
E 2254 2 2 20
E 2254 3 2 20
E 2254 4 2 20
E 2254 5 -3 -28
T 2255 14 0 6 0
E 2255 0 2 21
E 2255 1 2 21
E 2255 2 2 21
E 2255 3 2 21
E 2255 4 2 21
E 2255 5 -3 -27
T 2256 11 0 6 0
E 2256 0 1 13
E 2256 1 1 13
E 2256 2 1 13
E 2256 3 1 13
E 2256 4 1 13
E 2256 5 -3 -35
T 2257 21 0 1 0
E 2257 5 -12 -36
T 2258 10 0 6 0
E 2258 0 2 18
E 2258 1 2 18
E 2258 2 2 18
E 2258 3 2 18
E 2258 4 2 18
E 2258 5 -2 -25
T 2259 16 0 1 0
E 2259 5 -12 -36
T 2260 14 0 6 0
E 2260 0 1 17
E 2260 1 1 17
E 2260 2 1 17
E 2260 3 1 17
E 2260 4 1 17
E 2260 5 -2 -20
T 2261 10 0 6 0
E 2261 0 1 13
E 2261 1 1 13
E 2261 2 1 13
E 2261 3 1 13
E 2261 4 1 13
E 2261 5 -2 -22
T 2262 18 0 1 0
E 2262 5 -6 -20
T 2263 10 0 6 0
E 2263 0 1 14
E 2263 1 1 14
E 2263 2 1 14
E 2263 3 1 14
E 2263 4 1 14
E 2263 5 -1 -16
T 2264 11 0 1 0
E 2264 5 -8 -24
T 2265 14 0 1 0
E 2265 5 -5 -15
T 2266 10 0 5 0
E 2266 0 1 15
E 2266 1 1 15
E 2266 2 1 15
E 2266 3 1 15
E 2266 4 1 15
T 2267 10 0 5 0
E 2267 0 1 15
E 2267 1 1 15
E 2267 2 1 15
E 2267 3 1 15
E 2267 4 1 15
T 2268 8 0 0 0
T 2269 4 0 0 0
T 2270 0 0 0 0
T 2271 2 0 0 0
T 2272 3 0 1 0
E 2272 5 -4 -13
T 2273 1 0 0 0
T 2274 0 0 0 0
T 2275 4 0 0 0
T 2276 5 0 0 0
T 2277 4 0 1 0
E 2277 5 5 16
T 2278 3 0 0 0
T 2279 2 0 1 0
E 2279 5 5 15
T 2280 6 0 1 0
E 2280 5 4 13
T 2281 7 0 1 0
E 2281 5 5 15
T 2282 10 0 0 0
T 2283 10 0 5 0
E 2283 0 -1 -15
E 2283 1 -1 -15
E 2283 2 -1 -15
E 2283 3 -1 -15
E 2283 4 -1 -15
T 2284 11 0 5 0
E 2284 0 -1 -16
E 2284 1 -1 -16
E 2284 2 -1 -16
E 2284 3 -1 -16
E 2284 4 -1 -16
T 2285 17 0 1 0
E 2285 5 5 16
T 2286 14 0 5 0
E 2286 0 -2 -24
E 2286 1 -2 -24
E 2286 2 -2 -24
E 2286 3 -2 -24
E 2286 4 -2 -24
T 2287 18 0 1 0
E 2287 5 6 18
T 2288 11 0 6 0
E 2288 0 -1 -15
E 2288 1 -1 -15
E 2288 2 -1 -15
E 2288 3 -1 -15
E 2288 4 -1 -15
E 2288 5 1 15
T 2289 12 0 6 0
E 2289 0 -1 -16
E 2289 1 -1 -16
E 2289 2 -1 -16
E 2289 3 -1 -16
E 2289 4 -1 -16
E 2289 5 1 14
T 2290 17 0 1 0
E 2290 5 6 19
T 2291 14 0 5 0
E 2291 0 -2 -24
E 2291 1 -2 -24
E 2291 2 -2 -24
E 2291 3 -2 -24
E 2291 4 -2 -24
T 2292 9 0 6 0
E 2292 0 -1 -13
E 2292 1 -1 -13
E 2292 2 -1 -13
E 2292 3 -1 -13
E 2292 4 -1 -13
E 2292 5 1 17
T 2293 18 0 1 0
E 2293 5 6 18
T 2294 11 0 5 0
E 2294 0 -2 -21
E 2294 1 -2 -21
E 2294 2 -2 -21
E 2294 3 -2 -21
E 2294 4 -2 -21
T 2295 14 0 1 0
E 2295 5 7 23
T 2296 11 0 5 0
E 2296 0 -2 -21
E 2296 1 -2 -21
E 2296 2 -2 -21
E 2296 3 -2 -21
E 2296 4 -2 -21
T 2297 13 0 6 0
E 2297 0 -1 -17
E 2297 1 -1 -17
E 2297 2 -1 -17
E 2297 3 -1 -17
E 2297 4 -1 -17
E 2297 5 1 13
T 2298 13 0 6 0
E 2298 0 -1 -17
E 2298 1 -1 -17
E 2298 2 -1 -17
E 2298 3 -1 -17
E 2298 4 -1 -17
E 2298 5 1 13
T 2299 15 0 1 0
E 2299 5 7 22
T 2300 9 0 5 0
E 2300 0 -2 -19
E 2300 1 -2 -19
E 2300 2 -2 -19
E 2300 3 -2 -19
E 2300 4 -2 -19
T 2301 14 0 1 0
E 2301 5 8 24
T 2302 8 0 5 0
E 2302 0 -2 -18
E 2302 1 -2 -18
E 2302 2 -2 -18
E 2302 3 -2 -18
E 2302 4 -2 -18
T 2303 18 0 1 0
E 2303 5 6 18
T 2304 8 0 5 0
E 2304 0 -2 -18
E 2304 1 -2 -18
E 2304 2 -2 -18
E 2304 3 -2 -18
E 2304 4 -2 -18
T 2305 16 0 1 0
E 2305 5 6 20
T 2306 11 0 5 0
E 2306 0 -2 -21
E 2306 1 -2 -21
E 2306 2 -2 -21
E 2306 3 -2 -21
E 2306 4 -2 -21
T 2307 17 0 1 0
E 2307 5 7 21
T 2308 11 0 6 0
E 2308 0 -1 -14
E 2308 1 -1 -14
E 2308 2 -1 -14
E 2308 3 -1 -14
E 2308 4 -1 -14
E 2308 5 2 18
T 2309 9 0 6 0
E 2309 0 -2 -18
E 2309 1 -2 -18
E 2309 2 -2 -18
E 2309 3 -2 -18
E 2309 4 -2 -18
E 2309 5 1 15
T 2310 17 0 1 0
E 2310 5 8 24
T 2311 12 0 6 0
E 2311 0 -2 -21
E 2311 1 -2 -21
E 2311 2 -2 -21
E 2311 3 -2 -21
E 2311 4 -2 -21
E 2311 5 1 13
T 2312 11 0 6 0
E 2312 0 -1 -14
E 2312 1 -1 -14
E 2312 2 -1 -14
E 2312 3 -1 -14
E 2312 4 -1 -14
E 2312 5 2 20
T 2313 10 0 6 0
E 2313 0 -2 -19
E 2313 1 -2 -19
E 2313 2 -2 -19
E 2313 3 -2 -19
E 2313 4 -2 -19
E 2313 5 1 16
T 2314 10 0 6 0
E 2314 0 -2 -18
E 2314 1 -2 -18
E 2314 2 -2 -18
E 2314 3 -2 -18
E 2314 4 -2 -18
E 2314 5 2 18
T 2315 15 0 1 0
E 2315 5 10 31
T 2316 13 0 6 0
E 2316 0 -2 -22
E 2316 1 -2 -22
E 2316 2 -2 -22
E 2316 3 -2 -22
E 2316 4 -2 -22
E 2316 5 1 15
T 2317 17 0 1 0
E 2317 5 9 29
T 2318 14 0 6 0
E 2318 0 -2 -23
E 2318 1 -2 -23
E 2318 2 -2 -23
E 2318 3 -2 -23
E 2318 4 -2 -23
E 2318 5 1 15
T 2319 13 0 6 0
E 2319 0 -2 -21
E 2319 1 -2 -21
E 2319 2 -2 -21
E 2319 3 -2 -21
E 2319 4 -2 -21
E 2319 5 2 18
T 2320 20 0 1 0
E 2320 5 9 28
T 2321 14 0 6 0
E 2321 0 -2 -23
E 2321 1 -2 -23
E 2321 2 -2 -23
E 2321 3 -2 -23
E 2321 4 -2 -23
E 2321 5 1 17
T 2322 19 0 1 0
E 2322 5 10 31
T 2323 14 0 6 0
E 2323 0 -2 -22
E 2323 1 -2 -22
E 2323 2 -2 -22
E 2323 3 -2 -22
E 2323 4 -2 -22
E 2323 5 2 19
T 2324 22 0 1 0
E 2324 5 10 30
T 2325 11 0 6 0
E 2325 0 -2 -19
E 2325 1 -2 -19
E 2325 2 -2 -19
E 2325 3 -2 -19
E 2325 4 -2 -19
E 2325 5 2 23
T 2326 14 0 6 0
E 2326 0 -1 -17
E 2326 1 -1 -17
E 2326 2 -1 -17
E 2326 3 -1 -17
E 2326 4 -1 -17
E 2326 5 2 26
T 2327 12 0 6 0
E 2327 0 -1 -14
E 2327 1 -1 -14
E 2327 2 -1 -14
E 2327 3 -1 -14
E 2327 4 -1 -14
E 2327 5 3 29
T 2328 21 0 1 0
E 2328 5 11 34
T 2329 17 0 6 0
E 2329 0 -2 -25
E 2329 1 -2 -25
E 2329 2 -2 -25
E 2329 3 -2 -25
E 2329 4 -2 -25
E 2329 5 2 20
T 2330 12 0 6 0
E 2330 0 -2 -20
E 2330 1 -2 -20
E 2330 2 -2 -20
E 2330 3 -2 -20
E 2330 4 -2 -20
E 2330 5 2 25
T 2331 21 0 1 0
E 2331 5 12 37
T 2332 15 0 6 0
E 2332 0 -1 -17
E 2332 1 -1 -17
E 2332 2 -1 -17
E 2332 3 -1 -17
E 2332 4 -1 -17
E 2332 5 3 29
T 2333 15 0 6 0
E 2333 0 -1 -17
E 2333 1 -1 -17
E 2333 2 -1 -17
E 2333 3 -1 -17
E 2333 4 -1 -17
E 2333 5 3 30
T 2334 24 0 1 0
E 2334 5 12 36
T 2335 14 0 6 0
E 2335 0 -2 -21
E 2335 1 -2 -21
E 2335 2 -2 -21
E 2335 3 -2 -21
E 2335 4 -2 -21
E 2335 5 3 27
T 2336 14 0 6 0
E 2336 0 -1 -16
E 2336 1 -1 -16
E 2336 2 -1 -16
E 2336 3 -1 -16
E 2336 4 -1 -16
E 2336 5 3 32
T 2337 14 0 6 0
E 2337 0 -1 -16
E 2337 1 -1 -16
E 2337 2 -1 -16
E 2337 3 -1 -16
E 2337 4 -1 -16
E 2337 5 3 32
T 2338 24 0 1 0
E 2338 5 12 36
T 2339 17 0 6 0
E 2339 0 -3 -30
E 2339 1 -3 -30
E 2339 2 -3 -30
E 2339 3 -3 -30
E 2339 4 -3 -30
E 2339 5 2 18
T 2340 14 0 6 0
E 2340 0 -2 -21
E 2340 1 -2 -21
E 2340 2 -2 -21
E 2340 3 -2 -21
E 2340 4 -2 -21
E 2340 5 3 27
T 2341 14 0 6 0
E 2341 0 -2 -22
E 2341 1 -2 -22
E 2341 2 -2 -22
E 2341 3 -2 -22
E 2341 4 -2 -22
E 2341 5 2 26
T 2342 12 0 6 0
E 2342 0 -2 -19
E 2342 1 -2 -19
E 2342 2 -2 -19
E 2342 3 -2 -19
E 2342 4 -2 -19
E 2342 5 3 29
T 2343 12 0 6 0
E 2343 0 -2 -19
E 2343 1 -2 -19
E 2343 2 -2 -19
E 2343 3 -2 -19
E 2343 4 -2 -19
E 2343 5 3 29
T 2344 12 0 6 0
E 2344 0 -1 -14
E 2344 1 -1 -14
E 2344 2 -1 -14
E 2344 3 -1 -14
E 2344 4 -1 -14
E 2344 5 3 34
T 2345 13 0 6 0
E 2345 0 -1 -15
E 2345 1 -1 -15
E 2345 2 -1 -15
E 2345 3 -1 -15
E 2345 4 -1 -15
E 2345 5 3 33
T 2346 12 0 6 0
E 2346 0 -2 -19
E 2346 1 -2 -19
E 2346 2 -2 -19
E 2346 3 -2 -19
E 2346 4 -2 -19
E 2346 5 3 29
T 2347 14 0 6 0
E 2347 0 -1 -16
E 2347 1 -1 -16
E 2347 2 -1 -16
E 2347 3 -1 -16
E 2347 4 -1 -16
E 2347 5 3 32
T 2348 12 0 6 0
E 2348 0 -2 -19
E 2348 1 -2 -19
E 2348 2 -2 -19
E 2348 3 -2 -19
E 2348 4 -2 -19
E 2348 5 3 29
T 2349 15 0 6 0
E 2349 0 -1 -17
E 2349 1 -1 -17
E 2349 2 -1 -17
E 2349 3 -1 -17
E 2349 4 -1 -17
E 2349 5 3 31
T 2350 11 0 6 0
E 2350 0 -1 -13
E 2350 1 -1 -13
E 2350 2 -1 -13
E 2350 3 -1 -13
E 2350 4 -1 -13
E 2350 5 3 35
T 2351 21 0 1 0
E 2351 5 13 40
T 2352 15 0 6 0
E 2352 0 -3 -28
E 2352 1 -3 -28
E 2352 2 -3 -28
E 2352 3 -3 -28
E 2352 4 -3 -28
E 2352 5 2 20
T 2353 15 0 6 0
E 2353 0 -2 -23
E 2353 1 -2 -23
E 2353 2 -2 -23
E 2353 3 -2 -23
E 2353 4 -2 -23
E 2353 5 2 25
T 2354 14 0 6 0
E 2354 0 -2 -22
E 2354 1 -2 -22
E 2354 2 -2 -22
E 2354 3 -2 -22
E 2354 4 -2 -22
E 2354 5 2 26
T 2355 12 0 6 0
E 2355 0 -1 -14
E 2355 1 -1 -14
E 2355 2 -1 -14
E 2355 3 -1 -14
E 2355 4 -1 -14
E 2355 5 3 34
T 2356 24 0 1 0
E 2356 5 12 36
T 2357 16 0 6 0
E 2357 0 -3 -29
E 2357 1 -3 -29
E 2357 2 -3 -29
E 2357 3 -3 -29
E 2357 4 -3 -29
E 2357 5 2 19
T 2358 13 0 6 0
E 2358 0 -2 -20
E 2358 1 -2 -20
E 2358 2 -2 -20
E 2358 3 -2 -20
E 2358 4 -2 -20
E 2358 5 3 28
T 2359 11 0 6 0
E 2359 0 -2 -18
E 2359 1 -2 -18
E 2359 2 -2 -18
E 2359 3 -2 -18
E 2359 4 -2 -18
E 2359 5 3 30
T 2360 22 0 1 0
E 2360 5 12 38
T 2361 12 0 6 0
E 2361 0 -2 -19
E 2361 1 -2 -19
E 2361 2 -2 -19
E 2361 3 -2 -19
E 2361 4 -2 -19
E 2361 5 3 29
T 2362 22 0 1 0
E 2362 5 13 39
T 2363 11 0 6 0
E 2363 0 -2 -18
E 2363 1 -2 -18
E 2363 2 -2 -18
E 2363 3 -2 -18
E 2363 4 -2 -18
E 2363 5 3 30
T 2364 21 0 1 0
E 2364 5 13 40
T 2365 18 0 6 0
E 2365 0 -2 -26
E 2365 1 -2 -26
E 2365 2 -2 -26
E 2365 3 -2 -26
E 2365 4 -2 -26
E 2365 5 2 22
T 2366 15 0 6 0
E 2366 0 -1 -17
E 2366 1 -1 -17
E 2366 2 -1 -17
E 2366 3 -1 -17
E 2366 4 -1 -17
E 2366 5 3 31
T 2367 14 0 6 0
E 2367 0 -2 -21
E 2367 1 -2 -21
E 2367 2 -2 -21
E 2367 3 -2 -21
E 2367 4 -2 -21
E 2367 5 3 27
T 2368 22 0 1 0
E 2368 5 12 38
T 2369 17 0 6 0
E 2369 0 -2 -25
E 2369 1 -2 -25
E 2369 2 -2 -25
E 2369 3 -2 -25
E 2369 4 -2 -25
E 2369 5 2 23
T 2370 15 0 6 0
E 2370 0 -2 -23
E 2370 1 -2 -23
E 2370 2 -2 -23
E 2370 3 -2 -23
E 2370 4 -2 -23
E 2370 5 2 25
T 2371 14 0 6 0
E 2371 0 -2 -22
E 2371 1 -2 -22
E 2371 2 -2 -22
E 2371 3 -2 -22
E 2371 4 -2 -22
E 2371 5 2 26
T 2372 22 0 1 0
E 2372 5 12 38
T 2373 18 0 6 0
E 2373 0 -2 -26
E 2373 1 -2 -26
E 2373 2 -2 -26
E 2373 3 -2 -26
E 2373 4 -2 -26
E 2373 5 2 22
T 2374 14 0 6 0
E 2374 0 -2 -22
E 2374 1 -2 -22
E 2374 2 -2 -22
E 2374 3 -2 -22
E 2374 4 -2 -22
E 2374 5 2 26
T 2375 22 0 1 0
E 2375 5 12 38
T 2376 14 0 6 0
E 2376 0 -3 -27
E 2376 1 -3 -27
E 2376 2 -3 -27
E 2376 3 -3 -27
E 2376 4 -3 -27
E 2376 5 2 21
T 2377 14 0 6 0
E 2377 0 -1 -16
E 2377 1 -1 -16
E 2377 2 -1 -16
E 2377 3 -1 -16
E 2377 4 -1 -16
E 2377 5 3 32
T 2378 24 0 1 0
E 2378 5 12 36
T 2379 17 0 6 0
E 2379 0 -2 -25
E 2379 1 -2 -25
E 2379 2 -2 -25
E 2379 3 -2 -25
E 2379 4 -2 -25
E 2379 5 2 23
T 2380 12 0 6 0
E 2380 0 -1 -14
E 2380 1 -1 -14
E 2380 2 -1 -14
E 2380 3 -1 -14
E 2380 4 -1 -14
E 2380 5 3 34
T 2381 21 0 1 0
E 2381 5 13 40
T 2382 11 0 6 0
E 2382 0 -2 -18
E 2382 1 -2 -18
E 2382 2 -2 -18
E 2382 3 -2 -18
E 2382 4 -2 -18
E 2382 5 3 30
T 2383 24 0 1 0
E 2383 5 12 36
T 2384 13 0 6 0
E 2384 0 -2 -20
E 2384 1 -2 -20
E 2384 2 -2 -20
E 2384 3 -2 -20
E 2384 4 -2 -20
E 2384 5 3 28
T 2385 11 0 6 0
E 2385 0 -1 -13
E 2385 1 -1 -13
E 2385 2 -1 -13
E 2385 3 -1 -13
E 2385 4 -1 -13
E 2385 5 3 35
T 2386 22 0 1 0
E 2386 5 12 38
T 2387 14 0 6 0
E 2387 0 -2 -22
E 2387 1 -2 -22
E 2387 2 -2 -22
E 2387 3 -2 -22
E 2387 4 -2 -22
E 2387 5 2 26
T 2388 13 0 6 0
E 2388 0 -2 -20
E 2388 1 -2 -20
E 2388 2 -2 -20
E 2388 3 -2 -20
E 2388 4 -2 -20
E 2388 5 3 28
T 2389 22 0 1 0
E 2389 5 13 39
T 2390 14 0 6 0
E 2390 0 -3 -27
E 2390 1 -3 -27
E 2390 2 -3 -27
E 2390 3 -3 -27
E 2390 4 -3 -27
E 2390 5 2 21
T 2391 14 0 6 0
E 2391 0 -2 -22
E 2391 1 -2 -22
E 2391 2 -2 -22
E 2391 3 -2 -22
E 2391 4 -2 -22
E 2391 5 2 26
T 2392 12 0 6 0
E 2392 0 -2 -19
E 2392 1 -2 -19
E 2392 2 -2 -19
E 2392 3 -2 -19
E 2392 4 -2 -19
E 2392 5 3 29
T 2393 13 0 6 0
E 2393 0 -1 -15
E 2393 1 -1 -15
E 2393 2 -1 -15
E 2393 3 -1 -15
E 2393 4 -1 -15
E 2393 5 3 33
T 2394 12 0 6 0
E 2394 0 -2 -19
E 2394 1 -2 -19
E 2394 2 -2 -19
E 2394 3 -2 -19
E 2394 4 -2 -19
E 2394 5 3 29
T 2395 11 0 6 0
E 2395 0 -1 -13
E 2395 1 -1 -13
E 2395 2 -1 -13
E 2395 3 -1 -13
E 2395 4 -1 -13
E 2395 5 3 35
T 2396 20 0 1 0
E 2396 5 13 41
T 2397 16 0 6 0
E 2397 0 -2 -24
E 2397 1 -2 -24
E 2397 2 -2 -24
E 2397 3 -2 -24
E 2397 4 -2 -24
E 2397 5 2 24
T 2398 24 0 1 0
E 2398 5 12 36
T 2399 14 0 6 0
E 2399 0 -2 -21
E 2399 1 -2 -21
E 2399 2 -2 -21
E 2399 3 -2 -21
E 2399 4 -2 -21
E 2399 5 3 27
T 2400 10 0 6 0
E 2400 0 3 28
E 2400 1 3 28
E 2400 2 3 28
E 2400 3 3 28
E 2400 4 3 28
E 2400 5 3 28
T 2401 8 0 0 0
T 2402 9 0 0 0
T 2403 7 0 0 0
T 2404 4 0 0 0
T 2405 6 0 1 0
E 2405 5 -5 -15
T 2406 12 0 0 0
T 2407 11 0 5 0
E 2407 0 1 16
E 2407 1 1 16
E 2407 2 1 16
E 2407 3 1 16
E 2407 4 1 16
T 2408 12 0 5 0
E 2408 0 1 17
E 2408 1 1 17
E 2408 2 1 17
E 2408 3 1 17
E 2408 4 1 17
T 2409 15 0 1 0
E 2409 5 -7 -21
T 2410 13 0 5 0
E 2410 0 2 23
E 2410 1 2 23
E 2410 2 2 23
E 2410 3 2 23
E 2410 4 2 23
T 2411 17 0 1 0
E 2411 5 -9 -27
T 2412 12 0 6 0
E 2412 0 1 15
E 2412 1 1 15
E 2412 2 1 15
E 2412 3 1 15
E 2412 4 1 15
E 2412 5 -2 -23
T 2413 13 0 6 0
E 2413 0 1 16
E 2413 1 1 16
E 2413 2 1 16
E 2413 3 1 16
E 2413 4 1 16
E 2413 5 -2 -25
T 2414 12 0 6 0
E 2414 0 1 14
E 2414 1 1 14
E 2414 2 1 14
E 2414 3 1 14
E 2414 4 1 14
E 2414 5 -3 -31
T 2415 13 0 6 0
E 2415 0 1 15
E 2415 1 1 15
E 2415 2 1 15
E 2415 3 1 15
E 2415 4 1 15
E 2415 5 -3 -33
T 2416 15 0 6 0
E 2416 0 1 17
E 2416 1 1 17
E 2416 2 1 17
E 2416 3 1 17
E 2416 4 1 17
E 2416 5 -3 -34
T 2417 14 0 6 0
E 2417 0 2 21
E 2417 1 2 21
E 2417 2 2 21
E 2417 3 2 21
E 2417 4 2 21
E 2417 5 -3 -33
T 2418 12 0 6 0
E 2418 0 1 13
E 2418 1 1 13
E 2418 2 1 13
E 2418 3 1 13
E 2418 4 1 13
E 2418 5 -4 -44
T 2419 28 0 1 0
E 2419 5 -16 -49
T 2420 20 0 6 0
E 2420 0 3 32
E 2420 1 3 32
E 2420 2 3 32
E 2420 3 3 32
E 2420 4 3 32
E 2420 5 -3 -32
T 2421 15 0 6 0
E 2421 0 2 20
E 2421 1 2 20
E 2421 2 2 20
E 2421 3 2 20
E 2421 4 2 20
E 2421 5 -5 -47
T 2422 14 0 6 0
E 2422 0 1 13
E 2422 1 1 13
E 2422 2 1 13
E 2422 3 1 13
E 2422 4 1 13
E 2422 5 -6 -57
T 2423 31 0 1 0
E 2423 5 -21 -63
T 2424 20 0 6 0
E 2424 0 4 36
E 2424 1 4 36
E 2424 2 4 36
E 2424 3 4 36
E 2424 4 4 36
E 2424 5 -4 -41
T 2425 17 0 6 0
E 2425 0 2 21
E 2425 1 2 21
E 2425 2 2 21
E 2425 3 2 21
E 2425 4 2 21
E 2425 5 -6 -59
T 2426 17 0 6 0
E 2426 0 2 20
E 2426 1 2 20
E 2426 2 2 20
E 2426 3 2 20
E 2426 4 2 20
E 2426 5 -7 -63
T 2427 19 0 6 0
E 2427 0 1 17
E 2427 1 1 17
E 2427 2 1 17
E 2427 3 1 17
E 2427 4 1 17
E 2427 5 -7 -69
T 2428 17 0 6 0
E 2428 0 1 14
E 2428 1 1 14
E 2428 2 1 14
E 2428 3 1 14
E 2428 4 1 14
E 2428 5 -8 -75
T 2429 16 0 6 0
E 2429 0 2 18
E 2429 1 2 18
E 2429 2 2 18
E 2429 3 2 18
E 2429 4 2 18
E 2429 5 -8 -75
T 2430 15 0 6 0
E 2430 0 1 17
E 2430 1 1 17
E 2430 2 1 17
E 2430 3 1 17
E 2430 4 1 17
E 2430 5 -3 -31
T 2431 14 0 6 0
E 2431 0 1 16
E 2431 1 1 16
E 2431 2 1 16
E 2431 3 1 16
E 2431 4 1 16
E 2431 5 -3 -32
T 2432 23 0 1 0
E 2432 5 -12 -37
T 2433 11 0 6 0
E 2433 0 2 18
E 2433 1 2 18
E 2433 2 2 18
E 2433 3 2 18
E 2433 4 2 18
E 2433 5 -3 -30
T 2434 12 0 6 0
E 2434 0 2 19
E 2434 1 2 19
E 2434 2 2 19
E 2434 3 2 19
E 2434 4 2 19
E 2434 5 -3 -29
T 2435 22 0 1 0
E 2435 5 -12 -38
T 2436 18 0 6 0
E 2436 0 2 26
E 2436 1 2 26
E 2436 2 2 26
E 2436 3 2 26
E 2436 4 2 26
E 2436 5 -2 -22
T 2437 14 0 6 0
E 2437 0 2 21
E 2437 1 2 21
E 2437 2 2 21
E 2437 3 2 21
E 2437 4 2 21
E 2437 5 -3 -27
T 2438 23 0 1 0
E 2438 5 -12 -37
T 2439 14 0 6 0
E 2439 0 2 21
E 2439 1 2 21
E 2439 2 2 21
E 2439 3 2 21
E 2439 4 2 21
E 2439 5 -3 -27
T 2440 11 0 6 0
E 2440 0 1 13
E 2440 1 1 13
E 2440 2 1 13
E 2440 3 1 13
E 2440 4 1 13
E 2440 5 -3 -35
T 2441 20 0 1 0
E 2441 5 -14 -42
T 2442 14 0 6 0
E 2442 0 3 27
E 2442 1 3 27
E 2442 2 3 27
E 2442 3 3 27
E 2442 4 3 27
E 2442 5 -2 -21
T 2443 23 0 1 0
E 2443 5 -12 -37
T 2444 15 0 6 0
E 2444 0 2 23
E 2444 1 2 23
E 2444 2 2 23
E 2444 3 2 23
E 2444 4 2 23
E 2444 5 -2 -25
T 2445 14 0 6 0
E 2445 0 2 21
E 2445 1 2 21
E 2445 2 2 21
E 2445 3 2 21
E 2445 4 2 21
E 2445 5 -3 -27
T 2446 12 0 6 0
E 2446 0 1 14
E 2446 1 1 14
E 2446 2 1 14
E 2446 3 1 14
E 2446 4 1 14
E 2446 5 -3 -34
T 2447 15 0 6 0
E 2447 0 1 17
E 2447 1 1 17
E 2447 2 1 17
E 2447 3 1 17
E 2447 4 1 17
E 2447 5 -3 -31
T 2448 15 0 6 0
E 2448 0 1 17
E 2448 1 1 17
E 2448 2 1 17
E 2448 3 1 17
E 2448 4 1 17
E 2448 5 -3 -31
T 2449 15 0 6 0
E 2449 0 2 23
E 2449 1 2 23
E 2449 2 2 23
E 2449 3 2 23
E 2449 4 2 23
E 2449 5 -2 -25
T 2450 13 0 6 0
E 2450 0 1 15
E 2450 1 1 15
E 2450 2 1 15
E 2450 3 1 15
E 2450 4 1 15
E 2450 5 -3 -33
T 2451 11 0 6 0
E 2451 0 1 13
E 2451 1 1 13
E 2451 2 1 13
E 2451 3 1 13
E 2451 4 1 13
E 2451 5 -3 -35
T 2452 11 0 6 0
E 2452 0 1 13
E 2452 1 1 13
E 2452 2 1 13
E 2452 3 1 13
E 2452 4 1 13
E 2452 5 -3 -35
T 2453 23 0 1 0
E 2453 5 -12 -37
T 2454 17 0 6 0
E 2454 0 2 25
E 2454 1 2 25
E 2454 2 2 25
E 2454 3 2 25
E 2454 4 2 25
E 2454 5 -2 -23
T 2455 13 0 6 0
E 2455 0 1 15
E 2455 1 1 15
E 2455 2 1 15
E 2455 3 1 15
E 2455 4 1 15
E 2455 5 -3 -33
T 2456 15 0 6 0
E 2456 0 1 17
E 2456 1 1 17
E 2456 2 1 17
E 2456 3 1 17
E 2456 4 1 17
E 2456 5 -3 -31
T 2457 12 0 6 0
E 2457 0 1 14
E 2457 1 1 14
E 2457 2 1 14
E 2457 3 1 14
E 2457 4 1 14
E 2457 5 -3 -34
T 2458 12 0 6 0
E 2458 0 2 19
E 2458 1 2 19
E 2458 2 2 19
E 2458 3 2 19
E 2458 4 2 19
E 2458 5 -3 -29
T 2459 23 0 1 0
E 2459 5 -12 -37
T 2460 16 0 6 0
E 2460 0 3 29
E 2460 1 3 29
E 2460 2 3 29
E 2460 3 3 29
E 2460 4 3 29
E 2460 5 -2 -19
T 2461 11 0 6 0
E 2461 0 2 18
E 2461 1 2 18
E 2461 2 2 18
E 2461 3 2 18
E 2461 4 2 18
E 2461 5 -3 -30
T 2462 23 0 1 0
E 2462 5 -12 -37
T 2463 12 0 6 0
E 2463 0 2 19
E 2463 1 2 19
E 2463 2 2 19
E 2463 3 2 19
E 2463 4 2 19
E 2463 5 -3 -29
T 2464 11 0 6 0
E 2464 0 1 13
E 2464 1 1 13
E 2464 2 1 13
E 2464 3 1 13
E 2464 4 1 13
E 2464 5 -3 -35
T 2465 24 0 1 0
E 2465 5 -12 -36
T 2466 12 0 6 0
E 2466 0 2 19
E 2466 1 2 19
E 2466 2 2 19
E 2466 3 2 19
E 2466 4 2 19
E 2466 5 -3 -29
T 2467 12 0 6 0
E 2467 0 1 14
E 2467 1 1 14
E 2467 2 1 14
E 2467 3 1 14
E 2467 4 1 14
E 2467 5 -3 -34
T 2468 11 0 6 0
E 2468 0 2 18
E 2468 1 2 18
E 2468 2 2 18
E 2468 3 2 18
E 2468 4 2 18
E 2468 5 -3 -30
T 2469 11 0 6 0
E 2469 0 1 13
E 2469 1 1 13
E 2469 2 1 13
E 2469 3 1 13
E 2469 4 1 13
E 2469 5 -3 -35
T 2470 22 0 1 0
E 2470 5 -13 -39
T 2471 13 0 6 0
E 2471 0 2 20
E 2471 1 2 20
E 2471 2 2 20
E 2471 3 2 20
E 2471 4 2 20
E 2471 5 -3 -28
T 2472 11 0 6 0
E 2472 0 2 18
E 2472 1 2 18
E 2472 2 2 18
E 2472 3 2 18
E 2472 4 2 18
E 2472 5 -3 -30
T 2473 22 0 1 0
E 2473 5 -12 -38
T 2474 17 0 6 0
E 2474 0 2 25
E 2474 1 2 25
E 2474 2 2 25
E 2474 3 2 25
E 2474 4 2 25
E 2474 5 -2 -23
T 2475 12 0 6 0
E 2475 0 2 19
E 2475 1 2 19
E 2475 2 2 19
E 2475 3 2 19
E 2475 4 2 19
E 2475 5 -3 -29
T 2476 11 0 6 0
E 2476 0 2 18
E 2476 1 2 18
E 2476 2 2 18
E 2476 3 2 18
E 2476 4 2 18
E 2476 5 -3 -30
T 2477 22 0 1 0
E 2477 5 -12 -38
T 2478 14 0 6 0
E 2478 0 2 22
E 2478 1 2 22
E 2478 2 2 22
E 2478 3 2 22
E 2478 4 2 22
E 2478 5 -2 -26
T 2479 24 0 1 0
E 2479 5 -12 -36
T 2480 16 0 6 0
E 2480 0 3 29
E 2480 1 3 29
E 2480 2 3 29
E 2480 3 3 29
E 2480 4 3 29
E 2480 5 -2 -19
T 2481 11 0 6 0
E 2481 0 1 13
E 2481 1 1 13
E 2481 2 1 13
E 2481 3 1 13
E 2481 4 1 13
E 2481 5 -3 -35
T 2482 23 0 1 0
E 2482 5 -12 -37
T 2483 16 0 6 0
E 2483 0 2 24
E 2483 1 2 24
E 2483 2 2 24
E 2483 3 2 24
E 2483 4 2 24
E 2483 5 -2 -24
T 2484 11 0 6 0
E 2484 0 1 13
E 2484 1 1 13
E 2484 2 1 13
E 2484 3 1 13
E 2484 4 1 13
E 2484 5 -3 -35
T 2485 15 0 6 0
E 2485 0 1 17
E 2485 1 1 17
E 2485 2 1 17
E 2485 3 1 17
E 2485 4 1 17
E 2485 5 -3 -31
T 2486 13 0 6 0
E 2486 0 2 20
E 2486 1 2 20
E 2486 2 2 20
E 2486 3 2 20
E 2486 4 2 20
E 2486 5 -3 -28
T 2487 12 0 6 0
E 2487 0 1 14
E 2487 1 1 14
E 2487 2 1 14
E 2487 3 1 14
E 2487 4 1 14
E 2487 5 -3 -34
T 2488 21 0 1 0
E 2488 5 -13 -40
T 2489 14 0 6 0
E 2489 0 3 27
E 2489 1 3 27
E 2489 2 3 27
E 2489 3 3 27
E 2489 4 3 27
E 2489 5 -2 -21
T 2490 24 0 1 0
E 2490 5 -12 -36
T 2491 17 0 6 0
E 2491 0 3 30
E 2491 1 3 30
E 2491 2 3 30
E 2491 3 3 30
E 2491 4 3 30
E 2491 5 -2 -18
T 2492 15 0 6 0
E 2492 0 1 17
E 2492 1 1 17
E 2492 2 1 17
E 2492 3 1 17
E 2492 4 1 17
E 2492 5 -3 -31
T 2493 14 0 6 0
E 2493 0 2 22
E 2493 1 2 22
E 2493 2 2 22
E 2493 3 2 22
E 2493 4 2 22
E 2493 5 -2 -26
T 2494 14 0 6 0
E 2494 0 1 16
E 2494 1 1 16
E 2494 2 1 16
E 2494 3 1 16
E 2494 4 1 16
E 2494 5 -3 -32
T 2495 22 0 1 0
E 2495 5 -12 -38
T 2496 12 0 6 0
E 2496 0 2 19
E 2496 1 2 19
E 2496 2 2 19
E 2496 3 2 19
E 2496 4 2 19
E 2496 5 -3 -29
T 2497 19 0 1 0
E 2497 5 -12 -38
T 2498 11 0 6 0
E 2498 0 1 13
E 2498 1 1 13
E 2498 2 1 13
E 2498 3 1 13
E 2498 4 1 13
E 2498 5 -3 -30
T 2499 12 0 6 0
E 2499 0 1 15
E 2499 1 1 15
E 2499 2 1 15
E 2499 3 1 15
E 2499 4 1 15
E 2499 5 -2 -25
T 2500 19 0 1 0
E 2500 5 -8 -26
T 2501 11 0 6 0
E 2501 0 2 20
E 2501 1 2 20
E 2501 2 2 20
E 2501 3 2 20
E 2501 4 2 20
E 2501 5 -1 -15
T 2502 17 0 1 0
E 2502 5 -7 -22
T 2503 17 0 1 0
E 2503 5 -6 -19
T 2504 11 0 5 0
E 2504 0 2 21
E 2504 1 2 21
E 2504 2 2 21
E 2504 3 2 21
E 2504 4 2 21
T 2505 13 0 1 0
E 2505 5 -5 -16
T 2506 9 0 5 0
E 2506 0 1 14
E 2506 1 1 14
E 2506 2 1 14
E 2506 3 1 14
E 2506 4 1 14
T 2507 9 0 1 0
E 2507 5 -4 -14
T 2508 8 0 1 0
E 2508 5 -4 -13
T 2509 5 0 1 0
E 2509 5 -4 -13
T 2510 2 0 0 0
T 2511 2 0 0 0
T 2512 2 0 0 0
T 2513 0 0 0 0
T 2514 4 0 0 0
T 2515 11 0 0 0
T 2516 8 0 0 0
T 2517 12 0 0 0
T 2518 8 0 5 0
E 2518 0 -1 -13
E 2518 1 -1 -13
E 2518 2 -1 -13
E 2518 3 -1 -13
E 2518 4 -1 -13
T 2519 3 0 0 0
T 2520 8 0 0 0
T 2521 9 0 5 0
E 2521 0 -1 -14
E 2521 1 -1 -14
E 2521 2 -1 -14
E 2521 3 -1 -14
E 2521 4 -1 -14
T 2522 9 0 5 0
E 2522 0 -1 -14
E 2522 1 -1 -14
E 2522 2 -1 -14
E 2522 3 -1 -14
E 2522 4 -1 -14
T 2523 12 0 1 0
E 2523 5 5 15
T 2524 15 0 1 0
E 2524 5 4 14
T 2525 10 0 5 0
E 2525 0 -2 -20
E 2525 1 -2 -20
E 2525 2 -2 -20
E 2525 3 -2 -20
E 2525 4 -2 -20
T 2526 16 0 1 0
E 2526 5 7 21
T 2527 18 0 1 0
E 2527 5 6 18
T 2528 10 0 6 0
E 2528 0 -1 -14
E 2528 1 -1 -14
E 2528 2 -1 -14
E 2528 3 -1 -14
E 2528 4 -1 -14
E 2528 5 1 16
T 2529 10 0 6 0
E 2529 0 -1 -14
E 2529 1 -1 -14
E 2529 2 -1 -14
E 2529 3 -1 -14
E 2529 4 -1 -14
E 2529 5 1 16
T 2530 18 0 1 0
E 2530 5 6 18
T 2531 12 0 6 0
E 2531 0 -1 -16
E 2531 1 -1 -16
E 2531 2 -1 -16
E 2531 3 -1 -16
E 2531 4 -1 -16
E 2531 5 1 14
T 2532 12 0 6 0
E 2532 0 -1 -16
E 2532 1 -1 -16
E 2532 2 -1 -16
E 2532 3 -1 -16
E 2532 4 -1 -16
E 2532 5 1 14
T 2533 9 0 6 0
E 2533 0 -1 -13
E 2533 1 -1 -13
E 2533 2 -1 -13
E 2533 3 -1 -13
E 2533 4 -1 -13
E 2533 5 1 17
T 2534 11 0 6 0
E 2534 0 -1 -15
E 2534 1 -1 -15
E 2534 2 -1 -15
E 2534 3 -1 -15
E 2534 4 -1 -15
E 2534 5 1 15
T 2535 14 0 1 0
E 2535 5 8 24
T 2536 13 0 6 0
E 2536 0 -1 -17
E 2536 1 -1 -17
E 2536 2 -1 -17
E 2536 3 -1 -17
E 2536 4 -1 -17
E 2536 5 1 13
T 2537 10 0 6 0
E 2537 0 -1 -14
E 2537 1 -1 -14
E 2537 2 -1 -14
E 2537 3 -1 -14
E 2537 4 -1 -14
E 2537 5 1 16
T 2538 13 0 6 0
E 2538 0 -1 -17
E 2538 1 -1 -17
E 2538 2 -1 -17
E 2538 3 -1 -17
E 2538 4 -1 -17
E 2538 5 1 13
T 2539 11 0 6 0
E 2539 0 -1 -15
E 2539 1 -1 -15
E 2539 2 -1 -15
E 2539 3 -1 -15
E 2539 4 -1 -15
E 2539 5 1 15
T 2540 14 0 1 0
E 2540 5 7 23
T 2541 16 0 1 0
E 2541 5 6 20
T 2542 9 0 5 0
E 2542 0 -2 -19
E 2542 1 -2 -19
E 2542 2 -2 -19
E 2542 3 -2 -19
E 2542 4 -2 -19
T 2543 16 0 1 0
E 2543 5 6 20
T 2544 9 0 6 0
E 2544 0 -1 -13
E 2544 1 -1 -13
E 2544 2 -1 -13
E 2544 3 -1 -13
E 2544 4 -1 -13
E 2544 5 1 17
T 2545 16 0 1 0
E 2545 5 6 20
T 2546 10 0 5 0
E 2546 0 -2 -20
E 2546 1 -2 -20
E 2546 2 -2 -20
E 2546 3 -2 -20
E 2546 4 -2 -20
T 2547 15 0 1 0
E 2547 5 7 23
T 2548 10 0 5 0
E 2548 0 -2 -20
E 2548 1 -2 -20
E 2548 2 -2 -20
E 2548 3 -2 -20
E 2548 4 -2 -20
T 2549 9 0 6 0
E 2549 0 -2 -18
E 2549 1 -2 -18
E 2549 2 -2 -18
E 2549 3 -2 -18
E 2549 4 -2 -18
E 2549 5 1 15
T 2550 19 0 1 0
E 2550 5 7 21
T 2551 11 0 6 0
E 2551 0 -2 -20
E 2551 1 -2 -20
E 2551 2 -2 -20
E 2551 3 -2 -20
E 2551 4 -2 -20
E 2551 5 1 14
T 2552 17 0 1 0
E 2552 5 8 25
T 2553 15 0 5 0
E 2553 0 -2 -25
E 2553 1 -2 -25
E 2553 2 -2 -25
E 2553 3 -2 -25
E 2553 4 -2 -25
T 2554 11 0 6 0
E 2554 0 -2 -20
E 2554 1 -2 -20
E 2554 2 -2 -20
E 2554 3 -2 -20
E 2554 4 -2 -20
E 2554 5 1 16
T 2555 16 0 1 0
E 2555 5 9 29
T 2556 10 0 6 0
E 2556 0 -2 -18
E 2556 1 -2 -18
E 2556 2 -2 -18
E 2556 3 -2 -18
E 2556 4 -2 -18
E 2556 5 2 19
T 2557 12 0 6 0
E 2557 0 -1 -15
E 2557 1 -1 -15
E 2557 2 -1 -15
E 2557 3 -1 -15
E 2557 4 -1 -15
E 2557 5 2 22
T 2558 11 0 6 0
E 2558 0 -1 -14
E 2558 1 -1 -14
E 2558 2 -1 -14
E 2558 3 -1 -14
E 2558 4 -1 -14
E 2558 5 2 24
T 2559 21 0 1 0
E 2559 5 9 27
T 2560 16 0 6 0
E 2560 0 -2 -25
E 2560 1 -2 -25
E 2560 2 -2 -25
E 2560 3 -2 -25
E 2560 4 -2 -25
E 2560 5 1 14
T 2561 14 0 6 0
E 2561 0 -2 -23
E 2561 1 -2 -23
E 2561 2 -2 -23
E 2561 3 -2 -23
E 2561 4 -2 -23
E 2561 5 1 17
T 2562 20 0 1 0
E 2562 5 9 29
T 2563 14 0 6 0
E 2563 0 -2 -22
E 2563 1 -2 -22
E 2563 2 -2 -22
E 2563 3 -2 -22
E 2563 4 -2 -22
E 2563 5 2 19
T 2564 14 0 6 0
E 2564 0 -1 -17
E 2564 1 -1 -17
E 2564 2 -1 -17
E 2564 3 -1 -17
E 2564 4 -1 -17
E 2564 5 2 25
T 2565 13 0 6 0
E 2565 0 -1 -15
E 2565 1 -1 -15
E 2565 2 -1 -15
E 2565 3 -1 -15
E 2565 4 -1 -15
E 2565 5 3 27
T 2566 22 0 1 0
E 2566 5 10 31
T 2567 11 0 6 0
E 2567 0 -2 -19
E 2567 1 -2 -19
E 2567 2 -2 -19
E 2567 3 -2 -19
E 2567 4 -2 -19
E 2567 5 2 24
T 2568 11 0 6 0
E 2568 0 -2 -19
E 2568 1 -2 -19
E 2568 2 -2 -19
E 2568 3 -2 -19
E 2568 4 -2 -19
E 2568 5 2 25
T 2569 23 0 1 0
E 2569 5 11 33
T 2570 17 0 6 0
E 2570 0 -2 -25
E 2570 1 -2 -25
E 2570 2 -2 -25
E 2570 3 -2 -25
E 2570 4 -2 -25
E 2570 5 2 20
T 2571 12 0 6 0
E 2571 0 -1 -14
E 2571 1 -1 -14
E 2571 2 -1 -14
E 2571 3 -1 -14
E 2571 4 -1 -14
E 2571 5 3 32
T 2572 13 0 6 0
E 2572 0 -1 -15
E 2572 1 -1 -15
E 2572 2 -1 -15
E 2572 3 -1 -15
E 2572 4 -1 -15
E 2572 5 3 31
T 2573 14 0 6 0
E 2573 0 -1 -16
E 2573 1 -1 -16
E 2573 2 -1 -16
E 2573 3 -1 -16
E 2573 4 -1 -16
E 2573 5 3 31
T 2574 12 0 6 0
E 2574 0 -2 -19
E 2574 1 -2 -19
E 2574 2 -2 -19
E 2574 3 -2 -19
E 2574 4 -2 -19
E 2574 5 3 29
T 2575 15 0 6 0
E 2575 0 -1 -17
E 2575 1 -1 -17
E 2575 2 -1 -17
E 2575 3 -1 -17
E 2575 4 -1 -17
E 2575 5 3 31
T 2576 13 0 6 0
E 2576 0 -1 -15
E 2576 1 -1 -15
E 2576 2 -1 -15
E 2576 3 -1 -15
E 2576 4 -1 -15
E 2576 5 3 33
T 2577 22 0 1 0
E 2577 5 13 39
T 2578 12 0 6 0
E 2578 0 -2 -19
E 2578 1 -2 -19
E 2578 2 -2 -19
E 2578 3 -2 -19
E 2578 4 -2 -19
E 2578 5 3 29
T 2579 12 0 6 0
E 2579 0 -2 -19
E 2579 1 -2 -19
E 2579 2 -2 -19
E 2579 3 -2 -19
E 2579 4 -2 -19
E 2579 5 3 29
T 2580 11 0 6 0
E 2580 0 -2 -18
E 2580 1 -2 -18
E 2580 2 -2 -18
E 2580 3 -2 -18
E 2580 4 -2 -18
E 2580 5 3 30
T 2581 23 0 1 0
E 2581 5 12 37
T 2582 13 0 6 0
E 2582 0 -2 -20
E 2582 1 -2 -20
E 2582 2 -2 -20
E 2582 3 -2 -20
E 2582 4 -2 -20
E 2582 5 3 28
T 2583 14 0 6 0
E 2583 0 -2 -21
E 2583 1 -2 -21
E 2583 2 -2 -21
E 2583 3 -2 -21
E 2583 4 -2 -21
E 2583 5 3 27
T 2584 12 0 6 0
E 2584 0 -1 -14
E 2584 1 -1 -14
E 2584 2 -1 -14
E 2584 3 -1 -14
E 2584 4 -1 -14
E 2584 5 3 34
T 2585 21 0 1 0
E 2585 5 13 40
T 2586 15 0 6 0
E 2586 0 -2 -23
E 2586 1 -2 -23
E 2586 2 -2 -23
E 2586 3 -2 -23
E 2586 4 -2 -23
E 2586 5 2 25
T 2587 12 0 6 0
E 2587 0 -1 -14
E 2587 1 -1 -14
E 2587 2 -1 -14
E 2587 3 -1 -14
E 2587 4 -1 -14
E 2587 5 3 34
T 2588 13 0 6 0
E 2588 0 -2 -20
E 2588 1 -2 -20
E 2588 2 -2 -20
E 2588 3 -2 -20
E 2588 4 -2 -20
E 2588 5 3 28
T 2589 13 0 6 0
E 2589 0 -2 -20
E 2589 1 -2 -20
E 2589 2 -2 -20
E 2589 3 -2 -20
E 2589 4 -2 -20
E 2589 5 3 28
T 2590 11 0 6 0
E 2590 0 -1 -13
E 2590 1 -1 -13
E 2590 2 -1 -13
E 2590 3 -1 -13
E 2590 4 -1 -13
E 2590 5 3 35
T 2591 13 0 6 0
E 2591 0 -1 -15
E 2591 1 -1 -15
E 2591 2 -1 -15
E 2591 3 -1 -15
E 2591 4 -1 -15
E 2591 5 3 33
T 2592 12 0 6 0
E 2592 0 -1 -14
E 2592 1 -1 -14
E 2592 2 -1 -14
E 2592 3 -1 -14
E 2592 4 -1 -14
E 2592 5 3 34
T 2593 22 0 1 0
E 2593 5 12 38
T 2594 17 0 6 0
E 2594 0 -2 -25
E 2594 1 -2 -25
E 2594 2 -2 -25
E 2594 3 -2 -25
E 2594 4 -2 -25
E 2594 5 2 23
T 2595 13 0 6 0
E 2595 0 -2 -20
E 2595 1 -2 -20
E 2595 2 -2 -20
E 2595 3 -2 -20
E 2595 4 -2 -20
E 2595 5 3 28
T 2596 13 0 6 0
E 2596 0 -2 -20
E 2596 1 -2 -20
E 2596 2 -2 -20
E 2596 3 -2 -20
E 2596 4 -2 -20
E 2596 5 3 28
T 2597 22 0 1 0
E 2597 5 12 38
T 2598 17 0 6 0
E 2598 0 -2 -25
E 2598 1 -2 -25
E 2598 2 -2 -25
E 2598 3 -2 -25
E 2598 4 -2 -25
E 2598 5 2 23
T 2599 15 0 6 0
E 2599 0 -1 -17
E 2599 1 -1 -17
E 2599 2 -1 -17
E 2599 3 -1 -17
E 2599 4 -1 -17
E 2599 5 3 31
T 2600 11 0 6 0
E 2600 0 -1 -13
E 2600 1 -1 -13
E 2600 2 -1 -13
E 2600 3 -1 -13
E 2600 4 -1 -13
E 2600 5 3 35
T 2601 21 0 1 0
E 2601 5 13 40
T 2602 14 0 6 0
E 2602 0 -3 -27
E 2602 1 -3 -27
E 2602 2 -3 -27
E 2602 3 -3 -27
E 2602 4 -3 -27
E 2602 5 2 21
T 2603 14 0 6 0
E 2603 0 -1 -16
E 2603 1 -1 -16
E 2603 2 -1 -16
E 2603 3 -1 -16
E 2603 4 -1 -16
E 2603 5 3 32
T 2604 11 0 6 0
E 2604 0 -2 -18
E 2604 1 -2 -18
E 2604 2 -2 -18
E 2604 3 -2 -18
E 2604 4 -2 -18
E 2604 5 3 30
T 2605 22 0 1 0
E 2605 5 12 38
T 2606 18 0 6 0
E 2606 0 -2 -26
E 2606 1 -2 -26
E 2606 2 -2 -26
E 2606 3 -2 -26
E 2606 4 -2 -26
E 2606 5 2 22
T 2607 17 0 6 0
E 2607 0 -2 -25
E 2607 1 -2 -25
E 2607 2 -2 -25
E 2607 3 -2 -25
E 2607 4 -2 -25
E 2607 5 2 23
T 2608 13 0 6 0
E 2608 0 -1 -15
E 2608 1 -1 -15
E 2608 2 -1 -15
E 2608 3 -1 -15
E 2608 4 -1 -15
E 2608 5 3 33
T 2609 22 0 1 0
E 2609 5 13 39
T 2610 17 0 6 0
E 2610 0 -2 -25
E 2610 1 -2 -25
E 2610 2 -2 -25
E 2610 3 -2 -25
E 2610 4 -2 -25
E 2610 5 2 23
T 2611 12 0 6 0
E 2611 0 -2 -19
E 2611 1 -2 -19
E 2611 2 -2 -19
E 2611 3 -2 -19
E 2611 4 -2 -19
E 2611 5 3 29
T 2612 22 0 1 0
E 2612 5 12 38
T 2613 12 0 6 0
E 2613 0 -2 -19
E 2613 1 -2 -19
E 2613 2 -2 -19
E 2613 3 -2 -19
E 2613 4 -2 -19
E 2613 5 3 29
T 2614 22 0 1 0
E 2614 5 13 39
T 2615 13 0 6 0
E 2615 0 -2 -20
E 2615 1 -2 -20
E 2615 2 -2 -20
E 2615 3 -2 -20
E 2615 4 -2 -20
E 2615 5 3 28
T 2616 24 0 1 0
E 2616 5 12 36
T 2617 17 0 6 0
E 2617 0 -3 -31
E 2617 1 -3 -31
E 2617 2 -3 -31
E 2617 3 -3 -31
E 2617 4 -3 -31
E 2617 5 1 17
T 2618 16 0 6 0
E 2618 0 -2 -24
E 2618 1 -2 -24
E 2618 2 -2 -24
E 2618 3 -2 -24
E 2618 4 -2 -24
E 2618 5 2 24
T 2619 12 0 6 0
E 2619 0 -2 -19
E 2619 1 -2 -19
E 2619 2 -2 -19
E 2619 3 -2 -19
E 2619 4 -2 -19
E 2619 5 3 29
T 2620 23 0 1 0
E 2620 5 12 37
T 2621 15 0 6 0
E 2621 0 -3 -28
E 2621 1 -3 -28
E 2621 2 -3 -28
E 2621 3 -3 -28
E 2621 4 -3 -28
E 2621 5 2 20
T 2622 12 0 6 0
E 2622 0 -2 -19
E 2622 1 -2 -19
E 2622 2 -2 -19
E 2622 3 -2 -19
E 2622 4 -2 -19
E 2622 5 3 29
T 2623 13 0 6 0
E 2623 0 -2 -20
E 2623 1 -2 -20
E 2623 2 -2 -20
E 2623 3 -2 -20
E 2623 4 -2 -20
E 2623 5 3 28
T 2624 15 0 6 0
E 2624 0 -1 -17
E 2624 1 -1 -17
E 2624 2 -1 -17
E 2624 3 -1 -17
E 2624 4 -1 -17
E 2624 5 3 31
T 2625 23 0 1 0
E 2625 5 12 37
T 2626 14 0 6 0
E 2626 0 -3 -27
E 2626 1 -3 -27
E 2626 2 -3 -27
E 2626 3 -3 -27
E 2626 4 -3 -27
E 2626 5 2 21
T 2627 14 0 6 0
E 2627 0 -2 -21
E 2627 1 -2 -21
E 2627 2 -2 -21
E 2627 3 -2 -21
E 2627 4 -2 -21
E 2627 5 3 27
T 2628 15 0 6 0
E 2628 0 -1 -17
E 2628 1 -1 -17
E 2628 2 -1 -17
E 2628 3 -1 -17
E 2628 4 -1 -17
E 2628 5 3 31
T 2629 14 0 6 0
E 2629 0 -2 -22
E 2629 1 -2 -22
E 2629 2 -2 -22
E 2629 3 -2 -22
E 2629 4 -2 -22
E 2629 5 2 26
T 2630 13 0 6 0
E 2630 0 -2 -20
E 2630 1 -2 -20
E 2630 2 -2 -20
E 2630 3 -2 -20
E 2630 4 -2 -20
E 2630 5 3 28
T 2631 22 0 1 0
E 2631 5 13 39
T 2632 17 0 6 0
E 2632 0 -2 -25
E 2632 1 -2 -25
E 2632 2 -2 -25
E 2632 3 -2 -25
E 2632 4 -2 -25
E 2632 5 2 23
T 2633 17 0 6 0
E 2633 0 -2 -25
E 2633 1 -2 -25
E 2633 2 -2 -25
E 2633 3 -2 -25
E 2633 4 -2 -25
E 2633 5 2 23
T 2634 14 0 6 0
E 2634 0 -1 -16
E 2634 1 -1 -16
E 2634 2 -1 -16
E 2634 3 -1 -16
E 2634 4 -1 -16
E 2634 5 3 32
T 2635 11 0 6 0
E 2635 0 -1 -13
E 2635 1 -1 -13
E 2635 2 -1 -13
E 2635 3 -1 -13
E 2635 4 -1 -13
E 2635 5 3 35
T 2636 24 0 1 0
E 2636 5 12 36
T 2637 16 0 6 0
E 2637 0 -3 -29
E 2637 1 -3 -29
E 2637 2 -3 -29
E 2637 3 -3 -29
E 2637 4 -3 -29
E 2637 5 2 19
T 2638 11 0 6 0
E 2638 0 -2 -18
E 2638 1 -2 -18
E 2638 2 -2 -18
E 2638 3 -2 -18
E 2638 4 -2 -18
E 2638 5 3 30
T 2639 22 0 1 0
E 2639 5 12 38
T 2640 13 0 6 0
E 2640 0 3 31
E 2640 1 3 31
E 2640 2 3 31
E 2640 3 3 31
E 2640 4 3 31
E 2640 5 3 31
T 2641 10 0 0 0
T 2642 11 0 5 0
E 2642 0 1 16
E 2642 1 1 16
E 2642 2 1 16
E 2642 3 1 16
E 2642 4 1 16
T 2643 8 0 5 0
E 2643 0 1 13
E 2643 1 1 13
E 2643 2 1 13
E 2643 3 1 13
E 2643 4 1 13
T 2644 4 0 0 0
T 2645 10 0 0 0
T 2646 10 0 1 0
E 2646 5 -4 -13
T 2647 11 0 1 0
E 2647 5 -5 -16
T 2648 10 0 5 0
E 2648 0 1 15
E 2648 1 1 15
E 2648 2 1 15
E 2648 3 1 15
E 2648 4 1 15
T 2649 12 0 6 0
E 2649 0 1 16
E 2649 1 1 16
E 2649 2 1 16
E 2649 3 1 16
E 2649 4 1 16
E 2649 5 -1 -13
T 2650 10 0 6 0
E 2650 0 1 13
E 2650 1 1 13
E 2650 2 1 13
E 2650 3 1 13
E 2650 4 1 13
E 2650 5 -2 -19
T 2651 17 0 1 0
E 2651 5 -9 -27
T 2652 11 0 6 0
E 2652 0 2 19
E 2652 1 2 19
E 2652 2 2 19
E 2652 3 2 19
E 2652 4 2 19
E 2652 5 -2 -19
T 2653 13 0 6 0
E 2653 0 1 16
E 2653 1 1 16
E 2653 2 1 16
E 2653 3 1 16
E 2653 4 1 16
E 2653 5 -2 -25
T 2654 12 0 6 0
E 2654 0 2 20
E 2654 1 2 20
E 2654 2 2 20
E 2654 3 2 20
E 2654 4 2 20
E 2654 5 -2 -25
T 2655 22 0 1 0
E 2655 5 -12 -38
T 2656 17 0 6 0
E 2656 0 2 24
E 2656 1 2 24
E 2656 2 2 24
E 2656 3 2 24
E 2656 4 2 24
E 2656 5 -3 -27
T 2657 13 0 6 0
E 2657 0 1 14
E 2657 1 1 14
E 2657 2 1 14
E 2657 3 1 14
E 2657 4 1 14
E 2657 5 -4 -40
T 2658 12 0 6 0
E 2658 0 2 18
E 2658 1 2 18
E 2658 2 2 18
E 2658 3 2 18
E 2658 4 2 18
E 2658 5 -4 -39
T 2659 28 0 1 0
E 2659 5 -16 -49
T 2660 18 0 6 0
E 2660 0 3 30
E 2660 1 3 30
E 2660 2 3 30
E 2660 3 3 30
E 2660 4 3 30
E 2660 5 -3 -34
T 2661 15 0 6 0
E 2661 0 2 20
E 2661 1 2 20
E 2661 2 2 20
E 2661 3 2 20
E 2661 4 2 20
E 2661 5 -5 -47
T 2662 18 0 6 0
E 2662 0 2 23
E 2662 1 2 23
E 2662 2 2 23
E 2662 3 2 23
E 2662 4 2 23
E 2662 5 -5 -47
T 2663 18 0 6 0
E 2663 0 1 17
E 2663 1 1 17
E 2663 2 1 17
E 2663 3 1 17
E 2663 4 1 17
E 2663 5 -6 -56
T 2664 18 0 6 0
E 2664 0 2 22
E 2664 1 2 22
E 2664 2 2 22
E 2664 3 2 22
E 2664 4 2 22
E 2664 5 -6 -55
T 2665 15 0 6 0
E 2665 0 2 19
E 2665 1 2 19
E 2665 2 2 19
E 2665 3 2 19
E 2665 4 2 19
E 2665 5 -6 -61
T 2666 17 0 6 0
E 2666 0 2 20
E 2666 1 2 20
E 2666 2 2 20
E 2666 3 2 20
E 2666 4 2 20
E 2666 5 -7 -63
T 2667 18 0 6 0
E 2667 0 2 21
E 2667 1 2 21
E 2667 2 2 21
E 2667 3 2 21
E 2667 4 2 21
E 2667 5 -7 -65
T 2668 18 0 6 0
E 2668 0 2 21
E 2668 1 2 21
E 2668 2 2 21
E 2668 3 2 21
E 2668 4 2 21
E 2668 5 -7 -68
T 2669 20 0 6 0
E 2669 0 2 23
E 2669 1 2 23
E 2669 2 2 23
E 2669 3 2 23
E 2669 4 2 23
E 2669 5 -7 -70
T 2670 11 0 6 0
E 2670 0 2 18
E 2670 1 2 18
E 2670 2 2 18
E 2670 3 2 18
E 2670 4 2 18
E 2670 5 -3 -30
T 2671 23 0 1 0
E 2671 5 -12 -37
T 2672 14 0 6 0
E 2672 0 3 27
E 2672 1 3 27
E 2672 2 3 27
E 2672 3 3 27
E 2672 4 3 27
E 2672 5 -2 -21
T 2673 23 0 1 0
E 2673 5 -12 -37
T 2674 13 0 6 0
E 2674 0 2 20
E 2674 1 2 20
E 2674 2 2 20
E 2674 3 2 20
E 2674 4 2 20
E 2674 5 -3 -28
T 2675 13 0 6 0
E 2675 0 2 20
E 2675 1 2 20
E 2675 2 2 20
E 2675 3 2 20
E 2675 4 2 20
E 2675 5 -3 -28
T 2676 12 0 6 0
E 2676 0 2 19
E 2676 1 2 19
E 2676 2 2 19
E 2676 3 2 19
E 2676 4 2 19
E 2676 5 -3 -29
T 2677 21 0 1 0
E 2677 5 -13 -40
T 2678 14 0 6 0
E 2678 0 2 21
E 2678 1 2 21
E 2678 2 2 21
E 2678 3 2 21
E 2678 4 2 21
E 2678 5 -3 -27
T 2679 23 0 1 0
E 2679 5 -12 -37
T 2680 17 0 6 0
E 2680 0 3 30
E 2680 1 3 30
E 2680 2 3 30
E 2680 3 3 30
E 2680 4 3 30
E 2680 5 -2 -18
T 2681 11 0 6 0
E 2681 0 1 13
E 2681 1 1 13
E 2681 2 1 13
E 2681 3 1 13
E 2681 4 1 13
E 2681 5 -3 -35
T 2682 20 0 1 0
E 2682 5 -13 -41
T 2683 12 0 6 0
E 2683 0 2 19
E 2683 1 2 19
E 2683 2 2 19
E 2683 3 2 19
E 2683 4 2 19
E 2683 5 -3 -29
T 2684 14 0 6 0
E 2684 0 1 16
E 2684 1 1 16
E 2684 2 1 16
E 2684 3 1 16
E 2684 4 1 16
E 2684 5 -3 -32
T 2685 12 0 6 0
E 2685 0 2 19
E 2685 1 2 19
E 2685 2 2 19
E 2685 3 2 19
E 2685 4 2 19
E 2685 5 -3 -29
T 2686 20 0 1 0
E 2686 5 -13 -41
T 2687 12 0 6 0
E 2687 0 2 19
E 2687 1 2 19
E 2687 2 2 19
E 2687 3 2 19
E 2687 4 2 19
E 2687 5 -3 -29
T 2688 13 0 6 0
E 2688 0 1 15
E 2688 1 1 15
E 2688 2 1 15
E 2688 3 1 15
E 2688 4 1 15
E 2688 5 -3 -33
T 2689 13 0 6 0
E 2689 0 2 20
E 2689 1 2 20
E 2689 2 2 20
E 2689 3 2 20
E 2689 4 2 20
E 2689 5 -3 -28
T 2690 14 0 6 0
E 2690 0 2 21
E 2690 1 2 21
E 2690 2 2 21
E 2690 3 2 21
E 2690 4 2 21
E 2690 5 -3 -27
T 2691 22 0 1 0
E 2691 5 -12 -38
T 2692 16 0 6 0
E 2692 0 3 29
E 2692 1 3 29
E 2692 2 3 29
E 2692 3 3 29
E 2692 4 3 29
E 2692 5 -2 -19
T 2693 11 0 6 0
E 2693 0 2 18
E 2693 1 2 18
E 2693 2 2 18
E 2693 3 2 18
E 2693 4 2 18
E 2693 5 -3 -30
T 2694 12 0 6 0
E 2694 0 2 19
E 2694 1 2 19
E 2694 2 2 19
E 2694 3 2 19
E 2694 4 2 19
E 2694 5 -3 -29
T 2695 12 0 6 0
E 2695 0 2 19
E 2695 1 2 19
E 2695 2 2 19
E 2695 3 2 19
E 2695 4 2 19
E 2695 5 -3 -29
T 2696 14 0 6 0
E 2696 0 1 16
E 2696 1 1 16
E 2696 2 1 16
E 2696 3 1 16
E 2696 4 1 16
E 2696 5 -3 -32
T 2697 13 0 6 0
E 2697 0 2 20
E 2697 1 2 20
E 2697 2 2 20
E 2697 3 2 20
E 2697 4 2 20
E 2697 5 -3 -28
T 2698 12 0 6 0
E 2698 0 2 19
E 2698 1 2 19
E 2698 2 2 19
E 2698 3 2 19
E 2698 4 2 19
E 2698 5 -3 -29
T 2699 14 0 6 0
E 2699 0 1 16
E 2699 1 1 16
E 2699 2 1 16
E 2699 3 1 16
E 2699 4 1 16
E 2699 5 -3 -32
T 2700 13 0 6 0
E 2700 0 1 15
E 2700 1 1 15
E 2700 2 1 15
E 2700 3 1 15
E 2700 4 1 15
E 2700 5 -3 -33
T 2701 22 0 1 0
E 2701 5 -13 -39
T 2702 17 0 6 0
E 2702 0 2 25
E 2702 1 2 25
E 2702 2 2 25
E 2702 3 2 25
E 2702 4 2 25
E 2702 5 -2 -23
T 2703 13 0 6 0
E 2703 0 1 15
E 2703 1 1 15
E 2703 2 1 15
E 2703 3 1 15
E 2703 4 1 15
E 2703 5 -3 -33
T 2704 13 0 6 0
E 2704 0 2 20
E 2704 1 2 20
E 2704 2 2 20
E 2704 3 2 20
E 2704 4 2 20
E 2704 5 -3 -28
T 2705 22 0 1 0
E 2705 5 -12 -38
T 2706 16 0 6 0
E 2706 0 2 24
E 2706 1 2 24
E 2706 2 2 24
E 2706 3 2 24
E 2706 4 2 24
E 2706 5 -2 -24
T 2707 12 0 6 0
E 2707 0 2 19
E 2707 1 2 19
E 2707 2 2 19
E 2707 3 2 19
E 2707 4 2 19
E 2707 5 -3 -29
T 2708 11 0 6 0
E 2708 0 2 18
E 2708 1 2 18
E 2708 2 2 18
E 2708 3 2 18
E 2708 4 2 18
E 2708 5 -3 -30
T 2709 20 0 1 0
E 2709 5 -13 -41
T 2710 17 0 6 0
E 2710 0 2 25
E 2710 1 2 25
E 2710 2 2 25
E 2710 3 2 25
E 2710 4 2 25
E 2710 5 -2 -23
T 2711 16 0 6 0
E 2711 0 2 24
E 2711 1 2 24
E 2711 2 2 24
E 2711 3 2 24
E 2711 4 2 24
E 2711 5 -2 -24
T 2712 11 0 6 0
E 2712 0 1 13
E 2712 1 1 13
E 2712 2 1 13
E 2712 3 1 13
E 2712 4 1 13
E 2712 5 -3 -35
T 2713 24 0 1 0
E 2713 5 -12 -36
T 2714 17 0 6 0
E 2714 0 3 31
E 2714 1 3 31
E 2714 2 3 31
E 2714 3 3 31
E 2714 4 3 31
E 2714 5 -1 -17
T 2715 13 0 6 0
E 2715 0 1 15
E 2715 1 1 15
E 2715 2 1 15
E 2715 3 1 15
E 2715 4 1 15
E 2715 5 -3 -33
T 2716 15 0 6 0
E 2716 0 1 17
E 2716 1 1 17
E 2716 2 1 17
E 2716 3 1 17
E 2716 4 1 17
E 2716 5 -3 -31
T 2717 14 0 6 0
E 2717 0 1 16
E 2717 1 1 16
E 2717 2 1 16
E 2717 3 1 16
E 2717 4 1 16
E 2717 5 -3 -32
T 2718 24 0 1 0
E 2718 5 -12 -36
T 2719 14 0 6 0
E 2719 0 3 27
E 2719 1 3 27
E 2719 2 3 27
E 2719 3 3 27
E 2719 4 3 27
E 2719 5 -2 -21
T 2720 11 0 6 0
E 2720 0 2 18
E 2720 1 2 18
E 2720 2 2 18
E 2720 3 2 18
E 2720 4 2 18
E 2720 5 -3 -30
T 2721 24 0 1 0
E 2721 5 -12 -36
T 2722 15 0 6 0
E 2722 0 2 23
E 2722 1 2 23
E 2722 2 2 23
E 2722 3 2 23
E 2722 4 2 23
E 2722 5 -2 -25
T 2723 11 0 6 0
E 2723 0 1 13
E 2723 1 1 13
E 2723 2 1 13
E 2723 3 1 13
E 2723 4 1 13
E 2723 5 -3 -35
T 2724 11 0 6 0
E 2724 0 2 18
E 2724 1 2 18
E 2724 2 2 18
E 2724 3 2 18
E 2724 4 2 18
E 2724 5 -3 -30
T 2725 11 0 6 0
E 2725 0 1 13
E 2725 1 1 13
E 2725 2 1 13
E 2725 3 1 13
E 2725 4 1 13
E 2725 5 -3 -35
T 2726 24 0 1 0
E 2726 5 -12 -36
T 2727 18 0 6 0
E 2727 0 3 32
E 2727 1 3 32
E 2727 2 3 32
E 2727 3 3 32
E 2727 4 3 32
E 2727 5 -1 -16
T 2728 12 0 6 0
E 2728 0 2 19
E 2728 1 2 19
E 2728 2 2 19
E 2728 3 2 19
E 2728 4 2 19
E 2728 5 -3 -29
T 2729 13 0 6 0
E 2729 0 2 20
E 2729 1 2 20
E 2729 2 2 20
E 2729 3 2 20
E 2729 4 2 20
E 2729 5 -3 -28
T 2730 11 0 6 0
E 2730 0 2 18
E 2730 1 2 18
E 2730 2 2 18
E 2730 3 2 18
E 2730 4 2 18
E 2730 5 -3 -30
T 2731 11 0 6 0
E 2731 0 1 13
E 2731 1 1 13
E 2731 2 1 13
E 2731 3 1 13
E 2731 4 1 13
E 2731 5 -3 -35
T 2732 12 0 6 0
E 2732 0 2 19
E 2732 1 2 19
E 2732 2 2 19
E 2732 3 2 19
E 2732 4 2 19
E 2732 5 -3 -29
T 2733 20 0 1 0
E 2733 5 -13 -41
T 2734 14 0 6 0
E 2734 0 1 16
E 2734 1 1 16
E 2734 2 1 16
E 2734 3 1 16
E 2734 4 1 16
E 2734 5 -3 -32
T 2735 24 0 1 0
E 2735 5 -12 -36
T 2736 14 0 6 0
E 2736 0 2 21
E 2736 1 2 21
E 2736 2 2 21
E 2736 3 2 21
E 2736 4 2 21
E 2736 5 -3 -27
T 2737 23 0 1 0
E 2737 5 -11 -33
T 2738 14 0 6 0
E 2738 0 3 28
E 2738 1 3 28
E 2738 2 3 28
E 2738 3 3 28
E 2738 4 3 28
E 2738 5 -1 -15
T 2739 12 0 6 0
E 2739 0 1 15
E 2739 1 1 15
E 2739 2 1 15
E 2739 3 1 15
E 2739 4 1 15
E 2739 5 -2 -25
T 2740 15 0 1 0
E 2740 5 -10 -32
T 2741 17 0 1 0
E 2741 5 -8 -26
T 2742 18 0 1 0
E 2742 5 -6 -20
T 2743 17 0 1 0
E 2743 5 -6 -19
T 2744 10 0 6 0
E 2744 0 1 14
E 2744 1 1 14
E 2744 2 1 14
E 2744 3 1 14
E 2744 4 1 14
E 2744 5 -1 -13
T 2745 9 0 5 0
E 2745 0 1 14
E 2745 1 1 14
E 2745 2 1 14
E 2745 3 1 14
E 2745 4 1 14
T 2746 12 0 0 0
T 2747 9 0 5 0
E 2747 0 1 14
E 2747 1 1 14
E 2747 2 1 14
E 2747 3 1 14
E 2747 4 1 14
T 2748 9 0 5 0
E 2748 0 1 14
E 2748 1 1 14
E 2748 2 1 14
E 2748 3 1 14
E 2748 4 1 14
T 2749 11 0 0 0
T 2750 5 0 0 0
T 2751 0 0 0 0
T 2752 3 0 0 0
T 2753 1 0 0 0
T 2754 4 0 0 0
T 2755 0 0 0 0
T 2756 4 0 0 0
T 2757 2 0 1 0
E 2757 5 4 13
T 2758 3 0 0 0
T 2759 1 0 0 0
T 2760 4 0 0 0
T 2761 9 0 0 0
T 2762 8 0 5 0
E 2762 0 -1 -13
E 2762 1 -1 -13
E 2762 2 -1 -13
E 2762 3 -1 -13
E 2762 4 -1 -13
T 2763 8 0 5 0
E 2763 0 -1 -13
E 2763 1 -1 -13
E 2763 2 -1 -13
E 2763 3 -1 -13
E 2763 4 -1 -13
T 2764 10 0 1 0
E 2764 5 7 22
T 2765 13 0 1 0
E 2765 5 7 22
T 2766 16 0 1 0
E 2766 5 6 20
T 2767 17 0 1 0
E 2767 5 6 19
T 2768 11 0 6 0
E 2768 0 -1 -15
E 2768 1 -1 -15
E 2768 2 -1 -15
E 2768 3 -1 -15
E 2768 4 -1 -15
E 2768 5 1 15
T 2769 15 0 1 0
E 2769 5 7 22
T 2770 12 0 6 0
E 2770 0 -1 -16
E 2770 1 -1 -16
E 2770 2 -1 -16
E 2770 3 -1 -16
E 2770 4 -1 -16
E 2770 5 1 14
T 2771 9 0 5 0
E 2771 0 -2 -19
E 2771 1 -2 -19
E 2771 2 -2 -19
E 2771 3 -2 -19
E 2771 4 -2 -19
T 2772 9 0 6 0
E 2772 0 -1 -13
E 2772 1 -1 -13
E 2772 2 -1 -13
E 2772 3 -1 -13
E 2772 4 -1 -13
E 2772 5 1 17
T 2773 17 0 1 0
E 2773 5 6 19
T 2774 8 0 5 0
E 2774 0 -2 -18
E 2774 1 -2 -18
E 2774 2 -2 -18
E 2774 3 -2 -18
E 2774 4 -2 -18
T 2775 18 0 1 0
E 2775 5 6 18
T 2776 9 0 6 0
E 2776 0 -1 -13
E 2776 1 -1 -13
E 2776 2 -1 -13
E 2776 3 -1 -13
E 2776 4 -1 -13
E 2776 5 1 17
T 2777 15 0 1 0
E 2777 5 7 22
T 2778 9 0 5 0
E 2778 0 -2 -19
E 2778 1 -2 -19
E 2778 2 -2 -19
E 2778 3 -2 -19
E 2778 4 -2 -19
T 2779 11 0 6 0
E 2779 0 -1 -15
E 2779 1 -1 -15
E 2779 2 -1 -15
E 2779 3 -1 -15
E 2779 4 -1 -15
E 2779 5 1 15
T 2780 14 0 1 0
E 2780 5 8 24
T 2781 18 0 1 0
E 2781 5 6 18
T 2782 11 0 5 0
E 2782 0 -2 -21
E 2782 1 -2 -21
E 2782 2 -2 -21
E 2782 3 -2 -21
E 2782 4 -2 -21
T 2783 8 0 5 0
E 2783 0 -2 -18
E 2783 1 -2 -18
E 2783 2 -2 -18
E 2783 3 -2 -18
E 2783 4 -2 -18
T 2784 16 0 1 0
E 2784 5 7 21
T 2785 18 0 1 0
E 2785 5 6 18
T 2786 11 0 5 0
E 2786 0 -2 -21
E 2786 1 -2 -21
E 2786 2 -2 -21
E 2786 3 -2 -21
E 2786 4 -2 -21
T 2787 15 0 1 0
E 2787 5 7 23
T 2788 11 0 5 0
E 2788 0 -2 -21
E 2788 1 -2 -21
E 2788 2 -2 -21
E 2788 3 -2 -21
E 2788 4 -2 -21
T 2789 10 0 6 0
E 2789 0 -2 -19
E 2789 1 -2 -19
E 2789 2 -2 -19
E 2789 3 -2 -19
E 2789 4 -2 -19
E 2789 5 1 14
T 2790 15 0 1 0
E 2790 5 9 27
T 2791 12 0 6 0
E 2791 0 -1 -15
E 2791 1 -1 -15
E 2791 2 -1 -15
E 2791 3 -1 -15
E 2791 4 -1 -15
E 2791 5 2 19
T 2792 12 0 6 0
E 2792 0 -1 -15
E 2792 1 -1 -15
E 2792 2 -1 -15
E 2792 3 -1 -15
E 2792 4 -1 -15
E 2792 5 2 19
T 2793 14 0 6 0
E 2793 0 -1 -17
E 2793 1 -1 -17
E 2793 2 -1 -17
E 2793 3 -1 -17
E 2793 4 -1 -17
E 2793 5 2 18
T 2794 11 0 6 0
E 2794 0 -2 -20
E 2794 1 -2 -20
E 2794 2 -2 -20
E 2794 3 -2 -20
E 2794 4 -2 -20
E 2794 5 1 16
T 2795 10 0 6 0
E 2795 0 -2 -18
E 2795 1 -2 -18
E 2795 2 -2 -18
E 2795 3 -2 -18
E 2795 4 -2 -18
E 2795 5 2 18
T 2796 19 0 1 0
E 2796 5 9 27
T 2797 14 0 6 0
E 2797 0 -1 -17
E 2797 1 -1 -17
E 2797 2 -1 -17
E 2797 3 -1 -17
E 2797 4 -1 -17
E 2797 5 2 20
T 2798 13 0 6 0
E 2798 0 -1 -16
E 2798 1 -1 -16
E 2798 2 -1 -16
E 2798 3 -1 -16
E 2798 4 -1 -16
E 2798 5 2 22
T 2799 12 0 6 0
E 2799 0 -2 -20
E 2799 1 -2 -20
E 2799 2 -2 -20
E 2799 3 -2 -20
E 2799 4 -2 -20
E 2799 5 2 19
T 2800 12 0 6 0
E 2800 0 -1 -15
E 2800 1 -1 -15
E 2800 2 -1 -15
E 2800 3 -1 -15
E 2800 4 -1 -15
E 2800 5 2 24
T 2801 14 0 6 0
E 2801 0 -1 -17
E 2801 1 -1 -17
E 2801 2 -1 -17
E 2801 3 -1 -17
E 2801 4 -1 -17
E 2801 5 2 23
T 2802 12 0 6 0
E 2802 0 -1 -15
E 2802 1 -1 -15
E 2802 2 -1 -15
E 2802 3 -1 -15
E 2802 4 -1 -15
E 2802 5 2 25
T 2803 12 0 6 0
E 2803 0 -2 -20
E 2803 1 -2 -20
E 2803 2 -2 -20
E 2803 3 -2 -20
E 2803 4 -2 -20
E 2803 5 2 21
T 2804 11 0 6 0
E 2804 0 -1 -13
E 2804 1 -1 -13
E 2804 2 -1 -13
E 2804 3 -1 -13
E 2804 4 -1 -13
E 2804 5 3 29
T 2805 18 0 1 0
E 2805 5 12 36
T 2806 17 0 6 0
E 2806 0 -2 -26
E 2806 1 -2 -26
E 2806 2 -2 -26
E 2806 3 -2 -26
E 2806 4 -2 -26
E 2806 5 1 17
T 2807 13 0 6 0
E 2807 0 -1 -15
E 2807 1 -1 -15
E 2807 2 -1 -15
E 2807 3 -1 -15
E 2807 4 -1 -15
E 2807 5 3 28
T 2808 21 0 1 0
E 2808 5 11 34
T 2809 11 0 6 0
E 2809 0 -2 -19
E 2809 1 -2 -19
E 2809 2 -2 -19
E 2809 3 -2 -19
E 2809 4 -2 -19
E 2809 5 2 26
T 2810 19 0 1 0
E 2810 5 12 38
T 2811 14 0 6 0
E 2811 0 -1 -16
E 2811 1 -1 -16
E 2811 2 -1 -16
E 2811 3 -1 -16
E 2811 4 -1 -16
E 2811 5 3 30
T 2812 12 0 6 0
E 2812 0 -2 -20
E 2812 1 -2 -20
E 2812 2 -2 -20
E 2812 3 -2 -20
E 2812 4 -2 -20
E 2812 5 2 26
T 2813 23 0 1 0
E 2813 5 11 35
T 2814 16 0 6 0
E 2814 0 -2 -24
E 2814 1 -2 -24
E 2814 2 -2 -24
E 2814 3 -2 -24
E 2814 4 -2 -24
E 2814 5 2 24
T 2815 15 0 6 0
E 2815 0 -1 -17
E 2815 1 -1 -17
E 2815 2 -1 -17
E 2815 3 -1 -17
E 2815 4 -1 -17
E 2815 5 3 31
T 2816 12 0 6 0
E 2816 0 -2 -19
E 2816 1 -2 -19
E 2816 2 -2 -19
E 2816 3 -2 -19
E 2816 4 -2 -19
E 2816 5 3 29
T 2817 12 0 6 0
E 2817 0 -1 -14
E 2817 1 -1 -14
E 2817 2 -1 -14
E 2817 3 -1 -14
E 2817 4 -1 -14
E 2817 5 3 34
T 2818 15 0 6 0
E 2818 0 -1 -17
E 2818 1 -1 -17
E 2818 2 -1 -17
E 2818 3 -1 -17
E 2818 4 -1 -17
E 2818 5 3 31
T 2819 13 0 6 0
E 2819 0 -2 -20
E 2819 1 -2 -20
E 2819 2 -2 -20
E 2819 3 -2 -20
E 2819 4 -2 -20
E 2819 5 3 28
T 2820 24 0 1 0
E 2820 5 12 36
T 2821 18 0 6 0
E 2821 0 -2 -26
E 2821 1 -2 -26
E 2821 2 -2 -26
E 2821 3 -2 -26
E 2821 4 -2 -26
E 2821 5 2 22
T 2822 14 0 6 0
E 2822 0 -2 -21
E 2822 1 -2 -21
E 2822 2 -2 -21
E 2822 3 -2 -21
E 2822 4 -2 -21
E 2822 5 3 27
T 2823 15 0 6 0
E 2823 0 -1 -17
E 2823 1 -1 -17
E 2823 2 -1 -17
E 2823 3 -1 -17
E 2823 4 -1 -17
E 2823 5 3 31
T 2824 12 0 6 0
E 2824 0 -1 -14
E 2824 1 -1 -14
E 2824 2 -1 -14
E 2824 3 -1 -14
E 2824 4 -1 -14
E 2824 5 3 34
T 2825 24 0 1 0
E 2825 5 12 36
T 2826 15 0 6 0
E 2826 0 -3 -28
E 2826 1 -3 -28
E 2826 2 -3 -28
E 2826 3 -3 -28
E 2826 4 -3 -28
E 2826 5 2 20
T 2827 14 0 6 0
E 2827 0 -1 -16
E 2827 1 -1 -16
E 2827 2 -1 -16
E 2827 3 -1 -16
E 2827 4 -1 -16
E 2827 5 3 32
T 2828 23 0 1 0
E 2828 5 12 37
T 2829 14 0 6 0
E 2829 0 -2 -21
E 2829 1 -2 -21
E 2829 2 -2 -21
E 2829 3 -2 -21
E 2829 4 -2 -21
E 2829 5 3 27
T 2830 12 0 6 0
E 2830 0 -1 -14
E 2830 1 -1 -14
E 2830 2 -1 -14
E 2830 3 -1 -14
E 2830 4 -1 -14
E 2830 5 3 34
T 2831 13 0 6 0
E 2831 0 -2 -20
E 2831 1 -2 -20
E 2831 2 -2 -20
E 2831 3 -2 -20
E 2831 4 -2 -20
E 2831 5 3 28
T 2832 22 0 1 0
E 2832 5 13 39
T 2833 12 0 6 0
E 2833 0 -2 -19
E 2833 1 -2 -19
E 2833 2 -2 -19
E 2833 3 -2 -19
E 2833 4 -2 -19
E 2833 5 3 29
T 2834 13 0 6 0
E 2834 0 -1 -15
E 2834 1 -1 -15
E 2834 2 -1 -15
E 2834 3 -1 -15
E 2834 4 -1 -15
E 2834 5 3 33
T 2835 24 0 1 0
E 2835 5 12 36
T 2836 17 0 6 0
E 2836 0 -3 -30
E 2836 1 -3 -30
E 2836 2 -3 -30
E 2836 3 -3 -30
E 2836 4 -3 -30
E 2836 5 2 18
T 2837 14 0 6 0
E 2837 0 -2 -21
E 2837 1 -2 -21
E 2837 2 -2 -21
E 2837 3 -2 -21
E 2837 4 -2 -21
E 2837 5 3 27
T 2838 11 0 6 0
E 2838 0 -1 -13
E 2838 1 -1 -13
E 2838 2 -1 -13
E 2838 3 -1 -13
E 2838 4 -1 -13
E 2838 5 3 35
T 2839 20 0 1 0
E 2839 5 13 41
T 2840 15 0 6 0
E 2840 0 -1 -17
E 2840 1 -1 -17
E 2840 2 -1 -17
E 2840 3 -1 -17
E 2840 4 -1 -17
E 2840 5 3 31
T 2841 11 0 6 0
E 2841 0 -2 -18
E 2841 1 -2 -18
E 2841 2 -2 -18
E 2841 3 -2 -18
E 2841 4 -2 -18
E 2841 5 3 30
T 2842 14 0 6 0
E 2842 0 -1 -16
E 2842 1 -1 -16
E 2842 2 -1 -16
E 2842 3 -1 -16
E 2842 4 -1 -16
E 2842 5 3 32
T 2843 12 0 6 0
E 2843 0 -1 -14
E 2843 1 -1 -14
E 2843 2 -1 -14
E 2843 3 -1 -14
E 2843 4 -1 -14
E 2843 5 3 34
T 2844 11 0 6 0
E 2844 0 -2 -18
E 2844 1 -2 -18
E 2844 2 -2 -18
E 2844 3 -2 -18
E 2844 4 -2 -18
E 2844 5 3 30
T 2845 23 0 1 0
E 2845 5 12 37
T 2846 14 0 6 0
E 2846 0 -2 -21
E 2846 1 -2 -21
E 2846 2 -2 -21
E 2846 3 -2 -21
E 2846 4 -2 -21
E 2846 5 3 27
T 2847 24 0 1 0
E 2847 5 12 36
T 2848 16 0 6 0
E 2848 0 -2 -24
E 2848 1 -2 -24
E 2848 2 -2 -24
E 2848 3 -2 -24
E 2848 4 -2 -24
E 2848 5 2 24
T 2849 13 0 6 0
E 2849 0 -1 -15
E 2849 1 -1 -15
E 2849 2 -1 -15
E 2849 3 -1 -15
E 2849 4 -1 -15
E 2849 5 3 33
T 2850 15 0 6 0
E 2850 0 -1 -17
E 2850 1 -1 -17
E 2850 2 -1 -17
E 2850 3 -1 -17
E 2850 4 -1 -17
E 2850 5 3 31
T 2851 15 0 6 0
E 2851 0 -1 -17
E 2851 1 -1 -17
E 2851 2 -1 -17
E 2851 3 -1 -17
E 2851 4 -1 -17
E 2851 5 3 31
T 2852 11 0 6 0
E 2852 0 -1 -13
E 2852 1 -1 -13
E 2852 2 -1 -13
E 2852 3 -1 -13
E 2852 4 -1 -13
E 2852 5 3 35
T 2853 24 0 1 0
E 2853 5 12 36
T 2854 15 0 6 0
E 2854 0 -2 -23
E 2854 1 -2 -23
E 2854 2 -2 -23
E 2854 3 -2 -23
E 2854 4 -2 -23
E 2854 5 2 25
T 2855 13 0 6 0
E 2855 0 -2 -20
E 2855 1 -2 -20
E 2855 2 -2 -20
E 2855 3 -2 -20
E 2855 4 -2 -20
E 2855 5 3 28
T 2856 24 0 1 0
E 2856 5 12 36
T 2857 13 0 6 0
E 2857 0 -2 -20
E 2857 1 -2 -20
E 2857 2 -2 -20
E 2857 3 -2 -20
E 2857 4 -2 -20
E 2857 5 3 28
T 2858 11 0 6 0
E 2858 0 -1 -13
E 2858 1 -1 -13
E 2858 2 -1 -13
E 2858 3 -1 -13
E 2858 4 -1 -13
E 2858 5 3 35
T 2859 12 0 6 0
E 2859 0 -2 -19
E 2859 1 -2 -19
E 2859 2 -2 -19
E 2859 3 -2 -19
E 2859 4 -2 -19
E 2859 5 3 29
T 2860 21 0 1 0
E 2860 5 13 40
T 2861 16 0 6 0
E 2861 0 -3 -29
E 2861 1 -3 -29
E 2861 2 -3 -29
E 2861 3 -3 -29
E 2861 4 -3 -29
E 2861 5 2 19
T 2862 24 0 1 0
E 2862 5 12 36
T 2863 15 0 6 0
E 2863 0 -2 -23
E 2863 1 -2 -23
E 2863 2 -2 -23
E 2863 3 -2 -23
E 2863 4 -2 -23
E 2863 5 2 25
T 2864 11 0 6 0
E 2864 0 -1 -13
E 2864 1 -1 -13
E 2864 2 -1 -13
E 2864 3 -1 -13
E 2864 4 -1 -13
E 2864 5 3 35
T 2865 21 0 1 0
E 2865 5 13 40
T 2866 14 0 6 0
E 2866 0 -3 -27
E 2866 1 -3 -27
E 2866 2 -3 -27
E 2866 3 -3 -27
E 2866 4 -3 -27
E 2866 5 2 21
T 2867 11 0 6 0
E 2867 0 -1 -13
E 2867 1 -1 -13
E 2867 2 -1 -13
E 2867 3 -1 -13
E 2867 4 -1 -13
E 2867 5 3 35
T 2868 20 0 1 0
E 2868 5 13 41
T 2869 18 0 6 0
E 2869 0 -2 -26
E 2869 1 -2 -26
E 2869 2 -2 -26
E 2869 3 -2 -26
E 2869 4 -2 -26
E 2869 5 2 22
T 2870 15 0 6 0
E 2870 0 -2 -23
E 2870 1 -2 -23
E 2870 2 -2 -23
E 2870 3 -2 -23
E 2870 4 -2 -23
E 2870 5 2 25
T 2871 15 0 6 0
E 2871 0 -1 -17
E 2871 1 -1 -17
E 2871 2 -1 -17
E 2871 3 -1 -17
E 2871 4 -1 -17
E 2871 5 3 31
T 2872 24 0 1 0
E 2872 5 12 36
T 2873 18 0 6 0
E 2873 0 -2 -26
E 2873 1 -2 -26
E 2873 2 -2 -26
E 2873 3 -2 -26
E 2873 4 -2 -26
E 2873 5 2 22
T 2874 16 0 6 0
E 2874 0 -2 -24
E 2874 1 -2 -24
E 2874 2 -2 -24
E 2874 3 -2 -24
E 2874 4 -2 -24
E 2874 5 2 24
T 2875 14 0 6 0
E 2875 0 -1 -16
E 2875 1 -1 -16
E 2875 2 -1 -16
E 2875 3 -1 -16
E 2875 4 -1 -16
E 2875 5 3 32
T 2876 11 0 6 0
E 2876 0 -1 -13
E 2876 1 -1 -13
E 2876 2 -1 -13
E 2876 3 -1 -13
E 2876 4 -1 -13
E 2876 5 3 35
T 2877 20 0 1 0
E 2877 5 14 42
T 2878 12 0 6 0
E 2878 0 -2 -19
E 2878 1 -2 -19
E 2878 2 -2 -19
E 2878 3 -2 -19
E 2878 4 -2 -19
E 2878 5 3 29
T 2879 15 0 6 0
E 2879 0 -1 -17
E 2879 1 -1 -17
E 2879 2 -1 -17
E 2879 3 -1 -17
E 2879 4 -1 -17
E 2879 5 3 31
T 2880 12 0 6 0
E 2880 0 4 36
E 2880 1 4 36
E 2880 2 4 36
E 2880 3 4 36
E 2880 4 4 36
E 2880 5 4 36
T 2881 8 0 0 0
T 2882 10 0 0 0
T 2883 8 0 5 0
E 2883 0 1 13
E 2883 1 1 13
E 2883 2 1 13
E 2883 3 1 13
E 2883 4 1 13
T 2884 5 0 0 0
T 2885 12 0 0 0
T 2886 12 0 0 0
T 2887 9 0 5 0
E 2887 0 2 19
E 2887 1 2 19
E 2887 2 2 19
E 2887 3 2 19
E 2887 4 2 19
T 2888 10 0 5 0
E 2888 0 1 15
E 2888 1 1 15
E 2888 2 1 15
E 2888 3 1 15
E 2888 4 1 15
T 2889 15 0 1 0
E 2889 5 -6 -20
T 2890 11 0 6 0
E 2890 0 1 15
E 2890 1 1 15
E 2890 2 1 15
E 2890 3 1 15
E 2890 4 1 15
E 2890 5 -1 -17
T 2891 17 0 1 0
E 2891 5 -9 -27
T 2892 16 0 6 0
E 2892 0 2 25
E 2892 1 2 25
E 2892 2 2 25
E 2892 3 2 25
E 2892 4 2 25
E 2892 5 -1 -13
T 2893 12 0 6 0
E 2893 0 2 20
E 2893 1 2 20
E 2893 2 2 20
E 2893 3 2 20
E 2893 4 2 20
E 2893 5 -2 -21
T 2894 14 0 6 0
E 2894 0 1 16
E 2894 1 1 16
E 2894 2 1 16
E 2894 3 1 16
E 2894 4 1 16
E 2894 5 -3 -29
T 2895 12 0 6 0
E 2895 0 1 14
E 2895 1 1 14
E 2895 2 1 14
E 2895 3 1 14
E 2895 4 1 14
E 2895 5 -3 -34
T 2896 15 0 6 0
E 2896 0 1 17
E 2896 1 1 17
E 2896 2 1 17
E 2896 3 1 17
E 2896 4 1 17
E 2896 5 -3 -34
T 2897 16 0 6 0
E 2897 0 1 17
E 2897 1 1 17
E 2897 2 1 17
E 2897 3 1 17
E 2897 4 1 17
E 2897 5 -4 -37
T 2898 16 0 6 0
E 2898 0 1 17
E 2898 1 1 17
E 2898 2 1 17
E 2898 3 1 17
E 2898 4 1 17
E 2898 5 -4 -40
T 2899 16 1 6 0
E 2899 0 1 16
E 2899 1 1 16
E 2899 2 1 16
E 2899 3 1 16
E 2899 4 1 16
E 2899 5 -5 -45
T 2900 17 1 6 0
E 2900 0 1 17
E 2900 1 1 17
E 2900 2 1 17
E 2900 3 1 17
E 2900 4 1 17
E 2900 5 -5 -47
T 2901 17 0 6 0
E 2901 0 2 22
E 2901 1 2 22
E 2901 2 2 22
E 2901 3 2 22
E 2901 4 2 22
E 2901 5 -5 -45
T 2902 17 0 6 0
E 2902 0 1 16
E 2902 1 1 16
E 2902 2 1 16
E 2902 3 1 16
E 2902 4 1 16
E 2902 5 -6 -54
T 2903 14 0 6 0
E 2903 0 2 18
E 2903 1 2 18
E 2903 2 2 18
E 2903 3 2 18
E 2903 4 2 18
E 2903 5 -6 -55
T 2904 15 0 6 0
E 2904 0 1 13
E 2904 1 1 13
E 2904 2 1 13
E 2904 3 1 13
E 2904 4 1 13
E 2904 5 -7 -64
T 2905 19 0 6 0
E 2905 0 1 17
E 2905 1 1 17
E 2905 2 1 17
E 2905 3 1 17
E 2905 4 1 17
E 2905 5 -7 -63
T 2906 15 0 6 0
E 2906 0 2 18
E 2906 1 2 18
E 2906 2 2 18
E 2906 3 2 18
E 2906 4 2 18
E 2906 5 -7 -65
T 2907 36 0 1 0
E 2907 5 -25 -75
T 2908 26 0 6 0
E 2908 0 3 35
E 2908 1 3 35
E 2908 2 3 35
E 2908 3 3 35
E 2908 4 3 35
E 2908 5 -6 -54
T 2909 21 0 6 0
E 2909 0 3 29
E 2909 1 3 29
E 2909 2 3 29
E 2909 3 3 29
E 2909 4 3 29
E 2909 5 -7 -64
T 2910 14 0 6 0
E 2910 0 2 22
E 2910 1 2 22
E 2910 2 2 22
E 2910 3 2 22
E 2910 4 2 22
E 2910 5 -2 -26
T 2911 22 0 1 0
E 2911 5 -13 -39
T 2912 16 0 6 0
E 2912 0 3 29
E 2912 1 3 29
E 2912 2 3 29
E 2912 3 3 29
E 2912 4 3 29
E 2912 5 -2 -19
T 2913 15 0 6 0
E 2913 0 2 23
E 2913 1 2 23
E 2913 2 2 23
E 2913 3 2 23
E 2913 4 2 23
E 2913 5 -2 -25
T 2914 12 0 6 0
E 2914 0 1 14
E 2914 1 1 14
E 2914 2 1 14
E 2914 3 1 14
E 2914 4 1 14
E 2914 5 -3 -34
T 2915 12 0 6 0
E 2915 0 1 14
E 2915 1 1 14
E 2915 2 1 14
E 2915 3 1 14
E 2915 4 1 14
E 2915 5 -3 -34
T 2916 12 0 6 0
E 2916 0 1 14
E 2916 1 1 14
E 2916 2 1 14
E 2916 3 1 14
E 2916 4 1 14
E 2916 5 -3 -34
T 2917 13 0 6 0
E 2917 0 1 15
E 2917 1 1 15
E 2917 2 1 15
E 2917 3 1 15
E 2917 4 1 15
E 2917 5 -3 -33
T 2918 22 0 1 0
E 2918 5 -12 -38
T 2919 14 0 6 0
E 2919 0 3 27
E 2919 1 3 27
E 2919 2 3 27
E 2919 3 3 27
E 2919 4 3 27
E 2919 5 -2 -21
T 2920 13 0 6 0
E 2920 0 1 15
E 2920 1 1 15
E 2920 2 1 15
E 2920 3 1 15
E 2920 4 1 15
E 2920 5 -3 -33
T 2921 12 0 6 0
E 2921 0 2 19
E 2921 1 2 19
E 2921 2 2 19
E 2921 3 2 19
E 2921 4 2 19
E 2921 5 -3 -29
T 2922 23 0 1 0
E 2922 5 -12 -37
T 2923 13 0 6 0
E 2923 0 2 20
E 2923 1 2 20
E 2923 2 2 20
E 2923 3 2 20
E 2923 4 2 20
E 2923 5 -3 -28
T 2924 23 0 1 0
E 2924 5 -12 -37
T 2925 16 0 6 0
E 2925 0 3 29
E 2925 1 3 29
E 2925 2 3 29
E 2925 3 3 29
E 2925 4 3 29
E 2925 5 -2 -19
T 2926 14 0 6 0
E 2926 0 2 21
E 2926 1 2 21
E 2926 2 2 21
E 2926 3 2 21
E 2926 4 2 21
E 2926 5 -3 -27
T 2927 14 0 6 0
E 2927 0 1 16
E 2927 1 1 16
E 2927 2 1 16
E 2927 3 1 16
E 2927 4 1 16
E 2927 5 -3 -32
T 2928 11 0 6 0
E 2928 0 1 13
E 2928 1 1 13
E 2928 2 1 13
E 2928 3 1 13
E 2928 4 1 13
E 2928 5 -3 -35
T 2929 13 0 6 0
E 2929 0 1 15
E 2929 1 1 15
E 2929 2 1 15
E 2929 3 1 15
E 2929 4 1 15
E 2929 5 -3 -33
T 2930 15 0 6 0
E 2930 0 1 17
E 2930 1 1 17
E 2930 2 1 17
E 2930 3 1 17
E 2930 4 1 17
E 2930 5 -3 -31
T 2931 12 0 6 0
E 2931 0 2 19
E 2931 1 2 19
E 2931 2 2 19
E 2931 3 2 19
E 2931 4 2 19
E 2931 5 -3 -29
T 2932 15 0 6 0
E 2932 0 1 17
E 2932 1 1 17
E 2932 2 1 17
E 2932 3 1 17
E 2932 4 1 17
E 2932 5 -3 -31
T 2933 14 0 6 0
E 2933 0 1 16
E 2933 1 1 16
E 2933 2 1 16
E 2933 3 1 16
E 2933 4 1 16
E 2933 5 -3 -32
T 2934 11 0 6 0
E 2934 0 2 18
E 2934 1 2 18
E 2934 2 2 18
E 2934 3 2 18
E 2934 4 2 18
E 2934 5 -3 -30
T 2935 24 0 1 0
E 2935 5 -12 -36
T 2936 15 0 6 0
E 2936 0 3 28
E 2936 1 3 28
E 2936 2 3 28
E 2936 3 3 28
E 2936 4 3 28
E 2936 5 -2 -20
T 2937 24 0 1 0
E 2937 5 -12 -36
T 2938 17 0 6 0
E 2938 0 3 30
E 2938 1 3 30
E 2938 2 3 30
E 2938 3 3 30
E 2938 4 3 30
E 2938 5 -2 -18
T 2939 17 0 6 0
E 2939 0 2 25
E 2939 1 2 25
E 2939 2 2 25
E 2939 3 2 25
E 2939 4 2 25
E 2939 5 -2 -23
T 2940 11 0 6 0
E 2940 0 1 13
E 2940 1 1 13
E 2940 2 1 13
E 2940 3 1 13
E 2940 4 1 13
E 2940 5 -3 -35
T 2941 15 0 6 0
E 2941 0 1 17
E 2941 1 1 17
E 2941 2 1 17
E 2941 3 1 17
E 2941 4 1 17
E 2941 5 -3 -31
T 2942 14 0 6 0
E 2942 0 2 21
E 2942 1 2 21
E 2942 2 2 21
E 2942 3 2 21
E 2942 4 2 21
E 2942 5 -3 -27
T 2943 11 0 6 0
E 2943 0 1 13
E 2943 1 1 13
E 2943 2 1 13
E 2943 3 1 13
E 2943 4 1 13
E 2943 5 -3 -35
T 2944 12 0 6 0
E 2944 0 2 19
E 2944 1 2 19
E 2944 2 2 19
E 2944 3 2 19
E 2944 4 2 19
E 2944 5 -3 -29
T 2945 11 0 6 0
E 2945 0 2 18
E 2945 1 2 18
E 2945 2 2 18
E 2945 3 2 18
E 2945 4 2 18
E 2945 5 -3 -30
T 2946 15 0 6 0
E 2946 0 1 17
E 2946 1 1 17
E 2946 2 1 17
E 2946 3 1 17
E 2946 4 1 17
E 2946 5 -3 -31
T 2947 13 0 6 0
E 2947 0 1 15
E 2947 1 1 15
E 2947 2 1 15
E 2947 3 1 15
E 2947 4 1 15
E 2947 5 -3 -33
T 2948 13 0 6 0
E 2948 0 2 20
E 2948 1 2 20
E 2948 2 2 20
E 2948 3 2 20
E 2948 4 2 20
E 2948 5 -3 -28
T 2949 12 0 6 0
E 2949 0 2 19
E 2949 1 2 19
E 2949 2 2 19
E 2949 3 2 19
E 2949 4 2 19
E 2949 5 -3 -29
T 2950 24 0 1 0
E 2950 5 -12 -36
T 2951 14 0 6 0
E 2951 0 2 22
E 2951 1 2 22
E 2951 2 2 22
E 2951 3 2 22
E 2951 4 2 22
E 2951 5 -2 -26
T 2952 22 0 1 0
E 2952 5 -12 -38
T 2953 15 0 6 0
E 2953 0 2 23
E 2953 1 2 23
E 2953 2 2 23
E 2953 3 2 23
E 2953 4 2 23
E 2953 5 -2 -25
T 2954 13 0 6 0
E 2954 0 2 20
E 2954 1 2 20
E 2954 2 2 20
E 2954 3 2 20
E 2954 4 2 20
E 2954 5 -3 -28
T 2955 11 0 6 0
E 2955 0 1 13
E 2955 1 1 13
E 2955 2 1 13
E 2955 3 1 13
E 2955 4 1 13
E 2955 5 -3 -35
T 2956 15 0 6 0
E 2956 0 1 17
E 2956 1 1 17
E 2956 2 1 17
E 2956 3 1 17
E 2956 4 1 17
E 2956 5 -3 -31
T 2957 24 0 1 0
E 2957 5 -12 -36
T 2958 13 0 6 0
E 2958 0 2 20
E 2958 1 2 20
E 2958 2 2 20
E 2958 3 2 20
E 2958 4 2 20
E 2958 5 -3 -28
T 2959 22 0 1 0
E 2959 5 -12 -38
T 2960 14 0 6 0
E 2960 0 3 27
E 2960 1 3 27
E 2960 2 3 27
E 2960 3 3 27
E 2960 4 3 27
E 2960 5 -2 -21
T 2961 12 0 6 0
E 2961 0 1 14
E 2961 1 1 14
E 2961 2 1 14
E 2961 3 1 14
E 2961 4 1 14
E 2961 5 -3 -34
T 2962 11 0 6 0
E 2962 0 1 13
E 2962 1 1 13
E 2962 2 1 13
E 2962 3 1 13
E 2962 4 1 13
E 2962 5 -3 -35
T 2963 23 0 1 0
E 2963 5 -12 -37
T 2964 13 0 6 0
E 2964 0 2 20
E 2964 1 2 20
E 2964 2 2 20
E 2964 3 2 20
E 2964 4 2 20
E 2964 5 -3 -28
T 2965 23 0 1 0
E 2965 5 -12 -37
T 2966 15 0 6 0
E 2966 0 2 23
E 2966 1 2 23
E 2966 2 2 23
E 2966 3 2 23
E 2966 4 2 23
E 2966 5 -2 -25
T 2967 14 0 6 0
E 2967 0 2 22
E 2967 1 2 22
E 2967 2 2 22
E 2967 3 2 22
E 2967 4 2 22
E 2967 5 -2 -26
T 2968 11 0 6 0
E 2968 0 2 18
E 2968 1 2 18
E 2968 2 2 18
E 2968 3 2 18
E 2968 4 2 18
E 2968 5 -3 -30
T 2969 11 0 6 0
E 2969 0 1 13
E 2969 1 1 13
E 2969 2 1 13
E 2969 3 1 13
E 2969 4 1 13
E 2969 5 -3 -35
T 2970 11 0 6 0
E 2970 0 1 13
E 2970 1 1 13
E 2970 2 1 13
E 2970 3 1 13
E 2970 4 1 13
E 2970 5 -3 -35
T 2971 21 0 1 0
E 2971 5 -13 -40
T 2972 16 0 6 0
E 2972 0 2 24
E 2972 1 2 24
E 2972 2 2 24
E 2972 3 2 24
E 2972 4 2 24
E 2972 5 -2 -24
T 2973 14 0 6 0
E 2973 0 2 22
E 2973 1 2 22
E 2973 2 2 22
E 2973 3 2 22
E 2973 4 2 22
E 2973 5 -2 -26
T 2974 14 0 6 0
E 2974 0 2 21
E 2974 1 2 21
E 2974 2 2 21
E 2974 3 2 21
E 2974 4 2 21
E 2974 5 -3 -27
T 2975 13 0 6 0
E 2975 0 1 15
E 2975 1 1 15
E 2975 2 1 15
E 2975 3 1 15
E 2975 4 1 15
E 2975 5 -3 -33
T 2976 11 0 6 0
E 2976 0 1 13
E 2976 1 1 13
E 2976 2 1 13
E 2976 3 1 13
E 2976 4 1 13
E 2976 5 -3 -35
T 2977 11 0 6 0
E 2977 0 1 13
E 2977 1 1 13
E 2977 2 1 13
E 2977 3 1 13
E 2977 4 1 13
E 2977 5 -3 -32
T 2978 21 0 1 0
E 2978 5 -10 -32
T 2979 14 0 6 0
E 2979 0 2 23
E 2979 1 2 23
E 2979 2 2 23
E 2979 3 2 23
E 2979 4 2 23
E 2979 5 -1 -17
T 2980 10 0 6 0
E 2980 0 2 18
E 2980 1 2 18
E 2980 2 2 18
E 2980 3 2 18
E 2980 4 2 18
E 2980 5 -2 -19
T 2981 18 0 1 0
E 2981 5 -8 -25
T 2982 12 0 5 0
E 2982 0 2 22
E 2982 1 2 22
E 2982 2 2 22
E 2982 3 2 22
E 2982 4 2 22
T 2983 14 0 1 0
E 2983 5 -7 -23
T 2984 15 0 1 0
E 2984 5 -5 -17
T 2985 8 0 5 0
E 2985 0 2 18
E 2985 1 2 18
E 2985 2 2 18
E 2985 3 2 18
E 2985 4 2 18
T 2986 11 0 0 0
T 2987 8 0 0 0
T 2988 8 0 0 0
T 2989 2 0 0 0
T 2990 0 0 0 0
T 2991 2 0 0 0
T 2992 4 0 1 0
E 2992 5 -4 -14
T 2993 6 0 1 0
E 2993 5 -5 -15
T 2994 7 0 6 0
E 2994 0 -1 -13
E 2994 1 -1 -13
E 2994 2 -1 -13
E 2994 3 -1 -13
E 2994 4 -1 -13
E 2994 5 -1 -14
T 2995 5 0 0 0
T 2996 10 0 0 0
T 2997 9 0 0 0
T 2998 10 0 0 0
T 2999 7 0 0 0
T 3000 4 0 0 0
T 3001 5 0 1 0
E 3001 5 5 17
T 3002 10 0 0 0
T 3003 11 0 5 0
E 3003 0 -1 -16
E 3003 1 -1 -16
E 3003 2 -1 -16
E 3003 3 -1 -16
E 3003 4 -1 -16
T 3004 13 0 1 0
E 3004 5 5 17
T 3005 16 0 1 0
E 3005 5 5 17
T 3006 9 0 6 0
E 3006 0 -1 -13
E 3006 1 -1 -13
E 3006 2 -1 -13
E 3006 3 -1 -13
E 3006 4 -1 -13
E 3006 5 1 17
T 3007 16 0 1 0
E 3007 5 6 20
T 3008 11 0 6 0
E 3008 0 -1 -15
E 3008 1 -1 -15
E 3008 2 -1 -15
E 3008 3 -1 -15
E 3008 4 -1 -15
E 3008 5 1 15
T 3009 14 0 1 0
E 3009 5 8 24
T 3010 10 0 6 0
E 3010 0 -1 -14
E 3010 1 -1 -14
E 3010 2 -1 -14
E 3010 3 -1 -14
E 3010 4 -1 -14
E 3010 5 1 16
T 3011 15 0 1 0
E 3011 5 7 22
T 3012 10 0 6 0
E 3012 0 -1 -14
E 3012 1 -1 -14
E 3012 2 -1 -14
E 3012 3 -1 -14
E 3012 4 -1 -14
E 3012 5 1 16
T 3013 10 0 6 0
E 3013 0 -1 -14
E 3013 1 -1 -14
E 3013 2 -1 -14
E 3013 3 -1 -14
E 3013 4 -1 -14
E 3013 5 1 16
T 3014 9 0 6 0
E 3014 0 -1 -13
E 3014 1 -1 -13
E 3014 2 -1 -13
E 3014 3 -1 -13
E 3014 4 -1 -13
E 3014 5 1 17
T 3015 14 0 1 0
E 3015 5 8 24
T 3016 11 0 6 0
E 3016 0 -1 -15
E 3016 1 -1 -15
E 3016 2 -1 -15
E 3016 3 -1 -15
E 3016 4 -1 -15
E 3016 5 1 15
T 3017 9 0 6 0
E 3017 0 -1 -13
E 3017 1 -1 -13
E 3017 2 -1 -13
E 3017 3 -1 -13
E 3017 4 -1 -13
E 3017 5 1 17
T 3018 13 0 1 0
E 3018 5 8 25
T 3019 9 0 5 0
E 3019 0 -2 -19
E 3019 1 -2 -19
E 3019 2 -2 -19
E 3019 3 -2 -19
E 3019 4 -2 -19
T 3020 16 0 1 0
E 3020 5 7 21
T 3021 11 0 6 0
E 3021 0 -1 -15
E 3021 1 -1 -15
E 3021 2 -1 -15
E 3021 3 -1 -15
E 3021 4 -1 -15
E 3021 5 1 15
T 3022 17 0 1 0
E 3022 5 6 19
T 3023 12 0 6 0
E 3023 0 -1 -16
E 3023 1 -1 -16
E 3023 2 -1 -16
E 3023 3 -1 -16
E 3023 4 -1 -16
E 3023 5 1 14
T 3024 14 0 1 0
E 3024 5 7 23
T 3025 11 0 6 0
E 3025 0 -1 -15
E 3025 1 -1 -15
E 3025 2 -1 -15
E 3025 3 -1 -15
E 3025 4 -1 -15
E 3025 5 1 15
T 3026 10 0 6 0
E 3026 0 -1 -13
E 3026 1 -1 -13
E 3026 2 -1 -13
E 3026 3 -1 -13
E 3026 4 -1 -13
E 3026 5 2 18
T 3027 10 0 6 0
E 3027 0 -1 -13
E 3027 1 -1 -13
E 3027 2 -1 -13
E 3027 3 -1 -13
E 3027 4 -1 -13
E 3027 5 2 18
T 3028 12 0 6 0
E 3028 0 -1 -16
E 3028 1 -1 -16
E 3028 2 -1 -16
E 3028 3 -1 -16
E 3028 4 -1 -16
E 3028 5 1 16
T 3029 11 0 6 0
E 3029 0 -1 -14
E 3029 1 -1 -14
E 3029 2 -1 -14
E 3029 3 -1 -14
E 3029 4 -1 -14
E 3029 5 2 19
T 3030 15 0 1 0
E 3030 5 8 26
T 3031 13 0 6 0
E 3031 0 -1 -16
E 3031 1 -1 -16
E 3031 2 -1 -16
E 3031 3 -1 -16
E 3031 4 -1 -16
E 3031 5 2 18
T 3032 19 0 1 0
E 3032 5 7 22
T 3033 12 0 6 0
E 3033 0 -1 -15
E 3033 1 -1 -15
E 3033 2 -1 -15
E 3033 3 -1 -15
E 3033 4 -1 -15
E 3033 5 2 20
T 3034 11 0 6 0
E 3034 0 -2 -20
E 3034 1 -2 -20
E 3034 2 -2 -20
E 3034 3 -2 -20
E 3034 4 -2 -20
E 3034 5 1 16
T 3035 11 0 6 0
E 3035 0 -1 -14
E 3035 1 -1 -14
E 3035 2 -1 -14
E 3035 3 -1 -14
E 3035 4 -1 -14
E 3035 5 2 22
T 3036 18 0 1 0
E 3036 5 9 28
T 3037 15 0 6 0
E 3037 0 -2 -24
E 3037 1 -2 -24
E 3037 2 -2 -24
E 3037 3 -2 -24
E 3037 4 -2 -24
E 3037 5 1 13
T 3038 10 0 6 0
E 3038 0 -1 -13
E 3038 1 -1 -13
E 3038 2 -1 -13
E 3038 3 -1 -13
E 3038 4 -1 -13
E 3038 5 2 25
T 3039 12 0 6 0
E 3039 0 -1 -15
E 3039 1 -1 -15
E 3039 2 -1 -15
E 3039 3 -1 -15
E 3039 4 -1 -15
E 3039 5 2 24
T 3040 14 0 6 0
E 3040 0 -1 -17
E 3040 1 -1 -17
E 3040 2 -1 -17
E 3040 3 -1 -17
E 3040 4 -1 -17
E 3040 5 2 22
T 3041 11 0 6 0
E 3041 0 -2 -19
E 3041 1 -2 -19
E 3041 2 -2 -19
E 3041 3 -2 -19
E 3041 4 -2 -19
E 3041 5 2 21
T 3042 21 0 1 0
E 3042 5 9 28
T 3043 13 0 6 0
E 3043 0 -2 -21
E 3043 1 -2 -21
E 3043 2 -2 -21
E 3043 3 -2 -21
E 3043 4 -2 -21
E 3043 5 2 20
T 3044 20 0 1 0
E 3044 5 10 32
T 3045 13 0 6 0
E 3045 0 -1 -16
E 3045 1 -1 -16
E 3045 2 -1 -16
E 3045 3 -1 -16
E 3045 4 -1 -16
E 3045 5 2 26
T 3046 11 0 6 0
E 3046 0 -1 -13
E 3046 1 -1 -13
E 3046 2 -1 -13
E 3046 3 -1 -13
E 3046 4 -1 -13
E 3046 5 3 30
T 3047 21 0 1 0
E 3047 5 10 32
T 3048 12 0 6 0
E 3048 0 -2 -20
E 3048 1 -2 -20
E 3048 2 -2 -20
E 3048 3 -2 -20
E 3048 4 -2 -20
E 3048 5 2 24
T 3049 13 0 6 0
E 3049 0 -1 -15
E 3049 1 -1 -15
E 3049 2 -1 -15
E 3049 3 -1 -15
E 3049 4 -1 -15
E 3049 5 3 30
T 3050 11 0 6 0
E 3050 0 -2 -19
E 3050 1 -2 -19
E 3050 2 -2 -19
E 3050 3 -2 -19
E 3050 4 -2 -19
E 3050 5 2 26
T 3051 14 0 6 0
E 3051 0 -1 -16
E 3051 1 -1 -16
E 3051 2 -1 -16
E 3051 3 -1 -16
E 3051 4 -1 -16
E 3051 5 3 30
T 3052 14 0 6 0
E 3052 0 -1 -16
E 3052 1 -1 -16
E 3052 2 -1 -16
E 3052 3 -1 -16
E 3052 4 -1 -16
E 3052 5 3 30
T 3053 12 0 6 0
E 3053 0 -2 -19
E 3053 1 -2 -19
E 3053 2 -2 -19
E 3053 3 -2 -19
E 3053 4 -2 -19
E 3053 5 3 28
T 3054 24 0 1 0
E 3054 5 12 36
T 3055 15 0 6 0
E 3055 0 -2 -23
E 3055 1 -2 -23
E 3055 2 -2 -23
E 3055 3 -2 -23
E 3055 4 -2 -23
E 3055 5 2 25
T 3056 12 0 6 0
E 3056 0 -1 -14
E 3056 1 -1 -14
E 3056 2 -1 -14
E 3056 3 -1 -14
E 3056 4 -1 -14
E 3056 5 3 34
T 3057 24 0 1 0
E 3057 5 12 36
T 3058 14 0 6 0
E 3058 0 -3 -27
E 3058 1 -3 -27
E 3058 2 -3 -27
E 3058 3 -3 -27
E 3058 4 -3 -27
E 3058 5 2 21
T 3059 13 0 6 0
E 3059 0 -2 -20
E 3059 1 -2 -20
E 3059 2 -2 -20
E 3059 3 -2 -20
E 3059 4 -2 -20
E 3059 5 3 28
T 3060 23 0 1 0
E 3060 5 12 37
T 3061 14 0 6 0
E 3061 0 -3 -27
E 3061 1 -3 -27
E 3061 2 -3 -27
E 3061 3 -3 -27
E 3061 4 -3 -27
E 3061 5 2 21
T 3062 24 0 1 0
E 3062 5 12 36
T 3063 14 0 6 0
E 3063 0 -2 -21
E 3063 1 -2 -21
E 3063 2 -2 -21
E 3063 3 -2 -21
E 3063 4 -2 -21
E 3063 5 3 27
T 3064 22 0 1 0
E 3064 5 12 38
T 3065 15 0 6 0
E 3065 0 -2 -23
E 3065 1 -2 -23
E 3065 2 -2 -23
E 3065 3 -2 -23
E 3065 4 -2 -23
E 3065 5 2 25
T 3066 13 0 6 0
E 3066 0 -2 -20
E 3066 1 -2 -20
E 3066 2 -2 -20
E 3066 3 -2 -20
E 3066 4 -2 -20
E 3066 5 3 28
T 3067 13 0 6 0
E 3067 0 -2 -20
E 3067 1 -2 -20
E 3067 2 -2 -20
E 3067 3 -2 -20
E 3067 4 -2 -20
E 3067 5 3 28
T 3068 12 0 6 0
E 3068 0 -1 -14
E 3068 1 -1 -14
E 3068 2 -1 -14
E 3068 3 -1 -14
E 3068 4 -1 -14
E 3068 5 3 34
T 3069 23 0 1 0
E 3069 5 12 37
T 3070 11 0 6 0
E 3070 0 -2 -18
E 3070 1 -2 -18
E 3070 2 -2 -18
E 3070 3 -2 -18
E 3070 4 -2 -18
E 3070 5 3 30
T 3071 24 0 1 0
E 3071 5 12 36
T 3072 15 0 6 0
E 3072 0 -3 -28
E 3072 1 -3 -28
E 3072 2 -3 -28
E 3072 3 -3 -28
E 3072 4 -3 -28
E 3072 5 2 20
T 3073 11 0 6 0
E 3073 0 -2 -18
E 3073 1 -2 -18
E 3073 2 -2 -18
E 3073 3 -2 -18
E 3073 4 -2 -18
E 3073 5 3 30
T 3074 20 0 1 0
E 3074 5 13 41
T 3075 14 0 6 0
E 3075 0 -1 -16
E 3075 1 -1 -16
E 3075 2 -1 -16
E 3075 3 -1 -16
E 3075 4 -1 -16
E 3075 5 3 32
T 3076 23 0 1 0
E 3076 5 12 37
T 3077 18 0 6 0
E 3077 0 -2 -26
E 3077 1 -2 -26
E 3077 2 -2 -26
E 3077 3 -2 -26
E 3077 4 -2 -26
E 3077 5 2 22
T 3078 12 0 6 0
E 3078 0 -2 -19
E 3078 1 -2 -19
E 3078 2 -2 -19
E 3078 3 -2 -19
E 3078 4 -2 -19
E 3078 5 3 29
T 3079 15 0 6 0
E 3079 0 -1 -17
E 3079 1 -1 -17
E 3079 2 -1 -17
E 3079 3 -1 -17
E 3079 4 -1 -17
E 3079 5 3 31
T 3080 14 0 6 0
E 3080 0 -1 -16
E 3080 1 -1 -16
E 3080 2 -1 -16
E 3080 3 -1 -16
E 3080 4 -1 -16
E 3080 5 3 32
T 3081 12 0 6 0
E 3081 0 -2 -19
E 3081 1 -2 -19
E 3081 2 -2 -19
E 3081 3 -2 -19
E 3081 4 -2 -19
E 3081 5 3 29
T 3082 11 0 6 0
E 3082 0 -2 -18
E 3082 1 -2 -18
E 3082 2 -2 -18
E 3082 3 -2 -18
E 3082 4 -2 -18
E 3082 5 3 30
T 3083 15 0 6 0
E 3083 0 -1 -17
E 3083 1 -1 -17
E 3083 2 -1 -17
E 3083 3 -1 -17
E 3083 4 -1 -17
E 3083 5 3 31
T 3084 12 0 6 0
E 3084 0 -1 -14
E 3084 1 -1 -14
E 3084 2 -1 -14
E 3084 3 -1 -14
E 3084 4 -1 -14
E 3084 5 3 34
T 3085 23 0 1 0
E 3085 5 12 37
T 3086 18 0 6 0
E 3086 0 -2 -26
E 3086 1 -2 -26
E 3086 2 -2 -26
E 3086 3 -2 -26
E 3086 4 -2 -26
E 3086 5 2 22
T 3087 14 0 6 0
E 3087 0 -1 -16
E 3087 1 -1 -16
E 3087 2 -1 -16
E 3087 3 -1 -16
E 3087 4 -1 -16
E 3087 5 3 32
T 3088 14 0 6 0
E 3088 0 -2 -22
E 3088 1 -2 -22
E 3088 2 -2 -22
E 3088 3 -2 -22
E 3088 4 -2 -22
E 3088 5 2 26
T 3089 24 0 1 0
E 3089 5 12 36
T 3090 16 0 6 0
E 3090 0 -2 -24
E 3090 1 -2 -24
E 3090 2 -2 -24
E 3090 3 -2 -24
E 3090 4 -2 -24
E 3090 5 2 24
T 3091 14 0 6 0
E 3091 0 -2 -21
E 3091 1 -2 -21
E 3091 2 -2 -21
E 3091 3 -2 -21
E 3091 4 -2 -21
E 3091 5 3 27
T 3092 15 0 6 0
E 3092 0 -1 -17
E 3092 1 -1 -17
E 3092 2 -1 -17
E 3092 3 -1 -17
E 3092 4 -1 -17
E 3092 5 3 31
T 3093 14 0 6 0
E 3093 0 -2 -21
E 3093 1 -2 -21
E 3093 2 -2 -21
E 3093 3 -2 -21
E 3093 4 -2 -21
E 3093 5 3 27
T 3094 12 0 6 0
E 3094 0 -2 -19
E 3094 1 -2 -19
E 3094 2 -2 -19
E 3094 3 -2 -19
E 3094 4 -2 -19
E 3094 5 3 29
T 3095 24 0 1 0
E 3095 5 12 36
T 3096 17 0 6 0
E 3096 0 -2 -25
E 3096 1 -2 -25
E 3096 2 -2 -25
E 3096 3 -2 -25
E 3096 4 -2 -25
E 3096 5 2 23
T 3097 14 0 6 0
E 3097 0 -2 -22
E 3097 1 -2 -22
E 3097 2 -2 -22
E 3097 3 -2 -22
E 3097 4 -2 -22
E 3097 5 2 26
T 3098 11 0 6 0
E 3098 0 -1 -13
E 3098 1 -1 -13
E 3098 2 -1 -13
E 3098 3 -1 -13
E 3098 4 -1 -13
E 3098 5 3 35
T 3099 14 0 6 0
E 3099 0 -1 -16
E 3099 1 -1 -16
E 3099 2 -1 -16
E 3099 3 -1 -16
E 3099 4 -1 -16
E 3099 5 3 32
T 3100 15 0 6 0
E 3100 0 -1 -17
E 3100 1 -1 -17
E 3100 2 -1 -17
E 3100 3 -1 -17
E 3100 4 -1 -17
E 3100 5 3 31
T 3101 14 0 6 0
E 3101 0 -2 -22
E 3101 1 -2 -22
E 3101 2 -2 -22
E 3101 3 -2 -22
E 3101 4 -2 -22
E 3101 5 2 26
T 3102 22 0 1 0
E 3102 5 12 38
T 3103 14 0 6 0
E 3103 0 -2 -21
E 3103 1 -2 -21
E 3103 2 -2 -21
E 3103 3 -2 -21
E 3103 4 -2 -21
E 3103 5 3 27
T 3104 13 0 6 0
E 3104 0 -1 -15
E 3104 1 -1 -15
E 3104 2 -1 -15
E 3104 3 -1 -15
E 3104 4 -1 -15
E 3104 5 3 33
T 3105 11 0 6 0
E 3105 0 -1 -13
E 3105 1 -1 -13
E 3105 2 -1 -13
E 3105 3 -1 -13
E 3105 4 -1 -13
E 3105 5 3 35
T 3106 15 0 6 0
E 3106 0 -1 -17
E 3106 1 -1 -17
E 3106 2 -1 -17
E 3106 3 -1 -17
E 3106 4 -1 -17
E 3106 5 3 31
T 3107 13 0 6 0
E 3107 0 -2 -20
E 3107 1 -2 -20
E 3107 2 -2 -20
E 3107 3 -2 -20
E 3107 4 -2 -20
E 3107 5 3 28
T 3108 24 0 1 0
E 3108 5 12 36
T 3109 14 0 6 0
E 3109 0 -2 -21
E 3109 1 -2 -21
E 3109 2 -2 -21
E 3109 3 -2 -21
E 3109 4 -2 -21
E 3109 5 3 27
T 3110 14 0 6 0
E 3110 0 -1 -16
E 3110 1 -1 -16
E 3110 2 -1 -16
E 3110 3 -1 -16
E 3110 4 -1 -16
E 3110 5 3 32
T 3111 22 0 1 0
E 3111 5 12 38
T 3112 14 0 6 0
E 3112 0 -2 -21
E 3112 1 -2 -21
E 3112 2 -2 -21
E 3112 3 -2 -21
E 3112 4 -2 -21
E 3112 5 3 27
T 3113 11 0 6 0
E 3113 0 -1 -13
E 3113 1 -1 -13
E 3113 2 -1 -13
E 3113 3 -1 -13
E 3113 4 -1 -13
E 3113 5 3 35
T 3114 11 0 6 0
E 3114 0 -2 -18
E 3114 1 -2 -18
E 3114 2 -2 -18
E 3114 3 -2 -18
E 3114 4 -2 -18
E 3114 5 3 30
T 3115 21 0 1 0
E 3115 5 13 40
T 3116 14 0 6 0
E 3116 0 -3 -27
E 3116 1 -3 -27
E 3116 2 -3 -27
E 3116 3 -3 -27
E 3116 4 -3 -27
E 3116 5 2 21
T 3117 12 0 6 0
E 3117 0 -2 -19
E 3117 1 -2 -19
E 3117 2 -2 -19
E 3117 3 -2 -19
E 3117 4 -2 -19
E 3117 5 3 29
T 3118 14 0 6 0
E 3118 0 -1 -16
E 3118 1 -1 -16
E 3118 2 -1 -16
E 3118 3 -1 -16
E 3118 4 -1 -16
E 3118 5 3 32
T 3119 13 0 6 0
E 3119 0 -2 -20
E 3119 1 -2 -20
E 3119 2 -2 -20
E 3119 3 -2 -20
E 3119 4 -2 -20
E 3119 5 3 28
T 3120 12 0 6 0
E 3120 0 3 30
E 3120 1 3 30
E 3120 2 3 30
E 3120 3 3 30
E 3120 4 3 30
E 3120 5 3 30
T 3121 8 0 5 0
E 3121 0 1 13
E 3121 1 1 13
E 3121 2 1 13
E 3121 3 1 13
E 3121 4 1 13
T 3122 12 0 0 0
T 3123 12 0 0 0
T 3124 11 0 5 0
E 3124 0 1 16
E 3124 1 1 16
E 3124 2 1 16
E 3124 3 1 16
E 3124 4 1 16
T 3125 9 0 0 0
T 3126 9 0 0 0
T 3127 12 0 5 0
E 3127 0 1 17
E 3127 1 1 17
E 3127 2 1 17
E 3127 3 1 17
E 3127 4 1 17
T 3128 14 0 1 0
E 3128 5 -5 -16
T 3129 17 0 1 0
E 3129 5 -5 -17
T 3130 10 0 6 0
E 3130 0 1 13
E 3130 1 1 13
E 3130 2 1 13
E 3130 3 1 13
E 3130 4 1 13
E 3130 5 -2 -19
T 3131 12 0 6 0
E 3131 0 1 15
E 3131 1 1 15
E 3131 2 1 15
E 3131 3 1 15
E 3131 4 1 15
E 3131 5 -2 -20
T 3132 12 0 6 0
E 3132 0 2 20
E 3132 1 2 20
E 3132 2 2 20
E 3132 3 2 20
E 3132 4 2 20
E 3132 5 -2 -18
T 3133 11 0 6 0
E 3133 0 1 13
E 3133 1 1 13
E 3133 2 1 13
E 3133 3 1 13
E 3133 4 1 13
E 3133 5 -3 -28
T 3134 12 0 6 0
E 3134 0 1 14
E 3134 1 1 14
E 3134 2 1 14
E 3134 3 1 14
E 3134 4 1 14
E 3134 5 -3 -31
T 3135 12 0 6 0
E 3135 0 1 14
E 3135 1 1 14
E 3135 2 1 14
E 3135 3 1 14
E 3135 4 1 14
E 3135 5 -3 -34
T 3136 14 0 6 0
E 3136 0 1 15
E 3136 1 1 15
E 3136 2 1 15
E 3136 3 1 15
E 3136 4 1 15
E 3136 5 -4 -36
T 3137 15 0 6 0
E 3137 0 1 16
E 3137 1 1 16
E 3137 2 1 16
E 3137 3 1 16
E 3137 4 1 16
E 3137 5 -4 -38
T 3138 25 0 1 0
E 3138 5 -15 -47
T 3139 15 0 6 0
E 3139 0 2 21
E 3139 1 2 21
E 3139 2 2 21
E 3139 3 2 21
E 3139 4 2 21
E 3139 5 -4 -40
T 3140 16 1 6 0
E 3140 0 1 16
E 3140 1 1 16
E 3140 2 1 16
E 3140 3 1 16
E 3140 4 1 16
E 3140 5 -5 -48
T 3141 15 0 6 0
E 3141 0 2 20
E 3141 1 2 20
E 3141 2 2 20
E 3141 3 2 20
E 3141 4 2 20
E 3141 5 -5 -47
T 3142 13 0 6 0
E 3142 0 2 18
E 3142 1 2 18
E 3142 2 2 18
E 3142 3 2 18
E 3142 4 2 18
E 3142 5 -5 -52
T 3143 29 0 1 0
E 3143 5 -21 -65
T 3144 17 0 6 0
E 3144 0 3 27
E 3144 1 3 27
E 3144 2 3 27
E 3144 3 3 27
E 3144 4 3 27
E 3144 5 -5 -50
T 3145 15 0 6 0
E 3145 0 2 19
E 3145 1 2 19
E 3145 2 2 19
E 3145 3 2 19
E 3145 4 2 19
E 3145 5 -6 -61
T 3146 17 0 6 0
E 3146 0 2 20
E 3146 1 2 20
E 3146 2 2 20
E 3146 3 2 20
E 3146 4 2 20
E 3146 5 -7 -63
T 3147 17 0 6 0
E 3147 0 2 20
E 3147 1 2 20
E 3147 2 2 20
E 3147 3 2 20
E 3147 4 2 20
E 3147 5 -7 -66
T 3148 18 0 6 0
E 3148 0 1 15
E 3148 1 1 15
E 3148 2 1 15
E 3148 3 1 15
E 3148 4 1 15
E 3148 5 -8 -74
T 3149 18 0 6 0
E 3149 0 1 15
E 3149 1 1 15
E 3149 2 1 15
E 3149 3 1 15
E 3149 4 1 15
E 3149 5 -8 -78
T 3150 15 0 6 0
E 3150 0 1 17
E 3150 1 1 17
E 3150 2 1 17
E 3150 3 1 17
E 3150 4 1 17
E 3150 5 -3 -31
T 3151 11 0 6 0
E 3151 0 2 18
E 3151 1 2 18
E 3151 2 2 18
E 3151 3 2 18
E 3151 4 2 18
E 3151 5 -3 -30
T 3152 21 0 1 0
E 3152 5 -13 -40
T 3153 14 0 6 0
E 3153 0 1 16
E 3153 1 1 16
E 3153 2 1 16
E 3153 3 1 16
E 3153 4 1 16
E 3153 5 -3 -32
T 3154 13 0 6 0
E 3154 0 2 20
E 3154 1 2 20
E 3154 2 2 20
E 3154 3 2 20
E 3154 4 2 20
E 3154 5 -3 -28
T 3155 22 0 1 0
E 3155 5 -12 -38
T 3156 15 0 6 0
E 3156 0 2 23
E 3156 1 2 23
E 3156 2 2 23
E 3156 3 2 23
E 3156 4 2 23
E 3156 5 -2 -25
T 3157 13 0 6 0
E 3157 0 1 15
E 3157 1 1 15
E 3157 2 1 15
E 3157 3 1 15
E 3157 4 1 15
E 3157 5 -3 -33
T 3158 13 0 6 0
E 3158 0 2 20
E 3158 1 2 20
E 3158 2 2 20
E 3158 3 2 20
E 3158 4 2 20
E 3158 5 -3 -28
T 3159 13 0 6 0
E 3159 0 1 15
E 3159 1 1 15
E 3159 2 1 15
E 3159 3 1 15
E 3159 4 1 15
E 3159 5 -3 -33
T 3160 12 0 6 0
E 3160 0 2 19
E 3160 1 2 19
E 3160 2 2 19
E 3160 3 2 19
E 3160 4 2 19
E 3160 5 -3 -29
T 3161 11 0 6 0
E 3161 0 2 18
E 3161 1 2 18
E 3161 2 2 18
E 3161 3 2 18
E 3161 4 2 18
E 3161 5 -3 -30
T 3162 22 0 1 0
E 3162 5 -12 -38
T 3163 15 0 6 0
E 3163 0 2 23
E 3163 1 2 23
E 3163 2 2 23
E 3163 3 2 23
E 3163 4 2 23
E 3163 5 -2 -25
T 3164 14 0 6 0
E 3164 0 2 21
E 3164 1 2 21
E 3164 2 2 21
E 3164 3 2 21
E 3164 4 2 21
E 3164 5 -3 -27
T 3165 13 0 6 0
E 3165 0 2 20
E 3165 1 2 20
E 3165 2 2 20
E 3165 3 2 20
E 3165 4 2 20
E 3165 5 -3 -28
T 3166 12 0 6 0
E 3166 0 2 19
E 3166 1 2 19
E 3166 2 2 19
E 3166 3 2 19
E 3166 4 2 19
E 3166 5 -3 -29
T 3167 12 0 6 0
E 3167 0 1 14
E 3167 1 1 14
E 3167 2 1 14
E 3167 3 1 14
E 3167 4 1 14
E 3167 5 -3 -34
T 3168 23 0 1 0
E 3168 5 -12 -37
T 3169 17 0 6 0
E 3169 0 3 30
E 3169 1 3 30
E 3169 2 3 30
E 3169 3 3 30
E 3169 4 3 30
E 3169 5 -2 -18
T 3170 12 0 6 0
E 3170 0 1 14
E 3170 1 1 14
E 3170 2 1 14
E 3170 3 1 14
E 3170 4 1 14
E 3170 5 -3 -34
T 3171 13 0 6 0
E 3171 0 1 15
E 3171 1 1 15
E 3171 2 1 15
E 3171 3 1 15
E 3171 4 1 15
E 3171 5 -3 -33
T 3172 13 0 6 0
E 3172 0 1 15
E 3172 1 1 15
E 3172 2 1 15
E 3172 3 1 15
E 3172 4 1 15
E 3172 5 -3 -33
T 3173 24 0 1 0
E 3173 5 -12 -36
T 3174 16 0 6 0
E 3174 0 3 29
E 3174 1 3 29
E 3174 2 3 29
E 3174 3 3 29
E 3174 4 3 29
E 3174 5 -2 -19
T 3175 12 0 6 0
E 3175 0 1 14
E 3175 1 1 14
E 3175 2 1 14
E 3175 3 1 14
E 3175 4 1 14
E 3175 5 -3 -34
T 3176 15 0 6 0
E 3176 0 1 17
E 3176 1 1 17
E 3176 2 1 17
E 3176 3 1 17
E 3176 4 1 17
E 3176 5 -3 -31
T 3177 13 0 6 0
E 3177 0 1 15
E 3177 1 1 15
E 3177 2 1 15
E 3177 3 1 15
E 3177 4 1 15
E 3177 5 -3 -33
T 3178 14 0 6 0
E 3178 0 1 16
E 3178 1 1 16
E 3178 2 1 16
E 3178 3 1 16
E 3178 4 1 16
E 3178 5 -3 -32
T 3179 14 0 6 0
E 3179 0 2 21
E 3179 1 2 21
E 3179 2 2 21
E 3179 3 2 21
E 3179 4 2 21
E 3179 5 -3 -27
T 3180 13 0 6 0
E 3180 0 2 20
E 3180 1 2 20
E 3180 2 2 20
E 3180 3 2 20
E 3180 4 2 20
E 3180 5 -3 -28
T 3181 21 0 1 0
E 3181 5 -13 -40
T 3182 14 0 6 0
E 3182 0 2 22
E 3182 1 2 22
E 3182 2 2 22
E 3182 3 2 22
E 3182 4 2 22
E 3182 5 -2 -26
T 3183 11 0 6 0
E 3183 0 1 13
E 3183 1 1 13
E 3183 2 1 13
E 3183 3 1 13
E 3183 4 1 13
E 3183 5 -3 -35
T 3184 22 0 1 0
E 3184 5 -12 -38
T 3185 14 0 6 0
E 3185 0 2 21
E 3185 1 2 21
E 3185 2 2 21
E 3185 3 2 21
E 3185 4 2 21
E 3185 5 -3 -27
T 3186 12 0 6 0
E 3186 0 2 19
E 3186 1 2 19
E 3186 2 2 19
E 3186 3 2 19
E 3186 4 2 19
E 3186 5 -3 -29
T 3187 11 0 6 0
E 3187 0 2 18
E 3187 1 2 18
E 3187 2 2 18
E 3187 3 2 18
E 3187 4 2 18
E 3187 5 -3 -30
T 3188 12 0 6 0
E 3188 0 1 14
E 3188 1 1 14
E 3188 2 1 14
E 3188 3 1 14
E 3188 4 1 14
E 3188 5 -3 -34
T 3189 21 0 1 0
E 3189 5 -13 -40
T 3190 15 0 6 0
E 3190 0 3 28
E 3190 1 3 28
E 3190 2 3 28
E 3190 3 3 28
E 3190 4 3 28
E 3190 5 -2 -20
T 3191 23 0 1 0
E 3191 5 -12 -37
T 3192 16 0 6 0
E 3192 0 2 24
E 3192 1 2 24
E 3192 2 2 24
E 3192 3 2 24
E 3192 4 2 24
E 3192 5 -2 -24
T 3193 15 0 6 0
E 3193 0 2 23
E 3193 1 2 23
E 3193 2 2 23
E 3193 3 2 23
E 3193 4 2 23
E 3193 5 -2 -25
T 3194 14 0 6 0
E 3194 0 2 21
E 3194 1 2 21
E 3194 2 2 21
E 3194 3 2 21
E 3194 4 2 21
E 3194 5 -3 -27
T 3195 15 0 6 0
E 3195 0 1 17
E 3195 1 1 17
E 3195 2 1 17
E 3195 3 1 17
E 3195 4 1 17
E 3195 5 -3 -31
T 3196 24 0 1 0
E 3196 5 -12 -36
T 3197 14 0 6 0
E 3197 0 2 21
E 3197 1 2 21
E 3197 2 2 21
E 3197 3 2 21
E 3197 4 2 21
E 3197 5 -3 -27
T 3198 11 0 6 0
E 3198 0 2 18
E 3198 1 2 18
E 3198 2 2 18
E 3198 3 2 18
E 3198 4 2 18
E 3198 5 -3 -30
T 3199 21 0 1 0
E 3199 5 -13 -40
T 3200 12 0 6 0
E 3200 0 2 19
E 3200 1 2 19
E 3200 2 2 19
E 3200 3 2 19
E 3200 4 2 19
E 3200 5 -3 -29
T 3201 22 0 1 0
E 3201 5 -13 -39
T 3202 14 0 6 0
E 3202 0 2 22
E 3202 1 2 22
E 3202 2 2 22
E 3202 3 2 22
E 3202 4 2 22
E 3202 5 -2 -26
T 3203 22 0 1 0
E 3203 5 -12 -38
T 3204 17 0 6 0
E 3204 0 3 30
E 3204 1 3 30
E 3204 2 3 30
E 3204 3 3 30
E 3204 4 3 30
E 3204 5 -2 -18
T 3205 12 0 6 0
E 3205 0 2 19
E 3205 1 2 19
E 3205 2 2 19
E 3205 3 2 19
E 3205 4 2 19
E 3205 5 -3 -29
T 3206 13 0 6 0
E 3206 0 1 15
E 3206 1 1 15
E 3206 2 1 15
E 3206 3 1 15
E 3206 4 1 15
E 3206 5 -3 -33
T 3207 12 0 6 0
E 3207 0 1 14
E 3207 1 1 14
E 3207 2 1 14
E 3207 3 1 14
E 3207 4 1 14
E 3207 5 -3 -34
T 3208 15 0 6 0
E 3208 0 1 17
E 3208 1 1 17
E 3208 2 1 17
E 3208 3 1 17
E 3208 4 1 17
E 3208 5 -3 -31
T 3209 13 0 6 0
E 3209 0 1 15
E 3209 1 1 15
E 3209 2 1 15
E 3209 3 1 15
E 3209 4 1 15
E 3209 5 -3 -33
T 3210 12 0 6 0
E 3210 0 1 14
E 3210 1 1 14
E 3210 2 1 14
E 3210 3 1 14
E 3210 4 1 14
E 3210 5 -3 -34
T 3211 13 0 6 0
E 3211 0 1 15
E 3211 1 1 15
E 3211 2 1 15
E 3211 3 1 15
E 3211 4 1 15
E 3211 5 -3 -33
T 3212 11 0 6 0
E 3212 0 2 18
E 3212 1 2 18
E 3212 2 2 18
E 3212 3 2 18
E 3212 4 2 18
E 3212 5 -3 -30
T 3213 21 0 1 0
E 3213 5 -13 -40
T 3214 12 0 6 0
E 3214 0 2 19
E 3214 1 2 19
E 3214 2 2 19
E 3214 3 2 19
E 3214 4 2 19
E 3214 5 -3 -29
T 3215 12 0 6 0
E 3215 0 1 14
E 3215 1 1 14
E 3215 2 1 14
E 3215 3 1 14
E 3215 4 1 14
E 3215 5 -3 -34
T 3216 12 0 6 0
E 3216 0 1 14
E 3216 1 1 14
E 3216 2 1 14
E 3216 3 1 14
E 3216 4 1 14
E 3216 5 -3 -34
T 3217 19 0 1 0
E 3217 5 -13 -39
T 3218 15 0 6 0
E 3218 0 2 23
E 3218 1 2 23
E 3218 2 2 23
E 3218 3 2 23
E 3218 4 2 23
E 3218 5 -2 -20
T 3219 11 0 6 0
E 3219 0 2 19
E 3219 1 2 19
E 3219 2 2 19
E 3219 3 2 19
E 3219 4 2 19
E 3219 5 -2 -21
T 3220 11 0 6 0
E 3220 0 1 14
E 3220 1 1 14
E 3220 2 1 14
E 3220 3 1 14
E 3220 4 1 14
E 3220 5 -2 -23
T 3221 15 0 1 0
E 3221 5 -10 -30
T 3222 13 0 6 0
E 3222 0 1 17
E 3222 1 1 17
E 3222 2 1 17
E 3222 3 1 17
E 3222 4 1 17
E 3222 5 -1 -15
T 3223 14 0 1 0
E 3223 5 -8 -24
T 3224 13 0 1 0
E 3224 5 -6 -20
T 3225 14 0 1 0
E 3225 5 -4 -14
T 3226 12 0 1 0
E 3226 5 -4 -14
T 3227 11 0 0 0
T 3228 10 0 0 0
T 3229 3 0 0 0
T 3230 0 0 0 0
T 3231 2 0 0 0
T 3232 5 0 0 0
T 3233 6 0 0 0
T 3234 8 0 1 0
E 3234 5 -4 -13
T 3235 12 0 0 0
T 3236 10 0 5 0
E 3236 0 -1 -15
E 3236 1 -1 -15
E 3236 2 -1 -15
E 3236 3 -1 -15
E 3236 4 -1 -15
T 3237 11 0 0 0
T 3238 10 0 0 0
T 3239 8 0 5 0
E 3239 0 -1 -13
E 3239 1 -1 -13
E 3239 2 -1 -13
E 3239 3 -1 -13
E 3239 4 -1 -13
T 3240 4 0 0 0
T 3241 5 0 1 0
E 3241 5 6 18
T 3242 9 0 1 0
E 3242 5 5 16
T 3243 11 0 5 0
E 3243 0 -1 -16
E 3243 1 -1 -16
E 3243 2 -1 -16
E 3243 3 -1 -16
E 3243 4 -1 -16
T 3244 13 0 1 0
E 3244 5 6 18
T 3245 15 0 1 0
E 3245 5 6 19
T 3246 12 0 5 0
E 3246 0 -2 -22
E 3246 1 -2 -22
E 3246 2 -2 -22
E 3246 3 -2 -22
E 3246 4 -2 -22
T 3247 14 0 1 0
E 3247 5 7 23
T 3248 9 0 6 0
E 3248 0 -1 -13
E 3248 1 -1 -13
E 3248 2 -1 -13
E 3248 3 -1 -13
E 3248 4 -1 -13
E 3248 5 1 17
T 3249 9 0 6 0
E 3249 0 -1 -13
E 3249 1 -1 -13
E 3249 2 -1 -13
E 3249 3 -1 -13
E 3249 4 -1 -13
E 3249 5 1 17
T 3250 12 0 6 0
E 3250 0 -1 -16
E 3250 1 -1 -16
E 3250 2 -1 -16
E 3250 3 -1 -16
E 3250 4 -1 -16
E 3250 5 1 14
T 3251 14 0 1 0
E 3251 5 7 23
T 3252 16 0 1 0
E 3252 5 6 20
T 3253 13 0 6 0
E 3253 0 -1 -17
E 3253 1 -1 -17
E 3253 2 -1 -17
E 3253 3 -1 -17
E 3253 4 -1 -17
E 3253 5 1 13
T 3254 16 0 1 0
E 3254 5 7 21
T 3255 9 0 6 0
E 3255 0 -1 -13
E 3255 1 -1 -13
E 3255 2 -1 -13
E 3255 3 -1 -13
E 3255 4 -1 -13
E 3255 5 1 17
T 3256 15 0 1 0
E 3256 5 7 22
T 3257 9 0 6 0
E 3257 0 -1 -13
E 3257 1 -1 -13
E 3257 2 -1 -13
E 3257 3 -1 -13
E 3257 4 -1 -13
E 3257 5 1 17
T 3258 15 0 1 0
E 3258 5 7 22
T 3259 11 0 5 0
E 3259 0 -2 -21
E 3259 1 -2 -21
E 3259 2 -2 -21
E 3259 3 -2 -21
E 3259 4 -2 -21
T 3260 12 0 6 0
E 3260 0 -1 -16
E 3260 1 -1 -16
E 3260 2 -1 -16
E 3260 3 -1 -16
E 3260 4 -1 -16
E 3260 5 1 14
T 3261 9 0 5 0
E 3261 0 -2 -19
E 3261 1 -2 -19
E 3261 2 -2 -19
E 3261 3 -2 -19
E 3261 4 -2 -19
T 3262 13 0 1 0
E 3262 5 8 25
T 3263 8 0 5 0
E 3263 0 -2 -18
E 3263 1 -2 -18
E 3263 2 -2 -18
E 3263 3 -2 -18
E 3263 4 -2 -18
T 3264 15 0 1 0
E 3264 5 7 22
T 3265 18 0 1 0
E 3265 5 6 18
T 3266 11 0 6 0
E 3266 0 -1 -15
E 3266 1 -1 -15
E 3266 2 -1 -15
E 3266 3 -1 -15
E 3266 4 -1 -15
E 3266 5 1 16
T 3267 15 0 1 0
E 3267 5 7 23
T 3268 12 0 5 0
E 3268 0 -2 -22
E 3268 1 -2 -22
E 3268 2 -2 -22
E 3268 3 -2 -22
E 3268 4 -2 -22
T 3269 19 0 1 0
E 3269 5 7 21
T 3270 16 0 5 0
E 3270 0 -2 -26
E 3270 1 -2 -26
E 3270 2 -2 -26
E 3270 3 -2 -26
E 3270 4 -2 -26
T 3271 12 0 6 0
E 3271 0 -2 -21
E 3271 1 -2 -21
E 3271 2 -2 -21
E 3271 3 -2 -21
E 3271 4 -2 -21
E 3271 5 1 13
T 3272 10 0 6 0
E 3272 0 -1 -13
E 3272 1 -1 -13
E 3272 2 -1 -13
E 3272 3 -1 -13
E 3272 4 -1 -13
E 3272 5 2 21
T 3273 14 0 6 0
E 3273 0 -1 -17
E 3273 1 -1 -17
E 3273 2 -1 -17
E 3273 3 -1 -17
E 3273 4 -1 -17
E 3273 5 2 18
T 3274 10 0 6 0
E 3274 0 -2 -18
E 3274 1 -2 -18
E 3274 2 -2 -18
E 3274 3 -2 -18
E 3274 4 -2 -18
E 3274 5 2 18
T 3275 18 0 1 0
E 3275 5 8 26
T 3276 15 0 6 0
E 3276 0 -2 -24
E 3276 1 -2 -24
E 3276 2 -2 -24
E 3276 3 -2 -24
E 3276 4 -2 -24
E 3276 5 1 13
T 3277 10 0 6 0
E 3277 0 -1 -13
E 3277 1 -1 -13
E 3277 2 -1 -13
E 3277 3 -1 -13
E 3277 4 -1 -13
E 3277 5 2 24
T 3278 16 0 1 0
E 3278 5 10 32
T 3279 14 0 6 0
E 3279 0 -1 -17
E 3279 1 -1 -17
E 3279 2 -1 -17
E 3279 3 -1 -17
E 3279 4 -1 -17
E 3279 5 2 22
T 3280 21 0 1 0
E 3280 5 9 27
T 3281 14 0 5 0
E 3281 0 -3 -29
E 3281 1 -3 -29
E 3281 2 -3 -29
E 3281 3 -3 -29
E 3281 4 -3 -29
T 3282 13 0 6 0
E 3282 0 -1 -16
E 3282 1 -1 -16
E 3282 2 -1 -16
E 3282 3 -1 -16
E 3282 4 -1 -16
E 3282 5 2 24
T 3283 14 0 6 0
E 3283 0 -1 -17
E 3283 1 -1 -17
E 3283 2 -1 -17
E 3283 3 -1 -17
E 3283 4 -1 -17
E 3283 5 2 24
T 3284 21 0 1 0
E 3284 5 10 31
T 3285 11 0 6 0
E 3285 0 -2 -19
E 3285 1 -2 -19
E 3285 2 -2 -19
E 3285 3 -2 -19
E 3285 4 -2 -19
E 3285 5 2 23
T 3286 19 0 1 0
E 3286 5 12 36
T 3287 17 0 6 0
E 3287 0 -2 -25
E 3287 1 -2 -25
E 3287 2 -2 -25
E 3287 3 -2 -25
E 3287 4 -2 -25
E 3287 5 2 18
T 3288 10 0 6 0
E 3288 0 -2 -18
E 3288 1 -2 -18
E 3288 2 -2 -18
E 3288 3 -2 -18
E 3288 4 -2 -18
E 3288 5 2 26
T 3289 11 0 6 0
E 3289 0 -1 -13
E 3289 1 -1 -13
E 3289 2 -1 -13
E 3289 3 -1 -13
E 3289 4 -1 -13
E 3289 5 3 32
T 3290 19 0 1 0
E 3290 5 13 39
T 3291 15 0 6 0
E 3291 0 -1 -17
E 3291 1 -1 -17
E 3291 2 -1 -17
E 3291 3 -1 -17
E 3291 4 -1 -17
E 3291 5 3 29
T 3292 14 0 6 0
E 3292 0 -1 -16
E 3292 1 -1 -16
E 3292 2 -1 -16
E 3292 3 -1 -16
E 3292 4 -1 -16
E 3292 5 3 30
T 3293 13 0 6 0
E 3293 0 -1 -15
E 3293 1 -1 -15
E 3293 2 -1 -15
E 3293 3 -1 -15
E 3293 4 -1 -15
E 3293 5 3 32
T 3294 12 0 6 0
E 3294 0 -2 -19
E 3294 1 -2 -19
E 3294 2 -2 -19
E 3294 3 -2 -19
E 3294 4 -2 -19
E 3294 5 3 29
T 3295 23 0 1 0
E 3295 5 12 37
T 3296 17 0 6 0
E 3296 0 -3 -30
E 3296 1 -3 -30
E 3296 2 -3 -30
E 3296 3 -3 -30
E 3296 4 -3 -30
E 3296 5 2 18
T 3297 13 0 6 0
E 3297 0 -2 -20
E 3297 1 -2 -20
E 3297 2 -2 -20
E 3297 3 -2 -20
E 3297 4 -2 -20
E 3297 5 3 28
T 3298 13 0 6 0
E 3298 0 -2 -20
E 3298 1 -2 -20
E 3298 2 -2 -20
E 3298 3 -2 -20
E 3298 4 -2 -20
E 3298 5 3 28
T 3299 12 0 6 0
E 3299 0 -2 -19
E 3299 1 -2 -19
E 3299 2 -2 -19
E 3299 3 -2 -19
E 3299 4 -2 -19
E 3299 5 3 29
T 3300 11 0 6 0
E 3300 0 -1 -13
E 3300 1 -1 -13
E 3300 2 -1 -13
E 3300 3 -1 -13
E 3300 4 -1 -13
E 3300 5 3 35
T 3301 20 0 1 0
E 3301 5 13 41
T 3302 14 0 6 0
E 3302 0 -3 -27
E 3302 1 -3 -27
E 3302 2 -3 -27
E 3302 3 -3 -27
E 3302 4 -3 -27
E 3302 5 2 21
T 3303 12 0 6 0
E 3303 0 -2 -19
E 3303 1 -2 -19
E 3303 2 -2 -19
E 3303 3 -2 -19
E 3303 4 -2 -19
E 3303 5 3 29
T 3304 24 0 1 0
E 3304 5 12 36
T 3305 17 0 6 0
E 3305 0 -2 -25
E 3305 1 -2 -25
E 3305 2 -2 -25
E 3305 3 -2 -25
E 3305 4 -2 -25
E 3305 5 2 23
T 3306 16 0 6 0
E 3306 0 -2 -24
E 3306 1 -2 -24
E 3306 2 -2 -24
E 3306 3 -2 -24
E 3306 4 -2 -24
E 3306 5 2 24
T 3307 14 0 6 0
E 3307 0 -2 -21
E 3307 1 -2 -21
E 3307 2 -2 -21
E 3307 3 -2 -21
E 3307 4 -2 -21
E 3307 5 3 27
T 3308 12 0 6 0
E 3308 0 -1 -14
E 3308 1 -1 -14
E 3308 2 -1 -14
E 3308 3 -1 -14
E 3308 4 -1 -14
E 3308 5 3 34
T 3309 23 0 1 0
E 3309 5 12 37
T 3310 11 0 6 0
E 3310 0 -2 -18
E 3310 1 -2 -18
E 3310 2 -2 -18
E 3310 3 -2 -18
E 3310 4 -2 -18
E 3310 5 3 30
T 3311 11 0 6 0
E 3311 0 -1 -13
E 3311 1 -1 -13
E 3311 2 -1 -13
E 3311 3 -1 -13
E 3311 4 -1 -13
E 3311 5 3 35
T 3312 11 0 6 0
E 3312 0 -1 -13
E 3312 1 -1 -13
E 3312 2 -1 -13
E 3312 3 -1 -13
E 3312 4 -1 -13
E 3312 5 3 35
T 3313 22 0 1 0
E 3313 5 13 39
T 3314 16 0 6 0
E 3314 0 -3 -29
E 3314 1 -3 -29
E 3314 2 -3 -29
E 3314 3 -3 -29
E 3314 4 -3 -29
E 3314 5 2 19
T 3315 13 0 6 0
E 3315 0 -2 -20
E 3315 1 -2 -20
E 3315 2 -2 -20
E 3315 3 -2 -20
E 3315 4 -2 -20
E 3315 5 3 28
T 3316 22 0 1 0
E 3316 5 12 38
T 3317 16 0 6 0
E 3317 0 -2 -24
E 3317 1 -2 -24
E 3317 2 -2 -24
E 3317 3 -2 -24
E 3317 4 -2 -24
E 3317 5 2 24
T 3318 15 0 6 0
E 3318 0 -1 -17
E 3318 1 -1 -17
E 3318 2 -1 -17
E 3318 3 -1 -17
E 3318 4 -1 -17
E 3318 5 3 31
T 3319 14 0 6 0
E 3319 0 -2 -22
E 3319 1 -2 -22
E 3319 2 -2 -22
E 3319 3 -2 -22
E 3319 4 -2 -22
E 3319 5 2 26
T 3320 22 0 1 0
E 3320 5 13 39
T 3321 14 0 6 0
E 3321 0 -2 -22
E 3321 1 -2 -22
E 3321 2 -2 -22
E 3321 3 -2 -22
E 3321 4 -2 -22
E 3321 5 2 26
T 3322 24 0 1 0
E 3322 5 12 36
T 3323 15 0 6 0
E 3323 0 -2 -23
E 3323 1 -2 -23
E 3323 2 -2 -23
E 3323 3 -2 -23
E 3323 4 -2 -23
E 3323 5 2 25
T 3324 14 0 6 0
E 3324 0 -2 -21
E 3324 1 -2 -21
E 3324 2 -2 -21
E 3324 3 -2 -21
E 3324 4 -2 -21
E 3324 5 3 27
T 3325 11 0 6 0
E 3325 0 -1 -13
E 3325 1 -1 -13
E 3325 2 -1 -13
E 3325 3 -1 -13
E 3325 4 -1 -13
E 3325 5 3 35
T 3326 22 0 1 0
E 3326 5 13 39
T 3327 13 0 6 0
E 3327 0 -2 -20
E 3327 1 -2 -20
E 3327 2 -2 -20
E 3327 3 -2 -20
E 3327 4 -2 -20
E 3327 5 3 28
T 3328 15 0 6 0
E 3328 0 -1 -17
E 3328 1 -1 -17
E 3328 2 -1 -17
E 3328 3 -1 -17
E 3328 4 -1 -17
E 3328 5 3 31
T 3329 12 0 6 0
E 3329 0 -2 -19
E 3329 1 -2 -19
E 3329 2 -2 -19
E 3329 3 -2 -19
E 3329 4 -2 -19
E 3329 5 3 29
T 3330 12 0 6 0
E 3330 0 -2 -19
E 3330 1 -2 -19
E 3330 2 -2 -19
E 3330 3 -2 -19
E 3330 4 -2 -19
E 3330 5 3 29
T 3331 11 0 6 0
E 3331 0 -1 -13
E 3331 1 -1 -13
E 3331 2 -1 -13
E 3331 3 -1 -13
E 3331 4 -1 -13
E 3331 5 3 35
T 3332 11 0 6 0
E 3332 0 -1 -13
E 3332 1 -1 -13
E 3332 2 -1 -13
E 3332 3 -1 -13
E 3332 4 -1 -13
E 3332 5 3 35
T 3333 11 0 6 0
E 3333 0 -2 -18
E 3333 1 -2 -18
E 3333 2 -2 -18
E 3333 3 -2 -18
E 3333 4 -2 -18
E 3333 5 3 30
T 3334 21 0 1 0
E 3334 5 13 40
T 3335 12 0 6 0
E 3335 0 -2 -19
E 3335 1 -2 -19
E 3335 2 -2 -19
E 3335 3 -2 -19
E 3335 4 -2 -19
E 3335 5 3 29
T 3336 24 0 1 0
E 3336 5 12 36
T 3337 13 0 6 0
E 3337 0 -2 -20
E 3337 1 -2 -20
E 3337 2 -2 -20
E 3337 3 -2 -20
E 3337 4 -2 -20
E 3337 5 3 28
T 3338 22 0 1 0
E 3338 5 12 38
T 3339 17 0 6 0
E 3339 0 -3 -30
E 3339 1 -3 -30
E 3339 2 -3 -30
E 3339 3 -3 -30
E 3339 4 -3 -30
E 3339 5 2 18
T 3340 13 0 6 0
E 3340 0 -2 -20
E 3340 1 -2 -20
E 3340 2 -2 -20
E 3340 3 -2 -20
E 3340 4 -2 -20
E 3340 5 3 28
T 3341 12 0 6 0
E 3341 0 -2 -19
E 3341 1 -2 -19
E 3341 2 -2 -19
E 3341 3 -2 -19
E 3341 4 -2 -19
E 3341 5 3 29
T 3342 20 0 1 0
E 3342 5 13 41
T 3343 13 0 6 0
E 3343 0 -2 -20
E 3343 1 -2 -20
E 3343 2 -2 -20
E 3343 3 -2 -20
E 3343 4 -2 -20
E 3343 5 3 28
T 3344 22 0 1 0
E 3344 5 13 39
T 3345 13 0 6 0
E 3345 0 -2 -20
E 3345 1 -2 -20
E 3345 2 -2 -20
E 3345 3 -2 -20
E 3345 4 -2 -20
E 3345 5 3 28
T 3346 11 0 6 0
E 3346 0 -1 -13
E 3346 1 -1 -13
E 3346 2 -1 -13
E 3346 3 -1 -13
E 3346 4 -1 -13
E 3346 5 3 35
T 3347 24 0 1 0
E 3347 5 12 36
T 3348 15 0 6 0
E 3348 0 -2 -23
E 3348 1 -2 -23
E 3348 2 -2 -23
E 3348 3 -2 -23
E 3348 4 -2 -23
E 3348 5 2 25
T 3349 12 0 6 0
E 3349 0 -2 -19
E 3349 1 -2 -19
E 3349 2 -2 -19
E 3349 3 -2 -19
E 3349 4 -2 -19
E 3349 5 3 29
T 3350 12 0 6 0
E 3350 0 -1 -14
E 3350 1 -1 -14
E 3350 2 -1 -14
E 3350 3 -1 -14
E 3350 4 -1 -14
E 3350 5 3 34
T 3351 15 0 6 0
E 3351 0 -1 -17
E 3351 1 -1 -17
E 3351 2 -1 -17
E 3351 3 -1 -17
E 3351 4 -1 -17
E 3351 5 3 31
T 3352 22 0 1 0
E 3352 5 12 38
T 3353 17 0 6 0
E 3353 0 -2 -25
E 3353 1 -2 -25
E 3353 2 -2 -25
E 3353 3 -2 -25
E 3353 4 -2 -25
E 3353 5 2 23
T 3354 13 0 6 0
E 3354 0 -2 -20
E 3354 1 -2 -20
E 3354 2 -2 -20
E 3354 3 -2 -20
E 3354 4 -2 -20
E 3354 5 3 28
T 3355 22 0 1 0
E 3355 5 13 39
T 3356 14 0 6 0
E 3356 0 -2 -22
E 3356 1 -2 -22
E 3356 2 -2 -22
E 3356 3 -2 -22
E 3356 4 -2 -22
E 3356 5 2 26
T 3357 11 0 6 0
E 3357 0 -2 -18
E 3357 1 -2 -18
E 3357 2 -2 -18
E 3357 3 -2 -18
E 3357 4 -2 -18
E 3357 5 3 30
T 3358 22 0 1 0
E 3358 5 13 39
T 3359 17 0 6 0
E 3359 0 -3 -30
E 3359 1 -3 -30
E 3359 2 -3 -30
E 3359 3 -3 -30
E 3359 4 -3 -30
E 3359 5 2 18
T 3360 9 0 6 0
E 3360 0 3 27
E 3360 1 3 27
E 3360 2 3 27
E 3360 3 3 27
E 3360 4 3 27
E 3360 5 3 27
T 3361 11 0 0 0
T 3362 8 0 5 0
E 3362 0 1 13
E 3362 1 1 13
E 3362 2 1 13
E 3362 3 1 13
E 3362 4 1 13
T 3363 9 0 0 0
T 3364 6 0 0 0
T 3365 9 0 5 0
E 3365 0 1 14
E 3365 1 1 14
E 3365 2 1 14
E 3365 3 1 14
E 3365 4 1 14
T 3366 10 0 0 0
T 3367 12 0 1 0
E 3367 5 -4 -14
T 3368 12 0 5 0
E 3368 0 1 17
E 3368 1 1 17
E 3368 2 1 17
E 3368 3 1 17
E 3368 4 1 17
T 3369 12 0 6 0
E 3369 0 1 16
E 3369 1 1 16
E 3369 2 1 16
E 3369 3 1 16
E 3369 4 1 16
E 3369 5 -1 -13
T 3370 12 0 6 0
E 3370 0 1 16
E 3370 1 1 16
E 3370 2 1 16
E 3370 3 1 16
E 3370 4 1 16
E 3370 5 -1 -16
T 3371 19 0 1 0
E 3371 5 -8 -24
T 3372 10 0 6 0
E 3372 0 2 18
E 3372 1 2 18
E 3372 2 2 18
E 3372 3 2 18
E 3372 4 2 18
E 3372 5 -2 -20
T 3373 12 0 6 0
E 3373 0 1 15
E 3373 1 1 15
E 3373 2 1 15
E 3373 3 1 15
E 3373 4 1 15
E 3373 5 -2 -26
T 3374 20 0 1 0
E 3374 5 -12 -37
T 3375 16 0 6 0
E 3375 0 2 24
E 3375 1 2 24
E 3375 2 2 24
E 3375 3 2 24
E 3375 4 2 24
E 3375 5 -2 -24
T 3376 14 0 6 0
E 3376 0 1 16
E 3376 1 1 16
E 3376 2 1 16
E 3376 3 1 16
E 3376 4 1 16
E 3376 5 -3 -35
T 3377 14 0 6 0
E 3377 0 1 15
E 3377 1 1 15
E 3377 2 1 15
E 3377 3 1 15
E 3377 4 1 15
E 3377 5 -4 -39
T 3378 26 0 1 0
E 3378 5 -15 -46
T 3379 16 0 6 0
E 3379 0 2 22
E 3379 1 2 22
E 3379 2 2 22
E 3379 3 2 22
E 3379 4 2 22
E 3379 5 -4 -39
T 3380 18 0 6 0
E 3380 0 2 24
E 3380 1 2 24
E 3380 2 2 24
E 3380 3 2 24
E 3380 4 2 24
E 3380 5 -4 -40
T 3381 16 1 6 0
E 3381 0 1 16
E 3381 1 1 16
E 3381 2 1 16
E 3381 3 1 16
E 3381 4 1 16
E 3381 5 -5 -51
T 3382 31 0 1 0
E 3382 5 -19 -58
T 3383 19 0 6 0
E 3383 0 3 30
E 3383 1 3 30
E 3383 2 3 30
E 3383 3 3 30
E 3383 4 3 30
E 3383 5 -4 -43
T 3384 18 0 6 0
E 3384 0 1 17
E 3384 1 1 17
E 3384 2 1 17
E 3384 3 1 17
E 3384 4 1 17
E 3384 5 -6 -60
T 3385 18 0 6 0
E 3385 0 2 22
E 3385 1 2 22
E 3385 2 2 22
E 3385 3 2 22
E 3385 4 2 22
E 3385 5 -6 -58
T 3386 16 0 6 0
E 3386 0 1 14
E 3386 1 1 14
E 3386 2 1 14
E 3386 3 1 14
E 3386 4 1 14
E 3386 5 -7 -69
T 3387 18 0 6 0
E 3387 0 1 16
E 3387 1 1 16
E 3387 2 1 16
E 3387 3 1 16
E 3387 4 1 16
E 3387 5 -7 -70
T 3388 20 0 6 0
E 3388 0 2 23
E 3388 1 2 23
E 3388 2 2 23
E 3388 3 2 23
E 3388 4 2 23
E 3388 5 -7 -66
T 3389 20 0 6 0
E 3389 0 1 17
E 3389 1 1 17
E 3389 2 1 17
E 3389 3 1 17
E 3389 4 1 17
E 3389 5 -8 -76
T 3390 15 0 6 0
E 3390 0 3 28
E 3390 1 3 28
E 3390 2 3 28
E 3390 3 3 28
E 3390 4 3 28
E 3390 5 -2 -20
T 3391 11 0 6 0
E 3391 0 2 18
E 3391 1 2 18
E 3391 2 2 18
E 3391 3 2 18
E 3391 4 2 18
E 3391 5 -3 -30
T 3392 22 0 1 0
E 3392 5 -13 -39
T 3393 13 0 6 0
E 3393 0 2 20
E 3393 1 2 20
E 3393 2 2 20
E 3393 3 2 20
E 3393 4 2 20
E 3393 5 -3 -28
T 3394 22 0 1 0
E 3394 5 -12 -38
T 3395 15 0 6 0
E 3395 0 2 23
E 3395 1 2 23
E 3395 2 2 23
E 3395 3 2 23
E 3395 4 2 23
E 3395 5 -2 -25
T 3396 11 0 6 0
E 3396 0 2 18
E 3396 1 2 18
E 3396 2 2 18
E 3396 3 2 18
E 3396 4 2 18
E 3396 5 -3 -30
T 3397 11 0 6 0
E 3397 0 2 18
E 3397 1 2 18
E 3397 2 2 18
E 3397 3 2 18
E 3397 4 2 18
E 3397 5 -3 -30
T 3398 15 0 6 0
E 3398 0 1 17
E 3398 1 1 17
E 3398 2 1 17
E 3398 3 1 17
E 3398 4 1 17
E 3398 5 -3 -31
T 3399 15 0 6 0
E 3399 0 1 17
E 3399 1 1 17
E 3399 2 1 17
E 3399 3 1 17
E 3399 4 1 17
E 3399 5 -3 -31
T 3400 14 0 6 0
E 3400 0 1 16
E 3400 1 1 16
E 3400 2 1 16
E 3400 3 1 16
E 3400 4 1 16
E 3400 5 -3 -32
T 3401 22 0 1 0
E 3401 5 -12 -38
T 3402 15 0 6 0
E 3402 0 2 23
E 3402 1 2 23
E 3402 2 2 23
E 3402 3 2 23
E 3402 4 2 23
E 3402 5 -2 -25
T 3403 14 0 6 0
E 3403 0 2 21
E 3403 1 2 21
E 3403 2 2 21
E 3403 3 2 21
E 3403 4 2 21
E 3403 5 -3 -27
T 3404 13 0 6 0
E 3404 0 2 20
E 3404 1 2 20
E 3404 2 2 20
E 3404 3 2 20
E 3404 4 2 20
E 3404 5 -3 -28
T 3405 22 0 1 0
E 3405 5 -12 -38
T 3406 17 0 6 0
E 3406 0 2 25
E 3406 1 2 25
E 3406 2 2 25
E 3406 3 2 25
E 3406 4 2 25
E 3406 5 -2 -23
T 3407 11 0 6 0
E 3407 0 1 13
E 3407 1 1 13
E 3407 2 1 13
E 3407 3 1 13
E 3407 4 1 13
E 3407 5 -3 -35
T 3408 13 0 6 0
E 3408 0 1 15
E 3408 1 1 15
E 3408 2 1 15
E 3408 3 1 15
E 3408 4 1 15
E 3408 5 -3 -33
T 3409 13 0 6 0
E 3409 0 2 20
E 3409 1 2 20
E 3409 2 2 20
E 3409 3 2 20
E 3409 4 2 20
E 3409 5 -3 -28
T 3410 23 0 1 0
E 3410 5 -12 -37
T 3411 12 0 6 0
E 3411 0 2 19
E 3411 1 2 19
E 3411 2 2 19
E 3411 3 2 19
E 3411 4 2 19
E 3411 5 -3 -29
T 3412 11 0 6 0
E 3412 0 1 13
E 3412 1 1 13
E 3412 2 1 13
E 3412 3 1 13
E 3412 4 1 13
E 3412 5 -3 -35
T 3413 22 0 1 0
E 3413 5 -12 -38
T 3414 16 0 6 0
E 3414 0 2 24
E 3414 1 2 24
E 3414 2 2 24
E 3414 3 2 24
E 3414 4 2 24
E 3414 5 -2 -24
T 3415 13 0 6 0
E 3415 0 1 15
E 3415 1 1 15
E 3415 2 1 15
E 3415 3 1 15
E 3415 4 1 15
E 3415 5 -3 -33
T 3416 11 0 6 0
E 3416 0 2 18
E 3416 1 2 18
E 3416 2 2 18
E 3416 3 2 18
E 3416 4 2 18
E 3416 5 -3 -30
T 3417 11 0 6 0
E 3417 0 2 18
E 3417 1 2 18
E 3417 2 2 18
E 3417 3 2 18
E 3417 4 2 18
E 3417 5 -3 -30
T 3418 21 0 1 0
E 3418 5 -13 -40
T 3419 16 0 6 0
E 3419 0 2 24
E 3419 1 2 24
E 3419 2 2 24
E 3419 3 2 24
E 3419 4 2 24
E 3419 5 -2 -24
T 3420 12 0 6 0
E 3420 0 1 14
E 3420 1 1 14
E 3420 2 1 14
E 3420 3 1 14
E 3420 4 1 14
E 3420 5 -3 -34
T 3421 11 0 6 0
E 3421 0 2 18
E 3421 1 2 18
E 3421 2 2 18
E 3421 3 2 18
E 3421 4 2 18
E 3421 5 -3 -30
T 3422 22 0 1 0
E 3422 5 -12 -38
T 3423 14 0 6 0
E 3423 0 3 27
E 3423 1 3 27
E 3423 2 3 27
E 3423 3 3 27
E 3423 4 3 27
E 3423 5 -2 -21
T 3424 11 0 6 0
E 3424 0 1 13
E 3424 1 1 13
E 3424 2 1 13
E 3424 3 1 13
E 3424 4 1 13
E 3424 5 -3 -35
T 3425 24 0 1 0
E 3425 5 -12 -36
T 3426 15 0 6 0
E 3426 0 2 23
E 3426 1 2 23
E 3426 2 2 23
E 3426 3 2 23
E 3426 4 2 23
E 3426 5 -2 -25
T 3427 13 0 6 0
E 3427 0 1 15
E 3427 1 1 15
E 3427 2 1 15
E 3427 3 1 15
E 3427 4 1 15
E 3427 5 -3 -33
T 3428 11 0 6 0
E 3428 0 1 13
E 3428 1 1 13
E 3428 2 1 13
E 3428 3 1 13
E 3428 4 1 13
E 3428 5 -3 -35
T 3429 21 0 1 0
E 3429 5 -13 -40
T 3430 15 0 6 0
E 3430 0 3 28
E 3430 1 3 28
E 3430 2 3 28
E 3430 3 3 28
E 3430 4 3 28
E 3430 5 -2 -20
T 3431 13 0 6 0
E 3431 0 2 20
E 3431 1 2 20
E 3431 2 2 20
E 3431 3 2 20
E 3431 4 2 20
E 3431 5 -3 -28
T 3432 14 0 6 0
E 3432 0 2 21
E 3432 1 2 21
E 3432 2 2 21
E 3432 3 2 21
E 3432 4 2 21
E 3432 5 -3 -27
T 3433 23 0 1 0
E 3433 5 -12 -37
T 3434 14 0 6 0
E 3434 0 2 22
E 3434 1 2 22
E 3434 2 2 22
E 3434 3 2 22
E 3434 4 2 22
E 3434 5 -2 -26
T 3435 14 0 6 0
E 3435 0 2 22
E 3435 1 2 22
E 3435 2 2 22
E 3435 3 2 22
E 3435 4 2 22
E 3435 5 -2 -26
T 3436 22 0 1 0
E 3436 5 -12 -38
T 3437 17 0 6 0
E 3437 0 3 30
E 3437 1 3 30
E 3437 2 3 30
E 3437 3 3 30
E 3437 4 3 30
E 3437 5 -2 -18
T 3438 11 0 6 0
E 3438 0 2 18
E 3438 1 2 18
E 3438 2 2 18
E 3438 3 2 18
E 3438 4 2 18
E 3438 5 -3 -30
T 3439 20 0 1 0
E 3439 5 -13 -41
T 3440 14 0 6 0
E 3440 0 2 21
E 3440 1 2 21
E 3440 2 2 21
E 3440 3 2 21
E 3440 4 2 21
E 3440 5 -3 -27
T 3441 12 0 6 0
E 3441 0 1 14
E 3441 1 1 14
E 3441 2 1 14
E 3441 3 1 14
E 3441 4 1 14
E 3441 5 -3 -34
T 3442 22 0 1 0
E 3442 5 -12 -38
T 3443 17 0 6 0
E 3443 0 2 25
E 3443 1 2 25
E 3443 2 2 25
E 3443 3 2 25
E 3443 4 2 25
E 3443 5 -2 -23
T 3444 14 0 6 0
E 3444 0 2 21
E 3444 1 2 21
E 3444 2 2 21
E 3444 3 2 21
E 3444 4 2 21
E 3444 5 -3 -27
T 3445 14 0 6 0
E 3445 0 2 21
E 3445 1 2 21
E 3445 2 2 21
E 3445 3 2 21
E 3445 4 2 21
E 3445 5 -3 -27
T 3446 12 0 6 0
E 3446 0 1 14
E 3446 1 1 14
E 3446 2 1 14
E 3446 3 1 14
E 3446 4 1 14
E 3446 5 -3 -34
T 3447 13 0 6 0
E 3447 0 1 15
E 3447 1 1 15
E 3447 2 1 15
E 3447 3 1 15
E 3447 4 1 15
E 3447 5 -3 -33
T 3448 23 0 1 0
E 3448 5 -12 -37
T 3449 15 0 6 0
E 3449 0 3 28
E 3449 1 3 28
E 3449 2 3 28
E 3449 3 3 28
E 3449 4 3 28
E 3449 5 -2 -20
T 3450 15 0 6 0
E 3450 0 2 23
E 3450 1 2 23
E 3450 2 2 23
E 3450 3 2 23
E 3450 4 2 23
E 3450 5 -2 -25
T 3451 23 0 1 0
E 3451 5 -12 -37
T 3452 18 0 6 0
E 3452 0 2 26
E 3452 1 2 26
E 3452 2 2 26
E 3452 3 2 26
E 3452 4 2 26
E 3452 5 -2 -22
T 3453 15 0 6 0
E 3453 0 2 23
E 3453 1 2 23
E 3453 2 2 23
E 3453 3 2 23
E 3453 4 2 23
E 3453 5 -2 -25
T 3454 14 0 6 0
E 3454 0 1 16
E 3454 1 1 16
E 3454 2 1 16
E 3454 3 1 16
E 3454 4 1 16
E 3454 5 -3 -32
T 3455 14 0 6 0
E 3455 0 1 16
E 3455 1 1 16
E 3455 2 1 16
E 3455 3 1 16
E 3455 4 1 16
E 3455 5 -3 -32
T 3456 13 0 6 0
E 3456 0 1 15
E 3456 1 1 15
E 3456 2 1 15
E 3456 3 1 15
E 3456 4 1 15
E 3456 5 -3 -33
T 3457 19 0 1 0
E 3457 5 -12 -38
T 3458 12 0 6 0
E 3458 0 1 14
E 3458 1 1 14
E 3458 2 1 14
E 3458 3 1 14
E 3458 4 1 14
E 3458 5 -3 -29
T 3459 12 0 6 0
E 3459 0 1 15
E 3459 1 1 15
E 3459 2 1 15
E 3459 3 1 15
E 3459 4 1 15
E 3459 5 -2 -25
T 3460 18 0 1 0
E 3460 5 -9 -28
T 3461 13 0 6 0
E 3461 0 2 22
E 3461 1 2 22
E 3461 2 2 22
E 3461 3 2 22
E 3461 4 2 22
E 3461 5 -1 -13
T 3462 14 0 1 0
E 3462 5 -8 -26
T 3463 8 0 5 0
E 3463 0 2 18
E 3463 1 2 18
E 3463 2 2 18
E 3463 3 2 18
E 3463 4 2 18
T 3464 17 0 1 0
E 3464 5 -5 -15
T 3465 11 0 5 0
E 3465 0 2 21
E 3465 1 2 21
E 3465 2 2 21
E 3465 3 2 21
E 3465 4 2 21
T 3466 13 0 1 0
E 3466 5 -4 -13
T 3467 9 0 5 0
E 3467 0 1 14
E 3467 1 1 14
E 3467 2 1 14
E 3467 3 1 14
E 3467 4 1 14
T 3468 7 0 0 0
T 3469 5 0 0 0
T 3470 1 0 0 0
T 3471 4 0 0 0
T 3472 2 0 0 0
T 3473 2 0 0 0
T 3474 4 0 0 0
T 3475 3 0 0 0
T 3476 6 0 0 0
T 3477 5 0 1 0
E 3477 5 5 17
T 3478 3 0 1 0
E 3478 5 5 17
T 3479 2 0 1 0
E 3479 5 6 20
T 3480 3 0 0 0
T 3481 5 0 0 0
T 3482 7 0 1 0
E 3482 5 6 19
T 3483 12 0 0 0
T 3484 13 0 1 0
E 3484 5 6 18
T 3485 12 0 5 0
E 3485 0 -1 -17
E 3485 1 -1 -17
E 3485 2 -1 -17
E 3485 3 -1 -17
E 3485 4 -1 -17
T 3486 14 0 1 0
E 3486 5 7 23
T 3487 18 0 1 0
E 3487 5 6 18
T 3488 9 0 5 0
E 3488 0 -2 -19
E 3488 1 -2 -19
E 3488 2 -2 -19
E 3488 3 -2 -19
E 3488 4 -2 -19
T 3489 12 0 6 0
E 3489 0 -1 -16
E 3489 1 -1 -16
E 3489 2 -1 -16
E 3489 3 -1 -16
E 3489 4 -1 -16
E 3489 5 1 14
T 3490 11 0 6 0
E 3490 0 -1 -15
E 3490 1 -1 -15
E 3490 2 -1 -15
E 3490 3 -1 -15
E 3490 4 -1 -15
E 3490 5 1 15
T 3491 13 0 6 0
E 3491 0 -1 -17
E 3491 1 -1 -17
E 3491 2 -1 -17
E 3491 3 -1 -17
E 3491 4 -1 -17
E 3491 5 1 13
T 3492 11 0 6 0
E 3492 0 -1 -15
E 3492 1 -1 -15
E 3492 2 -1 -15
E 3492 3 -1 -15
E 3492 4 -1 -15
E 3492 5 1 15
T 3493 15 0 1 0
E 3493 5 7 22
T 3494 11 0 5 0
E 3494 0 -2 -21
E 3494 1 -2 -21
E 3494 2 -2 -21
E 3494 3 -2 -21
E 3494 4 -2 -21
T 3495 18 0 1 0
E 3495 5 6 18
T 3496 9 0 6 0
E 3496 0 -1 -13
E 3496 1 -1 -13
E 3496 2 -1 -13
E 3496 3 -1 -13
E 3496 4 -1 -13
E 3496 5 1 17
T 3497 12 0 1 0
E 3497 5 8 26
T 3498 15 0 1 0
E 3498 5 7 22
T 3499 12 0 5 0
E 3499 0 -2 -22
E 3499 1 -2 -22
E 3499 2 -2 -22
E 3499 3 -2 -22
E 3499 4 -2 -22
T 3500 11 0 6 0
E 3500 0 -1 -15
E 3500 1 -1 -15
E 3500 2 -1 -15
E 3500 3 -1 -15
E 3500 4 -1 -15
E 3500 5 1 15
T 3501 9 0 6 0
E 3501 0 -1 -13
E 3501 1 -1 -13
E 3501 2 -1 -13
E 3501 3 -1 -13
E 3501 4 -1 -13
E 3501 5 1 17
T 3502 12 0 6 0
E 3502 0 -1 -16
E 3502 1 -1 -16
E 3502 2 -1 -16
E 3502 3 -1 -16
E 3502 4 -1 -16
E 3502 5 1 14
T 3503 13 0 6 0
E 3503 0 -1 -17
E 3503 1 -1 -17
E 3503 2 -1 -17
E 3503 3 -1 -17
E 3503 4 -1 -17
E 3503 5 1 13
T 3504 9 0 5 0
E 3504 0 -2 -19
E 3504 1 -2 -19
E 3504 2 -2 -19
E 3504 3 -2 -19
E 3504 4 -2 -19
T 3505 18 0 1 0
E 3505 5 6 18
T 3506 15 0 5 0
E 3506 0 -2 -25
E 3506 1 -2 -25
E 3506 2 -2 -25
E 3506 3 -2 -25
E 3506 4 -2 -25
T 3507 10 0 6 0
E 3507 0 -1 -13
E 3507 1 -1 -13
E 3507 2 -1 -13
E 3507 3 -1 -13
E 3507 4 -1 -13
E 3507 5 2 18
T 3508 11 0 6 0
E 3508 0 -1 -15
E 3508 1 -1 -15
E 3508 2 -1 -15
E 3508 3 -1 -15
E 3508 4 -1 -15
E 3508 5 1 17
T 3509 10 0 6 0
E 3509 0 -2 -19
E 3509 1 -2 -19
E 3509 2 -2 -19
E 3509 3 -2 -19
E 3509 4 -2 -19
E 3509 5 1 14
T 3510 17 0 1 0
E 3510 5 8 24
T 3511 11 0 6 0
E 3511 0 -2 -20
E 3511 1 -2 -20
E 3511 2 -2 -20
E 3511 3 -2 -20
E 3511 4 -2 -20
E 3511 5 1 14
T 3512 11 0 6 0
E 3512 0 -1 -14
E 3512 1 -1 -14
E 3512 2 -1 -14
E 3512 3 -1 -14
E 3512 4 -1 -14
E 3512 5 2 20
T 3513 16 0 1 0
E 3513 5 9 28
T 3514 11 0 6 0
E 3514 0 -2 -20
E 3514 1 -2 -20
E 3514 2 -2 -20
E 3514 3 -2 -20
E 3514 4 -2 -20
E 3514 5 1 16
T 3515 14 0 6 0
E 3515 0 -1 -17
E 3515 1 -1 -17
E 3515 2 -1 -17
E 3515 3 -1 -17
E 3515 4 -1 -17
E 3515 5 2 19
T 3516 12 0 6 0
E 3516 0 -2 -21
E 3516 1 -2 -21
E 3516 2 -2 -21
E 3516 3 -2 -21
E 3516 4 -2 -21
E 3516 5 1 16
T 3517 14 0 6 0
E 3517 0 -1 -17
E 3517 1 -1 -17
E 3517 2 -1 -17
E 3517 3 -1 -17
E 3517 4 -1 -17
E 3517 5 2 20
T 3518 13 0 6 0
E 3518 0 -1 -16
E 3518 1 -1 -16
E 3518 2 -1 -16
E 3518 3 -1 -16
E 3518 4 -1 -16
E 3518 5 2 22
T 3519 12 0 6 0
E 3519 0 -1 -15
E 3519 1 -1 -15
E 3519 2 -1 -15
E 3519 3 -1 -15
E 3519 4 -1 -15
E 3519 5 2 24
T 3520 13 0 6 0
E 3520 0 -1 -16
E 3520 1 -1 -16
E 3520 2 -1 -16
E 3520 3 -1 -16
E 3520 4 -1 -16
E 3520 5 2 23
T 3521 11 0 6 0
E 3521 0 -1 -13
E 3521 1 -1 -13
E 3521 2 -1 -13
E 3521 3 -1 -13
E 3521 4 -1 -13
E 3521 5 3 27
T 3522 19 0 1 0
E 3522 5 10 31
T 3523 14 0 6 0
E 3523 0 -2 -22
E 3523 1 -2 -22
E 3523 2 -2 -22
E 3523 3 -2 -22
E 3523 4 -2 -22
E 3523 5 2 19
T 3524 14 0 6 0
E 3524 0 -1 -17
E 3524 1 -1 -17
E 3524 2 -1 -17
E 3524 3 -1 -17
E 3524 4 -1 -17
E 3524 5 2 25
T 3525 20 0 1 0
E 3525 5 11 33
T 3526 11 0 6 0
E 3526 0 -2 -19
E 3526 1 -2 -19
E 3526 2 -2 -19
E 3526 3 -2 -19
E 3526 4 -2 -19
E 3526 5 2 24
T 3527 21 0 1 0
E 3527 5 10 32
T 3528 15 0 6 0
E 3528 0 -2 -23
E 3528 1 -2 -23
E 3528 2 -2 -23
E 3528 3 -2 -23
E 3528 4 -2 -23
E 3528 5 2 21
T 3529 13 0 6 0
E 3529 0 -1 -15
E 3529 1 -1 -15
E 3529 2 -1 -15
E 3529 3 -1 -15
E 3529 4 -1 -15
E 3529 5 3 30
T 3530 11 0 6 0
E 3530 0 -2 -19
E 3530 1 -2 -19
E 3530 2 -2 -19
E 3530 3 -2 -19
E 3530 4 -2 -19
E 3530 5 2 26
T 3531 22 0 1 0
E 3531 5 11 35
T 3532 18 0 6 0
E 3532 0 -2 -26
E 3532 1 -2 -26
E 3532 2 -2 -26
E 3532 3 -2 -26
E 3532 4 -2 -26
E 3532 5 2 20
T 3533 16 0 6 0
E 3533 0 -2 -24
E 3533 1 -2 -24
E 3533 2 -2 -24
E 3533 3 -2 -24
E 3533 4 -2 -24
E 3533 5 2 23
T 3534 12 0 6 0
E 3534 0 -2 -19
E 3534 1 -2 -19
E 3534 2 -2 -19
E 3534 3 -2 -19
E 3534 4 -2 -19
E 3534 5 3 29
T 3535 20 0 1 0
E 3535 5 13 41
T 3536 15 0 6 0
E 3536 0 -3 -28
E 3536 1 -3 -28
E 3536 2 -3 -28
E 3536 3 -3 -28
E 3536 4 -3 -28
E 3536 5 2 20
T 3537 12 0 6 0
E 3537 0 -1 -14
E 3537 1 -1 -14
E 3537 2 -1 -14
E 3537 3 -1 -14
E 3537 4 -1 -14
E 3537 5 3 34
T 3538 13 0 6 0
E 3538 0 -1 -15
E 3538 1 -1 -15
E 3538 2 -1 -15
E 3538 3 -1 -15
E 3538 4 -1 -15
E 3538 5 3 33
T 3539 13 0 6 0
E 3539 0 -2 -20
E 3539 1 -2 -20
E 3539 2 -2 -20
E 3539 3 -2 -20
E 3539 4 -2 -20
E 3539 5 3 28
T 3540 24 0 1 0
E 3540 5 12 36
T 3541 17 0 6 0
E 3541 0 -3 -30
E 3541 1 -3 -30
E 3541 2 -3 -30
E 3541 3 -3 -30
E 3541 4 -3 -30
E 3541 5 2 18
T 3542 16 0 6 0
E 3542 0 -2 -24
E 3542 1 -2 -24
E 3542 2 -2 -24
E 3542 3 -2 -24
E 3542 4 -2 -24
E 3542 5 2 24
T 3543 15 0 6 0
E 3543 0 -2 -23
E 3543 1 -2 -23
E 3543 2 -2 -23
E 3543 3 -2 -23
E 3543 4 -2 -23
E 3543 5 2 25
T 3544 15 0 6 0
E 3544 0 -2 -23
E 3544 1 -2 -23
E 3544 2 -2 -23
E 3544 3 -2 -23
E 3544 4 -2 -23
E 3544 5 2 25
T 3545 12 0 6 0
E 3545 0 -2 -19
E 3545 1 -2 -19
E 3545 2 -2 -19
E 3545 3 -2 -19
E 3545 4 -2 -19
E 3545 5 3 29
T 3546 13 0 6 0
E 3546 0 -2 -20
E 3546 1 -2 -20
E 3546 2 -2 -20
E 3546 3 -2 -20
E 3546 4 -2 -20
E 3546 5 3 28
T 3547 13 0 6 0
E 3547 0 -1 -15
E 3547 1 -1 -15
E 3547 2 -1 -15
E 3547 3 -1 -15
E 3547 4 -1 -15
E 3547 5 3 33
T 3548 14 0 6 0
E 3548 0 -2 -21
E 3548 1 -2 -21
E 3548 2 -2 -21
E 3548 3 -2 -21
E 3548 4 -2 -21
E 3548 5 3 27
T 3549 11 0 6 0
E 3549 0 -2 -18
E 3549 1 -2 -18
E 3549 2 -2 -18
E 3549 3 -2 -18
E 3549 4 -2 -18
E 3549 5 3 30
T 3550 22 0 1 0
E 3550 5 12 38
T 3551 14 0 6 0
E 3551 0 -2 -21
E 3551 1 -2 -21
E 3551 2 -2 -21
E 3551 3 -2 -21
E 3551 4 -2 -21
E 3551 5 3 27
T 3552 12 0 6 0
E 3552 0 -1 -14
E 3552 1 -1 -14
E 3552 2 -1 -14
E 3552 3 -1 -14
E 3552 4 -1 -14
E 3552 5 3 34
T 3553 12 0 6 0
E 3553 0 -1 -14
E 3553 1 -1 -14
E 3553 2 -1 -14
E 3553 3 -1 -14
E 3553 4 -1 -14
E 3553 5 3 34
T 3554 15 0 6 0
E 3554 0 -1 -17
E 3554 1 -1 -17
E 3554 2 -1 -17
E 3554 3 -1 -17
E 3554 4 -1 -17
E 3554 5 3 31
T 3555 24 0 1 0
E 3555 5 12 36
T 3556 15 0 6 0
E 3556 0 -3 -28
E 3556 1 -3 -28
E 3556 2 -3 -28
E 3556 3 -3 -28
E 3556 4 -3 -28
E 3556 5 2 20
T 3557 12 0 6 0
E 3557 0 -1 -14
E 3557 1 -1 -14
E 3557 2 -1 -14
E 3557 3 -1 -14
E 3557 4 -1 -14
E 3557 5 3 34
T 3558 13 0 6 0
E 3558 0 -2 -20
E 3558 1 -2 -20
E 3558 2 -2 -20
E 3558 3 -2 -20
E 3558 4 -2 -20
E 3558 5 3 28
T 3559 23 0 1 0
E 3559 5 12 37
T 3560 17 0 6 0
E 3560 0 -2 -25
E 3560 1 -2 -25
E 3560 2 -2 -25
E 3560 3 -2 -25
E 3560 4 -2 -25
E 3560 5 2 23
T 3561 11 0 6 0
E 3561 0 -2 -18
E 3561 1 -2 -18
E 3561 2 -2 -18
E 3561 3 -2 -18
E 3561 4 -2 -18
E 3561 5 3 30
T 3562 12 0 6 0
E 3562 0 -1 -14
E 3562 1 -1 -14
E 3562 2 -1 -14
E 3562 3 -1 -14
E 3562 4 -1 -14
E 3562 5 3 34
T 3563 11 0 6 0
E 3563 0 -2 -18
E 3563 1 -2 -18
E 3563 2 -2 -18
E 3563 3 -2 -18
E 3563 4 -2 -18
E 3563 5 3 30
T 3564 11 0 6 0
E 3564 0 -1 -13
E 3564 1 -1 -13
E 3564 2 -1 -13
E 3564 3 -1 -13
E 3564 4 -1 -13
E 3564 5 3 35
T 3565 12 0 6 0
E 3565 0 -1 -14
E 3565 1 -1 -14
E 3565 2 -1 -14
E 3565 3 -1 -14
E 3565 4 -1 -14
E 3565 5 3 34
T 3566 23 0 1 0
E 3566 5 12 37
T 3567 12 0 6 0
E 3567 0 -2 -19
E 3567 1 -2 -19
E 3567 2 -2 -19
E 3567 3 -2 -19
E 3567 4 -2 -19
E 3567 5 3 29
T 3568 11 0 6 0
E 3568 0 -1 -13
E 3568 1 -1 -13
E 3568 2 -1 -13
E 3568 3 -1 -13
E 3568 4 -1 -13
E 3568 5 3 35
T 3569 13 0 6 0
E 3569 0 -1 -15
E 3569 1 -1 -15
E 3569 2 -1 -15
E 3569 3 -1 -15
E 3569 4 -1 -15
E 3569 5 3 33
T 3570 13 0 6 0
E 3570 0 -2 -20
E 3570 1 -2 -20
E 3570 2 -2 -20
E 3570 3 -2 -20
E 3570 4 -2 -20
E 3570 5 3 28
T 3571 11 0 6 0
E 3571 0 -1 -13
E 3571 1 -1 -13
E 3571 2 -1 -13
E 3571 3 -1 -13
E 3571 4 -1 -13
E 3571 5 3 35
T 3572 12 0 6 0
E 3572 0 -1 -14
E 3572 1 -1 -14
E 3572 2 -1 -14
E 3572 3 -1 -14
E 3572 4 -1 -14
E 3572 5 3 34
T 3573 13 0 6 0
E 3573 0 -1 -15
E 3573 1 -1 -15
E 3573 2 -1 -15
E 3573 3 -1 -15
E 3573 4 -1 -15
E 3573 5 3 33
T 3574 22 0 1 0
E 3574 5 12 38
T 3575 14 0 6 0
E 3575 0 -2 -21
E 3575 1 -2 -21
E 3575 2 -2 -21
E 3575 3 -2 -21
E 3575 4 -2 -21
E 3575 5 3 27
T 3576 13 0 6 0
E 3576 0 -2 -20
E 3576 1 -2 -20
E 3576 2 -2 -20
E 3576 3 -2 -20
E 3576 4 -2 -20
E 3576 5 3 28
T 3577 14 0 6 0
E 3577 0 -1 -16
E 3577 1 -1 -16
E 3577 2 -1 -16
E 3577 3 -1 -16
E 3577 4 -1 -16
E 3577 5 3 32
T 3578 15 0 6 0
E 3578 0 -1 -17
E 3578 1 -1 -17
E 3578 2 -1 -17
E 3578 3 -1 -17
E 3578 4 -1 -17
E 3578 5 3 31
T 3579 14 0 6 0
E 3579 0 -2 -21
E 3579 1 -2 -21
E 3579 2 -2 -21
E 3579 3 -2 -21
E 3579 4 -2 -21
E 3579 5 3 27
T 3580 23 0 1 0
E 3580 5 12 37
T 3581 17 0 6 0
E 3581 0 -2 -25
E 3581 1 -2 -25
E 3581 2 -2 -25
E 3581 3 -2 -25
E 3581 4 -2 -25
E 3581 5 2 23
T 3582 12 0 6 0
E 3582 0 -2 -19
E 3582 1 -2 -19
E 3582 2 -2 -19
E 3582 3 -2 -19
E 3582 4 -2 -19
E 3582 5 3 29
T 3583 14 0 6 0
E 3583 0 -1 -16
E 3583 1 -1 -16
E 3583 2 -1 -16
E 3583 3 -1 -16
E 3583 4 -1 -16
E 3583 5 3 32
T 3584 11 0 6 0
E 3584 0 -1 -13
E 3584 1 -1 -13
E 3584 2 -1 -13
E 3584 3 -1 -13
E 3584 4 -1 -13
E 3584 5 3 35
T 3585 23 0 1 0
E 3585 5 12 37
T 3586 14 0 6 0
E 3586 0 -2 -21
E 3586 1 -2 -21
E 3586 2 -2 -21
E 3586 3 -2 -21
E 3586 4 -2 -21
E 3586 5 3 27
T 3587 22 0 1 0
E 3587 5 12 38
T 3588 14 0 6 0
E 3588 0 -3 -27
E 3588 1 -3 -27
E 3588 2 -3 -27
E 3588 3 -3 -27
E 3588 4 -3 -27
E 3588 5 2 21
T 3589 13 0 6 0
E 3589 0 -2 -20
E 3589 1 -2 -20
E 3589 2 -2 -20
E 3589 3 -2 -20
E 3589 4 -2 -20
E 3589 5 3 28
T 3590 13 0 6 0
E 3590 0 -1 -15
E 3590 1 -1 -15
E 3590 2 -1 -15
E 3590 3 -1 -15
E 3590 4 -1 -15
E 3590 5 3 33
T 3591 14 0 6 0
E 3591 0 -2 -21
E 3591 1 -2 -21
E 3591 2 -2 -21
E 3591 3 -2 -21
E 3591 4 -2 -21
E 3591 5 3 27
T 3592 13 0 6 0
E 3592 0 -1 -15
E 3592 1 -1 -15
E 3592 2 -1 -15
E 3592 3 -1 -15
E 3592 4 -1 -15
E 3592 5 3 33
T 3593 11 0 6 0
E 3593 0 -1 -13
E 3593 1 -1 -13
E 3593 2 -1 -13
E 3593 3 -1 -13
E 3593 4 -1 -13
E 3593 5 3 35
T 3594 11 0 6 0
E 3594 0 -2 -18
E 3594 1 -2 -18
E 3594 2 -2 -18
E 3594 3 -2 -18
E 3594 4 -2 -18
E 3594 5 3 30
T 3595 13 0 6 0
E 3595 0 -1 -15
E 3595 1 -1 -15
E 3595 2 -1 -15
E 3595 3 -1 -15
E 3595 4 -1 -15
E 3595 5 3 33
T 3596 24 0 1 0
E 3596 5 12 36
T 3597 14 0 6 0
E 3597 0 -3 -27
E 3597 1 -3 -27
E 3597 2 -3 -27
E 3597 3 -3 -27
E 3597 4 -3 -27
E 3597 5 2 21
T 3598 14 0 6 0
E 3598 0 -1 -16
E 3598 1 -1 -16
E 3598 2 -1 -16
E 3598 3 -1 -16
E 3598 4 -1 -16
E 3598 5 3 32
T 3599 23 0 1 0
E 3599 5 12 37
T 3600 9 0 6 0
E 3600 0 2 21
E 3600 1 2 21
E 3600 2 2 21
E 3600 3 2 21
E 3600 4 2 21
E 3600 5 2 21
T 3601 10 0 5 0
E 3601 0 1 15
E 3601 1 1 15
E 3601 2 1 15
E 3601 3 1 15
E 3601 4 1 15
T 3602 8 0 5 0
E 3602 0 2 18
E 3602 1 2 18
E 3602 2 2 18
E 3602 3 2 18
E 3602 4 2 18
T 3603 6 0 0 0
T 3604 9 0 5 0
E 3604 0 1 14
E 3604 1 1 14
E 3604 2 1 14
E 3604 3 1 14
E 3604 4 1 14
T 3605 8 0 0 0
T 3606 11 0 0 0
T 3607 10 0 0 0
T 3608 16 0 1 0
E 3608 5 -4 -13
T 3609 12 0 6 0
E 3609 0 1 16
E 3609 1 1 16
E 3609 2 1 16
E 3609 3 1 16
E 3609 4 1 16
E 3609 5 -1 -13
T 3610 10 0 6 0
E 3610 0 1 13
E 3610 1 1 13
E 3610 2 1 13
E 3610 3 1 13
E 3610 4 1 13
E 3610 5 -2 -19
T 3611 11 0 6 0
E 3611 0 1 14
E 3611 1 1 14
E 3611 2 1 14
E 3611 3 1 14
E 3611 4 1 14
E 3611 5 -2 -21
T 3612 11 0 6 0
E 3612 0 1 14
E 3612 1 1 14
E 3612 2 1 14
E 3612 3 1 14
E 3612 4 1 14
E 3612 5 -2 -24
T 3613 10 0 6 0
E 3613 0 2 18
E 3613 1 2 18
E 3613 2 2 18
E 3613 3 2 18
E 3613 4 2 18
E 3613 5 -2 -23
T 3614 20 0 1 0
E 3614 5 -12 -37
T 3615 15 0 6 0
E 3615 0 2 23
E 3615 1 2 23
E 3615 2 2 23
E 3615 3 2 23
E 3615 4 2 23
E 3615 5 -2 -25
T 3616 25 0 1 0
E 3616 5 -13 -39
T 3617 20 0 6 0
E 3617 0 3 33
E 3617 1 3 33
E 3617 2 3 33
E 3617 3 3 33
E 3617 4 3 33
E 3617 5 -2 -21
T 3618 16 0 6 0
E 3618 0 2 23
E 3618 1 2 23
E 3618 2 2 23
E 3618 3 2 23
E 3618 4 2 23
E 3618 5 -3 -34
T 3619 14 0 6 0
E 3619 0 2 20
E 3619 1 2 20
E 3619 2 2 20
E 3619 3 2 20
E 3619 4 2 20
E 3619 5 -4 -41
T 3620 14 1 6 0
E 3620 0 1 14
E 3620 1 1 14
E 3620 2 1 14
E 3620 3 1 14
E 3620 4 1 14
E 3620 5 -5 -50
T 3621 15 0 6 0
E 3621 0 2 20
E 3621 1 2 20
E 3621 2 2 20
E 3621 3 2 20
E 3621 4 2 20
E 3621 5 -5 -47
T 3622 15 0 6 0
E 3622 0 1 14
E 3622 1 1 14
E 3622 2 1 14
E 3622 3 1 14
E 3622 4 1 14
E 3622 5 -6 -56
T 3623 31 0 1 0
E 3623 5 -20 -62
T 3624 19 0 6 0
E 3624 0 3 29
E 3624 1 3 29
E 3624 2 3 29
E 3624 3 3 29
E 3624 4 3 29
E 3624 5 -5 -48
T 3625 22 0 6 0
E 3625 0 2 26
E 3625 1 2 26
E 3625 2 2 26
E 3625 3 2 26
E 3625 4 2 26
E 3625 5 -6 -54
T 3626 20 0 6 0
E 3626 0 2 24
E 3626 1 2 24
E 3626 2 2 24
E 3626 3 2 24
E 3626 4 2 24
E 3626 5 -6 -59
T 3627 20 0 6 0
E 3627 0 2 23
E 3627 1 2 23
E 3627 2 2 23
E 3627 3 2 23
E 3627 4 2 23
E 3627 5 -7 -63
T 3628 19 0 6 0
E 3628 0 2 22
E 3628 1 2 22
E 3628 2 2 22
E 3628 3 2 22
E 3628 4 2 22
E 3628 5 -7 -67
T 3629 20 0 6 0
E 3629 0 2 23
E 3629 1 2 23
E 3629 2 2 23
E 3629 3 2 23
E 3629 4 2 23
E 3629 5 -7 -70
T 3630 14 0 6 0
E 3630 0 2 21
E 3630 1 2 21
E 3630 2 2 21
E 3630 3 2 21
E 3630 4 2 21
E 3630 5 -3 -27
T 3631 13 0 6 0
E 3631 0 1 15
E 3631 1 1 15
E 3631 2 1 15
E 3631 3 1 15
E 3631 4 1 15
E 3631 5 -3 -33
T 3632 15 0 6 0
E 3632 0 1 17
E 3632 1 1 17
E 3632 2 1 17
E 3632 3 1 17
E 3632 4 1 17
E 3632 5 -3 -31
T 3633 14 0 6 0
E 3633 0 2 22
E 3633 1 2 22
E 3633 2 2 22
E 3633 3 2 22
E 3633 4 2 22
E 3633 5 -2 -26
T 3634 14 0 6 0
E 3634 0 2 22
E 3634 1 2 22
E 3634 2 2 22
E 3634 3 2 22
E 3634 4 2 22
E 3634 5 -2 -26
T 3635 12 0 6 0
E 3635 0 2 19
E 3635 1 2 19
E 3635 2 2 19
E 3635 3 2 19
E 3635 4 2 19
E 3635 5 -3 -29
T 3636 20 0 1 0
E 3636 5 -13 -41
T 3637 16 0 6 0
E 3637 0 2 24
E 3637 1 2 24
E 3637 2 2 24
E 3637 3 2 24
E 3637 4 2 24
E 3637 5 -2 -24
T 3638 11 0 6 0
E 3638 0 1 13
E 3638 1 1 13
E 3638 2 1 13
E 3638 3 1 13
E 3638 4 1 13
E 3638 5 -3 -35
T 3639 11 0 6 0
E 3639 0 2 18
E 3639 1 2 18
E 3639 2 2 18
E 3639 3 2 18
E 3639 4 2 18
E 3639 5 -3 -30
T 3640 12 0 6 0
E 3640 0 2 19
E 3640 1 2 19
E 3640 2 2 19
E 3640 3 2 19
E 3640 4 2 19
E 3640 5 -3 -29
T 3641 15 0 6 0
E 3641 0 1 17
E 3641 1 1 17
E 3641 2 1 17
E 3641 3 1 17
E 3641 4 1 17
E 3641 5 -3 -31
T 3642 14 0 6 0
E 3642 0 1 16
E 3642 1 1 16
E 3642 2 1 16
E 3642 3 1 16
E 3642 4 1 16
E 3642 5 -3 -32
T 3643 14 0 6 0
E 3643 0 1 16
E 3643 1 1 16
E 3643 2 1 16
E 3643 3 1 16
E 3643 4 1 16
E 3643 5 -3 -32
T 3644 13 0 6 0
E 3644 0 1 15
E 3644 1 1 15
E 3644 2 1 15
E 3644 3 1 15
E 3644 4 1 15
E 3644 5 -3 -33
T 3645 22 0 1 0
E 3645 5 -13 -39
T 3646 15 0 6 0
E 3646 0 1 17
E 3646 1 1 17
E 3646 2 1 17
E 3646 3 1 17
E 3646 4 1 17
E 3646 5 -3 -31
T 3647 15 0 6 0
E 3647 0 2 23
E 3647 1 2 23
E 3647 2 2 23
E 3647 3 2 23
E 3647 4 2 23
E 3647 5 -2 -25
T 3648 12 0 6 0
E 3648 0 2 19
E 3648 1 2 19
E 3648 2 2 19
E 3648 3 2 19
E 3648 4 2 19
E 3648 5 -3 -29
T 3649 24 0 1 0
E 3649 5 -12 -36
T 3650 16 0 6 0
E 3650 0 3 29
E 3650 1 3 29
E 3650 2 3 29
E 3650 3 3 29
E 3650 4 3 29
E 3650 5 -2 -19
T 3651 11 0 6 0
E 3651 0 1 13
E 3651 1 1 13
E 3651 2 1 13
E 3651 3 1 13
E 3651 4 1 13
E 3651 5 -3 -35
T 3652 13 0 6 0
E 3652 0 1 15
E 3652 1 1 15
E 3652 2 1 15
E 3652 3 1 15
E 3652 4 1 15
E 3652 5 -3 -33
T 3653 13 0 6 0
E 3653 0 1 15
E 3653 1 1 15
E 3653 2 1 15
E 3653 3 1 15
E 3653 4 1 15
E 3653 5 -3 -33
T 3654 11 0 6 0
E 3654 0 1 13
E 3654 1 1 13
E 3654 2 1 13
E 3654 3 1 13
E 3654 4 1 13
E 3654 5 -3 -35
T 3655 11 0 6 0
E 3655 0 1 13
E 3655 1 1 13
E 3655 2 1 13
E 3655 3 1 13
E 3655 4 1 13
E 3655 5 -3 -35
T 3656 15 0 6 0
E 3656 0 1 17
E 3656 1 1 17
E 3656 2 1 17
E 3656 3 1 17
E 3656 4 1 17
E 3656 5 -3 -31
T 3657 23 0 1 0
E 3657 5 -12 -37
T 3658 16 0 6 0
E 3658 0 2 24
E 3658 1 2 24
E 3658 2 2 24
E 3658 3 2 24
E 3658 4 2 24
E 3658 5 -2 -24
T 3659 11 0 6 0
E 3659 0 2 18
E 3659 1 2 18
E 3659 2 2 18
E 3659 3 2 18
E 3659 4 2 18
E 3659 5 -3 -30
T 3660 14 0 6 0
E 3660 0 1 16
E 3660 1 1 16
E 3660 2 1 16
E 3660 3 1 16
E 3660 4 1 16
E 3660 5 -3 -32
T 3661 12 0 6 0
E 3661 0 1 14
E 3661 1 1 14
E 3661 2 1 14
E 3661 3 1 14
E 3661 4 1 14
E 3661 5 -3 -34
T 3662 22 0 1 0
E 3662 5 -13 -39
T 3663 16 0 6 0
E 3663 0 2 24
E 3663 1 2 24
E 3663 2 2 24
E 3663 3 2 24
E 3663 4 2 24
E 3663 5 -2 -24
T 3664 13 0 6 0
E 3664 0 1 15
E 3664 1 1 15
E 3664 2 1 15
E 3664 3 1 15
E 3664 4 1 15
E 3664 5 -3 -33
T 3665 12 0 6 0
E 3665 0 1 14
E 3665 1 1 14
E 3665 2 1 14
E 3665 3 1 14
E 3665 4 1 14
E 3665 5 -3 -34
T 3666 12 0 6 0
E 3666 0 2 19
E 3666 1 2 19
E 3666 2 2 19
E 3666 3 2 19
E 3666 4 2 19
E 3666 5 -3 -29
T 3667 13 0 6 0
E 3667 0 1 15
E 3667 1 1 15
E 3667 2 1 15
E 3667 3 1 15
E 3667 4 1 15
E 3667 5 -3 -33
T 3668 12 0 6 0
E 3668 0 1 14
E 3668 1 1 14
E 3668 2 1 14
E 3668 3 1 14
E 3668 4 1 14
E 3668 5 -3 -34
T 3669 12 0 6 0
E 3669 0 1 14
E 3669 1 1 14
E 3669 2 1 14
E 3669 3 1 14
E 3669 4 1 14
E 3669 5 -3 -34
T 3670 21 0 1 0
E 3670 5 -13 -40
T 3671 11 0 6 0
E 3671 0 2 18
E 3671 1 2 18
E 3671 2 2 18
E 3671 3 2 18
E 3671 4 2 18
E 3671 5 -3 -30
T 3672 22 0 1 0
E 3672 5 -12 -38
T 3673 15 0 6 0
E 3673 0 1 17
E 3673 1 1 17
E 3673 2 1 17
E 3673 3 1 17
E 3673 4 1 17
E 3673 5 -3 -31
T 3674 11 0 6 0
E 3674 0 2 18
E 3674 1 2 18
E 3674 2 2 18
E 3674 3 2 18
E 3674 4 2 18
E 3674 5 -3 -30
T 3675 13 0 6 0
E 3675 0 1 15
E 3675 1 1 15
E 3675 2 1 15
E 3675 3 1 15
E 3675 4 1 15
E 3675 5 -3 -33
T 3676 12 0 6 0
E 3676 0 1 14
E 3676 1 1 14
E 3676 2 1 14
E 3676 3 1 14
E 3676 4 1 14
E 3676 5 -3 -34
T 3677 15 0 6 0
E 3677 0 1 17
E 3677 1 1 17
E 3677 2 1 17
E 3677 3 1 17
E 3677 4 1 17
E 3677 5 -3 -31
T 3678 22 0 1 0
E 3678 5 -12 -38
T 3679 16 0 6 0
E 3679 0 2 24
E 3679 1 2 24
E 3679 2 2 24
E 3679 3 2 24
E 3679 4 2 24
E 3679 5 -2 -24
T 3680 14 0 6 0
E 3680 0 2 22
E 3680 1 2 22
E 3680 2 2 22
E 3680 3 2 22
E 3680 4 2 22
E 3680 5 -2 -26
T 3681 15 0 6 0
E 3681 0 1 17
E 3681 1 1 17
E 3681 2 1 17
E 3681 3 1 17
E 3681 4 1 17
E 3681 5 -3 -31
T 3682 11 0 6 0
E 3682 0 2 18
E 3682 1 2 18
E 3682 2 2 18
E 3682 3 2 18
E 3682 4 2 18
E 3682 5 -3 -30
T 3683 14 0 6 0
E 3683 0 1 16
E 3683 1 1 16
E 3683 2 1 16
E 3683 3 1 16
E 3683 4 1 16
E 3683 5 -3 -32
T 3684 11 0 6 0
E 3684 0 2 18
E 3684 1 2 18
E 3684 2 2 18
E 3684 3 2 18
E 3684 4 2 18
E 3684 5 -3 -30
T 3685 21 0 1 0
E 3685 5 -13 -40
T 3686 18 0 6 0
E 3686 0 2 26
E 3686 1 2 26
E 3686 2 2 26
E 3686 3 2 26
E 3686 4 2 26
E 3686 5 -2 -22
T 3687 13 0 6 0
E 3687 0 1 15
E 3687 1 1 15
E 3687 2 1 15
E 3687 3 1 15
E 3687 4 1 15
E 3687 5 -3 -33
T 3688 21 0 1 0
E 3688 5 -13 -40
T 3689 17 0 6 0
E 3689 0 2 25
E 3689 1 2 25
E 3689 2 2 25
E 3689 3 2 25
E 3689 4 2 25
E 3689 5 -2 -23
T 3690 14 0 6 0
E 3690 0 1 16
E 3690 1 1 16
E 3690 2 1 16
E 3690 3 1 16
E 3690 4 1 16
E 3690 5 -3 -32
T 3691 15 0 6 0
E 3691 0 1 17
E 3691 1 1 17
E 3691 2 1 17
E 3691 3 1 17
E 3691 4 1 17
E 3691 5 -3 -31
T 3692 24 0 1 0
E 3692 5 -12 -36
T 3693 14 0 6 0
E 3693 0 3 27
E 3693 1 3 27
E 3693 2 3 27
E 3693 3 3 27
E 3693 4 3 27
E 3693 5 -2 -21
T 3694 22 0 1 0
E 3694 5 -12 -38
T 3695 15 0 6 0
E 3695 0 3 28
E 3695 1 3 28
E 3695 2 3 28
E 3695 3 3 28
E 3695 4 3 28
E 3695 5 -2 -20
T 3696 14 0 6 0
E 3696 0 2 22
E 3696 1 2 22
E 3696 2 2 22
E 3696 3 2 22
E 3696 4 2 22
E 3696 5 -2 -26
T 3697 11 0 6 0
E 3697 0 1 13
E 3697 1 1 13
E 3697 2 1 13
E 3697 3 1 13
E 3697 4 1 13
E 3697 5 -3 -32
T 3698 12 0 6 0
E 3698 0 1 14
E 3698 1 1 14
E 3698 2 1 14
E 3698 3 1 14
E 3698 4 1 14
E 3698 5 -3 -29
T 3699 19 0 1 0
E 3699 5 -10 -31
T 3700 20 0 1 0
E 3700 5 -8 -25
T 3701 9 0 6 0
E 3701 0 2 18
E 3701 1 2 18
E 3701 2 2 18
E 3701 3 2 18
E 3701 4 2 18
E 3701 5 -1 -17
T 3702 16 0 1 0
E 3702 5 -7 -23
T 3703 17 0 1 0
E 3703 5 -6 -19
T 3704 10 0 5 0
E 3704 0 1 15
E 3704 1 1 15
E 3704 2 1 15
E 3704 3 1 15
E 3704 4 1 15
T 3705 15 0 1 0
E 3705 5 -4 -13
T 3706 9 0 5 0
E 3706 0 1 14
E 3706 1 1 14
E 3706 2 1 14
E 3706 3 1 14
E 3706 4 1 14
T 3707 9 0 1 0
E 3707 5 -4 -14
T 3708 6 0 0 0
T 3709 5 0 1 0
E 3709 5 -4 -13
T 3710 2 0 1 0
E 3710 5 -4 -13
T 3711 3 0 0 0
T 3712 6 0 0 0
T 3713 1 0 0 0
T 3714 3 0 0 0
T 3715 2 0 0 0
T 3716 2 0 0 0
T 3717 9 0 0 0
T 3718 6 0 0 0
T 3719 4 0 0 0
T 3720 5 0 1 0
E 3720 5 5 15
T 3721 10 0 0 0
T 3722 10 0 1 0
E 3722 5 4 14
T 3723 11 0 1 0
E 3723 5 5 16
T 3724 10 0 5 0
E 3724 0 -1 -15
E 3724 1 -1 -15
E 3724 2 -1 -15
E 3724 3 -1 -15
E 3724 4 -1 -15
T 3725 12 0 5 0
E 3725 0 -1 -17
E 3725 1 -1 -17
E 3725 2 -1 -17
E 3725 3 -1 -17
E 3725 4 -1 -17
T 3726 11 0 6 0
E 3726 0 -1 -15
E 3726 1 -1 -15
E 3726 2 -1 -15
E 3726 3 -1 -15
E 3726 4 -1 -15
E 3726 5 1 15
T 3727 14 0 1 0
E 3727 5 8 24
T 3728 10 0 6 0
E 3728 0 -1 -14
E 3728 1 -1 -14
E 3728 2 -1 -14
E 3728 3 -1 -14
E 3728 4 -1 -14
E 3728 5 1 16
T 3729 14 0 1 0
E 3729 5 8 24
T 3730 9 0 6 0
E 3730 0 -1 -13
E 3730 1 -1 -13
E 3730 2 -1 -13
E 3730 3 -1 -13
E 3730 4 -1 -13
E 3730 5 1 17
T 3731 18 0 1 0
E 3731 5 6 18
T 3732 8 0 5 0
E 3732 0 -2 -18
E 3732 1 -2 -18
E 3732 2 -2 -18
E 3732 3 -2 -18
E 3732 4 -2 -18
T 3733 11 0 6 0
E 3733 0 -1 -15
E 3733 1 -1 -15
E 3733 2 -1 -15
E 3733 3 -1 -15
E 3733 4 -1 -15
E 3733 5 1 15
T 3734 13 0 6 0
E 3734 0 -1 -17
E 3734 1 -1 -17
E 3734 2 -1 -17
E 3734 3 -1 -17
E 3734 4 -1 -17
E 3734 5 1 13
T 3735 17 0 1 0
E 3735 5 6 19
T 3736 12 0 6 0
E 3736 0 -1 -16
E 3736 1 -1 -16
E 3736 2 -1 -16
E 3736 3 -1 -16
E 3736 4 -1 -16
E 3736 5 1 14
T 3737 17 0 1 0
E 3737 5 6 19
T 3738 13 0 5 0
E 3738 0 -2 -23
E 3738 1 -2 -23
E 3738 2 -2 -23
E 3738 3 -2 -23
E 3738 4 -2 -23
T 3739 16 0 1 0
E 3739 5 6 20
T 3740 17 0 1 0
E 3740 5 6 19
T 3741 10 0 6 0
E 3741 0 -1 -14
E 3741 1 -1 -14
E 3741 2 -1 -14
E 3741 3 -1 -14
E 3741 4 -1 -14
E 3741 5 1 16
T 3742 14 0 1 0
E 3742 5 8 24
T 3743 9 0 6 0
E 3743 0 -1 -13
E 3743 1 -1 -13
E 3743 2 -1 -13
E 3743 3 -1 -13
E 3743 4 -1 -13
E 3743 5 1 17
T 3744 11 0 6 0
E 3744 0 -1 -15
E 3744 1 -1 -15
E 3744 2 -1 -15
E 3744 3 -1 -15
E 3744 4 -1 -15
E 3744 5 1 15
T 3745 17 0 1 0
E 3745 5 6 19
T 3746 10 0 5 0
E 3746 0 -2 -20
E 3746 1 -2 -20
E 3746 2 -2 -20
E 3746 3 -2 -20
E 3746 4 -2 -20
T 3747 17 0 1 0
E 3747 5 6 20
T 3748 12 0 5 0
E 3748 0 -2 -22
E 3748 1 -2 -22
E 3748 2 -2 -22
E 3748 3 -2 -22
E 3748 4 -2 -22
T 3749 18 0 1 0
E 3749 5 7 22
T 3750 11 0 6 0
E 3750 0 -2 -20
E 3750 1 -2 -20
E 3750 2 -2 -20
E 3750 3 -2 -20
E 3750 4 -2 -20
E 3750 5 1 13
T 3751 16 0 1 0
E 3751 5 8 26
T 3752 13 0 6 0
E 3752 0 -1 -17
E 3752 1 -1 -17
E 3752 2 -1 -17
E 3752 3 -1 -17
E 3752 4 -1 -17
E 3752 5 1 17
T 3753 19 0 1 0
E 3753 5 7 23
T 3754 10 0 6 0
E 3754 0 -2 -19
E 3754 1 -2 -19
E 3754 2 -2 -19
E 3754 3 -2 -19
E 3754 4 -2 -19
E 3754 5 1 17
T 3755 20 0 1 0
E 3755 5 8 24
T 3756 12 0 5 0
E 3756 0 -3 -27
E 3756 1 -3 -27
E 3756 2 -3 -27
E 3756 3 -3 -27
E 3756 4 -3 -27
T 3757 10 0 6 0
E 3757 0 -2 -18
E 3757 1 -2 -18
E 3757 2 -2 -18
E 3757 3 -2 -18
E 3757 4 -2 -18
E 3757 5 2 19
T 3758 20 0 1 0
E 3758 5 9 27
T 3759 13 0 6 0
E 3759 0 -2 -22
E 3759 1 -2 -22
E 3759 2 -2 -22
E 3759 3 -2 -22
E 3759 4 -2 -22
E 3759 5 1 17
T 3760 21 0 1 0
E 3760 5 9 27
T 3761 14 0 6 0
E 3761 0 -2 -23
E 3761 1 -2 -23
E 3761 2 -2 -23
E 3761 3 -2 -23
E 3761 4 -2 -23
E 3761 5 1 17
T 3762 11 0 6 0
E 3762 0 -1 -14
E 3762 1 -1 -14
E 3762 2 -1 -14
E 3762 3 -1 -14
E 3762 4 -1 -14
E 3762 5 2 26
T 3763 10 0 6 0
E 3763 0 -2 -18
E 3763 1 -2 -18
E 3763 2 -2 -18
E 3763 3 -2 -18
E 3763 4 -2 -18
E 3763 5 2 23
T 3764 20 0 1 0
E 3764 5 10 32
T 3765 13 0 6 0
E 3765 0 -2 -21
E 3765 1 -2 -21
E 3765 2 -2 -21
E 3765 3 -2 -21
E 3765 4 -2 -21
E 3765 5 2 21
T 3766 12 0 6 0
E 3766 0 -2 -20
E 3766 1 -2 -20
E 3766 2 -2 -20
E 3766 3 -2 -20
E 3766 4 -2 -20
E 3766 5 2 23
T 3767 21 0 1 0
E 3767 5 11 33
T 3768 10 0 6 0
E 3768 0 -2 -18
E 3768 1 -2 -18
E 3768 2 -2 -18
E 3768 3 -2 -18
E 3768 4 -2 -18
E 3768 5 2 26
T 3769 21 0 1 0
E 3769 5 11 35
T 3770 15 0 6 0
E 3770 0 -2 -23
E 3770 1 -2 -23
E 3770 2 -2 -23
E 3770 3 -2 -23
E 3770 4 -2 -23
E 3770 5 2 22
T 3771 13 0 6 0
E 3771 0 -2 -21
E 3771 1 -2 -21
E 3771 2 -2 -21
E 3771 3 -2 -21
E 3771 4 -2 -21
E 3771 5 2 25
T 3772 12 0 6 0
E 3772 0 -2 -20
E 3772 1 -2 -20
E 3772 2 -2 -20
E 3772 3 -2 -20
E 3772 4 -2 -20
E 3772 5 2 26
T 3773 15 0 6 0
E 3773 0 -1 -17
E 3773 1 -1 -17
E 3773 2 -1 -17
E 3773 3 -1 -17
E 3773 4 -1 -17
E 3773 5 3 30
T 3774 14 0 6 0
E 3774 0 -2 -22
E 3774 1 -2 -22
E 3774 2 -2 -22
E 3774 3 -2 -22
E 3774 4 -2 -22
E 3774 5 2 26
T 3775 23 0 1 0
E 3775 5 12 37
T 3776 17 0 6 0
E 3776 0 -3 -31
E 3776 1 -3 -31
E 3776 2 -3 -31
E 3776 3 -3 -31
E 3776 4 -3 -31
E 3776 5 1 17
T 3777 15 0 6 0
E 3777 0 -1 -17
E 3777 1 -1 -17
E 3777 2 -1 -17
E 3777 3 -1 -17
E 3777 4 -1 -17
E 3777 5 3 31
T 3778 11 0 6 0
E 3778 0 -2 -18
E 3778 1 -2 -18
E 3778 2 -2 -18
E 3778 3 -2 -18
E 3778 4 -2 -18
E 3778 5 3 30
T 3779 20 0 1 0
E 3779 5 13 41
T 3780 14 0 6 0
E 3780 0 -1 -16
E 3780 1 -1 -16
E 3780 2 -1 -16
E 3780 3 -1 -16
E 3780 4 -1 -16
E 3780 5 3 32
T 3781 13 0 6 0
E 3781 0 -1 -15
E 3781 1 -1 -15
E 3781 2 -1 -15
E 3781 3 -1 -15
E 3781 4 -1 -15
E 3781 5 3 33
T 3782 13 0 6 0
E 3782 0 -2 -20
E 3782 1 -2 -20
E 3782 2 -2 -20
E 3782 3 -2 -20
E 3782 4 -2 -20
E 3782 5 3 28
T 3783 11 0 6 0
E 3783 0 -2 -18
E 3783 1 -2 -18
E 3783 2 -2 -18
E 3783 3 -2 -18
E 3783 4 -2 -18
E 3783 5 3 30
T 3784 20 0 1 0
E 3784 5 13 41
T 3785 16 0 6 0
E 3785 0 -2 -24
E 3785 1 -2 -24
E 3785 2 -2 -24
E 3785 3 -2 -24
E 3785 4 -2 -24
E 3785 5 2 24
T 3786 11 0 6 0
E 3786 0 -2 -18
E 3786 1 -2 -18
E 3786 2 -2 -18
E 3786 3 -2 -18
E 3786 4 -2 -18
E 3786 5 3 30
T 3787 22 0 1 0
E 3787 5 13 39
T 3788 13 0 6 0
E 3788 0 -2 -20
E 3788 1 -2 -20
E 3788 2 -2 -20
E 3788 3 -2 -20
E 3788 4 -2 -20
E 3788 5 3 28
T 3789 12 0 6 0
E 3789 0 -1 -14
E 3789 1 -1 -14
E 3789 2 -1 -14
E 3789 3 -1 -14
E 3789 4 -1 -14
E 3789 5 3 34
T 3790 20 0 1 0
E 3790 5 13 41
T 3791 16 0 6 0
E 3791 0 -2 -24
E 3791 1 -2 -24
E 3791 2 -2 -24
E 3791 3 -2 -24
E 3791 4 -2 -24
E 3791 5 2 24
T 3792 12 0 6 0
E 3792 0 -2 -19
E 3792 1 -2 -19
E 3792 2 -2 -19
E 3792 3 -2 -19
E 3792 4 -2 -19
E 3792 5 3 29
T 3793 13 0 6 0
E 3793 0 -1 -15
E 3793 1 -1 -15
E 3793 2 -1 -15
E 3793 3 -1 -15
E 3793 4 -1 -15
E 3793 5 3 33
T 3794 23 0 1 0
E 3794 5 12 37
T 3795 17 0 6 0
E 3795 0 -3 -30
E 3795 1 -3 -30
E 3795 2 -3 -30
E 3795 3 -3 -30
E 3795 4 -3 -30
E 3795 5 2 18
T 3796 15 0 6 0
E 3796 0 -1 -17
E 3796 1 -1 -17
E 3796 2 -1 -17
E 3796 3 -1 -17
E 3796 4 -1 -17
E 3796 5 3 31
T 3797 14 0 6 0
E 3797 0 -2 -21
E 3797 1 -2 -21
E 3797 2 -2 -21
E 3797 3 -2 -21
E 3797 4 -2 -21
E 3797 5 3 27
T 3798 12 0 6 0
E 3798 0 -2 -19
E 3798 1 -2 -19
E 3798 2 -2 -19
E 3798 3 -2 -19
E 3798 4 -2 -19
E 3798 5 3 29
T 3799 24 0 1 0
E 3799 5 12 36
T 3800 16 0 6 0
E 3800 0 -3 -29
E 3800 1 -3 -29
E 3800 2 -3 -29
E 3800 3 -3 -29
E 3800 4 -3 -29
E 3800 5 2 19
T 3801 11 0 6 0
E 3801 0 -1 -13
E 3801 1 -1 -13
E 3801 2 -1 -13
E 3801 3 -1 -13
E 3801 4 -1 -13
E 3801 5 3 35
T 3802 22 0 1 0
E 3802 5 13 39
T 3803 14 0 6 0
E 3803 0 -2 -21
E 3803 1 -2 -21
E 3803 2 -2 -21
E 3803 3 -2 -21
E 3803 4 -2 -21
E 3803 5 3 27
T 3804 23 0 1 0
E 3804 5 12 37
T 3805 13 0 6 0
E 3805 0 -2 -20
E 3805 1 -2 -20
E 3805 2 -2 -20
E 3805 3 -2 -20
E 3805 4 -2 -20
E 3805 5 3 28
T 3806 11 0 6 0
E 3806 0 -1 -13
E 3806 1 -1 -13
E 3806 2 -1 -13
E 3806 3 -1 -13
E 3806 4 -1 -13
E 3806 5 3 35
T 3807 22 0 1 0
E 3807 5 13 39
T 3808 12 0 6 0
E 3808 0 -2 -19
E 3808 1 -2 -19
E 3808 2 -2 -19
E 3808 3 -2 -19
E 3808 4 -2 -19
E 3808 5 3 29
T 3809 21 0 1 0
E 3809 5 13 40
T 3810 17 0 6 0
E 3810 0 -2 -25
E 3810 1 -2 -25
E 3810 2 -2 -25
E 3810 3 -2 -25
E 3810 4 -2 -25
E 3810 5 2 23
T 3811 14 0 6 0
E 3811 0 -1 -16
E 3811 1 -1 -16
E 3811 2 -1 -16
E 3811 3 -1 -16
E 3811 4 -1 -16
E 3811 5 3 32
T 3812 14 0 6 0
E 3812 0 -1 -16
E 3812 1 -1 -16
E 3812 2 -1 -16
E 3812 3 -1 -16
E 3812 4 -1 -16
E 3812 5 3 32
T 3813 11 0 6 0
E 3813 0 -2 -18
E 3813 1 -2 -18
E 3813 2 -2 -18
E 3813 3 -2 -18
E 3813 4 -2 -18
E 3813 5 3 30
T 3814 20 0 1 0
E 3814 5 13 41
T 3815 13 0 6 0
E 3815 0 -2 -20
E 3815 1 -2 -20
E 3815 2 -2 -20
E 3815 3 -2 -20
E 3815 4 -2 -20
E 3815 5 3 28
T 3816 15 0 6 0
E 3816 0 -1 -17
E 3816 1 -1 -17
E 3816 2 -1 -17
E 3816 3 -1 -17
E 3816 4 -1 -17
E 3816 5 3 31
T 3817 11 0 6 0
E 3817 0 -1 -13
E 3817 1 -1 -13
E 3817 2 -1 -13
E 3817 3 -1 -13
E 3817 4 -1 -13
E 3817 5 3 35
T 3818 14 0 6 0
E 3818 0 -1 -16
E 3818 1 -1 -16
E 3818 2 -1 -16
E 3818 3 -1 -16
E 3818 4 -1 -16
E 3818 5 3 32
T 3819 12 0 6 0
E 3819 0 -1 -14
E 3819 1 -1 -14
E 3819 2 -1 -14
E 3819 3 -1 -14
E 3819 4 -1 -14
E 3819 5 3 34
T 3820 11 0 6 0
E 3820 0 -2 -18
E 3820 1 -2 -18
E 3820 2 -2 -18
E 3820 3 -2 -18
E 3820 4 -2 -18
E 3820 5 3 30
T 3821 13 0 6 0
E 3821 0 -1 -15
E 3821 1 -1 -15
E 3821 2 -1 -15
E 3821 3 -1 -15
E 3821 4 -1 -15
E 3821 5 3 33
T 3822 12 0 6 0
E 3822 0 -2 -19
E 3822 1 -2 -19
E 3822 2 -2 -19
E 3822 3 -2 -19
E 3822 4 -2 -19
E 3822 5 3 29
T 3823 13 0 6 0
E 3823 0 -2 -20
E 3823 1 -2 -20
E 3823 2 -2 -20
E 3823 3 -2 -20
E 3823 4 -2 -20
E 3823 5 3 28
T 3824 15 0 6 0
E 3824 0 -1 -17
E 3824 1 -1 -17
E 3824 2 -1 -17
E 3824 3 -1 -17
E 3824 4 -1 -17
E 3824 5 3 31
T 3825 14 0 6 0
E 3825 0 -2 -21
E 3825 1 -2 -21
E 3825 2 -2 -21
E 3825 3 -2 -21
E 3825 4 -2 -21
E 3825 5 3 27
T 3826 11 0 6 0
E 3826 0 -2 -18
E 3826 1 -2 -18
E 3826 2 -2 -18
E 3826 3 -2 -18
E 3826 4 -2 -18
E 3826 5 3 30
T 3827 11 0 6 0
E 3827 0 -1 -13
E 3827 1 -1 -13
E 3827 2 -1 -13
E 3827 3 -1 -13
E 3827 4 -1 -13
E 3827 5 3 35
T 3828 14 0 6 0
E 3828 0 -1 -16
E 3828 1 -1 -16
E 3828 2 -1 -16
E 3828 3 -1 -16
E 3828 4 -1 -16
E 3828 5 3 32
T 3829 11 0 6 0
E 3829 0 -1 -13
E 3829 1 -1 -13
E 3829 2 -1 -13
E 3829 3 -1 -13
E 3829 4 -1 -13
E 3829 5 3 35
T 3830 20 0 1 0
E 3830 5 14 42
T 3831 15 0 6 0
E 3831 0 -1 -17
E 3831 1 -1 -17
E 3831 2 -1 -17
E 3831 3 -1 -17
E 3831 4 -1 -17
E 3831 5 3 31
T 3832 22 0 1 0
E 3832 5 12 38
T 3833 13 0 6 0
E 3833 0 -2 -20
E 3833 1 -2 -20
E 3833 2 -2 -20
E 3833 3 -2 -20
E 3833 4 -2 -20
E 3833 5 3 28
T 3834 23 0 1 0
E 3834 5 12 37
T 3835 14 0 6 0
E 3835 0 -2 -22
E 3835 1 -2 -22
E 3835 2 -2 -22
E 3835 3 -2 -22
E 3835 4 -2 -22
E 3835 5 2 26
T 3836 14 0 6 0
E 3836 0 -2 -22
E 3836 1 -2 -22
E 3836 2 -2 -22
E 3836 3 -2 -22
E 3836 4 -2 -22
E 3836 5 2 26
T 3837 13 0 6 0
E 3837 0 -1 -15
E 3837 1 -1 -15
E 3837 2 -1 -15
E 3837 3 -1 -15
E 3837 4 -1 -15
E 3837 5 3 33
T 3838 22 0 1 0
E 3838 5 13 39
T 3839 13 0 6 0
E 3839 0 -2 -20
E 3839 1 -2 -20
E 3839 2 -2 -20
E 3839 3 -2 -20
E 3839 4 -2 -20
E 3839 5 3 28
T 3840 17 0 6 0
E 3840 0 3 35
E 3840 1 3 35
E 3840 2 3 35
E 3840 3 3 35
E 3840 4 3 35
E 3840 5 3 35
T 3841 9 0 5 0
E 3841 0 1 14
E 3841 1 1 14
E 3841 2 1 14
E 3841 3 1 14
E 3841 4 1 14
T 3842 12 0 0 0
T 3843 7 0 0 0
T 3844 9 0 5 0
E 3844 0 1 14
E 3844 1 1 14
E 3844 2 1 14
E 3844 3 1 14
E 3844 4 1 14
T 3845 12 0 5 0
E 3845 0 1 17
E 3845 1 1 17
E 3845 2 1 17
E 3845 3 1 17
E 3845 4 1 17
T 3846 8 0 5 0
E 3846 0 1 13
E 3846 1 1 13
E 3846 2 1 13
E 3846 3 1 13
E 3846 4 1 13
T 3847 12 0 1 0
E 3847 5 -5 -15
T 3848 14 0 1 0
E 3848 5 -5 -16
T 3849 10 0 5 0
E 3849 0 2 20
E 3849 1 2 20
E 3849 2 2 20
E 3849 3 2 20
E 3849 4 2 20
T 3850 12 0 6 0
E 3850 0 1 16
E 3850 1 1 16
E 3850 2 1 16
E 3850 3 1 16
E 3850 4 1 16
E 3850 5 -1 -16
T 3851 17 0 1 0
E 3851 5 -9 -27
T 3852 14 0 6 0
E 3852 0 1 17
E 3852 1 1 17
E 3852 2 1 17
E 3852 3 1 17
E 3852 4 1 17
E 3852 5 -2 -21
T 3853 11 0 6 0
E 3853 0 2 19
E 3853 1 2 19
E 3853 2 2 19
E 3853 3 2 19
E 3853 4 2 19
E 3853 5 -2 -22
T 3854 22 0 1 0
E 3854 5 -11 -34
T 3855 15 0 6 0
E 3855 0 3 28
E 3855 1 3 28
E 3855 2 3 28
E 3855 3 3 28
E 3855 4 3 28
E 3855 5 -2 -20
T 3856 15 0 6 0
E 3856 0 2 22
E 3856 1 2 22
E 3856 2 2 22
E 3856 3 2 22
E 3856 4 2 22
E 3856 5 -3 -29
T 3857 14 0 6 0
E 3857 0 2 21
E 3857 1 2 21
E 3857 2 2 21
E 3857 3 2 21
E 3857 4 2 21
E 3857 5 -3 -33
T 3858 13 0 6 0
E 3858 0 2 19
E 3858 1 2 19
E 3858 2 2 19
E 3858 3 2 19
E 3858 4 2 19
E 3858 5 -4 -38
T 3859 15 0 6 0
E 3859 0 2 21
E 3859 1 2 21
E 3859 2 2 21
E 3859 3 2 21
E 3859 4 2 21
E 3859 5 -4 -40
T 3860 16 0 6 0
E 3860 0 2 22
E 3860 1 2 22
E 3860 2 2 22
E 3860 3 2 22
E 3860 4 2 22
E 3860 5 -4 -42
T 3861 17 0 6 0
E 3861 0 2 22
E 3861 1 2 22
E 3861 2 2 22
E 3861 3 2 22
E 3861 4 2 22
E 3861 5 -5 -45
T 3862 20 0 6 0
E 3862 0 2 25
E 3862 1 2 25
E 3862 2 2 25
E 3862 3 2 25
E 3862 4 2 25
E 3862 5 -5 -45
T 3863 18 0 6 0
E 3863 0 2 23
E 3863 1 2 23
E 3863 2 2 23
E 3863 3 2 23
E 3863 4 2 23
E 3863 5 -5 -50
T 3864 15 0 6 0
E 3864 0 2 19
E 3864 1 2 19
E 3864 2 2 19
E 3864 3 2 19
E 3864 4 2 19
E 3864 5 -6 -58
T 3865 17 0 6 0
E 3865 0 1 15
E 3865 1 1 15
E 3865 2 1 15
E 3865 3 1 15
E 3865 4 1 15
E 3865 5 -7 -65
T 3866 35 0 1 0
E 3866 5 -23 -71
T 3867 26 0 6 0
E 3867 0 4 42
E 3867 1 4 42
E 3867 2 4 42
E 3867 3 4 42
E 3867 4 4 42
E 3867 5 -4 -44
T 3868 21 0 6 0
E 3868 0 2 24
E 3868 1 2 24
E 3868 2 2 24
E 3868 3 2 24
E 3868 4 2 24
E 3868 5 -7 -65
T 3869 21 0 6 0
E 3869 0 2 24
E 3869 1 2 24
E 3869 2 2 24
E 3869 3 2 24
E 3869 4 2 24
E 3869 5 -7 -69
T 3870 15 0 6 0
E 3870 0 3 28
E 3870 1 3 28
E 3870 2 3 28
E 3870 3 3 28
E 3870 4 3 28
E 3870 5 -2 -20
T 3871 14 0 6 0
E 3871 0 2 21
E 3871 1 2 21
E 3871 2 2 21
E 3871 3 2 21
E 3871 4 2 21
E 3871 5 -3 -27
T 3872 12 0 6 0
E 3872 0 1 14
E 3872 1 1 14
E 3872 2 1 14
E 3872 3 1 14
E 3872 4 1 14
E 3872 5 -3 -34
T 3873 12 0 6 0
E 3873 0 2 19
E 3873 1 2 19
E 3873 2 2 19
E 3873 3 2 19
E 3873 4 2 19
E 3873 5 -3 -29
T 3874 11 0 6 0
E 3874 0 2 18
E 3874 1 2 18
E 3874 2 2 18
E 3874 3 2 18
E 3874 4 2 18
E 3874 5 -3 -30
T 3875 20 0 1 0
E 3875 5 -13 -41
T 3876 13 0 6 0
E 3876 0 2 20
E 3876 1 2 20
E 3876 2 2 20
E 3876 3 2 20
E 3876 4 2 20
E 3876 5 -3 -28
T 3877 22 0 1 0
E 3877 5 -13 -39
T 3878 12 0 6 0
E 3878 0 2 19
E 3878 1 2 19
E 3878 2 2 19
E 3878 3 2 19
E 3878 4 2 19
E 3878 5 -3 -29
T 3879 13 0 6 0
E 3879 0 2 20
E 3879 1 2 20
E 3879 2 2 20
E 3879 3 2 20
E 3879 4 2 20
E 3879 5 -3 -28
T 3880 12 0 6 0
E 3880 0 1 14
E 3880 1 1 14
E 3880 2 1 14
E 3880 3 1 14
E 3880 4 1 14
E 3880 5 -3 -34
T 3881 13 0 6 0
E 3881 0 1 15
E 3881 1 1 15
E 3881 2 1 15
E 3881 3 1 15
E 3881 4 1 15
E 3881 5 -3 -33
T 3882 22 0 1 0
E 3882 5 -13 -39
T 3883 15 0 6 0
E 3883 0 1 17
E 3883 1 1 17
E 3883 2 1 17
E 3883 3 1 17
E 3883 4 1 17
E 3883 5 -3 -31
T 3884 12 0 6 0
E 3884 0 1 14
E 3884 1 1 14
E 3884 2 1 14
E 3884 3 1 14
E 3884 4 1 14
E 3884 5 -3 -34
T 3885 11 0 6 0
E 3885 0 1 13
E 3885 1 1 13
E 3885 2 1 13
E 3885 3 1 13
E 3885 4 1 13
E 3885 5 -3 -35
T 3886 22 0 1 0
E 3886 5 -12 -38
T 3887 17 0 6 0
E 3887 0 3 30
E 3887 1 3 30
E 3887 2 3 30
E 3887 3 3 30
E 3887 4 3 30
E 3887 5 -2 -18
T 3888 24 0 1 0
E 3888 5 -12 -36
T 3889 13 0 6 0
E 3889 0 2 20
E 3889 1 2 20
E 3889 2 2 20
E 3889 3 2 20
E 3889 4 2 20
E 3889 5 -3 -28
T 3890 22 0 1 0
E 3890 5 -12 -38
T 3891 18 0 6 0
E 3891 0 2 26
E 3891 1 2 26
E 3891 2 2 26
E 3891 3 2 26
E 3891 4 2 26
E 3891 5 -2 -22
T 3892 11 0 6 0
E 3892 0 2 18
E 3892 1 2 18
E 3892 2 2 18
E 3892 3 2 18
E 3892 4 2 18
E 3892 5 -3 -30
T 3893 23 0 1 0
E 3893 5 -12 -37
T 3894 12 0 6 0
E 3894 0 2 19
E 3894 1 2 19
E 3894 2 2 19
E 3894 3 2 19
E 3894 4 2 19
E 3894 5 -3 -29
T 3895 11 0 6 0
E 3895 0 2 18
E 3895 1 2 18
E 3895 2 2 18
E 3895 3 2 18
E 3895 4 2 18
E 3895 5 -3 -30
T 3896 14 0 6 0
E 3896 0 1 16
E 3896 1 1 16
E 3896 2 1 16
E 3896 3 1 16
E 3896 4 1 16
E 3896 5 -3 -32
T 3897 12 0 6 0
E 3897 0 1 14
E 3897 1 1 14
E 3897 2 1 14
E 3897 3 1 14
E 3897 4 1 14
E 3897 5 -3 -34
T 3898 24 0 1 0
E 3898 5 -12 -36
T 3899 14 0 6 0
E 3899 0 3 27
E 3899 1 3 27
E 3899 2 3 27
E 3899 3 3 27
E 3899 4 3 27
E 3899 5 -2 -21
T 3900 23 0 1 0
E 3900 5 -12 -37
T 3901 16 0 6 0
E 3901 0 2 24
E 3901 1 2 24
E 3901 2 2 24
E 3901 3 2 24
E 3901 4 2 24
E 3901 5 -2 -24
T 3902 13 0 6 0
E 3902 0 1 15
E 3902 1 1 15
E 3902 2 1 15
E 3902 3 1 15
E 3902 4 1 15
E 3902 5 -3 -33
T 3903 13 0 6 0
E 3903 0 2 20
E 3903 1 2 20
E 3903 2 2 20
E 3903 3 2 20
E 3903 4 2 20
E 3903 5 -3 -28
T 3904 24 0 1 0
E 3904 5 -12 -36
T 3905 17 0 6 0
E 3905 0 2 25
E 3905 1 2 25
E 3905 2 2 25
E 3905 3 2 25
E 3905 4 2 25
E 3905 5 -2 -23
T 3906 11 0 6 0
E 3906 0 2 18
E 3906 1 2 18
E 3906 2 2 18
E 3906 3 2 18
E 3906 4 2 18
E 3906 5 -3 -30
T 3907 24 0 1 0
E 3907 5 -12 -36
T 3908 12 0 6 0
E 3908 0 2 19
E 3908 1 2 19
E 3908 2 2 19
E 3908 3 2 19
E 3908 4 2 19
E 3908 5 -3 -29
T 3909 22 0 1 0
E 3909 5 -12 -38
T 3910 15 0 6 0
E 3910 0 2 23
E 3910 1 2 23
E 3910 2 2 23
E 3910 3 2 23
E 3910 4 2 23
E 3910 5 -2 -25
T 3911 15 0 6 0
E 3911 0 1 17
E 3911 1 1 17
E 3911 2 1 17
E 3911 3 1 17
E 3911 4 1 17
E 3911 5 -3 -31
T 3912 13 0 6 0
E 3912 0 2 20
E 3912 1 2 20
E 3912 2 2 20
E 3912 3 2 20
E 3912 4 2 20
E 3912 5 -3 -28
T 3913 14 0 6 0
E 3913 0 1 16
E 3913 1 1 16
E 3913 2 1 16
E 3913 3 1 16
E 3913 4 1 16
E 3913 5 -3 -32
T 3914 24 0 1 0
E 3914 5 -12 -36
T 3915 15 0 6 0
E 3915 0 3 28
E 3915 1 3 28
E 3915 2 3 28
E 3915 3 3 28
E 3915 4 3 28
E 3915 5 -2 -20
T 3916 14 0 6 0
E 3916 0 1 16
E 3916 1 1 16
E 3916 2 1 16
E 3916 3 1 16
E 3916 4 1 16
E 3916 5 -3 -32
T 3917 23 0 1 0
E 3917 5 -12 -37
T 3918 15 0 6 0
E 3918 0 3 28
E 3918 1 3 28
E 3918 2 3 28
E 3918 3 3 28
E 3918 4 3 28
E 3918 5 -2 -20
T 3919 15 0 6 0
E 3919 0 1 17
E 3919 1 1 17
E 3919 2 1 17
E 3919 3 1 17
E 3919 4 1 17
E 3919 5 -3 -31
T 3920 14 0 6 0
E 3920 0 2 22
E 3920 1 2 22
E 3920 2 2 22
E 3920 3 2 22
E 3920 4 2 22
E 3920 5 -2 -26
T 3921 13 0 6 0
E 3921 0 2 20
E 3921 1 2 20
E 3921 2 2 20
E 3921 3 2 20
E 3921 4 2 20
E 3921 5 -3 -28
T 3922 22 0 1 0
E 3922 5 -12 -38
T 3923 15 0 6 0
E 3923 0 3 28
E 3923 1 3 28
E 3923 2 3 28
E 3923 3 3 28
E 3923 4 3 28
E 3923 5 -2 -20
T 3924 23 0 1 0
E 3924 5 -12 -37
T 3925 15 0 6 0
E 3925 0 3 28
E 3925 1 3 28
E 3925 2 3 28
E 3925 3 3 28
E 3925 4 3 28
E 3925 5 -2 -20
T 3926 22 0 1 0
E 3926 5 -12 -38
T 3927 14 0 6 0
E 3927 0 2 22
E 3927 1 2 22
E 3927 2 2 22
E 3927 3 2 22
E 3927 4 2 22
E 3927 5 -2 -26
T 3928 15 0 6 0
E 3928 0 1 17
E 3928 1 1 17
E 3928 2 1 17
E 3928 3 1 17
E 3928 4 1 17
E 3928 5 -3 -31
T 3929 14 0 6 0
E 3929 0 1 16
E 3929 1 1 16
E 3929 2 1 16
E 3929 3 1 16
E 3929 4 1 16
E 3929 5 -3 -32
T 3930 15 0 6 0
E 3930 0 1 17
E 3930 1 1 17
E 3930 2 1 17
E 3930 3 1 17
E 3930 4 1 17
E 3930 5 -3 -31
T 3931 14 0 6 0
E 3931 0 2 22
E 3931 1 2 22
E 3931 2 2 22
E 3931 3 2 22
E 3931 4 2 22
E 3931 5 -2 -26
T 3932 12 0 6 0
E 3932 0 1 14
E 3932 1 1 14
E 3932 2 1 14
E 3932 3 1 14
E 3932 4 1 14
E 3932 5 -3 -34
T 3933 11 0 6 0
E 3933 0 2 18
E 3933 1 2 18
E 3933 2 2 18
E 3933 3 2 18
E 3933 4 2 18
E 3933 5 -3 -30
T 3934 23 0 1 0
E 3934 5 -12 -37
T 3935 17 0 6 0
E 3935 0 2 25
E 3935 1 2 25
E 3935 2 2 25
E 3935 3 2 25
E 3935 4 2 25
E 3935 5 -2 -23
T 3936 13 0 6 0
E 3936 0 1 15
E 3936 1 1 15
E 3936 2 1 15
E 3936 3 1 15
E 3936 4 1 15
E 3936 5 -3 -33
T 3937 14 0 6 0
E 3937 0 1 16
E 3937 1 1 16
E 3937 2 1 16
E 3937 3 1 16
E 3937 4 1 16
E 3937 5 -3 -29
T 3938 13 0 6 0
E 3938 0 1 15
E 3938 1 1 15
E 3938 2 1 15
E 3938 3 1 15
E 3938 4 1 15
E 3938 5 -3 -28
T 3939 18 0 1 0
E 3939 5 -11 -33
T 3940 12 0 6 0
E 3940 0 1 15
E 3940 1 1 15
E 3940 2 1 15
E 3940 3 1 15
E 3940 4 1 15
E 3940 5 -2 -22
T 3941 11 0 6 0
E 3941 0 1 14
E 3941 1 1 14
E 3941 2 1 14
E 3941 3 1 14
E 3941 4 1 14
E 3941 5 -2 -21
T 3942 12 0 6 0
E 3942 0 1 16
E 3942 1 1 16
E 3942 2 1 16
E 3942 3 1 16
E 3942 4 1 16
E 3942 5 -1 -16
T 3943 14 0 1 0
E 3943 5 -7 -23
T 3944 16 0 1 0
E 3944 5 -5 -16
T 3945 14 0 1 0
E 3945 5 -4 -14
T 3946 9 0 5 0
E 3946 0 2 19
E 3946 1 2 19
E 3946 2 2 19
E 3946 3 2 19
E 3946 4 2 19
T 3947 10 0 1 0
E 3947 5 -4 -13
T 3948 10 0 5 0
E 3948 0 1 15
E 3948 1 1 15
E 3948 2 1 15
E 3948 3 1 15
E 3948 4 1 15
T 3949 7 0 0 0
T 3950 6 0 0 0
T 3951 1 0 0 0
T 3952 2 0 0 0
T 3953 2 0 0 0
T 3954 3 0 0 0
T 3955 1 0 0 0
T 3956 5 0 0 0
T 3957 3 0 0 0
T 3958 4 0 0 0
T 3959 0 0 0 0
T 3960 3 0 0 0
T 3961 9 0 0 0
T 3962 9 0 0 0
T 3963 11 0 1 0
E 3963 5 5 16
T 3964 15 0 1 0
E 3964 5 5 15
T 3965 8 0 5 0
E 3965 0 -2 -18
E 3965 1 -2 -18
E 3965 2 -2 -18
E 3965 3 -2 -18
E 3965 4 -2 -18
T 3966 15 0 1 0
E 3966 5 7 22
T 3967 11 0 5 0
E 3967 0 -2 -21
E 3967 1 -2 -21
E 3967 2 -2 -21
E 3967 3 -2 -21
E 3967 4 -2 -21
T 3968 8 0 5 0
E 3968 0 -2 -18
E 3968 1 -2 -18
E 3968 2 -2 -18
E 3968 3 -2 -18
E 3968 4 -2 -18
T 3969 13 0 1 0
E 3969 5 8 25
T 3970 17 0 1 0
E 3970 5 6 19
T 3971 11 0 6 0
E 3971 0 -1 -15
E 3971 1 -1 -15
E 3971 2 -1 -15
E 3971 3 -1 -15
E 3971 4 -1 -15
E 3971 5 1 15
T 3972 8 0 5 0
E 3972 0 -2 -18
E 3972 1 -2 -18
E 3972 2 -2 -18
E 3972 3 -2 -18
E 3972 4 -2 -18
T 3973 16 0 1 0
E 3973 5 7 21
T 3974 12 0 5 0
E 3974 0 -2 -22
E 3974 1 -2 -22
E 3974 2 -2 -22
E 3974 3 -2 -22
E 3974 4 -2 -22
T 3975 11 0 6 0
E 3975 0 -1 -15
E 3975 1 -1 -15
E 3975 2 -1 -15
E 3975 3 -1 -15
E 3975 4 -1 -15
E 3975 5 1 15
T 3976 14 0 1 0
E 3976 5 8 24
T 3977 11 0 6 0
E 3977 0 -1 -15
E 3977 1 -1 -15
E 3977 2 -1 -15
E 3977 3 -1 -15
E 3977 4 -1 -15
E 3977 5 1 15
T 3978 14 0 1 0
E 3978 5 8 24
T 3979 12 0 6 0
E 3979 0 -1 -16
E 3979 1 -1 -16
E 3979 2 -1 -16
E 3979 3 -1 -16
E 3979 4 -1 -16
E 3979 5 1 14
T 3980 12 0 6 0
E 3980 0 -1 -16
E 3980 1 -1 -16
E 3980 2 -1 -16
E 3980 3 -1 -16
E 3980 4 -1 -16
E 3980 5 1 14
T 3981 12 0 6 0
E 3981 0 -1 -16
E 3981 1 -1 -16
E 3981 2 -1 -16
E 3981 3 -1 -16
E 3981 4 -1 -16
E 3981 5 1 14
T 3982 15 0 1 0
E 3982 5 7 22
T 3983 12 0 6 0
E 3983 0 -1 -16
E 3983 1 -1 -16
E 3983 2 -1 -16
E 3983 3 -1 -16
E 3983 4 -1 -16
E 3983 5 1 14
T 3984 11 0 6 0
E 3984 0 -1 -15
E 3984 1 -1 -15
E 3984 2 -1 -15
E 3984 3 -1 -15
E 3984 4 -1 -15
E 3984 5 1 15
T 3985 17 0 1 0
E 3985 5 6 19
T 3986 12 0 5 0
E 3986 0 -2 -22
E 3986 1 -2 -22
E 3986 2 -2 -22
E 3986 3 -2 -22
E 3986 4 -2 -22
T 3987 17 0 1 0
E 3987 5 6 20
T 3988 12 0 5 0
E 3988 0 -2 -22
E 3988 1 -2 -22
E 3988 2 -2 -22
E 3988 3 -2 -22
E 3988 4 -2 -22
T 3989 19 0 1 0
E 3989 5 7 21
T 3990 12 0 6 0
E 3990 0 -1 -16
E 3990 1 -1 -16
E 3990 2 -1 -16
E 3990 3 -1 -16
E 3990 4 -1 -16
E 3990 5 1 17
T 3991 18 0 1 0
E 3991 5 7 23
T 3992 11 0 6 0
E 3992 0 -2 -20
E 3992 1 -2 -20
E 3992 2 -2 -20
E 3992 3 -2 -20
E 3992 4 -2 -20
E 3992 5 1 14
T 3993 19 0 1 0
E 3993 5 7 23
T 3994 16 0 5 0
E 3994 0 -2 -26
E 3994 1 -2 -26
E 3994 2 -2 -26
E 3994 3 -2 -26
E 3994 4 -2 -26
T 3995 10 0 6 0
E 3995 0 -2 -18
E 3995 1 -2 -18
E 3995 2 -2 -18
E 3995 3 -2 -18
E 3995 4 -2 -18
E 3995 5 2 18
T 3996 16 0 1 0
E 3996 5 10 31
T 3997 20 0 1 0
E 3997 5 8 25
T 3998 12 0 6 0
E 3998 0 -2 -21
E 3998 1 -2 -21
E 3998 2 -2 -21
E 3998 3 -2 -21
E 3998 4 -2 -21
E 3998 5 1 17
T 3999 19 0 1 0
E 3999 5 10 30
T 4000 13 0 6 0
E 4000 0 -2 -22
E 4000 1 -2 -22
E 4000 2 -2 -22
E 4000 3 -2 -22
E 4000 4 -2 -22
E 4000 5 1 17
T 4001 14 0 6 0
E 4001 0 -1 -17
E 4001 1 -1 -17
E 4001 2 -1 -17
E 4001 3 -1 -17
E 4001 4 -1 -17
E 4001 5 2 23
T 4002 11 0 6 0
E 4002 0 -1 -13
E 4002 1 -1 -13
E 4002 2 -1 -13
E 4002 3 -1 -13
E 4002 4 -1 -13
E 4002 5 3 27
T 4003 11 0 6 0
E 4003 0 -1 -13
E 4003 1 -1 -13
E 4003 2 -1 -13
E 4003 3 -1 -13
E 4003 4 -1 -13
E 4003 5 3 28
T 4004 14 0 6 0
E 4004 0 -1 -17
E 4004 1 -1 -17
E 4004 2 -1 -17
E 4004 3 -1 -17
E 4004 4 -1 -17
E 4004 5 2 25
T 4005 13 0 6 0
E 4005 0 -1 -15
E 4005 1 -1 -15
E 4005 2 -1 -15
E 4005 3 -1 -15
E 4005 4 -1 -15
E 4005 5 3 27
T 4006 21 0 1 0
E 4006 5 11 33
T 4007 14 0 6 0
E 4007 0 -3 -28
E 4007 1 -3 -28
E 4007 2 -3 -28
E 4007 3 -3 -28
E 4007 4 -3 -28
E 4007 5 1 15
T 4008 22 0 1 0
E 4008 5 10 32
T 4009 12 0 6 0
E 4009 0 -2 -20
E 4009 1 -2 -20
E 4009 2 -2 -20
E 4009 3 -2 -20
E 4009 4 -2 -20
E 4009 5 2 25
T 4010 19 0 1 0
E 4010 5 12 38
T 4011 12 0 6 0
E 4011 0 -2 -20
E 4011 1 -2 -20
E 4011 2 -2 -20
E 4011 3 -2 -20
E 4011 4 -2 -20
E 4011 5 2 26
T 4012 11 0 6 0
E 4012 0 -1 -13
E 4012 1 -1 -13
E 4012 2 -1 -13
E 4012 3 -1 -13
E 4012 4 -1 -13
E 4012 5 3 33
T 4013 15 0 6 0
E 4013 0 -1 -17
E 4013 1 -1 -17
E 4013 2 -1 -17
E 4013 3 -1 -17
E 4013 4 -1 -17
E 4013 5 3 30
T 4014 14 0 6 0
E 4014 0 -2 -22
E 4014 1 -2 -22
E 4014 2 -2 -22
E 4014 3 -2 -22
E 4014 4 -2 -22
E 4014 5 2 26
T 4015 22 0 1 0
E 4015 5 13 39
T 4016 15 0 6 0
E 4016 0 -2 -23
E 4016 1 -2 -23
E 4016 2 -2 -23
E 4016 3 -2 -23
E 4016 4 -2 -23
E 4016 5 2 25
T 4017 22 0 1 0
E 4017 5 12 38
T 4018 15 0 6 0
E 4018 0 -2 -23
E 4018 1 -2 -23
E 4018 2 -2 -23
E 4018 3 -2 -23
E 4018 4 -2 -23
E 4018 5 2 25
T 4019 13 0 6 0
E 4019 0 -1 -15
E 4019 1 -1 -15
E 4019 2 -1 -15
E 4019 3 -1 -15
E 4019 4 -1 -15
E 4019 5 3 33
T 4020 14 0 6 0
E 4020 0 -1 -16
E 4020 1 -1 -16
E 4020 2 -1 -16
E 4020 3 -1 -16
E 4020 4 -1 -16
E 4020 5 3 32
T 4021 14 0 6 0
E 4021 0 -2 -21
E 4021 1 -2 -21
E 4021 2 -2 -21
E 4021 3 -2 -21
E 4021 4 -2 -21
E 4021 5 3 27
T 4022 14 0 6 0
E 4022 0 -1 -16
E 4022 1 -1 -16
E 4022 2 -1 -16
E 4022 3 -1 -16
E 4022 4 -1 -16
E 4022 5 3 32
T 4023 14 0 6 0
E 4023 0 -2 -21
E 4023 1 -2 -21
E 4023 2 -2 -21
E 4023 3 -2 -21
E 4023 4 -2 -21
E 4023 5 3 27
T 4024 13 0 6 0
E 4024 0 -1 -15
E 4024 1 -1 -15
E 4024 2 -1 -15
E 4024 3 -1 -15
E 4024 4 -1 -15
E 4024 5 3 33
T 4025 13 0 6 0
E 4025 0 -2 -20
E 4025 1 -2 -20
E 4025 2 -2 -20
E 4025 3 -2 -20
E 4025 4 -2 -20
E 4025 5 3 28
T 4026 15 0 6 0
E 4026 0 -1 -17
E 4026 1 -1 -17
E 4026 2 -1 -17
E 4026 3 -1 -17
E 4026 4 -1 -17
E 4026 5 3 31
T 4027 23 0 1 0
E 4027 5 12 37
T 4028 17 0 6 0
E 4028 0 -3 -30
E 4028 1 -3 -30
E 4028 2 -3 -30
E 4028 3 -3 -30
E 4028 4 -3 -30
E 4028 5 2 18
T 4029 12 0 6 0
E 4029 0 -2 -19
E 4029 1 -2 -19
E 4029 2 -2 -19
E 4029 3 -2 -19
E 4029 4 -2 -19
E 4029 5 3 29
T 4030 12 0 6 0
E 4030 0 -2 -19
E 4030 1 -2 -19
E 4030 2 -2 -19
E 4030 3 -2 -19
E 4030 4 -2 -19
E 4030 5 3 29
T 4031 11 0 6 0
E 4031 0 -2 -18
E 4031 1 -2 -18
E 4031 2 -2 -18
E 4031 3 -2 -18
E 4031 4 -2 -18
E 4031 5 3 30
T 4032 11 0 6 0
E 4032 0 -2 -18
E 4032 1 -2 -18
E 4032 2 -2 -18
E 4032 3 -2 -18
E 4032 4 -2 -18
E 4032 5 3 30
T 4033 20 0 1 0
E 4033 5 13 41
T 4034 17 0 6 0
E 4034 0 -2 -25
E 4034 1 -2 -25
E 4034 2 -2 -25
E 4034 3 -2 -25
E 4034 4 -2 -25
E 4034 5 2 23
T 4035 14 0 6 0
E 4035 0 -1 -16
E 4035 1 -1 -16
E 4035 2 -1 -16
E 4035 3 -1 -16
E 4035 4 -1 -16
E 4035 5 3 32
T 4036 12 0 6 0
E 4036 0 -1 -14
E 4036 1 -1 -14
E 4036 2 -1 -14
E 4036 3 -1 -14
E 4036 4 -1 -14
E 4036 5 3 34
T 4037 24 0 1 0
E 4037 5 12 36
T 4038 13 0 6 0
E 4038 0 -2 -20
E 4038 1 -2 -20
E 4038 2 -2 -20
E 4038 3 -2 -20
E 4038 4 -2 -20
E 4038 5 3 28
T 4039 11 0 6 0
E 4039 0 -2 -18
E 4039 1 -2 -18
E 4039 2 -2 -18
E 4039 3 -2 -18
E 4039 4 -2 -18
E 4039 5 3 30
T 4040 20 0 1 0
E 4040 5 13 41
T 4041 16 0 6 0
E 4041 0 -2 -24
E 4041 1 -2 -24
E 4041 2 -2 -24
E 4041 3 -2 -24
E 4041 4 -2 -24
E 4041 5 2 24
T 4042 13 0 6 0
E 4042 0 -1 -15
E 4042 1 -1 -15
E 4042 2 -1 -15
E 4042 3 -1 -15
E 4042 4 -1 -15
E 4042 5 3 33
T 4043 22 0 1 0
E 4043 5 12 38
T 4044 16 0 6 0
E 4044 0 -3 -29
E 4044 1 -3 -29
E 4044 2 -3 -29
E 4044 3 -3 -29
E 4044 4 -3 -29
E 4044 5 2 19
T 4045 23 0 1 0
E 4045 5 12 37
T 4046 17 0 6 0
E 4046 0 -3 -31
E 4046 1 -3 -31
E 4046 2 -3 -31
E 4046 3 -3 -31
E 4046 4 -3 -31
E 4046 5 1 17
T 4047 12 0 6 0
E 4047 0 -1 -14
E 4047 1 -1 -14
E 4047 2 -1 -14
E 4047 3 -1 -14
E 4047 4 -1 -14
E 4047 5 3 34
T 4048 24 0 1 0
E 4048 5 12 36
T 4049 15 0 6 0
E 4049 0 -2 -23
E 4049 1 -2 -23
E 4049 2 -2 -23
E 4049 3 -2 -23
E 4049 4 -2 -23
E 4049 5 2 25
T 4050 23 0 1 0
E 4050 5 12 37
T 4051 14 0 6 0
E 4051 0 -3 -27
E 4051 1 -3 -27
E 4051 2 -3 -27
E 4051 3 -3 -27
E 4051 4 -3 -27
E 4051 5 2 21
T 4052 12 0 6 0
E 4052 0 -2 -19
E 4052 1 -2 -19
E 4052 2 -2 -19
E 4052 3 -2 -19
E 4052 4 -2 -19
E 4052 5 3 29
T 4053 22 0 1 0
E 4053 5 13 39
T 4054 11 0 6 0
E 4054 0 -2 -18
E 4054 1 -2 -18
E 4054 2 -2 -18
E 4054 3 -2 -18
E 4054 4 -2 -18
E 4054 5 3 30
T 4055 13 0 6 0
E 4055 0 -1 -15
E 4055 1 -1 -15
E 4055 2 -1 -15
E 4055 3 -1 -15
E 4055 4 -1 -15
E 4055 5 3 33
T 4056 15 0 6 0
E 4056 0 -1 -17
E 4056 1 -1 -17
E 4056 2 -1 -17
E 4056 3 -1 -17
E 4056 4 -1 -17
E 4056 5 3 31
T 4057 14 0 6 0
E 4057 0 -1 -16
E 4057 1 -1 -16
E 4057 2 -1 -16
E 4057 3 -1 -16
E 4057 4 -1 -16
E 4057 5 3 32
T 4058 13 0 6 0
E 4058 0 -2 -20
E 4058 1 -2 -20
E 4058 2 -2 -20
E 4058 3 -2 -20
E 4058 4 -2 -20
E 4058 5 3 28
T 4059 23 0 1 0
E 4059 5 12 37
T 4060 15 0 6 0
E 4060 0 -3 -28
E 4060 1 -3 -28
E 4060 2 -3 -28
E 4060 3 -3 -28
E 4060 4 -3 -28
E 4060 5 2 20
T 4061 15 0 6 0
E 4061 0 -2 -23
E 4061 1 -2 -23
E 4061 2 -2 -23
E 4061 3 -2 -23
E 4061 4 -2 -23
E 4061 5 2 25
T 4062 11 0 6 0
E 4062 0 -2 -18
E 4062 1 -2 -18
E 4062 2 -2 -18
E 4062 3 -2 -18
E 4062 4 -2 -18
E 4062 5 3 30
T 4063 24 0 1 0
E 4063 5 12 36
T 4064 17 0 6 0
E 4064 0 -3 -30
E 4064 1 -3 -30
E 4064 2 -3 -30
E 4064 3 -3 -30
E 4064 4 -3 -30
E 4064 5 2 18
T 4065 15 0 6 0
E 4065 0 -2 -23
E 4065 1 -2 -23
E 4065 2 -2 -23
E 4065 3 -2 -23
E 4065 4 -2 -23
E 4065 5 2 25
T 4066 14 0 6 0
E 4066 0 -1 -16
E 4066 1 -1 -16
E 4066 2 -1 -16
E 4066 3 -1 -16
E 4066 4 -1 -16
E 4066 5 3 32
T 4067 15 0 6 0
E 4067 0 -1 -17
E 4067 1 -1 -17
E 4067 2 -1 -17
E 4067 3 -1 -17
E 4067 4 -1 -17
E 4067 5 3 31
T 4068 12 0 6 0
E 4068 0 -2 -19
E 4068 1 -2 -19
E 4068 2 -2 -19
E 4068 3 -2 -19
E 4068 4 -2 -19
E 4068 5 3 29
T 4069 12 0 6 0
E 4069 0 -2 -19
E 4069 1 -2 -19
E 4069 2 -2 -19
E 4069 3 -2 -19
E 4069 4 -2 -19
E 4069 5 3 29
T 4070 11 0 6 0
E 4070 0 -2 -18
E 4070 1 -2 -18
E 4070 2 -2 -18
E 4070 3 -2 -18
E 4070 4 -2 -18
E 4070 5 3 30
T 4071 23 0 1 0
E 4071 5 12 37
T 4072 14 0 6 0
E 4072 0 -2 -21
E 4072 1 -2 -21
E 4072 2 -2 -21
E 4072 3 -2 -21
E 4072 4 -2 -21
E 4072 5 3 27
T 4073 14 0 6 0
E 4073 0 -1 -16
E 4073 1 -1 -16
E 4073 2 -1 -16
E 4073 3 -1 -16
E 4073 4 -1 -16
E 4073 5 3 32
T 4074 23 0 1 0
E 4074 5 12 37
T 4075 16 0 6 0
E 4075 0 -2 -24
E 4075 1 -2 -24
E 4075 2 -2 -24
E 4075 3 -2 -24
E 4075 4 -2 -24
E 4075 5 2 24
T 4076 24 0 1 0
E 4076 5 12 36
T 4077 17 0 6 0
E 4077 0 -3 -30
E 4077 1 -3 -30
E 4077 2 -3 -30
E 4077 3 -3 -30
E 4077 4 -3 -30
E 4077 5 2 18
T 4078 11 0 6 0
E 4078 0 -2 -18
E 4078 1 -2 -18
E 4078 2 -2 -18
E 4078 3 -2 -18
E 4078 4 -2 -18
E 4078 5 3 30
T 4079 12 0 6 0
E 4079 0 -2 -19
E 4079 1 -2 -19
E 4079 2 -2 -19
E 4079 3 -2 -19
E 4079 4 -2 -19
E 4079 5 3 29
T 4080 13 0 6 0
E 4080 0 3 31
E 4080 1 3 31
E 4080 2 3 31
E 4080 3 3 31
E 4080 4 3 31
E 4080 5 3 31
T 4081 10 0 6 0
E 4081 0 1 16
E 4081 1 1 16
E 4081 2 1 16
E 4081 3 1 16
E 4081 4 1 16
E 4081 5 1 13
T 4082 10 0 0 0
T 4083 6 0 0 0
T 4084 3 0 0 0
T 4085 4 0 0 0
T 4086 11 0 0 0
T 4087 8 0 5 0
E 4087 0 2 18
E 4087 1 2 18
E 4087 2 2 18
E 4087 3 2 18
E 4087 4 2 18
T 4088 13 0 1 0
E 4088 5 -5 -17
T 4089 10 0 6 0
E 4089 0 1 14
E 4089 1 1 14
E 4089 2 1 14
E 4089 3 1 14
E 4089 4 1 14
E 4089 5 -1 -15
T 4090 13 0 6 0
E 4090 0 1 17
E 4090 1 1 17
E 4090 2 1 17
E 4090 3 1 17
E 4090 4 1 17
E 4090 5 -1 -15
T 4091 19 0 1 0
E 4091 5 -7 -23
T 4092 14 0 6 0
E 4092 0 1 17
E 4092 1 1 17
E 4092 2 1 17
E 4092 3 1 17
E 4092 4 1 17
E 4092 5 -2 -21
T 4093 21 0 1 0
E 4093 5 -10 -30
T 4094 16 0 6 0
E 4094 0 2 24
E 4094 1 2 24
E 4094 2 2 24
E 4094 3 2 24
E 4094 4 2 24
E 4094 5 -2 -21
T 4095 24 0 1 0
E 4095 5 -12 -36
T 4096 16 0 6 0
E 4096 0 2 23
E 4096 1 2 23
E 4096 2 2 23
E 4096 3 2 23
E 4096 4 2 23
E 4096 5 -3 -28
T 4097 14 0 6 0
E 4097 0 2 21
E 4097 1 2 21
E 4097 2 2 21
E 4097 3 2 21
E 4097 4 2 21
E 4097 5 -3 -33
T 4098 14 0 6 0
E 4098 0 1 15
E 4098 1 1 15
E 4098 2 1 15
E 4098 3 1 15
E 4098 4 1 15
E 4098 5 -4 -42
T 4099 16 0 6 0
E 4099 0 2 22
E 4099 1 2 22
E 4099 2 2 22
E 4099 3 2 22
E 4099 4 2 22
E 4099 5 -4 -39
T 4100 17 1 6 0
E 4100 0 1 17
E 4100 1 1 17
E 4100 2 1 17
E 4100 3 1 17
E 4100 4 1 17
E 4100 5 -5 -47
T 4101 16 1 6 0
E 4101 0 1 16
E 4101 1 1 16
E 4101 2 1 16
E 4101 3 1 16
E 4101 4 1 16
E 4101 5 -5 -51
T 4102 16 0 6 0
E 4102 0 1 15
E 4102 1 1 15
E 4102 2 1 15
E 4102 3 1 15
E 4102 4 1 15
E 4102 5 -6 -55
T 4103 18 0 6 0
E 4103 0 2 23
E 4103 1 2 23
E 4103 2 2 23
E 4103 3 2 23
E 4103 4 2 23
E 4103 5 -5 -50
T 4104 16 0 6 0
E 4104 0 1 14
E 4104 1 1 14
E 4104 2 1 14
E 4104 3 1 14
E 4104 4 1 14
E 4104 5 -7 -63
T 4105 15 0 6 0
E 4105 0 2 19
E 4105 1 2 19
E 4105 2 2 19
E 4105 3 2 19
E 4105 4 2 19
E 4105 5 -6 -61
T 4106 17 0 6 0
E 4106 0 1 15
E 4106 1 1 15
E 4106 2 1 15
E 4106 3 1 15
E 4106 4 1 15
E 4106 5 -7 -68
T 4107 17 0 6 0
E 4107 0 1 14
E 4107 1 1 14
E 4107 2 1 14
E 4107 3 1 14
E 4107 4 1 14
E 4107 5 -8 -72
T 4108 17 0 6 0
E 4108 0 1 14
E 4108 1 1 14
E 4108 2 1 14
E 4108 3 1 14
E 4108 4 1 14
E 4108 5 -8 -75
T 4109 17 0 6 0
E 4109 0 2 19
E 4109 1 2 19
E 4109 2 2 19
E 4109 3 2 19
E 4109 4 2 19
E 4109 5 -8 -74
T 4110 14 0 6 0
E 4110 0 2 21
E 4110 1 2 21
E 4110 2 2 21
E 4110 3 2 21
E 4110 4 2 21
E 4110 5 -3 -27
T 4111 12 0 6 0
E 4111 0 2 19
E 4111 1 2 19
E 4111 2 2 19
E 4111 3 2 19
E 4111 4 2 19
E 4111 5 -3 -29
T 4112 24 0 1 0
E 4112 5 -12 -36
T 4113 16 0 6 0
E 4113 0 2 24
E 4113 1 2 24
E 4113 2 2 24
E 4113 3 2 24
E 4113 4 2 24
E 4113 5 -2 -24
T 4114 14 0 6 0
E 4114 0 1 16
E 4114 1 1 16
E 4114 2 1 16
E 4114 3 1 16
E 4114 4 1 16
E 4114 5 -3 -32
T 4115 14 0 6 0
E 4115 0 2 22
E 4115 1 2 22
E 4115 2 2 22
E 4115 3 2 22
E 4115 4 2 22
E 4115 5 -2 -26
T 4116 14 0 6 0
E 4116 0 2 21
E 4116 1 2 21
E 4116 2 2 21
E 4116 3 2 21
E 4116 4 2 21
E 4116 5 -3 -27
T 4117 12 0 6 0
E 4117 0 2 19
E 4117 1 2 19
E 4117 2 2 19
E 4117 3 2 19
E 4117 4 2 19
E 4117 5 -3 -29
T 4118 12 0 6 0
E 4118 0 2 19
E 4118 1 2 19
E 4118 2 2 19
E 4118 3 2 19
E 4118 4 2 19
E 4118 5 -3 -29
T 4119 11 0 6 0
E 4119 0 2 18
E 4119 1 2 18
E 4119 2 2 18
E 4119 3 2 18
E 4119 4 2 18
E 4119 5 -3 -30
T 4120 13 0 6 0
E 4120 0 1 15
E 4120 1 1 15
E 4120 2 1 15
E 4120 3 1 15
E 4120 4 1 15
E 4120 5 -3 -33
T 4121 12 0 6 0
E 4121 0 1 14
E 4121 1 1 14
E 4121 2 1 14
E 4121 3 1 14
E 4121 4 1 14
E 4121 5 -3 -34
T 4122 11 0 6 0
E 4122 0 1 13
E 4122 1 1 13
E 4122 2 1 13
E 4122 3 1 13
E 4122 4 1 13
E 4122 5 -3 -35
T 4123 13 0 6 0
E 4123 0 1 15
E 4123 1 1 15
E 4123 2 1 15
E 4123 3 1 15
E 4123 4 1 15
E 4123 5 -3 -33
T 4124 22 0 1 0
E 4124 5 -13 -39
T 4125 14 0 6 0
E 4125 0 2 22
E 4125 1 2 22
E 4125 2 2 22
E 4125 3 2 22
E 4125 4 2 22
E 4125 5 -2 -26
T 4126 11 0 6 0
E 4126 0 1 13
E 4126 1 1 13
E 4126 2 1 13
E 4126 3 1 13
E 4126 4 1 13
E 4126 5 -3 -35
T 4127 11 0 6 0
E 4127 0 2 18
E 4127 1 2 18
E 4127 2 2 18
E 4127 3 2 18
E 4127 4 2 18
E 4127 5 -3 -30
T 4128 21 0 1 0
E 4128 5 -13 -40
T 4129 16 0 6 0
E 4129 0 3 29
E 4129 1 3 29
E 4129 2 3 29
E 4129 3 3 29
E 4129 4 3 29
E 4129 5 -2 -19
T 4130 11 0 6 0
E 4130 0 1 13
E 4130 1 1 13
E 4130 2 1 13
E 4130 3 1 13
E 4130 4 1 13
E 4130 5 -3 -35
T 4131 11 0 6 0
E 4131 0 1 13
E 4131 1 1 13
E 4131 2 1 13
E 4131 3 1 13
E 4131 4 1 13
E 4131 5 -3 -35
T 4132 15 0 6 0
E 4132 0 1 17
E 4132 1 1 17
E 4132 2 1 17
E 4132 3 1 17
E 4132 4 1 17
E 4132 5 -3 -31
T 4133 11 0 6 0
E 4133 0 2 18
E 4133 1 2 18
E 4133 2 2 18
E 4133 3 2 18
E 4133 4 2 18
E 4133 5 -3 -30
T 4134 22 0 1 0
E 4134 5 -12 -38
T 4135 12 0 6 0
E 4135 0 2 19
E 4135 1 2 19
E 4135 2 2 19
E 4135 3 2 19
E 4135 4 2 19
E 4135 5 -3 -29
T 4136 11 0 6 0
E 4136 0 1 13
E 4136 1 1 13
E 4136 2 1 13
E 4136 3 1 13
E 4136 4 1 13
E 4136 5 -3 -35
T 4137 22 0 1 0
E 4137 5 -13 -39
T 4138 14 0 6 0
E 4138 0 2 21
E 4138 1 2 21
E 4138 2 2 21
E 4138 3 2 21
E 4138 4 2 21
E 4138 5 -3 -27
T 4139 13 0 6 0
E 4139 0 2 20
E 4139 1 2 20
E 4139 2 2 20
E 4139 3 2 20
E 4139 4 2 20
E 4139 5 -3 -28
T 4140 12 0 6 0
E 4140 0 2 19
E 4140 1 2 19
E 4140 2 2 19
E 4140 3 2 19
E 4140 4 2 19
E 4140 5 -3 -29
T 4141 22 0 1 0
E 4141 5 -13 -39
T 4142 15 0 6 0
E 4142 0 2 23
E 4142 1 2 23
E 4142 2 2 23
E 4142 3 2 23
E 4142 4 2 23
E 4142 5 -2 -25
T 4143 11 0 6 0
E 4143 0 1 13
E 4143 1 1 13
E 4143 2 1 13
E 4143 3 1 13
E 4143 4 1 13
E 4143 5 -3 -35
T 4144 20 0 1 0
E 4144 5 -13 -41
T 4145 11 0 6 0
E 4145 0 2 18
E 4145 1 2 18
E 4145 2 2 18
E 4145 3 2 18
E 4145 4 2 18
E 4145 5 -3 -30
T 4146 20 0 1 0
E 4146 5 -13 -41
T 4147 12 0 6 0
E 4147 0 2 19
E 4147 1 2 19
E 4147 2 2 19
E 4147 3 2 19
E 4147 4 2 19
E 4147 5 -3 -29
T 4148 20 0 1 0
E 4148 5 -13 -41
T 4149 15 0 6 0
E 4149 0 1 17
E 4149 1 1 17
E 4149 2 1 17
E 4149 3 1 17
E 4149 4 1 17
E 4149 5 -3 -31
T 4150 14 0 6 0
E 4150 0 2 22
E 4150 1 2 22
E 4150 2 2 22
E 4150 3 2 22
E 4150 4 2 22
E 4150 5 -2 -26
T 4151 13 0 6 0
E 4151 0 1 15
E 4151 1 1 15
E 4151 2 1 15
E 4151 3 1 15
E 4151 4 1 15
E 4151 5 -3 -33
T 4152 22 0 1 0
E 4152 5 -13 -39
T 4153 15 0 6 0
E 4153 0 1 17
E 4153 1 1 17
E 4153 2 1 17
E 4153 3 1 17
E 4153 4 1 17
E 4153 5 -3 -31
T 4154 14 0 6 0
E 4154 0 1 16
E 4154 1 1 16
E 4154 2 1 16
E 4154 3 1 16
E 4154 4 1 16
E 4154 5 -3 -32
T 4155 15 0 6 0
E 4155 0 1 17
E 4155 1 1 17
E 4155 2 1 17
E 4155 3 1 17
E 4155 4 1 17
E 4155 5 -3 -31
T 4156 24 0 1 0
E 4156 5 -12 -36
T 4157 16 0 6 0
E 4157 0 3 29
E 4157 1 3 29
E 4157 2 3 29
E 4157 3 3 29
E 4157 4 3 29
E 4157 5 -2 -19
T 4158 14 0 6 0
E 4158 0 2 21
E 4158 1 2 21
E 4158 2 2 21
E 4158 3 2 21
E 4158 4 2 21
E 4158 5 -3 -27
T 4159 15 0 6 0
E 4159 0 1 17
E 4159 1 1 17
E 4159 2 1 17
E 4159 3 1 17
E 4159 4 1 17
E 4159 5 -3 -31
T 4160 24 0 1 0
E 4160 5 -12 -36
T 4161 18 0 6 0
E 4161 0 2 26
E 4161 1 2 26
E 4161 2 2 26
E 4161 3 2 26
E 4161 4 2 26
E 4161 5 -2 -22
T 4162 14 0 6 0
E 4162 0 2 21
E 4162 1 2 21
E 4162 2 2 21
E 4162 3 2 21
E 4162 4 2 21
E 4162 5 -3 -27
T 4163 11 0 6 0
E 4163 0 1 13
E 4163 1 1 13
E 4163 2 1 13
E 4163 3 1 13
E 4163 4 1 13
E 4163 5 -3 -35
T 4164 12 0 6 0
E 4164 0 2 19
E 4164 1 2 19
E 4164 2 2 19
E 4164 3 2 19
E 4164 4 2 19
E 4164 5 -3 -29
T 4165 13 0 6 0
E 4165 0 2 20
E 4165 1 2 20
E 4165 2 2 20
E 4165 3 2 20
E 4165 4 2 20
E 4165 5 -3 -28
T 4166 23 0 1 0
E 4166 5 -12 -37
T 4167 14 0 6 0
E 4167 0 3 27
E 4167 1 3 27
E 4167 2 3 27
E 4167 3 3 27
E 4167 4 3 27
E 4167 5 -2 -21
T 4168 24 0 1 0
E 4168 5 -12 -36
T 4169 16 0 6 0
E 4169 0 2 24
E 4169 1 2 24
E 4169 2 2 24
E 4169 3 2 24
E 4169 4 2 24
E 4169 5 -2 -24
T 4170 14 0 6 0
E 4170 0 2 22
E 4170 1 2 22
E 4170 2 2 22
E 4170 3 2 22
E 4170 4 2 22
E 4170 5 -2 -26
T 4171 14 0 6 0
E 4171 0 1 16
E 4171 1 1 16
E 4171 2 1 16
E 4171 3 1 16
E 4171 4 1 16
E 4171 5 -3 -32
T 4172 23 0 1 0
E 4172 5 -12 -37
T 4173 15 0 6 0
E 4173 0 2 23
E 4173 1 2 23
E 4173 2 2 23
E 4173 3 2 23
E 4173 4 2 23
E 4173 5 -2 -25
T 4174 23 0 1 0
E 4174 5 -12 -37
T 4175 14 0 6 0
E 4175 0 2 21
E 4175 1 2 21
E 4175 2 2 21
E 4175 3 2 21
E 4175 4 2 21
E 4175 5 -3 -27
T 4176 11 0 6 0
E 4176 0 2 18
E 4176 1 2 18
E 4176 2 2 18
E 4176 3 2 18
E 4176 4 2 18
E 4176 5 -3 -30
T 4177 20 0 1 0
E 4177 5 -12 -37
T 4178 12 0 6 0
E 4178 0 1 14
E 4178 1 1 14
E 4178 2 1 14
E 4178 3 1 14
E 4178 4 1 14
E 4178 5 -3 -29
T 4179 17 0 1 0
E 4179 5 -11 -34
T 4180 20 0 1 0
E 4180 5 -8 -25
T 4181 9 0 6 0
E 4181 0 2 18
E 4181 1 2 18
E 4181 2 2 18
E 4181 3 2 18
E 4181 4 2 18
E 4181 5 -1 -17
T 4182 16 0 1 0
E 4182 5 -8 -24
T 4183 18 0 1 0
E 4183 5 -6 -18
T 4184 17 0 1 0
E 4184 5 -5 -15
T 4185 8 0 5 0
E 4185 0 1 13
E 4185 1 1 13
E 4185 2 1 13
E 4185 3 1 13
E 4185 4 1 13
T 4186 12 0 1 0
E 4186 5 -5 -15
T 4187 9 0 5 0
E 4187 0 1 14
E 4187 1 1 14
E 4187 2 1 14
E 4187 3 1 14
E 4187 4 1 14
T 4188 11 0 0 0
T 4189 11 0 0 0
T 4190 8 0 0 0
T 4191 1 0 0 0
T 4192 6 0 0 0
T 4193 0 0 0 0
T 4194 7 0 0 0
T 4195 6 0 0 0
T 4196 3 0 0 0
T 4197 10 0 0 0
T 4198 10 0 5 0
E 4198 0 -1 -15
E 4198 1 -1 -15
E 4198 2 -1 -15
E 4198 3 -1 -15
E 4198 4 -1 -15
T 4199 11 0 5 0
E 4199 0 -1 -16
E 4199 1 -1 -16
E 4199 2 -1 -16
E 4199 3 -1 -16
E 4199 4 -1 -16
T 4200 11 0 5 0
E 4200 0 -1 -16
E 4200 1 -1 -16
E 4200 2 -1 -16
E 4200 3 -1 -16
E 4200 4 -1 -16
T 4201 12 0 0 0
T 4202 11 0 0 0
T 4203 10 0 5 0
E 4203 0 -1 -15
E 4203 1 -1 -15
E 4203 2 -1 -15
E 4203 3 -1 -15
E 4203 4 -1 -15
T 4204 9 0 5 0
E 4204 0 -1 -14
E 4204 1 -1 -14
E 4204 2 -1 -14
E 4204 3 -1 -14
E 4204 4 -1 -14
T 4205 16 0 1 0
E 4205 5 5 17
T 4206 18 0 1 0
E 4206 5 6 18
T 4207 9 0 6 0
E 4207 0 -1 -13
E 4207 1 -1 -13
E 4207 2 -1 -13
E 4207 3 -1 -13
E 4207 4 -1 -13
E 4207 5 1 17
T 4208 12 0 6 0
E 4208 0 -1 -16
E 4208 1 -1 -16
E 4208 2 -1 -16
E 4208 3 -1 -16
E 4208 4 -1 -16
E 4208 5 1 14
T 4209 15 0 1 0
E 4209 5 7 22
T 4210 18 0 1 0
E 4210 5 6 18
T 4211 9 0 5 0
E 4211 0 -2 -19
E 4211 1 -2 -19
E 4211 2 -2 -19
E 4211 3 -2 -19
E 4211 4 -2 -19
T 4212 18 0 1 0
E 4212 5 6 18
T 4213 13 0 5 0
E 4213 0 -2 -23
E 4213 1 -2 -23
E 4213 2 -2 -23
E 4213 3 -2 -23
E 4213 4 -2 -23
T 4214 18 0 1 0
E 4214 5 6 18
T 4215 15 0 5 0
E 4215 0 -2 -25
E 4215 1 -2 -25
E 4215 2 -2 -25
E 4215 3 -2 -25
E 4215 4 -2 -25
T 4216 12 0 5 0
E 4216 0 -2 -22
E 4216 1 -2 -22
E 4216 2 -2 -22
E 4216 3 -2 -22
E 4216 4 -2 -22
T 4217 13 0 6 0
E 4217 0 -1 -17
E 4217 1 -1 -17
E 4217 2 -1 -17
E 4217 3 -1 -17
E 4217 4 -1 -17
E 4217 5 1 13
T 4218 16 0 1 0
E 4218 5 6 20
T 4219 8 0 5 0
E 4219 0 -2 -18
E 4219 1 -2 -18
E 4219 2 -2 -18
E 4219 3 -2 -18
E 4219 4 -2 -18
T 4220 13 0 1 0
E 4220 5 8 25
T 4221 18 0 1 0
E 4221 5 6 18
T 4222 9 0 5 0
E 4222 0 -2 -19
E 4222 1 -2 -19
E 4222 2 -2 -19
E 4222 3 -2 -19
E 4222 4 -2 -19
T 4223 15 0 1 0
E 4223 5 7 22
T 4224 13 0 6 0
E 4224 0 -1 -17
E 4224 1 -1 -17
E 4224 2 -1 -17
E 4224 3 -1 -17
E 4224 4 -1 -17
E 4224 5 1 13
T 4225 10 0 5 0
E 4225 0 -2 -20
E 4225 1 -2 -20
E 4225 2 -2 -20
E 4225 3 -2 -20
E 4225 4 -2 -20
T 4226 16 0 1 0
E 4226 5 7 22
T 4227 9 0 6 0
E 4227 0 -2 -18
E 4227 1 -2 -18
E 4227 2 -2 -18
E 4227 3 -2 -18
E 4227 4 -2 -18
E 4227 5 1 13
T 4228 14 0 1 0
E 4228 5 9 27
T 4229 9 0 6 0
E 4229 0 -2 -18
E 4229 1 -2 -18
E 4229 2 -2 -18
E 4229 3 -2 -18
E 4229 4 -2 -18
E 4229 5 1 15
T 4230 10 0 6 0
E 4230 0 -1 -13
E 4230 1 -1 -13
E 4230 2 -1 -13
E 4230 3 -1 -13
E 4230 4 -1 -13
E 4230 5 2 20
T 4231 16 0 1 0
E 4231 5 8 26
T 4232 12 0 5 0
E 4232 0 -2 -22
E 4232 1 -2 -22
E 4232 2 -2 -22
E 4232 3 -2 -22
E 4232 4 -2 -22
T 4233 11 0 6 0
E 4233 0 -2 -20
E 4233 1 -2 -20
E 4233 2 -2 -20
E 4233 3 -2 -20
E 4233 4 -2 -20
E 4233 5 1 15
T 4234 16 0 1 0
E 4234 5 9 29
T 4235 14 0 6 0
E 4235 0 -1 -17
E 4235 1 -1 -17
E 4235 2 -1 -17
E 4235 3 -1 -17
E 4235 4 -1 -17
E 4235 5 2 19
T 4236 10 0 6 0
E 4236 0 -1 -13
E 4236 1 -1 -13
E 4236 2 -1 -13
E 4236 3 -1 -13
E 4236 4 -1 -13
E 4236 5 2 24
T 4237 18 0 1 0
E 4237 5 9 28
T 4238 16 0 5 0
E 4238 0 -2 -26
E 4238 1 -2 -26
E 4238 2 -2 -26
E 4238 3 -2 -26
E 4238 4 -2 -26
T 4239 10 0 6 0
E 4239 0 -2 -18
E 4239 1 -2 -18
E 4239 2 -2 -18
E 4239 3 -2 -18
E 4239 4 -2 -18
E 4239 5 2 21
T 4240 17 0 1 0
E 4240 5 11 33
T 4241 10 0 6 0
E 4241 0 -2 -18
E 4241 1 -2 -18
E 4241 2 -2 -18
E 4241 3 -2 -18
E 4241 4 -2 -18
E 4241 5 2 22
T 4242 18 0 1 0
E 4242 5 10 32
T 4243 12 0 6 0
E 4243 0 -1 -14
E 4243 1 -1 -14
E 4243 2 -1 -14
E 4243 3 -1 -14
E 4243 4 -1 -14
E 4243 5 3 27
T 4244 10 0 6 0
E 4244 0 -2 -18
E 4244 1 -2 -18
E 4244 2 -2 -18
E 4244 3 -2 -18
E 4244 4 -2 -18
E 4244 5 2 24
T 4245 17 0 1 0
E 4245 5 12 37
T 4246 17 0 6 0
E 4246 0 -2 -25
E 4246 1 -2 -25
E 4246 2 -2 -25
E 4246 3 -2 -25
E 4246 4 -2 -25
E 4246 5 2 18
T 4247 16 0 6 0
E 4247 0 -2 -24
E 4247 1 -2 -24
E 4247 2 -2 -24
E 4247 3 -2 -24
E 4247 4 -2 -24
E 4247 5 2 19
T 4248 22 0 1 0
E 4248 5 10 32
T 4249 17 0 6 0
E 4249 0 -2 -25
E 4249 1 -2 -25
E 4249 2 -2 -25
E 4249 3 -2 -25
E 4249 4 -2 -25
E 4249 5 2 20
T 4250 16 0 6 0
E 4250 0 -2 -24
E 4250 1 -2 -24
E 4250 2 -2 -24
E 4250 3 -2 -24
E 4250 4 -2 -24
E 4250 5 2 21
T 4251 13 0 6 0
E 4251 0 -2 -21
E 4251 1 -2 -21
E 4251 2 -2 -21
E 4251 3 -2 -21
E 4251 4 -2 -21
E 4251 5 2 25
T 4252 12 0 6 0
E 4252 0 -2 -19
E 4252 1 -2 -19
E 4252 2 -2 -19
E 4252 3 -2 -19
E 4252 4 -2 -19
E 4252 5 3 27
T 4253 11 0 6 0
E 4253 0 -1 -13
E 4253 1 -1 -13
E 4253 2 -1 -13
E 4253 3 -1 -13
E 4253 4 -1 -13
E 4253 5 3 34
T 4254 12 0 6 0
E 4254 0 -2 -19
E 4254 1 -2 -19
E 4254 2 -2 -19
E 4254 3 -2 -19
E 4254 4 -2 -19
E 4254 5 3 29
T 4255 23 0 1 0
E 4255 5 12 37
T 4256 14 0 6 0
E 4256 0 -3 -27
E 4256 1 -3 -27
E 4256 2 -3 -27
E 4256 3 -3 -27
E 4256 4 -3 -27
E 4256 5 2 21
T 4257 24 0 1 0
E 4257 5 12 36
T 4258 17 0 6 0
E 4258 0 -3 -30
E 4258 1 -3 -30
E 4258 2 -3 -30
E 4258 3 -3 -30
E 4258 4 -3 -30
E 4258 5 2 18
T 4259 15 0 6 0
E 4259 0 -1 -17
E 4259 1 -1 -17
E 4259 2 -1 -17
E 4259 3 -1 -17
E 4259 4 -1 -17
E 4259 5 3 31
T 4260 12 0 6 0
E 4260 0 -1 -14
E 4260 1 -1 -14
E 4260 2 -1 -14
E 4260 3 -1 -14
E 4260 4 -1 -14
E 4260 5 3 34
T 4261 14 0 6 0
E 4261 0 -1 -16
E 4261 1 -1 -16
E 4261 2 -1 -16
E 4261 3 -1 -16
E 4261 4 -1 -16
E 4261 5 3 32
T 4262 23 0 1 0
E 4262 5 12 37
T 4263 17 0 6 0
E 4263 0 -3 -31
E 4263 1 -3 -31
E 4263 2 -3 -31
E 4263 3 -3 -31
E 4263 4 -3 -31
E 4263 5 1 17
T 4264 14 0 6 0
E 4264 0 -2 -21
E 4264 1 -2 -21
E 4264 2 -2 -21
E 4264 3 -2 -21
E 4264 4 -2 -21
E 4264 5 3 27
T 4265 11 0 6 0
E 4265 0 -2 -18
E 4265 1 -2 -18
E 4265 2 -2 -18
E 4265 3 -2 -18
E 4265 4 -2 -18
E 4265 5 3 30
T 4266 12 0 6 0
E 4266 0 -1 -14
E 4266 1 -1 -14
E 4266 2 -1 -14
E 4266 3 -1 -14
E 4266 4 -1 -14
E 4266 5 3 34
T 4267 22 0 1 0
E 4267 5 12 38
T 4268 16 0 6 0
E 4268 0 -2 -24
E 4268 1 -2 -24
E 4268 2 -2 -24
E 4268 3 -2 -24
E 4268 4 -2 -24
E 4268 5 2 24
T 4269 11 0 6 0
E 4269 0 -1 -13
E 4269 1 -1 -13
E 4269 2 -1 -13
E 4269 3 -1 -13
E 4269 4 -1 -13
E 4269 5 3 35
T 4270 21 0 1 0
E 4270 5 13 40
T 4271 12 0 6 0
E 4271 0 -2 -19
E 4271 1 -2 -19
E 4271 2 -2 -19
E 4271 3 -2 -19
E 4271 4 -2 -19
E 4271 5 3 29
T 4272 15 0 6 0
E 4272 0 -1 -17
E 4272 1 -1 -17
E 4272 2 -1 -17
E 4272 3 -1 -17
E 4272 4 -1 -17
E 4272 5 3 31
T 4273 14 0 6 0
E 4273 0 -2 -22
E 4273 1 -2 -22
E 4273 2 -2 -22
E 4273 3 -2 -22
E 4273 4 -2 -22
E 4273 5 2 26
T 4274 13 0 6 0
E 4274 0 -1 -15
E 4274 1 -1 -15
E 4274 2 -1 -15
E 4274 3 -1 -15
E 4274 4 -1 -15
E 4274 5 3 33
T 4275 15 0 6 0
E 4275 0 -1 -17
E 4275 1 -1 -17
E 4275 2 -1 -17
E 4275 3 -1 -17
E 4275 4 -1 -17
E 4275 5 3 31
T 4276 15 0 6 0
E 4276 0 -1 -17
E 4276 1 -1 -17
E 4276 2 -1 -17
E 4276 3 -1 -17
E 4276 4 -1 -17
E 4276 5 3 31
T 4277 14 0 6 0
E 4277 0 -2 -21
E 4277 1 -2 -21
E 4277 2 -2 -21
E 4277 3 -2 -21
E 4277 4 -2 -21
E 4277 5 3 27
T 4278 14 0 6 0
E 4278 0 -2 -22
E 4278 1 -2 -22
E 4278 2 -2 -22
E 4278 3 -2 -22
E 4278 4 -2 -22
E 4278 5 2 26
T 4279 24 0 1 0
E 4279 5 12 36
T 4280 14 0 6 0
E 4280 0 -2 -22
E 4280 1 -2 -22
E 4280 2 -2 -22
E 4280 3 -2 -22
E 4280 4 -2 -22
E 4280 5 2 26
T 4281 14 0 6 0
E 4281 0 -1 -16
E 4281 1 -1 -16
E 4281 2 -1 -16
E 4281 3 -1 -16
E 4281 4 -1 -16
E 4281 5 3 32
T 4282 11 0 6 0
E 4282 0 -2 -18
E 4282 1 -2 -18
E 4282 2 -2 -18
E 4282 3 -2 -18
E 4282 4 -2 -18
E 4282 5 3 30
T 4283 11 0 6 0
E 4283 0 -2 -18
E 4283 1 -2 -18
E 4283 2 -2 -18
E 4283 3 -2 -18
E 4283 4 -2 -18
E 4283 5 3 30
T 4284 23 0 1 0
E 4284 5 12 37
T 4285 16 0 6 0
E 4285 0 -3 -29
E 4285 1 -3 -29
E 4285 2 -3 -29
E 4285 3 -3 -29
E 4285 4 -3 -29
E 4285 5 2 19
T 4286 15 0 6 0
E 4286 0 -2 -23
E 4286 1 -2 -23
E 4286 2 -2 -23
E 4286 3 -2 -23
E 4286 4 -2 -23
E 4286 5 2 25
T 4287 14 0 6 0
E 4287 0 -2 -22
E 4287 1 -2 -22
E 4287 2 -2 -22
E 4287 3 -2 -22
E 4287 4 -2 -22
E 4287 5 2 26
T 4288 15 0 6 0
E 4288 0 -1 -17
E 4288 1 -1 -17
E 4288 2 -1 -17
E 4288 3 -1 -17
E 4288 4 -1 -17
E 4288 5 3 31
T 4289 15 0 6 0
E 4289 0 -2 -23
E 4289 1 -2 -23
E 4289 2 -2 -23
E 4289 3 -2 -23
E 4289 4 -2 -23
E 4289 5 2 25
T 4290 15 0 6 0
E 4290 0 -1 -17
E 4290 1 -1 -17
E 4290 2 -1 -17
E 4290 3 -1 -17
E 4290 4 -1 -17
E 4290 5 3 31
T 4291 24 0 1 0
E 4291 5 12 36
T 4292 16 0 6 0
E 4292 0 -3 -29
E 4292 1 -3 -29
E 4292 2 -3 -29
E 4292 3 -3 -29
E 4292 4 -3 -29
E 4292 5 2 19
T 4293 13 0 6 0
E 4293 0 -2 -20
E 4293 1 -2 -20
E 4293 2 -2 -20
E 4293 3 -2 -20
E 4293 4 -2 -20
E 4293 5 3 28
T 4294 23 0 1 0
E 4294 5 12 37
T 4295 14 0 6 0
E 4295 0 -3 -27
E 4295 1 -3 -27
E 4295 2 -3 -27
E 4295 3 -3 -27
E 4295 4 -3 -27
E 4295 5 2 21
T 4296 11 0 6 0
E 4296 0 -1 -13
E 4296 1 -1 -13
E 4296 2 -1 -13
E 4296 3 -1 -13
E 4296 4 -1 -13
E 4296 5 3 35
T 4297 20 0 1 0
E 4297 5 14 42
T 4298 12 0 6 0
E 4298 0 -2 -19
E 4298 1 -2 -19
E 4298 2 -2 -19
E 4298 3 -2 -19
E 4298 4 -2 -19
E 4298 5 3 29
T 4299 14 0 6 0
E 4299 0 -1 -16
E 4299 1 -1 -16
E 4299 2 -1 -16
E 4299 3 -1 -16
E 4299 4 -1 -16
E 4299 5 3 32
T 4300 11 0 6 0
E 4300 0 -1 -13
E 4300 1 -1 -13
E 4300 2 -1 -13
E 4300 3 -1 -13
E 4300 4 -1 -13
E 4300 5 3 35
T 4301 24 0 1 0
E 4301 5 12 36
T 4302 15 0 6 0
E 4302 0 -2 -23
E 4302 1 -2 -23
E 4302 2 -2 -23
E 4302 3 -2 -23
E 4302 4 -2 -23
E 4302 5 2 25
T 4303 12 0 6 0
E 4303 0 -1 -14
E 4303 1 -1 -14
E 4303 2 -1 -14
E 4303 3 -1 -14
E 4303 4 -1 -14
E 4303 5 3 34
T 4304 11 0 6 0
E 4304 0 -1 -13
E 4304 1 -1 -13
E 4304 2 -1 -13
E 4304 3 -1 -13
E 4304 4 -1 -13
E 4304 5 3 35
T 4305 21 0 1 0
E 4305 5 13 40
T 4306 12 0 6 0
E 4306 0 -2 -19
E 4306 1 -2 -19
E 4306 2 -2 -19
E 4306 3 -2 -19
E 4306 4 -2 -19
E 4306 5 3 29
T 4307 12 0 6 0
E 4307 0 -1 -14
E 4307 1 -1 -14
E 4307 2 -1 -14
E 4307 3 -1 -14
E 4307 4 -1 -14
E 4307 5 3 34
T 4308 11 0 6 0
E 4308 0 -1 -13
E 4308 1 -1 -13
E 4308 2 -1 -13
E 4308 3 -1 -13
E 4308 4 -1 -13
E 4308 5 3 35
T 4309 22 0 1 0
E 4309 5 12 38
T 4310 18 0 6 0
E 4310 0 -2 -26
E 4310 1 -2 -26
E 4310 2 -2 -26
E 4310 3 -2 -26
E 4310 4 -2 -26
E 4310 5 2 22
T 4311 18 0 6 0
E 4311 0 -2 -26
E 4311 1 -2 -26
E 4311 2 -2 -26
E 4311 3 -2 -26
E 4311 4 -2 -26
E 4311 5 2 22
T 4312 15 0 6 0
E 4312 0 -1 -17
E 4312 1 -1 -17
E 4312 2 -1 -17
E 4312 3 -1 -17
E 4312 4 -1 -17
E 4312 5 3 31
T 4313 14 0 6 0
E 4313 0 -2 -21
E 4313 1 -2 -21
E 4313 2 -2 -21
E 4313 3 -2 -21
E 4313 4 -2 -21
E 4313 5 3 27
T 4314 11 0 6 0
E 4314 0 -1 -13
E 4314 1 -1 -13
E 4314 2 -1 -13
E 4314 3 -1 -13
E 4314 4 -1 -13
E 4314 5 3 35
T 4315 11 0 6 0
E 4315 0 -2 -18
E 4315 1 -2 -18
E 4315 2 -2 -18
E 4315 3 -2 -18
E 4315 4 -2 -18
E 4315 5 3 30
T 4316 11 0 6 0
E 4316 0 -2 -18
E 4316 1 -2 -18
E 4316 2 -2 -18
E 4316 3 -2 -18
E 4316 4 -2 -18
E 4316 5 3 30
T 4317 13 0 6 0
E 4317 0 -1 -15
E 4317 1 -1 -15
E 4317 2 -1 -15
E 4317 3 -1 -15
E 4317 4 -1 -15
E 4317 5 3 33
T 4318 14 0 6 0
E 4318 0 -2 -21
E 4318 1 -2 -21
E 4318 2 -2 -21
E 4318 3 -2 -21
E 4318 4 -2 -21
E 4318 5 3 27
T 4319 24 0 1 0
E 4319 5 12 36
T 4320 9 0 6 0
E 4320 0 3 27
E 4320 1 3 27
E 4320 2 3 27
E 4320 3 3 27
E 4320 4 3 27
E 4320 5 3 27
T 4321 4 0 0 0
T 4322 2 0 0 0
T 4323 6 0 0 0
T 4324 3 0 0 0
T 4325 6 0 1 0
E 4325 5 -5 -15
T 4326 11 0 0 0
T 4327 12 0 0 0
T 4328 9 0 5 0
E 4328 0 1 14
E 4328 1 1 14
E 4328 2 1 14
E 4328 3 1 14
E 4328 4 1 14
T 4329 13 0 1 0
E 4329 5 -7 -23
T 4330 11 0 6 0
E 4330 0 1 15
E 4330 1 1 15
E 4330 2 1 15
E 4330 3 1 15
E 4330 4 1 15
E 4330 5 -1 -17
T 4331 16 0 1 0
E 4331 5 -9 -28
T 4332 20 0 1 0
E 4332 5 -8 -26
T 4333 15 0 6 0
E 4333 0 2 24
E 4333 1 2 24
E 4333 2 2 24
E 4333 3 2 24
E 4333 4 2 24
E 4333 5 -1 -17
T 4334 23 0 1 0
E 4334 5 -11 -33
T 4335 16 0 6 0
E 4335 0 2 24
E 4335 1 2 24
E 4335 2 2 24
E 4335 3 2 24
E 4335 4 2 24
E 4335 5 -2 -24
T 4336 25 0 1 0
E 4336 5 -13 -39
T 4337 16 0 6 0
E 4337 0 2 23
E 4337 1 2 23
E 4337 2 2 23
E 4337 3 2 23
E 4337 4 2 23
E 4337 5 -3 -31
T 4338 14 0 6 0
E 4338 0 1 15
E 4338 1 1 15
E 4338 2 1 15
E 4338 3 1 15
E 4338 4 1 15
E 4338 5 -4 -42
T 4339 14 0 6 0
E 4339 0 2 20
E 4339 1 2 20
E 4339 2 2 20
E 4339 3 2 20
E 4339 4 2 20
E 4339 5 -4 -41
T 4340 28 0 1 0
E 4340 5 -18 -54
T 4341 20 0 6 0
E 4341 0 3 32
E 4341 1 3 32
E 4341 2 3 32
E 4341 3 3 32
E 4341 4 3 32
E 4341 5 -3 -35
T 4342 13 0 6 0
E 4342 0 2 18
E 4342 1 2 18
E 4342 2 2 18
E 4342 3 2 18
E 4342 4 2 18
E 4342 5 -5 -52
T 4343 29 0 1 0
E 4343 5 -21 -65
T 4344 20 0 6 0
E 4344 0 2 25
E 4344 1 2 25
E 4344 2 2 25
E 4344 3 2 25
E 4344 4 2 25
E 4344 5 -5 -52
T 4345 17 0 6 0
E 4345 0 2 21
E 4345 1 2 21
E 4345 2 2 21
E 4345 3 2 21
E 4345 4 2 21
E 4345 5 -6 -59
T 4346 15 0 6 0
E 4346 0 1 13
E 4346 1 1 13
E 4346 2 1 13
E 4346 3 1 13
E 4346 4 1 13
E 4346 5 -7 -70
T 4347 19 0 6 0
E 4347 0 1 17
E 4347 1 1 17
E 4347 2 1 17
E 4347 3 1 17
E 4347 4 1 17
E 4347 5 -7 -69
T 4348 18 0 6 0
E 4348 0 1 15
E 4348 1 1 15
E 4348 2 1 15
E 4348 3 1 15
E 4348 4 1 15
E 4348 5 -8 -74
T 4349 18 0 6 0
E 4349 0 2 20
E 4349 1 2 20
E 4349 2 2 20
E 4349 3 2 20
E 4349 4 2 20
E 4349 5 -8 -73
T 4350 17 0 6 0
E 4350 0 2 25
E 4350 1 2 25
E 4350 2 2 25
E 4350 3 2 25
E 4350 4 2 25
E 4350 5 -2 -23
T 4351 12 0 6 0
E 4351 0 2 19
E 4351 1 2 19
E 4351 2 2 19
E 4351 3 2 19
E 4351 4 2 19
E 4351 5 -3 -29
T 4352 22 0 1 0
E 4352 5 -12 -38
T 4353 11 0 6 0
E 4353 0 2 18
E 4353 1 2 18
E 4353 2 2 18
E 4353 3 2 18
E 4353 4 2 18
E 4353 5 -3 -30
T 4354 14 0 6 0
E 4354 0 1 16
E 4354 1 1 16
E 4354 2 1 16
E 4354 3 1 16
E 4354 4 1 16
E 4354 5 -3 -32
T 4355 12 0 6 0
E 4355 0 1 14
E 4355 1 1 14
E 4355 2 1 14
E 4355 3 1 14
E 4355 4 1 14
E 4355 5 -3 -34
T 4356 22 0 1 0
E 4356 5 -13 -39
T 4357 16 0 6 0
E 4357 0 3 29
E 4357 1 3 29
E 4357 2 3 29
E 4357 3 3 29
E 4357 4 3 29
E 4357 5 -2 -19
T 4358 14 0 6 0
E 4358 0 2 22
E 4358 1 2 22
E 4358 2 2 22
E 4358 3 2 22
E 4358 4 2 22
E 4358 5 -2 -26
T 4359 22 0 1 0
E 4359 5 -12 -38
T 4360 13 0 6 0
E 4360 0 2 20
E 4360 1 2 20
E 4360 2 2 20
E 4360 3 2 20
E 4360 4 2 20
E 4360 5 -3 -28
T 4361 22 0 1 0
E 4361 5 -12 -38
T 4362 17 0 6 0
E 4362 0 3 30
E 4362 1 3 30
E 4362 2 3 30
E 4362 3 3 30
E 4362 4 3 30
E 4362 5 -2 -18
T 4363 12 0 6 0
E 4363 0 1 14
E 4363 1 1 14
E 4363 2 1 14
E 4363 3 1 14
E 4363 4 1 14
E 4363 5 -3 -34
T 4364 12 0 6 0
E 4364 0 2 19
E 4364 1 2 19
E 4364 2 2 19
E 4364 3 2 19
E 4364 4 2 19
E 4364 5 -3 -29
T 4365 14 0 6 0
E 4365 0 1 16
E 4365 1 1 16
E 4365 2 1 16
E 4365 3 1 16
E 4365 4 1 16
E 4365 5 -3 -32
T 4366 14 0 6 0
E 4366 0 1 16
E 4366 1 1 16
E 4366 2 1 16
E 4366 3 1 16
E 4366 4 1 16
E 4366 5 -3 -32
T 4367 13 0 6 0
E 4367 0 2 20
E 4367 1 2 20
E 4367 2 2 20
E 4367 3 2 20
E 4367 4 2 20
E 4367 5 -3 -28
T 4368 15 0 6 0
E 4368 0 1 17
E 4368 1 1 17
E 4368 2 1 17
E 4368 3 1 17
E 4368 4 1 17
E 4368 5 -3 -31
T 4369 24 0 1 0
E 4369 5 -12 -36
T 4370 16 0 6 0
E 4370 0 3 29
E 4370 1 3 29
E 4370 2 3 29
E 4370 3 3 29
E 4370 4 3 29
E 4370 5 -2 -19
T 4371 11 0 6 0
E 4371 0 1 13
E 4371 1 1 13
E 4371 2 1 13
E 4371 3 1 13
E 4371 4 1 13
E 4371 5 -3 -35
T 4372 23 0 1 0
E 4372 5 -12 -37
T 4373 16 0 6 0
E 4373 0 3 29
E 4373 1 3 29
E 4373 2 3 29
E 4373 3 3 29
E 4373 4 3 29
E 4373 5 -2 -19
T 4374 13 0 6 0
E 4374 0 2 20
E 4374 1 2 20
E 4374 2 2 20
E 4374 3 2 20
E 4374 4 2 20
E 4374 5 -3 -28
T 4375 22 0 1 0
E 4375 5 -12 -38
T 4376 15 0 6 0
E 4376 0 3 28
E 4376 1 3 28
E 4376 2 3 28
E 4376 3 3 28
E 4376 4 3 28
E 4376 5 -2 -20
T 4377 11 0 6 0
E 4377 0 1 13
E 4377 1 1 13
E 4377 2 1 13
E 4377 3 1 13
E 4377 4 1 13
E 4377 5 -3 -35
T 4378 20 0 1 0
E 4378 5 -14 -42
T 4379 14 0 6 0
E 4379 0 2 22
E 4379 1 2 22
E 4379 2 2 22
E 4379 3 2 22
E 4379 4 2 22
E 4379 5 -2 -26
T 4380 24 0 1 0
E 4380 5 -12 -36
T 4381 17 0 6 0
E 4381 0 2 25
E 4381 1 2 25
E 4381 2 2 25
E 4381 3 2 25
E 4381 4 2 25
E 4381 5 -2 -23
T 4382 16 0 6 0
E 4382 0 2 24
E 4382 1 2 24
E 4382 2 2 24
E 4382 3 2 24
E 4382 4 2 24
E 4382 5 -2 -24
T 4383 24 0 1 0
E 4383 5 -12 -36
T 4384 16 0 6 0
E 4384 0 3 29
E 4384 1 3 29
E 4384 2 3 29
E 4384 3 3 29
E 4384 4 3 29
E 4384 5 -2 -19
T 4385 24 0 1 0
E 4385 5 -12 -36
T 4386 17 0 6 0
E 4386 0 3 30
E 4386 1 3 30
E 4386 2 3 30
E 4386 3 3 30
E 4386 4 3 30
E 4386 5 -2 -18
T 4387 17 0 6 0
E 4387 0 2 25
E 4387 1 2 25
E 4387 2 2 25
E 4387 3 2 25
E 4387 4 2 25
E 4387 5 -2 -23
T 4388 13 0 6 0
E 4388 0 2 20
E 4388 1 2 20
E 4388 2 2 20
E 4388 3 2 20
E 4388 4 2 20
E 4388 5 -3 -28
T 4389 14 0 6 0
E 4389 0 2 21
E 4389 1 2 21
E 4389 2 2 21
E 4389 3 2 21
E 4389 4 2 21
E 4389 5 -3 -27
T 4390 14 0 6 0
E 4390 0 2 22
E 4390 1 2 22
E 4390 2 2 22
E 4390 3 2 22
E 4390 4 2 22
E 4390 5 -2 -26
T 4391 15 0 6 0
E 4391 0 1 17
E 4391 1 1 17
E 4391 2 1 17
E 4391 3 1 17
E 4391 4 1 17
E 4391 5 -3 -31
T 4392 14 0 6 0
E 4392 0 2 22
E 4392 1 2 22
E 4392 2 2 22
E 4392 3 2 22
E 4392 4 2 22
E 4392 5 -2 -26
T 4393 13 0 6 0
E 4393 0 2 20
E 4393 1 2 20
E 4393 2 2 20
E 4393 3 2 20
E 4393 4 2 20
E 4393 5 -3 -28
T 4394 14 0 6 0
E 4394 0 2 21
E 4394 1 2 21
E 4394 2 2 21
E 4394 3 2 21
E 4394 4 2 21
E 4394 5 -3 -27
T 4395 23 0 1 0
E 4395 5 -12 -37
T 4396 13 0 6 0
E 4396 0 2 20
E 4396 1 2 20
E 4396 2 2 20
E 4396 3 2 20
E 4396 4 2 20
E 4396 5 -3 -28
T 4397 22 0 1 0
E 4397 5 -13 -39
T 4398 14 0 6 0
E 4398 0 3 27
E 4398 1 3 27
E 4398 2 3 27
E 4398 3 3 27
E 4398 4 3 27
E 4398 5 -2 -21
T 4399 14 0 6 0
E 4399 0 1 16
E 4399 1 1 16
E 4399 2 1 16
E 4399 3 1 16
E 4399 4 1 16
E 4399 5 -3 -32
T 4400 11 0 6 0
E 4400 0 2 18
E 4400 1 2 18
E 4400 2 2 18
E 4400 3 2 18
E 4400 4 2 18
E 4400 5 -3 -30
T 4401 12 0 6 0
E 4401 0 1 14
E 4401 1 1 14
E 4401 2 1 14
E 4401 3 1 14
E 4401 4 1 14
E 4401 5 -3 -34
T 4402 22 0 1 0
E 4402 5 -13 -39
T 4403 18 0 6 0
E 4403 0 2 26
E 4403 1 2 26
E 4403 2 2 26
E 4403 3 2 26
E 4403 4 2 26
E 4403 5 -2 -22
T 4404 15 0 6 0
E 4404 0 1 17
E 4404 1 1 17
E 4404 2 1 17
E 4404 3 1 17
E 4404 4 1 17
E 4404 5 -3 -31
T 4405 14 0 6 0
E 4405 0 2 21
E 4405 1 2 21
E 4405 2 2 21
E 4405 3 2 21
E 4405 4 2 21
E 4405 5 -3 -27
T 4406 23 0 1 0
E 4406 5 -12 -37
T 4407 12 0 6 0
E 4407 0 2 19
E 4407 1 2 19
E 4407 2 2 19
E 4407 3 2 19
E 4407 4 2 19
E 4407 5 -3 -29
T 4408 13 0 6 0
E 4408 0 1 15
E 4408 1 1 15
E 4408 2 1 15
E 4408 3 1 15
E 4408 4 1 15
E 4408 5 -3 -33
T 4409 14 0 6 0
E 4409 0 1 16
E 4409 1 1 16
E 4409 2 1 16
E 4409 3 1 16
E 4409 4 1 16
E 4409 5 -3 -32
T 4410 13 0 6 0
E 4410 0 1 15
E 4410 1 1 15
E 4410 2 1 15
E 4410 3 1 15
E 4410 4 1 15
E 4410 5 -3 -33
T 4411 11 0 6 0
E 4411 0 2 18
E 4411 1 2 18
E 4411 2 2 18
E 4411 3 2 18
E 4411 4 2 18
E 4411 5 -3 -30
T 4412 15 0 6 0
E 4412 0 1 17
E 4412 1 1 17
E 4412 2 1 17
E 4412 3 1 17
E 4412 4 1 17
E 4412 5 -3 -31
T 4413 23 0 1 0
E 4413 5 -12 -37
T 4414 16 0 6 0
E 4414 0 3 29
E 4414 1 3 29
E 4414 2 3 29
E 4414 3 3 29
E 4414 4 3 29
E 4414 5 -2 -19
T 4415 14 0 6 0
E 4415 0 1 16
E 4415 1 1 16
E 4415 2 1 16
E 4415 3 1 16
E 4415 4 1 16
E 4415 5 -3 -32
T 4416 11 0 6 0
E 4416 0 2 18
E 4416 1 2 18
E 4416 2 2 18
E 4416 3 2 18
E 4416 4 2 18
E 4416 5 -3 -30
T 4417 13 0 6 0
E 4417 0 1 15
E 4417 1 1 15
E 4417 2 1 15
E 4417 3 1 15
E 4417 4 1 15
E 4417 5 -3 -30
T 4418 19 0 1 0
E 4418 5 -12 -36
T 4419 10 0 6 0
E 4419 0 2 18
E 4419 1 2 18
E 4419 2 2 18
E 4419 3 2 18
E 4419 4 2 18
E 4419 5 -2 -22
T 4420 19 0 1 0
E 4420 5 -9 -27
T 4421 10 0 6 0
E 4421 0 1 13
E 4421 1 1 13
E 4421 2 1 13
E 4421 3 1 13
E 4421 4 1 13
E 4421 5 -2 -22
T 4422 12 0 1 0
E 4422 5 -9 -29
T 4423 14 0 1 0
E 4423 5 -8 -24
T 4424 12 0 5 0
E 4424 0 1 17
E 4424 1 1 17
E 4424 2 1 17
E 4424 3 1 17
E 4424 4 1 17
T 4425 12 0 1 0
E 4425 5 -5 -17
T 4426 11 0 0 0
T 4427 10 0 0 0
T 4428 7 0 1 0
E 4428 5 -4 -14
T 4429 9 0 0 0
T 4430 5 0 0 0
T 4431 2 0 0 0
T 4432 3 0 0 0
T 4433 0 0 0 0
T 4434 6 0 0 0
T 4435 5 0 0 0
T 4436 9 0 0 0
T 4437 6 0 0 0
T 4438 4 0 0 0
T 4439 0 0 0 0
T 4440 1 0 1 0
E 4440 5 6 20
T 4441 7 0 0 0
T 4442 10 0 1 0
E 4442 5 4 14
T 4443 10 0 5 0
E 4443 0 -1 -15
E 4443 1 -1 -15
E 4443 2 -1 -15
E 4443 3 -1 -15
E 4443 4 -1 -15
T 4444 11 0 1 0
E 4444 5 6 20
T 4445 14 0 1 0
E 4445 5 7 21
T 4446 9 0 6 0
E 4446 0 -1 -13
E 4446 1 -1 -13
E 4446 2 -1 -13
E 4446 3 -1 -13
E 4446 4 -1 -13
E 4446 5 1 17
T 4447 15 0 1 0
E 4447 5 7 22
T 4448 12 0 5 0
E 4448 0 -2 -22
E 4448 1 -2 -22
E 4448 2 -2 -22
E 4448 3 -2 -22
E 4448 4 -2 -22
T 4449 14 0 1 0
E 4449 5 7 23
T 4450 11 0 5 0
E 4450 0 -2 -21
E 4450 1 -2 -21
E 4450 2 -2 -21
E 4450 3 -2 -21
E 4450 4 -2 -21
T 4451 16 0 1 0
E 4451 5 6 20
T 4452 13 0 6 0
E 4452 0 -1 -17
E 4452 1 -1 -17
E 4452 2 -1 -17
E 4452 3 -1 -17
E 4452 4 -1 -17
E 4452 5 1 13
T 4453 13 0 6 0
E 4453 0 -1 -17
E 4453 1 -1 -17
E 4453 2 -1 -17
E 4453 3 -1 -17
E 4453 4 -1 -17
E 4453 5 1 13
T 4454 9 0 5 0
E 4454 0 -2 -19
E 4454 1 -2 -19
E 4454 2 -2 -19
E 4454 3 -2 -19
E 4454 4 -2 -19
T 4455 16 0 1 0
E 4455 5 7 21
T 4456 10 0 6 0
E 4456 0 -1 -14
E 4456 1 -1 -14
E 4456 2 -1 -14
E 4456 3 -1 -14
E 4456 4 -1 -14
E 4456 5 1 16
T 4457 9 0 6 0
E 4457 0 -1 -13
E 4457 1 -1 -13
E 4457 2 -1 -13
E 4457 3 -1 -13
E 4457 4 -1 -13
E 4457 5 1 17
T 4458 16 0 1 0
E 4458 5 6 20
T 4459 13 0 6 0
E 4459 0 -1 -17
E 4459 1 -1 -17
E 4459 2 -1 -17
E 4459 3 -1 -17
E 4459 4 -1 -17
E 4459 5 1 13
T 4460 16 0 1 0
E 4460 5 7 21
T 4461 17 0 1 0
E 4461 5 6 19
T 4462 10 0 6 0
E 4462 0 -1 -14
E 4462 1 -1 -14
E 4462 2 -1 -14
E 4462 3 -1 -14
E 4462 4 -1 -14
E 4462 5 1 16
T 4463 16 0 1 0
E 4463 5 7 21
T 4464 18 0 1 0
E 4464 5 6 18
T 4465 11 0 6 0
E 4465 0 -1 -15
E 4465 1 -1 -15
E 4465 2 -1 -15
E 4465 3 -1 -15
E 4465 4 -1 -15
E 4465 5 1 15
T 4466 16 0 1 0
E 4466 5 7 22
T 4467 9 0 6 0
E 4467 0 -2 -18
E 4467 1 -2 -18
E 4467 2 -2 -18
E 4467 3 -2 -18
E 4467 4 -2 -18
E 4467 5 1 13
T 4468 17 0 1 0
E 4468 5 7 22
T 4469 11 0 6 0
E 4469 0 -1 -14
E 4469 1 -1 -14
E 4469 2 -1 -14
E 4469 3 -1 -14
E 4469 4 -1 -14
E 4469 5 2 19
T 4470 9 0 6 0
E 4470 0 -2 -18
E 4470 1 -2 -18
E 4470 2 -2 -18
E 4470 3 -2 -18
E 4470 4 -2 -18
E 4470 5 1 15
T 4471 15 0 1 0
E 4471 5 9 28
T 4472 18 0 1 0
E 4472 5 8 24
T 4473 13 0 5 0
E 4473 0 -2 -23
E 4473 1 -2 -23
E 4473 2 -2 -23
E 4473 3 -2 -23
E 4473 4 -2 -23
T 4474 12 0 6 0
E 4474 0 -2 -21
E 4474 1 -2 -21
E 4474 2 -2 -21
E 4474 3 -2 -21
E 4474 4 -2 -21
E 4474 5 1 15
T 4475 10 0 6 0
E 4475 0 -2 -19
E 4475 1 -2 -19
E 4475 2 -2 -19
E 4475 3 -2 -19
E 4475 4 -2 -19
E 4475 5 1 17
T 4476 12 0 6 0
E 4476 0 -1 -15
E 4476 1 -1 -15
E 4476 2 -1 -15
E 4476 3 -1 -15
E 4476 4 -1 -15
E 4476 5 2 22
T 4477 12 0 6 0
E 4477 0 -1 -15
E 4477 1 -1 -15
E 4477 2 -1 -15
E 4477 3 -1 -15
E 4477 4 -1 -15
E 4477 5 2 22
T 4478 11 0 6 0
E 4478 0 -2 -19
E 4478 1 -2 -19
E 4478 2 -2 -19
E 4478 3 -2 -19
E 4478 4 -2 -19
E 4478 5 2 19
T 4479 11 0 6 0
E 4479 0 -2 -19
E 4479 1 -2 -19
E 4479 2 -2 -19
E 4479 3 -2 -19
E 4479 4 -2 -19
E 4479 5 2 20
T 4480 14 0 6 0
E 4480 0 -1 -17
E 4480 1 -1 -17
E 4480 2 -1 -17
E 4480 3 -1 -17
E 4480 4 -1 -17
E 4480 5 2 22
T 4481 14 0 6 0
E 4481 0 -2 -22
E 4481 1 -2 -22
E 4481 2 -2 -22
E 4481 3 -2 -22
E 4481 4 -2 -22
E 4481 5 2 18
T 4482 12 0 6 0
E 4482 0 -1 -15
E 4482 1 -1 -15
E 4482 2 -1 -15
E 4482 3 -1 -15
E 4482 4 -1 -15
E 4482 5 2 25
T 4483 19 0 1 0
E 4483 5 11 33
T 4484 16 0 6 0
E 4484 0 -2 -25
E 4484 1 -2 -25
E 4484 2 -2 -25
E 4484 3 -2 -25
E 4484 4 -2 -25
E 4484 5 1 17
T 4485 11 0 6 0
E 4485 0 -1 -13
E 4485 1 -1 -13
E 4485 2 -1 -13
E 4485 3 -1 -13
E 4485 4 -1 -13
E 4485 5 3 29
T 4486 22 0 1 0
E 4486 5 10 31
T 4487 15 0 6 0
E 4487 0 -2 -23
E 4487 1 -2 -23
E 4487 2 -2 -23
E 4487 3 -2 -23
E 4487 4 -2 -23
E 4487 5 2 20
T 4488 22 0 1 0
E 4488 5 11 33
T 4489 14 0 6 0
E 4489 0 -3 -28
E 4489 1 -3 -28
E 4489 2 -3 -28
E 4489 3 -3 -28
E 4489 4 -3 -28
E 4489 5 1 17
T 4490 15 0 6 0
E 4490 0 -1 -17
E 4490 1 -1 -17
E 4490 2 -1 -17
E 4490 3 -1 -17
E 4490 4 -1 -17
E 4490 5 3 28
T 4491 15 0 6 0
E 4491 0 -1 -17
E 4491 1 -1 -17
E 4491 2 -1 -17
E 4491 3 -1 -17
E 4491 4 -1 -17
E 4491 5 3 29
T 4492 22 0 1 0
E 4492 5 12 36
T 4493 16 0 6 0
E 4493 0 -3 -29
E 4493 1 -3 -29
E 4493 2 -3 -29
E 4493 3 -3 -29
E 4493 4 -3 -29
E 4493 5 2 18
T 4494 24 0 1 0
E 4494 5 12 36
T 4495 14 0 6 0
E 4495 0 -3 -27
E 4495 1 -3 -27
E 4495 2 -3 -27
E 4495 3 -3 -27
E 4495 4 -3 -27
E 4495 5 2 21
T 4496 12 0 6 0
E 4496 0 -1 -14
E 4496 1 -1 -14
E 4496 2 -1 -14
E 4496 3 -1 -14
E 4496 4 -1 -14
E 4496 5 3 34
T 4497 14 0 6 0
E 4497 0 -1 -16
E 4497 1 -1 -16
E 4497 2 -1 -16
E 4497 3 -1 -16
E 4497 4 -1 -16
E 4497 5 3 32
T 4498 11 0 6 0
E 4498 0 -2 -18
E 4498 1 -2 -18
E 4498 2 -2 -18
E 4498 3 -2 -18
E 4498 4 -2 -18
E 4498 5 3 30
T 4499 15 0 6 0
E 4499 0 -1 -17
E 4499 1 -1 -17
E 4499 2 -1 -17
E 4499 3 -1 -17
E 4499 4 -1 -17
E 4499 5 3 31
T 4500 14 0 6 0
E 4500 0 -1 -16
E 4500 1 -1 -16
E 4500 2 -1 -16
E 4500 3 -1 -16
E 4500 4 -1 -16
E 4500 5 3 32
T 4501 11 0 6 0
E 4501 0 -2 -18
E 4501 1 -2 -18
E 4501 2 -2 -18
E 4501 3 -2 -18
E 4501 4 -2 -18
E 4501 5 3 30
T 4502 15 0 6 0
E 4502 0 -1 -17
E 4502 1 -1 -17
E 4502 2 -1 -17
E 4502 3 -1 -17
E 4502 4 -1 -17
E 4502 5 3 31
T 4503 15 0 6 0
E 4503 0 -2 -23
E 4503 1 -2 -23
E 4503 2 -2 -23
E 4503 3 -2 -23
E 4503 4 -2 -23
E 4503 5 2 25
T 4504 13 0 6 0
E 4504 0 -2 -20
E 4504 1 -2 -20
E 4504 2 -2 -20
E 4504 3 -2 -20
E 4504 4 -2 -20
E 4504 5 3 28
T 4505 15 0 6 0
E 4505 0 -1 -17
E 4505 1 -1 -17
E 4505 2 -1 -17
E 4505 3 -1 -17
E 4505 4 -1 -17
E 4505 5 3 31
T 4506 12 0 6 0
E 4506 0 -2 -19
E 4506 1 -2 -19
E 4506 2 -2 -19
E 4506 3 -2 -19
E 4506 4 -2 -19
E 4506 5 3 29
T 4507 22 0 1 0
E 4507 5 12 38
T 4508 15 0 6 0
E 4508 0 -2 -23
E 4508 1 -2 -23
E 4508 2 -2 -23
E 4508 3 -2 -23
E 4508 4 -2 -23
E 4508 5 2 25
T 4509 11 0 6 0
E 4509 0 -2 -18
E 4509 1 -2 -18
E 4509 2 -2 -18
E 4509 3 -2 -18
E 4509 4 -2 -18
E 4509 5 3 30
T 4510 23 0 1 0
E 4510 5 12 37
T 4511 17 0 6 0
E 4511 0 -3 -31
E 4511 1 -3 -31
E 4511 2 -3 -31
E 4511 3 -3 -31
E 4511 4 -3 -31
E 4511 5 1 17
T 4512 14 0 6 0
E 4512 0 -2 -21
E 4512 1 -2 -21
E 4512 2 -2 -21
E 4512 3 -2 -21
E 4512 4 -2 -21
E 4512 5 3 27
T 4513 24 0 1 0
E 4513 5 12 36
T 4514 15 0 6 0
E 4514 0 -3 -28
E 4514 1 -3 -28
E 4514 2 -3 -28
E 4514 3 -3 -28
E 4514 4 -3 -28
E 4514 5 2 20
T 4515 14 0 6 0
E 4515 0 -2 -22
E 4515 1 -2 -22
E 4515 2 -2 -22
E 4515 3 -2 -22
E 4515 4 -2 -22
E 4515 5 2 26
T 4516 14 0 6 0
E 4516 0 -1 -16
E 4516 1 -1 -16
E 4516 2 -1 -16
E 4516 3 -1 -16
E 4516 4 -1 -16
E 4516 5 3 32
T 4517 13 0 6 0
E 4517 0 -1 -15
E 4517 1 -1 -15
E 4517 2 -1 -15
E 4517 3 -1 -15
E 4517 4 -1 -15
E 4517 5 3 33
T 4518 15 0 6 0
E 4518 0 -1 -17
E 4518 1 -1 -17
E 4518 2 -1 -17
E 4518 3 -1 -17
E 4518 4 -1 -17
E 4518 5 3 31
T 4519 23 0 1 0
E 4519 5 12 37
T 4520 11 0 6 0
E 4520 0 -2 -18
E 4520 1 -2 -18
E 4520 2 -2 -18
E 4520 3 -2 -18
E 4520 4 -2 -18
E 4520 5 3 30
T 4521 13 0 6 0
E 4521 0 -1 -15
E 4521 1 -1 -15
E 4521 2 -1 -15
E 4521 3 -1 -15
E 4521 4 -1 -15
E 4521 5 3 33
T 4522 13 0 6 0
E 4522 0 -2 -20
E 4522 1 -2 -20
E 4522 2 -2 -20
E 4522 3 -2 -20
E 4522 4 -2 -20
E 4522 5 3 28
T 4523 13 0 6 0
E 4523 0 -2 -20
E 4523 1 -2 -20
E 4523 2 -2 -20
E 4523 3 -2 -20
E 4523 4 -2 -20
E 4523 5 3 28
T 4524 24 0 1 0
E 4524 5 12 36
T 4525 18 0 6 0
E 4525 0 -2 -26
E 4525 1 -2 -26
E 4525 2 -2 -26
E 4525 3 -2 -26
E 4525 4 -2 -26
E 4525 5 2 22
T 4526 12 0 6 0
E 4526 0 -1 -14
E 4526 1 -1 -14
E 4526 2 -1 -14
E 4526 3 -1 -14
E 4526 4 -1 -14
E 4526 5 3 34
T 4527 12 0 6 0
E 4527 0 -1 -14
E 4527 1 -1 -14
E 4527 2 -1 -14
E 4527 3 -1 -14
E 4527 4 -1 -14
E 4527 5 3 34
T 4528 12 0 6 0
E 4528 0 -1 -14
E 4528 1 -1 -14
E 4528 2 -1 -14
E 4528 3 -1 -14
E 4528 4 -1 -14
E 4528 5 3 34
T 4529 13 0 6 0
E 4529 0 -2 -20
E 4529 1 -2 -20
E 4529 2 -2 -20
E 4529 3 -2 -20
E 4529 4 -2 -20
E 4529 5 3 28
T 4530 23 0 1 0
E 4530 5 12 37
T 4531 14 0 6 0
E 4531 0 -3 -27
E 4531 1 -3 -27
E 4531 2 -3 -27
E 4531 3 -3 -27
E 4531 4 -3 -27
E 4531 5 2 21
T 4532 14 0 6 0
E 4532 0 -1 -16
E 4532 1 -1 -16
E 4532 2 -1 -16
E 4532 3 -1 -16
E 4532 4 -1 -16
E 4532 5 3 32
T 4533 11 0 6 0
E 4533 0 -1 -13
E 4533 1 -1 -13
E 4533 2 -1 -13
E 4533 3 -1 -13
E 4533 4 -1 -13
E 4533 5 3 35
T 4534 20 0 1 0
E 4534 5 13 41
T 4535 14 0 6 0
E 4535 0 -3 -27
E 4535 1 -3 -27
E 4535 2 -3 -27
E 4535 3 -3 -27
E 4535 4 -3 -27
E 4535 5 2 21
T 4536 12 0 6 0
E 4536 0 -1 -14
E 4536 1 -1 -14
E 4536 2 -1 -14
E 4536 3 -1 -14
E 4536 4 -1 -14
E 4536 5 3 34
T 4537 14 0 6 0
E 4537 0 -1 -16
E 4537 1 -1 -16
E 4537 2 -1 -16
E 4537 3 -1 -16
E 4537 4 -1 -16
E 4537 5 3 32
T 4538 14 0 6 0
E 4538 0 -1 -16
E 4538 1 -1 -16
E 4538 2 -1 -16
E 4538 3 -1 -16
E 4538 4 -1 -16
E 4538 5 3 32
T 4539 12 0 6 0
E 4539 0 -2 -19
E 4539 1 -2 -19
E 4539 2 -2 -19
E 4539 3 -2 -19
E 4539 4 -2 -19
E 4539 5 3 29
T 4540 20 0 1 0
E 4540 5 13 41
T 4541 14 0 6 0
E 4541 0 -2 -22
E 4541 1 -2 -22
E 4541 2 -2 -22
E 4541 3 -2 -22
E 4541 4 -2 -22
E 4541 5 2 26
T 4542 13 0 6 0
E 4542 0 -2 -20
E 4542 1 -2 -20
E 4542 2 -2 -20
E 4542 3 -2 -20
E 4542 4 -2 -20
E 4542 5 3 28
T 4543 14 0 6 0
E 4543 0 -1 -16
E 4543 1 -1 -16
E 4543 2 -1 -16
E 4543 3 -1 -16
E 4543 4 -1 -16
E 4543 5 3 32
T 4544 12 0 6 0
E 4544 0 -1 -14
E 4544 1 -1 -14
E 4544 2 -1 -14
E 4544 3 -1 -14
E 4544 4 -1 -14
E 4544 5 3 34
T 4545 12 0 6 0
E 4545 0 -2 -19
E 4545 1 -2 -19
E 4545 2 -2 -19
E 4545 3 -2 -19
E 4545 4 -2 -19
E 4545 5 3 29
T 4546 14 0 6 0
E 4546 0 -1 -16
E 4546 1 -1 -16
E 4546 2 -1 -16
E 4546 3 -1 -16
E 4546 4 -1 -16
E 4546 5 3 32
T 4547 12 0 6 0
E 4547 0 -1 -14
E 4547 1 -1 -14
E 4547 2 -1 -14
E 4547 3 -1 -14
E 4547 4 -1 -14
E 4547 5 3 34
T 4548 12 0 6 0
E 4548 0 -1 -14
E 4548 1 -1 -14
E 4548 2 -1 -14
E 4548 3 -1 -14
E 4548 4 -1 -14
E 4548 5 3 34
T 4549 21 0 1 0
E 4549 5 13 40
T 4550 12 0 6 0
E 4550 0 -2 -19
E 4550 1 -2 -19
E 4550 2 -2 -19
E 4550 3 -2 -19
E 4550 4 -2 -19
E 4550 5 3 29
T 4551 13 0 6 0
E 4551 0 -2 -20
E 4551 1 -2 -20
E 4551 2 -2 -20
E 4551 3 -2 -20
E 4551 4 -2 -20
E 4551 5 3 28
T 4552 24 0 1 0
E 4552 5 12 36
T 4553 15 0 6 0
E 4553 0 -3 -28
E 4553 1 -3 -28
E 4553 2 -3 -28
E 4553 3 -3 -28
E 4553 4 -3 -28
E 4553 5 2 20
T 4554 15 0 6 0
E 4554 0 -2 -23
E 4554 1 -2 -23
E 4554 2 -2 -23
E 4554 3 -2 -23
E 4554 4 -2 -23
E 4554 5 2 25
T 4555 14 0 6 0
E 4555 0 -1 -16
E 4555 1 -1 -16
E 4555 2 -1 -16
E 4555 3 -1 -16
E 4555 4 -1 -16
E 4555 5 3 32
T 4556 13 0 6 0
E 4556 0 -1 -15
E 4556 1 -1 -15
E 4556 2 -1 -15
E 4556 3 -1 -15
E 4556 4 -1 -15
E 4556 5 3 33
T 4557 24 0 1 0
E 4557 5 12 36
T 4558 16 0 6 0
E 4558 0 -3 -29
E 4558 1 -3 -29
E 4558 2 -3 -29
E 4558 3 -3 -29
E 4558 4 -3 -29
E 4558 5 2 19
T 4559 16 0 6 0
E 4559 0 -2 -24
E 4559 1 -2 -24
E 4559 2 -2 -24
E 4559 3 -2 -24
E 4559 4 -2 -24
E 4559 5 2 24
T 4560 13 0 6 0
E 4560 0 4 37
E 4560 1 4 37
E 4560 2 4 37
E 4560 3 4 37
E 4560 4 4 37
E 4560 5 4 37
T 4561 8 0 6 0
E 4561 0 2 19
E 4561 1 2 19
E 4561 2 2 19
E 4561 3 2 19
E 4561 4 2 19
E 4561 5 1 16
T 4562 10 0 5 0
E 4562 0 1 15
E 4562 1 1 15
E 4562 2 1 15
E 4562 3 1 15
E 4562 4 1 15
T 4563 7 0 0 0
T 4564 10 0 5 0
E 4564 0 1 15
E 4564 1 1 15
E 4564 2 1 15
E 4564 3 1 15
E 4564 4 1 15
T 4565 12 0 5 0
E 4565 0 1 17
E 4565 1 1 17
E 4565 2 1 17
E 4565 3 1 17
E 4565 4 1 17
T 4566 8 0 5 0
E 4566 0 1 13
E 4566 1 1 13
E 4566 2 1 13
E 4566 3 1 13
E 4566 4 1 13
T 4567 12 0 1 0
E 4567 5 -4 -14
T 4568 9 0 5 0
E 4568 0 1 14
E 4568 1 1 14
E 4568 2 1 14
E 4568 3 1 14
E 4568 4 1 14
T 4569 14 0 1 0
E 4569 5 -7 -22
T 4570 12 0 6 0
E 4570 0 1 16
E 4570 1 1 16
E 4570 2 1 16
E 4570 3 1 16
E 4570 4 1 16
E 4570 5 -1 -16
T 4571 10 0 6 0
E 4571 0 1 13
E 4571 1 1 13
E 4571 2 1 13
E 4571 3 1 13
E 4571 4 1 13
E 4571 5 -2 -22
T 4572 17 0 1 0
E 4572 5 -10 -31
T 4573 21 0 1 0
E 4573 5 -9 -29
T 4574 18 0 6 0
E 4574 0 2 26
E 4574 1 2 26
E 4574 2 2 26
E 4574 3 2 26
E 4574 4 2 26
E 4574 5 -2 -19
T 4575 14 0 6 0
E 4575 0 2 22
E 4575 1 2 22
E 4575 2 2 22
E 4575 3 2 22
E 4575 4 2 22
E 4575 5 -2 -26
T 4576 13 0 6 0
E 4576 0 2 20
E 4576 1 2 20
E 4576 2 2 20
E 4576 3 2 20
E 4576 4 2 20
E 4576 5 -3 -31
T 4577 14 0 6 0
E 4577 0 2 21
E 4577 1 2 21
E 4577 2 2 21
E 4577 3 2 21
E 4577 4 2 21
E 4577 5 -3 -33
T 4578 15 0 6 0
E 4578 0 1 16
E 4578 1 1 16
E 4578 2 1 16
E 4578 3 1 16
E 4578 4 1 16
E 4578 5 -4 -41
T 4579 28 0 1 0
E 4579 5 -16 -49
T 4580 20 0 6 0
E 4580 0 2 26
E 4580 1 2 26
E 4580 2 2 26
E 4580 3 2 26
E 4580 4 2 26
E 4580 5 -4 -38
T 4581 16 0 6 0
E 4581 0 3 27
E 4581 1 3 27
E 4581 2 3 27
E 4581 3 3 27
E 4581 4 3 27
E 4581 5 -4 -40
T 4582 31 0 1 0
E 4582 5 -19 -58
T 4583 17 0 6 0
E 4583 0 3 27
E 4583 1 3 27
E 4583 2 3 27
E 4583 3 3 27
E 4583 4 3 27
E 4583 5 -5 -46
T 4584 18 0 6 0
E 4584 0 1 17
E 4584 1 1 17
E 4584 2 1 17
E 4584 3 1 17
E 4584 4 1 17
E 4584 5 -6 -60
T 4585 18 0 6 0
E 4585 0 2 22
E 4585 1 2 22
E 4585 2 2 22
E 4585 3 2 22
E 4585 4 2 22
E 4585 5 -6 -58
T 4586 15 0 6 0
E 4586 0 2 18
E 4586 1 2 18
E 4586 2 2 18
E 4586 3 2 18
E 4586 4 2 18
E 4586 5 -7 -65
T 4587 19 0 6 0
E 4587 0 2 22
E 4587 1 2 22
E 4587 2 2 22
E 4587 3 2 22
E 4587 4 2 22
E 4587 5 -7 -64
T 4588 23 0 6 0
E 4588 0 2 26
E 4588 1 2 26
E 4588 2 2 26
E 4588 3 2 26
E 4588 4 2 26
E 4588 5 -7 -63
T 4589 23 0 6 0
E 4589 0 2 26
E 4589 1 2 26
E 4589 2 2 26
E 4589 3 2 26
E 4589 4 2 26
E 4589 5 -7 -67
T 4590 14 0 6 0
E 4590 0 2 21
E 4590 1 2 21
E 4590 2 2 21
E 4590 3 2 21
E 4590 4 2 21
E 4590 5 -3 -27
T 4591 24 0 1 0
E 4591 5 -12 -36
T 4592 17 0 6 0
E 4592 0 2 25
E 4592 1 2 25
E 4592 2 2 25
E 4592 3 2 25
E 4592 4 2 25
E 4592 5 -2 -23
T 4593 14 0 6 0
E 4593 0 2 22
E 4593 1 2 22
E 4593 2 2 22
E 4593 3 2 22
E 4593 4 2 22
E 4593 5 -2 -26
T 4594 14 0 6 0
E 4594 0 1 16
E 4594 1 1 16
E 4594 2 1 16
E 4594 3 1 16
E 4594 4 1 16
E 4594 5 -3 -32
T 4595 12 0 6 0
E 4595 0 2 19
E 4595 1 2 19
E 4595 2 2 19
E 4595 3 2 19
E 4595 4 2 19
E 4595 5 -3 -29
T 4596 23 0 1 0
E 4596 5 -12 -37
T 4597 14 0 6 0
E 4597 0 2 21
E 4597 1 2 21
E 4597 2 2 21
E 4597 3 2 21
E 4597 4 2 21
E 4597 5 -3 -27
T 4598 12 0 6 0
E 4598 0 2 19
E 4598 1 2 19
E 4598 2 2 19
E 4598 3 2 19
E 4598 4 2 19
E 4598 5 -3 -29
T 4599 13 0 6 0
E 4599 0 1 15
E 4599 1 1 15
E 4599 2 1 15
E 4599 3 1 15
E 4599 4 1 15
E 4599 5 -3 -33
T 4600 12 0 6 0
E 4600 0 2 19
E 4600 1 2 19
E 4600 2 2 19
E 4600 3 2 19
E 4600 4 2 19
E 4600 5 -3 -29
T 4601 11 0 6 0
E 4601 0 2 18
E 4601 1 2 18
E 4601 2 2 18
E 4601 3 2 18
E 4601 4 2 18
E 4601 5 -3 -30
T 4602 13 0 6 0
E 4602 0 1 15
E 4602 1 1 15
E 4602 2 1 15
E 4602 3 1 15
E 4602 4 1 15
E 4602 5 -3 -33
T 4603 12 0 6 0
E 4603 0 1 14
E 4603 1 1 14
E 4603 2 1 14
E 4603 3 1 14
E 4603 4 1 14
E 4603 5 -3 -34
T 4604 11 0 6 0
E 4604 0 1 13
E 4604 1 1 13
E 4604 2 1 13
E 4604 3 1 13
E 4604 4 1 13
E 4604 5 -3 -35
T 4605 15 0 6 0
E 4605 0 1 17
E 4605 1 1 17
E 4605 2 1 17
E 4605 3 1 17
E 4605 4 1 17
E 4605 5 -3 -31
T 4606 12 0 6 0
E 4606 0 2 19
E 4606 1 2 19
E 4606 2 2 19
E 4606 3 2 19
E 4606 4 2 19
E 4606 5 -3 -29
T 4607 14 0 6 0
E 4607 0 1 16
E 4607 1 1 16
E 4607 2 1 16
E 4607 3 1 16
E 4607 4 1 16
E 4607 5 -3 -32
T 4608 24 0 1 0
E 4608 5 -12 -36
T 4609 16 0 6 0
E 4609 0 3 29
E 4609 1 3 29
E 4609 2 3 29
E 4609 3 3 29
E 4609 4 3 29
E 4609 5 -2 -19
T 4610 15 0 6 0
E 4610 0 2 23
E 4610 1 2 23
E 4610 2 2 23
E 4610 3 2 23
E 4610 4 2 23
E 4610 5 -2 -25
T 4611 14 0 6 0
E 4611 0 2 22
E 4611 1 2 22
E 4611 2 2 22
E 4611 3 2 22
E 4611 4 2 22
E 4611 5 -2 -26
T 4612 12 0 6 0
E 4612 0 1 14
E 4612 1 1 14
E 4612 2 1 14
E 4612 3 1 14
E 4612 4 1 14
E 4612 5 -3 -34
T 4613 13 0 6 0
E 4613 0 1 15
E 4613 1 1 15
E 4613 2 1 15
E 4613 3 1 15
E 4613 4 1 15
E 4613 5 -3 -33
T 4614 12 0 6 0
E 4614 0 2 19
E 4614 1 2 19
E 4614 2 2 19
E 4614 3 2 19
E 4614 4 2 19
E 4614 5 -3 -29
T 4615 21 0 1 0
E 4615 5 -13 -40
T 4616 15 0 6 0
E 4616 0 1 17
E 4616 1 1 17
E 4616 2 1 17
E 4616 3 1 17
E 4616 4 1 17
E 4616 5 -3 -31
T 4617 23 0 1 0
E 4617 5 -12 -37
T 4618 11 0 6 0
E 4618 0 2 18
E 4618 1 2 18
E 4618 2 2 18
E 4618 3 2 18
E 4618 4 2 18
E 4618 5 -3 -30
T 4619 14 0 6 0
E 4619 0 1 16
E 4619 1 1 16
E 4619 2 1 16
E 4619 3 1 16
E 4619 4 1 16
E 4619 5 -3 -32
T 4620 13 0 6 0
E 4620 0 1 15
E 4620 1 1 15
E 4620 2 1 15
E 4620 3 1 15
E 4620 4 1 15
E 4620 5 -3 -33
T 4621 11 0 6 0
E 4621 0 2 18
E 4621 1 2 18
E 4621 2 2 18
E 4621 3 2 18
E 4621 4 2 18
E 4621 5 -3 -30
T 4622 12 0 6 0
E 4622 0 1 14
E 4622 1 1 14
E 4622 2 1 14
E 4622 3 1 14
E 4622 4 1 14
E 4622 5 -3 -34
T 4623 22 0 1 0
E 4623 5 -13 -39
T 4624 15 0 6 0
E 4624 0 2 23
E 4624 1 2 23
E 4624 2 2 23
E 4624 3 2 23
E 4624 4 2 23
E 4624 5 -2 -25
T 4625 24 0 1 0
E 4625 5 -12 -36
T 4626 16 0 6 0
E 4626 0 2 24
E 4626 1 2 24
E 4626 2 2 24
E 4626 3 2 24
E 4626 4 2 24
E 4626 5 -2 -24
T 4627 14 0 6 0
E 4627 0 1 16
E 4627 1 1 16
E 4627 2 1 16
E 4627 3 1 16
E 4627 4 1 16
E 4627 5 -3 -32
T 4628 23 0 1 0
E 4628 5 -12 -37
T 4629 15 0 6 0
E 4629 0 3 28
E 4629 1 3 28
E 4629 2 3 28
E 4629 3 3 28
E 4629 4 3 28
E 4629 5 -2 -20
T 4630 11 0 6 0
E 4630 0 1 13
E 4630 1 1 13
E 4630 2 1 13
E 4630 3 1 13
E 4630 4 1 13
E 4630 5 -3 -35
T 4631 12 0 6 0
E 4631 0 1 14
E 4631 1 1 14
E 4631 2 1 14
E 4631 3 1 14
E 4631 4 1 14
E 4631 5 -3 -34
T 4632 22 0 1 0
E 4632 5 -13 -39
T 4633 17 0 6 0
E 4633 0 2 25
E 4633 1 2 25
E 4633 2 2 25
E 4633 3 2 25
E 4633 4 2 25
E 4633 5 -2 -23
T 4634 16 0 6 0
E 4634 0 2 24
E 4634 1 2 24
E 4634 2 2 24
E 4634 3 2 24
E 4634 4 2 24
E 4634 5 -2 -24
T 4635 15 0 6 0
E 4635 0 1 17
E 4635 1 1 17
E 4635 2 1 17
E 4635 3 1 17
E 4635 4 1 17
E 4635 5 -3 -31
T 4636 12 0 6 0
E 4636 0 2 19
E 4636 1 2 19
E 4636 2 2 19
E 4636 3 2 19
E 4636 4 2 19
E 4636 5 -3 -29
T 4637 23 0 1 0
E 4637 5 -12 -37
T 4638 18 0 6 0
E 4638 0 2 26
E 4638 1 2 26
E 4638 2 2 26
E 4638 3 2 26
E 4638 4 2 26
E 4638 5 -2 -22
T 4639 14 0 6 0
E 4639 0 2 22
E 4639 1 2 22
E 4639 2 2 22
E 4639 3 2 22
E 4639 4 2 22
E 4639 5 -2 -26
T 4640 15 0 6 0
E 4640 0 1 17
E 4640 1 1 17
E 4640 2 1 17
E 4640 3 1 17
E 4640 4 1 17
E 4640 5 -3 -31
T 4641 13 0 6 0
E 4641 0 1 15
E 4641 1 1 15
E 4641 2 1 15
E 4641 3 1 15
E 4641 4 1 15
E 4641 5 -3 -33
T 4642 12 0 6 0
E 4642 0 1 14
E 4642 1 1 14
E 4642 2 1 14
E 4642 3 1 14
E 4642 4 1 14
E 4642 5 -3 -34
T 4643 21 0 1 0
E 4643 5 -13 -40
T 4644 13 0 6 0
E 4644 0 2 20
E 4644 1 2 20
E 4644 2 2 20
E 4644 3 2 20
E 4644 4 2 20
E 4644 5 -3 -28
T 4645 11 0 6 0
E 4645 0 1 13
E 4645 1 1 13
E 4645 2 1 13
E 4645 3 1 13
E 4645 4 1 13
E 4645 5 -3 -35
T 4646 22 0 1 0
E 4646 5 -13 -39
T 4647 17 0 6 0
E 4647 0 3 30
E 4647 1 3 30
E 4647 2 3 30
E 4647 3 3 30
E 4647 4 3 30
E 4647 5 -2 -18
T 4648 12 0 6 0
E 4648 0 2 19
E 4648 1 2 19
E 4648 2 2 19
E 4648 3 2 19
E 4648 4 2 19
E 4648 5 -3 -29
T 4649 11 0 6 0
E 4649 0 2 18
E 4649 1 2 18
E 4649 2 2 18
E 4649 3 2 18
E 4649 4 2 18
E 4649 5 -3 -30
T 4650 14 0 6 0
E 4650 0 1 16
E 4650 1 1 16
E 4650 2 1 16
E 4650 3 1 16
E 4650 4 1 16
E 4650 5 -3 -32
T 4651 11 0 6 0
E 4651 0 1 13
E 4651 1 1 13
E 4651 2 1 13
E 4651 3 1 13
E 4651 4 1 13
E 4651 5 -3 -35
T 4652 14 0 6 0
E 4652 0 1 16
E 4652 1 1 16
E 4652 2 1 16
E 4652 3 1 16
E 4652 4 1 16
E 4652 5 -3 -32
T 4653 13 0 6 0
E 4653 0 1 15
E 4653 1 1 15
E 4653 2 1 15
E 4653 3 1 15
E 4653 4 1 15
E 4653 5 -3 -33
T 4654 15 0 6 0
E 4654 0 1 17
E 4654 1 1 17
E 4654 2 1 17
E 4654 3 1 17
E 4654 4 1 17
E 4654 5 -3 -31
T 4655 11 0 6 0
E 4655 0 1 13
E 4655 1 1 13
E 4655 2 1 13
E 4655 3 1 13
E 4655 4 1 13
E 4655 5 -3 -35
T 4656 22 0 1 0
E 4656 5 -12 -38
T 4657 13 0 6 0
E 4657 0 2 21
E 4657 1 2 21
E 4657 2 2 21
E 4657 3 2 21
E 4657 4 2 21
E 4657 5 -2 -24
T 4658 20 0 1 0
E 4658 5 -11 -34
T 4659 14 0 6 0
E 4659 0 1 17
E 4659 1 1 17
E 4659 2 1 17
E 4659 3 1 17
E 4659 4 1 17
E 4659 5 -2 -23
T 4660 10 0 6 0
E 4660 0 1 13
E 4660 1 1 13
E 4660 2 1 13
E 4660 3 1 13
E 4660 4 1 13
E 4660 5 -2 -24
T 4661 19 0 1 0
E 4661 5 -7 -23
T 4662 12 0 5 0
E 4662 0 2 22
E 4662 1 2 22
E 4662 2 2 22
E 4662 3 2 22
E 4662 4 2 22
T 4663 9 0 6 0
E 4663 0 1 13
E 4663 1 1 13
E 4663 2 1 13
E 4663 3 1 13
E 4663 4 1 13
E 4663 5 -1 -17
T 4664 12 0 1 0
E 4664 5 -7 -22
T 4665 11 0 5 0
E 4665 0 1 16
E 4665 1 1 16
E 4665 2 1 16
E 4665 3 1 16
E 4665 4 1 16
T 4666 8 0 5 0
E 4666 0 1 13
E 4666 1 1 13
E 4666 2 1 13
E 4666 3 1 13
E 4666 4 1 13
T 4667 11 0 0 0
T 4668 7 0 0 0
T 4669 9 0 0 0
T 4670 9 0 0 0
T 4671 6 0 0 0
T 4672 0 0 0 0
T 4673 2 0 0 0
T 4674 2 0 0 0
T 4675 1 0 0 0
T 4676 4 0 0 0
T 4677 2 0 0 0
T 4678 7 0 0 0
T 4679 12 0 0 0
T 4680 11 0 0 0
T 4681 11 0 0 0
T 4682 11 0 0 0
T 4683 10 0 0 0
T 4684 16 0 1 0
E 4684 5 4 13
T 4685 12 0 5 0
E 4685 0 -2 -22
E 4685 1 -2 -22
E 4685 2 -2 -22
E 4685 3 -2 -22
E 4685 4 -2 -22
T 4686 11 0 6 0
E 4686 0 -1 -15
E 4686 1 -1 -15
E 4686 2 -1 -15
E 4686 3 -1 -15
E 4686 4 -1 -15
E 4686 5 1 15
T 4687 14 0 1 0
E 4687 5 8 24
T 4688 9 0 5 0
E 4688 0 -2 -19
E 4688 1 -2 -19
E 4688 2 -2 -19
E 4688 3 -2 -19
E 4688 4 -2 -19
T 4689 14 0 1 0
E 4689 5 8 24
T 4690 8 0 5 0
E 4690 0 -2 -18
E 4690 1 -2 -18
E 4690 2 -2 -18
E 4690 3 -2 -18
E 4690 4 -2 -18
T 4691 15 0 1 0
E 4691 5 7 22
T 4692 11 0 6 0
E 4692 0 -1 -15
E 4692 1 -1 -15
E 4692 2 -1 -15
E 4692 3 -1 -15
E 4692 4 -1 -15
E 4692 5 1 15
T 4693 14 0 1 0
E 4693 5 8 24
T 4694 11 0 5 0
E 4694 0 -2 -21
E 4694 1 -2 -21
E 4694 2 -2 -21
E 4694 3 -2 -21
E 4694 4 -2 -21
T 4695 17 0 1 0
E 4695 5 6 19
T 4696 10 0 5 0
E 4696 0 -2 -20
E 4696 1 -2 -20
E 4696 2 -2 -20
E 4696 3 -2 -20
E 4696 4 -2 -20
T 4697 14 0 1 0
E 4697 5 8 24
T 4698 9 0 5 0
E 4698 0 -2 -19
E 4698 1 -2 -19
E 4698 2 -2 -19
E 4698 3 -2 -19
E 4698 4 -2 -19
T 4699 16 0 1 0
E 4699 5 7 21
T 4700 11 0 5 0
E 4700 0 -2 -21
E 4700 1 -2 -21
E 4700 2 -2 -21
E 4700 3 -2 -21
E 4700 4 -2 -21
T 4701 12 0 6 0
E 4701 0 -1 -16
E 4701 1 -1 -16
E 4701 2 -1 -16
E 4701 3 -1 -16
E 4701 4 -1 -16
E 4701 5 1 14
T 4702 8 0 5 0
E 4702 0 -2 -18
E 4702 1 -2 -18
E 4702 2 -2 -18
E 4702 3 -2 -18
E 4702 4 -2 -18
T 4703 16 0 1 0
E 4703 5 6 20
T 4704 9 0 6 0
E 4704 0 -1 -13
E 4704 1 -1 -13
E 4704 2 -1 -13
E 4704 3 -1 -13
E 4704 4 -1 -13
E 4704 5 1 17
T 4705 17 0 1 0
E 4705 5 6 19
T 4706 11 0 6 0
E 4706 0 -1 -15
E 4706 1 -1 -15
E 4706 2 -1 -15
E 4706 3 -1 -15
E 4706 4 -1 -15
E 4706 5 1 16
T 4707 10 0 6 0
E 4707 0 -1 -14
E 4707 1 -1 -14
E 4707 2 -1 -14
E 4707 3 -1 -14
E 4707 4 -1 -14
E 4707 5 1 17
T 4708 10 0 6 0
E 4708 0 -1 -13
E 4708 1 -1 -13
E 4708 2 -1 -13
E 4708 3 -1 -13
E 4708 4 -1 -13
E 4708 5 2 19
T 4709 16 0 1 0
E 4709 5 8 25
T 4710 19 0 1 0
E 4710 5 7 21
T 4711 13 0 5 0
E 4711 0 -2 -23
E 4711 1 -2 -23
E 4711 2 -2 -23
E 4711 3 -2 -23
E 4711 4 -2 -23
T 4712 13 0 6 0
E 4712 0 -1 -17
E 4712 1 -1 -17
E 4712 2 -1 -17
E 4712 3 -1 -17
E 4712 4 -1 -17
E 4712 5 1 17
T 4713 18 0 1 0
E 4713 5 8 25
T 4714 10 0 6 0
E 4714 0 -2 -18
E 4714 1 -2 -18
E 4714 2 -2 -18
E 4714 3 -2 -18
E 4714 4 -2 -18
E 4714 5 2 18
T 4715 20 0 1 0
E 4715 5 8 24
T 4716 15 0 5 0
E 4716 0 -2 -25
E 4716 1 -2 -25
E 4716 2 -2 -25
E 4716 3 -2 -25
E 4716 4 -2 -25
T 4717 10 0 6 0
E 4717 0 -2 -18
E 4717 1 -2 -18
E 4717 2 -2 -18
E 4717 3 -2 -18
E 4717 4 -2 -18
E 4717 5 2 19
T 4718 14 0 6 0
E 4718 0 -1 -17
E 4718 1 -1 -17
E 4718 2 -1 -17
E 4718 3 -1 -17
E 4718 4 -1 -17
E 4718 5 2 21
T 4719 13 0 6 0
E 4719 0 -1 -16
E 4719 1 -1 -16
E 4719 2 -1 -16
E 4719 3 -1 -16
E 4719 4 -1 -16
E 4719 5 2 23
T 4720 13 0 6 0
E 4720 0 -1 -16
E 4720 1 -1 -16
E 4720 2 -1 -16
E 4720 3 -1 -16
E 4720 4 -1 -16
E 4720 5 2 23
T 4721 13 0 6 0
E 4721 0 -1 -16
E 4721 1 -1 -16
E 4721 2 -1 -16
E 4721 3 -1 -16
E 4721 4 -1 -16
E 4721 5 2 24
T 4722 11 0 6 0
E 4722 0 -2 -19
E 4722 1 -2 -19
E 4722 2 -2 -19
E 4722 3 -2 -19
E 4722 4 -2 -19
E 4722 5 2 21
T 4723 13 0 6 0
E 4723 0 -1 -16
E 4723 1 -1 -16
E 4723 2 -1 -16
E 4723 3 -1 -16
E 4723 4 -1 -16
E 4723 5 2 25
T 4724 13 0 6 0
E 4724 0 -1 -16
E 4724 1 -1 -16
E 4724 2 -1 -16
E 4724 3 -1 -16
E 4724 4 -1 -16
E 4724 5 2 26
T 4725 10 0 6 0
E 4725 0 -2 -18
E 4725 1 -2 -18
E 4725 2 -2 -18
E 4725 3 -2 -18
E 4725 4 -2 -18
E 4725 5 2 24
T 4726 18 0 1 0
E 4726 5 12 37
T 4727 13 0 6 0
E 4727 0 -1 -15
E 4727 1 -1 -15
E 4727 2 -1 -15
E 4727 3 -1 -15
E 4727 4 -1 -15
E 4727 5 3 28
T 4728 12 0 6 0
E 4728 0 -2 -20
E 4728 1 -2 -20
E 4728 2 -2 -20
E 4728 3 -2 -20
E 4728 4 -2 -20
E 4728 5 2 24
T 4729 13 0 6 0
E 4729 0 -1 -15
E 4729 1 -1 -15
E 4729 2 -1 -15
E 4729 3 -1 -15
E 4729 4 -1 -15
E 4729 5 3 30
T 4730 21 0 1 0
E 4730 5 12 36
T 4731 14 0 6 0
E 4731 0 -3 -27
E 4731 1 -3 -27
E 4731 2 -3 -27
E 4731 3 -3 -27
E 4731 4 -3 -27
E 4731 5 2 19
T 4732 13 0 6 0
E 4732 0 -2 -21
E 4732 1 -2 -21
E 4732 2 -2 -21
E 4732 3 -2 -21
E 4732 4 -2 -21
E 4732 5 2 25
T 4733 11 0 6 0
E 4733 0 -1 -13
E 4733 1 -1 -13
E 4733 2 -1 -13
E 4733 3 -1 -13
E 4733 4 -1 -13
E 4733 5 3 34
T 4734 12 0 6 0
E 4734 0 -1 -14
E 4734 1 -1 -14
E 4734 2 -1 -14
E 4734 3 -1 -14
E 4734 4 -1 -14
E 4734 5 3 34
T 4735 13 0 6 0
E 4735 0 -1 -15
E 4735 1 -1 -15
E 4735 2 -1 -15
E 4735 3 -1 -15
E 4735 4 -1 -15
E 4735 5 3 33
T 4736 11 0 6 0
E 4736 0 -2 -18
E 4736 1 -2 -18
E 4736 2 -2 -18
E 4736 3 -2 -18
E 4736 4 -2 -18
E 4736 5 3 30
T 4737 22 0 1 0
E 4737 5 13 39
T 4738 17 0 6 0
E 4738 0 -3 -30
E 4738 1 -3 -30
E 4738 2 -3 -30
E 4738 3 -3 -30
E 4738 4 -3 -30
E 4738 5 2 18
T 4739 14 0 6 0
E 4739 0 -1 -16
E 4739 1 -1 -16
E 4739 2 -1 -16
E 4739 3 -1 -16
E 4739 4 -1 -16
E 4739 5 3 32
T 4740 22 0 1 0
E 4740 5 12 38
T 4741 14 0 6 0
E 4741 0 -3 -27
E 4741 1 -3 -27
E 4741 2 -3 -27
E 4741 3 -3 -27
E 4741 4 -3 -27
E 4741 5 2 21
T 4742 12 0 6 0
E 4742 0 -2 -19
E 4742 1 -2 -19
E 4742 2 -2 -19
E 4742 3 -2 -19
E 4742 4 -2 -19
E 4742 5 3 29
T 4743 24 0 1 0
E 4743 5 12 36
T 4744 18 0 6 0
E 4744 0 -2 -26
E 4744 1 -2 -26
E 4744 2 -2 -26
E 4744 3 -2 -26
E 4744 4 -2 -26
E 4744 5 2 22
T 4745 17 0 6 0
E 4745 0 -2 -25
E 4745 1 -2 -25
E 4745 2 -2 -25
E 4745 3 -2 -25
E 4745 4 -2 -25
E 4745 5 2 23
T 4746 11 0 6 0
E 4746 0 -1 -13
E 4746 1 -1 -13
E 4746 2 -1 -13
E 4746 3 -1 -13
E 4746 4 -1 -13
E 4746 5 3 35
T 4747 24 0 1 0
E 4747 5 12 36
T 4748 16 0 6 0
E 4748 0 -3 -29
E 4748 1 -3 -29
E 4748 2 -3 -29
E 4748 3 -3 -29
E 4748 4 -3 -29
E 4748 5 2 19
T 4749 14 0 6 0
E 4749 0 -2 -22
E 4749 1 -2 -22
E 4749 2 -2 -22
E 4749 3 -2 -22
E 4749 4 -2 -22
E 4749 5 2 26
T 4750 22 0 1 0
E 4750 5 13 39
T 4751 14 0 6 0
E 4751 0 -3 -27
E 4751 1 -3 -27
E 4751 2 -3 -27
E 4751 3 -3 -27
E 4751 4 -3 -27
E 4751 5 2 21
T 4752 11 0 6 0
E 4752 0 -1 -13
E 4752 1 -1 -13
E 4752 2 -1 -13
E 4752 3 -1 -13
E 4752 4 -1 -13
E 4752 5 3 35
T 4753 21 0 1 0
E 4753 5 13 40
T 4754 15 0 6 0
E 4754 0 -3 -28
E 4754 1 -3 -28
E 4754 2 -3 -28
E 4754 3 -3 -28
E 4754 4 -3 -28
E 4754 5 2 20
T 4755 23 0 1 0
E 4755 5 12 37
T 4756 15 0 6 0
E 4756 0 -2 -23
E 4756 1 -2 -23
E 4756 2 -2 -23
E 4756 3 -2 -23
E 4756 4 -2 -23
E 4756 5 2 25
T 4757 23 0 1 0
E 4757 5 12 37
T 4758 14 0 6 0
E 4758 0 -3 -27
E 4758 1 -3 -27
E 4758 2 -3 -27
E 4758 3 -3 -27
E 4758 4 -3 -27
E 4758 5 2 21
T 4759 24 0 1 0
E 4759 5 12 36
T 4760 14 0 6 0
E 4760 0 -2 -21
E 4760 1 -2 -21
E 4760 2 -2 -21
E 4760 3 -2 -21
E 4760 4 -2 -21
E 4760 5 3 27
T 4761 14 0 6 0
E 4761 0 -1 -16
E 4761 1 -1 -16
E 4761 2 -1 -16
E 4761 3 -1 -16
E 4761 4 -1 -16
E 4761 5 3 32
T 4762 22 0 1 0
E 4762 5 12 38
T 4763 12 0 6 0
E 4763 0 -2 -19
E 4763 1 -2 -19
E 4763 2 -2 -19
E 4763 3 -2 -19
E 4763 4 -2 -19
E 4763 5 3 29
T 4764 22 0 1 0
E 4764 5 12 38
T 4765 14 0 6 0
E 4765 0 -2 -21
E 4765 1 -2 -21
E 4765 2 -2 -21
E 4765 3 -2 -21
E 4765 4 -2 -21
E 4765 5 3 27
T 4766 12 0 6 0
E 4766 0 -1 -14
E 4766 1 -1 -14
E 4766 2 -1 -14
E 4766 3 -1 -14
E 4766 4 -1 -14
E 4766 5 3 34
T 4767 24 0 1 0
E 4767 5 12 36
T 4768 14 0 6 0
E 4768 0 -3 -27
E 4768 1 -3 -27
E 4768 2 -3 -27
E 4768 3 -3 -27
E 4768 4 -3 -27
E 4768 5 2 21
T 4769 22 0 1 0
E 4769 5 12 38
T 4770 18 0 6 0
E 4770 0 -2 -26
E 4770 1 -2 -26
E 4770 2 -2 -26
E 4770 3 -2 -26
E 4770 4 -2 -26
E 4770 5 2 22
T 4771 13 0 6 0
E 4771 0 -1 -15
E 4771 1 -1 -15
E 4771 2 -1 -15
E 4771 3 -1 -15
E 4771 4 -1 -15
E 4771 5 3 33
T 4772 14 0 6 0
E 4772 0 -1 -16
E 4772 1 -1 -16
E 4772 2 -1 -16
E 4772 3 -1 -16
E 4772 4 -1 -16
E 4772 5 3 32
T 4773 13 0 6 0
E 4773 0 -2 -20
E 4773 1 -2 -20
E 4773 2 -2 -20
E 4773 3 -2 -20
E 4773 4 -2 -20
E 4773 5 3 28
T 4774 11 0 6 0
E 4774 0 -1 -13
E 4774 1 -1 -13
E 4774 2 -1 -13
E 4774 3 -1 -13
E 4774 4 -1 -13
E 4774 5 3 35
T 4775 12 0 6 0
E 4775 0 -1 -14
E 4775 1 -1 -14
E 4775 2 -1 -14
E 4775 3 -1 -14
E 4775 4 -1 -14
E 4775 5 3 34
T 4776 15 0 6 0
E 4776 0 -1 -17
E 4776 1 -1 -17
E 4776 2 -1 -17
E 4776 3 -1 -17
E 4776 4 -1 -17
E 4776 5 3 31
T 4777 15 0 6 0
E 4777 0 -1 -17
E 4777 1 -1 -17
E 4777 2 -1 -17
E 4777 3 -1 -17
E 4777 4 -1 -17
E 4777 5 3 31
T 4778 14 0 6 0
E 4778 0 -2 -22
E 4778 1 -2 -22
E 4778 2 -2 -22
E 4778 3 -2 -22
E 4778 4 -2 -22
E 4778 5 2 26
T 4779 14 0 6 0
E 4779 0 -2 -21
E 4779 1 -2 -21
E 4779 2 -2 -21
E 4779 3 -2 -21
E 4779 4 -2 -21
E 4779 5 3 27
T 4780 12 0 6 0
E 4780 0 -2 -19
E 4780 1 -2 -19
E 4780 2 -2 -19
E 4780 3 -2 -19
E 4780 4 -2 -19
E 4780 5 3 29
T 4781 13 0 6 0
E 4781 0 -2 -20
E 4781 1 -2 -20
E 4781 2 -2 -20
E 4781 3 -2 -20
E 4781 4 -2 -20
E 4781 5 3 28
T 4782 11 0 6 0
E 4782 0 -1 -13
E 4782 1 -1 -13
E 4782 2 -1 -13
E 4782 3 -1 -13
E 4782 4 -1 -13
E 4782 5 3 35
T 4783 21 0 1 0
E 4783 5 13 40
T 4784 15 0 6 0
E 4784 0 -3 -28
E 4784 1 -3 -28
E 4784 2 -3 -28
E 4784 3 -3 -28
E 4784 4 -3 -28
E 4784 5 2 20
T 4785 14 0 6 0
E 4785 0 -2 -21
E 4785 1 -2 -21
E 4785 2 -2 -21
E 4785 3 -2 -21
E 4785 4 -2 -21
E 4785 5 3 27
T 4786 14 0 6 0
E 4786 0 -2 -22
E 4786 1 -2 -22
E 4786 2 -2 -22
E 4786 3 -2 -22
E 4786 4 -2 -22
E 4786 5 2 26
T 4787 13 0 6 0
E 4787 0 -2 -20
E 4787 1 -2 -20
E 4787 2 -2 -20
E 4787 3 -2 -20
E 4787 4 -2 -20
E 4787 5 3 28
T 4788 14 0 6 0
E 4788 0 -1 -16
E 4788 1 -1 -16
E 4788 2 -1 -16
E 4788 3 -1 -16
E 4788 4 -1 -16
E 4788 5 3 32
T 4789 11 0 6 0
E 4789 0 -2 -18
E 4789 1 -2 -18
E 4789 2 -2 -18
E 4789 3 -2 -18
E 4789 4 -2 -18
E 4789 5 3 30
T 4790 24 0 1 0
E 4790 5 12 36
T 4791 18 0 6 0
E 4791 0 -3 -32
E 4791 1 -3 -32
E 4791 2 -3 -32
E 4791 3 -3 -32
E 4791 4 -3 -32
E 4791 5 1 16
T 4792 12 0 6 0
E 4792 0 -2 -19
E 4792 1 -2 -19
E 4792 2 -2 -19
E 4792 3 -2 -19
E 4792 4 -2 -19
E 4792 5 3 29
T 4793 11 0 6 0
E 4793 0 -1 -13
E 4793 1 -1 -13
E 4793 2 -1 -13
E 4793 3 -1 -13
E 4793 4 -1 -13
E 4793 5 3 35
T 4794 15 0 6 0
E 4794 0 -1 -17
E 4794 1 -1 -17
E 4794 2 -1 -17
E 4794 3 -1 -17
E 4794 4 -1 -17
E 4794 5 3 31
T 4795 11 0 6 0
E 4795 0 -1 -13
E 4795 1 -1 -13
E 4795 2 -1 -13
E 4795 3 -1 -13
E 4795 4 -1 -13
E 4795 5 3 35
T 4796 12 0 6 0
E 4796 0 -2 -19
E 4796 1 -2 -19
E 4796 2 -2 -19
E 4796 3 -2 -19
E 4796 4 -2 -19
E 4796 5 3 29
T 4797 22 0 1 0
E 4797 5 12 38
T 4798 12 0 6 0
E 4798 0 -2 -19
E 4798 1 -2 -19
E 4798 2 -2 -19
E 4798 3 -2 -19
E 4798 4 -2 -19
E 4798 5 3 29
T 4799 23 0 1 0
E 4799 5 12 37
F 20599 432621 14 4385 496 0 19397 0
