T 0 2 0 0 0
T 1 5 0 0 0
T 2 4 0 0 0
T 3 1 0 0 0
T 4 7 0 0 0
T 5 5 0 0 0
T 6 11 0 0 0
T 7 10 0 1 0
E 7 0 4 14
T 8 9 0 0 0
T 9 12 0 1 0
E 9 0 5 17
T 10 9 0 1 0
E 10 0 4 13
T 11 12 0 0 0
T 12 8 0 0 0
T 13 10 0 1 0
E 13 0 5 15
T 14 20 0 3 0
E 14 3 -4 -14
E 14 4 -4 -14
E 14 5 -4 -14
T 15 13 0 2 0
E 15 0 9 28
E 15 1 6 18
T 16 25 0 3 0
E 16 3 -5 -15
E 16 4 -5 -15
E 16 5 -5 -15
T 17 13 0 2 0
E 17 0 8 26
E 17 1 5 16
T 18 11 0 1 0
E 18 0 5 16
T 19 13 0 1 0
E 19 0 6 19
T 20 22 0 3 0
E 20 0 5 17
E 20 4 -5 -15
E 20 5 -5 -15
T 21 21 0 3 0
E 21 0 6 19
E 21 4 -4 -14
E 21 5 -4 -14
T 22 13 0 2 0
E 22 0 9 28
E 22 1 6 18
T 23 32 0 3 0
E 23 3 -6 -20
E 23 4 -9 -28
E 23 5 -9 -28
T 24 11 0 3 0
E 24 0 12 38
E 24 1 9 28
E 24 2 6 19
T 25 39 0 4 0
E 25 2 -4 -13
E 25 3 -7 -22
E 25 4 -10 -32
E 25 5 -11 -33
T 26 10 0 3 0
E 26 0 13 39
E 26 1 10 30
E 26 2 6 20
T 27 36 0 3 0
E 27 3 -7 -22
E 27 4 -10 -32
E 27 5 -12 -36
T 28 11 0 3 0
E 28 0 10 32
E 28 1 7 23
E 28 2 4 13
T 29 33 0 4 0
E 29 0 4 13
E 29 3 -5 -16
E 29 4 -8 -25
E 29 5 -11 -33
T 30 20 0 3 0
E 30 0 10 30
E 30 1 6 20
E 30 5 -6 -18
T 31 19 0 3 0
E 31 0 9 27
E 31 1 6 18
E 31 5 -7 -21
T 32 29 0 3 0
E 32 0 6 18
E 32 4 -7 -21
E 32 5 -10 -30
T 33 20 0 3 0
E 33 0 8 26
E 33 1 5 17
E 33 5 -7 -22
T 34 28 0 3 0
E 34 0 6 19
E 34 4 -6 -19
E 34 5 -9 -29
T 35 20 0 3 0
E 35 0 10 30
E 35 1 6 20
E 35 5 -6 -18
T 36 19 0 3 0
E 36 0 9 27
E 36 1 6 18
E 36 5 -7 -21
T 37 28 0 3 0
E 37 0 6 19
E 37 4 -6 -20
E 37 5 -9 -29
T 38 19 0 3 0
E 38 0 9 28
E 38 1 6 19
E 38 5 -6 -20
T 39 28 0 3 0
E 39 0 7 22
E 39 4 -5 -16
E 39 5 -8 -26
T 40 15 0 4 0
E 40 0 11 34
E 40 1 8 24
E 40 2 4 14
E 40 5 -4 -14
T 41 37 0 3 0
E 41 3 -6 -19
E 41 4 -9 -28
E 41 5 -12 -38
T 42 15 0 4 0
E 42 0 11 35
E 42 1 8 25
E 42 2 5 16
E 42 5 -4 -13
T 43 28 0 3 0
E 43 0 6 19
E 43 4 -6 -19
E 43 5 -9 -29
T 44 20 0 3 0
E 44 0 10 30
E 44 1 6 20
E 44 5 -6 -18
T 45 29 0 3 0
E 45 0 6 18
E 45 4 -7 -21
E 45 5 -10 -30
T 46 23 0 4 0
E 46 0 8 24
E 46 1 5 15
E 46 4 -4 -14
E 46 5 -8 -24
T 47 29 0 3 0
E 47 0 6 20
E 47 4 -6 -19
E 47 5 -9 -28
T 48 19 0 3 0
E 48 0 10 31
E 48 1 7 22
E 48 5 -5 -17
T 49 28 0 3 0
E 49 0 7 22
E 49 4 -5 -16
E 49 5 -8 -26
T 50 24 0 4 0
E 50 0 8 26
E 50 1 5 16
E 50 4 -4 -13
E 50 5 -7 -22
T 51 25 0 4 0
E 51 0 7 23
E 51 1 4 14
E 51 4 -5 -15
E 51 5 -8 -25
T 52 16 0 4 0
E 52 0 11 33
E 52 1 7 23
E 52 2 4 14
E 52 5 -5 -15
T 53 25 0 4 0
E 53 0 7 23
E 53 1 4 14
E 53 4 -5 -15
E 53 5 -8 -25
T 54 28 0 3 0
E 54 0 7 21
E 54 4 -5 -17
E 54 5 -9 -27
T 55 24 0 4 0
E 55 0 8 26
E 55 1 5 16
E 55 4 -4 -13
E 55 5 -7 -22
T 56 23 0 4 0
E 56 0 8 24
E 56 1 5 15
E 56 4 -4 -14
E 56 5 -8 -24
T 57 20 0 3 0
E 57 0 10 30
E 57 1 6 20
E 57 5 -6 -18
T 58 32 0 4 0
E 58 0 5 15
E 58 3 -4 -13
E 58 4 -7 -23
E 58 5 -11 -33
T 59 19 0 3 0
E 59 0 9 28
E 59 1 6 18
E 59 5 -6 -20
T 60 32 0 4 0
E 60 0 5 16
E 60 3 -4 -13
E 60 4 -7 -23
E 60 5 -10 -32
T 61 10 0 3 0
E 61 0 12 37
E 61 1 9 28
E 61 2 6 18
T 62 37 0 3 0
E 62 3 -7 -22
E 62 4 -10 -32
E 62 5 -13 -41
T 63 15 0 4 0
E 63 0 11 33
E 63 1 8 24
E 63 2 4 14
E 63 5 -5 -15
T 64 32 0 4 0
E 64 0 5 15
E 64 3 -4 -14
E 64 4 -7 -23
E 64 5 -11 -33
T 65 20 0 3 0
E 65 0 10 32
E 65 1 7 22
E 65 5 -5 -16
T 66 32 0 4 0
E 66 0 5 15
E 66 3 -4 -14
E 66 4 -7 -23
E 66 5 -11 -33
T 67 20 0 3 0
E 67 0 9 29
E 67 1 6 19
E 67 5 -6 -19
T 68 23 0 4 0
E 68 0 8 25
E 68 1 5 16
E 68 4 -4 -13
E 68 5 -7 -23
T 69 28 0 3 0
E 69 0 6 19
E 69 4 -6 -19
E 69 5 -9 -29
T 70 20 0 3 0
E 70 0 10 32
E 70 1 7 22
E 70 5 -5 -16
T 71 29 0 3 0
E 71 0 5 17
E 71 4 -7 -21
E 71 5 -10 -31
T 72 19 0 3 0
E 72 0 10 31
E 72 1 7 21
E 72 5 -5 -17
T 73 33 0 4 0
E 73 0 4 14
E 73 3 -4 -14
E 73 4 -8 -24
E 73 5 -11 -34
T 74 16 0 4 0
E 74 0 10 32
E 74 1 7 22
E 74 2 4 13
E 74 5 -5 -16
T 75 38 0 3 0
E 75 3 -5 -17
E 75 4 -9 -27
E 75 5 -12 -36
T 76 6 0 4 0
E 76 0 14 44
E 76 1 11 35
E 76 2 8 25
E 76 3 5 15
T 77 38 0 3 0
E 77 3 -5 -17
E 77 4 -9 -27
E 77 5 -12 -36
T 78 5 0 4 0
E 78 0 15 45
E 78 1 12 36
E 78 2 8 26
E 78 3 5 17
T 79 42 0 4 0
E 79 2 -5 -15
E 79 3 -8 -25
E 79 4 -11 -34
E 79 5 -14 -44
T 80 11 0 3 0
E 80 0 13 39
E 80 1 9 29
E 80 2 6 19
T 81 37 0 3 0
E 81 3 -6 -19
E 81 4 -9 -28
E 81 5 -12 -38
T 82 11 0 3 0
E 82 0 13 39
E 82 1 9 29
E 82 2 6 20
T 83 37 0 3 0
E 83 3 -6 -18
E 83 4 -9 -28
E 83 5 -12 -38
T 84 11 0 3 0
E 84 0 13 41
E 84 1 10 31
E 84 2 7 22
T 85 32 0 4 0
E 85 0 5 16
E 85 3 -4 -13
E 85 4 -7 -23
E 85 5 -10 -32
T 86 20 0 3 0
E 86 0 9 29
E 86 1 6 20
E 86 5 -6 -19
T 87 29 0 3 0
E 87 0 7 21
E 87 4 -6 -18
E 87 5 -9 -27
T 88 14 0 4 0
E 88 0 11 34
E 88 1 8 25
E 88 2 5 15
E 88 5 -4 -14
T 89 37 0 3 0
E 89 3 -6 -19
E 89 4 -9 -28
E 89 5 -12 -38
T 90 7 0 4 0
E 90 0 14 43
E 90 1 11 33
E 90 2 7 23
E 90 3 4 14
T 91 37 0 3 0
E 91 3 -5 -17
E 91 4 -8 -26
E 91 5 -12 -36
T 92 11 0 3 0
E 92 0 13 39
E 92 1 9 29
E 92 2 6 20
T 93 41 0 4 0
E 93 2 -4 -13
E 93 3 -7 -22
E 93 4 -10 -32
E 93 5 -14 -42
T 94 6 0 4 0
E 94 0 15 45
E 94 1 11 35
E 94 2 8 26
E 94 3 5 16
T 95 42 0 4 0
E 95 2 -5 -16
E 95 3 -8 -25
E 95 4 -11 -35
E 95 5 -14 -44
T 96 11 0 3 0
E 96 0 12 38
E 96 1 9 29
E 96 2 6 19
T 97 35 0 3 0
E 97 3 -6 -20
E 97 4 -10 -30
E 97 5 -13 -39
T 98 7 0 3 0
E 98 0 11 35
E 98 1 10 31
E 98 2 7 21
T 99 30 0 3 0
E 99 3 -6 -18
E 99 4 -9 -27
E 99 5 -12 -37
T 100 4 0 3 0
E 100 0 9 28
E 100 1 9 29
E 100 2 6 19
T 101 24 0 3 0
E 101 3 -5 -17
E 101 4 -8 -26
E 101 5 -12 -36
T 102 4 0 4 0
E 102 0 9 29
E 102 1 11 35
E 102 2 8 26
E 102 3 5 16
T 103 19 0 3 0
E 103 3 -4 -13
E 103 4 -7 -23
E 103 5 -11 -33
T 104 1 0 3 0
E 104 0 6 20
E 104 1 8 26
E 104 2 7 22
T 105 10 0 1 0
E 105 5 -6 -20
T 106 0 0 2 0
E 106 1 5 17
E 106 2 6 18
T 107 8 0 2 0
E 107 4 -4 -13
E 107 5 -7 -22
T 108 0 0 1 0
E 108 2 6 18
T 109 2 0 1 0
E 109 2 5 15
T 110 2 0 1 0
E 110 2 5 15
T 111 2 0 1 0
E 111 2 4 14
T 112 5 0 0 0
T 113 7 0 1 0
E 113 5 -5 -16
T 114 8 0 1 0
E 114 3 4 14
T 115 9 0 0 0
T 116 9 0 0 0
T 117 12 0 0 0
T 118 10 0 0 0
T 119 13 0 1 0
E 119 4 4 13
T 120 9 0 1 0
E 120 0 -4 -13
T 121 12 0 1 0
E 121 4 5 17
T 122 9 0 2 0
E 122 0 -6 -19
E 122 1 -4 -13
T 123 10 0 1 0
E 123 0 -4 -14
T 124 9 0 1 0
E 124 0 -4 -13
T 125 22 0 3 0
E 125 3 4 14
E 125 4 6 20
E 125 5 8 24
T 126 7 0 3 0
E 126 0 -9 -28
E 126 1 -7 -22
E 126 2 -5 -16
T 127 21 0 2 0
E 127 4 4 13
E 127 5 6 19
T 128 7 0 3 0
E 128 0 -8 -25
E 128 1 -6 -19
E 128 2 -4 -13
T 129 22 0 3 0
E 129 3 4 14
E 129 4 6 20
E 129 5 8 26
T 130 11 0 2 0
E 130 0 -7 -23
E 130 1 -5 -17
T 131 16 0 2 0
E 131 0 -5 -17
E 131 5 4 13
T 132 18 0 1 0
E 132 5 6 18
T 133 7 0 3 0
E 133 0 -8 -25
E 133 1 -6 -19
E 133 2 -4 -13
T 134 19 0 2 0
E 134 4 5 17
E 134 5 7 23
T 135 7 0 3 0
E 135 0 -8 -25
E 135 1 -6 -19
E 135 2 -4 -13
T 136 21 0 2 0
E 136 4 4 13
E 136 5 6 19
T 137 9 0 2 0
E 137 0 -7 -21
E 137 1 -5 -15
T 138 21 0 2 0
E 138 4 5 15
E 138 5 7 21
T 139 6 0 3 0
E 139 0 -9 -27
E 139 1 -7 -21
E 139 2 -5 -15
T 140 21 0 2 0
E 140 4 4 13
E 140 5 6 19
T 141 6 0 3 0
E 141 0 -9 -27
E 141 1 -7 -21
E 141 2 -5 -15
T 142 21 0 2 0
E 142 4 5 15
E 142 5 7 21
T 143 12 0 1 0
E 143 0 -6 -18
T 144 18 0 1 0
E 144 5 6 18
T 145 7 0 3 0
E 145 0 -8 -25
E 145 1 -6 -19
E 145 2 -4 -13
T 146 22 0 2 0
E 146 4 5 15
E 146 5 7 21
T 147 16 0 2 0
E 147 0 -6 -18
E 147 5 4 13
T 148 17 0 2 0
E 148 0 -6 -19
E 148 5 4 13
T 149 18 0 2 0
E 149 0 -6 -20
E 149 5 4 13
T 150 12 0 2 0
E 150 0 -8 -25
E 150 1 -5 -16
T 151 26 0 3 0
E 151 3 4 14
E 151 4 6 20
E 151 5 8 26
T 152 18 0 2 0
E 152 0 -7 -21
E 152 5 4 13
T 153 18 0 2 0
E 153 0 -5 -17
E 153 5 6 18
T 154 22 0 3 0
E 154 0 -5 -17
E 154 4 4 13
E 154 5 6 19
T 155 12 0 2 0
E 155 0 -8 -25
E 155 1 -5 -16
T 156 22 0 3 0
E 156 0 -5 -15
E 156 4 5 16
E 156 5 7 22
T 157 14 0 2 0
E 157 0 -9 -29
E 157 1 -6 -20
T 158 22 0 3 0
E 158 0 -5 -15
E 158 4 5 17
E 158 5 7 23
T 159 17 0 3 0
E 159 0 -8 -26
E 159 1 -5 -16
E 159 5 4 13
T 160 24 0 3 0
E 160 0 -5 -17
E 160 4 5 16
E 160 5 7 22
T 161 17 0 3 0
E 161 0 -8 -26
E 161 1 -5 -16
E 161 5 4 14
T 162 28 0 4 0
E 162 0 -4 -14
E 162 3 4 14
E 162 4 6 20
E 162 5 8 26
T 163 17 0 3 0
E 163 0 -9 -28
E 163 1 -6 -18
E 163 5 4 13
T 164 26 0 3 0
E 164 0 -7 -21
E 164 4 5 15
E 164 5 7 21
T 165 26 0 3 0
E 165 0 -7 -21
E 165 4 5 15
E 165 5 7 21
T 166 10 0 3 0
E 166 0 -11 -34
E 166 1 -8 -24
E 166 2 -5 -15
T 167 34 0 3 0
E 167 3 5 17
E 167 4 8 26
E 167 5 10 32
T 168 11 0 3 0
E 168 0 -12 -36
E 168 1 -8 -26
E 168 2 -5 -17
T 169 32 0 4 0
E 169 0 -4 -13
E 169 3 5 16
E 169 4 8 26
E 169 5 10 32
T 170 10 0 3 0
E 170 0 -11 -33
E 170 1 -8 -24
E 170 2 -4 -14
T 171 37 0 3 0
E 171 3 6 19
E 171 4 9 29
E 171 5 12 36
T 172 11 0 3 0
E 172 0 -12 -38
E 172 1 -9 -29
E 172 2 -6 -19
T 173 29 0 3 0
E 173 0 -5 -17
E 173 4 7 21
E 173 5 10 30
T 174 20 0 3 0
E 174 0 -10 -32
E 174 1 -7 -22
E 174 5 5 16
T 175 19 0 3 0
E 175 0 -9 -27
E 175 1 -6 -18
E 175 5 7 21
T 176 29 0 3 0
E 176 0 -6 -20
E 176 4 6 19
E 176 5 9 28
T 177 20 0 3 0
E 177 0 -9 -29
E 177 1 -6 -20
E 177 5 6 19
T 178 25 0 4 0
E 178 0 -7 -23
E 178 1 -4 -13
E 178 4 5 15
E 178 5 8 25
T 179 24 0 4 0
E 179 0 -8 -26
E 179 1 -5 -16
E 179 4 4 13
E 179 5 7 22
T 180 19 0 3 0
E 180 0 -9 -28
E 180 1 -6 -19
E 180 5 6 20
T 181 29 0 3 0
E 181 0 -6 -18
E 181 4 7 21
E 181 5 10 30
T 182 23 0 4 0
E 182 0 -8 -24
E 182 1 -5 -15
E 182 4 4 14
E 182 5 8 24
T 183 28 0 3 0
E 183 0 -6 -19
E 183 4 6 19
E 183 5 9 29
T 184 20 0 3 0
E 184 0 -10 -32
E 184 1 -7 -22
E 184 5 5 16
T 185 23 0 4 0
E 185 0 -8 -25
E 185 1 -5 -16
E 185 4 4 13
E 185 5 7 23
T 186 25 0 4 0
E 186 0 -7 -23
E 186 1 -4 -13
E 186 4 5 16
E 186 5 8 25
T 187 23 0 4 0
E 187 0 -8 -25
E 187 1 -5 -16
E 187 4 4 13
E 187 5 7 23
T 188 19 0 3 0
E 188 0 -10 -31
E 188 1 -7 -21
E 188 5 5 17
T 189 25 0 4 0
E 189 0 -7 -23
E 189 1 -4 -13
E 189 4 5 16
E 189 5 8 25
T 190 20 0 3 0
E 190 0 -9 -29
E 190 1 -6 -20
E 190 5 6 19
T 191 19 0 3 0
E 191 0 -9 -28
E 191 1 -6 -18
E 191 5 6 20
T 192 33 0 4 0
E 192 0 -4 -14
E 192 3 4 14
E 192 4 8 24
E 192 5 11 34
T 193 19 0 3 0
E 193 0 -10 -31
E 193 1 -7 -21
E 193 5 5 17
T 194 25 0 4 0
E 194 0 -8 -24
E 194 1 -4 -14
E 194 4 5 15
E 194 5 8 24
T 195 16 0 4 0
E 195 0 -10 -32
E 195 1 -7 -23
E 195 2 -4 -13
E 195 5 5 16
T 196 38 0 3 0
E 196 3 5 17
E 196 4 9 27
E 196 5 12 36
T 197 15 0 4 0
E 197 0 -11 -33
E 197 1 -8 -24
E 197 2 -4 -14
E 197 5 5 15
T 198 25 0 4 0
E 198 0 -7 -23
E 198 1 -4 -13
E 198 4 5 15
E 198 5 8 25
T 199 20 0 3 0
E 199 0 -9 -29
E 199 1 -6 -19
E 199 5 6 19
T 200 29 0 3 0
E 200 0 -6 -20
E 200 4 6 18
E 200 5 9 28
T 201 11 0 3 0
E 201 0 -12 -36
E 201 1 -8 -26
E 201 2 -5 -17
T 202 37 0 3 0
E 202 3 6 20
E 202 4 10 30
E 202 5 13 40
T 203 16 0 4 0
E 203 0 -11 -33
E 203 1 -7 -23
E 203 2 -4 -14
E 203 5 5 15
T 204 32 0 4 0
E 204 0 -5 -16
E 204 3 4 13
E 204 4 7 23
E 204 5 10 32
T 205 14 0 4 0
E 205 0 -11 -34
E 205 1 -8 -25
E 205 2 -5 -15
E 205 5 4 14
T 206 32 0 4 0
E 206 0 -5 -16
E 206 3 4 13
E 206 4 7 23
E 206 5 10 32
T 207 11 0 3 0
E 207 0 -12 -38
E 207 1 -9 -29
E 207 2 -6 -19
T 208 37 0 3 0
E 208 3 6 19
E 208 4 9 28
E 208 5 12 38
T 209 15 0 4 0
E 209 0 -11 -35
E 209 1 -8 -25
E 209 2 -5 -15
E 209 5 4 13
T 210 32 0 4 0
E 210 0 -5 -15
E 210 3 4 14
E 210 4 7 23
E 210 5 11 33
T 211 11 0 3 0
E 211 0 -12 -36
E 211 1 -8 -26
E 211 2 -5 -17
T 212 28 0 3 0
E 212 0 -5 -16
E 212 4 7 22
E 212 5 10 32
T 213 23 0 4 0
E 213 0 -8 -25
E 213 1 -5 -15
E 213 4 4 13
E 213 5 7 23
T 214 28 0 3 0
E 214 0 -7 -22
E 214 4 5 17
E 214 5 8 26
T 215 20 0 3 0
E 215 0 -8 -26
E 215 1 -5 -17
E 215 5 7 22
T 216 24 0 4 0
E 216 0 -8 -26
E 216 1 -5 -16
E 216 4 4 13
E 216 5 7 22
T 217 19 0 3 0
E 217 0 -9 -27
E 217 1 -6 -18
E 217 5 7 21
T 218 28 0 3 0
E 218 0 -6 -19
E 218 4 6 19
E 218 5 9 29
T 219 23 0 4 0
E 219 0 -8 -25
E 219 1 -5 -15
E 219 4 4 14
E 219 5 7 23
T 220 19 0 3 0
E 220 0 -10 -30
E 220 1 -7 -21
E 220 5 6 18
T 221 25 0 4 0
E 221 0 -8 -24
E 221 1 -4 -14
E 221 4 5 15
E 221 5 8 24
T 222 25 0 4 0
E 222 0 -7 -23
E 222 1 -4 -14
E 222 4 5 15
E 222 5 8 25
T 223 19 0 3 0
E 223 0 -10 -31
E 223 1 -7 -21
E 223 5 5 17
T 224 24 0 4 0
E 224 0 -8 -26
E 224 1 -5 -16
E 224 4 4 13
E 224 5 7 22
T 225 25 0 4 0
E 225 0 -7 -23
E 225 1 -4 -14
E 225 4 5 15
E 225 5 8 25
T 226 25 0 4 0
E 226 0 -8 -24
E 226 1 -4 -14
E 226 4 5 15
E 226 5 8 24
T 227 24 0 4 0
E 227 0 -7 -22
E 227 1 -4 -13
E 227 4 5 16
E 227 5 8 26
T 228 29 0 3 0
E 228 0 -6 -20
E 228 4 6 18
E 228 5 9 28
T 229 15 0 4 0
E 229 0 -11 -35
E 229 1 -8 -25
E 229 2 -5 -15
E 229 5 4 13
T 230 37 0 3 0
E 230 3 6 19
E 230 4 9 28
E 230 5 12 38
T 231 6 0 4 0
E 231 0 -14 -44
E 231 1 -11 -34
E 231 2 -8 -25
E 231 3 -5 -15
T 232 42 0 4 0
E 232 2 5 15
E 232 3 8 24
E 232 4 11 34
E 232 5 14 44
T 233 10 0 3 0
E 233 0 -13 -40
E 233 1 -10 -30
E 233 2 -7 -21
T 234 38 0 3 0
E 234 3 7 21
E 234 4 10 31
E 234 5 13 40
T 235 6 0 4 0
E 235 0 -14 -43
E 235 1 -11 -34
E 235 2 -8 -24
E 235 3 -4 -14
T 236 38 0 3 0
E 236 3 5 17
E 236 4 9 27
E 236 5 12 36
T 237 5 0 4 0
E 237 0 -14 -43
E 237 1 -11 -34
E 237 2 -8 -24
E 237 3 -5 -15
T 238 33 0 4 0
E 238 0 -4 -13
E 238 3 5 16
E 238 4 8 25
E 238 5 11 35
T 239 15 0 4 0
E 239 0 -11 -34
E 239 1 -8 -24
E 239 2 -4 -14
E 239 5 4 14
T 240 0 0 4 0
E 240 0 11 35
E 240 3 5 16
E 240 4 8 25
E 240 5 11 35
T 241 35 0 4 0
E 241 1 -14 -43
E 241 2 -11 -34
E 241 3 -8 -24
E 241 4 -4 -14
T 242 3 0 4 0
E 242 0 14 43
E 242 3 5 17
E 242 4 9 27
E 242 5 12 37
T 243 37 0 3 0
E 243 1 -12 -37
E 243 2 -9 -28
E 243 3 -6 -18
T 244 22 0 3 0
E 244 0 11 33
E 244 1 -6 -18
E 244 5 6 20
T 245 33 0 3 0
E 245 0 8 25
E 245 1 -10 -30
E 245 2 -6 -20
T 246 16 0 4 0
E 246 0 10 32
E 246 1 7 23
E 246 2 -5 -16
E 246 5 4 13
T 247 27 0 4 0
E 247 0 8 24
E 247 1 4 14
E 247 2 -9 -27
E 247 3 -6 -18
T 248 29 0 4 0
E 248 0 7 23
E 248 1 4 14
E 248 2 -10 -31
E 248 3 -7 -21
T 249 22 0 3 0
E 249 0 12 37
E 249 1 9 27
E 249 2 -6 -20
T 250 31 0 4 0
E 250 0 10 30
E 250 1 6 20
E 250 2 -10 -31
E 250 3 -7 -21
T 251 38 0 5 0
E 251 0 9 27
E 251 1 6 18
E 251 2 -12 -37
E 251 3 -9 -27
E 251 4 -5 -17
T 252 15 0 4 0
E 252 0 14 44
E 252 1 11 34
E 252 2 8 25
E 252 3 -4 -14
T 253 50 0 3 0
E 253 3 -16 -48
E 253 4 -13 -39
E 253 5 -9 -29
T 254 16 0 4 0
E 254 0 16 48
E 254 1 12 38
E 254 2 9 29
E 254 3 -5 -16
T 255 50 0 4 0
E 255 0 7 22
E 255 3 -15 -45
E 255 4 -12 -36
E 255 5 -8 -26
T 256 23 0 5 0
E 256 0 15 45
E 256 1 12 36
E 256 2 8 26
E 256 3 -8 -25
E 256 4 -5 -15
T 257 50 0 5 0
E 257 0 8 25
E 257 1 5 15
E 257 3 -16 -49
E 257 4 -13 -39
E 257 5 -9 -29
T 258 11 0 5 0
E 258 0 15 46
E 258 1 12 37
E 258 2 9 27
E 258 3 6 18
E 258 4 -7 -21
T 259 49 0 4 0
E 259 0 4 13
E 259 3 -5 -16
E 259 4 -19 -57
E 259 5 -16 -48
T 260 11 0 5 0
E 260 0 17 52
E 260 1 14 42
E 260 2 10 32
E 260 3 7 23
E 260 4 -7 -22
T 261 47 0 3 0
E 261 0 6 18
E 261 4 -19 -58
E 261 5 -16 -49
T 262 17 0 6 0
E 262 0 17 53
E 262 1 14 43
E 262 2 11 34
E 262 3 8 24
E 262 4 -9 -27
E 262 5 -5 -17
T 263 52 0 3 0
E 263 0 5 16
E 263 4 -22 -67
E 263 5 -19 -57
T 264 8 0 6 0
E 264 0 17 51
E 264 1 13 41
E 264 2 10 32
E 264 3 7 22
E 264 4 4 13
E 264 5 -8 -26
T 265 44 0 4 0
E 265 0 4 13
E 265 3 -5 -16
E 265 4 -8 -26
E 265 5 -22 -67
T 266 24 0 4 0
E 266 0 13 39
E 266 1 10 30
E 266 2 6 20
E 266 5 -14 -44
T 267 33 0 3 0
E 267 0 9 29
E 267 1 6 19
E 267 5 -19 -57
T 268 30 0 4 0
E 268 0 10 32
E 268 1 7 23
E 268 2 4 13
E 268 5 -19 -57
T 269 35 0 3 0
E 269 0 10 30
E 269 1 6 20
E 269 5 -21 -63
T 270 16 0 4 0
E 270 0 11 33
E 270 1 7 23
E 270 2 4 13
E 270 5 -5 -15
T 271 29 0 3 0
E 271 0 5 17
E 271 4 -7 -21
E 271 5 -10 -31
T 272 20 0 3 0
E 272 0 9 27
E 272 1 5 17
E 272 5 -7 -21
T 273 32 0 4 0
E 273 0 5 15
E 273 3 -4 -13
E 273 4 -7 -23
E 273 5 -11 -33
T 274 16 0 4 0
E 274 0 10 32
E 274 1 7 22
E 274 2 4 13
E 274 5 -5 -16
T 275 28 0 3 0
E 275 0 6 19
E 275 4 -6 -20
E 275 5 -9 -29
T 276 15 0 4 0
E 276 0 11 35
E 276 1 8 26
E 276 2 5 16
E 276 5 -4 -13
T 277 33 0 4 0
E 277 0 4 13
E 277 3 -5 -16
E 277 4 -8 -26
E 277 5 -11 -35
T 278 19 0 3 0
E 278 0 10 30
E 278 1 7 21
E 278 5 -6 -18
T 279 29 0 3 0
E 279 0 6 20
E 279 4 -6 -18
E 279 5 -9 -28
T 280 15 0 4 0
E 280 0 11 35
E 280 1 8 25
E 280 2 5 15
E 280 5 -4 -13
T 281 28 0 3 0
E 281 0 7 21
E 281 4 -5 -17
E 281 5 -9 -27
T 282 20 0 3 0
E 282 0 9 27
E 282 1 5 17
E 282 5 -7 -21
T 283 19 0 3 0
E 283 0 9 27
E 283 1 6 18
E 283 5 -7 -21
T 284 29 0 3 0
E 284 0 6 20
E 284 4 -6 -18
E 284 5 -9 -28
T 285 20 0 3 0
E 285 0 10 30
E 285 1 6 20
E 285 5 -6 -18
T 286 29 0 3 0
E 286 0 5 17
E 286 4 -7 -21
E 286 5 -10 -31
T 287 19 0 3 0
E 287 0 9 28
E 287 1 6 18
E 287 5 -6 -20
T 288 23 0 4 0
E 288 0 8 24
E 288 1 5 15
E 288 4 -4 -14
E 288 5 -8 -24
T 289 20 0 3 0
E 289 0 8 26
E 289 1 5 16
E 289 5 -7 -22
T 290 23 0 4 0
E 290 0 8 25
E 290 1 5 15
E 290 4 -4 -14
E 290 5 -7 -23
T 291 23 0 4 0
E 291 0 8 24
E 291 1 5 15
E 291 4 -4 -14
E 291 5 -8 -24
T 292 24 0 4 0
E 292 0 8 26
E 292 1 5 16
E 292 4 -4 -13
E 292 5 -7 -22
T 293 25 0 4 0
E 293 0 7 23
E 293 1 4 14
E 293 4 -5 -15
E 293 5 -8 -25
T 294 28 0 3 0
E 294 0 7 22
E 294 4 -5 -16
E 294 5 -8 -26
T 295 25 0 4 0
E 295 0 8 24
E 295 1 4 14
E 295 4 -5 -15
E 295 5 -8 -24
T 296 19 0 3 0
E 296 0 9 28
E 296 1 6 19
E 296 5 -6 -20
T 297 29 0 3 0
E 297 0 6 20
E 297 4 -6 -19
E 297 5 -9 -28
T 298 19 0 3 0
E 298 0 9 27
E 298 1 6 18
E 298 5 -7 -21
T 299 29 0 3 0
E 299 0 6 20
E 299 4 -6 -18
E 299 5 -9 -28
T 300 11 0 3 0
E 300 0 12 36
E 300 1 8 26
E 300 2 5 16
T 301 41 0 4 0
E 301 2 -4 -13
E 301 3 -7 -23
E 301 4 -10 -32
E 301 5 -14 -42
T 302 5 0 4 0
E 302 0 16 48
E 302 1 12 38
E 302 2 9 29
E 302 3 6 19
T 303 41 0 4 0
E 303 2 -4 -14
E 303 3 -7 -23
E 303 4 -11 -33
E 303 5 -14 -43
T 304 11 0 3 0
E 304 0 13 41
E 304 1 10 31
E 304 2 7 22
T 305 37 0 3 0
E 305 3 -6 -19
E 305 4 -9 -29
E 305 5 -12 -38
T 306 15 0 4 0
E 306 0 11 35
E 306 1 8 26
E 306 2 5 16
E 306 5 -4 -13
T 307 28 0 3 0
E 307 0 6 19
E 307 4 -6 -20
E 307 5 -9 -29
T 308 19 0 3 0
E 308 0 9 27
E 308 1 6 18
E 308 5 -7 -21
T 309 24 1 4 0
E 309 0 8 24
E 309 1 4 14
E 309 4 -4 -14
E 309 5 -8 -24
T 310 25 0 4 0
E 310 0 7 23
E 310 1 4 13
E 310 4 -5 -16
E 310 5 -8 -25
T 311 19 0 3 0
E 311 0 10 30
E 311 1 7 21
E 311 5 -6 -18
T 312 23 0 4 0
E 312 0 8 25
E 312 1 5 15
E 312 4 -4 -14
E 312 5 -7 -23
T 313 23 0 4 0
E 313 0 8 24
E 313 1 5 15
E 313 4 -4 -14
E 313 5 -8 -24
T 314 19 0 3 0
E 314 0 10 31
E 314 1 7 21
E 314 5 -5 -17
T 315 25 0 4 0
E 315 0 7 23
E 315 1 4 13
E 315 4 -5 -16
E 315 5 -8 -25
T 316 23 0 4 0
E 316 0 8 24
E 316 1 5 15
E 316 4 -4 -14
E 316 5 -8 -24
T 317 29 0 3 0
E 317 0 6 20
E 317 4 -6 -19
E 317 5 -9 -28
T 318 19 0 3 0
E 318 0 9 27
E 318 1 6 18
E 318 5 -7 -21
T 319 29 0 3 0
E 319 0 6 20
E 319 4 -6 -18
E 319 5 -9 -28
T 320 20 0 3 0
E 320 0 9 29
E 320 1 6 19
E 320 5 -6 -19
T 321 19 0 3 0
E 321 0 9 27
E 321 1 6 18
E 321 5 -7 -21
T 322 29 0 3 0
E 322 0 7 21
E 322 4 -6 -18
E 322 5 -9 -27
T 323 23 0 4 0
E 323 0 8 24
E 323 1 5 15
E 323 4 -4 -14
E 323 5 -8 -24
T 324 20 0 3 0
E 324 0 9 29
E 324 1 6 19
E 324 5 -6 -19
T 325 29 0 3 0
E 325 0 5 17
E 325 4 -7 -22
E 325 5 -10 -31
T 326 15 0 4 0
E 326 0 11 33
E 326 1 8 24
E 326 2 4 14
E 326 5 -5 -15
T 327 38 0 3 0
E 327 3 -5 -17
E 327 4 -9 -27
E 327 5 -12 -36
T 328 10 0 3 0
E 328 0 12 36
E 328 1 9 27
E 328 2 5 17
T 329 28 0 3 0
E 329 0 6 18
E 329 4 -6 -20
E 329 5 -10 -30
T 330 16 0 4 0
E 330 0 11 33
E 330 1 7 23
E 330 2 4 13
E 330 5 -5 -15
T 331 32 0 4 0
E 331 0 5 15
E 331 3 -4 -14
E 331 4 -7 -23
E 331 5 -11 -33
T 332 19 0 3 0
E 332 0 10 31
E 332 1 7 21
E 332 5 -5 -17
T 333 28 0 3 0
E 333 0 7 21
E 333 4 -5 -17
E 333 5 -9 -27
T 334 20 0 3 0
E 334 0 9 27
E 334 1 5 17
E 334 5 -7 -21
T 335 25 0 4 0
E 335 0 8 24
E 335 1 4 14
E 335 4 -5 -15
E 335 5 -8 -24
T 336 23 0 4 0
E 336 0 8 25
E 336 1 5 16
E 336 4 -4 -13
E 336 5 -7 -23
T 337 27 0 3 0
E 337 0 6 18
E 337 4 -6 -18
E 337 5 -9 -27
T 338 16 0 3 0
E 338 0 8 24
E 338 1 6 20
E 338 5 -6 -19
T 339 26 0 2 0
E 339 4 -7 -21
E 339 5 -10 -31
T 340 0 0 4 0
E 340 0 10 31
E 340 1 10 32
E 340 2 7 22
E 340 3 4 13
T 341 24 0 3 0
E 341 3 -5 -17
E 341 4 -8 -26
E 341 5 -12 -36
T 342 1 0 3 0
E 342 0 6 20
E 342 1 8 26
E 342 2 5 17
T 343 16 0 2 0
E 343 4 -7 -21
E 343 5 -10 -31
T 344 2 0 3 0
E 344 0 6 18
E 344 1 8 24
E 344 2 6 20
T 345 11 0 2 0
E 345 4 -6 -19
E 345 5 -9 -28
T 346 10 0 1 0
E 346 5 -6 -18
T 347 1 0 2 0
E 347 1 5 16
E 347 2 6 20
T 348 2 0 2 0
E 348 2 5 15
E 348 5 -4 -14
T 349 2 0 1 0
E 349 2 4 14
T 350 1 0 1 0
E 350 5 -5 -17
T 351 0 0 1 0
E 351 5 -4 -13
T 352 6 0 2 0
E 352 2 5 17
E 352 3 6 18
T 353 7 0 1 0
E 353 3 4 13
T 354 7 0 0 0
T 355 8 0 1 0
E 355 3 5 15
T 356 10 0 0 0
T 357 7 0 0 0
T 358 10 0 1 0
E 358 4 4 13
T 359 10 0 1 0
E 359 0 -4 -14
T 360 12 0 1 0
E 360 4 5 17
T 361 15 0 1 0
E 361 4 4 13
T 362 11 0 1 0
E 362 0 -5 -16
T 363 12 0 1 0
E 363 0 -6 -18
T 364 12 0 1 0
E 364 0 -5 -17
T 365 20 0 2 0
E 365 4 4 14
E 365 5 6 18
T 366 10 0 2 0
E 366 0 -7 -22
E 366 1 -5 -16
T 367 15 0 2 0
E 367 0 -4 -14
E 367 5 5 16
T 368 14 0 2 0
E 368 0 -4 -13
E 368 5 5 17
T 369 9 0 2 0
E 369 0 -7 -21
E 369 1 -5 -15
T 370 14 0 2 0
E 370 0 -4 -13
E 370 5 5 17
T 371 20 0 2 0
E 371 4 4 14
E 371 5 6 20
T 372 10 0 2 0
E 372 0 -6 -20
E 372 1 -4 -14
T 373 23 0 3 0
E 373 3 4 13
E 373 4 6 19
E 373 5 8 25
T 374 8 0 3 0
E 374 0 -8 -26
E 374 1 -6 -20
E 374 2 -4 -14
T 375 21 0 2 0
E 375 4 4 13
E 375 5 6 19
T 376 12 0 1 0
E 376 0 -6 -18
T 377 14 0 2 0
E 377 0 -4 -13
E 377 5 5 17
T 378 18 0 1 0
E 378 5 6 18
T 379 14 0 2 0
E 379 0 -4 -13
E 379 5 5 17
T 380 15 0 2 0
E 380 0 -5 -16
E 380 5 4 14
T 381 10 0 2 0
E 381 0 -6 -20
E 381 1 -4 -14
T 382 18 0 1 0
E 382 5 6 18
T 383 10 0 2 0
E 383 0 -7 -22
E 383 1 -5 -16
T 384 21 0 2 0
E 384 4 5 15
E 384 5 7 21
T 385 10 0 2 0
E 385 0 -7 -22
E 385 1 -5 -16
T 386 22 0 2 0
E 386 4 4 13
E 386 5 6 19
T 387 16 0 2 0
E 387 0 -5 -17
E 387 5 4 14
T 388 16 0 2 0
E 388 0 -6 -18
E 388 5 4 14
T 389 14 0 1 0
E 389 0 -7 -21
T 390 20 0 3 0
E 390 0 -4 -14
E 390 4 4 13
E 390 5 6 19
T 391 12 0 2 0
E 391 0 -8 -25
E 391 1 -5 -15
T 392 24 0 2 0
E 392 4 5 16
E 392 5 7 22
T 393 12 0 2 0
E 393 0 -7 -23
E 393 1 -4 -13
T 394 18 0 2 0
E 394 0 -6 -19
E 394 5 5 17
T 395 11 0 2 0
E 395 0 -8 -24
E 395 1 -5 -15
T 396 22 0 3 0
E 396 0 -5 -17
E 396 4 4 14
E 396 5 6 20
T 397 19 0 2 0
E 397 0 -6 -20
E 397 5 5 17
T 398 23 0 3 0
E 398 0 -6 -19
E 398 4 4 13
E 398 5 6 19
T 399 17 0 3 0
E 399 0 -8 -24
E 399 1 -4 -14
E 399 5 5 15
T 400 16 0 3 0
E 400 0 -7 -22
E 400 1 -4 -13
E 400 5 5 17
T 401 28 0 4 0
E 401 0 -4 -14
E 401 3 4 14
E 401 4 6 20
E 401 5 8 26
T 402 17 0 3 0
E 402 0 -8 -25
E 402 1 -5 -16
E 402 5 5 15
T 403 24 0 3 0
E 403 0 -6 -18
E 403 4 5 17
E 403 5 7 23
T 404 14 0 2 0
E 404 0 -10 -30
E 404 1 -6 -20
T 405 25 0 3 0
E 405 0 -6 -19
E 405 4 5 17
E 405 5 7 23
T 406 11 0 3 0
E 406 0 -11 -33
E 406 1 -7 -23
E 406 2 -4 -14
T 407 34 0 3 0
E 407 3 5 17
E 407 4 8 26
E 407 5 10 32
T 408 10 0 3 0
E 408 0 -12 -37
E 408 1 -9 -27
E 408 2 -6 -18
T 409 41 0 4 0
E 409 2 4 14
E 409 3 7 23
E 409 4 11 33
E 409 5 13 39
T 410 6 0 4 0
E 410 0 -14 -44
E 410 1 -11 -35
E 410 2 -8 -25
E 410 3 -5 -15
T 411 37 0 3 0
E 411 3 6 20
E 411 4 10 30
E 411 5 12 37
T 412 11 0 3 0
E 412 0 -12 -38
E 412 1 -9 -29
E 412 2 -6 -19
T 413 37 0 3 0
E 413 3 6 19
E 413 4 9 28
E 413 5 12 37
T 414 15 0 4 0
E 414 0 -11 -34
E 414 1 -8 -24
E 414 2 -4 -14
E 414 5 4 14
T 415 37 0 3 0
E 415 3 6 19
E 415 4 9 28
E 415 5 12 38
T 416 15 0 4 0
E 416 0 -11 -35
E 416 1 -8 -25
E 416 2 -5 -16
E 416 5 4 13
T 417 37 0 3 0
E 417 3 6 18
E 417 4 9 28
E 417 5 12 38
T 418 6 0 4 0
E 418 0 -14 -44
E 418 1 -11 -34
E 418 2 -8 -25
E 418 3 -5 -15
T 419 43 0 4 0
E 419 2 5 15
E 419 3 8 24
E 419 4 11 34
E 419 5 14 43
T 420 11 0 3 0
E 420 0 -12 -38
E 420 1 -9 -29
E 420 2 -6 -19
T 421 33 0 4 0
E 421 0 -5 -15
E 421 3 4 14
E 421 4 8 24
E 421 5 11 33
T 422 16 0 4 0
E 422 0 -10 -32
E 422 1 -7 -23
E 422 2 -4 -13
E 422 5 5 16
T 423 29 0 3 0
E 423 0 -6 -20
E 423 4 6 18
E 423 5 9 28
T 424 19 0 3 0
E 424 0 -10 -31
E 424 1 -7 -21
E 424 5 5 17
T 425 28 0 3 0
E 425 0 -6 -19
E 425 4 6 19
E 425 5 9 29
T 426 20 0 3 0
E 426 0 -10 -30
E 426 1 -6 -20
E 426 5 6 18
T 427 28 0 3 0
E 427 0 -7 -21
E 427 4 5 17
E 427 5 9 27
T 428 16 0 4 0
E 428 0 -10 -32
E 428 1 -7 -22
E 428 2 -4 -13
E 428 5 5 16
T 429 32 0 4 0
E 429 0 -5 -16
E 429 3 4 13
E 429 4 7 23
E 429 5 10 32
T 430 19 0 3 0
E 430 0 -9 -28
E 430 1 -6 -19
E 430 5 6 20
T 431 23 0 4 0
E 431 0 -8 -25
E 431 1 -5 -15
E 431 4 4 14
E 431 5 7 23
T 432 28 0 3 0
E 432 0 -7 -21
E 432 4 5 17
E 432 5 9 27
T 433 23 0 4 0
E 433 0 -8 -25
E 433 1 -5 -15
E 433 4 4 13
E 433 5 7 23
T 434 28 0 3 0
E 434 0 -6 -19
E 434 4 6 20
E 434 5 9 29
T 435 25 0 4 0
E 435 0 -7 -23
E 435 1 -4 -14
E 435 4 5 15
E 435 5 8 25
T 436 20 0 3 0
E 436 0 -9 -27
E 436 1 -5 -17
E 436 5 7 21
T 437 20 0 3 0
E 437 0 -8 -26
E 437 1 -5 -17
E 437 5 7 22
T 438 28 0 3 0
E 438 0 -6 -18
E 438 4 6 20
E 438 5 10 30
T 439 23 0 4 0
E 439 0 -8 -25
E 439 1 -5 -15
E 439 4 4 14
E 439 5 7 23
T 440 28 0 3 0
E 440 0 -7 -21
E 440 4 5 17
E 440 5 9 27
T 441 19 0 3 0
E 441 0 -10 -31
E 441 1 -7 -21
E 441 5 5 17
T 442 25 0 4 0
E 442 0 -7 -23
E 442 1 -4 -14
E 442 4 5 15
E 442 5 8 25
T 443 28 0 3 0
E 443 0 -7 -22
E 443 4 5 16
E 443 5 8 26
T 444 20 0 3 0
E 444 0 -9 -27
E 444 1 -5 -17
E 444 5 7 21
T 445 28 0 3 0
E 445 0 -6 -18
E 445 4 6 20
E 445 5 10 30
T 446 14 0 4 0
E 446 0 -11 -34
E 446 1 -8 -24
E 446 2 -5 -15
E 446 5 4 14
T 447 29 0 3 0
E 447 0 -5 -17
E 447 4 7 21
E 447 5 10 31
T 448 20 0 3 0
E 448 0 -9 -29
E 448 1 -6 -19
E 448 5 6 19
T 449 25 0 4 0
E 449 0 -8 -24
E 449 1 -4 -14
E 449 4 5 15
E 449 5 8 24
T 450 19 0 3 0
E 450 0 -10 -31
E 450 1 -7 -22
E 450 5 5 17
T 451 28 0 3 0
E 451 0 -6 -19
E 451 4 6 20
E 451 5 9 29
T 452 16 0 4 0
E 452 0 -10 -32
E 452 1 -7 -23
E 452 2 -4 -13
E 452 5 5 16
T 453 29 0 3 0
E 453 0 -6 -20
E 453 4 6 18
E 453 5 9 28
T 454 24 0 4 0
E 454 0 -8 -26
E 454 1 -5 -16
E 454 4 4 13
E 454 5 7 22
T 455 25 0 4 0
E 455 0 -7 -23
E 455 1 -4 -14
E 455 4 5 15
E 455 5 8 25
T 456 29 0 3 0
E 456 0 -7 -21
E 456 4 6 18
E 456 5 9 27
T 457 23 0 4 0
E 457 0 -8 -25
E 457 1 -5 -16
E 457 4 4 13
E 457 5 7 23
T 458 23 0 4 0
E 458 0 -8 -25
E 458 1 -5 -15
E 458 4 4 13
E 458 5 7 23
T 459 29 0 3 0
E 459 0 -7 -21
E 459 4 6 18
E 459 5 9 27
T 460 15 0 4 0
E 460 0 -11 -35
E 460 1 -8 -26
E 460 2 -5 -16
E 460 5 4 13
T 461 28 0 3 0
E 461 0 -6 -19
E 461 4 6 20
E 461 5 9 29
T 462 15 0 4 0
E 462 0 -11 -35
E 462 1 -8 -26
E 462 2 -5 -16
E 462 5 4 13
T 463 38 0 3 0
E 463 3 6 18
E 463 4 9 27
E 463 5 12 37
T 464 7 0 4 0
E 464 0 -14 -42
E 464 1 -10 -32
E 464 2 -7 -22
E 464 3 -4 -13
T 465 37 0 3 0
E 465 3 5 17
E 465 4 8 26
E 465 5 12 36
T 466 11 0 3 0
E 466 0 -13 -41
E 466 1 -10 -31
E 466 2 -7 -22
T 467 41 0 4 0
E 467 2 4 13
E 467 3 7 22
E 467 4 10 32
E 467 5 14 42
T 468 10 0 3 0
E 468 0 -13 -40
E 468 1 -10 -30
E 468 2 -7 -21
T 469 33 0 4 0
E 469 0 -5 -15
E 469 3 4 14
E 469 4 8 24
E 469 5 11 33
T 470 14 0 4 0
E 470 0 -11 -34
E 470 1 -8 -25
E 470 2 -5 -15
E 470 5 4 14
T 471 38 0 3 0
E 471 3 5 17
E 471 4 9 27
E 471 5 12 36
T 472 10 0 3 0
E 472 0 -12 -37
E 472 1 -9 -28
E 472 2 -6 -18
T 473 38 0 3 0
E 473 3 6 18
E 473 4 9 27
E 473 5 12 37
T 474 15 0 4 0
E 474 0 -11 -34
E 474 1 -8 -24
E 474 2 -4 -14
E 474 5 4 14
T 475 34 0 4 0
E 475 0 -4 -14
E 475 3 5 15
E 475 4 8 24
E 475 5 11 34
T 476 15 0 4 0
E 476 0 -11 -35
E 476 1 -8 -25
E 476 2 -5 -16
E 476 5 4 13
T 477 28 0 3 0
E 477 0 -6 -18
E 477 4 6 20
E 477 5 10 30
T 478 14 0 4 0
E 478 0 -11 -34
E 478 1 -8 -24
E 478 2 -5 -15
E 478 5 4 14
T 479 33 0 4 0
E 479 0 -4 -13
E 479 3 5 16
E 479 4 8 26
E 479 5 11 35
T 480 17 0 4 0
E 480 0 5 16
E 480 1 -7 -23
E 480 2 -4 -13
E 480 5 5 16
T 481 16 0 3 0
E 481 0 7 23
E 481 1 -6 -18
E 481 5 6 20
T 482 21 0 4 0
E 482 0 7 22
E 482 1 -7 -23
E 482 2 -4 -13
E 482 5 5 16
T 483 28 0 3 0
E 483 0 5 16
E 483 1 -10 -31
E 483 2 -7 -22
T 484 22 0 3 0
E 484 0 9 29
E 484 1 -7 -22
E 484 5 5 16
T 485 38 0 4 0
E 485 0 6 18
E 485 1 -12 -37
E 485 2 -9 -27
E 485 3 -5 -17
T 486 11 0 3 0
E 486 0 12 38
E 486 1 9 29
E 486 5 6 19
T 487 40 0 3 0
E 487 2 -13 -41
E 487 3 -10 -32
E 487 4 -7 -22
T 488 13 0 3 0
E 488 0 15 47
E 488 1 12 38
E 488 5 7 22
T 489 42 0 4 0
E 489 0 5 17
E 489 2 -13 -40
E 489 3 -10 -31
E 489 4 -7 -21
T 490 28 0 4 0
E 490 0 12 38
E 490 1 9 28
E 490 2 -7 -23
E 490 3 -4 -13
T 491 38 0 5 0
E 491 0 9 29
E 491 1 6 20
E 491 2 -11 -35
E 491 3 -8 -25
E 491 4 -5 -15
T 492 15 0 4 0
E 492 0 14 44
E 492 1 11 34
E 492 2 8 25
E 492 3 -4 -14
T 493 44 0 4 0
E 493 0 6 18
E 493 3 -14 -42
E 493 4 -11 -33
E 493 5 -7 -23
T 494 15 0 4 0
E 494 0 17 51
E 494 1 13 41
E 494 2 10 32
E 494 3 -4 -13
T 495 56 0 3 0
E 495 3 -18 -56
E 495 4 -15 -47
E 495 5 -12 -37
T 496 11 0 3 0
E 496 0 19 59
E 496 1 16 50
E 496 2 13 40
T 497 58 0 4 0
E 497 0 5 16
E 497 3 -19 -58
E 497 4 -16 -48
E 497 5 -12 -38
T 498 6 0 5 0
E 498 0 18 54
E 498 1 15 45
E 498 2 11 35
E 498 3 8 26
E 498 4 -4 -13
T 499 48 0 4 0
E 499 0 4 14
E 499 3 -5 -15
E 499 4 -18 -56
E 499 5 -15 -47
T 500 11 0 5 0
E 500 0 17 52
E 500 1 14 42
E 500 2 10 32
E 500 3 7 23
E 500 4 -7 -22
T 501 52 0 4 0
E 501 0 4 14
E 501 3 -5 -15
E 501 4 -20 -62
E 501 5 -17 -53
T 502 19 0 6 0
E 502 0 17 51
E 502 1 13 41
E 502 2 10 32
E 502 3 7 22
E 502 4 -9 -29
E 502 5 -6 -19
T 503 47 0 4 0
E 503 0 8 26
E 503 1 5 17
E 503 4 -19 -57
E 503 5 -15 -47
T 504 14 0 5 0
E 504 0 16 48
E 504 1 12 38
E 504 2 9 29
E 504 3 6 19
E 504 5 -9 -29
T 505 39 0 3 0
E 505 0 6 18
E 505 4 -7 -21
E 505 5 -20 -62
T 506 19 0 5 0
E 506 0 14 42
E 506 1 11 33
E 506 2 7 23
E 506 3 4 13
E 506 5 -13 -41
T 507 42 0 3 0
E 507 0 5 17
E 507 4 -7 -22
E 507 5 -23 -69
T 508 17 0 5 0
E 508 0 16 48
E 508 1 13 39
E 508 2 9 29
E 508 3 6 20
E 508 5 -13 -41
T 509 43 0 3 0
E 509 0 6 18
E 509 4 -6 -20
E 509 5 -25 -75
T 510 4 0 4 0
E 510 0 16 50
E 510 1 13 40
E 510 2 10 30
E 510 3 7 21
T 511 37 0 3 0
E 511 3 -6 -19
E 511 4 -9 -28
E 511 5 -12 -38
T 512 14 0 4 0
E 512 0 11 34
E 512 1 8 24
E 512 2 5 15
E 512 5 -4 -14
T 513 32 0 4 0
E 513 0 5 15
E 513 3 -4 -13
E 513 4 -7 -23
E 513 5 -11 -33
T 514 10 0 3 0
E 514 0 12 37
E 514 1 9 27
E 514 2 6 18
T 515 33 0 4 0
E 515 0 5 15
E 515 3 -4 -14
E 515 4 -8 -24
E 515 5 -11 -33
T 516 10 0 3 0
E 516 0 13 40
E 516 1 10 31
E 516 2 7 21
T 517 38 0 3 0
E 517 3 -5 -17
E 517 4 -9 -27
E 517 5 -12 -36
T 518 11 0 3 0
E 518 0 12 38
E 518 1 9 29
E 518 2 6 19
T 519 37 0 3 0
E 519 3 -7 -22
E 519 4 -10 -31
E 519 5 -13 -41
T 520 15 0 4 0
E 520 0 11 34
E 520 1 8 24
E 520 2 4 14
E 520 5 -4 -14
T 521 37 0 3 0
E 521 3 -5 -17
E 521 4 -8 -26
E 521 5 -12 -36
T 522 14 0 4 0
E 522 0 11 34
E 522 1 8 24
E 522 2 5 15
E 522 5 -4 -14
T 523 29 0 3 0
E 523 0 6 20
E 523 4 -6 -18
E 523 5 -9 -28
T 524 10 0 3 0
E 524 0 12 37
E 524 1 9 27
E 524 2 6 18
T 525 42 0 4 0
E 525 2 -4 -14
E 525 3 -7 -23
E 525 4 -11 -33
E 525 5 -14 -42
T 526 11 0 3 0
E 526 0 13 41
E 526 1 10 32
E 526 2 7 22
T 527 28 0 3 0
E 527 0 6 19
E 527 4 -6 -20
E 527 5 -9 -29
T 528 20 0 3 0
E 528 0 8 26
E 528 1 5 17
E 528 5 -7 -22
T 529 23 0 4 0
E 529 0 8 25
E 529 1 5 15
E 529 4 -4 -13
E 529 5 -7 -23
T 530 29 0 3 0
E 530 0 7 21
E 530 4 -6 -18
E 530 5 -9 -27
T 531 15 0 4 0
E 531 0 11 33
E 531 1 8 24
E 531 2 4 14
E 531 5 -5 -15
T 532 29 0 3 0
E 532 0 6 18
E 532 4 -7 -21
E 532 5 -10 -30
T 533 19 0 3 0
E 533 0 9 27
E 533 1 6 18
E 533 5 -7 -21
T 534 28 0 3 0
E 534 0 7 22
E 534 4 -5 -16
E 534 5 -8 -26
T 535 20 0 3 0
E 535 0 9 27
E 535 1 5 17
E 535 5 -7 -21
T 536 23 0 4 0
E 536 0 8 24
E 536 1 5 15
E 536 4 -4 -14
E 536 5 -8 -24
T 537 28 0 3 0
E 537 0 7 22
E 537 4 -5 -17
E 537 5 -8 -26
T 538 20 0 3 0
E 538 0 8 26
E 538 1 5 17
E 538 5 -7 -22
T 539 28 0 3 0
E 539 0 7 22
E 539 4 -5 -16
E 539 5 -8 -26
T 540 24 0 4 0
E 540 0 8 26
E 540 1 5 16
E 540 4 -4 -13
E 540 5 -7 -22
T 541 20 0 3 0
E 541 0 8 26
E 541 1 5 17
E 541 5 -7 -22
T 542 28 0 3 0
E 542 0 6 19
E 542 4 -6 -20
E 542 5 -9 -29
T 543 20 0 3 0
E 543 0 9 29
E 543 1 6 20
E 543 5 -6 -19
T 544 23 0 4 0
E 544 0 8 25
E 544 1 5 15
E 544 4 -4 -13
E 544 5 -7 -23
T 545 29 0 3 0
E 545 0 7 21
E 545 4 -6 -18
E 545 5 -9 -27
T 546 19 0 3 0
E 546 0 9 28
E 546 1 6 19
E 546 5 -6 -20
T 547 25 0 4 0
E 547 0 8 24
E 547 1 4 14
E 547 4 -5 -15
E 547 5 -8 -24
T 548 28 0 3 0
E 548 0 7 21
E 548 4 -5 -17
E 548 5 -9 -27
T 549 14 0 4 0
E 549 0 11 34
E 549 1 8 24
E 549 2 5 15
E 549 5 -4 -14
T 550 38 0 3 0
E 550 3 -5 -17
E 550 4 -9 -27
E 550 5 -12 -36
T 551 11 0 3 0
E 551 0 12 38
E 551 1 9 29
E 551 2 6 19
T 552 29 0 3 0
E 552 0 5 17
E 552 4 -7 -22
E 552 5 -10 -31
T 553 23 0 4 0
E 553 0 8 25
E 553 1 5 16
E 553 4 -4 -13
E 553 5 -7 -23
T 554 20 0 3 0
E 554 0 9 29
E 554 1 6 19
E 554 5 -6 -19
T 555 25 0 4 0
E 555 0 8 24
E 555 1 4 14
E 555 4 -5 -15
E 555 5 -8 -24
T 556 28 0 3 0
E 556 0 7 21
E 556 4 -5 -17
E 556 5 -9 -27
T 557 11 0 3 0
E 557 0 12 36
E 557 1 8 26
E 557 2 5 17
T 558 33 0 4 0
E 558 0 4 14
E 558 3 -4 -14
E 558 4 -8 -24
E 558 5 -11 -34
T 559 11 0 3 0
E 559 0 12 38
E 559 1 9 28
E 559 2 6 19
T 560 29 0 3 0
E 560 0 6 18
E 560 4 -7 -21
E 560 5 -10 -30
T 561 23 0 4 0
E 561 0 8 25
E 561 1 5 16
E 561 4 -4 -13
E 561 5 -7 -23
T 562 19 0 3 0
E 562 0 9 28
E 562 1 6 18
E 562 5 -6 -20
T 563 28 0 3 0
E 563 0 5 16
E 563 4 -7 -22
E 563 5 -10 -32
T 564 20 0 3 0
E 564 0 10 30
E 564 1 6 20
E 564 5 -6 -18
T 565 25 0 4 0
E 565 0 7 23
E 565 1 4 13
E 565 4 -5 -16
E 565 5 -8 -25
T 566 25 0 4 0
E 566 0 7 23
E 566 1 4 14
E 566 4 -5 -15
E 566 5 -8 -25
T 567 29 0 3 0
E 567 0 7 21
E 567 4 -6 -18
E 567 5 -9 -27
T 568 20 0 3 0
E 568 0 8 26
E 568 1 5 17
E 568 5 -7 -22
T 569 29 0 3 0
E 569 0 5 17
E 569 4 -7 -21
E 569 5 -10 -31
T 570 23 0 4 0
E 570 0 8 25
E 570 1 5 15
E 570 4 -4 -14
E 570 5 -7 -23
T 571 19 0 3 0
E 571 0 9 27
E 571 1 6 18
E 571 5 -7 -21
T 572 28 0 3 0
E 572 0 7 22
E 572 4 -5 -17
E 572 5 -8 -26
T 573 19 0 3 0
E 573 0 9 28
E 573 1 6 19
E 573 5 -6 -20
T 574 28 0 3 0
E 574 0 6 19
E 574 4 -6 -19
E 574 5 -9 -29
T 575 25 0 4 0
E 575 0 8 24
E 575 1 4 14
E 575 4 -5 -15
E 575 5 -8 -24
T 576 19 0 3 0
E 576 0 10 31
E 576 1 7 22
E 576 5 -5 -17
T 577 27 0 3 0
E 577 0 4 14
E 577 4 -7 -22
E 577 5 -10 -31
T 578 16 0 3 0
E 578 0 8 26
E 578 1 7 22
E 578 5 -5 -17
T 579 19 0 4 0
E 579 0 5 16
E 579 1 4 14
E 579 4 -4 -14
E 579 5 -8 -24
T 580 12 0 3 0
E 580 0 6 18
E 580 1 6 19
E 580 5 -6 -19
T 581 11 0 3 0
E 581 0 4 13
E 581 1 5 17
E 581 5 -7 -22
T 582 19 0 2 0
E 582 4 -6 -19
E 582 5 -9 -28
T 583 8 0 3 0
E 583 0 4 13
E 583 1 6 19
E 583 5 -5 -17
T 584 15 0 2 0
E 584 4 -4 -13
E 584 5 -7 -23
T 585 2 0 3 0
E 585 0 4 14
E 585 1 6 20
E 585 2 6 18
T 586 9 0 2 0
E 586 4 -6 -18
E 586 5 -9 -28
T 587 4 0 2 0
E 587 2 4 13
E 587 5 -5 -16
T 588 2 0 2 0
E 588 1 4 14
E 588 2 6 20
T 589 2 0 1 0
E 589 5 -5 -17
T 590 2 0 1 0
E 590 2 4 14
T 591 1 0 1 0
E 591 5 -5 -15
T 592 4 0 1 0
E 592 3 4 13
T 593 6 0 1 0
E 593 5 -5 -15
T 594 8 0 1 0
E 594 3 5 15
T 595 9 0 1 0
E 595 3 4 13
T 596 6 0 0 0
T 597 9 0 0 0
T 598 10 0 1 0
E 598 0 -5 -15
T 599 12 0 1 0
E 599 0 -5 -17
T 600 13 0 1 0
E 600 4 5 16
T 601 9 0 2 0
E 601 0 -6 -19
E 601 1 -4 -13
T 602 16 0 2 0
E 602 4 5 17
E 602 5 4 13
T 603 12 0 1 0
E 603 0 -6 -18
T 604 19 0 2 0
E 604 4 4 13
E 604 5 4 14
T 605 10 0 2 0
E 605 0 -8 -24
E 605 1 -6 -18
T 606 15 0 2 0
E 606 0 -4 -14
E 606 5 5 16
T 607 14 0 2 0
E 607 0 -4 -13
E 607 5 5 17
T 608 9 0 2 0
E 608 0 -6 -19
E 608 1 -4 -13
T 609 21 0 2 0
E 609 4 4 13
E 609 5 6 19
T 610 10 0 2 0
E 610 0 -7 -22
E 610 1 -5 -16
T 611 19 0 2 0
E 611 4 5 17
E 611 5 7 23
T 612 9 0 2 0
E 612 0 -7 -21
E 612 1 -5 -15
T 613 23 0 3 0
E 613 3 4 13
E 613 4 6 19
E 613 5 8 25
T 614 6 0 3 0
E 614 0 -9 -27
E 614 1 -7 -21
E 614 2 -5 -15
T 615 18 0 1 0
E 615 5 6 18
T 616 10 0 2 0
E 616 0 -8 -24
E 616 1 -6 -18
T 617 15 0 2 0
E 617 0 -4 -14
E 617 5 5 16
T 618 15 1 2 0
E 618 0 -5 -15
E 618 5 5 15
T 619 15 0 2 0
E 619 0 -5 -16
E 619 5 4 14
T 620 14 0 2 0
E 620 0 -4 -13
E 620 5 5 17
T 621 18 0 1 0
E 621 5 6 18
T 622 9 0 2 0
E 622 0 -7 -21
E 622 1 -5 -15
T 623 15 1 2 0
E 623 0 -5 -15
E 623 5 5 15
T 624 10 0 2 0
E 624 0 -6 -20
E 624 1 -4 -14
T 625 18 0 1 0
E 625 5 6 18
T 626 13 0 1 0
E 626 0 -6 -19
T 627 21 0 2 0
E 627 4 5 16
E 627 5 7 22
T 628 11 0 2 0
E 628 0 -7 -22
E 628 1 -4 -14
T 629 19 0 3 0
E 629 0 -4 -13
E 629 4 4 14
E 629 5 6 20
T 630 12 0 2 0
E 630 0 -7 -23
E 630 1 -4 -14
T 631 24 0 2 0
E 631 4 6 18
E 631 5 8 24
T 632 9 0 3 0
E 632 0 -10 -31
E 632 1 -7 -22
E 632 2 -5 -15
T 633 18 0 2 0
E 633 0 -5 -17
E 633 5 6 18
T 634 12 0 2 0
E 634 0 -8 -24
E 634 1 -4 -14
T 635 22 0 3 0
E 635 0 -4 -14
E 635 4 5 16
E 635 5 7 22
T 636 16 0 3 0
E 636 0 -7 -23
E 636 1 -4 -13
E 636 5 4 14
T 637 19 0 2 0
E 637 0 -6 -20
E 637 5 5 17
T 638 16 0 3 0
E 638 0 -8 -25
E 638 1 -5 -15
E 638 5 4 13
T 639 24 0 3 0
E 639 0 -5 -15
E 639 4 6 18
E 639 5 8 24
T 640 16 0 3 0
E 640 0 -8 -24
E 640 1 -5 -15
E 640 5 5 15
T 641 28 0 4 0
E 641 0 -5 -15
E 641 3 4 13
E 641 4 6 19
E 641 5 8 25
T 642 14 0 2 0
E 642 0 -10 -31
E 642 1 -7 -22
T 643 31 0 4 0
E 643 0 -4 -14
E 643 3 5 15
E 643 4 7 21
E 643 5 9 27
T 644 15 0 2 0
E 644 0 -10 -32
E 644 1 -7 -22
T 645 31 0 4 0
E 645 0 -4 -14
E 645 3 5 15
E 645 4 7 22
E 645 5 9 28
T 646 11 0 3 0
E 646 0 -11 -35
E 646 1 -8 -25
E 646 2 -5 -16
T 647 36 0 3 0
E 647 3 6 18
E 647 4 9 27
E 647 5 11 33
T 648 6 0 4 0
E 648 0 -14 -43
E 648 1 -11 -33
E 648 2 -8 -24
E 648 3 -4 -14
T 649 37 0 3 0
E 649 3 6 20
E 649 4 10 30
E 649 5 12 36
T 650 6 0 4 0
E 650 0 -14 -42
E 650 1 -11 -33
E 650 2 -7 -23
E 650 3 -4 -13
T 651 41 0 4 0
E 651 2 4 13
E 651 3 7 23
E 651 4 11 33
E 651 5 13 40
T 652 6 0 4 0
E 652 0 -14 -42
E 652 1 -11 -33
E 652 2 -7 -23
E 652 3 -4 -14
T 653 36 0 3 0
E 653 3 5 17
E 653 4 8 26
E 653 5 11 35
T 654 7 0 4 0
E 654 0 -14 -42
E 654 1 -10 -32
E 654 2 -7 -22
E 654 3 -4 -13
T 655 34 0 4 0
E 655 0 -4 -14
E 655 3 5 15
E 655 4 8 24
E 655 5 11 34
T 656 16 0 4 0
E 656 0 -11 -33
E 656 1 -7 -23
E 656 2 -4 -14
E 656 5 5 15
T 657 28 0 3 0
E 657 0 -7 -21
E 657 4 5 17
E 657 5 9 27
T 658 20 0 3 0
E 658 0 -9 -29
E 658 1 -6 -19
E 658 5 6 19
T 659 28 0 3 0
E 659 0 -6 -19
E 659 4 6 20
E 659 5 9 29
T 660 19 0 3 0
E 660 0 -10 -30
E 660 1 -7 -21
E 660 5 6 18
T 661 29 0 3 0
E 661 0 -6 -20
E 661 4 6 19
E 661 5 9 28
T 662 14 0 4 0
E 662 0 -11 -34
E 662 1 -8 -25
E 662 2 -5 -15
E 662 5 4 14
T 663 37 0 3 0
E 663 3 6 19
E 663 4 9 28
E 663 5 12 38
T 664 16 0 4 0
E 664 0 -11 -33
E 664 1 -7 -23
E 664 2 -4 -13
E 664 5 5 15
T 665 29 0 3 0
E 665 0 -6 -20
E 665 4 6 18
E 665 5 9 28
T 666 15 0 4 0
E 666 0 -11 -35
E 666 1 -8 -25
E 666 2 -5 -16
E 666 5 4 13
T 667 37 0 3 0
E 667 3 5 16
E 667 4 8 26
E 667 5 12 36
T 668 6 0 4 0
E 668 0 -15 -45
E 668 1 -11 -35
E 668 2 -8 -26
E 668 3 -5 -16
T 669 38 0 3 0
E 669 3 5 17
E 669 4 9 27
E 669 5 12 36
T 670 10 0 3 0
E 670 0 -13 -40
E 670 1 -10 -31
E 670 2 -7 -21
T 671 29 0 3 0
E 671 0 -5 -17
E 671 4 7 22
E 671 5 10 31
T 672 20 0 3 0
E 672 0 -9 -29
E 672 1 -6 -20
E 672 5 6 19
T 673 28 0 3 0
E 673 0 -7 -22
E 673 4 5 16
E 673 5 8 26
T 674 24 0 4 0
E 674 0 -8 -26
E 674 1 -5 -16
E 674 4 4 13
E 674 5 7 22
T 675 19 0 3 0
E 675 0 -9 -27
E 675 1 -6 -18
E 675 5 7 21
T 676 28 0 3 0
E 676 0 -6 -19
E 676 4 6 20
E 676 5 9 29
T 677 20 0 3 0
E 677 0 -8 -26
E 677 1 -5 -17
E 677 5 7 22
T 678 28 0 3 0
E 678 0 -6 -19
E 678 4 6 19
E 678 5 9 29
T 679 20 0 3 0
E 679 0 -9 -29
E 679 1 -6 -19
E 679 5 6 19
T 680 28 0 3 0
E 680 0 -6 -19
E 680 4 6 19
E 680 5 9 29
T 681 20 0 3 0
E 681 0 -10 -30
E 681 1 -6 -20
E 681 5 6 18
T 682 25 0 4 0
E 682 0 -7 -23
E 682 1 -4 -14
E 682 4 5 15
E 682 5 8 25
T 683 23 0 4 0
E 683 0 -8 -25
E 683 1 -5 -15
E 683 4 4 13
E 683 5 7 23
T 684 29 0 3 0
E 684 0 -6 -20
E 684 4 6 19
E 684 5 9 28
T 685 23 0 4 0
E 685 0 -8 -25
E 685 1 -5 -16
E 685 4 4 13
E 685 5 7 23
T 686 23 0 4 0
E 686 0 -8 -25
E 686 1 -5 -15
E 686 4 4 14
E 686 5 7 23
T 687 20 0 3 0
E 687 0 -9 -29
E 687 1 -6 -20
E 687 5 6 19
T 688 32 0 4 0
E 688 0 -5 -16
E 688 3 4 13
E 688 4 7 22
E 688 5 10 32
T 689 11 0 3 0
E 689 0 -12 -36
E 689 1 -8 -26
E 689 2 -5 -16
T 690 38 0 3 0
E 690 3 7 21
E 690 4 10 30
E 690 5 13 40
T 691 6 0 4 0
E 691 0 -14 -44
E 691 1 -11 -34
E 691 2 -8 -25
E 691 3 -5 -15
T 692 41 0 4 0
E 692 2 4 14
E 692 3 7 23
E 692 4 11 33
E 692 5 14 43
T 693 5 0 4 0
E 693 0 -16 -48
E 693 1 -12 -38
E 693 2 -9 -29
E 693 3 -6 -19
T 694 43 0 4 0
E 694 2 5 15
E 694 3 8 24
E 694 4 11 34
E 694 5 14 43
T 695 11 0 3 0
E 695 0 -13 -41
E 695 1 -10 -32
E 695 2 -7 -22
T 696 34 0 4 0
E 696 0 -4 -14
E 696 3 5 15
E 696 4 8 25
E 696 5 11 34
T 697 7 0 4 0
E 697 0 -13 -41
E 697 1 -10 -32
E 697 2 -7 -22
E 697 3 -4 -13
T 698 37 0 3 0
E 698 3 6 19
E 698 4 9 28
E 698 5 12 38
T 699 16 0 4 0
E 699 0 -11 -33
E 699 1 -7 -23
E 699 2 -4 -13
E 699 5 5 15
T 700 32 0 4 0
E 700 0 -5 -16
E 700 3 4 13
E 700 4 7 22
E 700 5 10 32
T 701 19 0 3 0
E 701 0 -9 -28
E 701 1 -6 -18
E 701 5 6 20
T 702 33 0 4 0
E 702 0 -4 -14
E 702 3 4 14
E 702 4 8 24
E 702 5 11 34
T 703 11 0 3 0
E 703 0 -12 -36
E 703 1 -8 -26
E 703 2 -5 -17
T 704 28 0 3 0
E 704 0 -6 -19
E 704 4 6 20
E 704 5 9 29
T 705 15 0 4 0
E 705 0 -11 -33
E 705 1 -8 -24
E 705 2 -4 -14
E 705 5 5 15
T 706 34 0 4 0
E 706 0 -4 -14
E 706 3 5 15
E 706 4 8 25
E 706 5 11 34
T 707 15 0 4 0
E 707 0 -11 -35
E 707 1 -8 -26
E 707 2 -5 -16
E 707 5 4 13
T 708 29 0 3 0
E 708 0 -6 -20
E 708 4 6 18
E 708 5 9 28
T 709 19 0 3 0
E 709 0 -9 -28
E 709 1 -6 -18
E 709 5 6 20
T 710 20 0 3 0
E 710 0 -8 -26
E 710 1 -5 -17
E 710 5 7 22
T 711 29 0 3 0
E 711 0 -6 -20
E 711 4 6 19
E 711 5 9 28
T 712 20 0 3 0
E 712 0 -9 -29
E 712 1 -6 -20
E 712 5 6 19
T 713 32 0 4 0
E 713 0 -5 -16
E 713 3 4 13
E 713 4 7 22
E 713 5 10 32
T 714 11 0 3 0
E 714 0 -12 -36
E 714 1 -8 -26
E 714 2 -5 -16
T 715 38 0 3 0
E 715 3 6 18
E 715 4 9 27
E 715 5 12 37
T 716 14 0 4 0
E 716 0 -11 -34
E 716 1 -8 -24
E 716 2 -5 -15
E 716 5 4 14
T 717 37 0 3 0
E 717 3 6 19
E 717 4 9 29
E 717 5 13 39
T 718 11 0 3 0
E 718 0 -13 -39
E 718 1 -9 -29
E 718 2 -6 -20
T 719 38 0 3 0
E 719 3 6 18
E 719 4 9 28
E 719 5 12 37
T 720 28 0 3 0
E 720 1 -11 -34
E 720 2 -8 -24
E 720 3 -4 -14
T 721 3 0 4 0
E 721 0 11 35
E 721 3 4 13
E 721 4 7 23
E 721 5 10 32
T 722 35 0 3 0
E 722 1 -11 -34
E 722 2 -8 -24
E 722 3 -5 -15
T 723 14 0 4 0
E 723 0 11 33
E 723 1 -4 -14
E 723 4 4 14
E 723 5 8 24
T 724 34 0 4 0
E 724 0 6 18
E 724 1 -11 -33
E 724 2 -7 -23
E 724 3 -4 -14
T 725 24 0 3 0
E 725 0 11 33
E 725 1 -7 -22
E 725 5 5 17
T 726 19 0 3 0
E 726 0 10 31
E 726 1 7 22
E 726 2 -5 -17
T 727 35 0 4 0
E 727 0 6 18
E 727 2 -11 -33
E 727 3 -8 -24
E 727 4 -4 -14
T 728 21 0 3 0
E 728 0 11 34
E 728 1 8 25
E 728 2 -6 -20
T 729 33 0 5 0
E 729 0 8 25
E 729 1 5 15
E 729 2 -10 -32
E 729 3 -7 -23
E 729 4 -4 -13
T 730 24 0 3 0
E 730 0 13 39
E 730 1 9 29
E 730 2 -7 -22
T 731 36 0 5 0
E 731 0 10 31
E 731 1 7 22
E 731 2 -11 -33
E 731 3 -7 -23
E 731 4 -4 -13
T 732 16 0 4 0
E 732 0 13 40
E 732 1 10 30
E 732 2 7 21
E 732 3 -6 -18
T 733 45 0 4 0
E 733 0 4 13
E 733 3 -15 -47
E 733 4 -12 -38
E 733 5 -9 -28
T 734 16 0 4 0
E 734 0 15 46
E 734 1 12 36
E 734 2 9 27
E 734 3 -6 -18
T 735 52 0 4 0
E 735 0 5 15
E 735 3 -17 -52
E 735 4 -14 -43
E 735 5 -11 -33
T 736 10 0 3 0
E 736 0 19 58
E 736 1 16 49
E 736 2 13 39
T 737 58 0 4 0
E 737 0 5 16
E 737 3 -19 -58
E 737 4 -16 -48
E 737 5 -12 -38
T 738 2 0 4 0
E 738 0 21 64
E 738 1 18 55
E 738 2 15 45
E 738 3 12 36
T 739 65 0 5 0
E 739 1 -5 -16
E 739 2 -8 -25
E 739 3 -11 -35
E 739 4 -25 -76
E 739 5 -22 -67
T 740 5 0 5 0
E 740 0 20 61
E 740 1 17 51
E 740 2 13 41
E 740 3 10 32
E 740 4 -4 -13
T 741 62 0 4 0
E 741 2 -6 -19
E 741 3 -9 -29
E 741 4 -25 -76
E 741 5 -22 -67
T 742 2 0 4 0
E 742 0 23 69
E 742 1 19 59
E 742 2 16 50
E 742 3 13 40
T 743 73 0 5 0
E 743 1 -5 -15
E 743 2 -8 -25
E 743 3 -11 -34
E 743 4 -29 -89
E 743 5 -26 -79
T 744 16 0 5 0
E 744 0 25 75
E 744 1 21 65
E 744 2 18 56
E 744 3 15 46
E 744 4 12 37
T 745 63 0 5 0
E 745 1 -6 -18
E 745 2 -9 -28
E 745 3 -12 -37
E 745 4 -15 -47
E 745 5 -29 -88
T 746 4 0 6 0
E 746 0 21 65
E 746 1 18 56
E 746 2 15 46
E 746 3 12 36
E 746 4 9 27
E 746 5 -6 -18
T 747 57 0 4 0
E 747 2 -7 -21
E 747 3 -10 -31
E 747 4 -13 -41
E 747 5 -29 -88
T 748 7 0 6 0
E 748 0 18 56
E 748 1 15 47
E 748 2 12 37
E 748 3 9 28
E 748 4 6 18
E 748 5 -11 -33
T 749 52 0 3 0
E 749 3 -5 -17
E 749 4 -8 -26
E 749 5 -27 -81
T 750 1 0 5 0
E 750 0 17 53
E 750 1 14 43
E 750 2 11 33
E 750 3 8 24
E 750 4 4 14
T 751 43 0 4 0
E 751 2 -6 -18
E 751 3 -9 -28
E 751 4 -12 -37
E 751 5 -15 -47
T 752 5 0 4 0
E 752 0 15 47
E 752 1 12 37
E 752 2 9 28
E 752 3 6 18
T 753 37 0 3 0
E 753 3 -6 -18
E 753 4 -9 -28
E 753 5 -12 -38
T 754 15 0 4 0
E 754 0 11 35
E 754 1 8 25
E 754 2 5 16
E 754 5 -4 -13
T 755 33 0 4 0
E 755 0 5 15
E 755 3 -4 -14
E 755 4 -8 -24
E 755 5 -11 -33
T 756 20 0 3 0
E 756 0 9 29
E 756 1 6 20
E 756 5 -6 -19
T 757 29 0 3 0
E 757 0 6 20
E 757 4 -6 -19
E 757 5 -9 -28
T 758 15 0 4 0
E 758 0 11 35
E 758 1 8 26
E 758 2 5 16
E 758 5 -4 -13
T 759 32 0 4 0
E 759 0 5 15
E 759 3 -4 -14
E 759 4 -7 -23
E 759 5 -11 -33
T 760 11 0 3 0
E 760 0 13 39
E 760 1 9 29
E 760 2 6 19
T 761 32 0 4 0
E 761 0 5 16
E 761 3 -4 -13
E 761 4 -7 -22
E 761 5 -10 -32
T 762 14 0 4 0
E 762 0 11 34
E 762 1 8 24
E 762 2 5 15
E 762 5 -4 -14
T 763 33 0 4 0
E 763 0 4 14
E 763 3 -4 -14
E 763 4 -8 -24
E 763 5 -11 -34
T 764 19 0 3 0
E 764 0 10 31
E 764 1 7 21
E 764 5 -5 -17
T 765 29 0 3 0
E 765 0 5 17
E 765 4 -7 -22
E 765 5 -10 -31
T 766 19 0 3 0
E 766 0 9 27
E 766 1 6 18
E 766 5 -7 -21
T 767 33 0 4 0
E 767 0 5 15
E 767 3 -4 -14
E 767 4 -8 -24
E 767 5 -11 -33
T 768 19 0 3 0
E 768 0 9 28
E 768 1 6 19
E 768 5 -6 -20
T 769 28 0 3 0
E 769 0 7 22
E 769 4 -5 -16
E 769 5 -8 -26
T 770 19 0 3 0
E 770 0 10 31
E 770 1 7 21
E 770 5 -5 -17
T 771 28 0 3 0
E 771 0 7 21
E 771 4 -5 -17
E 771 5 -9 -27
T 772 11 0 3 0
E 772 0 12 36
E 772 1 8 26
E 772 2 5 17
T 773 29 0 3 0
E 773 0 5 17
E 773 4 -7 -21
E 773 5 -10 -31
T 774 11 0 3 0
E 774 0 12 36
E 774 1 8 26
E 774 2 5 17
T 775 34 0 4 0
E 775 0 4 14
E 775 3 -5 -15
E 775 4 -8 -25
E 775 5 -11 -34
T 776 15 0 4 0
E 776 0 11 33
E 776 1 8 24
E 776 2 4 14
E 776 5 -5 -15
T 777 29 0 3 0
E 777 0 6 20
E 777 4 -6 -19
E 777 5 -9 -28
T 778 14 0 4 0
E 778 0 11 34
E 778 1 8 25
E 778 2 5 15
E 778 5 -4 -14
T 779 37 0 3 0
E 779 3 -6 -19
E 779 4 -9 -28
E 779 5 -12 -38
T 780 15 0 4 0
E 780 0 11 35
E 780 1 8 25
E 780 2 5 15
E 780 5 -4 -13
T 781 38 0 3 0
E 781 3 -6 -18
E 781 4 -9 -27
E 781 5 -12 -37
T 782 5 0 4 0
E 782 0 15 46
E 782 1 12 36
E 782 2 9 27
E 782 3 5 17
T 783 37 0 3 0
E 783 3 -7 -21
E 783 4 -10 -31
E 783 5 -13 -41
T 784 11 0 3 0
E 784 0 12 38
E 784 1 9 28
E 784 2 6 19
T 785 32 0 4 0
E 785 0 5 16
E 785 3 -4 -13
E 785 4 -7 -23
E 785 5 -10 -32
T 786 20 0 3 0
E 786 0 9 29
E 786 1 6 20
E 786 5 -6 -19
T 787 19 0 3 0
E 787 0 9 28
E 787 1 6 18
E 787 5 -6 -20
T 788 29 0 3 0
E 788 0 6 20
E 788 4 -6 -18
E 788 5 -9 -28
T 789 15 0 4 0
E 789 0 11 35
E 789 1 8 25
E 789 2 5 16
E 789 5 -4 -13
T 790 38 0 3 0
E 790 3 -6 -18
E 790 4 -9 -28
E 790 5 -12 -37
T 791 11 0 3 0
E 791 0 13 41
E 791 1 10 32
E 791 2 7 22
T 792 37 0 3 0
E 792 3 -7 -22
E 792 4 -10 -32
E 792 5 -13 -41
T 793 10 0 3 0
E 793 0 12 37
E 793 1 9 28
E 793 2 6 18
T 794 38 0 3 0
E 794 3 -6 -18
E 794 4 -9 -27
E 794 5 -12 -37
T 795 15 0 4 0
E 795 0 11 35
E 795 1 8 25
E 795 2 5 15
E 795 5 -4 -13
T 796 28 0 3 0
E 796 0 6 19
E 796 4 -6 -19
E 796 5 -9 -29
T 797 24 0 4 0
E 797 0 8 26
E 797 1 5 16
E 797 4 -4 -13
E 797 5 -7 -22
T 798 20 0 3 0
E 798 0 9 29
E 798 1 6 20
E 798 5 -6 -19
T 799 32 0 4 0
E 799 0 5 16
E 799 3 -4 -13
E 799 4 -7 -22
E 799 5 -10 -32
T 800 20 0 3 0
E 800 0 10 32
E 800 1 7 22
E 800 5 -5 -16
T 801 28 0 3 0
E 801 0 6 18
E 801 4 -6 -20
E 801 5 -10 -30
T 802 19 0 3 0
E 802 0 10 31
E 802 1 7 21
E 802 5 -5 -17
T 803 32 0 4 0
E 803 0 5 15
E 803 3 -4 -13
E 803 4 -7 -23
E 803 5 -11 -33
T 804 11 0 3 0
E 804 0 13 39
E 804 1 9 29
E 804 2 6 20
T 805 38 0 3 0
E 805 3 -7 -21
E 805 4 -10 -31
E 805 5 -13 -40
T 806 5 0 4 0
E 806 0 15 45
E 806 1 12 36
E 806 2 8 26
E 806 3 5 16
T 807 43 0 4 0
E 807 2 -5 -17
E 807 3 -9 -27
E 807 4 -12 -37
E 807 5 -15 -46
T 808 10 0 3 0
E 808 0 13 39
E 808 1 10 30
E 808 2 6 20
T 809 41 0 4 0
E 809 2 -4 -13
E 809 3 -7 -23
E 809 4 -10 -32
E 809 5 -14 -42
T 810 11 0 3 0
E 810 0 13 40
E 810 1 10 30
E 810 2 6 20
T 811 32 0 4 0
E 811 0 5 16
E 811 3 -4 -13
E 811 4 -7 -22
E 811 5 -10 -32
T 812 20 0 3 0
E 812 0 10 30
E 812 1 6 20
E 812 5 -6 -18
T 813 28 0 3 0
E 813 0 6 19
E 813 4 -6 -19
E 813 5 -9 -29
T 814 20 0 3 0
E 814 0 10 30
E 814 1 6 20
E 814 5 -6 -18
T 815 29 0 3 0
E 815 0 7 21
E 815 4 -6 -18
E 815 5 -9 -27
T 816 16 0 4 0
E 816 0 10 32
E 816 1 7 23
E 816 2 4 13
E 816 5 -5 -16
T 817 26 0 3 0
E 817 0 6 19
E 817 4 -5 -17
E 817 5 -8 -26
T 818 12 0 4 0
E 818 0 9 28
E 818 1 8 24
E 818 2 4 14
E 818 5 -5 -15
T 819 26 0 2 0
E 819 4 -6 -19
E 819 5 -9 -29
T 820 4 0 3 0
E 820 0 8 26
E 820 1 9 27
E 820 2 5 17
T 821 21 0 2 0
E 821 4 -7 -21
E 821 5 -10 -31
T 822 3 0 4 0
E 822 0 6 18
E 822 1 8 24
E 822 2 5 15
E 822 5 -4 -14
T 823 11 0 2 0
E 823 1 4 14
E 823 5 -7 -22
T 824 15 0 2 0
E 824 4 -4 -13
E 824 5 -7 -23
T 825 7 0 4 0
E 825 0 6 18
E 825 1 8 24
E 825 2 7 22
E 825 3 4 13
T 826 8 0 2 0
E 826 4 -6 -19
E 826 5 -9 -29
T 827 2 0 2 0
E 827 1 4 13
E 827 2 5 17
T 828 5 0 2 0
E 828 4 -5 -15
E 828 5 -8 -25
T 829 1 1 2 0
E 829 2 4 13
E 829 5 -4 -13
T 830 2 0 1 0
E 830 2 4 14
T 831 2 0 1 0
E 831 2 4 14
T 832 4 0 1 0
E 832 5 -4 -14
T 833 6 0 0 0
T 834 5 0 2 0
E 834 0 -4 -13
E 834 5 -4 -14
T 835 11 0 0 0
T 836 7 0 0 0
T 837 9 0 1 0
E 837 3 4 13
T 838 7 0 0 0
T 839 13 0 1 0
E 839 4 4 13
T 840 12 0 0 0
T 841 14 0 1 0
E 841 4 4 14
T 842 14 0 1 0
E 842 4 4 14
T 843 10 0 2 0
E 843 0 -6 -20
E 843 1 -4 -14
T 844 18 0 2 0
E 844 4 6 18
E 844 5 6 19
T 845 12 0 1 0
E 845 0 -5 -17
T 846 20 0 2 0
E 846 4 4 14
E 846 5 6 20
T 847 11 0 2 0
E 847 0 -7 -23
E 847 1 -5 -17
T 848 16 0 2 0
E 848 0 -5 -17
E 848 5 4 13
T 849 14 0 2 0
E 849 0 -4 -13
E 849 5 5 17
T 850 9 0 2 0
E 850 0 -7 -21
E 850 1 -5 -15
T 851 23 0 3 0
E 851 3 4 13
E 851 4 6 19
E 851 5 8 25
T 852 6 0 3 0
E 852 0 -10 -30
E 852 1 -8 -24
E 852 2 -6 -18
T 853 21 0 2 0
E 853 4 4 13
E 853 5 6 19
T 854 9 0 2 0
E 854 0 -6 -19
E 854 1 -4 -13
T 855 20 0 2 0
E 855 4 4 14
E 855 5 6 20
T 856 10 0 2 0
E 856 0 -8 -24
E 856 1 -6 -18
T 857 21 0 2 0
E 857 4 4 13
E 857 5 6 19
T 858 10 0 2 0
E 858 0 -8 -24
E 858 1 -6 -18
T 859 20 0 2 0
E 859 4 4 14
E 859 5 6 20
T 860 10 0 2 0
E 860 0 -8 -24
E 860 1 -6 -18
T 861 15 0 2 0
E 861 0 -5 -16
E 861 5 4 14
T 862 16 0 2 0
E 862 0 -5 -17
E 862 5 4 13
T 863 15 0 2 0
E 863 0 -4 -14
E 863 5 5 16
T 864 16 0 2 0
E 864 0 -5 -17
E 864 5 4 13
T 865 12 0 1 0
E 865 0 -6 -18
T 866 16 1 2 0
E 866 0 -5 -16
E 866 5 5 15
T 867 16 0 2 0
E 867 0 -6 -18
E 867 5 4 13
T 868 15 1 2 0
E 868 0 -5 -15
E 868 5 5 17
T 869 17 1 2 0
E 869 0 -5 -17
E 869 5 5 16
T 870 12 0 2 0
E 870 0 -7 -23
E 870 1 -4 -14
T 871 20 0 3 0
E 871 0 -5 -15
E 871 4 4 13
E 871 5 6 19
T 872 17 0 2 0
E 872 0 -5 -16
E 872 5 6 18
T 873 12 0 2 0
E 873 0 -7 -23
E 873 1 -4 -13
T 874 18 1 2 0
E 874 0 -6 -18
E 874 5 6 18
T 875 11 0 2 0
E 875 0 -8 -24
E 875 1 -5 -15
T 876 22 0 3 0
E 876 0 -5 -17
E 876 4 4 14
E 876 5 6 20
T 877 19 0 2 0
E 877 0 -6 -20
E 877 5 5 17
T 878 13 0 2 0
E 878 0 -9 -27
E 878 1 -5 -17
T 879 24 0 3 0
E 879 0 -5 -15
E 879 4 6 18
E 879 5 8 24
T 880 24 0 3 0
E 880 0 -6 -20
E 880 4 4 13
E 880 5 6 19
T 881 14 0 2 0
E 881 0 -9 -29
E 881 1 -6 -19
T 882 24 0 3 0
E 882 0 -7 -21
E 882 4 4 13
E 882 5 6 19
T 883 24 0 3 0
E 883 0 -7 -21
E 883 4 4 14
E 883 5 6 20
T 884 17 0 3 0
E 884 0 -8 -25
E 884 1 -5 -15
E 884 5 5 17
T 885 17 0 3 0
E 885 0 -8 -24
E 885 1 -5 -15
E 885 5 6 18
T 886 30 0 4 0
E 886 0 -5 -15
E 886 3 4 14
E 886 4 7 22
E 886 5 9 28
T 887 11 0 3 0
E 887 0 -10 -32
E 887 1 -7 -23
E 887 2 -4 -13
T 888 36 0 3 0
E 888 3 6 19
E 888 4 9 28
E 888 5 11 34
T 889 11 0 3 0
E 889 0 -13 -39
E 889 1 -9 -29
E 889 2 -6 -19
T 890 36 0 3 0
E 890 3 7 22
E 890 4 10 31
E 890 5 12 38
T 891 10 0 3 0
E 891 0 -11 -34
E 891 1 -8 -24
E 891 2 -5 -15
T 892 40 0 4 0
E 892 2 4 14
E 892 3 7 23
E 892 4 11 33
E 892 5 13 41
T 893 6 0 4 0
E 893 0 -14 -43
E 893 1 -11 -33
E 893 2 -8 -24
E 893 3 -4 -14
T 894 43 0 4 0
E 894 2 5 15
E 894 3 8 24
E 894 4 11 34
E 894 5 14 43
T 895 4 0 4 0
E 895 0 -16 -50
E 895 1 -13 -41
E 895 2 -10 -31
E 895 3 -7 -21
T 896 38 0 3 0
E 896 3 7 21
E 896 4 10 31
E 896 5 13 40
T 897 11 0 3 0
E 897 0 -12 -38
E 897 1 -9 -29
E 897 2 -6 -19
T 898 33 0 4 0
E 898 0 -4 -13
E 898 3 5 16
E 898 4 8 25
E 898 5 11 35
T 899 20 0 3 0
E 899 0 -10 -30
E 899 1 -6 -20
E 899 5 6 18
T 900 29 0 3 0
E 900 0 -6 -20
E 900 4 6 18
E 900 5 9 28
T 901 19 0 3 0
E 901 0 -9 -28
E 901 1 -6 -18
E 901 5 6 20
T 902 20 0 3 0
E 902 0 -8 -26
E 902 1 -5 -17
E 902 5 7 22
T 903 28 0 3 0
E 903 0 -6 -18
E 903 4 6 20
E 903 5 10 30
T 904 11 0 3 0
E 904 0 -12 -36
E 904 1 -8 -26
E 904 2 -5 -16
T 905 37 0 3 0
E 905 3 6 20
E 905 4 9 29
E 905 5 13 39
T 906 16 0 4 0
E 906 0 -11 -33
E 906 1 -7 -23
E 906 2 -4 -14
E 906 5 5 15
T 907 37 0 3 0
E 907 3 5 17
E 907 4 9 27
E 907 5 12 37
T 908 10 0 3 0
E 908 0 -13 -40
E 908 1 -10 -30
E 908 2 -7 -21
T 909 41 0 4 0
E 909 2 4 13
E 909 3 7 22
E 909 4 10 32
E 909 5 13 41
T 910 6 0 4 0
E 910 0 -14 -43
E 910 1 -11 -34
E 910 2 -8 -24
E 910 3 -4 -14
T 911 33 0 4 0
E 911 0 -4 -13
E 911 3 5 16
E 911 4 8 26
E 911 5 11 35
T 912 14 0 4 0
E 912 0 -11 -34
E 912 1 -8 -25
E 912 2 -5 -15
E 912 5 4 14
T 913 32 0 4 0
E 913 0 -5 -15
E 913 3 4 14
E 913 4 7 23
E 913 5 11 33
T 914 16 0 4 0
E 914 0 -11 -33
E 914 1 -7 -23
E 914 2 -4 -13
E 914 5 5 15
T 915 28 0 3 0
E 915 0 -6 -18
E 915 4 6 20
E 915 5 10 30
T 916 16 0 4 0
E 916 0 -11 -33
E 916 1 -7 -23
E 916 2 -4 -14
E 916 5 5 15
T 917 37 0 3 0
E 917 3 5 17
E 917 4 9 27
E 917 5 12 37
T 918 15 0 4 0
E 918 0 -11 -35
E 918 1 -8 -25
E 918 2 -5 -16
E 918 5 4 13
T 919 33 0 4 0
E 919 0 -5 -15
E 919 3 4 14
E 919 4 8 24
E 919 5 11 33
T 920 10 0 3 0
E 920 0 -13 -40
E 920 1 -10 -31
E 920 2 -7 -21
T 921 29 0 3 0
E 921 0 -6 -18
E 921 4 7 21
E 921 5 10 30
T 922 15 0 4 0
E 922 0 -11 -33
E 922 1 -8 -24
E 922 2 -4 -14
E 922 5 5 15
T 923 37 0 3 0
E 923 3 5 17
E 923 4 8 26
E 923 5 12 36
T 924 11 0 3 0
E 924 0 -12 -37
E 924 1 -9 -27
E 924 2 -5 -17
T 925 37 0 3 0
E 925 3 6 19
E 925 4 9 28
E 925 5 12 38
T 926 11 0 3 0
E 926 0 -13 -41
E 926 1 -10 -31
E 926 2 -7 -22
T 927 28 0 3 0
E 927 0 -5 -16
E 927 4 7 22
E 927 5 10 32
T 928 14 0 4 0
E 928 0 -11 -34
E 928 1 -8 -24
E 928 2 -5 -15
E 928 5 4 14
T 929 38 0 3 0
E 929 3 6 18
E 929 4 9 28
E 929 5 12 37
T 930 5 0 4 0
E 930 0 -15 -45
E 930 1 -12 -36
E 930 2 -8 -26
E 930 3 -5 -16
T 931 43 0 4 0
E 931 2 5 17
E 931 3 9 27
E 931 4 12 37
E 931 5 15 46
T 932 5 0 4 0
E 932 0 -14 -43
E 932 1 -11 -34
E 932 2 -8 -24
E 932 3 -5 -15
T 933 42 0 4 0
E 933 2 4 14
E 933 3 8 24
E 933 4 11 33
E 933 5 14 43
T 934 7 0 4 0
E 934 0 -14 -43
E 934 1 -11 -33
E 934 2 -7 -23
E 934 3 -4 -14
T 935 42 0 4 0
E 935 2 4 14
E 935 3 8 24
E 935 4 11 33
E 935 5 14 43
T 936 4 0 4 0
E 936 0 -16 -49
E 936 1 -13 -39
E 936 2 -10 -30
E 936 3 -6 -20
T 937 41 0 4 0
E 937 2 4 14
E 937 3 7 23
E 937 4 11 33
E 937 5 14 43
T 938 4 0 4 0
E 938 0 -16 -49
E 938 1 -13 -39
E 938 2 -10 -30
E 938 3 -6 -20
T 939 38 0 3 0
E 939 3 5 17
E 939 4 9 27
E 939 5 12 36
T 940 11 0 3 0
E 940 0 -12 -38
E 940 1 -9 -29
E 940 2 -6 -19
T 941 32 0 4 0
E 941 0 -5 -16
E 941 3 4 13
E 941 4 7 23
E 941 5 10 32
T 942 14 0 4 0
E 942 0 -11 -34
E 942 1 -8 -25
E 942 2 -5 -15
E 942 5 4 14
T 943 38 0 3 0
E 943 3 6 18
E 943 4 9 27
E 943 5 12 37
T 944 11 0 3 0
E 944 0 -13 -41
E 944 1 -10 -31
E 944 2 -7 -21
T 945 28 0 3 0
E 945 0 -6 -18
E 945 4 6 20
E 945 5 10 30
T 946 19 0 3 0
E 946 0 -10 -31
E 946 1 -7 -21
E 946 5 5 17
T 947 28 0 3 0
E 947 0 -5 -16
E 947 4 7 22
E 947 5 10 32
T 948 20 0 3 0
E 948 0 -9 -27
E 948 1 -5 -17
E 948 5 7 21
T 949 20 0 3 0
E 949 0 -9 -27
E 949 1 -5 -17
E 949 5 7 21
T 950 28 0 3 0
E 950 0 -7 -21
E 950 4 5 17
E 950 5 9 27
T 951 11 0 3 0
E 951 0 -12 -36
E 951 1 -8 -26
E 951 2 -5 -17
T 952 33 0 4 0
E 952 0 -4 -13
E 952 3 5 15
E 952 4 8 25
E 952 5 11 35
T 953 14 0 4 0
E 953 0 -11 -34
E 953 1 -8 -24
E 953 2 -5 -15
E 953 5 4 14
T 954 29 0 3 0
E 954 0 -7 -21
E 954 4 6 18
E 954 5 9 27
T 955 19 0 3 0
E 955 0 -10 -30
E 955 1 -7 -21
E 955 5 6 18
T 956 29 0 3 0
E 956 0 -6 -18
E 956 4 7 21
E 956 5 10 30
T 957 15 0 4 0
E 957 0 -11 -33
E 957 1 -8 -24
E 957 2 -4 -14
E 957 5 5 15
T 958 25 0 4 0
E 958 0 -7 -23
E 958 1 -4 -13
E 958 4 5 15
E 958 5 8 25
T 959 20 0 3 0
E 959 0 -9 -27
E 959 1 -5 -17
E 959 5 7 21
T 960 9 0 4 0
E 960 0 8 24
E 960 1 -5 -15
E 960 4 4 14
E 960 5 8 24
T 961 30 0 3 0
E 961 1 -10 -32
E 961 2 -7 -23
E 961 3 -4 -13
T 962 17 0 3 0
E 962 0 9 27
E 962 1 -6 -18
E 962 5 7 21
T 963 22 0 4 0
E 963 0 8 24
E 963 1 -7 -23
E 963 2 -4 -14
E 963 5 5 15
T 964 34 0 4 0
E 964 0 6 19
E 964 1 -10 -32
E 964 2 -7 -22
E 964 3 -4 -13
T 965 24 0 3 0
E 965 0 12 36
E 965 1 -6 -19
E 965 5 6 20
T 966 20 0 3 0
E 966 0 9 29
E 966 1 6 20
E 966 2 -6 -19
T 967 27 0 4 0
E 967 0 7 23
E 967 1 4 13
E 967 2 -9 -28
E 967 3 -6 -19
T 968 27 0 4 0
E 968 0 9 29
E 968 1 6 20
E 968 2 -8 -25
E 968 3 -5 -15
T 969 28 1 4 0
E 969 0 9 28
E 969 1 6 18
E 969 2 -9 -29
E 969 3 -6 -20
T 970 35 0 5 0
E 970 0 9 28
E 970 1 6 18
E 970 2 -11 -33
E 970 3 -7 -23
E 970 4 -4 -14
T 971 31 0 4 0
E 971 0 11 34
E 971 1 8 25
E 971 2 -10 -30
E 971 3 -6 -20
T 972 28 0 4 0
E 972 0 10 31
E 972 1 7 21
E 972 3 -9 -27
E 972 4 -5 -17
T 973 31 0 4 0
E 973 0 9 29
E 973 1 6 20
E 973 3 -10 -31
E 973 4 -7 -22
T 974 40 0 5 0
E 974 0 9 27
E 974 1 5 17
E 974 3 -12 -37
E 974 4 -9 -27
E 974 5 -6 -18
T 975 24 0 5 0
E 975 0 13 41
E 975 1 10 31
E 975 2 7 21
E 975 3 -8 -26
E 975 4 -5 -17
T 976 47 0 5 0
E 976 0 8 24
E 976 1 5 15
E 976 3 -15 -46
E 976 4 -12 -36
E 976 5 -9 -27
T 977 22 0 5 0
E 977 0 17 51
E 977 1 13 41
E 977 2 10 32
E 977 3 -7 -23
E 977 4 -4 -13
T 978 37 0 4 0
E 978 0 7 22
E 978 1 4 13
E 978 4 -15 -45
E 978 5 -11 -35
T 979 29 0 5 0
E 979 0 12 37
E 979 1 9 27
E 979 2 6 18
E 979 4 -11 -33
E 979 5 -8 -24
T 980 40 0 4 0
E 980 0 9 28
E 980 1 6 18
E 980 4 -15 -46
E 980 5 -12 -36
T 981 20 0 6 0
E 981 0 15 47
E 981 1 12 38
E 981 2 9 28
E 981 3 6 18
E 981 4 -9 -29
E 981 5 -6 -20
T 982 50 0 3 0
E 982 0 6 19
E 982 4 -20 -61
E 982 5 -17 -51
T 983 25 0 6 0
E 983 0 15 47
E 983 1 12 38
E 983 2 9 28
E 983 3 6 19
E 983 4 -12 -36
E 983 5 -8 -26
T 984 29 0 3 0
E 984 0 9 28
E 984 1 6 18
E 984 5 -16 -49
T 985 25 0 4 0
E 985 0 12 37
E 985 1 9 27
E 985 2 5 17
E 985 5 -14 -43
T 986 31 0 3 0
E 986 0 9 28
E 986 1 6 19
E 986 5 -18 -55
T 987 33 0 3 0
E 987 0 9 29
E 987 1 6 19
E 987 5 -19 -57
T 988 26 0 4 0
E 988 0 13 39
E 988 1 10 30
E 988 2 6 20
E 988 5 -16 -50
T 989 31 0 4 0
E 989 0 11 33
E 989 1 7 23
E 989 2 4 14
E 989 5 -20 -60
T 990 11 0 3 0
E 990 0 12 36
E 990 1 8 26
E 990 2 5 16
T 991 41 0 4 0
E 991 2 -4 -13
E 991 3 -7 -23
E 991 4 -10 -32
E 991 5 -14 -42
T 992 4 0 4 0
E 992 0 16 49
E 992 1 13 39
E 992 2 10 30
E 992 3 6 20
T 993 37 0 3 0
E 993 3 -7 -21
E 993 4 -10 -31
E 993 5 -13 -41
T 994 14 0 4 0
E 994 0 11 34
E 994 1 8 24
E 994 2 5 15
E 994 5 -4 -14
T 995 32 0 4 0
E 995 0 5 16
E 995 3 -4 -13
E 995 4 -7 -23
E 995 5 -10 -32
T 996 10 0 3 0
E 996 0 13 39
E 996 1 10 30
E 996 2 6 20
T 997 37 0 3 0
E 997 3 -7 -22
E 997 4 -10 -32
E 997 5 -13 -41
T 998 10 0 3 0
E 998 0 13 40
E 998 1 10 31
E 998 2 7 21
T 999 38 0 3 0
E 999 3 -7 -21
E 999 4 -10 -30
E 999 5 -13 -40
T 1000 11 0 3 0
E 1000 0 13 40
E 1000 1 10 30
E 1000 2 6 20
T 1001 37 0 3 0
E 1001 3 -6 -20
E 1001 4 -9 -29
E 1001 5 -13 -39
T 1002 7 0 4 0
E 1002 0 14 42
E 1002 1 10 32
E 1002 2 7 23
E 1002 3 4 13
T 1003 41 0 4 0
E 1003 2 -4 -14
E 1003 3 -7 -23
E 1003 4 -11 -33
E 1003 5 -14 -43
T 1004 4 0 4 0
E 1004 0 16 49
E 1004 1 13 39
E 1004 2 10 30
E 1004 3 6 20
T 1005 38 0 3 0
E 1005 3 -7 -21
E 1005 4 -10 -31
E 1005 5 -13 -40
T 1006 5 0 4 0
E 1006 0 15 45
E 1006 1 12 36
E 1006 2 8 26
E 1006 3 5 16
T 1007 42 0 4 0
E 1007 2 -5 -15
E 1007 3 -8 -25
E 1007 4 -11 -35
E 1007 5 -14 -44
T 1008 10 0 3 0
E 1008 0 12 37
E 1008 1 9 28
E 1008 2 6 18
T 1009 38 0 3 0
E 1009 3 -7 -21
E 1009 4 -10 -30
E 1009 5 -13 -40
T 1010 7 0 4 0
E 1010 0 14 42
E 1010 1 10 32
E 1010 2 7 22
E 1010 3 4 13
T 1011 41 0 4 0
E 1011 2 -4 -13
E 1011 3 -7 -23
E 1011 4 -10 -32
E 1011 5 -14 -42
T 1012 5 0 4 0
E 1012 0 15 46
E 1012 1 12 36
E 1012 2 9 27
E 1012 3 5 17
T 1013 37 0 3 0
E 1013 3 -7 -21
E 1013 4 -10 -31
E 1013 5 -13 -41
T 1014 16 0 4 0
E 1014 0 11 33
E 1014 1 7 23
E 1014 2 4 14
E 1014 5 -5 -15
T 1015 32 0 4 0
E 1015 0 5 16
E 1015 3 -4 -13
E 1015 4 -7 -23
E 1015 5 -10 -32
T 1016 10 0 3 0
E 1016 0 12 37
E 1016 1 9 28
E 1016 2 6 18
T 1017 38 0 3 0
E 1017 3 -5 -17
E 1017 4 -9 -27
E 1017 5 -12 -36
T 1018 10 0 3 0
E 1018 0 13 39
E 1018 1 10 30
E 1018 2 6 20
T 1019 37 0 3 0
E 1019 3 -6 -19
E 1019 4 -9 -28
E 1019 5 -12 -38
T 1020 6 0 4 0
E 1020 0 14 44
E 1020 1 11 34
E 1020 2 8 24
E 1020 3 5 15
T 1021 37 0 3 0
E 1021 3 -5 -17
E 1021 4 -8 -26
E 1021 5 -12 -36
T 1022 10 0 3 0
E 1022 0 12 37
E 1022 1 9 27
E 1022 2 6 18
T 1023 33 0 4 0
E 1023 0 4 13
E 1023 3 -5 -15
E 1023 4 -8 -25
E 1023 5 -11 -35
T 1024 10 0 3 0
E 1024 0 12 37
E 1024 1 9 27
E 1024 2 6 18
T 1025 41 0 4 0
E 1025 2 -4 -13
E 1025 3 -7 -22
E 1025 4 -10 -32
E 1025 5 -13 -41
T 1026 5 0 4 0
E 1026 0 15 46
E 1026 1 12 37
E 1026 2 9 27
E 1026 3 5 17
T 1027 42 0 4 0
E 1027 2 -5 -15
E 1027 3 -8 -25
E 1027 4 -11 -35
E 1027 5 -14 -44
T 1028 10 0 3 0
E 1028 0 12 37
E 1028 1 9 28
E 1028 2 6 18
T 1029 37 0 3 0
E 1029 3 -6 -19
E 1029 4 -9 -28
E 1029 5 -12 -38
T 1030 11 0 3 0
E 1030 0 13 39
E 1030 1 9 29
E 1030 2 6 19
T 1031 37 0 3 0
E 1031 3 -5 -17
E 1031 4 -8 -26
E 1031 5 -12 -36
T 1032 14 0 4 0
E 1032 0 11 34
E 1032 1 8 24
E 1032 2 5 15
E 1032 5 -4 -14
T 1033 28 0 3 0
E 1033 0 6 18
E 1033 4 -6 -20
E 1033 5 -10 -30
T 1034 20 0 3 0
E 1034 0 9 27
E 1034 1 5 17
E 1034 5 -7 -21
T 1035 23 0 4 0
E 1035 0 8 25
E 1035 1 5 15
E 1035 4 -4 -14
E 1035 5 -7 -23
T 1036 20 0 3 0
E 1036 0 9 29
E 1036 1 6 20
E 1036 5 -6 -19
T 1037 29 0 3 0
E 1037 0 5 17
E 1037 4 -7 -22
E 1037 5 -10 -31
T 1038 19 0 3 0
E 1038 0 9 28
E 1038 1 6 19
E 1038 5 -6 -20
T 1039 28 0 3 0
E 1039 0 7 22
E 1039 4 -5 -16
E 1039 5 -8 -26
T 1040 11 0 3 0
E 1040 0 12 36
E 1040 1 8 26
E 1040 2 5 16
T 1041 37 0 3 0
E 1041 3 -6 -20
E 1041 4 -9 -29
E 1041 5 -13 -39
T 1042 6 0 4 0
E 1042 0 15 45
E 1042 1 11 35
E 1042 2 8 26
E 1042 3 5 16
T 1043 37 0 3 0
E 1043 3 -7 -21
E 1043 4 -10 -31
E 1043 5 -13 -41
T 1044 15 0 4 0
E 1044 0 11 35
E 1044 1 8 25
E 1044 2 5 16
E 1044 5 -4 -13
T 1045 28 0 3 0
E 1045 0 7 22
E 1045 4 -5 -17
E 1045 5 -8 -26
T 1046 25 0 4 0
E 1046 0 7 23
E 1046 1 4 14
E 1046 4 -5 -15
E 1046 5 -8 -25
T 1047 16 0 4 0
E 1047 0 11 33
E 1047 1 7 23
E 1047 2 4 14
E 1047 5 -5 -15
T 1048 37 0 3 0
E 1048 3 -5 -17
E 1048 4 -9 -27
E 1048 5 -12 -37
T 1049 10 0 3 0
E 1049 0 13 40
E 1049 1 10 30
E 1049 2 7 21
T 1050 42 0 4 0
E 1050 2 -4 -14
E 1050 3 -7 -23
E 1050 4 -11 -33
E 1050 5 -14 -42
T 1051 4 0 4 0
E 1051 0 16 48
E 1051 1 13 39
E 1051 2 9 29
E 1051 3 6 19
T 1052 43 0 4 0
E 1052 2 -5 -17
E 1052 3 -9 -27
E 1052 4 -12 -37
E 1052 5 -15 -46
T 1053 6 0 4 0
E 1053 0 14 44
E 1053 1 11 35
E 1053 2 8 25
E 1053 3 5 16
T 1054 37 0 3 0
E 1054 3 -5 -17
E 1054 4 -8 -26
E 1054 5 -12 -36
T 1055 6 0 4 0
E 1055 0 15 45
E 1055 1 11 35
E 1055 2 8 25
E 1055 3 5 16
T 1056 33 0 4 0
E 1056 0 4 13
E 1056 3 -5 -16
E 1056 4 -8 -25
E 1056 5 -11 -35
T 1057 18 0 3 0
E 1057 0 8 26
E 1057 1 6 19
E 1057 5 -6 -19
T 1058 25 0 3 0
E 1058 0 5 16
E 1058 4 -5 -17
E 1058 5 -9 -27
T 1059 14 0 3 0
E 1059 0 6 20
E 1059 1 6 18
E 1059 5 -6 -20
T 1060 24 0 2 0
E 1060 4 -6 -19
E 1060 5 -9 -28
T 1061 5 0 4 0
E 1061 0 7 21
E 1061 1 8 25
E 1061 2 5 15
E 1061 5 -4 -14
T 1062 20 0 2 0
E 1062 4 -6 -18
E 1062 5 -9 -27
T 1063 8 0 3 0
E 1063 0 4 13
E 1063 1 6 19
E 1063 5 -5 -17
T 1064 14 0 2 0
E 1064 4 -5 -16
E 1064 5 -8 -26
T 1065 7 0 4 0
E 1065 0 6 18
E 1065 1 8 24
E 1065 2 7 22
E 1065 3 4 13
T 1066 10 0 2 0
E 1066 4 -4 -14
E 1066 5 -8 -24
T 1067 5 0 2 0
E 1067 2 4 14
E 1067 5 -5 -15
T 1068 0 0 1 0
E 1068 2 5 17
T 1069 3 0 1 0
E 1069 5 -5 -16
T 1070 1 0 1 0
E 1070 5 -5 -15
T 1071 3 0 1 0
E 1071 2 4 13
T 1072 7 0 2 0
E 1072 2 4 14
E 1072 3 5 15
T 1073 5 0 1 0
E 1073 5 -4 -13
T 1074 7 0 0 0
T 1075 6 0 0 0
T 1076 7 0 1 0
E 1076 3 5 16
T 1077 11 0 0 0
T 1078 8 0 0 0
T 1079 14 0 2 0
E 1079 3 5 15
E 1079 4 6 19
T 1080 10 0 1 0
E 1080 0 -5 -15
T 1081 12 0 1 0
E 1081 4 5 17
T 1082 9 0 2 0
E 1082 0 -6 -19
E 1082 1 -4 -13
T 1083 11 0 1 0
E 1083 0 -5 -16
T 1084 12 0 1 0
E 1084 0 -5 -17
T 1085 20 0 2 0
E 1085 4 4 14
E 1085 5 6 18
T 1086 7 0 3 0
E 1086 0 -8 -25
E 1086 1 -6 -19
E 1086 2 -4 -13
T 1087 20 0 2 0
E 1087 4 5 16
E 1087 5 7 22
T 1088 11 0 2 0
E 1088 0 -7 -23
E 1088 1 -5 -17
T 1089 21 0 2 0
E 1089 4 5 15
E 1089 5 7 21
T 1090 9 0 2 0
E 1090 0 -6 -19
E 1090 1 -4 -13
T 1091 23 0 3 0
E 1091 3 4 13
E 1091 4 6 19
E 1091 5 8 25
T 1092 6 0 3 0
E 1092 0 -9 -27
E 1092 1 -7 -21
E 1092 2 -5 -15
T 1093 23 0 3 0
E 1093 3 5 16
E 1093 4 7 22
E 1093 5 9 28
T 1094 8 0 3 0
E 1094 0 -9 -29
E 1094 1 -7 -23
E 1094 2 -5 -17
T 1095 18 0 1 0
E 1095 5 6 18
T 1096 12 0 1 0
E 1096 0 -6 -18
T 1097 16 0 2 0
E 1097 0 -5 -17
E 1097 5 4 13
T 1098 11 0 2 0
E 1098 0 -7 -23
E 1098 1 -5 -17
T 1099 12 0 1 0
E 1099 0 -6 -18
T 1100 20 0 2 0
E 1100 4 5 16
E 1100 5 7 22
T 1101 10 0 2 0
E 1101 0 -7 -22
E 1101 1 -5 -16
T 1102 15 1 2 0
E 1102 0 -5 -15
E 1102 5 5 15
T 1103 9 0 2 0
E 1103 0 -7 -21
E 1103 1 -5 -15
T 1104 15 1 2 0
E 1104 0 -5 -15
E 1104 5 5 15
T 1105 21 0 2 0
E 1105 4 4 13
E 1105 5 6 19
T 1106 11 0 2 0
E 1106 0 -7 -23
E 1106 1 -5 -16
T 1107 15 0 2 0
E 1107 0 -4 -14
E 1107 5 5 17
T 1108 11 0 2 0
E 1108 0 -7 -22
E 1108 1 -4 -14
T 1109 24 0 2 0
E 1109 4 5 15
E 1109 5 7 21
T 1110 9 0 3 0
E 1110 0 -9 -28
E 1110 1 -6 -19
E 1110 2 -4 -13
T 1111 20 0 3 0
E 1111 0 -5 -15
E 1111 4 4 13
E 1111 5 6 19
T 1112 12 0 2 0
E 1112 0 -7 -23
E 1112 1 -4 -14
T 1113 24 0 2 0
E 1113 4 5 17
E 1113 5 7 23
T 1114 11 0 3 0
E 1114 0 -10 -32
E 1114 1 -7 -22
E 1114 2 -4 -14
T 1115 21 0 3 0
E 1115 0 -4 -13
E 1115 4 5 17
E 1115 5 7 23
T 1116 22 0 3 0
E 1116 0 -6 -18
E 1116 4 4 13
E 1116 5 6 19
T 1117 15 0 3 0
E 1117 0 -8 -24
E 1117 1 -5 -15
E 1117 5 4 13
T 1118 23 0 3 0
E 1118 0 -5 -16
E 1118 4 5 16
E 1118 5 7 22
T 1119 17 0 3 0
E 1119 0 -8 -24
E 1119 1 -4 -14
E 1119 5 5 15
T 1120 24 0 3 0
E 1120 0 -6 -18
E 1120 4 5 15
E 1120 5 7 21
T 1121 24 0 3 0
E 1121 0 -7 -21
E 1121 4 4 13
E 1121 5 6 19
T 1122 17 0 3 0
E 1122 0 -8 -26
E 1122 1 -5 -17
E 1122 5 4 14
T 1123 28 0 4 0
E 1123 0 -5 -15
E 1123 3 4 14
E 1123 4 6 20
E 1123 5 8 26
T 1124 14 0 2 0
E 1124 0 -10 -30
E 1124 1 -6 -20
T 1125 34 0 3 0
E 1125 3 6 19
E 1125 4 8 26
E 1125 5 10 32
T 1126 11 0 3 0
E 1126 0 -12 -38
E 1126 1 -9 -28
E 1126 2 -6 -19
T 1127 34 0 3 0
E 1127 3 5 17
E 1127 4 8 26
E 1127 5 10 32
T 1128 11 0 3 0
E 1128 0 -13 -39
E 1128 1 -9 -29
E 1128 2 -6 -20
T 1129 37 0 3 0
E 1129 3 6 18
E 1129 4 9 28
E 1129 5 11 34
T 1130 11 0 3 0
E 1130 0 -12 -38
E 1130 1 -9 -29
E 1130 2 -6 -19
T 1131 32 0 4 0
E 1131 0 -5 -16
E 1131 3 4 13
E 1131 4 7 23
E 1131 5 10 30
T 1132 10 0 3 0
E 1132 0 -13 -39
E 1132 1 -10 -30
E 1132 2 -6 -20
T 1133 33 0 4 0
E 1133 0 -4 -13
E 1133 3 5 16
E 1133 4 8 25
E 1133 5 11 34
T 1134 19 0 3 0
E 1134 0 -10 -31
E 1134 1 -7 -21
E 1134 5 5 17
T 1135 32 0 4 0
E 1135 0 -5 -16
E 1135 3 4 13
E 1135 4 7 22
E 1135 5 10 32
T 1136 19 0 3 0
E 1136 0 -9 -28
E 1136 1 -6 -18
E 1136 5 6 20
T 1137 33 0 4 0
E 1137 0 -4 -14
E 1137 3 4 14
E 1137 4 8 24
E 1137 5 11 34
T 1138 20 0 3 0
E 1138 0 -9 -29
E 1138 1 -6 -19
E 1138 5 6 19
T 1139 20 0 3 0
E 1139 0 -9 -27
E 1139 1 -5 -17
E 1139 5 7 21
T 1140 32 0 4 0
E 1140 0 -5 -16
E 1140 3 4 13
E 1140 4 7 22
E 1140 5 10 32
T 1141 20 0 3 0
E 1141 0 -10 -30
E 1141 1 -6 -20
E 1141 5 6 18
T 1142 23 0 4 0
E 1142 0 -8 -24
E 1142 1 -5 -15
E 1142 4 4 14
E 1142 5 8 24
T 1143 19 0 3 0
E 1143 0 -9 -28
E 1143 1 -6 -18
E 1143 5 6 20
T 1144 20 0 3 0
E 1144 0 -9 -27
E 1144 1 -5 -17
E 1144 5 7 21
T 1145 23 0 4 0
E 1145 0 -8 -25
E 1145 1 -5 -16
E 1145 4 4 13
E 1145 5 7 23
T 1146 29 0 3 0
E 1146 0 -7 -21
E 1146 4 6 18
E 1146 5 9 27
T 1147 19 0 3 0
E 1147 0 -10 -30
E 1147 1 -7 -21
E 1147 5 6 18
T 1148 20 0 3 0
E 1148 0 -9 -27
E 1148 1 -5 -17
E 1148 5 7 21
T 1149 24 0 4 0
E 1149 0 -8 -26
E 1149 1 -5 -16
E 1149 4 4 13
E 1149 5 7 22
T 1150 19 0 3 0
E 1150 0 -10 -31
E 1150 1 -7 -22
E 1150 5 5 17
T 1151 24 0 4 0
E 1151 0 -8 -26
E 1151 1 -5 -16
E 1151 4 4 13
E 1151 5 7 22
T 1152 19 0 3 0
E 1152 0 -10 -30
E 1152 1 -7 -21
E 1152 5 6 18
T 1153 28 0 3 0
E 1153 0 -7 -22
E 1153 4 5 16
E 1153 5 8 26
T 1154 16 0 4 0
E 1154 0 -11 -33
E 1154 1 -7 -23
E 1154 2 -4 -13
E 1154 5 5 15
T 1155 28 0 3 0
E 1155 0 -6 -18
E 1155 4 6 20
E 1155 5 10 30
T 1156 19 0 3 0
E 1156 0 -9 -28
E 1156 1 -6 -18
E 1156 5 6 20
T 1157 28 0 3 0
E 1157 0 -7 -21
E 1157 4 5 17
E 1157 5 9 27
T 1158 15 0 4 0
E 1158 0 -11 -35
E 1158 1 -8 -25
E 1158 2 -5 -16
E 1158 5 4 13
T 1159 33 0 4 0
E 1159 0 -4 -13
E 1159 3 5 16
E 1159 4 8 26
E 1159 5 11 35
T 1160 16 0 4 0
E 1160 0 -10 -32
E 1160 1 -7 -23
E 1160 2 -4 -13
E 1160 5 5 16
T 1161 25 0 4 0
E 1161 0 -8 -24
E 1161 1 -4 -14
E 1161 4 5 15
E 1161 5 8 24
T 1162 25 0 4 0
E 1162 0 -7 -23
E 1162 1 -4 -14
E 1162 4 5 15
E 1162 5 8 25
T 1163 20 0 3 0
E 1163 0 -10 -30
E 1163 1 -6 -20
E 1163 5 6 18
T 1164 20 0 3 0
E 1164 0 -9 -27
E 1164 1 -5 -17
E 1164 5 7 21
T 1165 32 0 4 0
E 1165 0 -5 -16
E 1165 3 4 13
E 1165 4 7 22
E 1165 5 10 32
T 1166 11 0 3 0
E 1166 0 -12 -36
E 1166 1 -8 -26
E 1166 2 -5 -17
T 1167 33 0 4 0
E 1167 0 -4 -14
E 1167 3 4 14
E 1167 4 8 24
E 1167 5 11 34
T 1168 20 0 3 0
E 1168 0 -9 -29
E 1168 1 -6 -19
E 1168 5 6 19
T 1169 19 0 3 0
E 1169 0 -9 -28
E 1169 1 -6 -18
E 1169 5 6 20
T 1170 28 0 3 0
E 1170 0 -7 -21
E 1170 4 5 17
E 1170 5 9 27
T 1171 23 0 4 0
E 1171 0 -8 -25
E 1171 1 -5 -15
E 1171 4 4 14
E 1171 5 7 23
T 1172 28 0 3 0
E 1172 0 -6 -19
E 1172 4 6 19
E 1172 5 9 29
T 1173 19 0 3 0
E 1173 0 -10 -31
E 1173 1 -7 -21
E 1173 5 5 17
T 1174 32 0 4 0
E 1174 0 -5 -16
E 1174 3 4 13
E 1174 4 7 23
E 1174 5 10 32
T 1175 19 0 3 0
E 1175 0 -10 -30
E 1175 1 -7 -21
E 1175 5 6 18
T 1176 29 0 3 0
E 1176 0 -5 -17
E 1176 4 7 22
E 1176 5 10 31
T 1177 16 0 4 0
E 1177 0 -10 -32
E 1177 1 -7 -23
E 1177 2 -4 -13
E 1177 5 5 16
T 1178 24 1 4 0
E 1178 0 -8 -24
E 1178 1 -4 -14
E 1178 4 4 14
E 1178 5 8 24
T 1179 29 0 3 0
E 1179 0 -7 -21
E 1179 4 6 18
E 1179 5 9 27
T 1180 14 0 4 0
E 1180 0 -11 -34
E 1180 1 -8 -25
E 1180 2 -5 -15
E 1180 5 4 14
T 1181 34 0 4 0
E 1181 0 -4 -14
E 1181 3 5 15
E 1181 4 8 25
E 1181 5 11 34
T 1182 20 0 3 0
E 1182 0 -9 -29
E 1182 1 -6 -20
E 1182 5 6 19
T 1183 25 0 4 0
E 1183 0 -7 -23
E 1183 1 -4 -13
E 1183 4 5 15
E 1183 5 8 25
T 1184 25 0 4 0
E 1184 0 -7 -23
E 1184 1 -4 -13
E 1184 4 5 16
E 1184 5 8 25
T 1185 24 0 4 0
E 1185 0 -7 -22
E 1185 1 -4 -13
E 1185 4 5 16
E 1185 5 8 26
T 1186 19 0 3 0
E 1186 0 -10 -31
E 1186 1 -7 -21
E 1186 5 5 17
T 1187 28 0 3 0
E 1187 0 -6 -19
E 1187 4 6 19
E 1187 5 9 29
T 1188 14 0 4 0
E 1188 0 -11 -34
E 1188 1 -8 -24
E 1188 2 -5 -15
E 1188 5 4 14
T 1189 29 0 3 0
E 1189 0 -6 -20
E 1189 4 6 19
E 1189 5 9 28
T 1190 19 0 3 0
E 1190 0 -10 -30
E 1190 1 -7 -21
E 1190 5 6 18
T 1191 32 0 4 0
E 1191 0 -5 -16
E 1191 3 4 13
E 1191 4 7 23
E 1191 5 10 32
T 1192 15 0 4 0
E 1192 0 -11 -33
E 1192 1 -8 -24
E 1192 2 -4 -14
E 1192 5 5 15
T 1193 33 0 4 0
E 1193 0 -4 -13
E 1193 3 5 16
E 1193 4 8 25
E 1193 5 11 35
T 1194 11 0 3 0
E 1194 0 -13 -39
E 1194 1 -9 -29
E 1194 2 -6 -19
T 1195 34 0 4 0
E 1195 0 -4 -14
E 1195 3 5 15
E 1195 4 8 24
E 1195 5 11 34
T 1196 16 0 4 0
E 1196 0 -11 -33
E 1196 1 -7 -23
E 1196 2 -4 -14
E 1196 5 5 15
T 1197 33 0 4 0
E 1197 0 -4 -14
E 1197 3 4 14
E 1197 4 8 24
E 1197 5 11 34
T 1198 20 0 3 0
E 1198 0 -9 -29
E 1198 1 -6 -19
E 1198 5 6 19
T 1199 29 0 3 0
E 1199 0 -5 -17
E 1199 4 7 22
E 1199 5 10 31
T 1200 13 0 3 0
E 1200 0 6 19
E 1200 1 -6 -20
E 1200 5 6 19
T 1201 27 0 2 0
E 1201 1 -9 -29
E 1201 2 -6 -20
T 1202 17 0 3 0
E 1202 0 8 24
E 1202 1 -7 -21
E 1202 5 6 18
T 1203 25 0 4 0
E 1203 0 7 23
E 1203 1 -8 -24
E 1203 2 -5 -15
E 1203 5 4 14
T 1204 30 0 3 0
E 1204 0 8 25
E 1204 1 -8 -26
E 1204 2 -5 -16
T 1205 33 0 3 0
E 1205 0 9 28
E 1205 1 -9 -27
E 1205 2 -5 -17
T 1206 11 0 3 0
E 1206 0 12 38
E 1206 1 9 29
E 1206 5 6 19
T 1207 35 0 4 0
E 1207 0 6 18
E 1207 2 -11 -33
E 1207 3 -8 -24
E 1207 4 -4 -14
T 1208 22 0 3 0
E 1208 0 10 32
E 1208 1 7 23
E 1208 2 -7 -22
T 1209 40 0 4 0
E 1209 0 6 19
E 1209 2 -12 -38
E 1209 3 -9 -29
E 1209 4 -6 -19
T 1210 20 0 4 0
E 1210 0 15 46
E 1210 1 12 36
E 1210 2 -5 -15
E 1210 5 4 14
T 1211 46 0 6 0
E 1211 0 7 22
E 1211 1 4 13
E 1211 2 -14 -42
E 1211 3 -10 -32
E 1211 4 -7 -22
E 1211 5 -4 -13
T 1212 11 0 3 0
E 1212 0 16 48
E 1212 1 12 38
E 1212 2 9 29
T 1213 45 0 4 0
E 1213 0 5 15
E 1213 3 -15 -45
E 1213 4 -12 -36
E 1213 5 -8 -26
T 1214 16 0 4 0
E 1214 0 16 48
E 1214 1 12 38
E 1214 2 9 29
E 1214 3 -5 -16
T 1215 45 0 5 0
E 1215 0 8 24
E 1215 1 4 14
E 1215 3 -14 -43
E 1215 4 -11 -34
E 1215 5 -8 -24
T 1216 17 0 4 0
E 1216 0 16 48
E 1216 1 13 39
E 1216 2 9 29
E 1216 3 -7 -22
T 1217 57 0 4 0
E 1217 0 6 20
E 1217 3 -18 -54
E 1217 4 -14 -44
E 1217 5 -11 -34
T 1218 1 0 4 0
E 1218 0 19 59
E 1218 1 16 50
E 1218 2 13 40
E 1218 3 10 31
T 1219 58 0 4 0
E 1219 2 -6 -19
E 1219 3 -9 -29
E 1219 4 -23 -70
E 1219 5 -20 -61
T 1220 1 0 4 0
E 1220 0 22 66
E 1220 1 18 56
E 1220 2 15 46
E 1220 3 12 37
T 1221 60 0 4 0
E 1221 2 -4 -14
E 1221 3 -8 -24
E 1221 4 -23 -71
E 1221 5 -20 -62
T 1222 7 0 5 0
E 1222 0 20 60
E 1222 1 16 50
E 1222 2 13 41
E 1222 3 10 31
E 1222 4 -6 -20
T 1223 61 0 3 0
E 1223 3 -6 -18
E 1223 4 -24 -73
E 1223 5 -21 -63
T 1224 3 0 6 0
E 1224 0 20 62
E 1224 1 17 52
E 1224 2 14 43
E 1224 3 11 33
E 1224 4 8 24
E 1224 5 -5 -15
T 1225 54 0 4 0
E 1225 2 -6 -19
E 1225 3 -9 -28
E 1225 4 -12 -38
E 1225 5 -26 -79
T 1226 0 0 6 0
E 1226 0 20 61
E 1226 1 17 52
E 1226 2 14 42
E 1226 3 10 32
E 1226 4 7 23
E 1226 5 -7 -22
T 1227 55 0 4 0
E 1227 2 -5 -15
E 1227 3 -8 -25
E 1227 4 -11 -35
E 1227 5 -27 -82
T 1228 4 0 6 0
E 1228 0 19 59
E 1228 1 16 50
E 1228 2 13 40
E 1228 3 10 31
E 1228 4 7 21
E 1228 5 -10 -30
T 1229 58 0 4 0
E 1229 2 -5 -17
E 1229 3 -9 -27
E 1229 4 -12 -36
E 1229 5 -30 -91
T 1230 16 0 6 0
E 1230 0 22 66
E 1230 1 18 56
E 1230 2 15 46
E 1230 3 12 37
E 1230 4 9 27
E 1230 5 6 18
T 1231 59 0 6 0
E 1231 0 -4 -13
E 1231 1 -7 -22
E 1231 2 -10 -32
E 1231 3 -14 -42
E 1231 4 -17 -51
E 1231 5 -20 -61
T 1232 5 0 5 0
E 1232 0 19 59
E 1232 1 16 49
E 1232 2 13 40
E 1232 3 10 30
E 1232 4 6 20
T 1233 51 0 5 0
E 1233 1 -5 -17
E 1233 2 -9 -27
E 1233 3 -12 -36
E 1233 4 -15 -46
E 1233 5 -18 -56
T 1234 0 0 5 0
E 1234 0 17 51
E 1234 1 13 41
E 1234 2 10 32
E 1234 3 7 22
E 1234 4 4 13
T 1235 43 0 4 0
E 1235 2 -5 -17
E 1235 3 -8 -26
E 1235 4 -12 -36
E 1235 5 -15 -45
T 1236 5 0 4 0
E 1236 0 15 47
E 1236 1 12 38
E 1236 2 9 28
E 1236 3 6 18
T 1237 37 0 3 0
E 1237 3 -6 -19
E 1237 4 -9 -29
E 1237 5 -12 -38
T 1238 7 0 4 0
E 1238 0 13 41
E 1238 1 10 32
E 1238 2 7 22
E 1238 3 4 13
T 1239 33 0 4 0
E 1239 0 4 13
E 1239 3 -5 -16
E 1239 4 -8 -25
E 1239 5 -11 -35
T 1240 15 0 4 0
E 1240 0 11 35
E 1240 1 8 25
E 1240 2 5 15
E 1240 5 -4 -13
T 1241 28 0 3 0
E 1241 0 6 19
E 1241 4 -6 -19
E 1241 5 -9 -29
T 1242 14 0 4 0
E 1242 0 11 34
E 1242 1 8 24
E 1242 2 5 15
E 1242 5 -4 -14
T 1243 28 0 3 0
E 1243 0 6 18
E 1243 4 -6 -20
E 1243 5 -10 -30
T 1244 23 0 4 0
E 1244 0 8 25
E 1244 1 5 15
E 1244 4 -4 -13
E 1244 5 -7 -23
T 1245 20 0 3 0
E 1245 0 9 29
E 1245 1 6 19
E 1245 5 -6 -19
T 1246 28 0 3 0
E 1246 0 6 18
E 1246 4 -6 -20
E 1246 5 -10 -30
T 1247 20 0 3 0
E 1247 0 9 27
E 1247 1 5 17
E 1247 5 -7 -21
T 1248 32 0 4 0
E 1248 0 5 15
E 1248 3 -4 -13
E 1248 4 -7 -23
E 1248 5 -11 -33
T 1249 14 0 4 0
E 1249 0 11 34
E 1249 1 8 24
E 1249 2 5 15
E 1249 5 -4 -14
T 1250 29 0 3 0
E 1250 0 6 20
E 1250 4 -6 -19
E 1250 5 -9 -28
T 1251 19 0 3 0
E 1251 0 9 28
E 1251 1 6 19
E 1251 5 -6 -20
T 1252 25 0 4 0
E 1252 0 7 23
E 1252 1 4 13
E 1252 4 -5 -16
E 1252 5 -8 -25
T 1253 19 0 3 0
E 1253 0 10 30
E 1253 1 7 21
E 1253 5 -6 -18
T 1254 32 0 4 0
E 1254 0 5 15
E 1254 3 -4 -14
E 1254 4 -7 -23
E 1254 5 -11 -33
T 1255 15 0 4 0
E 1255 0 11 35
E 1255 1 8 25
E 1255 2 5 15
E 1255 5 -4 -13
T 1256 38 0 3 0
E 1256 3 -6 -18
E 1256 4 -9 -27
E 1256 5 -12 -37
T 1257 7 0 4 0
E 1257 0 14 42
E 1257 1 10 32
E 1257 2 7 23
E 1257 3 4 13
T 1258 37 0 3 0
E 1258 3 -5 -16
E 1258 4 -8 -26
E 1258 5 -12 -36
T 1259 6 0 4 0
E 1259 0 14 44
E 1259 1 11 34
E 1259 2 8 25
E 1259 3 5 15
T 1260 34 0 4 0
E 1260 0 4 14
E 1260 3 -5 -15
E 1260 4 -8 -25
E 1260 5 -11 -34
T 1261 10 0 3 0
E 1261 0 13 39
E 1261 1 10 30
E 1261 2 6 20
T 1262 34 0 4 0
E 1262 0 4 14
E 1262 3 -5 -15
E 1262 4 -8 -25
E 1262 5 -11 -34
T 1263 15 0 4 0
E 1263 0 11 35
E 1263 1 8 26
E 1263 2 5 16
E 1263 5 -4 -13
T 1264 25 0 4 0
E 1264 0 7 23
E 1264 1 4 13
E 1264 4 -5 -15
E 1264 5 -8 -25
T 1265 19 0 3 0
E 1265 0 10 31
E 1265 1 7 21
E 1265 5 -5 -17
T 1266 29 0 3 0
E 1266 0 6 20
E 1266 4 -6 -18
E 1266 5 -9 -28
T 1267 23 0 4 0
E 1267 0 8 25
E 1267 1 5 15
E 1267 4 -4 -14
E 1267 5 -7 -23
T 1268 20 0 3 0
E 1268 0 8 26
E 1268 1 5 17
E 1268 5 -7 -22
T 1269 23 0 4 0
E 1269 0 8 25
E 1269 1 5 15
E 1269 4 -4 -13
E 1269 5 -7 -23
T 1270 29 0 3 0
E 1270 0 7 21
E 1270 4 -6 -18
E 1270 5 -9 -27
T 1271 19 0 3 0
E 1271 0 9 28
E 1271 1 6 19
E 1271 5 -6 -20
T 1272 25 0 4 0
E 1272 0 7 23
E 1272 1 4 13
E 1272 4 -5 -16
E 1272 5 -8 -25
T 1273 16 0 4 0
E 1273 0 10 32
E 1273 1 7 23
E 1273 2 4 13
E 1273 5 -5 -16
T 1274 24 1 4 0
E 1274 0 8 24
E 1274 1 4 14
E 1274 4 -4 -14
E 1274 5 -8 -24
T 1275 29 0 3 0
E 1275 0 6 20
E 1275 4 -6 -19
E 1275 5 -9 -28
T 1276 19 0 3 0
E 1276 0 9 27
E 1276 1 6 18
E 1276 5 -7 -21
T 1277 29 0 3 0
E 1277 0 6 20
E 1277 4 -6 -19
E 1277 5 -9 -28
T 1278 19 0 3 0
E 1278 0 10 31
E 1278 1 7 22
E 1278 5 -5 -17
T 1279 23 0 4 0
E 1279 0 8 25
E 1279 1 5 15
E 1279 4 -4 -13
E 1279 5 -7 -23
T 1280 24 0 4 0
E 1280 0 8 26
E 1280 1 5 16
E 1280 4 -4 -13
E 1280 5 -7 -22
T 1281 28 0 3 0
E 1281 0 6 19
E 1281 4 -6 -19
E 1281 5 -9 -29
T 1282 19 0 3 0
E 1282 0 10 31
E 1282 1 7 21
E 1282 5 -5 -17
T 1283 33 0 4 0
E 1283 0 4 14
E 1283 3 -4 -14
E 1283 4 -8 -24
E 1283 5 -11 -34
T 1284 19 0 3 0
E 1284 0 10 31
E 1284 1 7 21
E 1284 5 -5 -17
T 1285 29 0 3 0
E 1285 0 6 18
E 1285 4 -7 -21
E 1285 5 -10 -30
T 1286 20 0 3 0
E 1286 0 9 29
E 1286 1 6 20
E 1286 5 -6 -19
T 1287 20 0 3 0
E 1287 0 9 27
E 1287 1 5 17
E 1287 5 -7 -21
T 1288 23 0 4 0
E 1288 0 8 24
E 1288 1 5 15
E 1288 4 -4 -14
E 1288 5 -8 -24
T 1289 29 0 3 0
E 1289 0 6 20
E 1289 4 -6 -18
E 1289 5 -9 -28
T 1290 15 0 4 0
E 1290 0 11 35
E 1290 1 8 25
E 1290 2 5 15
E 1290 5 -4 -13
T 1291 37 0 3 0
E 1291 3 -6 -19
E 1291 4 -9 -28
E 1291 5 -12 -38
T 1292 11 0 3 0
E 1292 0 13 41
E 1292 1 10 31
E 1292 2 7 22
T 1293 37 0 3 0
E 1293 3 -7 -21
E 1293 4 -10 -31
E 1293 5 -13 -41
T 1294 11 0 3 0
E 1294 0 13 39
E 1294 1 9 29
E 1294 2 6 20
T 1295 38 0 3 0
E 1295 3 -6 -18
E 1295 4 -9 -28
E 1295 5 -12 -37
T 1296 15 0 4 0
E 1296 0 11 35
E 1296 1 8 26
E 1296 2 5 16
E 1296 5 -4 -13
T 1297 27 0 3 0
E 1297 0 5 15
E 1297 4 -7 -21
E 1297 5 -10 -30
T 1298 16 0 3 0
E 1298 0 8 24
E 1298 1 6 20
E 1298 5 -6 -19
T 1299 23 0 3 0
E 1299 0 4 14
E 1299 4 -5 -16
E 1299 5 -8 -26
T 1300 4 0 3 0
E 1300 0 8 26
E 1300 1 9 27
E 1300 2 5 17
T 1301 21 0 2 0
E 1301 4 -6 -19
E 1301 5 -9 -29
T 1302 0 0 3 0
E 1302 0 8 25
E 1302 1 10 31
E 1302 2 7 22
T 1303 19 0 3 0
E 1303 3 -4 -14
E 1303 4 -8 -24
E 1303 5 -11 -34
T 1304 6 0 4 0
E 1304 0 7 21
E 1304 1 9 27
E 1304 2 7 23
E 1304 3 4 13
T 1305 12 0 2 0
E 1305 4 -5 -16
E 1305 5 -8 -25
T 1306 0 0 2 0
E 1306 1 6 18
E 1306 2 6 19
T 1307 8 0 2 0
E 1307 4 -4 -13
E 1307 5 -7 -22
T 1308 7 0 3 0
E 1308 1 6 18
E 1308 2 8 24
E 1308 3 5 15
T 1309 1 0 1 0
E 1309 5 -6 -19
T 1310 3 0 1 0
E 1310 2 4 13
T 1311 2 0 0 0
T 1312 4 0 1 0
E 1312 3 4 13
T 1313 6 0 1 0
E 1313 3 4 14
T 1314 11 0 0 0
T 1315 7 0 0 0
T 1316 12 0 0 0
T 1317 9 0 2 0
E 1317 0 -6 -19
E 1317 1 -4 -13
T 1318 12 0 0 0
T 1319 10 0 0 0
T 1320 13 0 1 0
E 1320 4 5 16
T 1321 9 0 1 0
E 1321 0 -4 -13
T 1322 11 0 1 0
E 1322 0 -5 -16
T 1323 14 0 1 0
E 1323 4 4 14
T 1324 11 0 1 0
E 1324 0 -5 -16
T 1325 14 0 2 0
E 1325 0 -5 -15
E 1325 5 4 13
T 1326 10 0 2 0
E 1326 0 -6 -20
E 1326 1 -4 -14
T 1327 20 0 2 0
E 1327 4 5 16
E 1327 5 7 22
T 1328 15 1 2 0
E 1328 0 -5 -15
E 1328 5 5 15
T 1329 10 0 2 0
E 1329 0 -6 -20
E 1329 1 -4 -14
T 1330 18 0 1 0
E 1330 5 6 18
T 1331 15 0 2 0
E 1331 0 -4 -14
E 1331 5 5 16
T 1332 14 0 2 0
E 1332 0 -4 -13
E 1332 5 5 17
T 1333 15 0 2 0
E 1333 0 -4 -14
E 1333 5 5 16
T 1334 15 0 2 0
E 1334 0 -4 -14
E 1334 5 5 16
T 1335 9 0 2 0
E 1335 0 -7 -21
E 1335 1 -5 -15
T 1336 19 0 2 0
E 1336 4 5 17
E 1336 5 7 23
T 1337 12 0 1 0
E 1337 0 -6 -18
T 1338 18 0 1 0
E 1338 5 6 18
T 1339 15 0 2 0
E 1339 0 -4 -14
E 1339 5 5 16
T 1340 14 0 2 0
E 1340 0 -4 -13
E 1340 5 5 17
T 1341 9 0 2 0
E 1341 0 -7 -21
E 1341 1 -5 -15
T 1342 14 0 2 0
E 1342 0 -4 -13
E 1342 5 5 17
T 1343 21 0 2 0
E 1343 4 5 15
E 1343 5 7 21
T 1344 16 0 2 0
E 1344 0 -5 -17
E 1344 5 4 13
T 1345 9 0 2 0
E 1345 0 -6 -19
E 1345 1 -4 -13
T 1346 20 0 2 0
E 1346 4 5 17
E 1346 5 7 23
T 1347 8 0 3 0
E 1347 0 -8 -26
E 1347 1 -6 -19
E 1347 2 -4 -13
T 1348 25 0 3 0
E 1348 3 5 16
E 1348 4 7 22
E 1348 5 9 28
T 1349 10 0 3 0
E 1349 0 -9 -29
E 1349 1 -6 -20
E 1349 2 -4 -14
T 1350 19 0 3 0
E 1350 0 -4 -13
E 1350 4 4 14
E 1350 5 6 20
T 1351 13 0 2 0
E 1351 0 -9 -27
E 1351 1 -5 -17
T 1352 17 0 2 0
E 1352 0 -5 -16
E 1352 5 6 18
T 1353 12 0 2 0
E 1353 0 -8 -24
E 1353 1 -4 -14
T 1354 29 0 3 0
E 1354 3 4 13
E 1354 4 6 19
E 1354 5 8 25
T 1355 13 0 2 0
E 1355 0 -8 -26
E 1355 1 -5 -17
T 1356 30 0 3 0
E 1356 3 4 13
E 1356 4 6 19
E 1356 5 8 25
T 1357 13 0 2 0
E 1357 0 -8 -26
E 1357 1 -5 -17
T 1358 20 1 2 0
E 1358 0 -6 -20
E 1358 5 6 18
T 1359 23 0 3 0
E 1359 0 -5 -16
E 1359 4 5 17
E 1359 5 7 23
T 1360 24 0 3 0
E 1360 0 -6 -20
E 1360 4 4 13
E 1360 5 6 19
T 1361 17 0 3 0
E 1361 0 -8 -24
E 1361 1 -4 -14
E 1361 5 5 16
T 1362 17 0 3 0
E 1362 0 -7 -22
E 1362 1 -4 -13
E 1362 5 6 18
T 1363 29 0 4 0
E 1363 0 -5 -16
E 1363 3 4 13
E 1363 4 6 19
E 1363 5 8 25
T 1364 11 0 3 0
E 1364 0 -12 -37
E 1364 1 -9 -27
E 1364 2 -5 -17
T 1365 35 0 3 0
E 1365 3 6 18
E 1365 4 8 25
E 1365 5 10 31
T 1366 11 0 3 0
E 1366 0 -13 -39
E 1366 1 -9 -29
E 1366 2 -6 -20
T 1367 27 0 3 0
E 1367 0 -5 -16
E 1367 4 7 21
E 1367 5 9 27
T 1368 11 0 3 0
E 1368 0 -10 -32
E 1368 1 -7 -22
E 1368 2 -4 -13
T 1369 37 0 3 0
E 1369 3 6 20
E 1369 4 10 30
E 1369 5 12 36
T 1370 15 0 4 0
E 1370 0 -10 -32
E 1370 1 -7 -23
E 1370 2 -4 -13
E 1370 5 4 13
T 1371 37 0 3 0
E 1371 3 5 17
E 1371 4 9 27
E 1371 5 11 34
T 1372 10 0 3 0
E 1372 0 -11 -34
E 1372 1 -8 -25
E 1372 2 -5 -15
T 1373 37 0 3 0
E 1373 3 6 19
E 1373 4 9 28
E 1373 5 12 37
T 1374 6 0 4 0
E 1374 0 -15 -45
E 1374 1 -11 -35
E 1374 2 -8 -25
E 1374 3 -5 -16
T 1375 37 0 3 0
E 1375 3 6 20
E 1375 4 9 29
E 1375 5 13 39
T 1376 14 0 4 0
E 1376 0 -11 -34
E 1376 1 -8 -24
E 1376 2 -5 -15
E 1376 5 4 14
T 1377 28 0 3 0
E 1377 0 -7 -21
E 1377 4 5 17
E 1377 5 9 27
T 1378 14 0 4 0
E 1378 0 -11 -34
E 1378 1 -8 -24
E 1378 2 -5 -15
E 1378 5 4 14
T 1379 29 0 3 0
E 1379 0 -6 -18
E 1379 4 7 21
E 1379 5 10 30
T 1380 10 0 3 0
E 1380 0 -12 -36
E 1380 1 -9 -27
E 1380 2 -5 -17
T 1381 38 0 3 0
E 1381 3 6 18
E 1381 4 9 28
E 1381 5 12 37
T 1382 10 0 3 0
E 1382 0 -13 -40
E 1382 1 -10 -31
E 1382 2 -7 -21
T 1383 37 0 3 0
E 1383 3 5 17
E 1383 4 8 26
E 1383 5 12 36
T 1384 11 0 3 0
E 1384 0 -13 -40
E 1384 1 -10 -30
E 1384 2 -6 -20
T 1385 37 0 3 0
E 1385 3 7 22
E 1385 4 10 31
E 1385 5 13 41
T 1386 15 0 4 0
E 1386 0 -11 -35
E 1386 1 -8 -25
E 1386 2 -5 -16
E 1386 5 4 13
T 1387 37 0 3 0
E 1387 3 5 17
E 1387 4 9 27
E 1387 5 12 37
T 1388 10 0 3 0
E 1388 0 -13 -40
E 1388 1 -10 -30
E 1388 2 -7 -21
T 1389 38 0 3 0
E 1389 3 6 20
E 1389 4 10 30
E 1389 5 13 39
T 1390 15 0 4 0
E 1390 0 -11 -33
E 1390 1 -8 -24
E 1390 2 -4 -14
E 1390 5 5 15
T 1391 29 0 3 0
E 1391 0 -6 -20
E 1391 4 6 19
E 1391 5 9 28
T 1392 10 0 3 0
E 1392 0 -12 -36
E 1392 1 -9 -27
E 1392 2 -5 -17
T 1393 33 0 4 0
E 1393 0 -4 -13
E 1393 3 5 16
E 1393 4 8 25
E 1393 5 11 35
T 1394 15 0 4 0
E 1394 0 -11 -35
E 1394 1 -8 -25
E 1394 2 -5 -15
E 1394 5 4 13
T 1395 34 0 4 0
E 1395 0 -4 -14
E 1395 3 5 15
E 1395 4 8 24
E 1395 5 11 34
T 1396 14 0 4 0
E 1396 0 -11 -34
E 1396 1 -8 -24
E 1396 2 -5 -15
E 1396 5 4 14
T 1397 29 0 3 0
E 1397 0 -5 -17
E 1397 4 7 21
E 1397 5 10 31
T 1398 20 0 3 0
E 1398 0 -9 -29
E 1398 1 -6 -19
E 1398 5 6 19
T 1399 28 0 3 0
E 1399 0 -6 -19
E 1399 4 6 20
E 1399 5 9 29
T 1400 16 0 4 0
E 1400 0 -10 -32
E 1400 1 -7 -23
E 1400 2 -4 -13
E 1400 5 5 16
T 1401 28 0 3 0
E 1401 0 -6 -19
E 1401 4 6 20
E 1401 5 9 29
T 1402 19 0 3 0
E 1402 0 -10 -30
E 1402 1 -7 -21
E 1402 5 6 18
T 1403 29 0 3 0
E 1403 0 -6 -20
E 1403 4 6 18
E 1403 5 9 28
T 1404 20 0 3 0
E 1404 0 -9 -27
E 1404 1 -5 -17
E 1404 5 7 21
T 1405 28 0 3 0
E 1405 0 -7 -21
E 1405 4 5 17
E 1405 5 9 27
T 1406 20 0 3 0
E 1406 0 -9 -29
E 1406 1 -6 -19
E 1406 5 6 19
T 1407 28 0 3 0
E 1407 0 -7 -21
E 1407 4 5 17
E 1407 5 9 27
T 1408 14 0 4 0
E 1408 0 -11 -34
E 1408 1 -8 -24
E 1408 2 -5 -15
E 1408 5 4 14
T 1409 32 0 4 0
E 1409 0 -5 -16
E 1409 3 4 13
E 1409 4 7 23
E 1409 5 10 32
T 1410 20 0 3 0
E 1410 0 -9 -29
E 1410 1 -6 -20
E 1410 5 6 19
T 1411 29 0 3 0
E 1411 0 -6 -18
E 1411 4 7 21
E 1411 5 10 30
T 1412 15 0 4 0
E 1412 0 -11 -35
E 1412 1 -8 -26
E 1412 2 -5 -16
E 1412 5 4 13
T 1413 29 0 3 0
E 1413 0 -6 -20
E 1413 4 6 18
E 1413 5 9 28
T 1414 20 0 3 0
E 1414 0 -10 -30
E 1414 1 -6 -20
E 1414 5 6 18
T 1415 32 0 4 0
E 1415 0 -5 -16
E 1415 3 4 13
E 1415 4 7 22
E 1415 5 10 32
T 1416 10 0 3 0
E 1416 0 -12 -37
E 1416 1 -9 -27
E 1416 2 -6 -18
T 1417 37 0 3 0
E 1417 3 5 16
E 1417 4 8 26
E 1417 5 12 36
T 1418 15 0 4 0
E 1418 0 -11 -35
E 1418 1 -8 -25
E 1418 2 -5 -16
E 1418 5 4 13
T 1419 38 0 3 0
E 1419 3 6 18
E 1419 4 9 28
E 1419 5 12 37
T 1420 5 0 4 0
E 1420 0 -15 -45
E 1420 1 -12 -36
E 1420 2 -8 -26
E 1420 3 -5 -16
T 1421 42 0 4 0
E 1421 2 4 13
E 1421 3 7 23
E 1421 4 11 33
E 1421 5 14 42
T 1422 6 0 4 0
E 1422 0 -14 -44
E 1422 1 -11 -35
E 1422 2 -8 -25
E 1422 3 -5 -16
T 1423 42 0 4 0
E 1423 2 5 15
E 1423 3 8 25
E 1423 4 11 34
E 1423 5 14 44
T 1424 5 0 4 0
E 1424 0 -16 -49
E 1424 1 -13 -39
E 1424 2 -9 -29
E 1424 3 -6 -20
T 1425 43 0 4 0
E 1425 2 6 19
E 1425 3 9 29
E 1425 4 12 38
E 1425 5 16 48
T 1426 4 0 4 0
E 1426 0 -16 -50
E 1426 1 -13 -40
E 1426 2 -10 -31
E 1426 3 -7 -21
T 1427 41 0 4 0
E 1427 2 4 14
E 1427 3 7 23
E 1427 4 11 33
E 1427 5 14 43
T 1428 7 0 4 0
E 1428 0 -14 -42
E 1428 1 -10 -32
E 1428 2 -7 -23
E 1428 3 -4 -13
T 1429 38 0 3 0
E 1429 3 6 20
E 1429 4 10 30
E 1429 5 13 39
T 1430 14 0 4 0
E 1430 0 -11 -34
E 1430 1 -8 -25
E 1430 2 -5 -15
E 1430 5 4 14
T 1431 33 0 4 0
E 1431 0 -5 -15
E 1431 3 4 14
E 1431 4 8 24
E 1431 5 11 33
T 1432 15 0 4 0
E 1432 0 -11 -33
E 1432 1 -8 -24
E 1432 2 -4 -14
E 1432 5 5 15
T 1433 32 0 4 0
E 1433 0 -5 -16
E 1433 3 4 13
E 1433 4 7 22
E 1433 5 10 32
T 1434 20 0 3 0
E 1434 0 -10 -30
E 1434 1 -6 -20
E 1434 5 6 18
T 1435 32 0 4 0
E 1435 0 -5 -16
E 1435 3 4 13
E 1435 4 7 22
E 1435 5 10 32
T 1436 11 0 3 0
E 1436 0 -13 -39
E 1436 1 -9 -29
E 1436 2 -6 -20
T 1437 29 0 3 0
E 1437 0 -5 -17
E 1437 4 7 21
E 1437 5 10 31
T 1438 20 0 3 0
E 1438 0 -10 -30
E 1438 1 -6 -20
E 1438 5 6 18
T 1439 29 0 3 0
E 1439 0 -5 -17
E 1439 4 7 22
E 1439 5 10 31
T 1440 13 0 3 0
E 1440 0 7 21
E 1440 1 -6 -18
E 1440 5 7 21
T 1441 27 0 2 0
E 1441 1 -10 -31
E 1441 2 -7 -22
T 1442 17 0 3 0
E 1442 0 8 25
E 1442 1 -6 -20
E 1442 5 6 19
T 1443 24 0 4 0
E 1443 0 7 22
E 1443 1 -8 -25
E 1443 2 -5 -16
E 1443 5 4 13
T 1444 25 0 4 0
E 1444 0 9 28
E 1444 1 -7 -23
E 1444 2 -4 -13
E 1444 5 5 15
T 1445 29 0 4 0
E 1445 0 10 30
E 1445 1 -8 -25
E 1445 2 -5 -15
E 1445 5 4 14
T 1446 16 0 4 0
E 1446 0 10 32
E 1446 1 7 23
E 1446 2 -5 -16
E 1446 5 4 13
T 1447 36 0 4 0
E 1447 0 5 17
E 1447 2 -11 -34
E 1447 3 -8 -25
E 1447 4 -5 -15
T 1448 17 0 4 0
E 1448 0 13 39
E 1448 1 10 30
E 1448 2 -5 -15
E 1448 5 4 14
T 1449 40 0 4 0
E 1449 0 7 21
E 1449 2 -12 -36
E 1449 3 -9 -27
E 1449 4 -5 -17
T 1450 20 0 4 0
E 1450 0 15 46
E 1450 1 12 36
E 1450 2 -5 -15
E 1450 5 4 14
T 1451 50 0 5 0
E 1451 0 7 21
E 1451 2 -14 -43
E 1451 3 -11 -33
E 1451 4 -7 -23
E 1451 5 -4 -14
T 1452 11 0 3 0
E 1452 0 16 50
E 1452 1 13 40
E 1452 2 10 31
T 1453 44 0 4 0
E 1453 0 6 18
E 1453 3 -14 -42
E 1453 4 -11 -33
E 1453 5 -7 -23
T 1454 17 0 4 0
E 1454 0 14 43
E 1454 1 11 33
E 1454 2 8 24
E 1454 3 -7 -21
T 1455 51 0 4 0
E 1455 0 5 17
E 1455 3 -16 -50
E 1455 4 -13 -41
E 1455 5 -10 -31
T 1456 16 0 4 0
E 1456 0 17 51
E 1456 1 14 42
E 1456 2 10 32
E 1456 3 -6 -19
T 1457 57 0 4 0
E 1457 0 6 18
E 1457 3 -18 -56
E 1457 4 -15 -46
E 1457 5 -12 -36
T 1458 1 0 4 0
E 1458 0 21 63
E 1458 1 18 54
E 1458 2 14 44
E 1458 3 11 35
T 1459 57 0 4 0
E 1459 2 -5 -16
E 1459 3 -8 -26
E 1459 4 -22 -67
E 1459 5 -19 -58
T 1460 6 0 5 0
E 1460 0 19 59
E 1460 1 16 49
E 1460 2 13 39
E 1460 3 10 30
E 1460 4 -5 -15
T 1461 56 0 3 0
E 1461 3 -7 -21
E 1461 4 -22 -68
E 1461 5 -19 -59
T 1462 5 0 5 0
E 1462 0 21 63
E 1462 1 17 53
E 1462 2 14 44
E 1462 3 11 34
E 1462 4 -5 -17
T 1463 60 0 3 0
E 1463 3 -6 -20
E 1463 4 -25 -75
E 1463 5 -21 -65
T 1464 3 0 6 0
E 1464 0 18 56
E 1464 1 15 46
E 1464 2 12 37
E 1464 3 9 27
E 1464 4 6 18
E 1464 5 -7 -21
T 1465 48 0 3 0
E 1465 3 -6 -19
E 1465 4 -9 -29
E 1465 5 -23 -70
T 1466 15 0 5 0
E 1466 0 16 49
E 1466 1 13 40
E 1466 2 10 30
E 1466 3 6 20
E 1466 5 -11 -34
T 1467 45 0 4 0
E 1467 0 5 16
E 1467 3 -4 -13
E 1467 4 -7 -23
E 1467 5 -23 -70
T 1468 21 0 5 0
E 1468 0 14 42
E 1468 1 11 33
E 1468 2 7 23
E 1468 3 4 14
E 1468 5 -15 -47
T 1469 39 0 4 0
E 1469 0 8 24
E 1469 1 4 14
E 1469 4 -4 -14
E 1469 5 -23 -69
T 1470 6 0 4 0
E 1470 0 15 46
E 1470 1 12 36
E 1470 2 8 26
E 1470 3 5 17
T 1471 37 0 3 0
E 1471 3 -6 -19
E 1471 4 -9 -28
E 1471 5 -12 -38
T 1472 15 0 4 0
E 1472 0 11 35
E 1472 1 8 25
E 1472 2 5 16
E 1472 5 -4 -13
T 1473 29 0 3 0
E 1473 0 5 17
E 1473 4 -7 -21
E 1473 5 -10 -31
T 1474 20 0 3 0
E 1474 0 10 30
E 1474 1 6 20
E 1474 5 -6 -18
T 1475 25 0 4 0
E 1475 0 8 24
E 1475 1 4 14
E 1475 4 -5 -15
E 1475 5 -8 -24
T 1476 23 0 4 0
E 1476 0 8 25
E 1476 1 5 16
E 1476 4 -4 -13
E 1476 5 -7 -23
T 1477 29 0 3 0
E 1477 0 6 20
E 1477 4 -6 -19
E 1477 5 -9 -28
T 1478 14 0 4 0
E 1478 0 11 34
E 1478 1 8 25
E 1478 2 5 15
E 1478 5 -4 -14
T 1479 33 0 4 0
E 1479 0 4 13
E 1479 3 -5 -16
E 1479 4 -8 -25
E 1479 5 -11 -35
T 1480 20 0 3 0
E 1480 0 10 32
E 1480 1 7 22
E 1480 5 -5 -16
T 1481 20 0 3 0
E 1481 0 8 26
E 1481 1 5 17
E 1481 5 -7 -22
T 1482 28 0 3 0
E 1482 0 7 22
E 1482 4 -5 -17
E 1482 5 -8 -26
T 1483 19 0 3 0
E 1483 0 9 28
E 1483 1 6 19
E 1483 5 -6 -20
T 1484 28 0 3 0
E 1484 0 6 18
E 1484 4 -6 -20
E 1484 5 -10 -30
T 1485 20 0 3 0
E 1485 0 9 29
E 1485 1 6 19
E 1485 5 -6 -19
T 1486 29 0 3 0
E 1486 0 6 20
E 1486 4 -6 -18
E 1486 5 -9 -28
T 1487 20 0 3 0
E 1487 0 10 30
E 1487 1 6 20
E 1487 5 -6 -18
T 1488 19 0 3 0
E 1488 0 9 27
E 1488 1 6 18
E 1488 5 -7 -21
T 1489 23 0 4 0
E 1489 0 8 25
E 1489 1 5 15
E 1489 4 -4 -13
E 1489 5 -7 -23
T 1490 24 0 4 0
E 1490 0 8 26
E 1490 1 5 16
E 1490 4 -4 -13
E 1490 5 -7 -22
T 1491 25 0 4 0
E 1491 0 7 23
E 1491 1 4 14
E 1491 4 -5 -15
E 1491 5 -8 -25
T 1492 20 0 3 0
E 1492 0 9 27
E 1492 1 5 17
E 1492 5 -7 -21
T 1493 23 0 4 0
E 1493 0 8 25
E 1493 1 5 16
E 1493 4 -4 -13
E 1493 5 -7 -23
T 1494 20 0 3 0
E 1494 0 9 27
E 1494 1 5 17
E 1494 5 -7 -21
T 1495 28 0 3 0
E 1495 0 7 22
E 1495 4 -5 -17
E 1495 5 -8 -26
T 1496 19 0 3 0
E 1496 0 10 30
E 1496 1 7 21
E 1496 5 -6 -18
T 1497 29 0 3 0
E 1497 0 5 17
E 1497 4 -7 -22
E 1497 5 -10 -31
T 1498 19 0 3 0
E 1498 0 9 27
E 1498 1 6 18
E 1498 5 -7 -21
T 1499 25 0 4 0
E 1499 0 7 23
E 1499 1 4 13
E 1499 4 -5 -15
E 1499 5 -8 -25
T 1500 19 0 3 0
E 1500 0 10 31
E 1500 1 7 21
E 1500 5 -5 -17
T 1501 34 0 4 0
E 1501 0 4 14
E 1501 3 -5 -15
E 1501 4 -8 -24
E 1501 5 -11 -34
T 1502 14 0 4 0
E 1502 0 11 34
E 1502 1 8 24
E 1502 2 5 15
E 1502 5 -4 -14
T 1503 37 0 3 0
E 1503 3 -6 -19
E 1503 4 -9 -29
E 1503 5 -13 -39
T 1504 7 0 4 0
E 1504 0 14 42
E 1504 1 10 32
E 1504 2 7 23
E 1504 3 4 13
T 1505 34 0 4 0
E 1505 0 4 14
E 1505 3 -5 -15
E 1505 4 -8 -25
E 1505 5 -11 -34
T 1506 11 0 3 0
E 1506 0 13 41
E 1506 1 10 32
E 1506 2 7 22
T 1507 29 0 3 0
E 1507 0 5 17
E 1507 4 -7 -22
E 1507 5 -10 -31
T 1508 19 0 3 0
E 1508 0 9 27
E 1508 1 6 18
E 1508 5 -7 -21
T 1509 29 0 3 0
E 1509 0 5 17
E 1509 4 -7 -21
E 1509 5 -10 -31
T 1510 20 0 3 0
E 1510 0 9 29
E 1510 1 6 19
E 1510 5 -6 -19
T 1511 28 0 3 0
E 1511 0 7 21
E 1511 4 -5 -17
E 1511 5 -9 -27
T 1512 11 0 3 0
E 1512 0 12 36
E 1512 1 8 26
E 1512 2 5 17
T 1513 37 0 3 0
E 1513 3 -5 -16
E 1513 4 -8 -26
E 1513 5 -12 -36
T 1514 6 0 4 0
E 1514 0 14 43
E 1514 1 11 33
E 1514 2 8 24
E 1514 3 4 14
T 1515 33 0 4 0
E 1515 0 4 13
E 1515 3 -5 -16
E 1515 4 -8 -26
E 1515 5 -11 -35
T 1516 11 0 3 0
E 1516 0 12 38
E 1516 1 9 29
E 1516 2 6 19
T 1517 38 0 3 0
E 1517 3 -7 -21
E 1517 4 -10 -31
E 1517 5 -13 -40
T 1518 7 0 4 0
E 1518 0 13 41
E 1518 1 10 32
E 1518 2 7 22
E 1518 3 4 13
T 1519 37 0 3 0
E 1519 3 -6 -20
E 1519 4 -9 -29
E 1519 5 -13 -39
T 1520 16 0 4 0
E 1520 0 11 33
E 1520 1 7 23
E 1520 2 4 13
E 1520 5 -5 -15
T 1521 33 0 4 0
E 1521 0 4 13
E 1521 3 -5 -16
E 1521 4 -8 -25
E 1521 5 -11 -35
T 1522 16 0 4 0
E 1522 0 11 33
E 1522 1 7 23
E 1522 2 4 14
E 1522 5 -5 -15
T 1523 28 0 3 0
E 1523 0 7 21
E 1523 4 -5 -17
E 1523 5 -9 -27
T 1524 20 0 3 0
E 1524 0 10 30
E 1524 1 6 20
E 1524 5 -6 -18
T 1525 29 0 3 0
E 1525 0 6 18
E 1525 4 -7 -21
E 1525 5 -10 -30
T 1526 16 0 4 0
E 1526 0 10 32
E 1526 1 7 23
E 1526 2 4 13
E 1526 5 -5 -16
T 1527 28 0 3 0
E 1527 0 6 19
E 1527 4 -6 -20
E 1527 5 -9 -29
T 1528 19 0 3 0
E 1528 0 9 28
E 1528 1 6 19
E 1528 5 -6 -20
T 1529 24 1 4 0
E 1529 0 8 24
E 1529 1 4 14
E 1529 4 -4 -14
E 1529 5 -8 -24
T 1530 28 0 3 0
E 1530 0 7 22
E 1530 4 -5 -17
E 1530 5 -8 -26
T 1531 14 0 4 0
E 1531 0 11 34
E 1531 1 8 25
E 1531 2 5 15
E 1531 5 -4 -14
T 1532 32 0 4 0
E 1532 0 5 16
E 1532 3 -4 -13
E 1532 4 -7 -23
E 1532 5 -10 -32
T 1533 19 0 3 0
E 1533 0 10 31
E 1533 1 7 22
E 1533 5 -5 -17
T 1534 20 0 3 0
E 1534 0 9 27
E 1534 1 5 17
E 1534 5 -7 -21
T 1535 23 0 4 0
E 1535 0 8 25
E 1535 1 5 15
E 1535 4 -4 -14
E 1535 5 -7 -23
T 1536 19 0 3 0
E 1536 0 9 28
E 1536 1 6 19
E 1536 5 -6 -20
T 1537 22 0 4 0
E 1537 0 7 23
E 1537 1 5 16
E 1537 4 -4 -13
E 1537 5 -7 -22
T 1538 20 0 4 0
E 1538 0 6 19
E 1538 1 5 15
E 1538 4 -4 -14
E 1538 5 -8 -24
T 1539 19 0 4 0
E 1539 0 5 16
E 1539 1 4 14
E 1539 4 -4 -14
E 1539 5 -8 -24
T 1540 8 0 4 0
E 1540 0 7 23
E 1540 1 8 24
E 1540 2 4 14
E 1540 5 -4 -14
T 1541 19 0 3 0
E 1541 1 4 14
E 1541 4 -5 -15
E 1541 5 -8 -25
T 1542 9 0 3 0
E 1542 0 4 13
E 1542 1 6 19
E 1542 5 -6 -19
T 1543 5 0 4 0
E 1543 0 4 14
E 1543 1 6 20
E 1543 2 4 13
E 1543 5 -5 -16
T 1544 15 0 2 0
E 1544 4 -5 -15
E 1544 5 -8 -25
T 1545 5 0 3 0
E 1545 1 5 17
E 1545 2 5 15
E 1545 5 -4 -13
T 1546 3 0 3 0
E 1546 1 5 15
E 1546 2 5 16
E 1546 5 -4 -13
T 1547 6 0 1 0
E 1547 5 -6 -19
T 1548 3 0 2 0
E 1548 1 4 13
E 1548 2 6 19
T 1549 1 0 1 0
E 1549 5 -7 -22
T 1550 2 0 1 0
E 1550 2 5 15
T 1551 6 0 2 0
E 1551 2 5 15
E 1551 3 4 13
T 1552 4 0 1 0
E 1552 5 -4 -14
T 1553 6 0 1 0
E 1553 3 4 14
T 1554 6 0 1 0
E 1554 3 5 17
T 1555 6 0 1 0
E 1555 3 5 17
T 1556 9 0 1 0
E 1556 3 4 13
T 1557 7 0 0 0
T 1558 13 0 2 0
E 1558 3 4 13
E 1558 4 4 14
T 1559 12 0 1 0
E 1559 4 4 14
T 1560 10 0 1 0
E 1560 0 -4 -14
T 1561 12 0 1 0
E 1561 4 5 17
T 1562 9 0 2 0
E 1562 0 -6 -19
E 1562 1 -4 -13
T 1563 15 0 1 0
E 1563 4 4 13
T 1564 9 0 2 0
E 1564 0 -7 -21
E 1564 1 -5 -15
T 1565 14 0 2 0
E 1565 0 -4 -13
E 1565 5 5 15
T 1566 15 0 2 0
E 1566 0 -4 -14
E 1566 5 5 16
T 1567 12 0 1 0
E 1567 0 -6 -18
T 1568 19 0 2 0
E 1568 4 5 17
E 1568 5 7 23
T 1569 16 0 2 0
E 1569 0 -5 -17
E 1569 5 4 13
T 1570 9 0 2 0
E 1570 0 -7 -21
E 1570 1 -5 -15
T 1571 19 0 2 0
E 1571 4 5 17
E 1571 5 7 23
T 1572 10 0 2 0
E 1572 0 -8 -24
E 1572 1 -6 -18
T 1573 15 0 2 0
E 1573 0 -4 -14
E 1573 5 5 16
T 1574 16 0 2 0
E 1574 0 -5 -17
E 1574 5 4 13
T 1575 10 0 2 0
E 1575 0 -6 -20
E 1575 1 -4 -14
T 1576 21 0 2 0
E 1576 4 4 13
E 1576 5 6 19
T 1577 10 0 2 0
E 1577 0 -7 -22
E 1577 1 -5 -16
T 1578 21 0 2 0
E 1578 4 5 15
E 1578 5 7 21
T 1579 10 0 2 0
E 1579 0 -6 -20
E 1579 1 -4 -14
T 1580 16 0 2 0
E 1580 0 -5 -17
E 1580 5 4 13
T 1581 12 0 1 0
E 1581 0 -6 -18
T 1582 16 0 2 0
E 1582 0 -5 -17
E 1582 5 4 13
T 1583 14 0 2 0
E 1583 0 -4 -13
E 1583 5 5 17
T 1584 21 0 2 0
E 1584 4 5 15
E 1584 5 7 21
T 1585 10 0 2 0
E 1585 0 -7 -22
E 1585 1 -5 -16
T 1586 21 0 2 0
E 1586 4 5 16
E 1586 5 7 22
T 1587 10 0 2 0
E 1587 0 -7 -21
E 1587 1 -4 -14
T 1588 15 1 2 0
E 1588 0 -5 -15
E 1588 5 5 17
T 1589 12 0 2 0
E 1589 0 -7 -23
E 1589 1 -4 -14
T 1590 16 0 2 0
E 1590 0 -5 -15
E 1590 5 6 18
T 1591 20 0 3 0
E 1591 0 -4 -14
E 1591 4 4 14
E 1591 5 6 20
T 1592 12 0 2 0
E 1592 0 -9 -27
E 1592 1 -6 -18
T 1593 18 0 2 0
E 1593 0 -5 -17
E 1593 5 6 18
T 1594 12 0 2 0
E 1594 0 -8 -24
E 1594 1 -4 -14
T 1595 28 0 3 0
E 1595 3 5 17
E 1595 4 7 23
E 1595 5 9 29
T 1596 14 0 2 0
E 1596 0 -10 -31
E 1596 1 -7 -21
T 1597 23 0 3 0
E 1597 0 -5 -16
E 1597 4 5 15
E 1597 5 7 21
T 1598 13 0 2 0
E 1598 0 -9 -27
E 1598 1 -5 -17
T 1599 24 0 3 0
E 1599 0 -5 -15
E 1599 4 6 18
E 1599 5 8 24
T 1600 16 0 3 0
E 1600 0 -7 -22
E 1600 1 -4 -13
E 1600 5 5 17
T 1601 25 0 3 0
E 1601 0 -5 -16
E 1601 4 6 18
E 1601 5 8 24
T 1602 11 0 3 0
E 1602 0 -10 -32
E 1602 1 -7 -23
E 1602 2 -4 -13
T 1603 35 0 3 0
E 1603 3 7 21
E 1603 4 9 27
E 1603 5 11 33
T 1604 7 0 4 0
E 1604 0 -14 -42
E 1604 1 -10 -32
E 1604 2 -7 -22
E 1604 3 -4 -13
T 1605 35 0 3 0
E 1605 3 5 17
E 1605 4 8 24
E 1605 5 10 30
T 1606 10 0 3 0
E 1606 0 -11 -34
E 1606 1 -8 -24
E 1606 2 -5 -15
T 1607 35 0 3 0
E 1607 3 6 19
E 1607 4 9 28
E 1607 5 11 34
T 1608 10 0 3 0
E 1608 0 -13 -40
E 1608 1 -10 -30
E 1608 2 -7 -21
T 1609 32 0 4 0
E 1609 0 -4 -13
E 1609 3 5 16
E 1609 4 8 26
E 1609 5 10 32
T 1610 10 0 3 0
E 1610 0 -11 -34
E 1610 1 -8 -25
E 1610 2 -5 -15
T 1611 41 0 4 0
E 1611 2 4 13
E 1611 3 7 23
E 1611 4 11 33
E 1611 5 13 40
T 1612 10 0 3 0
E 1612 0 -12 -37
E 1612 1 -9 -28
E 1612 2 -6 -18
T 1613 38 0 3 0
E 1613 3 6 18
E 1613 4 9 27
E 1613 5 12 36
T 1614 11 0 3 0
E 1614 0 -12 -38
E 1614 1 -9 -28
E 1614 2 -6 -18
T 1615 41 0 4 0
E 1615 2 4 13
E 1615 3 7 23
E 1615 4 10 32
E 1615 5 14 42
T 1616 11 0 3 0
E 1616 0 -13 -41
E 1616 1 -10 -31
E 1616 2 -7 -22
T 1617 28 0 3 0
E 1617 0 -5 -16
E 1617 4 7 22
E 1617 5 10 32
T 1618 20 0 3 0
E 1618 0 -9 -29
E 1618 1 -6 -19
E 1618 5 6 19
T 1619 20 0 3 0
E 1619 0 -9 -27
E 1619 1 -5 -17
E 1619 5 7 21
T 1620 24 0 4 0
E 1620 0 -7 -22
E 1620 1 -4 -13
E 1620 4 5 16
E 1620 5 8 26
T 1621 23 0 4 0
E 1621 0 -8 -25
E 1621 1 -5 -15
E 1621 4 4 14
E 1621 5 7 23
T 1622 29 0 3 0
E 1622 0 -6 -20
E 1622 4 6 18
E 1622 5 9 28
T 1623 20 0 3 0
E 1623 0 -8 -26
E 1623 1 -5 -16
E 1623 5 7 22
T 1624 25 0 4 0
E 1624 0 -8 -24
E 1624 1 -4 -14
E 1624 4 5 15
E 1624 5 8 24
T 1625 19 0 3 0
E 1625 0 -9 -28
E 1625 1 -6 -19
E 1625 5 6 20
T 1626 29 0 3 0
E 1626 0 -6 -20
E 1626 4 6 19
E 1626 5 9 28
T 1627 19 0 3 0
E 1627 0 -10 -30
E 1627 1 -7 -21
E 1627 5 6 18
T 1628 25 0 4 0
E 1628 0 -7 -23
E 1628 1 -4 -13
E 1628 4 5 15
E 1628 5 8 25
T 1629 25 0 4 0
E 1629 0 -8 -24
E 1629 1 -4 -14
E 1629 4 5 15
E 1629 5 8 24
T 1630 20 0 3 0
E 1630 0 -9 -29
E 1630 1 -6 -20
E 1630 5 6 19
T 1631 29 0 3 0
E 1631 0 -7 -21
E 1631 4 6 18
E 1631 5 9 27
T 1632 19 0 3 0
E 1632 0 -9 -27
E 1632 1 -6 -18
E 1632 5 7 21
T 1633 28 0 3 0
E 1633 0 -7 -22
E 1633 4 5 16
E 1633 5 8 26
T 1634 20 0 3 0
E 1634 0 -10 -30
E 1634 1 -6 -20
E 1634 5 6 18
T 1635 23 0 4 0
E 1635 0 -8 -24
E 1635 1 -5 -15
E 1635 4 4 14
E 1635 5 8 24
T 1636 29 0 3 0
E 1636 0 -7 -21
E 1636 4 6 18
E 1636 5 9 27
T 1637 19 0 3 0
E 1637 0 -10 -30
E 1637 1 -7 -21
E 1637 5 6 18
T 1638 25 0 4 0
E 1638 0 -7 -23
E 1638 1 -4 -13
E 1638 4 5 15
E 1638 5 8 25
T 1639 25 0 4 0
E 1639 0 -8 -24
E 1639 1 -4 -14
E 1639 4 5 15
E 1639 5 8 24
T 1640 24 0 4 0
E 1640 0 -7 -22
E 1640 1 -4 -13
E 1640 4 5 16
E 1640 5 8 26
T 1641 19 0 3 0
E 1641 0 -10 -31
E 1641 1 -7 -21
E 1641 5 5 17
T 1642 25 0 4 0
E 1642 0 -7 -23
E 1642 1 -4 -14
E 1642 4 5 15
E 1642 5 8 25
T 1643 20 0 3 0
E 1643 0 -9 -27
E 1643 1 -5 -17
E 1643 5 7 21
T 1644 29 0 3 0
E 1644 0 -6 -20
E 1644 4 6 19
E 1644 5 9 28
T 1645 10 0 3 0
E 1645 0 -12 -36
E 1645 1 -9 -27
E 1645 2 -5 -17
T 1646 38 0 3 0
E 1646 3 5 17
E 1646 4 9 27
E 1646 5 12 36
T 1647 6 0 4 0
E 1647 0 -14 -44
E 1647 1 -11 -35
E 1647 2 -8 -25
E 1647 3 -5 -16
T 1648 43 0 4 0
E 1648 2 5 17
E 1648 3 9 27
E 1648 4 12 36
E 1648 5 15 46
T 1649 5 0 4 0
E 1649 0 -15 -47
E 1649 1 -12 -37
E 1649 2 -9 -27
E 1649 3 -6 -18
T 1650 43 0 4 0
E 1650 2 6 19
E 1650 3 9 29
E 1650 4 12 38
E 1650 5 16 48
T 1651 4 0 4 0
E 1651 0 -17 -51
E 1651 1 -13 -41
E 1651 2 -10 -32
E 1651 3 -7 -22
T 1652 37 0 3 0
E 1652 3 7 21
E 1652 4 10 31
E 1652 5 13 41
T 1653 11 0 3 0
E 1653 0 -12 -38
E 1653 1 -9 -28
E 1653 2 -6 -19
T 1654 38 0 3 0
E 1654 3 5 17
E 1654 4 9 27
E 1654 5 12 36
T 1655 14 0 4 0
E 1655 0 -11 -34
E 1655 1 -8 -25
E 1655 2 -5 -15
E 1655 5 4 14
T 1656 33 0 4 0
E 1656 0 -4 -13
E 1656 3 5 16
E 1656 4 8 26
E 1656 5 11 35
T 1657 10 0 3 0
E 1657 0 -12 -36
E 1657 1 -9 -27
E 1657 2 -5 -17
T 1658 37 0 3 0
E 1658 3 6 20
E 1658 4 9 29
E 1658 5 13 39
T 1659 11 0 3 0
E 1659 0 -12 -38
E 1659 1 -9 -28
E 1659 2 -6 -18
T 1660 37 0 3 0
E 1660 3 6 20
E 1660 4 9 29
E 1660 5 13 39
T 1661 14 0 4 0
E 1661 0 -11 -34
E 1661 1 -8 -24
E 1661 2 -5 -15
E 1661 5 4 14
T 1662 32 0 4 0
E 1662 0 -5 -15
E 1662 3 4 13
E 1662 4 7 23
E 1662 5 11 33
T 1663 15 0 4 0
E 1663 0 -11 -35
E 1663 1 -8 -25
E 1663 2 -5 -16
E 1663 5 4 13
T 1664 34 0 4 0
E 1664 0 -4 -14
E 1664 3 5 15
E 1664 4 8 25
E 1664 5 11 34
T 1665 19 0 3 0
E 1665 0 -10 -30
E 1665 1 -7 -21
E 1665 5 6 18
T 1666 28 0 3 0
E 1666 0 -7 -22
E 1666 4 5 17
E 1666 5 8 26
T 1667 14 0 4 0
E 1667 0 -11 -34
E 1667 1 -8 -25
E 1667 2 -5 -15
E 1667 5 4 14
T 1668 37 0 3 0
E 1668 3 6 19
E 1668 4 9 28
E 1668 5 12 38
T 1669 11 0 3 0
E 1669 0 -13 -41
E 1669 1 -10 -31
E 1669 2 -7 -21
T 1670 37 0 3 0
E 1670 3 6 20
E 1670 4 9 29
E 1670 5 13 39
T 1671 7 0 4 0
E 1671 0 -14 -42
E 1671 1 -10 -32
E 1671 2 -7 -23
E 1671 3 -4 -13
T 1672 33 0 4 0
E 1672 0 -4 -14
E 1672 3 4 14
E 1672 4 8 24
E 1672 5 11 34
T 1673 11 0 3 0
E 1673 0 -12 -38
E 1673 1 -9 -28
E 1673 2 -6 -19
T 1674 33 0 4 0
E 1674 0 -5 -15
E 1674 3 4 14
E 1674 4 8 24
E 1674 5 11 33
T 1675 10 0 3 0
E 1675 0 -13 -39
E 1675 1 -10 -30
E 1675 2 -6 -20
T 1676 32 0 4 0
E 1676 0 -5 -16
E 1676 3 4 13
E 1676 4 7 23
E 1676 5 10 32
T 1677 10 0 3 0
E 1677 0 -13 -39
E 1677 1 -10 -30
E 1677 2 -6 -20
T 1678 38 0 3 0
E 1678 3 7 21
E 1678 4 10 30
E 1678 5 13 40
T 1679 15 0 4 0
E 1679 0 -11 -35
E 1679 1 -8 -25
E 1679 2 -5 -15
E 1679 5 4 13
T 1680 4 0 3 0
E 1680 0 10 31
E 1680 4 7 21
E 1680 5 10 31
T 1681 31 0 3 0
E 1681 1 -12 -37
E 1681 2 -9 -28
E 1681 3 -6 -18
T 1682 17 0 3 0
E 1682 0 9 28
E 1682 1 -5 -17
E 1682 5 7 22
T 1683 27 0 3 0
E 1683 0 6 18
E 1683 1 -9 -29
E 1683 2 -6 -20
T 1684 21 0 3 0
E 1684 0 10 31
E 1684 1 -6 -20
E 1684 5 6 18
T 1685 37 0 4 0
E 1685 0 7 22
E 1685 1 -11 -33
E 1685 2 -7 -23
E 1685 3 -4 -13
T 1686 15 0 4 0
E 1686 0 11 33
E 1686 1 8 24
E 1686 2 -5 -15
E 1686 5 4 14
T 1687 35 0 4 0
E 1687 0 5 16
E 1687 2 -11 -35
E 1687 3 -8 -26
E 1687 4 -5 -16
T 1688 21 0 3 0
E 1688 0 11 34
E 1688 1 8 25
E 1688 2 -6 -20
T 1689 29 1 4 0
E 1689 0 9 29
E 1689 1 6 19
E 1689 2 -9 -28
E 1689 3 -6 -19
T 1690 30 0 4 0
E 1690 0 10 32
E 1690 1 7 22
E 1690 2 -9 -29
E 1690 3 -6 -19
T 1691 36 0 5 0
E 1691 0 10 30
E 1691 1 7 21
E 1691 2 -11 -34
E 1691 3 -8 -24
E 1691 4 -4 -14
T 1692 17 0 4 0
E 1692 0 13 39
E 1692 1 9 29
E 1692 2 6 20
E 1692 3 -6 -19
T 1693 45 0 4 0
E 1693 0 5 17
E 1693 3 -14 -43
E 1693 4 -11 -34
E 1693 5 -8 -24
T 1694 17 0 4 0
E 1694 0 15 45
E 1694 1 11 35
E 1694 2 8 26
E 1694 3 -6 -19
T 1695 52 0 4 0
E 1695 0 4 14
E 1695 3 -17 -53
E 1695 4 -14 -44
E 1695 5 -11 -34
T 1696 17 0 4 0
E 1696 0 16 50
E 1696 1 13 41
E 1696 2 10 31
E 1696 3 -6 -20
T 1697 57 0 4 0
E 1697 0 6 20
E 1697 3 -18 -54
E 1697 4 -14 -44
E 1697 5 -11 -34
T 1698 1 0 4 0
E 1698 0 19 59
E 1698 1 16 50
E 1698 2 13 40
E 1698 3 10 31
T 1699 57 0 4 0
E 1699 2 -5 -16
E 1699 3 -8 -26
E 1699 4 -22 -67
E 1699 5 -19 -58
T 1700 8 0 5 0
E 1700 0 18 56
E 1700 1 15 46
E 1700 2 12 36
E 1700 3 9 27
E 1700 4 -6 -18
T 1701 56 0 3 0
E 1701 3 -6 -20
E 1701 4 -22 -67
E 1701 5 -19 -58
T 1702 14 0 6 0
E 1702 0 18 56
E 1702 1 15 46
E 1702 2 12 37
E 1702 3 9 27
E 1702 4 -8 -24
E 1702 5 -4 -14
T 1703 60 0 3 0
E 1703 3 -5 -16
E 1703 4 -23 -71
E 1703 5 -20 -61
T 1704 1 0 6 0
E 1704 0 19 58
E 1704 1 16 48
E 1704 2 13 39
E 1704 3 9 29
E 1704 4 6 20
E 1704 5 -6 -19
T 1705 55 0 4 0
E 1705 2 -6 -18
E 1705 3 -9 -27
E 1705 4 -12 -37
E 1705 5 -26 -78
T 1706 15 0 5 0
E 1706 0 16 50
E 1706 1 13 41
E 1706 2 10 31
E 1706 3 7 21
E 1706 5 -11 -33
T 1707 41 0 3 0
E 1707 0 7 22
E 1707 4 -5 -17
E 1707 5 -21 -64
T 1708 19 0 5 0
E 1708 0 15 47
E 1708 1 12 38
E 1708 2 9 28
E 1708 3 6 19
E 1708 5 -14 -42
T 1709 35 0 3 0
E 1709 0 8 26
E 1709 1 5 16
E 1709 5 -22 -67
T 1710 11 0 3 0
E 1710 0 13 39
E 1710 1 9 29
E 1710 2 6 19
T 1711 37 0 3 0
E 1711 3 -6 -19
E 1711 4 -9 -28
E 1711 5 -12 -38
T 1712 10 0 3 0
E 1712 0 13 40
E 1712 1 10 30
E 1712 2 7 21
T 1713 37 0 3 0
E 1713 3 -5 -16
E 1713 4 -8 -26
E 1713 5 -12 -36
T 1714 15 0 4 0
E 1714 0 11 35
E 1714 1 8 25
E 1714 2 5 16
E 1714 5 -4 -13
T 1715 33 0 4 0
E 1715 0 5 15
E 1715 3 -4 -14
E 1715 4 -8 -24
E 1715 5 -11 -33
T 1716 14 0 4 0
E 1716 0 11 34
E 1716 1 8 25
E 1716 2 5 15
E 1716 5 -4 -14
T 1717 29 0 3 0
E 1717 0 6 18
E 1717 4 -7 -21
E 1717 5 -10 -30
T 1718 15 0 4 0
E 1718 0 11 33
E 1718 1 8 24
E 1718 2 4 14
E 1718 5 -5 -15
T 1719 28 0 3 0
E 1719 0 6 18
E 1719 4 -6 -20
E 1719 5 -10 -30
T 1720 11 0 3 0
E 1720 0 12 36
E 1720 1 8 26
E 1720 2 5 16
T 1721 37 0 3 0
E 1721 3 -6 -20
E 1721 4 -9 -29
E 1721 5 -13 -39
T 1722 6 0 4 0
E 1722 0 14 43
E 1722 1 11 33
E 1722 2 8 24
E 1722 3 4 14
T 1723 42 0 4 0
E 1723 2 -5 -15
E 1723 3 -8 -24
E 1723 4 -11 -34
E 1723 5 -14 -44
T 1724 11 0 3 0
E 1724 0 13 39
E 1724 1 9 29
E 1724 2 6 20
T 1725 38 0 3 0
E 1725 3 -6 -20
E 1725 4 -10 -30
E 1725 5 -13 -39
T 1726 10 0 3 0
E 1726 0 12 36
E 1726 1 9 27
E 1726 2 5 17
T 1727 38 0 3 0
E 1727 3 -5 -17
E 1727 4 -9 -27
E 1727 5 -12 -36
T 1728 10 0 3 0
E 1728 0 13 39
E 1728 1 10 30
E 1728 2 6 20
T 1729 28 0 3 0
E 1729 0 6 18
E 1729 4 -6 -20
E 1729 5 -10 -30
T 1730 15 0 4 0
E 1730 0 11 34
E 1730 1 8 24
E 1730 2 4 14
E 1730 5 -4 -14
T 1731 34 0 4 0
E 1731 0 4 14
E 1731 3 -5 -15
E 1731 4 -8 -24
E 1731 5 -11 -34
T 1732 14 0 4 0
E 1732 0 11 34
E 1732 1 8 24
E 1732 2 5 15
E 1732 5 -4 -14
T 1733 33 0 4 0
E 1733 0 4 14
E 1733 3 -4 -14
E 1733 4 -8 -24
E 1733 5 -11 -34
T 1734 11 0 3 0
E 1734 0 13 39
E 1734 1 9 29
E 1734 2 6 20
T 1735 33 0 4 0
E 1735 0 4 13
E 1735 3 -5 -16
E 1735 4 -8 -26
E 1735 5 -11 -35
T 1736 19 0 3 0
E 1736 0 10 31
E 1736 1 7 22
E 1736 5 -5 -17
T 1737 28 0 3 0
E 1737 0 6 19
E 1737 4 -6 -20
E 1737 5 -9 -29
T 1738 15 0 4 0
E 1738 0 11 35
E 1738 1 8 26
E 1738 2 5 16
E 1738 5 -4 -13
T 1739 38 0 3 0
E 1739 3 -6 -18
E 1739 4 -9 -27
E 1739 5 -12 -37
T 1740 15 0 4 0
E 1740 0 11 35
E 1740 1 8 25
E 1740 2 5 15
E 1740 5 -4 -13
T 1741 33 0 4 0
E 1741 0 4 13
E 1741 3 -5 -16
E 1741 4 -8 -25
E 1741 5 -11 -35
T 1742 11 0 3 0
E 1742 0 12 38
E 1742 1 9 28
E 1742 2 6 19
T 1743 28 0 3 0
E 1743 0 6 18
E 1743 4 -6 -20
E 1743 5 -10 -30
T 1744 16 0 4 0
E 1744 0 11 33
E 1744 1 7 23
E 1744 2 4 14
E 1744 5 -5 -15
T 1745 38 0 3 0
E 1745 3 -5 -17
E 1745 4 -9 -27
E 1745 5 -12 -36
T 1746 10 0 3 0
E 1746 0 13 40
E 1746 1 10 31
E 1746 2 7 21
T 1747 33 0 4 0
E 1747 0 5 15
E 1747 3 -4 -14
E 1747 4 -8 -24
E 1747 5 -11 -33
T 1748 15 0 4 0
E 1748 0 11 35
E 1748 1 8 26
E 1748 2 5 16
E 1748 5 -4 -13
T 1749 32 0 4 0
E 1749 0 5 16
E 1749 3 -4 -13
E 1749 4 -7 -22
E 1749 5 -10 -32
T 1750 20 0 3 0
E 1750 0 10 32
E 1750 1 7 22
E 1750 5 -5 -16
T 1751 28 0 3 0
E 1751 0 7 21
E 1751 4 -5 -17
E 1751 5 -9 -27
T 1752 14 0 4 0
E 1752 0 11 34
E 1752 1 8 24
E 1752 2 5 15
E 1752 5 -4 -14
T 1753 28 0 3 0
E 1753 0 5 16
E 1753 4 -7 -22
E 1753 5 -10 -32
T 1754 20 0 3 0
E 1754 0 10 30
E 1754 1 6 20
E 1754 5 -6 -18
T 1755 29 0 3 0
E 1755 0 6 18
E 1755 4 -7 -21
E 1755 5 -10 -30
T 1756 23 0 4 0
E 1756 0 8 25
E 1756 1 5 16
E 1756 4 -4 -13
E 1756 5 -7 -23
T 1757 19 0 3 0
E 1757 0 10 31
E 1757 1 7 21
E 1757 5 -5 -17
T 1758 29 0 3 0
E 1758 0 5 17
E 1758 4 -7 -21
E 1758 5 -10 -31
T 1759 11 0 3 0
E 1759 0 12 36
E 1759 1 8 26
E 1759 2 5 17
T 1760 29 0 3 0
E 1760 0 6 18
E 1760 4 -7 -21
E 1760 5 -10 -30
T 1761 15 0 4 0
E 1761 0 11 35
E 1761 1 8 26
E 1761 2 5 16
E 1761 5 -4 -13
T 1762 33 0 4 0
E 1762 0 4 13
E 1762 3 -5 -16
E 1762 4 -8 -26
E 1762 5 -11 -35
T 1763 15 0 4 0
E 1763 0 11 33
E 1763 1 8 24
E 1763 2 4 14
E 1763 5 -5 -15
T 1764 25 0 4 0
E 1764 0 7 23
E 1764 1 4 13
E 1764 4 -5 -15
E 1764 5 -8 -25
T 1765 20 0 3 0
E 1765 0 9 27
E 1765 1 5 17
E 1765 5 -7 -21
T 1766 24 0 4 0
E 1766 0 7 22
E 1766 1 4 13
E 1766 4 -5 -16
E 1766 5 -8 -26
T 1767 25 0 4 0
E 1767 0 8 24
E 1767 1 4 14
E 1767 4 -5 -15
E 1767 5 -8 -24
T 1768 29 0 3 0
E 1768 0 6 20
E 1768 4 -6 -18
E 1768 5 -9 -28
T 1769 11 0 3 0
E 1769 0 12 36
E 1769 1 8 26
E 1769 2 5 17
T 1770 38 0 3 0
E 1770 3 -6 -20
E 1770 4 -10 -30
E 1770 5 -13 -39
T 1771 10 0 3 0
E 1771 0 13 39
E 1771 1 10 30
E 1771 2 6 20
T 1772 38 0 3 0
E 1772 3 -5 -17
E 1772 4 -9 -27
E 1772 5 -12 -36
T 1773 14 0 4 0
E 1773 0 11 34
E 1773 1 8 25
E 1773 2 5 15
E 1773 5 -4 -14
T 1774 33 0 4 0
E 1774 0 4 13
E 1774 3 -5 -16
E 1774 4 -8 -25
E 1774 5 -11 -35
T 1775 15 0 4 0
E 1775 0 11 35
E 1775 1 8 25
E 1775 2 5 15
E 1775 5 -4 -13
T 1776 38 0 3 0
E 1776 3 -6 -18
E 1776 4 -9 -27
E 1776 5 -12 -37
T 1777 8 0 3 0
E 1777 0 11 34
E 1777 1 9 27
E 1777 2 6 18
T 1778 36 0 4 0
E 1778 2 -4 -13
E 1778 3 -7 -22
E 1778 4 -10 -32
E 1778 5 -14 -42
T 1779 0 0 4 0
E 1779 0 13 40
E 1779 1 12 38
E 1779 2 9 29
E 1779 3 6 19
T 1780 32 0 4 0
E 1780 2 -5 -15
E 1780 3 -8 -24
E 1780 4 -11 -34
E 1780 5 -14 -43
T 1781 1 0 3 0
E 1781 0 9 27
E 1781 1 10 31
E 1781 2 7 21
T 1782 22 0 3 0
E 1782 3 -4 -14
E 1782 4 -8 -24
E 1782 5 -11 -33
T 1783 3 0 4 0
E 1783 0 5 16
E 1783 1 7 22
E 1783 2 5 15
E 1783 5 -4 -14
T 1784 14 0 2 0
E 1784 4 -5 -16
E 1784 5 -8 -26
T 1785 2 0 3 0
E 1785 0 4 14
E 1785 1 6 20
E 1785 2 6 18
T 1786 9 0 2 0
E 1786 4 -5 -17
E 1786 5 -9 -27
T 1787 4 0 2 0
E 1787 2 4 13
E 1787 5 -5 -16
T 1788 3 0 1 0
E 1788 5 -6 -20
T 1789 3 0 2 0
E 1789 1 4 13
E 1789 2 6 19
T 1790 2 0 1 0
E 1790 2 4 14
T 1791 3 0 1 0
E 1791 2 4 13
T 1792 4 0 1 0
E 1792 3 4 13
T 1793 5 0 1 0
E 1793 3 5 16
T 1794 7 0 0 0
T 1795 10 0 1 0
E 1795 0 -4 -14
T 1796 11 0 1 0
E 1796 0 -5 -16
T 1797 10 0 1 0
E 1797 0 -5 -15
T 1798 12 0 0 0
T 1799 12 0 1 0
E 1799 0 -6 -18
T 1800 11 0 1 0
E 1800 0 -5 -16
T 1801 15 0 1 0
E 1801 4 4 13
T 1802 11 0 1 0
E 1802 0 -5 -16
T 1803 18 0 2 0
E 1803 4 5 15
E 1803 5 4 13
T 1804 7 0 3 0
E 1804 0 -8 -25
E 1804 1 -6 -19
E 1804 2 -4 -13
T 1805 23 0 3 0
E 1805 3 5 15
E 1805 4 7 21
E 1805 5 8 25
T 1806 10 0 2 0
E 1806 0 -7 -22
E 1806 1 -5 -16
T 1807 21 0 2 0
E 1807 4 5 15
E 1807 5 7 21
T 1808 12 0 1 0
E 1808 0 -6 -18
T 1809 15 0 2 0
E 1809 0 -4 -14
E 1809 5 5 16
T 1810 18 0 1 0
E 1810 5 6 18
T 1811 9 0 2 0
E 1811 0 -6 -19
E 1811 1 -4 -13
T 1812 15 0 2 0
E 1812 0 -5 -16
E 1812 5 4 14
T 1813 9 0 2 0
E 1813 0 -7 -21
E 1813 1 -5 -15
T 1814 19 0 2 0
E 1814 4 5 17
E 1814 5 7 23
T 1815 7 0 3 0
E 1815 0 -8 -25
E 1815 1 -6 -19
E 1815 2 -4 -13
T 1816 21 0 2 0
E 1816 4 5 15
E 1816 5 7 21
T 1817 10 0 2 0
E 1817 0 -8 -24
E 1817 1 -6 -18
T 1818 20 0 2 0
E 1818 4 5 16
E 1818 5 7 22
T 1819 9 0 2 0
E 1819 0 -7 -21
E 1819 1 -5 -15
T 1820 15 0 2 0
E 1820 0 -5 -16
E 1820 5 4 14
T 1821 10 0 2 0
E 1821 0 -6 -20
E 1821 1 -4 -14
T 1822 19 0 2 0
E 1822 4 5 17
E 1822 5 7 23
T 1823 9 0 2 0
E 1823 0 -7 -21
E 1823 1 -5 -15
T 1824 20 0 2 0
E 1824 4 6 18
E 1824 5 8 24
T 1825 10 0 2 0
E 1825 0 -8 -24
E 1825 1 -6 -18
T 1826 21 0 2 0
E 1826 4 5 16
E 1826 5 7 22
T 1827 16 0 2 0
E 1827 0 -6 -18
E 1827 5 4 13
T 1828 14 0 1 0
E 1828 0 -6 -20
T 1829 17 0 2 0
E 1829 0 -6 -19
E 1829 5 4 14
T 1830 14 0 1 0
E 1830 0 -7 -21
T 1831 23 0 2 0
E 1831 4 5 17
E 1831 5 7 23
T 1832 11 0 2 0
E 1832 0 -7 -22
E 1832 1 -4 -13
T 1833 29 0 3 0
E 1833 3 5 15
E 1833 4 7 21
E 1833 5 9 27
T 1834 10 0 3 0
E 1834 0 -11 -34
E 1834 1 -8 -24
E 1834 2 -5 -16
T 1835 30 0 3 0
E 1835 3 5 15
E 1835 4 7 21
E 1835 5 9 27
T 1836 14 0 2 0
E 1836 0 -10 -31
E 1836 1 -7 -21
T 1837 30 0 3 0
E 1837 3 5 16
E 1837 4 7 22
E 1837 5 9 28
T 1838 14 0 2 0
E 1838 0 -10 -31
E 1838 1 -7 -21
T 1839 24 0 3 0
E 1839 0 -6 -20
E 1839 4 4 13
E 1839 5 6 19
T 1840 13 0 2 0
E 1840 0 -10 -30
E 1840 1 -7 -21
T 1841 25 0 3 0
E 1841 0 -5 -16
E 1841 4 6 18
E 1841 5 8 24
T 1842 17 0 3 0
E 1842 0 -8 -26
E 1842 1 -5 -17
E 1842 5 4 14
T 1843 28 0 4 0
E 1843 0 -5 -15
E 1843 3 4 14
E 1843 4 6 20
E 1843 5 8 26
T 1844 18 0 3 0
E 1844 0 -8 -26
E 1844 1 -5 -16
E 1844 5 5 16
T 1845 26 0 3 0
E 1845 0 -6 -18
E 1845 4 6 18
E 1845 5 8 24
T 1846 10 0 3 0
E 1846 0 -11 -34
E 1846 1 -8 -24
E 1846 2 -5 -15
T 1847 27 0 3 0
E 1847 0 -5 -16
E 1847 4 7 21
E 1847 5 9 27
T 1848 19 0 3 0
E 1848 0 -8 -26
E 1848 1 -5 -16
E 1848 5 6 18
T 1849 19 0 3 0
E 1849 0 -9 -27
E 1849 1 -5 -17
E 1849 5 6 18
T 1850 28 0 3 0
E 1850 0 -6 -20
E 1850 4 6 18
E 1850 5 8 25
T 1851 23 0 4 0
E 1851 0 -8 -26
E 1851 1 -5 -16
E 1851 4 4 13
E 1851 5 6 20
T 1852 22 0 4 0
E 1852 0 -8 -24
E 1852 1 -5 -15
E 1852 4 4 14
E 1852 5 7 22
T 1853 20 0 3 0
E 1853 0 -9 -29
E 1853 1 -6 -19
E 1853 5 6 18
T 1854 25 0 4 0
E 1854 0 -7 -23
E 1854 1 -4 -13
E 1854 4 5 16
E 1854 5 8 25
T 1855 20 0 3 0
E 1855 0 -8 -26
E 1855 1 -5 -17
E 1855 5 7 22
T 1856 28 0 3 0
E 1856 0 -7 -22
E 1856 4 5 17
E 1856 5 8 26
T 1857 23 0 4 0
E 1857 0 -8 -24
E 1857 1 -5 -15
E 1857 4 4 14
E 1857 5 8 24
T 1858 20 0 3 0
E 1858 0 -10 -30
E 1858 1 -6 -20
E 1858 5 6 18
T 1859 28 0 3 0
E 1859 0 -6 -19
E 1859 4 6 20
E 1859 5 9 29
T 1860 15 0 4 0
E 1860 0 -11 -35
E 1860 1 -8 -26
E 1860 2 -5 -16
E 1860 5 4 13
T 1861 33 0 4 0
E 1861 0 -4 -13
E 1861 3 5 16
E 1861 4 8 26
E 1861 5 11 35
T 1862 15 0 4 0
E 1862 0 -11 -33
E 1862 1 -8 -24
E 1862 2 -4 -14
E 1862 5 5 15
T 1863 33 0 4 0
E 1863 0 -4 -13
E 1863 3 5 16
E 1863 4 8 25
E 1863 5 11 35
T 1864 15 0 4 0
E 1864 0 -11 -35
E 1864 1 -8 -25
E 1864 2 -5 -15
E 1864 5 4 13
T 1865 37 0 3 0
E 1865 3 5 17
E 1865 4 8 26
E 1865 5 12 36
T 1866 7 0 4 0
E 1866 0 -14 -42
E 1866 1 -10 -32
E 1866 2 -7 -23
E 1866 3 -4 -13
T 1867 37 0 3 0
E 1867 3 6 19
E 1867 4 9 29
E 1867 5 13 39
T 1868 10 0 3 0
E 1868 0 -12 -37
E 1868 1 -9 -27
E 1868 2 -6 -18
T 1869 38 0 3 0
E 1869 3 6 18
E 1869 4 9 28
E 1869 5 12 37
T 1870 10 0 3 0
E 1870 0 -13 -40
E 1870 1 -10 -31
E 1870 2 -7 -21
T 1871 38 0 3 0
E 1871 3 5 17
E 1871 4 9 27
E 1871 5 12 36
T 1872 10 0 3 0
E 1872 0 -13 -39
E 1872 1 -10 -30
E 1872 2 -6 -20
T 1873 37 0 3 0
E 1873 3 7 22
E 1873 4 10 31
E 1873 5 13 41
T 1874 16 0 4 0
E 1874 0 -11 -33
E 1874 1 -7 -23
E 1874 2 -4 -13
E 1874 5 5 15
T 1875 34 0 4 0
E 1875 0 -4 -14
E 1875 3 5 15
E 1875 4 8 24
E 1875 5 11 34
T 1876 11 0 3 0
E 1876 0 -13 -39
E 1876 1 -9 -29
E 1876 2 -6 -20
T 1877 37 0 3 0
E 1877 3 6 18
E 1877 4 9 28
E 1877 5 12 38
T 1878 6 0 4 0
E 1878 0 -14 -44
E 1878 1 -11 -34
E 1878 2 -8 -25
E 1878 3 -5 -15
T 1879 38 0 3 0
E 1879 3 7 21
E 1879 4 10 31
E 1879 5 13 40
T 1880 10 0 3 0
E 1880 0 -12 -36
E 1880 1 -9 -27
E 1880 2 -5 -17
T 1881 34 0 4 0
E 1881 0 -4 -14
E 1881 3 5 15
E 1881 4 8 25
E 1881 5 11 34
T 1882 7 0 4 0
E 1882 0 -13 -41
E 1882 1 -10 -32
E 1882 2 -7 -22
E 1882 3 -4 -13
T 1883 37 0 3 0
E 1883 3 6 20
E 1883 4 9 29
E 1883 5 13 39
T 1884 11 0 3 0
E 1884 0 -13 -39
E 1884 1 -9 -29
E 1884 2 -6 -19
T 1885 32 0 4 0
E 1885 0 -5 -16
E 1885 3 4 13
E 1885 4 7 22
E 1885 5 10 32
T 1886 10 0 3 0
E 1886 0 -12 -37
E 1886 1 -9 -27
E 1886 2 -6 -18
T 1887 32 0 4 0
E 1887 0 -5 -15
E 1887 3 4 13
E 1887 4 7 23
E 1887 5 11 33
T 1888 11 0 3 0
E 1888 0 -12 -36
E 1888 1 -8 -26
E 1888 2 -5 -17
T 1889 41 0 4 0
E 1889 2 4 13
E 1889 3 7 22
E 1889 4 10 32
E 1889 5 13 41
T 1890 10 0 3 0
E 1890 0 -12 -36
E 1890 1 -9 -27
E 1890 2 -5 -17
T 1891 38 0 3 0
E 1891 3 7 21
E 1891 4 10 31
E 1891 5 13 40
T 1892 10 0 3 0
E 1892 0 -12 -37
E 1892 1 -9 -28
E 1892 2 -6 -18
T 1893 28 0 3 0
E 1893 0 -6 -18
E 1893 4 6 20
E 1893 5 10 30
T 1894 20 0 3 0
E 1894 0 -9 -29
E 1894 1 -6 -19
E 1894 5 6 19
T 1895 25 0 4 0
E 1895 0 -7 -23
E 1895 1 -4 -14
E 1895 4 5 15
E 1895 5 8 25
T 1896 24 0 4 0
E 1896 0 -8 -26
E 1896 1 -5 -16
E 1896 4 4 13
E 1896 5 7 22
T 1897 23 0 4 0
E 1897 0 -8 -24
E 1897 1 -5 -15
E 1897 4 4 14
E 1897 5 8 24
T 1898 20 0 3 0
E 1898 0 -9 -29
E 1898 1 -6 -19
E 1898 5 6 19
T 1899 24 0 4 0
E 1899 0 -8 -26
E 1899 1 -5 -16
E 1899 4 4 13
E 1899 5 7 22
T 1900 29 0 3 0
E 1900 0 -6 -20
E 1900 4 6 18
E 1900 5 9 28
T 1901 16 0 4 0
E 1901 0 -10 -32
E 1901 1 -7 -22
E 1901 2 -4 -13
E 1901 5 5 16
T 1902 37 0 3 0
E 1902 3 5 16
E 1902 4 8 26
E 1902 5 12 36
T 1903 11 0 3 0
E 1903 0 -12 -38
E 1903 1 -9 -28
E 1903 2 -6 -19
T 1904 29 0 3 0
E 1904 0 -5 -17
E 1904 4 7 22
E 1904 5 10 31
T 1905 19 0 3 0
E 1905 0 -9 -28
E 1905 1 -6 -19
E 1905 5 6 20
T 1906 28 0 3 0
E 1906 0 -6 -19
E 1906 4 6 20
E 1906 5 9 29
T 1907 15 0 4 0
E 1907 0 -11 -33
E 1907 1 -8 -24
E 1907 2 -4 -14
E 1907 5 5 15
T 1908 28 0 3 0
E 1908 0 -7 -22
E 1908 4 5 16
E 1908 5 8 26
T 1909 23 0 4 0
E 1909 0 -8 -25
E 1909 1 -5 -15
E 1909 4 4 14
E 1909 5 7 23
T 1910 19 0 3 0
E 1910 0 -10 -30
E 1910 1 -7 -21
E 1910 5 6 18
T 1911 24 0 4 0
E 1911 0 -8 -26
E 1911 1 -5 -16
E 1911 4 4 13
E 1911 5 7 22
T 1912 23 0 4 0
E 1912 0 -8 -24
E 1912 1 -5 -15
E 1912 4 4 14
E 1912 5 8 24
T 1913 20 0 3 0
E 1913 0 -9 -29
E 1913 1 -6 -19
E 1913 5 6 19
T 1914 25 0 4 0
E 1914 0 -8 -24
E 1914 1 -4 -14
E 1914 4 5 15
E 1914 5 8 24
T 1915 20 0 3 0
E 1915 0 -9 -29
E 1915 1 -6 -20
E 1915 5 6 19
T 1916 32 0 4 0
E 1916 0 -5 -16
E 1916 3 4 13
E 1916 4 7 23
E 1916 5 10 32
T 1917 14 0 4 0
E 1917 0 -11 -34
E 1917 1 -8 -25
E 1917 2 -5 -15
E 1917 5 4 14
T 1918 28 0 3 0
E 1918 0 -7 -21
E 1918 4 5 17
E 1918 5 9 27
T 1919 25 0 4 0
E 1919 0 -8 -24
E 1919 1 -4 -14
E 1919 4 5 15
E 1919 5 8 24
T 1920 17 0 4 0
E 1920 0 5 16
E 1920 1 -7 -23
E 1920 2 -4 -13
E 1920 5 5 16
T 1921 24 0 3 0
E 1921 0 4 13
E 1921 1 -9 -28
E 1921 2 -6 -19
T 1922 17 0 3 0
E 1922 0 8 25
E 1922 1 -6 -20
E 1922 5 6 19
T 1923 27 0 3 0
E 1923 0 7 21
E 1923 1 -8 -26
E 1923 2 -5 -17
T 1924 22 0 3 0
E 1924 0 11 33
E 1924 1 -6 -18
E 1924 5 6 20
T 1925 38 0 4 0
E 1925 0 6 18
E 1925 1 -12 -37
E 1925 2 -9 -27
E 1925 3 -5 -17
T 1926 15 0 4 0
E 1926 0 11 33
E 1926 1 8 24
E 1926 2 -5 -15
E 1926 5 4 14
T 1927 36 0 4 0
E 1927 0 5 15
E 1927 2 -12 -36
E 1927 3 -9 -27
E 1927 4 -5 -17
T 1928 22 0 3 0
E 1928 0 10 32
E 1928 1 7 23
E 1928 2 -7 -22
T 1929 28 1 4 0
E 1929 0 9 28
E 1929 1 6 18
E 1929 2 -9 -29
E 1929 3 -6 -20
T 1930 30 0 4 0
E 1930 0 10 32
E 1930 1 7 22
E 1930 2 -9 -29
E 1930 3 -6 -19
T 1931 40 0 5 0
E 1931 0 8 26
E 1931 1 5 17
E 1931 2 -12 -38
E 1931 3 -9 -28
E 1931 4 -6 -18
T 1932 11 0 3 0
E 1932 0 15 47
E 1932 1 12 37
E 1932 2 9 28
T 1933 44 0 4 0
E 1933 0 5 16
E 1933 3 -14 -44
E 1933 4 -11 -35
E 1933 5 -8 -25
T 1934 16 0 4 0
E 1934 0 16 48
E 1934 1 12 38
E 1934 2 9 29
E 1934 3 -5 -16
T 1935 50 0 4 0
E 1935 0 6 20
E 1935 3 -15 -47
E 1935 4 -12 -38
E 1935 5 -9 -28
T 1936 15 0 4 0
E 1936 0 18 56
E 1936 1 15 47
E 1936 2 12 37
E 1936 3 -4 -14
T 1937 52 0 5 0
E 1937 0 7 23
E 1937 1 4 13
E 1937 3 -17 -51
E 1937 4 -13 -41
E 1937 5 -10 -31
T 1938 7 0 5 0
E 1938 0 17 52
E 1938 1 14 43
E 1938 2 11 33
E 1938 3 8 24
E 1938 4 -5 -15
T 1939 47 0 4 0
E 1939 0 5 15
E 1939 3 -4 -14
E 1939 4 -18 -55
E 1939 5 -15 -46
T 1940 21 0 6 0
E 1940 0 15 46
E 1940 1 12 36
E 1940 2 8 26
E 1940 3 5 17
E 1940 4 -9 -28
E 1940 5 -6 -18
T 1941 47 0 3 0
E 1941 0 5 17
E 1941 4 -19 -59
E 1941 5 -16 -50
T 1942 20 0 6 0
E 1942 0 16 50
E 1942 1 13 40
E 1942 2 10 31
E 1942 3 7 21
E 1942 4 -10 -30
E 1942 5 -6 -20
T 1943 52 0 3 0
E 1943 0 6 19
E 1943 4 -21 -64
E 1943 5 -18 -54
T 1944 2 0 6 0
E 1944 0 19 57
E 1944 1 15 47
E 1944 2 12 38
E 1944 3 9 28
E 1944 4 6 19
E 1944 5 -6 -20
T 1945 54 0 4 0
E 1945 2 -5 -15
E 1945 3 -8 -24
E 1945 4 -11 -34
E 1945 5 -25 -75
T 1946 2 0 6 0
E 1946 0 19 59
E 1946 1 16 50
E 1946 2 13 40
E 1946 3 10 30
E 1946 4 7 21
E 1946 5 -8 -24
T 1947 55 0 4 0
E 1947 2 -5 -16
E 1947 3 -8 -26
E 1947 4 -12 -36
E 1947 5 -27 -83
T 1948 1 0 6 0
E 1948 0 20 61
E 1948 1 17 52
E 1948 2 14 42
E 1948 3 11 33
E 1948 4 7 23
E 1948 5 -9 -28
T 1949 52 0 3 0
E 1949 3 -7 -22
E 1949 4 -10 -31
E 1949 5 -28 -86
T 1950 4 0 5 0
E 1950 0 19 57
E 1950 1 15 47
E 1950 2 12 37
E 1950 3 9 28
E 1950 4 6 18
T 1951 51 0 5 0
E 1951 1 -5 -16
E 1951 2 -8 -26
E 1951 3 -12 -36
E 1951 4 -15 -45
E 1951 5 -18 -55
T 1952 3 0 5 0
E 1952 0 18 56
E 1952 1 15 46
E 1952 2 12 37
E 1952 3 9 27
E 1952 4 5 17
T 1953 51 0 5 0
E 1953 1 -5 -17
E 1953 2 -9 -27
E 1953 3 -12 -36
E 1953 4 -15 -46
E 1953 5 -18 -56
T 1954 4 0 5 0
E 1954 0 18 56
E 1954 1 15 46
E 1954 2 12 37
E 1954 3 9 27
E 1954 4 6 18
T 1955 50 0 5 0
E 1955 1 -4 -14
E 1955 2 -8 -24
E 1955 3 -11 -33
E 1955 4 -14 -43
E 1955 5 -17 -52
T 1956 5 0 4 0
E 1956 0 15 47
E 1956 1 12 38
E 1956 2 9 28
E 1956 3 6 18
T 1957 38 0 3 0
E 1957 3 -7 -21
E 1957 4 -10 -31
E 1957 5 -13 -40
T 1958 6 0 4 0
E 1958 0 14 44
E 1958 1 11 35
E 1958 2 8 25
E 1958 3 5 16
T 1959 42 0 4 0
E 1959 2 -5 -16
E 1959 3 -8 -26
E 1959 4 -11 -35
E 1959 5 -15 -45
T 1960 11 0 3 0
E 1960 0 13 39
E 1960 1 9 29
E 1960 2 6 19
T 1961 38 0 3 0
E 1961 3 -7 -21
E 1961 4 -10 -30
E 1961 5 -13 -40
T 1962 10 0 3 0
E 1962 0 13 40
E 1962 1 10 30
E 1962 2 7 21
T 1963 33 0 4 0
E 1963 0 4 14
E 1963 3 -4 -14
E 1963 4 -8 -24
E 1963 5 -11 -34
T 1964 10 0 3 0
E 1964 0 12 37
E 1964 1 9 27
E 1964 2 6 18
T 1965 33 0 4 0
E 1965 0 5 15
E 1965 3 -4 -14
E 1965 4 -8 -24
E 1965 5 -11 -33
T 1966 15 0 4 0
E 1966 0 11 35
E 1966 1 8 26
E 1966 2 5 16
E 1966 5 -4 -13
T 1967 32 0 4 0
E 1967 0 5 16
E 1967 3 -4 -13
E 1967 4 -7 -23
E 1967 5 -10 -32
T 1968 11 0 3 0
E 1968 0 12 38
E 1968 1 9 29
E 1968 2 6 19
T 1969 38 0 3 0
E 1969 3 -7 -21
E 1969 4 -10 -30
E 1969 5 -13 -40
T 1970 11 0 3 0
E 1970 0 12 36
E 1970 1 8 26
E 1970 2 5 16
T 1971 37 0 3 0
E 1971 3 -5 -17
E 1971 4 -8 -26
E 1971 5 -12 -36
T 1972 11 0 3 0
E 1972 0 13 41
E 1972 1 10 31
E 1972 2 7 22
T 1973 33 0 4 0
E 1973 0 4 14
E 1973 3 -4 -14
E 1973 4 -8 -24
E 1973 5 -11 -34
T 1974 11 0 3 0
E 1974 0 13 39
E 1974 1 9 29
E 1974 2 6 20
T 1975 32 0 4 0
E 1975 0 5 16
E 1975 3 -4 -13
E 1975 4 -7 -23
E 1975 5 -10 -32
T 1976 16 0 4 0
E 1976 0 10 32
E 1976 1 7 23
E 1976 2 4 13
E 1976 5 -5 -16
T 1977 32 0 4 0
E 1977 0 5 16
E 1977 3 -4 -13
E 1977 4 -7 -23
E 1977 5 -10 -32
T 1978 10 0 3 0
E 1978 0 12 36
E 1978 1 9 27
E 1978 2 5 17
T 1979 37 0 3 0
E 1979 3 -6 -19
E 1979 4 -9 -28
E 1979 5 -12 -38
T 1980 11 0 3 0
E 1980 0 12 36
E 1980 1 8 26
E 1980 2 5 16
T 1981 28 0 3 0
E 1981 0 6 18
E 1981 4 -6 -20
E 1981 5 -10 -30
T 1982 16 0 4 0
E 1982 0 11 33
E 1982 1 7 23
E 1982 2 4 14
E 1982 5 -5 -15
T 1983 33 0 4 0
E 1983 0 4 13
E 1983 3 -5 -15
E 1983 4 -8 -25
E 1983 5 -11 -35
T 1984 11 0 3 0
E 1984 0 12 36
E 1984 1 8 26
E 1984 2 5 17
T 1985 29 0 3 0
E 1985 0 5 17
E 1985 4 -7 -22
E 1985 5 -10 -31
T 1986 20 0 3 0
E 1986 0 8 26
E 1986 1 5 17
E 1986 5 -7 -22
T 1987 23 0 4 0
E 1987 0 8 25
E 1987 1 5 15
E 1987 4 -4 -14
E 1987 5 -7 -23
T 1988 24 0 4 0
E 1988 0 7 22
E 1988 1 4 13
E 1988 4 -5 -16
E 1988 5 -8 -26
T 1989 29 0 3 0
E 1989 0 6 20
E 1989 4 -6 -18
E 1989 5 -9 -28
T 1990 20 0 3 0
E 1990 0 9 27
E 1990 1 5 17
E 1990 5 -7 -21
T 1991 23 0 4 0
E 1991 0 8 24
E 1991 1 5 15
E 1991 4 -4 -14
E 1991 5 -8 -24
T 1992 20 0 3 0
E 1992 0 10 30
E 1992 1 6 20
E 1992 5 -6 -18
T 1993 28 0 3 0
E 1993 0 6 18
E 1993 4 -6 -20
E 1993 5 -10 -30
T 1994 16 0 4 0
E 1994 0 10 32
E 1994 1 7 22
E 1994 2 4 13
E 1994 5 -5 -16
T 1995 25 0 4 0
E 1995 0 7 23
E 1995 1 4 13
E 1995 4 -5 -16
E 1995 5 -8 -25
T 1996 20 0 3 0
E 1996 0 9 29
E 1996 1 6 20
E 1996 5 -6 -19
T 1997 29 0 3 0
E 1997 0 5 17
E 1997 4 -7 -22
E 1997 5 -10 -31
T 1998 19 0 3 0
E 1998 0 9 28
E 1998 1 6 19
E 1998 5 -6 -20
T 1999 25 0 4 0
E 1999 0 7 23
E 1999 1 4 13
E 1999 4 -5 -15
E 1999 5 -8 -25
T 2000 16 0 4 0
E 2000 0 11 33
E 2000 1 7 23
E 2000 2 4 13
E 2000 5 -5 -15
T 2001 25 0 4 0
E 2001 0 7 23
E 2001 1 4 14
E 2001 4 -5 -15
E 2001 5 -8 -25
T 2002 20 0 3 0
E 2002 0 9 29
E 2002 1 6 19
E 2002 5 -6 -19
T 2003 19 0 3 0
E 2003 0 9 27
E 2003 1 6 18
E 2003 5 -7 -21
T 2004 28 0 3 0
E 2004 0 6 18
E 2004 4 -6 -20
E 2004 5 -10 -30
T 2005 11 0 3 0
E 2005 0 12 36
E 2005 1 8 26
E 2005 2 5 16
T 2006 28 0 3 0
E 2006 0 6 18
E 2006 4 -6 -20
E 2006 5 -10 -30
T 2007 15 0 4 0
E 2007 0 11 35
E 2007 1 8 25
E 2007 2 5 16
E 2007 5 -4 -13
T 2008 28 0 3 0
E 2008 0 5 16
E 2008 4 -7 -22
E 2008 5 -10 -32
T 2009 23 0 4 0
E 2009 0 8 25
E 2009 1 5 15
E 2009 4 -4 -13
E 2009 5 -7 -23
T 2010 23 0 4 0
E 2010 0 8 25
E 2010 1 5 15
E 2010 4 -4 -14
E 2010 5 -7 -23
T 2011 19 0 3 0
E 2011 0 9 27
E 2011 1 6 18
E 2011 5 -7 -21
T 2012 28 0 3 0
E 2012 0 6 19
E 2012 4 -6 -20
E 2012 5 -9 -29
T 2013 19 0 3 0
E 2013 0 10 31
E 2013 1 7 22
E 2013 5 -5 -17
T 2014 32 0 4 0
E 2014 0 5 15
E 2014 3 -4 -14
E 2014 4 -7 -23
E 2014 5 -11 -33
T 2015 11 0 3 0
E 2015 0 13 39
E 2015 1 9 29
E 2015 2 6 19
T 2016 37 0 3 0
E 2016 3 -7 -22
E 2016 4 -10 -31
E 2016 5 -13 -41
T 2017 4 0 4 0
E 2017 0 13 41
E 2017 1 11 34
E 2017 2 8 25
E 2017 3 5 15
T 2018 36 0 4 0
E 2018 2 -4 -13
E 2018 3 -7 -22
E 2018 4 -10 -32
E 2018 5 -14 -42
T 2019 5 0 3 0
E 2019 0 10 30
E 2019 1 9 28
E 2019 2 6 19
T 2020 27 0 3 0
E 2020 3 -6 -18
E 2020 4 -9 -28
E 2020 5 -12 -37
T 2021 5 0 4 0
E 2021 0 7 21
E 2021 1 8 25
E 2021 2 5 15
E 2021 5 -4 -14
T 2022 21 0 3 0
E 2022 3 -4 -13
E 2022 4 -7 -23
E 2022 5 -10 -32
T 2023 3 0 4 0
E 2023 0 5 16
E 2023 1 7 22
E 2023 2 5 15
E 2023 5 -4 -14
T 2024 15 0 2 0
E 2024 4 -5 -15
E 2024 5 -8 -25
T 2025 1 0 2 0
E 2025 1 6 18
E 2025 2 5 16
T 2026 10 0 2 0
E 2026 4 -5 -15
E 2026 5 -8 -25
T 2027 1 0 2 0
E 2027 1 5 17
E 2027 2 7 21
T 2028 3 0 1 0
E 2028 5 -7 -21
T 2029 3 0 2 0
E 2029 1 4 13
E 2029 2 6 19
T 2030 2 0 1 0
E 2030 2 4 14
T 2031 0 0 0 0
T 2032 1 0 0 0
T 2033 6 0 1 0
E 2033 3 5 15
T 2034 5 0 2 0
E 2034 0 -4 -13
E 2034 5 -4 -14
T 2035 8 0 1 0
E 2035 3 4 14
T 2036 8 0 1 0
E 2036 3 5 15
T 2037 7 0 0 0
T 2038 9 0 1 0
E 2038 0 -4 -13
T 2039 12 0 0 0
T 2040 12 0 1 0
E 2040 0 -6 -18
T 2041 12 0 1 0
E 2041 0 -5 -17
T 2042 14 0 1 0
E 2042 4 4 14
T 2043 15 0 1 0
E 2043 4 4 13
T 2044 10 0 2 0
E 2044 0 -7 -22
E 2044 1 -5 -16
T 2045 11 0 1 0
E 2045 0 -5 -16
T 2046 21 0 2 0
E 2046 4 5 15
E 2046 5 7 21
T 2047 6 0 3 0
E 2047 0 -9 -27
E 2047 1 -7 -21
E 2047 2 -5 -15
T 2048 22 0 3 0
E 2048 3 4 14
E 2048 4 6 20
E 2048 5 8 26
T 2049 7 0 3 0
E 2049 0 -9 -28
E 2049 1 -7 -22
E 2049 2 -5 -16
T 2050 22 0 3 0
E 2050 3 4 14
E 2050 4 6 20
E 2050 5 8 26
T 2051 12 0 1 0
E 2051 0 -6 -18
T 2052 15 1 2 0
E 2052 0 -5 -15
E 2052 5 5 15
T 2053 18 0 1 0
E 2053 5 6 18
T 2054 10 0 2 0
E 2054 0 -8 -24
E 2054 1 -6 -18
T 2055 18 0 1 0
E 2055 5 6 18
T 2056 16 0 2 0
E 2056 0 -5 -17
E 2056 5 4 13
T 2057 10 0 2 0
E 2057 0 -7 -22
E 2057 1 -5 -16
T 2058 23 0 3 0
E 2058 3 4 13
E 2058 4 6 19
E 2058 5 8 25
T 2059 9 0 2 0
E 2059 0 -7 -21
E 2059 1 -5 -15
T 2060 15 1 2 0
E 2060 0 -5 -15
E 2060 5 5 15
T 2061 16 0 2 0
E 2061 0 -5 -17
E 2061 5 4 13
T 2062 10 0 2 0
E 2062 0 -6 -20
E 2062 1 -4 -14
T 2063 19 0 2 0
E 2063 4 5 17
E 2063 5 7 23
T 2064 12 0 1 0
E 2064 0 -6 -18
T 2065 15 0 2 0
E 2065 0 -4 -14
E 2065 5 5 16
T 2066 10 0 2 0
E 2066 0 -7 -21
E 2066 1 -4 -14
T 2067 15 0 2 0
E 2067 0 -4 -14
E 2067 5 5 17
T 2068 11 0 2 0
E 2068 0 -7 -22
E 2068 1 -4 -14
T 2069 17 0 2 0
E 2069 0 -6 -18
E 2069 5 5 15
T 2070 18 0 2 0
E 2070 0 -6 -20
E 2070 5 4 13
T 2071 12 0 2 0
E 2071 0 -8 -25
E 2071 1 -5 -15
T 2072 18 0 2 0
E 2072 0 -6 -19
E 2072 5 5 15
T 2073 22 0 3 0
E 2073 0 -4 -14
E 2073 4 5 15
E 2073 5 7 21
T 2074 18 1 2 0
E 2074 0 -6 -18
E 2074 5 6 18
T 2075 22 0 3 0
E 2075 0 -5 -15
E 2075 4 5 15
E 2075 5 7 21
T 2076 22 0 3 0
E 2076 0 -6 -18
E 2076 4 4 13
E 2076 5 6 19
T 2077 22 0 3 0
E 2077 0 -6 -18
E 2077 4 4 13
E 2077 5 6 19
T 2078 19 0 2 0
E 2078 0 -7 -21
E 2078 5 5 17
T 2079 24 0 3 0
E 2079 0 -5 -17
E 2079 4 5 16
E 2079 5 7 22
T 2080 16 0 3 0
E 2080 0 -7 -22
E 2080 1 -4 -13
E 2080 5 5 17
T 2081 25 0 3 0
E 2081 0 -6 -19
E 2081 4 5 15
E 2081 5 7 21
T 2082 17 0 3 0
E 2082 0 -7 -22
E 2082 1 -4 -13
E 2082 5 6 18
T 2083 25 0 3 0
E 2083 0 -6 -19
E 2083 4 5 16
E 2083 5 7 22
T 2084 15 0 2 0
E 2084 0 -10 -32
E 2084 1 -7 -22
T 2085 25 0 3 0
E 2085 0 -6 -19
E 2085 4 5 17
E 2085 5 7 23
T 2086 27 0 3 0
E 2086 0 -7 -22
E 2086 4 5 15
E 2086 5 7 21
T 2087 23 0 4 0
E 2087 0 -7 -22
E 2087 1 -4 -13
E 2087 4 5 15
E 2087 5 7 21
T 2088 18 0 3 0
E 2088 0 -9 -27
E 2088 1 -5 -17
E 2088 5 5 17
T 2089 33 0 4 0
E 2089 0 -4 -14
E 2089 3 5 15
E 2089 4 8 25
E 2089 5 10 31
T 2090 10 0 3 0
E 2090 0 -13 -40
E 2090 1 -10 -31
E 2090 2 -7 -21
T 2091 37 0 3 0
E 2091 3 6 20
E 2091 4 10 30
E 2091 5 12 37
T 2092 11 0 3 0
E 2092 0 -12 -38
E 2092 1 -9 -29
E 2092 2 -6 -19
T 2093 27 0 3 0
E 2093 0 -6 -18
E 2093 4 6 20
E 2093 5 9 29
T 2094 20 0 3 0
E 2094 0 -10 -30
E 2094 1 -6 -20
E 2094 5 6 18
T 2095 23 0 4 0
E 2095 0 -8 -24
E 2095 1 -5 -15
E 2095 4 4 14
E 2095 5 8 24
T 2096 28 0 3 0
E 2096 0 -7 -22
E 2096 4 5 17
E 2096 5 8 26
T 2097 15 0 4 0
E 2097 0 -11 -33
E 2097 1 -8 -24
E 2097 2 -4 -14
E 2097 5 5 15
T 2098 28 0 3 0
E 2098 0 -7 -21
E 2098 4 5 17
E 2098 5 9 27
T 2099 25 0 4 0
E 2099 0 -8 -24
E 2099 1 -4 -14
E 2099 4 5 15
E 2099 5 8 24
T 2100 23 0 4 0
E 2100 0 -8 -24
E 2100 1 -5 -15
E 2100 4 4 14
E 2100 5 8 24
T 2101 28 0 3 0
E 2101 0 -7 -22
E 2101 4 5 17
E 2101 5 8 26
T 2102 15 0 4 0
E 2102 0 -11 -35
E 2102 1 -8 -26
E 2102 2 -5 -16
E 2102 5 4 13
T 2103 28 0 3 0
E 2103 0 -6 -18
E 2103 4 6 20
E 2103 5 10 30
T 2104 15 0 4 0
E 2104 0 -11 -35
E 2104 1 -8 -25
E 2104 2 -5 -15
E 2104 5 4 13
T 2105 28 0 3 0
E 2105 0 -6 -18
E 2105 4 6 20
E 2105 5 10 30
T 2106 19 0 3 0
E 2106 0 -9 -28
E 2106 1 -6 -18
E 2106 5 6 20
T 2107 28 0 3 0
E 2107 0 -6 -18
E 2107 4 6 20
E 2107 5 10 30
T 2108 24 1 4 0
E 2108 0 -8 -24
E 2108 1 -4 -14
E 2108 4 4 14
E 2108 5 8 24
T 2109 24 0 4 0
E 2109 0 -8 -26
E 2109 1 -5 -16
E 2109 4 4 13
E 2109 5 7 22
T 2110 28 0 3 0
E 2110 0 -7 -21
E 2110 4 5 17
E 2110 5 9 27
T 2111 14 0 4 0
E 2111 0 -11 -34
E 2111 1 -8 -24
E 2111 2 -5 -15
E 2111 5 4 14
T 2112 28 0 3 0
E 2112 0 -7 -21
E 2112 4 5 17
E 2112 5 9 27
T 2113 15 0 4 0
E 2113 0 -11 -35
E 2113 1 -8 -25
E 2113 2 -5 -16
E 2113 5 4 13
T 2114 29 0 3 0
E 2114 0 -6 -20
E 2114 4 6 19
E 2114 5 9 28
T 2115 19 0 3 0
E 2115 0 -9 -27
E 2115 1 -6 -18
E 2115 5 7 21
T 2116 32 0 4 0
E 2116 0 -5 -16
E 2116 3 4 13
E 2116 4 7 23
E 2116 5 10 32
T 2117 10 0 3 0
E 2117 0 -12 -36
E 2117 1 -9 -27
E 2117 2 -5 -17
T 2118 32 0 4 0
E 2118 0 -5 -16
E 2118 3 4 13
E 2118 4 7 22
E 2118 5 10 32
T 2119 15 0 4 0
E 2119 0 -11 -35
E 2119 1 -8 -25
E 2119 2 -5 -15
E 2119 5 4 13
T 2120 28 0 3 0
E 2120 0 -6 -18
E 2120 4 6 20
E 2120 5 10 30
T 2121 14 0 4 0
E 2121 0 -11 -34
E 2121 1 -8 -24
E 2121 2 -5 -15
E 2121 5 4 14
T 2122 33 0 4 0
E 2122 0 -4 -14
E 2122 3 4 14
E 2122 4 8 24
E 2122 5 11 34
T 2123 16 0 4 0
E 2123 0 -10 -32
E 2123 1 -7 -22
E 2123 2 -4 -13
E 2123 5 5 16
T 2124 25 0 4 0
E 2124 0 -8 -24
E 2124 1 -4 -14
E 2124 4 5 15
E 2124 5 8 24
T 2125 19 0 3 0
E 2125 0 -10 -31
E 2125 1 -7 -22
E 2125 5 5 17
T 2126 25 0 4 0
E 2126 0 -8 -24
E 2126 1 -4 -14
E 2126 4 5 15
E 2126 5 8 24
T 2127 23 0 4 0
E 2127 0 -8 -24
E 2127 1 -5 -15
E 2127 4 4 14
E 2127 5 8 24
T 2128 28 0 3 0
E 2128 0 -6 -19
E 2128 4 6 19
E 2128 5 9 29
T 2129 24 0 4 0
E 2129 0 -8 -26
E 2129 1 -5 -16
E 2129 4 4 13
E 2129 5 7 22
T 2130 19 0 3 0
E 2130 0 -9 -27
E 2130 1 -6 -18
E 2130 5 7 21
T 2131 33 0 4 0
E 2131 0 -5 -15
E 2131 3 4 14
E 2131 4 8 24
E 2131 5 11 33
T 2132 20 0 3 0
E 2132 0 -9 -29
E 2132 1 -6 -20
E 2132 5 6 19
T 2133 20 0 3 0
E 2133 0 -8 -26
E 2133 1 -5 -16
E 2133 5 7 22
T 2134 29 0 3 0
E 2134 0 -7 -21
E 2134 4 6 18
E 2134 5 9 27
T 2135 15 0 4 0
E 2135 0 -11 -35
E 2135 1 -8 -26
E 2135 2 -5 -16
E 2135 5 4 13
T 2136 38 0 3 0
E 2136 3 5 17
E 2136 4 9 27
E 2136 5 12 36
T 2137 7 0 4 0
E 2137 0 -13 -41
E 2137 1 -10 -32
E 2137 2 -7 -22
E 2137 3 -4 -13
T 2138 37 0 3 0
E 2138 3 6 20
E 2138 4 9 29
E 2138 5 13 39
T 2139 16 0 4 0
E 2139 0 -11 -33
E 2139 1 -7 -23
E 2139 2 -4 -13
E 2139 5 5 15
T 2140 37 0 3 0
E 2140 3 5 17
E 2140 4 8 26
E 2140 5 12 36
T 2141 6 0 4 0
E 2141 0 -14 -44
E 2141 1 -11 -34
E 2141 2 -8 -25
E 2141 3 -5 -15
T 2142 37 0 3 0
E 2142 3 7 21
E 2142 4 10 31
E 2142 5 13 41
T 2143 11 0 3 0
E 2143 0 -12 -36
E 2143 1 -8 -26
E 2143 2 -5 -17
T 2144 28 0 3 0
E 2144 0 -6 -19
E 2144 4 6 20
E 2144 5 9 29
T 2145 15 0 4 0
E 2145 0 -11 -33
E 2145 1 -8 -24
E 2145 2 -4 -14
E 2145 5 5 15
T 2146 34 0 4 0
E 2146 0 -4 -14
E 2146 3 5 15
E 2146 4 8 25
E 2146 5 11 34
T 2147 10 0 3 0
E 2147 0 -13 -39
E 2147 1 -10 -30
E 2147 2 -6 -20
T 2148 32 0 4 0
E 2148 0 -5 -16
E 2148 3 4 13
E 2148 4 7 22
E 2148 5 10 32
T 2149 16 0 4 0
E 2149 0 -11 -33
E 2149 1 -7 -23
E 2149 2 -4 -13
E 2149 5 5 15
T 2150 29 0 3 0
E 2150 0 -6 -20
E 2150 4 6 18
E 2150 5 9 28
T 2151 24 0 4 0
E 2151 0 -8 -26
E 2151 1 -5 -16
E 2151 4 4 13
E 2151 5 7 22
T 2152 19 0 3 0
E 2152 0 -10 -31
E 2152 1 -7 -22
E 2152 5 5 17
T 2153 28 0 3 0
E 2153 0 -7 -21
E 2153 4 5 17
E 2153 5 9 27
T 2154 20 0 3 0
E 2154 0 -9 -27
E 2154 1 -5 -17
E 2154 5 7 21
T 2155 25 0 4 0
E 2155 0 -7 -23
E 2155 1 -4 -14
E 2155 4 5 15
E 2155 5 8 25
T 2156 19 0 3 0
E 2156 0 -9 -28
E 2156 1 -6 -18
E 2156 5 6 20
T 2157 28 0 3 0
E 2157 0 -7 -21
E 2157 4 5 17
E 2157 5 9 27
T 2158 16 0 4 0
E 2158 0 -11 -33
E 2158 1 -7 -23
E 2158 2 -4 -14
E 2158 5 5 15
T 2159 33 0 4 0
E 2159 0 -4 -13
E 2159 3 5 16
E 2159 4 8 26
E 2159 5 11 35
T 2160 25 0 2 0
E 2160 1 -10 -31
E 2160 2 -7 -21
T 2161 7 0 3 0
E 2161 0 9 29
E 2161 4 5 17
E 2161 5 8 26
T 2162 34 0 3 0
E 2162 1 -11 -35
E 2162 2 -8 -25
E 2162 3 -5 -16
T 2163 10 0 3 0
E 2163 0 12 37
E 2163 4 6 18
E 2163 5 9 28
T 2164 45 0 4 0
E 2164 1 -14 -44
E 2164 2 -11 -34
E 2164 3 -8 -25
E 2164 4 -5 -15
T 2165 15 0 3 0
E 2165 0 15 47
E 2165 4 7 21
E 2165 5 10 31
T 2166 33 0 4 0
E 2166 0 4 14
E 2166 2 -11 -34
E 2166 3 -8 -24
E 2166 4 -4 -14
T 2167 15 0 4 0
E 2167 0 12 37
E 2167 1 9 27
E 2167 2 -4 -14
E 2167 5 5 15
T 2168 32 0 5 0
E 2168 0 7 22
E 2168 1 4 13
E 2168 2 -10 -32
E 2168 3 -7 -22
E 2168 4 -4 -13
T 2169 29 0 4 0
E 2169 0 10 30
E 2169 1 6 20
E 2169 2 -9 -27
E 2169 3 -6 -18
T 2170 37 0 5 0
E 2170 0 8 26
E 2170 1 5 16
E 2170 2 -11 -35
E 2170 3 -8 -25
E 2170 4 -5 -16
T 2171 30 0 4 0
E 2171 0 12 36
E 2171 1 9 27
E 2171 2 -9 -28
E 2171 3 -6 -18
T 2172 18 0 4 0
E 2172 0 12 36
E 2172 1 8 26
E 2172 2 5 17
E 2172 3 -7 -22
T 2173 45 0 4 0
E 2173 0 5 15
E 2173 3 -15 -45
E 2173 4 -12 -36
E 2173 5 -8 -26
T 2174 16 0 4 0
E 2174 0 16 48
E 2174 1 12 38
E 2174 2 9 29
E 2174 3 -5 -16
T 2175 51 0 4 0
E 2175 0 6 18
E 2175 3 -16 -49
E 2175 4 -13 -40
E 2175 5 -10 -30
T 2176 16 0 4 0
E 2176 0 17 53
E 2176 1 14 44
E 2176 2 11 34
E 2176 3 -5 -17
T 2177 58 0 4 0
E 2177 0 5 15
E 2177 3 -19 -59
E 2177 4 -16 -49
E 2177 5 -13 -39
T 2178 1 0 4 0
E 2178 0 21 63
E 2178 1 18 54
E 2178 2 14 44
E 2178 3 11 35
T 2179 56 0 4 0
E 2179 2 -4 -13
E 2179 3 -7 -23
E 2179 4 -21 -64
E 2179 5 -18 -55
T 2180 5 0 5 0
E 2180 0 20 60
E 2180 1 16 50
E 2180 2 13 40
E 2180 3 10 31
E 2180 4 -4 -14
T 2181 60 0 4 0
E 2181 2 -4 -14
E 2181 3 -8 -24
E 2181 4 -23 -71
E 2181 5 -20 -62
T 2182 6 0 5 0
E 2182 0 20 62
E 2182 1 17 52
E 2182 2 14 43
E 2182 3 11 33
E 2182 4 -6 -18
T 2183 64 0 4 0
E 2183 2 -4 -14
E 2183 3 -7 -23
E 2183 4 -26 -78
E 2183 5 -22 -68
T 2184 14 0 5 0
E 2184 0 24 72
E 2184 1 20 62
E 2184 2 17 53
E 2184 3 14 43
E 2184 4 11 34
T 2185 74 0 6 0
E 2185 0 -5 -17
E 2185 1 -9 -27
E 2185 2 -12 -37
E 2185 3 -15 -46
E 2185 4 -18 -56
E 2185 5 -32 -97
T 2186 20 0 5 0
E 2186 0 26 80
E 2186 1 23 71
E 2186 2 20 61
E 2186 3 17 51
E 2186 4 14 42
T 2187 81 0 6 0
E 2187 0 -7 -22
E 2187 1 -10 -32
E 2187 2 -13 -41
E 2187 3 -17 -51
E 2187 4 -20 -61
E 2187 5 -36 -108
T 2188 21 0 5 0
E 2188 0 27 81
E 2188 1 24 72
E 2188 2 20 62
E 2188 3 17 53
E 2188 4 14 43
T 2189 76 0 6 0
E 2189 0 -5 -15
E 2189 1 -8 -25
E 2189 2 -11 -34
E 2189 3 -14 -44
E 2189 4 -17 -53
E 2189 5 -36 -108
T 2190 25 0 6 0
E 2190 0 25 75
E 2190 1 21 65
E 2190 2 18 55
E 2190 3 15 46
E 2190 4 12 36
E 2190 5 9 27
T 2191 70 0 6 0
E 2191 0 -8 -24
E 2191 1 -11 -33
E 2191 2 -14 -43
E 2191 3 -17 -53
E 2191 4 -20 -62
E 2191 5 -24 -72
T 2192 28 0 6 0
E 2192 0 26 78
E 2192 1 22 68
E 2192 2 19 59
E 2192 3 16 49
E 2192 4 13 39
E 2192 5 10 30
T 2193 73 0 6 0
E 2193 0 -9 -27
E 2193 1 -12 -36
E 2193 2 -15 -46
E 2193 3 -18 -55
E 2193 4 -21 -65
E 2193 5 -25 -75
T 2194 25 0 6 0
E 2194 0 25 75
E 2194 1 21 65
E 2194 2 18 56
E 2194 3 15 46
E 2194 4 12 37
E 2194 5 9 27
T 2195 72 0 6 0
E 2195 0 -8 -26
E 2195 1 -12 -36
E 2195 2 -15 -46
E 2195 3 -18 -55
E 2195 4 -21 -65
E 2195 5 -24 -74
T 2196 29 0 6 0
E 2196 0 26 78
E 2196 1 23 69
E 2196 2 19 59
E 2196 3 16 49
E 2196 4 13 40
E 2196 5 10 30
T 2197 78 0 6 0
E 2197 0 -10 -32
E 2197 1 -14 -42
E 2197 2 -17 -51
E 2197 3 -20 -61
E 2197 4 -23 -71
E 2197 5 -26 -80
T 2198 33 0 6 0
E 2198 0 27 82
E 2198 1 24 73
E 2198 2 21 63
E 2198 3 18 54
E 2198 4 14 44
E 2198 5 11 34
T 2199 74 0 6 0
E 2199 0 -9 -28
E 2199 1 -12 -38
E 2199 2 -15 -47
E 2199 3 -19 -57
E 2199 4 -22 -66
E 2199 5 -25 -76
T 2200 28 0 6 0
E 2200 0 26 79
E 2200 1 23 69
E 2200 2 19 59
E 2200 3 16 50
E 2200 4 13 40
E 2200 5 10 31
T 2201 67 0 6 0
E 2201 0 -7 -21
E 2201 1 -10 -30
E 2201 2 -13 -40
E 2201 3 -16 -50
E 2201 4 -19 -59
E 2201 5 -23 -69
T 2202 20 0 6 0
E 2202 0 23 71
E 2202 1 20 61
E 2202 2 17 52
E 2202 3 14 42
E 2202 4 10 32
E 2202 5 7 23
T 2203 65 0 6 0
E 2203 0 -6 -20
E 2203 1 -9 -29
E 2203 2 -13 -39
E 2203 3 -16 -48
E 2203 4 -19 -58
E 2203 5 -22 -68
T 2204 15 0 6 0
E 2204 0 21 65
E 2204 1 18 55
E 2204 2 15 46
E 2204 3 12 36
E 2204 4 9 27
E 2204 5 5 17
T 2205 60 0 6 0
E 2205 0 -4 -13
E 2205 1 -7 -23
E 2205 2 -11 -33
E 2205 3 -14 -42
E 2205 4 -17 -52
E 2205 5 -20 -61
T 2206 12 0 6 0
E 2206 0 20 62
E 2206 1 17 53
E 2206 2 14 43
E 2206 3 11 33
E 2206 4 8 24
E 2206 5 4 14
T 2207 55 0 5 0
E 2207 1 -7 -22
E 2207 2 -10 -31
E 2207 3 -13 -41
E 2207 4 -17 -51
E 2207 5 -20 -60
T 2208 1 0 5 0
E 2208 0 17 51
E 2208 1 14 42
E 2208 2 10 32
E 2208 3 7 23
E 2208 4 4 13
T 2209 42 0 4 0
E 2209 2 -4 -14
E 2209 3 -8 -24
E 2209 4 -11 -33
E 2209 5 -14 -43
T 2210 6 0 4 0
E 2210 0 14 44
E 2210 1 11 34
E 2210 2 8 24
E 2210 3 5 15
T 2211 43 0 4 0
E 2211 2 -5 -17
E 2211 3 -9 -27
E 2211 4 -12 -36
E 2211 5 -15 -46
T 2212 5 0 4 0
E 2212 0 16 48
E 2212 1 12 38
E 2212 2 9 29
E 2212 3 6 19
T 2213 42 0 4 0
E 2213 2 -5 -15
E 2213 3 -8 -24
E 2213 4 -11 -34
E 2213 5 -14 -44
T 2214 11 0 3 0
E 2214 0 13 41
E 2214 1 10 31
E 2214 2 7 22
T 2215 29 0 3 0
E 2215 0 6 18
E 2215 4 -7 -21
E 2215 5 -10 -30
T 2216 15 0 4 0
E 2216 0 11 33
E 2216 1 8 24
E 2216 2 4 14
E 2216 5 -5 -15
T 2217 33 0 4 0
E 2217 0 5 15
E 2217 3 -4 -14
E 2217 4 -8 -24
E 2217 5 -11 -33
T 2218 19 0 3 0
E 2218 0 10 30
E 2218 1 7 21
E 2218 5 -6 -18
T 2219 28 0 3 0
E 2219 0 6 18
E 2219 4 -6 -20
E 2219 5 -10 -30
T 2220 20 0 3 0
E 2220 0 10 32
E 2220 1 7 22
E 2220 5 -5 -16
T 2221 32 0 4 0
E 2221 0 5 15
E 2221 3 -4 -14
E 2221 4 -7 -23
E 2221 5 -11 -33
T 2222 11 0 3 0
E 2222 0 13 39
E 2222 1 9 29
E 2222 2 6 20
T 2223 33 0 4 0
E 2223 0 4 14
E 2223 3 -4 -14
E 2223 4 -8 -24
E 2223 5 -11 -34
T 2224 11 0 3 0
E 2224 0 13 39
E 2224 1 9 29
E 2224 2 6 20
T 2225 41 0 4 0
E 2225 2 -4 -13
E 2225 3 -7 -22
E 2225 4 -10 -32
E 2225 5 -13 -41
T 2226 11 0 3 0
E 2226 0 12 38
E 2226 1 9 29
E 2226 2 6 19
T 2227 29 0 3 0
E 2227 0 6 18
E 2227 4 -7 -21
E 2227 5 -10 -30
T 2228 23 0 4 0
E 2228 0 8 25
E 2228 1 5 16
E 2228 4 -4 -13
E 2228 5 -7 -23
T 2229 20 0 3 0
E 2229 0 9 29
E 2229 1 6 19
E 2229 5 -6 -19
T 2230 29 0 3 0
E 2230 0 7 21
E 2230 4 -6 -18
E 2230 5 -9 -27
T 2231 19 0 3 0
E 2231 0 10 30
E 2231 1 7 21
E 2231 5 -6 -18
T 2232 28 0 3 0
E 2232 0 7 22
E 2232 4 -5 -17
E 2232 5 -8 -26
T 2233 20 0 3 0
E 2233 0 9 29
E 2233 1 6 20
E 2233 5 -6 -19
T 2234 25 0 4 0
E 2234 0 7 23
E 2234 1 4 13
E 2234 4 -5 -15
E 2234 5 -8 -25
T 2235 29 0 3 0
E 2235 0 7 21
E 2235 4 -6 -18
E 2235 5 -9 -27
T 2236 23 0 4 0
E 2236 0 8 25
E 2236 1 5 16
E 2236 4 -4 -13
E 2236 5 -7 -23
T 2237 20 0 3 0
E 2237 0 9 29
E 2237 1 6 19
E 2237 5 -6 -19
T 2238 23 0 4 0
E 2238 0 8 24
E 2238 1 5 15
E 2238 4 -4 -14
E 2238 5 -8 -24
T 2239 28 0 3 0
E 2239 0 6 19
E 2239 4 -6 -19
E 2239 5 -9 -29
T 2240 15 0 4 0
E 2240 0 11 35
E 2240 1 8 25
E 2240 2 5 15
E 2240 5 -4 -13
T 2241 34 0 4 0
E 2241 0 4 14
E 2241 3 -5 -15
E 2241 4 -8 -24
E 2241 5 -11 -34
T 2242 10 0 3 0
E 2242 0 12 37
E 2242 1 9 27
E 2242 2 6 18
T 2243 33 0 4 0
E 2243 0 4 14
E 2243 3 -4 -14
E 2243 4 -8 -24
E 2243 5 -11 -34
T 2244 16 0 4 0
E 2244 0 10 32
E 2244 1 7 22
E 2244 2 4 13
E 2244 5 -5 -16
T 2245 32 0 4 0
E 2245 0 5 16
E 2245 3 -4 -13
E 2245 4 -7 -23
E 2245 5 -10 -32
T 2246 16 0 4 0
E 2246 0 10 32
E 2246 1 7 23
E 2246 2 4 13
E 2246 5 -5 -16
T 2247 38 0 3 0
E 2247 3 -5 -17
E 2247 4 -9 -27
E 2247 5 -12 -36
T 2248 14 0 4 0
E 2248 0 11 34
E 2248 1 8 25
E 2248 2 5 15
E 2248 5 -4 -14
T 2249 28 0 3 0
E 2249 0 7 21
E 2249 4 -5 -17
E 2249 5 -9 -27
T 2250 25 0 4 0
E 2250 0 8 24
E 2250 1 4 14
E 2250 4 -5 -15
E 2250 5 -8 -24
T 2251 19 0 3 0
E 2251 0 10 31
E 2251 1 7 22
E 2251 5 -5 -17
T 2252 32 0 4 0
E 2252 0 5 16
E 2252 3 -4 -13
E 2252 4 -7 -23
E 2252 5 -10 -32
T 2253 20 0 3 0
E 2253 0 9 29
E 2253 1 6 20
E 2253 5 -6 -19
T 2254 29 0 3 0
E 2254 0 5 17
E 2254 4 -7 -21
E 2254 5 -10 -31
T 2255 15 0 4 0
E 2255 0 11 34
E 2255 1 8 24
E 2255 2 4 14
E 2255 5 -4 -14
T 2256 28 0 3 0
E 2256 0 6 18
E 2256 4 -6 -20
E 2256 5 -10 -30
T 2257 12 0 4 0
E 2257 0 10 31
E 2257 1 8 24
E 2257 2 5 15
E 2257 5 -4 -14
T 2258 21 0 4 0
E 2258 0 5 17
E 2258 1 4 13
E 2258 4 -5 -16
E 2258 5 -8 -26
T 2259 18 0 4 0
E 2259 0 5 17
E 2259 1 5 15
E 2259 4 -4 -13
E 2259 5 -7 -23
T 2260 9 0 4 0
E 2260 0 7 22
E 2260 1 7 23
E 2260 2 4 13
E 2260 5 -5 -15
T 2261 21 0 2 0
E 2261 4 -6 -19
E 2261 5 -9 -29
T 2262 1 0 3 0
E 2262 0 8 24
E 2262 1 10 30
E 2262 2 7 21
T 2263 19 0 3 0
E 2263 3 -5 -16
E 2263 4 -8 -26
E 2263 5 -12 -36
T 2264 7 0 4 0
E 2264 0 8 24
E 2264 1 10 30
E 2264 2 8 26
E 2264 3 5 16
T 2265 14 0 3 0
E 2265 3 -5 -17
E 2265 4 -9 -27
E 2265 5 -12 -36
T 2266 9 0 4 0
E 2266 0 6 18
E 2266 1 8 24
E 2266 2 8 25
E 2266 3 5 15
T 2267 5 0 2 0
E 2267 4 -6 -20
E 2267 5 -9 -29
T 2268 0 0 1 0
E 2268 2 6 18
T 2269 1 1 2 0
E 2269 2 4 13
E 2269 5 -4 -13
T 2270 1 0 1 0
E 2270 5 -4 -14
T 2271 3 0 0 0
T 2272 3 0 1 0
E 2272 5 -4 -13
T 2273 8 0 2 0
E 2273 2 4 14
E 2273 3 6 18
T 2274 5 0 2 0
E 2274 0 -5 -15
E 2274 5 -5 -16
T 2275 7 0 0 0
T 2276 9 0 1 0
E 2276 0 -4 -13
T 2277 9 0 1 0
E 2277 0 -4 -13
T 2278 10 0 0 0
T 2279 12 0 0 0
T 2280 14 0 1 0
E 2280 4 5 15
T 2281 15 0 1 0
E 2281 4 4 13
T 2282 10 0 2 0
E 2282 0 -7 -22
E 2282 1 -5 -16
T 2283 12 0 1 0
E 2283 0 -5 -17
T 2284 19 0 2 0
E 2284 4 4 13
E 2284 5 4 14
T 2285 14 1 2 0
E 2285 0 -4 -14
E 2285 5 4 14
T 2286 15 0 2 0
E 2286 0 -4 -14
E 2286 5 5 16
T 2287 16 0 2 0
E 2287 0 -5 -17
E 2287 5 4 13
T 2288 15 1 2 0
E 2288 0 -5 -15
E 2288 5 5 15
T 2289 12 0 1 0
E 2289 0 -6 -18
T 2290 21 0 2 0
E 2290 4 4 13
E 2290 5 6 19
T 2291 7 0 3 0
E 2291 0 -9 -28
E 2291 1 -7 -22
E 2291 2 -5 -16
T 2292 18 0 1 0
E 2292 5 6 18
T 2293 10 0 2 0
E 2293 0 -7 -22
E 2293 1 -5 -16
T 2294 20 0 2 0
E 2294 4 4 14
E 2294 5 6 20
T 2295 9 0 2 0
E 2295 0 -7 -21
E 2295 1 -5 -15
T 2296 20 0 2 0
E 2296 4 4 14
E 2296 5 6 20
T 2297 9 0 2 0
E 2297 0 -6 -19
E 2297 1 -4 -13
T 2298 20 0 2 0
E 2298 4 5 16
E 2298 5 7 22
T 2299 9 0 2 0
E 2299 0 -7 -21
E 2299 1 -5 -15
T 2300 20 0 2 0
E 2300 4 5 16
E 2300 5 7 22
T 2301 10 0 2 0
E 2301 0 -6 -20
E 2301 1 -4 -14
T 2302 20 0 2 0
E 2302 4 4 14
E 2302 5 6 20
T 2303 7 0 3 0
E 2303 0 -8 -25
E 2303 1 -6 -19
E 2303 2 -4 -13
T 2304 23 0 3 0
E 2304 3 4 13
E 2304 4 6 19
E 2304 5 8 25
T 2305 12 0 1 0
E 2305 0 -6 -18
T 2306 22 0 2 0
E 2306 4 5 15
E 2306 5 7 21
T 2307 10 0 2 0
E 2307 0 -6 -20
E 2307 1 -4 -13
T 2308 25 0 3 0
E 2308 3 4 13
E 2308 4 6 19
E 2308 5 8 25
T 2309 11 0 2 0
E 2309 0 -7 -22
E 2309 1 -4 -13
T 2310 25 0 3 0
E 2310 3 4 14
E 2310 4 6 20
E 2310 5 8 26
T 2311 10 0 3 0
E 2311 0 -10 -30
E 2311 1 -6 -20
E 2311 2 -4 -14
T 2312 26 0 3 0
E 2312 3 5 17
E 2312 4 7 23
E 2312 5 9 29
T 2313 10 0 3 0
E 2313 0 -10 -31
E 2313 1 -7 -21
E 2313 2 -4 -14
T 2314 29 0 3 0
E 2314 3 4 13
E 2314 4 6 19
E 2314 5 8 25
T 2315 9 0 3 0
E 2315 0 -11 -33
E 2315 1 -8 -24
E 2315 2 -5 -15
T 2316 22 0 3 0
E 2316 0 -5 -15
E 2316 4 5 16
E 2316 5 7 22
T 2317 22 0 3 0
E 2317 0 -6 -18
E 2317 4 4 13
E 2317 5 6 19
T 2318 19 0 2 0
E 2318 0 -7 -21
E 2318 5 5 17
T 2319 23 0 3 0
E 2319 0 -6 -19
E 2319 4 4 14
E 2319 5 6 20
T 2320 14 0 2 0
E 2320 0 -9 -29
E 2320 1 -6 -20
T 2321 25 0 3 0
E 2321 0 -6 -19
E 2321 4 5 15
E 2321 5 7 21
T 2322 16 0 3 0
E 2322 0 -9 -27
E 2322 1 -6 -18
E 2322 5 4 13
T 2323 29 0 4 0
E 2323 0 -5 -16
E 2323 3 4 13
E 2323 4 6 19
E 2323 5 8 25
T 2324 11 0 3 0
E 2324 0 -12 -37
E 2324 1 -9 -27
E 2324 2 -5 -17
T 2325 39 0 4 0
E 2325 2 4 13
E 2325 3 7 23
E 2325 4 10 30
E 2325 5 12 36
T 2326 10 0 3 0
E 2326 0 -13 -40
E 2326 1 -10 -30
E 2326 2 -7 -21
T 2327 32 0 4 0
E 2327 0 -4 -13
E 2327 3 5 15
E 2327 4 8 24
E 2327 5 10 30
T 2328 11 0 3 0
E 2328 0 -11 -33
E 2328 1 -7 -23
E 2328 2 -4 -14
T 2329 37 0 3 0
E 2329 3 7 21
E 2329 4 10 31
E 2329 5 12 37
T 2330 10 0 3 0
E 2330 0 -11 -33
E 2330 1 -8 -24
E 2330 2 -4 -14
T 2331 37 0 3 0
E 2331 3 6 20
E 2331 4 10 30
E 2331 5 12 37
T 2332 6 0 4 0
E 2332 0 -14 -44
E 2332 1 -11 -35
E 2332 2 -8 -25
E 2332 3 -5 -16
T 2333 36 0 3 0
E 2333 3 6 20
E 2333 4 9 29
E 2333 5 12 38
T 2334 11 0 3 0
E 2334 0 -13 -40
E 2334 1 -10 -30
E 2334 2 -6 -20
T 2335 28 0 3 0
E 2335 0 -6 -18
E 2335 4 6 20
E 2335 5 10 30
T 2336 20 0 3 0
E 2336 0 -9 -27
E 2336 1 -5 -17
E 2336 5 7 21
T 2337 29 0 3 0
E 2337 0 -6 -20
E 2337 4 6 18
E 2337 5 9 28
T 2338 10 0 3 0
E 2338 0 -12 -37
E 2338 1 -9 -27
E 2338 2 -6 -18
T 2339 41 0 4 0
E 2339 2 4 13
E 2339 3 7 22
E 2339 4 10 32
E 2339 5 13 41
T 2340 6 0 4 0
E 2340 0 -14 -42
E 2340 1 -11 -33
E 2340 2 -7 -23
E 2340 3 -4 -13
T 2341 42 0 4 0
E 2341 2 4 13
E 2341 3 7 23
E 2341 4 11 33
E 2341 5 14 42
T 2342 10 0 3 0
E 2342 0 -13 -40
E 2342 1 -10 -31
E 2342 2 -7 -21
T 2343 37 0 3 0
E 2343 3 6 20
E 2343 4 9 29
E 2343 5 13 39
T 2344 15 0 4 0
E 2344 0 -11 -34
E 2344 1 -8 -24
E 2344 2 -4 -14
E 2344 5 4 14
T 2345 37 0 3 0
E 2345 3 6 19
E 2345 4 9 28
E 2345 5 12 38
T 2346 6 0 4 0
E 2346 0 -14 -44
E 2346 1 -11 -34
E 2346 2 -8 -25
E 2346 3 -5 -15
T 2347 37 0 3 0
E 2347 3 5 16
E 2347 4 8 26
E 2347 5 12 36
T 2348 15 0 4 0
E 2348 0 -11 -35
E 2348 1 -8 -25
E 2348 2 -5 -16
E 2348 5 4 13
T 2349 29 0 3 0
E 2349 0 -6 -20
E 2349 4 6 19
E 2349 5 9 28
T 2350 23 0 4 0
E 2350 0 -8 -25
E 2350 1 -5 -16
E 2350 4 4 13
E 2350 5 7 23
T 2351 20 0 3 0
E 2351 0 -10 -30
E 2351 1 -6 -20
E 2351 5 6 18
T 2352 20 0 3 0
E 2352 0 -8 -26
E 2352 1 -5 -17
E 2352 5 7 22
T 2353 20 0 3 0
E 2353 0 -8 -26
E 2353 1 -5 -16
E 2353 5 7 22
T 2354 20 0 3 0
E 2354 0 -9 -27
E 2354 1 -5 -17
E 2354 5 7 21
T 2355 20 0 3 0
E 2355 0 -8 -26
E 2355 1 -5 -17
E 2355 5 7 22
T 2356 29 0 3 0
E 2356 0 -6 -18
E 2356 4 7 21
E 2356 5 10 30
T 2357 19 0 3 0
E 2357 0 -9 -27
E 2357 1 -6 -18
E 2357 5 7 21
T 2358 28 0 3 0
E 2358 0 -6 -19
E 2358 4 6 19
E 2358 5 9 29
T 2359 15 0 4 0
E 2359 0 -11 -35
E 2359 1 -8 -25
E 2359 2 -5 -15
E 2359 5 4 13
T 2360 29 0 3 0
E 2360 0 -6 -20
E 2360 4 6 18
E 2360 5 9 28
T 2361 14 0 4 0
E 2361 0 -11 -34
E 2361 1 -8 -24
E 2361 2 -5 -15
E 2361 5 4 14
T 2362 33 0 4 0
E 2362 0 -4 -13
E 2362 3 5 15
E 2362 4 8 25
E 2362 5 11 35
T 2363 14 0 4 0
E 2363 0 -11 -34
E 2363 1 -8 -24
E 2363 2 -5 -15
E 2363 5 4 14
T 2364 28 0 3 0
E 2364 0 -6 -19
E 2364 4 6 20
E 2364 5 9 29
T 2365 23 0 4 0
E 2365 0 -8 -25
E 2365 1 -5 -16
E 2365 4 4 13
E 2365 5 7 23
T 2366 28 0 3 0
E 2366 0 -6 -19
E 2366 4 6 20
E 2366 5 9 29
T 2367 23 0 4 0
E 2367 0 -8 -25
E 2367 1 -5 -16
E 2367 4 4 13
E 2367 5 7 23
T 2368 28 0 3 0
E 2368 0 -6 -19
E 2368 4 6 19
E 2368 5 9 29
T 2369 23 0 4 0
E 2369 0 -8 -25
E 2369 1 -5 -15
E 2369 4 4 14
E 2369 5 7 23
T 2370 24 0 4 0
E 2370 0 -7 -22
E 2370 1 -4 -13
E 2370 4 5 16
E 2370 5 8 26
T 2371 20 0 3 0
E 2371 0 -9 -29
E 2371 1 -6 -19
E 2371 5 6 19
T 2372 20 0 3 0
E 2372 0 -8 -26
E 2372 1 -5 -17
E 2372 5 7 22
T 2373 32 0 4 0
E 2373 0 -5 -16
E 2373 3 4 13
E 2373 4 7 22
E 2373 5 10 32
T 2374 19 0 3 0
E 2374 0 -10 -31
E 2374 1 -7 -21
E 2374 5 5 17
T 2375 32 0 4 0
E 2375 0 -5 -15
E 2375 3 4 14
E 2375 4 7 23
E 2375 5 11 33
T 2376 11 0 3 0
E 2376 0 -13 -39
E 2376 1 -9 -29
E 2376 2 -6 -20
T 2377 41 0 4 0
E 2377 2 4 13
E 2377 3 7 22
E 2377 4 10 32
E 2377 5 14 42
T 2378 6 0 4 0
E 2378 0 -14 -43
E 2378 1 -11 -33
E 2378 2 -8 -24
E 2378 3 -4 -14
T 2379 44 0 4 0
E 2379 2 6 18
E 2379 3 9 27
E 2379 4 12 37
E 2379 5 15 46
T 2380 5 0 4 0
E 2380 0 -15 -45
E 2380 1 -12 -36
E 2380 2 -8 -26
E 2380 3 -5 -16
T 2381 38 0 3 0
E 2381 3 7 21
E 2381 4 10 31
E 2381 5 13 40
T 2382 10 0 3 0
E 2382 0 -12 -37
E 2382 1 -9 -28
E 2382 2 -6 -18
T 2383 41 0 4 0
E 2383 2 4 13
E 2383 3 7 23
E 2383 4 10 32
E 2383 5 14 42
T 2384 5 0 4 0
E 2384 0 -15 -47
E 2384 1 -12 -37
E 2384 2 -9 -27
E 2384 3 -6 -18
T 2385 38 0 3 0
E 2385 3 7 21
E 2385 4 10 30
E 2385 5 13 40
T 2386 5 0 4 0
E 2386 0 -15 -46
E 2386 1 -12 -36
E 2386 2 -9 -27
E 2386 3 -5 -17
T 2387 43 0 4 0
E 2387 2 6 18
E 2387 3 9 27
E 2387 4 12 37
E 2387 5 15 47
T 2388 6 0 4 0
E 2388 0 -14 -44
E 2388 1 -11 -34
E 2388 2 -8 -25
E 2388 3 -5 -15
T 2389 38 0 3 0
E 2389 3 6 20
E 2389 4 10 30
E 2389 5 13 39
T 2390 11 0 3 0
E 2390 0 -13 -41
E 2390 1 -10 -32
E 2390 2 -7 -22
T 2391 32 0 4 0
E 2391 0 -5 -16
E 2391 3 4 13
E 2391 4 7 23
E 2391 5 10 32
T 2392 20 0 3 0
E 2392 0 -9 -29
E 2392 1 -6 -20
E 2392 5 6 19
T 2393 23 0 4 0
E 2393 0 -8 -25
E 2393 1 -5 -15
E 2393 4 4 13
E 2393 5 7 23
T 2394 19 0 3 0
E 2394 0 -9 -28
E 2394 1 -6 -18
E 2394 5 6 20
T 2395 25 0 4 0
E 2395 0 -7 -23
E 2395 1 -4 -14
E 2395 4 5 15
E 2395 5 8 25
T 2396 20 0 3 0
E 2396 0 -9 -29
E 2396 1 -6 -19
E 2396 5 6 19
T 2397 28 0 3 0
E 2397 0 -5 -16
E 2397 4 7 22
E 2397 5 10 32
T 2398 15 0 4 0
E 2398 0 -11 -35
E 2398 1 -8 -25
E 2398 2 -5 -16
E 2398 5 4 13
T 2399 29 0 3 0
E 2399 0 -6 -20
E 2399 4 6 19
E 2399 5 9 28
T 2400 9 0 4 0
E 2400 0 8 24
E 2400 1 -5 -15
E 2400 4 4 14
E 2400 5 8 24
T 2401 31 0 3 0
E 2401 1 -12 -37
E 2401 2 -9 -28
E 2401 3 -6 -18
T 2402 4 0 4 0
E 2402 0 13 39
E 2402 3 4 13
E 2402 4 7 23
E 2402 5 11 33
T 2403 37 0 3 0
E 2403 1 -13 -40
E 2403 2 -10 -31
E 2403 3 -7 -21
T 2404 17 0 4 0
E 2404 0 12 38
E 2404 1 -4 -13
E 2404 4 5 16
E 2404 5 8 25
T 2405 39 0 4 0
E 2405 0 5 15
E 2405 1 -13 -40
E 2405 2 -10 -30
E 2405 3 -6 -20
T 2406 7 0 4 0
E 2406 0 13 41
E 2406 1 10 32
E 2406 4 4 13
E 2406 5 7 22
T 2407 46 0 4 0
E 2407 2 -15 -45
E 2407 3 -12 -36
E 2407 4 -8 -26
E 2407 5 -5 -16
T 2408 12 0 3 0
E 2408 0 14 43
E 2408 1 11 34
E 2408 5 6 18
T 2409 53 0 4 0
E 2409 2 -15 -46
E 2409 3 -12 -37
E 2409 4 -9 -27
E 2409 5 -6 -18
T 2410 15 0 3 0
E 2410 0 17 53
E 2410 1 14 43
E 2410 5 7 21
T 2411 60 0 4 0
E 2411 2 -17 -52
E 2411 3 -14 -42
E 2411 4 -10 -32
E 2411 5 -7 -23
T 2412 1 0 5 0
E 2412 0 20 61
E 2412 1 17 51
E 2412 2 14 42
E 2412 4 4 13
E 2412 5 7 23
T 2413 61 0 5 0
E 2413 1 -4 -14
E 2413 2 -8 -24
E 2413 3 -21 -65
E 2413 4 -18 -56
E 2413 5 -15 -46
T 2414 1 0 5 0
E 2414 0 22 67
E 2414 1 19 57
E 2414 2 16 48
E 2414 4 4 13
E 2414 5 7 22
T 2415 63 0 4 0
E 2415 2 -6 -20
E 2415 3 -22 -67
E 2415 4 -19 -58
E 2415 5 -16 -48
T 2416 6 0 4 0
E 2416 0 21 64
E 2416 1 18 55
E 2416 2 15 45
E 2416 5 4 13
T 2417 63 0 3 0
E 2417 3 -20 -62
E 2417 4 -17 -52
E 2417 5 -14 -42
T 2418 0 0 4 0
E 2418 0 20 62
E 2418 1 17 53
E 2418 2 14 43
E 2418 3 11 34
T 2419 57 0 4 0
E 2419 2 -5 -17
E 2419 3 -9 -27
E 2419 4 -22 -68
E 2419 5 -19 -59
T 2420 5 0 5 0
E 2420 0 20 61
E 2420 1 17 51
E 2420 2 13 41
E 2420 3 10 32
E 2420 4 -4 -13
T 2421 57 0 3 0
E 2421 3 -6 -19
E 2421 4 -22 -66
E 2421 5 -19 -57
T 2422 6 0 5 0
E 2422 0 20 61
E 2422 1 17 51
E 2422 2 14 42
E 2422 3 10 32
E 2422 4 -6 -19
T 2423 60 0 3 0
E 2423 3 -5 -16
E 2423 4 -23 -71
E 2423 5 -20 -61
T 2424 1 0 6 0
E 2424 0 20 60
E 2424 1 16 50
E 2424 2 13 41
E 2424 3 10 31
E 2424 4 7 22
E 2424 5 -5 -17
T 2425 53 0 4 0
E 2425 2 -5 -16
E 2425 3 -8 -25
E 2425 4 -11 -35
E 2425 5 -25 -76
T 2426 5 0 6 0
E 2426 0 18 56
E 2426 1 15 47
E 2426 2 12 37
E 2426 3 9 27
E 2426 4 6 18
E 2426 5 -9 -27
T 2427 50 0 3 0
E 2427 3 -5 -17
E 2427 4 -9 -27
E 2427 5 -24 -74
T 2428 17 0 5 0
E 2428 0 16 48
E 2428 1 13 39
E 2428 2 9 29
E 2428 3 6 20
E 2428 5 -13 -41
T 2429 39 0 4 0
E 2429 0 8 24
E 2429 1 4 14
E 2429 4 -4 -14
E 2429 5 -23 -69
T 2430 11 0 3 0
E 2430 0 13 39
E 2430 1 9 29
E 2430 2 6 19
T 2431 37 0 3 0
E 2431 3 -6 -20
E 2431 4 -9 -29
E 2431 5 -13 -39
T 2432 15 0 4 0
E 2432 0 11 35
E 2432 1 8 25
E 2432 2 5 16
E 2432 5 -4 -13
T 2433 29 0 3 0
E 2433 0 5 17
E 2433 4 -7 -21
E 2433 5 -10 -31
T 2434 23 0 4 0
E 2434 0 8 25
E 2434 1 5 15
E 2434 4 -4 -13
E 2434 5 -7 -23
T 2435 20 0 3 0
E 2435 0 9 29
E 2435 1 6 19
E 2435 5 -6 -19
T 2436 23 0 4 0
E 2436 0 8 25
E 2436 1 5 16
E 2436 4 -4 -13
E 2436 5 -7 -23
T 2437 20 0 3 0
E 2437 0 10 30
E 2437 1 6 20
E 2437 5 -6 -18
T 2438 29 0 3 0
E 2438 0 6 20
E 2438 4 -6 -18
E 2438 5 -9 -28
T 2439 19 0 3 0
E 2439 0 10 31
E 2439 1 7 21
E 2439 5 -5 -17
T 2440 25 0 4 0
E 2440 0 8 24
E 2440 1 4 14
E 2440 4 -5 -15
E 2440 5 -8 -24
T 2441 20 0 3 0
E 2441 0 9 29
E 2441 1 6 20
E 2441 5 -6 -19
T 2442 29 0 3 0
E 2442 0 6 20
E 2442 4 -6 -19
E 2442 5 -9 -28
T 2443 19 0 3 0
E 2443 0 10 31
E 2443 1 7 22
E 2443 5 -5 -17
T 2444 32 0 4 0
E 2444 0 5 16
E 2444 3 -4 -13
E 2444 4 -7 -22
E 2444 5 -10 -32
T 2445 16 0 4 0
E 2445 0 11 33
E 2445 1 7 23
E 2445 2 4 13
E 2445 5 -5 -15
T 2446 37 0 3 0
E 2446 3 -5 -17
E 2446 4 -8 -26
E 2446 5 -12 -36
T 2447 11 0 3 0
E 2447 0 13 41
E 2447 1 10 31
E 2447 2 7 22
T 2448 28 0 3 0
E 2448 0 6 18
E 2448 4 -6 -20
E 2448 5 -10 -30
T 2449 20 0 3 0
E 2449 0 9 29
E 2449 1 6 19
E 2449 5 -6 -19
T 2450 28 0 3 0
E 2450 0 7 22
E 2450 4 -5 -17
E 2450 5 -8 -26
T 2451 15 0 4 0
E 2451 0 11 33
E 2451 1 8 24
E 2451 2 4 14
E 2451 5 -5 -15
T 2452 33 0 4 0
E 2452 0 5 15
E 2452 3 -4 -14
E 2452 4 -8 -24
E 2452 5 -11 -33
T 2453 10 0 3 0
E 2453 0 12 36
E 2453 1 9 27
E 2453 2 5 17
T 2454 32 0 4 0
E 2454 0 5 15
E 2454 3 -4 -14
E 2454 4 -7 -23
E 2454 5 -11 -33
T 2455 11 0 3 0
E 2455 0 13 40
E 2455 1 10 30
E 2455 2 6 20
T 2456 34 0 4 0
E 2456 0 4 14
E 2456 3 -5 -15
E 2456 4 -8 -24
E 2456 5 -11 -34
T 2457 16 0 4 0
E 2457 0 10 32
E 2457 1 7 22
E 2457 2 4 13
E 2457 5 -5 -16
T 2458 33 0 4 0
E 2458 0 4 14
E 2458 3 -4 -14
E 2458 4 -8 -24
E 2458 5 -11 -34
T 2459 15 0 4 0
E 2459 0 11 35
E 2459 1 8 25
E 2459 2 5 16
E 2459 5 -4 -13
T 2460 34 0 4 0
E 2460 0 4 14
E 2460 3 -5 -15
E 2460 4 -8 -25
E 2460 5 -11 -34
T 2461 11 0 3 0
E 2461 0 12 38
E 2461 1 9 29
E 2461 2 6 19
T 2462 33 0 4 0
E 2462 0 4 13
E 2462 3 -5 -16
E 2462 4 -8 -26
E 2462 5 -11 -35
T 2463 11 0 3 0
E 2463 0 12 38
E 2463 1 9 29
E 2463 2 6 19
T 2464 28 0 3 0
E 2464 0 6 18
E 2464 4 -6 -20
E 2464 5 -10 -30
T 2465 23 0 4 0
E 2465 0 8 25
E 2465 1 5 15
E 2465 4 -4 -14
E 2465 5 -7 -23
T 2466 23 0 4 0
E 2466 0 8 24
E 2466 1 5 15
E 2466 4 -4 -14
E 2466 5 -8 -24
T 2467 23 0 4 0
E 2467 0 8 25
E 2467 1 5 15
E 2467 4 -4 -14
E 2467 5 -7 -23
T 2468 28 0 3 0
E 2468 0 6 18
E 2468 4 -6 -20
E 2468 5 -10 -30
T 2469 20 0 3 0
E 2469 0 8 26
E 2469 1 5 16
E 2469 5 -7 -22
T 2470 29 0 3 0
E 2470 0 5 17
E 2470 4 -7 -22
E 2470 5 -10 -31
T 2471 10 0 3 0
E 2471 0 12 36
E 2471 1 9 27
E 2471 2 5 17
T 2472 38 0 3 0
E 2472 3 -7 -21
E 2472 4 -10 -31
E 2472 5 -13 -40
T 2473 14 0 4 0
E 2473 0 11 34
E 2473 1 8 25
E 2473 2 5 15
E 2473 5 -4 -14
T 2474 33 0 4 0
E 2474 0 4 13
E 2474 3 -5 -16
E 2474 4 -8 -25
E 2474 5 -11 -35
T 2475 11 0 3 0
E 2475 0 12 38
E 2475 1 9 28
E 2475 2 6 18
T 2476 38 0 3 0
E 2476 3 -7 -21
E 2476 4 -10 -30
E 2476 5 -13 -40
T 2477 6 0 4 0
E 2477 0 14 43
E 2477 1 11 33
E 2477 2 8 24
E 2477 3 4 14
T 2478 43 0 4 0
E 2478 2 -6 -18
E 2478 3 -9 -27
E 2478 4 -12 -37
E 2478 5 -15 -47
T 2479 6 0 4 0
E 2479 0 14 44
E 2479 1 11 34
E 2479 2 8 25
E 2479 3 5 15
T 2480 37 0 3 0
E 2480 3 -6 -19
E 2480 4 -9 -29
E 2480 5 -12 -38
T 2481 6 0 4 0
E 2481 0 14 43
E 2481 1 11 34
E 2481 2 8 24
E 2481 3 4 14
T 2482 42 0 4 0
E 2482 2 -4 -13
E 2482 3 -7 -23
E 2482 4 -11 -33
E 2482 5 -14 -42
T 2483 10 0 3 0
E 2483 0 13 39
E 2483 1 10 30
E 2483 2 6 20
T 2484 37 0 3 0
E 2484 3 -6 -19
E 2484 4 -9 -28
E 2484 5 -12 -38
T 2485 11 0 3 0
E 2485 0 12 37
E 2485 1 9 27
E 2485 2 5 17
T 2486 33 0 4 0
E 2486 0 4 13
E 2486 3 -5 -16
E 2486 4 -8 -25
E 2486 5 -11 -35
T 2487 16 0 4 0
E 2487 0 10 32
E 2487 1 7 22
E 2487 2 4 13
E 2487 5 -5 -16
T 2488 29 0 3 0
E 2488 0 6 20
E 2488 4 -6 -18
E 2488 5 -9 -28
T 2489 10 0 3 0
E 2489 0 12 37
E 2489 1 9 27
E 2489 2 6 18
T 2490 38 0 3 0
E 2490 3 -5 -17
E 2490 4 -9 -27
E 2490 5 -12 -36
T 2491 10 0 3 0
E 2491 0 13 40
E 2491 1 10 31
E 2491 2 7 21
T 2492 32 0 4 0
E 2492 0 5 16
E 2492 3 -4 -13
E 2492 4 -7 -23
E 2492 5 -10 -32
T 2493 19 0 3 0
E 2493 0 10 30
E 2493 1 7 21
E 2493 5 -6 -18
T 2494 29 0 3 0
E 2494 0 6 20
E 2494 4 -6 -18
E 2494 5 -9 -28
T 2495 20 0 3 0
E 2495 0 10 32
E 2495 1 7 22
E 2495 5 -5 -16
T 2496 29 0 3 0
E 2496 0 6 20
E 2496 4 -6 -18
E 2496 5 -9 -28
T 2497 8 0 3 0
E 2497 0 11 34
E 2497 1 9 27
E 2497 2 6 18
T 2498 32 0 3 0
E 2498 3 -5 -17
E 2498 4 -9 -27
E 2498 5 -12 -37
T 2499 0 0 4 0
E 2499 0 12 36
E 2499 1 11 34
E 2499 2 8 25
E 2499 3 5 15
T 2500 26 0 3 0
E 2500 3 -5 -16
E 2500 4 -8 -26
E 2500 5 -11 -35
T 2501 1 0 3 0
E 2501 0 8 24
E 2501 1 9 28
E 2501 2 6 18
T 2502 19 0 2 0
E 2502 4 -6 -19
E 2502 5 -9 -28
T 2503 1 0 3 0
E 2503 0 7 22
E 2503 1 9 28
E 2503 2 7 21
T 2504 13 0 2 0
E 2504 4 -6 -20
E 2504 5 -10 -30
T 2505 2 0 3 0
E 2505 0 4 13
E 2505 1 6 19
E 2505 2 5 17
T 2506 9 0 2 0
E 2506 4 -6 -18
E 2506 5 -9 -28
T 2507 1 0 2 0
E 2507 1 5 17
E 2507 2 7 21
T 2508 2 0 2 0
E 2508 2 4 13
E 2508 5 -5 -16
T 2509 1 0 1 0
E 2509 2 5 16
T 2510 0 0 0 0
T 2511 2 0 0 0
T 2512 4 0 0 0
T 2513 8 0 2 0
E 2513 2 4 13
E 2513 3 5 17
T 2514 9 0 1 0
E 2514 3 4 13
T 2515 10 0 1 0
E 2515 0 -4 -14
T 2516 10 0 0 0
T 2517 11 0 1 0
E 2517 0 -5 -16
T 2518 12 0 1 0
E 2518 0 -6 -18
T 2519 10 0 1 0
E 2519 0 -5 -15
T 2520 9 0 1 0
E 2520 0 -4 -13
T 2521 15 0 2 0
E 2521 3 4 13
E 2521 4 6 19
T 2522 10 0 1 0
E 2522 0 -4 -14
T 2523 17 0 2 0
E 2523 4 5 16
E 2523 5 4 14
T 2524 12 0 1 0
E 2524 0 -6 -18
T 2525 19 0 2 0
E 2525 4 5 16
E 2525 5 6 20
T 2526 15 0 2 0
E 2526 0 -5 -16
E 2526 5 4 14
T 2527 9 0 2 0
E 2527 0 -6 -19
E 2527 1 -4 -13
T 2528 22 0 3 0
E 2528 3 4 14
E 2528 4 6 20
E 2528 5 8 26
T 2529 11 0 2 0
E 2529 0 -7 -23
E 2529 1 -5 -17
T 2530 14 0 2 0
E 2530 0 -4 -13
E 2530 5 5 17
T 2531 15 0 2 0
E 2531 0 -5 -16
E 2531 5 4 14
T 2532 14 0 2 0
E 2532 0 -4 -13
E 2532 5 5 17
T 2533 9 0 2 0
E 2533 0 -6 -19
E 2533 1 -4 -13
T 2534 20 0 2 0
E 2534 4 4 14
E 2534 5 6 20
T 2535 10 0 2 0
E 2535 0 -8 -24
E 2535 1 -6 -18
T 2536 15 0 2 0
E 2536 0 -5 -16
E 2536 5 4 14
T 2537 15 0 2 0
E 2537 0 -4 -14
E 2537 5 5 16
T 2538 20 0 2 0
E 2538 4 4 14
E 2538 5 6 20
T 2539 10 0 2 0
E 2539 0 -6 -20
E 2539 1 -4 -14
T 2540 20 0 2 0
E 2540 4 4 14
E 2540 5 6 20
T 2541 8 0 3 0
E 2541 0 -8 -26
E 2541 1 -6 -20
E 2541 2 -4 -14
T 2542 20 0 2 0
E 2542 4 6 18
E 2542 5 8 24
T 2543 15 1 2 0
E 2543 0 -5 -15
E 2543 5 5 15
T 2544 14 0 2 0
E 2544 0 -4 -13
E 2544 5 5 17
T 2545 15 1 2 0
E 2545 0 -5 -15
E 2545 5 5 15
T 2546 11 0 2 0
E 2546 0 -7 -23
E 2546 1 -5 -16
T 2547 21 0 2 0
E 2547 4 4 14
E 2547 5 6 20
T 2548 9 0 3 0
E 2548 0 -9 -28
E 2548 1 -6 -20
E 2548 2 -4 -14
T 2549 26 0 3 0
E 2549 3 5 16
E 2549 4 7 22
E 2549 5 9 28
T 2550 9 0 3 0
E 2550 0 -9 -28
E 2550 1 -6 -19
E 2550 2 -4 -13
T 2551 28 0 3 0
E 2551 3 5 15
E 2551 4 7 21
E 2551 5 9 27
T 2552 11 0 2 0
E 2552 0 -8 -24
E 2552 1 -5 -15
T 2553 18 0 2 0
E 2553 0 -5 -17
E 2553 5 6 18
T 2554 16 0 3 0
E 2554 0 -7 -23
E 2554 1 -4 -13
E 2554 5 4 13
T 2555 19 0 2 0
E 2555 0 -6 -20
E 2555 5 5 16
T 2556 16 0 3 0
E 2556 0 -7 -23
E 2556 1 -4 -13
E 2556 5 4 14
T 2557 19 0 2 0
E 2557 0 -7 -21
E 2557 5 5 16
T 2558 23 0 3 0
E 2558 0 -6 -19
E 2558 4 4 13
E 2558 5 6 19
T 2559 23 0 3 0
E 2559 0 -6 -19
E 2559 4 4 14
E 2559 5 6 20
T 2560 14 0 2 0
E 2560 0 -9 -29
E 2560 1 -6 -20
T 2561 25 0 3 0
E 2561 0 -5 -16
E 2561 4 6 18
E 2561 5 8 24
T 2562 24 0 3 0
E 2562 0 -7 -21
E 2562 4 4 13
E 2562 5 6 19
T 2563 26 0 3 0
E 2563 0 -6 -20
E 2563 4 5 15
E 2563 5 7 21
T 2564 22 0 4 0
E 2564 0 -7 -23
E 2564 1 -4 -13
E 2564 4 4 13
E 2564 5 6 19
T 2565 17 0 3 0
E 2565 0 -8 -24
E 2565 1 -5 -15
E 2565 5 6 18
T 2566 27 0 3 0
E 2566 0 -6 -19
E 2566 4 6 18
E 2566 5 8 24
T 2567 22 0 4 0
E 2567 0 -7 -23
E 2567 1 -4 -14
E 2567 4 4 14
E 2567 5 6 20
T 2568 18 0 3 0
E 2568 0 -9 -28
E 2568 1 -6 -18
E 2568 5 5 16
T 2569 22 0 4 0
E 2569 0 -8 -25
E 2569 1 -5 -15
E 2569 4 4 14
E 2569 5 6 20
T 2570 24 0 4 0
E 2570 0 -7 -23
E 2570 1 -4 -14
E 2570 4 5 15
E 2570 5 7 22
T 2571 24 0 4 0
E 2571 0 -7 -23
E 2571 1 -4 -13
E 2571 4 5 16
E 2571 5 7 23
T 2572 19 0 3 0
E 2572 0 -8 -26
E 2572 1 -5 -17
E 2572 5 6 20
T 2573 28 0 3 0
E 2573 0 -6 -19
E 2573 4 6 19
E 2573 5 9 28
T 2574 20 0 3 0
E 2574 0 -10 -32
E 2574 1 -7 -22
E 2574 5 5 16
T 2575 24 0 4 0
E 2575 0 -7 -22
E 2575 1 -4 -13
E 2575 4 5 16
E 2575 5 8 26
T 2576 24 0 4 0
E 2576 0 -8 -26
E 2576 1 -5 -16
E 2576 4 4 13
E 2576 5 7 22
T 2577 20 0 3 0
E 2577 0 -9 -29
E 2577 1 -6 -20
E 2577 5 6 19
T 2578 28 0 3 0
E 2578 0 -6 -18
E 2578 4 6 20
E 2578 5 10 30
T 2579 20 0 3 0
E 2579 0 -9 -29
E 2579 1 -6 -19
E 2579 5 6 19
T 2580 23 0 4 0
E 2580 0 -8 -24
E 2580 1 -5 -15
E 2580 4 4 14
E 2580 5 8 24
T 2581 19 0 3 0
E 2581 0 -10 -31
E 2581 1 -7 -21
E 2581 5 5 17
T 2582 32 0 4 0
E 2582 0 -5 -15
E 2582 3 4 13
E 2582 4 7 23
E 2582 5 11 33
T 2583 19 0 3 0
E 2583 0 -10 -31
E 2583 1 -7 -21
E 2583 5 5 17
T 2584 20 0 3 0
E 2584 0 -9 -27
E 2584 1 -5 -17
E 2584 5 7 21
T 2585 25 0 4 0
E 2585 0 -7 -23
E 2585 1 -4 -14
E 2585 4 5 15
E 2585 5 8 25
T 2586 29 0 3 0
E 2586 0 -7 -21
E 2586 4 6 18
E 2586 5 9 27
T 2587 16 0 4 0
E 2587 0 -10 -32
E 2587 1 -7 -23
E 2587 2 -4 -13
E 2587 5 5 16
T 2588 29 0 3 0
E 2588 0 -5 -17
E 2588 4 7 21
E 2588 5 10 31
T 2589 16 0 4 0
E 2589 0 -11 -33
E 2589 1 -7 -23
E 2589 2 -4 -13
E 2589 5 5 15
T 2590 24 0 4 0
E 2590 0 -7 -22
E 2590 1 -4 -13
E 2590 4 5 16
E 2590 5 8 26
T 2591 20 0 3 0
E 2591 0 -10 -30
E 2591 1 -6 -20
E 2591 5 6 18
T 2592 23 0 4 0
E 2592 0 -8 -24
E 2592 1 -5 -15
E 2592 4 4 14
E 2592 5 8 24
T 2593 28 0 3 0
E 2593 0 -6 -19
E 2593 4 6 19
E 2593 5 9 29
T 2594 16 0 4 0
E 2594 0 -11 -33
E 2594 1 -7 -23
E 2594 2 -4 -13
E 2594 5 5 15
T 2595 28 0 3 0
E 2595 0 -6 -19
E 2595 4 6 19
E 2595 5 9 29
T 2596 25 0 4 0
E 2596 0 -8 -24
E 2596 1 -4 -14
E 2596 4 5 15
E 2596 5 8 24
T 2597 23 0 4 0
E 2597 0 -8 -24
E 2597 1 -5 -15
E 2597 4 4 14
E 2597 5 8 24
T 2598 28 0 3 0
E 2598 0 -6 -19
E 2598 4 6 19
E 2598 5 9 29
T 2599 19 0 3 0
E 2599 0 -10 -31
E 2599 1 -7 -21
E 2599 5 5 17
T 2600 28 0 3 0
E 2600 0 -6 -19
E 2600 4 6 19
E 2600 5 9 29
T 2601 16 0 4 0
E 2601 0 -11 -33
E 2601 1 -7 -23
E 2601 2 -4 -14
E 2601 5 5 15
T 2602 37 0 3 0
E 2602 3 5 17
E 2602 4 9 27
E 2602 5 12 37
T 2603 6 0 4 0
E 2603 0 -15 -45
E 2603 1 -11 -35
E 2603 2 -8 -26
E 2603 3 -5 -16
T 2604 42 0 4 0
E 2604 2 5 16
E 2604 3 8 25
E 2604 4 11 35
E 2604 5 14 44
T 2605 6 0 4 0
E 2605 0 -14 -43
E 2605 1 -11 -34
E 2605 2 -8 -24
E 2605 3 -4 -14
T 2606 38 0 3 0
E 2606 3 6 18
E 2606 4 9 28
E 2606 5 12 37
T 2607 15 0 4 0
E 2607 0 -11 -33
E 2607 1 -8 -24
E 2607 2 -4 -14
E 2607 5 5 15
T 2608 28 0 3 0
E 2608 0 -6 -18
E 2608 4 6 20
E 2608 5 10 30
T 2609 19 0 3 0
E 2609 0 -9 -28
E 2609 1 -6 -18
E 2609 5 6 20
T 2610 25 0 4 0
E 2610 0 -7 -23
E 2610 1 -4 -14
E 2610 4 5 15
E 2610 5 8 25
T 2611 25 0 4 0
E 2611 0 -7 -23
E 2611 1 -4 -13
E 2611 4 5 16
E 2611 5 8 25
T 2612 28 0 3 0
E 2612 0 -7 -21
E 2612 4 5 17
E 2612 5 9 27
T 2613 19 0 3 0
E 2613 0 -9 -28
E 2613 1 -6 -18
E 2613 5 6 20
T 2614 32 0 4 0
E 2614 0 -5 -16
E 2614 3 4 13
E 2614 4 7 23
E 2614 5 10 32
T 2615 11 0 3 0
E 2615 0 -12 -38
E 2615 1 -9 -29
E 2615 2 -6 -19
T 2616 34 0 4 0
E 2616 0 -4 -14
E 2616 3 5 15
E 2616 4 8 25
E 2616 5 11 34
T 2617 7 0 4 0
E 2617 0 -13 -41
E 2617 1 -10 -32
E 2617 2 -7 -22
E 2617 3 -4 -13
T 2618 34 0 4 0
E 2618 0 -4 -14
E 2618 3 5 15
E 2618 4 8 24
E 2618 5 11 34
T 2619 20 0 3 0
E 2619 0 -10 -32
E 2619 1 -7 -22
E 2619 5 5 16
T 2620 24 0 4 0
E 2620 0 -7 -22
E 2620 1 -4 -13
E 2620 4 5 16
E 2620 5 8 26
T 2621 19 0 3 0
E 2621 0 -10 -31
E 2621 1 -7 -21
E 2621 5 5 17
T 2622 32 0 4 0
E 2622 0 -5 -15
E 2622 3 4 13
E 2622 4 7 23
E 2622 5 11 33
T 2623 15 0 4 0
E 2623 0 -11 -35
E 2623 1 -8 -25
E 2623 2 -5 -16
E 2623 5 4 13
T 2624 29 0 3 0
E 2624 0 -6 -20
E 2624 4 6 19
E 2624 5 9 28
T 2625 15 0 4 0
E 2625 0 -11 -33
E 2625 1 -8 -24
E 2625 2 -4 -14
E 2625 5 5 15
T 2626 29 0 3 0
E 2626 0 -6 -18
E 2626 4 7 21
E 2626 5 10 30
T 2627 19 0 3 0
E 2627 0 -10 -31
E 2627 1 -7 -22
E 2627 5 5 17
T 2628 28 0 3 0
E 2628 0 -6 -18
E 2628 4 6 20
E 2628 5 10 30
T 2629 16 0 4 0
E 2629 0 -11 -33
E 2629 1 -7 -23
E 2629 2 -4 -13
E 2629 5 5 15
T 2630 28 0 3 0
E 2630 0 -6 -19
E 2630 4 6 19
E 2630 5 9 29
T 2631 16 0 4 0
E 2631 0 -11 -33
E 2631 1 -7 -23
E 2631 2 -4 -14
E 2631 5 5 15
T 2632 37 0 3 0
E 2632 3 5 17
E 2632 4 9 27
E 2632 5 12 37
T 2633 11 0 3 0
E 2633 0 -13 -41
E 2633 1 -10 -31
E 2633 2 -7 -22
T 2634 33 0 4 0
E 2634 0 -4 -13
E 2634 3 5 16
E 2634 4 8 26
E 2634 5 11 35
T 2635 14 0 4 0
E 2635 0 -11 -34
E 2635 1 -8 -25
E 2635 2 -5 -15
E 2635 5 4 14
T 2636 29 0 3 0
E 2636 0 -6 -20
E 2636 4 6 19
E 2636 5 9 28
T 2637 23 0 4 0
E 2637 0 -8 -25
E 2637 1 -5 -16
E 2637 4 4 13
E 2637 5 7 23
T 2638 29 0 3 0
E 2638 0 -6 -20
E 2638 4 6 18
E 2638 5 9 28
T 2639 16 0 4 0
E 2639 0 -11 -33
E 2639 1 -7 -23
E 2639 2 -4 -13
E 2639 5 5 15
T 2640 5 0 3 0
E 2640 0 9 29
E 2640 4 6 19
E 2640 5 9 29
T 2641 28 0 2 0
E 2641 1 -10 -30
E 2641 2 -7 -21
T 2642 13 0 4 0
E 2642 0 10 30
E 2642 1 -5 -15
E 2642 4 4 14
E 2642 5 8 24
T 2643 28 0 3 0
E 2643 0 6 19
E 2643 1 -9 -28
E 2643 2 -6 -19
T 2644 22 0 3 0
E 2644 0 10 30
E 2644 1 -7 -21
E 2644 5 5 17
T 2645 33 0 3 0
E 2645 0 8 25
E 2645 1 -10 -30
E 2645 2 -6 -20
T 2646 15 0 4 0
E 2646 0 11 35
E 2646 1 8 26
E 2646 2 -4 -13
E 2646 5 5 16
T 2647 30 0 3 0
E 2647 0 7 22
E 2647 2 -9 -29
E 2647 3 -6 -20
T 2648 22 0 3 0
E 2648 0 11 35
E 2648 1 8 26
E 2648 2 -6 -19
T 2649 35 0 5 0
E 2649 0 8 24
E 2649 1 4 14
E 2649 2 -11 -33
E 2649 3 -8 -24
E 2649 4 -4 -14
T 2650 28 0 4 0
E 2650 0 12 37
E 2650 1 9 27
E 2650 2 -8 -24
E 2650 3 -4 -14
T 2651 36 0 5 0
E 2651 0 10 31
E 2651 1 7 22
E 2651 2 -11 -33
E 2651 3 -7 -23
E 2651 4 -4 -13
T 2652 17 0 4 0
E 2652 0 12 38
E 2652 1 9 28
E 2652 2 6 19
E 2652 3 -6 -20
T 2653 43 0 4 0
E 2653 0 7 21
E 2653 3 -13 -39
E 2653 4 -10 -30
E 2653 5 -6 -20
T 2654 18 0 4 0
E 2654 0 14 42
E 2654 1 10 32
E 2654 2 7 23
E 2654 3 -7 -22
T 2655 52 0 4 0
E 2655 0 5 16
E 2655 3 -17 -51
E 2655 4 -14 -42
E 2655 5 -10 -32
T 2656 17 0 4 0
E 2656 0 16 50
E 2656 1 13 41
E 2656 2 10 31
E 2656 3 -6 -20
T 2657 59 0 4 0
E 2657 0 4 13
E 2657 3 -20 -61
E 2657 4 -17 -51
E 2657 5 -13 -41
T 2658 2 0 4 0
E 2658 0 21 64
E 2658 1 18 55
E 2658 2 15 45
E 2658 3 12 36
T 2659 58 0 4 0
E 2659 2 -6 -20
E 2659 3 -10 -30
E 2659 4 -23 -71
E 2659 5 -20 -62
T 2660 0 0 4 0
E 2660 0 20 62
E 2660 1 17 52
E 2660 2 14 42
E 2660 3 11 33
T 2661 67 0 5 0
E 2661 1 -4 -13
E 2661 2 -7 -23
E 2661 3 -11 -33
E 2661 4 -26 -80
E 2661 5 -23 -71
T 2662 4 0 4 0
E 2662 0 25 75
E 2662 1 21 65
E 2662 2 18 56
E 2662 3 15 46
T 2663 66 0 4 0
E 2663 2 -6 -19
E 2663 3 -9 -28
E 2663 4 -27 -83
E 2663 5 -24 -73
T 2664 13 0 5 0
E 2664 0 23 70
E 2664 1 20 60
E 2664 2 17 51
E 2664 3 13 41
E 2664 4 10 32
T 2665 74 0 6 0
E 2665 0 -5 -16
E 2665 1 -8 -26
E 2665 2 -12 -36
E 2665 3 -15 -45
E 2665 4 -18 -55
E 2665 5 -32 -96
T 2666 14 0 5 0
E 2666 0 23 71
E 2666 1 20 62
E 2666 2 17 52
E 2666 3 14 42
E 2666 4 11 33
T 2667 65 0 5 0
E 2667 1 -6 -18
E 2667 2 -9 -27
E 2667 3 -12 -37
E 2667 4 -15 -47
E 2667 5 -31 -94
T 2668 2 0 6 0
E 2668 0 21 64
E 2668 1 18 55
E 2668 2 15 45
E 2668 3 12 36
E 2668 4 8 26
E 2668 5 -8 -25
T 2669 57 0 4 0
E 2669 2 -4 -14
E 2669 3 -8 -24
E 2669 4 -11 -33
E 2669 5 -29 -88
T 2670 2 0 5 0
E 2670 0 18 54
E 2670 1 14 44
E 2670 2 11 34
E 2670 3 8 25
E 2670 4 5 15
T 2671 49 0 5 0
E 2671 1 -4 -13
E 2671 2 -7 -23
E 2671 3 -11 -33
E 2671 4 -14 -42
E 2671 5 -17 -52
T 2672 5 0 4 0
E 2672 0 15 47
E 2672 1 12 37
E 2672 2 9 28
E 2672 3 6 18
T 2673 43 0 4 0
E 2673 2 -6 -18
E 2673 3 -9 -27
E 2673 4 -12 -37
E 2673 5 -15 -47
T 2674 0 0 5 0
E 2674 0 17 51
E 2674 1 13 41
E 2674 2 10 32
E 2674 3 7 22
E 2674 4 4 13
T 2675 38 0 3 0
E 2675 3 -7 -21
E 2675 4 -10 -31
E 2675 5 -13 -40
T 2676 15 0 4 0
E 2676 0 11 33
E 2676 1 8 24
E 2676 2 4 14
E 2676 5 -5 -15
T 2677 28 0 3 0
E 2677 0 7 22
E 2677 4 -5 -17
E 2677 5 -8 -26
T 2678 19 0 3 0
E 2678 0 9 28
E 2678 1 6 19
E 2678 5 -6 -20
T 2679 24 1 4 0
E 2679 0 8 24
E 2679 1 4 14
E 2679 4 -4 -14
E 2679 5 -8 -24
T 2680 19 0 3 0
E 2680 0 10 31
E 2680 1 7 21
E 2680 5 -5 -17
T 2681 34 0 4 0
E 2681 0 4 14
E 2681 3 -5 -15
E 2681 4 -8 -24
E 2681 5 -11 -34
T 2682 7 0 4 0
E 2682 0 14 42
E 2682 1 10 32
E 2682 2 7 23
E 2682 3 4 13
T 2683 42 0 4 0
E 2683 2 -5 -16
E 2683 3 -8 -25
E 2683 4 -11 -35
E 2683 5 -15 -45
T 2684 4 0 4 0
E 2684 0 16 50
E 2684 1 13 40
E 2684 2 10 31
E 2684 3 7 21
T 2685 43 0 4 0
E 2685 2 -5 -15
E 2685 3 -8 -24
E 2685 4 -11 -34
E 2685 5 -14 -43
T 2686 6 0 4 0
E 2686 0 14 43
E 2686 1 11 34
E 2686 2 8 24
E 2686 3 4 14
T 2687 42 0 4 0
E 2687 2 -4 -13
E 2687 3 -7 -23
E 2687 4 -11 -33
E 2687 5 -14 -42
T 2688 5 0 4 0
E 2688 0 14 43
E 2688 1 11 34
E 2688 2 8 24
E 2688 3 5 15
T 2689 42 0 4 0
E 2689 2 -5 -15
E 2689 3 -8 -25
E 2689 4 -11 -34
E 2689 5 -14 -44
T 2690 7 0 4 0
E 2690 0 14 43
E 2690 1 11 33
E 2690 2 7 23
E 2690 3 4 14
T 2691 38 0 3 0
E 2691 3 -6 -18
E 2691 4 -9 -27
E 2691 5 -12 -37
T 2692 11 0 3 0
E 2692 0 13 41
E 2692 1 10 31
E 2692 2 7 22
T 2693 37 0 3 0
E 2693 3 -5 -16
E 2693 4 -8 -26
E 2693 5 -12 -36
T 2694 14 0 4 0
E 2694 0 11 34
E 2694 1 8 24
E 2694 2 5 15
E 2694 5 -4 -14
T 2695 29 0 3 0
E 2695 0 7 21
E 2695 4 -6 -18
E 2695 5 -9 -27
T 2696 19 0 3 0
E 2696 0 10 31
E 2696 1 7 22
E 2696 5 -5 -17
T 2697 25 0 4 0
E 2697 0 8 24
E 2697 1 4 14
E 2697 4 -5 -15
E 2697 5 -8 -24
T 2698 23 0 4 0
E 2698 0 8 24
E 2698 1 5 15
E 2698 4 -4 -14
E 2698 5 -8 -24
T 2699 25 0 4 0
E 2699 0 7 23
E 2699 1 4 13
E 2699 4 -5 -15
E 2699 5 -8 -25
T 2700 16 0 4 0
E 2700 0 11 33
E 2700 1 7 23
E 2700 2 4 13
E 2700 5 -5 -15
T 2701 38 0 3 0
E 2701 3 -6 -18
E 2701 4 -9 -27
E 2701 5 -12 -37
T 2702 11 0 3 0
E 2702 0 12 36
E 2702 1 8 26
E 2702 2 5 17
T 2703 37 0 3 0
E 2703 3 -6 -18
E 2703 4 -9 -28
E 2703 5 -12 -38
T 2704 6 0 4 0
E 2704 0 14 44
E 2704 1 11 34
E 2704 2 8 25
E 2704 3 5 15
T 2705 43 0 4 0
E 2705 2 -5 -17
E 2705 3 -8 -26
E 2705 4 -12 -36
E 2705 5 -15 -45
T 2706 5 0 4 0
E 2706 0 15 45
E 2706 1 12 36
E 2706 2 8 26
E 2706 3 5 16
T 2707 38 0 3 0
E 2707 3 -6 -20
E 2707 4 -10 -30
E 2707 5 -13 -39
T 2708 10 0 3 0
E 2708 0 12 36
E 2708 1 9 27
E 2708 2 5 17
T 2709 28 0 3 0
E 2709 0 6 18
E 2709 4 -6 -20
E 2709 5 -10 -30
T 2710 15 0 4 0
E 2710 0 11 35
E 2710 1 8 25
E 2710 2 5 15
E 2710 5 -4 -13
T 2711 24 0 4 0
E 2711 0 7 22
E 2711 1 4 13
E 2711 4 -5 -16
E 2711 5 -8 -26
T 2712 20 0 3 0
E 2712 0 10 30
E 2712 1 6 20
E 2712 5 -6 -18
T 2713 28 0 3 0
E 2713 0 7 21
E 2713 4 -5 -17
E 2713 5 -9 -27
T 2714 23 0 4 0
E 2714 0 8 25
E 2714 1 5 15
E 2714 4 -4 -13
E 2714 5 -7 -23
T 2715 20 0 3 0
E 2715 0 10 30
E 2715 1 6 20
E 2715 5 -6 -18
T 2716 25 0 4 0
E 2716 0 7 23
E 2716 1 4 14
E 2716 4 -5 -15
E 2716 5 -8 -25
T 2717 16 0 4 0
E 2717 0 10 32
E 2717 1 7 22
E 2717 2 4 13
E 2717 5 -5 -16
T 2718 28 0 3 0
E 2718 0 6 19
E 2718 4 -6 -19
E 2718 5 -9 -29
T 2719 11 0 3 0
E 2719 0 12 36
E 2719 1 8 26
E 2719 2 5 17
T 2720 38 0 3 0
E 2720 3 -6 -20
E 2720 4 -10 -30
E 2720 5 -13 -39
T 2721 10 0 3 0
E 2721 0 12 37
E 2721 1 9 28
E 2721 2 6 18
T 2722 33 0 4 0
E 2722 0 5 15
E 2722 3 -4 -14
E 2722 4 -8 -24
E 2722 5 -11 -33
T 2723 15 0 4 0
E 2723 0 11 33
E 2723 1 8 24
E 2723 2 4 14
E 2723 5 -5 -15
T 2724 28 0 3 0
E 2724 0 6 18
E 2724 4 -6 -20
E 2724 5 -10 -30
T 2725 25 0 4 0
E 2725 0 8 24
E 2725 1 4 14
E 2725 4 -5 -15
E 2725 5 -8 -24
T 2726 23 0 4 0
E 2726 0 8 25
E 2726 1 5 16
E 2726 4 -4 -13
E 2726 5 -7 -23
T 2727 24 0 4 0
E 2727 0 8 26
E 2727 1 5 16
E 2727 4 -4 -13
E 2727 5 -7 -22
T 2728 19 0 3 0
E 2728 0 10 31
E 2728 1 7 22
E 2728 5 -5 -17
T 2729 24 1 4 0
E 2729 0 8 24
E 2729 1 4 14
E 2729 4 -4 -14
E 2729 5 -8 -24
T 2730 25 0 4 0
E 2730 0 8 24
E 2730 1 4 14
E 2730 4 -5 -15
E 2730 5 -8 -24
T 2731 20 0 3 0
E 2731 0 8 26
E 2731 1 5 17
E 2731 5 -7 -22
T 2732 23 0 4 0
E 2732 0 8 25
E 2732 1 5 15
E 2732 4 -4 -14
E 2732 5 -7 -23
T 2733 24 0 4 0
E 2733 0 7 22
E 2733 1 4 13
E 2733 4 -5 -16
E 2733 5 -8 -26
T 2734 24 1 4 0
E 2734 0 8 24
E 2734 1 4 14
E 2734 4 -4 -14
E 2734 5 -8 -24
T 2735 20 0 3 0
E 2735 0 10 30
E 2735 1 6 20
E 2735 5 -6 -18
T 2736 29 0 3 0
E 2736 0 6 20
E 2736 4 -6 -18
E 2736 5 -9 -28
T 2737 12 0 4 0
E 2737 0 10 31
E 2737 1 8 24
E 2737 2 5 15
E 2737 5 -4 -14
T 2738 21 0 4 0
E 2738 0 5 17
E 2738 1 4 13
E 2738 4 -5 -16
E 2738 5 -8 -26
T 2739 14 0 3 0
E 2739 0 6 20
E 2739 1 6 18
E 2739 5 -6 -20
T 2740 24 0 2 0
E 2740 4 -5 -17
E 2740 5 -8 -26
T 2741 2 0 3 0
E 2741 0 7 23
E 2741 1 9 27
E 2741 2 5 17
T 2742 19 0 2 0
E 2742 4 -7 -21
E 2742 5 -10 -30
T 2743 5 0 4 0
E 2743 0 8 24
E 2743 1 10 30
E 2743 2 7 23
E 2743 3 4 14
T 2744 16 0 3 0
E 2744 3 -6 -20
E 2744 4 -9 -29
E 2744 5 -13 -39
T 2745 8 0 4 0
E 2745 0 7 21
E 2745 1 9 27
E 2745 2 8 25
E 2745 3 5 16
T 2746 10 0 2 0
E 2746 4 -5 -15
E 2746 5 -8 -25
T 2747 4 0 2 0
E 2747 2 4 13
E 2747 5 -5 -16
T 2748 0 0 1 0
E 2748 2 5 17
T 2749 2 0 1 0
E 2749 5 -6 -18
T 2750 1 0 1 0
E 2750 5 -5 -15
T 2751 6 0 2 0
E 2751 2 5 15
E 2751 3 4 13
T 2752 3 0 1 0
E 2752 5 -4 -13
T 2753 8 0 2 0
E 2753 2 4 13
E 2753 3 5 17
T 2754 8 0 1 0
E 2754 3 4 14
T 2755 10 0 0 0
T 2756 8 0 0 0
T 2757 9 0 0 0
T 2758 12 0 0 0
T 2759 10 0 1 0
E 2759 0 -4 -14
T 2760 12 0 1 0
E 2760 4 5 17
T 2761 10 0 1 0
E 2761 0 -4 -14
T 2762 15 0 1 0
E 2762 4 4 13
T 2763 12 0 1 0
E 2763 0 -6 -18
T 2764 19 0 2 0
E 2764 4 4 14
E 2764 5 5 15
T 2765 11 0 1 0
E 2765 0 -5 -16
T 2766 16 0 2 0
E 2766 0 -5 -17
E 2766 5 4 13
T 2767 21 0 2 0
E 2767 4 4 13
E 2767 5 6 19
T 2768 6 0 3 0
E 2768 0 -9 -27
E 2768 1 -7 -21
E 2768 2 -5 -15
T 2769 19 0 2 0
E 2769 4 5 17
E 2769 5 7 23
T 2770 10 0 2 0
E 2770 0 -7 -22
E 2770 1 -5 -16
T 2771 21 0 2 0
E 2771 4 5 15
E 2771 5 7 21
T 2772 12 0 1 0
E 2772 0 -6 -18
T 2773 14 0 2 0
E 2773 0 -4 -13
E 2773 5 5 17
T 2774 21 0 2 0
E 2774 4 5 15
E 2774 5 7 21
T 2775 16 0 2 0
E 2775 0 -5 -17
E 2775 5 4 13
T 2776 10 0 2 0
E 2776 0 -7 -22
E 2776 1 -5 -16
T 2777 18 0 1 0
E 2777 5 6 18
T 2778 10 0 2 0
E 2778 0 -8 -24
E 2778 1 -6 -18
T 2779 21 0 2 0
E 2779 4 4 13
E 2779 5 6 19
T 2780 7 0 3 0
E 2780 0 -9 -28
E 2780 1 -7 -22
E 2780 2 -5 -16
T 2781 24 0 3 0
E 2781 3 5 15
E 2781 4 7 21
E 2781 5 9 27
T 2782 7 0 3 0
E 2782 0 -9 -28
E 2782 1 -7 -22
E 2782 2 -5 -16
T 2783 21 0 2 0
E 2783 4 4 13
E 2783 5 6 19
T 2784 8 0 3 0
E 2784 0 -8 -26
E 2784 1 -6 -20
E 2784 2 -4 -14
T 2785 20 0 2 0
E 2785 4 6 18
E 2785 5 8 24
T 2786 10 0 2 0
E 2786 0 -6 -20
E 2786 1 -4 -13
T 2787 15 0 2 0
E 2787 0 -4 -13
E 2787 5 6 18
T 2788 15 1 2 0
E 2788 0 -5 -15
E 2788 5 5 17
T 2789 23 0 2 0
E 2789 4 5 16
E 2789 5 7 22
T 2790 11 0 2 0
E 2790 0 -7 -22
E 2790 1 -4 -13
T 2791 28 0 3 0
E 2791 3 5 15
E 2791 4 7 21
E 2791 5 9 27
T 2792 13 0 2 0
E 2792 0 -8 -26
E 2792 1 -5 -17
T 2793 19 0 2 0
E 2793 0 -6 -20
E 2793 5 5 15
T 2794 12 0 2 0
E 2794 0 -8 -25
E 2794 1 -5 -15
T 2795 29 0 3 0
E 2795 3 4 13
E 2795 4 6 19
E 2795 5 8 25
T 2796 11 0 3 0
E 2796 0 -10 -32
E 2796 1 -7 -22
E 2796 2 -4 -13
T 2797 22 0 3 0
E 2797 0 -6 -18
E 2797 4 4 13
E 2797 5 6 19
T 2798 17 0 3 0
E 2798 0 -7 -23
E 2798 1 -4 -13
E 2798 5 5 15
T 2799 24 0 3 0
E 2799 0 -6 -20
E 2799 4 4 13
E 2799 5 6 19
T 2800 24 0 3 0
E 2800 0 -6 -20
E 2800 4 4 13
E 2800 5 6 19
T 2801 17 0 3 0
E 2801 0 -7 -23
E 2801 1 -4 -13
E 2801 5 5 17
T 2802 24 0 3 0
E 2802 0 -6 -20
E 2802 4 4 14
E 2802 5 6 20
T 2803 18 0 3 0
E 2803 0 -8 -26
E 2803 1 -5 -16
E 2803 5 5 15
T 2804 18 0 3 0
E 2804 0 -8 -26
E 2804 1 -5 -16
E 2804 5 5 16
T 2805 17 0 3 0
E 2805 0 -8 -24
E 2805 1 -5 -15
E 2805 5 6 18
T 2806 26 0 3 0
E 2806 0 -5 -17
E 2806 4 6 20
E 2806 5 8 26
T 2807 18 0 3 0
E 2807 0 -8 -25
E 2807 1 -5 -16
E 2807 5 6 18
T 2808 27 0 3 0
E 2808 0 -6 -19
E 2808 4 6 19
E 2808 5 8 25
T 2809 11 0 3 0
E 2809 0 -11 -35
E 2809 1 -8 -25
E 2809 2 -5 -15
T 2810 36 0 3 0
E 2810 3 7 22
E 2810 4 10 31
E 2810 5 12 38
T 2811 10 0 3 0
E 2811 0 -13 -40
E 2811 1 -10 -30
E 2811 2 -7 -21
T 2812 28 0 3 0
E 2812 0 -5 -16
E 2812 4 7 22
E 2812 5 10 30
T 2813 16 0 4 0
E 2813 0 -10 -32
E 2813 1 -7 -22
E 2813 2 -4 -13
E 2813 5 5 15
T 2814 28 0 3 0
E 2814 0 -6 -19
E 2814 4 6 20
E 2814 5 9 29
T 2815 23 0 4 0
E 2815 0 -8 -25
E 2815 1 -5 -16
E 2815 4 4 13
E 2815 5 7 23
T 2816 20 0 3 0
E 2816 0 -9 -29
E 2816 1 -6 -19
E 2816 5 6 19
T 2817 23 0 4 0
E 2817 0 -8 -24
E 2817 1 -5 -15
E 2817 4 4 14
E 2817 5 8 24
T 2818 19 0 3 0
E 2818 0 -10 -31
E 2818 1 -7 -21
E 2818 5 5 17
T 2819 29 0 3 0
E 2819 0 -5 -17
E 2819 4 7 22
E 2819 5 10 31
T 2820 19 0 3 0
E 2820 0 -10 -30
E 2820 1 -7 -21
E 2820 5 6 18
T 2821 24 0 4 0
E 2821 0 -8 -26
E 2821 1 -5 -16
E 2821 4 4 13
E 2821 5 7 22
T 2822 28 0 3 0
E 2822 0 -7 -21
E 2822 4 5 17
E 2822 5 9 27
T 2823 20 0 3 0
E 2823 0 -10 -30
E 2823 1 -6 -20
E 2823 5 6 18
T 2824 29 0 3 0
E 2824 0 -6 -18
E 2824 4 7 21
E 2824 5 10 30
T 2825 10 0 3 0
E 2825 0 -12 -36
E 2825 1 -9 -27
E 2825 2 -5 -17
T 2826 29 0 3 0
E 2826 0 -6 -18
E 2826 4 7 21
E 2826 5 10 30
T 2827 16 0 4 0
E 2827 0 -10 -32
E 2827 1 -7 -23
E 2827 2 -4 -13
E 2827 5 5 16
T 2828 28 0 3 0
E 2828 0 -7 -21
E 2828 4 5 17
E 2828 5 9 27
T 2829 24 0 4 0
E 2829 0 -8 -26
E 2829 1 -5 -16
E 2829 4 4 13
E 2829 5 7 22
T 2830 20 0 3 0
E 2830 0 -8 -26
E 2830 1 -5 -17
E 2830 5 7 22
T 2831 25 0 4 0
E 2831 0 -8 -24
E 2831 1 -4 -14
E 2831 4 5 15
E 2831 5 8 24
T 2832 19 0 3 0
E 2832 0 -10 -31
E 2832 1 -7 -22
E 2832 5 5 17
T 2833 28 0 3 0
E 2833 0 -7 -22
E 2833 4 5 16
E 2833 5 8 26
T 2834 20 0 3 0
E 2834 0 -10 -32
E 2834 1 -7 -22
E 2834 5 5 16
T 2835 29 0 3 0
E 2835 0 -6 -20
E 2835 4 6 18
E 2835 5 9 28
T 2836 23 0 4 0
E 2836 0 -8 -25
E 2836 1 -5 -15
E 2836 4 4 14
E 2836 5 7 23
T 2837 19 0 3 0
E 2837 0 -9 -27
E 2837 1 -6 -18
E 2837 5 7 21
T 2838 29 0 3 0
E 2838 0 -6 -20
E 2838 4 6 18
E 2838 5 9 28
T 2839 20 0 3 0
E 2839 0 -9 -27
E 2839 1 -5 -17
E 2839 5 7 21
T 2840 32 0 4 0
E 2840 0 -5 -16
E 2840 3 4 13
E 2840 4 7 22
E 2840 5 10 32
T 2841 15 0 4 0
E 2841 0 -11 -35
E 2841 1 -8 -25
E 2841 2 -5 -16
E 2841 5 4 13
T 2842 29 0 3 0
E 2842 0 -6 -20
E 2842 4 6 18
E 2842 5 9 28
T 2843 20 0 3 0
E 2843 0 -8 -26
E 2843 1 -5 -16
E 2843 5 7 22
T 2844 29 0 3 0
E 2844 0 -5 -17
E 2844 4 7 22
E 2844 5 10 31
T 2845 20 0 3 0
E 2845 0 -9 -29
E 2845 1 -6 -20
E 2845 5 6 19
T 2846 19 0 3 0
E 2846 0 -9 -28
E 2846 1 -6 -18
E 2846 5 6 20
T 2847 28 0 3 0
E 2847 0 -6 -18
E 2847 4 6 20
E 2847 5 10 30
T 2848 20 0 3 0
E 2848 0 -10 -30
E 2848 1 -6 -20
E 2848 5 6 18
T 2849 29 0 3 0
E 2849 0 -6 -18
E 2849 4 7 21
E 2849 5 10 30
T 2850 15 0 4 0
E 2850 0 -11 -35
E 2850 1 -8 -26
E 2850 2 -5 -16
E 2850 5 4 13
T 2851 29 0 3 0
E 2851 0 -6 -20
E 2851 4 6 19
E 2851 5 9 28
T 2852 19 0 3 0
E 2852 0 -10 -30
E 2852 1 -7 -21
E 2852 5 6 18
T 2853 25 0 4 0
E 2853 0 -7 -23
E 2853 1 -4 -13
E 2853 4 5 15
E 2853 5 8 25
T 2854 28 0 3 0
E 2854 0 -7 -22
E 2854 4 5 17
E 2854 5 8 26
T 2855 16 0 4 0
E 2855 0 -10 -32
E 2855 1 -7 -23
E 2855 2 -4 -13
E 2855 5 5 16
T 2856 28 0 3 0
E 2856 0 -6 -19
E 2856 4 6 20
E 2856 5 9 29
T 2857 25 0 4 0
E 2857 0 -7 -23
E 2857 1 -4 -14
E 2857 4 5 15
E 2857 5 8 25
T 2858 20 0 3 0
E 2858 0 -8 -26
E 2858 1 -5 -16
E 2858 5 7 22
T 2859 29 0 3 0
E 2859 0 -5 -17
E 2859 4 7 22
E 2859 5 10 31
T 2860 20 0 3 0
E 2860 0 -8 -26
E 2860 1 -5 -17
E 2860 5 7 22
T 2861 24 0 4 0
E 2861 0 -8 -26
E 2861 1 -5 -16
E 2861 4 4 13
E 2861 5 7 22
T 2862 19 0 3 0
E 2862 0 -10 -31
E 2862 1 -7 -22
E 2862 5 5 17
T 2863 23 0 4 0
E 2863 0 -8 -25
E 2863 1 -5 -15
E 2863 4 4 13
E 2863 5 7 23
T 2864 29 0 3 0
E 2864 0 -7 -21
E 2864 4 6 18
E 2864 5 9 27
T 2865 20 0 3 0
E 2865 0 -8 -26
E 2865 1 -5 -17
E 2865 5 7 22
T 2866 32 0 4 0
E 2866 0 -5 -16
E 2866 3 4 13
E 2866 4 7 23
E 2866 5 10 32
T 2867 19 0 3 0
E 2867 0 -9 -27
E 2867 1 -6 -18
E 2867 5 7 21
T 2868 32 0 4 0
E 2868 0 -5 -16
E 2868 3 4 13
E 2868 4 7 22
E 2868 5 10 32
T 2869 19 0 3 0
E 2869 0 -10 -31
E 2869 1 -7 -21
E 2869 5 5 17
T 2870 24 0 4 0
E 2870 0 -7 -22
E 2870 1 -4 -13
E 2870 4 5 16
E 2870 5 8 26
T 2871 29 0 3 0
E 2871 0 -6 -20
E 2871 4 6 19
E 2871 5 9 28
T 2872 23 0 4 0
E 2872 0 -8 -24
E 2872 1 -5 -15
E 2872 4 4 14
E 2872 5 8 24
T 2873 19 0 3 0
E 2873 0 -10 -31
E 2873 1 -7 -21
E 2873 5 5 17
T 2874 20 0 3 0
E 2874 0 -9 -27
E 2874 1 -5 -17
E 2874 5 7 21
T 2875 28 0 3 0
E 2875 0 -6 -18
E 2875 4 6 20
E 2875 5 10 30
T 2876 23 0 4 0
E 2876 0 -8 -25
E 2876 1 -5 -15
E 2876 4 4 14
E 2876 5 7 23
T 2877 29 0 3 0
E 2877 0 -6 -20
E 2877 4 6 18
E 2877 5 9 28
T 2878 20 0 3 0
E 2878 0 -8 -26
E 2878 1 -5 -16
E 2878 5 7 22
T 2879 29 0 3 0
E 2879 0 -7 -21
E 2879 4 6 18
E 2879 5 9 27
T 2880 17 0 4 0
E 2880 0 5 15
E 2880 1 -8 -24
E 2880 2 -4 -14
E 2880 5 5 15
T 2881 18 1 4 0
E 2881 0 6 18
E 2881 1 -7 -23
E 2881 2 -4 -14
E 2881 5 5 15
T 2882 27 0 3 0
E 2882 0 4 14
E 2882 1 -10 -31
E 2882 2 -7 -21
T 2883 20 0 3 0
E 2883 0 9 29
E 2883 1 -6 -18
E 2883 5 6 20
T 2884 34 0 4 0
E 2884 0 6 18
E 2884 1 -11 -33
E 2884 2 -7 -23
E 2884 3 -4 -14
T 2885 28 0 4 0
E 2885 0 10 31
E 2885 1 -8 -24
E 2885 2 -4 -14
E 2885 5 5 15
T 2886 20 0 3 0
E 2886 0 9 29
E 2886 1 6 20
E 2886 2 -6 -19
T 2887 36 0 4 0
E 2887 0 5 17
E 2887 2 -11 -34
E 2887 3 -8 -25
E 2887 4 -5 -15
T 2888 21 0 3 0
E 2888 0 11 33
E 2888 1 8 24
E 2888 2 -7 -21
T 2889 35 0 5 0
E 2889 0 8 24
E 2889 1 4 14
E 2889 2 -11 -33
E 2889 3 -8 -24
E 2889 4 -4 -14
T 2890 28 0 4 0
E 2890 0 12 38
E 2890 1 9 28
E 2890 2 -7 -23
E 2890 3 -4 -13
T 2891 36 0 5 0
E 2891 0 10 30
E 2891 1 7 21
E 2891 2 -11 -34
E 2891 3 -8 -24
E 2891 4 -4 -14
T 2892 17 0 4 0
E 2892 0 13 39
E 2892 1 9 29
E 2892 2 6 20
E 2892 3 -6 -19
T 2893 43 0 4 0
E 2893 0 6 19
E 2893 3 -13 -41
E 2893 4 -10 -32
E 2893 5 -7 -22
T 2894 15 0 4 0
E 2894 0 17 51
E 2894 1 13 41
E 2894 2 10 32
E 2894 3 -4 -13
T 2895 53 0 4 0
E 2895 0 4 13
E 2895 3 -18 -54
E 2895 4 -15 -45
E 2895 5 -11 -35
T 2896 14 0 4 0
E 2896 0 19 57
E 2896 1 16 48
E 2896 2 12 38
E 2896 3 -4 -13
T 2897 59 0 4 0
E 2897 0 4 14
E 2897 3 -20 -60
E 2897 4 -16 -50
E 2897 5 -13 -40
T 2898 1 0 4 0
E 2898 0 21 63
E 2898 1 18 54
E 2898 2 14 44
E 2898 3 11 35
T 2899 66 0 5 0
E 2899 1 -5 -15
E 2899 2 -8 -24
E 2899 3 -11 -34
E 2899 4 -25 -75
E 2899 5 -22 -66
T 2900 4 0 4 0
E 2900 0 24 74
E 2900 1 21 64
E 2900 2 18 54
E 2900 3 15 45
T 2901 62 0 4 0
E 2901 2 -6 -19
E 2901 3 -9 -29
E 2901 4 -25 -76
E 2901 5 -22 -67
T 2902 2 0 5 0
E 2902 0 22 67
E 2902 1 19 57
E 2902 2 16 48
E 2902 3 12 38
E 2902 4 -4 -13
T 2903 65 0 4 0
E 2903 2 -5 -16
E 2903 3 -8 -25
E 2903 4 -26 -80
E 2903 5 -23 -70
T 2904 4 0 6 0
E 2904 0 21 63
E 2904 1 17 53
E 2904 2 14 44
E 2904 3 11 34
E 2904 4 8 25
E 2904 5 -4 -14
T 2905 61 0 5 0
E 2905 1 -5 -15
E 2905 2 -8 -25
E 2905 3 -11 -34
E 2905 4 -14 -44
E 2905 5 -28 -85
T 2906 6 0 6 0
E 2906 0 22 66
E 2906 1 19 57
E 2906 2 15 47
E 2906 3 12 37
E 2906 4 9 28
E 2906 5 -5 -17
T 2907 65 0 5 0
E 2907 1 -6 -18
E 2907 2 -9 -27
E 2907 3 -12 -37
E 2907 4 -15 -47
E 2907 5 -31 -94
T 2908 2 0 6 0
E 2908 0 21 64
E 2908 1 18 55
E 2908 2 15 45
E 2908 3 12 36
E 2908 4 8 26
E 2908 5 -8 -25
T 2909 57 0 4 0
E 2909 2 -5 -16
E 2909 3 -8 -26
E 2909 4 -11 -35
E 2909 5 -30 -90
T 2910 4 0 5 0
E 2910 0 19 58
E 2910 1 16 48
E 2910 2 12 38
E 2910 3 9 29
E 2910 4 6 19
T 2911 44 0 4 0
E 2911 2 -7 -21
E 2911 3 -10 -31
E 2911 4 -13 -40
E 2911 5 -16 -50
T 2912 6 0 4 0
E 2912 0 15 45
E 2912 1 11 35
E 2912 2 8 26
E 2912 3 5 16
T 2913 42 0 4 0
E 2913 2 -5 -15
E 2913 3 -8 -24
E 2913 4 -11 -34
E 2913 5 -14 -44
T 2914 4 0 4 0
E 2914 0 16 49
E 2914 1 13 39
E 2914 2 10 30
E 2914 3 6 20
T 2915 38 0 3 0
E 2915 3 -6 -18
E 2915 4 -9 -28
E 2915 5 -12 -37
T 2916 10 0 3 0
E 2916 0 12 37
E 2916 1 9 28
E 2916 2 6 18
T 2917 33 0 4 0
E 2917 0 5 15
E 2917 3 -4 -14
E 2917 4 -8 -24
E 2917 5 -11 -33
T 2918 15 0 4 0
E 2918 0 11 33
E 2918 1 8 24
E 2918 2 4 14
E 2918 5 -5 -15
T 2919 28 0 3 0
E 2919 0 7 21
E 2919 4 -5 -17
E 2919 5 -9 -27
T 2920 19 0 3 0
E 2920 0 10 31
E 2920 1 7 21
E 2920 5 -5 -17
T 2921 32 0 4 0
E 2921 0 5 15
E 2921 3 -4 -14
E 2921 4 -7 -23
E 2921 5 -11 -33
T 2922 16 0 4 0
E 2922 0 11 33
E 2922 1 7 23
E 2922 2 4 14
E 2922 5 -5 -15
T 2923 29 0 3 0
E 2923 0 6 20
E 2923 4 -6 -18
E 2923 5 -9 -28
T 2924 20 0 3 0
E 2924 0 9 29
E 2924 1 6 19
E 2924 5 -6 -19
T 2925 24 0 4 0
E 2925 0 8 26
E 2925 1 5 16
E 2925 4 -4 -13
E 2925 5 -7 -22
T 2926 28 0 3 0
E 2926 0 6 19
E 2926 4 -6 -19
E 2926 5 -9 -29
T 2927 14 0 4 0
E 2927 0 11 34
E 2927 1 8 24
E 2927 2 5 15
E 2927 5 -4 -14
T 2928 28 0 3 0
E 2928 0 7 21
E 2928 4 -5 -17
E 2928 5 -9 -27
T 2929 15 0 4 0
E 2929 0 11 35
E 2929 1 8 25
E 2929 2 5 16
E 2929 5 -4 -13
T 2930 29 0 3 0
E 2930 0 6 18
E 2930 4 -7 -21
E 2930 5 -10 -30
T 2931 20 0 3 0
E 2931 0 9 29
E 2931 1 6 20
E 2931 5 -6 -19
T 2932 25 0 4 0
E 2932 0 7 23
E 2932 1 4 13
E 2932 4 -5 -16
E 2932 5 -8 -25
T 2933 16 0 4 0
E 2933 0 10 32
E 2933 1 7 23
E 2933 2 4 13
E 2933 5 -5 -16
T 2934 28 0 3 0
E 2934 0 7 22
E 2934 4 -5 -16
E 2934 5 -8 -26
T 2935 16 0 4 0
E 2935 0 11 33
E 2935 1 7 23
E 2935 2 4 13
E 2935 5 -5 -15
T 2936 24 0 4 0
E 2936 0 7 22
E 2936 1 4 13
E 2936 4 -5 -16
E 2936 5 -8 -26
T 2937 25 0 4 0
E 2937 0 8 24
E 2937 1 4 14
E 2937 4 -5 -15
E 2937 5 -8 -24
T 2938 23 0 4 0
E 2938 0 8 24
E 2938 1 5 15
E 2938 4 -4 -14
E 2938 5 -8 -24
T 2939 24 1 4 0
E 2939 0 8 24
E 2939 1 4 14
E 2939 4 -4 -14
E 2939 5 -8 -24
T 2940 29 0 3 0
E 2940 0 6 20
E 2940 4 -6 -19
E 2940 5 -9 -28
T 2941 23 0 4 0
E 2941 0 8 24
E 2941 1 5 15
E 2941 4 -4 -14
E 2941 5 -8 -24
T 2942 28 0 3 0
E 2942 0 7 22
E 2942 4 -5 -17
E 2942 5 -8 -26
T 2943 20 0 3 0
E 2943 0 8 26
E 2943 1 5 17
E 2943 5 -7 -22
T 2944 28 0 3 0
E 2944 0 7 22
E 2944 4 -5 -16
E 2944 5 -8 -26
T 2945 16 0 4 0
E 2945 0 11 33
E 2945 1 7 23
E 2945 2 4 13
E 2945 5 -5 -15
T 2946 25 0 4 0
E 2946 0 7 23
E 2946 1 4 14
E 2946 4 -5 -15
E 2946 5 -8 -25
T 2947 16 0 4 0
E 2947 0 10 32
E 2947 1 7 22
E 2947 2 4 13
E 2947 5 -5 -16
T 2948 37 0 3 0
E 2948 3 -5 -16
E 2948 4 -8 -26
E 2948 5 -12 -36
T 2949 6 0 4 0
E 2949 0 14 43
E 2949 1 11 33
E 2949 2 8 24
E 2949 3 4 14
T 2950 38 0 3 0
E 2950 3 -6 -18
E 2950 4 -9 -28
E 2950 5 -12 -37
T 2951 15 0 4 0
E 2951 0 11 33
E 2951 1 8 24
E 2951 2 4 14
E 2951 5 -5 -15
T 2952 29 0 3 0
E 2952 0 7 21
E 2952 4 -6 -18
E 2952 5 -9 -27
T 2953 19 0 3 0
E 2953 0 10 30
E 2953 1 7 21
E 2953 5 -6 -18
T 2954 32 0 4 0
E 2954 0 5 15
E 2954 3 -4 -14
E 2954 4 -7 -23
E 2954 5 -11 -33
T 2955 19 0 3 0
E 2955 0 9 28
E 2955 1 6 18
E 2955 5 -6 -20
T 2956 28 0 3 0
E 2956 0 7 21
E 2956 4 -5 -17
E 2956 5 -9 -27
T 2957 16 0 4 0
E 2957 0 11 33
E 2957 1 7 23
E 2957 2 4 14
E 2957 5 -5 -15
T 2958 28 0 3 0
E 2958 0 7 21
E 2958 4 -5 -17
E 2958 5 -9 -27
T 2959 14 0 4 0
E 2959 0 11 34
E 2959 1 8 24
E 2959 2 5 15
E 2959 5 -4 -14
T 2960 38 0 3 0
E 2960 3 -5 -17
E 2960 4 -9 -27
E 2960 5 -12 -36
T 2961 11 0 3 0
E 2961 0 13 41
E 2961 1 10 32
E 2961 2 7 22
T 2962 38 0 3 0
E 2962 3 -6 -20
E 2962 4 -10 -30
E 2962 5 -13 -39
T 2963 15 0 4 0
E 2963 0 11 33
E 2963 1 8 24
E 2963 2 4 14
E 2963 5 -5 -15
T 2964 28 0 3 0
E 2964 0 7 21
E 2964 4 -5 -17
E 2964 5 -9 -27
T 2965 23 0 4 0
E 2965 0 8 25
E 2965 1 5 15
E 2965 4 -4 -14
E 2965 5 -7 -23
T 2966 23 0 4 0
E 2966 0 8 24
E 2966 1 5 15
E 2966 4 -4 -14
E 2966 5 -8 -24
T 2967 28 0 3 0
E 2967 0 7 22
E 2967 4 -5 -17
E 2967 5 -8 -26
T 2968 19 0 3 0
E 2968 0 9 27
E 2968 1 6 18
E 2968 5 -7 -21
T 2969 28 0 3 0
E 2969 0 6 18
E 2969 4 -6 -20
E 2969 5 -10 -30
T 2970 19 0 3 0
E 2970 0 9 28
E 2970 1 6 18
E 2970 5 -6 -20
T 2971 20 0 3 0
E 2971 0 8 26
E 2971 1 5 17
E 2971 5 -7 -22
T 2972 24 0 4 0
E 2972 0 8 26
E 2972 1 5 16
E 2972 4 -4 -13
E 2972 5 -7 -22
T 2973 28 0 3 0
E 2973 0 7 21
E 2973 4 -5 -17
E 2973 5 -9 -27
T 2974 20 0 3 0
E 2974 0 8 26
E 2974 1 5 16
E 2974 5 -7 -22
T 2975 32 0 4 0
E 2975 0 5 16
E 2975 3 -4 -13
E 2975 4 -7 -23
E 2975 5 -10 -32
T 2976 19 0 3 0
E 2976 0 10 31
E 2976 1 7 22
E 2976 5 -5 -17
T 2977 23 0 4 0
E 2977 0 7 21
E 2977 1 4 14
E 2977 4 -5 -15
E 2977 5 -8 -24
T 2978 16 0 3 0
E 2978 0 8 24
E 2978 1 6 20
E 2978 5 -6 -19
T 2979 27 0 2 0
E 2979 4 -6 -18
E 2979 5 -9 -28
T 2980 7 0 4 0
E 2980 0 8 24
E 2980 1 8 25
E 2980 2 5 15
E 2980 5 -4 -13
T 2981 21 0 2 0
E 2981 4 -6 -20
E 2981 5 -10 -30
T 2982 3 0 4 0
E 2982 0 6 18
E 2982 1 8 24
E 2982 2 5 15
E 2982 5 -4 -14
T 2983 11 0 2 0
E 2983 1 4 14
E 2983 5 -7 -22
T 2984 13 0 1 0
E 2984 5 -7 -21
T 2985 5 0 3 0
E 2985 1 5 15
E 2985 2 4 13
E 2985 5 -5 -15
T 2986 8 0 1 0
E 2986 5 -7 -21
T 2987 2 0 2 0
E 2987 1 5 15
E 2987 2 6 19
T 2988 3 0 1 0
E 2988 5 -7 -21
T 2989 6 0 3 0
E 2989 1 4 14
E 2989 2 6 20
E 2989 3 4 13
T 2990 1 0 0 0
T 2991 1 0 1 0
E 2991 5 -5 -15
T 2992 1 0 0 0
T 2993 7 0 2 0
E 2993 2 5 16
E 2993 3 6 20
T 2994 10 0 0 0
T 2995 7 0 2 0
E 2995 0 -5 -17
E 2995 5 -5 -15
T 2996 9 0 0 0
T 2997 10 0 0 0
T 2998 8 0 0 0
T 2999 10 0 1 0
E 2999 0 -4 -14
T 3000 15 0 2 0
E 3000 3 4 13
E 3000 4 6 19
T 3001 10 0 1 0
E 3001 0 -5 -15
T 3002 20 0 3 0
E 3002 3 4 13
E 3002 4 6 19
E 3002 5 5 15
T 3003 12 0 1 0
E 3003 0 -5 -17
T 3004 19 0 2 0
E 3004 4 5 15
E 3004 5 5 16
T 3005 10 0 2 0
E 3005 0 -6 -20
E 3005 1 -4 -14
T 3006 23 0 3 0
E 3006 3 4 13
E 3006 4 6 19
E 3006 5 8 25
T 3007 6 0 3 0
E 3007 0 -10 -30
E 3007 1 -8 -24
E 3007 2 -6 -18
T 3008 20 0 2 0
E 3008 4 6 18
E 3008 5 8 24
T 3009 11 0 2 0
E 3009 0 -7 -23
E 3009 1 -5 -17
T 3010 16 0 2 0
E 3010 0 -5 -17
E 3010 5 4 13
T 3011 12 0 1 0
E 3011 0 -6 -18
T 3012 20 0 2 0
E 3012 4 4 14
E 3012 5 6 20
T 3013 15 1 2 0
E 3013 0 -5 -15
E 3013 5 5 15
T 3014 15 0 2 0
E 3014 0 -5 -16
E 3014 5 4 14
T 3015 18 0 1 0
E 3015 5 6 18
T 3016 15 0 2 0
E 3016 0 -4 -14
E 3016 5 5 16
T 3017 18 0 1 0
E 3017 5 6 18
T 3018 15 0 2 0
E 3018 0 -4 -14
E 3018 5 5 16
T 3019 20 0 2 0
E 3019 4 4 14
E 3019 5 6 20
T 3020 10 0 2 0
E 3020 0 -8 -24
E 3020 1 -6 -18
T 3021 23 0 3 0
E 3021 3 4 13
E 3021 4 6 19
E 3021 5 8 25
T 3022 10 0 2 0
E 3022 0 -8 -24
E 3022 1 -6 -18
T 3023 20 0 2 0
E 3023 4 4 14
E 3023 5 6 20
T 3024 11 0 2 0
E 3024 0 -7 -23
E 3024 1 -5 -17
T 3025 20 0 2 0
E 3025 4 4 14
E 3025 5 6 20
T 3026 7 0 3 0
E 3026 0 -9 -28
E 3026 1 -7 -21
E 3026 2 -5 -15
T 3027 24 0 3 0
E 3027 3 5 16
E 3027 4 7 22
E 3027 5 9 28
T 3028 12 0 2 0
E 3028 0 -8 -25
E 3028 1 -5 -17
T 3029 19 0 3 0
E 3029 0 -4 -13
E 3029 4 4 14
E 3029 5 6 20
T 3030 17 1 2 0
E 3030 0 -5 -17
E 3030 5 5 16
T 3031 12 0 2 0
E 3031 0 -8 -25
E 3031 1 -5 -15
T 3032 17 0 2 0
E 3032 0 -5 -16
E 3032 5 6 18
T 3033 18 0 2 0
E 3033 0 -7 -21
E 3033 5 4 14
T 3034 18 0 2 0
E 3034 0 -6 -19
E 3034 5 5 17
T 3035 19 0 2 0
E 3035 0 -7 -21
E 3035 5 5 15
T 3036 16 0 3 0
E 3036 0 -8 -24
E 3036 1 -4 -14
E 3036 5 4 13
T 3037 22 0 3 0
E 3037 0 -4 -14
E 3037 4 5 17
E 3037 5 7 23
T 3038 20 0 2 0
E 3038 0 -7 -22
E 3038 5 5 16
T 3039 20 0 2 0
E 3039 0 -7 -22
E 3039 5 5 17
T 3040 16 0 3 0
E 3040 0 -8 -24
E 3040 1 -5 -15
E 3040 5 5 15
T 3041 30 0 4 0
E 3041 0 -4 -13
E 3041 3 5 15
E 3041 4 7 21
E 3041 5 9 27
T 3042 17 0 3 0
E 3042 0 -8 -26
E 3042 1 -5 -17
E 3042 5 4 14
T 3043 24 0 3 0
E 3043 0 -6 -18
E 3043 4 5 17
E 3043 5 7 23
T 3044 15 0 2 0
E 3044 0 -10 -32
E 3044 1 -7 -22
T 3045 26 0 3 0
E 3045 0 -7 -21
E 3045 4 5 15
E 3045 5 7 21
T 3046 11 0 3 0
E 3046 0 -11 -33
E 3046 1 -7 -23
E 3046 2 -4 -14
T 3047 35 0 3 0
E 3047 3 6 19
E 3047 4 9 28
E 3047 5 11 34
T 3048 18 0 3 0
E 3048 0 -10 -31
E 3048 1 -7 -21
E 3048 5 4 13
T 3049 27 0 3 0
E 3049 0 -6 -19
E 3049 4 6 20
E 3049 5 8 26
T 3050 10 0 3 0
E 3050 0 -11 -34
E 3050 1 -8 -25
E 3050 2 -5 -15
T 3051 37 0 3 0
E 3051 3 5 17
E 3051 4 9 27
E 3051 5 11 34
T 3052 11 0 3 0
E 3052 0 -12 -38
E 3052 1 -9 -29
E 3052 2 -6 -19
T 3053 36 0 3 0
E 3053 3 6 20
E 3053 4 9 29
E 3053 5 12 38
T 3054 11 0 3 0
E 3054 0 -13 -41
E 3054 1 -10 -31
E 3054 2 -7 -21
T 3055 32 0 4 0
E 3055 0 -5 -16
E 3055 3 4 13
E 3055 4 7 22
E 3055 5 10 32
T 3056 15 0 4 0
E 3056 0 -11 -35
E 3056 1 -8 -25
E 3056 2 -5 -16
E 3056 5 4 13
T 3057 37 0 3 0
E 3057 3 6 18
E 3057 4 9 28
E 3057 5 12 38
T 3058 6 0 4 0
E 3058 0 -15 -45
E 3058 1 -11 -35
E 3058 2 -8 -26
E 3058 3 -5 -16
T 3059 43 0 4 0
E 3059 2 5 17
E 3059 3 8 26
E 3059 4 12 36
E 3059 5 15 45
T 3060 4 0 4 0
E 3060 0 -16 -49
E 3060 1 -13 -40
E 3060 2 -10 -30
E 3060 3 -6 -20
T 3061 38 0 3 0
E 3061 3 6 18
E 3061 4 9 28
E 3061 5 12 37
T 3062 10 0 3 0
E 3062 0 -12 -36
E 3062 1 -9 -27
E 3062 2 -5 -17
T 3063 29 0 3 0
E 3063 0 -5 -17
E 3063 4 7 21
E 3063 5 10 31
T 3064 19 0 3 0
E 3064 0 -9 -28
E 3064 1 -6 -18
E 3064 5 6 20
T 3065 28 0 3 0
E 3065 0 -7 -21
E 3065 4 5 17
E 3065 5 9 27
T 3066 24 0 4 0
E 3066 0 -8 -26
E 3066 1 -5 -16
E 3066 4 4 13
E 3066 5 7 22
T 3067 28 0 3 0
E 3067 0 -6 -19
E 3067 4 6 19
E 3067 5 9 29
T 3068 16 0 4 0
E 3068 0 -11 -33
E 3068 1 -7 -23
E 3068 2 -4 -14
E 3068 5 5 15
T 3069 28 0 3 0
E 3069 0 -6 -19
E 3069 4 6 20
E 3069 5 9 29
T 3070 23 0 4 0
E 3070 0 -8 -24
E 3070 1 -5 -15
E 3070 4 4 14
E 3070 5 8 24
T 3071 28 0 3 0
E 3071 0 -6 -19
E 3071 4 6 20
E 3071 5 9 29
T 3072 16 0 4 0
E 3072 0 -10 -32
E 3072 1 -7 -23
E 3072 2 -4 -13
E 3072 5 5 16
T 3073 28 0 3 0
E 3073 0 -7 -22
E 3073 4 5 16
E 3073 5 8 26
T 3074 20 0 3 0
E 3074 0 -9 -29
E 3074 1 -6 -19
E 3074 5 6 19
T 3075 28 0 3 0
E 3075 0 -6 -19
E 3075 4 6 19
E 3075 5 9 29
T 3076 11 0 3 0
E 3076 0 -12 -36
E 3076 1 -8 -26
E 3076 2 -5 -17
T 3077 37 0 3 0
E 3077 3 6 19
E 3077 4 9 29
E 3077 5 13 39
T 3078 10 0 3 0
E 3078 0 -13 -40
E 3078 1 -10 -30
E 3078 2 -7 -21
T 3079 34 0 4 0
E 3079 0 -4 -14
E 3079 3 5 15
E 3079 4 8 25
E 3079 5 11 34
T 3080 20 0 3 0
E 3080 0 -9 -29
E 3080 1 -6 -20
E 3080 5 6 19
T 3081 25 0 4 0
E 3081 0 -7 -23
E 3081 1 -4 -13
E 3081 4 5 16
E 3081 5 8 25
T 3082 20 0 3 0
E 3082 0 -8 -26
E 3082 1 -5 -17
E 3082 5 7 22
T 3083 24 1 4 0
E 3083 0 -8 -24
E 3083 1 -4 -14
E 3083 4 4 14
E 3083 5 8 24
T 3084 23 0 4 0
E 3084 0 -8 -25
E 3084 1 -5 -15
E 3084 4 4 14
E 3084 5 7 23
T 3085 28 0 3 0
E 3085 0 -7 -21
E 3085 4 5 17
E 3085 5 9 27
T 3086 15 0 4 0
E 3086 0 -11 -35
E 3086 1 -8 -25
E 3086 2 -5 -16
E 3086 5 4 13
T 3087 33 0 4 0
E 3087 0 -4 -14
E 3087 3 4 14
E 3087 4 8 24
E 3087 5 11 34
T 3088 10 0 3 0
E 3088 0 -13 -40
E 3088 1 -10 -30
E 3088 2 -7 -21
T 3089 29 0 3 0
E 3089 0 -6 -18
E 3089 4 7 21
E 3089 5 10 30
T 3090 19 0 3 0
E 3090 0 -10 -30
E 3090 1 -7 -21
E 3090 5 6 18
T 3091 29 0 3 0
E 3091 0 -6 -20
E 3091 4 6 19
E 3091 5 9 28
T 3092 19 0 3 0
E 3092 0 -10 -31
E 3092 1 -7 -22
E 3092 5 5 17
T 3093 23 0 4 0
E 3093 0 -8 -25
E 3093 1 -5 -15
E 3093 4 4 13
E 3093 5 7 23
T 3094 25 0 4 0
E 3094 0 -7 -23
E 3094 1 -4 -13
E 3094 4 5 16
E 3094 5 8 25
T 3095 23 0 4 0
E 3095 0 -8 -24
E 3095 1 -5 -15
E 3095 4 4 14
E 3095 5 8 24
T 3096 19 0 3 0
E 3096 0 -9 -28
E 3096 1 -6 -18
E 3096 5 6 20
T 3097 29 0 3 0
E 3097 0 -6 -20
E 3097 4 6 18
E 3097 5 9 28
T 3098 20 0 3 0
E 3098 0 -8 -26
E 3098 1 -5 -16
E 3098 5 7 22
T 3099 28 0 3 0
E 3099 0 -6 -19
E 3099 4 6 20
E 3099 5 9 29
T 3100 14 0 4 0
E 3100 0 -11 -34
E 3100 1 -8 -25
E 3100 2 -5 -15
E 3100 5 4 14
T 3101 32 0 4 0
E 3101 0 -5 -16
E 3101 3 4 13
E 3101 4 7 23
E 3101 5 10 32
T 3102 19 0 3 0
E 3102 0 -10 -30
E 3102 1 -7 -21
E 3102 5 6 18
T 3103 28 0 3 0
E 3103 0 -7 -21
E 3103 4 5 17
E 3103 5 9 27
T 3104 20 0 3 0
E 3104 0 -9 -29
E 3104 1 -6 -19
E 3104 5 6 19
T 3105 28 0 3 0
E 3105 0 -7 -21
E 3105 4 5 17
E 3105 5 9 27
T 3106 20 0 3 0
E 3106 0 -9 -29
E 3106 1 -6 -19
E 3106 5 6 19
T 3107 29 0 3 0
E 3107 0 -6 -20
E 3107 4 6 18
E 3107 5 9 28
T 3108 20 0 3 0
E 3108 0 -10 -30
E 3108 1 -6 -20
E 3108 5 6 18
T 3109 23 0 4 0
E 3109 0 -8 -25
E 3109 1 -5 -15
E 3109 4 4 14
E 3109 5 7 23
T 3110 24 0 4 0
E 3110 0 -7 -22
E 3110 1 -4 -13
E 3110 4 5 16
E 3110 5 8 26
T 3111 24 0 4 0
E 3111 0 -8 -26
E 3111 1 -5 -16
E 3111 4 4 13
E 3111 5 7 22
T 3112 19 0 3 0
E 3112 0 -10 -31
E 3112 1 -7 -22
E 3112 5 5 17
T 3113 24 1 4 0
E 3113 0 -8 -24
E 3113 1 -4 -14
E 3113 4 4 14
E 3113 5 8 24
T 3114 20 0 3 0
E 3114 0 -9 -27
E 3114 1 -5 -17
E 3114 5 7 21
T 3115 28 0 3 0
E 3115 0 -6 -18
E 3115 4 6 20
E 3115 5 10 30
T 3116 15 0 4 0
E 3116 0 -11 -35
E 3116 1 -8 -25
E 3116 2 -5 -16
E 3116 5 4 13
T 3117 29 0 3 0
E 3117 0 -5 -17
E 3117 4 7 21
E 3117 5 10 31
T 3118 15 0 4 0
E 3118 0 -11 -35
E 3118 1 -8 -25
E 3118 2 -5 -16
E 3118 5 4 13
T 3119 38 0 3 0
E 3119 3 5 17
E 3119 4 9 27
E 3119 5 12 36
T 3120 19 0 4 0
E 3120 0 4 14
E 3120 1 -8 -25
E 3120 2 -5 -15
E 3120 5 4 14
T 3121 11 0 4 0
E 3121 0 8 25
E 3121 1 -5 -16
E 3121 4 4 13
E 3121 5 7 22
T 3122 30 0 4 0
E 3122 0 4 13
E 3122 1 -10 -32
E 3122 2 -7 -22
E 3122 3 -4 -13
T 3123 20 0 3 0
E 3123 0 8 26
E 3123 1 -7 -21
E 3123 5 5 17
T 3124 34 0 4 0
E 3124 0 6 19
E 3124 1 -10 -32
E 3124 2 -7 -22
E 3124 3 -4 -13
T 3125 24 0 3 0
E 3125 0 12 36
E 3125 1 -6 -19
E 3125 5 6 20
T 3126 19 0 3 0
E 3126 0 10 30
E 3126 1 7 21
E 3126 2 -6 -18
T 3127 27 0 4 0
E 3127 0 8 24
E 3127 1 4 14
E 3127 2 -9 -27
E 3127 3 -6 -18
T 3128 29 0 4 0
E 3128 0 7 23
E 3128 1 4 14
E 3128 2 -10 -31
E 3128 3 -7 -21
T 3129 29 1 4 0
E 3129 0 9 29
E 3129 1 6 19
E 3129 2 -9 -28
E 3129 3 -6 -19
T 3130 29 0 4 0
E 3130 0 11 34
E 3130 1 8 24
E 3130 2 -9 -27
E 3130 3 -5 -17
T 3131 31 0 4 0
E 3131 0 11 33
E 3131 1 8 24
E 3131 2 -10 -31
E 3131 3 -7 -21
T 3132 17 0 4 0
E 3132 0 13 39
E 3132 1 9 29
E 3132 2 6 20
E 3132 3 -6 -19
T 3133 45 0 4 0
E 3133 0 4 13
E 3133 3 -15 -47
E 3133 4 -12 -38
E 3133 5 -9 -28
T 3134 17 0 4 0
E 3134 0 14 44
E 3134 1 11 34
E 3134 2 8 25
E 3134 3 -6 -20
T 3135 51 0 4 0
E 3135 0 5 17
E 3135 3 -16 -50
E 3135 4 -13 -41
E 3135 5 -10 -31
T 3136 17 0 4 0
E 3136 0 16 49
E 3136 1 13 40
E 3136 2 10 30
E 3136 3 -7 -21
T 3137 52 0 5 0
E 3137 0 7 23
E 3137 1 4 13
E 3137 3 -17 -51
E 3137 4 -13 -41
E 3137 5 -10 -31
T 3138 7 0 5 0
E 3138 0 17 53
E 3138 1 14 44
E 3138 2 11 34
E 3138 3 8 25
E 3138 4 -4 -14
T 3139 49 0 4 0
E 3139 0 4 13
E 3139 3 -5 -16
E 3139 4 -19 -57
E 3139 5 -16 -48
T 3140 10 0 5 0
E 3140 0 17 53
E 3140 1 14 43
E 3140 2 11 33
E 3140 3 8 24
E 3140 4 -7 -21
T 3141 60 0 4 0
E 3141 2 -4 -14
E 3141 3 -8 -24
E 3141 4 -23 -71
E 3141 5 -20 -62
T 3142 8 0 5 0
E 3142 0 19 58
E 3142 1 16 48
E 3142 2 13 39
E 3142 3 9 29
E 3142 4 -7 -22
T 3143 60 0 3 0
E 3143 3 -6 -19
E 3143 4 -24 -74
E 3143 5 -21 -64
T 3144 12 0 5 0
E 3144 0 22 68
E 3144 1 19 58
E 3144 2 16 49
E 3144 3 13 39
E 3144 4 10 30
T 3145 61 0 5 0
E 3145 1 -5 -15
E 3145 2 -8 -25
E 3145 3 -11 -34
E 3145 4 -14 -44
E 3145 5 -28 -85
T 3146 5 0 6 0
E 3146 0 18 56
E 3146 1 15 47
E 3146 2 12 37
E 3146 3 9 27
E 3146 4 6 18
E 3146 5 -9 -27
T 3147 55 0 4 0
E 3147 2 -5 -15
E 3147 3 -8 -25
E 3147 4 -11 -35
E 3147 5 -27 -82
T 3148 7 0 6 0
E 3148 0 18 56
E 3148 1 15 47
E 3148 2 12 37
E 3148 3 9 28
E 3148 4 6 18
E 3148 5 -11 -33
T 3149 49 0 4 0
E 3149 0 4 14
E 3149 3 -5 -15
E 3149 4 -8 -24
E 3149 5 -26 -79
T 3150 5 0 4 0
E 3150 0 16 49
E 3150 1 13 39
E 3150 2 9 29
E 3150 3 6 20
T 3151 38 0 3 0
E 3151 3 -6 -18
E 3151 4 -9 -27
E 3151 5 -12 -37
T 3152 7 0 4 0
E 3152 0 14 42
E 3152 1 10 32
E 3152 2 7 23
E 3152 3 4 13
T 3153 42 0 4 0
E 3153 2 -5 -16
E 3153 3 -8 -25
E 3153 4 -11 -35
E 3153 5 -15 -45
T 3154 10 0 3 0
E 3154 0 13 40
E 3154 1 10 30
E 3154 2 7 21
T 3155 29 0 3 0
E 3155 0 5 17
E 3155 4 -7 -22
E 3155 5 -10 -31
T 3156 19 0 3 0
E 3156 0 9 27
E 3156 1 6 18
E 3156 5 -7 -21
T 3157 28 0 3 0
E 3157 0 7 22
E 3157 4 -5 -17
E 3157 5 -8 -26
T 3158 15 0 4 0
E 3158 0 11 35
E 3158 1 8 26
E 3158 2 5 16
E 3158 5 -4 -13
T 3159 32 0 4 0
E 3159 0 5 15
E 3159 3 -4 -14
E 3159 4 -7 -23
E 3159 5 -11 -33
T 3160 19 0 3 0
E 3160 0 10 31
E 3160 1 7 21
E 3160 5 -5 -17
T 3161 20 0 3 0
E 3161 0 8 26
E 3161 1 5 17
E 3161 5 -7 -22
T 3162 32 0 4 0
E 3162 0 5 16
E 3162 3 -4 -13
E 3162 4 -7 -23
E 3162 5 -10 -32
T 3163 14 0 4 0
E 3163 0 11 34
E 3163 1 8 25
E 3163 2 5 15
E 3163 5 -4 -14
T 3164 34 0 4 0
E 3164 0 4 14
E 3164 3 -5 -15
E 3164 4 -8 -24
E 3164 5 -11 -34
T 3165 16 0 4 0
E 3165 0 11 33
E 3165 1 7 23
E 3165 2 4 13
E 3165 5 -5 -15
T 3166 28 0 3 0
E 3166 0 6 18
E 3166 4 -6 -20
E 3166 5 -10 -30
T 3167 14 0 4 0
E 3167 0 11 34
E 3167 1 8 24
E 3167 2 5 15
E 3167 5 -4 -14
T 3168 28 0 3 0
E 3168 0 5 16
E 3168 4 -7 -22
E 3168 5 -10 -32
T 3169 23 0 4 0
E 3169 0 8 25
E 3169 1 5 15
E 3169 4 -4 -13
E 3169 5 -7 -23
T 3170 28 0 3 0
E 3170 0 6 19
E 3170 4 -6 -20
E 3170 5 -9 -29
T 3171 23 0 4 0
E 3171 0 8 24
E 3171 1 5 15
E 3171 4 -4 -14
E 3171 5 -8 -24
T 3172 23 0 4 0
E 3172 0 8 25
E 3172 1 5 15
E 3172 4 -4 -14
E 3172 5 -7 -23
T 3173 28 0 3 0
E 3173 0 6 19
E 3173 4 -6 -19
E 3173 5 -9 -29
T 3174 20 0 3 0
E 3174 0 9 29
E 3174 1 6 19
E 3174 5 -6 -19
T 3175 25 0 4 0
E 3175 0 7 23
E 3175 1 4 13
E 3175 4 -5 -16
E 3175 5 -8 -25
T 3176 16 0 4 0
E 3176 0 10 32
E 3176 1 7 23
E 3176 2 4 13
E 3176 5 -5 -16
T 3177 28 0 3 0
E 3177 0 7 22
E 3177 4 -5 -17
E 3177 5 -8 -26
T 3178 19 0 3 0
E 3178 0 9 27
E 3178 1 6 18
E 3178 5 -7 -21
T 3179 20 0 3 0
E 3179 0 8 26
E 3179 1 5 16
E 3179 5 -7 -22
T 3180 25 0 4 0
E 3180 0 7 23
E 3180 1 4 13
E 3180 4 -5 -16
E 3180 5 -8 -25
T 3181 28 0 3 0
E 3181 0 7 21
E 3181 4 -5 -17
E 3181 5 -9 -27
T 3182 25 0 4 0
E 3182 0 8 24
E 3182 1 4 14
E 3182 4 -5 -15
E 3182 5 -8 -24
T 3183 28 0 3 0
E 3183 0 7 21
E 3183 4 -5 -17
E 3183 5 -9 -27
T 3184 20 0 3 0
E 3184 0 9 27
E 3184 1 5 17
E 3184 5 -7 -21
T 3185 29 0 3 0
E 3185 0 6 20
E 3185 4 -6 -19
E 3185 5 -9 -28
T 3186 14 0 4 0
E 3186 0 11 34
E 3186 1 8 25
E 3186 2 5 15
E 3186 5 -4 -14
T 3187 38 0 3 0
E 3187 3 -6 -18
E 3187 4 -9 -28
E 3187 5 -12 -37
T 3188 10 0 3 0
E 3188 0 12 36
E 3188 1 9 27
E 3188 2 5 17
T 3189 38 0 3 0
E 3189 3 -6 -18
E 3189 4 -9 -27
E 3189 5 -12 -37
T 3190 6 0 4 0
E 3190 0 15 46
E 3190 1 12 36
E 3190 2 8 26
E 3190 3 5 17
T 3191 33 0 4 0
E 3191 0 4 13
E 3191 3 -5 -16
E 3191 4 -8 -25
E 3191 5 -11 -35
T 3192 16 0 4 0
E 3192 0 11 33
E 3192 1 7 23
E 3192 2 4 14
E 3192 5 -5 -15
T 3193 29 0 3 0
E 3193 0 6 20
E 3193 4 -6 -18
E 3193 5 -9 -28
T 3194 20 0 3 0
E 3194 0 8 26
E 3194 1 5 16
E 3194 5 -7 -22
T 3195 23 0 4 0
E 3195 0 8 25
E 3195 1 5 15
E 3195 4 -4 -14
E 3195 5 -7 -23
T 3196 23 0 4 0
E 3196 0 8 24
E 3196 1 5 15
E 3196 4 -4 -14
E 3196 5 -8 -24
T 3197 29 0 3 0
E 3197 0 6 20
E 3197 4 -6 -19
E 3197 5 -9 -28
T 3198 15 0 4 0
E 3198 0 11 35
E 3198 1 8 26
E 3198 2 5 16
E 3198 5 -4 -13
T 3199 37 0 3 0
E 3199 3 -5 -17
E 3199 4 -8 -26
E 3199 5 -12 -36
T 3200 11 0 3 0
E 3200 0 13 39
E 3200 1 9 29
E 3200 2 6 19
T 3201 38 0 3 0
E 3201 3 -7 -21
E 3201 4 -10 -30
E 3201 5 -13 -40
T 3202 15 0 4 0
E 3202 0 11 35
E 3202 1 8 25
E 3202 2 5 16
E 3202 5 -4 -13
T 3203 28 0 3 0
E 3203 0 6 18
E 3203 4 -6 -20
E 3203 5 -10 -30
T 3204 16 0 4 0
E 3204 0 11 33
E 3204 1 7 23
E 3204 2 4 14
E 3204 5 -5 -15
T 3205 25 0 4 0
E 3205 0 7 23
E 3205 1 4 13
E 3205 4 -5 -16
E 3205 5 -8 -25
T 3206 19 0 3 0
E 3206 0 9 27
E 3206 1 6 18
E 3206 5 -7 -21
T 3207 24 0 4 0
E 3207 0 8 26
E 3207 1 5 16
E 3207 4 -4 -13
E 3207 5 -7 -22
T 3208 19 0 3 0
E 3208 0 10 30
E 3208 1 7 21
E 3208 5 -6 -18
T 3209 32 0 4 0
E 3209 0 5 16
E 3209 3 -4 -13
E 3209 4 -7 -22
E 3209 5 -10 -32
T 3210 11 0 3 0
E 3210 0 12 37
E 3210 1 9 27
E 3210 2 5 17
T 3211 29 0 3 0
E 3211 0 5 17
E 3211 4 -7 -21
E 3211 5 -10 -31
T 3212 10 0 3 0
E 3212 0 12 37
E 3212 1 9 27
E 3212 2 6 18
T 3213 28 0 3 0
E 3213 0 5 16
E 3213 4 -7 -22
E 3213 5 -10 -32
T 3214 20 0 3 0
E 3214 0 9 27
E 3214 1 5 17
E 3214 5 -7 -21
T 3215 28 0 3 0
E 3215 0 6 19
E 3215 4 -6 -20
E 3215 5 -9 -29
T 3216 25 0 4 0
E 3216 0 7 23
E 3216 1 4 14
E 3216 4 -5 -15
E 3216 5 -8 -25
T 3217 23 0 4 0
E 3217 0 7 21
E 3217 1 4 14
E 3217 4 -5 -15
E 3217 5 -8 -24
T 3218 16 0 3 0
E 3218 0 7 22
E 3218 1 6 18
E 3218 5 -7 -21
T 3219 26 0 2 0
E 3219 4 -6 -19
E 3219 5 -9 -29
T 3220 12 0 3 0
E 3220 0 6 20
E 3220 1 7 21
E 3220 5 -5 -17
T 3221 18 0 3 0
E 3221 1 5 15
E 3221 4 -4 -14
E 3221 5 -8 -24
T 3222 1 0 3 0
E 3222 0 6 20
E 3222 1 8 26
E 3222 2 5 17
T 3223 18 0 2 0
E 3223 4 -4 -14
E 3223 5 -8 -24
T 3224 2 0 3 0
E 3224 0 6 18
E 3224 1 8 24
E 3224 2 6 20
T 3225 11 0 2 0
E 3225 4 -5 -17
E 3225 5 -8 -26
T 3226 4 0 3 0
E 3226 1 4 13
E 3226 2 4 14
E 3226 5 -5 -15
T 3227 2 0 2 0
E 3227 1 5 15
E 3227 2 6 19
T 3228 5 0 2 0
E 3228 4 -4 -14
E 3228 5 -8 -24
T 3229 3 0 2 0
E 3229 1 4 13
E 3229 2 6 19
T 3230 0 0 1 0
E 3230 5 -5 -16
T 3231 1 0 1 0
E 3231 5 -5 -15
T 3232 2 0 0 0
T 3233 5 0 0 0
T 3234 9 0 0 0
T 3235 11 0 0 0
T 3236 8 0 0 0
T 3237 8 0 0 0
T 3238 9 0 0 0
T 3239 12 0 0 0
T 3240 9 0 2 0
E 3240 0 -6 -19
E 3240 1 -4 -13
T 3241 9 0 1 0
E 3241 0 -4 -13
T 3242 14 0 1 0
E 3242 4 4 14
T 3243 10 0 1 0
E 3243 0 -4 -14
T 3244 10 0 1 0
E 3244 0 -4 -14
T 3245 19 0 2 0
E 3245 4 5 17
E 3245 5 7 21
T 3246 10 0 2 0
E 3246 0 -8 -24
E 3246 1 -6 -18
T 3247 21 0 2 0
E 3247 4 5 15
E 3247 5 7 21
T 3248 11 0 2 0
E 3248 0 -7 -23
E 3248 1 -5 -17
T 3249 20 0 2 0
E 3249 4 4 14
E 3249 5 6 20
T 3250 9 0 2 0
E 3250 0 -6 -19
E 3250 1 -4 -13
T 3251 15 0 2 0
E 3251 0 -5 -16
E 3251 5 4 14
T 3252 21 0 2 0
E 3252 4 4 13
E 3252 5 6 19
T 3253 9 0 2 0
E 3253 0 -7 -21
E 3253 1 -5 -15
T 3254 18 0 1 0
E 3254 5 6 18
T 3255 14 0 2 0
E 3255 0 -4 -13
E 3255 5 5 17
T 3256 15 1 2 0
E 3256 0 -5 -15
E 3256 5 5 15
T 3257 15 0 2 0
E 3257 0 -5 -16
E 3257 5 4 14
T 3258 20 0 2 0
E 3258 4 4 14
E 3258 5 6 20
T 3259 8 0 3 0
E 3259 0 -8 -26
E 3259 1 -6 -20
E 3259 2 -4 -14
T 3260 20 0 2 0
E 3260 4 6 18
E 3260 5 8 24
T 3261 12 0 1 0
E 3261 0 -6 -18
T 3262 15 0 2 0
E 3262 0 -4 -14
E 3262 5 5 16
T 3263 15 1 2 0
E 3263 0 -5 -15
E 3263 5 5 15
T 3264 15 0 2 0
E 3264 0 -4 -14
E 3264 5 5 16
T 3265 16 0 2 0
E 3265 0 -5 -17
E 3265 5 4 13
T 3266 13 0 1 0
E 3266 0 -6 -19
T 3267 15 1 2 0
E 3267 0 -5 -15
E 3267 5 5 16
T 3268 16 0 2 0
E 3268 0 -4 -14
E 3268 5 6 18
T 3269 11 0 2 0
E 3269 0 -7 -22
E 3269 1 -4 -13
T 3270 19 0 3 0
E 3270 0 -4 -13
E 3270 4 4 14
E 3270 5 6 20
T 3271 12 0 2 0
E 3271 0 -7 -23
E 3271 1 -4 -13
T 3272 21 0 3 0
E 3272 0 -4 -13
E 3272 4 5 15
E 3272 5 7 21
T 3273 18 0 2 0
E 3273 0 -5 -17
E 3273 5 6 18
T 3274 13 0 2 0
E 3274 0 -8 -26
E 3274 1 -5 -16
T 3275 18 0 2 0
E 3275 0 -6 -19
E 3275 5 5 17
T 3276 23 0 3 0
E 3276 0 -5 -16
E 3276 4 5 15
E 3276 5 7 21
T 3277 12 0 2 0
E 3277 0 -9 -27
E 3277 1 -6 -18
T 3278 22 0 3 0
E 3278 0 -5 -15
E 3278 4 5 17
E 3278 5 7 23
T 3279 17 0 3 0
E 3279 0 -8 -24
E 3279 1 -4 -14
E 3279 5 5 15
T 3280 33 0 3 0
E 3280 3 5 15
E 3280 4 7 21
E 3280 5 9 27
T 3281 14 0 2 0
E 3281 0 -9 -29
E 3281 1 -6 -19
T 3282 33 0 3 0
E 3282 3 5 16
E 3282 4 7 22
E 3282 5 9 28
T 3283 11 0 3 0
E 3283 0 -12 -36
E 3283 1 -8 -26
E 3283 2 -5 -17
T 3284 30 0 4 0
E 3284 0 -5 -15
E 3284 3 4 14
E 3284 4 7 21
E 3284 5 9 27
T 3285 17 0 3 0
E 3285 0 -9 -28
E 3285 1 -6 -19
E 3285 5 4 14
T 3286 30 0 4 0
E 3286 0 -5 -15
E 3286 3 4 14
E 3286 4 7 22
E 3286 5 9 28
T 3287 18 0 3 0
E 3287 0 -9 -28
E 3287 1 -6 -19
E 3287 5 5 15
T 3288 24 0 4 0
E 3288 0 -7 -23
E 3288 1 -4 -13
E 3288 4 5 15
E 3288 5 7 21
T 3289 22 0 4 0
E 3289 0 -8 -25
E 3289 1 -5 -15
E 3289 4 4 14
E 3289 5 6 20
T 3290 18 0 3 0
E 3290 0 -9 -27
E 3290 1 -6 -18
E 3290 5 6 18
T 3291 28 0 3 0
E 3291 0 -7 -22
E 3291 4 5 17
E 3291 5 8 24
T 3292 23 0 4 0
E 3292 0 -8 -25
E 3292 1 -5 -16
E 3292 4 4 13
E 3292 5 7 21
T 3293 27 0 3 0
E 3293 0 -7 -21
E 3293 4 5 17
E 3293 5 8 26
T 3294 20 0 3 0
E 3294 0 -10 -32
E 3294 1 -7 -22
E 3294 5 5 16
T 3295 19 0 3 0
E 3295 0 -9 -27
E 3295 1 -6 -18
E 3295 5 7 21
T 3296 29 0 3 0
E 3296 0 -7 -21
E 3296 4 6 18
E 3296 5 9 27
T 3297 14 0 4 0
E 3297 0 -11 -34
E 3297 1 -8 -25
E 3297 2 -5 -15
E 3297 5 4 14
T 3298 33 0 4 0
E 3298 0 -4 -13
E 3298 3 5 16
E 3298 4 8 25
E 3298 5 11 35
T 3299 11 0 3 0
E 3299 0 -13 -39
E 3299 1 -9 -29
E 3299 2 -6 -19
T 3300 28 0 3 0
E 3300 0 -6 -18
E 3300 4 6 20
E 3300 5 10 30
T 3301 20 0 3 0
E 3301 0 -9 -27
E 3301 1 -5 -17
E 3301 5 7 21
T 3302 19 0 3 0
E 3302 0 -9 -27
E 3302 1 -6 -18
E 3302 5 7 21
T 3303 29 0 3 0
E 3303 0 -5 -17
E 3303 4 7 21
E 3303 5 10 31
T 3304 20 0 3 0
E 3304 0 -9 -27
E 3304 1 -5 -17
E 3304 5 7 21
T 3305 20 0 3 0
E 3305 0 -8 -26
E 3305 1 -5 -17
E 3305 5 7 22
T 3306 29 0 3 0
E 3306 0 -6 -20
E 3306 4 6 19
E 3306 5 9 28
T 3307 16 0 4 0
E 3307 0 -10 -32
E 3307 1 -7 -23
E 3307 2 -4 -13
E 3307 5 5 16
T 3308 37 0 3 0
E 3308 3 5 17
E 3308 4 8 26
E 3308 5 12 36
T 3309 11 0 3 0
E 3309 0 -12 -37
E 3309 1 -9 -27
E 3309 2 -5 -17
T 3310 29 0 3 0
E 3310 0 -5 -17
E 3310 4 7 21
E 3310 5 10 31
T 3311 19 0 3 0
E 3311 0 -10 -31
E 3311 1 -7 -21
E 3311 5 5 17
T 3312 28 0 3 0
E 3312 0 -6 -18
E 3312 4 6 20
E 3312 5 10 30
T 3313 20 0 3 0
E 3313 0 -9 -29
E 3313 1 -6 -19
E 3313 5 6 19
T 3314 23 0 4 0
E 3314 0 -8 -25
E 3314 1 -5 -15
E 3314 4 4 14
E 3314 5 7 23
T 3315 28 0 3 0
E 3315 0 -6 -18
E 3315 4 6 20
E 3315 5 10 30
T 3316 19 0 3 0
E 3316 0 -9 -28
E 3316 1 -6 -18
E 3316 5 6 20
T 3317 32 0 4 0
E 3317 0 -5 -15
E 3317 3 4 13
E 3317 4 7 23
E 3317 5 11 33
T 3318 16 0 4 0
E 3318 0 -10 -32
E 3318 1 -7 -22
E 3318 2 -4 -13
E 3318 5 5 16
T 3319 28 0 3 0
E 3319 0 -6 -19
E 3319 4 6 20
E 3319 5 9 29
T 3320 23 0 4 0
E 3320 0 -8 -25
E 3320 1 -5 -16
E 3320 4 4 13
E 3320 5 7 23
T 3321 28 0 3 0
E 3321 0 -7 -22
E 3321 4 5 17
E 3321 5 8 26
T 3322 15 0 4 0
E 3322 0 -11 -35
E 3322 1 -8 -26
E 3322 2 -5 -16
E 3322 5 4 13
T 3323 29 0 3 0
E 3323 0 -5 -17
E 3323 4 7 21
E 3323 5 10 31
T 3324 11 0 3 0
E 3324 0 -12 -36
E 3324 1 -8 -26
E 3324 2 -5 -16
T 3325 34 0 4 0
E 3325 0 -4 -14
E 3325 3 5 15
E 3325 4 8 24
E 3325 5 11 34
T 3326 11 0 3 0
E 3326 0 -12 -38
E 3326 1 -9 -28
E 3326 2 -6 -19
T 3327 37 0 3 0
E 3327 3 6 20
E 3327 4 10 30
E 3327 5 13 40
T 3328 11 0 3 0
E 3328 0 -13 -41
E 3328 1 -10 -31
E 3328 2 -7 -22
T 3329 38 0 3 0
E 3329 3 6 20
E 3329 4 10 30
E 3329 5 13 39
T 3330 15 0 4 0
E 3330 0 -11 -35
E 3330 1 -8 -26
E 3330 2 -5 -16
E 3330 5 4 13
T 3331 32 0 4 0
E 3331 0 -5 -16
E 3331 3 4 13
E 3331 4 7 23
E 3331 5 10 32
T 3332 20 0 3 0
E 3332 0 -9 -29
E 3332 1 -6 -20
E 3332 5 6 19
T 3333 32 0 4 0
E 3333 0 -5 -16
E 3333 3 4 13
E 3333 4 7 22
E 3333 5 10 32
T 3334 11 0 3 0
E 3334 0 -12 -38
E 3334 1 -9 -28
E 3334 2 -6 -18
T 3335 38 0 3 0
E 3335 3 7 21
E 3335 4 10 30
E 3335 5 13 40
T 3336 11 0 3 0
E 3336 0 -12 -36
E 3336 1 -8 -26
E 3336 2 -5 -17
T 3337 28 0 3 0
E 3337 0 -5 -16
E 3337 4 7 22
E 3337 5 10 32
T 3338 11 0 3 0
E 3338 0 -12 -36
E 3338 1 -8 -26
E 3338 2 -5 -17
T 3339 29 0 3 0
E 3339 0 -6 -18
E 3339 4 7 21
E 3339 5 10 30
T 3340 23 0 4 0
E 3340 0 -8 -24
E 3340 1 -5 -15
E 3340 4 4 14
E 3340 5 8 24
T 3341 29 0 3 0
E 3341 0 -7 -21
E 3341 4 6 18
E 3341 5 9 27
T 3342 23 0 4 0
E 3342 0 -8 -25
E 3342 1 -5 -16
E 3342 4 4 13
E 3342 5 7 23
T 3343 28 0 3 0
E 3343 0 -7 -22
E 3343 4 5 16
E 3343 5 8 26
T 3344 24 0 4 0
E 3344 0 -8 -26
E 3344 1 -5 -16
E 3344 4 4 13
E 3344 5 7 22
T 3345 23 0 4 0
E 3345 0 -8 -24
E 3345 1 -5 -15
E 3345 4 4 14
E 3345 5 8 24
T 3346 24 0 4 0
E 3346 0 -8 -26
E 3346 1 -5 -16
E 3346 4 4 13
E 3346 5 7 22
T 3347 19 0 3 0
E 3347 0 -9 -28
E 3347 1 -6 -19
E 3347 5 6 20
T 3348 28 0 3 0
E 3348 0 -6 -19
E 3348 4 6 19
E 3348 5 9 29
T 3349 11 0 3 0
E 3349 0 -12 -36
E 3349 1 -8 -26
E 3349 2 -5 -16
T 3350 33 0 4 0
E 3350 0 -4 -13
E 3350 3 5 16
E 3350 4 8 25
E 3350 5 11 35
T 3351 15 0 4 0
E 3351 0 -11 -35
E 3351 1 -8 -25
E 3351 2 -5 -16
E 3351 5 4 13
T 3352 28 0 3 0
E 3352 0 -6 -18
E 3352 4 6 20
E 3352 5 10 30
T 3353 24 1 4 0
E 3353 0 -8 -24
E 3353 1 -4 -14
E 3353 4 4 14
E 3353 5 8 24
T 3354 24 0 4 0
E 3354 0 -8 -26
E 3354 1 -5 -16
E 3354 4 4 13
E 3354 5 7 22
T 3355 19 0 3 0
E 3355 0 -10 -30
E 3355 1 -7 -21
E 3355 5 6 18
T 3356 29 0 3 0
E 3356 0 -6 -20
E 3356 4 6 19
E 3356 5 9 28
T 3357 19 0 3 0
E 3357 0 -10 -30
E 3357 1 -7 -21
E 3357 5 6 18
T 3358 23 0 4 0
E 3358 0 -8 -25
E 3358 1 -5 -15
E 3358 4 4 13
E 3358 5 7 23
T 3359 20 0 3 0
E 3359 0 -10 -30
E 3359 1 -6 -20
E 3359 5 6 18
T 3360 0 0 4 0
E 3360 0 11 33
E 3360 3 4 14
E 3360 4 7 23
E 3360 5 11 33
T 3361 31 0 3 0
E 3361 1 -11 -34
E 3361 2 -8 -25
E 3361 3 -5 -15
T 3362 4 0 4 0
E 3362 0 13 39
E 3362 3 4 13
E 3362 4 7 23
E 3362 5 11 33
T 3363 37 0 3 0
E 3363 1 -13 -40
E 3363 2 -10 -31
E 3363 3 -7 -21
T 3364 13 0 3 0
E 3364 0 13 39
E 3364 4 5 17
E 3364 5 8 26
T 3365 44 0 5 0
E 3365 0 4 13
E 3365 1 -14 -42
E 3365 2 -10 -32
E 3365 3 -7 -22
E 3365 4 -4 -13
T 3366 4 0 4 0
E 3366 0 15 46
E 3366 1 12 37
E 3366 4 6 18
E 3366 5 9 27
T 3367 46 0 4 0
E 3367 2 -15 -47
E 3367 3 -12 -38
E 3367 4 -9 -28
E 3367 5 -6 -18
T 3368 12 0 3 0
E 3368 0 15 46
E 3368 1 12 37
E 3368 5 7 21
T 3369 46 0 5 0
E 3369 0 5 15
E 3369 2 -14 -42
E 3369 3 -11 -33
E 3369 4 -7 -23
E 3369 5 -4 -14
T 3370 15 0 3 0
E 3370 0 16 50
E 3370 1 13 40
E 3370 5 6 18
T 3371 46 0 6 0
E 3371 0 7 22
E 3371 1 4 13
E 3371 2 -14 -42
E 3371 3 -10 -32
E 3371 4 -7 -22
E 3371 5 -4 -13
T 3372 7 0 4 0
E 3372 0 17 51
E 3372 1 13 41
E 3372 2 10 32
E 3372 5 4 13
T 3373 50 0 3 0
E 3373 3 -16 -49
E 3373 4 -13 -40
E 3373 5 -10 -30
T 3374 16 0 4 0
E 3374 0 15 46
E 3374 1 12 36
E 3374 2 9 27
E 3374 3 -6 -18
T 3375 51 0 4 0
E 3375 0 6 19
E 3375 3 -16 -48
E 3375 4 -13 -39
E 3375 5 -9 -29
T 3376 16 0 4 0
E 3376 0 17 52
E 3376 1 14 43
E 3376 2 11 33
E 3376 3 -6 -18
T 3377 59 0 4 0
E 3377 0 4 13
E 3377 3 -20 -61
E 3377 4 -17 -51
E 3377 5 -13 -41
T 3378 2 0 4 0
E 3378 0 18 56
E 3378 1 15 47
E 3378 2 12 37
E 3378 3 9 28
T 3379 57 0 4 0
E 3379 2 -5 -17
E 3379 3 -9 -27
E 3379 4 -22 -68
E 3379 5 -19 -59
T 3380 10 0 5 0
E 3380 0 17 53
E 3380 1 14 43
E 3380 2 11 33
E 3380 3 8 24
E 3380 4 -7 -21
T 3381 52 0 4 0
E 3381 0 5 16
E 3381 3 -4 -13
E 3381 4 -20 -60
E 3381 5 -17 -51
T 3382 21 0 6 0
E 3382 0 16 49
E 3382 1 13 39
E 3382 2 10 30
E 3382 3 6 20
E 3382 4 -10 -31
E 3382 5 -7 -21
T 3383 47 0 4 0
E 3383 0 8 26
E 3383 1 5 17
E 3383 4 -19 -57
E 3383 5 -15 -47
T 3384 17 0 5 0
E 3384 0 14 43
E 3384 1 11 33
E 3384 2 8 24
E 3384 3 4 14
E 3384 5 -11 -34
T 3385 40 0 3 0
E 3385 0 5 17
E 3385 4 -7 -22
E 3385 5 -21 -63
T 3386 25 0 4 0
E 3386 0 13 41
E 3386 1 10 32
E 3386 2 7 22
E 3386 5 -14 -42
T 3387 32 0 3 0
E 3387 0 10 30
E 3387 1 6 20
E 3387 5 -18 -56
T 3388 29 0 4 0
E 3388 0 11 35
E 3388 1 8 26
E 3388 2 5 16
E 3388 5 -18 -54
T 3389 34 0 3 0
E 3389 0 9 28
E 3389 1 6 18
E 3389 5 -21 -65
T 3390 15 0 4 0
E 3390 0 11 34
E 3390 1 8 24
E 3390 2 4 14
E 3390 5 -4 -14
T 3391 24 0 4 0
E 3391 0 7 22
E 3391 1 4 13
E 3391 4 -5 -16
E 3391 5 -8 -26
T 3392 20 0 3 0
E 3392 0 9 27
E 3392 1 5 17
E 3392 5 -7 -21
T 3393 24 0 4 0
E 3393 0 7 22
E 3393 1 4 13
E 3393 4 -5 -16
E 3393 5 -8 -26
T 3394 25 0 4 0
E 3394 0 7 23
E 3394 1 4 13
E 3394 4 -5 -15
E 3394 5 -8 -25
T 3395 20 0 3 0
E 3395 0 9 29
E 3395 1 6 19
E 3395 5 -6 -19
T 3396 29 0 3 0
E 3396 0 6 20
E 3396 4 -6 -18
E 3396 5 -9 -28
T 3397 24 0 4 0
E 3397 0 8 26
E 3397 1 5 16
E 3397 4 -4 -13
E 3397 5 -7 -22
T 3398 19 0 3 0
E 3398 0 10 30
E 3398 1 7 21
E 3398 5 -6 -18
T 3399 25 0 4 0
E 3399 0 7 23
E 3399 1 4 13
E 3399 4 -5 -15
E 3399 5 -8 -25
T 3400 19 0 3 0
E 3400 0 9 28
E 3400 1 6 18
E 3400 5 -6 -20
T 3401 29 0 3 0
E 3401 0 6 20
E 3401 4 -6 -18
E 3401 5 -9 -28
T 3402 20 0 3 0
E 3402 0 9 27
E 3402 1 5 17
E 3402 5 -7 -21
T 3403 28 0 3 0
E 3403 0 5 16
E 3403 4 -7 -22
E 3403 5 -10 -32
T 3404 19 0 3 0
E 3404 0 10 31
E 3404 1 7 21
E 3404 5 -5 -17
T 3405 33 0 4 0
E 3405 0 5 15
E 3405 3 -4 -14
E 3405 4 -8 -24
E 3405 5 -11 -33
T 3406 16 0 4 0
E 3406 0 10 32
E 3406 1 7 23
E 3406 2 4 13
E 3406 5 -5 -16
T 3407 29 0 3 0
E 3407 0 6 18
E 3407 4 -7 -21
E 3407 5 -10 -30
T 3408 19 0 3 0
E 3408 0 9 27
E 3408 1 6 18
E 3408 5 -7 -21
T 3409 28 0 3 0
E 3409 0 7 22
E 3409 4 -5 -16
E 3409 5 -8 -26
T 3410 25 0 4 0
E 3410 0 8 24
E 3410 1 4 14
E 3410 4 -5 -15
E 3410 5 -8 -24
T 3411 23 0 4 0
E 3411 0 8 24
E 3411 1 5 15
E 3411 4 -4 -14
E 3411 5 -8 -24
T 3412 25 0 4 0
E 3412 0 8 24
E 3412 1 4 14
E 3412 4 -5 -15
E 3412 5 -8 -24
T 3413 19 0 3 0
E 3413 0 10 31
E 3413 1 7 22
E 3413 5 -5 -17
T 3414 29 0 3 0
E 3414 0 6 20
E 3414 4 -6 -18
E 3414 5 -9 -28
T 3415 19 0 3 0
E 3415 0 10 31
E 3415 1 7 21
E 3415 5 -5 -17
T 3416 32 0 4 0
E 3416 0 5 16
E 3416 3 -4 -13
E 3416 4 -7 -22
E 3416 5 -10 -32
T 3417 11 0 3 0
E 3417 0 12 36
E 3417 1 8 26
E 3417 2 5 17
T 3418 37 0 3 0
E 3418 3 -5 -16
E 3418 4 -8 -26
E 3418 5 -12 -36
T 3419 10 0 3 0
E 3419 0 13 40
E 3419 1 10 30
E 3419 2 7 21
T 3420 38 0 3 0
E 3420 3 -5 -17
E 3420 4 -9 -27
E 3420 5 -12 -36
T 3421 10 0 3 0
E 3421 0 13 40
E 3421 1 10 31
E 3421 2 7 21
T 3422 38 0 3 0
E 3422 3 -7 -21
E 3422 4 -10 -31
E 3422 5 -13 -40
T 3423 14 0 4 0
E 3423 0 11 34
E 3423 1 8 25
E 3423 2 5 15
E 3423 5 -4 -14
T 3424 37 0 3 0
E 3424 3 -6 -19
E 3424 4 -9 -28
E 3424 5 -12 -38
T 3425 11 0 3 0
E 3425 0 13 41
E 3425 1 10 31
E 3425 2 7 21
T 3426 29 0 3 0
E 3426 0 5 17
E 3426 4 -7 -21
E 3426 5 -10 -31
T 3427 19 0 3 0
E 3427 0 10 31
E 3427 1 7 21
E 3427 5 -5 -17
T 3428 28 0 3 0
E 3428 0 6 19
E 3428 4 -6 -19
E 3428 5 -9 -29
T 3429 14 0 4 0
E 3429 0 11 34
E 3429 1 8 24
E 3429 2 5 15
E 3429 5 -4 -14
T 3430 38 0 3 0
E 3430 3 -6 -18
E 3430 4 -9 -28
E 3430 5 -12 -37
T 3431 11 0 3 0
E 3431 0 12 38
E 3431 1 9 29
E 3431 2 6 19
T 3432 37 0 3 0
E 3432 3 -6 -19
E 3432 4 -9 -29
E 3432 5 -12 -38
T 3433 15 0 4 0
E 3433 0 11 33
E 3433 1 8 24
E 3433 2 4 14
E 3433 5 -5 -15
T 3434 34 0 4 0
E 3434 0 4 14
E 3434 3 -5 -15
E 3434 4 -8 -24
E 3434 5 -11 -34
T 3435 11 0 3 0
E 3435 0 12 38
E 3435 1 9 28
E 3435 2 6 18
T 3436 37 0 3 0
E 3436 3 -6 -19
E 3436 4 -9 -28
E 3436 5 -12 -38
T 3437 15 0 4 0
E 3437 0 11 35
E 3437 1 8 25
E 3437 2 5 16
E 3437 5 -4 -13
T 3438 33 0 4 0
E 3438 0 4 13
E 3438 3 -5 -15
E 3438 4 -8 -25
E 3438 5 -11 -35
T 3439 11 0 3 0
E 3439 0 12 36
E 3439 1 8 26
E 3439 2 5 17
T 3440 38 0 3 0
E 3440 3 -5 -17
E 3440 4 -9 -27
E 3440 5 -12 -36
T 3441 6 0 4 0
E 3441 0 14 44
E 3441 1 11 35
E 3441 2 8 25
E 3441 3 5 15
T 3442 37 0 3 0
E 3442 3 -6 -19
E 3442 4 -9 -29
E 3442 5 -12 -38
T 3443 15 0 4 0
E 3443 0 11 35
E 3443 1 8 26
E 3443 2 5 16
E 3443 5 -4 -13
T 3444 28 0 3 0
E 3444 0 6 18
E 3444 4 -6 -20
E 3444 5 -10 -30
T 3445 20 0 3 0
E 3445 0 10 30
E 3445 1 6 20
E 3445 5 -6 -18
T 3446 28 0 3 0
E 3446 0 6 19
E 3446 4 -6 -19
E 3446 5 -9 -29
T 3447 16 0 4 0
E 3447 0 10 32
E 3447 1 7 22
E 3447 2 4 13
E 3447 5 -5 -16
T 3448 24 0 4 0
E 3448 0 7 22
E 3448 1 4 13
E 3448 4 -5 -16
E 3448 5 -8 -26
T 3449 20 0 3 0
E 3449 0 9 29
E 3449 1 6 19
E 3449 5 -6 -19
T 3450 25 0 4 0
E 3450 0 7 23
E 3450 1 4 13
E 3450 4 -5 -16
E 3450 5 -8 -25
T 3451 20 0 3 0
E 3451 0 9 29
E 3451 1 6 20
E 3451 5 -6 -19
T 3452 24 0 4 0
E 3452 0 8 26
E 3452 1 5 16
E 3452 4 -4 -13
E 3452 5 -7 -22
T 3453 28 0 3 0
E 3453 0 6 19
E 3453 4 -6 -19
E 3453 5 -9 -29
T 3454 15 0 4 0
E 3454 0 11 35
E 3454 1 8 25
E 3454 2 5 16
E 3454 5 -4 -13
T 3455 34 0 4 0
E 3455 0 4 14
E 3455 3 -5 -15
E 3455 4 -8 -25
E 3455 5 -11 -34
T 3456 10 0 3 0
E 3456 0 13 39
E 3456 1 10 30
E 3456 2 6 20
T 3457 35 0 3 0
E 3457 3 -4 -14
E 3457 4 -8 -24
E 3457 5 -11 -33
T 3458 12 0 4 0
E 3458 0 9 28
E 3458 1 8 24
E 3458 2 4 14
E 3458 5 -5 -15
T 3459 30 0 3 0
E 3459 3 -5 -15
E 3459 4 -8 -24
E 3459 5 -11 -34
T 3460 0 0 4 0
E 3460 0 10 32
E 3460 1 11 33
E 3460 2 7 23
E 3460 3 4 14
T 3461 24 0 3 0
E 3461 3 -4 -13
E 3461 4 -7 -22
E 3461 5 -10 -32
T 3462 4 0 4 0
E 3462 0 9 29
E 3462 1 11 35
E 3462 2 8 26
E 3462 3 5 16
T 3463 16 0 2 0
E 3463 4 -6 -19
E 3463 5 -9 -29
T 3464 2 0 3 0
E 3464 0 6 19
E 3464 1 8 25
E 3464 2 7 21
T 3465 10 0 1 0
E 3465 5 -7 -21
T 3466 0 0 2 0
E 3466 1 6 18
E 3466 2 6 19
T 3467 4 0 2 0
E 3467 2 5 15
E 3467 5 -4 -14
T 3468 3 0 2 0
E 3468 2 4 14
E 3468 5 -5 -15
T 3469 2 0 1 0
E 3469 2 5 15
T 3470 0 0 0 0
T 3471 1 0 1 0
E 3471 5 -5 -15
T 3472 1 0 0 0
T 3473 4 0 0 0
T 3474 6 0 1 0
E 3474 3 5 17
T 3475 7 0 0 0
T 3476 6 0 0 0
T 3477 7 0 0 0
T 3478 13 0 2 0
E 3478 3 4 13
E 3478 4 4 14
T 3479 10 0 1 0
E 3479 0 -5 -15
T 3480 12 0 1 0
E 3480 4 5 17
T 3481 14 0 1 0
E 3481 4 5 15
T 3482 14 0 1 0
E 3482 4 4 14
T 3483 18 0 2 0
E 3483 4 5 15
E 3483 5 4 13
T 3484 10 0 1 0
E 3484 0 -5 -15
T 3485 19 0 2 0
E 3485 4 6 18
E 3485 5 7 22
T 3486 12 0 1 0
E 3486 0 -6 -18
T 3487 20 0 2 0
E 3487 4 4 14
E 3487 5 6 20
T 3488 8 0 3 0
E 3488 0 -8 -26
E 3488 1 -6 -20
E 3488 2 -4 -14
T 3489 20 0 2 0
E 3489 4 6 18
E 3489 5 8 24
T 3490 6 0 3 0
E 3490 0 -9 -27
E 3490 1 -7 -21
E 3490 2 -5 -15
T 3491 24 0 3 0
E 3491 3 5 15
E 3491 4 7 21
E 3491 5 9 27
T 3492 6 0 3 0
E 3492 0 -10 -30
E 3492 1 -8 -24
E 3492 2 -6 -18
T 3493 20 0 2 0
E 3493 4 6 18
E 3493 5 8 24
T 3494 12 0 1 0
E 3494 0 -6 -18
T 3495 19 0 2 0
E 3495 4 5 17
E 3495 5 7 23
T 3496 15 0 2 0
E 3496 0 -4 -14
E 3496 5 5 16
T 3497 18 0 1 0
E 3497 5 6 18
T 3498 9 0 2 0
E 3498 0 -7 -21
E 3498 1 -5 -15
T 3499 18 0 1 0
E 3499 5 6 18
T 3500 15 0 2 0
E 3500 0 -4 -14
E 3500 5 5 16
T 3501 9 0 2 0
E 3501 0 -6 -19
E 3501 1 -4 -13
T 3502 18 0 1 0
E 3502 5 6 18
T 3503 15 0 2 0
E 3503 0 -5 -16
E 3503 5 4 14
T 3504 9 0 2 0
E 3504 0 -7 -21
E 3504 1 -5 -15
T 3505 15 0 2 0
E 3505 0 -4 -14
E 3505 5 5 16
T 3506 13 0 1 0
E 3506 0 -6 -19
T 3507 21 0 2 0
E 3507 4 4 14
E 3507 5 6 20
T 3508 8 0 3 0
E 3508 0 -9 -29
E 3508 1 -7 -21
E 3508 2 -5 -15
T 3509 19 0 3 0
E 3509 0 -4 -13
E 3509 4 4 14
E 3509 5 6 20
T 3510 17 1 2 0
E 3510 0 -5 -17
E 3510 5 5 16
T 3511 17 0 2 0
E 3511 0 -6 -18
E 3511 5 5 16
T 3512 24 0 2 0
E 3512 4 5 16
E 3512 5 7 22
T 3513 13 0 2 0
E 3513 0 -8 -26
E 3513 1 -5 -16
T 3514 19 0 2 0
E 3514 0 -6 -20
E 3514 5 5 16
T 3515 11 0 2 0
E 3515 0 -8 -24
E 3515 1 -5 -15
T 3516 22 0 3 0
E 3516 0 -4 -14
E 3516 4 5 17
E 3516 5 7 23
T 3517 19 0 2 0
E 3517 0 -7 -21
E 3517 5 5 16
T 3518 19 0 2 0
E 3518 0 -7 -21
E 3518 5 5 17
T 3519 24 0 3 0
E 3519 0 -6 -18
E 3519 4 5 15
E 3519 5 7 21
T 3520 14 0 2 0
E 3520 0 -10 -31
E 3520 1 -7 -22
T 3521 25 0 3 0
E 3521 0 -5 -16
E 3521 4 6 18
E 3521 5 8 24
T 3522 14 0 2 0
E 3522 0 -9 -29
E 3522 1 -6 -20
T 3523 24 0 3 0
E 3523 0 -6 -18
E 3523 4 5 17
E 3523 5 7 23
T 3524 14 0 2 0
E 3524 0 -10 -30
E 3524 1 -6 -20
T 3525 26 0 3 0
E 3525 0 -6 -20
E 3525 4 5 16
E 3525 5 7 22
T 3526 18 0 3 0
E 3526 0 -9 -29
E 3526 1 -6 -19
E 3526 5 4 14
T 3527 26 0 3 0
E 3527 0 -6 -20
E 3527 4 5 17
E 3527 5 7 23
T 3528 18 0 3 0
E 3528 0 -10 -31
E 3528 1 -7 -21
E 3528 5 4 13
T 3529 22 0 4 0
E 3529 0 -8 -25
E 3529 1 -5 -15
E 3529 4 4 14
E 3529 5 6 20
T 3530 28 0 3 0
E 3530 0 -5 -17
E 3530 4 7 21
E 3530 5 9 28
T 3531 19 0 3 0
E 3531 0 -9 -27
E 3531 1 -5 -17
E 3531 5 6 19
T 3532 28 0 3 0
E 3532 0 -6 -20
E 3532 4 6 18
E 3532 5 8 26
T 3533 23 0 4 0
E 3533 0 -8 -24
E 3533 1 -4 -14
E 3533 4 4 14
E 3533 5 7 23
T 3534 29 0 3 0
E 3534 0 -6 -20
E 3534 4 6 19
E 3534 5 9 28
T 3535 23 0 4 0
E 3535 0 -8 -24
E 3535 1 -5 -15
E 3535 4 4 14
E 3535 5 8 24
T 3536 25 0 4 0
E 3536 0 -8 -24
E 3536 1 -4 -14
E 3536 4 5 15
E 3536 5 8 24
T 3537 19 0 3 0
E 3537 0 -9 -28
E 3537 1 -6 -19
E 3537 5 6 20
T 3538 20 0 3 0
E 3538 0 -9 -27
E 3538 1 -5 -17
E 3538 5 7 21
T 3539 25 0 4 0
E 3539 0 -8 -24
E 3539 1 -4 -14
E 3539 4 5 15
E 3539 5 8 24
T 3540 19 0 3 0
E 3540 0 -10 -31
E 3540 1 -7 -22
E 3540 5 5 17
T 3541 20 0 3 0
E 3541 0 -9 -27
E 3541 1 -5 -17
E 3541 5 7 21
T 3542 25 0 4 0
E 3542 0 -7 -23
E 3542 1 -4 -14
E 3542 4 5 15
E 3542 5 8 25
T 3543 20 0 3 0
E 3543 0 -9 -27
E 3543 1 -5 -17
E 3543 5 7 21
T 3544 23 0 4 0
E 3544 0 -8 -25
E 3544 1 -5 -15
E 3544 4 4 14
E 3544 5 7 23
T 3545 23 0 4 0
E 3545 0 -8 -24
E 3545 1 -5 -15
E 3545 4 4 14
E 3545 5 8 24
T 3546 19 0 3 0
E 3546 0 -9 -28
E 3546 1 -6 -18
E 3546 5 6 20
T 3547 32 0 4 0
E 3547 0 -5 -15
E 3547 3 4 13
E 3547 4 7 23
E 3547 5 11 33
T 3548 20 0 3 0
E 3548 0 -10 -30
E 3548 1 -6 -20
E 3548 5 6 18
T 3549 24 0 4 0
E 3549 0 -8 -26
E 3549 1 -5 -16
E 3549 4 4 13
E 3549 5 7 22
T 3550 20 0 3 0
E 3550 0 -8 -26
E 3550 1 -5 -17
E 3550 5 7 22
T 3551 23 0 4 0
E 3551 0 -8 -25
E 3551 1 -5 -15
E 3551 4 4 14
E 3551 5 7 23
T 3552 19 0 3 0
E 3552 0 -9 -28
E 3552 1 -6 -19
E 3552 5 6 20
T 3553 32 0 4 0
E 3553 0 -5 -16
E 3553 3 4 13
E 3553 4 7 22
E 3553 5 10 32
T 3554 11 0 3 0
E 3554 0 -13 -40
E 3554 1 -10 -30
E 3554 2 -6 -20
T 3555 38 0 3 0
E 3555 3 6 18
E 3555 4 9 27
E 3555 5 12 37
T 3556 14 0 4 0
E 3556 0 -11 -34
E 3556 1 -8 -24
E 3556 2 -5 -15
E 3556 5 4 14
T 3557 28 0 3 0
E 3557 0 -7 -21
E 3557 4 5 17
E 3557 5 9 27
T 3558 11 0 3 0
E 3558 0 -12 -36
E 3558 1 -8 -26
E 3558 2 -5 -17
T 3559 34 0 4 0
E 3559 0 -4 -14
E 3559 3 5 15
E 3559 4 8 25
E 3559 5 11 34
T 3560 14 0 4 0
E 3560 0 -11 -34
E 3560 1 -8 -25
E 3560 2 -5 -15
E 3560 5 4 14
T 3561 29 0 3 0
E 3561 0 -7 -21
E 3561 4 6 18
E 3561 5 9 27
T 3562 19 0 3 0
E 3562 0 -10 -30
E 3562 1 -7 -21
E 3562 5 6 18
T 3563 29 0 3 0
E 3563 0 -6 -20
E 3563 4 6 18
E 3563 5 9 28
T 3564 11 0 3 0
E 3564 0 -12 -36
E 3564 1 -8 -26
E 3564 2 -5 -16
T 3565 38 0 3 0
E 3565 3 7 21
E 3565 4 10 30
E 3565 5 13 40
T 3566 11 0 3 0
E 3566 0 -13 -41
E 3566 1 -10 -31
E 3566 2 -7 -22
T 3567 37 0 3 0
E 3567 3 5 17
E 3567 4 9 27
E 3567 5 12 37
T 3568 11 0 3 0
E 3568 0 -12 -36
E 3568 1 -8 -26
E 3568 2 -5 -17
T 3569 38 0 3 0
E 3569 3 6 20
E 3569 4 10 30
E 3569 5 13 39
T 3570 6 0 4 0
E 3570 0 -14 -43
E 3570 1 -11 -34
E 3570 2 -8 -24
E 3570 3 -4 -14
T 3571 38 0 3 0
E 3571 3 6 18
E 3571 4 9 28
E 3571 5 12 37
T 3572 15 0 4 0
E 3572 0 -11 -35
E 3572 1 -8 -26
E 3572 2 -5 -16
E 3572 5 4 13
T 3573 38 0 3 0
E 3573 3 6 18
E 3573 4 9 27
E 3573 5 12 37
T 3574 15 0 4 0
E 3574 0 -11 -35
E 3574 1 -8 -25
E 3574 2 -5 -15
E 3574 5 4 13
T 3575 37 0 3 0
E 3575 3 6 19
E 3575 4 9 28
E 3575 5 12 38
T 3576 15 0 4 0
E 3576 0 -11 -35
E 3576 1 -8 -25
E 3576 2 -5 -16
E 3576 5 4 13
T 3577 29 0 3 0
E 3577 0 -6 -20
E 3577 4 6 18
E 3577 5 9 28
T 3578 10 0 3 0
E 3578 0 -12 -37
E 3578 1 -9 -27
E 3578 2 -6 -18
T 3579 29 0 3 0
E 3579 0 -6 -18
E 3579 4 7 21
E 3579 5 10 30
T 3580 23 0 4 0
E 3580 0 -8 -24
E 3580 1 -5 -15
E 3580 4 4 14
E 3580 5 8 24
T 3581 29 0 3 0
E 3581 0 -7 -21
E 3581 4 6 18
E 3581 5 9 27
T 3582 15 0 4 0
E 3582 0 -11 -35
E 3582 1 -8 -26
E 3582 2 -5 -16
E 3582 5 4 13
T 3583 28 0 3 0
E 3583 0 -6 -18
E 3583 4 6 20
E 3583 5 10 30
T 3584 11 0 3 0
E 3584 0 -12 -36
E 3584 1 -8 -26
E 3584 2 -5 -16
T 3585 32 0 4 0
E 3585 0 -5 -16
E 3585 3 4 13
E 3585 4 7 22
E 3585 5 10 32
T 3586 10 0 3 0
E 3586 0 -13 -40
E 3586 1 -10 -30
E 3586 2 -7 -21
T 3587 37 0 3 0
E 3587 3 7 21
E 3587 4 10 31
E 3587 5 13 41
T 3588 16 0 4 0
E 3588 0 -11 -33
E 3588 1 -7 -23
E 3588 2 -4 -14
E 3588 5 5 15
T 3589 33 0 4 0
E 3589 0 -5 -15
E 3589 3 4 14
E 3589 4 8 24
E 3589 5 11 33
T 3590 19 0 3 0
E 3590 0 -10 -31
E 3590 1 -7 -22
E 3590 5 5 17
T 3591 29 0 3 0
E 3591 0 -5 -17
E 3591 4 7 22
E 3591 5 10 31
T 3592 20 0 3 0
E 3592 0 -8 -26
E 3592 1 -5 -17
E 3592 5 7 22
T 3593 28 0 3 0
E 3593 0 -6 -19
E 3593 4 6 19
E 3593 5 9 29
T 3594 25 0 4 0
E 3594 0 -8 -24
E 3594 1 -4 -14
E 3594 4 5 15
E 3594 5 8 24
T 3595 28 0 3 0
E 3595 0 -7 -21
E 3595 4 5 17
E 3595 5 9 27
T 3596 20 0 3 0
E 3596 0 -9 -29
E 3596 1 -6 -19
E 3596 5 6 19
T 3597 32 0 4 0
E 3597 0 -5 -15
E 3597 3 4 13
E 3597 4 7 23
E 3597 5 11 33
T 3598 19 0 3 0
E 3598 0 -10 -31
E 3598 1 -7 -21
E 3598 5 5 17
T 3599 28 0 3 0
E 3599 0 -6 -19
E 3599 4 6 20
E 3599 5 9 29
T 3600 14 0 3 0
E 3600 0 5 17
E 3600 1 -7 -22
E 3600 5 5 17
T 3601 27 0 2 0
E 3601 1 -10 -31
E 3601 2 -7 -22
T 3602 13 0 4 0
E 3602 0 10 30
E 3602 1 -5 -15
E 3602 4 4 14
E 3602 5 8 24
T 3603 31 0 4 0
E 3603 0 5 15
E 3603 1 -10 -32
E 3603 2 -7 -23
E 3603 3 -4 -13
T 3604 22 0 3 0
E 3604 0 10 30
E 3604 1 -7 -21
E 3604 5 5 17
T 3605 29 1 4 0
E 3605 0 9 29
E 3605 1 -8 -26
E 3605 2 -5 -16
E 3605 5 4 13
T 3606 19 0 3 0
E 3606 0 9 28
E 3606 1 6 19
E 3606 2 -6 -20
T 3607 26 1 4 0
E 3607 0 8 26
E 3607 1 5 16
E 3607 2 -8 -25
E 3607 3 -5 -16
T 3608 26 0 4 0
E 3608 0 9 28
E 3608 1 6 19
E 3608 2 -8 -26
E 3608 3 -5 -16
T 3609 27 0 4 0
E 3609 0 10 31
E 3609 1 7 21
E 3609 2 -8 -26
E 3609 3 -5 -17
T 3610 39 0 5 0
E 3610 0 7 23
E 3610 1 4 13
E 3610 2 -12 -38
E 3610 3 -9 -28
E 3610 4 -6 -19
T 3611 30 0 4 0
E 3611 0 12 37
E 3611 1 9 28
E 3611 2 -9 -27
E 3611 3 -5 -17
T 3612 24 0 5 0
E 3612 0 11 33
E 3612 1 7 23
E 3612 2 4 14
E 3612 3 -8 -25
E 3612 4 -5 -15
T 3613 35 0 5 0
E 3613 0 9 27
E 3613 1 6 18
E 3613 3 -11 -33
E 3613 4 -8 -24
E 3613 5 -4 -14
T 3614 22 0 5 0
E 3614 0 13 40
E 3614 1 10 30
E 3614 2 7 21
E 3614 3 -8 -24
E 3614 4 -4 -14
T 3615 43 0 5 0
E 3615 0 9 27
E 3615 1 5 17
E 3615 3 -13 -40
E 3615 4 -10 -31
E 3615 5 -7 -21
T 3616 17 0 4 0
E 3616 0 16 48
E 3616 1 13 39
E 3616 2 9 29
E 3616 3 -7 -22
T 3617 51 0 5 0
E 3617 0 8 24
E 3617 1 4 14
E 3617 3 -16 -50
E 3617 4 -13 -40
E 3617 5 -10 -30
T 3618 7 0 5 0
E 3618 0 17 53
E 3618 1 14 44
E 3618 2 11 34
E 3618 3 8 25
E 3618 4 -4 -14
T 3619 52 0 3 0
E 3619 3 -5 -17
E 3619 4 -19 -58
E 3619 5 -16 -49
T 3620 15 0 6 0
E 3620 0 17 51
E 3620 1 13 41
E 3620 2 10 31
E 3620 3 7 22
E 3620 4 -7 -23
E 3620 5 -4 -13
T 3621 44 0 4 0
E 3621 0 7 22
E 3621 1 4 13
E 3621 4 -18 -54
E 3621 5 -15 -45
T 3622 20 0 6 0
E 3622 0 16 50
E 3622 1 13 40
E 3622 2 10 31
E 3622 3 7 21
E 3622 4 -10 -30
E 3622 5 -6 -20
T 3623 52 0 3 0
E 3623 0 5 17
E 3623 4 -22 -66
E 3623 5 -18 -56
T 3624 2 0 6 0
E 3624 0 19 57
E 3624 1 15 47
E 3624 2 12 38
E 3624 3 9 28
E 3624 4 6 19
E 3624 5 -6 -20
T 3625 54 0 4 0
E 3625 2 -6 -19
E 3625 3 -9 -28
E 3625 4 -12 -38
E 3625 5 -26 -79
T 3626 5 0 6 0
E 3626 0 18 56
E 3626 1 15 47
E 3626 2 12 37
E 3626 3 9 27
E 3626 4 6 18
E 3626 5 -9 -27
T 3627 50 0 3 0
E 3627 3 -6 -20
E 3627 4 -10 -30
E 3627 5 -25 -77
T 3628 17 0 5 0
E 3628 0 16 48
E 3628 1 13 39
E 3628 2 9 29
E 3628 3 6 20
E 3628 5 -13 -41
T 3629 47 0 4 0
E 3629 0 5 15
E 3629 3 -4 -14
E 3629 4 -7 -23
E 3629 5 -26 -78
T 3630 2 0 5 0
E 3630 0 18 54
E 3630 1 14 44
E 3630 2 11 34
E 3630 3 8 25
E 3630 4 5 15
T 3631 49 0 5 0
E 3631 1 -4 -14
E 3631 2 -8 -24
E 3631 3 -11 -34
E 3631 4 -14 -43
E 3631 5 -17 -53
T 3632 5 0 4 0
E 3632 0 15 46
E 3632 1 12 36
E 3632 2 9 27
E 3632 3 5 17
T 3633 37 0 3 0
E 3633 3 -6 -19
E 3633 4 -9 -29
E 3633 5 -13 -39
T 3634 15 0 4 0
E 3634 0 11 35
E 3634 1 8 25
E 3634 2 5 16
E 3634 5 -4 -13
T 3635 28 0 3 0
E 3635 0 7 22
E 3635 4 -5 -17
E 3635 5 -8 -26
T 3636 20 0 3 0
E 3636 0 9 29
E 3636 1 6 20
E 3636 5 -6 -19
T 3637 29 0 3 0
E 3637 0 7 21
E 3637 4 -6 -18
E 3637 5 -9 -27
T 3638 23 0 4 0
E 3638 0 8 24
E 3638 1 5 15
E 3638 4 -4 -14
E 3638 5 -8 -24
T 3639 28 0 3 0
E 3639 0 7 22
E 3639 4 -5 -16
E 3639 5 -8 -26
T 3640 24 0 4 0
E 3640 0 8 26
E 3640 1 5 16
E 3640 4 -4 -13
E 3640 5 -7 -22
T 3641 24 0 4 0
E 3641 0 7 22
E 3641 1 4 13
E 3641 4 -5 -16
E 3641 5 -8 -26
T 3642 19 0 3 0
E 3642 0 9 28
E 3642 1 6 18
E 3642 5 -6 -20
T 3643 29 0 3 0
E 3643 0 5 17
E 3643 4 -7 -21
E 3643 5 -10 -31
T 3644 20 0 3 0
E 3644 0 10 30
E 3644 1 6 20
E 3644 5 -6 -18
T 3645 25 0 4 0
E 3645 0 8 24
E 3645 1 4 14
E 3645 4 -5 -15
E 3645 5 -8 -24
T 3646 28 0 3 0
E 3646 0 7 21
E 3646 4 -5 -17
E 3646 5 -9 -27
T 3647 14 0 4 0
E 3647 0 11 34
E 3647 1 8 24
E 3647 2 5 15
E 3647 5 -4 -14
T 3648 33 0 4 0
E 3648 0 4 13
E 3648 3 -5 -15
E 3648 4 -8 -25
E 3648 5 -11 -35
T 3649 10 0 3 0
E 3649 0 13 40
E 3649 1 10 30
E 3649 2 7 21
T 3650 38 0 3 0
E 3650 3 -5 -17
E 3650 4 -9 -27
E 3650 5 -12 -36
T 3651 15 0 4 0
E 3651 0 11 33
E 3651 1 8 24
E 3651 2 4 14
E 3651 5 -5 -15
T 3652 28 0 3 0
E 3652 0 6 19
E 3652 4 -6 -20
E 3652 5 -9 -29
T 3653 16 0 4 0
E 3653 0 10 32
E 3653 1 7 23
E 3653 2 4 13
E 3653 5 -5 -16
T 3654 28 0 3 0
E 3654 0 7 21
E 3654 4 -5 -17
E 3654 5 -9 -27
T 3655 11 0 3 0
E 3655 0 12 36
E 3655 1 8 26
E 3655 2 5 16
T 3656 37 0 3 0
E 3656 3 -6 -19
E 3656 4 -9 -28
E 3656 5 -12 -38
T 3657 6 0 4 0
E 3657 0 14 43
E 3657 1 11 33
E 3657 2 8 24
E 3657 3 4 14
T 3658 41 0 4 0
E 3658 2 -4 -14
E 3658 3 -7 -23
E 3658 4 -11 -33
E 3658 5 -14 -43
T 3659 10 0 3 0
E 3659 0 12 37
E 3659 1 9 27
E 3659 2 6 18
T 3660 29 0 3 0
E 3660 0 6 18
E 3660 4 -7 -21
E 3660 5 -10 -30
T 3661 23 0 4 0
E 3661 0 8 25
E 3661 1 5 16
E 3661 4 -4 -13
E 3661 5 -7 -23
T 3662 19 0 3 0
E 3662 0 10 31
E 3662 1 7 21
E 3662 5 -5 -17
T 3663 29 0 3 0
E 3663 0 5 17
E 3663 4 -7 -21
E 3663 5 -10 -31
T 3664 23 0 4 0
E 3664 0 8 25
E 3664 1 5 15
E 3664 4 -4 -13
E 3664 5 -7 -23
T 3665 20 0 3 0
E 3665 0 9 29
E 3665 1 6 19
E 3665 5 -6 -19
T 3666 29 0 3 0
E 3666 0 6 20
E 3666 4 -6 -18
E 3666 5 -9 -28
T 3667 10 0 3 0
E 3667 0 12 37
E 3667 1 9 27
E 3667 2 6 18
T 3668 41 0 4 0
E 3668 2 -4 -14
E 3668 3 -7 -23
E 3668 4 -11 -33
E 3668 5 -14 -43
T 3669 11 0 3 0
E 3669 0 13 39
E 3669 1 9 29
E 3669 2 6 20
T 3670 38 0 3 0
E 3670 3 -5 -17
E 3670 4 -9 -27
E 3670 5 -12 -36
T 3671 15 0 4 0
E 3671 0 11 35
E 3671 1 8 26
E 3671 2 5 16
E 3671 5 -4 -13
T 3672 34 0 4 0
E 3672 0 4 14
E 3672 3 -5 -15
E 3672 4 -8 -25
E 3672 5 -11 -34
T 3673 11 0 3 0
E 3673 0 12 38
E 3673 1 9 29
E 3673 2 6 19
T 3674 32 0 4 0
E 3674 0 5 15
E 3674 3 -4 -14
E 3674 4 -7 -23
E 3674 5 -11 -33
T 3675 11 0 3 0
E 3675 0 12 37
E 3675 1 9 27
E 3675 2 5 17
T 3676 37 0 3 0
E 3676 3 -6 -20
E 3676 4 -9 -29
E 3676 5 -13 -39
T 3677 6 0 4 0
E 3677 0 14 44
E 3677 1 11 34
E 3677 2 8 25
E 3677 3 5 15
T 3678 37 0 3 0
E 3678 3 -6 -20
E 3678 4 -10 -30
E 3678 5 -13 -40
T 3679 7 0 4 0
E 3679 0 14 42
E 3679 1 10 32
E 3679 2 7 23
E 3679 3 4 13
T 3680 33 0 4 0
E 3680 0 5 15
E 3680 3 -4 -14
E 3680 4 -8 -24
E 3680 5 -11 -33
T 3681 19 0 3 0
E 3681 0 10 31
E 3681 1 7 22
E 3681 5 -5 -17
T 3682 29 0 3 0
E 3682 0 6 20
E 3682 4 -6 -19
E 3682 5 -9 -28
T 3683 19 0 3 0
E 3683 0 9 27
E 3683 1 6 18
E 3683 5 -7 -21
T 3684 29 0 3 0
E 3684 0 6 20
E 3684 4 -6 -18
E 3684 5 -9 -28
T 3685 15 0 4 0
E 3685 0 11 34
E 3685 1 8 24
E 3685 2 4 14
E 3685 5 -4 -14
T 3686 28 0 3 0
E 3686 0 6 18
E 3686 4 -6 -20
E 3686 5 -10 -30
T 3687 20 0 3 0
E 3687 0 9 27
E 3687 1 5 17
E 3687 5 -7 -21
T 3688 23 0 4 0
E 3688 0 8 25
E 3688 1 5 16
E 3688 4 -4 -13
E 3688 5 -7 -23
T 3689 24 1 4 0
E 3689 0 8 24
E 3689 1 4 14
E 3689 4 -4 -14
E 3689 5 -8 -24
T 3690 24 0 4 0
E 3690 0 8 26
E 3690 1 5 16
E 3690 4 -4 -13
E 3690 5 -7 -22
T 3691 23 0 4 0
E 3691 0 8 24
E 3691 1 5 15
E 3691 4 -4 -14
E 3691 5 -8 -24
T 3692 20 0 3 0
E 3692 0 9 29
E 3692 1 6 19
E 3692 5 -6 -19
T 3693 28 0 3 0
E 3693 0 6 18
E 3693 4 -6 -20
E 3693 5 -10 -30
T 3694 24 1 4 0
E 3694 0 8 24
E 3694 1 4 14
E 3694 4 -4 -14
E 3694 5 -8 -24
T 3695 20 0 3 0
E 3695 0 9 27
E 3695 1 5 17
E 3695 5 -7 -21
T 3696 24 0 4 0
E 3696 0 7 22
E 3696 1 4 13
E 3696 4 -5 -16
E 3696 5 -8 -26
T 3697 18 0 3 0
E 3697 0 8 26
E 3697 1 6 19
E 3697 5 -6 -19
T 3698 25 0 3 0
E 3698 0 4 14
E 3698 4 -6 -19
E 3698 5 -9 -29
T 3699 5 0 3 0
E 3699 0 10 30
E 3699 1 9 28
E 3699 2 6 19
T 3700 23 0 2 0
E 3700 4 -6 -20
E 3700 5 -9 -29
T 3701 7 0 4 0
E 3701 0 6 19
E 3701 1 7 23
E 3701 2 4 13
E 3701 5 -5 -16
T 3702 12 1 2 0
E 3702 1 6 18
E 3702 5 -6 -20
T 3703 14 0 3 0
E 3703 1 4 13
E 3703 4 -4 -13
E 3703 5 -7 -23
T 3704 2 0 4 0
E 3704 0 4 13
E 3704 1 6 19
E 3704 2 5 15
E 3704 5 -4 -14
T 3705 13 0 2 0
E 3705 4 -5 -15
E 3705 5 -8 -24
T 3706 4 0 3 0
E 3706 0 5 15
E 3706 1 7 21
E 3706 2 7 22
T 3707 6 0 2 0
E 3707 4 -5 -17
E 3707 5 -8 -26
T 3708 3 0 2 0
E 3708 2 4 14
E 3708 5 -5 -15
T 3709 0 0 1 0
E 3709 2 5 17
T 3710 1 0 1 0
E 3710 5 -5 -17
T 3711 2 0 1 0
E 3711 2 4 14
T 3712 4 0 1 0
E 3712 3 4 13
T 3713 6 0 1 0
E 3713 3 4 14
T 3714 5 0 2 0
E 3714 0 -4 -13
E 3714 5 -4 -14
T 3715 6 0 0 0
T 3716 10 0 0 0
T 3717 10 0 1 0
E 3717 0 -4 -14
T 3718 10 0 1 0
E 3718 0 -5 -15
T 3719 11 0 0 0
T 3720 12 0 1 0
E 3720 4 5 17
T 3721 12 0 1 0
E 3721 0 -6 -18
T 3722 12 0 1 0
E 3722 0 -5 -17
T 3723 9 0 1 0
E 3723 0 -4 -13
T 3724 9 0 1 0
E 3724 0 -4 -13
T 3725 11 0 1 0
E 3725 0 -5 -16
T 3726 18 0 1 0
E 3726 5 6 18
T 3727 10 0 2 0
E 3727 0 -6 -20
E 3727 1 -4 -14
T 3728 15 0 2 0
E 3728 0 -4 -14
E 3728 5 5 16
T 3729 9 0 2 0
E 3729 0 -7 -21
E 3729 1 -5 -15
T 3730 15 1 2 0
E 3730 0 -5 -15
E 3730 5 5 15
T 3731 10 0 2 0
E 3731 0 -6 -20
E 3731 1 -4 -14
T 3732 18 0 1 0
E 3732 5 6 18
T 3733 11 0 2 0
E 3733 0 -7 -23
E 3733 1 -5 -17
T 3734 20 0 2 0
E 3734 4 6 18
E 3734 5 8 24
T 3735 15 0 2 0
E 3735 0 -5 -16
E 3735 5 4 14
T 3736 10 0 2 0
E 3736 0 -6 -20
E 3736 1 -4 -14
T 3737 15 1 2 0
E 3737 0 -5 -15
E 3737 5 5 15
T 3738 18 0 1 0
E 3738 5 6 18
T 3739 9 0 2 0
E 3739 0 -6 -19
E 3739 1 -4 -13
T 3740 15 1 2 0
E 3740 0 -5 -15
E 3740 5 5 15
T 3741 14 0 2 0
E 3741 0 -4 -13
E 3741 5 5 17
T 3742 9 0 2 0
E 3742 0 -7 -21
E 3742 1 -5 -15
T 3743 20 0 2 0
E 3743 4 6 18
E 3743 5 8 24
T 3744 7 0 3 0
E 3744 0 -8 -25
E 3744 1 -6 -19
E 3744 2 -4 -13
T 3745 22 0 3 0
E 3745 3 4 14
E 3745 4 6 20
E 3745 5 8 26
T 3746 8 0 3 0
E 3746 0 -9 -29
E 3746 1 -7 -22
E 3746 2 -5 -16
T 3747 24 0 3 0
E 3747 3 5 16
E 3747 4 7 22
E 3747 5 9 28
T 3748 12 0 2 0
E 3748 0 -8 -25
E 3748 1 -5 -17
T 3749 24 0 2 0
E 3749 4 5 15
E 3749 5 7 21
T 3750 12 0 2 0
E 3750 0 -7 -23
E 3750 1 -4 -14
T 3751 17 0 2 0
E 3751 0 -6 -18
E 3751 5 5 16
T 3752 24 0 2 0
E 3752 4 5 16
E 3752 5 7 22
T 3753 14 0 2 0
E 3753 0 -9 -29
E 3753 1 -6 -19
T 3754 26 0 2 0
E 3754 4 6 18
E 3754 5 8 24
T 3755 12 0 2 0
E 3755 0 -9 -27
E 3755 1 -6 -18
T 3756 22 0 3 0
E 3756 0 -5 -15
E 3756 4 5 16
E 3756 5 7 22
T 3757 15 0 3 0
E 3757 0 -8 -24
E 3757 1 -5 -15
E 3757 5 4 13
T 3758 22 0 3 0
E 3758 0 -6 -18
E 3758 4 4 14
E 3758 5 6 20
T 3759 17 0 3 0
E 3759 0 -8 -26
E 3759 1 -5 -16
E 3759 5 4 13
T 3760 28 0 4 0
E 3760 0 -4 -14
E 3760 3 4 13
E 3760 4 6 19
E 3760 5 8 25
T 3761 17 0 3 0
E 3761 0 -8 -26
E 3761 1 -5 -16
E 3761 5 4 14
T 3762 24 0 3 0
E 3762 0 -7 -21
E 3762 4 4 13
E 3762 5 6 19
T 3763 18 0 3 0
E 3763 0 -8 -26
E 3763 1 -5 -16
E 3763 5 5 15
T 3764 18 0 3 0
E 3764 0 -8 -26
E 3764 1 -5 -16
E 3764 5 5 16
T 3765 26 0 3 0
E 3765 0 -7 -21
E 3765 4 5 15
E 3765 5 7 21
T 3766 22 0 4 0
E 3766 0 -7 -23
E 3766 1 -4 -13
E 3766 4 4 14
E 3766 5 6 20
T 3767 18 0 3 0
E 3767 0 -8 -25
E 3767 1 -5 -16
E 3767 5 6 18
T 3768 26 0 3 0
E 3768 0 -6 -18
E 3768 4 6 20
E 3768 5 8 26
T 3769 11 0 3 0
E 3769 0 -11 -33
E 3769 1 -7 -23
E 3769 2 -4 -13
T 3770 37 0 3 0
E 3770 3 6 18
E 3770 4 9 27
E 3770 5 11 34
T 3771 10 0 3 0
E 3771 0 -13 -40
E 3771 1 -10 -30
E 3771 2 -7 -21
T 3772 31 0 4 0
E 3772 0 -5 -15
E 3772 3 4 13
E 3772 4 7 23
E 3772 5 10 31
T 3773 10 0 3 0
E 3773 0 -12 -37
E 3773 1 -9 -27
E 3773 2 -6 -18
T 3774 37 0 3 0
E 3774 3 6 19
E 3774 4 9 29
E 3774 5 12 38
T 3775 10 0 3 0
E 3775 0 -12 -37
E 3775 1 -9 -28
E 3775 2 -6 -18
T 3776 32 0 4 0
E 3776 0 -5 -16
E 3776 3 4 13
E 3776 4 7 23
E 3776 5 10 32
T 3777 19 0 3 0
E 3777 0 -9 -27
E 3777 1 -6 -18
E 3777 5 7 21
T 3778 28 0 3 0
E 3778 0 -7 -21
E 3778 4 5 17
E 3778 5 9 27
T 3779 20 0 3 0
E 3779 0 -9 -29
E 3779 1 -6 -19
E 3779 5 6 19
T 3780 23 0 4 0
E 3780 0 -8 -24
E 3780 1 -5 -15
E 3780 4 4 14
E 3780 5 8 24
T 3781 20 0 3 0
E 3781 0 -10 -30
E 3781 1 -6 -20
E 3781 5 6 18
T 3782 28 0 3 0
E 3782 0 -6 -19
E 3782 4 6 19
E 3782 5 9 29
T 3783 16 0 4 0
E 3783 0 -11 -33
E 3783 1 -7 -23
E 3783 2 -4 -14
E 3783 5 5 15
T 3784 28 0 3 0
E 3784 0 -7 -22
E 3784 4 5 17
E 3784 5 8 26
T 3785 19 0 3 0
E 3785 0 -10 -31
E 3785 1 -7 -22
E 3785 5 5 17
T 3786 29 0 3 0
E 3786 0 -5 -17
E 3786 4 7 22
E 3786 5 10 31
T 3787 16 0 4 0
E 3787 0 -10 -32
E 3787 1 -7 -23
E 3787 2 -4 -13
E 3787 5 5 16
T 3788 28 0 3 0
E 3788 0 -6 -18
E 3788 4 6 20
E 3788 5 10 30
T 3789 19 0 3 0
E 3789 0 -10 -31
E 3789 1 -7 -21
E 3789 5 5 17
T 3790 23 0 4 0
E 3790 0 -8 -24
E 3790 1 -5 -15
E 3790 4 4 14
E 3790 5 8 24
T 3791 23 0 4 0
E 3791 0 -8 -25
E 3791 1 -5 -15
E 3791 4 4 14
E 3791 5 7 23
T 3792 20 0 3 0
E 3792 0 -8 -26
E 3792 1 -5 -17
E 3792 5 7 22
T 3793 24 1 4 0
E 3793 0 -8 -24
E 3793 1 -4 -14
E 3793 4 4 14
E 3793 5 8 24
T 3794 19 0 3 0
E 3794 0 -10 -31
E 3794 1 -7 -21
E 3794 5 5 17
T 3795 32 0 4 0
E 3795 0 -5 -15
E 3795 3 4 14
E 3795 4 7 23
E 3795 5 11 33
T 3796 14 0 4 0
E 3796 0 -11 -34
E 3796 1 -8 -24
E 3796 2 -5 -15
E 3796 5 4 14
T 3797 28 0 3 0
E 3797 0 -7 -21
E 3797 4 5 17
E 3797 5 9 27
T 3798 20 0 3 0
E 3798 0 -10 -30
E 3798 1 -6 -20
E 3798 5 6 18
T 3799 29 0 3 0
E 3799 0 -7 -21
E 3799 4 6 18
E 3799 5 9 27
T 3800 19 0 3 0
E 3800 0 -10 -31
E 3800 1 -7 -22
E 3800 5 5 17
T 3801 29 0 3 0
E 3801 0 -7 -21
E 3801 4 6 18
E 3801 5 9 27
T 3802 23 0 4 0
E 3802 0 -8 -24
E 3802 1 -5 -15
E 3802 4 4 14
E 3802 5 8 24
T 3803 29 0 3 0
E 3803 0 -6 -20
E 3803 4 6 18
E 3803 5 9 28
T 3804 20 0 3 0
E 3804 0 -10 -32
E 3804 1 -7 -22
E 3804 5 5 16
T 3805 23 0 4 0
E 3805 0 -8 -24
E 3805 1 -5 -15
E 3805 4 4 14
E 3805 5 8 24
T 3806 24 0 4 0
E 3806 0 -8 -26
E 3806 1 -5 -16
E 3806 4 4 13
E 3806 5 7 22
T 3807 23 0 4 0
E 3807 0 -8 -24
E 3807 1 -5 -15
E 3807 4 4 14
E 3807 5 8 24
T 3808 23 0 4 0
E 3808 0 -8 -25
E 3808 1 -5 -15
E 3808 4 4 13
E 3808 5 7 23
T 3809 20 0 3 0
E 3809 0 -9 -29
E 3809 1 -6 -19
E 3809 5 6 19
T 3810 23 0 4 0
E 3810 0 -8 -24
E 3810 1 -5 -15
E 3810 4 4 14
E 3810 5 8 24
T 3811 28 0 3 0
E 3811 0 -6 -19
E 3811 4 6 20
E 3811 5 9 29
T 3812 14 0 4 0
E 3812 0 -11 -34
E 3812 1 -8 -25
E 3812 2 -5 -15
E 3812 5 4 14
T 3813 29 0 3 0
E 3813 0 -5 -17
E 3813 4 7 21
E 3813 5 10 31
T 3814 23 0 4 0
E 3814 0 -8 -25
E 3814 1 -5 -15
E 3814 4 4 14
E 3814 5 7 23
T 3815 28 0 3 0
E 3815 0 -6 -18
E 3815 4 6 20
E 3815 5 10 30
T 3816 20 0 3 0
E 3816 0 -9 -27
E 3816 1 -5 -17
E 3816 5 7 21
T 3817 28 0 3 0
E 3817 0 -6 -19
E 3817 4 6 19
E 3817 5 9 29
T 3818 20 0 3 0
E 3818 0 -9 -29
E 3818 1 -6 -19
E 3818 5 6 19
T 3819 20 0 3 0
E 3819 0 -9 -27
E 3819 1 -5 -17
E 3819 5 7 21
T 3820 20 0 3 0
E 3820 0 -8 -26
E 3820 1 -5 -17
E 3820 5 7 22
T 3821 29 0 3 0
E 3821 0 -6 -20
E 3821 4 6 19
E 3821 5 9 28
T 3822 16 0 4 0
E 3822 0 -10 -32
E 3822 1 -7 -23
E 3822 2 -4 -13
E 3822 5 5 16
T 3823 32 0 4 0
E 3823 0 -5 -16
E 3823 3 4 13
E 3823 4 7 22
E 3823 5 10 32
T 3824 19 0 3 0
E 3824 0 -9 -28
E 3824 1 -6 -18
E 3824 5 6 20
T 3825 20 0 3 0
E 3825 0 -8 -26
E 3825 1 -5 -17
E 3825 5 7 22
T 3826 20 0 3 0
E 3826 0 -9 -27
E 3826 1 -5 -17
E 3826 5 7 21
T 3827 28 0 3 0
E 3827 0 -5 -16
E 3827 4 7 22
E 3827 5 10 32
T 3828 23 0 4 0
E 3828 0 -8 -25
E 3828 1 -5 -15
E 3828 4 4 13
E 3828 5 7 23
T 3829 24 0 4 0
E 3829 0 -8 -26
E 3829 1 -5 -16
E 3829 4 4 13
E 3829 5 7 22
T 3830 20 0 3 0
E 3830 0 -8 -26
E 3830 1 -5 -17
E 3830 5 7 22
T 3831 29 0 3 0
E 3831 0 -6 -18
E 3831 4 7 21
E 3831 5 10 30
T 3832 14 0 4 0
E 3832 0 -11 -34
E 3832 1 -8 -25
E 3832 2 -5 -15
E 3832 5 4 14
T 3833 38 0 3 0
E 3833 3 6 18
E 3833 4 9 27
E 3833 5 12 37
T 3834 6 0 4 0
E 3834 0 -15 -45
E 3834 1 -11 -35
E 3834 2 -8 -25
E 3834 3 -5 -16
T 3835 37 0 3 0
E 3835 3 5 17
E 3835 4 8 26
E 3835 5 12 36
T 3836 6 0 4 0
E 3836 0 -14 -44
E 3836 1 -11 -34
E 3836 2 -8 -25
E 3836 3 -5 -15
T 3837 42 0 4 0
E 3837 2 5 15
E 3837 3 8 24
E 3837 4 11 34
E 3837 5 14 44
T 3838 6 0 4 0
E 3838 0 -14 -44
E 3838 1 -11 -34
E 3838 2 -8 -25
E 3838 3 -5 -15
T 3839 38 0 3 0
E 3839 3 5 17
E 3839 4 9 27
E 3839 5 12 36
T 3840 28 0 3 0
E 3840 1 -11 -34
E 3840 2 -8 -24
E 3840 3 -4 -14
T 3841 7 0 3 0
E 3841 0 10 32
E 3841 4 6 20
E 3841 5 9 29
T 3842 35 0 3 0
E 3842 1 -12 -37
E 3842 2 -9 -27
E 3842 3 -6 -18
T 3843 10 0 3 0
E 3843 0 13 39
E 3843 4 6 20
E 3843 5 10 30
T 3844 35 0 4 0
E 3844 0 5 16
E 3844 1 -11 -35
E 3844 2 -8 -25
E 3844 3 -5 -16
T 3845 24 0 3 0
E 3845 0 12 36
E 3845 1 -6 -19
E 3845 5 6 20
T 3846 28 0 3 0
E 3846 0 6 19
E 3846 2 -9 -29
E 3846 3 -6 -19
T 3847 27 0 4 0
E 3847 0 8 24
E 3847 1 4 14
E 3847 2 -9 -27
E 3847 3 -6 -18
T 3848 29 0 4 0
E 3848 0 7 23
E 3848 1 4 14
E 3848 2 -10 -31
E 3848 3 -7 -21
T 3849 29 0 4 0
E 3849 0 10 30
E 3849 1 6 20
E 3849 2 -9 -27
E 3849 3 -6 -18
T 3850 30 0 4 0
E 3850 0 10 32
E 3850 1 7 22
E 3850 2 -9 -29
E 3850 3 -6 -19
T 3851 31 0 4 0
E 3851 0 11 34
E 3851 1 8 25
E 3851 2 -10 -30
E 3851 3 -6 -20
T 3852 18 0 4 0
E 3852 0 12 36
E 3852 1 8 26
E 3852 2 5 17
E 3852 3 -7 -22
T 3853 38 0 5 0
E 3853 0 7 22
E 3853 1 4 13
E 3853 3 -12 -38
E 3853 4 -9 -29
E 3853 5 -6 -19
T 3854 16 0 4 0
E 3854 0 15 46
E 3854 1 12 36
E 3854 2 9 27
E 3854 3 -6 -18
T 3855 50 0 4 0
E 3855 0 6 20
E 3855 3 -15 -47
E 3855 4 -12 -38
E 3855 5 -9 -28
T 3856 22 0 5 0
E 3856 0 15 47
E 3856 1 12 38
E 3856 2 9 28
E 3856 3 -7 -23
E 3856 4 -4 -13
T 3857 48 0 5 0
E 3857 0 9 29
E 3857 1 6 19
E 3857 3 -15 -45
E 3857 4 -11 -35
E 3857 5 -8 -25
T 3858 7 0 5 0
E 3858 0 17 53
E 3858 1 14 44
E 3858 2 11 34
E 3858 3 8 25
E 3858 4 -4 -14
T 3859 48 0 4 0
E 3859 0 4 14
E 3859 3 -5 -15
E 3859 4 -18 -56
E 3859 5 -15 -47
T 3860 19 0 6 0
E 3860 0 15 47
E 3860 1 12 37
E 3860 2 9 27
E 3860 3 6 18
E 3860 4 -9 -27
E 3860 5 -5 -17
T 3861 51 0 4 0
E 3861 0 5 15
E 3861 3 -4 -14
E 3861 4 -20 -61
E 3861 5 -17 -52
T 3862 18 0 6 0
E 3862 0 17 52
E 3862 1 14 42
E 3862 2 11 33
E 3862 3 7 23
E 3862 4 -9 -28
E 3862 5 -6 -18
T 3863 48 0 4 0
E 3863 0 7 22
E 3863 1 4 13
E 3863 4 -20 -61
E 3863 5 -17 -51
T 3864 15 0 5 0
E 3864 0 15 47
E 3864 1 12 37
E 3864 2 9 28
E 3864 3 6 18
E 3864 5 -10 -30
T 3865 40 0 3 0
E 3865 0 5 17
E 3865 4 -7 -22
E 3865 5 -21 -63
T 3866 17 0 5 0
E 3866 0 15 45
E 3866 1 12 36
E 3866 2 8 26
E 3866 3 5 16
E 3866 5 -12 -38
T 3867 41 0 3 0
E 3867 0 6 18
E 3867 4 -7 -21
E 3867 5 -22 -68
T 3868 26 0 4 0
E 3868 0 13 39
E 3868 1 10 30
E 3868 2 6 20
E 3868 5 -16 -50
T 3869 39 0 4 0
E 3869 0 8 24
E 3869 1 4 14
E 3869 4 -4 -14
E 3869 5 -23 -69
T 3870 11 0 3 0
E 3870 0 13 41
E 3870 1 10 31
E 3870 2 7 21
T 3871 32 0 4 0
E 3871 0 5 15
E 3871 3 -4 -14
E 3871 4 -7 -23
E 3871 5 -11 -33
T 3872 19 0 3 0
E 3872 0 10 31
E 3872 1 7 21
E 3872 5 -5 -17
T 3873 33 0 4 0
E 3873 0 4 14
E 3873 3 -4 -14
E 3873 4 -8 -24
E 3873 5 -11 -34
T 3874 11 0 3 0
E 3874 0 12 38
E 3874 1 9 28
E 3874 2 6 19
T 3875 38 0 3 0
E 3875 3 -6 -20
E 3875 4 -10 -30
E 3875 5 -13 -39
T 3876 10 0 3 0
E 3876 0 12 37
E 3876 1 9 28
E 3876 2 6 18
T 3877 38 0 3 0
E 3877 3 -5 -17
E 3877 4 -9 -27
E 3877 5 -12 -36
T 3878 5 0 4 0
E 3878 0 14 43
E 3878 1 11 34
E 3878 2 8 24
E 3878 3 5 15
T 3879 43 0 4 0
E 3879 2 -5 -17
E 3879 3 -9 -27
E 3879 4 -12 -36
E 3879 5 -15 -46
T 3880 6 0 4 0
E 3880 0 15 46
E 3880 1 12 36
E 3880 2 8 26
E 3880 3 5 17
T 3881 42 0 4 0
E 3881 2 -5 -15
E 3881 3 -8 -25
E 3881 4 -11 -34
E 3881 5 -14 -44
T 3882 7 0 4 0
E 3882 0 14 42
E 3882 1 10 32
E 3882 2 7 23
E 3882 3 4 13
T 3883 41 0 4 0
E 3883 2 -4 -13
E 3883 3 -7 -22
E 3883 4 -10 -32
E 3883 5 -14 -42
T 3884 5 0 4 0
E 3884 0 15 46
E 3884 1 12 36
E 3884 2 9 27
E 3884 3 5 17
T 3885 38 0 3 0
E 3885 3 -5 -17
E 3885 4 -9 -27
E 3885 5 -12 -36
T 3886 6 0 4 0
E 3886 0 14 44
E 3886 1 11 35
E 3886 2 8 25
E 3886 3 5 15
T 3887 42 0 4 0
E 3887 2 -4 -14
E 3887 3 -8 -24
E 3887 4 -11 -34
E 3887 5 -14 -43
T 3888 4 0 4 0
E 3888 0 16 48
E 3888 1 13 39
E 3888 2 9 29
E 3888 3 6 20
T 3889 43 0 4 0
E 3889 2 -6 -18
E 3889 3 -9 -28
E 3889 4 -12 -37
E 3889 5 -15 -47
T 3890 5 0 4 0
E 3890 0 16 49
E 3890 1 13 39
E 3890 2 9 29
E 3890 3 6 20
T 3891 43 0 4 0
E 3891 2 -6 -18
E 3891 3 -9 -28
E 3891 4 -12 -37
E 3891 5 -15 -47
T 3892 10 0 3 0
E 3892 0 13 40
E 3892 1 10 30
E 3892 2 7 21
T 3893 37 0 3 0
E 3893 3 -7 -21
E 3893 4 -10 -31
E 3893 5 -13 -41
T 3894 14 0 4 0
E 3894 0 11 34
E 3894 1 8 24
E 3894 2 5 15
E 3894 5 -4 -14
T 3895 32 0 4 0
E 3895 0 5 16
E 3895 3 -4 -13
E 3895 4 -7 -23
E 3895 5 -10 -32
T 3896 14 0 4 0
E 3896 0 11 34
E 3896 1 8 25
E 3896 2 5 15
E 3896 5 -4 -14
T 3897 34 0 4 0
E 3897 0 4 14
E 3897 3 -5 -15
E 3897 4 -8 -25
E 3897 5 -11 -34
T 3898 19 0 3 0
E 3898 0 10 31
E 3898 1 7 22
E 3898 5 -5 -17
T 3899 28 0 3 0
E 3899 0 6 18
E 3899 4 -6 -20
E 3899 5 -10 -30
T 3900 20 0 3 0
E 3900 0 9 29
E 3900 1 6 19
E 3900 5 -6 -19
T 3901 28 0 3 0
E 3901 0 6 19
E 3901 4 -6 -19
E 3901 5 -9 -29
T 3902 25 0 4 0
E 3902 0 8 24
E 3902 1 4 14
E 3902 4 -5 -15
E 3902 5 -8 -24
T 3903 16 0 4 0
E 3903 0 10 32
E 3903 1 7 23
E 3903 2 4 13
E 3903 5 -5 -16
T 3904 28 0 3 0
E 3904 0 7 21
E 3904 4 -5 -17
E 3904 5 -9 -27
T 3905 23 0 4 0
E 3905 0 8 25
E 3905 1 5 15
E 3905 4 -4 -14
E 3905 5 -7 -23
T 3906 23 0 4 0
E 3906 0 8 24
E 3906 1 5 15
E 3906 4 -4 -14
E 3906 5 -8 -24
T 3907 23 0 4 0
E 3907 0 8 25
E 3907 1 5 15
E 3907 4 -4 -14
E 3907 5 -7 -23
T 3908 20 0 3 0
E 3908 0 8 26
E 3908 1 5 17
E 3908 5 -7 -22
T 3909 19 0 3 0
E 3909 0 9 28
E 3909 1 6 18
E 3909 5 -6 -20
T 3910 33 0 4 0
E 3910 0 5 15
E 3910 3 -4 -14
E 3910 4 -8 -24
E 3910 5 -11 -33
T 3911 14 0 4 0
E 3911 0 11 34
E 3911 1 8 25
E 3911 2 5 15
E 3911 5 -4 -14
T 3912 33 0 4 0
E 3912 0 5 15
E 3912 3 -4 -14
E 3912 4 -8 -24
E 3912 5 -11 -33
T 3913 19 0 3 0
E 3913 0 9 28
E 3913 1 6 19
E 3913 5 -6 -20
T 3914 25 0 4 0
E 3914 0 7 23
E 3914 1 4 13
E 3914 4 -5 -15
E 3914 5 -8 -25
T 3915 24 0 4 0
E 3915 0 8 26
E 3915 1 5 16
E 3915 4 -4 -13
E 3915 5 -7 -22
T 3916 19 0 3 0
E 3916 0 9 27
E 3916 1 6 18
E 3916 5 -7 -21
T 3917 25 0 4 0
E 3917 0 7 23
E 3917 1 4 13
E 3917 4 -5 -16
E 3917 5 -8 -25
T 3918 19 0 3 0
E 3918 0 9 28
E 3918 1 6 19
E 3918 5 -6 -20
T 3919 28 0 3 0
E 3919 0 7 22
E 3919 4 -5 -16
E 3919 5 -8 -26
T 3920 15 0 4 0
E 3920 0 11 34
E 3920 1 8 24
E 3920 2 4 14
E 3920 5 -4 -14
T 3921 37 0 3 0
E 3921 3 -5 -17
E 3921 4 -8 -26
E 3921 5 -12 -36
T 3922 11 0 3 0
E 3922 0 13 41
E 3922 1 10 31
E 3922 2 7 22
T 3923 28 0 3 0
E 3923 0 5 16
E 3923 4 -7 -22
E 3923 5 -10 -32
T 3924 23 0 4 0
E 3924 0 8 25
E 3924 1 5 15
E 3924 4 -4 -13
E 3924 5 -7 -23
T 3925 24 0 4 0
E 3925 0 8 26
E 3925 1 5 16
E 3925 4 -4 -13
E 3925 5 -7 -22
T 3926 23 0 4 0
E 3926 0 8 24
E 3926 1 5 15
E 3926 4 -4 -14
E 3926 5 -8 -24
T 3927 19 0 3 0
E 3927 0 10 31
E 3927 1 7 21
E 3927 5 -5 -17
T 3928 24 0 4 0
E 3928 0 7 22
E 3928 1 4 13
E 3928 4 -5 -16
E 3928 5 -8 -26
T 3929 25 0 4 0
E 3929 0 7 23
E 3929 1 4 13
E 3929 4 -5 -15
E 3929 5 -8 -25
T 3930 20 0 3 0
E 3930 0 9 29
E 3930 1 6 19
E 3930 5 -6 -19
T 3931 32 0 4 0
E 3931 0 5 16
E 3931 3 -4 -13
E 3931 4 -7 -22
E 3931 5 -10 -32
T 3932 11 0 3 0
E 3932 0 12 38
E 3932 1 9 28
E 3932 2 6 19
T 3933 37 0 3 0
E 3933 3 -5 -17
E 3933 4 -9 -27
E 3933 5 -12 -37
T 3934 7 0 4 0
E 3934 0 14 42
E 3934 1 10 32
E 3934 2 7 23
E 3934 3 4 13
T 3935 34 0 4 0
E 3935 0 4 14
E 3935 3 -5 -15
E 3935 4 -8 -25
E 3935 5 -11 -34
T 3936 10 0 3 0
E 3936 0 12 37
E 3936 1 9 28
E 3936 2 6 18
T 3937 35 0 3 0
E 3937 3 -7 -21
E 3937 4 -10 -31
E 3937 5 -13 -40
T 3938 2 0 4 0
E 3938 0 13 40
E 3938 1 12 36
E 3938 2 8 26
E 3938 3 5 17
T 3939 30 0 3 0
E 3939 3 -6 -18
E 3939 4 -9 -27
E 3939 5 -12 -37
T 3940 0 0 4 0
E 3940 0 10 31
E 3940 1 10 32
E 3940 2 7 22
E 3940 3 4 13
T 3941 24 0 3 0
E 3941 3 -6 -20
E 3941 4 -9 -29
E 3941 5 -13 -39
T 3942 1 0 3 0
E 3942 0 7 23
E 3942 1 9 29
E 3942 2 6 20
T 3943 17 0 2 0
E 3943 4 -5 -16
E 3943 5 -8 -26
T 3944 2 0 3 0
E 3944 0 6 19
E 3944 1 8 25
E 3944 2 7 21
T 3945 13 0 3 0
E 3945 3 -4 -13
E 3945 4 -7 -23
E 3945 5 -10 -32
T 3946 7 0 2 0
E 3946 2 4 13
E 3946 5 -5 -16
T 3947 4 0 2 0
E 3947 2 5 15
E 3947 5 -4 -14
T 3948 3 0 2 0
E 3948 2 5 16
E 3948 5 -4 -13
T 3949 2 0 1 0
E 3949 2 5 15
T 3950 1 0 0 0
T 3951 3 0 1 0
E 3951 5 -5 -17
T 3952 5 0 1 0
E 3952 5 -5 -16
T 3953 5 0 1 0
E 3953 3 5 16
T 3954 11 0 0 0
T 3955 9 0 0 0
T 3956 8 0 1 0
E 3956 3 4 14
T 3957 12 0 0 0
T 3958 12 0 1 0
E 3958 0 -6 -18
T 3959 12 0 1 0
E 3959 4 5 15
T 3960 15 0 1 0
E 3960 4 4 13
T 3961 10 0 2 0
E 3961 0 -7 -22
E 3961 1 -5 -16
T 3962 10 0 1 0
E 3962 0 -5 -15
T 3963 20 0 3 0
E 3963 3 4 13
E 3963 4 6 19
E 3963 5 5 17
T 3964 6 0 3 0
E 3964 0 -9 -27
E 3964 1 -7 -21
E 3964 2 -5 -15
T 3965 19 0 2 0
E 3965 4 6 18
E 3965 5 7 22
T 3966 8 0 3 0
E 3966 0 -8 -26
E 3966 1 -6 -20
E 3966 2 -4 -14
T 3967 24 0 3 0
E 3967 3 5 15
E 3967 4 7 21
E 3967 5 9 27
T 3968 8 0 3 0
E 3968 0 -8 -26
E 3968 1 -6 -20
E 3968 2 -4 -14
T 3969 20 0 2 0
E 3969 4 5 16
E 3969 5 7 22
T 3970 10 0 2 0
E 3970 0 -8 -24
E 3970 1 -6 -18
T 3971 15 1 2 0
E 3971 0 -5 -15
E 3971 5 5 15
T 3972 15 0 2 0
E 3972 0 -5 -16
E 3972 5 4 14
T 3973 10 0 2 0
E 3973 0 -7 -22
E 3973 1 -5 -16
T 3974 15 0 2 0
E 3974 0 -4 -14
E 3974 5 5 16
T 3975 15 1 2 0
E 3975 0 -5 -15
E 3975 5 5 15
T 3976 16 0 2 0
E 3976 0 -5 -17
E 3976 5 4 13
T 3977 21 0 2 0
E 3977 4 4 13
E 3977 5 6 19
T 3978 11 0 2 0
E 3978 0 -7 -23
E 3978 1 -5 -17
T 3979 19 0 2 0
E 3979 4 5 17
E 3979 5 7 23
T 3980 10 0 2 0
E 3980 0 -6 -20
E 3980 1 -4 -14
T 3981 19 0 2 0
E 3981 4 5 17
E 3981 5 7 23
T 3982 15 1 2 0
E 3982 0 -5 -15
E 3982 5 5 15
T 3983 15 1 2 0
E 3983 0 -5 -15
E 3983 5 5 15
T 3984 9 0 2 0
E 3984 0 -6 -19
E 3984 1 -4 -13
T 3985 20 0 2 0
E 3985 4 5 16
E 3985 5 7 22
T 3986 7 0 3 0
E 3986 0 -9 -28
E 3986 1 -7 -21
E 3986 2 -5 -15
T 3987 22 0 2 0
E 3987 4 5 15
E 3987 5 7 21
T 3988 10 0 2 0
E 3988 0 -7 -21
E 3988 1 -4 -13
T 3989 26 0 3 0
E 3989 3 4 13
E 3989 4 6 19
E 3989 5 8 25
T 3990 9 0 3 0
E 3990 0 -9 -28
E 3990 1 -6 -19
E 3990 2 -4 -13
T 3991 24 0 2 0
E 3991 4 5 16
E 3991 5 7 22
T 3992 18 0 2 0
E 3992 0 -6 -20
E 3992 5 4 14
T 3993 22 0 3 0
E 3993 0 -4 -14
E 3993 4 5 15
E 3993 5 7 21
T 3994 14 0 2 0
E 3994 0 -10 -30
E 3994 1 -6 -20
T 3995 21 0 3 0
E 3995 0 -4 -13
E 3995 4 5 17
E 3995 5 7 23
T 3996 13 0 2 0
E 3996 0 -8 -26
E 3996 1 -5 -16
T 3997 31 0 3 0
E 3997 3 5 15
E 3997 4 7 21
E 3997 5 9 27
T 3998 13 0 2 0
E 3998 0 -9 -28
E 3998 1 -6 -18
T 3999 33 0 3 0
E 3999 3 5 15
E 3999 4 7 21
E 3999 5 9 27
T 4000 6 0 4 0
E 4000 0 -13 -40
E 4000 1 -10 -31
E 4000 2 -7 -21
E 4000 3 -4 -13
T 4001 30 0 4 0
E 4001 0 -4 -13
E 4001 3 5 15
E 4001 4 7 21
E 4001 5 9 27
T 4002 16 0 3 0
E 4002 0 -9 -27
E 4002 1 -6 -18
E 4002 5 4 13
T 4003 18 0 3 0
E 4003 0 -7 -23
E 4003 1 -4 -13
E 4003 5 6 18
T 4004 25 0 3 0
E 4004 0 -7 -22
E 4004 4 4 14
E 4004 5 6 20
T 4005 17 0 3 0
E 4005 0 -9 -28
E 4005 1 -6 -19
E 4005 5 4 14
T 4006 27 0 3 0
E 4006 0 -7 -22
E 4006 4 5 15
E 4006 5 7 21
T 4007 10 0 3 0
E 4007 0 -11 -33
E 4007 1 -8 -24
E 4007 2 -4 -14
T 4008 35 0 3 0
E 4008 3 5 17
E 4008 4 8 26
E 4008 5 10 32
T 4009 11 0 3 0
E 4009 0 -12 -36
E 4009 1 -8 -26
E 4009 2 -5 -16
T 4010 36 0 3 0
E 4010 3 5 17
E 4010 4 8 26
E 4010 5 11 33
T 4011 15 0 4 0
E 4011 0 -10 -32
E 4011 1 -7 -22
E 4011 2 -4 -13
E 4011 5 4 14
T 4012 36 0 3 0
E 4012 3 5 17
E 4012 4 9 27
E 4012 5 11 35
T 4013 11 0 3 0
E 4013 0 -12 -36
E 4013 1 -8 -26
E 4013 2 -5 -17
T 4014 38 0 3 0
E 4014 3 7 21
E 4014 4 10 31
E 4014 5 13 40
T 4015 5 0 4 0
E 4015 0 -15 -45
E 4015 1 -12 -36
E 4015 2 -8 -26
E 4015 3 -5 -16
T 4016 43 0 4 0
E 4016 2 5 16
E 4016 3 8 26
E 4016 4 12 36
E 4016 5 15 45
T 4017 7 0 4 0
E 4017 0 -13 -41
E 4017 1 -10 -32
E 4017 2 -7 -22
E 4017 3 -4 -13
T 4018 32 0 4 0
E 4018 0 -5 -15
E 4018 3 4 14
E 4018 4 7 23
E 4018 5 11 33
T 4019 16 0 4 0
E 4019 0 -11 -33
E 4019 1 -7 -23
E 4019 2 -4 -13
E 4019 5 5 15
T 4020 28 0 3 0
E 4020 0 -7 -21
E 4020 4 5 17
E 4020 5 9 27
T 4021 20 0 3 0
E 4021 0 -10 -30
E 4021 1 -6 -20
E 4021 5 6 18
T 4022 23 0 4 0
E 4022 0 -8 -24
E 4022 1 -5 -15
E 4022 4 4 14
E 4022 5 8 24
T 4023 20 0 3 0
E 4023 0 -9 -27
E 4023 1 -5 -17
E 4023 5 7 21
T 4024 29 0 3 0
E 4024 0 -5 -17
E 4024 4 7 22
E 4024 5 10 31
T 4025 19 0 3 0
E 4025 0 -10 -31
E 4025 1 -7 -22
E 4025 5 5 17
T 4026 29 0 3 0
E 4026 0 -5 -17
E 4026 4 7 22
E 4026 5 10 31
T 4027 19 0 3 0
E 4027 0 -9 -27
E 4027 1 -6 -18
E 4027 5 7 21
T 4028 28 0 3 0
E 4028 0 -7 -21
E 4028 4 5 17
E 4028 5 9 27
T 4029 23 0 4 0
E 4029 0 -8 -25
E 4029 1 -5 -15
E 4029 4 4 14
E 4029 5 7 23
T 4030 19 0 3 0
E 4030 0 -10 -30
E 4030 1 -7 -21
E 4030 5 6 18
T 4031 25 0 4 0
E 4031 0 -7 -23
E 4031 1 -4 -13
E 4031 4 5 16
E 4031 5 8 25
T 4032 19 0 3 0
E 4032 0 -10 -31
E 4032 1 -7 -22
E 4032 5 5 17
T 4033 32 0 4 0
E 4033 0 -5 -16
E 4033 3 4 13
E 4033 4 7 22
E 4033 5 10 32
T 4034 19 0 3 0
E 4034 0 -10 -31
E 4034 1 -7 -21
E 4034 5 5 17
T 4035 29 0 3 0
E 4035 0 -6 -20
E 4035 4 6 18
E 4035 5 9 28
T 4036 14 0 4 0
E 4036 0 -11 -34
E 4036 1 -8 -24
E 4036 2 -5 -15
E 4036 5 4 14
T 4037 28 0 3 0
E 4037 0 -5 -16
E 4037 4 7 22
E 4037 5 10 32
T 4038 20 0 3 0
E 4038 0 -9 -29
E 4038 1 -6 -19
E 4038 5 6 19
T 4039 32 0 4 0
E 4039 0 -5 -16
E 4039 3 4 13
E 4039 4 7 23
E 4039 5 10 32
T 4040 16 0 4 0
E 4040 0 -10 -32
E 4040 1 -7 -23
E 4040 2 -4 -13
E 4040 5 5 16
T 4041 28 0 3 0
E 4041 0 -7 -22
E 4041 4 5 17
E 4041 5 8 26
T 4042 15 0 4 0
E 4042 0 -11 -35
E 4042 1 -8 -26
E 4042 2 -5 -16
E 4042 5 4 13
T 4043 25 0 4 0
E 4043 0 -7 -23
E 4043 1 -4 -13
E 4043 4 5 15
E 4043 5 8 25
T 4044 20 0 3 0
E 4044 0 -10 -32
E 4044 1 -7 -22
E 4044 5 5 16
T 4045 28 0 3 0
E 4045 0 -6 -18
E 4045 4 6 20
E 4045 5 10 30
T 4046 19 0 3 0
E 4046 0 -9 -28
E 4046 1 -6 -18
E 4046 5 6 20
T 4047 32 0 4 0
E 4047 0 -5 -15
E 4047 3 4 13
E 4047 4 7 23
E 4047 5 11 33
T 4048 15 0 4 0
E 4048 0 -11 -35
E 4048 1 -8 -25
E 4048 2 -5 -16
E 4048 5 4 13
T 4049 38 0 3 0
E 4049 3 5 17
E 4049 4 9 27
E 4049 5 12 36
T 4050 6 0 4 0
E 4050 0 -14 -42
E 4050 1 -11 -33
E 4050 2 -7 -23
E 4050 3 -4 -13
T 4051 38 0 3 0
E 4051 3 6 20
E 4051 4 10 30
E 4051 5 13 39
T 4052 7 0 4 0
E 4052 0 -13 -41
E 4052 1 -10 -32
E 4052 2 -7 -22
E 4052 3 -4 -13
T 4053 42 0 4 0
E 4053 2 4 14
E 4053 3 8 24
E 4053 4 11 33
E 4053 5 14 43
T 4054 11 0 3 0
E 4054 0 -13 -41
E 4054 1 -10 -31
E 4054 2 -7 -21
T 4055 32 0 4 0
E 4055 0 -5 -16
E 4055 3 4 13
E 4055 4 7 22
E 4055 5 10 32
T 4056 10 0 3 0
E 4056 0 -13 -40
E 4056 1 -10 -30
E 4056 2 -7 -21
T 4057 37 0 3 0
E 4057 3 5 17
E 4057 4 9 27
E 4057 5 12 37
T 4058 11 0 3 0
E 4058 0 -12 -36
E 4058 1 -8 -26
E 4058 2 -5 -17
T 4059 28 0 3 0
E 4059 0 -6 -19
E 4059 4 6 20
E 4059 5 9 29
T 4060 25 0 4 0
E 4060 0 -7 -23
E 4060 1 -4 -14
E 4060 4 5 15
E 4060 5 8 25
T 4061 20 0 3 0
E 4061 0 -10 -30
E 4061 1 -6 -20
E 4061 5 6 18
T 4062 23 0 4 0
E 4062 0 -8 -24
E 4062 1 -5 -15
E 4062 4 4 14
E 4062 5 8 24
T 4063 29 0 3 0
E 4063 0 -6 -20
E 4063 4 6 18
E 4063 5 9 28
T 4064 20 0 3 0
E 4064 0 -10 -30
E 4064 1 -6 -20
E 4064 5 6 18
T 4065 28 0 3 0
E 4065 0 -7 -21
E 4065 4 5 17
E 4065 5 9 27
T 4066 20 0 3 0
E 4066 0 -9 -27
E 4066 1 -5 -17
E 4066 5 7 21
T 4067 29 0 3 0
E 4067 0 -6 -20
E 4067 4 6 18
E 4067 5 9 28
T 4068 20 0 3 0
E 4068 0 -9 -29
E 4068 1 -6 -19
E 4068 5 6 19
T 4069 20 0 3 0
E 4069 0 -9 -27
E 4069 1 -5 -17
E 4069 5 7 21
T 4070 23 0 4 0
E 4070 0 -8 -24
E 4070 1 -5 -15
E 4070 4 4 14
E 4070 5 8 24
T 4071 25 0 4 0
E 4071 0 -7 -23
E 4071 1 -4 -13
E 4071 4 5 16
E 4071 5 8 25
T 4072 19 0 3 0
E 4072 0 -9 -27
E 4072 1 -6 -18
E 4072 5 7 21
T 4073 20 0 3 0
E 4073 0 -8 -26
E 4073 1 -5 -16
E 4073 5 7 22
T 4074 24 0 4 0
E 4074 0 -8 -26
E 4074 1 -5 -16
E 4074 4 4 13
E 4074 5 7 22
T 4075 25 0 4 0
E 4075 0 -7 -23
E 4075 1 -4 -14
E 4075 4 5 15
E 4075 5 8 25
T 4076 19 0 3 0
E 4076 0 -9 -28
E 4076 1 -6 -18
E 4076 5 6 20
T 4077 25 0 4 0
E 4077 0 -7 -23
E 4077 1 -4 -14
E 4077 4 5 15
E 4077 5 8 25
T 4078 16 0 4 0
E 4078 0 -11 -33
E 4078 1 -7 -23
E 4078 2 -4 -14
E 4078 5 5 15
T 4079 38 0 3 0
E 4079 3 5 17
E 4079 4 9 27
E 4079 5 12 36
T 4080 26 0 2 0
E 4080 1 -9 -28
E 4080 2 -6 -18
T 4081 16 0 3 0
E 4081 0 7 23
E 4081 1 -6 -18
E 4081 5 6 20
T 4082 26 0 3 0
E 4082 0 6 18
E 4082 1 -9 -27
E 4082 2 -5 -17
T 4083 27 0 3 0
E 4083 0 7 21
E 4083 1 -8 -26
E 4083 2 -5 -17
T 4084 30 0 3 0
E 4084 0 8 25
E 4084 1 -8 -26
E 4084 2 -5 -16
T 4085 24 0 3 0
E 4085 0 11 34
E 4085 1 -7 -21
E 4085 5 6 18
T 4086 19 0 3 0
E 4086 0 10 30
E 4086 1 7 21
E 4086 2 -6 -18
T 4087 31 0 3 0
E 4087 0 7 21
E 4087 2 -10 -30
E 4087 3 -7 -21
T 4088 18 0 4 0
E 4088 0 12 38
E 4088 1 9 29
E 4088 2 -5 -16
E 4088 5 4 13
T 4089 45 0 5 0
E 4089 0 5 16
E 4089 2 -13 -41
E 4089 3 -10 -32
E 4089 4 -7 -22
E 4089 5 -4 -13
T 4090 24 0 3 0
E 4090 0 14 44
E 4090 1 11 34
E 4090 2 -5 -17
T 4091 38 0 5 0
E 4091 0 9 27
E 4091 1 6 18
E 4091 2 -12 -37
E 4091 3 -9 -27
E 4091 4 -5 -17
T 4092 16 0 4 0
E 4092 0 13 41
E 4092 1 10 31
E 4092 2 7 22
E 4092 3 -5 -17
T 4093 45 0 4 0
E 4093 0 5 15
E 4093 3 -15 -45
E 4093 4 -12 -36
E 4093 5 -8 -26
T 4094 15 0 4 0
E 4094 0 16 49
E 4094 1 13 39
E 4094 2 10 30
E 4094 3 -5 -15
T 4095 53 0 4 0
E 4095 0 4 13
E 4095 3 -18 -54
E 4095 4 -15 -45
E 4095 5 -11 -35
T 4096 16 0 4 0
E 4096 0 17 53
E 4096 1 14 44
E 4096 2 11 34
E 4096 3 -5 -17
T 4097 57 0 4 0
E 4097 0 6 18
E 4097 3 -18 -56
E 4097 4 -15 -46
E 4097 5 -12 -36
T 4098 7 0 5 0
E 4098 0 17 53
E 4098 1 14 44
E 4098 2 11 34
E 4098 3 8 25
E 4098 4 -4 -14
T 4099 53 0 3 0
E 4099 3 -6 -19
E 4099 4 -20 -60
E 4099 5 -17 -51
T 4100 6 0 5 0
E 4100 0 19 59
E 4100 1 16 49
E 4100 2 13 39
E 4100 3 10 30
E 4100 4 -5 -15
T 4101 61 0 4 0
E 4101 2 -5 -17
E 4101 3 -9 -27
E 4101 4 -24 -74
E 4101 5 -21 -65
T 4102 4 0 5 0
E 4102 0 21 64
E 4102 1 18 54
E 4102 2 15 45
E 4102 3 11 35
E 4102 4 -5 -16
T 4103 65 0 4 0
E 4103 2 -5 -17
E 4103 3 -8 -26
E 4103 4 -27 -81
E 4103 5 -23 -71
T 4104 14 0 5 0
E 4104 0 24 72
E 4104 1 20 62
E 4104 2 17 53
E 4104 3 14 43
E 4104 4 11 34
T 4105 71 0 6 0
E 4105 0 -4 -14
E 4105 1 -8 -24
E 4105 2 -11 -34
E 4105 3 -14 -43
E 4105 4 -17 -53
E 4105 5 -31 -94
T 4106 6 0 6 0
E 4106 0 22 66
E 4106 1 19 57
E 4106 2 15 47
E 4106 3 12 37
E 4106 4 9 28
E 4106 5 -5 -17
T 4107 56 0 4 0
E 4107 2 -6 -18
E 4107 3 -9 -28
E 4107 4 -12 -38
E 4107 5 -28 -85
T 4108 7 0 6 0
E 4108 0 18 56
E 4108 1 15 47
E 4108 2 12 37
E 4108 3 9 28
E 4108 4 6 18
E 4108 5 -11 -33
T 4109 57 0 4 0
E 4109 2 -4 -14
E 4109 3 -8 -24
E 4109 4 -11 -33
E 4109 5 -29 -88
T 4110 1 0 5 0
E 4110 0 17 53
E 4110 1 14 43
E 4110 2 11 33
E 4110 3 8 24
E 4110 4 4 14
T 4111 49 0 5 0
E 4111 1 -4 -14
E 4111 2 -8 -24
E 4111 3 -11 -34
E 4111 4 -14 -43
E 4111 5 -17 -53
T 4112 4 0 4 0
E 4112 0 17 51
E 4112 1 13 41
E 4112 2 10 32
E 4112 3 7 22
T 4113 43 0 4 0
E 4113 2 -6 -19
E 4113 3 -9 -28
E 4113 4 -12 -38
E 4113 5 -16 -48
T 4114 5 0 4 0
E 4114 0 16 48
E 4114 1 12 38
E 4114 2 9 29
E 4114 3 6 19
T 4115 42 0 4 0
E 4115 2 -4 -14
E 4115 3 -7 -23
E 4115 4 -11 -33
E 4115 5 -14 -42
T 4116 11 0 3 0
E 4116 0 12 38
E 4116 1 9 29
E 4116 2 6 19
T 4117 28 0 3 0
E 4117 0 6 19
E 4117 4 -6 -20
E 4117 5 -9 -29
T 4118 15 0 4 0
E 4118 0 11 35
E 4118 1 8 26
E 4118 2 5 16
E 4118 5 -4 -13
T 4119 34 0 4 0
E 4119 0 4 14
E 4119 3 -5 -15
E 4119 4 -8 -24
E 4119 5 -11 -34
T 4120 16 0 4 0
E 4120 0 11 33
E 4120 1 7 23
E 4120 2 4 13
E 4120 5 -5 -15
T 4121 38 0 3 0
E 4121 3 -6 -18
E 4121 4 -9 -27
E 4121 5 -12 -37
T 4122 15 0 4 0
E 4122 0 11 35
E 4122 1 8 25
E 4122 2 5 16
E 4122 5 -4 -13
T 4123 29 0 3 0
E 4123 0 6 20
E 4123 4 -6 -18
E 4123 5 -9 -28
T 4124 15 0 4 0
E 4124 0 11 35
E 4124 1 8 25
E 4124 2 5 16
E 4124 5 -4 -13
T 4125 29 0 3 0
E 4125 0 5 17
E 4125 4 -7 -22
E 4125 5 -10 -31
T 4126 10 0 3 0
E 4126 0 12 36
E 4126 1 9 27
E 4126 2 5 17
T 4127 42 0 4 0
E 4127 2 -4 -13
E 4127 3 -7 -23
E 4127 4 -11 -33
E 4127 5 -14 -42
T 4128 5 0 4 0
E 4128 0 15 45
E 4128 1 12 36
E 4128 2 8 26
E 4128 3 5 17
T 4129 43 0 4 0
E 4129 2 -5 -17
E 4129 3 -9 -27
E 4129 4 -12 -36
E 4129 5 -15 -46
T 4130 6 0 4 0
E 4130 0 15 46
E 4130 1 12 36
E 4130 2 8 26
E 4130 3 5 17
T 4131 42 0 4 0
E 4131 2 -5 -15
E 4131 3 -8 -25
E 4131 4 -11 -34
E 4131 5 -14 -44
T 4132 4 0 4 0
E 4132 0 16 49
E 4132 1 13 39
E 4132 2 10 30
E 4132 3 6 20
T 4133 43 0 4 0
E 4133 2 -6 -20
E 4133 3 -9 -29
E 4133 4 -13 -39
E 4133 5 -16 -49
T 4134 5 0 4 0
E 4134 0 16 48
E 4134 1 12 38
E 4134 2 9 29
E 4134 3 6 19
T 4135 41 0 4 0
E 4135 2 -4 -13
E 4135 3 -7 -22
E 4135 4 -10 -32
E 4135 5 -13 -41
T 4136 5 0 4 0
E 4136 0 15 46
E 4136 1 12 37
E 4136 2 9 27
E 4136 3 5 17
T 4137 33 0 4 0
E 4137 0 4 13
E 4137 3 -5 -16
E 4137 4 -8 -26
E 4137 5 -11 -35
T 4138 19 0 3 0
E 4138 0 10 31
E 4138 1 7 22
E 4138 5 -5 -17
T 4139 20 0 3 0
E 4139 0 9 27
E 4139 1 5 17
E 4139 5 -7 -21
T 4140 29 0 3 0
E 4140 0 7 21
E 4140 4 -6 -18
E 4140 5 -9 -27
T 4141 19 0 3 0
E 4141 0 10 30
E 4141 1 7 21
E 4141 5 -6 -18
T 4142 28 0 3 0
E 4142 0 6 19
E 4142 4 -6 -20
E 4142 5 -9 -29
T 4143 16 0 4 0
E 4143 0 10 32
E 4143 1 7 23
E 4143 2 4 13
E 4143 5 -5 -16
T 4144 32 0 4 0
E 4144 0 5 15
E 4144 3 -4 -14
E 4144 4 -7 -23
E 4144 5 -11 -33
T 4145 20 0 3 0
E 4145 0 10 32
E 4145 1 7 22
E 4145 5 -5 -16
T 4146 28 0 3 0
E 4146 0 6 19
E 4146 4 -6 -19
E 4146 5 -9 -29
T 4147 20 0 3 0
E 4147 0 9 27
E 4147 1 5 17
E 4147 5 -7 -21
T 4148 23 0 4 0
E 4148 0 8 24
E 4148 1 5 15
E 4148 4 -4 -14
E 4148 5 -8 -24
T 4149 24 1 4 0
E 4149 0 8 24
E 4149 1 4 14
E 4149 4 -4 -14
E 4149 5 -8 -24
T 4150 25 0 4 0
E 4150 0 8 24
E 4150 1 4 14
E 4150 4 -5 -15
E 4150 5 -8 -24
T 4151 20 0 3 0
E 4151 0 9 29
E 4151 1 6 20
E 4151 5 -6 -19
T 4152 28 0 3 0
E 4152 0 7 22
E 4152 4 -5 -17
E 4152 5 -8 -26
T 4153 15 0 4 0
E 4153 0 11 33
E 4153 1 8 24
E 4153 2 4 14
E 4153 5 -5 -15
T 4154 28 0 3 0
E 4154 0 6 18
E 4154 4 -6 -20
E 4154 5 -10 -30
T 4155 20 0 3 0
E 4155 0 9 29
E 4155 1 6 19
E 4155 5 -6 -19
T 4156 19 0 3 0
E 4156 0 9 27
E 4156 1 6 18
E 4156 5 -7 -21
T 4157 28 0 3 0
E 4157 0 7 22
E 4157 4 -5 -17
E 4157 5 -8 -26
T 4158 19 0 3 0
E 4158 0 9 28
E 4158 1 6 19
E 4158 5 -6 -20
T 4159 23 0 4 0
E 4159 0 8 25
E 4159 1 5 15
E 4159 4 -4 -13
E 4159 5 -7 -23
T 4160 29 0 3 0
E 4160 0 7 21
E 4160 4 -6 -18
E 4160 5 -9 -27
T 4161 19 0 3 0
E 4161 0 10 30
E 4161 1 7 21
E 4161 5 -6 -18
T 4162 28 0 3 0
E 4162 0 7 22
E 4162 4 -5 -17
E 4162 5 -8 -26
T 4163 23 0 4 0
E 4163 0 8 24
E 4163 1 5 15
E 4163 4 -4 -14
E 4163 5 -8 -24
T 4164 19 0 3 0
E 4164 0 9 28
E 4164 1 6 18
E 4164 5 -6 -20
T 4165 28 0 3 0
E 4165 0 6 19
E 4165 4 -6 -20
E 4165 5 -9 -29
T 4166 15 0 4 0
E 4166 0 11 35
E 4166 1 8 26
E 4166 2 5 16
E 4166 5 -4 -13
T 4167 28 0 3 0
E 4167 0 6 19
E 4167 4 -6 -20
E 4167 5 -9 -29
T 4168 20 0 3 0
E 4168 0 8 26
E 4168 1 5 17
E 4168 5 -7 -22
T 4169 28 0 3 0
E 4169 0 6 19
E 4169 4 -6 -19
E 4169 5 -9 -29
T 4170 20 0 3 0
E 4170 0 9 29
E 4170 1 6 19
E 4170 5 -6 -19
T 4171 25 0 4 0
E 4171 0 7 23
E 4171 1 4 14
E 4171 4 -5 -15
E 4171 5 -8 -25
T 4172 25 0 4 0
E 4172 0 8 24
E 4172 1 4 14
E 4172 4 -5 -15
E 4172 5 -8 -24
T 4173 20 0 3 0
E 4173 0 9 29
E 4173 1 6 20
E 4173 5 -6 -19
T 4174 28 0 3 0
E 4174 0 7 21
E 4174 4 -5 -17
E 4174 5 -9 -27
T 4175 20 0 3 0
E 4175 0 10 32
E 4175 1 7 22
E 4175 5 -5 -16
T 4176 29 0 3 0
E 4176 0 5 17
E 4176 4 -7 -21
E 4176 5 -10 -31
T 4177 13 0 4 0
E 4177 0 10 32
E 4177 1 8 25
E 4177 2 5 16
E 4177 5 -4 -13
T 4178 32 0 3 0
E 4178 3 -5 -17
E 4178 4 -9 -27
E 4178 5 -12 -37
T 4179 9 0 4 0
E 4179 0 8 26
E 4179 1 8 24
E 4179 2 5 15
E 4179 5 -4 -14
T 4180 16 0 4 0
E 4180 0 4 14
E 4180 1 5 15
E 4180 4 -4 -14
E 4180 5 -7 -23
T 4181 11 0 3 0
E 4181 0 5 16
E 4181 1 6 20
E 4181 5 -6 -19
T 4182 16 0 3 0
E 4182 1 4 13
E 4182 4 -5 -16
E 4182 5 -8 -25
T 4183 1 0 3 0
E 4183 0 6 18
E 4183 1 8 24
E 4183 2 5 17
T 4184 14 0 2 0
E 4184 4 -5 -17
E 4184 5 -9 -27
T 4185 3 0 3 0
E 4185 0 5 15
E 4185 1 7 21
E 4185 2 6 19
T 4186 10 0 2 0
E 4186 4 -4 -14
E 4186 5 -8 -24
T 4187 5 0 2 0
E 4187 2 4 14
E 4187 5 -5 -15
T 4188 2 0 2 0
E 4188 2 4 13
E 4188 5 -5 -16
T 4189 2 0 1 0
E 4189 2 4 14
T 4190 2 0 1 0
E 4190 2 5 15
T 4191 3 0 1 0
E 4191 2 4 13
T 4192 5 0 0 0
T 4193 4 0 0 0
T 4194 6 0 1 0
E 4194 3 5 17
T 4195 8 0 1 0
E 4195 3 4 14
T 4196 10 0 0 0
T 4197 7 0 0 0
T 4198 13 0 2 0
E 4198 3 4 14
E 4198 4 5 15
T 4199 12 0 1 0
E 4199 4 4 14
T 4200 12 0 1 0
E 4200 0 -5 -17
T 4201 11 0 1 0
E 4201 0 -5 -16
T 4202 10 0 1 0
E 4202 0 -4 -14
T 4203 14 0 1 0
E 4203 4 4 14
T 4204 10 0 1 0
E 4204 0 -5 -15
T 4205 14 0 2 0
E 4205 0 -4 -13
E 4205 5 5 15
T 4206 12 0 1 0
E 4206 0 -6 -18
T 4207 14 0 2 0
E 4207 0 -4 -13
E 4207 5 5 17
T 4208 21 0 2 0
E 4208 4 5 15
E 4208 5 7 21
T 4209 15 0 2 0
E 4209 0 -5 -16
E 4209 5 4 14
T 4210 15 0 2 0
E 4210 0 -5 -16
E 4210 5 4 14
T 4211 15 0 2 0
E 4211 0 -5 -16
E 4211 5 4 14
T 4212 12 0 1 0
E 4212 0 -6 -18
T 4213 18 0 1 0
E 4213 5 6 18
T 4214 10 0 2 0
E 4214 0 -7 -22
E 4214 1 -5 -16
T 4215 20 0 2 0
E 4215 4 6 18
E 4215 5 8 24
T 4216 11 0 2 0
E 4216 0 -7 -23
E 4216 1 -5 -17
T 4217 20 0 2 0
E 4217 4 5 16
E 4217 5 7 22
T 4218 16 0 2 0
E 4218 0 -5 -17
E 4218 5 4 13
T 4219 14 0 2 0
E 4219 0 -4 -13
E 4219 5 5 17
T 4220 12 0 1 0
E 4220 0 -6 -18
T 4221 19 0 2 0
E 4221 4 5 17
E 4221 5 7 23
T 4222 15 0 2 0
E 4222 0 -4 -14
E 4222 5 5 16
T 4223 9 0 2 0
E 4223 0 -7 -21
E 4223 1 -5 -15
T 4224 15 0 2 0
E 4224 0 -4 -14
E 4224 5 5 16
T 4225 10 0 2 0
E 4225 0 -6 -20
E 4225 1 -4 -14
T 4226 16 0 2 0
E 4226 0 -6 -18
E 4226 5 4 13
T 4227 16 0 2 0
E 4227 0 -6 -18
E 4227 5 4 13
T 4228 11 0 2 0
E 4228 0 -8 -24
E 4228 1 -5 -16
T 4229 23 0 2 0
E 4229 4 5 16
E 4229 5 7 22
T 4230 11 0 2 0
E 4230 0 -7 -22
E 4230 1 -4 -13
T 4231 20 0 3 0
E 4231 0 -4 -14
E 4231 4 4 14
E 4231 5 6 20
T 4232 18 0 2 0
E 4232 0 -6 -20
E 4232 5 4 14
T 4233 20 0 3 0
E 4233 0 -5 -15
E 4233 4 4 14
E 4233 5 6 20
T 4234 19 0 2 0
E 4234 0 -7 -21
E 4234 5 5 15
T 4235 15 0 3 0
E 4235 0 -7 -22
E 4235 1 -4 -13
E 4235 5 4 14
T 4236 22 0 3 0
E 4236 0 -4 -14
E 4236 4 5 17
E 4236 5 7 23
T 4237 22 0 3 0
E 4237 0 -5 -17
E 4237 4 4 14
E 4237 5 6 20
T 4238 14 0 2 0
E 4238 0 -10 -30
E 4238 1 -6 -20
T 4239 28 0 4 0
E 4239 0 -4 -14
E 4239 3 4 13
E 4239 4 6 19
E 4239 5 8 25
T 4240 17 0 3 0
E 4240 0 -8 -26
E 4240 1 -5 -17
E 4240 5 4 13
T 4241 25 0 3 0
E 4241 0 -6 -19
E 4241 4 5 15
E 4241 5 7 21
T 4242 17 0 3 0
E 4242 0 -8 -25
E 4242 1 -5 -16
E 4242 5 5 15
T 4243 25 0 3 0
E 4243 0 -6 -19
E 4243 4 5 16
E 4243 5 7 22
T 4244 25 0 3 0
E 4244 0 -7 -22
E 4244 4 4 14
E 4244 5 6 20
T 4245 22 0 4 0
E 4245 0 -7 -23
E 4245 1 -4 -14
E 4245 4 4 13
E 4245 5 6 19
T 4246 26 0 3 0
E 4246 0 -7 -21
E 4246 4 5 16
E 4246 5 7 22
T 4247 18 0 3 0
E 4247 0 -9 -28
E 4247 1 -6 -19
E 4247 5 5 15
T 4248 27 0 3 0
E 4248 0 -7 -22
E 4248 4 5 16
E 4248 5 7 22
T 4249 18 0 3 0
E 4249 0 -10 -31
E 4249 1 -7 -21
E 4249 5 4 14
T 4250 22 0 4 0
E 4250 0 -8 -25
E 4250 1 -5 -16
E 4250 4 4 13
E 4250 5 6 20
T 4251 24 1 4 0
E 4251 0 -8 -24
E 4251 1 -4 -14
E 4251 4 5 15
E 4251 5 7 22
T 4252 19 0 3 0
E 4252 0 -8 -26
E 4252 1 -5 -17
E 4252 5 6 20
T 4253 23 0 4 0
E 4253 0 -8 -25
E 4253 1 -5 -15
E 4253 4 4 13
E 4253 5 7 22
T 4254 23 0 4 0
E 4254 0 -8 -25
E 4254 1 -5 -15
E 4254 4 4 14
E 4254 5 7 23
T 4255 28 0 3 0
E 4255 0 -6 -19
E 4255 4 6 19
E 4255 5 9 29
T 4256 25 0 4 0
E 4256 0 -8 -24
E 4256 1 -4 -14
E 4256 4 5 15
E 4256 5 8 24
T 4257 23 0 4 0
E 4257 0 -8 -25
E 4257 1 -5 -16
E 4257 4 4 13
E 4257 5 7 23
T 4258 19 0 3 0
E 4258 0 -9 -28
E 4258 1 -6 -18
E 4258 5 6 20
T 4259 25 0 4 0
E 4259 0 -7 -23
E 4259 1 -4 -13
E 4259 4 5 16
E 4259 5 8 25
T 4260 23 0 4 0
E 4260 0 -8 -25
E 4260 1 -5 -16
E 4260 4 4 13
E 4260 5 7 23
T 4261 25 0 4 0
E 4261 0 -8 -24
E 4261 1 -4 -14
E 4261 4 5 15
E 4261 5 8 24
T 4262 28 0 3 0
E 4262 0 -7 -21
E 4262 4 5 17
E 4262 5 9 27
T 4263 16 0 4 0
E 4263 0 -11 -33
E 4263 1 -7 -23
E 4263 2 -4 -14
E 4263 5 5 15
T 4264 33 0 4 0
E 4264 0 -5 -15
E 4264 3 4 14
E 4264 4 8 24
E 4264 5 11 33
T 4265 15 0 4 0
E 4265 0 -11 -35
E 4265 1 -8 -26
E 4265 2 -5 -16
E 4265 5 4 13
T 4266 29 0 3 0
E 4266 0 -6 -20
E 4266 4 6 19
E 4266 5 9 28
T 4267 15 0 4 0
E 4267 0 -11 -35
E 4267 1 -8 -26
E 4267 2 -5 -16
E 4267 5 4 13
T 4268 37 0 3 0
E 4268 3 5 17
E 4268 4 8 26
E 4268 5 12 36
T 4269 7 0 4 0
E 4269 0 -14 -43
E 4269 1 -11 -33
E 4269 2 -7 -23
E 4269 3 -4 -14
T 4270 34 0 4 0
E 4270 0 -4 -14
E 4270 3 5 15
E 4270 4 8 24
E 4270 5 11 34
T 4271 16 0 4 0
E 4271 0 -11 -33
E 4271 1 -7 -23
E 4271 2 -4 -14
E 4271 5 5 15
T 4272 28 0 3 0
E 4272 0 -6 -18
E 4272 4 6 20
E 4272 5 10 30
T 4273 14 0 4 0
E 4273 0 -11 -34
E 4273 1 -8 -24
E 4273 2 -5 -15
E 4273 5 4 14
T 4274 38 0 3 0
E 4274 3 5 17
E 4274 4 9 27
E 4274 5 12 36
T 4275 5 0 4 0
E 4275 0 -15 -45
E 4275 1 -12 -36
E 4275 2 -8 -26
E 4275 3 -5 -16
T 4276 42 0 4 0
E 4276 2 4 14
E 4276 3 8 24
E 4276 4 11 34
E 4276 5 14 43
T 4277 7 0 4 0
E 4277 0 -13 -41
E 4277 1 -10 -32
E 4277 2 -7 -22
E 4277 3 -4 -13
T 4278 32 0 4 0
E 4278 0 -5 -15
E 4278 3 4 14
E 4278 4 7 23
E 4278 5 11 33
T 4279 11 0 3 0
E 4279 0 -13 -39
E 4279 1 -9 -29
E 4279 2 -6 -19
T 4280 38 0 3 0
E 4280 3 7 21
E 4280 4 10 30
E 4280 5 13 40
T 4281 11 0 3 0
E 4281 0 -12 -36
E 4281 1 -8 -26
E 4281 2 -5 -17
T 4282 41 0 4 0
E 4282 2 4 13
E 4282 3 7 22
E 4282 4 10 32
E 4282 5 14 42
T 4283 11 0 3 0
E 4283 0 -13 -41
E 4283 1 -10 -31
E 4283 2 -7 -22
T 4284 33 0 4 0
E 4284 0 -5 -15
E 4284 3 4 14
E 4284 4 8 24
E 4284 5 11 33
T 4285 16 0 4 0
E 4285 0 -10 -32
E 4285 1 -7 -23
E 4285 2 -4 -13
E 4285 5 5 16
T 4286 34 0 4 0
E 4286 0 -4 -14
E 4286 3 5 15
E 4286 4 8 25
E 4286 5 11 34
T 4287 14 0 4 0
E 4287 0 -11 -34
E 4287 1 -8 -25
E 4287 2 -5 -15
E 4287 5 4 14
T 4288 28 0 3 0
E 4288 0 -7 -21
E 4288 4 5 17
E 4288 5 9 27
T 4289 19 0 3 0
E 4289 0 -9 -28
E 4289 1 -6 -18
E 4289 5 6 20
T 4290 23 0 4 0
E 4290 0 -8 -25
E 4290 1 -5 -16
E 4290 4 4 13
E 4290 5 7 23
T 4291 20 0 3 0
E 4291 0 -9 -29
E 4291 1 -6 -19
E 4291 5 6 19
T 4292 25 0 4 0
E 4292 0 -7 -23
E 4292 1 -4 -14
E 4292 4 5 15
E 4292 5 8 25
T 4293 19 0 3 0
E 4293 0 -9 -28
E 4293 1 -6 -18
E 4293 5 6 20
T 4294 23 0 4 0
E 4294 0 -8 -25
E 4294 1 -5 -15
E 4294 4 4 14
E 4294 5 7 23
T 4295 28 0 3 0
E 4295 0 -7 -21
E 4295 4 5 17
E 4295 5 9 27
T 4296 20 0 3 0
E 4296 0 -9 -29
E 4296 1 -6 -19
E 4296 5 6 19
T 4297 28 0 3 0
E 4297 0 -6 -18
E 4297 4 6 20
E 4297 5 10 30
T 4298 20 0 3 0
E 4298 0 -8 -26
E 4298 1 -5 -16
E 4298 5 7 22
T 4299 19 0 3 0
E 4299 0 -9 -28
E 4299 1 -6 -18
E 4299 5 6 20
T 4300 32 0 4 0
E 4300 0 -5 -16
E 4300 3 4 13
E 4300 4 7 22
E 4300 5 10 32
T 4301 15 0 4 0
E 4301 0 -11 -35
E 4301 1 -8 -25
E 4301 2 -5 -16
E 4301 5 4 13
T 4302 32 0 4 0
E 4302 0 -5 -15
E 4302 3 4 13
E 4302 4 7 23
E 4302 5 11 33
T 4303 20 0 3 0
E 4303 0 -10 -30
E 4303 1 -6 -20
E 4303 5 6 18
T 4304 20 0 3 0
E 4304 0 -9 -27
E 4304 1 -5 -17
E 4304 5 7 21
T 4305 28 0 3 0
E 4305 0 -7 -21
E 4305 4 5 17
E 4305 5 9 27
T 4306 20 0 3 0
E 4306 0 -10 -30
E 4306 1 -6 -20
E 4306 5 6 18
T 4307 19 0 3 0
E 4307 0 -9 -27
E 4307 1 -6 -18
E 4307 5 7 21
T 4308 20 0 3 0
E 4308 0 -8 -26
E 4308 1 -5 -16
E 4308 5 7 22
T 4309 29 0 3 0
E 4309 0 -7 -21
E 4309 4 6 18
E 4309 5 9 27
T 4310 10 0 3 0
E 4310 0 -12 -36
E 4310 1 -9 -27
E 4310 2 -5 -17
T 4311 38 0 3 0
E 4311 3 6 18
E 4311 4 9 28
E 4311 5 12 37
T 4312 11 0 3 0
E 4312 0 -12 -38
E 4312 1 -9 -29
E 4312 2 -6 -19
T 4313 28 0 3 0
E 4313 0 -6 -19
E 4313 4 6 19
E 4313 5 9 29
T 4314 20 0 3 0
E 4314 0 -9 -29
E 4314 1 -6 -19
E 4314 5 6 19
T 4315 23 0 4 0
E 4315 0 -8 -24
E 4315 1 -5 -15
E 4315 4 4 14
E 4315 5 8 24
T 4316 25 0 4 0
E 4316 0 -8 -24
E 4316 1 -4 -14
E 4316 4 5 15
E 4316 5 8 24
T 4317 19 0 3 0
E 4317 0 -9 -27
E 4317 1 -6 -18
E 4317 5 7 21
T 4318 29 0 3 0
E 4318 0 -6 -20
E 4318 4 6 18
E 4318 5 9 28
T 4319 19 0 3 0
E 4319 0 -9 -28
E 4319 1 -6 -18
E 4319 5 6 20
T 4320 0 0 4 0
E 4320 0 11 33
E 4320 3 4 14
E 4320 4 7 23
E 4320 5 11 33
T 4321 30 0 3 0
E 4321 1 -11 -35
E 4321 2 -8 -26
E 4321 3 -5 -16
T 4322 8 0 3 0
E 4322 0 11 33
E 4322 4 5 17
E 4322 5 9 27
T 4323 37 0 3 0
E 4323 1 -12 -36
E 4323 2 -9 -27
E 4323 3 -5 -17
T 4324 13 0 3 0
E 4324 0 14 42
E 4324 4 6 20
E 4324 5 9 29
T 4325 49 0 4 0
E 4325 1 -14 -44
E 4325 2 -11 -34
E 4325 3 -8 -24
E 4325 4 -5 -15
T 4326 5 0 4 0
E 4326 0 15 45
E 4326 1 12 36
E 4326 4 5 17
E 4326 5 8 26
T 4327 45 0 4 0
E 4327 2 -14 -43
E 4327 3 -11 -34
E 4327 4 -8 -24
E 4327 5 -4 -14
T 4328 8 0 4 0
E 4328 0 16 50
E 4328 1 13 41
E 4328 4 5 15
E 4328 5 8 25
T 4329 47 0 5 0
E 4329 0 4 13
E 4329 2 -14 -44
E 4329 3 -11 -35
E 4329 4 -8 -25
E 4329 5 -5 -16
T 4330 15 0 3 0
E 4330 0 17 53
E 4330 1 14 43
E 4330 5 7 21
T 4331 61 0 4 0
E 4331 2 -17 -53
E 4331 3 -14 -43
E 4331 4 -11 -33
E 4331 5 -8 -24
T 4332 5 0 4 0
E 4332 0 19 57
E 4332 1 15 47
E 4332 2 12 38
E 4332 5 6 19
T 4333 50 0 3 0
E 4333 3 -16 -49
E 4333 4 -13 -40
E 4333 5 -10 -30
T 4334 16 0 4 0
E 4334 0 15 47
E 4334 1 12 37
E 4334 2 9 28
E 4334 3 -5 -17
T 4335 50 0 4 0
E 4335 0 7 21
E 4335 3 -15 -46
E 4335 4 -12 -37
E 4335 5 -9 -27
T 4336 14 0 4 0
E 4336 0 19 57
E 4336 1 16 48
E 4336 2 12 38
E 4336 3 -4 -13
T 4337 57 0 4 0
E 4337 0 6 20
E 4337 3 -18 -54
E 4337 4 -14 -44
E 4337 5 -11 -34
T 4338 2 0 4 0
E 4338 0 18 56
E 4338 1 15 47
E 4338 2 12 37
E 4338 3 9 28
T 4339 53 0 3 0
E 4339 3 -6 -19
E 4339 4 -20 -60
E 4339 5 -17 -51
T 4340 5 0 5 0
E 4340 0 20 60
E 4340 1 16 50
E 4340 2 13 40
E 4340 3 10 31
E 4340 4 -4 -14
T 4341 56 0 3 0
E 4341 3 -6 -20
E 4341 4 -22 -67
E 4341 5 -19 -58
T 4342 15 0 6 0
E 4342 0 18 55
E 4342 1 15 45
E 4342 2 12 36
E 4342 3 8 26
E 4342 4 -8 -25
E 4342 5 -5 -15
T 4343 48 0 4 0
E 4343 0 7 22
E 4343 1 4 13
E 4343 4 -20 -61
E 4343 5 -17 -51
T 4344 8 0 6 0
E 4344 0 17 51
E 4344 1 13 41
E 4344 2 10 32
E 4344 3 7 22
E 4344 4 4 13
E 4344 5 -8 -26
T 4345 49 0 3 0
E 4345 3 -7 -21
E 4345 4 -10 -31
E 4345 5 -24 -72
T 4346 5 0 6 0
E 4346 0 18 56
E 4346 1 15 47
E 4346 2 12 37
E 4346 3 9 27
E 4346 4 6 18
E 4346 5 -9 -27
T 4347 56 0 4 0
E 4347 2 -6 -18
E 4347 3 -9 -28
E 4347 4 -12 -38
E 4347 5 -28 -85
T 4348 4 0 6 0
E 4348 0 19 59
E 4348 1 16 50
E 4348 2 13 40
E 4348 3 10 31
E 4348 4 7 21
E 4348 5 -10 -30
T 4349 58 0 4 0
E 4349 2 -5 -17
E 4349 3 -9 -27
E 4349 4 -12 -36
E 4349 5 -30 -91
T 4350 13 0 6 0
E 4350 0 21 63
E 4350 1 17 53
E 4350 2 14 43
E 4350 3 11 34
E 4350 4 8 24
E 4350 5 5 15
T 4351 50 0 5 0
E 4351 1 -5 -15
E 4351 2 -8 -25
E 4351 3 -11 -35
E 4351 4 -14 -44
E 4351 5 -18 -54
T 4352 3 0 5 0
E 4352 0 18 55
E 4352 1 15 45
E 4352 2 12 36
E 4352 3 8 26
E 4352 4 5 16
T 4353 42 0 4 0
E 4353 2 -5 -16
E 4353 3 -8 -25
E 4353 4 -11 -35
E 4353 5 -15 -45
T 4354 6 0 4 0
E 4354 0 15 45
E 4354 1 11 35
E 4354 2 8 26
E 4354 3 5 16
T 4355 38 0 3 0
E 4355 3 -6 -20
E 4355 4 -10 -30
E 4355 5 -13 -39
T 4356 6 0 4 0
E 4356 0 14 43
E 4356 1 11 34
E 4356 2 8 24
E 4356 3 4 14
T 4357 38 0 3 0
E 4357 3 -7 -21
E 4357 4 -10 -31
E 4357 5 -13 -40
T 4358 10 0 3 0
E 4358 0 12 37
E 4358 1 9 28
E 4358 2 6 18
T 4359 38 0 3 0
E 4359 3 -7 -21
E 4359 4 -10 -30
E 4359 5 -13 -40
T 4360 11 0 3 0
E 4360 0 13 39
E 4360 1 9 29
E 4360 2 6 19
T 4361 29 0 3 0
E 4361 0 5 17
E 4361 4 -7 -21
E 4361 5 -10 -31
T 4362 19 0 3 0
E 4362 0 10 31
E 4362 1 7 21
E 4362 5 -5 -17
T 4363 23 0 4 0
E 4363 0 8 25
E 4363 1 5 16
E 4363 4 -4 -13
E 4363 5 -7 -23
T 4364 29 0 3 0
E 4364 0 6 20
E 4364 4 -6 -18
E 4364 5 -9 -28
T 4365 15 0 4 0
E 4365 0 11 34
E 4365 1 8 24
E 4365 2 4 14
E 4365 5 -4 -14
T 4366 24 0 4 0
E 4366 0 7 22
E 4366 1 4 13
E 4366 4 -5 -16
E 4366 5 -8 -26
T 4367 25 0 4 0
E 4367 0 7 23
E 4367 1 4 13
E 4367 4 -5 -16
E 4367 5 -8 -25
T 4368 25 0 4 0
E 4368 0 7 23
E 4368 1 4 14
E 4368 4 -5 -15
E 4368 5 -8 -25
T 4369 25 0 4 0
E 4369 0 7 23
E 4369 1 4 13
E 4369 4 -5 -15
E 4369 5 -8 -25
T 4370 20 0 3 0
E 4370 0 9 27
E 4370 1 5 17
E 4370 5 -7 -21
T 4371 29 0 3 0
E 4371 0 6 20
E 4371 4 -6 -18
E 4371 5 -9 -28
T 4372 15 0 4 0
E 4372 0 11 35
E 4372 1 8 25
E 4372 2 5 16
E 4372 5 -4 -13
T 4373 28 0 3 0
E 4373 0 6 18
E 4373 4 -6 -20
E 4373 5 -10 -30
T 4374 20 0 3 0
E 4374 0 9 27
E 4374 1 5 17
E 4374 5 -7 -21
T 4375 32 0 4 0
E 4375 0 5 16
E 4375 3 -4 -13
E 4375 4 -7 -23
E 4375 5 -10 -32
T 4376 20 0 3 0
E 4376 0 9 29
E 4376 1 6 20
E 4376 5 -6 -19
T 4377 20 0 3 0
E 4377 0 9 27
E 4377 1 5 17
E 4377 5 -7 -21
T 4378 28 0 3 0
E 4378 0 5 16
E 4378 4 -7 -22
E 4378 5 -10 -32
T 4379 16 0 4 0
E 4379 0 10 32
E 4379 1 7 22
E 4379 2 4 13
E 4379 5 -5 -16
T 4380 29 0 3 0
E 4380 0 6 20
E 4380 4 -6 -19
E 4380 5 -9 -28
T 4381 14 0 4 0
E 4381 0 11 34
E 4381 1 8 25
E 4381 2 5 15
E 4381 5 -4 -14
T 4382 33 0 4 0
E 4382 0 4 13
E 4382 3 -5 -16
E 4382 4 -8 -26
E 4382 5 -11 -35
T 4383 19 0 3 0
E 4383 0 10 30
E 4383 1 7 21
E 4383 5 -6 -18
T 4384 28 0 3 0
E 4384 0 6 18
E 4384 4 -6 -20
E 4384 5 -10 -30
T 4385 25 0 4 0
E 4385 0 8 24
E 4385 1 4 14
E 4385 4 -5 -15
E 4385 5 -8 -24
T 4386 25 0 4 0
E 4386 0 7 23
E 4386 1 4 14
E 4386 4 -5 -15
E 4386 5 -8 -25
T 4387 29 0 3 0
E 4387 0 7 21
E 4387 4 -6 -18
E 4387 5 -9 -27
T 4388 20 0 3 0
E 4388 0 8 26
E 4388 1 5 17
E 4388 5 -7 -22
T 4389 19 0 3 0
E 4389 0 9 28
E 4389 1 6 18
E 4389 5 -6 -20
T 4390 25 0 4 0
E 4390 0 8 24
E 4390 1 4 14
E 4390 4 -5 -15
E 4390 5 -8 -24
T 4391 23 0 4 0
E 4391 0 8 25
E 4391 1 5 16
E 4391 4 -4 -13
E 4391 5 -7 -23
T 4392 28 0 3 0
E 4392 0 6 19
E 4392 4 -6 -20
E 4392 5 -9 -29
T 4393 19 0 3 0
E 4393 0 10 30
E 4393 1 7 21
E 4393 5 -6 -18
T 4394 25 0 4 0
E 4394 0 7 23
E 4394 1 4 13
E 4394 4 -5 -15
E 4394 5 -8 -25
T 4395 29 0 3 0
E 4395 0 7 21
E 4395 4 -6 -18
E 4395 5 -9 -27
T 4396 16 0 4 0
E 4396 0 10 32
E 4396 1 7 23
E 4396 2 4 13
E 4396 5 -5 -16
T 4397 28 0 3 0
E 4397 0 7 22
E 4397 4 -5 -17
E 4397 5 -8 -26
T 4398 19 0 3 0
E 4398 0 10 30
E 4398 1 7 21
E 4398 5 -6 -18
T 4399 32 0 4 0
E 4399 0 5 16
E 4399 3 -4 -13
E 4399 4 -7 -22
E 4399 5 -10 -32
T 4400 19 0 3 0
E 4400 0 10 31
E 4400 1 7 21
E 4400 5 -5 -17
T 4401 23 0 4 0
E 4401 0 8 24
E 4401 1 5 15
E 4401 4 -4 -14
E 4401 5 -8 -24
T 4402 20 0 3 0
E 4402 0 9 29
E 4402 1 6 19
E 4402 5 -6 -19
T 4403 29 0 3 0
E 4403 0 6 20
E 4403 4 -6 -18
E 4403 5 -9 -28
T 4404 20 0 3 0
E 4404 0 8 26
E 4404 1 5 16
E 4404 5 -7 -22
T 4405 29 0 3 0
E 4405 0 6 20
E 4405 4 -6 -19
E 4405 5 -9 -28
T 4406 20 0 3 0
E 4406 0 8 26
E 4406 1 5 17
E 4406 5 -7 -22
T 4407 29 0 3 0
E 4407 0 6 18
E 4407 4 -7 -21
E 4407 5 -10 -30
T 4408 20 0 3 0
E 4408 0 9 29
E 4408 1 6 20
E 4408 5 -6 -19
T 4409 32 0 4 0
E 4409 0 5 16
E 4409 3 -4 -13
E 4409 4 -7 -22
E 4409 5 -10 -32
T 4410 20 0 3 0
E 4410 0 9 29
E 4410 1 6 19
E 4410 5 -6 -19
T 4411 28 0 3 0
E 4411 0 7 21
E 4411 4 -5 -17
E 4411 5 -9 -27
T 4412 24 0 4 0
E 4412 0 8 26
E 4412 1 5 16
E 4412 4 -4 -13
E 4412 5 -7 -22
T 4413 19 0 3 0
E 4413 0 9 28
E 4413 1 6 19
E 4413 5 -6 -20
T 4414 28 0 3 0
E 4414 0 6 18
E 4414 4 -6 -20
E 4414 5 -10 -30
T 4415 19 0 3 0
E 4415 0 10 31
E 4415 1 7 21
E 4415 5 -5 -17
T 4416 23 0 4 0
E 4416 0 8 25
E 4416 1 5 16
E 4416 4 -4 -13
E 4416 5 -7 -23
T 4417 23 0 4 0
E 4417 0 7 21
E 4417 1 4 14
E 4417 4 -5 -15
E 4417 5 -8 -24
T 4418 16 0 3 0
E 4418 0 8 25
E 4418 1 7 21
E 4418 5 -6 -18
T 4419 26 0 2 0
E 4419 4 -6 -20
E 4419 5 -10 -30
T 4420 13 0 3 0
E 4420 0 6 19
E 4420 1 6 20
E 4420 5 -6 -18
T 4421 11 0 3 0
E 4421 0 5 16
E 4421 1 6 20
E 4421 5 -6 -19
T 4422 10 0 3 0
E 4422 0 4 14
E 4422 1 6 20
E 4422 5 -6 -18
T 4423 11 0 2 0
E 4423 1 5 15
E 4423 5 -7 -21
T 4424 2 0 3 0
E 4424 0 5 15
E 4424 1 7 21
E 4424 2 5 17
T 4425 13 0 2 0
E 4425 4 -4 -13
E 4425 5 -7 -22
T 4426 7 0 4 0
E 4426 0 5 16
E 4426 1 7 22
E 4426 2 7 23
E 4426 3 4 13
T 4427 7 0 2 0
E 4427 4 -4 -14
E 4427 5 -7 -23
T 4428 7 0 3 0
E 4428 1 6 18
E 4428 2 8 24
E 4428 3 5 15
T 4429 0 0 1 0
E 4429 5 -7 -21
T 4430 1 0 1 0
E 4430 2 5 16
T 4431 1 0 0 0
T 4432 4 0 0 0
T 4433 5 0 1 0
E 4433 5 -4 -13
T 4434 6 0 1 0
E 4434 3 5 17
T 4435 10 0 0 0
T 4436 8 0 0 0
T 4437 10 0 1 0
E 4437 0 -4 -14
T 4438 10 0 0 0
T 4439 11 0 1 0
E 4439 4 5 16
T 4440 15 0 1 0
E 4440 4 4 13
T 4441 9 0 2 0
E 4441 0 -7 -21
E 4441 1 -5 -15
T 4442 19 0 3 0
E 4442 3 4 14
E 4442 4 6 20
E 4442 5 5 16
T 4443 10 0 1 0
E 4443 0 -4 -14
T 4444 11 0 1 0
E 4444 0 -5 -16
T 4445 14 0 2 0
E 4445 0 -4 -13
E 4445 5 5 15
T 4446 18 0 1 0
E 4446 5 6 18
T 4447 15 0 2 0
E 4447 0 -4 -14
E 4447 5 5 16
T 4448 9 0 2 0
E 4448 0 -6 -19
E 4448 1 -4 -13
T 4449 23 0 3 0
E 4449 3 4 13
E 4449 4 6 19
E 4449 5 8 25
T 4450 8 0 3 0
E 4450 0 -9 -29
E 4450 1 -7 -23
E 4450 2 -5 -17
T 4451 15 1 2 0
E 4451 0 -5 -15
E 4451 5 5 15
T 4452 10 0 2 0
E 4452 0 -7 -22
E 4452 1 -5 -16
T 4453 15 0 2 0
E 4453 0 -4 -14
E 4453 5 5 16
T 4454 21 0 2 0
E 4454 4 4 13
E 4454 5 6 19
T 4455 15 0 2 0
E 4455 0 -5 -16
E 4455 5 4 14
T 4456 15 0 2 0
E 4456 0 -5 -16
E 4456 5 4 14
T 4457 9 0 2 0
E 4457 0 -7 -21
E 4457 1 -5 -15
T 4458 19 0 2 0
E 4458 4 5 17
E 4458 5 7 23
T 4459 9 0 2 0
E 4459 0 -6 -19
E 4459 1 -4 -13
T 4460 23 0 3 0
E 4460 3 4 13
E 4460 4 6 19
E 4460 5 8 25
T 4461 10 0 2 0
E 4461 0 -6 -20
E 4461 1 -4 -14
T 4462 15 1 2 0
E 4462 0 -5 -15
E 4462 5 5 15
T 4463 10 0 2 0
E 4463 0 -7 -22
E 4463 1 -5 -16
T 4464 21 0 2 0
E 4464 4 5 15
E 4464 5 7 21
T 4465 15 0 2 0
E 4465 0 -5 -16
E 4465 5 4 14
T 4466 16 0 2 0
E 4466 0 -6 -18
E 4466 5 4 13
T 4467 15 0 2 0
E 4467 0 -4 -13
E 4467 5 6 18
T 4468 16 0 2 0
E 4468 0 -6 -18
E 4468 5 4 14
T 4469 14 0 1 0
E 4469 0 -7 -21
T 4470 16 1 2 0
E 4470 0 -5 -16
E 4470 5 5 17
T 4471 18 0 2 0
E 4471 0 -6 -20
E 4471 5 4 14
T 4472 20 0 3 0
E 4472 0 -4 -14
E 4472 4 4 14
E 4472 5 6 20
T 4473 12 0 2 0
E 4473 0 -8 -25
E 4473 1 -5 -15
T 4474 19 0 2 0
E 4474 0 -6 -20
E 4474 5 5 16
T 4475 12 0 2 0
E 4475 0 -8 -25
E 4475 1 -5 -16
T 4476 22 0 3 0
E 4476 0 -5 -15
E 4476 4 5 16
E 4476 5 7 22
T 4477 22 0 3 0
E 4477 0 -5 -17
E 4477 4 4 14
E 4477 5 6 20
T 4478 14 0 2 0
E 4478 0 -10 -30
E 4478 1 -6 -20
T 4479 28 0 4 0
E 4479 0 -4 -14
E 4479 3 4 13
E 4479 4 6 19
E 4479 5 8 25
T 4480 10 0 3 0
E 4480 0 -11 -33
E 4480 1 -8 -24
E 4480 2 -4 -14
T 4481 24 0 3 0
E 4481 0 -5 -17
E 4481 4 5 17
E 4481 5 7 23
T 4482 24 0 3 0
E 4482 0 -7 -21
E 4482 4 4 13
E 4482 5 6 19
T 4483 17 0 3 0
E 4483 0 -9 -27
E 4483 1 -5 -17
E 4483 5 4 14
T 4484 29 0 4 0
E 4484 0 -5 -16
E 4484 3 4 13
E 4484 4 6 20
E 4484 5 8 26
T 4485 11 0 3 0
E 4485 0 -10 -32
E 4485 1 -7 -23
E 4485 2 -4 -13
T 4486 32 0 4 0
E 4486 0 -4 -13
E 4486 3 5 16
E 4486 4 8 24
E 4486 5 10 30
T 4487 11 0 3 0
E 4487 0 -10 -32
E 4487 1 -7 -23
E 4487 2 -4 -13
T 4488 37 0 3 0
E 4488 3 6 18
E 4488 4 9 27
E 4488 5 11 33
T 4489 11 0 3 0
E 4489 0 -11 -35
E 4489 1 -8 -25
E 4489 2 -5 -15
T 4490 40 0 4 0
E 4490 2 4 13
E 4490 3 7 23
E 4490 4 10 32
E 4490 5 13 39
T 4491 5 0 4 0
E 4491 0 -15 -47
E 4491 1 -12 -37
E 4491 2 -9 -28
E 4491 3 -6 -18
T 4492 36 0 3 0
E 4492 3 5 17
E 4492 4 9 27
E 4492 5 11 35
T 4493 10 0 3 0
E 4493 0 -12 -37
E 4493 1 -9 -27
E 4493 2 -6 -18
T 4494 33 0 4 0
E 4494 0 -5 -15
E 4494 3 4 14
E 4494 4 8 24
E 4494 5 11 33
T 4495 11 0 3 0
E 4495 0 -12 -38
E 4495 1 -9 -29
E 4495 2 -6 -19
T 4496 29 0 3 0
E 4496 0 -6 -18
E 4496 4 7 21
E 4496 5 10 30
T 4497 19 0 3 0
E 4497 0 -9 -27
E 4497 1 -6 -18
E 4497 5 7 21
T 4498 20 0 3 0
E 4498 0 -9 -27
E 4498 1 -5 -17
E 4498 5 7 21
T 4499 29 0 3 0
E 4499 0 -7 -21
E 4499 4 6 18
E 4499 5 9 27
T 4500 14 0 4 0
E 4500 0 -11 -34
E 4500 1 -8 -25
E 4500 2 -5 -15
E 4500 5 4 14
T 4501 28 0 3 0
E 4501 0 -7 -22
E 4501 4 5 17
E 4501 5 8 26
T 4502 20 0 3 0
E 4502 0 -8 -26
E 4502 1 -5 -17
E 4502 5 7 22
T 4503 23 0 4 0
E 4503 0 -8 -25
E 4503 1 -5 -15
E 4503 4 4 13
E 4503 5 7 23
T 4504 29 0 3 0
E 4504 0 -6 -20
E 4504 4 6 19
E 4504 5 9 28
T 4505 20 0 3 0
E 4505 0 -9 -29
E 4505 1 -6 -20
E 4505 5 6 19
T 4506 29 0 3 0
E 4506 0 -6 -18
E 4506 4 7 21
E 4506 5 10 30
T 4507 19 0 3 0
E 4507 0 -9 -27
E 4507 1 -6 -18
E 4507 5 7 21
T 4508 20 0 3 0
E 4508 0 -9 -27
E 4508 1 -5 -17
E 4508 5 7 21
T 4509 23 0 4 0
E 4509 0 -8 -25
E 4509 1 -5 -15
E 4509 4 4 14
E 4509 5 7 23
T 4510 19 0 3 0
E 4510 0 -10 -30
E 4510 1 -7 -21
E 4510 5 6 18
T 4511 25 0 4 0
E 4511 0 -7 -23
E 4511 1 -4 -13
E 4511 4 5 16
E 4511 5 8 25
T 4512 20 0 3 0
E 4512 0 -9 -29
E 4512 1 -6 -20
E 4512 5 6 19
T 4513 29 0 3 0
E 4513 0 -5 -17
E 4513 4 7 21
E 4513 5 10 31
T 4514 20 0 3 0
E 4514 0 -9 -27
E 4514 1 -5 -17
E 4514 5 7 21
T 4515 32 0 4 0
E 4515 0 -5 -16
E 4515 3 4 13
E 4515 4 7 22
E 4515 5 10 32
T 4516 20 0 3 0
E 4516 0 -9 -29
E 4516 1 -6 -19
E 4516 5 6 19
T 4517 28 0 3 0
E 4517 0 -5 -16
E 4517 4 7 22
E 4517 5 10 32
T 4518 20 0 3 0
E 4518 0 -8 -26
E 4518 1 -5 -16
E 4518 5 7 22
T 4519 29 0 3 0
E 4519 0 -7 -21
E 4519 4 6 18
E 4519 5 9 27
T 4520 20 0 3 0
E 4520 0 -8 -26
E 4520 1 -5 -17
E 4520 5 7 22
T 4521 28 0 3 0
E 4521 0 -6 -19
E 4521 4 6 20
E 4521 5 9 29
T 4522 19 0 3 0
E 4522 0 -9 -28
E 4522 1 -6 -19
E 4522 5 6 20
T 4523 25 0 4 0
E 4523 0 -7 -23
E 4523 1 -4 -13
E 4523 4 5 15
E 4523 5 8 25
T 4524 19 0 3 0
E 4524 0 -9 -28
E 4524 1 -6 -18
E 4524 5 6 20
T 4525 25 0 4 0
E 4525 0 -7 -23
E 4525 1 -4 -14
E 4525 4 5 15
E 4525 5 8 25
T 4526 16 0 4 0
E 4526 0 -11 -33
E 4526 1 -7 -23
E 4526 2 -4 -14
E 4526 5 5 15
T 4527 24 0 4 0
E 4527 0 -7 -22
E 4527 1 -4 -13
E 4527 4 5 16
E 4527 5 8 26
T 4528 28 0 3 0
E 4528 0 -7 -22
E 4528 4 5 16
E 4528 5 8 26
T 4529 19 0 3 0
E 4529 0 -10 -31
E 4529 1 -7 -21
E 4529 5 5 17
T 4530 29 0 3 0
E 4530 0 -5 -17
E 4530 4 7 21
E 4530 5 10 31
T 4531 14 0 4 0
E 4531 0 -11 -34
E 4531 1 -8 -24
E 4531 2 -5 -15
E 4531 5 4 14
T 4532 37 0 3 0
E 4532 3 5 16
E 4532 4 8 26
E 4532 5 12 36
T 4533 11 0 3 0
E 4533 0 -13 -41
E 4533 1 -10 -31
E 4533 2 -7 -22
T 4534 33 0 4 0
E 4534 0 -4 -13
E 4534 3 5 16
E 4534 4 8 26
E 4534 5 11 35
T 4535 15 0 4 0
E 4535 0 -11 -33
E 4535 1 -8 -24
E 4535 2 -4 -14
E 4535 5 5 15
T 4536 32 0 4 0
E 4536 0 -5 -16
E 4536 3 4 13
E 4536 4 7 23
E 4536 5 10 32
T 4537 15 0 4 0
E 4537 0 -11 -33
E 4537 1 -8 -24
E 4537 2 -4 -14
E 4537 5 5 15
T 4538 28 0 3 0
E 4538 0 -7 -21
E 4538 4 5 17
E 4538 5 9 27
T 4539 19 0 3 0
E 4539 0 -10 -31
E 4539 1 -7 -21
E 4539 5 5 17
T 4540 20 0 3 0
E 4540 0 -8 -26
E 4540 1 -5 -17
E 4540 5 7 22
T 4541 29 0 3 0
E 4541 0 -5 -17
E 4541 4 7 22
E 4541 5 10 31
T 4542 19 0 3 0
E 4542 0 -10 -31
E 4542 1 -7 -22
E 4542 5 5 17
T 4543 23 0 4 0
E 4543 0 -8 -25
E 4543 1 -5 -15
E 4543 4 4 13
E 4543 5 7 23
T 4544 23 0 4 0
E 4544 0 -8 -25
E 4544 1 -5 -15
E 4544 4 4 14
E 4544 5 7 23
T 4545 20 0 3 0
E 4545 0 -8 -26
E 4545 1 -5 -17
E 4545 5 7 22
T 4546 29 0 3 0
E 4546 0 -6 -18
E 4546 4 7 21
E 4546 5 10 30
T 4547 23 0 4 0
E 4547 0 -8 -25
E 4547 1 -5 -16
E 4547 4 4 13
E 4547 5 7 23
T 4548 28 0 3 0
E 4548 0 -6 -19
E 4548 4 6 19
E 4548 5 9 29
T 4549 15 0 4 0
E 4549 0 -11 -34
E 4549 1 -8 -24
E 4549 2 -4 -14
E 4549 5 4 14
T 4550 37 0 3 0
E 4550 3 5 17
E 4550 4 8 26
E 4550 5 12 36
T 4551 6 0 4 0
E 4551 0 -14 -44
E 4551 1 -11 -34
E 4551 2 -8 -25
E 4551 3 -5 -15
T 4552 42 0 4 0
E 4552 2 5 16
E 4552 3 8 25
E 4552 4 11 35
E 4552 5 15 45
T 4553 5 0 4 0
E 4553 0 -15 -46
E 4553 1 -12 -36
E 4553 2 -9 -27
E 4553 3 -5 -17
T 4554 38 0 3 0
E 4554 3 7 21
E 4554 4 10 31
E 4554 5 13 40
T 4555 10 0 3 0
E 4555 0 -12 -36
E 4555 1 -9 -27
E 4555 2 -5 -17
T 4556 33 0 4 0
E 4556 0 -4 -13
E 4556 3 5 16
E 4556 4 8 26
E 4556 5 11 35
T 4557 15 0 4 0
E 4557 0 -11 -35
E 4557 1 -8 -26
E 4557 2 -5 -16
E 4557 5 4 13
T 4558 28 0 3 0
E 4558 0 -7 -22
E 4558 4 5 16
E 4558 5 8 26
T 4559 20 0 3 0
E 4559 0 -10 -32
E 4559 1 -7 -22
E 4559 5 5 16
T 4560 4 0 3 0
E 4560 0 10 30
E 4560 4 6 20
E 4560 5 10 30
T 4561 31 0 3 0
E 4561 1 -13 -39
E 4561 2 -10 -30
E 4561 3 -6 -20
T 4562 13 0 4 0
E 4562 0 10 32
E 4562 1 -4 -13
E 4562 4 5 16
E 4562 5 8 26
T 4563 29 0 3 0
E 4563 0 6 20
E 4563 1 -9 -27
E 4563 2 -6 -18
T 4564 27 0 4 0
E 4564 0 8 26
E 4564 1 -8 -25
E 4564 2 -5 -15
E 4564 5 4 13
T 4565 28 0 4 0
E 4565 0 10 32
E 4565 1 -7 -23
E 4565 2 -4 -13
E 4565 5 5 16
T 4566 16 0 4 0
E 4566 0 10 32
E 4566 1 7 23
E 4566 2 -5 -16
E 4566 5 4 13
T 4567 27 0 4 0
E 4567 0 8 24
E 4567 1 4 14
E 4567 2 -9 -27
E 4567 3 -6 -18
T 4568 32 0 5 0
E 4568 0 7 22
E 4568 1 4 13
E 4568 2 -10 -32
E 4568 3 -7 -22
E 4568 4 -4 -13
T 4569 29 0 4 0
E 4569 0 10 30
E 4569 1 6 20
E 4569 2 -9 -27
E 4569 3 -6 -18
T 4570 28 0 4 0
E 4570 0 12 37
E 4570 1 9 27
E 4570 2 -8 -24
E 4570 3 -4 -14
T 4571 31 0 4 0
E 4571 0 11 35
E 4571 1 8 26
E 4571 2 -9 -29
E 4571 3 -6 -19
T 4572 22 0 5 0
E 4572 0 11 34
E 4572 1 8 24
E 4572 2 5 15
E 4572 3 -8 -24
E 4572 4 -4 -14
T 4573 35 0 5 0
E 4573 0 9 27
E 4573 1 6 18
E 4573 3 -11 -33
E 4573 4 -8 -24
E 4573 5 -4 -14
T 4574 28 0 5 0
E 4574 0 11 33
E 4574 1 7 23
E 4574 2 4 14
E 4574 3 -10 -31
E 4574 4 -7 -21
T 4575 43 0 5 0
E 4575 0 8 26
E 4575 1 5 16
E 4575 3 -13 -41
E 4575 4 -10 -32
E 4575 5 -7 -22
T 4576 23 0 5 0
E 4576 0 15 45
E 4576 1 12 36
E 4576 2 8 26
E 4576 3 -8 -25
E 4576 4 -5 -15
T 4577 48 0 5 0
E 4577 0 9 28
E 4577 1 6 18
E 4577 3 -15 -46
E 4577 4 -12 -36
E 4577 5 -8 -26
T 4578 1 0 4 0
E 4578 0 18 55
E 4578 1 15 46
E 4578 2 12 36
E 4578 3 9 27
T 4579 58 0 4 0
E 4579 2 -5 -15
E 4579 3 -8 -25
E 4579 4 -22 -66
E 4579 5 -19 -57
T 4580 0 0 4 0
E 4580 0 21 64
E 4580 1 18 54
E 4580 2 14 44
E 4580 3 11 35
T 4581 69 0 5 0
E 4581 1 -4 -14
E 4581 2 -8 -24
E 4581 3 -11 -34
E 4581 4 -27 -81
E 4581 5 -24 -72
T 4582 4 0 4 0
E 4582 0 25 75
E 4582 1 21 65
E 4582 2 18 56
E 4582 3 15 46
T 4583 73 0 5 0
E 4583 1 -5 -15
E 4583 2 -8 -25
E 4583 3 -11 -34
E 4583 4 -29 -89
E 4583 5 -26 -79
T 4584 15 0 5 0
E 4584 0 24 73
E 4584 1 21 63
E 4584 2 18 54
E 4584 3 14 44
E 4584 4 11 35
T 4585 65 0 5 0
E 4585 1 -6 -20
E 4585 2 -10 -30
E 4585 3 -13 -39
E 4585 4 -16 -49
E 4585 5 -30 -90
T 4586 4 0 6 0
E 4586 0 21 65
E 4586 1 18 56
E 4586 2 15 46
E 4586 3 12 36
E 4586 4 9 27
E 4586 5 -6 -18
T 4587 56 0 4 0
E 4587 2 -6 -18
E 4587 3 -9 -28
E 4587 4 -12 -38
E 4587 5 -28 -85
T 4588 7 0 6 0
E 4588 0 18 56
E 4588 1 15 47
E 4588 2 12 37
E 4588 3 9 28
E 4588 4 6 18
E 4588 5 -11 -33
T 4589 57 0 4 0
E 4589 2 -5 -16
E 4589 3 -8 -26
E 4589 4 -11 -35
E 4589 5 -30 -90
T 4590 4 0 5 0
E 4590 0 19 58
E 4590 1 16 48
E 4590 2 12 38
E 4590 3 9 29
E 4590 4 6 19
T 4591 49 0 5 0
E 4591 1 -4 -14
E 4591 2 -8 -24
E 4591 3 -11 -34
E 4591 4 -14 -43
E 4591 5 -17 -53
T 4592 5 0 4 0
E 4592 0 15 47
E 4592 1 12 37
E 4592 2 9 28
E 4592 3 6 18
T 4593 43 0 4 0
E 4593 2 -6 -18
E 4593 3 -9 -27
E 4593 4 -12 -37
E 4593 5 -15 -47
T 4594 0 0 5 0
E 4594 0 17 51
E 4594 1 13 41
E 4594 2 10 32
E 4594 3 7 22
E 4594 4 4 13
T 4595 41 0 4 0
E 4595 2 -4 -13
E 4595 3 -7 -22
E 4595 4 -10 -32
E 4595 5 -13 -41
T 4596 11 0 3 0
E 4596 0 13 41
E 4596 1 10 32
E 4596 2 7 22
T 4597 37 0 3 0
E 4597 3 -7 -22
E 4597 4 -10 -32
E 4597 5 -13 -41
T 4598 7 0 4 0
E 4598 0 13 41
E 4598 1 10 32
E 4598 2 7 22
E 4598 3 4 13
T 4599 37 0 3 0
E 4599 3 -5 -17
E 4599 4 -8 -26
E 4599 5 -12 -36
T 4600 15 0 4 0
E 4600 0 11 35
E 4600 1 8 25
E 4600 2 5 15
E 4600 5 -4 -13
T 4601 28 0 3 0
E 4601 0 6 19
E 4601 4 -6 -19
E 4601 5 -9 -29
T 4602 20 0 3 0
E 4602 0 10 30
E 4602 1 6 20
E 4602 5 -6 -18
T 4603 28 0 3 0
E 4603 0 7 21
E 4603 4 -5 -17
E 4603 5 -9 -27
T 4604 14 0 4 0
E 4604 0 11 34
E 4604 1 8 24
E 4604 2 5 15
E 4604 5 -4 -14
T 4605 38 0 3 0
E 4605 3 -5 -17
E 4605 4 -9 -27
E 4605 5 -12 -36
T 4606 15 0 4 0
E 4606 0 11 35
E 4606 1 8 26
E 4606 2 5 16
E 4606 5 -4 -13
T 4607 32 0 4 0
E 4607 0 5 16
E 4607 3 -4 -13
E 4607 4 -7 -23
E 4607 5 -10 -32
T 4608 16 0 4 0
E 4608 0 10 32
E 4608 1 7 23
E 4608 2 4 13
E 4608 5 -5 -16
T 4609 33 0 4 0
E 4609 0 4 13
E 4609 3 -5 -16
E 4609 4 -8 -25
E 4609 5 -11 -35
T 4610 11 0 3 0
E 4610 0 13 41
E 4610 1 10 31
E 4610 2 7 21
T 4611 28 0 3 0
E 4611 0 6 18
E 4611 4 -6 -20
E 4611 5 -10 -30
T 4612 20 0 3 0
E 4612 0 9 27
E 4612 1 5 17
E 4612 5 -7 -21
T 4613 28 0 3 0
E 4613 0 6 19
E 4613 4 -6 -19
E 4613 5 -9 -29
T 4614 14 0 4 0
E 4614 0 11 34
E 4614 1 8 24
E 4614 2 5 15
E 4614 5 -4 -14
T 4615 28 0 3 0
E 4615 0 6 19
E 4615 4 -6 -20
E 4615 5 -9 -29
T 4616 25 0 4 0
E 4616 0 7 23
E 4616 1 4 14
E 4616 4 -5 -15
E 4616 5 -8 -25
T 4617 28 0 3 0
E 4617 0 7 22
E 4617 4 -5 -17
E 4617 5 -8 -26
T 4618 19 0 3 0
E 4618 0 9 28
E 4618 1 6 19
E 4618 5 -6 -20
T 4619 23 0 4 0
E 4619 0 8 25
E 4619 1 5 15
E 4619 4 -4 -13
E 4619 5 -7 -23
T 4620 29 0 3 0
E 4620 0 6 20
E 4620 4 -6 -19
E 4620 5 -9 -28
T 4621 20 0 3 0
E 4621 0 9 29
E 4621 1 6 20
E 4621 5 -6 -19
T 4622 32 0 4 0
E 4622 0 5 16
E 4622 3 -4 -13
E 4622 4 -7 -23
E 4622 5 -10 -32
T 4623 19 0 3 0
E 4623 0 10 31
E 4623 1 7 22
E 4623 5 -5 -17
T 4624 32 0 4 0
E 4624 0 5 16
E 4624 3 -4 -13
E 4624 4 -7 -22
E 4624 5 -10 -32
T 4625 20 0 3 0
E 4625 0 10 32
E 4625 1 7 22
E 4625 5 -5 -16
T 4626 28 0 3 0
E 4626 0 6 18
E 4626 4 -6 -20
E 4626 5 -10 -30
T 4627 11 0 3 0
E 4627 0 12 36
E 4627 1 8 26
E 4627 2 5 17
T 4628 33 0 4 0
E 4628 0 4 14
E 4628 3 -4 -14
E 4628 4 -8 -24
E 4628 5 -11 -34
T 4629 11 0 3 0
E 4629 0 12 36
E 4629 1 8 26
E 4629 2 5 17
T 4630 33 0 4 0
E 4630 0 5 15
E 4630 3 -4 -14
E 4630 4 -8 -24
E 4630 5 -11 -33
T 4631 20 0 3 0
E 4631 0 9 29
E 4631 1 6 20
E 4631 5 -6 -19
T 4632 29 0 3 0
E 4632 0 6 18
E 4632 4 -7 -21
E 4632 5 -10 -30
T 4633 19 0 3 0
E 4633 0 9 27
E 4633 1 6 18
E 4633 5 -7 -21
T 4634 32 0 4 0
E 4634 0 5 16
E 4634 3 -4 -13
E 4634 4 -7 -22
E 4634 5 -10 -32
T 4635 20 0 3 0
E 4635 0 10 32
E 4635 1 7 22
E 4635 5 -5 -16
T 4636 32 0 4 0
E 4636 0 5 16
E 4636 3 -4 -13
E 4636 4 -7 -22
E 4636 5 -10 -32
T 4637 16 0 4 0
E 4637 0 10 32
E 4637 1 7 22
E 4637 2 4 13
E 4637 5 -5 -16
T 4638 28 0 3 0
E 4638 0 6 18
E 4638 4 -6 -20
E 4638 5 -10 -30
T 4639 20 0 3 0
E 4639 0 9 27
E 4639 1 5 17
E 4639 5 -7 -21
T 4640 28 0 3 0
E 4640 0 6 19
E 4640 4 -6 -20
E 4640 5 -9 -29
T 4641 19 0 3 0
E 4641 0 9 27
E 4641 1 6 18
E 4641 5 -7 -21
T 4642 29 0 3 0
E 4642 0 6 18
E 4642 4 -7 -21
E 4642 5 -10 -30
T 4643 15 0 4 0
E 4643 0 11 35
E 4643 1 8 26
E 4643 2 5 16
E 4643 5 -4 -13
T 4644 32 0 4 0
E 4644 0 5 16
E 4644 3 -4 -13
E 4644 4 -7 -22
E 4644 5 -10 -32
T 4645 20 0 3 0
E 4645 0 10 32
E 4645 1 7 22
E 4645 5 -5 -16
T 4646 32 0 4 0
E 4646 0 5 16
E 4646 3 -4 -13
E 4646 4 -7 -22
E 4646 5 -10 -32
T 4647 16 0 4 0
E 4647 0 11 33
E 4647 1 7 23
E 4647 2 4 14
E 4647 5 -5 -15
T 4648 33 0 4 0
E 4648 0 4 14
E 4648 3 -4 -14
E 4648 4 -8 -24
E 4648 5 -11 -34
T 4649 15 0 4 0
E 4649 0 11 35
E 4649 1 8 25
E 4649 2 5 16
E 4649 5 -4 -13
T 4650 28 0 3 0
E 4650 0 6 19
E 4650 4 -6 -20
E 4650 5 -9 -29
T 4651 19 0 3 0
E 4651 0 10 31
E 4651 1 7 22
E 4651 5 -5 -17
T 4652 28 0 3 0
E 4652 0 7 22
E 4652 4 -5 -17
E 4652 5 -8 -26
T 4653 19 0 3 0
E 4653 0 9 27
E 4653 1 6 18
E 4653 5 -7 -21
T 4654 20 0 3 0
E 4654 0 8 26
E 4654 1 5 16
E 4654 5 -7 -22
T 4655 25 0 4 0
E 4655 0 8 24
E 4655 1 4 14
E 4655 4 -5 -15
E 4655 5 -8 -24
T 4656 24 0 4 0
E 4656 0 7 22
E 4656 1 4 13
E 4656 4 -5 -16
E 4656 5 -8 -26
T 4657 18 0 3 0
E 4657 0 8 26
E 4657 1 6 19
E 4657 5 -6 -19
T 4658 16 0 3 0
E 4658 0 7 21
E 4658 1 5 17
E 4658 5 -7 -22
T 4659 26 0 2 0
E 4659 4 -6 -20
E 4659 5 -10 -30
T 4660 12 0 3 0
E 4660 0 6 20
E 4660 1 7 21
E 4660 5 -5 -17
T 4661 18 0 3 0
E 4661 1 4 13
E 4661 4 -5 -16
E 4661 5 -8 -26
T 4662 1 0 3 0
E 4662 0 7 21
E 4662 1 9 27
E 4662 2 6 18
T 4663 19 0 3 0
E 4663 3 -5 -15
E 4663 4 -8 -25
E 4663 5 -11 -35
T 4664 2 0 3 0
E 4664 0 5 16
E 4664 1 7 22
E 4664 2 6 18
T 4665 13 0 3 0
E 4665 3 -4 -13
E 4665 4 -7 -23
E 4665 5 -10 -32
T 4666 7 0 4 0
E 4666 0 5 16
E 4666 1 7 22
E 4666 2 7 23
E 4666 3 4 13
T 4667 5 0 2 0
E 4667 4 -7 -22
E 4667 5 -10 -31
T 4668 2 0 2 0
E 4668 2 5 15
E 4668 5 -4 -14
T 4669 1 0 1 0
E 4669 5 -6 -19
T 4670 1 0 1 0
E 4670 5 -5 -17
T 4671 2 0 0 0
T 4672 7 0 2 0
E 4672 2 5 15
E 4672 3 5 16
T 4673 4 0 0 0
T 4674 6 0 0 0
T 4675 7 0 1 0
E 4675 3 5 16
T 4676 9 0 1 0
E 4676 3 4 13
T 4677 7 0 0 0
T 4678 13 0 2 0
E 4678 3 5 15
E 4678 4 5 16
T 4679 9 0 1 0
E 4679 0 -4 -13
T 4680 14 0 1 0
E 4680 4 5 15
T 4681 12 0 1 0
E 4681 0 -6 -18
T 4682 12 0 1 0
E 4682 0 -6 -18
T 4683 11 0 1 0
E 4683 0 -5 -16
T 4684 18 0 2 0
E 4684 4 5 17
E 4684 5 6 18
T 4685 12 0 1 0
E 4685 0 -6 -18
T 4686 9 0 2 0
E 4686 0 -6 -19
E 4686 1 -4 -13
T 4687 23 0 3 0
E 4687 3 4 13
E 4687 4 6 19
E 4687 5 8 25
T 4688 7 0 3 0
E 4688 0 -8 -25
E 4688 1 -6 -19
E 4688 2 -4 -13
T 4689 21 0 2 0
E 4689 4 4 13
E 4689 5 6 19
T 4690 10 0 2 0
E 4690 0 -8 -24
E 4690 1 -6 -18
T 4691 21 0 2 0
E 4691 4 4 13
E 4691 5 6 19
T 4692 16 0 2 0
E 4692 0 -5 -17
E 4692 5 4 13
T 4693 15 0 2 0
E 4693 0 -5 -16
E 4693 5 4 14
T 4694 12 0 1 0
E 4694 0 -6 -18
T 4695 21 0 2 0
E 4695 4 5 15
E 4695 5 7 21
T 4696 9 0 2 0
E 4696 0 -6 -19
E 4696 1 -4 -13
T 4697 23 0 3 0
E 4697 3 4 13
E 4697 4 6 19
E 4697 5 8 25
T 4698 9 0 2 0
E 4698 0 -6 -19
E 4698 1 -4 -13
T 4699 23 0 3 0
E 4699 3 4 13
E 4699 4 6 19
E 4699 5 8 25
T 4700 10 0 2 0
E 4700 0 -8 -24
E 4700 1 -6 -18
T 4701 14 0 2 0
E 4701 0 -4 -13
E 4701 5 5 17
T 4702 9 0 2 0
E 4702 0 -7 -21
E 4702 1 -5 -15
T 4703 15 0 2 0
E 4703 0 -4 -14
E 4703 5 5 16
T 4704 18 0 1 0
E 4704 5 6 18
T 4705 10 0 2 0
E 4705 0 -8 -24
E 4705 1 -6 -18
T 4706 16 1 2 0
E 4706 0 -5 -16
E 4706 5 5 15
T 4707 15 0 2 0
E 4707 0 -4 -13
E 4707 5 6 18
T 4708 15 1 2 0
E 4708 0 -5 -15
E 4708 5 5 17
T 4709 14 0 1 0
E 4709 0 -7 -21
T 4710 24 0 2 0
E 4710 4 5 15
E 4710 5 7 21
T 4711 13 0 2 0
E 4711 0 -9 -28
E 4711 1 -6 -18
T 4712 18 0 2 0
E 4712 0 -6 -19
E 4712 5 5 15
T 4713 13 0 2 0
E 4713 0 -8 -26
E 4713 1 -5 -16
T 4714 18 0 2 0
E 4714 0 -6 -19
E 4714 5 5 17
T 4715 19 0 2 0
E 4715 0 -7 -21
E 4715 5 5 15
T 4716 12 0 2 0
E 4716 0 -8 -25
E 4716 1 -5 -15
T 4717 22 0 3 0
E 4717 0 -5 -15
E 4717 4 5 16
E 4717 5 7 22
T 4718 17 0 3 0
E 4718 0 -7 -23
E 4718 1 -4 -13
E 4718 5 5 15
T 4719 28 0 4 0
E 4719 0 -4 -14
E 4719 3 4 13
E 4719 4 6 19
E 4719 5 8 25
T 4720 13 0 2 0
E 4720 0 -10 -30
E 4720 1 -7 -21
T 4721 24 0 3 0
E 4721 0 -5 -17
E 4721 4 5 17
E 4721 5 7 23
T 4722 14 0 2 0
E 4722 0 -9 -29
E 4722 1 -6 -20
T 4723 35 0 3 0
E 4723 3 6 18
E 4723 4 8 24
E 4723 5 10 30
T 4724 11 0 3 0
E 4724 0 -13 -39
E 4724 1 -9 -29
E 4724 2 -6 -19
T 4725 26 0 3 0
E 4725 0 -6 -18
E 4725 4 6 18
E 4725 5 8 24
T 4726 10 0 3 0
E 4726 0 -11 -34
E 4726 1 -8 -24
E 4726 2 -5 -15
T 4727 36 0 3 0
E 4727 3 6 18
E 4727 4 9 27
E 4727 5 11 33
T 4728 11 0 3 0
E 4728 0 -11 -35
E 4728 1 -8 -25
E 4728 2 -5 -16
T 4729 28 0 3 0
E 4729 0 -5 -17
E 4729 4 7 22
E 4729 5 9 28
T 4730 10 0 3 0
E 4730 0 -11 -33
E 4730 1 -8 -24
E 4730 2 -4 -14
T 4731 28 0 3 0
E 4731 0 -5 -17
E 4731 4 7 22
E 4731 5 9 29
T 4732 19 0 3 0
E 4732 0 -9 -29
E 4732 1 -6 -20
E 4732 5 5 17
T 4733 29 0 3 0
E 4733 0 -5 -17
E 4733 4 7 21
E 4733 5 10 30
T 4734 20 0 3 0
E 4734 0 -10 -32
E 4734 1 -7 -22
E 4734 5 5 16
T 4735 28 0 3 0
E 4735 0 -7 -21
E 4735 4 5 17
E 4735 5 9 27
T 4736 20 0 3 0
E 4736 0 -9 -27
E 4736 1 -5 -17
E 4736 5 7 21
T 4737 24 0 4 0
E 4737 0 -7 -22
E 4737 1 -4 -13
E 4737 4 5 16
E 4737 5 8 26
T 4738 20 0 3 0
E 4738 0 -9 -27
E 4738 1 -5 -17
E 4738 5 7 21
T 4739 25 0 4 0
E 4739 0 -7 -23
E 4739 1 -4 -13
E 4739 4 5 16
E 4739 5 8 25
T 4740 16 0 4 0
E 4740 0 -10 -32
E 4740 1 -7 -23
E 4740 2 -4 -13
E 4740 5 5 16
T 4741 29 0 3 0
E 4741 0 -6 -20
E 4741 4 6 19
E 4741 5 9 28
T 4742 15 0 4 0
E 4742 0 -11 -35
E 4742 1 -8 -26
E 4742 2 -5 -16
E 4742 5 4 13
T 4743 38 0 3 0
E 4743 3 6 18
E 4743 4 9 27
E 4743 5 12 37
T 4744 15 0 4 0
E 4744 0 -11 -34
E 4744 1 -8 -24
E 4744 2 -4 -14
E 4744 5 4 14
T 4745 28 0 3 0
E 4745 0 -6 -19
E 4745 4 6 19
E 4745 5 9 29
T 4746 23 0 4 0
E 4746 0 -8 -25
E 4746 1 -5 -15
E 4746 4 4 14
E 4746 5 7 23
T 4747 23 0 4 0
E 4747 0 -8 -25
E 4747 1 -5 -16
E 4747 4 4 13
E 4747 5 7 23
T 4748 25 0 4 0
E 4748 0 -7 -23
E 4748 1 -4 -13
E 4748 4 5 15
E 4748 5 8 25
T 4749 19 0 3 0
E 4749 0 -10 -31
E 4749 1 -7 -21
E 4749 5 5 17
T 4750 32 0 4 0
E 4750 0 -5 -15
E 4750 3 4 14
E 4750 4 7 23
E 4750 5 11 33
T 4751 11 0 3 0
E 4751 0 -13 -39
E 4751 1 -9 -29
E 4751 2 -6 -20
T 4752 37 0 3 0
E 4752 3 5 17
E 4752 4 9 27
E 4752 5 12 37
T 4753 10 0 3 0
E 4753 0 -13 -40
E 4753 1 -10 -30
E 4753 2 -7 -21
T 4754 38 0 3 0
E 4754 3 6 20
E 4754 4 10 30
E 4754 5 13 39
T 4755 6 0 4 0
E 4755 0 -14 -44
E 4755 1 -11 -35
E 4755 2 -8 -25
E 4755 3 -5 -15
T 4756 42 0 4 0
E 4756 2 5 15
E 4756 3 8 25
E 4756 4 11 35
E 4756 5 14 44
T 4757 4 0 4 0
E 4757 0 -16 -48
E 4757 1 -13 -39
E 4757 2 -9 -29
E 4757 3 -6 -20
T 4758 43 0 4 0
E 4758 2 6 18
E 4758 3 9 28
E 4758 4 12 37
E 4758 5 15 47
T 4759 11 0 3 0
E 4759 0 -13 -40
E 4759 1 -10 -30
E 4759 2 -6 -20
T 4760 37 0 3 0
E 4760 3 5 17
E 4760 4 8 26
E 4760 5 12 36
T 4761 14 0 4 0
E 4761 0 -11 -34
E 4761 1 -8 -24
E 4761 2 -5 -15
E 4761 5 4 14
T 4762 33 0 4 0
E 4762 0 -4 -13
E 4762 3 5 15
E 4762 4 8 25
E 4762 5 11 35
T 4763 10 0 3 0
E 4763 0 -13 -40
E 4763 1 -10 -30
E 4763 2 -7 -21
T 4764 33 0 4 0
E 4764 0 -5 -15
E 4764 3 4 14
E 4764 4 8 24
E 4764 5 11 33
T 4765 19 0 3 0
E 4765 0 -9 -28
E 4765 1 -6 -19
E 4765 5 6 20
T 4766 28 0 3 0
E 4766 0 -6 -19
E 4766 4 6 20
E 4766 5 9 29
T 4767 19 0 3 0
E 4767 0 -10 -31
E 4767 1 -7 -22
E 4767 5 5 17
T 4768 24 1 4 0
E 4768 0 -8 -24
E 4768 1 -4 -14
E 4768 4 4 14
E 4768 5 8 24
T 4769 29 0 3 0
E 4769 0 -6 -20
E 4769 4 6 19
E 4769 5 9 28
T 4770 19 0 3 0
E 4770 0 -9 -27
E 4770 1 -6 -18
E 4770 5 7 21
T 4771 25 0 4 0
E 4771 0 -8 -24
E 4771 1 -4 -14
E 4771 4 5 15
E 4771 5 8 24
T 4772 19 0 3 0
E 4772 0 -10 -31
E 4772 1 -7 -22
E 4772 5 5 17
T 4773 25 0 4 0
E 4773 0 -7 -23
E 4773 1 -4 -13
E 4773 4 5 15
E 4773 5 8 25
T 4774 19 0 3 0
E 4774 0 -10 -31
E 4774 1 -7 -21
E 4774 5 5 17
T 4775 25 0 4 0
E 4775 0 -7 -23
E 4775 1 -4 -14
E 4775 4 5 15
E 4775 5 8 25
T 4776 19 0 3 0
E 4776 0 -10 -31
E 4776 1 -7 -21
E 4776 5 5 17
T 4777 20 0 3 0
E 4777 0 -8 -26
E 4777 1 -5 -17
E 4777 5 7 22
T 4778 28 0 3 0
E 4778 0 -6 -19
E 4778 4 6 19
E 4778 5 9 29
T 4779 20 0 3 0
E 4779 0 -9 -27
E 4779 1 -5 -17
E 4779 5 7 21
T 4780 29 0 3 0
E 4780 0 -5 -17
E 4780 4 7 21
E 4780 5 10 31
T 4781 11 0 3 0
E 4781 0 -12 -36
E 4781 1 -8 -26
E 4781 2 -5 -17
T 4782 28 0 3 0
E 4782 0 -6 -18
E 4782 4 6 20
E 4782 5 10 30
T 4783 24 1 4 0
E 4783 0 -8 -24
E 4783 1 -4 -14
E 4783 4 4 14
E 4783 5 8 24
T 4784 20 0 3 0
E 4784 0 -9 -27
E 4784 1 -5 -17
E 4784 5 7 21
T 4785 29 0 3 0
E 4785 0 -5 -17
E 4785 4 7 21
E 4785 5 10 31
T 4786 11 0 3 0
E 4786 0 -12 -36
E 4786 1 -8 -26
E 4786 2 -5 -17
T 4787 37 0 3 0
E 4787 3 5 16
E 4787 4 8 26
E 4787 5 12 36
T 4788 11 0 3 0
E 4788 0 -12 -38
E 4788 1 -9 -28
E 4788 2 -6 -19
T 4789 38 0 3 0
E 4789 3 6 18
E 4789 4 9 28
E 4789 5 12 37
T 4790 15 0 4 0
E 4790 0 -11 -35
E 4790 1 -8 -26
E 4790 2 -5 -16
E 4790 5 4 13
T 4791 29 0 3 0
E 4791 0 -6 -20
E 4791 4 6 19
E 4791 5 9 28
T 4792 19 0 3 0
E 4792 0 -9 -28
E 4792 1 -6 -19
E 4792 5 6 20
T 4793 28 0 3 0
E 4793 0 -6 -18
E 4793 4 6 20
E 4793 5 10 30
T 4794 25 0 4 0
E 4794 0 -8 -24
E 4794 1 -4 -14
E 4794 4 5 15
E 4794 5 8 24
T 4795 20 0 3 0
E 4795 0 -9 -29
E 4795 1 -6 -20
E 4795 5 6 19
T 4796 29 0 3 0
E 4796 0 -5 -17
E 4796 4 7 22
E 4796 5 10 31
T 4797 23 0 4 0
E 4797 0 -8 -24
E 4797 1 -5 -15
E 4797 4 4 14
E 4797 5 8 24
T 4798 19 0 3 0
E 4798 0 -10 -31
E 4798 1 -7 -21
E 4798 5 5 17
T 4799 29 0 3 0
E 4799 0 -6 -20
E 4799 4 6 19
E 4799 5 9 28
F 14950 362746 66 4656 207 0 0 0
