T 0 5 0 0 0
T 1 0 0 0 0
T 2 3 0 0 0
T 3 2 0 0 0
T 4 5 0 0 0
T 5 11 0 0 0
T 6 9 0 0 0
T 7 7 0 0 0
T 8 10 0 0 0
T 9 11 0 1 0
E 9 0 5 16
T 10 10 0 0 0
T 11 10 0 1 0
E 11 0 5 15
T 12 10 0 1 0
E 12 0 5 15
T 13 10 0 1 0
E 13 0 5 15
T 14 13 0 4 0
E 14 3 -1 -13
E 14 4 -1 -13
E 14 5 -1 -13
E 14 6 -1 -13
T 15 12 0 0 0
T 16 12 0 4 0
E 16 3 -1 -16
E 16 4 -1 -17
E 16 5 -1 -17
E 16 6 -1 -17
T 17 12 0 1 0
E 17 0 5 17
T 18 17 0 4 0
E 18 3 -1 -14
E 18 4 -2 -18
E 18 5 -2 -18
E 18 6 -2 -18
T 19 18 0 2 0
E 19 0 3 23
E 19 1 2 15
T 20 18 0 2 0
E 20 0 4 24
E 20 1 2 16
T 21 18 0 4 0
E 21 0 1 16
E 21 4 -1 -16
E 21 5 -1 -17
E 21 6 -1 -17
T 22 18 0 2 0
E 22 0 4 24
E 22 1 2 16
T 23 19 0 4 0
E 23 0 1 14
E 23 4 -2 -18
E 23 5 -2 -22
E 23 6 -2 -22
T 24 21 0 4 0
E 24 0 2 22
E 24 1 1 14
E 24 5 -1 -16
E 24 6 -1 -16
T 25 23 0 4 0
E 25 0 2 22
E 25 1 1 14
E 25 5 -2 -18
E 25 6 -2 -18
T 26 24 0 3 0
E 26 0 3 30
E 26 1 2 22
E 26 2 1 14
T 27 22 0 4 0
E 27 0 2 21
E 27 1 1 13
E 27 5 -2 -19
E 27 6 -2 -22
T 28 22 0 4 0
E 28 0 2 19
E 28 4 -1 -13
E 28 5 -2 -21
E 28 6 -2 -25
T 29 22 0 4 0
E 29 0 2 21
E 29 1 1 13
E 29 5 -2 -19
E 29 6 -2 -25
T 30 24 1 4 0
E 30 0 2 24
E 30 1 1 16
E 30 5 -1 -16
E 30 6 -2 -24
T 31 24 1 4 0
E 31 0 2 24
E 31 1 1 16
E 31 5 -1 -16
E 31 6 -2 -24
T 32 25 0 4 0
E 32 0 3 27
E 32 1 2 19
E 32 5 -1 -13
E 32 6 -2 -21
T 33 26 0 4 0
E 33 0 3 30
E 33 1 2 22
E 33 2 1 14
E 33 6 -2 -18
T 34 28 0 4 0
E 34 0 3 33
E 34 1 2 25
E 34 2 1 17
E 34 6 -1 -15
T 35 28 0 4 0
E 35 0 3 35
E 35 1 3 27
E 35 2 2 19
E 35 6 -1 -13
T 36 26 0 4 0
E 36 0 3 30
E 36 1 2 22
E 36 2 1 14
E 36 6 -2 -18
T 37 24 1 4 0
E 37 0 2 24
E 37 1 1 16
E 37 5 -1 -16
E 37 6 -2 -24
T 38 25 0 4 0
E 38 0 3 29
E 38 1 2 21
E 38 2 1 13
E 38 6 -2 -19
T 39 23 1 4 0
E 39 0 2 23
E 39 1 1 15
E 39 5 -1 -17
E 39 6 -2 -25
T 40 23 0 4 0
E 40 0 2 22
E 40 1 1 14
E 40 5 -2 -18
E 40 6 -2 -26
T 41 23 0 4 0
E 41 0 2 21
E 41 1 1 13
E 41 5 -2 -19
E 41 6 -3 -27
T 42 23 1 4 0
E 42 0 2 23
E 42 1 1 15
E 42 5 -1 -17
E 42 6 -2 -25
T 43 23 0 4 0
E 43 0 2 21
E 43 1 1 13
E 43 5 -2 -19
E 43 6 -3 -27
T 44 26 0 4 0
E 44 0 3 31
E 44 1 2 23
E 44 2 1 15
E 44 6 -1 -17
T 45 25 0 4 0
E 45 0 3 27
E 45 1 2 19
E 45 5 -1 -13
E 45 6 -2 -21
T 46 26 0 4 0
E 46 0 3 30
E 46 1 2 22
E 46 2 1 14
E 46 6 -2 -18
T 47 25 0 3 0
E 47 0 3 28
E 47 1 2 20
E 47 6 -2 -20
T 48 25 1 4 0
E 48 0 2 25
E 48 1 1 17
E 48 5 -1 -15
E 48 6 -2 -23
T 49 23 1 4 0
E 49 0 2 23
E 49 1 1 15
E 49 5 -1 -17
E 49 6 -2 -25
T 50 26 0 4 0
E 50 0 3 30
E 50 1 2 22
E 50 2 1 14
E 50 6 -2 -18
T 51 25 1 4 0
E 51 0 2 25
E 51 1 1 17
E 51 5 -1 -15
E 51 6 -2 -23
T 52 25 0 4 0
E 52 0 3 27
E 52 1 2 19
E 52 5 -1 -13
E 52 6 -2 -21
T 53 26 0 4 0
E 53 0 3 30
E 53 1 2 22
E 53 2 1 14
E 53 6 -2 -18
T 54 25 0 4 0
E 54 0 2 26
E 54 1 2 18
E 54 5 -1 -14
E 54 6 -2 -22
T 55 25 0 4 0
E 55 0 3 27
E 55 1 2 19
E 55 5 -1 -13
E 55 6 -2 -21
T 56 27 0 4 0
E 56 0 3 32
E 56 1 2 24
E 56 2 1 16
E 56 6 -1 -16
T 57 25 1 4 0
E 57 0 2 25
E 57 1 1 17
E 57 5 -1 -15
E 57 6 -2 -23
T 58 24 1 4 0
E 58 0 2 24
E 58 1 1 16
E 58 5 -1 -16
E 58 6 -2 -24
T 59 23 0 4 0
E 59 0 2 21
E 59 1 1 13
E 59 5 -2 -19
E 59 6 -3 -27
T 60 25 1 4 0
E 60 0 2 25
E 60 1 1 17
E 60 5 -1 -15
E 60 6 -2 -23
T 61 26 0 4 0
E 61 0 3 31
E 61 1 2 23
E 61 2 1 15
E 61 6 -1 -17
T 62 28 0 4 0
E 62 0 3 34
E 62 1 2 26
E 62 2 2 18
E 62 6 -1 -14
T 63 26 0 4 0
E 63 0 3 30
E 63 1 2 22
E 63 2 1 14
E 63 6 -2 -18
T 64 23 1 4 0
E 64 0 2 23
E 64 1 1 15
E 64 5 -1 -17
E 64 6 -2 -25
T 65 25 0 3 0
E 65 0 3 28
E 65 1 2 20
E 65 6 -2 -20
T 66 26 0 4 0
E 66 0 3 30
E 66 1 2 22
E 66 2 1 14
E 66 6 -2 -18
T 67 23 1 4 0
E 67 0 2 23
E 67 1 1 15
E 67 5 -1 -17
E 67 6 -2 -25
T 68 24 1 4 0
E 68 0 2 24
E 68 1 1 16
E 68 5 -1 -16
E 68 6 -2 -24
T 69 25 0 4 0
E 69 0 3 27
E 69 1 2 19
E 69 5 -1 -13
E 69 6 -2 -21
T 70 23 0 4 0
E 70 0 2 21
E 70 1 1 13
E 70 5 -2 -19
E 70 6 -3 -27
T 71 23 0 4 0
E 71 0 2 22
E 71 1 1 14
E 71 5 -2 -18
E 71 6 -2 -26
T 72 23 1 4 0
E 72 0 2 23
E 72 1 1 15
E 72 5 -1 -17
E 72 6 -2 -25
T 73 23 1 4 0
E 73 0 2 23
E 73 1 1 15
E 73 5 -1 -17
E 73 6 -2 -25
T 74 23 0 4 0
E 74 0 2 22
E 74 1 1 14
E 74 5 -2 -18
E 74 6 -2 -26
T 75 25 0 3 0
E 75 0 3 28
E 75 1 2 20
E 75 6 -2 -20
T 76 25 1 4 0
E 76 0 2 25
E 76 1 1 17
E 76 5 -1 -15
E 76 6 -2 -23
T 77 27 0 4 0
E 77 0 3 32
E 77 1 2 24
E 77 2 1 16
E 77 6 -1 -16
T 78 28 0 4 0
E 78 0 3 34
E 78 1 2 26
E 78 2 2 18
E 78 6 -1 -14
T 79 28 0 4 0
E 79 0 3 35
E 79 1 3 27
E 79 2 2 19
E 79 6 -1 -13
T 80 25 0 3 0
E 80 0 3 28
E 80 1 2 20
E 80 6 -2 -20
T 81 25 0 4 0
E 81 0 3 27
E 81 1 2 19
E 81 5 -1 -13
E 81 6 -2 -21
T 82 25 0 4 0
E 82 0 3 29
E 82 1 2 21
E 82 2 1 13
E 82 6 -2 -19
T 83 23 0 4 0
E 83 0 2 22
E 83 1 1 14
E 83 5 -2 -18
E 83 6 -2 -26
T 84 23 1 4 0
E 84 0 2 23
E 84 1 1 15
E 84 5 -1 -17
E 84 6 -2 -25
T 85 26 0 4 0
E 85 0 3 30
E 85 1 2 22
E 85 2 1 14
E 85 6 -2 -18
T 86 28 0 4 0
E 86 0 3 33
E 86 1 2 25
E 86 2 1 17
E 86 6 -1 -15
T 87 24 1 4 0
E 87 0 2 24
E 87 1 1 16
E 87 5 -1 -16
E 87 6 -2 -24
T 88 24 1 4 0
E 88 0 2 24
E 88 1 1 16
E 88 5 -1 -16
E 88 6 -2 -24
T 89 24 1 4 0
E 89 0 2 24
E 89 1 1 16
E 89 5 -1 -16
E 89 6 -2 -24
T 90 23 0 4 0
E 90 0 2 22
E 90 1 1 14
E 90 5 -2 -18
E 90 6 -2 -26
T 91 25 0 4 0
E 91 0 3 29
E 91 1 2 21
E 91 2 1 13
E 91 6 -2 -19
T 92 26 0 4 0
E 92 0 3 31
E 92 1 2 23
E 92 2 1 15
E 92 6 -1 -17
T 93 23 1 4 0
E 93 0 2 23
E 93 1 1 15
E 93 5 -1 -17
E 93 6 -2 -25
T 94 25 1 4 0
E 94 0 2 25
E 94 1 1 17
E 94 5 -1 -15
E 94 6 -2 -23
T 95 23 1 4 0
E 95 0 2 23
E 95 1 1 15
E 95 5 -1 -17
E 95 6 -2 -25
T 96 23 1 4 0
E 96 0 2 23
E 96 1 1 15
E 96 5 -1 -17
E 96 6 -2 -25
T 97 22 1 4 0
E 97 0 2 22
E 97 1 1 17
E 97 5 -1 -15
E 97 6 -2 -23
T 98 19 0 4 0
E 98 0 1 17
E 98 1 1 14
E 98 5 -2 -18
E 98 6 -2 -26
T 99 17 0 4 0
E 99 0 1 16
E 99 1 1 16
E 99 5 -1 -16
E 99 6 -2 -24
T 100 14 0 3 0
E 100 1 1 14
E 100 5 -2 -18
E 100 6 -2 -26
T 101 15 0 4 0
E 101 0 1 17
E 101 1 2 22
E 101 2 1 14
E 101 6 -2 -18
T 102 14 0 4 0
E 102 0 1 17
E 102 1 2 22
E 102 2 1 17
E 102 6 -1 -15
T 103 12 0 4 0
E 103 0 1 16
E 103 1 2 21
E 103 2 2 18
E 103 6 -1 -14
T 104 8 1 3 0
E 104 1 1 13
E 104 2 1 13
E 104 6 -2 -19
T 105 7 0 3 0
E 105 1 1 13
E 105 2 1 16
E 105 6 -1 -16
T 106 8 0 1 0
E 106 6 -6 -20
T 107 4 1 2 0
E 107 2 2 14
E 107 6 -2 -15
T 108 4 0 3 0
E 108 1 1 13
E 108 2 2 18
E 108 3 1 15
T 109 3 0 2 0
E 109 2 2 17
E 109 3 2 17
T 110 1 0 1 0
E 110 6 -4 -14
T 111 0 0 1 0
E 111 6 -4 -13
T 112 5 0 1 0
E 112 3 4 14
T 113 6 0 1 0
E 113 3 4 13
T 114 4 0 0 0
T 115 6 0 2 0
E 115 3 2 13
E 115 4 2 16
T 116 10 0 1 0
E 116 4 4 14
T 117 9 0 0 0
T 118 10 0 1 0
E 118 4 5 15
T 119 10 0 1 0
E 119 0 -5 -15
T 120 12 0 0 0
T 121 14 0 1 0
E 121 5 5 16
T 122 10 0 1 0
E 122 0 -4 -14
T 123 9 0 3 0
E 123 4 1 15
E 123 5 2 20
E 123 6 1 17
T 124 10 0 1 0
E 124 0 -5 -15
T 125 13 0 2 0
E 125 5 2 17
E 125 6 3 20
T 126 14 1 2 0
E 126 0 -2 -14
E 126 6 2 16
T 127 14 0 2 0
E 127 5 2 16
E 127 6 3 21
T 128 16 0 2 0
E 128 5 2 14
E 128 6 3 19
T 129 18 0 3 0
E 129 0 -2 -23
E 129 1 -2 -18
E 129 2 -1 -13
T 130 14 0 2 0
E 130 0 -3 -19
E 130 1 -2 -14
T 131 17 0 2 0
E 131 5 2 13
E 131 6 3 18
T 132 17 0 2 0
E 132 5 2 13
E 132 6 3 18
T 133 13 1 2 0
E 133 0 -2 -13
E 133 6 2 17
T 134 17 1 2 0
E 134 0 -2 -17
E 134 6 2 13
T 135 16 1 2 0
E 135 0 -2 -16
E 135 6 2 14
T 136 17 0 2 0
E 136 0 -3 -22
E 136 1 -2 -17
T 137 16 0 2 0
E 137 0 -3 -21
E 137 1 -2 -16
T 138 15 0 2 0
E 138 0 -3 -20
E 138 1 -2 -15
T 139 17 1 2 0
E 139 0 -2 -17
E 139 6 2 13
T 140 15 1 2 0
E 140 0 -2 -15
E 140 6 2 15
T 141 16 0 2 0
E 141 0 -3 -21
E 141 1 -2 -16
T 142 18 0 3 0
E 142 0 -2 -23
E 142 1 -2 -18
E 142 2 -1 -13
T 143 19 0 3 0
E 143 0 -2 -24
E 143 1 -2 -19
E 143 2 -1 -14
T 144 21 0 3 0
E 144 0 -2 -26
E 144 1 -2 -21
E 144 2 -1 -16
T 145 16 1 2 0
E 145 0 -2 -16
E 145 6 2 14
T 146 15 0 3 0
E 146 0 -1 -13
E 146 5 1 13
E 146 6 2 18
T 147 16 0 2 0
E 147 5 2 15
E 147 6 3 20
T 148 15 1 2 0
E 148 0 -2 -15
E 148 6 2 17
T 149 17 0 2 0
E 149 0 -3 -18
E 149 6 2 15
T 150 18 0 2 0
E 150 0 -3 -23
E 150 1 -2 -15
T 151 16 0 3 0
E 151 0 -1 -14
E 151 5 1 15
E 151 6 2 20
T 152 17 0 3 0
E 152 0 -1 -15
E 152 5 1 14
E 152 6 2 19
T 153 18 0 3 0
E 153 0 -1 -16
E 153 5 1 14
E 153 6 2 19
T 154 19 0 2 0
E 154 0 -4 -26
E 154 1 -3 -18
T 155 18 0 2 0
E 155 0 -3 -19
E 155 6 2 17
T 156 19 0 2 0
E 156 0 -3 -20
E 156 6 2 17
T 157 19 0 2 0
E 157 0 -4 -25
E 157 1 -2 -17
T 158 19 0 3 0
E 158 0 -1 -17
E 158 5 1 16
E 158 6 2 21
T 159 19 0 3 0
E 159 0 -2 -18
E 159 5 1 16
E 159 6 2 21
T 160 20 0 3 0
E 160 0 -2 -19
E 160 5 1 15
E 160 6 2 20
T 161 21 0 3 0
E 161 0 -2 -20
E 161 5 1 15
E 161 6 2 20
T 162 21 0 3 0
E 162 0 -2 -20
E 162 5 1 15
E 162 6 2 20
T 163 22 1 4 0
E 163 0 -2 -22
E 163 1 -1 -14
E 163 5 1 14
E 163 6 2 19
T 164 24 1 4 0
E 164 0 -2 -24
E 164 1 -1 -16
E 164 5 1 13
E 164 6 2 18
T 165 21 0 3 0
E 165 0 -2 -20
E 165 5 1 17
E 165 6 2 22
T 166 22 1 4 0
E 166 0 -2 -22
E 166 1 -1 -14
E 166 5 1 16
E 166 6 2 21
T 167 25 1 4 0
E 167 0 -2 -25
E 167 1 -1 -17
E 167 5 1 13
E 167 6 2 18
T 168 23 1 4 0
E 168 0 -2 -23
E 168 1 -1 -15
E 168 5 1 16
E 168 6 2 21
T 169 25 0 4 0
E 169 0 -2 -26
E 169 1 -2 -18
E 169 5 1 14
E 169 6 2 19
T 170 25 0 4 0
E 170 0 -3 -27
E 170 1 -2 -19
E 170 5 1 13
E 170 6 2 18
T 171 23 0 4 0
E 171 0 -2 -22
E 171 1 -1 -14
E 171 5 2 18
E 171 6 2 24
T 172 25 1 4 0
E 172 0 -2 -25
E 172 1 -1 -17
E 172 5 1 15
E 172 6 2 21
T 173 25 1 4 0
E 173 0 -2 -25
E 173 1 -1 -17
E 173 5 1 15
E 173 6 2 22
T 174 23 0 4 0
E 174 0 -2 -22
E 174 1 -1 -14
E 174 5 2 18
E 174 6 2 26
T 175 23 1 4 0
E 175 0 -2 -23
E 175 1 -1 -15
E 175 5 1 17
E 175 6 2 25
T 176 25 0 4 0
E 176 0 -2 -26
E 176 1 -2 -18
E 176 5 1 14
E 176 6 2 22
T 177 27 0 4 0
E 177 0 -3 -32
E 177 1 -2 -24
E 177 2 -1 -16
E 177 6 1 16
T 178 28 0 4 0
E 178 0 -3 -33
E 178 1 -2 -25
E 178 2 -1 -17
E 178 6 1 15
T 179 27 0 4 0
E 179 0 -3 -32
E 179 1 -2 -24
E 179 2 -1 -16
E 179 6 1 16
T 180 23 1 4 0
E 180 0 -2 -23
E 180 1 -1 -15
E 180 5 1 17
E 180 6 2 25
T 181 25 0 3 0
E 181 0 -3 -28
E 181 1 -2 -20
E 181 6 2 20
T 182 25 0 4 0
E 182 0 -2 -26
E 182 1 -2 -18
E 182 5 1 14
E 182 6 2 22
T 183 27 0 4 0
E 183 0 -3 -32
E 183 1 -2 -24
E 183 2 -1 -16
E 183 6 1 16
T 184 26 0 4 0
E 184 0 -3 -30
E 184 1 -2 -22
E 184 2 -1 -14
E 184 6 2 18
T 185 25 0 3 0
E 185 0 -3 -28
E 185 1 -2 -20
E 185 6 2 20
T 186 26 0 4 0
E 186 0 -3 -30
E 186 1 -2 -22
E 186 2 -1 -14
E 186 6 2 18
T 187 25 0 4 0
E 187 0 -2 -26
E 187 1 -2 -18
E 187 5 1 14
E 187 6 2 22
T 188 25 1 4 0
E 188 0 -2 -25
E 188 1 -1 -17
E 188 5 1 15
E 188 6 2 23
T 189 26 0 4 0
E 189 0 -3 -30
E 189 1 -2 -22
E 189 2 -1 -14
E 189 6 2 18
T 190 25 0 4 0
E 190 0 -2 -26
E 190 1 -2 -18
E 190 5 1 14
E 190 6 2 22
T 191 26 0 4 0
E 191 0 -3 -31
E 191 1 -2 -23
E 191 2 -1 -15
E 191 6 1 17
T 192 24 1 4 0
E 192 0 -2 -24
E 192 1 -1 -16
E 192 5 1 16
E 192 6 2 24
T 193 24 1 4 0
E 193 0 -2 -24
E 193 1 -1 -16
E 193 5 1 16
E 193 6 2 24
T 194 23 0 4 0
E 194 0 -2 -21
E 194 1 -1 -13
E 194 5 2 19
E 194 6 3 27
T 195 25 0 3 0
E 195 0 -3 -28
E 195 1 -2 -20
E 195 6 2 20
T 196 23 0 4 0
E 196 0 -2 -21
E 196 1 -1 -13
E 196 5 2 19
E 196 6 3 27
T 197 26 0 4 0
E 197 0 -3 -30
E 197 1 -2 -22
E 197 2 -1 -14
E 197 6 2 18
T 198 28 0 4 0
E 198 0 -3 -33
E 198 1 -2 -25
E 198 2 -1 -17
E 198 6 1 15
T 199 28 0 4 0
E 199 0 -3 -33
E 199 1 -2 -25
E 199 2 -1 -17
E 199 6 1 15
T 200 27 0 4 0
E 200 0 -3 -32
E 200 1 -2 -24
E 200 2 -1 -16
E 200 6 1 16
T 201 28 0 4 0
E 201 0 -3 -34
E 201 1 -2 -26
E 201 2 -2 -18
E 201 6 1 14
T 202 26 0 4 0
E 202 0 -3 -30
E 202 1 -2 -22
E 202 2 -1 -14
E 202 6 2 18
T 203 28 0 4 0
E 203 0 -3 -34
E 203 1 -2 -26
E 203 2 -2 -18
E 203 6 1 14
T 204 25 1 4 0
E 204 0 -2 -25
E 204 1 -1 -17
E 204 5 1 15
E 204 6 2 23
T 205 23 1 4 0
E 205 0 -2 -23
E 205 1 -1 -15
E 205 5 1 17
E 205 6 2 25
T 206 23 0 4 0
E 206 0 -2 -22
E 206 1 -1 -14
E 206 5 2 18
E 206 6 2 26
T 207 23 1 4 0
E 207 0 -2 -23
E 207 1 -1 -15
E 207 5 1 17
E 207 6 2 25
T 208 25 1 4 0
E 208 0 -2 -25
E 208 1 -1 -17
E 208 5 1 15
E 208 6 2 23
T 209 28 0 4 0
E 209 0 -3 -33
E 209 1 -2 -25
E 209 2 -1 -17
E 209 6 1 15
T 210 28 0 4 0
E 210 0 -3 -35
E 210 1 -3 -27
E 210 2 -2 -19
E 210 6 1 13
T 211 27 0 3 0
E 211 0 -4 -36
E 211 1 -3 -28
E 211 2 -2 -20
T 212 26 0 4 0
E 212 0 -3 -31
E 212 1 -2 -23
E 212 2 -1 -15
E 212 6 1 17
T 213 23 1 4 0
E 213 0 -2 -23
E 213 1 -1 -15
E 213 5 1 17
E 213 6 2 25
T 214 23 0 4 0
E 214 0 -2 -21
E 214 1 -1 -13
E 214 5 2 19
E 214 6 3 27
T 215 24 1 4 0
E 215 0 -2 -24
E 215 1 -1 -16
E 215 5 1 16
E 215 6 2 24
T 216 26 0 4 0
E 216 0 -3 -31
E 216 1 -2 -23
E 216 2 -1 -15
E 216 6 1 17
T 217 23 0 4 0
E 217 0 -2 -21
E 217 1 -1 -13
E 217 5 2 19
E 217 6 3 27
T 218 23 0 3 0
E 218 0 -2 -20
E 218 5 2 20
E 218 6 3 28
T 219 25 0 4 0
E 219 0 -3 -27
E 219 1 -2 -19
E 219 5 1 13
E 219 6 2 21
T 220 23 0 4 0
E 220 0 -2 -21
E 220 1 -1 -13
E 220 5 2 19
E 220 6 3 27
T 221 23 0 4 0
E 221 0 -2 -22
E 221 1 -1 -14
E 221 5 2 18
E 221 6 2 26
T 222 23 0 4 0
E 222 0 -2 -21
E 222 1 -1 -13
E 222 5 2 19
E 222 6 3 27
T 223 23 1 4 0
E 223 0 -2 -23
E 223 1 -1 -15
E 223 5 1 17
E 223 6 2 25
T 224 25 0 4 0
E 224 0 -2 -26
E 224 1 -2 -18
E 224 5 1 14
E 224 6 2 22
T 225 25 0 4 0
E 225 0 -3 -27
E 225 1 -2 -19
E 225 5 1 13
E 225 6 2 21
T 226 25 0 3 0
E 226 0 -3 -28
E 226 1 -2 -20
E 226 6 2 20
T 227 23 0 4 0
E 227 0 -2 -21
E 227 1 -1 -13
E 227 5 2 19
E 227 6 3 27
T 228 26 0 4 0
E 228 0 -3 -31
E 228 1 -2 -23
E 228 2 -1 -15
E 228 6 1 17
T 229 27 0 4 0
E 229 0 -3 -32
E 229 1 -2 -24
E 229 2 -1 -16
E 229 6 1 16
T 230 26 0 4 0
E 230 0 -3 -31
E 230 1 -2 -23
E 230 2 -1 -15
E 230 6 1 17
T 231 23 0 4 0
E 231 0 -2 -22
E 231 1 -1 -14
E 231 5 2 18
E 231 6 2 26
T 232 25 0 4 0
E 232 0 -3 -29
E 232 1 -2 -21
E 232 2 -1 -13
E 232 6 2 19
T 233 25 0 4 0
E 233 0 -3 -29
E 233 1 -2 -21
E 233 2 -1 -13
E 233 6 2 19
T 234 23 1 4 0
E 234 0 -2 -23
E 234 1 -1 -15
E 234 5 1 17
E 234 6 2 25
T 235 23 0 4 0
E 235 0 -2 -21
E 235 1 -1 -13
E 235 5 2 19
E 235 6 3 27
T 236 26 0 4 0
E 236 0 -3 -30
E 236 1 -2 -22
E 236 2 -1 -14
E 236 6 2 18
T 237 23 1 4 0
E 237 0 -2 -23
E 237 1 -1 -15
E 237 5 1 17
E 237 6 2 25
T 238 25 1 4 0
E 238 0 -2 -25
E 238 1 -1 -17
E 238 5 1 15
E 238 6 2 23
T 239 23 0 4 0
E 239 0 -2 -22
E 239 1 -1 -14
E 239 5 2 18
E 239 6 2 26
T 240 21 0 4 0
E 240 0 3 30
E 240 4 1 14
E 240 5 2 22
E 240 6 3 30
T 241 21 0 4 0
E 241 0 2 22
E 241 1 -2 -21
E 241 2 -1 -13
E 241 6 2 19
T 242 23 0 4 0
E 242 0 3 27
E 242 1 -2 -19
E 242 5 1 13
E 242 6 2 21
T 243 26 0 4 0
E 243 0 3 28
E 243 1 -2 -21
E 243 2 -1 -13
E 243 6 2 19
T 244 29 0 4 0
E 244 0 3 30
E 244 1 -2 -23
E 244 2 -1 -15
E 244 6 1 17
T 245 26 0 4 0
E 245 0 3 30
E 245 1 2 22
E 245 2 -2 -18
E 245 6 1 14
T 246 25 0 4 0
E 246 0 3 27
E 246 1 2 19
E 246 2 -2 -24
E 246 3 -1 -16
T 247 28 0 5 0
E 247 0 2 25
E 247 1 1 17
E 247 2 -3 -29
E 247 3 -2 -21
E 247 4 -1 -13
T 248 30 1 4 0
E 248 0 3 30
E 248 1 2 22
E 248 2 -3 -27
E 248 3 -2 -19
T 249 33 0 4 0
E 249 0 3 35
E 249 1 3 27
E 249 2 -2 -26
E 249 3 -2 -18
T 250 32 0 4 0
E 250 0 4 40
E 250 1 3 32
E 250 2 2 24
E 250 3 -1 -16
T 251 30 0 5 0
E 251 0 4 36
E 251 1 3 28
E 251 2 2 20
E 251 3 -2 -23
E 251 4 -1 -15
T 252 33 1 6 0
E 252 0 3 33
E 252 1 2 25
E 252 2 1 17
E 252 3 -3 -29
E 252 4 -2 -21
E 252 5 -1 -13
T 253 33 0 6 0
E 253 0 3 34
E 253 1 2 26
E 253 2 2 18
E 253 3 -3 -31
E 253 4 -2 -23
E 253 5 -1 -15
T 254 35 0 6 0
E 254 0 3 34
E 254 1 2 26
E 254 2 2 18
E 254 3 -3 -35
E 254 4 -3 -27
E 254 5 -2 -19
T 255 34 0 6 0
E 255 0 4 41
E 255 1 3 33
E 255 2 2 25
E 255 3 1 17
E 255 4 -2 -23
E 255 5 -1 -15
T 256 34 0 6 0
E 256 0 3 33
E 256 1 2 25
E 256 2 1 17
E 256 4 -3 -34
E 256 5 -2 -26
E 256 6 -2 -18
T 257 34 0 6 0
E 257 0 4 36
E 257 1 3 28
E 257 2 2 20
E 257 4 -3 -34
E 257 5 -2 -26
E 257 6 -2 -18
T 258 36 0 6 0
E 258 0 3 34
E 258 1 2 26
E 258 2 2 18
E 258 4 -4 -39
E 258 5 -3 -31
E 258 6 -2 -23
T 259 36 0 6 0
E 259 0 3 35
E 259 1 3 27
E 259 2 2 19
E 259 4 -4 -42
E 259 5 -3 -34
E 259 6 -2 -26
T 260 35 0 6 0
E 260 0 4 40
E 260 1 3 32
E 260 2 2 24
E 260 3 1 16
E 260 5 -3 -32
E 260 6 -2 -24
T 261 36 0 6 0
E 261 0 4 40
E 261 1 3 32
E 261 2 2 24
E 261 3 1 16
E 261 5 -3 -35
E 261 6 -3 -27
T 262 36 0 6 0
E 262 0 4 44
E 262 1 4 36
E 262 2 3 28
E 262 3 2 20
E 262 5 -3 -34
E 262 6 -2 -26
T 263 37 0 6 0
E 263 0 4 40
E 263 1 3 32
E 263 2 2 24
E 263 3 1 16
E 263 5 -4 -41
E 263 6 -3 -33
T 264 38 0 6 0
E 264 0 4 43
E 264 1 3 35
E 264 2 3 27
E 264 3 2 19
E 264 5 -4 -42
E 264 6 -3 -34
T 265 32 0 4 0
E 265 0 3 35
E 265 1 3 27
E 265 2 2 19
E 265 6 -5 -45
T 266 29 0 3 0
E 266 0 3 28
E 266 1 2 20
E 266 6 -6 -55
T 267 31 1 4 0
E 267 0 3 31
E 267 1 2 23
E 267 2 1 15
E 267 6 -6 -55
T 268 33 0 4 0
E 268 0 3 35
E 268 1 3 27
E 268 2 2 19
E 268 6 -6 -54
T 269 34 0 5 0
E 269 0 4 38
E 269 1 3 30
E 269 2 2 22
E 269 3 1 14
E 269 6 -6 -55
T 270 31 0 4 0
E 270 0 4 41
E 270 1 3 33
E 270 2 2 25
E 270 3 1 17
T 271 28 0 4 0
E 271 0 3 34
E 271 1 2 26
E 271 2 2 18
E 271 6 -1 -14
T 272 28 0 4 0
E 272 0 3 34
E 272 1 2 26
E 272 2 2 18
E 272 6 -1 -14
T 273 25 1 4 0
E 273 0 2 25
E 273 1 1 17
E 273 5 -1 -15
E 273 6 -2 -23
T 274 26 0 4 0
E 274 0 3 31
E 274 1 2 23
E 274 2 1 15
E 274 6 -1 -17
T 275 28 0 4 0
E 275 0 3 33
E 275 1 2 25
E 275 2 1 17
E 275 6 -1 -15
T 276 28 0 4 0
E 276 0 3 33
E 276 1 2 25
E 276 2 1 17
E 276 6 -1 -15
T 277 28 0 4 0
E 277 0 3 34
E 277 1 2 26
E 277 2 2 18
E 277 6 -1 -14
T 278 28 0 4 0
E 278 0 3 33
E 278 1 2 25
E 278 2 1 17
E 278 6 -1 -15
T 279 26 0 4 0
E 279 0 3 30
E 279 1 2 22
E 279 2 1 14
E 279 6 -2 -18
T 280 28 0 4 0
E 280 0 3 33
E 280 1 2 25
E 280 2 1 17
E 280 6 -1 -15
T 281 25 0 4 0
E 281 0 3 27
E 281 1 2 19
E 281 5 -1 -13
E 281 6 -2 -21
T 282 23 1 4 0
E 282 0 2 23
E 282 1 1 15
E 282 5 -1 -17
E 282 6 -2 -25
T 283 23 0 4 0
E 283 0 2 21
E 283 1 1 13
E 283 5 -2 -19
E 283 6 -3 -27
T 284 26 0 4 0
E 284 0 3 30
E 284 1 2 22
E 284 2 1 14
E 284 6 -2 -18
T 285 24 1 4 0
E 285 0 2 24
E 285 1 1 16
E 285 5 -1 -16
E 285 6 -2 -24
T 286 23 1 4 0
E 286 0 2 23
E 286 1 1 15
E 286 5 -1 -17
E 286 6 -2 -25
T 287 26 0 4 0
E 287 0 3 31
E 287 1 2 23
E 287 2 1 15
E 287 6 -1 -17
T 288 26 0 4 0
E 288 0 3 30
E 288 1 2 22
E 288 2 1 14
E 288 6 -2 -18
T 289 25 0 3 0
E 289 0 3 28
E 289 1 2 20
E 289 6 -2 -20
T 290 27 0 4 0
E 290 0 3 32
E 290 1 2 24
E 290 2 1 16
E 290 6 -1 -16
T 291 27 0 4 0
E 291 0 3 32
E 291 1 2 24
E 291 2 1 16
E 291 6 -1 -16
T 292 25 0 4 0
E 292 0 3 27
E 292 1 2 19
E 292 5 -1 -13
E 292 6 -2 -21
T 293 26 0 4 0
E 293 0 3 30
E 293 1 2 22
E 293 2 1 14
E 293 6 -2 -18
T 294 26 0 4 0
E 294 0 3 30
E 294 1 2 22
E 294 2 1 14
E 294 6 -2 -18
T 295 25 0 4 0
E 295 0 3 27
E 295 1 2 19
E 295 5 -1 -13
E 295 6 -2 -21
T 296 25 0 4 0
E 296 0 2 26
E 296 1 2 18
E 296 5 -1 -14
E 296 6 -2 -22
T 297 26 0 4 0
E 297 0 3 31
E 297 1 2 23
E 297 2 1 15
E 297 6 -1 -17
T 298 23 1 4 0
E 298 0 2 23
E 298 1 1 15
E 298 5 -1 -17
E 298 6 -2 -25
T 299 23 0 4 0
E 299 0 2 21
E 299 1 1 13
E 299 5 -2 -19
E 299 6 -3 -27
T 300 24 1 4 0
E 300 0 2 24
E 300 1 1 16
E 300 5 -1 -16
E 300 6 -2 -24
T 301 26 0 4 0
E 301 0 3 30
E 301 1 2 22
E 301 2 1 14
E 301 6 -2 -18
T 302 25 0 4 0
E 302 0 3 29
E 302 1 2 21
E 302 2 1 13
E 302 6 -2 -19
T 303 27 0 4 0
E 303 0 3 32
E 303 1 2 24
E 303 2 1 16
E 303 6 -1 -16
T 304 25 0 4 0
E 304 0 2 26
E 304 1 2 18
E 304 5 -1 -14
E 304 6 -2 -22
T 305 27 0 4 0
E 305 0 3 32
E 305 1 2 24
E 305 2 1 16
E 305 6 -1 -16
T 306 23 0 4 0
E 306 0 2 22
E 306 1 1 14
E 306 5 -2 -18
E 306 6 -2 -26
T 307 25 0 4 0
E 307 0 3 27
E 307 1 2 19
E 307 5 -1 -13
E 307 6 -2 -21
T 308 23 0 3 0
E 308 0 2 20
E 308 5 -2 -20
E 308 6 -3 -28
T 309 23 0 3 0
E 309 0 2 20
E 309 5 -2 -20
E 309 6 -3 -28
T 310 26 0 4 0
E 310 0 3 31
E 310 1 2 23
E 310 2 1 15
E 310 6 -1 -17
T 311 23 1 4 0
E 311 0 2 23
E 311 1 1 15
E 311 5 -1 -17
E 311 6 -2 -25
T 312 23 0 4 0
E 312 0 2 22
E 312 1 1 14
E 312 5 -2 -18
E 312 6 -2 -26
T 313 25 0 3 0
E 313 0 3 28
E 313 1 2 20
E 313 6 -2 -20
T 314 23 0 4 0
E 314 0 2 21
E 314 1 1 13
E 314 5 -2 -19
E 314 6 -3 -27
T 315 26 0 4 0
E 315 0 3 31
E 315 1 2 23
E 315 2 1 15
E 315 6 -1 -17
T 316 26 0 4 0
E 316 0 3 30
E 316 1 2 22
E 316 2 1 14
E 316 6 -2 -18
T 317 23 0 4 0
E 317 0 2 22
E 317 1 1 14
E 317 5 -2 -18
E 317 6 -2 -26
T 318 25 1 4 0
E 318 0 2 25
E 318 1 1 17
E 318 5 -1 -15
E 318 6 -2 -23
T 319 26 0 4 0
E 319 0 3 31
E 319 1 2 23
E 319 2 1 15
E 319 6 -1 -17
T 320 25 1 4 0
E 320 0 2 25
E 320 1 1 17
E 320 5 -1 -15
E 320 6 -2 -23
T 321 25 0 4 0
E 321 0 3 27
E 321 1 2 19
E 321 5 -1 -13
E 321 6 -2 -21
T 322 28 0 4 0
E 322 0 3 33
E 322 1 2 25
E 322 2 1 17
E 322 6 -1 -15
T 323 28 0 4 0
E 323 0 3 35
E 323 1 3 27
E 323 2 2 19
E 323 6 -1 -13
T 324 26 0 4 0
E 324 0 3 31
E 324 1 2 23
E 324 2 1 15
E 324 6 -1 -17
T 325 24 1 4 0
E 325 0 2 24
E 325 1 1 16
E 325 5 -1 -16
E 325 6 -2 -24
T 326 25 0 4 0
E 326 0 2 26
E 326 1 2 18
E 326 5 -1 -14
E 326 6 -2 -22
T 327 25 0 4 0
E 327 0 3 27
E 327 1 2 19
E 327 5 -1 -13
E 327 6 -2 -21
T 328 23 0 4 0
E 328 0 2 22
E 328 1 1 14
E 328 5 -2 -18
E 328 6 -2 -26
T 329 25 1 4 0
E 329 0 2 25
E 329 1 1 17
E 329 5 -1 -15
E 329 6 -2 -23
T 330 25 1 4 0
E 330 0 2 25
E 330 1 1 17
E 330 5 -1 -15
E 330 6 -2 -23
T 331 26 0 4 0
E 331 0 3 30
E 331 1 2 22
E 331 2 1 14
E 331 6 -2 -18
T 332 25 0 4 0
E 332 0 2 26
E 332 1 2 18
E 332 5 -1 -14
E 332 6 -2 -22
T 333 23 0 4 0
E 333 0 2 22
E 333 1 1 14
E 333 5 -2 -18
E 333 6 -2 -26
T 334 25 0 3 0
E 334 0 3 28
E 334 1 2 20
E 334 6 -2 -20
T 335 23 0 4 0
E 335 0 2 22
E 335 1 1 14
E 335 5 -2 -18
E 335 6 -2 -26
T 336 25 1 4 0
E 336 0 2 25
E 336 1 1 17
E 336 5 -1 -15
E 336 6 -2 -23
T 337 23 0 3 0
E 337 0 2 25
E 337 1 2 20
E 337 6 -2 -20
T 338 19 1 4 0
E 338 0 2 19
E 338 1 1 16
E 338 5 -1 -16
E 338 6 -2 -24
T 339 16 0 4 0
E 339 0 1 13
E 339 1 1 13
E 339 5 -2 -19
E 339 6 -3 -27
T 340 16 0 4 0
E 340 0 2 19
E 340 1 2 22
E 340 2 1 14
E 340 6 -2 -18
T 341 13 0 3 0
E 341 1 1 16
E 341 5 -1 -16
E 341 6 -2 -24
T 342 13 0 4 0
E 342 0 1 16
E 342 1 2 21
E 342 2 1 16
E 342 6 -1 -16
T 343 10 0 4 0
E 343 0 1 13
E 343 1 2 18
E 343 2 1 15
E 343 6 -1 -17
T 344 9 0 4 0
E 344 0 1 13
E 344 1 2 18
E 344 2 2 18
E 344 6 -1 -14
T 345 8 0 2 0
E 345 5 -2 -13
E 345 6 -3 -21
T 346 7 0 3 0
E 346 1 1 14
E 346 2 2 19
E 346 6 -1 -13
T 347 4 0 3 0
E 347 1 1 13
E 347 2 2 18
E 347 3 1 13
T 348 5 0 3 0
E 348 1 1 14
E 348 2 2 19
E 348 3 1 16
T 349 3 0 2 0
E 349 2 2 17
E 349 3 2 17
T 350 1 0 0 0
T 351 1 0 1 0
E 351 6 -4 -14
T 352 4 0 1 0
E 352 6 -4 -14
T 353 6 0 1 0
E 353 6 -5 -15
T 354 4 0 0 0
T 355 7 0 0 0
T 356 9 0 0 0
T 357 8 0 0 0
T 358 11 0 1 0
E 358 4 4 13
T 359 8 0 0 0
T 360 10 0 1 0
E 360 0 -5 -15
T 361 15 0 1 0
E 361 5 4 14
T 362 15 0 2 0
E 362 0 -3 -20
E 362 1 -2 -15
T 363 17 0 2 0
E 363 0 -3 -22
E 363 1 -2 -17
T 364 9 0 1 0
E 364 0 -4 -13
T 365 14 0 2 0
E 365 5 2 16
E 365 6 3 19
T 366 15 1 2 0
E 366 0 -2 -15
E 366 6 2 15
T 367 17 0 2 0
E 367 0 -3 -22
E 367 1 -2 -17
T 368 14 1 2 0
E 368 0 -2 -14
E 368 6 2 16
T 369 16 0 2 0
E 369 5 2 14
E 369 6 3 19
T 370 17 0 2 0
E 370 0 -3 -22
E 370 1 -2 -17
T 371 16 1 2 0
E 371 0 -2 -16
E 371 6 2 14
T 372 17 0 2 0
E 372 0 -3 -22
E 372 1 -2 -17
T 373 16 1 2 0
E 373 0 -2 -16
E 373 6 2 14
T 374 18 0 3 0
E 374 0 -2 -23
E 374 1 -2 -18
E 374 2 -1 -13
T 375 16 1 2 0
E 375 0 -2 -16
E 375 6 2 14
T 376 17 0 2 0
E 376 0 -3 -22
E 376 1 -2 -17
T 377 15 0 2 0
E 377 0 -3 -20
E 377 1 -2 -15
T 378 16 0 2 0
E 378 5 2 14
E 378 6 3 19
T 379 14 0 2 0
E 379 0 -3 -19
E 379 1 -2 -14
T 380 16 0 2 0
E 380 0 -3 -21
E 380 1 -2 -16
T 381 17 0 2 0
E 381 5 2 13
E 381 6 3 18
T 382 17 0 2 0
E 382 5 2 13
E 382 6 3 18
T 383 15 1 2 0
E 383 0 -2 -15
E 383 6 2 15
T 384 15 0 2 0
E 384 5 2 15
E 384 6 3 20
T 385 15 0 2 0
E 385 5 2 15
E 385 6 3 20
T 386 16 0 2 0
E 386 5 2 15
E 386 6 3 20
T 387 17 0 2 0
E 387 5 2 14
E 387 6 3 19
T 388 20 0 3 0
E 388 0 -2 -25
E 388 1 -2 -18
E 388 2 -1 -13
T 389 19 0 2 0
E 389 0 -4 -25
E 389 1 -2 -17
T 390 21 0 3 0
E 390 0 -2 -26
E 390 1 -2 -18
E 390 2 -1 -13
T 391 17 1 2 0
E 391 0 -2 -17
E 391 6 2 17
T 392 18 0 2 0
E 392 0 -3 -19
E 392 6 2 15
T 393 19 0 2 0
E 393 0 -4 -25
E 393 1 -2 -17
T 394 18 0 2 0
E 394 0 -3 -19
E 394 6 2 17
T 395 16 0 3 0
E 395 0 -1 -14
E 395 5 1 17
E 395 6 2 22
T 396 17 0 3 0
E 396 0 -1 -15
E 396 5 1 17
E 396 6 2 22
T 397 20 0 3 0
E 397 0 -2 -19
E 397 5 1 13
E 397 6 2 18
T 398 23 0 3 0
E 398 0 -2 -25
E 398 1 -1 -17
E 398 6 1 13
T 399 23 0 3 0
E 399 0 -3 -29
E 399 1 -2 -21
E 399 2 -1 -13
T 400 24 0 3 0
E 400 0 -3 -30
E 400 1 -2 -22
E 400 2 -1 -14
T 401 25 0 3 0
E 401 0 -3 -31
E 401 1 -2 -23
E 401 2 -1 -15
T 402 25 0 3 0
E 402 0 -3 -31
E 402 1 -2 -23
E 402 2 -1 -15
T 403 24 0 3 0
E 403 0 -3 -30
E 403 1 -2 -22
E 403 2 -1 -14
T 404 25 0 3 0
E 404 0 -3 -31
E 404 1 -2 -23
E 404 2 -1 -15
T 405 23 0 3 0
E 405 0 -2 -25
E 405 1 -1 -17
E 405 6 1 17
T 406 23 0 3 0
E 406 0 -2 -26
E 406 1 -2 -18
E 406 6 1 17
T 407 23 0 3 0
E 407 0 -3 -27
E 407 1 -2 -19
E 407 6 1 16
T 408 22 0 4 0
E 408 0 -2 -21
E 408 1 -1 -13
E 408 5 2 18
E 408 6 2 23
T 409 23 1 4 0
E 409 0 -2 -23
E 409 1 -1 -15
E 409 5 1 17
E 409 6 2 22
T 410 23 1 4 0
E 410 0 -2 -23
E 410 1 -1 -15
E 410 5 1 17
E 410 6 2 22
T 411 23 0 4 0
E 411 0 -2 -22
E 411 1 -1 -14
E 411 5 2 18
E 411 6 2 24
T 412 24 1 4 0
E 412 0 -2 -24
E 412 1 -1 -16
E 412 5 1 16
E 412 6 2 22
T 413 26 0 4 0
E 413 0 -3 -31
E 413 1 -2 -23
E 413 2 -1 -15
E 413 6 1 16
T 414 25 0 4 0
E 414 0 -3 -29
E 414 1 -2 -21
E 414 2 -1 -13
E 414 6 2 19
T 415 25 0 4 0
E 415 0 -3 -29
E 415 1 -2 -21
E 415 2 -1 -13
E 415 6 2 19
T 416 23 0 4 0
E 416 0 -2 -21
E 416 1 -1 -13
E 416 5 2 19
E 416 6 3 27
T 417 23 1 4 0
E 417 0 -2 -23
E 417 1 -1 -15
E 417 5 1 17
E 417 6 2 25
T 418 25 0 4 0
E 418 0 -3 -27
E 418 1 -2 -19
E 418 5 1 13
E 418 6 2 21
T 419 26 0 4 0
E 419 0 -3 -31
E 419 1 -2 -23
E 419 2 -1 -15
E 419 6 1 17
T 420 26 0 4 0
E 420 0 -3 -31
E 420 1 -2 -23
E 420 2 -1 -15
E 420 6 1 17
T 421 28 0 4 0
E 421 0 -3 -33
E 421 1 -2 -25
E 421 2 -1 -17
E 421 6 1 15
T 422 27 0 4 0
E 422 0 -3 -32
E 422 1 -2 -24
E 422 2 -1 -16
E 422 6 1 16
T 423 25 1 4 0
E 423 0 -2 -25
E 423 1 -1 -17
E 423 5 1 15
E 423 6 2 23
T 424 23 0 4 0
E 424 0 -2 -22
E 424 1 -1 -14
E 424 5 2 18
E 424 6 2 26
T 425 26 0 4 0
E 425 0 -3 -30
E 425 1 -2 -22
E 425 2 -1 -14
E 425 6 2 18
T 426 25 0 4 0
E 426 0 -2 -26
E 426 1 -2 -18
E 426 5 1 14
E 426 6 2 22
T 427 25 0 3 0
E 427 0 -3 -28
E 427 1 -2 -20
E 427 6 2 20
T 428 23 0 4 0
E 428 0 -2 -21
E 428 1 -1 -13
E 428 5 2 19
E 428 6 3 27
T 429 25 0 4 0
E 429 0 -3 -29
E 429 1 -2 -21
E 429 2 -1 -13
E 429 6 2 19
T 430 26 0 4 0
E 430 0 -3 -30
E 430 1 -2 -22
E 430 2 -1 -14
E 430 6 2 18
T 431 23 0 4 0
E 431 0 -2 -22
E 431 1 -1 -14
E 431 5 2 18
E 431 6 2 26
T 432 23 0 4 0
E 432 0 -2 -21
E 432 1 -1 -13
E 432 5 2 19
E 432 6 3 27
T 433 26 0 4 0
E 433 0 -3 -30
E 433 1 -2 -22
E 433 2 -1 -14
E 433 6 2 18
T 434 25 0 3 0
E 434 0 -3 -28
E 434 1 -2 -20
E 434 6 2 20
T 435 25 0 3 0
E 435 0 -3 -28
E 435 1 -2 -20
E 435 6 2 20
T 436 26 0 4 0
E 436 0 -3 -31
E 436 1 -2 -23
E 436 2 -1 -15
E 436 6 1 17
T 437 26 0 4 0
E 437 0 -3 -31
E 437 1 -2 -23
E 437 2 -1 -15
E 437 6 1 17
T 438 23 0 4 0
E 438 0 -2 -22
E 438 1 -1 -14
E 438 5 2 18
E 438 6 2 26
T 439 25 0 3 0
E 439 0 -3 -28
E 439 1 -2 -20
E 439 6 2 20
T 440 25 0 4 0
E 440 0 -2 -26
E 440 1 -2 -18
E 440 5 1 14
E 440 6 2 22
T 441 27 0 4 0
E 441 0 -3 -32
E 441 1 -2 -24
E 441 2 -1 -16
E 441 6 1 16
T 442 26 0 4 0
E 442 0 -3 -30
E 442 1 -2 -22
E 442 2 -1 -14
E 442 6 2 18
T 443 26 0 4 0
E 443 0 -3 -31
E 443 1 -2 -23
E 443 2 -1 -15
E 443 6 1 17
T 444 27 0 4 0
E 444 0 -3 -32
E 444 1 -2 -24
E 444 2 -1 -16
E 444 6 1 16
T 445 23 0 4 0
E 445 0 -2 -22
E 445 1 -1 -14
E 445 5 2 18
E 445 6 2 26
T 446 26 0 4 0
E 446 0 -3 -30
E 446 1 -2 -22
E 446 2 -1 -14
E 446 6 2 18
T 447 24 1 4 0
E 447 0 -2 -24
E 447 1 -1 -16
E 447 5 1 16
E 447 6 2 24
T 448 25 0 4 0
E 448 0 -2 -26
E 448 1 -2 -18
E 448 5 1 14
E 448 6 2 22
T 449 25 0 4 0
E 449 0 -3 -27
E 449 1 -2 -19
E 449 5 1 13
E 449 6 2 21
T 450 26 0 4 0
E 450 0 -3 -31
E 450 1 -2 -23
E 450 2 -1 -15
E 450 6 1 17
T 451 28 0 4 0
E 451 0 -3 -34
E 451 1 -2 -26
E 451 2 -2 -18
E 451 6 1 14
T 452 26 0 4 0
E 452 0 -3 -30
E 452 1 -2 -22
E 452 2 -1 -14
E 452 6 2 18
T 453 28 0 4 0
E 453 0 -3 -34
E 453 1 -2 -26
E 453 2 -2 -18
E 453 6 1 14
T 454 24 1 4 0
E 454 0 -2 -24
E 454 1 -1 -16
E 454 5 1 16
E 454 6 2 24
T 455 25 0 4 0
E 455 0 -2 -26
E 455 1 -2 -18
E 455 5 1 14
E 455 6 2 22
T 456 23 0 4 0
E 456 0 -2 -21
E 456 1 -1 -13
E 456 5 2 19
E 456 6 3 27
T 457 25 0 3 0
E 457 0 -3 -28
E 457 1 -2 -20
E 457 6 2 20
T 458 28 0 4 0
E 458 0 -3 -33
E 458 1 -2 -25
E 458 2 -1 -17
E 458 6 1 15
T 459 25 0 4 0
E 459 0 -3 -29
E 459 1 -2 -21
E 459 2 -1 -13
E 459 6 2 19
T 460 23 0 3 0
E 460 0 -2 -20
E 460 5 2 20
E 460 6 3 28
T 461 25 1 4 0
E 461 0 -2 -25
E 461 1 -1 -17
E 461 5 1 15
E 461 6 2 23
T 462 25 0 4 0
E 462 0 -3 -29
E 462 1 -2 -21
E 462 2 -1 -13
E 462 6 2 19
T 463 25 1 4 0
E 463 0 -2 -25
E 463 1 -1 -17
E 463 5 1 15
E 463 6 2 23
T 464 25 0 4 0
E 464 0 -3 -27
E 464 1 -2 -19
E 464 5 1 13
E 464 6 2 21
T 465 25 0 4 0
E 465 0 -3 -29
E 465 1 -2 -21
E 465 2 -1 -13
E 465 6 2 19
T 466 27 0 4 0
E 466 0 -3 -32
E 466 1 -2 -24
E 466 2 -1 -16
E 466 6 1 16
T 467 28 0 4 0
E 467 0 -3 -34
E 467 1 -2 -26
E 467 2 -2 -18
E 467 6 1 14
T 468 28 0 4 0
E 468 0 -3 -34
E 468 1 -2 -26
E 468 2 -2 -18
E 468 6 1 14
T 469 24 1 4 0
E 469 0 -2 -24
E 469 1 -1 -16
E 469 5 1 16
E 469 6 2 24
T 470 25 0 4 0
E 470 0 -3 -27
E 470 1 -2 -19
E 470 5 1 13
E 470 6 2 21
T 471 26 0 4 0
E 471 0 -3 -31
E 471 1 -2 -23
E 471 2 -1 -15
E 471 6 1 17
T 472 28 0 4 0
E 472 0 -3 -33
E 472 1 -2 -25
E 472 2 -1 -17
E 472 6 1 15
T 473 28 0 4 0
E 473 0 -3 -35
E 473 1 -3 -27
E 473 2 -2 -19
E 473 6 1 13
T 474 26 0 4 0
E 474 0 -3 -30
E 474 1 -2 -22
E 474 2 -1 -14
E 474 6 2 18
T 475 23 1 4 0
E 475 0 -2 -23
E 475 1 -1 -15
E 475 5 1 17
E 475 6 2 25
T 476 25 1 4 0
E 476 0 -2 -25
E 476 1 -1 -17
E 476 5 1 15
E 476 6 2 23
T 477 25 0 4 0
E 477 0 -3 -27
E 477 1 -2 -19
E 477 5 1 13
E 477 6 2 21
T 478 25 0 3 0
E 478 0 -3 -28
E 478 1 -2 -20
E 478 6 2 20
T 479 28 0 4 0
E 479 0 -3 -33
E 479 1 -2 -25
E 479 2 -1 -17
E 479 6 1 15
T 480 20 0 4 0
E 480 0 2 24
E 480 1 -1 -16
E 480 5 1 16
E 480 6 2 24
T 481 21 0 4 0
E 481 0 2 24
E 481 1 -2 -19
E 481 5 1 13
E 481 6 2 21
T 482 24 0 3 0
E 482 0 2 26
E 482 1 -2 -20
E 482 6 2 20
T 483 25 1 4 0
E 483 0 2 25
E 483 1 -2 -24
E 483 2 -1 -16
E 483 6 1 16
T 484 28 0 3 0
E 484 0 2 25
E 484 1 -3 -28
E 484 2 -2 -20
T 485 26 0 4 0
E 485 0 3 30
E 485 1 2 22
E 485 2 -2 -18
E 485 6 1 14
T 486 25 0 4 0
E 486 0 2 26
E 486 1 2 18
E 486 2 -2 -25
E 486 3 -1 -17
T 487 27 0 4 0
E 487 0 3 29
E 487 1 2 21
E 487 2 -2 -25
E 487 3 -1 -17
T 488 29 1 4 0
E 488 0 3 29
E 488 1 2 21
E 488 2 -3 -28
E 488 3 -2 -20
T 489 33 1 4 0
E 489 0 3 33
E 489 1 2 25
E 489 2 -3 -28
E 489 3 -2 -20
T 490 30 0 5 0
E 490 0 3 33
E 490 1 2 25
E 490 2 1 17
E 490 3 -2 -23
E 490 4 -1 -15
T 491 30 0 5 0
E 491 0 4 36
E 491 1 3 28
E 491 2 2 20
E 491 3 -2 -23
E 491 4 -1 -15
T 492 30 1 6 0
E 492 0 3 30
E 492 1 2 22
E 492 2 1 14
E 492 3 -3 -32
E 492 4 -2 -24
E 492 5 -1 -16
T 493 33 0 6 0
E 493 0 3 34
E 493 1 2 26
E 493 2 2 18
E 493 3 -3 -31
E 493 4 -2 -23
E 493 5 -1 -15
T 494 37 0 6 0
E 494 0 4 40
E 494 1 3 32
E 494 2 2 24
E 494 3 -3 -29
E 494 4 -2 -21
E 494 5 -1 -13
T 495 33 0 5 0
E 495 0 5 45
E 495 1 4 37
E 495 2 3 29
E 495 3 2 21
E 495 4 -2 -19
T 496 33 0 6 0
E 496 0 4 36
E 496 1 3 28
E 496 2 2 20
E 496 4 -3 -31
E 496 5 -2 -23
E 496 6 -1 -15
T 497 36 0 6 0
E 497 0 3 34
E 497 1 2 26
E 497 2 2 18
E 497 4 -4 -36
E 497 5 -3 -28
E 497 6 -2 -20
T 498 36 1 6 0
E 498 0 4 36
E 498 1 3 28
E 498 2 2 20
E 498 4 -4 -37
E 498 5 -3 -29
E 498 6 -2 -21
T 499 36 1 6 0
E 499 0 4 36
E 499 1 3 28
E 499 2 2 20
E 499 4 -4 -41
E 499 5 -3 -33
E 499 6 -2 -25
T 500 34 1 5 0
E 500 0 3 34
E 500 1 2 26
E 500 2 2 18
E 500 5 -4 -38
E 500 6 -3 -30
T 501 34 0 5 0
E 501 0 3 33
E 501 1 2 25
E 501 2 1 17
E 501 5 -4 -42
E 501 6 -3 -34
T 502 33 0 5 0
E 502 0 3 30
E 502 1 2 22
E 502 2 1 14
E 502 5 -5 -48
E 502 6 -4 -40
T 503 35 0 6 0
E 503 0 4 37
E 503 1 3 29
E 503 2 2 21
E 503 3 1 13
E 503 5 -4 -44
E 503 6 -4 -36
T 504 39 0 6 0
E 504 0 4 40
E 504 1 3 32
E 504 2 2 24
E 504 3 1 16
E 504 5 -5 -45
E 504 6 -4 -37
T 505 31 0 4 0
E 505 0 4 36
E 505 1 3 28
E 505 2 2 20
E 505 6 -4 -44
T 506 30 0 4 0
E 506 0 3 31
E 506 1 2 23
E 506 2 1 15
E 506 6 -5 -52
T 507 32 1 4 0
E 507 0 3 32
E 507 1 2 24
E 507 2 1 16
E 507 6 -6 -54
T 508 34 0 5 0
E 508 0 4 39
E 508 1 3 31
E 508 2 2 23
E 508 3 1 15
E 508 6 -5 -50
T 509 31 1 4 0
E 509 0 3 31
E 509 1 2 23
E 509 2 1 15
E 509 6 -6 -62
T 510 26 0 4 0
E 510 0 3 30
E 510 1 2 22
E 510 2 1 14
E 510 6 -2 -18
T 511 23 0 4 0
E 511 0 2 21
E 511 1 1 13
E 511 5 -2 -19
E 511 6 -3 -27
T 512 25 0 4 0
E 512 0 2 26
E 512 1 2 18
E 512 5 -1 -14
E 512 6 -2 -22
T 513 23 0 4 0
E 513 0 2 21
E 513 1 1 13
E 513 5 -2 -19
E 513 6 -3 -27
T 514 23 0 4 0
E 514 0 2 19
E 514 4 -1 -13
E 514 5 -2 -21
E 514 6 -3 -29
T 515 23 1 4 0
E 515 0 2 23
E 515 1 1 15
E 515 5 -1 -17
E 515 6 -2 -25
T 516 23 0 3 0
E 516 0 2 20
E 516 5 -2 -20
E 516 6 -3 -28
T 517 25 0 4 0
E 517 0 2 26
E 517 1 2 18
E 517 5 -1 -14
E 517 6 -2 -22
T 518 25 0 4 0
E 518 0 3 29
E 518 1 2 21
E 518 2 1 13
E 518 6 -2 -19
T 519 25 0 4 0
E 519 0 2 26
E 519 1 2 18
E 519 5 -1 -14
E 519 6 -2 -22
T 520 25 0 4 0
E 520 0 3 29
E 520 1 2 21
E 520 2 1 13
E 520 6 -2 -19
T 521 25 0 4 0
E 521 0 3 29
E 521 1 2 21
E 521 2 1 13
E 521 6 -2 -19
T 522 27 0 4 0
E 522 0 3 32
E 522 1 2 24
E 522 2 1 16
E 522 6 -1 -16
T 523 25 1 4 0
E 523 0 2 25
E 523 1 1 17
E 523 5 -1 -15
E 523 6 -2 -23
T 524 23 0 4 0
E 524 0 2 21
E 524 1 1 13
E 524 5 -2 -19
E 524 6 -3 -27
T 525 25 0 4 0
E 525 0 2 26
E 525 1 2 18
E 525 5 -1 -14
E 525 6 -2 -22
T 526 23 0 4 0
E 526 0 2 22
E 526 1 1 14
E 526 5 -2 -18
E 526 6 -2 -26
T 527 23 0 4 0
E 527 0 2 19
E 527 4 -1 -13
E 527 5 -2 -21
E 527 6 -3 -29
T 528 23 0 4 0
E 528 0 2 22
E 528 1 1 14
E 528 5 -2 -18
E 528 6 -2 -26
T 529 23 0 3 0
E 529 0 2 20
E 529 5 -2 -20
E 529 6 -3 -28
T 530 24 1 4 0
E 530 0 2 24
E 530 1 1 16
E 530 5 -1 -16
E 530 6 -2 -24
T 531 26 0 4 0
E 531 0 3 31
E 531 1 2 23
E 531 2 1 15
E 531 6 -1 -17
T 532 28 0 4 0
E 532 0 3 33
E 532 1 2 25
E 532 2 1 17
E 532 6 -1 -15
T 533 26 0 4 0
E 533 0 3 30
E 533 1 2 22
E 533 2 1 14
E 533 6 -2 -18
T 534 24 1 4 0
E 534 0 2 24
E 534 1 1 16
E 534 5 -1 -16
E 534 6 -2 -24
T 535 23 0 4 0
E 535 0 2 22
E 535 1 1 14
E 535 5 -2 -18
E 535 6 -2 -26
T 536 23 0 4 0
E 536 0 2 21
E 536 1 1 13
E 536 5 -2 -19
E 536 6 -3 -27
T 537 23 0 4 0
E 537 0 2 19
E 537 4 -1 -13
E 537 5 -2 -21
E 537 6 -3 -29
T 538 22 0 4 0
E 538 0 2 18
E 538 4 -1 -14
E 538 5 -2 -22
E 538 6 -3 -30
T 539 26 0 4 0
E 539 0 3 30
E 539 1 2 22
E 539 2 1 14
E 539 6 -2 -18
T 540 25 0 3 0
E 540 0 3 28
E 540 1 2 20
E 540 6 -2 -20
T 541 23 0 4 0
E 541 0 2 21
E 541 1 1 13
E 541 5 -2 -19
E 541 6 -3 -27
T 542 25 1 4 0
E 542 0 2 25
E 542 1 1 17
E 542 5 -1 -15
E 542 6 -2 -23
T 543 23 0 4 0
E 543 0 2 21
E 543 1 1 13
E 543 5 -2 -19
E 543 6 -3 -27
T 544 25 0 4 0
E 544 0 2 26
E 544 1 2 18
E 544 5 -1 -14
E 544 6 -2 -22
T 545 27 0 4 0
E 545 0 3 32
E 545 1 2 24
E 545 2 1 16
E 545 6 -1 -16
T 546 28 0 4 0
E 546 0 3 34
E 546 1 2 26
E 546 2 2 18
E 546 6 -1 -14
T 547 27 0 4 0
E 547 0 3 32
E 547 1 2 24
E 547 2 1 16
E 547 6 -1 -16
T 548 23 1 4 0
E 548 0 2 23
E 548 1 1 15
E 548 5 -1 -17
E 548 6 -2 -25
T 549 25 1 4 0
E 549 0 2 25
E 549 1 1 17
E 549 5 -1 -15
E 549 6 -2 -23
T 550 28 0 4 0
E 550 0 3 33
E 550 1 2 25
E 550 2 1 17
E 550 6 -1 -15
T 551 28 0 4 0
E 551 0 3 34
E 551 1 2 26
E 551 2 2 18
E 551 6 -1 -14
T 552 27 0 3 0
E 552 0 4 36
E 552 1 3 28
E 552 2 2 20
T 553 25 1 4 0
E 553 0 2 25
E 553 1 1 17
E 553 5 -1 -15
E 553 6 -2 -23
T 554 28 0 4 0
E 554 0 3 33
E 554 1 2 25
E 554 2 1 17
E 554 6 -1 -15
T 555 28 0 4 0
E 555 0 3 35
E 555 1 3 27
E 555 2 2 19
E 555 6 -1 -13
T 556 25 0 4 0
E 556 0 3 27
E 556 1 2 19
E 556 5 -1 -13
E 556 6 -2 -21
T 557 25 0 4 0
E 557 0 3 27
E 557 1 2 19
E 557 5 -1 -13
E 557 6 -2 -21
T 558 23 0 4 0
E 558 0 2 22
E 558 1 1 14
E 558 5 -2 -18
E 558 6 -2 -26
T 559 25 0 3 0
E 559 0 3 28
E 559 1 2 20
E 559 6 -2 -20
T 560 25 0 4 0
E 560 0 2 26
E 560 1 2 18
E 560 5 -1 -14
E 560 6 -2 -22
T 561 25 1 4 0
E 561 0 2 25
E 561 1 1 17
E 561 5 -1 -15
E 561 6 -2 -23
T 562 25 1 4 0
E 562 0 2 25
E 562 1 1 17
E 562 5 -1 -15
E 562 6 -2 -23
T 563 23 0 3 0
E 563 0 2 20
E 563 5 -2 -20
E 563 6 -3 -28
T 564 25 0 4 0
E 564 0 2 26
E 564 1 2 18
E 564 5 -1 -14
E 564 6 -2 -22
T 565 26 0 4 0
E 565 0 3 31
E 565 1 2 23
E 565 2 1 15
E 565 6 -1 -17
T 566 23 1 4 0
E 566 0 2 23
E 566 1 1 15
E 566 5 -1 -17
E 566 6 -2 -25
T 567 24 1 4 0
E 567 0 2 24
E 567 1 1 16
E 567 5 -1 -16
E 567 6 -2 -24
T 568 23 1 4 0
E 568 0 2 23
E 568 1 1 15
E 568 5 -1 -17
E 568 6 -2 -25
T 569 25 0 4 0
E 569 0 3 29
E 569 1 2 21
E 569 2 1 13
E 569 6 -2 -19
T 570 23 0 4 0
E 570 0 2 21
E 570 1 1 13
E 570 5 -2 -19
E 570 6 -3 -27
T 571 22 0 4 0
E 571 0 2 18
E 571 4 -1 -14
E 571 5 -2 -22
E 571 6 -3 -30
T 572 23 0 3 0
E 572 0 2 20
E 572 5 -2 -20
E 572 6 -3 -28
T 573 23 0 4 0
E 573 0 2 21
E 573 1 1 13
E 573 5 -2 -19
E 573 6 -3 -27
T 574 25 0 4 0
E 574 0 3 29
E 574 1 2 21
E 574 2 1 13
E 574 6 -2 -19
T 575 23 0 4 0
E 575 0 2 22
E 575 1 1 14
E 575 5 -2 -18
E 575 6 -2 -26
T 576 25 0 4 0
E 576 0 3 27
E 576 1 2 19
E 576 5 -1 -13
E 576 6 -2 -21
T 577 23 0 4 0
E 577 0 3 28
E 577 1 2 23
E 577 2 1 15
E 577 6 -1 -17
T 578 19 1 4 0
E 578 0 2 19
E 578 1 1 16
E 578 5 -1 -16
E 578 6 -2 -24
T 579 17 0 4 0
E 579 0 2 18
E 579 1 2 18
E 579 5 -1 -14
E 579 6 -2 -22
T 580 17 0 4 0
E 580 0 2 21
E 580 1 2 24
E 580 2 1 16
E 580 6 -1 -16
T 581 15 0 4 0
E 581 0 2 19
E 581 1 2 24
E 581 2 1 16
E 581 6 -1 -16
T 582 13 0 4 0
E 582 0 2 18
E 582 1 2 23
E 582 2 2 18
E 582 6 -1 -14
T 583 11 0 3 0
E 583 1 1 14
E 583 5 -1 -13
E 583 6 -2 -21
T 584 10 0 2 0
E 584 5 -2 -14
E 584 6 -3 -22
T 585 7 0 4 0
E 585 0 1 13
E 585 1 2 18
E 585 2 2 21
E 585 3 1 13
T 586 5 0 2 0
E 586 2 2 14
E 586 6 -3 -18
T 587 4 1 2 0
E 587 2 2 14
E 587 6 -2 -15
T 588 4 0 3 0
E 588 1 1 13
E 588 2 2 18
E 588 3 1 15
T 589 0 0 2 0
E 589 2 2 14
E 589 3 2 14
T 590 0 0 2 0
E 590 2 2 15
E 590 3 3 18
T 591 2 0 2 0
E 591 2 2 13
E 591 3 3 18
T 592 3 0 1 0
E 592 3 5 17
T 593 2 0 2 0
E 593 3 2 17
E 593 4 2 14
T 594 3 0 2 0
E 594 3 2 16
E 594 4 2 16
T 595 5 0 2 0
E 595 3 2 14
E 595 4 2 17
T 596 9 0 1 0
E 596 4 5 16
T 597 11 0 1 0
E 597 0 -5 -16
T 598 10 0 0 0
T 599 10 0 2 0
E 599 4 2 14
E 599 5 2 14
T 600 11 0 0 0
T 601 14 0 1 0
E 601 5 5 16
T 602 11 0 1 0
E 602 0 -5 -16
T 603 10 0 1 0
E 603 0 -4 -14
T 604 15 0 2 0
E 604 5 2 14
E 604 6 2 14
T 605 15 1 2 0
E 605 0 -2 -15
E 605 6 2 13
T 606 15 0 2 0
E 606 5 2 15
E 606 6 3 20
T 607 17 1 2 0
E 607 0 -2 -17
E 607 6 2 13
T 608 17 1 2 0
E 608 0 -2 -17
E 608 6 2 13
T 609 15 0 2 0
E 609 0 -3 -20
E 609 1 -2 -15
T 610 15 0 2 0
E 610 0 -3 -20
E 610 1 -2 -15
T 611 15 0 2 0
E 611 5 2 15
E 611 6 3 20
T 612 15 0 2 0
E 612 0 -3 -20
E 612 1 -2 -15
T 613 15 1 2 0
E 613 0 -2 -15
E 613 6 2 15
T 614 17 0 2 0
E 614 5 2 13
E 614 6 3 18
T 615 15 1 2 0
E 615 0 -2 -15
E 615 6 2 15
T 616 17 1 2 0
E 616 0 -2 -17
E 616 6 2 13
T 617 16 0 2 0
E 617 0 -3 -21
E 617 1 -2 -16
T 618 17 0 2 0
E 618 0 -3 -22
E 618 1 -2 -17
T 619 18 0 3 0
E 619 0 -2 -23
E 619 1 -2 -18
E 619 2 -1 -13
T 620 17 1 2 0
E 620 0 -2 -17
E 620 6 2 13
T 621 15 0 2 0
E 621 0 -3 -20
E 621 1 -2 -15
T 622 14 1 2 0
E 622 0 -2 -14
E 622 6 2 16
T 623 16 0 2 0
E 623 5 2 14
E 623 6 3 19
T 624 16 0 2 0
E 624 5 2 14
E 624 6 3 19
T 625 17 0 2 0
E 625 5 2 13
E 625 6 3 18
T 626 14 0 2 0
E 626 0 -3 -19
E 626 1 -2 -13
T 627 14 0 2 0
E 627 0 -3 -19
E 627 1 -2 -13
T 628 16 0 2 0
E 628 0 -3 -21
E 628 1 -2 -14
T 629 19 0 2 0
E 629 0 -3 -20
E 629 6 2 13
T 630 17 1 2 0
E 630 0 -2 -17
E 630 6 2 16
T 631 19 0 2 0
E 631 0 -3 -20
E 631 6 2 14
T 632 16 0 3 0
E 632 0 -1 -14
E 632 5 1 15
E 632 6 2 20
T 633 17 0 2 0
E 633 0 -3 -18
E 633 6 2 17
T 634 19 0 3 0
E 634 0 -2 -21
E 634 1 -1 -13
E 634 6 1 15
T 635 20 0 3 0
E 635 0 -2 -22
E 635 1 -1 -14
E 635 6 1 14
T 636 20 0 3 0
E 636 0 -2 -22
E 636 1 -1 -14
E 636 6 1 15
T 637 19 0 2 0
E 637 0 -4 -26
E 637 1 -3 -18
T 638 19 0 3 0
E 638 0 -1 -17
E 638 5 1 16
E 638 6 2 21
T 639 23 0 3 0
E 639 0 -2 -25
E 639 1 -1 -17
E 639 6 1 14
T 640 21 0 3 0
E 640 0 -2 -20
E 640 5 1 14
E 640 6 2 19
T 641 23 0 3 0
E 641 0 -2 -25
E 641 1 -1 -17
E 641 6 1 15
T 642 23 0 3 0
E 642 0 -2 -25
E 642 1 -1 -17
E 642 6 1 15
T 643 24 0 3 0
E 643 0 -3 -28
E 643 1 -2 -20
E 643 6 1 13
T 644 23 0 3 0
E 644 0 -2 -26
E 644 1 -2 -18
E 644 6 1 16
T 645 23 1 4 0
E 645 0 -2 -23
E 645 1 -1 -15
E 645 5 1 14
E 645 6 2 19
T 646 24 1 4 0
E 646 0 -2 -24
E 646 1 -1 -16
E 646 5 1 14
E 646 6 2 19
T 647 25 1 4 0
E 647 0 -2 -25
E 647 1 -1 -17
E 647 5 1 13
E 647 6 2 18
T 648 27 0 3 0
E 648 0 -3 -33
E 648 1 -2 -25
E 648 2 -1 -17
T 649 25 0 4 0
E 649 0 -3 -30
E 649 1 -2 -22
E 649 2 -1 -14
E 649 6 1 15
T 650 23 0 4 0
E 650 0 -2 -22
E 650 1 -1 -14
E 650 5 2 18
E 650 6 2 23
T 651 25 0 4 0
E 651 0 -3 -27
E 651 1 -2 -19
E 651 5 1 13
E 651 6 2 19
T 652 24 1 4 0
E 652 0 -2 -24
E 652 1 -1 -16
E 652 5 1 16
E 652 6 2 22
T 653 23 0 3 0
E 653 0 -2 -20
E 653 5 2 20
E 653 6 3 27
T 654 25 0 4 0
E 654 0 -2 -26
E 654 1 -2 -18
E 654 5 1 14
E 654 6 2 22
T 655 25 0 4 0
E 655 0 -2 -26
E 655 1 -2 -18
E 655 5 1 14
E 655 6 2 22
T 656 25 0 4 0
E 656 0 -3 -29
E 656 1 -2 -21
E 656 2 -1 -13
E 656 6 2 19
T 657 23 0 4 0
E 657 0 -2 -21
E 657 1 -1 -13
E 657 5 2 19
E 657 6 3 27
T 658 26 0 4 0
E 658 0 -3 -30
E 658 1 -2 -22
E 658 2 -1 -14
E 658 6 2 18
T 659 25 1 4 0
E 659 0 -2 -25
E 659 1 -1 -17
E 659 5 1 15
E 659 6 2 23
T 660 26 0 4 0
E 660 0 -3 -30
E 660 1 -2 -22
E 660 2 -1 -14
E 660 6 2 18
T 661 26 0 4 0
E 661 0 -3 -31
E 661 1 -2 -23
E 661 2 -1 -15
E 661 6 1 17
T 662 25 0 4 0
E 662 0 -3 -27
E 662 1 -2 -19
E 662 5 1 13
E 662 6 2 21
T 663 23 1 4 0
E 663 0 -2 -23
E 663 1 -1 -15
E 663 5 1 17
E 663 6 2 25
T 664 23 0 4 0
E 664 0 -2 -21
E 664 1 -1 -13
E 664 5 2 19
E 664 6 3 27
T 665 25 0 4 0
E 665 0 -2 -26
E 665 1 -2 -18
E 665 5 1 14
E 665 6 2 22
T 666 25 0 3 0
E 666 0 -3 -28
E 666 1 -2 -20
E 666 6 2 20
T 667 25 0 3 0
E 667 0 -3 -28
E 667 1 -2 -20
E 667 6 2 20
T 668 23 0 4 0
E 668 0 -2 -22
E 668 1 -1 -14
E 668 5 2 18
E 668 6 2 26
T 669 25 0 3 0
E 669 0 -3 -28
E 669 1 -2 -20
E 669 6 2 20
T 670 23 0 4 0
E 670 0 -2 -21
E 670 1 -1 -13
E 670 5 2 19
E 670 6 3 27
T 671 23 1 4 0
E 671 0 -2 -23
E 671 1 -1 -15
E 671 5 1 17
E 671 6 2 25
T 672 24 1 4 0
E 672 0 -2 -24
E 672 1 -1 -16
E 672 5 1 16
E 672 6 2 24
T 673 25 0 4 0
E 673 0 -2 -26
E 673 1 -2 -18
E 673 5 1 14
E 673 6 2 22
T 674 25 1 4 0
E 674 0 -2 -25
E 674 1 -1 -17
E 674 5 1 15
E 674 6 2 23
T 675 23 0 4 0
E 675 0 -2 -22
E 675 1 -1 -14
E 675 5 2 18
E 675 6 2 26
T 676 25 0 4 0
E 676 0 -3 -27
E 676 1 -2 -19
E 676 5 1 13
E 676 6 2 21
T 677 25 0 4 0
E 677 0 -3 -29
E 677 1 -2 -21
E 677 2 -1 -13
E 677 6 2 19
T 678 23 0 4 0
E 678 0 -2 -21
E 678 1 -1 -13
E 678 5 2 19
E 678 6 3 27
T 679 23 0 3 0
E 679 0 -2 -20
E 679 5 2 20
E 679 6 3 28
T 680 25 0 4 0
E 680 0 -3 -29
E 680 1 -2 -21
E 680 2 -1 -13
E 680 6 2 19
T 681 25 0 3 0
E 681 0 -3 -28
E 681 1 -2 -20
E 681 6 2 20
T 682 23 0 4 0
E 682 0 -2 -22
E 682 1 -1 -14
E 682 5 2 18
E 682 6 2 26
T 683 23 0 4 0
E 683 0 -2 -21
E 683 1 -1 -13
E 683 5 2 19
E 683 6 3 27
T 684 24 1 4 0
E 684 0 -2 -24
E 684 1 -1 -16
E 684 5 1 16
E 684 6 2 24
T 685 23 0 3 0
E 685 0 -2 -20
E 685 5 2 20
E 685 6 3 28
T 686 26 0 4 0
E 686 0 -3 -31
E 686 1 -2 -23
E 686 2 -1 -15
E 686 6 1 17
T 687 24 1 4 0
E 687 0 -2 -24
E 687 1 -1 -16
E 687 5 1 16
E 687 6 2 24
T 688 26 0 4 0
E 688 0 -3 -31
E 688 1 -2 -23
E 688 2 -1 -15
E 688 6 1 17
T 689 26 0 4 0
E 689 0 -3 -30
E 689 1 -2 -22
E 689 2 -1 -14
E 689 6 2 18
T 690 25 0 4 0
E 690 0 -3 -27
E 690 1 -2 -19
E 690 5 1 13
E 690 6 2 21
T 691 25 0 4 0
E 691 0 -3 -27
E 691 1 -2 -19
E 691 5 1 13
E 691 6 2 21
T 692 25 0 4 0
E 692 0 -3 -29
E 692 1 -2 -21
E 692 2 -1 -13
E 692 6 2 19
T 693 25 1 4 0
E 693 0 -2 -25
E 693 1 -1 -17
E 693 5 1 15
E 693 6 2 23
T 694 24 1 4 0
E 694 0 -2 -24
E 694 1 -1 -16
E 694 5 1 16
E 694 6 2 24
T 695 26 0 4 0
E 695 0 -3 -31
E 695 1 -2 -23
E 695 2 -1 -15
E 695 6 1 17
T 696 24 1 4 0
E 696 0 -2 -24
E 696 1 -1 -16
E 696 5 1 16
E 696 6 2 24
T 697 25 1 4 0
E 697 0 -2 -25
E 697 1 -1 -17
E 697 5 1 15
E 697 6 2 23
T 698 26 0 4 0
E 698 0 -3 -30
E 698 1 -2 -22
E 698 2 -1 -14
E 698 6 2 18
T 699 28 0 4 0
E 699 0 -3 -33
E 699 1 -2 -25
E 699 2 -1 -17
E 699 6 1 15
T 700 25 0 3 0
E 700 0 -3 -28
E 700 1 -2 -20
E 700 6 2 20
T 701 24 1 4 0
E 701 0 -2 -24
E 701 1 -1 -16
E 701 5 1 16
E 701 6 2 24
T 702 23 0 4 0
E 702 0 -2 -19
E 702 4 1 13
E 702 5 2 21
E 702 6 3 29
T 703 25 0 3 0
E 703 0 -3 -28
E 703 1 -2 -20
E 703 6 2 20
T 704 23 0 4 0
E 704 0 -2 -22
E 704 1 -1 -14
E 704 5 2 18
E 704 6 2 26
T 705 23 0 4 0
E 705 0 -2 -19
E 705 4 1 13
E 705 5 2 21
E 705 6 3 29
T 706 25 0 4 0
E 706 0 -3 -29
E 706 1 -2 -21
E 706 2 -1 -13
E 706 6 2 19
T 707 23 0 4 0
E 707 0 -2 -22
E 707 1 -1 -14
E 707 5 2 18
E 707 6 2 26
T 708 23 0 3 0
E 708 0 -2 -20
E 708 5 2 20
E 708 6 3 28
T 709 26 0 4 0
E 709 0 -3 -30
E 709 1 -2 -22
E 709 2 -1 -14
E 709 6 2 18
T 710 25 0 4 0
E 710 0 -3 -27
E 710 1 -2 -19
E 710 5 1 13
E 710 6 2 21
T 711 25 0 3 0
E 711 0 -3 -28
E 711 1 -2 -20
E 711 6 2 20
T 712 25 0 3 0
E 712 0 -3 -28
E 712 1 -2 -20
E 712 6 2 20
T 713 23 1 4 0
E 713 0 -2 -23
E 713 1 -1 -15
E 713 5 1 17
E 713 6 2 25
T 714 25 0 3 0
E 714 0 -3 -28
E 714 1 -2 -20
E 714 6 2 20
T 715 23 0 3 0
E 715 0 -2 -20
E 715 5 2 20
E 715 6 3 28
T 716 25 0 4 0
E 716 0 -2 -26
E 716 1 -2 -18
E 716 5 1 14
E 716 6 2 22
T 717 24 1 4 0
E 717 0 -2 -24
E 717 1 -1 -16
E 717 5 1 16
E 717 6 2 24
T 718 23 0 4 0
E 718 0 -2 -22
E 718 1 -1 -14
E 718 5 2 18
E 718 6 2 26
T 719 24 1 4 0
E 719 0 -2 -24
E 719 1 -1 -16
E 719 5 1 16
E 719 6 2 24
T 720 18 0 4 0
E 720 0 2 19
E 720 1 -2 -21
E 720 2 -1 -13
E 720 6 2 19
T 721 19 0 3 0
E 721 0 1 15
E 721 1 -3 -28
E 721 2 -2 -20
T 722 23 0 4 0
E 722 0 3 27
E 722 1 -2 -19
E 722 5 1 13
E 722 6 2 21
T 723 26 0 4 0
E 723 0 3 28
E 723 1 -2 -21
E 723 2 -1 -13
E 723 6 2 19
T 724 27 0 4 0
E 724 0 2 23
E 724 1 -3 -30
E 724 2 -2 -22
E 724 3 -1 -14
T 725 26 0 4 0
E 725 0 3 30
E 725 1 2 22
E 725 2 -2 -18
E 725 6 1 14
T 726 25 0 4 0
E 726 0 2 26
E 726 1 2 18
E 726 2 -2 -25
E 726 3 -1 -17
T 727 30 0 4 0
E 727 0 3 32
E 727 1 2 24
E 727 2 -2 -22
E 727 3 -1 -14
T 728 32 0 4 0
E 728 0 4 36
E 728 1 3 28
E 728 2 -2 -21
E 728 3 -1 -13
T 729 33 1 4 0
E 729 0 3 33
E 729 1 2 25
E 729 2 -3 -28
E 729 3 -2 -20
T 730 29 0 5 0
E 730 0 3 32
E 730 1 2 24
E 730 2 1 16
E 730 3 -2 -24
E 730 4 -1 -16
T 731 28 0 5 0
E 731 0 3 27
E 731 1 2 19
E 731 3 -3 -32
E 731 4 -2 -24
E 731 5 -1 -16
T 732 32 0 6 0
E 732 0 2 25
E 732 1 1 17
E 732 3 -4 -37
E 732 4 -3 -29
E 732 5 -2 -21
E 732 6 -1 -13
T 733 32 1 6 0
E 733 0 3 32
E 733 1 2 24
E 733 2 1 16
E 733 3 -3 -33
E 733 4 -2 -25
E 733 5 -1 -17
T 734 36 0 6 0
E 734 0 4 39
E 734 1 3 31
E 734 2 2 23
E 734 3 -3 -30
E 734 4 -2 -22
E 734 5 -1 -14
T 735 32 0 6 0
E 735 0 4 39
E 735 1 3 31
E 735 2 2 23
E 735 3 1 15
E 735 4 -2 -25
E 735 5 -1 -17
T 736 34 0 7 0
E 736 0 4 38
E 736 1 3 30
E 736 2 2 22
E 736 3 1 14
E 736 4 -3 -29
E 736 5 -2 -21
E 736 6 -1 -13
T 737 36 0 6 0
E 737 0 4 42
E 737 1 3 34
E 737 2 2 26
E 737 3 2 18
E 737 4 -3 -28
E 737 5 -2 -20
T 738 36 0 6 0
E 738 0 3 35
E 738 1 3 27
E 738 2 2 19
E 738 4 -4 -38
E 738 5 -3 -30
E 738 6 -2 -22
T 739 39 0 7 0
E 739 0 4 40
E 739 1 3 32
E 739 2 2 24
E 739 3 1 16
E 739 4 -4 -37
E 739 5 -3 -29
E 739 6 -2 -21
T 740 36 0 6 0
E 740 0 4 44
E 740 1 4 36
E 740 2 3 28
E 740 3 2 20
E 740 5 -3 -28
E 740 6 -2 -20
T 741 33 0 5 0
E 741 0 3 31
E 741 1 2 23
E 741 2 1 15
E 741 5 -4 -44
E 741 6 -4 -36
T 742 36 0 5 0
E 742 0 3 33
E 742 1 2 25
E 742 2 1 17
E 742 5 -5 -45
E 742 6 -4 -37
T 743 36 1 5 0
E 743 0 4 36
E 743 1 3 28
E 743 2 2 20
E 743 5 -5 -45
E 743 6 -4 -37
T 744 36 0 5 0
E 744 0 3 35
E 744 1 3 27
E 744 2 2 19
E 744 5 -5 -50
E 744 6 -4 -42
T 745 35 0 5 0
E 745 0 4 44
E 745 1 4 36
E 745 2 3 28
E 745 3 2 20
E 745 6 -4 -36
T 746 32 0 4 0
E 746 0 4 36
E 746 1 3 28
E 746 2 2 20
E 746 6 -5 -47
T 747 32 0 4 0
E 747 0 3 33
E 747 1 2 25
E 747 2 1 17
E 747 6 -5 -53
T 748 34 0 5 0
E 748 0 4 39
E 748 1 3 31
E 748 2 2 23
E 748 3 1 15
E 748 6 -5 -50
T 749 35 0 5 0
E 749 0 4 40
E 749 1 3 32
E 749 2 2 24
E 749 3 1 16
E 749 6 -5 -53
T 750 28 0 4 0
E 750 0 4 38
E 750 1 3 30
E 750 2 2 22
E 750 3 1 14
T 751 28 0 4 0
E 751 0 3 34
E 751 1 2 26
E 751 2 2 18
E 751 6 -1 -14
T 752 27 0 4 0
E 752 0 3 32
E 752 1 2 24
E 752 2 1 16
E 752 6 -1 -16
T 753 25 0 4 0
E 753 0 3 29
E 753 1 2 21
E 753 2 1 13
E 753 6 -2 -19
T 754 25 0 4 0
E 754 0 2 26
E 754 1 2 18
E 754 5 -1 -14
E 754 6 -2 -22
T 755 24 1 4 0
E 755 0 2 24
E 755 1 1 16
E 755 5 -1 -16
E 755 6 -2 -24
T 756 26 0 4 0
E 756 0 3 31
E 756 1 2 23
E 756 2 1 15
E 756 6 -1 -17
T 757 27 0 4 0
E 757 0 3 32
E 757 1 2 24
E 757 2 1 16
E 757 6 -1 -16
T 758 25 0 3 0
E 758 0 3 28
E 758 1 2 20
E 758 6 -2 -20
T 759 25 1 4 0
E 759 0 2 25
E 759 1 1 17
E 759 5 -1 -15
E 759 6 -2 -23
T 760 25 0 4 0
E 760 0 3 27
E 760 1 2 19
E 760 5 -1 -13
E 760 6 -2 -21
T 761 23 0 4 0
E 761 0 2 21
E 761 1 1 13
E 761 5 -2 -19
E 761 6 -3 -27
T 762 25 0 4 0
E 762 0 3 29
E 762 1 2 21
E 762 2 1 13
E 762 6 -2 -19
T 763 23 1 4 0
E 763 0 2 23
E 763 1 1 15
E 763 5 -1 -17
E 763 6 -2 -25
T 764 25 1 4 0
E 764 0 2 25
E 764 1 1 17
E 764 5 -1 -15
E 764 6 -2 -23
T 765 23 0 4 0
E 765 0 2 22
E 765 1 1 14
E 765 5 -2 -18
E 765 6 -2 -26
T 766 22 0 4 0
E 766 0 2 18
E 766 4 -1 -14
E 766 5 -2 -22
E 766 6 -3 -30
T 767 22 0 4 0
E 767 0 2 18
E 767 4 -1 -14
E 767 5 -2 -22
E 767 6 -3 -30
T 768 22 0 4 0
E 768 0 2 18
E 768 4 -1 -14
E 768 5 -2 -22
E 768 6 -3 -30
T 769 23 0 3 0
E 769 0 2 20
E 769 5 -2 -20
E 769 6 -3 -28
T 770 23 0 4 0
E 770 0 2 21
E 770 1 1 13
E 770 5 -2 -19
E 770 6 -3 -27
T 771 25 0 4 0
E 771 0 3 27
E 771 1 2 19
E 771 5 -1 -13
E 771 6 -2 -21
T 772 23 0 4 0
E 772 0 2 21
E 772 1 1 13
E 772 5 -2 -19
E 772 6 -3 -27
T 773 23 1 4 0
E 773 0 2 23
E 773 1 1 15
E 773 5 -1 -17
E 773 6 -2 -25
T 774 25 0 4 0
E 774 0 3 29
E 774 1 2 21
E 774 2 1 13
E 774 6 -2 -19
T 775 25 0 4 0
E 775 0 2 26
E 775 1 2 18
E 775 5 -1 -14
E 775 6 -2 -22
T 776 25 1 4 0
E 776 0 2 25
E 776 1 1 17
E 776 5 -1 -15
E 776 6 -2 -23
T 777 26 0 4 0
E 777 0 3 31
E 777 1 2 23
E 777 2 1 15
E 777 6 -1 -17
T 778 23 0 4 0
E 778 0 2 22
E 778 1 1 14
E 778 5 -2 -18
E 778 6 -2 -26
T 779 23 0 3 0
E 779 0 2 20
E 779 5 -2 -20
E 779 6 -3 -28
T 780 26 0 4 0
E 780 0 3 30
E 780 1 2 22
E 780 2 1 14
E 780 6 -2 -18
T 781 25 0 4 0
E 781 0 3 29
E 781 1 2 21
E 781 2 1 13
E 781 6 -2 -19
T 782 24 1 4 0
E 782 0 2 24
E 782 1 1 16
E 782 5 -1 -16
E 782 6 -2 -24
T 783 25 0 3 0
E 783 0 3 28
E 783 1 2 20
E 783 6 -2 -20
T 784 26 0 4 0
E 784 0 3 31
E 784 1 2 23
E 784 2 1 15
E 784 6 -1 -17
T 785 27 0 4 0
E 785 0 3 32
E 785 1 2 24
E 785 2 1 16
E 785 6 -1 -16
T 786 26 0 4 0
E 786 0 3 30
E 786 1 2 22
E 786 2 1 14
E 786 6 -2 -18
T 787 25 0 4 0
E 787 0 2 26
E 787 1 2 18
E 787 5 -1 -14
E 787 6 -2 -22
T 788 23 0 4 0
E 788 0 2 21
E 788 1 1 13
E 788 5 -2 -19
E 788 6 -3 -27
T 789 23 0 4 0
E 789 0 2 21
E 789 1 1 13
E 789 5 -2 -19
E 789 6 -3 -27
T 790 26 0 4 0
E 790 0 3 30
E 790 1 2 22
E 790 2 1 14
E 790 6 -2 -18
T 791 25 1 4 0
E 791 0 2 25
E 791 1 1 17
E 791 5 -1 -15
E 791 6 -2 -23
T 792 28 0 4 0
E 792 0 3 33
E 792 1 2 25
E 792 2 1 17
E 792 6 -1 -15
T 793 24 1 4 0
E 793 0 2 24
E 793 1 1 16
E 793 5 -1 -16
E 793 6 -2 -24
T 794 25 0 4 0
E 794 0 3 29
E 794 1 2 21
E 794 2 1 13
E 794 6 -2 -19
T 795 23 1 4 0
E 795 0 2 23
E 795 1 1 15
E 795 5 -1 -17
E 795 6 -2 -25
T 796 23 0 4 0
E 796 0 2 19
E 796 4 -1 -13
E 796 5 -2 -21
E 796 6 -3 -29
T 797 25 1 4 0
E 797 0 2 25
E 797 1 1 17
E 797 5 -1 -15
E 797 6 -2 -23
T 798 23 0 3 0
E 798 0 2 20
E 798 5 -2 -20
E 798 6 -3 -28
T 799 23 0 4 0
E 799 0 2 21
E 799 1 1 13
E 799 5 -2 -19
E 799 6 -3 -27
T 800 23 1 4 0
E 800 0 2 23
E 800 1 1 15
E 800 5 -1 -17
E 800 6 -2 -25
T 801 23 0 4 0
E 801 0 2 21
E 801 1 1 13
E 801 5 -2 -19
E 801 6 -3 -27
T 802 25 1 4 0
E 802 0 2 25
E 802 1 1 17
E 802 5 -1 -15
E 802 6 -2 -23
T 803 25 0 4 0
E 803 0 3 27
E 803 1 2 19
E 803 5 -1 -13
E 803 6 -2 -21
T 804 23 0 4 0
E 804 0 2 22
E 804 1 1 14
E 804 5 -2 -18
E 804 6 -2 -26
T 805 24 1 4 0
E 805 0 2 24
E 805 1 1 16
E 805 5 -1 -16
E 805 6 -2 -24
T 806 26 0 4 0
E 806 0 3 31
E 806 1 2 23
E 806 2 1 15
E 806 6 -1 -17
T 807 23 0 4 0
E 807 0 2 22
E 807 1 1 14
E 807 5 -2 -18
E 807 6 -2 -26
T 808 22 0 4 0
E 808 0 2 18
E 808 4 -1 -14
E 808 5 -2 -22
E 808 6 -3 -30
T 809 25 0 4 0
E 809 0 2 26
E 809 1 2 18
E 809 5 -1 -14
E 809 6 -2 -22
T 810 23 0 4 0
E 810 0 2 21
E 810 1 1 13
E 810 5 -2 -19
E 810 6 -3 -27
T 811 25 0 4 0
E 811 0 2 26
E 811 1 2 18
E 811 5 -1 -14
E 811 6 -2 -22
T 812 28 0 4 0
E 812 0 3 33
E 812 1 2 25
E 812 2 1 17
E 812 6 -1 -15
T 813 25 0 3 0
E 813 0 3 28
E 813 1 2 20
E 813 6 -2 -20
T 814 23 0 4 0
E 814 0 2 21
E 814 1 1 13
E 814 5 -2 -19
E 814 6 -3 -27
T 815 23 0 3 0
E 815 0 2 20
E 815 5 -2 -20
E 815 6 -3 -28
T 816 23 0 4 0
E 816 0 2 21
E 816 1 1 13
E 816 5 -2 -19
E 816 6 -3 -27
T 817 20 0 4 0
E 817 0 2 19
E 817 1 1 14
E 817 5 -2 -18
E 817 6 -2 -26
T 818 21 0 4 0
E 818 0 2 24
E 818 1 2 21
E 818 2 1 13
E 818 6 -2 -19
T 819 18 0 3 0
E 819 0 2 20
E 819 1 2 20
E 819 6 -2 -20
T 820 16 0 3 0
E 820 0 1 17
E 820 1 2 20
E 820 6 -2 -20
T 821 13 0 3 0
E 821 1 1 16
E 821 5 -1 -16
E 821 6 -2 -24
T 822 11 0 3 0
E 822 1 1 14
E 822 5 -1 -15
E 822 6 -2 -23
T 823 10 0 3 0
E 823 1 1 13
E 823 5 -1 -14
E 823 6 -2 -22
T 824 8 1 3 0
E 824 1 1 13
E 824 2 1 13
E 824 6 -2 -19
T 825 8 0 3 0
E 825 1 1 14
E 825 2 1 17
E 825 6 -1 -15
T 826 8 0 3 0
E 826 1 1 17
E 826 2 2 22
E 826 3 1 14
T 827 2 0 1 0
E 827 2 5 17
T 828 0 0 1 0
E 828 2 5 15
T 829 2 0 0 0
T 830 1 0 2 0
E 830 2 2 16
E 830 3 3 19
T 831 3 0 1 0
E 831 3 5 17
T 832 3 0 0 0
T 833 5 0 0 0
T 834 6 0 2 0
E 834 3 2 13
E 834 4 2 13
T 835 6 0 2 0
E 835 3 2 13
E 835 4 2 16
T 836 10 0 1 0
E 836 4 5 15
T 837 11 0 0 0
T 838 10 0 1 0
E 838 0 -5 -15
T 839 9 0 2 0
E 839 4 2 15
E 839 5 2 15
T 840 10 0 1 0
E 840 0 -4 -14
T 841 14 0 1 0
E 841 5 5 16
T 842 10 0 1 0
E 842 0 -5 -15
T 843 9 0 3 0
E 843 4 1 15
E 843 5 2 20
E 843 6 1 17
T 844 15 0 2 0
E 844 5 2 14
E 844 6 2 14
T 845 11 0 1 0
E 845 0 -5 -16
T 846 16 0 2 0
E 846 5 2 14
E 846 6 3 19
T 847 15 0 2 0
E 847 0 -3 -20
E 847 1 -2 -15
T 848 13 0 2 0
E 848 0 -3 -18
E 848 1 -2 -13
T 849 13 0 2 0
E 849 0 -3 -18
E 849 1 -2 -13
T 850 17 0 2 0
E 850 5 2 13
E 850 6 3 18
T 851 17 0 2 0
E 851 0 -3 -22
E 851 1 -2 -17
T 852 17 0 2 0
E 852 5 2 13
E 852 6 3 18
T 853 17 1 2 0
E 853 0 -2 -17
E 853 6 2 13
T 854 15 1 2 0
E 854 0 -2 -15
E 854 6 2 15
T 855 14 0 2 0
E 855 0 -3 -19
E 855 1 -2 -14
T 856 15 0 2 0
E 856 5 2 15
E 856 6 3 20
T 857 14 1 2 0
E 857 0 -2 -14
E 857 6 2 16
T 858 15 0 2 0
E 858 5 2 15
E 858 6 3 20
T 859 14 0 2 0
E 859 0 -3 -19
E 859 1 -2 -14
T 860 17 1 2 0
E 860 0 -2 -17
E 860 6 2 13
T 861 15 1 2 0
E 861 0 -2 -15
E 861 6 2 15
T 862 17 0 2 0
E 862 5 2 13
E 862 6 3 18
T 863 17 0 2 0
E 863 5 2 13
E 863 6 3 18
T 864 16 0 2 0
E 864 0 -3 -21
E 864 1 -2 -16
T 865 16 1 2 0
E 865 0 -2 -16
E 865 6 2 14
T 866 17 0 2 0
E 866 5 2 14
E 866 6 3 19
T 867 15 0 2 0
E 867 0 -3 -20
E 867 1 -2 -14
T 868 17 1 2 0
E 868 0 -2 -17
E 868 6 2 15
T 869 16 0 3 0
E 869 0 -1 -14
E 869 5 1 14
E 869 6 2 19
T 870 16 1 2 0
E 870 0 -2 -16
E 870 6 2 17
T 871 16 0 3 0
E 871 0 -1 -14
E 871 5 1 15
E 871 6 2 20
T 872 15 0 3 0
E 872 0 -1 -13
E 872 5 1 16
E 872 6 2 21
T 873 19 0 3 0
E 873 0 -2 -21
E 873 1 -1 -13
E 873 6 1 14
T 874 19 0 2 0
E 874 0 -4 -25
E 874 1 -2 -17
T 875 18 0 3 0
E 875 0 -1 -16
E 875 5 1 15
E 875 6 2 20
T 876 19 0 3 0
E 876 0 -2 -21
E 876 1 -1 -13
E 876 6 1 16
T 877 19 0 3 0
E 877 0 -1 -17
E 877 5 1 15
E 877 6 2 20
T 878 19 0 3 0
E 878 0 -1 -17
E 878 5 1 16
E 878 6 2 21
T 879 21 1 4 0
E 879 0 -2 -21
E 879 1 -1 -13
E 879 5 1 13
E 879 6 2 18
T 880 21 0 2 0
E 880 0 -4 -28
E 880 1 -3 -20
T 881 23 0 3 0
E 881 0 -3 -27
E 881 1 -2 -19
E 881 6 1 13
T 882 23 0 3 0
E 882 0 -3 -29
E 882 1 -2 -21
E 882 2 -1 -13
T 883 23 0 3 0
E 883 0 -3 -27
E 883 1 -2 -19
E 883 6 1 14
T 884 22 0 4 0
E 884 0 -2 -19
E 884 4 1 13
E 884 5 2 18
E 884 6 2 23
T 885 21 0 3 0
E 885 0 -2 -20
E 885 5 1 17
E 885 6 2 22
T 886 24 0 4 0
E 886 0 -3 -29
E 886 1 -2 -21
E 886 2 -1 -13
E 886 6 1 14
T 887 23 0 3 0
E 887 0 -2 -26
E 887 1 -2 -18
E 887 6 1 17
T 888 26 0 4 0
E 888 0 -3 -31
E 888 1 -2 -23
E 888 2 -1 -15
E 888 6 1 13
T 889 24 0 4 0
E 889 0 -3 -29
E 889 1 -2 -21
E 889 2 -1 -13
E 889 6 1 16
T 890 25 1 4 0
E 890 0 -2 -25
E 890 1 -1 -17
E 890 5 1 15
E 890 6 2 20
T 891 25 0 3 0
E 891 0 -3 -28
E 891 1 -2 -20
E 891 6 2 18
T 892 25 0 4 0
E 892 0 -3 -27
E 892 1 -2 -19
E 892 5 1 13
E 892 6 2 19
T 893 23 0 4 0
E 893 0 -2 -22
E 893 1 -1 -14
E 893 5 2 18
E 893 6 2 25
T 894 25 0 4 0
E 894 0 -2 -26
E 894 1 -2 -18
E 894 5 1 14
E 894 6 2 22
T 895 26 0 4 0
E 895 0 -3 -30
E 895 1 -2 -22
E 895 2 -1 -14
E 895 6 2 18
T 896 25 0 4 0
E 896 0 -3 -29
E 896 1 -2 -21
E 896 2 -1 -13
E 896 6 2 19
T 897 25 0 3 0
E 897 0 -3 -28
E 897 1 -2 -20
E 897 6 2 20
T 898 23 0 4 0
E 898 0 -2 -21
E 898 1 -1 -13
E 898 5 2 19
E 898 6 3 27
T 899 25 0 4 0
E 899 0 -3 -27
E 899 1 -2 -19
E 899 5 1 13
E 899 6 2 21
T 900 23 0 4 0
E 900 0 -2 -21
E 900 1 -1 -13
E 900 5 2 19
E 900 6 3 27
T 901 25 0 3 0
E 901 0 -3 -28
E 901 1 -2 -20
E 901 6 2 20
T 902 23 0 3 0
E 902 0 -2 -20
E 902 5 2 20
E 902 6 3 28
T 903 25 0 4 0
E 903 0 -2 -26
E 903 1 -2 -18
E 903 5 1 14
E 903 6 2 22
T 904 25 0 4 0
E 904 0 -3 -29
E 904 1 -2 -21
E 904 2 -1 -13
E 904 6 2 19
T 905 25 0 3 0
E 905 0 -3 -28
E 905 1 -2 -20
E 905 6 2 20
T 906 23 1 4 0
E 906 0 -2 -23
E 906 1 -1 -15
E 906 5 1 17
E 906 6 2 25
T 907 25 0 4 0
E 907 0 -3 -27
E 907 1 -2 -19
E 907 5 1 13
E 907 6 2 21
T 908 23 0 4 0
E 908 0 -2 -22
E 908 1 -1 -14
E 908 5 2 18
E 908 6 2 26
T 909 23 0 3 0
E 909 0 -2 -20
E 909 5 2 20
E 909 6 3 28
T 910 26 0 4 0
E 910 0 -3 -30
E 910 1 -2 -22
E 910 2 -1 -14
E 910 6 2 18
T 911 28 0 4 0
E 911 0 -3 -34
E 911 1 -2 -26
E 911 2 -2 -18
E 911 6 1 14
T 912 26 0 4 0
E 912 0 -3 -31
E 912 1 -2 -23
E 912 2 -1 -15
E 912 6 1 17
T 913 25 0 4 0
E 913 0 -3 -27
E 913 1 -2 -19
E 913 5 1 13
E 913 6 2 21
T 914 27 0 4 0
E 914 0 -3 -32
E 914 1 -2 -24
E 914 2 -1 -16
E 914 6 1 16
T 915 25 0 4 0
E 915 0 -3 -27
E 915 1 -2 -19
E 915 5 1 13
E 915 6 2 21
T 916 28 0 4 0
E 916 0 -3 -33
E 916 1 -2 -25
E 916 2 -1 -17
E 916 6 1 15
T 917 25 0 4 0
E 917 0 -3 -27
E 917 1 -2 -19
E 917 5 1 13
E 917 6 2 21
T 918 24 1 4 0
E 918 0 -2 -24
E 918 1 -1 -16
E 918 5 1 16
E 918 6 2 24
T 919 27 0 4 0
E 919 0 -3 -32
E 919 1 -2 -24
E 919 2 -1 -16
E 919 6 1 16
T 920 25 0 4 0
E 920 0 -3 -29
E 920 1 -2 -21
E 920 2 -1 -13
E 920 6 2 19
T 921 25 1 4 0
E 921 0 -2 -25
E 921 1 -1 -17
E 921 5 1 15
E 921 6 2 23
T 922 24 1 4 0
E 922 0 -2 -24
E 922 1 -1 -16
E 922 5 1 16
E 922 6 2 24
T 923 23 0 4 0
E 923 0 -2 -21
E 923 1 -1 -13
E 923 5 2 19
E 923 6 3 27
T 924 25 0 4 0
E 924 0 -3 -29
E 924 1 -2 -21
E 924 2 -1 -13
E 924 6 2 19
T 925 23 1 4 0
E 925 0 -2 -23
E 925 1 -1 -15
E 925 5 1 17
E 925 6 2 25
T 926 25 0 4 0
E 926 0 -2 -26
E 926 1 -2 -18
E 926 5 1 14
E 926 6 2 22
T 927 27 0 4 0
E 927 0 -3 -32
E 927 1 -2 -24
E 927 2 -1 -16
E 927 6 1 16
T 928 25 0 3 0
E 928 0 -3 -28
E 928 1 -2 -20
E 928 6 2 20
T 929 25 0 4 0
E 929 0 -2 -26
E 929 1 -2 -18
E 929 5 1 14
E 929 6 2 22
T 930 26 0 4 0
E 930 0 -3 -31
E 930 1 -2 -23
E 930 2 -1 -15
E 930 6 1 17
T 931 23 1 4 0
E 931 0 -2 -23
E 931 1 -1 -15
E 931 5 1 17
E 931 6 2 25
T 932 23 0 4 0
E 932 0 -2 -22
E 932 1 -1 -14
E 932 5 2 18
E 932 6 2 26
T 933 23 0 4 0
E 933 0 -2 -19
E 933 4 1 13
E 933 5 2 21
E 933 6 3 29
T 934 26 0 4 0
E 934 0 -3 -31
E 934 1 -2 -23
E 934 2 -1 -15
E 934 6 1 17
T 935 25 0 4 0
E 935 0 -2 -26
E 935 1 -2 -18
E 935 5 1 14
E 935 6 2 22
T 936 25 0 3 0
E 936 0 -3 -28
E 936 1 -2 -20
E 936 6 2 20
T 937 23 0 4 0
E 937 0 -2 -21
E 937 1 -1 -13
E 937 5 2 19
E 937 6 3 27
T 938 23 1 4 0
E 938 0 -2 -23
E 938 1 -1 -15
E 938 5 1 17
E 938 6 2 25
T 939 25 0 4 0
E 939 0 -2 -26
E 939 1 -2 -18
E 939 5 1 14
E 939 6 2 22
T 940 24 1 4 0
E 940 0 -2 -24
E 940 1 -1 -16
E 940 5 1 16
E 940 6 2 24
T 941 26 0 4 0
E 941 0 -3 -30
E 941 1 -2 -22
E 941 2 -1 -14
E 941 6 2 18
T 942 25 1 4 0
E 942 0 -2 -25
E 942 1 -1 -17
E 942 5 1 15
E 942 6 2 23
T 943 26 0 4 0
E 943 0 -3 -31
E 943 1 -2 -23
E 943 2 -1 -15
E 943 6 1 17
T 944 24 1 4 0
E 944 0 -2 -24
E 944 1 -1 -16
E 944 5 1 16
E 944 6 2 24
T 945 23 0 3 0
E 945 0 -2 -20
E 945 5 2 20
E 945 6 3 28
T 946 25 0 4 0
E 946 0 -2 -26
E 946 1 -2 -18
E 946 5 1 14
E 946 6 2 22
T 947 23 0 4 0
E 947 0 -2 -22
E 947 1 -1 -14
E 947 5 2 18
E 947 6 2 26
T 948 25 1 4 0
E 948 0 -2 -25
E 948 1 -1 -17
E 948 5 1 15
E 948 6 2 23
T 949 27 0 4 0
E 949 0 -3 -32
E 949 1 -2 -24
E 949 2 -1 -16
E 949 6 1 16
T 950 28 0 4 0
E 950 0 -3 -34
E 950 1 -2 -26
E 950 2 -2 -18
E 950 6 1 14
T 951 25 0 4 0
E 951 0 -3 -27
E 951 1 -2 -19
E 951 5 1 13
E 951 6 2 21
T 952 23 1 4 0
E 952 0 -2 -23
E 952 1 -1 -15
E 952 5 1 17
E 952 6 2 25
T 953 23 0 3 0
E 953 0 -2 -20
E 953 5 2 20
E 953 6 3 28
T 954 23 0 4 0
E 954 0 -2 -22
E 954 1 -1 -14
E 954 5 2 18
E 954 6 2 26
T 955 23 0 4 0
E 955 0 -2 -21
E 955 1 -1 -13
E 955 5 2 19
E 955 6 3 27
T 956 23 0 3 0
E 956 0 -2 -20
E 956 5 2 20
E 956 6 3 28
T 957 25 0 3 0
E 957 0 -3 -28
E 957 1 -2 -20
E 957 6 2 20
T 958 26 0 4 0
E 958 0 -3 -31
E 958 1 -2 -23
E 958 2 -1 -15
E 958 6 1 17
T 959 26 0 4 0
E 959 0 -3 -31
E 959 1 -2 -23
E 959 2 -1 -15
E 959 6 1 17
T 960 19 0 4 0
E 960 0 2 22
E 960 1 -2 -18
E 960 5 1 14
E 960 6 2 22
T 961 21 0 4 0
E 961 0 2 24
E 961 1 -2 -19
E 961 5 1 13
E 961 6 2 21
T 962 21 0 4 0
E 962 0 2 19
E 962 1 -3 -27
E 962 2 -2 -19
E 962 6 1 13
T 963 24 1 4 0
E 963 0 2 24
E 963 1 -2 -25
E 963 2 -1 -17
E 963 6 1 15
T 964 27 0 4 0
E 964 0 2 23
E 964 1 -3 -30
E 964 2 -2 -22
E 964 3 -1 -14
T 965 27 0 4 0
E 965 0 3 32
E 965 1 2 24
E 965 2 -1 -16
E 965 6 1 16
T 966 26 0 4 0
E 966 0 3 28
E 966 1 2 20
E 966 2 -2 -23
E 966 3 -1 -15
T 967 28 0 5 0
E 967 0 2 25
E 967 1 1 17
E 967 2 -3 -29
E 967 3 -2 -21
E 967 4 -1 -13
T 968 29 1 4 0
E 968 0 3 29
E 968 1 2 21
E 968 2 -3 -28
E 968 3 -2 -20
T 969 33 0 4 0
E 969 0 4 37
E 969 1 3 29
E 969 2 -2 -24
E 969 3 -1 -16
T 970 28 0 5 0
E 970 0 3 31
E 970 1 2 23
E 970 2 1 15
E 970 3 -2 -25
E 970 4 -1 -17
T 971 29 0 5 0
E 971 0 2 25
E 971 1 1 17
E 971 3 -3 -34
E 971 4 -2 -26
E 971 5 -2 -18
T 972 29 1 6 0
E 972 0 3 29
E 972 1 2 21
E 972 2 1 13
E 972 3 -3 -33
E 972 4 -2 -25
E 972 5 -1 -17
T 973 32 0 6 0
E 973 0 2 26
E 973 1 2 18
E 973 3 -4 -39
E 973 4 -3 -31
E 973 5 -2 -23
E 973 6 -1 -15
T 974 34 0 6 0
E 974 0 3 35
E 974 1 3 27
E 974 2 2 19
E 974 3 -3 -34
E 974 4 -2 -26
E 974 5 -2 -18
T 975 33 0 6 0
E 975 0 3 34
E 975 1 2 26
E 975 2 2 18
E 975 4 -3 -30
E 975 5 -2 -22
E 975 6 -1 -14
T 976 35 0 6 0
E 976 0 4 40
E 976 1 3 32
E 976 2 2 24
E 976 3 1 16
E 976 4 -3 -27
E 976 5 -2 -19
T 977 37 0 7 0
E 977 0 4 41
E 977 1 3 33
E 977 2 2 25
E 977 3 1 17
E 977 4 -3 -29
E 977 5 -2 -21
E 977 6 -1 -13
T 978 37 0 7 0
E 978 0 4 42
E 978 1 3 34
E 978 2 2 26
E 978 3 2 18
E 978 4 -3 -31
E 978 5 -2 -23
E 978 6 -1 -15
T 979 40 0 7 0
E 979 0 4 41
E 979 1 3 33
E 979 2 2 25
E 979 3 1 17
E 979 4 -4 -36
E 979 5 -3 -28
E 979 6 -2 -20
T 980 33 0 6 0
E 980 0 4 37
E 980 1 3 29
E 980 2 2 21
E 980 3 1 13
E 980 5 -3 -35
E 980 6 -3 -27
T 981 32 0 4 0
E 981 0 3 28
E 981 1 2 20
E 981 5 -5 -47
E 981 6 -4 -39
T 982 34 0 5 0
E 982 0 3 31
E 982 1 2 23
E 982 2 1 15
E 982 5 -5 -47
E 982 6 -4 -39
T 983 36 1 5 0
E 983 0 4 36
E 983 1 3 28
E 983 2 2 20
E 983 5 -5 -45
E 983 6 -4 -37
T 984 38 0 6 0
E 984 0 4 43
E 984 1 3 35
E 984 2 3 27
E 984 3 2 19
E 984 5 -4 -42
E 984 6 -3 -34
T 985 31 0 4 0
E 985 0 4 36
E 985 1 3 28
E 985 2 2 20
E 985 6 -4 -44
T 986 29 1 4 0
E 986 0 3 29
E 986 1 2 21
E 986 2 1 13
E 986 6 -6 -54
T 987 29 0 4 0
E 987 0 2 25
E 987 1 1 17
E 987 5 -1 -15
E 987 6 -6 -61
T 988 32 1 4 0
E 988 0 3 32
E 988 1 2 24
E 988 2 1 16
E 988 6 -6 -57
T 989 35 0 5 0
E 989 0 4 39
E 989 1 3 31
E 989 2 2 23
E 989 3 1 15
E 989 6 -6 -54
T 990 28 0 4 0
E 990 0 3 33
E 990 1 2 25
E 990 2 1 17
E 990 6 -1 -15
T 991 28 0 4 0
E 991 0 3 34
E 991 1 2 26
E 991 2 2 18
E 991 6 -1 -14
T 992 27 0 4 0
E 992 0 3 32
E 992 1 2 24
E 992 2 1 16
E 992 6 -1 -16
T 993 25 0 4 0
E 993 0 3 27
E 993 1 2 19
E 993 5 -1 -13
E 993 6 -2 -21
T 994 28 0 4 0
E 994 0 3 33
E 994 1 2 25
E 994 2 1 17
E 994 6 -1 -15
T 995 27 0 4 0
E 995 0 3 32
E 995 1 2 24
E 995 2 1 16
E 995 6 -1 -16
T 996 25 0 4 0
E 996 0 3 27
E 996 1 2 19
E 996 5 -1 -13
E 996 6 -2 -21
T 997 28 0 4 0
E 997 0 3 33
E 997 1 2 25
E 997 2 1 17
E 997 6 -1 -15
T 998 26 0 4 0
E 998 0 3 30
E 998 1 2 22
E 998 2 1 14
E 998 6 -2 -18
T 999 25 0 4 0
E 999 0 3 27
E 999 1 2 19
E 999 5 -1 -13
E 999 6 -2 -21
T 1000 25 0 3 0
E 1000 0 3 28
E 1000 1 2 20
E 1000 6 -2 -20
T 1001 25 1 4 0
E 1001 0 2 25
E 1001 1 1 17
E 1001 5 -1 -15
E 1001 6 -2 -23
T 1002 23 1 4 0
E 1002 0 2 23
E 1002 1 1 15
E 1002 5 -1 -17
E 1002 6 -2 -25
T 1003 25 0 3 0
E 1003 0 3 28
E 1003 1 2 20
E 1003 6 -2 -20
T 1004 23 1 4 0
E 1004 0 2 23
E 1004 1 1 15
E 1004 5 -1 -17
E 1004 6 -2 -25
T 1005 23 1 4 0
E 1005 0 2 23
E 1005 1 1 15
E 1005 5 -1 -17
E 1005 6 -2 -25
T 1006 26 0 4 0
E 1006 0 3 30
E 1006 1 2 22
E 1006 2 1 14
E 1006 6 -2 -18
T 1007 23 1 4 0
E 1007 0 2 23
E 1007 1 1 15
E 1007 5 -1 -17
E 1007 6 -2 -25
T 1008 23 0 3 0
E 1008 0 2 20
E 1008 5 -2 -20
E 1008 6 -3 -28
T 1009 23 0 4 0
E 1009 0 2 22
E 1009 1 1 14
E 1009 5 -2 -18
E 1009 6 -2 -26
T 1010 23 1 4 0
E 1010 0 2 23
E 1010 1 1 15
E 1010 5 -1 -17
E 1010 6 -2 -25
T 1011 23 0 3 0
E 1011 0 2 20
E 1011 5 -2 -20
E 1011 6 -3 -28
T 1012 23 0 4 0
E 1012 0 2 21
E 1012 1 1 13
E 1012 5 -2 -19
E 1012 6 -3 -27
T 1013 23 0 4 0
E 1013 0 2 19
E 1013 4 -1 -13
E 1013 5 -2 -21
E 1013 6 -3 -29
T 1014 24 1 4 0
E 1014 0 2 24
E 1014 1 1 16
E 1014 5 -1 -16
E 1014 6 -2 -24
T 1015 23 0 4 0
E 1015 0 2 22
E 1015 1 1 14
E 1015 5 -2 -18
E 1015 6 -2 -26
T 1016 23 0 4 0
E 1016 0 2 19
E 1016 4 -1 -13
E 1016 5 -2 -21
E 1016 6 -3 -29
T 1017 23 0 4 0
E 1017 0 2 19
E 1017 4 -1 -13
E 1017 5 -2 -21
E 1017 6 -3 -29
T 1018 23 1 4 0
E 1018 0 2 23
E 1018 1 1 15
E 1018 5 -1 -17
E 1018 6 -2 -25
T 1019 23 0 4 0
E 1019 0 2 21
E 1019 1 1 13
E 1019 5 -2 -19
E 1019 6 -3 -27
T 1020 23 0 4 0
E 1020 0 2 22
E 1020 1 1 14
E 1020 5 -2 -18
E 1020 6 -2 -26
T 1021 24 1 4 0
E 1021 0 2 24
E 1021 1 1 16
E 1021 5 -1 -16
E 1021 6 -2 -24
T 1022 23 0 4 0
E 1022 0 2 21
E 1022 1 1 13
E 1022 5 -2 -19
E 1022 6 -3 -27
T 1023 25 0 3 0
E 1023 0 3 28
E 1023 1 2 20
E 1023 6 -2 -20
T 1024 23 0 4 0
E 1024 0 2 21
E 1024 1 1 13
E 1024 5 -2 -19
E 1024 6 -3 -27
T 1025 23 0 4 0
E 1025 0 2 19
E 1025 4 -1 -13
E 1025 5 -2 -21
E 1025 6 -3 -29
T 1026 26 0 4 0
E 1026 0 3 30
E 1026 1 2 22
E 1026 2 1 14
E 1026 6 -2 -18
T 1027 28 0 4 0
E 1027 0 3 33
E 1027 1 2 25
E 1027 2 1 17
E 1027 6 -1 -15
T 1028 25 0 4 0
E 1028 0 2 26
E 1028 1 2 18
E 1028 5 -1 -14
E 1028 6 -2 -22
T 1029 26 0 4 0
E 1029 0 3 31
E 1029 1 2 23
E 1029 2 1 15
E 1029 6 -1 -17
T 1030 25 0 4 0
E 1030 0 3 27
E 1030 1 2 19
E 1030 5 -1 -13
E 1030 6 -2 -21
T 1031 26 0 4 0
E 1031 0 3 31
E 1031 1 2 23
E 1031 2 1 15
E 1031 6 -1 -17
T 1032 25 0 3 0
E 1032 0 3 28
E 1032 1 2 20
E 1032 6 -2 -20
T 1033 25 0 4 0
E 1033 0 2 26
E 1033 1 2 18
E 1033 5 -1 -14
E 1033 6 -2 -22
T 1034 27 0 4 0
E 1034 0 3 32
E 1034 1 2 24
E 1034 2 1 16
E 1034 6 -1 -16
T 1035 26 0 4 0
E 1035 0 3 31
E 1035 1 2 23
E 1035 2 1 15
E 1035 6 -1 -17
T 1036 25 0 4 0
E 1036 0 3 29
E 1036 1 2 21
E 1036 2 1 13
E 1036 6 -2 -19
T 1037 25 0 4 0
E 1037 0 2 26
E 1037 1 2 18
E 1037 5 -1 -14
E 1037 6 -2 -22
T 1038 23 0 4 0
E 1038 0 2 22
E 1038 1 1 14
E 1038 5 -2 -18
E 1038 6 -2 -26
T 1039 26 0 4 0
E 1039 0 3 30
E 1039 1 2 22
E 1039 2 1 14
E 1039 6 -2 -18
T 1040 25 0 4 0
E 1040 0 3 29
E 1040 1 2 21
E 1040 2 1 13
E 1040 6 -2 -19
T 1041 25 1 4 0
E 1041 0 2 25
E 1041 1 1 17
E 1041 5 -1 -15
E 1041 6 -2 -23
T 1042 25 0 4 0
E 1042 0 2 26
E 1042 1 2 18
E 1042 5 -1 -14
E 1042 6 -2 -22
T 1043 24 1 4 0
E 1043 0 2 24
E 1043 1 1 16
E 1043 5 -1 -16
E 1043 6 -2 -24
T 1044 26 0 4 0
E 1044 0 3 31
E 1044 1 2 23
E 1044 2 1 15
E 1044 6 -1 -17
T 1045 27 0 4 0
E 1045 0 3 32
E 1045 1 2 24
E 1045 2 1 16
E 1045 6 -1 -16
T 1046 25 0 4 0
E 1046 0 3 27
E 1046 1 2 19
E 1046 5 -1 -13
E 1046 6 -2 -21
T 1047 24 1 4 0
E 1047 0 2 24
E 1047 1 1 16
E 1047 5 -1 -16
E 1047 6 -2 -24
T 1048 23 0 4 0
E 1048 0 2 21
E 1048 1 1 13
E 1048 5 -2 -19
E 1048 6 -3 -27
T 1049 25 0 4 0
E 1049 0 2 26
E 1049 1 2 18
E 1049 5 -1 -14
E 1049 6 -2 -22
T 1050 25 1 4 0
E 1050 0 2 25
E 1050 1 1 17
E 1050 5 -1 -15
E 1050 6 -2 -23
T 1051 23 1 4 0
E 1051 0 2 23
E 1051 1 1 15
E 1051 5 -1 -17
E 1051 6 -2 -25
T 1052 23 0 4 0
E 1052 0 2 22
E 1052 1 1 14
E 1052 5 -2 -18
E 1052 6 -2 -26
T 1053 23 0 4 0
E 1053 0 2 22
E 1053 1 1 14
E 1053 5 -2 -18
E 1053 6 -2 -26
T 1054 23 1 4 0
E 1054 0 2 23
E 1054 1 1 15
E 1054 5 -1 -17
E 1054 6 -2 -25
T 1055 23 1 4 0
E 1055 0 2 23
E 1055 1 1 15
E 1055 5 -1 -17
E 1055 6 -2 -25
T 1056 26 0 4 0
E 1056 0 3 30
E 1056 1 2 22
E 1056 2 1 14
E 1056 6 -2 -18
T 1057 24 0 4 0
E 1057 0 3 29
E 1057 1 2 24
E 1057 2 1 16
E 1057 6 -1 -16
T 1058 22 0 4 0
E 1058 0 2 26
E 1058 1 2 23
E 1058 2 1 15
E 1058 6 -1 -17
T 1059 18 0 4 0
E 1059 0 1 17
E 1059 1 1 17
E 1059 5 -1 -15
E 1059 6 -2 -23
T 1060 18 0 4 0
E 1060 0 2 22
E 1060 1 2 25
E 1060 2 1 17
E 1060 6 -1 -15
T 1061 16 0 4 0
E 1061 0 2 20
E 1061 1 2 25
E 1061 2 1 17
E 1061 6 -1 -15
T 1062 14 0 3 0
E 1062 0 2 20
E 1062 1 2 25
E 1062 2 2 20
T 1063 12 0 2 0
E 1063 5 -2 -15
E 1063 6 -3 -23
T 1064 11 0 4 0
E 1064 0 1 17
E 1064 1 2 22
E 1064 2 2 22
E 1064 3 1 14
T 1065 8 0 3 0
E 1065 1 1 14
E 1065 2 1 17
E 1065 6 -1 -15
T 1066 7 0 3 0
E 1066 1 1 14
E 1066 2 2 19
E 1066 6 -1 -13
T 1067 4 0 3 0
E 1067 1 1 13
E 1067 2 2 18
E 1067 3 1 13
T 1068 0 0 1 0
E 1068 2 5 15
T 1069 1 0 2 0
E 1069 2 2 15
E 1069 3 2 15
T 1070 1 0 1 0
E 1070 6 -5 -15
T 1071 3 0 0 0
T 1072 5 0 1 0
E 1072 6 -5 -16
T 1073 3 0 0 0
T 1074 10 0 0 0
T 1075 11 0 2 0
E 1075 0 -2 -15
E 1075 6 -2 -13
T 1076 11 0 1 0
E 1076 0 -5 -16
T 1077 11 0 0 0
T 1078 9 0 1 0
E 1078 0 -4 -13
T 1079 9 0 1 0
E 1079 0 -4 -13
T 1080 13 0 1 0
E 1080 5 4 14
T 1081 10 0 1 0
E 1081 0 -4 -14
T 1082 14 0 1 0
E 1082 5 5 16
T 1083 9 0 1 0
E 1083 0 -4 -13
T 1084 10 0 1 0
E 1084 0 -5 -15
T 1085 11 0 3 0
E 1085 4 1 14
E 1085 5 2 19
E 1085 6 2 22
T 1086 16 1 2 0
E 1086 0 -2 -16
E 1086 6 2 14
T 1087 13 0 2 0
E 1087 0 -3 -18
E 1087 1 -2 -13
T 1088 13 0 2 0
E 1088 0 -3 -18
E 1088 1 -2 -13
T 1089 16 0 2 0
E 1089 5 2 14
E 1089 6 3 19
T 1090 17 0 2 0
E 1090 0 -3 -22
E 1090 1 -2 -17
T 1091 15 1 2 0
E 1091 0 -2 -15
E 1091 6 2 15
T 1092 16 0 2 0
E 1092 0 -3 -21
E 1092 1 -2 -16
T 1093 13 1 2 0
E 1093 0 -2 -13
E 1093 6 2 17
T 1094 14 0 2 0
E 1094 5 2 16
E 1094 6 3 21
T 1095 17 0 2 0
E 1095 5 2 13
E 1095 6 3 18
T 1096 14 1 2 0
E 1096 0 -2 -14
E 1096 6 2 16
T 1097 14 0 2 0
E 1097 0 -3 -19
E 1097 1 -2 -14
T 1098 16 0 2 0
E 1098 0 -3 -21
E 1098 1 -2 -16
T 1099 17 1 2 0
E 1099 0 -2 -17
E 1099 6 2 13
T 1100 19 0 3 0
E 1100 0 -2 -24
E 1100 1 -2 -19
E 1100 2 -1 -14
T 1101 16 1 2 0
E 1101 0 -2 -16
E 1101 6 2 14
T 1102 17 0 2 0
E 1102 0 -3 -22
E 1102 1 -2 -17
T 1103 17 0 2 0
E 1103 5 2 13
E 1103 6 3 18
T 1104 13 0 2 0
E 1104 0 -3 -18
E 1104 1 -2 -13
T 1105 13 1 2 0
E 1105 0 -2 -13
E 1105 6 2 17
T 1106 14 0 2 0
E 1106 0 -3 -19
E 1106 1 -2 -13
T 1107 16 0 2 0
E 1107 5 2 15
E 1107 6 3 20
T 1108 17 0 2 0
E 1108 5 2 15
E 1108 6 3 20
T 1109 18 0 2 0
E 1109 0 -4 -24
E 1109 1 -2 -16
T 1110 19 0 2 0
E 1110 0 -3 -20
E 1110 6 2 13
T 1111 18 0 3 0
E 1111 0 -1 -16
E 1111 5 1 13
E 1111 6 2 18
T 1112 16 0 3 0
E 1112 0 -1 -14
E 1112 5 1 15
E 1112 6 2 20
T 1113 20 0 3 0
E 1113 0 -2 -22
E 1113 1 -1 -14
E 1113 6 1 13
T 1114 19 0 2 0
E 1114 0 -4 -25
E 1114 1 -2 -17
T 1115 18 0 2 0
E 1115 0 -3 -19
E 1115 6 2 17
T 1116 19 0 2 0
E 1116 0 -4 -26
E 1116 1 -3 -18
T 1117 19 0 3 0
E 1117 0 -2 -18
E 1117 5 1 14
E 1117 6 2 19
T 1118 21 0 3 0
E 1118 0 -2 -23
E 1118 1 -1 -15
E 1118 6 1 15
T 1119 23 0 3 0
E 1119 0 -2 -25
E 1119 1 -1 -17
E 1119 6 1 14
T 1120 23 0 3 0
E 1120 0 -2 -26
E 1120 1 -2 -18
E 1120 6 1 13
T 1121 23 0 3 0
E 1121 0 -3 -29
E 1121 1 -2 -21
E 1121 2 -1 -13
T 1122 23 0 3 0
E 1122 0 -3 -27
E 1122 1 -2 -19
E 1122 6 1 13
T 1123 23 1 4 0
E 1123 0 -2 -23
E 1123 1 -1 -15
E 1123 5 1 13
E 1123 6 2 18
T 1124 22 1 4 0
E 1124 0 -2 -22
E 1124 1 -1 -14
E 1124 5 1 15
E 1124 6 2 20
T 1125 22 1 4 0
E 1125 0 -2 -22
E 1125 1 -1 -14
E 1125 5 1 15
E 1125 6 2 20
T 1126 22 0 4 0
E 1126 0 -2 -19
E 1126 4 1 13
E 1126 5 2 19
E 1126 6 2 24
T 1127 25 1 4 0
E 1127 0 -2 -25
E 1127 1 -1 -17
E 1127 5 1 13
E 1127 6 2 18
T 1128 25 0 4 0
E 1128 0 -3 -30
E 1128 1 -2 -22
E 1128 2 -1 -14
E 1128 6 1 14
T 1129 25 0 4 0
E 1129 0 -3 -30
E 1129 1 -2 -22
E 1129 2 -1 -14
E 1129 6 1 15
T 1130 25 0 4 0
E 1130 0 -2 -26
E 1130 1 -2 -18
E 1130 5 1 14
E 1130 6 2 19
T 1131 25 0 3 0
E 1131 0 -3 -28
E 1131 1 -2 -20
E 1131 6 2 18
T 1132 25 1 4 0
E 1132 0 -2 -25
E 1132 1 -1 -17
E 1132 5 1 15
E 1132 6 2 21
T 1133 24 1 4 0
E 1133 0 -2 -24
E 1133 1 -1 -16
E 1133 5 1 16
E 1133 6 2 23
T 1134 26 0 4 0
E 1134 0 -3 -30
E 1134 1 -2 -22
E 1134 2 -1 -14
E 1134 6 2 18
T 1135 24 1 4 0
E 1135 0 -2 -24
E 1135 1 -1 -16
E 1135 5 1 16
E 1135 6 2 24
T 1136 25 0 4 0
E 1136 0 -3 -27
E 1136 1 -2 -19
E 1136 5 1 13
E 1136 6 2 21
T 1137 26 0 4 0
E 1137 0 -3 -30
E 1137 1 -2 -22
E 1137 2 -1 -14
E 1137 6 2 18
T 1138 28 0 4 0
E 1138 0 -3 -34
E 1138 1 -2 -26
E 1138 2 -2 -18
E 1138 6 1 14
T 1139 26 0 4 0
E 1139 0 -3 -31
E 1139 1 -2 -23
E 1139 2 -1 -15
E 1139 6 1 17
T 1140 24 1 4 0
E 1140 0 -2 -24
E 1140 1 -1 -16
E 1140 5 1 16
E 1140 6 2 24
T 1141 26 0 4 0
E 1141 0 -3 -31
E 1141 1 -2 -23
E 1141 2 -1 -15
E 1141 6 1 17
T 1142 25 0 4 0
E 1142 0 -3 -29
E 1142 1 -2 -21
E 1142 2 -1 -13
E 1142 6 2 19
T 1143 23 0 4 0
E 1143 0 -2 -22
E 1143 1 -1 -14
E 1143 5 2 18
E 1143 6 2 26
T 1144 24 1 4 0
E 1144 0 -2 -24
E 1144 1 -1 -16
E 1144 5 1 16
E 1144 6 2 24
T 1145 25 0 4 0
E 1145 0 -2 -26
E 1145 1 -2 -18
E 1145 5 1 14
E 1145 6 2 22
T 1146 25 0 3 0
E 1146 0 -3 -28
E 1146 1 -2 -20
E 1146 6 2 20
T 1147 25 1 4 0
E 1147 0 -2 -25
E 1147 1 -1 -17
E 1147 5 1 15
E 1147 6 2 23
T 1148 26 0 4 0
E 1148 0 -3 -31
E 1148 1 -2 -23
E 1148 2 -1 -15
E 1148 6 1 17
T 1149 27 0 4 0
E 1149 0 -3 -32
E 1149 1 -2 -24
E 1149 2 -1 -16
E 1149 6 1 16
T 1150 23 1 4 0
E 1150 0 -2 -23
E 1150 1 -1 -15
E 1150 5 1 17
E 1150 6 2 25
T 1151 25 0 4 0
E 1151 0 -3 -27
E 1151 1 -2 -19
E 1151 5 1 13
E 1151 6 2 21
T 1152 27 0 4 0
E 1152 0 -3 -32
E 1152 1 -2 -24
E 1152 2 -1 -16
E 1152 6 1 16
T 1153 28 0 4 0
E 1153 0 -3 -34
E 1153 1 -2 -26
E 1153 2 -2 -18
E 1153 6 1 14
T 1154 24 1 4 0
E 1154 0 -2 -24
E 1154 1 -1 -16
E 1154 5 1 16
E 1154 6 2 24
T 1155 26 0 4 0
E 1155 0 -3 -30
E 1155 1 -2 -22
E 1155 2 -1 -14
E 1155 6 2 18
T 1156 26 0 4 0
E 1156 0 -3 -31
E 1156 1 -2 -23
E 1156 2 -1 -15
E 1156 6 1 17
T 1157 25 0 4 0
E 1157 0 -3 -29
E 1157 1 -2 -21
E 1157 2 -1 -13
E 1157 6 2 19
T 1158 25 0 4 0
E 1158 0 -2 -26
E 1158 1 -2 -18
E 1158 5 1 14
E 1158 6 2 22
T 1159 26 0 4 0
E 1159 0 -3 -31
E 1159 1 -2 -23
E 1159 2 -1 -15
E 1159 6 1 17
T 1160 25 0 3 0
E 1160 0 -3 -28
E 1160 1 -2 -20
E 1160 6 2 20
T 1161 28 0 4 0
E 1161 0 -3 -33
E 1161 1 -2 -25
E 1161 2 -1 -17
E 1161 6 1 15
T 1162 28 0 4 0
E 1162 0 -3 -33
E 1162 1 -2 -25
E 1162 2 -1 -17
E 1162 6 1 15
T 1163 25 0 4 0
E 1163 0 -2 -26
E 1163 1 -2 -18
E 1163 5 1 14
E 1163 6 2 22
T 1164 25 0 4 0
E 1164 0 -3 -27
E 1164 1 -2 -19
E 1164 5 1 13
E 1164 6 2 21
T 1165 25 0 4 0
E 1165 0 -2 -26
E 1165 1 -2 -18
E 1165 5 1 14
E 1165 6 2 22
T 1166 26 0 4 0
E 1166 0 -3 -31
E 1166 1 -2 -23
E 1166 2 -1 -15
E 1166 6 1 17
T 1167 26 0 4 0
E 1167 0 -3 -30
E 1167 1 -2 -22
E 1167 2 -1 -14
E 1167 6 2 18
T 1168 28 0 4 0
E 1168 0 -3 -33
E 1168 1 -2 -25
E 1168 2 -1 -17
E 1168 6 1 15
T 1169 28 0 4 0
E 1169 0 -3 -34
E 1169 1 -2 -26
E 1169 2 -2 -18
E 1169 6 1 14
T 1170 25 0 4 0
E 1170 0 -3 -27
E 1170 1 -2 -19
E 1170 5 1 13
E 1170 6 2 21
T 1171 26 0 4 0
E 1171 0 -3 -30
E 1171 1 -2 -22
E 1171 2 -1 -14
E 1171 6 2 18
T 1172 28 0 4 0
E 1172 0 -3 -33
E 1172 1 -2 -25
E 1172 2 -1 -17
E 1172 6 1 15
T 1173 27 0 4 0
E 1173 0 -3 -32
E 1173 1 -2 -24
E 1173 2 -1 -16
E 1173 6 1 16
T 1174 28 0 4 0
E 1174 0 -3 -33
E 1174 1 -2 -25
E 1174 2 -1 -17
E 1174 6 1 15
T 1175 28 0 4 0
E 1175 0 -3 -34
E 1175 1 -2 -26
E 1175 2 -2 -18
E 1175 6 1 14
T 1176 26 0 4 0
E 1176 0 -3 -30
E 1176 1 -2 -22
E 1176 2 -1 -14
E 1176 6 2 18
T 1177 25 0 4 0
E 1177 0 -3 -27
E 1177 1 -2 -19
E 1177 5 1 13
E 1177 6 2 21
T 1178 25 1 4 0
E 1178 0 -2 -25
E 1178 1 -1 -17
E 1178 5 1 15
E 1178 6 2 23
T 1179 25 0 4 0
E 1179 0 -3 -29
E 1179 1 -2 -21
E 1179 2 -1 -13
E 1179 6 2 19
T 1180 25 0 4 0
E 1180 0 -2 -26
E 1180 1 -2 -18
E 1180 5 1 14
E 1180 6 2 22
T 1181 27 0 4 0
E 1181 0 -3 -32
E 1181 1 -2 -24
E 1181 2 -1 -16
E 1181 6 1 16
T 1182 26 0 4 0
E 1182 0 -3 -31
E 1182 1 -2 -23
E 1182 2 -1 -15
E 1182 6 1 17
T 1183 25 0 4 0
E 1183 0 -3 -27
E 1183 1 -2 -19
E 1183 5 1 13
E 1183 6 2 21
T 1184 26 0 4 0
E 1184 0 -3 -30
E 1184 1 -2 -22
E 1184 2 -1 -14
E 1184 6 2 18
T 1185 23 1 4 0
E 1185 0 -2 -23
E 1185 1 -1 -15
E 1185 5 1 17
E 1185 6 2 25
T 1186 23 0 4 0
E 1186 0 -2 -19
E 1186 4 1 13
E 1186 5 2 21
E 1186 6 3 29
T 1187 25 1 4 0
E 1187 0 -2 -25
E 1187 1 -1 -17
E 1187 5 1 15
E 1187 6 2 23
T 1188 28 0 4 0
E 1188 0 -3 -33
E 1188 1 -2 -25
E 1188 2 -1 -17
E 1188 6 1 15
T 1189 27 0 3 0
E 1189 0 -4 -36
E 1189 1 -3 -28
E 1189 2 -2 -20
T 1190 25 1 4 0
E 1190 0 -2 -25
E 1190 1 -1 -17
E 1190 5 1 15
E 1190 6 2 23
T 1191 25 0 4 0
E 1191 0 -3 -29
E 1191 1 -2 -21
E 1191 2 -1 -13
E 1191 6 2 19
T 1192 25 0 3 0
E 1192 0 -3 -28
E 1192 1 -2 -20
E 1192 6 2 20
T 1193 24 1 4 0
E 1193 0 -2 -24
E 1193 1 -1 -16
E 1193 5 1 16
E 1193 6 2 24
T 1194 23 1 4 0
E 1194 0 -2 -23
E 1194 1 -1 -15
E 1194 5 1 17
E 1194 6 2 25
T 1195 25 0 4 0
E 1195 0 -2 -26
E 1195 1 -2 -18
E 1195 5 1 14
E 1195 6 2 22
T 1196 26 0 4 0
E 1196 0 -3 -30
E 1196 1 -2 -22
E 1196 2 -1 -14
E 1196 6 2 18
T 1197 23 0 4 0
E 1197 0 -2 -21
E 1197 1 -1 -13
E 1197 5 2 19
E 1197 6 3 27
T 1198 25 0 3 0
E 1198 0 -3 -28
E 1198 1 -2 -20
E 1198 6 2 20
T 1199 25 0 4 0
E 1199 0 -3 -27
E 1199 1 -2 -19
E 1199 5 1 13
E 1199 6 2 21
T 1200 20 0 4 0
E 1200 0 3 27
E 1200 1 -1 -13
E 1200 5 2 19
E 1200 6 3 27
T 1201 19 0 4 0
E 1201 0 1 17
E 1201 1 -2 -26
E 1201 2 -2 -18
E 1201 6 1 14
T 1202 23 1 4 0
E 1202 0 2 23
E 1202 1 -2 -23
E 1202 2 -1 -15
E 1202 6 1 17
T 1203 25 1 4 0
E 1203 0 2 25
E 1203 1 -2 -24
E 1203 2 -1 -16
E 1203 6 1 16
T 1204 29 0 4 0
E 1204 0 3 31
E 1204 1 -2 -22
E 1204 2 -1 -14
E 1204 6 2 18
T 1205 27 0 4 0
E 1205 0 3 32
E 1205 1 2 24
E 1205 2 -1 -16
E 1205 6 1 16
T 1206 29 0 4 0
E 1206 0 3 34
E 1206 1 2 26
E 1206 2 -1 -17
E 1206 6 1 15
T 1207 27 0 4 0
E 1207 0 3 29
E 1207 1 2 21
E 1207 2 -2 -25
E 1207 3 -1 -17
T 1208 29 0 5 0
E 1208 0 3 28
E 1208 1 2 20
E 1208 2 -3 -29
E 1208 3 -2 -21
E 1208 4 -1 -13
T 1209 29 0 5 0
E 1209 0 3 28
E 1209 1 2 20
E 1209 2 -3 -33
E 1209 3 -2 -25
E 1209 4 -1 -17
T 1210 30 0 5 0
E 1210 0 3 33
E 1210 1 2 25
E 1210 2 1 17
E 1210 3 -2 -23
E 1210 4 -1 -15
T 1211 31 0 5 0
E 1211 0 4 37
E 1211 1 3 29
E 1211 2 2 21
E 1211 3 -2 -22
E 1211 4 -1 -14
T 1212 33 1 6 0
E 1212 0 3 33
E 1212 1 2 25
E 1212 2 1 17
E 1212 3 -3 -29
E 1212 4 -2 -21
E 1212 5 -1 -13
T 1213 32 0 6 0
E 1213 0 3 30
E 1213 1 2 22
E 1213 2 1 14
E 1213 3 -3 -35
E 1213 4 -3 -27
E 1213 5 -2 -19
T 1214 34 0 7 0
E 1214 0 3 30
E 1214 1 2 22
E 1214 2 1 14
E 1214 3 -4 -39
E 1214 4 -3 -31
E 1214 5 -2 -23
E 1214 6 -1 -15
T 1215 32 0 6 0
E 1215 0 4 39
E 1215 1 3 31
E 1215 2 2 23
E 1215 3 1 15
E 1215 4 -2 -25
E 1215 5 -1 -17
T 1216 34 0 6 0
E 1216 0 3 33
E 1216 1 2 25
E 1216 2 1 17
E 1216 4 -3 -34
E 1216 5 -2 -26
E 1216 6 -2 -18
T 1217 35 0 7 0
E 1217 0 4 39
E 1217 1 3 31
E 1217 2 2 23
E 1217 3 1 15
E 1217 4 -3 -31
E 1217 5 -2 -23
E 1217 6 -1 -15
T 1218 36 0 6 0
E 1218 0 3 34
E 1218 1 2 26
E 1218 2 2 18
E 1218 4 -4 -39
E 1218 5 -3 -31
E 1218 6 -2 -23
T 1219 38 0 7 0
E 1219 0 4 43
E 1219 1 3 35
E 1219 2 3 27
E 1219 3 2 19
E 1219 4 -3 -34
E 1219 5 -2 -26
E 1219 6 -2 -18
T 1220 34 0 5 0
E 1220 0 3 35
E 1220 1 3 27
E 1220 2 2 19
E 1220 5 -4 -37
E 1220 6 -3 -29
T 1221 35 0 6 0
E 1221 0 4 38
E 1221 1 3 30
E 1221 2 2 22
E 1221 3 1 14
E 1221 5 -4 -37
E 1221 6 -3 -29
T 1222 36 0 6 0
E 1222 0 4 39
E 1222 1 3 31
E 1222 2 2 23
E 1222 3 1 15
E 1222 5 -4 -39
E 1222 6 -3 -31
T 1223 35 0 6 0
E 1223 0 4 38
E 1223 1 3 30
E 1223 2 2 22
E 1223 3 1 14
E 1223 5 -4 -43
E 1223 6 -3 -35
T 1224 38 0 6 0
E 1224 0 4 43
E 1224 1 3 35
E 1224 2 3 27
E 1224 3 2 19
E 1224 5 -4 -42
E 1224 6 -3 -34
T 1225 32 0 4 0
E 1225 0 3 35
E 1225 1 3 27
E 1225 2 2 19
E 1225 6 -5 -45
T 1226 29 1 4 0
E 1226 0 3 29
E 1226 1 2 21
E 1226 2 1 13
E 1226 6 -6 -54
T 1227 32 1 4 0
E 1227 0 3 32
E 1227 1 2 24
E 1227 2 1 16
E 1227 6 -6 -54
T 1228 34 0 5 0
E 1228 0 4 39
E 1228 1 3 31
E 1228 2 2 23
E 1228 3 1 15
E 1228 6 -5 -50
T 1229 33 0 5 0
E 1229 0 4 37
E 1229 1 3 29
E 1229 2 2 21
E 1229 3 1 13
E 1229 6 -6 -56
T 1230 27 0 4 0
E 1230 0 4 37
E 1230 1 3 29
E 1230 2 2 21
E 1230 3 1 13
T 1231 25 0 4 0
E 1231 0 3 27
E 1231 1 2 19
E 1231 5 -1 -13
E 1231 6 -2 -21
T 1232 26 0 4 0
E 1232 0 3 30
E 1232 1 2 22
E 1232 2 1 14
E 1232 6 -2 -18
T 1233 26 0 4 0
E 1233 0 3 30
E 1233 1 2 22
E 1233 2 1 14
E 1233 6 -2 -18
T 1234 26 0 4 0
E 1234 0 3 31
E 1234 1 2 23
E 1234 2 1 15
E 1234 6 -1 -17
T 1235 26 0 4 0
E 1235 0 3 31
E 1235 1 2 23
E 1235 2 1 15
E 1235 6 -1 -17
T 1236 25 0 3 0
E 1236 0 3 28
E 1236 1 2 20
E 1236 6 -2 -20
T 1237 25 0 4 0
E 1237 0 3 29
E 1237 1 2 21
E 1237 2 1 13
E 1237 6 -2 -19
T 1238 25 1 4 0
E 1238 0 2 25
E 1238 1 1 17
E 1238 5 -1 -15
E 1238 6 -2 -23
T 1239 26 0 4 0
E 1239 0 3 30
E 1239 1 2 22
E 1239 2 1 14
E 1239 6 -2 -18
T 1240 25 0 4 0
E 1240 0 3 27
E 1240 1 2 19
E 1240 5 -1 -13
E 1240 6 -2 -21
T 1241 25 0 4 0
E 1241 0 3 27
E 1241 1 2 19
E 1241 5 -1 -13
E 1241 6 -2 -21
T 1242 26 0 4 0
E 1242 0 3 30
E 1242 1 2 22
E 1242 2 1 14
E 1242 6 -2 -18
T 1243 25 0 3 0
E 1243 0 3 28
E 1243 1 2 20
E 1243 6 -2 -20
T 1244 25 0 4 0
E 1244 0 3 29
E 1244 1 2 21
E 1244 2 1 13
E 1244 6 -2 -19
T 1245 23 0 4 0
E 1245 0 2 22
E 1245 1 1 14
E 1245 5 -2 -18
E 1245 6 -2 -26
T 1246 25 1 4 0
E 1246 0 2 25
E 1246 1 1 17
E 1246 5 -1 -15
E 1246 6 -2 -23
T 1247 28 0 4 0
E 1247 0 3 33
E 1247 1 2 25
E 1247 2 1 17
E 1247 6 -1 -15
T 1248 25 0 3 0
E 1248 0 3 28
E 1248 1 2 20
E 1248 6 -2 -20
T 1249 24 1 4 0
E 1249 0 2 24
E 1249 1 1 16
E 1249 5 -1 -16
E 1249 6 -2 -24
T 1250 26 0 4 0
E 1250 0 3 30
E 1250 1 2 22
E 1250 2 1 14
E 1250 6 -2 -18
T 1251 28 0 4 0
E 1251 0 3 33
E 1251 1 2 25
E 1251 2 1 17
E 1251 6 -1 -15
T 1252 26 0 4 0
E 1252 0 3 30
E 1252 1 2 22
E 1252 2 1 14
E 1252 6 -2 -18
T 1253 25 0 3 0
E 1253 0 3 28
E 1253 1 2 20
E 1253 6 -2 -20
T 1254 23 0 4 0
E 1254 0 2 21
E 1254 1 1 13
E 1254 5 -2 -19
E 1254 6 -3 -27
T 1255 26 0 4 0
E 1255 0 3 31
E 1255 1 2 23
E 1255 2 1 15
E 1255 6 -1 -17
T 1256 25 0 3 0
E 1256 0 3 28
E 1256 1 2 20
E 1256 6 -2 -20
T 1257 25 1 4 0
E 1257 0 2 25
E 1257 1 1 17
E 1257 5 -1 -15
E 1257 6 -2 -23
T 1258 27 0 4 0
E 1258 0 3 32
E 1258 1 2 24
E 1258 2 1 16
E 1258 6 -1 -16
T 1259 25 1 4 0
E 1259 0 2 25
E 1259 1 1 17
E 1259 5 -1 -15
E 1259 6 -2 -23
T 1260 25 0 4 0
E 1260 0 2 26
E 1260 1 2 18
E 1260 5 -1 -14
E 1260 6 -2 -22
T 1261 25 0 3 0
E 1261 0 3 28
E 1261 1 2 20
E 1261 6 -2 -20
T 1262 23 0 4 0
E 1262 0 2 22
E 1262 1 1 14
E 1262 5 -2 -18
E 1262 6 -2 -26
T 1263 25 0 3 0
E 1263 0 3 28
E 1263 1 2 20
E 1263 6 -2 -20
T 1264 25 0 4 0
E 1264 0 3 27
E 1264 1 2 19
E 1264 5 -1 -13
E 1264 6 -2 -21
T 1265 25 0 4 0
E 1265 0 3 27
E 1265 1 2 19
E 1265 5 -1 -13
E 1265 6 -2 -21
T 1266 23 1 4 0
E 1266 0 2 23
E 1266 1 1 15
E 1266 5 -1 -17
E 1266 6 -2 -25
T 1267 23 0 3 0
E 1267 0 2 20
E 1267 5 -2 -20
E 1267 6 -3 -28
T 1268 25 0 3 0
E 1268 0 3 28
E 1268 1 2 20
E 1268 6 -2 -20
T 1269 26 0 4 0
E 1269 0 3 30
E 1269 1 2 22
E 1269 2 1 14
E 1269 6 -2 -18
T 1270 28 0 4 0
E 1270 0 3 33
E 1270 1 2 25
E 1270 2 1 17
E 1270 6 -1 -15
T 1271 28 0 4 0
E 1271 0 3 34
E 1271 1 2 26
E 1271 2 2 18
E 1271 6 -1 -14
T 1272 27 0 3 0
E 1272 0 4 36
E 1272 1 3 28
E 1272 2 2 20
T 1273 24 1 4 0
E 1273 0 2 24
E 1273 1 1 16
E 1273 5 -1 -16
E 1273 6 -2 -24
T 1274 24 1 4 0
E 1274 0 2 24
E 1274 1 1 16
E 1274 5 -1 -16
E 1274 6 -2 -24
T 1275 25 1 4 0
E 1275 0 2 25
E 1275 1 1 17
E 1275 5 -1 -15
E 1275 6 -2 -23
T 1276 25 0 4 0
E 1276 0 2 26
E 1276 1 2 18
E 1276 5 -1 -14
E 1276 6 -2 -22
T 1277 27 0 4 0
E 1277 0 3 32
E 1277 1 2 24
E 1277 2 1 16
E 1277 6 -1 -16
T 1278 28 0 4 0
E 1278 0 3 33
E 1278 1 2 25
E 1278 2 1 17
E 1278 6 -1 -15
T 1279 28 0 4 0
E 1279 0 3 34
E 1279 1 2 26
E 1279 2 2 18
E 1279 6 -1 -14
T 1280 28 0 4 0
E 1280 0 3 33
E 1280 1 2 25
E 1280 2 1 17
E 1280 6 -1 -15
T 1281 28 0 4 0
E 1281 0 3 33
E 1281 1 2 25
E 1281 2 1 17
E 1281 6 -1 -15
T 1282 28 0 4 0
E 1282 0 3 35
E 1282 1 3 27
E 1282 2 2 19
E 1282 6 -1 -13
T 1283 28 0 4 0
E 1283 0 3 35
E 1283 1 3 27
E 1283 2 2 19
E 1283 6 -1 -13
T 1284 25 1 4 0
E 1284 0 2 25
E 1284 1 1 17
E 1284 5 -1 -15
E 1284 6 -2 -23
T 1285 27 0 4 0
E 1285 0 3 32
E 1285 1 2 24
E 1285 2 1 16
E 1285 6 -1 -16
T 1286 27 0 4 0
E 1286 0 3 32
E 1286 1 2 24
E 1286 2 1 16
E 1286 6 -1 -16
T 1287 25 0 4 0
E 1287 0 2 26
E 1287 1 2 18
E 1287 5 -1 -14
E 1287 6 -2 -22
T 1288 27 0 4 0
E 1288 0 3 32
E 1288 1 2 24
E 1288 2 1 16
E 1288 6 -1 -16
T 1289 25 0 4 0
E 1289 0 2 26
E 1289 1 2 18
E 1289 5 -1 -14
E 1289 6 -2 -22
T 1290 25 0 3 0
E 1290 0 3 28
E 1290 1 2 20
E 1290 6 -2 -20
T 1291 25 0 4 0
E 1291 0 3 29
E 1291 1 2 21
E 1291 2 1 13
E 1291 6 -2 -19
T 1292 25 0 4 0
E 1292 0 2 26
E 1292 1 2 18
E 1292 5 -1 -14
E 1292 6 -2 -22
T 1293 23 0 3 0
E 1293 0 2 20
E 1293 5 -2 -20
E 1293 6 -3 -28
T 1294 25 1 4 0
E 1294 0 2 25
E 1294 1 1 17
E 1294 5 -1 -15
E 1294 6 -2 -23
T 1295 25 0 4 0
E 1295 0 3 29
E 1295 1 2 21
E 1295 2 1 13
E 1295 6 -2 -19
T 1296 25 0 4 0
E 1296 0 3 29
E 1296 1 2 21
E 1296 2 1 13
E 1296 6 -2 -19
T 1297 21 1 4 0
E 1297 0 2 21
E 1297 1 1 16
E 1297 5 -1 -16
E 1297 6 -2 -24
T 1298 19 0 4 0
E 1298 0 1 17
E 1298 1 1 14
E 1298 5 -2 -18
E 1298 6 -2 -26
T 1299 16 0 4 0
E 1299 0 1 13
E 1299 1 1 13
E 1299 5 -2 -19
E 1299 6 -3 -27
T 1300 15 0 4 0
E 1300 0 1 14
E 1300 1 1 17
E 1300 5 -1 -15
E 1300 6 -2 -23
T 1301 13 1 4 0
E 1301 0 1 13
E 1301 1 2 18
E 1301 5 -1 -14
E 1301 6 -2 -22
T 1302 14 0 4 0
E 1302 0 1 17
E 1302 1 2 22
E 1302 2 1 17
E 1302 6 -1 -15
T 1303 10 0 3 0
E 1303 1 1 13
E 1303 5 -1 -14
E 1303 6 -2 -22
T 1304 9 0 2 0
E 1304 5 -2 -16
E 1304 6 -4 -24
T 1305 9 0 3 0
E 1305 1 1 16
E 1305 2 2 19
E 1305 6 -1 -13
T 1306 5 1 2 0
E 1306 2 2 15
E 1306 6 -2 -17
T 1307 4 1 2 0
E 1307 2 2 14
E 1307 6 -2 -15
T 1308 3 0 1 0
E 1308 6 -6 -20
T 1309 2 0 1 0
E 1309 6 -5 -17
T 1310 1 0 2 0
E 1310 2 2 13
E 1310 3 2 16
T 1311 3 0 1 0
E 1311 6 -5 -17
T 1312 4 0 1 0
E 1312 6 -5 -15
T 1313 3 0 2 0
E 1313 3 2 16
E 1313 4 2 13
T 1314 5 0 2 0
E 1314 3 2 14
E 1314 4 2 14
T 1315 8 0 0 0
T 1316 11 0 0 0
T 1317 9 0 0 0
T 1318 8 0 2 0
E 1318 4 2 16
E 1318 5 2 13
T 1319 10 0 1 0
E 1319 0 -5 -15
T 1320 11 0 1 0
E 1320 0 -5 -16
T 1321 15 0 1 0
E 1321 5 4 14
T 1322 15 0 1 0
E 1322 5 4 14
T 1323 15 0 2 0
E 1323 0 -3 -20
E 1323 1 -2 -15
T 1324 10 0 1 0
E 1324 0 -4 -14
T 1325 14 1 2 0
E 1325 0 -2 -14
E 1325 6 2 14
T 1326 14 0 2 0
E 1326 0 -3 -19
E 1326 1 -2 -14
T 1327 17 1 2 0
E 1327 0 -2 -17
E 1327 6 2 13
T 1328 17 0 2 0
E 1328 5 2 13
E 1328 6 3 18
T 1329 14 1 2 0
E 1329 0 -2 -14
E 1329 6 2 16
T 1330 14 0 2 0
E 1330 0 -3 -19
E 1330 1 -2 -14
T 1331 14 1 2 0
E 1331 0 -2 -14
E 1331 6 2 16
T 1332 17 0 2 0
E 1332 5 2 13
E 1332 6 3 18
T 1333 16 0 2 0
E 1333 0 -3 -21
E 1333 1 -2 -16
T 1334 18 0 3 0
E 1334 0 -2 -23
E 1334 1 -2 -18
E 1334 2 -1 -13
T 1335 16 0 2 0
E 1335 0 -3 -21
E 1335 1 -2 -16
T 1336 16 0 2 0
E 1336 0 -3 -21
E 1336 1 -2 -16
T 1337 15 1 2 0
E 1337 0 -2 -15
E 1337 6 2 15
T 1338 15 1 2 0
E 1338 0 -2 -15
E 1338 6 2 15
T 1339 14 1 2 0
E 1339 0 -2 -14
E 1339 6 2 16
T 1340 14 0 2 0
E 1340 0 -3 -19
E 1340 1 -2 -14
T 1341 16 0 2 0
E 1341 0 -3 -21
E 1341 1 -2 -16
T 1342 15 1 2 0
E 1342 0 -2 -15
E 1342 6 2 15
T 1343 17 0 2 0
E 1343 0 -3 -22
E 1343 1 -2 -17
T 1344 14 1 2 0
E 1344 0 -2 -14
E 1344 6 2 16
T 1345 14 0 2 0
E 1345 0 -3 -19
E 1345 1 -2 -14
T 1346 15 0 2 0
E 1346 5 2 16
E 1346 6 3 21
T 1347 17 0 2 0
E 1347 0 -3 -22
E 1347 1 -2 -16
T 1348 18 0 2 0
E 1348 0 -3 -19
E 1348 6 2 13
T 1349 16 1 2 0
E 1349 0 -2 -16
E 1349 6 2 17
T 1350 16 0 2 0
E 1350 0 -3 -21
E 1350 1 -2 -13
T 1351 15 0 3 0
E 1351 0 -1 -13
E 1351 5 1 16
E 1351 6 2 21
T 1352 17 0 2 0
E 1352 0 -3 -18
E 1352 6 2 16
T 1353 16 0 3 0
E 1353 0 -1 -14
E 1353 5 1 16
E 1353 6 2 21
T 1354 19 0 2 0
E 1354 0 -3 -20
E 1354 6 2 16
T 1355 19 0 3 0
E 1355 0 -2 -21
E 1355 1 -1 -13
E 1355 6 1 15
T 1356 19 0 2 0
E 1356 0 -4 -26
E 1356 1 -3 -18
T 1357 19 0 2 0
E 1357 0 -4 -25
E 1357 1 -2 -17
T 1358 20 0 3 0
E 1358 0 -2 -19
E 1358 5 1 14
E 1358 6 2 19
T 1359 19 0 3 0
E 1359 0 -1 -17
E 1359 5 1 17
E 1359 6 2 22
T 1360 21 1 4 0
E 1360 0 -2 -21
E 1360 1 -1 -13
E 1360 5 1 13
E 1360 6 2 18
T 1361 21 0 2 0
E 1361 0 -4 -28
E 1361 1 -3 -20
T 1362 22 0 3 0
E 1362 0 -2 -24
E 1362 1 -1 -16
E 1362 6 1 16
T 1363 20 0 3 0
E 1363 0 -2 -19
E 1363 5 1 17
E 1363 6 2 22
T 1364 23 0 3 0
E 1364 0 -2 -26
E 1364 1 -2 -18
E 1364 6 1 16
T 1365 21 0 3 0
E 1365 0 -2 -20
E 1365 5 1 17
E 1365 6 2 22
T 1366 21 0 4 0
E 1366 0 -1 -17
E 1366 4 1 15
E 1366 5 2 21
E 1366 6 2 26
T 1367 24 0 3 0
E 1367 0 -3 -28
E 1367 1 -2 -20
E 1367 6 1 15
T 1368 25 0 4 0
E 1368 0 -3 -30
E 1368 1 -2 -22
E 1368 2 -1 -14
E 1368 6 1 14
T 1369 25 0 4 0
E 1369 0 -3 -27
E 1369 1 -2 -19
E 1369 5 1 13
E 1369 6 2 18
T 1370 23 0 4 0
E 1370 0 -2 -22
E 1370 1 -1 -14
E 1370 5 2 18
E 1370 6 2 23
T 1371 24 1 4 0
E 1371 0 -2 -24
E 1371 1 -1 -16
E 1371 5 1 16
E 1371 6 2 22
T 1372 23 1 4 0
E 1372 0 -2 -23
E 1372 1 -1 -15
E 1372 5 1 17
E 1372 6 2 23
T 1373 25 0 4 0
E 1373 0 -3 -27
E 1373 1 -2 -19
E 1373 5 1 13
E 1373 6 2 20
T 1374 25 0 4 0
E 1374 0 -3 -27
E 1374 1 -2 -19
E 1374 5 1 13
E 1374 6 2 21
T 1375 23 1 4 0
E 1375 0 -2 -23
E 1375 1 -1 -15
E 1375 5 1 17
E 1375 6 2 25
T 1376 25 0 4 0
E 1376 0 -3 -29
E 1376 1 -2 -21
E 1376 2 -1 -13
E 1376 6 2 19
T 1377 25 0 3 0
E 1377 0 -3 -28
E 1377 1 -2 -20
E 1377 6 2 20
T 1378 26 0 4 0
E 1378 0 -3 -31
E 1378 1 -2 -23
E 1378 2 -1 -15
E 1378 6 1 17
T 1379 26 0 4 0
E 1379 0 -3 -30
E 1379 1 -2 -22
E 1379 2 -1 -14
E 1379 6 2 18
T 1380 27 0 4 0
E 1380 0 -3 -32
E 1380 1 -2 -24
E 1380 2 -1 -16
E 1380 6 1 16
T 1381 28 0 4 0
E 1381 0 -3 -34
E 1381 1 -2 -26
E 1381 2 -2 -18
E 1381 6 1 14
T 1382 27 0 4 0
E 1382 0 -3 -32
E 1382 1 -2 -24
E 1382 2 -1 -16
E 1382 6 1 16
T 1383 25 0 4 0
E 1383 0 -3 -29
E 1383 1 -2 -21
E 1383 2 -1 -13
E 1383 6 2 19
T 1384 26 0 4 0
E 1384 0 -3 -31
E 1384 1 -2 -23
E 1384 2 -1 -15
E 1384 6 1 17
T 1385 23 0 4 0
E 1385 0 -2 -21
E 1385 1 -1 -13
E 1385 5 2 19
E 1385 6 3 27
T 1386 25 0 4 0
E 1386 0 -2 -26
E 1386 1 -2 -18
E 1386 5 1 14
E 1386 6 2 22
T 1387 26 0 4 0
E 1387 0 -3 -31
E 1387 1 -2 -23
E 1387 2 -1 -15
E 1387 6 1 17
T 1388 27 0 4 0
E 1388 0 -3 -32
E 1388 1 -2 -24
E 1388 2 -1 -16
E 1388 6 1 16
T 1389 25 0 4 0
E 1389 0 -3 -29
E 1389 1 -2 -21
E 1389 2 -1 -13
E 1389 6 2 19
T 1390 27 0 4 0
E 1390 0 -3 -32
E 1390 1 -2 -24
E 1390 2 -1 -16
E 1390 6 1 16
T 1391 25 0 4 0
E 1391 0 -3 -29
E 1391 1 -2 -21
E 1391 2 -1 -13
E 1391 6 2 19
T 1392 26 0 4 0
E 1392 0 -3 -30
E 1392 1 -2 -22
E 1392 2 -1 -14
E 1392 6 2 18
T 1393 23 1 4 0
E 1393 0 -2 -23
E 1393 1 -1 -15
E 1393 5 1 17
E 1393 6 2 25
T 1394 23 0 4 0
E 1394 0 -2 -21
E 1394 1 -1 -13
E 1394 5 2 19
E 1394 6 3 27
T 1395 23 0 4 0
E 1395 0 -2 -21
E 1395 1 -1 -13
E 1395 5 2 19
E 1395 6 3 27
T 1396 23 1 4 0
E 1396 0 -2 -23
E 1396 1 -1 -15
E 1396 5 1 17
E 1396 6 2 25
T 1397 23 0 3 0
E 1397 0 -2 -20
E 1397 5 2 20
E 1397 6 3 28
T 1398 23 0 4 0
E 1398 0 -2 -22
E 1398 1 -1 -14
E 1398 5 2 18
E 1398 6 2 26
T 1399 25 0 3 0
E 1399 0 -3 -28
E 1399 1 -2 -20
E 1399 6 2 20
T 1400 23 0 4 0
E 1400 0 -2 -22
E 1400 1 -1 -14
E 1400 5 2 18
E 1400 6 2 26
T 1401 23 1 4 0
E 1401 0 -2 -23
E 1401 1 -1 -15
E 1401 5 1 17
E 1401 6 2 25
T 1402 25 0 4 0
E 1402 0 -2 -26
E 1402 1 -2 -18
E 1402 5 1 14
E 1402 6 2 22
T 1403 25 0 3 0
E 1403 0 -3 -28
E 1403 1 -2 -20
E 1403 6 2 20
T 1404 26 0 4 0
E 1404 0 -3 -31
E 1404 1 -2 -23
E 1404 2 -1 -15
E 1404 6 1 17
T 1405 25 0 4 0
E 1405 0 -3 -27
E 1405 1 -2 -19
E 1405 5 1 13
E 1405 6 2 21
T 1406 25 0 4 0
E 1406 0 -2 -26
E 1406 1 -2 -18
E 1406 5 1 14
E 1406 6 2 22
T 1407 24 1 4 0
E 1407 0 -2 -24
E 1407 1 -1 -16
E 1407 5 1 16
E 1407 6 2 24
T 1408 23 0 4 0
E 1408 0 -2 -21
E 1408 1 -1 -13
E 1408 5 2 19
E 1408 6 3 27
T 1409 23 0 4 0
E 1409 0 -2 -21
E 1409 1 -1 -13
E 1409 5 2 19
E 1409 6 3 27
T 1410 24 1 4 0
E 1410 0 -2 -24
E 1410 1 -1 -16
E 1410 5 1 16
E 1410 6 2 24
T 1411 27 0 4 0
E 1411 0 -3 -32
E 1411 1 -2 -24
E 1411 2 -1 -16
E 1411 6 1 16
T 1412 23 1 4 0
E 1412 0 -2 -23
E 1412 1 -1 -15
E 1412 5 1 17
E 1412 6 2 25
T 1413 25 0 4 0
E 1413 0 -2 -26
E 1413 1 -2 -18
E 1413 5 1 14
E 1413 6 2 22
T 1414 25 0 4 0
E 1414 0 -3 -27
E 1414 1 -2 -19
E 1414 5 1 13
E 1414 6 2 21
T 1415 24 1 4 0
E 1415 0 -2 -24
E 1415 1 -1 -16
E 1415 5 1 16
E 1415 6 2 24
T 1416 24 1 4 0
E 1416 0 -2 -24
E 1416 1 -1 -16
E 1416 5 1 16
E 1416 6 2 24
T 1417 23 0 4 0
E 1417 0 -2 -21
E 1417 1 -1 -13
E 1417 5 2 19
E 1417 6 3 27
T 1418 23 0 3 0
E 1418 0 -2 -20
E 1418 5 2 20
E 1418 6 3 28
T 1419 25 0 3 0
E 1419 0 -3 -28
E 1419 1 -2 -20
E 1419 6 2 20
T 1420 23 0 4 0
E 1420 0 -2 -21
E 1420 1 -1 -13
E 1420 5 2 19
E 1420 6 3 27
T 1421 26 0 4 0
E 1421 0 -3 -30
E 1421 1 -2 -22
E 1421 2 -1 -14
E 1421 6 2 18
T 1422 26 0 4 0
E 1422 0 -3 -30
E 1422 1 -2 -22
E 1422 2 -1 -14
E 1422 6 2 18
T 1423 26 0 4 0
E 1423 0 -3 -30
E 1423 1 -2 -22
E 1423 2 -1 -14
E 1423 6 2 18
T 1424 28 0 4 0
E 1424 0 -3 -34
E 1424 1 -2 -26
E 1424 2 -2 -18
E 1424 6 1 14
T 1425 26 0 4 0
E 1425 0 -3 -31
E 1425 1 -2 -23
E 1425 2 -1 -15
E 1425 6 1 17
T 1426 25 0 4 0
E 1426 0 -2 -26
E 1426 1 -2 -18
E 1426 5 1 14
E 1426 6 2 22
T 1427 23 0 4 0
E 1427 0 -2 -22
E 1427 1 -1 -14
E 1427 5 2 18
E 1427 6 2 26
T 1428 25 0 4 0
E 1428 0 -2 -26
E 1428 1 -2 -18
E 1428 5 1 14
E 1428 6 2 22
T 1429 26 0 4 0
E 1429 0 -3 -31
E 1429 1 -2 -23
E 1429 2 -1 -15
E 1429 6 1 17
T 1430 25 0 3 0
E 1430 0 -3 -28
E 1430 1 -2 -20
E 1430 6 2 20
T 1431 25 0 4 0
E 1431 0 -3 -29
E 1431 1 -2 -21
E 1431 2 -1 -13
E 1431 6 2 19
T 1432 23 0 4 0
E 1432 0 -2 -22
E 1432 1 -1 -14
E 1432 5 2 18
E 1432 6 2 26
T 1433 26 0 4 0
E 1433 0 -3 -31
E 1433 1 -2 -23
E 1433 2 -1 -15
E 1433 6 1 17
T 1434 25 0 3 0
E 1434 0 -3 -28
E 1434 1 -2 -20
E 1434 6 2 20
T 1435 27 0 4 0
E 1435 0 -3 -32
E 1435 1 -2 -24
E 1435 2 -1 -16
E 1435 6 1 16
T 1436 28 0 4 0
E 1436 0 -3 -35
E 1436 1 -3 -27
E 1436 2 -2 -19
E 1436 6 1 13
T 1437 27 0 4 0
E 1437 0 -3 -32
E 1437 1 -2 -24
E 1437 2 -1 -16
E 1437 6 1 16
T 1438 25 0 4 0
E 1438 0 -3 -27
E 1438 1 -2 -19
E 1438 5 1 13
E 1438 6 2 21
T 1439 24 1 4 0
E 1439 0 -2 -24
E 1439 1 -1 -16
E 1439 5 1 16
E 1439 6 2 24
T 1440 20 0 4 0
E 1440 0 3 29
E 1440 4 1 13
E 1440 5 2 21
E 1440 6 3 29
T 1441 22 0 4 0
E 1441 0 2 25
E 1441 1 -2 -18
E 1441 5 1 14
E 1441 6 2 22
T 1442 21 1 4 0
E 1442 0 2 21
E 1442 1 -2 -25
E 1442 2 -1 -17
E 1442 6 1 15
T 1443 25 0 4 0
E 1443 0 3 27
E 1443 1 -2 -22
E 1443 2 -1 -14
E 1443 6 2 18
T 1444 30 0 4 0
E 1444 0 3 32
E 1444 1 -2 -21
E 1444 2 -1 -13
E 1444 6 2 19
T 1445 28 0 4 0
E 1445 0 4 38
E 1445 1 3 30
E 1445 5 1 14
E 1445 6 2 22
T 1446 26 0 4 0
E 1446 0 2 24
E 1446 1 1 16
E 1446 2 -3 -27
E 1446 3 -2 -19
T 1447 27 0 4 0
E 1447 0 2 26
E 1447 1 2 18
E 1447 2 -3 -28
E 1447 3 -2 -20
T 1448 32 0 4 0
E 1448 0 3 34
E 1448 1 2 26
E 1448 2 -2 -23
E 1448 3 -1 -15
T 1449 32 0 5 0
E 1449 0 3 31
E 1449 1 2 23
E 1449 2 -3 -30
E 1449 3 -2 -22
E 1449 4 -1 -14
T 1450 28 0 5 0
E 1450 0 3 29
E 1450 1 2 21
E 1450 2 1 13
E 1450 3 -3 -27
E 1450 4 -2 -19
T 1451 29 0 5 0
E 1451 0 2 23
E 1451 1 1 15
E 1451 3 -4 -36
E 1451 4 -3 -28
E 1451 5 -2 -20
T 1452 32 0 5 0
E 1452 0 3 35
E 1452 1 3 27
E 1452 2 2 19
E 1452 3 -3 -27
E 1452 4 -2 -19
T 1453 34 0 5 0
E 1453 0 4 39
E 1453 1 3 31
E 1453 2 2 23
E 1453 3 -2 -26
E 1453 4 -2 -18
T 1454 36 0 6 0
E 1454 0 3 33
E 1454 1 2 25
E 1454 2 1 17
E 1454 3 -4 -36
E 1454 4 -3 -28
E 1454 5 -2 -20
T 1455 33 1 6 0
E 1455 0 3 33
E 1455 1 2 25
E 1455 2 1 17
E 1455 4 -3 -31
E 1455 5 -2 -23
E 1455 6 -1 -15
T 1456 34 0 6 0
E 1456 0 4 39
E 1456 1 3 31
E 1456 2 2 23
E 1456 3 1 15
E 1456 4 -3 -28
E 1456 5 -2 -20
T 1457 36 0 6 0
E 1457 0 3 33
E 1457 1 2 25
E 1457 2 1 17
E 1457 4 -4 -37
E 1457 5 -3 -29
E 1457 6 -2 -21
T 1458 36 1 6 0
E 1458 0 4 36
E 1458 1 3 28
E 1458 2 2 20
E 1458 4 -4 -37
E 1458 5 -3 -29
E 1458 6 -2 -21
T 1459 38 0 6 0
E 1459 0 3 33
E 1459 1 2 25
E 1459 2 1 17
E 1459 4 -4 -44
E 1459 5 -4 -36
E 1459 6 -3 -28
T 1460 36 0 6 0
E 1460 0 4 43
E 1460 1 3 35
E 1460 2 3 27
E 1460 3 2 19
E 1460 5 -3 -29
E 1460 6 -2 -21
T 1461 34 0 6 0
E 1461 0 4 37
E 1461 1 3 29
E 1461 2 2 21
E 1461 3 1 13
E 1461 5 -4 -38
E 1461 6 -3 -30
T 1462 33 0 5 0
E 1462 0 3 30
E 1462 1 2 22
E 1462 2 1 14
E 1462 5 -5 -48
E 1462 6 -4 -40
T 1463 36 0 5 0
E 1463 0 3 34
E 1463 1 2 26
E 1463 2 2 18
E 1463 5 -5 -47
E 1463 6 -4 -39
T 1464 36 1 5 0
E 1464 0 4 36
E 1464 1 3 28
E 1464 2 2 20
E 1464 5 -5 -49
E 1464 6 -4 -41
T 1465 32 0 4 0
E 1465 0 3 33
E 1465 1 2 25
E 1465 2 1 17
E 1465 6 -5 -47
T 1466 31 0 4 0
E 1466 0 3 32
E 1466 1 2 24
E 1466 2 1 16
E 1466 6 -5 -51
T 1467 32 1 4 0
E 1467 0 3 32
E 1467 1 2 24
E 1467 2 1 16
E 1467 6 -6 -54
T 1468 31 1 4 0
E 1468 0 3 31
E 1468 1 2 23
E 1468 2 1 15
E 1468 6 -6 -58
T 1469 30 0 4 0
E 1469 0 3 29
E 1469 1 2 21
E 1469 2 1 13
E 1469 6 -7 -64
T 1470 25 0 3 0
E 1470 0 3 28
E 1470 1 2 20
E 1470 6 -2 -20
T 1471 27 0 4 0
E 1471 0 3 32
E 1471 1 2 24
E 1471 2 1 16
E 1471 6 -1 -16
T 1472 23 1 4 0
E 1472 0 2 23
E 1472 1 1 15
E 1472 5 -1 -17
E 1472 6 -2 -25
T 1473 25 0 3 0
E 1473 0 3 28
E 1473 1 2 20
E 1473 6 -2 -20
T 1474 23 0 4 0
E 1474 0 2 21
E 1474 1 1 13
E 1474 5 -2 -19
E 1474 6 -3 -27
T 1475 25 0 4 0
E 1475 0 3 29
E 1475 1 2 21
E 1475 2 1 13
E 1475 6 -2 -19
T 1476 25 0 4 0
E 1476 0 2 26
E 1476 1 2 18
E 1476 5 -1 -14
E 1476 6 -2 -22
T 1477 26 0 4 0
E 1477 0 3 30
E 1477 1 2 22
E 1477 2 1 14
E 1477 6 -2 -18
T 1478 23 0 4 0
E 1478 0 2 21
E 1478 1 1 13
E 1478 5 -2 -19
E 1478 6 -3 -27
T 1479 23 0 4 0
E 1479 0 2 21
E 1479 1 1 13
E 1479 5 -2 -19
E 1479 6 -3 -27
T 1480 25 0 4 0
E 1480 0 3 27
E 1480 1 2 19
E 1480 5 -1 -13
E 1480 6 -2 -21
T 1481 23 1 4 0
E 1481 0 2 23
E 1481 1 1 15
E 1481 5 -1 -17
E 1481 6 -2 -25
T 1482 25 1 4 0
E 1482 0 2 25
E 1482 1 1 17
E 1482 5 -1 -15
E 1482 6 -2 -23
T 1483 25 1 4 0
E 1483 0 2 25
E 1483 1 1 17
E 1483 5 -1 -15
E 1483 6 -2 -23
T 1484 25 0 4 0
E 1484 0 3 29
E 1484 1 2 21
E 1484 2 1 13
E 1484 6 -2 -19
T 1485 26 0 4 0
E 1485 0 3 31
E 1485 1 2 23
E 1485 2 1 15
E 1485 6 -1 -17
T 1486 25 0 3 0
E 1486 0 3 28
E 1486 1 2 20
E 1486 6 -2 -20
T 1487 26 0 4 0
E 1487 0 3 31
E 1487 1 2 23
E 1487 2 1 15
E 1487 6 -1 -17
T 1488 23 0 4 0
E 1488 0 2 21
E 1488 1 1 13
E 1488 5 -2 -19
E 1488 6 -3 -27
T 1489 23 0 3 0
E 1489 0 2 20
E 1489 5 -2 -20
E 1489 6 -3 -28
T 1490 26 0 4 0
E 1490 0 3 31
E 1490 1 2 23
E 1490 2 1 15
E 1490 6 -1 -17
T 1491 23 1 4 0
E 1491 0 2 23
E 1491 1 1 15
E 1491 5 -1 -17
E 1491 6 -2 -25
T 1492 25 0 3 0
E 1492 0 3 28
E 1492 1 2 20
E 1492 6 -2 -20
T 1493 25 0 4 0
E 1493 0 3 29
E 1493 1 2 21
E 1493 2 1 13
E 1493 6 -2 -19
T 1494 23 0 4 0
E 1494 0 2 22
E 1494 1 1 14
E 1494 5 -2 -18
E 1494 6 -2 -26
T 1495 23 1 4 0
E 1495 0 2 23
E 1495 1 1 15
E 1495 5 -1 -17
E 1495 6 -2 -25
T 1496 25 0 4 0
E 1496 0 3 27
E 1496 1 2 19
E 1496 5 -1 -13
E 1496 6 -2 -21
T 1497 27 0 4 0
E 1497 0 3 32
E 1497 1 2 24
E 1497 2 1 16
E 1497 6 -1 -16
T 1498 23 0 4 0
E 1498 0 2 22
E 1498 1 1 14
E 1498 5 -2 -18
E 1498 6 -2 -26
T 1499 25 0 3 0
E 1499 0 3 28
E 1499 1 2 20
E 1499 6 -2 -20
T 1500 23 1 4 0
E 1500 0 2 23
E 1500 1 1 15
E 1500 5 -1 -17
E 1500 6 -2 -25
T 1501 23 1 4 0
E 1501 0 2 23
E 1501 1 1 15
E 1501 5 -1 -17
E 1501 6 -2 -25
T 1502 24 1 4 0
E 1502 0 2 24
E 1502 1 1 16
E 1502 5 -1 -16
E 1502 6 -2 -24
T 1503 26 0 4 0
E 1503 0 3 31
E 1503 1 2 23
E 1503 2 1 15
E 1503 6 -1 -17
T 1504 25 0 4 0
E 1504 0 3 27
E 1504 1 2 19
E 1504 5 -1 -13
E 1504 6 -2 -21
T 1505 26 0 4 0
E 1505 0 3 31
E 1505 1 2 23
E 1505 2 1 15
E 1505 6 -1 -17
T 1506 26 0 4 0
E 1506 0 3 31
E 1506 1 2 23
E 1506 2 1 15
E 1506 6 -1 -17
T 1507 25 0 4 0
E 1507 0 3 29
E 1507 1 2 21
E 1507 2 1 13
E 1507 6 -2 -19
T 1508 25 0 4 0
E 1508 0 2 26
E 1508 1 2 18
E 1508 5 -1 -14
E 1508 6 -2 -22
T 1509 23 0 4 0
E 1509 0 2 21
E 1509 1 1 13
E 1509 5 -2 -19
E 1509 6 -3 -27
T 1510 23 0 3 0
E 1510 0 2 20
E 1510 5 -2 -20
E 1510 6 -3 -28
T 1511 23 0 4 0
E 1511 0 2 22
E 1511 1 1 14
E 1511 5 -2 -18
E 1511 6 -2 -26
T 1512 25 0 4 0
E 1512 0 3 29
E 1512 1 2 21
E 1512 2 1 13
E 1512 6 -2 -19
T 1513 26 0 4 0
E 1513 0 3 31
E 1513 1 2 23
E 1513 2 1 15
E 1513 6 -1 -17
T 1514 28 0 4 0
E 1514 0 3 33
E 1514 1 2 25
E 1514 2 1 17
E 1514 6 -1 -15
T 1515 28 0 4 0
E 1515 0 3 33
E 1515 1 2 25
E 1515 2 1 17
E 1515 6 -1 -15
T 1516 28 0 4 0
E 1516 0 3 34
E 1516 1 2 26
E 1516 2 2 18
E 1516 6 -1 -14
T 1517 25 0 4 0
E 1517 0 2 26
E 1517 1 2 18
E 1517 5 -1 -14
E 1517 6 -2 -22
T 1518 25 1 4 0
E 1518 0 2 25
E 1518 1 1 17
E 1518 5 -1 -15
E 1518 6 -2 -23
T 1519 23 0 4 0
E 1519 0 2 22
E 1519 1 1 14
E 1519 5 -2 -18
E 1519 6 -2 -26
T 1520 26 0 4 0
E 1520 0 3 31
E 1520 1 2 23
E 1520 2 1 15
E 1520 6 -1 -17
T 1521 26 0 4 0
E 1521 0 3 30
E 1521 1 2 22
E 1521 2 1 14
E 1521 6 -2 -18
T 1522 25 0 4 0
E 1522 0 3 27
E 1522 1 2 19
E 1522 5 -1 -13
E 1522 6 -2 -21
T 1523 23 0 4 0
E 1523 0 2 22
E 1523 1 1 14
E 1523 5 -2 -18
E 1523 6 -2 -26
T 1524 23 1 4 0
E 1524 0 2 23
E 1524 1 1 15
E 1524 5 -1 -17
E 1524 6 -2 -25
T 1525 25 0 4 0
E 1525 0 3 27
E 1525 1 2 19
E 1525 5 -1 -13
E 1525 6 -2 -21
T 1526 23 0 4 0
E 1526 0 2 21
E 1526 1 1 13
E 1526 5 -2 -19
E 1526 6 -3 -27
T 1527 24 1 4 0
E 1527 0 2 24
E 1527 1 1 16
E 1527 5 -1 -16
E 1527 6 -2 -24
T 1528 23 0 3 0
E 1528 0 2 20
E 1528 5 -2 -20
E 1528 6 -3 -28
T 1529 25 0 3 0
E 1529 0 3 28
E 1529 1 2 20
E 1529 6 -2 -20
T 1530 23 0 4 0
E 1530 0 2 22
E 1530 1 1 14
E 1530 5 -2 -18
E 1530 6 -2 -26
T 1531 23 0 4 0
E 1531 0 2 21
E 1531 1 1 13
E 1531 5 -2 -19
E 1531 6 -3 -27
T 1532 24 1 4 0
E 1532 0 2 24
E 1532 1 1 16
E 1532 5 -1 -16
E 1532 6 -2 -24
T 1533 23 0 3 0
E 1533 0 2 20
E 1533 5 -2 -20
E 1533 6 -3 -28
T 1534 23 0 4 0
E 1534 0 2 22
E 1534 1 1 14
E 1534 5 -2 -18
E 1534 6 -2 -26
T 1535 23 0 4 0
E 1535 0 2 21
E 1535 1 1 13
E 1535 5 -2 -19
E 1535 6 -3 -27
T 1536 23 0 4 0
E 1536 0 2 21
E 1536 1 1 13
E 1536 5 -2 -19
E 1536 6 -3 -27
T 1537 23 0 4 0
E 1537 0 2 26
E 1537 1 2 21
E 1537 2 1 13
E 1537 6 -2 -19
T 1538 22 0 4 0
E 1538 0 3 27
E 1538 1 2 24
E 1538 2 1 16
E 1538 6 -1 -16
T 1539 17 0 4 0
E 1539 0 1 16
E 1539 1 1 16
E 1539 5 -1 -16
E 1539 6 -2 -24
T 1540 18 0 4 0
E 1540 0 2 22
E 1540 1 2 25
E 1540 2 1 17
E 1540 6 -1 -15
T 1541 16 0 3 0
E 1541 0 2 23
E 1541 1 3 28
E 1541 2 2 20
T 1542 13 0 3 0
E 1542 1 1 16
E 1542 5 -1 -13
E 1542 6 -2 -21
T 1543 12 0 4 0
E 1543 0 1 15
E 1543 1 2 20
E 1543 2 1 17
E 1543 6 -1 -15
T 1544 13 0 1 0
E 1544 6 -6 -20
T 1545 8 0 3 0
E 1545 1 1 14
E 1545 2 1 17
E 1545 6 -1 -15
T 1546 5 0 2 0
E 1546 2 2 14
E 1546 6 -3 -18
T 1547 6 0 3 0
E 1547 1 1 15
E 1547 2 2 20
E 1547 3 1 15
T 1548 2 0 2 0
E 1548 2 2 16
E 1548 3 2 13
T 1549 1 0 2 0
E 1549 2 2 13
E 1549 3 2 13
T 1550 0 0 1 0
E 1550 6 -5 -16
T 1551 4 0 1 0
E 1551 3 5 16
T 1552 5 0 1 0
E 1552 3 4 14
T 1553 4 0 0 0
T 1554 8 0 0 0
T 1555 10 0 1 0
E 1555 0 -4 -14
T 1556 10 0 1 0
E 1556 4 5 15
T 1557 9 0 0 0
T 1558 10 0 0 0
T 1559 12 0 1 0
E 1559 0 -5 -17
T 1560 12 0 1 0
E 1560 0 -5 -17
T 1561 14 0 2 0
E 1561 0 -3 -19
E 1561 1 -2 -14
T 1562 15 0 1 0
E 1562 5 5 15
T 1563 15 0 2 0
E 1563 0 -3 -20
E 1563 1 -2 -15
T 1564 10 0 1 0
E 1564 0 -4 -14
T 1565 12 0 3 0
E 1565 4 1 13
E 1565 5 2 18
E 1565 6 2 21
T 1566 14 0 2 0
E 1566 0 -3 -19
E 1566 1 -2 -14
T 1567 13 0 2 0
E 1567 0 -3 -18
E 1567 1 -2 -13
T 1568 16 0 2 0
E 1568 5 2 14
E 1568 6 3 19
T 1569 17 0 2 0
E 1569 5 2 13
E 1569 6 3 18
T 1570 19 0 3 0
E 1570 0 -2 -24
E 1570 1 -2 -19
E 1570 2 -1 -14
T 1571 13 0 2 0
E 1571 0 -3 -18
E 1571 1 -2 -13
T 1572 14 0 2 0
E 1572 5 2 16
E 1572 6 3 21
T 1573 17 0 2 0
E 1573 5 2 13
E 1573 6 3 18
T 1574 17 1 2 0
E 1574 0 -2 -17
E 1574 6 2 13
T 1575 13 0 2 0
E 1575 0 -3 -18
E 1575 1 -2 -13
T 1576 13 1 2 0
E 1576 0 -2 -13
E 1576 6 2 17
T 1577 15 1 2 0
E 1577 0 -2 -15
E 1577 6 2 15
T 1578 14 0 2 0
E 1578 0 -3 -19
E 1578 1 -2 -14
T 1579 14 1 2 0
E 1579 0 -2 -14
E 1579 6 2 16
T 1580 16 0 2 0
E 1580 0 -3 -21
E 1580 1 -2 -16
T 1581 13 1 2 0
E 1581 0 -2 -13
E 1581 6 2 17
T 1582 13 0 2 0
E 1582 5 2 17
E 1582 6 3 22
T 1583 15 0 2 0
E 1583 5 2 15
E 1583 6 3 20
T 1584 14 0 2 0
E 1584 0 -3 -19
E 1584 1 -2 -14
T 1585 14 0 2 0
E 1585 5 2 16
E 1585 6 3 21
T 1586 14 0 2 0
E 1586 0 -3 -19
E 1586 1 -2 -13
T 1587 16 0 2 0
E 1587 5 2 15
E 1587 6 3 20
T 1588 15 0 2 0
E 1588 0 -3 -20
E 1588 1 -2 -13
T 1589 19 0 2 0
E 1589 0 -3 -20
E 1589 6 2 13
T 1590 17 0 2 0
E 1590 0 -3 -22
E 1590 1 -2 -14
T 1591 19 0 2 0
E 1591 0 -4 -25
E 1591 1 -2 -17
T 1592 19 0 2 0
E 1592 0 -3 -20
E 1592 6 2 14
T 1593 18 0 2 0
E 1593 0 -4 -24
E 1593 1 -2 -16
T 1594 19 0 2 0
E 1594 0 -4 -26
E 1594 1 -3 -18
T 1595 16 0 3 0
E 1595 0 -1 -14
E 1595 5 1 17
E 1595 6 2 22
T 1596 19 0 3 0
E 1596 0 -2 -21
E 1596 1 -1 -13
E 1596 6 1 16
T 1597 22 0 3 0
E 1597 0 -2 -24
E 1597 1 -1 -16
E 1597 6 1 13
T 1598 19 0 3 0
E 1598 0 -2 -18
E 1598 5 1 15
E 1598 6 2 20
T 1599 21 1 4 0
E 1599 0 -2 -21
E 1599 1 -1 -13
E 1599 5 1 13
E 1599 6 2 18
T 1600 21 0 3 0
E 1600 0 -2 -20
E 1600 5 1 14
E 1600 6 2 19
T 1601 21 0 4 0
E 1601 0 -1 -17
E 1601 4 1 13
E 1601 5 2 18
E 1601 6 2 23
T 1602 21 0 2 0
E 1602 0 -4 -28
E 1602 1 -3 -20
T 1603 21 0 4 0
E 1603 0 -1 -17
E 1603 4 1 14
E 1603 5 2 19
E 1603 6 2 24
T 1604 23 0 3 0
E 1604 0 -2 -25
E 1604 1 -1 -17
E 1604 6 1 17
T 1605 21 0 3 0
E 1605 0 -2 -20
E 1605 5 1 17
E 1605 6 2 22
T 1606 24 1 4 0
E 1606 0 -2 -24
E 1606 1 -1 -16
E 1606 5 1 14
E 1606 6 2 19
T 1607 22 1 4 0
E 1607 0 -2 -22
E 1607 1 -1 -14
E 1607 5 1 16
E 1607 6 2 21
T 1608 22 0 4 0
E 1608 0 -2 -21
E 1608 1 -1 -13
E 1608 5 2 18
E 1608 6 2 23
T 1609 22 0 4 0
E 1609 0 -2 -21
E 1609 1 -1 -13
E 1609 5 2 19
E 1609 6 2 24
T 1610 23 1 4 0
E 1610 0 -2 -23
E 1610 1 -1 -15
E 1610 5 1 17
E 1610 6 2 22
T 1611 23 0 4 0
E 1611 0 -2 -22
E 1611 1 -1 -14
E 1611 5 2 18
E 1611 6 2 24
T 1612 22 0 4 0
E 1612 0 -2 -21
E 1612 1 -1 -13
E 1612 5 2 19
E 1612 6 2 25
T 1613 23 1 4 0
E 1613 0 -2 -23
E 1613 1 -1 -15
E 1613 5 1 17
E 1613 6 2 24
T 1614 24 1 4 0
E 1614 0 -2 -24
E 1614 1 -1 -16
E 1614 5 1 16
E 1614 6 2 24
T 1615 25 0 4 0
E 1615 0 -3 -27
E 1615 1 -2 -19
E 1615 5 1 13
E 1615 6 2 21
T 1616 25 0 4 0
E 1616 0 -3 -27
E 1616 1 -2 -19
E 1616 5 1 13
E 1616 6 2 21
T 1617 25 0 4 0
E 1617 0 -3 -29
E 1617 1 -2 -21
E 1617 2 -1 -13
E 1617 6 2 19
T 1618 25 0 4 0
E 1618 0 -3 -27
E 1618 1 -2 -19
E 1618 5 1 13
E 1618 6 2 21
T 1619 25 0 3 0
E 1619 0 -3 -28
E 1619 1 -2 -20
E 1619 6 2 20
T 1620 25 1 4 0
E 1620 0 -2 -25
E 1620 1 -1 -17
E 1620 5 1 15
E 1620 6 2 23
T 1621 27 0 4 0
E 1621 0 -3 -32
E 1621 1 -2 -24
E 1621 2 -1 -16
E 1621 6 1 16
T 1622 25 0 4 0
E 1622 0 -3 -29
E 1622 1 -2 -21
E 1622 2 -1 -13
E 1622 6 2 19
T 1623 28 0 4 0
E 1623 0 -3 -33
E 1623 1 -2 -25
E 1623 2 -1 -17
E 1623 6 1 15
T 1624 25 1 4 0
E 1624 0 -2 -25
E 1624 1 -1 -17
E 1624 5 1 15
E 1624 6 2 23
T 1625 23 0 4 0
E 1625 0 -2 -21
E 1625 1 -1 -13
E 1625 5 2 19
E 1625 6 3 27
T 1626 24 1 4 0
E 1626 0 -2 -24
E 1626 1 -1 -16
E 1626 5 1 16
E 1626 6 2 24
T 1627 23 0 4 0
E 1627 0 -2 -22
E 1627 1 -1 -14
E 1627 5 2 18
E 1627 6 2 26
T 1628 24 1 4 0
E 1628 0 -2 -24
E 1628 1 -1 -16
E 1628 5 1 16
E 1628 6 2 24
T 1629 25 0 4 0
E 1629 0 -3 -29
E 1629 1 -2 -21
E 1629 2 -1 -13
E 1629 6 2 19
T 1630 23 0 4 0
E 1630 0 -2 -22
E 1630 1 -1 -14
E 1630 5 2 18
E 1630 6 2 26
T 1631 25 0 3 0
E 1631 0 -3 -28
E 1631 1 -2 -20
E 1631 6 2 20
T 1632 23 1 4 0
E 1632 0 -2 -23
E 1632 1 -1 -15
E 1632 5 1 17
E 1632 6 2 25
T 1633 25 0 4 0
E 1633 0 -3 -27
E 1633 1 -2 -19
E 1633 5 1 13
E 1633 6 2 21
T 1634 26 0 4 0
E 1634 0 -3 -30
E 1634 1 -2 -22
E 1634 2 -1 -14
E 1634 6 2 18
T 1635 25 0 3 0
E 1635 0 -3 -28
E 1635 1 -2 -20
E 1635 6 2 20
T 1636 23 0 4 0
E 1636 0 -2 -22
E 1636 1 -1 -14
E 1636 5 2 18
E 1636 6 2 26
T 1637 23 0 4 0
E 1637 0 -2 -22
E 1637 1 -1 -14
E 1637 5 2 18
E 1637 6 2 26
T 1638 23 0 4 0
E 1638 0 -2 -19
E 1638 4 1 13
E 1638 5 2 21
E 1638 6 3 29
T 1639 24 1 4 0
E 1639 0 -2 -24
E 1639 1 -1 -16
E 1639 5 1 16
E 1639 6 2 24
T 1640 23 0 4 0
E 1640 0 -2 -21
E 1640 1 -1 -13
E 1640 5 2 19
E 1640 6 3 27
T 1641 25 0 4 0
E 1641 0 -2 -26
E 1641 1 -2 -18
E 1641 5 1 14
E 1641 6 2 22
T 1642 26 0 4 0
E 1642 0 -3 -30
E 1642 1 -2 -22
E 1642 2 -1 -14
E 1642 6 2 18
T 1643 28 0 4 0
E 1643 0 -3 -34
E 1643 1 -2 -26
E 1643 2 -2 -18
E 1643 6 1 14
T 1644 25 0 3 0
E 1644 0 -3 -28
E 1644 1 -2 -20
E 1644 6 2 20
T 1645 25 0 4 0
E 1645 0 -2 -26
E 1645 1 -2 -18
E 1645 5 1 14
E 1645 6 2 22
T 1646 25 0 4 0
E 1646 0 -2 -26
E 1646 1 -2 -18
E 1646 5 1 14
E 1646 6 2 22
T 1647 26 0 4 0
E 1647 0 -3 -31
E 1647 1 -2 -23
E 1647 2 -1 -15
E 1647 6 1 17
T 1648 25 1 4 0
E 1648 0 -2 -25
E 1648 1 -1 -17
E 1648 5 1 15
E 1648 6 2 23
T 1649 25 0 4 0
E 1649 0 -2 -26
E 1649 1 -2 -18
E 1649 5 1 14
E 1649 6 2 22
T 1650 25 0 3 0
E 1650 0 -3 -28
E 1650 1 -2 -20
E 1650 6 2 20
T 1651 25 0 3 0
E 1651 0 -3 -28
E 1651 1 -2 -20
E 1651 6 2 20
T 1652 23 0 3 0
E 1652 0 -2 -20
E 1652 5 2 20
E 1652 6 3 28
T 1653 26 0 4 0
E 1653 0 -3 -30
E 1653 1 -2 -22
E 1653 2 -1 -14
E 1653 6 2 18
T 1654 25 1 4 0
E 1654 0 -2 -25
E 1654 1 -1 -17
E 1654 5 1 15
E 1654 6 2 23
T 1655 25 1 4 0
E 1655 0 -2 -25
E 1655 1 -1 -17
E 1655 5 1 15
E 1655 6 2 23
T 1656 26 0 4 0
E 1656 0 -3 -30
E 1656 1 -2 -22
E 1656 2 -1 -14
E 1656 6 2 18
T 1657 25 0 4 0
E 1657 0 -2 -26
E 1657 1 -2 -18
E 1657 5 1 14
E 1657 6 2 22
T 1658 25 0 4 0
E 1658 0 -3 -27
E 1658 1 -2 -19
E 1658 5 1 13
E 1658 6 2 21
T 1659 23 0 4 0
E 1659 0 -2 -21
E 1659 1 -1 -13
E 1659 5 2 19
E 1659 6 3 27
T 1660 24 1 4 0
E 1660 0 -2 -24
E 1660 1 -1 -16
E 1660 5 1 16
E 1660 6 2 24
T 1661 23 0 3 0
E 1661 0 -2 -20
E 1661 5 2 20
E 1661 6 3 28
T 1662 23 1 4 0
E 1662 0 -2 -23
E 1662 1 -1 -15
E 1662 5 1 17
E 1662 6 2 25
T 1663 25 0 4 0
E 1663 0 -2 -26
E 1663 1 -2 -18
E 1663 5 1 14
E 1663 6 2 22
T 1664 25 0 4 0
E 1664 0 -3 -29
E 1664 1 -2 -21
E 1664 2 -1 -13
E 1664 6 2 19
T 1665 27 0 4 0
E 1665 0 -3 -32
E 1665 1 -2 -24
E 1665 2 -1 -16
E 1665 6 1 16
T 1666 23 1 4 0
E 1666 0 -2 -23
E 1666 1 -1 -15
E 1666 5 1 17
E 1666 6 2 25
T 1667 25 0 4 0
E 1667 0 -3 -29
E 1667 1 -2 -21
E 1667 2 -1 -13
E 1667 6 2 19
T 1668 27 0 4 0
E 1668 0 -3 -32
E 1668 1 -2 -24
E 1668 2 -1 -16
E 1668 6 1 16
T 1669 25 0 4 0
E 1669 0 -3 -29
E 1669 1 -2 -21
E 1669 2 -1 -13
E 1669 6 2 19
T 1670 26 0 4 0
E 1670 0 -3 -31
E 1670 1 -2 -23
E 1670 2 -1 -15
E 1670 6 1 17
T 1671 25 0 4 0
E 1671 0 -3 -27
E 1671 1 -2 -19
E 1671 5 1 13
E 1671 6 2 21
T 1672 26 0 4 0
E 1672 0 -3 -31
E 1672 1 -2 -23
E 1672 2 -1 -15
E 1672 6 1 17
T 1673 23 0 4 0
E 1673 0 -2 -22
E 1673 1 -1 -14
E 1673 5 2 18
E 1673 6 2 26
T 1674 25 0 4 0
E 1674 0 -2 -26
E 1674 1 -2 -18
E 1674 5 1 14
E 1674 6 2 22
T 1675 23 0 4 0
E 1675 0 -2 -22
E 1675 1 -1 -14
E 1675 5 2 18
E 1675 6 2 26
T 1676 26 0 4 0
E 1676 0 -3 -30
E 1676 1 -2 -22
E 1676 2 -1 -14
E 1676 6 2 18
T 1677 24 1 4 0
E 1677 0 -2 -24
E 1677 1 -1 -16
E 1677 5 1 16
E 1677 6 2 24
T 1678 25 0 4 0
E 1678 0 -2 -26
E 1678 1 -2 -18
E 1678 5 1 14
E 1678 6 2 22
T 1679 25 0 4 0
E 1679 0 -2 -26
E 1679 1 -2 -18
E 1679 5 1 14
E 1679 6 2 22
T 1680 19 0 4 0
E 1680 0 2 22
E 1680 1 -2 -18
E 1680 5 1 14
E 1680 6 2 22
T 1681 22 0 4 0
E 1681 0 2 25
E 1681 1 -2 -18
E 1681 5 1 14
E 1681 6 2 22
T 1682 23 0 4 0
E 1682 0 2 24
E 1682 1 -2 -22
E 1682 2 -1 -14
E 1682 6 2 18
T 1683 26 1 4 0
E 1683 0 2 26
E 1683 1 -2 -23
E 1683 2 -1 -15
E 1683 6 1 17
T 1684 27 1 4 0
E 1684 0 3 27
E 1684 1 -2 -26
E 1684 2 -2 -18
E 1684 6 1 14
T 1685 26 0 4 0
E 1685 0 3 31
E 1685 1 2 23
E 1685 2 -1 -17
E 1685 6 1 15
T 1686 25 0 4 0
E 1686 0 3 27
E 1686 1 2 19
E 1686 2 -2 -24
E 1686 3 -1 -16
T 1687 28 0 4 0
E 1687 0 3 30
E 1687 1 2 22
E 1687 2 -2 -24
E 1687 3 -1 -16
T 1688 30 0 4 0
E 1688 0 3 32
E 1688 1 2 24
E 1688 2 -2 -25
E 1688 3 -1 -17
T 1689 33 0 4 0
E 1689 0 4 37
E 1689 1 3 29
E 1689 2 -2 -24
E 1689 3 -1 -16
T 1690 29 0 4 0
E 1690 0 4 36
E 1690 1 3 28
E 1690 2 2 20
E 1690 3 -2 -20
T 1691 28 0 5 0
E 1691 0 3 27
E 1691 1 2 19
E 1691 3 -3 -32
E 1691 4 -2 -24
E 1691 5 -1 -16
T 1692 31 0 6 0
E 1692 0 2 24
E 1692 1 1 16
E 1692 3 -4 -38
E 1692 4 -3 -30
E 1692 5 -2 -22
E 1692 6 -1 -14
T 1693 33 0 6 0
E 1693 0 4 36
E 1693 1 3 28
E 1693 2 2 20
E 1693 3 -3 -29
E 1693 4 -2 -21
E 1693 5 -1 -13
T 1694 37 0 5 0
E 1694 0 4 41
E 1694 1 3 33
E 1694 2 2 25
E 1694 3 -3 -28
E 1694 4 -2 -20
T 1695 34 0 6 0
E 1695 0 4 41
E 1695 1 3 33
E 1695 2 2 25
E 1695 3 1 17
E 1695 4 -2 -23
E 1695 5 -1 -15
T 1696 35 0 6 0
E 1696 0 4 40
E 1696 1 3 32
E 1696 2 2 24
E 1696 3 1 16
E 1696 4 -3 -27
E 1696 5 -2 -19
T 1697 34 0 7 0
E 1697 0 4 38
E 1697 1 3 30
E 1697 2 2 22
E 1697 3 1 14
E 1697 4 -3 -32
E 1697 5 -2 -24
E 1697 6 -1 -16
T 1698 35 0 6 0
E 1698 0 3 32
E 1698 1 2 24
E 1698 2 1 16
E 1698 4 -4 -41
E 1698 5 -3 -33
E 1698 6 -2 -25
T 1699 36 1 6 0
E 1699 0 4 36
E 1699 1 3 28
E 1699 2 2 20
E 1699 4 -4 -41
E 1699 5 -3 -33
E 1699 6 -2 -25
T 1700 33 0 6 0
E 1700 0 4 37
E 1700 1 3 29
E 1700 2 2 21
E 1700 3 1 13
E 1700 5 -3 -35
E 1700 6 -3 -27
T 1701 32 0 4 0
E 1701 0 3 28
E 1701 1 2 20
E 1701 5 -5 -47
E 1701 6 -4 -39
T 1702 34 0 5 0
E 1702 0 3 35
E 1702 1 3 27
E 1702 2 2 19
E 1702 5 -4 -43
E 1702 6 -3 -35
T 1703 35 0 6 0
E 1703 0 4 38
E 1703 1 3 30
E 1703 2 2 22
E 1703 3 1 14
E 1703 5 -4 -43
E 1703 6 -3 -35
T 1704 38 0 6 0
E 1704 0 4 39
E 1704 1 3 31
E 1704 2 2 23
E 1704 3 1 15
E 1704 5 -5 -46
E 1704 6 -4 -38
T 1705 34 0 5 0
E 1705 0 4 40
E 1705 1 3 32
E 1705 2 2 24
E 1705 3 1 16
E 1705 6 -4 -40
T 1706 30 0 4 0
E 1706 0 3 31
E 1706 1 2 23
E 1706 2 1 15
E 1706 6 -5 -52
T 1707 32 0 4 0
E 1707 0 3 34
E 1707 1 2 26
E 1707 2 2 18
E 1707 6 -5 -52
T 1708 31 1 4 0
E 1708 0 3 31
E 1708 1 2 23
E 1708 2 1 15
E 1708 6 -6 -58
T 1709 30 0 4 0
E 1709 0 3 27
E 1709 1 2 19
E 1709 5 -1 -13
E 1709 6 -7 -66
T 1710 28 0 4 0
E 1710 0 3 35
E 1710 1 3 27
E 1710 2 2 19
E 1710 6 -1 -13
T 1711 23 1 4 0
E 1711 0 2 23
E 1711 1 1 15
E 1711 5 -1 -17
E 1711 6 -2 -25
T 1712 26 0 4 0
E 1712 0 3 30
E 1712 1 2 22
E 1712 2 1 14
E 1712 6 -2 -18
T 1713 25 0 4 0
E 1713 0 2 26
E 1713 1 2 18
E 1713 5 -1 -14
E 1713 6 -2 -22
T 1714 26 0 4 0
E 1714 0 3 31
E 1714 1 2 23
E 1714 2 1 15
E 1714 6 -1 -17
T 1715 25 0 4 0
E 1715 0 3 29
E 1715 1 2 21
E 1715 2 1 13
E 1715 6 -2 -19
T 1716 25 0 4 0
E 1716 0 2 26
E 1716 1 2 18
E 1716 5 -1 -14
E 1716 6 -2 -22
T 1717 27 0 4 0
E 1717 0 3 32
E 1717 1 2 24
E 1717 2 1 16
E 1717 6 -1 -16
T 1718 25 0 4 0
E 1718 0 2 26
E 1718 1 2 18
E 1718 5 -1 -14
E 1718 6 -2 -22
T 1719 23 1 4 0
E 1719 0 2 23
E 1719 1 1 15
E 1719 5 -1 -17
E 1719 6 -2 -25
T 1720 25 1 4 0
E 1720 0 2 25
E 1720 1 1 17
E 1720 5 -1 -15
E 1720 6 -2 -23
T 1721 25 0 4 0
E 1721 0 3 27
E 1721 1 2 19
E 1721 5 -1 -13
E 1721 6 -2 -21
T 1722 25 0 4 0
E 1722 0 2 26
E 1722 1 2 18
E 1722 5 -1 -14
E 1722 6 -2 -22
T 1723 23 0 4 0
E 1723 0 2 21
E 1723 1 1 13
E 1723 5 -2 -19
E 1723 6 -3 -27
T 1724 26 0 4 0
E 1724 0 3 31
E 1724 1 2 23
E 1724 2 1 15
E 1724 6 -1 -17
T 1725 25 0 3 0
E 1725 0 3 28
E 1725 1 2 20
E 1725 6 -2 -20
T 1726 25 1 4 0
E 1726 0 2 25
E 1726 1 1 17
E 1726 5 -1 -15
E 1726 6 -2 -23
T 1727 24 1 4 0
E 1727 0 2 24
E 1727 1 1 16
E 1727 5 -1 -16
E 1727 6 -2 -24
T 1728 24 1 4 0
E 1728 0 2 24
E 1728 1 1 16
E 1728 5 -1 -16
E 1728 6 -2 -24
T 1729 23 0 4 0
E 1729 0 2 22
E 1729 1 1 14
E 1729 5 -2 -18
E 1729 6 -2 -26
T 1730 23 1 4 0
E 1730 0 2 23
E 1730 1 1 15
E 1730 5 -1 -17
E 1730 6 -2 -25
T 1731 23 1 4 0
E 1731 0 2 23
E 1731 1 1 15
E 1731 5 -1 -17
E 1731 6 -2 -25
T 1732 25 0 4 0
E 1732 0 3 29
E 1732 1 2 21
E 1732 2 1 13
E 1732 6 -2 -19
T 1733 26 0 4 0
E 1733 0 3 31
E 1733 1 2 23
E 1733 2 1 15
E 1733 6 -1 -17
T 1734 26 0 4 0
E 1734 0 3 31
E 1734 1 2 23
E 1734 2 1 15
E 1734 6 -1 -17
T 1735 25 0 4 0
E 1735 0 3 29
E 1735 1 2 21
E 1735 2 1 13
E 1735 6 -2 -19
T 1736 23 0 4 0
E 1736 0 2 21
E 1736 1 1 13
E 1736 5 -2 -19
E 1736 6 -3 -27
T 1737 26 0 4 0
E 1737 0 3 30
E 1737 1 2 22
E 1737 2 1 14
E 1737 6 -2 -18
T 1738 25 1 4 0
E 1738 0 2 25
E 1738 1 1 17
E 1738 5 -1 -15
E 1738 6 -2 -23
T 1739 23 0 4 0
E 1739 0 2 21
E 1739 1 1 13
E 1739 5 -2 -19
E 1739 6 -3 -27
T 1740 25 0 4 0
E 1740 0 3 27
E 1740 1 2 19
E 1740 5 -1 -13
E 1740 6 -2 -21
T 1741 24 1 4 0
E 1741 0 2 24
E 1741 1 1 16
E 1741 5 -1 -16
E 1741 6 -2 -24
T 1742 23 1 4 0
E 1742 0 2 23
E 1742 1 1 15
E 1742 5 -1 -17
E 1742 6 -2 -25
T 1743 26 0 4 0
E 1743 0 3 30
E 1743 1 2 22
E 1743 2 1 14
E 1743 6 -2 -18
T 1744 23 1 4 0
E 1744 0 2 23
E 1744 1 1 15
E 1744 5 -1 -17
E 1744 6 -2 -25
T 1745 23 0 3 0
E 1745 0 2 20
E 1745 5 -2 -20
E 1745 6 -3 -28
T 1746 25 0 4 0
E 1746 0 3 29
E 1746 1 2 21
E 1746 2 1 13
E 1746 6 -2 -19
T 1747 25 0 4 0
E 1747 0 3 27
E 1747 1 2 19
E 1747 5 -1 -13
E 1747 6 -2 -21
T 1748 27 0 4 0
E 1748 0 3 32
E 1748 1 2 24
E 1748 2 1 16
E 1748 6 -1 -16
T 1749 25 0 4 0
E 1749 0 2 26
E 1749 1 2 18
E 1749 5 -1 -14
E 1749 6 -2 -22
T 1750 24 1 4 0
E 1750 0 2 24
E 1750 1 1 16
E 1750 5 -1 -16
E 1750 6 -2 -24
T 1751 23 0 4 0
E 1751 0 2 19
E 1751 4 -1 -13
E 1751 5 -2 -21
E 1751 6 -3 -29
T 1752 23 0 4 0
E 1752 0 2 19
E 1752 4 -1 -13
E 1752 5 -2 -21
E 1752 6 -3 -29
T 1753 23 0 4 0
E 1753 0 2 21
E 1753 1 1 13
E 1753 5 -2 -19
E 1753 6 -3 -27
T 1754 23 0 4 0
E 1754 0 2 22
E 1754 1 1 14
E 1754 5 -2 -18
E 1754 6 -2 -26
T 1755 23 0 3 0
E 1755 0 2 20
E 1755 5 -2 -20
E 1755 6 -3 -28
T 1756 25 0 4 0
E 1756 0 2 26
E 1756 1 2 18
E 1756 5 -1 -14
E 1756 6 -2 -22
T 1757 28 0 4 0
E 1757 0 3 33
E 1757 1 2 25
E 1757 2 1 17
E 1757 6 -1 -15
T 1758 28 0 4 0
E 1758 0 3 35
E 1758 1 3 27
E 1758 2 2 19
E 1758 6 -1 -13
T 1759 26 0 4 0
E 1759 0 3 30
E 1759 1 2 22
E 1759 2 1 14
E 1759 6 -2 -18
T 1760 28 0 4 0
E 1760 0 3 33
E 1760 1 2 25
E 1760 2 1 17
E 1760 6 -1 -15
T 1761 25 0 4 0
E 1761 0 3 27
E 1761 1 2 19
E 1761 5 -1 -13
E 1761 6 -2 -21
T 1762 25 0 4 0
E 1762 0 3 27
E 1762 1 2 19
E 1762 5 -1 -13
E 1762 6 -2 -21
T 1763 26 0 4 0
E 1763 0 3 30
E 1763 1 2 22
E 1763 2 1 14
E 1763 6 -2 -18
T 1764 25 0 4 0
E 1764 0 2 26
E 1764 1 2 18
E 1764 5 -1 -14
E 1764 6 -2 -22
T 1765 26 0 4 0
E 1765 0 3 31
E 1765 1 2 23
E 1765 2 1 15
E 1765 6 -1 -17
T 1766 23 1 4 0
E 1766 0 2 23
E 1766 1 1 15
E 1766 5 -1 -17
E 1766 6 -2 -25
T 1767 25 0 3 0
E 1767 0 3 28
E 1767 1 2 20
E 1767 6 -2 -20
T 1768 23 0 4 0
E 1768 0 2 22
E 1768 1 1 14
E 1768 5 -2 -18
E 1768 6 -2 -26
T 1769 23 1 4 0
E 1769 0 2 23
E 1769 1 1 15
E 1769 5 -1 -17
E 1769 6 -2 -25
T 1770 23 0 4 0
E 1770 0 2 21
E 1770 1 1 13
E 1770 5 -2 -19
E 1770 6 -3 -27
T 1771 25 0 4 0
E 1771 0 3 27
E 1771 1 2 19
E 1771 5 -1 -13
E 1771 6 -2 -21
T 1772 25 0 4 0
E 1772 0 3 29
E 1772 1 2 21
E 1772 2 1 13
E 1772 6 -2 -19
T 1773 26 0 4 0
E 1773 0 3 30
E 1773 1 2 22
E 1773 2 1 14
E 1773 6 -2 -18
T 1774 28 0 4 0
E 1774 0 3 34
E 1774 1 2 26
E 1774 2 2 18
E 1774 6 -1 -14
T 1775 26 0 4 0
E 1775 0 3 30
E 1775 1 2 22
E 1775 2 1 14
E 1775 6 -2 -18
T 1776 26 0 4 0
E 1776 0 3 31
E 1776 1 2 23
E 1776 2 1 15
E 1776 6 -1 -17
T 1777 20 1 4 0
E 1777 0 2 20
E 1777 1 1 15
E 1777 5 -1 -17
E 1777 6 -2 -25
T 1778 19 0 3 0
E 1778 0 1 15
E 1778 5 -2 -20
E 1778 6 -3 -28
T 1779 19 0 4 0
E 1779 0 2 23
E 1779 1 2 23
E 1779 2 1 15
E 1779 6 -1 -17
T 1780 18 0 4 0
E 1780 0 2 23
E 1780 1 2 26
E 1780 2 2 18
E 1780 6 -1 -14
T 1781 14 0 3 0
E 1781 0 1 15
E 1781 1 2 20
E 1781 6 -2 -20
T 1782 11 0 4 0
E 1782 0 1 13
E 1782 1 2 18
E 1782 2 1 13
E 1782 6 -2 -19
T 1783 11 0 2 0
E 1783 5 -2 -17
E 1783 6 -4 -25
T 1784 10 0 4 0
E 1784 0 1 16
E 1784 1 2 21
E 1784 2 2 21
E 1784 3 1 13
T 1785 9 0 4 0
E 1785 0 1 15
E 1785 1 2 20
E 1785 2 2 23
E 1785 3 1 15
T 1786 5 0 2 0
E 1786 1 2 15
E 1786 2 3 20
T 1787 3 0 2 0
E 1787 5 -2 -13
E 1787 6 -3 -21
T 1788 6 0 1 0
E 1788 6 -5 -16
T 1789 4 0 3 0
E 1789 1 1 14
E 1789 2 2 19
E 1789 3 2 19
T 1790 2 0 2 0
E 1790 2 2 17
E 1790 3 3 20
T 1791 3 0 3 0
E 1791 2 1 17
E 1791 3 2 22
E 1791 4 1 14
T 1792 4 0 0 0
T 1793 5 0 1 0
E 1793 6 -4 -13
T 1794 6 0 0 0
T 1795 8 0 1 0
E 1795 4 5 15
T 1796 9 0 1 0
E 1796 4 5 16
T 1797 11 0 1 0
E 1797 0 -5 -16
T 1798 8 0 0 0
T 1799 10 0 0 0
T 1800 10 0 1 0
E 1800 0 -4 -14
T 1801 14 0 1 0
E 1801 5 5 16
T 1802 12 0 1 0
E 1802 0 -5 -17
T 1803 9 0 1 0
E 1803 0 -4 -13
T 1804 16 0 2 0
E 1804 5 2 13
E 1804 6 2 13
T 1805 11 0 1 0
E 1805 0 -5 -16
T 1806 14 0 2 0
E 1806 5 2 16
E 1806 6 3 21
T 1807 17 0 2 0
E 1807 5 2 13
E 1807 6 3 18
T 1808 15 1 2 0
E 1808 0 -2 -15
E 1808 6 2 15
T 1809 13 1 2 0
E 1809 0 -2 -13
E 1809 6 2 17
T 1810 15 0 2 0
E 1810 5 2 15
E 1810 6 3 20
T 1811 13 0 2 0
E 1811 0 -3 -18
E 1811 1 -2 -13
T 1812 16 0 2 0
E 1812 5 2 14
E 1812 6 3 19
T 1813 17 1 2 0
E 1813 0 -2 -17
E 1813 6 2 13
T 1814 16 1 2 0
E 1814 0 -2 -16
E 1814 6 2 14
T 1815 17 1 2 0
E 1815 0 -2 -17
E 1815 6 2 13
T 1816 14 0 2 0
E 1816 0 -3 -19
E 1816 1 -2 -14
T 1817 17 1 2 0
E 1817 0 -2 -17
E 1817 6 2 13
T 1818 16 0 2 0
E 1818 0 -3 -21
E 1818 1 -2 -16
T 1819 15 1 2 0
E 1819 0 -2 -15
E 1819 6 2 15
T 1820 16 1 2 0
E 1820 0 -2 -16
E 1820 6 2 14
T 1821 18 0 3 0
E 1821 0 -2 -23
E 1821 1 -2 -18
E 1821 2 -1 -13
T 1822 14 1 2 0
E 1822 0 -2 -14
E 1822 6 2 16
T 1823 17 1 2 0
E 1823 0 -2 -17
E 1823 6 2 13
T 1824 17 0 2 0
E 1824 0 -3 -22
E 1824 1 -2 -17
T 1825 15 1 2 0
E 1825 0 -2 -15
E 1825 6 2 15
T 1826 14 1 2 0
E 1826 0 -2 -14
E 1826 6 2 17
T 1827 15 0 2 0
E 1827 0 -3 -20
E 1827 1 -2 -14
T 1828 16 0 3 0
E 1828 0 -1 -14
E 1828 5 1 13
E 1828 6 2 18
T 1829 18 0 2 0
E 1829 0 -4 -24
E 1829 1 -2 -16
T 1830 17 1 2 0
E 1830 0 -2 -17
E 1830 6 2 16
T 1831 19 0 2 0
E 1831 0 -3 -20
E 1831 6 2 14
T 1832 17 1 2 0
E 1832 0 -2 -17
E 1832 6 2 17
T 1833 20 0 3 0
E 1833 0 -2 -22
E 1833 1 -1 -14
E 1833 6 1 13
T 1834 19 0 3 0
E 1834 0 -1 -17
E 1834 5 1 14
E 1834 6 2 19
T 1835 16 0 3 0
E 1835 0 -1 -14
E 1835 5 1 17
E 1835 6 2 22
T 1836 22 0 3 0
E 1836 0 -2 -24
E 1836 1 -1 -16
E 1836 6 1 13
T 1837 20 0 3 0
E 1837 0 -2 -22
E 1837 1 -1 -14
E 1837 6 1 15
T 1838 19 0 3 0
E 1838 0 -1 -17
E 1838 5 1 16
E 1838 6 2 21
T 1839 19 0 3 0
E 1839 0 -1 -17
E 1839 5 1 17
E 1839 6 2 22
T 1840 20 0 3 0
E 1840 0 -2 -22
E 1840 1 -1 -14
E 1840 6 1 17
T 1841 22 0 3 0
E 1841 0 -2 -24
E 1841 1 -1 -16
E 1841 6 1 16
T 1842 20 0 3 0
E 1842 0 -2 -19
E 1842 5 1 16
E 1842 6 2 21
T 1843 24 0 3 0
E 1843 0 -3 -28
E 1843 1 -2 -20
E 1843 6 1 13
T 1844 23 0 3 0
E 1844 0 -3 -27
E 1844 1 -2 -19
E 1844 6 1 15
T 1845 24 0 3 0
E 1845 0 -3 -28
E 1845 1 -2 -20
E 1845 6 1 14
T 1846 23 0 3 0
E 1846 0 -3 -27
E 1846 1 -2 -19
E 1846 6 1 16
T 1847 23 0 3 0
E 1847 0 -2 -26
E 1847 1 -2 -18
E 1847 6 1 17
T 1848 22 0 3 0
E 1848 0 -2 -20
E 1848 5 2 19
E 1848 6 2 24
T 1849 23 0 4 0
E 1849 0 -2 -22
E 1849 1 -1 -14
E 1849 5 2 18
E 1849 6 2 23
T 1850 25 0 4 0
E 1850 0 -3 -27
E 1850 1 -2 -19
E 1850 5 1 13
E 1850 6 2 18
T 1851 25 0 4 0
E 1851 0 -2 -26
E 1851 1 -2 -18
E 1851 5 1 14
E 1851 6 2 20
T 1852 23 1 4 0
E 1852 0 -2 -23
E 1852 1 -1 -15
E 1852 5 1 17
E 1852 6 2 23
T 1853 23 1 4 0
E 1853 0 -2 -23
E 1853 1 -1 -15
E 1853 5 1 17
E 1853 6 2 24
T 1854 23 0 3 0
E 1854 0 -2 -20
E 1854 5 2 20
E 1854 6 3 28
T 1855 25 0 4 0
E 1855 0 -3 -27
E 1855 1 -2 -19
E 1855 5 1 13
E 1855 6 2 21
T 1856 23 0 4 0
E 1856 0 -2 -21
E 1856 1 -1 -13
E 1856 5 2 19
E 1856 6 3 27
T 1857 26 0 4 0
E 1857 0 -3 -30
E 1857 1 -2 -22
E 1857 2 -1 -14
E 1857 6 2 18
T 1858 25 0 4 0
E 1858 0 -3 -29
E 1858 1 -2 -21
E 1858 2 -1 -13
E 1858 6 2 19
T 1859 23 0 4 0
E 1859 0 -2 -21
E 1859 1 -1 -13
E 1859 5 2 19
E 1859 6 3 27
T 1860 25 1 4 0
E 1860 0 -2 -25
E 1860 1 -1 -17
E 1860 5 1 15
E 1860 6 2 23
T 1861 27 0 4 0
E 1861 0 -3 -32
E 1861 1 -2 -24
E 1861 2 -1 -16
E 1861 6 1 16
T 1862 25 0 3 0
E 1862 0 -3 -28
E 1862 1 -2 -20
E 1862 6 2 20
T 1863 26 0 4 0
E 1863 0 -3 -30
E 1863 1 -2 -22
E 1863 2 -1 -14
E 1863 6 2 18
T 1864 25 0 3 0
E 1864 0 -3 -28
E 1864 1 -2 -20
E 1864 6 2 20
T 1865 26 0 4 0
E 1865 0 -3 -30
E 1865 1 -2 -22
E 1865 2 -1 -14
E 1865 6 2 18
T 1866 23 1 4 0
E 1866 0 -2 -23
E 1866 1 -1 -15
E 1866 5 1 17
E 1866 6 2 25
T 1867 26 0 4 0
E 1867 0 -3 -30
E 1867 1 -2 -22
E 1867 2 -1 -14
E 1867 6 2 18
T 1868 26 0 4 0
E 1868 0 -3 -31
E 1868 1 -2 -23
E 1868 2 -1 -15
E 1868 6 1 17
T 1869 26 0 4 0
E 1869 0 -3 -30
E 1869 1 -2 -22
E 1869 2 -1 -14
E 1869 6 2 18
T 1870 23 0 4 0
E 1870 0 -2 -21
E 1870 1 -1 -13
E 1870 5 2 19
E 1870 6 3 27
T 1871 23 1 4 0
E 1871 0 -2 -23
E 1871 1 -1 -15
E 1871 5 1 17
E 1871 6 2 25
T 1872 23 0 3 0
E 1872 0 -2 -20
E 1872 5 2 20
E 1872 6 3 28
T 1873 26 0 4 0
E 1873 0 -3 -31
E 1873 1 -2 -23
E 1873 2 -1 -15
E 1873 6 1 17
T 1874 28 0 4 0
E 1874 0 -3 -34
E 1874 1 -2 -26
E 1874 2 -2 -18
E 1874 6 1 14
T 1875 28 0 4 0
E 1875 0 -3 -35
E 1875 1 -3 -27
E 1875 2 -2 -19
E 1875 6 1 13
T 1876 25 0 3 0
E 1876 0 -3 -28
E 1876 1 -2 -20
E 1876 6 2 20
T 1877 26 0 4 0
E 1877 0 -3 -30
E 1877 1 -2 -22
E 1877 2 -1 -14
E 1877 6 2 18
T 1878 27 0 4 0
E 1878 0 -3 -32
E 1878 1 -2 -24
E 1878 2 -1 -16
E 1878 6 1 16
T 1879 24 1 4 0
E 1879 0 -2 -24
E 1879 1 -1 -16
E 1879 5 1 16
E 1879 6 2 24
T 1880 26 0 4 0
E 1880 0 -3 -31
E 1880 1 -2 -23
E 1880 2 -1 -15
E 1880 6 1 17
T 1881 25 0 3 0
E 1881 0 -3 -28
E 1881 1 -2 -20
E 1881 6 2 20
T 1882 23 0 3 0
E 1882 0 -2 -20
E 1882 5 2 20
E 1882 6 3 28
T 1883 23 0 3 0
E 1883 0 -2 -20
E 1883 5 2 20
E 1883 6 3 28
T 1884 23 0 3 0
E 1884 0 -2 -20
E 1884 5 2 20
E 1884 6 3 28
T 1885 25 1 4 0
E 1885 0 -2 -25
E 1885 1 -1 -17
E 1885 5 1 15
E 1885 6 2 23
T 1886 26 0 4 0
E 1886 0 -3 -31
E 1886 1 -2 -23
E 1886 2 -1 -15
E 1886 6 1 17
T 1887 27 0 4 0
E 1887 0 -3 -32
E 1887 1 -2 -24
E 1887 2 -1 -16
E 1887 6 1 16
T 1888 25 0 4 0
E 1888 0 -3 -29
E 1888 1 -2 -21
E 1888 2 -1 -13
E 1888 6 2 19
T 1889 25 0 4 0
E 1889 0 -3 -29
E 1889 1 -2 -21
E 1889 2 -1 -13
E 1889 6 2 19
T 1890 25 0 4 0
E 1890 0 -3 -27
E 1890 1 -2 -19
E 1890 5 1 13
E 1890 6 2 21
T 1891 25 0 4 0
E 1891 0 -3 -29
E 1891 1 -2 -21
E 1891 2 -1 -13
E 1891 6 2 19
T 1892 25 0 4 0
E 1892 0 -3 -29
E 1892 1 -2 -21
E 1892 2 -1 -13
E 1892 6 2 19
T 1893 25 0 4 0
E 1893 0 -3 -27
E 1893 1 -2 -19
E 1893 5 1 13
E 1893 6 2 21
T 1894 26 0 4 0
E 1894 0 -3 -31
E 1894 1 -2 -23
E 1894 2 -1 -15
E 1894 6 1 17
T 1895 23 0 4 0
E 1895 0 -2 -22
E 1895 1 -1 -14
E 1895 5 2 18
E 1895 6 2 26
T 1896 25 0 4 0
E 1896 0 -3 -27
E 1896 1 -2 -19
E 1896 5 1 13
E 1896 6 2 21
T 1897 23 0 3 0
E 1897 0 -2 -20
E 1897 5 2 20
E 1897 6 3 28
T 1898 23 0 3 0
E 1898 0 -2 -20
E 1898 5 2 20
E 1898 6 3 28
T 1899 23 1 4 0
E 1899 0 -2 -23
E 1899 1 -1 -15
E 1899 5 1 17
E 1899 6 2 25
T 1900 25 0 3 0
E 1900 0 -3 -28
E 1900 1 -2 -20
E 1900 6 2 20
T 1901 28 0 4 0
E 1901 0 -3 -33
E 1901 1 -2 -25
E 1901 2 -1 -17
E 1901 6 1 15
T 1902 28 0 4 0
E 1902 0 -3 -35
E 1902 1 -3 -27
E 1902 2 -2 -19
E 1902 6 1 13
T 1903 25 0 4 0
E 1903 0 -3 -27
E 1903 1 -2 -19
E 1903 5 1 13
E 1903 6 2 21
T 1904 27 0 4 0
E 1904 0 -3 -32
E 1904 1 -2 -24
E 1904 2 -1 -16
E 1904 6 1 16
T 1905 25 1 4 0
E 1905 0 -2 -25
E 1905 1 -1 -17
E 1905 5 1 15
E 1905 6 2 23
T 1906 28 0 4 0
E 1906 0 -3 -33
E 1906 1 -2 -25
E 1906 2 -1 -17
E 1906 6 1 15
T 1907 25 0 4 0
E 1907 0 -3 -27
E 1907 1 -2 -19
E 1907 5 1 13
E 1907 6 2 21
T 1908 26 0 4 0
E 1908 0 -3 -31
E 1908 1 -2 -23
E 1908 2 -1 -15
E 1908 6 1 17
T 1909 27 0 4 0
E 1909 0 -3 -32
E 1909 1 -2 -24
E 1909 2 -1 -16
E 1909 6 1 16
T 1910 26 0 4 0
E 1910 0 -3 -31
E 1910 1 -2 -23
E 1910 2 -1 -15
E 1910 6 1 17
T 1911 26 0 4 0
E 1911 0 -3 -31
E 1911 1 -2 -23
E 1911 2 -1 -15
E 1911 6 1 17
T 1912 23 0 4 0
E 1912 0 -2 -22
E 1912 1 -1 -14
E 1912 5 2 18
E 1912 6 2 26
T 1913 25 0 4 0
E 1913 0 -3 -27
E 1913 1 -2 -19
E 1913 5 1 13
E 1913 6 2 21
T 1914 26 0 4 0
E 1914 0 -3 -30
E 1914 1 -2 -22
E 1914 2 -1 -14
E 1914 6 2 18
T 1915 25 0 4 0
E 1915 0 -3 -27
E 1915 1 -2 -19
E 1915 5 1 13
E 1915 6 2 21
T 1916 25 0 4 0
E 1916 0 -3 -27
E 1916 1 -2 -19
E 1916 5 1 13
E 1916 6 2 21
T 1917 23 0 4 0
E 1917 0 -2 -21
E 1917 1 -1 -13
E 1917 5 2 19
E 1917 6 3 27
T 1918 25 0 4 0
E 1918 0 -2 -26
E 1918 1 -2 -18
E 1918 5 1 14
E 1918 6 2 22
T 1919 27 0 4 0
E 1919 0 -3 -32
E 1919 1 -2 -24
E 1919 2 -1 -16
E 1919 6 1 16
T 1920 19 0 4 0
E 1920 0 2 22
E 1920 1 -2 -18
E 1920 5 1 14
E 1920 6 2 22
T 1921 21 0 4 0
E 1921 0 2 24
E 1921 1 -2 -19
E 1921 5 1 13
E 1921 6 2 21
T 1922 23 0 4 0
E 1922 0 2 24
E 1922 1 -2 -22
E 1922 2 -1 -14
E 1922 6 2 18
T 1923 26 0 4 0
E 1923 0 3 30
E 1923 1 -2 -19
E 1923 5 1 13
E 1923 6 2 21
T 1924 28 0 4 0
E 1924 0 2 24
E 1924 1 -3 -29
E 1924 2 -2 -21
E 1924 3 -1 -13
T 1925 28 0 4 0
E 1925 0 3 35
E 1925 1 3 27
E 1925 2 -1 -13
E 1925 6 2 19
T 1926 28 0 3 0
E 1926 0 3 31
E 1926 1 2 23
E 1926 2 -2 -20
T 1927 31 0 3 0
E 1927 0 3 34
E 1927 1 2 26
E 1927 2 -2 -20
T 1928 29 0 5 0
E 1928 0 3 28
E 1928 1 2 20
E 1928 2 -3 -29
E 1928 3 -2 -21
E 1928 4 -1 -13
T 1929 33 1 4 0
E 1929 0 3 33
E 1929 1 2 25
E 1929 2 -3 -28
E 1929 3 -2 -20
T 1930 28 0 5 0
E 1930 0 3 29
E 1930 1 2 21
E 1930 2 1 13
E 1930 3 -3 -27
E 1930 4 -2 -19
T 1931 31 0 5 0
E 1931 0 3 32
E 1931 1 2 24
E 1931 2 1 16
E 1931 3 -3 -27
E 1931 4 -2 -19
T 1932 32 0 5 0
E 1932 0 3 34
E 1932 1 2 26
E 1932 2 2 18
E 1932 3 -3 -28
E 1932 4 -2 -20
T 1933 34 0 5 0
E 1933 0 4 39
E 1933 1 3 31
E 1933 2 2 23
E 1933 3 -2 -26
E 1933 4 -2 -18
T 1934 35 0 7 0
E 1934 0 3 31
E 1934 1 2 23
E 1934 2 1 15
E 1934 3 -4 -38
E 1934 4 -3 -30
E 1934 5 -2 -22
E 1934 6 -1 -14
T 1935 33 0 6 0
E 1935 0 3 34
E 1935 1 2 26
E 1935 2 2 18
E 1935 4 -3 -30
E 1935 5 -2 -22
E 1935 6 -1 -14
T 1936 34 0 6 0
E 1936 0 3 33
E 1936 1 2 25
E 1936 2 1 17
E 1936 4 -3 -34
E 1936 5 -2 -26
E 1936 6 -2 -18
T 1937 35 1 6 0
E 1937 0 3 35
E 1937 1 3 27
E 1937 2 2 19
E 1937 4 -3 -35
E 1937 5 -3 -27
E 1937 6 -2 -19
T 1938 36 0 6 0
E 1938 0 3 35
E 1938 1 3 27
E 1938 2 2 19
E 1938 4 -4 -38
E 1938 5 -3 -30
E 1938 6 -2 -22
T 1939 39 0 7 0
E 1939 0 4 42
E 1939 1 3 34
E 1939 2 2 26
E 1939 3 2 18
E 1939 4 -3 -35
E 1939 5 -3 -27
E 1939 6 -2 -19
T 1940 33 0 6 0
E 1940 0 4 38
E 1940 1 3 30
E 1940 2 2 22
E 1940 3 1 14
E 1940 5 -3 -34
E 1940 6 -2 -26
T 1941 36 0 6 0
E 1941 0 4 39
E 1941 1 3 31
E 1941 2 2 23
E 1941 3 1 15
E 1941 5 -4 -36
E 1941 6 -3 -28
T 1942 35 0 6 0
E 1942 0 4 38
E 1942 1 3 30
E 1942 2 2 22
E 1942 3 1 14
E 1942 5 -4 -40
E 1942 6 -3 -32
T 1943 36 0 6 0
E 1943 0 4 39
E 1943 1 3 31
E 1943 2 2 23
E 1943 3 1 15
E 1943 5 -4 -42
E 1943 6 -3 -34
T 1944 38 0 6 0
E 1944 0 4 42
E 1944 1 3 34
E 1944 2 2 26
E 1944 3 2 18
E 1944 5 -4 -43
E 1944 6 -3 -35
T 1945 32 0 4 0
E 1945 0 3 34
E 1945 1 2 26
E 1945 2 2 18
E 1945 6 -5 -46
T 1946 33 0 5 0
E 1946 0 4 39
E 1946 1 3 31
E 1946 2 2 23
E 1946 3 1 15
E 1946 6 -4 -44
T 1947 31 1 4 0
E 1947 0 3 31
E 1947 1 2 23
E 1947 2 1 15
E 1947 6 -6 -55
T 1948 30 0 4 0
E 1948 0 2 26
E 1948 1 2 18
E 1948 5 -1 -14
E 1948 6 -7 -63
T 1949 33 1 4 0
E 1949 0 3 33
E 1949 1 2 25
E 1949 2 1 17
E 1949 6 -6 -60
T 1950 27 0 4 0
E 1950 0 3 32
E 1950 1 2 24
E 1950 2 1 16
E 1950 6 -1 -16
T 1951 26 0 4 0
E 1951 0 3 30
E 1951 1 2 22
E 1951 2 1 14
E 1951 6 -2 -18
T 1952 25 1 4 0
E 1952 0 2 25
E 1952 1 1 17
E 1952 5 -1 -15
E 1952 6 -2 -23
T 1953 25 0 4 0
E 1953 0 3 27
E 1953 1 2 19
E 1953 5 -1 -13
E 1953 6 -2 -21
T 1954 25 1 4 0
E 1954 0 2 25
E 1954 1 1 17
E 1954 5 -1 -15
E 1954 6 -2 -23
T 1955 25 1 4 0
E 1955 0 2 25
E 1955 1 1 17
E 1955 5 -1 -15
E 1955 6 -2 -23
T 1956 26 0 4 0
E 1956 0 3 31
E 1956 1 2 23
E 1956 2 1 15
E 1956 6 -1 -17
T 1957 25 0 4 0
E 1957 0 3 29
E 1957 1 2 21
E 1957 2 1 13
E 1957 6 -2 -19
T 1958 24 1 4 0
E 1958 0 2 24
E 1958 1 1 16
E 1958 5 -1 -16
E 1958 6 -2 -24
T 1959 26 0 4 0
E 1959 0 3 30
E 1959 1 2 22
E 1959 2 1 14
E 1959 6 -2 -18
T 1960 25 0 3 0
E 1960 0 3 28
E 1960 1 2 20
E 1960 6 -2 -20
T 1961 23 0 3 0
E 1961 0 2 20
E 1961 5 -2 -20
E 1961 6 -3 -28
T 1962 23 0 4 0
E 1962 0 2 21
E 1962 1 1 13
E 1962 5 -2 -19
E 1962 6 -3 -27
T 1963 23 0 4 0
E 1963 0 2 22
E 1963 1 1 14
E 1963 5 -2 -18
E 1963 6 -2 -26
T 1964 23 0 4 0
E 1964 0 2 22
E 1964 1 1 14
E 1964 5 -2 -18
E 1964 6 -2 -26
T 1965 25 1 4 0
E 1965 0 2 25
E 1965 1 1 17
E 1965 5 -1 -15
E 1965 6 -2 -23
T 1966 26 0 4 0
E 1966 0 3 31
E 1966 1 2 23
E 1966 2 1 15
E 1966 6 -1 -17
T 1967 25 0 4 0
E 1967 0 3 29
E 1967 1 2 21
E 1967 2 1 13
E 1967 6 -2 -19
T 1968 23 1 4 0
E 1968 0 2 23
E 1968 1 1 15
E 1968 5 -1 -17
E 1968 6 -2 -25
T 1969 23 0 3 0
E 1969 0 2 20
E 1969 5 -2 -20
E 1969 6 -3 -28
T 1970 23 1 4 0
E 1970 0 2 23
E 1970 1 1 15
E 1970 5 -1 -17
E 1970 6 -2 -25
T 1971 23 0 4 0
E 1971 0 2 21
E 1971 1 1 13
E 1971 5 -2 -19
E 1971 6 -3 -27
T 1972 23 0 4 0
E 1972 0 2 21
E 1972 1 1 13
E 1972 5 -2 -19
E 1972 6 -3 -27
T 1973 23 0 3 0
E 1973 0 2 20
E 1973 5 -2 -20
E 1973 6 -3 -28
T 1974 23 0 3 0
E 1974 0 2 20
E 1974 5 -2 -20
E 1974 6 -3 -28
T 1975 26 0 4 0
E 1975 0 3 30
E 1975 1 2 22
E 1975 2 1 14
E 1975 6 -2 -18
T 1976 23 1 4 0
E 1976 0 2 23
E 1976 1 1 15
E 1976 5 -1 -17
E 1976 6 -2 -25
T 1977 26 0 4 0
E 1977 0 3 31
E 1977 1 2 23
E 1977 2 1 15
E 1977 6 -1 -17
T 1978 25 0 3 0
E 1978 0 3 28
E 1978 1 2 20
E 1978 6 -2 -20
T 1979 25 1 4 0
E 1979 0 2 25
E 1979 1 1 17
E 1979 5 -1 -15
E 1979 6 -2 -23
T 1980 25 0 3 0
E 1980 0 3 28
E 1980 1 2 20
E 1980 6 -2 -20
T 1981 23 1 4 0
E 1981 0 2 23
E 1981 1 1 15
E 1981 5 -1 -17
E 1981 6 -2 -25
T 1982 23 0 3 0
E 1982 0 2 20
E 1982 5 -2 -20
E 1982 6 -3 -28
T 1983 25 0 3 0
E 1983 0 3 28
E 1983 1 2 20
E 1983 6 -2 -20
T 1984 23 0 4 0
E 1984 0 2 21
E 1984 1 1 13
E 1984 5 -2 -19
E 1984 6 -3 -27
T 1985 23 0 4 0
E 1985 0 2 21
E 1985 1 1 13
E 1985 5 -2 -19
E 1985 6 -3 -27
T 1986 24 1 4 0
E 1986 0 2 24
E 1986 1 1 16
E 1986 5 -1 -16
E 1986 6 -2 -24
T 1987 24 1 4 0
E 1987 0 2 24
E 1987 1 1 16
E 1987 5 -1 -16
E 1987 6 -2 -24
T 1988 23 0 4 0
E 1988 0 2 22
E 1988 1 1 14
E 1988 5 -2 -18
E 1988 6 -2 -26
T 1989 23 1 4 0
E 1989 0 2 23
E 1989 1 1 15
E 1989 5 -1 -17
E 1989 6 -2 -25
T 1990 23 0 4 0
E 1990 0 2 22
E 1990 1 1 14
E 1990 5 -2 -18
E 1990 6 -2 -26
T 1991 22 0 4 0
E 1991 0 2 18
E 1991 4 -1 -14
E 1991 5 -2 -22
E 1991 6 -3 -30
T 1992 23 1 4 0
E 1992 0 2 23
E 1992 1 1 15
E 1992 5 -1 -17
E 1992 6 -2 -25
T 1993 23 0 4 0
E 1993 0 2 21
E 1993 1 1 13
E 1993 5 -2 -19
E 1993 6 -3 -27
T 1994 26 0 4 0
E 1994 0 3 31
E 1994 1 2 23
E 1994 2 1 15
E 1994 6 -1 -17
T 1995 25 0 4 0
E 1995 0 3 29
E 1995 1 2 21
E 1995 2 1 13
E 1995 6 -2 -19
T 1996 23 0 3 0
E 1996 0 2 20
E 1996 5 -2 -20
E 1996 6 -3 -28
T 1997 25 1 4 0
E 1997 0 2 25
E 1997 1 1 17
E 1997 5 -1 -15
E 1997 6 -2 -23
T 1998 23 1 4 0
E 1998 0 2 23
E 1998 1 1 15
E 1998 5 -1 -17
E 1998 6 -2 -25
T 1999 23 0 4 0
E 1999 0 2 19
E 1999 4 -1 -13
E 1999 5 -2 -21
E 1999 6 -3 -29
T 2000 23 0 4 0
E 2000 0 2 19
E 2000 4 -1 -13
E 2000 5 -2 -21
E 2000 6 -3 -29
T 2001 25 0 4 0
E 2001 0 3 29
E 2001 1 2 21
E 2001 2 1 13
E 2001 6 -2 -19
T 2002 26 0 4 0
E 2002 0 3 30
E 2002 1 2 22
E 2002 2 1 14
E 2002 6 -2 -18
T 2003 26 0 4 0
E 2003 0 3 31
E 2003 1 2 23
E 2003 2 1 15
E 2003 6 -1 -17
T 2004 24 1 4 0
E 2004 0 2 24
E 2004 1 1 16
E 2004 5 -1 -16
E 2004 6 -2 -24
T 2005 26 0 4 0
E 2005 0 3 31
E 2005 1 2 23
E 2005 2 1 15
E 2005 6 -1 -17
T 2006 25 0 4 0
E 2006 0 2 26
E 2006 1 2 18
E 2006 5 -1 -14
E 2006 6 -2 -22
T 2007 26 0 4 0
E 2007 0 3 31
E 2007 1 2 23
E 2007 2 1 15
E 2007 6 -1 -17
T 2008 25 0 3 0
E 2008 0 3 28
E 2008 1 2 20
E 2008 6 -2 -20
T 2009 23 1 4 0
E 2009 0 2 23
E 2009 1 1 15
E 2009 5 -1 -17
E 2009 6 -2 -25
T 2010 25 0 4 0
E 2010 0 3 29
E 2010 1 2 21
E 2010 2 1 13
E 2010 6 -2 -19
T 2011 25 0 4 0
E 2011 0 3 29
E 2011 1 2 21
E 2011 2 1 13
E 2011 6 -2 -19
T 2012 23 0 4 0
E 2012 0 2 22
E 2012 1 1 14
E 2012 5 -2 -18
E 2012 6 -2 -26
T 2013 25 0 4 0
E 2013 0 3 29
E 2013 1 2 21
E 2013 2 1 13
E 2013 6 -2 -19
T 2014 24 1 4 0
E 2014 0 2 24
E 2014 1 1 16
E 2014 5 -1 -16
E 2014 6 -2 -24
T 2015 25 0 4 0
E 2015 0 3 27
E 2015 1 2 19
E 2015 5 -1 -13
E 2015 6 -2 -21
T 2016 23 0 4 0
E 2016 0 2 22
E 2016 1 1 14
E 2016 5 -2 -18
E 2016 6 -2 -26
T 2017 23 0 4 0
E 2017 0 3 27
E 2017 1 2 22
E 2017 2 1 14
E 2017 6 -2 -18
T 2018 23 0 4 0
E 2018 0 3 28
E 2018 1 2 25
E 2018 2 1 17
E 2018 6 -1 -15
T 2019 20 0 3 0
E 2019 0 3 28
E 2019 1 3 28
E 2019 2 2 20
T 2020 16 0 4 0
E 2020 0 2 20
E 2020 1 2 23
E 2020 2 1 15
E 2020 6 -1 -17
T 2021 14 0 4 0
E 2021 0 2 18
E 2021 1 2 23
E 2021 2 1 15
E 2021 6 -1 -17
T 2022 13 0 3 0
E 2022 1 1 16
E 2022 5 -1 -13
E 2022 6 -2 -21
T 2023 11 1 3 0
E 2023 1 1 16
E 2023 2 1 13
E 2023 6 -2 -19
T 2024 10 0 2 0
E 2024 5 -2 -14
E 2024 6 -3 -22
T 2025 8 0 2 0
E 2025 5 -2 -13
E 2025 6 -3 -21
T 2026 5 0 2 0
E 2026 2 2 14
E 2026 6 -3 -18
T 2027 4 1 2 0
E 2027 2 2 14
E 2027 6 -2 -15
T 2028 4 0 1 0
E 2028 6 -6 -19
T 2029 4 0 3 0
E 2029 1 1 14
E 2029 2 2 19
E 2029 3 2 19
T 2030 2 0 1 0
E 2030 6 -4 -13
T 2031 0 0 1 0
E 2031 6 -4 -13
T 2032 4 0 0 0
T 2033 3 0 2 0
E 2033 3 2 16
E 2033 4 2 13
T 2034 4 0 2 0
E 2034 3 2 15
E 2034 4 2 15
T 2035 9 0 1 0
E 2035 4 4 13
T 2036 10 0 1 0
E 2036 4 4 14
T 2037 11 0 1 0
E 2037 4 4 13
T 2038 10 0 1 0
E 2038 0 -5 -15
T 2039 10 0 1 0
E 2039 0 -4 -14
T 2040 14 0 1 0
E 2040 5 4 13
T 2041 14 0 2 0
E 2041 0 -3 -19
E 2041 1 -2 -14
T 2042 12 0 1 0
E 2042 0 -5 -17
T 2043 12 0 2 0
E 2043 5 2 17
E 2043 6 2 14
T 2044 14 0 2 0
E 2044 5 2 15
E 2044 6 2 15
T 2045 14 0 2 0
E 2045 5 2 16
E 2045 6 3 19
T 2046 17 0 2 0
E 2046 5 2 13
E 2046 6 3 18
T 2047 13 1 2 0
E 2047 0 -2 -13
E 2047 6 2 17
T 2048 14 0 2 0
E 2048 0 -3 -19
E 2048 1 -2 -14
T 2049 13 0 2 0
E 2049 0 -3 -18
E 2049 1 -2 -13
T 2050 13 0 2 0
E 2050 5 2 17
E 2050 6 3 22
T 2051 13 0 2 0
E 2051 0 -3 -18
E 2051 1 -2 -13
T 2052 17 1 2 0
E 2052 0 -2 -17
E 2052 6 2 13
T 2053 15 1 2 0
E 2053 0 -2 -15
E 2053 6 2 15
T 2054 16 0 2 0
E 2054 5 2 14
E 2054 6 3 19
T 2055 13 1 2 0
E 2055 0 -2 -13
E 2055 6 2 17
T 2056 16 0 2 0
E 2056 5 2 14
E 2056 6 3 19
T 2057 14 1 2 0
E 2057 0 -2 -14
E 2057 6 2 16
T 2058 14 0 2 0
E 2058 0 -3 -19
E 2058 1 -2 -14
T 2059 15 1 2 0
E 2059 0 -2 -15
E 2059 6 2 15
T 2060 17 0 2 0
E 2060 5 2 13
E 2060 6 3 18
T 2061 18 0 3 0
E 2061 0 -2 -23
E 2061 1 -2 -18
E 2061 2 -1 -13
T 2062 17 0 2 0
E 2062 0 -3 -22
E 2062 1 -2 -17
T 2063 13 0 2 0
E 2063 0 -3 -18
E 2063 1 -2 -13
T 2064 15 0 2 0
E 2064 0 -3 -20
E 2064 1 -2 -15
T 2065 14 1 2 0
E 2065 0 -2 -14
E 2065 6 2 16
T 2066 15 0 2 0
E 2066 5 2 16
E 2066 6 3 21
T 2067 16 0 2 0
E 2067 0 -3 -21
E 2067 1 -2 -15
T 2068 17 0 2 0
E 2068 5 2 15
E 2068 6 3 20
T 2069 17 0 2 0
E 2069 0 -3 -22
E 2069 1 -2 -14
T 2070 17 1 2 0
E 2070 0 -2 -17
E 2070 6 2 16
T 2071 17 1 2 0
E 2071 0 -2 -17
E 2071 6 2 17
T 2072 19 0 3 0
E 2072 0 -2 -21
E 2072 1 -1 -13
E 2072 6 1 13
T 2073 18 0 2 0
E 2073 0 -4 -24
E 2073 1 -2 -16
T 2074 19 0 3 0
E 2074 0 -2 -18
E 2074 5 1 13
E 2074 6 2 18
T 2075 17 0 3 0
E 2075 0 -1 -15
E 2075 5 1 16
E 2075 6 2 21
T 2076 19 0 3 0
E 2076 0 -1 -17
E 2076 5 1 15
E 2076 6 2 20
T 2077 19 0 3 0
E 2077 0 -2 -18
E 2077 5 1 14
E 2077 6 2 19
T 2078 20 0 3 0
E 2078 0 -2 -22
E 2078 1 -1 -14
E 2078 6 1 16
T 2079 20 0 3 0
E 2079 0 -2 -19
E 2079 5 1 15
E 2079 6 2 20
T 2080 19 0 3 0
E 2080 0 -2 -18
E 2080 5 1 16
E 2080 6 2 21
T 2081 21 0 4 0
E 2081 0 -1 -17
E 2081 4 1 13
E 2081 5 2 18
E 2081 6 2 23
T 2082 23 0 3 0
E 2082 0 -2 -26
E 2082 1 -2 -18
E 2082 6 1 14
T 2083 21 0 3 0
E 2083 0 -2 -20
E 2083 5 1 16
E 2083 6 2 21
T 2084 24 0 3 0
E 2084 0 -3 -28
E 2084 1 -2 -20
E 2084 6 1 14
T 2085 23 1 4 0
E 2085 0 -2 -23
E 2085 1 -1 -15
E 2085 5 1 14
E 2085 6 2 19
T 2086 22 0 3 0
E 2086 0 -2 -20
E 2086 5 2 18
E 2086 6 2 23
T 2087 23 0 3 0
E 2087 0 -2 -26
E 2087 1 -2 -18
E 2087 6 1 17
T 2088 23 1 4 0
E 2088 0 -2 -23
E 2088 1 -1 -15
E 2088 5 1 16
E 2088 6 2 21
T 2089 25 0 4 0
E 2089 0 -2 -26
E 2089 1 -2 -18
E 2089 5 1 14
E 2089 6 2 19
T 2090 22 0 3 0
E 2090 0 -2 -20
E 2090 5 2 20
E 2090 6 2 25
T 2091 23 0 4 0
E 2091 0 -2 -22
E 2091 1 -1 -14
E 2091 5 2 18
E 2091 6 2 24
T 2092 25 0 3 0
E 2092 0 -3 -28
E 2092 1 -2 -20
E 2092 6 2 18
T 2093 28 0 4 0
E 2093 0 -3 -33
E 2093 1 -2 -25
E 2093 2 -1 -17
E 2093 6 1 14
T 2094 28 0 4 0
E 2094 0 -3 -34
E 2094 1 -2 -26
E 2094 2 -2 -18
E 2094 6 1 14
T 2095 25 0 4 0
E 2095 0 -3 -29
E 2095 1 -2 -21
E 2095 2 -1 -13
E 2095 6 2 19
T 2096 26 0 4 0
E 2096 0 -3 -30
E 2096 1 -2 -22
E 2096 2 -1 -14
E 2096 6 2 18
T 2097 26 0 4 0
E 2097 0 -3 -30
E 2097 1 -2 -22
E 2097 2 -1 -14
E 2097 6 2 18
T 2098 28 0 4 0
E 2098 0 -3 -34
E 2098 1 -2 -26
E 2098 2 -2 -18
E 2098 6 1 14
T 2099 25 0 4 0
E 2099 0 -3 -27
E 2099 1 -2 -19
E 2099 5 1 13
E 2099 6 2 21
T 2100 26 0 4 0
E 2100 0 -3 -30
E 2100 1 -2 -22
E 2100 2 -1 -14
E 2100 6 2 18
T 2101 23 1 4 0
E 2101 0 -2 -23
E 2101 1 -1 -15
E 2101 5 1 17
E 2101 6 2 25
T 2102 23 0 3 0
E 2102 0 -2 -20
E 2102 5 2 20
E 2102 6 3 28
T 2103 23 0 4 0
E 2103 0 -2 -22
E 2103 1 -1 -14
E 2103 5 2 18
E 2103 6 2 26
T 2104 25 0 3 0
E 2104 0 -3 -28
E 2104 1 -2 -20
E 2104 6 2 20
T 2105 23 0 3 0
E 2105 0 -2 -20
E 2105 5 2 20
E 2105 6 3 28
T 2106 25 0 4 0
E 2106 0 -3 -27
E 2106 1 -2 -19
E 2106 5 1 13
E 2106 6 2 21
T 2107 23 0 3 0
E 2107 0 -2 -20
E 2107 5 2 20
E 2107 6 3 28
T 2108 23 1 4 0
E 2108 0 -2 -23
E 2108 1 -1 -15
E 2108 5 1 17
E 2108 6 2 25
T 2109 23 0 4 0
E 2109 0 -2 -22
E 2109 1 -1 -14
E 2109 5 2 18
E 2109 6 2 26
T 2110 25 0 4 0
E 2110 0 -3 -29
E 2110 1 -2 -21
E 2110 2 -1 -13
E 2110 6 2 19
T 2111 25 0 4 0
E 2111 0 -3 -29
E 2111 1 -2 -21
E 2111 2 -1 -13
E 2111 6 2 19
T 2112 26 0 4 0
E 2112 0 -3 -31
E 2112 1 -2 -23
E 2112 2 -1 -15
E 2112 6 1 17
T 2113 28 0 4 0
E 2113 0 -3 -34
E 2113 1 -2 -26
E 2113 2 -2 -18
E 2113 6 1 14
T 2114 27 0 4 0
E 2114 0 -3 -32
E 2114 1 -2 -24
E 2114 2 -1 -16
E 2114 6 1 16
T 2115 26 0 4 0
E 2115 0 -3 -30
E 2115 1 -2 -22
E 2115 2 -1 -14
E 2115 6 2 18
T 2116 25 0 4 0
E 2116 0 -3 -29
E 2116 1 -2 -21
E 2116 2 -1 -13
E 2116 6 2 19
T 2117 23 0 4 0
E 2117 0 -2 -21
E 2117 1 -1 -13
E 2117 5 2 19
E 2117 6 3 27
T 2118 26 0 4 0
E 2118 0 -3 -30
E 2118 1 -2 -22
E 2118 2 -1 -14
E 2118 6 2 18
T 2119 28 0 4 0
E 2119 0 -3 -33
E 2119 1 -2 -25
E 2119 2 -1 -17
E 2119 6 1 15
T 2120 25 0 4 0
E 2120 0 -2 -26
E 2120 1 -2 -18
E 2120 5 1 14
E 2120 6 2 22
T 2121 25 0 3 0
E 2121 0 -3 -28
E 2121 1 -2 -20
E 2121 6 2 20
T 2122 25 1 4 0
E 2122 0 -2 -25
E 2122 1 -1 -17
E 2122 5 1 15
E 2122 6 2 23
T 2123 25 0 4 0
E 2123 0 -3 -29
E 2123 1 -2 -21
E 2123 2 -1 -13
E 2123 6 2 19
T 2124 23 0 4 0
E 2124 0 -2 -21
E 2124 1 -1 -13
E 2124 5 2 19
E 2124 6 3 27
T 2125 23 0 4 0
E 2125 0 -2 -21
E 2125 1 -1 -13
E 2125 5 2 19
E 2125 6 3 27
T 2126 25 0 4 0
E 2126 0 -3 -27
E 2126 1 -2 -19
E 2126 5 1 13
E 2126 6 2 21
T 2127 26 0 4 0
E 2127 0 -3 -31
E 2127 1 -2 -23
E 2127 2 -1 -15
E 2127 6 1 17
T 2128 25 0 4 0
E 2128 0 -3 -27
E 2128 1 -2 -19
E 2128 5 1 13
E 2128 6 2 21
T 2129 28 0 4 0
E 2129 0 -3 -33
E 2129 1 -2 -25
E 2129 2 -1 -17
E 2129 6 1 15
T 2130 28 0 4 0
E 2130 0 -3 -35
E 2130 1 -3 -27
E 2130 2 -2 -19
E 2130 6 1 13
T 2131 25 0 4 0
E 2131 0 -3 -27
E 2131 1 -2 -19
E 2131 5 1 13
E 2131 6 2 21
T 2132 25 0 4 0
E 2132 0 -2 -26
E 2132 1 -2 -18
E 2132 5 1 14
E 2132 6 2 22
T 2133 25 0 4 0
E 2133 0 -3 -29
E 2133 1 -2 -21
E 2133 2 -1 -13
E 2133 6 2 19
T 2134 25 0 4 0
E 2134 0 -3 -27
E 2134 1 -2 -19
E 2134 5 1 13
E 2134 6 2 21
T 2135 27 0 4 0
E 2135 0 -3 -32
E 2135 1 -2 -24
E 2135 2 -1 -16
E 2135 6 1 16
T 2136 28 0 4 0
E 2136 0 -3 -35
E 2136 1 -3 -27
E 2136 2 -2 -19
E 2136 6 1 13
T 2137 25 0 4 0
E 2137 0 -3 -27
E 2137 1 -2 -19
E 2137 5 1 13
E 2137 6 2 21
T 2138 25 0 4 0
E 2138 0 -3 -29
E 2138 1 -2 -21
E 2138 2 -1 -13
E 2138 6 2 19
T 2139 25 0 4 0
E 2139 0 -3 -27
E 2139 1 -2 -19
E 2139 5 1 13
E 2139 6 2 21
T 2140 23 0 4 0
E 2140 0 -2 -22
E 2140 1 -1 -14
E 2140 5 2 18
E 2140 6 2 26
T 2141 25 0 3 0
E 2141 0 -3 -28
E 2141 1 -2 -20
E 2141 6 2 20
T 2142 25 0 3 0
E 2142 0 -3 -28
E 2142 1 -2 -20
E 2142 6 2 20
T 2143 23 0 4 0
E 2143 0 -2 -22
E 2143 1 -1 -14
E 2143 5 2 18
E 2143 6 2 26
T 2144 23 0 4 0
E 2144 0 -2 -22
E 2144 1 -1 -14
E 2144 5 2 18
E 2144 6 2 26
T 2145 23 0 4 0
E 2145 0 -2 -22
E 2145 1 -1 -14
E 2145 5 2 18
E 2145 6 2 26
T 2146 26 0 4 0
E 2146 0 -3 -31
E 2146 1 -2 -23
E 2146 2 -1 -15
E 2146 6 1 17
T 2147 25 0 3 0
E 2147 0 -3 -28
E 2147 1 -2 -20
E 2147 6 2 20
T 2148 25 0 4 0
E 2148 0 -3 -27
E 2148 1 -2 -19
E 2148 5 1 13
E 2148 6 2 21
T 2149 23 1 4 0
E 2149 0 -2 -23
E 2149 1 -1 -15
E 2149 5 1 17
E 2149 6 2 25
T 2150 26 0 4 0
E 2150 0 -3 -30
E 2150 1 -2 -22
E 2150 2 -1 -14
E 2150 6 2 18
T 2151 25 0 4 0
E 2151 0 -3 -27
E 2151 1 -2 -19
E 2151 5 1 13
E 2151 6 2 21
T 2152 26 0 4 0
E 2152 0 -3 -30
E 2152 1 -2 -22
E 2152 2 -1 -14
E 2152 6 2 18
T 2153 23 1 4 0
E 2153 0 -2 -23
E 2153 1 -1 -15
E 2153 5 1 17
E 2153 6 2 25
T 2154 26 0 4 0
E 2154 0 -3 -31
E 2154 1 -2 -23
E 2154 2 -1 -15
E 2154 6 1 17
T 2155 27 0 4 0
E 2155 0 -3 -32
E 2155 1 -2 -24
E 2155 2 -1 -16
E 2155 6 1 16
T 2156 24 1 4 0
E 2156 0 -2 -24
E 2156 1 -1 -16
E 2156 5 1 16
E 2156 6 2 24
T 2157 26 0 4 0
E 2157 0 -3 -30
E 2157 1 -2 -22
E 2157 2 -1 -14
E 2157 6 2 18
T 2158 24 1 4 0
E 2158 0 -2 -24
E 2158 1 -1 -16
E 2158 5 1 16
E 2158 6 2 24
T 2159 23 0 4 0
E 2159 0 -2 -22
E 2159 1 -1 -14
E 2159 5 2 18
E 2159 6 2 26
T 2160 20 0 4 0
E 2160 0 3 29
E 2160 4 1 13
E 2160 5 2 21
E 2160 6 3 29
T 2161 19 1 4 0
E 2161 0 2 19
E 2161 1 -2 -24
E 2161 2 -1 -16
E 2161 6 1 16
T 2162 21 0 3 0
E 2162 0 2 18
E 2162 1 -3 -28
E 2162 2 -2 -20
T 2163 25 0 4 0
E 2163 0 3 27
E 2163 1 -2 -22
E 2163 2 -1 -14
E 2163 6 2 18
T 2164 28 0 4 0
E 2164 0 2 24
E 2164 1 -3 -29
E 2164 2 -2 -21
E 2164 3 -1 -13
T 2165 25 0 4 0
E 2165 0 2 26
E 2165 1 2 18
E 2165 2 -2 -22
E 2165 3 -1 -14
T 2166 28 0 3 0
E 2166 0 3 31
E 2166 1 2 23
E 2166 2 -2 -20
T 2167 28 0 4 0
E 2167 0 3 30
E 2167 1 2 22
E 2167 2 -2 -24
E 2167 3 -1 -16
T 2168 32 0 4 0
E 2168 0 3 34
E 2168 1 2 26
E 2168 2 -2 -23
E 2168 3 -1 -15
T 2169 30 0 5 0
E 2169 0 3 29
E 2169 1 2 21
E 2169 2 -3 -32
E 2169 3 -2 -24
E 2169 4 -1 -16
T 2170 30 0 5 0
E 2170 0 3 35
E 2170 1 3 27
E 2170 2 2 19
E 2170 3 -2 -21
E 2170 4 -1 -13
T 2171 28 0 5 0
E 2171 0 3 27
E 2171 1 2 19
E 2171 3 -3 -32
E 2171 4 -2 -24
E 2171 5 -1 -16
T 2172 30 0 5 0
E 2172 0 3 27
E 2172 1 2 19
E 2172 3 -3 -35
E 2172 4 -3 -27
E 2172 5 -2 -19
T 2173 32 0 6 0
E 2173 0 3 30
E 2173 1 2 22
E 2173 2 1 14
E 2173 3 -3 -35
E 2173 4 -3 -27
E 2173 5 -2 -19
T 2174 33 0 6 0
E 2174 0 3 28
E 2174 1 2 20
E 2174 3 -4 -41
E 2174 4 -3 -33
E 2174 5 -2 -25
E 2174 6 -1 -17
T 2175 32 0 5 0
E 2175 0 4 36
E 2175 1 3 28
E 2175 2 2 20
E 2175 4 -3 -28
E 2175 5 -2 -20
T 2176 31 0 5 0
E 2176 0 3 27
E 2176 1 2 19
E 2176 4 -4 -40
E 2176 5 -3 -32
E 2176 6 -2 -24
T 2177 35 0 6 0
E 2177 0 3 32
E 2177 1 2 24
E 2177 2 1 16
E 2177 4 -4 -38
E 2177 5 -3 -30
E 2177 6 -2 -22
T 2178 36 0 7 0
E 2178 0 4 37
E 2178 1 3 29
E 2178 2 2 21
E 2178 3 1 13
E 2178 4 -4 -36
E 2178 5 -3 -28
E 2178 6 -2 -20
T 2179 36 0 7 0
E 2179 0 4 37
E 2179 1 3 29
E 2179 2 2 21
E 2179 3 1 13
E 2179 4 -4 -40
E 2179 5 -3 -32
E 2179 6 -2 -24
T 2180 34 1 5 0
E 2180 0 3 34
E 2180 1 2 26
E 2180 2 2 18
E 2180 5 -4 -38
E 2180 6 -3 -30
T 2181 35 0 6 0
E 2181 0 4 38
E 2181 1 3 30
E 2181 2 2 22
E 2181 3 1 14
E 2181 5 -4 -37
E 2181 6 -3 -29
T 2182 36 0 5 0
E 2182 0 3 33
E 2182 1 2 25
E 2182 2 1 17
E 2182 5 -5 -45
E 2182 6 -4 -37
T 2183 36 0 6 0
E 2183 0 4 39
E 2183 1 3 31
E 2183 2 2 23
E 2183 3 1 15
E 2183 5 -4 -42
E 2183 6 -3 -34
T 2184 36 0 5 0
E 2184 0 3 35
E 2184 1 3 27
E 2184 2 2 19
E 2184 5 -5 -50
E 2184 6 -4 -42
T 2185 31 0 4 0
E 2185 0 4 36
E 2185 1 3 28
E 2185 2 2 20
E 2185 6 -4 -44
T 2186 32 0 4 0
E 2186 0 4 36
E 2186 1 3 28
E 2186 2 2 20
E 2186 6 -5 -47
T 2187 32 1 4 0
E 2187 0 3 32
E 2187 1 2 24
E 2187 2 1 16
E 2187 6 -6 -54
T 2188 33 1 4 0
E 2188 0 3 33
E 2188 1 2 25
E 2188 2 1 17
E 2188 6 -6 -56
T 2189 35 0 5 0
E 2189 0 4 39
E 2189 1 3 31
E 2189 2 2 23
E 2189 3 1 15
E 2189 6 -6 -54
T 2190 28 0 4 0
E 2190 0 3 35
E 2190 1 3 27
E 2190 2 2 19
E 2190 6 -1 -13
T 2191 26 0 4 0
E 2191 0 3 30
E 2191 1 2 22
E 2191 2 1 14
E 2191 6 -2 -18
T 2192 24 1 4 0
E 2192 0 2 24
E 2192 1 1 16
E 2192 5 -1 -16
E 2192 6 -2 -24
T 2193 23 0 3 0
E 2193 0 2 20
E 2193 5 -2 -20
E 2193 6 -3 -28
T 2194 25 0 4 0
E 2194 0 3 27
E 2194 1 2 19
E 2194 5 -1 -13
E 2194 6 -2 -21
T 2195 26 0 4 0
E 2195 0 3 30
E 2195 1 2 22
E 2195 2 1 14
E 2195 6 -2 -18
T 2196 23 1 4 0
E 2196 0 2 23
E 2196 1 1 15
E 2196 5 -1 -17
E 2196 6 -2 -25
T 2197 23 1 4 0
E 2197 0 2 23
E 2197 1 1 15
E 2197 5 -1 -17
E 2197 6 -2 -25
T 2198 26 0 4 0
E 2198 0 3 30
E 2198 1 2 22
E 2198 2 1 14
E 2198 6 -2 -18
T 2199 26 0 4 0
E 2199 0 3 30
E 2199 1 2 22
E 2199 2 1 14
E 2199 6 -2 -18
T 2200 27 0 4 0
E 2200 0 3 32
E 2200 1 2 24
E 2200 2 1 16
E 2200 6 -1 -16
T 2201 27 0 4 0
E 2201 0 3 32
E 2201 1 2 24
E 2201 2 1 16
E 2201 6 -1 -16
T 2202 25 1 4 0
E 2202 0 2 25
E 2202 1 1 17
E 2202 5 -1 -15
E 2202 6 -2 -23
T 2203 23 1 4 0
E 2203 0 2 23
E 2203 1 1 15
E 2203 5 -1 -17
E 2203 6 -2 -25
T 2204 25 0 4 0
E 2204 0 3 29
E 2204 1 2 21
E 2204 2 1 13
E 2204 6 -2 -19
T 2205 23 1 4 0
E 2205 0 2 23
E 2205 1 1 15
E 2205 5 -1 -17
E 2205 6 -2 -25
T 2206 26 0 4 0
E 2206 0 3 30
E 2206 1 2 22
E 2206 2 1 14
E 2206 6 -2 -18
T 2207 28 0 4 0
E 2207 0 3 33
E 2207 1 2 25
E 2207 2 1 17
E 2207 6 -1 -15
T 2208 25 0 4 0
E 2208 0 3 27
E 2208 1 2 19
E 2208 5 -1 -13
E 2208 6 -2 -21
T 2209 26 0 4 0
E 2209 0 3 31
E 2209 1 2 23
E 2209 2 1 15
E 2209 6 -1 -17
T 2210 28 0 4 0
E 2210 0 3 33
E 2210 1 2 25
E 2210 2 1 17
E 2210 6 -1 -15
T 2211 28 0 4 0
E 2211 0 3 33
E 2211 1 2 25
E 2211 2 1 17
E 2211 6 -1 -15
T 2212 27 0 4 0
E 2212 0 3 32
E 2212 1 2 24
E 2212 2 1 16
E 2212 6 -1 -16
T 2213 25 0 4 0
E 2213 0 3 29
E 2213 1 2 21
E 2213 2 1 13
E 2213 6 -2 -19
T 2214 25 0 4 0
E 2214 0 3 29
E 2214 1 2 21
E 2214 2 1 13
E 2214 6 -2 -19
T 2215 27 0 4 0
E 2215 0 3 32
E 2215 1 2 24
E 2215 2 1 16
E 2215 6 -1 -16
T 2216 28 0 4 0
E 2216 0 3 33
E 2216 1 2 25
E 2216 2 1 17
E 2216 6 -1 -15
T 2217 28 0 4 0
E 2217 0 3 35
E 2217 1 3 27
E 2217 2 2 19
E 2217 6 -1 -13
T 2218 25 0 4 0
E 2218 0 3 27
E 2218 1 2 19
E 2218 5 -1 -13
E 2218 6 -2 -21
T 2219 25 0 3 0
E 2219 0 3 28
E 2219 1 2 20
E 2219 6 -2 -20
T 2220 28 0 4 0
E 2220 0 3 33
E 2220 1 2 25
E 2220 2 1 17
E 2220 6 -1 -15
T 2221 28 0 4 0
E 2221 0 3 33
E 2221 1 2 25
E 2221 2 1 17
E 2221 6 -1 -15
T 2222 25 0 4 0
E 2222 0 3 27
E 2222 1 2 19
E 2222 5 -1 -13
E 2222 6 -2 -21
T 2223 23 0 3 0
E 2223 0 2 20
E 2223 5 -2 -20
E 2223 6 -3 -28
T 2224 26 0 4 0
E 2224 0 3 31
E 2224 1 2 23
E 2224 2 1 15
E 2224 6 -1 -17
T 2225 25 0 4 0
E 2225 0 2 26
E 2225 1 2 18
E 2225 5 -1 -14
E 2225 6 -2 -22
T 2226 27 0 4 0
E 2226 0 3 32
E 2226 1 2 24
E 2226 2 1 16
E 2226 6 -1 -16
T 2227 25 0 4 0
E 2227 0 3 29
E 2227 1 2 21
E 2227 2 1 13
E 2227 6 -2 -19
T 2228 23 0 4 0
E 2228 0 2 22
E 2228 1 1 14
E 2228 5 -2 -18
E 2228 6 -2 -26
T 2229 25 0 4 0
E 2229 0 2 26
E 2229 1 2 18
E 2229 5 -1 -14
E 2229 6 -2 -22
T 2230 26 0 4 0
E 2230 0 3 30
E 2230 1 2 22
E 2230 2 1 14
E 2230 6 -2 -18
T 2231 25 0 3 0
E 2231 0 3 28
E 2231 1 2 20
E 2231 6 -2 -20
T 2232 26 0 4 0
E 2232 0 3 31
E 2232 1 2 23
E 2232 2 1 15
E 2232 6 -1 -17
T 2233 25 0 4 0
E 2233 0 2 26
E 2233 1 2 18
E 2233 5 -1 -14
E 2233 6 -2 -22
T 2234 25 0 4 0
E 2234 0 2 26
E 2234 1 2 18
E 2234 5 -1 -14
E 2234 6 -2 -22
T 2235 24 1 4 0
E 2235 0 2 24
E 2235 1 1 16
E 2235 5 -1 -16
E 2235 6 -2 -24
T 2236 23 0 4 0
E 2236 0 2 22
E 2236 1 1 14
E 2236 5 -2 -18
E 2236 6 -2 -26
T 2237 25 0 4 0
E 2237 0 3 29
E 2237 1 2 21
E 2237 2 1 13
E 2237 6 -2 -19
T 2238 25 0 4 0
E 2238 0 2 26
E 2238 1 2 18
E 2238 5 -1 -14
E 2238 6 -2 -22
T 2239 23 0 4 0
E 2239 0 2 21
E 2239 1 1 13
E 2239 5 -2 -19
E 2239 6 -3 -27
T 2240 26 0 4 0
E 2240 0 3 31
E 2240 1 2 23
E 2240 2 1 15
E 2240 6 -1 -17
T 2241 23 0 4 0
E 2241 0 2 22
E 2241 1 1 14
E 2241 5 -2 -18
E 2241 6 -2 -26
T 2242 23 0 4 0
E 2242 0 2 19
E 2242 4 -1 -13
E 2242 5 -2 -21
E 2242 6 -3 -29
T 2243 25 1 4 0
E 2243 0 2 25
E 2243 1 1 17
E 2243 5 -1 -15
E 2243 6 -2 -23
T 2244 28 0 4 0
E 2244 0 3 33
E 2244 1 2 25
E 2244 2 1 17
E 2244 6 -1 -15
T 2245 25 0 4 0
E 2245 0 3 29
E 2245 1 2 21
E 2245 2 1 13
E 2245 6 -2 -19
T 2246 25 0 4 0
E 2246 0 3 29
E 2246 1 2 21
E 2246 2 1 13
E 2246 6 -2 -19
T 2247 26 0 4 0
E 2247 0 3 30
E 2247 1 2 22
E 2247 2 1 14
E 2247 6 -2 -18
T 2248 28 0 4 0
E 2248 0 3 33
E 2248 1 2 25
E 2248 2 1 17
E 2248 6 -1 -15
T 2249 25 0 4 0
E 2249 0 3 29
E 2249 1 2 21
E 2249 2 1 13
E 2249 6 -2 -19
T 2250 26 0 4 0
E 2250 0 3 30
E 2250 1 2 22
E 2250 2 1 14
E 2250 6 -2 -18
T 2251 25 1 4 0
E 2251 0 2 25
E 2251 1 1 17
E 2251 5 -1 -15
E 2251 6 -2 -23
T 2252 25 1 4 0
E 2252 0 2 25
E 2252 1 1 17
E 2252 5 -1 -15
E 2252 6 -2 -23
T 2253 23 1 4 0
E 2253 0 2 23
E 2253 1 1 15
E 2253 5 -1 -17
E 2253 6 -2 -25
T 2254 25 0 4 0
E 2254 0 3 27
E 2254 1 2 19
E 2254 5 -1 -13
E 2254 6 -2 -21
T 2255 25 1 4 0
E 2255 0 2 25
E 2255 1 1 17
E 2255 5 -1 -15
E 2255 6 -2 -23
T 2256 23 0 4 0
E 2256 0 2 22
E 2256 1 1 14
E 2256 5 -2 -18
E 2256 6 -2 -26
T 2257 21 0 4 0
E 2257 0 1 16
E 2257 4 -1 -13
E 2257 5 -2 -21
E 2257 6 -3 -29
T 2258 21 0 3 0
E 2258 0 2 23
E 2258 1 2 20
E 2258 6 -2 -20
T 2259 18 0 4 0
E 2259 0 2 19
E 2259 1 2 19
E 2259 5 -1 -13
E 2259 6 -2 -21
T 2260 17 0 4 0
E 2260 0 2 21
E 2260 1 2 24
E 2260 2 1 16
E 2260 6 -1 -16
T 2261 15 0 4 0
E 2261 0 1 17
E 2261 1 2 22
E 2261 2 1 14
E 2261 6 -2 -18
T 2262 13 0 4 0
E 2262 0 2 18
E 2262 1 2 23
E 2262 2 2 18
E 2262 6 -1 -14
T 2263 12 0 3 0
E 2263 0 2 18
E 2263 1 2 23
E 2263 2 2 20
T 2264 9 0 3 0
E 2264 1 1 15
E 2264 2 1 15
E 2264 6 -1 -17
T 2265 8 0 3 0
E 2265 1 1 15
E 2265 2 2 18
E 2265 6 -1 -14
T 2266 5 0 2 0
E 2266 1 2 15
E 2266 2 3 20
T 2267 3 0 2 0
E 2267 5 -2 -13
E 2267 6 -3 -21
T 2268 4 0 3 0
E 2268 1 1 13
E 2268 2 2 18
E 2268 3 1 15
T 2269 1 0 2 0
E 2269 2 2 15
E 2269 3 2 15
T 2270 1 0 2 0
E 2270 2 2 13
E 2270 3 2 16
T 2271 6 0 1 0
E 2271 3 4 13
T 2272 6 0 0 0
T 2273 6 0 1 0
E 2273 3 4 13
T 2274 6 0 0 0
T 2275 9 0 0 0
T 2276 9 0 1 0
E 2276 0 -4 -13
T 2277 11 0 0 0
T 2278 8 0 0 0
T 2279 8 0 0 0
T 2280 8 0 2 0
E 2280 4 2 17
E 2280 5 3 20
T 2281 10 0 1 0
E 2281 0 -4 -14
T 2282 9 0 1 0
E 2282 0 -4 -13
T 2283 10 0 1 0
E 2283 0 -4 -14
T 2284 13 0 2 0
E 2284 5 2 16
E 2284 6 2 16
T 2285 13 0 2 0
E 2285 5 2 17
E 2285 6 3 20
T 2286 17 1 2 0
E 2286 0 -2 -17
E 2286 6 2 13
T 2287 16 0 2 0
E 2287 0 -3 -21
E 2287 1 -2 -16
T 2288 16 1 2 0
E 2288 0 -2 -16
E 2288 6 2 14
T 2289 16 1 2 0
E 2289 0 -2 -16
E 2289 6 2 14
T 2290 17 1 2 0
E 2290 0 -2 -17
E 2290 6 2 13
T 2291 19 0 3 0
E 2291 0 -2 -24
E 2291 1 -2 -19
E 2291 2 -1 -14
T 2292 17 0 2 0
E 2292 0 -3 -22
E 2292 1 -2 -17
T 2293 13 0 2 0
E 2293 0 -3 -18
E 2293 1 -2 -13
T 2294 14 1 2 0
E 2294 0 -2 -14
E 2294 6 2 16
T 2295 16 0 2 0
E 2295 0 -3 -21
E 2295 1 -2 -16
T 2296 17 1 2 0
E 2296 0 -2 -17
E 2296 6 2 13
T 2297 15 1 2 0
E 2297 0 -2 -15
E 2297 6 2 15
T 2298 17 1 2 0
E 2298 0 -2 -17
E 2298 6 2 13
T 2299 18 0 3 0
E 2299 0 -2 -23
E 2299 1 -2 -18
E 2299 2 -1 -13
T 2300 15 0 2 0
E 2300 0 -3 -20
E 2300 1 -2 -15
T 2301 17 0 2 0
E 2301 0 -3 -22
E 2301 1 -2 -17
T 2302 18 0 3 0
E 2302 0 -2 -23
E 2302 1 -2 -18
E 2302 2 -1 -13
T 2303 15 1 2 0
E 2303 0 -2 -15
E 2303 6 2 15
T 2304 16 0 2 0
E 2304 5 2 14
E 2304 6 3 19
T 2305 14 0 2 0
E 2305 0 -3 -19
E 2305 1 -2 -14
T 2306 17 0 2 0
E 2306 0 -3 -18
E 2306 6 2 13
T 2307 14 0 2 0
E 2307 0 -3 -19
E 2307 1 -2 -13
T 2308 15 0 2 0
E 2308 0 -3 -20
E 2308 1 -2 -13
T 2309 18 0 2 0
E 2309 0 -3 -23
E 2309 1 -2 -15
T 2310 17 0 3 0
E 2310 0 -1 -15
E 2310 5 1 13
E 2310 6 2 18
T 2311 16 0 3 0
E 2311 0 -1 -14
E 2311 5 1 15
E 2311 6 2 20
T 2312 17 1 2 0
E 2312 0 -2 -17
E 2312 6 2 17
T 2313 17 0 3 0
E 2313 0 -1 -15
E 2313 5 1 15
E 2313 6 2 20
T 2314 18 0 3 0
E 2314 0 -1 -16
E 2314 5 1 15
E 2314 6 2 20
T 2315 18 0 2 0
E 2315 0 -4 -24
E 2315 1 -2 -16
T 2316 19 0 2 0
E 2316 0 -3 -20
E 2316 6 2 17
T 2317 19 0 3 0
E 2317 0 -2 -21
E 2317 1 -1 -13
E 2317 6 1 16
T 2318 19 0 4 0
E 2318 0 -1 -15
E 2318 4 1 13
E 2318 5 2 18
E 2318 6 2 23
T 2319 19 0 3 0
E 2319 0 -1 -17
E 2319 5 1 17
E 2319 6 2 22
T 2320 20 0 4 0
E 2320 0 -1 -16
E 2320 4 1 13
E 2320 5 2 18
E 2320 6 2 23
T 2321 21 0 2 0
E 2321 0 -4 -28
E 2321 1 -3 -20
T 2322 23 0 3 0
E 2322 0 -3 -27
E 2322 1 -2 -19
E 2322 6 1 13
T 2323 22 1 4 0
E 2323 0 -2 -22
E 2323 1 -1 -14
E 2323 5 1 14
E 2323 6 2 19
T 2324 24 0 3 0
E 2324 0 -3 -30
E 2324 1 -2 -22
E 2324 2 -1 -14
T 2325 24 0 3 0
E 2325 0 -3 -28
E 2325 1 -2 -20
E 2325 6 1 14
T 2326 24 0 3 0
E 2326 0 -3 -28
E 2326 1 -2 -20
E 2326 6 1 15
T 2327 21 1 4 0
E 2327 0 -2 -21
E 2327 1 -1 -13
E 2327 5 1 17
E 2327 6 2 22
T 2328 22 0 4 0
E 2328 0 -1 -17
E 2328 4 1 15
E 2328 5 2 22
E 2328 6 3 27
T 2329 22 0 4 0
E 2329 0 -2 -18
E 2329 4 1 14
E 2329 5 2 22
E 2329 6 3 27
T 2330 24 1 4 0
E 2330 0 -2 -24
E 2330 1 -1 -16
E 2330 5 1 16
E 2330 6 2 21
T 2331 25 0 4 0
E 2331 0 -3 -30
E 2331 1 -2 -22
E 2331 2 -1 -14
E 2331 6 1 16
T 2332 24 1 4 0
E 2332 0 -2 -24
E 2332 1 -1 -16
E 2332 5 1 16
E 2332 6 2 22
T 2333 25 0 4 0
E 2333 0 -3 -29
E 2333 1 -2 -21
E 2333 2 -1 -13
E 2333 6 2 18
T 2334 28 0 4 0
E 2334 0 -3 -33
E 2334 1 -2 -25
E 2334 2 -1 -17
E 2334 6 1 15
T 2335 26 0 4 0
E 2335 0 -3 -30
E 2335 1 -2 -22
E 2335 2 -1 -14
E 2335 6 2 18
T 2336 25 1 4 0
E 2336 0 -2 -25
E 2336 1 -1 -17
E 2336 5 1 15
E 2336 6 2 23
T 2337 25 0 4 0
E 2337 0 -3 -29
E 2337 1 -2 -21
E 2337 2 -1 -13
E 2337 6 2 19
T 2338 25 0 4 0
E 2338 0 -3 -29
E 2338 1 -2 -21
E 2338 2 -1 -13
E 2338 6 2 19
T 2339 25 0 4 0
E 2339 0 -2 -26
E 2339 1 -2 -18
E 2339 5 1 14
E 2339 6 2 22
T 2340 25 0 4 0
E 2340 0 -3 -27
E 2340 1 -2 -19
E 2340 5 1 13
E 2340 6 2 21
T 2341 28 0 4 0
E 2341 0 -3 -33
E 2341 1 -2 -25
E 2341 2 -1 -17
E 2341 6 1 15
T 2342 28 0 4 0
E 2342 0 -3 -33
E 2342 1 -2 -25
E 2342 2 -1 -17
E 2342 6 1 15
T 2343 28 0 4 0
E 2343 0 -3 -34
E 2343 1 -2 -26
E 2343 2 -2 -18
E 2343 6 1 14
T 2344 25 0 4 0
E 2344 0 -3 -27
E 2344 1 -2 -19
E 2344 5 1 13
E 2344 6 2 21
T 2345 27 0 4 0
E 2345 0 -3 -32
E 2345 1 -2 -24
E 2345 2 -1 -16
E 2345 6 1 16
T 2346 24 1 4 0
E 2346 0 -2 -24
E 2346 1 -1 -16
E 2346 5 1 16
E 2346 6 2 24
T 2347 23 0 4 0
E 2347 0 -2 -21
E 2347 1 -1 -13
E 2347 5 2 19
E 2347 6 3 27
T 2348 24 1 4 0
E 2348 0 -2 -24
E 2348 1 -1 -16
E 2348 5 1 16
E 2348 6 2 24
T 2349 26 0 4 0
E 2349 0 -3 -30
E 2349 1 -2 -22
E 2349 2 -1 -14
E 2349 6 2 18
T 2350 26 0 4 0
E 2350 0 -3 -30
E 2350 1 -2 -22
E 2350 2 -1 -14
E 2350 6 2 18
T 2351 26 0 4 0
E 2351 0 -3 -30
E 2351 1 -2 -22
E 2351 2 -1 -14
E 2351 6 2 18
T 2352 26 0 4 0
E 2352 0 -3 -30
E 2352 1 -2 -22
E 2352 2 -1 -14
E 2352 6 2 18
T 2353 23 1 4 0
E 2353 0 -2 -23
E 2353 1 -1 -15
E 2353 5 1 17
E 2353 6 2 25
T 2354 26 0 4 0
E 2354 0 -3 -31
E 2354 1 -2 -23
E 2354 2 -1 -15
E 2354 6 1 17
T 2355 28 0 4 0
E 2355 0 -3 -33
E 2355 1 -2 -25
E 2355 2 -1 -17
E 2355 6 1 15
T 2356 25 0 4 0
E 2356 0 -3 -27
E 2356 1 -2 -19
E 2356 5 1 13
E 2356 6 2 21
T 2357 23 0 3 0
E 2357 0 -2 -20
E 2357 5 2 20
E 2357 6 3 28
T 2358 25 0 4 0
E 2358 0 -2 -26
E 2358 1 -2 -18
E 2358 5 1 14
E 2358 6 2 22
T 2359 25 0 4 0
E 2359 0 -3 -29
E 2359 1 -2 -21
E 2359 2 -1 -13
E 2359 6 2 19
T 2360 25 0 3 0
E 2360 0 -3 -28
E 2360 1 -2 -20
E 2360 6 2 20
T 2361 25 1 4 0
E 2361 0 -2 -25
E 2361 1 -1 -17
E 2361 5 1 15
E 2361 6 2 23
T 2362 23 0 4 0
E 2362 0 -2 -22
E 2362 1 -1 -14
E 2362 5 2 18
E 2362 6 2 26
T 2363 26 0 4 0
E 2363 0 -3 -30
E 2363 1 -2 -22
E 2363 2 -1 -14
E 2363 6 2 18
T 2364 25 0 4 0
E 2364 0 -3 -29
E 2364 1 -2 -21
E 2364 2 -1 -13
E 2364 6 2 19
T 2365 23 1 4 0
E 2365 0 -2 -23
E 2365 1 -1 -15
E 2365 5 1 17
E 2365 6 2 25
T 2366 24 1 4 0
E 2366 0 -2 -24
E 2366 1 -1 -16
E 2366 5 1 16
E 2366 6 2 24
T 2367 25 0 4 0
E 2367 0 -3 -29
E 2367 1 -2 -21
E 2367 2 -1 -13
E 2367 6 2 19
T 2368 26 0 4 0
E 2368 0 -3 -31
E 2368 1 -2 -23
E 2368 2 -1 -15
E 2368 6 1 17
T 2369 28 0 4 0
E 2369 0 -3 -33
E 2369 1 -2 -25
E 2369 2 -1 -17
E 2369 6 1 15
T 2370 28 0 4 0
E 2370 0 -3 -33
E 2370 1 -2 -25
E 2370 2 -1 -17
E 2370 6 1 15
T 2371 24 1 4 0
E 2371 0 -2 -24
E 2371 1 -1 -16
E 2371 5 1 16
E 2371 6 2 24
T 2372 25 0 3 0
E 2372 0 -3 -28
E 2372 1 -2 -20
E 2372 6 2 20
T 2373 26 0 4 0
E 2373 0 -3 -30
E 2373 1 -2 -22
E 2373 2 -1 -14
E 2373 6 2 18
T 2374 26 0 4 0
E 2374 0 -3 -30
E 2374 1 -2 -22
E 2374 2 -1 -14
E 2374 6 2 18
T 2375 26 0 4 0
E 2375 0 -3 -30
E 2375 1 -2 -22
E 2375 2 -1 -14
E 2375 6 2 18
T 2376 24 1 4 0
E 2376 0 -2 -24
E 2376 1 -1 -16
E 2376 5 1 16
E 2376 6 2 24
T 2377 23 0 4 0
E 2377 0 -2 -22
E 2377 1 -1 -14
E 2377 5 2 18
E 2377 6 2 26
T 2378 26 0 4 0
E 2378 0 -3 -30
E 2378 1 -2 -22
E 2378 2 -1 -14
E 2378 6 2 18
T 2379 23 0 4 0
E 2379 0 -2 -22
E 2379 1 -1 -14
E 2379 5 2 18
E 2379 6 2 26
T 2380 26 0 4 0
E 2380 0 -3 -30
E 2380 1 -2 -22
E 2380 2 -1 -14
E 2380 6 2 18
T 2381 28 0 4 0
E 2381 0 -3 -34
E 2381 1 -2 -26
E 2381 2 -2 -18
E 2381 6 1 14
T 2382 25 0 4 0
E 2382 0 -3 -27
E 2382 1 -2 -19
E 2382 5 1 13
E 2382 6 2 21
T 2383 23 0 4 0
E 2383 0 -2 -22
E 2383 1 -1 -14
E 2383 5 2 18
E 2383 6 2 26
T 2384 25 0 4 0
E 2384 0 -3 -27
E 2384 1 -2 -19
E 2384 5 1 13
E 2384 6 2 21
T 2385 25 0 4 0
E 2385 0 -3 -29
E 2385 1 -2 -21
E 2385 2 -1 -13
E 2385 6 2 19
T 2386 24 1 4 0
E 2386 0 -2 -24
E 2386 1 -1 -16
E 2386 5 1 16
E 2386 6 2 24
T 2387 23 0 4 0
E 2387 0 -2 -21
E 2387 1 -1 -13
E 2387 5 2 19
E 2387 6 3 27
T 2388 25 0 4 0
E 2388 0 -3 -27
E 2388 1 -2 -19
E 2388 5 1 13
E 2388 6 2 21
T 2389 25 0 4 0
E 2389 0 -2 -26
E 2389 1 -2 -18
E 2389 5 1 14
E 2389 6 2 22
T 2390 25 1 4 0
E 2390 0 -2 -25
E 2390 1 -1 -17
E 2390 5 1 15
E 2390 6 2 23
T 2391 23 1 4 0
E 2391 0 -2 -23
E 2391 1 -1 -15
E 2391 5 1 17
E 2391 6 2 25
T 2392 25 0 4 0
E 2392 0 -3 -27
E 2392 1 -2 -19
E 2392 5 1 13
E 2392 6 2 21
T 2393 25 1 4 0
E 2393 0 -2 -25
E 2393 1 -1 -17
E 2393 5 1 15
E 2393 6 2 23
T 2394 23 1 4 0
E 2394 0 -2 -23
E 2394 1 -1 -15
E 2394 5 1 17
E 2394 6 2 25
T 2395 23 0 4 0
E 2395 0 -2 -19
E 2395 4 1 13
E 2395 5 2 21
E 2395 6 3 29
T 2396 23 0 3 0
E 2396 0 -2 -20
E 2396 5 2 20
E 2396 6 3 28
T 2397 25 0 4 0
E 2397 0 -3 -29
E 2397 1 -2 -21
E 2397 2 -1 -13
E 2397 6 2 19
T 2398 28 0 4 0
E 2398 0 -3 -33
E 2398 1 -2 -25
E 2398 2 -1 -17
E 2398 6 1 15
T 2399 25 0 4 0
E 2399 0 -3 -29
E 2399 1 -2 -21
E 2399 2 -1 -13
E 2399 6 2 19
T 2400 19 0 4 0
E 2400 0 2 22
E 2400 1 -2 -18
E 2400 5 1 14
E 2400 6 2 22
T 2401 19 1 4 0
E 2401 0 2 19
E 2401 1 -2 -24
E 2401 2 -1 -16
E 2401 6 1 16
T 2402 21 0 4 0
E 2402 0 2 19
E 2402 1 -3 -27
E 2402 2 -2 -19
E 2402 6 1 13
T 2403 24 1 4 0
E 2403 0 2 24
E 2403 1 -2 -25
E 2403 2 -1 -17
E 2403 6 1 15
T 2404 30 0 4 0
E 2404 0 3 32
E 2404 1 -2 -21
E 2404 2 -1 -13
E 2404 6 2 19
T 2405 27 0 4 0
E 2405 0 4 37
E 2405 1 3 29
E 2405 5 1 13
E 2405 6 2 21
T 2406 29 0 4 0
E 2406 0 3 33
E 2406 1 2 25
E 2406 2 -2 -18
E 2406 6 1 14
T 2407 30 0 4 0
E 2407 0 3 35
E 2407 1 3 27
E 2407 2 -2 -19
E 2407 6 1 13
T 2408 29 0 5 0
E 2408 0 3 28
E 2408 1 2 20
E 2408 2 -3 -29
E 2408 3 -2 -21
E 2408 4 -1 -13
T 2409 30 0 5 0
E 2409 0 3 29
E 2409 1 2 21
E 2409 2 -3 -32
E 2409 3 -2 -24
E 2409 4 -1 -16
T 2410 30 0 5 0
E 2410 0 3 35
E 2410 1 3 27
E 2410 2 2 19
E 2410 3 -2 -21
E 2410 4 -1 -13
T 2411 30 0 5 0
E 2411 0 3 34
E 2411 1 2 26
E 2411 2 2 18
E 2411 3 -2 -25
E 2411 4 -1 -17
T 2412 29 1 6 0
E 2412 0 3 29
E 2412 1 2 21
E 2412 2 1 13
E 2412 3 -3 -33
E 2412 4 -2 -25
E 2412 5 -1 -17
T 2413 31 0 6 0
E 2413 0 2 24
E 2413 1 1 16
E 2413 3 -4 -41
E 2413 4 -3 -33
E 2413 5 -2 -25
E 2413 6 -1 -17
T 2414 36 0 6 0
E 2414 0 4 39
E 2414 1 3 31
E 2414 2 2 23
E 2414 3 -3 -30
E 2414 4 -2 -22
E 2414 5 -1 -14
T 2415 32 0 6 0
E 2415 0 4 38
E 2415 1 3 30
E 2415 2 2 22
E 2415 3 1 14
E 2415 4 -2 -26
E 2415 5 -2 -18
T 2416 34 0 6 0
E 2416 0 4 39
E 2416 1 3 31
E 2416 2 2 23
E 2416 3 1 15
E 2416 4 -3 -28
E 2416 5 -2 -20
T 2417 37 0 7 0
E 2417 0 4 41
E 2417 1 3 33
E 2417 2 2 25
E 2417 3 1 17
E 2417 4 -3 -29
E 2417 5 -2 -21
E 2417 6 -1 -13
T 2418 36 0 6 0
E 2418 0 3 33
E 2418 1 2 25
E 2418 2 1 17
E 2418 4 -4 -40
E 2418 5 -3 -32
E 2418 6 -2 -24
T 2419 36 0 7 0
E 2419 0 4 37
E 2419 1 3 29
E 2419 2 2 21
E 2419 3 1 13
E 2419 4 -4 -40
E 2419 5 -3 -32
E 2419 6 -2 -24
T 2420 33 0 6 0
E 2420 0 4 37
E 2420 1 3 29
E 2420 2 2 21
E 2420 3 1 13
E 2420 5 -3 -35
E 2420 6 -3 -27
T 2421 34 0 5 0
E 2421 0 3 35
E 2421 1 3 27
E 2421 2 2 19
E 2421 5 -4 -40
E 2421 6 -3 -32
T 2422 35 0 6 0
E 2422 0 4 38
E 2422 1 3 30
E 2422 2 2 22
E 2422 3 1 14
E 2422 5 -4 -40
E 2422 6 -3 -32
T 2423 36 0 5 0
E 2423 0 3 35
E 2423 1 3 27
E 2423 2 2 19
E 2423 5 -5 -46
E 2423 6 -4 -38
T 2424 38 0 6 0
E 2424 0 4 42
E 2424 1 3 34
E 2424 2 2 26
E 2424 3 2 18
E 2424 5 -4 -43
E 2424 6 -3 -35
T 2425 32 0 5 0
E 2425 0 4 38
E 2425 1 3 30
E 2425 2 2 22
E 2425 3 1 14
E 2425 6 -4 -42
T 2426 29 0 4 0
E 2426 0 3 30
E 2426 1 2 22
E 2426 2 1 14
E 2426 6 -5 -53
T 2427 29 1 4 0
E 2427 0 3 29
E 2427 1 2 21
E 2427 2 1 13
E 2427 6 -6 -57
T 2428 30 0 4 0
E 2428 0 2 26
E 2428 1 2 18
E 2428 5 -1 -14
E 2428 6 -7 -63
T 2429 33 0 5 0
E 2429 0 4 37
E 2429 1 3 29
E 2429 2 2 21
E 2429 3 1 13
E 2429 6 -6 -56
T 2430 31 0 4 0
E 2430 0 4 41
E 2430 1 3 33
E 2430 2 2 25
E 2430 3 1 17
T 2431 26 0 4 0
E 2431 0 3 31
E 2431 1 2 23
E 2431 2 1 15
E 2431 6 -1 -17
T 2432 25 0 4 0
E 2432 0 3 29
E 2432 1 2 21
E 2432 2 1 13
E 2432 6 -2 -19
T 2433 23 0 3 0
E 2433 0 2 20
E 2433 5 -2 -20
E 2433 6 -3 -28
T 2434 23 0 4 0
E 2434 0 2 21
E 2434 1 1 13
E 2434 5 -2 -19
E 2434 6 -3 -27
T 2435 23 0 3 0
E 2435 0 2 20
E 2435 5 -2 -20
E 2435 6 -3 -28
T 2436 24 1 4 0
E 2436 0 2 24
E 2436 1 1 16
E 2436 5 -1 -16
E 2436 6 -2 -24
T 2437 25 0 4 0
E 2437 0 2 26
E 2437 1 2 18
E 2437 5 -1 -14
E 2437 6 -2 -22
T 2438 23 1 4 0
E 2438 0 2 23
E 2438 1 1 15
E 2438 5 -1 -17
E 2438 6 -2 -25
T 2439 25 0 4 0
E 2439 0 2 26
E 2439 1 2 18
E 2439 5 -1 -14
E 2439 6 -2 -22
T 2440 24 1 4 0
E 2440 0 2 24
E 2440 1 1 16
E 2440 5 -1 -16
E 2440 6 -2 -24
T 2441 26 0 4 0
E 2441 0 3 30
E 2441 1 2 22
E 2441 2 1 14
E 2441 6 -2 -18
T 2442 28 0 4 0
E 2442 0 3 34
E 2442 1 2 26
E 2442 2 2 18
E 2442 6 -1 -14
T 2443 28 0 4 0
E 2443 0 3 33
E 2443 1 2 25
E 2443 2 1 17
E 2443 6 -1 -15
T 2444 25 1 4 0
E 2444 0 2 25
E 2444 1 1 17
E 2444 5 -1 -15
E 2444 6 -2 -23
T 2445 25 0 3 0
E 2445 0 3 28
E 2445 1 2 20
E 2445 6 -2 -20
T 2446 25 0 4 0
E 2446 0 3 27
E 2446 1 2 19
E 2446 5 -1 -13
E 2446 6 -2 -21
T 2447 25 0 4 0
E 2447 0 3 29
E 2447 1 2 21
E 2447 2 1 13
E 2447 6 -2 -19
T 2448 23 0 4 0
E 2448 0 2 22
E 2448 1 1 14
E 2448 5 -2 -18
E 2448 6 -2 -26
T 2449 26 0 4 0
E 2449 0 3 31
E 2449 1 2 23
E 2449 2 1 15
E 2449 6 -1 -17
T 2450 25 0 4 0
E 2450 0 3 27
E 2450 1 2 19
E 2450 5 -1 -13
E 2450 6 -2 -21
T 2451 25 0 4 0
E 2451 0 3 27
E 2451 1 2 19
E 2451 5 -1 -13
E 2451 6 -2 -21
T 2452 25 0 3 0
E 2452 0 3 28
E 2452 1 2 20
E 2452 6 -2 -20
T 2453 23 0 3 0
E 2453 0 2 20
E 2453 5 -2 -20
E 2453 6 -3 -28
T 2454 23 0 3 0
E 2454 0 2 20
E 2454 5 -2 -20
E 2454 6 -3 -28
T 2455 25 0 4 0
E 2455 0 3 27
E 2455 1 2 19
E 2455 5 -1 -13
E 2455 6 -2 -21
T 2456 25 1 4 0
E 2456 0 2 25
E 2456 1 1 17
E 2456 5 -1 -15
E 2456 6 -2 -23
T 2457 25 1 4 0
E 2457 0 2 25
E 2457 1 1 17
E 2457 5 -1 -15
E 2457 6 -2 -23
T 2458 24 1 4 0
E 2458 0 2 24
E 2458 1 1 16
E 2458 5 -1 -16
E 2458 6 -2 -24
T 2459 25 0 4 0
E 2459 0 2 26
E 2459 1 2 18
E 2459 5 -1 -14
E 2459 6 -2 -22
T 2460 23 0 4 0
E 2460 0 2 21
E 2460 1 1 13
E 2460 5 -2 -19
E 2460 6 -3 -27
T 2461 25 0 3 0
E 2461 0 3 28
E 2461 1 2 20
E 2461 6 -2 -20
T 2462 23 0 4 0
E 2462 0 2 22
E 2462 1 1 14
E 2462 5 -2 -18
E 2462 6 -2 -26
T 2463 25 0 4 0
E 2463 0 2 26
E 2463 1 2 18
E 2463 5 -1 -14
E 2463 6 -2 -22
T 2464 25 1 4 0
E 2464 0 2 25
E 2464 1 1 17
E 2464 5 -1 -15
E 2464 6 -2 -23
T 2465 26 0 4 0
E 2465 0 3 30
E 2465 1 2 22
E 2465 2 1 14
E 2465 6 -2 -18
T 2466 26 0 4 0
E 2466 0 3 31
E 2466 1 2 23
E 2466 2 1 15
E 2466 6 -1 -17
T 2467 23 1 4 0
E 2467 0 2 23
E 2467 1 1 15
E 2467 5 -1 -17
E 2467 6 -2 -25
T 2468 25 0 3 0
E 2468 0 3 28
E 2468 1 2 20
E 2468 6 -2 -20
T 2469 25 1 4 0
E 2469 0 2 25
E 2469 1 1 17
E 2469 5 -1 -15
E 2469 6 -2 -23
T 2470 27 0 4 0
E 2470 0 3 32
E 2470 1 2 24
E 2470 2 1 16
E 2470 6 -1 -16
T 2471 25 1 4 0
E 2471 0 2 25
E 2471 1 1 17
E 2471 5 -1 -15
E 2471 6 -2 -23
T 2472 23 0 4 0
E 2472 0 2 21
E 2472 1 1 13
E 2472 5 -2 -19
E 2472 6 -3 -27
T 2473 23 0 4 0
E 2473 0 2 22
E 2473 1 1 14
E 2473 5 -2 -18
E 2473 6 -2 -26
T 2474 25 0 3 0
E 2474 0 3 28
E 2474 1 2 20
E 2474 6 -2 -20
T 2475 25 1 4 0
E 2475 0 2 25
E 2475 1 1 17
E 2475 5 -1 -15
E 2475 6 -2 -23
T 2476 24 1 4 0
E 2476 0 2 24
E 2476 1 1 16
E 2476 5 -1 -16
E 2476 6 -2 -24
T 2477 23 0 4 0
E 2477 0 2 21
E 2477 1 1 13
E 2477 5 -2 -19
E 2477 6 -3 -27
T 2478 25 0 3 0
E 2478 0 3 28
E 2478 1 2 20
E 2478 6 -2 -20
T 2479 26 0 4 0
E 2479 0 3 30
E 2479 1 2 22
E 2479 2 1 14
E 2479 6 -2 -18
T 2480 26 0 4 0
E 2480 0 3 30
E 2480 1 2 22
E 2480 2 1 14
E 2480 6 -2 -18
T 2481 25 0 4 0
E 2481 0 2 26
E 2481 1 2 18
E 2481 5 -1 -14
E 2481 6 -2 -22
T 2482 23 1 4 0
E 2482 0 2 23
E 2482 1 1 15
E 2482 5 -1 -17
E 2482 6 -2 -25
T 2483 23 1 4 0
E 2483 0 2 23
E 2483 1 1 15
E 2483 5 -1 -17
E 2483 6 -2 -25
T 2484 25 0 3 0
E 2484 0 3 28
E 2484 1 2 20
E 2484 6 -2 -20
T 2485 23 1 4 0
E 2485 0 2 23
E 2485 1 1 15
E 2485 5 -1 -17
E 2485 6 -2 -25
T 2486 23 0 4 0
E 2486 0 2 21
E 2486 1 1 13
E 2486 5 -2 -19
E 2486 6 -3 -27
T 2487 25 0 4 0
E 2487 0 2 26
E 2487 1 2 18
E 2487 5 -1 -14
E 2487 6 -2 -22
T 2488 25 1 4 0
E 2488 0 2 25
E 2488 1 1 17
E 2488 5 -1 -15
E 2488 6 -2 -23
T 2489 24 1 4 0
E 2489 0 2 24
E 2489 1 1 16
E 2489 5 -1 -16
E 2489 6 -2 -24
T 2490 23 0 4 0
E 2490 0 2 22
E 2490 1 1 14
E 2490 5 -2 -18
E 2490 6 -2 -26
T 2491 23 0 4 0
E 2491 0 2 22
E 2491 1 1 14
E 2491 5 -2 -18
E 2491 6 -2 -26
T 2492 24 1 4 0
E 2492 0 2 24
E 2492 1 1 16
E 2492 5 -1 -16
E 2492 6 -2 -24
T 2493 23 0 4 0
E 2493 0 2 22
E 2493 1 1 14
E 2493 5 -2 -18
E 2493 6 -2 -26
T 2494 26 0 4 0
E 2494 0 3 31
E 2494 1 2 23
E 2494 2 1 15
E 2494 6 -1 -17
T 2495 28 0 4 0
E 2495 0 3 34
E 2495 1 2 26
E 2495 2 2 18
E 2495 6 -1 -14
T 2496 25 0 3 0
E 2496 0 3 28
E 2496 1 2 20
E 2496 6 -2 -20
T 2497 21 1 4 0
E 2497 0 2 21
E 2497 1 1 16
E 2497 5 -1 -16
E 2497 6 -2 -24
T 2498 22 0 4 0
E 2498 0 2 25
E 2498 1 2 22
E 2498 2 1 14
E 2498 6 -2 -18
T 2499 18 0 3 0
E 2499 0 2 20
E 2499 1 2 20
E 2499 6 -2 -20
T 2500 15 0 4 0
E 2500 0 1 14
E 2500 1 1 17
E 2500 5 -1 -15
E 2500 6 -2 -23
T 2501 13 1 4 0
E 2501 0 1 13
E 2501 1 2 18
E 2501 5 -1 -14
E 2501 6 -2 -22
T 2502 12 0 3 0
E 2502 1 1 15
E 2502 5 -1 -14
E 2502 6 -2 -22
T 2503 13 0 4 0
E 2503 0 1 17
E 2503 1 2 22
E 2503 2 2 19
E 2503 6 -1 -13
T 2504 10 0 4 0
E 2504 0 1 16
E 2504 1 2 21
E 2504 2 2 21
E 2504 3 1 13
T 2505 7 0 4 0
E 2505 0 1 13
E 2505 1 2 18
E 2505 2 2 21
E 2505 3 1 13
T 2506 7 0 3 0
E 2506 1 1 14
E 2506 2 2 19
E 2506 6 -1 -13
T 2507 4 1 2 0
E 2507 2 2 14
E 2507 6 -2 -15
T 2508 3 1 2 0
E 2508 2 2 13
E 2508 6 -2 -14
T 2509 2 0 1 0
E 2509 6 -5 -17
T 2510 1 0 2 0
E 2510 2 2 13
E 2510 3 2 16
T 2511 3 0 1 0
E 2511 6 -5 -17
T 2512 5 0 1 0
E 2512 3 5 15
T 2513 7 0 0 0
T 2514 9 0 2 0
E 2514 0 -2 -13
E 2514 6 -2 -14
T 2515 10 0 0 0
T 2516 10 0 1 0
E 2516 0 -5 -15
T 2517 9 0 0 0
T 2518 10 0 0 0
T 2519 11 0 2 0
E 2519 4 2 13
E 2519 5 2 13
T 2520 12 0 1 0
E 2520 0 -5 -17
T 2521 13 0 2 0
E 2521 0 -3 -18
E 2521 1 -2 -13
T 2522 10 0 1 0
E 2522 0 -5 -15
T 2523 12 0 1 0
E 2523 0 -5 -17
T 2524 10 0 1 0
E 2524 0 -4 -14
T 2525 15 0 2 0
E 2525 5 2 15
E 2525 6 3 18
T 2526 15 1 2 0
E 2526 0 -2 -15
E 2526 6 2 15
T 2527 17 1 2 0
E 2527 0 -2 -17
E 2527 6 2 13
T 2528 18 0 3 0
E 2528 0 -2 -23
E 2528 1 -2 -18
E 2528 2 -1 -13
T 2529 17 1 2 0
E 2529 0 -2 -17
E 2529 6 2 13
T 2530 17 1 2 0
E 2530 0 -2 -17
E 2530 6 2 13
T 2531 18 0 3 0
E 2531 0 -2 -23
E 2531 1 -2 -18
E 2531 2 -1 -13
T 2532 17 1 2 0
E 2532 0 -2 -17
E 2532 6 2 13
T 2533 19 0 3 0
E 2533 0 -2 -24
E 2533 1 -2 -19
E 2533 2 -1 -14
T 2534 16 1 2 0
E 2534 0 -2 -16
E 2534 6 2 14
T 2535 17 1 2 0
E 2535 0 -2 -17
E 2535 6 2 13
T 2536 14 1 2 0
E 2536 0 -2 -14
E 2536 6 2 16
T 2537 15 0 2 0
E 2537 5 2 15
E 2537 6 3 20
T 2538 16 1 2 0
E 2538 0 -2 -16
E 2538 6 2 14
T 2539 15 0 2 0
E 2539 0 -3 -20
E 2539 1 -2 -15
T 2540 15 0 2 0
E 2540 0 -3 -20
E 2540 1 -2 -15
T 2541 16 0 2 0
E 2541 0 -3 -21
E 2541 1 -2 -16
T 2542 14 0 2 0
E 2542 0 -3 -19
E 2542 1 -2 -14
T 2543 14 0 2 0
E 2543 5 2 16
E 2543 6 3 21
T 2544 14 0 2 0
E 2544 5 2 16
E 2544 6 3 21
T 2545 14 0 2 0
E 2545 5 2 16
E 2545 6 3 21
T 2546 17 0 2 0
E 2546 0 -3 -18
E 2546 6 2 13
T 2547 14 1 2 0
E 2547 0 -2 -14
E 2547 6 2 17
T 2548 15 0 3 0
E 2548 0 -1 -13
E 2548 5 1 14
E 2548 6 2 19
T 2549 16 1 2 0
E 2549 0 -2 -16
E 2549 6 2 17
T 2550 16 1 2 0
E 2550 0 -2 -16
E 2550 6 2 17
T 2551 15 0 3 0
E 2551 0 -1 -13
E 2551 5 1 16
E 2551 6 2 21
T 2552 16 0 3 0
E 2552 0 -1 -14
E 2552 5 1 15
E 2552 6 2 20
T 2553 19 0 3 0
E 2553 0 -1 -17
E 2553 5 1 13
E 2553 6 2 18
T 2554 18 0 2 0
E 2554 0 -4 -24
E 2554 1 -2 -16
T 2555 16 0 3 0
E 2555 0 -1 -14
E 2555 5 1 17
E 2555 6 2 22
T 2556 17 0 4 0
E 2556 0 -1 -13
E 2556 4 1 14
E 2556 5 2 19
E 2556 6 2 24
T 2557 22 0 3 0
E 2557 0 -2 -24
E 2557 1 -1 -16
E 2557 6 1 13
T 2558 21 0 2 0
E 2558 0 -4 -28
E 2558 1 -3 -20
T 2559 23 0 3 0
E 2559 0 -3 -29
E 2559 1 -2 -21
E 2559 2 -1 -13
T 2560 21 1 4 0
E 2560 0 -2 -21
E 2560 1 -1 -13
E 2560 5 1 13
E 2560 6 2 18
T 2561 21 0 3 0
E 2561 0 -2 -20
E 2561 5 1 15
E 2561 6 2 20
T 2562 21 0 4 0
E 2562 0 -1 -17
E 2562 4 1 13
E 2562 5 2 18
E 2562 6 2 23
T 2563 21 0 4 0
E 2563 0 -1 -17
E 2563 4 1 14
E 2563 5 2 19
E 2563 6 2 24
T 2564 23 0 3 0
E 2564 0 -3 -27
E 2564 1 -2 -19
E 2564 6 1 15
T 2565 24 0 4 0
E 2565 0 -3 -29
E 2565 1 -2 -21
E 2565 2 -1 -13
E 2565 6 1 13
T 2566 22 1 4 0
E 2566 0 -2 -22
E 2566 1 -1 -14
E 2566 5 1 16
E 2566 6 2 21
T 2567 21 0 4 0
E 2567 0 -1 -17
E 2567 4 1 15
E 2567 5 2 21
E 2567 6 2 26
T 2568 24 0 3 0
E 2568 0 -3 -28
E 2568 1 -2 -20
E 2568 6 1 16
T 2569 25 0 4 0
E 2569 0 -3 -30
E 2569 1 -2 -22
E 2569 2 -1 -14
E 2569 6 1 15
T 2570 24 0 3 0
E 2570 0 -3 -28
E 2570 1 -2 -20
E 2570 6 1 17
T 2571 22 0 3 0
E 2571 0 -2 -20
E 2571 5 2 20
E 2571 6 2 26
T 2572 23 1 4 0
E 2572 0 -2 -23
E 2572 1 -1 -15
E 2572 5 1 17
E 2572 6 2 23
T 2573 23 1 4 0
E 2573 0 -2 -23
E 2573 1 -1 -15
E 2573 5 1 17
E 2573 6 2 24
T 2574 25 0 4 0
E 2574 0 -3 -27
E 2574 1 -2 -19
E 2574 5 1 13
E 2574 6 2 21
T 2575 25 0 4 0
E 2575 0 -3 -29
E 2575 1 -2 -21
E 2575 2 -1 -13
E 2575 6 2 19
T 2576 26 0 4 0
E 2576 0 -3 -30
E 2576 1 -2 -22
E 2576 2 -1 -14
E 2576 6 2 18
T 2577 24 1 4 0
E 2577 0 -2 -24
E 2577 1 -1 -16
E 2577 5 1 16
E 2577 6 2 24
T 2578 25 0 4 0
E 2578 0 -2 -26
E 2578 1 -2 -18
E 2578 5 1 14
E 2578 6 2 22
T 2579 25 0 4 0
E 2579 0 -3 -29
E 2579 1 -2 -21
E 2579 2 -1 -13
E 2579 6 2 19
T 2580 27 0 4 0
E 2580 0 -3 -32
E 2580 1 -2 -24
E 2580 2 -1 -16
E 2580 6 1 16
T 2581 25 0 4 0
E 2581 0 -3 -27
E 2581 1 -2 -19
E 2581 5 1 13
E 2581 6 2 21
T 2582 25 0 4 0
E 2582 0 -2 -26
E 2582 1 -2 -18
E 2582 5 1 14
E 2582 6 2 22
T 2583 27 0 4 0
E 2583 0 -3 -32
E 2583 1 -2 -24
E 2583 2 -1 -16
E 2583 6 1 16
T 2584 25 0 4 0
E 2584 0 -2 -26
E 2584 1 -2 -18
E 2584 5 1 14
E 2584 6 2 22
T 2585 25 1 4 0
E 2585 0 -2 -25
E 2585 1 -1 -17
E 2585 5 1 15
E 2585 6 2 23
T 2586 25 1 4 0
E 2586 0 -2 -25
E 2586 1 -1 -17
E 2586 5 1 15
E 2586 6 2 23
T 2587 23 0 4 0
E 2587 0 -2 -21
E 2587 1 -1 -13
E 2587 5 2 19
E 2587 6 3 27
T 2588 25 0 4 0
E 2588 0 -2 -26
E 2588 1 -2 -18
E 2588 5 1 14
E 2588 6 2 22
T 2589 23 0 4 0
E 2589 0 -2 -22
E 2589 1 -1 -14
E 2589 5 2 18
E 2589 6 2 26
T 2590 23 0 3 0
E 2590 0 -2 -20
E 2590 5 2 20
E 2590 6 3 28
T 2591 23 0 4 0
E 2591 0 -2 -22
E 2591 1 -1 -14
E 2591 5 2 18
E 2591 6 2 26
T 2592 25 0 4 0
E 2592 0 -3 -29
E 2592 1 -2 -21
E 2592 2 -1 -13
E 2592 6 2 19
T 2593 25 0 4 0
E 2593 0 -2 -26
E 2593 1 -2 -18
E 2593 5 1 14
E 2593 6 2 22
T 2594 23 0 4 0
E 2594 0 -2 -22
E 2594 1 -1 -14
E 2594 5 2 18
E 2594 6 2 26
T 2595 26 0 4 0
E 2595 0 -3 -30
E 2595 1 -2 -22
E 2595 2 -1 -14
E 2595 6 2 18
T 2596 25 1 4 0
E 2596 0 -2 -25
E 2596 1 -1 -17
E 2596 5 1 15
E 2596 6 2 23
T 2597 25 0 3 0
E 2597 0 -3 -28
E 2597 1 -2 -20
E 2597 6 2 20
T 2598 23 0 4 0
E 2598 0 -2 -21
E 2598 1 -1 -13
E 2598 5 2 19
E 2598 6 3 27
T 2599 25 1 4 0
E 2599 0 -2 -25
E 2599 1 -1 -17
E 2599 5 1 15
E 2599 6 2 23
T 2600 26 0 4 0
E 2600 0 -3 -30
E 2600 1 -2 -22
E 2600 2 -1 -14
E 2600 6 2 18
T 2601 25 0 4 0
E 2601 0 -3 -29
E 2601 1 -2 -21
E 2601 2 -1 -13
E 2601 6 2 19
T 2602 23 1 4 0
E 2602 0 -2 -23
E 2602 1 -1 -15
E 2602 5 1 17
E 2602 6 2 25
T 2603 23 0 4 0
E 2603 0 -2 -22
E 2603 1 -1 -14
E 2603 5 2 18
E 2603 6 2 26
T 2604 25 0 4 0
E 2604 0 -2 -26
E 2604 1 -2 -18
E 2604 5 1 14
E 2604 6 2 22
T 2605 25 0 4 0
E 2605 0 -2 -26
E 2605 1 -2 -18
E 2605 5 1 14
E 2605 6 2 22
T 2606 26 0 4 0
E 2606 0 -3 -31
E 2606 1 -2 -23
E 2606 2 -1 -15
E 2606 6 1 17
T 2607 25 0 4 0
E 2607 0 -3 -27
E 2607 1 -2 -19
E 2607 5 1 13
E 2607 6 2 21
T 2608 24 1 4 0
E 2608 0 -2 -24
E 2608 1 -1 -16
E 2608 5 1 16
E 2608 6 2 24
T 2609 25 0 4 0
E 2609 0 -2 -26
E 2609 1 -2 -18
E 2609 5 1 14
E 2609 6 2 22
T 2610 26 0 4 0
E 2610 0 -3 -30
E 2610 1 -2 -22
E 2610 2 -1 -14
E 2610 6 2 18
T 2611 26 0 4 0
E 2611 0 -3 -31
E 2611 1 -2 -23
E 2611 2 -1 -15
E 2611 6 1 17
T 2612 25 0 4 0
E 2612 0 -2 -26
E 2612 1 -2 -18
E 2612 5 1 14
E 2612 6 2 22
T 2613 25 0 3 0
E 2613 0 -3 -28
E 2613 1 -2 -20
E 2613 6 2 20
T 2614 25 1 4 0
E 2614 0 -2 -25
E 2614 1 -1 -17
E 2614 5 1 15
E 2614 6 2 23
T 2615 25 0 4 0
E 2615 0 -2 -26
E 2615 1 -2 -18
E 2615 5 1 14
E 2615 6 2 22
T 2616 23 0 4 0
E 2616 0 -2 -22
E 2616 1 -1 -14
E 2616 5 2 18
E 2616 6 2 26
T 2617 23 0 4 0
E 2617 0 -2 -19
E 2617 4 1 13
E 2617 5 2 21
E 2617 6 3 29
T 2618 24 1 4 0
E 2618 0 -2 -24
E 2618 1 -1 -16
E 2618 5 1 16
E 2618 6 2 24
T 2619 24 1 4 0
E 2619 0 -2 -24
E 2619 1 -1 -16
E 2619 5 1 16
E 2619 6 2 24
T 2620 25 0 4 0
E 2620 0 -2 -26
E 2620 1 -2 -18
E 2620 5 1 14
E 2620 6 2 22
T 2621 23 1 4 0
E 2621 0 -2 -23
E 2621 1 -1 -15
E 2621 5 1 17
E 2621 6 2 25
T 2622 23 0 3 0
E 2622 0 -2 -20
E 2622 5 2 20
E 2622 6 3 28
T 2623 23 0 4 0
E 2623 0 -2 -21
E 2623 1 -1 -13
E 2623 5 2 19
E 2623 6 3 27
T 2624 25 0 4 0
E 2624 0 -2 -26
E 2624 1 -2 -18
E 2624 5 1 14
E 2624 6 2 22
T 2625 25 0 4 0
E 2625 0 -3 -29
E 2625 1 -2 -21
E 2625 2 -1 -13
E 2625 6 2 19
T 2626 28 0 4 0
E 2626 0 -3 -33
E 2626 1 -2 -25
E 2626 2 -1 -17
E 2626 6 1 15
T 2627 25 0 3 0
E 2627 0 -3 -28
E 2627 1 -2 -20
E 2627 6 2 20
T 2628 25 0 4 0
E 2628 0 -3 -29
E 2628 1 -2 -21
E 2628 2 -1 -13
E 2628 6 2 19
T 2629 24 1 4 0
E 2629 0 -2 -24
E 2629 1 -1 -16
E 2629 5 1 16
E 2629 6 2 24
T 2630 25 0 3 0
E 2630 0 -3 -28
E 2630 1 -2 -20
E 2630 6 2 20
T 2631 28 0 4 0
E 2631 0 -3 -33
E 2631 1 -2 -25
E 2631 2 -1 -17
E 2631 6 1 15
T 2632 25 1 4 0
E 2632 0 -2 -25
E 2632 1 -1 -17
E 2632 5 1 15
E 2632 6 2 23
T 2633 27 0 4 0
E 2633 0 -3 -32
E 2633 1 -2 -24
E 2633 2 -1 -16
E 2633 6 1 16
T 2634 26 0 4 0
E 2634 0 -3 -30
E 2634 1 -2 -22
E 2634 2 -1 -14
E 2634 6 2 18
T 2635 26 0 4 0
E 2635 0 -3 -31
E 2635 1 -2 -23
E 2635 2 -1 -15
E 2635 6 1 17
T 2636 23 1 4 0
E 2636 0 -2 -23
E 2636 1 -1 -15
E 2636 5 1 17
E 2636 6 2 25
T 2637 25 1 4 0
E 2637 0 -2 -25
E 2637 1 -1 -17
E 2637 5 1 15
E 2637 6 2 23
T 2638 26 0 4 0
E 2638 0 -3 -30
E 2638 1 -2 -22
E 2638 2 -1 -14
E 2638 6 2 18
T 2639 28 0 4 0
E 2639 0 -3 -33
E 2639 1 -2 -25
E 2639 2 -1 -17
E 2639 6 1 15
T 2640 16 0 4 0
E 2640 0 1 13
E 2640 1 -3 -27
E 2640 2 -2 -19
E 2640 6 1 13
T 2641 17 0 3 0
E 2641 1 -3 -32
E 2641 2 -2 -24
E 2641 3 -1 -16
T 2642 21 1 4 0
E 2642 0 2 21
E 2642 1 -2 -25
E 2642 2 -1 -17
E 2642 6 1 15
T 2643 24 0 3 0
E 2643 0 2 21
E 2643 1 -3 -28
E 2643 2 -2 -20
T 2644 27 1 4 0
E 2644 0 3 27
E 2644 1 -2 -26
E 2644 2 -2 -18
E 2644 6 1 14
T 2645 25 0 4 0
E 2645 0 3 29
E 2645 1 2 21
E 2645 2 -2 -19
E 2645 6 1 13
T 2646 28 0 4 0
E 2646 0 3 30
E 2646 1 2 22
E 2646 2 -2 -21
E 2646 3 -1 -13
T 2647 27 0 4 0
E 2647 0 3 28
E 2647 1 2 20
E 2647 2 -2 -26
E 2647 3 -2 -18
T 2648 30 0 4 0
E 2648 0 3 32
E 2648 1 2 24
E 2648 2 -2 -25
E 2648 3 -1 -17
T 2649 34 1 4 0
E 2649 0 3 34
E 2649 1 2 26
E 2649 2 -3 -27
E 2649 3 -2 -19
T 2650 30 0 4 0
E 2650 0 4 37
E 2650 1 3 29
E 2650 2 2 21
E 2650 3 -2 -19
T 2651 29 1 6 0
E 2651 0 3 29
E 2651 1 2 21
E 2651 2 1 13
E 2651 3 -3 -30
E 2651 4 -2 -22
E 2651 5 -1 -14
T 2652 32 0 6 0
E 2652 0 2 25
E 2652 1 1 17
E 2652 3 -4 -37
E 2652 4 -3 -29
E 2652 5 -2 -21
E 2652 6 -1 -13
T 2653 34 0 5 0
E 2653 0 4 39
E 2653 1 3 31
E 2653 2 2 23
E 2653 3 -2 -26
E 2653 4 -2 -18
T 2654 37 0 6 0
E 2654 0 4 40
E 2654 1 3 32
E 2654 2 2 24
E 2654 3 -3 -29
E 2654 4 -2 -21
E 2654 5 -1 -13
T 2655 32 0 6 0
E 2655 0 4 37
E 2655 1 3 29
E 2655 2 2 21
E 2655 3 1 13
E 2655 4 -3 -27
E 2655 5 -2 -19
T 2656 32 0 6 0
E 2656 0 3 29
E 2656 1 2 21
E 2656 2 1 13
E 2656 4 -4 -38
E 2656 5 -3 -30
E 2656 6 -2 -22
T 2657 32 0 6 0
E 2657 0 3 29
E 2657 1 2 21
E 2657 2 1 13
E 2657 4 -4 -41
E 2657 5 -3 -33
E 2657 6 -2 -25
T 2658 36 1 6 0
E 2658 0 4 36
E 2658 1 3 28
E 2658 2 2 20
E 2658 4 -4 -37
E 2658 5 -3 -29
E 2658 6 -2 -21
T 2659 37 0 7 0
E 2659 0 4 38
E 2659 1 3 30
E 2659 2 2 22
E 2659 3 1 14
E 2659 4 -4 -39
E 2659 5 -3 -31
E 2659 6 -2 -23
T 2660 36 0 6 0
E 2660 0 4 42
E 2660 1 3 34
E 2660 2 2 26
E 2660 3 2 18
E 2660 5 -3 -30
E 2660 6 -2 -22
T 2661 33 0 5 0
E 2661 0 3 31
E 2661 1 2 23
E 2661 2 1 15
E 2661 5 -4 -44
E 2661 6 -4 -36
T 2662 33 0 5 0
E 2662 0 3 30
E 2662 1 2 22
E 2662 2 1 14
E 2662 5 -5 -48
E 2662 6 -4 -40
T 2663 33 0 4 0
E 2663 0 3 28
E 2663 1 2 20
E 2663 5 -5 -53
E 2663 6 -5 -45
T 2664 36 0 5 0
E 2664 0 3 32
E 2664 1 2 24
E 2664 2 1 16
E 2664 5 -5 -53
E 2664 6 -5 -45
T 2665 32 0 5 0
E 2665 0 4 38
E 2665 1 3 30
E 2665 2 2 22
E 2665 3 1 14
E 2665 6 -4 -42
T 2666 30 0 4 0
E 2666 0 3 31
E 2666 1 2 23
E 2666 2 1 15
E 2666 6 -5 -52
T 2667 32 0 4 0
E 2667 0 3 34
E 2667 1 2 26
E 2667 2 2 18
E 2667 6 -5 -52
T 2668 32 1 4 0
E 2668 0 3 32
E 2668 1 2 24
E 2668 2 1 16
E 2668 6 -6 -57
T 2669 30 0 4 0
E 2669 0 3 29
E 2669 1 2 21
E 2669 2 1 13
E 2669 6 -7 -64
T 2670 27 0 4 0
E 2670 0 4 37
E 2670 1 3 29
E 2670 2 2 21
E 2670 3 1 13
T 2671 28 0 4 0
E 2671 0 3 34
E 2671 1 2 26
E 2671 2 2 18
E 2671 6 -1 -14
T 2672 28 0 4 0
E 2672 0 3 35
E 2672 1 3 27
E 2672 2 2 19
E 2672 6 -1 -13
T 2673 25 0 4 0
E 2673 0 3 29
E 2673 1 2 21
E 2673 2 1 13
E 2673 6 -2 -19
T 2674 28 0 4 0
E 2674 0 3 33
E 2674 1 2 25
E 2674 2 1 17
E 2674 6 -1 -15
T 2675 25 0 4 0
E 2675 0 3 27
E 2675 1 2 19
E 2675 5 -1 -13
E 2675 6 -2 -21
T 2676 23 0 4 0
E 2676 0 2 22
E 2676 1 1 14
E 2676 5 -2 -18
E 2676 6 -2 -26
T 2677 25 1 4 0
E 2677 0 2 25
E 2677 1 1 17
E 2677 5 -1 -15
E 2677 6 -2 -23
T 2678 26 0 4 0
E 2678 0 3 30
E 2678 1 2 22
E 2678 2 1 14
E 2678 6 -2 -18
T 2679 25 0 3 0
E 2679 0 3 28
E 2679 1 2 20
E 2679 6 -2 -20
T 2680 26 0 4 0
E 2680 0 3 30
E 2680 1 2 22
E 2680 2 1 14
E 2680 6 -2 -18
T 2681 23 0 4 0
E 2681 0 2 21
E 2681 1 1 13
E 2681 5 -2 -19
E 2681 6 -3 -27
T 2682 23 0 3 0
E 2682 0 2 20
E 2682 5 -2 -20
E 2682 6 -3 -28
T 2683 23 0 4 0
E 2683 0 2 21
E 2683 1 1 13
E 2683 5 -2 -19
E 2683 6 -3 -27
T 2684 25 1 4 0
E 2684 0 2 25
E 2684 1 1 17
E 2684 5 -1 -15
E 2684 6 -2 -23
T 2685 25 0 4 0
E 2685 0 2 26
E 2685 1 2 18
E 2685 5 -1 -14
E 2685 6 -2 -22
T 2686 23 1 4 0
E 2686 0 2 23
E 2686 1 1 15
E 2686 5 -1 -17
E 2686 6 -2 -25
T 2687 25 0 4 0
E 2687 0 3 29
E 2687 1 2 21
E 2687 2 1 13
E 2687 6 -2 -19
T 2688 26 0 4 0
E 2688 0 3 30
E 2688 1 2 22
E 2688 2 1 14
E 2688 6 -2 -18
T 2689 28 0 4 0
E 2689 0 3 34
E 2689 1 2 26
E 2689 2 2 18
E 2689 6 -1 -14
T 2690 27 0 4 0
E 2690 0 3 32
E 2690 1 2 24
E 2690 2 1 16
E 2690 6 -1 -16
T 2691 23 0 4 0
E 2691 0 2 22
E 2691 1 1 14
E 2691 5 -2 -18
E 2691 6 -2 -26
T 2692 23 1 4 0
E 2692 0 2 23
E 2692 1 1 15
E 2692 5 -1 -17
E 2692 6 -2 -25
T 2693 23 0 3 0
E 2693 0 2 20
E 2693 5 -2 -20
E 2693 6 -3 -28
T 2694 26 0 4 0
E 2694 0 3 31
E 2694 1 2 23
E 2694 2 1 15
E 2694 6 -1 -17
T 2695 25 0 4 0
E 2695 0 3 29
E 2695 1 2 21
E 2695 2 1 13
E 2695 6 -2 -19
T 2696 25 0 4 0
E 2696 0 3 27
E 2696 1 2 19
E 2696 5 -1 -13
E 2696 6 -2 -21
T 2697 27 0 4 0
E 2697 0 3 32
E 2697 1 2 24
E 2697 2 1 16
E 2697 6 -1 -16
T 2698 28 0 4 0
E 2698 0 3 33
E 2698 1 2 25
E 2698 2 1 17
E 2698 6 -1 -15
T 2699 25 0 4 0
E 2699 0 3 29
E 2699 1 2 21
E 2699 2 1 13
E 2699 6 -2 -19
T 2700 25 0 4 0
E 2700 0 3 29
E 2700 1 2 21
E 2700 2 1 13
E 2700 6 -2 -19
T 2701 25 0 4 0
E 2701 0 3 27
E 2701 1 2 19
E 2701 5 -1 -13
E 2701 6 -2 -21
T 2702 26 0 4 0
E 2702 0 3 30
E 2702 1 2 22
E 2702 2 1 14
E 2702 6 -2 -18
T 2703 28 0 4 0
E 2703 0 3 33
E 2703 1 2 25
E 2703 2 1 17
E 2703 6 -1 -15
T 2704 27 0 4 0
E 2704 0 3 32
E 2704 1 2 24
E 2704 2 1 16
E 2704 6 -1 -16
T 2705 26 0 4 0
E 2705 0 3 30
E 2705 1 2 22
E 2705 2 1 14
E 2705 6 -2 -18
T 2706 23 0 4 0
E 2706 0 2 22
E 2706 1 1 14
E 2706 5 -2 -18
E 2706 6 -2 -26
T 2707 25 0 4 0
E 2707 0 3 27
E 2707 1 2 19
E 2707 5 -1 -13
E 2707 6 -2 -21
T 2708 25 0 4 0
E 2708 0 2 26
E 2708 1 2 18
E 2708 5 -1 -14
E 2708 6 -2 -22
T 2709 24 1 4 0
E 2709 0 2 24
E 2709 1 1 16
E 2709 5 -1 -16
E 2709 6 -2 -24
T 2710 23 0 3 0
E 2710 0 2 20
E 2710 5 -2 -20
E 2710 6 -3 -28
T 2711 25 0 4 0
E 2711 0 3 29
E 2711 1 2 21
E 2711 2 1 13
E 2711 6 -2 -19
T 2712 25 0 3 0
E 2712 0 3 28
E 2712 1 2 20
E 2712 6 -2 -20
T 2713 27 0 4 0
E 2713 0 3 32
E 2713 1 2 24
E 2713 2 1 16
E 2713 6 -1 -16
T 2714 26 0 4 0
E 2714 0 3 31
E 2714 1 2 23
E 2714 2 1 15
E 2714 6 -1 -17
T 2715 25 0 4 0
E 2715 0 2 26
E 2715 1 2 18
E 2715 5 -1 -14
E 2715 6 -2 -22
T 2716 26 0 4 0
E 2716 0 3 30
E 2716 1 2 22
E 2716 2 1 14
E 2716 6 -2 -18
T 2717 25 0 4 0
E 2717 0 3 27
E 2717 1 2 19
E 2717 5 -1 -13
E 2717 6 -2 -21
T 2718 23 1 4 0
E 2718 0 2 23
E 2718 1 1 15
E 2718 5 -1 -17
E 2718 6 -2 -25
T 2719 23 0 3 0
E 2719 0 2 20
E 2719 5 -2 -20
E 2719 6 -3 -28
T 2720 25 0 4 0
E 2720 0 3 27
E 2720 1 2 19
E 2720 5 -1 -13
E 2720 6 -2 -21
T 2721 25 0 4 0
E 2721 0 2 26
E 2721 1 2 18
E 2721 5 -1 -14
E 2721 6 -2 -22
T 2722 25 0 4 0
E 2722 0 3 27
E 2722 1 2 19
E 2722 5 -1 -13
E 2722 6 -2 -21
T 2723 25 1 4 0
E 2723 0 2 25
E 2723 1 1 17
E 2723 5 -1 -15
E 2723 6 -2 -23
T 2724 25 0 3 0
E 2724 0 3 28
E 2724 1 2 20
E 2724 6 -2 -20
T 2725 23 1 4 0
E 2725 0 2 23
E 2725 1 1 15
E 2725 5 -1 -17
E 2725 6 -2 -25
T 2726 26 0 4 0
E 2726 0 3 30
E 2726 1 2 22
E 2726 2 1 14
E 2726 6 -2 -18
T 2727 23 1 4 0
E 2727 0 2 23
E 2727 1 1 15
E 2727 5 -1 -17
E 2727 6 -2 -25
T 2728 22 0 4 0
E 2728 0 2 18
E 2728 4 -1 -14
E 2728 5 -2 -22
E 2728 6 -3 -30
T 2729 25 0 4 0
E 2729 0 3 27
E 2729 1 2 19
E 2729 5 -1 -13
E 2729 6 -2 -21
T 2730 27 0 4 0
E 2730 0 3 32
E 2730 1 2 24
E 2730 2 1 16
E 2730 6 -1 -16
T 2731 23 1 4 0
E 2731 0 2 23
E 2731 1 1 15
E 2731 5 -1 -17
E 2731 6 -2 -25
T 2732 25 0 4 0
E 2732 0 3 29
E 2732 1 2 21
E 2732 2 1 13
E 2732 6 -2 -19
T 2733 25 0 4 0
E 2733 0 3 27
E 2733 1 2 19
E 2733 5 -1 -13
E 2733 6 -2 -21
T 2734 27 0 4 0
E 2734 0 3 32
E 2734 1 2 24
E 2734 2 1 16
E 2734 6 -1 -16
T 2735 28 0 4 0
E 2735 0 3 33
E 2735 1 2 25
E 2735 2 1 17
E 2735 6 -1 -15
T 2736 25 0 4 0
E 2736 0 2 26
E 2736 1 2 18
E 2736 5 -1 -14
E 2736 6 -2 -22
T 2737 23 0 4 0
E 2737 0 2 26
E 2737 1 2 21
E 2737 2 1 13
E 2737 6 -2 -19
T 2738 19 0 4 0
E 2738 0 1 17
E 2738 1 1 14
E 2738 5 -2 -18
E 2738 6 -2 -26
T 2739 17 0 4 0
E 2739 0 1 16
E 2739 1 1 16
E 2739 5 -1 -16
E 2739 6 -2 -24
T 2740 14 0 3 0
E 2740 1 1 13
E 2740 5 -2 -19
E 2740 6 -3 -27
T 2741 14 0 3 0
E 2741 0 1 15
E 2741 1 2 20
E 2741 6 -2 -20
T 2742 10 0 3 0
E 2742 1 1 13
E 2742 5 -1 -16
E 2742 6 -2 -24
T 2743 11 0 2 0
E 2743 5 -2 -17
E 2743 6 -4 -25
T 2744 9 1 3 0
E 2744 1 1 14
E 2744 2 1 14
E 2744 6 -2 -18
T 2745 7 0 2 0
E 2745 1 2 17
E 2745 2 3 20
T 2746 8 0 3 0
E 2746 1 1 17
E 2746 2 2 22
E 2746 3 1 14
T 2747 6 0 3 0
E 2747 1 1 15
E 2747 2 2 20
E 2747 3 1 15
T 2748 7 0 1 0
E 2748 6 -5 -15
T 2749 6 0 4 0
E 2749 1 1 17
E 2749 2 2 22
E 2749 3 2 22
E 2749 4 1 14
T 2750 1 0 2 0
E 2750 2 2 16
E 2750 3 3 19
T 2751 1 0 1 0
E 2751 6 -5 -15
T 2752 3 0 1 0
E 2752 3 5 17
T 2753 5 0 1 0
E 2753 3 5 15
T 2754 7 0 0 0
T 2755 12 0 0 0
T 2756 12 0 0 0
T 2757 9 0 1 0
E 2757 0 -4 -13
T 2758 10 0 0 0
T 2759 10 0 2 0
E 2759 4 2 14
E 2759 5 2 14
T 2760 9 0 1 0
E 2760 0 -4 -13
T 2761 15 0 1 0
E 2761 5 4 14
T 2762 15 0 2 0
E 2762 0 -3 -20
E 2762 1 -2 -15
T 2763 15 0 2 0
E 2763 0 -3 -20
E 2763 1 -2 -15
T 2764 17 0 2 0
E 2764 0 -3 -22
E 2764 1 -2 -17
T 2765 17 0 2 0
E 2765 0 -3 -22
E 2765 1 -2 -17
T 2766 16 1 2 0
E 2766 0 -2 -16
E 2766 6 2 14
T 2767 13 0 2 0
E 2767 0 -3 -18
E 2767 1 -2 -13
T 2768 13 0 2 0
E 2768 5 2 17
E 2768 6 3 22
T 2769 14 1 2 0
E 2769 0 -2 -14
E 2769 6 2 16
T 2770 15 0 2 0
E 2770 0 -3 -20
E 2770 1 -2 -15
T 2771 13 0 2 0
E 2771 0 -3 -18
E 2771 1 -2 -13
T 2772 13 1 2 0
E 2772 0 -2 -13
E 2772 6 2 17
T 2773 17 1 2 0
E 2773 0 -2 -17
E 2773 6 2 13
T 2774 13 1 2 0
E 2774 0 -2 -13
E 2774 6 2 17
T 2775 14 1 2 0
E 2775 0 -2 -14
E 2775 6 2 16
T 2776 15 0 2 0
E 2776 5 2 15
E 2776 6 3 20
T 2777 13 1 2 0
E 2777 0 -2 -13
E 2777 6 2 17
T 2778 14 0 2 0
E 2778 0 -3 -19
E 2778 1 -2 -14
T 2779 14 0 2 0
E 2779 0 -3 -19
E 2779 1 -2 -14
T 2780 17 0 2 0
E 2780 5 2 13
E 2780 6 3 18
T 2781 16 1 2 0
E 2781 0 -2 -16
E 2781 6 2 14
T 2782 16 0 2 0
E 2782 0 -3 -21
E 2782 1 -2 -16
T 2783 13 1 2 0
E 2783 0 -2 -13
E 2783 6 2 17
T 2784 13 0 2 0
E 2784 0 -3 -18
E 2784 1 -2 -13
T 2785 16 1 2 0
E 2785 0 -2 -16
E 2785 6 2 14
T 2786 19 0 3 0
E 2786 0 -2 -24
E 2786 1 -2 -18
E 2786 2 -1 -13
T 2787 16 0 2 0
E 2787 0 -3 -21
E 2787 1 -2 -15
T 2788 18 0 2 0
E 2788 0 -3 -23
E 2788 1 -2 -16
T 2789 17 1 2 0
E 2789 0 -2 -17
E 2789 6 2 16
T 2790 15 0 3 0
E 2790 0 -1 -13
E 2790 5 1 15
E 2790 6 2 20
T 2791 17 1 2 0
E 2791 0 -2 -17
E 2791 6 2 17
T 2792 18 0 2 0
E 2792 0 -4 -24
E 2792 1 -2 -16
T 2793 17 0 2 0
E 2793 0 -3 -18
E 2793 6 2 17
T 2794 18 0 2 0
E 2794 0 -4 -24
E 2794 1 -2 -16
T 2795 19 0 3 0
E 2795 0 -2 -18
E 2795 5 1 13
E 2795 6 2 18
T 2796 19 0 2 0
E 2796 0 -4 -26
E 2796 1 -3 -18
T 2797 19 0 3 0
E 2797 0 -2 -21
E 2797 1 -1 -13
E 2797 6 1 16
T 2798 18 0 3 0
E 2798 0 -1 -16
E 2798 5 1 17
E 2798 6 2 22
T 2799 20 0 4 0
E 2799 0 -1 -16
E 2799 4 1 13
E 2799 5 2 18
E 2799 6 2 23
T 2800 20 0 3 0
E 2800 0 -2 -19
E 2800 5 1 15
E 2800 6 2 20
T 2801 20 0 3 0
E 2801 0 -2 -19
E 2801 5 1 16
E 2801 6 2 21
T 2802 20 0 4 0
E 2802 0 -1 -16
E 2802 4 1 14
E 2802 5 2 19
E 2802 6 2 24
T 2803 23 0 3 0
E 2803 0 -2 -25
E 2803 1 -1 -17
E 2803 6 1 16
T 2804 24 0 4 0
E 2804 0 -3 -29
E 2804 1 -2 -21
E 2804 2 -1 -13
E 2804 6 1 13
T 2805 23 0 3 0
E 2805 0 -3 -27
E 2805 1 -2 -19
E 2805 6 1 15
T 2806 22 1 4 0
E 2806 0 -2 -22
E 2806 1 -1 -14
E 2806 5 1 16
E 2806 6 2 21
T 2807 22 0 4 0
E 2807 0 -2 -19
E 2807 4 1 13
E 2807 5 2 19
E 2807 6 2 24
T 2808 23 1 4 0
E 2808 0 -2 -23
E 2808 1 -1 -15
E 2808 5 1 16
E 2808 6 2 21
T 2809 26 0 4 0
E 2809 0 -3 -31
E 2809 1 -2 -23
E 2809 2 -1 -15
E 2809 6 1 14
T 2810 22 0 4 0
E 2810 0 -2 -21
E 2810 1 -1 -13
E 2810 5 2 19
E 2810 6 2 24
T 2811 24 1 4 0
E 2811 0 -2 -24
E 2811 1 -1 -16
E 2811 5 1 16
E 2811 6 2 22
T 2812 25 0 4 0
E 2812 0 -3 -27
E 2812 1 -2 -19
E 2812 5 1 13
E 2812 6 2 19
T 2813 25 0 4 0
E 2813 0 -3 -30
E 2813 1 -2 -22
E 2813 2 -1 -14
E 2813 6 1 17
T 2814 25 0 4 0
E 2814 0 -3 -27
E 2814 1 -2 -19
E 2814 5 1 13
E 2814 6 2 21
T 2815 23 0 4 0
E 2815 0 -2 -21
E 2815 1 -1 -13
E 2815 5 2 19
E 2815 6 3 27
T 2816 24 1 4 0
E 2816 0 -2 -24
E 2816 1 -1 -16
E 2816 5 1 16
E 2816 6 2 24
T 2817 25 0 4 0
E 2817 0 -2 -26
E 2817 1 -2 -18
E 2817 5 1 14
E 2817 6 2 22
T 2818 27 0 4 0
E 2818 0 -3 -32
E 2818 1 -2 -24
E 2818 2 -1 -16
E 2818 6 1 16
T 2819 25 1 4 0
E 2819 0 -2 -25
E 2819 1 -1 -17
E 2819 5 1 15
E 2819 6 2 23
T 2820 26 0 4 0
E 2820 0 -3 -30
E 2820 1 -2 -22
E 2820 2 -1 -14
E 2820 6 2 18
T 2821 25 0 4 0
E 2821 0 -3 -27
E 2821 1 -2 -19
E 2821 5 1 13
E 2821 6 2 21
T 2822 26 0 4 0
E 2822 0 -3 -31
E 2822 1 -2 -23
E 2822 2 -1 -15
E 2822 6 1 17
T 2823 25 0 3 0
E 2823 0 -3 -28
E 2823 1 -2 -20
E 2823 6 2 20
T 2824 25 1 4 0
E 2824 0 -2 -25
E 2824 1 -1 -17
E 2824 5 1 15
E 2824 6 2 23
T 2825 23 0 4 0
E 2825 0 -2 -21
E 2825 1 -1 -13
E 2825 5 2 19
E 2825 6 3 27
T 2826 25 0 4 0
E 2826 0 -2 -26
E 2826 1 -2 -18
E 2826 5 1 14
E 2826 6 2 22
T 2827 23 0 4 0
E 2827 0 -2 -21
E 2827 1 -1 -13
E 2827 5 2 19
E 2827 6 3 27
T 2828 26 0 4 0
E 2828 0 -3 -31
E 2828 1 -2 -23
E 2828 2 -1 -15
E 2828 6 1 17
T 2829 25 0 4 0
E 2829 0 -3 -29
E 2829 1 -2 -21
E 2829 2 -1 -13
E 2829 6 2 19
T 2830 25 0 3 0
E 2830 0 -3 -28
E 2830 1 -2 -20
E 2830 6 2 20
T 2831 28 0 4 0
E 2831 0 -3 -33
E 2831 1 -2 -25
E 2831 2 -1 -17
E 2831 6 1 15
T 2832 25 1 4 0
E 2832 0 -2 -25
E 2832 1 -1 -17
E 2832 5 1 15
E 2832 6 2 23
T 2833 28 0 4 0
E 2833 0 -3 -33
E 2833 1 -2 -25
E 2833 2 -1 -17
E 2833 6 1 15
T 2834 27 0 4 0
E 2834 0 -3 -32
E 2834 1 -2 -24
E 2834 2 -1 -16
E 2834 6 1 16
T 2835 25 0 4 0
E 2835 0 -3 -29
E 2835 1 -2 -21
E 2835 2 -1 -13
E 2835 6 2 19
T 2836 26 0 4 0
E 2836 0 -3 -31
E 2836 1 -2 -23
E 2836 2 -1 -15
E 2836 6 1 17
T 2837 24 1 4 0
E 2837 0 -2 -24
E 2837 1 -1 -16
E 2837 5 1 16
E 2837 6 2 24
T 2838 26 0 4 0
E 2838 0 -3 -31
E 2838 1 -2 -23
E 2838 2 -1 -15
E 2838 6 1 17
T 2839 23 1 4 0
E 2839 0 -2 -23
E 2839 1 -1 -15
E 2839 5 1 17
E 2839 6 2 25
T 2840 23 0 4 0
E 2840 0 -2 -22
E 2840 1 -1 -14
E 2840 5 2 18
E 2840 6 2 26
T 2841 25 0 4 0
E 2841 0 -2 -26
E 2841 1 -2 -18
E 2841 5 1 14
E 2841 6 2 22
T 2842 23 0 4 0
E 2842 0 -2 -21
E 2842 1 -1 -13
E 2842 5 2 19
E 2842 6 3 27
T 2843 25 0 4 0
E 2843 0 -2 -26
E 2843 1 -2 -18
E 2843 5 1 14
E 2843 6 2 22
T 2844 25 0 4 0
E 2844 0 -3 -29
E 2844 1 -2 -21
E 2844 2 -1 -13
E 2844 6 2 19
T 2845 23 0 4 0
E 2845 0 -2 -22
E 2845 1 -1 -14
E 2845 5 2 18
E 2845 6 2 26
T 2846 23 0 4 0
E 2846 0 -2 -19
E 2846 4 1 13
E 2846 5 2 21
E 2846 6 3 29
T 2847 22 0 4 0
E 2847 0 -2 -18
E 2847 4 1 14
E 2847 5 2 22
E 2847 6 3 30
T 2848 25 1 4 0
E 2848 0 -2 -25
E 2848 1 -1 -17
E 2848 5 1 15
E 2848 6 2 23
T 2849 23 0 4 0
E 2849 0 -2 -22
E 2849 1 -1 -14
E 2849 5 2 18
E 2849 6 2 26
T 2850 23 1 4 0
E 2850 0 -2 -23
E 2850 1 -1 -15
E 2850 5 1 17
E 2850 6 2 25
T 2851 23 0 3 0
E 2851 0 -2 -20
E 2851 5 2 20
E 2851 6 3 28
T 2852 25 1 4 0
E 2852 0 -2 -25
E 2852 1 -1 -17
E 2852 5 1 15
E 2852 6 2 23
T 2853 23 0 4 0
E 2853 0 -2 -22
E 2853 1 -1 -14
E 2853 5 2 18
E 2853 6 2 26
T 2854 25 0 4 0
E 2854 0 -2 -26
E 2854 1 -2 -18
E 2854 5 1 14
E 2854 6 2 22
T 2855 25 0 3 0
E 2855 0 -3 -28
E 2855 1 -2 -20
E 2855 6 2 20
T 2856 26 0 4 0
E 2856 0 -3 -30
E 2856 1 -2 -22
E 2856 2 -1 -14
E 2856 6 2 18
T 2857 24 1 4 0
E 2857 0 -2 -24
E 2857 1 -1 -16
E 2857 5 1 16
E 2857 6 2 24
T 2858 23 0 4 0
E 2858 0 -2 -21
E 2858 1 -1 -13
E 2858 5 2 19
E 2858 6 3 27
T 2859 23 0 3 0
E 2859 0 -2 -20
E 2859 5 2 20
E 2859 6 3 28
T 2860 22 0 4 0
E 2860 0 -2 -18
E 2860 4 1 14
E 2860 5 2 22
E 2860 6 3 30
T 2861 25 0 4 0
E 2861 0 -3 -27
E 2861 1 -2 -19
E 2861 5 1 13
E 2861 6 2 21
T 2862 25 0 3 0
E 2862 0 -3 -28
E 2862 1 -2 -20
E 2862 6 2 20
T 2863 27 0 4 0
E 2863 0 -3 -32
E 2863 1 -2 -24
E 2863 2 -1 -16
E 2863 6 1 16
T 2864 24 1 4 0
E 2864 0 -2 -24
E 2864 1 -1 -16
E 2864 5 1 16
E 2864 6 2 24
T 2865 25 0 3 0
E 2865 0 -3 -28
E 2865 1 -2 -20
E 2865 6 2 20
T 2866 24 1 4 0
E 2866 0 -2 -24
E 2866 1 -1 -16
E 2866 5 1 16
E 2866 6 2 24
T 2867 25 0 4 0
E 2867 0 -2 -26
E 2867 1 -2 -18
E 2867 5 1 14
E 2867 6 2 22
T 2868 25 1 4 0
E 2868 0 -2 -25
E 2868 1 -1 -17
E 2868 5 1 15
E 2868 6 2 23
T 2869 24 1 4 0
E 2869 0 -2 -24
E 2869 1 -1 -16
E 2869 5 1 16
E 2869 6 2 24
T 2870 23 0 3 0
E 2870 0 -2 -20
E 2870 5 2 20
E 2870 6 3 28
T 2871 25 0 4 0
E 2871 0 -3 -29
E 2871 1 -2 -21
E 2871 2 -1 -13
E 2871 6 2 19
T 2872 25 0 4 0
E 2872 0 -3 -27
E 2872 1 -2 -19
E 2872 5 1 13
E 2872 6 2 21
T 2873 23 1 4 0
E 2873 0 -2 -23
E 2873 1 -1 -15
E 2873 5 1 17
E 2873 6 2 25
T 2874 26 0 4 0
E 2874 0 -3 -31
E 2874 1 -2 -23
E 2874 2 -1 -15
E 2874 6 1 17
T 2875 25 0 3 0
E 2875 0 -3 -28
E 2875 1 -2 -20
E 2875 6 2 20
T 2876 25 0 4 0
E 2876 0 -2 -26
E 2876 1 -2 -18
E 2876 5 1 14
E 2876 6 2 22
T 2877 26 0 4 0
E 2877 0 -3 -31
E 2877 1 -2 -23
E 2877 2 -1 -15
E 2877 6 1 17
T 2878 25 1 4 0
E 2878 0 -2 -25
E 2878 1 -1 -17
E 2878 5 1 15
E 2878 6 2 23
T 2879 25 1 4 0
E 2879 0 -2 -25
E 2879 1 -1 -17
E 2879 5 1 15
E 2879 6 2 23
T 2880 17 0 4 0
E 2880 0 2 18
E 2880 1 -2 -22
E 2880 2 -1 -14
E 2880 6 2 18
T 2881 18 0 4 0
E 2881 0 1 13
E 2881 1 -3 -30
E 2881 2 -2 -22
E 2881 3 -1 -14
T 2882 20 0 4 0
E 2882 0 1 15
E 2882 1 -3 -31
E 2882 2 -2 -23
E 2882 3 -1 -15
T 2883 21 0 4 0
E 2883 0 1 15
E 2883 1 -3 -34
E 2883 2 -2 -26
E 2883 3 -2 -18
T 2884 27 0 4 0
E 2884 0 3 28
E 2884 1 -2 -25
E 2884 2 -1 -17
E 2884 6 1 15
T 2885 25 0 3 0
E 2885 0 3 28
E 2885 1 2 20
E 2885 2 -2 -20
T 2886 25 0 4 0
E 2886 0 2 23
E 2886 1 1 15
E 2886 2 -3 -28
E 2886 3 -2 -20
T 2887 28 0 4 0
E 2887 0 3 30
E 2887 1 2 22
E 2887 2 -2 -24
E 2887 3 -1 -16
T 2888 27 0 5 0
E 2888 0 2 24
E 2888 1 1 16
E 2888 2 -3 -33
E 2888 3 -2 -25
E 2888 4 -1 -17
T 2889 31 0 5 0
E 2889 0 2 25
E 2889 1 1 17
E 2889 2 -4 -36
E 2889 3 -3 -28
E 2889 4 -2 -20
T 2890 31 0 4 0
E 2890 0 4 38
E 2890 1 3 30
E 2890 2 2 22
E 2890 3 -2 -18
T 2891 29 0 5 0
E 2891 0 3 28
E 2891 1 2 20
E 2891 3 -3 -31
E 2891 4 -2 -23
E 2891 5 -1 -15
T 2892 30 1 6 0
E 2892 0 3 30
E 2892 1 2 22
E 2892 2 1 14
E 2892 3 -3 -32
E 2892 4 -2 -24
E 2892 5 -1 -16
T 2893 32 0 6 0
E 2893 0 3 29
E 2893 1 2 21
E 2893 2 1 13
E 2893 3 -4 -36
E 2893 4 -3 -28
E 2893 5 -2 -20
T 2894 36 0 6 0
E 2894 0 3 33
E 2894 1 2 25
E 2894 2 1 17
E 2894 3 -4 -36
E 2894 4 -3 -28
E 2894 5 -2 -20
T 2895 33 0 6 0
E 2895 0 3 35
E 2895 1 3 27
E 2895 2 2 19
E 2895 4 -3 -29
E 2895 5 -2 -21
E 2895 6 -1 -13
T 2896 33 0 6 0
E 2896 0 3 30
E 2896 1 2 22
E 2896 2 1 14
E 2896 4 -4 -37
E 2896 5 -3 -29
E 2896 6 -2 -21
T 2897 35 1 6 0
E 2897 0 3 35
E 2897 1 3 27
E 2897 2 2 19
E 2897 4 -3 -35
E 2897 5 -3 -27
E 2897 6 -2 -19
T 2898 36 0 7 0
E 2898 0 4 37
E 2898 1 3 29
E 2898 2 2 21
E 2898 3 1 13
E 2898 4 -4 -36
E 2898 5 -3 -28
E 2898 6 -2 -20
T 2899 38 0 6 0
E 2899 0 3 32
E 2899 1 2 24
E 2899 2 1 16
E 2899 4 -5 -45
E 2899 5 -4 -37
E 2899 6 -3 -29
T 2900 33 0 6 0
E 2900 0 4 37
E 2900 1 3 29
E 2900 2 2 21
E 2900 3 1 13
E 2900 5 -3 -35
E 2900 6 -3 -27
T 2901 36 0 6 0
E 2901 0 4 40
E 2901 1 3 32
E 2901 2 2 24
E 2901 3 1 16
E 2901 5 -3 -35
E 2901 6 -3 -27
T 2902 34 0 5 0
E 2902 0 3 35
E 2902 1 3 27
E 2902 2 2 19
E 2902 5 -4 -43
E 2902 6 -3 -35
T 2903 36 0 6 0
E 2903 0 4 39
E 2903 1 3 31
E 2903 2 2 23
E 2903 3 1 15
E 2903 5 -4 -42
E 2903 6 -3 -34
T 2904 38 0 6 0
E 2904 0 4 43
E 2904 1 3 35
E 2904 2 3 27
E 2904 3 2 19
E 2904 5 -4 -42
E 2904 6 -3 -34
T 2905 34 0 6 0
E 2905 0 5 46
E 2905 1 4 38
E 2905 2 3 30
E 2905 3 2 22
E 2905 4 1 14
E 2905 6 -3 -34
T 2906 29 1 4 0
E 2906 0 3 29
E 2906 1 2 21
E 2906 2 1 13
E 2906 6 -6 -54
T 2907 32 0 4 0
E 2907 0 4 36
E 2907 1 3 28
E 2907 2 2 20
E 2907 6 -5 -50
T 2908 32 0 5 0
E 2908 0 4 37
E 2908 1 3 29
E 2908 2 2 21
E 2908 3 1 13
E 2908 6 -5 -52
T 2909 31 1 4 0
E 2909 0 3 31
E 2909 1 2 23
E 2909 2 1 15
E 2909 6 -6 -62
T 2910 28 0 4 0
E 2910 0 4 38
E 2910 1 3 30
E 2910 2 2 22
E 2910 3 1 14
T 2911 28 0 4 0
E 2911 0 3 33
E 2911 1 2 25
E 2911 2 1 17
E 2911 6 -1 -15
T 2912 24 1 4 0
E 2912 0 2 24
E 2912 1 1 16
E 2912 5 -1 -16
E 2912 6 -2 -24
T 2913 26 0 4 0
E 2913 0 3 30
E 2913 1 2 22
E 2913 2 1 14
E 2913 6 -2 -18
T 2914 25 1 4 0
E 2914 0 2 25
E 2914 1 1 17
E 2914 5 -1 -15
E 2914 6 -2 -23
T 2915 28 0 4 0
E 2915 0 3 33
E 2915 1 2 25
E 2915 2 1 17
E 2915 6 -1 -15
T 2916 25 1 4 0
E 2916 0 2 25
E 2916 1 1 17
E 2916 5 -1 -15
E 2916 6 -2 -23
T 2917 25 0 4 0
E 2917 0 2 26
E 2917 1 2 18
E 2917 5 -1 -14
E 2917 6 -2 -22
T 2918 25 0 3 0
E 2918 0 3 28
E 2918 1 2 20
E 2918 6 -2 -20
T 2919 25 0 4 0
E 2919 0 2 26
E 2919 1 2 18
E 2919 5 -1 -14
E 2919 6 -2 -22
T 2920 28 0 4 0
E 2920 0 3 33
E 2920 1 2 25
E 2920 2 1 17
E 2920 6 -1 -15
T 2921 28 0 4 0
E 2921 0 3 33
E 2921 1 2 25
E 2921 2 1 17
E 2921 6 -1 -15
T 2922 27 0 3 0
E 2922 0 4 36
E 2922 1 3 28
E 2922 2 2 20
T 2923 23 0 4 0
E 2923 0 2 22
E 2923 1 1 14
E 2923 5 -2 -18
E 2923 6 -2 -26
T 2924 25 0 4 0
E 2924 0 2 26
E 2924 1 2 18
E 2924 5 -1 -14
E 2924 6 -2 -22
T 2925 25 0 4 0
E 2925 0 3 29
E 2925 1 2 21
E 2925 2 1 13
E 2925 6 -2 -19
T 2926 26 0 4 0
E 2926 0 3 30
E 2926 1 2 22
E 2926 2 1 14
E 2926 6 -2 -18
T 2927 26 0 4 0
E 2927 0 3 30
E 2927 1 2 22
E 2927 2 1 14
E 2927 6 -2 -18
T 2928 26 0 4 0
E 2928 0 3 30
E 2928 1 2 22
E 2928 2 1 14
E 2928 6 -2 -18
T 2929 25 0 4 0
E 2929 0 2 26
E 2929 1 2 18
E 2929 5 -1 -14
E 2929 6 -2 -22
T 2930 23 0 4 0
E 2930 0 2 21
E 2930 1 1 13
E 2930 5 -2 -19
E 2930 6 -3 -27
T 2931 25 0 4 0
E 2931 0 3 27
E 2931 1 2 19
E 2931 5 -1 -13
E 2931 6 -2 -21
T 2932 25 0 4 0
E 2932 0 3 29
E 2932 1 2 21
E 2932 2 1 13
E 2932 6 -2 -19
T 2933 23 1 4 0
E 2933 0 2 23
E 2933 1 1 15
E 2933 5 -1 -17
E 2933 6 -2 -25
T 2934 25 0 3 0
E 2934 0 3 28
E 2934 1 2 20
E 2934 6 -2 -20
T 2935 27 0 4 0
E 2935 0 3 32
E 2935 1 2 24
E 2935 2 1 16
E 2935 6 -1 -16
T 2936 28 0 4 0
E 2936 0 3 33
E 2936 1 2 25
E 2936 2 1 17
E 2936 6 -1 -15
T 2937 26 0 4 0
E 2937 0 3 30
E 2937 1 2 22
E 2937 2 1 14
E 2937 6 -2 -18
T 2938 25 0 4 0
E 2938 0 3 27
E 2938 1 2 19
E 2938 5 -1 -13
E 2938 6 -2 -21
T 2939 24 1 4 0
E 2939 0 2 24
E 2939 1 1 16
E 2939 5 -1 -16
E 2939 6 -2 -24
T 2940 25 0 4 0
E 2940 0 3 27
E 2940 1 2 19
E 2940 5 -1 -13
E 2940 6 -2 -21
T 2941 25 0 4 0
E 2941 0 2 26
E 2941 1 2 18
E 2941 5 -1 -14
E 2941 6 -2 -22
T 2942 23 1 4 0
E 2942 0 2 23
E 2942 1 1 15
E 2942 5 -1 -17
E 2942 6 -2 -25
T 2943 25 0 4 0
E 2943 0 3 27
E 2943 1 2 19
E 2943 5 -1 -13
E 2943 6 -2 -21
T 2944 26 0 4 0
E 2944 0 3 31
E 2944 1 2 23
E 2944 2 1 15
E 2944 6 -1 -17
T 2945 26 0 4 0
E 2945 0 3 30
E 2945 1 2 22
E 2945 2 1 14
E 2945 6 -2 -18
T 2946 23 1 4 0
E 2946 0 2 23
E 2946 1 1 15
E 2946 5 -1 -17
E 2946 6 -2 -25
T 2947 25 1 4 0
E 2947 0 2 25
E 2947 1 1 17
E 2947 5 -1 -15
E 2947 6 -2 -23
T 2948 27 0 4 0
E 2948 0 3 32
E 2948 1 2 24
E 2948 2 1 16
E 2948 6 -1 -16
T 2949 25 0 4 0
E 2949 0 2 26
E 2949 1 2 18
E 2949 5 -1 -14
E 2949 6 -2 -22
T 2950 25 0 4 0
E 2950 0 3 29
E 2950 1 2 21
E 2950 2 1 13
E 2950 6 -2 -19
T 2951 23 0 4 0
E 2951 0 2 21
E 2951 1 1 13
E 2951 5 -2 -19
E 2951 6 -3 -27
T 2952 25 0 4 0
E 2952 0 2 26
E 2952 1 2 18
E 2952 5 -1 -14
E 2952 6 -2 -22
T 2953 25 0 4 0
E 2953 0 2 26
E 2953 1 2 18
E 2953 5 -1 -14
E 2953 6 -2 -22
T 2954 26 0 4 0
E 2954 0 3 31
E 2954 1 2 23
E 2954 2 1 15
E 2954 6 -1 -17
T 2955 25 0 4 0
E 2955 0 2 26
E 2955 1 2 18
E 2955 5 -1 -14
E 2955 6 -2 -22
T 2956 25 0 4 0
E 2956 0 2 26
E 2956 1 2 18
E 2956 5 -1 -14
E 2956 6 -2 -22
T 2957 28 0 4 0
E 2957 0 3 33
E 2957 1 2 25
E 2957 2 1 17
E 2957 6 -1 -15
T 2958 25 0 4 0
E 2958 0 3 27
E 2958 1 2 19
E 2958 5 -1 -13
E 2958 6 -2 -21
T 2959 25 0 4 0
E 2959 0 3 29
E 2959 1 2 21
E 2959 2 1 13
E 2959 6 -2 -19
T 2960 25 0 4 0
E 2960 0 3 27
E 2960 1 2 19
E 2960 5 -1 -13
E 2960 6 -2 -21
T 2961 27 0 4 0
E 2961 0 3 32
E 2961 1 2 24
E 2961 2 1 16
E 2961 6 -1 -16
T 2962 28 0 4 0
E 2962 0 3 35
E 2962 1 3 27
E 2962 2 2 19
E 2962 6 -1 -13
T 2963 25 0 4 0
E 2963 0 2 26
E 2963 1 2 18
E 2963 5 -1 -14
E 2963 6 -2 -22
T 2964 25 1 4 0
E 2964 0 2 25
E 2964 1 1 17
E 2964 5 -1 -15
E 2964 6 -2 -23
T 2965 25 1 4 0
E 2965 0 2 25
E 2965 1 1 17
E 2965 5 -1 -15
E 2965 6 -2 -23
T 2966 23 0 4 0
E 2966 0 2 21
E 2966 1 1 13
E 2966 5 -2 -19
E 2966 6 -3 -27
T 2967 25 0 4 0
E 2967 0 3 27
E 2967 1 2 19
E 2967 5 -1 -13
E 2967 6 -2 -21
T 2968 25 0 3 0
E 2968 0 3 28
E 2968 1 2 20
E 2968 6 -2 -20
T 2969 23 0 4 0
E 2969 0 2 22
E 2969 1 1 14
E 2969 5 -2 -18
E 2969 6 -2 -26
T 2970 23 1 4 0
E 2970 0 2 23
E 2970 1 1 15
E 2970 5 -1 -17
E 2970 6 -2 -25
T 2971 26 0 4 0
E 2971 0 3 30
E 2971 1 2 22
E 2971 2 1 14
E 2971 6 -2 -18
T 2972 24 1 4 0
E 2972 0 2 24
E 2972 1 1 16
E 2972 5 -1 -16
E 2972 6 -2 -24
T 2973 25 0 4 0
E 2973 0 3 27
E 2973 1 2 19
E 2973 5 -1 -13
E 2973 6 -2 -21
T 2974 25 1 4 0
E 2974 0 2 25
E 2974 1 1 17
E 2974 5 -1 -15
E 2974 6 -2 -23
T 2975 26 0 4 0
E 2975 0 3 30
E 2975 1 2 22
E 2975 2 1 14
E 2975 6 -2 -18
T 2976 25 1 4 0
E 2976 0 2 25
E 2976 1 1 17
E 2976 5 -1 -15
E 2976 6 -2 -23
T 2977 22 0 4 0
E 2977 0 2 23
E 2977 1 2 18
E 2977 5 -1 -14
E 2977 6 -2 -22
T 2978 19 0 4 0
E 2978 0 1 17
E 2978 1 1 14
E 2978 5 -2 -18
E 2978 6 -2 -26
T 2979 16 0 4 0
E 2979 0 1 14
E 2979 1 1 14
E 2979 5 -2 -18
E 2979 6 -2 -26
T 2980 14 0 4 0
E 2980 0 1 13
E 2980 1 1 16
E 2980 5 -1 -16
E 2980 6 -2 -24
T 2981 14 1 4 0
E 2981 0 1 14
E 2981 1 2 19
E 2981 5 -1 -13
E 2981 6 -2 -21
T 2982 12 0 4 0
E 2982 0 1 14
E 2982 1 2 19
E 2982 2 1 14
E 2982 6 -2 -18
T 2983 12 1 3 0
E 2983 1 1 17
E 2983 2 1 14
E 2983 6 -2 -18
T 2984 9 0 3 0
E 2984 1 1 15
E 2984 2 1 15
E 2984 6 -1 -17
T 2985 10 0 1 0
E 2985 6 -6 -20
T 2986 8 0 4 0
E 2986 0 1 14
E 2986 1 2 19
E 2986 2 2 24
E 2986 3 1 16
T 2987 8 0 3 0
E 2987 1 1 17
E 2987 2 2 22
E 2987 3 1 17
T 2988 6 0 3 0
E 2988 1 1 15
E 2988 2 2 20
E 2988 3 1 17
T 2989 1 0 2 0
E 2989 2 2 15
E 2989 3 2 15
T 2990 1 0 2 0
E 2990 2 2 13
E 2990 3 2 16
T 2991 5 0 1 0
E 2991 3 4 14
T 2992 5 0 1 0
E 2992 6 -5 -16
T 2993 6 0 1 0
E 2993 6 -4 -14
T 2994 5 0 2 0
E 2994 3 2 14
E 2994 4 2 14
T 2995 7 0 0 0
T 2996 10 0 0 0
T 2997 11 0 1 0
E 2997 4 4 13
T 2998 10 0 1 0
E 2998 0 -4 -14
T 2999 8 0 0 0
T 3000 9 0 2 0
E 3000 4 2 16
E 3000 5 3 19
T 3001 10 0 1 0
E 3001 0 -4 -14
T 3002 9 0 3 0
E 3002 4 1 15
E 3002 5 2 20
E 3002 6 1 15
T 3003 11 0 3 0
E 3003 4 1 13
E 3003 5 2 18
E 3003 6 1 15
T 3004 11 0 1 0
E 3004 0 -5 -16
T 3005 11 0 1 0
E 3005 0 -5 -16
T 3006 14 0 2 0
E 3006 5 2 16
E 3006 6 3 21
T 3007 13 0 2 0
E 3007 0 -3 -18
E 3007 1 -2 -13
T 3008 16 1 2 0
E 3008 0 -2 -16
E 3008 6 2 14
T 3009 17 0 2 0
E 3009 5 2 13
E 3009 6 3 18
T 3010 19 0 3 0
E 3010 0 -2 -24
E 3010 1 -2 -19
E 3010 2 -1 -14
T 3011 21 0 3 0
E 3011 0 -2 -26
E 3011 1 -2 -21
E 3011 2 -1 -16
T 3012 13 0 2 0
E 3012 0 -3 -18
E 3012 1 -2 -13
T 3013 13 0 2 0
E 3013 5 2 17
E 3013 6 3 22
T 3014 17 1 2 0
E 3014 0 -2 -17
E 3014 6 2 13
T 3015 14 1 2 0
E 3015 0 -2 -14
E 3015 6 2 16
T 3016 16 0 2 0
E 3016 5 2 14
E 3016 6 3 19
T 3017 17 0 2 0
E 3017 5 2 13
E 3017 6 3 18
T 3018 13 0 2 0
E 3018 0 -3 -18
E 3018 1 -2 -13
T 3019 15 0 2 0
E 3019 0 -3 -20
E 3019 1 -2 -15
T 3020 17 0 2 0
E 3020 0 -3 -22
E 3020 1 -2 -17
T 3021 14 1 2 0
E 3021 0 -2 -14
E 3021 6 2 16
T 3022 15 0 2 0
E 3022 5 2 15
E 3022 6 3 20
T 3023 17 0 2 0
E 3023 5 2 13
E 3023 6 3 18
T 3024 17 0 2 0
E 3024 0 -3 -22
E 3024 1 -2 -17
T 3025 17 1 2 0
E 3025 0 -2 -17
E 3025 6 2 13
T 3026 15 0 3 0
E 3026 0 -1 -13
E 3026 5 1 13
E 3026 6 2 18
T 3027 14 0 2 0
E 3027 0 -3 -19
E 3027 1 -2 -13
T 3028 17 0 2 0
E 3028 0 -3 -22
E 3028 1 -2 -15
T 3029 16 0 3 0
E 3029 0 -1 -14
E 3029 5 1 14
E 3029 6 2 19
T 3030 16 0 2 0
E 3030 0 -3 -21
E 3030 1 -2 -13
T 3031 19 0 2 0
E 3031 0 -3 -20
E 3031 6 2 14
T 3032 18 0 3 0
E 3032 0 -1 -16
E 3032 5 1 13
E 3032 6 2 18
T 3033 18 0 3 0
E 3033 0 -1 -16
E 3033 5 1 14
E 3033 6 2 19
T 3034 18 0 2 0
E 3034 0 -4 -24
E 3034 1 -2 -16
T 3035 17 0 3 0
E 3035 0 -1 -15
E 3035 5 1 16
E 3035 6 2 21
T 3036 22 0 3 0
E 3036 0 -2 -24
E 3036 1 -1 -16
E 3036 6 1 13
T 3037 20 0 2 0
E 3037 0 -4 -27
E 3037 1 -3 -19
T 3038 21 0 3 0
E 3038 0 -2 -20
E 3038 5 1 13
E 3038 6 2 18
T 3039 21 1 4 0
E 3039 0 -2 -21
E 3039 1 -1 -13
E 3039 5 1 13
E 3039 6 2 18
T 3040 23 0 3 0
E 3040 0 -2 -26
E 3040 1 -2 -18
E 3040 6 1 13
T 3041 24 0 3 0
E 3041 0 -3 -30
E 3041 1 -2 -22
E 3041 2 -1 -14
T 3042 23 0 3 0
E 3042 0 -2 -25
E 3042 1 -1 -17
E 3042 6 1 15
T 3043 22 1 4 0
E 3043 0 -2 -22
E 3043 1 -1 -14
E 3043 5 1 14
E 3043 6 2 19
T 3044 22 0 4 0
E 3044 0 -2 -19
E 3044 4 1 13
E 3044 5 2 18
E 3044 6 2 23
T 3045 22 0 4 0
E 3045 0 -2 -19
E 3045 4 1 13
E 3045 5 2 18
E 3045 6 2 23
T 3046 21 0 4 0
E 3046 0 -2 -18
E 3046 4 1 14
E 3046 5 2 20
E 3046 6 2 25
T 3047 21 0 4 0
E 3047 0 -1 -17
E 3047 4 1 15
E 3047 5 2 21
E 3047 6 2 26
T 3048 22 0 3 0
E 3048 0 -2 -20
E 3048 5 2 19
E 3048 6 2 24
T 3049 23 1 4 0
E 3049 0 -2 -23
E 3049 1 -1 -15
E 3049 5 1 17
E 3049 6 2 22
T 3050 23 1 4 0
E 3050 0 -2 -23
E 3050 1 -1 -15
E 3050 5 1 17
E 3050 6 2 22
T 3051 23 0 4 0
E 3051 0 -2 -22
E 3051 1 -1 -14
E 3051 5 2 18
E 3051 6 2 24
T 3052 22 0 3 0
E 3052 0 -2 -20
E 3052 5 2 20
E 3052 6 2 26
T 3053 25 0 3 0
E 3053 0 -3 -28
E 3053 1 -2 -20
E 3053 6 2 19
T 3054 23 0 4 0
E 3054 0 -2 -21
E 3054 1 -1 -13
E 3054 5 2 19
E 3054 6 3 27
T 3055 23 0 3 0
E 3055 0 -2 -20
E 3055 5 2 20
E 3055 6 3 28
T 3056 26 0 4 0
E 3056 0 -3 -31
E 3056 1 -2 -23
E 3056 2 -1 -15
E 3056 6 1 17
T 3057 24 1 4 0
E 3057 0 -2 -24
E 3057 1 -1 -16
E 3057 5 1 16
E 3057 6 2 24
T 3058 26 0 4 0
E 3058 0 -3 -30
E 3058 1 -2 -22
E 3058 2 -1 -14
E 3058 6 2 18
T 3059 25 0 4 0
E 3059 0 -3 -29
E 3059 1 -2 -21
E 3059 2 -1 -13
E 3059 6 2 19
T 3060 23 0 3 0
E 3060 0 -2 -20
E 3060 5 2 20
E 3060 6 3 28
T 3061 26 0 4 0
E 3061 0 -3 -30
E 3061 1 -2 -22
E 3061 2 -1 -14
E 3061 6 2 18
T 3062 26 0 4 0
E 3062 0 -3 -31
E 3062 1 -2 -23
E 3062 2 -1 -15
E 3062 6 1 17
T 3063 28 0 4 0
E 3063 0 -3 -33
E 3063 1 -2 -25
E 3063 2 -1 -17
E 3063 6 1 15
T 3064 28 0 4 0
E 3064 0 -3 -34
E 3064 1 -2 -26
E 3064 2 -2 -18
E 3064 6 1 14
T 3065 25 0 3 0
E 3065 0 -3 -28
E 3065 1 -2 -20
E 3065 6 2 20
T 3066 24 1 4 0
E 3066 0 -2 -24
E 3066 1 -1 -16
E 3066 5 1 16
E 3066 6 2 24
T 3067 25 0 3 0
E 3067 0 -3 -28
E 3067 1 -2 -20
E 3067 6 2 20
T 3068 28 0 4 0
E 3068 0 -3 -33
E 3068 1 -2 -25
E 3068 2 -1 -17
E 3068 6 1 15
T 3069 28 0 4 0
E 3069 0 -3 -34
E 3069 1 -2 -26
E 3069 2 -2 -18
E 3069 6 1 14
T 3070 23 1 4 0
E 3070 0 -2 -23
E 3070 1 -1 -15
E 3070 5 1 17
E 3070 6 2 25
T 3071 23 1 4 0
E 3071 0 -2 -23
E 3071 1 -1 -15
E 3071 5 1 17
E 3071 6 2 25
T 3072 22 0 4 0
E 3072 0 -2 -18
E 3072 4 1 14
E 3072 5 2 22
E 3072 6 3 30
T 3073 23 0 4 0
E 3073 0 -2 -19
E 3073 4 1 13
E 3073 5 2 21
E 3073 6 3 29
T 3074 23 0 4 0
E 3074 0 -2 -19
E 3074 4 1 13
E 3074 5 2 21
E 3074 6 3 29
T 3075 25 1 4 0
E 3075 0 -2 -25
E 3075 1 -1 -17
E 3075 5 1 15
E 3075 6 2 23
T 3076 24 1 4 0
E 3076 0 -2 -24
E 3076 1 -1 -16
E 3076 5 1 16
E 3076 6 2 24
T 3077 25 0 4 0
E 3077 0 -2 -26
E 3077 1 -2 -18
E 3077 5 1 14
E 3077 6 2 22
T 3078 23 1 4 0
E 3078 0 -2 -23
E 3078 1 -1 -15
E 3078 5 1 17
E 3078 6 2 25
T 3079 25 1 4 0
E 3079 0 -2 -25
E 3079 1 -1 -17
E 3079 5 1 15
E 3079 6 2 23
T 3080 25 0 3 0
E 3080 0 -3 -28
E 3080 1 -2 -20
E 3080 6 2 20
T 3081 25 0 4 0
E 3081 0 -3 -29
E 3081 1 -2 -21
E 3081 2 -1 -13
E 3081 6 2 19
T 3082 27 0 4 0
E 3082 0 -3 -32
E 3082 1 -2 -24
E 3082 2 -1 -16
E 3082 6 1 16
T 3083 26 0 4 0
E 3083 0 -3 -31
E 3083 1 -2 -23
E 3083 2 -1 -15
E 3083 6 1 17
T 3084 26 0 4 0
E 3084 0 -3 -30
E 3084 1 -2 -22
E 3084 2 -1 -14
E 3084 6 2 18
T 3085 25 0 4 0
E 3085 0 -2 -26
E 3085 1 -2 -18
E 3085 5 1 14
E 3085 6 2 22
T 3086 25 0 4 0
E 3086 0 -3 -29
E 3086 1 -2 -21
E 3086 2 -1 -13
E 3086 6 2 19
T 3087 26 0 4 0
E 3087 0 -3 -31
E 3087 1 -2 -23
E 3087 2 -1 -15
E 3087 6 1 17
T 3088 25 0 3 0
E 3088 0 -3 -28
E 3088 1 -2 -20
E 3088 6 2 20
T 3089 25 0 4 0
E 3089 0 -2 -26
E 3089 1 -2 -18
E 3089 5 1 14
E 3089 6 2 22
T 3090 23 0 4 0
E 3090 0 -2 -21
E 3090 1 -1 -13
E 3090 5 2 19
E 3090 6 3 27
T 3091 23 0 4 0
E 3091 0 -2 -19
E 3091 4 1 13
E 3091 5 2 21
E 3091 6 3 29
T 3092 23 0 4 0
E 3092 0 -2 -19
E 3092 4 1 13
E 3092 5 2 21
E 3092 6 3 29
T 3093 23 0 4 0
E 3093 0 -2 -21
E 3093 1 -1 -13
E 3093 5 2 19
E 3093 6 3 27
T 3094 25 0 4 0
E 3094 0 -2 -26
E 3094 1 -2 -18
E 3094 5 1 14
E 3094 6 2 22
T 3095 25 0 4 0
E 3095 0 -3 -27
E 3095 1 -2 -19
E 3095 5 1 13
E 3095 6 2 21
T 3096 26 0 4 0
E 3096 0 -3 -30
E 3096 1 -2 -22
E 3096 2 -1 -14
E 3096 6 2 18
T 3097 25 1 4 0
E 3097 0 -2 -25
E 3097 1 -1 -17
E 3097 5 1 15
E 3097 6 2 23
T 3098 28 0 4 0
E 3098 0 -3 -33
E 3098 1 -2 -25
E 3098 2 -1 -17
E 3098 6 1 15
T 3099 25 0 3 0
E 3099 0 -3 -28
E 3099 1 -2 -20
E 3099 6 2 20
T 3100 24 1 4 0
E 3100 0 -2 -24
E 3100 1 -1 -16
E 3100 5 1 16
E 3100 6 2 24
T 3101 25 0 3 0
E 3101 0 -3 -28
E 3101 1 -2 -20
E 3101 6 2 20
T 3102 23 0 4 0
E 3102 0 -2 -21
E 3102 1 -1 -13
E 3102 5 2 19
E 3102 6 3 27
T 3103 25 0 4 0
E 3103 0 -2 -26
E 3103 1 -2 -18
E 3103 5 1 14
E 3103 6 2 22
T 3104 23 0 4 0
E 3104 0 -2 -22
E 3104 1 -1 -14
E 3104 5 2 18
E 3104 6 2 26
T 3105 24 1 4 0
E 3105 0 -2 -24
E 3105 1 -1 -16
E 3105 5 1 16
E 3105 6 2 24
T 3106 26 0 4 0
E 3106 0 -3 -31
E 3106 1 -2 -23
E 3106 2 -1 -15
E 3106 6 1 17
T 3107 27 0 4 0
E 3107 0 -3 -32
E 3107 1 -2 -24
E 3107 2 -1 -16
E 3107 6 1 16
T 3108 25 0 3 0
E 3108 0 -3 -28
E 3108 1 -2 -20
E 3108 6 2 20
T 3109 23 0 4 0
E 3109 0 -2 -21
E 3109 1 -1 -13
E 3109 5 2 19
E 3109 6 3 27
T 3110 23 0 3 0
E 3110 0 -2 -20
E 3110 5 2 20
E 3110 6 3 28
T 3111 26 0 4 0
E 3111 0 -3 -31
E 3111 1 -2 -23
E 3111 2 -1 -15
E 3111 6 1 17
T 3112 26 0 4 0
E 3112 0 -3 -31
E 3112 1 -2 -23
E 3112 2 -1 -15
E 3112 6 1 17
T 3113 25 0 4 0
E 3113 0 -3 -29
E 3113 1 -2 -21
E 3113 2 -1 -13
E 3113 6 2 19
T 3114 25 0 4 0
E 3114 0 -2 -26
E 3114 1 -2 -18
E 3114 5 1 14
E 3114 6 2 22
T 3115 26 0 4 0
E 3115 0 -3 -31
E 3115 1 -2 -23
E 3115 2 -1 -15
E 3115 6 1 17
T 3116 25 0 4 0
E 3116 0 -3 -29
E 3116 1 -2 -21
E 3116 2 -1 -13
E 3116 6 2 19
T 3117 25 0 4 0
E 3117 0 -2 -26
E 3117 1 -2 -18
E 3117 5 1 14
E 3117 6 2 22
T 3118 23 1 4 0
E 3118 0 -2 -23
E 3118 1 -1 -15
E 3118 5 1 17
E 3118 6 2 25
T 3119 25 1 4 0
E 3119 0 -2 -25
E 3119 1 -1 -17
E 3119 5 1 15
E 3119 6 2 23
T 3120 20 0 3 0
E 3120 0 3 28
E 3120 5 2 20
E 3120 6 3 28
T 3121 21 0 3 0
E 3121 0 2 23
E 3121 1 -2 -20
E 3121 6 2 20
T 3122 24 0 4 0
E 3122 0 3 28
E 3122 1 -2 -18
E 3122 5 1 14
E 3122 6 2 22
T 3123 24 0 4 0
E 3123 0 2 20
E 3123 1 -3 -29
E 3123 2 -2 -21
E 3123 3 -1 -13
T 3124 28 0 4 0
E 3124 0 2 26
E 3124 1 -3 -27
E 3124 2 -2 -19
E 3124 6 1 13
T 3125 28 0 4 0
E 3125 0 3 35
E 3125 1 3 27
E 3125 2 -1 -13
E 3125 6 2 19
T 3126 26 0 4 0
E 3126 0 2 25
E 3126 1 1 17
E 3126 2 -2 -26
E 3126 3 -2 -18
T 3127 25 0 5 0
E 3127 0 2 22
E 3127 1 1 14
E 3127 2 -3 -32
E 3127 3 -2 -24
E 3127 4 -1 -16
T 3128 27 0 5 0
E 3128 0 2 24
E 3128 1 1 16
E 3128 2 -3 -33
E 3128 3 -2 -25
E 3128 4 -1 -17
T 3129 33 0 5 0
E 3129 0 3 32
E 3129 1 2 24
E 3129 2 -3 -29
E 3129 3 -2 -21
E 3129 4 -1 -13
T 3130 29 0 4 0
E 3130 0 4 36
E 3130 1 3 28
E 3130 2 2 20
E 3130 3 -2 -20
T 3131 29 0 5 0
E 3131 0 2 24
E 3131 1 1 16
E 3131 3 -3 -35
E 3131 4 -3 -27
E 3131 5 -2 -19
T 3132 30 0 5 0
E 3132 0 3 28
E 3132 1 2 20
E 3132 3 -3 -34
E 3132 4 -2 -26
E 3132 5 -2 -18
T 3133 33 0 6 0
E 3133 0 3 28
E 3133 1 2 20
E 3133 3 -4 -37
E 3133 4 -3 -29
E 3133 5 -2 -21
E 3133 6 -1 -13
T 3134 37 0 6 0
E 3134 0 4 40
E 3134 1 3 32
E 3134 2 2 24
E 3134 3 -3 -29
E 3134 4 -2 -21
E 3134 5 -1 -13
T 3135 33 1 6 0
E 3135 0 3 33
E 3135 1 2 25
E 3135 2 1 17
E 3135 4 -3 -31
E 3135 5 -2 -23
E 3135 6 -1 -15
T 3136 33 0 7 0
E 3136 0 4 37
E 3136 1 3 29
E 3136 2 2 21
E 3136 3 1 13
E 3136 4 -3 -30
E 3136 5 -2 -22
E 3136 6 -1 -14
T 3137 33 0 7 0
E 3137 0 4 37
E 3137 1 3 29
E 3137 2 2 21
E 3137 3 1 13
E 3137 4 -3 -33
E 3137 5 -2 -25
E 3137 6 -1 -17
T 3138 36 0 7 0
E 3138 0 4 38
E 3138 1 3 30
E 3138 2 2 22
E 3138 3 1 14
E 3138 4 -3 -35
E 3138 5 -3 -27
E 3138 6 -2 -19
T 3139 39 0 7 0
E 3139 0 4 42
E 3139 1 3 34
E 3139 2 2 26
E 3139 3 2 18
E 3139 4 -3 -35
E 3139 5 -3 -27
E 3139 6 -2 -19
T 3140 33 0 6 0
E 3140 0 4 38
E 3140 1 3 30
E 3140 2 2 22
E 3140 3 1 14
E 3140 5 -3 -34
E 3140 6 -2 -26
T 3141 34 0 5 0
E 3141 0 4 36
E 3141 1 3 28
E 3141 2 2 20
E 3141 5 -4 -39
E 3141 6 -3 -31
T 3142 36 0 6 0
E 3142 0 4 39
E 3142 1 3 31
E 3142 2 2 23
E 3142 3 1 15
E 3142 5 -4 -39
E 3142 6 -3 -31
T 3143 35 0 6 0
E 3143 0 4 37
E 3143 1 3 29
E 3143 2 2 21
E 3143 3 1 13
E 3143 5 -4 -44
E 3143 6 -4 -36
T 3144 38 0 6 0
E 3144 0 4 43
E 3144 1 3 35
E 3144 2 3 27
E 3144 3 2 19
E 3144 5 -4 -42
E 3144 6 -3 -34
T 3145 32 0 4 0
E 3145 0 3 35
E 3145 1 3 27
E 3145 2 2 19
E 3145 6 -5 -45
T 3146 33 0 5 0
E 3146 0 4 38
E 3146 1 3 30
E 3146 2 2 22
E 3146 3 1 14
E 3146 6 -5 -45
T 3147 32 1 4 0
E 3147 0 3 32
E 3147 1 2 24
E 3147 2 1 16
E 3147 6 -6 -54
T 3148 29 1 4 0
E 3148 0 3 29
E 3148 1 2 21
E 3148 2 1 13
E 3148 6 -6 -60
T 3149 33 1 4 0
E 3149 0 3 33
E 3149 1 2 25
E 3149 2 1 17
E 3149 6 -6 -60
T 3150 28 0 4 0
E 3150 0 3 35
E 3150 1 3 27
E 3150 2 2 19
E 3150 6 -1 -13
T 3151 25 0 4 0
E 3151 0 3 27
E 3151 1 2 19
E 3151 5 -1 -13
E 3151 6 -2 -21
T 3152 27 0 4 0
E 3152 0 3 32
E 3152 1 2 24
E 3152 2 1 16
E 3152 6 -1 -16
T 3153 23 1 4 0
E 3153 0 2 23
E 3153 1 1 15
E 3153 5 -1 -17
E 3153 6 -2 -25
T 3154 23 0 4 0
E 3154 0 2 21
E 3154 1 1 13
E 3154 5 -2 -19
E 3154 6 -3 -27
T 3155 25 0 4 0
E 3155 0 3 29
E 3155 1 2 21
E 3155 2 1 13
E 3155 6 -2 -19
T 3156 26 0 4 0
E 3156 0 3 30
E 3156 1 2 22
E 3156 2 1 14
E 3156 6 -2 -18
T 3157 25 0 4 0
E 3157 0 3 29
E 3157 1 2 21
E 3157 2 1 13
E 3157 6 -2 -19
T 3158 23 0 4 0
E 3158 0 2 22
E 3158 1 1 14
E 3158 5 -2 -18
E 3158 6 -2 -26
T 3159 25 1 4 0
E 3159 0 2 25
E 3159 1 1 17
E 3159 5 -1 -15
E 3159 6 -2 -23
T 3160 27 0 4 0
E 3160 0 3 32
E 3160 1 2 24
E 3160 2 1 16
E 3160 6 -1 -16
T 3161 28 0 4 0
E 3161 0 3 33
E 3161 1 2 25
E 3161 2 1 17
E 3161 6 -1 -15
T 3162 25 0 4 0
E 3162 0 3 29
E 3162 1 2 21
E 3162 2 1 13
E 3162 6 -2 -19
T 3163 26 0 4 0
E 3163 0 3 30
E 3163 1 2 22
E 3163 2 1 14
E 3163 6 -2 -18
T 3164 23 1 4 0
E 3164 0 2 23
E 3164 1 1 15
E 3164 5 -1 -17
E 3164 6 -2 -25
T 3165 23 1 4 0
E 3165 0 2 23
E 3165 1 1 15
E 3165 5 -1 -17
E 3165 6 -2 -25
T 3166 24 1 4 0
E 3166 0 2 24
E 3166 1 1 16
E 3166 5 -1 -16
E 3166 6 -2 -24
T 3167 26 0 4 0
E 3167 0 3 30
E 3167 1 2 22
E 3167 2 1 14
E 3167 6 -2 -18
T 3168 24 1 4 0
E 3168 0 2 24
E 3168 1 1 16
E 3168 5 -1 -16
E 3168 6 -2 -24
T 3169 26 0 4 0
E 3169 0 3 31
E 3169 1 2 23
E 3169 2 1 15
E 3169 6 -1 -17
T 3170 25 0 4 0
E 3170 0 2 26
E 3170 1 2 18
E 3170 5 -1 -14
E 3170 6 -2 -22
T 3171 25 0 3 0
E 3171 0 3 28
E 3171 1 2 20
E 3171 6 -2 -20
T 3172 25 0 4 0
E 3172 0 2 26
E 3172 1 2 18
E 3172 5 -1 -14
E 3172 6 -2 -22
T 3173 24 1 4 0
E 3173 0 2 24
E 3173 1 1 16
E 3173 5 -1 -16
E 3173 6 -2 -24
T 3174 23 0 3 0
E 3174 0 2 20
E 3174 5 -2 -20
E 3174 6 -3 -28
T 3175 23 0 3 0
E 3175 0 2 20
E 3175 5 -2 -20
E 3175 6 -3 -28
T 3176 22 0 4 0
E 3176 0 2 18
E 3176 4 -1 -14
E 3176 5 -2 -22
E 3176 6 -3 -30
T 3177 23 1 4 0
E 3177 0 2 23
E 3177 1 1 15
E 3177 5 -1 -17
E 3177 6 -2 -25
T 3178 26 0 4 0
E 3178 0 3 30
E 3178 1 2 22
E 3178 2 1 14
E 3178 6 -2 -18
T 3179 25 0 3 0
E 3179 0 3 28
E 3179 1 2 20
E 3179 6 -2 -20
T 3180 23 0 4 0
E 3180 0 2 22
E 3180 1 1 14
E 3180 5 -2 -18
E 3180 6 -2 -26
T 3181 26 0 4 0
E 3181 0 3 30
E 3181 1 2 22
E 3181 2 1 14
E 3181 6 -2 -18
T 3182 27 0 4 0
E 3182 0 3 32
E 3182 1 2 24
E 3182 2 1 16
E 3182 6 -1 -16
T 3183 25 0 4 0
E 3183 0 3 29
E 3183 1 2 21
E 3183 2 1 13
E 3183 6 -2 -19
T 3184 27 0 4 0
E 3184 0 3 32
E 3184 1 2 24
E 3184 2 1 16
E 3184 6 -1 -16
T 3185 27 0 4 0
E 3185 0 3 32
E 3185 1 2 24
E 3185 2 1 16
E 3185 6 -1 -16
T 3186 25 0 4 0
E 3186 0 3 27
E 3186 1 2 19
E 3186 5 -1 -13
E 3186 6 -2 -21
T 3187 23 0 4 0
E 3187 0 2 22
E 3187 1 1 14
E 3187 5 -2 -18
E 3187 6 -2 -26
T 3188 22 0 4 0
E 3188 0 2 18
E 3188 4 -1 -14
E 3188 5 -2 -22
E 3188 6 -3 -30
T 3189 22 0 4 0
E 3189 0 2 18
E 3189 4 -1 -14
E 3189 5 -2 -22
E 3189 6 -3 -30
T 3190 24 1 4 0
E 3190 0 2 24
E 3190 1 1 16
E 3190 5 -1 -16
E 3190 6 -2 -24
T 3191 25 0 3 0
E 3191 0 3 28
E 3191 1 2 20
E 3191 6 -2 -20
T 3192 25 0 4 0
E 3192 0 3 27
E 3192 1 2 19
E 3192 5 -1 -13
E 3192 6 -2 -21
T 3193 23 0 3 0
E 3193 0 2 20
E 3193 5 -2 -20
E 3193 6 -3 -28
T 3194 25 1 4 0
E 3194 0 2 25
E 3194 1 1 17
E 3194 5 -1 -15
E 3194 6 -2 -23
T 3195 25 0 4 0
E 3195 0 3 27
E 3195 1 2 19
E 3195 5 -1 -13
E 3195 6 -2 -21
T 3196 24 1 4 0
E 3196 0 2 24
E 3196 1 1 16
E 3196 5 -1 -16
E 3196 6 -2 -24
T 3197 23 1 4 0
E 3197 0 2 23
E 3197 1 1 15
E 3197 5 -1 -17
E 3197 6 -2 -25
T 3198 23 0 4 0
E 3198 0 2 19
E 3198 4 -1 -13
E 3198 5 -2 -21
E 3198 6 -3 -29
T 3199 25 0 4 0
E 3199 0 3 29
E 3199 1 2 21
E 3199 2 1 13
E 3199 6 -2 -19
T 3200 26 0 4 0
E 3200 0 3 31
E 3200 1 2 23
E 3200 2 1 15
E 3200 6 -1 -17
T 3201 28 0 4 0
E 3201 0 3 33
E 3201 1 2 25
E 3201 2 1 17
E 3201 6 -1 -15
T 3202 25 0 4 0
E 3202 0 2 26
E 3202 1 2 18
E 3202 5 -1 -14
E 3202 6 -2 -22
T 3203 25 0 3 0
E 3203 0 3 28
E 3203 1 2 20
E 3203 6 -2 -20
T 3204 26 0 4 0
E 3204 0 3 30
E 3204 1 2 22
E 3204 2 1 14
E 3204 6 -2 -18
T 3205 28 0 4 0
E 3205 0 3 33
E 3205 1 2 25
E 3205 2 1 17
E 3205 6 -1 -15
T 3206 25 0 4 0
E 3206 0 2 26
E 3206 1 2 18
E 3206 5 -1 -14
E 3206 6 -2 -22
T 3207 23 1 4 0
E 3207 0 2 23
E 3207 1 1 15
E 3207 5 -1 -17
E 3207 6 -2 -25
T 3208 24 1 4 0
E 3208 0 2 24
E 3208 1 1 16
E 3208 5 -1 -16
E 3208 6 -2 -24
T 3209 26 0 4 0
E 3209 0 3 31
E 3209 1 2 23
E 3209 2 1 15
E 3209 6 -1 -17
T 3210 23 1 4 0
E 3210 0 2 23
E 3210 1 1 15
E 3210 5 -1 -17
E 3210 6 -2 -25
T 3211 25 0 4 0
E 3211 0 3 29
E 3211 1 2 21
E 3211 2 1 13
E 3211 6 -2 -19
T 3212 26 0 4 0
E 3212 0 3 30
E 3212 1 2 22
E 3212 2 1 14
E 3212 6 -2 -18
T 3213 23 1 4 0
E 3213 0 2 23
E 3213 1 1 15
E 3213 5 -1 -17
E 3213 6 -2 -25
T 3214 25 0 4 0
E 3214 0 3 27
E 3214 1 2 19
E 3214 5 -1 -13
E 3214 6 -2 -21
T 3215 27 0 4 0
E 3215 0 3 32
E 3215 1 2 24
E 3215 2 1 16
E 3215 6 -1 -16
T 3216 25 0 4 0
E 3216 0 3 27
E 3216 1 2 19
E 3216 5 -1 -13
E 3216 6 -2 -21
T 3217 22 0 4 0
E 3217 0 2 23
E 3217 1 2 18
E 3217 5 -1 -14
E 3217 6 -2 -22
T 3218 19 0 3 0
E 3218 0 1 15
E 3218 5 -2 -20
E 3218 6 -3 -28
T 3219 18 0 4 0
E 3219 0 1 17
E 3219 1 1 17
E 3219 5 -1 -15
E 3219 6 -2 -23
T 3220 14 0 4 0
E 3220 0 1 13
E 3220 1 1 16
E 3220 5 -1 -16
E 3220 6 -2 -24
T 3221 14 0 3 0
E 3221 1 1 17
E 3221 5 -1 -15
E 3221 6 -2 -23
T 3222 13 0 2 0
E 3222 1 2 17
E 3222 6 -3 -20
T 3223 11 1 3 0
E 3223 1 1 16
E 3223 2 1 13
E 3223 6 -2 -19
T 3224 10 0 3 0
E 3224 0 1 15
E 3224 1 2 20
E 3224 2 2 20
T 3225 9 0 3 0
E 3225 1 1 16
E 3225 2 2 19
E 3225 6 -1 -13
T 3226 8 0 3 0
E 3226 1 1 17
E 3226 2 2 22
E 3226 3 1 14
T 3227 2 0 1 0
E 3227 2 5 17
T 3228 4 1 2 0
E 3228 2 2 14
E 3228 6 -2 -13
T 3229 1 0 2 0
E 3229 2 2 13
E 3229 3 2 13
T 3230 1 0 2 0
E 3230 2 2 13
E 3230 3 2 16
T 3231 6 0 1 0
E 3231 3 4 13
T 3232 3 0 0 0
T 3233 6 0 1 0
E 3233 3 4 13
T 3234 10 0 0 0
T 3235 12 0 0 0
T 3236 10 0 1 0
E 3236 0 -5 -15
T 3237 9 0 1 0
E 3237 0 -4 -13
T 3238 8 0 0 0
T 3239 10 0 1 0
E 3239 0 -4 -14
T 3240 10 0 1 0
E 3240 0 -4 -14
T 3241 12 0 1 0
E 3241 0 -5 -17
T 3242 13 0 2 0
E 3242 0 -3 -18
E 3242 1 -2 -13
T 3243 12 0 1 0
E 3243 0 -5 -17
T 3244 12 0 1 0
E 3244 0 -5 -17
T 3245 12 0 1 0
E 3245 0 -5 -17
T 3246 15 0 2 0
E 3246 5 2 15
E 3246 6 3 20
T 3247 15 0 2 0
E 3247 0 -3 -20
E 3247 1 -2 -15
T 3248 14 1 2 0
E 3248 0 -2 -14
E 3248 6 2 16
T 3249 15 1 2 0
E 3249 0 -2 -15
E 3249 6 2 15
T 3250 16 0 2 0
E 3250 0 -3 -21
E 3250 1 -2 -16
T 3251 17 0 2 0
E 3251 0 -3 -22
E 3251 1 -2 -17
T 3252 19 0 3 0
E 3252 0 -2 -24
E 3252 1 -2 -19
E 3252 2 -1 -14
T 3253 20 0 3 0
E 3253 0 -2 -25
E 3253 1 -2 -20
E 3253 2 -1 -15
T 3254 16 0 2 0
E 3254 0 -3 -21
E 3254 1 -2 -16
T 3255 14 0 2 0
E 3255 0 -3 -19
E 3255 1 -2 -14
T 3256 14 0 2 0
E 3256 0 -3 -19
E 3256 1 -2 -14
T 3257 17 0 2 0
E 3257 5 2 13
E 3257 6 3 18
T 3258 15 1 2 0
E 3258 0 -2 -15
E 3258 6 2 15
T 3259 13 0 2 0
E 3259 0 -3 -18
E 3259 1 -2 -13
T 3260 14 0 2 0
E 3260 0 -3 -19
E 3260 1 -2 -14
T 3261 15 0 2 0
E 3261 0 -3 -20
E 3261 1 -2 -15
T 3262 16 1 2 0
E 3262 0 -2 -16
E 3262 6 2 14
T 3263 15 0 2 0
E 3263 0 -3 -20
E 3263 1 -2 -15
T 3264 16 0 2 0
E 3264 0 -3 -21
E 3264 1 -2 -16
T 3265 16 0 2 0
E 3265 5 2 14
E 3265 6 3 19
T 3266 16 1 2 0
E 3266 0 -2 -16
E 3266 6 2 15
T 3267 17 0 2 0
E 3267 0 -3 -22
E 3267 1 -2 -16
T 3268 18 0 2 0
E 3268 0 -3 -19
E 3268 6 2 13
T 3269 16 0 3 0
E 3269 0 -1 -14
E 3269 5 1 14
E 3269 6 2 19
T 3270 18 0 2 0
E 3270 0 -3 -23
E 3270 1 -2 -15
T 3271 19 0 2 0
E 3271 0 -4 -26
E 3271 1 -3 -18
T 3272 19 0 3 0
E 3272 0 -2 -21
E 3272 1 -1 -13
E 3272 6 1 13
T 3273 19 0 2 0
E 3273 0 -4 -25
E 3273 1 -2 -17
T 3274 18 0 3 0
E 3274 0 -1 -16
E 3274 5 1 15
E 3274 6 2 20
T 3275 19 0 2 0
E 3275 0 -4 -25
E 3275 1 -2 -17
T 3276 18 0 3 0
E 3276 0 -1 -16
E 3276 5 1 16
E 3276 6 2 21
T 3277 22 0 3 0
E 3277 0 -2 -24
E 3277 1 -1 -16
E 3277 6 1 13
T 3278 21 0 3 0
E 3278 0 -2 -23
E 3278 1 -1 -15
E 3278 6 1 15
T 3279 23 0 3 0
E 3279 0 -2 -25
E 3279 1 -1 -17
E 3279 6 1 14
T 3280 21 0 3 0
E 3280 0 -2 -23
E 3280 1 -1 -15
E 3280 6 1 16
T 3281 21 1 4 0
E 3281 0 -2 -21
E 3281 1 -1 -13
E 3281 5 1 14
E 3281 6 2 19
T 3282 21 0 2 0
E 3282 0 -4 -28
E 3282 1 -3 -20
T 3283 22 0 3 0
E 3283 0 -2 -24
E 3283 1 -1 -16
E 3283 6 1 17
T 3284 21 0 4 0
E 3284 0 -2 -18
E 3284 4 1 14
E 3284 5 2 19
E 3284 6 2 24
T 3285 22 1 4 0
E 3285 0 -2 -22
E 3285 1 -1 -14
E 3285 5 1 15
E 3285 6 2 20
T 3286 22 1 4 0
E 3286 0 -2 -22
E 3286 1 -1 -14
E 3286 5 1 16
E 3286 6 2 21
T 3287 21 1 4 0
E 3287 0 -2 -21
E 3287 1 -1 -13
E 3287 5 1 17
E 3287 6 2 22
T 3288 24 0 3 0
E 3288 0 -3 -28
E 3288 1 -2 -20
E 3288 6 1 16
T 3289 25 0 4 0
E 3289 0 -2 -26
E 3289 1 -2 -18
E 3289 5 1 14
E 3289 6 2 19
T 3290 25 1 4 0
E 3290 0 -2 -25
E 3290 1 -1 -17
E 3290 5 1 15
E 3290 6 2 20
T 3291 23 0 4 0
E 3291 0 -2 -22
E 3291 1 -1 -14
E 3291 5 2 18
E 3291 6 2 24
T 3292 22 0 3 0
E 3292 0 -2 -20
E 3292 5 2 20
E 3292 6 2 26
T 3293 24 1 4 0
E 3293 0 -2 -24
E 3293 1 -1 -16
E 3293 5 1 16
E 3293 6 2 23
T 3294 26 0 4 0
E 3294 0 -3 -30
E 3294 1 -2 -22
E 3294 2 -1 -14
E 3294 6 2 18
T 3295 25 0 3 0
E 3295 0 -3 -28
E 3295 1 -2 -20
E 3295 6 2 20
T 3296 28 0 4 0
E 3296 0 -3 -33
E 3296 1 -2 -25
E 3296 2 -1 -17
E 3296 6 1 15
T 3297 26 0 4 0
E 3297 0 -3 -30
E 3297 1 -2 -22
E 3297 2 -1 -14
E 3297 6 2 18
T 3298 23 1 4 0
E 3298 0 -2 -23
E 3298 1 -1 -15
E 3298 5 1 17
E 3298 6 2 25
T 3299 25 0 4 0
E 3299 0 -3 -29
E 3299 1 -2 -21
E 3299 2 -1 -13
E 3299 6 2 19
T 3300 27 0 4 0
E 3300 0 -3 -32
E 3300 1 -2 -24
E 3300 2 -1 -16
E 3300 6 1 16
T 3301 25 0 3 0
E 3301 0 -3 -28
E 3301 1 -2 -20
E 3301 6 2 20
T 3302 25 0 4 0
E 3302 0 -3 -27
E 3302 1 -2 -19
E 3302 5 1 13
E 3302 6 2 21
T 3303 25 1 4 0
E 3303 0 -2 -25
E 3303 1 -1 -17
E 3303 5 1 15
E 3303 6 2 23
T 3304 26 0 4 0
E 3304 0 -3 -30
E 3304 1 -2 -22
E 3304 2 -1 -14
E 3304 6 2 18
T 3305 23 1 4 0
E 3305 0 -2 -23
E 3305 1 -1 -15
E 3305 5 1 17
E 3305 6 2 25
T 3306 23 0 4 0
E 3306 0 -2 -21
E 3306 1 -1 -13
E 3306 5 2 19
E 3306 6 3 27
T 3307 23 0 4 0
E 3307 0 -2 -19
E 3307 4 1 13
E 3307 5 2 21
E 3307 6 3 29
T 3308 25 1 4 0
E 3308 0 -2 -25
E 3308 1 -1 -17
E 3308 5 1 15
E 3308 6 2 23
T 3309 24 1 4 0
E 3309 0 -2 -24
E 3309 1 -1 -16
E 3309 5 1 16
E 3309 6 2 24
T 3310 23 0 4 0
E 3310 0 -2 -19
E 3310 4 1 13
E 3310 5 2 21
E 3310 6 3 29
T 3311 25 0 3 0
E 3311 0 -3 -28
E 3311 1 -2 -20
E 3311 6 2 20
T 3312 26 0 4 0
E 3312 0 -3 -30
E 3312 1 -2 -22
E 3312 2 -1 -14
E 3312 6 2 18
T 3313 25 0 4 0
E 3313 0 -3 -27
E 3313 1 -2 -19
E 3313 5 1 13
E 3313 6 2 21
T 3314 25 0 4 0
E 3314 0 -3 -27
E 3314 1 -2 -19
E 3314 5 1 13
E 3314 6 2 21
T 3315 25 1 4 0
E 3315 0 -2 -25
E 3315 1 -1 -17
E 3315 5 1 15
E 3315 6 2 23
T 3316 26 0 4 0
E 3316 0 -3 -30
E 3316 1 -2 -22
E 3316 2 -1 -14
E 3316 6 2 18
T 3317 23 0 4 0
E 3317 0 -2 -22
E 3317 1 -1 -14
E 3317 5 2 18
E 3317 6 2 26
T 3318 25 0 4 0
E 3318 0 -3 -29
E 3318 1 -2 -21
E 3318 2 -1 -13
E 3318 6 2 19
T 3319 27 0 4 0
E 3319 0 -3 -32
E 3319 1 -2 -24
E 3319 2 -1 -16
E 3319 6 1 16
T 3320 27 0 4 0
E 3320 0 -3 -32
E 3320 1 -2 -24
E 3320 2 -1 -16
E 3320 6 1 16
T 3321 26 0 4 0
E 3321 0 -3 -31
E 3321 1 -2 -23
E 3321 2 -1 -15
E 3321 6 1 17
T 3322 23 0 4 0
E 3322 0 -2 -21
E 3322 1 -1 -13
E 3322 5 2 19
E 3322 6 3 27
T 3323 25 1 4 0
E 3323 0 -2 -25
E 3323 1 -1 -17
E 3323 5 1 15
E 3323 6 2 23
T 3324 25 0 4 0
E 3324 0 -3 -29
E 3324 1 -2 -21
E 3324 2 -1 -13
E 3324 6 2 19
T 3325 23 0 4 0
E 3325 0 -2 -22
E 3325 1 -1 -14
E 3325 5 2 18
E 3325 6 2 26
T 3326 23 0 4 0
E 3326 0 -2 -19
E 3326 4 1 13
E 3326 5 2 21
E 3326 6 3 29
T 3327 24 1 4 0
E 3327 0 -2 -24
E 3327 1 -1 -16
E 3327 5 1 16
E 3327 6 2 24
T 3328 23 0 3 0
E 3328 0 -2 -20
E 3328 5 2 20
E 3328 6 3 28
T 3329 25 0 3 0
E 3329 0 -3 -28
E 3329 1 -2 -20
E 3329 6 2 20
T 3330 23 0 4 0
E 3330 0 -2 -22
E 3330 1 -1 -14
E 3330 5 2 18
E 3330 6 2 26
T 3331 23 0 4 0
E 3331 0 -2 -19
E 3331 4 1 13
E 3331 5 2 21
E 3331 6 3 29
T 3332 23 0 4 0
E 3332 0 -2 -19
E 3332 4 1 13
E 3332 5 2 21
E 3332 6 3 29
T 3333 23 0 4 0
E 3333 0 -2 -21
E 3333 1 -1 -13
E 3333 5 2 19
E 3333 6 3 27
T 3334 25 0 4 0
E 3334 0 -2 -26
E 3334 1 -2 -18
E 3334 5 1 14
E 3334 6 2 22
T 3335 25 0 4 0
E 3335 0 -3 -27
E 3335 1 -2 -19
E 3335 5 1 13
E 3335 6 2 21
T 3336 25 0 4 0
E 3336 0 -2 -26
E 3336 1 -2 -18
E 3336 5 1 14
E 3336 6 2 22
T 3337 23 0 4 0
E 3337 0 -2 -21
E 3337 1 -1 -13
E 3337 5 2 19
E 3337 6 3 27
T 3338 24 1 4 0
E 3338 0 -2 -24
E 3338 1 -1 -16
E 3338 5 1 16
E 3338 6 2 24
T 3339 24 1 4 0
E 3339 0 -2 -24
E 3339 1 -1 -16
E 3339 5 1 16
E 3339 6 2 24
T 3340 23 0 4 0
E 3340 0 -2 -21
E 3340 1 -1 -13
E 3340 5 2 19
E 3340 6 3 27
T 3341 23 0 4 0
E 3341 0 -2 -22
E 3341 1 -1 -14
E 3341 5 2 18
E 3341 6 2 26
T 3342 23 1 4 0
E 3342 0 -2 -23
E 3342 1 -1 -15
E 3342 5 1 17
E 3342 6 2 25
T 3343 26 0 4 0
E 3343 0 -3 -30
E 3343 1 -2 -22
E 3343 2 -1 -14
E 3343 6 2 18
T 3344 23 1 4 0
E 3344 0 -2 -23
E 3344 1 -1 -15
E 3344 5 1 17
E 3344 6 2 25
T 3345 25 0 3 0
E 3345 0 -3 -28
E 3345 1 -2 -20
E 3345 6 2 20
T 3346 25 0 4 0
E 3346 0 -3 -29
E 3346 1 -2 -21
E 3346 2 -1 -13
E 3346 6 2 19
T 3347 25 0 4 0
E 3347 0 -3 -27
E 3347 1 -2 -19
E 3347 5 1 13
E 3347 6 2 21
T 3348 25 0 4 0
E 3348 0 -3 -29
E 3348 1 -2 -21
E 3348 2 -1 -13
E 3348 6 2 19
T 3349 28 0 4 0
E 3349 0 -3 -33
E 3349 1 -2 -25
E 3349 2 -1 -17
E 3349 6 1 15
T 3350 25 0 4 0
E 3350 0 -3 -27
E 3350 1 -2 -19
E 3350 5 1 13
E 3350 6 2 21
T 3351 23 0 4 0
E 3351 0 -2 -22
E 3351 1 -1 -14
E 3351 5 2 18
E 3351 6 2 26
T 3352 24 1 4 0
E 3352 0 -2 -24
E 3352 1 -1 -16
E 3352 5 1 16
E 3352 6 2 24
T 3353 23 1 4 0
E 3353 0 -2 -23
E 3353 1 -1 -15
E 3353 5 1 17
E 3353 6 2 25
T 3354 25 1 4 0
E 3354 0 -2 -25
E 3354 1 -1 -17
E 3354 5 1 15
E 3354 6 2 23
T 3355 26 0 4 0
E 3355 0 -3 -30
E 3355 1 -2 -22
E 3355 2 -1 -14
E 3355 6 2 18
T 3356 25 1 4 0
E 3356 0 -2 -25
E 3356 1 -1 -17
E 3356 5 1 15
E 3356 6 2 23
T 3357 24 1 4 0
E 3357 0 -2 -24
E 3357 1 -1 -16
E 3357 5 1 16
E 3357 6 2 24
T 3358 24 1 4 0
E 3358 0 -2 -24
E 3358 1 -1 -16
E 3358 5 1 16
E 3358 6 2 24
T 3359 25 0 4 0
E 3359 0 -3 -29
E 3359 1 -2 -21
E 3359 2 -1 -13
E 3359 6 2 19
T 3360 19 0 4 0
E 3360 0 2 23
E 3360 1 -1 -17
E 3360 5 1 15
E 3360 6 2 23
T 3361 19 1 4 0
E 3361 0 2 19
E 3361 1 -2 -24
E 3361 2 -1 -16
E 3361 6 1 16
T 3362 22 1 4 0
E 3362 0 2 22
E 3362 1 -2 -24
E 3362 2 -1 -16
E 3362 6 1 16
T 3363 22 0 4 0
E 3363 0 1 17
E 3363 1 -3 -32
E 3363 2 -2 -24
E 3363 3 -1 -16
T 3364 28 0 3 0
E 3364 0 2 25
E 3364 1 -3 -28
E 3364 2 -2 -20
T 3365 28 0 4 0
E 3365 0 3 33
E 3365 1 2 25
E 3365 2 -1 -15
E 3365 6 1 17
T 3366 25 0 4 0
E 3366 0 3 27
E 3366 1 2 19
E 3366 2 -2 -24
E 3366 3 -1 -16
T 3367 30 0 4 0
E 3367 0 3 32
E 3367 1 2 24
E 3367 2 -2 -22
E 3367 3 -1 -14
T 3368 29 1 4 0
E 3368 0 3 29
E 3368 1 2 21
E 3368 2 -3 -28
E 3368 3 -2 -20
T 3369 32 0 5 0
E 3369 0 3 31
E 3369 1 2 23
E 3369 2 -3 -30
E 3369 3 -2 -22
E 3369 4 -1 -14
T 3370 28 1 4 0
E 3370 0 3 28
E 3370 1 2 20
E 3370 3 -3 -28
E 3370 4 -2 -20
T 3371 30 0 5 0
E 3371 0 3 34
E 3371 1 2 26
E 3371 2 2 18
E 3371 3 -2 -25
E 3371 4 -1 -17
T 3372 30 0 5 0
E 3372 0 3 28
E 3372 1 2 20
E 3372 3 -3 -34
E 3372 4 -2 -26
E 3372 5 -2 -18
T 3373 32 0 6 0
E 3373 0 3 31
E 3373 1 2 23
E 3373 2 1 15
E 3373 3 -3 -34
E 3373 4 -2 -26
E 3373 5 -2 -18
T 3374 37 0 6 0
E 3374 0 4 40
E 3374 1 3 32
E 3374 2 2 24
E 3374 3 -3 -29
E 3374 4 -2 -21
E 3374 5 -1 -13
T 3375 33 0 5 0
E 3375 0 5 45
E 3375 1 4 37
E 3375 2 3 29
E 3375 3 2 21
E 3375 4 -2 -19
T 3376 33 0 6 0
E 3376 0 3 30
E 3376 1 2 22
E 3376 2 1 14
E 3376 4 -4 -37
E 3376 5 -3 -29
E 3376 6 -2 -21
T 3377 35 0 7 0
E 3377 0 4 39
E 3377 1 3 31
E 3377 2 2 23
E 3377 3 1 15
E 3377 4 -3 -31
E 3377 5 -2 -23
E 3377 6 -1 -15
T 3378 37 0 7 0
E 3378 0 4 41
E 3378 1 3 33
E 3378 2 2 25
E 3378 3 1 17
E 3378 4 -3 -32
E 3378 5 -2 -24
E 3378 6 -1 -16
T 3379 36 0 7 0
E 3379 0 4 37
E 3379 1 3 29
E 3379 2 2 21
E 3379 3 1 13
E 3379 4 -4 -40
E 3379 5 -3 -32
E 3379 6 -2 -24
T 3380 34 1 5 0
E 3380 0 3 34
E 3380 1 2 26
E 3380 2 2 18
E 3380 5 -4 -38
E 3380 6 -3 -30
T 3381 34 0 5 0
E 3381 0 3 33
E 3381 1 2 25
E 3381 2 1 17
E 3381 5 -4 -42
E 3381 6 -3 -34
T 3382 37 0 6 0
E 3382 0 4 40
E 3382 1 3 32
E 3382 2 2 24
E 3382 3 1 16
E 3382 5 -4 -38
E 3382 6 -3 -30
T 3383 35 0 5 0
E 3383 0 3 32
E 3383 1 2 24
E 3383 2 1 16
E 3383 5 -5 -49
E 3383 6 -4 -41
T 3384 37 0 6 0
E 3384 0 4 38
E 3384 1 3 30
E 3384 2 2 22
E 3384 3 1 14
E 3384 5 -5 -47
E 3384 6 -4 -39
T 3385 35 0 5 0
E 3385 0 4 43
E 3385 1 3 35
E 3385 2 3 27
E 3385 3 2 19
E 3385 6 -4 -37
T 3386 32 0 4 0
E 3386 0 3 33
E 3386 1 2 25
E 3386 2 1 17
E 3386 6 -5 -50
T 3387 32 0 4 0
E 3387 0 3 34
E 3387 1 2 26
E 3387 2 2 18
E 3387 6 -5 -52
T 3388 33 0 5 0
E 3388 0 4 38
E 3388 1 3 30
E 3388 2 2 22
E 3388 3 1 14
E 3388 6 -5 -51
T 3389 31 0 4 0
E 3389 0 3 30
E 3389 1 2 22
E 3389 2 1 14
E 3389 6 -7 -63
T 3390 26 0 4 0
E 3390 0 3 31
E 3390 1 2 23
E 3390 2 1 15
E 3390 6 -1 -17
T 3391 23 0 4 0
E 3391 0 2 22
E 3391 1 1 14
E 3391 5 -2 -18
E 3391 6 -2 -26
T 3392 23 0 4 0
E 3392 0 2 22
E 3392 1 1 14
E 3392 5 -2 -18
E 3392 6 -2 -26
T 3393 23 0 3 0
E 3393 0 2 20
E 3393 5 -2 -20
E 3393 6 -3 -28
T 3394 23 1 4 0
E 3394 0 2 23
E 3394 1 1 15
E 3394 5 -1 -17
E 3394 6 -2 -25
T 3395 23 0 4 0
E 3395 0 2 19
E 3395 4 -1 -13
E 3395 5 -2 -21
E 3395 6 -3 -29
T 3396 25 1 4 0
E 3396 0 2 25
E 3396 1 1 17
E 3396 5 -1 -15
E 3396 6 -2 -23
T 3397 25 0 3 0
E 3397 0 3 28
E 3397 1 2 20
E 3397 6 -2 -20
T 3398 25 0 4 0
E 3398 0 3 29
E 3398 1 2 21
E 3398 2 1 13
E 3398 6 -2 -19
T 3399 25 0 4 0
E 3399 0 3 29
E 3399 1 2 21
E 3399 2 1 13
E 3399 6 -2 -19
T 3400 25 0 3 0
E 3400 0 3 28
E 3400 1 2 20
E 3400 6 -2 -20
T 3401 26 0 4 0
E 3401 0 3 31
E 3401 1 2 23
E 3401 2 1 15
E 3401 6 -1 -17
T 3402 25 0 3 0
E 3402 0 3 28
E 3402 1 2 20
E 3402 6 -2 -20
T 3403 25 0 4 0
E 3403 0 3 29
E 3403 1 2 21
E 3403 2 1 13
E 3403 6 -2 -19
T 3404 24 1 4 0
E 3404 0 2 24
E 3404 1 1 16
E 3404 5 -1 -16
E 3404 6 -2 -24
T 3405 27 0 4 0
E 3405 0 3 32
E 3405 1 2 24
E 3405 2 1 16
E 3405 6 -1 -16
T 3406 25 0 4 0
E 3406 0 3 29
E 3406 1 2 21
E 3406 2 1 13
E 3406 6 -2 -19
T 3407 28 0 4 0
E 3407 0 3 33
E 3407 1 2 25
E 3407 2 1 17
E 3407 6 -1 -15
T 3408 25 0 4 0
E 3408 0 3 27
E 3408 1 2 19
E 3408 5 -1 -13
E 3408 6 -2 -21
T 3409 27 0 4 0
E 3409 0 3 32
E 3409 1 2 24
E 3409 2 1 16
E 3409 6 -1 -16
T 3410 26 0 4 0
E 3410 0 3 30
E 3410 1 2 22
E 3410 2 1 14
E 3410 6 -2 -18
T 3411 27 0 4 0
E 3411 0 3 32
E 3411 1 2 24
E 3411 2 1 16
E 3411 6 -1 -16
T 3412 25 0 3 0
E 3412 0 3 28
E 3412 1 2 20
E 3412 6 -2 -20
T 3413 25 0 4 0
E 3413 0 2 26
E 3413 1 2 18
E 3413 5 -1 -14
E 3413 6 -2 -22
T 3414 28 0 4 0
E 3414 0 3 33
E 3414 1 2 25
E 3414 2 1 17
E 3414 6 -1 -15
T 3415 28 0 4 0
E 3415 0 3 35
E 3415 1 3 27
E 3415 2 2 19
E 3415 6 -1 -13
T 3416 23 1 4 0
E 3416 0 2 23
E 3416 1 1 15
E 3416 5 -1 -17
E 3416 6 -2 -25
T 3417 24 1 4 0
E 3417 0 2 24
E 3417 1 1 16
E 3417 5 -1 -16
E 3417 6 -2 -24
T 3418 25 0 4 0
E 3418 0 3 29
E 3418 1 2 21
E 3418 2 1 13
E 3418 6 -2 -19
T 3419 25 0 3 0
E 3419 0 3 28
E 3419 1 2 20
E 3419 6 -2 -20
T 3420 25 0 4 0
E 3420 0 3 27
E 3420 1 2 19
E 3420 5 -1 -13
E 3420 6 -2 -21
T 3421 23 0 3 0
E 3421 0 2 20
E 3421 5 -2 -20
E 3421 6 -3 -28
T 3422 26 0 4 0
E 3422 0 3 30
E 3422 1 2 22
E 3422 2 1 14
E 3422 6 -2 -18
T 3423 26 0 4 0
E 3423 0 3 31
E 3423 1 2 23
E 3423 2 1 15
E 3423 6 -1 -17
T 3424 23 1 4 0
E 3424 0 2 23
E 3424 1 1 15
E 3424 5 -1 -17
E 3424 6 -2 -25
T 3425 24 1 4 0
E 3425 0 2 24
E 3425 1 1 16
E 3425 5 -1 -16
E 3425 6 -2 -24
T 3426 23 0 4 0
E 3426 0 2 21
E 3426 1 1 13
E 3426 5 -2 -19
E 3426 6 -3 -27
T 3427 24 1 4 0
E 3427 0 2 24
E 3427 1 1 16
E 3427 5 -1 -16
E 3427 6 -2 -24
T 3428 25 0 4 0
E 3428 0 3 29
E 3428 1 2 21
E 3428 2 1 13
E 3428 6 -2 -19
T 3429 28 0 4 0
E 3429 0 3 33
E 3429 1 2 25
E 3429 2 1 17
E 3429 6 -1 -15
T 3430 25 0 3 0
E 3430 0 3 28
E 3430 1 2 20
E 3430 6 -2 -20
T 3431 25 0 4 0
E 3431 0 3 27
E 3431 1 2 19
E 3431 5 -1 -13
E 3431 6 -2 -21
T 3432 25 0 4 0
E 3432 0 2 26
E 3432 1 2 18
E 3432 5 -1 -14
E 3432 6 -2 -22
T 3433 25 0 4 0
E 3433 0 2 26
E 3433 1 2 18
E 3433 5 -1 -14
E 3433 6 -2 -22
T 3434 25 0 4 0
E 3434 0 2 26
E 3434 1 2 18
E 3434 5 -1 -14
E 3434 6 -2 -22
T 3435 27 0 4 0
E 3435 0 3 32
E 3435 1 2 24
E 3435 2 1 16
E 3435 6 -1 -16
T 3436 23 1 4 0
E 3436 0 2 23
E 3436 1 1 15
E 3436 5 -1 -17
E 3436 6 -2 -25
T 3437 23 0 4 0
E 3437 0 2 19
E 3437 4 -1 -13
E 3437 5 -2 -21
E 3437 6 -3 -29
T 3438 23 1 4 0
E 3438 0 2 23
E 3438 1 1 15
E 3438 5 -1 -17
E 3438 6 -2 -25
T 3439 23 0 4 0
E 3439 0 2 21
E 3439 1 1 13
E 3439 5 -2 -19
E 3439 6 -3 -27
T 3440 24 1 4 0
E 3440 0 2 24
E 3440 1 1 16
E 3440 5 -1 -16
E 3440 6 -2 -24
T 3441 26 0 4 0
E 3441 0 3 31
E 3441 1 2 23
E 3441 2 1 15
E 3441 6 -1 -17
T 3442 25 0 3 0
E 3442 0 3 28
E 3442 1 2 20
E 3442 6 -2 -20
T 3443 25 0 4 0
E 3443 0 3 29
E 3443 1 2 21
E 3443 2 1 13
E 3443 6 -2 -19
T 3444 26 0 4 0
E 3444 0 3 30
E 3444 1 2 22
E 3444 2 1 14
E 3444 6 -2 -18
T 3445 28 0 4 0
E 3445 0 3 34
E 3445 1 2 26
E 3445 2 2 18
E 3445 6 -1 -14
T 3446 26 0 4 0
E 3446 0 3 31
E 3446 1 2 23
E 3446 2 1 15
E 3446 6 -1 -17
T 3447 25 0 4 0
E 3447 0 2 26
E 3447 1 2 18
E 3447 5 -1 -14
E 3447 6 -2 -22
T 3448 26 0 4 0
E 3448 0 3 30
E 3448 1 2 22
E 3448 2 1 14
E 3448 6 -2 -18
T 3449 28 0 4 0
E 3449 0 3 34
E 3449 1 2 26
E 3449 2 2 18
E 3449 6 -1 -14
T 3450 27 0 4 0
E 3450 0 3 32
E 3450 1 2 24
E 3450 2 1 16
E 3450 6 -1 -16
T 3451 23 1 4 0
E 3451 0 2 23
E 3451 1 1 15
E 3451 5 -1 -17
E 3451 6 -2 -25
T 3452 23 1 4 0
E 3452 0 2 23
E 3452 1 1 15
E 3452 5 -1 -17
E 3452 6 -2 -25
T 3453 25 0 4 0
E 3453 0 3 29
E 3453 1 2 21
E 3453 2 1 13
E 3453 6 -2 -19
T 3454 23 0 4 0
E 3454 0 2 22
E 3454 1 1 14
E 3454 5 -2 -18
E 3454 6 -2 -26
T 3455 23 0 4 0
E 3455 0 2 19
E 3455 4 -1 -13
E 3455 5 -2 -21
E 3455 6 -3 -29
T 3456 23 0 3 0
E 3456 0 2 20
E 3456 5 -2 -20
E 3456 6 -3 -28
T 3457 22 1 4 0
E 3457 0 2 22
E 3457 1 1 17
E 3457 5 -1 -15
E 3457 6 -2 -23
T 3458 22 0 4 0
E 3458 0 2 26
E 3458 1 2 23
E 3458 2 1 15
E 3458 6 -1 -17
T 3459 17 0 4 0
E 3459 0 1 16
E 3459 1 1 16
E 3459 5 -1 -16
E 3459 6 -2 -24
T 3460 16 0 4 0
E 3460 0 2 19
E 3460 1 2 22
E 3460 2 1 14
E 3460 6 -2 -18
T 3461 13 1 4 0
E 3461 0 1 13
E 3461 1 2 18
E 3461 5 -1 -14
E 3461 6 -2 -22
T 3462 13 0 2 0
E 3462 1 2 17
E 3462 6 -3 -20
T 3463 11 0 3 0
E 3463 1 1 14
E 3463 5 -1 -13
E 3463 6 -2 -21
T 3464 13 0 1 0
E 3464 6 -6 -20
T 3465 7 0 2 0
E 3465 1 2 17
E 3465 2 3 20
T 3466 7 0 3 0
E 3466 1 1 14
E 3466 2 2 19
E 3466 6 -1 -13
T 3467 4 1 2 0
E 3467 2 2 14
E 3467 6 -2 -15
T 3468 4 1 2 0
E 3468 2 2 14
E 3468 6 -2 -13
T 3469 3 0 1 0
E 3469 6 -5 -16
T 3470 0 0 2 0
E 3470 2 2 15
E 3470 3 3 18
T 3471 1 0 1 0
E 3471 6 -5 -15
T 3472 4 0 0 0
T 3473 8 0 0 0
T 3474 6 0 0 0
T 3475 8 0 1 0
E 3475 4 4 14
T 3476 8 0 0 0
T 3477 10 0 1 0
E 3477 4 5 15
T 3478 9 0 1 0
E 3478 0 -4 -13
T 3479 10 0 1 0
E 3479 0 -4 -14
T 3480 13 0 1 0
E 3480 5 4 14
T 3481 13 0 2 0
E 3481 0 -3 -18
E 3481 1 -2 -13
T 3482 14 0 2 0
E 3482 0 -3 -19
E 3482 1 -2 -14
T 3483 11 0 1 0
E 3483 0 -5 -16
T 3484 16 0 2 0
E 3484 5 2 13
E 3484 6 2 13
T 3485 13 0 2 0
E 3485 0 -3 -18
E 3485 1 -2 -13
T 3486 13 0 2 0
E 3486 5 2 17
E 3486 6 3 22
T 3487 14 0 2 0
E 3487 5 2 16
E 3487 6 3 21
T 3488 15 0 2 0
E 3488 0 -3 -20
E 3488 1 -2 -15
T 3489 16 1 2 0
E 3489 0 -2 -16
E 3489 6 2 14
T 3490 13 1 2 0
E 3490 0 -2 -13
E 3490 6 2 17
T 3491 16 0 2 0
E 3491 5 2 14
E 3491 6 3 19
T 3492 15 1 2 0
E 3492 0 -2 -15
E 3492 6 2 15
T 3493 15 0 2 0
E 3493 5 2 15
E 3493 6 3 20
T 3494 17 1 2 0
E 3494 0 -2 -17
E 3494 6 2 13
T 3495 15 1 2 0
E 3495 0 -2 -15
E 3495 6 2 15
T 3496 17 0 2 0
E 3496 5 2 13
E 3496 6 3 18
T 3497 14 0 2 0
E 3497 0 -3 -19
E 3497 1 -2 -14
T 3498 13 1 2 0
E 3498 0 -2 -13
E 3498 6 2 17
T 3499 14 0 2 0
E 3499 0 -3 -19
E 3499 1 -2 -14
T 3500 14 1 2 0
E 3500 0 -2 -14
E 3500 6 2 16
T 3501 16 0 2 0
E 3501 5 2 14
E 3501 6 3 19
T 3502 16 0 2 0
E 3502 5 2 14
E 3502 6 3 19
T 3503 16 0 2 0
E 3503 5 2 14
E 3503 6 3 19
T 3504 17 0 2 0
E 3504 5 2 13
E 3504 6 3 18
T 3505 17 1 2 0
E 3505 0 -2 -17
E 3505 6 2 13
T 3506 15 1 2 0
E 3506 0 -2 -15
E 3506 6 2 16
T 3507 17 1 2 0
E 3507 0 -2 -17
E 3507 6 2 14
T 3508 18 0 2 0
E 3508 0 -3 -23
E 3508 1 -2 -16
T 3509 17 1 2 0
E 3509 0 -2 -17
E 3509 6 2 16
T 3510 16 1 2 0
E 3510 0 -2 -16
E 3510 6 2 17
T 3511 19 0 2 0
E 3511 0 -3 -20
E 3511 6 2 14
T 3512 17 1 2 0
E 3512 0 -2 -17
E 3512 6 2 17
T 3513 17 0 2 0
E 3513 0 -3 -18
E 3513 6 2 17
T 3514 21 0 3 0
E 3514 0 -2 -23
E 3514 1 -1 -15
E 3514 6 1 13
T 3515 19 0 2 0
E 3515 0 -4 -26
E 3515 1 -3 -18
T 3516 19 0 2 0
E 3516 0 -3 -20
E 3516 6 2 17
T 3517 19 0 2 0
E 3517 0 -4 -26
E 3517 1 -3 -18
T 3518 20 0 3 0
E 3518 0 -2 -22
E 3518 1 -1 -14
E 3518 6 1 16
T 3519 19 0 3 0
E 3519 0 -1 -17
E 3519 5 1 17
E 3519 6 2 22
T 3520 19 0 3 0
E 3520 0 -2 -18
E 3520 5 1 16
E 3520 6 2 21
T 3521 23 0 3 0
E 3521 0 -3 -27
E 3521 1 -2 -19
E 3521 6 1 13
T 3522 21 0 3 0
E 3522 0 -2 -20
E 3522 5 1 15
E 3522 6 2 20
T 3523 23 0 3 0
E 3523 0 -3 -29
E 3523 1 -2 -21
E 3523 2 -1 -13
T 3524 22 1 4 0
E 3524 0 -2 -22
E 3524 1 -1 -14
E 3524 5 1 15
E 3524 6 2 20
T 3525 22 0 4 0
E 3525 0 -2 -19
E 3525 4 1 13
E 3525 5 2 18
E 3525 6 2 23
T 3526 25 0 4 0
E 3526 0 -3 -30
E 3526 1 -2 -22
E 3526 2 -1 -14
E 3526 6 1 13
T 3527 23 1 4 0
E 3527 0 -2 -23
E 3527 1 -1 -15
E 3527 5 1 15
E 3527 6 2 20
T 3528 25 0 4 0
E 3528 0 -2 -26
E 3528 1 -2 -18
E 3528 5 1 13
E 3528 6 2 18
T 3529 25 1 4 0
E 3529 0 -2 -25
E 3529 1 -1 -17
E 3529 5 1 15
E 3529 6 2 20
T 3530 25 1 4 0
E 3530 0 -2 -25
E 3530 1 -1 -17
E 3530 5 1 15
E 3530 6 2 20
T 3531 24 0 4 0
E 3531 0 -3 -29
E 3531 1 -2 -21
E 3531 2 -1 -13
E 3531 6 1 17
T 3532 23 1 4 0
E 3532 0 -2 -23
E 3532 1 -1 -15
E 3532 5 1 17
E 3532 6 2 23
T 3533 25 0 4 0
E 3533 0 -2 -26
E 3533 1 -2 -18
E 3533 5 1 14
E 3533 6 2 21
T 3534 23 0 4 0
E 3534 0 -2 -21
E 3534 1 -1 -13
E 3534 5 2 19
E 3534 6 3 27
T 3535 25 0 4 0
E 3535 0 -2 -26
E 3535 1 -2 -18
E 3535 5 1 14
E 3535 6 2 22
T 3536 25 0 4 0
E 3536 0 -3 -27
E 3536 1 -2 -19
E 3536 5 1 13
E 3536 6 2 21
T 3537 25 0 3 0
E 3537 0 -3 -28
E 3537 1 -2 -20
E 3537 6 2 20
T 3538 25 0 4 0
E 3538 0 -2 -26
E 3538 1 -2 -18
E 3538 5 1 14
E 3538 6 2 22
T 3539 23 0 4 0
E 3539 0 -2 -21
E 3539 1 -1 -13
E 3539 5 2 19
E 3539 6 3 27
T 3540 25 1 4 0
E 3540 0 -2 -25
E 3540 1 -1 -17
E 3540 5 1 15
E 3540 6 2 23
T 3541 25 0 4 0
E 3541 0 -2 -26
E 3541 1 -2 -18
E 3541 5 1 14
E 3541 6 2 22
T 3542 25 0 4 0
E 3542 0 -2 -26
E 3542 1 -2 -18
E 3542 5 1 14
E 3542 6 2 22
T 3543 25 0 3 0
E 3543 0 -3 -28
E 3543 1 -2 -20
E 3543 6 2 20
T 3544 26 0 4 0
E 3544 0 -3 -31
E 3544 1 -2 -23
E 3544 2 -1 -15
E 3544 6 1 17
T 3545 27 0 4 0
E 3545 0 -3 -32
E 3545 1 -2 -24
E 3545 2 -1 -16
E 3545 6 1 16
T 3546 25 1 4 0
E 3546 0 -2 -25
E 3546 1 -1 -17
E 3546 5 1 15
E 3546 6 2 23
T 3547 23 1 4 0
E 3547 0 -2 -23
E 3547 1 -1 -15
E 3547 5 1 17
E 3547 6 2 25
T 3548 25 0 4 0
E 3548 0 -3 -29
E 3548 1 -2 -21
E 3548 2 -1 -13
E 3548 6 2 19
T 3549 23 0 4 0
E 3549 0 -2 -22
E 3549 1 -1 -14
E 3549 5 2 18
E 3549 6 2 26
T 3550 26 0 4 0
E 3550 0 -3 -30
E 3550 1 -2 -22
E 3550 2 -1 -14
E 3550 6 2 18
T 3551 26 0 4 0
E 3551 0 -3 -31
E 3551 1 -2 -23
E 3551 2 -1 -15
E 3551 6 1 17
T 3552 27 0 4 0
E 3552 0 -3 -32
E 3552 1 -2 -24
E 3552 2 -1 -16
E 3552 6 1 16
T 3553 27 0 4 0
E 3553 0 -3 -32
E 3553 1 -2 -24
E 3553 2 -1 -16
E 3553 6 1 16
T 3554 24 1 4 0
E 3554 0 -2 -24
E 3554 1 -1 -16
E 3554 5 1 16
E 3554 6 2 24
T 3555 26 0 4 0
E 3555 0 -3 -30
E 3555 1 -2 -22
E 3555 2 -1 -14
E 3555 6 2 18
T 3556 28 0 4 0
E 3556 0 -3 -33
E 3556 1 -2 -25
E 3556 2 -1 -17
E 3556 6 1 15
T 3557 26 0 4 0
E 3557 0 -3 -31
E 3557 1 -2 -23
E 3557 2 -1 -15
E 3557 6 1 17
T 3558 25 0 3 0
E 3558 0 -3 -28
E 3558 1 -2 -20
E 3558 6 2 20
T 3559 26 0 4 0
E 3559 0 -3 -30
E 3559 1 -2 -22
E 3559 2 -1 -14
E 3559 6 2 18
T 3560 23 0 4 0
E 3560 0 -2 -22
E 3560 1 -1 -14
E 3560 5 2 18
E 3560 6 2 26
T 3561 23 0 4 0
E 3561 0 -2 -21
E 3561 1 -1 -13
E 3561 5 2 19
E 3561 6 3 27
T 3562 25 0 4 0
E 3562 0 -2 -26
E 3562 1 -2 -18
E 3562 5 1 14
E 3562 6 2 22
T 3563 26 0 4 0
E 3563 0 -3 -31
E 3563 1 -2 -23
E 3563 2 -1 -15
E 3563 6 1 17
T 3564 26 0 4 0
E 3564 0 -3 -31
E 3564 1 -2 -23
E 3564 2 -1 -15
E 3564 6 1 17
T 3565 25 0 4 0
E 3565 0 -3 -27
E 3565 1 -2 -19
E 3565 5 1 13
E 3565 6 2 21
T 3566 23 0 4 0
E 3566 0 -2 -21
E 3566 1 -1 -13
E 3566 5 2 19
E 3566 6 3 27
T 3567 24 1 4 0
E 3567 0 -2 -24
E 3567 1 -1 -16
E 3567 5 1 16
E 3567 6 2 24
T 3568 25 0 3 0
E 3568 0 -3 -28
E 3568 1 -2 -20
E 3568 6 2 20
T 3569 26 0 4 0
E 3569 0 -3 -30
E 3569 1 -2 -22
E 3569 2 -1 -14
E 3569 6 2 18
T 3570 26 0 4 0
E 3570 0 -3 -31
E 3570 1 -2 -23
E 3570 2 -1 -15
E 3570 6 1 17
T 3571 27 0 4 0
E 3571 0 -3 -32
E 3571 1 -2 -24
E 3571 2 -1 -16
E 3571 6 1 16
T 3572 25 0 3 0
E 3572 0 -3 -28
E 3572 1 -2 -20
E 3572 6 2 20
T 3573 27 0 4 0
E 3573 0 -3 -32
E 3573 1 -2 -24
E 3573 2 -1 -16
E 3573 6 1 16
T 3574 28 0 4 0
E 3574 0 -3 -34
E 3574 1 -2 -26
E 3574 2 -2 -18
E 3574 6 1 14
T 3575 23 1 4 0
E 3575 0 -2 -23
E 3575 1 -1 -15
E 3575 5 1 17
E 3575 6 2 25
T 3576 25 0 4 0
E 3576 0 -3 -27
E 3576 1 -2 -19
E 3576 5 1 13
E 3576 6 2 21
T 3577 25 0 4 0
E 3577 0 -2 -26
E 3577 1 -2 -18
E 3577 5 1 14
E 3577 6 2 22
T 3578 23 0 4 0
E 3578 0 -2 -22
E 3578 1 -1 -14
E 3578 5 2 18
E 3578 6 2 26
T 3579 25 0 4 0
E 3579 0 -3 -29
E 3579 1 -2 -21
E 3579 2 -1 -13
E 3579 6 2 19
T 3580 25 0 3 0
E 3580 0 -3 -28
E 3580 1 -2 -20
E 3580 6 2 20
T 3581 25 0 4 0
E 3581 0 -2 -26
E 3581 1 -2 -18
E 3581 5 1 14
E 3581 6 2 22
T 3582 23 0 4 0
E 3582 0 -2 -21
E 3582 1 -1 -13
E 3582 5 2 19
E 3582 6 3 27
T 3583 23 0 4 0
E 3583 0 -2 -22
E 3583 1 -1 -14
E 3583 5 2 18
E 3583 6 2 26
T 3584 23 0 4 0
E 3584 0 -2 -19
E 3584 4 1 13
E 3584 5 2 21
E 3584 6 3 29
T 3585 23 0 4 0
E 3585 0 -2 -19
E 3585 4 1 13
E 3585 5 2 21
E 3585 6 3 29
T 3586 26 0 4 0
E 3586 0 -3 -31
E 3586 1 -2 -23
E 3586 2 -1 -15
E 3586 6 1 17
T 3587 24 1 4 0
E 3587 0 -2 -24
E 3587 1 -1 -16
E 3587 5 1 16
E 3587 6 2 24
T 3588 27 0 4 0
E 3588 0 -3 -32
E 3588 1 -2 -24
E 3588 2 -1 -16
E 3588 6 1 16
T 3589 26 0 4 0
E 3589 0 -3 -31
E 3589 1 -2 -23
E 3589 2 -1 -15
E 3589 6 1 17
T 3590 28 0 4 0
E 3590 0 -3 -33
E 3590 1 -2 -25
E 3590 2 -1 -17
E 3590 6 1 15
T 3591 28 0 4 0
E 3591 0 -3 -33
E 3591 1 -2 -25
E 3591 2 -1 -17
E 3591 6 1 15
T 3592 26 0 4 0
E 3592 0 -3 -30
E 3592 1 -2 -22
E 3592 2 -1 -14
E 3592 6 2 18
T 3593 25 0 3 0
E 3593 0 -3 -28
E 3593 1 -2 -20
E 3593 6 2 20
T 3594 26 0 4 0
E 3594 0 -3 -30
E 3594 1 -2 -22
E 3594 2 -1 -14
E 3594 6 2 18
T 3595 23 1 4 0
E 3595 0 -2 -23
E 3595 1 -1 -15
E 3595 5 1 17
E 3595 6 2 25
T 3596 25 1 4 0
E 3596 0 -2 -25
E 3596 1 -1 -17
E 3596 5 1 15
E 3596 6 2 23
T 3597 23 1 4 0
E 3597 0 -2 -23
E 3597 1 -1 -15
E 3597 5 1 17
E 3597 6 2 25
T 3598 25 0 3 0
E 3598 0 -3 -28
E 3598 1 -2 -20
E 3598 6 2 20
T 3599 28 0 4 0
E 3599 0 -3 -33
E 3599 1 -2 -25
E 3599 2 -1 -17
E 3599 6 1 15
T 3600 20 0 4 0
E 3600 0 2 24
E 3600 1 -1 -16
E 3600 5 1 16
E 3600 6 2 24
T 3601 19 0 4 0
E 3601 0 1 17
E 3601 1 -2 -26
E 3601 2 -2 -18
E 3601 6 1 14
T 3602 23 0 4 0
E 3602 0 3 27
E 3602 1 -2 -19
E 3602 5 1 13
E 3602 6 2 21
T 3603 26 0 4 0
E 3603 0 3 30
E 3603 1 -2 -19
E 3603 5 1 13
E 3603 6 2 21
T 3604 30 0 4 0
E 3604 0 3 32
E 3604 1 -2 -21
E 3604 2 -1 -13
E 3604 6 2 19
T 3605 28 0 4 0
E 3605 0 3 35
E 3605 1 3 27
E 3605 2 -1 -13
E 3605 6 2 19
T 3606 26 0 4 0
E 3606 0 2 25
E 3606 1 1 17
E 3606 2 -2 -26
E 3606 3 -2 -18
T 3607 27 1 4 0
E 3607 0 3 27
E 3607 1 2 19
E 3607 2 -3 -27
E 3607 3 -2 -19
T 3608 31 0 4 0
E 3608 0 3 33
E 3608 1 2 25
E 3608 2 -2 -24
E 3608 3 -1 -16
T 3609 33 0 4 0
E 3609 0 4 37
E 3609 1 3 29
E 3609 2 -2 -24
E 3609 3 -1 -16
T 3610 30 0 5 0
E 3610 0 3 35
E 3610 1 3 27
E 3610 2 2 19
E 3610 3 -2 -21
E 3610 4 -1 -13
T 3611 30 0 5 0
E 3611 0 4 36
E 3611 1 3 28
E 3611 2 2 20
E 3611 3 -2 -23
E 3611 4 -1 -15
T 3612 32 0 5 0
E 3612 0 3 34
E 3612 1 2 26
E 3612 2 2 18
E 3612 3 -3 -28
E 3612 4 -2 -20
T 3613 32 0 6 0
E 3613 0 3 27
E 3613 1 2 19
E 3613 3 -4 -38
E 3613 4 -3 -30
E 3613 5 -2 -22
E 3613 6 -1 -14
T 3614 35 0 6 0
E 3614 0 4 38
E 3614 1 3 30
E 3614 2 2 22
E 3614 3 -3 -31
E 3614 4 -2 -23
E 3614 5 -1 -15
T 3615 32 0 6 0
E 3615 0 4 39
E 3615 1 3 31
E 3615 2 2 23
E 3615 3 1 15
E 3615 4 -2 -25
E 3615 5 -1 -17
T 3616 34 0 7 0
E 3616 0 4 38
E 3616 1 3 30
E 3616 2 2 22
E 3616 3 1 14
E 3616 4 -3 -29
E 3616 5 -2 -21
E 3616 6 -1 -13
T 3617 36 0 6 0
E 3617 0 3 33
E 3617 1 2 25
E 3617 2 1 17
E 3617 4 -4 -37
E 3617 5 -3 -29
E 3617 6 -2 -21
T 3618 34 0 6 0
E 3618 0 3 31
E 3618 1 2 23
E 3618 2 1 15
E 3618 4 -4 -42
E 3618 5 -3 -34
E 3618 6 -2 -26
T 3619 39 0 7 0
E 3619 0 4 42
E 3619 1 3 34
E 3619 2 2 26
E 3619 3 2 18
E 3619 4 -3 -35
E 3619 5 -3 -27
E 3619 6 -2 -19
T 3620 35 0 7 0
E 3620 0 5 45
E 3620 1 4 37
E 3620 2 3 29
E 3620 3 2 21
E 3620 4 1 13
E 3620 5 -3 -27
E 3620 6 -2 -19
T 3621 34 1 5 0
E 3621 0 3 34
E 3621 1 2 26
E 3621 2 2 18
E 3621 5 -4 -41
E 3621 6 -3 -33
T 3622 36 0 5 0
E 3622 0 3 33
E 3622 1 2 25
E 3622 2 1 17
E 3622 5 -5 -45
E 3622 6 -4 -37
T 3623 34 0 5 0
E 3623 0 3 31
E 3623 1 2 23
E 3623 2 1 15
E 3623 5 -5 -50
E 3623 6 -4 -42
T 3624 37 0 6 0
E 3624 0 4 38
E 3624 1 3 30
E 3624 2 2 22
E 3624 3 1 14
E 3624 5 -5 -47
E 3624 6 -4 -39
T 3625 31 0 4 0
E 3625 0 4 36
E 3625 1 3 28
E 3625 2 2 20
E 3625 6 -4 -44
T 3626 31 0 4 0
E 3626 0 3 32
E 3626 1 2 24
E 3626 2 1 16
E 3626 6 -5 -51
T 3627 32 0 4 0
E 3627 0 3 35
E 3627 1 3 27
E 3627 2 2 19
E 3627 6 -5 -51
T 3628 33 1 4 0
E 3628 0 3 33
E 3628 1 2 25
E 3628 2 1 17
E 3628 6 -6 -56
T 3629 34 0 5 0
E 3629 0 4 38
E 3629 1 3 30
E 3629 2 2 22
E 3629 3 1 14
E 3629 6 -6 -55
T 3630 26 0 4 0
E 3630 0 3 30
E 3630 1 2 22
E 3630 2 1 14
E 3630 6 -2 -18
T 3631 25 0 4 0
E 3631 0 3 29
E 3631 1 2 21
E 3631 2 1 13
E 3631 6 -2 -19
T 3632 26 0 4 0
E 3632 0 3 31
E 3632 1 2 23
E 3632 2 1 15
E 3632 6 -1 -17
T 3633 23 0 4 0
E 3633 0 2 21
E 3633 1 1 13
E 3633 5 -2 -19
E 3633 6 -3 -27
T 3634 26 0 4 0
E 3634 0 3 31
E 3634 1 2 23
E 3634 2 1 15
E 3634 6 -1 -17
T 3635 25 0 4 0
E 3635 0 3 27
E 3635 1 2 19
E 3635 5 -1 -13
E 3635 6 -2 -21
T 3636 27 0 4 0
E 3636 0 3 32
E 3636 1 2 24
E 3636 2 1 16
E 3636 6 -1 -16
T 3637 25 0 4 0
E 3637 0 2 26
E 3637 1 2 18
E 3637 5 -1 -14
E 3637 6 -2 -22
T 3638 23 0 4 0
E 3638 0 2 21
E 3638 1 1 13
E 3638 5 -2 -19
E 3638 6 -3 -27
T 3639 25 1 4 0
E 3639 0 2 25
E 3639 1 1 17
E 3639 5 -1 -15
E 3639 6 -2 -23
T 3640 25 0 4 0
E 3640 0 3 27
E 3640 1 2 19
E 3640 5 -1 -13
E 3640 6 -2 -21
T 3641 25 0 4 0
E 3641 0 2 26
E 3641 1 2 18
E 3641 5 -1 -14
E 3641 6 -2 -22
T 3642 25 0 4 0
E 3642 0 3 27
E 3642 1 2 19
E 3642 5 -1 -13
E 3642 6 -2 -21
T 3643 23 0 4 0
E 3643 0 2 21
E 3643 1 1 13
E 3643 5 -2 -19
E 3643 6 -3 -27
T 3644 23 1 4 0
E 3644 0 2 23
E 3644 1 1 15
E 3644 5 -1 -17
E 3644 6 -2 -25
T 3645 23 0 3 0
E 3645 0 2 20
E 3645 5 -2 -20
E 3645 6 -3 -28
T 3646 23 0 4 0
E 3646 0 2 22
E 3646 1 1 14
E 3646 5 -2 -18
E 3646 6 -2 -26
T 3647 23 0 4 0
E 3647 0 2 19
E 3647 4 -1 -13
E 3647 5 -2 -21
E 3647 6 -3 -29
T 3648 22 0 4 0
E 3648 0 2 18
E 3648 4 -1 -14
E 3648 5 -2 -22
E 3648 6 -3 -30
T 3649 22 0 4 0
E 3649 0 2 18
E 3649 4 -1 -14
E 3649 5 -2 -22
E 3649 6 -3 -30
T 3650 26 0 4 0
E 3650 0 3 30
E 3650 1 2 22
E 3650 2 1 14
E 3650 6 -2 -18
T 3651 23 0 4 0
E 3651 0 2 21
E 3651 1 1 13
E 3651 5 -2 -19
E 3651 6 -3 -27
T 3652 23 0 4 0
E 3652 0 2 19
E 3652 4 -1 -13
E 3652 5 -2 -21
E 3652 6 -3 -29
T 3653 25 0 4 0
E 3653 0 2 26
E 3653 1 2 18
E 3653 5 -1 -14
E 3653 6 -2 -22
T 3654 25 0 4 0
E 3654 0 3 27
E 3654 1 2 19
E 3654 5 -1 -13
E 3654 6 -2 -21
T 3655 25 0 4 0
E 3655 0 3 27
E 3655 1 2 19
E 3655 5 -1 -13
E 3655 6 -2 -21
T 3656 24 1 4 0
E 3656 0 2 24
E 3656 1 1 16
E 3656 5 -1 -16
E 3656 6 -2 -24
T 3657 27 0 4 0
E 3657 0 3 32
E 3657 1 2 24
E 3657 2 1 16
E 3657 6 -1 -16
T 3658 28 0 4 0
E 3658 0 3 34
E 3658 1 2 26
E 3658 2 2 18
E 3658 6 -1 -14
T 3659 28 0 4 0
E 3659 0 3 33
E 3659 1 2 25
E 3659 2 1 17
E 3659 6 -1 -15
T 3660 24 1 4 0
E 3660 0 2 24
E 3660 1 1 16
E 3660 5 -1 -16
E 3660 6 -2 -24
T 3661 24 1 4 0
E 3661 0 2 24
E 3661 1 1 16
E 3661 5 -1 -16
E 3661 6 -2 -24
T 3662 23 0 3 0
E 3662 0 2 20
E 3662 5 -2 -20
E 3662 6 -3 -28
T 3663 26 0 4 0
E 3663 0 3 30
E 3663 1 2 22
E 3663 2 1 14
E 3663 6 -2 -18
T 3664 27 0 4 0
E 3664 0 3 32
E 3664 1 2 24
E 3664 2 1 16
E 3664 6 -1 -16
T 3665 25 0 4 0
E 3665 0 2 26
E 3665 1 2 18
E 3665 5 -1 -14
E 3665 6 -2 -22
T 3666 27 0 4 0
E 3666 0 3 32
E 3666 1 2 24
E 3666 2 1 16
E 3666 6 -1 -16
T 3667 26 0 4 0
E 3667 0 3 30
E 3667 1 2 22
E 3667 2 1 14
E 3667 6 -2 -18
T 3668 25 1 4 0
E 3668 0 2 25
E 3668 1 1 17
E 3668 5 -1 -15
E 3668 6 -2 -23
T 3669 27 0 4 0
E 3669 0 3 32
E 3669 1 2 24
E 3669 2 1 16
E 3669 6 -1 -16
T 3670 28 0 4 0
E 3670 0 3 33
E 3670 1 2 25
E 3670 2 1 17
E 3670 6 -1 -15
T 3671 28 0 4 0
E 3671 0 3 33
E 3671 1 2 25
E 3671 2 1 17
E 3671 6 -1 -15
T 3672 25 0 4 0
E 3672 0 3 29
E 3672 1 2 21
E 3672 2 1 13
E 3672 6 -2 -19
T 3673 23 0 4 0
E 3673 0 2 22
E 3673 1 1 14
E 3673 5 -2 -18
E 3673 6 -2 -26
T 3674 25 0 4 0
E 3674 0 2 26
E 3674 1 2 18
E 3674 5 -1 -14
E 3674 6 -2 -22
T 3675 23 1 4 0
E 3675 0 2 23
E 3675 1 1 15
E 3675 5 -1 -17
E 3675 6 -2 -25
T 3676 22 0 4 0
E 3676 0 2 18
E 3676 4 -1 -14
E 3676 5 -2 -22
E 3676 6 -3 -30
T 3677 23 0 4 0
E 3677 0 2 19
E 3677 4 -1 -13
E 3677 5 -2 -21
E 3677 6 -3 -29
T 3678 23 0 4 0
E 3678 0 2 21
E 3678 1 1 13
E 3678 5 -2 -19
E 3678 6 -3 -27
T 3679 26 0 4 0
E 3679 0 3 31
E 3679 1 2 23
E 3679 2 1 15
E 3679 6 -1 -17
T 3680 28 0 4 0
E 3680 0 3 34
E 3680 1 2 26
E 3680 2 2 18
E 3680 6 -1 -14
T 3681 26 0 4 0
E 3681 0 3 31
E 3681 1 2 23
E 3681 2 1 15
E 3681 6 -1 -17
T 3682 28 0 4 0
E 3682 0 3 33
E 3682 1 2 25
E 3682 2 1 17
E 3682 6 -1 -15
T 3683 28 0 4 0
E 3683 0 3 34
E 3683 1 2 26
E 3683 2 2 18
E 3683 6 -1 -14
T 3684 28 0 4 0
E 3684 0 3 33
E 3684 1 2 25
E 3684 2 1 17
E 3684 6 -1 -15
T 3685 28 0 4 0
E 3685 0 3 33
E 3685 1 2 25
E 3685 2 1 17
E 3685 6 -1 -15
T 3686 28 0 4 0
E 3686 0 3 35
E 3686 1 3 27
E 3686 2 2 19
E 3686 6 -1 -13
T 3687 27 0 3 0
E 3687 0 4 36
E 3687 1 3 28
E 3687 2 2 20
T 3688 25 0 3 0
E 3688 0 3 28
E 3688 1 2 20
E 3688 6 -2 -20
T 3689 25 0 4 0
E 3689 0 3 27
E 3689 1 2 19
E 3689 5 -1 -13
E 3689 6 -2 -21
T 3690 26 0 4 0
E 3690 0 3 30
E 3690 1 2 22
E 3690 2 1 14
E 3690 6 -2 -18
T 3691 25 0 4 0
E 3691 0 3 29
E 3691 1 2 21
E 3691 2 1 13
E 3691 6 -2 -19
T 3692 28 0 4 0
E 3692 0 3 33
E 3692 1 2 25
E 3692 2 1 17
E 3692 6 -1 -15
T 3693 25 1 4 0
E 3693 0 2 25
E 3693 1 1 17
E 3693 5 -1 -15
E 3693 6 -2 -23
T 3694 26 0 4 0
E 3694 0 3 30
E 3694 1 2 22
E 3694 2 1 14
E 3694 6 -2 -18
T 3695 26 0 4 0
E 3695 0 3 30
E 3695 1 2 22
E 3695 2 1 14
E 3695 6 -2 -18
T 3696 26 0 4 0
E 3696 0 3 30
E 3696 1 2 22
E 3696 2 1 14
E 3696 6 -2 -18
T 3697 21 1 4 0
E 3697 0 2 21
E 3697 1 1 16
E 3697 5 -1 -16
E 3697 6 -2 -24
T 3698 20 1 4 0
E 3698 0 2 20
E 3698 1 1 17
E 3698 5 -1 -15
E 3698 6 -2 -23
T 3699 19 0 4 0
E 3699 0 2 22
E 3699 1 2 22
E 3699 2 1 14
E 3699 6 -2 -18
T 3700 18 0 4 0
E 3700 0 2 22
E 3700 1 2 25
E 3700 2 1 17
E 3700 6 -1 -15
T 3701 15 0 4 0
E 3701 0 1 17
E 3701 1 2 22
E 3701 2 1 14
E 3701 6 -2 -18
T 3702 11 0 3 0
E 3702 1 1 14
E 3702 5 -1 -15
E 3702 6 -2 -23
T 3703 12 0 2 0
E 3703 5 -2 -16
E 3703 6 -4 -24
T 3704 9 1 3 0
E 3704 1 1 14
E 3704 2 1 14
E 3704 6 -2 -18
T 3705 7 1 2 0
E 3705 2 2 15
E 3705 6 -2 -17
T 3706 8 0 1 0
E 3706 6 -6 -20
T 3707 4 0 3 0
E 3707 1 1 13
E 3707 2 2 18
E 3707 3 1 13
T 3708 0 0 1 0
E 3708 2 5 15
T 3709 5 0 1 0
E 3709 6 -4 -13
T 3710 0 0 2 0
E 3710 2 2 15
E 3710 3 3 18
T 3711 1 0 2 0
E 3711 2 2 14
E 3711 3 3 19
T 3712 4 0 1 0
E 3712 6 -4 -14
T 3713 8 0 0 0
T 3714 11 0 0 0
T 3715 9 0 0 0
T 3716 10 0 1 0
E 3716 0 -4 -14
T 3717 11 0 1 0
E 3717 4 4 13
T 3718 10 0 1 0
E 3718 0 -5 -15
T 3719 9 0 0 0
T 3720 13 0 1 0
E 3720 5 4 14
T 3721 11 0 1 0
E 3721 0 -5 -16
T 3722 13 0 2 0
E 3722 0 -3 -18
E 3722 1 -2 -13
T 3723 13 0 2 0
E 3723 5 2 16
E 3723 6 2 13
T 3724 9 0 1 0
E 3724 0 -4 -13
T 3725 16 0 2 0
E 3725 5 2 13
E 3725 6 2 16
T 3726 16 0 2 0
E 3726 5 2 14
E 3726 6 3 19
T 3727 17 1 2 0
E 3727 0 -2 -17
E 3727 6 2 13
T 3728 14 1 2 0
E 3728 0 -2 -14
E 3728 6 2 16
T 3729 13 1 2 0
E 3729 0 -2 -13
E 3729 6 2 17
T 3730 17 1 2 0
E 3730 0 -2 -17
E 3730 6 2 13
T 3731 19 0 3 0
E 3731 0 -2 -24
E 3731 1 -2 -19
E 3731 2 -1 -14
T 3732 16 0 2 0
E 3732 0 -3 -21
E 3732 1 -2 -16
T 3733 16 0 2 0
E 3733 5 2 14
E 3733 6 3 19
T 3734 15 0 2 0
E 3734 0 -3 -20
E 3734 1 -2 -15
T 3735 14 0 2 0
E 3735 0 -3 -19
E 3735 1 -2 -14
T 3736 16 0 2 0
E 3736 0 -3 -21
E 3736 1 -2 -16
T 3737 17 0 2 0
E 3737 5 2 13
E 3737 6 3 18
T 3738 16 1 2 0
E 3738 0 -2 -16
E 3738 6 2 14
T 3739 14 1 2 0
E 3739 0 -2 -14
E 3739 6 2 16
T 3740 15 0 2 0
E 3740 5 2 15
E 3740 6 3 20
T 3741 17 1 2 0
E 3741 0 -2 -17
E 3741 6 2 13
T 3742 14 1 2 0
E 3742 0 -2 -14
E 3742 6 2 16
T 3743 15 0 2 0
E 3743 5 2 15
E 3743 6 3 20
T 3744 14 1 2 0
E 3744 0 -2 -14
E 3744 6 2 16
T 3745 13 0 2 0
E 3745 0 -3 -18
E 3745 1 -2 -13
T 3746 14 0 2 0
E 3746 0 -3 -19
E 3746 1 -2 -13
T 3747 14 0 2 0
E 3747 5 2 17
E 3747 6 3 22
T 3748 17 0 2 0
E 3748 5 2 15
E 3748 6 3 20
T 3749 16 1 2 0
E 3749 0 -2 -16
E 3749 6 2 17
T 3750 17 0 2 0
E 3750 0 -3 -18
E 3750 6 2 15
T 3751 16 0 3 0
E 3751 0 -1 -14
E 3751 5 1 15
E 3751 6 2 20
T 3752 17 0 2 0
E 3752 0 -3 -18
E 3752 6 2 16
T 3753 17 0 3 0
E 3753 0 -1 -15
E 3753 5 1 15
E 3753 6 2 20
T 3754 18 0 3 0
E 3754 0 -1 -16
E 3754 5 1 15
E 3754 6 2 20
T 3755 19 0 2 0
E 3755 0 -4 -25
E 3755 1 -2 -17
T 3756 19 0 2 0
E 3756 0 -4 -26
E 3756 1 -3 -18
T 3757 19 0 2 0
E 3757 0 -3 -20
E 3757 6 2 17
T 3758 20 0 3 0
E 3758 0 -2 -19
E 3758 5 1 14
E 3758 6 2 19
T 3759 22 0 3 0
E 3759 0 -2 -24
E 3759 1 -1 -16
E 3759 6 1 15
T 3760 23 0 3 0
E 3760 0 -2 -26
E 3760 1 -2 -18
E 3760 6 1 13
T 3761 22 1 4 0
E 3761 0 -2 -22
E 3761 1 -1 -14
E 3761 5 1 13
E 3761 6 2 18
T 3762 21 0 2 0
E 3762 0 -4 -28
E 3762 1 -3 -20
T 3763 20 0 3 0
E 3763 0 -2 -19
E 3763 5 1 17
E 3763 6 2 22
T 3764 24 0 3 0
E 3764 0 -3 -28
E 3764 1 -2 -20
E 3764 6 1 14
T 3765 22 0 4 0
E 3765 0 -2 -19
E 3765 4 1 13
E 3765 5 2 18
E 3765 6 2 23
T 3766 22 0 4 0
E 3766 0 -2 -19
E 3766 4 1 13
E 3766 5 2 19
E 3766 6 2 24
T 3767 21 0 4 0
E 3767 0 -2 -18
E 3767 4 1 14
E 3767 5 2 20
E 3767 6 2 25
T 3768 24 1 4 0
E 3768 0 -2 -24
E 3768 1 -1 -16
E 3768 5 1 15
E 3768 6 2 20
T 3769 25 0 4 0
E 3769 0 -3 -30
E 3769 1 -2 -22
E 3769 2 -1 -14
E 3769 6 1 15
T 3770 22 0 4 0
E 3770 0 -2 -21
E 3770 1 -1 -13
E 3770 5 2 19
E 3770 6 2 24
T 3771 25 0 4 0
E 3771 0 -3 -27
E 3771 1 -2 -19
E 3771 5 1 13
E 3771 6 2 19
T 3772 24 1 4 0
E 3772 0 -2 -24
E 3772 1 -1 -16
E 3772 5 1 16
E 3772 6 2 22
T 3773 25 0 4 0
E 3773 0 -3 -29
E 3773 1 -2 -21
E 3773 2 -1 -13
E 3773 6 2 18
T 3774 25 0 3 0
E 3774 0 -3 -28
E 3774 1 -2 -20
E 3774 6 2 20
T 3775 25 1 4 0
E 3775 0 -2 -25
E 3775 1 -1 -17
E 3775 5 1 15
E 3775 6 2 23
T 3776 28 0 4 0
E 3776 0 -3 -33
E 3776 1 -2 -25
E 3776 2 -1 -17
E 3776 6 1 15
T 3777 25 0 3 0
E 3777 0 -3 -28
E 3777 1 -2 -20
E 3777 6 2 20
T 3778 24 1 4 0
E 3778 0 -2 -24
E 3778 1 -1 -16
E 3778 5 1 16
E 3778 6 2 24
T 3779 24 1 4 0
E 3779 0 -2 -24
E 3779 1 -1 -16
E 3779 5 1 16
E 3779 6 2 24
T 3780 23 0 4 0
E 3780 0 -2 -22
E 3780 1 -1 -14
E 3780 5 2 18
E 3780 6 2 26
T 3781 23 0 4 0
E 3781 0 -2 -19
E 3781 4 1 13
E 3781 5 2 21
E 3781 6 3 29
T 3782 24 1 4 0
E 3782 0 -2 -24
E 3782 1 -1 -16
E 3782 5 1 16
E 3782 6 2 24
T 3783 26 0 4 0
E 3783 0 -3 -30
E 3783 1 -2 -22
E 3783 2 -1 -14
E 3783 6 2 18
T 3784 28 0 4 0
E 3784 0 -3 -34
E 3784 1 -2 -26
E 3784 2 -2 -18
E 3784 6 1 14
T 3785 26 0 4 0
E 3785 0 -3 -30
E 3785 1 -2 -22
E 3785 2 -1 -14
E 3785 6 2 18
T 3786 24 1 4 0
E 3786 0 -2 -24
E 3786 1 -1 -16
E 3786 5 1 16
E 3786 6 2 24
T 3787 24 1 4 0
E 3787 0 -2 -24
E 3787 1 -1 -16
E 3787 5 1 16
E 3787 6 2 24
T 3788 23 1 4 0
E 3788 0 -2 -23
E 3788 1 -1 -15
E 3788 5 1 17
E 3788 6 2 25
T 3789 26 0 4 0
E 3789 0 -3 -31
E 3789 1 -2 -23
E 3789 2 -1 -15
E 3789 6 1 17
T 3790 26 0 4 0
E 3790 0 -3 -30
E 3790 1 -2 -22
E 3790 2 -1 -14
E 3790 6 2 18
T 3791 28 0 4 0
E 3791 0 -3 -33
E 3791 1 -2 -25
E 3791 2 -1 -17
E 3791 6 1 15
T 3792 28 0 4 0
E 3792 0 -3 -35
E 3792 1 -3 -27
E 3792 2 -2 -19
E 3792 6 1 13
T 3793 26 0 4 0
E 3793 0 -3 -30
E 3793 1 -2 -22
E 3793 2 -1 -14
E 3793 6 2 18
T 3794 25 0 4 0
E 3794 0 -2 -26
E 3794 1 -2 -18
E 3794 5 1 14
E 3794 6 2 22
T 3795 25 0 3 0
E 3795 0 -3 -28
E 3795 1 -2 -20
E 3795 6 2 20
T 3796 23 0 4 0
E 3796 0 -2 -21
E 3796 1 -1 -13
E 3796 5 2 19
E 3796 6 3 27
T 3797 25 0 4 0
E 3797 0 -3 -27
E 3797 1 -2 -19
E 3797 5 1 13
E 3797 6 2 21
T 3798 27 0 4 0
E 3798 0 -3 -32
E 3798 1 -2 -24
E 3798 2 -1 -16
E 3798 6 1 16
T 3799 27 0 4 0
E 3799 0 -3 -32
E 3799 1 -2 -24
E 3799 2 -1 -16
E 3799 6 1 16
T 3800 25 0 4 0
E 3800 0 -3 -29
E 3800 1 -2 -21
E 3800 2 -1 -13
E 3800 6 2 19
T 3801 23 0 4 0
E 3801 0 -2 -21
E 3801 1 -1 -13
E 3801 5 2 19
E 3801 6 3 27
T 3802 25 0 4 0
E 3802 0 -3 -29
E 3802 1 -2 -21
E 3802 2 -1 -13
E 3802 6 2 19
T 3803 23 1 4 0
E 3803 0 -2 -23
E 3803 1 -1 -15
E 3803 5 1 17
E 3803 6 2 25
T 3804 25 0 4 0
E 3804 0 -3 -27
E 3804 1 -2 -19
E 3804 5 1 13
E 3804 6 2 21
T 3805 25 0 4 0
E 3805 0 -2 -26
E 3805 1 -2 -18
E 3805 5 1 14
E 3805 6 2 22
T 3806 24 1 4 0
E 3806 0 -2 -24
E 3806 1 -1 -16
E 3806 5 1 16
E 3806 6 2 24
T 3807 25 0 4 0
E 3807 0 -3 -27
E 3807 1 -2 -19
E 3807 5 1 13
E 3807 6 2 21
T 3808 23 1 4 0
E 3808 0 -2 -23
E 3808 1 -1 -15
E 3808 5 1 17
E 3808 6 2 25
T 3809 26 0 4 0
E 3809 0 -3 -30
E 3809 1 -2 -22
E 3809 2 -1 -14
E 3809 6 2 18
T 3810 26 0 4 0
E 3810 0 -3 -30
E 3810 1 -2 -22
E 3810 2 -1 -14
E 3810 6 2 18
T 3811 25 0 3 0
E 3811 0 -3 -28
E 3811 1 -2 -20
E 3811 6 2 20
T 3812 27 0 4 0
E 3812 0 -3 -32
E 3812 1 -2 -24
E 3812 2 -1 -16
E 3812 6 1 16
T 3813 28 0 4 0
E 3813 0 -3 -34
E 3813 1 -2 -26
E 3813 2 -2 -18
E 3813 6 1 14
T 3814 26 0 4 0
E 3814 0 -3 -31
E 3814 1 -2 -23
E 3814 2 -1 -15
E 3814 6 1 17
T 3815 23 0 4 0
E 3815 0 -2 -22
E 3815 1 -1 -14
E 3815 5 2 18
E 3815 6 2 26
T 3816 23 0 4 0
E 3816 0 -2 -21
E 3816 1 -1 -13
E 3816 5 2 19
E 3816 6 3 27
T 3817 23 0 4 0
E 3817 0 -2 -19
E 3817 4 1 13
E 3817 5 2 21
E 3817 6 3 29
T 3818 25 0 4 0
E 3818 0 -2 -26
E 3818 1 -2 -18
E 3818 5 1 14
E 3818 6 2 22
T 3819 27 0 4 0
E 3819 0 -3 -32
E 3819 1 -2 -24
E 3819 2 -1 -16
E 3819 6 1 16
T 3820 26 0 4 0
E 3820 0 -3 -30
E 3820 1 -2 -22
E 3820 2 -1 -14
E 3820 6 2 18
T 3821 26 0 4 0
E 3821 0 -3 -30
E 3821 1 -2 -22
E 3821 2 -1 -14
E 3821 6 2 18
T 3822 25 0 4 0
E 3822 0 -3 -29
E 3822 1 -2 -21
E 3822 2 -1 -13
E 3822 6 2 19
T 3823 25 1 4 0
E 3823 0 -2 -25
E 3823 1 -1 -17
E 3823 5 1 15
E 3823 6 2 23
T 3824 28 0 4 0
E 3824 0 -3 -33
E 3824 1 -2 -25
E 3824 2 -1 -17
E 3824 6 1 15
T 3825 27 0 4 0
E 3825 0 -3 -32
E 3825 1 -2 -24
E 3825 2 -1 -16
E 3825 6 1 16
T 3826 26 0 4 0
E 3826 0 -3 -31
E 3826 1 -2 -23
E 3826 2 -1 -15
E 3826 6 1 17
T 3827 26 0 4 0
E 3827 0 -3 -30
E 3827 1 -2 -22
E 3827 2 -1 -14
E 3827 6 2 18
T 3828 25 1 4 0
E 3828 0 -2 -25
E 3828 1 -1 -17
E 3828 5 1 15
E 3828 6 2 23
T 3829 27 0 4 0
E 3829 0 -3 -32
E 3829 1 -2 -24
E 3829 2 -1 -16
E 3829 6 1 16
T 3830 28 0 4 0
E 3830 0 -3 -34
E 3830 1 -2 -26
E 3830 2 -2 -18
E 3830 6 1 14
T 3831 28 0 4 0
E 3831 0 -3 -35
E 3831 1 -3 -27
E 3831 2 -2 -19
E 3831 6 1 13
T 3832 26 0 4 0
E 3832 0 -3 -31
E 3832 1 -2 -23
E 3832 2 -1 -15
E 3832 6 1 17
T 3833 26 0 4 0
E 3833 0 -3 -30
E 3833 1 -2 -22
E 3833 2 -1 -14
E 3833 6 2 18
T 3834 25 0 4 0
E 3834 0 -3 -27
E 3834 1 -2 -19
E 3834 5 1 13
E 3834 6 2 21
T 3835 23 0 3 0
E 3835 0 -2 -20
E 3835 5 2 20
E 3835 6 3 28
T 3836 25 0 3 0
E 3836 0 -3 -28
E 3836 1 -2 -20
E 3836 6 2 20
T 3837 25 0 4 0
E 3837 0 -2 -26
E 3837 1 -2 -18
E 3837 5 1 14
E 3837 6 2 22
T 3838 23 1 4 0
E 3838 0 -2 -23
E 3838 1 -1 -15
E 3838 5 1 17
E 3838 6 2 25
T 3839 23 1 4 0
E 3839 0 -2 -23
E 3839 1 -1 -15
E 3839 5 1 17
E 3839 6 2 25
T 3840 17 0 4 0
E 3840 0 2 18
E 3840 1 -2 -22
E 3840 2 -1 -14
E 3840 6 2 18
T 3841 18 0 3 0
E 3841 1 -3 -31
E 3841 2 -2 -23
E 3841 3 -1 -15
T 3842 23 1 4 0
E 3842 0 2 23
E 3842 1 -2 -23
E 3842 2 -1 -15
E 3842 6 1 17
T 3843 26 0 3 0
E 3843 0 3 29
E 3843 1 -2 -20
E 3843 6 2 20
T 3844 28 0 3 0
E 3844 0 2 25
E 3844 1 -3 -28
E 3844 2 -2 -20
T 3845 28 0 4 0
E 3845 0 3 35
E 3845 1 3 27
E 3845 2 -1 -13
E 3845 6 2 19
T 3846 28 0 4 0
E 3846 0 3 32
E 3846 1 2 24
E 3846 2 -2 -19
E 3846 6 1 13
T 3847 28 0 4 0
E 3847 0 3 30
E 3847 1 2 22
E 3847 2 -2 -24
E 3847 3 -1 -16
T 3848 28 0 5 0
E 3848 0 2 26
E 3848 1 2 18
E 3848 2 -3 -31
E 3848 3 -2 -23
E 3848 4 -1 -15
T 3849 31 0 5 0
E 3849 0 3 30
E 3849 1 2 22
E 3849 2 -3 -31
E 3849 3 -2 -23
E 3849 4 -1 -15
T 3850 28 0 5 0
E 3850 0 3 29
E 3850 1 2 21
E 3850 2 1 13
E 3850 3 -3 -27
E 3850 4 -2 -19
T 3851 29 0 5 0
E 3851 0 3 28
E 3851 1 2 20
E 3851 3 -3 -31
E 3851 4 -2 -23
E 3851 5 -1 -15
T 3852 32 0 5 0
E 3852 0 3 35
E 3852 1 3 27
E 3852 2 2 19
E 3852 3 -3 -27
E 3852 4 -2 -19
T 3853 32 0 6 0
E 3853 0 3 29
E 3853 1 2 21
E 3853 2 1 13
E 3853 3 -4 -36
E 3853 4 -3 -28
E 3853 5 -2 -20
T 3854 35 0 6 0
E 3854 0 4 38
E 3854 1 3 30
E 3854 2 2 22
E 3854 3 -3 -31
E 3854 4 -2 -23
E 3854 5 -1 -15
T 3855 33 0 6 0
E 3855 0 3 35
E 3855 1 3 27
E 3855 2 2 19
E 3855 4 -3 -29
E 3855 5 -2 -21
E 3855 6 -1 -13
T 3856 34 0 6 0
E 3856 0 4 39
E 3856 1 3 31
E 3856 2 2 23
E 3856 3 1 15
E 3856 4 -3 -28
E 3856 5 -2 -20
T 3857 33 0 6 0
E 3857 0 3 30
E 3857 1 2 22
E 3857 2 1 14
E 3857 4 -4 -40
E 3857 5 -3 -32
E 3857 6 -2 -24
T 3858 34 0 6 0
E 3858 0 3 29
E 3858 1 2 21
E 3858 2 1 13
E 3858 4 -4 -44
E 3858 5 -4 -36
E 3858 6 -3 -28
T 3859 38 0 7 0
E 3859 0 4 39
E 3859 1 3 31
E 3859 2 2 23
E 3859 3 1 15
E 3859 4 -4 -38
E 3859 5 -3 -30
E 3859 6 -2 -22
T 3860 35 0 6 0
E 3860 0 4 40
E 3860 1 3 32
E 3860 2 2 24
E 3860 3 1 16
E 3860 5 -3 -32
E 3860 6 -2 -24
T 3861 33 0 5 0
E 3861 0 3 32
E 3861 1 2 24
E 3861 2 1 16
E 3861 5 -4 -43
E 3861 6 -3 -35
T 3862 33 0 5 0
E 3862 0 3 30
E 3862 1 2 22
E 3862 2 1 14
E 3862 5 -5 -48
E 3862 6 -4 -40
T 3863 36 1 5 0
E 3863 0 4 36
E 3863 1 3 28
E 3863 2 2 20
E 3863 5 -5 -45
E 3863 6 -4 -37
T 3864 37 0 6 0
E 3864 0 4 38
E 3864 1 3 30
E 3864 2 2 22
E 3864 3 1 14
E 3864 5 -5 -47
E 3864 6 -4 -39
T 3865 32 0 4 0
E 3865 0 3 33
E 3865 1 2 25
E 3865 2 1 17
E 3865 6 -5 -47
T 3866 31 0 4 0
E 3866 0 3 32
E 3866 1 2 24
E 3866 2 1 16
E 3866 6 -5 -51
T 3867 32 0 4 0
E 3867 0 3 33
E 3867 1 2 25
E 3867 2 1 17
E 3867 6 -5 -53
T 3868 33 0 4 0
E 3868 0 3 35
E 3868 1 3 27
E 3868 2 2 19
E 3868 6 -6 -54
T 3869 35 0 5 0
E 3869 0 4 39
E 3869 1 3 31
E 3869 2 2 23
E 3869 3 1 15
E 3869 6 -6 -54
T 3870 28 0 4 0
E 3870 0 3 34
E 3870 1 2 26
E 3870 2 2 18
E 3870 6 -1 -14
T 3871 23 1 4 0
E 3871 0 2 23
E 3871 1 1 15
E 3871 5 -1 -17
E 3871 6 -2 -25
T 3872 23 0 4 0
E 3872 0 2 19
E 3872 4 -1 -13
E 3872 5 -2 -21
E 3872 6 -3 -29
T 3873 25 0 4 0
E 3873 0 3 29
E 3873 1 2 21
E 3873 2 1 13
E 3873 6 -2 -19
T 3874 23 0 4 0
E 3874 0 2 21
E 3874 1 1 13
E 3874 5 -2 -19
E 3874 6 -3 -27
T 3875 23 0 4 0
E 3875 0 2 21
E 3875 1 1 13
E 3875 5 -2 -19
E 3875 6 -3 -27
T 3876 23 0 3 0
E 3876 0 2 20
E 3876 5 -2 -20
E 3876 6 -3 -28
T 3877 23 0 4 0
E 3877 0 2 22
E 3877 1 1 14
E 3877 5 -2 -18
E 3877 6 -2 -26
T 3878 26 0 4 0
E 3878 0 3 30
E 3878 1 2 22
E 3878 2 1 14
E 3878 6 -2 -18
T 3879 27 0 4 0
E 3879 0 3 32
E 3879 1 2 24
E 3879 2 1 16
E 3879 6 -1 -16
T 3880 28 0 4 0
E 3880 0 3 33
E 3880 1 2 25
E 3880 2 1 17
E 3880 6 -1 -15
T 3881 25 1 4 0
E 3881 0 2 25
E 3881 1 1 17
E 3881 5 -1 -15
E 3881 6 -2 -23
T 3882 23 1 4 0
E 3882 0 2 23
E 3882 1 1 15
E 3882 5 -1 -17
E 3882 6 -2 -25
T 3883 23 0 4 0
E 3883 0 2 21
E 3883 1 1 13
E 3883 5 -2 -19
E 3883 6 -3 -27
T 3884 24 1 4 0
E 3884 0 2 24
E 3884 1 1 16
E 3884 5 -1 -16
E 3884 6 -2 -24
T 3885 24 1 4 0
E 3885 0 2 24
E 3885 1 1 16
E 3885 5 -1 -16
E 3885 6 -2 -24
T 3886 23 0 4 0
E 3886 0 2 22
E 3886 1 1 14
E 3886 5 -2 -18
E 3886 6 -2 -26
T 3887 23 0 4 0
E 3887 0 2 19
E 3887 4 -1 -13
E 3887 5 -2 -21
E 3887 6 -3 -29
T 3888 22 0 4 0
E 3888 0 2 18
E 3888 4 -1 -14
E 3888 5 -2 -22
E 3888 6 -3 -30
T 3889 23 0 4 0
E 3889 0 2 22
E 3889 1 1 14
E 3889 5 -2 -18
E 3889 6 -2 -26
T 3890 23 1 4 0
E 3890 0 2 23
E 3890 1 1 15
E 3890 5 -1 -17
E 3890 6 -2 -25
T 3891 24 1 4 0
E 3891 0 2 24
E 3891 1 1 16
E 3891 5 -1 -16
E 3891 6 -2 -24
T 3892 24 1 4 0
E 3892 0 2 24
E 3892 1 1 16
E 3892 5 -1 -16
E 3892 6 -2 -24
T 3893 25 0 4 0
E 3893 0 3 29
E 3893 1 2 21
E 3893 2 1 13
E 3893 6 -2 -19
T 3894 25 1 4 0
E 3894 0 2 25
E 3894 1 1 17
E 3894 5 -1 -15
E 3894 6 -2 -23
T 3895 26 0 4 0
E 3895 0 3 30
E 3895 1 2 22
E 3895 2 1 14
E 3895 6 -2 -18
T 3896 25 1 4 0
E 3896 0 2 25
E 3896 1 1 17
E 3896 5 -1 -15
E 3896 6 -2 -23
T 3897 28 0 4 0
E 3897 0 3 33
E 3897 1 2 25
E 3897 2 1 17
E 3897 6 -1 -15
T 3898 25 0 4 0
E 3898 0 3 27
E 3898 1 2 19
E 3898 5 -1 -13
E 3898 6 -2 -21
T 3899 23 1 4 0
E 3899 0 2 23
E 3899 1 1 15
E 3899 5 -1 -17
E 3899 6 -2 -25
T 3900 23 1 4 0
E 3900 0 2 23
E 3900 1 1 15
E 3900 5 -1 -17
E 3900 6 -2 -25
T 3901 23 1 4 0
E 3901 0 2 23
E 3901 1 1 15
E 3901 5 -1 -17
E 3901 6 -2 -25
T 3902 23 0 4 0
E 3902 0 2 22
E 3902 1 1 14
E 3902 5 -2 -18
E 3902 6 -2 -26
T 3903 23 0 4 0
E 3903 0 2 19
E 3903 4 -1 -13
E 3903 5 -2 -21
E 3903 6 -3 -29
T 3904 23 0 4 0
E 3904 0 2 22
E 3904 1 1 14
E 3904 5 -2 -18
E 3904 6 -2 -26
T 3905 23 1 4 0
E 3905 0 2 23
E 3905 1 1 15
E 3905 5 -1 -17
E 3905 6 -2 -25
T 3906 25 0 4 0
E 3906 0 3 29
E 3906 1 2 21
E 3906 2 1 13
E 3906 6 -2 -19
T 3907 28 0 4 0
E 3907 0 3 33
E 3907 1 2 25
E 3907 2 1 17
E 3907 6 -1 -15
T 3908 23 1 4 0
E 3908 0 2 23
E 3908 1 1 15
E 3908 5 -1 -17
E 3908 6 -2 -25
T 3909 25 0 3 0
E 3909 0 3 28
E 3909 1 2 20
E 3909 6 -2 -20
T 3910 25 0 4 0
E 3910 0 2 26
E 3910 1 2 18
E 3910 5 -1 -14
E 3910 6 -2 -22
T 3911 23 0 4 0
E 3911 0 2 22
E 3911 1 1 14
E 3911 5 -2 -18
E 3911 6 -2 -26
T 3912 23 0 4 0
E 3912 0 2 21
E 3912 1 1 13
E 3912 5 -2 -19
E 3912 6 -3 -27
T 3913 25 0 4 0
E 3913 0 2 26
E 3913 1 2 18
E 3913 5 -1 -14
E 3913 6 -2 -22
T 3914 25 0 4 0
E 3914 0 3 29
E 3914 1 2 21
E 3914 2 1 13
E 3914 6 -2 -19
T 3915 25 0 3 0
E 3915 0 3 28
E 3915 1 2 20
E 3915 6 -2 -20
T 3916 25 0 4 0
E 3916 0 3 29
E 3916 1 2 21
E 3916 2 1 13
E 3916 6 -2 -19
T 3917 23 1 4 0
E 3917 0 2 23
E 3917 1 1 15
E 3917 5 -1 -17
E 3917 6 -2 -25
T 3918 26 0 4 0
E 3918 0 3 30
E 3918 1 2 22
E 3918 2 1 14
E 3918 6 -2 -18
T 3919 27 0 4 0
E 3919 0 3 32
E 3919 1 2 24
E 3919 2 1 16
E 3919 6 -1 -16
T 3920 26 0 4 0
E 3920 0 3 31
E 3920 1 2 23
E 3920 2 1 15
E 3920 6 -1 -17
T 3921 25 0 4 0
E 3921 0 2 26
E 3921 1 2 18
E 3921 5 -1 -14
E 3921 6 -2 -22
T 3922 25 0 3 0
E 3922 0 3 28
E 3922 1 2 20
E 3922 6 -2 -20
T 3923 23 0 4 0
E 3923 0 2 22
E 3923 1 1 14
E 3923 5 -2 -18
E 3923 6 -2 -26
T 3924 25 0 4 0
E 3924 0 3 29
E 3924 1 2 21
E 3924 2 1 13
E 3924 6 -2 -19
T 3925 27 0 4 0
E 3925 0 3 32
E 3925 1 2 24
E 3925 2 1 16
E 3925 6 -1 -16
T 3926 28 0 4 0
E 3926 0 3 34
E 3926 1 2 26
E 3926 2 2 18
E 3926 6 -1 -14
T 3927 28 0 4 0
E 3927 0 3 35
E 3927 1 3 27
E 3927 2 2 19
E 3927 6 -1 -13
T 3928 26 0 4 0
E 3928 0 3 30
E 3928 1 2 22
E 3928 2 1 14
E 3928 6 -2 -18
T 3929 24 1 4 0
E 3929 0 2 24
E 3929 1 1 16
E 3929 5 -1 -16
E 3929 6 -2 -24
T 3930 23 0 4 0
E 3930 0 2 21
E 3930 1 1 13
E 3930 5 -2 -19
E 3930 6 -3 -27
T 3931 23 0 4 0
E 3931 0 2 19
E 3931 4 -1 -13
E 3931 5 -2 -21
E 3931 6 -3 -29
T 3932 23 0 3 0
E 3932 0 2 20
E 3932 5 -2 -20
E 3932 6 -3 -28
T 3933 23 1 4 0
E 3933 0 2 23
E 3933 1 1 15
E 3933 5 -1 -17
E 3933 6 -2 -25
T 3934 26 0 4 0
E 3934 0 3 30
E 3934 1 2 22
E 3934 2 1 14
E 3934 6 -2 -18
T 3935 25 0 4 0
E 3935 0 3 29
E 3935 1 2 21
E 3935 2 1 13
E 3935 6 -2 -19
T 3936 25 0 4 0
E 3936 0 3 29
E 3936 1 2 21
E 3936 2 1 13
E 3936 6 -2 -19
T 3937 20 0 4 0
E 3937 0 2 18
E 3937 1 1 13
E 3937 5 -2 -19
E 3937 6 -3 -27
T 3938 21 0 3 0
E 3938 0 2 23
E 3938 1 2 20
E 3938 6 -2 -20
T 3939 16 0 4 0
E 3939 0 1 14
E 3939 1 1 14
E 3939 5 -2 -18
E 3939 6 -2 -26
T 3940 14 0 3 0
E 3940 1 1 13
E 3940 5 -2 -19
E 3940 6 -3 -27
T 3941 14 0 3 0
E 3941 0 1 15
E 3941 1 2 20
E 3941 6 -2 -20
T 3942 10 0 3 0
E 3942 1 1 13
E 3942 5 -1 -16
E 3942 6 -2 -24
T 3943 10 0 3 0
E 3943 1 1 13
E 3943 5 -1 -14
E 3943 6 -2 -22
T 3944 9 1 3 0
E 3944 1 1 14
E 3944 2 1 14
E 3944 6 -2 -18
T 3945 7 1 2 0
E 3945 2 2 15
E 3945 6 -2 -17
T 3946 6 0 2 0
E 3946 5 -2 -13
E 3946 6 -3 -21
T 3947 6 0 1 0
E 3947 6 -6 -19
T 3948 6 0 3 0
E 3948 1 1 15
E 3948 2 2 20
E 3948 3 1 17
T 3949 5 0 3 0
E 3949 1 1 15
E 3949 2 2 20
E 3949 3 2 20
T 3950 4 0 4 0
E 3950 1 1 15
E 3950 2 2 20
E 3950 3 2 23
E 3950 4 1 15
T 3951 6 0 1 0
E 3951 3 4 13
T 3952 8 0 2 0
E 3952 0 -2 -13
E 3952 6 -3 -19
T 3953 4 0 0 0
T 3954 3 0 0 0
T 3955 9 0 1 0
E 3955 4 4 13
T 3956 8 0 0 0
T 3957 8 0 1 0
E 3957 4 5 17
T 3958 12 0 0 0
T 3959 13 0 2 0
E 3959 0 -3 -18
E 3959 1 -2 -13
T 3960 15 0 2 0
E 3960 0 -3 -20
E 3960 1 -2 -15
T 3961 9 0 1 0
E 3961 0 -4 -13
T 3962 11 0 1 0
E 3962 0 -5 -16
T 3963 13 0 2 0
E 3963 0 -3 -18
E 3963 1 -2 -13
T 3964 10 0 1 0
E 3964 0 -4 -14
T 3965 11 0 3 0
E 3965 4 1 14
E 3965 5 2 19
E 3965 6 2 22
T 3966 14 0 2 0
E 3966 5 2 16
E 3966 6 3 21
T 3967 17 1 2 0
E 3967 0 -2 -17
E 3967 6 2 13
T 3968 15 1 2 0
E 3968 0 -2 -15
E 3968 6 2 15
T 3969 13 1 2 0
E 3969 0 -2 -13
E 3969 6 2 17
T 3970 13 0 2 0
E 3970 5 2 17
E 3970 6 3 22
T 3971 13 0 2 0
E 3971 5 2 17
E 3971 6 3 22
T 3972 14 1 2 0
E 3972 0 -2 -14
E 3972 6 2 16
T 3973 14 1 2 0
E 3973 0 -2 -14
E 3973 6 2 16
T 3974 14 0 2 0
E 3974 5 2 16
E 3974 6 3 21
T 3975 17 1 2 0
E 3975 0 -2 -17
E 3975 6 2 13
T 3976 15 0 2 0
E 3976 0 -3 -20
E 3976 1 -2 -15
T 3977 13 1 2 0
E 3977 0 -2 -13
E 3977 6 2 17
T 3978 15 1 2 0
E 3978 0 -2 -15
E 3978 6 2 15
T 3979 15 0 2 0
E 3979 5 2 15
E 3979 6 3 20
T 3980 14 1 2 0
E 3980 0 -2 -14
E 3980 6 2 16
T 3981 16 0 2 0
E 3981 0 -3 -21
E 3981 1 -2 -16
T 3982 16 1 2 0
E 3982 0 -2 -16
E 3982 6 2 14
T 3983 16 0 2 0
E 3983 0 -3 -21
E 3983 1 -2 -16
T 3984 14 1 2 0
E 3984 0 -2 -14
E 3984 6 2 16
T 3985 15 0 2 0
E 3985 5 2 15
E 3985 6 3 20
T 3986 14 1 2 0
E 3986 0 -2 -14
E 3986 6 2 17
T 3987 16 0 2 0
E 3987 5 2 15
E 3987 6 3 20
T 3988 16 0 2 0
E 3988 0 -3 -21
E 3988 1 -2 -14
T 3989 17 0 3 0
E 3989 0 -1 -15
E 3989 5 1 13
E 3989 6 2 18
T 3990 18 0 2 0
E 3990 0 -3 -23
E 3990 1 -2 -15
T 3991 16 0 3 0
E 3991 0 -1 -14
E 3991 5 1 15
E 3991 6 2 20
T 3992 19 0 2 0
E 3992 0 -3 -20
E 3992 6 2 14
T 3993 17 0 2 0
E 3993 0 -3 -18
E 3993 6 2 17
T 3994 19 0 3 0
E 3994 0 -1 -17
E 3994 5 1 14
E 3994 6 2 19
T 3995 17 0 3 0
E 3995 0 -1 -15
E 3995 5 1 16
E 3995 6 2 21
T 3996 17 0 4 0
E 3996 0 -1 -13
E 3996 4 1 14
E 3996 5 2 19
E 3996 6 2 24
T 3997 17 0 3 0
E 3997 4 1 15
E 3997 5 2 20
E 3997 6 2 25
T 3998 19 0 4 0
E 3998 0 -1 -15
E 3998 4 1 13
E 3998 5 2 18
E 3998 6 2 23
T 3999 23 0 3 0
E 3999 0 -2 -26
E 3999 1 -2 -18
E 3999 6 1 13
T 4000 20 0 3 0
E 4000 0 -2 -22
E 4000 1 -1 -14
E 4000 6 1 17
T 4001 20 0 4 0
E 4001 0 -1 -16
E 4001 4 1 14
E 4001 5 2 19
E 4001 6 2 24
T 4002 20 0 3 0
E 4002 0 -2 -19
E 4002 5 1 16
E 4002 6 2 21
T 4003 23 1 4 0
E 4003 0 -2 -23
E 4003 1 -1 -15
E 4003 5 1 13
E 4003 6 2 18
T 4004 21 0 3 0
E 4004 0 -2 -20
E 4004 5 1 17
E 4004 6 2 22
T 4005 21 0 4 0
E 4005 0 -2 -18
E 4005 4 1 14
E 4005 5 2 19
E 4005 6 2 24
T 4006 22 1 4 0
E 4006 0 -2 -22
E 4006 1 -1 -14
E 4006 5 1 16
E 4006 6 2 21
T 4007 22 0 3 0
E 4007 0 -2 -20
E 4007 5 2 18
E 4007 6 2 23
T 4008 25 0 4 0
E 4008 0 -2 -26
E 4008 1 -2 -18
E 4008 5 1 13
E 4008 6 2 18
T 4009 26 0 4 0
E 4009 0 -3 -31
E 4009 1 -2 -23
E 4009 2 -1 -15
E 4009 6 1 14
T 4010 23 0 4 0
E 4010 0 -2 -22
E 4010 1 -1 -14
E 4010 5 2 18
E 4010 6 2 23
T 4011 26 0 4 0
E 4011 0 -3 -31
E 4011 1 -2 -23
E 4011 2 -1 -15
E 4011 6 1 15
T 4012 23 0 4 0
E 4012 0 -2 -22
E 4012 1 -1 -14
E 4012 5 2 18
E 4012 6 2 24
T 4013 23 0 3 0
E 4013 0 -2 -20
E 4013 5 2 20
E 4013 6 3 27
T 4014 25 0 4 0
E 4014 0 -3 -29
E 4014 1 -2 -21
E 4014 2 -1 -13
E 4014 6 2 19
T 4015 26 0 4 0
E 4015 0 -3 -30
E 4015 1 -2 -22
E 4015 2 -1 -14
E 4015 6 2 18
T 4016 25 1 4 0
E 4016 0 -2 -25
E 4016 1 -1 -17
E 4016 5 1 15
E 4016 6 2 23
T 4017 25 0 4 0
E 4017 0 -3 -27
E 4017 1 -2 -19
E 4017 5 1 13
E 4017 6 2 21
T 4018 25 0 4 0
E 4018 0 -2 -26
E 4018 1 -2 -18
E 4018 5 1 14
E 4018 6 2 22
T 4019 25 0 3 0
E 4019 0 -3 -28
E 4019 1 -2 -20
E 4019 6 2 20
T 4020 23 0 3 0
E 4020 0 -2 -20
E 4020 5 2 20
E 4020 6 3 28
T 4021 23 0 4 0
E 4021 0 -2 -19
E 4021 4 1 13
E 4021 5 2 21
E 4021 6 3 29
T 4022 23 0 4 0
E 4022 0 -2 -19
E 4022 4 1 13
E 4022 5 2 21
E 4022 6 3 29
T 4023 25 0 4 0
E 4023 0 -2 -26
E 4023 1 -2 -18
E 4023 5 1 14
E 4023 6 2 22
T 4024 23 1 4 0
E 4024 0 -2 -23
E 4024 1 -1 -15
E 4024 5 1 17
E 4024 6 2 25
T 4025 23 1 4 0
E 4025 0 -2 -23
E 4025 1 -1 -15
E 4025 5 1 17
E 4025 6 2 25
T 4026 23 0 3 0
E 4026 0 -2 -20
E 4026 5 2 20
E 4026 6 3 28
T 4027 23 0 4 0
E 4027 0 -2 -19
E 4027 4 1 13
E 4027 5 2 21
E 4027 6 3 29
T 4028 23 0 4 0
E 4028 0 -2 -22
E 4028 1 -1 -14
E 4028 5 2 18
E 4028 6 2 26
T 4029 23 0 4 0
E 4029 0 -2 -21
E 4029 1 -1 -13
E 4029 5 2 19
E 4029 6 3 27
T 4030 26 0 4 0
E 4030 0 -3 -30
E 4030 1 -2 -22
E 4030 2 -1 -14
E 4030 6 2 18
T 4031 25 0 4 0
E 4031 0 -2 -26
E 4031 1 -2 -18
E 4031 5 1 14
E 4031 6 2 22
T 4032 25 0 4 0
E 4032 0 -2 -26
E 4032 1 -2 -18
E 4032 5 1 14
E 4032 6 2 22
T 4033 23 0 4 0
E 4033 0 -2 -22
E 4033 1 -1 -14
E 4033 5 2 18
E 4033 6 2 26
T 4034 25 1 4 0
E 4034 0 -2 -25
E 4034 1 -1 -17
E 4034 5 1 15
E 4034 6 2 23
T 4035 25 1 4 0
E 4035 0 -2 -25
E 4035 1 -1 -17
E 4035 5 1 15
E 4035 6 2 23
T 4036 28 0 4 0
E 4036 0 -3 -33
E 4036 1 -2 -25
E 4036 2 -1 -17
E 4036 6 1 15
T 4037 27 0 4 0
E 4037 0 -3 -32
E 4037 1 -2 -24
E 4037 2 -1 -16
E 4037 6 1 16
T 4038 25 0 4 0
E 4038 0 -3 -27
E 4038 1 -2 -19
E 4038 5 1 13
E 4038 6 2 21
T 4039 25 0 4 0
E 4039 0 -2 -26
E 4039 1 -2 -18
E 4039 5 1 14
E 4039 6 2 22
T 4040 25 0 4 0
E 4040 0 -2 -26
E 4040 1 -2 -18
E 4040 5 1 14
E 4040 6 2 22
T 4041 23 0 4 0
E 4041 0 -2 -21
E 4041 1 -1 -13
E 4041 5 2 19
E 4041 6 3 27
T 4042 23 0 3 0
E 4042 0 -2 -20
E 4042 5 2 20
E 4042 6 3 28
T 4043 24 1 4 0
E 4043 0 -2 -24
E 4043 1 -1 -16
E 4043 5 1 16
E 4043 6 2 24
T 4044 25 0 3 0
E 4044 0 -3 -28
E 4044 1 -2 -20
E 4044 6 2 20
T 4045 23 0 3 0
E 4045 0 -2 -20
E 4045 5 2 20
E 4045 6 3 28
T 4046 23 0 4 0
E 4046 0 -2 -22
E 4046 1 -1 -14
E 4046 5 2 18
E 4046 6 2 26
T 4047 23 0 4 0
E 4047 0 -2 -22
E 4047 1 -1 -14
E 4047 5 2 18
E 4047 6 2 26
T 4048 25 0 4 0
E 4048 0 -2 -26
E 4048 1 -2 -18
E 4048 5 1 14
E 4048 6 2 22
T 4049 25 0 4 0
E 4049 0 -2 -26
E 4049 1 -2 -18
E 4049 5 1 14
E 4049 6 2 22
T 4050 24 1 4 0
E 4050 0 -2 -24
E 4050 1 -1 -16
E 4050 5 1 16
E 4050 6 2 24
T 4051 23 0 4 0
E 4051 0 -2 -21
E 4051 1 -1 -13
E 4051 5 2 19
E 4051 6 3 27
T 4052 23 0 4 0
E 4052 0 -2 -22
E 4052 1 -1 -14
E 4052 5 2 18
E 4052 6 2 26
T 4053 23 0 3 0
E 4053 0 -2 -20
E 4053 5 2 20
E 4053 6 3 28
T 4054 24 1 4 0
E 4054 0 -2 -24
E 4054 1 -1 -16
E 4054 5 1 16
E 4054 6 2 24
T 4055 25 0 4 0
E 4055 0 -3 -29
E 4055 1 -2 -21
E 4055 2 -1 -13
E 4055 6 2 19
T 4056 24 1 4 0
E 4056 0 -2 -24
E 4056 1 -1 -16
E 4056 5 1 16
E 4056 6 2 24
T 4057 25 0 4 0
E 4057 0 -3 -29
E 4057 1 -2 -21
E 4057 2 -1 -13
E 4057 6 2 19
T 4058 25 0 4 0
E 4058 0 -2 -26
E 4058 1 -2 -18
E 4058 5 1 14
E 4058 6 2 22
T 4059 27 0 4 0
E 4059 0 -3 -32
E 4059 1 -2 -24
E 4059 2 -1 -16
E 4059 6 1 16
T 4060 25 0 4 0
E 4060 0 -2 -26
E 4060 1 -2 -18
E 4060 5 1 14
E 4060 6 2 22
T 4061 25 1 4 0
E 4061 0 -2 -25
E 4061 1 -1 -17
E 4061 5 1 15
E 4061 6 2 23
T 4062 26 0 4 0
E 4062 0 -3 -30
E 4062 1 -2 -22
E 4062 2 -1 -14
E 4062 6 2 18
T 4063 28 0 4 0
E 4063 0 -3 -33
E 4063 1 -2 -25
E 4063 2 -1 -17
E 4063 6 1 15
T 4064 27 0 4 0
E 4064 0 -3 -32
E 4064 1 -2 -24
E 4064 2 -1 -16
E 4064 6 1 16
T 4065 28 0 4 0
E 4065 0 -3 -33
E 4065 1 -2 -25
E 4065 2 -1 -17
E 4065 6 1 15
T 4066 25 0 4 0
E 4066 0 -3 -29
E 4066 1 -2 -21
E 4066 2 -1 -13
E 4066 6 2 19
T 4067 23 0 3 0
E 4067 0 -2 -20
E 4067 5 2 20
E 4067 6 3 28
T 4068 25 0 4 0
E 4068 0 -3 -29
E 4068 1 -2 -21
E 4068 2 -1 -13
E 4068 6 2 19
T 4069 25 0 4 0
E 4069 0 -3 -29
E 4069 1 -2 -21
E 4069 2 -1 -13
E 4069 6 2 19
T 4070 25 0 4 0
E 4070 0 -3 -27
E 4070 1 -2 -19
E 4070 5 1 13
E 4070 6 2 21
T 4071 23 1 4 0
E 4071 0 -2 -23
E 4071 1 -1 -15
E 4071 5 1 17
E 4071 6 2 25
T 4072 25 0 4 0
E 4072 0 -3 -27
E 4072 1 -2 -19
E 4072 5 1 13
E 4072 6 2 21
T 4073 23 0 4 0
E 4073 0 -2 -22
E 4073 1 -1 -14
E 4073 5 2 18
E 4073 6 2 26
T 4074 23 0 4 0
E 4074 0 -2 -19
E 4074 4 1 13
E 4074 5 2 21
E 4074 6 3 29
T 4075 23 0 4 0
E 4075 0 -2 -22
E 4075 1 -1 -14
E 4075 5 2 18
E 4075 6 2 26
T 4076 25 0 3 0
E 4076 0 -3 -28
E 4076 1 -2 -20
E 4076 6 2 20
T 4077 23 0 4 0
E 4077 0 -2 -21
E 4077 1 -1 -13
E 4077 5 2 19
E 4077 6 3 27
T 4078 25 0 4 0
E 4078 0 -3 -29
E 4078 1 -2 -21
E 4078 2 -1 -13
E 4078 6 2 19
T 4079 26 0 4 0
E 4079 0 -3 -31
E 4079 1 -2 -23
E 4079 2 -1 -15
E 4079 6 1 17
T 4080 18 0 4 0
E 4080 0 1 17
E 4080 1 -2 -23
E 4080 2 -1 -15
E 4080 6 1 17
T 4081 20 1 4 0
E 4081 0 2 20
E 4081 1 -2 -23
E 4081 2 -1 -15
E 4081 6 1 17
T 4082 21 0 4 0
E 4082 0 2 20
E 4082 1 -2 -26
E 4082 2 -2 -18
E 4082 6 1 14
T 4083 22 0 4 0
E 4083 0 1 17
E 4083 1 -3 -32
E 4083 2 -2 -24
E 4083 3 -1 -16
T 4084 26 0 4 0
E 4084 0 2 22
E 4084 1 -3 -31
E 4084 2 -2 -23
E 4084 3 -1 -15
T 4085 28 0 4 0
E 4085 0 3 33
E 4085 1 2 25
E 4085 2 -1 -15
E 4085 6 1 17
T 4086 26 0 4 0
E 4086 0 2 25
E 4086 1 1 17
E 4086 2 -2 -26
E 4086 3 -2 -18
T 4087 27 0 4 0
E 4087 0 3 29
E 4087 1 2 21
E 4087 2 -2 -25
E 4087 3 -1 -17
T 4088 27 0 5 0
E 4088 0 2 23
E 4088 1 1 15
E 4088 2 -3 -34
E 4088 3 -2 -26
E 4088 4 -2 -18
T 4089 31 0 5 0
E 4089 0 2 25
E 4089 1 1 17
E 4089 2 -4 -36
E 4089 3 -3 -28
E 4089 4 -2 -20
T 4090 30 0 5 0
E 4090 0 3 34
E 4090 1 2 26
E 4090 2 2 18
E 4090 3 -2 -22
E 4090 4 -1 -14
T 4091 31 0 5 0
E 4091 0 3 33
E 4091 1 2 25
E 4091 2 1 17
E 4091 3 -2 -26
E 4091 4 -2 -18
T 4092 33 1 6 0
E 4092 0 3 33
E 4092 1 2 25
E 4092 2 1 17
E 4092 3 -3 -29
E 4092 4 -2 -21
E 4092 5 -1 -13
T 4093 33 0 6 0
E 4093 0 3 28
E 4093 1 2 20
E 4093 3 -4 -37
E 4093 4 -3 -29
E 4093 5 -2 -21
E 4093 6 -1 -13
T 4094 37 0 5 0
E 4094 0 4 41
E 4094 1 3 33
E 4094 2 2 25
E 4094 3 -3 -28
E 4094 4 -2 -20
T 4095 32 0 6 0
E 4095 0 4 38
E 4095 1 3 30
E 4095 2 2 22
E 4095 3 1 14
E 4095 4 -2 -26
E 4095 5 -2 -18
T 4096 33 0 6 0
E 4096 0 3 34
E 4096 1 2 26
E 4096 2 2 18
E 4096 4 -3 -33
E 4096 5 -2 -25
E 4096 6 -1 -17
T 4097 34 0 7 0
E 4097 0 4 38
E 4097 1 3 30
E 4097 2 2 22
E 4097 3 1 14
E 4097 4 -3 -32
E 4097 5 -2 -24
E 4097 6 -1 -16
T 4098 34 0 6 0
E 4098 0 3 30
E 4098 1 2 22
E 4098 2 1 14
E 4098 4 -4 -43
E 4098 5 -3 -35
E 4098 6 -3 -27
T 4099 38 0 7 0
E 4099 0 4 39
E 4099 1 3 31
E 4099 2 2 23
E 4099 3 1 15
E 4099 4 -4 -38
E 4099 5 -3 -30
E 4099 6 -2 -22
T 4100 35 0 7 0
E 4100 0 5 46
E 4100 1 4 38
E 4100 2 3 30
E 4100 3 2 22
E 4100 4 1 14
E 4100 5 -2 -26
E 4100 6 -2 -18
T 4101 36 0 6 0
E 4101 0 4 41
E 4101 1 3 33
E 4101 2 2 25
E 4101 3 1 17
E 4101 5 -3 -34
E 4101 6 -2 -26
T 4102 35 0 5 0
E 4102 0 3 34
E 4102 1 2 26
E 4102 2 2 18
E 4102 5 -4 -44
E 4102 6 -4 -36
T 4103 36 0 5 0
E 4103 0 3 33
E 4103 1 2 25
E 4103 2 1 17
E 4103 5 -5 -48
E 4103 6 -4 -40
T 4104 36 1 5 0
E 4104 0 4 36
E 4104 1 3 28
E 4104 2 2 20
E 4104 5 -5 -49
E 4104 6 -4 -41
T 4105 31 0 4 0
E 4105 0 4 36
E 4105 1 3 28
E 4105 2 2 20
E 4105 6 -4 -44
T 4106 32 0 4 0
E 4106 0 3 35
E 4106 1 3 27
E 4106 2 2 19
E 4106 6 -5 -48
T 4107 32 1 4 0
E 4107 0 3 32
E 4107 1 2 24
E 4107 2 1 16
E 4107 6 -6 -54
T 4108 34 0 5 0
E 4108 0 4 39
E 4108 1 3 31
E 4108 2 2 23
E 4108 3 1 15
E 4108 6 -5 -50
T 4109 31 1 4 0
E 4109 0 3 31
E 4109 1 2 23
E 4109 2 1 15
E 4109 6 -6 -62
T 4110 27 0 4 0
E 4110 0 3 32
E 4110 1 2 24
E 4110 2 1 16
E 4110 6 -1 -16
T 4111 23 0 4 0
E 4111 0 2 22
E 4111 1 1 14
E 4111 5 -2 -18
E 4111 6 -2 -26
T 4112 23 0 3 0
E 4112 0 2 20
E 4112 5 -2 -20
E 4112 6 -3 -28
T 4113 25 0 4 0
E 4113 0 3 29
E 4113 1 2 21
E 4113 2 1 13
E 4113 6 -2 -19
T 4114 23 0 4 0
E 4114 0 2 21
E 4114 1 1 13
E 4114 5 -2 -19
E 4114 6 -3 -27
T 4115 23 0 4 0
E 4115 0 2 21
E 4115 1 1 13
E 4115 5 -2 -19
E 4115 6 -3 -27
T 4116 25 0 3 0
E 4116 0 3 28
E 4116 1 2 20
E 4116 6 -2 -20
T 4117 25 0 3 0
E 4117 0 3 28
E 4117 1 2 20
E 4117 6 -2 -20
T 4118 26 0 4 0
E 4118 0 3 30
E 4118 1 2 22
E 4118 2 1 14
E 4118 6 -2 -18
T 4119 25 0 4 0
E 4119 0 3 27
E 4119 1 2 19
E 4119 5 -1 -13
E 4119 6 -2 -21
T 4120 26 0 4 0
E 4120 0 3 30
E 4120 1 2 22
E 4120 2 1 14
E 4120 6 -2 -18
T 4121 26 0 4 0
E 4121 0 3 30
E 4121 1 2 22
E 4121 2 1 14
E 4121 6 -2 -18
T 4122 24 1 4 0
E 4122 0 2 24
E 4122 1 1 16
E 4122 5 -1 -16
E 4122 6 -2 -24
T 4123 26 0 4 0
E 4123 0 3 30
E 4123 1 2 22
E 4123 2 1 14
E 4123 6 -2 -18
T 4124 23 1 4 0
E 4124 0 2 23
E 4124 1 1 15
E 4124 5 -1 -17
E 4124 6 -2 -25
T 4125 23 0 3 0
E 4125 0 2 20
E 4125 5 -2 -20
E 4125 6 -3 -28
T 4126 25 1 4 0
E 4126 0 2 25
E 4126 1 1 17
E 4126 5 -1 -15
E 4126 6 -2 -23
T 4127 25 0 3 0
E 4127 0 3 28
E 4127 1 2 20
E 4127 6 -2 -20
T 4128 23 1 4 0
E 4128 0 2 23
E 4128 1 1 15
E 4128 5 -1 -17
E 4128 6 -2 -25
T 4129 26 0 4 0
E 4129 0 3 30
E 4129 1 2 22
E 4129 2 1 14
E 4129 6 -2 -18
T 4130 27 0 4 0
E 4130 0 3 32
E 4130 1 2 24
E 4130 2 1 16
E 4130 6 -1 -16
T 4131 26 0 4 0
E 4131 0 3 31
E 4131 1 2 23
E 4131 2 1 15
E 4131 6 -1 -17
T 4132 23 1 4 0
E 4132 0 2 23
E 4132 1 1 15
E 4132 5 -1 -17
E 4132 6 -2 -25
T 4133 25 0 4 0
E 4133 0 2 26
E 4133 1 2 18
E 4133 5 -1 -14
E 4133 6 -2 -22
T 4134 25 0 4 0
E 4134 0 3 29
E 4134 1 2 21
E 4134 2 1 13
E 4134 6 -2 -19
T 4135 25 1 4 0
E 4135 0 2 25
E 4135 1 1 17
E 4135 5 -1 -15
E 4135 6 -2 -23
T 4136 25 0 4 0
E 4136 0 3 29
E 4136 1 2 21
E 4136 2 1 13
E 4136 6 -2 -19
T 4137 24 1 4 0
E 4137 0 2 24
E 4137 1 1 16
E 4137 5 -1 -16
E 4137 6 -2 -24
T 4138 25 1 4 0
E 4138 0 2 25
E 4138 1 1 17
E 4138 5 -1 -15
E 4138 6 -2 -23
T 4139 23 1 4 0
E 4139 0 2 23
E 4139 1 1 15
E 4139 5 -1 -17
E 4139 6 -2 -25
T 4140 25 1 4 0
E 4140 0 2 25
E 4140 1 1 17
E 4140 5 -1 -15
E 4140 6 -2 -23
T 4141 24 1 4 0
E 4141 0 2 24
E 4141 1 1 16
E 4141 5 -1 -16
E 4141 6 -2 -24
T 4142 26 0 4 0
E 4142 0 3 31
E 4142 1 2 23
E 4142 2 1 15
E 4142 6 -1 -17
T 4143 23 0 4 0
E 4143 0 2 22
E 4143 1 1 14
E 4143 5 -2 -18
E 4143 6 -2 -26
T 4144 23 0 3 0
E 4144 0 2 20
E 4144 5 -2 -20
E 4144 6 -3 -28
T 4145 23 1 4 0
E 4145 0 2 23
E 4145 1 1 15
E 4145 5 -1 -17
E 4145 6 -2 -25
T 4146 23 1 4 0
E 4146 0 2 23
E 4146 1 1 15
E 4146 5 -1 -17
E 4146 6 -2 -25
T 4147 23 0 4 0
E 4147 0 2 19
E 4147 4 -1 -13
E 4147 5 -2 -21
E 4147 6 -3 -29
T 4148 23 0 4 0
E 4148 0 2 19
E 4148 4 -1 -13
E 4148 5 -2 -21
E 4148 6 -3 -29
T 4149 24 1 4 0
E 4149 0 2 24
E 4149 1 1 16
E 4149 5 -1 -16
E 4149 6 -2 -24
T 4150 25 0 4 0
E 4150 0 3 29
E 4150 1 2 21
E 4150 2 1 13
E 4150 6 -2 -19
T 4151 23 0 3 0
E 4151 0 2 20
E 4151 5 -2 -20
E 4151 6 -3 -28
T 4152 23 1 4 0
E 4152 0 2 23
E 4152 1 1 15
E 4152 5 -1 -17
E 4152 6 -2 -25
T 4153 24 1 4 0
E 4153 0 2 24
E 4153 1 1 16
E 4153 5 -1 -16
E 4153 6 -2 -24
T 4154 23 0 4 0
E 4154 0 2 22
E 4154 1 1 14
E 4154 5 -2 -18
E 4154 6 -2 -26
T 4155 23 0 4 0
E 4155 0 2 19
E 4155 4 -1 -13
E 4155 5 -2 -21
E 4155 6 -3 -29
T 4156 25 0 3 0
E 4156 0 3 28
E 4156 1 2 20
E 4156 6 -2 -20
T 4157 25 0 4 0
E 4157 0 3 27
E 4157 1 2 19
E 4157 5 -1 -13
E 4157 6 -2 -21
T 4158 24 1 4 0
E 4158 0 2 24
E 4158 1 1 16
E 4158 5 -1 -16
E 4158 6 -2 -24
T 4159 25 0 3 0
E 4159 0 3 28
E 4159 1 2 20
E 4159 6 -2 -20
T 4160 23 1 4 0
E 4160 0 2 23
E 4160 1 1 15
E 4160 5 -1 -17
E 4160 6 -2 -25
T 4161 23 1 4 0
E 4161 0 2 23
E 4161 1 1 15
E 4161 5 -1 -17
E 4161 6 -2 -25
T 4162 23 1 4 0
E 4162 0 2 23
E 4162 1 1 15
E 4162 5 -1 -17
E 4162 6 -2 -25
T 4163 23 0 4 0
E 4163 0 2 21
E 4163 1 1 13
E 4163 5 -2 -19
E 4163 6 -3 -27
T 4164 25 0 4 0
E 4164 0 3 29
E 4164 1 2 21
E 4164 2 1 13
E 4164 6 -2 -19
T 4165 25 0 4 0
E 4165 0 2 26
E 4165 1 2 18
E 4165 5 -1 -14
E 4165 6 -2 -22
T 4166 25 0 4 0
E 4166 0 3 29
E 4166 1 2 21
E 4166 2 1 13
E 4166 6 -2 -19
T 4167 27 0 4 0
E 4167 0 3 32
E 4167 1 2 24
E 4167 2 1 16
E 4167 6 -1 -16
T 4168 26 0 4 0
E 4168 0 3 30
E 4168 1 2 22
E 4168 2 1 14
E 4168 6 -2 -18
T 4169 23 1 4 0
E 4169 0 2 23
E 4169 1 1 15
E 4169 5 -1 -17
E 4169 6 -2 -25
T 4170 25 0 4 0
E 4170 0 3 29
E 4170 1 2 21
E 4170 2 1 13
E 4170 6 -2 -19
T 4171 25 1 4 0
E 4171 0 2 25
E 4171 1 1 17
E 4171 5 -1 -15
E 4171 6 -2 -23
T 4172 25 0 3 0
E 4172 0 3 28
E 4172 1 2 20
E 4172 6 -2 -20
T 4173 25 0 4 0
E 4173 0 3 27
E 4173 1 2 19
E 4173 5 -1 -13
E 4173 6 -2 -21
T 4174 26 0 4 0
E 4174 0 3 30
E 4174 1 2 22
E 4174 2 1 14
E 4174 6 -2 -18
T 4175 27 0 4 0
E 4175 0 3 32
E 4175 1 2 24
E 4175 2 1 16
E 4175 6 -1 -16
T 4176 23 1 4 0
E 4176 0 2 23
E 4176 1 1 15
E 4176 5 -1 -17
E 4176 6 -2 -25
T 4177 23 0 4 0
E 4177 0 2 24
E 4177 1 2 19
E 4177 5 -1 -13
E 4177 6 -2 -21
T 4178 22 0 4 0
E 4178 0 2 26
E 4178 1 2 23
E 4178 2 1 15
E 4178 6 -1 -17
T 4179 16 0 4 0
E 4179 0 1 15
E 4179 1 1 15
E 4179 5 -1 -17
E 4179 6 -2 -25
T 4180 16 0 2 0
E 4180 5 -3 -20
E 4180 6 -4 -28
T 4181 12 0 3 0
E 4181 1 1 15
E 4181 5 -1 -17
E 4181 6 -2 -25
T 4182 13 0 3 0
E 4182 1 1 16
E 4182 5 -1 -13
E 4182 6 -2 -21
T 4183 11 0 3 0
E 4183 1 1 14
E 4183 5 -1 -13
E 4183 6 -2 -21
T 4184 9 1 3 0
E 4184 1 1 14
E 4184 2 1 14
E 4184 6 -2 -18
T 4185 9 0 3 0
E 4185 1 1 16
E 4185 2 2 19
E 4185 6 -1 -13
T 4186 6 1 2 0
E 4186 2 2 16
E 4186 6 -2 -16
T 4187 5 1 2 0
E 4187 2 2 15
E 4187 6 -2 -14
T 4188 6 0 3 0
E 4188 1 1 15
E 4188 2 2 20
E 4188 3 1 17
T 4189 0 0 2 0
E 4189 2 2 14
E 4189 3 2 14
T 4190 1 0 1 0
E 4190 6 -5 -17
T 4191 1 0 2 0
E 4191 2 2 14
E 4191 3 3 19
T 4192 3 0 1 0
E 4192 6 -4 -13
T 4193 5 0 1 0
E 4193 3 4 14
T 4194 8 0 0 0
T 4195 9 0 1 0
E 4195 0 -4 -13
T 4196 10 0 0 0
T 4197 10 0 1 0
E 4197 0 -5 -15
T 4198 10 0 1 0
E 4198 4 4 14
T 4199 10 0 1 0
E 4199 0 -4 -14
T 4200 11 0 2 0
E 4200 4 2 13
E 4200 5 2 16
T 4201 14 0 1 0
E 4201 5 5 16
T 4202 14 0 1 0
E 4202 5 5 16
T 4203 13 0 2 0
E 4203 0 -3 -18
E 4203 1 -2 -13
T 4204 12 0 2 0
E 4204 5 2 17
E 4204 6 2 17
T 4205 11 0 1 0
E 4205 0 -5 -16
T 4206 17 0 2 0
E 4206 5 2 13
E 4206 6 3 18
T 4207 19 0 3 0
E 4207 0 -2 -24
E 4207 1 -2 -19
E 4207 2 -1 -14
T 4208 16 0 2 0
E 4208 0 -3 -21
E 4208 1 -2 -16
T 4209 18 0 3 0
E 4209 0 -2 -23
E 4209 1 -2 -18
E 4209 2 -1 -13
T 4210 16 0 2 0
E 4210 0 -3 -21
E 4210 1 -2 -16
T 4211 16 0 2 0
E 4211 5 2 14
E 4211 6 3 19
T 4212 14 0 2 0
E 4212 0 -3 -19
E 4212 1 -2 -14
T 4213 17 1 2 0
E 4213 0 -2 -17
E 4213 6 2 13
T 4214 15 0 2 0
E 4214 0 -3 -20
E 4214 1 -2 -15
T 4215 13 1 2 0
E 4215 0 -2 -13
E 4215 6 2 17
T 4216 14 0 2 0
E 4216 0 -3 -19
E 4216 1 -2 -14
T 4217 14 0 2 0
E 4217 0 -3 -19
E 4217 1 -2 -14
T 4218 15 0 2 0
E 4218 5 2 15
E 4218 6 3 20
T 4219 14 1 2 0
E 4219 0 -2 -14
E 4219 6 2 16
T 4220 16 1 2 0
E 4220 0 -2 -16
E 4220 6 2 14
T 4221 17 0 2 0
E 4221 5 2 13
E 4221 6 3 18
T 4222 14 1 2 0
E 4222 0 -2 -14
E 4222 6 2 16
T 4223 15 0 2 0
E 4223 5 2 15
E 4223 6 3 20
T 4224 13 0 2 0
E 4224 0 -3 -18
E 4224 1 -2 -13
T 4225 14 0 2 0
E 4225 5 2 16
E 4225 6 3 21
T 4226 15 0 2 0
E 4226 5 2 16
E 4226 6 3 21
T 4227 15 0 2 0
E 4227 5 2 16
E 4227 6 3 21
T 4228 17 0 2 0
E 4228 5 2 15
E 4228 6 3 20
T 4229 15 0 3 0
E 4229 0 -1 -13
E 4229 5 1 15
E 4229 6 2 20
T 4230 17 0 2 0
E 4230 5 2 16
E 4230 6 3 21
T 4231 17 0 3 0
E 4231 0 -1 -15
E 4231 5 1 14
E 4231 6 2 19
T 4232 18 0 2 0
E 4232 0 -3 -23
E 4232 1 -2 -15
T 4233 16 0 3 0
E 4233 0 -1 -14
E 4233 5 1 16
E 4233 6 2 21
T 4234 21 0 3 0
E 4234 0 -2 -23
E 4234 1 -1 -15
E 4234 6 1 13
T 4235 19 0 3 0
E 4235 0 -2 -21
E 4235 1 -1 -13
E 4235 6 1 15
T 4236 19 0 2 0
E 4236 0 -4 -25
E 4236 1 -2 -17
T 4237 20 0 3 0
E 4237 0 -2 -22
E 4237 1 -1 -14
E 4237 6 1 15
T 4238 19 0 3 0
E 4238 0 -2 -18
E 4238 5 1 15
E 4238 6 2 20
T 4239 21 1 4 0
E 4239 0 -2 -21
E 4239 1 -1 -13
E 4239 5 1 13
E 4239 6 2 18
T 4240 21 0 3 0
E 4240 0 -2 -20
E 4240 5 1 14
E 4240 6 2 19
T 4241 23 0 3 0
E 4241 0 -2 -26
E 4241 1 -2 -18
E 4241 6 1 14
T 4242 21 0 3 0
E 4242 0 -2 -20
E 4242 5 1 15
E 4242 6 2 20
T 4243 23 0 3 0
E 4243 0 -2 -25
E 4243 1 -1 -17
E 4243 6 1 16
T 4244 24 0 4 0
E 4244 0 -3 -29
E 4244 1 -2 -21
E 4244 2 -1 -13
E 4244 6 1 13
T 4245 24 1 4 0
E 4245 0 -2 -24
E 4245 1 -1 -16
E 4245 5 1 13
E 4245 6 2 18
T 4246 23 0 3 0
E 4246 0 -3 -27
E 4246 1 -2 -19
E 4246 6 1 16
T 4247 25 1 4 0
E 4247 0 -2 -25
E 4247 1 -1 -17
E 4247 5 1 13
E 4247 6 2 18
T 4248 24 1 4 0
E 4248 0 -2 -24
E 4248 1 -1 -16
E 4248 5 1 15
E 4248 6 2 20
T 4249 24 0 3 0
E 4249 0 -3 -28
E 4249 1 -2 -20
E 4249 6 1 17
T 4250 24 0 4 0
E 4250 0 -3 -29
E 4250 1 -2 -21
E 4250 2 -1 -13
E 4250 6 1 16
T 4251 27 0 4 0
E 4251 0 -3 -32
E 4251 1 -2 -24
E 4251 2 -1 -16
E 4251 6 1 14
T 4252 28 0 4 0
E 4252 0 -3 -33
E 4252 1 -2 -25
E 4252 2 -1 -17
E 4252 6 1 13
T 4253 28 0 4 0
E 4253 0 -3 -34
E 4253 1 -2 -26
E 4253 2 -2 -18
E 4253 6 1 13
T 4254 27 0 3 0
E 4254 0 -4 -36
E 4254 1 -3 -28
E 4254 2 -2 -20
T 4255 25 0 4 0
E 4255 0 -3 -27
E 4255 1 -2 -19
E 4255 5 1 13
E 4255 6 2 21
T 4256 25 0 4 0
E 4256 0 -3 -27
E 4256 1 -2 -19
E 4256 5 1 13
E 4256 6 2 21
T 4257 26 0 4 0
E 4257 0 -3 -30
E 4257 1 -2 -22
E 4257 2 -1 -14
E 4257 6 2 18
T 4258 26 0 4 0
E 4258 0 -3 -31
E 4258 1 -2 -23
E 4258 2 -1 -15
E 4258 6 1 17
T 4259 25 1 4 0
E 4259 0 -2 -25
E 4259 1 -1 -17
E 4259 5 1 15
E 4259 6 2 23
T 4260 26 0 4 0
E 4260 0 -3 -31
E 4260 1 -2 -23
E 4260 2 -1 -15
E 4260 6 1 17
T 4261 25 0 3 0
E 4261 0 -3 -28
E 4261 1 -2 -20
E 4261 6 2 20
T 4262 25 0 4 0
E 4262 0 -3 -27
E 4262 1 -2 -19
E 4262 5 1 13
E 4262 6 2 21
T 4263 25 0 4 0
E 4263 0 -2 -26
E 4263 1 -2 -18
E 4263 5 1 14
E 4263 6 2 22
T 4264 25 1 4 0
E 4264 0 -2 -25
E 4264 1 -1 -17
E 4264 5 1 15
E 4264 6 2 23
T 4265 27 0 4 0
E 4265 0 -3 -32
E 4265 1 -2 -24
E 4265 2 -1 -16
E 4265 6 1 16
T 4266 28 0 4 0
E 4266 0 -3 -35
E 4266 1 -3 -27
E 4266 2 -2 -19
E 4266 6 1 13
T 4267 26 0 4 0
E 4267 0 -3 -30
E 4267 1 -2 -22
E 4267 2 -1 -14
E 4267 6 2 18
T 4268 26 0 4 0
E 4268 0 -3 -31
E 4268 1 -2 -23
E 4268 2 -1 -15
E 4268 6 1 17
T 4269 23 0 4 0
E 4269 0 -2 -22
E 4269 1 -1 -14
E 4269 5 2 18
E 4269 6 2 26
T 4270 23 0 4 0
E 4270 0 -2 -22
E 4270 1 -1 -14
E 4270 5 2 18
E 4270 6 2 26
T 4271 23 0 4 0
E 4271 0 -2 -19
E 4271 4 1 13
E 4271 5 2 21
E 4271 6 3 29
T 4272 23 0 3 0
E 4272 0 -2 -20
E 4272 5 2 20
E 4272 6 3 28
T 4273 23 1 4 0
E 4273 0 -2 -23
E 4273 1 -1 -15
E 4273 5 1 17
E 4273 6 2 25
T 4274 26 0 4 0
E 4274 0 -3 -30
E 4274 1 -2 -22
E 4274 2 -1 -14
E 4274 6 2 18
T 4275 25 0 3 0
E 4275 0 -3 -28
E 4275 1 -2 -20
E 4275 6 2 20
T 4276 26 0 4 0
E 4276 0 -3 -31
E 4276 1 -2 -23
E 4276 2 -1 -15
E 4276 6 1 17
T 4277 26 0 4 0
E 4277 0 -3 -31
E 4277 1 -2 -23
E 4277 2 -1 -15
E 4277 6 1 17
T 4278 25 0 4 0
E 4278 0 -3 -29
E 4278 1 -2 -21
E 4278 2 -1 -13
E 4278 6 2 19
T 4279 23 0 4 0
E 4279 0 -2 -21
E 4279 1 -1 -13
E 4279 5 2 19
E 4279 6 3 27
T 4280 22 0 4 0
E 4280 0 -2 -18
E 4280 4 1 14
E 4280 5 2 22
E 4280 6 3 30
T 4281 25 0 3 0
E 4281 0 -3 -28
E 4281 1 -2 -20
E 4281 6 2 20
T 4282 25 0 4 0
E 4282 0 -3 -27
E 4282 1 -2 -19
E 4282 5 1 13
E 4282 6 2 21
T 4283 25 0 4 0
E 4283 0 -3 -29
E 4283 1 -2 -21
E 4283 2 -1 -13
E 4283 6 2 19
T 4284 23 0 4 0
E 4284 0 -2 -22
E 4284 1 -1 -14
E 4284 5 2 18
E 4284 6 2 26
T 4285 25 0 4 0
E 4285 0 -3 -27
E 4285 1 -2 -19
E 4285 5 1 13
E 4285 6 2 21
T 4286 25 0 4 0
E 4286 0 -3 -29
E 4286 1 -2 -21
E 4286 2 -1 -13
E 4286 6 2 19
T 4287 25 0 4 0
E 4287 0 -3 -29
E 4287 1 -2 -21
E 4287 2 -1 -13
E 4287 6 2 19
T 4288 26 0 4 0
E 4288 0 -3 -30
E 4288 1 -2 -22
E 4288 2 -1 -14
E 4288 6 2 18
T 4289 23 0 4 0
E 4289 0 -2 -22
E 4289 1 -1 -14
E 4289 5 2 18
E 4289 6 2 26
T 4290 24 1 4 0
E 4290 0 -2 -24
E 4290 1 -1 -16
E 4290 5 1 16
E 4290 6 2 24
T 4291 23 0 4 0
E 4291 0 -2 -22
E 4291 1 -1 -14
E 4291 5 2 18
E 4291 6 2 26
T 4292 23 1 4 0
E 4292 0 -2 -23
E 4292 1 -1 -15
E 4292 5 1 17
E 4292 6 2 25
T 4293 25 0 4 0
E 4293 0 -3 -27
E 4293 1 -2 -19
E 4293 5 1 13
E 4293 6 2 21
T 4294 23 0 4 0
E 4294 0 -2 -22
E 4294 1 -1 -14
E 4294 5 2 18
E 4294 6 2 26
T 4295 25 0 4 0
E 4295 0 -2 -26
E 4295 1 -2 -18
E 4295 5 1 14
E 4295 6 2 22
T 4296 26 0 4 0
E 4296 0 -3 -31
E 4296 1 -2 -23
E 4296 2 -1 -15
E 4296 6 1 17
T 4297 25 0 3 0
E 4297 0 -3 -28
E 4297 1 -2 -20
E 4297 6 2 20
T 4298 23 1 4 0
E 4298 0 -2 -23
E 4298 1 -1 -15
E 4298 5 1 17
E 4298 6 2 25
T 4299 23 0 4 0
E 4299 0 -2 -21
E 4299 1 -1 -13
E 4299 5 2 19
E 4299 6 3 27
T 4300 23 0 4 0
E 4300 0 -2 -21
E 4300 1 -1 -13
E 4300 5 2 19
E 4300 6 3 27
T 4301 23 0 4 0
E 4301 0 -2 -21
E 4301 1 -1 -13
E 4301 5 2 19
E 4301 6 3 27
T 4302 23 1 4 0
E 4302 0 -2 -23
E 4302 1 -1 -15
E 4302 5 1 17
E 4302 6 2 25
T 4303 24 1 4 0
E 4303 0 -2 -24
E 4303 1 -1 -16
E 4303 5 1 16
E 4303 6 2 24
T 4304 26 0 4 0
E 4304 0 -3 -30
E 4304 1 -2 -22
E 4304 2 -1 -14
E 4304 6 2 18
T 4305 23 0 4 0
E 4305 0 -2 -22
E 4305 1 -1 -14
E 4305 5 2 18
E 4305 6 2 26
T 4306 23 0 4 0
E 4306 0 -2 -21
E 4306 1 -1 -13
E 4306 5 2 19
E 4306 6 3 27
T 4307 25 1 4 0
E 4307 0 -2 -25
E 4307 1 -1 -17
E 4307 5 1 15
E 4307 6 2 23
T 4308 23 0 4 0
E 4308 0 -2 -22
E 4308 1 -1 -14
E 4308 5 2 18
E 4308 6 2 26
T 4309 24 1 4 0
E 4309 0 -2 -24
E 4309 1 -1 -16
E 4309 5 1 16
E 4309 6 2 24
T 4310 25 0 3 0
E 4310 0 -3 -28
E 4310 1 -2 -20
E 4310 6 2 20
T 4311 25 0 4 0
E 4311 0 -3 -27
E 4311 1 -2 -19
E 4311 5 1 13
E 4311 6 2 21
T 4312 25 0 4 0
E 4312 0 -2 -26
E 4312 1 -2 -18
E 4312 5 1 14
E 4312 6 2 22
T 4313 27 0 4 0
E 4313 0 -3 -32
E 4313 1 -2 -24
E 4313 2 -1 -16
E 4313 6 1 16
T 4314 26 0 4 0
E 4314 0 -3 -30
E 4314 1 -2 -22
E 4314 2 -1 -14
E 4314 6 2 18
T 4315 23 0 4 0
E 4315 0 -2 -21
E 4315 1 -1 -13
E 4315 5 2 19
E 4315 6 3 27
T 4316 25 0 4 0
E 4316 0 -3 -29
E 4316 1 -2 -21
E 4316 2 -1 -13
E 4316 6 2 19
T 4317 24 1 4 0
E 4317 0 -2 -24
E 4317 1 -1 -16
E 4317 5 1 16
E 4317 6 2 24
T 4318 23 0 4 0
E 4318 0 -2 -22
E 4318 1 -1 -14
E 4318 5 2 18
E 4318 6 2 26
T 4319 23 0 4 0
E 4319 0 -2 -22
E 4319 1 -1 -14
E 4319 5 2 18
E 4319 6 2 26
T 4320 20 0 3 0
E 4320 0 3 28
E 4320 5 2 20
E 4320 6 3 28
T 4321 21 0 4 0
E 4321 0 2 22
E 4321 1 -2 -21
E 4321 2 -1 -13
E 4321 6 2 19
T 4322 24 0 4 0
E 4322 0 3 28
E 4322 1 -2 -18
E 4322 5 1 14
E 4322 6 2 22
T 4323 25 1 4 0
E 4323 0 2 25
E 4323 1 -2 -24
E 4323 2 -1 -16
E 4323 6 1 16
T 4324 30 0 3 0
E 4324 0 3 33
E 4324 1 -2 -20
E 4324 6 2 20
T 4325 25 0 3 0
E 4325 0 3 28
E 4325 1 2 20
E 4325 2 -2 -20
T 4326 28 0 3 0
E 4326 0 3 31
E 4326 1 2 23
E 4326 2 -2 -20
T 4327 27 0 4 0
E 4327 0 2 26
E 4327 1 2 18
E 4327 2 -3 -28
E 4327 3 -2 -20
T 4328 29 0 5 0
E 4328 0 3 28
E 4328 1 2 20
E 4328 2 -3 -29
E 4328 3 -2 -21
E 4328 4 -1 -13
T 4329 31 0 5 0
E 4329 0 3 30
E 4329 1 2 22
E 4329 2 -3 -31
E 4329 3 -2 -23
E 4329 4 -1 -15
T 4330 30 0 5 0
E 4330 0 3 35
E 4330 1 3 27
E 4330 2 2 19
E 4330 3 -2 -21
E 4330 4 -1 -13
T 4331 28 0 5 0
E 4331 0 2 26
E 4331 1 2 18
E 4331 3 -3 -33
E 4331 4 -2 -25
E 4331 5 -1 -17
T 4332 32 0 6 0
E 4332 0 2 25
E 4332 1 1 17
E 4332 3 -4 -37
E 4332 4 -3 -29
E 4332 5 -2 -21
E 4332 6 -1 -13
T 4333 33 0 6 0
E 4333 0 3 28
E 4333 1 2 20
E 4333 3 -4 -37
E 4333 4 -3 -29
E 4333 5 -2 -21
E 4333 6 -1 -13
T 4334 33 0 7 0
E 4334 0 3 29
E 4334 1 2 21
E 4334 2 1 13
E 4334 3 -4 -40
E 4334 4 -3 -32
E 4334 5 -2 -24
E 4334 6 -1 -16
T 4335 34 0 6 0
E 4335 0 4 41
E 4335 1 3 33
E 4335 2 2 25
E 4335 3 1 17
E 4335 4 -2 -23
E 4335 5 -1 -15
T 4336 34 0 6 0
E 4336 0 3 33
E 4336 1 2 25
E 4336 2 1 17
E 4336 4 -3 -34
E 4336 5 -2 -26
E 4336 6 -2 -18
T 4337 34 0 7 0
E 4337 0 4 38
E 4337 1 3 30
E 4337 2 2 22
E 4337 3 1 14
E 4337 4 -3 -32
E 4337 5 -2 -24
E 4337 6 -1 -16
T 4338 36 0 6 0
E 4338 0 3 34
E 4338 1 2 26
E 4338 2 2 18
E 4338 4 -4 -39
E 4338 5 -3 -31
E 4338 6 -2 -23
T 4339 38 0 6 0
E 4339 0 3 32
E 4339 1 2 24
E 4339 2 1 16
E 4339 4 -5 -45
E 4339 5 -4 -37
E 4339 6 -3 -29
T 4340 36 0 6 0
E 4340 0 4 41
E 4340 1 3 33
E 4340 2 2 25
E 4340 3 1 17
E 4340 5 -3 -31
E 4340 6 -2 -23
T 4341 36 0 6 0
E 4341 0 4 42
E 4341 1 3 34
E 4341 2 2 26
E 4341 3 2 18
E 4341 5 -3 -33
E 4341 6 -2 -25
T 4342 36 0 5 0
E 4342 0 3 33
E 4342 1 2 25
E 4342 2 1 17
E 4342 5 -5 -45
E 4342 6 -4 -37
T 4343 38 0 6 0
E 4343 0 4 41
E 4343 1 3 33
E 4343 2 2 25
E 4343 3 1 17
E 4343 5 -4 -40
E 4343 6 -3 -32
T 4344 36 0 5 0
E 4344 0 3 34
E 4344 1 2 26
E 4344 2 2 18
E 4344 5 -5 -51
E 4344 6 -4 -43
T 4345 32 0 4 0
E 4345 0 3 34
E 4345 1 2 26
E 4345 2 2 18
E 4345 6 -5 -46
T 4346 33 0 5 0
E 4346 0 4 39
E 4346 1 3 31
E 4346 2 2 23
E 4346 3 1 15
E 4346 6 -4 -44
T 4347 33 0 5 0
E 4347 0 4 38
E 4347 1 3 30
E 4347 2 2 22
E 4347 3 1 14
E 4347 6 -5 -48
T 4348 31 1 4 0
E 4348 0 3 31
E 4348 1 2 23
E 4348 2 1 15
E 4348 6 -6 -58
T 4349 31 1 4 0
E 4349 0 3 31
E 4349 1 2 23
E 4349 2 1 15
E 4349 6 -6 -62
T 4350 27 0 3 0
E 4350 0 4 36
E 4350 1 3 28
E 4350 2 2 20
T 4351 24 1 4 0
E 4351 0 2 24
E 4351 1 1 16
E 4351 5 -1 -16
E 4351 6 -2 -24
T 4352 26 0 4 0
E 4352 0 3 30
E 4352 1 2 22
E 4352 2 1 14
E 4352 6 -2 -18
T 4353 25 0 4 0
E 4353 0 2 26
E 4353 1 2 18
E 4353 5 -1 -14
E 4353 6 -2 -22
T 4354 25 0 3 0
E 4354 0 3 28
E 4354 1 2 20
E 4354 6 -2 -20
T 4355 25 0 4 0
E 4355 0 2 26
E 4355 1 2 18
E 4355 5 -1 -14
E 4355 6 -2 -22
T 4356 24 1 4 0
E 4356 0 2 24
E 4356 1 1 16
E 4356 5 -1 -16
E 4356 6 -2 -24
T 4357 25 0 3 0
E 4357 0 3 28
E 4357 1 2 20
E 4357 6 -2 -20
T 4358 24 1 4 0
E 4358 0 2 24
E 4358 1 1 16
E 4358 5 -1 -16
E 4358 6 -2 -24
T 4359 26 0 4 0
E 4359 0 3 31
E 4359 1 2 23
E 4359 2 1 15
E 4359 6 -1 -17
T 4360 23 0 4 0
E 4360 0 2 22
E 4360 1 1 14
E 4360 5 -2 -18
E 4360 6 -2 -26
T 4361 23 0 3 0
E 4361 0 2 20
E 4361 5 -2 -20
E 4361 6 -3 -28
T 4362 23 0 4 0
E 4362 0 2 22
E 4362 1 1 14
E 4362 5 -2 -18
E 4362 6 -2 -26
T 4363 23 0 3 0
E 4363 0 2 20
E 4363 5 -2 -20
E 4363 6 -3 -28
T 4364 23 0 4 0
E 4364 0 2 21
E 4364 1 1 13
E 4364 5 -2 -19
E 4364 6 -3 -27
T 4365 26 0 4 0
E 4365 0 3 31
E 4365 1 2 23
E 4365 2 1 15
E 4365 6 -1 -17
T 4366 23 1 4 0
E 4366 0 2 23
E 4366 1 1 15
E 4366 5 -1 -17
E 4366 6 -2 -25
T 4367 25 0 4 0
E 4367 0 2 26
E 4367 1 2 18
E 4367 5 -1 -14
E 4367 6 -2 -22
T 4368 27 0 4 0
E 4368 0 3 32
E 4368 1 2 24
E 4368 2 1 16
E 4368 6 -1 -16
T 4369 28 0 4 0
E 4369 0 3 34
E 4369 1 2 26
E 4369 2 2 18
E 4369 6 -1 -14
T 4370 28 0 4 0
E 4370 0 3 34
E 4370 1 2 26
E 4370 2 2 18
E 4370 6 -1 -14
T 4371 25 0 4 0
E 4371 0 3 27
E 4371 1 2 19
E 4371 5 -1 -13
E 4371 6 -2 -21
T 4372 25 0 4 0
E 4372 0 3 29
E 4372 1 2 21
E 4372 2 1 13
E 4372 6 -2 -19
T 4373 23 0 3 0
E 4373 0 2 20
E 4373 5 -2 -20
E 4373 6 -3 -28
T 4374 25 1 4 0
E 4374 0 2 25
E 4374 1 1 17
E 4374 5 -1 -15
E 4374 6 -2 -23
T 4375 23 1 4 0
E 4375 0 2 23
E 4375 1 1 15
E 4375 5 -1 -17
E 4375 6 -2 -25
T 4376 25 0 3 0
E 4376 0 3 28
E 4376 1 2 20
E 4376 6 -2 -20
T 4377 23 1 4 0
E 4377 0 2 23
E 4377 1 1 15
E 4377 5 -1 -17
E 4377 6 -2 -25
T 4378 24 1 4 0
E 4378 0 2 24
E 4378 1 1 16
E 4378 5 -1 -16
E 4378 6 -2 -24
T 4379 24 1 4 0
E 4379 0 2 24
E 4379 1 1 16
E 4379 5 -1 -16
E 4379 6 -2 -24
T 4380 23 1 4 0
E 4380 0 2 23
E 4380 1 1 15
E 4380 5 -1 -17
E 4380 6 -2 -25
T 4381 23 0 4 0
E 4381 0 2 21
E 4381 1 1 13
E 4381 5 -2 -19
E 4381 6 -3 -27
T 4382 25 0 4 0
E 4382 0 3 27
E 4382 1 2 19
E 4382 5 -1 -13
E 4382 6 -2 -21
T 4383 25 1 4 0
E 4383 0 2 25
E 4383 1 1 17
E 4383 5 -1 -15
E 4383 6 -2 -23
T 4384 26 0 4 0
E 4384 0 3 31
E 4384 1 2 23
E 4384 2 1 15
E 4384 6 -1 -17
T 4385 25 0 4 0
E 4385 0 3 27
E 4385 1 2 19
E 4385 5 -1 -13
E 4385 6 -2 -21
T 4386 23 1 4 0
E 4386 0 2 23
E 4386 1 1 15
E 4386 5 -1 -17
E 4386 6 -2 -25
T 4387 23 0 4 0
E 4387 0 2 19
E 4387 4 -1 -13
E 4387 5 -2 -21
E 4387 6 -3 -29
T 4388 26 0 4 0
E 4388 0 3 30
E 4388 1 2 22
E 4388 2 1 14
E 4388 6 -2 -18
T 4389 26 0 4 0
E 4389 0 3 30
E 4389 1 2 22
E 4389 2 1 14
E 4389 6 -2 -18
T 4390 25 0 4 0
E 4390 0 3 27
E 4390 1 2 19
E 4390 5 -1 -13
E 4390 6 -2 -21
T 4391 27 0 4 0
E 4391 0 3 32
E 4391 1 2 24
E 4391 2 1 16
E 4391 6 -1 -16
T 4392 28 0 4 0
E 4392 0 3 33
E 4392 1 2 25
E 4392 2 1 17
E 4392 6 -1 -15
T 4393 28 0 4 0
E 4393 0 3 33
E 4393 1 2 25
E 4393 2 1 17
E 4393 6 -1 -15
T 4394 26 0 4 0
E 4394 0 3 30
E 4394 1 2 22
E 4394 2 1 14
E 4394 6 -2 -18
T 4395 26 0 4 0
E 4395 0 3 31
E 4395 1 2 23
E 4395 2 1 15
E 4395 6 -1 -17
T 4396 25 0 4 0
E 4396 0 3 29
E 4396 1 2 21
E 4396 2 1 13
E 4396 6 -2 -19
T 4397 25 1 4 0
E 4397 0 2 25
E 4397 1 1 17
E 4397 5 -1 -15
E 4397 6 -2 -23
T 4398 23 0 4 0
E 4398 0 2 21
E 4398 1 1 13
E 4398 5 -2 -19
E 4398 6 -3 -27
T 4399 23 0 4 0
E 4399 0 2 21
E 4399 1 1 13
E 4399 5 -2 -19
E 4399 6 -3 -27
T 4400 25 0 4 0
E 4400 0 2 26
E 4400 1 2 18
E 4400 5 -1 -14
E 4400 6 -2 -22
T 4401 26 0 4 0
E 4401 0 3 31
E 4401 1 2 23
E 4401 2 1 15
E 4401 6 -1 -17
T 4402 25 0 4 0
E 4402 0 3 27
E 4402 1 2 19
E 4402 5 -1 -13
E 4402 6 -2 -21
T 4403 23 0 4 0
E 4403 0 2 22
E 4403 1 1 14
E 4403 5 -2 -18
E 4403 6 -2 -26
T 4404 26 0 4 0
E 4404 0 3 31
E 4404 1 2 23
E 4404 2 1 15
E 4404 6 -1 -17
T 4405 25 1 4 0
E 4405 0 2 25
E 4405 1 1 17
E 4405 5 -1 -15
E 4405 6 -2 -23
T 4406 25 0 4 0
E 4406 0 2 26
E 4406 1 2 18
E 4406 5 -1 -14
E 4406 6 -2 -22
T 4407 25 0 4 0
E 4407 0 2 26
E 4407 1 2 18
E 4407 5 -1 -14
E 4407 6 -2 -22
T 4408 26 0 4 0
E 4408 0 3 31
E 4408 1 2 23
E 4408 2 1 15
E 4408 6 -1 -17
T 4409 23 1 4 0
E 4409 0 2 23
E 4409 1 1 15
E 4409 5 -1 -17
E 4409 6 -2 -25
T 4410 23 0 4 0
E 4410 0 2 22
E 4410 1 1 14
E 4410 5 -2 -18
E 4410 6 -2 -26
T 4411 25 0 4 0
E 4411 0 2 26
E 4411 1 2 18
E 4411 5 -1 -14
E 4411 6 -2 -22
T 4412 23 0 4 0
E 4412 0 2 22
E 4412 1 1 14
E 4412 5 -2 -18
E 4412 6 -2 -26
T 4413 23 0 3 0
E 4413 0 2 20
E 4413 5 -2 -20
E 4413 6 -3 -28
T 4414 25 0 4 0
E 4414 0 3 27
E 4414 1 2 19
E 4414 5 -1 -13
E 4414 6 -2 -21
T 4415 28 0 4 0
E 4415 0 3 33
E 4415 1 2 25
E 4415 2 1 17
E 4415 6 -1 -15
T 4416 25 1 4 0
E 4416 0 2 25
E 4416 1 1 17
E 4416 5 -1 -15
E 4416 6 -2 -23
T 4417 23 0 3 0
E 4417 0 2 25
E 4417 1 2 20
E 4417 6 -2 -20
T 4418 22 0 4 0
E 4418 0 2 25
E 4418 1 2 22
E 4418 2 1 14
E 4418 6 -2 -18
T 4419 20 0 4 0
E 4419 0 3 27
E 4419 1 3 27
E 4419 2 2 19
E 4419 6 -1 -13
T 4420 15 0 4 0
E 4420 0 2 18
E 4420 1 2 21
E 4420 2 1 13
E 4420 6 -2 -19
T 4421 15 0 4 0
E 4421 0 2 19
E 4421 1 2 24
E 4421 2 1 16
E 4421 6 -1 -16
T 4422 12 0 4 0
E 4422 0 1 14
E 4422 1 2 19
E 4422 2 1 14
E 4422 6 -2 -18
T 4423 11 0 2 0
E 4423 5 -2 -17
E 4423 6 -4 -25
T 4424 10 0 4 0
E 4424 0 1 16
E 4424 1 2 21
E 4424 2 2 21
E 4424 3 1 13
T 4425 8 0 3 0
E 4425 1 1 14
E 4425 2 1 17
E 4425 6 -1 -15
T 4426 7 0 3 0
E 4426 1 1 14
E 4426 2 2 19
E 4426 6 -1 -13
T 4427 2 0 1 0
E 4427 2 5 17
T 4428 0 0 1 0
E 4428 2 5 15
T 4429 0 0 2 0
E 4429 2 2 14
E 4429 3 2 14
T 4430 4 0 1 0
E 4430 3 4 13
T 4431 4 0 1 0
E 4431 6 -6 -19
T 4432 4 0 1 0
E 4432 6 -4 -14
T 4433 6 0 1 0
E 4433 6 -4 -14
T 4434 4 0 0 0
T 4435 10 0 0 0
T 4436 10 0 1 0
E 4436 0 -4 -14
T 4437 12 0 0 0
T 4438 11 0 1 0
E 4438 4 4 13
T 4439 12 0 1 0
E 4439 0 -5 -17
T 4440 9 0 1 0
E 4440 0 -4 -13
T 4441 8 0 3 0
E 4441 4 1 16
E 4441 5 2 21
E 4441 6 1 13
T 4442 9 0 3 0
E 4442 4 1 15
E 4442 5 2 20
E 4442 6 1 15
T 4443 15 0 1 0
E 4443 5 5 15
T 4444 10 0 1 0
E 4444 0 -4 -14
T 4445 14 1 2 0
E 4445 0 -2 -14
E 4445 6 2 14
T 4446 16 0 2 0
E 4446 0 -3 -21
E 4446 1 -2 -16
T 4447 13 0 2 0
E 4447 0 -3 -18
E 4447 1 -2 -13
T 4448 15 0 2 0
E 4448 0 -3 -20
E 4448 1 -2 -15
T 4449 17 0 2 0
E 4449 0 -3 -22
E 4449 1 -2 -17
T 4450 14 0 2 0
E 4450 0 -3 -19
E 4450 1 -2 -14
T 4451 13 1 2 0
E 4451 0 -2 -13
E 4451 6 2 17
T 4452 13 0 2 0
E 4452 5 2 17
E 4452 6 3 22
T 4453 16 1 2 0
E 4453 0 -2 -16
E 4453 6 2 14
T 4454 13 1 2 0
E 4454 0 -2 -13
E 4454 6 2 17
T 4455 15 0 2 0
E 4455 5 2 15
E 4455 6 3 20
T 4456 13 0 2 0
E 4456 0 -3 -18
E 4456 1 -2 -13
T 4457 13 1 2 0
E 4457 0 -2 -13
E 4457 6 2 17
T 4458 13 0 2 0
E 4458 0 -3 -18
E 4458 1 -2 -13
T 4459 16 0 2 0
E 4459 5 2 14
E 4459 6 3 19
T 4460 14 1 2 0
E 4460 0 -2 -14
E 4460 6 2 16
T 4461 15 1 2 0
E 4461 0 -2 -15
E 4461 6 2 15
T 4462 17 1 2 0
E 4462 0 -2 -17
E 4462 6 2 13
T 4463 14 0 2 0
E 4463 0 -3 -19
E 4463 1 -2 -14
T 4464 16 1 2 0
E 4464 0 -2 -16
E 4464 6 2 14
T 4465 17 0 2 0
E 4465 0 -3 -22
E 4465 1 -2 -17
T 4466 14 0 2 0
E 4466 0 -3 -19
E 4466 1 -2 -13
T 4467 16 0 2 0
E 4467 5 2 15
E 4467 6 3 20
T 4468 16 0 2 0
E 4468 0 -3 -21
E 4468 1 -2 -14
T 4469 17 0 2 0
E 4469 5 2 16
E 4469 6 3 21
T 4470 17 0 3 0
E 4470 0 -1 -15
E 4470 5 1 13
E 4470 6 2 18
T 4471 18 0 2 0
E 4471 0 -3 -23
E 4471 1 -2 -15
T 4472 18 0 2 0
E 4472 0 -4 -24
E 4472 1 -2 -16
T 4473 18 0 3 0
E 4473 0 -1 -16
E 4473 5 1 14
E 4473 6 2 19
T 4474 19 0 3 0
E 4474 0 -2 -18
E 4474 5 1 13
E 4474 6 2 18
T 4475 19 0 3 0
E 4475 0 -1 -17
E 4475 5 1 14
E 4475 6 2 19
T 4476 21 0 3 0
E 4476 0 -2 -23
E 4476 1 -1 -15
E 4476 6 1 14
T 4477 19 0 2 0
E 4477 0 -3 -20
E 4477 6 2 17
T 4478 20 0 2 0
E 4478 0 -4 -27
E 4478 1 -3 -19
T 4479 21 0 3 0
E 4479 0 -2 -20
E 4479 5 1 14
E 4479 6 2 19
T 4480 21 0 3 0
E 4480 0 -2 -23
E 4480 1 -1 -15
E 4480 6 1 16
T 4481 23 0 3 0
E 4481 0 -3 -27
E 4481 1 -2 -19
E 4481 6 1 13
T 4482 21 0 3 0
E 4482 0 -2 -23
E 4482 1 -1 -15
E 4482 6 1 17
T 4483 23 0 3 0
E 4483 0 -3 -29
E 4483 1 -2 -21
E 4483 2 -1 -13
T 4484 23 0 3 0
E 4484 0 -2 -26
E 4484 1 -2 -18
E 4484 6 1 16
T 4485 21 0 4 0
E 4485 0 -2 -18
E 4485 4 1 14
E 4485 5 2 19
E 4485 6 2 24
T 4486 24 0 4 0
E 4486 0 -3 -29
E 4486 1 -2 -21
E 4486 2 -1 -13
E 4486 6 1 14
T 4487 24 0 4 0
E 4487 0 -3 -29
E 4487 1 -2 -21
E 4487 2 -1 -13
E 4487 6 1 14
T 4488 22 1 4 0
E 4488 0 -2 -22
E 4488 1 -1 -14
E 4488 5 1 17
E 4488 6 2 22
T 4489 25 0 4 0
E 4489 0 -2 -26
E 4489 1 -2 -18
E 4489 5 1 14
E 4489 6 2 19
T 4490 25 0 4 0
E 4490 0 -3 -30
E 4490 1 -2 -22
E 4490 2 -1 -14
E 4490 6 1 15
T 4491 28 0 4 0
E 4491 0 -3 -33
E 4491 1 -2 -25
E 4491 2 -1 -17
E 4491 6 1 13
T 4492 25 0 4 0
E 4492 0 -3 -30
E 4492 1 -2 -22
E 4492 2 -1 -14
E 4492 6 1 16
T 4493 24 1 4 0
E 4493 0 -2 -24
E 4493 1 -1 -16
E 4493 5 1 16
E 4493 6 2 23
T 4494 23 0 4 0
E 4494 0 -2 -21
E 4494 1 -1 -13
E 4494 5 2 19
E 4494 6 3 27
T 4495 23 0 4 0
E 4495 0 -2 -21
E 4495 1 -1 -13
E 4495 5 2 19
E 4495 6 3 27
T 4496 23 1 4 0
E 4496 0 -2 -23
E 4496 1 -1 -15
E 4496 5 1 17
E 4496 6 2 25
T 4497 22 0 4 0
E 4497 0 -2 -18
E 4497 4 1 14
E 4497 5 2 22
E 4497 6 3 30
T 4498 25 0 4 0
E 4498 0 -3 -27
E 4498 1 -2 -19
E 4498 5 1 13
E 4498 6 2 21
T 4499 23 1 4 0
E 4499 0 -2 -23
E 4499 1 -1 -15
E 4499 5 1 17
E 4499 6 2 25
T 4500 25 1 4 0
E 4500 0 -2 -25
E 4500 1 -1 -17
E 4500 5 1 15
E 4500 6 2 23
T 4501 23 1 4 0
E 4501 0 -2 -23
E 4501 1 -1 -15
E 4501 5 1 17
E 4501 6 2 25
T 4502 25 1 4 0
E 4502 0 -2 -25
E 4502 1 -1 -17
E 4502 5 1 15
E 4502 6 2 23
T 4503 23 0 4 0
E 4503 0 -2 -21
E 4503 1 -1 -13
E 4503 5 2 19
E 4503 6 3 27
T 4504 25 1 4 0
E 4504 0 -2 -25
E 4504 1 -1 -17
E 4504 5 1 15
E 4504 6 2 23
T 4505 23 1 4 0
E 4505 0 -2 -23
E 4505 1 -1 -15
E 4505 5 1 17
E 4505 6 2 25
T 4506 23 0 4 0
E 4506 0 -2 -21
E 4506 1 -1 -13
E 4506 5 2 19
E 4506 6 3 27
T 4507 24 1 4 0
E 4507 0 -2 -24
E 4507 1 -1 -16
E 4507 5 1 16
E 4507 6 2 24
T 4508 25 1 4 0
E 4508 0 -2 -25
E 4508 1 -1 -17
E 4508 5 1 15
E 4508 6 2 23
T 4509 26 0 4 0
E 4509 0 -3 -30
E 4509 1 -2 -22
E 4509 2 -1 -14
E 4509 6 2 18
T 4510 23 0 4 0
E 4510 0 -2 -22
E 4510 1 -1 -14
E 4510 5 2 18
E 4510 6 2 26
T 4511 25 0 4 0
E 4511 0 -2 -26
E 4511 1 -2 -18
E 4511 5 1 14
E 4511 6 2 22
T 4512 26 0 4 0
E 4512 0 -3 -31
E 4512 1 -2 -23
E 4512 2 -1 -15
E 4512 6 1 17
T 4513 23 0 4 0
E 4513 0 -2 -22
E 4513 1 -1 -14
E 4513 5 2 18
E 4513 6 2 26
T 4514 24 1 4 0
E 4514 0 -2 -24
E 4514 1 -1 -16
E 4514 5 1 16
E 4514 6 2 24
T 4515 23 0 4 0
E 4515 0 -2 -22
E 4515 1 -1 -14
E 4515 5 2 18
E 4515 6 2 26
T 4516 23 0 3 0
E 4516 0 -2 -20
E 4516 5 2 20
E 4516 6 3 28
T 4517 22 0 4 0
E 4517 0 -2 -18
E 4517 4 1 14
E 4517 5 2 22
E 4517 6 3 30
T 4518 26 0 4 0
E 4518 0 -3 -30
E 4518 1 -2 -22
E 4518 2 -1 -14
E 4518 6 2 18
T 4519 25 1 4 0
E 4519 0 -2 -25
E 4519 1 -1 -17
E 4519 5 1 15
E 4519 6 2 23
T 4520 23 1 4 0
E 4520 0 -2 -23
E 4520 1 -1 -15
E 4520 5 1 17
E 4520 6 2 25
T 4521 25 0 4 0
E 4521 0 -3 -27
E 4521 1 -2 -19
E 4521 5 1 13
E 4521 6 2 21
T 4522 25 1 4 0
E 4522 0 -2 -25
E 4522 1 -1 -17
E 4522 5 1 15
E 4522 6 2 23
T 4523 25 0 4 0
E 4523 0 -3 -27
E 4523 1 -2 -19
E 4523 5 1 13
E 4523 6 2 21
T 4524 25 1 4 0
E 4524 0 -2 -25
E 4524 1 -1 -17
E 4524 5 1 15
E 4524 6 2 23
T 4525 23 0 4 0
E 4525 0 -2 -21
E 4525 1 -1 -13
E 4525 5 2 19
E 4525 6 3 27
T 4526 24 1 4 0
E 4526 0 -2 -24
E 4526 1 -1 -16
E 4526 5 1 16
E 4526 6 2 24
T 4527 23 0 4 0
E 4527 0 -2 -19
E 4527 4 1 13
E 4527 5 2 21
E 4527 6 3 29
T 4528 23 0 4 0
E 4528 0 -2 -22
E 4528 1 -1 -14
E 4528 5 2 18
E 4528 6 2 26
T 4529 23 0 4 0
E 4529 0 -2 -22
E 4529 1 -1 -14
E 4529 5 2 18
E 4529 6 2 26
T 4530 25 0 4 0
E 4530 0 -3 -27
E 4530 1 -2 -19
E 4530 5 1 13
E 4530 6 2 21
T 4531 26 0 4 0
E 4531 0 -3 -30
E 4531 1 -2 -22
E 4531 2 -1 -14
E 4531 6 2 18
T 4532 23 1 4 0
E 4532 0 -2 -23
E 4532 1 -1 -15
E 4532 5 1 17
E 4532 6 2 25
T 4533 23 1 4 0
E 4533 0 -2 -23
E 4533 1 -1 -15
E 4533 5 1 17
E 4533 6 2 25
T 4534 26 0 4 0
E 4534 0 -3 -31
E 4534 1 -2 -23
E 4534 2 -1 -15
E 4534 6 1 17
T 4535 23 0 4 0
E 4535 0 -2 -21
E 4535 1 -1 -13
E 4535 5 2 19
E 4535 6 3 27
T 4536 26 0 4 0
E 4536 0 -3 -30
E 4536 1 -2 -22
E 4536 2 -1 -14
E 4536 6 2 18
T 4537 28 0 4 0
E 4537 0 -3 -33
E 4537 1 -2 -25
E 4537 2 -1 -17
E 4537 6 1 15
T 4538 25 0 4 0
E 4538 0 -3 -27
E 4538 1 -2 -19
E 4538 5 1 13
E 4538 6 2 21
T 4539 23 1 4 0
E 4539 0 -2 -23
E 4539 1 -1 -15
E 4539 5 1 17
E 4539 6 2 25
T 4540 23 0 4 0
E 4540 0 -2 -22
E 4540 1 -1 -14
E 4540 5 2 18
E 4540 6 2 26
T 4541 23 1 4 0
E 4541 0 -2 -23
E 4541 1 -1 -15
E 4541 5 1 17
E 4541 6 2 25
T 4542 23 0 4 0
E 4542 0 -2 -21
E 4542 1 -1 -13
E 4542 5 2 19
E 4542 6 3 27
T 4543 23 0 4 0
E 4543 0 -2 -22
E 4543 1 -1 -14
E 4543 5 2 18
E 4543 6 2 26
T 4544 23 0 4 0
E 4544 0 -2 -22
E 4544 1 -1 -14
E 4544 5 2 18
E 4544 6 2 26
T 4545 25 0 4 0
E 4545 0 -3 -29
E 4545 1 -2 -21
E 4545 2 -1 -13
E 4545 6 2 19
T 4546 23 0 4 0
E 4546 0 -2 -21
E 4546 1 -1 -13
E 4546 5 2 19
E 4546 6 3 27
T 4547 24 1 4 0
E 4547 0 -2 -24
E 4547 1 -1 -16
E 4547 5 1 16
E 4547 6 2 24
T 4548 23 1 4 0
E 4548 0 -2 -23
E 4548 1 -1 -15
E 4548 5 1 17
E 4548 6 2 25
T 4549 25 0 4 0
E 4549 0 -3 -29
E 4549 1 -2 -21
E 4549 2 -1 -13
E 4549 6 2 19
T 4550 25 0 4 0
E 4550 0 -3 -29
E 4550 1 -2 -21
E 4550 2 -1 -13
E 4550 6 2 19
T 4551 25 0 4 0
E 4551 0 -3 -27
E 4551 1 -2 -19
E 4551 5 1 13
E 4551 6 2 21
T 4552 25 0 3 0
E 4552 0 -3 -28
E 4552 1 -2 -20
E 4552 6 2 20
T 4553 23 0 4 0
E 4553 0 -2 -21
E 4553 1 -1 -13
E 4553 5 2 19
E 4553 6 3 27
T 4554 25 0 4 0
E 4554 0 -3 -29
E 4554 1 -2 -21
E 4554 2 -1 -13
E 4554 6 2 19
T 4555 25 0 4 0
E 4555 0 -3 -27
E 4555 1 -2 -19
E 4555 5 1 13
E 4555 6 2 21
T 4556 27 0 4 0
E 4556 0 -3 -32
E 4556 1 -2 -24
E 4556 2 -1 -16
E 4556 6 1 16
T 4557 25 0 4 0
E 4557 0 -3 -27
E 4557 1 -2 -19
E 4557 5 1 13
E 4557 6 2 21
T 4558 26 0 4 0
E 4558 0 -3 -31
E 4558 1 -2 -23
E 4558 2 -1 -15
E 4558 6 1 17
T 4559 23 1 4 0
E 4559 0 -2 -23
E 4559 1 -1 -15
E 4559 5 1 17
E 4559 6 2 25
T 4560 18 0 4 0
E 4560 0 2 21
E 4560 1 -2 -19
E 4560 5 1 13
E 4560 6 2 21
T 4561 21 0 4 0
E 4561 0 2 22
E 4561 1 -2 -21
E 4561 2 -1 -13
E 4561 6 2 19
T 4562 21 1 4 0
E 4562 0 2 21
E 4562 1 -2 -25
E 4562 2 -1 -17
E 4562 6 1 15
T 4563 25 1 4 0
E 4563 0 2 25
E 4563 1 -2 -24
E 4563 2 -1 -16
E 4563 6 1 16
T 4564 27 0 4 0
E 4564 0 3 28
E 4564 1 -2 -25
E 4564 2 -1 -17
E 4564 6 1 15
T 4565 26 0 4 0
E 4565 0 3 31
E 4565 1 2 23
E 4565 2 -1 -17
E 4565 6 1 15
T 4566 26 0 4 0
E 4566 0 2 24
E 4566 1 1 16
E 4566 2 -3 -27
E 4566 3 -2 -19
T 4567 27 0 4 0
E 4567 0 2 26
E 4567 1 2 18
E 4567 2 -3 -28
E 4567 3 -2 -20
T 4568 32 0 4 0
E 4568 0 3 34
E 4568 1 2 26
E 4568 2 -2 -23
E 4568 3 -1 -15
T 4569 35 0 4 0
E 4569 0 4 39
E 4569 1 3 31
E 4569 2 -2 -22
E 4569 3 -1 -14
T 4570 30 0 5 0
E 4570 0 3 33
E 4570 1 2 25
E 4570 2 1 17
E 4570 3 -2 -23
E 4570 4 -1 -15
T 4571 31 0 5 0
E 4571 0 3 33
E 4571 1 2 25
E 4571 2 1 17
E 4571 3 -2 -26
E 4571 4 -2 -18
T 4572 31 1 6 0
E 4572 0 3 31
E 4572 1 2 23
E 4572 2 1 15
E 4572 3 -3 -31
E 4572 4 -2 -23
E 4572 5 -1 -15
T 4573 32 1 6 0
E 4573 0 3 32
E 4573 1 2 24
E 4573 2 1 16
E 4573 3 -3 -33
E 4573 4 -2 -25
E 4573 5 -1 -17
T 4574 35 0 6 0
E 4574 0 4 38
E 4574 1 3 30
E 4574 2 2 22
E 4574 3 -3 -31
E 4574 4 -2 -23
E 4574 5 -1 -15
T 4575 33 0 6 0
E 4575 0 3 35
E 4575 1 3 27
E 4575 2 2 19
E 4575 4 -3 -29
E 4575 5 -2 -21
E 4575 6 -1 -13
T 4576 33 0 6 0
E 4576 0 3 35
E 4576 1 3 27
E 4576 2 2 19
E 4576 4 -3 -32
E 4576 5 -2 -24
E 4576 6 -1 -16
T 4577 33 0 7 0
E 4577 0 4 37
E 4577 1 3 29
E 4577 2 2 21
E 4577 3 1 13
E 4577 4 -3 -33
E 4577 5 -2 -25
E 4577 6 -1 -17
T 4578 36 0 7 0
E 4578 0 4 37
E 4578 1 3 29
E 4578 2 2 21
E 4578 3 1 13
E 4578 4 -4 -36
E 4578 5 -3 -28
E 4578 6 -2 -20
T 4579 36 0 7 0
E 4579 0 4 37
E 4579 1 3 29
E 4579 2 2 21
E 4579 3 1 13
E 4579 4 -4 -40
E 4579 5 -3 -32
E 4579 6 -2 -24
T 4580 33 0 6 0
E 4580 0 4 37
E 4580 1 3 29
E 4580 2 2 21
E 4580 3 1 13
E 4580 5 -3 -35
E 4580 6 -3 -27
T 4581 36 0 6 0
E 4581 0 4 40
E 4581 1 3 32
E 4581 2 2 24
E 4581 3 1 16
E 4581 5 -3 -35
E 4581 6 -3 -27
T 4582 37 0 6 0
E 4582 0 4 43
E 4582 1 3 35
E 4582 2 3 27
E 4582 3 2 19
E 4582 5 -3 -35
E 4582 6 -3 -27
T 4583 35 0 6 0
E 4583 0 4 38
E 4583 1 3 30
E 4583 2 2 22
E 4583 3 1 14
E 4583 5 -4 -43
E 4583 6 -3 -35
T 4584 38 0 6 0
E 4584 0 4 42
E 4584 1 3 34
E 4584 2 2 26
E 4584 3 2 18
E 4584 5 -4 -43
E 4584 6 -3 -35
T 4585 35 0 5 0
E 4585 0 4 44
E 4585 1 4 36
E 4585 2 3 28
E 4585 3 2 20
E 4585 6 -4 -36
T 4586 32 0 4 0
E 4586 0 3 35
E 4586 1 3 27
E 4586 2 2 19
E 4586 6 -5 -48
T 4587 33 0 5 0
E 4587 0 4 38
E 4587 1 3 30
E 4587 2 2 22
E 4587 3 1 14
E 4587 6 -5 -48
T 4588 35 0 5 0
E 4588 0 4 40
E 4588 1 3 32
E 4588 2 2 24
E 4588 3 1 16
E 4588 6 -5 -49
T 4589 33 0 4 0
E 4589 0 3 35
E 4589 1 3 27
E 4589 2 2 19
E 4589 6 -6 -58
T 4590 31 0 4 0
E 4590 0 4 41
E 4590 1 3 33
E 4590 2 2 25
E 4590 3 1 17
T 4591 28 0 4 0
E 4591 0 3 35
E 4591 1 3 27
E 4591 2 2 19
E 4591 6 -1 -13
T 4592 25 0 4 0
E 4592 0 3 29
E 4592 1 2 21
E 4592 2 1 13
E 4592 6 -2 -19
T 4593 25 0 3 0
E 4593 0 3 28
E 4593 1 2 20
E 4593 6 -2 -20
T 4594 26 0 4 0
E 4594 0 3 31
E 4594 1 2 23
E 4594 2 1 15
E 4594 6 -1 -17
T 4595 24 1 4 0
E 4595 0 2 24
E 4595 1 1 16
E 4595 5 -1 -16
E 4595 6 -2 -24
T 4596 25 0 4 0
E 4596 0 3 27
E 4596 1 2 19
E 4596 5 -1 -13
E 4596 6 -2 -21
T 4597 24 1 4 0
E 4597 0 2 24
E 4597 1 1 16
E 4597 5 -1 -16
E 4597 6 -2 -24
T 4598 25 0 3 0
E 4598 0 3 28
E 4598 1 2 20
E 4598 6 -2 -20
T 4599 28 0 4 0
E 4599 0 3 33
E 4599 1 2 25
E 4599 2 1 17
E 4599 6 -1 -15
T 4600 25 0 3 0
E 4600 0 3 28
E 4600 1 2 20
E 4600 6 -2 -20
T 4601 25 0 3 0
E 4601 0 3 28
E 4601 1 2 20
E 4601 6 -2 -20
T 4602 28 0 4 0
E 4602 0 3 33
E 4602 1 2 25
E 4602 2 1 17
E 4602 6 -1 -15
T 4603 25 0 4 0
E 4603 0 3 29
E 4603 1 2 21
E 4603 2 1 13
E 4603 6 -2 -19
T 4604 25 0 4 0
E 4604 0 3 29
E 4604 1 2 21
E 4604 2 1 13
E 4604 6 -2 -19
T 4605 26 0 4 0
E 4605 0 3 30
E 4605 1 2 22
E 4605 2 1 14
E 4605 6 -2 -18
T 4606 25 1 4 0
E 4606 0 2 25
E 4606 1 1 17
E 4606 5 -1 -15
E 4606 6 -2 -23
T 4607 25 0 4 0
E 4607 0 2 26
E 4607 1 2 18
E 4607 5 -1 -14
E 4607 6 -2 -22
T 4608 27 0 4 0
E 4608 0 3 32
E 4608 1 2 24
E 4608 2 1 16
E 4608 6 -1 -16
T 4609 25 0 3 0
E 4609 0 3 28
E 4609 1 2 20
E 4609 6 -2 -20
T 4610 23 1 4 0
E 4610 0 2 23
E 4610 1 1 15
E 4610 5 -1 -17
E 4610 6 -2 -25
T 4611 23 1 4 0
E 4611 0 2 23
E 4611 1 1 15
E 4611 5 -1 -17
E 4611 6 -2 -25
T 4612 25 1 4 0
E 4612 0 2 25
E 4612 1 1 17
E 4612 5 -1 -15
E 4612 6 -2 -23
T 4613 23 0 4 0
E 4613 0 2 22
E 4613 1 1 14
E 4613 5 -2 -18
E 4613 6 -2 -26
T 4614 24 1 4 0
E 4614 0 2 24
E 4614 1 1 16
E 4614 5 -1 -16
E 4614 6 -2 -24
T 4615 25 0 3 0
E 4615 0 3 28
E 4615 1 2 20
E 4615 6 -2 -20
T 4616 23 1 4 0
E 4616 0 2 23
E 4616 1 1 15
E 4616 5 -1 -17
E 4616 6 -2 -25
T 4617 23 0 4 0
E 4617 0 2 21
E 4617 1 1 13
E 4617 5 -2 -19
E 4617 6 -3 -27
T 4618 25 0 4 0
E 4618 0 3 27
E 4618 1 2 19
E 4618 5 -1 -13
E 4618 6 -2 -21
T 4619 28 0 4 0
E 4619 0 3 33
E 4619 1 2 25
E 4619 2 1 17
E 4619 6 -1 -15
T 4620 28 0 4 0
E 4620 0 3 33
E 4620 1 2 25
E 4620 2 1 17
E 4620 6 -1 -15
T 4621 27 0 4 0
E 4621 0 3 32
E 4621 1 2 24
E 4621 2 1 16
E 4621 6 -1 -16
T 4622 25 0 4 0
E 4622 0 3 29
E 4622 1 2 21
E 4622 2 1 13
E 4622 6 -2 -19
T 4623 23 0 4 0
E 4623 0 2 21
E 4623 1 1 13
E 4623 5 -2 -19
E 4623 6 -3 -27
T 4624 25 1 4 0
E 4624 0 2 25
E 4624 1 1 17
E 4624 5 -1 -15
E 4624 6 -2 -23
T 4625 25 1 4 0
E 4625 0 2 25
E 4625 1 1 17
E 4625 5 -1 -15
E 4625 6 -2 -23
T 4626 26 0 4 0
E 4626 0 3 30
E 4626 1 2 22
E 4626 2 1 14
E 4626 6 -2 -18
T 4627 26 0 4 0
E 4627 0 3 30
E 4627 1 2 22
E 4627 2 1 14
E 4627 6 -2 -18
T 4628 25 0 3 0
E 4628 0 3 28
E 4628 1 2 20
E 4628 6 -2 -20
T 4629 23 0 4 0
E 4629 0 2 21
E 4629 1 1 13
E 4629 5 -2 -19
E 4629 6 -3 -27
T 4630 24 1 4 0
E 4630 0 2 24
E 4630 1 1 16
E 4630 5 -1 -16
E 4630 6 -2 -24
T 4631 23 0 3 0
E 4631 0 2 20
E 4631 5 -2 -20
E 4631 6 -3 -28
T 4632 25 0 4 0
E 4632 0 3 29
E 4632 1 2 21
E 4632 2 1 13
E 4632 6 -2 -19
T 4633 25 0 4 0
E 4633 0 3 27
E 4633 1 2 19
E 4633 5 -1 -13
E 4633 6 -2 -21
T 4634 24 1 4 0
E 4634 0 2 24
E 4634 1 1 16
E 4634 5 -1 -16
E 4634 6 -2 -24
T 4635 24 1 4 0
E 4635 0 2 24
E 4635 1 1 16
E 4635 5 -1 -16
E 4635 6 -2 -24
T 4636 23 1 4 0
E 4636 0 2 23
E 4636 1 1 15
E 4636 5 -1 -17
E 4636 6 -2 -25
T 4637 24 1 4 0
E 4637 0 2 24
E 4637 1 1 16
E 4637 5 -1 -16
E 4637 6 -2 -24
T 4638 23 0 4 0
E 4638 0 2 19
E 4638 4 -1 -13
E 4638 5 -2 -21
E 4638 6 -3 -29
T 4639 26 0 4 0
E 4639 0 3 30
E 4639 1 2 22
E 4639 2 1 14
E 4639 6 -2 -18
T 4640 28 0 4 0
E 4640 0 3 33
E 4640 1 2 25
E 4640 2 1 17
E 4640 6 -1 -15
T 4641 26 0 4 0
E 4641 0 3 31
E 4641 1 2 23
E 4641 2 1 15
E 4641 6 -1 -17
T 4642 28 0 4 0
E 4642 0 3 34
E 4642 1 2 26
E 4642 2 2 18
E 4642 6 -1 -14
T 4643 25 0 3 0
E 4643 0 3 28
E 4643 1 2 20
E 4643 6 -2 -20
T 4644 26 0 4 0
E 4644 0 3 31
E 4644 1 2 23
E 4644 2 1 15
E 4644 6 -1 -17
T 4645 25 0 4 0
E 4645 0 3 29
E 4645 1 2 21
E 4645 2 1 13
E 4645 6 -2 -19
T 4646 25 0 4 0
E 4646 0 2 26
E 4646 1 2 18
E 4646 5 -1 -14
E 4646 6 -2 -22
T 4647 28 0 4 0
E 4647 0 3 33
E 4647 1 2 25
E 4647 2 1 17
E 4647 6 -1 -15
T 4648 24 1 4 0
E 4648 0 2 24
E 4648 1 1 16
E 4648 5 -1 -16
E 4648 6 -2 -24
T 4649 23 0 4 0
E 4649 0 2 21
E 4649 1 1 13
E 4649 5 -2 -19
E 4649 6 -3 -27
T 4650 24 1 4 0
E 4650 0 2 24
E 4650 1 1 16
E 4650 5 -1 -16
E 4650 6 -2 -24
T 4651 26 0 4 0
E 4651 0 3 30
E 4651 1 2 22
E 4651 2 1 14
E 4651 6 -2 -18
T 4652 25 0 4 0
E 4652 0 3 27
E 4652 1 2 19
E 4652 5 -1 -13
E 4652 6 -2 -21
T 4653 25 0 4 0
E 4653 0 2 26
E 4653 1 2 18
E 4653 5 -1 -14
E 4653 6 -2 -22
T 4654 25 1 4 0
E 4654 0 2 25
E 4654 1 1 17
E 4654 5 -1 -15
E 4654 6 -2 -23
T 4655 25 0 3 0
E 4655 0 3 28
E 4655 1 2 20
E 4655 6 -2 -20
T 4656 23 0 4 0
E 4656 0 2 22
E 4656 1 1 14
E 4656 5 -2 -18
E 4656 6 -2 -26
T 4657 22 0 4 0
E 4657 0 2 23
E 4657 1 2 18
E 4657 5 -1 -14
E 4657 6 -2 -22
T 4658 20 1 4 0
E 4658 0 2 20
E 4658 1 1 17
E 4658 5 -1 -15
E 4658 6 -2 -23
T 4659 17 0 4 0
E 4659 0 1 16
E 4659 1 1 16
E 4659 5 -1 -16
E 4659 6 -2 -24
T 4660 18 0 4 0
E 4660 0 2 22
E 4660 1 2 25
E 4660 2 1 17
E 4660 6 -1 -15
T 4661 15 0 4 0
E 4661 0 1 17
E 4661 1 2 22
E 4661 2 1 14
E 4661 6 -2 -18
T 4662 14 0 4 0
E 4662 0 1 17
E 4662 1 2 22
E 4662 2 1 17
E 4662 6 -1 -15
T 4663 10 0 4 0
E 4663 0 1 13
E 4663 1 2 18
E 4663 2 1 15
E 4663 6 -1 -17
T 4664 10 0 2 0
E 4664 5 -2 -14
E 4664 6 -3 -22
T 4665 7 0 3 0
E 4665 1 1 13
E 4665 2 1 16
E 4665 6 -1 -16
T 4666 5 0 2 0
E 4666 1 2 15
E 4666 2 3 20
T 4667 4 1 2 0
E 4667 2 2 14
E 4667 6 -2 -15
T 4668 3 1 2 0
E 4668 2 2 13
E 4668 6 -2 -14
T 4669 4 0 1 0
E 4669 6 -5 -15
T 4670 1 0 2 0
E 4670 2 2 16
E 4670 3 3 19
T 4671 1 0 1 0
E 4671 6 -5 -15
T 4672 4 0 0 0
T 4673 3 0 2 0
E 4673 3 2 16
E 4673 4 2 13
T 4674 9 0 0 0
T 4675 12 0 0 0
T 4676 10 0 1 0
E 4676 0 -4 -14
T 4677 10 0 1 0
E 4677 0 -4 -14
T 4678 10 0 1 0
E 4678 0 -4 -14
T 4679 11 0 2 0
E 4679 4 2 13
E 4679 5 2 13
T 4680 11 0 1 0
E 4680 0 -5 -16
T 4681 10 0 1 0
E 4681 0 -5 -15
T 4682 10 0 1 0
E 4682 0 -4 -14
T 4683 9 0 1 0
E 4683 0 -4 -13
T 4684 12 0 2 0
E 4684 5 2 17
E 4684 6 2 17
T 4685 11 0 1 0
E 4685 0 -5 -16
T 4686 14 0 2 0
E 4686 5 2 16
E 4686 6 3 21
T 4687 15 0 2 0
E 4687 5 2 15
E 4687 6 3 20
T 4688 14 1 2 0
E 4688 0 -2 -14
E 4688 6 2 16
T 4689 15 0 2 0
E 4689 0 -3 -20
E 4689 1 -2 -15
T 4690 13 1 2 0
E 4690 0 -2 -13
E 4690 6 2 17
T 4691 14 0 2 0
E 4691 5 2 16
E 4691 6 3 21
T 4692 15 0 2 0
E 4692 5 2 15
E 4692 6 3 20
T 4693 14 0 2 0
E 4693 0 -3 -19
E 4693 1 -2 -14
T 4694 16 1 2 0
E 4694 0 -2 -16
E 4694 6 2 14
T 4695 14 1 2 0
E 4695 0 -2 -14
E 4695 6 2 16
T 4696 15 0 2 0
E 4696 5 2 15
E 4696 6 3 20
T 4697 13 0 2 0
E 4697 0 -3 -18
E 4697 1 -2 -13
T 4698 13 1 2 0
E 4698 0 -2 -13
E 4698 6 2 17
T 4699 15 1 2 0
E 4699 0 -2 -15
E 4699 6 2 15
T 4700 15 1 2 0
E 4700 0 -2 -15
E 4700 6 2 15
T 4701 14 0 2 0
E 4701 0 -3 -19
E 4701 1 -2 -14
T 4702 15 0 2 0
E 4702 5 2 15
E 4702 6 3 20
T 4703 15 0 2 0
E 4703 5 2 15
E 4703 6 3 20
T 4704 16 0 2 0
E 4704 5 2 14
E 4704 6 3 19
T 4705 17 0 2 0
E 4705 0 -3 -22
E 4705 1 -2 -17
T 4706 17 0 2 0
E 4706 0 -3 -18
E 4706 6 2 13
T 4707 15 1 2 0
E 4707 0 -2 -15
E 4707 6 2 16
T 4708 16 0 3 0
E 4708 0 -1 -14
E 4708 5 1 13
E 4708 6 2 18
T 4709 17 0 3 0
E 4709 0 -1 -15
E 4709 5 1 13
E 4709 6 2 18
T 4710 16 0 3 0
E 4710 0 -1 -14
E 4710 5 1 14
E 4710 6 2 19
T 4711 19 0 2 0
E 4711 0 -3 -20
E 4711 6 2 14
T 4712 17 0 2 0
E 4712 0 -3 -18
E 4712 6 2 16
T 4713 20 0 3 0
E 4713 0 -2 -22
E 4713 1 -1 -14
E 4713 6 1 13
T 4714 18 0 2 0
E 4714 0 -4 -24
E 4714 1 -2 -16
T 4715 19 0 3 0
E 4715 0 -2 -21
E 4715 1 -1 -13
E 4715 6 1 15
T 4716 22 0 3 0
E 4716 0 -2 -24
E 4716 1 -1 -16
E 4716 6 1 13
T 4717 19 0 2 0
E 4717 0 -3 -20
E 4717 6 2 17
T 4718 19 0 2 0
E 4718 0 -4 -26
E 4718 1 -3 -18
T 4719 20 0 4 0
E 4719 0 -1 -16
E 4719 4 1 13
E 4719 5 2 18
E 4719 6 2 23
T 4720 23 0 3 0
E 4720 0 -2 -26
E 4720 1 -2 -18
E 4720 6 1 13
T 4721 24 0 3 0
E 4721 0 -3 -30
E 4721 1 -2 -22
E 4721 2 -1 -14
T 4722 21 1 4 0
E 4722 0 -2 -21
E 4722 1 -1 -13
E 4722 5 1 14
E 4722 6 2 19
T 4723 21 0 4 0
E 4723 0 -1 -17
E 4723 4 1 14
E 4723 5 2 19
E 4723 6 2 24
T 4724 22 0 4 0
E 4724 0 -2 -19
E 4724 4 1 13
E 4724 5 2 18
E 4724 6 2 23
T 4725 24 0 3 0
E 4725 0 -3 -28
E 4725 1 -2 -20
E 4725 6 1 14
T 4726 23 0 3 0
E 4726 0 -2 -26
E 4726 1 -2 -18
E 4726 6 1 17
T 4727 24 1 4 0
E 4727 0 -2 -24
E 4727 1 -1 -16
E 4727 5 1 14
E 4727 6 2 19
T 4728 26 0 4 0
E 4728 0 -3 -31
E 4728 1 -2 -23
E 4728 2 -1 -15
E 4728 6 1 13
T 4729 27 0 4 0
E 4729 0 -3 -32
E 4729 1 -2 -24
E 4729 2 -1 -16
E 4729 6 1 13
T 4730 25 0 4 0
E 4730 0 -3 -27
E 4730 1 -2 -19
E 4730 5 1 13
E 4730 6 2 18
T 4731 25 0 4 0
E 4731 0 -2 -26
E 4731 1 -2 -18
E 4731 5 1 14
E 4731 6 2 20
T 4732 24 1 4 0
E 4732 0 -2 -24
E 4732 1 -1 -16
E 4732 5 1 16
E 4732 6 2 22
T 4733 24 1 4 0
E 4733 0 -2 -24
E 4733 1 -1 -16
E 4733 5 1 16
E 4733 6 2 23
T 4734 23 0 4 0
E 4734 0 -2 -22
E 4734 1 -1 -14
E 4734 5 2 18
E 4734 6 2 26
T 4735 23 0 3 0
E 4735 0 -2 -20
E 4735 5 2 20
E 4735 6 3 28
T 4736 26 0 4 0
E 4736 0 -3 -31
E 4736 1 -2 -23
E 4736 2 -1 -15
E 4736 6 1 17
T 4737 23 1 4 0
E 4737 0 -2 -23
E 4737 1 -1 -15
E 4737 5 1 17
E 4737 6 2 25
T 4738 25 0 4 0
E 4738 0 -3 -29
E 4738 1 -2 -21
E 4738 2 -1 -13
E 4738 6 2 19
T 4739 25 0 4 0
E 4739 0 -3 -29
E 4739 1 -2 -21
E 4739 2 -1 -13
E 4739 6 2 19
T 4740 24 1 4 0
E 4740 0 -2 -24
E 4740 1 -1 -16
E 4740 5 1 16
E 4740 6 2 24
T 4741 26 0 4 0
E 4741 0 -3 -30
E 4741 1 -2 -22
E 4741 2 -1 -14
E 4741 6 2 18
T 4742 23 0 4 0
E 4742 0 -2 -22
E 4742 1 -1 -14
E 4742 5 2 18
E 4742 6 2 26
T 4743 23 1 4 0
E 4743 0 -2 -23
E 4743 1 -1 -15
E 4743 5 1 17
E 4743 6 2 25
T 4744 23 0 4 0
E 4744 0 -2 -19
E 4744 4 1 13
E 4744 5 2 21
E 4744 6 3 29
T 4745 26 0 4 0
E 4745 0 -3 -30
E 4745 1 -2 -22
E 4745 2 -1 -14
E 4745 6 2 18
T 4746 28 0 4 0
E 4746 0 -3 -34
E 4746 1 -2 -26
E 4746 2 -2 -18
E 4746 6 1 14
T 4747 25 0 4 0
E 4747 0 -3 -27
E 4747 1 -2 -19
E 4747 5 1 13
E 4747 6 2 21
T 4748 25 0 4 0
E 4748 0 -2 -26
E 4748 1 -2 -18
E 4748 5 1 14
E 4748 6 2 22
T 4749 26 0 4 0
E 4749 0 -3 -31
E 4749 1 -2 -23
E 4749 2 -1 -15
E 4749 6 1 17
T 4750 26 0 4 0
E 4750 0 -3 -31
E 4750 1 -2 -23
E 4750 2 -1 -15
E 4750 6 1 17
T 4751 28 0 4 0
E 4751 0 -3 -34
E 4751 1 -2 -26
E 4751 2 -2 -18
E 4751 6 1 14
T 4752 23 1 4 0
E 4752 0 -2 -23
E 4752 1 -1 -15
E 4752 5 1 17
E 4752 6 2 25
T 4753 25 0 3 0
E 4753 0 -3 -28
E 4753 1 -2 -20
E 4753 6 2 20
T 4754 25 1 4 0
E 4754 0 -2 -25
E 4754 1 -1 -17
E 4754 5 1 15
E 4754 6 2 23
T 4755 25 0 4 0
E 4755 0 -2 -26
E 4755 1 -2 -18
E 4755 5 1 14
E 4755 6 2 22
T 4756 25 0 4 0
E 4756 0 -3 -29
E 4756 1 -2 -21
E 4756 2 -1 -13
E 4756 6 2 19
T 4757 25 1 4 0
E 4757 0 -2 -25
E 4757 1 -1 -17
E 4757 5 1 15
E 4757 6 2 23
T 4758 26 0 4 0
E 4758 0 -3 -31
E 4758 1 -2 -23
E 4758 2 -1 -15
E 4758 6 1 17
T 4759 23 1 4 0
E 4759 0 -2 -23
E 4759 1 -1 -15
E 4759 5 1 17
E 4759 6 2 25
T 4760 25 0 4 0
E 4760 0 -3 -29
E 4760 1 -2 -21
E 4760 2 -1 -13
E 4760 6 2 19
T 4761 25 0 4 0
E 4761 0 -3 -29
E 4761 1 -2 -21
E 4761 2 -1 -13
E 4761 6 2 19
T 4762 25 1 4 0
E 4762 0 -2 -25
E 4762 1 -1 -17
E 4762 5 1 15
E 4762 6 2 23
T 4763 25 0 3 0
E 4763 0 -3 -28
E 4763 1 -2 -20
E 4763 6 2 20
T 4764 25 0 4 0
E 4764 0 -2 -26
E 4764 1 -2 -18
E 4764 5 1 14
E 4764 6 2 22
T 4765 24 1 4 0
E 4765 0 -2 -24
E 4765 1 -1 -16
E 4765 5 1 16
E 4765 6 2 24
T 4766 25 1 4 0
E 4766 0 -2 -25
E 4766 1 -1 -17
E 4766 5 1 15
E 4766 6 2 23
T 4767 26 0 4 0
E 4767 0 -3 -31
E 4767 1 -2 -23
E 4767 2 -1 -15
E 4767 6 1 17
T 4768 28 0 4 0
E 4768 0 -3 -34
E 4768 1 -2 -26
E 4768 2 -2 -18
E 4768 6 1 14
T 4769 25 0 4 0
E 4769 0 -3 -27
E 4769 1 -2 -19
E 4769 5 1 13
E 4769 6 2 21
T 4770 25 0 4 0
E 4770 0 -2 -26
E 4770 1 -2 -18
E 4770 5 1 14
E 4770 6 2 22
T 4771 23 0 4 0
E 4771 0 -2 -22
E 4771 1 -1 -14
E 4771 5 2 18
E 4771 6 2 26
T 4772 25 0 4 0
E 4772 0 -3 -27
E 4772 1 -2 -19
E 4772 5 1 13
E 4772 6 2 21
T 4773 25 1 4 0
E 4773 0 -2 -25
E 4773 1 -1 -17
E 4773 5 1 15
E 4773 6 2 23
T 4774 25 1 4 0
E 4774 0 -2 -25
E 4774 1 -1 -17
E 4774 5 1 15
E 4774 6 2 23
T 4775 26 0 4 0
E 4775 0 -3 -30
E 4775 1 -2 -22
E 4775 2 -1 -14
E 4775 6 2 18
T 4776 24 1 4 0
E 4776 0 -2 -24
E 4776 1 -1 -16
E 4776 5 1 16
E 4776 6 2 24
T 4777 23 0 4 0
E 4777 0 -2 -22
E 4777 1 -1 -14
E 4777 5 2 18
E 4777 6 2 26
T 4778 23 0 3 0
E 4778 0 -2 -20
E 4778 5 2 20
E 4778 6 3 28
T 4779 24 1 4 0
E 4779 0 -2 -24
E 4779 1 -1 -16
E 4779 5 1 16
E 4779 6 2 24
T 4780 26 0 4 0
E 4780 0 -3 -30
E 4780 1 -2 -22
E 4780 2 -1 -14
E 4780 6 2 18
T 4781 28 0 4 0
E 4781 0 -3 -33
E 4781 1 -2 -25
E 4781 2 -1 -17
E 4781 6 1 15
T 4782 24 1 4 0
E 4782 0 -2 -24
E 4782 1 -1 -16
E 4782 5 1 16
E 4782 6 2 24
T 4783 25 0 3 0
E 4783 0 -3 -28
E 4783 1 -2 -20
E 4783 6 2 20
T 4784 24 1 4 0
E 4784 0 -2 -24
E 4784 1 -1 -16
E 4784 5 1 16
E 4784 6 2 24
T 4785 23 0 4 0
E 4785 0 -2 -19
E 4785 4 1 13
E 4785 5 2 21
E 4785 6 3 29
T 4786 26 0 4 0
E 4786 0 -3 -30
E 4786 1 -2 -22
E 4786 2 -1 -14
E 4786 6 2 18
T 4787 23 0 4 0
E 4787 0 -2 -21
E 4787 1 -1 -13
E 4787 5 2 19
E 4787 6 3 27
T 4788 25 0 4 0
E 4788 0 -3 -27
E 4788 1 -2 -19
E 4788 5 1 13
E 4788 6 2 21
T 4789 23 1 4 0
E 4789 0 -2 -23
E 4789 1 -1 -15
E 4789 5 1 17
E 4789 6 2 25
T 4790 22 0 4 0
E 4790 0 -2 -18
E 4790 4 1 14
E 4790 5 2 22
E 4790 6 3 30
T 4791 25 1 4 0
E 4791 0 -2 -25
E 4791 1 -1 -17
E 4791 5 1 15
E 4791 6 2 23
T 4792 24 1 4 0
E 4792 0 -2 -24
E 4792 1 -1 -16
E 4792 5 1 16
E 4792 6 2 24
T 4793 23 1 4 0
E 4793 0 -2 -23
E 4793 1 -1 -15
E 4793 5 1 17
E 4793 6 2 25
T 4794 25 0 4 0
E 4794 0 -3 -27
E 4794 1 -2 -19
E 4794 5 1 13
E 4794 6 2 21
T 4795 25 1 4 0
E 4795 0 -2 -25
E 4795 1 -1 -17
E 4795 5 1 15
E 4795 6 2 23
T 4796 23 0 4 0
E 4796 0 -2 -21
E 4796 1 -1 -13
E 4796 5 2 19
E 4796 6 3 27
T 4797 25 0 4 0
E 4797 0 -3 -29
E 4797 1 -2 -21
E 4797 2 -1 -13
E 4797 6 2 19
T 4798 26 0 4 0
E 4798 0 -3 -30
E 4798 1 -2 -22
E 4798 2 -1 -14
E 4798 6 2 18
T 4799 27 0 4 0
E 4799 0 -3 -32
E 4799 1 -2 -24
E 4799 2 -1 -16
E 4799 6 1 16
F 16871 97367 949 4667 192 0 16684 0
