T 0 3 0 0 0
T 1 1 0 0 0
T 2 7 0 0 0
T 3 2 0 0 0
T 4 1 0 0 0
T 5 19 0 6 0
E 5 1 -4 -13
E 5 2 -4 -13
E 5 3 -4 -13
E 5 4 -4 -13
E 5 5 -4 -13
E 5 6 -4 -13
T 6 17 0 7 1
E 6 0 2 26
E 6 1 2 18
E 6 2 1 17
E 6 3 1 17
E 6 4 1 17
E 6 5 1 17
E 6 6 1 17
T 7 9 0 1 0
E 7 0 4 13
T 8 10 0 1 0
E 8 0 5 15
T 9 11 0 0 0
T 10 10 0 1 0
E 10 0 4 14
T 11 12 0 1 0
E 11 0 5 17
T 12 10 0 1 0
E 12 0 4 14
T 13 10 0 0 0
T 14 11 0 1 0
E 14 0 5 16
T 15 29 0 4 0
E 15 3 -5 -15
E 15 4 -5 -15
E 15 5 -5 -15
E 15 6 -5 -15
T 16 9 0 3 0
E 16 0 10 31
E 16 1 7 23
E 16 2 5 15
T 17 27 0 3 0
E 17 4 -5 -15
E 17 5 -5 -15
E 17 6 -5 -15
T 18 12 0 2 0
E 18 0 9 27
E 18 1 6 19
T 19 13 0 1 0
E 19 0 6 19
T 20 26 0 4 0
E 20 0 5 16
E 20 4 -5 -16
E 20 5 -5 -16
E 20 6 -5 -16
T 21 9 0 3 0
E 21 0 11 33
E 21 1 8 25
E 21 2 5 17
T 22 32 0 3 0
E 22 4 -6 -20
E 22 5 -7 -23
E 22 6 -7 -23
T 23 4 0 4 0
E 23 0 13 39
E 23 1 10 31
E 23 2 7 23
E 23 3 5 15
T 24 45 0 5 0
E 24 2 -4 -13
E 24 3 -7 -21
E 24 4 -9 -29
E 24 5 -11 -35
E 24 6 -11 -35
T 25 4 0 5 0
E 25 0 16 48
E 25 1 13 40
E 25 2 10 32
E 25 3 8 24
E 25 4 5 16
T 26 52 0 5 0
E 26 2 -6 -20
E 26 3 -9 -28
E 26 4 -12 -36
E 26 5 -14 -44
E 26 6 -15 -45
T 27 6 0 5 0
E 27 0 17 51
E 27 1 14 43
E 27 2 11 35
E 27 3 9 27
E 27 4 6 19
T 28 52 0 5 0
E 28 2 -6 -19
E 28 3 -9 -27
E 28 4 -11 -35
E 28 5 -14 -43
E 28 6 -15 -47
T 29 4 0 5 0
E 29 0 16 49
E 29 1 13 41
E 29 2 11 33
E 29 3 8 25
E 29 4 5 17
T 30 53 0 5 0
E 30 2 -6 -18
E 30 3 -8 -26
E 30 4 -11 -34
E 30 5 -14 -42
E 30 6 -16 -50
T 31 12 0 6 0
E 31 0 18 54
E 31 1 15 46
E 31 2 12 38
E 31 3 10 30
E 31 4 7 22
E 31 5 4 14
T 32 13 0 7 1
E 32 0 -1 -14
E 32 1 -2 -22
E 32 2 -3 -30
E 32 3 -4 -38
E 32 4 -5 -46
E 32 5 -6 -54
E 32 6 -6 -62
T 33 34 0 4 0
E 33 0 5 17
E 33 4 -5 -15
E 33 5 -7 -23
E 33 6 -10 -31
T 34 4 0 4 0
E 34 0 13 40
E 34 1 10 32
E 34 2 8 24
E 34 3 5 16
T 35 43 0 4 0
E 35 3 -4 -14
E 35 4 -7 -22
E 35 5 -10 -30
E 35 6 -12 -38
T 36 4 0 5 0
E 36 0 16 48
E 36 1 13 40
E 36 2 10 32
E 36 3 8 24
E 36 4 5 16
T 37 52 0 5 0
E 37 2 -5 -16
E 37 3 -8 -24
E 37 4 -10 -32
E 37 5 -13 -40
E 37 6 -16 -48
T 38 11 0 6 0
E 38 0 17 53
E 38 1 15 45
E 38 2 12 37
E 38 3 9 29
E 38 4 7 21
E 38 5 4 13
T 39 66 0 6 0
E 39 1 -6 -20
E 39 2 -9 -28
E 39 3 -12 -36
E 39 4 -14 -44
E 39 5 -17 -52
E 39 6 -20 -60
T 40 38 0 7 1
E 40 0 8 73
E 40 1 7 65
E 40 2 6 57
E 40 3 5 49
E 40 4 4 41
E 40 5 3 33
E 40 6 2 25
T 41 13 0 4 0
E 41 0 11 35
E 41 1 9 27
E 41 2 6 19
E 41 6 -4 -13
T 42 34 0 4 0
E 42 0 5 16
E 42 4 -5 -16
E 42 5 -8 -24
E 42 6 -10 -32
T 43 5 0 4 0
E 43 0 12 38
E 43 1 10 30
E 43 2 7 22
E 43 3 4 14
T 44 45 0 4 0
E 44 3 -6 -18
E 44 4 -8 -26
E 44 5 -11 -34
E 44 6 -14 -42
T 45 2 0 5 0
E 45 0 15 46
E 45 1 12 38
E 45 2 10 30
E 45 3 7 22
E 45 4 4 14
T 46 51 0 5 0
E 46 2 -5 -15
E 46 3 -7 -23
E 46 4 -10 -31
E 46 5 -13 -39
E 46 6 -15 -47
T 47 6 0 5 0
E 47 0 17 52
E 47 1 14 44
E 47 2 12 36
E 47 3 9 28
E 47 4 6 20
T 48 59 0 6 0
E 48 1 -4 -13
E 48 2 -7 -21
E 48 3 -9 -29
E 48 4 -12 -37
E 48 5 -15 -45
E 48 6 -17 -53
T 49 14 0 6 0
E 49 0 18 56
E 49 1 16 48
E 49 2 13 40
E 49 3 10 32
E 49 4 8 24
E 49 5 5 16
T 50 13 0 7 1
E 50 0 -1 -14
E 50 1 -2 -22
E 50 2 -3 -30
E 50 3 -4 -38
E 50 4 -5 -46
E 50 5 -6 -54
E 50 6 -6 -62
T 51 33 0 4 0
E 51 0 6 19
E 51 4 -4 -13
E 51 5 -7 -21
E 51 6 -9 -29
T 52 5 0 4 0
E 52 0 12 37
E 52 1 9 29
E 52 2 7 21
E 52 3 4 13
T 53 52 0 5 0
E 53 2 -5 -16
E 53 3 -8 -24
E 53 4 -10 -32
E 53 5 -13 -40
E 53 6 -16 -48
T 54 12 0 6 0
E 54 0 18 54
E 54 1 15 46
E 54 2 12 38
E 54 3 10 30
E 54 4 7 22
E 54 5 4 14
T 55 62 0 6 0
E 55 1 -5 -16
E 55 2 -8 -24
E 55 3 -10 -32
E 55 4 -13 -40
E 55 5 -16 -48
E 55 6 -18 -56
T 56 16 0 6 0
E 56 0 19 58
E 56 1 16 50
E 56 2 14 42
E 56 3 11 34
E 56 4 8 26
E 56 5 6 18
T 57 11 0 7 1
E 57 0 -2 -20
E 57 1 -3 -28
E 57 2 -4 -36
E 57 3 -4 -44
E 57 4 -5 -52
E 57 5 -6 -60
E 57 6 -7 -68
T 58 45 0 4 0
E 58 3 -6 -18
E 58 4 -8 -26
E 58 5 -11 -34
E 58 6 -14 -42
T 59 6 0 5 0
E 59 0 17 51
E 59 1 14 43
E 59 2 11 35
E 59 3 9 27
E 59 4 6 19
T 60 51 0 5 0
E 60 2 -5 -15
E 60 3 -7 -23
E 60 4 -10 -31
E 60 5 -13 -39
E 60 6 -15 -47
T 61 3 0 5 0
E 61 0 15 47
E 61 1 13 39
E 61 2 10 31
E 61 3 7 23
E 61 4 5 15
T 62 54 0 5 0
E 62 2 -6 -20
E 62 3 -9 -28
E 62 4 -12 -36
E 62 5 -14 -44
E 62 6 -17 -52
T 63 35 0 7 1
E 63 0 6 61
E 63 1 5 53
E 63 2 5 45
E 63 3 4 37
E 63 4 3 29
E 63 5 2 21
E 63 6 1 13
T 64 4 0 4 0
E 64 0 13 39
E 64 1 10 31
E 64 2 7 23
E 64 3 5 15
T 65 43 0 4 0
E 65 3 -4 -14
E 65 4 -7 -22
E 65 5 -10 -30
E 65 6 -12 -38
T 66 4 0 4 0
E 66 0 13 40
E 66 1 10 32
E 66 2 8 24
E 66 3 5 16
T 67 43 0 4 0
E 67 3 -4 -14
E 67 4 -7 -22
E 67 5 -10 -30
E 67 6 -12 -38
T 68 2 0 5 0
E 68 0 15 46
E 68 1 12 38
E 68 2 10 30
E 68 3 7 22
E 68 4 4 14
T 69 45 0 4 0
E 69 3 -6 -19
E 69 4 -9 -27
E 69 5 -11 -35
E 69 6 -14 -43
T 70 11 0 6 0
E 70 0 17 53
E 70 1 15 45
E 70 2 12 37
E 70 3 9 29
E 70 4 7 21
E 70 5 4 13
T 71 59 0 6 0
E 71 1 -4 -13
E 71 2 -7 -21
E 71 3 -9 -29
E 71 4 -12 -37
E 71 5 -15 -45
E 71 6 -17 -53
T 72 35 0 7 1
E 72 0 6 61
E 72 1 5 53
E 72 2 5 45
E 72 3 4 37
E 72 4 3 29
E 72 5 2 21
E 72 6 1 13
T 73 15 0 4 0
E 73 0 10 30
E 73 1 7 22
E 73 2 4 14
E 73 6 -6 -18
T 74 34 0 4 0
E 74 0 5 17
E 74 4 -5 -15
E 74 5 -7 -23
E 74 6 -10 -31
T 75 3 0 4 0
E 75 0 14 42
E 75 1 11 34
E 75 2 8 26
E 75 3 6 18
T 76 44 0 4 0
E 76 3 -5 -17
E 76 4 -8 -25
E 76 5 -11 -33
E 76 6 -13 -41
T 77 3 0 5 0
E 77 0 15 47
E 77 1 13 39
E 77 2 10 31
E 77 3 7 23
E 77 4 5 15
T 78 61 0 6 0
E 78 1 -5 -15
E 78 2 -7 -23
E 78 3 -10 -31
E 78 4 -13 -39
E 78 5 -15 -47
E 78 6 -18 -55
T 79 35 0 7 1
E 79 0 6 62
E 79 1 6 54
E 79 2 5 46
E 79 3 4 38
E 79 4 3 30
E 79 5 2 22
E 79 6 1 14
T 80 3 0 4 0
E 80 0 14 42
E 80 1 11 34
E 80 2 8 26
E 80 3 6 18
T 81 45 0 4 0
E 81 3 -6 -19
E 81 4 -9 -27
E 81 5 -11 -35
E 81 6 -14 -43
T 82 3 0 4 0
E 82 0 14 43
E 82 1 11 35
E 82 2 9 27
E 82 3 6 19
T 83 45 0 4 0
E 83 3 -6 -18
E 83 4 -8 -26
E 83 5 -11 -34
E 83 6 -14 -42
T 84 2 0 5 0
E 84 0 15 45
E 84 1 12 37
E 84 2 9 29
E 84 3 7 21
E 84 4 4 13
T 85 52 0 5 0
E 85 2 -5 -16
E 85 3 -8 -24
E 85 4 -10 -32
E 85 5 -13 -40
E 85 6 -16 -48
T 86 3 0 5 0
E 86 0 15 47
E 86 1 13 39
E 86 2 10 31
E 86 3 7 23
E 86 4 5 15
T 87 52 0 5 0
E 87 2 -5 -16
E 87 3 -8 -24
E 87 4 -10 -32
E 87 5 -13 -40
E 87 6 -16 -48
T 88 6 0 5 0
E 88 0 17 52
E 88 1 14 44
E 88 2 12 36
E 88 3 9 28
E 88 4 6 20
T 89 52 0 5 0
E 89 2 -5 -17
E 89 3 -8 -25
E 89 4 -11 -33
E 89 5 -13 -41
E 89 6 -16 -49
T 90 4 0 5 0
E 90 0 16 48
E 90 1 13 40
E 90 2 10 32
E 90 3 8 24
E 90 4 5 16
T 91 63 0 6 0
E 91 1 -5 -17
E 91 2 -8 -25
E 91 3 -11 -33
E 91 4 -13 -41
E 91 5 -16 -49
E 91 6 -19 -57
T 92 17 0 6 0
E 92 0 19 59
E 92 1 17 51
E 92 2 14 43
E 92 3 11 35
E 92 4 9 27
E 92 5 6 19
T 93 11 0 7 1
E 93 0 -2 -22
E 93 1 -3 -30
E 93 2 -4 -38
E 93 3 -5 -46
E 93 4 -6 -54
E 93 5 -6 -62
E 93 6 -7 -70
T 94 43 0 4 0
E 94 3 -4 -13
E 94 4 -7 -21
E 94 5 -9 -29
E 94 6 -12 -37
T 95 3 0 5 0
E 95 0 15 47
E 95 1 13 39
E 95 2 10 31
E 95 3 7 23
E 95 4 5 15
T 96 53 0 5 0
E 96 2 -6 -18
E 96 3 -8 -26
E 96 4 -11 -34
E 96 5 -14 -42
E 96 6 -16 -50
T 97 17 0 6 0
E 97 0 18 54
E 97 1 16 49
E 97 2 13 41
E 97 3 11 33
E 97 4 8 25
E 97 5 5 17
T 98 8 0 7 1
E 98 0 -1 -15
E 98 1 -2 -18
E 98 2 -2 -26
E 98 3 -3 -34
E 98 4 -4 -42
E 98 5 -5 -50
E 98 6 -6 -58
T 99 31 0 3 0
E 99 4 -4 -14
E 99 5 -7 -22
E 99 6 -10 -30
T 100 5 0 4 0
E 100 0 11 33
E 100 1 12 36
E 100 2 9 28
E 100 3 6 20
T 101 31 0 4 0
E 101 3 -5 -17
E 101 4 -8 -25
E 101 5 -11 -33
E 101 6 -13 -41
T 102 7 0 4 0
E 102 0 9 27
E 102 1 10 32
E 102 2 9 27
E 102 3 6 19
T 103 21 0 3 0
E 103 4 -5 -17
E 103 5 -8 -25
E 103 6 -11 -33
T 104 8 0 4 0
E 104 0 7 23
E 104 1 9 28
E 104 2 9 28
E 104 3 6 20
T 105 15 0 3 0
E 105 4 -5 -16
E 105 5 -8 -24
E 105 6 -10 -32
T 106 3 0 3 0
E 106 1 4 14
E 106 2 6 19
E 106 6 -4 -13
T 107 9 0 2 0
E 107 5 -4 -13
E 107 6 -7 -21
T 108 3 1 2 0
E 108 2 4 13
E 108 6 -4 -14
T 109 8 0 3 0
E 109 1 4 13
E 109 2 6 18
E 109 3 6 18
T 110 1 0 1 0
E 110 6 -5 -15
T 111 3 0 0 0
T 112 6 0 0 0
T 113 6 0 1 0
E 113 6 -4 -14
T 114 10 0 2 0
E 114 3 4 13
E 114 4 4 13
T 115 6 0 2 0
E 115 0 -5 -15
E 115 6 -4 -13
T 116 8 0 0 0
T 117 11 0 0 0
T 118 8 0 2 0
E 118 0 -6 -18
E 118 1 -4 -13
T 119 13 0 2 0
E 119 4 5 17
E 119 5 5 17
T 120 13 0 1 0
E 120 5 4 14
T 121 15 0 1 0
E 121 5 5 15
T 122 16 0 1 0
E 122 5 4 13
T 123 16 0 1 0
E 123 5 4 13
T 124 10 0 2 0
E 124 0 -7 -22
E 124 1 -5 -17
T 125 11 0 1 0
E 125 0 -5 -16
T 126 20 0 2 0
E 126 5 5 17
E 126 6 7 22
T 127 6 0 3 0
E 127 0 -7 -23
E 127 1 -6 -18
E 127 2 -4 -13
T 128 21 0 2 0
E 128 5 5 15
E 128 6 6 20
T 129 9 0 2 0
E 129 0 -7 -21
E 129 1 -5 -16
T 130 22 0 2 0
E 130 5 4 13
E 130 6 6 18
T 131 2 0 4 0
E 131 0 -9 -29
E 131 1 -8 -24
E 131 2 -6 -19
E 131 3 -4 -14
T 132 24 0 3 0
E 132 4 5 17
E 132 5 7 22
E 132 6 9 27
T 133 1 0 4 0
E 133 0 -10 -30
E 133 1 -8 -25
E 133 2 -6 -20
E 133 3 -5 -15
T 134 29 0 4 0
E 134 3 5 15
E 134 4 6 20
E 134 5 8 25
E 134 6 10 30
T 135 5 0 5 0
E 135 0 -11 -35
E 135 1 -10 -30
E 135 2 -8 -25
E 135 3 -6 -20
E 135 4 -5 -15
T 136 34 0 5 0
E 136 2 4 13
E 136 3 6 18
E 136 4 7 23
E 136 5 9 28
E 136 6 11 33
T 137 6 0 5 0
E 137 0 -12 -37
E 137 1 -10 -32
E 137 2 -9 -27
E 137 3 -7 -22
E 137 4 -5 -17
T 138 29 0 4 0
E 138 3 5 16
E 138 4 7 21
E 138 5 8 26
E 138 6 10 31
T 139 1 0 4 0
E 139 0 -10 -32
E 139 1 -9 -27
E 139 2 -7 -22
E 139 3 -5 -17
T 140 24 0 3 0
E 140 4 5 16
E 140 5 7 21
E 140 6 8 26
T 141 6 0 3 0
E 141 0 -8 -25
E 141 1 -6 -20
E 141 2 -5 -15
T 142 24 0 3 0
E 142 4 5 16
E 142 5 7 21
E 142 6 8 26
T 143 2 0 4 0
E 143 0 -9 -29
E 143 1 -8 -24
E 143 2 -6 -19
E 143 3 -4 -14
T 144 29 0 4 0
E 144 3 5 16
E 144 4 7 21
E 144 5 8 26
E 144 6 10 31
T 145 2 0 4 0
E 145 0 -9 -28
E 145 1 -7 -23
E 145 2 -6 -18
E 145 3 -4 -13
T 146 29 0 4 0
E 146 3 4 14
E 146 4 6 19
E 146 5 8 24
E 146 6 9 29
T 147 7 0 3 0
E 147 0 -8 -25
E 147 1 -6 -19
E 147 2 -4 -14
T 148 26 0 3 0
E 148 4 4 14
E 148 5 6 19
E 148 6 8 24
T 149 11 0 2 0
E 149 0 -8 -24
E 149 1 -5 -16
T 150 16 1 2 0
E 150 0 -5 -16
E 150 6 5 17
T 151 17 1 2 0
E 151 0 -5 -17
E 151 6 5 17
T 152 21 0 3 0
E 152 0 -5 -16
E 152 5 4 13
E 152 6 6 18
T 153 9 0 3 0
E 153 0 -9 -29
E 153 1 -7 -21
E 153 2 -4 -14
T 154 34 0 4 0
E 154 3 4 14
E 154 4 6 19
E 154 5 8 24
E 154 6 9 29
T 155 1 0 5 0
E 155 0 -13 -40
E 155 1 -10 -32
E 155 2 -8 -24
E 155 3 -6 -19
E 155 4 -4 -14
T 156 45 0 5 0
E 156 2 6 19
E 156 3 8 25
E 156 4 10 30
E 156 5 11 35
E 156 6 13 40
T 157 3 0 5 0
E 157 0 -14 -44
E 157 1 -12 -36
E 157 2 -9 -28
E 157 3 -7 -22
E 157 4 -5 -17
T 158 46 0 5 0
E 158 2 6 18
E 158 3 8 25
E 158 4 10 30
E 158 5 11 35
E 158 6 13 40
T 159 3 0 5 0
E 159 0 -15 -45
E 159 1 -12 -37
E 159 2 -9 -29
E 159 3 -7 -21
E 159 4 -5 -16
T 160 56 0 6 0
E 160 1 5 16
E 160 2 8 24
E 160 3 10 32
E 160 4 12 37
E 160 5 14 42
E 160 6 15 47
T 161 31 0 7 1
E 161 0 -6 -54
E 161 1 -5 -46
E 161 2 -4 -38
E 161 3 -3 -30
E 161 4 -2 -24
E 161 5 -2 -19
E 161 6 -1 -14
T 162 9 0 3 0
E 162 0 -10 -31
E 162 1 -7 -23
E 162 2 -5 -15
T 163 30 0 4 0
E 163 0 -5 -15
E 163 4 5 16
E 163 5 7 21
E 163 6 8 26
T 164 9 0 3 0
E 164 0 -12 -36
E 164 1 -9 -28
E 164 2 -6 -20
T 165 32 0 4 0
E 165 0 -4 -14
E 165 4 6 18
E 165 5 7 23
E 165 6 9 28
T 166 9 0 3 0
E 166 0 -11 -35
E 166 1 -9 -27
E 166 2 -6 -19
T 167 43 0 4 0
E 167 3 6 19
E 167 4 9 27
E 167 5 11 33
E 167 6 12 38
T 168 3 0 4 0
E 168 0 -14 -42
E 168 1 -11 -34
E 168 2 -8 -26
E 168 3 -6 -18
T 169 43 0 4 0
E 169 3 5 15
E 169 4 7 23
E 169 5 10 31
E 169 6 12 36
T 170 4 0 5 0
E 170 0 -16 -49
E 170 1 -13 -41
E 170 2 -11 -33
E 170 3 -8 -25
E 170 4 -5 -17
T 171 51 0 5 0
E 171 2 5 17
E 171 3 8 25
E 171 4 11 33
E 171 5 13 41
E 171 6 15 47
T 172 13 0 6 0
E 172 0 -18 -55
E 172 1 -15 -47
E 172 2 -13 -39
E 172 3 -10 -31
E 172 4 -7 -23
E 172 5 -5 -15
T 173 13 0 7 1
E 173 0 1 13
E 173 1 2 21
E 173 2 3 29
E 173 3 4 37
E 173 4 5 45
E 173 5 5 53
E 173 6 6 60
T 174 33 0 4 0
E 174 0 -6 -18
E 174 4 4 14
E 174 5 7 22
E 174 6 10 30
T 175 4 0 4 0
E 175 0 -13 -40
E 175 1 -10 -32
E 175 2 -8 -24
E 175 3 -5 -16
T 176 39 0 3 0
E 176 4 6 20
E 176 5 9 28
E 176 6 12 36
T 177 4 0 4 0
E 177 0 -13 -39
E 177 1 -10 -31
E 177 2 -7 -23
E 177 3 -5 -15
T 178 44 0 4 0
E 178 3 5 16
E 178 4 8 24
E 178 5 10 32
E 178 6 13 40
T 179 3 0 4 0
E 179 0 -14 -44
E 179 1 -12 -36
E 179 2 -9 -28
E 179 3 -6 -20
T 180 51 0 5 0
E 180 2 5 15
E 180 3 7 23
E 180 4 10 31
E 180 5 13 39
E 180 6 15 47
T 181 14 0 6 0
E 181 0 -18 -56
E 181 1 -16 -48
E 181 2 -13 -40
E 181 3 -10 -32
E 181 4 -8 -24
E 181 5 -5 -16
T 182 11 0 7 1
E 182 0 2 18
E 182 1 2 26
E 182 2 3 34
E 182 3 4 42
E 182 4 5 50
E 182 5 6 58
E 182 6 7 66
T 183 33 0 4 0
E 183 0 -6 -18
E 183 4 4 14
E 183 5 7 22
E 183 6 10 30
T 184 15 0 4 0
E 184 0 -10 -30
E 184 1 -7 -22
E 184 2 -4 -14
E 184 6 6 18
T 185 39 0 3 0
E 185 4 6 20
E 185 5 9 28
E 185 6 12 36
T 186 4 0 4 0
E 186 0 -13 -41
E 186 1 -11 -33
E 186 2 -8 -25
E 186 3 -5 -17
T 187 45 0 4 0
E 187 3 6 18
E 187 4 8 26
E 187 5 11 34
E 187 6 14 42
T 188 5 0 5 0
E 188 0 -16 -50
E 188 1 -14 -42
E 188 2 -11 -34
E 188 3 -8 -26
E 188 4 -6 -18
T 189 53 0 5 0
E 189 2 6 18
E 189 3 8 26
E 189 4 11 34
E 189 5 14 42
E 189 6 16 50
T 190 4 0 5 0
E 190 0 -16 -48
E 190 1 -13 -40
E 190 2 -10 -32
E 190 3 -8 -24
E 190 4 -5 -16
T 191 60 0 6 0
E 191 1 4 14
E 191 2 7 22
E 191 3 10 30
E 191 4 12 38
E 191 5 15 46
E 191 6 18 54
T 192 35 0 7 1
E 192 0 -6 -62
E 192 1 -6 -54
E 192 2 -5 -46
E 192 3 -4 -38
E 192 4 -3 -30
E 192 5 -2 -22
E 192 6 -1 -14
T 193 5 0 4 0
E 193 0 -12 -37
E 193 1 -9 -29
E 193 2 -7 -21
E 193 3 -4 -13
T 194 45 0 4 0
E 194 3 6 18
E 194 4 8 26
E 194 5 11 34
E 194 6 14 42
T 195 3 0 5 0
E 195 0 -15 -47
E 195 1 -13 -39
E 195 2 -10 -31
E 195 3 -7 -23
E 195 4 -5 -15
T 196 50 0 5 0
E 196 2 4 14
E 196 3 7 22
E 196 4 10 30
E 196 5 12 38
E 196 6 15 46
T 197 2 0 5 0
E 197 0 -15 -46
E 197 1 -12 -38
E 197 2 -10 -30
E 197 3 -7 -22
E 197 4 -4 -14
T 198 52 0 5 0
E 198 2 5 17
E 198 3 8 25
E 198 4 11 33
E 198 5 13 41
E 198 6 16 49
T 199 4 0 5 0
E 199 0 -16 -48
E 199 1 -13 -40
E 199 2 -10 -32
E 199 3 -8 -24
E 199 4 -5 -16
T 200 61 0 6 0
E 200 1 5 15
E 200 2 7 23
E 200 3 10 31
E 200 4 13 39
E 200 5 15 47
E 200 6 18 55
T 201 37 0 7 1
E 201 0 -7 -65
E 201 1 -6 -57
E 201 2 -5 -49
E 201 3 -4 -41
E 201 4 -3 -33
E 201 5 -2 -25
E 201 6 -1 -17
T 202 14 0 4 0
E 202 0 -11 -33
E 202 1 -8 -25
E 202 2 -5 -17
E 202 6 5 15
T 203 25 0 4 0
E 203 0 -7 -21
E 203 1 -4 -13
E 203 5 6 19
E 203 6 9 27
T 204 14 0 4 0
E 204 0 -10 -32
E 204 1 -8 -24
E 204 2 -5 -16
E 204 6 5 16
T 205 43 0 4 0
E 205 3 4 14
E 205 4 7 22
E 205 5 10 30
E 205 6 12 38
T 206 4 0 4 0
E 206 0 -13 -41
E 206 1 -11 -33
E 206 2 -8 -25
E 206 3 -5 -17
T 207 45 0 4 0
E 207 3 6 19
E 207 4 9 27
E 207 5 11 35
E 207 6 14 43
T 208 4 0 4 0
E 208 0 -13 -41
E 208 1 -11 -33
E 208 2 -8 -25
E 208 3 -5 -17
T 209 45 0 4 0
E 209 3 6 18
E 209 4 8 26
E 209 5 11 34
E 209 6 14 42
T 210 4 0 5 0
E 210 0 -16 -49
E 210 1 -13 -41
E 210 2 -11 -33
E 210 3 -8 -25
E 210 4 -5 -17
T 211 53 0 5 0
E 211 2 6 18
E 211 3 8 26
E 211 4 11 34
E 211 5 14 42
E 211 6 16 50
T 212 4 0 5 0
E 212 0 -16 -49
E 212 1 -13 -41
E 212 2 -11 -33
E 212 3 -8 -25
E 212 4 -5 -17
T 213 62 0 6 0
E 213 1 5 16
E 213 2 8 24
E 213 3 10 32
E 213 4 13 40
E 213 5 16 48
E 213 6 18 56
T 214 35 0 7 1
E 214 0 -6 -61
E 214 1 -5 -53
E 214 2 -5 -45
E 214 3 -4 -37
E 214 4 -3 -29
E 214 5 -2 -21
E 214 6 -1 -13
T 215 5 0 4 0
E 215 0 -12 -37
E 215 1 -9 -29
E 215 2 -7 -21
E 215 3 -4 -13
T 216 45 0 4 0
E 216 3 6 20
E 216 4 9 28
E 216 5 12 36
E 216 6 14 44
T 217 3 0 4 0
E 217 0 -14 -43
E 217 1 -11 -35
E 217 2 -9 -27
E 217 3 -6 -19
T 218 45 0 4 0
E 218 3 6 18
E 218 4 8 26
E 218 5 11 34
E 218 6 14 42
T 219 11 0 6 0
E 219 0 -17 -53
E 219 1 -15 -45
E 219 2 -12 -37
E 219 3 -9 -29
E 219 4 -7 -21
E 219 5 -4 -13
T 220 60 0 6 0
E 220 1 4 14
E 220 2 7 22
E 220 3 10 30
E 220 4 12 38
E 220 5 15 46
E 220 6 18 54
T 221 35 0 7 1
E 221 0 -6 -61
E 221 1 -5 -53
E 221 2 -5 -45
E 221 3 -4 -37
E 221 4 -3 -29
E 221 5 -2 -21
E 221 6 -1 -13
T 222 14 0 4 0
E 222 0 -10 -32
E 222 1 -8 -24
E 222 2 -5 -16
E 222 6 5 16
T 223 34 0 4 0
E 223 0 -5 -17
E 223 4 5 15
E 223 5 7 23
E 223 6 10 31
T 224 5 0 4 0
E 224 0 -12 -38
E 224 1 -10 -30
E 224 2 -7 -22
E 224 3 -4 -14
T 225 44 0 4 0
E 225 3 5 17
E 225 4 8 25
E 225 5 11 33
E 225 6 13 41
T 226 6 0 5 0
E 226 0 -17 -51
E 226 1 -14 -43
E 226 2 -11 -35
E 226 3 -9 -27
E 226 4 -6 -19
T 227 61 0 6 0
E 227 1 5 15
E 227 2 7 23
E 227 3 10 31
E 227 4 13 39
E 227 5 15 47
E 227 6 18 55
T 228 37 0 7 1
E 228 0 -7 -68
E 228 1 -6 -60
E 228 2 -5 -52
E 228 3 -4 -44
E 228 4 -4 -36
E 228 5 -3 -28
E 228 6 -2 -20
T 229 3 0 4 0
E 229 0 -14 -43
E 229 1 -11 -35
E 229 2 -9 -27
E 229 3 -6 -19
T 230 52 0 5 0
E 230 2 5 16
E 230 3 8 24
E 230 4 10 32
E 230 5 13 40
E 230 6 16 48
T 231 13 0 6 0
E 231 0 -18 -55
E 231 1 -15 -47
E 231 2 -13 -39
E 231 3 -10 -31
E 231 4 -7 -23
E 231 5 -5 -15
T 232 13 0 7 1
E 232 0 1 14
E 232 1 2 22
E 232 2 3 30
E 232 3 4 38
E 232 4 5 46
E 232 5 6 54
E 232 6 6 62
T 233 35 0 4 0
E 233 0 -4 -13
E 233 4 6 19
E 233 5 9 27
E 233 6 11 35
T 234 3 0 4 0
E 234 0 -14 -42
E 234 1 -11 -34
E 234 2 -8 -26
E 234 3 -6 -18
T 235 44 0 4 0
E 235 3 5 16
E 235 4 8 24
E 235 5 10 32
E 235 6 13 40
T 236 2 0 5 0
E 236 0 -15 -45
E 236 1 -12 -37
E 236 2 -9 -29
E 236 3 -7 -21
E 236 4 -4 -13
T 237 52 0 5 0
E 237 2 5 17
E 237 3 8 25
E 237 4 11 33
E 237 5 13 41
E 237 6 16 49
T 238 4 0 5 0
E 238 0 -16 -49
E 238 1 -13 -41
E 238 2 -11 -33
E 238 3 -8 -25
E 238 4 -5 -17
T 239 50 0 5 0
E 239 2 4 14
E 239 3 7 22
E 239 4 10 30
E 239 5 12 38
E 239 6 15 46
T 240 42 0 5 0
E 240 1 -15 -45
E 240 2 -12 -37
E 240 3 -9 -29
E 240 4 -7 -21
E 240 5 -4 -13
T 241 9 0 5 0
E 241 0 15 45
E 241 3 6 18
E 241 4 8 26
E 241 5 11 34
E 241 6 14 42
T 242 57 0 6 0
E 242 1 -17 -53
E 242 2 -15 -45
E 242 3 -12 -37
E 242 4 -9 -29
E 242 5 -7 -21
E 242 6 -4 -13
T 243 36 0 7 1
E 243 0 6 62
E 243 1 1 13
E 243 2 2 21
E 243 3 3 29
E 243 4 4 37
E 243 5 5 45
E 243 6 5 53
T 244 22 0 3 0
E 244 0 11 33
E 244 1 -6 -20
E 244 6 6 20
T 245 23 0 4 0
E 245 0 8 26
E 245 1 6 18
E 245 2 -7 -22
E 245 3 -4 -14
T 246 31 0 5 0
E 246 0 7 22
E 246 1 4 14
E 246 2 -9 -29
E 246 3 -7 -21
E 246 4 -4 -13
T 247 25 0 4 0
E 247 0 11 33
E 247 1 8 25
E 247 2 -7 -21
E 247 3 -4 -13
T 248 37 0 5 0
E 248 0 7 22
E 248 1 4 14
E 248 2 -11 -35
E 248 3 -9 -27
E 248 4 -6 -19
T 249 18 0 4 0
E 249 0 14 44
E 249 1 12 36
E 249 2 -5 -17
E 249 6 5 15
T 250 47 0 5 0
E 250 0 5 17
E 250 3 -13 -39
E 250 4 -10 -31
E 250 5 -7 -23
E 250 6 -5 -15
T 251 9 0 3 0
E 251 0 15 47
E 251 1 13 39
E 251 2 10 31
T 252 55 0 5 0
E 252 0 5 16
E 252 3 -15 -46
E 252 4 -12 -38
E 252 5 -10 -30
E 252 6 -7 -22
T 253 5 0 4 0
E 253 0 18 55
E 253 1 15 47
E 253 2 13 39
E 253 6 4 14
T 254 71 0 4 0
E 254 3 -19 -58
E 254 4 -16 -50
E 254 5 -14 -42
E 254 6 -11 -34
T 255 17 0 6 0
E 255 0 23 69
E 255 1 20 61
E 255 2 17 53
E 255 3 15 45
E 255 5 4 13
E 255 6 7 21
T 256 84 0 6 0
E 256 1 -6 -19
E 256 2 -9 -27
E 256 3 -11 -35
E 256 4 -26 -78
E 256 5 -23 -70
E 256 6 -20 -62
T 257 47 0 7 1
E 257 0 9 83
E 257 1 8 75
E 257 2 7 67
E 257 3 6 59
E 257 4 1 13
E 257 5 2 21
E 257 6 3 29
T 258 17 0 6 0
E 258 0 15 45
E 258 1 12 37
E 258 2 9 29
E 258 3 7 21
E 258 4 -9 -28
E 258 5 -6 -20
T 259 62 0 4 0
E 259 0 6 20
E 259 4 -19 -57
E 259 5 -16 -49
E 259 6 -13 -41
T 260 14 0 5 0
E 260 0 21 64
E 260 1 18 56
E 260 2 16 48
E 260 3 13 40
E 260 4 10 32
T 261 79 0 6 0
E 261 1 -5 -15
E 261 2 -7 -23
E 261 3 -10 -31
E 261 4 -13 -39
E 261 5 -27 -82
E 261 6 -24 -74
T 262 22 0 5 0
E 262 0 25 75
E 262 1 22 67
E 262 2 19 59
E 262 3 17 51
E 262 4 14 43
T 263 18 0 7 1
E 263 0 -2 -23
E 263 1 -3 -31
E 263 2 -4 -39
E 263 3 -5 -47
E 263 4 -6 -55
E 263 5 -11 -104
E 263 6 -10 -96
T 264 49 0 4 0
E 264 0 7 23
E 264 1 5 15
E 264 5 -20 -62
E 264 6 -18 -54
T 265 35 0 7 1
E 265 0 6 54
E 265 1 5 46
E 265 2 4 38
E 265 3 3 30
E 265 4 2 22
E 265 5 1 14
E 265 6 -2 -26
T 266 26 0 4 0
E 266 0 10 30
E 266 1 7 22
E 266 2 4 14
E 266 6 -17 -53
T 267 27 0 4 0
E 267 0 10 32
E 267 1 8 24
E 267 2 5 16
E 267 6 -18 -54
T 268 28 0 4 0
E 268 0 10 31
E 268 1 7 23
E 268 2 5 15
E 268 6 -19 -58
T 269 34 0 3 0
E 269 0 9 28
E 269 1 6 20
E 269 6 -21 -65
T 270 4 0 4 0
E 270 0 13 41
E 270 1 11 33
E 270 2 8 25
E 270 3 5 17
T 271 45 0 4 0
E 271 3 -6 -18
E 271 4 -8 -26
E 271 5 -11 -34
E 271 6 -14 -42
T 272 2 0 5 0
E 272 0 15 46
E 272 1 12 38
E 272 2 10 30
E 272 3 7 22
E 272 4 4 14
T 273 59 0 6 0
E 273 1 -4 -13
E 273 2 -7 -21
E 273 3 -9 -29
E 273 4 -12 -37
E 273 5 -15 -45
E 273 6 -17 -53
T 274 18 0 6 0
E 274 0 20 60
E 274 1 17 52
E 274 2 14 44
E 274 3 12 36
E 274 4 9 28
E 274 5 6 20
T 275 11 0 7 1
E 275 0 -2 -18
E 275 1 -2 -26
E 275 2 -3 -34
E 275 3 -4 -42
E 275 4 -5 -50
E 275 5 -6 -58
E 275 6 -7 -66
T 276 43 0 4 0
E 276 3 -4 -13
E 276 4 -7 -21
E 276 5 -9 -29
E 276 6 -12 -37
T 277 3 0 4 0
E 277 0 14 42
E 277 1 11 34
E 277 2 8 26
E 277 3 6 18
T 278 51 0 5 0
E 278 2 -5 -15
E 278 3 -7 -23
E 278 4 -10 -31
E 278 5 -13 -39
E 278 6 -15 -47
T 279 17 0 6 0
E 279 0 19 59
E 279 1 17 51
E 279 2 14 43
E 279 3 11 35
E 279 4 9 27
E 279 5 6 19
T 280 64 0 6 0
E 280 1 -6 -18
E 280 2 -8 -26
E 280 3 -11 -34
E 280 4 -14 -42
E 280 5 -16 -50
E 280 6 -19 -58
T 281 36 0 7 1
E 281 0 7 64
E 281 1 6 56
E 281 2 5 48
E 281 3 4 40
E 281 4 3 32
E 281 5 2 24
E 281 6 1 16
T 282 5 0 4 0
E 282 0 12 38
E 282 1 10 30
E 282 2 7 22
E 282 3 4 14
T 283 44 0 4 0
E 283 3 -5 -17
E 283 4 -8 -25
E 283 5 -11 -33
E 283 6 -13 -41
T 284 4 0 4 0
E 284 0 13 40
E 284 1 10 32
E 284 2 8 24
E 284 3 5 16
T 285 44 0 4 0
E 285 3 -5 -16
E 285 4 -8 -24
E 285 5 -10 -32
E 285 6 -13 -40
T 286 5 0 5 0
E 286 0 16 50
E 286 1 14 42
E 286 2 11 34
E 286 3 8 26
E 286 4 6 18
T 287 52 0 5 0
E 287 2 -5 -16
E 287 3 -8 -24
E 287 4 -10 -32
E 287 5 -13 -40
E 287 6 -16 -48
T 288 3 0 5 0
E 288 0 15 47
E 288 1 13 39
E 288 2 10 31
E 288 3 7 23
E 288 4 5 15
T 289 54 0 5 0
E 289 2 -6 -19
E 289 3 -9 -27
E 289 4 -11 -35
E 289 5 -14 -43
E 289 6 -17 -51
T 290 5 0 5 0
E 290 0 16 50
E 290 1 14 42
E 290 2 11 34
E 290 3 8 26
E 290 4 6 18
T 291 64 0 6 0
E 291 1 -6 -18
E 291 2 -8 -26
E 291 3 -11 -34
E 291 4 -14 -42
E 291 5 -16 -50
E 291 6 -19 -58
T 292 37 0 7 1
E 292 0 8 72
E 292 1 7 64
E 292 2 6 56
E 292 3 5 48
E 292 4 4 40
E 292 5 3 32
E 292 6 2 24
T 293 3 0 4 0
E 293 0 14 43
E 293 1 11 35
E 293 2 9 27
E 293 3 6 19
T 294 52 0 5 0
E 294 2 -5 -17
E 294 3 -8 -25
E 294 4 -11 -33
E 294 5 -13 -41
E 294 6 -16 -49
T 295 6 0 5 0
E 295 0 17 51
E 295 1 14 43
E 295 2 11 35
E 295 3 9 27
E 295 4 6 19
T 296 61 0 6 0
E 296 1 -5 -15
E 296 2 -7 -23
E 296 3 -10 -31
E 296 4 -13 -39
E 296 5 -15 -47
E 296 6 -18 -55
T 297 37 0 7 1
E 297 0 7 67
E 297 1 6 59
E 297 2 5 51
E 297 3 4 43
E 297 4 3 35
E 297 5 3 27
E 297 6 2 19
T 298 13 0 4 0
E 298 0 11 34
E 298 1 8 26
E 298 2 6 18
E 298 6 -4 -14
T 299 35 0 4 0
E 299 0 4 13
E 299 4 -6 -19
E 299 5 -9 -27
E 299 6 -11 -35
T 300 3 0 4 0
E 300 0 14 42
E 300 1 11 34
E 300 2 8 26
E 300 3 6 18
T 301 50 0 5 0
E 301 2 -4 -13
E 301 3 -7 -21
E 301 4 -9 -29
E 301 5 -12 -37
E 301 6 -15 -45
T 302 13 0 6 0
E 302 0 18 55
E 302 1 15 47
E 302 2 13 39
E 302 3 10 31
E 302 4 7 23
E 302 5 5 15
T 303 63 0 6 0
E 303 1 -5 -17
E 303 2 -8 -25
E 303 3 -11 -33
E 303 4 -13 -41
E 303 5 -16 -49
E 303 6 -19 -57
T 304 35 0 7 1
E 304 0 6 62
E 304 1 6 54
E 304 2 5 46
E 304 3 4 38
E 304 4 3 30
E 304 5 2 22
E 304 6 1 14
T 305 3 0 4 0
E 305 0 14 42
E 305 1 11 34
E 305 2 8 26
E 305 3 6 18
T 306 50 0 5 0
E 306 2 -4 -14
E 306 3 -7 -22
E 306 4 -10 -30
E 306 5 -12 -38
E 306 6 -15 -46
T 307 16 0 6 0
E 307 0 19 58
E 307 1 16 50
E 307 2 14 42
E 307 3 11 34
E 307 4 8 26
E 307 5 6 18
T 308 64 0 6 0
E 308 1 -6 -18
E 308 2 -8 -26
E 308 3 -11 -34
E 308 4 -14 -42
E 308 5 -16 -50
E 308 6 -19 -58
T 309 35 0 7 1
E 309 0 7 63
E 309 1 6 55
E 309 2 5 47
E 309 3 4 39
E 309 4 3 31
E 309 5 2 23
E 309 6 1 15
T 310 13 0 4 0
E 310 0 11 35
E 310 1 9 27
E 310 2 6 19
E 310 6 -4 -13
T 311 35 0 4 0
E 311 0 4 13
E 311 4 -6 -19
E 311 5 -9 -27
E 311 6 -11 -35
T 312 4 0 4 0
E 312 0 13 41
E 312 1 11 33
E 312 2 8 25
E 312 3 5 17
T 313 52 0 5 0
E 313 2 -5 -16
E 313 3 -8 -24
E 313 4 -10 -32
E 313 5 -13 -40
E 313 6 -16 -48
T 314 4 0 5 0
E 314 0 16 48
E 314 1 13 40
E 314 2 10 32
E 314 3 8 24
E 314 4 5 16
T 315 61 0 6 0
E 315 1 -5 -15
E 315 2 -7 -23
E 315 3 -10 -31
E 315 4 -13 -39
E 315 5 -15 -47
E 315 6 -18 -55
T 316 35 0 7 1
E 316 0 6 61
E 316 1 5 53
E 316 2 5 45
E 316 3 4 37
E 316 4 3 29
E 316 5 2 21
E 316 6 1 13
T 317 9 0 3 0
E 317 0 12 36
E 317 1 9 28
E 317 2 6 20
T 318 39 0 3 0
E 318 4 -6 -20
E 318 5 -9 -28
E 318 6 -12 -36
T 319 4 0 4 0
E 319 0 13 40
E 319 1 10 32
E 319 2 8 24
E 319 3 5 16
T 320 39 0 3 0
E 320 4 -6 -20
E 320 5 -9 -28
E 320 6 -12 -36
T 321 5 0 4 0
E 321 0 12 38
E 321 1 10 30
E 321 2 7 22
E 321 3 4 14
T 322 44 0 4 0
E 322 3 -5 -16
E 322 4 -8 -24
E 322 5 -10 -32
E 322 6 -13 -40
T 323 4 0 4 0
E 323 0 13 41
E 323 1 11 33
E 323 2 8 25
E 323 3 5 17
T 324 51 0 5 0
E 324 2 -5 -15
E 324 3 -7 -23
E 324 4 -10 -31
E 324 5 -13 -39
E 324 6 -15 -47
T 325 6 0 5 0
E 325 0 17 51
E 325 1 14 43
E 325 2 11 35
E 325 3 9 27
E 325 4 6 19
T 326 64 0 6 0
E 326 1 -6 -18
E 326 2 -8 -26
E 326 3 -11 -34
E 326 4 -14 -42
E 326 5 -16 -50
E 326 6 -19 -58
T 327 36 0 7 1
E 327 0 7 64
E 327 1 6 56
E 327 2 5 48
E 327 3 4 40
E 327 4 3 32
E 327 5 2 24
E 327 6 1 16
T 328 4 0 4 0
E 328 0 13 41
E 328 1 11 33
E 328 2 8 25
E 328 3 5 17
T 329 45 0 4 0
E 329 3 -6 -18
E 329 4 -8 -26
E 329 5 -11 -34
E 329 6 -14 -42
T 330 4 0 4 0
E 330 0 13 41
E 330 1 11 33
E 330 2 8 25
E 330 3 5 17
T 331 44 0 4 0
E 331 3 -5 -16
E 331 4 -8 -24
E 331 5 -10 -32
E 331 6 -13 -40
T 332 3 0 4 0
E 332 0 14 43
E 332 1 11 35
E 332 2 9 27
E 332 3 6 19
T 333 50 0 5 0
E 333 2 -4 -13
E 333 3 -7 -21
E 333 4 -9 -29
E 333 5 -12 -37
E 333 6 -15 -45
T 334 6 0 5 0
E 334 0 17 51
E 334 1 14 43
E 334 2 11 35
E 334 3 9 27
E 334 4 6 19
T 335 54 0 5 0
E 335 2 -6 -19
E 335 3 -9 -27
E 335 4 -11 -35
E 335 5 -14 -43
E 335 6 -17 -51
T 336 17 0 6 0
E 336 0 19 59
E 336 1 17 51
E 336 2 14 43
E 336 3 11 35
E 336 4 9 27
E 336 5 6 19
T 337 10 0 7 1
E 337 0 -2 -19
E 337 1 -2 -24
E 337 2 -3 -32
E 337 3 -4 -40
E 337 4 -5 -48
E 337 5 -6 -56
E 337 6 -7 -64
T 338 30 0 4 0
E 338 0 4 14
E 338 4 -4 -13
E 338 5 -7 -21
E 338 6 -9 -29
T 339 7 0 4 0
E 339 0 9 27
E 339 1 9 27
E 339 2 6 19
E 339 6 -4 -13
T 340 20 0 3 0
E 340 1 5 15
E 340 5 -5 -17
E 340 6 -8 -25
T 341 4 0 4 0
E 341 0 8 25
E 341 1 10 30
E 341 2 7 22
E 341 3 4 14
T 342 28 0 4 0
E 342 3 -5 -15
E 342 4 -7 -23
E 342 5 -10 -31
E 342 6 -13 -39
T 343 7 0 4 0
E 343 0 7 22
E 343 1 9 27
E 343 2 8 24
E 343 3 5 16
T 344 18 0 3 0
E 344 4 -6 -18
E 344 5 -8 -26
E 344 6 -11 -34
T 345 14 0 5 0
E 345 0 7 21
E 345 1 8 26
E 345 2 9 29
E 345 3 7 21
E 345 4 4 13
T 346 17 0 4 0
E 346 0 -4 -14
E 346 4 -6 -20
E 346 5 -9 -28
E 346 6 -12 -36
T 347 19 0 5 0
E 347 0 7 22
E 347 1 9 27
E 347 2 10 32
E 347 3 9 27
E 347 4 6 19
T 348 18 0 5 0
E 348 0 -6 -19
E 348 1 -4 -14
E 348 4 -6 -20
E 348 5 -9 -28
E 348 6 -12 -36
T 349 26 0 6 0
E 349 0 7 21
E 349 1 8 26
E 349 2 10 31
E 349 3 10 31
E 349 4 7 23
E 349 5 5 15
T 350 11 0 7 1
E 350 0 -3 -28
E 350 1 -2 -23
E 350 2 -2 -18
E 350 3 -1 -15
E 350 4 -2 -23
E 350 5 -3 -31
E 350 6 -4 -39
T 351 2 0 3 0
E 351 0 -4 -14
E 351 5 -5 -15
E 351 6 -7 -23
T 352 11 0 3 0
E 352 2 5 15
E 352 3 6 20
E 352 4 5 15
T 353 1 0 3 0
E 353 0 -5 -17
E 353 5 -4 -13
E 353 6 -7 -21
T 354 7 0 0 0
T 355 8 0 0 0
T 356 11 0 1 0
E 356 4 4 13
T 357 9 0 0 0
T 358 10 0 1 0
E 358 0 -5 -15
T 359 8 0 0 0
T 360 14 0 1 0
E 360 5 4 13
T 361 11 0 1 0
E 361 0 -5 -16
T 362 11 0 1 0
E 362 0 -5 -16
T 363 17 0 2 0
E 363 5 5 17
E 363 6 4 14
T 364 9 0 1 0
E 364 0 -4 -13
T 365 24 0 3 0
E 365 4 4 13
E 365 5 6 18
E 365 6 7 21
T 366 6 0 3 0
E 366 0 -8 -26
E 366 1 -7 -21
E 366 2 -5 -16
T 367 24 0 3 0
E 367 4 5 17
E 367 5 7 22
E 367 6 9 27
T 368 2 0 4 0
E 368 0 -9 -28
E 368 1 -7 -23
E 368 2 -6 -18
E 368 3 -4 -13
T 369 24 0 3 0
E 369 4 5 16
E 369 5 7 21
E 369 6 8 26
T 370 1 0 4 0
E 370 0 -10 -30
E 370 1 -8 -25
E 370 2 -6 -20
E 370 3 -5 -15
T 371 29 0 4 0
E 371 3 5 15
E 371 4 6 20
E 371 5 8 25
E 371 6 10 30
T 372 6 0 3 0
E 372 0 -9 -27
E 372 1 -7 -22
E 372 2 -5 -17
T 373 24 0 3 0
E 373 4 5 15
E 373 5 6 20
E 373 6 8 25
T 374 1 0 4 0
E 374 0 -10 -31
E 374 1 -8 -26
E 374 2 -7 -21
E 374 3 -5 -16
T 375 24 0 3 0
E 375 4 4 13
E 375 5 6 18
E 375 6 7 23
T 376 6 0 3 0
E 376 0 -7 -23
E 376 1 -6 -18
E 376 2 -4 -13
T 377 24 0 3 0
E 377 4 5 15
E 377 5 6 20
E 377 6 8 25
T 378 2 0 4 0
E 378 0 -9 -28
E 378 1 -7 -23
E 378 2 -6 -18
E 378 3 -4 -13
T 379 24 0 3 0
E 379 4 5 17
E 379 5 7 22
E 379 6 9 27
T 380 6 0 3 0
E 380 0 -8 -26
E 380 1 -7 -21
E 380 2 -5 -16
T 381 24 0 3 0
E 381 4 5 15
E 381 5 6 20
E 381 6 8 25
T 382 10 0 2 0
E 382 0 -7 -22
E 382 1 -5 -17
T 383 14 0 2 0
E 383 0 -4 -13
E 383 6 5 17
T 384 21 0 2 0
E 384 5 5 15
E 384 6 6 20
T 385 9 0 2 0
E 385 0 -7 -21
E 385 1 -5 -16
T 386 25 0 3 0
E 386 4 5 15
E 386 5 6 20
E 386 6 8 25
T 387 2 0 4 0
E 387 0 -10 -32
E 387 1 -8 -26
E 387 2 -7 -21
E 387 3 -5 -16
T 388 30 0 4 0
E 388 3 4 13
E 388 4 6 18
E 388 5 7 23
E 388 6 9 28
T 389 8 0 3 0
E 389 0 -8 -26
E 389 1 -6 -18
E 389 2 -4 -13
T 390 24 0 2 0
E 390 5 5 16
E 390 6 7 21
T 391 11 0 2 0
E 391 0 -7 -23
E 391 1 -5 -15
T 392 28 0 3 0
E 392 4 5 16
E 392 5 7 21
E 392 6 8 26
T 393 12 0 2 0
E 393 0 -8 -25
E 393 1 -5 -17
T 394 22 0 3 0
E 394 0 -6 -18
E 394 5 4 13
E 394 6 6 18
T 395 22 0 3 0
E 395 0 -5 -17
E 395 5 4 14
E 395 6 6 19
T 396 12 0 2 0
E 396 0 -9 -27
E 396 1 -6 -19
T 397 31 0 3 0
E 397 4 5 17
E 397 5 7 22
E 397 6 9 27
T 398 12 0 2 0
E 398 0 -9 -27
E 398 1 -6 -19
T 399 28 0 4 0
E 399 0 -5 -15
E 399 4 4 14
E 399 5 6 19
E 399 6 8 24
T 400 9 0 3 0
E 400 0 -11 -33
E 400 1 -8 -25
E 400 2 -5 -17
T 401 30 0 4 0
E 401 0 -4 -14
E 401 4 5 16
E 401 5 7 21
E 401 6 8 26
T 402 16 0 3 0
E 402 0 -8 -26
E 402 1 -6 -18
E 402 6 4 14
T 403 26 0 3 0
E 403 0 -6 -20
E 403 5 5 16
E 403 6 7 21
T 404 17 0 3 0
E 404 0 -9 -28
E 404 1 -6 -20
E 404 6 4 14
T 405 22 1 4 0
E 405 0 -7 -22
E 405 1 -4 -14
E 405 5 5 15
E 405 6 6 20
T 406 22 0 4 0
E 406 0 -8 -25
E 406 1 -5 -17
E 406 5 4 13
E 406 6 6 18
T 407 17 0 3 0
E 407 0 -8 -26
E 407 1 -6 -18
E 407 6 5 17
T 408 31 0 4 0
E 408 0 -6 -19
E 408 4 4 13
E 408 5 6 20
E 408 6 8 25
T 409 4 0 4 0
E 409 0 -13 -39
E 409 1 -10 -31
E 409 2 -7 -23
E 409 3 -5 -15
T 410 44 0 4 0
E 410 3 6 20
E 410 4 9 28
E 410 5 12 36
E 410 6 13 41
T 411 4 0 4 0
E 411 0 -13 -40
E 411 1 -10 -32
E 411 2 -8 -24
E 411 3 -5 -16
T 412 49 0 5 0
E 412 2 4 13
E 412 3 7 21
E 412 4 9 29
E 412 5 12 37
E 412 6 14 43
T 413 2 0 5 0
E 413 0 -15 -46
E 413 1 -12 -38
E 413 2 -10 -30
E 413 3 -7 -22
E 413 4 -4 -14
T 414 45 0 4 0
E 414 3 6 19
E 414 4 9 27
E 414 5 11 35
E 414 6 14 43
T 415 3 0 5 0
E 415 0 -15 -47
E 415 1 -13 -39
E 415 2 -10 -31
E 415 3 -7 -23
E 415 4 -5 -15
T 416 50 0 5 0
E 416 2 4 13
E 416 3 7 21
E 416 4 9 29
E 416 5 12 37
E 416 6 15 45
T 417 5 0 5 0
E 417 0 -16 -50
E 417 1 -14 -42
E 417 2 -11 -34
E 417 3 -8 -26
E 417 4 -6 -18
T 418 50 0 5 0
E 418 2 4 13
E 418 3 7 21
E 418 4 9 29
E 418 5 12 37
E 418 6 15 45
T 419 11 0 6 0
E 419 0 -17 -53
E 419 1 -15 -45
E 419 2 -12 -37
E 419 3 -9 -29
E 419 4 -7 -21
E 419 5 -4 -13
T 420 62 0 6 0
E 420 1 5 16
E 420 2 8 24
E 420 3 10 32
E 420 4 13 40
E 420 5 16 48
E 420 6 18 56
T 421 37 0 7 1
E 421 0 -7 -69
E 421 1 -6 -61
E 421 2 -5 -53
E 421 3 -5 -45
E 421 4 -4 -37
E 421 5 -3 -29
E 421 6 -2 -21
T 422 13 0 4 0
E 422 0 -11 -34
E 422 1 -8 -26
E 422 2 -6 -18
E 422 6 4 14
T 423 34 0 4 0
E 423 0 -5 -16
E 423 4 5 16
E 423 5 8 24
E 423 6 10 32
T 424 13 0 4 0
E 424 0 -11 -35
E 424 1 -9 -27
E 424 2 -6 -19
E 424 6 4 13
T 425 34 0 4 0
E 425 0 -5 -16
E 425 4 5 16
E 425 5 8 24
E 425 6 10 32
T 426 3 0 4 0
E 426 0 -14 -42
E 426 1 -11 -34
E 426 2 -8 -26
E 426 3 -6 -18
T 427 44 0 4 0
E 427 3 5 15
E 427 4 7 23
E 427 5 10 31
E 427 6 13 39
T 428 2 0 5 0
E 428 0 -15 -45
E 428 1 -12 -37
E 428 2 -9 -29
E 428 3 -7 -21
E 428 4 -4 -13
T 429 50 0 5 0
E 429 2 4 14
E 429 3 7 22
E 429 4 10 30
E 429 5 12 38
E 429 6 15 46
T 430 14 0 6 0
E 430 0 -18 -56
E 430 1 -16 -48
E 430 2 -13 -40
E 430 3 -10 -32
E 430 4 -8 -24
E 430 5 -5 -16
T 431 65 0 6 0
E 431 1 6 19
E 431 2 9 27
E 431 3 11 35
E 431 4 14 43
E 431 5 17 51
E 431 6 19 59
T 432 37 0 7 1
E 432 0 -7 -66
E 432 1 -6 -58
E 432 2 -5 -50
E 432 3 -4 -42
E 432 4 -3 -34
E 432 5 -2 -26
E 432 6 -2 -18
T 433 14 0 4 0
E 433 0 -11 -33
E 433 1 -8 -25
E 433 2 -5 -17
E 433 6 5 15
T 434 34 0 4 0
E 434 0 -5 -16
E 434 4 5 16
E 434 5 8 24
E 434 6 10 32
T 435 5 0 4 0
E 435 0 -12 -37
E 435 1 -9 -29
E 435 2 -7 -21
E 435 3 -4 -13
T 436 45 0 4 0
E 436 3 6 19
E 436 4 9 27
E 436 5 11 35
E 436 6 14 43
T 437 2 0 5 0
E 437 0 -15 -45
E 437 1 -12 -37
E 437 2 -9 -29
E 437 3 -7 -21
E 437 4 -4 -13
T 438 50 0 5 0
E 438 2 4 14
E 438 3 7 22
E 438 4 10 30
E 438 5 12 38
E 438 6 15 46
T 439 6 0 5 0
E 439 0 -17 -51
E 439 1 -14 -43
E 439 2 -11 -35
E 439 3 -9 -27
E 439 4 -6 -19
T 440 62 0 6 0
E 440 1 5 16
E 440 2 8 24
E 440 3 10 32
E 440 4 13 40
E 440 5 16 48
E 440 6 18 56
T 441 37 0 7 1
E 441 0 -7 -67
E 441 1 -6 -59
E 441 2 -5 -51
E 441 3 -4 -43
E 441 4 -3 -35
E 441 5 -3 -27
E 441 6 -2 -19
T 442 13 0 4 0
E 442 0 -11 -35
E 442 1 -9 -27
E 442 2 -6 -19
E 442 6 4 13
T 443 35 0 4 0
E 443 0 -4 -13
E 443 4 6 19
E 443 5 9 27
E 443 6 11 35
T 444 4 0 4 0
E 444 0 -13 -39
E 444 1 -10 -31
E 444 2 -7 -23
E 444 3 -5 -15
T 445 50 0 5 0
E 445 2 4 14
E 445 3 7 22
E 445 4 10 30
E 445 5 12 38
E 445 6 15 46
T 446 14 0 6 0
E 446 0 -18 -56
E 446 1 -16 -48
E 446 2 -13 -40
E 446 3 -10 -32
E 446 4 -8 -24
E 446 5 -5 -16
T 447 11 0 7 1
E 447 0 2 18
E 447 1 2 26
E 447 2 3 34
E 447 3 4 42
E 447 4 5 50
E 447 5 6 58
E 447 6 7 66
T 448 34 0 4 0
E 448 0 -5 -15
E 448 4 5 17
E 448 5 8 25
E 448 6 11 33
T 449 13 0 4 0
E 449 0 -11 -35
E 449 1 -9 -27
E 449 2 -6 -19
E 449 6 4 13
T 450 34 0 4 0
E 450 0 -5 -16
E 450 4 5 16
E 450 5 8 24
E 450 6 10 32
T 451 13 0 4 0
E 451 0 -11 -34
E 451 1 -8 -26
E 451 2 -6 -18
E 451 6 4 14
T 452 34 0 4 0
E 452 0 -5 -15
E 452 4 5 17
E 452 5 8 25
E 452 6 11 33
T 453 15 0 4 0
E 453 0 -10 -30
E 453 1 -7 -22
E 453 2 -4 -14
E 453 6 6 18
T 454 39 0 3 0
E 454 4 6 20
E 454 5 9 28
E 454 6 12 36
T 455 13 0 4 0
E 455 0 -11 -35
E 455 1 -9 -27
E 455 2 -6 -19
E 455 6 4 13
T 456 34 0 4 0
E 456 0 -5 -17
E 456 4 5 15
E 456 5 7 23
E 456 6 10 31
T 457 5 0 4 0
E 457 0 -12 -37
E 457 1 -9 -29
E 457 2 -7 -21
E 457 3 -4 -13
T 458 35 0 4 0
E 458 0 -4 -13
E 458 4 6 19
E 458 5 9 27
E 458 6 11 35
T 459 14 0 4 0
E 459 0 -10 -31
E 459 1 -7 -23
E 459 2 -5 -15
E 459 6 5 17
T 460 34 0 4 0
E 460 0 -5 -15
E 460 4 5 17
E 460 5 8 25
E 460 6 11 33
T 461 14 0 4 0
E 461 0 -10 -32
E 461 1 -8 -24
E 461 2 -5 -16
E 461 6 5 16
T 462 35 0 4 0
E 462 0 -4 -13
E 462 4 6 19
E 462 5 9 27
E 462 6 11 35
T 463 5 0 4 0
E 463 0 -12 -38
E 463 1 -10 -30
E 463 2 -7 -22
E 463 3 -4 -14
T 464 35 0 4 0
E 464 0 -4 -13
E 464 4 6 19
E 464 5 9 27
E 464 6 11 35
T 465 5 0 4 0
E 465 0 -12 -37
E 465 1 -9 -29
E 465 2 -7 -21
E 465 3 -4 -13
T 466 35 0 4 0
E 466 0 -4 -13
E 466 4 6 19
E 466 5 9 27
E 466 6 11 35
T 467 5 0 4 0
E 467 0 -12 -37
E 467 1 -9 -29
E 467 2 -7 -21
E 467 3 -4 -13
T 468 50 0 5 0
E 468 2 4 13
E 468 3 7 21
E 468 4 9 29
E 468 5 12 37
E 468 6 15 45
T 469 14 0 6 0
E 469 0 -18 -56
E 469 1 -16 -48
E 469 2 -13 -40
E 469 3 -10 -32
E 469 4 -8 -24
E 469 5 -5 -16
T 470 63 0 6 0
E 470 1 5 17
E 470 2 8 25
E 470 3 11 33
E 470 4 13 41
E 470 5 16 49
E 470 6 19 57
T 471 37 0 7 1
E 471 0 -7 -65
E 471 1 -6 -57
E 471 2 -5 -49
E 471 3 -4 -41
E 471 4 -3 -33
E 471 5 -2 -25
E 471 6 -1 -17
T 472 14 0 4 0
E 472 0 -10 -32
E 472 1 -8 -24
E 472 2 -5 -16
E 472 6 5 16
T 473 25 0 4 0
E 473 0 -7 -21
E 473 1 -4 -13
E 473 5 6 19
E 473 6 9 27
T 474 24 1 4 0
E 474 0 -8 -24
E 474 1 -5 -16
E 474 5 5 16
E 474 6 8 24
T 475 15 0 4 0
E 475 0 -10 -30
E 475 1 -7 -22
E 475 2 -4 -14
E 475 6 6 18
T 476 34 0 4 0
E 476 0 -5 -17
E 476 4 5 15
E 476 5 7 23
E 476 6 10 31
T 477 14 0 4 0
E 477 0 -11 -33
E 477 1 -8 -25
E 477 2 -5 -17
E 477 6 5 15
T 478 34 0 4 0
E 478 0 -5 -15
E 478 4 5 17
E 478 5 8 25
E 478 6 11 33
T 479 5 0 4 0
E 479 0 -12 -38
E 479 1 -10 -30
E 479 2 -7 -22
E 479 3 -4 -14
T 480 17 0 6 0
E 480 0 15 46
E 480 2 4 14
E 480 3 7 22
E 480 4 10 30
E 480 5 12 38
E 480 6 15 46
T 481 54 0 6 0
E 481 1 -17 -53
E 481 2 -15 -45
E 481 3 -12 -37
E 481 4 -9 -29
E 481 5 -7 -21
E 481 6 -4 -13
T 482 33 0 7 1
E 482 0 6 59
E 482 1 1 13
E 482 2 2 21
E 482 3 3 29
E 482 4 4 37
E 482 5 5 45
E 482 6 5 53
T 483 6 0 4 0
E 483 0 12 38
E 483 4 4 13
E 483 5 7 21
E 483 6 9 29
T 484 55 0 5 0
E 484 1 -15 -46
E 484 2 -12 -38
E 484 3 -10 -30
E 484 4 -7 -22
E 484 5 -4 -14
T 485 35 0 7 1
E 485 0 6 61
E 485 1 5 53
E 485 2 1 13
E 485 3 2 21
E 485 4 3 29
E 485 5 4 37
E 485 6 5 45
T 486 5 0 4 0
E 486 0 14 42
E 486 1 11 34
E 486 5 5 15
E 486 6 7 23
T 487 56 0 5 0
E 487 2 -15 -45
E 487 3 -12 -37
E 487 4 -9 -29
E 487 5 -7 -21
E 487 6 -4 -13
T 488 3 0 5 0
E 488 0 20 60
E 488 1 17 52
E 488 4 6 19
E 488 5 9 27
E 488 6 11 35
T 489 81 0 6 0
E 489 1 -4 -13
E 489 2 -22 -66
E 489 3 -19 -58
E 489 4 -16 -50
E 489 5 -14 -42
E 489 6 -11 -34
T 490 44 0 7 1
E 490 0 9 82
E 490 1 8 74
E 490 2 7 66
E 490 3 2 26
E 490 4 3 34
E 490 5 4 42
E 490 6 5 50
T 491 15 0 4 0
E 491 0 13 41
E 491 1 11 33
E 491 2 8 25
E 491 3 -6 -18
T 492 55 0 5 0
E 492 0 5 17
E 492 3 -15 -45
E 492 4 -12 -37
E 492 5 -9 -29
E 492 6 -7 -21
T 493 4 0 4 0
E 493 0 19 57
E 493 1 16 49
E 493 2 13 41
E 493 6 5 16
T 494 72 0 4 0
E 494 3 -20 -60
E 494 4 -17 -52
E 494 5 -14 -44
E 494 6 -12 -36
T 495 11 0 5 0
E 495 0 22 68
E 495 1 20 60
E 495 2 17 52
E 495 3 14 44
E 495 6 6 20
T 496 78 0 6 0
E 496 1 -4 -13
E 496 2 -7 -21
E 496 3 -9 -29
E 496 4 -24 -72
E 496 5 -21 -64
E 496 6 -18 -56
T 497 25 0 6 0
E 497 0 27 82
E 497 1 24 74
E 497 2 22 66
E 497 3 19 58
E 497 5 6 20
E 497 6 9 28
T 498 20 0 7 1
E 498 0 -2 -21
E 498 1 -3 -29
E 498 2 -4 -37
E 498 3 -5 -45
E 498 4 -10 -94
E 498 5 -9 -86
E 498 6 -8 -78
T 499 57 0 5 0
E 499 0 7 21
E 499 1 4 13
E 499 4 -18 -56
E 499 5 -16 -48
E 499 6 -13 -40
T 500 5 0 6 0
E 500 0 19 57
E 500 1 16 49
E 500 2 13 41
E 500 3 11 33
E 500 4 8 25
E 500 5 -5 -15
T 501 70 0 5 0
E 501 2 -5 -17
E 501 3 -8 -25
E 501 4 -11 -33
E 501 5 -25 -76
E 501 6 -22 -68
T 502 20 0 5 0
E 502 0 24 73
E 502 1 21 65
E 502 2 19 57
E 502 3 16 49
E 502 4 13 41
T 503 19 0 7 1
E 503 0 -2 -21
E 503 1 -3 -29
E 503 2 -4 -37
E 503 3 -5 -45
E 503 4 -5 -53
E 503 5 -11 -102
E 503 6 -10 -94
T 504 47 0 4 0
E 504 0 9 27
E 504 1 6 19
E 504 5 -19 -58
E 504 6 -16 -50
T 505 15 0 5 0
E 505 0 14 44
E 505 1 12 36
E 505 2 9 28
E 505 3 6 20
E 505 6 -12 -36
T 506 45 0 4 0
E 506 0 6 19
E 506 4 -4 -13
E 506 5 -7 -21
E 506 6 -21 -64
T 507 11 0 6 0
E 507 0 15 46
E 507 1 12 38
E 507 2 10 30
E 507 3 7 22
E 507 4 4 14
E 507 6 -13 -40
T 508 58 0 4 0
E 508 3 -6 -18
E 508 4 -8 -26
E 508 5 -11 -34
E 508 6 -27 -83
T 509 39 0 7 1
E 509 0 7 63
E 509 1 6 55
E 509 2 5 47
E 509 3 4 39
E 509 4 3 31
E 509 5 2 23
E 509 6 -3 -30
T 510 5 0 4 0
E 510 0 12 38
E 510 1 10 30
E 510 2 7 22
E 510 3 4 14
T 511 43 0 4 0
E 511 3 -4 -13
E 511 4 -7 -21
E 511 5 -9 -29
E 511 6 -12 -37
T 512 5 0 5 0
E 512 0 16 50
E 512 1 14 42
E 512 2 11 34
E 512 3 8 26
E 512 4 6 18
T 513 64 0 6 0
E 513 1 -6 -18
E 513 2 -8 -26
E 513 3 -11 -34
E 513 4 -14 -42
E 513 5 -16 -50
E 513 6 -19 -58
T 514 35 0 7 1
E 514 0 6 62
E 514 1 6 54
E 514 2 5 46
E 514 3 4 38
E 514 4 3 30
E 514 5 2 22
E 514 6 1 14
T 515 4 0 4 0
E 515 0 13 39
E 515 1 10 31
E 515 2 7 23
E 515 3 5 15
T 516 45 0 4 0
E 516 3 -6 -20
E 516 4 -9 -28
E 516 5 -12 -36
E 516 6 -14 -44
T 517 11 0 6 0
E 517 0 17 53
E 517 1 15 45
E 517 2 12 37
E 517 3 9 29
E 517 4 7 21
E 517 5 4 13
T 518 13 0 7 1
E 518 0 -1 -13
E 518 1 -2 -21
E 518 2 -3 -29
E 518 3 -4 -37
E 518 4 -5 -45
E 518 5 -5 -53
E 518 6 -6 -61
T 519 35 0 4 0
E 519 0 4 14
E 519 4 -6 -18
E 519 5 -8 -26
E 519 6 -11 -34
T 520 13 0 4 0
E 520 0 11 35
E 520 1 9 27
E 520 2 6 19
E 520 6 -4 -13
T 521 44 0 4 0
E 521 3 -5 -15
E 521 4 -7 -23
E 521 5 -10 -31
E 521 6 -13 -39
T 522 4 0 5 0
E 522 0 16 49
E 522 1 13 41
E 522 2 11 33
E 522 3 8 25
E 522 4 5 17
T 523 62 0 6 0
E 523 1 -5 -16
E 523 2 -8 -24
E 523 3 -10 -32
E 523 4 -13 -40
E 523 5 -16 -48
E 523 6 -18 -56
T 524 37 0 7 1
E 524 0 7 70
E 524 1 6 62
E 524 2 6 54
E 524 3 5 46
E 524 4 4 38
E 524 5 3 30
E 524 6 2 22
T 525 13 0 4 0
E 525 0 11 34
E 525 1 8 26
E 525 2 6 18
E 525 6 -4 -14
T 526 43 0 4 0
E 526 3 -4 -14
E 526 4 -7 -22
E 526 5 -10 -30
E 526 6 -12 -38
T 527 2 0 5 0
E 527 0 15 45
E 527 1 12 37
E 527 2 9 29
E 527 3 7 21
E 527 4 4 13
T 528 52 0 5 0
E 528 2 -5 -16
E 528 3 -8 -24
E 528 4 -10 -32
E 528 5 -13 -40
E 528 6 -16 -48
T 529 4 0 5 0
E 529 0 16 49
E 529 1 13 41
E 529 2 11 33
E 529 3 8 25
E 529 4 5 17
T 530 50 0 5 0
E 530 2 -4 -13
E 530 3 -7 -21
E 530 4 -9 -29
E 530 5 -12 -37
E 530 6 -15 -45
T 531 5 0 5 0
E 531 0 16 50
E 531 1 14 42
E 531 2 11 34
E 531 3 8 26
E 531 4 6 18
T 532 50 0 5 0
E 532 2 -4 -14
E 532 3 -7 -22
E 532 4 -10 -30
E 532 5 -12 -38
E 532 6 -15 -46
T 533 2 0 5 0
E 533 0 15 46
E 533 1 12 38
E 533 2 10 30
E 533 3 7 22
E 533 4 4 14
T 534 59 0 6 0
E 534 1 -4 -13
E 534 2 -7 -21
E 534 3 -9 -29
E 534 4 -12 -37
E 534 5 -15 -45
E 534 6 -17 -53
T 535 17 0 6 0
E 535 0 19 59
E 535 1 17 51
E 535 2 14 43
E 535 3 11 35
E 535 4 9 27
E 535 5 6 19
T 536 12 0 7 1
E 536 0 -1 -16
E 536 1 -2 -24
E 536 2 -3 -32
E 536 3 -4 -40
E 536 4 -5 -48
E 536 5 -6 -56
E 536 6 -7 -64
T 537 43 0 4 0
E 537 3 -4 -14
E 537 4 -7 -22
E 537 5 -10 -30
E 537 6 -12 -38
T 538 5 0 5 0
E 538 0 16 50
E 538 1 14 42
E 538 2 11 34
E 538 3 8 26
E 538 4 6 18
T 539 50 0 5 0
E 539 2 -4 -14
E 539 3 -7 -22
E 539 4 -10 -30
E 539 5 -12 -38
E 539 6 -15 -46
T 540 16 0 6 0
E 540 0 19 58
E 540 1 16 50
E 540 2 14 42
E 540 3 11 34
E 540 4 8 26
E 540 5 6 18
T 541 63 0 6 0
E 541 1 -5 -17
E 541 2 -8 -25
E 541 3 -11 -33
E 541 4 -13 -41
E 541 5 -16 -49
E 541 6 -19 -57
T 542 37 0 7 1
E 542 0 7 67
E 542 1 6 59
E 542 2 5 51
E 542 3 4 43
E 542 4 3 35
E 542 5 3 27
E 542 6 2 19
T 543 4 0 4 0
E 543 0 13 39
E 543 1 10 31
E 543 2 7 23
E 543 3 5 15
T 544 50 0 5 0
E 544 2 -4 -14
E 544 3 -7 -22
E 544 4 -10 -30
E 544 5 -12 -38
E 544 6 -15 -46
T 545 11 0 6 0
E 545 0 17 53
E 545 1 15 45
E 545 2 12 37
E 545 3 9 29
E 545 4 7 21
E 545 5 4 13
T 546 59 0 6 0
E 546 1 -4 -13
E 546 2 -7 -21
E 546 3 -9 -29
E 546 4 -12 -37
E 546 5 -15 -45
E 546 6 -17 -53
T 547 13 0 6 0
E 547 0 18 55
E 547 1 15 47
E 547 2 13 39
E 547 3 10 31
E 547 4 7 23
E 547 5 5 15
T 548 63 0 6 0
E 548 1 -5 -17
E 548 2 -8 -25
E 548 3 -11 -33
E 548 4 -13 -41
E 548 5 -16 -49
E 548 6 -19 -57
T 549 37 0 7 1
E 549 0 7 70
E 549 1 6 62
E 549 2 6 54
E 549 3 5 46
E 549 4 4 38
E 549 5 3 30
E 549 6 2 22
T 550 13 0 4 0
E 550 0 11 35
E 550 1 9 27
E 550 2 6 19
E 550 6 -4 -13
T 551 43 0 4 0
E 551 3 -4 -14
E 551 4 -7 -22
E 551 5 -10 -30
E 551 6 -12 -38
T 552 3 0 4 0
E 552 0 14 42
E 552 1 11 34
E 552 2 8 26
E 552 3 6 18
T 553 44 0 4 0
E 553 3 -5 -16
E 553 4 -8 -24
E 553 5 -10 -32
E 553 6 -13 -40
T 554 2 0 5 0
E 554 0 15 45
E 554 1 12 37
E 554 2 9 29
E 554 3 7 21
E 554 4 4 13
T 555 45 0 4 0
E 555 3 -6 -19
E 555 4 -9 -27
E 555 5 -11 -35
E 555 6 -14 -43
T 556 4 0 5 0
E 556 0 16 48
E 556 1 13 40
E 556 2 10 32
E 556 3 8 24
E 556 4 5 16
T 557 60 0 6 0
E 557 1 -4 -14
E 557 2 -7 -22
E 557 3 -10 -30
E 557 4 -12 -38
E 557 5 -15 -46
E 557 6 -18 -54
T 558 16 0 6 0
E 558 0 19 58
E 558 1 16 50
E 558 2 14 42
E 558 3 11 34
E 558 4 8 26
E 558 5 6 18
T 559 11 0 7 1
E 559 0 -2 -18
E 559 1 -2 -26
E 559 2 -3 -34
E 559 3 -4 -42
E 559 4 -5 -50
E 559 5 -6 -58
E 559 6 -7 -66
T 560 33 0 4 0
E 560 0 6 19
E 560 4 -4 -13
E 560 5 -7 -21
E 560 6 -9 -29
T 561 19 0 3 0
E 561 0 9 28
E 561 1 6 20
E 561 6 -6 -20
T 562 24 0 4 0
E 562 0 8 25
E 562 1 5 17
E 562 5 -5 -15
E 562 6 -7 -23
T 563 25 0 4 0
E 563 0 7 21
E 563 1 4 13
E 563 5 -6 -19
E 563 6 -9 -27
T 564 25 0 4 0
E 564 0 7 22
E 564 1 4 14
E 564 5 -6 -18
E 564 6 -8 -26
T 565 15 0 4 0
E 565 0 10 30
E 565 1 7 22
E 565 2 4 14
E 565 6 -6 -18
T 566 33 0 4 0
E 566 0 6 18
E 566 4 -4 -14
E 566 5 -7 -22
E 566 6 -10 -30
T 567 13 0 4 0
E 567 0 11 34
E 567 1 8 26
E 567 2 6 18
E 567 6 -4 -14
T 568 39 0 3 0
E 568 4 -6 -20
E 568 5 -9 -28
E 568 6 -12 -36
T 569 5 0 4 0
E 569 0 12 38
E 569 1 10 30
E 569 2 7 22
E 569 3 4 14
T 570 44 0 4 0
E 570 3 -5 -17
E 570 4 -8 -25
E 570 5 -11 -33
E 570 6 -13 -41
T 571 4 0 4 0
E 571 0 13 39
E 571 1 10 31
E 571 2 7 23
E 571 3 5 15
T 572 44 0 4 0
E 572 3 -5 -16
E 572 4 -8 -24
E 572 5 -10 -32
E 572 6 -13 -40
T 573 6 0 5 0
E 573 0 17 51
E 573 1 14 43
E 573 2 11 35
E 573 3 9 27
E 573 4 6 19
T 574 50 0 5 0
E 574 2 -4 -14
E 574 3 -7 -22
E 574 4 -10 -30
E 574 5 -12 -38
E 574 6 -15 -46
T 575 3 0 5 0
E 575 0 15 47
E 575 1 13 39
E 575 2 10 31
E 575 3 7 23
E 575 4 5 15
T 576 54 0 5 0
E 576 2 -6 -20
E 576 3 -9 -28
E 576 4 -12 -36
E 576 5 -14 -44
E 576 6 -17 -52
T 577 15 0 6 0
E 577 0 17 52
E 577 1 15 47
E 577 2 13 39
E 577 3 10 31
E 577 4 7 23
E 577 5 5 15
T 578 9 0 7 1
E 578 0 -1 -13
E 578 1 -1 -16
E 578 2 -2 -24
E 578 3 -3 -32
E 578 4 -4 -40
E 578 5 -5 -48
E 578 6 -6 -56
T 579 35 0 4 0
E 579 3 -4 -14
E 579 4 -7 -22
E 579 5 -10 -30
E 579 6 -12 -38
T 580 5 0 4 0
E 580 0 11 33
E 580 1 12 36
E 580 2 9 28
E 580 3 6 20
T 581 32 0 4 0
E 581 3 -6 -20
E 581 4 -9 -28
E 581 5 -12 -36
E 581 6 -14 -44
T 582 14 0 5 0
E 582 0 11 33
E 582 1 12 38
E 582 2 11 33
E 582 3 8 25
E 582 4 5 17
T 583 31 0 5 0
E 583 0 -4 -14
E 583 3 -6 -20
E 583 4 -9 -28
E 583 5 -12 -36
E 583 6 -14 -44
T 584 15 0 5 0
E 584 0 9 27
E 584 1 10 32
E 584 2 10 32
E 584 3 8 24
E 584 4 5 16
T 585 31 0 6 0
E 585 0 -6 -18
E 585 1 -4 -13
E 585 3 -6 -18
E 585 4 -8 -26
E 585 5 -11 -34
E 585 6 -14 -42
T 586 13 0 7 1
E 586 0 4 36
E 586 1 4 41
E 586 2 5 46
E 586 3 4 38
E 586 4 3 30
E 586 5 2 22
E 586 6 1 14
T 587 10 0 4 0
E 587 0 4 13
E 587 1 6 18
E 587 2 7 23
E 587 3 6 18
T 588 12 0 4 0
E 588 0 -4 -14
E 588 4 -5 -15
E 588 5 -7 -23
E 588 6 -10 -31
T 589 12 0 4 0
E 589 1 5 16
E 589 2 7 21
E 589 3 7 21
E 589 4 4 13
T 590 2 0 1 0
E 590 6 -6 -19
T 591 7 0 2 0
E 591 2 4 13
E 591 3 6 18
T 592 4 0 1 0
E 592 6 -5 -15
T 593 5 0 1 0
E 593 3 5 15
T 594 3 0 0 0
T 595 7 0 0 0
T 596 10 0 1 0
E 596 4 4 14
T 597 9 0 1 0
E 597 0 -4 -13
T 598 11 0 1 0
E 598 4 4 13
T 599 11 0 0 0
T 600 9 0 1 0
E 600 0 -4 -13
T 601 16 0 2 0
E 601 4 4 14
E 601 5 6 19
T 602 10 0 1 0
E 602 0 -5 -15
T 603 22 0 3 0
E 603 4 4 13
E 603 5 6 18
E 603 6 5 15
T 604 6 0 3 0
E 604 0 -8 -26
E 604 1 -7 -21
E 604 2 -5 -16
T 605 24 0 3 0
E 605 4 5 16
E 605 5 7 21
E 605 6 8 24
T 606 9 0 2 0
E 606 0 -6 -19
E 606 1 -4 -14
T 607 22 0 2 0
E 607 5 4 13
E 607 6 6 18
T 608 16 0 2 0
E 608 0 -5 -17
E 608 6 4 13
T 609 9 0 2 0
E 609 0 -6 -19
E 609 1 -4 -14
T 610 14 0 2 0
E 610 0 -4 -13
E 610 6 5 17
T 611 9 0 2 0
E 611 0 -6 -20
E 611 1 -5 -15
T 612 24 0 3 0
E 612 4 4 14
E 612 5 6 19
E 612 6 8 24
T 613 1 0 4 0
E 613 0 -10 -30
E 613 1 -8 -25
E 613 2 -6 -20
E 613 3 -5 -15
T 614 29 0 4 0
E 614 3 5 15
E 614 4 6 20
E 614 5 8 25
E 614 6 10 30
T 615 6 0 5 0
E 615 0 -12 -36
E 615 1 -10 -31
E 615 2 -8 -26
E 615 3 -7 -21
E 615 4 -5 -16
T 616 29 0 4 0
E 616 3 5 15
E 616 4 6 20
E 616 5 8 25
E 616 6 10 30
T 617 6 0 3 0
E 617 0 -8 -24
E 617 1 -6 -19
E 617 2 -4 -14
T 618 24 0 3 0
E 618 4 5 16
E 618 5 7 21
E 618 6 8 26
T 619 9 0 2 0
E 619 0 -6 -19
E 619 1 -4 -14
T 620 21 0 2 0
E 620 5 4 14
E 620 6 6 19
T 621 6 0 3 0
E 621 0 -8 -24
E 621 1 -6 -19
E 621 2 -4 -14
T 622 24 0 3 0
E 622 4 4 13
E 622 5 6 18
E 622 6 7 23
T 623 6 0 3 0
E 623 0 -7 -23
E 623 1 -6 -18
E 623 2 -4 -13
T 624 24 0 3 0
E 624 4 5 17
E 624 5 7 22
E 624 6 9 27
T 625 6 0 3 0
E 625 0 -8 -26
E 625 1 -7 -21
E 625 2 -5 -16
T 626 25 0 3 0
E 626 4 4 13
E 626 5 6 18
E 626 6 7 23
T 627 2 0 4 0
E 627 0 -10 -30
E 627 1 -8 -24
E 627 2 -6 -19
E 627 3 -4 -14
T 628 26 0 3 0
E 628 4 5 16
E 628 5 7 21
E 628 6 8 26
T 629 8 0 3 0
E 629 0 -9 -27
E 629 1 -6 -19
E 629 2 -4 -14
T 630 27 0 3 0
E 630 4 5 15
E 630 5 6 20
E 630 6 8 25
T 631 9 0 3 0
E 631 0 -10 -31
E 631 1 -7 -23
E 631 2 -5 -17
T 632 32 0 4 0
E 632 3 4 13
E 632 4 6 18
E 632 5 7 23
E 632 6 9 28
T 633 4 0 4 0
E 633 0 -11 -33
E 633 1 -8 -25
E 633 2 -6 -18
E 633 3 -4 -13
T 634 30 0 3 0
E 634 4 4 14
E 634 5 6 19
E 634 6 8 24
T 635 9 0 3 0
E 635 0 -10 -31
E 635 1 -7 -23
E 635 2 -5 -15
T 636 23 0 3 0
E 636 0 -5 -17
E 636 5 5 15
E 636 6 6 20
T 637 22 0 3 0
E 637 0 -6 -18
E 637 5 4 14
E 637 6 6 19
T 638 16 0 3 0
E 638 0 -7 -22
E 638 1 -4 -14
E 638 6 5 16
T 639 24 0 3 0
E 639 0 -6 -19
E 639 5 5 15
E 639 6 6 20
T 640 20 0 4 0
E 640 0 -7 -21
E 640 1 -4 -13
E 640 5 4 13
E 640 6 6 18
T 641 20 0 4 0
E 641 0 -7 -21
E 641 1 -4 -13
E 641 5 4 14
E 641 6 6 19
T 642 16 0 3 0
E 642 0 -7 -23
E 642 1 -5 -15
E 642 6 5 17
T 643 21 0 4 0
E 643 0 -7 -23
E 643 1 -5 -15
E 643 5 4 13
E 643 6 6 18
T 644 31 0 4 0
E 644 0 -5 -17
E 644 4 5 15
E 644 5 6 20
E 644 6 8 25
T 645 9 0 3 0
E 645 0 -10 -30
E 645 1 -7 -22
E 645 2 -4 -14
T 646 33 0 4 0
E 646 0 -4 -13
E 646 4 6 19
E 646 5 8 25
E 646 6 10 30
T 647 18 0 3 0
E 647 0 -9 -28
E 647 1 -6 -20
E 647 6 5 15
T 648 22 0 4 0
E 648 0 -8 -26
E 648 1 -6 -18
E 648 5 4 13
E 648 6 6 18
T 649 22 0 4 0
E 649 0 -9 -27
E 649 1 -6 -19
E 649 5 4 13
E 649 6 6 18
T 650 28 0 3 0
E 650 0 -6 -20
E 650 5 6 20
E 650 6 8 25
T 651 22 0 4 0
E 651 0 -9 -27
E 651 1 -6 -19
E 651 5 4 13
E 651 6 6 19
T 652 19 0 3 0
E 652 0 -9 -28
E 652 1 -6 -20
E 652 6 6 18
T 653 25 0 4 0
E 653 0 -7 -22
E 653 1 -4 -14
E 653 5 6 18
E 653 6 8 25
T 654 15 0 4 0
E 654 0 -10 -30
E 654 1 -7 -22
E 654 2 -4 -14
E 654 6 6 18
T 655 35 0 4 0
E 655 0 -4 -13
E 655 4 6 19
E 655 5 9 27
E 655 6 11 35
T 656 14 0 4 0
E 656 0 -11 -33
E 656 1 -8 -25
E 656 2 -5 -17
E 656 6 5 15
T 657 43 0 4 0
E 657 3 4 13
E 657 4 7 21
E 657 5 9 29
E 657 6 12 37
T 658 2 0 5 0
E 658 0 -15 -46
E 658 1 -12 -38
E 658 2 -10 -30
E 658 3 -7 -22
E 658 4 -4 -14
T 659 60 0 6 0
E 659 1 4 14
E 659 2 7 22
E 659 3 10 30
E 659 4 12 38
E 659 5 15 46
E 659 6 18 54
T 660 37 0 7 1
E 660 0 -7 -66
E 660 1 -6 -58
E 660 2 -5 -50
E 660 3 -4 -42
E 660 4 -3 -34
E 660 5 -2 -26
E 660 6 -2 -18
T 661 13 0 4 0
E 661 0 -11 -34
E 661 1 -8 -26
E 661 2 -6 -18
E 661 6 4 14
T 662 43 0 4 0
E 662 3 4 14
E 662 4 7 22
E 662 5 10 30
E 662 6 12 38
T 663 4 0 4 0
E 663 0 -13 -40
E 663 1 -10 -32
E 663 2 -8 -24
E 663 3 -5 -16
T 664 44 0 4 0
E 664 3 5 17
E 664 4 8 25
E 664 5 11 33
E 664 6 13 41
T 665 3 0 4 0
E 665 0 -14 -44
E 665 1 -12 -36
E 665 2 -9 -28
E 665 3 -6 -20
T 666 50 0 5 0
E 666 2 4 14
E 666 3 7 22
E 666 4 10 30
E 666 5 12 38
E 666 6 15 46
T 667 4 0 5 0
E 667 0 -16 -49
E 667 1 -13 -41
E 667 2 -11 -33
E 667 3 -8 -25
E 667 4 -5 -17
T 668 51 0 5 0
E 668 2 5 15
E 668 3 7 23
E 668 4 10 31
E 668 5 13 39
E 668 6 15 47
T 669 11 0 6 0
E 669 0 -17 -53
E 669 1 -15 -45
E 669 2 -12 -37
E 669 3 -9 -29
E 669 4 -7 -21
E 669 5 -4 -13
T 670 54 0 5 0
E 670 2 6 20
E 670 3 9 28
E 670 4 12 36
E 670 5 14 44
E 670 6 17 52
T 671 5 0 5 0
E 671 0 -16 -50
E 671 1 -14 -42
E 671 2 -11 -34
E 671 3 -8 -26
E 671 4 -6 -18
T 672 60 0 6 0
E 672 1 4 14
E 672 2 7 22
E 672 3 10 30
E 672 4 12 38
E 672 5 15 46
E 672 6 18 54
T 673 35 0 7 1
E 673 0 -7 -63
E 673 1 -6 -55
E 673 2 -5 -47
E 673 3 -4 -39
E 673 4 -3 -31
E 673 5 -2 -23
E 673 6 -1 -15
T 674 5 0 4 0
E 674 0 -12 -38
E 674 1 -10 -30
E 674 2 -7 -22
E 674 3 -4 -14
T 675 43 0 4 0
E 675 3 4 13
E 675 4 7 21
E 675 5 9 29
E 675 6 12 37
T 676 2 0 5 0
E 676 0 -15 -45
E 676 1 -12 -37
E 676 2 -9 -29
E 676 3 -7 -21
E 676 4 -4 -13
T 677 54 0 5 0
E 677 2 6 20
E 677 3 9 28
E 677 4 12 36
E 677 5 14 44
E 677 6 17 52
T 678 5 0 5 0
E 678 0 -16 -50
E 678 1 -14 -42
E 678 2 -11 -34
E 678 3 -8 -26
E 678 4 -6 -18
T 679 53 0 5 0
E 679 2 6 18
E 679 3 8 26
E 679 4 11 34
E 679 5 14 42
E 679 6 16 50
T 680 17 0 6 0
E 680 0 -19 -59
E 680 1 -17 -51
E 680 2 -14 -43
E 680 3 -11 -35
E 680 4 -9 -27
E 680 5 -6 -19
T 681 13 0 7 1
E 681 0 1 15
E 681 1 2 23
E 681 2 3 31
E 681 3 4 39
E 681 4 5 47
E 681 5 6 55
E 681 6 7 63
T 682 34 0 4 0
E 682 0 -5 -15
E 682 4 5 17
E 682 5 8 25
E 682 6 11 33
T 683 4 0 4 0
E 683 0 -13 -41
E 683 1 -11 -33
E 683 2 -8 -25
E 683 3 -5 -17
T 684 44 0 4 0
E 684 3 5 15
E 684 4 7 23
E 684 5 10 31
E 684 6 13 39
T 685 4 0 5 0
E 685 0 -16 -48
E 685 1 -13 -40
E 685 2 -10 -32
E 685 3 -8 -24
E 685 4 -5 -16
T 686 54 0 5 0
E 686 2 6 19
E 686 3 9 27
E 686 4 11 35
E 686 5 14 43
E 686 6 17 51
T 687 6 0 5 0
E 687 0 -17 -51
E 687 1 -14 -43
E 687 2 -11 -35
E 687 3 -9 -27
E 687 4 -6 -19
T 688 51 0 5 0
E 688 2 5 15
E 688 3 7 23
E 688 4 10 31
E 688 5 13 39
E 688 6 15 47
T 689 13 0 6 0
E 689 0 -18 -55
E 689 1 -15 -47
E 689 2 -13 -39
E 689 3 -10 -31
E 689 4 -7 -23
E 689 5 -5 -15
T 690 61 0 6 0
E 690 1 5 15
E 690 2 7 23
E 690 3 10 31
E 690 4 13 39
E 690 5 15 47
E 690 6 18 55
T 691 18 0 6 0
E 691 0 -20 -60
E 691 1 -17 -52
E 691 2 -14 -44
E 691 3 -12 -36
E 691 4 -9 -28
E 691 5 -6 -20
T 692 11 0 7 1
E 692 0 1 17
E 692 1 2 25
E 692 2 3 33
E 692 3 4 41
E 692 4 5 49
E 692 5 6 57
E 692 6 7 65
T 693 39 0 3 0
E 693 4 6 20
E 693 5 9 28
E 693 6 12 36
T 694 4 0 4 0
E 694 0 -13 -40
E 694 1 -10 -32
E 694 2 -8 -24
E 694 3 -5 -16
T 695 52 0 5 0
E 695 2 5 17
E 695 3 8 25
E 695 4 11 33
E 695 5 13 41
E 695 6 16 49
T 696 12 0 6 0
E 696 0 -18 -54
E 696 1 -15 -46
E 696 2 -12 -38
E 696 3 -10 -30
E 696 4 -7 -22
E 696 5 -4 -14
T 697 62 0 6 0
E 697 1 5 16
E 697 2 8 24
E 697 3 10 32
E 697 4 13 40
E 697 5 16 48
E 697 6 18 56
T 698 37 0 7 1
E 698 0 -7 -65
E 698 1 -6 -57
E 698 2 -5 -49
E 698 3 -4 -41
E 698 4 -3 -33
E 698 5 -2 -25
E 698 6 -1 -17
T 699 2 0 5 0
E 699 0 -15 -45
E 699 1 -12 -37
E 699 2 -9 -29
E 699 3 -7 -21
E 699 4 -4 -13
T 700 52 0 5 0
E 700 2 5 17
E 700 3 8 25
E 700 4 11 33
E 700 5 13 41
E 700 6 16 49
T 701 4 0 5 0
E 701 0 -16 -49
E 701 1 -13 -41
E 701 2 -11 -33
E 701 3 -8 -25
E 701 4 -5 -17
T 702 54 0 5 0
E 702 2 6 19
E 702 3 9 27
E 702 4 11 35
E 702 5 14 43
E 702 6 17 51
T 703 6 0 5 0
E 703 0 -17 -51
E 703 1 -14 -43
E 703 2 -11 -35
E 703 3 -9 -27
E 703 4 -6 -19
T 704 54 0 5 0
E 704 2 6 19
E 704 3 9 27
E 704 4 11 35
E 704 5 14 43
E 704 6 17 51
T 705 4 0 5 0
E 705 0 -16 -49
E 705 1 -13 -41
E 705 2 -11 -33
E 705 3 -8 -25
E 705 4 -5 -17
T 706 45 0 4 0
E 706 3 6 20
E 706 4 9 28
E 706 5 12 36
E 706 6 14 44
T 707 3 0 4 0
E 707 0 -14 -43
E 707 1 -11 -35
E 707 2 -9 -27
E 707 3 -6 -19
T 708 50 0 5 0
E 708 2 4 13
E 708 3 7 21
E 708 4 9 29
E 708 5 12 37
E 708 6 15 45
T 709 15 0 6 0
E 709 0 -19 -57
E 709 1 -16 -49
E 709 2 -13 -41
E 709 3 -11 -33
E 709 4 -8 -25
E 709 5 -5 -17
T 710 11 0 7 1
E 710 0 1 17
E 710 1 2 25
E 710 2 3 33
E 710 3 4 41
E 710 4 5 49
E 710 5 6 57
E 710 6 7 65
T 711 33 0 4 0
E 711 0 -6 -18
E 711 4 4 14
E 711 5 7 22
E 711 6 10 30
T 712 5 0 4 0
E 712 0 -12 -37
E 712 1 -9 -29
E 712 2 -7 -21
E 712 3 -4 -13
T 713 44 0 4 0
E 713 3 5 15
E 713 4 7 23
E 713 5 10 31
E 713 6 13 39
T 714 3 0 4 0
E 714 0 -14 -43
E 714 1 -11 -35
E 714 2 -9 -27
E 714 3 -6 -19
T 715 51 0 5 0
E 715 2 5 15
E 715 3 7 23
E 715 4 10 31
E 715 5 13 39
E 715 6 15 47
T 716 6 0 5 0
E 716 0 -17 -52
E 716 1 -14 -44
E 716 2 -12 -36
E 716 3 -9 -28
E 716 4 -6 -20
T 717 54 0 5 0
E 717 2 6 20
E 717 3 9 28
E 717 4 12 36
E 717 5 14 44
E 717 6 17 52
T 718 12 0 6 0
E 718 0 -18 -54
E 718 1 -15 -46
E 718 2 -12 -38
E 718 3 -10 -30
E 718 4 -7 -22
E 718 5 -4 -14
T 719 59 0 6 0
E 719 1 4 13
E 719 2 7 21
E 719 3 9 29
E 719 4 12 37
E 719 5 15 45
E 719 6 17 53
T 720 43 0 5 0
E 720 1 -15 -47
E 720 2 -13 -39
E 720 3 -10 -31
E 720 4 -7 -23
E 720 5 -5 -15
T 721 9 0 5 0
E 721 0 15 47
E 721 3 6 20
E 721 4 9 28
E 721 5 12 36
E 721 6 14 44
T 722 62 0 6 0
E 722 1 -19 -58
E 722 2 -16 -50
E 722 3 -14 -42
E 722 4 -11 -34
E 722 5 -8 -26
E 722 6 -6 -18
T 723 36 0 7 1
E 723 0 6 62
E 723 1 1 13
E 723 2 2 21
E 723 3 3 29
E 723 4 4 37
E 723 5 5 45
E 723 6 5 53
T 724 8 0 4 0
E 724 0 14 43
E 724 4 4 14
E 724 5 7 22
E 724 6 10 30
T 725 34 0 4 0
E 725 0 5 16
E 725 2 -10 -32
E 725 3 -8 -24
E 725 4 -5 -16
T 726 14 0 4 0
E 726 0 12 38
E 726 1 10 30
E 726 2 -4 -13
E 726 6 6 19
T 727 51 0 4 0
E 727 2 -14 -42
E 727 3 -11 -34
E 727 4 -8 -26
E 727 5 -6 -18
T 728 1 0 5 0
E 728 0 19 58
E 728 1 16 50
E 728 4 5 17
E 728 5 8 25
E 728 6 11 33
T 729 81 0 6 0
E 729 1 -4 -13
E 729 2 -22 -66
E 729 3 -19 -58
E 729 4 -16 -50
E 729 5 -14 -42
E 729 6 -11 -34
T 730 44 0 7 1
E 730 0 9 84
E 730 1 8 76
E 730 2 7 68
E 730 3 3 28
E 730 4 4 36
E 730 5 4 44
E 730 6 5 52
T 731 9 0 3 0
E 731 0 15 47
E 731 1 13 39
E 731 2 10 31
T 732 64 0 4 0
E 732 3 -19 -57
E 732 4 -16 -49
E 732 5 -13 -41
E 732 6 -11 -33
T 733 4 0 5 0
E 733 0 21 65
E 733 1 19 57
E 733 2 16 49
E 733 5 5 16
E 733 6 8 24
T 734 78 0 5 0
E 734 2 -4 -14
E 734 3 -22 -67
E 734 4 -19 -59
E 734 5 -17 -51
E 734 6 -14 -43
T 735 23 0 6 0
E 735 0 25 75
E 735 1 22 67
E 735 2 19 59
E 735 3 17 51
E 735 5 6 19
E 735 6 9 27
T 736 15 0 7 1
E 736 0 -3 -28
E 736 1 -4 -36
E 736 2 -4 -44
E 736 3 -5 -52
E 736 4 -10 -95
E 736 5 -9 -87
E 736 6 -8 -79
T 737 65 0 4 0
E 737 3 -4 -13
E 737 4 -19 -59
E 737 5 -17 -51
E 737 6 -14 -43
T 738 4 0 4 0
E 738 0 21 65
E 738 1 19 57
E 738 2 16 49
E 738 3 13 41
T 739 82 0 5 0
E 739 2 -6 -18
E 739 3 -8 -26
E 739 4 -26 -79
E 739 5 -23 -71
E 739 6 -21 -63
T 740 28 0 6 0
E 740 0 26 78
E 740 1 23 70
E 740 2 20 62
E 740 3 18 54
E 740 4 15 46
E 740 6 4 14
T 741 15 0 7 1
E 741 0 -3 -31
E 741 1 -4 -39
E 741 2 -5 -47
E 741 3 -6 -55
E 741 4 -7 -63
E 741 5 -11 -106
E 741 6 -10 -98
T 742 44 0 4 0
E 742 0 7 23
E 742 1 5 15
E 742 5 -18 -55
E 742 6 -15 -47
T 743 29 0 6 0
E 743 0 13 39
E 743 1 10 31
E 743 2 7 23
E 743 3 5 15
E 743 5 -14 -42
E 743 6 -11 -34
T 744 40 0 5 0
E 744 0 11 34
E 744 1 8 26
E 744 2 6 18
E 744 5 -17 -51
E 744 6 -14 -43
T 745 23 0 4 0
E 745 0 12 36
E 745 1 9 28
E 745 2 6 20
E 745 6 -14 -44
T 746 41 0 3 0
E 746 0 6 20
E 746 5 -6 -20
E 746 6 -21 -63
T 747 17 0 5 0
E 747 0 14 42
E 747 1 11 34
E 747 2 8 26
E 747 3 6 18
E 747 6 -14 -44
T 748 47 0 4 0
E 748 0 5 15
E 748 4 -5 -17
E 748 5 -8 -25
E 748 6 -24 -74
T 749 38 0 7 1
E 749 0 6 55
E 749 1 5 47
E 749 2 4 39
E 749 3 3 31
E 749 4 2 23
E 749 5 1 15
E 749 6 -4 -38
T 750 5 0 4 0
E 750 0 12 37
E 750 1 9 29
E 750 2 7 21
E 750 3 4 13
T 751 44 0 4 0
E 751 3 -5 -17
E 751 4 -8 -25
E 751 5 -11 -33
E 751 6 -13 -41
T 752 6 0 5 0
E 752 0 17 52
E 752 1 14 44
E 752 2 12 36
E 752 3 9 28
E 752 4 6 20
T 753 64 0 6 0
E 753 1 -6 -18
E 753 2 -8 -26
E 753 3 -11 -34
E 753 4 -14 -42
E 753 5 -16 -50
E 753 6 -19 -58
T 754 37 0 7 1
E 754 0 7 65
E 754 1 6 57
E 754 2 5 49
E 754 3 4 41
E 754 4 3 33
E 754 5 2 25
E 754 6 1 17
T 755 4 0 4 0
E 755 0 13 39
E 755 1 10 31
E 755 2 7 23
E 755 3 5 15
T 756 52 0 5 0
E 756 2 -5 -16
E 756 3 -8 -24
E 756 4 -10 -32
E 756 5 -13 -40
E 756 6 -16 -48
T 757 17 0 6 0
E 757 0 19 59
E 757 1 17 51
E 757 2 14 43
E 757 3 11 35
E 757 4 9 27
E 757 5 6 19
T 758 12 0 7 1
E 758 0 -1 -16
E 758 1 -2 -24
E 758 2 -3 -32
E 758 3 -4 -40
E 758 4 -5 -48
E 758 5 -6 -56
E 758 6 -7 -64
T 759 33 0 4 0
E 759 0 6 18
E 759 4 -4 -14
E 759 5 -7 -22
E 759 6 -10 -30
T 760 14 0 4 0
E 760 0 10 31
E 760 1 7 23
E 760 2 5 15
E 760 6 -5 -17
T 761 43 0 4 0
E 761 3 -4 -13
E 761 4 -7 -21
E 761 5 -9 -29
E 761 6 -12 -37
T 762 6 0 5 0
E 762 0 17 51
E 762 1 14 43
E 762 2 11 35
E 762 3 9 27
E 762 4 6 19
T 763 61 0 6 0
E 763 1 -5 -15
E 763 2 -7 -23
E 763 3 -10 -31
E 763 4 -13 -39
E 763 5 -15 -47
E 763 6 -18 -55
T 764 37 0 7 1
E 764 0 7 66
E 764 1 6 58
E 764 2 5 50
E 764 3 4 42
E 764 4 3 34
E 764 5 2 26
E 764 6 2 18
T 765 9 0 3 0
E 765 0 12 36
E 765 1 9 28
E 765 2 6 20
T 766 43 0 4 0
E 766 3 -4 -13
E 766 4 -7 -21
E 766 5 -9 -29
E 766 6 -12 -37
T 767 4 0 4 0
E 767 0 13 41
E 767 1 11 33
E 767 2 8 25
E 767 3 5 17
T 768 45 0 4 0
E 768 3 -6 -20
E 768 4 -9 -28
E 768 5 -12 -36
E 768 6 -14 -44
T 769 3 0 4 0
E 769 0 14 44
E 769 1 12 36
E 769 2 9 28
E 769 3 6 20
T 770 52 0 5 0
E 770 2 -5 -17
E 770 3 -8 -25
E 770 4 -11 -33
E 770 5 -13 -41
E 770 6 -16 -49
T 771 11 0 6 0
E 771 0 17 53
E 771 1 15 45
E 771 2 12 37
E 771 3 9 29
E 771 4 7 21
E 771 5 4 13
T 772 13 0 7 1
E 772 0 -1 -13
E 772 1 -2 -21
E 772 2 -3 -29
E 772 3 -4 -37
E 772 4 -5 -45
E 772 5 -5 -53
E 772 6 -6 -61
T 773 34 0 4 0
E 773 0 5 17
E 773 4 -5 -15
E 773 5 -7 -23
E 773 6 -10 -31
T 774 3 0 4 0
E 774 0 14 42
E 774 1 11 34
E 774 2 8 26
E 774 3 6 18
T 775 45 0 4 0
E 775 3 -6 -19
E 775 4 -9 -27
E 775 5 -11 -35
E 775 6 -14 -43
T 776 6 0 5 0
E 776 0 17 51
E 776 1 14 43
E 776 2 11 35
E 776 3 9 27
E 776 4 6 19
T 777 52 0 5 0
E 777 2 -5 -16
E 777 3 -8 -24
E 777 4 -10 -32
E 777 5 -13 -40
E 777 6 -16 -48
T 778 4 0 5 0
E 778 0 16 48
E 778 1 13 40
E 778 2 10 32
E 778 3 8 24
E 778 4 5 16
T 779 61 0 6 0
E 779 1 -5 -15
E 779 2 -7 -23
E 779 3 -10 -31
E 779 4 -13 -39
E 779 5 -15 -47
E 779 6 -18 -55
T 780 17 0 6 0
E 780 0 19 59
E 780 1 17 51
E 780 2 14 43
E 780 3 11 35
E 780 4 9 27
E 780 5 6 19
T 781 11 0 7 1
E 781 0 -2 -21
E 781 1 -3 -29
E 781 2 -4 -37
E 781 3 -5 -45
E 781 4 -5 -53
E 781 5 -6 -61
E 781 6 -7 -69
T 782 35 0 4 0
E 782 0 4 14
E 782 4 -6 -18
E 782 5 -8 -26
E 782 6 -11 -34
T 783 15 0 4 0
E 783 0 10 30
E 783 1 7 22
E 783 2 4 14
E 783 6 -6 -18
T 784 35 0 4 0
E 784 0 4 13
E 784 4 -6 -19
E 784 5 -9 -27
E 784 6 -11 -35
T 785 5 0 4 0
E 785 0 12 38
E 785 1 10 30
E 785 2 7 22
E 785 3 4 14
T 786 44 0 4 0
E 786 3 -5 -16
E 786 4 -8 -24
E 786 5 -10 -32
E 786 6 -13 -40
T 787 2 0 5 0
E 787 0 15 46
E 787 1 12 38
E 787 2 10 30
E 787 3 7 22
E 787 4 4 14
T 788 54 0 5 0
E 788 2 -6 -20
E 788 3 -9 -28
E 788 4 -12 -36
E 788 5 -14 -44
E 788 6 -17 -52
T 789 35 0 7 1
E 789 0 6 61
E 789 1 5 53
E 789 2 5 45
E 789 3 4 37
E 789 4 3 29
E 789 5 2 21
E 789 6 1 13
T 790 14 0 4 0
E 790 0 10 32
E 790 1 8 24
E 790 2 5 16
E 790 6 -5 -16
T 791 44 0 4 0
E 791 3 -5 -15
E 791 4 -7 -23
E 791 5 -10 -31
E 791 6 -13 -39
T 792 2 0 5 0
E 792 0 15 45
E 792 1 12 37
E 792 2 9 29
E 792 3 7 21
E 792 4 4 13
T 793 50 0 5 0
E 793 2 -4 -13
E 793 3 -7 -21
E 793 4 -9 -29
E 793 5 -12 -37
E 793 6 -15 -45
T 794 16 0 6 0
E 794 0 19 58
E 794 1 16 50
E 794 2 14 42
E 794 3 11 34
E 794 4 8 26
E 794 5 6 18
T 795 65 0 6 0
E 795 1 -6 -19
E 795 2 -9 -27
E 795 3 -11 -35
E 795 4 -14 -43
E 795 5 -17 -51
E 795 6 -19 -59
T 796 37 0 7 1
E 796 0 7 69
E 796 1 6 61
E 796 2 5 53
E 796 3 5 45
E 796 4 4 37
E 796 5 3 29
E 796 6 2 21
T 797 9 0 3 0
E 797 0 12 36
E 797 1 9 28
E 797 2 6 20
T 798 34 0 4 0
E 798 0 5 16
E 798 4 -5 -16
E 798 5 -8 -24
E 798 6 -10 -32
T 799 4 0 4 0
E 799 0 13 40
E 799 1 10 32
E 799 2 8 24
E 799 3 5 16
T 800 45 0 4 0
E 800 3 -6 -18
E 800 4 -8 -26
E 800 5 -11 -34
E 800 6 -14 -42
T 801 3 0 4 0
E 801 0 14 44
E 801 1 12 36
E 801 2 9 28
E 801 3 6 20
T 802 44 0 4 0
E 802 3 -5 -15
E 802 4 -7 -23
E 802 5 -10 -31
E 802 6 -13 -39
T 803 4 0 4 0
E 803 0 13 41
E 803 1 11 33
E 803 2 8 25
E 803 3 5 17
T 804 44 0 4 0
E 804 3 -5 -17
E 804 4 -8 -25
E 804 5 -11 -33
E 804 6 -13 -41
T 805 3 0 4 0
E 805 0 14 42
E 805 1 11 34
E 805 2 8 26
E 805 3 6 18
T 806 50 0 5 0
E 806 2 -4 -13
E 806 3 -7 -21
E 806 4 -9 -29
E 806 5 -12 -37
E 806 6 -15 -45
T 807 16 0 6 0
E 807 0 19 58
E 807 1 16 50
E 807 2 14 42
E 807 3 11 34
E 807 4 8 26
E 807 5 6 18
T 808 65 0 6 0
E 808 1 -6 -19
E 808 2 -9 -27
E 808 3 -11 -35
E 808 4 -14 -43
E 808 5 -17 -51
E 808 6 -19 -59
T 809 37 0 7 1
E 809 0 7 66
E 809 1 6 58
E 809 2 5 50
E 809 3 4 42
E 809 4 3 34
E 809 5 2 26
E 809 6 2 18
T 810 13 0 4 0
E 810 0 11 34
E 810 1 8 26
E 810 2 6 18
E 810 6 -4 -14
T 811 35 0 4 0
E 811 0 4 13
E 811 4 -6 -19
E 811 5 -9 -27
E 811 6 -11 -35
T 812 4 0 4 0
E 812 0 13 40
E 812 1 10 32
E 812 2 8 24
E 812 3 5 16
T 813 45 0 4 0
E 813 3 -6 -19
E 813 4 -9 -27
E 813 5 -11 -35
E 813 6 -14 -43
T 814 4 0 5 0
E 814 0 16 48
E 814 1 13 40
E 814 2 10 32
E 814 3 8 24
E 814 4 5 16
T 815 54 0 5 0
E 815 2 -6 -20
E 815 3 -9 -28
E 815 4 -12 -36
E 815 5 -14 -44
E 815 6 -17 -52
T 816 18 0 6 0
E 816 0 20 60
E 816 1 17 52
E 816 2 14 44
E 816 3 12 36
E 816 4 9 28
E 816 5 6 20
T 817 10 0 7 1
E 817 0 -1 -13
E 817 1 -2 -18
E 817 2 -2 -26
E 817 3 -3 -34
E 817 4 -4 -42
E 817 5 -5 -50
E 817 6 -6 -58
T 818 34 0 3 0
E 818 4 -5 -17
E 818 5 -8 -25
E 818 6 -11 -33
T 819 2 0 4 0
E 819 0 11 35
E 819 1 11 35
E 819 2 9 27
E 819 3 6 19
T 820 34 0 4 0
E 820 3 -6 -18
E 820 4 -8 -26
E 820 5 -11 -34
E 820 6 -14 -42
T 821 14 0 5 0
E 821 0 12 37
E 821 1 14 42
E 821 2 11 34
E 821 3 8 26
E 821 4 6 18
T 822 29 0 4 0
E 822 3 -6 -20
E 822 4 -9 -28
E 822 5 -12 -36
E 822 6 -14 -44
T 823 16 0 5 0
E 823 0 11 33
E 823 1 12 38
E 823 2 11 35
E 823 3 9 27
E 823 4 6 19
T 824 23 0 4 0
E 824 3 -5 -15
E 824 4 -7 -23
E 824 5 -10 -31
E 824 6 -13 -39
T 825 15 0 5 0
E 825 0 7 23
E 825 1 9 28
E 825 2 10 31
E 825 3 7 23
E 825 4 5 15
T 826 22 0 5 0
E 826 0 -5 -15
E 826 3 -4 -13
E 826 4 -7 -21
E 826 5 -9 -29
E 826 6 -12 -37
T 827 25 0 6 0
E 827 0 8 25
E 827 1 10 30
E 827 2 11 35
E 827 3 10 30
E 827 4 7 22
E 827 5 4 14
T 828 10 0 7 1
E 828 0 -3 -32
E 828 1 -3 -27
E 828 2 -2 -22
E 828 3 -2 -25
E 828 4 -3 -33
E 828 5 -4 -41
E 828 6 -5 -49
T 829 10 0 4 0
E 829 0 -5 -16
E 829 4 -4 -14
E 829 5 -7 -22
E 829 6 -10 -30
T 830 6 0 2 0
E 830 2 5 15
E 830 3 6 18
T 831 4 0 1 0
E 831 6 -6 -19
T 832 3 0 0 0
T 833 7 0 0 0
T 834 10 0 2 0
E 834 3 4 13
E 834 4 4 13
T 835 10 0 1 0
E 835 0 -4 -14
T 836 10 0 1 0
E 836 0 -5 -15
T 837 10 0 1 0
E 837 0 -5 -15
T 838 8 0 0 0
T 839 9 0 0 0
T 840 10 0 1 0
E 840 0 -4 -14
T 841 17 0 2 0
E 841 4 4 13
E 841 5 6 18
T 842 9 0 2 0
E 842 0 -6 -19
E 842 1 -4 -14
T 843 11 0 1 0
E 843 0 -5 -16
T 844 23 0 3 0
E 844 4 4 13
E 844 5 6 18
E 844 6 6 18
T 845 1 0 4 0
E 845 0 -10 -30
E 845 1 -8 -25
E 845 2 -6 -20
E 845 3 -5 -15
T 846 28 0 4 0
E 846 3 4 13
E 846 4 6 18
E 846 5 7 23
E 846 6 9 28
T 847 6 0 3 0
E 847 0 -9 -27
E 847 1 -7 -22
E 847 2 -5 -17
T 848 21 0 2 0
E 848 5 4 14
E 848 6 6 19
T 849 6 0 3 0
E 849 0 -8 -26
E 849 1 -7 -21
E 849 2 -5 -16
T 850 21 0 2 0
E 850 5 4 14
E 850 6 6 19
T 851 6 0 3 0
E 851 0 -9 -27
E 851 1 -7 -22
E 851 2 -5 -17
T 852 24 0 3 0
E 852 4 5 16
E 852 5 7 21
E 852 6 8 26
T 853 9 0 2 0
E 853 0 -6 -20
E 853 1 -5 -15
T 854 21 0 2 0
E 854 5 5 15
E 854 6 6 20
T 855 6 0 3 0
E 855 0 -8 -24
E 855 1 -6 -19
E 855 2 -4 -14
T 856 22 0 2 0
E 856 5 4 13
E 856 6 6 18
T 857 2 0 4 0
E 857 0 -9 -28
E 857 1 -7 -23
E 857 2 -6 -18
E 857 3 -4 -13
T 858 24 0 3 0
E 858 4 5 16
E 858 5 7 21
E 858 6 8 26
T 859 9 0 2 0
E 859 0 -6 -19
E 859 1 -4 -14
T 860 14 0 2 0
E 860 0 -4 -13
E 860 6 5 17
T 861 22 0 2 0
E 861 5 4 13
E 861 6 6 18
T 862 16 0 2 0
E 862 0 -5 -17
E 862 6 4 13
T 863 15 0 2 0
E 863 0 -4 -14
E 863 6 5 16
T 864 21 0 2 0
E 864 5 5 15
E 864 6 6 20
T 865 6 0 3 0
E 865 0 -7 -23
E 865 1 -6 -18
E 865 2 -4 -13
T 866 25 0 3 0
E 866 4 4 13
E 866 5 6 18
E 866 6 7 23
T 867 7 0 3 0
E 867 0 -8 -26
E 867 1 -6 -20
E 867 2 -5 -15
T 868 26 0 3 0
E 868 4 4 13
E 868 5 6 18
E 868 6 7 23
T 869 3 0 4 0
E 869 0 -11 -34
E 869 1 -8 -26
E 869 2 -7 -21
E 869 3 -5 -16
T 870 27 0 3 0
E 870 4 5 17
E 870 5 7 22
E 870 6 9 27
T 871 9 0 3 0
E 871 0 -10 -31
E 871 1 -7 -23
E 871 2 -5 -17
T 872 20 0 3 0
E 872 0 -5 -15
E 872 5 4 14
E 872 6 6 19
T 873 11 0 2 0
E 873 0 -7 -23
E 873 1 -5 -15
T 874 34 0 4 0
E 874 3 4 13
E 874 4 6 18
E 874 5 7 23
E 874 6 9 28
T 875 2 0 5 0
E 875 0 -13 -41
E 875 1 -11 -33
E 875 2 -8 -25
E 875 3 -6 -20
E 875 4 -5 -15
T 876 36 0 4 0
E 876 3 5 16
E 876 4 7 21
E 876 5 8 26
E 876 6 10 31
T 877 3 0 5 0
E 877 0 -14 -43
E 877 1 -11 -35
E 877 2 -9 -27
E 877 3 -7 -21
E 877 4 -5 -16
T 878 44 0 5 0
E 878 2 5 16
E 878 3 7 23
E 878 4 9 28
E 878 5 11 33
E 878 6 12 38
T 879 1 0 5 0
E 879 0 -14 -43
E 879 1 -11 -35
E 879 2 -9 -27
E 879 3 -6 -19
E 879 4 -4 -14
T 880 39 0 4 0
E 880 3 6 19
E 880 4 8 24
E 880 5 9 29
E 880 6 11 34
T 881 4 0 4 0
E 881 0 -13 -41
E 881 1 -11 -33
E 881 2 -8 -25
E 881 3 -5 -17
T 882 40 0 4 0
E 882 3 6 19
E 882 4 8 25
E 882 5 10 30
E 882 6 11 35
T 883 4 0 4 0
E 883 0 -13 -39
E 883 1 -10 -31
E 883 2 -7 -23
E 883 3 -5 -15
T 884 47 0 5 0
E 884 2 4 13
E 884 3 7 21
E 884 4 9 29
E 884 5 11 34
E 884 6 13 39
T 885 9 0 6 0
E 885 0 -16 -50
E 885 1 -14 -42
E 885 2 -11 -34
E 885 3 -8 -26
E 885 4 -6 -18
E 885 5 -4 -13
T 886 13 0 7 1
E 886 0 1 13
E 886 1 2 21
E 886 2 3 29
E 886 3 4 37
E 886 4 5 45
E 886 5 5 51
E 886 6 6 56
T 887 41 0 4 0
E 887 3 4 13
E 887 4 7 21
E 887 5 9 27
E 887 6 10 32
T 888 4 0 4 0
E 888 0 -13 -41
E 888 1 -11 -33
E 888 2 -8 -25
E 888 3 -5 -17
T 889 42 0 4 0
E 889 3 4 13
E 889 4 7 21
E 889 5 9 29
E 889 6 11 34
T 890 3 0 4 0
E 890 0 -14 -44
E 890 1 -12 -36
E 890 2 -9 -28
E 890 3 -6 -20
T 891 43 0 4 0
E 891 3 5 16
E 891 4 8 24
E 891 5 10 32
E 891 6 12 38
T 892 3 0 5 0
E 892 0 -15 -47
E 892 1 -13 -39
E 892 2 -10 -31
E 892 3 -7 -23
E 892 4 -5 -15
T 893 45 0 4 0
E 893 3 6 20
E 893 4 9 28
E 893 5 12 36
E 893 6 14 43
T 894 2 0 5 0
E 894 0 -15 -46
E 894 1 -12 -38
E 894 2 -10 -30
E 894 3 -7 -22
E 894 4 -4 -14
T 895 61 0 6 0
E 895 1 5 15
E 895 2 7 23
E 895 3 10 31
E 895 4 13 39
E 895 5 15 47
E 895 6 18 55
T 896 35 0 7 1
E 896 0 -7 -63
E 896 1 -6 -55
E 896 2 -5 -47
E 896 3 -4 -39
E 896 4 -3 -31
E 896 5 -2 -23
E 896 6 -1 -15
T 897 9 0 3 0
E 897 0 -12 -36
E 897 1 -9 -28
E 897 2 -6 -20
T 898 44 0 4 0
E 898 3 5 16
E 898 4 8 24
E 898 5 10 32
E 898 6 13 40
T 899 2 0 5 0
E 899 0 -15 -46
E 899 1 -12 -38
E 899 2 -10 -30
E 899 3 -7 -22
E 899 4 -4 -14
T 900 51 0 5 0
E 900 2 5 15
E 900 3 7 23
E 900 4 10 31
E 900 5 13 39
E 900 6 15 47
T 901 6 0 5 0
E 901 0 -17 -52
E 901 1 -14 -44
E 901 2 -12 -36
E 901 3 -9 -28
E 901 4 -6 -20
T 902 64 0 6 0
E 902 1 6 18
E 902 2 8 26
E 902 3 11 34
E 902 4 14 42
E 902 5 16 50
E 902 6 19 58
T 903 35 0 7 1
E 903 0 -7 -63
E 903 1 -6 -55
E 903 2 -5 -47
E 903 3 -4 -39
E 903 4 -3 -31
E 903 5 -2 -23
E 903 6 -1 -15
T 904 5 0 4 0
E 904 0 -12 -38
E 904 1 -10 -30
E 904 2 -7 -22
E 904 3 -4 -14
T 905 50 0 5 0
E 905 2 4 13
E 905 3 7 21
E 905 4 9 29
E 905 5 12 37
E 905 6 15 45
T 906 2 0 5 0
E 906 0 -15 -46
E 906 1 -12 -38
E 906 2 -10 -30
E 906 3 -7 -22
E 906 4 -4 -14
T 907 54 0 5 0
E 907 2 6 20
E 907 3 9 28
E 907 4 12 36
E 907 5 14 44
E 907 6 17 52
T 908 16 0 6 0
E 908 0 -19 -58
E 908 1 -16 -50
E 908 2 -14 -42
E 908 3 -11 -34
E 908 4 -8 -26
E 908 5 -6 -18
T 909 11 0 7 1
E 909 0 2 18
E 909 1 2 26
E 909 2 3 34
E 909 3 4 42
E 909 4 5 50
E 909 5 6 58
E 909 6 7 66
T 910 44 0 4 0
E 910 3 5 16
E 910 4 8 24
E 910 5 10 32
E 910 6 13 40
T 911 4 0 5 0
E 911 0 -16 -48
E 911 1 -13 -40
E 911 2 -10 -32
E 911 3 -8 -24
E 911 4 -5 -16
T 912 63 0 6 0
E 912 1 5 17
E 912 2 8 25
E 912 3 11 33
E 912 4 13 41
E 912 5 16 49
E 912 6 19 57
T 913 37 0 7 1
E 913 0 -7 -65
E 913 1 -6 -57
E 913 2 -5 -49
E 913 3 -4 -41
E 913 4 -3 -33
E 913 5 -2 -25
E 913 6 -1 -17
T 914 4 0 4 0
E 914 0 -13 -40
E 914 1 -10 -32
E 914 2 -8 -24
E 914 3 -5 -16
T 915 44 0 4 0
E 915 3 5 16
E 915 4 8 24
E 915 5 10 32
E 915 6 13 40
T 916 2 0 5 0
E 916 0 -15 -45
E 916 1 -12 -37
E 916 2 -9 -29
E 916 3 -7 -21
E 916 4 -4 -13
T 917 61 0 6 0
E 917 1 5 15
E 917 2 7 23
E 917 3 10 31
E 917 4 13 39
E 917 5 15 47
E 917 6 18 55
T 918 35 0 7 1
E 918 0 -7 -63
E 918 1 -6 -55
E 918 2 -5 -47
E 918 3 -4 -39
E 918 4 -3 -31
E 918 5 -2 -23
E 918 6 -1 -15
T 919 13 0 4 0
E 919 0 -11 -35
E 919 1 -9 -27
E 919 2 -6 -19
E 919 6 4 13
T 920 44 0 4 0
E 920 3 5 15
E 920 4 7 23
E 920 5 10 31
E 920 6 13 39
T 921 3 0 4 0
E 921 0 -14 -43
E 921 1 -11 -35
E 921 2 -9 -27
E 921 3 -6 -19
T 922 50 0 5 0
E 922 2 4 13
E 922 3 7 21
E 922 4 9 29
E 922 5 12 37
E 922 6 15 45
T 923 11 0 6 0
E 923 0 -17 -53
E 923 1 -15 -45
E 923 2 -12 -37
E 923 3 -9 -29
E 923 4 -7 -21
E 923 5 -4 -13
T 924 13 0 7 1
E 924 0 1 13
E 924 1 2 21
E 924 2 3 29
E 924 3 4 37
E 924 4 5 45
E 924 5 5 53
E 924 6 6 61
T 925 35 0 4 0
E 925 0 -4 -13
E 925 4 6 19
E 925 5 9 27
E 925 6 11 35
T 926 13 0 4 0
E 926 0 -11 -35
E 926 1 -9 -27
E 926 2 -6 -19
E 926 6 4 13
T 927 44 0 4 0
E 927 3 5 15
E 927 4 7 23
E 927 5 10 31
E 927 6 13 39
T 928 3 0 4 0
E 928 0 -14 -44
E 928 1 -12 -36
E 928 2 -9 -28
E 928 3 -6 -20
T 929 45 0 4 0
E 929 3 6 18
E 929 4 8 26
E 929 5 11 34
E 929 6 14 42
T 930 6 0 5 0
E 930 0 -17 -52
E 930 1 -14 -44
E 930 2 -12 -36
E 930 3 -9 -28
E 930 4 -6 -20
T 931 60 0 6 0
E 931 1 4 14
E 931 2 7 22
E 931 3 10 30
E 931 4 12 38
E 931 5 15 46
E 931 6 18 54
T 932 17 0 6 0
E 932 0 -19 -59
E 932 1 -17 -51
E 932 2 -14 -43
E 932 3 -11 -35
E 932 4 -9 -27
E 932 5 -6 -19
T 933 64 0 6 0
E 933 1 6 18
E 933 2 8 26
E 933 3 11 34
E 933 4 14 42
E 933 5 16 50
E 933 6 19 58
T 934 37 0 7 1
E 934 0 -7 -68
E 934 1 -6 -60
E 934 2 -5 -52
E 934 3 -4 -44
E 934 4 -4 -36
E 934 5 -3 -28
E 934 6 -2 -20
T 935 14 0 4 0
E 935 0 -10 -32
E 935 1 -8 -24
E 935 2 -5 -16
E 935 6 5 16
T 936 33 0 4 0
E 936 0 -6 -18
E 936 4 4 14
E 936 5 7 22
E 936 6 10 30
T 937 14 0 4 0
E 937 0 -10 -31
E 937 1 -7 -23
E 937 2 -5 -15
E 937 6 5 17
T 938 34 0 4 0
E 938 0 -5 -17
E 938 4 5 15
E 938 5 7 23
E 938 6 10 31
T 939 15 0 4 0
E 939 0 -10 -30
E 939 1 -7 -22
E 939 2 -4 -14
E 939 6 6 18
T 940 33 0 4 0
E 940 0 -6 -18
E 940 4 4 14
E 940 5 7 22
E 940 6 10 30
T 941 13 0 4 0
E 941 0 -11 -35
E 941 1 -9 -27
E 941 2 -6 -19
E 941 6 4 13
T 942 43 0 4 0
E 942 3 4 14
E 942 4 7 22
E 942 5 10 30
E 942 6 12 38
T 943 2 0 5 0
E 943 0 -15 -46
E 943 1 -12 -38
E 943 2 -10 -30
E 943 3 -7 -22
E 943 4 -4 -14
T 944 45 0 4 0
E 944 3 6 18
E 944 4 8 26
E 944 5 11 34
E 944 6 14 42
T 945 6 0 5 0
E 945 0 -17 -51
E 945 1 -14 -43
E 945 2 -11 -35
E 945 3 -9 -27
E 945 4 -6 -19
T 946 53 0 5 0
E 946 2 6 18
E 946 3 8 26
E 946 4 11 34
E 946 5 14 42
E 946 6 16 50
T 947 16 0 6 0
E 947 0 -19 -58
E 947 1 -16 -50
E 947 2 -14 -42
E 947 3 -11 -34
E 947 4 -8 -26
E 947 5 -6 -18
T 948 11 0 7 1
E 948 0 1 17
E 948 1 2 25
E 948 2 3 33
E 948 3 4 41
E 948 4 5 49
E 948 5 6 57
E 948 6 7 65
T 949 44 0 4 0
E 949 3 5 17
E 949 4 8 25
E 949 5 11 33
E 949 6 13 41
T 950 3 0 4 0
E 950 0 -14 -44
E 950 1 -12 -36
E 950 2 -9 -28
E 950 3 -6 -20
T 951 44 0 4 0
E 951 3 5 17
E 951 4 8 25
E 951 5 11 33
E 951 6 13 41
T 952 3 0 5 0
E 952 0 -15 -47
E 952 1 -13 -39
E 952 2 -10 -31
E 952 3 -7 -23
E 952 4 -5 -15
T 953 45 0 4 0
E 953 3 6 19
E 953 4 9 27
E 953 5 11 35
E 953 6 14 43
T 954 3 0 4 0
E 954 0 -14 -42
E 954 1 -11 -34
E 954 2 -8 -26
E 954 3 -6 -18
T 955 52 0 5 0
E 955 2 5 16
E 955 3 8 24
E 955 4 10 32
E 955 5 13 40
E 955 6 16 48
T 956 6 0 5 0
E 956 0 -17 -51
E 956 1 -14 -43
E 956 2 -11 -35
E 956 3 -9 -27
E 956 4 -6 -19
T 957 54 0 5 0
E 957 2 6 20
E 957 3 9 28
E 957 4 12 36
E 957 5 14 44
E 957 6 17 52
T 958 6 0 5 0
E 958 0 -17 -51
E 958 1 -14 -43
E 958 2 -11 -35
E 958 3 -9 -27
E 958 4 -6 -19
T 959 50 0 5 0
E 959 2 4 14
E 959 3 7 22
E 959 4 10 30
E 959 5 12 38
E 959 6 15 46
T 960 36 0 4 0
E 960 1 -13 -39
E 960 2 -10 -31
E 960 3 -7 -23
E 960 4 -5 -15
T 961 5 0 5 0
E 961 0 13 40
E 961 3 4 13
E 961 4 7 21
E 961 5 9 29
E 961 6 12 37
T 962 48 0 5 0
E 962 1 -15 -45
E 962 2 -12 -37
E 962 3 -9 -29
E 962 4 -7 -21
E 962 5 -4 -13
T 963 11 0 6 0
E 963 0 18 54
E 963 2 4 13
E 963 3 7 21
E 963 4 9 29
E 963 5 12 37
E 963 6 15 45
T 964 76 0 6 0
E 964 1 -21 -65
E 964 2 -19 -57
E 964 3 -16 -49
E 964 4 -13 -41
E 964 5 -11 -33
E 964 6 -8 -25
T 965 41 0 7 1
E 965 0 9 83
E 965 1 8 75
E 965 2 3 35
E 965 3 4 43
E 965 4 5 51
E 965 5 6 59
E 965 6 7 67
T 966 14 0 4 0
E 966 0 12 37
E 966 1 9 29
E 966 2 -4 -14
E 966 6 6 18
T 967 39 0 4 0
E 967 0 6 19
E 967 2 -11 -35
E 967 3 -9 -27
E 967 4 -6 -19
T 968 16 0 4 0
E 968 0 14 43
E 968 1 11 35
E 968 2 -4 -14
E 968 6 6 18
T 969 44 0 6 0
E 969 0 7 23
E 969 1 5 15
E 969 2 -12 -38
E 969 3 -10 -30
E 969 4 -7 -22
E 969 5 -4 -14
T 970 14 0 4 0
E 970 0 13 41
E 970 1 11 33
E 970 2 8 25
E 970 3 -5 -15
T 971 51 0 5 0
E 971 0 5 17
E 971 3 -14 -42
E 971 4 -11 -34
E 971 5 -8 -26
E 971 6 -6 -18
T 972 4 0 4 0
E 972 0 17 53
E 972 1 15 45
E 972 2 12 37
E 972 6 5 15
T 973 66 0 4 0
E 973 3 -18 -54
E 973 4 -15 -46
E 973 5 -12 -38
E 973 6 -10 -30
T 974 3 0 4 0
E 974 0 21 63
E 974 1 18 55
E 974 2 15 47
E 974 6 6 18
T 975 60 0 4 0
E 975 3 -5 -15
E 975 4 -18 -55
E 975 5 -15 -47
E 975 6 -13 -39
T 976 10 0 5 0
E 976 0 22 67
E 976 1 19 59
E 976 2 17 51
E 976 3 14 43
E 976 6 5 16
T 977 84 0 6 0
E 977 1 -5 -16
E 977 2 -8 -24
E 977 3 -10 -32
E 977 4 -26 -78
E 977 5 -23 -70
E 977 6 -20 -62
T 978 50 0 7 1
E 978 0 10 91
E 978 1 9 83
E 978 2 8 75
E 978 3 7 67
E 978 4 2 18
E 978 5 2 26
E 978 6 3 34
T 979 4 0 5 0
E 979 0 19 57
E 979 1 16 49
E 979 2 13 41
E 979 3 11 33
E 979 4 -6 -20
T 980 60 0 4 0
E 980 3 -5 -17
E 980 4 -8 -25
E 980 5 -21 -65
E 980 6 -19 -57
T 981 14 0 5 0
E 981 0 21 63
E 981 1 18 55
E 981 2 15 47
E 981 3 13 39
E 981 4 10 31
T 982 84 0 6 0
E 982 1 -6 -18
E 982 2 -8 -26
E 982 3 -11 -34
E 982 4 -14 -42
E 982 5 -29 -88
E 982 6 -26 -80
T 983 37 0 6 0
E 983 0 30 90
E 983 1 27 82
E 983 2 24 74
E 983 3 22 66
E 983 4 19 58
E 983 6 5 17
T 984 17 0 7 1
E 984 0 -3 -30
E 984 1 -4 -38
E 984 2 -5 -46
E 984 3 -6 -54
E 984 4 -6 -62
E 984 5 -12 -115
E 984 6 -11 -107
T 985 46 0 4 0
E 985 0 4 13
E 985 4 -6 -19
E 985 5 -9 -27
E 985 6 -22 -67
T 986 16 0 5 0
E 986 0 14 42
E 986 1 11 34
E 986 2 8 26
E 986 3 6 18
E 986 6 -13 -41
T 987 48 0 4 0
E 987 0 4 14
E 987 4 -6 -18
E 987 5 -8 -26
E 987 6 -24 -72
T 988 18 0 5 0
E 988 0 14 44
E 988 1 12 36
E 988 2 9 28
E 988 3 6 20
E 988 6 -15 -45
T 989 50 0 4 0
E 989 0 4 14
E 989 4 -6 -18
E 989 5 -8 -26
E 989 6 -26 -79
T 990 12 0 6 0
E 990 0 18 54
E 990 1 15 46
E 990 2 12 38
E 990 3 10 30
E 990 4 7 22
E 990 5 4 14
T 991 59 0 6 0
E 991 1 -4 -13
E 991 2 -7 -21
E 991 3 -9 -29
E 991 4 -12 -37
E 991 5 -15 -45
E 991 6 -17 -53
T 992 17 0 6 0
E 992 0 19 59
E 992 1 17 51
E 992 2 14 43
E 992 3 11 35
E 992 4 9 27
E 992 5 6 19
T 993 13 0 7 1
E 993 0 -1 -15
E 993 1 -2 -23
E 993 2 -3 -31
E 993 3 -4 -39
E 993 4 -5 -47
E 993 5 -6 -55
E 993 6 -7 -63
T 994 43 0 4 0
E 994 3 -4 -13
E 994 4 -7 -21
E 994 5 -9 -29
E 994 6 -12 -37
T 995 3 0 5 0
E 995 0 15 47
E 995 1 13 39
E 995 2 10 31
E 995 3 7 23
E 995 4 5 15
T 996 59 0 6 0
E 996 1 -4 -13
E 996 2 -7 -21
E 996 3 -9 -29
E 996 4 -12 -37
E 996 5 -15 -45
E 996 6 -17 -53
T 997 37 0 7 1
E 997 0 7 66
E 997 1 6 58
E 997 2 5 50
E 997 3 4 42
E 997 4 3 34
E 997 5 2 26
E 997 6 2 18
T 998 13 0 4 0
E 998 0 11 35
E 998 1 9 27
E 998 2 6 19
E 998 6 -4 -13
T 999 33 0 4 0
E 999 0 6 19
E 999 4 -4 -13
E 999 5 -7 -21
E 999 6 -9 -29
T 1000 15 0 4 0
E 1000 0 10 30
E 1000 1 7 22
E 1000 2 4 14
E 1000 6 -6 -18
T 1001 35 0 4 0
E 1001 0 4 13
E 1001 4 -6 -19
E 1001 5 -9 -27
E 1001 6 -11 -35
T 1002 4 0 4 0
E 1002 0 13 40
E 1002 1 10 32
E 1002 2 8 24
E 1002 3 5 16
T 1003 50 0 5 0
E 1003 2 -4 -14
E 1003 3 -7 -22
E 1003 4 -10 -30
E 1003 5 -12 -38
E 1003 6 -15 -46
T 1004 2 0 5 0
E 1004 0 15 46
E 1004 1 12 38
E 1004 2 10 30
E 1004 3 7 22
E 1004 4 4 14
T 1005 60 0 6 0
E 1005 1 -4 -14
E 1005 2 -7 -22
E 1005 3 -10 -30
E 1005 4 -12 -38
E 1005 5 -15 -46
E 1005 6 -18 -54
T 1006 35 0 7 1
E 1006 0 7 63
E 1006 1 6 55
E 1006 2 5 47
E 1006 3 4 39
E 1006 4 3 31
E 1006 5 2 23
E 1006 6 1 15
T 1007 14 0 4 0
E 1007 0 11 33
E 1007 1 8 25
E 1007 2 5 17
E 1007 6 -5 -15
T 1008 29 0 3 0
E 1008 0 6 20
E 1008 5 -6 -20
E 1008 6 -9 -28
T 1009 23 0 4 0
E 1009 0 8 26
E 1009 1 6 18
E 1009 5 -4 -14
E 1009 6 -7 -22
T 1010 15 0 4 0
E 1010 0 10 30
E 1010 1 7 22
E 1010 2 4 14
E 1010 6 -6 -18
T 1011 35 0 4 0
E 1011 0 4 13
E 1011 4 -6 -19
E 1011 5 -9 -27
E 1011 6 -11 -35
T 1012 4 0 4 0
E 1012 0 13 40
E 1012 1 10 32
E 1012 2 8 24
E 1012 3 5 16
T 1013 45 0 4 0
E 1013 3 -6 -19
E 1013 4 -9 -27
E 1013 5 -11 -35
E 1013 6 -14 -43
T 1014 2 0 5 0
E 1014 0 15 46
E 1014 1 12 38
E 1014 2 10 30
E 1014 3 7 22
E 1014 4 4 14
T 1015 45 0 4 0
E 1015 3 -6 -18
E 1015 4 -8 -26
E 1015 5 -11 -34
E 1015 6 -14 -42
T 1016 3 0 4 0
E 1016 0 14 42
E 1016 1 11 34
E 1016 2 8 26
E 1016 3 6 18
T 1017 50 0 5 0
E 1017 2 -4 -13
E 1017 3 -7 -21
E 1017 4 -9 -29
E 1017 5 -12 -37
E 1017 6 -15 -45
T 1018 13 0 6 0
E 1018 0 18 55
E 1018 1 15 47
E 1018 2 13 39
E 1018 3 10 31
E 1018 4 7 23
E 1018 5 5 15
T 1019 64 0 6 0
E 1019 1 -6 -18
E 1019 2 -8 -26
E 1019 3 -11 -34
E 1019 4 -14 -42
E 1019 5 -16 -50
E 1019 6 -19 -58
T 1020 35 0 7 1
E 1020 0 6 61
E 1020 1 5 53
E 1020 2 5 45
E 1020 3 4 37
E 1020 4 3 29
E 1020 5 2 21
E 1020 6 1 13
T 1021 14 0 4 0
E 1021 0 11 33
E 1021 1 8 25
E 1021 2 5 17
E 1021 6 -5 -15
T 1022 39 0 3 0
E 1022 4 -6 -20
E 1022 5 -9 -28
E 1022 6 -12 -36
T 1023 4 0 4 0
E 1023 0 13 40
E 1023 1 10 32
E 1023 2 8 24
E 1023 3 5 16
T 1024 43 0 4 0
E 1024 3 -4 -14
E 1024 4 -7 -22
E 1024 5 -10 -30
E 1024 6 -12 -38
T 1025 3 0 4 0
E 1025 0 14 43
E 1025 1 11 35
E 1025 2 9 27
E 1025 3 6 19
T 1026 51 0 5 0
E 1026 2 -5 -15
E 1026 3 -7 -23
E 1026 4 -10 -31
E 1026 5 -13 -39
E 1026 6 -15 -47
T 1027 6 0 5 0
E 1027 0 17 51
E 1027 1 14 43
E 1027 2 11 35
E 1027 3 9 27
E 1027 4 6 19
T 1028 52 0 5 0
E 1028 2 -5 -17
E 1028 3 -8 -25
E 1028 4 -11 -33
E 1028 5 -13 -41
E 1028 6 -16 -49
T 1029 5 0 5 0
E 1029 0 16 50
E 1029 1 14 42
E 1029 2 11 34
E 1029 3 8 26
E 1029 4 6 18
T 1030 53 0 5 0
E 1030 2 -6 -18
E 1030 3 -8 -26
E 1030 4 -11 -34
E 1030 5 -14 -42
E 1030 6 -16 -50
T 1031 16 0 6 0
E 1031 0 19 58
E 1031 1 16 50
E 1031 2 14 42
E 1031 3 11 34
E 1031 4 8 26
E 1031 5 6 18
T 1032 13 0 7 1
E 1032 0 -1 -14
E 1032 1 -2 -22
E 1032 2 -3 -30
E 1032 3 -4 -38
E 1032 4 -5 -46
E 1032 5 -6 -54
E 1032 6 -6 -62
T 1033 43 0 4 0
E 1033 3 -4 -14
E 1033 4 -7 -22
E 1033 5 -10 -30
E 1033 6 -12 -38
T 1034 4 0 4 0
E 1034 0 13 41
E 1034 1 11 33
E 1034 2 8 25
E 1034 3 5 17
T 1035 52 0 5 0
E 1035 2 -5 -16
E 1035 3 -8 -24
E 1035 4 -10 -32
E 1035 5 -13 -40
E 1035 6 -16 -48
T 1036 16 0 6 0
E 1036 0 19 58
E 1036 1 16 50
E 1036 2 14 42
E 1036 3 11 34
E 1036 4 8 26
E 1036 5 6 18
T 1037 11 0 7 1
E 1037 0 -1 -17
E 1037 1 -2 -25
E 1037 2 -3 -33
E 1037 3 -4 -41
E 1037 4 -5 -49
E 1037 5 -6 -57
E 1037 6 -7 -65
T 1038 39 0 3 0
E 1038 4 -6 -20
E 1038 5 -9 -28
E 1038 6 -12 -36
T 1039 4 0 4 0
E 1039 0 13 40
E 1039 1 10 32
E 1039 2 8 24
E 1039 3 5 16
T 1040 44 0 4 0
E 1040 3 -5 -17
E 1040 4 -8 -25
E 1040 5 -11 -33
E 1040 6 -13 -41
T 1041 4 0 5 0
E 1041 0 16 49
E 1041 1 13 41
E 1041 2 11 33
E 1041 3 8 25
E 1041 4 5 17
T 1042 62 0 6 0
E 1042 1 -5 -16
E 1042 2 -8 -24
E 1042 3 -10 -32
E 1042 4 -13 -40
E 1042 5 -16 -48
E 1042 6 -18 -56
T 1043 37 0 7 1
E 1043 0 7 67
E 1043 1 6 59
E 1043 2 5 51
E 1043 3 4 43
E 1043 4 3 35
E 1043 5 3 27
E 1043 6 2 19
T 1044 4 0 4 0
E 1044 0 13 40
E 1044 1 10 32
E 1044 2 8 24
E 1044 3 5 16
T 1045 43 0 4 0
E 1045 3 -4 -14
E 1045 4 -7 -22
E 1045 5 -10 -30
E 1045 6 -12 -38
T 1046 2 0 5 0
E 1046 0 15 45
E 1046 1 12 37
E 1046 2 9 29
E 1046 3 7 21
E 1046 4 4 13
T 1047 51 0 5 0
E 1047 2 -5 -15
E 1047 3 -7 -23
E 1047 4 -10 -31
E 1047 5 -13 -39
E 1047 6 -15 -47
T 1048 14 0 6 0
E 1048 0 18 56
E 1048 1 16 48
E 1048 2 13 40
E 1048 3 10 32
E 1048 4 8 24
E 1048 5 5 16
T 1049 64 0 6 0
E 1049 1 -6 -18
E 1049 2 -8 -26
E 1049 3 -11 -34
E 1049 4 -14 -42
E 1049 5 -16 -50
E 1049 6 -19 -58
T 1050 37 0 7 1
E 1050 0 7 68
E 1050 1 6 60
E 1050 2 5 52
E 1050 3 4 44
E 1050 4 4 36
E 1050 5 3 28
E 1050 6 2 20
T 1051 14 0 4 0
E 1051 0 10 32
E 1051 1 8 24
E 1051 2 5 16
E 1051 6 -5 -16
T 1052 34 0 4 0
E 1052 0 5 16
E 1052 4 -5 -16
E 1052 5 -8 -24
E 1052 6 -10 -32
T 1053 13 0 4 0
E 1053 0 11 35
E 1053 1 9 27
E 1053 2 6 19
E 1053 6 -4 -13
T 1054 33 0 4 0
E 1054 0 6 19
E 1054 4 -4 -13
E 1054 5 -7 -21
E 1054 6 -9 -29
T 1055 15 0 4 0
E 1055 0 10 30
E 1055 1 7 22
E 1055 2 4 14
E 1055 6 -6 -18
T 1056 34 0 4 0
E 1056 0 5 17
E 1056 4 -5 -15
E 1056 5 -7 -23
E 1056 6 -10 -31
T 1057 2 0 4 0
E 1057 0 12 38
E 1057 1 11 33
E 1057 2 8 25
E 1057 3 5 17
T 1058 34 0 3 0
E 1058 4 -6 -20
E 1058 5 -9 -28
E 1058 6 -12 -36
T 1059 3 0 4 0
E 1059 0 12 36
E 1059 1 12 36
E 1059 2 9 28
E 1059 3 6 20
T 1060 33 0 4 0
E 1060 3 -5 -15
E 1060 4 -7 -23
E 1060 5 -10 -31
E 1060 6 -13 -39
T 1061 14 0 5 0
E 1061 0 12 37
E 1061 1 14 42
E 1061 2 11 34
E 1061 3 8 26
E 1061 4 6 18
T 1062 1 0 7 1
E 1062 0 -2 -21
E 1062 1 -1 -16
E 1062 2 -2 -21
E 1062 3 -3 -29
E 1062 4 -4 -37
E 1062 5 -5 -45
E 1062 6 -5 -53
T 1063 19 0 2 0
E 1063 5 -5 -16
E 1063 6 -8 -24
T 1064 2 0 3 0
E 1064 0 5 15
E 1064 1 6 20
E 1064 2 6 20
T 1065 13 0 2 0
E 1065 5 -5 -16
E 1065 6 -8 -24
T 1066 9 0 4 0
E 1066 0 4 13
E 1066 1 6 18
E 1066 2 7 23
E 1066 3 5 15
T 1067 10 0 3 0
E 1067 4 -5 -15
E 1067 5 -7 -23
E 1067 6 -10 -31
T 1068 7 0 3 0
E 1068 1 4 13
E 1068 2 6 18
E 1068 3 5 15
T 1069 2 0 1 0
E 1069 6 -5 -17
T 1070 4 0 2 0
E 1070 2 5 17
E 1070 3 6 20
T 1071 3 0 1 0
E 1071 6 -5 -17
T 1072 4 0 0 0
T 1073 5 0 1 0
E 1073 3 5 15
T 1074 9 0 0 0
T 1075 7 0 0 0
T 1076 10 0 1 0
E 1076 0 -4 -14
T 1077 10 0 0 0
T 1078 8 0 0 0
T 1079 10 0 1 0
E 1079 0 -5 -15
T 1080 13 0 1 0
E 1080 5 5 15
T 1081 9 0 2 0
E 1081 0 -6 -19
E 1081 1 -4 -14
T 1082 15 0 1 0
E 1082 5 4 14
T 1083 11 0 1 0
E 1083 0 -5 -16
T 1084 19 0 2 0
E 1084 5 5 16
E 1084 6 5 16
T 1085 6 0 3 0
E 1085 0 -8 -25
E 1085 1 -6 -20
E 1085 2 -5 -15
T 1086 24 0 3 0
E 1086 4 5 17
E 1086 5 7 22
E 1086 6 9 27
T 1087 1 0 4 0
E 1087 0 -10 -30
E 1087 1 -8 -25
E 1087 2 -6 -20
E 1087 3 -5 -15
T 1088 28 0 4 0
E 1088 3 4 13
E 1088 4 6 18
E 1088 5 7 23
E 1088 6 9 28
T 1089 1 0 4 0
E 1089 0 -10 -32
E 1089 1 -9 -27
E 1089 2 -7 -22
E 1089 3 -5 -17
T 1090 24 0 3 0
E 1090 4 5 17
E 1090 5 7 22
E 1090 6 9 27
T 1091 2 0 4 0
E 1091 0 -9 -28
E 1091 1 -7 -23
E 1091 2 -6 -18
E 1091 3 -4 -13
T 1092 24 0 3 0
E 1092 4 5 16
E 1092 5 7 21
E 1092 6 8 26
T 1093 2 0 4 0
E 1093 0 -9 -29
E 1093 1 -8 -24
E 1093 2 -6 -19
E 1093 3 -4 -14
T 1094 24 0 3 0
E 1094 4 5 17
E 1094 5 7 22
E 1094 6 9 27
T 1095 6 0 3 0
E 1095 0 -7 -23
E 1095 1 -6 -18
E 1095 2 -4 -13
T 1096 24 0 3 0
E 1096 4 5 16
E 1096 5 7 21
E 1096 6 8 26
T 1097 6 0 3 0
E 1097 0 -8 -26
E 1097 1 -7 -21
E 1097 2 -5 -16
T 1098 24 0 3 0
E 1098 4 5 16
E 1098 5 7 21
E 1098 6 8 26
T 1099 2 0 4 0
E 1099 0 -9 -29
E 1099 1 -8 -24
E 1099 2 -6 -19
E 1099 3 -4 -14
T 1100 28 0 4 0
E 1100 3 4 13
E 1100 4 6 18
E 1100 5 7 23
E 1100 6 9 28
T 1101 4 0 5 0
E 1101 0 -11 -34
E 1101 1 -9 -29
E 1101 2 -8 -24
E 1101 3 -6 -19
E 1101 4 -4 -14
T 1102 36 0 5 0
E 1102 2 5 16
E 1102 3 7 21
E 1102 4 8 26
E 1102 5 10 31
E 1102 6 12 36
T 1103 12 0 6 0
E 1103 0 -13 -39
E 1103 1 -11 -34
E 1103 2 -9 -29
E 1103 3 -8 -24
E 1103 4 -6 -19
E 1103 5 -4 -14
T 1104 36 0 5 0
E 1104 2 5 16
E 1104 3 7 21
E 1104 4 8 26
E 1104 5 10 31
E 1104 6 12 36
T 1105 6 0 5 0
E 1105 0 -12 -36
E 1105 1 -10 -31
E 1105 2 -8 -26
E 1105 3 -7 -21
E 1105 4 -5 -16
T 1106 35 0 5 0
E 1106 2 4 14
E 1106 3 6 19
E 1106 4 8 24
E 1106 5 9 29
E 1106 6 11 34
T 1107 2 0 4 0
E 1107 0 -10 -30
E 1107 1 -8 -24
E 1107 2 -6 -19
E 1107 3 -4 -14
T 1108 31 0 4 0
E 1108 3 5 15
E 1108 4 6 20
E 1108 5 8 25
E 1108 6 10 30
T 1109 8 0 3 0
E 1109 0 -9 -29
E 1109 1 -7 -21
E 1109 2 -5 -16
T 1110 31 0 4 0
E 1110 3 4 13
E 1110 4 6 18
E 1110 5 7 23
E 1110 6 9 28
T 1111 9 0 3 0
E 1111 0 -10 -31
E 1111 1 -7 -23
E 1111 2 -5 -17
T 1112 33 0 4 0
E 1112 3 5 15
E 1112 4 6 20
E 1112 5 8 25
E 1112 6 10 30
T 1113 9 0 3 0
E 1113 0 -9 -29
E 1113 1 -7 -21
E 1113 2 -4 -14
T 1114 35 0 4 0
E 1114 3 5 15
E 1114 4 6 20
E 1114 5 8 25
E 1114 6 10 30
T 1115 5 0 4 0
E 1115 0 -11 -34
E 1115 1 -8 -26
E 1115 2 -6 -18
E 1115 3 -4 -13
T 1116 41 0 5 0
E 1116 2 4 14
E 1116 3 6 20
E 1116 4 8 25
E 1116 5 10 30
E 1116 6 11 35
T 1117 9 0 6 0
E 1117 0 -15 -46
E 1117 1 -12 -38
E 1117 2 -10 -30
E 1117 3 -8 -24
E 1117 4 -6 -19
E 1117 5 -4 -14
T 1118 57 0 6 0
E 1118 1 6 18
E 1118 2 8 26
E 1118 3 11 33
E 1118 4 12 38
E 1118 5 14 43
E 1118 6 16 48
T 1119 32 0 7 1
E 1119 0 -6 -56
E 1119 1 -5 -48
E 1119 2 -4 -40
E 1119 3 -3 -32
E 1119 4 -3 -27
E 1119 5 -2 -22
E 1119 6 -1 -17
T 1120 5 0 4 0
E 1120 0 -12 -38
E 1120 1 -10 -30
E 1120 2 -7 -22
E 1120 3 -4 -14
T 1121 40 0 4 0
E 1121 3 6 20
E 1121 4 8 26
E 1121 5 10 31
E 1121 6 12 36
T 1122 9 0 3 0
E 1122 0 -11 -35
E 1122 1 -9 -27
E 1122 2 -6 -19
T 1123 30 0 4 0
E 1123 0 -5 -15
E 1123 4 5 16
E 1123 5 7 21
E 1123 6 8 26
T 1124 17 0 3 0
E 1124 0 -9 -27
E 1124 1 -6 -19
E 1124 6 5 15
T 1125 31 0 4 0
E 1125 0 -5 -17
E 1125 4 5 15
E 1125 5 6 20
E 1125 6 8 25
T 1126 9 0 3 0
E 1126 0 -11 -35
E 1126 1 -9 -27
E 1126 2 -6 -19
T 1127 41 0 4 0
E 1127 3 4 13
E 1127 4 7 21
E 1127 5 9 27
E 1127 6 10 32
T 1128 3 0 4 0
E 1128 0 -14 -42
E 1128 1 -11 -34
E 1128 2 -8 -26
E 1128 3 -6 -18
T 1129 51 0 5 0
E 1129 2 5 16
E 1129 3 8 24
E 1129 4 10 32
E 1129 5 13 40
E 1129 6 15 45
T 1130 2 0 5 0
E 1130 0 -15 -46
E 1130 1 -12 -38
E 1130 2 -10 -30
E 1130 3 -7 -22
E 1130 4 -4 -14
T 1131 49 0 5 0
E 1131 2 4 13
E 1131 3 7 21
E 1131 4 9 29
E 1131 5 12 37
E 1131 6 14 43
T 1132 3 0 5 0
E 1132 0 -15 -47
E 1132 1 -13 -39
E 1132 2 -10 -31
E 1132 3 -7 -23
E 1132 4 -5 -15
T 1133 59 0 6 0
E 1133 1 4 14
E 1133 2 7 22
E 1133 3 10 30
E 1133 4 12 38
E 1133 5 15 46
E 1133 6 17 53
T 1134 35 0 7 1
E 1134 0 -6 -61
E 1134 1 -5 -53
E 1134 2 -5 -45
E 1134 3 -4 -37
E 1134 4 -3 -29
E 1134 5 -2 -21
E 1134 6 -1 -13
T 1135 13 0 4 0
E 1135 0 -11 -35
E 1135 1 -9 -27
E 1135 2 -6 -19
E 1135 6 4 13
T 1136 34 0 4 0
E 1136 0 -5 -17
E 1136 4 5 15
E 1136 5 7 23
E 1136 6 10 31
T 1137 15 0 4 0
E 1137 0 -10 -30
E 1137 1 -7 -22
E 1137 2 -4 -14
E 1137 6 6 18
T 1138 33 0 4 0
E 1138 0 -6 -18
E 1138 4 4 14
E 1138 5 7 22
E 1138 6 10 30
T 1139 14 0 4 0
E 1139 0 -11 -33
E 1139 1 -8 -25
E 1139 2 -5 -17
E 1139 6 5 15
T 1140 33 0 4 0
E 1140 0 -6 -19
E 1140 4 4 13
E 1140 5 7 21
E 1140 6 9 29
T 1141 4 0 4 0
E 1141 0 -13 -39
E 1141 1 -10 -31
E 1141 2 -7 -23
E 1141 3 -5 -15
T 1142 45 0 4 0
E 1142 3 6 19
E 1142 4 9 27
E 1142 5 11 35
E 1142 6 14 43
T 1143 2 0 5 0
E 1143 0 -15 -45
E 1143 1 -12 -37
E 1143 2 -9 -29
E 1143 3 -7 -21
E 1143 4 -4 -13
T 1144 50 0 5 0
E 1144 2 4 14
E 1144 3 7 22
E 1144 4 10 30
E 1144 5 12 38
E 1144 6 15 46
T 1145 11 0 6 0
E 1145 0 -17 -53
E 1145 1 -15 -45
E 1145 2 -12 -37
E 1145 3 -9 -29
E 1145 4 -7 -21
E 1145 5 -4 -13
T 1146 13 0 7 1
E 1146 0 1 14
E 1146 1 2 22
E 1146 2 3 30
E 1146 3 4 38
E 1146 4 5 46
E 1146 5 6 54
E 1146 6 6 62
T 1147 43 0 4 0
E 1147 3 4 13
E 1147 4 7 21
E 1147 5 9 29
E 1147 6 12 37
T 1148 2 0 5 0
E 1148 0 -15 -46
E 1148 1 -12 -38
E 1148 2 -10 -30
E 1148 3 -7 -22
E 1148 4 -4 -14
T 1149 50 0 5 0
E 1149 2 4 14
E 1149 3 7 22
E 1149 4 10 30
E 1149 5 12 38
E 1149 6 15 46
T 1150 2 0 5 0
E 1150 0 -15 -45
E 1150 1 -12 -37
E 1150 2 -9 -29
E 1150 3 -7 -21
E 1150 4 -4 -13
T 1151 59 0 6 0
E 1151 1 4 13
E 1151 2 7 21
E 1151 3 9 29
E 1151 4 12 37
E 1151 5 15 45
E 1151 6 17 53
T 1152 37 0 7 1
E 1152 0 -7 -65
E 1152 1 -6 -57
E 1152 2 -5 -49
E 1152 3 -4 -41
E 1152 4 -3 -33
E 1152 5 -2 -25
E 1152 6 -1 -17
T 1153 13 0 4 0
E 1153 0 -11 -34
E 1153 1 -8 -26
E 1153 2 -6 -18
E 1153 6 4 14
T 1154 34 0 4 0
E 1154 0 -5 -15
E 1154 4 5 17
E 1154 5 8 25
E 1154 6 11 33
T 1155 9 0 3 0
E 1155 0 -12 -36
E 1155 1 -9 -28
E 1155 2 -6 -20
T 1156 44 0 4 0
E 1156 3 5 17
E 1156 4 8 25
E 1156 5 11 33
E 1156 6 13 41
T 1157 4 0 4 0
E 1157 0 -13 -39
E 1157 1 -10 -31
E 1157 2 -7 -23
E 1157 3 -5 -15
T 1158 44 0 4 0
E 1158 3 5 16
E 1158 4 8 24
E 1158 5 10 32
E 1158 6 13 40
T 1159 2 0 5 0
E 1159 0 -15 -45
E 1159 1 -12 -37
E 1159 2 -9 -29
E 1159 3 -7 -21
E 1159 4 -4 -13
T 1160 59 0 6 0
E 1160 1 4 13
E 1160 2 7 21
E 1160 3 9 29
E 1160 4 12 37
E 1160 5 15 45
E 1160 6 17 53
T 1161 35 0 7 1
E 1161 0 -6 -61
E 1161 1 -5 -53
E 1161 2 -5 -45
E 1161 3 -4 -37
E 1161 4 -3 -29
E 1161 5 -2 -21
E 1161 6 -1 -13
T 1162 3 0 4 0
E 1162 0 -14 -42
E 1162 1 -11 -34
E 1162 2 -8 -26
E 1162 3 -6 -18
T 1163 45 0 4 0
E 1163 3 6 19
E 1163 4 9 27
E 1163 5 11 35
E 1163 6 14 43
T 1164 6 0 5 0
E 1164 0 -17 -52
E 1164 1 -14 -44
E 1164 2 -12 -36
E 1164 3 -9 -28
E 1164 4 -6 -20
T 1165 52 0 5 0
E 1165 2 5 16
E 1165 3 8 24
E 1165 4 10 32
E 1165 5 13 40
E 1165 6 16 48
T 1166 16 0 6 0
E 1166 0 -19 -58
E 1166 1 -16 -50
E 1166 2 -14 -42
E 1166 3 -11 -34
E 1166 4 -8 -26
E 1166 5 -6 -18
T 1167 13 0 7 1
E 1167 0 1 13
E 1167 1 2 21
E 1167 2 3 29
E 1167 3 4 37
E 1167 4 5 45
E 1167 5 5 53
E 1167 6 6 61
T 1168 44 0 4 0
E 1168 3 5 15
E 1168 4 7 23
E 1168 5 10 31
E 1168 6 13 39
T 1169 3 0 4 0
E 1169 0 -14 -43
E 1169 1 -11 -35
E 1169 2 -9 -27
E 1169 3 -6 -19
T 1170 45 0 4 0
E 1170 3 6 20
E 1170 4 9 28
E 1170 5 12 36
E 1170 6 14 44
T 1171 4 0 5 0
E 1171 0 -16 -49
E 1171 1 -13 -41
E 1171 2 -11 -33
E 1171 3 -8 -25
E 1171 4 -5 -17
T 1172 54 0 5 0
E 1172 2 6 19
E 1172 3 9 27
E 1172 4 11 35
E 1172 5 14 43
E 1172 6 17 51
T 1173 5 0 5 0
E 1173 0 -16 -50
E 1173 1 -14 -42
E 1173 2 -11 -34
E 1173 3 -8 -26
E 1173 4 -6 -18
T 1174 61 0 6 0
E 1174 1 5 15
E 1174 2 7 23
E 1174 3 10 31
E 1174 4 13 39
E 1174 5 15 47
E 1174 6 18 55
T 1175 16 0 6 0
E 1175 0 -19 -58
E 1175 1 -16 -50
E 1175 2 -14 -42
E 1175 3 -11 -34
E 1175 4 -8 -26
E 1175 5 -6 -18
T 1176 11 0 7 1
E 1176 0 2 19
E 1176 1 3 27
E 1176 2 3 35
E 1176 3 4 43
E 1176 4 5 51
E 1176 5 6 59
E 1176 6 7 67
T 1177 44 0 4 0
E 1177 3 5 15
E 1177 4 7 23
E 1177 5 10 31
E 1177 6 13 39
T 1178 3 0 5 0
E 1178 0 -15 -47
E 1178 1 -13 -39
E 1178 2 -10 -31
E 1178 3 -7 -23
E 1178 4 -5 -15
T 1179 51 0 5 0
E 1179 2 5 15
E 1179 3 7 23
E 1179 4 10 31
E 1179 5 13 39
E 1179 6 15 47
T 1180 11 0 6 0
E 1180 0 -17 -53
E 1180 1 -15 -45
E 1180 2 -12 -37
E 1180 3 -9 -29
E 1180 4 -7 -21
E 1180 5 -4 -13
T 1181 63 0 6 0
E 1181 1 5 17
E 1181 2 8 25
E 1181 3 11 33
E 1181 4 13 41
E 1181 5 16 49
E 1181 6 19 57
T 1182 37 0 7 1
E 1182 0 -7 -69
E 1182 1 -6 -61
E 1182 2 -5 -53
E 1182 3 -5 -45
E 1182 4 -4 -37
E 1182 5 -3 -29
E 1182 6 -2 -21
T 1183 3 0 4 0
E 1183 0 -14 -42
E 1183 1 -11 -34
E 1183 2 -8 -26
E 1183 3 -6 -18
T 1184 44 0 4 0
E 1184 3 5 17
E 1184 4 8 25
E 1184 5 11 33
E 1184 6 13 41
T 1185 4 0 4 0
E 1185 0 -13 -39
E 1185 1 -10 -31
E 1185 2 -7 -23
E 1185 3 -5 -15
T 1186 51 0 5 0
E 1186 2 5 15
E 1186 3 7 23
E 1186 4 10 31
E 1186 5 13 39
E 1186 6 15 47
T 1187 15 0 6 0
E 1187 0 -19 -57
E 1187 1 -16 -49
E 1187 2 -13 -41
E 1187 3 -11 -33
E 1187 4 -8 -25
E 1187 5 -5 -17
T 1188 62 0 6 0
E 1188 1 5 16
E 1188 2 8 24
E 1188 3 10 32
E 1188 4 13 40
E 1188 5 16 48
E 1188 6 18 56
T 1189 36 0 7 1
E 1189 0 -7 -64
E 1189 1 -6 -56
E 1189 2 -5 -48
E 1189 3 -4 -40
E 1189 4 -3 -32
E 1189 5 -2 -24
E 1189 6 -1 -16
T 1190 3 0 4 0
E 1190 0 -14 -42
E 1190 1 -11 -34
E 1190 2 -8 -26
E 1190 3 -6 -18
T 1191 44 0 4 0
E 1191 3 5 16
E 1191 4 8 24
E 1191 5 10 32
E 1191 6 13 40
T 1192 3 0 4 0
E 1192 0 -14 -44
E 1192 1 -12 -36
E 1192 2 -9 -28
E 1192 3 -6 -20
T 1193 45 0 4 0
E 1193 3 6 18
E 1193 4 8 26
E 1193 5 11 34
E 1193 6 14 42
T 1194 2 0 5 0
E 1194 0 -15 -45
E 1194 1 -12 -37
E 1194 2 -9 -29
E 1194 3 -7 -21
E 1194 4 -4 -13
T 1195 60 0 6 0
E 1195 1 4 14
E 1195 2 7 22
E 1195 3 10 30
E 1195 4 12 38
E 1195 5 15 46
E 1195 6 18 54
T 1196 37 0 7 1
E 1196 0 -7 -65
E 1196 1 -6 -57
E 1196 2 -5 -49
E 1196 3 -4 -41
E 1196 4 -3 -33
E 1196 5 -2 -25
E 1196 6 -1 -17
T 1197 4 0 4 0
E 1197 0 -13 -41
E 1197 1 -11 -33
E 1197 2 -8 -25
E 1197 3 -5 -17
T 1198 44 0 4 0
E 1198 3 5 15
E 1198 4 7 23
E 1198 5 10 31
E 1198 6 13 39
T 1199 2 0 5 0
E 1199 0 -15 -46
E 1199 1 -12 -38
E 1199 2 -10 -30
E 1199 3 -7 -22
E 1199 4 -4 -14
T 1200 23 0 6 0
E 1200 0 17 52
E 1200 2 6 20
E 1200 3 9 28
E 1200 4 12 36
E 1200 5 14 44
E 1200 6 17 52
T 1201 7 0 7 1
E 1201 0 -2 -22
E 1201 1 -7 -65
E 1201 2 -6 -57
E 1201 3 -5 -49
E 1201 4 -4 -41
E 1201 5 -3 -33
E 1201 6 -2 -25
T 1202 42 0 4 0
E 1202 1 -13 -39
E 1202 2 -10 -31
E 1202 3 -7 -23
E 1202 4 -5 -15
T 1203 3 0 4 0
E 1203 0 15 45
E 1203 4 6 20
E 1203 5 9 28
E 1203 6 12 36
T 1204 57 0 5 0
E 1204 1 -16 -48
E 1204 2 -13 -40
E 1204 3 -10 -32
E 1204 4 -8 -24
E 1204 5 -5 -16
T 1205 35 0 7 1
E 1205 0 6 61
E 1205 1 5 53
E 1205 2 1 13
E 1205 3 2 21
E 1205 4 3 29
E 1205 5 4 37
E 1205 6 5 45
T 1206 6 0 4 0
E 1206 0 13 40
E 1206 1 10 32
E 1206 5 4 13
E 1206 6 7 21
T 1207 46 0 5 0
E 1207 0 4 14
E 1207 2 -13 -40
E 1207 3 -10 -32
E 1207 4 -8 -24
E 1207 5 -5 -16
T 1208 7 0 4 0
E 1208 0 16 50
E 1208 1 14 42
E 1208 5 5 17
E 1208 6 8 25
T 1209 61 0 6 0
E 1209 0 4 13
E 1209 2 -16 -48
E 1209 3 -13 -40
E 1209 4 -10 -32
E 1209 5 -8 -24
E 1209 6 -5 -16
T 1210 6 0 5 0
E 1210 0 20 60
E 1210 1 17 52
E 1210 2 14 44
E 1210 5 6 20
E 1210 6 9 28
T 1211 76 0 6 0
E 1211 1 -5 -15
E 1211 2 -7 -23
E 1211 3 -22 -66
E 1211 4 -19 -58
E 1211 5 -16 -50
E 1211 6 -14 -42
T 1212 47 0 7 1
E 1212 0 8 78
E 1212 1 7 70
E 1212 2 6 62
E 1212 3 1 16
E 1212 4 2 24
E 1212 5 3 32
E 1212 6 4 40
T 1213 15 0 4 0
E 1213 0 15 45
E 1213 1 12 37
E 1213 2 9 29
E 1213 3 -6 -20
T 1214 62 0 5 0
E 1214 0 6 19
E 1214 3 -16 -50
E 1214 4 -14 -42
E 1214 5 -11 -34
E 1214 6 -8 -26
T 1215 9 0 5 0
E 1215 0 21 65
E 1215 1 19 57
E 1215 2 16 49
E 1215 3 13 41
E 1215 6 5 17
T 1216 79 0 6 0
E 1216 1 -4 -14
E 1216 2 -7 -22
E 1216 3 -10 -30
E 1216 4 -24 -73
E 1216 5 -21 -65
E 1216 6 -19 -57
T 1217 19 0 6 0
E 1217 0 25 76
E 1217 1 22 68
E 1217 2 20 60
E 1217 3 17 52
E 1217 5 4 14
E 1217 6 7 22
T 1218 91 0 6 0
E 1218 1 -6 -20
E 1218 2 -9 -28
E 1218 3 -12 -36
E 1218 4 -28 -85
E 1218 5 -25 -77
E 1218 6 -23 -69
T 1219 54 0 7 1
E 1219 0 10 95
E 1219 1 9 87
E 1219 2 8 79
E 1219 3 7 71
E 1219 4 2 18
E 1219 5 2 26
E 1219 6 3 34
T 1220 5 0 6 0
E 1220 0 19 57
E 1220 1 16 49
E 1220 2 13 41
E 1220 3 11 33
E 1220 4 8 25
E 1220 5 -5 -15
T 1221 72 0 5 0
E 1221 2 -6 -20
E 1221 3 -9 -28
E 1221 4 -12 -36
E 1221 5 -26 -79
E 1221 6 -23 -71
T 1222 20 0 5 0
E 1222 0 24 72
E 1222 1 21 64
E 1222 2 18 56
E 1222 3 16 48
E 1222 4 13 40
T 1223 17 0 7 1
E 1223 0 -2 -24
E 1223 1 -3 -32
E 1223 2 -4 -40
E 1223 3 -5 -48
E 1223 4 -6 -56
E 1223 5 -11 -105
E 1223 6 -10 -97
T 1224 60 0 4 0
E 1224 0 4 13
E 1224 4 -6 -19
E 1224 5 -24 -72
E 1224 6 -21 -64
T 1225 39 0 7 1
E 1225 0 7 65
E 1225 1 6 57
E 1225 2 5 49
E 1225 3 4 41
E 1225 4 3 33
E 1225 5 2 25
E 1225 6 -1 -15
T 1226 18 0 5 0
E 1226 0 13 40
E 1226 1 10 32
E 1226 2 8 24
E 1226 3 5 16
E 1226 6 -14 -43
T 1227 36 0 4 0
E 1227 0 8 26
E 1227 1 6 18
E 1227 5 -4 -14
E 1227 6 -20 -60
T 1228 26 0 4 0
E 1228 0 12 36
E 1228 1 9 28
E 1228 2 6 20
E 1228 6 -17 -53
T 1229 29 0 4 0
E 1229 0 10 32
E 1229 1 8 24
E 1229 2 5 16
E 1229 6 -20 -61
T 1230 23 0 4 0
E 1230 0 9 27
E 1230 1 6 19
E 1230 5 -4 -13
E 1230 6 -7 -21
T 1231 15 0 4 0
E 1231 0 9 29
E 1231 1 7 21
E 1231 2 4 13
E 1231 6 -6 -19
T 1232 34 0 4 0
E 1232 0 5 16
E 1232 4 -5 -16
E 1232 5 -8 -24
E 1232 6 -10 -32
T 1233 4 0 4 0
E 1233 0 13 41
E 1233 1 11 33
E 1233 2 8 25
E 1233 3 5 17
T 1234 44 0 4 0
E 1234 3 -5 -17
E 1234 4 -8 -25
E 1234 5 -11 -33
E 1234 6 -13 -41
T 1235 6 0 5 0
E 1235 0 17 51
E 1235 1 14 43
E 1235 2 11 35
E 1235 3 9 27
E 1235 4 6 19
T 1236 65 0 6 0
E 1236 1 -6 -19
E 1236 2 -9 -27
E 1236 3 -11 -35
E 1236 4 -14 -43
E 1236 5 -17 -51
E 1236 6 -19 -59
T 1237 37 0 7 1
E 1237 0 7 65
E 1237 1 6 57
E 1237 2 5 49
E 1237 3 4 41
E 1237 4 3 33
E 1237 5 2 25
E 1237 6 1 17
T 1238 13 0 4 0
E 1238 0 11 35
E 1238 1 9 27
E 1238 2 6 19
E 1238 6 -4 -13
T 1239 33 0 4 0
E 1239 0 6 19
E 1239 4 -4 -13
E 1239 5 -7 -21
E 1239 6 -9 -29
T 1240 15 0 4 0
E 1240 0 9 29
E 1240 1 7 21
E 1240 2 4 13
E 1240 6 -6 -19
T 1241 39 0 3 0
E 1241 4 -6 -20
E 1241 5 -9 -28
E 1241 6 -12 -36
T 1242 2 0 5 0
E 1242 0 15 45
E 1242 1 12 37
E 1242 2 9 29
E 1242 3 7 21
E 1242 4 4 13
T 1243 50 0 5 0
E 1243 2 -4 -13
E 1243 3 -7 -21
E 1243 4 -9 -29
E 1243 5 -12 -37
E 1243 6 -15 -45
T 1244 15 0 6 0
E 1244 0 19 57
E 1244 1 16 49
E 1244 2 13 41
E 1244 3 11 33
E 1244 4 8 25
E 1244 5 5 17
T 1245 65 0 6 0
E 1245 1 -6 -19
E 1245 2 -9 -27
E 1245 3 -11 -35
E 1245 4 -14 -43
E 1245 5 -17 -51
E 1245 6 -19 -59
T 1246 37 0 7 1
E 1246 0 7 67
E 1246 1 6 59
E 1246 2 5 51
E 1246 3 4 43
E 1246 4 3 35
E 1246 5 3 27
E 1246 6 2 19
T 1247 2 0 5 0
E 1247 0 15 45
E 1247 1 12 37
E 1247 2 9 29
E 1247 3 7 21
E 1247 4 4 13
T 1248 45 0 4 0
E 1248 3 -6 -20
E 1248 4 -9 -28
E 1248 5 -12 -36
E 1248 6 -14 -44
T 1249 11 0 6 0
E 1249 0 17 53
E 1249 1 15 45
E 1249 2 12 37
E 1249 3 9 29
E 1249 4 7 21
E 1249 5 4 13
T 1250 63 0 6 0
E 1250 1 -5 -17
E 1250 2 -8 -25
E 1250 3 -11 -33
E 1250 4 -13 -41
E 1250 5 -16 -49
E 1250 6 -19 -57
T 1251 37 0 7 1
E 1251 0 7 66
E 1251 1 6 58
E 1251 2 5 50
E 1251 3 4 42
E 1251 4 3 34
E 1251 5 2 26
E 1251 6 2 18
T 1252 4 0 4 0
E 1252 0 13 40
E 1252 1 10 32
E 1252 2 8 24
E 1252 3 5 16
T 1253 43 0 4 0
E 1253 3 -4 -13
E 1253 4 -7 -21
E 1253 5 -9 -29
E 1253 6 -12 -37
T 1254 4 0 4 0
E 1254 0 13 39
E 1254 1 10 31
E 1254 2 7 23
E 1254 3 5 15
T 1255 50 0 5 0
E 1255 2 -4 -14
E 1255 3 -7 -22
E 1255 4 -10 -30
E 1255 5 -12 -38
E 1255 6 -15 -46
T 1256 3 0 5 0
E 1256 0 15 47
E 1256 1 13 39
E 1256 2 10 31
E 1256 3 7 23
E 1256 4 5 15
T 1257 54 0 5 0
E 1257 2 -6 -20
E 1257 3 -9 -28
E 1257 4 -12 -36
E 1257 5 -14 -44
E 1257 6 -17 -52
T 1258 11 0 6 0
E 1258 0 17 53
E 1258 1 15 45
E 1258 2 12 37
E 1258 3 9 29
E 1258 4 7 21
E 1258 5 4 13
T 1259 59 0 6 0
E 1259 1 -4 -13
E 1259 2 -7 -21
E 1259 3 -9 -29
E 1259 4 -12 -37
E 1259 5 -15 -45
E 1259 6 -17 -53
T 1260 18 0 6 0
E 1260 0 20 60
E 1260 1 17 52
E 1260 2 14 44
E 1260 3 12 36
E 1260 4 9 28
E 1260 5 6 20
T 1261 11 0 7 1
E 1261 0 -2 -23
E 1261 1 -3 -31
E 1261 2 -4 -39
E 1261 3 -5 -47
E 1261 4 -6 -55
E 1261 5 -7 -63
E 1261 6 -7 -71
T 1262 43 0 4 0
E 1262 3 -4 -13
E 1262 4 -7 -21
E 1262 5 -9 -29
E 1262 6 -12 -37
T 1263 5 0 5 0
E 1263 0 16 50
E 1263 1 14 42
E 1263 2 11 34
E 1263 3 8 26
E 1263 4 6 18
T 1264 62 0 6 0
E 1264 1 -5 -16
E 1264 2 -8 -24
E 1264 3 -10 -32
E 1264 4 -13 -40
E 1264 5 -16 -48
E 1264 6 -18 -56
T 1265 18 0 6 0
E 1265 0 20 60
E 1265 1 17 52
E 1265 2 14 44
E 1265 3 12 36
E 1265 4 9 28
E 1265 5 6 20
T 1266 11 0 7 1
E 1266 0 -2 -22
E 1266 1 -3 -30
E 1266 2 -4 -38
E 1266 3 -5 -46
E 1266 4 -6 -54
E 1266 5 -6 -62
E 1266 6 -7 -70
T 1267 43 0 4 0
E 1267 3 -4 -14
E 1267 4 -7 -22
E 1267 5 -10 -30
E 1267 6 -12 -38
T 1268 3 0 4 0
E 1268 0 14 42
E 1268 1 11 34
E 1268 2 8 26
E 1268 3 6 18
T 1269 44 0 4 0
E 1269 3 -5 -15
E 1269 4 -7 -23
E 1269 5 -10 -31
E 1269 6 -13 -39
T 1270 4 0 5 0
E 1270 0 16 48
E 1270 1 13 40
E 1270 2 10 32
E 1270 3 8 24
E 1270 4 5 16
T 1271 59 0 6 0
E 1271 1 -4 -13
E 1271 2 -7 -21
E 1271 3 -9 -29
E 1271 4 -12 -37
E 1271 5 -15 -45
E 1271 6 -17 -53
T 1272 14 0 6 0
E 1272 0 18 56
E 1272 1 16 48
E 1272 2 13 40
E 1272 3 10 32
E 1272 4 8 24
E 1272 5 5 16
T 1273 61 0 6 0
E 1273 1 -5 -15
E 1273 2 -7 -23
E 1273 3 -10 -31
E 1273 4 -13 -39
E 1273 5 -15 -47
E 1273 6 -18 -55
T 1274 37 0 7 1
E 1274 0 7 66
E 1274 1 6 58
E 1274 2 5 50
E 1274 3 4 42
E 1274 4 3 34
E 1274 5 2 26
E 1274 6 2 18
T 1275 13 0 4 0
E 1275 0 11 35
E 1275 1 9 27
E 1275 2 6 19
E 1275 6 -4 -13
T 1276 35 0 4 0
E 1276 0 4 14
E 1276 4 -6 -18
E 1276 5 -8 -26
E 1276 6 -11 -34
T 1277 14 0 4 0
E 1277 0 10 32
E 1277 1 8 24
E 1277 2 5 16
E 1277 6 -5 -16
T 1278 39 0 3 0
E 1278 4 -6 -20
E 1278 5 -9 -28
E 1278 6 -12 -36
T 1279 13 0 4 0
E 1279 0 11 35
E 1279 1 9 27
E 1279 2 6 19
E 1279 6 -4 -13
T 1280 43 0 4 0
E 1280 3 -4 -13
E 1280 4 -7 -21
E 1280 5 -9 -29
E 1280 6 -12 -37
T 1281 3 0 4 0
E 1281 0 14 42
E 1281 1 11 34
E 1281 2 8 26
E 1281 3 6 18
T 1282 44 0 4 0
E 1282 3 -5 -16
E 1282 4 -8 -24
E 1282 5 -10 -32
E 1282 6 -13 -40
T 1283 3 0 4 0
E 1283 0 14 42
E 1283 1 11 34
E 1283 2 8 26
E 1283 3 6 18
T 1284 45 0 4 0
E 1284 3 -6 -18
E 1284 4 -8 -26
E 1284 5 -11 -34
E 1284 6 -14 -42
T 1285 4 0 5 0
E 1285 0 16 48
E 1285 1 13 40
E 1285 2 10 32
E 1285 3 8 24
E 1285 4 5 16
T 1286 50 0 5 0
E 1286 2 -4 -13
E 1286 3 -7 -21
E 1286 4 -9 -29
E 1286 5 -12 -37
E 1286 6 -15 -45
T 1287 15 0 6 0
E 1287 0 19 57
E 1287 1 16 49
E 1287 2 13 41
E 1287 3 11 33
E 1287 4 8 25
E 1287 5 5 17
T 1288 13 0 7 1
E 1288 0 -1 -14
E 1288 1 -2 -22
E 1288 2 -3 -30
E 1288 3 -4 -38
E 1288 4 -5 -46
E 1288 5 -6 -54
E 1288 6 -6 -62
T 1289 34 0 4 0
E 1289 0 5 17
E 1289 4 -5 -15
E 1289 5 -7 -23
E 1289 6 -10 -31
T 1290 13 0 4 0
E 1290 0 11 35
E 1290 1 9 27
E 1290 2 6 19
E 1290 6 -4 -13
T 1291 43 0 4 0
E 1291 3 -4 -13
E 1291 4 -7 -21
E 1291 5 -9 -29
E 1291 6 -12 -37
T 1292 4 0 4 0
E 1292 0 13 41
E 1292 1 11 33
E 1292 2 8 25
E 1292 3 5 17
T 1293 43 0 4 0
E 1293 3 -4 -13
E 1293 4 -7 -21
E 1293 5 -9 -29
E 1293 6 -12 -37
T 1294 4 0 4 0
E 1294 0 13 40
E 1294 1 10 32
E 1294 2 8 24
E 1294 3 5 16
T 1295 52 0 5 0
E 1295 2 -5 -16
E 1295 3 -8 -24
E 1295 4 -10 -32
E 1295 5 -13 -40
E 1295 6 -16 -48
T 1296 16 0 6 0
E 1296 0 19 58
E 1296 1 16 50
E 1296 2 14 42
E 1296 3 11 34
E 1296 4 8 26
E 1296 5 6 18
T 1297 8 0 7 1
E 1297 0 -2 -21
E 1297 1 -2 -26
E 1297 2 -3 -34
E 1297 3 -4 -42
E 1297 4 -5 -50
E 1297 5 -6 -58
E 1297 6 -7 -66
T 1298 34 0 3 0
E 1298 4 -6 -20
E 1298 5 -9 -28
E 1298 6 -12 -36
T 1299 1 0 4 0
E 1299 0 10 32
E 1299 1 10 32
E 1299 2 8 24
E 1299 3 5 16
T 1300 33 0 4 0
E 1300 3 -5 -16
E 1300 4 -8 -24
E 1300 5 -10 -32
E 1300 6 -13 -40
T 1301 5 0 4 0
E 1301 0 9 27
E 1301 1 10 32
E 1301 2 8 24
E 1301 3 5 16
T 1302 23 0 3 0
E 1302 4 -6 -18
E 1302 5 -8 -26
E 1302 6 -11 -34
T 1303 1 0 3 0
E 1303 0 6 18
E 1303 1 7 23
E 1303 2 6 20
T 1304 16 0 2 0
E 1304 5 -5 -15
E 1304 6 -7 -23
T 1305 14 0 5 0
E 1305 0 7 21
E 1305 1 8 26
E 1305 2 9 29
E 1305 3 7 21
E 1305 4 4 13
T 1306 17 0 4 0
E 1306 0 -4 -13
E 1306 4 -6 -19
E 1306 5 -9 -27
E 1306 6 -11 -35
T 1307 15 0 5 0
E 1307 0 5 16
E 1307 1 7 21
E 1307 2 8 26
E 1307 3 7 21
E 1307 4 4 13
T 1308 13 0 4 0
E 1308 0 -5 -15
E 1308 4 -5 -16
E 1308 5 -8 -24
E 1308 6 -10 -32
T 1309 7 0 3 0
E 1309 1 5 15
E 1309 2 6 20
E 1309 3 6 20
T 1310 1 0 1 0
E 1310 6 -5 -15
T 1311 5 0 1 0
E 1311 3 4 14
T 1312 3 0 1 0
E 1312 6 -4 -13
T 1313 5 0 1 0
E 1313 3 4 14
T 1314 6 0 0 0
T 1315 9 0 1 0
E 1315 0 -4 -13
T 1316 9 0 1 0
E 1316 0 -4 -13
T 1317 12 0 0 0
T 1318 9 0 2 0
E 1318 0 -6 -19
E 1318 1 -4 -14
T 1319 11 0 0 0
T 1320 15 0 2 0
E 1320 4 4 14
E 1320 5 5 17
T 1321 9 0 2 0
E 1321 0 -7 -21
E 1321 1 -5 -16
T 1322 9 0 1 0
E 1322 0 -4 -13
T 1323 21 0 3 0
E 1323 4 5 15
E 1323 5 6 20
E 1323 6 5 17
T 1324 6 0 3 0
E 1324 0 -8 -26
E 1324 1 -7 -21
E 1324 2 -5 -16
T 1325 19 0 2 0
E 1325 5 5 17
E 1325 6 6 20
T 1326 9 0 2 0
E 1326 0 -6 -19
E 1326 1 -4 -14
T 1327 15 0 2 0
E 1327 0 -4 -14
E 1327 6 5 16
T 1328 15 0 2 0
E 1328 0 -4 -14
E 1328 6 5 16
T 1329 10 0 2 0
E 1329 0 -7 -22
E 1329 1 -5 -17
T 1330 20 0 2 0
E 1330 5 5 17
E 1330 6 7 22
T 1331 9 0 2 0
E 1331 0 -6 -19
E 1331 1 -4 -14
T 1332 22 0 2 0
E 1332 5 4 13
E 1332 6 6 18
T 1333 10 0 2 0
E 1333 0 -7 -22
E 1333 1 -5 -17
T 1334 15 0 2 0
E 1334 0 -5 -16
E 1334 6 4 14
T 1335 9 0 2 0
E 1335 0 -7 -21
E 1335 1 -5 -16
T 1336 15 0 2 0
E 1336 0 -4 -14
E 1336 6 5 16
T 1337 16 0 2 0
E 1337 0 -5 -17
E 1337 6 4 13
T 1338 16 0 2 0
E 1338 0 -5 -17
E 1338 6 4 13
T 1339 15 1 2 0
E 1339 0 -5 -15
E 1339 6 5 15
T 1340 10 0 2 0
E 1340 0 -7 -22
E 1340 1 -5 -17
T 1341 15 1 2 0
E 1341 0 -5 -15
E 1341 6 5 15
T 1342 21 0 2 0
E 1342 5 5 15
E 1342 6 6 20
T 1343 6 0 3 0
E 1343 0 -8 -26
E 1343 1 -7 -21
E 1343 2 -5 -16
T 1344 28 0 4 0
E 1344 3 4 13
E 1344 4 6 18
E 1344 5 7 23
E 1344 6 9 28
T 1345 2 0 4 0
E 1345 0 -9 -29
E 1345 1 -8 -24
E 1345 2 -6 -19
E 1345 3 -4 -14
T 1346 25 0 3 0
E 1346 4 4 14
E 1346 5 6 19
E 1346 6 8 24
T 1347 3 0 4 0
E 1347 0 -9 -29
E 1347 1 -7 -23
E 1347 2 -6 -18
E 1347 3 -4 -13
T 1348 26 0 3 0
E 1348 4 4 14
E 1348 5 6 19
E 1348 6 8 24
T 1349 8 0 3 0
E 1349 0 -9 -28
E 1349 1 -6 -20
E 1349 2 -5 -15
T 1350 27 0 3 0
E 1350 4 4 13
E 1350 5 6 18
E 1350 6 7 23
T 1351 4 0 4 0
E 1351 0 -11 -34
E 1351 1 -8 -26
E 1351 2 -6 -20
E 1351 3 -5 -15
T 1352 28 0 3 0
E 1352 4 5 17
E 1352 5 7 22
E 1352 6 9 27
T 1353 4 0 4 0
E 1353 0 -11 -35
E 1353 1 -9 -27
E 1353 2 -6 -20
E 1353 3 -5 -15
T 1354 34 0 4 0
E 1354 3 4 13
E 1354 4 6 18
E 1354 5 7 23
E 1354 6 9 28
T 1355 4 0 4 0
E 1355 0 -12 -36
E 1355 1 -9 -28
E 1355 2 -6 -20
E 1355 3 -5 -15
T 1356 35 0 4 0
E 1356 3 4 14
E 1356 4 6 19
E 1356 5 8 24
E 1356 6 9 29
T 1357 1 0 5 0
E 1357 0 -13 -41
E 1357 1 -11 -33
E 1357 2 -8 -25
E 1357 3 -6 -19
E 1357 4 -4 -14
T 1358 46 0 5 0
E 1358 2 6 18
E 1358 3 8 25
E 1358 4 10 30
E 1358 5 11 35
E 1358 6 13 40
T 1359 2 0 5 0
E 1359 0 -14 -44
E 1359 1 -12 -36
E 1359 2 -9 -28
E 1359 3 -6 -20
E 1359 4 -5 -15
T 1360 48 0 5 0
E 1360 2 6 19
E 1360 3 9 27
E 1360 4 10 32
E 1360 5 12 37
E 1360 6 14 42
T 1361 12 0 6 0
E 1361 0 -17 -51
E 1361 1 -14 -43
E 1361 2 -11 -35
E 1361 3 -9 -27
E 1361 4 -7 -21
E 1361 5 -5 -16
T 1362 61 0 6 0
E 1362 1 6 20
E 1362 2 9 28
E 1362 3 12 36
E 1362 4 14 42
E 1362 5 15 47
E 1362 6 17 52
T 1363 36 0 7 1
E 1363 0 -7 -69
E 1363 1 -6 -61
E 1363 2 -5 -53
E 1363 3 -5 -45
E 1363 4 -4 -38
E 1363 5 -3 -33
E 1363 6 -3 -28
T 1364 4 0 4 0
E 1364 0 -13 -41
E 1364 1 -11 -33
E 1364 2 -8 -25
E 1364 3 -5 -17
T 1365 42 0 4 0
E 1365 3 6 19
E 1365 4 9 27
E 1365 5 10 32
E 1365 6 12 37
T 1366 4 0 4 0
E 1366 0 -13 -40
E 1366 1 -10 -32
E 1366 2 -8 -24
E 1366 3 -5 -16
T 1367 49 0 5 0
E 1367 2 5 16
E 1367 3 8 24
E 1367 4 10 32
E 1367 5 12 38
E 1367 6 14 43
T 1368 14 0 6 0
E 1368 0 -18 -56
E 1368 1 -16 -48
E 1368 2 -13 -40
E 1368 3 -10 -32
E 1368 4 -8 -24
E 1368 5 -5 -17
T 1369 12 0 7 1
E 1369 0 1 15
E 1369 1 2 23
E 1369 2 3 31
E 1369 3 4 39
E 1369 4 5 47
E 1369 5 6 55
E 1369 6 6 60
T 1370 42 0 4 0
E 1370 3 4 13
E 1370 4 7 21
E 1370 5 9 29
E 1370 6 11 34
T 1371 5 0 4 0
E 1371 0 -12 -38
E 1371 1 -10 -30
E 1371 2 -7 -22
E 1371 3 -4 -14
T 1372 44 0 4 0
E 1372 3 5 17
E 1372 4 8 25
E 1372 5 11 33
E 1372 6 13 39
T 1373 4 0 5 0
E 1373 0 -16 -48
E 1373 1 -13 -40
E 1373 2 -10 -32
E 1373 3 -8 -24
E 1373 4 -5 -16
T 1374 59 0 6 0
E 1374 1 4 13
E 1374 2 7 21
E 1374 3 9 29
E 1374 4 12 37
E 1374 5 15 45
E 1374 6 17 53
T 1375 15 0 6 0
E 1375 0 -19 -57
E 1375 1 -16 -49
E 1375 2 -13 -41
E 1375 3 -11 -33
E 1375 4 -8 -25
E 1375 5 -5 -17
T 1376 13 0 7 1
E 1376 0 1 14
E 1376 1 2 22
E 1376 2 3 30
E 1376 3 4 38
E 1376 4 5 46
E 1376 5 6 54
E 1376 6 6 62
T 1377 35 0 4 0
E 1377 0 -4 -14
E 1377 4 6 18
E 1377 5 8 26
E 1377 6 11 34
T 1378 14 0 4 0
E 1378 0 -10 -31
E 1378 1 -7 -23
E 1378 2 -5 -15
E 1378 6 5 17
T 1379 33 0 4 0
E 1379 0 -6 -19
E 1379 4 4 13
E 1379 5 7 21
E 1379 6 9 29
T 1380 13 0 4 0
E 1380 0 -11 -35
E 1380 1 -9 -27
E 1380 2 -6 -19
E 1380 6 4 13
T 1381 33 0 4 0
E 1381 0 -6 -18
E 1381 4 4 14
E 1381 5 7 22
E 1381 6 10 30
T 1382 15 0 4 0
E 1382 0 -10 -30
E 1382 1 -7 -22
E 1382 2 -4 -14
E 1382 6 6 18
T 1383 43 0 4 0
E 1383 3 4 13
E 1383 4 7 21
E 1383 5 9 29
E 1383 6 12 37
T 1384 4 0 4 0
E 1384 0 -13 -41
E 1384 1 -11 -33
E 1384 2 -8 -25
E 1384 3 -5 -17
T 1385 50 0 5 0
E 1385 2 4 14
E 1385 3 7 22
E 1385 4 10 30
E 1385 5 12 38
E 1385 6 15 46
T 1386 13 0 6 0
E 1386 0 -18 -55
E 1386 1 -15 -47
E 1386 2 -13 -39
E 1386 3 -10 -31
E 1386 4 -7 -23
E 1386 5 -5 -15
T 1387 60 0 6 0
E 1387 1 4 14
E 1387 2 7 22
E 1387 3 10 30
E 1387 4 12 38
E 1387 5 15 46
E 1387 6 18 54
T 1388 37 0 7 1
E 1388 0 -7 -67
E 1388 1 -6 -59
E 1388 2 -5 -51
E 1388 3 -4 -43
E 1388 4 -3 -35
E 1388 5 -3 -27
E 1388 6 -2 -19
T 1389 4 0 4 0
E 1389 0 -13 -40
E 1389 1 -10 -32
E 1389 2 -8 -24
E 1389 3 -5 -16
T 1390 50 0 5 0
E 1390 2 4 14
E 1390 3 7 22
E 1390 4 10 30
E 1390 5 12 38
E 1390 6 15 46
T 1391 15 0 6 0
E 1391 0 -19 -57
E 1391 1 -16 -49
E 1391 2 -13 -41
E 1391 3 -11 -33
E 1391 4 -8 -25
E 1391 5 -5 -17
T 1392 63 0 6 0
E 1392 1 5 17
E 1392 2 8 25
E 1392 3 11 33
E 1392 4 13 41
E 1392 5 16 49
E 1392 6 19 57
T 1393 35 0 7 1
E 1393 0 -6 -61
E 1393 1 -5 -53
E 1393 2 -5 -45
E 1393 3 -4 -37
E 1393 4 -3 -29
E 1393 5 -2 -21
E 1393 6 -1 -13
T 1394 4 0 4 0
E 1394 0 -13 -40
E 1394 1 -10 -32
E 1394 2 -8 -24
E 1394 3 -5 -16
T 1395 44 0 4 0
E 1395 3 5 17
E 1395 4 8 25
E 1395 5 11 33
E 1395 6 13 41
T 1396 2 0 5 0
E 1396 0 -15 -45
E 1396 1 -12 -37
E 1396 2 -9 -29
E 1396 3 -7 -21
E 1396 4 -4 -13
T 1397 51 0 5 0
E 1397 2 5 15
E 1397 3 7 23
E 1397 4 10 31
E 1397 5 13 39
E 1397 6 15 47
T 1398 13 0 6 0
E 1398 0 -18 -55
E 1398 1 -15 -47
E 1398 2 -13 -39
E 1398 3 -10 -31
E 1398 4 -7 -23
E 1398 5 -5 -15
T 1399 61 0 6 0
E 1399 1 5 15
E 1399 2 7 23
E 1399 3 10 31
E 1399 4 13 39
E 1399 5 15 47
E 1399 6 18 55
T 1400 37 0 7 1
E 1400 0 -7 -66
E 1400 1 -6 -58
E 1400 2 -5 -50
E 1400 3 -4 -42
E 1400 4 -3 -34
E 1400 5 -2 -26
E 1400 6 -2 -18
T 1401 4 0 4 0
E 1401 0 -13 -41
E 1401 1 -11 -33
E 1401 2 -8 -25
E 1401 3 -5 -17
T 1402 45 0 4 0
E 1402 3 6 18
E 1402 4 8 26
E 1402 5 11 34
E 1402 6 14 42
T 1403 4 0 5 0
E 1403 0 -16 -48
E 1403 1 -13 -40
E 1403 2 -10 -32
E 1403 3 -8 -24
E 1403 4 -5 -16
T 1404 54 0 5 0
E 1404 2 6 20
E 1404 3 9 28
E 1404 4 12 36
E 1404 5 14 44
E 1404 6 17 52
T 1405 35 0 7 1
E 1405 0 -6 -61
E 1405 1 -5 -53
E 1405 2 -5 -45
E 1405 3 -4 -37
E 1405 4 -3 -29
E 1405 5 -2 -21
E 1405 6 -1 -13
T 1406 14 0 4 0
E 1406 0 -11 -33
E 1406 1 -8 -25
E 1406 2 -5 -17
E 1406 6 5 15
T 1407 39 0 3 0
E 1407 4 6 20
E 1407 5 9 28
E 1407 6 12 36
T 1408 5 0 4 0
E 1408 0 -12 -37
E 1408 1 -9 -29
E 1408 2 -7 -21
E 1408 3 -4 -13
T 1409 51 0 5 0
E 1409 2 5 15
E 1409 3 7 23
E 1409 4 10 31
E 1409 5 13 39
E 1409 6 15 47
T 1410 4 0 5 0
E 1410 0 -16 -48
E 1410 1 -13 -40
E 1410 2 -10 -32
E 1410 3 -8 -24
E 1410 4 -5 -16
T 1411 51 0 5 0
E 1411 2 5 15
E 1411 3 7 23
E 1411 4 10 31
E 1411 5 13 39
E 1411 6 15 47
T 1412 6 0 5 0
E 1412 0 -17 -52
E 1412 1 -14 -44
E 1412 2 -12 -36
E 1412 3 -9 -28
E 1412 4 -6 -20
T 1413 63 0 6 0
E 1413 1 5 17
E 1413 2 8 25
E 1413 3 11 33
E 1413 4 13 41
E 1413 5 16 49
E 1413 6 19 57
T 1414 18 0 6 0
E 1414 0 -20 -60
E 1414 1 -17 -52
E 1414 2 -14 -44
E 1414 3 -12 -36
E 1414 4 -9 -28
E 1414 5 -6 -20
T 1415 11 0 7 1
E 1415 0 2 18
E 1415 1 2 26
E 1415 2 3 34
E 1415 3 4 42
E 1415 4 5 50
E 1415 5 6 58
E 1415 6 7 66
T 1416 44 0 4 0
E 1416 3 5 17
E 1416 4 8 25
E 1416 5 11 33
E 1416 6 13 41
T 1417 4 0 4 0
E 1417 0 -13 -41
E 1417 1 -11 -33
E 1417 2 -8 -25
E 1417 3 -5 -17
T 1418 44 0 4 0
E 1418 3 5 17
E 1418 4 8 25
E 1418 5 11 33
E 1418 6 13 41
T 1419 4 0 4 0
E 1419 0 -13 -40
E 1419 1 -10 -32
E 1419 2 -8 -24
E 1419 3 -5 -16
T 1420 45 0 4 0
E 1420 3 6 20
E 1420 4 9 28
E 1420 5 12 36
E 1420 6 14 44
T 1421 2 0 5 0
E 1421 0 -15 -46
E 1421 1 -12 -38
E 1421 2 -10 -30
E 1421 3 -7 -22
E 1421 4 -4 -14
T 1422 50 0 5 0
E 1422 2 4 14
E 1422 3 7 22
E 1422 4 10 30
E 1422 5 12 38
E 1422 6 15 46
T 1423 13 0 6 0
E 1423 0 -18 -55
E 1423 1 -15 -47
E 1423 2 -13 -39
E 1423 3 -10 -31
E 1423 4 -7 -23
E 1423 5 -5 -15
T 1424 60 0 6 0
E 1424 1 4 14
E 1424 2 7 22
E 1424 3 10 30
E 1424 4 12 38
E 1424 5 15 46
E 1424 6 18 54
T 1425 18 0 6 0
E 1425 0 -20 -60
E 1425 1 -17 -52
E 1425 2 -14 -44
E 1425 3 -12 -36
E 1425 4 -9 -28
E 1425 5 -6 -20
T 1426 12 0 7 1
E 1426 0 1 16
E 1426 1 2 24
E 1426 2 3 32
E 1426 3 4 40
E 1426 4 5 48
E 1426 5 6 56
E 1426 6 7 64
T 1427 35 0 4 0
E 1427 0 -4 -14
E 1427 4 6 18
E 1427 5 8 26
E 1427 6 11 34
T 1428 13 0 4 0
E 1428 0 -11 -34
E 1428 1 -8 -26
E 1428 2 -6 -18
E 1428 6 4 14
T 1429 43 0 4 0
E 1429 3 4 13
E 1429 4 7 21
E 1429 5 9 29
E 1429 6 12 37
T 1430 5 0 5 0
E 1430 0 -16 -50
E 1430 1 -14 -42
E 1430 2 -11 -34
E 1430 3 -8 -26
E 1430 4 -6 -18
T 1431 54 0 5 0
E 1431 2 6 20
E 1431 3 9 28
E 1431 4 12 36
E 1431 5 14 44
E 1431 6 17 52
T 1432 5 0 5 0
E 1432 0 -16 -50
E 1432 1 -14 -42
E 1432 2 -11 -34
E 1432 3 -8 -26
E 1432 4 -6 -18
T 1433 61 0 6 0
E 1433 1 5 15
E 1433 2 7 23
E 1433 3 10 31
E 1433 4 13 39
E 1433 5 15 47
E 1433 6 18 55
T 1434 36 0 7 1
E 1434 0 -7 -64
E 1434 1 -6 -56
E 1434 2 -5 -48
E 1434 3 -4 -40
E 1434 4 -3 -32
E 1434 5 -2 -24
E 1434 6 -1 -16
T 1435 14 0 4 0
E 1435 0 -11 -33
E 1435 1 -8 -25
E 1435 2 -5 -17
E 1435 6 5 15
T 1436 34 0 4 0
E 1436 0 -5 -17
E 1436 4 5 15
E 1436 5 7 23
E 1436 6 10 31
T 1437 13 0 4 0
E 1437 0 -11 -35
E 1437 1 -9 -27
E 1437 2 -6 -19
E 1437 6 4 13
T 1438 39 0 3 0
E 1438 4 6 20
E 1438 5 9 28
E 1438 6 12 36
T 1439 3 0 4 0
E 1439 0 -14 -43
E 1439 1 -11 -35
E 1439 2 -9 -27
E 1439 3 -6 -19
T 1440 20 0 6 0
E 1440 0 16 49
E 1440 2 5 17
E 1440 3 8 25
E 1440 4 11 33
E 1440 5 13 41
E 1440 6 16 49
T 1441 9 0 7 1
E 1441 0 -2 -20
E 1441 1 -7 -63
E 1441 2 -6 -55
E 1441 3 -5 -47
E 1441 4 -4 -39
E 1441 5 -3 -31
E 1441 6 -2 -23
T 1442 41 0 4 0
E 1442 1 -12 -38
E 1442 2 -10 -30
E 1442 3 -7 -22
E 1442 4 -4 -14
T 1443 1 0 5 0
E 1443 0 15 47
E 1443 3 4 14
E 1443 4 7 22
E 1443 5 10 30
E 1443 6 12 38
T 1444 65 0 6 0
E 1444 1 -18 -54
E 1444 2 -15 -46
E 1444 3 -12 -38
E 1444 4 -10 -30
E 1444 5 -7 -22
E 1444 6 -4 -14
T 1445 36 0 7 1
E 1445 0 7 64
E 1445 1 6 56
E 1445 2 1 16
E 1445 3 2 24
E 1445 4 3 32
E 1445 5 4 40
E 1445 6 5 48
T 1446 15 0 4 0
E 1446 0 12 36
E 1446 1 9 28
E 1446 2 -5 -15
E 1446 6 5 17
T 1447 39 0 4 0
E 1447 0 6 20
E 1447 2 -11 -34
E 1447 3 -8 -26
E 1447 4 -6 -18
T 1448 22 0 3 0
E 1448 0 12 37
E 1448 1 9 29
E 1448 2 -6 -20
T 1449 37 0 5 0
E 1449 0 9 28
E 1449 1 6 20
E 1449 2 -11 -33
E 1449 3 -8 -25
E 1449 4 -5 -17
T 1450 5 0 4 0
E 1450 0 15 45
E 1450 1 12 37
E 1450 2 9 29
E 1450 6 4 13
T 1451 57 0 4 0
E 1451 3 -15 -47
E 1451 4 -13 -39
E 1451 5 -10 -31
E 1451 6 -7 -23
T 1452 3 0 4 0
E 1452 0 19 57
E 1452 1 16 49
E 1452 2 13 41
E 1452 6 6 19
T 1453 66 0 4 0
E 1453 3 -18 -55
E 1453 4 -15 -47
E 1453 5 -13 -39
E 1453 6 -10 -31
T 1454 3 0 4 0
E 1454 0 21 63
E 1454 1 18 55
E 1454 2 15 47
E 1454 6 6 18
T 1455 66 0 5 0
E 1455 2 -4 -14
E 1455 3 -7 -22
E 1455 4 -20 -62
E 1455 5 -18 -54
E 1455 6 -15 -46
T 1456 4 0 4 0
E 1456 0 21 63
E 1456 1 18 55
E 1456 2 15 47
E 1456 3 13 39
T 1457 73 0 5 0
E 1457 2 -5 -15
E 1457 3 -7 -23
E 1457 4 -23 -69
E 1457 5 -20 -61
E 1457 6 -17 -53
T 1458 14 0 5 0
E 1458 0 25 75
E 1458 1 22 67
E 1458 2 19 59
E 1458 3 17 51
E 1458 6 6 18
T 1459 91 0 6 0
E 1459 1 -5 -16
E 1459 2 -8 -24
E 1459 3 -10 -32
E 1459 4 -28 -85
E 1459 5 -25 -77
E 1459 6 -23 -69
T 1460 49 0 7 1
E 1460 0 10 97
E 1460 1 9 89
E 1460 2 9 81
E 1460 3 8 73
E 1460 4 7 65
E 1460 5 2 25
E 1460 6 3 33
T 1461 2 0 6 0
E 1461 0 18 55
E 1461 1 15 47
E 1461 2 13 39
E 1461 3 10 31
E 1461 4 7 23
E 1461 5 -6 -20
T 1462 72 0 5 0
E 1462 2 -5 -17
E 1462 3 -8 -25
E 1462 4 -11 -33
E 1462 5 -26 -79
E 1462 6 -23 -71
T 1463 18 0 5 0
E 1463 0 23 69
E 1463 1 20 61
E 1463 2 17 53
E 1463 3 15 45
E 1463 4 12 37
T 1464 90 0 6 0
E 1464 1 -6 -20
E 1464 2 -9 -28
E 1464 3 -12 -36
E 1464 4 -14 -44
E 1464 5 -32 -97
E 1464 6 -29 -89
T 1465 46 0 7 1
E 1465 0 10 98
E 1465 1 10 90
E 1465 2 9 82
E 1465 3 8 74
E 1465 4 7 66
E 1465 5 6 58
E 1465 6 2 18
T 1466 18 0 5 0
E 1466 0 13 41
E 1466 1 11 33
E 1466 2 8 25
E 1466 3 5 17
E 1466 6 -14 -42
T 1467 37 0 4 0
E 1467 0 7 23
E 1467 1 5 15
E 1467 5 -5 -17
E 1467 6 -21 -63
T 1468 18 0 5 0
E 1468 0 14 42
E 1468 1 11 34
E 1468 2 8 26
E 1468 3 6 18
E 1468 6 -15 -47
T 1469 39 0 4 0
E 1469 0 8 24
E 1469 1 5 16
E 1469 5 -5 -16
E 1469 6 -23 -69
T 1470 9 0 3 0
E 1470 0 12 36
E 1470 1 9 28
E 1470 2 6 20
T 1471 35 0 4 0
E 1471 0 4 13
E 1471 4 -6 -19
E 1471 5 -9 -27
E 1471 6 -11 -35
T 1472 14 0 4 0
E 1472 0 10 32
E 1472 1 8 24
E 1472 2 5 16
E 1472 6 -5 -16
T 1473 34 0 4 0
E 1473 0 5 15
E 1473 4 -5 -17
E 1473 5 -8 -25
E 1473 6 -11 -33
T 1474 5 0 4 0
E 1474 0 12 38
E 1474 1 10 30
E 1474 2 7 22
E 1474 3 4 14
T 1475 35 0 4 0
E 1475 0 4 13
E 1475 4 -6 -19
E 1475 5 -9 -27
E 1475 6 -11 -35
T 1476 4 0 4 0
E 1476 0 13 39
E 1476 1 10 31
E 1476 2 7 23
E 1476 3 5 15
T 1477 43 0 4 0
E 1477 3 -4 -13
E 1477 4 -7 -21
E 1477 5 -9 -29
E 1477 6 -12 -37
T 1478 4 0 5 0
E 1478 0 16 49
E 1478 1 13 41
E 1478 2 11 33
E 1478 3 8 25
E 1478 4 5 17
T 1479 53 0 5 0
E 1479 2 -6 -18
E 1479 3 -8 -26
E 1479 4 -11 -34
E 1479 5 -14 -42
E 1479 6 -16 -50
T 1480 11 0 6 0
E 1480 0 17 53
E 1480 1 15 45
E 1480 2 12 37
E 1480 3 9 29
E 1480 4 7 21
E 1480 5 4 13
T 1481 63 0 6 0
E 1481 1 -5 -17
E 1481 2 -8 -25
E 1481 3 -11 -33
E 1481 4 -13 -41
E 1481 5 -16 -49
E 1481 6 -19 -57
T 1482 35 0 7 1
E 1482 0 6 61
E 1482 1 5 53
E 1482 2 5 45
E 1482 3 4 37
E 1482 4 3 29
E 1482 5 2 21
E 1482 6 1 13
T 1483 15 0 4 0
E 1483 0 10 30
E 1483 1 7 22
E 1483 2 4 14
E 1483 6 -6 -18
T 1484 33 0 4 0
E 1484 0 6 19
E 1484 4 -4 -13
E 1484 5 -7 -21
E 1484 6 -9 -29
T 1485 14 0 4 0
E 1485 0 11 33
E 1485 1 8 25
E 1485 2 5 17
E 1485 6 -5 -15
T 1486 43 0 4 0
E 1486 3 -4 -13
E 1486 4 -7 -21
E 1486 5 -9 -29
E 1486 6 -12 -37
T 1487 4 0 5 0
E 1487 0 16 48
E 1487 1 13 40
E 1487 2 10 32
E 1487 3 8 24
E 1487 4 5 16
T 1488 53 0 5 0
E 1488 2 -6 -18
E 1488 3 -8 -26
E 1488 4 -11 -34
E 1488 5 -14 -42
E 1488 6 -16 -50
T 1489 11 0 6 0
E 1489 0 17 53
E 1489 1 15 45
E 1489 2 12 37
E 1489 3 9 29
E 1489 4 7 21
E 1489 5 4 13
T 1490 64 0 6 0
E 1490 1 -6 -18
E 1490 2 -8 -26
E 1490 3 -11 -34
E 1490 4 -14 -42
E 1490 5 -16 -50
E 1490 6 -19 -58
T 1491 37 0 7 1
E 1491 0 7 69
E 1491 1 6 61
E 1491 2 5 53
E 1491 3 5 45
E 1491 4 4 37
E 1491 5 3 29
E 1491 6 2 21
T 1492 4 0 4 0
E 1492 0 13 40
E 1492 1 10 32
E 1492 2 8 24
E 1492 3 5 16
T 1493 50 0 5 0
E 1493 2 -4 -14
E 1493 3 -7 -22
E 1493 4 -10 -30
E 1493 5 -12 -38
E 1493 6 -15 -46
T 1494 15 0 6 0
E 1494 0 19 57
E 1494 1 16 49
E 1494 2 13 41
E 1494 3 11 33
E 1494 4 8 25
E 1494 5 5 17
T 1495 11 0 7 1
E 1495 0 -2 -19
E 1495 1 -3 -27
E 1495 2 -3 -35
E 1495 3 -4 -43
E 1495 4 -5 -51
E 1495 5 -6 -59
E 1495 6 -7 -67
T 1496 34 0 4 0
E 1496 0 5 15
E 1496 4 -5 -17
E 1496 5 -8 -25
E 1496 6 -11 -33
T 1497 4 0 4 0
E 1497 0 13 39
E 1497 1 10 31
E 1497 2 7 23
E 1497 3 5 15
T 1498 44 0 4 0
E 1498 3 -5 -17
E 1498 4 -8 -25
E 1498 5 -11 -33
E 1498 6 -13 -41
T 1499 4 0 5 0
E 1499 0 16 49
E 1499 1 13 41
E 1499 2 11 33
E 1499 3 8 25
E 1499 4 5 17
T 1500 52 0 5 0
E 1500 2 -5 -16
E 1500 3 -8 -24
E 1500 4 -10 -32
E 1500 5 -13 -40
E 1500 6 -16 -48
T 1501 14 0 6 0
E 1501 0 18 56
E 1501 1 16 48
E 1501 2 13 40
E 1501 3 10 32
E 1501 4 8 24
E 1501 5 5 16
T 1502 65 0 6 0
E 1502 1 -6 -19
E 1502 2 -9 -27
E 1502 3 -11 -35
E 1502 4 -14 -43
E 1502 5 -17 -51
E 1502 6 -19 -59
T 1503 37 0 7 1
E 1503 0 7 68
E 1503 1 6 60
E 1503 2 5 52
E 1503 3 4 44
E 1503 4 4 36
E 1503 5 3 28
E 1503 6 2 20
T 1504 2 0 5 0
E 1504 0 15 45
E 1504 1 12 37
E 1504 2 9 29
E 1504 3 7 21
E 1504 4 4 13
T 1505 52 0 5 0
E 1505 2 -5 -17
E 1505 3 -8 -25
E 1505 4 -11 -33
E 1505 5 -13 -41
E 1505 6 -16 -49
T 1506 6 0 5 0
E 1506 0 17 51
E 1506 1 14 43
E 1506 2 11 35
E 1506 3 9 27
E 1506 4 6 19
T 1507 52 0 5 0
E 1507 2 -5 -17
E 1507 3 -8 -25
E 1507 4 -11 -33
E 1507 5 -13 -41
E 1507 6 -16 -49
T 1508 17 0 6 0
E 1508 0 19 59
E 1508 1 17 51
E 1508 2 14 43
E 1508 3 11 35
E 1508 4 9 27
E 1508 5 6 19
T 1509 13 0 7 1
E 1509 0 -1 -15
E 1509 1 -2 -23
E 1509 2 -3 -31
E 1509 3 -4 -39
E 1509 4 -5 -47
E 1509 5 -6 -55
E 1509 6 -7 -63
T 1510 35 0 4 0
E 1510 0 4 14
E 1510 4 -6 -18
E 1510 5 -8 -26
E 1510 6 -11 -34
T 1511 5 0 4 0
E 1511 0 12 37
E 1511 1 9 29
E 1511 2 7 21
E 1511 3 4 13
T 1512 50 0 5 0
E 1512 2 -4 -14
E 1512 3 -7 -22
E 1512 4 -10 -30
E 1512 5 -12 -38
E 1512 6 -15 -46
T 1513 4 0 5 0
E 1513 0 16 48
E 1513 1 13 40
E 1513 2 10 32
E 1513 3 8 24
E 1513 4 5 16
T 1514 54 0 5 0
E 1514 2 -6 -20
E 1514 3 -9 -28
E 1514 4 -12 -36
E 1514 5 -14 -44
E 1514 6 -17 -52
T 1515 13 0 6 0
E 1515 0 18 55
E 1515 1 15 47
E 1515 2 13 39
E 1515 3 10 31
E 1515 4 7 23
E 1515 5 5 15
T 1516 13 0 7 1
E 1516 0 -1 -15
E 1516 1 -2 -23
E 1516 2 -3 -31
E 1516 3 -4 -39
E 1516 4 -5 -47
E 1516 5 -6 -55
E 1516 6 -7 -63
T 1517 35 0 4 0
E 1517 0 4 13
E 1517 4 -6 -19
E 1517 5 -9 -27
E 1517 6 -11 -35
T 1518 9 0 3 0
E 1518 0 12 36
E 1518 1 9 28
E 1518 2 6 20
T 1519 44 0 4 0
E 1519 3 -5 -16
E 1519 4 -8 -24
E 1519 5 -10 -32
E 1519 6 -13 -40
T 1520 5 0 5 0
E 1520 0 16 50
E 1520 1 14 42
E 1520 2 11 34
E 1520 3 8 26
E 1520 4 6 18
T 1521 61 0 6 0
E 1521 1 -5 -15
E 1521 2 -7 -23
E 1521 3 -10 -31
E 1521 4 -13 -39
E 1521 5 -15 -47
E 1521 6 -18 -55
T 1522 37 0 7 1
E 1522 0 7 66
E 1522 1 6 58
E 1522 2 5 50
E 1522 3 4 42
E 1522 4 3 34
E 1522 5 2 26
E 1522 6 2 18
T 1523 5 0 4 0
E 1523 0 12 37
E 1523 1 9 29
E 1523 2 7 21
E 1523 3 4 13
T 1524 45 0 4 0
E 1524 3 -6 -20
E 1524 4 -9 -28
E 1524 5 -12 -36
E 1524 6 -14 -44
T 1525 3 0 4 0
E 1525 0 14 43
E 1525 1 11 35
E 1525 2 9 27
E 1525 3 6 19
T 1526 52 0 5 0
E 1526 2 -5 -16
E 1526 3 -8 -24
E 1526 4 -10 -32
E 1526 5 -13 -40
E 1526 6 -16 -48
T 1527 4 0 5 0
E 1527 0 16 48
E 1527 1 13 40
E 1527 2 10 32
E 1527 3 8 24
E 1527 4 5 16
T 1528 60 0 6 0
E 1528 1 -4 -14
E 1528 2 -7 -22
E 1528 3 -10 -30
E 1528 4 -12 -38
E 1528 5 -15 -46
E 1528 6 -18 -54
T 1529 37 0 7 1
E 1529 0 7 68
E 1529 1 6 60
E 1529 2 5 52
E 1529 3 4 44
E 1529 4 4 36
E 1529 5 3 28
E 1529 6 2 20
T 1530 14 0 4 0
E 1530 0 11 33
E 1530 1 8 25
E 1530 2 5 17
E 1530 6 -5 -15
T 1531 33 0 4 0
E 1531 0 6 18
E 1531 4 -4 -14
E 1531 5 -7 -22
E 1531 6 -10 -30
T 1532 14 0 4 0
E 1532 0 10 31
E 1532 1 7 23
E 1532 2 5 15
E 1532 6 -5 -17
T 1533 29 0 3 0
E 1533 0 6 20
E 1533 5 -6 -20
E 1533 6 -9 -28
T 1534 23 0 4 0
E 1534 0 8 26
E 1534 1 6 18
E 1534 5 -4 -14
E 1534 6 -7 -22
T 1535 33 0 4 0
E 1535 0 6 19
E 1535 4 -4 -13
E 1535 5 -7 -21
E 1535 6 -9 -29
T 1536 4 0 4 0
E 1536 0 13 39
E 1536 1 10 31
E 1536 2 7 23
E 1536 3 5 15
T 1537 41 0 4 0
E 1537 3 -5 -16
E 1537 4 -8 -24
E 1537 5 -10 -32
E 1537 6 -13 -40
T 1538 1 0 4 0
E 1538 0 11 34
E 1538 1 10 31
E 1538 2 7 23
E 1538 3 5 15
T 1539 31 0 3 0
E 1539 4 -6 -20
E 1539 5 -9 -28
E 1539 6 -12 -36
T 1540 9 0 5 0
E 1540 0 11 34
E 1540 1 12 37
E 1540 2 9 29
E 1540 3 7 21
E 1540 4 4 13
T 1541 37 0 5 0
E 1541 2 -4 -14
E 1541 3 -7 -22
E 1541 4 -10 -30
E 1541 5 -12 -38
E 1541 6 -15 -46
T 1542 23 0 6 0
E 1542 0 13 39
E 1542 1 14 44
E 1542 2 13 39
E 1542 3 10 31
E 1542 4 7 23
E 1542 5 5 15
T 1543 1 0 7 1
E 1543 0 -2 -22
E 1543 1 -1 -17
E 1543 2 -2 -20
E 1543 3 -3 -28
E 1543 4 -4 -36
E 1543 5 -4 -44
E 1543 6 -5 -52
T 1544 18 0 3 0
E 1544 4 -6 -19
E 1544 5 -9 -27
E 1544 6 -11 -35
T 1545 1 0 2 0
E 1545 1 5 17
E 1545 2 6 20
T 1546 6 1 2 0
E 1546 2 5 16
E 1546 6 -5 -16
T 1547 6 0 3 0
E 1547 1 5 15
E 1547 2 6 20
E 1547 3 5 15
T 1548 5 0 2 0
E 1548 5 -5 -17
E 1548 6 -8 -25
T 1549 5 0 2 0
E 1549 2 5 15
E 1549 3 5 15
T 1550 1 0 0 0
T 1551 2 0 1 0
E 1551 6 -5 -16
T 1552 4 0 0 0
T 1553 8 0 2 0
E 1553 3 5 16
E 1553 4 4 13
T 1554 5 0 2 0
E 1554 0 -4 -13
E 1554 6 -4 -14
T 1555 10 0 2 0
E 1555 3 4 14
E 1555 4 5 17
T 1556 9 0 0 0
T 1557 10 0 1 0
E 1557 4 5 15
T 1558 10 0 1 0
E 1558 4 5 15
T 1559 11 0 1 0
E 1559 0 -5 -16
T 1560 10 0 1 0
E 1560 0 -4 -14
T 1561 11 0 1 0
E 1561 0 -5 -16
T 1562 20 0 3 0
E 1562 4 4 14
E 1562 5 6 19
E 1562 6 4 14
T 1563 6 0 3 0
E 1563 0 -9 -27
E 1563 1 -7 -22
E 1563 2 -5 -17
T 1564 20 0 2 0
E 1564 5 5 15
E 1564 6 5 15
T 1565 8 0 2 0
E 1565 0 -6 -18
E 1565 1 -4 -13
T 1566 15 0 2 0
E 1566 0 -4 -14
E 1566 6 5 16
T 1567 9 0 2 0
E 1567 0 -7 -21
E 1567 1 -5 -16
T 1568 21 0 2 0
E 1568 5 5 15
E 1568 6 6 20
T 1569 15 0 2 0
E 1569 0 -5 -16
E 1569 6 4 14
T 1570 21 0 2 0
E 1570 5 4 14
E 1570 6 6 19
T 1571 2 0 4 0
E 1571 0 -9 -28
E 1571 1 -7 -23
E 1571 2 -6 -18
E 1571 3 -4 -13
T 1572 28 0 4 0
E 1572 3 4 13
E 1572 4 6 18
E 1572 5 7 23
E 1572 6 9 28
T 1573 6 0 3 0
E 1573 0 -8 -25
E 1573 1 -6 -20
E 1573 2 -5 -15
T 1574 24 0 3 0
E 1574 4 5 16
E 1574 5 7 21
E 1574 6 8 26
T 1575 10 0 2 0
E 1575 0 -7 -22
E 1575 1 -5 -17
T 1576 15 1 2 0
E 1576 0 -5 -15
E 1576 6 5 15
T 1577 22 0 2 0
E 1577 5 4 13
E 1577 6 6 18
T 1578 6 0 3 0
E 1578 0 -8 -25
E 1578 1 -6 -20
E 1578 2 -5 -15
T 1579 21 0 2 0
E 1579 5 5 15
E 1579 6 6 20
T 1580 2 0 4 0
E 1580 0 -9 -28
E 1580 1 -7 -23
E 1580 2 -6 -18
E 1580 3 -4 -13
T 1581 24 0 3 0
E 1581 4 5 17
E 1581 5 7 22
E 1581 6 9 27
T 1582 10 0 2 0
E 1582 0 -7 -22
E 1582 1 -5 -17
T 1583 21 0 2 0
E 1583 5 4 14
E 1583 6 6 19
T 1584 15 0 2 0
E 1584 0 -5 -16
E 1584 6 4 14
T 1585 15 0 2 0
E 1585 0 -4 -14
E 1585 6 5 16
T 1586 16 1 2 0
E 1586 0 -5 -16
E 1586 6 5 15
T 1587 15 1 2 0
E 1587 0 -5 -15
E 1587 6 5 16
T 1588 16 0 2 0
E 1588 0 -6 -18
E 1588 6 4 14
T 1589 17 1 2 0
E 1589 0 -5 -17
E 1589 6 5 16
T 1590 11 0 2 0
E 1590 0 -8 -24
E 1590 1 -5 -16
T 1591 17 1 2 0
E 1591 0 -5 -17
E 1591 6 5 17
T 1592 18 0 2 0
E 1592 0 -6 -19
E 1592 6 5 15
T 1593 18 0 2 0
E 1593 0 -6 -19
E 1593 6 5 16
T 1594 22 0 3 0
E 1594 0 -5 -16
E 1594 5 5 15
E 1594 6 6 20
T 1595 12 0 2 0
E 1595 0 -9 -27
E 1595 1 -6 -19
T 1596 23 0 3 0
E 1596 0 -6 -19
E 1596 5 4 13
E 1596 6 6 18
T 1597 15 0 3 0
E 1597 0 -7 -23
E 1597 1 -5 -15
E 1597 6 4 14
T 1598 28 0 4 0
E 1598 0 -4 -13
E 1598 4 5 15
E 1598 5 6 20
E 1598 6 8 25
T 1599 9 0 3 0
E 1599 0 -10 -31
E 1599 1 -7 -23
E 1599 2 -5 -15
T 1600 29 0 4 0
E 1600 0 -4 -13
E 1600 4 5 16
E 1600 5 7 21
E 1600 6 8 26
T 1601 9 0 3 0
E 1601 0 -11 -35
E 1601 1 -9 -27
E 1601 2 -6 -19
T 1602 40 0 4 0
E 1602 3 6 20
E 1602 4 8 26
E 1602 5 10 31
E 1602 6 12 36
T 1603 4 0 4 0
E 1603 0 -13 -40
E 1603 1 -10 -32
E 1603 2 -8 -24
E 1603 3 -5 -16
T 1604 41 0 4 0
E 1604 3 5 16
E 1604 4 8 24
E 1604 5 9 29
E 1604 6 11 34
T 1605 3 0 4 0
E 1605 0 -14 -44
E 1605 1 -12 -36
E 1605 2 -9 -28
E 1605 3 -6 -20
T 1606 43 0 4 0
E 1606 3 6 19
E 1606 4 9 27
E 1606 5 11 33
E 1606 6 12 38
T 1607 3 0 5 0
E 1607 0 -15 -47
E 1607 1 -13 -39
E 1607 2 -10 -31
E 1607 3 -7 -23
E 1607 4 -5 -15
T 1608 44 0 4 0
E 1608 3 6 19
E 1608 4 9 27
E 1608 5 11 34
E 1608 6 13 39
T 1609 3 0 5 0
E 1609 0 -15 -47
E 1609 1 -13 -39
E 1609 2 -10 -31
E 1609 3 -7 -23
E 1609 4 -5 -15
T 1610 50 0 5 0
E 1610 2 5 15
E 1610 3 7 23
E 1610 4 10 31
E 1610 5 13 39
E 1610 6 14 44
T 1611 2 0 5 0
E 1611 0 -15 -46
E 1611 1 -12 -38
E 1611 2 -10 -30
E 1611 3 -7 -22
E 1611 4 -4 -14
T 1612 53 0 5 0
E 1612 2 6 19
E 1612 3 9 27
E 1612 4 11 35
E 1612 5 14 43
E 1612 6 16 49
T 1613 16 0 6 0
E 1613 0 -19 -58
E 1613 1 -16 -50
E 1613 2 -14 -42
E 1613 3 -11 -34
E 1613 4 -8 -26
E 1613 5 -6 -18
T 1614 11 0 7 1
E 1614 0 2 18
E 1614 1 2 26
E 1614 2 3 34
E 1614 3 4 42
E 1614 4 5 50
E 1614 5 6 58
E 1614 6 7 66
T 1615 43 0 4 0
E 1615 3 4 13
E 1615 4 7 21
E 1615 5 9 29
E 1615 6 12 37
T 1616 4 0 4 0
E 1616 0 -13 -39
E 1616 1 -10 -31
E 1616 2 -7 -23
E 1616 3 -5 -15
T 1617 52 0 5 0
E 1617 2 5 17
E 1617 3 8 25
E 1617 4 11 33
E 1617 5 13 41
E 1617 6 16 49
T 1618 17 0 6 0
E 1618 0 -19 -59
E 1618 1 -17 -51
E 1618 2 -14 -43
E 1618 3 -11 -35
E 1618 4 -9 -27
E 1618 5 -6 -19
T 1619 12 0 7 1
E 1619 0 1 16
E 1619 1 2 24
E 1619 2 3 32
E 1619 3 4 40
E 1619 4 5 48
E 1619 5 6 56
E 1619 6 7 64
T 1620 34 0 4 0
E 1620 0 -5 -17
E 1620 4 5 15
E 1620 5 7 23
E 1620 6 10 31
T 1621 3 0 4 0
E 1621 0 -14 -42
E 1621 1 -11 -34
E 1621 2 -8 -26
E 1621 3 -6 -18
T 1622 53 0 5 0
E 1622 2 6 18
E 1622 3 8 26
E 1622 4 11 34
E 1622 5 14 42
E 1622 6 16 50
T 1623 16 0 6 0
E 1623 0 -19 -58
E 1623 1 -16 -50
E 1623 2 -14 -42
E 1623 3 -11 -34
E 1623 4 -8 -26
E 1623 5 -6 -18
T 1624 11 0 7 1
E 1624 0 2 19
E 1624 1 3 27
E 1624 2 3 35
E 1624 3 4 43
E 1624 4 5 51
E 1624 5 6 59
E 1624 6 7 67
T 1625 39 0 3 0
E 1625 4 6 20
E 1625 5 9 28
E 1625 6 12 36
T 1626 9 0 3 0
E 1626 0 -12 -36
E 1626 1 -9 -28
E 1626 2 -6 -20
T 1627 35 0 4 0
E 1627 0 -4 -13
E 1627 4 6 19
E 1627 5 9 27
E 1627 6 11 35
T 1628 3 0 4 0
E 1628 0 -14 -43
E 1628 1 -11 -35
E 1628 2 -9 -27
E 1628 3 -6 -19
T 1629 45 0 4 0
E 1629 3 6 18
E 1629 4 8 26
E 1629 5 11 34
E 1629 6 14 42
T 1630 4 0 4 0
E 1630 0 -13 -40
E 1630 1 -10 -32
E 1630 2 -8 -24
E 1630 3 -5 -16
T 1631 50 0 5 0
E 1631 2 4 14
E 1631 3 7 22
E 1631 4 10 30
E 1631 5 12 38
E 1631 6 15 46
T 1632 3 0 5 0
E 1632 0 -15 -47
E 1632 1 -13 -39
E 1632 2 -10 -31
E 1632 3 -7 -23
E 1632 4 -5 -15
T 1633 61 0 6 0
E 1633 1 5 15
E 1633 2 7 23
E 1633 3 10 31
E 1633 4 13 39
E 1633 5 15 47
E 1633 6 18 55
T 1634 35 0 7 1
E 1634 0 -6 -61
E 1634 1 -5 -53
E 1634 2 -5 -45
E 1634 3 -4 -37
E 1634 4 -3 -29
E 1634 5 -2 -21
E 1634 6 -1 -13
T 1635 4 0 4 0
E 1635 0 -13 -41
E 1635 1 -11 -33
E 1635 2 -8 -25
E 1635 3 -5 -17
T 1636 44 0 4 0
E 1636 3 5 15
E 1636 4 7 23
E 1636 5 10 31
E 1636 6 13 39
T 1637 4 0 5 0
E 1637 0 -16 -49
E 1637 1 -13 -41
E 1637 2 -11 -33
E 1637 3 -8 -25
E 1637 4 -5 -17
T 1638 50 0 5 0
E 1638 2 4 14
E 1638 3 7 22
E 1638 4 10 30
E 1638 5 12 38
E 1638 6 15 46
T 1639 16 0 6 0
E 1639 0 -19 -58
E 1639 1 -16 -50
E 1639 2 -14 -42
E 1639 3 -11 -34
E 1639 4 -8 -26
E 1639 5 -6 -18
T 1640 11 0 7 1
E 1640 0 2 21
E 1640 1 3 29
E 1640 2 4 37
E 1640 3 5 45
E 1640 4 5 53
E 1640 5 6 61
E 1640 6 7 69
T 1641 34 0 4 0
E 1641 0 -5 -17
E 1641 4 5 15
E 1641 5 7 23
E 1641 6 10 31
T 1642 14 0 4 0
E 1642 0 -10 -31
E 1642 1 -7 -23
E 1642 2 -5 -15
E 1642 6 5 17
T 1643 34 0 4 0
E 1643 0 -5 -17
E 1643 4 5 15
E 1643 5 7 23
E 1643 6 10 31
T 1644 3 0 4 0
E 1644 0 -14 -42
E 1644 1 -11 -34
E 1644 2 -8 -26
E 1644 3 -6 -18
T 1645 50 0 5 0
E 1645 2 4 13
E 1645 3 7 21
E 1645 4 9 29
E 1645 5 12 37
E 1645 6 15 45
T 1646 4 0 5 0
E 1646 0 -16 -49
E 1646 1 -13 -41
E 1646 2 -11 -33
E 1646 3 -8 -25
E 1646 4 -5 -17
T 1647 62 0 6 0
E 1647 1 5 16
E 1647 2 8 24
E 1647 3 10 32
E 1647 4 13 40
E 1647 5 16 48
E 1647 6 18 56
T 1648 37 0 7 1
E 1648 0 -7 -67
E 1648 1 -6 -59
E 1648 2 -5 -51
E 1648 3 -4 -43
E 1648 4 -3 -35
E 1648 5 -3 -27
E 1648 6 -2 -19
T 1649 4 0 4 0
E 1649 0 -13 -39
E 1649 1 -10 -31
E 1649 2 -7 -23
E 1649 3 -5 -15
T 1650 45 0 4 0
E 1650 3 6 19
E 1650 4 9 27
E 1650 5 11 35
E 1650 6 14 43
T 1651 3 0 4 0
E 1651 0 -14 -42
E 1651 1 -11 -34
E 1651 2 -8 -26
E 1651 3 -6 -18
T 1652 50 0 5 0
E 1652 2 4 14
E 1652 3 7 22
E 1652 4 10 30
E 1652 5 12 38
E 1652 6 15 46
T 1653 16 0 6 0
E 1653 0 -19 -58
E 1653 1 -16 -50
E 1653 2 -14 -42
E 1653 3 -11 -34
E 1653 4 -8 -26
E 1653 5 -6 -18
T 1654 11 0 7 1
E 1654 0 2 18
E 1654 1 2 26
E 1654 2 3 34
E 1654 3 4 42
E 1654 4 5 50
E 1654 5 6 58
E 1654 6 7 66
T 1655 44 0 4 0
E 1655 3 5 17
E 1655 4 8 25
E 1655 5 11 33
E 1655 6 13 41
T 1656 4 0 5 0
E 1656 0 -16 -48
E 1656 1 -13 -40
E 1656 2 -10 -32
E 1656 3 -8 -24
E 1656 4 -5 -16
T 1657 61 0 6 0
E 1657 1 5 15
E 1657 2 7 23
E 1657 3 10 31
E 1657 4 13 39
E 1657 5 15 47
E 1657 6 18 55
T 1658 35 0 7 1
E 1658 0 -7 -63
E 1658 1 -6 -55
E 1658 2 -5 -47
E 1658 3 -4 -39
E 1658 4 -3 -31
E 1658 5 -2 -23
E 1658 6 -1 -15
T 1659 5 0 4 0
E 1659 0 -12 -38
E 1659 1 -10 -30
E 1659 2 -7 -22
E 1659 3 -4 -14
T 1660 44 0 4 0
E 1660 3 5 15
E 1660 4 7 23
E 1660 5 10 31
E 1660 6 13 39
T 1661 4 0 5 0
E 1661 0 -16 -49
E 1661 1 -13 -41
E 1661 2 -11 -33
E 1661 3 -8 -25
E 1661 4 -5 -17
T 1662 54 0 5 0
E 1662 2 6 20
E 1662 3 9 28
E 1662 4 12 36
E 1662 5 14 44
E 1662 6 17 52
T 1663 11 0 6 0
E 1663 0 -17 -53
E 1663 1 -15 -45
E 1663 2 -12 -37
E 1663 3 -9 -29
E 1663 4 -7 -21
E 1663 5 -4 -13
T 1664 59 0 6 0
E 1664 1 4 13
E 1664 2 7 21
E 1664 3 9 29
E 1664 4 12 37
E 1664 5 15 45
E 1664 6 17 53
T 1665 14 0 6 0
E 1665 0 -18 -56
E 1665 1 -16 -48
E 1665 2 -13 -40
E 1665 3 -10 -32
E 1665 4 -8 -24
E 1665 5 -5 -16
T 1666 61 0 6 0
E 1666 1 5 15
E 1666 2 7 23
E 1666 3 10 31
E 1666 4 13 39
E 1666 5 15 47
E 1666 6 18 55
T 1667 37 0 7 1
E 1667 0 -7 -65
E 1667 1 -6 -57
E 1667 2 -5 -49
E 1667 3 -4 -41
E 1667 4 -3 -33
E 1667 5 -2 -25
E 1667 6 -1 -17
T 1668 13 0 4 0
E 1668 0 -11 -34
E 1668 1 -8 -26
E 1668 2 -6 -18
E 1668 6 4 14
T 1669 43 0 4 0
E 1669 3 4 14
E 1669 4 7 22
E 1669 5 10 30
E 1669 6 12 38
T 1670 4 0 4 0
E 1670 0 -13 -40
E 1670 1 -10 -32
E 1670 2 -8 -24
E 1670 3 -5 -16
T 1671 52 0 5 0
E 1671 2 5 16
E 1671 3 8 24
E 1671 4 10 32
E 1671 5 13 40
E 1671 6 16 48
T 1672 5 0 5 0
E 1672 0 -16 -50
E 1672 1 -14 -42
E 1672 2 -11 -34
E 1672 3 -8 -26
E 1672 4 -6 -18
T 1673 60 0 6 0
E 1673 1 4 14
E 1673 2 7 22
E 1673 3 10 30
E 1673 4 12 38
E 1673 5 15 46
E 1673 6 18 54
T 1674 37 0 7 1
E 1674 0 -7 -65
E 1674 1 -6 -57
E 1674 2 -5 -49
E 1674 3 -4 -41
E 1674 4 -3 -33
E 1674 5 -2 -25
E 1674 6 -1 -17
T 1675 5 0 4 0
E 1675 0 -12 -38
E 1675 1 -10 -30
E 1675 2 -7 -22
E 1675 3 -4 -14
T 1676 43 0 4 0
E 1676 3 4 13
E 1676 4 7 21
E 1676 5 9 29
E 1676 6 12 37
T 1677 3 0 4 0
E 1677 0 -14 -43
E 1677 1 -11 -35
E 1677 2 -9 -27
E 1677 3 -6 -19
T 1678 45 0 4 0
E 1678 3 6 19
E 1678 4 9 27
E 1678 5 11 35
E 1678 6 14 43
T 1679 6 0 5 0
E 1679 0 -17 -51
E 1679 1 -14 -43
E 1679 2 -11 -35
E 1679 3 -9 -27
E 1679 4 -6 -19
T 1680 27 0 7 1
E 1680 0 6 54
E 1680 1 1 14
E 1680 2 2 22
E 1680 3 3 30
E 1680 4 4 38
E 1680 5 5 46
E 1680 6 6 54
T 1681 10 0 4 0
E 1681 0 9 27
E 1681 1 -5 -16
E 1681 5 5 16
E 1681 6 8 24
T 1682 32 0 4 0
E 1682 0 5 15
E 1682 1 -10 -31
E 1682 2 -7 -23
E 1682 3 -5 -15
T 1683 6 0 4 0
E 1683 0 12 38
E 1683 4 4 13
E 1683 5 7 21
E 1683 6 9 29
T 1684 50 0 4 0
E 1684 1 -14 -42
E 1684 2 -11 -34
E 1684 3 -8 -26
E 1684 4 -6 -18
T 1685 2 0 5 0
E 1685 0 15 46
E 1685 1 12 38
E 1685 4 4 14
E 1685 5 7 22
E 1685 6 10 30
T 1686 59 0 5 0
E 1686 2 -18 -54
E 1686 3 -15 -46
E 1686 4 -12 -38
E 1686 5 -10 -30
E 1686 6 -7 -22
T 1687 9 0 6 0
E 1687 0 19 59
E 1687 1 17 51
E 1687 3 4 13
E 1687 4 7 21
E 1687 5 9 29
E 1687 6 12 37
T 1688 18 0 7 1
E 1688 0 -1 -14
E 1688 1 -2 -22
E 1688 2 -7 -71
E 1688 3 -7 -63
E 1688 4 -6 -55
E 1688 5 -5 -47
E 1688 6 -4 -39
T 1689 58 0 6 0
E 1689 0 5 16
E 1689 2 -15 -45
E 1689 3 -12 -37
E 1689 4 -9 -29
E 1689 5 -7 -21
E 1689 6 -4 -13
T 1690 2 0 5 0
E 1690 0 18 54
E 1690 1 15 46
E 1690 2 12 38
E 1690 5 4 14
E 1690 6 7 22
T 1691 74 0 6 0
E 1691 1 -4 -13
E 1691 2 -7 -21
E 1691 3 -21 -64
E 1691 4 -18 -56
E 1691 5 -16 -48
E 1691 6 -13 -40
T 1692 17 0 6 0
E 1692 0 24 73
E 1692 1 21 65
E 1692 2 19 57
E 1692 4 6 19
E 1692 5 9 27
E 1692 6 11 35
T 1693 20 0 7 1
E 1693 0 -1 -14
E 1693 1 -2 -22
E 1693 2 -3 -30
E 1693 3 -8 -79
E 1693 4 -7 -71
E 1693 5 -7 -63
E 1693 6 -6 -55
T 1694 54 0 6 0
E 1694 0 8 24
E 1694 1 5 16
E 1694 3 -15 -45
E 1694 4 -12 -37
E 1694 5 -9 -29
E 1694 6 -7 -21
T 1695 1 0 4 0
E 1695 0 18 54
E 1695 1 15 46
E 1695 2 12 38
E 1695 3 10 30
T 1696 64 0 4 0
E 1696 3 -6 -19
E 1696 4 -20 -62
E 1696 5 -18 -54
E 1696 6 -15 -46
T 1697 11 0 5 0
E 1697 0 23 69
E 1697 1 20 61
E 1697 2 17 53
E 1697 3 15 45
E 1697 6 5 15
T 1698 89 0 6 0
E 1698 1 -6 -18
E 1698 2 -8 -26
E 1698 3 -11 -34
E 1698 4 -27 -83
E 1698 5 -25 -75
E 1698 6 -22 -67
T 1699 24 0 6 0
E 1699 0 28 85
E 1699 1 25 77
E 1699 2 23 69
E 1699 3 20 61
E 1699 5 5 16
E 1699 6 8 24
T 1700 15 0 7 1
E 1700 0 -2 -24
E 1700 1 -3 -32
E 1700 2 -4 -40
E 1700 3 -5 -48
E 1700 4 -6 -56
E 1700 5 -10 -96
E 1700 6 -9 -88
T 1701 52 0 4 0
E 1701 0 5 16
E 1701 4 -5 -16
E 1701 5 -19 -59
E 1701 6 -17 -51
T 1702 38 0 7 1
E 1702 0 6 55
E 1702 1 5 47
E 1702 2 4 39
E 1702 3 3 31
E 1702 4 2 23
E 1702 5 -2 -23
E 1702 6 -1 -15
T 1703 30 0 6 0
E 1703 0 12 38
E 1703 1 10 30
E 1703 2 7 22
E 1703 3 4 14
E 1703 5 -14 -43
E 1703 6 -11 -35
T 1704 42 0 5 0
E 1704 0 10 31
E 1704 1 7 23
E 1704 2 5 15
E 1704 5 -18 -54
E 1704 6 -15 -46
T 1705 17 0 5 0
E 1705 0 13 41
E 1705 1 11 33
E 1705 2 8 25
E 1705 3 5 17
E 1705 6 -13 -39
T 1706 41 0 3 0
E 1706 0 6 20
E 1706 5 -6 -20
E 1706 6 -21 -63
T 1707 17 0 5 0
E 1707 0 14 42
E 1707 1 11 34
E 1707 2 8 26
E 1707 3 6 18
E 1707 6 -14 -44
T 1708 47 0 4 0
E 1708 0 6 19
E 1708 4 -4 -13
E 1708 5 -7 -21
E 1708 6 -23 -70
T 1709 37 0 7 1
E 1709 0 5 53
E 1709 1 5 45
E 1709 2 4 37
E 1709 3 3 29
E 1709 4 2 21
E 1709 5 1 13
E 1709 6 -4 -40
T 1710 4 0 4 0
E 1710 0 13 41
E 1710 1 11 33
E 1710 2 8 25
E 1710 3 5 17
T 1711 43 0 4 0
E 1711 3 -4 -13
E 1711 4 -7 -21
E 1711 5 -9 -29
E 1711 6 -12 -37
T 1712 4 0 5 0
E 1712 0 16 48
E 1712 1 13 40
E 1712 2 10 32
E 1712 3 8 24
E 1712 4 5 16
T 1713 63 0 6 0
E 1713 1 -5 -17
E 1713 2 -8 -25
E 1713 3 -11 -33
E 1713 4 -13 -41
E 1713 5 -16 -49
E 1713 6 -19 -57
T 1714 17 0 6 0
E 1714 0 19 59
E 1714 1 17 51
E 1714 2 14 43
E 1714 3 11 35
E 1714 4 9 27
E 1714 5 6 19
T 1715 13 0 7 1
E 1715 0 -1 -14
E 1715 1 -2 -22
E 1715 2 -3 -30
E 1715 3 -4 -38
E 1715 4 -5 -46
E 1715 5 -6 -54
E 1715 6 -6 -62
T 1716 43 0 4 0
E 1716 3 -4 -13
E 1716 4 -7 -21
E 1716 5 -9 -29
E 1716 6 -12 -37
T 1717 4 0 4 0
E 1717 0 13 41
E 1717 1 11 33
E 1717 2 8 25
E 1717 3 5 17
T 1718 45 0 4 0
E 1718 3 -6 -18
E 1718 4 -8 -26
E 1718 5 -11 -34
E 1718 6 -14 -42
T 1719 3 0 4 0
E 1719 0 14 42
E 1719 1 11 34
E 1719 2 8 26
E 1719 3 6 18
T 1720 43 0 4 0
E 1720 3 -4 -14
E 1720 4 -7 -22
E 1720 5 -10 -30
E 1720 6 -12 -38
T 1721 2 0 5 0
E 1721 0 15 45
E 1721 1 12 37
E 1721 2 9 29
E 1721 3 7 21
E 1721 4 4 13
T 1722 54 0 5 0
E 1722 2 -6 -20
E 1722 3 -9 -28
E 1722 4 -12 -36
E 1722 5 -14 -44
E 1722 6 -17 -52
T 1723 11 0 6 0
E 1723 0 17 53
E 1723 1 15 45
E 1723 2 12 37
E 1723 3 9 29
E 1723 4 7 21
E 1723 5 4 13
T 1724 66 0 6 0
E 1724 1 -6 -20
E 1724 2 -9 -28
E 1724 3 -12 -36
E 1724 4 -14 -44
E 1724 5 -17 -52
E 1724 6 -20 -60
T 1725 37 0 7 1
E 1725 0 7 65
E 1725 1 6 57
E 1725 2 5 49
E 1725 3 4 41
E 1725 4 3 33
E 1725 5 2 25
E 1725 6 1 17
T 1726 4 0 4 0
E 1726 0 13 39
E 1726 1 10 31
E 1726 2 7 23
E 1726 3 5 15
T 1727 43 0 4 0
E 1727 3 -4 -13
E 1727 4 -7 -21
E 1727 5 -9 -29
E 1727 6 -12 -37
T 1728 4 0 5 0
E 1728 0 16 48
E 1728 1 13 40
E 1728 2 10 32
E 1728 3 8 24
E 1728 4 5 16
T 1729 45 0 4 0
E 1729 3 -6 -20
E 1729 4 -9 -28
E 1729 5 -12 -36
E 1729 6 -14 -44
T 1730 2 0 5 0
E 1730 0 15 45
E 1730 1 12 37
E 1730 2 9 29
E 1730 3 7 21
E 1730 4 4 13
T 1731 59 0 6 0
E 1731 1 -4 -13
E 1731 2 -7 -21
E 1731 3 -9 -29
E 1731 4 -12 -37
E 1731 5 -15 -45
E 1731 6 -17 -53
T 1732 13 0 6 0
E 1732 0 18 55
E 1732 1 15 47
E 1732 2 13 39
E 1732 3 10 31
E 1732 4 7 23
E 1732 5 5 15
T 1733 65 0 6 0
E 1733 1 -6 -19
E 1733 2 -9 -27
E 1733 3 -11 -35
E 1733 4 -14 -43
E 1733 5 -17 -51
E 1733 6 -19 -59
T 1734 37 0 7 1
E 1734 0 7 70
E 1734 1 6 62
E 1734 2 6 54
E 1734 3 5 46
E 1734 4 4 38
E 1734 5 3 30
E 1734 6 2 22
T 1735 13 0 4 0
E 1735 0 11 34
E 1735 1 8 26
E 1735 2 6 18
E 1735 6 -4 -14
T 1736 44 0 4 0
E 1736 3 -5 -15
E 1736 4 -7 -23
E 1736 5 -10 -31
E 1736 6 -13 -39
T 1737 2 0 5 0
E 1737 0 15 46
E 1737 1 12 38
E 1737 2 10 30
E 1737 3 7 22
E 1737 4 4 14
T 1738 54 0 5 0
E 1738 2 -6 -19
E 1738 3 -9 -27
E 1738 4 -11 -35
E 1738 5 -14 -43
E 1738 6 -17 -51
T 1739 18 0 6 0
E 1739 0 20 60
E 1739 1 17 52
E 1739 2 14 44
E 1739 3 12 36
E 1739 4 9 28
E 1739 5 6 20
T 1740 13 0 7 1
E 1740 0 -1 -14
E 1740 1 -2 -22
E 1740 2 -3 -30
E 1740 3 -4 -38
E 1740 4 -5 -46
E 1740 5 -6 -54
E 1740 6 -6 -62
T 1741 35 0 4 0
E 1741 0 4 14
E 1741 4 -6 -18
E 1741 5 -8 -26
E 1741 6 -11 -34
T 1742 13 0 4 0
E 1742 0 11 34
E 1742 1 8 26
E 1742 2 6 18
E 1742 6 -4 -14
T 1743 43 0 4 0
E 1743 3 -4 -13
E 1743 4 -7 -21
E 1743 5 -9 -29
E 1743 6 -12 -37
T 1744 2 0 5 0
E 1744 0 15 46
E 1744 1 12 38
E 1744 2 10 30
E 1744 3 7 22
E 1744 4 4 14
T 1745 54 0 5 0
E 1745 2 -6 -20
E 1745 3 -9 -28
E 1745 4 -12 -36
E 1745 5 -14 -44
E 1745 6 -17 -52
T 1746 15 0 6 0
E 1746 0 19 57
E 1746 1 16 49
E 1746 2 13 41
E 1746 3 11 33
E 1746 4 8 25
E 1746 5 5 17
T 1747 64 0 6 0
E 1747 1 -6 -18
E 1747 2 -8 -26
E 1747 3 -11 -34
E 1747 4 -14 -42
E 1747 5 -16 -50
E 1747 6 -19 -58
T 1748 35 0 7 1
E 1748 0 7 63
E 1748 1 6 55
E 1748 2 5 47
E 1748 3 4 39
E 1748 4 3 31
E 1748 5 2 23
E 1748 6 1 15
T 1749 4 0 4 0
E 1749 0 13 41
E 1749 1 11 33
E 1749 2 8 25
E 1749 3 5 17
T 1750 44 0 4 0
E 1750 3 -5 -16
E 1750 4 -8 -24
E 1750 5 -10 -32
E 1750 6 -13 -40
T 1751 4 0 4 0
E 1751 0 13 40
E 1751 1 10 32
E 1751 2 8 24
E 1751 3 5 16
T 1752 51 0 5 0
E 1752 2 -5 -15
E 1752 3 -7 -23
E 1752 4 -10 -31
E 1752 5 -13 -39
E 1752 6 -15 -47
T 1753 2 0 5 0
E 1753 0 15 46
E 1753 1 12 38
E 1753 2 10 30
E 1753 3 7 22
E 1753 4 4 14
T 1754 59 0 6 0
E 1754 1 -4 -13
E 1754 2 -7 -21
E 1754 3 -9 -29
E 1754 4 -12 -37
E 1754 5 -15 -45
E 1754 6 -17 -53
T 1755 15 0 6 0
E 1755 0 19 57
E 1755 1 16 49
E 1755 2 13 41
E 1755 3 11 33
E 1755 4 8 25
E 1755 5 5 17
T 1756 65 0 6 0
E 1756 1 -6 -19
E 1756 2 -9 -27
E 1756 3 -11 -35
E 1756 4 -14 -43
E 1756 5 -17 -51
E 1756 6 -19 -59
T 1757 37 0 7 1
E 1757 0 7 65
E 1757 1 6 57
E 1757 2 5 49
E 1757 3 4 41
E 1757 4 3 33
E 1757 5 2 25
E 1757 6 1 17
T 1758 14 0 4 0
E 1758 0 11 33
E 1758 1 8 25
E 1758 2 5 17
E 1758 6 -5 -15
T 1759 43 0 4 0
E 1759 3 -4 -13
E 1759 4 -7 -21
E 1759 5 -9 -29
E 1759 6 -12 -37
T 1760 5 0 5 0
E 1760 0 16 50
E 1760 1 14 42
E 1760 2 11 34
E 1760 3 8 26
E 1760 4 6 18
T 1761 60 0 6 0
E 1761 1 -4 -14
E 1761 2 -7 -22
E 1761 3 -10 -30
E 1761 4 -12 -38
E 1761 5 -15 -46
E 1761 6 -18 -54
T 1762 16 0 6 0
E 1762 0 19 58
E 1762 1 16 50
E 1762 2 14 42
E 1762 3 11 34
E 1762 4 8 26
E 1762 5 6 18
T 1763 11 0 7 1
E 1763 0 -2 -20
E 1763 1 -3 -28
E 1763 2 -4 -36
E 1763 3 -4 -44
E 1763 4 -5 -52
E 1763 5 -6 -60
E 1763 6 -7 -68
T 1764 34 0 4 0
E 1764 0 5 16
E 1764 4 -5 -16
E 1764 5 -8 -24
E 1764 6 -10 -32
T 1765 15 0 4 0
E 1765 0 10 30
E 1765 1 7 22
E 1765 2 4 14
E 1765 6 -6 -18
T 1766 25 0 4 0
E 1766 0 7 21
E 1766 1 4 13
E 1766 5 -6 -19
E 1766 6 -9 -27
T 1767 25 0 4 0
E 1767 0 7 21
E 1767 1 4 13
E 1767 5 -6 -19
E 1767 6 -9 -27
T 1768 25 0 4 0
E 1768 0 7 22
E 1768 1 4 14
E 1768 5 -6 -18
E 1768 6 -8 -26
T 1769 15 0 4 0
E 1769 0 9 29
E 1769 1 7 21
E 1769 2 4 13
E 1769 6 -6 -19
T 1770 25 0 4 0
E 1770 0 7 22
E 1770 1 4 14
E 1770 5 -6 -18
E 1770 6 -8 -26
T 1771 24 1 4 0
E 1771 0 8 24
E 1771 1 5 16
E 1771 5 -5 -16
E 1771 6 -8 -24
T 1772 29 0 3 0
E 1772 0 6 20
E 1772 5 -6 -20
E 1772 6 -9 -28
T 1773 24 1 4 0
E 1773 0 8 24
E 1773 1 5 16
E 1773 5 -5 -16
E 1773 6 -8 -24
T 1774 24 0 4 0
E 1774 0 7 23
E 1774 1 5 15
E 1774 5 -5 -17
E 1774 6 -8 -25
T 1775 24 1 4 0
E 1775 0 8 24
E 1775 1 5 16
E 1775 5 -5 -16
E 1775 6 -8 -24
T 1776 29 0 3 0
E 1776 0 6 20
E 1776 5 -6 -20
E 1776 6 -9 -28
T 1777 7 0 3 0
E 1777 0 11 33
E 1777 1 9 28
E 1777 2 6 20
T 1778 34 0 3 0
E 1778 4 -6 -20
E 1778 5 -9 -28
E 1778 6 -12 -36
T 1779 4 0 3 0
E 1779 0 9 28
E 1779 1 9 28
E 1779 2 6 20
T 1780 28 0 3 0
E 1780 4 -4 -14
E 1780 5 -7 -22
E 1780 6 -10 -30
T 1781 6 0 4 0
E 1781 0 10 30
E 1781 1 11 35
E 1781 2 9 27
E 1781 3 6 19
T 1782 27 0 4 0
E 1782 3 -4 -13
E 1782 4 -7 -21
E 1782 5 -9 -29
E 1782 6 -12 -37
T 1783 8 0 4 0
E 1783 0 8 25
E 1783 1 10 30
E 1783 2 9 27
E 1783 3 6 19
T 1784 18 0 3 0
E 1784 4 -4 -14
E 1784 5 -7 -22
E 1784 6 -10 -30
T 1785 15 0 5 0
E 1785 0 7 22
E 1785 1 9 27
E 1785 2 10 30
E 1785 3 7 22
E 1785 4 4 14
T 1786 13 0 3 0
E 1786 4 -5 -17
E 1786 5 -8 -25
E 1786 6 -11 -33
T 1787 2 0 1 0
E 1787 2 5 17
T 1788 5 0 1 0
E 1788 6 -6 -18
T 1789 7 0 3 0
E 1789 1 5 15
E 1789 2 6 20
E 1789 3 6 20
T 1790 1 0 1 0
E 1790 6 -4 -14
T 1791 7 0 2 0
E 1791 2 4 13
E 1791 3 6 18
T 1792 6 0 1 0
E 1792 6 -6 -18
T 1793 7 0 0 0
T 1794 8 0 1 0
E 1794 6 -4 -13
T 1795 6 0 2 0
E 1795 0 -5 -15
E 1795 6 -4 -13
T 1796 8 0 1 0
E 1796 4 5 17
T 1797 10 0 1 0
E 1797 4 5 15
T 1798 10 0 1 0
E 1798 4 4 14
T 1799 11 0 0 0
T 1800 11 0 0 0
T 1801 16 0 2 0
E 1801 4 4 14
E 1801 5 6 19
T 1802 10 0 2 0
E 1802 0 -7 -22
E 1802 1 -5 -17
T 1803 10 0 1 0
E 1803 0 -4 -14
T 1804 22 0 3 0
E 1804 4 4 14
E 1804 5 6 19
E 1804 6 6 19
T 1805 6 0 3 0
E 1805 0 -8 -25
E 1805 1 -6 -20
E 1805 2 -5 -15
T 1806 24 0 3 0
E 1806 4 5 15
E 1806 5 6 20
E 1806 6 8 25
T 1807 10 0 2 0
E 1807 0 -7 -22
E 1807 1 -5 -17
T 1808 14 0 2 0
E 1808 0 -4 -13
E 1808 6 5 17
T 1809 9 0 2 0
E 1809 0 -6 -19
E 1809 1 -4 -14
T 1810 14 0 2 0
E 1810 0 -4 -13
E 1810 6 5 17
T 1811 9 0 2 0
E 1811 0 -6 -20
E 1811 1 -5 -15
T 1812 24 0 3 0
E 1812 4 5 15
E 1812 5 6 20
E 1812 6 8 25
T 1813 6 0 3 0
E 1813 0 -7 -23
E 1813 1 -6 -18
E 1813 2 -4 -13
T 1814 24 0 3 0
E 1814 4 4 13
E 1814 5 6 18
E 1814 6 7 23
T 1815 6 0 3 0
E 1815 0 -8 -26
E 1815 1 -7 -21
E 1815 2 -5 -16
T 1816 24 0 3 0
E 1816 4 5 17
E 1816 5 7 22
E 1816 6 9 27
T 1817 2 0 4 0
E 1817 0 -9 -29
E 1817 1 -8 -24
E 1817 2 -6 -19
E 1817 3 -4 -14
T 1818 29 0 4 0
E 1818 3 5 15
E 1818 4 6 20
E 1818 5 8 25
E 1818 6 10 30
T 1819 6 0 3 0
E 1819 0 -8 -25
E 1819 1 -6 -20
E 1819 2 -5 -15
T 1820 24 0 3 0
E 1820 4 4 14
E 1820 5 6 19
E 1820 6 8 24
T 1821 1 0 4 0
E 1821 0 -10 -31
E 1821 1 -8 -26
E 1821 2 -7 -21
E 1821 3 -5 -16
T 1822 34 0 5 0
E 1822 2 4 13
E 1822 3 6 18
E 1822 4 7 23
E 1822 5 9 28
E 1822 6 11 33
T 1823 11 0 6 0
E 1823 0 -12 -38
E 1823 1 -11 -33
E 1823 2 -9 -28
E 1823 3 -7 -23
E 1823 4 -6 -18
E 1823 5 -4 -13
T 1824 5 0 7 1
E 1824 0 1 14
E 1824 1 2 19
E 1824 2 2 24
E 1824 3 3 29
E 1824 4 3 34
E 1824 5 4 39
E 1824 6 4 44
T 1825 28 0 4 0
E 1825 3 4 13
E 1825 4 6 18
E 1825 5 7 23
E 1825 6 9 28
T 1826 1 0 4 0
E 1826 0 -11 -33
E 1826 1 -9 -27
E 1826 2 -7 -22
E 1826 3 -5 -17
T 1827 25 0 3 0
E 1827 4 5 16
E 1827 5 7 21
E 1827 6 8 26
T 1828 10 0 2 0
E 1828 0 -7 -22
E 1828 1 -5 -15
T 1829 20 0 3 0
E 1829 0 -4 -14
E 1829 5 4 14
E 1829 6 6 19
T 1830 18 0 2 0
E 1830 0 -6 -20
E 1830 6 4 13
T 1831 21 0 3 0
E 1831 0 -5 -16
E 1831 5 4 13
E 1831 6 6 18
T 1832 21 0 3 0
E 1832 0 -5 -16
E 1832 5 4 13
E 1832 6 6 18
T 1833 12 0 2 0
E 1833 0 -9 -27
E 1833 1 -6 -19
T 1834 34 0 4 0
E 1834 3 4 13
E 1834 4 6 18
E 1834 5 7 23
E 1834 6 9 28
T 1835 9 0 3 0
E 1835 0 -10 -30
E 1835 1 -7 -22
E 1835 2 -4 -14
T 1836 31 0 3 0
E 1836 4 5 15
E 1836 5 6 20
E 1836 6 8 25
T 1837 9 0 3 0
E 1837 0 -11 -34
E 1837 1 -8 -26
E 1837 2 -6 -18
T 1838 36 0 4 0
E 1838 3 4 13
E 1838 4 6 18
E 1838 5 7 23
E 1838 6 9 28
T 1839 4 0 4 0
E 1839 0 -13 -39
E 1839 1 -10 -31
E 1839 2 -7 -23
E 1839 3 -5 -15
T 1840 39 0 4 0
E 1840 3 6 18
E 1840 4 7 23
E 1840 5 9 28
E 1840 6 11 33
T 1841 3 0 5 0
E 1841 0 -15 -46
E 1841 1 -12 -38
E 1841 2 -10 -30
E 1841 3 -7 -22
E 1841 4 -5 -16
T 1842 57 0 6 0
E 1842 1 5 16
E 1842 2 8 24
E 1842 3 10 32
E 1842 4 12 38
E 1842 5 14 43
E 1842 6 16 48
T 1843 12 0 6 0
E 1843 0 -17 -53
E 1843 1 -15 -45
E 1843 2 -12 -37
E 1843 3 -9 -29
E 1843 4 -7 -22
E 1843 5 -5 -17
T 1844 13 0 7 1
E 1844 0 1 13
E 1844 1 2 21
E 1844 2 3 29
E 1844 3 4 37
E 1844 4 5 45
E 1844 5 5 50
E 1844 6 6 55
T 1845 31 0 4 0
E 1845 0 -5 -17
E 1845 4 5 15
E 1845 5 6 20
E 1845 6 8 25
T 1846 9 0 3 0
E 1846 0 -10 -31
E 1846 1 -7 -23
E 1846 2 -5 -15
T 1847 42 0 4 0
E 1847 3 6 18
E 1847 4 8 26
E 1847 5 10 32
E 1847 6 12 37
T 1848 4 0 4 0
E 1848 0 -13 -41
E 1848 1 -11 -33
E 1848 2 -8 -25
E 1848 3 -5 -17
T 1849 49 0 5 0
E 1849 2 4 14
E 1849 3 7 22
E 1849 4 10 30
E 1849 5 12 38
E 1849 6 14 43
T 1850 2 0 5 0
E 1850 0 -15 -46
E 1850 1 -12 -38
E 1850 2 -10 -30
E 1850 3 -7 -22
E 1850 4 -4 -14
T 1851 53 0 5 0
E 1851 2 6 18
E 1851 3 8 26
E 1851 4 11 34
E 1851 5 14 42
E 1851 6 16 48
T 1852 15 0 6 0
E 1852 0 -19 -57
E 1852 1 -16 -49
E 1852 2 -13 -41
E 1852 3 -11 -33
E 1852 4 -8 -25
E 1852 5 -5 -17
T 1853 13 0 7 1
E 1853 0 1 13
E 1853 1 2 21
E 1853 2 3 29
E 1853 3 4 37
E 1853 4 5 45
E 1853 5 5 53
E 1853 6 6 60
T 1854 43 0 4 0
E 1854 3 4 13
E 1854 4 7 21
E 1854 5 9 29
E 1854 6 12 37
T 1855 4 0 5 0
E 1855 0 -16 -48
E 1855 1 -13 -40
E 1855 2 -10 -32
E 1855 3 -8 -24
E 1855 4 -5 -16
T 1856 54 0 5 0
E 1856 2 6 20
E 1856 3 9 28
E 1856 4 12 36
E 1856 5 14 44
E 1856 6 17 52
T 1857 5 0 5 0
E 1857 0 -16 -50
E 1857 1 -14 -42
E 1857 2 -11 -34
E 1857 3 -8 -26
E 1857 4 -6 -18
T 1858 59 0 6 0
E 1858 1 4 13
E 1858 2 7 21
E 1858 3 9 29
E 1858 4 12 37
E 1858 5 15 45
E 1858 6 17 53
T 1859 17 0 6 0
E 1859 0 -19 -59
E 1859 1 -17 -51
E 1859 2 -14 -43
E 1859 3 -11 -35
E 1859 4 -9 -27
E 1859 5 -6 -19
T 1860 12 0 7 1
E 1860 0 1 16
E 1860 1 2 24
E 1860 2 3 32
E 1860 3 4 40
E 1860 4 5 48
E 1860 5 6 56
E 1860 6 7 64
T 1861 34 0 4 0
E 1861 0 -5 -17
E 1861 4 5 15
E 1861 5 7 23
E 1861 6 10 31
T 1862 4 0 4 0
E 1862 0 -13 -39
E 1862 1 -10 -31
E 1862 2 -7 -23
E 1862 3 -5 -15
T 1863 43 0 4 0
E 1863 3 4 14
E 1863 4 7 22
E 1863 5 10 30
E 1863 6 12 38
T 1864 4 0 5 0
E 1864 0 -16 -48
E 1864 1 -13 -40
E 1864 2 -10 -32
E 1864 3 -8 -24
E 1864 4 -5 -16
T 1865 52 0 5 0
E 1865 2 5 16
E 1865 3 8 24
E 1865 4 10 32
E 1865 5 13 40
E 1865 6 16 48
T 1866 5 0 5 0
E 1866 0 -16 -50
E 1866 1 -14 -42
E 1866 2 -11 -34
E 1866 3 -8 -26
E 1866 4 -6 -18
T 1867 50 0 5 0
E 1867 2 4 14
E 1867 3 7 22
E 1867 4 10 30
E 1867 5 12 38
E 1867 6 15 46
T 1868 5 0 5 0
E 1868 0 -16 -50
E 1868 1 -14 -42
E 1868 2 -11 -34
E 1868 3 -8 -26
E 1868 4 -6 -18
T 1869 61 0 6 0
E 1869 1 5 15
E 1869 2 7 23
E 1869 3 10 31
E 1869 4 13 39
E 1869 5 15 47
E 1869 6 18 55
T 1870 37 0 7 1
E 1870 0 -7 -67
E 1870 1 -6 -59
E 1870 2 -5 -51
E 1870 3 -4 -43
E 1870 4 -3 -35
E 1870 5 -3 -27
E 1870 6 -2 -19
T 1871 9 0 3 0
E 1871 0 -12 -36
E 1871 1 -9 -28
E 1871 2 -6 -20
T 1872 39 0 3 0
E 1872 4 6 20
E 1872 5 9 28
E 1872 6 12 36
T 1873 3 0 4 0
E 1873 0 -14 -44
E 1873 1 -12 -36
E 1873 2 -9 -28
E 1873 3 -6 -20
T 1874 44 0 4 0
E 1874 3 5 15
E 1874 4 7 23
E 1874 5 10 31
E 1874 6 13 39
T 1875 4 0 4 0
E 1875 0 -13 -41
E 1875 1 -11 -33
E 1875 2 -8 -25
E 1875 3 -5 -17
T 1876 44 0 4 0
E 1876 3 5 17
E 1876 4 8 25
E 1876 5 11 33
E 1876 6 13 41
T 1877 4 0 4 0
E 1877 0 -13 -39
E 1877 1 -10 -31
E 1877 2 -7 -23
E 1877 3 -5 -15
T 1878 44 0 4 0
E 1878 3 5 17
E 1878 4 8 25
E 1878 5 11 33
E 1878 6 13 41
T 1879 4 0 4 0
E 1879 0 -13 -41
E 1879 1 -11 -33
E 1879 2 -8 -25
E 1879 3 -5 -17
T 1880 45 0 4 0
E 1880 3 6 18
E 1880 4 8 26
E 1880 5 11 34
E 1880 6 14 42
T 1881 3 0 5 0
E 1881 0 -15 -47
E 1881 1 -13 -39
E 1881 2 -10 -31
E 1881 3 -7 -23
E 1881 4 -5 -15
T 1882 54 0 5 0
E 1882 2 6 19
E 1882 3 9 27
E 1882 4 11 35
E 1882 5 14 43
E 1882 6 17 51
T 1883 6 0 5 0
E 1883 0 -17 -52
E 1883 1 -14 -44
E 1883 2 -12 -36
E 1883 3 -9 -28
E 1883 4 -6 -20
T 1884 50 0 5 0
E 1884 2 4 14
E 1884 3 7 22
E 1884 4 10 30
E 1884 5 12 38
E 1884 6 15 46
T 1885 3 0 5 0
E 1885 0 -15 -47
E 1885 1 -13 -39
E 1885 2 -10 -31
E 1885 3 -7 -23
E 1885 4 -5 -15
T 1886 54 0 5 0
E 1886 2 6 20
E 1886 3 9 28
E 1886 4 12 36
E 1886 5 14 44
E 1886 6 17 52
T 1887 15 0 6 0
E 1887 0 -19 -57
E 1887 1 -16 -49
E 1887 2 -13 -41
E 1887 3 -11 -33
E 1887 4 -8 -25
E 1887 5 -5 -17
T 1888 11 0 7 1
E 1888 0 2 19
E 1888 1 3 27
E 1888 2 3 35
E 1888 3 4 43
E 1888 4 5 51
E 1888 5 6 59
E 1888 6 7 67
T 1889 35 0 4 0
E 1889 0 -4 -13
E 1889 4 6 19
E 1889 5 9 27
E 1889 6 11 35
T 1890 9 0 3 0
E 1890 0 -12 -36
E 1890 1 -9 -28
E 1890 2 -6 -20
T 1891 45 0 4 0
E 1891 3 6 19
E 1891 4 9 27
E 1891 5 11 35
E 1891 6 14 43
T 1892 3 0 4 0
E 1892 0 -14 -43
E 1892 1 -11 -35
E 1892 2 -9 -27
E 1892 3 -6 -19
T 1893 50 0 5 0
E 1893 2 4 14
E 1893 3 7 22
E 1893 4 10 30
E 1893 5 12 38
E 1893 6 15 46
T 1894 5 0 5 0
E 1894 0 -16 -50
E 1894 1 -14 -42
E 1894 2 -11 -34
E 1894 3 -8 -26
E 1894 4 -6 -18
T 1895 61 0 6 0
E 1895 1 5 15
E 1895 2 7 23
E 1895 3 10 31
E 1895 4 13 39
E 1895 5 15 47
E 1895 6 18 55
T 1896 37 0 7 1
E 1896 0 -7 -65
E 1896 1 -6 -57
E 1896 2 -5 -49
E 1896 3 -4 -41
E 1896 4 -3 -33
E 1896 5 -2 -25
E 1896 6 -1 -17
T 1897 9 0 3 0
E 1897 0 -12 -36
E 1897 1 -9 -28
E 1897 2 -6 -20
T 1898 34 0 4 0
E 1898 0 -5 -15
E 1898 4 5 17
E 1898 5 8 25
E 1898 6 11 33
T 1899 13 0 4 0
E 1899 0 -11 -34
E 1899 1 -8 -26
E 1899 2 -6 -18
E 1899 6 4 14
T 1900 33 0 4 0
E 1900 0 -6 -19
E 1900 4 4 13
E 1900 5 7 21
E 1900 6 9 29
T 1901 4 0 4 0
E 1901 0 -13 -41
E 1901 1 -11 -33
E 1901 2 -8 -25
E 1901 3 -5 -17
T 1902 45 0 4 0
E 1902 3 6 19
E 1902 4 9 27
E 1902 5 11 35
E 1902 6 14 43
T 1903 6 0 5 0
E 1903 0 -17 -52
E 1903 1 -14 -44
E 1903 2 -12 -36
E 1903 3 -9 -28
E 1903 4 -6 -20
T 1904 52 0 5 0
E 1904 2 5 17
E 1904 3 8 25
E 1904 4 11 33
E 1904 5 13 41
E 1904 6 16 49
T 1905 13 0 6 0
E 1905 0 -18 -55
E 1905 1 -15 -47
E 1905 2 -13 -39
E 1905 3 -10 -31
E 1905 4 -7 -23
E 1905 5 -5 -15
T 1906 60 0 6 0
E 1906 1 4 14
E 1906 2 7 22
E 1906 3 10 30
E 1906 4 12 38
E 1906 5 15 46
E 1906 6 18 54
T 1907 35 0 7 1
E 1907 0 -6 -61
E 1907 1 -5 -53
E 1907 2 -5 -45
E 1907 3 -4 -37
E 1907 4 -3 -29
E 1907 5 -2 -21
E 1907 6 -1 -13
T 1908 4 0 4 0
E 1908 0 -13 -40
E 1908 1 -10 -32
E 1908 2 -8 -24
E 1908 3 -5 -16
T 1909 45 0 4 0
E 1909 3 6 20
E 1909 4 9 28
E 1909 5 12 36
E 1909 6 14 44
T 1910 6 0 5 0
E 1910 0 -17 -52
E 1910 1 -14 -44
E 1910 2 -12 -36
E 1910 3 -9 -28
E 1910 4 -6 -20
T 1911 60 0 6 0
E 1911 1 4 14
E 1911 2 7 22
E 1911 3 10 30
E 1911 4 12 38
E 1911 5 15 46
E 1911 6 18 54
T 1912 37 0 7 1
E 1912 0 -7 -66
E 1912 1 -6 -58
E 1912 2 -5 -50
E 1912 3 -4 -42
E 1912 4 -3 -34
E 1912 5 -2 -26
E 1912 6 -2 -18
T 1913 4 0 4 0
E 1913 0 -13 -39
E 1913 1 -10 -31
E 1913 2 -7 -23
E 1913 3 -5 -15
T 1914 44 0 4 0
E 1914 3 5 15
E 1914 4 7 23
E 1914 5 10 31
E 1914 6 13 39
T 1915 5 0 5 0
E 1915 0 -16 -50
E 1915 1 -14 -42
E 1915 2 -11 -34
E 1915 3 -8 -26
E 1915 4 -6 -18
T 1916 54 0 5 0
E 1916 2 6 20
E 1916 3 9 28
E 1916 4 12 36
E 1916 5 14 44
E 1916 6 17 52
T 1917 14 0 6 0
E 1917 0 -18 -56
E 1917 1 -16 -48
E 1917 2 -13 -40
E 1917 3 -10 -32
E 1917 4 -8 -24
E 1917 5 -5 -16
T 1918 65 0 6 0
E 1918 1 6 19
E 1918 2 9 27
E 1918 3 11 35
E 1918 4 14 43
E 1918 5 17 51
E 1918 6 19 59
T 1919 35 0 7 1
E 1919 0 -6 -61
E 1919 1 -5 -53
E 1919 2 -5 -45
E 1919 3 -4 -37
E 1919 4 -3 -29
E 1919 5 -2 -21
E 1919 6 -1 -13
T 1920 31 0 3 0
E 1920 1 -11 -33
E 1920 2 -8 -25
E 1920 3 -5 -17
T 1921 0 0 4 0
E 1921 0 12 36
E 1921 4 5 17
E 1921 5 8 25
E 1921 6 11 33
T 1922 49 0 5 0
E 1922 1 -15 -47
E 1922 2 -13 -39
E 1922 3 -10 -31
E 1922 4 -7 -23
E 1922 5 -5 -15
T 1923 3 0 5 0
E 1923 0 16 50
E 1923 3 5 17
E 1923 4 8 25
E 1923 5 11 33
E 1923 6 13 41
T 1924 57 0 5 0
E 1924 1 -16 -48
E 1924 2 -13 -40
E 1924 3 -10 -32
E 1924 4 -8 -24
E 1924 5 -5 -16
T 1925 36 0 7 1
E 1925 0 7 64
E 1925 1 6 56
E 1925 2 1 16
E 1925 3 2 24
E 1925 4 3 32
E 1925 5 4 40
E 1925 6 5 48
T 1926 15 0 4 0
E 1926 0 11 34
E 1926 1 8 26
E 1926 2 -5 -17
E 1926 6 5 15
T 1927 33 0 5 0
E 1927 0 7 23
E 1927 1 5 15
E 1927 2 -10 -31
E 1927 3 -7 -23
E 1927 4 -5 -15
T 1928 26 0 4 0
E 1928 0 11 35
E 1928 1 9 27
E 1928 2 -7 -22
E 1928 3 -4 -14
T 1929 34 0 5 0
E 1929 0 10 32
E 1929 1 8 24
E 1929 2 -9 -29
E 1929 3 -7 -21
E 1929 4 -4 -13
T 1930 14 0 4 0
E 1930 0 13 39
E 1930 1 10 31
E 1930 2 7 23
E 1930 3 -5 -17
T 1931 53 0 5 0
E 1931 0 4 13
E 1931 3 -15 -46
E 1931 4 -12 -38
E 1931 5 -10 -30
E 1931 6 -7 -22
T 1932 3 0 5 0
E 1932 0 20 61
E 1932 1 17 53
E 1932 2 15 45
E 1932 5 5 15
E 1932 6 7 23
T 1933 77 0 5 0
E 1933 2 -6 -20
E 1933 3 -23 -69
E 1933 4 -20 -61
E 1933 5 -17 -53
E 1933 6 -15 -45
T 1934 6 0 5 0
E 1934 0 24 73
E 1934 1 21 65
E 1934 2 19 57
E 1934 5 6 20
E 1934 6 9 28
T 1935 70 0 5 0
E 1935 2 -6 -20
E 1935 3 -9 -28
E 1935 4 -22 -68
E 1935 5 -20 -60
E 1935 6 -17 -52
T 1936 18 0 6 0
E 1936 0 24 73
E 1936 1 21 65
E 1936 2 19 57
E 1936 3 16 49
E 1936 5 4 14
E 1936 6 7 22
T 1937 18 0 7 1
E 1937 0 -2 -18
E 1937 1 -2 -26
E 1937 2 -3 -34
E 1937 3 -4 -42
E 1937 4 -9 -88
E 1937 5 -8 -80
E 1937 6 -8 -72
T 1938 52 0 5 0
E 1938 0 7 23
E 1938 1 5 15
E 1938 4 -16 -50
E 1938 5 -14 -42
E 1938 6 -11 -34
T 1939 4 0 5 0
E 1939 0 19 58
E 1939 1 16 50
E 1939 2 14 42
E 1939 3 11 34
E 1939 4 -6 -19
T 1940 60 0 4 0
E 1940 3 -5 -16
E 1940 4 -8 -24
E 1940 5 -21 -64
E 1940 6 -18 -56
T 1941 9 0 6 0
E 1941 0 20 62
E 1941 1 18 54
E 1941 2 15 46
E 1941 3 12 38
E 1941 4 10 30
E 1941 5 -4 -13
T 1942 21 0 7 1
E 1942 0 -1 -13
E 1942 1 -2 -21
E 1942 2 -3 -29
E 1942 3 -4 -37
E 1942 4 -5 -45
E 1942 5 -10 -91
E 1942 6 -9 -83
T 1943 55 0 4 0
E 1943 0 6 18
E 1943 4 -4 -14
E 1943 5 -21 -63
E 1943 6 -18 -55
T 1944 42 0 7 1
E 1944 0 6 57
E 1944 1 5 49
E 1944 2 4 41
E 1944 3 3 33
E 1944 4 2 25
E 1944 5 -3 -28
E 1944 6 -2 -20
T 1945 17 0 5 0
E 1945 0 13 41
E 1945 1 11 33
E 1945 2 8 25
E 1945 3 5 17
E 1945 6 -13 -39
T 1946 45 0 4 0
E 1946 0 5 15
E 1946 4 -5 -17
E 1946 5 -8 -25
E 1946 6 -22 -68
T 1947 8 0 6 0
E 1947 0 16 48
E 1947 1 13 40
E 1947 2 10 32
E 1947 3 8 24
E 1947 4 5 16
E 1947 6 -12 -38
T 1948 49 0 4 0
E 1948 0 4 13
E 1948 4 -6 -19
E 1948 5 -9 -27
E 1948 6 -25 -76
T 1949 8 0 6 0
E 1949 0 17 51
E 1949 1 14 43
E 1949 2 11 35
E 1949 3 9 27
E 1949 4 6 19
E 1949 6 -14 -42
T 1950 45 0 4 0
E 1950 3 -6 -18
E 1950 4 -8 -26
E 1950 5 -11 -34
E 1950 6 -14 -42
T 1951 5 0 5 0
E 1951 0 16 50
E 1951 1 14 42
E 1951 2 11 34
E 1951 3 8 26
E 1951 4 6 18
T 1952 61 0 6 0
E 1952 1 -5 -15
E 1952 2 -7 -23
E 1952 3 -10 -31
E 1952 4 -13 -39
E 1952 5 -15 -47
E 1952 6 -18 -55
T 1953 35 0 7 1
E 1953 0 6 61
E 1953 1 5 53
E 1953 2 5 45
E 1953 3 4 37
E 1953 4 3 29
E 1953 5 2 21
E 1953 6 1 13
T 1954 3 0 4 0
E 1954 0 14 42
E 1954 1 11 34
E 1954 2 8 26
E 1954 3 6 18
T 1955 52 0 5 0
E 1955 2 -5 -16
E 1955 3 -8 -24
E 1955 4 -10 -32
E 1955 5 -13 -40
E 1955 6 -16 -48
T 1956 6 0 5 0
E 1956 0 17 52
E 1956 1 14 44
E 1956 2 12 36
E 1956 3 9 28
E 1956 4 6 20
T 1957 52 0 5 0
E 1957 2 -5 -17
E 1957 3 -8 -25
E 1957 4 -11 -33
E 1957 5 -13 -41
E 1957 6 -16 -49
T 1958 3 0 5 0
E 1958 0 15 47
E 1958 1 13 39
E 1958 2 10 31
E 1958 3 7 23
E 1958 4 5 15
T 1959 45 0 4 0
E 1959 3 -6 -20
E 1959 4 -9 -28
E 1959 5 -12 -36
E 1959 6 -14 -44
T 1960 2 0 5 0
E 1960 0 15 45
E 1960 1 12 37
E 1960 2 9 29
E 1960 3 7 21
E 1960 4 4 13
T 1961 50 0 5 0
E 1961 2 -4 -14
E 1961 3 -7 -22
E 1961 4 -10 -30
E 1961 5 -12 -38
E 1961 6 -15 -46
T 1962 4 0 5 0
E 1962 0 16 48
E 1962 1 13 40
E 1962 2 10 32
E 1962 3 8 24
E 1962 4 5 16
T 1963 51 0 5 0
E 1963 2 -5 -15
E 1963 3 -7 -23
E 1963 4 -10 -31
E 1963 5 -13 -39
E 1963 6 -15 -47
T 1964 12 0 6 0
E 1964 0 18 54
E 1964 1 15 46
E 1964 2 12 38
E 1964 3 10 30
E 1964 4 7 22
E 1964 5 4 14
T 1965 59 0 6 0
E 1965 1 -4 -13
E 1965 2 -7 -21
E 1965 3 -9 -29
E 1965 4 -12 -37
E 1965 5 -15 -45
E 1965 6 -17 -53
T 1966 12 0 6 0
E 1966 0 18 54
E 1966 1 15 46
E 1966 2 12 38
E 1966 3 10 30
E 1966 4 7 22
E 1966 5 4 14
T 1967 60 0 6 0
E 1967 1 -4 -14
E 1967 2 -7 -22
E 1967 3 -10 -30
E 1967 4 -12 -38
E 1967 5 -15 -46
E 1967 6 -18 -54
T 1968 35 0 7 1
E 1968 0 7 63
E 1968 1 6 55
E 1968 2 5 47
E 1968 3 4 39
E 1968 4 3 31
E 1968 5 2 23
E 1968 6 1 15
T 1969 4 0 4 0
E 1969 0 13 41
E 1969 1 11 33
E 1969 2 8 25
E 1969 3 5 17
T 1970 50 0 5 0
E 1970 2 -4 -14
E 1970 3 -7 -22
E 1970 4 -10 -30
E 1970 5 -12 -38
E 1970 6 -15 -46
T 1971 3 0 5 0
E 1971 0 15 47
E 1971 1 13 39
E 1971 2 10 31
E 1971 3 7 23
E 1971 4 5 15
T 1972 45 0 4 0
E 1972 3 -6 -20
E 1972 4 -9 -28
E 1972 5 -12 -36
E 1972 6 -14 -44
T 1973 4 0 5 0
E 1973 0 16 48
E 1973 1 13 40
E 1973 2 10 32
E 1973 3 8 24
E 1973 4 5 16
T 1974 51 0 5 0
E 1974 2 -5 -15
E 1974 3 -7 -23
E 1974 4 -10 -31
E 1974 5 -13 -39
E 1974 6 -15 -47
T 1975 5 0 5 0
E 1975 0 16 50
E 1975 1 14 42
E 1975 2 11 34
E 1975 3 8 26
E 1975 4 6 18
T 1976 63 0 6 0
E 1976 1 -5 -17
E 1976 2 -8 -25
E 1976 3 -11 -33
E 1976 4 -13 -41
E 1976 5 -16 -49
E 1976 6 -19 -57
T 1977 37 0 7 1
E 1977 0 7 70
E 1977 1 6 62
E 1977 2 6 54
E 1977 3 5 46
E 1977 4 4 38
E 1977 5 3 30
E 1977 6 2 22
T 1978 14 0 4 0
E 1978 0 10 32
E 1978 1 8 24
E 1978 2 5 16
E 1978 6 -5 -16
T 1979 34 0 4 0
E 1979 0 5 15
E 1979 4 -5 -17
E 1979 5 -8 -25
E 1979 6 -11 -33
T 1980 4 0 4 0
E 1980 0 13 39
E 1980 1 10 31
E 1980 2 7 23
E 1980 3 5 15
T 1981 52 0 5 0
E 1981 2 -5 -17
E 1981 3 -8 -25
E 1981 4 -11 -33
E 1981 5 -13 -41
E 1981 6 -16 -49
T 1982 4 0 5 0
E 1982 0 16 48
E 1982 1 13 40
E 1982 2 10 32
E 1982 3 8 24
E 1982 4 5 16
T 1983 62 0 6 0
E 1983 1 -5 -16
E 1983 2 -8 -24
E 1983 3 -10 -32
E 1983 4 -13 -40
E 1983 5 -16 -48
E 1983 6 -18 -56
T 1984 37 0 7 1
E 1984 0 7 65
E 1984 1 6 57
E 1984 2 5 49
E 1984 3 4 41
E 1984 4 3 33
E 1984 5 2 25
E 1984 6 1 17
T 1985 3 0 4 0
E 1985 0 14 44
E 1985 1 12 36
E 1985 2 9 28
E 1985 3 6 20
T 1986 52 0 5 0
E 1986 2 -5 -16
E 1986 3 -8 -24
E 1986 4 -10 -32
E 1986 5 -13 -40
E 1986 6 -16 -48
T 1987 13 0 6 0
E 1987 0 18 55
E 1987 1 15 47
E 1987 2 13 39
E 1987 3 10 31
E 1987 4 7 23
E 1987 5 5 15
T 1988 62 0 6 0
E 1988 1 -5 -16
E 1988 2 -8 -24
E 1988 3 -10 -32
E 1988 4 -13 -40
E 1988 5 -16 -48
E 1988 6 -18 -56
T 1989 37 0 7 1
E 1989 0 7 68
E 1989 1 6 60
E 1989 2 5 52
E 1989 3 4 44
E 1989 4 4 36
E 1989 5 3 28
E 1989 6 2 20
T 1990 5 0 4 0
E 1990 0 12 37
E 1990 1 9 29
E 1990 2 7 21
E 1990 3 4 13
T 1991 45 0 4 0
E 1991 3 -6 -20
E 1991 4 -9 -28
E 1991 5 -12 -36
E 1991 6 -14 -44
T 1992 3 0 5 0
E 1992 0 15 47
E 1992 1 13 39
E 1992 2 10 31
E 1992 3 7 23
E 1992 4 5 15
T 1993 50 0 5 0
E 1993 2 -4 -13
E 1993 3 -7 -21
E 1993 4 -9 -29
E 1993 5 -12 -37
E 1993 6 -15 -45
T 1994 6 0 5 0
E 1994 0 17 51
E 1994 1 14 43
E 1994 2 11 35
E 1994 3 9 27
E 1994 4 6 19
T 1995 52 0 5 0
E 1995 2 -5 -16
E 1995 3 -8 -24
E 1995 4 -10 -32
E 1995 5 -13 -40
E 1995 6 -16 -48
T 1996 5 0 5 0
E 1996 0 16 50
E 1996 1 14 42
E 1996 2 11 34
E 1996 3 8 26
E 1996 4 6 18
T 1997 52 0 5 0
E 1997 2 -5 -17
E 1997 3 -8 -25
E 1997 4 -11 -33
E 1997 5 -13 -41
E 1997 6 -16 -49
T 1998 16 0 6 0
E 1998 0 19 58
E 1998 1 16 50
E 1998 2 14 42
E 1998 3 11 34
E 1998 4 8 26
E 1998 5 6 18
T 1999 63 0 6 0
E 1999 1 -5 -17
E 1999 2 -8 -25
E 1999 3 -11 -33
E 1999 4 -13 -41
E 1999 5 -16 -49
E 1999 6 -19 -57
T 2000 37 0 7 1
E 2000 0 7 68
E 2000 1 6 60
E 2000 2 5 52
E 2000 3 4 44
E 2000 4 4 36
E 2000 5 3 28
E 2000 6 2 20
T 2001 5 0 4 0
E 2001 0 12 37
E 2001 1 9 29
E 2001 2 7 21
E 2001 3 4 13
T 2002 44 0 4 0
E 2002 3 -5 -16
E 2002 4 -8 -24
E 2002 5 -10 -32
E 2002 6 -13 -40
T 2003 4 0 4 0
E 2003 0 13 41
E 2003 1 11 33
E 2003 2 8 25
E 2003 3 5 17
T 2004 44 0 4 0
E 2004 3 -5 -16
E 2004 4 -8 -24
E 2004 5 -10 -32
E 2004 6 -13 -40
T 2005 3 0 4 0
E 2005 0 14 42
E 2005 1 11 34
E 2005 2 8 26
E 2005 3 6 18
T 2006 44 0 4 0
E 2006 3 -5 -15
E 2006 4 -7 -23
E 2006 5 -10 -31
E 2006 6 -13 -39
T 2007 4 0 4 0
E 2007 0 13 41
E 2007 1 11 33
E 2007 2 8 25
E 2007 3 5 17
T 2008 45 0 4 0
E 2008 3 -6 -19
E 2008 4 -9 -27
E 2008 5 -11 -35
E 2008 6 -14 -43
T 2009 3 0 4 0
E 2009 0 14 43
E 2009 1 11 35
E 2009 2 9 27
E 2009 3 6 19
T 2010 50 0 5 0
E 2010 2 -4 -13
E 2010 3 -7 -21
E 2010 4 -9 -29
E 2010 5 -12 -37
E 2010 6 -15 -45
T 2011 6 0 5 0
E 2011 0 17 52
E 2011 1 14 44
E 2011 2 12 36
E 2011 3 9 28
E 2011 4 6 20
T 2012 61 0 6 0
E 2012 1 -5 -15
E 2012 2 -7 -23
E 2012 3 -10 -31
E 2012 4 -13 -39
E 2012 5 -15 -47
E 2012 6 -18 -55
T 2013 37 0 7 1
E 2013 0 7 65
E 2013 1 6 57
E 2013 2 5 49
E 2013 3 4 41
E 2013 4 3 33
E 2013 5 2 25
E 2013 6 1 17
T 2014 13 0 4 0
E 2014 0 11 35
E 2014 1 9 27
E 2014 2 6 19
E 2014 6 -4 -13
T 2015 34 0 4 0
E 2015 0 5 16
E 2015 4 -5 -16
E 2015 5 -8 -24
E 2015 6 -10 -32
T 2016 4 0 4 0
E 2016 0 13 41
E 2016 1 11 33
E 2016 2 8 25
E 2016 3 5 17
T 2017 41 0 4 0
E 2017 3 -5 -16
E 2017 4 -8 -24
E 2017 5 -10 -32
E 2017 6 -13 -40
T 2018 1 0 4 0
E 2018 0 11 34
E 2018 1 10 31
E 2018 2 7 23
E 2018 3 5 15
T 2019 42 0 5 0
E 2019 2 -4 -14
E 2019 3 -7 -22
E 2019 4 -10 -30
E 2019 5 -12 -38
E 2019 6 -15 -46
T 2020 11 0 5 0
E 2020 0 12 37
E 2020 1 13 40
E 2020 2 10 32
E 2020 3 8 24
E 2020 4 5 16
T 2021 32 0 4 0
E 2021 3 -6 -19
E 2021 4 -9 -27
E 2021 5 -11 -35
E 2021 6 -14 -43
T 2022 12 0 5 0
E 2022 0 10 30
E 2022 1 11 35
E 2022 2 10 30
E 2022 3 7 22
E 2022 4 4 14
T 2023 25 0 4 0
E 2023 3 -4 -13
E 2023 4 -7 -21
E 2023 5 -9 -29
E 2023 6 -12 -37
T 2024 14 0 5 0
E 2024 0 8 25
E 2024 1 10 30
E 2024 2 10 30
E 2024 3 7 22
E 2024 4 4 14
T 2025 25 0 5 0
E 2025 0 -5 -17
E 2025 3 -5 -17
E 2025 4 -8 -25
E 2025 5 -11 -33
E 2025 6 -13 -41
T 2026 15 0 5 0
E 2026 0 6 19
E 2026 1 8 24
E 2026 2 9 29
E 2026 3 7 21
E 2026 4 4 13
T 2027 10 0 3 0
E 2027 4 -5 -15
E 2027 5 -7 -23
E 2027 6 -10 -31
T 2028 15 0 5 0
E 2028 0 4 14
E 2028 1 6 19
E 2028 2 8 24
E 2028 3 7 21
E 2028 4 4 13
T 2029 15 0 5 0
E 2029 0 -6 -18
E 2029 1 -4 -13
E 2029 4 -5 -16
E 2029 5 -8 -24
E 2029 6 -10 -32
T 2030 28 0 6 0
E 2030 0 6 20
E 2030 1 8 25
E 2030 2 10 30
E 2030 3 11 33
E 2030 4 8 25
E 2030 5 5 17
T 2031 13 0 7 1
E 2031 0 -3 -30
E 2031 1 -2 -25
E 2031 2 -2 -20
E 2031 3 -1 -15
E 2031 4 -2 -23
E 2031 5 -3 -31
E 2031 6 -4 -39
T 2032 0 0 3 0
E 2032 0 -5 -16
E 2032 5 -4 -14
E 2032 6 -7 -22
T 2033 6 0 0 0
T 2034 8 0 1 0
E 2034 6 -4 -13
T 2035 8 0 0 0
T 2036 10 0 1 0
E 2036 0 -4 -14
T 2037 9 0 0 0
T 2038 10 0 1 0
E 2038 4 5 15
T 2039 10 0 0 0
T 2040 11 0 0 0
T 2041 13 0 1 0
E 2041 5 5 17
T 2042 9 0 1 0
E 2042 0 -4 -13
T 2043 22 0 3 0
E 2043 4 4 13
E 2043 5 6 18
E 2043 6 5 15
T 2044 6 0 3 0
E 2044 0 -8 -26
E 2044 1 -7 -21
E 2044 2 -5 -16
T 2045 19 0 2 0
E 2045 5 5 17
E 2045 6 6 20
T 2046 15 1 2 0
E 2046 0 -5 -15
E 2046 6 5 15
T 2047 8 0 2 0
E 2047 0 -6 -18
E 2047 1 -4 -13
T 2048 21 0 2 0
E 2048 5 5 15
E 2048 6 6 20
T 2049 15 0 2 0
E 2049 0 -5 -16
E 2049 6 4 14
T 2050 15 0 2 0
E 2050 0 -5 -16
E 2050 6 4 14
T 2051 9 0 2 0
E 2051 0 -6 -20
E 2051 1 -5 -15
T 2052 24 0 3 0
E 2052 4 4 13
E 2052 5 6 18
E 2052 6 7 23
T 2053 9 0 2 0
E 2053 0 -7 -21
E 2053 1 -5 -16
T 2054 24 0 3 0
E 2054 4 4 13
E 2054 5 6 18
E 2054 6 7 23
T 2055 6 0 3 0
E 2055 0 -7 -23
E 2055 1 -6 -18
E 2055 2 -4 -13
T 2056 21 0 2 0
E 2056 5 5 15
E 2056 6 6 20
T 2057 9 0 2 0
E 2057 0 -7 -21
E 2057 1 -5 -16
T 2058 15 0 2 0
E 2058 0 -5 -16
E 2058 6 4 14
T 2059 15 0 2 0
E 2059 0 -5 -16
E 2059 6 4 14
T 2060 15 1 2 0
E 2060 0 -5 -15
E 2060 6 5 15
T 2061 8 0 2 0
E 2061 0 -6 -18
E 2061 1 -4 -13
T 2062 15 1 2 0
E 2062 0 -5 -15
E 2062 6 5 15
T 2063 9 0 2 0
E 2063 0 -6 -19
E 2063 1 -4 -14
T 2064 15 1 2 0
E 2064 0 -5 -15
E 2064 6 5 15
T 2065 9 0 2 0
E 2065 0 -6 -19
E 2065 1 -4 -14
T 2066 15 1 2 0
E 2066 0 -5 -15
E 2066 6 5 16
T 2067 15 0 2 0
E 2067 0 -4 -14
E 2067 6 5 17
T 2068 10 0 2 0
E 2068 0 -6 -20
E 2068 1 -4 -13
T 2069 24 0 2 0
E 2069 5 5 16
E 2069 6 7 21
T 2070 8 0 3 0
E 2070 0 -8 -26
E 2070 1 -6 -18
E 2070 2 -4 -13
T 2071 28 0 3 0
E 2071 4 4 14
E 2071 5 6 19
E 2071 6 8 24
T 2072 12 0 2 0
E 2072 0 -8 -25
E 2072 1 -5 -17
T 2073 21 0 3 0
E 2073 0 -4 -13
E 2073 5 5 17
E 2073 6 7 22
T 2074 15 0 3 0
E 2074 0 -7 -22
E 2074 1 -4 -14
E 2074 6 4 14
T 2075 22 0 3 0
E 2075 0 -5 -17
E 2075 5 4 14
E 2075 6 6 19
T 2076 9 0 3 0
E 2076 0 -9 -29
E 2076 1 -7 -21
E 2076 2 -4 -13
T 2077 35 0 4 0
E 2077 3 4 14
E 2077 4 6 19
E 2077 5 8 24
E 2077 6 9 29
T 2078 4 0 4 0
E 2078 0 -12 -38
E 2078 1 -10 -30
E 2078 2 -7 -22
E 2078 3 -5 -15
T 2079 38 0 4 0
E 2079 3 5 17
E 2079 4 7 22
E 2079 5 9 27
E 2079 6 10 32
T 2080 9 0 3 0
E 2080 0 -11 -35
E 2080 1 -9 -27
E 2080 2 -6 -19
T 2081 39 0 4 0
E 2081 3 5 15
E 2081 4 7 21
E 2081 5 8 26
E 2081 6 10 31
T 2082 9 0 3 0
E 2082 0 -12 -36
E 2082 1 -9 -28
E 2082 2 -6 -20
T 2083 41 0 4 0
E 2083 3 6 19
E 2083 4 8 26
E 2083 5 10 31
E 2083 6 12 36
T 2084 2 0 5 0
E 2084 0 -15 -45
E 2084 1 -12 -37
E 2084 2 -9 -29
E 2084 3 -7 -21
E 2084 4 -4 -13
T 2085 48 0 5 0
E 2085 2 5 15
E 2085 3 7 23
E 2085 4 10 31
E 2085 5 12 36
E 2085 6 13 41
T 2086 4 0 5 0
E 2086 0 -16 -49
E 2086 1 -13 -41
E 2086 2 -11 -33
E 2086 3 -8 -25
E 2086 4 -5 -17
T 2087 49 0 5 0
E 2087 2 5 15
E 2087 3 7 23
E 2087 4 10 31
E 2087 5 12 37
E 2087 6 14 42
T 2088 5 0 5 0
E 2088 0 -16 -50
E 2088 1 -14 -42
E 2088 2 -11 -34
E 2088 3 -8 -26
E 2088 4 -6 -18
T 2089 50 0 5 0
E 2089 2 5 15
E 2089 3 7 23
E 2089 4 10 31
E 2089 5 13 39
E 2089 6 14 44
T 2090 5 0 5 0
E 2090 0 -16 -50
E 2090 1 -14 -42
E 2090 2 -11 -34
E 2090 3 -8 -26
E 2090 4 -6 -18
T 2091 59 0 6 0
E 2091 1 4 13
E 2091 2 7 21
E 2091 3 9 29
E 2091 4 12 37
E 2091 5 15 45
E 2091 6 17 51
T 2092 35 0 7 1
E 2092 0 -6 -62
E 2092 1 -6 -54
E 2092 2 -5 -46
E 2092 3 -4 -38
E 2092 4 -3 -30
E 2092 5 -2 -22
E 2092 6 -1 -16
T 2093 4 0 4 0
E 2093 0 -13 -41
E 2093 1 -11 -33
E 2093 2 -8 -25
E 2093 3 -5 -17
T 2094 44 0 4 0
E 2094 3 5 17
E 2094 4 8 25
E 2094 5 11 33
E 2094 6 13 41
T 2095 4 0 5 0
E 2095 0 -16 -49
E 2095 1 -13 -41
E 2095 2 -11 -33
E 2095 3 -8 -25
E 2095 4 -5 -17
T 2096 52 0 5 0
E 2096 2 5 16
E 2096 3 8 24
E 2096 4 10 32
E 2096 5 13 40
E 2096 6 16 48
T 2097 13 0 6 0
E 2097 0 -18 -55
E 2097 1 -15 -47
E 2097 2 -13 -39
E 2097 3 -10 -31
E 2097 4 -7 -23
E 2097 5 -5 -15
T 2098 59 0 6 0
E 2098 1 4 13
E 2098 2 7 21
E 2098 3 9 29
E 2098 4 12 37
E 2098 5 15 45
E 2098 6 17 53
T 2099 15 0 6 0
E 2099 0 -19 -57
E 2099 1 -16 -49
E 2099 2 -13 -41
E 2099 3 -11 -33
E 2099 4 -8 -25
E 2099 5 -5 -17
T 2100 65 0 6 0
E 2100 1 6 19
E 2100 2 9 27
E 2100 3 11 35
E 2100 4 14 43
E 2100 5 17 51
E 2100 6 19 59
T 2101 36 0 7 1
E 2101 0 -7 -64
E 2101 1 -6 -56
E 2101 2 -5 -48
E 2101 3 -4 -40
E 2101 4 -3 -32
E 2101 5 -2 -24
E 2101 6 -1 -16
T 2102 5 0 4 0
E 2102 0 -12 -38
E 2102 1 -10 -30
E 2102 2 -7 -22
E 2102 3 -4 -14
T 2103 43 0 4 0
E 2103 3 4 13
E 2103 4 7 21
E 2103 5 9 29
E 2103 6 12 37
T 2104 2 0 5 0
E 2104 0 -15 -46
E 2104 1 -12 -38
E 2104 2 -10 -30
E 2104 3 -7 -22
E 2104 4 -4 -14
T 2105 52 0 5 0
E 2105 2 5 17
E 2105 3 8 25
E 2105 4 11 33
E 2105 5 13 41
E 2105 6 16 49
T 2106 5 0 5 0
E 2106 0 -16 -50
E 2106 1 -14 -42
E 2106 2 -11 -34
E 2106 3 -8 -26
E 2106 4 -6 -18
T 2107 51 0 5 0
E 2107 2 5 15
E 2107 3 7 23
E 2107 4 10 31
E 2107 5 13 39
E 2107 6 15 47
T 2108 4 0 5 0
E 2108 0 -16 -49
E 2108 1 -13 -41
E 2108 2 -11 -33
E 2108 3 -8 -25
E 2108 4 -5 -17
T 2109 52 0 5 0
E 2109 2 5 16
E 2109 3 8 24
E 2109 4 10 32
E 2109 5 13 40
E 2109 6 16 48
T 2110 3 0 5 0
E 2110 0 -15 -47
E 2110 1 -13 -39
E 2110 2 -10 -31
E 2110 3 -7 -23
E 2110 4 -5 -15
T 2111 53 0 5 0
E 2111 2 6 18
E 2111 3 8 26
E 2111 4 11 34
E 2111 5 14 42
E 2111 6 16 50
T 2112 12 0 6 0
E 2112 0 -18 -54
E 2112 1 -15 -46
E 2112 2 -12 -38
E 2112 3 -10 -30
E 2112 4 -7 -22
E 2112 5 -4 -14
T 2113 64 0 6 0
E 2113 1 6 18
E 2113 2 8 26
E 2113 3 11 34
E 2113 4 14 42
E 2113 5 16 50
E 2113 6 19 58
T 2114 36 0 7 1
E 2114 0 -7 -64
E 2114 1 -6 -56
E 2114 2 -5 -48
E 2114 3 -4 -40
E 2114 4 -3 -32
E 2114 5 -2 -24
E 2114 6 -1 -16
T 2115 4 0 4 0
E 2115 0 -13 -39
E 2115 1 -10 -31
E 2115 2 -7 -23
E 2115 3 -5 -15
T 2116 44 0 4 0
E 2116 3 5 16
E 2116 4 8 24
E 2116 5 10 32
E 2116 6 13 40
T 2117 6 0 5 0
E 2117 0 -17 -51
E 2117 1 -14 -43
E 2117 2 -11 -35
E 2117 3 -9 -27
E 2117 4 -6 -19
T 2118 62 0 6 0
E 2118 1 5 16
E 2118 2 8 24
E 2118 3 10 32
E 2118 4 13 40
E 2118 5 16 48
E 2118 6 18 56
T 2119 37 0 7 1
E 2119 0 -7 -67
E 2119 1 -6 -59
E 2119 2 -5 -51
E 2119 3 -4 -43
E 2119 4 -3 -35
E 2119 5 -3 -27
E 2119 6 -2 -19
T 2120 4 0 4 0
E 2120 0 -13 -40
E 2120 1 -10 -32
E 2120 2 -8 -24
E 2120 3 -5 -16
T 2121 43 0 4 0
E 2121 3 4 14
E 2121 4 7 22
E 2121 5 10 30
E 2121 6 12 38
T 2122 3 0 5 0
E 2122 0 -15 -47
E 2122 1 -13 -39
E 2122 2 -10 -31
E 2122 3 -7 -23
E 2122 4 -5 -15
T 2123 54 0 5 0
E 2123 2 6 20
E 2123 3 9 28
E 2123 4 12 36
E 2123 5 14 44
E 2123 6 17 52
T 2124 12 0 6 0
E 2124 0 -18 -54
E 2124 1 -15 -46
E 2124 2 -12 -38
E 2124 3 -10 -30
E 2124 4 -7 -22
E 2124 5 -4 -14
T 2125 11 0 7 1
E 2125 0 1 17
E 2125 1 2 25
E 2125 2 3 33
E 2125 3 4 41
E 2125 4 5 49
E 2125 5 6 57
E 2125 6 7 65
T 2126 33 0 4 0
E 2126 0 -6 -18
E 2126 4 4 14
E 2126 5 7 22
E 2126 6 10 30
T 2127 14 0 4 0
E 2127 0 -10 -32
E 2127 1 -8 -24
E 2127 2 -5 -16
E 2127 6 5 16
T 2128 39 0 3 0
E 2128 4 6 20
E 2128 5 9 28
E 2128 6 12 36
T 2129 5 0 4 0
E 2129 0 -12 -38
E 2129 1 -10 -30
E 2129 2 -7 -22
E 2129 3 -4 -14
T 2130 52 0 5 0
E 2130 2 5 16
E 2130 3 8 24
E 2130 4 10 32
E 2130 5 13 40
E 2130 6 16 48
T 2131 17 0 6 0
E 2131 0 -19 -59
E 2131 1 -17 -51
E 2131 2 -14 -43
E 2131 3 -11 -35
E 2131 4 -9 -27
E 2131 5 -6 -19
T 2132 13 0 7 1
E 2132 0 1 13
E 2132 1 2 21
E 2132 2 3 29
E 2132 3 4 37
E 2132 4 5 45
E 2132 5 5 53
E 2132 6 6 61
T 2133 25 0 4 0
E 2133 0 -7 -21
E 2133 1 -4 -13
E 2133 5 6 19
E 2133 6 9 27
T 2134 15 0 4 0
E 2134 0 -9 -29
E 2134 1 -7 -21
E 2134 2 -4 -13
E 2134 6 6 19
T 2135 43 0 4 0
E 2135 3 4 14
E 2135 4 7 22
E 2135 5 10 30
E 2135 6 12 38
T 2136 4 0 5 0
E 2136 0 -16 -49
E 2136 1 -13 -41
E 2136 2 -11 -33
E 2136 3 -8 -25
E 2136 4 -5 -17
T 2137 50 0 5 0
E 2137 2 4 14
E 2137 3 7 22
E 2137 4 10 30
E 2137 5 12 38
E 2137 6 15 46
T 2138 12 0 6 0
E 2138 0 -18 -54
E 2138 1 -15 -46
E 2138 2 -12 -38
E 2138 3 -10 -30
E 2138 4 -7 -22
E 2138 5 -4 -14
T 2139 13 0 7 1
E 2139 0 1 14
E 2139 1 2 22
E 2139 2 3 30
E 2139 3 4 38
E 2139 4 5 46
E 2139 5 6 54
E 2139 6 6 62
T 2140 35 0 4 0
E 2140 0 -4 -13
E 2140 4 6 19
E 2140 5 9 27
E 2140 6 11 35
T 2141 13 0 4 0
E 2141 0 -11 -34
E 2141 1 -8 -26
E 2141 2 -6 -18
E 2141 6 4 14
T 2142 34 0 4 0
E 2142 0 -5 -16
E 2142 4 5 16
E 2142 5 8 24
E 2142 6 10 32
T 2143 14 0 4 0
E 2143 0 -11 -33
E 2143 1 -8 -25
E 2143 2 -5 -17
E 2143 6 5 15
T 2144 33 0 4 0
E 2144 0 -6 -18
E 2144 4 4 14
E 2144 5 7 22
E 2144 6 10 30
T 2145 5 0 4 0
E 2145 0 -12 -38
E 2145 1 -10 -30
E 2145 2 -7 -22
E 2145 3 -4 -14
T 2146 45 0 4 0
E 2146 3 6 19
E 2146 4 9 27
E 2146 5 11 35
E 2146 6 14 43
T 2147 4 0 4 0
E 2147 0 -13 -41
E 2147 1 -11 -33
E 2147 2 -8 -25
E 2147 3 -5 -17
T 2148 50 0 5 0
E 2148 2 4 14
E 2148 3 7 22
E 2148 4 10 30
E 2148 5 12 38
E 2148 6 15 46
T 2149 2 0 5 0
E 2149 0 -15 -46
E 2149 1 -12 -38
E 2149 2 -10 -30
E 2149 3 -7 -22
E 2149 4 -4 -14
T 2150 52 0 5 0
E 2150 2 5 17
E 2150 3 8 25
E 2150 4 11 33
E 2150 5 13 41
E 2150 6 16 49
T 2151 11 0 6 0
E 2151 0 -17 -53
E 2151 1 -15 -45
E 2151 2 -12 -37
E 2151 3 -9 -29
E 2151 4 -7 -21
E 2151 5 -4 -13
T 2152 61 0 6 0
E 2152 1 5 15
E 2152 2 7 23
E 2152 3 10 31
E 2152 4 13 39
E 2152 5 15 47
E 2152 6 18 55
T 2153 37 0 7 1
E 2153 0 -7 -69
E 2153 1 -6 -61
E 2153 2 -5 -53
E 2153 3 -5 -45
E 2153 4 -4 -37
E 2153 5 -3 -29
E 2153 6 -2 -21
T 2154 4 0 4 0
E 2154 0 -13 -40
E 2154 1 -10 -32
E 2154 2 -8 -24
E 2154 3 -5 -16
T 2155 43 0 4 0
E 2155 3 4 14
E 2155 4 7 22
E 2155 5 10 30
E 2155 6 12 38
T 2156 3 0 5 0
E 2156 0 -15 -47
E 2156 1 -13 -39
E 2156 2 -10 -31
E 2156 3 -7 -23
E 2156 4 -5 -15
T 2157 54 0 5 0
E 2157 2 6 19
E 2157 3 9 27
E 2157 4 11 35
E 2157 5 14 43
E 2157 6 17 51
T 2158 16 0 6 0
E 2158 0 -19 -58
E 2158 1 -16 -50
E 2158 2 -14 -42
E 2158 3 -11 -34
E 2158 4 -8 -26
E 2158 5 -6 -18
T 2159 11 0 7 1
E 2159 0 2 19
E 2159 1 3 27
E 2159 2 3 35
E 2159 3 4 43
E 2159 4 5 51
E 2159 5 6 59
E 2159 6 7 67
T 2160 2 0 4 0
E 2160 0 11 33
E 2160 4 5 17
E 2160 5 8 25
E 2160 6 11 33
T 2161 46 0 5 0
E 2161 1 -15 -47
E 2161 2 -13 -39
E 2161 3 -10 -31
E 2161 4 -7 -23
E 2161 5 -5 -15
T 2162 13 0 6 0
E 2162 0 17 51
E 2162 2 4 13
E 2162 3 7 21
E 2162 4 9 29
E 2162 5 12 37
E 2162 6 15 45
T 2163 67 0 6 0
E 2163 1 -20 -60
E 2163 2 -17 -52
E 2163 3 -14 -44
E 2163 4 -12 -36
E 2163 5 -9 -28
E 2163 6 -6 -20
T 2164 41 0 7 1
E 2164 0 8 74
E 2164 1 2 21
E 2164 2 3 29
E 2164 3 4 37
E 2164 4 5 45
E 2164 5 5 53
E 2164 6 6 61
T 2165 3 0 4 0
E 2165 0 14 42
E 2165 1 11 34
E 2165 5 6 18
E 2165 6 8 26
T 2166 54 0 5 0
E 2166 2 -15 -47
E 2166 3 -13 -39
E 2166 4 -10 -31
E 2166 5 -7 -23
E 2166 6 -5 -15
T 2167 5 0 4 0
E 2167 0 16 50
E 2167 1 14 42
E 2167 5 6 20
E 2167 6 9 28
T 2168 60 0 5 0
E 2168 2 -15 -47
E 2168 3 -13 -39
E 2168 4 -10 -31
E 2168 5 -7 -23
E 2168 6 -5 -15
T 2169 9 0 6 0
E 2169 0 22 68
E 2169 1 20 60
E 2169 3 5 15
E 2169 4 7 23
E 2169 5 10 31
E 2169 6 13 39
T 2170 64 0 5 0
E 2170 2 -6 -18
E 2170 3 -19 -58
E 2170 4 -16 -50
E 2170 5 -14 -42
E 2170 6 -11 -34
T 2171 13 0 6 0
E 2171 0 22 66
E 2171 1 19 58
E 2171 2 16 50
E 2171 4 5 15
E 2171 5 7 23
E 2171 6 10 31
T 2172 81 0 6 0
E 2172 1 -5 -16
E 2172 2 -8 -24
E 2172 3 -23 -70
E 2172 4 -20 -62
E 2172 5 -18 -54
E 2172 6 -15 -46
T 2173 48 0 7 1
E 2173 0 9 85
E 2173 1 8 77
E 2173 2 7 69
E 2173 3 2 20
E 2173 4 3 28
E 2173 5 4 36
E 2173 6 4 44
T 2174 14 0 4 0
E 2174 0 17 52
E 2174 1 14 44
E 2174 2 12 36
E 2174 3 -5 -17
T 2175 49 0 4 0
E 2175 0 6 20
E 2175 4 -14 -44
E 2175 5 -12 -36
E 2175 6 -9 -28
T 2176 15 0 6 0
E 2176 0 14 44
E 2176 1 12 36
E 2176 2 9 28
E 2176 3 6 20
E 2176 4 -7 -23
E 2176 5 -5 -15
T 2177 65 0 4 0
E 2177 3 -4 -13
E 2177 4 -19 -59
E 2177 5 -17 -51
E 2177 6 -14 -43
T 2178 10 0 5 0
E 2178 0 23 71
E 2178 1 21 63
E 2178 2 18 55
E 2178 3 15 47
E 2178 6 4 14
T 2179 91 0 6 0
E 2179 1 -5 -16
E 2179 2 -8 -24
E 2179 3 -10 -32
E 2179 4 -28 -85
E 2179 5 -25 -77
E 2179 6 -23 -69
T 2180 47 0 7 1
E 2180 0 9 89
E 2180 1 9 81
E 2180 2 8 73
E 2180 3 7 65
E 2180 4 6 57
E 2180 5 1 17
E 2180 6 2 25
T 2181 37 0 7 1
E 2181 0 5 47
E 2181 1 4 39
E 2181 2 3 31
E 2181 3 2 23
E 2181 4 1 15
E 2181 5 -3 -28
E 2181 6 -2 -20
T 2182 24 0 6 0
E 2182 0 14 42
E 2182 1 11 34
E 2182 2 8 26
E 2182 3 6 18
E 2182 5 -12 -36
E 2182 6 -9 -28
T 2183 51 0 3 0
E 2183 0 6 20
E 2183 5 -20 -61
E 2183 6 -17 -53
T 2184 40 0 7 1
E 2184 0 6 55
E 2184 1 5 47
E 2184 2 4 39
E 2184 3 3 31
E 2184 4 2 23
E 2184 5 -3 -30
E 2184 6 -2 -22
T 2185 17 0 5 0
E 2185 0 13 39
E 2185 1 10 31
E 2185 2 7 23
E 2185 3 5 15
E 2185 6 -13 -41
T 2186 47 0 4 0
E 2186 0 4 13
E 2186 4 -6 -19
E 2186 5 -9 -27
E 2186 6 -23 -70
T 2187 36 0 7 1
E 2187 0 6 54
E 2187 1 5 46
E 2187 2 4 38
E 2187 3 3 30
E 2187 4 2 22
E 2187 5 1 14
E 2187 6 -3 -32
T 2188 27 0 4 0
E 2188 0 11 33
E 2188 1 8 25
E 2188 2 5 17
E 2188 6 -18 -56
T 2189 28 0 4 0
E 2189 0 11 35
E 2189 1 9 27
E 2189 2 6 19
E 2189 6 -19 -58
T 2190 19 0 3 0
E 2190 0 9 28
E 2190 1 6 20
E 2190 6 -6 -20
T 2191 34 0 4 0
E 2191 0 5 17
E 2191 4 -5 -15
E 2191 5 -7 -23
E 2191 6 -10 -31
T 2192 9 0 3 0
E 2192 0 12 36
E 2192 1 9 28
E 2192 2 6 20
T 2193 34 0 4 0
E 2193 0 5 15
E 2193 4 -5 -17
E 2193 5 -8 -25
E 2193 6 -11 -33
T 2194 5 0 4 0
E 2194 0 12 37
E 2194 1 9 29
E 2194 2 7 21
E 2194 3 4 13
T 2195 43 0 4 0
E 2195 3 -4 -14
E 2195 4 -7 -22
E 2195 5 -10 -30
E 2195 6 -12 -38
T 2196 4 0 5 0
E 2196 0 16 48
E 2196 1 13 40
E 2196 2 10 32
E 2196 3 8 24
E 2196 4 5 16
T 2197 45 0 4 0
E 2197 3 -6 -20
E 2197 4 -9 -28
E 2197 5 -12 -36
E 2197 6 -14 -44
T 2198 3 0 4 0
E 2198 0 14 43
E 2198 1 11 35
E 2198 2 9 27
E 2198 3 6 19
T 2199 50 0 5 0
E 2199 2 -4 -13
E 2199 3 -7 -21
E 2199 4 -9 -29
E 2199 5 -12 -37
E 2199 6 -15 -45
T 2200 13 0 6 0
E 2200 0 18 55
E 2200 1 15 47
E 2200 2 13 39
E 2200 3 10 31
E 2200 4 7 23
E 2200 5 5 15
T 2201 11 0 7 1
E 2201 0 -1 -17
E 2201 1 -2 -25
E 2201 2 -3 -33
E 2201 3 -4 -41
E 2201 4 -5 -49
E 2201 5 -6 -57
E 2201 6 -7 -65
T 2202 35 0 4 0
E 2202 0 4 14
E 2202 4 -6 -18
E 2202 5 -8 -26
E 2202 6 -11 -34
T 2203 14 0 4 0
E 2203 0 10 32
E 2203 1 8 24
E 2203 2 5 16
E 2203 6 -5 -16
T 2204 33 0 4 0
E 2204 0 6 18
E 2204 4 -4 -14
E 2204 5 -7 -22
E 2204 6 -10 -30
T 2205 4 0 4 0
E 2205 0 13 41
E 2205 1 11 33
E 2205 2 8 25
E 2205 3 5 17
T 2206 44 0 4 0
E 2206 3 -5 -17
E 2206 4 -8 -25
E 2206 5 -11 -33
E 2206 6 -13 -41
T 2207 2 0 5 0
E 2207 0 15 46
E 2207 1 12 38
E 2207 2 10 30
E 2207 3 7 22
E 2207 4 4 14
T 2208 54 0 5 0
E 2208 2 -6 -20
E 2208 3 -9 -28
E 2208 4 -12 -36
E 2208 5 -14 -44
E 2208 6 -17 -52
T 2209 15 0 6 0
E 2209 0 19 57
E 2209 1 16 49
E 2209 2 13 41
E 2209 3 11 33
E 2209 4 8 25
E 2209 5 5 17
T 2210 64 0 6 0
E 2210 1 -6 -18
E 2210 2 -8 -26
E 2210 3 -11 -34
E 2210 4 -14 -42
E 2210 5 -16 -50
E 2210 6 -19 -58
T 2211 35 0 7 1
E 2211 0 6 61
E 2211 1 5 53
E 2211 2 5 45
E 2211 3 4 37
E 2211 4 3 29
E 2211 5 2 21
E 2211 6 1 13
T 2212 3 0 4 0
E 2212 0 14 42
E 2212 1 11 34
E 2212 2 8 26
E 2212 3 6 18
T 2213 44 0 4 0
E 2213 3 -5 -15
E 2213 4 -7 -23
E 2213 5 -10 -31
E 2213 6 -13 -39
T 2214 5 0 5 0
E 2214 0 16 50
E 2214 1 14 42
E 2214 2 11 34
E 2214 3 8 26
E 2214 4 6 18
T 2215 63 0 6 0
E 2215 1 -5 -17
E 2215 2 -8 -25
E 2215 3 -11 -33
E 2215 4 -13 -41
E 2215 5 -16 -49
E 2215 6 -19 -57
T 2216 35 0 7 1
E 2216 0 6 62
E 2216 1 6 54
E 2216 2 5 46
E 2216 3 4 38
E 2216 4 3 30
E 2216 5 2 22
E 2216 6 1 14
T 2217 4 0 4 0
E 2217 0 13 40
E 2217 1 10 32
E 2217 2 8 24
E 2217 3 5 16
T 2218 44 0 4 0
E 2218 3 -5 -16
E 2218 4 -8 -24
E 2218 5 -10 -32
E 2218 6 -13 -40
T 2219 4 0 4 0
E 2219 0 13 40
E 2219 1 10 32
E 2219 2 8 24
E 2219 3 5 16
T 2220 50 0 5 0
E 2220 2 -4 -14
E 2220 3 -7 -22
E 2220 4 -10 -30
E 2220 5 -12 -38
E 2220 6 -15 -46
T 2221 12 0 6 0
E 2221 0 18 54
E 2221 1 15 46
E 2221 2 12 38
E 2221 3 10 30
E 2221 4 7 22
E 2221 5 4 14
T 2222 63 0 6 0
E 2222 1 -5 -17
E 2222 2 -8 -25
E 2222 3 -11 -33
E 2222 4 -13 -41
E 2222 5 -16 -49
E 2222 6 -19 -57
T 2223 18 0 6 0
E 2223 0 20 60
E 2223 1 17 52
E 2223 2 14 44
E 2223 3 12 36
E 2223 4 9 28
E 2223 5 6 20
T 2224 11 0 7 1
E 2224 0 -2 -19
E 2224 1 -3 -27
E 2224 2 -3 -35
E 2224 3 -4 -43
E 2224 4 -5 -51
E 2224 5 -6 -59
E 2224 6 -7 -67
T 2225 44 0 4 0
E 2225 3 -5 -16
E 2225 4 -8 -24
E 2225 5 -10 -32
E 2225 6 -13 -40
T 2226 4 0 4 0
E 2226 0 13 41
E 2226 1 11 33
E 2226 2 8 25
E 2226 3 5 17
T 2227 50 0 5 0
E 2227 2 -4 -14
E 2227 3 -7 -22
E 2227 4 -10 -30
E 2227 5 -12 -38
E 2227 6 -15 -46
T 2228 2 0 5 0
E 2228 0 15 46
E 2228 1 12 38
E 2228 2 10 30
E 2228 3 7 22
E 2228 4 4 14
T 2229 53 0 5 0
E 2229 2 -6 -18
E 2229 3 -8 -26
E 2229 4 -11 -34
E 2229 5 -14 -42
E 2229 6 -16 -50
T 2230 4 0 5 0
E 2230 0 16 49
E 2230 1 13 41
E 2230 2 11 33
E 2230 3 8 25
E 2230 4 5 17
T 2231 53 0 5 0
E 2231 2 -6 -18
E 2231 3 -8 -26
E 2231 4 -11 -34
E 2231 5 -14 -42
E 2231 6 -16 -50
T 2232 15 0 6 0
E 2232 0 19 57
E 2232 1 16 49
E 2232 2 13 41
E 2232 3 11 33
E 2232 4 8 25
E 2232 5 5 17
T 2233 11 0 7 1
E 2233 0 -1 -17
E 2233 1 -2 -25
E 2233 2 -3 -33
E 2233 3 -4 -41
E 2233 4 -5 -49
E 2233 5 -6 -57
E 2233 6 -7 -65
T 2234 44 0 4 0
E 2234 3 -5 -17
E 2234 4 -8 -25
E 2234 5 -11 -33
E 2234 6 -13 -41
T 2235 3 0 4 0
E 2235 0 14 42
E 2235 1 11 34
E 2235 2 8 26
E 2235 3 6 18
T 2236 45 0 4 0
E 2236 3 -6 -18
E 2236 4 -8 -26
E 2236 5 -11 -34
E 2236 6 -14 -42
T 2237 3 0 4 0
E 2237 0 14 43
E 2237 1 11 35
E 2237 2 9 27
E 2237 3 6 19
T 2238 43 0 4 0
E 2238 3 -4 -14
E 2238 4 -7 -22
E 2238 5 -10 -30
E 2238 6 -12 -38
T 2239 3 0 5 0
E 2239 0 15 47
E 2239 1 13 39
E 2239 2 10 31
E 2239 3 7 23
E 2239 4 5 15
T 2240 61 0 6 0
E 2240 1 -5 -15
E 2240 2 -7 -23
E 2240 3 -10 -31
E 2240 4 -13 -39
E 2240 5 -15 -47
E 2240 6 -18 -55
T 2241 35 0 7 1
E 2241 0 6 62
E 2241 1 6 54
E 2241 2 5 46
E 2241 3 4 38
E 2241 4 3 30
E 2241 5 2 22
E 2241 6 1 14
T 2242 13 0 4 0
E 2242 0 11 35
E 2242 1 9 27
E 2242 2 6 19
E 2242 6 -4 -13
T 2243 39 0 3 0
E 2243 4 -6 -20
E 2243 5 -9 -28
E 2243 6 -12 -36
T 2244 5 0 4 0
E 2244 0 12 37
E 2244 1 9 29
E 2244 2 7 21
E 2244 3 4 13
T 2245 44 0 4 0
E 2245 3 -5 -15
E 2245 4 -7 -23
E 2245 5 -10 -31
E 2245 6 -13 -39
T 2246 5 0 5 0
E 2246 0 16 50
E 2246 1 14 42
E 2246 2 11 34
E 2246 3 8 26
E 2246 4 6 18
T 2247 60 0 6 0
E 2247 1 -4 -14
E 2247 2 -7 -22
E 2247 3 -10 -30
E 2247 4 -12 -38
E 2247 5 -15 -46
E 2247 6 -18 -54
T 2248 35 0 7 1
E 2248 0 7 63
E 2248 1 6 55
E 2248 2 5 47
E 2248 3 4 39
E 2248 4 3 31
E 2248 5 2 23
E 2248 6 1 15
T 2249 4 0 4 0
E 2249 0 13 39
E 2249 1 10 31
E 2249 2 7 23
E 2249 3 5 15
T 2250 50 0 5 0
E 2250 2 -4 -13
E 2250 3 -7 -21
E 2250 4 -9 -29
E 2250 5 -12 -37
E 2250 6 -15 -45
T 2251 4 0 5 0
E 2251 0 16 48
E 2251 1 13 40
E 2251 2 10 32
E 2251 3 8 24
E 2251 4 5 16
T 2252 61 0 6 0
E 2252 1 -5 -15
E 2252 2 -7 -23
E 2252 3 -10 -31
E 2252 4 -13 -39
E 2252 5 -15 -47
E 2252 6 -18 -55
T 2253 16 0 6 0
E 2253 0 19 58
E 2253 1 16 50
E 2253 2 14 42
E 2253 3 11 34
E 2253 4 8 26
E 2253 5 6 18
T 2254 11 0 7 1
E 2254 0 -2 -18
E 2254 1 -2 -26
E 2254 2 -3 -34
E 2254 3 -4 -42
E 2254 4 -5 -50
E 2254 5 -6 -58
E 2254 6 -7 -66
T 2255 33 0 4 0
E 2255 0 6 19
E 2255 4 -4 -13
E 2255 5 -7 -21
E 2255 6 -9 -29
T 2256 14 0 4 0
E 2256 0 10 32
E 2256 1 8 24
E 2256 2 5 16
E 2256 6 -5 -16
T 2257 36 0 3 0
E 2257 4 -5 -17
E 2257 5 -8 -25
E 2257 6 -11 -33
T 2258 1 0 4 0
E 2258 0 11 33
E 2258 1 10 30
E 2258 2 7 22
E 2258 3 4 14
T 2259 42 0 5 0
E 2259 2 -4 -13
E 2259 3 -7 -21
E 2259 4 -9 -29
E 2259 5 -12 -37
E 2259 6 -15 -45
T 2260 19 0 6 0
E 2260 0 14 43
E 2260 1 15 46
E 2260 2 12 38
E 2260 3 10 30
E 2260 4 7 22
E 2260 5 4 14
T 2261 3 0 7 1
E 2261 0 -2 -20
E 2261 1 -1 -15
E 2261 2 -2 -23
E 2261 3 -3 -31
E 2261 4 -4 -39
E 2261 5 -5 -47
E 2261 6 -6 -55
T 2262 20 0 2 0
E 2262 5 -6 -19
E 2262 6 -9 -27
T 2263 2 0 4 0
E 2263 0 5 16
E 2263 1 7 21
E 2263 2 6 18
E 2263 6 -4 -14
T 2264 18 0 3 0
E 2264 4 -5 -16
E 2264 5 -8 -24
E 2264 6 -10 -32
T 2265 9 0 4 0
E 2265 0 5 16
E 2265 1 7 21
E 2265 2 8 24
E 2265 3 5 16
T 2266 13 0 3 0
E 2266 4 -4 -14
E 2266 5 -7 -22
E 2266 6 -10 -30
T 2267 16 0 5 0
E 2267 0 6 18
E 2267 1 7 23
E 2267 2 9 28
E 2267 3 7 23
E 2267 4 5 15
T 2268 18 0 5 0
E 2268 0 -6 -18
E 2268 1 -4 -13
E 2268 4 -6 -19
E 2268 5 -9 -27
E 2268 6 -11 -35
T 2269 17 0 5 0
E 2269 0 4 14
E 2269 1 6 19
E 2269 2 8 24
E 2269 3 8 24
E 2269 4 5 16
T 2270 14 0 5 0
E 2270 0 -7 -21
E 2270 1 -5 -16
E 2270 4 -5 -16
E 2270 5 -8 -24
E 2270 6 -10 -32
T 2271 15 0 4 0
E 2271 1 5 17
E 2271 2 7 22
E 2271 3 9 27
E 2271 4 6 19
T 2272 5 0 4 0
E 2272 0 -6 -20
E 2272 1 -5 -15
E 2272 5 -6 -18
E 2272 6 -8 -26
T 2273 20 0 5 0
E 2273 1 4 14
E 2273 2 6 19
E 2273 3 8 24
E 2273 4 7 21
E 2273 5 4 13
T 2274 2 0 4 0
E 2274 0 -7 -21
E 2274 1 -5 -16
E 2274 5 -4 -14
E 2274 6 -7 -22
T 2275 19 0 4 0
E 2275 2 5 16
E 2275 3 7 21
E 2275 4 8 24
E 2275 5 5 16
T 2276 4 0 3 0
E 2276 0 -6 -18
E 2276 1 -4 -13
E 2276 6 -4 -14
T 2277 16 0 3 0
E 2277 3 5 15
E 2277 4 6 20
E 2277 5 5 15
T 2278 12 0 1 0
E 2278 0 -5 -17
T 2279 12 0 0 0
T 2280 12 0 0 0
T 2281 13 0 1 0
E 2281 5 5 17
T 2282 11 0 1 0
E 2282 0 -5 -16
T 2283 11 0 1 0
E 2283 0 -5 -16
T 2284 12 0 1 0
E 2284 0 -5 -17
T 2285 14 0 2 0
E 2285 0 -4 -13
E 2285 6 5 15
T 2286 9 0 2 0
E 2286 0 -7 -21
E 2286 1 -5 -16
T 2287 24 0 3 0
E 2287 4 4 13
E 2287 5 6 18
E 2287 6 7 23
T 2288 9 0 2 0
E 2288 0 -7 -21
E 2288 1 -5 -16
T 2289 15 0 2 0
E 2289 0 -4 -14
E 2289 6 5 16
T 2290 15 0 2 0
E 2290 0 -4 -14
E 2290 6 5 16
T 2291 10 0 2 0
E 2291 0 -7 -22
E 2291 1 -5 -17
T 2292 21 0 2 0
E 2292 5 5 16
E 2292 6 7 21
T 2293 6 0 3 0
E 2293 0 -8 -24
E 2293 1 -6 -19
E 2293 2 -4 -14
T 2294 21 0 2 0
E 2294 5 5 16
E 2294 6 7 21
T 2295 16 0 2 0
E 2295 0 -5 -17
E 2295 6 4 13
T 2296 6 0 3 0
E 2296 0 -7 -23
E 2296 1 -6 -18
E 2296 2 -4 -13
T 2297 22 0 2 0
E 2297 5 4 13
E 2297 6 6 18
T 2298 6 0 3 0
E 2298 0 -8 -26
E 2298 1 -7 -21
E 2298 2 -5 -16
T 2299 28 0 4 0
E 2299 3 4 14
E 2299 4 6 19
E 2299 5 8 24
E 2299 6 9 29
T 2300 1 0 4 0
E 2300 0 -10 -32
E 2300 1 -9 -27
E 2300 2 -7 -22
E 2300 3 -5 -17
T 2301 29 0 4 0
E 2301 3 5 17
E 2301 4 7 22
E 2301 5 9 27
E 2301 6 10 32
T 2302 4 0 5 0
E 2302 0 -11 -33
E 2302 1 -9 -28
E 2302 2 -7 -23
E 2302 3 -6 -18
E 2302 4 -4 -13
T 2303 29 0 4 0
E 2303 3 5 15
E 2303 4 6 20
E 2303 5 8 25
E 2303 6 10 30
T 2304 2 0 4 0
E 2304 0 -9 -29
E 2304 1 -8 -24
E 2304 2 -6 -19
E 2304 3 -4 -14
T 2305 24 0 3 0
E 2305 4 5 16
E 2305 5 7 21
E 2305 6 8 26
T 2306 3 0 4 0
E 2306 0 -9 -29
E 2306 1 -7 -23
E 2306 2 -6 -18
E 2306 3 -4 -13
T 2307 29 0 4 0
E 2307 3 4 14
E 2307 4 6 19
E 2307 5 8 24
E 2307 6 9 29
T 2308 8 0 3 0
E 2308 0 -8 -26
E 2308 1 -6 -19
E 2308 2 -4 -14
T 2309 20 0 3 0
E 2309 0 -5 -15
E 2309 5 4 13
E 2309 6 6 18
T 2310 18 0 2 0
E 2310 0 -6 -20
E 2310 6 4 13
T 2311 11 0 2 0
E 2311 0 -7 -22
E 2311 1 -4 -14
T 2312 21 0 3 0
E 2312 0 -4 -13
E 2312 5 5 16
E 2312 6 7 21
T 2313 9 0 3 0
E 2313 0 -9 -29
E 2313 1 -7 -21
E 2313 2 -4 -14
T 2314 22 0 3 0
E 2314 0 -5 -17
E 2314 5 4 14
E 2314 6 6 19
T 2315 22 0 3 0
E 2315 0 -5 -17
E 2315 5 4 14
E 2315 6 6 19
T 2316 9 0 3 0
E 2316 0 -9 -29
E 2316 1 -7 -21
E 2316 2 -4 -13
T 2317 37 0 4 0
E 2317 3 6 18
E 2317 4 7 23
E 2317 5 9 28
E 2317 6 11 33
T 2318 2 0 5 0
E 2318 0 -14 -43
E 2318 1 -11 -35
E 2318 2 -9 -27
E 2318 3 -6 -20
E 2318 4 -5 -15
T 2319 39 0 4 0
E 2319 3 6 19
E 2319 4 8 24
E 2319 5 9 29
E 2319 6 11 34
T 2320 5 0 4 0
E 2320 0 -12 -37
E 2320 1 -9 -29
E 2320 2 -7 -21
E 2320 3 -4 -13
T 2321 39 0 4 0
E 2321 3 5 16
E 2321 4 7 22
E 2321 5 9 27
E 2321 6 10 32
T 2322 9 0 3 0
E 2322 0 -11 -34
E 2322 1 -8 -26
E 2322 2 -6 -18
T 2323 35 0 3 0
E 2323 4 6 19
E 2323 5 8 24
E 2323 6 9 29
T 2324 9 0 3 0
E 2324 0 -11 -33
E 2324 1 -8 -25
E 2324 2 -5 -17
T 2325 42 0 4 0
E 2325 3 6 18
E 2325 4 8 26
E 2325 5 10 31
E 2325 6 12 36
T 2326 4 0 5 0
E 2326 0 -16 -48
E 2326 1 -13 -40
E 2326 2 -10 -32
E 2326 3 -8 -24
E 2326 4 -5 -16
T 2327 52 0 5 0
E 2327 2 6 20
E 2327 3 9 28
E 2327 4 12 36
E 2327 5 14 42
E 2327 6 15 47
T 2328 5 0 5 0
E 2328 0 -16 -50
E 2328 1 -14 -42
E 2328 2 -11 -34
E 2328 3 -8 -26
E 2328 4 -6 -18
T 2329 51 0 5 0
E 2329 2 5 17
E 2329 3 8 25
E 2329 4 11 33
E 2329 5 13 41
E 2329 6 15 46
T 2330 12 0 6 0
E 2330 0 -18 -54
E 2330 1 -15 -46
E 2330 2 -12 -38
E 2330 3 -10 -30
E 2330 4 -7 -22
E 2330 5 -4 -14
T 2331 12 0 7 1
E 2331 0 1 15
E 2331 1 2 23
E 2331 2 3 31
E 2331 3 4 39
E 2331 4 5 47
E 2331 5 6 55
E 2331 6 6 61
T 2332 43 0 4 0
E 2332 3 5 16
E 2332 4 8 24
E 2332 5 10 32
E 2332 6 12 38
T 2333 2 0 5 0
E 2333 0 -15 -45
E 2333 1 -12 -37
E 2333 2 -9 -29
E 2333 3 -7 -21
E 2333 4 -4 -13
T 2334 59 0 6 0
E 2334 1 4 13
E 2334 2 7 21
E 2334 3 9 29
E 2334 4 12 37
E 2334 5 15 45
E 2334 6 17 53
T 2335 14 0 6 0
E 2335 0 -18 -56
E 2335 1 -16 -48
E 2335 2 -13 -40
E 2335 3 -10 -32
E 2335 4 -8 -24
E 2335 5 -5 -16
T 2336 66 0 6 0
E 2336 1 6 20
E 2336 2 9 28
E 2336 3 12 36
E 2336 4 14 44
E 2336 5 17 52
E 2336 6 20 60
T 2337 37 0 7 1
E 2337 0 -7 -68
E 2337 1 -6 -60
E 2337 2 -5 -52
E 2337 3 -4 -44
E 2337 4 -4 -36
E 2337 5 -3 -28
E 2337 6 -2 -20
T 2338 13 0 4 0
E 2338 0 -11 -35
E 2338 1 -9 -27
E 2338 2 -6 -19
E 2338 6 4 13
T 2339 33 0 4 0
E 2339 0 -6 -19
E 2339 4 4 13
E 2339 5 7 21
E 2339 6 9 29
T 2340 5 0 4 0
E 2340 0 -12 -37
E 2340 1 -9 -29
E 2340 2 -7 -21
E 2340 3 -4 -13
T 2341 35 0 4 0
E 2341 0 -4 -13
E 2341 4 6 19
E 2341 5 9 27
E 2341 6 11 35
T 2342 4 0 4 0
E 2342 0 -13 -40
E 2342 1 -10 -32
E 2342 2 -8 -24
E 2342 3 -5 -16
T 2343 43 0 4 0
E 2343 3 4 13
E 2343 4 7 21
E 2343 5 9 29
E 2343 6 12 37
T 2344 2 0 5 0
E 2344 0 -15 -45
E 2344 1 -12 -37
E 2344 2 -9 -29
E 2344 3 -7 -21
E 2344 4 -4 -13
T 2345 51 0 5 0
E 2345 2 5 15
E 2345 3 7 23
E 2345 4 10 31
E 2345 5 13 39
E 2345 6 15 47
T 2346 15 0 6 0
E 2346 0 -19 -57
E 2346 1 -16 -49
E 2346 2 -13 -41
E 2346 3 -11 -33
E 2346 4 -8 -25
E 2346 5 -5 -17
T 2347 65 0 6 0
E 2347 1 6 19
E 2347 2 9 27
E 2347 3 11 35
E 2347 4 14 43
E 2347 5 17 51
E 2347 6 19 59
T 2348 37 0 7 1
E 2348 0 -7 -70
E 2348 1 -6 -62
E 2348 2 -6 -54
E 2348 3 -5 -46
E 2348 4 -4 -38
E 2348 5 -3 -30
E 2348 6 -2 -22
T 2349 3 0 4 0
E 2349 0 -14 -42
E 2349 1 -11 -34
E 2349 2 -8 -26
E 2349 3 -6 -18
T 2350 51 0 5 0
E 2350 2 5 15
E 2350 3 7 23
E 2350 4 10 31
E 2350 5 13 39
E 2350 6 15 47
T 2351 4 0 5 0
E 2351 0 -16 -48
E 2351 1 -13 -40
E 2351 2 -10 -32
E 2351 3 -8 -24
E 2351 4 -5 -16
T 2352 50 0 5 0
E 2352 2 4 13
E 2352 3 7 21
E 2352 4 9 29
E 2352 5 12 37
E 2352 6 15 45
T 2353 16 0 6 0
E 2353 0 -19 -58
E 2353 1 -16 -50
E 2353 2 -14 -42
E 2353 3 -11 -34
E 2353 4 -8 -26
E 2353 5 -6 -18
T 2354 63 0 6 0
E 2354 1 5 17
E 2354 2 8 25
E 2354 3 11 33
E 2354 4 13 41
E 2354 5 16 49
E 2354 6 19 57
T 2355 35 0 7 1
E 2355 0 -7 -63
E 2355 1 -6 -55
E 2355 2 -5 -47
E 2355 3 -4 -39
E 2355 4 -3 -31
E 2355 5 -2 -23
E 2355 6 -1 -15
T 2356 13 0 4 0
E 2356 0 -11 -35
E 2356 1 -9 -27
E 2356 2 -6 -19
E 2356 6 4 13
T 2357 33 0 4 0
E 2357 0 -6 -18
E 2357 4 4 14
E 2357 5 7 22
E 2357 6 10 30
T 2358 5 0 4 0
E 2358 0 -12 -37
E 2358 1 -9 -29
E 2358 2 -7 -21
E 2358 3 -4 -13
T 2359 43 0 4 0
E 2359 3 4 14
E 2359 4 7 22
E 2359 5 10 30
E 2359 6 12 38
T 2360 3 0 4 0
E 2360 0 -14 -42
E 2360 1 -11 -34
E 2360 2 -8 -26
E 2360 3 -6 -18
T 2361 52 0 5 0
E 2361 2 5 16
E 2361 3 8 24
E 2361 4 10 32
E 2361 5 13 40
E 2361 6 16 48
T 2362 4 0 5 0
E 2362 0 -16 -49
E 2362 1 -13 -41
E 2362 2 -11 -33
E 2362 3 -8 -25
E 2362 4 -5 -17
T 2363 62 0 6 0
E 2363 1 5 16
E 2363 2 8 24
E 2363 3 10 32
E 2363 4 13 40
E 2363 5 16 48
E 2363 6 18 56
T 2364 17 0 6 0
E 2364 0 -19 -59
E 2364 1 -17 -51
E 2364 2 -14 -43
E 2364 3 -11 -35
E 2364 4 -9 -27
E 2364 5 -6 -19
T 2365 66 0 6 0
E 2365 1 6 20
E 2365 2 9 28
E 2365 3 12 36
E 2365 4 14 44
E 2365 5 17 52
E 2365 6 20 60
T 2366 37 0 7 1
E 2366 0 -7 -65
E 2366 1 -6 -57
E 2366 2 -5 -49
E 2366 3 -4 -41
E 2366 4 -3 -33
E 2366 5 -2 -25
E 2366 6 -1 -17
T 2367 3 0 4 0
E 2367 0 -14 -43
E 2367 1 -11 -35
E 2367 2 -9 -27
E 2367 3 -6 -19
T 2368 52 0 5 0
E 2368 2 5 17
E 2368 3 8 25
E 2368 4 11 33
E 2368 5 13 41
E 2368 6 16 49
T 2369 13 0 6 0
E 2369 0 -18 -55
E 2369 1 -15 -47
E 2369 2 -13 -39
E 2369 3 -10 -31
E 2369 4 -7 -23
E 2369 5 -5 -15
T 2370 61 0 6 0
E 2370 1 5 15
E 2370 2 7 23
E 2370 3 10 31
E 2370 4 13 39
E 2370 5 15 47
E 2370 6 18 55
T 2371 37 0 7 1
E 2371 0 -7 -68
E 2371 1 -6 -60
E 2371 2 -5 -52
E 2371 3 -4 -44
E 2371 4 -4 -36
E 2371 5 -3 -28
E 2371 6 -2 -20
T 2372 14 0 4 0
E 2372 0 -11 -33
E 2372 1 -8 -25
E 2372 2 -5 -17
E 2372 6 5 15
T 2373 33 0 4 0
E 2373 0 -6 -18
E 2373 4 4 14
E 2373 5 7 22
E 2373 6 10 30
T 2374 5 0 4 0
E 2374 0 -12 -37
E 2374 1 -9 -29
E 2374 2 -7 -21
E 2374 3 -4 -13
T 2375 51 0 5 0
E 2375 2 5 15
E 2375 3 7 23
E 2375 4 10 31
E 2375 5 13 39
E 2375 6 15 47
T 2376 14 0 6 0
E 2376 0 -18 -56
E 2376 1 -16 -48
E 2376 2 -13 -40
E 2376 3 -10 -32
E 2376 4 -8 -24
E 2376 5 -5 -16
T 2377 66 0 6 0
E 2377 1 6 20
E 2377 2 9 28
E 2377 3 12 36
E 2377 4 14 44
E 2377 5 17 52
E 2377 6 20 60
T 2378 36 0 7 1
E 2378 0 -7 -64
E 2378 1 -6 -56
E 2378 2 -5 -48
E 2378 3 -4 -40
E 2378 4 -3 -32
E 2378 5 -2 -24
E 2378 6 -1 -16
T 2379 5 0 4 0
E 2379 0 -12 -37
E 2379 1 -9 -29
E 2379 2 -7 -21
E 2379 3 -4 -13
T 2380 50 0 5 0
E 2380 2 4 14
E 2380 3 7 22
E 2380 4 10 30
E 2380 5 12 38
E 2380 6 15 46
T 2381 2 0 5 0
E 2381 0 -15 -46
E 2381 1 -12 -38
E 2381 2 -10 -30
E 2381 3 -7 -22
E 2381 4 -4 -14
T 2382 59 0 6 0
E 2382 1 4 13
E 2382 2 7 21
E 2382 3 9 29
E 2382 4 12 37
E 2382 5 15 45
E 2382 6 17 53
T 2383 18 0 6 0
E 2383 0 -20 -60
E 2383 1 -17 -52
E 2383 2 -14 -44
E 2383 3 -12 -36
E 2383 4 -9 -28
E 2383 5 -6 -20
T 2384 11 0 7 1
E 2384 0 2 22
E 2384 1 3 30
E 2384 2 4 38
E 2384 3 5 46
E 2384 4 6 54
E 2384 5 6 62
E 2384 6 7 70
T 2385 43 0 4 0
E 2385 3 4 13
E 2385 4 7 21
E 2385 5 9 29
E 2385 6 12 37
T 2386 3 0 4 0
E 2386 0 -14 -42
E 2386 1 -11 -34
E 2386 2 -8 -26
E 2386 3 -6 -18
T 2387 50 0 5 0
E 2387 2 4 13
E 2387 3 7 21
E 2387 4 9 29
E 2387 5 12 37
E 2387 6 15 45
T 2388 14 0 6 0
E 2388 0 -18 -56
E 2388 1 -16 -48
E 2388 2 -13 -40
E 2388 3 -10 -32
E 2388 4 -8 -24
E 2388 5 -5 -16
T 2389 11 0 7 1
E 2389 0 2 18
E 2389 1 2 26
E 2389 2 3 34
E 2389 3 4 42
E 2389 4 5 50
E 2389 5 6 58
E 2389 6 7 66
T 2390 34 0 4 0
E 2390 0 -5 -16
E 2390 4 5 16
E 2390 5 8 24
E 2390 6 10 32
T 2391 3 0 4 0
E 2391 0 -14 -42
E 2391 1 -11 -34
E 2391 2 -8 -26
E 2391 3 -6 -18
T 2392 44 0 4 0
E 2392 3 5 16
E 2392 4 8 24
E 2392 5 10 32
E 2392 6 13 40
T 2393 3 0 5 0
E 2393 0 -15 -47
E 2393 1 -13 -39
E 2393 2 -10 -31
E 2393 3 -7 -23
E 2393 4 -5 -15
T 2394 50 0 5 0
E 2394 2 4 13
E 2394 3 7 21
E 2394 4 9 29
E 2394 5 12 37
E 2394 6 15 45
T 2395 6 0 5 0
E 2395 0 -17 -51
E 2395 1 -14 -43
E 2395 2 -11 -35
E 2395 3 -9 -27
E 2395 4 -6 -19
T 2396 64 0 6 0
E 2396 1 6 18
E 2396 2 8 26
E 2396 3 11 34
E 2396 4 14 42
E 2396 5 16 50
E 2396 6 19 58
T 2397 37 0 7 1
E 2397 0 -7 -68
E 2397 1 -6 -60
E 2397 2 -5 -52
E 2397 3 -4 -44
E 2397 4 -4 -36
E 2397 5 -3 -28
E 2397 6 -2 -20
T 2398 14 0 4 0
E 2398 0 -11 -33
E 2398 1 -8 -25
E 2398 2 -5 -17
E 2398 6 5 15
T 2399 43 0 4 0
E 2399 3 4 13
E 2399 4 7 21
E 2399 5 9 29
E 2399 6 12 37
T 2400 36 0 4 0
E 2400 1 -13 -41
E 2400 2 -11 -33
E 2400 3 -8 -25
E 2400 4 -5 -17
T 2401 1 0 4 0
E 2401 0 11 34
E 2401 4 5 15
E 2401 5 7 23
E 2401 6 10 31
T 2402 43 0 4 0
E 2402 1 -14 -44
E 2402 2 -12 -36
E 2402 3 -9 -28
E 2402 4 -6 -20
T 2403 5 0 4 0
E 2403 0 13 41
E 2403 4 5 16
E 2403 5 8 24
E 2403 6 10 32
T 2404 59 0 5 0
E 2404 1 -17 -51
E 2404 2 -14 -43
E 2404 3 -11 -35
E 2404 4 -9 -27
E 2404 5 -6 -19
T 2405 14 0 6 0
E 2405 0 18 56
E 2405 1 16 48
E 2405 3 5 16
E 2405 4 8 24
E 2405 5 10 32
E 2405 6 13 40
T 2406 67 0 6 0
E 2406 1 -5 -16
E 2406 2 -19 -59
E 2406 3 -17 -51
E 2406 4 -14 -43
E 2406 5 -11 -35
E 2406 6 -9 -27
T 2407 42 0 7 1
E 2407 0 7 71
E 2407 1 7 63
E 2407 2 1 17
E 2407 3 2 25
E 2407 4 3 33
E 2407 5 4 41
E 2407 6 5 49
T 2408 7 0 4 0
E 2408 0 16 48
E 2408 1 13 40
E 2408 5 5 15
E 2408 6 7 23
T 2409 71 0 5 0
E 2409 2 -19 -58
E 2409 3 -16 -50
E 2409 4 -14 -42
E 2409 5 -11 -34
E 2409 6 -8 -26
T 2410 43 0 7 1
E 2410 0 8 79
E 2410 1 7 71
E 2410 2 7 63
E 2410 3 2 23
E 2410 4 3 31
E 2410 5 4 39
E 2410 6 5 47
T 2411 20 0 5 0
E 2411 0 12 38
E 2411 1 10 30
E 2411 2 7 22
E 2411 3 -7 -21
E 2411 4 -4 -13
T 2412 53 0 5 0
E 2412 0 6 18
E 2412 3 -14 -44
E 2412 4 -12 -36
E 2412 5 -9 -28
E 2412 6 -6 -20
T 2413 4 0 4 0
E 2413 0 19 57
E 2413 1 16 49
E 2413 2 13 41
E 2413 6 5 16
T 2414 73 0 4 0
E 2414 3 -21 -64
E 2414 4 -18 -56
E 2414 5 -16 -48
E 2414 6 -13 -40
T 2415 23 0 6 0
E 2415 0 25 76
E 2415 1 22 68
E 2415 2 20 60
E 2415 3 17 52
E 2415 5 6 20
E 2415 6 9 28
T 2416 17 0 7 1
E 2416 0 -2 -19
E 2416 1 -3 -27
E 2416 2 -3 -35
E 2416 3 -4 -43
E 2416 4 -9 -86
E 2416 5 -8 -78
E 2416 6 -7 -70
T 2417 49 0 5 0
E 2417 0 7 23
E 2417 1 5 15
E 2417 4 -15 -47
E 2417 5 -13 -39
E 2417 6 -10 -31
T 2418 14 0 6 0
E 2418 0 16 48
E 2418 1 13 40
E 2418 2 10 32
E 2418 3 8 24
E 2418 4 -8 -25
E 2418 5 -5 -17
T 2419 64 0 4 0
E 2419 0 4 14
E 2419 4 -21 -63
E 2419 5 -18 -55
E 2419 6 -15 -47
T 2420 17 0 5 0
E 2420 0 22 68
E 2420 1 20 60
E 2420 2 17 52
E 2420 3 14 44
E 2420 4 12 36
T 2421 17 0 7 1
E 2421 0 -1 -17
E 2421 1 -2 -25
E 2421 2 -3 -33
E 2421 3 -4 -41
E 2421 4 -5 -49
E 2421 5 -10 -92
E 2421 6 -9 -84
T 2422 54 0 4 0
E 2422 0 5 15
E 2422 4 -5 -17
E 2422 5 -21 -63
E 2422 6 -18 -55
T 2423 39 0 7 1
E 2423 0 5 50
E 2423 1 4 42
E 2423 2 3 34
E 2423 3 2 26
E 2423 4 2 18
E 2423 5 -3 -31
E 2423 6 -2 -23
T 2424 27 0 6 0
E 2424 0 14 44
E 2424 1 12 36
E 2424 2 9 28
E 2424 3 6 20
E 2424 5 -13 -41
E 2424 6 -11 -33
T 2425 30 0 3 0
E 2425 0 9 28
E 2425 1 6 20
E 2425 6 -17 -52
T 2426 25 0 4 0
E 2426 0 11 33
E 2426 1 8 25
E 2426 2 5 17
E 2426 6 -16 -50
T 2427 37 0 4 0
E 2427 0 8 25
E 2427 1 5 17
E 2427 5 -5 -15
E 2427 6 -20 -61
T 2428 28 0 4 0
E 2428 0 10 32
E 2428 1 8 24
E 2428 2 5 16
E 2428 6 -19 -57
T 2429 30 0 4 0
E 2429 0 9 29
E 2429 1 7 21
E 2429 2 4 13
E 2429 6 -21 -64
T 2430 14 0 4 0
E 2430 0 10 31
E 2430 1 7 23
E 2430 2 5 15
E 2430 6 -5 -17
T 2431 34 0 4 0
E 2431 0 5 15
E 2431 4 -5 -17
E 2431 5 -8 -25
E 2431 6 -11 -33
T 2432 14 0 4 0
E 2432 0 10 31
E 2432 1 7 23
E 2432 2 5 15
E 2432 6 -5 -17
T 2433 44 0 4 0
E 2433 3 -5 -15
E 2433 4 -7 -23
E 2433 5 -10 -31
E 2433 6 -13 -39
T 2434 6 0 5 0
E 2434 0 17 52
E 2434 1 14 44
E 2434 2 12 36
E 2434 3 9 28
E 2434 4 6 20
T 2435 62 0 6 0
E 2435 1 -5 -16
E 2435 2 -8 -24
E 2435 3 -10 -32
E 2435 4 -13 -40
E 2435 5 -16 -48
E 2435 6 -18 -56
T 2436 37 0 7 1
E 2436 0 7 66
E 2436 1 6 58
E 2436 2 5 50
E 2436 3 4 42
E 2436 4 3 34
E 2436 5 2 26
E 2436 6 2 18
T 2437 4 0 4 0
E 2437 0 13 40
E 2437 1 10 32
E 2437 2 8 24
E 2437 3 5 16
T 2438 51 0 5 0
E 2438 2 -5 -15
E 2438 3 -7 -23
E 2438 4 -10 -31
E 2438 5 -13 -39
E 2438 6 -15 -47
T 2439 4 0 5 0
E 2439 0 16 49
E 2439 1 13 41
E 2439 2 11 33
E 2439 3 8 25
E 2439 4 5 17
T 2440 59 0 6 0
E 2440 1 -4 -13
E 2440 2 -7 -21
E 2440 3 -9 -29
E 2440 4 -12 -37
E 2440 5 -15 -45
E 2440 6 -17 -53
T 2441 12 0 6 0
E 2441 0 18 54
E 2441 1 15 46
E 2441 2 12 38
E 2441 3 10 30
E 2441 4 7 22
E 2441 5 4 14
T 2442 59 0 6 0
E 2442 1 -4 -13
E 2442 2 -7 -21
E 2442 3 -9 -29
E 2442 4 -12 -37
E 2442 5 -15 -45
E 2442 6 -17 -53
T 2443 14 0 6 0
E 2443 0 18 56
E 2443 1 16 48
E 2443 2 13 40
E 2443 3 10 32
E 2443 4 8 24
E 2443 5 5 16
T 2444 13 0 7 1
E 2444 0 -1 -14
E 2444 1 -2 -22
E 2444 2 -3 -30
E 2444 3 -4 -38
E 2444 4 -5 -46
E 2444 5 -6 -54
E 2444 6 -6 -62
T 2445 33 0 4 0
E 2445 0 6 19
E 2445 4 -4 -13
E 2445 5 -7 -21
E 2445 6 -9 -29
T 2446 14 0 4 0
E 2446 0 11 33
E 2446 1 8 25
E 2446 2 5 17
E 2446 6 -5 -15
T 2447 33 0 4 0
E 2447 0 6 19
E 2447 4 -4 -13
E 2447 5 -7 -21
E 2447 6 -9 -29
T 2448 13 0 4 0
E 2448 0 11 35
E 2448 1 9 27
E 2448 2 6 19
E 2448 6 -4 -13
T 2449 25 0 4 0
E 2449 0 7 21
E 2449 1 4 13
E 2449 5 -6 -19
E 2449 6 -9 -27
T 2450 24 0 4 0
E 2450 0 8 25
E 2450 1 5 17
E 2450 5 -5 -15
E 2450 6 -7 -23
T 2451 24 1 4 0
E 2451 0 8 24
E 2451 1 5 16
E 2451 5 -5 -16
E 2451 6 -8 -24
T 2452 23 0 4 0
E 2452 0 8 26
E 2452 1 6 18
E 2452 5 -4 -14
E 2452 6 -7 -22
T 2453 24 0 4 0
E 2453 0 7 23
E 2453 1 5 15
E 2453 5 -5 -17
E 2453 6 -8 -25
T 2454 23 0 4 0
E 2454 0 8 26
E 2454 1 6 18
E 2454 5 -4 -14
E 2454 6 -7 -22
T 2455 25 0 4 0
E 2455 0 7 21
E 2455 1 4 13
E 2455 5 -6 -19
E 2455 6 -9 -27
T 2456 15 0 4 0
E 2456 0 9 29
E 2456 1 7 21
E 2456 2 4 13
E 2456 6 -6 -19
T 2457 35 0 4 0
E 2457 0 4 14
E 2457 4 -6 -18
E 2457 5 -8 -26
E 2457 6 -11 -34
T 2458 3 0 4 0
E 2458 0 14 42
E 2458 1 11 34
E 2458 2 8 26
E 2458 3 6 18
T 2459 50 0 5 0
E 2459 2 -4 -14
E 2459 3 -7 -22
E 2459 4 -10 -30
E 2459 5 -12 -38
E 2459 6 -15 -46
T 2460 14 0 6 0
E 2460 0 18 56
E 2460 1 16 48
E 2460 2 13 40
E 2460 3 10 32
E 2460 4 8 24
E 2460 5 5 16
T 2461 66 0 6 0
E 2461 1 -6 -20
E 2461 2 -9 -28
E 2461 3 -12 -36
E 2461 4 -14 -44
E 2461 5 -17 -52
E 2461 6 -20 -60
T 2462 37 0 7 1
E 2462 0 7 66
E 2462 1 6 58
E 2462 2 5 50
E 2462 3 4 42
E 2462 4 3 34
E 2462 5 2 26
E 2462 6 2 18
T 2463 14 0 4 0
E 2463 0 11 33
E 2463 1 8 25
E 2463 2 5 17
E 2463 6 -5 -15
T 2464 34 0 4 0
E 2464 0 5 15
E 2464 4 -5 -17
E 2464 5 -8 -25
E 2464 6 -11 -33
T 2465 13 0 4 0
E 2465 0 11 35
E 2465 1 9 27
E 2465 2 6 19
E 2465 6 -4 -13
T 2466 44 0 4 0
E 2466 3 -5 -16
E 2466 4 -8 -24
E 2466 5 -10 -32
E 2466 6 -13 -40
T 2467 2 0 5 0
E 2467 0 15 46
E 2467 1 12 38
E 2467 2 10 30
E 2467 3 7 22
E 2467 4 4 14
T 2468 45 0 4 0
E 2468 3 -6 -20
E 2468 4 -9 -28
E 2468 5 -12 -36
E 2468 6 -14 -44
T 2469 3 0 5 0
E 2469 0 15 47
E 2469 1 13 39
E 2469 2 10 31
E 2469 3 7 23
E 2469 4 5 15
T 2470 59 0 6 0
E 2470 1 -4 -13
E 2470 2 -7 -21
E 2470 3 -9 -29
E 2470 4 -12 -37
E 2470 5 -15 -45
E 2470 6 -17 -53
T 2471 15 0 6 0
E 2471 0 19 57
E 2471 1 16 49
E 2471 2 13 41
E 2471 3 11 33
E 2471 4 8 25
E 2471 5 5 17
T 2472 64 0 6 0
E 2472 1 -6 -18
E 2472 2 -8 -26
E 2472 3 -11 -34
E 2472 4 -14 -42
E 2472 5 -16 -50
E 2472 6 -19 -58
T 2473 35 0 7 1
E 2473 0 7 63
E 2473 1 6 55
E 2473 2 5 47
E 2473 3 4 39
E 2473 4 3 31
E 2473 5 2 23
E 2473 6 1 15
T 2474 5 0 4 0
E 2474 0 12 38
E 2474 1 10 30
E 2474 2 7 22
E 2474 3 4 14
T 2475 44 0 4 0
E 2475 3 -5 -17
E 2475 4 -8 -25
E 2475 5 -11 -33
E 2475 6 -13 -41
T 2476 5 0 5 0
E 2476 0 16 50
E 2476 1 14 42
E 2476 2 11 34
E 2476 3 8 26
E 2476 4 6 18
T 2477 60 0 6 0
E 2477 1 -4 -14
E 2477 2 -7 -22
E 2477 3 -10 -30
E 2477 4 -12 -38
E 2477 5 -15 -46
E 2477 6 -18 -54
T 2478 18 0 6 0
E 2478 0 20 60
E 2478 1 17 52
E 2478 2 14 44
E 2478 3 12 36
E 2478 4 9 28
E 2478 5 6 20
T 2479 11 0 7 1
E 2479 0 -2 -20
E 2479 1 -3 -28
E 2479 2 -4 -36
E 2479 3 -4 -44
E 2479 4 -5 -52
E 2479 5 -6 -60
E 2479 6 -7 -68
T 2480 34 0 4 0
E 2480 0 5 16
E 2480 4 -5 -16
E 2480 5 -8 -24
E 2480 6 -10 -32
T 2481 14 0 4 0
E 2481 0 10 31
E 2481 1 7 23
E 2481 2 5 15
E 2481 6 -5 -17
T 2482 35 0 4 0
E 2482 0 4 14
E 2482 4 -6 -18
E 2482 5 -8 -26
E 2482 6 -11 -34
T 2483 9 0 3 0
E 2483 0 12 36
E 2483 1 9 28
E 2483 2 6 20
T 2484 45 0 4 0
E 2484 3 -6 -18
E 2484 4 -8 -26
E 2484 5 -11 -34
E 2484 6 -14 -42
T 2485 6 0 5 0
E 2485 0 17 51
E 2485 1 14 43
E 2485 2 11 35
E 2485 3 9 27
E 2485 4 6 19
T 2486 52 0 5 0
E 2486 2 -5 -17
E 2486 3 -8 -25
E 2486 4 -11 -33
E 2486 5 -13 -41
E 2486 6 -16 -49
T 2487 11 0 6 0
E 2487 0 17 53
E 2487 1 15 45
E 2487 2 12 37
E 2487 3 9 29
E 2487 4 7 21
E 2487 5 4 13
T 2488 13 0 7 1
E 2488 0 -1 -15
E 2488 1 -2 -23
E 2488 2 -3 -31
E 2488 3 -4 -39
E 2488 4 -5 -47
E 2488 5 -6 -55
E 2488 6 -7 -63
T 2489 33 0 4 0
E 2489 0 6 19
E 2489 4 -4 -13
E 2489 5 -7 -21
E 2489 6 -9 -29
T 2490 14 0 4 0
E 2490 0 10 31
E 2490 1 7 23
E 2490 2 5 15
E 2490 6 -5 -17
T 2491 29 0 3 0
E 2491 0 6 20
E 2491 5 -6 -20
E 2491 6 -9 -28
T 2492 15 0 4 0
E 2492 0 9 29
E 2492 1 7 21
E 2492 2 4 13
E 2492 6 -6 -19
T 2493 25 0 4 0
E 2493 0 7 22
E 2493 1 4 14
E 2493 5 -6 -18
E 2493 6 -8 -26
T 2494 23 0 4 0
E 2494 0 9 27
E 2494 1 6 19
E 2494 5 -4 -13
E 2494 6 -7 -21
T 2495 33 0 4 0
E 2495 0 6 19
E 2495 4 -4 -13
E 2495 5 -7 -21
E 2495 6 -9 -29
T 2496 15 0 4 0
E 2496 0 10 30
E 2496 1 7 22
E 2496 2 4 14
E 2496 6 -6 -18
T 2497 36 0 3 0
E 2497 4 -6 -19
E 2497 5 -9 -27
E 2497 6 -11 -35
T 2498 9 0 4 0
E 2498 0 10 30
E 2498 1 9 27
E 2498 2 6 19
E 2498 6 -4 -13
T 2499 20 0 4 0
E 2499 0 4 13
E 2499 1 4 13
E 2499 5 -6 -19
E 2499 6 -9 -27
T 2500 8 0 4 0
E 2500 0 6 19
E 2500 1 7 22
E 2500 2 4 14
E 2500 6 -6 -18
T 2501 19 0 3 0
E 2501 1 4 14
E 2501 5 -6 -18
E 2501 6 -8 -26
T 2502 3 0 4 0
E 2502 0 6 18
E 2502 1 7 23
E 2502 2 6 18
E 2502 6 -4 -14
T 2503 21 0 3 0
E 2503 4 -5 -17
E 2503 5 -8 -25
E 2503 6 -11 -33
T 2504 14 0 5 0
E 2504 0 8 25
E 2504 1 10 30
E 2504 2 10 30
E 2504 3 7 22
E 2504 4 4 14
T 2505 25 0 5 0
E 2505 0 -5 -17
E 2505 3 -5 -17
E 2505 4 -8 -25
E 2505 5 -11 -33
E 2505 6 -13 -41
T 2506 19 0 5 0
E 2506 0 8 26
E 2506 1 10 31
E 2506 2 12 36
E 2506 3 9 28
E 2506 4 6 20
T 2507 7 0 7 1
E 2507 0 -2 -23
E 2507 1 -2 -18
E 2507 2 -1 -13
E 2507 3 -2 -18
E 2507 4 -2 -26
E 2507 5 -3 -34
E 2507 6 -4 -42
T 2508 8 0 3 0
E 2508 4 -4 -13
E 2508 5 -7 -21
E 2508 6 -9 -29
T 2509 5 0 1 0
E 2509 6 -4 -13
T 2510 3 0 1 0
E 2510 3 5 15
T 2511 3 0 0 0
T 2512 3 0 0 0
T 2513 5 0 0 0
T 2514 9 0 0 0
T 2515 7 0 2 0
E 2515 0 -5 -16
E 2515 6 -4 -14
T 2516 9 0 1 0
E 2516 4 5 16
T 2517 9 0 1 0
E 2517 0 -4 -13
T 2518 10 0 0 0
T 2519 15 0 2 0
E 2519 4 5 15
E 2519 5 5 15
T 2520 9 0 2 0
E 2520 0 -6 -20
E 2520 1 -5 -15
T 2521 10 0 1 0
E 2521 0 -5 -15
T 2522 10 0 1 0
E 2522 0 -5 -15
T 2523 17 0 2 0
E 2523 5 5 17
E 2523 6 4 14
T 2524 11 0 1 0
E 2524 0 -5 -16
T 2525 11 0 1 0
E 2525 0 -5 -16
T 2526 21 0 2 0
E 2526 5 5 15
E 2526 6 6 20
T 2527 16 0 2 0
E 2527 0 -5 -17
E 2527 6 4 13
T 2528 22 0 2 0
E 2528 5 4 13
E 2528 6 6 18
T 2529 6 0 3 0
E 2529 0 -8 -26
E 2529 1 -7 -21
E 2529 2 -5 -16
T 2530 20 0 2 0
E 2530 5 5 17
E 2530 6 7 22
T 2531 8 0 2 0
E 2531 0 -6 -18
E 2531 1 -4 -13
T 2532 22 0 2 0
E 2532 5 4 13
E 2532 6 6 18
T 2533 6 0 3 0
E 2533 0 -7 -23
E 2533 1 -6 -18
E 2533 2 -4 -13
T 2534 22 0 2 0
E 2534 5 4 13
E 2534 6 6 18
T 2535 16 0 2 0
E 2535 0 -5 -17
E 2535 6 4 13
T 2536 9 0 2 0
E 2536 0 -6 -19
E 2536 1 -4 -14
T 2537 21 0 2 0
E 2537 5 5 15
E 2537 6 6 20
T 2538 2 0 4 0
E 2538 0 -9 -28
E 2538 1 -7 -23
E 2538 2 -6 -18
E 2538 3 -4 -13
T 2539 24 0 3 0
E 2539 4 5 16
E 2539 5 7 21
E 2539 6 8 26
T 2540 9 0 2 0
E 2540 0 -6 -20
E 2540 1 -5 -15
T 2541 24 0 3 0
E 2541 4 5 15
E 2541 5 6 20
E 2541 6 8 25
T 2542 6 0 3 0
E 2542 0 -9 -27
E 2542 1 -7 -22
E 2542 2 -5 -17
T 2543 24 0 3 0
E 2543 4 4 13
E 2543 5 6 18
E 2543 6 7 23
T 2544 9 0 2 0
E 2544 0 -7 -21
E 2544 1 -5 -16
T 2545 21 0 2 0
E 2545 5 5 15
E 2545 6 6 20
T 2546 7 0 3 0
E 2546 0 -8 -25
E 2546 1 -6 -19
E 2546 2 -4 -14
T 2547 25 0 3 0
E 2547 4 5 16
E 2547 5 7 21
E 2547 6 8 26
T 2548 3 0 4 0
E 2548 0 -10 -30
E 2548 1 -7 -23
E 2548 2 -6 -18
E 2548 3 -4 -13
T 2549 23 0 2 0
E 2549 5 5 17
E 2549 6 7 22
T 2550 8 0 3 0
E 2550 0 -8 -26
E 2550 1 -6 -18
E 2550 2 -4 -13
T 2551 28 0 3 0
E 2551 4 5 15
E 2551 5 6 20
E 2551 6 8 25
T 2552 12 0 2 0
E 2552 0 -8 -26
E 2552 1 -6 -18
T 2553 19 0 2 0
E 2553 0 -6 -20
E 2553 6 5 15
T 2554 11 0 2 0
E 2554 0 -8 -24
E 2554 1 -5 -16
T 2555 34 0 4 0
E 2555 3 4 14
E 2555 4 6 19
E 2555 5 8 24
E 2555 6 9 29
T 2556 5 0 4 0
E 2556 0 -12 -36
E 2556 1 -9 -28
E 2556 2 -6 -20
E 2556 3 -4 -14
T 2557 31 0 3 0
E 2557 4 5 17
E 2557 5 7 22
E 2557 6 9 27
T 2558 9 0 3 0
E 2558 0 -11 -33
E 2558 1 -8 -25
E 2558 2 -5 -17
T 2559 37 0 4 0
E 2559 3 4 14
E 2559 4 6 19
E 2559 5 8 24
E 2559 6 9 29
T 2560 4 0 4 0
E 2560 0 -13 -41
E 2560 1 -11 -33
E 2560 2 -8 -25
E 2560 3 -5 -17
T 2561 38 0 4 0
E 2561 3 4 13
E 2561 4 6 19
E 2561 5 8 24
E 2561 6 9 29
T 2562 9 0 3 0
E 2562 0 -11 -35
E 2562 1 -9 -27
E 2562 2 -6 -19
T 2563 39 0 4 0
E 2563 3 4 13
E 2563 4 6 20
E 2563 5 8 25
E 2563 6 10 30
T 2564 3 0 4 0
E 2564 0 -14 -42
E 2564 1 -11 -34
E 2564 2 -8 -26
E 2564 3 -6 -18
T 2565 42 0 4 0
E 2565 3 6 20
E 2565 4 9 28
E 2565 5 11 33
E 2565 6 12 38
T 2566 4 0 4 0
E 2566 0 -13 -41
E 2566 1 -11 -33
E 2566 2 -8 -25
E 2566 3 -5 -17
T 2567 49 0 5 0
E 2567 2 5 15
E 2567 3 7 23
E 2567 4 10 31
E 2567 5 12 37
E 2567 6 14 42
T 2568 34 0 7 1
E 2568 0 -6 -57
E 2568 1 -5 -49
E 2568 2 -4 -41
E 2568 3 -3 -33
E 2568 4 -2 -25
E 2568 5 -2 -18
E 2568 6 -1 -13
T 2569 9 0 3 0
E 2569 0 -11 -35
E 2569 1 -9 -27
E 2569 2 -6 -19
T 2570 42 0 4 0
E 2570 3 4 13
E 2570 4 7 21
E 2570 5 9 29
E 2570 6 11 34
T 2571 4 0 4 0
E 2571 0 -13 -39
E 2571 1 -10 -31
E 2571 2 -7 -23
E 2571 3 -5 -15
T 2572 44 0 4 0
E 2572 3 5 17
E 2572 4 8 25
E 2572 5 11 33
E 2572 6 13 39
T 2573 3 0 5 0
E 2573 0 -15 -47
E 2573 1 -13 -39
E 2573 2 -10 -31
E 2573 3 -7 -23
E 2573 4 -5 -15
T 2574 50 0 5 0
E 2574 2 4 14
E 2574 3 7 22
E 2574 4 10 30
E 2574 5 12 38
E 2574 6 15 46
T 2575 13 0 6 0
E 2575 0 -18 -55
E 2575 1 -15 -47
E 2575 2 -13 -39
E 2575 3 -10 -31
E 2575 4 -7 -23
E 2575 5 -5 -15
T 2576 13 0 7 1
E 2576 0 1 13
E 2576 1 2 21
E 2576 2 3 29
E 2576 3 4 37
E 2576 4 5 45
E 2576 5 5 53
E 2576 6 6 61
T 2577 44 0 4 0
E 2577 3 5 15
E 2577 4 7 23
E 2577 5 10 31
E 2577 6 13 39
T 2578 4 0 4 0
E 2578 0 -13 -41
E 2578 1 -11 -33
E 2578 2 -8 -25
E 2578 3 -5 -17
T 2579 43 0 4 0
E 2579 3 4 13
E 2579 4 7 21
E 2579 5 9 29
E 2579 6 12 37
T 2580 4 0 5 0
E 2580 0 -16 -49
E 2580 1 -13 -41
E 2580 2 -11 -33
E 2580 3 -8 -25
E 2580 4 -5 -17
T 2581 54 0 5 0
E 2581 2 6 20
E 2581 3 9 28
E 2581 4 12 36
E 2581 5 14 44
E 2581 6 17 52
T 2582 6 0 5 0
E 2582 0 -17 -51
E 2582 1 -14 -43
E 2582 2 -11 -35
E 2582 3 -9 -27
E 2582 4 -6 -19
T 2583 50 0 5 0
E 2583 2 4 14
E 2583 3 7 22
E 2583 4 10 30
E 2583 5 12 38
E 2583 6 15 46
T 2584 5 0 5 0
E 2584 0 -16 -50
E 2584 1 -14 -42
E 2584 2 -11 -34
E 2584 3 -8 -26
E 2584 4 -6 -18
T 2585 63 0 6 0
E 2585 1 5 17
E 2585 2 8 25
E 2585 3 11 33
E 2585 4 13 41
E 2585 5 16 49
E 2585 6 19 57
T 2586 37 0 7 1
E 2586 0 -7 -65
E 2586 1 -6 -57
E 2586 2 -5 -49
E 2586 3 -4 -41
E 2586 4 -3 -33
E 2586 5 -2 -25
E 2586 6 -1 -17
T 2587 9 0 3 0
E 2587 0 -12 -36
E 2587 1 -9 -28
E 2587 2 -6 -20
T 2588 34 0 4 0
E 2588 0 -5 -17
E 2588 4 5 15
E 2588 5 7 23
E 2588 6 10 31
T 2589 4 0 4 0
E 2589 0 -13 -41
E 2589 1 -11 -33
E 2589 2 -8 -25
E 2589 3 -5 -17
T 2590 45 0 4 0
E 2590 3 6 20
E 2590 4 9 28
E 2590 5 12 36
E 2590 6 14 44
T 2591 4 0 5 0
E 2591 0 -16 -49
E 2591 1 -13 -41
E 2591 2 -11 -33
E 2591 3 -8 -25
E 2591 4 -5 -17
T 2592 54 0 5 0
E 2592 2 6 19
E 2592 3 9 27
E 2592 4 11 35
E 2592 5 14 43
E 2592 6 17 51
T 2593 6 0 5 0
E 2593 0 -17 -52
E 2593 1 -14 -44
E 2593 2 -12 -36
E 2593 3 -9 -28
E 2593 4 -6 -20
T 2594 54 0 5 0
E 2594 2 6 19
E 2594 3 9 27
E 2594 4 11 35
E 2594 5 14 43
E 2594 6 17 51
T 2595 15 0 6 0
E 2595 0 -19 -57
E 2595 1 -16 -49
E 2595 2 -13 -41
E 2595 3 -11 -33
E 2595 4 -8 -25
E 2595 5 -5 -17
T 2596 62 0 6 0
E 2596 1 5 16
E 2596 2 8 24
E 2596 3 10 32
E 2596 4 13 40
E 2596 5 16 48
E 2596 6 18 56
T 2597 17 0 6 0
E 2597 0 -19 -59
E 2597 1 -17 -51
E 2597 2 -14 -43
E 2597 3 -11 -35
E 2597 4 -9 -27
E 2597 5 -6 -19
T 2598 13 0 7 1
E 2598 0 1 14
E 2598 1 2 22
E 2598 2 3 30
E 2598 3 4 38
E 2598 4 5 46
E 2598 5 6 54
E 2598 6 6 62
T 2599 35 0 4 0
E 2599 0 -4 -13
E 2599 4 6 19
E 2599 5 9 27
E 2599 6 11 35
T 2600 14 0 4 0
E 2600 0 -11 -33
E 2600 1 -8 -25
E 2600 2 -5 -17
E 2600 6 5 15
T 2601 43 0 4 0
E 2601 3 4 13
E 2601 4 7 21
E 2601 5 9 29
E 2601 6 12 37
T 2602 4 0 5 0
E 2602 0 -16 -49
E 2602 1 -13 -41
E 2602 2 -11 -33
E 2602 3 -8 -25
E 2602 4 -5 -17
T 2603 53 0 5 0
E 2603 2 6 18
E 2603 3 8 26
E 2603 4 11 34
E 2603 5 14 42
E 2603 6 16 50
T 2604 15 0 6 0
E 2604 0 -19 -57
E 2604 1 -16 -49
E 2604 2 -13 -41
E 2604 3 -11 -33
E 2604 4 -8 -25
E 2604 5 -5 -17
T 2605 12 0 7 1
E 2605 0 1 16
E 2605 1 2 24
E 2605 2 3 32
E 2605 3 4 40
E 2605 4 5 48
E 2605 5 6 56
E 2605 6 7 64
T 2606 34 0 4 0
E 2606 0 -5 -16
E 2606 4 5 16
E 2606 5 8 24
E 2606 6 10 32
T 2607 4 0 4 0
E 2607 0 -13 -41
E 2607 1 -11 -33
E 2607 2 -8 -25
E 2607 3 -5 -17
T 2608 50 0 5 0
E 2608 2 4 14
E 2608 3 7 22
E 2608 4 10 30
E 2608 5 12 38
E 2608 6 15 46
T 2609 2 0 5 0
E 2609 0 -15 -46
E 2609 1 -12 -38
E 2609 2 -10 -30
E 2609 3 -7 -22
E 2609 4 -4 -14
T 2610 51 0 5 0
E 2610 2 5 15
E 2610 3 7 23
E 2610 4 10 31
E 2610 5 13 39
E 2610 6 15 47
T 2611 11 0 6 0
E 2611 0 -17 -53
E 2611 1 -15 -45
E 2611 2 -12 -37
E 2611 3 -9 -29
E 2611 4 -7 -21
E 2611 5 -4 -13
T 2612 13 0 7 1
E 2612 0 1 13
E 2612 1 2 21
E 2612 2 3 29
E 2612 3 4 37
E 2612 4 5 45
E 2612 5 5 53
E 2612 6 6 61
T 2613 43 0 4 0
E 2613 3 4 14
E 2613 4 7 22
E 2613 5 10 30
E 2613 6 12 38
T 2614 4 0 4 0
E 2614 0 -13 -40
E 2614 1 -10 -32
E 2614 2 -8 -24
E 2614 3 -5 -16
T 2615 50 0 5 0
E 2615 2 4 14
E 2615 3 7 22
E 2615 4 10 30
E 2615 5 12 38
E 2615 6 15 46
T 2616 4 0 5 0
E 2616 0 -16 -49
E 2616 1 -13 -41
E 2616 2 -11 -33
E 2616 3 -8 -25
E 2616 4 -5 -17
T 2617 50 0 5 0
E 2617 2 4 13
E 2617 3 7 21
E 2617 4 9 29
E 2617 5 12 37
E 2617 6 15 45
T 2618 15 0 6 0
E 2618 0 -19 -57
E 2618 1 -16 -49
E 2618 2 -13 -41
E 2618 3 -11 -33
E 2618 4 -8 -25
E 2618 5 -5 -17
T 2619 66 0 6 0
E 2619 1 6 20
E 2619 2 9 28
E 2619 3 12 36
E 2619 4 14 44
E 2619 5 17 52
E 2619 6 20 60
T 2620 37 0 7 1
E 2620 0 -7 -65
E 2620 1 -6 -57
E 2620 2 -5 -49
E 2620 3 -4 -41
E 2620 4 -3 -33
E 2620 5 -2 -25
E 2620 6 -1 -17
T 2621 3 0 4 0
E 2621 0 -14 -42
E 2621 1 -11 -34
E 2621 2 -8 -26
E 2621 3 -6 -18
T 2622 44 0 4 0
E 2622 3 5 17
E 2622 4 8 25
E 2622 5 11 33
E 2622 6 13 41
T 2623 6 0 5 0
E 2623 0 -17 -52
E 2623 1 -14 -44
E 2623 2 -12 -36
E 2623 3 -9 -28
E 2623 4 -6 -20
T 2624 53 0 5 0
E 2624 2 6 18
E 2624 3 8 26
E 2624 4 11 34
E 2624 5 14 42
E 2624 6 16 50
T 2625 4 0 5 0
E 2625 0 -16 -49
E 2625 1 -13 -41
E 2625 2 -11 -33
E 2625 3 -8 -25
E 2625 4 -5 -17
T 2626 52 0 5 0
E 2626 2 5 16
E 2626 3 8 24
E 2626 4 10 32
E 2626 5 13 40
E 2626 6 16 48
T 2627 17 0 6 0
E 2627 0 -19 -59
E 2627 1 -17 -51
E 2627 2 -14 -43
E 2627 3 -11 -35
E 2627 4 -9 -27
E 2627 5 -6 -19
T 2628 13 0 7 1
E 2628 0 1 14
E 2628 1 2 22
E 2628 2 3 30
E 2628 3 4 38
E 2628 4 5 46
E 2628 5 6 54
E 2628 6 6 62
T 2629 29 0 3 0
E 2629 0 -6 -20
E 2629 5 6 20
E 2629 6 9 28
T 2630 13 0 4 0
E 2630 0 -11 -35
E 2630 1 -9 -27
E 2630 2 -6 -19
E 2630 6 4 13
T 2631 44 0 4 0
E 2631 3 5 15
E 2631 4 7 23
E 2631 5 10 31
E 2631 6 13 39
T 2632 3 0 5 0
E 2632 0 -15 -47
E 2632 1 -13 -39
E 2632 2 -10 -31
E 2632 3 -7 -23
E 2632 4 -5 -15
T 2633 45 0 4 0
E 2633 3 6 19
E 2633 4 9 27
E 2633 5 11 35
E 2633 6 14 43
T 2634 3 0 4 0
E 2634 0 -14 -44
E 2634 1 -12 -36
E 2634 2 -9 -28
E 2634 3 -6 -20
T 2635 50 0 5 0
E 2635 2 4 14
E 2635 3 7 22
E 2635 4 10 30
E 2635 5 12 38
E 2635 6 15 46
T 2636 6 0 5 0
E 2636 0 -17 -51
E 2636 1 -14 -43
E 2636 2 -11 -35
E 2636 3 -9 -27
E 2636 4 -6 -19
T 2637 52 0 5 0
E 2637 2 5 17
E 2637 3 8 25
E 2637 4 11 33
E 2637 5 13 41
E 2637 6 16 49
T 2638 12 0 6 0
E 2638 0 -18 -54
E 2638 1 -15 -46
E 2638 2 -12 -38
E 2638 3 -10 -30
E 2638 4 -7 -22
E 2638 5 -4 -14
T 2639 13 0 7 1
E 2639 0 1 13
E 2639 1 2 21
E 2639 2 3 29
E 2639 3 4 37
E 2639 4 5 45
E 2639 5 5 53
E 2639 6 6 61
T 2640 9 0 5 0
E 2640 0 13 40
E 2640 3 5 16
E 2640 4 8 24
E 2640 5 10 32
E 2640 6 13 40
T 2641 56 0 6 0
E 2641 1 -18 -55
E 2641 2 -15 -47
E 2641 3 -13 -39
E 2641 4 -10 -31
E 2641 5 -7 -23
E 2641 6 -5 -15
T 2642 35 0 7 1
E 2642 0 6 62
E 2642 1 1 16
E 2642 2 2 24
E 2642 3 3 32
E 2642 4 4 40
E 2642 5 5 48
E 2642 6 6 56
T 2643 10 0 3 0
E 2643 0 12 37
E 2643 5 6 20
E 2643 6 9 28
T 2644 56 0 5 0
E 2644 1 -15 -47
E 2644 2 -13 -39
E 2644 3 -10 -31
E 2644 4 -7 -23
E 2644 5 -5 -15
T 2645 35 0 7 1
E 2645 0 6 62
E 2645 1 6 54
E 2645 2 1 14
E 2645 3 2 22
E 2645 4 3 30
E 2645 5 4 38
E 2645 6 5 46
T 2646 20 0 3 0
E 2646 0 10 31
E 2646 1 7 23
E 2646 2 -6 -20
T 2647 44 0 5 0
E 2647 0 5 16
E 2647 2 -12 -38
E 2647 3 -10 -30
E 2647 4 -7 -22
E 2647 5 -4 -14
T 2648 7 0 4 0
E 2648 0 16 48
E 2648 1 13 40
E 2648 5 5 15
E 2648 6 7 23
T 2649 61 0 6 0
E 2649 0 4 13
E 2649 2 -16 -48
E 2649 3 -13 -40
E 2649 4 -10 -32
E 2649 5 -8 -24
E 2649 6 -5 -16
T 2650 12 0 6 0
E 2650 0 20 62
E 2650 1 18 54
E 2650 2 15 46
E 2650 4 4 14
E 2650 5 7 22
E 2650 6 10 30
T 2651 18 0 7 1
E 2651 0 -1 -14
E 2651 1 -2 -22
E 2651 2 -3 -30
E 2651 3 -8 -73
E 2651 4 -7 -65
E 2651 5 -6 -57
E 2651 6 -5 -49
T 2652 53 0 5 0
E 2652 0 6 20
E 2652 3 -14 -42
E 2652 4 -11 -34
E 2652 5 -8 -26
E 2652 6 -6 -18
T 2653 4 0 4 0
E 2653 0 19 58
E 2653 1 16 50
E 2653 2 14 42
E 2653 6 5 17
T 2654 71 0 4 0
E 2654 3 -19 -58
E 2654 4 -16 -50
E 2654 5 -14 -42
E 2654 6 -11 -34
T 2655 17 0 6 0
E 2655 0 23 69
E 2655 1 20 61
E 2655 2 17 53
E 2655 3 15 45
E 2655 5 4 13
E 2655 6 7 21
T 2656 19 0 7 1
E 2656 0 -1 -15
E 2656 1 -2 -23
E 2656 2 -3 -31
E 2656 3 -4 -39
E 2656 4 -9 -82
E 2656 5 -8 -74
E 2656 6 -7 -66
T 2657 56 0 4 0
E 2657 0 5 16
E 2657 4 -18 -54
E 2657 5 -15 -46
E 2657 6 -12 -38
T 2658 3 0 4 0
E 2658 0 20 61
E 2658 1 17 53
E 2658 2 15 45
E 2658 3 12 37
T 2659 83 0 5 0
E 2659 2 -6 -19
E 2659 3 -9 -27
E 2659 4 -26 -80
E 2659 5 -24 -72
E 2659 6 -21 -64
T 2660 47 0 7 1
E 2660 0 9 85
E 2660 1 8 77
E 2660 2 7 69
E 2660 3 6 61
E 2660 4 5 53
E 2660 5 1 13
E 2660 6 2 21
T 2661 38 0 7 1
E 2661 0 5 49
E 2661 1 4 41
E 2661 2 3 33
E 2661 3 2 25
E 2661 4 1 17
E 2661 5 -2 -26
E 2661 6 -2 -18
T 2662 36 0 7 1
E 2662 0 5 46
E 2662 1 4 38
E 2662 2 3 30
E 2662 3 2 22
E 2662 4 1 14
E 2662 5 -3 -32
E 2662 6 -2 -24
T 2663 36 0 5 0
E 2663 0 11 35
E 2663 1 9 27
E 2663 2 6 19
E 2663 5 -15 -46
E 2663 6 -12 -38
T 2664 31 0 6 0
E 2664 0 13 40
E 2664 1 10 32
E 2664 2 8 24
E 2664 3 5 16
E 2664 5 -15 -45
E 2664 6 -12 -37
T 2665 25 0 4 0
E 2665 0 10 32
E 2665 1 8 24
E 2665 2 5 16
E 2665 6 -16 -48
T 2666 26 0 4 0
E 2666 0 10 30
E 2666 1 7 22
E 2666 2 4 14
E 2666 6 -17 -53
T 2667 27 0 4 0
E 2667 0 10 30
E 2667 1 7 22
E 2667 2 4 14
E 2667 6 -18 -56
T 2668 28 0 4 0
E 2668 0 10 30
E 2668 1 7 22
E 2668 2 4 14
E 2668 6 -19 -59
T 2669 29 0 4 0
E 2669 0 11 33
E 2669 1 8 25
E 2669 2 5 17
E 2669 6 -20 -60
T 2670 23 0 4 0
E 2670 0 9 27
E 2670 1 6 19
E 2670 5 -4 -13
E 2670 6 -7 -21
T 2671 24 0 4 0
E 2671 0 7 23
E 2671 1 5 15
E 2671 5 -5 -17
E 2671 6 -8 -25
T 2672 19 0 3 0
E 2672 0 9 28
E 2672 1 6 20
E 2672 6 -6 -20
T 2673 34 0 4 0
E 2673 0 5 16
E 2673 4 -5 -16
E 2673 5 -8 -24
E 2673 6 -10 -32
T 2674 14 0 4 0
E 2674 0 10 31
E 2674 1 7 23
E 2674 2 5 15
E 2674 6 -5 -17
T 2675 25 0 4 0
E 2675 0 7 21
E 2675 1 4 13
E 2675 5 -6 -19
E 2675 6 -9 -27
T 2676 14 0 4 0
E 2676 0 10 31
E 2676 1 7 23
E 2676 2 5 15
E 2676 6 -5 -17
T 2677 43 0 4 0
E 2677 3 -4 -14
E 2677 4 -7 -22
E 2677 5 -10 -30
E 2677 6 -12 -38
T 2678 3 0 4 0
E 2678 0 14 43
E 2678 1 11 35
E 2678 2 9 27
E 2678 3 6 19
T 2679 52 0 5 0
E 2679 2 -5 -16
E 2679 3 -8 -24
E 2679 4 -10 -32
E 2679 5 -13 -40
E 2679 6 -16 -48
T 2680 17 0 6 0
E 2680 0 19 59
E 2680 1 17 51
E 2680 2 14 43
E 2680 3 11 35
E 2680 4 9 27
E 2680 5 6 19
T 2681 11 0 7 1
E 2681 0 -2 -21
E 2681 1 -3 -29
E 2681 2 -4 -37
E 2681 3 -5 -45
E 2681 4 -5 -53
E 2681 5 -6 -61
E 2681 6 -7 -69
T 2682 44 0 4 0
E 2682 3 -5 -17
E 2682 4 -8 -25
E 2682 5 -11 -33
E 2682 6 -13 -41
T 2683 3 0 4 0
E 2683 0 14 43
E 2683 1 11 35
E 2683 2 9 27
E 2683 3 6 19
T 2684 44 0 4 0
E 2684 3 -5 -17
E 2684 4 -8 -25
E 2684 5 -11 -33
E 2684 6 -13 -41
T 2685 4 0 5 0
E 2685 0 16 49
E 2685 1 13 41
E 2685 2 11 33
E 2685 3 8 25
E 2685 4 5 17
T 2686 63 0 6 0
E 2686 1 -5 -17
E 2686 2 -8 -25
E 2686 3 -11 -33
E 2686 4 -13 -41
E 2686 5 -16 -49
E 2686 6 -19 -57
T 2687 35 0 7 1
E 2687 0 6 62
E 2687 1 6 54
E 2687 2 5 46
E 2687 3 4 38
E 2687 4 3 30
E 2687 5 2 22
E 2687 6 1 14
T 2688 5 0 4 0
E 2688 0 12 38
E 2688 1 10 30
E 2688 2 7 22
E 2688 3 4 14
T 2689 39 0 3 0
E 2689 4 -6 -20
E 2689 5 -9 -28
E 2689 6 -12 -36
T 2690 3 0 5 0
E 2690 0 15 47
E 2690 1 13 39
E 2690 2 10 31
E 2690 3 7 23
E 2690 4 5 15
T 2691 61 0 6 0
E 2691 1 -5 -15
E 2691 2 -7 -23
E 2691 3 -10 -31
E 2691 4 -13 -39
E 2691 5 -15 -47
E 2691 6 -18 -55
T 2692 37 0 7 1
E 2692 0 7 68
E 2692 1 6 60
E 2692 2 5 52
E 2692 3 4 44
E 2692 4 4 36
E 2692 5 3 28
E 2692 6 2 20
T 2693 4 0 4 0
E 2693 0 13 39
E 2693 1 10 31
E 2693 2 7 23
E 2693 3 5 15
T 2694 39 0 3 0
E 2694 4 -6 -20
E 2694 5 -9 -28
E 2694 6 -12 -36
T 2695 2 0 5 0
E 2695 0 15 46
E 2695 1 12 38
E 2695 2 10 30
E 2695 3 7 22
E 2695 4 4 14
T 2696 50 0 5 0
E 2696 2 -4 -14
E 2696 3 -7 -22
E 2696 4 -10 -30
E 2696 5 -12 -38
E 2696 6 -15 -46
T 2697 14 0 6 0
E 2697 0 18 56
E 2697 1 16 48
E 2697 2 13 40
E 2697 3 10 32
E 2697 4 8 24
E 2697 5 5 16
T 2698 62 0 6 0
E 2698 1 -5 -16
E 2698 2 -8 -24
E 2698 3 -10 -32
E 2698 4 -13 -40
E 2698 5 -16 -48
E 2698 6 -18 -56
T 2699 37 0 7 1
E 2699 0 7 66
E 2699 1 6 58
E 2699 2 5 50
E 2699 3 4 42
E 2699 4 3 34
E 2699 5 2 26
E 2699 6 2 18
T 2700 5 0 4 0
E 2700 0 12 38
E 2700 1 10 30
E 2700 2 7 22
E 2700 3 4 14
T 2701 51 0 5 0
E 2701 2 -5 -15
E 2701 3 -7 -23
E 2701 4 -10 -31
E 2701 5 -13 -39
E 2701 6 -15 -47
T 2702 12 0 6 0
E 2702 0 18 54
E 2702 1 15 46
E 2702 2 12 38
E 2702 3 10 30
E 2702 4 7 22
E 2702 5 4 14
T 2703 13 0 7 1
E 2703 0 -1 -14
E 2703 1 -2 -22
E 2703 2 -3 -30
E 2703 3 -4 -38
E 2703 4 -5 -46
E 2703 5 -6 -54
E 2703 6 -6 -62
T 2704 29 0 3 0
E 2704 0 6 20
E 2704 5 -6 -20
E 2704 6 -9 -28
T 2705 23 0 4 0
E 2705 0 8 26
E 2705 1 6 18
E 2705 5 -4 -14
E 2705 6 -7 -22
T 2706 24 0 4 0
E 2706 0 8 25
E 2706 1 5 17
E 2706 5 -5 -15
E 2706 6 -7 -23
T 2707 23 0 4 0
E 2707 0 9 27
E 2707 1 6 19
E 2707 5 -4 -13
E 2707 6 -7 -21
T 2708 15 0 4 0
E 2708 0 9 29
E 2708 1 7 21
E 2708 2 4 13
E 2708 6 -6 -19
T 2709 43 0 4 0
E 2709 3 -4 -13
E 2709 4 -7 -21
E 2709 5 -9 -29
E 2709 6 -12 -37
T 2710 4 0 5 0
E 2710 0 16 48
E 2710 1 13 40
E 2710 2 10 32
E 2710 3 8 24
E 2710 4 5 16
T 2711 50 0 5 0
E 2711 2 -4 -13
E 2711 3 -7 -21
E 2711 4 -9 -29
E 2711 5 -12 -37
E 2711 6 -15 -45
T 2712 3 0 5 0
E 2712 0 15 47
E 2712 1 13 39
E 2712 2 10 31
E 2712 3 7 23
E 2712 4 5 15
T 2713 53 0 5 0
E 2713 2 -6 -18
E 2713 3 -8 -26
E 2713 4 -11 -34
E 2713 5 -14 -42
E 2713 6 -16 -50
T 2714 18 0 6 0
E 2714 0 20 60
E 2714 1 17 52
E 2714 2 14 44
E 2714 3 12 36
E 2714 4 9 28
E 2714 5 6 20
T 2715 11 0 7 1
E 2715 0 -2 -20
E 2715 1 -3 -28
E 2715 2 -4 -36
E 2715 3 -4 -44
E 2715 4 -5 -52
E 2715 5 -6 -60
E 2715 6 -7 -68
T 2716 34 0 4 0
E 2716 0 5 15
E 2716 4 -5 -17
E 2716 5 -8 -25
E 2716 6 -11 -33
T 2717 13 0 4 0
E 2717 0 11 35
E 2717 1 9 27
E 2717 2 6 19
E 2717 6 -4 -13
T 2718 43 0 4 0
E 2718 3 -4 -13
E 2718 4 -7 -21
E 2718 5 -9 -29
E 2718 6 -12 -37
T 2719 2 0 5 0
E 2719 0 15 46
E 2719 1 12 38
E 2719 2 10 30
E 2719 3 7 22
E 2719 4 4 14
T 2720 50 0 5 0
E 2720 2 -4 -14
E 2720 3 -7 -22
E 2720 4 -10 -30
E 2720 5 -12 -38
E 2720 6 -15 -46
T 2721 6 0 5 0
E 2721 0 17 51
E 2721 1 14 43
E 2721 2 11 35
E 2721 3 9 27
E 2721 4 6 19
T 2722 61 0 6 0
E 2722 1 -5 -15
E 2722 2 -7 -23
E 2722 3 -10 -31
E 2722 4 -13 -39
E 2722 5 -15 -47
E 2722 6 -18 -55
T 2723 17 0 6 0
E 2723 0 19 59
E 2723 1 17 51
E 2723 2 14 43
E 2723 3 11 35
E 2723 4 9 27
E 2723 5 6 19
T 2724 64 0 6 0
E 2724 1 -6 -18
E 2724 2 -8 -26
E 2724 3 -11 -34
E 2724 4 -14 -42
E 2724 5 -16 -50
E 2724 6 -19 -58
T 2725 37 0 7 1
E 2725 0 7 66
E 2725 1 6 58
E 2725 2 5 50
E 2725 3 4 42
E 2725 4 3 34
E 2725 5 2 26
E 2725 6 2 18
T 2726 5 0 4 0
E 2726 0 12 38
E 2726 1 10 30
E 2726 2 7 22
E 2726 3 4 14
T 2727 35 0 4 0
E 2727 0 4 13
E 2727 4 -6 -19
E 2727 5 -9 -27
E 2727 6 -11 -35
T 2728 9 0 3 0
E 2728 0 12 36
E 2728 1 9 28
E 2728 2 6 20
T 2729 34 0 4 0
E 2729 0 5 17
E 2729 4 -5 -15
E 2729 5 -7 -23
E 2729 6 -10 -31
T 2730 4 0 4 0
E 2730 0 13 39
E 2730 1 10 31
E 2730 2 7 23
E 2730 3 5 15
T 2731 45 0 4 0
E 2731 3 -6 -18
E 2731 4 -8 -26
E 2731 5 -11 -34
E 2731 6 -14 -42
T 2732 11 0 6 0
E 2732 0 17 53
E 2732 1 15 45
E 2732 2 12 37
E 2732 3 9 29
E 2732 4 7 21
E 2732 5 4 13
T 2733 12 0 7 1
E 2733 0 -1 -16
E 2733 1 -2 -24
E 2733 2 -3 -32
E 2733 3 -4 -40
E 2733 4 -5 -48
E 2733 5 -6 -56
E 2733 6 -7 -64
T 2734 44 0 4 0
E 2734 3 -5 -16
E 2734 4 -8 -24
E 2734 5 -10 -32
E 2734 6 -13 -40
T 2735 3 0 4 0
E 2735 0 14 42
E 2735 1 11 34
E 2735 2 8 26
E 2735 3 6 18
T 2736 52 0 5 0
E 2736 2 -5 -16
E 2736 3 -8 -24
E 2736 4 -10 -32
E 2736 5 -13 -40
E 2736 6 -16 -48
T 2737 13 0 6 0
E 2737 0 16 50
E 2737 1 15 45
E 2737 2 12 37
E 2737 3 9 29
E 2737 4 7 21
E 2737 5 4 13
T 2738 49 0 5 0
E 2738 2 -6 -19
E 2738 3 -9 -27
E 2738 4 -11 -35
E 2738 5 -14 -43
E 2738 6 -17 -51
T 2739 21 0 6 0
E 2739 0 16 50
E 2739 1 16 50
E 2739 2 14 42
E 2739 3 11 34
E 2739 4 8 26
E 2739 5 6 18
T 2740 2 0 7 1
E 2740 0 -3 -28
E 2740 1 -2 -25
E 2740 2 -3 -33
E 2740 3 -4 -41
E 2740 4 -5 -49
E 2740 5 -6 -57
E 2740 6 -7 -65
T 2741 31 0 4 0
E 2741 3 -5 -15
E 2741 4 -7 -23
E 2741 5 -10 -31
E 2741 6 -13 -39
T 2742 6 0 4 0
E 2742 0 8 26
E 2742 1 10 31
E 2742 2 8 26
E 2742 3 6 18
T 2743 31 0 5 0
E 2743 0 -4 -13
E 2743 3 -6 -19
E 2743 4 -9 -27
E 2743 5 -11 -35
E 2743 6 -14 -43
T 2744 16 0 5 0
E 2744 0 9 28
E 2744 1 11 33
E 2744 2 11 33
E 2744 3 8 25
E 2744 4 5 17
T 2745 15 0 3 0
E 2745 4 -6 -20
E 2745 5 -9 -28
E 2745 6 -12 -36
T 2746 10 0 4 0
E 2746 0 6 18
E 2746 1 7 23
E 2746 2 9 28
E 2746 3 6 20
T 2747 7 0 2 0
E 2747 5 -6 -19
E 2747 6 -9 -27
T 2748 6 0 3 0
E 2748 1 5 17
E 2748 2 7 22
E 2748 3 6 19
T 2749 2 0 1 0
E 2749 6 -6 -18
T 2750 1 0 1 0
E 2750 6 -5 -15
T 2751 0 0 1 0
E 2751 6 -4 -13
T 2752 3 0 0 0
T 2753 8 0 2 0
E 2753 3 5 16
E 2753 4 4 13
T 2754 5 0 0 0
T 2755 9 0 0 0
T 2756 10 0 1 0
E 2756 4 5 15
T 2757 8 0 0 0
T 2758 11 0 1 0
E 2758 4 4 13
T 2759 10 0 1 0
E 2759 0 -5 -15
T 2760 9 0 1 0
E 2760 0 -4 -13
T 2761 10 0 1 0
E 2761 0 -4 -14
T 2762 10 0 1 0
E 2762 0 -4 -14
T 2763 10 0 1 0
E 2763 0 -5 -15
T 2764 22 0 3 0
E 2764 4 5 15
E 2764 5 6 20
E 2764 6 6 20
T 2765 8 0 2 0
E 2765 0 -6 -18
E 2765 1 -4 -13
T 2766 24 0 3 0
E 2766 4 5 15
E 2766 5 6 20
E 2766 6 8 25
T 2767 9 0 2 0
E 2767 0 -6 -19
E 2767 1 -4 -14
T 2768 24 0 3 0
E 2768 4 4 13
E 2768 5 6 18
E 2768 6 7 23
T 2769 9 0 2 0
E 2769 0 -7 -21
E 2769 1 -5 -16
T 2770 21 0 2 0
E 2770 5 5 15
E 2770 6 6 20
T 2771 2 0 4 0
E 2771 0 -9 -28
E 2771 1 -7 -23
E 2771 2 -6 -18
E 2771 3 -4 -13
T 2772 24 0 3 0
E 2772 4 4 14
E 2772 5 6 19
E 2772 6 8 24
T 2773 6 0 3 0
E 2773 0 -8 -26
E 2773 1 -7 -21
E 2773 2 -5 -16
T 2774 24 0 3 0
E 2774 4 4 13
E 2774 5 6 18
E 2774 6 7 23
T 2775 2 0 4 0
E 2775 0 -9 -28
E 2775 1 -7 -23
E 2775 2 -6 -18
E 2775 3 -4 -13
T 2776 34 0 5 0
E 2776 2 4 13
E 2776 3 6 18
E 2776 4 7 23
E 2776 5 9 28
E 2776 6 11 33
T 2777 4 0 5 0
E 2777 0 -11 -33
E 2777 1 -9 -28
E 2777 2 -7 -23
E 2777 3 -6 -18
E 2777 4 -4 -13
T 2778 29 0 4 0
E 2778 3 5 15
E 2778 4 6 20
E 2778 5 8 25
E 2778 6 10 30
T 2779 5 0 5 0
E 2779 0 -11 -35
E 2779 1 -10 -30
E 2779 2 -8 -25
E 2779 3 -6 -20
E 2779 4 -5 -15
T 2780 43 0 6 0
E 2780 1 5 15
E 2780 2 6 20
E 2780 3 8 25
E 2780 4 10 30
E 2780 5 11 35
E 2780 6 13 40
T 2781 14 0 6 0
E 2781 0 -13 -41
E 2781 1 -12 -36
E 2781 2 -10 -31
E 2781 3 -8 -26
E 2781 4 -7 -21
E 2781 5 -5 -16
T 2782 44 0 6 0
E 2782 1 5 16
E 2782 2 7 21
E 2782 3 8 26
E 2782 4 10 31
E 2782 5 12 36
E 2782 6 13 41
T 2783 26 0 7 1
E 2783 0 -5 -51
E 2783 1 -5 -46
E 2783 2 -4 -41
E 2783 3 -4 -36
E 2783 4 -3 -31
E 2783 5 -2 -26
E 2783 6 -2 -21
T 2784 6 0 3 0
E 2784 0 -9 -27
E 2784 1 -7 -22
E 2784 2 -5 -17
T 2785 28 0 4 0
E 2785 3 4 13
E 2785 4 6 18
E 2785 5 7 23
E 2785 6 9 28
T 2786 2 0 4 0
E 2786 0 -10 -31
E 2786 1 -8 -25
E 2786 2 -6 -20
E 2786 3 -5 -15
T 2787 30 0 4 0
E 2787 3 5 17
E 2787 4 7 22
E 2787 5 9 27
E 2787 6 10 32
T 2788 3 0 5 0
E 2788 0 -12 -36
E 2788 1 -9 -29
E 2788 2 -8 -24
E 2788 3 -6 -19
E 2788 4 -4 -14
T 2789 31 0 4 0
E 2789 3 4 13
E 2789 4 6 18
E 2789 5 7 23
E 2789 6 9 28
T 2790 8 0 3 0
E 2790 0 -9 -27
E 2790 1 -6 -19
E 2790 2 -4 -14
T 2791 28 0 3 0
E 2791 4 5 16
E 2791 5 7 21
E 2791 6 8 26
T 2792 9 0 3 0
E 2792 0 -10 -31
E 2792 1 -7 -23
E 2792 2 -5 -17
T 2793 22 0 3 0
E 2793 0 -4 -14
E 2793 5 5 16
E 2793 6 7 21
T 2794 13 0 2 0
E 2794 0 -9 -28
E 2794 1 -6 -20
T 2795 19 0 2 0
E 2795 0 -6 -20
E 2795 6 5 16
T 2796 23 0 3 0
E 2796 0 -6 -19
E 2796 5 4 13
E 2796 6 6 18
T 2797 15 0 3 0
E 2797 0 -7 -21
E 2797 1 -4 -13
E 2797 6 5 16
T 2798 24 0 3 0
E 2798 0 -5 -17
E 2798 5 5 16
E 2798 6 7 21
T 2799 9 0 3 0
E 2799 0 -10 -31
E 2799 1 -7 -23
E 2799 2 -5 -15
T 2800 33 0 3 0
E 2800 4 5 17
E 2800 5 7 22
E 2800 6 9 27
T 2801 5 0 4 0
E 2801 0 -12 -38
E 2801 1 -10 -30
E 2801 2 -7 -22
E 2801 3 -4 -14
T 2802 40 0 4 0
E 2802 3 6 18
E 2802 4 8 24
E 2802 5 9 29
E 2802 6 11 34
T 2803 4 0 5 0
E 2803 0 -16 -48
E 2803 1 -13 -40
E 2803 2 -10 -32
E 2803 3 -8 -24
E 2803 4 -5 -17
T 2804 51 0 5 0
E 2804 2 6 19
E 2804 3 9 27
E 2804 4 11 35
E 2804 5 13 40
E 2804 6 15 45
T 2805 2 0 5 0
E 2805 0 -15 -46
E 2805 1 -12 -38
E 2805 2 -10 -30
E 2805 3 -7 -22
E 2805 4 -4 -14
T 2806 42 0 4 0
E 2806 3 6 18
E 2806 4 8 26
E 2806 5 10 32
E 2806 6 12 37
T 2807 4 0 4 0
E 2807 0 -13 -40
E 2807 1 -10 -32
E 2807 2 -8 -24
E 2807 3 -5 -16
T 2808 49 0 5 0
E 2808 2 5 15
E 2808 3 7 23
E 2808 4 10 31
E 2808 5 12 38
E 2808 6 14 43
T 2809 3 0 5 0
E 2809 0 -15 -47
E 2809 1 -13 -39
E 2809 2 -10 -31
E 2809 3 -7 -23
E 2809 4 -5 -15
T 2810 60 0 6 0
E 2810 1 5 15
E 2810 2 7 23
E 2810 3 10 31
E 2810 4 13 39
E 2810 5 15 47
E 2810 6 17 52
T 2811 15 0 6 0
E 2811 0 -19 -57
E 2811 1 -16 -49
E 2811 2 -13 -41
E 2811 3 -11 -33
E 2811 4 -8 -25
E 2811 5 -5 -17
T 2812 62 0 6 0
E 2812 1 5 17
E 2812 2 8 25
E 2812 3 11 33
E 2812 4 13 41
E 2812 5 16 49
E 2812 6 18 55
T 2813 35 0 7 1
E 2813 0 -6 -62
E 2813 1 -6 -54
E 2813 2 -5 -46
E 2813 3 -4 -38
E 2813 4 -3 -30
E 2813 5 -2 -22
E 2813 6 -1 -15
T 2814 9 0 3 0
E 2814 0 -12 -36
E 2814 1 -9 -28
E 2814 2 -6 -20
T 2815 43 0 4 0
E 2815 3 4 14
E 2815 4 7 22
E 2815 5 10 30
E 2815 6 12 38
T 2816 3 0 5 0
E 2816 0 -15 -47
E 2816 1 -13 -39
E 2816 2 -10 -31
E 2816 3 -7 -23
E 2816 4 -5 -15
T 2817 52 0 5 0
E 2817 2 5 17
E 2817 3 8 25
E 2817 4 11 33
E 2817 5 13 41
E 2817 6 16 49
T 2818 15 0 6 0
E 2818 0 -19 -57
E 2818 1 -16 -49
E 2818 2 -13 -41
E 2818 3 -11 -33
E 2818 4 -8 -25
E 2818 5 -5 -17
T 2819 64 0 6 0
E 2819 1 6 18
E 2819 2 8 26
E 2819 3 11 34
E 2819 4 14 42
E 2819 5 16 50
E 2819 6 19 58
T 2820 35 0 7 1
E 2820 0 -7 -63
E 2820 1 -6 -55
E 2820 2 -5 -47
E 2820 3 -4 -39
E 2820 4 -3 -31
E 2820 5 -2 -23
E 2820 6 -1 -15
T 2821 5 0 4 0
E 2821 0 -12 -37
E 2821 1 -9 -29
E 2821 2 -7 -21
E 2821 3 -4 -13
T 2822 44 0 4 0
E 2822 3 5 16
E 2822 4 8 24
E 2822 5 10 32
E 2822 6 13 40
T 2823 3 0 5 0
E 2823 0 -15 -47
E 2823 1 -13 -39
E 2823 2 -10 -31
E 2823 3 -7 -23
E 2823 4 -5 -15
T 2824 54 0 5 0
E 2824 2 6 20
E 2824 3 9 28
E 2824 4 12 36
E 2824 5 14 44
E 2824 6 17 52
T 2825 12 0 6 0
E 2825 0 -18 -54
E 2825 1 -15 -46
E 2825 2 -12 -38
E 2825 3 -10 -30
E 2825 4 -7 -22
E 2825 5 -4 -14
T 2826 62 0 6 0
E 2826 1 5 16
E 2826 2 8 24
E 2826 3 10 32
E 2826 4 13 40
E 2826 5 16 48
E 2826 6 18 56
T 2827 35 0 7 1
E 2827 0 -7 -63
E 2827 1 -6 -55
E 2827 2 -5 -47
E 2827 3 -4 -39
E 2827 4 -3 -31
E 2827 5 -2 -23
E 2827 6 -1 -15
T 2828 14 0 4 0
E 2828 0 -10 -32
E 2828 1 -8 -24
E 2828 2 -5 -16
E 2828 6 5 16
T 2829 39 0 3 0
E 2829 4 6 20
E 2829 5 9 28
E 2829 6 12 36
T 2830 4 0 4 0
E 2830 0 -13 -39
E 2830 1 -10 -31
E 2830 2 -7 -23
E 2830 3 -5 -15
T 2831 39 0 3 0
E 2831 4 6 20
E 2831 5 9 28
E 2831 6 12 36
T 2832 13 0 4 0
E 2832 0 -11 -35
E 2832 1 -9 -27
E 2832 2 -6 -19
E 2832 6 4 13
T 2833 43 0 4 0
E 2833 3 4 14
E 2833 4 7 22
E 2833 5 10 30
E 2833 6 12 38
T 2834 2 0 5 0
E 2834 0 -15 -46
E 2834 1 -12 -38
E 2834 2 -10 -30
E 2834 3 -7 -22
E 2834 4 -4 -14
T 2835 54 0 5 0
E 2835 2 6 19
E 2835 3 9 27
E 2835 4 11 35
E 2835 5 14 43
E 2835 6 17 51
T 2836 18 0 6 0
E 2836 0 -20 -60
E 2836 1 -17 -52
E 2836 2 -14 -44
E 2836 3 -12 -36
E 2836 4 -9 -28
E 2836 5 -6 -20
T 2837 13 0 7 1
E 2837 0 1 14
E 2837 1 2 22
E 2837 2 3 30
E 2837 3 4 38
E 2837 4 5 46
E 2837 5 6 54
E 2837 6 6 62
T 2838 39 0 3 0
E 2838 4 6 20
E 2838 5 9 28
E 2838 6 12 36
T 2839 13 0 4 0
E 2839 0 -11 -35
E 2839 1 -9 -27
E 2839 2 -6 -19
E 2839 6 4 13
T 2840 43 0 4 0
E 2840 3 4 14
E 2840 4 7 22
E 2840 5 10 30
E 2840 6 12 38
T 2841 2 0 5 0
E 2841 0 -15 -46
E 2841 1 -12 -38
E 2841 2 -10 -30
E 2841 3 -7 -22
E 2841 4 -4 -14
T 2842 50 0 5 0
E 2842 2 4 13
E 2842 3 7 21
E 2842 4 9 29
E 2842 5 12 37
E 2842 6 15 45
T 2843 5 0 5 0
E 2843 0 -16 -50
E 2843 1 -14 -42
E 2843 2 -11 -34
E 2843 3 -8 -26
E 2843 4 -6 -18
T 2844 51 0 5 0
E 2844 2 5 15
E 2844 3 7 23
E 2844 4 10 31
E 2844 5 13 39
E 2844 6 15 47
T 2845 6 0 5 0
E 2845 0 -17 -51
E 2845 1 -14 -43
E 2845 2 -11 -35
E 2845 3 -9 -27
E 2845 4 -6 -19
T 2846 62 0 6 0
E 2846 1 5 16
E 2846 2 8 24
E 2846 3 10 32
E 2846 4 13 40
E 2846 5 16 48
E 2846 6 18 56
T 2847 18 0 6 0
E 2847 0 -20 -60
E 2847 1 -17 -52
E 2847 2 -14 -44
E 2847 3 -12 -36
E 2847 4 -9 -28
E 2847 5 -6 -20
T 2848 11 0 7 1
E 2848 0 2 18
E 2848 1 2 26
E 2848 2 3 34
E 2848 3 4 42
E 2848 4 5 50
E 2848 5 6 58
E 2848 6 7 66
T 2849 43 0 4 0
E 2849 3 4 14
E 2849 4 7 22
E 2849 5 10 30
E 2849 6 12 38
T 2850 3 0 5 0
E 2850 0 -15 -47
E 2850 1 -13 -39
E 2850 2 -10 -31
E 2850 3 -7 -23
E 2850 4 -5 -15
T 2851 52 0 5 0
E 2851 2 5 17
E 2851 3 8 25
E 2851 4 11 33
E 2851 5 13 41
E 2851 6 16 49
T 2852 5 0 5 0
E 2852 0 -16 -50
E 2852 1 -14 -42
E 2852 2 -11 -34
E 2852 3 -8 -26
E 2852 4 -6 -18
T 2853 54 0 5 0
E 2853 2 6 20
E 2853 3 9 28
E 2853 4 12 36
E 2853 5 14 44
E 2853 6 17 52
T 2854 11 0 6 0
E 2854 0 -17 -53
E 2854 1 -15 -45
E 2854 2 -12 -37
E 2854 3 -9 -29
E 2854 4 -7 -21
E 2854 5 -4 -13
T 2855 60 0 6 0
E 2855 1 4 14
E 2855 2 7 22
E 2855 3 10 30
E 2855 4 12 38
E 2855 5 15 46
E 2855 6 18 54
T 2856 17 0 6 0
E 2856 0 -19 -59
E 2856 1 -17 -51
E 2856 2 -14 -43
E 2856 3 -11 -35
E 2856 4 -9 -27
E 2856 5 -6 -19
T 2857 11 0 7 1
E 2857 0 2 21
E 2857 1 3 29
E 2857 2 4 37
E 2857 3 5 45
E 2857 4 5 53
E 2857 5 6 61
E 2857 6 7 69
T 2858 43 0 4 0
E 2858 3 4 13
E 2858 4 7 21
E 2858 5 9 29
E 2858 6 12 37
T 2859 6 0 5 0
E 2859 0 -17 -51
E 2859 1 -14 -43
E 2859 2 -11 -35
E 2859 3 -9 -27
E 2859 4 -6 -19
T 2860 64 0 6 0
E 2860 1 6 18
E 2860 2 8 26
E 2860 3 11 34
E 2860 4 14 42
E 2860 5 16 50
E 2860 6 19 58
T 2861 37 0 7 1
E 2861 0 -8 -72
E 2861 1 -7 -64
E 2861 2 -6 -56
E 2861 3 -5 -48
E 2861 4 -4 -40
E 2861 5 -3 -32
E 2861 6 -2 -24
T 2862 14 0 4 0
E 2862 0 -11 -33
E 2862 1 -8 -25
E 2862 2 -5 -17
E 2862 6 5 15
T 2863 35 0 4 0
E 2863 0 -4 -13
E 2863 4 6 19
E 2863 5 9 27
E 2863 6 11 35
T 2864 14 0 4 0
E 2864 0 -11 -33
E 2864 1 -8 -25
E 2864 2 -5 -17
E 2864 6 5 15
T 2865 43 0 4 0
E 2865 3 4 13
E 2865 4 7 21
E 2865 5 9 29
E 2865 6 12 37
T 2866 4 0 5 0
E 2866 0 -16 -49
E 2866 1 -13 -41
E 2866 2 -11 -33
E 2866 3 -8 -25
E 2866 4 -5 -17
T 2867 59 0 6 0
E 2867 1 4 13
E 2867 2 7 21
E 2867 3 9 29
E 2867 4 12 37
E 2867 5 15 45
E 2867 6 17 53
T 2868 13 0 6 0
E 2868 0 -18 -55
E 2868 1 -15 -47
E 2868 2 -13 -39
E 2868 3 -10 -31
E 2868 4 -7 -23
E 2868 5 -5 -15
T 2869 61 0 6 0
E 2869 1 5 15
E 2869 2 7 23
E 2869 3 10 31
E 2869 4 13 39
E 2869 5 15 47
E 2869 6 18 55
T 2870 37 0 7 1
E 2870 0 -7 -66
E 2870 1 -6 -58
E 2870 2 -5 -50
E 2870 3 -4 -42
E 2870 4 -3 -34
E 2870 5 -2 -26
E 2870 6 -2 -18
T 2871 4 0 4 0
E 2871 0 -13 -39
E 2871 1 -10 -31
E 2871 2 -7 -23
E 2871 3 -5 -15
T 2872 51 0 5 0
E 2872 2 5 15
E 2872 3 7 23
E 2872 4 10 31
E 2872 5 13 39
E 2872 6 15 47
T 2873 11 0 6 0
E 2873 0 -17 -53
E 2873 1 -15 -45
E 2873 2 -12 -37
E 2873 3 -9 -29
E 2873 4 -7 -21
E 2873 5 -4 -13
T 2874 59 0 6 0
E 2874 1 4 13
E 2874 2 7 21
E 2874 3 9 29
E 2874 4 12 37
E 2874 5 15 45
E 2874 6 17 53
T 2875 17 0 6 0
E 2875 0 -19 -59
E 2875 1 -17 -51
E 2875 2 -14 -43
E 2875 3 -11 -35
E 2875 4 -9 -27
E 2875 5 -6 -19
T 2876 11 0 7 1
E 2876 0 2 18
E 2876 1 2 26
E 2876 2 3 34
E 2876 3 4 42
E 2876 4 5 50
E 2876 5 6 58
E 2876 6 7 66
T 2877 45 0 4 0
E 2877 3 6 18
E 2877 4 8 26
E 2877 5 11 34
E 2877 6 14 42
T 2878 3 0 4 0
E 2878 0 -14 -44
E 2878 1 -12 -36
E 2878 2 -9 -28
E 2878 3 -6 -20
T 2879 44 0 4 0
E 2879 3 5 16
E 2879 4 8 24
E 2879 5 10 32
E 2879 6 13 40
T 2880 31 0 3 0
E 2880 1 -11 -33
E 2880 2 -8 -25
E 2880 3 -5 -17
T 2881 10 0 4 0
E 2881 0 9 27
E 2881 1 -5 -16
E 2881 5 5 16
E 2881 6 8 24
T 2882 37 0 3 0
E 2882 1 -11 -34
E 2882 2 -8 -26
E 2882 3 -6 -18
T 2883 5 0 4 0
E 2883 0 13 40
E 2883 4 5 15
E 2883 5 7 23
E 2883 6 10 31
T 2884 59 0 5 0
E 2884 1 -17 -51
E 2884 2 -14 -43
E 2884 3 -11 -35
E 2884 4 -9 -27
E 2884 5 -6 -19
T 2885 37 0 7 1
E 2885 0 7 66
E 2885 1 6 58
E 2885 2 2 18
E 2885 3 2 26
E 2885 4 3 34
E 2885 5 4 42
E 2885 6 5 50
T 2886 14 0 4 0
E 2886 0 12 37
E 2886 1 9 29
E 2886 2 -4 -14
E 2886 6 6 18
T 2887 34 0 5 0
E 2887 0 7 21
E 2887 1 4 13
E 2887 2 -11 -33
E 2887 3 -8 -25
E 2887 4 -5 -17
T 2888 17 0 4 0
E 2888 0 13 40
E 2888 1 10 32
E 2888 2 -5 -17
E 2888 6 5 15
T 2889 58 0 6 0
E 2889 0 5 16
E 2889 2 -15 -45
E 2889 3 -12 -37
E 2889 4 -9 -29
E 2889 5 -7 -21
E 2889 6 -4 -13
T 2890 5 0 5 0
E 2890 0 19 58
E 2890 1 16 50
E 2890 2 14 42
E 2890 5 6 18
E 2890 6 8 26
T 2891 77 0 6 0
E 2891 1 -5 -16
E 2891 2 -8 -24
E 2891 3 -22 -67
E 2891 4 -19 -59
E 2891 5 -17 -51
E 2891 6 -14 -43
T 2892 47 0 7 1
E 2892 0 9 85
E 2892 1 8 77
E 2892 2 7 69
E 2892 3 2 23
E 2892 4 3 31
E 2892 5 4 39
E 2892 6 5 47
T 2893 13 0 4 0
E 2893 0 17 51
E 2893 1 14 43
E 2893 2 11 35
E 2893 3 -4 -14
T 2894 64 0 5 0
E 2894 0 5 17
E 2894 3 -17 -52
E 2894 4 -14 -44
E 2894 5 -12 -36
E 2894 6 -9 -28
T 2895 9 0 5 0
E 2895 0 21 64
E 2895 1 18 56
E 2895 2 16 48
E 2895 3 13 40
E 2895 6 5 16
T 2896 73 0 5 0
E 2896 2 -6 -20
E 2896 3 -9 -28
E 2896 4 -23 -71
E 2896 5 -21 -63
E 2896 6 -18 -55
T 2897 19 0 6 0
E 2897 0 25 75
E 2897 1 22 67
E 2897 2 19 59
E 2897 3 17 51
E 2897 5 4 13
E 2897 6 7 21
T 2898 20 0 7 1
E 2898 0 -2 -18
E 2898 1 -2 -26
E 2898 2 -3 -34
E 2898 3 -4 -42
E 2898 4 -10 -91
E 2898 5 -9 -83
E 2898 6 -8 -75
T 2899 62 0 4 0
E 2899 0 6 20
E 2899 4 -19 -57
E 2899 5 -16 -49
E 2899 6 -13 -41
T 2900 14 0 5 0
E 2900 0 21 63
E 2900 1 18 55
E 2900 2 15 47
E 2900 3 13 39
E 2900 4 10 31
T 2901 81 0 6 0
E 2901 1 -5 -17
E 2901 2 -8 -25
E 2901 3 -11 -33
E 2901 4 -13 -41
E 2901 5 -28 -84
E 2901 6 -25 -76
T 2902 25 0 5 0
E 2902 0 26 80
E 2902 1 24 72
E 2902 2 21 64
E 2902 3 18 56
E 2902 4 16 48
T 2903 17 0 7 1
E 2903 0 -2 -24
E 2903 1 -3 -32
E 2903 2 -4 -40
E 2903 3 -5 -48
E 2903 4 -6 -56
E 2903 5 -11 -105
E 2903 6 -10 -97
T 2904 59 0 4 0
E 2904 0 5 16
E 2904 4 -5 -16
E 2904 5 -23 -69
E 2904 6 -20 -61
T 2905 38 0 7 1
E 2905 0 6 61
E 2905 1 5 53
E 2905 2 5 45
E 2905 3 4 37
E 2905 4 3 29
E 2905 5 2 21
E 2905 6 -2 -19
T 2906 20 0 5 0
E 2906 0 12 37
E 2906 1 9 29
E 2906 2 7 21
E 2906 3 4 13
E 2906 6 -15 -46
T 2907 47 0 4 0
E 2907 0 5 16
E 2907 4 -5 -16
E 2907 5 -8 -24
E 2907 6 -23 -70
T 2908 12 0 6 0
E 2908 0 15 46
E 2908 1 12 38
E 2908 2 10 30
E 2908 3 7 22
E 2908 4 4 14
E 2908 6 -14 -43
T 2909 49 0 4 0
E 2909 0 5 15
E 2909 4 -5 -17
E 2909 5 -8 -25
E 2909 6 -26 -78
T 2910 5 0 5 0
E 2910 0 16 50
E 2910 1 14 42
E 2910 2 11 34
E 2910 3 8 26
E 2910 4 6 18
T 2911 64 0 6 0
E 2911 1 -6 -18
E 2911 2 -8 -26
E 2911 3 -11 -34
E 2911 4 -14 -42
E 2911 5 -16 -50
E 2911 6 -19 -58
T 2912 37 0 7 1
E 2912 0 7 71
E 2912 1 7 63
E 2912 2 6 55
E 2912 3 5 47
E 2912 4 4 39
E 2912 5 3 31
E 2912 6 2 23
T 2913 3 0 4 0
E 2913 0 14 44
E 2913 1 12 36
E 2913 2 9 28
E 2913 3 6 20
T 2914 50 0 5 0
E 2914 2 -4 -14
E 2914 3 -7 -22
E 2914 4 -10 -30
E 2914 5 -12 -38
E 2914 6 -15 -46
T 2915 6 0 5 0
E 2915 0 17 52
E 2915 1 14 44
E 2915 2 12 36
E 2915 3 9 28
E 2915 4 6 20
T 2916 54 0 5 0
E 2916 2 -6 -20
E 2916 3 -9 -28
E 2916 4 -12 -36
E 2916 5 -14 -44
E 2916 6 -17 -52
T 2917 15 0 6 0
E 2917 0 19 57
E 2917 1 16 49
E 2917 2 13 41
E 2917 3 11 33
E 2917 4 8 25
E 2917 5 5 17
T 2918 11 0 7 1
E 2918 0 -2 -18
E 2918 1 -2 -26
E 2918 2 -3 -34
E 2918 3 -4 -42
E 2918 4 -5 -50
E 2918 5 -6 -58
E 2918 6 -7 -66
T 2919 34 0 4 0
E 2919 0 5 16
E 2919 4 -5 -16
E 2919 5 -8 -24
E 2919 6 -10 -32
T 2920 13 0 4 0
E 2920 0 11 35
E 2920 1 9 27
E 2920 2 6 19
E 2920 6 -4 -13
T 2921 33 0 4 0
E 2921 0 6 19
E 2921 4 -4 -13
E 2921 5 -7 -21
E 2921 6 -9 -29
T 2922 14 0 4 0
E 2922 0 10 32
E 2922 1 8 24
E 2922 2 5 16
E 2922 6 -5 -16
T 2923 43 0 4 0
E 2923 3 -4 -13
E 2923 4 -7 -21
E 2923 5 -9 -29
E 2923 6 -12 -37
T 2924 4 0 4 0
E 2924 0 13 41
E 2924 1 11 33
E 2924 2 8 25
E 2924 3 5 17
T 2925 43 0 4 0
E 2925 3 -4 -14
E 2925 4 -7 -22
E 2925 5 -10 -30
E 2925 6 -12 -38
T 2926 4 0 5 0
E 2926 0 16 48
E 2926 1 13 40
E 2926 2 10 32
E 2926 3 8 24
E 2926 4 5 16
T 2927 53 0 5 0
E 2927 2 -6 -18
E 2927 3 -8 -26
E 2927 4 -11 -34
E 2927 5 -14 -42
E 2927 6 -16 -50
T 2928 6 0 5 0
E 2928 0 17 52
E 2928 1 14 44
E 2928 2 12 36
E 2928 3 9 28
E 2928 4 6 20
T 2929 53 0 5 0
E 2929 2 -6 -18
E 2929 3 -8 -26
E 2929 4 -11 -34
E 2929 5 -14 -42
E 2929 6 -16 -50
T 2930 15 0 6 0
E 2930 0 19 57
E 2930 1 16 49
E 2930 2 13 41
E 2930 3 11 33
E 2930 4 8 25
E 2930 5 5 17
T 2931 65 0 6 0
E 2931 1 -6 -19
E 2931 2 -9 -27
E 2931 3 -11 -35
E 2931 4 -14 -43
E 2931 5 -17 -51
E 2931 6 -19 -59
T 2932 37 0 7 1
E 2932 0 7 70
E 2932 1 6 62
E 2932 2 6 54
E 2932 3 5 46
E 2932 4 4 38
E 2932 5 3 30
E 2932 6 2 22
T 2933 5 0 4 0
E 2933 0 12 38
E 2933 1 10 30
E 2933 2 7 22
E 2933 3 4 14
T 2934 44 0 4 0
E 2934 3 -5 -15
E 2934 4 -7 -23
E 2934 5 -10 -31
E 2934 6 -13 -39
T 2935 2 0 5 0
E 2935 0 15 45
E 2935 1 12 37
E 2935 2 9 29
E 2935 3 7 21
E 2935 4 4 13
T 2936 50 0 5 0
E 2936 2 -4 -14
E 2936 3 -7 -22
E 2936 4 -10 -30
E 2936 5 -12 -38
E 2936 6 -15 -46
T 2937 3 0 5 0
E 2937 0 15 47
E 2937 1 13 39
E 2937 2 10 31
E 2937 3 7 23
E 2937 4 5 15
T 2938 50 0 5 0
E 2938 2 -4 -13
E 2938 3 -7 -21
E 2938 4 -9 -29
E 2938 5 -12 -37
E 2938 6 -15 -45
T 2939 16 0 6 0
E 2939 0 19 58
E 2939 1 16 50
E 2939 2 14 42
E 2939 3 11 34
E 2939 4 8 26
E 2939 5 6 18
T 2940 11 0 7 1
E 2940 0 -2 -20
E 2940 1 -3 -28
E 2940 2 -4 -36
E 2940 3 -4 -44
E 2940 4 -5 -52
E 2940 5 -6 -60
E 2940 6 -7 -68
T 2941 34 0 4 0
E 2941 0 5 17
E 2941 4 -5 -15
E 2941 5 -7 -23
E 2941 6 -10 -31
T 2942 4 0 4 0
E 2942 0 13 40
E 2942 1 10 32
E 2942 2 8 24
E 2942 3 5 16
T 2943 50 0 5 0
E 2943 2 -4 -13
E 2943 3 -7 -21
E 2943 4 -9 -29
E 2943 5 -12 -37
E 2943 6 -15 -45
T 2944 16 0 6 0
E 2944 0 19 58
E 2944 1 16 50
E 2944 2 14 42
E 2944 3 11 34
E 2944 4 8 26
E 2944 5 6 18
T 2945 64 0 6 0
E 2945 1 -6 -18
E 2945 2 -8 -26
E 2945 3 -11 -34
E 2945 4 -14 -42
E 2945 5 -16 -50
E 2945 6 -19 -58
T 2946 37 0 7 1
E 2946 0 7 70
E 2946 1 6 62
E 2946 2 6 54
E 2946 3 5 46
E 2946 4 4 38
E 2946 5 3 30
E 2946 6 2 22
T 2947 5 0 4 0
E 2947 0 12 37
E 2947 1 9 29
E 2947 2 7 21
E 2947 3 4 13
T 2948 39 0 3 0
E 2948 4 -6 -20
E 2948 5 -9 -28
E 2948 6 -12 -36
T 2949 2 0 5 0
E 2949 0 15 45
E 2949 1 12 37
E 2949 2 9 29
E 2949 3 7 21
E 2949 4 4 13
T 2950 53 0 5 0
E 2950 2 -6 -18
E 2950 3 -8 -26
E 2950 4 -11 -34
E 2950 5 -14 -42
E 2950 6 -16 -50
T 2951 6 0 5 0
E 2951 0 17 51
E 2951 1 14 43
E 2951 2 11 35
E 2951 3 9 27
E 2951 4 6 19
T 2952 64 0 6 0
E 2952 1 -6 -18
E 2952 2 -8 -26
E 2952 3 -11 -34
E 2952 4 -14 -42
E 2952 5 -16 -50
E 2952 6 -19 -58
T 2953 37 0 7 1
E 2953 0 7 65
E 2953 1 6 57
E 2953 2 5 49
E 2953 3 4 41
E 2953 4 3 33
E 2953 5 2 25
E 2953 6 1 17
T 2954 3 0 4 0
E 2954 0 14 42
E 2954 1 11 34
E 2954 2 8 26
E 2954 3 6 18
T 2955 50 0 5 0
E 2955 2 -4 -13
E 2955 3 -7 -21
E 2955 4 -9 -29
E 2955 5 -12 -37
E 2955 6 -15 -45
T 2956 14 0 6 0
E 2956 0 18 56
E 2956 1 16 48
E 2956 2 13 40
E 2956 3 10 32
E 2956 4 8 24
E 2956 5 5 16
T 2957 11 0 7 1
E 2957 0 -1 -17
E 2957 1 -2 -25
E 2957 2 -3 -33
E 2957 3 -4 -41
E 2957 4 -5 -49
E 2957 5 -6 -57
E 2957 6 -7 -65
T 2958 44 0 4 0
E 2958 3 -5 -17
E 2958 4 -8 -25
E 2958 5 -11 -33
E 2958 6 -13 -41
T 2959 4 0 4 0
E 2959 0 13 41
E 2959 1 11 33
E 2959 2 8 25
E 2959 3 5 17
T 2960 44 0 4 0
E 2960 3 -5 -15
E 2960 4 -7 -23
E 2960 5 -10 -31
E 2960 6 -13 -39
T 2961 3 0 4 0
E 2961 0 14 44
E 2961 1 12 36
E 2961 2 9 28
E 2961 3 6 20
T 2962 45 0 4 0
E 2962 3 -6 -20
E 2962 4 -9 -28
E 2962 5 -12 -36
E 2962 6 -14 -44
T 2963 2 0 5 0
E 2963 0 15 45
E 2963 1 12 37
E 2963 2 9 29
E 2963 3 7 21
E 2963 4 4 13
T 2964 59 0 6 0
E 2964 1 -4 -13
E 2964 2 -7 -21
E 2964 3 -9 -29
E 2964 4 -12 -37
E 2964 5 -15 -45
E 2964 6 -17 -53
T 2965 15 0 6 0
E 2965 0 19 57
E 2965 1 16 49
E 2965 2 13 41
E 2965 3 11 33
E 2965 4 8 25
E 2965 5 5 17
T 2966 13 0 7 1
E 2966 0 -1 -15
E 2966 1 -2 -23
E 2966 2 -3 -31
E 2966 3 -4 -39
E 2966 4 -5 -47
E 2966 5 -6 -55
E 2966 6 -7 -63
T 2967 29 0 3 0
E 2967 0 6 20
E 2967 5 -6 -20
E 2967 6 -9 -28
T 2968 14 0 4 0
E 2968 0 11 33
E 2968 1 8 25
E 2968 2 5 17
E 2968 6 -5 -15
T 2969 34 0 4 0
E 2969 0 5 16
E 2969 4 -5 -16
E 2969 5 -8 -24
E 2969 6 -10 -32
T 2970 9 0 3 0
E 2970 0 12 36
E 2970 1 9 28
E 2970 2 6 20
T 2971 45 0 4 0
E 2971 3 -6 -18
E 2971 4 -8 -26
E 2971 5 -11 -34
E 2971 6 -14 -42
T 2972 4 0 5 0
E 2972 0 16 48
E 2972 1 13 40
E 2972 2 10 32
E 2972 3 8 24
E 2972 4 5 16
T 2973 50 0 5 0
E 2973 2 -4 -14
E 2973 3 -7 -22
E 2973 4 -10 -30
E 2973 5 -12 -38
E 2973 6 -15 -46
T 2974 15 0 6 0
E 2974 0 19 57
E 2974 1 16 49
E 2974 2 13 41
E 2974 3 11 33
E 2974 4 8 25
E 2974 5 5 17
T 2975 13 0 7 1
E 2975 0 -1 -14
E 2975 1 -2 -22
E 2975 2 -3 -30
E 2975 3 -4 -38
E 2975 4 -5 -46
E 2975 5 -6 -54
E 2975 6 -6 -62
T 2976 35 0 4 0
E 2976 0 4 13
E 2976 4 -6 -19
E 2976 5 -9 -27
E 2976 6 -11 -35
T 2977 2 0 4 0
E 2977 0 12 37
E 2977 1 10 32
E 2977 2 8 24
E 2977 3 5 16
T 2978 39 0 4 0
E 2978 3 -5 -17
E 2978 4 -8 -25
E 2978 5 -11 -33
E 2978 6 -13 -41
T 2979 9 0 5 0
E 2979 0 13 41
E 2979 1 13 41
E 2979 2 11 33
E 2979 3 8 25
E 2979 4 5 17
T 2980 34 0 4 0
E 2980 3 -6 -18
E 2980 4 -8 -26
E 2980 5 -11 -34
E 2980 6 -14 -42
T 2981 12 0 5 0
E 2981 0 11 34
E 2981 1 13 39
E 2981 2 10 31
E 2981 3 7 23
E 2981 4 5 15
T 2982 28 0 4 0
E 2982 3 -5 -16
E 2982 4 -8 -24
E 2982 5 -10 -32
E 2982 6 -13 -40
T 2983 6 0 4 0
E 2983 0 7 23
E 2983 1 9 28
E 2983 2 8 25
E 2983 3 5 17
T 2984 22 0 4 0
E 2984 3 -4 -13
E 2984 4 -7 -21
E 2984 5 -9 -29
E 2984 6 -12 -37
T 2985 17 0 5 0
E 2985 0 8 25
E 2985 1 10 30
E 2985 2 11 33
E 2985 3 8 25
E 2985 4 5 17
T 2986 17 0 4 0
E 2986 0 -4 -14
E 2986 4 -6 -20
E 2986 5 -9 -28
E 2986 6 -12 -36
T 2987 10 0 4 0
E 2987 0 4 14
E 2987 1 6 19
E 2987 2 8 24
E 2987 3 6 19
T 2988 5 0 2 0
E 2988 5 -6 -19
E 2988 6 -9 -27
T 2989 4 0 1 0
E 2989 6 -5 -15
T 2990 3 0 1 0
E 2990 3 5 15
T 2991 1 0 1 0
E 2991 6 -4 -14
T 2992 3 0 1 0
E 2992 6 -4 -13
T 2993 6 0 1 0
E 2993 6 -4 -14
T 2994 5 0 2 0
E 2994 0 -4 -13
E 2994 6 -4 -14
T 2995 8 0 1 0
E 2995 4 5 15
T 2996 9 0 1 0
E 2996 0 -4 -13
T 2997 8 0 0 0
T 2998 9 0 0 0
T 2999 14 0 2 0
E 2999 4 4 14
E 2999 5 4 14
T 3000 11 0 0 0
T 3001 17 0 2 0
E 3001 4 4 13
E 3001 5 6 18
T 3002 10 0 2 0
E 3002 0 -7 -22
E 3002 1 -5 -17
T 3003 11 0 1 0
E 3003 0 -5 -16
T 3004 18 0 2 0
E 3004 5 5 17
E 3004 6 5 17
T 3005 11 0 1 0
E 3005 0 -5 -16
T 3006 20 0 2 0
E 3006 5 5 17
E 3006 6 7 22
T 3007 9 0 2 0
E 3007 0 -7 -21
E 3007 1 -5 -16
T 3008 20 0 2 0
E 3008 5 5 17
E 3008 6 7 22
T 3009 15 1 2 0
E 3009 0 -5 -15
E 3009 6 5 15
T 3010 15 1 2 0
E 3010 0 -5 -15
E 3010 6 5 15
T 3011 14 0 2 0
E 3011 0 -4 -13
E 3011 6 5 17
T 3012 14 0 2 0
E 3012 0 -4 -13
E 3012 6 5 17
T 3013 8 0 2 0
E 3013 0 -6 -18
E 3013 1 -4 -13
T 3014 21 0 2 0
E 3014 5 4 14
E 3014 6 6 19
T 3015 8 0 2 0
E 3015 0 -6 -18
E 3015 1 -4 -13
T 3016 21 0 2 0
E 3016 5 5 16
E 3016 6 7 21
T 3017 6 0 3 0
E 3017 0 -7 -23
E 3017 1 -6 -18
E 3017 2 -4 -13
T 3018 28 0 4 0
E 3018 3 4 13
E 3018 4 6 18
E 3018 5 7 23
E 3018 6 9 28
T 3019 4 0 5 0
E 3019 0 -11 -34
E 3019 1 -9 -29
E 3019 2 -8 -24
E 3019 3 -6 -19
E 3019 4 -4 -14
T 3020 34 0 5 0
E 3020 2 4 14
E 3020 3 6 19
E 3020 4 8 24
E 3020 5 9 29
E 3020 6 11 34
T 3021 4 0 5 0
E 3021 0 -11 -33
E 3021 1 -9 -28
E 3021 2 -7 -23
E 3021 3 -6 -18
E 3021 4 -4 -13
T 3022 34 0 5 0
E 3022 2 4 14
E 3022 3 6 19
E 3022 4 8 24
E 3022 5 9 29
E 3022 6 11 34
T 3023 4 0 5 0
E 3023 0 -11 -33
E 3023 1 -9 -28
E 3023 2 -7 -23
E 3023 3 -6 -18
E 3023 4 -4 -13
T 3024 42 0 6 0
E 3024 1 4 14
E 3024 2 6 19
E 3024 3 8 24
E 3024 4 9 29
E 3024 5 11 34
E 3024 6 13 39
T 3025 24 0 7 1
E 3025 0 -4 -43
E 3025 1 -4 -38
E 3025 2 -3 -33
E 3025 3 -3 -28
E 3025 4 -2 -23
E 3025 5 -2 -18
E 3025 6 -1 -13
T 3026 7 0 3 0
E 3026 0 -8 -26
E 3026 1 -6 -20
E 3026 2 -5 -15
T 3027 22 0 2 0
E 3027 5 5 16
E 3027 6 7 21
T 3028 7 0 3 0
E 3028 0 -9 -28
E 3028 1 -7 -21
E 3028 2 -5 -16
T 3029 27 0 3 0
E 3029 4 4 14
E 3029 5 6 19
E 3029 6 8 24
T 3030 11 0 2 0
E 3030 0 -7 -23
E 3030 1 -5 -15
T 3031 24 0 2 0
E 3031 5 5 17
E 3031 6 7 22
T 3032 11 0 2 0
E 3032 0 -7 -23
E 3032 1 -5 -15
T 3033 33 0 4 0
E 3033 3 4 13
E 3033 4 6 18
E 3033 5 7 23
E 3033 6 9 28
T 3034 2 0 5 0
E 3034 0 -13 -41
E 3034 1 -11 -33
E 3034 2 -8 -25
E 3034 3 -6 -20
E 3034 4 -5 -15
T 3035 41 0 5 0
E 3035 2 5 15
E 3035 3 6 20
E 3035 4 8 25
E 3035 5 10 30
E 3035 6 11 35
T 3036 4 0 4 0
E 3036 0 -13 -39
E 3036 1 -10 -31
E 3036 2 -7 -23
E 3036 3 -5 -17
T 3037 31 0 3 0
E 3037 4 5 17
E 3037 5 7 22
E 3037 6 9 27
T 3038 9 0 3 0
E 3038 0 -9 -29
E 3038 1 -7 -21
E 3038 2 -4 -13
T 3039 29 0 4 0
E 3039 0 -4 -14
E 3039 4 5 15
E 3039 5 6 20
E 3039 6 8 25
T 3040 9 0 3 0
E 3040 0 -11 -34
E 3040 1 -8 -26
E 3040 2 -6 -18
T 3041 30 0 4 0
E 3041 0 -4 -14
E 3041 4 5 16
E 3041 5 7 21
E 3041 6 8 26
T 3042 9 0 3 0
E 3042 0 -10 -31
E 3042 1 -7 -23
E 3042 2 -5 -15
T 3043 40 0 4 0
E 3043 3 5 15
E 3043 4 7 22
E 3043 5 9 27
E 3043 6 10 32
T 3044 5 0 4 0
E 3044 0 -12 -37
E 3044 1 -9 -29
E 3044 2 -7 -21
E 3044 3 -4 -13
T 3045 48 0 5 0
E 3045 2 5 15
E 3045 3 7 23
E 3045 4 10 31
E 3045 5 12 36
E 3045 6 13 41
T 3046 4 0 5 0
E 3046 0 -16 -48
E 3046 1 -13 -40
E 3046 2 -10 -32
E 3046 3 -8 -24
E 3046 4 -5 -16
T 3047 52 0 5 0
E 3047 2 6 20
E 3047 3 9 28
E 3047 4 12 36
E 3047 5 14 42
E 3047 6 15 47
T 3048 6 0 5 0
E 3048 0 -17 -51
E 3048 1 -14 -43
E 3048 2 -11 -35
E 3048 3 -9 -27
E 3048 4 -6 -19
T 3049 53 0 5 0
E 3049 2 6 19
E 3049 3 9 27
E 3049 4 11 35
E 3049 5 14 43
E 3049 6 16 48
T 3050 35 0 7 1
E 3050 0 -6 -59
E 3050 1 -5 -51
E 3050 2 -4 -43
E 3050 3 -3 -35
E 3050 4 -3 -27
E 3050 5 -2 -19
E 3050 6 -1 -14
T 3051 4 0 4 0
E 3051 0 -13 -40
E 3051 1 -10 -32
E 3051 2 -8 -24
E 3051 3 -5 -16
T 3052 44 0 4 0
E 3052 3 6 18
E 3052 4 8 26
E 3052 5 11 34
E 3052 6 13 40
T 3053 4 0 5 0
E 3053 0 -16 -49
E 3053 1 -13 -41
E 3053 2 -11 -33
E 3053 3 -8 -25
E 3053 4 -5 -17
T 3054 54 0 5 0
E 3054 2 6 20
E 3054 3 9 28
E 3054 4 12 36
E 3054 5 14 44
E 3054 6 17 52
T 3055 11 0 6 0
E 3055 0 -17 -53
E 3055 1 -15 -45
E 3055 2 -12 -37
E 3055 3 -9 -29
E 3055 4 -7 -21
E 3055 5 -4 -13
T 3056 66 0 6 0
E 3056 1 6 20
E 3056 2 9 28
E 3056 3 12 36
E 3056 4 14 44
E 3056 5 17 52
E 3056 6 20 60
T 3057 37 0 7 1
E 3057 0 -7 -66
E 3057 1 -6 -58
E 3057 2 -5 -50
E 3057 3 -4 -42
E 3057 4 -3 -34
E 3057 5 -2 -26
E 3057 6 -2 -18
T 3058 4 0 4 0
E 3058 0 -13 -40
E 3058 1 -10 -32
E 3058 2 -8 -24
E 3058 3 -5 -16
T 3059 43 0 4 0
E 3059 3 4 14
E 3059 4 7 22
E 3059 5 10 30
E 3059 6 12 38
T 3060 4 0 4 0
E 3060 0 -13 -41
E 3060 1 -11 -33
E 3060 2 -8 -25
E 3060 3 -5 -17
T 3061 44 0 4 0
E 3061 3 5 16
E 3061 4 8 24
E 3061 5 10 32
E 3061 6 13 40
T 3062 3 0 4 0
E 3062 0 -14 -42
E 3062 1 -11 -34
E 3062 2 -8 -26
E 3062 3 -6 -18
T 3063 52 0 5 0
E 3063 2 5 16
E 3063 3 8 24
E 3063 4 10 32
E 3063 5 13 40
E 3063 6 16 48
T 3064 4 0 5 0
E 3064 0 -16 -48
E 3064 1 -13 -40
E 3064 2 -10 -32
E 3064 3 -8 -24
E 3064 4 -5 -16
T 3065 54 0 5 0
E 3065 2 6 19
E 3065 3 9 27
E 3065 4 11 35
E 3065 5 14 43
E 3065 6 17 51
T 3066 17 0 6 0
E 3066 0 -19 -59
E 3066 1 -17 -51
E 3066 2 -14 -43
E 3066 3 -11 -35
E 3066 4 -9 -27
E 3066 5 -6 -19
T 3067 64 0 6 0
E 3067 1 6 18
E 3067 2 8 26
E 3067 3 11 34
E 3067 4 14 42
E 3067 5 16 50
E 3067 6 19 58
T 3068 37 0 7 1
E 3068 0 -7 -65
E 3068 1 -6 -57
E 3068 2 -5 -49
E 3068 3 -4 -41
E 3068 4 -3 -33
E 3068 5 -2 -25
E 3068 6 -1 -17
T 3069 9 0 3 0
E 3069 0 -12 -36
E 3069 1 -9 -28
E 3069 2 -6 -20
T 3070 45 0 4 0
E 3070 3 6 20
E 3070 4 9 28
E 3070 5 12 36
E 3070 6 14 44
T 3071 2 0 5 0
E 3071 0 -15 -46
E 3071 1 -12 -38
E 3071 2 -10 -30
E 3071 3 -7 -22
E 3071 4 -4 -14
T 3072 50 0 5 0
E 3072 2 4 14
E 3072 3 7 22
E 3072 4 10 30
E 3072 5 12 38
E 3072 6 15 46
T 3073 11 0 6 0
E 3073 0 -17 -53
E 3073 1 -15 -45
E 3073 2 -12 -37
E 3073 3 -9 -29
E 3073 4 -7 -21
E 3073 5 -4 -13
T 3074 13 0 7 1
E 3074 0 1 15
E 3074 1 2 23
E 3074 2 3 31
E 3074 3 4 39
E 3074 4 5 47
E 3074 5 6 55
E 3074 6 7 63
T 3075 44 0 4 0
E 3075 3 5 15
E 3075 4 7 23
E 3075 5 10 31
E 3075 6 13 39
T 3076 4 0 4 0
E 3076 0 -13 -41
E 3076 1 -11 -33
E 3076 2 -8 -25
E 3076 3 -5 -17
T 3077 44 0 4 0
E 3077 3 5 17
E 3077 4 8 25
E 3077 5 11 33
E 3077 6 13 41
T 3078 2 0 5 0
E 3078 0 -15 -45
E 3078 1 -12 -37
E 3078 2 -9 -29
E 3078 3 -7 -21
E 3078 4 -4 -13
T 3079 50 0 5 0
E 3079 2 4 13
E 3079 3 7 21
E 3079 4 9 29
E 3079 5 12 37
E 3079 6 15 45
T 3080 6 0 5 0
E 3080 0 -17 -51
E 3080 1 -14 -43
E 3080 2 -11 -35
E 3080 3 -9 -27
E 3080 4 -6 -19
T 3081 52 0 5 0
E 3081 2 5 17
E 3081 3 8 25
E 3081 4 11 33
E 3081 5 13 41
E 3081 6 16 49
T 3082 16 0 6 0
E 3082 0 -19 -58
E 3082 1 -16 -50
E 3082 2 -14 -42
E 3082 3 -11 -34
E 3082 4 -8 -26
E 3082 5 -6 -18
T 3083 64 0 6 0
E 3083 1 6 18
E 3083 2 8 26
E 3083 3 11 34
E 3083 4 14 42
E 3083 5 16 50
E 3083 6 19 58
T 3084 35 0 7 1
E 3084 0 -7 -63
E 3084 1 -6 -55
E 3084 2 -5 -47
E 3084 3 -4 -39
E 3084 4 -3 -31
E 3084 5 -2 -23
E 3084 6 -1 -15
T 3085 13 0 4 0
E 3085 0 -11 -34
E 3085 1 -8 -26
E 3085 2 -6 -18
E 3085 6 4 14
T 3086 34 0 4 0
E 3086 0 -5 -16
E 3086 4 5 16
E 3086 5 8 24
E 3086 6 10 32
T 3087 14 0 4 0
E 3087 0 -10 -32
E 3087 1 -8 -24
E 3087 2 -5 -16
E 3087 6 5 16
T 3088 25 0 4 0
E 3088 0 -7 -22
E 3088 1 -4 -14
E 3088 5 6 18
E 3088 6 8 26
T 3089 24 0 4 0
E 3089 0 -7 -23
E 3089 1 -5 -15
E 3089 5 5 17
E 3089 6 8 25
T 3090 24 1 4 0
E 3090 0 -8 -24
E 3090 1 -5 -16
E 3090 5 5 16
E 3090 6 8 24
T 3091 15 0 4 0
E 3091 0 -9 -29
E 3091 1 -7 -21
E 3091 2 -4 -13
E 3091 6 6 19
T 3092 33 0 4 0
E 3092 0 -6 -18
E 3092 4 4 14
E 3092 5 7 22
E 3092 6 10 30
T 3093 4 0 4 0
E 3093 0 -13 -39
E 3093 1 -10 -31
E 3093 2 -7 -23
E 3093 3 -5 -15
T 3094 44 0 4 0
E 3094 3 5 15
E 3094 4 7 23
E 3094 5 10 31
E 3094 6 13 39
T 3095 3 0 4 0
E 3095 0 -14 -44
E 3095 1 -12 -36
E 3095 2 -9 -28
E 3095 3 -6 -20
T 3096 45 0 4 0
E 3096 3 6 20
E 3096 4 9 28
E 3096 5 12 36
E 3096 6 14 44
T 3097 5 0 5 0
E 3097 0 -16 -50
E 3097 1 -14 -42
E 3097 2 -11 -34
E 3097 3 -8 -26
E 3097 4 -6 -18
T 3098 60 0 6 0
E 3098 1 4 14
E 3098 2 7 22
E 3098 3 10 30
E 3098 4 12 38
E 3098 5 15 46
E 3098 6 18 54
T 3099 37 0 7 1
E 3099 0 -7 -65
E 3099 1 -6 -57
E 3099 2 -5 -49
E 3099 3 -4 -41
E 3099 4 -3 -33
E 3099 5 -2 -25
E 3099 6 -1 -17
T 3100 4 0 4 0
E 3100 0 -13 -40
E 3100 1 -10 -32
E 3100 2 -8 -24
E 3100 3 -5 -16
T 3101 43 0 4 0
E 3101 3 4 13
E 3101 4 7 21
E 3101 5 9 29
E 3101 6 12 37
T 3102 4 0 4 0
E 3102 0 -13 -39
E 3102 1 -10 -31
E 3102 2 -7 -23
E 3102 3 -5 -15
T 3103 50 0 5 0
E 3103 2 4 13
E 3103 3 7 21
E 3103 4 9 29
E 3103 5 12 37
E 3103 6 15 45
T 3104 6 0 5 0
E 3104 0 -17 -51
E 3104 1 -14 -43
E 3104 2 -11 -35
E 3104 3 -9 -27
E 3104 4 -6 -19
T 3105 60 0 6 0
E 3105 1 4 14
E 3105 2 7 22
E 3105 3 10 30
E 3105 4 12 38
E 3105 5 15 46
E 3105 6 18 54
T 3106 37 0 7 1
E 3106 0 -7 -66
E 3106 1 -6 -58
E 3106 2 -5 -50
E 3106 3 -4 -42
E 3106 4 -3 -34
E 3106 5 -2 -26
E 3106 6 -2 -18
T 3107 3 0 4 0
E 3107 0 -14 -42
E 3107 1 -11 -34
E 3107 2 -8 -26
E 3107 3 -6 -18
T 3108 50 0 5 0
E 3108 2 4 14
E 3108 3 7 22
E 3108 4 10 30
E 3108 5 12 38
E 3108 6 15 46
T 3109 3 0 5 0
E 3109 0 -15 -47
E 3109 1 -13 -39
E 3109 2 -10 -31
E 3109 3 -7 -23
E 3109 4 -5 -15
T 3110 52 0 5 0
E 3110 2 5 17
E 3110 3 8 25
E 3110 4 11 33
E 3110 5 13 41
E 3110 6 16 49
T 3111 4 0 5 0
E 3111 0 -16 -48
E 3111 1 -13 -40
E 3111 2 -10 -32
E 3111 3 -8 -24
E 3111 4 -5 -16
T 3112 59 0 6 0
E 3112 1 4 13
E 3112 2 7 21
E 3112 3 9 29
E 3112 4 12 37
E 3112 5 15 45
E 3112 6 17 53
T 3113 16 0 6 0
E 3113 0 -19 -58
E 3113 1 -16 -50
E 3113 2 -14 -42
E 3113 3 -11 -34
E 3113 4 -8 -26
E 3113 5 -6 -18
T 3114 63 0 6 0
E 3114 1 5 17
E 3114 2 8 25
E 3114 3 11 33
E 3114 4 13 41
E 3114 5 16 49
E 3114 6 19 57
T 3115 18 0 6 0
E 3115 0 -20 -60
E 3115 1 -17 -52
E 3115 2 -14 -44
E 3115 3 -12 -36
E 3115 4 -9 -28
E 3115 5 -6 -20
T 3116 66 0 6 0
E 3116 1 6 20
E 3116 2 9 28
E 3116 3 12 36
E 3116 4 14 44
E 3116 5 17 52
E 3116 6 20 60
T 3117 37 0 7 1
E 3117 0 -7 -71
E 3117 1 -7 -63
E 3117 2 -6 -55
E 3117 3 -5 -47
E 3117 4 -4 -39
E 3117 5 -3 -31
E 3117 6 -2 -23
T 3118 4 0 4 0
E 3118 0 -13 -41
E 3118 1 -11 -33
E 3118 2 -8 -25
E 3118 3 -5 -17
T 3119 43 0 4 0
E 3119 3 4 14
E 3119 4 7 22
E 3119 5 10 30
E 3119 6 12 38
T 3120 36 0 4 0
E 3120 1 -13 -40
E 3120 2 -10 -32
E 3120 3 -8 -24
E 3120 4 -5 -16
T 3121 0 0 4 0
E 3121 0 12 37
E 3121 4 6 18
E 3121 5 8 26
E 3121 6 11 34
T 3122 43 0 4 0
E 3122 1 -14 -42
E 3122 2 -11 -34
E 3122 3 -8 -26
E 3122 4 -6 -18
T 3123 4 0 4 0
E 3123 0 14 43
E 3123 4 6 18
E 3123 5 8 26
E 3123 6 11 34
T 3124 55 0 5 0
E 3124 1 -15 -45
E 3124 2 -12 -37
E 3124 3 -9 -29
E 3124 4 -7 -21
E 3124 5 -4 -13
T 3125 11 0 6 0
E 3125 0 17 53
E 3125 1 15 45
E 3125 3 4 13
E 3125 4 7 21
E 3125 5 9 29
E 3125 6 12 37
T 3126 70 0 6 0
E 3126 1 -6 -19
E 3126 2 -20 -62
E 3126 3 -18 -54
E 3126 4 -15 -46
E 3126 5 -12 -38
E 3126 6 -10 -30
T 3127 43 0 7 1
E 3127 0 8 78
E 3127 1 7 70
E 3127 2 2 24
E 3127 3 3 32
E 3127 4 4 40
E 3127 5 5 48
E 3127 6 6 56
T 3128 17 0 4 0
E 3128 0 13 40
E 3128 1 10 32
E 3128 2 -5 -17
E 3128 6 5 15
T 3129 58 0 6 0
E 3129 0 5 15
E 3129 2 -15 -46
E 3129 3 -12 -38
E 3129 4 -10 -30
E 3129 5 -7 -22
E 3129 6 -4 -14
T 3130 2 0 5 0
E 3130 0 18 54
E 3130 1 15 46
E 3130 2 12 38
E 3130 5 4 14
E 3130 6 7 22
T 3131 64 0 5 0
E 3131 2 -4 -13
E 3131 3 -18 -56
E 3131 4 -16 -48
E 3131 5 -13 -40
E 3131 6 -10 -32
T 3132 16 0 6 0
E 3132 0 24 72
E 3132 1 21 64
E 3132 2 18 56
E 3132 4 6 18
E 3132 5 8 26
E 3132 6 11 34
T 3133 20 0 7 1
E 3133 0 -1 -15
E 3133 1 -2 -23
E 3133 2 -3 -31
E 3133 3 -8 -80
E 3133 4 -8 -72
E 3133 5 -7 -64
E 3133 6 -6 -56
T 3134 55 0 6 0
E 3134 0 7 23
E 3134 1 5 15
E 3134 3 -15 -46
E 3134 4 -12 -38
E 3134 5 -10 -30
E 3134 6 -7 -22
T 3135 2 0 4 0
E 3135 0 19 57
E 3135 1 16 49
E 3135 2 13 41
E 3135 3 11 33
T 3136 70 0 5 0
E 3136 2 -5 -15
E 3136 3 -7 -23
E 3136 4 -22 -66
E 3136 5 -19 -58
E 3136 6 -16 -50
T 3137 13 0 5 0
E 3137 0 24 72
E 3137 1 21 64
E 3137 2 18 56
E 3137 3 16 48
E 3137 6 6 18
T 3138 20 0 7 1
E 3138 0 -2 -18
E 3138 1 -2 -26
E 3138 2 -3 -34
E 3138 3 -4 -42
E 3138 4 -10 -91
E 3138 5 -9 -83
E 3138 6 -8 -75
T 3139 63 0 4 0
E 3139 0 5 16
E 3139 4 -20 -61
E 3139 5 -17 -53
E 3139 6 -15 -45
T 3140 14 0 5 0
E 3140 0 21 64
E 3140 1 18 56
E 3140 2 16 48
E 3140 3 13 40
E 3140 4 10 32
T 3141 82 0 6 0
E 3141 1 -6 -18
E 3141 2 -8 -26
E 3141 3 -11 -34
E 3141 4 -14 -42
E 3141 5 -28 -85
E 3141 6 -25 -77
T 3142 33 0 6 0
E 3142 0 28 85
E 3142 1 25 77
E 3142 2 23 69
E 3142 3 20 61
E 3142 4 17 53
E 3142 6 5 15
T 3143 15 0 7 1
E 3143 0 -4 -38
E 3143 1 -5 -46
E 3143 2 -6 -54
E 3143 3 -6 -62
E 3143 4 -7 -70
E 3143 5 -13 -119
E 3143 6 -12 -111
T 3144 60 0 4 0
E 3144 0 4 13
E 3144 4 -6 -19
E 3144 5 -24 -72
E 3144 6 -21 -64
T 3145 38 0 7 1
E 3145 0 6 62
E 3145 1 6 54
E 3145 2 5 46
E 3145 3 4 38
E 3145 4 3 30
E 3145 5 2 22
E 3145 6 -2 -18
T 3146 16 0 5 0
E 3146 0 14 43
E 3146 1 11 35
E 3146 2 9 27
E 3146 3 6 19
E 3146 6 -13 -40
T 3147 46 0 4 0
E 3147 0 6 19
E 3147 4 -4 -13
E 3147 5 -7 -21
E 3147 6 -22 -67
T 3148 18 0 5 0
E 3148 0 14 44
E 3148 1 12 36
E 3148 2 9 28
E 3148 3 6 20
E 3148 6 -15 -45
T 3149 49 0 4 0
E 3149 0 5 15
E 3149 4 -5 -17
E 3149 5 -8 -25
E 3149 6 -26 -78
T 3150 4 0 5 0
E 3150 0 16 48
E 3150 1 13 40
E 3150 2 10 32
E 3150 3 8 24
E 3150 4 5 16
T 3151 52 0 5 0
E 3151 2 -5 -17
E 3151 3 -8 -25
E 3151 4 -11 -33
E 3151 5 -13 -41
E 3151 6 -16 -49
T 3152 4 0 5 0
E 3152 0 16 49
E 3152 1 13 41
E 3152 2 11 33
E 3152 3 8 25
E 3152 4 5 17
T 3153 63 0 6 0
E 3153 1 -5 -17
E 3153 2 -8 -25
E 3153 3 -11 -33
E 3153 4 -13 -41
E 3153 5 -16 -49
E 3153 6 -19 -57
T 3154 37 0 7 1
E 3154 0 7 69
E 3154 1 6 61
E 3154 2 5 53
E 3154 3 5 45
E 3154 4 4 37
E 3154 5 3 29
E 3154 6 2 21
T 3155 13 0 4 0
E 3155 0 11 34
E 3155 1 8 26
E 3155 2 6 18
E 3155 6 -4 -14
T 3156 35 0 4 0
E 3156 0 4 14
E 3156 4 -6 -18
E 3156 5 -8 -26
E 3156 6 -11 -34
T 3157 13 0 4 0
E 3157 0 11 35
E 3157 1 9 27
E 3157 2 6 19
E 3157 6 -4 -13
T 3158 29 0 3 0
E 3158 0 6 20
E 3158 5 -6 -20
E 3158 6 -9 -28
T 3159 14 0 4 0
E 3159 0 10 31
E 3159 1 7 23
E 3159 2 5 15
E 3159 6 -5 -17
T 3160 29 0 3 0
E 3160 0 6 20
E 3160 5 -6 -20
E 3160 6 -9 -28
T 3161 13 0 4 0
E 3161 0 11 35
E 3161 1 9 27
E 3161 2 6 19
E 3161 6 -4 -13
T 3162 39 0 3 0
E 3162 4 -6 -20
E 3162 5 -9 -28
E 3162 6 -12 -36
T 3163 4 0 4 0
E 3163 0 13 40
E 3163 1 10 32
E 3163 2 8 24
E 3163 3 5 16
T 3164 43 0 4 0
E 3164 3 -4 -14
E 3164 4 -7 -22
E 3164 5 -10 -30
E 3164 6 -12 -38
T 3165 4 0 5 0
E 3165 0 16 49
E 3165 1 13 41
E 3165 2 11 33
E 3165 3 8 25
E 3165 4 5 17
T 3166 50 0 5 0
E 3166 2 -4 -14
E 3166 3 -7 -22
E 3166 4 -10 -30
E 3166 5 -12 -38
E 3166 6 -15 -46
T 3167 6 0 5 0
E 3167 0 17 52
E 3167 1 14 44
E 3167 2 12 36
E 3167 3 9 28
E 3167 4 6 20
T 3168 61 0 6 0
E 3168 1 -5 -15
E 3168 2 -7 -23
E 3168 3 -10 -31
E 3168 4 -13 -39
E 3168 5 -15 -47
E 3168 6 -18 -55
T 3169 37 0 7 1
E 3169 0 7 68
E 3169 1 6 60
E 3169 2 5 52
E 3169 3 4 44
E 3169 4 4 36
E 3169 5 3 28
E 3169 6 2 20
T 3170 13 0 4 0
E 3170 0 11 34
E 3170 1 8 26
E 3170 2 6 18
E 3170 6 -4 -14
T 3171 34 0 4 0
E 3171 0 5 16
E 3171 4 -5 -16
E 3171 5 -8 -24
E 3171 6 -10 -32
T 3172 9 0 3 0
E 3172 0 12 36
E 3172 1 9 28
E 3172 2 6 20
T 3173 44 0 4 0
E 3173 3 -5 -16
E 3173 4 -8 -24
E 3173 5 -10 -32
E 3173 6 -13 -40
T 3174 4 0 5 0
E 3174 0 16 49
E 3174 1 13 41
E 3174 2 11 33
E 3174 3 8 25
E 3174 4 5 17
T 3175 60 0 6 0
E 3175 1 -4 -14
E 3175 2 -7 -22
E 3175 3 -10 -30
E 3175 4 -12 -38
E 3175 5 -15 -46
E 3175 6 -18 -54
T 3176 37 0 7 1
E 3176 0 7 65
E 3176 1 6 57
E 3176 2 5 49
E 3176 3 4 41
E 3176 4 3 33
E 3176 5 2 25
E 3176 6 1 17
T 3177 5 0 4 0
E 3177 0 12 37
E 3177 1 9 29
E 3177 2 7 21
E 3177 3 4 13
T 3178 44 0 4 0
E 3178 3 -5 -16
E 3178 4 -8 -24
E 3178 5 -10 -32
E 3178 6 -13 -40
T 3179 6 0 5 0
E 3179 0 17 51
E 3179 1 14 43
E 3179 2 11 35
E 3179 3 9 27
E 3179 4 6 19
T 3180 52 0 5 0
E 3180 2 -5 -16
E 3180 3 -8 -24
E 3180 4 -10 -32
E 3180 5 -13 -40
E 3180 6 -16 -48
T 3181 3 0 5 0
E 3181 0 15 47
E 3181 1 13 39
E 3181 2 10 31
E 3181 3 7 23
E 3181 4 5 15
T 3182 53 0 5 0
E 3182 2 -6 -18
E 3182 3 -8 -26
E 3182 4 -11 -34
E 3182 5 -14 -42
E 3182 6 -16 -50
T 3183 6 0 5 0
E 3183 0 17 52
E 3183 1 14 44
E 3183 2 12 36
E 3183 3 9 28
E 3183 4 6 20
T 3184 61 0 6 0
E 3184 1 -5 -15
E 3184 2 -7 -23
E 3184 3 -10 -31
E 3184 4 -13 -39
E 3184 5 -15 -47
E 3184 6 -18 -55
T 3185 18 0 6 0
E 3185 0 20 60
E 3185 1 17 52
E 3185 2 14 44
E 3185 3 12 36
E 3185 4 9 28
E 3185 5 6 20
T 3186 13 0 7 1
E 3186 0 -1 -13
E 3186 1 -2 -21
E 3186 2 -3 -29
E 3186 3 -4 -37
E 3186 4 -5 -45
E 3186 5 -5 -53
E 3186 6 -6 -61
T 3187 33 0 4 0
E 3187 0 6 19
E 3187 4 -4 -13
E 3187 5 -7 -21
E 3187 6 -9 -29
T 3188 9 0 3 0
E 3188 0 12 36
E 3188 1 9 28
E 3188 2 6 20
T 3189 45 0 4 0
E 3189 3 -6 -19
E 3189 4 -9 -27
E 3189 5 -11 -35
E 3189 6 -14 -43
T 3190 6 0 5 0
E 3190 0 17 52
E 3190 1 14 44
E 3190 2 12 36
E 3190 3 9 28
E 3190 4 6 20
T 3191 64 0 6 0
E 3191 1 -6 -18
E 3191 2 -8 -26
E 3191 3 -11 -34
E 3191 4 -14 -42
E 3191 5 -16 -50
E 3191 6 -19 -58
T 3192 37 0 7 1
E 3192 0 7 65
E 3192 1 6 57
E 3192 2 5 49
E 3192 3 4 41
E 3192 4 3 33
E 3192 5 2 25
E 3192 6 1 17
T 3193 3 0 4 0
E 3193 0 14 44
E 3193 1 12 36
E 3193 2 9 28
E 3193 3 6 20
T 3194 44 0 4 0
E 3194 3 -5 -15
E 3194 4 -7 -23
E 3194 5 -10 -31
E 3194 6 -13 -39
T 3195 3 0 5 0
E 3195 0 15 47
E 3195 1 13 39
E 3195 2 10 31
E 3195 3 7 23
E 3195 4 5 15
T 3196 60 0 6 0
E 3196 1 -4 -14
E 3196 2 -7 -22
E 3196 3 -10 -30
E 3196 4 -12 -38
E 3196 5 -15 -46
E 3196 6 -18 -54
T 3197 15 0 6 0
E 3197 0 19 57
E 3197 1 16 49
E 3197 2 13 41
E 3197 3 11 33
E 3197 4 8 25
E 3197 5 5 17
T 3198 65 0 6 0
E 3198 1 -6 -19
E 3198 2 -9 -27
E 3198 3 -11 -35
E 3198 4 -14 -43
E 3198 5 -17 -51
E 3198 6 -19 -59
T 3199 35 0 7 1
E 3199 0 6 62
E 3199 1 6 54
E 3199 2 5 46
E 3199 3 4 38
E 3199 4 3 30
E 3199 5 2 22
E 3199 6 1 14
T 3200 14 0 4 0
E 3200 0 11 33
E 3200 1 8 25
E 3200 2 5 17
E 3200 6 -5 -15
T 3201 43 0 4 0
E 3201 3 -4 -13
E 3201 4 -7 -21
E 3201 5 -9 -29
E 3201 6 -12 -37
T 3202 3 0 4 0
E 3202 0 14 43
E 3202 1 11 35
E 3202 2 9 27
E 3202 3 6 19
T 3203 52 0 5 0
E 3203 2 -5 -17
E 3203 3 -8 -25
E 3203 4 -11 -33
E 3203 5 -13 -41
E 3203 6 -16 -49
T 3204 18 0 6 0
E 3204 0 20 60
E 3204 1 17 52
E 3204 2 14 44
E 3204 3 12 36
E 3204 4 9 28
E 3204 5 6 20
T 3205 12 0 7 1
E 3205 0 -1 -16
E 3205 1 -2 -24
E 3205 2 -3 -32
E 3205 3 -4 -40
E 3205 4 -5 -48
E 3205 5 -6 -56
E 3205 6 -7 -64
T 3206 34 0 4 0
E 3206 0 5 15
E 3206 4 -5 -17
E 3206 5 -8 -25
E 3206 6 -11 -33
T 3207 13 0 4 0
E 3207 0 11 35
E 3207 1 9 27
E 3207 2 6 19
E 3207 6 -4 -13
T 3208 33 0 4 0
E 3208 0 6 18
E 3208 4 -4 -14
E 3208 5 -7 -22
E 3208 6 -10 -30
T 3209 14 0 4 0
E 3209 0 11 33
E 3209 1 8 25
E 3209 2 5 17
E 3209 6 -5 -15
T 3210 34 0 4 0
E 3210 0 5 15
E 3210 4 -5 -17
E 3210 5 -8 -25
E 3210 6 -11 -33
T 3211 5 0 4 0
E 3211 0 12 37
E 3211 1 9 29
E 3211 2 7 21
E 3211 3 4 13
T 3212 43 0 4 0
E 3212 3 -4 -14
E 3212 4 -7 -22
E 3212 5 -10 -30
E 3212 6 -12 -38
T 3213 4 0 4 0
E 3213 0 13 40
E 3213 1 10 32
E 3213 2 8 24
E 3213 3 5 16
T 3214 50 0 5 0
E 3214 2 -4 -14
E 3214 3 -7 -22
E 3214 4 -10 -30
E 3214 5 -12 -38
E 3214 6 -15 -46
T 3215 6 0 5 0
E 3215 0 17 52
E 3215 1 14 44
E 3215 2 12 36
E 3215 3 9 28
E 3215 4 6 20
T 3216 54 0 5 0
E 3216 2 -6 -20
E 3216 3 -9 -28
E 3216 4 -12 -36
E 3216 5 -14 -44
E 3216 6 -17 -52
T 3217 8 0 5 0
E 3217 0 16 48
E 3217 1 14 43
E 3217 2 11 35
E 3217 3 9 27
E 3217 4 6 19
T 3218 46 0 5 0
E 3218 2 -5 -15
E 3218 3 -7 -23
E 3218 4 -10 -31
E 3218 5 -13 -39
E 3218 6 -15 -47
T 3219 21 0 6 0
E 3219 0 16 50
E 3219 1 16 50
E 3219 2 14 42
E 3219 3 11 34
E 3219 4 8 26
E 3219 5 6 18
T 3220 5 0 7 1
E 3220 0 -2 -18
E 3220 1 -1 -15
E 3220 2 -2 -23
E 3220 3 -3 -31
E 3220 4 -4 -39
E 3220 5 -5 -47
E 3220 6 -6 -55
T 3221 26 0 3 0
E 3221 4 -6 -20
E 3221 5 -9 -28
E 3221 6 -12 -36
T 3222 7 0 4 0
E 3222 0 9 28
E 3222 1 11 33
E 3222 2 9 28
E 3222 3 6 20
T 3223 31 0 5 0
E 3223 0 -4 -14
E 3223 3 -6 -20
E 3223 4 -9 -28
E 3223 5 -12 -36
E 3223 6 -14 -44
T 3224 13 0 5 0
E 3224 0 8 24
E 3224 1 9 29
E 3224 2 9 29
E 3224 3 7 21
E 3224 4 4 13
T 3225 25 0 5 0
E 3225 0 -5 -16
E 3225 3 -5 -16
E 3225 4 -8 -24
E 3225 5 -10 -32
E 3225 6 -13 -40
T 3226 15 0 5 0
E 3226 0 6 19
E 3226 1 8 24
E 3226 2 9 29
E 3226 3 7 21
E 3226 4 4 13
T 3227 15 0 4 0
E 3227 0 -5 -16
E 3227 4 -6 -19
E 3227 5 -9 -27
E 3227 6 -11 -35
T 3228 15 0 5 0
E 3228 0 4 14
E 3228 1 6 19
E 3228 2 8 24
E 3228 3 7 21
E 3228 4 4 13
T 3229 17 0 5 0
E 3229 0 -7 -22
E 3229 1 -5 -17
E 3229 4 -6 -20
E 3229 5 -9 -28
E 3229 6 -12 -36
T 3230 19 0 5 0
E 3230 0 4 14
E 3230 1 6 19
E 3230 2 8 24
E 3230 3 9 27
E 3230 4 6 19
T 3231 2 0 3 0
E 3231 0 -5 -17
E 3231 5 -6 -18
E 3231 6 -8 -26
T 3232 5 0 0 0
T 3233 6 0 0 0
T 3234 8 0 1 0
E 3234 6 -4 -13
T 3235 12 0 0 0
T 3236 10 0 1 0
E 3236 0 -5 -15
T 3237 11 0 0 0
T 3238 10 0 0 0
T 3239 9 0 1 0
E 3239 0 -4 -13
T 3240 16 0 2 0
E 3240 4 5 15
E 3240 5 6 18
T 3241 15 0 1 0
E 3241 5 4 14
T 3242 10 0 1 0
E 3242 0 -4 -14
T 3243 12 0 1 0
E 3243 0 -5 -17
T 3244 18 0 2 0
E 3244 5 5 17
E 3244 6 5 17
T 3245 14 1 2 0
E 3245 0 -4 -14
E 3245 6 4 14
T 3246 9 0 2 0
E 3246 0 -7 -21
E 3246 1 -5 -16
T 3247 24 0 3 0
E 3247 4 5 16
E 3247 5 7 21
E 3247 6 8 26
T 3248 6 0 3 0
E 3248 0 -7 -23
E 3248 1 -6 -18
E 3248 2 -4 -13
T 3249 21 0 2 0
E 3249 5 5 15
E 3249 6 6 20
T 3250 2 0 4 0
E 3250 0 -9 -28
E 3250 1 -7 -23
E 3250 2 -6 -18
E 3250 3 -4 -13
T 3251 34 0 5 0
E 3251 2 4 13
E 3251 3 6 18
E 3251 4 7 23
E 3251 5 9 28
E 3251 6 11 33
T 3252 1 0 4 0
E 3252 0 -10 -30
E 3252 1 -8 -25
E 3252 2 -6 -20
E 3252 3 -5 -15
T 3253 28 0 4 0
E 3253 3 4 13
E 3253 4 6 18
E 3253 5 7 23
E 3253 6 9 28
T 3254 6 0 3 0
E 3254 0 -8 -24
E 3254 1 -6 -19
E 3254 2 -4 -14
T 3255 24 0 3 0
E 3255 4 5 17
E 3255 5 7 22
E 3255 6 9 27
T 3256 6 0 3 0
E 3256 0 -7 -23
E 3256 1 -6 -18
E 3256 2 -4 -13
T 3257 24 0 3 0
E 3257 4 5 16
E 3257 5 7 21
E 3257 6 8 26
T 3258 6 0 3 0
E 3258 0 -7 -23
E 3258 1 -6 -18
E 3258 2 -4 -13
T 3259 22 0 2 0
E 3259 5 4 13
E 3259 6 6 18
T 3260 6 0 3 0
E 3260 0 -9 -27
E 3260 1 -7 -22
E 3260 2 -5 -17
T 3261 14 0 2 0
E 3261 0 -4 -13
E 3261 6 5 17
T 3262 21 0 2 0
E 3262 5 5 15
E 3262 6 6 20
T 3263 6 0 3 0
E 3263 0 -8 -26
E 3263 1 -7 -21
E 3263 2 -5 -16
T 3264 24 0 3 0
E 3264 4 4 14
E 3264 5 6 19
E 3264 6 8 24
T 3265 9 0 2 0
E 3265 0 -7 -21
E 3265 1 -5 -16
T 3266 25 0 3 0
E 3266 4 5 15
E 3266 5 6 20
E 3266 6 8 25
T 3267 10 0 2 0
E 3267 0 -7 -22
E 3267 1 -5 -16
T 3268 17 1 2 0
E 3268 0 -5 -17
E 3268 6 5 15
T 3269 17 1 2 0
E 3269 0 -5 -17
E 3269 6 5 16
T 3270 11 0 2 0
E 3270 0 -8 -24
E 3270 1 -5 -16
T 3271 21 0 3 0
E 3271 0 -5 -16
E 3271 5 4 13
E 3271 6 6 18
T 3272 11 0 2 0
E 3272 0 -7 -22
E 3272 1 -4 -14
T 3273 17 0 2 0
E 3273 0 -6 -18
E 3273 6 5 17
T 3274 15 0 3 0
E 3274 0 -7 -21
E 3274 1 -4 -13
E 3274 6 5 15
T 3275 22 0 3 0
E 3275 0 -5 -15
E 3275 5 5 16
E 3275 6 7 21
T 3276 13 0 2 0
E 3276 0 -9 -28
E 3276 1 -6 -20
T 3277 31 0 3 0
E 3277 4 5 16
E 3277 5 7 21
E 3277 6 8 26
T 3278 12 0 2 0
E 3278 0 -9 -27
E 3278 1 -6 -19
T 3279 29 0 4 0
E 3279 0 -4 -13
E 3279 4 5 16
E 3279 5 7 21
E 3279 6 8 26
T 3280 12 0 2 0
E 3280 0 -9 -27
E 3280 1 -6 -19
T 3281 25 0 3 0
E 3281 0 -6 -20
E 3281 5 5 15
E 3281 6 6 20
T 3282 16 0 3 0
E 3282 0 -9 -27
E 3282 1 -6 -19
E 3282 6 4 13
T 3283 26 0 3 0
E 3283 0 -6 -20
E 3283 5 5 16
E 3283 6 7 21
T 3284 21 0 4 0
E 3284 0 -7 -23
E 3284 1 -5 -15
E 3284 5 4 14
E 3284 6 6 19
T 3285 30 0 4 0
E 3285 0 -6 -19
E 3285 4 4 13
E 3285 5 6 18
E 3285 6 7 23
T 3286 17 0 3 0
E 3286 0 -8 -26
E 3286 1 -6 -18
E 3286 6 5 17
T 3287 22 0 4 0
E 3287 0 -7 -23
E 3287 1 -5 -15
E 3287 5 5 15
E 3287 6 6 20
T 3288 23 1 4 0
E 3288 0 -7 -23
E 3288 1 -5 -15
E 3288 5 5 16
E 3288 6 7 21
T 3289 22 0 4 0
E 3289 0 -8 -26
E 3289 1 -6 -18
E 3289 5 4 14
E 3289 6 6 19
T 3290 33 0 4 0
E 3290 0 -5 -17
E 3290 4 5 15
E 3290 5 7 23
E 3290 6 9 28
T 3291 14 0 4 0
E 3291 0 -10 -31
E 3291 1 -7 -23
E 3291 2 -5 -15
E 3291 6 5 15
T 3292 33 0 4 0
E 3292 0 -5 -15
E 3292 4 5 17
E 3292 5 8 25
E 3292 6 10 31
T 3293 13 0 4 0
E 3293 0 -11 -34
E 3293 1 -8 -26
E 3293 2 -6 -18
E 3293 6 4 13
T 3294 33 0 4 0
E 3294 0 -6 -19
E 3294 4 4 13
E 3294 5 7 21
E 3294 6 9 29
T 3295 14 0 4 0
E 3295 0 -10 -32
E 3295 1 -8 -24
E 3295 2 -5 -16
E 3295 6 5 16
T 3296 25 0 4 0
E 3296 0 -7 -21
E 3296 1 -4 -13
E 3296 5 6 19
E 3296 6 9 27
T 3297 19 0 3 0
E 3297 0 -9 -28
E 3297 1 -6 -20
E 3297 6 6 20
T 3298 23 0 4 0
E 3298 0 -8 -26
E 3298 1 -6 -18
E 3298 5 4 14
E 3298 6 7 22
T 3299 15 0 4 0
E 3299 0 -9 -29
E 3299 1 -7 -21
E 3299 2 -4 -13
E 3299 6 6 19
T 3300 34 0 4 0
E 3300 0 -5 -16
E 3300 4 5 16
E 3300 5 8 24
E 3300 6 10 32
T 3301 15 0 4 0
E 3301 0 -10 -30
E 3301 1 -7 -22
E 3301 2 -4 -14
E 3301 6 6 18
T 3302 25 0 4 0
E 3302 0 -7 -22
E 3302 1 -4 -14
E 3302 5 6 18
E 3302 6 8 26
T 3303 15 0 4 0
E 3303 0 -10 -30
E 3303 1 -7 -22
E 3303 2 -4 -14
E 3303 6 6 18
T 3304 34 0 4 0
E 3304 0 -5 -15
E 3304 4 5 17
E 3304 5 8 25
E 3304 6 11 33
T 3305 13 0 4 0
E 3305 0 -11 -35
E 3305 1 -9 -27
E 3305 2 -6 -19
E 3305 6 4 13
T 3306 29 0 3 0
E 3306 0 -6 -20
E 3306 5 6 20
E 3306 6 9 28
T 3307 13 0 4 0
E 3307 0 -11 -34
E 3307 1 -8 -26
E 3307 2 -6 -18
E 3307 6 4 14
T 3308 35 0 4 0
E 3308 0 -4 -13
E 3308 4 6 19
E 3308 5 9 27
E 3308 6 11 35
T 3309 13 0 4 0
E 3309 0 -11 -34
E 3309 1 -8 -26
E 3309 2 -6 -18
E 3309 6 4 14
T 3310 44 0 4 0
E 3310 3 5 16
E 3310 4 8 24
E 3310 5 10 32
E 3310 6 13 40
T 3311 2 0 5 0
E 3311 0 -15 -46
E 3311 1 -12 -38
E 3311 2 -10 -30
E 3311 3 -7 -22
E 3311 4 -4 -14
T 3312 52 0 5 0
E 3312 2 5 16
E 3312 3 8 24
E 3312 4 10 32
E 3312 5 13 40
E 3312 6 16 48
T 3313 5 0 5 0
E 3313 0 -16 -50
E 3313 1 -14 -42
E 3313 2 -11 -34
E 3313 3 -8 -26
E 3313 4 -6 -18
T 3314 50 0 5 0
E 3314 2 4 14
E 3314 3 7 22
E 3314 4 10 30
E 3314 5 12 38
E 3314 6 15 46
T 3315 12 0 6 0
E 3315 0 -18 -54
E 3315 1 -15 -46
E 3315 2 -12 -38
E 3315 3 -10 -30
E 3315 4 -7 -22
E 3315 5 -4 -14
T 3316 13 0 7 1
E 3316 0 1 15
E 3316 1 2 23
E 3316 2 3 31
E 3316 3 4 39
E 3316 4 5 47
E 3316 5 6 55
E 3316 6 7 63
T 3317 34 0 4 0
E 3317 0 -5 -15
E 3317 4 5 17
E 3317 5 8 25
E 3317 6 11 33
T 3318 13 0 4 0
E 3318 0 -11 -35
E 3318 1 -9 -27
E 3318 2 -6 -19
E 3318 6 4 13
T 3319 29 0 3 0
E 3319 0 -6 -20
E 3319 5 6 20
E 3319 6 9 28
T 3320 24 1 4 0
E 3320 0 -8 -24
E 3320 1 -5 -16
E 3320 5 5 16
E 3320 6 8 24
T 3321 24 1 4 0
E 3321 0 -8 -24
E 3321 1 -5 -16
E 3321 5 5 16
E 3321 6 8 24
T 3322 25 0 4 0
E 3322 0 -7 -22
E 3322 1 -4 -14
E 3322 5 6 18
E 3322 6 8 26
T 3323 24 1 4 0
E 3323 0 -8 -24
E 3323 1 -5 -16
E 3323 5 5 16
E 3323 6 8 24
T 3324 15 0 4 0
E 3324 0 -10 -30
E 3324 1 -7 -22
E 3324 2 -4 -14
E 3324 6 6 18
T 3325 35 0 4 0
E 3325 0 -4 -14
E 3325 4 6 18
E 3325 5 8 26
E 3325 6 11 34
T 3326 14 0 4 0
E 3326 0 -11 -33
E 3326 1 -8 -25
E 3326 2 -5 -17
E 3326 6 5 15
T 3327 39 0 3 0
E 3327 4 6 20
E 3327 5 9 28
E 3327 6 12 36
T 3328 3 0 4 0
E 3328 0 -14 -43
E 3328 1 -11 -35
E 3328 2 -9 -27
E 3328 3 -6 -19
T 3329 44 0 4 0
E 3329 3 5 17
E 3329 4 8 25
E 3329 5 11 33
E 3329 6 13 41
T 3330 6 0 5 0
E 3330 0 -17 -51
E 3330 1 -14 -43
E 3330 2 -11 -35
E 3330 3 -9 -27
E 3330 4 -6 -19
T 3331 59 0 6 0
E 3331 1 4 13
E 3331 2 7 21
E 3331 3 9 29
E 3331 4 12 37
E 3331 5 15 45
E 3331 6 17 53
T 3332 35 0 7 1
E 3332 0 -6 -61
E 3332 1 -5 -53
E 3332 2 -5 -45
E 3332 3 -4 -37
E 3332 4 -3 -29
E 3332 5 -2 -21
E 3332 6 -1 -13
T 3333 3 0 4 0
E 3333 0 -14 -42
E 3333 1 -11 -34
E 3333 2 -8 -26
E 3333 3 -6 -18
T 3334 52 0 5 0
E 3334 2 5 16
E 3334 3 8 24
E 3334 4 10 32
E 3334 5 13 40
E 3334 6 16 48
T 3335 5 0 5 0
E 3335 0 -16 -50
E 3335 1 -14 -42
E 3335 2 -11 -34
E 3335 3 -8 -26
E 3335 4 -6 -18
T 3336 59 0 6 0
E 3336 1 4 13
E 3336 2 7 21
E 3336 3 9 29
E 3336 4 12 37
E 3336 5 15 45
E 3336 6 17 53
T 3337 13 0 6 0
E 3337 0 -18 -55
E 3337 1 -15 -47
E 3337 2 -13 -39
E 3337 3 -10 -31
E 3337 4 -7 -23
E 3337 5 -5 -15
T 3338 12 0 7 1
E 3338 0 1 16
E 3338 1 2 24
E 3338 2 3 32
E 3338 3 4 40
E 3338 4 5 48
E 3338 5 6 56
E 3338 6 7 64
T 3339 29 0 3 0
E 3339 0 -6 -20
E 3339 5 6 20
E 3339 6 9 28
T 3340 14 0 4 0
E 3340 0 -10 -32
E 3340 1 -8 -24
E 3340 2 -5 -16
E 3340 6 5 16
T 3341 29 0 3 0
E 3341 0 -6 -20
E 3341 5 6 20
E 3341 6 9 28
T 3342 24 1 4 0
E 3342 0 -8 -24
E 3342 1 -5 -16
E 3342 5 5 16
E 3342 6 8 24
T 3343 24 1 4 0
E 3343 0 -8 -24
E 3343 1 -5 -16
E 3343 5 5 16
E 3343 6 8 24
T 3344 29 0 3 0
E 3344 0 -6 -20
E 3344 5 6 20
E 3344 6 9 28
T 3345 23 0 4 0
E 3345 0 -9 -27
E 3345 1 -6 -19
E 3345 5 4 13
E 3345 6 7 21
T 3346 24 0 4 0
E 3346 0 -7 -23
E 3346 1 -5 -15
E 3346 5 5 17
E 3346 6 8 25
T 3347 24 0 4 0
E 3347 0 -8 -25
E 3347 1 -5 -17
E 3347 5 5 15
E 3347 6 7 23
T 3348 24 0 4 0
E 3348 0 -7 -23
E 3348 1 -5 -15
E 3348 5 5 17
E 3348 6 8 25
T 3349 19 0 3 0
E 3349 0 -9 -28
E 3349 1 -6 -20
E 3349 6 6 20
T 3350 25 0 4 0
E 3350 0 -7 -21
E 3350 1 -4 -13
E 3350 5 6 19
E 3350 6 9 27
T 3351 15 0 4 0
E 3351 0 -10 -30
E 3351 1 -7 -22
E 3351 2 -4 -14
E 3351 6 6 18
T 3352 43 0 4 0
E 3352 3 4 14
E 3352 4 7 22
E 3352 5 10 30
E 3352 6 12 38
T 3353 2 0 5 0
E 3353 0 -15 -46
E 3353 1 -12 -38
E 3353 2 -10 -30
E 3353 3 -7 -22
E 3353 4 -4 -14
T 3354 51 0 5 0
E 3354 2 5 15
E 3354 3 7 23
E 3354 4 10 31
E 3354 5 13 39
E 3354 6 15 47
T 3355 3 0 5 0
E 3355 0 -15 -47
E 3355 1 -13 -39
E 3355 2 -10 -31
E 3355 3 -7 -23
E 3355 4 -5 -15
T 3356 54 0 5 0
E 3356 2 6 19
E 3356 3 9 27
E 3356 4 11 35
E 3356 5 14 43
E 3356 6 17 51
T 3357 16 0 6 0
E 3357 0 -19 -58
E 3357 1 -16 -50
E 3357 2 -14 -42
E 3357 3 -11 -34
E 3357 4 -8 -26
E 3357 5 -6 -18
T 3358 11 0 7 1
E 3358 0 2 18
E 3358 1 2 26
E 3358 2 3 34
E 3358 3 4 42
E 3358 4 5 50
E 3358 5 6 58
E 3358 6 7 66
T 3359 33 0 4 0
E 3359 0 -6 -19
E 3359 4 4 13
E 3359 5 7 21
E 3359 6 9 29
T 3360 31 0 3 0
E 3360 1 -9 -29
E 3360 2 -7 -21
E 3360 3 -4 -13
T 3361 1 0 4 0
E 3361 0 11 33
E 3361 4 4 14
E 3361 5 7 22
E 3361 6 10 30
T 3362 43 0 4 0
E 3362 1 -14 -43
E 3362 2 -11 -35
E 3362 3 -9 -27
E 3362 4 -6 -19
T 3363 4 0 4 0
E 3363 0 14 44
E 3363 4 6 19
E 3363 5 9 27
E 3363 6 11 35
T 3364 59 0 5 0
E 3364 1 -17 -52
E 3364 2 -14 -44
E 3364 3 -12 -36
E 3364 4 -9 -28
E 3364 5 -6 -20
T 3365 37 0 7 1
E 3365 0 7 67
E 3365 1 6 59
E 3365 2 2 19
E 3365 3 3 27
E 3365 4 3 35
E 3365 5 4 43
E 3365 6 5 51
T 3366 14 0 4 0
E 3366 0 12 38
E 3366 1 10 30
E 3366 2 -4 -13
E 3366 6 6 19
T 3367 51 0 4 0
E 3367 2 -14 -42
E 3367 3 -11 -34
E 3367 4 -8 -26
E 3367 5 -6 -18
T 3368 0 0 5 0
E 3368 0 18 56
E 3368 1 16 48
E 3368 4 5 15
E 3368 5 7 23
E 3368 6 10 31
T 3369 71 0 5 0
E 3369 2 -19 -57
E 3369 3 -16 -49
E 3369 4 -13 -41
E 3369 5 -11 -33
E 3369 6 -8 -25
T 3370 42 0 7 1
E 3370 0 8 75
E 3370 1 7 67
E 3370 2 6 59
E 3370 3 2 19
E 3370 4 3 27
E 3370 5 3 35
E 3370 6 4 43
T 3371 15 0 4 0
E 3371 0 13 41
E 3371 1 11 33
E 3371 2 8 25
E 3371 3 -6 -18
T 3372 57 0 5 0
E 3372 0 4 14
E 3372 3 -16 -48
E 3372 4 -13 -40
E 3372 5 -10 -32
E 3372 6 -8 -24
T 3373 2 0 5 0
E 3373 0 20 62
E 3373 1 18 54
E 3373 2 15 46
E 3373 5 4 13
E 3373 6 7 21
T 3374 88 0 6 0
E 3374 1 -4 -14
E 3374 2 -7 -22
E 3374 3 -25 -75
E 3374 4 -22 -67
E 3374 5 -19 -59
E 3374 6 -17 -51
T 3375 47 0 7 1
E 3375 0 10 92
E 3375 1 9 84
E 3375 2 8 76
E 3375 3 7 68
E 3375 4 3 28
E 3375 5 4 36
E 3375 6 4 44
T 3376 8 0 5 0
E 3376 0 15 47
E 3376 1 13 39
E 3376 2 10 31
E 3376 3 7 23
E 3376 4 -6 -20
T 3377 66 0 4 0
E 3377 3 -5 -15
E 3377 4 -20 -61
E 3377 5 -17 -53
E 3377 6 -15 -45
T 3378 4 0 4 0
E 3378 0 21 63
E 3378 1 18 55
E 3378 2 15 47
E 3378 3 13 39
T 3379 91 0 6 0
E 3379 1 -5 -16
E 3379 2 -8 -24
E 3379 3 -10 -32
E 3379 4 -28 -85
E 3379 5 -25 -77
E 3379 6 -23 -69
T 3380 48 0 7 1
E 3380 0 11 99
E 3380 1 10 91
E 3380 2 9 83
E 3380 3 8 75
E 3380 4 7 67
E 3380 5 3 27
E 3380 6 3 35
T 3381 36 0 7 1
E 3381 0 5 46
E 3381 1 4 38
E 3381 2 3 30
E 3381 3 2 22
E 3381 4 1 14
E 3381 5 -3 -29
E 3381 6 -2 -21
T 3382 36 0 5 0
E 3382 0 10 32
E 3382 1 8 24
E 3382 2 5 16
E 3382 5 -15 -46
E 3382 6 -12 -38
T 3383 36 0 5 0
E 3383 0 11 35
E 3383 1 9 27
E 3383 2 6 19
E 3383 5 -15 -46
E 3383 6 -12 -38
T 3384 40 0 5 0
E 3384 0 11 34
E 3384 1 8 26
E 3384 2 6 18
E 3384 5 -17 -51
E 3384 6 -14 -43
T 3385 15 0 5 0
E 3385 0 14 44
E 3385 1 12 36
E 3385 2 9 28
E 3385 3 6 20
E 3385 6 -12 -36
T 3386 55 0 4 0
E 3386 3 -4 -13
E 3386 4 -7 -21
E 3386 5 -9 -29
E 3386 6 -24 -72
T 3387 37 0 7 1
E 3387 0 6 55
E 3387 1 5 47
E 3387 2 4 39
E 3387 3 3 31
E 3387 4 2 23
E 3387 5 1 15
E 3387 6 -3 -31
T 3388 18 0 5 0
E 3388 0 14 42
E 3388 1 11 34
E 3388 2 8 26
E 3388 3 6 18
E 3388 6 -15 -47
T 3389 49 0 4 0
E 3389 0 5 15
E 3389 4 -5 -17
E 3389 5 -8 -25
E 3389 6 -26 -78
T 3390 15 0 6 0
E 3390 0 19 57
E 3390 1 16 49
E 3390 2 13 41
E 3390 3 11 33
E 3390 4 8 25
E 3390 5 5 17
T 3391 66 0 6 0
E 3391 1 -6 -20
E 3391 2 -9 -28
E 3391 3 -12 -36
E 3391 4 -14 -44
E 3391 5 -17 -52
E 3391 6 -20 -60
T 3392 36 0 7 1
E 3392 0 7 64
E 3392 1 6 56
E 3392 2 5 48
E 3392 3 4 40
E 3392 4 3 32
E 3392 5 2 24
E 3392 6 1 16
T 3393 13 0 4 0
E 3393 0 11 34
E 3393 1 8 26
E 3393 2 6 18
E 3393 6 -4 -14
T 3394 43 0 4 0
E 3394 3 -4 -14
E 3394 4 -7 -22
E 3394 5 -10 -30
E 3394 6 -12 -38
T 3395 3 0 4 0
E 3395 0 14 44
E 3395 1 12 36
E 3395 2 9 28
E 3395 3 6 20
T 3396 45 0 4 0
E 3396 3 -6 -18
E 3396 4 -8 -26
E 3396 5 -11 -34
E 3396 6 -14 -42
T 3397 6 0 5 0
E 3397 0 17 52
E 3397 1 14 44
E 3397 2 12 36
E 3397 3 9 28
E 3397 4 6 20
T 3398 52 0 5 0
E 3398 2 -5 -16
E 3398 3 -8 -24
E 3398 4 -10 -32
E 3398 5 -13 -40
E 3398 6 -16 -48
T 3399 12 0 6 0
E 3399 0 18 54
E 3399 1 15 46
E 3399 2 12 38
E 3399 3 10 30
E 3399 4 7 22
E 3399 5 4 14
T 3400 65 0 6 0
E 3400 1 -6 -19
E 3400 2 -9 -27
E 3400 3 -11 -35
E 3400 4 -14 -43
E 3400 5 -17 -51
E 3400 6 -19 -59
T 3401 35 0 7 1
E 3401 0 6 61
E 3401 1 5 53
E 3401 2 5 45
E 3401 3 4 37
E 3401 4 3 29
E 3401 5 2 21
E 3401 6 1 13
T 3402 9 0 3 0
E 3402 0 12 36
E 3402 1 9 28
E 3402 2 6 20
T 3403 34 0 4 0
E 3403 0 5 15
E 3403 4 -5 -17
E 3403 5 -8 -25
E 3403 6 -11 -33
T 3404 4 0 4 0
E 3404 0 13 40
E 3404 1 10 32
E 3404 2 8 24
E 3404 3 5 16
T 3405 51 0 5 0
E 3405 2 -5 -15
E 3405 3 -7 -23
E 3405 4 -10 -31
E 3405 5 -13 -39
E 3405 6 -15 -47
T 3406 12 0 6 0
E 3406 0 18 54
E 3406 1 15 46
E 3406 2 12 38
E 3406 3 10 30
E 3406 4 7 22
E 3406 5 4 14
T 3407 12 0 7 1
E 3407 0 -1 -16
E 3407 1 -2 -24
E 3407 2 -3 -32
E 3407 3 -4 -40
E 3407 4 -5 -48
E 3407 5 -6 -56
E 3407 6 -7 -64
T 3408 34 0 4 0
E 3408 0 5 16
E 3408 4 -5 -16
E 3408 5 -8 -24
E 3408 6 -10 -32
T 3409 4 0 4 0
E 3409 0 13 41
E 3409 1 11 33
E 3409 2 8 25
E 3409 3 5 17
T 3410 50 0 5 0
E 3410 2 -4 -14
E 3410 3 -7 -22
E 3410 4 -10 -30
E 3410 5 -12 -38
E 3410 6 -15 -46
T 3411 2 0 5 0
E 3411 0 15 46
E 3411 1 12 38
E 3411 2 10 30
E 3411 3 7 22
E 3411 4 4 14
T 3412 52 0 5 0
E 3412 2 -5 -17
E 3412 3 -8 -25
E 3412 4 -11 -33
E 3412 5 -13 -41
E 3412 6 -16 -49
T 3413 6 0 5 0
E 3413 0 17 51
E 3413 1 14 43
E 3413 2 11 35
E 3413 3 9 27
E 3413 4 6 19
T 3414 54 0 5 0
E 3414 2 -6 -20
E 3414 3 -9 -28
E 3414 4 -12 -36
E 3414 5 -14 -44
E 3414 6 -17 -52
T 3415 11 0 6 0
E 3415 0 17 53
E 3415 1 15 45
E 3415 2 12 37
E 3415 3 9 29
E 3415 4 7 21
E 3415 5 4 13
T 3416 60 0 6 0
E 3416 1 -4 -14
E 3416 2 -7 -22
E 3416 3 -10 -30
E 3416 4 -12 -38
E 3416 5 -15 -46
E 3416 6 -18 -54
T 3417 37 0 7 1
E 3417 0 7 67
E 3417 1 6 59
E 3417 2 5 51
E 3417 3 4 43
E 3417 4 3 35
E 3417 5 3 27
E 3417 6 2 19
T 3418 13 0 4 0
E 3418 0 11 34
E 3418 1 8 26
E 3418 2 6 18
E 3418 6 -4 -14
T 3419 34 0 4 0
E 3419 0 5 16
E 3419 4 -5 -16
E 3419 5 -8 -24
E 3419 6 -10 -32
T 3420 14 0 4 0
E 3420 0 10 32
E 3420 1 8 24
E 3420 2 5 16
E 3420 6 -5 -16
T 3421 29 0 3 0
E 3421 0 6 20
E 3421 5 -6 -20
E 3421 6 -9 -28
T 3422 19 0 3 0
E 3422 0 9 28
E 3422 1 6 20
E 3422 6 -6 -20
T 3423 24 1 4 0
E 3423 0 8 24
E 3423 1 5 16
E 3423 5 -5 -16
E 3423 6 -8 -24
T 3424 24 0 4 0
E 3424 0 7 23
E 3424 1 5 15
E 3424 5 -5 -17
E 3424 6 -8 -25
T 3425 24 0 4 0
E 3425 0 8 25
E 3425 1 5 17
E 3425 5 -5 -15
E 3425 6 -7 -23
T 3426 24 0 4 0
E 3426 0 7 23
E 3426 1 5 15
E 3426 5 -5 -17
E 3426 6 -8 -25
T 3427 24 1 4 0
E 3427 0 8 24
E 3427 1 5 16
E 3427 5 -5 -16
E 3427 6 -8 -24
T 3428 24 1 4 0
E 3428 0 8 24
E 3428 1 5 16
E 3428 5 -5 -16
E 3428 6 -8 -24
T 3429 25 0 4 0
E 3429 0 7 21
E 3429 1 4 13
E 3429 5 -6 -19
E 3429 6 -9 -27
T 3430 14 0 4 0
E 3430 0 10 32
E 3430 1 8 24
E 3430 2 5 16
E 3430 6 -5 -16
T 3431 33 0 4 0
E 3431 0 6 19
E 3431 4 -4 -13
E 3431 5 -7 -21
E 3431 6 -9 -29
T 3432 4 0 4 0
E 3432 0 13 41
E 3432 1 11 33
E 3432 2 8 25
E 3432 3 5 17
T 3433 51 0 5 0
E 3433 2 -5 -15
E 3433 3 -7 -23
E 3433 4 -10 -31
E 3433 5 -13 -39
E 3433 6 -15 -47
T 3434 5 0 5 0
E 3434 0 16 50
E 3434 1 14 42
E 3434 2 11 34
E 3434 3 8 26
E 3434 4 6 18
T 3435 50 0 5 0
E 3435 2 -4 -13
E 3435 3 -7 -21
E 3435 4 -9 -29
E 3435 5 -12 -37
E 3435 6 -15 -45
T 3436 2 0 5 0
E 3436 0 15 46
E 3436 1 12 38
E 3436 2 10 30
E 3436 3 7 22
E 3436 4 4 14
T 3437 45 0 4 0
E 3437 3 -6 -18
E 3437 4 -8 -26
E 3437 5 -11 -34
E 3437 6 -14 -42
T 3438 2 0 5 0
E 3438 0 15 46
E 3438 1 12 38
E 3438 2 10 30
E 3438 3 7 22
E 3438 4 4 14
T 3439 60 0 6 0
E 3439 1 -4 -14
E 3439 2 -7 -22
E 3439 3 -10 -30
E 3439 4 -12 -38
E 3439 5 -15 -46
E 3439 6 -18 -54
T 3440 35 0 7 1
E 3440 0 6 61
E 3440 1 5 53
E 3440 2 5 45
E 3440 3 4 37
E 3440 4 3 29
E 3440 5 2 21
E 3440 6 1 13
T 3441 13 0 4 0
E 3441 0 11 35
E 3441 1 9 27
E 3441 2 6 19
E 3441 6 -4 -13
T 3442 43 0 4 0
E 3442 3 -4 -13
E 3442 4 -7 -21
E 3442 5 -9 -29
E 3442 6 -12 -37
T 3443 2 0 5 0
E 3443 0 15 46
E 3443 1 12 38
E 3443 2 10 30
E 3443 3 7 22
E 3443 4 4 14
T 3444 50 0 5 0
E 3444 2 -4 -14
E 3444 3 -7 -22
E 3444 4 -10 -30
E 3444 5 -12 -38
E 3444 6 -15 -46
T 3445 15 0 6 0
E 3445 0 19 57
E 3445 1 16 49
E 3445 2 13 41
E 3445 3 11 33
E 3445 4 8 25
E 3445 5 5 17
T 3446 13 0 7 1
E 3446 0 -1 -15
E 3446 1 -2 -23
E 3446 2 -3 -31
E 3446 3 -4 -39
E 3446 4 -5 -47
E 3446 5 -6 -55
E 3446 6 -7 -63
T 3447 34 0 4 0
E 3447 0 5 16
E 3447 4 -5 -16
E 3447 5 -8 -24
E 3447 6 -10 -32
T 3448 14 0 4 0
E 3448 0 10 32
E 3448 1 8 24
E 3448 2 5 16
E 3448 6 -5 -16
T 3449 33 0 4 0
E 3449 0 6 19
E 3449 4 -4 -13
E 3449 5 -7 -21
E 3449 6 -9 -29
T 3450 4 0 4 0
E 3450 0 13 41
E 3450 1 11 33
E 3450 2 8 25
E 3450 3 5 17
T 3451 52 0 5 0
E 3451 2 -5 -16
E 3451 3 -8 -24
E 3451 4 -10 -32
E 3451 5 -13 -40
E 3451 6 -16 -48
T 3452 13 0 6 0
E 3452 0 18 55
E 3452 1 15 47
E 3452 2 13 39
E 3452 3 10 31
E 3452 4 7 23
E 3452 5 5 15
T 3453 62 0 6 0
E 3453 1 -5 -16
E 3453 2 -8 -24
E 3453 3 -10 -32
E 3453 4 -13 -40
E 3453 5 -16 -48
E 3453 6 -18 -56
T 3454 35 0 7 1
E 3454 0 7 63
E 3454 1 6 55
E 3454 2 5 47
E 3454 3 4 39
E 3454 4 3 31
E 3454 5 2 23
E 3454 6 1 15
T 3455 5 0 4 0
E 3455 0 12 37
E 3455 1 9 29
E 3455 2 7 21
E 3455 3 4 13
T 3456 45 0 4 0
E 3456 3 -6 -18
E 3456 4 -8 -26
E 3456 5 -11 -34
E 3456 6 -14 -42
T 3457 1 0 4 0
E 3457 0 13 39
E 3457 1 11 34
E 3457 2 8 26
E 3457 3 6 18
T 3458 46 0 5 0
E 3458 2 -5 -15
E 3458 3 -7 -23
E 3458 4 -10 -31
E 3458 5 -13 -39
E 3458 6 -15 -47
T 3459 20 0 6 0
E 3459 0 16 49
E 3459 1 16 49
E 3459 2 13 41
E 3459 3 11 33
E 3459 4 8 25
E 3459 5 5 17
T 3460 3 0 7 1
E 3460 0 -2 -23
E 3460 1 -2 -20
E 3460 2 -3 -28
E 3460 3 -4 -36
E 3460 4 -4 -44
E 3460 5 -5 -52
E 3460 6 -6 -60
T 3461 22 0 2 0
E 3461 5 -6 -20
E 3461 6 -9 -28
T 3462 4 0 4 0
E 3462 0 5 15
E 3462 1 6 20
E 3462 2 5 15
E 3462 6 -5 -17
T 3463 15 0 3 0
E 3463 1 4 13
E 3463 5 -4 -14
E 3463 6 -7 -22
T 3464 8 0 4 0
E 3464 0 6 19
E 3464 1 8 24
E 3464 2 8 24
E 3464 3 5 16
T 3465 11 0 2 0
E 3465 5 -6 -20
E 3465 6 -9 -28
T 3466 3 0 3 0
E 3466 1 4 14
E 3466 2 6 19
E 3466 6 -4 -13
T 3467 5 0 2 0
E 3467 2 4 14
E 3467 6 -5 -15
T 3468 3 1 2 0
E 3468 2 4 13
E 3468 6 -4 -14
T 3469 5 0 1 0
E 3469 6 -4 -13
T 3470 3 0 1 0
E 3470 3 4 14
T 3471 5 0 1 0
E 3471 3 5 15
T 3472 3 0 1 0
E 3472 6 -4 -13
T 3473 3 0 0 0
T 3474 9 0 2 0
E 3474 3 4 14
E 3474 4 4 14
T 3475 10 0 0 0
T 3476 11 0 1 0
E 3476 4 4 13
T 3477 11 0 1 0
E 3477 4 4 13
T 3478 8 0 0 0
T 3479 13 0 2 0
E 3479 4 5 17
E 3479 5 5 17
T 3480 8 0 2 0
E 3480 0 -6 -18
E 3480 1 -4 -13
T 3481 15 0 1 0
E 3481 5 5 15
T 3482 15 0 1 0
E 3482 5 4 14
T 3483 9 0 2 0
E 3483 0 -6 -20
E 3483 1 -5 -15
T 3484 23 0 3 0
E 3484 4 5 16
E 3484 5 7 21
E 3484 6 7 21
T 3485 6 0 3 0
E 3485 0 -9 -27
E 3485 1 -7 -22
E 3485 2 -5 -17
T 3486 28 0 4 0
E 3486 3 4 14
E 3486 4 6 19
E 3486 5 8 24
E 3486 6 9 29
T 3487 6 0 3 0
E 3487 0 -8 -26
E 3487 1 -7 -21
E 3487 2 -5 -16
T 3488 24 0 3 0
E 3488 4 4 13
E 3488 5 6 18
E 3488 6 7 23
T 3489 1 0 4 0
E 3489 0 -10 -31
E 3489 1 -8 -26
E 3489 2 -7 -21
E 3489 3 -5 -16
T 3490 24 0 3 0
E 3490 4 5 16
E 3490 5 7 21
E 3490 6 8 26
T 3491 1 0 4 0
E 3491 0 -10 -30
E 3491 1 -8 -25
E 3491 2 -6 -20
E 3491 3 -5 -15
T 3492 24 0 3 0
E 3492 4 5 17
E 3492 5 7 22
E 3492 6 9 27
T 3493 9 0 2 0
E 3493 0 -7 -21
E 3493 1 -5 -16
T 3494 15 1 2 0
E 3494 0 -5 -15
E 3494 6 5 15
T 3495 15 0 2 0
E 3495 0 -5 -16
E 3495 6 4 14
T 3496 21 0 2 0
E 3496 5 5 15
E 3496 6 6 20
T 3497 15 0 2 0
E 3497 0 -5 -16
E 3497 6 4 14
T 3498 21 0 2 0
E 3498 5 4 14
E 3498 6 6 19
T 3499 2 0 4 0
E 3499 0 -9 -28
E 3499 1 -7 -23
E 3499 2 -6 -18
E 3499 3 -4 -13
T 3500 24 0 3 0
E 3500 4 5 15
E 3500 5 6 20
E 3500 6 8 25
T 3501 6 0 3 0
E 3501 0 -8 -26
E 3501 1 -7 -21
E 3501 2 -5 -16
T 3502 14 0 2 0
E 3502 0 -4 -13
E 3502 6 5 17
T 3503 9 0 2 0
E 3503 0 -6 -19
E 3503 1 -4 -14
T 3504 15 1 2 0
E 3504 0 -5 -15
E 3504 6 5 15
T 3505 8 0 2 0
E 3505 0 -6 -18
E 3505 1 -4 -13
T 3506 15 1 2 0
E 3506 0 -5 -15
E 3506 6 5 16
T 3507 19 0 3 0
E 3507 0 -4 -13
E 3507 5 4 13
E 3507 6 6 18
T 3508 11 0 2 0
E 3508 0 -8 -24
E 3508 1 -5 -17
T 3509 17 0 2 0
E 3509 0 -6 -19
E 3509 6 4 14
T 3510 16 1 2 0
E 3510 0 -5 -16
E 3510 6 5 17
T 3511 18 0 2 0
E 3511 0 -6 -19
E 3511 6 5 15
T 3512 14 0 3 0
E 3512 0 -7 -21
E 3512 1 -4 -13
E 3512 6 4 13
T 3513 29 0 3 0
E 3513 4 5 15
E 3513 5 6 20
E 3513 6 8 25
T 3514 9 0 3 0
E 3514 0 -11 -33
E 3514 1 -8 -25
E 3514 2 -5 -17
T 3515 22 0 3 0
E 3515 0 -5 -15
E 3515 5 5 16
E 3515 6 7 21
T 3516 9 0 3 0
E 3516 0 -9 -29
E 3516 1 -7 -21
E 3516 2 -4 -13
T 3517 27 0 4 0
E 3517 0 -4 -14
E 3517 4 4 13
E 3517 5 6 18
E 3517 6 7 23
T 3518 9 0 3 0
E 3518 0 -9 -29
E 3518 1 -7 -21
E 3518 2 -4 -13
T 3519 37 0 4 0
E 3519 3 4 13
E 3519 4 6 18
E 3519 5 7 23
E 3519 6 9 28
T 3520 4 0 4 0
E 3520 0 -13 -41
E 3520 1 -11 -33
E 3520 2 -8 -25
E 3520 3 -5 -17
T 3521 40 0 4 0
E 3521 3 6 20
E 3521 4 8 26
E 3521 5 10 31
E 3521 6 12 36
T 3522 5 0 4 0
E 3522 0 -12 -38
E 3522 1 -10 -30
E 3522 2 -7 -22
E 3522 3 -4 -14
T 3523 40 0 4 0
E 3523 3 5 16
E 3523 4 7 23
E 3523 5 9 28
E 3523 6 11 33
T 3524 3 0 4 0
E 3524 0 -14 -43
E 3524 1 -11 -35
E 3524 2 -9 -27
E 3524 3 -6 -19
T 3525 50 0 5 0
E 3525 2 6 18
E 3525 3 8 26
E 3525 4 11 34
E 3525 5 13 39
E 3525 6 14 44
T 3526 4 0 5 0
E 3526 0 -16 -49
E 3526 1 -13 -41
E 3526 2 -11 -33
E 3526 3 -8 -25
E 3526 4 -5 -17
T 3527 52 0 5 0
E 3527 2 6 20
E 3527 3 9 28
E 3527 4 12 36
E 3527 5 14 42
E 3527 6 15 47
T 3528 13 0 6 0
E 3528 0 -18 -54
E 3528 1 -15 -46
E 3528 2 -12 -38
E 3528 3 -10 -30
E 3528 4 -7 -22
E 3528 5 -5 -15
T 3529 13 0 7 1
E 3529 0 1 13
E 3529 1 2 21
E 3529 2 3 29
E 3529 3 4 37
E 3529 4 5 45
E 3529 5 5 53
E 3529 6 6 58
T 3530 32 0 4 0
E 3530 0 -6 -19
E 3530 4 4 13
E 3530 5 7 21
E 3530 6 8 26
T 3531 13 0 4 0
E 3531 0 -10 -32
E 3531 1 -8 -24
E 3531 2 -5 -16
E 3531 6 4 14
T 3532 33 0 4 0
E 3532 0 -5 -17
E 3532 4 5 15
E 3532 5 7 23
E 3532 6 9 29
T 3533 4 0 4 0
E 3533 0 -13 -39
E 3533 1 -10 -31
E 3533 2 -7 -23
E 3533 3 -5 -15
T 3534 44 0 4 0
E 3534 3 5 17
E 3534 4 8 25
E 3534 5 11 33
E 3534 6 13 41
T 3535 4 0 4 0
E 3535 0 -13 -39
E 3535 1 -10 -31
E 3535 2 -7 -23
E 3535 3 -5 -15
T 3536 39 0 3 0
E 3536 4 6 20
E 3536 5 9 28
E 3536 6 12 36
T 3537 5 0 4 0
E 3537 0 -12 -38
E 3537 1 -10 -30
E 3537 2 -7 -22
E 3537 3 -4 -14
T 3538 44 0 4 0
E 3538 3 5 16
E 3538 4 8 24
E 3538 5 10 32
E 3538 6 13 40
T 3539 6 0 5 0
E 3539 0 -17 -51
E 3539 1 -14 -43
E 3539 2 -11 -35
E 3539 3 -9 -27
E 3539 4 -6 -19
T 3540 61 0 6 0
E 3540 1 5 15
E 3540 2 7 23
E 3540 3 10 31
E 3540 4 13 39
E 3540 5 15 47
E 3540 6 18 55
T 3541 37 0 7 1
E 3541 0 -7 -67
E 3541 1 -6 -59
E 3541 2 -5 -51
E 3541 3 -4 -43
E 3541 4 -3 -35
E 3541 5 -3 -27
E 3541 6 -2 -19
T 3542 3 0 4 0
E 3542 0 -14 -44
E 3542 1 -12 -36
E 3542 2 -9 -28
E 3542 3 -6 -20
T 3543 43 0 4 0
E 3543 3 4 14
E 3543 4 7 22
E 3543 5 10 30
E 3543 6 12 38
T 3544 6 0 5 0
E 3544 0 -17 -51
E 3544 1 -14 -43
E 3544 2 -11 -35
E 3544 3 -9 -27
E 3544 4 -6 -19
T 3545 53 0 5 0
E 3545 2 6 18
E 3545 3 8 26
E 3545 4 11 34
E 3545 5 14 42
E 3545 6 16 50
T 3546 35 0 7 1
E 3546 0 -6 -61
E 3546 1 -5 -53
E 3546 2 -5 -45
E 3546 3 -4 -37
E 3546 4 -3 -29
E 3546 5 -2 -21
E 3546 6 -1 -13
T 3547 5 0 4 0
E 3547 0 -12 -37
E 3547 1 -9 -29
E 3547 2 -7 -21
E 3547 3 -4 -13
T 3548 35 0 4 0
E 3548 0 -4 -13
E 3548 4 6 19
E 3548 5 9 27
E 3548 6 11 35
T 3549 4 0 4 0
E 3549 0 -13 -39
E 3549 1 -10 -31
E 3549 2 -7 -23
E 3549 3 -5 -15
T 3550 50 0 5 0
E 3550 2 4 13
E 3550 3 7 21
E 3550 4 9 29
E 3550 5 12 37
E 3550 6 15 45
T 3551 4 0 5 0
E 3551 0 -16 -49
E 3551 1 -13 -41
E 3551 2 -11 -33
E 3551 3 -8 -25
E 3551 4 -5 -17
T 3552 54 0 5 0
E 3552 2 6 20
E 3552 3 9 28
E 3552 4 12 36
E 3552 5 14 44
E 3552 6 17 52
T 3553 14 0 6 0
E 3553 0 -18 -56
E 3553 1 -16 -48
E 3553 2 -13 -40
E 3553 3 -10 -32
E 3553 4 -8 -24
E 3553 5 -5 -16
T 3554 63 0 6 0
E 3554 1 5 17
E 3554 2 8 25
E 3554 3 11 33
E 3554 4 13 41
E 3554 5 16 49
E 3554 6 19 57
T 3555 18 0 6 0
E 3555 0 -20 -60
E 3555 1 -17 -52
E 3555 2 -14 -44
E 3555 3 -12 -36
E 3555 4 -9 -28
E 3555 5 -6 -20
T 3556 13 0 7 1
E 3556 0 1 14
E 3556 1 2 22
E 3556 2 3 30
E 3556 3 4 38
E 3556 4 5 46
E 3556 5 6 54
E 3556 6 6 62
T 3557 39 0 3 0
E 3557 4 6 20
E 3557 5 9 28
E 3557 6 12 36
T 3558 3 0 5 0
E 3558 0 -15 -47
E 3558 1 -13 -39
E 3558 2 -10 -31
E 3558 3 -7 -23
E 3558 4 -5 -15
T 3559 59 0 6 0
E 3559 1 4 13
E 3559 2 7 21
E 3559 3 9 29
E 3559 4 12 37
E 3559 5 15 45
E 3559 6 17 53
T 3560 35 0 7 1
E 3560 0 -6 -61
E 3560 1 -5 -53
E 3560 2 -5 -45
E 3560 3 -4 -37
E 3560 4 -3 -29
E 3560 5 -2 -21
E 3560 6 -1 -13
T 3561 9 0 3 0
E 3561 0 -12 -36
E 3561 1 -9 -28
E 3561 2 -6 -20
T 3562 39 0 3 0
E 3562 4 6 20
E 3562 5 9 28
E 3562 6 12 36
T 3563 2 0 5 0
E 3563 0 -15 -45
E 3563 1 -12 -37
E 3563 2 -9 -29
E 3563 3 -7 -21
E 3563 4 -4 -13
T 3564 52 0 5 0
E 3564 2 5 16
E 3564 3 8 24
E 3564 4 10 32
E 3564 5 13 40
E 3564 6 16 48
T 3565 13 0 6 0
E 3565 0 -18 -55
E 3565 1 -15 -47
E 3565 2 -13 -39
E 3565 3 -10 -31
E 3565 4 -7 -23
E 3565 5 -5 -15
T 3566 13 0 7 1
E 3566 0 1 14
E 3566 1 2 22
E 3566 2 3 30
E 3566 3 4 38
E 3566 4 5 46
E 3566 5 6 54
E 3566 6 6 62
T 3567 44 0 4 0
E 3567 3 5 15
E 3567 4 7 23
E 3567 5 10 31
E 3567 6 13 39
T 3568 2 0 5 0
E 3568 0 -15 -45
E 3568 1 -12 -37
E 3568 2 -9 -29
E 3568 3 -7 -21
E 3568 4 -4 -13
T 3569 50 0 5 0
E 3569 2 4 14
E 3569 3 7 22
E 3569 4 10 30
E 3569 5 12 38
E 3569 6 15 46
T 3570 15 0 6 0
E 3570 0 -19 -57
E 3570 1 -16 -49
E 3570 2 -13 -41
E 3570 3 -11 -33
E 3570 4 -8 -25
E 3570 5 -5 -17
T 3571 13 0 7 1
E 3571 0 1 15
E 3571 1 2 23
E 3571 2 3 31
E 3571 3 4 39
E 3571 4 5 47
E 3571 5 6 55
E 3571 6 7 63
T 3572 34 0 4 0
E 3572 0 -5 -16
E 3572 4 5 16
E 3572 5 8 24
E 3572 6 10 32
T 3573 5 0 4 0
E 3573 0 -12 -37
E 3573 1 -9 -29
E 3573 2 -7 -21
E 3573 3 -4 -13
T 3574 50 0 5 0
E 3574 2 4 14
E 3574 3 7 22
E 3574 4 10 30
E 3574 5 12 38
E 3574 6 15 46
T 3575 4 0 5 0
E 3575 0 -16 -49
E 3575 1 -13 -41
E 3575 2 -11 -33
E 3575 3 -8 -25
E 3575 4 -5 -17
T 3576 50 0 5 0
E 3576 2 4 14
E 3576 3 7 22
E 3576 4 10 30
E 3576 5 12 38
E 3576 6 15 46
T 3577 11 0 6 0
E 3577 0 -17 -53
E 3577 1 -15 -45
E 3577 2 -12 -37
E 3577 3 -9 -29
E 3577 4 -7 -21
E 3577 5 -4 -13
T 3578 62 0 6 0
E 3578 1 5 16
E 3578 2 8 24
E 3578 3 10 32
E 3578 4 13 40
E 3578 5 16 48
E 3578 6 18 56
T 3579 37 0 7 1
E 3579 0 -7 -68
E 3579 1 -6 -60
E 3579 2 -5 -52
E 3579 3 -4 -44
E 3579 4 -4 -36
E 3579 5 -3 -28
E 3579 6 -2 -20
T 3580 13 0 4 0
E 3580 0 -11 -34
E 3580 1 -8 -26
E 3580 2 -6 -18
E 3580 6 4 14
T 3581 34 0 4 0
E 3581 0 -5 -15
E 3581 4 5 17
E 3581 5 8 25
E 3581 6 11 33
T 3582 9 0 3 0
E 3582 0 -12 -36
E 3582 1 -9 -28
E 3582 2 -6 -20
T 3583 35 0 4 0
E 3583 0 -4 -13
E 3583 4 6 19
E 3583 5 9 27
E 3583 6 11 35
T 3584 13 0 4 0
E 3584 0 -11 -34
E 3584 1 -8 -26
E 3584 2 -6 -18
E 3584 6 4 14
T 3585 35 0 4 0
E 3585 0 -4 -13
E 3585 4 6 19
E 3585 5 9 27
E 3585 6 11 35
T 3586 14 0 4 0
E 3586 0 -11 -33
E 3586 1 -8 -25
E 3586 2 -5 -17
E 3586 6 5 15
T 3587 43 0 4 0
E 3587 3 4 14
E 3587 4 7 22
E 3587 5 10 30
E 3587 6 12 38
T 3588 4 0 5 0
E 3588 0 -16 -48
E 3588 1 -13 -40
E 3588 2 -10 -32
E 3588 3 -8 -24
E 3588 4 -5 -16
T 3589 50 0 5 0
E 3589 2 4 14
E 3589 3 7 22
E 3589 4 10 30
E 3589 5 12 38
E 3589 6 15 46
T 3590 6 0 5 0
E 3590 0 -17 -52
E 3590 1 -14 -44
E 3590 2 -12 -36
E 3590 3 -9 -28
E 3590 4 -6 -20
T 3591 50 0 5 0
E 3591 2 4 14
E 3591 3 7 22
E 3591 4 10 30
E 3591 5 12 38
E 3591 6 15 46
T 3592 6 0 5 0
E 3592 0 -17 -51
E 3592 1 -14 -43
E 3592 2 -11 -35
E 3592 3 -9 -27
E 3592 4 -6 -19
T 3593 60 0 6 0
E 3593 1 4 14
E 3593 2 7 22
E 3593 3 10 30
E 3593 4 12 38
E 3593 5 15 46
E 3593 6 18 54
T 3594 37 0 7 1
E 3594 0 -7 -67
E 3594 1 -6 -59
E 3594 2 -5 -51
E 3594 3 -4 -43
E 3594 4 -3 -35
E 3594 5 -3 -27
E 3594 6 -2 -19
T 3595 4 0 4 0
E 3595 0 -13 -41
E 3595 1 -11 -33
E 3595 2 -8 -25
E 3595 3 -5 -17
T 3596 50 0 5 0
E 3596 2 4 13
E 3596 3 7 21
E 3596 4 9 29
E 3596 5 12 37
E 3596 6 15 45
T 3597 11 0 6 0
E 3597 0 -17 -53
E 3597 1 -15 -45
E 3597 2 -12 -37
E 3597 3 -9 -29
E 3597 4 -7 -21
E 3597 5 -4 -13
T 3598 63 0 6 0
E 3598 1 5 17
E 3598 2 8 25
E 3598 3 11 33
E 3598 4 13 41
E 3598 5 16 49
E 3598 6 19 57
T 3599 18 0 6 0
E 3599 0 -20 -60
E 3599 1 -17 -52
E 3599 2 -14 -44
E 3599 3 -12 -36
E 3599 4 -9 -28
E 3599 5 -6 -20
T 3600 30 0 7 1
E 3600 0 6 62
E 3600 1 2 22
E 3600 2 3 30
E 3600 3 4 38
E 3600 4 5 46
E 3600 5 6 54
E 3600 6 6 62
T 3601 0 0 4 0
E 3601 0 12 36
E 3601 4 5 17
E 3601 5 8 25
E 3601 6 11 33
T 3602 41 0 4 0
E 3602 1 -12 -38
E 3602 2 -10 -30
E 3602 3 -7 -22
E 3602 4 -4 -14
T 3603 5 0 4 0
E 3603 0 13 39
E 3603 4 4 14
E 3603 5 7 22
E 3603 6 10 30
T 3604 45 0 5 0
E 3604 0 4 13
E 3604 1 -13 -40
E 3604 2 -10 -32
E 3604 3 -8 -24
E 3604 4 -5 -16
T 3605 3 0 4 0
E 3605 0 14 44
E 3605 1 12 36
E 3605 5 6 20
E 3605 6 9 28
T 3606 53 0 5 0
E 3606 2 -15 -45
E 3606 3 -12 -37
E 3606 4 -9 -29
E 3606 5 -7 -21
E 3606 6 -4 -13
T 3607 0 0 5 0
E 3607 0 17 52
E 3607 1 14 44
E 3607 4 4 14
E 3607 5 7 22
E 3607 6 10 30
T 3608 65 0 5 0
E 3608 2 -18 -55
E 3608 3 -15 -47
E 3608 4 -13 -39
E 3608 5 -10 -31
E 3608 6 -7 -23
T 3609 2 0 5 0
E 3609 0 21 65
E 3609 1 19 57
E 3609 4 6 20
E 3609 5 9 28
E 3609 6 12 36
T 3610 63 0 5 0
E 3610 2 -5 -17
E 3610 3 -19 -57
E 3610 4 -16 -49
E 3610 5 -13 -41
E 3610 6 -11 -33
T 3611 14 0 6 0
E 3611 0 22 67
E 3611 1 19 59
E 3611 2 17 51
E 3611 4 5 16
E 3611 5 8 24
E 3611 6 10 32
T 3612 84 0 6 0
E 3612 1 -6 -19
E 3612 2 -9 -27
E 3612 3 -24 -73
E 3612 4 -21 -65
E 3612 5 -19 -57
E 3612 6 -16 -49
T 3613 50 0 7 1
E 3613 0 10 91
E 3613 1 9 83
E 3613 2 8 75
E 3613 3 2 26
E 3613 4 3 34
E 3613 5 4 42
E 3613 6 5 50
T 3614 20 0 5 0
E 3614 0 16 48
E 3614 1 13 40
E 3614 2 10 32
E 3614 3 -7 -21
E 3614 4 -4 -13
T 3615 43 0 5 0
E 3615 0 7 23
E 3615 1 5 15
E 3615 4 -13 -41
E 3615 5 -11 -33
E 3615 6 -8 -25
T 3616 19 0 6 0
E 3616 0 13 40
E 3616 1 10 32
E 3616 2 8 24
E 3616 3 5 16
E 3616 4 -9 -27
E 3616 5 -6 -19
T 3617 46 0 5 0
E 3617 0 9 27
E 3617 1 6 19
E 3617 4 -14 -43
E 3617 5 -11 -35
E 3617 6 -9 -27
T 3618 14 0 6 0
E 3618 0 16 49
E 3618 1 13 41
E 3618 2 11 33
E 3618 3 8 25
E 3618 4 -8 -24
E 3618 5 -5 -16
T 3619 62 0 4 0
E 3619 0 6 18
E 3619 4 -19 -59
E 3619 5 -17 -51
E 3619 6 -14 -43
T 3620 13 0 5 0
E 3620 0 20 62
E 3620 1 18 54
E 3620 2 15 46
E 3620 3 12 38
E 3620 4 10 30
T 3621 79 0 6 0
E 3621 1 -5 -15
E 3621 2 -7 -23
E 3621 3 -10 -31
E 3621 4 -13 -39
E 3621 5 -27 -82
E 3621 6 -24 -74
T 3622 24 0 5 0
E 3622 0 26 78
E 3622 1 23 70
E 3622 2 20 62
E 3622 3 18 54
E 3622 4 15 46
T 3623 17 0 7 1
E 3623 0 -3 -28
E 3623 1 -4 -36
E 3623 2 -4 -44
E 3623 3 -5 -52
E 3623 4 -6 -60
E 3623 5 -12 -109
E 3623 6 -11 -101
T 3624 58 0 4 0
E 3624 0 5 15
E 3624 4 -5 -17
E 3624 5 -23 -70
E 3624 6 -20 -62
T 3625 39 0 7 1
E 3625 0 7 65
E 3625 1 6 57
E 3625 2 5 49
E 3625 3 4 41
E 3625 4 3 33
E 3625 5 2 25
E 3625 6 -1 -15
T 3626 18 0 5 0
E 3626 0 13 41
E 3626 1 11 33
E 3626 2 8 25
E 3626 3 5 17
E 3626 6 -14 -42
T 3627 37 0 4 0
E 3627 0 7 21
E 3627 1 4 13
E 3627 5 -6 -19
E 3627 6 -21 -65
T 3628 20 0 5 0
E 3628 0 13 39
E 3628 1 10 31
E 3628 2 7 23
E 3628 3 5 15
E 3628 6 -16 -50
T 3629 39 0 4 0
E 3629 0 8 24
E 3629 1 5 16
E 3629 5 -5 -16
E 3629 6 -23 -69
T 3630 4 0 4 0
E 3630 0 13 40
E 3630 1 10 32
E 3630 2 8 24
E 3630 3 5 16
T 3631 45 0 4 0
E 3631 3 -6 -19
E 3631 4 -9 -27
E 3631 5 -11 -35
E 3631 6 -14 -43
T 3632 4 0 5 0
E 3632 0 16 49
E 3632 1 13 41
E 3632 2 11 33
E 3632 3 8 25
E 3632 4 5 17
T 3633 50 0 5 0
E 3633 2 -4 -13
E 3633 3 -7 -21
E 3633 4 -9 -29
E 3633 5 -12 -37
E 3633 6 -15 -45
T 3634 16 0 6 0
E 3634 0 19 58
E 3634 1 16 50
E 3634 2 14 42
E 3634 3 11 34
E 3634 4 8 26
E 3634 5 6 18
T 3635 65 0 6 0
E 3635 1 -6 -19
E 3635 2 -9 -27
E 3635 3 -11 -35
E 3635 4 -14 -43
E 3635 5 -17 -51
E 3635 6 -19 -59
T 3636 18 0 6 0
E 3636 0 20 60
E 3636 1 17 52
E 3636 2 14 44
E 3636 3 12 36
E 3636 4 9 28
E 3636 5 6 20
T 3637 13 0 7 1
E 3637 0 -1 -14
E 3637 1 -2 -22
E 3637 2 -3 -30
E 3637 3 -4 -38
E 3637 4 -5 -46
E 3637 5 -6 -54
E 3637 6 -6 -62
T 3638 43 0 4 0
E 3638 3 -4 -14
E 3638 4 -7 -22
E 3638 5 -10 -30
E 3638 6 -12 -38
T 3639 5 0 5 0
E 3639 0 16 50
E 3639 1 14 42
E 3639 2 11 34
E 3639 3 8 26
E 3639 4 6 18
T 3640 50 0 5 0
E 3640 2 -4 -13
E 3640 3 -7 -21
E 3640 4 -9 -29
E 3640 5 -12 -37
E 3640 6 -15 -45
T 3641 13 0 6 0
E 3641 0 18 55
E 3641 1 15 47
E 3641 2 13 39
E 3641 3 10 31
E 3641 4 7 23
E 3641 5 5 15
T 3642 66 0 6 0
E 3642 1 -6 -20
E 3642 2 -9 -28
E 3642 3 -12 -36
E 3642 4 -14 -44
E 3642 5 -17 -52
E 3642 6 -20 -60
T 3643 37 0 7 1
E 3643 0 7 68
E 3643 1 6 60
E 3643 2 5 52
E 3643 3 4 44
E 3643 4 4 36
E 3643 5 3 28
E 3643 6 2 20
T 3644 5 0 4 0
E 3644 0 12 38
E 3644 1 10 30
E 3644 2 7 22
E 3644 3 4 14
T 3645 51 0 5 0
E 3645 2 -5 -15
E 3645 3 -7 -23
E 3645 4 -10 -31
E 3645 5 -13 -39
E 3645 6 -15 -47
T 3646 2 0 5 0
E 3646 0 15 46
E 3646 1 12 38
E 3646 2 10 30
E 3646 3 7 22
E 3646 4 4 14
T 3647 45 0 4 0
E 3647 3 -6 -18
E 3647 4 -8 -26
E 3647 5 -11 -34
E 3647 6 -14 -42
T 3648 4 0 5 0
E 3648 0 16 49
E 3648 1 13 41
E 3648 2 11 33
E 3648 3 8 25
E 3648 4 5 17
T 3649 54 0 5 0
E 3649 2 -6 -20
E 3649 3 -9 -28
E 3649 4 -12 -36
E 3649 5 -14 -44
E 3649 6 -17 -52
T 3650 17 0 6 0
E 3650 0 19 59
E 3650 1 17 51
E 3650 2 14 43
E 3650 3 11 35
E 3650 4 9 27
E 3650 5 6 19
T 3651 11 0 7 1
E 3651 0 -2 -20
E 3651 1 -3 -28
E 3651 2 -4 -36
E 3651 3 -4 -44
E 3651 4 -5 -52
E 3651 5 -6 -60
E 3651 6 -7 -68
T 3652 34 0 4 0
E 3652 0 5 15
E 3652 4 -5 -17
E 3652 5 -8 -25
E 3652 6 -11 -33
T 3653 9 0 3 0
E 3653 0 12 36
E 3653 1 9 28
E 3653 2 6 20
T 3654 44 0 4 0
E 3654 3 -5 -15
E 3654 4 -7 -23
E 3654 5 -10 -31
E 3654 6 -13 -39
T 3655 2 0 5 0
E 3655 0 15 46
E 3655 1 12 38
E 3655 2 10 30
E 3655 3 7 22
E 3655 4 4 14
T 3656 45 0 4 0
E 3656 3 -6 -20
E 3656 4 -9 -28
E 3656 5 -12 -36
E 3656 6 -14 -44
T 3657 4 0 4 0
E 3657 0 13 41
E 3657 1 11 33
E 3657 2 8 25
E 3657 3 5 17
T 3658 45 0 4 0
E 3658 3 -6 -19
E 3658 4 -9 -27
E 3658 5 -11 -35
E 3658 6 -14 -43
T 3659 3 0 5 0
E 3659 0 15 47
E 3659 1 13 39
E 3659 2 10 31
E 3659 3 7 23
E 3659 4 5 15
T 3660 50 0 5 0
E 3660 2 -4 -14
E 3660 3 -7 -22
E 3660 4 -10 -30
E 3660 5 -12 -38
E 3660 6 -15 -46
T 3661 5 0 5 0
E 3661 0 16 50
E 3661 1 14 42
E 3661 2 11 34
E 3661 3 8 26
E 3661 4 6 18
T 3662 62 0 6 0
E 3662 1 -5 -16
E 3662 2 -8 -24
E 3662 3 -10 -32
E 3662 4 -13 -40
E 3662 5 -16 -48
E 3662 6 -18 -56
T 3663 36 0 7 1
E 3663 0 7 64
E 3663 1 6 56
E 3663 2 5 48
E 3663 3 4 40
E 3663 4 3 32
E 3663 5 2 24
E 3663 6 1 16
T 3664 13 0 4 0
E 3664 0 11 35
E 3664 1 9 27
E 3664 2 6 19
E 3664 6 -4 -13
T 3665 35 0 4 0
E 3665 0 4 14
E 3665 4 -6 -18
E 3665 5 -8 -26
E 3665 6 -11 -34
T 3666 3 0 4 0
E 3666 0 14 42
E 3666 1 11 34
E 3666 2 8 26
E 3666 3 6 18
T 3667 45 0 4 0
E 3667 3 -6 -18
E 3667 4 -8 -26
E 3667 5 -11 -34
E 3667 6 -14 -42
T 3668 2 0 5 0
E 3668 0 15 46
E 3668 1 12 38
E 3668 2 10 30
E 3668 3 7 22
E 3668 4 4 14
T 3669 52 0 5 0
E 3669 2 -5 -16
E 3669 3 -8 -24
E 3669 4 -10 -32
E 3669 5 -13 -40
E 3669 6 -16 -48
T 3670 4 0 5 0
E 3670 0 16 48
E 3670 1 13 40
E 3670 2 10 32
E 3670 3 8 24
E 3670 4 5 16
T 3671 61 0 6 0
E 3671 1 -5 -15
E 3671 2 -7 -23
E 3671 3 -10 -31
E 3671 4 -13 -39
E 3671 5 -15 -47
E 3671 6 -18 -55
T 3672 18 0 6 0
E 3672 0 20 60
E 3672 1 17 52
E 3672 2 14 44
E 3672 3 12 36
E 3672 4 9 28
E 3672 5 6 20
T 3673 11 0 7 1
E 3673 0 -2 -23
E 3673 1 -3 -31
E 3673 2 -4 -39
E 3673 3 -5 -47
E 3673 4 -6 -55
E 3673 5 -7 -63
E 3673 6 -7 -71
T 3674 35 0 4 0
E 3674 0 4 14
E 3674 4 -6 -18
E 3674 5 -8 -26
E 3674 6 -11 -34
T 3675 4 0 4 0
E 3675 0 13 39
E 3675 1 10 31
E 3675 2 7 23
E 3675 3 5 15
T 3676 45 0 4 0
E 3676 3 -6 -19
E 3676 4 -9 -27
E 3676 5 -11 -35
E 3676 6 -14 -43
T 3677 5 0 5 0
E 3677 0 16 50
E 3677 1 14 42
E 3677 2 11 34
E 3677 3 8 26
E 3677 4 6 18
T 3678 64 0 6 0
E 3678 1 -6 -18
E 3678 2 -8 -26
E 3678 3 -11 -34
E 3678 4 -14 -42
E 3678 5 -16 -50
E 3678 6 -19 -58
T 3679 37 0 7 1
E 3679 0 7 66
E 3679 1 6 58
E 3679 2 5 50
E 3679 3 4 42
E 3679 4 3 34
E 3679 5 2 26
E 3679 6 2 18
T 3680 3 0 4 0
E 3680 0 14 43
E 3680 1 11 35
E 3680 2 9 27
E 3680 3 6 19
T 3681 45 0 4 0
E 3681 3 -6 -18
E 3681 4 -8 -26
E 3681 5 -11 -34
E 3681 6 -14 -42
T 3682 4 0 5 0
E 3682 0 16 48
E 3682 1 13 40
E 3682 2 10 32
E 3682 3 8 24
E 3682 4 5 16
T 3683 51 0 5 0
E 3683 2 -5 -15
E 3683 3 -7 -23
E 3683 4 -10 -31
E 3683 5 -13 -39
E 3683 6 -15 -47
T 3684 13 0 6 0
E 3684 0 18 55
E 3684 1 15 47
E 3684 2 13 39
E 3684 3 10 31
E 3684 4 7 23
E 3684 5 5 15
T 3685 12 0 7 1
E 3685 0 -1 -16
E 3685 1 -2 -24
E 3685 2 -3 -32
E 3685 3 -4 -40
E 3685 4 -5 -48
E 3685 5 -6 -56
E 3685 6 -7 -64
T 3686 34 0 4 0
E 3686 0 5 17
E 3686 4 -5 -15
E 3686 5 -7 -23
E 3686 6 -10 -31
T 3687 14 0 4 0
E 3687 0 10 31
E 3687 1 7 23
E 3687 2 5 15
E 3687 6 -5 -17
T 3688 44 0 4 0
E 3688 3 -5 -15
E 3688 4 -7 -23
E 3688 5 -10 -31
E 3688 6 -13 -39
T 3689 4 0 5 0
E 3689 0 16 48
E 3689 1 13 40
E 3689 2 10 32
E 3689 3 8 24
E 3689 4 5 16
T 3690 59 0 6 0
E 3690 1 -4 -13
E 3690 2 -7 -21
E 3690 3 -9 -29
E 3690 4 -12 -37
E 3690 5 -15 -45
E 3690 6 -17 -53
T 3691 35 0 7 1
E 3691 0 6 62
E 3691 1 6 54
E 3691 2 5 46
E 3691 3 4 38
E 3691 4 3 30
E 3691 5 2 22
E 3691 6 1 14
T 3692 14 0 4 0
E 3692 0 10 32
E 3692 1 8 24
E 3692 2 5 16
E 3692 6 -5 -16
T 3693 34 0 4 0
E 3693 0 5 17
E 3693 4 -5 -15
E 3693 5 -7 -23
E 3693 6 -10 -31
T 3694 15 0 4 0
E 3694 0 10 30
E 3694 1 7 22
E 3694 2 4 14
E 3694 6 -6 -18
T 3695 25 0 4 0
E 3695 0 7 21
E 3695 1 4 13
E 3695 5 -6 -19
E 3695 6 -9 -27
T 3696 14 0 4 0
E 3696 0 10 32
E 3696 1 8 24
E 3696 2 5 16
E 3696 6 -5 -16
T 3697 32 0 4 0
E 3697 0 4 13
E 3697 4 -5 -16
E 3697 5 -8 -24
E 3697 6 -10 -32
T 3698 1 0 4 0
E 3698 0 11 35
E 3698 1 10 32
E 3698 2 8 24
E 3698 3 5 16
T 3699 37 0 4 0
E 3699 3 -6 -18
E 3699 4 -8 -26
E 3699 5 -11 -34
E 3699 6 -14 -42
T 3700 4 0 4 0
E 3700 0 10 30
E 3700 1 11 33
E 3700 2 8 25
E 3700 3 5 17
T 3701 31 0 4 0
E 3701 3 -5 -17
E 3701 4 -8 -25
E 3701 5 -11 -33
E 3701 6 -13 -41
T 3702 13 0 5 0
E 3702 0 10 31
E 3702 1 12 36
E 3702 2 10 31
E 3702 3 7 23
E 3702 4 5 15
T 3703 0 0 7 1
E 3703 0 -2 -18
E 3703 1 -1 -13
E 3703 2 -1 -16
E 3703 3 -2 -24
E 3703 4 -3 -32
E 3703 5 -4 -40
E 3703 6 -5 -48
T 3704 18 0 3 0
E 3704 4 -4 -13
E 3704 5 -7 -21
E 3704 6 -9 -29
T 3705 10 0 4 0
E 3705 0 6 19
E 3705 1 8 24
E 3705 2 9 27
E 3705 3 6 19
T 3706 13 0 3 0
E 3706 4 -5 -17
E 3706 5 -8 -25
E 3706 6 -11 -33
T 3707 5 0 3 0
E 3707 1 4 14
E 3707 2 6 19
E 3707 3 4 14
T 3708 5 0 2 0
E 3708 5 -5 -17
E 3708 6 -8 -25
T 3709 4 0 1 0
E 3709 6 -4 -14
T 3710 1 0 1 0
E 3710 6 -4 -14
T 3711 0 0 1 0
E 3711 6 -4 -13
T 3712 3 0 0 0
T 3713 7 0 2 0
E 3713 3 5 17
E 3713 4 4 14
T 3714 3 0 0 0
T 3715 8 0 1 0
E 3715 4 4 14
T 3716 12 0 0 0
T 3717 9 0 2 0
E 3717 0 -6 -19
E 3717 1 -4 -14
T 3718 10 0 1 0
E 3718 4 4 14
T 3719 8 0 0 0
T 3720 15 0 2 0
E 3720 4 5 16
E 3720 5 6 19
T 3721 9 0 2 0
E 3721 0 -6 -20
E 3721 1 -5 -15
T 3722 21 0 3 0
E 3722 4 5 15
E 3722 5 6 20
E 3722 6 5 15
T 3723 12 0 1 0
E 3723 0 -5 -17
T 3724 11 0 1 0
E 3724 0 -5 -16
T 3725 8 0 2 0
E 3725 0 -6 -18
E 3725 1 -4 -13
T 3726 21 0 2 0
E 3726 5 4 14
E 3726 6 6 19
T 3727 15 0 2 0
E 3727 0 -5 -16
E 3727 6 4 14
T 3728 15 1 2 0
E 3728 0 -5 -15
E 3728 6 5 15
T 3729 21 0 2 0
E 3729 5 4 14
E 3729 6 6 19
T 3730 9 0 2 0
E 3730 0 -6 -20
E 3730 1 -5 -15
T 3731 22 0 2 0
E 3731 5 4 13
E 3731 6 6 18
T 3732 10 0 2 0
E 3732 0 -7 -22
E 3732 1 -5 -17
T 3733 16 0 2 0
E 3733 0 -5 -17
E 3733 6 4 13
T 3734 10 0 2 0
E 3734 0 -7 -22
E 3734 1 -5 -17
T 3735 20 0 2 0
E 3735 5 5 17
E 3735 6 7 22
T 3736 9 0 2 0
E 3736 0 -6 -19
E 3736 1 -4 -14
T 3737 20 0 2 0
E 3737 5 5 17
E 3737 6 7 22
T 3738 6 0 3 0
E 3738 0 -8 -26
E 3738 1 -7 -21
E 3738 2 -5 -16
T 3739 24 0 3 0
E 3739 4 5 17
E 3739 5 7 22
E 3739 6 9 27
T 3740 9 0 2 0
E 3740 0 -6 -19
E 3740 1 -4 -14
T 3741 24 0 3 0
E 3741 4 4 14
E 3741 5 6 19
E 3741 6 8 24
T 3742 9 0 2 0
E 3742 0 -6 -20
E 3742 1 -5 -15
T 3743 20 0 2 0
E 3743 5 5 17
E 3743 6 7 22
T 3744 6 0 3 0
E 3744 0 -8 -26
E 3744 1 -7 -21
E 3744 2 -5 -16
T 3745 24 0 3 0
E 3745 4 4 14
E 3745 5 6 19
E 3745 6 8 24
T 3746 6 0 3 0
E 3746 0 -9 -27
E 3746 1 -7 -21
E 3746 2 -5 -16
T 3747 25 0 3 0
E 3747 4 4 14
E 3747 5 6 19
E 3747 6 8 24
T 3748 3 0 4 0
E 3748 0 -10 -30
E 3748 1 -7 -23
E 3748 2 -6 -18
E 3748 3 -4 -13
T 3749 32 0 4 0
E 3749 3 5 16
E 3749 4 7 21
E 3749 5 8 26
E 3749 6 10 31
T 3750 3 0 4 0
E 3750 0 -11 -34
E 3750 1 -8 -26
E 3750 2 -7 -21
E 3750 3 -5 -16
T 3751 38 0 5 0
E 3751 2 4 14
E 3751 3 6 19
E 3751 4 8 24
E 3751 5 9 29
E 3751 6 11 34
T 3752 3 0 5 0
E 3752 0 -13 -39
E 3752 1 -10 -31
E 3752 2 -8 -25
E 3752 3 -6 -20
E 3752 4 -5 -15
T 3753 43 0 5 0
E 3753 2 6 19
E 3753 3 8 24
E 3753 4 9 29
E 3753 5 11 34
E 3753 6 13 39
T 3754 3 0 5 0
E 3754 0 -14 -43
E 3754 1 -11 -35
E 3754 2 -9 -27
E 3754 3 -7 -22
E 3754 4 -5 -17
T 3755 42 0 5 0
E 3755 2 5 17
E 3755 3 7 22
E 3755 4 9 27
E 3755 5 10 32
E 3755 6 12 37
T 3756 12 0 6 0
E 3756 0 -16 -49
E 3756 1 -13 -41
E 3756 2 -11 -33
E 3756 3 -9 -27
E 3756 4 -7 -22
E 3756 5 -5 -17
T 3757 51 0 6 0
E 3757 1 4 14
E 3757 2 7 22
E 3757 3 9 28
E 3757 4 11 33
E 3757 5 12 38
E 3757 6 14 43
T 3758 31 0 7 1
E 3758 0 -5 -52
E 3758 1 -4 -44
E 3758 2 -4 -36
E 3758 3 -3 -29
E 3758 4 -2 -24
E 3758 5 -2 -19
E 3758 6 -1 -14
T 3759 9 0 3 0
E 3759 0 -11 -33
E 3759 1 -8 -25
E 3759 2 -5 -17
T 3760 38 0 4 0
E 3760 3 5 16
E 3760 4 7 21
E 3760 5 8 26
E 3760 6 10 31
T 3761 4 0 4 0
E 3761 0 -13 -40
E 3761 1 -10 -32
E 3761 2 -8 -24
E 3761 3 -5 -16
T 3762 40 0 4 0
E 3762 3 6 20
E 3762 4 8 26
E 3762 5 10 31
E 3762 6 12 36
T 3763 3 0 5 0
E 3763 0 -15 -47
E 3763 1 -13 -39
E 3763 2 -10 -31
E 3763 3 -7 -23
E 3763 4 -5 -16
T 3764 51 0 5 0
E 3764 2 6 19
E 3764 3 9 27
E 3764 4 11 35
E 3764 5 13 40
E 3764 6 15 45
T 3765 11 0 6 0
E 3765 0 -17 -52
E 3765 1 -14 -44
E 3765 2 -12 -36
E 3765 3 -9 -28
E 3765 4 -6 -20
E 3765 5 -5 -15
T 3766 52 0 5 0
E 3766 2 6 20
E 3766 3 9 28
E 3766 4 12 36
E 3766 5 14 42
E 3766 6 15 47
T 3767 5 0 5 0
E 3767 0 -16 -50
E 3767 1 -14 -42
E 3767 2 -11 -34
E 3767 3 -8 -26
E 3767 4 -6 -18
T 3768 60 0 6 0
E 3768 1 5 16
E 3768 2 8 24
E 3768 3 10 32
E 3768 4 13 40
E 3768 5 15 47
E 3768 6 17 52
T 3769 35 0 7 1
E 3769 0 -6 -60
E 3769 1 -5 -52
E 3769 2 -4 -44
E 3769 3 -4 -36
E 3769 4 -3 -28
E 3769 5 -2 -20
E 3769 6 -1 -15
T 3770 5 0 4 0
E 3770 0 -12 -37
E 3770 1 -9 -29
E 3770 2 -7 -21
E 3770 3 -4 -13
T 3771 42 0 4 0
E 3771 3 4 13
E 3771 4 7 21
E 3771 5 9 29
E 3771 6 11 35
T 3772 4 0 5 0
E 3772 0 -16 -49
E 3772 1 -13 -41
E 3772 2 -11 -33
E 3772 3 -8 -25
E 3772 4 -5 -17
T 3773 51 0 5 0
E 3773 2 5 15
E 3773 3 7 23
E 3773 4 10 31
E 3773 5 13 39
E 3773 6 15 46
T 3774 16 0 6 0
E 3774 0 -19 -58
E 3774 1 -16 -50
E 3774 2 -14 -42
E 3774 3 -11 -34
E 3774 4 -8 -26
E 3774 5 -6 -18
T 3775 11 0 7 1
E 3775 0 2 19
E 3775 1 3 27
E 3775 2 3 35
E 3775 3 4 43
E 3775 4 5 51
E 3775 5 6 59
E 3775 6 7 67
T 3776 33 0 4 0
E 3776 0 -6 -19
E 3776 4 4 13
E 3776 5 7 21
E 3776 6 9 29
T 3777 14 0 4 0
E 3777 0 -11 -33
E 3777 1 -8 -25
E 3777 2 -5 -17
E 3777 6 5 15
T 3778 34 0 4 0
E 3778 0 -5 -17
E 3778 4 5 15
E 3778 5 7 23
E 3778 6 10 31
T 3779 15 0 4 0
E 3779 0 -10 -30
E 3779 1 -7 -22
E 3779 2 -4 -14
E 3779 6 6 18
T 3780 43 0 4 0
E 3780 3 4 13
E 3780 4 7 21
E 3780 5 9 29
E 3780 6 12 37
T 3781 3 0 4 0
E 3781 0 -14 -44
E 3781 1 -12 -36
E 3781 2 -9 -28
E 3781 3 -6 -20
T 3782 43 0 4 0
E 3782 3 4 14
E 3782 4 7 22
E 3782 5 10 30
E 3782 6 12 38
T 3783 4 0 5 0
E 3783 0 -16 -48
E 3783 1 -13 -40
E 3783 2 -10 -32
E 3783 3 -8 -24
E 3783 4 -5 -16
T 3784 62 0 6 0
E 3784 1 5 16
E 3784 2 8 24
E 3784 3 10 32
E 3784 4 13 40
E 3784 5 16 48
E 3784 6 18 56
T 3785 37 0 7 1
E 3785 0 -7 -66
E 3785 1 -6 -58
E 3785 2 -5 -50
E 3785 3 -4 -42
E 3785 4 -3 -34
E 3785 5 -2 -26
E 3785 6 -2 -18
T 3786 4 0 4 0
E 3786 0 -13 -39
E 3786 1 -10 -31
E 3786 2 -7 -23
E 3786 3 -5 -15
T 3787 50 0 5 0
E 3787 2 4 14
E 3787 3 7 22
E 3787 4 10 30
E 3787 5 12 38
E 3787 6 15 46
T 3788 4 0 5 0
E 3788 0 -16 -48
E 3788 1 -13 -40
E 3788 2 -10 -32
E 3788 3 -8 -24
E 3788 4 -5 -16
T 3789 54 0 5 0
E 3789 2 6 19
E 3789 3 9 27
E 3789 4 11 35
E 3789 5 14 43
E 3789 6 17 51
T 3790 4 0 5 0
E 3790 0 -16 -49
E 3790 1 -13 -41
E 3790 2 -11 -33
E 3790 3 -8 -25
E 3790 4 -5 -17
T 3791 52 0 5 0
E 3791 2 5 16
E 3791 3 8 24
E 3791 4 10 32
E 3791 5 13 40
E 3791 6 16 48
T 3792 13 0 6 0
E 3792 0 -18 -55
E 3792 1 -15 -47
E 3792 2 -13 -39
E 3792 3 -10 -31
E 3792 4 -7 -23
E 3792 5 -5 -15
T 3793 64 0 6 0
E 3793 1 6 18
E 3793 2 8 26
E 3793 3 11 34
E 3793 4 14 42
E 3793 5 16 50
E 3793 6 19 58
T 3794 35 0 7 1
E 3794 0 -6 -62
E 3794 1 -6 -54
E 3794 2 -5 -46
E 3794 3 -4 -38
E 3794 4 -3 -30
E 3794 5 -2 -22
E 3794 6 -1 -14
T 3795 3 0 4 0
E 3795 0 -14 -42
E 3795 1 -11 -34
E 3795 2 -8 -26
E 3795 3 -6 -18
T 3796 50 0 5 0
E 3796 2 4 13
E 3796 3 7 21
E 3796 4 9 29
E 3796 5 12 37
E 3796 6 15 45
T 3797 14 0 6 0
E 3797 0 -18 -56
E 3797 1 -16 -48
E 3797 2 -13 -40
E 3797 3 -10 -32
E 3797 4 -8 -24
E 3797 5 -5 -16
T 3798 63 0 6 0
E 3798 1 5 17
E 3798 2 8 25
E 3798 3 11 33
E 3798 4 13 41
E 3798 5 16 49
E 3798 6 19 57
T 3799 35 0 7 1
E 3799 0 -7 -63
E 3799 1 -6 -55
E 3799 2 -5 -47
E 3799 3 -4 -39
E 3799 4 -3 -31
E 3799 5 -2 -23
E 3799 6 -1 -15
T 3800 4 0 4 0
E 3800 0 -13 -40
E 3800 1 -10 -32
E 3800 2 -8 -24
E 3800 3 -5 -16
T 3801 51 0 5 0
E 3801 2 5 15
E 3801 3 7 23
E 3801 4 10 31
E 3801 5 13 39
E 3801 6 15 47
T 3802 4 0 5 0
E 3802 0 -16 -49
E 3802 1 -13 -41
E 3802 2 -11 -33
E 3802 3 -8 -25
E 3802 4 -5 -17
T 3803 59 0 6 0
E 3803 1 4 13
E 3803 2 7 21
E 3803 3 9 29
E 3803 4 12 37
E 3803 5 15 45
E 3803 6 17 53
T 3804 14 0 6 0
E 3804 0 -18 -56
E 3804 1 -16 -48
E 3804 2 -13 -40
E 3804 3 -10 -32
E 3804 4 -8 -24
E 3804 5 -5 -16
T 3805 11 0 7 1
E 3805 0 1 17
E 3805 1 2 25
E 3805 2 3 33
E 3805 3 4 41
E 3805 4 5 49
E 3805 5 6 57
E 3805 6 7 65
T 3806 43 0 4 0
E 3806 3 4 13
E 3806 4 7 21
E 3806 5 9 29
E 3806 6 12 37
T 3807 4 0 4 0
E 3807 0 -13 -41
E 3807 1 -11 -33
E 3807 2 -8 -25
E 3807 3 -5 -17
T 3808 51 0 5 0
E 3808 2 5 15
E 3808 3 7 23
E 3808 4 10 31
E 3808 5 13 39
E 3808 6 15 47
T 3809 3 0 5 0
E 3809 0 -15 -47
E 3809 1 -13 -39
E 3809 2 -10 -31
E 3809 3 -7 -23
E 3809 4 -5 -15
T 3810 51 0 5 0
E 3810 2 5 15
E 3810 3 7 23
E 3810 4 10 31
E 3810 5 13 39
E 3810 6 15 47
T 3811 5 0 5 0
E 3811 0 -16 -50
E 3811 1 -14 -42
E 3811 2 -11 -34
E 3811 3 -8 -26
E 3811 4 -6 -18
T 3812 54 0 5 0
E 3812 2 6 19
E 3812 3 9 27
E 3812 4 11 35
E 3812 5 14 43
E 3812 6 17 51
T 3813 16 0 6 0
E 3813 0 -19 -58
E 3813 1 -16 -50
E 3813 2 -14 -42
E 3813 3 -11 -34
E 3813 4 -8 -26
E 3813 5 -6 -18
T 3814 11 0 7 1
E 3814 0 2 20
E 3814 1 3 28
E 3814 2 4 36
E 3814 3 4 44
E 3814 4 5 52
E 3814 5 6 60
E 3814 6 7 68
T 3815 43 0 4 0
E 3815 3 4 13
E 3815 4 7 21
E 3815 5 9 29
E 3815 6 12 37
T 3816 3 0 5 0
E 3816 0 -15 -47
E 3816 1 -13 -39
E 3816 2 -10 -31
E 3816 3 -7 -23
E 3816 4 -5 -15
T 3817 59 0 6 0
E 3817 1 4 13
E 3817 2 7 21
E 3817 3 9 29
E 3817 4 12 37
E 3817 5 15 45
E 3817 6 17 53
T 3818 36 0 7 1
E 3818 0 -7 -64
E 3818 1 -6 -56
E 3818 2 -5 -48
E 3818 3 -4 -40
E 3818 4 -3 -32
E 3818 5 -2 -24
E 3818 6 -1 -16
T 3819 9 0 3 0
E 3819 0 -12 -36
E 3819 1 -9 -28
E 3819 2 -6 -20
T 3820 34 0 4 0
E 3820 0 -5 -15
E 3820 4 5 17
E 3820 5 8 25
E 3820 6 11 33
T 3821 5 0 4 0
E 3821 0 -12 -38
E 3821 1 -10 -30
E 3821 2 -7 -22
E 3821 3 -4 -14
T 3822 43 0 4 0
E 3822 3 4 13
E 3822 4 7 21
E 3822 5 9 29
E 3822 6 12 37
T 3823 6 0 5 0
E 3823 0 -17 -51
E 3823 1 -14 -43
E 3823 2 -11 -35
E 3823 3 -9 -27
E 3823 4 -6 -19
T 3824 53 0 5 0
E 3824 2 6 18
E 3824 3 8 26
E 3824 4 11 34
E 3824 5 14 42
E 3824 6 16 50
T 3825 17 0 6 0
E 3825 0 -19 -59
E 3825 1 -17 -51
E 3825 2 -14 -43
E 3825 3 -11 -35
E 3825 4 -9 -27
E 3825 5 -6 -19
T 3826 13 0 7 1
E 3826 0 1 13
E 3826 1 2 21
E 3826 2 3 29
E 3826 3 4 37
E 3826 4 5 45
E 3826 5 5 53
E 3826 6 6 61
T 3827 34 0 4 0
E 3827 0 -5 -15
E 3827 4 5 17
E 3827 5 8 25
E 3827 6 11 33
T 3828 4 0 4 0
E 3828 0 -13 -39
E 3828 1 -10 -31
E 3828 2 -7 -23
E 3828 3 -5 -15
T 3829 50 0 5 0
E 3829 2 4 13
E 3829 3 7 21
E 3829 4 9 29
E 3829 5 12 37
E 3829 6 15 45
T 3830 2 0 5 0
E 3830 0 -15 -45
E 3830 1 -12 -37
E 3830 2 -9 -29
E 3830 3 -7 -21
E 3830 4 -4 -13
T 3831 59 0 6 0
E 3831 1 4 13
E 3831 2 7 21
E 3831 3 9 29
E 3831 4 12 37
E 3831 5 15 45
E 3831 6 17 53
T 3832 12 0 6 0
E 3832 0 -18 -54
E 3832 1 -15 -46
E 3832 2 -12 -38
E 3832 3 -10 -30
E 3832 4 -7 -22
E 3832 5 -4 -14
T 3833 13 0 7 1
E 3833 0 1 14
E 3833 1 2 22
E 3833 2 3 30
E 3833 3 4 38
E 3833 4 5 46
E 3833 5 6 54
E 3833 6 6 62
T 3834 43 0 4 0
E 3834 3 4 13
E 3834 4 7 21
E 3834 5 9 29
E 3834 6 12 37
T 3835 3 0 4 0
E 3835 0 -14 -42
E 3835 1 -11 -34
E 3835 2 -8 -26
E 3835 3 -6 -18
T 3836 43 0 4 0
E 3836 3 4 13
E 3836 4 7 21
E 3836 5 9 29
E 3836 6 12 37
T 3837 3 0 4 0
E 3837 0 -14 -44
E 3837 1 -12 -36
E 3837 2 -9 -28
E 3837 3 -6 -20
T 3838 52 0 5 0
E 3838 2 5 17
E 3838 3 8 25
E 3838 4 11 33
E 3838 5 13 41
E 3838 6 16 49
T 3839 5 0 5 0
E 3839 0 -16 -50
E 3839 1 -14 -42
E 3839 2 -11 -34
E 3839 3 -8 -26
E 3839 4 -6 -18
T 3840 28 0 7 1
E 3840 0 5 53
E 3840 1 1 13
E 3840 2 2 21
E 3840 3 3 29
E 3840 4 4 37
E 3840 5 5 45
E 3840 6 5 53
T 3841 12 0 4 0
E 3841 0 8 25
E 3841 1 -6 -18
E 3841 5 4 14
E 3841 6 7 22
T 3842 32 0 4 0
E 3842 0 5 15
E 3842 1 -10 -31
E 3842 2 -7 -23
E 3842 3 -5 -15
T 3843 23 0 4 0
E 3843 0 9 27
E 3843 1 -7 -22
E 3843 2 -4 -14
E 3843 6 6 18
T 3844 27 0 4 0
E 3844 0 10 30
E 3844 1 -7 -23
E 3844 2 -5 -15
E 3844 6 5 17
T 3845 13 0 4 0
E 3845 0 11 35
E 3845 1 9 27
E 3845 2 -4 -13
E 3845 6 6 19
T 3846 42 0 5 0
E 3846 0 4 14
E 3846 2 -12 -37
E 3846 3 -9 -29
E 3846 4 -7 -21
E 3846 5 -4 -13
T 3847 15 0 4 0
E 3847 0 13 41
E 3847 1 11 33
E 3847 2 -4 -13
E 3847 6 6 19
T 3848 59 0 5 0
E 3848 2 -15 -45
E 3848 3 -12 -37
E 3848 4 -9 -29
E 3848 5 -7 -21
E 3848 6 -4 -13
T 3849 2 0 5 0
E 3849 0 21 65
E 3849 1 19 57
E 3849 4 6 20
E 3849 5 9 28
E 3849 6 12 36
T 3850 56 0 4 0
E 3850 3 -17 -52
E 3850 4 -14 -44
E 3850 5 -12 -36
E 3850 6 -9 -28
T 3851 4 0 4 0
E 3851 0 17 52
E 3851 1 14 44
E 3851 2 12 36
E 3851 6 5 17
T 3852 64 0 4 0
E 3852 3 -19 -58
E 3852 4 -16 -50
E 3852 5 -14 -42
E 3852 6 -11 -34
T 3853 6 0 5 0
E 3853 0 23 69
E 3853 1 20 61
E 3853 2 17 53
E 3853 5 6 20
E 3853 6 9 28
T 3854 88 0 6 0
E 3854 1 -4 -14
E 3854 2 -7 -22
E 3854 3 -25 -75
E 3854 4 -22 -67
E 3854 5 -19 -59
E 3854 6 -17 -51
T 3855 48 0 7 1
E 3855 0 10 94
E 3855 1 9 86
E 3855 2 8 78
E 3855 3 7 70
E 3855 4 3 30
E 3855 5 4 38
E 3855 6 5 46
T 3856 1 0 4 0
E 3856 0 18 55
E 3856 1 15 47
E 3856 2 13 39
E 3856 3 10 31
T 3857 67 0 4 0
E 3857 3 -6 -19
E 3857 4 -21 -65
E 3857 5 -19 -57
E 3857 6 -16 -49
T 3858 12 0 5 0
E 3858 0 24 72
E 3858 1 21 64
E 3858 2 18 56
E 3858 3 16 48
E 3858 6 5 15
T 3859 83 0 5 0
E 3859 2 -6 -20
E 3859 3 -9 -28
E 3859 4 -27 -81
E 3859 5 -24 -73
E 3859 6 -21 -65
T 3860 46 0 7 1
E 3860 0 10 90
E 3860 1 9 82
E 3860 2 8 74
E 3860 3 7 66
E 3860 4 6 58
E 3860 5 2 18
E 3860 6 2 26
T 3861 37 0 7 1
E 3861 0 5 52
E 3861 1 4 44
E 3861 2 4 36
E 3861 3 3 28
E 3861 4 2 20
E 3861 5 -2 -23
E 3861 6 -1 -15
T 3862 35 0 7 1
E 3862 0 5 45
E 3862 1 4 37
E 3862 2 3 29
E 3862 3 2 21
E 3862 4 1 13
E 3862 5 -3 -33
E 3862 6 -2 -25
T 3863 30 0 6 0
E 3863 0 12 38
E 3863 1 10 30
E 3863 2 7 22
E 3863 3 4 14
E 3863 5 -14 -43
E 3863 6 -11 -35
T 3864 42 0 5 0
E 3864 0 10 31
E 3864 1 7 23
E 3864 2 5 15
E 3864 5 -18 -54
E 3864 6 -15 -46
T 3865 15 0 5 0
E 3865 0 14 42
E 3865 1 11 34
E 3865 2 8 26
E 3865 3 6 18
E 3865 6 -12 -38
T 3866 55 0 4 0
E 3866 3 -4 -14
E 3866 4 -7 -22
E 3866 5 -10 -30
E 3866 6 -24 -73
T 3867 38 0 7 1
E 3867 0 6 62
E 3867 1 6 54
E 3867 2 5 46
E 3867 3 4 38
E 3867 4 3 30
E 3867 5 2 22
E 3867 6 -2 -24
T 3868 26 0 4 0
E 3868 0 12 36
E 3868 1 9 28
E 3868 2 6 20
E 3868 6 -17 -53
T 3869 30 0 4 0
E 3869 0 9 29
E 3869 1 7 21
E 3869 2 4 13
E 3869 6 -21 -64
T 3870 5 0 4 0
E 3870 0 12 37
E 3870 1 9 29
E 3870 2 7 21
E 3870 3 4 13
T 3871 43 0 4 0
E 3871 3 -4 -13
E 3871 4 -7 -21
E 3871 5 -9 -29
E 3871 6 -12 -37
T 3872 3 0 4 0
E 3872 0 14 43
E 3872 1 11 35
E 3872 2 9 27
E 3872 3 6 19
T 3873 43 0 4 0
E 3873 3 -4 -14
E 3873 4 -7 -22
E 3873 5 -10 -30
E 3873 6 -12 -38
T 3874 4 0 5 0
E 3874 0 16 49
E 3874 1 13 41
E 3874 2 11 33
E 3874 3 8 25
E 3874 4 5 17
T 3875 62 0 6 0
E 3875 1 -5 -16
E 3875 2 -8 -24
E 3875 3 -10 -32
E 3875 4 -13 -40
E 3875 5 -16 -48
E 3875 6 -18 -56
T 3876 35 0 7 1
E 3876 0 6 62
E 3876 1 6 54
E 3876 2 5 46
E 3876 3 4 38
E 3876 4 3 30
E 3876 5 2 22
E 3876 6 1 14
T 3877 14 0 4 0
E 3877 0 10 31
E 3877 1 7 23
E 3877 2 5 15
E 3877 6 -5 -17
T 3878 43 0 4 0
E 3878 3 -4 -13
E 3878 4 -7 -21
E 3878 5 -9 -29
E 3878 6 -12 -37
T 3879 6 0 5 0
E 3879 0 17 51
E 3879 1 14 43
E 3879 2 11 35
E 3879 3 9 27
E 3879 4 6 19
T 3880 59 0 6 0
E 3880 1 -4 -13
E 3880 2 -7 -21
E 3880 3 -9 -29
E 3880 4 -12 -37
E 3880 5 -15 -45
E 3880 6 -17 -53
T 3881 35 0 7 1
E 3881 0 6 62
E 3881 1 6 54
E 3881 2 5 46
E 3881 3 4 38
E 3881 4 3 30
E 3881 5 2 22
E 3881 6 1 14
T 3882 14 0 4 0
E 3882 0 10 31
E 3882 1 7 23
E 3882 2 5 15
E 3882 6 -5 -17
T 3883 44 0 4 0
E 3883 3 -5 -15
E 3883 4 -7 -23
E 3883 5 -10 -31
E 3883 6 -13 -39
T 3884 3 0 4 0
E 3884 0 14 43
E 3884 1 11 35
E 3884 2 9 27
E 3884 3 6 19
T 3885 45 0 4 0
E 3885 3 -6 -20
E 3885 4 -9 -28
E 3885 5 -12 -36
E 3885 6 -14 -44
T 3886 3 0 4 0
E 3886 0 14 44
E 3886 1 12 36
E 3886 2 9 28
E 3886 3 6 20
T 3887 43 0 4 0
E 3887 3 -4 -13
E 3887 4 -7 -21
E 3887 5 -9 -29
E 3887 6 -12 -37
T 3888 5 0 4 0
E 3888 0 12 38
E 3888 1 10 30
E 3888 2 7 22
E 3888 3 4 14
T 3889 51 0 5 0
E 3889 2 -5 -15
E 3889 3 -7 -23
E 3889 4 -10 -31
E 3889 5 -13 -39
E 3889 6 -15 -47
T 3890 4 0 5 0
E 3890 0 16 48
E 3890 1 13 40
E 3890 2 10 32
E 3890 3 8 24
E 3890 4 5 16
T 3891 52 0 5 0
E 3891 2 -5 -16
E 3891 3 -8 -24
E 3891 4 -10 -32
E 3891 5 -13 -40
E 3891 6 -16 -48
T 3892 6 0 5 0
E 3892 0 17 52
E 3892 1 14 44
E 3892 2 12 36
E 3892 3 9 28
E 3892 4 6 20
T 3893 60 0 6 0
E 3893 1 -4 -14
E 3893 2 -7 -22
E 3893 3 -10 -30
E 3893 4 -12 -38
E 3893 5 -15 -46
E 3893 6 -18 -54
T 3894 14 0 6 0
E 3894 0 18 56
E 3894 1 16 48
E 3894 2 13 40
E 3894 3 10 32
E 3894 4 8 24
E 3894 5 5 16
T 3895 62 0 6 0
E 3895 1 -5 -16
E 3895 2 -8 -24
E 3895 3 -10 -32
E 3895 4 -13 -40
E 3895 5 -16 -48
E 3895 6 -18 -56
T 3896 37 0 7 1
E 3896 0 7 67
E 3896 1 6 59
E 3896 2 5 51
E 3896 3 4 43
E 3896 4 3 35
E 3896 5 3 27
E 3896 6 2 19
T 3897 5 0 4 0
E 3897 0 12 37
E 3897 1 9 29
E 3897 2 7 21
E 3897 3 4 13
T 3898 45 0 4 0
E 3898 3 -6 -19
E 3898 4 -9 -27
E 3898 5 -11 -35
E 3898 6 -14 -43
T 3899 4 0 5 0
E 3899 0 16 48
E 3899 1 13 40
E 3899 2 10 32
E 3899 3 8 24
E 3899 4 5 16
T 3900 61 0 6 0
E 3900 1 -5 -15
E 3900 2 -7 -23
E 3900 3 -10 -31
E 3900 4 -13 -39
E 3900 5 -15 -47
E 3900 6 -18 -55
T 3901 35 0 7 1
E 3901 0 6 62
E 3901 1 6 54
E 3901 2 5 46
E 3901 3 4 38
E 3901 4 3 30
E 3901 5 2 22
E 3901 6 1 14
T 3902 13 0 4 0
E 3902 0 11 34
E 3902 1 8 26
E 3902 2 6 18
E 3902 6 -4 -14
T 3903 29 0 3 0
E 3903 0 6 20
E 3903 5 -6 -20
E 3903 6 -9 -28
T 3904 19 0 3 0
E 3904 0 9 28
E 3904 1 6 20
E 3904 6 -6 -20
T 3905 29 0 3 0
E 3905 0 6 20
E 3905 5 -6 -20
E 3905 6 -9 -28
T 3906 15 0 4 0
E 3906 0 10 30
E 3906 1 7 22
E 3906 2 4 14
E 3906 6 -6 -18
T 3907 34 0 4 0
E 3907 0 5 16
E 3907 4 -5 -16
E 3907 5 -8 -24
E 3907 6 -10 -32
T 3908 15 0 4 0
E 3908 0 9 29
E 3908 1 7 21
E 3908 2 4 13
E 3908 6 -6 -19
T 3909 35 0 4 0
E 3909 0 4 13
E 3909 4 -6 -19
E 3909 5 -9 -27
E 3909 6 -11 -35
T 3910 9 0 3 0
E 3910 0 12 36
E 3910 1 9 28
E 3910 2 6 20
T 3911 43 0 4 0
E 3911 3 -4 -13
E 3911 4 -7 -21
E 3911 5 -9 -29
E 3911 6 -12 -37
T 3912 4 0 5 0
E 3912 0 16 48
E 3912 1 13 40
E 3912 2 10 32
E 3912 3 8 24
E 3912 4 5 16
T 3913 52 0 5 0
E 3913 2 -5 -17
E 3913 3 -8 -25
E 3913 4 -11 -33
E 3913 5 -13 -41
E 3913 6 -16 -49
T 3914 5 0 5 0
E 3914 0 16 50
E 3914 1 14 42
E 3914 2 11 34
E 3914 3 8 26
E 3914 4 6 18
T 3915 52 0 5 0
E 3915 2 -5 -17
E 3915 3 -8 -25
E 3915 4 -11 -33
E 3915 5 -13 -41
E 3915 6 -16 -49
T 3916 11 0 6 0
E 3916 0 17 53
E 3916 1 15 45
E 3916 2 12 37
E 3916 3 9 29
E 3916 4 7 21
E 3916 5 4 13
T 3917 13 0 7 1
E 3917 0 -1 -14
E 3917 1 -2 -22
E 3917 2 -3 -30
E 3917 3 -4 -38
E 3917 4 -5 -46
E 3917 5 -6 -54
E 3917 6 -6 -62
T 3918 33 0 4 0
E 3918 0 6 18
E 3918 4 -4 -14
E 3918 5 -7 -22
E 3918 6 -10 -30
T 3919 13 0 4 0
E 3919 0 11 35
E 3919 1 9 27
E 3919 2 6 19
E 3919 6 -4 -13
T 3920 29 0 3 0
E 3920 0 6 20
E 3920 5 -6 -20
E 3920 6 -9 -28
T 3921 13 0 4 0
E 3921 0 11 35
E 3921 1 9 27
E 3921 2 6 19
E 3921 6 -4 -13
T 3922 43 0 4 0
E 3922 3 -4 -14
E 3922 4 -7 -22
E 3922 5 -10 -30
E 3922 6 -12 -38
T 3923 4 0 5 0
E 3923 0 16 49
E 3923 1 13 41
E 3923 2 11 33
E 3923 3 8 25
E 3923 4 5 17
T 3924 62 0 6 0
E 3924 1 -5 -16
E 3924 2 -8 -24
E 3924 3 -10 -32
E 3924 4 -13 -40
E 3924 5 -16 -48
E 3924 6 -18 -56
T 3925 37 0 7 1
E 3925 0 7 67
E 3925 1 6 59
E 3925 2 5 51
E 3925 3 4 43
E 3925 4 3 35
E 3925 5 3 27
E 3925 6 2 19
T 3926 14 0 4 0
E 3926 0 10 32
E 3926 1 8 24
E 3926 2 5 16
E 3926 6 -5 -16
T 3927 35 0 4 0
E 3927 0 4 14
E 3927 4 -6 -18
E 3927 5 -8 -26
E 3927 6 -11 -34
T 3928 5 0 4 0
E 3928 0 12 38
E 3928 1 10 30
E 3928 2 7 22
E 3928 3 4 14
T 3929 45 0 4 0
E 3929 3 -6 -18
E 3929 4 -8 -26
E 3929 5 -11 -34
E 3929 6 -14 -42
T 3930 4 0 5 0
E 3930 0 16 48
E 3930 1 13 40
E 3930 2 10 32
E 3930 3 8 24
E 3930 4 5 16
T 3931 50 0 5 0
E 3931 2 -4 -13
E 3931 3 -7 -21
E 3931 4 -9 -29
E 3931 5 -12 -37
E 3931 6 -15 -45
T 3932 5 0 5 0
E 3932 0 16 50
E 3932 1 14 42
E 3932 2 11 34
E 3932 3 8 26
E 3932 4 6 18
T 3933 51 0 5 0
E 3933 2 -5 -15
E 3933 3 -7 -23
E 3933 4 -10 -31
E 3933 5 -13 -39
E 3933 6 -15 -47
T 3934 6 0 5 0
E 3934 0 17 51
E 3934 1 14 43
E 3934 2 11 35
E 3934 3 9 27
E 3934 4 6 19
T 3935 54 0 5 0
E 3935 2 -6 -20
E 3935 3 -9 -28
E 3935 4 -12 -36
E 3935 5 -14 -44
E 3935 6 -17 -52
T 3936 6 0 5 0
E 3936 0 17 52
E 3936 1 14 44
E 3936 2 12 36
E 3936 3 9 28
E 3936 4 6 20
T 3937 49 0 5 0
E 3937 2 -5 -16
E 3937 3 -8 -24
E 3937 4 -10 -32
E 3937 5 -13 -40
E 3937 6 -16 -48
T 3938 16 0 6 0
E 3938 0 16 50
E 3938 1 15 47
E 3938 2 13 39
E 3938 3 10 31
E 3938 4 7 23
E 3938 5 5 15
T 3939 6 0 7 1
E 3939 0 -2 -22
E 3939 1 -2 -22
E 3939 2 -3 -30
E 3939 3 -4 -38
E 3939 4 -5 -46
E 3939 5 -6 -54
E 3939 6 -6 -62
T 3940 28 0 3 0
E 3940 4 -6 -18
E 3940 5 -8 -26
E 3940 6 -11 -34
T 3941 6 0 4 0
E 3941 0 10 30
E 3941 1 11 35
E 3941 2 9 27
E 3941 3 6 19
T 3942 23 0 3 0
E 3942 4 -5 -17
E 3942 5 -8 -25
E 3942 6 -11 -33
T 3943 1 0 3 0
E 3943 0 6 18
E 3943 1 7 23
E 3943 2 6 20
T 3944 18 0 3 0
E 3944 4 -5 -15
E 3944 5 -7 -23
E 3944 6 -10 -31
T 3945 1 0 2 0
E 3945 1 5 17
E 3945 2 6 20
T 3946 6 1 2 0
E 3946 2 5 16
E 3946 6 -5 -16
T 3947 4 0 2 0
E 3947 2 4 13
E 3947 6 -5 -16
T 3948 6 0 3 0
E 3948 1 4 14
E 3948 2 6 19
E 3948 3 5 16
T 3949 3 0 2 0
E 3949 5 -5 -15
E 3949 6 -7 -23
T 3950 3 0 1 0
E 3950 3 5 15
T 3951 4 0 1 0
E 3951 6 -6 -19
T 3952 5 0 0 0
T 3953 5 0 0 0
T 3954 10 0 2 0
E 3954 3 5 15
E 3954 4 5 15
T 3955 10 0 1 0
E 3955 0 -4 -14
T 3956 10 0 1 0
E 3956 0 -4 -14
T 3957 8 0 0 0
T 3958 9 0 0 0
T 3959 15 0 2 0
E 3959 4 5 15
E 3959 5 5 15
T 3960 8 0 2 0
E 3960 0 -6 -18
E 3960 1 -4 -13
T 3961 10 0 1 0
E 3961 0 -4 -14
T 3962 15 0 1 0
E 3962 5 5 15
T 3963 16 0 1 0
E 3963 5 4 13
T 3964 10 0 1 0
E 3964 0 -5 -15
T 3965 14 0 2 0
E 3965 0 -4 -13
E 3965 6 5 15
T 3966 15 0 2 0
E 3966 0 -4 -14
E 3966 6 5 16
T 3967 9 0 2 0
E 3967 0 -7 -21
E 3967 1 -5 -16
T 3968 15 0 2 0
E 3968 0 -5 -16
E 3968 6 4 14
T 3969 22 0 2 0
E 3969 5 4 13
E 3969 6 6 18
T 3970 9 0 2 0
E 3970 0 -6 -20
E 3970 1 -5 -15
T 3971 24 0 3 0
E 3971 4 4 13
E 3971 5 6 18
E 3971 6 7 23
T 3972 1 0 4 0
E 3972 0 -10 -31
E 3972 1 -8 -26
E 3972 2 -7 -21
E 3972 3 -5 -16
T 3973 28 0 4 0
E 3973 3 4 13
E 3973 4 6 18
E 3973 5 7 23
E 3973 6 9 28
T 3974 4 0 5 0
E 3974 0 -11 -34
E 3974 1 -9 -29
E 3974 2 -8 -24
E 3974 3 -6 -19
E 3974 4 -4 -14
T 3975 29 0 4 0
E 3975 3 5 16
E 3975 4 7 21
E 3975 5 8 26
E 3975 6 10 31
T 3976 6 0 3 0
E 3976 0 -8 -24
E 3976 1 -6 -19
E 3976 2 -4 -14
T 3977 24 0 3 0
E 3977 4 4 13
E 3977 5 6 18
E 3977 6 7 23
T 3978 9 0 2 0
E 3978 0 -6 -19
E 3978 1 -4 -14
T 3979 21 0 2 0
E 3979 5 4 14
E 3979 6 6 19
T 3980 6 0 3 0
E 3980 0 -8 -25
E 3980 1 -6 -20
E 3980 2 -5 -15
T 3981 21 0 2 0
E 3981 5 5 15
E 3981 6 6 20
T 3982 16 0 2 0
E 3982 0 -5 -17
E 3982 6 4 13
T 3983 16 0 2 0
E 3983 0 -5 -17
E 3983 6 4 13
T 3984 9 0 2 0
E 3984 0 -6 -19
E 3984 1 -4 -14
T 3985 21 0 2 0
E 3985 5 5 16
E 3985 6 7 21
T 3986 7 0 3 0
E 3986 0 -8 -26
E 3986 1 -6 -20
E 3986 2 -5 -15
T 3987 25 0 3 0
E 3987 4 5 15
E 3987 5 6 20
E 3987 6 8 25
T 3988 3 0 4 0
E 3988 0 -10 -30
E 3988 1 -7 -23
E 3988 2 -6 -18
E 3988 3 -4 -13
T 3989 32 0 4 0
E 3989 3 5 15
E 3989 4 6 20
E 3989 5 8 25
E 3989 6 10 30
T 3990 8 0 3 0
E 3990 0 -9 -29
E 3990 1 -7 -21
E 3990 2 -5 -16
T 3991 28 0 3 0
E 3991 4 5 17
E 3991 5 7 22
E 3991 6 9 27
T 3992 8 0 3 0
E 3992 0 -10 -30
E 3992 1 -7 -22
E 3992 2 -5 -16
T 3993 29 0 3 0
E 3993 4 5 16
E 3993 5 7 21
E 3993 6 8 26
T 3994 4 0 4 0
E 3994 0 -12 -36
E 3994 1 -9 -28
E 3994 2 -6 -20
E 3994 3 -5 -15
T 3995 35 0 4 0
E 3995 3 5 15
E 3995 4 6 20
E 3995 5 8 25
E 3995 6 10 30
T 3996 9 0 3 0
E 3996 0 -10 -31
E 3996 1 -7 -23
E 3996 2 -5 -15
T 3997 36 0 4 0
E 3997 3 5 17
E 3997 4 7 22
E 3997 5 9 27
E 3997 6 10 32
T 3998 5 0 4 0
E 3998 0 -12 -37
E 3998 1 -9 -29
E 3998 2 -7 -21
E 3998 3 -4 -14
T 3999 44 0 5 0
E 3999 2 4 14
E 3999 3 7 22
E 3999 4 9 27
E 3999 5 10 32
E 3999 6 12 37
T 4000 8 0 6 0
E 4000 0 -15 -47
E 4000 1 -13 -39
E 4000 2 -10 -31
E 4000 3 -7 -23
E 4000 4 -6 -18
E 4000 5 -4 -13
T 4001 49 0 5 0
E 4001 2 6 20
E 4001 3 9 28
E 4001 4 11 34
E 4001 5 13 39
E 4001 6 14 44
T 4002 9 0 6 0
E 4002 0 -16 -48
E 4002 1 -13 -40
E 4002 2 -10 -32
E 4002 3 -8 -24
E 4002 4 -6 -18
E 4002 5 -4 -13
T 4003 57 0 6 0
E 4003 1 5 15
E 4003 2 7 23
E 4003 3 10 31
E 4003 4 12 38
E 4003 5 14 43
E 4003 6 16 48
T 4004 34 0 7 1
E 4004 0 -7 -63
E 4004 1 -6 -55
E 4004 2 -5 -47
E 4004 3 -4 -39
E 4004 4 -3 -31
E 4004 5 -2 -26
E 4004 6 -2 -21
T 4005 9 0 3 0
E 4005 0 -11 -35
E 4005 1 -9 -27
E 4005 2 -6 -19
T 4006 42 0 4 0
E 4006 3 6 18
E 4006 4 8 26
E 4006 5 10 32
E 4006 6 12 37
T 4007 4 0 5 0
E 4007 0 -16 -49
E 4007 1 -13 -41
E 4007 2 -11 -33
E 4007 3 -8 -25
E 4007 4 -5 -17
T 4008 58 0 6 0
E 4008 1 4 14
E 4008 2 7 22
E 4008 3 10 30
E 4008 4 12 38
E 4008 5 15 45
E 4008 6 16 50
T 4009 14 0 6 0
E 4009 0 -18 -56
E 4009 1 -16 -48
E 4009 2 -13 -40
E 4009 3 -10 -32
E 4009 4 -8 -24
E 4009 5 -5 -16
T 4010 11 0 7 1
E 4010 0 2 19
E 4010 1 3 27
E 4010 2 3 35
E 4010 3 4 43
E 4010 4 5 51
E 4010 5 6 59
E 4010 6 7 64
T 4011 38 0 3 0
E 4011 4 6 20
E 4011 5 9 28
E 4011 6 11 34
T 4012 4 0 4 0
E 4012 0 -13 -39
E 4012 1 -10 -31
E 4012 2 -7 -23
E 4012 3 -5 -15
T 4013 43 0 4 0
E 4013 3 4 14
E 4013 4 7 22
E 4013 5 10 30
E 4013 6 12 37
T 4014 5 0 5 0
E 4014 0 -16 -50
E 4014 1 -14 -42
E 4014 2 -11 -34
E 4014 3 -8 -26
E 4014 4 -6 -18
T 4015 64 0 6 0
E 4015 1 6 18
E 4015 2 8 26
E 4015 3 11 34
E 4015 4 14 42
E 4015 5 16 50
E 4015 6 19 58
T 4016 37 0 7 1
E 4016 0 -7 -65
E 4016 1 -6 -57
E 4016 2 -5 -49
E 4016 3 -4 -41
E 4016 4 -3 -33
E 4016 5 -2 -25
E 4016 6 -1 -17
T 4017 14 0 4 0
E 4017 0 -10 -32
E 4017 1 -8 -24
E 4017 2 -5 -16
E 4017 6 5 16
T 4018 34 0 4 0
E 4018 0 -5 -15
E 4018 4 5 17
E 4018 5 8 25
E 4018 6 11 33
T 4019 13 0 4 0
E 4019 0 -11 -34
E 4019 1 -8 -26
E 4019 2 -6 -18
E 4019 6 4 14
T 4020 34 0 4 0
E 4020 0 -5 -16
E 4020 4 5 16
E 4020 5 8 24
E 4020 6 10 32
T 4021 4 0 4 0
E 4021 0 -13 -41
E 4021 1 -11 -33
E 4021 2 -8 -25
E 4021 3 -5 -17
T 4022 45 0 4 0
E 4022 3 6 18
E 4022 4 8 26
E 4022 5 11 34
E 4022 6 14 42
T 4023 6 0 5 0
E 4023 0 -17 -52
E 4023 1 -14 -44
E 4023 2 -12 -36
E 4023 3 -9 -28
E 4023 4 -6 -20
T 4024 59 0 6 0
E 4024 1 4 13
E 4024 2 7 21
E 4024 3 9 29
E 4024 4 12 37
E 4024 5 15 45
E 4024 6 17 53
T 4025 37 0 7 1
E 4025 0 -7 -66
E 4025 1 -6 -58
E 4025 2 -5 -50
E 4025 3 -4 -42
E 4025 4 -3 -34
E 4025 5 -2 -26
E 4025 6 -2 -18
T 4026 4 0 4 0
E 4026 0 -13 -41
E 4026 1 -11 -33
E 4026 2 -8 -25
E 4026 3 -5 -17
T 4027 52 0 5 0
E 4027 2 5 16
E 4027 3 8 24
E 4027 4 10 32
E 4027 5 13 40
E 4027 6 16 48
T 4028 17 0 6 0
E 4028 0 -19 -59
E 4028 1 -17 -51
E 4028 2 -14 -43
E 4028 3 -11 -35
E 4028 4 -9 -27
E 4028 5 -6 -19
T 4029 13 0 7 1
E 4029 0 1 15
E 4029 1 2 23
E 4029 2 3 31
E 4029 3 4 39
E 4029 4 5 47
E 4029 5 6 55
E 4029 6 7 63
T 4030 29 0 3 0
E 4030 0 -6 -20
E 4030 5 6 20
E 4030 6 9 28
T 4031 13 0 4 0
E 4031 0 -11 -35
E 4031 1 -9 -27
E 4031 2 -6 -19
E 4031 6 4 13
T 4032 29 0 3 0
E 4032 0 -6 -20
E 4032 5 6 20
E 4032 6 9 28
T 4033 24 0 4 0
E 4033 0 -8 -25
E 4033 1 -5 -17
E 4033 5 5 15
E 4033 6 7 23
T 4034 15 0 4 0
E 4034 0 -9 -29
E 4034 1 -7 -21
E 4034 2 -4 -13
E 4034 6 6 19
T 4035 35 0 4 0
E 4035 0 -4 -14
E 4035 4 6 18
E 4035 5 8 26
E 4035 6 11 34
T 4036 13 0 4 0
E 4036 0 -11 -35
E 4036 1 -9 -27
E 4036 2 -6 -19
E 4036 6 4 13
T 4037 35 0 4 0
E 4037 0 -4 -13
E 4037 4 6 19
E 4037 5 9 27
E 4037 6 11 35
T 4038 14 0 4 0
E 4038 0 -10 -31
E 4038 1 -7 -23
E 4038 2 -5 -15
E 4038 6 5 17
T 4039 33 0 4 0
E 4039 0 -6 -19
E 4039 4 4 13
E 4039 5 7 21
E 4039 6 9 29
T 4040 15 0 4 0
E 4040 0 -9 -29
E 4040 1 -7 -21
E 4040 2 -4 -13
E 4040 6 6 19
T 4041 33 0 4 0
E 4041 0 -6 -19
E 4041 4 4 13
E 4041 5 7 21
E 4041 6 9 29
T 4042 14 0 4 0
E 4042 0 -10 -32
E 4042 1 -8 -24
E 4042 2 -5 -16
E 4042 6 5 16
T 4043 43 0 4 0
E 4043 3 4 13
E 4043 4 7 21
E 4043 5 9 29
E 4043 6 12 37
T 4044 5 0 5 0
E 4044 0 -16 -50
E 4044 1 -14 -42
E 4044 2 -11 -34
E 4044 3 -8 -26
E 4044 4 -6 -18
T 4045 64 0 6 0
E 4045 1 6 18
E 4045 2 8 26
E 4045 3 11 34
E 4045 4 14 42
E 4045 5 16 50
E 4045 6 19 58
T 4046 37 0 7 1
E 4046 0 -8 -72
E 4046 1 -7 -64
E 4046 2 -6 -56
E 4046 3 -5 -48
E 4046 4 -4 -40
E 4046 5 -3 -32
E 4046 6 -2 -24
T 4047 13 0 4 0
E 4047 0 -11 -34
E 4047 1 -8 -26
E 4047 2 -6 -18
E 4047 6 4 14
T 4048 35 0 4 0
E 4048 0 -4 -13
E 4048 4 6 19
E 4048 5 9 27
E 4048 6 11 35
T 4049 13 0 4 0
E 4049 0 -11 -34
E 4049 1 -8 -26
E 4049 2 -6 -18
E 4049 6 4 14
T 4050 44 0 4 0
E 4050 3 5 15
E 4050 4 7 23
E 4050 5 10 31
E 4050 6 13 39
T 4051 4 0 5 0
E 4051 0 -16 -48
E 4051 1 -13 -40
E 4051 2 -10 -32
E 4051 3 -8 -24
E 4051 4 -5 -16
T 4052 51 0 5 0
E 4052 2 5 15
E 4052 3 7 23
E 4052 4 10 31
E 4052 5 13 39
E 4052 6 15 47
T 4053 4 0 5 0
E 4053 0 -16 -48
E 4053 1 -13 -40
E 4053 2 -10 -32
E 4053 3 -8 -24
E 4053 4 -5 -16
T 4054 62 0 6 0
E 4054 1 5 16
E 4054 2 8 24
E 4054 3 10 32
E 4054 4 13 40
E 4054 5 16 48
E 4054 6 18 56
T 4055 37 0 7 1
E 4055 0 -7 -66
E 4055 1 -6 -58
E 4055 2 -5 -50
E 4055 3 -4 -42
E 4055 4 -3 -34
E 4055 5 -2 -26
E 4055 6 -2 -18
T 4056 4 0 4 0
E 4056 0 -13 -41
E 4056 1 -11 -33
E 4056 2 -8 -25
E 4056 3 -5 -17
T 4057 45 0 4 0
E 4057 3 6 19
E 4057 4 9 27
E 4057 5 11 35
E 4057 6 14 43
T 4058 6 0 5 0
E 4058 0 -17 -51
E 4058 1 -14 -43
E 4058 2 -11 -35
E 4058 3 -9 -27
E 4058 4 -6 -19
T 4059 62 0 6 0
E 4059 1 5 16
E 4059 2 8 24
E 4059 3 10 32
E 4059 4 13 40
E 4059 5 16 48
E 4059 6 18 56
T 4060 37 0 7 1
E 4060 0 -7 -67
E 4060 1 -6 -59
E 4060 2 -5 -51
E 4060 3 -4 -43
E 4060 4 -3 -35
E 4060 5 -3 -27
E 4060 6 -2 -19
T 4061 2 0 5 0
E 4061 0 -15 -45
E 4061 1 -12 -37
E 4061 2 -9 -29
E 4061 3 -7 -21
E 4061 4 -4 -13
T 4062 51 0 5 0
E 4062 2 5 15
E 4062 3 7 23
E 4062 4 10 31
E 4062 5 13 39
E 4062 6 15 47
T 4063 6 0 5 0
E 4063 0 -17 -52
E 4063 1 -14 -44
E 4063 2 -12 -36
E 4063 3 -9 -28
E 4063 4 -6 -20
T 4064 52 0 5 0
E 4064 2 5 16
E 4064 3 8 24
E 4064 4 10 32
E 4064 5 13 40
E 4064 6 16 48
T 4065 16 0 6 0
E 4065 0 -19 -58
E 4065 1 -16 -50
E 4065 2 -14 -42
E 4065 3 -11 -34
E 4065 4 -8 -26
E 4065 5 -6 -18
T 4066 13 0 7 1
E 4066 0 1 15
E 4066 1 2 23
E 4066 2 3 31
E 4066 3 4 39
E 4066 4 5 47
E 4066 5 6 55
E 4066 6 7 63
T 4067 34 0 4 0
E 4067 0 -5 -16
E 4067 4 5 16
E 4067 5 8 24
E 4067 6 10 32
T 4068 5 0 4 0
E 4068 0 -12 -38
E 4068 1 -10 -30
E 4068 2 -7 -22
E 4068 3 -4 -14
T 4069 39 0 3 0
E 4069 4 6 20
E 4069 5 9 28
E 4069 6 12 36
T 4070 2 0 5 0
E 4070 0 -15 -45
E 4070 1 -12 -37
E 4070 2 -9 -29
E 4070 3 -7 -21
E 4070 4 -4 -13
T 4071 53 0 5 0
E 4071 2 6 18
E 4071 3 8 26
E 4071 4 11 34
E 4071 5 14 42
E 4071 6 16 50
T 4072 6 0 5 0
E 4072 0 -17 -51
E 4072 1 -14 -43
E 4072 2 -11 -35
E 4072 3 -9 -27
E 4072 4 -6 -19
T 4073 54 0 5 0
E 4073 2 6 20
E 4073 3 9 28
E 4073 4 12 36
E 4073 5 14 44
E 4073 6 17 52
T 4074 6 0 5 0
E 4074 0 -17 -51
E 4074 1 -14 -43
E 4074 2 -11 -35
E 4074 3 -9 -27
E 4074 4 -6 -19
T 4075 59 0 6 0
E 4075 1 4 13
E 4075 2 7 21
E 4075 3 9 29
E 4075 4 12 37
E 4075 5 15 45
E 4075 6 17 53
T 4076 13 0 6 0
E 4076 0 -18 -55
E 4076 1 -15 -47
E 4076 2 -13 -39
E 4076 3 -10 -31
E 4076 4 -7 -23
E 4076 5 -5 -15
T 4077 61 0 6 0
E 4077 1 5 15
E 4077 2 7 23
E 4077 3 10 31
E 4077 4 13 39
E 4077 5 15 47
E 4077 6 18 55
T 4078 35 0 7 1
E 4078 0 -6 -62
E 4078 1 -6 -54
E 4078 2 -5 -46
E 4078 3 -4 -38
E 4078 4 -3 -30
E 4078 5 -2 -22
E 4078 6 -1 -14
T 4079 3 0 4 0
E 4079 0 -14 -43
E 4079 1 -11 -35
E 4079 2 -9 -27
E 4079 3 -6 -19
T 4080 9 0 5 0
E 4080 0 13 40
E 4080 3 5 16
E 4080 4 8 24
E 4080 5 10 32
E 4080 6 13 40
T 4081 47 0 5 0
E 4081 1 -16 -49
E 4081 2 -13 -41
E 4081 3 -11 -33
E 4081 4 -8 -25
E 4081 5 -5 -17
T 4082 5 0 5 0
E 4082 0 15 47
E 4082 3 5 17
E 4082 4 8 25
E 4082 5 11 33
E 4082 6 13 41
T 4083 65 0 6 0
E 4083 1 -19 -58
E 4083 2 -16 -50
E 4083 3 -14 -42
E 4083 4 -11 -34
E 4083 5 -8 -26
E 4083 6 -6 -18
T 4084 11 0 6 0
E 4084 0 20 62
E 4084 2 5 17
E 4084 3 8 25
E 4084 4 11 33
E 4084 5 13 41
E 4084 6 16 49
T 4085 64 0 6 0
E 4085 1 -6 -18
E 4085 2 -19 -58
E 4085 3 -16 -50
E 4085 4 -14 -42
E 4085 5 -11 -34
E 4085 6 -8 -26
T 4086 39 0 7 1
E 4086 0 7 71
E 4086 1 7 63
E 4086 2 2 20
E 4086 3 3 28
E 4086 4 4 36
E 4086 5 4 44
E 4086 6 5 52
T 4087 6 0 4 0
E 4087 0 15 46
E 4087 1 12 38
E 4087 5 5 16
E 4087 6 8 24
T 4088 63 0 5 0
E 4088 2 -17 -51
E 4088 3 -14 -43
E 4088 4 -11 -35
E 4088 5 -9 -27
E 4088 6 -6 -19
T 4089 1 0 5 0
E 4089 0 21 64
E 4089 1 18 56
E 4089 4 6 19
E 4089 5 9 27
E 4089 6 11 35
T 4090 55 0 4 0
E 4090 3 -16 -50
E 4090 4 -14 -42
E 4090 5 -11 -34
E 4090 6 -8 -26
T 4091 3 0 4 0
E 4091 0 18 54
E 4091 1 15 46
E 4091 2 12 38
E 4091 6 6 19
T 4092 70 0 5 0
E 4092 2 -5 -15
E 4092 3 -20 -61
E 4092 4 -17 -53
E 4092 5 -15 -45
E 4092 6 -12 -37
T 4093 5 0 5 0
E 4093 0 22 67
E 4093 1 19 59
E 4093 2 17 51
E 4093 5 6 18
E 4093 6 8 26
T 4094 81 0 5 0
E 4094 2 -6 -18
E 4094 3 -23 -71
E 4094 4 -21 -63
E 4094 5 -18 -55
E 4094 6 -15 -47
T 4095 45 0 7 1
E 4095 0 8 77
E 4095 1 7 69
E 4095 2 6 61
E 4095 3 5 53
E 4095 4 1 13
E 4095 5 2 21
E 4095 6 3 29
T 4096 15 0 6 0
E 4096 0 14 44
E 4096 1 12 36
E 4096 2 9 28
E 4096 3 6 20
E 4096 4 -7 -23
E 4096 5 -5 -15
T 4097 55 0 4 0
E 4097 0 6 20
E 4097 4 -16 -50
E 4097 5 -14 -42
E 4097 6 -11 -34
T 4098 4 0 5 0
E 4098 0 18 56
E 4098 1 16 48
E 4098 2 13 40
E 4098 3 10 32
E 4098 4 -5 -17
T 4099 68 0 3 0
E 4099 4 -21 -65
E 4099 5 -19 -57
E 4099 6 -16 -49
T 4100 18 0 5 0
E 4100 0 23 69
E 4100 1 20 61
E 4100 2 17 53
E 4100 3 15 45
E 4100 4 12 37
T 4101 17 0 7 1
E 4101 0 -2 -19
E 4101 1 -3 -27
E 4101 2 -3 -35
E 4101 3 -4 -43
E 4101 4 -5 -51
E 4101 5 -10 -94
E 4101 6 -9 -86
T 4102 54 0 4 0
E 4102 0 5 16
E 4102 4 -5 -16
E 4102 5 -20 -62
E 4102 6 -18 -54
T 4103 6 0 6 0
E 4103 0 20 61
E 4103 1 17 53
E 4103 2 15 45
E 4103 3 12 37
E 4103 4 9 29
E 4103 5 -6 -20
T 4104 89 0 6 0
E 4104 1 -6 -18
E 4104 2 -8 -26
E 4104 3 -11 -34
E 4104 4 -14 -42
E 4104 5 -31 -95
E 4104 6 -29 -87
T 4105 50 0 6 0
E 4105 0 30 92
E 4105 1 28 84
E 4105 2 25 76
E 4105 3 22 68
E 4105 4 20 60
E 4105 5 17 52
T 4106 9 0 7 1
E 4106 0 -5 -50
E 4106 1 -6 -58
E 4106 2 -7 -66
E 4106 3 -8 -74
E 4106 4 -9 -82
E 4106 5 -10 -90
E 4106 6 -14 -133
T 4107 57 0 4 0
E 4107 3 -6 -18
E 4107 4 -8 -26
E 4107 5 -11 -34
E 4107 6 -26 -80
T 4108 36 0 7 1
E 4108 0 6 54
E 4108 1 5 46
E 4108 2 4 38
E 4108 3 3 30
E 4108 4 2 22
E 4108 5 1 14
E 4108 6 -3 -35
T 4109 23 0 5 0
E 4109 0 12 38
E 4109 1 10 30
E 4109 2 7 22
E 4109 3 4 14
E 4109 6 -18 -55
T 4110 23 0 4 0
E 4110 0 9 27
E 4110 1 6 19
E 4110 5 -4 -13
E 4110 6 -7 -21
T 4111 19 0 3 0
E 4111 0 9 28
E 4111 1 6 20
E 4111 6 -6 -20
T 4112 33 0 4 0
E 4112 0 6 19
E 4112 4 -4 -13
E 4112 5 -7 -21
E 4112 6 -9 -29
T 4113 14 0 4 0
E 4113 0 11 33
E 4113 1 8 25
E 4113 2 5 17
E 4113 6 -5 -15
T 4114 35 0 4 0
E 4114 0 4 14
E 4114 4 -6 -18
E 4114 5 -8 -26
E 4114 6 -11 -34
T 4115 3 0 4 0
E 4115 0 14 43
E 4115 1 11 35
E 4115 2 9 27
E 4115 3 6 19
T 4116 43 0 4 0
E 4116 3 -4 -14
E 4116 4 -7 -22
E 4116 5 -10 -30
E 4116 6 -12 -38
T 4117 4 0 5 0
E 4117 0 16 48
E 4117 1 13 40
E 4117 2 10 32
E 4117 3 8 24
E 4117 4 5 16
T 4118 50 0 5 0
E 4118 2 -4 -13
E 4118 3 -7 -21
E 4118 4 -9 -29
E 4118 5 -12 -37
E 4118 6 -15 -45
T 4119 14 0 6 0
E 4119 0 18 56
E 4119 1 16 48
E 4119 2 13 40
E 4119 3 10 32
E 4119 4 8 24
E 4119 5 5 16
T 4120 64 0 6 0
E 4120 1 -6 -18
E 4120 2 -8 -26
E 4120 3 -11 -34
E 4120 4 -14 -42
E 4120 5 -16 -50
E 4120 6 -19 -58
T 4121 37 0 7 1
E 4121 0 7 65
E 4121 1 6 57
E 4121 2 5 49
E 4121 3 4 41
E 4121 4 3 33
E 4121 5 2 25
E 4121 6 1 17
T 4122 5 0 4 0
E 4122 0 12 38
E 4122 1 10 30
E 4122 2 7 22
E 4122 3 4 14
T 4123 44 0 4 0
E 4123 3 -5 -15
E 4123 4 -7 -23
E 4123 5 -10 -31
E 4123 6 -13 -39
T 4124 4 0 4 0
E 4124 0 13 40
E 4124 1 10 32
E 4124 2 8 24
E 4124 3 5 16
T 4125 45 0 4 0
E 4125 3 -6 -20
E 4125 4 -9 -28
E 4125 5 -12 -36
E 4125 6 -14 -44
T 4126 3 0 4 0
E 4126 0 14 44
E 4126 1 12 36
E 4126 2 9 28
E 4126 3 6 20
T 4127 43 0 4 0
E 4127 3 -4 -14
E 4127 4 -7 -22
E 4127 5 -10 -30
E 4127 6 -12 -38
T 4128 4 0 4 0
E 4128 0 13 40
E 4128 1 10 32
E 4128 2 8 24
E 4128 3 5 16
T 4129 39 0 3 0
E 4129 4 -6 -20
E 4129 5 -9 -28
E 4129 6 -12 -36
T 4130 9 0 3 0
E 4130 0 12 36
E 4130 1 9 28
E 4130 2 6 20
T 4131 43 0 4 0
E 4131 3 -4 -13
E 4131 4 -7 -21
E 4131 5 -9 -29
E 4131 6 -12 -37
T 4132 4 0 5 0
E 4132 0 16 49
E 4132 1 13 41
E 4132 2 11 33
E 4132 3 8 25
E 4132 4 5 17
T 4133 52 0 5 0
E 4133 2 -5 -17
E 4133 3 -8 -25
E 4133 4 -11 -33
E 4133 5 -13 -41
E 4133 6 -16 -49
T 4134 6 0 5 0
E 4134 0 17 51
E 4134 1 14 43
E 4134 2 11 35
E 4134 3 9 27
E 4134 4 6 19
T 4135 63 0 6 0
E 4135 1 -5 -17
E 4135 2 -8 -25
E 4135 3 -11 -33
E 4135 4 -13 -41
E 4135 5 -16 -49
E 4135 6 -19 -57
T 4136 36 0 7 1
E 4136 0 7 64
E 4136 1 6 56
E 4136 2 5 48
E 4136 3 4 40
E 4136 4 3 32
E 4136 5 2 24
E 4136 6 1 16
T 4137 13 0 4 0
E 4137 0 11 34
E 4137 1 8 26
E 4137 2 6 18
E 4137 6 -4 -14
T 4138 39 0 3 0
E 4138 4 -6 -20
E 4138 5 -9 -28
E 4138 6 -12 -36
T 4139 2 0 5 0
E 4139 0 15 45
E 4139 1 12 37
E 4139 2 9 29
E 4139 3 7 21
E 4139 4 4 13
T 4140 45 0 4 0
E 4140 3 -6 -20
E 4140 4 -9 -28
E 4140 5 -12 -36
E 4140 6 -14 -44
T 4141 3 0 4 0
E 4141 0 14 42
E 4141 1 11 34
E 4141 2 8 26
E 4141 3 6 18
T 4142 45 0 4 0
E 4142 3 -6 -20
E 4142 4 -9 -28
E 4142 5 -12 -36
E 4142 6 -14 -44
T 4143 3 0 4 0
E 4143 0 14 43
E 4143 1 11 35
E 4143 2 9 27
E 4143 3 6 19
T 4144 52 0 5 0
E 4144 2 -5 -17
E 4144 3 -8 -25
E 4144 4 -11 -33
E 4144 5 -13 -41
E 4144 6 -16 -49
T 4145 5 0 5 0
E 4145 0 16 50
E 4145 1 14 42
E 4145 2 11 34
E 4145 3 8 26
E 4145 4 6 18
T 4146 63 0 6 0
E 4146 1 -5 -17
E 4146 2 -8 -25
E 4146 3 -11 -33
E 4146 4 -13 -41
E 4146 5 -16 -49
E 4146 6 -19 -57
T 4147 35 0 7 1
E 4147 0 6 62
E 4147 1 6 54
E 4147 2 5 46
E 4147 3 4 38
E 4147 4 3 30
E 4147 5 2 22
E 4147 6 1 14
T 4148 15 0 4 0
E 4148 0 10 30
E 4148 1 7 22
E 4148 2 4 14
E 4148 6 -6 -18
T 4149 39 0 3 0
E 4149 4 -6 -20
E 4149 5 -9 -28
E 4149 6 -12 -36
T 4150 2 0 5 0
E 4150 0 15 46
E 4150 1 12 38
E 4150 2 10 30
E 4150 3 7 22
E 4150 4 4 14
T 4151 52 0 5 0
E 4151 2 -5 -17
E 4151 3 -8 -25
E 4151 4 -11 -33
E 4151 5 -13 -41
E 4151 6 -16 -49
T 4152 4 0 5 0
E 4152 0 16 48
E 4152 1 13 40
E 4152 2 10 32
E 4152 3 8 24
E 4152 4 5 16
T 4153 63 0 6 0
E 4153 1 -5 -17
E 4153 2 -8 -25
E 4153 3 -11 -33
E 4153 4 -13 -41
E 4153 5 -16 -49
E 4153 6 -19 -57
T 4154 36 0 7 1
E 4154 0 7 64
E 4154 1 6 56
E 4154 2 5 48
E 4154 3 4 40
E 4154 4 3 32
E 4154 5 2 24
E 4154 6 1 16
T 4155 4 0 4 0
E 4155 0 13 39
E 4155 1 10 31
E 4155 2 7 23
E 4155 3 5 15
T 4156 51 0 5 0
E 4156 2 -5 -15
E 4156 3 -7 -23
E 4156 4 -10 -31
E 4156 5 -13 -39
E 4156 6 -15 -47
T 4157 14 0 6 0
E 4157 0 18 56
E 4157 1 16 48
E 4157 2 13 40
E 4157 3 10 32
E 4157 4 8 24
E 4157 5 5 16
T 4158 63 0 6 0
E 4158 1 -5 -17
E 4158 2 -8 -25
E 4158 3 -11 -33
E 4158 4 -13 -41
E 4158 5 -16 -49
E 4158 6 -19 -57
T 4159 37 0 7 1
E 4159 0 7 66
E 4159 1 6 58
E 4159 2 5 50
E 4159 3 4 42
E 4159 4 3 34
E 4159 5 2 26
E 4159 6 2 18
T 4160 13 0 4 0
E 4160 0 11 34
E 4160 1 8 26
E 4160 2 6 18
E 4160 6 -4 -14
T 4161 34 0 4 0
E 4161 0 5 15
E 4161 4 -5 -17
E 4161 5 -8 -25
E 4161 6 -11 -33
T 4162 5 0 4 0
E 4162 0 12 37
E 4162 1 9 29
E 4162 2 7 21
E 4162 3 4 13
T 4163 45 0 4 0
E 4163 3 -6 -20
E 4163 4 -9 -28
E 4163 5 -12 -36
E 4163 6 -14 -44
T 4164 11 0 6 0
E 4164 0 17 53
E 4164 1 15 45
E 4164 2 12 37
E 4164 3 9 29
E 4164 4 7 21
E 4164 5 4 13
T 4165 54 0 5 0
E 4165 2 -6 -19
E 4165 3 -9 -27
E 4165 4 -11 -35
E 4165 5 -14 -43
E 4165 6 -17 -51
T 4166 6 0 5 0
E 4166 0 17 52
E 4166 1 14 44
E 4166 2 12 36
E 4166 3 9 28
E 4166 4 6 20
T 4167 53 0 5 0
E 4167 2 -6 -18
E 4167 3 -8 -26
E 4167 4 -11 -34
E 4167 5 -14 -42
E 4167 6 -16 -50
T 4168 6 0 5 0
E 4168 0 17 51
E 4168 1 14 43
E 4168 2 11 35
E 4168 3 9 27
E 4168 4 6 19
T 4169 60 0 6 0
E 4169 1 -4 -14
E 4169 2 -7 -22
E 4169 3 -10 -30
E 4169 4 -12 -38
E 4169 5 -15 -46
E 4169 6 -18 -54
T 4170 37 0 7 1
E 4170 0 7 66
E 4170 1 6 58
E 4170 2 5 50
E 4170 3 4 42
E 4170 4 3 34
E 4170 5 2 26
E 4170 6 2 18
T 4171 4 0 4 0
E 4171 0 13 39
E 4171 1 10 31
E 4171 2 7 23
E 4171 3 5 15
T 4172 51 0 5 0
E 4172 2 -5 -15
E 4172 3 -7 -23
E 4172 4 -10 -31
E 4172 5 -13 -39
E 4172 6 -15 -47
T 4173 6 0 5 0
E 4173 0 17 51
E 4173 1 14 43
E 4173 2 11 35
E 4173 3 9 27
E 4173 4 6 19
T 4174 64 0 6 0
E 4174 1 -6 -18
E 4174 2 -8 -26
E 4174 3 -11 -34
E 4174 4 -14 -42
E 4174 5 -16 -50
E 4174 6 -19 -58
T 4175 35 0 7 1
E 4175 0 6 62
E 4175 1 6 54
E 4175 2 5 46
E 4175 3 4 38
E 4175 4 3 30
E 4175 5 2 22
E 4175 6 1 14
T 4176 4 0 4 0
E 4176 0 13 39
E 4176 1 10 31
E 4176 2 7 23
E 4176 3 5 15
T 4177 42 0 4 0
E 4177 3 -6 -20
E 4177 4 -9 -28
E 4177 5 -12 -36
E 4177 6 -14 -44
T 4178 0 0 4 0
E 4178 0 12 36
E 4178 1 11 33
E 4178 2 8 25
E 4178 3 5 17
T 4179 42 0 5 0
E 4179 2 -4 -14
E 4179 3 -7 -22
E 4179 4 -10 -30
E 4179 5 -12 -38
E 4179 6 -15 -46
T 4180 11 0 5 0
E 4180 0 12 37
E 4180 1 13 40
E 4180 2 10 32
E 4180 3 8 24
E 4180 4 5 16
T 4181 43 0 6 0
E 4181 0 -4 -13
E 4181 2 -5 -16
E 4181 3 -8 -24
E 4181 4 -10 -32
E 4181 5 -13 -40
E 4181 6 -16 -48
T 4182 26 0 6 0
E 4182 0 14 42
E 4182 1 15 47
E 4182 2 14 42
E 4182 3 11 34
E 4182 4 8 26
E 4182 5 6 18
T 4183 3 0 7 1
E 4183 0 -3 -30
E 4183 1 -2 -25
E 4183 2 -3 -28
E 4183 3 -4 -36
E 4183 4 -4 -44
E 4183 5 -5 -52
E 4183 6 -6 -60
T 4184 18 0 3 0
E 4184 4 -6 -20
E 4184 5 -9 -28
E 4184 6 -12 -36
T 4185 7 0 4 0
E 4185 0 4 14
E 4185 1 6 19
E 4185 2 7 22
E 4185 3 4 14
T 4186 13 0 3 0
E 4186 4 -4 -14
E 4186 5 -7 -22
E 4186 6 -10 -30
T 4187 10 0 4 0
E 4187 0 5 15
E 4187 1 6 20
E 4187 2 8 25
E 4187 3 6 20
T 4188 5 0 2 0
E 4188 5 -5 -17
E 4188 6 -8 -25
T 4189 5 0 2 0
E 4189 2 5 15
E 4189 3 5 15
T 4190 2 0 1 0
E 4190 6 -6 -19
T 4191 3 0 1 0
E 4191 6 -6 -18
T 4192 3 0 1 0
E 4192 3 5 17
T 4193 5 0 1 0
E 4193 6 -4 -13
T 4194 8 0 1 0
E 4194 6 -4 -13
T 4195 7 0 0 0
T 4196 9 0 1 0
E 4196 4 5 16
T 4197 11 0 1 0
E 4197 0 -5 -16
T 4198 11 0 1 0
E 4198 0 -5 -16
T 4199 12 0 1 0
E 4199 0 -5 -17
T 4200 12 0 1 0
E 4200 0 -5 -17
T 4201 9 0 1 0
E 4201 0 -4 -13
T 4202 13 0 1 0
E 4202 5 5 17
T 4203 12 0 1 0
E 4203 0 -5 -17
T 4204 11 0 1 0
E 4204 0 -5 -16
T 4205 14 0 2 0
E 4205 0 -4 -13
E 4205 6 5 15
T 4206 21 0 2 0
E 4206 5 5 15
E 4206 6 6 20
T 4207 15 0 2 0
E 4207 0 -5 -16
E 4207 6 4 14
T 4208 10 0 2 0
E 4208 0 -7 -22
E 4208 1 -5 -17
T 4209 24 0 3 0
E 4209 4 4 14
E 4209 5 6 19
E 4209 6 8 24
T 4210 9 0 2 0
E 4210 0 -7 -21
E 4210 1 -5 -16
T 4211 21 0 2 0
E 4211 5 5 15
E 4211 6 6 20
T 4212 6 0 3 0
E 4212 0 -8 -24
E 4212 1 -6 -19
E 4212 2 -4 -14
T 4213 21 0 2 0
E 4213 5 4 14
E 4213 6 6 19
T 4214 9 0 2 0
E 4214 0 -6 -20
E 4214 1 -5 -15
T 4215 15 0 2 0
E 4215 0 -5 -16
E 4215 6 4 14
T 4216 10 0 2 0
E 4216 0 -7 -22
E 4216 1 -5 -17
T 4217 15 1 2 0
E 4217 0 -5 -15
E 4217 6 5 15
T 4218 22 0 2 0
E 4218 5 4 13
E 4218 6 6 18
T 4219 6 0 3 0
E 4219 0 -8 -24
E 4219 1 -6 -19
E 4219 2 -4 -14
T 4220 24 0 3 0
E 4220 4 5 17
E 4220 5 7 22
E 4220 6 9 27
T 4221 6 0 3 0
E 4221 0 -7 -23
E 4221 1 -6 -18
E 4221 2 -4 -13
T 4222 24 0 3 0
E 4222 4 4 13
E 4222 5 6 18
E 4222 6 7 23
T 4223 6 0 3 0
E 4223 0 -7 -23
E 4223 1 -6 -18
E 4223 2 -4 -13
T 4224 20 0 2 0
E 4224 5 5 17
E 4224 6 7 22
T 4225 6 0 3 0
E 4225 0 -9 -27
E 4225 1 -7 -22
E 4225 2 -5 -17
T 4226 25 0 3 0
E 4226 4 5 16
E 4226 5 7 21
E 4226 6 8 26
T 4227 6 0 3 0
E 4227 0 -9 -27
E 4227 1 -7 -21
E 4227 2 -5 -16
T 4228 31 0 4 0
E 4228 3 5 15
E 4228 4 6 20
E 4228 5 8 25
E 4228 6 10 30
T 4229 3 0 4 0
E 4229 0 -11 -35
E 4229 1 -9 -27
E 4229 2 -7 -22
E 4229 3 -5 -17
T 4230 27 0 3 0
E 4230 4 5 16
E 4230 5 7 21
E 4230 6 8 26
T 4231 12 0 2 0
E 4231 0 -8 -25
E 4231 1 -5 -17
T 4232 17 0 2 0
E 4232 0 -6 -18
E 4232 6 5 16
T 4233 12 0 2 0
E 4233 0 -8 -25
E 4233 1 -5 -17
T 4234 34 0 4 0
E 4234 3 4 13
E 4234 4 6 18
E 4234 5 7 23
E 4234 6 9 28
T 4235 5 0 4 0
E 4235 0 -11 -35
E 4235 1 -9 -27
E 4235 2 -6 -19
E 4235 3 -4 -14
T 4236 37 0 4 0
E 4236 3 6 18
E 4236 4 7 23
E 4236 5 9 28
E 4236 6 11 33
T 4237 5 0 4 0
E 4237 0 -12 -36
E 4237 1 -9 -28
E 4237 2 -6 -20
E 4237 3 -4 -14
T 4238 28 0 4 0
E 4238 0 -4 -13
E 4238 4 5 15
E 4238 5 6 20
E 4238 6 8 25
T 4239 9 0 3 0
E 4239 0 -10 -30
E 4239 1 -7 -22
E 4239 2 -4 -14
T 4240 39 0 4 0
E 4240 3 6 19
E 4240 4 8 24
E 4240 5 9 29
E 4240 6 11 34
T 4241 4 0 4 0
E 4241 0 -13 -40
E 4241 1 -10 -32
E 4241 2 -8 -24
E 4241 3 -5 -16
T 4242 45 0 5 0
E 4242 2 4 14
E 4242 3 7 22
E 4242 4 9 28
E 4242 5 11 33
E 4242 6 12 38
T 4243 4 0 4 0
E 4243 0 -13 -41
E 4243 1 -11 -33
E 4243 2 -8 -25
E 4243 3 -5 -17
T 4244 40 0 4 0
E 4244 3 4 14
E 4244 4 7 22
E 4244 5 9 27
E 4244 6 10 32
T 4245 9 0 3 0
E 4245 0 -11 -35
E 4245 1 -9 -27
E 4245 2 -6 -19
T 4246 32 0 4 0
E 4246 0 -5 -17
E 4246 4 5 15
E 4246 5 7 21
E 4246 6 8 26
T 4247 4 0 4 0
E 4247 0 -13 -39
E 4247 1 -10 -31
E 4247 2 -7 -23
E 4247 3 -5 -15
T 4248 50 0 5 0
E 4248 2 5 16
E 4248 3 8 24
E 4248 4 10 32
E 4248 5 13 39
E 4248 6 14 44
T 4249 11 0 6 0
E 4249 0 -17 -53
E 4249 1 -15 -45
E 4249 2 -12 -37
E 4249 3 -9 -29
E 4249 4 -7 -21
E 4249 5 -4 -13
T 4250 53 0 5 0
E 4250 2 6 20
E 4250 3 9 28
E 4250 4 12 36
E 4250 5 14 44
E 4250 6 16 49
T 4251 16 0 6 0
E 4251 0 -19 -58
E 4251 1 -16 -50
E 4251 2 -14 -42
E 4251 3 -11 -34
E 4251 4 -8 -26
E 4251 5 -6 -18
T 4252 63 0 6 0
E 4252 1 6 18
E 4252 2 8 26
E 4252 3 11 34
E 4252 4 14 42
E 4252 5 16 50
E 4252 6 18 56
T 4253 36 0 7 1
E 4253 0 -7 -64
E 4253 1 -6 -56
E 4253 2 -5 -48
E 4253 3 -4 -40
E 4253 4 -3 -32
E 4253 5 -2 -24
E 4253 6 -1 -17
T 4254 3 0 4 0
E 4254 0 -14 -44
E 4254 1 -12 -36
E 4254 2 -9 -28
E 4254 3 -6 -20
T 4255 50 0 5 0
E 4255 2 4 14
E 4255 3 7 22
E 4255 4 10 30
E 4255 5 12 38
E 4255 6 15 46
T 4256 12 0 6 0
E 4256 0 -18 -54
E 4256 1 -15 -46
E 4256 2 -12 -38
E 4256 3 -10 -30
E 4256 4 -7 -22
E 4256 5 -4 -14
T 4257 13 0 7 1
E 4257 0 1 14
E 4257 1 2 22
E 4257 2 3 30
E 4257 3 4 38
E 4257 4 5 46
E 4257 5 6 54
E 4257 6 6 62
T 4258 33 0 4 0
E 4258 0 -6 -19
E 4258 4 4 13
E 4258 5 7 21
E 4258 6 9 29
T 4259 14 0 4 0
E 4259 0 -11 -33
E 4259 1 -8 -25
E 4259 2 -5 -17
E 4259 6 5 15
T 4260 35 0 4 0
E 4260 0 -4 -13
E 4260 4 6 19
E 4260 5 9 27
E 4260 6 11 35
T 4261 4 0 4 0
E 4261 0 -13 -39
E 4261 1 -10 -31
E 4261 2 -7 -23
E 4261 3 -5 -15
T 4262 51 0 5 0
E 4262 2 5 15
E 4262 3 7 23
E 4262 4 10 31
E 4262 5 13 39
E 4262 6 15 47
T 4263 17 0 6 0
E 4263 0 -19 -59
E 4263 1 -17 -51
E 4263 2 -14 -43
E 4263 3 -11 -35
E 4263 4 -9 -27
E 4263 5 -6 -19
T 4264 13 0 7 1
E 4264 0 1 13
E 4264 1 2 21
E 4264 2 3 29
E 4264 3 4 37
E 4264 4 5 45
E 4264 5 5 53
E 4264 6 6 61
T 4265 34 0 4 0
E 4265 0 -5 -17
E 4265 4 5 15
E 4265 5 7 23
E 4265 6 10 31
T 4266 5 0 4 0
E 4266 0 -12 -37
E 4266 1 -9 -29
E 4266 2 -7 -21
E 4266 3 -4 -13
T 4267 50 0 5 0
E 4267 2 4 13
E 4267 3 7 21
E 4267 4 9 29
E 4267 5 12 37
E 4267 6 15 45
T 4268 6 0 5 0
E 4268 0 -17 -52
E 4268 1 -14 -44
E 4268 2 -12 -36
E 4268 3 -9 -28
E 4268 4 -6 -20
T 4269 63 0 6 0
E 4269 1 5 17
E 4269 2 8 25
E 4269 3 11 33
E 4269 4 13 41
E 4269 5 16 49
E 4269 6 19 57
T 4270 18 0 6 0
E 4270 0 -20 -60
E 4270 1 -17 -52
E 4270 2 -14 -44
E 4270 3 -12 -36
E 4270 4 -9 -28
E 4270 5 -6 -20
T 4271 11 0 7 1
E 4271 0 2 20
E 4271 1 3 28
E 4271 2 4 36
E 4271 3 4 44
E 4271 4 5 52
E 4271 5 6 60
E 4271 6 7 68
T 4272 34 0 4 0
E 4272 0 -5 -16
E 4272 4 5 16
E 4272 5 8 24
E 4272 6 10 32
T 4273 4 0 4 0
E 4273 0 -13 -41
E 4273 1 -11 -33
E 4273 2 -8 -25
E 4273 3 -5 -17
T 4274 45 0 4 0
E 4274 3 6 19
E 4274 4 9 27
E 4274 5 11 35
E 4274 6 14 43
T 4275 4 0 5 0
E 4275 0 -16 -49
E 4275 1 -13 -41
E 4275 2 -11 -33
E 4275 3 -8 -25
E 4275 4 -5 -17
T 4276 53 0 5 0
E 4276 2 6 18
E 4276 3 8 26
E 4276 4 11 34
E 4276 5 14 42
E 4276 6 16 50
T 4277 17 0 6 0
E 4277 0 -19 -59
E 4277 1 -17 -51
E 4277 2 -14 -43
E 4277 3 -11 -35
E 4277 4 -9 -27
E 4277 5 -6 -19
T 4278 63 0 6 0
E 4278 1 5 17
E 4278 2 8 25
E 4278 3 11 33
E 4278 4 13 41
E 4278 5 16 49
E 4278 6 19 57
T 4279 35 0 7 1
E 4279 0 -6 -61
E 4279 1 -5 -53
E 4279 2 -5 -45
E 4279 3 -4 -37
E 4279 4 -3 -29
E 4279 5 -2 -21
E 4279 6 -1 -13
T 4280 14 0 4 0
E 4280 0 -11 -33
E 4280 1 -8 -25
E 4280 2 -5 -17
E 4280 6 5 15
T 4281 34 0 4 0
E 4281 0 -5 -16
E 4281 4 5 16
E 4281 5 8 24
E 4281 6 10 32
T 4282 5 0 4 0
E 4282 0 -12 -38
E 4282 1 -10 -30
E 4282 2 -7 -22
E 4282 3 -4 -14
T 4283 39 0 3 0
E 4283 4 6 20
E 4283 5 9 28
E 4283 6 12 36
T 4284 4 0 4 0
E 4284 0 -13 -39
E 4284 1 -10 -31
E 4284 2 -7 -23
E 4284 3 -5 -15
T 4285 43 0 4 0
E 4285 3 4 14
E 4285 4 7 22
E 4285 5 10 30
E 4285 6 12 38
T 4286 5 0 5 0
E 4286 0 -16 -50
E 4286 1 -14 -42
E 4286 2 -11 -34
E 4286 3 -8 -26
E 4286 4 -6 -18
T 4287 50 0 5 0
E 4287 2 4 14
E 4287 3 7 22
E 4287 4 10 30
E 4287 5 12 38
E 4287 6 15 46
T 4288 11 0 6 0
E 4288 0 -17 -53
E 4288 1 -15 -45
E 4288 2 -12 -37
E 4288 3 -9 -29
E 4288 4 -7 -21
E 4288 5 -4 -13
T 4289 54 0 5 0
E 4289 2 6 19
E 4289 3 9 27
E 4289 4 11 35
E 4289 5 14 43
E 4289 6 17 51
T 4290 14 0 6 0
E 4290 0 -18 -56
E 4290 1 -16 -48
E 4290 2 -13 -40
E 4290 3 -10 -32
E 4290 4 -8 -24
E 4290 5 -5 -16
T 4291 11 0 7 1
E 4291 0 1 17
E 4291 1 2 25
E 4291 2 3 33
E 4291 3 4 41
E 4291 4 5 49
E 4291 5 6 57
E 4291 6 7 65
T 4292 34 0 4 0
E 4292 0 -5 -16
E 4292 4 5 16
E 4292 5 8 24
E 4292 6 10 32
T 4293 5 0 4 0
E 4293 0 -12 -38
E 4293 1 -10 -30
E 4293 2 -7 -22
E 4293 3 -4 -14
T 4294 50 0 5 0
E 4294 2 4 13
E 4294 3 7 21
E 4294 4 9 29
E 4294 5 12 37
E 4294 6 15 45
T 4295 12 0 6 0
E 4295 0 -18 -54
E 4295 1 -15 -46
E 4295 2 -12 -38
E 4295 3 -10 -30
E 4295 4 -7 -22
E 4295 5 -4 -14
T 4296 13 0 7 1
E 4296 0 1 13
E 4296 1 2 21
E 4296 2 3 29
E 4296 3 4 37
E 4296 4 5 45
E 4296 5 5 53
E 4296 6 6 61
T 4297 44 0 4 0
E 4297 3 5 16
E 4297 4 8 24
E 4297 5 10 32
E 4297 6 13 40
T 4298 3 0 4 0
E 4298 0 -14 -43
E 4298 1 -11 -35
E 4298 2 -9 -27
E 4298 3 -6 -19
T 4299 44 0 4 0
E 4299 3 5 17
E 4299 4 8 25
E 4299 5 11 33
E 4299 6 13 41
T 4300 3 0 4 0
E 4300 0 -14 -43
E 4300 1 -11 -35
E 4300 2 -9 -27
E 4300 3 -6 -19
T 4301 45 0 4 0
E 4301 3 6 20
E 4301 4 9 28
E 4301 5 12 36
E 4301 6 14 44
T 4302 3 0 4 0
E 4302 0 -14 -44
E 4302 1 -12 -36
E 4302 2 -9 -28
E 4302 3 -6 -20
T 4303 50 0 5 0
E 4303 2 4 14
E 4303 3 7 22
E 4303 4 10 30
E 4303 5 12 38
E 4303 6 15 46
T 4304 6 0 5 0
E 4304 0 -17 -51
E 4304 1 -14 -43
E 4304 2 -11 -35
E 4304 3 -9 -27
E 4304 4 -6 -19
T 4305 63 0 6 0
E 4305 1 5 17
E 4305 2 8 25
E 4305 3 11 33
E 4305 4 13 41
E 4305 5 16 49
E 4305 6 19 57
T 4306 35 0 7 1
E 4306 0 -6 -61
E 4306 1 -5 -53
E 4306 2 -5 -45
E 4306 3 -4 -37
E 4306 4 -3 -29
E 4306 5 -2 -21
E 4306 6 -1 -13
T 4307 5 0 4 0
E 4307 0 -12 -37
E 4307 1 -9 -29
E 4307 2 -7 -21
E 4307 3 -4 -13
T 4308 45 0 4 0
E 4308 3 6 18
E 4308 4 8 26
E 4308 5 11 34
E 4308 6 14 42
T 4309 3 0 4 0
E 4309 0 -14 -44
E 4309 1 -12 -36
E 4309 2 -9 -28
E 4309 3 -6 -20
T 4310 44 0 4 0
E 4310 3 5 17
E 4310 4 8 25
E 4310 5 11 33
E 4310 6 13 41
T 4311 6 0 5 0
E 4311 0 -17 -52
E 4311 1 -14 -44
E 4311 2 -12 -36
E 4311 3 -9 -28
E 4311 4 -6 -20
T 4312 61 0 6 0
E 4312 1 5 15
E 4312 2 7 23
E 4312 3 10 31
E 4312 4 13 39
E 4312 5 15 47
E 4312 6 18 55
T 4313 37 0 7 1
E 4313 0 -7 -67
E 4313 1 -6 -59
E 4313 2 -5 -51
E 4313 3 -4 -43
E 4313 4 -3 -35
E 4313 5 -3 -27
E 4313 6 -2 -19
T 4314 9 0 3 0
E 4314 0 -12 -36
E 4314 1 -9 -28
E 4314 2 -6 -20
T 4315 34 0 4 0
E 4315 0 -5 -16
E 4315 4 5 16
E 4315 5 8 24
E 4315 6 10 32
T 4316 4 0 4 0
E 4316 0 -13 -41
E 4316 1 -11 -33
E 4316 2 -8 -25
E 4316 3 -5 -17
T 4317 44 0 4 0
E 4317 3 5 16
E 4317 4 8 24
E 4317 5 10 32
E 4317 6 13 40
T 4318 6 0 5 0
E 4318 0 -17 -52
E 4318 1 -14 -44
E 4318 2 -12 -36
E 4318 3 -9 -28
E 4318 4 -6 -20
T 4319 62 0 6 0
E 4319 1 5 16
E 4319 2 8 24
E 4319 3 10 32
E 4319 4 13 40
E 4319 5 16 48
E 4319 6 18 56
T 4320 46 0 5 0
E 4320 1 -17 -51
E 4320 2 -14 -43
E 4320 3 -11 -35
E 4320 4 -9 -27
E 4320 5 -6 -19
T 4321 5 0 5 0
E 4321 0 13 41
E 4321 3 4 14
E 4321 4 7 22
E 4321 5 10 30
E 4321 6 12 38
T 4322 57 0 6 0
E 4322 1 -17 -53
E 4322 2 -15 -45
E 4322 3 -12 -37
E 4322 4 -9 -29
E 4322 5 -7 -21
E 4322 6 -4 -13
T 4323 17 0 6 0
E 4323 0 20 61
E 4323 2 6 20
E 4323 3 9 28
E 4323 4 12 36
E 4323 5 14 44
E 4323 6 17 52
T 4324 15 0 7 1
E 4324 0 -2 -20
E 4324 1 -8 -73
E 4324 2 -7 -65
E 4324 3 -6 -57
E 4324 4 -5 -49
E 4324 5 -4 -41
E 4324 6 -3 -33
T 4325 35 0 4 0
E 4325 0 4 13
E 4325 2 -11 -35
E 4325 3 -9 -27
E 4325 4 -6 -19
T 4326 6 0 4 0
E 4326 0 13 40
E 4326 1 10 32
E 4326 5 4 13
E 4326 6 7 21
T 4327 57 0 5 0
E 4327 2 -15 -47
E 4327 3 -13 -39
E 4327 4 -10 -31
E 4327 5 -7 -23
E 4327 6 -5 -15
T 4328 2 0 5 0
E 4328 0 19 59
E 4328 1 17 51
E 4328 4 6 18
E 4328 5 8 26
E 4328 6 11 34
T 4329 81 0 6 0
E 4329 1 -4 -13
E 4329 2 -22 -66
E 4329 3 -19 -58
E 4329 4 -16 -50
E 4329 5 -14 -42
E 4329 6 -11 -34
T 4330 44 0 7 1
E 4330 0 9 83
E 4330 1 8 75
E 4330 2 7 67
E 4330 3 3 27
E 4330 4 3 35
E 4330 5 4 43
E 4330 6 5 51
T 4331 15 0 4 0
E 4331 0 13 40
E 4331 1 10 32
E 4331 2 8 24
E 4331 3 -6 -19
T 4332 62 0 4 0
E 4332 3 -17 -51
E 4332 4 -14 -43
E 4332 5 -11 -35
E 4332 6 -9 -27
T 4333 4 0 5 0
E 4333 0 22 66
E 4333 1 19 58
E 4333 2 16 50
E 4333 5 5 17
E 4333 6 8 25
T 4334 89 0 6 0
E 4334 1 -5 -15
E 4334 2 -7 -23
E 4334 3 -25 -76
E 4334 4 -22 -68
E 4334 5 -20 -60
E 4334 6 -17 -52
T 4335 47 0 7 1
E 4335 0 10 90
E 4335 1 9 82
E 4335 2 8 74
E 4335 3 7 66
E 4335 4 2 26
E 4335 5 3 34
E 4335 6 4 42
T 4336 16 0 6 0
E 4336 0 14 43
E 4336 1 11 35
E 4336 2 9 27
E 4336 3 6 19
E 4336 4 -8 -24
E 4336 5 -5 -16
T 4337 57 0 4 0
E 4337 0 4 14
E 4337 4 -18 -56
E 4337 5 -16 -48
E 4337 6 -13 -40
T 4338 4 0 5 0
E 4338 0 18 56
E 4338 1 16 48
E 4338 2 13 40
E 4338 3 10 32
E 4338 4 -5 -17
T 4339 72 0 4 0
E 4339 3 -4 -14
E 4339 4 -22 -67
E 4339 5 -19 -59
E 4339 6 -17 -51
T 4340 17 0 5 0
E 4340 0 22 68
E 4340 1 20 60
E 4340 2 17 52
E 4340 3 14 44
E 4340 4 12 36
T 4341 19 0 7 1
E 4341 0 -1 -13
E 4341 1 -2 -21
E 4341 2 -3 -29
E 4341 3 -4 -37
E 4341 4 -5 -45
E 4341 5 -9 -88
E 4341 6 -8 -80
T 4342 54 0 4 0
E 4342 0 5 17
E 4342 4 -5 -15
E 4342 5 -20 -61
E 4342 6 -17 -53
T 4343 39 0 7 1
E 4343 0 5 49
E 4343 1 4 41
E 4343 2 3 33
E 4343 3 2 25
E 4343 4 1 17
E 4343 5 -3 -32
E 4343 6 -2 -24
T 4344 39 0 5 0
E 4344 0 11 35
E 4344 1 9 27
E 4344 2 6 19
E 4344 5 -16 -50
E 4344 6 -14 -42
T 4345 17 0 5 0
E 4345 0 13 40
E 4345 1 10 32
E 4345 2 8 24
E 4345 3 5 16
E 4345 6 -13 -40
T 4346 47 0 4 0
E 4346 0 4 13
E 4346 4 -6 -19
E 4346 5 -9 -27
E 4346 6 -23 -70
T 4347 8 0 6 0
E 4347 0 16 49
E 4347 1 13 41
E 4347 2 11 33
E 4347 3 8 25
E 4347 4 5 17
E 4347 6 -12 -37
T 4348 59 0 4 0
E 4348 3 -6 -20
E 4348 4 -9 -28
E 4348 5 -12 -36
E 4348 6 -28 -85
T 4349 39 0 7 1
E 4349 0 6 61
E 4349 1 5 53
E 4349 2 5 45
E 4349 3 4 37
E 4349 4 3 29
E 4349 5 2 21
E 4349 6 -3 -32
T 4350 2 0 5 0
E 4350 0 15 46
E 4350 1 12 38
E 4350 2 10 30
E 4350 3 7 22
E 4350 4 4 14
T 4351 52 0 5 0
E 4351 2 -5 -16
E 4351 3 -8 -24
E 4351 4 -10 -32
E 4351 5 -13 -40
E 4351 6 -16 -48
T 4352 5 0 5 0
E 4352 0 16 50
E 4352 1 14 42
E 4352 2 11 34
E 4352 3 8 26
E 4352 4 6 18
T 4353 63 0 6 0
E 4353 1 -5 -17
E 4353 2 -8 -25
E 4353 3 -11 -33
E 4353 4 -13 -41
E 4353 5 -16 -49
E 4353 6 -19 -57
T 4354 37 0 7 1
E 4354 0 7 68
E 4354 1 6 60
E 4354 2 5 52
E 4354 3 4 44
E 4354 4 4 36
E 4354 5 3 28
E 4354 6 2 20
T 4355 5 0 4 0
E 4355 0 12 37
E 4355 1 9 29
E 4355 2 7 21
E 4355 3 4 13
T 4356 50 0 5 0
E 4356 2 -4 -14
E 4356 3 -7 -22
E 4356 4 -10 -30
E 4356 5 -12 -38
E 4356 6 -15 -46
T 4357 15 0 6 0
E 4357 0 19 57
E 4357 1 16 49
E 4357 2 13 41
E 4357 3 11 33
E 4357 4 8 25
E 4357 5 5 17
T 4358 63 0 6 0
E 4358 1 -5 -17
E 4358 2 -8 -25
E 4358 3 -11 -33
E 4358 4 -13 -41
E 4358 5 -16 -49
E 4358 6 -19 -57
T 4359 17 0 6 0
E 4359 0 19 59
E 4359 1 17 51
E 4359 2 14 43
E 4359 3 11 35
E 4359 4 9 27
E 4359 5 6 19
T 4360 11 0 7 1
E 4360 0 -2 -19
E 4360 1 -3 -27
E 4360 2 -3 -35
E 4360 3 -4 -43
E 4360 4 -5 -51
E 4360 5 -6 -59
E 4360 6 -7 -67
T 4361 44 0 4 0
E 4361 3 -5 -16
E 4361 4 -8 -24
E 4361 5 -10 -32
E 4361 6 -13 -40
T 4362 6 0 5 0
E 4362 0 17 52
E 4362 1 14 44
E 4362 2 12 36
E 4362 3 9 28
E 4362 4 6 20
T 4363 63 0 6 0
E 4363 1 -5 -17
E 4363 2 -8 -25
E 4363 3 -11 -33
E 4363 4 -13 -41
E 4363 5 -16 -49
E 4363 6 -19 -57
T 4364 37 0 7 1
E 4364 0 7 70
E 4364 1 6 62
E 4364 2 6 54
E 4364 3 5 46
E 4364 4 4 38
E 4364 5 3 30
E 4364 6 2 22
T 4365 4 0 4 0
E 4365 0 13 41
E 4365 1 11 33
E 4365 2 8 25
E 4365 3 5 17
T 4366 45 0 4 0
E 4366 3 -6 -18
E 4366 4 -8 -26
E 4366 5 -11 -34
E 4366 6 -14 -42
T 4367 6 0 5 0
E 4367 0 17 51
E 4367 1 14 43
E 4367 2 11 35
E 4367 3 9 27
E 4367 4 6 19
T 4368 53 0 5 0
E 4368 2 -6 -18
E 4368 3 -8 -26
E 4368 4 -11 -34
E 4368 5 -14 -42
E 4368 6 -16 -50
T 4369 5 0 5 0
E 4369 0 16 50
E 4369 1 14 42
E 4369 2 11 34
E 4369 3 8 26
E 4369 4 6 18
T 4370 52 0 5 0
E 4370 2 -5 -16
E 4370 3 -8 -24
E 4370 4 -10 -32
E 4370 5 -13 -40
E 4370 6 -16 -48
T 4371 4 0 5 0
E 4371 0 16 49
E 4371 1 13 41
E 4371 2 11 33
E 4371 3 8 25
E 4371 4 5 17
T 4372 54 0 5 0
E 4372 2 -6 -20
E 4372 3 -9 -28
E 4372 4 -12 -36
E 4372 5 -14 -44
E 4372 6 -17 -52
T 4373 18 0 6 0
E 4373 0 20 60
E 4373 1 17 52
E 4373 2 14 44
E 4373 3 12 36
E 4373 4 9 28
E 4373 5 6 20
T 4374 13 0 7 1
E 4374 0 -1 -14
E 4374 1 -2 -22
E 4374 2 -3 -30
E 4374 3 -4 -38
E 4374 4 -5 -46
E 4374 5 -6 -54
E 4374 6 -6 -62
T 4375 43 0 4 0
E 4375 3 -4 -14
E 4375 4 -7 -22
E 4375 5 -10 -30
E 4375 6 -12 -38
T 4376 4 0 5 0
E 4376 0 16 49
E 4376 1 13 41
E 4376 2 11 33
E 4376 3 8 25
E 4376 4 5 17
T 4377 60 0 6 0
E 4377 1 -4 -14
E 4377 2 -7 -22
E 4377 3 -10 -30
E 4377 4 -12 -38
E 4377 5 -15 -46
E 4377 6 -18 -54
T 4378 13 0 6 0
E 4378 0 18 55
E 4378 1 15 47
E 4378 2 13 39
E 4378 3 10 31
E 4378 4 7 23
E 4378 5 5 15
T 4379 65 0 6 0
E 4379 1 -6 -19
E 4379 2 -9 -27
E 4379 3 -11 -35
E 4379 4 -14 -43
E 4379 5 -17 -51
E 4379 6 -19 -59
T 4380 35 0 7 1
E 4380 0 7 63
E 4380 1 6 55
E 4380 2 5 47
E 4380 3 4 39
E 4380 4 3 31
E 4380 5 2 23
E 4380 6 1 15
T 4381 9 0 3 0
E 4381 0 12 36
E 4381 1 9 28
E 4381 2 6 20
T 4382 34 0 4 0
E 4382 0 5 16
E 4382 4 -5 -16
E 4382 5 -8 -24
E 4382 6 -10 -32
T 4383 15 0 4 0
E 4383 0 10 30
E 4383 1 7 22
E 4383 2 4 14
E 4383 6 -6 -18
T 4384 29 0 3 0
E 4384 0 6 20
E 4384 5 -6 -20
E 4384 6 -9 -28
T 4385 24 0 4 0
E 4385 0 8 25
E 4385 1 5 17
E 4385 5 -5 -15
E 4385 6 -7 -23
T 4386 15 0 4 0
E 4386 0 10 30
E 4386 1 7 22
E 4386 2 4 14
E 4386 6 -6 -18
T 4387 24 0 4 0
E 4387 0 7 23
E 4387 1 5 15
E 4387 5 -5 -17
E 4387 6 -8 -25
T 4388 23 0 4 0
E 4388 0 9 27
E 4388 1 6 19
E 4388 5 -4 -13
E 4388 6 -7 -21
T 4389 14 0 4 0
E 4389 0 10 31
E 4389 1 7 23
E 4389 2 5 15
E 4389 6 -5 -17
T 4390 25 0 4 0
E 4390 0 7 22
E 4390 1 4 14
E 4390 5 -6 -18
E 4390 6 -8 -26
T 4391 19 0 3 0
E 4391 0 9 28
E 4391 1 6 20
E 4391 6 -6 -20
T 4392 23 0 4 0
E 4392 0 8 26
E 4392 1 6 18
E 4392 5 -4 -14
E 4392 6 -7 -22
T 4393 15 0 4 0
E 4393 0 9 29
E 4393 1 7 21
E 4393 2 4 13
E 4393 6 -6 -19
T 4394 24 0 4 0
E 4394 0 7 23
E 4394 1 5 15
E 4394 5 -5 -17
E 4394 6 -8 -25
T 4395 25 0 4 0
E 4395 0 7 21
E 4395 1 4 13
E 4395 5 -6 -19
E 4395 6 -9 -27
T 4396 25 0 4 0
E 4396 0 7 22
E 4396 1 4 14
E 4396 5 -6 -18
E 4396 6 -8 -26
T 4397 25 0 4 0
E 4397 0 7 21
E 4397 1 4 13
E 4397 5 -6 -19
E 4397 6 -9 -27
T 4398 15 0 4 0
E 4398 0 10 30
E 4398 1 7 22
E 4398 2 4 14
E 4398 6 -6 -18
T 4399 34 0 4 0
E 4399 0 5 17
E 4399 4 -5 -15
E 4399 5 -7 -23
E 4399 6 -10 -31
T 4400 5 0 4 0
E 4400 0 12 38
E 4400 1 10 30
E 4400 2 7 22
E 4400 3 4 14
T 4401 44 0 4 0
E 4401 3 -5 -16
E 4401 4 -8 -24
E 4401 5 -10 -32
E 4401 6 -13 -40
T 4402 4 0 4 0
E 4402 0 13 41
E 4402 1 11 33
E 4402 2 8 25
E 4402 3 5 17
T 4403 44 0 4 0
E 4403 3 -5 -16
E 4403 4 -8 -24
E 4403 5 -10 -32
E 4403 6 -13 -40
T 4404 3 0 4 0
E 4404 0 14 43
E 4404 1 11 35
E 4404 2 9 27
E 4404 3 6 19
T 4405 44 0 4 0
E 4405 3 -5 -15
E 4405 4 -7 -23
E 4405 5 -10 -31
E 4405 6 -13 -39
T 4406 4 0 4 0
E 4406 0 13 41
E 4406 1 11 33
E 4406 2 8 25
E 4406 3 5 17
T 4407 52 0 5 0
E 4407 2 -5 -16
E 4407 3 -8 -24
E 4407 4 -10 -32
E 4407 5 -13 -40
E 4407 6 -16 -48
T 4408 13 0 6 0
E 4408 0 18 55
E 4408 1 15 47
E 4408 2 13 39
E 4408 3 10 31
E 4408 4 7 23
E 4408 5 5 15
T 4409 64 0 6 0
E 4409 1 -6 -18
E 4409 2 -8 -26
E 4409 3 -11 -34
E 4409 4 -14 -42
E 4409 5 -16 -50
E 4409 6 -19 -58
T 4410 37 0 7 1
E 4410 0 7 65
E 4410 1 6 57
E 4410 2 5 49
E 4410 3 4 41
E 4410 4 3 33
E 4410 5 2 25
E 4410 6 1 17
T 4411 3 0 4 0
E 4411 0 14 42
E 4411 1 11 34
E 4411 2 8 26
E 4411 3 6 18
T 4412 44 0 4 0
E 4412 3 -5 -15
E 4412 4 -7 -23
E 4412 5 -10 -31
E 4412 6 -13 -39
T 4413 4 0 4 0
E 4413 0 13 40
E 4413 1 10 32
E 4413 2 8 24
E 4413 3 5 16
T 4414 43 0 4 0
E 4414 3 -4 -14
E 4414 4 -7 -22
E 4414 5 -10 -30
E 4414 6 -12 -38
T 4415 3 0 4 0
E 4415 0 14 43
E 4415 1 11 35
E 4415 2 9 27
E 4415 3 6 19
T 4416 44 0 4 0
E 4416 3 -5 -17
E 4416 4 -8 -25
E 4416 5 -11 -33
E 4416 6 -13 -41
T 4417 8 0 5 0
E 4417 0 16 48
E 4417 1 14 43
E 4417 2 11 35
E 4417 3 9 27
E 4417 4 6 19
T 4418 8 0 7 1
E 4418 0 -1 -14
E 4418 1 -1 -17
E 4418 2 -2 -25
E 4418 3 -3 -33
E 4418 4 -4 -41
E 4418 5 -5 -49
E 4418 6 -6 -57
T 4419 31 0 3 0
E 4419 4 -5 -17
E 4419 5 -8 -25
E 4419 6 -11 -33
T 4420 4 0 4 0
E 4420 0 10 31
E 4420 1 11 34
E 4420 2 8 26
E 4420 3 6 18
T 4421 37 0 5 0
E 4421 2 -4 -13
E 4421 3 -7 -21
E 4421 4 -9 -29
E 4421 5 -12 -37
E 4421 6 -15 -45
T 4422 12 0 5 0
E 4422 0 10 30
E 4422 1 11 35
E 4422 2 10 30
E 4422 3 7 22
E 4422 4 4 14
T 4423 0 0 7 1
E 4423 0 -2 -18
E 4423 1 -1 -13
E 4423 2 -1 -16
E 4423 3 -2 -24
E 4423 4 -3 -32
E 4423 5 -4 -40
E 4423 6 -5 -48
T 4424 16 0 2 0
E 4424 5 -5 -16
E 4424 6 -8 -24
T 4425 4 0 3 0
E 4425 1 5 16
E 4425 2 6 19
E 4425 6 -4 -13
T 4426 5 0 2 0
E 4426 2 4 13
E 4426 6 -6 -19
T 4427 5 0 2 0
E 4427 2 4 14
E 4427 6 -5 -15
T 4428 4 0 1 0
E 4428 6 -6 -19
T 4429 4 0 2 0
E 4429 2 5 16
E 4429 3 5 16
T 4430 2 0 1 0
E 4430 6 -6 -19
T 4431 3 0 1 0
E 4431 6 -6 -18
T 4432 3 0 1 0
E 4432 3 5 17
T 4433 6 0 0 0
T 4434 8 0 1 0
E 4434 6 -4 -13
T 4435 7 0 0 0
T 4436 11 0 0 0
T 4437 8 0 0 0
T 4438 10 0 1 0
E 4438 4 4 14
T 4439 14 0 2 0
E 4439 4 4 14
E 4439 5 4 14
T 4440 13 0 1 0
E 4440 5 4 14
T 4441 9 0 2 0
E 4441 0 -6 -19
E 4441 1 -4 -14
T 4442 13 0 1 0
E 4442 5 5 17
T 4443 8 0 2 0
E 4443 0 -6 -18
E 4443 1 -4 -13
T 4444 22 0 3 0
E 4444 4 5 17
E 4444 5 7 22
E 4444 6 7 22
T 4445 8 0 2 0
E 4445 0 -6 -18
E 4445 1 -4 -13
T 4446 24 0 3 0
E 4446 4 4 13
E 4446 5 6 18
E 4446 6 7 23
T 4447 6 0 3 0
E 4447 0 -7 -23
E 4447 1 -6 -18
E 4447 2 -4 -13
T 4448 14 0 2 0
E 4448 0 -4 -13
E 4448 6 5 17
T 4449 21 0 2 0
E 4449 5 5 16
E 4449 6 7 21
T 4450 2 0 4 0
E 4450 0 -9 -28
E 4450 1 -7 -23
E 4450 2 -6 -18
E 4450 3 -4 -13
T 4451 28 0 4 0
E 4451 3 4 14
E 4451 4 6 19
E 4451 5 8 24
E 4451 6 9 29
T 4452 2 0 4 0
E 4452 0 -9 -29
E 4452 1 -8 -24
E 4452 2 -6 -19
E 4452 3 -4 -14
T 4453 24 0 3 0
E 4453 4 4 14
E 4453 5 6 19
E 4453 6 8 24
T 4454 1 0 4 0
E 4454 0 -10 -30
E 4454 1 -8 -25
E 4454 2 -6 -20
E 4454 3 -5 -15
T 4455 28 0 4 0
E 4455 3 4 14
E 4455 4 6 19
E 4455 5 8 24
E 4455 6 9 29
T 4456 6 0 3 0
E 4456 0 -8 -26
E 4456 1 -7 -21
E 4456 2 -5 -16
T 4457 21 0 2 0
E 4457 5 5 16
E 4457 6 7 21
T 4458 10 0 2 0
E 4458 0 -7 -22
E 4458 1 -5 -17
T 4459 21 0 2 0
E 4459 5 4 14
E 4459 6 6 19
T 4460 16 0 2 0
E 4460 0 -5 -17
E 4460 6 4 13
T 4461 21 0 2 0
E 4461 5 4 14
E 4461 6 6 19
T 4462 8 0 2 0
E 4462 0 -6 -18
E 4462 1 -4 -13
T 4463 24 0 3 0
E 4463 4 4 13
E 4463 5 6 18
E 4463 6 7 23
T 4464 9 0 2 0
E 4464 0 -6 -20
E 4464 1 -5 -15
T 4465 24 0 3 0
E 4465 4 4 14
E 4465 5 6 19
E 4465 6 8 24
T 4466 10 0 2 0
E 4466 0 -7 -22
E 4466 1 -5 -16
T 4467 22 0 2 0
E 4467 5 4 14
E 4467 6 6 19
T 4468 11 0 2 0
E 4468 0 -7 -23
E 4468 1 -5 -16
T 4469 27 0 3 0
E 4469 4 5 15
E 4469 5 6 20
E 4469 6 8 25
T 4470 3 0 4 0
E 4470 0 -11 -34
E 4470 1 -8 -26
E 4470 2 -7 -21
E 4470 3 -5 -16
T 4471 38 0 5 0
E 4471 2 4 14
E 4471 3 6 19
E 4471 4 8 24
E 4471 5 9 29
E 4471 6 11 34
T 4472 4 0 4 0
E 4472 0 -11 -33
E 4472 1 -8 -25
E 4472 2 -6 -19
E 4472 3 -4 -14
T 4473 29 0 3 0
E 4473 4 5 16
E 4473 5 7 21
E 4473 6 8 26
T 4474 4 0 4 0
E 4474 0 -12 -37
E 4474 1 -9 -29
E 4474 2 -7 -21
E 4474 3 -5 -16
T 4475 30 0 3 0
E 4475 4 5 15
E 4475 5 6 20
E 4475 6 8 25
T 4476 5 0 4 0
E 4476 0 -11 -35
E 4476 1 -9 -27
E 4476 2 -6 -19
E 4476 3 -4 -13
T 4477 35 0 4 0
E 4477 3 4 14
E 4477 4 6 19
E 4477 5 8 24
E 4477 6 9 29
T 4478 1 0 5 0
E 4478 0 -14 -42
E 4478 1 -11 -34
E 4478 2 -8 -26
E 4478 3 -6 -19
E 4478 4 -4 -14
T 4479 38 0 4 0
E 4479 3 5 17
E 4479 4 7 22
E 4479 5 9 27
E 4479 6 10 32
T 4480 2 0 5 0
E 4480 0 -14 -44
E 4480 1 -12 -36
E 4480 2 -9 -28
E 4480 3 -6 -20
E 4480 4 -5 -15
T 4481 40 0 4 0
E 4481 3 6 18
E 4481 4 8 24
E 4481 5 9 29
E 4481 6 11 34
T 4482 4 0 4 0
E 4482 0 -13 -41
E 4482 1 -11 -33
E 4482 2 -8 -25
E 4482 3 -5 -17
T 4483 48 0 5 0
E 4483 2 5 16
E 4483 3 8 24
E 4483 4 10 31
E 4483 5 12 36
E 4483 6 13 41
T 4484 13 0 6 0
E 4484 0 -18 -54
E 4484 1 -15 -46
E 4484 2 -12 -38
E 4484 3 -10 -30
E 4484 4 -7 -22
E 4484 5 -5 -17
T 4485 10 0 7 1
E 4485 0 1 16
E 4485 1 2 24
E 4485 2 3 32
E 4485 3 4 40
E 4485 4 5 48
E 4485 5 5 53
E 4485 6 6 58
T 4486 41 0 4 0
E 4486 3 4 13
E 4486 4 7 21
E 4486 5 9 27
E 4486 6 10 32
T 4487 3 0 4 0
E 4487 0 -14 -42
E 4487 1 -11 -34
E 4487 2 -8 -26
E 4487 3 -6 -18
T 4488 51 0 5 0
E 4488 2 5 17
E 4488 3 8 25
E 4488 4 11 33
E 4488 5 13 40
E 4488 6 15 45
T 4489 15 0 6 0
E 4489 0 -19 -57
E 4489 1 -16 -49
E 4489 2 -13 -41
E 4489 3 -11 -33
E 4489 4 -8 -25
E 4489 5 -5 -17
T 4490 65 0 6 0
E 4490 1 6 20
E 4490 2 9 28
E 4490 3 12 36
E 4490 4 14 44
E 4490 5 17 52
E 4490 6 19 57
T 4491 37 0 7 1
E 4491 0 -7 -67
E 4491 1 -6 -59
E 4491 2 -5 -51
E 4491 3 -4 -43
E 4491 4 -3 -35
E 4491 5 -3 -27
E 4491 6 -2 -21
T 4492 13 0 4 0
E 4492 0 -10 -32
E 4492 1 -8 -24
E 4492 2 -5 -16
E 4492 6 4 14
T 4493 29 0 3 0
E 4493 0 -6 -20
E 4493 5 6 20
E 4493 6 9 27
T 4494 24 0 4 0
E 4494 0 -8 -25
E 4494 1 -5 -17
E 4494 5 5 15
E 4494 6 7 23
T 4495 23 0 4 0
E 4495 0 -9 -27
E 4495 1 -6 -19
E 4495 5 4 13
E 4495 6 7 21
T 4496 24 0 4 0
E 4496 0 -7 -23
E 4496 1 -5 -15
E 4496 5 5 17
E 4496 6 8 25
T 4497 19 0 3 0
E 4497 0 -9 -28
E 4497 1 -6 -20
E 4497 6 6 20
T 4498 24 0 4 0
E 4498 0 -7 -23
E 4498 1 -5 -15
E 4498 5 5 17
E 4498 6 8 25
T 4499 15 0 4 0
E 4499 0 -10 -30
E 4499 1 -7 -22
E 4499 2 -4 -14
E 4499 6 6 18
T 4500 34 0 4 0
E 4500 0 -5 -16
E 4500 4 5 16
E 4500 5 8 24
E 4500 6 10 32
T 4501 5 0 4 0
E 4501 0 -12 -38
E 4501 1 -10 -30
E 4501 2 -7 -22
E 4501 3 -4 -14
T 4502 43 0 4 0
E 4502 3 4 13
E 4502 4 7 21
E 4502 5 9 29
E 4502 6 12 37
T 4503 6 0 5 0
E 4503 0 -17 -51
E 4503 1 -14 -43
E 4503 2 -11 -35
E 4503 3 -9 -27
E 4503 4 -6 -19
T 4504 52 0 5 0
E 4504 2 5 17
E 4504 3 8 25
E 4504 4 11 33
E 4504 5 13 41
E 4504 6 16 49
T 4505 14 0 6 0
E 4505 0 -18 -56
E 4505 1 -16 -48
E 4505 2 -13 -40
E 4505 3 -10 -32
E 4505 4 -8 -24
E 4505 5 -5 -16
T 4506 64 0 6 0
E 4506 1 6 18
E 4506 2 8 26
E 4506 3 11 34
E 4506 4 14 42
E 4506 5 16 50
E 4506 6 19 58
T 4507 35 0 7 1
E 4507 0 -6 -62
E 4507 1 -6 -54
E 4507 2 -5 -46
E 4507 3 -4 -38
E 4507 4 -3 -30
E 4507 5 -2 -22
E 4507 6 -1 -14
T 4508 9 0 3 0
E 4508 0 -12 -36
E 4508 1 -9 -28
E 4508 2 -6 -20
T 4509 39 0 3 0
E 4509 4 6 20
E 4509 5 9 28
E 4509 6 12 36
T 4510 4 0 4 0
E 4510 0 -13 -39
E 4510 1 -10 -31
E 4510 2 -7 -23
E 4510 3 -5 -15
T 4511 39 0 3 0
E 4511 4 6 20
E 4511 5 9 28
E 4511 6 12 36
T 4512 3 0 4 0
E 4512 0 -14 -43
E 4512 1 -11 -35
E 4512 2 -9 -27
E 4512 3 -6 -19
T 4513 51 0 5 0
E 4513 2 5 15
E 4513 3 7 23
E 4513 4 10 31
E 4513 5 13 39
E 4513 6 15 47
T 4514 13 0 6 0
E 4514 0 -18 -55
E 4514 1 -15 -47
E 4514 2 -13 -39
E 4514 3 -10 -31
E 4514 4 -7 -23
E 4514 5 -5 -15
T 4515 60 0 6 0
E 4515 1 4 14
E 4515 2 7 22
E 4515 3 10 30
E 4515 4 12 38
E 4515 5 15 46
E 4515 6 18 54
T 4516 35 0 7 1
E 4516 0 -6 -62
E 4516 1 -6 -54
E 4516 2 -5 -46
E 4516 3 -4 -38
E 4516 4 -3 -30
E 4516 5 -2 -22
E 4516 6 -1 -14
T 4517 9 0 3 0
E 4517 0 -12 -36
E 4517 1 -9 -28
E 4517 2 -6 -20
T 4518 35 0 4 0
E 4518 0 -4 -13
E 4518 4 6 19
E 4518 5 9 27
E 4518 6 11 35
T 4519 14 0 4 0
E 4519 0 -10 -31
E 4519 1 -7 -23
E 4519 2 -5 -15
E 4519 6 5 17
T 4520 44 0 4 0
E 4520 3 5 15
E 4520 4 7 23
E 4520 5 10 31
E 4520 6 13 39
T 4521 4 0 5 0
E 4521 0 -16 -48
E 4521 1 -13 -40
E 4521 2 -10 -32
E 4521 3 -8 -24
E 4521 4 -5 -16
T 4522 50 0 5 0
E 4522 2 4 13
E 4522 3 7 21
E 4522 4 9 29
E 4522 5 12 37
E 4522 6 15 45
T 4523 15 0 6 0
E 4523 0 -19 -57
E 4523 1 -16 -49
E 4523 2 -13 -41
E 4523 3 -11 -33
E 4523 4 -8 -25
E 4523 5 -5 -17
T 4524 12 0 7 1
E 4524 0 1 16
E 4524 1 2 24
E 4524 2 3 32
E 4524 3 4 40
E 4524 4 5 48
E 4524 5 6 56
E 4524 6 7 64
T 4525 35 0 4 0
E 4525 0 -4 -14
E 4525 4 6 18
E 4525 5 8 26
E 4525 6 11 34
T 4526 14 0 4 0
E 4526 0 -10 -31
E 4526 1 -7 -23
E 4526 2 -5 -15
E 4526 6 5 17
T 4527 34 0 4 0
E 4527 0 -5 -16
E 4527 4 5 16
E 4527 5 8 24
E 4527 6 10 32
T 4528 9 0 3 0
E 4528 0 -12 -36
E 4528 1 -9 -28
E 4528 2 -6 -20
T 4529 34 0 4 0
E 4529 0 -5 -17
E 4529 4 5 15
E 4529 5 7 23
E 4529 6 10 31
T 4530 14 0 4 0
E 4530 0 -10 -32
E 4530 1 -8 -24
E 4530 2 -5 -16
E 4530 6 5 16
T 4531 33 0 4 0
E 4531 0 -6 -18
E 4531 4 4 14
E 4531 5 7 22
E 4531 6 10 30
T 4532 13 0 4 0
E 4532 0 -11 -35
E 4532 1 -9 -27
E 4532 2 -6 -19
E 4532 6 4 13
T 4533 39 0 3 0
E 4533 4 6 20
E 4533 5 9 28
E 4533 6 12 36
T 4534 13 0 4 0
E 4534 0 -11 -35
E 4534 1 -9 -27
E 4534 2 -6 -19
E 4534 6 4 13
T 4535 29 0 3 0
E 4535 0 -6 -20
E 4535 5 6 20
E 4535 6 9 28
T 4536 15 0 4 0
E 4536 0 -9 -29
E 4536 1 -7 -21
E 4536 2 -4 -13
E 4536 6 6 19
T 4537 33 0 4 0
E 4537 0 -6 -19
E 4537 4 4 13
E 4537 5 7 21
E 4537 6 9 29
T 4538 13 0 4 0
E 4538 0 -11 -35
E 4538 1 -9 -27
E 4538 2 -6 -19
E 4538 6 4 13
T 4539 33 0 4 0
E 4539 0 -6 -18
E 4539 4 4 14
E 4539 5 7 22
E 4539 6 10 30
T 4540 19 0 3 0
E 4540 0 -9 -28
E 4540 1 -6 -20
E 4540 6 6 20
T 4541 25 0 4 0
E 4541 0 -7 -21
E 4541 1 -4 -13
E 4541 5 6 19
E 4541 6 9 27
T 4542 14 0 4 0
E 4542 0 -10 -31
E 4542 1 -7 -23
E 4542 2 -5 -15
E 4542 6 5 17
T 4543 34 0 4 0
E 4543 0 -5 -17
E 4543 4 5 15
E 4543 5 7 23
E 4543 6 10 31
T 4544 13 0 4 0
E 4544 0 -11 -34
E 4544 1 -8 -26
E 4544 2 -6 -18
E 4544 6 4 14
T 4545 29 0 3 0
E 4545 0 -6 -20
E 4545 5 6 20
E 4545 6 9 28
T 4546 14 0 4 0
E 4546 0 -11 -33
E 4546 1 -8 -25
E 4546 2 -5 -17
E 4546 6 5 15
T 4547 35 0 4 0
E 4547 0 -4 -14
E 4547 4 6 18
E 4547 5 8 26
E 4547 6 11 34
T 4548 5 0 4 0
E 4548 0 -12 -37
E 4548 1 -9 -29
E 4548 2 -7 -21
E 4548 3 -4 -13
T 4549 51 0 5 0
E 4549 2 5 15
E 4549 3 7 23
E 4549 4 10 31
E 4549 5 13 39
E 4549 6 15 47
T 4550 4 0 5 0
E 4550 0 -16 -49
E 4550 1 -13 -41
E 4550 2 -11 -33
E 4550 3 -8 -25
E 4550 4 -5 -17
T 4551 45 0 4 0
E 4551 3 6 20
E 4551 4 9 28
E 4551 5 12 36
E 4551 6 14 44
T 4552 3 0 4 0
E 4552 0 -14 -44
E 4552 1 -12 -36
E 4552 2 -9 -28
E 4552 3 -6 -20
T 4553 44 0 4 0
E 4553 3 5 17
E 4553 4 8 25
E 4553 5 11 33
E 4553 6 13 41
T 4554 6 0 5 0
E 4554 0 -17 -52
E 4554 1 -14 -44
E 4554 2 -12 -36
E 4554 3 -9 -28
E 4554 4 -6 -20
T 4555 59 0 6 0
E 4555 1 4 13
E 4555 2 7 21
E 4555 3 9 29
E 4555 4 12 37
E 4555 5 15 45
E 4555 6 17 53
T 4556 18 0 6 0
E 4556 0 -20 -60
E 4556 1 -17 -52
E 4556 2 -14 -44
E 4556 3 -12 -36
E 4556 4 -9 -28
E 4556 5 -6 -20
T 4557 11 0 7 1
E 4557 0 2 19
E 4557 1 3 27
E 4557 2 3 35
E 4557 3 4 43
E 4557 4 5 51
E 4557 5 6 59
E 4557 6 7 67
T 4558 34 0 4 0
E 4558 0 -5 -16
E 4558 4 5 16
E 4558 5 8 24
E 4558 6 10 32
T 4559 3 0 4 0
E 4559 0 -14 -42
E 4559 1 -11 -34
E 4559 2 -8 -26
E 4559 3 -6 -18
T 4560 21 0 6 0
E 4560 0 16 50
E 4560 2 6 18
E 4560 3 8 26
E 4560 4 11 34
E 4560 5 14 42
E 4560 6 16 50
T 4561 8 0 7 1
E 4561 0 -1 -15
E 4561 1 -6 -58
E 4561 2 -5 -50
E 4561 3 -4 -42
E 4561 4 -3 -34
E 4561 5 -2 -26
E 4561 6 -2 -18
T 4562 32 0 4 0
E 4562 0 5 15
E 4562 1 -10 -31
E 4562 2 -7 -23
E 4562 3 -5 -15
T 4563 20 0 3 0
E 4563 0 9 29
E 4563 1 -6 -20
E 4563 6 6 20
T 4564 27 0 4 0
E 4564 0 9 28
E 4564 1 -8 -25
E 4564 2 -5 -17
E 4564 6 5 15
T 4565 13 0 4 0
E 4565 0 11 34
E 4565 1 8 26
E 4565 2 -4 -14
E 4565 6 6 18
T 4566 42 0 5 0
E 4566 0 4 14
E 4566 2 -12 -37
E 4566 3 -9 -29
E 4566 4 -7 -21
E 4566 5 -4 -13
T 4567 11 0 3 0
E 4567 0 14 42
E 4567 1 11 34
E 4567 6 6 20
T 4568 50 0 5 0
E 4568 0 4 13
E 4568 2 -14 -44
E 4568 3 -12 -36
E 4568 4 -9 -28
E 4568 5 -6 -20
T 4569 17 0 4 0
E 4569 0 16 48
E 4569 1 13 40
E 4569 2 -4 -13
E 4569 6 6 19
T 4570 45 0 5 0
E 4570 0 6 19
E 4570 3 -12 -37
E 4570 4 -9 -29
E 4570 5 -7 -21
E 4570 6 -4 -13
T 4571 13 0 4 0
E 4571 0 15 46
E 4571 1 12 38
E 4571 2 10 30
E 4571 3 -4 -13
T 4572 62 0 4 0
E 4572 3 -17 -52
E 4572 4 -14 -44
E 4572 5 -12 -36
E 4572 6 -9 -28
T 4573 4 0 4 0
E 4573 0 19 57
E 4573 1 16 49
E 4573 2 13 41
E 4573 6 5 16
T 4574 72 0 4 0
E 4574 3 -20 -60
E 4574 4 -17 -52
E 4574 5 -14 -44
E 4574 6 -12 -36
T 4575 23 0 6 0
E 4575 0 25 76
E 4575 1 22 68
E 4575 2 20 60
E 4575 3 17 52
E 4575 5 6 20
E 4575 6 9 28
T 4576 17 0 7 1
E 4576 0 -1 -17
E 4576 1 -2 -25
E 4576 2 -3 -33
E 4576 3 -4 -41
E 4576 4 -9 -84
E 4576 5 -8 -76
E 4576 6 -7 -68
T 4577 48 0 5 0
E 4577 0 8 25
E 4577 1 5 17
E 4577 4 -15 -45
E 4577 5 -12 -37
E 4577 6 -9 -29
T 4578 13 0 6 0
E 4578 0 16 50
E 4578 1 14 42
E 4578 2 11 34
E 4578 3 8 26
E 4578 4 -7 -23
E 4578 5 -5 -15
T 4579 72 0 4 0
E 4579 3 -4 -14
E 4579 4 -22 -67
E 4579 5 -19 -59
E 4579 6 -17 -51
T 4580 18 0 5 0
E 4580 0 23 70
E 4580 1 20 62
E 4580 2 18 54
E 4580 3 15 46
E 4580 4 12 38
T 4581 83 0 6 0
E 4581 1 -6 -19
E 4581 2 -9 -27
E 4581 3 -11 -35
E 4581 4 -14 -43
E 4581 5 -28 -86
E 4581 6 -26 -78
T 4582 24 0 5 0
E 4582 0 26 79
E 4582 1 23 71
E 4582 2 21 63
E 4582 3 18 55
E 4582 4 15 47
T 4583 17 0 7 1
E 4583 0 -3 -28
E 4583 1 -4 -36
E 4583 2 -4 -44
E 4583 3 -5 -52
E 4583 4 -6 -60
E 4583 5 -12 -109
E 4583 6 -11 -101
T 4584 59 0 4 0
E 4584 0 5 17
E 4584 4 -5 -15
E 4584 5 -22 -68
E 4584 6 -20 -60
T 4585 37 0 7 1
E 4585 0 7 63
E 4585 1 6 55
E 4585 2 5 47
E 4585 3 4 39
E 4585 4 3 31
E 4585 5 2 23
E 4585 6 -1 -17
T 4586 20 0 5 0
E 4586 0 12 37
E 4586 1 9 29
E 4586 2 7 21
E 4586 3 4 13
E 4586 6 -15 -46
T 4587 35 0 4 0
E 4587 0 9 27
E 4587 1 6 19
E 4587 5 -4 -13
E 4587 6 -19 -59
T 4588 18 0 5 0
E 4588 0 14 42
E 4588 1 11 34
E 4588 2 8 26
E 4588 3 6 18
E 4588 6 -15 -47
T 4589 40 0 4 0
E 4589 0 7 21
E 4589 1 4 13
E 4589 5 -6 -19
E 4589 6 -24 -72
T 4590 5 0 4 0
E 4590 0 12 38
E 4590 1 10 30
E 4590 2 7 22
E 4590 3 4 14
T 4591 50 0 5 0
E 4591 2 -4 -13
E 4591 3 -7 -21
E 4591 4 -9 -29
E 4591 5 -12 -37
E 4591 6 -15 -45
T 4592 6 0 5 0
E 4592 0 17 51
E 4592 1 14 43
E 4592 2 11 35
E 4592 3 9 27
E 4592 4 6 19
T 4593 52 0 5 0
E 4593 2 -5 -17
E 4593 3 -8 -25
E 4593 4 -11 -33
E 4593 5 -13 -41
E 4593 6 -16 -49
T 4594 12 0 6 0
E 4594 0 18 54
E 4594 1 15 46
E 4594 2 12 38
E 4594 3 10 30
E 4594 4 7 22
E 4594 5 4 14
T 4595 61 0 6 0
E 4595 1 -5 -15
E 4595 2 -7 -23
E 4595 3 -10 -31
E 4595 4 -13 -39
E 4595 5 -15 -47
E 4595 6 -18 -55
T 4596 18 0 6 0
E 4596 0 20 60
E 4596 1 17 52
E 4596 2 14 44
E 4596 3 12 36
E 4596 4 9 28
E 4596 5 6 20
T 4597 11 0 7 1
E 4597 0 -2 -20
E 4597 1 -3 -28
E 4597 2 -4 -36
E 4597 3 -4 -44
E 4597 4 -5 -52
E 4597 5 -6 -60
E 4597 6 -7 -68
T 4598 34 0 4 0
E 4598 0 5 16
E 4598 4 -5 -16
E 4598 5 -8 -24
E 4598 6 -10 -32
T 4599 5 0 4 0
E 4599 0 12 37
E 4599 1 9 29
E 4599 2 7 21
E 4599 3 4 13
T 4600 43 0 4 0
E 4600 3 -4 -13
E 4600 4 -7 -21
E 4600 5 -9 -29
E 4600 6 -12 -37
T 4601 4 0 5 0
E 4601 0 16 49
E 4601 1 13 41
E 4601 2 11 33
E 4601 3 8 25
E 4601 4 5 17
T 4602 52 0 5 0
E 4602 2 -5 -16
E 4602 3 -8 -24
E 4602 4 -10 -32
E 4602 5 -13 -40
E 4602 6 -16 -48
T 4603 11 0 6 0
E 4603 0 17 53
E 4603 1 15 45
E 4603 2 12 37
E 4603 3 9 29
E 4603 4 7 21
E 4603 5 4 13
T 4604 64 0 6 0
E 4604 1 -6 -18
E 4604 2 -8 -26
E 4604 3 -11 -34
E 4604 4 -14 -42
E 4604 5 -16 -50
E 4604 6 -19 -58
T 4605 37 0 7 1
E 4605 0 7 70
E 4605 1 6 62
E 4605 2 6 54
E 4605 3 5 46
E 4605 4 4 38
E 4605 5 3 30
E 4605 6 2 22
T 4606 4 0 4 0
E 4606 0 13 41
E 4606 1 11 33
E 4606 2 8 25
E 4606 3 5 17
T 4607 44 0 4 0
E 4607 3 -5 -16
E 4607 4 -8 -24
E 4607 5 -10 -32
E 4607 6 -13 -40
T 4608 3 0 4 0
E 4608 0 14 42
E 4608 1 11 34
E 4608 2 8 26
E 4608 3 6 18
T 4609 44 0 4 0
E 4609 3 -5 -16
E 4609 4 -8 -24
E 4609 5 -10 -32
E 4609 6 -13 -40
T 4610 6 0 5 0
E 4610 0 17 51
E 4610 1 14 43
E 4610 2 11 35
E 4610 3 9 27
E 4610 4 6 19
T 4611 51 0 5 0
E 4611 2 -5 -15
E 4611 3 -7 -23
E 4611 4 -10 -31
E 4611 5 -13 -39
E 4611 6 -15 -47
T 4612 6 0 5 0
E 4612 0 17 51
E 4612 1 14 43
E 4612 2 11 35
E 4612 3 9 27
E 4612 4 6 19
T 4613 54 0 5 0
E 4613 2 -6 -19
E 4613 3 -9 -27
E 4613 4 -11 -35
E 4613 5 -14 -43
E 4613 6 -17 -51
T 4614 18 0 6 0
E 4614 0 20 60
E 4614 1 17 52
E 4614 2 14 44
E 4614 3 12 36
E 4614 4 9 28
E 4614 5 6 20
T 4615 11 0 7 1
E 4615 0 -2 -22
E 4615 1 -3 -30
E 4615 2 -4 -38
E 4615 3 -5 -46
E 4615 4 -6 -54
E 4615 5 -6 -62
E 4615 6 -7 -70
T 4616 44 0 4 0
E 4616 3 -5 -17
E 4616 4 -8 -25
E 4616 5 -11 -33
E 4616 6 -13 -41
T 4617 4 0 4 0
E 4617 0 13 40
E 4617 1 10 32
E 4617 2 8 24
E 4617 3 5 16
T 4618 52 0 5 0
E 4618 2 -5 -17
E 4618 3 -8 -25
E 4618 4 -11 -33
E 4618 5 -13 -41
E 4618 6 -16 -49
T 4619 15 0 6 0
E 4619 0 19 57
E 4619 1 16 49
E 4619 2 13 41
E 4619 3 11 33
E 4619 4 8 25
E 4619 5 5 17
T 4620 13 0 7 1
E 4620 0 -1 -14
E 4620 1 -2 -22
E 4620 2 -3 -30
E 4620 3 -4 -38
E 4620 4 -5 -46
E 4620 5 -6 -54
E 4620 6 -6 -62
T 4621 33 0 4 0
E 4621 0 6 18
E 4621 4 -4 -14
E 4621 5 -7 -22
E 4621 6 -10 -30
T 4622 9 0 3 0
E 4622 0 12 36
E 4622 1 9 28
E 4622 2 6 20
T 4623 45 0 4 0
E 4623 3 -6 -18
E 4623 4 -8 -26
E 4623 5 -11 -34
E 4623 6 -14 -42
T 4624 2 0 5 0
E 4624 0 15 46
E 4624 1 12 38
E 4624 2 10 30
E 4624 3 7 22
E 4624 4 4 14
T 4625 59 0 6 0
E 4625 1 -4 -13
E 4625 2 -7 -21
E 4625 3 -9 -29
E 4625 4 -12 -37
E 4625 5 -15 -45
E 4625 6 -17 -53
T 4626 17 0 6 0
E 4626 0 19 59
E 4626 1 17 51
E 4626 2 14 43
E 4626 3 11 35
E 4626 4 9 27
E 4626 5 6 19
T 4627 11 0 7 1
E 4627 0 -1 -17
E 4627 1 -2 -25
E 4627 2 -3 -33
E 4627 3 -4 -41
E 4627 4 -5 -49
E 4627 5 -6 -57
E 4627 6 -7 -65
T 4628 44 0 4 0
E 4628 3 -5 -16
E 4628 4 -8 -24
E 4628 5 -10 -32
E 4628 6 -13 -40
T 4629 4 0 5 0
E 4629 0 16 49
E 4629 1 13 41
E 4629 2 11 33
E 4629 3 8 25
E 4629 4 5 17
T 4630 60 0 6 0
E 4630 1 -4 -14
E 4630 2 -7 -22
E 4630 3 -10 -30
E 4630 4 -12 -38
E 4630 5 -15 -46
E 4630 6 -18 -54
T 4631 35 0 7 1
E 4631 0 7 63
E 4631 1 6 55
E 4631 2 5 47
E 4631 3 4 39
E 4631 4 3 31
E 4631 5 2 23
E 4631 6 1 15
T 4632 14 0 4 0
E 4632 0 10 32
E 4632 1 8 24
E 4632 2 5 16
E 4632 6 -5 -16
T 4633 34 0 4 0
E 4633 0 5 17
E 4633 4 -5 -15
E 4633 5 -7 -23
E 4633 6 -10 -31
T 4634 4 0 4 0
E 4634 0 13 41
E 4634 1 11 33
E 4634 2 8 25
E 4634 3 5 17
T 4635 45 0 4 0
E 4635 3 -6 -19
E 4635 4 -9 -27
E 4635 5 -11 -35
E 4635 6 -14 -43
T 4636 4 0 5 0
E 4636 0 16 49
E 4636 1 13 41
E 4636 2 11 33
E 4636 3 8 25
E 4636 4 5 17
T 4637 59 0 6 0
E 4637 1 -4 -13
E 4637 2 -7 -21
E 4637 3 -9 -29
E 4637 4 -12 -37
E 4637 5 -15 -45
E 4637 6 -17 -53
T 4638 35 0 7 1
E 4638 0 6 62
E 4638 1 6 54
E 4638 2 5 46
E 4638 3 4 38
E 4638 4 3 30
E 4638 5 2 22
E 4638 6 1 14
T 4639 4 0 4 0
E 4639 0 13 39
E 4639 1 10 31
E 4639 2 7 23
E 4639 3 5 15
T 4640 44 0 4 0
E 4640 3 -5 -17
E 4640 4 -8 -25
E 4640 5 -11 -33
E 4640 6 -13 -41
T 4641 3 0 4 0
E 4641 0 14 44
E 4641 1 12 36
E 4641 2 9 28
E 4641 3 6 20
T 4642 45 0 4 0
E 4642 3 -6 -20
E 4642 4 -9 -28
E 4642 5 -12 -36
E 4642 6 -14 -44
T 4643 4 0 4 0
E 4643 0 13 41
E 4643 1 11 33
E 4643 2 8 25
E 4643 3 5 17
T 4644 50 0 5 0
E 4644 2 -4 -13
E 4644 3 -7 -21
E 4644 4 -9 -29
E 4644 5 -12 -37
E 4644 6 -15 -45
T 4645 5 0 5 0
E 4645 0 16 50
E 4645 1 14 42
E 4645 2 11 34
E 4645 3 8 26
E 4645 4 6 18
T 4646 61 0 6 0
E 4646 1 -5 -15
E 4646 2 -7 -23
E 4646 3 -10 -31
E 4646 4 -13 -39
E 4646 5 -15 -47
E 4646 6 -18 -55
T 4647 37 0 7 1
E 4647 0 7 69
E 4647 1 6 61
E 4647 2 5 53
E 4647 3 5 45
E 4647 4 4 37
E 4647 5 3 29
E 4647 6 2 21
T 4648 4 0 4 0
E 4648 0 13 39
E 4648 1 10 31
E 4648 2 7 23
E 4648 3 5 15
T 4649 43 0 4 0
E 4649 3 -4 -14
E 4649 4 -7 -22
E 4649 5 -10 -30
E 4649 6 -12 -38
T 4650 4 0 5 0
E 4650 0 16 48
E 4650 1 13 40
E 4650 2 10 32
E 4650 3 8 24
E 4650 4 5 16
T 4651 59 0 6 0
E 4651 1 -4 -13
E 4651 2 -7 -21
E 4651 3 -9 -29
E 4651 4 -12 -37
E 4651 5 -15 -45
E 4651 6 -17 -53
T 4652 36 0 7 1
E 4652 0 7 64
E 4652 1 6 56
E 4652 2 5 48
E 4652 3 4 40
E 4652 4 3 32
E 4652 5 2 24
E 4652 6 1 16
T 4653 5 0 4 0
E 4653 0 12 37
E 4653 1 9 29
E 4653 2 7 21
E 4653 3 4 13
T 4654 44 0 4 0
E 4654 3 -5 -15
E 4654 4 -7 -23
E 4654 5 -10 -31
E 4654 6 -13 -39
T 4655 3 0 4 0
E 4655 0 14 42
E 4655 1 11 34
E 4655 2 8 26
E 4655 3 6 18
T 4656 50 0 5 0
E 4656 2 -4 -14
E 4656 3 -7 -22
E 4656 4 -10 -30
E 4656 5 -12 -38
E 4656 6 -15 -46
T 4657 8 0 5 0
E 4657 0 16 49
E 4657 1 14 44
E 4657 2 12 36
E 4657 3 9 28
E 4657 4 6 20
T 4658 56 0 6 0
E 4658 1 -5 -15
E 4658 2 -7 -23
E 4658 3 -10 -31
E 4658 4 -13 -39
E 4658 5 -15 -47
E 4658 6 -18 -55
T 4659 28 0 7 1
E 4659 0 5 53
E 4659 1 5 53
E 4659 2 5 45
E 4659 3 4 37
E 4659 4 3 29
E 4659 5 2 21
E 4659 6 1 13
T 4660 3 0 4 0
E 4660 0 9 27
E 4660 1 10 30
E 4660 2 7 22
E 4660 3 4 14
T 4661 26 0 3 0
E 4661 4 -6 -20
E 4661 5 -9 -28
E 4661 6 -12 -36
T 4662 11 0 5 0
E 4662 0 9 29
E 4662 1 11 34
E 4662 2 9 29
E 4662 3 7 21
E 4662 4 4 13
T 4663 26 0 4 0
E 4663 3 -5 -16
E 4663 4 -8 -24
E 4663 5 -10 -32
E 4663 6 -13 -40
T 4664 9 0 4 0
E 4664 0 7 22
E 4664 1 9 27
E 4664 2 9 27
E 4664 3 6 19
T 4665 15 0 3 0
E 4665 4 -4 -13
E 4665 5 -7 -21
E 4665 6 -9 -29
T 4666 10 0 4 0
E 4666 0 5 17
E 4666 1 7 22
E 4666 2 9 27
E 4666 3 6 19
T 4667 7 0 2 0
E 4667 5 -6 -18
E 4667 6 -8 -26
T 4668 3 1 2 0
E 4668 2 4 13
E 4668 6 -4 -14
T 4669 5 0 2 0
E 4669 2 5 15
E 4669 3 5 15
T 4670 0 0 1 0
E 4670 6 -5 -16
T 4671 3 0 0 0
T 4672 4 0 1 0
E 4672 6 -5 -15
T 4673 6 0 1 0
E 4673 3 4 13
T 4674 10 0 0 0
T 4675 7 0 0 0
T 4676 12 0 0 0
T 4677 10 0 0 0
T 4678 10 0 1 0
E 4678 0 -5 -15
T 4679 10 0 1 0
E 4679 0 -5 -15
T 4680 13 0 1 0
E 4680 5 4 14
T 4681 9 0 1 0
E 4681 0 -4 -13
T 4682 14 0 1 0
E 4682 5 5 16
T 4683 9 0 1 0
E 4683 0 -4 -13
T 4684 19 0 2 0
E 4684 5 4 14
E 4684 6 4 14
T 4685 6 0 3 0
E 4685 0 -8 -25
E 4685 1 -6 -20
E 4685 2 -5 -15
T 4686 21 0 2 0
E 4686 5 5 16
E 4686 6 7 21
T 4687 15 0 2 0
E 4687 0 -5 -16
E 4687 6 4 14
T 4688 9 0 2 0
E 4688 0 -6 -20
E 4688 1 -5 -15
T 4689 24 0 3 0
E 4689 4 4 14
E 4689 5 6 19
E 4689 6 8 24
T 4690 2 0 4 0
E 4690 0 -9 -28
E 4690 1 -7 -23
E 4690 2 -6 -18
E 4690 3 -4 -13
T 4691 28 0 4 0
E 4691 3 4 13
E 4691 4 6 18
E 4691 5 7 23
E 4691 6 9 28
T 4692 2 0 4 0
E 4692 0 -9 -28
E 4692 1 -7 -23
E 4692 2 -6 -18
E 4692 3 -4 -13
T 4693 34 0 5 0
E 4693 2 4 13
E 4693 3 6 18
E 4693 4 7 23
E 4693 5 9 28
E 4693 6 11 33
T 4694 14 0 6 0
E 4694 0 -13 -41
E 4694 1 -12 -36
E 4694 2 -10 -31
E 4694 3 -8 -26
E 4694 4 -7 -21
E 4694 5 -5 -16
T 4695 5 0 7 1
E 4695 0 1 14
E 4695 1 2 19
E 4695 2 2 24
E 4695 3 3 29
E 4695 4 3 34
E 4695 5 4 39
E 4695 6 4 44
T 4696 20 0 2 0
E 4696 5 5 17
E 4696 6 7 22
T 4697 15 0 2 0
E 4697 0 -5 -16
E 4697 6 4 14
T 4698 9 0 2 0
E 4698 0 -6 -20
E 4698 1 -5 -15
T 4699 21 0 2 0
E 4699 5 5 16
E 4699 6 7 21
T 4700 6 0 3 0
E 4700 0 -8 -26
E 4700 1 -7 -21
E 4700 2 -5 -16
T 4701 21 0 2 0
E 4701 5 4 14
E 4701 6 6 19
T 4702 6 0 3 0
E 4702 0 -9 -27
E 4702 1 -7 -22
E 4702 2 -5 -17
T 4703 20 0 2 0
E 4703 5 5 17
E 4703 6 7 22
T 4704 16 0 2 0
E 4704 0 -5 -17
E 4704 6 4 13
T 4705 8 0 2 0
E 4705 0 -6 -18
E 4705 1 -4 -13
T 4706 25 0 3 0
E 4706 4 5 15
E 4706 5 6 20
E 4706 6 8 25
T 4707 7 0 3 0
E 4707 0 -9 -28
E 4707 1 -7 -22
E 4707 2 -5 -17
T 4708 22 0 2 0
E 4708 5 5 17
E 4708 6 7 22
T 4709 18 0 2 0
E 4709 0 -6 -20
E 4709 6 4 13
T 4710 20 0 3 0
E 4710 0 -4 -14
E 4710 5 4 14
E 4710 6 6 19
T 4711 11 0 2 0
E 4711 0 -8 -24
E 4711 1 -5 -16
T 4712 20 0 3 0
E 4712 0 -5 -15
E 4712 5 4 14
E 4712 6 6 19
T 4713 22 0 3 0
E 4713 0 -5 -17
E 4713 5 4 13
E 4713 6 6 18
T 4714 15 0 3 0
E 4714 0 -7 -22
E 4714 1 -4 -14
E 4714 6 4 14
T 4715 22 0 3 0
E 4715 0 -5 -17
E 4715 5 4 14
E 4715 6 6 19
T 4716 12 0 2 0
E 4716 0 -9 -27
E 4716 1 -6 -19
T 4717 22 0 3 0
E 4717 0 -5 -15
E 4717 5 5 17
E 4717 6 7 22
T 4718 9 0 3 0
E 4718 0 -9 -29
E 4718 1 -7 -21
E 4718 2 -4 -13
T 4719 37 0 4 0
E 4719 3 4 13
E 4719 4 6 18
E 4719 5 7 23
E 4719 6 9 28
T 4720 4 0 4 0
E 4720 0 -13 -40
E 4720 1 -10 -32
E 4720 2 -8 -24
E 4720 3 -5 -16
T 4721 39 0 4 0
E 4721 3 5 17
E 4721 4 7 23
E 4721 5 9 28
E 4721 6 11 33
T 4722 3 0 5 0
E 4722 0 -15 -45
E 4722 1 -12 -37
E 4722 2 -9 -29
E 4722 3 -7 -21
E 4722 4 -5 -15
T 4723 46 0 5 0
E 4723 2 4 14
E 4723 3 7 22
E 4723 4 9 29
E 4723 5 11 34
E 4723 6 13 39
T 4724 4 0 5 0
E 4724 0 -16 -49
E 4724 1 -13 -41
E 4724 2 -11 -33
E 4724 3 -8 -25
E 4724 4 -5 -17
T 4725 48 0 5 0
E 4725 2 5 15
E 4725 3 7 23
E 4725 4 10 31
E 4725 5 12 36
E 4725 6 13 41
T 4726 3 0 4 0
E 4726 0 -14 -44
E 4726 1 -12 -36
E 4726 2 -9 -28
E 4726 3 -6 -20
T 4727 49 0 5 0
E 4727 2 5 16
E 4727 3 8 24
E 4727 4 10 32
E 4727 5 12 38
E 4727 6 14 43
T 4728 14 0 6 0
E 4728 0 -18 -56
E 4728 1 -16 -48
E 4728 2 -13 -40
E 4728 3 -10 -32
E 4728 4 -8 -24
E 4728 5 -5 -17
T 4729 64 0 6 0
E 4729 1 6 19
E 4729 2 9 27
E 4729 3 11 35
E 4729 4 14 43
E 4729 5 17 51
E 4729 6 18 56
T 4730 35 0 7 1
E 4730 0 -6 -60
E 4730 1 -5 -52
E 4730 2 -4 -44
E 4730 3 -4 -36
E 4730 4 -3 -28
E 4730 5 -2 -20
E 4730 6 -1 -15
T 4731 4 0 4 0
E 4731 0 -13 -41
E 4731 1 -11 -33
E 4731 2 -8 -25
E 4731 3 -5 -17
T 4732 42 0 4 0
E 4732 3 4 13
E 4732 4 7 21
E 4732 5 9 29
E 4732 6 11 35
T 4733 3 0 4 0
E 4733 0 -14 -42
E 4733 1 -11 -34
E 4733 2 -8 -26
E 4733 3 -6 -18
T 4734 45 0 4 0
E 4734 3 6 18
E 4734 4 8 26
E 4734 5 11 34
E 4734 6 14 42
T 4735 4 0 5 0
E 4735 0 -16 -48
E 4735 1 -13 -40
E 4735 2 -10 -32
E 4735 3 -8 -24
E 4735 4 -5 -16
T 4736 51 0 5 0
E 4736 2 5 15
E 4736 3 7 23
E 4736 4 10 31
E 4736 5 13 39
E 4736 6 15 47
T 4737 4 0 5 0
E 4737 0 -16 -49
E 4737 1 -13 -41
E 4737 2 -11 -33
E 4737 3 -8 -25
E 4737 4 -5 -17
T 4738 45 0 4 0
E 4738 3 6 20
E 4738 4 9 28
E 4738 5 12 36
E 4738 6 14 44
T 4739 3 0 4 0
E 4739 0 -14 -44
E 4739 1 -12 -36
E 4739 2 -9 -28
E 4739 3 -6 -20
T 4740 52 0 5 0
E 4740 2 5 17
E 4740 3 8 25
E 4740 4 11 33
E 4740 5 13 41
E 4740 6 16 49
T 4741 15 0 6 0
E 4741 0 -19 -57
E 4741 1 -16 -49
E 4741 2 -13 -41
E 4741 3 -11 -33
E 4741 4 -8 -25
E 4741 5 -5 -17
T 4742 64 0 6 0
E 4742 1 6 18
E 4742 2 8 26
E 4742 3 11 34
E 4742 4 14 42
E 4742 5 16 50
E 4742 6 19 58
T 4743 36 0 7 1
E 4743 0 -7 -64
E 4743 1 -6 -56
E 4743 2 -5 -48
E 4743 3 -4 -40
E 4743 4 -3 -32
E 4743 5 -2 -24
E 4743 6 -1 -16
T 4744 5 0 4 0
E 4744 0 -12 -38
E 4744 1 -10 -30
E 4744 2 -7 -22
E 4744 3 -4 -14
T 4745 39 0 3 0
E 4745 4 6 20
E 4745 5 9 28
E 4745 6 12 36
T 4746 13 0 4 0
E 4746 0 -11 -35
E 4746 1 -9 -27
E 4746 2 -6 -19
E 4746 6 4 13
T 4747 35 0 4 0
E 4747 0 -4 -14
E 4747 4 6 18
E 4747 5 8 26
E 4747 6 11 34
T 4748 4 0 4 0
E 4748 0 -13 -40
E 4748 1 -10 -32
E 4748 2 -8 -24
E 4748 3 -5 -16
T 4749 43 0 4 0
E 4749 3 4 14
E 4749 4 7 22
E 4749 5 10 30
E 4749 6 12 38
T 4750 5 0 4 0
E 4750 0 -12 -38
E 4750 1 -10 -30
E 4750 2 -7 -22
E 4750 3 -4 -14
T 4751 43 0 4 0
E 4751 3 4 14
E 4751 4 7 22
E 4751 5 10 30
E 4751 6 12 38
T 4752 3 0 4 0
E 4752 0 -14 -42
E 4752 1 -11 -34
E 4752 2 -8 -26
E 4752 3 -6 -18
T 4753 52 0 5 0
E 4753 2 5 16
E 4753 3 8 24
E 4753 4 10 32
E 4753 5 13 40
E 4753 6 16 48
T 4754 17 0 6 0
E 4754 0 -19 -59
E 4754 1 -17 -51
E 4754 2 -14 -43
E 4754 3 -11 -35
E 4754 4 -9 -27
E 4754 5 -6 -19
T 4755 11 0 7 1
E 4755 0 2 21
E 4755 1 3 29
E 4755 2 4 37
E 4755 3 5 45
E 4755 4 5 53
E 4755 5 6 61
E 4755 6 7 69
T 4756 43 0 4 0
E 4756 3 4 13
E 4756 4 7 21
E 4756 5 9 29
E 4756 6 12 37
T 4757 4 0 4 0
E 4757 0 -13 -39
E 4757 1 -10 -31
E 4757 2 -7 -23
E 4757 3 -5 -15
T 4758 44 0 4 0
E 4758 3 5 16
E 4758 4 8 24
E 4758 5 10 32
E 4758 6 13 40
T 4759 3 0 4 0
E 4759 0 -14 -42
E 4759 1 -11 -34
E 4759 2 -8 -26
E 4759 3 -6 -18
T 4760 52 0 5 0
E 4760 2 5 16
E 4760 3 8 24
E 4760 4 10 32
E 4760 5 13 40
E 4760 6 16 48
T 4761 12 0 6 0
E 4761 0 -18 -54
E 4761 1 -15 -46
E 4761 2 -12 -38
E 4761 3 -10 -30
E 4761 4 -7 -22
E 4761 5 -4 -14
T 4762 12 0 7 1
E 4762 0 1 16
E 4762 1 2 24
E 4762 2 3 32
E 4762 3 4 40
E 4762 4 5 48
E 4762 5 6 56
E 4762 6 7 64
T 4763 44 0 4 0
E 4763 3 5 15
E 4763 4 7 23
E 4763 5 10 31
E 4763 6 13 39
T 4764 3 0 4 0
E 4764 0 -14 -42
E 4764 1 -11 -34
E 4764 2 -8 -26
E 4764 3 -6 -18
T 4765 50 0 5 0
E 4765 2 4 14
E 4765 3 7 22
E 4765 4 10 30
E 4765 5 12 38
E 4765 6 15 46
T 4766 5 0 5 0
E 4766 0 -16 -50
E 4766 1 -14 -42
E 4766 2 -11 -34
E 4766 3 -8 -26
E 4766 4 -6 -18
T 4767 59 0 6 0
E 4767 1 4 13
E 4767 2 7 21
E 4767 3 9 29
E 4767 4 12 37
E 4767 5 15 45
E 4767 6 17 53
T 4768 35 0 7 1
E 4768 0 -6 -62
E 4768 1 -6 -54
E 4768 2 -5 -46
E 4768 3 -4 -38
E 4768 4 -3 -30
E 4768 5 -2 -22
E 4768 6 -1 -14
T 4769 14 0 4 0
E 4769 0 -10 -31
E 4769 1 -7 -23
E 4769 2 -5 -15
E 4769 6 5 17
T 4770 33 0 4 0
E 4770 0 -6 -18
E 4770 4 4 14
E 4770 5 7 22
E 4770 6 10 30
T 4771 15 0 4 0
E 4771 0 -10 -30
E 4771 1 -7 -22
E 4771 2 -4 -14
E 4771 6 6 18
T 4772 33 0 4 0
E 4772 0 -6 -18
E 4772 4 4 14
E 4772 5 7 22
E 4772 6 10 30
T 4773 4 0 4 0
E 4773 0 -13 -39
E 4773 1 -10 -31
E 4773 2 -7 -23
E 4773 3 -5 -15
T 4774 45 0 4 0
E 4774 3 6 20
E 4774 4 9 28
E 4774 5 12 36
E 4774 6 14 44
T 4775 4 0 5 0
E 4775 0 -16 -48
E 4775 1 -13 -40
E 4775 2 -10 -32
E 4775 3 -8 -24
E 4775 4 -5 -16
T 4776 51 0 5 0
E 4776 2 5 15
E 4776 3 7 23
E 4776 4 10 31
E 4776 5 13 39
E 4776 6 15 47
T 4777 11 0 6 0
E 4777 0 -17 -53
E 4777 1 -15 -45
E 4777 2 -12 -37
E 4777 3 -9 -29
E 4777 4 -7 -21
E 4777 5 -4 -13
T 4778 54 0 5 0
E 4778 2 6 20
E 4778 3 9 28
E 4778 4 12 36
E 4778 5 14 44
E 4778 6 17 52
T 4779 35 0 7 1
E 4779 0 -6 -61
E 4779 1 -5 -53
E 4779 2 -5 -45
E 4779 3 -4 -37
E 4779 4 -3 -29
E 4779 5 -2 -21
E 4779 6 -1 -13
T 4780 4 0 4 0
E 4780 0 -13 -40
E 4780 1 -10 -32
E 4780 2 -8 -24
E 4780 3 -5 -16
T 4781 39 0 3 0
E 4781 4 6 20
E 4781 5 9 28
E 4781 6 12 36
T 4782 4 0 4 0
E 4782 0 -13 -39
E 4782 1 -10 -31
E 4782 2 -7 -23
E 4782 3 -5 -15
T 4783 51 0 5 0
E 4783 2 5 15
E 4783 3 7 23
E 4783 4 10 31
E 4783 5 13 39
E 4783 6 15 47
T 4784 16 0 6 0
E 4784 0 -19 -58
E 4784 1 -16 -50
E 4784 2 -14 -42
E 4784 3 -11 -34
E 4784 4 -8 -26
E 4784 5 -6 -18
T 4785 64 0 6 0
E 4785 1 6 18
E 4785 2 8 26
E 4785 3 11 34
E 4785 4 14 42
E 4785 5 16 50
E 4785 6 19 58
T 4786 37 0 7 1
E 4786 0 -8 -72
E 4786 1 -7 -64
E 4786 2 -6 -56
E 4786 3 -5 -48
E 4786 4 -4 -40
E 4786 5 -3 -32
E 4786 6 -2 -24
T 4787 3 0 4 0
E 4787 0 -14 -43
E 4787 1 -11 -35
E 4787 2 -9 -27
E 4787 3 -6 -19
T 4788 45 0 4 0
E 4788 3 6 18
E 4788 4 8 26
E 4788 5 11 34
E 4788 6 14 42
T 4789 4 0 5 0
E 4789 0 -16 -49
E 4789 1 -13 -41
E 4789 2 -11 -33
E 4789 3 -8 -25
E 4789 4 -5 -17
T 4790 54 0 5 0
E 4790 2 6 19
E 4790 3 9 27
E 4790 4 11 35
E 4790 5 14 43
E 4790 6 17 51
T 4791 35 0 7 1
E 4791 0 -6 -62
E 4791 1 -6 -54
E 4791 2 -5 -46
E 4791 3 -4 -38
E 4791 4 -3 -30
E 4791 5 -2 -22
E 4791 6 -1 -14
T 4792 9 0 3 0
E 4792 0 -12 -36
E 4792 1 -9 -28
E 4792 2 -6 -20
T 4793 43 0 4 0
E 4793 3 4 14
E 4793 4 7 22
E 4793 5 10 30
E 4793 6 12 38
T 4794 4 0 5 0
E 4794 0 -16 -49
E 4794 1 -13 -41
E 4794 2 -11 -33
E 4794 3 -8 -25
E 4794 4 -5 -17
T 4795 60 0 6 0
E 4795 1 4 14
E 4795 2 7 22
E 4795 3 10 30
E 4795 4 12 38
E 4795 5 15 46
E 4795 6 18 54
T 4796 37 0 7 1
E 4796 0 -7 -68
E 4796 1 -6 -60
E 4796 2 -5 -52
E 4796 3 -4 -44
E 4796 4 -4 -36
E 4796 5 -3 -28
E 4796 6 -2 -20
T 4797 13 0 4 0
E 4797 0 -11 -35
E 4797 1 -9 -27
E 4797 2 -6 -19
E 4797 6 4 13
T 4798 43 0 4 0
E 4798 3 4 14
E 4798 4 7 22
E 4798 5 10 30
E 4798 6 12 38
T 4799 3 0 4 0
E 4799 0 -14 -42
E 4799 1 -11 -34
E 4799 2 -8 -26
E 4799 3 -6 -18
F 20833 134453 46 4667 172 444 3108 0
