T 0 3 0 0 0
T 1 1 0 0 0
T 2 7 0 0 0
T 3 2 0 0 0
T 4 1 0 0 0
T 5 5 0 0 0
T 6 2 0 0 0
T 7 2 0 0 0
T 8 4 0 0 0
T 9 5 0 0 0
T 10 8 0 0 0
T 11 8 0 7 1
E 11 0 1 15
E 11 1 1 15
E 11 2 1 15
E 11 3 1 15
E 11 4 1 15
E 11 5 1 15
E 11 6 1 15
T 12 10 0 0 0
T 13 10 0 0 0
T 14 9 0 7 1
E 14 0 1 16
E 14 1 1 16
E 14 2 1 16
E 14 3 1 16
E 14 4 1 16
E 14 5 1 16
E 14 6 1 16
T 15 7 0 0 0
T 16 9 0 0 0
T 17 12 0 0 0
T 18 12 0 0 0
T 19 5 0 7 1
E 19 0 2 19
E 19 1 2 19
E 19 2 2 19
E 19 3 2 19
E 19 4 2 19
E 19 5 2 19
E 19 6 2 19
T 20 8 0 0 0
T 21 8 0 7 1
E 21 0 1 15
E 21 1 1 15
E 21 2 1 15
E 21 3 1 15
E 21 4 1 15
E 21 5 1 15
E 21 6 1 15
T 22 11 0 0 0
T 23 4 0 7 1
E 23 0 2 18
E 23 1 2 18
E 23 2 2 18
E 23 3 2 18
E 23 4 2 18
E 23 5 2 18
E 23 6 2 18
T 24 3 0 0 0
T 25 6 0 0 0
T 26 6 0 0 0
T 27 5 0 0 0
T 28 8 0 0 0
T 29 5 0 0 0
T 30 7 0 0 0
T 31 8 0 0 0
T 32 6 0 0 0
T 33 10 0 0 0
T 34 9 0 7 1
E 34 0 1 16
E 34 1 1 16
E 34 2 1 16
E 34 3 1 16
E 34 4 1 16
E 34 5 1 16
E 34 6 1 16
T 35 8 0 7 1
E 35 0 1 15
E 35 1 1 15
E 35 2 1 15
E 35 3 1 15
E 35 4 1 15
E 35 5 1 15
E 35 6 1 15
T 36 6 0 7 1
E 36 0 1 13
E 36 1 1 13
E 36 2 1 13
E 36 3 1 13
E 36 4 1 13
E 36 5 1 13
E 36 6 1 13
T 37 10 0 0 0
T 38 11 0 0 0
T 39 10 0 0 0
T 40 10 0 7 1
E 40 0 1 17
E 40 1 1 17
E 40 2 1 17
E 40 3 1 17
E 40 4 1 17
E 40 5 1 17
E 40 6 1 17
T 41 7 0 0 0
T 42 10 0 0 0
T 43 7 0 7 1
E 43 0 1 14
E 43 1 1 14
E 43 2 1 14
E 43 3 1 14
E 43 4 1 14
E 43 5 1 14
E 43 6 1 14
T 44 8 0 0 0
T 45 9 0 0 0
T 46 12 0 0 0
T 47 6 0 7 1
E 47 0 1 13
E 47 1 1 13
E 47 2 1 13
E 47 3 1 13
E 47 4 1 13
E 47 5 1 13
E 47 6 1 13
T 48 7 0 0 0
T 49 4 0 0 0
T 50 4 0 0 0
T 51 10 0 0 0
T 52 7 0 7 1
E 52 0 1 14
E 52 1 1 14
E 52 2 1 14
E 52 3 1 14
E 52 4 1 14
E 52 5 1 14
E 52 6 1 14
T 53 2 0 0 0
T 54 4 0 0 0
T 55 8 0 0 0
T 56 4 0 0 0
T 57 0 0 0 0
T 58 5 0 0 0
T 59 1 0 0 0
T 60 8 0 0 0
T 61 4 0 0 0
T 62 3 0 0 0
T 63 10 0 0 0
T 64 7 0 7 1
E 64 0 1 14
E 64 1 1 14
E 64 2 1 14
E 64 3 1 14
E 64 4 1 14
E 64 5 1 14
E 64 6 1 14
T 65 6 0 7 1
E 65 0 1 13
E 65 1 1 13
E 65 2 1 13
E 65 3 1 13
E 65 4 1 13
E 65 5 1 13
E 65 6 1 13
T 66 3 0 0 0
T 67 9 0 0 0
T 68 12 0 0 0
T 69 5 0 7 1
E 69 0 2 19
E 69 1 2 19
E 69 2 2 19
E 69 3 2 19
E 69 4 2 19
E 69 5 2 19
E 69 6 2 19
T 70 6 0 7 1
E 70 0 1 13
E 70 1 1 13
E 70 2 1 13
E 70 3 1 13
E 70 4 1 13
E 70 5 1 13
E 70 6 1 13
T 71 12 0 0 0
T 72 7 0 7 1
E 72 0 1 14
E 72 1 1 14
E 72 2 1 14
E 72 3 1 14
E 72 4 1 14
E 72 5 1 14
E 72 6 1 14
T 73 2 0 0 0
T 74 4 0 0 0
T 75 12 0 0 0
T 76 9 0 7 1
E 76 0 1 16
E 76 1 1 16
E 76 2 1 16
E 76 3 1 16
E 76 4 1 16
E 76 5 1 16
E 76 6 1 16
T 77 12 0 0 0
T 78 8 0 0 0
T 79 9 0 0 0
T 80 9 0 7 1
E 80 0 1 16
E 80 1 1 16
E 80 2 1 16
E 80 3 1 16
E 80 4 1 16
E 80 5 1 16
E 80 6 1 16
T 81 11 0 0 0
T 82 9 0 0 0
T 83 12 0 0 0
T 84 12 0 0 0
T 85 7 0 7 1
E 85 0 1 14
E 85 1 1 14
E 85 2 1 14
E 85 3 1 14
E 85 4 1 14
E 85 5 1 14
E 85 6 1 14
T 86 2 0 0 0
T 87 5 0 0 0
T 88 5 0 0 0
T 89 10 0 0 0
T 90 6 0 0 0
T 91 1 0 0 0
T 92 3 0 0 0
T 93 8 0 0 0
T 94 8 0 0 0
T 95 4 0 0 0
T 96 3 0 0 0
T 97 2 0 0 0
T 98 0 0 0 0
T 99 2 0 0 0
T 100 4 0 0 0
T 101 3 0 0 0
T 102 1 0 0 0
T 103 3 0 0 0
T 104 5 0 0 0
T 105 5 0 0 0
T 106 1 0 0 0
T 107 6 0 0 0
T 108 12 0 0 0
T 109 7 0 0 0
T 110 3 0 0 0
T 111 7 0 0 0
T 112 10 0 0 0
T 113 7 0 7 1
E 113 0 -1 -14
E 113 1 -1 -14
E 113 2 -1 -14
E 113 3 -1 -14
E 113 4 -1 -14
E 113 5 -1 -14
E 113 6 -1 -14
T 114 3 0 0 0
T 115 8 0 0 0
T 116 10 0 0 0
T 117 6 0 7 1
E 117 0 -1 -13
E 117 1 -1 -13
E 117 2 -1 -13
E 117 3 -1 -13
E 117 4 -1 -13
E 117 5 -1 -13
E 117 6 -1 -13
T 118 6 0 7 1
E 118 0 -1 -13
E 118 1 -1 -13
E 118 2 -1 -13
E 118 3 -1 -13
E 118 4 -1 -13
E 118 5 -1 -13
E 118 6 -1 -13
T 119 1 0 0 0
T 120 3 0 0 0
T 121 6 0 0 0
T 122 9 0 0 0
T 123 6 0 7 1
E 123 0 1 13
E 123 1 1 13
E 123 2 1 13
E 123 3 1 13
E 123 4 1 13
E 123 5 1 13
E 123 6 1 13
T 124 0 0 0 0
T 125 6 0 0 0
T 126 3 0 0 0
T 127 6 0 0 0
T 128 10 0 0 0
T 129 10 0 0 0
T 130 6 0 7 1
E 130 0 -1 -13
E 130 1 -1 -13
E 130 2 -1 -13
E 130 3 -1 -13
E 130 4 -1 -13
E 130 5 -1 -13
E 130 6 -1 -13
T 131 6 0 7 1
E 131 0 -1 -13
E 131 1 -1 -13
E 131 2 -1 -13
E 131 3 -1 -13
E 131 4 -1 -13
E 131 5 -1 -13
E 131 6 -1 -13
T 132 7 0 0 0
T 133 6 0 7 1
E 133 0 -1 -13
E 133 1 -1 -13
E 133 2 -1 -13
E 133 3 -1 -13
E 133 4 -1 -13
E 133 5 -1 -13
E 133 6 -1 -13
T 134 5 0 0 0
T 135 11 0 0 0
T 136 6 0 7 1
E 136 0 -1 -13
E 136 1 -1 -13
E 136 2 -1 -13
E 136 3 -1 -13
E 136 4 -1 -13
E 136 5 -1 -13
E 136 6 -1 -13
T 137 9 0 0 0
T 138 7 0 7 1
E 138 0 -1 -14
E 138 1 -1 -14
E 138 2 -1 -14
E 138 3 -1 -14
E 138 4 -1 -14
E 138 5 -1 -14
E 138 6 -1 -14
T 139 10 0 0 0
T 140 6 0 7 1
E 140 0 -1 -13
E 140 1 -1 -13
E 140 2 -1 -13
E 140 3 -1 -13
E 140 4 -1 -13
E 140 5 -1 -13
E 140 6 -1 -13
T 141 7 0 0 0
T 142 5 0 0 0
T 143 10 0 0 0
T 144 7 0 0 0
T 145 6 0 0 0
T 146 6 0 0 0
T 147 2 0 0 0
T 148 3 0 0 0
T 149 1 0 0 0
T 150 6 0 0 0
T 151 7 0 0 0
T 152 6 0 0 0
T 153 7 0 7 1
E 153 0 -1 -14
E 153 1 -1 -14
E 153 2 -1 -14
E 153 3 -1 -14
E 153 4 -1 -14
E 153 5 -1 -14
E 153 6 -1 -14
T 154 5 0 0 0
T 155 11 0 0 0
T 156 9 0 0 0
T 157 8 0 0 0
T 158 9 0 0 0
T 159 8 0 0 0
T 160 3 0 0 0
T 161 1 0 0 0
T 162 1 0 0 0
T 163 7 0 0 0
T 164 6 0 7 1
E 164 0 -1 -13
E 164 1 -1 -13
E 164 2 -1 -13
E 164 3 -1 -13
E 164 4 -1 -13
E 164 5 -1 -13
E 164 6 -1 -13
T 165 11 0 0 0
T 166 7 0 7 1
E 166 0 -1 -14
E 166 1 -1 -14
E 166 2 -1 -14
E 166 3 -1 -14
E 166 4 -1 -14
E 166 5 -1 -14
E 166 6 -1 -14
T 167 3 0 0 0
T 168 2 0 0 0
T 169 8 0 0 0
T 170 7 0 7 1
E 170 0 -1 -14
E 170 1 -1 -14
E 170 2 -1 -14
E 170 3 -1 -14
E 170 4 -1 -14
E 170 5 -1 -14
E 170 6 -1 -14
T 171 10 0 0 0
T 172 7 0 7 1
E 172 0 -1 -14
E 172 1 -1 -14
E 172 2 -1 -14
E 172 3 -1 -14
E 172 4 -1 -14
E 172 5 -1 -14
E 172 6 -1 -14
T 173 7 0 0 0
T 174 12 0 0 0
T 175 5 0 7 1
E 175 0 -2 -19
E 175 1 -2 -19
E 175 2 -2 -19
E 175 3 -2 -19
E 175 4 -2 -19
E 175 5 -2 -19
E 175 6 -2 -19
T 176 6 0 7 1
E 176 0 -1 -13
E 176 1 -1 -13
E 176 2 -1 -13
E 176 3 -1 -13
E 176 4 -1 -13
E 176 5 -1 -13
E 176 6 -1 -13
T 177 6 0 0 0
T 178 10 0 0 0
T 179 10 0 0 0
T 180 8 0 0 0
T 181 6 0 7 1
E 181 0 -1 -13
E 181 1 -1 -13
E 181 2 -1 -13
E 181 3 -1 -13
E 181 4 -1 -13
E 181 5 -1 -13
E 181 6 -1 -13
T 182 2 0 0 0
T 183 9 0 0 0
T 184 6 0 0 0
T 185 3 0 0 0
T 186 5 0 0 0
T 187 7 0 0 0
T 188 12 0 0 0
T 189 8 0 7 1
E 189 0 -1 -15
E 189 1 -1 -15
E 189 2 -1 -15
E 189 3 -1 -15
E 189 4 -1 -15
E 189 5 -1 -15
E 189 6 -1 -15
T 190 3 0 0 0
T 191 1 0 0 0
T 192 3 0 0 0
T 193 5 0 0 0
T 194 6 0 0 0
T 195 8 0 0 0
T 196 6 0 7 1
E 196 0 -1 -13
E 196 1 -1 -13
E 196 2 -1 -13
E 196 3 -1 -13
E 196 4 -1 -13
E 196 5 -1 -13
E 196 6 -1 -13
T 197 2 0 0 0
T 198 3 0 0 0
T 199 1 0 0 0
T 200 4 0 0 0
T 201 0 0 0 0
T 202 4 0 0 0
T 203 3 0 0 0
T 204 10 0 0 0
T 205 6 0 0 0
T 206 4 0 0 0
T 207 5 0 0 0
T 208 1 0 0 0
T 209 3 0 0 0
T 210 7 0 0 0
T 211 9 0 0 0
T 212 5 0 0 0
T 213 1 0 0 0
T 214 0 0 0 0
T 215 2 0 0 0
T 216 1 0 0 0
T 217 1 0 0 0
T 218 2 0 0 0
T 219 10 0 0 0
T 220 8 0 7 1
E 220 0 -1 -15
E 220 1 -1 -15
E 220 2 -1 -15
E 220 3 -1 -15
E 220 4 -1 -15
E 220 5 -1 -15
E 220 6 -1 -15
T 221 9 0 0 0
T 222 6 0 0 0
T 223 9 0 0 0
T 224 6 0 7 1
E 224 0 -1 -13
E 224 1 -1 -13
E 224 2 -1 -13
E 224 3 -1 -13
E 224 4 -1 -13
E 224 5 -1 -13
E 224 6 -1 -13
T 225 8 0 0 0
T 226 8 0 7 1
E 226 0 -1 -15
E 226 1 -1 -15
E 226 2 -1 -15
E 226 3 -1 -15
E 226 4 -1 -15
E 226 5 -1 -15
E 226 6 -1 -15
T 227 7 0 0 0
T 228 7 0 7 1
E 228 0 -1 -14
E 228 1 -1 -14
E 228 2 -1 -14
E 228 3 -1 -14
E 228 4 -1 -14
E 228 5 -1 -14
E 228 6 -1 -14
T 229 6 0 7 1
E 229 0 -1 -13
E 229 1 -1 -13
E 229 2 -1 -13
E 229 3 -1 -13
E 229 4 -1 -13
E 229 5 -1 -13
E 229 6 -1 -13
T 230 3 0 0 0
T 231 6 0 0 0
T 232 5 0 0 0
T 233 5 0 0 0
T 234 12 0 0 0
T 235 10 0 7 1
E 235 0 -1 -17
E 235 1 -1 -17
E 235 2 -1 -17
E 235 3 -1 -17
E 235 4 -1 -17
E 235 5 -1 -17
E 235 6 -1 -17
T 236 11 0 0 0
T 237 12 0 0 0
T 238 9 0 0 0
T 239 8 0 7 1
E 239 0 -1 -15
E 239 1 -1 -15
E 239 2 -1 -15
E 239 3 -1 -15
E 239 4 -1 -15
E 239 5 -1 -15
E 239 6 -1 -15
T 240 9 0 7 1
E 240 0 4 37
E 240 1 4 37
E 240 2 4 37
E 240 3 4 37
E 240 4 4 37
E 240 5 4 37
E 240 6 4 37
T 241 12 0 0 0
T 242 7 0 7 1
E 242 0 1 14
E 242 1 1 14
E 242 2 1 14
E 242 3 1 14
E 242 4 1 14
E 242 5 1 14
E 242 6 1 14
T 243 12 0 0 0
T 244 9 0 0 0
T 245 6 0 7 1
E 245 0 1 13
E 245 1 1 13
E 245 2 1 13
E 245 3 1 13
E 245 4 1 13
E 245 5 1 13
E 245 6 1 13
T 246 5 0 0 0
T 247 7 0 0 0
T 248 4 0 0 0
T 249 11 0 0 0
T 250 10 0 0 0
T 251 10 0 0 0
T 252 10 0 7 1
E 252 0 1 17
E 252 1 1 17
E 252 2 1 17
E 252 3 1 17
E 252 4 1 17
E 252 5 1 17
E 252 6 1 17
T 253 10 0 0 0
T 254 9 0 7 1
E 254 0 1 16
E 254 1 1 16
E 254 2 1 16
E 254 3 1 16
E 254 4 1 16
E 254 5 1 16
E 254 6 1 16
T 255 7 0 0 0
T 256 6 0 7 1
E 256 0 1 13
E 256 1 1 13
E 256 2 1 13
E 256 3 1 13
E 256 4 1 13
E 256 5 1 13
E 256 6 1 13
T 257 5 0 0 0
T 258 3 0 0 0
T 259 6 0 0 0
T 260 8 0 0 0
T 261 8 0 7 1
E 261 0 1 15
E 261 1 1 15
E 261 2 1 15
E 261 3 1 15
E 261 4 1 15
E 261 5 1 15
E 261 6 1 15
T 262 4 0 0 0
T 263 3 0 0 0
T 264 8 0 0 0
T 265 6 0 7 1
E 265 0 1 13
E 265 1 1 13
E 265 2 1 13
E 265 3 1 13
E 265 4 1 13
E 265 5 1 13
E 265 6 1 13
T 266 1 0 0 0
T 267 7 0 0 0
T 268 11 0 0 0
T 269 11 0 0 0
T 270 4 0 7 1
E 270 0 2 18
E 270 1 2 18
E 270 2 2 18
E 270 3 2 18
E 270 4 2 18
E 270 5 2 18
E 270 6 2 18
T 271 6 0 0 0
T 272 7 0 0 0
T 273 4 0 0 0
T 274 5 0 0 0
T 275 5 0 0 0
T 276 5 0 0 0
T 277 4 0 0 0
T 278 2 0 0 0
T 279 10 0 0 0
T 280 10 0 7 1
E 280 0 1 17
E 280 1 1 17
E 280 2 1 17
E 280 3 1 17
E 280 4 1 17
E 280 5 1 17
E 280 6 1 17
T 281 10 0 0 0
T 282 12 0 0 0
T 283 7 0 7 1
E 283 0 1 14
E 283 1 1 14
E 283 2 1 14
E 283 3 1 14
E 283 4 1 14
E 283 5 1 14
E 283 6 1 14
T 284 3 0 0 0
T 285 7 0 0 0
T 286 6 0 7 1
E 286 0 1 13
E 286 1 1 13
E 286 2 1 13
E 286 3 1 13
E 286 4 1 13
E 286 5 1 13
E 286 6 1 13
T 287 11 0 0 0
T 288 6 0 0 0
T 289 6 0 0 0
T 290 2 0 0 0
T 291 3 0 0 0
T 292 5 0 0 0
T 293 11 0 0 0
T 294 7 0 0 0
T 295 6 0 0 0
T 296 5 0 0 0
T 297 11 0 0 0
T 298 8 0 0 0
T 299 8 0 0 0
T 300 8 0 7 1
E 300 0 1 15
E 300 1 1 15
E 300 2 1 15
E 300 3 1 15
E 300 4 1 15
E 300 5 1 15
E 300 6 1 15
T 301 8 0 0 0
T 302 6 0 7 1
E 302 0 1 13
E 302 1 1 13
E 302 2 1 13
E 302 3 1 13
E 302 4 1 13
E 302 5 1 13
E 302 6 1 13
T 303 10 0 0 0
T 304 9 0 0 0
T 305 9 0 7 1
E 305 0 1 16
E 305 1 1 16
E 305 2 1 16
E 305 3 1 16
E 305 4 1 16
E 305 5 1 16
E 305 6 1 16
T 306 8 0 0 0
T 307 9 0 7 1
E 307 0 1 16
E 307 1 1 16
E 307 2 1 16
E 307 3 1 16
E 307 4 1 16
E 307 5 1 16
E 307 6 1 16
T 308 8 0 7 1
E 308 0 1 15
E 308 1 1 15
E 308 2 1 15
E 308 3 1 15
E 308 4 1 15
E 308 5 1 15
E 308 6 1 15
T 309 7 0 0 0
T 310 7 0 0 0
T 311 7 0 0 0
T 312 6 0 7 1
E 312 0 1 13
E 312 1 1 13
E 312 2 1 13
E 312 3 1 13
E 312 4 1 13
E 312 5 1 13
E 312 6 1 13
T 313 2 0 0 0
T 314 2 0 0 0
T 315 5 0 0 0
T 316 5 0 0 0
T 317 4 0 0 0
T 318 1 0 0 0
T 319 0 0 0 0
T 320 8 0 0 0
T 321 7 0 0 0
T 322 10 0 0 0
T 323 7 0 0 0
T 324 4 0 0 0
T 325 4 0 0 0
T 326 0 0 0 0
T 327 0 0 0 0
T 328 5 0 0 0
T 329 7 0 0 0
T 330 3 0 0 0
T 331 7 0 0 0
T 332 6 0 0 0
T 333 6 0 0 0
T 334 7 0 0 0
T 335 10 0 0 0
T 336 8 0 7 1
E 336 0 1 15
E 336 1 1 15
E 336 2 1 15
E 336 3 1 15
E 336 4 1 15
E 336 5 1 15
E 336 6 1 15
T 337 6 0 0 0
T 338 10 0 0 0
T 339 7 0 0 0
T 340 12 0 0 0
T 341 10 0 7 1
E 341 0 1 17
E 341 1 1 17
E 341 2 1 17
E 341 3 1 17
E 341 4 1 17
E 341 5 1 17
E 341 6 1 17
T 342 7 0 0 0
T 343 1 0 0 0
T 344 1 0 0 0
T 345 4 0 0 0
T 346 4 0 0 0
T 347 9 0 0 0
T 348 9 0 0 0
T 349 12 0 0 0
T 350 10 0 0 0
T 351 7 0 0 0
T 352 10 0 0 0
T 353 4 0 0 0
T 354 2 0 0 0
T 355 3 0 0 0
T 356 2 0 0 0
T 357 0 0 0 0
T 358 6 0 0 0
T 359 4 0 0 0
T 360 6 0 0 0
T 361 8 0 0 0
T 362 6 0 7 1
E 362 0 -1 -13
E 362 1 -1 -13
E 362 2 -1 -13
E 362 3 -1 -13
E 362 4 -1 -13
E 362 5 -1 -13
E 362 6 -1 -13
T 363 3 0 0 0
T 364 1 0 0 0
T 365 3 0 0 0
T 366 1 0 0 0
T 367 4 0 0 0
T 368 0 0 0 0
T 369 2 0 0 0
T 370 8 0 0 0
T 371 7 0 0 0
T 372 5 0 0 0
T 373 4 0 0 0
T 374 11 0 0 0
T 375 10 0 7 1
E 375 0 -1 -17
E 375 1 -1 -17
E 375 2 -1 -17
E 375 3 -1 -17
E 375 4 -1 -17
E 375 5 -1 -17
E 375 6 -1 -17
T 376 9 0 0 0
T 377 8 0 0 0
T 378 12 0 0 0
T 379 6 0 7 1
E 379 0 -1 -13
E 379 1 -1 -13
E 379 2 -1 -13
E 379 3 -1 -13
E 379 4 -1 -13
E 379 5 -1 -13
E 379 6 -1 -13
T 380 8 0 0 0
T 381 7 0 0 0
T 382 5 0 0 0
T 383 8 0 0 0
T 384 4 0 0 0
T 385 4 0 0 0
T 386 1 0 0 0
T 387 8 0 0 0
T 388 10 0 0 0
T 389 6 0 0 0
T 390 10 0 0 0
T 391 9 0 0 0
T 392 6 0 0 0
T 393 3 0 0 0
T 394 9 0 0 0
T 395 4 0 0 0
T 396 9 0 0 0
T 397 7 0 0 0
T 398 3 0 0 0
T 399 6 0 0 0
T 400 11 0 0 0
T 401 9 0 7 1
E 401 0 -1 -16
E 401 1 -1 -16
E 401 2 -1 -16
E 401 3 -1 -16
E 401 4 -1 -16
E 401 5 -1 -16
E 401 6 -1 -16
T 402 5 0 0 0
T 403 9 0 0 0
T 404 11 0 0 0
T 405 9 0 7 1
E 405 0 -1 -16
E 405 1 -1 -16
E 405 2 -1 -16
E 405 3 -1 -16
E 405 4 -1 -16
E 405 5 -1 -16
E 405 6 -1 -16
T 406 12 0 0 0
T 407 9 0 7 1
E 407 0 -1 -16
E 407 1 -1 -16
E 407 2 -1 -16
E 407 3 -1 -16
E 407 4 -1 -16
E 407 5 -1 -16
E 407 6 -1 -16
T 408 11 0 0 0
T 409 5 0 7 1
E 409 0 -2 -19
E 409 1 -2 -19
E 409 2 -2 -19
E 409 3 -2 -19
E 409 4 -2 -19
E 409 5 -2 -19
E 409 6 -2 -19
T 410 5 0 0 0
T 411 1 0 0 0
T 412 0 0 0 0
T 413 3 0 0 0
T 414 4 0 0 0
T 415 6 0 0 0
T 416 12 0 0 0
T 417 12 0 0 0
T 418 6 0 7 1
E 418 0 -2 -20
E 418 1 -2 -20
E 418 2 -2 -20
E 418 3 -2 -20
E 418 4 -2 -20
E 418 5 -2 -20
E 418 6 -2 -20
T 419 9 0 0 0
T 420 12 0 0 0
T 421 5 0 7 1
E 421 0 -2 -19
E 421 1 -2 -19
E 421 2 -2 -19
E 421 3 -2 -19
E 421 4 -2 -19
E 421 5 -2 -19
E 421 6 -2 -19
T 422 2 0 0 0
T 423 5 0 0 0
T 424 6 0 0 0
T 425 9 0 0 0
T 426 10 0 7 1
E 426 0 -1 -17
E 426 1 -1 -17
E 426 2 -1 -17
E 426 3 -1 -17
E 426 4 -1 -17
E 426 5 -1 -17
E 426 6 -1 -17
T 427 9 0 7 1
E 427 0 -1 -16
E 427 1 -1 -16
E 427 2 -1 -16
E 427 3 -1 -16
E 427 4 -1 -16
E 427 5 -1 -16
E 427 6 -1 -16
T 428 10 0 0 0
T 429 7 0 7 1
E 429 0 -1 -14
E 429 1 -1 -14
E 429 2 -1 -14
E 429 3 -1 -14
E 429 4 -1 -14
E 429 5 -1 -14
E 429 6 -1 -14
T 430 6 0 7 1
E 430 0 -1 -13
E 430 1 -1 -13
E 430 2 -1 -13
E 430 3 -1 -13
E 430 4 -1 -13
E 430 5 -1 -13
E 430 6 -1 -13
T 431 9 0 0 0
T 432 10 0 0 0
T 433 6 0 0 0
T 434 8 0 0 0
T 435 11 0 0 0
T 436 11 0 0 0
T 437 11 0 0 0
T 438 8 0 7 1
E 438 0 -1 -15
E 438 1 -1 -15
E 438 2 -1 -15
E 438 3 -1 -15
E 438 4 -1 -15
E 438 5 -1 -15
E 438 6 -1 -15
T 439 9 0 0 0
T 440 7 0 0 0
T 441 12 0 0 0
T 442 10 0 0 0
T 443 10 0 0 0
T 444 7 0 7 1
E 444 0 -1 -14
E 444 1 -1 -14
E 444 2 -1 -14
E 444 3 -1 -14
E 444 4 -1 -14
E 444 5 -1 -14
E 444 6 -1 -14
T 445 5 0 0 0
T 446 11 0 0 0
T 447 7 0 0 0
T 448 11 0 0 0
T 449 12 0 0 0
T 450 8 0 7 1
E 450 0 -1 -15
E 450 1 -1 -15
E 450 2 -1 -15
E 450 3 -1 -15
E 450 4 -1 -15
E 450 5 -1 -15
E 450 6 -1 -15
T 451 8 0 0 0
T 452 10 0 0 0
T 453 6 0 0 0
T 454 3 0 0 0
T 455 1 0 0 0
T 456 3 0 0 0
T 457 6 0 0 0
T 458 7 0 7 1
E 458 0 -1 -14
E 458 1 -1 -14
E 458 2 -1 -14
E 458 3 -1 -14
E 458 4 -1 -14
E 458 5 -1 -14
E 458 6 -1 -14
T 459 3 0 0 0
T 460 4 0 0 0
T 461 2 0 0 0
T 462 1 0 0 0
T 463 4 0 0 0
T 464 12 0 0 0
T 465 7 0 7 1
E 465 0 -1 -14
E 465 1 -1 -14
E 465 2 -1 -14
E 465 3 -1 -14
E 465 4 -1 -14
E 465 5 -1 -14
E 465 6 -1 -14
T 466 8 0 7 1
E 466 0 -1 -15
E 466 1 -1 -15
E 466 2 -1 -15
E 466 3 -1 -15
E 466 4 -1 -15
E 466 5 -1 -15
E 466 6 -1 -15
T 467 10 0 0 0
T 468 8 0 0 0
T 469 7 0 7 1
E 469 0 -1 -14
E 469 1 -1 -14
E 469 2 -1 -14
E 469 3 -1 -14
E 469 4 -1 -14
E 469 5 -1 -14
E 469 6 -1 -14
T 470 12 0 0 0
T 471 7 0 7 1
E 471 0 -1 -14
E 471 1 -1 -14
E 471 2 -1 -14
E 471 3 -1 -14
E 471 4 -1 -14
E 471 5 -1 -14
E 471 6 -1 -14
T 472 2 0 0 0
T 473 9 0 0 0
T 474 8 0 0 0
T 475 7 0 7 1
E 475 0 -1 -14
E 475 1 -1 -14
E 475 2 -1 -14
E 475 3 -1 -14
E 475 4 -1 -14
E 475 5 -1 -14
E 475 6 -1 -14
T 476 9 0 0 0
T 477 8 0 0 0
T 478 9 0 0 0
T 479 6 0 7 1
E 479 0 -1 -13
E 479 1 -1 -13
E 479 2 -1 -13
E 479 3 -1 -13
E 479 4 -1 -13
E 479 5 -1 -13
E 479 6 -1 -13
T 480 10 0 7 1
E 480 0 5 45
E 480 1 5 45
E 480 2 5 45
E 480 3 5 45
E 480 4 5 45
E 480 5 5 45
E 480 6 5 45
T 481 10 0 7 1
E 481 0 1 17
E 481 1 1 17
E 481 2 1 17
E 481 3 1 17
E 481 4 1 17
E 481 5 1 17
E 481 6 1 17
T 482 8 0 7 1
E 482 0 1 15
E 482 1 1 15
E 482 2 1 15
E 482 3 1 15
E 482 4 1 15
E 482 5 1 15
E 482 6 1 15
T 483 6 0 7 1
E 483 0 1 13
E 483 1 1 13
E 483 2 1 13
E 483 3 1 13
E 483 4 1 13
E 483 5 1 13
E 483 6 1 13
T 484 7 0 0 0
T 485 6 0 7 1
E 485 0 1 13
E 485 1 1 13
E 485 2 1 13
E 485 3 1 13
E 485 4 1 13
E 485 5 1 13
E 485 6 1 13
T 486 6 0 7 1
E 486 0 1 13
E 486 1 1 13
E 486 2 1 13
E 486 3 1 13
E 486 4 1 13
E 486 5 1 13
E 486 6 1 13
T 487 10 0 0 0
T 488 7 0 7 1
E 488 0 1 14
E 488 1 1 14
E 488 2 1 14
E 488 3 1 14
E 488 4 1 14
E 488 5 1 14
E 488 6 1 14
T 489 5 0 0 0
T 490 6 0 0 0
T 491 3 0 0 0
T 492 5 0 0 0
T 493 7 0 0 0
T 494 12 0 0 0
T 495 8 0 0 0
T 496 7 0 7 1
E 496 0 1 14
E 496 1 1 14
E 496 2 1 14
E 496 3 1 14
E 496 4 1 14
E 496 5 1 14
E 496 6 1 14
T 497 11 0 0 0
T 498 8 0 7 1
E 498 0 1 15
E 498 1 1 15
E 498 2 1 15
E 498 3 1 15
E 498 4 1 15
E 498 5 1 15
E 498 6 1 15
T 499 9 0 0 0
T 500 9 0 0 0
T 501 6 0 7 1
E 501 0 1 13
E 501 1 1 13
E 501 2 1 13
E 501 3 1 13
E 501 4 1 13
E 501 5 1 13
E 501 6 1 13
T 502 9 0 0 0
T 503 8 0 0 0
T 504 9 0 7 1
E 504 0 1 16
E 504 1 1 16
E 504 2 1 16
E 504 3 1 16
E 504 4 1 16
E 504 5 1 16
E 504 6 1 16
T 505 6 0 0 0
T 506 10 0 0 0
T 507 11 0 0 0
T 508 6 0 0 0
T 509 11 0 0 0
T 510 10 0 0 0
T 511 9 0 7 1
E 511 0 1 16
E 511 1 1 16
E 511 2 1 16
E 511 3 1 16
E 511 4 1 16
E 511 5 1 16
E 511 6 1 16
T 512 9 0 7 1
E 512 0 1 16
E 512 1 1 16
E 512 2 1 16
E 512 3 1 16
E 512 4 1 16
E 512 5 1 16
E 512 6 1 16
T 513 4 0 0 0
T 514 2 0 0 0
T 515 6 0 0 0
T 516 6 0 0 0
T 517 7 0 7 1
E 517 0 1 14
E 517 1 1 14
E 517 2 1 14
E 517 3 1 14
E 517 4 1 14
E 517 5 1 14
E 517 6 1 14
T 518 5 0 0 0
T 519 6 0 0 0
T 520 6 0 0 0
T 521 2 0 0 0
T 522 7 0 0 0
T 523 3 0 0 0
T 524 11 0 0 0
T 525 8 0 0 0
T 526 5 0 0 0
T 527 7 0 0 0
T 528 9 0 0 0
T 529 6 0 0 0
T 530 6 0 7 1
E 530 0 1 13
E 530 1 1 13
E 530 2 1 13
E 530 3 1 13
E 530 4 1 13
E 530 5 1 13
E 530 6 1 13
T 531 6 0 0 0
T 532 6 0 7 1
E 532 0 1 13
E 532 1 1 13
E 532 2 1 13
E 532 3 1 13
E 532 4 1 13
E 532 5 1 13
E 532 6 1 13
T 533 2 0 0 0
T 534 1 0 0 0
T 535 1 0 0 0
T 536 0 0 0 0
T 537 2 0 0 0
T 538 5 0 0 0
T 539 12 0 0 0
T 540 6 0 7 1
E 540 0 2 20
E 540 1 2 20
E 540 2 2 20
E 540 3 2 20
E 540 4 2 20
E 540 5 2 20
E 540 6 2 20
T 541 6 0 7 1
E 541 0 1 13
E 541 1 1 13
E 541 2 1 13
E 541 3 1 13
E 541 4 1 13
E 541 5 1 13
E 541 6 1 13
T 542 10 0 0 0
T 543 12 0 0 0
T 544 10 0 0 0
T 545 6 0 7 1
E 545 0 1 13
E 545 1 1 13
E 545 2 1 13
E 545 3 1 13
E 545 4 1 13
E 545 5 1 13
E 545 6 1 13
T 546 12 0 0 0
T 547 8 0 0 0
T 548 12 0 0 0
T 549 5 0 7 1
E 549 0 2 19
E 549 1 2 19
E 549 2 2 19
E 549 3 2 19
E 549 4 2 19
E 549 5 2 19
E 549 6 2 19
T 550 3 0 0 0
T 551 0 0 0 0
T 552 1 0 0 0
T 553 4 0 0 0
T 554 5 0 0 0
T 555 12 0 0 0
T 556 8 0 7 1
E 556 0 1 15
E 556 1 1 15
E 556 2 1 15
E 556 3 1 15
E 556 4 1 15
E 556 5 1 15
E 556 6 1 15
T 557 6 0 0 0
T 558 4 0 0 0
T 559 2 0 0 0
T 560 10 0 0 0
T 561 5 0 0 0
T 562 11 0 0 0
T 563 8 0 0 0
T 564 5 0 0 0
T 565 10 0 0 0
T 566 6 0 7 1
E 566 0 1 13
E 566 1 1 13
E 566 2 1 13
E 566 3 1 13
E 566 4 1 13
E 566 5 1 13
E 566 6 1 13
T 567 7 0 0 0
T 568 6 0 0 0
T 569 5 0 0 0
T 570 7 0 0 0
T 571 2 0 0 0
T 572 6 0 0 0
T 573 6 0 7 1
E 573 0 1 13
E 573 1 1 13
E 573 2 1 13
E 573 3 1 13
E 573 4 1 13
E 573 5 1 13
E 573 6 1 13
T 574 7 0 7 1
E 574 0 1 14
E 574 1 1 14
E 574 2 1 14
E 574 3 1 14
E 574 4 1 14
E 574 5 1 14
E 574 6 1 14
T 575 4 0 0 0
T 576 3 0 0 0
T 577 1 0 0 0
T 578 3 0 0 0
T 579 4 0 0 0
T 580 6 0 0 0
T 581 10 0 0 0
T 582 9 0 0 0
T 583 9 0 0 0
T 584 6 0 7 1
E 584 0 -1 -13
E 584 1 -1 -13
E 584 2 -1 -13
E 584 3 -1 -13
E 584 4 -1 -13
E 584 5 -1 -13
E 584 6 -1 -13
T 585 9 0 0 0
T 586 4 0 0 0
T 587 4 0 0 0
T 588 8 0 0 0
T 589 9 0 0 0
T 590 5 0 0 0
T 591 0 0 0 0
T 592 2 0 0 0
T 593 2 0 0 0
T 594 4 0 0 0
T 595 0 0 0 0
T 596 1 0 0 0
T 597 2 0 0 0
T 598 0 0 0 0
T 599 0 0 0 0
T 600 2 0 0 0
T 601 1 0 0 0
T 602 2 0 0 0
T 603 5 0 0 0
T 604 1 0 0 0
T 605 3 0 0 0
T 606 8 0 0 0
T 607 5 0 0 0
T 608 10 0 0 0
T 609 7 0 0 0
T 610 3 0 0 0
T 611 3 0 0 0
T 612 0 0 0 0
T 613 6 0 0 0
T 614 5 0 0 0
T 615 12 0 0 0
T 616 4 0 7 1
E 616 0 -2 -18
E 616 1 -2 -18
E 616 2 -2 -18
E 616 3 -2 -18
E 616 4 -2 -18
E 616 5 -2 -18
E 616 6 -2 -18
T 617 1 0 0 0
T 618 3 0 0 0
T 619 8 0 0 0
T 620 6 0 0 0
T 621 3 0 0 0
T 622 2 0 0 0
T 623 3 0 0 0
T 624 6 0 0 0
T 625 4 0 0 0
T 626 2 0 0 0
T 627 3 0 0 0
T 628 7 0 0 0
T 629 8 0 0 0
T 630 8 0 0 0
T 631 12 0 0 0
T 632 9 0 0 0
T 633 10 0 0 0
T 634 4 0 7 1
E 634 0 -2 -18
E 634 1 -2 -18
E 634 2 -2 -18
E 634 3 -2 -18
E 634 4 -2 -18
E 634 5 -2 -18
E 634 6 -2 -18
T 635 5 0 0 0
T 636 6 0 7 1
E 636 0 -1 -13
E 636 1 -1 -13
E 636 2 -1 -13
E 636 3 -1 -13
E 636 4 -1 -13
E 636 5 -1 -13
E 636 6 -1 -13
T 637 1 0 0 0
T 638 1 0 0 0
T 639 4 0 0 0
T 640 1 0 0 0
T 641 2 0 0 0
T 642 5 0 0 0
T 643 12 0 0 0
T 644 8 0 0 0
T 645 7 0 0 0
T 646 11 0 0 0
T 647 6 0 0 0
T 648 7 0 7 1
E 648 0 -1 -14
E 648 1 -1 -14
E 648 2 -1 -14
E 648 3 -1 -14
E 648 4 -1 -14
E 648 5 -1 -14
E 648 6 -1 -14
T 649 12 0 0 0
T 650 10 0 0 0
T 651 9 0 0 0
T 652 8 0 7 1
E 652 0 -1 -15
E 652 1 -1 -15
E 652 2 -1 -15
E 652 3 -1 -15
E 652 4 -1 -15
E 652 5 -1 -15
E 652 6 -1 -15
T 653 11 0 0 0
T 654 9 0 7 1
E 654 0 -1 -16
E 654 1 -1 -16
E 654 2 -1 -16
E 654 3 -1 -16
E 654 4 -1 -16
E 654 5 -1 -16
E 654 6 -1 -16
T 655 7 0 0 0
T 656 5 0 0 0
T 657 2 0 0 0
T 658 5 0 0 0
T 659 1 0 0 0
T 660 7 0 0 0
T 661 4 0 0 0
T 662 1 0 0 0
T 663 2 0 0 0
T 664 1 0 0 0
T 665 1 0 0 0
T 666 0 0 0 0
T 667 1 0 0 0
T 668 4 0 0 0
T 669 6 0 0 0
T 670 6 0 7 1
E 670 0 -1 -13
E 670 1 -1 -13
E 670 2 -1 -13
E 670 3 -1 -13
E 670 4 -1 -13
E 670 5 -1 -13
E 670 6 -1 -13
T 671 2 0 0 0
T 672 1 0 0 0
T 673 4 0 0 0
T 674 7 0 0 0
T 675 6 0 7 1
E 675 0 -1 -13
E 675 1 -1 -13
E 675 2 -1 -13
E 675 3 -1 -13
E 675 4 -1 -13
E 675 5 -1 -13
E 675 6 -1 -13
T 676 8 0 0 0
T 677 6 0 0 0
T 678 2 0 0 0
T 679 5 0 0 0
T 680 11 0 0 0
T 681 6 0 7 1
E 681 0 -1 -13
E 681 1 -1 -13
E 681 2 -1 -13
E 681 3 -1 -13
E 681 4 -1 -13
E 681 5 -1 -13
E 681 6 -1 -13
T 682 8 0 0 0
T 683 8 0 7 1
E 683 0 -1 -15
E 683 1 -1 -15
E 683 2 -1 -15
E 683 3 -1 -15
E 683 4 -1 -15
E 683 5 -1 -15
E 683 6 -1 -15
T 684 6 0 7 1
E 684 0 -1 -13
E 684 1 -1 -13
E 684 2 -1 -13
E 684 3 -1 -13
E 684 4 -1 -13
E 684 5 -1 -13
E 684 6 -1 -13
T 685 10 0 0 0
T 686 11 0 0 0
T 687 8 0 0 0
T 688 8 0 7 1
E 688 0 -1 -15
E 688 1 -1 -15
E 688 2 -1 -15
E 688 3 -1 -15
E 688 4 -1 -15
E 688 5 -1 -15
E 688 6 -1 -15
T 689 12 0 0 0
T 690 4 0 7 1
E 690 0 -2 -18
E 690 1 -2 -18
E 690 2 -2 -18
E 690 3 -2 -18
E 690 4 -2 -18
E 690 5 -2 -18
E 690 6 -2 -18
T 691 3 0 0 0
T 692 4 0 0 0
T 693 5 0 0 0
T 694 6 0 0 0
T 695 1 0 0 0
T 696 3 0 0 0
T 697 7 0 0 0
T 698 10 0 0 0
T 699 4 0 7 1
E 699 0 -2 -18
E 699 1 -2 -18
E 699 2 -2 -18
E 699 3 -2 -18
E 699 4 -2 -18
E 699 5 -2 -18
E 699 6 -2 -18
T 700 5 0 0 0
T 701 2 0 0 0
T 702 3 0 0 0
T 703 0 0 0 0
T 704 3 0 0 0
T 705 2 0 0 0
T 706 6 0 0 0
T 707 4 0 0 0
T 708 4 0 0 0
T 709 11 0 0 0
T 710 9 0 0 0
T 711 9 0 7 1
E 711 0 -1 -16
E 711 1 -1 -16
E 711 2 -1 -16
E 711 3 -1 -16
E 711 4 -1 -16
E 711 5 -1 -16
E 711 6 -1 -16
T 712 6 0 7 1
E 712 0 -1 -13
E 712 1 -1 -13
E 712 2 -1 -13
E 712 3 -1 -13
E 712 4 -1 -13
E 712 5 -1 -13
E 712 6 -1 -13
T 713 10 0 0 0
T 714 9 0 0 0
T 715 7 0 0 0
T 716 8 0 0 0
T 717 10 0 0 0
T 718 10 0 0 0
T 719 10 0 7 1
E 719 0 -1 -17
E 719 1 -1 -17
E 719 2 -1 -17
E 719 3 -1 -17
E 719 4 -1 -17
E 719 5 -1 -17
E 719 6 -1 -17
T 720 14 0 7 1
E 720 0 4 42
E 720 1 4 42
E 720 2 4 42
E 720 3 4 42
E 720 4 4 42
E 720 5 4 42
E 720 6 4 42
T 721 4 0 7 1
E 721 0 2 18
E 721 1 2 18
E 721 2 2 18
E 721 3 2 18
E 721 4 2 18
E 721 5 2 18
E 721 6 2 18
T 722 1 0 0 0
T 723 1 0 0 0
T 724 8 0 0 0
T 725 9 0 7 1
E 725 0 1 16
E 725 1 1 16
E 725 2 1 16
E 725 3 1 16
E 725 4 1 16
E 725 5 1 16
E 725 6 1 16
T 726 6 0 7 1
E 726 0 1 13
E 726 1 1 13
E 726 2 1 13
E 726 3 1 13
E 726 4 1 13
E 726 5 1 13
E 726 6 1 13
T 727 4 0 0 0
T 728 11 0 0 0
T 729 7 0 0 0
T 730 10 0 0 0
T 731 6 0 7 1
E 731 0 1 13
E 731 1 1 13
E 731 2 1 13
E 731 3 1 13
E 731 4 1 13
E 731 5 1 13
E 731 6 1 13
T 732 2 0 0 0
T 733 3 0 0 0
T 734 9 0 0 0
T 735 6 0 0 0
T 736 1 0 0 0
T 737 3 0 0 0
T 738 3 0 0 0
T 739 1 0 0 0
T 740 5 0 0 0
T 741 8 0 0 0
T 742 0 0 0 0
T 743 5 0 0 0
T 744 0 0 0 0
T 745 4 0 0 0
T 746 7 0 0 0
T 747 6 0 0 0
T 748 8 0 0 0
T 749 0 0 0 0
T 750 1 0 0 0
T 751 1 0 0 0
T 752 9 0 0 0
T 753 5 0 0 0
T 754 6 0 0 0
T 755 8 0 0 0
T 756 4 0 0 0
T 757 11 0 0 0
T 758 12 0 0 0
T 759 4 0 7 1
E 759 0 2 18
E 759 1 2 18
E 759 2 2 18
E 759 3 2 18
E 759 4 2 18
E 759 5 2 18
E 759 6 2 18
T 760 2 0 0 0
T 761 1 0 0 0
T 762 7 0 0 0
T 763 6 0 0 0
T 764 11 0 0 0
T 765 10 0 0 0
T 766 12 0 0 0
T 767 10 0 0 0
T 768 10 0 0 0
T 769 9 0 0 0
T 770 5 0 0 0
T 771 6 0 0 0
T 772 4 0 0 0
T 773 8 0 0 0
T 774 9 0 7 1
E 774 0 1 16
E 774 1 1 16
E 774 2 1 16
E 774 3 1 16
E 774 4 1 16
E 774 5 1 16
E 774 6 1 16
T 775 11 0 0 0
T 776 10 0 7 1
E 776 0 1 17
E 776 1 1 17
E 776 2 1 17
E 776 3 1 17
E 776 4 1 17
E 776 5 1 17
E 776 6 1 17
T 777 9 0 7 1
E 777 0 1 16
E 777 1 1 16
E 777 2 1 16
E 777 3 1 16
E 777 4 1 16
E 777 5 1 16
E 777 6 1 16
T 778 5 0 0 0
T 779 2 0 0 0
T 780 0 0 0 0
T 781 4 0 0 0
T 782 1 0 0 0
T 783 6 0 0 0
T 784 8 0 0 0
T 785 5 0 0 0
T 786 2 0 0 0
T 787 0 0 0 0
T 788 2 0 0 0
T 789 5 0 0 0
T 790 2 0 0 0
T 791 3 0 0 0
T 792 2 0 0 0
T 793 3 0 0 0
T 794 11 0 0 0
T 795 9 0 7 1
E 795 0 1 16
E 795 1 1 16
E 795 2 1 16
E 795 3 1 16
E 795 4 1 16
E 795 5 1 16
E 795 6 1 16
T 796 6 0 7 1
E 796 0 1 13
E 796 1 1 13
E 796 2 1 13
E 796 3 1 13
E 796 4 1 13
E 796 5 1 13
E 796 6 1 13
T 797 5 0 0 0
T 798 12 0 0 0
T 799 4 0 7 1
E 799 0 2 18
E 799 1 2 18
E 799 2 2 18
E 799 3 2 18
E 799 4 2 18
E 799 5 2 18
E 799 6 2 18
T 800 6 0 0 0
T 801 5 0 0 0
T 802 11 0 0 0
T 803 8 0 0 0
T 804 11 0 0 0
T 805 9 0 0 0
T 806 9 0 0 0
T 807 10 0 7 1
E 807 0 1 17
E 807 1 1 17
E 807 2 1 17
E 807 3 1 17
E 807 4 1 17
E 807 5 1 17
E 807 6 1 17
T 808 8 0 7 1
E 808 0 1 15
E 808 1 1 15
E 808 2 1 15
E 808 3 1 15
E 808 4 1 15
E 808 5 1 15
E 808 6 1 15
T 809 9 0 0 0
T 810 6 0 0 0
T 811 6 0 0 0
T 812 11 0 0 0
T 813 12 0 0 0
T 814 8 0 7 1
E 814 0 1 15
E 814 1 1 15
E 814 2 1 15
E 814 3 1 15
E 814 4 1 15
E 814 5 1 15
E 814 6 1 15
T 815 8 0 0 0
T 816 7 0 7 1
E 816 0 1 14
E 816 1 1 14
E 816 2 1 14
E 816 3 1 14
E 816 4 1 14
E 816 5 1 14
E 816 6 1 14
T 817 12 0 0 0
T 818 12 0 0 0
T 819 6 0 7 1
E 819 0 1 13
E 819 1 1 13
E 819 2 1 13
E 819 3 1 13
E 819 4 1 13
E 819 5 1 13
E 819 6 1 13
T 820 3 0 0 0
T 821 6 0 0 0
T 822 8 0 0 0
T 823 12 0 0 0
T 824 9 0 7 1
E 824 0 1 16
E 824 1 1 16
E 824 2 1 16
E 824 3 1 16
E 824 4 1 16
E 824 5 1 16
E 824 6 1 16
T 825 9 0 0 0
T 826 9 0 0 0
T 827 12 0 0 0
T 828 5 0 0 0
T 829 1 0 0 0
T 830 6 0 0 0
T 831 10 0 0 0
T 832 9 0 0 0
T 833 6 0 7 1
E 833 0 -1 -13
E 833 1 -1 -13
E 833 2 -1 -13
E 833 3 -1 -13
E 833 4 -1 -13
E 833 5 -1 -13
E 833 6 -1 -13
T 834 1 0 0 0
T 835 5 0 0 0
T 836 10 0 0 0
T 837 8 0 7 1
E 837 0 -1 -15
E 837 1 -1 -15
E 837 2 -1 -15
E 837 3 -1 -15
E 837 4 -1 -15
E 837 5 -1 -15
E 837 6 -1 -15
T 838 6 0 0 0
T 839 7 0 0 0
T 840 12 0 0 0
T 841 9 0 0 0
T 842 11 0 0 0
T 843 4 0 7 1
E 843 0 -2 -18
E 843 1 -2 -18
E 843 2 -2 -18
E 843 3 -2 -18
E 843 4 -2 -18
E 843 5 -2 -18
E 843 6 -2 -18
T 844 0 0 0 0
T 845 7 0 0 0
T 846 8 0 0 0
T 847 7 0 0 0
T 848 12 0 0 0
T 849 10 0 7 1
E 849 0 -1 -17
E 849 1 -1 -17
E 849 2 -1 -17
E 849 3 -1 -17
E 849 4 -1 -17
E 849 5 -1 -17
E 849 6 -1 -17
T 850 8 0 7 1
E 850 0 -1 -15
E 850 1 -1 -15
E 850 2 -1 -15
E 850 3 -1 -15
E 850 4 -1 -15
E 850 5 -1 -15
E 850 6 -1 -15
T 851 7 0 7 1
E 851 0 -1 -14
E 851 1 -1 -14
E 851 2 -1 -14
E 851 3 -1 -14
E 851 4 -1 -14
E 851 5 -1 -14
E 851 6 -1 -14
T 852 5 0 0 0
T 853 1 0 0 0
T 854 2 0 0 0
T 855 5 0 0 0
T 856 11 0 0 0
T 857 10 0 7 1
E 857 0 -1 -17
E 857 1 -1 -17
E 857 2 -1 -17
E 857 3 -1 -17
E 857 4 -1 -17
E 857 5 -1 -17
E 857 6 -1 -17
T 858 12 0 0 0
T 859 7 0 0 0
T 860 11 0 0 0
T 861 9 0 0 0
T 862 4 0 0 0
T 863 2 0 0 0
T 864 3 0 0 0
T 865 1 0 0 0
T 866 1 0 0 0
T 867 2 0 0 0
T 868 4 0 0 0
T 869 12 0 0 0
T 870 8 0 7 1
E 870 0 -1 -15
E 870 1 -1 -15
E 870 2 -1 -15
E 870 3 -1 -15
E 870 4 -1 -15
E 870 5 -1 -15
E 870 6 -1 -15
T 871 12 0 0 0
T 872 4 0 7 1
E 872 0 -2 -18
E 872 1 -2 -18
E 872 2 -2 -18
E 872 3 -2 -18
E 872 4 -2 -18
E 872 5 -2 -18
E 872 6 -2 -18
T 873 7 0 0 0
T 874 4 0 0 0
T 875 11 0 0 0
T 876 5 0 7 1
E 876 0 -2 -19
E 876 1 -2 -19
E 876 2 -2 -19
E 876 3 -2 -19
E 876 4 -2 -19
E 876 5 -2 -19
E 876 6 -2 -19
T 877 12 0 0 0
T 878 8 0 7 1
E 878 0 -1 -15
E 878 1 -1 -15
E 878 2 -1 -15
E 878 3 -1 -15
E 878 4 -1 -15
E 878 5 -1 -15
E 878 6 -1 -15
T 879 7 0 0 0
T 880 6 0 7 1
E 880 0 -1 -13
E 880 1 -1 -13
E 880 2 -1 -13
E 880 3 -1 -13
E 880 4 -1 -13
E 880 5 -1 -13
E 880 6 -1 -13
T 881 8 0 0 0
T 882 9 0 0 0
T 883 8 0 0 0
T 884 7 0 0 0
T 885 10 0 0 0
T 886 6 0 0 0
T 887 4 0 0 0
T 888 4 0 0 0
T 889 11 0 0 0
T 890 6 0 7 1
E 890 0 -1 -13
E 890 1 -1 -13
E 890 2 -1 -13
E 890 3 -1 -13
E 890 4 -1 -13
E 890 5 -1 -13
E 890 6 -1 -13
T 891 11 0 0 0
T 892 8 0 7 1
E 892 0 -1 -15
E 892 1 -1 -15
E 892 2 -1 -15
E 892 3 -1 -15
E 892 4 -1 -15
E 892 5 -1 -15
E 892 6 -1 -15
T 893 8 0 7 1
E 893 0 -1 -15
E 893 1 -1 -15
E 893 2 -1 -15
E 893 3 -1 -15
E 893 4 -1 -15
E 893 5 -1 -15
E 893 6 -1 -15
T 894 9 0 0 0
T 895 4 0 0 0
T 896 6 0 0 0
T 897 7 0 0 0
T 898 6 0 0 0
T 899 8 0 0 0
T 900 11 0 0 0
T 901 12 0 0 0
T 902 8 0 0 0
T 903 7 0 0 0
T 904 10 0 0 0
T 905 8 0 0 0
T 906 4 0 0 0
T 907 2 0 0 0
T 908 6 0 0 0
T 909 4 0 0 0
T 910 1 0 0 0
T 911 5 0 0 0
T 912 0 0 0 0
T 913 2 0 0 0
T 914 5 0 0 0
T 915 9 0 0 0
T 916 10 0 0 0
T 917 5 0 0 0
T 918 7 0 0 0
T 919 7 0 0 0
T 920 3 0 0 0
T 921 2 0 0 0
T 922 2 0 0 0
T 923 5 0 0 0
T 924 3 0 0 0
T 925 3 0 0 0
T 926 3 0 0 0
T 927 1 0 0 0
T 928 1 0 0 0
T 929 2 0 0 0
T 930 9 0 0 0
T 931 9 0 0 0
T 932 8 0 0 0
T 933 8 0 7 1
E 933 0 -1 -15
E 933 1 -1 -15
E 933 2 -1 -15
E 933 3 -1 -15
E 933 4 -1 -15
E 933 5 -1 -15
E 933 6 -1 -15
T 934 12 0 0 0
T 935 7 0 0 0
T 936 11 0 0 0
T 937 9 0 0 0
T 938 12 0 0 0
T 939 8 0 0 0
T 940 11 0 0 0
T 941 6 0 7 1
E 941 0 -1 -13
E 941 1 -1 -13
E 941 2 -1 -13
E 941 3 -1 -13
E 941 4 -1 -13
E 941 5 -1 -13
E 941 6 -1 -13
T 942 3 0 0 0
T 943 6 0 0 0
T 944 7 0 7 1
E 944 0 -1 -14
E 944 1 -1 -14
E 944 2 -1 -14
E 944 3 -1 -14
E 944 4 -1 -14
E 944 5 -1 -14
E 944 6 -1 -14
T 945 6 0 7 1
E 945 0 -1 -13
E 945 1 -1 -13
E 945 2 -1 -13
E 945 3 -1 -13
E 945 4 -1 -13
E 945 5 -1 -13
E 945 6 -1 -13
T 946 10 0 0 0
T 947 8 0 7 1
E 947 0 -1 -15
E 947 1 -1 -15
E 947 2 -1 -15
E 947 3 -1 -15
E 947 4 -1 -15
E 947 5 -1 -15
E 947 6 -1 -15
T 948 7 0 0 0
T 949 3 0 0 0
T 950 3 0 0 0
T 951 7 0 0 0
T 952 10 0 0 0
T 953 4 0 7 1
E 953 0 -2 -18
E 953 1 -2 -18
E 953 2 -2 -18
E 953 3 -2 -18
E 953 4 -2 -18
E 953 5 -2 -18
E 953 6 -2 -18
T 954 1 0 0 0
T 955 2 0 0 0
T 956 3 0 0 0
T 957 1 0 0 0
T 958 4 0 0 0
T 959 4 0 0 0
T 960 12 0 7 1
E 960 0 5 47
E 960 1 5 47
E 960 2 5 47
E 960 3 5 47
E 960 4 5 47
E 960 5 5 47
E 960 6 5 47
T 961 9 0 7 1
E 961 0 1 16
E 961 1 1 16
E 961 2 1 16
E 961 3 1 16
E 961 4 1 16
E 961 5 1 16
E 961 6 1 16
T 962 8 0 7 1
E 962 0 1 15
E 962 1 1 15
E 962 2 1 15
E 962 3 1 15
E 962 4 1 15
E 962 5 1 15
E 962 6 1 15
T 963 7 0 7 1
E 963 0 1 14
E 963 1 1 14
E 963 2 1 14
E 963 3 1 14
E 963 4 1 14
E 963 5 1 14
E 963 6 1 14
T 964 6 0 0 0
T 965 6 0 7 1
E 965 0 1 13
E 965 1 1 13
E 965 2 1 13
E 965 3 1 13
E 965 4 1 13
E 965 5 1 13
E 965 6 1 13
T 966 2 0 0 0
T 967 7 0 0 0
T 968 11 0 0 0
T 969 4 0 7 1
E 969 0 2 18
E 969 1 2 18
E 969 2 2 18
E 969 3 2 18
E 969 4 2 18
E 969 5 2 18
E 969 6 2 18
T 970 1 0 0 0
T 971 4 0 0 0
T 972 6 0 0 0
T 973 6 0 7 1
E 973 0 1 13
E 973 1 1 13
E 973 2 1 13
E 973 3 1 13
E 973 4 1 13
E 973 5 1 13
E 973 6 1 13
T 974 3 0 0 0
T 975 9 0 0 0
T 976 9 0 7 1
E 976 0 1 16
E 976 1 1 16
E 976 2 1 16
E 976 3 1 16
E 976 4 1 16
E 976 5 1 16
E 976 6 1 16
T 977 11 0 0 0
T 978 4 0 7 1
E 978 0 2 18
E 978 1 2 18
E 978 2 2 18
E 978 3 2 18
E 978 4 2 18
E 978 5 2 18
E 978 6 2 18
T 979 11 0 0 0
T 980 7 0 7 1
E 980 0 1 14
E 980 1 1 14
E 980 2 1 14
E 980 3 1 14
E 980 4 1 14
E 980 5 1 14
E 980 6 1 14
T 981 10 0 0 0
T 982 7 0 7 1
E 982 0 1 14
E 982 1 1 14
E 982 2 1 14
E 982 3 1 14
E 982 4 1 14
E 982 5 1 14
E 982 6 1 14
T 983 6 0 7 1
E 983 0 1 13
E 983 1 1 13
E 983 2 1 13
E 983 3 1 13
E 983 4 1 13
E 983 5 1 13
E 983 6 1 13
T 984 6 0 7 1
E 984 0 1 13
E 984 1 1 13
E 984 2 1 13
E 984 3 1 13
E 984 4 1 13
E 984 5 1 13
E 984 6 1 13
T 985 2 0 0 0
T 986 2 0 0 0
T 987 4 0 0 0
T 988 8 0 0 0
T 989 12 0 0 0
T 990 8 0 0 0
T 991 1 0 0 0
T 992 1 0 0 0
T 993 1 0 0 0
T 994 1 0 0 0
T 995 3 0 0 0
T 996 1 0 0 0
T 997 8 0 0 0
T 998 6 0 0 0
T 999 12 0 0 0
T 1000 9 0 0 0
T 1001 7 0 0 0
T 1002 12 0 0 0
T 1003 10 0 0 0
T 1004 6 0 0 0
T 1005 2 0 0 0
T 1006 5 0 0 0
T 1007 3 0 0 0
T 1008 9 0 0 0
T 1009 6 0 0 0
T 1010 6 0 7 1
E 1010 0 1 13
E 1010 1 1 13
E 1010 2 1 13
E 1010 3 1 13
E 1010 4 1 13
E 1010 5 1 13
E 1010 6 1 13
T 1011 4 0 0 0
T 1012 9 0 0 0
T 1013 10 0 0 0
T 1014 11 0 0 0
T 1015 5 0 7 1
E 1015 0 2 19
E 1015 1 2 19
E 1015 2 2 19
E 1015 3 2 19
E 1015 4 2 19
E 1015 5 2 19
E 1015 6 2 19
T 1016 2 0 0 0
T 1017 2 0 0 0
T 1018 7 0 0 0
T 1019 10 0 0 0
T 1020 7 0 0 0
T 1021 5 0 0 0
T 1022 3 0 0 0
T 1023 4 0 0 0
T 1024 10 0 0 0
T 1025 10 0 0 0
T 1026 8 0 0 0
T 1027 8 0 0 0
T 1028 6 0 7 1
E 1028 0 1 13
E 1028 1 1 13
E 1028 2 1 13
E 1028 3 1 13
E 1028 4 1 13
E 1028 5 1 13
E 1028 6 1 13
T 1029 4 0 0 0
T 1030 7 0 0 0
T 1031 12 0 0 0
T 1032 7 0 7 1
E 1032 0 1 14
E 1032 1 1 14
E 1032 2 1 14
E 1032 3 1 14
E 1032 4 1 14
E 1032 5 1 14
E 1032 6 1 14
T 1033 4 0 0 0
T 1034 2 0 0 0
T 1035 2 0 0 0
T 1036 4 0 0 0
T 1037 3 0 0 0
T 1038 4 0 0 0
T 1039 5 0 0 0
T 1040 8 0 0 0
T 1041 6 0 7 1
E 1041 0 1 13
E 1041 1 1 13
E 1041 2 1 13
E 1041 3 1 13
E 1041 4 1 13
E 1041 5 1 13
E 1041 6 1 13
T 1042 2 0 0 0
T 1043 7 0 0 0
T 1044 10 0 0 0
T 1045 9 0 7 1
E 1045 0 1 16
E 1045 1 1 16
E 1045 2 1 16
E 1045 3 1 16
E 1045 4 1 16
E 1045 5 1 16
E 1045 6 1 16
T 1046 11 0 0 0
T 1047 7 0 7 1
E 1047 0 1 14
E 1047 1 1 14
E 1047 2 1 14
E 1047 3 1 14
E 1047 4 1 14
E 1047 5 1 14
E 1047 6 1 14
T 1048 12 0 0 0
T 1049 9 0 7 1
E 1049 0 1 16
E 1049 1 1 16
E 1049 2 1 16
E 1049 3 1 16
E 1049 4 1 16
E 1049 5 1 16
E 1049 6 1 16
T 1050 6 0 7 1
E 1050 0 1 13
E 1050 1 1 13
E 1050 2 1 13
E 1050 3 1 13
E 1050 4 1 13
E 1050 5 1 13
E 1050 6 1 13
T 1051 1 0 0 0
T 1052 3 0 0 0
T 1053 4 0 0 0
T 1054 10 0 0 0
T 1055 7 0 0 0
T 1056 9 0 0 0
T 1057 6 0 7 1
E 1057 0 1 13
E 1057 1 1 13
E 1057 2 1 13
E 1057 3 1 13
E 1057 4 1 13
E 1057 5 1 13
E 1057 6 1 13
T 1058 11 0 0 0
T 1059 6 0 7 1
E 1059 0 1 13
E 1059 1 1 13
E 1059 2 1 13
E 1059 3 1 13
E 1059 4 1 13
E 1059 5 1 13
E 1059 6 1 13
T 1060 7 0 0 0
T 1061 11 0 0 0
T 1062 4 0 0 0
T 1063 9 0 0 0
T 1064 5 0 0 0
T 1065 7 0 0 0
T 1066 7 0 0 0
T 1067 4 0 0 0
T 1068 2 0 0 0
T 1069 6 0 0 0
T 1070 11 0 0 0
T 1071 7 0 0 0
T 1072 6 0 0 0
T 1073 10 0 0 0
T 1074 6 0 0 0
T 1075 8 0 0 0
T 1076 1 0 0 0
T 1077 1 0 0 0
T 1078 3 0 0 0
T 1079 4 0 0 0
T 1080 2 0 0 0
T 1081 8 0 0 0
T 1082 10 0 0 0
T 1083 11 0 0 0
T 1084 9 0 0 0
T 1085 8 0 7 1
E 1085 0 -1 -15
E 1085 1 -1 -15
E 1085 2 -1 -15
E 1085 3 -1 -15
E 1085 4 -1 -15
E 1085 5 -1 -15
E 1085 6 -1 -15
T 1086 5 0 0 0
T 1087 11 0 0 0
T 1088 12 0 0 0
T 1089 9 0 7 1
E 1089 0 -1 -16
E 1089 1 -1 -16
E 1089 2 -1 -16
E 1089 3 -1 -16
E 1089 4 -1 -16
E 1089 5 -1 -16
E 1089 6 -1 -16
T 1090 11 0 0 0
T 1091 8 0 7 1
E 1091 0 -1 -15
E 1091 1 -1 -15
E 1091 2 -1 -15
E 1091 3 -1 -15
E 1091 4 -1 -15
E 1091 5 -1 -15
E 1091 6 -1 -15
T 1092 10 0 0 0
T 1093 8 0 7 1
E 1093 0 -1 -15
E 1093 1 -1 -15
E 1093 2 -1 -15
E 1093 3 -1 -15
E 1093 4 -1 -15
E 1093 5 -1 -15
E 1093 6 -1 -15
T 1094 9 0 0 0
T 1095 8 0 0 0
T 1096 6 0 0 0
T 1097 8 0 0 0
T 1098 6 0 0 0
T 1099 11 0 0 0
T 1100 11 0 0 0
T 1101 10 0 7 1
E 1101 0 -1 -17
E 1101 1 -1 -17
E 1101 2 -1 -17
E 1101 3 -1 -17
E 1101 4 -1 -17
E 1101 5 -1 -17
E 1101 6 -1 -17
T 1102 8 0 0 0
T 1103 11 0 0 0
T 1104 10 0 7 1
E 1104 0 -1 -17
E 1104 1 -1 -17
E 1104 2 -1 -17
E 1104 3 -1 -17
E 1104 4 -1 -17
E 1104 5 -1 -17
E 1104 6 -1 -17
T 1105 10 0 0 0
T 1106 6 0 7 1
E 1106 0 -1 -13
E 1106 1 -1 -13
E 1106 2 -1 -13
E 1106 3 -1 -13
E 1106 4 -1 -13
E 1106 5 -1 -13
E 1106 6 -1 -13
T 1107 1 0 0 0
T 1108 1 0 0 0
T 1109 1 0 0 0
T 1110 4 0 0 0
T 1111 4 0 0 0
T 1112 9 0 0 0
T 1113 6 0 7 1
E 1113 0 1 13
E 1113 1 1 13
E 1113 2 1 13
E 1113 3 1 13
E 1113 4 1 13
E 1113 5 1 13
E 1113 6 1 13
T 1114 9 0 0 0
T 1115 10 0 0 0
T 1116 6 0 7 1
E 1116 0 1 13
E 1116 1 1 13
E 1116 2 1 13
E 1116 3 1 13
E 1116 4 1 13
E 1116 5 1 13
E 1116 6 1 13
T 1117 1 0 0 0
T 1118 2 0 0 0
T 1119 3 0 0 0
T 1120 3 0 0 0
T 1121 2 0 0 0
T 1122 3 0 0 0
T 1123 3 0 0 0
T 1124 0 0 0 0
T 1125 0 0 0 0
T 1126 4 0 0 0
T 1127 6 0 0 0
T 1128 7 0 0 0
T 1129 4 0 0 0
T 1130 1 0 0 0
T 1131 4 0 0 0
T 1132 2 0 0 0
T 1133 1 0 0 0
T 1134 1 0 0 0
T 1135 1 0 0 0
T 1136 5 0 0 0
T 1137 1 0 0 0
T 1138 4 0 0 0
T 1139 4 0 0 0
T 1140 9 0 0 0
T 1141 8 0 7 1
E 1141 0 -1 -15
E 1141 1 -1 -15
E 1141 2 -1 -15
E 1141 3 -1 -15
E 1141 4 -1 -15
E 1141 5 -1 -15
E 1141 6 -1 -15
T 1142 9 0 0 0
T 1143 9 0 0 0
T 1144 6 0 7 1
E 1144 0 -1 -13
E 1144 1 -1 -13
E 1144 2 -1 -13
E 1144 3 -1 -13
E 1144 4 -1 -13
E 1144 5 -1 -13
E 1144 6 -1 -13
T 1145 9 0 0 0
T 1146 6 0 0 0
T 1147 4 0 0 0
T 1148 7 0 0 0
T 1149 11 0 0 0
T 1150 6 0 0 0
T 1151 3 0 0 0
T 1152 9 0 0 0
T 1153 6 0 0 0
T 1154 8 0 0 0
T 1155 10 0 0 0
T 1156 8 0 0 0
T 1157 3 0 0 0
T 1158 7 0 0 0
T 1159 8 0 0 0
T 1160 5 0 0 0
T 1161 7 0 0 0
T 1162 7 0 7 1
E 1162 0 -1 -14
E 1162 1 -1 -14
E 1162 2 -1 -14
E 1162 3 -1 -14
E 1162 4 -1 -14
E 1162 5 -1 -14
E 1162 6 -1 -14
T 1163 9 0 0 0
T 1164 9 0 7 1
E 1164 0 -1 -16
E 1164 1 -1 -16
E 1164 2 -1 -16
E 1164 3 -1 -16
E 1164 4 -1 -16
E 1164 5 -1 -16
E 1164 6 -1 -16
T 1165 8 0 7 1
E 1165 0 -1 -15
E 1165 1 -1 -15
E 1165 2 -1 -15
E 1165 3 -1 -15
E 1165 4 -1 -15
E 1165 5 -1 -15
E 1165 6 -1 -15
T 1166 7 0 7 1
E 1166 0 -1 -14
E 1166 1 -1 -14
E 1166 2 -1 -14
E 1166 3 -1 -14
E 1166 4 -1 -14
E 1166 5 -1 -14
E 1166 6 -1 -14
T 1167 10 0 0 0
T 1168 6 0 0 0
T 1169 5 0 0 0
T 1170 6 0 0 0
T 1171 10 0 0 0
T 1172 11 0 0 0
T 1173 7 0 0 0
T 1174 5 0 0 0
T 1175 2 0 0 0
T 1176 1 0 0 0
T 1177 3 0 0 0
T 1178 0 0 0 0
T 1179 4 0 0 0
T 1180 6 0 0 0
T 1181 8 0 0 0
T 1182 7 0 7 1
E 1182 0 -1 -14
E 1182 1 -1 -14
E 1182 2 -1 -14
E 1182 3 -1 -14
E 1182 4 -1 -14
E 1182 5 -1 -14
E 1182 6 -1 -14
T 1183 12 0 0 0
T 1184 9 0 7 1
E 1184 0 -1 -16
E 1184 1 -1 -16
E 1184 2 -1 -16
E 1184 3 -1 -16
E 1184 4 -1 -16
E 1184 5 -1 -16
E 1184 6 -1 -16
T 1185 4 0 0 0
T 1186 1 0 0 0
T 1187 7 0 0 0
T 1188 7 0 7 1
E 1188 0 -1 -14
E 1188 1 -1 -14
E 1188 2 -1 -14
E 1188 3 -1 -14
E 1188 4 -1 -14
E 1188 5 -1 -14
E 1188 6 -1 -14
T 1189 9 0 0 0
T 1190 8 0 7 1
E 1190 0 -1 -15
E 1190 1 -1 -15
E 1190 2 -1 -15
E 1190 3 -1 -15
E 1190 4 -1 -15
E 1190 5 -1 -15
E 1190 6 -1 -15
T 1191 6 0 7 1
E 1191 0 -1 -13
E 1191 1 -1 -13
E 1191 2 -1 -13
E 1191 3 -1 -13
E 1191 4 -1 -13
E 1191 5 -1 -13
E 1191 6 -1 -13
T 1192 6 0 0 0
T 1193 9 0 0 0
T 1194 9 0 0 0
T 1195 5 0 0 0
T 1196 10 0 0 0
T 1197 7 0 7 1
E 1197 0 -1 -14
E 1197 1 -1 -14
E 1197 2 -1 -14
E 1197 3 -1 -14
E 1197 4 -1 -14
E 1197 5 -1 -14
E 1197 6 -1 -14
T 1198 12 0 0 0
T 1199 7 0 7 1
E 1199 0 -1 -14
E 1199 1 -1 -14
E 1199 2 -1 -14
E 1199 3 -1 -14
E 1199 4 -1 -14
E 1199 5 -1 -14
E 1199 6 -1 -14
T 1200 15 0 7 1
E 1200 0 4 43
E 1200 1 4 43
E 1200 2 4 43
E 1200 3 4 43
E 1200 4 4 43
E 1200 5 4 43
E 1200 6 4 43
T 1201 9 0 7 1
E 1201 0 1 16
E 1201 1 1 16
E 1201 2 1 16
E 1201 3 1 16
E 1201 4 1 16
E 1201 5 1 16
E 1201 6 1 16
T 1202 9 0 0 0
T 1203 12 0 0 0
T 1204 7 0 7 1
E 1204 0 1 14
E 1204 1 1 14
E 1204 2 1 14
E 1204 3 1 14
E 1204 4 1 14
E 1204 5 1 14
E 1204 6 1 14
T 1205 11 0 0 0
T 1206 9 0 7 1
E 1206 0 1 16
E 1206 1 1 16
E 1206 2 1 16
E 1206 3 1 16
E 1206 4 1 16
E 1206 5 1 16
E 1206 6 1 16
T 1207 10 0 7 1
E 1207 0 1 17
E 1207 1 1 17
E 1207 2 1 17
E 1207 3 1 17
E 1207 4 1 17
E 1207 5 1 17
E 1207 6 1 17
T 1208 7 0 7 1
E 1208 0 1 14
E 1208 1 1 14
E 1208 2 1 14
E 1208 3 1 14
E 1208 4 1 14
E 1208 5 1 14
E 1208 6 1 14
T 1209 6 0 7 1
E 1209 0 1 13
E 1209 1 1 13
E 1209 2 1 13
E 1209 3 1 13
E 1209 4 1 13
E 1209 5 1 13
E 1209 6 1 13
T 1210 5 0 0 0
T 1211 4 0 0 0
T 1212 6 0 0 0
T 1213 4 0 0 0
T 1214 8 0 0 0
T 1215 11 0 0 0
T 1216 7 0 7 1
E 1216 0 1 14
E 1216 1 1 14
E 1216 2 1 14
E 1216 3 1 14
E 1216 4 1 14
E 1216 5 1 14
E 1216 6 1 14
T 1217 4 0 0 0
T 1218 11 0 0 0
T 1219 8 0 7 1
E 1219 0 1 15
E 1219 1 1 15
E 1219 2 1 15
E 1219 3 1 15
E 1219 4 1 15
E 1219 5 1 15
E 1219 6 1 15
T 1220 11 0 0 0
T 1221 12 0 0 0
T 1222 12 0 0 0
T 1223 8 0 0 0
T 1224 4 0 0 0
T 1225 9 0 0 0
T 1226 10 0 0 0
T 1227 4 0 7 1
E 1227 0 2 18
E 1227 1 2 18
E 1227 2 2 18
E 1227 3 2 18
E 1227 4 2 18
E 1227 5 2 18
E 1227 6 2 18
T 1228 4 0 0 0
T 1229 10 0 0 0
T 1230 8 0 0 0
T 1231 7 0 7 1
E 1231 0 1 14
E 1231 1 1 14
E 1231 2 1 14
E 1231 3 1 14
E 1231 4 1 14
E 1231 5 1 14
E 1231 6 1 14
T 1232 8 0 0 0
T 1233 8 0 7 1
E 1233 0 1 15
E 1233 1 1 15
E 1233 2 1 15
E 1233 3 1 15
E 1233 4 1 15
E 1233 5 1 15
E 1233 6 1 15
T 1234 11 0 0 0
T 1235 4 0 7 1
E 1235 0 2 18
E 1235 1 2 18
E 1235 2 2 18
E 1235 3 2 18
E 1235 4 2 18
E 1235 5 2 18
E 1235 6 2 18
T 1236 1 0 0 0
T 1237 1 0 0 0
T 1238 3 0 0 0
T 1239 3 0 0 0
T 1240 1 0 0 0
T 1241 4 0 0 0
T 1242 2 0 0 0
T 1243 7 0 0 0
T 1244 7 0 7 1
E 1244 0 1 14
E 1244 1 1 14
E 1244 2 1 14
E 1244 3 1 14
E 1244 4 1 14
E 1244 5 1 14
E 1244 6 1 14
T 1245 11 0 0 0
T 1246 6 0 7 1
E 1246 0 1 13
E 1246 1 1 13
E 1246 2 1 13
E 1246 3 1 13
E 1246 4 1 13
E 1246 5 1 13
E 1246 6 1 13
T 1247 7 0 7 1
E 1247 0 1 14
E 1247 1 1 14
E 1247 2 1 14
E 1247 3 1 14
E 1247 4 1 14
E 1247 5 1 14
E 1247 6 1 14
T 1248 6 0 7 1
E 1248 0 1 13
E 1248 1 1 13
E 1248 2 1 13
E 1248 3 1 13
E 1248 4 1 13
E 1248 5 1 13
E 1248 6 1 13
T 1249 7 0 7 1
E 1249 0 1 14
E 1249 1 1 14
E 1249 2 1 14
E 1249 3 1 14
E 1249 4 1 14
E 1249 5 1 14
E 1249 6 1 14
T 1250 9 0 0 0
T 1251 12 0 0 0
T 1252 8 0 7 1
E 1252 0 1 15
E 1252 1 1 15
E 1252 2 1 15
E 1252 3 1 15
E 1252 4 1 15
E 1252 5 1 15
E 1252 6 1 15
T 1253 8 0 7 1
E 1253 0 1 15
E 1253 1 1 15
E 1253 2 1 15
E 1253 3 1 15
E 1253 4 1 15
E 1253 5 1 15
E 1253 6 1 15
T 1254 4 0 0 0
T 1255 2 0 0 0
T 1256 1 0 0 0
T 1257 2 0 0 0
T 1258 3 0 0 0
T 1259 3 0 0 0
T 1260 4 0 0 0
T 1261 1 0 0 0
T 1262 1 0 0 0
T 1263 6 0 0 0
T 1264 3 0 0 0
T 1265 1 0 0 0
T 1266 3 0 0 0
T 1267 4 0 0 0
T 1268 5 0 0 0
T 1269 1 0 0 0
T 1270 5 0 0 0
T 1271 4 0 0 0
T 1272 1 0 0 0
T 1273 8 0 0 0
T 1274 6 0 7 1
E 1274 0 1 13
E 1274 1 1 13
E 1274 2 1 13
E 1274 3 1 13
E 1274 4 1 13
E 1274 5 1 13
E 1274 6 1 13
T 1275 4 0 0 0
T 1276 5 0 0 0
T 1277 2 0 0 0
T 1278 0 0 0 0
T 1279 4 0 0 0
T 1280 6 0 0 0
T 1281 7 0 0 0
T 1282 2 0 0 0
T 1283 4 0 0 0
T 1284 1 0 0 0
T 1285 2 0 0 0
T 1286 9 0 0 0
T 1287 9 0 7 1
E 1287 0 1 16
E 1287 1 1 16
E 1287 2 1 16
E 1287 3 1 16
E 1287 4 1 16
E 1287 5 1 16
E 1287 6 1 16
T 1288 10 0 0 0
T 1289 7 0 7 1
E 1289 0 1 14
E 1289 1 1 14
E 1289 2 1 14
E 1289 3 1 14
E 1289 4 1 14
E 1289 5 1 14
E 1289 6 1 14
T 1290 8 0 0 0
T 1291 6 0 0 0
T 1292 4 0 0 0
T 1293 11 0 0 0
T 1294 8 0 0 0
T 1295 4 0 0 0
T 1296 10 0 0 0
T 1297 5 0 0 0
T 1298 4 0 0 0
T 1299 2 0 0 0
T 1300 0 0 0 0
T 1301 6 0 0 0
T 1302 3 0 0 0
T 1303 8 0 0 0
T 1304 3 0 0 0
T 1305 2 0 0 0
T 1306 3 0 0 0
T 1307 2 0 0 0
T 1308 2 0 0 0
T 1309 1 0 0 0
T 1310 2 0 0 0
T 1311 0 0 0 0
T 1312 2 0 0 0
T 1313 0 0 0 0
T 1314 1 0 0 0
T 1315 8 0 0 0
T 1316 12 0 0 0
T 1317 8 0 7 1
E 1317 0 -1 -15
E 1317 1 -1 -15
E 1317 2 -1 -15
E 1317 3 -1 -15
E 1317 4 -1 -15
E 1317 5 -1 -15
E 1317 6 -1 -15
T 1318 8 0 7 1
E 1318 0 -1 -15
E 1318 1 -1 -15
E 1318 2 -1 -15
E 1318 3 -1 -15
E 1318 4 -1 -15
E 1318 5 -1 -15
E 1318 6 -1 -15
T 1319 10 0 0 0
T 1320 5 0 0 0
T 1321 11 0 0 0
T 1322 8 0 7 1
E 1322 0 -1 -15
E 1322 1 -1 -15
E 1322 2 -1 -15
E 1322 3 -1 -15
E 1322 4 -1 -15
E 1322 5 -1 -15
E 1322 6 -1 -15
T 1323 4 0 0 0
T 1324 9 0 0 0
T 1325 11 0 0 0
T 1326 11 0 0 0
T 1327 9 0 7 1
E 1327 0 -1 -16
E 1327 1 -1 -16
E 1327 2 -1 -16
E 1327 3 -1 -16
E 1327 4 -1 -16
E 1327 5 -1 -16
E 1327 6 -1 -16
T 1328 8 0 0 0
T 1329 8 0 7 1
E 1329 0 -1 -15
E 1329 1 -1 -15
E 1329 2 -1 -15
E 1329 3 -1 -15
E 1329 4 -1 -15
E 1329 5 -1 -15
E 1329 6 -1 -15
T 1330 6 0 0 0
T 1331 5 0 0 0
T 1332 8 0 0 0
T 1333 8 0 0 0
T 1334 7 0 7 1
E 1334 0 -1 -14
E 1334 1 -1 -14
E 1334 2 -1 -14
E 1334 3 -1 -14
E 1334 4 -1 -14
E 1334 5 -1 -14
E 1334 6 -1 -14
T 1335 6 0 7 1
E 1335 0 -1 -13
E 1335 1 -1 -13
E 1335 2 -1 -13
E 1335 3 -1 -13
E 1335 4 -1 -13
E 1335 5 -1 -13
E 1335 6 -1 -13
T 1336 11 0 0 0
T 1337 6 0 7 1
E 1337 0 -1 -13
E 1337 1 -1 -13
E 1337 2 -1 -13
E 1337 3 -1 -13
E 1337 4 -1 -13
E 1337 5 -1 -13
E 1337 6 -1 -13
T 1338 7 0 0 0
T 1339 6 0 0 0
T 1340 6 0 7 1
E 1340 0 -1 -13
E 1340 1 -1 -13
E 1340 2 -1 -13
E 1340 3 -1 -13
E 1340 4 -1 -13
E 1340 5 -1 -13
E 1340 6 -1 -13
T 1341 11 0 0 0
T 1342 6 0 0 0
T 1343 11 0 0 0
T 1344 7 0 0 0
T 1345 8 0 0 0
T 1346 6 0 7 1
E 1346 0 -1 -13
E 1346 1 -1 -13
E 1346 2 -1 -13
E 1346 3 -1 -13
E 1346 4 -1 -13
E 1346 5 -1 -13
E 1346 6 -1 -13
T 1347 10 0 0 0
T 1348 8 0 7 1
E 1348 0 -1 -15
E 1348 1 -1 -15
E 1348 2 -1 -15
E 1348 3 -1 -15
E 1348 4 -1 -15
E 1348 5 -1 -15
E 1348 6 -1 -15
T 1349 10 0 0 0
T 1350 12 0 0 0
T 1351 5 0 7 1
E 1351 0 -2 -19
E 1351 1 -2 -19
E 1351 2 -2 -19
E 1351 3 -2 -19
E 1351 4 -2 -19
E 1351 5 -2 -19
E 1351 6 -2 -19
T 1352 8 0 0 0
T 1353 8 0 7 1
E 1353 0 -1 -15
E 1353 1 -1 -15
E 1353 2 -1 -15
E 1353 3 -1 -15
E 1353 4 -1 -15
E 1353 5 -1 -15
E 1353 6 -1 -15
T 1354 12 0 0 0
T 1355 7 0 7 1
E 1355 0 -1 -14
E 1355 1 -1 -14
E 1355 2 -1 -14
E 1355 3 -1 -14
E 1355 4 -1 -14
E 1355 5 -1 -14
E 1355 6 -1 -14
T 1356 11 0 0 0
T 1357 10 0 7 1
E 1357 0 -1 -17
E 1357 1 -1 -17
E 1357 2 -1 -17
E 1357 3 -1 -17
E 1357 4 -1 -17
E 1357 5 -1 -17
E 1357 6 -1 -17
T 1358 9 0 0 0
T 1359 7 0 0 0
T 1360 6 0 0 0
T 1361 9 0 0 0
T 1362 9 0 0 0
T 1363 10 0 7 1
E 1363 0 -1 -17
E 1363 1 -1 -17
E 1363 2 -1 -17
E 1363 3 -1 -17
E 1363 4 -1 -17
E 1363 5 -1 -17
E 1363 6 -1 -17
T 1364 8 0 7 1
E 1364 0 -1 -15
E 1364 1 -1 -15
E 1364 2 -1 -15
E 1364 3 -1 -15
E 1364 4 -1 -15
E 1364 5 -1 -15
E 1364 6 -1 -15
T 1365 9 0 0 0
T 1366 7 0 0 0
T 1367 3 0 0 0
T 1368 10 0 0 0
T 1369 9 0 0 0
T 1370 8 0 0 0
T 1371 4 0 0 0
T 1372 6 0 0 0
T 1373 10 0 0 0
T 1374 9 0 0 0
T 1375 7 0 0 0
T 1376 8 0 0 0
T 1377 9 0 0 0
T 1378 5 0 0 0
T 1379 10 0 0 0
T 1380 12 0 0 0
T 1381 10 0 7 1
E 1381 0 -1 -17
E 1381 1 -1 -17
E 1381 2 -1 -17
E 1381 3 -1 -17
E 1381 4 -1 -17
E 1381 5 -1 -17
E 1381 6 -1 -17
T 1382 7 0 0 0
T 1383 3 0 0 0
T 1384 1 0 0 0
T 1385 1 0 0 0
T 1386 4 0 0 0
T 1387 11 0 0 0
T 1388 4 0 7 1
E 1388 0 -2 -18
E 1388 1 -2 -18
E 1388 2 -2 -18
E 1388 3 -2 -18
E 1388 4 -2 -18
E 1388 5 -2 -18
E 1388 6 -2 -18
T 1389 7 0 0 0
T 1390 5 0 0 0
T 1391 12 0 0 0
T 1392 4 0 7 1
E 1392 0 -2 -18
E 1392 1 -2 -18
E 1392 2 -2 -18
E 1392 3 -2 -18
E 1392 4 -2 -18
E 1392 5 -2 -18
E 1392 6 -2 -18
T 1393 2 0 0 0
T 1394 7 0 0 0
T 1395 10 0 0 0
T 1396 11 0 0 0
T 1397 7 0 7 1
E 1397 0 -1 -14
E 1397 1 -1 -14
E 1397 2 -1 -14
E 1397 3 -1 -14
E 1397 4 -1 -14
E 1397 5 -1 -14
E 1397 6 -1 -14
T 1398 11 0 0 0
T 1399 10 0 7 1
E 1399 0 -1 -17
E 1399 1 -1 -17
E 1399 2 -1 -17
E 1399 3 -1 -17
E 1399 4 -1 -17
E 1399 5 -1 -17
E 1399 6 -1 -17
T 1400 8 0 7 1
E 1400 0 -1 -15
E 1400 1 -1 -15
E 1400 2 -1 -15
E 1400 3 -1 -15
E 1400 4 -1 -15
E 1400 5 -1 -15
E 1400 6 -1 -15
T 1401 12 0 0 0
T 1402 7 0 7 1
E 1402 0 -1 -14
E 1402 1 -1 -14
E 1402 2 -1 -14
E 1402 3 -1 -14
E 1402 4 -1 -14
E 1402 5 -1 -14
E 1402 6 -1 -14
T 1403 10 0 0 0
T 1404 10 0 0 0
T 1405 10 0 7 1
E 1405 0 -1 -17
E 1405 1 -1 -17
E 1405 2 -1 -17
E 1405 3 -1 -17
E 1405 4 -1 -17
E 1405 5 -1 -17
E 1405 6 -1 -17
T 1406 8 0 0 0
T 1407 6 0 0 0
T 1408 4 0 0 0
T 1409 0 0 0 0
T 1410 3 0 0 0
T 1411 2 0 0 0
T 1412 3 0 0 0
T 1413 0 0 0 0
T 1414 3 0 0 0
T 1415 3 0 0 0
T 1416 7 0 0 0
T 1417 10 0 0 0
T 1418 7 0 0 0
T 1419 11 0 0 0
T 1420 11 0 0 0
T 1421 10 0 0 0
T 1422 6 0 0 0
T 1423 1 0 0 0
T 1424 6 0 0 0
T 1425 6 0 0 0
T 1426 8 0 0 0
T 1427 10 0 0 0
T 1428 9 0 0 0
T 1429 7 0 0 0
T 1430 7 0 7 1
E 1430 0 -1 -14
E 1430 1 -1 -14
E 1430 2 -1 -14
E 1430 3 -1 -14
E 1430 4 -1 -14
E 1430 5 -1 -14
E 1430 6 -1 -14
T 1431 8 0 0 0
T 1432 4 0 0 0
T 1433 2 0 0 0
T 1434 5 0 0 0
T 1435 2 0 0 0
T 1436 5 0 0 0
T 1437 6 0 0 0
T 1438 5 0 0 0
T 1439 9 0 0 0
T 1440 15 0 7 1
E 1440 0 4 43
E 1440 1 4 43
E 1440 2 4 43
E 1440 3 4 43
E 1440 4 4 43
E 1440 5 4 43
E 1440 6 4 43
T 1441 8 0 7 1
E 1441 0 1 15
E 1441 1 1 15
E 1441 2 1 15
E 1441 3 1 15
E 1441 4 1 15
E 1441 5 1 15
E 1441 6 1 15
T 1442 7 0 0 0
T 1443 6 0 7 1
E 1443 0 1 13
E 1443 1 1 13
E 1443 2 1 13
E 1443 3 1 13
E 1443 4 1 13
E 1443 5 1 13
E 1443 6 1 13
T 1444 6 0 0 0
T 1445 5 0 0 0
T 1446 5 0 0 0
T 1447 10 0 0 0
T 1448 8 0 0 0
T 1449 7 0 7 1
E 1449 0 1 14
E 1449 1 1 14
E 1449 2 1 14
E 1449 3 1 14
E 1449 4 1 14
E 1449 5 1 14
E 1449 6 1 14
T 1450 8 0 7 1
E 1450 0 1 15
E 1450 1 1 15
E 1450 2 1 15
E 1450 3 1 15
E 1450 4 1 15
E 1450 5 1 15
E 1450 6 1 15
T 1451 8 0 7 1
E 1451 0 1 15
E 1451 1 1 15
E 1451 2 1 15
E 1451 3 1 15
E 1451 4 1 15
E 1451 5 1 15
E 1451 6 1 15
T 1452 8 0 0 0
T 1453 8 0 7 1
E 1453 0 1 15
E 1453 1 1 15
E 1453 2 1 15
E 1453 3 1 15
E 1453 4 1 15
E 1453 5 1 15
E 1453 6 1 15
T 1454 5 0 0 0
T 1455 4 0 0 0
T 1456 1 0 0 0
T 1457 6 0 0 0
T 1458 8 0 0 0
T 1459 7 0 7 1
E 1459 0 1 14
E 1459 1 1 14
E 1459 2 1 14
E 1459 3 1 14
E 1459 4 1 14
E 1459 5 1 14
E 1459 6 1 14
T 1460 6 0 7 1
E 1460 0 1 13
E 1460 1 1 13
E 1460 2 1 13
E 1460 3 1 13
E 1460 4 1 13
E 1460 5 1 13
E 1460 6 1 13
T 1461 12 0 0 0
T 1462 6 0 7 1
E 1462 0 1 13
E 1462 1 1 13
E 1462 2 1 13
E 1462 3 1 13
E 1462 4 1 13
E 1462 5 1 13
E 1462 6 1 13
T 1463 3 0 0 0
T 1464 9 0 0 0
T 1465 10 0 7 1
E 1465 0 1 17
E 1465 1 1 17
E 1465 2 1 17
E 1465 3 1 17
E 1465 4 1 17
E 1465 5 1 17
E 1465 6 1 17
T 1466 5 0 0 0
T 1467 10 0 0 0
T 1468 8 0 7 1
E 1468 0 1 15
E 1468 1 1 15
E 1468 2 1 15
E 1468 3 1 15
E 1468 4 1 15
E 1468 5 1 15
E 1468 6 1 15
T 1469 7 0 7 1
E 1469 0 1 14
E 1469 1 1 14
E 1469 2 1 14
E 1469 3 1 14
E 1469 4 1 14
E 1469 5 1 14
E 1469 6 1 14
T 1470 4 0 0 0
T 1471 8 0 0 0
T 1472 5 0 0 0
T 1473 6 0 0 0
T 1474 10 0 0 0
T 1475 4 0 7 1
E 1475 0 2 18
E 1475 1 2 18
E 1475 2 2 18
E 1475 3 2 18
E 1475 4 2 18
E 1475 5 2 18
E 1475 6 2 18
T 1476 8 0 0 0
T 1477 8 0 7 1
E 1477 0 1 15
E 1477 1 1 15
E 1477 2 1 15
E 1477 3 1 15
E 1477 4 1 15
E 1477 5 1 15
E 1477 6 1 15
T 1478 7 0 7 1
E 1478 0 1 14
E 1478 1 1 14
E 1478 2 1 14
E 1478 3 1 14
E 1478 4 1 14
E 1478 5 1 14
E 1478 6 1 14
T 1479 9 0 0 0
T 1480 9 0 0 0
T 1481 11 0 0 0
T 1482 9 0 0 0
T 1483 4 0 0 0
T 1484 8 0 0 0
T 1485 8 0 0 0
T 1486 5 0 0 0
T 1487 10 0 0 0
T 1488 12 0 0 0
T 1489 12 0 0 0
T 1490 6 0 7 1
E 1490 0 1 13
E 1490 1 1 13
E 1490 2 1 13
E 1490 3 1 13
E 1490 4 1 13
E 1490 5 1 13
E 1490 6 1 13
T 1491 11 0 0 0
T 1492 7 0 7 1
E 1492 0 1 14
E 1492 1 1 14
E 1492 2 1 14
E 1492 3 1 14
E 1492 4 1 14
E 1492 5 1 14
E 1492 6 1 14
T 1493 5 0 0 0
T 1494 12 0 0 0
T 1495 8 0 0 0
T 1496 12 0 0 0
T 1497 10 0 7 1
E 1497 0 1 17
E 1497 1 1 17
E 1497 2 1 17
E 1497 3 1 17
E 1497 4 1 17
E 1497 5 1 17
E 1497 6 1 17
T 1498 6 0 7 1
E 1498 0 1 13
E 1498 1 1 13
E 1498 2 1 13
E 1498 3 1 13
E 1498 4 1 13
E 1498 5 1 13
E 1498 6 1 13
T 1499 11 0 0 0
T 1500 8 0 7 1
E 1500 0 1 15
E 1500 1 1 15
E 1500 2 1 15
E 1500 3 1 15
E 1500 4 1 15
E 1500 5 1 15
E 1500 6 1 15
T 1501 12 0 0 0
T 1502 8 0 7 1
E 1502 0 1 15
E 1502 1 1 15
E 1502 2 1 15
E 1502 3 1 15
E 1502 4 1 15
E 1502 5 1 15
E 1502 6 1 15
T 1503 11 0 0 0
T 1504 5 0 7 1
E 1504 0 2 19
E 1504 1 2 19
E 1504 2 2 19
E 1504 3 2 19
E 1504 4 2 19
E 1504 5 2 19
E 1504 6 2 19
T 1505 6 0 0 0
T 1506 5 0 0 0
T 1507 10 0 0 0
T 1508 10 0 7 1
E 1508 0 1 17
E 1508 1 1 17
E 1508 2 1 17
E 1508 3 1 17
E 1508 4 1 17
E 1508 5 1 17
E 1508 6 1 17
T 1509 12 0 0 0
T 1510 6 0 7 1
E 1510 0 1 13
E 1510 1 1 13
E 1510 2 1 13
E 1510 3 1 13
E 1510 4 1 13
E 1510 5 1 13
E 1510 6 1 13
T 1511 8 0 0 0
T 1512 5 0 0 0
T 1513 3 0 0 0
T 1514 3 0 0 0
T 1515 4 0 0 0
T 1516 2 0 0 0
T 1517 2 0 0 0
T 1518 3 0 0 0
T 1519 2 0 0 0
T 1520 8 0 0 0
T 1521 6 0 0 0
T 1522 11 0 0 0
T 1523 11 0 0 0
T 1524 10 0 0 0
T 1525 8 0 0 0
T 1526 5 0 0 0
T 1527 1 0 0 0
T 1528 1 0 0 0
T 1529 7 0 0 0
T 1530 3 0 0 0
T 1531 7 0 0 0
T 1532 5 0 0 0
T 1533 11 0 0 0
T 1534 8 0 0 0
T 1535 4 0 0 0
T 1536 10 0 0 0
T 1537 11 0 0 0
T 1538 4 0 0 0
T 1539 7 0 0 0
T 1540 10 0 0 0
T 1541 8 0 0 0
T 1542 10 0 0 0
T 1543 11 0 0 0
T 1544 4 0 0 0
T 1545 2 0 0 0
T 1546 3 0 0 0
T 1547 7 0 0 0
T 1548 5 0 0 0
T 1549 5 0 0 0
T 1550 9 0 0 0
T 1551 3 0 0 0
T 1552 1 0 0 0
T 1553 6 0 0 0
T 1554 1 0 0 0
T 1555 5 0 0 0
T 1556 6 0 0 0
T 1557 10 0 0 0
T 1558 8 0 7 1
E 1558 0 1 15
E 1558 1 1 15
E 1558 2 1 15
E 1558 3 1 15
E 1558 4 1 15
E 1558 5 1 15
E 1558 6 1 15
T 1559 2 0 0 0
T 1560 1 0 0 0
T 1561 7 0 0 0
T 1562 2 0 0 0
T 1563 9 0 0 0
T 1564 6 0 7 1
E 1564 0 -1 -13
E 1564 1 -1 -13
E 1564 2 -1 -13
E 1564 3 -1 -13
E 1564 4 -1 -13
E 1564 5 -1 -13
E 1564 6 -1 -13
T 1565 4 0 0 0
T 1566 10 0 0 0
T 1567 9 0 7 1
E 1567 0 -1 -16
E 1567 1 -1 -16
E 1567 2 -1 -16
E 1567 3 -1 -16
E 1567 4 -1 -16
E 1567 5 -1 -16
E 1567 6 -1 -16
T 1568 10 0 0 0
T 1569 5 0 0 0
T 1570 1 0 0 0
T 1571 8 0 0 0
T 1572 8 0 0 0
T 1573 5 0 0 0
T 1574 3 0 0 0
T 1575 1 0 0 0
T 1576 6 0 0 0
T 1577 3 0 0 0
T 1578 6 0 0 0
T 1579 10 0 0 0
T 1580 10 0 7 1
E 1580 0 -1 -17
E 1580 1 -1 -17
E 1580 2 -1 -17
E 1580 3 -1 -17
E 1580 4 -1 -17
E 1580 5 -1 -17
E 1580 6 -1 -17
T 1581 11 0 0 0
T 1582 9 0 0 0
T 1583 10 0 0 0
T 1584 5 0 0 0
T 1585 4 0 0 0
T 1586 5 0 0 0
T 1587 4 0 0 0
T 1588 7 0 0 0
T 1589 8 0 0 0
T 1590 8 0 7 1
E 1590 0 -1 -15
E 1590 1 -1 -15
E 1590 2 -1 -15
E 1590 3 -1 -15
E 1590 4 -1 -15
E 1590 5 -1 -15
E 1590 6 -1 -15
T 1591 7 0 7 1
E 1591 0 -1 -14
E 1591 1 -1 -14
E 1591 2 -1 -14
E 1591 3 -1 -14
E 1591 4 -1 -14
E 1591 5 -1 -14
E 1591 6 -1 -14
T 1592 9 0 0 0
T 1593 10 0 0 0
T 1594 8 0 0 0
T 1595 6 0 7 1
E 1595 0 -1 -13
E 1595 1 -1 -13
E 1595 2 -1 -13
E 1595 3 -1 -13
E 1595 4 -1 -13
E 1595 5 -1 -13
E 1595 6 -1 -13
T 1596 6 0 7 1
E 1596 0 -1 -13
E 1596 1 -1 -13
E 1596 2 -1 -13
E 1596 3 -1 -13
E 1596 4 -1 -13
E 1596 5 -1 -13
E 1596 6 -1 -13
T 1597 6 0 0 0
T 1598 4 0 0 0
T 1599 7 0 0 0
T 1600 11 0 0 0
T 1601 10 0 7 1
E 1601 0 -1 -17
E 1601 1 -1 -17
E 1601 2 -1 -17
E 1601 3 -1 -17
E 1601 4 -1 -17
E 1601 5 -1 -17
E 1601 6 -1 -17
T 1602 5 0 0 0
T 1603 5 0 0 0
T 1604 9 0 0 0
T 1605 12 0 0 0
T 1606 7 0 7 1
E 1606 0 -1 -14
E 1606 1 -1 -14
E 1606 2 -1 -14
E 1606 3 -1 -14
E 1606 4 -1 -14
E 1606 5 -1 -14
E 1606 6 -1 -14
T 1607 11 0 0 0
T 1608 5 0 7 1
E 1608 0 -2 -19
E 1608 1 -2 -19
E 1608 2 -2 -19
E 1608 3 -2 -19
E 1608 4 -2 -19
E 1608 5 -2 -19
E 1608 6 -2 -19
T 1609 8 0 0 0
T 1610 12 0 0 0
T 1611 8 0 0 0
T 1612 7 0 0 0
T 1613 12 0 0 0
T 1614 10 0 0 0
T 1615 10 0 0 0
T 1616 6 0 0 0
T 1617 1 0 0 0
T 1618 8 0 0 0
T 1619 9 0 0 0
T 1620 7 0 7 1
E 1620 0 -1 -14
E 1620 1 -1 -14
E 1620 2 -1 -14
E 1620 3 -1 -14
E 1620 4 -1 -14
E 1620 5 -1 -14
E 1620 6 -1 -14
T 1621 8 0 7 1
E 1621 0 -1 -15
E 1621 1 -1 -15
E 1621 2 -1 -15
E 1621 3 -1 -15
E 1621 4 -1 -15
E 1621 5 -1 -15
E 1621 6 -1 -15
T 1622 3 0 0 0
T 1623 8 0 0 0
T 1624 5 0 0 0
T 1625 6 0 0 0
T 1626 3 0 0 0
T 1627 7 0 0 0
T 1628 8 0 7 1
E 1628 0 -1 -15
E 1628 1 -1 -15
E 1628 2 -1 -15
E 1628 3 -1 -15
E 1628 4 -1 -15
E 1628 5 -1 -15
E 1628 6 -1 -15
T 1629 11 0 0 0
T 1630 6 0 0 0
T 1631 4 0 0 0
T 1632 1 0 0 0
T 1633 3 0 0 0
T 1634 3 0 0 0
T 1635 3 0 0 0
T 1636 8 0 0 0
T 1637 6 0 7 1
E 1637 0 -1 -13
E 1637 1 -1 -13
E 1637 2 -1 -13
E 1637 3 -1 -13
E 1637 4 -1 -13
E 1637 5 -1 -13
E 1637 6 -1 -13
T 1638 12 0 0 0
T 1639 6 0 7 1
E 1639 0 -2 -20
E 1639 1 -2 -20
E 1639 2 -2 -20
E 1639 3 -2 -20
E 1639 4 -2 -20
E 1639 5 -2 -20
E 1639 6 -2 -20
T 1640 1 0 0 0
T 1641 7 0 0 0
T 1642 4 0 0 0
T 1643 7 0 0 0
T 1644 8 0 7 1
E 1644 0 -1 -15
E 1644 1 -1 -15
E 1644 2 -1 -15
E 1644 3 -1 -15
E 1644 4 -1 -15
E 1644 5 -1 -15
E 1644 6 -1 -15
T 1645 8 0 0 0
T 1646 7 0 0 0
T 1647 3 0 0 0
T 1648 8 0 0 0
T 1649 10 0 0 0
T 1650 11 0 0 0
T 1651 8 0 0 0
T 1652 7 0 0 0
T 1653 8 0 7 1
E 1653 0 -1 -15
E 1653 1 -1 -15
E 1653 2 -1 -15
E 1653 3 -1 -15
E 1653 4 -1 -15
E 1653 5 -1 -15
E 1653 6 -1 -15
T 1654 6 0 0 0
T 1655 2 0 0 0
T 1656 6 0 0 0
T 1657 3 0 0 0
T 1658 5 0 0 0
T 1659 8 0 0 0
T 1660 12 0 0 0
T 1661 10 0 7 1
E 1661 0 -1 -17
E 1661 1 -1 -17
E 1661 2 -1 -17
E 1661 3 -1 -17
E 1661 4 -1 -17
E 1661 5 -1 -17
E 1661 6 -1 -17
T 1662 10 0 0 0
T 1663 9 0 0 0
T 1664 8 0 7 1
E 1664 0 -1 -15
E 1664 1 -1 -15
E 1664 2 -1 -15
E 1664 3 -1 -15
E 1664 4 -1 -15
E 1664 5 -1 -15
E 1664 6 -1 -15
T 1665 5 0 0 0
T 1666 12 0 0 0
T 1667 9 0 7 1
E 1667 0 -1 -16
E 1667 1 -1 -16
E 1667 2 -1 -16
E 1667 3 -1 -16
E 1667 4 -1 -16
E 1667 5 -1 -16
E 1667 6 -1 -16
T 1668 6 0 0 0
T 1669 3 0 0 0
T 1670 0 0 0 0
T 1671 4 0 0 0
T 1672 6 0 0 0
T 1673 7 0 0 0
T 1674 2 0 0 0
T 1675 1 0 0 0
T 1676 5 0 0 0
T 1677 5 0 0 0
T 1678 7 0 0 0
T 1679 6 0 7 1
E 1679 0 -1 -13
E 1679 1 -1 -13
E 1679 2 -1 -13
E 1679 3 -1 -13
E 1679 4 -1 -13
E 1679 5 -1 -13
E 1679 6 -1 -13
T 1680 14 0 7 1
E 1680 0 4 42
E 1680 1 4 42
E 1680 2 4 42
E 1680 3 4 42
E 1680 4 4 42
E 1680 5 4 42
E 1680 6 4 42
T 1681 7 0 7 1
E 1681 0 1 14
E 1681 1 1 14
E 1681 2 1 14
E 1681 3 1 14
E 1681 4 1 14
E 1681 5 1 14
E 1681 6 1 14
T 1682 12 0 0 0
T 1683 4 0 7 1
E 1683 0 2 18
E 1683 1 2 18
E 1683 2 2 18
E 1683 3 2 18
E 1683 4 2 18
E 1683 5 2 18
E 1683 6 2 18
T 1684 9 0 0 0
T 1685 5 0 0 0
T 1686 4 0 0 0
T 1687 4 0 0 0
T 1688 1 0 0 0
T 1689 3 0 0 0
T 1690 7 0 0 0
T 1691 10 0 0 0
T 1692 11 0 0 0
T 1693 8 0 0 0
T 1694 4 0 0 0
T 1695 4 0 0 0
T 1696 2 0 0 0
T 1697 7 0 0 0
T 1698 8 0 0 0
T 1699 4 0 0 0
T 1700 4 0 0 0
T 1701 5 0 0 0
T 1702 8 0 0 0
T 1703 8 0 0 0
T 1704 9 0 0 0
T 1705 8 0 0 0
T 1706 11 0 0 0
T 1707 12 0 0 0
T 1708 7 0 7 1
E 1708 0 1 14
E 1708 1 1 14
E 1708 2 1 14
E 1708 3 1 14
E 1708 4 1 14
E 1708 5 1 14
E 1708 6 1 14
T 1709 6 0 7 1
E 1709 0 1 13
E 1709 1 1 13
E 1709 2 1 13
E 1709 3 1 13
E 1709 4 1 13
E 1709 5 1 13
E 1709 6 1 13
T 1710 10 0 0 0
T 1711 10 0 7 1
E 1711 0 1 17
E 1711 1 1 17
E 1711 2 1 17
E 1711 3 1 17
E 1711 4 1 17
E 1711 5 1 17
E 1711 6 1 17
T 1712 8 0 7 1
E 1712 0 1 15
E 1712 1 1 15
E 1712 2 1 15
E 1712 3 1 15
E 1712 4 1 15
E 1712 5 1 15
E 1712 6 1 15
T 1713 3 0 0 0
T 1714 1 0 0 0
T 1715 2 0 0 0
T 1716 0 0 0 0
T 1717 2 0 0 0
T 1718 0 0 0 0
T 1719 3 0 0 0
T 1720 4 0 0 0
T 1721 6 0 0 0
T 1722 4 0 0 0
T 1723 3 0 0 0
T 1724 2 0 0 0
T 1725 1 0 0 0
T 1726 3 0 0 0
T 1727 10 0 0 0
T 1728 8 0 7 1
E 1728 0 1 15
E 1728 1 1 15
E 1728 2 1 15
E 1728 3 1 15
E 1728 4 1 15
E 1728 5 1 15
E 1728 6 1 15
T 1729 9 0 7 1
E 1729 0 1 16
E 1729 1 1 16
E 1729 2 1 16
E 1729 3 1 16
E 1729 4 1 16
E 1729 5 1 16
E 1729 6 1 16
T 1730 9 0 0 0
T 1731 6 0 0 0
T 1732 2 0 0 0
T 1733 4 0 0 0
T 1734 9 0 0 0
T 1735 6 0 0 0
T 1736 2 0 0 0
T 1737 4 0 0 0
T 1738 3 0 0 0
T 1739 9 0 0 0
T 1740 6 0 7 1
E 1740 0 1 13
E 1740 1 1 13
E 1740 2 1 13
E 1740 3 1 13
E 1740 4 1 13
E 1740 5 1 13
E 1740 6 1 13
T 1741 7 0 0 0
T 1742 6 0 0 0
T 1743 4 0 0 0
T 1744 7 0 0 0
T 1745 5 0 0 0
T 1746 8 0 0 0
T 1747 6 0 7 1
E 1747 0 1 13
E 1747 1 1 13
E 1747 2 1 13
E 1747 3 1 13
E 1747 4 1 13
E 1747 5 1 13
E 1747 6 1 13
T 1748 5 0 0 0
T 1749 11 0 0 0
T 1750 8 0 7 1
E 1750 0 1 15
E 1750 1 1 15
E 1750 2 1 15
E 1750 3 1 15
E 1750 4 1 15
E 1750 5 1 15
E 1750 6 1 15
T 1751 4 0 0 0
T 1752 1 0 0 0
T 1753 4 0 0 0
T 1754 7 0 0 0
T 1755 9 0 0 0
T 1756 5 0 0 0
T 1757 5 0 0 0
T 1758 9 0 0 0
T 1759 12 0 0 0
T 1760 5 0 0 0
T 1761 6 0 0 0
T 1762 8 0 0 0
T 1763 12 0 0 0
T 1764 7 0 0 0
T 1765 11 0 0 0
T 1766 5 0 0 0
T 1767 9 0 0 0
T 1768 12 0 0 0
T 1769 8 0 0 0
T 1770 1 0 0 0
T 1771 2 0 0 0
T 1772 6 0 0 0
T 1773 11 0 0 0
T 1774 12 0 0 0
T 1775 12 0 0 0
T 1776 9 0 7 1
E 1776 0 -1 -16
E 1776 1 -1 -16
E 1776 2 -1 -16
E 1776 3 -1 -16
E 1776 4 -1 -16
E 1776 5 -1 -16
E 1776 6 -1 -16
T 1777 5 0 0 0
T 1778 5 0 0 0
T 1779 11 0 0 0
T 1780 8 0 0 0
T 1781 6 0 0 0
T 1782 5 0 0 0
T 1783 7 0 0 0
T 1784 2 0 0 0
T 1785 2 0 0 0
T 1786 6 0 0 0
T 1787 0 0 0 0
T 1788 3 0 0 0
T 1789 2 0 0 0
T 1790 6 0 0 0
T 1791 8 0 0 0
T 1792 3 0 0 0
T 1793 2 0 0 0
T 1794 3 0 0 0
T 1795 10 0 0 0
T 1796 7 0 0 0
T 1797 4 0 0 0
T 1798 0 0 0 0
T 1799 1 0 0 0
T 1800 1 0 0 0
T 1801 4 0 0 0
T 1802 2 0 0 0
T 1803 6 0 0 0
T 1804 2 0 0 0
T 1805 5 0 0 0
T 1806 4 0 0 0
T 1807 2 0 0 0
T 1808 5 0 0 0
T 1809 10 0 0 0
T 1810 7 0 7 1
E 1810 0 -1 -14
E 1810 1 -1 -14
E 1810 2 -1 -14
E 1810 3 -1 -14
E 1810 4 -1 -14
E 1810 5 -1 -14
E 1810 6 -1 -14
T 1811 6 0 7 1
E 1811 0 -1 -13
E 1811 1 -1 -13
E 1811 2 -1 -13
E 1811 3 -1 -13
E 1811 4 -1 -13
E 1811 5 -1 -13
E 1811 6 -1 -13
T 1812 2 0 0 0
T 1813 1 0 0 0
T 1814 2 0 0 0
T 1815 4 0 0 0
T 1816 1 0 0 0
T 1817 6 0 0 0
T 1818 4 0 0 0
T 1819 0 0 0 0
T 1820 0 0 0 0
T 1821 7 0 0 0
T 1822 3 0 0 0
T 1823 7 0 0 0
T 1824 4 0 0 0
T 1825 1 0 0 0
T 1826 6 0 0 0
T 1827 10 0 0 0
T 1828 7 0 0 0
T 1829 11 0 0 0
T 1830 11 0 0 0
T 1831 9 0 0 0
T 1832 4 0 0 0
T 1833 10 0 0 0
T 1834 6 0 0 0
T 1835 2 0 0 0
T 1836 5 0 0 0
T 1837 8 0 0 0
T 1838 9 0 0 0
T 1839 12 0 0 0
T 1840 7 0 7 1
E 1840 0 -1 -14
E 1840 1 -1 -14
E 1840 2 -1 -14
E 1840 3 -1 -14
E 1840 4 -1 -14
E 1840 5 -1 -14
E 1840 6 -1 -14
T 1841 7 0 7 1
E 1841 0 -1 -14
E 1841 1 -1 -14
E 1841 2 -1 -14
E 1841 3 -1 -14
E 1841 4 -1 -14
E 1841 5 -1 -14
E 1841 6 -1 -14
T 1842 2 0 0 0
T 1843 2 0 0 0
T 1844 3 0 0 0
T 1845 1 0 0 0
T 1846 1 0 0 0
T 1847 2 0 0 0
T 1848 3 0 0 0
T 1849 5 0 0 0
T 1850 8 0 0 0
T 1851 8 0 0 0
T 1852 4 0 0 0
T 1853 2 0 0 0
T 1854 4 0 0 0
T 1855 1 0 0 0
T 1856 1 0 0 0
T 1857 3 0 0 0
T 1858 3 0 0 0
T 1859 3 0 0 0
T 1860 2 0 0 0
T 1861 3 0 0 0
T 1862 8 0 0 0
T 1863 7 0 7 1
E 1863 0 -1 -14
E 1863 1 -1 -14
E 1863 2 -1 -14
E 1863 3 -1 -14
E 1863 4 -1 -14
E 1863 5 -1 -14
E 1863 6 -1 -14
T 1864 12 0 0 0
T 1865 9 0 7 1
E 1865 0 -1 -16
E 1865 1 -1 -16
E 1865 2 -1 -16
E 1865 3 -1 -16
E 1865 4 -1 -16
E 1865 5 -1 -16
E 1865 6 -1 -16
T 1866 7 0 0 0
T 1867 7 0 7 1
E 1867 0 -1 -14
E 1867 1 -1 -14
E 1867 2 -1 -14
E 1867 3 -1 -14
E 1867 4 -1 -14
E 1867 5 -1 -14
E 1867 6 -1 -14
T 1868 7 0 0 0
T 1869 5 0 0 0
T 1870 11 0 0 0
T 1871 10 0 0 0
T 1872 6 0 7 1
E 1872 0 -1 -13
E 1872 1 -1 -13
E 1872 2 -1 -13
E 1872 3 -1 -13
E 1872 4 -1 -13
E 1872 5 -1 -13
E 1872 6 -1 -13
T 1873 11 0 0 0
T 1874 10 0 7 1
E 1874 0 -1 -17
E 1874 1 -1 -17
E 1874 2 -1 -17
E 1874 3 -1 -17
E 1874 4 -1 -17
E 1874 5 -1 -17
E 1874 6 -1 -17
T 1875 7 0 0 0
T 1876 10 0 0 0
T 1877 5 0 0 0
T 1878 8 0 0 0
T 1879 5 0 0 0
T 1880 7 0 0 0
T 1881 9 0 0 0
T 1882 9 0 0 0
T 1883 7 0 0 0
T 1884 8 0 7 1
E 1884 0 -1 -15
E 1884 1 -1 -15
E 1884 2 -1 -15
E 1884 3 -1 -15
E 1884 4 -1 -15
E 1884 5 -1 -15
E 1884 6 -1 -15
T 1885 5 0 0 0
T 1886 4 0 0 0
T 1887 7 0 0 0
T 1888 3 0 0 0
T 1889 5 0 0 0
T 1890 6 0 0 0
T 1891 2 0 0 0
T 1892 0 0 0 0
T 1893 1 0 0 0
T 1894 1 0 0 0
T 1895 3 0 0 0
T 1896 1 0 0 0
T 1897 0 0 0 0
T 1898 6 0 0 0
T 1899 6 0 0 0
T 1900 12 0 0 0
T 1901 6 0 7 1
E 1901 0 -2 -20
E 1901 1 -2 -20
E 1901 2 -2 -20
E 1901 3 -2 -20
E 1901 4 -2 -20
E 1901 5 -2 -20
E 1901 6 -2 -20
T 1902 7 0 0 0
T 1903 7 0 7 1
E 1903 0 -1 -14
E 1903 1 -1 -14
E 1903 2 -1 -14
E 1903 3 -1 -14
E 1903 4 -1 -14
E 1903 5 -1 -14
E 1903 6 -1 -14
T 1904 12 0 0 0
T 1905 8 0 7 1
E 1905 0 -1 -15
E 1905 1 -1 -15
E 1905 2 -1 -15
E 1905 3 -1 -15
E 1905 4 -1 -15
E 1905 5 -1 -15
E 1905 6 -1 -15
T 1906 8 0 7 1
E 1906 0 -1 -15
E 1906 1 -1 -15
E 1906 2 -1 -15
E 1906 3 -1 -15
E 1906 4 -1 -15
E 1906 5 -1 -15
E 1906 6 -1 -15
T 1907 9 0 0 0
T 1908 7 0 7 1
E 1908 0 -1 -14
E 1908 1 -1 -14
E 1908 2 -1 -14
E 1908 3 -1 -14
E 1908 4 -1 -14
E 1908 5 -1 -14
E 1908 6 -1 -14
T 1909 7 0 0 0
T 1910 7 0 7 1
E 1910 0 -1 -14
E 1910 1 -1 -14
E 1910 2 -1 -14
E 1910 3 -1 -14
E 1910 4 -1 -14
E 1910 5 -1 -14
E 1910 6 -1 -14
T 1911 7 0 0 0
T 1912 6 0 7 1
E 1912 0 -1 -13
E 1912 1 -1 -13
E 1912 2 -1 -13
E 1912 3 -1 -13
E 1912 4 -1 -13
E 1912 5 -1 -13
E 1912 6 -1 -13
T 1913 8 0 0 0
T 1914 6 0 7 1
E 1914 0 -1 -13
E 1914 1 -1 -13
E 1914 2 -1 -13
E 1914 3 -1 -13
E 1914 4 -1 -13
E 1914 5 -1 -13
E 1914 6 -1 -13
T 1915 12 0 0 0
T 1916 6 0 7 1
E 1916 0 -1 -13
E 1916 1 -1 -13
E 1916 2 -1 -13
E 1916 3 -1 -13
E 1916 4 -1 -13
E 1916 5 -1 -13
E 1916 6 -1 -13
T 1917 8 0 0 0
T 1918 11 0 0 0
T 1919 7 0 0 0
T 1920 14 0 7 1
E 1920 0 3 35
E 1920 1 3 35
E 1920 2 3 35
E 1920 3 3 35
E 1920 4 3 35
E 1920 5 3 35
E 1920 6 3 35
T 1921 5 0 7 1
E 1921 0 2 19
E 1921 1 2 19
E 1921 2 2 19
E 1921 3 2 19
E 1921 4 2 19
E 1921 5 2 19
E 1921 6 2 19
T 1922 4 0 0 0
T 1923 5 0 0 0
T 1924 6 0 7 1
E 1924 0 1 13
E 1924 1 1 13
E 1924 2 1 13
E 1924 3 1 13
E 1924 4 1 13
E 1924 5 1 13
E 1924 6 1 13
T 1925 6 0 7 1
E 1925 0 1 13
E 1925 1 1 13
E 1925 2 1 13
E 1925 3 1 13
E 1925 4 1 13
E 1925 5 1 13
E 1925 6 1 13
T 1926 4 0 0 0
T 1927 12 0 0 0
T 1928 7 0 7 1
E 1928 0 1 14
E 1928 1 1 14
E 1928 2 1 14
E 1928 3 1 14
E 1928 4 1 14
E 1928 5 1 14
E 1928 6 1 14
T 1929 6 0 7 1
E 1929 0 1 13
E 1929 1 1 13
E 1929 2 1 13
E 1929 3 1 13
E 1929 4 1 13
E 1929 5 1 13
E 1929 6 1 13
T 1930 11 0 0 0
T 1931 10 0 0 0
T 1932 4 0 7 1
E 1932 0 2 18
E 1932 1 2 18
E 1932 2 2 18
E 1932 3 2 18
E 1932 4 2 18
E 1932 5 2 18
E 1932 6 2 18
T 1933 3 0 0 0
T 1934 1 0 0 0
T 1935 1 0 0 0
T 1936 4 0 0 0
T 1937 4 0 0 0
T 1938 9 0 0 0
T 1939 8 0 7 1
E 1939 0 1 15
E 1939 1 1 15
E 1939 2 1 15
E 1939 3 1 15
E 1939 4 1 15
E 1939 5 1 15
E 1939 6 1 15
T 1940 12 0 0 0
T 1941 7 0 7 1
E 1941 0 1 14
E 1941 1 1 14
E 1941 2 1 14
E 1941 3 1 14
E 1941 4 1 14
E 1941 5 1 14
E 1941 6 1 14
T 1942 3 0 0 0
T 1943 0 0 0 0
T 1944 2 0 0 0
T 1945 1 0 0 0
T 1946 1 0 0 0
T 1947 2 0 0 0
T 1948 7 0 0 0
T 1949 9 0 0 0
T 1950 7 0 0 0
T 1951 12 0 0 0
T 1952 10 0 0 0
T 1953 10 0 0 0
T 1954 10 0 7 1
E 1954 0 1 17
E 1954 1 1 17
E 1954 2 1 17
E 1954 3 1 17
E 1954 4 1 17
E 1954 5 1 17
E 1954 6 1 17
T 1955 7 0 0 0
T 1956 7 0 0 0
T 1957 12 0 0 0
T 1958 7 0 0 0
T 1959 7 0 7 1
E 1959 0 1 14
E 1959 1 1 14
E 1959 2 1 14
E 1959 3 1 14
E 1959 4 1 14
E 1959 5 1 14
E 1959 6 1 14
T 1960 7 0 0 0
T 1961 11 0 0 0
T 1962 9 0 0 0
T 1963 7 0 7 1
E 1963 0 1 14
E 1963 1 1 14
E 1963 2 1 14
E 1963 3 1 14
E 1963 4 1 14
E 1963 5 1 14
E 1963 6 1 14
T 1964 10 0 0 0
T 1965 10 0 7 1
E 1965 0 1 17
E 1965 1 1 17
E 1965 2 1 17
E 1965 3 1 17
E 1965 4 1 17
E 1965 5 1 17
E 1965 6 1 17
T 1966 5 0 0 0
T 1967 11 0 0 0
T 1968 7 0 7 1
E 1968 0 1 14
E 1968 1 1 14
E 1968 2 1 14
E 1968 3 1 14
E 1968 4 1 14
E 1968 5 1 14
E 1968 6 1 14
T 1969 6 0 7 1
E 1969 0 1 13
E 1969 1 1 13
E 1969 2 1 13
E 1969 3 1 13
E 1969 4 1 13
E 1969 5 1 13
E 1969 6 1 13
T 1970 4 0 0 0
T 1971 1 0 0 0
T 1972 8 0 0 0
T 1973 11 0 0 0
T 1974 9 0 7 1
E 1974 0 1 16
E 1974 1 1 16
E 1974 2 1 16
E 1974 3 1 16
E 1974 4 1 16
E 1974 5 1 16
E 1974 6 1 16
T 1975 8 0 0 0
T 1976 4 0 0 0
T 1977 11 0 0 0
T 1978 6 0 0 0
T 1979 7 0 0 0
T 1980 12 0 0 0
T 1981 7 0 0 0
T 1982 3 0 0 0
T 1983 1 0 0 0
T 1984 2 0 0 0
T 1985 9 0 0 0
T 1986 6 0 0 0
T 1987 9 0 0 0
T 1988 7 0 7 1
E 1988 0 1 14
E 1988 1 1 14
E 1988 2 1 14
E 1988 3 1 14
E 1988 4 1 14
E 1988 5 1 14
E 1988 6 1 14
T 1989 6 0 7 1
E 1989 0 1 13
E 1989 1 1 13
E 1989 2 1 13
E 1989 3 1 13
E 1989 4 1 13
E 1989 5 1 13
E 1989 6 1 13
T 1990 6 0 0 0
T 1991 5 0 0 0
T 1992 7 0 0 0
T 1993 6 0 7 1
E 1993 0 1 13
E 1993 1 1 13
E 1993 2 1 13
E 1993 3 1 13
E 1993 4 1 13
E 1993 5 1 13
E 1993 6 1 13
T 1994 7 0 0 0
T 1995 6 0 7 1
E 1995 0 1 13
E 1995 1 1 13
E 1995 2 1 13
E 1995 3 1 13
E 1995 4 1 13
E 1995 5 1 13
E 1995 6 1 13
T 1996 4 0 0 0
T 1997 8 0 0 0
T 1998 7 0 7 1
E 1998 0 1 14
E 1998 1 1 14
E 1998 2 1 14
E 1998 3 1 14
E 1998 4 1 14
E 1998 5 1 14
E 1998 6 1 14
T 1999 7 0 7 1
E 1999 0 1 14
E 1999 1 1 14
E 1999 2 1 14
E 1999 3 1 14
E 1999 4 1 14
E 1999 5 1 14
E 1999 6 1 14
T 2000 12 0 0 0
T 2001 12 0 0 0
T 2002 8 0 7 1
E 2002 0 1 15
E 2002 1 1 15
E 2002 2 1 15
E 2002 3 1 15
E 2002 4 1 15
E 2002 5 1 15
E 2002 6 1 15
T 2003 5 0 0 0
T 2004 9 0 0 0
T 2005 7 0 0 0
T 2006 6 0 7 1
E 2006 0 1 13
E 2006 1 1 13
E 2006 2 1 13
E 2006 3 1 13
E 2006 4 1 13
E 2006 5 1 13
E 2006 6 1 13
T 2007 3 0 0 0
T 2008 4 0 0 0
T 2009 2 0 0 0
T 2010 2 0 0 0
T 2011 4 0 0 0
T 2012 3 0 0 0
T 2013 7 0 0 0
T 2014 5 0 0 0
T 2015 8 0 0 0
T 2016 8 0 7 1
E 2016 0 1 15
E 2016 1 1 15
E 2016 2 1 15
E 2016 3 1 15
E 2016 4 1 15
E 2016 5 1 15
E 2016 6 1 15
T 2017 9 0 0 0
T 2018 2 0 0 0
T 2019 5 0 0 0
T 2020 10 0 0 0
T 2021 7 0 0 0
T 2022 9 0 0 0
T 2023 4 0 0 0
T 2024 4 0 0 0
T 2025 7 0 0 0
T 2026 6 0 7 1
E 2026 0 -1 -13
E 2026 1 -1 -13
E 2026 2 -1 -13
E 2026 3 -1 -13
E 2026 4 -1 -13
E 2026 5 -1 -13
E 2026 6 -1 -13
T 2027 3 0 0 0
T 2028 1 0 0 0
T 2029 2 0 0 0
T 2030 3 0 0 0
T 2031 1 0 0 0
T 2032 2 0 0 0
T 2033 8 0 0 0
T 2034 7 0 7 1
E 2034 0 -1 -14
E 2034 1 -1 -14
E 2034 2 -1 -14
E 2034 3 -1 -14
E 2034 4 -1 -14
E 2034 5 -1 -14
E 2034 6 -1 -14
T 2035 7 0 0 0
T 2036 6 0 7 1
E 2036 0 -1 -13
E 2036 1 -1 -13
E 2036 2 -1 -13
E 2036 3 -1 -13
E 2036 4 -1 -13
E 2036 5 -1 -13
E 2036 6 -1 -13
T 2037 5 0 0 0
T 2038 1 0 0 0
T 2039 1 0 0 0
T 2040 2 0 0 0
T 2041 1 0 0 0
T 2042 1 0 0 0
T 2043 3 0 0 0
T 2044 1 0 0 0
T 2045 3 0 0 0
T 2046 1 0 0 0
T 2047 2 0 0 0
T 2048 4 0 0 0
T 2049 1 0 0 0
T 2050 0 0 0 0
T 2051 5 0 0 0
T 2052 3 0 0 0
T 2053 0 0 0 0
T 2054 2 0 0 0
T 2055 3 0 0 0
T 2056 1 0 0 0
T 2057 1 0 0 0
T 2058 8 0 0 0
T 2059 9 0 0 0
T 2060 9 0 0 0
T 2061 12 0 0 0
T 2062 5 0 7 1
E 2062 0 -2 -19
E 2062 1 -2 -19
E 2062 2 -2 -19
E 2062 3 -2 -19
E 2062 4 -2 -19
E 2062 5 -2 -19
E 2062 6 -2 -19
T 2063 9 0 0 0
T 2064 8 0 7 1
E 2064 0 -1 -15
E 2064 1 -1 -15
E 2064 2 -1 -15
E 2064 3 -1 -15
E 2064 4 -1 -15
E 2064 5 -1 -15
E 2064 6 -1 -15
T 2065 12 0 0 0
T 2066 4 0 7 1
E 2066 0 -2 -18
E 2066 1 -2 -18
E 2066 2 -2 -18
E 2066 3 -2 -18
E 2066 4 -2 -18
E 2066 5 -2 -18
E 2066 6 -2 -18
T 2067 3 0 0 0
T 2068 8 0 0 0
T 2069 10 0 0 0
T 2070 12 0 0 0
T 2071 7 0 7 1
E 2071 0 -1 -14
E 2071 1 -1 -14
E 2071 2 -1 -14
E 2071 3 -1 -14
E 2071 4 -1 -14
E 2071 5 -1 -14
E 2071 6 -1 -14
T 2072 4 0 0 0
T 2073 5 0 0 0
T 2074 6 0 0 0
T 2075 8 0 0 0
T 2076 8 0 7 1
E 2076 0 -1 -15
E 2076 1 -1 -15
E 2076 2 -1 -15
E 2076 3 -1 -15
E 2076 4 -1 -15
E 2076 5 -1 -15
E 2076 6 -1 -15
T 2077 7 0 0 0
T 2078 10 0 0 0
T 2079 6 0 7 1
E 2079 0 -1 -13
E 2079 1 -1 -13
E 2079 2 -1 -13
E 2079 3 -1 -13
E 2079 4 -1 -13
E 2079 5 -1 -13
E 2079 6 -1 -13
T 2080 3 0 0 0
T 2081 3 0 0 0
T 2082 0 0 0 0
T 2083 4 0 0 0
T 2084 0 0 0 0
T 2085 3 0 0 0
T 2086 4 0 0 0
T 2087 9 0 0 0
T 2088 10 0 0 0
T 2089 9 0 7 1
E 2089 0 -1 -16
E 2089 1 -1 -16
E 2089 2 -1 -16
E 2089 3 -1 -16
E 2089 4 -1 -16
E 2089 5 -1 -16
E 2089 6 -1 -16
T 2090 9 0 0 0
T 2091 9 0 0 0
T 2092 12 0 0 0
T 2093 4 0 7 1
E 2093 0 -2 -18
E 2093 1 -2 -18
E 2093 2 -2 -18
E 2093 3 -2 -18
E 2093 4 -2 -18
E 2093 5 -2 -18
E 2093 6 -2 -18
T 2094 7 0 0 0
T 2095 12 0 0 0
T 2096 9 0 7 1
E 2096 0 -1 -16
E 2096 1 -1 -16
E 2096 2 -1 -16
E 2096 3 -1 -16
E 2096 4 -1 -16
E 2096 5 -1 -16
E 2096 6 -1 -16
T 2097 12 0 0 0
T 2098 6 0 7 1
E 2098 0 -2 -20
E 2098 1 -2 -20
E 2098 2 -2 -20
E 2098 3 -2 -20
E 2098 4 -2 -20
E 2098 5 -2 -20
E 2098 6 -2 -20
T 2099 4 0 0 0
T 2100 8 0 0 0
T 2101 7 0 0 0
T 2102 9 0 0 0
T 2103 8 0 7 1
E 2103 0 -1 -15
E 2103 1 -1 -15
E 2103 2 -1 -15
E 2103 3 -1 -15
E 2103 4 -1 -15
E 2103 5 -1 -15
E 2103 6 -1 -15
T 2104 11 0 0 0
T 2105 12 0 0 0
T 2106 10 0 0 0
T 2107 9 0 7 1
E 2107 0 -1 -16
E 2107 1 -1 -16
E 2107 2 -1 -16
E 2107 3 -1 -16
E 2107 4 -1 -16
E 2107 5 -1 -16
E 2107 6 -1 -16
T 2108 7 0 0 0
T 2109 11 0 0 0
T 2110 6 0 0 0
T 2111 7 0 0 0
T 2112 8 0 0 0
T 2113 10 0 0 0
T 2114 10 0 0 0
T 2115 6 0 7 1
E 2115 0 -1 -13
E 2115 1 -1 -13
E 2115 2 -1 -13
E 2115 3 -1 -13
E 2115 4 -1 -13
E 2115 5 -1 -13
E 2115 6 -1 -13
T 2116 10 0 0 0
T 2117 10 0 7 1
E 2117 0 -1 -17
E 2117 1 -1 -17
E 2117 2 -1 -17
E 2117 3 -1 -17
E 2117 4 -1 -17
E 2117 5 -1 -17
E 2117 6 -1 -17
T 2118 8 0 0 0
T 2119 6 0 7 1
E 2119 0 -1 -13
E 2119 1 -1 -13
E 2119 2 -1 -13
E 2119 3 -1 -13
E 2119 4 -1 -13
E 2119 5 -1 -13
E 2119 6 -1 -13
T 2120 9 0 0 0
T 2121 8 0 7 1
E 2121 0 -1 -15
E 2121 1 -1 -15
E 2121 2 -1 -15
E 2121 3 -1 -15
E 2121 4 -1 -15
E 2121 5 -1 -15
E 2121 6 -1 -15
T 2122 12 0 0 0
T 2123 11 0 0 0
T 2124 11 0 0 0
T 2125 6 0 0 0
T 2126 6 0 7 1
E 2126 0 -1 -13
E 2126 1 -1 -13
E 2126 2 -1 -13
E 2126 3 -1 -13
E 2126 4 -1 -13
E 2126 5 -1 -13
E 2126 6 -1 -13
T 2127 5 0 0 0
T 2128 3 0 0 0
T 2129 2 0 0 0
T 2130 3 0 0 0
T 2131 4 0 0 0
T 2132 8 0 0 0
T 2133 9 0 7 1
E 2133 0 -1 -16
E 2133 1 -1 -16
E 2133 2 -1 -16
E 2133 3 -1 -16
E 2133 4 -1 -16
E 2133 5 -1 -16
E 2133 6 -1 -16
T 2134 6 0 7 1
E 2134 0 -1 -13
E 2134 1 -1 -13
E 2134 2 -1 -13
E 2134 3 -1 -13
E 2134 4 -1 -13
E 2134 5 -1 -13
E 2134 6 -1 -13
T 2135 1 0 0 0
T 2136 7 0 0 0
T 2137 6 0 7 1
E 2137 0 -1 -13
E 2137 1 -1 -13
E 2137 2 -1 -13
E 2137 3 -1 -13
E 2137 4 -1 -13
E 2137 5 -1 -13
E 2137 6 -1 -13
T 2138 10 0 0 0
T 2139 8 0 0 0
T 2140 8 0 0 0
T 2141 7 0 0 0
T 2142 10 0 0 0
T 2143 9 0 0 0
T 2144 6 0 7 1
E 2144 0 -1 -13
E 2144 1 -1 -13
E 2144 2 -1 -13
E 2144 3 -1 -13
E 2144 4 -1 -13
E 2144 5 -1 -13
E 2144 6 -1 -13
T 2145 11 0 0 0
T 2146 11 0 0 0
T 2147 7 0 0 0
T 2148 5 0 0 0
T 2149 1 0 0 0
T 2150 2 0 0 0
T 2151 3 0 0 0
T 2152 7 0 0 0
T 2153 8 0 7 1
E 2153 0 -1 -15
E 2153 1 -1 -15
E 2153 2 -1 -15
E 2153 3 -1 -15
E 2153 4 -1 -15
E 2153 5 -1 -15
E 2153 6 -1 -15
T 2154 11 0 0 0
T 2155 10 0 7 1
E 2155 0 -1 -17
E 2155 1 -1 -17
E 2155 2 -1 -17
E 2155 3 -1 -17
E 2155 4 -1 -17
E 2155 5 -1 -17
E 2155 6 -1 -17
T 2156 7 0 7 1
E 2156 0 -1 -14
E 2156 1 -1 -14
E 2156 2 -1 -14
E 2156 3 -1 -14
E 2156 4 -1 -14
E 2156 5 -1 -14
E 2156 6 -1 -14
T 2157 7 0 0 0
T 2158 11 0 0 0
T 2159 8 0 0 0
T 2160 8 0 7 1
E 2160 0 4 36
E 2160 1 4 36
E 2160 2 4 36
E 2160 3 4 36
E 2160 4 4 36
E 2160 5 4 36
E 2160 6 4 36
T 2161 6 0 0 0
T 2162 11 0 0 0
T 2163 6 0 7 1
E 2163 0 1 13
E 2163 1 1 13
E 2163 2 1 13
E 2163 3 1 13
E 2163 4 1 13
E 2163 5 1 13
E 2163 6 1 13
T 2164 6 0 7 1
E 2164 0 1 13
E 2164 1 1 13
E 2164 2 1 13
E 2164 3 1 13
E 2164 4 1 13
E 2164 5 1 13
E 2164 6 1 13
T 2165 7 0 0 0
T 2166 8 0 0 0
T 2167 4 0 0 0
T 2168 9 0 0 0
T 2169 10 0 7 1
E 2169 0 1 17
E 2169 1 1 17
E 2169 2 1 17
E 2169 3 1 17
E 2169 4 1 17
E 2169 5 1 17
E 2169 6 1 17
T 2170 10 0 7 1
E 2170 0 1 17
E 2170 1 1 17
E 2170 2 1 17
E 2170 3 1 17
E 2170 4 1 17
E 2170 5 1 17
E 2170 6 1 17
T 2171 12 0 0 0
T 2172 10 0 7 1
E 2172 0 1 17
E 2172 1 1 17
E 2172 2 1 17
E 2172 3 1 17
E 2172 4 1 17
E 2172 5 1 17
E 2172 6 1 17
T 2173 7 0 7 1
E 2173 0 1 14
E 2173 1 1 14
E 2173 2 1 14
E 2173 3 1 14
E 2173 4 1 14
E 2173 5 1 14
E 2173 6 1 14
T 2174 11 0 0 0
T 2175 10 0 7 1
E 2175 0 1 17
E 2175 1 1 17
E 2175 2 1 17
E 2175 3 1 17
E 2175 4 1 17
E 2175 5 1 17
E 2175 6 1 17
T 2176 5 0 0 0
T 2177 1 0 0 0
T 2178 7 0 0 0
T 2179 9 0 0 0
T 2180 7 0 0 0
T 2181 7 0 0 0
T 2182 12 0 0 0
T 2183 8 0 0 0
T 2184 12 0 0 0
T 2185 11 0 0 0
T 2186 7 0 0 0
T 2187 7 0 7 1
E 2187 0 1 14
E 2187 1 1 14
E 2187 2 1 14
E 2187 3 1 14
E 2187 4 1 14
E 2187 5 1 14
E 2187 6 1 14
T 2188 4 0 0 0
T 2189 12 0 0 0
T 2190 12 0 0 0
T 2191 10 0 0 0
T 2192 12 0 0 0
T 2193 4 0 7 1
E 2193 0 2 18
E 2193 1 2 18
E 2193 2 2 18
E 2193 3 2 18
E 2193 4 2 18
E 2193 5 2 18
E 2193 6 2 18
T 2194 7 0 0 0
T 2195 12 0 0 0
T 2196 10 0 7 1
E 2196 0 1 17
E 2196 1 1 17
E 2196 2 1 17
E 2196 3 1 17
E 2196 4 1 17
E 2196 5 1 17
E 2196 6 1 17
T 2197 4 0 7 1
E 2197 0 2 18
E 2197 1 2 18
E 2197 2 2 18
E 2197 3 2 18
E 2197 4 2 18
E 2197 5 2 18
E 2197 6 2 18
T 2198 2 0 0 0
T 2199 2 0 0 0
T 2200 7 0 0 0
T 2201 3 0 0 0
T 2202 6 0 0 0
T 2203 3 0 0 0
T 2204 7 0 0 0
T 2205 8 0 7 1
E 2205 0 1 15
E 2205 1 1 15
E 2205 2 1 15
E 2205 3 1 15
E 2205 4 1 15
E 2205 5 1 15
E 2205 6 1 15
T 2206 11 0 0 0
T 2207 6 0 7 1
E 2207 0 1 13
E 2207 1 1 13
E 2207 2 1 13
E 2207 3 1 13
E 2207 4 1 13
E 2207 5 1 13
E 2207 6 1 13
T 2208 4 0 0 0
T 2209 7 0 0 0
T 2210 12 0 0 0
T 2211 9 0 0 0
T 2212 9 0 7 1
E 2212 0 1 16
E 2212 1 1 16
E 2212 2 1 16
E 2212 3 1 16
E 2212 4 1 16
E 2212 5 1 16
E 2212 6 1 16
T 2213 8 0 7 1
E 2213 0 1 15
E 2213 1 1 15
E 2213 2 1 15
E 2213 3 1 15
E 2213 4 1 15
E 2213 5 1 15
E 2213 6 1 15
T 2214 7 0 7 1
E 2214 0 1 14
E 2214 1 1 14
E 2214 2 1 14
E 2214 3 1 14
E 2214 4 1 14
E 2214 5 1 14
E 2214 6 1 14
T 2215 3 0 0 0
T 2216 2 0 0 0
T 2217 7 0 0 0
T 2218 11 0 0 0
T 2219 7 0 0 0
T 2220 5 0 0 0
T 2221 9 0 0 0
T 2222 12 0 0 0
T 2223 9 0 0 0
T 2224 8 0 0 0
T 2225 5 0 0 0
T 2226 2 0 0 0
T 2227 0 0 0 0
T 2228 4 0 0 0
T 2229 4 0 0 0
T 2230 8 0 0 0
T 2231 6 0 0 0
T 2232 2 0 0 0
T 2233 4 0 0 0
T 2234 8 0 0 0
T 2235 10 0 0 0
T 2236 7 0 0 0
T 2237 9 0 0 0
T 2238 2 0 0 0
T 2239 2 0 0 0
T 2240 2 0 0 0
T 2241 1 0 0 0
T 2242 1 0 0 0
T 2243 2 0 0 0
T 2244 4 0 0 0
T 2245 0 0 0 0
T 2246 6 0 0 0
T 2247 5 0 0 0
T 2248 8 0 0 0
T 2249 12 0 0 0
T 2250 11 0 0 0
T 2251 9 0 0 0
T 2252 6 0 0 0
T 2253 3 0 0 0
T 2254 1 0 0 0
T 2255 9 0 0 0
T 2256 8 0 0 0
T 2257 6 0 0 0
T 2258 3 0 0 0
T 2259 3 0 0 0
T 2260 2 0 0 0
T 2261 3 0 0 0
T 2262 1 0 0 0
T 2263 5 0 0 0
T 2264 12 0 0 0
T 2265 7 0 7 1
E 2265 0 -1 -14
E 2265 1 -1 -14
E 2265 2 -1 -14
E 2265 3 -1 -14
E 2265 4 -1 -14
E 2265 5 -1 -14
E 2265 6 -1 -14
T 2266 6 0 0 0
T 2267 1 0 0 0
T 2268 3 0 0 0
T 2269 7 0 0 0
T 2270 11 0 0 0
T 2271 6 0 7 1
E 2271 0 -1 -13
E 2271 1 -1 -13
E 2271 2 -1 -13
E 2271 3 -1 -13
E 2271 4 -1 -13
E 2271 5 -1 -13
E 2271 6 -1 -13
T 2272 11 0 0 0
T 2273 7 0 0 0
T 2274 8 0 0 0
T 2275 4 0 0 0
T 2276 3 0 0 0
T 2277 1 0 0 0
T 2278 0 0 0 0
T 2279 0 0 0 0
T 2280 0 0 0 0
T 2281 4 0 0 0
T 2282 1 0 0 0
T 2283 4 0 0 0
T 2284 10 0 0 0
T 2285 11 0 0 0
T 2286 4 0 7 1
E 2286 0 -2 -18
E 2286 1 -2 -18
E 2286 2 -2 -18
E 2286 3 -2 -18
E 2286 4 -2 -18
E 2286 5 -2 -18
E 2286 6 -2 -18
T 2287 2 0 0 0
T 2288 1 0 0 0
T 2289 4 0 0 0
T 2290 3 0 0 0
T 2291 10 0 0 0
T 2292 9 0 0 0
T 2293 12 0 0 0
T 2294 8 0 7 1
E 2294 0 -1 -15
E 2294 1 -1 -15
E 2294 2 -1 -15
E 2294 3 -1 -15
E 2294 4 -1 -15
E 2294 5 -1 -15
E 2294 6 -1 -15
T 2295 4 0 0 0
T 2296 11 0 0 0
T 2297 10 0 7 1
E 2297 0 -1 -17
E 2297 1 -1 -17
E 2297 2 -1 -17
E 2297 3 -1 -17
E 2297 4 -1 -17
E 2297 5 -1 -17
E 2297 6 -1 -17
T 2298 7 0 7 1
E 2298 0 -1 -14
E 2298 1 -1 -14
E 2298 2 -1 -14
E 2298 3 -1 -14
E 2298 4 -1 -14
E 2298 5 -1 -14
E 2298 6 -1 -14
T 2299 2 0 0 0
T 2300 6 0 0 0
T 2301 3 0 0 0
T 2302 7 0 0 0
T 2303 11 0 0 0
T 2304 11 0 0 0
T 2305 6 0 7 1
E 2305 0 -1 -13
E 2305 1 -1 -13
E 2305 2 -1 -13
E 2305 3 -1 -13
E 2305 4 -1 -13
E 2305 5 -1 -13
E 2305 6 -1 -13
T 2306 11 0 0 0
T 2307 10 0 0 0
T 2308 7 0 0 0
T 2309 7 0 7 1
E 2309 0 -1 -14
E 2309 1 -1 -14
E 2309 2 -1 -14
E 2309 3 -1 -14
E 2309 4 -1 -14
E 2309 5 -1 -14
E 2309 6 -1 -14
T 2310 7 0 0 0
T 2311 11 0 0 0
T 2312 6 0 7 1
E 2312 0 -1 -13
E 2312 1 -1 -13
E 2312 2 -1 -13
E 2312 3 -1 -13
E 2312 4 -1 -13
E 2312 5 -1 -13
E 2312 6 -1 -13
T 2313 7 0 7 1
E 2313 0 -1 -14
E 2313 1 -1 -14
E 2313 2 -1 -14
E 2313 3 -1 -14
E 2313 4 -1 -14
E 2313 5 -1 -14
E 2313 6 -1 -14
T 2314 8 0 7 1
E 2314 0 -1 -15
E 2314 1 -1 -15
E 2314 2 -1 -15
E 2314 3 -1 -15
E 2314 4 -1 -15
E 2314 5 -1 -15
E 2314 6 -1 -15
T 2315 3 0 0 0
T 2316 10 0 0 0
T 2317 5 0 0 0
T 2318 11 0 0 0
T 2319 4 0 7 1
E 2319 0 -2 -18
E 2319 1 -2 -18
E 2319 2 -2 -18
E 2319 3 -2 -18
E 2319 4 -2 -18
E 2319 5 -2 -18
E 2319 6 -2 -18
T 2320 2 0 0 0
T 2321 5 0 0 0
T 2322 0 0 0 0
T 2323 3 0 0 0
T 2324 1 0 0 0
T 2325 2 0 0 0
T 2326 4 0 0 0
T 2327 4 0 0 0
T 2328 2 0 0 0
T 2329 6 0 0 0
T 2330 9 0 0 0
T 2331 6 0 0 0
T 2332 2 0 0 0
T 2333 4 0 0 0
T 2334 1 0 0 0
T 2335 2 0 0 0
T 2336 0 0 0 0
T 2337 2 0 0 0
T 2338 0 0 0 0
T 2339 6 0 0 0
T 2340 10 0 0 0
T 2341 4 0 7 1
E 2341 0 -2 -18
E 2341 1 -2 -18
E 2341 2 -2 -18
E 2341 3 -2 -18
E 2341 4 -2 -18
E 2341 5 -2 -18
E 2341 6 -2 -18
T 2342 9 0 0 0
T 2343 9 0 7 1
E 2343 0 -1 -16
E 2343 1 -1 -16
E 2343 2 -1 -16
E 2343 3 -1 -16
E 2343 4 -1 -16
E 2343 5 -1 -16
E 2343 6 -1 -16
T 2344 11 0 0 0
T 2345 7 0 7 1
E 2345 0 -1 -14
E 2345 1 -1 -14
E 2345 2 -1 -14
E 2345 3 -1 -14
E 2345 4 -1 -14
E 2345 5 -1 -14
E 2345 6 -1 -14
T 2346 6 0 7 1
E 2346 0 -1 -13
E 2346 1 -1 -13
E 2346 2 -1 -13
E 2346 3 -1 -13
E 2346 4 -1 -13
E 2346 5 -1 -13
E 2346 6 -1 -13
T 2347 10 0 0 0
T 2348 8 0 7 1
E 2348 0 -1 -15
E 2348 1 -1 -15
E 2348 2 -1 -15
E 2348 3 -1 -15
E 2348 4 -1 -15
E 2348 5 -1 -15
E 2348 6 -1 -15
T 2349 6 0 7 1
E 2349 0 -1 -13
E 2349 1 -1 -13
E 2349 2 -1 -13
E 2349 3 -1 -13
E 2349 4 -1 -13
E 2349 5 -1 -13
E 2349 6 -1 -13
T 2350 4 0 0 0
T 2351 1 0 0 0
T 2352 8 0 0 0
T 2353 9 0 7 1
E 2353 0 -1 -16
E 2353 1 -1 -16
E 2353 2 -1 -16
E 2353 3 -1 -16
E 2353 4 -1 -16
E 2353 5 -1 -16
E 2353 6 -1 -16
T 2354 9 0 7 1
E 2354 0 -1 -16
E 2354 1 -1 -16
E 2354 2 -1 -16
E 2354 3 -1 -16
E 2354 4 -1 -16
E 2354 5 -1 -16
E 2354 6 -1 -16
T 2355 9 0 0 0
T 2356 9 0 0 0
T 2357 7 0 7 1
E 2357 0 -1 -14
E 2357 1 -1 -14
E 2357 2 -1 -14
E 2357 3 -1 -14
E 2357 4 -1 -14
E 2357 5 -1 -14
E 2357 6 -1 -14
T 2358 11 0 0 0
T 2359 9 0 7 1
E 2359 0 -1 -16
E 2359 1 -1 -16
E 2359 2 -1 -16
E 2359 3 -1 -16
E 2359 4 -1 -16
E 2359 5 -1 -16
E 2359 6 -1 -16
T 2360 8 0 0 0
T 2361 5 0 0 0
T 2362 2 0 0 0
T 2363 2 0 0 0
T 2364 5 0 0 0
T 2365 0 0 0 0
T 2366 1 0 0 0
T 2367 5 0 0 0
T 2368 1 0 0 0
T 2369 4 0 0 0
T 2370 10 0 0 0
T 2371 10 0 7 1
E 2371 0 -1 -17
E 2371 1 -1 -17
E 2371 2 -1 -17
E 2371 3 -1 -17
E 2371 4 -1 -17
E 2371 5 -1 -17
E 2371 6 -1 -17
T 2372 6 0 0 0
T 2373 10 0 0 0
T 2374 7 0 7 1
E 2374 0 -1 -14
E 2374 1 -1 -14
E 2374 2 -1 -14
E 2374 3 -1 -14
E 2374 4 -1 -14
E 2374 5 -1 -14
E 2374 6 -1 -14
T 2375 3 0 0 0
T 2376 8 0 0 0
T 2377 10 0 0 0
T 2378 8 0 0 0
T 2379 9 0 0 0
T 2380 6 0 0 0
T 2381 2 0 0 0
T 2382 1 0 0 0
T 2383 0 0 0 0
T 2384 4 0 0 0
T 2385 4 0 0 0
T 2386 5 0 0 0
T 2387 5 0 0 0
T 2388 1 0 0 0
T 2389 3 0 0 0
T 2390 2 0 0 0
T 2391 10 0 0 0
T 2392 8 0 7 1
E 2392 0 -1 -15
E 2392 1 -1 -15
E 2392 2 -1 -15
E 2392 3 -1 -15
E 2392 4 -1 -15
E 2392 5 -1 -15
E 2392 6 -1 -15
T 2393 11 0 0 0
T 2394 10 0 7 1
E 2394 0 -1 -17
E 2394 1 -1 -17
E 2394 2 -1 -17
E 2394 3 -1 -17
E 2394 4 -1 -17
E 2394 5 -1 -17
E 2394 6 -1 -17
T 2395 11 0 0 0
T 2396 7 0 0 0
T 2397 11 0 0 0
T 2398 7 0 0 0
T 2399 4 0 0 0
T 2400 10 0 7 1
E 2400 0 4 38
E 2400 1 4 38
E 2400 2 4 38
E 2400 3 4 38
E 2400 4 4 38
E 2400 5 4 38
E 2400 6 4 38
T 2401 8 0 0 0
T 2402 9 0 0 0
T 2403 7 0 0 0
T 2404 4 0 0 0
T 2405 1 0 0 0
T 2406 7 0 0 0
T 2407 11 0 0 0
T 2408 10 0 7 1
E 2408 0 1 17
E 2408 1 1 17
E 2408 2 1 17
E 2408 3 1 17
E 2408 4 1 17
E 2408 5 1 17
E 2408 6 1 17
T 2409 6 0 0 0
T 2410 7 0 7 1
E 2410 0 1 14
E 2410 1 1 14
E 2410 2 1 14
E 2410 3 1 14
E 2410 4 1 14
E 2410 5 1 14
E 2410 6 1 14
T 2411 2 0 0 0
T 2412 0 0 0 0
T 2413 4 0 0 0
T 2414 5 0 0 0
T 2415 8 0 0 0
T 2416 12 0 0 0
T 2417 4 0 7 1
E 2417 0 2 18
E 2417 1 2 18
E 2417 2 2 18
E 2417 3 2 18
E 2417 4 2 18
E 2417 5 2 18
E 2417 6 2 18
T 2418 3 0 0 0
T 2419 3 0 0 0
T 2420 7 0 0 0
T 2421 7 0 0 0
T 2422 5 0 0 0
T 2423 1 0 0 0
T 2424 6 0 0 0
T 2425 7 0 0 0
T 2426 10 0 0 0
T 2427 10 0 0 0
T 2428 5 0 0 0
T 2429 6 0 0 0
T 2430 7 0 0 0
T 2431 8 0 0 0
T 2432 5 0 0 0
T 2433 0 0 0 0
T 2434 8 0 0 0
T 2435 6 0 0 0
T 2436 10 0 0 0
T 2437 6 0 7 1
E 2437 0 1 13
E 2437 1 1 13
E 2437 2 1 13
E 2437 3 1 13
E 2437 4 1 13
E 2437 5 1 13
E 2437 6 1 13
T 2438 3 0 0 0
T 2439 1 0 0 0
T 2440 0 0 0 0
T 2441 5 0 0 0
T 2442 2 0 0 0
T 2443 1 0 0 0
T 2444 1 0 0 0
T 2445 5 0 0 0
T 2446 5 0 0 0
T 2447 10 0 0 0
T 2448 12 0 0 0
T 2449 6 0 7 1
E 2449 0 2 20
E 2449 1 2 20
E 2449 2 2 20
E 2449 3 2 20
E 2449 4 2 20
E 2449 5 2 20
E 2449 6 2 20
T 2450 6 0 0 0
T 2451 6 0 0 0
T 2452 8 0 0 0
T 2453 8 0 0 0
T 2454 10 0 0 0
T 2455 8 0 0 0
T 2456 12 0 0 0
T 2457 11 0 0 0
T 2458 4 0 7 1
E 2458 0 2 18
E 2458 1 2 18
E 2458 2 2 18
E 2458 3 2 18
E 2458 4 2 18
E 2458 5 2 18
E 2458 6 2 18
T 2459 3 0 0 0
T 2460 9 0 0 0
T 2461 11 0 0 0
T 2462 11 0 0 0
T 2463 7 0 0 0
T 2464 8 0 0 0
T 2465 9 0 0 0
T 2466 4 0 0 0
T 2467 6 0 0 0
T 2468 12 0 0 0
T 2469 7 0 7 1
E 2469 0 1 14
E 2469 1 1 14
E 2469 2 1 14
E 2469 3 1 14
E 2469 4 1 14
E 2469 5 1 14
E 2469 6 1 14
T 2470 5 0 0 0
T 2471 3 0 0 0
T 2472 8 0 0 0
T 2473 7 0 0 0
T 2474 10 0 0 0
T 2475 12 0 0 0
T 2476 4 0 7 1
E 2476 0 2 18
E 2476 1 2 18
E 2476 2 2 18
E 2476 3 2 18
E 2476 4 2 18
E 2476 5 2 18
E 2476 6 2 18
T 2477 3 0 0 0
T 2478 3 0 0 0
T 2479 1 0 0 0
T 2480 6 0 0 0
T 2481 3 0 0 0
T 2482 3 0 0 0
T 2483 4 0 0 0
T 2484 1 0 0 0
T 2485 7 0 0 0
T 2486 12 0 0 0
T 2487 6 0 7 1
E 2487 0 1 13
E 2487 1 1 13
E 2487 2 1 13
E 2487 3 1 13
E 2487 4 1 13
E 2487 5 1 13
E 2487 6 1 13
T 2488 2 0 0 0
T 2489 8 0 0 0
T 2490 6 0 0 0
T 2491 12 0 0 0
T 2492 12 0 0 0
T 2493 5 0 7 1
E 2493 0 2 19
E 2493 1 2 19
E 2493 2 2 19
E 2493 3 2 19
E 2493 4 2 19
E 2493 5 2 19
E 2493 6 2 19
T 2494 7 0 0 0
T 2495 3 0 0 0
T 2496 0 0 0 0
T 2497 5 0 0 0
T 2498 11 0 0 0
T 2499 7 0 0 0
T 2500 8 0 0 0
T 2501 7 0 0 0
T 2502 8 0 0 0
T 2503 7 0 7 1
E 2503 0 -1 -14
E 2503 1 -1 -14
E 2503 2 -1 -14
E 2503 3 -1 -14
E 2503 4 -1 -14
E 2503 5 -1 -14
E 2503 6 -1 -14
T 2504 3 0 0 0
T 2505 6 0 0 0
T 2506 5 0 0 0
T 2507 9 0 0 0
T 2508 7 0 7 1
E 2508 0 -1 -14
E 2508 1 -1 -14
E 2508 2 -1 -14
E 2508 3 -1 -14
E 2508 4 -1 -14
E 2508 5 -1 -14
E 2508 6 -1 -14
T 2509 7 0 7 1
E 2509 0 -1 -14
E 2509 1 -1 -14
E 2509 2 -1 -14
E 2509 3 -1 -14
E 2509 4 -1 -14
E 2509 5 -1 -14
E 2509 6 -1 -14
T 2510 10 0 0 0
T 2511 10 0 0 0
T 2512 10 0 0 0
T 2513 12 0 0 0
T 2514 9 0 7 1
E 2514 0 -1 -16
E 2514 1 -1 -16
E 2514 2 -1 -16
E 2514 3 -1 -16
E 2514 4 -1 -16
E 2514 5 -1 -16
E 2514 6 -1 -16
T 2515 9 0 7 1
E 2515 0 -1 -16
E 2515 1 -1 -16
E 2515 2 -1 -16
E 2515 3 -1 -16
E 2515 4 -1 -16
E 2515 5 -1 -16
E 2515 6 -1 -16
T 2516 6 0 0 0
T 2517 10 0 0 0
T 2518 11 0 0 0
T 2519 6 0 0 0
T 2520 11 0 0 0
T 2521 10 0 7 1
E 2521 0 -1 -17
E 2521 1 -1 -17
E 2521 2 -1 -17
E 2521 3 -1 -17
E 2521 4 -1 -17
E 2521 5 -1 -17
E 2521 6 -1 -17
T 2522 8 0 7 1
E 2522 0 -1 -15
E 2522 1 -1 -15
E 2522 2 -1 -15
E 2522 3 -1 -15
E 2522 4 -1 -15
E 2522 5 -1 -15
E 2522 6 -1 -15
T 2523 6 0 0 0
T 2524 5 0 0 0
T 2525 10 0 0 0
T 2526 9 0 0 0
T 2527 5 0 0 0
T 2528 1 0 0 0
T 2529 5 0 0 0
T 2530 7 0 0 0
T 2531 5 0 0 0
T 2532 9 0 0 0
T 2533 10 0 0 0
T 2534 9 0 7 1
E 2534 0 -1 -16
E 2534 1 -1 -16
E 2534 2 -1 -16
E 2534 3 -1 -16
E 2534 4 -1 -16
E 2534 5 -1 -16
E 2534 6 -1 -16
T 2535 4 0 0 0
T 2536 7 0 0 0
T 2537 8 0 0 0
T 2538 8 0 7 1
E 2538 0 -1 -15
E 2538 1 -1 -15
E 2538 2 -1 -15
E 2538 3 -1 -15
E 2538 4 -1 -15
E 2538 5 -1 -15
E 2538 6 -1 -15
T 2539 10 0 0 0
T 2540 6 0 0 0
T 2541 2 0 0 0
T 2542 5 0 0 0
T 2543 6 0 0 0
T 2544 3 0 0 0
T 2545 4 0 0 0
T 2546 8 0 0 0
T 2547 6 0 0 0
T 2548 11 0 0 0
T 2549 5 0 7 1
E 2549 0 -2 -19
E 2549 1 -2 -19
E 2549 2 -2 -19
E 2549 3 -2 -19
E 2549 4 -2 -19
E 2549 5 -2 -19
E 2549 6 -2 -19
T 2550 8 0 0 0
T 2551 9 0 0 0
T 2552 7 0 0 0
T 2553 8 0 7 1
E 2553 0 -1 -15
E 2553 1 -1 -15
E 2553 2 -1 -15
E 2553 3 -1 -15
E 2553 4 -1 -15
E 2553 5 -1 -15
E 2553 6 -1 -15
T 2554 6 0 7 1
E 2554 0 -1 -13
E 2554 1 -1 -13
E 2554 2 -1 -13
E 2554 3 -1 -13
E 2554 4 -1 -13
E 2554 5 -1 -13
E 2554 6 -1 -13
T 2555 2 0 0 0
T 2556 4 0 0 0
T 2557 9 0 0 0
T 2558 11 0 0 0
T 2559 12 0 0 0
T 2560 9 0 7 1
E 2560 0 -1 -16
E 2560 1 -1 -16
E 2560 2 -1 -16
E 2560 3 -1 -16
E 2560 4 -1 -16
E 2560 5 -1 -16
E 2560 6 -1 -16
T 2561 9 0 7 1
E 2561 0 -1 -16
E 2561 1 -1 -16
E 2561 2 -1 -16
E 2561 3 -1 -16
E 2561 4 -1 -16
E 2561 5 -1 -16
E 2561 6 -1 -16
T 2562 6 0 0 0
T 2563 8 0 0 0
T 2564 11 0 0 0
T 2565 12 0 0 0
T 2566 11 0 0 0
T 2567 8 0 0 0
T 2568 9 0 7 1
E 2568 0 -1 -16
E 2568 1 -1 -16
E 2568 2 -1 -16
E 2568 3 -1 -16
E 2568 4 -1 -16
E 2568 5 -1 -16
E 2568 6 -1 -16
T 2569 10 0 0 0
T 2570 12 0 0 0
T 2571 9 0 0 0
T 2572 12 0 0 0
T 2573 8 0 7 1
E 2573 0 -1 -15
E 2573 1 -1 -15
E 2573 2 -1 -15
E 2573 3 -1 -15
E 2573 4 -1 -15
E 2573 5 -1 -15
E 2573 6 -1 -15
T 2574 6 0 7 1
E 2574 0 -1 -13
E 2574 1 -1 -13
E 2574 2 -1 -13
E 2574 3 -1 -13
E 2574 4 -1 -13
E 2574 5 -1 -13
E 2574 6 -1 -13
T 2575 11 0 0 0
T 2576 11 0 0 0
T 2577 7 0 0 0
T 2578 4 0 0 0
T 2579 11 0 0 0
T 2580 10 0 7 1
E 2580 0 -1 -17
E 2580 1 -1 -17
E 2580 2 -1 -17
E 2580 3 -1 -17
E 2580 4 -1 -17
E 2580 5 -1 -17
E 2580 6 -1 -17
T 2581 10 0 0 0
T 2582 7 0 0 0
T 2583 8 0 7 1
E 2583 0 -1 -15
E 2583 1 -1 -15
E 2583 2 -1 -15
E 2583 3 -1 -15
E 2583 4 -1 -15
E 2583 5 -1 -15
E 2583 6 -1 -15
T 2584 8 0 0 0
T 2585 4 0 0 0
T 2586 6 0 0 0
T 2587 5 0 0 0
T 2588 6 0 7 1
E 2588 0 -1 -13
E 2588 1 -1 -13
E 2588 2 -1 -13
E 2588 3 -1 -13
E 2588 4 -1 -13
E 2588 5 -1 -13
E 2588 6 -1 -13
T 2589 6 0 7 1
E 2589 0 -1 -13
E 2589 1 -1 -13
E 2589 2 -1 -13
E 2589 3 -1 -13
E 2589 4 -1 -13
E 2589 5 -1 -13
E 2589 6 -1 -13
T 2590 6 0 0 0
T 2591 10 0 0 0
T 2592 11 0 0 0
T 2593 9 0 0 0
T 2594 12 0 0 0
T 2595 8 0 7 1
E 2595 0 -1 -15
E 2595 1 -1 -15
E 2595 2 -1 -15
E 2595 3 -1 -15
E 2595 4 -1 -15
E 2595 5 -1 -15
E 2595 6 -1 -15
T 2596 8 0 7 1
E 2596 0 -1 -15
E 2596 1 -1 -15
E 2596 2 -1 -15
E 2596 3 -1 -15
E 2596 4 -1 -15
E 2596 5 -1 -15
E 2596 6 -1 -15
T 2597 5 0 0 0
T 2598 8 0 0 0
T 2599 8 0 0 0
T 2600 6 0 0 0
T 2601 3 0 0 0
T 2602 9 0 0 0
T 2603 11 0 0 0
T 2604 8 0 7 1
E 2604 0 -1 -15
E 2604 1 -1 -15
E 2604 2 -1 -15
E 2604 3 -1 -15
E 2604 4 -1 -15
E 2604 5 -1 -15
E 2604 6 -1 -15
T 2605 7 0 0 0
T 2606 11 0 0 0
T 2607 4 0 7 1
E 2607 0 -2 -18
E 2607 1 -2 -18
E 2607 2 -2 -18
E 2607 3 -2 -18
E 2607 4 -2 -18
E 2607 5 -2 -18
E 2607 6 -2 -18
T 2608 2 0 0 0
T 2609 2 0 0 0
T 2610 1 0 0 0
T 2611 3 0 0 0
T 2612 1 0 0 0
T 2613 2 0 0 0
T 2614 5 0 0 0
T 2615 7 0 0 0
T 2616 8 0 0 0
T 2617 1 0 0 0
T 2618 6 0 0 0
T 2619 9 0 0 0
T 2620 8 0 0 0
T 2621 6 0 7 1
E 2621 0 -1 -13
E 2621 1 -1 -13
E 2621 2 -1 -13
E 2621 3 -1 -13
E 2621 4 -1 -13
E 2621 5 -1 -13
E 2621 6 -1 -13
T 2622 10 0 0 0
T 2623 4 0 7 1
E 2623 0 -2 -18
E 2623 1 -2 -18
E 2623 2 -2 -18
E 2623 3 -2 -18
E 2623 4 -2 -18
E 2623 5 -2 -18
E 2623 6 -2 -18
T 2624 8 0 0 0
T 2625 4 0 0 0
T 2626 8 0 0 0
T 2627 8 0 7 1
E 2627 0 -1 -15
E 2627 1 -1 -15
E 2627 2 -1 -15
E 2627 3 -1 -15
E 2627 4 -1 -15
E 2627 5 -1 -15
E 2627 6 -1 -15
T 2628 11 0 0 0
T 2629 4 0 7 1
E 2629 0 -2 -18
E 2629 1 -2 -18
E 2629 2 -2 -18
E 2629 3 -2 -18
E 2629 4 -2 -18
E 2629 5 -2 -18
E 2629 6 -2 -18
T 2630 10 0 0 0
T 2631 6 0 0 0
T 2632 9 0 0 0
T 2633 10 0 7 1
E 2633 0 -1 -17
E 2633 1 -1 -17
E 2633 2 -1 -17
E 2633 3 -1 -17
E 2633 4 -1 -17
E 2633 5 -1 -17
E 2633 6 -1 -17
T 2634 9 0 0 0
T 2635 8 0 0 0
T 2636 9 0 0 0
T 2637 7 0 7 1
E 2637 0 -1 -14
E 2637 1 -1 -14
E 2637 2 -1 -14
E 2637 3 -1 -14
E 2637 4 -1 -14
E 2637 5 -1 -14
E 2637 6 -1 -14
T 2638 9 0 0 0
T 2639 8 0 0 0
T 2640 10 0 7 1
E 2640 0 5 45
E 2640 1 5 45
E 2640 2 5 45
E 2640 3 5 45
E 2640 4 5 45
E 2640 5 5 45
E 2640 6 5 45
T 2641 7 0 0 0
T 2642 6 0 7 1
E 2642 0 1 13
E 2642 1 1 13
E 2642 2 1 13
E 2642 3 1 13
E 2642 4 1 13
E 2642 5 1 13
E 2642 6 1 13
T 2643 8 0 0 0
T 2644 4 0 0 0
T 2645 10 0 0 0
T 2646 6 0 0 0
T 2647 2 0 0 0
T 2648 6 0 0 0
T 2649 12 0 0 0
T 2650 6 0 7 1
E 2650 0 1 13
E 2650 1 1 13
E 2650 2 1 13
E 2650 3 1 13
E 2650 4 1 13
E 2650 5 1 13
E 2650 6 1 13
T 2651 4 0 0 0
T 2652 6 0 0 0
T 2653 11 0 0 0
T 2654 4 0 7 1
E 2654 0 2 18
E 2654 1 2 18
E 2654 2 2 18
E 2654 3 2 18
E 2654 4 2 18
E 2654 5 2 18
E 2654 6 2 18
T 2655 2 0 0 0
T 2656 4 0 0 0
T 2657 1 0 0 0
T 2658 6 0 0 0
T 2659 6 0 0 0
T 2660 8 0 0 0
T 2661 10 0 0 0
T 2662 4 0 7 1
E 2662 0 2 18
E 2662 1 2 18
E 2662 2 2 18
E 2662 3 2 18
E 2662 4 2 18
E 2662 5 2 18
E 2662 6 2 18
T 2663 3 0 0 0
T 2664 7 0 0 0
T 2665 8 0 0 0
T 2666 6 0 7 1
E 2666 0 1 13
E 2666 1 1 13
E 2666 2 1 13
E 2666 3 1 13
E 2666 4 1 13
E 2666 5 1 13
E 2666 6 1 13
T 2667 10 0 0 0
T 2668 6 0 7 1
E 2668 0 1 13
E 2668 1 1 13
E 2668 2 1 13
E 2668 3 1 13
E 2668 4 1 13
E 2668 5 1 13
E 2668 6 1 13
T 2669 11 0 0 0
T 2670 9 0 0 0
T 2671 9 0 0 0
T 2672 6 0 7 1
E 2672 0 1 13
E 2672 1 1 13
E 2672 2 1 13
E 2672 3 1 13
E 2672 4 1 13
E 2672 5 1 13
E 2672 6 1 13
T 2673 3 0 0 0
T 2674 0 0 0 0
T 2675 7 0 0 0
T 2676 6 0 7 1
E 2676 0 1 13
E 2676 1 1 13
E 2676 2 1 13
E 2676 3 1 13
E 2676 4 1 13
E 2676 5 1 13
E 2676 6 1 13
T 2677 2 0 0 0
T 2678 2 0 0 0
T 2679 1 0 0 0
T 2680 6 0 0 0
T 2681 2 0 0 0
T 2682 2 0 0 0
T 2683 3 0 0 0
T 2684 1 0 0 0
T 2685 6 0 0 0
T 2686 1 0 0 0
T 2687 0 0 0 0
T 2688 3 0 0 0
T 2689 10 0 0 0
T 2690 4 0 7 1
E 2690 0 2 18
E 2690 1 2 18
E 2690 2 2 18
E 2690 3 2 18
E 2690 4 2 18
E 2690 5 2 18
E 2690 6 2 18
T 2691 0 0 0 0
T 2692 7 0 0 0
T 2693 9 0 0 0
T 2694 10 0 7 1
E 2694 0 1 17
E 2694 1 1 17
E 2694 2 1 17
E 2694 3 1 17
E 2694 4 1 17
E 2694 5 1 17
E 2694 6 1 17
T 2695 10 0 7 1
E 2695 0 1 17
E 2695 1 1 17
E 2695 2 1 17
E 2695 3 1 17
E 2695 4 1 17
E 2695 5 1 17
E 2695 6 1 17
T 2696 7 0 7 1
E 2696 0 1 14
E 2696 1 1 14
E 2696 2 1 14
E 2696 3 1 14
E 2696 4 1 14
E 2696 5 1 14
E 2696 6 1 14
T 2697 6 0 7 1
E 2697 0 1 13
E 2697 1 1 13
E 2697 2 1 13
E 2697 3 1 13
E 2697 4 1 13
E 2697 5 1 13
E 2697 6 1 13
T 2698 12 0 0 0
T 2699 9 0 7 1
E 2699 0 1 16
E 2699 1 1 16
E 2699 2 1 16
E 2699 3 1 16
E 2699 4 1 16
E 2699 5 1 16
E 2699 6 1 16
T 2700 10 0 0 0
T 2701 6 0 0 0
T 2702 9 0 0 0
T 2703 7 0 0 0
T 2704 7 0 7 1
E 2704 0 1 14
E 2704 1 1 14
E 2704 2 1 14
E 2704 3 1 14
E 2704 4 1 14
E 2704 5 1 14
E 2704 6 1 14
T 2705 4 0 0 0
T 2706 6 0 0 0
T 2707 9 0 0 0
T 2708 8 0 7 1
E 2708 0 1 15
E 2708 1 1 15
E 2708 2 1 15
E 2708 3 1 15
E 2708 4 1 15
E 2708 5 1 15
E 2708 6 1 15
T 2709 4 0 0 0
T 2710 9 0 0 0
T 2711 9 0 7 1
E 2711 0 1 16
E 2711 1 1 16
E 2711 2 1 16
E 2711 3 1 16
E 2711 4 1 16
E 2711 5 1 16
E 2711 6 1 16
T 2712 6 0 0 0
T 2713 7 0 0 0
T 2714 7 0 7 1
E 2714 0 1 14
E 2714 1 1 14
E 2714 2 1 14
E 2714 3 1 14
E 2714 4 1 14
E 2714 5 1 14
E 2714 6 1 14
T 2715 5 0 0 0
T 2716 9 0 0 0
T 2717 10 0 0 0
T 2718 8 0 0 0
T 2719 11 0 0 0
T 2720 8 0 7 1
E 2720 0 1 15
E 2720 1 1 15
E 2720 2 1 15
E 2720 3 1 15
E 2720 4 1 15
E 2720 5 1 15
E 2720 6 1 15
T 2721 9 0 0 0
T 2722 8 0 0 0
T 2723 6 0 0 0
T 2724 6 0 7 1
E 2724 0 1 13
E 2724 1 1 13
E 2724 2 1 13
E 2724 3 1 13
E 2724 4 1 13
E 2724 5 1 13
E 2724 6 1 13
T 2725 8 0 0 0
T 2726 9 0 0 0
T 2727 10 0 7 1
E 2727 0 1 17
E 2727 1 1 17
E 2727 2 1 17
E 2727 3 1 17
E 2727 4 1 17
E 2727 5 1 17
E 2727 6 1 17
T 2728 11 0 0 0
T 2729 5 0 7 1
E 2729 0 2 19
E 2729 1 2 19
E 2729 2 2 19
E 2729 3 2 19
E 2729 4 2 19
E 2729 5 2 19
E 2729 6 2 19
T 2730 10 0 0 0
T 2731 12 0 0 0
T 2732 6 0 7 1
E 2732 0 2 20
E 2732 1 2 20
E 2732 2 2 20
E 2732 3 2 20
E 2732 4 2 20
E 2732 5 2 20
E 2732 6 2 20
T 2733 1 0 0 0
T 2734 3 0 0 0
T 2735 5 0 0 0
T 2736 8 0 0 0
T 2737 10 0 0 0
T 2738 5 0 0 0
T 2739 4 0 0 0
T 2740 11 0 0 0
T 2741 10 0 7 1
E 2741 0 -1 -17
E 2741 1 -1 -17
E 2741 2 -1 -17
E 2741 3 -1 -17
E 2741 4 -1 -17
E 2741 5 -1 -17
E 2741 6 -1 -17
T 2742 8 0 7 1
E 2742 0 -1 -15
E 2742 1 -1 -15
E 2742 2 -1 -15
E 2742 3 -1 -15
E 2742 4 -1 -15
E 2742 5 -1 -15
E 2742 6 -1 -15
T 2743 8 0 7 1
E 2743 0 -1 -15
E 2743 1 -1 -15
E 2743 2 -1 -15
E 2743 3 -1 -15
E 2743 4 -1 -15
E 2743 5 -1 -15
E 2743 6 -1 -15
T 2744 11 0 0 0
T 2745 7 0 0 0
T 2746 4 0 0 0
T 2747 2 0 0 0
T 2748 3 0 0 0
T 2749 5 0 0 0
T 2750 1 0 0 0
T 2751 6 0 0 0
T 2752 9 0 0 0
T 2753 5 0 0 0
T 2754 2 0 0 0
T 2755 6 0 0 0
T 2756 2 0 0 0
T 2757 0 0 0 0
T 2758 1 0 0 0
T 2759 3 0 0 0
T 2760 6 0 0 0
T 2761 11 0 0 0
T 2762 8 0 7 1
E 2762 0 -1 -15
E 2762 1 -1 -15
E 2762 2 -1 -15
E 2762 3 -1 -15
E 2762 4 -1 -15
E 2762 5 -1 -15
E 2762 6 -1 -15
T 2763 6 0 7 1
E 2763 0 -1 -13
E 2763 1 -1 -13
E 2763 2 -1 -13
E 2763 3 -1 -13
E 2763 4 -1 -13
E 2763 5 -1 -13
E 2763 6 -1 -13
T 2764 1 0 0 0
T 2765 3 0 0 0
T 2766 6 0 0 0
T 2767 11 0 0 0
T 2768 6 0 7 1
E 2768 0 1 13
E 2768 1 1 13
E 2768 2 1 13
E 2768 3 1 13
E 2768 4 1 13
E 2768 5 1 13
E 2768 6 1 13
T 2769 9 0 0 0
T 2770 8 0 0 0
T 2771 1 0 0 0
T 2772 3 0 0 0
T 2773 5 0 0 0
T 2774 6 0 0 0
T 2775 10 0 0 0
T 2776 5 0 0 0
T 2777 4 0 0 0
T 2778 8 0 0 0
T 2779 7 0 7 1
E 2779 0 -1 -14
E 2779 1 -1 -14
E 2779 2 -1 -14
E 2779 3 -1 -14
E 2779 4 -1 -14
E 2779 5 -1 -14
E 2779 6 -1 -14
T 2780 2 0 0 0
T 2781 0 0 0 0
T 2782 3 0 0 0
T 2783 10 0 0 0
T 2784 11 0 0 0
T 2785 7 0 0 0
T 2786 10 0 0 0
T 2787 7 0 0 0
T 2788 6 0 7 1
E 2788 0 -1 -13
E 2788 1 -1 -13
E 2788 2 -1 -13
E 2788 3 -1 -13
E 2788 4 -1 -13
E 2788 5 -1 -13
E 2788 6 -1 -13
T 2789 7 0 7 1
E 2789 0 -1 -14
E 2789 1 -1 -14
E 2789 2 -1 -14
E 2789 3 -1 -14
E 2789 4 -1 -14
E 2789 5 -1 -14
E 2789 6 -1 -14
T 2790 3 0 0 0
T 2791 3 0 0 0
T 2792 6 0 0 0
T 2793 11 0 0 0
T 2794 10 0 7 1
E 2794 0 -1 -17
E 2794 1 -1 -17
E 2794 2 -1 -17
E 2794 3 -1 -17
E 2794 4 -1 -17
E 2794 5 -1 -17
E 2794 6 -1 -17
T 2795 10 0 7 1
E 2795 0 -1 -17
E 2795 1 -1 -17
E 2795 2 -1 -17
E 2795 3 -1 -17
E 2795 4 -1 -17
E 2795 5 -1 -17
E 2795 6 -1 -17
T 2796 10 0 0 0
T 2797 8 0 0 0
T 2798 10 0 0 0
T 2799 10 0 7 1
E 2799 0 -1 -17
E 2799 1 -1 -17
E 2799 2 -1 -17
E 2799 3 -1 -17
E 2799 4 -1 -17
E 2799 5 -1 -17
E 2799 6 -1 -17
T 2800 6 0 7 1
E 2800 0 -1 -13
E 2800 1 -1 -13
E 2800 2 -1 -13
E 2800 3 -1 -13
E 2800 4 -1 -13
E 2800 5 -1 -13
E 2800 6 -1 -13
T 2801 11 0 0 0
T 2802 12 0 0 0
T 2803 6 0 7 1
E 2803 0 -2 -20
E 2803 1 -2 -20
E 2803 2 -2 -20
E 2803 3 -2 -20
E 2803 4 -2 -20
E 2803 5 -2 -20
E 2803 6 -2 -20
T 2804 7 0 0 0
T 2805 2 0 0 0
T 2806 10 0 0 0
T 2807 8 0 0 0
T 2808 5 0 0 0
T 2809 3 0 0 0
T 2810 1 0 0 0
T 2811 4 0 0 0
T 2812 2 0 0 0
T 2813 2 0 0 0
T 2814 3 0 0 0
T 2815 4 0 0 0
T 2816 8 0 0 0
T 2817 10 0 0 0
T 2818 8 0 7 1
E 2818 0 -1 -15
E 2818 1 -1 -15
E 2818 2 -1 -15
E 2818 3 -1 -15
E 2818 4 -1 -15
E 2818 5 -1 -15
E 2818 6 -1 -15
T 2819 6 0 7 1
E 2819 0 -1 -13
E 2819 1 -1 -13
E 2819 2 -1 -13
E 2819 3 -1 -13
E 2819 4 -1 -13
E 2819 5 -1 -13
E 2819 6 -1 -13
T 2820 5 0 0 0
T 2821 7 0 0 0
T 2822 10 0 0 0
T 2823 6 0 7 1
E 2823 0 -1 -13
E 2823 1 -1 -13
E 2823 2 -1 -13
E 2823 3 -1 -13
E 2823 4 -1 -13
E 2823 5 -1 -13
E 2823 6 -1 -13
T 2824 5 0 0 0
T 2825 5 0 0 0
T 2826 9 0 0 0
T 2827 10 0 0 0
T 2828 7 0 0 0
T 2829 5 0 0 0
T 2830 5 0 0 0
T 2831 6 0 7 1
E 2831 0 -1 -13
E 2831 1 -1 -13
E 2831 2 -1 -13
E 2831 3 -1 -13
E 2831 4 -1 -13
E 2831 5 -1 -13
E 2831 6 -1 -13
T 2832 2 0 0 0
T 2833 1 0 0 0
T 2834 2 0 0 0
T 2835 1 0 0 0
T 2836 7 0 0 0
T 2837 11 0 0 0
T 2838 10 0 0 0
T 2839 6 0 0 0
T 2840 3 0 0 0
T 2841 6 0 0 0
T 2842 11 0 0 0
T 2843 11 0 0 0
T 2844 10 0 7 1
E 2844 0 -1 -17
E 2844 1 -1 -17
E 2844 2 -1 -17
E 2844 3 -1 -17
E 2844 4 -1 -17
E 2844 5 -1 -17
E 2844 6 -1 -17
T 2845 10 0 0 0
T 2846 8 0 0 0
T 2847 6 0 0 0
T 2848 6 0 0 0
T 2849 5 0 0 0
T 2850 9 0 0 0
T 2851 11 0 0 0
T 2852 9 0 0 0
T 2853 10 0 0 0
T 2854 9 0 0 0
T 2855 7 0 7 1
E 2855 0 -1 -14
E 2855 1 -1 -14
E 2855 2 -1 -14
E 2855 3 -1 -14
E 2855 4 -1 -14
E 2855 5 -1 -14
E 2855 6 -1 -14
T 2856 6 0 0 0
T 2857 2 0 0 0
T 2858 2 0 0 0
T 2859 10 0 0 0
T 2860 6 0 0 0
T 2861 7 0 7 1
E 2861 0 -1 -14
E 2861 1 -1 -14
E 2861 2 -1 -14
E 2861 3 -1 -14
E 2861 4 -1 -14
E 2861 5 -1 -14
E 2861 6 -1 -14
T 2862 3 0 0 0
T 2863 2 0 0 0
T 2864 0 0 0 0
T 2865 3 0 0 0
T 2866 3 0 0 0
T 2867 2 0 0 0
T 2868 2 0 0 0
T 2869 4 0 0 0
T 2870 9 0 0 0
T 2871 11 0 0 0
T 2872 8 0 0 0
T 2873 10 0 0 0
T 2874 9 0 7 1
E 2874 0 -1 -16
E 2874 1 -1 -16
E 2874 2 -1 -16
E 2874 3 -1 -16
E 2874 4 -1 -16
E 2874 5 -1 -16
E 2874 6 -1 -16
T 2875 9 0 0 0
T 2876 8 0 0 0
T 2877 3 0 0 0
T 2878 2 0 0 0
T 2879 7 0 0 0
T 2880 16 0 7 1
E 2880 0 4 44
E 2880 1 4 44
E 2880 2 4 44
E 2880 3 4 44
E 2880 4 4 44
E 2880 5 4 44
E 2880 6 4 44
T 2881 12 0 0 0
T 2882 7 0 7 1
E 2882 0 1 14
E 2882 1 1 14
E 2882 2 1 14
E 2882 3 1 14
E 2882 4 1 14
E 2882 5 1 14
E 2882 6 1 14
T 2883 10 0 0 0
T 2884 7 0 0 0
T 2885 7 0 7 1
E 2885 0 1 14
E 2885 1 1 14
E 2885 2 1 14
E 2885 3 1 14
E 2885 4 1 14
E 2885 5 1 14
E 2885 6 1 14
T 2886 7 0 0 0
T 2887 7 0 7 1
E 2887 0 1 14
E 2887 1 1 14
E 2887 2 1 14
E 2887 3 1 14
E 2887 4 1 14
E 2887 5 1 14
E 2887 6 1 14
T 2888 6 0 7 1
E 2888 0 1 13
E 2888 1 1 13
E 2888 2 1 13
E 2888 3 1 13
E 2888 4 1 13
E 2888 5 1 13
E 2888 6 1 13
T 2889 5 0 0 0
T 2890 5 0 0 0
T 2891 2 0 0 0
T 2892 10 0 0 0
T 2893 7 0 7 1
E 2893 0 1 14
E 2893 1 1 14
E 2893 2 1 14
E 2893 3 1 14
E 2893 4 1 14
E 2893 5 1 14
E 2893 6 1 14
T 2894 11 0 0 0
T 2895 11 0 0 0
T 2896 9 0 7 1
E 2896 0 1 16
E 2896 1 1 16
E 2896 2 1 16
E 2896 3 1 16
E 2896 4 1 16
E 2896 5 1 16
E 2896 6 1 16
T 2897 11 0 0 0
T 2898 12 0 0 0
T 2899 12 0 0 0
T 2900 6 0 7 1
E 2900 0 1 13
E 2900 1 1 13
E 2900 2 1 13
E 2900 3 1 13
E 2900 4 1 13
E 2900 5 1 13
E 2900 6 1 13
T 2901 11 0 0 0
T 2902 10 0 0 0
T 2903 11 0 0 0
T 2904 10 0 0 0
T 2905 12 0 0 0
T 2906 11 0 0 0
T 2907 7 0 0 0
T 2908 6 0 0 0
T 2909 9 0 0 0
T 2910 10 0 0 0
T 2911 5 0 0 0
T 2912 12 0 0 0
T 2913 5 0 7 1
E 2913 0 2 19
E 2913 1 2 19
E 2913 2 2 19
E 2913 3 2 19
E 2913 4 2 19
E 2913 5 2 19
E 2913 6 2 19
T 2914 4 0 0 0
T 2915 6 0 0 0
T 2916 8 0 0 0
T 2917 11 0 0 0
T 2918 8 0 0 0
T 2919 6 0 7 1
E 2919 0 1 13
E 2919 1 1 13
E 2919 2 1 13
E 2919 3 1 13
E 2919 4 1 13
E 2919 5 1 13
E 2919 6 1 13
T 2920 7 0 0 0
T 2921 6 0 7 1
E 2921 0 1 13
E 2921 1 1 13
E 2921 2 1 13
E 2921 3 1 13
E 2921 4 1 13
E 2921 5 1 13
E 2921 6 1 13
T 2922 5 0 0 0
T 2923 2 0 0 0
T 2924 0 0 0 0
T 2925 6 0 0 0
T 2926 11 0 0 0
T 2927 6 0 7 1
E 2927 0 1 13
E 2927 1 1 13
E 2927 2 1 13
E 2927 3 1 13
E 2927 4 1 13
E 2927 5 1 13
E 2927 6 1 13
T 2928 5 0 0 0
T 2929 9 0 0 0
T 2930 6 0 7 1
E 2930 0 1 13
E 2930 1 1 13
E 2930 2 1 13
E 2930 3 1 13
E 2930 4 1 13
E 2930 5 1 13
E 2930 6 1 13
T 2931 10 0 0 0
T 2932 8 0 7 1
E 2932 0 1 15
E 2932 1 1 15
E 2932 2 1 15
E 2932 3 1 15
E 2932 4 1 15
E 2932 5 1 15
E 2932 6 1 15
T 2933 9 0 0 0
T 2934 6 0 7 1
E 2934 0 1 13
E 2934 1 1 13
E 2934 2 1 13
E 2934 3 1 13
E 2934 4 1 13
E 2934 5 1 13
E 2934 6 1 13
T 2935 7 0 0 0
T 2936 11 0 0 0
T 2937 8 0 0 0
T 2938 7 0 7 1
E 2938 0 1 14
E 2938 1 1 14
E 2938 2 1 14
E 2938 3 1 14
E 2938 4 1 14
E 2938 5 1 14
E 2938 6 1 14
T 2939 8 0 7 1
E 2939 0 1 15
E 2939 1 1 15
E 2939 2 1 15
E 2939 3 1 15
E 2939 4 1 15
E 2939 5 1 15
E 2939 6 1 15
T 2940 4 0 0 0
T 2941 10 0 0 0
T 2942 9 0 7 1
E 2942 0 1 16
E 2942 1 1 16
E 2942 2 1 16
E 2942 3 1 16
E 2942 4 1 16
E 2942 5 1 16
E 2942 6 1 16
T 2943 8 0 0 0
T 2944 9 0 7 1
E 2944 0 1 16
E 2944 1 1 16
E 2944 2 1 16
E 2944 3 1 16
E 2944 4 1 16
E 2944 5 1 16
E 2944 6 1 16
T 2945 8 0 7 1
E 2945 0 1 15
E 2945 1 1 15
E 2945 2 1 15
E 2945 3 1 15
E 2945 4 1 15
E 2945 5 1 15
E 2945 6 1 15
T 2946 7 0 7 1
E 2946 0 1 14
E 2946 1 1 14
E 2946 2 1 14
E 2946 3 1 14
E 2946 4 1 14
E 2946 5 1 14
E 2946 6 1 14
T 2947 7 0 0 0
T 2948 7 0 7 1
E 2948 0 1 14
E 2948 1 1 14
E 2948 2 1 14
E 2948 3 1 14
E 2948 4 1 14
E 2948 5 1 14
E 2948 6 1 14
T 2949 6 0 7 1
E 2949 0 1 13
E 2949 1 1 13
E 2949 2 1 13
E 2949 3 1 13
E 2949 4 1 13
E 2949 5 1 13
E 2949 6 1 13
T 2950 6 0 0 0
T 2951 4 0 0 0
T 2952 0 0 0 0
T 2953 1 0 0 0
T 2954 6 0 0 0
T 2955 6 0 0 0
T 2956 12 0 0 0
T 2957 9 0 0 0
T 2958 5 0 0 0
T 2959 2 0 0 0
T 2960 7 0 0 0
T 2961 7 0 0 0
T 2962 8 0 0 0
T 2963 8 0 0 0
T 2964 5 0 0 0
T 2965 3 0 0 0
T 2966 3 0 0 0
T 2967 10 0 0 0
T 2968 7 0 7 1
E 2968 0 1 14
E 2968 1 1 14
E 2968 2 1 14
E 2968 3 1 14
E 2968 4 1 14
E 2968 5 1 14
E 2968 6 1 14
T 2969 9 0 0 0
T 2970 11 0 0 0
T 2971 8 0 0 0
T 2972 11 0 0 0
T 2973 10 0 7 1
E 2973 0 1 17
E 2973 1 1 17
E 2973 2 1 17
E 2973 3 1 17
E 2973 4 1 17
E 2973 5 1 17
E 2973 6 1 17
T 2974 10 0 7 1
E 2974 0 1 17
E 2974 1 1 17
E 2974 2 1 17
E 2974 3 1 17
E 2974 4 1 17
E 2974 5 1 17
E 2974 6 1 17
T 2975 11 0 0 0
T 2976 11 0 0 0
T 2977 6 0 7 1
E 2977 0 1 13
E 2977 1 1 13
E 2977 2 1 13
E 2977 3 1 13
E 2977 4 1 13
E 2977 5 1 13
E 2977 6 1 13
T 2978 6 0 0 0
T 2979 8 0 0 0
T 2980 12 0 0 0
T 2981 12 0 0 0
T 2982 9 0 7 1
E 2982 0 1 16
E 2982 1 1 16
E 2982 2 1 16
E 2982 3 1 16
E 2982 4 1 16
E 2982 5 1 16
E 2982 6 1 16
T 2983 4 0 0 0
T 2984 0 0 0 0
T 2985 3 0 0 0
T 2986 6 0 0 0
T 2987 3 0 0 0
T 2988 3 0 0 0
T 2989 3 0 0 0
T 2990 5 0 0 0
T 2991 7 0 0 0
T 2992 6 0 7 1
E 2992 0 -1 -13
E 2992 1 -1 -13
E 2992 2 -1 -13
E 2992 3 -1 -13
E 2992 4 -1 -13
E 2992 5 -1 -13
E 2992 6 -1 -13
T 2993 6 0 7 1
E 2993 0 -1 -13
E 2993 1 -1 -13
E 2993 2 -1 -13
E 2993 3 -1 -13
E 2993 4 -1 -13
E 2993 5 -1 -13
E 2993 6 -1 -13
T 2994 6 0 7 1
E 2994 0 -1 -13
E 2994 1 -1 -13
E 2994 2 -1 -13
E 2994 3 -1 -13
E 2994 4 -1 -13
E 2994 5 -1 -13
E 2994 6 -1 -13
T 2995 4 0 0 0
T 2996 9 0 0 0
T 2997 8 0 0 0
T 2998 9 0 0 0
T 2999 6 0 0 0
T 3000 3 0 0 0
T 3001 1 0 0 0
T 3002 4 0 0 0
T 3003 10 0 0 0
T 3004 7 0 0 0
T 3005 5 0 0 0
T 3006 2 0 0 0
T 3007 3 0 0 0
T 3008 2 0 0 0
T 3009 3 0 0 0
T 3010 3 0 0 0
T 3011 5 0 0 0
T 3012 6 0 0 0
T 3013 2 0 0 0
T 3014 1 0 0 0
T 3015 2 0 0 0
T 3016 1 0 0 0
T 3017 1 0 0 0
T 3018 3 0 0 0
T 3019 3 0 0 0
T 3020 3 0 0 0
T 3021 2 0 0 0
T 3022 2 0 0 0
T 3023 1 0 0 0
T 3024 4 0 0 0
T 3025 3 0 0 0
T 3026 1 0 0 0
T 3027 2 0 0 0
T 3028 8 0 0 0
T 3029 10 0 0 0
T 3030 6 0 0 0
T 3031 7 0 0 0
T 3032 6 0 0 0
T 3033 2 0 0 0
T 3034 10 0 0 0
T 3035 6 0 7 1
E 3035 0 -1 -13
E 3035 1 -1 -13
E 3035 2 -1 -13
E 3035 3 -1 -13
E 3035 4 -1 -13
E 3035 5 -1 -13
E 3035 6 -1 -13
T 3036 4 0 0 0
T 3037 10 0 0 0
T 3038 8 0 0 0
T 3039 6 0 7 1
E 3039 0 -1 -13
E 3039 1 -1 -13
E 3039 2 -1 -13
E 3039 3 -1 -13
E 3039 4 -1 -13
E 3039 5 -1 -13
E 3039 6 -1 -13
T 3040 11 0 0 0
T 3041 9 0 7 1
E 3041 0 -1 -16
E 3041 1 -1 -16
E 3041 2 -1 -16
E 3041 3 -1 -16
E 3041 4 -1 -16
E 3041 5 -1 -16
E 3041 6 -1 -16
T 3042 10 0 0 0
T 3043 10 0 0 0
T 3044 7 0 0 0
T 3045 3 0 0 0
T 3046 3 0 0 0
T 3047 3 0 0 0
T 3048 2 0 0 0
T 3049 5 0 0 0
T 3050 11 0 0 0
T 3051 9 0 7 1
E 3051 0 -1 -16
E 3051 1 -1 -16
E 3051 2 -1 -16
E 3051 3 -1 -16
E 3051 4 -1 -16
E 3051 5 -1 -16
E 3051 6 -1 -16
T 3052 11 0 0 0
T 3053 9 0 7 1
E 3053 0 -1 -16
E 3053 1 -1 -16
E 3053 2 -1 -16
E 3053 3 -1 -16
E 3053 4 -1 -16
E 3053 5 -1 -16
E 3053 6 -1 -16
T 3054 9 0 0 0
T 3055 8 0 0 0
T 3056 7 0 0 0
T 3057 7 0 0 0
T 3058 10 0 0 0
T 3059 9 0 7 1
E 3059 0 -1 -16
E 3059 1 -1 -16
E 3059 2 -1 -16
E 3059 3 -1 -16
E 3059 4 -1 -16
E 3059 5 -1 -16
E 3059 6 -1 -16
T 3060 7 0 0 0
T 3061 11 0 0 0
T 3062 9 0 0 0
T 3063 6 0 0 0
T 3064 2 0 0 0
T 3065 3 0 0 0
T 3066 8 0 0 0
T 3067 8 0 7 1
E 3067 0 -1 -15
E 3067 1 -1 -15
E 3067 2 -1 -15
E 3067 3 -1 -15
E 3067 4 -1 -15
E 3067 5 -1 -15
E 3067 6 -1 -15
T 3068 9 0 0 0
T 3069 8 0 0 0
T 3070 3 0 0 0
T 3071 4 0 0 0
T 3072 8 0 0 0
T 3073 11 0 0 0
T 3074 7 0 0 0
T 3075 3 0 0 0
T 3076 0 0 0 0
T 3077 3 0 0 0
T 3078 4 0 0 0
T 3079 9 0 0 0
T 3080 10 0 0 0
T 3081 8 0 7 1
E 3081 0 -1 -15
E 3081 1 -1 -15
E 3081 2 -1 -15
E 3081 3 -1 -15
E 3081 4 -1 -15
E 3081 5 -1 -15
E 3081 6 -1 -15
T 3082 7 0 7 1
E 3082 0 -1 -14
E 3082 1 -1 -14
E 3082 2 -1 -14
E 3082 3 -1 -14
E 3082 4 -1 -14
E 3082 5 -1 -14
E 3082 6 -1 -14
T 3083 6 0 7 1
E 3083 0 -1 -13
E 3083 1 -1 -13
E 3083 2 -1 -13
E 3083 3 -1 -13
E 3083 4 -1 -13
E 3083 5 -1 -13
E 3083 6 -1 -13
T 3084 5 0 0 0
T 3085 4 0 0 0
T 3086 7 0 0 0
T 3087 5 0 0 0
T 3088 6 0 7 1
E 3088 0 -1 -13
E 3088 1 -1 -13
E 3088 2 -1 -13
E 3088 3 -1 -13
E 3088 4 -1 -13
E 3088 5 -1 -13
E 3088 6 -1 -13
T 3089 4 0 0 0
T 3090 4 0 0 0
T 3091 9 0 0 0
T 3092 12 0 0 0
T 3093 4 0 7 1
E 3093 0 -2 -18
E 3093 1 -2 -18
E 3093 2 -2 -18
E 3093 3 -2 -18
E 3093 4 -2 -18
E 3093 5 -2 -18
E 3093 6 -2 -18
T 3094 9 0 0 0
T 3095 9 0 0 0
T 3096 10 0 0 0
T 3097 8 0 7 1
E 3097 0 -1 -15
E 3097 1 -1 -15
E 3097 2 -1 -15
E 3097 3 -1 -15
E 3097 4 -1 -15
E 3097 5 -1 -15
E 3097 6 -1 -15
T 3098 7 0 0 0
T 3099 12 0 0 0
T 3100 8 0 7 1
E 3100 0 -1 -15
E 3100 1 -1 -15
E 3100 2 -1 -15
E 3100 3 -1 -15
E 3100 4 -1 -15
E 3100 5 -1 -15
E 3100 6 -1 -15
T 3101 8 0 7 1
E 3101 0 -1 -15
E 3101 1 -1 -15
E 3101 2 -1 -15
E 3101 3 -1 -15
E 3101 4 -1 -15
E 3101 5 -1 -15
E 3101 6 -1 -15
T 3102 4 0 0 0
T 3103 3 0 0 0
T 3104 4 0 0 0
T 3105 4 0 0 0
T 3106 10 0 0 0
T 3107 8 0 7 1
E 3107 0 -1 -15
E 3107 1 -1 -15
E 3107 2 -1 -15
E 3107 3 -1 -15
E 3107 4 -1 -15
E 3107 5 -1 -15
E 3107 6 -1 -15
T 3108 7 0 0 0
T 3109 4 0 0 0
T 3110 6 0 0 0
T 3111 2 0 0 0
T 3112 1 0 0 0
T 3113 0 0 0 0
T 3114 7 0 0 0
T 3115 4 0 0 0
T 3116 10 0 0 0
T 3117 8 0 7 1
E 3117 0 -1 -15
E 3117 1 -1 -15
E 3117 2 -1 -15
E 3117 3 -1 -15
E 3117 4 -1 -15
E 3117 5 -1 -15
E 3117 6 -1 -15
T 3118 12 0 0 0
T 3119 4 0 7 1
E 3119 0 -2 -18
E 3119 1 -2 -18
E 3119 2 -2 -18
E 3119 3 -2 -18
E 3119 4 -2 -18
E 3119 5 -2 -18
E 3119 6 -2 -18
T 3120 11 0 7 1
E 3120 0 4 39
E 3120 1 4 39
E 3120 2 4 39
E 3120 3 4 39
E 3120 4 4 39
E 3120 5 4 39
E 3120 6 4 39
T 3121 12 0 0 0
T 3122 9 0 7 1
E 3122 0 1 16
E 3122 1 1 16
E 3122 2 1 16
E 3122 3 1 16
E 3122 4 1 16
E 3122 5 1 16
E 3122 6 1 16
T 3123 9 0 0 0
T 3124 6 0 7 1
E 3124 0 1 13
E 3124 1 1 13
E 3124 2 1 13
E 3124 3 1 13
E 3124 4 1 13
E 3124 5 1 13
E 3124 6 1 13
T 3125 4 0 0 0
T 3126 4 0 0 0
T 3127 12 0 0 0
T 3128 9 0 0 0
T 3129 7 0 0 0
T 3130 3 0 0 0
T 3131 8 0 0 0
T 3132 9 0 7 1
E 3132 0 1 16
E 3132 1 1 16
E 3132 2 1 16
E 3132 3 1 16
E 3132 4 1 16
E 3132 5 1 16
E 3132 6 1 16
T 3133 10 0 0 0
T 3134 6 0 7 1
E 3134 0 1 13
E 3134 1 1 13
E 3134 2 1 13
E 3134 3 1 13
E 3134 4 1 13
E 3134 5 1 13
E 3134 6 1 13
T 3135 8 0 0 0
T 3136 11 0 0 0
T 3137 6 0 7 1
E 3137 0 1 13
E 3137 1 1 13
E 3137 2 1 13
E 3137 3 1 13
E 3137 4 1 13
E 3137 5 1 13
E 3137 6 1 13
T 3138 1 0 0 0
T 3139 3 0 0 0
T 3140 2 0 0 0
T 3141 2 0 0 0
T 3142 5 0 0 0
T 3143 0 0 0 0
T 3144 2 0 0 0
T 3145 0 0 0 0
T 3146 5 0 0 0
T 3147 8 0 0 0
T 3148 6 0 0 0
T 3149 3 0 0 0
T 3150 2 0 0 0
T 3151 5 0 0 0
T 3152 2 0 0 0
T 3153 3 0 0 0
T 3154 3 0 0 0
T 3155 0 0 0 0
T 3156 1 0 0 0
T 3157 1 0 0 0
T 3158 8 0 0 0
T 3159 10 0 0 0
T 3160 9 0 7 1
E 3160 0 1 16
E 3160 1 1 16
E 3160 2 1 16
E 3160 3 1 16
E 3160 4 1 16
E 3160 5 1 16
E 3160 6 1 16
T 3161 8 0 7 1
E 3161 0 1 15
E 3161 1 1 15
E 3161 2 1 15
E 3161 3 1 15
E 3161 4 1 15
E 3161 5 1 15
E 3161 6 1 15
T 3162 7 0 0 0
T 3163 8 0 0 0
T 3164 7 0 7 1
E 3164 0 1 14
E 3164 1 1 14
E 3164 2 1 14
E 3164 3 1 14
E 3164 4 1 14
E 3164 5 1 14
E 3164 6 1 14
T 3165 6 0 7 1
E 3165 0 1 13
E 3165 1 1 13
E 3165 2 1 13
E 3165 3 1 13
E 3165 4 1 13
E 3165 5 1 13
E 3165 6 1 13
T 3166 12 0 0 0
T 3167 7 0 7 1
E 3167 0 1 14
E 3167 1 1 14
E 3167 2 1 14
E 3167 3 1 14
E 3167 4 1 14
E 3167 5 1 14
E 3167 6 1 14
T 3168 6 0 0 0
T 3169 6 0 7 1
E 3169 0 1 13
E 3169 1 1 13
E 3169 2 1 13
E 3169 3 1 13
E 3169 4 1 13
E 3169 5 1 13
E 3169 6 1 13
T 3170 3 0 0 0
T 3171 6 0 0 0
T 3172 8 0 0 0
T 3173 7 0 0 0
T 3174 12 0 0 0
T 3175 10 0 0 0
T 3176 8 0 7 1
E 3176 0 1 15
E 3176 1 1 15
E 3176 2 1 15
E 3176 3 1 15
E 3176 4 1 15
E 3176 5 1 15
E 3176 6 1 15
T 3177 8 0 0 0
T 3178 11 0 0 0
T 3179 4 0 7 1
E 3179 0 2 18
E 3179 1 2 18
E 3179 2 2 18
E 3179 3 2 18
E 3179 4 2 18
E 3179 5 2 18
E 3179 6 2 18
T 3180 10 0 0 0
T 3181 5 0 0 0
T 3182 6 0 0 0
T 3183 5 0 0 0
T 3184 4 0 0 0
T 3185 3 0 0 0
T 3186 8 0 0 0
T 3187 7 0 7 1
E 3187 0 1 14
E 3187 1 1 14
E 3187 2 1 14
E 3187 3 1 14
E 3187 4 1 14
E 3187 5 1 14
E 3187 6 1 14
T 3188 10 0 0 0
T 3189 6 0 0 0
T 3190 6 0 7 1
E 3190 0 1 13
E 3190 1 1 13
E 3190 2 1 13
E 3190 3 1 13
E 3190 4 1 13
E 3190 5 1 13
E 3190 6 1 13
T 3191 2 0 0 0
T 3192 3 0 0 0
T 3193 10 0 0 0
T 3194 9 0 7 1
E 3194 0 1 16
E 3194 1 1 16
E 3194 2 1 16
E 3194 3 1 16
E 3194 4 1 16
E 3194 5 1 16
E 3194 6 1 16
T 3195 12 0 0 0
T 3196 9 0 0 0
T 3197 6 0 0 0
T 3198 10 0 0 0
T 3199 7 0 0 0
T 3200 5 0 0 0
T 3201 2 0 0 0
T 3202 2 0 0 0
T 3203 2 0 0 0
T 3204 6 0 0 0
T 3205 8 0 0 0
T 3206 11 0 0 0
T 3207 12 0 0 0
T 3208 10 0 7 1
E 3208 0 1 17
E 3208 1 1 17
E 3208 2 1 17
E 3208 3 1 17
E 3208 4 1 17
E 3208 5 1 17
E 3208 6 1 17
T 3209 10 0 0 0
T 3210 11 0 0 0
T 3211 7 0 7 1
E 3211 0 1 14
E 3211 1 1 14
E 3211 2 1 14
E 3211 3 1 14
E 3211 4 1 14
E 3211 5 1 14
E 3211 6 1 14
T 3212 12 0 0 0
T 3213 9 0 0 0
T 3214 7 0 0 0
T 3215 9 0 0 0
T 3216 11 0 0 0
T 3217 5 0 0 0
T 3218 9 0 0 0
T 3219 6 0 7 1
E 3219 0 1 13
E 3219 1 1 13
E 3219 2 1 13
E 3219 3 1 13
E 3219 4 1 13
E 3219 5 1 13
E 3219 6 1 13
T 3220 9 0 0 0
T 3221 3 0 0 0
T 3222 5 0 0 0
T 3223 2 0 0 0
T 3224 9 0 0 0
T 3225 12 0 0 0
T 3226 4 0 7 1
E 3226 0 -2 -18
E 3226 1 -2 -18
E 3226 2 -2 -18
E 3226 3 -2 -18
E 3226 4 -2 -18
E 3226 5 -2 -18
E 3226 6 -2 -18
T 3227 5 0 0 0
T 3228 6 0 0 0
T 3229 6 0 7 1
E 3229 0 -1 -13
E 3229 1 -1 -13
E 3229 2 -1 -13
E 3229 3 -1 -13
E 3229 4 -1 -13
E 3229 5 -1 -13
E 3229 6 -1 -13
T 3230 9 0 0 0
T 3231 7 0 0 0
T 3232 7 0 7 1
E 3232 0 -1 -14
E 3232 1 -1 -14
E 3232 2 -1 -14
E 3232 3 -1 -14
E 3232 4 -1 -14
E 3232 5 -1 -14
E 3232 6 -1 -14
T 3233 8 0 0 0
T 3234 7 0 7 1
E 3234 0 -1 -14
E 3234 1 -1 -14
E 3234 2 -1 -14
E 3234 3 -1 -14
E 3234 4 -1 -14
E 3234 5 -1 -14
E 3234 6 -1 -14
T 3235 11 0 0 0
T 3236 7 0 7 1
E 3236 0 -1 -14
E 3236 1 -1 -14
E 3236 2 -1 -14
E 3236 3 -1 -14
E 3236 4 -1 -14
E 3236 5 -1 -14
E 3236 6 -1 -14
T 3237 8 0 0 0
T 3238 7 0 0 0
T 3239 10 0 0 0
T 3240 6 0 0 0
T 3241 1 0 0 0
T 3242 0 0 0 0
T 3243 7 0 0 0
T 3244 3 0 0 0
T 3245 1 0 0 0
T 3246 6 0 0 0
T 3247 1 0 0 0
T 3248 0 0 0 0
T 3249 4 0 0 0
T 3250 11 0 0 0
T 3251 6 0 0 0
T 3252 2 0 0 0
T 3253 3 0 0 0
T 3254 1 0 0 0
T 3255 4 0 0 0
T 3256 5 0 0 0
T 3257 7 0 0 0
T 3258 8 0 0 0
T 3259 2 0 0 0
T 3260 3 0 0 0
T 3261 10 0 0 0
T 3262 6 0 0 0
T 3263 11 0 0 0
T 3264 11 0 0 0
T 3265 8 0 0 0
T 3266 5 0 0 0
T 3267 2 0 0 0
T 3268 9 0 0 0
T 3269 9 0 0 0
T 3270 9 0 7 1
E 3270 0 -1 -16
E 3270 1 -1 -16
E 3270 2 -1 -16
E 3270 3 -1 -16
E 3270 4 -1 -16
E 3270 5 -1 -16
E 3270 6 -1 -16
T 3271 7 0 7 1
E 3271 0 -1 -14
E 3271 1 -1 -14
E 3271 2 -1 -14
E 3271 3 -1 -14
E 3271 4 -1 -14
E 3271 5 -1 -14
E 3271 6 -1 -14
T 3272 8 0 0 0
T 3273 8 0 7 1
E 3273 0 -1 -15
E 3273 1 -1 -15
E 3273 2 -1 -15
E 3273 3 -1 -15
E 3273 4 -1 -15
E 3273 5 -1 -15
E 3273 6 -1 -15
T 3274 12 0 0 0
T 3275 12 0 0 0
T 3276 4 0 7 1
E 3276 0 -2 -18
E 3276 1 -2 -18
E 3276 2 -2 -18
E 3276 3 -2 -18
E 3276 4 -2 -18
E 3276 5 -2 -18
E 3276 6 -2 -18
T 3277 2 0 0 0
T 3278 2 0 0 0
T 3279 1 0 0 0
T 3280 3 0 0 0
T 3281 5 0 0 0
T 3282 7 0 0 0
T 3283 11 0 0 0
T 3284 8 0 0 0
T 3285 6 0 0 0
T 3286 2 0 0 0
T 3287 8 0 0 0
T 3288 9 0 0 0
T 3289 12 0 0 0
T 3290 7 0 0 0
T 3291 5 0 0 0
T 3292 6 0 0 0
T 3293 7 0 0 0
T 3294 6 0 7 1
E 3294 0 -1 -13
E 3294 1 -1 -13
E 3294 2 -1 -13
E 3294 3 -1 -13
E 3294 4 -1 -13
E 3294 5 -1 -13
E 3294 6 -1 -13
T 3295 5 0 0 0
T 3296 12 0 0 0
T 3297 8 0 7 1
E 3297 0 -1 -15
E 3297 1 -1 -15
E 3297 2 -1 -15
E 3297 3 -1 -15
E 3297 4 -1 -15
E 3297 5 -1 -15
E 3297 6 -1 -15
T 3298 8 0 7 1
E 3298 0 -1 -15
E 3298 1 -1 -15
E 3298 2 -1 -15
E 3298 3 -1 -15
E 3298 4 -1 -15
E 3298 5 -1 -15
E 3298 6 -1 -15
T 3299 7 0 7 1
E 3299 0 -1 -14
E 3299 1 -1 -14
E 3299 2 -1 -14
E 3299 3 -1 -14
E 3299 4 -1 -14
E 3299 5 -1 -14
E 3299 6 -1 -14
T 3300 8 0 0 0
T 3301 4 0 0 0
T 3302 11 0 0 0
T 3303 9 0 7 1
E 3303 0 -1 -16
E 3303 1 -1 -16
E 3303 2 -1 -16
E 3303 3 -1 -16
E 3303 4 -1 -16
E 3303 5 -1 -16
E 3303 6 -1 -16
T 3304 9 0 0 0
T 3305 10 0 0 0
T 3306 10 0 7 1
E 3306 0 -1 -17
E 3306 1 -1 -17
E 3306 2 -1 -17
E 3306 3 -1 -17
E 3306 4 -1 -17
E 3306 5 -1 -17
E 3306 6 -1 -17
T 3307 8 0 7 1
E 3307 0 -1 -15
E 3307 1 -1 -15
E 3307 2 -1 -15
E 3307 3 -1 -15
E 3307 4 -1 -15
E 3307 5 -1 -15
E 3307 6 -1 -15
T 3308 8 0 0 0
T 3309 7 0 0 0
T 3310 2 0 0 0
T 3311 4 0 0 0
T 3312 6 0 0 0
T 3313 4 0 0 0
T 3314 11 0 0 0
T 3315 8 0 7 1
E 3315 0 -1 -15
E 3315 1 -1 -15
E 3315 2 -1 -15
E 3315 3 -1 -15
E 3315 4 -1 -15
E 3315 5 -1 -15
E 3315 6 -1 -15
T 3316 5 0 0 0
T 3317 7 0 0 0
T 3318 8 0 0 0
T 3319 8 0 7 1
E 3319 0 -1 -15
E 3319 1 -1 -15
E 3319 2 -1 -15
E 3319 3 -1 -15
E 3319 4 -1 -15
E 3319 5 -1 -15
E 3319 6 -1 -15
T 3320 3 0 0 0
T 3321 3 0 0 0
T 3322 1 0 0 0
T 3323 0 0 0 0
T 3324 6 0 0 0
T 3325 5 0 0 0
T 3326 3 0 0 0
T 3327 1 0 0 0
T 3328 5 0 0 0
T 3329 9 0 0 0
T 3330 9 0 7 1
E 3330 0 -1 -16
E 3330 1 -1 -16
E 3330 2 -1 -16
E 3330 3 -1 -16
E 3330 4 -1 -16
E 3330 5 -1 -16
E 3330 6 -1 -16
T 3331 10 0 0 0
T 3332 12 0 0 0
T 3333 5 0 7 1
E 3333 0 -2 -19
E 3333 1 -2 -19
E 3333 2 -2 -19
E 3333 3 -2 -19
E 3333 4 -2 -19
E 3333 5 -2 -19
E 3333 6 -2 -19
T 3334 2 0 0 0
T 3335 0 0 0 0
T 3336 0 0 0 0
T 3337 4 0 0 0
T 3338 7 0 0 0
T 3339 1 0 0 0
T 3340 4 0 0 0
T 3341 10 0 0 0
T 3342 5 0 0 0
T 3343 5 0 0 0
T 3344 1 0 0 0
T 3345 1 0 0 0
T 3346 1 0 0 0
T 3347 0 0 0 0
T 3348 1 0 0 0
T 3349 3 0 0 0
T 3350 5 0 0 0
T 3351 10 0 0 0
T 3352 5 0 0 0
T 3353 8 0 0 0
T 3354 11 0 0 0
T 3355 7 0 0 0
T 3356 7 0 0 0
T 3357 11 0 0 0
T 3358 9 0 0 0
T 3359 10 0 7 1
E 3359 0 -1 -17
E 3359 1 -1 -17
E 3359 2 -1 -17
E 3359 3 -1 -17
E 3359 4 -1 -17
E 3359 5 -1 -17
E 3359 6 -1 -17
T 3360 13 0 7 1
E 3360 0 3 34
E 3360 1 3 34
E 3360 2 3 34
E 3360 3 3 34
E 3360 4 3 34
E 3360 5 3 34
E 3360 6 3 34
T 3361 8 0 7 1
E 3361 0 1 15
E 3361 1 1 15
E 3361 2 1 15
E 3361 3 1 15
E 3361 4 1 15
E 3361 5 1 15
E 3361 6 1 15
T 3362 10 0 0 0
T 3363 11 0 0 0
T 3364 8 0 0 0
T 3365 9 0 7 1
E 3365 0 1 16
E 3365 1 1 16
E 3365 2 1 16
E 3365 3 1 16
E 3365 4 1 16
E 3365 5 1 16
E 3365 6 1 16
T 3366 10 0 0 0
T 3367 8 0 0 0
T 3368 6 0 7 1
E 3368 0 1 13
E 3368 1 1 13
E 3368 2 1 13
E 3368 3 1 13
E 3368 4 1 13
E 3368 5 1 13
E 3368 6 1 13
T 3369 10 0 0 0
T 3370 7 0 7 1
E 3370 0 1 14
E 3370 1 1 14
E 3370 2 1 14
E 3370 3 1 14
E 3370 4 1 14
E 3370 5 1 14
E 3370 6 1 14
T 3371 6 0 0 0
T 3372 5 0 0 0
T 3373 10 0 0 0
T 3374 6 0 0 0
T 3375 10 0 0 0
T 3376 10 0 0 0
T 3377 11 0 0 0
T 3378 8 0 0 0
T 3379 4 0 0 0
T 3380 12 0 0 0
T 3381 10 0 0 0
T 3382 6 0 0 0
T 3383 5 0 0 0
T 3384 3 0 0 0
T 3385 7 0 0 0
T 3386 3 0 0 0
T 3387 3 0 0 0
T 3388 8 0 0 0
T 3389 5 0 0 0
T 3390 6 0 7 1
E 3390 0 1 13
E 3390 1 1 13
E 3390 2 1 13
E 3390 3 1 13
E 3390 4 1 13
E 3390 5 1 13
E 3390 6 1 13
T 3391 9 0 0 0
T 3392 7 0 0 0
T 3393 5 0 0 0
T 3394 2 0 0 0
T 3395 3 0 0 0
T 3396 6 0 0 0
T 3397 6 0 7 1
E 3397 0 1 13
E 3397 1 1 13
E 3397 2 1 13
E 3397 3 1 13
E 3397 4 1 13
E 3397 5 1 13
E 3397 6 1 13
T 3398 12 0 0 0
T 3399 7 0 7 1
E 3399 0 1 14
E 3399 1 1 14
E 3399 2 1 14
E 3399 3 1 14
E 3399 4 1 14
E 3399 5 1 14
E 3399 6 1 14
T 3400 8 0 0 0
T 3401 4 0 0 0
T 3402 5 0 0 0
T 3403 11 0 0 0
T 3404 10 0 7 1
E 3404 0 1 17
E 3404 1 1 17
E 3404 2 1 17
E 3404 3 1 17
E 3404 4 1 17
E 3404 5 1 17
E 3404 6 1 17
T 3405 7 0 0 0
T 3406 10 0 0 0
T 3407 6 0 0 0
T 3408 10 0 0 0
T 3409 10 0 7 1
E 3409 0 1 17
E 3409 1 1 17
E 3409 2 1 17
E 3409 3 1 17
E 3409 4 1 17
E 3409 5 1 17
E 3409 6 1 17
T 3410 8 0 0 0
T 3411 4 0 0 0
T 3412 5 0 0 0
T 3413 4 0 0 0
T 3414 6 0 0 0
T 3415 5 0 0 0
T 3416 10 0 0 0
T 3417 10 0 7 1
E 3417 0 1 17
E 3417 1 1 17
E 3417 2 1 17
E 3417 3 1 17
E 3417 4 1 17
E 3417 5 1 17
E 3417 6 1 17
T 3418 7 0 0 0
T 3419 10 0 0 0
T 3420 8 0 0 0
T 3421 7 0 7 1
E 3421 0 1 14
E 3421 1 1 14
E 3421 2 1 14
E 3421 3 1 14
E 3421 4 1 14
E 3421 5 1 14
E 3421 6 1 14
T 3422 6 0 0 0
T 3423 11 0 0 0
T 3424 10 0 0 0
T 3425 11 0 0 0
T 3426 10 0 0 0
T 3427 10 0 0 0
T 3428 10 0 0 0
T 3429 7 0 0 0
T 3430 7 0 7 1
E 3430 0 1 14
E 3430 1 1 14
E 3430 2 1 14
E 3430 3 1 14
E 3430 4 1 14
E 3430 5 1 14
E 3430 6 1 14
T 3431 12 0 0 0
T 3432 6 0 7 1
E 3432 0 2 20
E 3432 1 2 20
E 3432 2 2 20
E 3432 3 2 20
E 3432 4 2 20
E 3432 5 2 20
E 3432 6 2 20
T 3433 3 0 0 0
T 3434 2 0 0 0
T 3435 10 0 0 0
T 3436 6 0 0 0
T 3437 7 0 7 1
E 3437 0 1 14
E 3437 1 1 14
E 3437 2 1 14
E 3437 3 1 14
E 3437 4 1 14
E 3437 5 1 14
E 3437 6 1 14
T 3438 8 0 0 0
T 3439 4 0 0 0
T 3440 5 0 0 0
T 3441 5 0 0 0
T 3442 3 0 0 0
T 3443 6 0 0 0
T 3444 10 0 0 0
T 3445 10 0 7 1
E 3445 0 1 17
E 3445 1 1 17
E 3445 2 1 17
E 3445 3 1 17
E 3445 4 1 17
E 3445 5 1 17
E 3445 6 1 17
T 3446 10 0 0 0
T 3447 6 0 7 1
E 3447 0 1 13
E 3447 1 1 13
E 3447 2 1 13
E 3447 3 1 13
E 3447 4 1 13
E 3447 5 1 13
E 3447 6 1 13
T 3448 4 0 0 0
T 3449 9 0 0 0
T 3450 10 0 7 1
E 3450 0 1 17
E 3450 1 1 17
E 3450 2 1 17
E 3450 3 1 17
E 3450 4 1 17
E 3450 5 1 17
E 3450 6 1 17
T 3451 6 0 0 0
T 3452 9 0 0 0
T 3453 7 0 7 1
E 3453 0 1 14
E 3453 1 1 14
E 3453 2 1 14
E 3453 3 1 14
E 3453 4 1 14
E 3453 5 1 14
E 3453 6 1 14
T 3454 8 0 0 0
T 3455 10 0 0 0
T 3456 11 0 0 0
T 3457 5 0 0 0
T 3458 0 0 0 0
T 3459 3 0 0 0
T 3460 0 0 0 0
T 3461 4 0 0 0
T 3462 3 0 0 0
T 3463 1 0 0 0
T 3464 5 0 0 0
T 3465 9 0 0 0
T 3466 7 0 0 0
T 3467 8 0 0 0
T 3468 6 0 0 0
T 3469 4 0 0 0
T 3470 0 0 0 0
T 3471 3 0 0 0
T 3472 1 0 0 0
T 3473 1 0 0 0
T 3474 3 0 0 0
T 3475 2 0 0 0
T 3476 5 0 0 0
T 3477 9 0 0 0
T 3478 12 0 0 0
T 3479 10 0 7 1
E 3479 0 1 17
E 3479 1 1 17
E 3479 2 1 17
E 3479 3 1 17
E 3479 4 1 17
E 3479 5 1 17
E 3479 6 1 17
T 3480 5 0 0 0
T 3481 3 0 0 0
T 3482 7 0 0 0
T 3483 2 0 0 0
T 3484 7 0 0 0
T 3485 3 0 0 0
T 3486 8 0 0 0
T 3487 10 0 0 0
T 3488 9 0 0 0
T 3489 2 0 0 0
T 3490 1 0 0 0
T 3491 7 0 0 0
T 3492 9 0 0 0
T 3493 6 0 0 0
T 3494 12 0 0 0
T 3495 6 0 7 1
E 3495 0 -1 -13
E 3495 1 -1 -13
E 3495 2 -1 -13
E 3495 3 -1 -13
E 3495 4 -1 -13
E 3495 5 -1 -13
E 3495 6 -1 -13
T 3496 1 0 0 0
T 3497 4 0 0 0
T 3498 8 0 0 0
T 3499 1 0 0 0
T 3500 2 0 0 0
T 3501 4 0 0 0
T 3502 11 0 0 0
T 3503 9 0 7 1
E 3503 0 -1 -16
E 3503 1 -1 -16
E 3503 2 -1 -16
E 3503 3 -1 -16
E 3503 4 -1 -16
E 3503 5 -1 -16
E 3503 6 -1 -16
T 3504 8 0 7 1
E 3504 0 -1 -15
E 3504 1 -1 -15
E 3504 2 -1 -15
E 3504 3 -1 -15
E 3504 4 -1 -15
E 3504 5 -1 -15
E 3504 6 -1 -15
T 3505 11 0 0 0
T 3506 4 0 7 1
E 3506 0 -2 -18
E 3506 1 -2 -18
E 3506 2 -2 -18
E 3506 3 -2 -18
E 3506 4 -2 -18
E 3506 5 -2 -18
E 3506 6 -2 -18
T 3507 2 0 0 0
T 3508 7 0 0 0
T 3509 8 0 7 1
E 3509 0 -1 -15
E 3509 1 -1 -15
E 3509 2 -1 -15
E 3509 3 -1 -15
E 3509 4 -1 -15
E 3509 5 -1 -15
E 3509 6 -1 -15
T 3510 7 0 0 0
T 3511 10 0 0 0
T 3512 6 0 7 1
E 3512 0 -1 -13
E 3512 1 -1 -13
E 3512 2 -1 -13
E 3512 3 -1 -13
E 3512 4 -1 -13
E 3512 5 -1 -13
E 3512 6 -1 -13
T 3513 2 0 0 0
T 3514 6 0 0 0
T 3515 12 0 0 0
T 3516 5 0 7 1
E 3516 0 -2 -19
E 3516 1 -2 -19
E 3516 2 -2 -19
E 3516 3 -2 -19
E 3516 4 -2 -19
E 3516 5 -2 -19
E 3516 6 -2 -19
T 3517 10 0 0 0
T 3518 12 0 0 0
T 3519 7 0 7 1
E 3519 0 -1 -14
E 3519 1 -1 -14
E 3519 2 -1 -14
E 3519 3 -1 -14
E 3519 4 -1 -14
E 3519 5 -1 -14
E 3519 6 -1 -14
T 3520 11 0 0 0
T 3521 11 0 0 0
T 3522 9 0 0 0
T 3523 12 0 0 0
T 3524 8 0 7 1
E 3524 0 -1 -15
E 3524 1 -1 -15
E 3524 2 -1 -15
E 3524 3 -1 -15
E 3524 4 -1 -15
E 3524 5 -1 -15
E 3524 6 -1 -15
T 3525 3 0 0 0
T 3526 2 0 0 0
T 3527 2 0 0 0
T 3528 4 0 0 0
T 3529 4 0 0 0
T 3530 10 0 0 0
T 3531 10 0 0 0
T 3532 7 0 7 1
E 3532 0 -1 -14
E 3532 1 -1 -14
E 3532 2 -1 -14
E 3532 3 -1 -14
E 3532 4 -1 -14
E 3532 5 -1 -14
E 3532 6 -1 -14
T 3533 6 0 7 1
E 3533 0 -1 -13
E 3533 1 -1 -13
E 3533 2 -1 -13
E 3533 3 -1 -13
E 3533 4 -1 -13
E 3533 5 -1 -13
E 3533 6 -1 -13
T 3534 9 0 0 0
T 3535 4 0 0 0
T 3536 12 0 0 0
T 3537 11 0 0 0
T 3538 7 0 7 1
E 3538 0 -1 -14
E 3538 1 -1 -14
E 3538 2 -1 -14
E 3538 3 -1 -14
E 3538 4 -1 -14
E 3538 5 -1 -14
E 3538 6 -1 -14
T 3539 7 0 7 1
E 3539 0 -1 -14
E 3539 1 -1 -14
E 3539 2 -1 -14
E 3539 3 -1 -14
E 3539 4 -1 -14
E 3539 5 -1 -14
E 3539 6 -1 -14
T 3540 6 0 0 0
T 3541 12 0 0 0
T 3542 5 0 7 1
E 3542 0 -2 -19
E 3542 1 -2 -19
E 3542 2 -2 -19
E 3542 3 -2 -19
E 3542 4 -2 -19
E 3542 5 -2 -19
E 3542 6 -2 -19
T 3543 12 0 0 0
T 3544 6 0 7 1
E 3544 0 -2 -20
E 3544 1 -2 -20
E 3544 2 -2 -20
E 3544 3 -2 -20
E 3544 4 -2 -20
E 3544 5 -2 -20
E 3544 6 -2 -20
T 3545 10 0 0 0
T 3546 4 0 7 1
E 3546 0 -2 -18
E 3546 1 -2 -18
E 3546 2 -2 -18
E 3546 3 -2 -18
E 3546 4 -2 -18
E 3546 5 -2 -18
E 3546 6 -2 -18
T 3547 6 0 0 0
T 3548 7 0 7 1
E 3548 0 -1 -14
E 3548 1 -1 -14
E 3548 2 -1 -14
E 3548 3 -1 -14
E 3548 4 -1 -14
E 3548 5 -1 -14
E 3548 6 -1 -14
T 3549 11 0 0 0
T 3550 10 0 0 0
T 3551 9 0 0 0
T 3552 9 0 0 0
T 3553 11 0 0 0
T 3554 9 0 7 1
E 3554 0 -1 -16
E 3554 1 -1 -16
E 3554 2 -1 -16
E 3554 3 -1 -16
E 3554 4 -1 -16
E 3554 5 -1 -16
E 3554 6 -1 -16
T 3555 6 0 0 0
T 3556 10 0 0 0
T 3557 9 0 0 0
T 3558 10 0 7 1
E 3558 0 -1 -17
E 3558 1 -1 -17
E 3558 2 -1 -17
E 3558 3 -1 -17
E 3558 4 -1 -17
E 3558 5 -1 -17
E 3558 6 -1 -17
T 3559 8 0 0 0
T 3560 10 0 0 0
T 3561 11 0 0 0
T 3562 7 0 7 1
E 3562 0 -1 -14
E 3562 1 -1 -14
E 3562 2 -1 -14
E 3562 3 -1 -14
E 3562 4 -1 -14
E 3562 5 -1 -14
E 3562 6 -1 -14
T 3563 6 0 7 1
E 3563 0 -1 -13
E 3563 1 -1 -13
E 3563 2 -1 -13
E 3563 3 -1 -13
E 3563 4 -1 -13
E 3563 5 -1 -13
E 3563 6 -1 -13
T 3564 8 0 0 0
T 3565 11 0 0 0
T 3566 10 0 0 0
T 3567 6 0 0 0
T 3568 7 0 0 0
T 3569 11 0 0 0
T 3570 4 0 7 1
E 3570 0 -2 -18
E 3570 1 -2 -18
E 3570 2 -2 -18
E 3570 3 -2 -18
E 3570 4 -2 -18
E 3570 5 -2 -18
E 3570 6 -2 -18
T 3571 4 0 0 0
T 3572 7 0 0 0
T 3573 10 0 0 0
T 3574 7 0 0 0
T 3575 6 0 0 0
T 3576 12 0 0 0
T 3577 8 0 7 1
E 3577 0 -1 -15
E 3577 1 -1 -15
E 3577 2 -1 -15
E 3577 3 -1 -15
E 3577 4 -1 -15
E 3577 5 -1 -15
E 3577 6 -1 -15
T 3578 11 0 0 0
T 3579 10 0 7 1
E 3579 0 -1 -17
E 3579 1 -1 -17
E 3579 2 -1 -17
E 3579 3 -1 -17
E 3579 4 -1 -17
E 3579 5 -1 -17
E 3579 6 -1 -17
T 3580 7 0 0 0
T 3581 9 0 0 0
T 3582 11 0 0 0
T 3583 8 0 7 1
E 3583 0 -1 -15
E 3583 1 -1 -15
E 3583 2 -1 -15
E 3583 3 -1 -15
E 3583 4 -1 -15
E 3583 5 -1 -15
E 3583 6 -1 -15
T 3584 7 0 0 0
T 3585 7 0 0 0
T 3586 5 0 0 0
T 3587 1 0 0 0
T 3588 6 0 0 0
T 3589 12 0 0 0
T 3590 7 0 7 1
E 3590 0 -1 -14
E 3590 1 -1 -14
E 3590 2 -1 -14
E 3590 3 -1 -14
E 3590 4 -1 -14
E 3590 5 -1 -14
E 3590 6 -1 -14
T 3591 8 0 7 1
E 3591 0 -1 -15
E 3591 1 -1 -15
E 3591 2 -1 -15
E 3591 3 -1 -15
E 3591 4 -1 -15
E 3591 5 -1 -15
E 3591 6 -1 -15
T 3592 9 0 0 0
T 3593 9 0 0 0
T 3594 9 0 7 1
E 3594 0 -1 -16
E 3594 1 -1 -16
E 3594 2 -1 -16
E 3594 3 -1 -16
E 3594 4 -1 -16
E 3594 5 -1 -16
E 3594 6 -1 -16
T 3595 6 0 7 1
E 3595 0 -1 -13
E 3595 1 -1 -13
E 3595 2 -1 -13
E 3595 3 -1 -13
E 3595 4 -1 -13
E 3595 5 -1 -13
E 3595 6 -1 -13
T 3596 5 0 0 0
T 3597 8 0 0 0
T 3598 10 0 0 0
T 3599 7 0 0 0
T 3600 9 0 7 1
E 3600 0 4 37
E 3600 1 4 37
E 3600 2 4 37
E 3600 3 4 37
E 3600 4 4 37
E 3600 5 4 37
E 3600 6 4 37
T 3601 8 0 7 1
E 3601 0 1 15
E 3601 1 1 15
E 3601 2 1 15
E 3601 3 1 15
E 3601 4 1 15
E 3601 5 1 15
E 3601 6 1 15
T 3602 9 0 7 1
E 3602 0 1 16
E 3602 1 1 16
E 3602 2 1 16
E 3602 3 1 16
E 3602 4 1 16
E 3602 5 1 16
E 3602 6 1 16
T 3603 7 0 0 0
T 3604 8 0 7 1
E 3604 0 1 15
E 3604 1 1 15
E 3604 2 1 15
E 3604 3 1 15
E 3604 4 1 15
E 3604 5 1 15
E 3604 6 1 15
T 3605 7 0 0 0
T 3606 10 0 0 0
T 3607 9 0 0 0
T 3608 11 0 0 0
T 3609 11 0 0 0
T 3610 12 0 0 0
T 3611 9 0 7 1
E 3611 0 1 16
E 3611 1 1 16
E 3611 2 1 16
E 3611 3 1 16
E 3611 4 1 16
E 3611 5 1 16
E 3611 6 1 16
T 3612 12 0 0 0
T 3613 5 0 7 1
E 3613 0 2 19
E 3613 1 2 19
E 3613 2 2 19
E 3613 3 2 19
E 3613 4 2 19
E 3613 5 2 19
E 3613 6 2 19
T 3614 3 0 0 0
T 3615 6 0 0 0
T 3616 3 0 0 0
T 3617 11 0 0 0
T 3618 7 0 7 1
E 3618 0 1 14
E 3618 1 1 14
E 3618 2 1 14
E 3618 3 1 14
E 3618 4 1 14
E 3618 5 1 14
E 3618 6 1 14
T 3619 11 0 0 0
T 3620 11 0 0 0
T 3621 10 0 7 1
E 3621 0 1 17
E 3621 1 1 17
E 3621 2 1 17
E 3621 3 1 17
E 3621 4 1 17
E 3621 5 1 17
E 3621 6 1 17
T 3622 9 0 0 0
T 3623 5 0 0 0
T 3624 3 0 0 0
T 3625 10 0 0 0
T 3626 12 0 0 0
T 3627 8 0 7 1
E 3627 0 1 15
E 3627 1 1 15
E 3627 2 1 15
E 3627 3 1 15
E 3627 4 1 15
E 3627 5 1 15
E 3627 6 1 15
T 3628 10 0 0 0
T 3629 7 0 7 1
E 3629 0 1 14
E 3629 1 1 14
E 3629 2 1 14
E 3629 3 1 14
E 3629 4 1 14
E 3629 5 1 14
E 3629 6 1 14
T 3630 8 0 0 0
T 3631 9 0 0 0
T 3632 6 0 7 1
E 3632 0 1 13
E 3632 1 1 13
E 3632 2 1 13
E 3632 3 1 13
E 3632 4 1 13
E 3632 5 1 13
E 3632 6 1 13
T 3633 6 0 7 1
E 3633 0 1 13
E 3633 1 1 13
E 3633 2 1 13
E 3633 3 1 13
E 3633 4 1 13
E 3633 5 1 13
E 3633 6 1 13
T 3634 7 0 7 1
E 3634 0 1 14
E 3634 1 1 14
E 3634 2 1 14
E 3634 3 1 14
E 3634 4 1 14
E 3634 5 1 14
E 3634 6 1 14
T 3635 12 0 0 0
T 3636 7 0 0 0
T 3637 11 0 0 0
T 3638 8 0 0 0
T 3639 8 0 7 1
E 3639 0 1 15
E 3639 1 1 15
E 3639 2 1 15
E 3639 3 1 15
E 3639 4 1 15
E 3639 5 1 15
E 3639 6 1 15
T 3640 9 0 7 1
E 3640 0 1 16
E 3640 1 1 16
E 3640 2 1 16
E 3640 3 1 16
E 3640 4 1 16
E 3640 5 1 16
E 3640 6 1 16
T 3641 7 0 7 1
E 3641 0 1 14
E 3641 1 1 14
E 3641 2 1 14
E 3641 3 1 14
E 3641 4 1 14
E 3641 5 1 14
E 3641 6 1 14
T 3642 8 0 0 0
T 3643 10 0 0 0
T 3644 11 0 0 0
T 3645 7 0 0 0
T 3646 2 0 0 0
T 3647 10 0 0 0
T 3648 7 0 7 1
E 3648 0 1 14
E 3648 1 1 14
E 3648 2 1 14
E 3648 3 1 14
E 3648 4 1 14
E 3648 5 1 14
E 3648 6 1 14
T 3649 7 0 0 0
T 3650 12 0 0 0
T 3651 9 0 0 0
T 3652 6 0 7 1
E 3652 0 1 13
E 3652 1 1 13
E 3652 2 1 13
E 3652 3 1 13
E 3652 4 1 13
E 3652 5 1 13
E 3652 6 1 13
T 3653 8 0 0 0
T 3654 8 0 0 0
T 3655 10 0 0 0
T 3656 9 0 7 1
E 3656 0 1 16
E 3656 1 1 16
E 3656 2 1 16
E 3656 3 1 16
E 3656 4 1 16
E 3656 5 1 16
E 3656 6 1 16
T 3657 5 0 0 0
T 3658 6 0 0 0
T 3659 8 0 0 0
T 3660 6 0 7 1
E 3660 0 1 13
E 3660 1 1 13
E 3660 2 1 13
E 3660 3 1 13
E 3660 4 1 13
E 3660 5 1 13
E 3660 6 1 13
T 3661 6 0 0 0
T 3662 3 0 0 0
T 3663 5 0 0 0
T 3664 4 0 0 0
T 3665 5 0 0 0
T 3666 12 0 0 0
T 3667 8 0 7 1
E 3667 0 1 15
E 3667 1 1 15
E 3667 2 1 15
E 3667 3 1 15
E 3667 4 1 15
E 3667 5 1 15
E 3667 6 1 15
T 3668 9 0 0 0
T 3669 11 0 0 0
T 3670 7 0 0 0
T 3671 4 0 0 0
T 3672 3 0 0 0
T 3673 2 0 0 0
T 3674 1 0 0 0
T 3675 5 0 0 0
T 3676 6 0 0 0
T 3677 11 0 0 0
T 3678 6 0 0 0
T 3679 8 0 0 0
T 3680 7 0 7 1
E 3680 0 1 14
E 3680 1 1 14
E 3680 2 1 14
E 3680 3 1 14
E 3680 4 1 14
E 3680 5 1 14
E 3680 6 1 14
T 3681 10 0 0 0
T 3682 6 0 7 1
E 3682 0 1 13
E 3682 1 1 13
E 3682 2 1 13
E 3682 3 1 13
E 3682 4 1 13
E 3682 5 1 13
E 3682 6 1 13
T 3683 11 0 0 0
T 3684 8 0 7 1
E 3684 0 1 15
E 3684 1 1 15
E 3684 2 1 15
E 3684 3 1 15
E 3684 4 1 15
E 3684 5 1 15
E 3684 6 1 15
T 3685 5 0 0 0
T 3686 10 0 0 0
T 3687 7 0 0 0
T 3688 2 0 0 0
T 3689 6 0 0 0
T 3690 5 0 0 0
T 3691 8 0 0 0
T 3692 5 0 0 0
T 3693 8 0 0 0
T 3694 4 0 0 0
T 3695 10 0 0 0
T 3696 10 0 7 1
E 3696 0 1 17
E 3696 1 1 17
E 3696 2 1 17
E 3696 3 1 17
E 3696 4 1 17
E 3696 5 1 17
E 3696 6 1 17
T 3697 9 0 0 0
T 3698 12 0 0 0
T 3699 9 0 0 0
T 3700 2 0 0 0
T 3701 0 0 0 0
T 3702 0 0 0 0
T 3703 5 0 0 0
T 3704 7 0 0 0
T 3705 6 0 0 0
T 3706 7 0 0 0
T 3707 11 0 0 0
T 3708 7 0 7 1
E 3708 0 -1 -14
E 3708 1 -1 -14
E 3708 2 -1 -14
E 3708 3 -1 -14
E 3708 4 -1 -14
E 3708 5 -1 -14
E 3708 6 -1 -14
T 3709 12 0 0 0
T 3710 5 0 7 1
E 3710 0 -2 -19
E 3710 1 -2 -19
E 3710 2 -2 -19
E 3710 3 -2 -19
E 3710 4 -2 -19
E 3710 5 -2 -19
E 3710 6 -2 -19
T 3711 10 0 0 0
T 3712 6 0 7 1
E 3712 0 -1 -13
E 3712 1 -1 -13
E 3712 2 -1 -13
E 3712 3 -1 -13
E 3712 4 -1 -13
E 3712 5 -1 -13
E 3712 6 -1 -13
T 3713 1 0 0 0
T 3714 3 0 0 0
T 3715 2 0 0 0
T 3716 2 0 0 0
T 3717 9 0 0 0
T 3718 6 0 0 0
T 3719 4 0 0 0
T 3720 0 0 0 0
T 3721 5 0 0 0
T 3722 1 0 0 0
T 3723 3 0 0 0
T 3724 1 0 0 0
T 3725 8 0 0 0
T 3726 11 0 0 0
T 3727 6 0 0 0
T 3728 6 0 0 0
T 3729 2 0 0 0
T 3730 1 0 0 0
T 3731 4 0 0 0
T 3732 4 0 0 0
T 3733 11 0 0 0
T 3734 10 0 7 1
E 3734 0 -1 -17
E 3734 1 -1 -17
E 3734 2 -1 -17
E 3734 3 -1 -17
E 3734 4 -1 -17
E 3734 5 -1 -17
E 3734 6 -1 -17
T 3735 8 0 0 0
T 3736 7 0 0 0
T 3737 6 0 0 0
T 3738 12 0 0 0
T 3739 9 0 0 0
T 3740 4 0 0 0
T 3741 1 0 0 0
T 3742 3 0 0 0
T 3743 4 0 0 0
T 3744 2 0 0 0
T 3745 2 0 0 0
T 3746 5 0 0 0
T 3747 6 0 0 0
T 3748 11 0 0 0
T 3749 10 0 0 0
T 3750 12 0 0 0
T 3751 9 0 0 0
T 3752 10 0 0 0
T 3753 9 0 0 0
T 3754 9 0 0 0
T 3755 11 0 0 0
T 3756 4 0 7 1
E 3756 0 -2 -18
E 3756 1 -2 -18
E 3756 2 -2 -18
E 3756 3 -2 -18
E 3756 4 -2 -18
E 3756 5 -2 -18
E 3756 6 -2 -18
T 3757 10 0 0 0
T 3758 11 0 0 0
T 3759 6 0 7 1
E 3759 0 -1 -13
E 3759 1 -1 -13
E 3759 2 -1 -13
E 3759 3 -1 -13
E 3759 4 -1 -13
E 3759 5 -1 -13
E 3759 6 -1 -13
T 3760 5 0 0 0
T 3761 7 0 0 0
T 3762 7 0 0 0
T 3763 7 0 7 1
E 3763 0 -1 -14
E 3763 1 -1 -14
E 3763 2 -1 -14
E 3763 3 -1 -14
E 3763 4 -1 -14
E 3763 5 -1 -14
E 3763 6 -1 -14
T 3764 7 0 0 0
T 3765 8 0 0 0
T 3766 8 0 7 1
E 3766 0 -1 -15
E 3766 1 -1 -15
E 3766 2 -1 -15
E 3766 3 -1 -15
E 3766 4 -1 -15
E 3766 5 -1 -15
E 3766 6 -1 -15
T 3767 6 0 0 0
T 3768 3 0 0 0
T 3769 3 0 0 0
T 3770 5 0 0 0
T 3771 11 0 0 0
T 3772 4 0 7 1
E 3772 0 -2 -18
E 3772 1 -2 -18
E 3772 2 -2 -18
E 3772 3 -2 -18
E 3772 4 -2 -18
E 3772 5 -2 -18
E 3772 6 -2 -18
T 3773 9 0 0 0
T 3774 9 0 7 1
E 3774 0 -1 -16
E 3774 1 -1 -16
E 3774 2 -1 -16
E 3774 3 -1 -16
E 3774 4 -1 -16
E 3774 5 -1 -16
E 3774 6 -1 -16
T 3775 6 0 0 0
T 3776 7 0 7 1
E 3776 0 -1 -14
E 3776 1 -1 -14
E 3776 2 -1 -14
E 3776 3 -1 -14
E 3776 4 -1 -14
E 3776 5 -1 -14
E 3776 6 -1 -14
T 3777 7 0 0 0
T 3778 10 0 0 0
T 3779 6 0 0 0
T 3780 2 0 0 0
T 3781 3 0 0 0
T 3782 10 0 0 0
T 3783 8 0 7 1
E 3783 0 -1 -15
E 3783 1 -1 -15
E 3783 2 -1 -15
E 3783 3 -1 -15
E 3783 4 -1 -15
E 3783 5 -1 -15
E 3783 6 -1 -15
T 3784 4 0 0 0
T 3785 8 0 0 0
T 3786 10 0 0 0
T 3787 8 0 0 0
T 3788 6 0 0 0
T 3789 7 0 0 0
T 3790 2 0 0 0
T 3791 6 0 0 0
T 3792 9 0 0 0
T 3793 12 0 0 0
T 3794 10 0 0 0
T 3795 10 0 7 1
E 3795 0 -1 -17
E 3795 1 -1 -17
E 3795 2 -1 -17
E 3795 3 -1 -17
E 3795 4 -1 -17
E 3795 5 -1 -17
E 3795 6 -1 -17
T 3796 10 0 0 0
T 3797 9 0 7 1
E 3797 0 -1 -16
E 3797 1 -1 -16
E 3797 2 -1 -16
E 3797 3 -1 -16
E 3797 4 -1 -16
E 3797 5 -1 -16
E 3797 6 -1 -16
T 3798 7 0 7 1
E 3798 0 -1 -14
E 3798 1 -1 -14
E 3798 2 -1 -14
E 3798 3 -1 -14
E 3798 4 -1 -14
E 3798 5 -1 -14
E 3798 6 -1 -14
T 3799 7 0 0 0
T 3800 12 0 0 0
T 3801 9 0 0 0
T 3802 7 0 0 0
T 3803 6 0 0 0
T 3804 3 0 0 0
T 3805 0 0 0 0
T 3806 0 0 0 0
T 3807 2 0 0 0
T 3808 5 0 0 0
T 3809 9 0 0 0
T 3810 5 0 0 0
T 3811 6 0 0 0
T 3812 4 0 0 0
T 3813 0 0 0 0
T 3814 4 0 0 0
T 3815 4 0 0 0
T 3816 0 0 0 0
T 3817 2 0 0 0
T 3818 3 0 0 0
T 3819 3 0 0 0
T 3820 9 0 0 0
T 3821 6 0 7 1
E 3821 0 -1 -13
E 3821 1 -1 -13
E 3821 2 -1 -13
E 3821 3 -1 -13
E 3821 4 -1 -13
E 3821 5 -1 -13
E 3821 6 -1 -13
T 3822 12 0 0 0
T 3823 6 0 7 1
E 3823 0 -2 -20
E 3823 1 -2 -20
E 3823 2 -2 -20
E 3823 3 -2 -20
E 3823 4 -2 -20
E 3823 5 -2 -20
E 3823 6 -2 -20
T 3824 10 0 0 0
T 3825 9 0 7 1
E 3825 0 -1 -16
E 3825 1 -1 -16
E 3825 2 -1 -16
E 3825 3 -1 -16
E 3825 4 -1 -16
E 3825 5 -1 -16
E 3825 6 -1 -16
T 3826 6 0 7 1
E 3826 0 -1 -13
E 3826 1 -1 -13
E 3826 2 -1 -13
E 3826 3 -1 -13
E 3826 4 -1 -13
E 3826 5 -1 -13
E 3826 6 -1 -13
T 3827 8 0 0 0
T 3828 6 0 7 1
E 3828 0 -1 -13
E 3828 1 -1 -13
E 3828 2 -1 -13
E 3828 3 -1 -13
E 3828 4 -1 -13
E 3828 5 -1 -13
E 3828 6 -1 -13
T 3829 5 0 0 0
T 3830 0 0 0 0
T 3831 3 0 0 0
T 3832 8 0 0 0
T 3833 10 0 0 0
T 3834 12 0 0 0
T 3835 6 0 7 1
E 3835 0 1 13
E 3835 1 1 13
E 3835 2 1 13
E 3835 3 1 13
E 3835 4 1 13
E 3835 5 1 13
E 3835 6 1 13
T 3836 2 0 0 0
T 3837 3 0 0 0
T 3838 1 0 0 0
T 3839 3 0 0 0
T 3840 16 0 7 1
E 3840 0 5 51
E 3840 1 5 51
E 3840 2 5 51
E 3840 3 5 51
E 3840 4 5 51
E 3840 5 5 51
E 3840 6 5 51
T 3841 6 0 7 1
E 3841 0 1 13
E 3841 1 1 13
E 3841 2 1 13
E 3841 3 1 13
E 3841 4 1 13
E 3841 5 1 13
E 3841 6 1 13
T 3842 9 0 0 0
T 3843 4 0 0 0
T 3844 11 0 0 0
T 3845 5 0 7 1
E 3845 0 2 19
E 3845 1 2 19
E 3845 2 2 19
E 3845 3 2 19
E 3845 4 2 19
E 3845 5 2 19
E 3845 6 2 19
T 3846 6 0 0 0
T 3847 5 0 0 0
T 3848 2 0 0 0
T 3849 8 0 0 0
T 3850 7 0 7 1
E 3850 0 1 14
E 3850 1 1 14
E 3850 2 1 14
E 3850 3 1 14
E 3850 4 1 14
E 3850 5 1 14
E 3850 6 1 14
T 3851 3 0 0 0
T 3852 3 0 0 0
T 3853 8 0 0 0
T 3854 8 0 0 0
T 3855 7 0 7 1
E 3855 0 1 14
E 3855 1 1 14
E 3855 2 1 14
E 3855 3 1 14
E 3855 4 1 14
E 3855 5 1 14
E 3855 6 1 14
T 3856 7 0 7 1
E 3856 0 1 14
E 3856 1 1 14
E 3856 2 1 14
E 3856 3 1 14
E 3856 4 1 14
E 3856 5 1 14
E 3856 6 1 14
T 3857 6 0 7 1
E 3857 0 1 13
E 3857 1 1 13
E 3857 2 1 13
E 3857 3 1 13
E 3857 4 1 13
E 3857 5 1 13
E 3857 6 1 13
T 3858 11 0 0 0
T 3859 5 0 7 1
E 3859 0 2 19
E 3859 1 2 19
E 3859 2 2 19
E 3859 3 2 19
E 3859 4 2 19
E 3859 5 2 19
E 3859 6 2 19
T 3860 12 0 0 0
T 3861 4 0 7 1
E 3861 0 2 18
E 3861 1 2 18
E 3861 2 2 18
E 3861 3 2 18
E 3861 4 2 18
E 3861 5 2 18
E 3861 6 2 18
T 3862 12 0 0 0
T 3863 8 0 7 1
E 3863 0 1 15
E 3863 1 1 15
E 3863 2 1 15
E 3863 3 1 15
E 3863 4 1 15
E 3863 5 1 15
E 3863 6 1 15
T 3864 9 0 0 0
T 3865 9 0 0 0
T 3866 4 0 0 0
T 3867 11 0 0 0
T 3868 9 0 0 0
T 3869 12 0 0 0
T 3870 5 0 7 1
E 3870 0 2 19
E 3870 1 2 19
E 3870 2 2 19
E 3870 3 2 19
E 3870 4 2 19
E 3870 5 2 19
E 3870 6 2 19
T 3871 11 0 0 0
T 3872 11 0 0 0
T 3873 4 0 7 1
E 3873 0 2 18
E 3873 1 2 18
E 3873 2 2 18
E 3873 3 2 18
E 3873 4 2 18
E 3873 5 2 18
E 3873 6 2 18
T 3874 10 0 0 0
T 3875 6 0 0 0
T 3876 6 0 0 0
T 3877 2 0 0 0
T 3878 1 0 0 0
T 3879 7 0 0 0
T 3880 8 0 0 0
T 3881 11 0 0 0
T 3882 7 0 0 0
T 3883 2 0 0 0
T 3884 1 0 0 0
T 3885 2 0 0 0
T 3886 1 0 0 0
T 3887 9 0 0 0
T 3888 4 0 0 0
T 3889 0 0 0 0
T 3890 3 0 0 0
T 3891 1 0 0 0
T 3892 1 0 0 0
T 3893 1 0 0 0
T 3894 3 0 0 0
T 3895 3 0 0 0
T 3896 8 0 0 0
T 3897 8 0 0 0
T 3898 8 0 0 0
T 3899 11 0 0 0
T 3900 8 0 0 0
T 3901 9 0 0 0
T 3902 8 0 0 0
T 3903 8 0 7 1
E 3903 0 1 15
E 3903 1 1 15
E 3903 2 1 15
E 3903 3 1 15
E 3903 4 1 15
E 3903 5 1 15
E 3903 6 1 15
T 3904 7 0 0 0
T 3905 8 0 0 0
T 3906 9 0 0 0
T 3907 10 0 0 0
T 3908 5 0 0 0
T 3909 3 0 0 0
T 3910 4 0 0 0
T 3911 6 0 0 0
T 3912 11 0 0 0
T 3913 7 0 7 1
E 3913 0 1 14
E 3913 1 1 14
E 3913 2 1 14
E 3913 3 1 14
E 3913 4 1 14
E 3913 5 1 14
E 3913 6 1 14
T 3914 5 0 0 0
T 3915 9 0 0 0
T 3916 10 0 0 0
T 3917 7 0 0 0
T 3918 12 0 0 0
T 3919 7 0 7 1
E 3919 0 1 14
E 3919 1 1 14
E 3919 2 1 14
E 3919 3 1 14
E 3919 4 1 14
E 3919 5 1 14
E 3919 6 1 14
T 3920 7 0 7 1
E 3920 0 1 14
E 3920 1 1 14
E 3920 2 1 14
E 3920 3 1 14
E 3920 4 1 14
E 3920 5 1 14
E 3920 6 1 14
T 3921 6 0 7 1
E 3921 0 1 13
E 3921 1 1 13
E 3921 2 1 13
E 3921 3 1 13
E 3921 4 1 13
E 3921 5 1 13
E 3921 6 1 13
T 3922 3 0 0 0
T 3923 9 0 0 0
T 3924 5 0 0 0
T 3925 10 0 0 0
T 3926 5 0 0 0
T 3927 5 0 0 0
T 3928 8 0 0 0
T 3929 9 0 0 0
T 3930 12 0 0 0
T 3931 5 0 7 1
E 3931 0 2 19
E 3931 1 2 19
E 3931 2 2 19
E 3931 3 2 19
E 3931 4 2 19
E 3931 5 2 19
E 3931 6 2 19
T 3932 5 0 0 0
T 3933 11 0 0 0
T 3934 11 0 0 0
T 3935 6 0 7 1
E 3935 0 1 13
E 3935 1 1 13
E 3935 2 1 13
E 3935 3 1 13
E 3935 4 1 13
E 3935 5 1 13
E 3935 6 1 13
T 3936 4 0 0 0
T 3937 7 0 0 0
T 3938 8 0 0 0
T 3939 2 0 0 0
T 3940 1 0 0 0
T 3941 1 0 0 0
T 3942 6 0 0 0
T 3943 1 0 0 0
T 3944 2 0 0 0
T 3945 8 0 0 0
T 3946 3 0 0 0
T 3947 6 0 0 0
T 3948 1 0 0 0
T 3949 4 0 0 0
T 3950 5 0 0 0
T 3951 12 0 0 0
T 3952 6 0 7 1
E 3952 0 -1 -13
E 3952 1 -1 -13
E 3952 2 -1 -13
E 3952 3 -1 -13
E 3952 4 -1 -13
E 3952 5 -1 -13
E 3952 6 -1 -13
T 3953 6 0 0 0
T 3954 1 0 0 0
T 3955 5 0 0 0
T 3956 9 0 0 0
T 3957 7 0 0 0
T 3958 8 0 0 0
T 3959 4 0 0 0
T 3960 7 0 0 0
T 3961 6 0 7 1
E 3961 0 -1 -13
E 3961 1 -1 -13
E 3961 2 -1 -13
E 3961 3 -1 -13
E 3961 4 -1 -13
E 3961 5 -1 -13
E 3961 6 -1 -13
T 3962 6 0 0 0
T 3963 3 0 0 0
T 3964 2 0 0 0
T 3965 5 0 0 0
T 3966 5 0 0 0
T 3967 11 0 0 0
T 3968 4 0 7 1
E 3968 0 -2 -18
E 3968 1 -2 -18
E 3968 2 -2 -18
E 3968 3 -2 -18
E 3968 4 -2 -18
E 3968 5 -2 -18
E 3968 6 -2 -18
T 3969 1 0 0 0
T 3970 1 0 0 0
T 3971 3 0 0 0
T 3972 4 0 0 0
T 3973 5 0 0 0
T 3974 11 0 0 0
T 3975 7 0 7 1
E 3975 0 -1 -14
E 3975 1 -1 -14
E 3975 2 -1 -14
E 3975 3 -1 -14
E 3975 4 -1 -14
E 3975 5 -1 -14
E 3975 6 -1 -14
T 3976 2 0 0 0
T 3977 3 0 0 0
T 3978 2 0 0 0
T 3979 0 0 0 0
T 3980 4 0 0 0
T 3981 8 0 0 0
T 3982 4 0 0 0
T 3983 5 0 0 0
T 3984 8 0 0 0
T 3985 8 0 0 0
T 3986 6 0 7 1
E 3986 0 -1 -13
E 3986 1 -1 -13
E 3986 2 -1 -13
E 3986 3 -1 -13
E 3986 4 -1 -13
E 3986 5 -1 -13
E 3986 6 -1 -13
T 3987 5 0 0 0
T 3988 10 0 0 0
T 3989 10 0 0 0
T 3990 7 0 0 0
T 3991 6 0 0 0
T 3992 8 0 0 0
T 3993 9 0 0 0
T 3994 9 0 7 1
E 3994 0 -1 -16
E 3994 1 -1 -16
E 3994 2 -1 -16
E 3994 3 -1 -16
E 3994 4 -1 -16
E 3994 5 -1 -16
E 3994 6 -1 -16
T 3995 11 0 0 0
T 3996 7 0 0 0
T 3997 3 0 0 0
T 3998 4 0 0 0
T 3999 1 0 0 0
T 4000 4 0 0 0
T 4001 8 0 0 0
T 4002 7 0 0 0
T 4003 9 0 0 0
T 4004 8 0 7 1
E 4004 0 -1 -15
E 4004 1 -1 -15
E 4004 2 -1 -15
E 4004 3 -1 -15
E 4004 4 -1 -15
E 4004 5 -1 -15
E 4004 6 -1 -15
T 4005 9 0 0 0
T 4006 6 0 0 0
T 4007 6 0 7 1
E 4007 0 -1 -13
E 4007 1 -1 -13
E 4007 2 -1 -13
E 4007 3 -1 -13
E 4007 4 -1 -13
E 4007 5 -1 -13
E 4007 6 -1 -13
T 4008 4 0 0 0
T 4009 2 0 0 0
T 4010 3 0 0 0
T 4011 2 0 0 0
T 4012 1 0 0 0
T 4013 5 0 0 0
T 4014 12 0 0 0
T 4015 7 0 0 0
T 4016 8 0 0 0
T 4017 3 0 0 0
T 4018 4 0 0 0
T 4019 4 0 0 0
T 4020 7 0 0 0
T 4021 7 0 7 1
E 4021 0 -1 -14
E 4021 1 -1 -14
E 4021 2 -1 -14
E 4021 3 -1 -14
E 4021 4 -1 -14
E 4021 5 -1 -14
E 4021 6 -1 -14
T 4022 9 0 0 0
T 4023 9 0 7 1
E 4023 0 -1 -16
E 4023 1 -1 -16
E 4023 2 -1 -16
E 4023 3 -1 -16
E 4023 4 -1 -16
E 4023 5 -1 -16
E 4023 6 -1 -16
T 4024 10 0 0 0
T 4025 10 0 7 1
E 4025 0 -1 -17
E 4025 1 -1 -17
E 4025 2 -1 -17
E 4025 3 -1 -17
E 4025 4 -1 -17
E 4025 5 -1 -17
E 4025 6 -1 -17
T 4026 7 0 7 1
E 4026 0 -1 -14
E 4026 1 -1 -14
E 4026 2 -1 -14
E 4026 3 -1 -14
E 4026 4 -1 -14
E 4026 5 -1 -14
E 4026 6 -1 -14
T 4027 3 0 0 0
T 4028 10 0 0 0
T 4029 12 0 0 0
T 4030 5 0 7 1
E 4030 0 -2 -19
E 4030 1 -2 -19
E 4030 2 -2 -19
E 4030 3 -2 -19
E 4030 4 -2 -19
E 4030 5 -2 -19
E 4030 6 -2 -19
T 4031 11 0 0 0
T 4032 4 0 7 1
E 4032 0 -2 -18
E 4032 1 -2 -18
E 4032 2 -2 -18
E 4032 3 -2 -18
E 4032 4 -2 -18
E 4032 5 -2 -18
E 4032 6 -2 -18
T 4033 0 0 0 0
T 4034 5 0 0 0
T 4035 4 0 0 0
T 4036 4 0 0 0
T 4037 4 0 0 0
T 4038 0 0 0 0
T 4039 5 0 0 0
T 4040 1 0 0 0
T 4041 5 0 0 0
T 4042 4 0 0 0
T 4043 1 0 0 0
T 4044 8 0 0 0
T 4045 3 0 0 0
T 4046 11 0 0 0
T 4047 8 0 0 0
T 4048 8 0 0 0
T 4049 7 0 0 0
T 4050 3 0 0 0
T 4051 7 0 0 0
T 4052 12 0 0 0
T 4053 9 0 0 0
T 4054 5 0 0 0
T 4055 9 0 0 0
T 4056 6 0 7 1
E 4056 0 -1 -13
E 4056 1 -1 -13
E 4056 2 -1 -13
E 4056 3 -1 -13
E 4056 4 -1 -13
E 4056 5 -1 -13
E 4056 6 -1 -13
T 4057 7 0 0 0
T 4058 6 0 7 1
E 4058 0 -1 -13
E 4058 1 -1 -13
E 4058 2 -1 -13
E 4058 3 -1 -13
E 4058 4 -1 -13
E 4058 5 -1 -13
E 4058 6 -1 -13
T 4059 4 0 0 0
T 4060 9 0 0 0
T 4061 10 0 7 1
E 4061 0 -1 -17
E 4061 1 -1 -17
E 4061 2 -1 -17
E 4061 3 -1 -17
E 4061 4 -1 -17
E 4061 5 -1 -17
E 4061 6 -1 -17
T 4062 6 0 7 1
E 4062 0 -1 -13
E 4062 1 -1 -13
E 4062 2 -1 -13
E 4062 3 -1 -13
E 4062 4 -1 -13
E 4062 5 -1 -13
E 4062 6 -1 -13
T 4063 7 0 0 0
T 4064 6 0 7 1
E 4064 0 -1 -13
E 4064 1 -1 -13
E 4064 2 -1 -13
E 4064 3 -1 -13
E 4064 4 -1 -13
E 4064 5 -1 -13
E 4064 6 -1 -13
T 4065 12 0 0 0
T 4066 6 0 7 1
E 4066 0 -1 -13
E 4066 1 -1 -13
E 4066 2 -1 -13
E 4066 3 -1 -13
E 4066 4 -1 -13
E 4066 5 -1 -13
E 4066 6 -1 -13
T 4067 9 0 0 0
T 4068 6 0 7 1
E 4068 0 -1 -13
E 4068 1 -1 -13
E 4068 2 -1 -13
E 4068 3 -1 -13
E 4068 4 -1 -13
E 4068 5 -1 -13
E 4068 6 -1 -13
T 4069 6 0 7 1
E 4069 0 -1 -13
E 4069 1 -1 -13
E 4069 2 -1 -13
E 4069 3 -1 -13
E 4069 4 -1 -13
E 4069 5 -1 -13
E 4069 6 -1 -13
T 4070 12 0 0 0
T 4071 12 0 0 0
T 4072 10 0 0 0
T 4073 12 0 0 0
T 4074 9 0 0 0
T 4075 10 0 0 0
T 4076 6 0 0 0
T 4077 12 0 0 0
T 4078 6 0 7 1
E 4078 0 -1 -13
E 4078 1 -1 -13
E 4078 2 -1 -13
E 4078 3 -1 -13
E 4078 4 -1 -13
E 4078 5 -1 -13
E 4078 6 -1 -13
T 4079 7 0 7 1
E 4079 0 -1 -14
E 4079 1 -1 -14
E 4079 2 -1 -14
E 4079 3 -1 -14
E 4079 4 -1 -14
E 4079 5 -1 -14
E 4079 6 -1 -14
T 4080 8 0 7 1
E 4080 0 4 36
E 4080 1 4 36
E 4080 2 4 36
E 4080 3 4 36
E 4080 4 4 36
E 4080 5 4 36
E 4080 6 4 36
T 4081 11 0 0 0
T 4082 11 0 0 0
T 4083 7 0 0 0
T 4084 4 0 0 0
T 4085 5 0 0 0
T 4086 12 0 0 0
T 4087 5 0 7 1
E 4087 0 2 19
E 4087 1 2 19
E 4087 2 2 19
E 4087 3 2 19
E 4087 4 2 19
E 4087 5 2 19
E 4087 6 2 19
T 4088 5 0 0 0
T 4089 6 0 0 0
T 4090 6 0 7 1
E 4090 0 1 13
E 4090 1 1 13
E 4090 2 1 13
E 4090 3 1 13
E 4090 4 1 13
E 4090 5 1 13
E 4090 6 1 13
T 4091 5 0 0 0
T 4092 3 0 0 0
T 4093 0 0 0 0
T 4094 3 0 0 0
T 4095 1 0 0 0
T 4096 2 0 0 0
T 4097 3 0 0 0
T 4098 4 0 0 0
T 4099 12 0 0 0
T 4100 6 0 7 1
E 4100 0 1 13
E 4100 1 1 13
E 4100 2 1 13
E 4100 3 1 13
E 4100 4 1 13
E 4100 5 1 13
E 4100 6 1 13
T 4101 5 0 0 0
T 4102 4 0 0 0
T 4103 11 0 0 0
T 4104 7 0 0 0
T 4105 10 0 0 0
T 4106 10 0 0 0
T 4107 7 0 0 0
T 4108 4 0 0 0
T 4109 6 0 0 0
T 4110 10 0 0 0
T 4111 8 0 7 1
E 4111 0 1 15
E 4111 1 1 15
E 4111 2 1 15
E 4111 3 1 15
E 4111 4 1 15
E 4111 5 1 15
E 4111 6 1 15
T 4112 8 0 0 0
T 4113 8 0 0 0
T 4114 8 0 0 0
T 4115 9 0 7 1
E 4115 0 1 16
E 4115 1 1 16
E 4115 2 1 16
E 4115 3 1 16
E 4115 4 1 16
E 4115 5 1 16
E 4115 6 1 16
T 4116 9 0 7 1
E 4116 0 1 16
E 4116 1 1 16
E 4116 2 1 16
E 4116 3 1 16
E 4116 4 1 16
E 4116 5 1 16
E 4116 6 1 16
T 4117 7 0 7 1
E 4117 0 1 14
E 4117 1 1 14
E 4117 2 1 14
E 4117 3 1 14
E 4117 4 1 14
E 4117 5 1 14
E 4117 6 1 14
T 4118 7 0 7 1
E 4118 0 1 14
E 4118 1 1 14
E 4118 2 1 14
E 4118 3 1 14
E 4118 4 1 14
E 4118 5 1 14
E 4118 6 1 14
T 4119 6 0 7 1
E 4119 0 1 13
E 4119 1 1 13
E 4119 2 1 13
E 4119 3 1 13
E 4119 4 1 13
E 4119 5 1 13
E 4119 6 1 13
T 4120 10 0 0 0
T 4121 11 0 0 0
T 4122 12 0 0 0
T 4123 9 0 7 1
E 4123 0 1 16
E 4123 1 1 16
E 4123 2 1 16
E 4123 3 1 16
E 4123 4 1 16
E 4123 5 1 16
E 4123 6 1 16
T 4124 5 0 0 0
T 4125 5 0 0 0
T 4126 4 0 0 0
T 4127 11 0 0 0
T 4128 8 0 0 0
T 4129 9 0 7 1
E 4129 0 1 16
E 4129 1 1 16
E 4129 2 1 16
E 4129 3 1 16
E 4129 4 1 16
E 4129 5 1 16
E 4129 6 1 16
T 4130 6 0 0 0
T 4131 8 0 0 0
T 4132 7 0 7 1
E 4132 0 1 14
E 4132 1 1 14
E 4132 2 1 14
E 4132 3 1 14
E 4132 4 1 14
E 4132 5 1 14
E 4132 6 1 14
T 4133 10 0 0 0
T 4134 9 0 0 0
T 4135 6 0 0 0
T 4136 7 0 0 0
T 4137 5 0 0 0
T 4138 4 0 0 0
T 4139 10 0 0 0
T 4140 9 0 7 1
E 4140 0 1 16
E 4140 1 1 16
E 4140 2 1 16
E 4140 3 1 16
E 4140 4 1 16
E 4140 5 1 16
E 4140 6 1 16
T 4141 6 0 0 0
T 4142 7 0 0 0
T 4143 5 0 0 0
T 4144 1 0 0 0
T 4145 1 0 0 0
T 4146 5 0 0 0
T 4147 6 0 0 0
T 4148 11 0 0 0
T 4149 7 0 7 1
E 4149 0 -1 -14
E 4149 1 -1 -14
E 4149 2 -1 -14
E 4149 3 -1 -14
E 4149 4 -1 -14
E 4149 5 -1 -14
E 4149 6 -1 -14
T 4150 0 0 0 0
T 4151 1 0 0 0
T 4152 3 0 0 0
T 4153 8 0 0 0
T 4154 7 0 0 0
T 4155 4 0 0 0
T 4156 7 0 0 0
T 4157 2 0 0 0
T 4158 3 0 0 0
T 4159 6 0 0 0
T 4160 3 0 0 0
T 4161 5 0 0 0
T 4162 8 0 0 0
T 4163 7 0 0 0
T 4164 8 0 7 1
E 4164 0 1 15
E 4164 1 1 15
E 4164 2 1 15
E 4164 3 1 15
E 4164 4 1 15
E 4164 5 1 15
E 4164 6 1 15
T 4165 9 0 7 1
E 4165 0 1 16
E 4165 1 1 16
E 4165 2 1 16
E 4165 3 1 16
E 4165 4 1 16
E 4165 5 1 16
E 4165 6 1 16
T 4166 7 0 0 0
T 4167 11 0 0 0
T 4168 9 0 0 0
T 4169 9 0 0 0
T 4170 8 0 7 1
E 4170 0 1 15
E 4170 1 1 15
E 4170 2 1 15
E 4170 3 1 15
E 4170 4 1 15
E 4170 5 1 15
E 4170 6 1 15
T 4171 10 0 0 0
T 4172 7 0 0 0
T 4173 7 0 0 0
T 4174 3 0 0 0
T 4175 1 0 0 0
T 4176 5 0 0 0
T 4177 2 0 0 0
T 4178 4 0 0 0
T 4179 10 0 0 0
T 4180 8 0 7 1
E 4180 0 -1 -15
E 4180 1 -1 -15
E 4180 2 -1 -15
E 4180 3 -1 -15
E 4180 4 -1 -15
E 4180 5 -1 -15
E 4180 6 -1 -15
T 4181 10 0 0 0
T 4182 11 0 0 0
T 4183 8 0 7 1
E 4183 0 -1 -15
E 4183 1 -1 -15
E 4183 2 -1 -15
E 4183 3 -1 -15
E 4183 4 -1 -15
E 4183 5 -1 -15
E 4183 6 -1 -15
T 4184 7 0 7 1
E 4184 0 -1 -14
E 4184 1 -1 -14
E 4184 2 -1 -14
E 4184 3 -1 -14
E 4184 4 -1 -14
E 4184 5 -1 -14
E 4184 6 -1 -14
T 4185 11 0 0 0
T 4186 12 0 0 0
T 4187 10 0 0 0
T 4188 8 0 0 0
T 4189 8 0 0 0
T 4190 11 0 0 0
T 4191 4 0 7 1
E 4191 0 -2 -18
E 4191 1 -2 -18
E 4191 2 -2 -18
E 4191 3 -2 -18
E 4191 4 -2 -18
E 4191 5 -2 -18
E 4191 6 -2 -18
T 4192 1 0 0 0
T 4193 5 0 0 0
T 4194 12 0 0 0
T 4195 11 0 0 0
T 4196 8 0 0 0
T 4197 8 0 7 1
E 4197 0 -1 -15
E 4197 1 -1 -15
E 4197 2 -1 -15
E 4197 3 -1 -15
E 4197 4 -1 -15
E 4197 5 -1 -15
E 4197 6 -1 -15
T 4198 6 0 7 1
E 4198 0 -1 -13
E 4198 1 -1 -13
E 4198 2 -1 -13
E 4198 3 -1 -13
E 4198 4 -1 -13
E 4198 5 -1 -13
E 4198 6 -1 -13
T 4199 12 0 0 0
T 4200 10 0 7 1
E 4200 0 -1 -17
E 4200 1 -1 -17
E 4200 2 -1 -17
E 4200 3 -1 -17
E 4200 4 -1 -17
E 4200 5 -1 -17
E 4200 6 -1 -17
T 4201 11 0 0 0
T 4202 10 0 0 0
T 4203 7 0 7 1
E 4203 0 -1 -14
E 4203 1 -1 -14
E 4203 2 -1 -14
E 4203 3 -1 -14
E 4203 4 -1 -14
E 4203 5 -1 -14
E 4203 6 -1 -14
T 4204 11 0 0 0
T 4205 6 0 7 1
E 4205 0 -1 -13
E 4205 1 -1 -13
E 4205 2 -1 -13
E 4205 3 -1 -13
E 4205 4 -1 -13
E 4205 5 -1 -13
E 4205 6 -1 -13
T 4206 2 0 0 0
T 4207 3 0 0 0
T 4208 4 0 0 0
T 4209 0 0 0 0
T 4210 3 0 0 0
T 4211 2 0 0 0
T 4212 1 0 0 0
T 4213 6 0 0 0
T 4214 5 0 0 0
T 4215 12 0 0 0
T 4216 5 0 7 1
E 4216 0 -2 -19
E 4216 1 -2 -19
E 4216 2 -2 -19
E 4216 3 -2 -19
E 4216 4 -2 -19
E 4216 5 -2 -19
E 4216 6 -2 -19
T 4217 10 0 0 0
T 4218 7 0 0 0
T 4219 9 0 0 0
T 4220 6 0 0 0
T 4221 5 0 0 0
T 4222 6 0 0 0
T 4223 5 0 0 0
T 4224 7 0 0 0
T 4225 7 0 7 1
E 4225 0 -1 -14
E 4225 1 -1 -14
E 4225 2 -1 -14
E 4225 3 -1 -14
E 4225 4 -1 -14
E 4225 5 -1 -14
E 4225 6 -1 -14
T 4226 6 0 0 0
T 4227 8 0 0 0
T 4228 4 0 0 0
T 4229 8 0 0 0
T 4230 12 0 0 0
T 4231 10 0 0 0
T 4232 9 0 7 1
E 4232 0 -1 -16
E 4232 1 -1 -16
E 4232 2 -1 -16
E 4232 3 -1 -16
E 4232 4 -1 -16
E 4232 5 -1 -16
E 4232 6 -1 -16
T 4233 10 0 7 1
E 4233 0 -1 -17
E 4233 1 -1 -17
E 4233 2 -1 -17
E 4233 3 -1 -17
E 4233 4 -1 -17
E 4233 5 -1 -17
E 4233 6 -1 -17
T 4234 6 0 0 0
T 4235 7 0 0 0
T 4236 6 0 0 0
T 4237 5 0 0 0
T 4238 6 0 7 1
E 4238 0 -1 -13
E 4238 1 -1 -13
E 4238 2 -1 -13
E 4238 3 -1 -13
E 4238 4 -1 -13
E 4238 5 -1 -13
E 4238 6 -1 -13
T 4239 8 0 0 0
T 4240 4 0 0 0
T 4241 5 0 0 0
T 4242 3 0 0 0
T 4243 1 0 0 0
T 4244 5 0 0 0
T 4245 0 0 0 0
T 4246 8 0 0 0
T 4247 8 0 7 1
E 4247 0 -1 -15
E 4247 1 -1 -15
E 4247 2 -1 -15
E 4247 3 -1 -15
E 4247 4 -1 -15
E 4247 5 -1 -15
E 4247 6 -1 -15
T 4248 4 0 0 0
T 4249 7 0 0 0
T 4250 7 0 7 1
E 4250 0 -1 -14
E 4250 1 -1 -14
E 4250 2 -1 -14
E 4250 3 -1 -14
E 4250 4 -1 -14
E 4250 5 -1 -14
E 4250 6 -1 -14
T 4251 12 0 0 0
T 4252 4 0 7 1
E 4252 0 -2 -18
E 4252 1 -2 -18
E 4252 2 -2 -18
E 4252 3 -2 -18
E 4252 4 -2 -18
E 4252 5 -2 -18
E 4252 6 -2 -18
T 4253 5 0 0 0
T 4254 6 0 7 1
E 4254 0 -1 -13
E 4254 1 -1 -13
E 4254 2 -1 -13
E 4254 3 -1 -13
E 4254 4 -1 -13
E 4254 5 -1 -13
E 4254 6 -1 -13
T 4255 5 0 0 0
T 4256 9 0 0 0
T 4257 7 0 0 0
T 4258 6 0 7 1
E 4258 0 -1 -13
E 4258 1 -1 -13
E 4258 2 -1 -13
E 4258 3 -1 -13
E 4258 4 -1 -13
E 4258 5 -1 -13
E 4258 6 -1 -13
T 4259 6 0 0 0
T 4260 5 0 0 0
T 4261 9 0 0 0
T 4262 6 0 0 0
T 4263 7 0 7 1
E 4263 0 -1 -14
E 4263 1 -1 -14
E 4263 2 -1 -14
E 4263 3 -1 -14
E 4263 4 -1 -14
E 4263 5 -1 -14
E 4263 6 -1 -14
T 4264 11 0 0 0
T 4265 8 0 7 1
E 4265 0 -1 -15
E 4265 1 -1 -15
E 4265 2 -1 -15
E 4265 3 -1 -15
E 4265 4 -1 -15
E 4265 5 -1 -15
E 4265 6 -1 -15
T 4266 11 0 0 0
T 4267 9 0 0 0
T 4268 11 0 0 0
T 4269 8 0 0 0
T 4270 5 0 0 0
T 4271 3 0 0 0
T 4272 8 0 0 0
T 4273 8 0 7 1
E 4273 0 -1 -15
E 4273 1 -1 -15
E 4273 2 -1 -15
E 4273 3 -1 -15
E 4273 4 -1 -15
E 4273 5 -1 -15
E 4273 6 -1 -15
T 4274 9 0 0 0
T 4275 6 0 7 1
E 4275 0 -1 -13
E 4275 1 -1 -13
E 4275 2 -1 -13
E 4275 3 -1 -13
E 4275 4 -1 -13
E 4275 5 -1 -13
E 4275 6 -1 -13
T 4276 8 0 0 0
T 4277 7 0 7 1
E 4277 0 -1 -14
E 4277 1 -1 -14
E 4277 2 -1 -14
E 4277 3 -1 -14
E 4277 4 -1 -14
E 4277 5 -1 -14
E 4277 6 -1 -14
T 4278 8 0 7 1
E 4278 0 -1 -15
E 4278 1 -1 -15
E 4278 2 -1 -15
E 4278 3 -1 -15
E 4278 4 -1 -15
E 4278 5 -1 -15
E 4278 6 -1 -15
T 4279 6 0 0 0
T 4280 4 0 0 0
T 4281 6 0 0 0
T 4282 10 0 0 0
T 4283 10 0 7 1
E 4283 0 -1 -17
E 4283 1 -1 -17
E 4283 2 -1 -17
E 4283 3 -1 -17
E 4283 4 -1 -17
E 4283 5 -1 -17
E 4283 6 -1 -17
T 4284 10 0 0 0
T 4285 9 0 7 1
E 4285 0 -1 -16
E 4285 1 -1 -16
E 4285 2 -1 -16
E 4285 3 -1 -16
E 4285 4 -1 -16
E 4285 5 -1 -16
E 4285 6 -1 -16
T 4286 9 0 7 1
E 4286 0 -1 -16
E 4286 1 -1 -16
E 4286 2 -1 -16
E 4286 3 -1 -16
E 4286 4 -1 -16
E 4286 5 -1 -16
E 4286 6 -1 -16
T 4287 9 0 7 1
E 4287 0 -1 -16
E 4287 1 -1 -16
E 4287 2 -1 -16
E 4287 3 -1 -16
E 4287 4 -1 -16
E 4287 5 -1 -16
E 4287 6 -1 -16
T 4288 12 0 0 0
T 4289 6 0 7 1
E 4289 0 -2 -20
E 4289 1 -2 -20
E 4289 2 -2 -20
E 4289 3 -2 -20
E 4289 4 -2 -20
E 4289 5 -2 -20
E 4289 6 -2 -20
T 4290 8 0 0 0
T 4291 5 0 0 0
T 4292 10 0 0 0
T 4293 7 0 7 1
E 4293 0 -1 -14
E 4293 1 -1 -14
E 4293 2 -1 -14
E 4293 3 -1 -14
E 4293 4 -1 -14
E 4293 5 -1 -14
E 4293 6 -1 -14
T 4294 5 0 0 0
T 4295 9 0 0 0
T 4296 8 0 0 0
T 4297 3 0 0 0
T 4298 2 0 0 0
T 4299 6 0 0 0
T 4300 5 0 0 0
T 4301 6 0 0 0
T 4302 5 0 0 0
T 4303 4 0 0 0
T 4304 5 0 0 0
T 4305 2 0 0 0
T 4306 0 0 0 0
T 4307 2 0 0 0
T 4308 3 0 0 0
T 4309 2 0 0 0
T 4310 6 0 0 0
T 4311 7 0 7 1
E 4311 0 -1 -14
E 4311 1 -1 -14
E 4311 2 -1 -14
E 4311 3 -1 -14
E 4311 4 -1 -14
E 4311 5 -1 -14
E 4311 6 -1 -14
T 4312 6 0 0 0
T 4313 12 0 0 0
T 4314 11 0 0 0
T 4315 4 0 7 1
E 4315 0 -2 -18
E 4315 1 -2 -18
E 4315 2 -2 -18
E 4315 3 -2 -18
E 4315 4 -2 -18
E 4315 5 -2 -18
E 4315 6 -2 -18
T 4316 11 0 0 0
T 4317 8 0 7 1
E 4317 0 -1 -15
E 4317 1 -1 -15
E 4317 2 -1 -15
E 4317 3 -1 -15
E 4317 4 -1 -15
E 4317 5 -1 -15
E 4317 6 -1 -15
T 4318 9 0 7 1
E 4318 0 -1 -16
E 4318 1 -1 -16
E 4318 2 -1 -16
E 4318 3 -1 -16
E 4318 4 -1 -16
E 4318 5 -1 -16
E 4318 6 -1 -16
T 4319 7 0 0 0
T 4320 16 0 7 1
E 4320 0 4 44
E 4320 1 4 44
E 4320 2 4 44
E 4320 3 4 44
E 4320 4 4 44
E 4320 5 4 44
E 4320 6 4 44
T 4321 11 0 0 0
T 4322 9 0 0 0
T 4323 6 0 7 1
E 4323 0 1 13
E 4323 1 1 13
E 4323 2 1 13
E 4323 3 1 13
E 4323 4 1 13
E 4323 5 1 13
E 4323 6 1 13
T 4324 3 0 0 0
T 4325 1 0 0 0
T 4326 6 0 0 0
T 4327 7 0 0 0
T 4328 9 0 0 0
T 4329 6 0 0 0
T 4330 8 0 0 0
T 4331 4 0 0 0
T 4332 0 0 0 0
T 4333 4 0 0 0
T 4334 1 0 0 0
T 4335 2 0 0 0
T 4336 2 0 0 0
T 4337 4 0 0 0
T 4338 5 0 0 0
T 4339 1 0 0 0
T 4340 3 0 0 0
T 4341 1 0 0 0
T 4342 1 0 0 0
T 4343 6 0 0 0
T 4344 10 0 0 0
T 4345 9 0 0 0
T 4346 6 0 7 1
E 4346 0 -1 -13
E 4346 1 -1 -13
E 4346 2 -1 -13
E 4346 3 -1 -13
E 4346 4 -1 -13
E 4346 5 -1 -13
E 4346 6 -1 -13
T 4347 4 0 0 0
T 4348 8 0 0 0
T 4349 6 0 0 0
T 4350 1 0 0 0
T 4351 3 0 0 0
T 4352 1 0 0 0
T 4353 3 0 0 0
T 4354 2 0 0 0
T 4355 2 0 0 0
T 4356 1 0 0 0
T 4357 6 0 0 0
T 4358 12 0 0 0
T 4359 8 0 0 0
T 4360 6 0 0 0
T 4361 3 0 0 0
T 4362 11 0 0 0
T 4363 8 0 0 0
T 4364 8 0 7 1
E 4364 0 1 15
E 4364 1 1 15
E 4364 2 1 15
E 4364 3 1 15
E 4364 4 1 15
E 4364 5 1 15
E 4364 6 1 15
T 4365 12 0 0 0
T 4366 7 0 7 1
E 4366 0 1 14
E 4366 1 1 14
E 4366 2 1 14
E 4366 3 1 14
E 4366 4 1 14
E 4366 5 1 14
E 4366 6 1 14
T 4367 6 0 7 1
E 4367 0 1 13
E 4367 1 1 13
E 4367 2 1 13
E 4367 3 1 13
E 4367 4 1 13
E 4367 5 1 13
E 4367 6 1 13
T 4368 10 0 0 0
T 4369 7 0 0 0
T 4370 12 0 0 0
T 4371 9 0 0 0
T 4372 9 0 0 0
T 4373 8 0 7 1
E 4373 0 1 15
E 4373 1 1 15
E 4373 2 1 15
E 4373 3 1 15
E 4373 4 1 15
E 4373 5 1 15
E 4373 6 1 15
T 4374 12 0 0 0
T 4375 9 0 0 0
T 4376 8 0 7 1
E 4376 0 1 15
E 4376 1 1 15
E 4376 2 1 15
E 4376 3 1 15
E 4376 4 1 15
E 4376 5 1 15
E 4376 6 1 15
T 4377 6 0 0 0
T 4378 1 0 0 0
T 4379 3 0 0 0
T 4380 1 0 0 0
T 4381 2 0 0 0
T 4382 9 0 0 0
T 4383 5 0 0 0
T 4384 10 0 0 0
T 4385 6 0 0 0
T 4386 12 0 0 0
T 4387 6 0 7 1
E 4387 0 2 20
E 4387 1 2 20
E 4387 2 2 20
E 4387 3 2 20
E 4387 4 2 20
E 4387 5 2 20
E 4387 6 2 20
T 4388 9 0 0 0
T 4389 10 0 7 1
E 4389 0 1 17
E 4389 1 1 17
E 4389 2 1 17
E 4389 3 1 17
E 4389 4 1 17
E 4389 5 1 17
E 4389 6 1 17
T 4390 4 0 7 1
E 4390 0 2 18
E 4390 1 2 18
E 4390 2 2 18
E 4390 3 2 18
E 4390 4 2 18
E 4390 5 2 18
E 4390 6 2 18
T 4391 7 0 0 0
T 4392 7 0 7 1
E 4392 0 1 14
E 4392 1 1 14
E 4392 2 1 14
E 4392 3 1 14
E 4392 4 1 14
E 4392 5 1 14
E 4392 6 1 14
T 4393 6 0 7 1
E 4393 0 1 13
E 4393 1 1 13
E 4393 2 1 13
E 4393 3 1 13
E 4393 4 1 13
E 4393 5 1 13
E 4393 6 1 13
T 4394 7 0 7 1
E 4394 0 1 14
E 4394 1 1 14
E 4394 2 1 14
E 4394 3 1 14
E 4394 4 1 14
E 4394 5 1 14
E 4394 6 1 14
T 4395 4 0 0 0
T 4396 1 0 0 0
T 4397 3 0 0 0
T 4398 2 0 0 0
T 4399 4 0 0 0
T 4400 8 0 0 0
T 4401 11 0 0 0
T 4402 8 0 0 0
T 4403 12 0 0 0
T 4404 11 0 0 0
T 4405 10 0 7 1
E 4405 0 1 17
E 4405 1 1 17
E 4405 2 1 17
E 4405 3 1 17
E 4405 4 1 17
E 4405 5 1 17
E 4405 6 1 17
T 4406 7 0 0 0
T 4407 3 0 0 0
T 4408 6 0 0 0
T 4409 9 0 0 0
T 4410 10 0 0 0
T 4411 8 0 7 1
E 4411 0 1 15
E 4411 1 1 15
E 4411 2 1 15
E 4411 3 1 15
E 4411 4 1 15
E 4411 5 1 15
E 4411 6 1 15
T 4412 7 0 7 1
E 4412 0 1 14
E 4412 1 1 14
E 4412 2 1 14
E 4412 3 1 14
E 4412 4 1 14
E 4412 5 1 14
E 4412 6 1 14
T 4413 3 0 0 0
T 4414 9 0 0 0
T 4415 9 0 0 0
T 4416 6 0 7 1
E 4416 0 1 13
E 4416 1 1 13
E 4416 2 1 13
E 4416 3 1 13
E 4416 4 1 13
E 4416 5 1 13
E 4416 6 1 13
T 4417 10 0 0 0
T 4418 4 0 0 0
T 4419 3 0 0 0
T 4420 3 0 0 0
T 4421 3 0 0 0
T 4422 10 0 0 0
T 4423 9 0 7 1
E 4423 0 -1 -16
E 4423 1 -1 -16
E 4423 2 -1 -16
E 4423 3 -1 -16
E 4423 4 -1 -16
E 4423 5 -1 -16
E 4423 6 -1 -16
T 4424 6 0 0 0
T 4425 11 0 0 0
T 4426 12 0 0 0
T 4427 6 0 7 1
E 4427 0 -1 -13
E 4427 1 -1 -13
E 4427 2 -1 -13
E 4427 3 -1 -13
E 4427 4 -1 -13
E 4427 5 -1 -13
E 4427 6 -1 -13
T 4428 6 0 7 1
E 4428 0 -1 -13
E 4428 1 -1 -13
E 4428 2 -1 -13
E 4428 3 -1 -13
E 4428 4 -1 -13
E 4428 5 -1 -13
E 4428 6 -1 -13
T 4429 4 0 0 0
T 4430 8 0 0 0
T 4431 8 0 7 1
E 4431 0 -1 -15
E 4431 1 -1 -15
E 4431 2 -1 -15
E 4431 3 -1 -15
E 4431 4 -1 -15
E 4431 5 -1 -15
E 4431 6 -1 -15
T 4432 3 0 0 0
T 4433 6 0 0 0
T 4434 12 0 0 0
T 4435 11 0 0 0
T 4436 8 0 7 1
E 4436 0 -1 -15
E 4436 1 -1 -15
E 4436 2 -1 -15
E 4436 3 -1 -15
E 4436 4 -1 -15
E 4436 5 -1 -15
E 4436 6 -1 -15
T 4437 5 0 0 0
T 4438 3 0 0 0
T 4439 1 0 0 0
T 4440 6 0 0 0
T 4441 0 0 0 0
T 4442 1 0 0 0
T 4443 4 0 0 0
T 4444 1 0 0 0
T 4445 5 0 0 0
T 4446 6 0 0 0
T 4447 7 0 0 0
T 4448 0 0 0 0
T 4449 5 0 0 0
T 4450 2 0 0 0
T 4451 1 0 0 0
T 4452 2 0 0 0
T 4453 6 0 0 0
T 4454 12 0 0 0
T 4455 12 0 0 0
T 4456 10 0 0 0
T 4457 6 0 7 1
E 4457 0 -1 -13
E 4457 1 -1 -13
E 4457 2 -1 -13
E 4457 3 -1 -13
E 4457 4 -1 -13
E 4457 5 -1 -13
E 4457 6 -1 -13
T 4458 7 0 0 0
T 4459 8 0 0 0
T 4460 4 0 0 0
T 4461 1 0 0 0
T 4462 4 0 0 0
T 4463 5 0 0 0
T 4464 9 0 0 0
T 4465 12 0 0 0
T 4466 7 0 7 1
E 4466 0 1 14
E 4466 1 1 14
E 4466 2 1 14
E 4466 3 1 14
E 4466 4 1 14
E 4466 5 1 14
E 4466 6 1 14
T 4467 5 0 0 0
T 4468 4 0 0 0
T 4469 7 0 0 0
T 4470 0 0 0 0
T 4471 3 0 0 0
T 4472 8 0 0 0
T 4473 3 0 0 0
T 4474 5 0 0 0
T 4475 12 0 0 0
T 4476 10 0 7 1
E 4476 0 -1 -17
E 4476 1 -1 -17
E 4476 2 -1 -17
E 4476 3 -1 -17
E 4476 4 -1 -17
E 4476 5 -1 -17
E 4476 6 -1 -17
T 4477 6 0 7 1
E 4477 0 -1 -13
E 4477 1 -1 -13
E 4477 2 -1 -13
E 4477 3 -1 -13
E 4477 4 -1 -13
E 4477 5 -1 -13
E 4477 6 -1 -13
T 4478 6 0 7 1
E 4478 0 -1 -13
E 4478 1 -1 -13
E 4478 2 -1 -13
E 4478 3 -1 -13
E 4478 4 -1 -13
E 4478 5 -1 -13
E 4478 6 -1 -13
T 4479 7 0 7 1
E 4479 0 -1 -14
E 4479 1 -1 -14
E 4479 2 -1 -14
E 4479 3 -1 -14
E 4479 4 -1 -14
E 4479 5 -1 -14
E 4479 6 -1 -14
T 4480 6 0 7 1
E 4480 0 -1 -13
E 4480 1 -1 -13
E 4480 2 -1 -13
E 4480 3 -1 -13
E 4480 4 -1 -13
E 4480 5 -1 -13
E 4480 6 -1 -13
T 4481 7 0 7 1
E 4481 0 -1 -14
E 4481 1 -1 -14
E 4481 2 -1 -14
E 4481 3 -1 -14
E 4481 4 -1 -14
E 4481 5 -1 -14
E 4481 6 -1 -14
T 4482 8 0 0 0
T 4483 4 0 0 0
T 4484 10 0 0 0
T 4485 7 0 0 0
T 4486 8 0 0 0
T 4487 9 0 0 0
T 4488 5 0 0 0
T 4489 11 0 0 0
T 4490 7 0 7 1
E 4490 0 -1 -14
E 4490 1 -1 -14
E 4490 2 -1 -14
E 4490 3 -1 -14
E 4490 4 -1 -14
E 4490 5 -1 -14
E 4490 6 -1 -14
T 4491 9 0 0 0
T 4492 4 0 0 0
T 4493 11 0 0 0
T 4494 7 0 0 0
T 4495 10 0 0 0
T 4496 10 0 0 0
T 4497 7 0 7 1
E 4497 0 -1 -14
E 4497 1 -1 -14
E 4497 2 -1 -14
E 4497 3 -1 -14
E 4497 4 -1 -14
E 4497 5 -1 -14
E 4497 6 -1 -14
T 4498 11 0 0 0
T 4499 10 0 7 1
E 4499 0 -1 -17
E 4499 1 -1 -17
E 4499 2 -1 -17
E 4499 3 -1 -17
E 4499 4 -1 -17
E 4499 5 -1 -17
E 4499 6 -1 -17
T 4500 11 0 0 0
T 4501 8 0 7 1
E 4501 0 -1 -15
E 4501 1 -1 -15
E 4501 2 -1 -15
E 4501 3 -1 -15
E 4501 4 -1 -15
E 4501 5 -1 -15
E 4501 6 -1 -15
T 4502 7 0 7 1
E 4502 0 -1 -14
E 4502 1 -1 -14
E 4502 2 -1 -14
E 4502 3 -1 -14
E 4502 4 -1 -14
E 4502 5 -1 -14
E 4502 6 -1 -14
T 4503 8 0 7 1
E 4503 0 -1 -15
E 4503 1 -1 -15
E 4503 2 -1 -15
E 4503 3 -1 -15
E 4503 4 -1 -15
E 4503 5 -1 -15
E 4503 6 -1 -15
T 4504 6 0 7 1
E 4504 0 -1 -13
E 4504 1 -1 -13
E 4504 2 -1 -13
E 4504 3 -1 -13
E 4504 4 -1 -13
E 4504 5 -1 -13
E 4504 6 -1 -13
T 4505 10 0 0 0
T 4506 7 0 7 1
E 4506 0 -1 -14
E 4506 1 -1 -14
E 4506 2 -1 -14
E 4506 3 -1 -14
E 4506 4 -1 -14
E 4506 5 -1 -14
E 4506 6 -1 -14
T 4507 5 0 0 0
T 4508 6 0 0 0
T 4509 9 0 0 0
T 4510 9 0 0 0
T 4511 10 0 7 1
E 4511 0 -1 -17
E 4511 1 -1 -17
E 4511 2 -1 -17
E 4511 3 -1 -17
E 4511 4 -1 -17
E 4511 5 -1 -17
E 4511 6 -1 -17
T 4512 7 0 7 1
E 4512 0 -1 -14
E 4512 1 -1 -14
E 4512 2 -1 -14
E 4512 3 -1 -14
E 4512 4 -1 -14
E 4512 5 -1 -14
E 4512 6 -1 -14
T 4513 5 0 0 0
T 4514 9 0 0 0
T 4515 9 0 7 1
E 4515 0 -1 -16
E 4515 1 -1 -16
E 4515 2 -1 -16
E 4515 3 -1 -16
E 4515 4 -1 -16
E 4515 5 -1 -16
E 4515 6 -1 -16
T 4516 11 0 0 0
T 4517 12 0 0 0
T 4518 9 0 7 1
E 4518 0 -1 -16
E 4518 1 -1 -16
E 4518 2 -1 -16
E 4518 3 -1 -16
E 4518 4 -1 -16
E 4518 5 -1 -16
E 4518 6 -1 -16
T 4519 5 0 0 0
T 4520 0 0 0 0
T 4521 4 0 0 0
T 4522 11 0 0 0
T 4523 4 0 7 1
E 4523 0 -2 -18
E 4523 1 -2 -18
E 4523 2 -2 -18
E 4523 3 -2 -18
E 4523 4 -2 -18
E 4523 5 -2 -18
E 4523 6 -2 -18
T 4524 3 0 0 0
T 4525 5 0 0 0
T 4526 1 0 0 0
T 4527 3 0 0 0
T 4528 5 0 0 0
T 4529 6 0 7 1
E 4529 0 -1 -13
E 4529 1 -1 -13
E 4529 2 -1 -13
E 4529 3 -1 -13
E 4529 4 -1 -13
E 4529 5 -1 -13
E 4529 6 -1 -13
T 4530 4 0 0 0
T 4531 8 0 0 0
T 4532 10 0 0 0
T 4533 9 0 0 0
T 4534 5 0 0 0
T 4535 12 0 0 0
T 4536 12 0 0 0
T 4537 9 0 7 1
E 4537 0 -1 -16
E 4537 1 -1 -16
E 4537 2 -1 -16
E 4537 3 -1 -16
E 4537 4 -1 -16
E 4537 5 -1 -16
E 4537 6 -1 -16
T 4538 11 0 0 0
T 4539 9 0 7 1
E 4539 0 -1 -16
E 4539 1 -1 -16
E 4539 2 -1 -16
E 4539 3 -1 -16
E 4539 4 -1 -16
E 4539 5 -1 -16
E 4539 6 -1 -16
T 4540 4 0 0 0
T 4541 6 0 0 0
T 4542 12 0 0 0
T 4543 8 0 7 1
E 4543 0 -1 -15
E 4543 1 -1 -15
E 4543 2 -1 -15
E 4543 3 -1 -15
E 4543 4 -1 -15
E 4543 5 -1 -15
E 4543 6 -1 -15
T 4544 8 0 0 0
T 4545 8 0 7 1
E 4545 0 -1 -15
E 4545 1 -1 -15
E 4545 2 -1 -15
E 4545 3 -1 -15
E 4545 4 -1 -15
E 4545 5 -1 -15
E 4545 6 -1 -15
T 4546 12 0 0 0
T 4547 12 0 0 0
T 4548 7 0 7 1
E 4548 0 -1 -14
E 4548 1 -1 -14
E 4548 2 -1 -14
E 4548 3 -1 -14
E 4548 4 -1 -14
E 4548 5 -1 -14
E 4548 6 -1 -14
T 4549 3 0 0 0
T 4550 1 0 0 0
T 4551 9 0 0 0
T 4552 8 0 0 0
T 4553 12 0 0 0
T 4554 6 0 7 1
E 4554 0 -2 -20
E 4554 1 -2 -20
E 4554 2 -2 -20
E 4554 3 -2 -20
E 4554 4 -2 -20
E 4554 5 -2 -20
E 4554 6 -2 -20
T 4555 7 0 0 0
T 4556 8 0 0 0
T 4557 7 0 0 0
T 4558 12 0 0 0
T 4559 6 0 7 1
E 4559 0 -2 -20
E 4559 1 -2 -20
E 4559 2 -2 -20
E 4559 3 -2 -20
E 4559 4 -2 -20
E 4559 5 -2 -20
E 4559 6 -2 -20
T 4560 12 0 7 1
E 4560 0 5 47
E 4560 1 5 47
E 4560 2 5 47
E 4560 3 5 47
E 4560 4 5 47
E 4560 5 5 47
E 4560 6 5 47
T 4561 4 0 7 1
E 4561 0 2 18
E 4561 1 2 18
E 4561 2 2 18
E 4561 3 2 18
E 4561 4 2 18
E 4561 5 2 18
E 4561 6 2 18
T 4562 11 0 0 0
T 4563 8 0 0 0
T 4564 9 0 7 1
E 4564 0 1 16
E 4564 1 1 16
E 4564 2 1 16
E 4564 3 1 16
E 4564 4 1 16
E 4564 5 1 16
E 4564 6 1 16
T 4565 9 0 7 1
E 4565 0 1 16
E 4565 1 1 16
E 4565 2 1 16
E 4565 3 1 16
E 4565 4 1 16
E 4565 5 1 16
E 4565 6 1 16
T 4566 10 0 0 0
T 4567 10 0 0 0
T 4568 12 0 0 0
T 4569 10 0 0 0
T 4570 12 0 0 0
T 4571 6 0 7 1
E 4571 0 1 13
E 4571 1 1 13
E 4571 2 1 13
E 4571 3 1 13
E 4571 4 1 13
E 4571 5 1 13
E 4571 6 1 13
T 4572 3 0 0 0
T 4573 2 0 0 0
T 4574 3 0 0 0
T 4575 7 0 0 0
T 4576 6 0 7 1
E 4576 0 1 13
E 4576 1 1 13
E 4576 2 1 13
E 4576 3 1 13
E 4576 4 1 13
E 4576 5 1 13
E 4576 6 1 13
T 4577 7 0 7 1
E 4577 0 1 14
E 4577 1 1 14
E 4577 2 1 14
E 4577 3 1 14
E 4577 4 1 14
E 4577 5 1 14
E 4577 6 1 14
T 4578 9 0 0 0
T 4579 6 0 0 0
T 4580 4 0 0 0
T 4581 11 0 0 0
T 4582 7 0 0 0
T 4583 3 0 0 0
T 4584 3 0 0 0
T 4585 7 0 0 0
T 4586 7 0 0 0
T 4587 7 0 7 1
E 4587 0 1 14
E 4587 1 1 14
E 4587 2 1 14
E 4587 3 1 14
E 4587 4 1 14
E 4587 5 1 14
E 4587 6 1 14
T 4588 7 0 7 1
E 4588 0 1 14
E 4588 1 1 14
E 4588 2 1 14
E 4588 3 1 14
E 4588 4 1 14
E 4588 5 1 14
E 4588 6 1 14
T 4589 10 0 0 0
T 4590 8 0 0 0
T 4591 6 0 0 0
T 4592 7 0 0 0
T 4593 12 0 0 0
T 4594 7 0 7 1
E 4594 0 1 14
E 4594 1 1 14
E 4594 2 1 14
E 4594 3 1 14
E 4594 4 1 14
E 4594 5 1 14
E 4594 6 1 14
T 4595 12 0 0 0
T 4596 11 0 0 0
T 4597 9 0 0 0
T 4598 7 0 7 1
E 4598 0 1 14
E 4598 1 1 14
E 4598 2 1 14
E 4598 3 1 14
E 4598 4 1 14
E 4598 5 1 14
E 4598 6 1 14
T 4599 10 0 0 0
T 4600 9 0 7 1
E 4600 0 1 16
E 4600 1 1 16
E 4600 2 1 16
E 4600 3 1 16
E 4600 4 1 16
E 4600 5 1 16
E 4600 6 1 16
T 4601 8 0 7 1
E 4601 0 1 15
E 4601 1 1 15
E 4601 2 1 15
E 4601 3 1 15
E 4601 4 1 15
E 4601 5 1 15
E 4601 6 1 15
T 4602 12 0 0 0
T 4603 6 0 7 1
E 4603 0 1 13
E 4603 1 1 13
E 4603 2 1 13
E 4603 3 1 13
E 4603 4 1 13
E 4603 5 1 13
E 4603 6 1 13
T 4604 7 0 0 0
T 4605 6 0 7 1
E 4605 0 1 13
E 4605 1 1 13
E 4605 2 1 13
E 4605 3 1 13
E 4605 4 1 13
E 4605 5 1 13
E 4605 6 1 13
T 4606 10 0 0 0
T 4607 7 0 7 1
E 4607 0 1 14
E 4607 1 1 14
E 4607 2 1 14
E 4607 3 1 14
E 4607 4 1 14
E 4607 5 1 14
E 4607 6 1 14
T 4608 5 0 0 0
T 4609 10 0 0 0
T 4610 10 0 7 1
E 4610 0 1 17
E 4610 1 1 17
E 4610 2 1 17
E 4610 3 1 17
E 4610 4 1 17
E 4610 5 1 17
E 4610 6 1 17
T 4611 10 0 7 1
E 4611 0 1 17
E 4611 1 1 17
E 4611 2 1 17
E 4611 3 1 17
E 4611 4 1 17
E 4611 5 1 17
E 4611 6 1 17
T 4612 10 0 0 0
T 4613 6 0 7 1
E 4613 0 1 13
E 4613 1 1 13
E 4613 2 1 13
E 4613 3 1 13
E 4613 4 1 13
E 4613 5 1 13
E 4613 6 1 13
T 4614 12 0 0 0
T 4615 8 0 0 0
T 4616 4 0 0 0
T 4617 0 0 0 0
T 4618 5 0 0 0
T 4619 0 0 0 0
T 4620 1 0 0 0
T 4621 6 0 0 0
T 4622 9 0 0 0
T 4623 6 0 0 0
T 4624 7 0 0 0
T 4625 4 0 0 0
T 4626 4 0 0 0
T 4627 4 0 0 0
T 4628 1 0 0 0
T 4629 6 0 0 0
T 4630 4 0 0 0
T 4631 7 0 0 0
T 4632 4 0 0 0
T 4633 7 0 0 0
T 4634 7 0 7 1
E 4634 0 1 14
E 4634 1 1 14
E 4634 2 1 14
E 4634 3 1 14
E 4634 4 1 14
E 4634 5 1 14
E 4634 6 1 14
T 4635 8 0 0 0
T 4636 12 0 0 0
T 4637 11 0 0 0
T 4638 7 0 7 1
E 4638 0 1 14
E 4638 1 1 14
E 4638 2 1 14
E 4638 3 1 14
E 4638 4 1 14
E 4638 5 1 14
E 4638 6 1 14
T 4639 11 0 0 0
T 4640 7 0 7 1
E 4640 0 1 14
E 4640 1 1 14
E 4640 2 1 14
E 4640 3 1 14
E 4640 4 1 14
E 4640 5 1 14
E 4640 6 1 14
T 4641 7 0 0 0
T 4642 8 0 0 0
T 4643 4 0 0 0
T 4644 3 0 0 0
T 4645 3 0 0 0
T 4646 1 0 0 0
T 4647 9 0 0 0
T 4648 11 0 0 0
T 4649 10 0 7 1
E 4649 0 1 17
E 4649 1 1 17
E 4649 2 1 17
E 4649 3 1 17
E 4649 4 1 17
E 4649 5 1 17
E 4649 6 1 17
T 4650 8 0 7 1
E 4650 0 1 15
E 4650 1 1 15
E 4650 2 1 15
E 4650 3 1 15
E 4650 4 1 15
E 4650 5 1 15
E 4650 6 1 15
T 4651 7 0 0 0
T 4652 12 0 0 0
T 4653 6 0 7 1
E 4653 0 1 13
E 4653 1 1 13
E 4653 2 1 13
E 4653 3 1 13
E 4653 4 1 13
E 4653 5 1 13
E 4653 6 1 13
T 4654 10 0 0 0
T 4655 8 0 0 0
T 4656 7 0 0 0
T 4657 6 0 0 0
T 4658 2 0 0 0
T 4659 1 0 0 0
T 4660 2 0 0 0
T 4661 0 0 0 0
T 4662 3 0 0 0
T 4663 4 0 0 0
T 4664 0 0 0 0
T 4665 4 0 0 0
T 4666 6 0 0 0
T 4667 9 0 0 0
T 4668 5 0 0 0
T 4669 7 0 0 0
T 4670 7 0 0 0
T 4671 4 0 0 0
T 4672 2 0 0 0
T 4673 0 0 0 0
T 4674 4 0 0 0
T 4675 1 0 0 0
T 4676 6 0 0 0
T 4677 4 0 0 0
T 4678 9 0 0 0
T 4679 7 0 7 1
E 4679 0 -1 -14
E 4679 1 -1 -14
E 4679 2 -1 -14
E 4679 3 -1 -14
E 4679 4 -1 -14
E 4679 5 -1 -14
E 4679 6 -1 -14
T 4680 6 0 0 0
T 4681 6 0 0 0
T 4682 6 0 0 0
T 4683 5 0 0 0
T 4684 7 0 0 0
T 4685 6 0 7 1
E 4685 0 -1 -13
E 4685 1 -1 -13
E 4685 2 -1 -13
E 4685 3 -1 -13
E 4685 4 -1 -13
E 4685 5 -1 -13
E 4685 6 -1 -13
T 4686 9 0 0 0
T 4687 4 0 0 0
T 4688 9 0 0 0
T 4689 6 0 0 0
T 4690 10 0 0 0
T 4691 10 0 0 0
T 4692 10 0 0 0
T 4693 5 0 0 0
T 4694 12 0 0 0
T 4695 12 0 0 0
T 4696 8 0 7 1
E 4696 0 -1 -15
E 4696 1 -1 -15
E 4696 2 -1 -15
E 4696 3 -1 -15
E 4696 4 -1 -15
E 4696 5 -1 -15
E 4696 6 -1 -15
T 4697 4 0 0 0
T 4698 9 0 0 0
T 4699 9 0 0 0
T 4700 7 0 7 1
E 4700 0 -1 -14
E 4700 1 -1 -14
E 4700 2 -1 -14
E 4700 3 -1 -14
E 4700 4 -1 -14
E 4700 5 -1 -14
E 4700 6 -1 -14
T 4701 12 0 0 0
T 4702 4 0 7 1
E 4702 0 -2 -18
E 4702 1 -2 -18
E 4702 2 -2 -18
E 4702 3 -2 -18
E 4702 4 -2 -18
E 4702 5 -2 -18
E 4702 6 -2 -18
T 4703 6 0 0 0
T 4704 3 0 0 0
T 4705 5 0 0 0
T 4706 3 0 0 0
T 4707 6 0 0 0
T 4708 9 0 0 0
T 4709 7 0 0 0
T 4710 3 0 0 0
T 4711 7 0 0 0
T 4712 11 0 0 0
T 4713 8 0 0 0
T 4714 8 0 0 0
T 4715 10 0 0 0
T 4716 8 0 7 1
E 4716 0 -1 -15
E 4716 1 -1 -15
E 4716 2 -1 -15
E 4716 3 -1 -15
E 4716 4 -1 -15
E 4716 5 -1 -15
E 4716 6 -1 -15
T 4717 11 0 0 0
T 4718 4 0 7 1
E 4718 0 -2 -18
E 4718 1 -2 -18
E 4718 2 -2 -18
E 4718 3 -2 -18
E 4718 4 -2 -18
E 4718 5 -2 -18
E 4718 6 -2 -18
T 4719 6 0 0 0
T 4720 9 0 0 0
T 4721 12 0 0 0
T 4722 4 0 7 1
E 4722 0 -2 -18
E 4722 1 -2 -18
E 4722 2 -2 -18
E 4722 3 -2 -18
E 4722 4 -2 -18
E 4722 5 -2 -18
E 4722 6 -2 -18
T 4723 9 0 0 0
T 4724 12 0 0 0
T 4725 10 0 7 1
E 4725 0 -1 -17
E 4725 1 -1 -17
E 4725 2 -1 -17
E 4725 3 -1 -17
E 4725 4 -1 -17
E 4725 5 -1 -17
E 4725 6 -1 -17
T 4726 6 0 0 0
T 4727 3 0 0 0
T 4728 10 0 0 0
T 4729 6 0 7 1
E 4729 0 -1 -13
E 4729 1 -1 -13
E 4729 2 -1 -13
E 4729 3 -1 -13
E 4729 4 -1 -13
E 4729 5 -1 -13
E 4729 6 -1 -13
T 4730 2 0 0 0
T 4731 8 0 0 0
T 4732 8 0 7 1
E 4732 0 -1 -15
E 4732 1 -1 -15
E 4732 2 -1 -15
E 4732 3 -1 -15
E 4732 4 -1 -15
E 4732 5 -1 -15
E 4732 6 -1 -15
T 4733 8 0 0 0
T 4734 11 0 0 0
T 4735 7 0 7 1
E 4735 0 -1 -14
E 4735 1 -1 -14
E 4735 2 -1 -14
E 4735 3 -1 -14
E 4735 4 -1 -14
E 4735 5 -1 -14
E 4735 6 -1 -14
T 4736 12 0 0 0
T 4737 10 0 0 0
T 4738 4 0 7 1
E 4738 0 -2 -18
E 4738 1 -2 -18
E 4738 2 -2 -18
E 4738 3 -2 -18
E 4738 4 -2 -18
E 4738 5 -2 -18
E 4738 6 -2 -18
T 4739 3 0 0 0
T 4740 1 0 0 0
T 4741 4 0 0 0
T 4742 9 0 0 0
T 4743 9 0 0 0
T 4744 11 0 0 0
T 4745 4 0 7 1
E 4745 0 -2 -18
E 4745 1 -2 -18
E 4745 2 -2 -18
E 4745 3 -2 -18
E 4745 4 -2 -18
E 4745 5 -2 -18
E 4745 6 -2 -18
T 4746 0 0 0 0
T 4747 1 0 0 0
T 4748 6 0 0 0
T 4749 12 0 0 0
T 4750 7 0 0 0
T 4751 12 0 0 0
T 4752 11 0 0 0
T 4753 8 0 0 0
T 4754 8 0 7 1
E 4754 0 -1 -15
E 4754 1 -1 -15
E 4754 2 -1 -15
E 4754 3 -1 -15
E 4754 4 -1 -15
E 4754 5 -1 -15
E 4754 6 -1 -15
T 4755 4 0 0 0
T 4756 4 0 0 0
T 4757 0 0 0 0
T 4758 4 0 0 0
T 4759 2 0 0 0
T 4760 1 0 0 0
T 4761 1 0 0 0
T 4762 3 0 0 0
T 4763 6 0 0 0
T 4764 8 0 0 0
T 4765 9 0 0 0
T 4766 9 0 0 0
T 4767 9 0 0 0
T 4768 6 0 0 0
T 4769 10 0 0 0
T 4770 6 0 0 0
T 4771 9 0 0 0
T 4772 6 0 0 0
T 4773 0 0 0 0
T 4774 0 0 0 0
T 4775 3 0 0 0
T 4776 8 0 0 0
T 4777 10 0 0 0
T 4778 10 0 7 1
E 4778 0 -1 -17
E 4778 1 -1 -17
E 4778 2 -1 -17
E 4778 3 -1 -17
E 4778 4 -1 -17
E 4778 5 -1 -17
E 4778 6 -1 -17
T 4779 10 0 7 1
E 4779 0 -1 -17
E 4779 1 -1 -17
E 4779 2 -1 -17
E 4779 3 -1 -17
E 4779 4 -1 -17
E 4779 5 -1 -17
E 4779 6 -1 -17
T 4780 8 0 7 1
E 4780 0 -1 -15
E 4780 1 -1 -15
E 4780 2 -1 -15
E 4780 3 -1 -15
E 4780 4 -1 -15
E 4780 5 -1 -15
E 4780 6 -1 -15
T 4781 9 0 7 1
E 4781 0 -1 -16
E 4781 1 -1 -16
E 4781 2 -1 -16
E 4781 3 -1 -16
E 4781 4 -1 -16
E 4781 5 -1 -16
E 4781 6 -1 -16
T 4782 9 0 0 0
T 4783 6 0 0 0
T 4784 6 0 7 1
E 4784 0 -1 -13
E 4784 1 -1 -13
E 4784 2 -1 -13
E 4784 3 -1 -13
E 4784 4 -1 -13
E 4784 5 -1 -13
E 4784 6 -1 -13
T 4785 12 0 0 0
T 4786 6 0 7 1
E 4786 0 -2 -20
E 4786 1 -2 -20
E 4786 2 -2 -20
E 4786 3 -2 -20
E 4786 4 -2 -20
E 4786 5 -2 -20
E 4786 6 -2 -20
T 4787 12 0 0 0
T 4788 8 0 7 1
E 4788 0 -1 -15
E 4788 1 -1 -15
E 4788 2 -1 -15
E 4788 3 -1 -15
E 4788 4 -1 -15
E 4788 5 -1 -15
E 4788 6 -1 -15
T 4789 12 0 0 0
T 4790 6 0 7 1
E 4790 0 -1 -13
E 4790 1 -1 -13
E 4790 2 -1 -13
E 4790 3 -1 -13
E 4790 4 -1 -13
E 4790 5 -1 -13
E 4790 6 -1 -13
T 4791 7 0 7 1
E 4791 0 -1 -14
E 4791 1 -1 -14
E 4791 2 -1 -14
E 4791 3 -1 -14
E 4791 4 -1 -14
E 4791 5 -1 -14
E 4791 6 -1 -14
T 4792 8 0 0 0
T 4793 9 0 0 0
T 4794 8 0 7 1
E 4794 0 -1 -15
E 4794 1 -1 -15
E 4794 2 -1 -15
E 4794 3 -1 -15
E 4794 4 -1 -15
E 4794 5 -1 -15
E 4794 6 -1 -15
T 4795 6 0 0 0
T 4796 7 0 7 1
E 4796 0 -1 -14
E 4796 1 -1 -14
E 4796 2 -1 -14
E 4796 3 -1 -14
E 4796 4 -1 -14
E 4796 5 -1 -14
E 4796 6 -1 -14
T 4797 5 0 0 0
T 4798 2 0 0 0
T 4799 1 0 0 0
F 6384 14171 0 194 4791 912 6384 0
