T 0 5 0 0 0
T 1 0 0 0 0
T 2 3 0 0 0
T 3 2 0 0 0
T 4 5 0 0 0
T 5 11 0 0 0
T 6 9 0 0 0
T 7 7 0 0 0
T 8 10 0 0 0
T 9 9 0 7 1
E 9 0 1 16
E 9 1 1 16
E 9 2 1 16
E 9 3 1 16
E 9 4 1 16
E 9 5 1 16
E 9 6 1 16
T 10 8 0 0 0
T 11 6 0 7 1
E 11 0 1 13
E 11 1 1 13
E 11 2 1 13
E 11 3 1 13
E 11 4 1 13
E 11 5 1 13
E 11 6 1 13
T 12 11 0 0 0
T 13 9 0 7 1
E 13 0 1 16
E 13 1 1 16
E 13 2 1 16
E 13 3 1 16
E 13 4 1 16
E 13 5 1 16
E 13 6 1 16
T 14 8 0 0 0
T 15 7 0 0 0
T 16 3 0 0 0
T 17 8 0 0 0
T 18 6 0 0 0
T 19 12 0 0 0
T 20 4 0 7 1
E 20 0 2 18
E 20 1 2 18
E 20 2 2 18
E 20 3 2 18
E 20 4 2 18
E 20 5 2 18
E 20 6 2 18
T 21 2 0 0 0
T 22 8 0 0 0
T 23 4 0 0 0
T 24 7 0 0 0
T 25 8 0 0 0
T 26 8 0 7 1
E 26 0 1 15
E 26 1 1 15
E 26 2 1 15
E 26 3 1 15
E 26 4 1 15
E 26 5 1 15
E 26 6 1 15
T 27 5 0 0 0
T 28 2 0 0 0
T 29 1 0 0 0
T 30 3 0 0 0
T 31 3 0 0 0
T 32 6 0 0 0
T 33 11 0 0 0
T 34 4 0 7 1
E 34 0 2 18
E 34 1 2 18
E 34 2 2 18
E 34 3 2 18
E 34 4 2 18
E 34 5 2 18
E 34 6 2 18
T 35 11 0 0 0
T 36 6 0 7 1
E 36 0 1 13
E 36 1 1 13
E 36 2 1 13
E 36 3 1 13
E 36 4 1 13
E 36 5 1 13
E 36 6 1 13
T 37 4 0 0 0
T 38 9 0 0 0
T 39 7 0 0 0
T 40 6 0 0 0
T 41 4 0 0 0
T 42 4 0 0 0
T 43 2 0 0 0
T 44 10 0 0 0
T 45 11 0 0 0
T 46 9 0 7 1
E 46 0 1 16
E 46 1 1 16
E 46 2 1 16
E 46 3 1 16
E 46 4 1 16
E 46 5 1 16
E 46 6 1 16
T 47 11 0 0 0
T 48 11 0 0 0
T 49 9 0 0 0
T 50 9 0 7 1
E 50 0 1 16
E 50 1 1 16
E 50 2 1 16
E 50 3 1 16
E 50 4 1 16
E 50 5 1 16
E 50 6 1 16
T 51 8 0 0 0
T 52 10 0 0 0
T 53 8 0 7 1
E 53 0 1 15
E 53 1 1 15
E 53 2 1 15
E 53 3 1 15
E 53 4 1 15
E 53 5 1 15
E 53 6 1 15
T 54 8 0 0 0
T 55 10 0 0 0
T 56 10 0 7 1
E 56 0 1 17
E 56 1 1 17
E 56 2 1 17
E 56 3 1 17
E 56 4 1 17
E 56 5 1 17
E 56 6 1 17
T 57 8 0 0 0
T 58 7 0 0 0
T 59 4 0 0 0
T 60 6 0 0 0
T 61 12 0 0 0
T 62 6 0 7 1
E 62 0 2 20
E 62 1 2 20
E 62 2 2 20
E 62 3 2 20
E 62 4 2 20
E 62 5 2 20
E 62 6 2 20
T 63 8 0 0 0
T 64 5 0 0 0
T 65 10 0 0 0
T 66 8 0 7 1
E 66 0 1 15
E 66 1 1 15
E 66 2 1 15
E 66 3 1 15
E 66 4 1 15
E 66 5 1 15
E 66 6 1 15
T 67 5 0 0 0
T 68 6 0 0 0
T 69 9 0 0 0
T 70 5 0 0 0
T 71 4 0 0 0
T 72 4 0 0 0
T 73 4 0 0 0
T 74 3 0 0 0
T 75 8 0 0 0
T 76 8 0 0 0
T 77 8 0 7 1
E 77 0 1 15
E 77 1 1 15
E 77 2 1 15
E 77 3 1 15
E 77 4 1 15
E 77 5 1 15
E 77 6 1 15
T 78 8 0 7 1
E 78 0 1 15
E 78 1 1 15
E 78 2 1 15
E 78 3 1 15
E 78 4 1 15
E 78 5 1 15
E 78 6 1 15
T 79 8 0 7 1
E 79 0 1 15
E 79 1 1 15
E 79 2 1 15
E 79 3 1 15
E 79 4 1 15
E 79 5 1 15
E 79 6 1 15
T 80 8 0 0 0
T 81 10 0 0 0
T 82 7 0 7 1
E 82 0 1 14
E 82 1 1 14
E 82 2 1 14
E 82 3 1 14
E 82 4 1 14
E 82 5 1 14
E 82 6 1 14
T 83 4 0 0 0
T 84 4 0 0 0
T 85 11 0 0 0
T 86 4 0 7 1
E 86 0 2 18
E 86 1 2 18
E 86 2 2 18
E 86 3 2 18
E 86 4 2 18
E 86 5 2 18
E 86 6 2 18
T 87 0 0 0 0
T 88 0 0 0 0
T 89 0 0 0 0
T 90 2 0 0 0
T 91 4 0 0 0
T 92 10 0 0 0
T 93 7 0 0 0
T 94 9 0 0 0
T 95 7 0 0 0
T 96 7 0 0 0
T 97 6 0 0 0
T 98 1 0 0 0
T 99 2 0 0 0
T 100 8 0 0 0
T 101 5 0 0 0
T 102 3 0 0 0
T 103 1 0 0 0
T 104 5 0 0 0
T 105 5 0 0 0
T 106 10 0 0 0
T 107 7 0 7 1
E 107 0 -1 -14
E 107 1 -1 -14
E 107 2 -1 -14
E 107 3 -1 -14
E 107 4 -1 -14
E 107 5 -1 -14
E 107 6 -1 -14
T 108 3 0 0 0
T 109 0 0 0 0
T 110 6 0 0 0
T 111 11 0 0 0
T 112 12 0 0 0
T 113 9 0 0 0
T 114 7 0 0 0
T 115 5 0 0 0
T 116 5 0 0 0
T 117 4 0 0 0
T 118 0 0 0 0
T 119 5 0 0 0
T 120 7 0 0 0
T 121 4 0 0 0
T 122 4 0 0 0
T 123 1 0 0 0
T 124 5 0 0 0
T 125 3 0 0 0
T 126 4 0 0 0
T 127 1 0 0 0
T 128 4 0 0 0
T 129 3 0 0 0
T 130 4 0 0 0
T 131 2 0 0 0
T 132 3 0 0 0
T 133 7 0 0 0
T 134 3 0 0 0
T 135 4 0 0 0
T 136 2 0 0 0
T 137 6 0 0 0
T 138 10 0 0 0
T 139 12 0 0 0
T 140 10 0 0 0
T 141 9 0 7 1
E 141 0 -1 -16
E 141 1 -1 -16
E 141 2 -1 -16
E 141 3 -1 -16
E 141 4 -1 -16
E 141 5 -1 -16
E 141 6 -1 -16
T 142 9 0 7 1
E 142 0 -1 -16
E 142 1 -1 -16
E 142 2 -1 -16
E 142 3 -1 -16
E 142 4 -1 -16
E 142 5 -1 -16
E 142 6 -1 -16
T 143 8 0 7 1
E 143 0 -1 -15
E 143 1 -1 -15
E 143 2 -1 -15
E 143 3 -1 -15
E 143 4 -1 -15
E 143 5 -1 -15
E 143 6 -1 -15
T 144 8 0 7 1
E 144 0 -1 -15
E 144 1 -1 -15
E 144 2 -1 -15
E 144 3 -1 -15
E 144 4 -1 -15
E 144 5 -1 -15
E 144 6 -1 -15
T 145 3 0 0 0
T 146 0 0 0 0
T 147 4 0 0 0
T 148 5 0 0 0
T 149 2 0 0 0
T 150 4 0 0 0
T 151 0 0 0 0
T 152 1 0 0 0
T 153 2 0 0 0
T 154 6 0 0 0
T 155 6 0 0 0
T 156 8 0 0 0
T 157 7 0 7 1
E 157 0 -1 -14
E 157 1 -1 -14
E 157 2 -1 -14
E 157 3 -1 -14
E 157 4 -1 -14
E 157 5 -1 -14
E 157 6 -1 -14
T 158 5 0 0 0
T 159 4 0 0 0
T 160 4 0 0 0
T 161 4 0 0 0
T 162 3 0 0 0
T 163 4 0 0 0
T 164 6 0 0 0
T 165 2 0 0 0
T 166 3 0 0 0
T 167 6 0 0 0
T 168 4 0 0 0
T 169 7 0 0 0
T 170 9 0 0 0
T 171 6 0 0 0
T 172 8 0 0 0
T 173 8 0 0 0
T 174 5 0 0 0
T 175 5 0 0 0
T 176 8 0 0 0
T 177 8 0 7 1
E 177 0 -1 -15
E 177 1 -1 -15
E 177 2 -1 -15
E 177 3 -1 -15
E 177 4 -1 -15
E 177 5 -1 -15
E 177 6 -1 -15
T 178 7 0 7 1
E 178 0 -1 -14
E 178 1 -1 -14
E 178 2 -1 -14
E 178 3 -1 -14
E 178 4 -1 -14
E 178 5 -1 -14
E 178 6 -1 -14
T 179 11 0 0 0
T 180 7 0 0 0
T 181 12 0 0 0
T 182 6 0 7 1
E 182 0 -1 -13
E 182 1 -1 -13
E 182 2 -1 -13
E 182 3 -1 -13
E 182 4 -1 -13
E 182 5 -1 -13
E 182 6 -1 -13
T 183 6 0 7 1
E 183 0 -1 -13
E 183 1 -1 -13
E 183 2 -1 -13
E 183 3 -1 -13
E 183 4 -1 -13
E 183 5 -1 -13
E 183 6 -1 -13
T 184 9 0 0 0
T 185 11 0 0 0
T 186 9 0 7 1
E 186 0 -1 -16
E 186 1 -1 -16
E 186 2 -1 -16
E 186 3 -1 -16
E 186 4 -1 -16
E 186 5 -1 -16
E 186 6 -1 -16
T 187 9 0 0 0
T 188 9 0 0 0
T 189 7 0 7 1
E 189 0 -1 -14
E 189 1 -1 -14
E 189 2 -1 -14
E 189 3 -1 -14
E 189 4 -1 -14
E 189 5 -1 -14
E 189 6 -1 -14
T 190 7 0 0 0
T 191 6 0 7 1
E 191 0 -1 -13
E 191 1 -1 -13
E 191 2 -1 -13
E 191 3 -1 -13
E 191 4 -1 -13
E 191 5 -1 -13
E 191 6 -1 -13
T 192 4 0 0 0
T 193 4 0 0 0
T 194 1 0 0 0
T 195 6 0 0 0
T 196 2 0 0 0
T 197 9 0 0 0
T 198 9 0 7 1
E 198 0 -1 -16
E 198 1 -1 -16
E 198 2 -1 -16
E 198 3 -1 -16
E 198 4 -1 -16
E 198 5 -1 -16
E 198 6 -1 -16
T 199 7 0 7 1
E 199 0 -1 -14
E 199 1 -1 -14
E 199 2 -1 -14
E 199 3 -1 -14
E 199 4 -1 -14
E 199 5 -1 -14
E 199 6 -1 -14
T 200 11 0 0 0
T 201 4 0 7 1
E 201 0 -2 -18
E 201 1 -2 -18
E 201 2 -2 -18
E 201 3 -2 -18
E 201 4 -2 -18
E 201 5 -2 -18
E 201 6 -2 -18
T 202 6 0 0 0
T 203 7 0 7 1
E 203 0 -1 -14
E 203 1 -1 -14
E 203 2 -1 -14
E 203 3 -1 -14
E 203 4 -1 -14
E 203 5 -1 -14
E 203 6 -1 -14
T 204 4 0 0 0
T 205 2 0 0 0
T 206 1 0 0 0
T 207 1 0 0 0
T 208 3 0 0 0
T 209 11 0 0 0
T 210 4 0 7 1
E 210 0 -2 -18
E 210 1 -2 -18
E 210 2 -2 -18
E 210 3 -2 -18
E 210 4 -2 -18
E 210 5 -2 -18
E 210 6 -2 -18
T 211 12 0 0 0
T 212 9 0 7 1
E 212 0 -1 -16
E 212 1 -1 -16
E 212 2 -1 -16
E 212 3 -1 -16
E 212 4 -1 -16
E 212 5 -1 -16
E 212 6 -1 -16
T 213 6 0 0 0
T 214 4 0 0 0
T 215 5 0 0 0
T 216 12 0 0 0
T 217 7 0 0 0
T 218 4 0 0 0
T 219 8 0 0 0
T 220 4 0 0 0
T 221 3 0 0 0
T 222 1 0 0 0
T 223 1 0 0 0
T 224 4 0 0 0
T 225 6 0 0 0
T 226 9 0 0 0
T 227 5 0 0 0
T 228 6 0 7 1
E 228 0 -1 -13
E 228 1 -1 -13
E 228 2 -1 -13
E 228 3 -1 -13
E 228 4 -1 -13
E 228 5 -1 -13
E 228 6 -1 -13
T 229 12 0 0 0
T 230 9 0 7 1
E 230 0 -1 -16
E 230 1 -1 -16
E 230 2 -1 -16
E 230 3 -1 -16
E 230 4 -1 -16
E 230 5 -1 -16
E 230 6 -1 -16
T 231 5 0 0 0
T 232 11 0 0 0
T 233 8 0 7 1
E 233 0 -1 -15
E 233 1 -1 -15
E 233 2 -1 -15
E 233 3 -1 -15
E 233 4 -1 -15
E 233 5 -1 -15
E 233 6 -1 -15
T 234 6 0 0 0
T 235 4 0 0 0
T 236 11 0 0 0
T 237 8 0 0 0
T 238 10 0 0 0
T 239 7 0 0 0
T 240 11 0 7 1
E 240 0 5 46
E 240 1 5 46
E 240 2 5 46
E 240 3 5 46
E 240 4 5 46
E 240 5 5 46
E 240 6 5 46
T 241 12 0 0 0
T 242 4 0 7 1
E 242 0 2 18
E 242 1 2 18
E 242 2 2 18
E 242 3 2 18
E 242 4 2 18
E 242 5 2 18
E 242 6 2 18
T 243 9 0 0 0
T 244 6 0 7 1
E 244 0 1 13
E 244 1 1 13
E 244 2 1 13
E 244 3 1 13
E 244 4 1 13
E 244 5 1 13
E 244 6 1 13
T 245 7 0 0 0
T 246 8 0 0 0
T 247 8 0 0 0
T 248 10 0 0 0
T 249 8 0 7 1
E 249 0 1 15
E 249 1 1 15
E 249 2 1 15
E 249 3 1 15
E 249 4 1 15
E 249 5 1 15
E 249 6 1 15
T 250 8 0 7 1
E 250 0 1 15
E 250 1 1 15
E 250 2 1 15
E 250 3 1 15
E 250 4 1 15
E 250 5 1 15
E 250 6 1 15
T 251 12 0 0 0
T 252 8 0 7 1
E 252 0 1 15
E 252 1 1 15
E 252 2 1 15
E 252 3 1 15
E 252 4 1 15
E 252 5 1 15
E 252 6 1 15
T 253 9 0 0 0
T 254 10 0 0 0
T 255 9 0 7 1
E 255 0 1 16
E 255 1 1 16
E 255 2 1 16
E 255 3 1 16
E 255 4 1 16
E 255 5 1 16
E 255 6 1 16
T 256 8 0 0 0
T 257 10 0 0 0
T 258 10 0 0 0
T 259 9 0 0 0
T 260 6 0 7 1
E 260 0 1 13
E 260 1 1 13
E 260 2 1 13
E 260 3 1 13
E 260 4 1 13
E 260 5 1 13
E 260 6 1 13
T 261 11 0 0 0
T 262 5 0 7 1
E 262 0 2 19
E 262 1 2 19
E 262 2 2 19
E 262 3 2 19
E 262 4 2 19
E 262 5 2 19
E 262 6 2 19
T 263 9 0 0 0
T 264 8 0 7 1
E 264 0 1 15
E 264 1 1 15
E 264 2 1 15
E 264 3 1 15
E 264 4 1 15
E 264 5 1 15
E 264 6 1 15
T 265 5 0 0 0
T 266 1 0 0 0
T 267 3 0 0 0
T 268 7 0 0 0
T 269 12 0 0 0
T 270 5 0 7 1
E 270 0 2 19
E 270 1 2 19
E 270 2 2 19
E 270 3 2 19
E 270 4 2 19
E 270 5 2 19
E 270 6 2 19
T 271 8 0 0 0
T 272 7 0 7 1
E 272 0 1 14
E 272 1 1 14
E 272 2 1 14
E 272 3 1 14
E 272 4 1 14
E 272 5 1 14
E 272 6 1 14
T 273 4 0 0 0
T 274 10 0 0 0
T 275 10 0 7 1
E 275 0 1 17
E 275 1 1 17
E 275 2 1 17
E 275 3 1 17
E 275 4 1 17
E 275 5 1 17
E 275 6 1 17
T 276 8 0 7 1
E 276 0 1 15
E 276 1 1 15
E 276 2 1 15
E 276 3 1 15
E 276 4 1 15
E 276 5 1 15
E 276 6 1 15
T 277 7 0 7 1
E 277 0 1 14
E 277 1 1 14
E 277 2 1 14
E 277 3 1 14
E 277 4 1 14
E 277 5 1 14
E 277 6 1 14
T 278 12 0 0 0
T 279 7 0 7 1
E 279 0 1 14
E 279 1 1 14
E 279 2 1 14
E 279 3 1 14
E 279 4 1 14
E 279 5 1 14
E 279 6 1 14
T 280 7 0 7 1
E 280 0 1 14
E 280 1 1 14
E 280 2 1 14
E 280 3 1 14
E 280 4 1 14
E 280 5 1 14
E 280 6 1 14
T 281 6 0 0 0
T 282 4 0 0 0
T 283 2 0 0 0
T 284 9 0 0 0
T 285 7 0 0 0
T 286 6 0 0 0
T 287 7 0 7 1
E 287 0 1 14
E 287 1 1 14
E 287 2 1 14
E 287 3 1 14
E 287 4 1 14
E 287 5 1 14
E 287 6 1 14
T 288 11 0 0 0
T 289 6 0 7 1
E 289 0 1 13
E 289 1 1 13
E 289 2 1 13
E 289 3 1 13
E 289 4 1 13
E 289 5 1 13
E 289 6 1 13
T 290 6 0 7 1
E 290 0 1 13
E 290 1 1 13
E 290 2 1 13
E 290 3 1 13
E 290 4 1 13
E 290 5 1 13
E 290 6 1 13
T 291 11 0 0 0
T 292 11 0 0 0
T 293 9 0 7 1
E 293 0 1 16
E 293 1 1 16
E 293 2 1 16
E 293 3 1 16
E 293 4 1 16
E 293 5 1 16
E 293 6 1 16
T 294 6 0 7 1
E 294 0 1 13
E 294 1 1 13
E 294 2 1 13
E 294 3 1 13
E 294 4 1 13
E 294 5 1 13
E 294 6 1 13
T 295 7 0 0 0
T 296 8 0 0 0
T 297 7 0 7 1
E 297 0 1 14
E 297 1 1 14
E 297 2 1 14
E 297 3 1 14
E 297 4 1 14
E 297 5 1 14
E 297 6 1 14
T 298 4 0 0 0
T 299 2 0 0 0
T 300 3 0 0 0
T 301 9 0 0 0
T 302 12 0 0 0
T 303 5 0 7 1
E 303 0 2 19
E 303 1 2 19
E 303 2 2 19
E 303 3 2 19
E 303 4 2 19
E 303 5 2 19
E 303 6 2 19
T 304 4 0 0 0
T 305 11 0 0 0
T 306 6 0 0 0
T 307 10 0 0 0
T 308 5 0 0 0
T 309 2 0 0 0
T 310 10 0 0 0
T 311 7 0 0 0
T 312 6 0 0 0
T 313 11 0 0 0
T 314 7 0 0 0
T 315 8 0 7 1
E 315 0 1 15
E 315 1 1 15
E 315 2 1 15
E 315 3 1 15
E 315 4 1 15
E 315 5 1 15
E 315 6 1 15
T 316 12 0 0 0
T 317 8 0 0 0
T 318 10 0 0 0
T 319 9 0 7 1
E 319 0 1 16
E 319 1 1 16
E 319 2 1 16
E 319 3 1 16
E 319 4 1 16
E 319 5 1 16
E 319 6 1 16
T 320 8 0 0 0
T 321 10 0 0 0
T 322 4 0 7 1
E 322 0 2 18
E 322 1 2 18
E 322 2 2 18
E 322 3 2 18
E 322 4 2 18
E 322 5 2 18
E 322 6 2 18
T 323 11 0 0 0
T 324 7 0 7 1
E 324 0 1 14
E 324 1 1 14
E 324 2 1 14
E 324 3 1 14
E 324 4 1 14
E 324 5 1 14
E 324 6 1 14
T 325 5 0 0 0
T 326 7 0 0 0
T 327 9 0 0 0
T 328 6 0 0 0
T 329 8 0 0 0
T 330 8 0 0 0
T 331 6 0 7 1
E 331 0 1 13
E 331 1 1 13
E 331 2 1 13
E 331 3 1 13
E 331 4 1 13
E 331 5 1 13
E 331 6 1 13
T 332 6 0 0 0
T 333 3 0 0 0
T 334 8 0 0 0
T 335 5 0 0 0
T 336 7 0 0 0
T 337 7 0 0 0
T 338 3 0 0 0
T 339 3 0 0 0
T 340 0 0 0 0
T 341 5 0 0 0
T 342 2 0 0 0
T 343 2 0 0 0
T 344 1 0 0 0
T 345 5 0 0 0
T 346 4 0 0 0
T 347 3 0 0 0
T 348 2 0 0 0
T 349 4 0 0 0
T 350 0 0 0 0
T 351 4 0 0 0
T 352 11 0 0 0
T 353 4 0 7 1
E 353 0 -2 -18
E 353 1 -2 -18
E 353 2 -2 -18
E 353 3 -2 -18
E 353 4 -2 -18
E 353 5 -2 -18
E 353 6 -2 -18
T 354 2 0 0 0
T 355 5 0 0 0
T 356 7 0 0 0
T 357 6 0 0 0
T 358 5 0 0 0
T 359 2 0 0 0
T 360 9 0 0 0
T 361 10 0 0 0
T 362 8 0 7 1
E 362 0 -1 -15
E 362 1 -1 -15
E 362 2 -1 -15
E 362 3 -1 -15
E 362 4 -1 -15
E 362 5 -1 -15
E 362 6 -1 -15
T 363 8 0 7 1
E 363 0 -1 -15
E 363 1 -1 -15
E 363 2 -1 -15
E 363 3 -1 -15
E 363 4 -1 -15
E 363 5 -1 -15
E 363 6 -1 -15
T 364 4 0 0 0
T 365 4 0 0 0
T 366 5 0 0 0
T 367 12 0 0 0
T 368 9 0 0 0
T 369 6 0 0 0
T 370 12 0 0 0
T 371 11 0 0 0
T 372 10 0 7 1
E 372 0 -1 -17
E 372 1 -1 -17
E 372 2 -1 -17
E 372 3 -1 -17
E 372 4 -1 -17
E 372 5 -1 -17
E 372 6 -1 -17
T 373 9 0 0 0
T 374 9 0 7 1
E 374 0 -1 -16
E 374 1 -1 -16
E 374 2 -1 -16
E 374 3 -1 -16
E 374 4 -1 -16
E 374 5 -1 -16
E 374 6 -1 -16
T 375 7 0 0 0
T 376 6 0 7 1
E 376 0 -1 -13
E 376 1 -1 -13
E 376 2 -1 -13
E 376 3 -1 -13
E 376 4 -1 -13
E 376 5 -1 -13
E 376 6 -1 -13
T 377 9 0 0 0
T 378 5 0 0 0
T 379 8 0 0 0
T 380 8 0 7 1
E 380 0 -1 -15
E 380 1 -1 -15
E 380 2 -1 -15
E 380 3 -1 -15
E 380 4 -1 -15
E 380 5 -1 -15
E 380 6 -1 -15
T 381 4 0 0 0
T 382 1 0 0 0
T 383 3 0 0 0
T 384 8 0 0 0
T 385 6 0 7 1
E 385 0 1 13
E 385 1 1 13
E 385 2 1 13
E 385 3 1 13
E 385 4 1 13
E 385 5 1 13
E 385 6 1 13
T 386 10 0 0 0
T 387 7 0 7 1
E 387 0 1 14
E 387 1 1 14
E 387 2 1 14
E 387 3 1 14
E 387 4 1 14
E 387 5 1 14
E 387 6 1 14
T 388 1 0 0 0
T 389 6 0 0 0
T 390 6 0 7 1
E 390 0 -1 -13
E 390 1 -1 -13
E 390 2 -1 -13
E 390 3 -1 -13
E 390 4 -1 -13
E 390 5 -1 -13
E 390 6 -1 -13
T 391 2 0 0 0
T 392 4 0 0 0
T 393 11 0 0 0
T 394 11 0 0 0
T 395 7 0 0 0
T 396 6 0 0 0
T 397 8 0 0 0
T 398 6 0 7 1
E 398 0 -1 -13
E 398 1 -1 -13
E 398 2 -1 -13
E 398 3 -1 -13
E 398 4 -1 -13
E 398 5 -1 -13
E 398 6 -1 -13
T 399 12 0 0 0
T 400 5 0 7 1
E 400 0 -2 -19
E 400 1 -2 -19
E 400 2 -2 -19
E 400 3 -2 -19
E 400 4 -2 -19
E 400 5 -2 -19
E 400 6 -2 -19
T 401 12 0 0 0
T 402 4 0 7 1
E 402 0 -2 -18
E 402 1 -2 -18
E 402 2 -2 -18
E 402 3 -2 -18
E 402 4 -2 -18
E 402 5 -2 -18
E 402 6 -2 -18
T 403 9 0 0 0
T 404 9 0 7 1
E 404 0 -1 -16
E 404 1 -1 -16
E 404 2 -1 -16
E 404 3 -1 -16
E 404 4 -1 -16
E 404 5 -1 -16
E 404 6 -1 -16
T 405 9 0 0 0
T 406 12 0 0 0
T 407 9 0 7 1
E 407 0 -1 -16
E 407 1 -1 -16
E 407 2 -1 -16
E 407 3 -1 -16
E 407 4 -1 -16
E 407 5 -1 -16
E 407 6 -1 -16
T 408 7 0 0 0
T 409 8 0 0 0
T 410 8 0 0 0
T 411 7 0 0 0
T 412 8 0 0 0
T 413 8 0 7 1
E 413 0 -1 -15
E 413 1 -1 -15
E 413 2 -1 -15
E 413 3 -1 -15
E 413 4 -1 -15
E 413 5 -1 -15
E 413 6 -1 -15
T 414 11 0 0 0
T 415 8 0 7 1
E 415 0 -1 -15
E 415 1 -1 -15
E 415 2 -1 -15
E 415 3 -1 -15
E 415 4 -1 -15
E 415 5 -1 -15
E 415 6 -1 -15
T 416 4 0 0 0
T 417 4 0 0 0
T 418 8 0 0 0
T 419 7 0 7 1
E 419 0 -1 -14
E 419 1 -1 -14
E 419 2 -1 -14
E 419 3 -1 -14
E 419 4 -1 -14
E 419 5 -1 -14
E 419 6 -1 -14
T 420 12 0 0 0
T 421 5 0 7 1
E 421 0 -2 -19
E 421 1 -2 -19
E 421 2 -2 -19
E 421 3 -2 -19
E 421 4 -2 -19
E 421 5 -2 -19
E 421 6 -2 -19
T 422 9 0 0 0
T 423 7 0 0 0
T 424 4 0 0 0
T 425 11 0 0 0
T 426 11 0 0 0
T 427 7 0 7 1
E 427 0 -1 -14
E 427 1 -1 -14
E 427 2 -1 -14
E 427 3 -1 -14
E 427 4 -1 -14
E 427 5 -1 -14
E 427 6 -1 -14
T 428 3 0 0 0
T 429 9 0 0 0
T 430 7 0 7 1
E 430 0 -1 -14
E 430 1 -1 -14
E 430 2 -1 -14
E 430 3 -1 -14
E 430 4 -1 -14
E 430 5 -1 -14
E 430 6 -1 -14
T 431 3 0 0 0
T 432 1 0 0 0
T 433 8 0 0 0
T 434 10 0 0 0
T 435 6 0 7 1
E 435 0 -1 -13
E 435 1 -1 -13
E 435 2 -1 -13
E 435 3 -1 -13
E 435 4 -1 -13
E 435 5 -1 -13
E 435 6 -1 -13
T 436 12 0 0 0
T 437 10 0 7 1
E 437 0 -1 -17
E 437 1 -1 -17
E 437 2 -1 -17
E 437 3 -1 -17
E 437 4 -1 -17
E 437 5 -1 -17
E 437 6 -1 -17
T 438 6 0 0 0
T 439 11 0 0 0
T 440 12 0 0 0
T 441 5 0 7 1
E 441 0 -2 -19
E 441 1 -2 -19
E 441 2 -2 -19
E 441 3 -2 -19
E 441 4 -2 -19
E 441 5 -2 -19
E 441 6 -2 -19
T 442 8 0 0 0
T 443 6 0 7 1
E 443 0 -1 -13
E 443 1 -1 -13
E 443 2 -1 -13
E 443 3 -1 -13
E 443 4 -1 -13
E 443 5 -1 -13
E 443 6 -1 -13
T 444 12 0 0 0
T 445 7 0 0 0
T 446 7 0 7 1
E 446 0 -1 -14
E 446 1 -1 -14
E 446 2 -1 -14
E 446 3 -1 -14
E 446 4 -1 -14
E 446 5 -1 -14
E 446 6 -1 -14
T 447 5 0 0 0
T 448 7 0 0 0
T 449 9 0 0 0
T 450 8 0 7 1
E 450 0 -1 -15
E 450 1 -1 -15
E 450 2 -1 -15
E 450 3 -1 -15
E 450 4 -1 -15
E 450 5 -1 -15
E 450 6 -1 -15
T 451 9 0 7 1
E 451 0 -1 -16
E 451 1 -1 -16
E 451 2 -1 -16
E 451 3 -1 -16
E 451 4 -1 -16
E 451 5 -1 -16
E 451 6 -1 -16
T 452 11 0 0 0
T 453 5 0 7 1
E 453 0 -2 -19
E 453 1 -2 -19
E 453 2 -2 -19
E 453 3 -2 -19
E 453 4 -2 -19
E 453 5 -2 -19
E 453 6 -2 -19
T 454 1 0 0 0
T 455 3 0 0 0
T 456 1 0 0 0
T 457 4 0 0 0
T 458 12 0 0 0
T 459 6 0 7 1
E 459 0 -1 -13
E 459 1 -1 -13
E 459 2 -1 -13
E 459 3 -1 -13
E 459 4 -1 -13
E 459 5 -1 -13
E 459 6 -1 -13
T 460 1 0 0 0
T 461 3 0 0 0
T 462 7 0 0 0
T 463 7 0 0 0
T 464 9 0 0 0
T 465 6 0 7 1
E 465 0 -1 -13
E 465 1 -1 -13
E 465 2 -1 -13
E 465 3 -1 -13
E 465 4 -1 -13
E 465 5 -1 -13
E 465 6 -1 -13
T 466 6 0 7 1
E 466 0 -1 -13
E 466 1 -1 -13
E 466 2 -1 -13
E 466 3 -1 -13
E 466 4 -1 -13
E 466 5 -1 -13
E 466 6 -1 -13
T 467 6 0 7 1
E 467 0 -1 -13
E 467 1 -1 -13
E 467 2 -1 -13
E 467 3 -1 -13
E 467 4 -1 -13
E 467 5 -1 -13
E 467 6 -1 -13
T 468 12 0 0 0
T 469 8 0 0 0
T 470 11 0 0 0
T 471 10 0 7 1
E 471 0 -1 -17
E 471 1 -1 -17
E 471 2 -1 -17
E 471 3 -1 -17
E 471 4 -1 -17
E 471 5 -1 -17
E 471 6 -1 -17
T 472 10 0 7 1
E 472 0 -1 -17
E 472 1 -1 -17
E 472 2 -1 -17
E 472 3 -1 -17
E 472 4 -1 -17
E 472 5 -1 -17
E 472 6 -1 -17
T 473 10 0 7 1
E 473 0 -1 -17
E 473 1 -1 -17
E 473 2 -1 -17
E 473 3 -1 -17
E 473 4 -1 -17
E 473 5 -1 -17
E 473 6 -1 -17
T 474 12 0 0 0
T 475 9 0 0 0
T 476 11 0 0 0
T 477 6 0 7 1
E 477 0 -1 -13
E 477 1 -1 -13
E 477 2 -1 -13
E 477 3 -1 -13
E 477 4 -1 -13
E 477 5 -1 -13
E 477 6 -1 -13
T 478 9 0 0 0
T 479 10 0 7 1
E 479 0 -1 -17
E 479 1 -1 -17
E 479 2 -1 -17
E 479 3 -1 -17
E 479 4 -1 -17
E 479 5 -1 -17
E 479 6 -1 -17
T 480 14 0 7 1
E 480 0 4 42
E 480 1 4 42
E 480 2 4 42
E 480 3 4 42
E 480 4 4 42
E 480 5 4 42
E 480 6 4 42
T 481 4 0 7 1
E 481 0 2 18
E 481 1 2 18
E 481 2 2 18
E 481 3 2 18
E 481 4 2 18
E 481 5 2 18
E 481 6 2 18
T 482 9 0 0 0
T 483 10 0 0 0
T 484 10 0 0 0
T 485 12 0 0 0
T 486 12 0 0 0
T 487 9 0 7 1
E 487 0 1 16
E 487 1 1 16
E 487 2 1 16
E 487 3 1 16
E 487 4 1 16
E 487 5 1 16
E 487 6 1 16
T 488 11 0 0 0
T 489 8 0 7 1
E 489 0 1 15
E 489 1 1 15
E 489 2 1 15
E 489 3 1 15
E 489 4 1 15
E 489 5 1 15
E 489 6 1 15
T 490 8 0 0 0
T 491 7 0 7 1
E 491 0 1 14
E 491 1 1 14
E 491 2 1 14
E 491 3 1 14
E 491 4 1 14
E 491 5 1 14
E 491 6 1 14
T 492 7 0 0 0
T 493 11 0 0 0
T 494 4 0 7 1
E 494 0 2 18
E 494 1 2 18
E 494 2 2 18
E 494 3 2 18
E 494 4 2 18
E 494 5 2 18
E 494 6 2 18
T 495 12 0 0 0
T 496 8 0 7 1
E 496 0 1 15
E 496 1 1 15
E 496 2 1 15
E 496 3 1 15
E 496 4 1 15
E 496 5 1 15
E 496 6 1 15
T 497 9 0 0 0
T 498 9 0 0 0
T 499 9 0 0 0
T 500 7 0 0 0
T 501 6 0 0 0
T 502 2 0 0 0
T 503 6 0 0 0
T 504 11 0 0 0
T 505 8 0 0 0
T 506 8 0 0 0
T 507 10 0 0 0
T 508 10 0 7 1
E 508 0 1 17
E 508 1 1 17
E 508 2 1 17
E 508 3 1 17
E 508 4 1 17
E 508 5 1 17
E 508 6 1 17
T 509 7 0 0 0
T 510 6 0 0 0
T 511 1 0 0 0
T 512 4 0 0 0
T 513 0 0 0 0
T 514 4 0 0 0
T 515 4 0 0 0
T 516 7 0 0 0
T 517 4 0 0 0
T 518 0 0 0 0
T 519 1 0 0 0
T 520 5 0 0 0
T 521 9 0 0 0
T 522 9 0 7 1
E 522 0 1 16
E 522 1 1 16
E 522 2 1 16
E 522 3 1 16
E 522 4 1 16
E 522 5 1 16
E 522 6 1 16
T 523 7 0 0 0
T 524 3 0 0 0
T 525 6 0 0 0
T 526 3 0 0 0
T 527 1 0 0 0
T 528 2 0 0 0
T 529 5 0 0 0
T 530 4 0 0 0
T 531 3 0 0 0
T 532 10 0 0 0
T 533 12 0 0 0
T 534 10 0 0 0
T 535 8 0 0 0
T 536 6 0 0 0
T 537 2 0 0 0
T 538 3 0 0 0
T 539 5 0 0 0
T 540 7 0 0 0
T 541 3 0 0 0
T 542 5 0 0 0
T 543 1 0 0 0
T 544 4 0 0 0
T 545 11 0 0 0
T 546 4 0 7 1
E 546 0 2 18
E 546 1 2 18
E 546 2 2 18
E 546 3 2 18
E 546 4 2 18
E 546 5 2 18
E 546 6 2 18
T 547 8 0 0 0
T 548 4 0 0 0
T 549 6 0 0 0
T 550 7 0 7 1
E 550 0 1 14
E 550 1 1 14
E 550 2 1 14
E 550 3 1 14
E 550 4 1 14
E 550 5 1 14
E 550 6 1 14
T 551 6 0 7 1
E 551 0 1 13
E 551 1 1 13
E 551 2 1 13
E 551 3 1 13
E 551 4 1 13
E 551 5 1 13
E 551 6 1 13
T 552 7 0 7 1
E 552 0 1 14
E 552 1 1 14
E 552 2 1 14
E 552 3 1 14
E 552 4 1 14
E 552 5 1 14
E 552 6 1 14
T 553 5 0 0 0
T 554 6 0 7 1
E 554 0 1 13
E 554 1 1 13
E 554 2 1 13
E 554 3 1 13
E 554 4 1 13
E 554 5 1 13
E 554 6 1 13
T 555 6 0 7 1
E 555 0 1 13
E 555 1 1 13
E 555 2 1 13
E 555 3 1 13
E 555 4 1 13
E 555 5 1 13
E 555 6 1 13
T 556 5 0 0 0
T 557 7 0 0 0
T 558 4 0 0 0
T 559 9 0 0 0
T 560 10 0 0 0
T 561 10 0 0 0
T 562 10 0 0 0
T 563 5 0 0 0
T 564 8 0 0 0
T 565 7 0 7 1
E 565 0 1 14
E 565 1 1 14
E 565 2 1 14
E 565 3 1 14
E 565 4 1 14
E 565 5 1 14
E 565 6 1 14
T 566 4 0 0 0
T 567 5 0 0 0
T 568 4 0 0 0
T 569 10 0 0 0
T 570 6 0 0 0
T 571 1 0 0 0
T 572 1 0 0 0
T 573 3 0 0 0
T 574 3 0 0 0
T 575 0 0 0 0
T 576 4 0 0 0
T 577 7 0 0 0
T 578 3 0 0 0
T 579 2 0 0 0
T 580 6 0 0 0
T 581 8 0 0 0
T 582 11 0 0 0
T 583 7 0 0 0
T 584 1 0 0 0
T 585 4 0 0 0
T 586 1 0 0 0
T 587 0 0 0 0
T 588 4 0 0 0
T 589 4 0 0 0
T 590 9 0 0 0
T 591 12 0 0 0
T 592 9 0 7 1
E 592 0 1 16
E 592 1 1 16
E 592 2 1 16
E 592 3 1 16
E 592 4 1 16
E 592 5 1 16
E 592 6 1 16
T 593 7 0 7 1
E 593 0 1 14
E 593 1 1 14
E 593 2 1 14
E 593 3 1 14
E 593 4 1 14
E 593 5 1 14
E 593 6 1 14
T 594 10 0 0 0
T 595 12 0 0 0
T 596 6 0 7 1
E 596 0 1 13
E 596 1 1 13
E 596 2 1 13
E 596 3 1 13
E 596 4 1 13
E 596 5 1 13
E 596 6 1 13
T 597 1 0 0 0
T 598 0 0 0 0
T 599 4 0 0 0
T 600 3 0 0 0
T 601 5 0 0 0
T 602 3 0 0 0
T 603 0 0 0 0
T 604 1 0 0 0
T 605 1 0 0 0
T 606 4 0 0 0
T 607 2 0 0 0
T 608 2 0 0 0
T 609 1 0 0 0
T 610 6 0 0 0
T 611 1 0 0 0
T 612 6 0 0 0
T 613 6 0 0 0
T 614 3 0 0 0
T 615 1 0 0 0
T 616 3 0 0 0
T 617 7 0 0 0
T 618 6 0 7 1
E 618 0 -1 -13
E 618 1 -1 -13
E 618 2 -1 -13
E 618 3 -1 -13
E 618 4 -1 -13
E 618 5 -1 -13
E 618 6 -1 -13
T 619 12 0 0 0
T 620 11 0 0 0
T 621 7 0 7 1
E 621 0 -1 -14
E 621 1 -1 -14
E 621 2 -1 -14
E 621 3 -1 -14
E 621 4 -1 -14
E 621 5 -1 -14
E 621 6 -1 -14
T 622 6 0 0 0
T 623 3 0 0 0
T 624 2 0 0 0
T 625 6 0 0 0
T 626 4 0 0 0
T 627 1 0 0 0
T 628 8 0 0 0
T 629 12 0 0 0
T 630 10 0 0 0
T 631 6 0 7 1
E 631 0 -1 -13
E 631 1 -1 -13
E 631 2 -1 -13
E 631 3 -1 -13
E 631 4 -1 -13
E 631 5 -1 -13
E 631 6 -1 -13
T 632 1 0 0 0
T 633 3 0 0 0
T 634 7 0 0 0
T 635 10 0 0 0
T 636 12 0 0 0
T 637 4 0 7 1
E 637 0 -2 -18
E 637 1 -2 -18
E 637 2 -2 -18
E 637 3 -2 -18
E 637 4 -2 -18
E 637 5 -2 -18
E 637 6 -2 -18
T 638 2 0 0 0
T 639 8 0 0 0
T 640 5 0 0 0
T 641 9 0 0 0
T 642 11 0 0 0
T 643 9 0 7 1
E 643 0 -1 -16
E 643 1 -1 -16
E 643 2 -1 -16
E 643 3 -1 -16
E 643 4 -1 -16
E 643 5 -1 -16
E 643 6 -1 -16
T 644 11 0 0 0
T 645 11 0 0 0
T 646 12 0 0 0
T 647 6 0 7 1
E 647 0 -1 -13
E 647 1 -1 -13
E 647 2 -1 -13
E 647 3 -1 -13
E 647 4 -1 -13
E 647 5 -1 -13
E 647 6 -1 -13
T 648 7 0 7 1
E 648 0 -1 -14
E 648 1 -1 -14
E 648 2 -1 -14
E 648 3 -1 -14
E 648 4 -1 -14
E 648 5 -1 -14
E 648 6 -1 -14
T 649 10 0 0 0
T 650 7 0 0 0
T 651 11 0 0 0
T 652 10 0 0 0
T 653 6 0 0 0
T 654 9 0 0 0
T 655 10 0 0 0
T 656 7 0 7 1
E 656 0 -1 -14
E 656 1 -1 -14
E 656 2 -1 -14
E 656 3 -1 -14
E 656 4 -1 -14
E 656 5 -1 -14
E 656 6 -1 -14
T 657 3 0 0 0
T 658 10 0 0 0
T 659 9 0 0 0
T 660 7 0 7 1
E 660 0 -1 -14
E 660 1 -1 -14
E 660 2 -1 -14
E 660 3 -1 -14
E 660 4 -1 -14
E 660 5 -1 -14
E 660 6 -1 -14
T 661 12 0 0 0
T 662 6 0 7 1
E 662 0 -1 -13
E 662 1 -1 -13
E 662 2 -1 -13
E 662 3 -1 -13
E 662 4 -1 -13
E 662 5 -1 -13
E 662 6 -1 -13
T 663 4 0 0 0
T 664 2 0 0 0
T 665 5 0 0 0
T 666 8 0 0 0
T 667 11 0 0 0
T 668 8 0 0 0
T 669 6 0 7 1
E 669 0 -1 -13
E 669 1 -1 -13
E 669 2 -1 -13
E 669 3 -1 -13
E 669 4 -1 -13
E 669 5 -1 -13
E 669 6 -1 -13
T 670 2 0 0 0
T 671 2 0 0 0
T 672 3 0 0 0
T 673 5 0 0 0
T 674 5 0 0 0
T 675 2 0 0 0
T 676 6 0 0 0
T 677 10 0 0 0
T 678 6 0 0 0
T 679 3 0 0 0
T 680 9 0 0 0
T 681 12 0 0 0
T 682 9 0 0 0
T 683 7 0 0 0
T 684 8 0 0 0
T 685 4 0 0 0
T 686 12 0 0 0
T 687 10 0 0 0
T 688 10 0 7 1
E 688 0 -1 -17
E 688 1 -1 -17
E 688 2 -1 -17
E 688 3 -1 -17
E 688 4 -1 -17
E 688 5 -1 -17
E 688 6 -1 -17
T 689 7 0 7 1
E 689 0 -1 -14
E 689 1 -1 -14
E 689 2 -1 -14
E 689 3 -1 -14
E 689 4 -1 -14
E 689 5 -1 -14
E 689 6 -1 -14
T 690 8 0 0 0
T 691 10 0 0 0
T 692 7 0 7 1
E 692 0 -1 -14
E 692 1 -1 -14
E 692 2 -1 -14
E 692 3 -1 -14
E 692 4 -1 -14
E 692 5 -1 -14
E 692 6 -1 -14
T 693 7 0 0 0
T 694 6 0 0 0
T 695 6 0 7 1
E 695 0 -1 -13
E 695 1 -1 -13
E 695 2 -1 -13
E 695 3 -1 -13
E 695 4 -1 -13
E 695 5 -1 -13
E 695 6 -1 -13
T 696 4 0 0 0
T 697 5 0 0 0
T 698 10 0 0 0
T 699 10 0 7 1
E 699 0 -1 -17
E 699 1 -1 -17
E 699 2 -1 -17
E 699 3 -1 -17
E 699 4 -1 -17
E 699 5 -1 -17
E 699 6 -1 -17
T 700 10 0 0 0
T 701 9 0 0 0
T 702 4 0 0 0
T 703 9 0 0 0
T 704 6 0 0 0
T 705 2 0 0 0
T 706 8 0 0 0
T 707 5 0 0 0
T 708 2 0 0 0
T 709 9 0 0 0
T 710 10 0 0 0
T 711 6 0 7 1
E 711 0 -1 -13
E 711 1 -1 -13
E 711 2 -1 -13
E 711 3 -1 -13
E 711 4 -1 -13
E 711 5 -1 -13
E 711 6 -1 -13
T 712 9 0 0 0
T 713 7 0 0 0
T 714 12 0 0 0
T 715 7 0 0 0
T 716 10 0 0 0
T 717 9 0 0 0
T 718 7 0 0 0
T 719 8 0 0 0
T 720 14 0 7 1
E 720 0 3 35
E 720 1 3 35
E 720 2 3 35
E 720 3 3 35
E 720 4 3 35
E 720 5 3 35
E 720 6 3 35
T 721 11 0 0 0
T 722 5 0 7 1
E 722 0 2 19
E 722 1 2 19
E 722 2 2 19
E 722 3 2 19
E 722 4 2 19
E 722 5 2 19
E 722 6 2 19
T 723 10 0 0 0
T 724 7 0 0 0
T 725 10 0 0 0
T 726 10 0 0 0
T 727 10 0 7 1
E 727 0 1 17
E 727 1 1 17
E 727 2 1 17
E 727 3 1 17
E 727 4 1 17
E 727 5 1 17
E 727 6 1 17
T 728 9 0 7 1
E 728 0 1 16
E 728 1 1 16
E 728 2 1 16
E 728 3 1 16
E 728 4 1 16
E 728 5 1 16
E 728 6 1 16
T 729 10 0 0 0
T 730 9 0 0 0
T 731 7 0 0 0
T 732 4 0 0 0
T 733 4 0 0 0
T 734 11 0 0 0
T 735 7 0 7 1
E 735 0 1 14
E 735 1 1 14
E 735 2 1 14
E 735 3 1 14
E 735 4 1 14
E 735 5 1 14
E 735 6 1 14
T 736 6 0 7 1
E 736 0 1 13
E 736 1 1 13
E 736 2 1 13
E 736 3 1 13
E 736 4 1 13
E 736 5 1 13
E 736 6 1 13
T 737 7 0 7 1
E 737 0 1 14
E 737 1 1 14
E 737 2 1 14
E 737 3 1 14
E 737 4 1 14
E 737 5 1 14
E 737 6 1 14
T 738 6 0 0 0
T 739 10 0 0 0
T 740 8 0 7 1
E 740 0 1 15
E 740 1 1 15
E 740 2 1 15
E 740 3 1 15
E 740 4 1 15
E 740 5 1 15
E 740 6 1 15
T 741 3 0 0 0
T 742 3 0 0 0
T 743 3 0 0 0
T 744 2 0 0 0
T 745 10 0 0 0
T 746 11 0 0 0
T 747 12 0 0 0
T 748 5 0 7 1
E 748 0 2 19
E 748 1 2 19
E 748 2 2 19
E 748 3 2 19
E 748 4 2 19
E 748 5 2 19
E 748 6 2 19
T 749 11 0 0 0
T 750 7 0 7 1
E 750 0 1 14
E 750 1 1 14
E 750 2 1 14
E 750 3 1 14
E 750 4 1 14
E 750 5 1 14
E 750 6 1 14
T 751 6 0 7 1
E 751 0 1 13
E 751 1 1 13
E 751 2 1 13
E 751 3 1 13
E 751 4 1 13
E 751 5 1 13
E 751 6 1 13
T 752 10 0 0 0
T 753 12 0 0 0
T 754 6 0 7 1
E 754 0 1 13
E 754 1 1 13
E 754 2 1 13
E 754 3 1 13
E 754 4 1 13
E 754 5 1 13
E 754 6 1 13
T 755 5 0 0 0
T 756 12 0 0 0
T 757 4 0 7 1
E 757 0 2 18
E 757 1 2 18
E 757 2 2 18
E 757 3 2 18
E 757 4 2 18
E 757 5 2 18
E 757 6 2 18
T 758 5 0 0 0
T 759 5 0 0 0
T 760 7 0 0 0
T 761 3 0 0 0
T 762 9 0 0 0
T 763 7 0 0 0
T 764 9 0 0 0
T 765 6 0 0 0
T 766 1 0 0 0
T 767 3 0 0 0
T 768 7 0 0 0
T 769 9 0 0 0
T 770 11 0 0 0
T 771 7 0 0 0
T 772 11 0 0 0
T 773 11 0 0 0
T 774 5 0 0 0
T 775 4 0 0 0
T 776 4 0 0 0
T 777 2 0 0 0
T 778 2 0 0 0
T 779 5 0 0 0
T 780 2 0 0 0
T 781 5 0 0 0
T 782 4 0 0 0
T 783 8 0 0 0
T 784 7 0 7 1
E 784 0 1 14
E 784 1 1 14
E 784 2 1 14
E 784 3 1 14
E 784 4 1 14
E 784 5 1 14
E 784 6 1 14
T 785 6 0 7 1
E 785 0 1 13
E 785 1 1 13
E 785 2 1 13
E 785 3 1 13
E 785 4 1 13
E 785 5 1 13
E 785 6 1 13
T 786 9 0 0 0
T 787 9 0 0 0
T 788 5 0 0 0
T 789 3 0 0 0
T 790 10 0 0 0
T 791 9 0 0 0
T 792 10 0 7 1
E 792 0 1 17
E 792 1 1 17
E 792 2 1 17
E 792 3 1 17
E 792 4 1 17
E 792 5 1 17
E 792 6 1 17
T 793 6 0 0 0
T 794 11 0 0 0
T 795 9 0 0 0
T 796 5 0 0 0
T 797 7 0 0 0
T 798 2 0 0 0
T 799 0 0 0 0
T 800 0 0 0 0
T 801 2 0 0 0
T 802 0 0 0 0
T 803 2 0 0 0
T 804 1 0 0 0
T 805 0 0 0 0
T 806 7 0 0 0
T 807 3 0 0 0
T 808 2 0 0 0
T 809 2 0 0 0
T 810 2 0 0 0
T 811 1 0 0 0
T 812 9 0 0 0
T 813 9 0 0 0
T 814 5 0 0 0
T 815 2 0 0 0
T 816 0 0 0 0
T 817 4 0 0 0
T 818 0 0 0 0
T 819 1 0 0 0
T 820 2 0 0 0
T 821 7 0 0 0
T 822 11 0 0 0
T 823 7 0 7 1
E 823 0 -1 -14
E 823 1 -1 -14
E 823 2 -1 -14
E 823 3 -1 -14
E 823 4 -1 -14
E 823 5 -1 -14
E 823 6 -1 -14
T 824 9 0 0 0
T 825 8 0 0 0
T 826 4 0 0 0
T 827 5 0 0 0
T 828 2 0 0 0
T 829 0 0 0 0
T 830 4 0 0 0
T 831 5 0 0 0
T 832 5 0 0 0
T 833 3 0 0 0
T 834 6 0 0 0
T 835 10 0 0 0
T 836 11 0 0 0
T 837 10 0 0 0
T 838 6 0 0 0
T 839 11 0 0 0
T 840 6 0 0 0
T 841 7 0 0 0
T 842 6 0 0 0
T 843 11 0 0 0
T 844 9 0 0 0
T 845 8 0 0 0
T 846 8 0 0 0
T 847 4 0 0 0
T 848 1 0 0 0
T 849 4 0 0 0
T 850 3 0 0 0
T 851 8 0 0 0
T 852 3 0 0 0
T 853 3 0 0 0
T 854 1 0 0 0
T 855 5 0 0 0
T 856 1 0 0 0
T 857 0 0 0 0
T 858 4 0 0 0
T 859 0 0 0 0
T 860 3 0 0 0
T 861 1 0 0 0
T 862 2 0 0 0
T 863 7 0 0 0
T 864 3 0 0 0
T 865 3 0 0 0
T 866 7 0 0 0
T 867 4 0 0 0
T 868 2 0 0 0
T 869 5 0 0 0
T 870 5 0 0 0
T 871 7 0 0 0
T 872 10 0 0 0
T 873 4 0 0 0
T 874 2 0 0 0
T 875 1 0 0 0
T 876 2 0 0 0
T 877 0 0 0 0
T 878 2 0 0 0
T 879 0 0 0 0
T 880 7 0 0 0
T 881 6 0 7 1
E 881 0 -1 -13
E 881 1 -1 -13
E 881 2 -1 -13
E 881 3 -1 -13
E 881 4 -1 -13
E 881 5 -1 -13
E 881 6 -1 -13
T 882 12 0 0 0
T 883 9 0 7 1
E 883 0 -1 -16
E 883 1 -1 -16
E 883 2 -1 -16
E 883 3 -1 -16
E 883 4 -1 -16
E 883 5 -1 -16
E 883 6 -1 -16
T 884 5 0 0 0
T 885 3 0 0 0
T 886 11 0 0 0
T 887 6 0 7 1
E 887 0 -1 -13
E 887 1 -1 -13
E 887 2 -1 -13
E 887 3 -1 -13
E 887 4 -1 -13
E 887 5 -1 -13
E 887 6 -1 -13
T 888 7 0 7 1
E 888 0 -1 -14
E 888 1 -1 -14
E 888 2 -1 -14
E 888 3 -1 -14
E 888 4 -1 -14
E 888 5 -1 -14
E 888 6 -1 -14
T 889 10 0 0 0
T 890 11 0 0 0
T 891 7 0 7 1
E 891 0 -1 -14
E 891 1 -1 -14
E 891 2 -1 -14
E 891 3 -1 -14
E 891 4 -1 -14
E 891 5 -1 -14
E 891 6 -1 -14
T 892 9 0 0 0
T 893 6 0 0 0
T 894 9 0 0 0
T 895 7 0 7 1
E 895 0 -1 -14
E 895 1 -1 -14
E 895 2 -1 -14
E 895 3 -1 -14
E 895 4 -1 -14
E 895 5 -1 -14
E 895 6 -1 -14
T 896 10 0 0 0
T 897 6 0 7 1
E 897 0 -1 -13
E 897 1 -1 -13
E 897 2 -1 -13
E 897 3 -1 -13
E 897 4 -1 -13
E 897 5 -1 -13
E 897 6 -1 -13
T 898 2 0 0 0
T 899 6 0 0 0
T 900 2 0 0 0
T 901 7 0 0 0
T 902 2 0 0 0
T 903 5 0 0 0
T 904 9 0 0 0
T 905 12 0 0 0
T 906 10 0 0 0
T 907 7 0 7 1
E 907 0 -1 -14
E 907 1 -1 -14
E 907 2 -1 -14
E 907 3 -1 -14
E 907 4 -1 -14
E 907 5 -1 -14
E 907 6 -1 -14
T 908 4 0 0 0
T 909 1 0 0 0
T 910 8 0 0 0
T 911 9 0 7 1
E 911 0 -1 -16
E 911 1 -1 -16
E 911 2 -1 -16
E 911 3 -1 -16
E 911 4 -1 -16
E 911 5 -1 -16
E 911 6 -1 -16
T 912 12 0 0 0
T 913 6 0 7 1
E 913 0 -1 -13
E 913 1 -1 -13
E 913 2 -1 -13
E 913 3 -1 -13
E 913 4 -1 -13
E 913 5 -1 -13
E 913 6 -1 -13
T 914 6 0 7 1
E 914 0 -1 -13
E 914 1 -1 -13
E 914 2 -1 -13
E 914 3 -1 -13
E 914 4 -1 -13
E 914 5 -1 -13
E 914 6 -1 -13
T 915 6 0 0 0
T 916 7 0 7 1
E 916 0 -1 -14
E 916 1 -1 -14
E 916 2 -1 -14
E 916 3 -1 -14
E 916 4 -1 -14
E 916 5 -1 -14
E 916 6 -1 -14
T 917 6 0 0 0
T 918 5 0 0 0
T 919 6 0 7 1
E 919 0 -1 -13
E 919 1 -1 -13
E 919 2 -1 -13
E 919 3 -1 -13
E 919 4 -1 -13
E 919 5 -1 -13
E 919 6 -1 -13
T 920 8 0 0 0
T 921 8 0 0 0
T 922 7 0 0 0
T 923 4 0 0 0
T 924 10 0 0 0
T 925 8 0 0 0
T 926 11 0 0 0
T 927 4 0 7 1
E 927 0 -2 -18
E 927 1 -2 -18
E 927 2 -2 -18
E 927 3 -2 -18
E 927 4 -2 -18
E 927 5 -2 -18
E 927 6 -2 -18
T 928 5 0 0 0
T 929 6 0 0 0
T 930 12 0 0 0
T 931 9 0 0 0
T 932 8 0 0 0
T 933 4 0 0 0
T 934 12 0 0 0
T 935 12 0 0 0
T 936 8 0 7 1
E 936 0 -1 -15
E 936 1 -1 -15
E 936 2 -1 -15
E 936 3 -1 -15
E 936 4 -1 -15
E 936 5 -1 -15
E 936 6 -1 -15
T 937 4 0 0 0
T 938 4 0 0 0
T 939 7 0 0 0
T 940 6 0 0 0
T 941 12 0 0 0
T 942 11 0 0 0
T 943 10 0 7 1
E 943 0 -1 -17
E 943 1 -1 -17
E 943 2 -1 -17
E 943 3 -1 -17
E 943 4 -1 -17
E 943 5 -1 -17
E 943 6 -1 -17
T 944 8 0 0 0
T 945 4 0 0 0
T 946 7 0 0 0
T 947 4 0 0 0
T 948 6 0 0 0
T 949 6 0 7 1
E 949 0 -1 -13
E 949 1 -1 -13
E 949 2 -1 -13
E 949 3 -1 -13
E 949 4 -1 -13
E 949 5 -1 -13
E 949 6 -1 -13
T 950 6 0 7 1
E 950 0 -1 -13
E 950 1 -1 -13
E 950 2 -1 -13
E 950 3 -1 -13
E 950 4 -1 -13
E 950 5 -1 -13
E 950 6 -1 -13
T 951 5 0 0 0
T 952 3 0 0 0
T 953 0 0 0 0
T 954 1 0 0 0
T 955 3 0 0 0
T 956 6 0 0 0
T 957 1 0 0 0
T 958 5 0 0 0
T 959 10 0 0 0
T 960 10 0 7 1
E 960 0 4 38
E 960 1 4 38
E 960 2 4 38
E 960 3 4 38
E 960 4 4 38
E 960 5 4 38
E 960 6 4 38
T 961 8 0 7 1
E 961 0 1 15
E 961 1 1 15
E 961 2 1 15
E 961 3 1 15
E 961 4 1 15
E 961 5 1 15
E 961 6 1 15
T 962 6 0 0 0
T 963 9 0 0 0
T 964 8 0 0 0
T 965 6 0 7 1
E 965 0 1 13
E 965 1 1 13
E 965 2 1 13
E 965 3 1 13
E 965 4 1 13
E 965 5 1 13
E 965 6 1 13
T 966 7 0 0 0
T 967 6 0 0 0
T 968 7 0 0 0
T 969 8 0 7 1
E 969 0 1 15
E 969 1 1 15
E 969 2 1 15
E 969 3 1 15
E 969 4 1 15
E 969 5 1 15
E 969 6 1 15
T 970 6 0 0 0
T 971 3 0 0 0
T 972 3 0 0 0
T 973 0 0 0 0
T 974 3 0 0 0
T 975 3 0 0 0
T 976 10 0 0 0
T 977 9 0 7 1
E 977 0 1 16
E 977 1 1 16
E 977 2 1 16
E 977 3 1 16
E 977 4 1 16
E 977 5 1 16
E 977 6 1 16
T 978 7 0 7 1
E 978 0 1 14
E 978 1 1 14
E 978 2 1 14
E 978 3 1 14
E 978 4 1 14
E 978 5 1 14
E 978 6 1 14
T 979 11 0 0 0
T 980 8 0 0 0
T 981 3 0 0 0
T 982 2 0 0 0
T 983 4 0 0 0
T 984 11 0 0 0
T 985 9 0 0 0
T 986 7 0 0 0
T 987 3 0 0 0
T 988 6 0 0 0
T 989 6 0 7 1
E 989 0 1 13
E 989 1 1 13
E 989 2 1 13
E 989 3 1 13
E 989 4 1 13
E 989 5 1 13
E 989 6 1 13
T 990 4 0 0 0
T 991 10 0 0 0
T 992 7 0 7 1
E 992 0 1 14
E 992 1 1 14
E 992 2 1 14
E 992 3 1 14
E 992 4 1 14
E 992 5 1 14
E 992 6 1 14
T 993 7 0 0 0
T 994 8 0 7 1
E 994 0 1 15
E 994 1 1 15
E 994 2 1 15
E 994 3 1 15
E 994 4 1 15
E 994 5 1 15
E 994 6 1 15
T 995 12 0 0 0
T 996 12 0 0 0
T 997 6 0 7 1
E 997 0 2 20
E 997 1 2 20
E 997 2 2 20
E 997 3 2 20
E 997 4 2 20
E 997 5 2 20
E 997 6 2 20
T 998 8 0 0 0
T 999 9 0 0 0
T 1000 12 0 0 0
T 1001 12 0 0 0
T 1002 10 0 0 0
T 1003 8 0 7 1
E 1003 0 1 15
E 1003 1 1 15
E 1003 2 1 15
E 1003 3 1 15
E 1003 4 1 15
E 1003 5 1 15
E 1003 6 1 15
T 1004 6 0 0 0
T 1005 6 0 0 0
T 1006 6 0 7 1
E 1006 0 1 13
E 1006 1 1 13
E 1006 2 1 13
E 1006 3 1 13
E 1006 4 1 13
E 1006 5 1 13
E 1006 6 1 13
T 1007 3 0 0 0
T 1008 0 0 0 0
T 1009 1 0 0 0
T 1010 1 0 0 0
T 1011 4 0 0 0
T 1012 6 0 0 0
T 1013 10 0 0 0
T 1014 9 0 0 0
T 1015 11 0 0 0
T 1016 8 0 7 1
E 1016 0 -1 -15
E 1016 1 -1 -15
E 1016 2 -1 -15
E 1016 3 -1 -15
E 1016 4 -1 -15
E 1016 5 -1 -15
E 1016 6 -1 -15
T 1017 12 0 0 0
T 1018 12 0 0 0
T 1019 7 0 7 1
E 1019 0 -1 -14
E 1019 1 -1 -14
E 1019 2 -1 -14
E 1019 3 -1 -14
E 1019 4 -1 -14
E 1019 5 -1 -14
E 1019 6 -1 -14
T 1020 8 0 0 0
T 1021 7 0 0 0
T 1022 10 0 0 0
T 1023 5 0 0 0
T 1024 9 0 0 0
T 1025 6 0 7 1
E 1025 0 -1 -13
E 1025 1 -1 -13
E 1025 2 -1 -13
E 1025 3 -1 -13
E 1025 4 -1 -13
E 1025 5 -1 -13
E 1025 6 -1 -13
T 1026 1 0 0 0
T 1027 8 0 0 0
T 1028 6 0 0 0
T 1029 12 0 0 0
T 1030 6 0 7 1
E 1030 0 1 13
E 1030 1 1 13
E 1030 2 1 13
E 1030 3 1 13
E 1030 4 1 13
E 1030 5 1 13
E 1030 6 1 13
T 1031 12 0 0 0
T 1032 7 0 7 1
E 1032 0 1 14
E 1032 1 1 14
E 1032 2 1 14
E 1032 3 1 14
E 1032 4 1 14
E 1032 5 1 14
E 1032 6 1 14
T 1033 8 0 0 0
T 1034 8 0 7 1
E 1034 0 1 15
E 1034 1 1 15
E 1034 2 1 15
E 1034 3 1 15
E 1034 4 1 15
E 1034 5 1 15
E 1034 6 1 15
T 1035 12 0 0 0
T 1036 8 0 7 1
E 1036 0 1 15
E 1036 1 1 15
E 1036 2 1 15
E 1036 3 1 15
E 1036 4 1 15
E 1036 5 1 15
E 1036 6 1 15
T 1037 9 0 0 0
T 1038 6 0 0 0
T 1039 6 0 7 1
E 1039 0 1 13
E 1039 1 1 13
E 1039 2 1 13
E 1039 3 1 13
E 1039 4 1 13
E 1039 5 1 13
E 1039 6 1 13
T 1040 9 0 0 0
T 1041 9 0 0 0
T 1042 10 0 0 0
T 1043 9 0 0 0
T 1044 9 0 7 1
E 1044 0 1 16
E 1044 1 1 16
E 1044 2 1 16
E 1044 3 1 16
E 1044 4 1 16
E 1044 5 1 16
E 1044 6 1 16
T 1045 8 0 7 1
E 1045 0 1 15
E 1045 1 1 15
E 1045 2 1 15
E 1045 3 1 15
E 1045 4 1 15
E 1045 5 1 15
E 1045 6 1 15
T 1046 8 0 0 0
T 1047 7 0 0 0
T 1048 4 0 0 0
T 1049 7 0 0 0
T 1050 7 0 0 0
T 1051 5 0 0 0
T 1052 4 0 0 0
T 1053 3 0 0 0
T 1054 3 0 0 0
T 1055 3 0 0 0
T 1056 10 0 0 0
T 1057 6 0 7 1
E 1057 0 1 13
E 1057 1 1 13
E 1057 2 1 13
E 1057 3 1 13
E 1057 4 1 13
E 1057 5 1 13
E 1057 6 1 13
T 1058 8 0 0 0
T 1059 3 0 0 0
T 1060 7 0 0 0
T 1061 9 0 0 0
T 1062 6 0 7 1
E 1062 0 1 13
E 1062 1 1 13
E 1062 2 1 13
E 1062 3 1 13
E 1062 4 1 13
E 1062 5 1 13
E 1062 6 1 13
T 1063 1 0 0 0
T 1064 4 0 0 0
T 1065 2 0 0 0
T 1066 3 0 0 0
T 1067 4 0 0 0
T 1068 5 0 0 0
T 1069 10 0 0 0
T 1070 5 0 0 0
T 1071 1 0 0 0
T 1072 6 0 0 0
T 1073 4 0 0 0
T 1074 11 0 0 0
T 1075 9 0 7 1
E 1075 0 -1 -16
E 1075 1 -1 -16
E 1075 2 -1 -16
E 1075 3 -1 -16
E 1075 4 -1 -16
E 1075 5 -1 -16
E 1075 6 -1 -16
T 1076 7 0 7 1
E 1076 0 -1 -14
E 1076 1 -1 -14
E 1076 2 -1 -14
E 1076 3 -1 -14
E 1076 4 -1 -14
E 1076 5 -1 -14
E 1076 6 -1 -14
T 1077 7 0 0 0
T 1078 9 0 0 0
T 1079 6 0 7 1
E 1079 0 -1 -13
E 1079 1 -1 -13
E 1079 2 -1 -13
E 1079 3 -1 -13
E 1079 4 -1 -13
E 1079 5 -1 -13
E 1079 6 -1 -13
T 1080 6 0 0 0
T 1081 7 0 0 0
T 1082 6 0 0 0
T 1083 5 0 0 0
T 1084 11 0 0 0
T 1085 7 0 0 0
T 1086 12 0 0 0
T 1087 7 0 7 1
E 1087 0 -1 -14
E 1087 1 -1 -14
E 1087 2 -1 -14
E 1087 3 -1 -14
E 1087 4 -1 -14
E 1087 5 -1 -14
E 1087 6 -1 -14
T 1088 12 0 0 0
T 1089 10 0 0 0
T 1090 9 0 7 1
E 1090 0 -1 -16
E 1090 1 -1 -16
E 1090 2 -1 -16
E 1090 3 -1 -16
E 1090 4 -1 -16
E 1090 5 -1 -16
E 1090 6 -1 -16
T 1091 7 0 0 0
T 1092 6 0 7 1
E 1092 0 -1 -13
E 1092 1 -1 -13
E 1092 2 -1 -13
E 1092 3 -1 -13
E 1092 4 -1 -13
E 1092 5 -1 -13
E 1092 6 -1 -13
T 1093 3 0 0 0
T 1094 1 0 0 0
T 1095 3 0 0 0
T 1096 6 0 0 0
T 1097 1 0 0 0
T 1098 6 0 0 0
T 1099 7 0 0 0
T 1100 7 0 7 1
E 1100 0 -1 -14
E 1100 1 -1 -14
E 1100 2 -1 -14
E 1100 3 -1 -14
E 1100 4 -1 -14
E 1100 5 -1 -14
E 1100 6 -1 -14
T 1101 4 0 0 0
T 1102 10 0 0 0
T 1103 5 0 0 0
T 1104 6 0 0 0
T 1105 6 0 0 0
T 1106 12 0 0 0
T 1107 9 0 0 0
T 1108 5 0 0 0
T 1109 12 0 0 0
T 1110 7 0 7 1
E 1110 0 -1 -14
E 1110 1 -1 -14
E 1110 2 -1 -14
E 1110 3 -1 -14
E 1110 4 -1 -14
E 1110 5 -1 -14
E 1110 6 -1 -14
T 1111 4 0 0 0
T 1112 0 0 0 0
T 1113 6 0 0 0
T 1114 11 0 0 0
T 1115 11 0 0 0
T 1116 5 0 7 1
E 1116 0 -2 -19
E 1116 1 -2 -19
E 1116 2 -2 -19
E 1116 3 -2 -19
E 1116 4 -2 -19
E 1116 5 -2 -19
E 1116 6 -2 -19
T 1117 4 0 0 0
T 1118 8 0 0 0
T 1119 12 0 0 0
T 1120 8 0 7 1
E 1120 0 -1 -15
E 1120 1 -1 -15
E 1120 2 -1 -15
E 1120 3 -1 -15
E 1120 4 -1 -15
E 1120 5 -1 -15
E 1120 6 -1 -15
T 1121 7 0 7 1
E 1121 0 -1 -14
E 1121 1 -1 -14
E 1121 2 -1 -14
E 1121 3 -1 -14
E 1121 4 -1 -14
E 1121 5 -1 -14
E 1121 6 -1 -14
T 1122 11 0 0 0
T 1123 11 0 0 0
T 1124 10 0 0 0
T 1125 10 0 0 0
T 1126 7 0 0 0
T 1127 10 0 0 0
T 1128 8 0 7 1
E 1128 0 -1 -15
E 1128 1 -1 -15
E 1128 2 -1 -15
E 1128 3 -1 -15
E 1128 4 -1 -15
E 1128 5 -1 -15
E 1128 6 -1 -15
T 1129 6 0 7 1
E 1129 0 -1 -13
E 1129 1 -1 -13
E 1129 2 -1 -13
E 1129 3 -1 -13
E 1129 4 -1 -13
E 1129 5 -1 -13
E 1129 6 -1 -13
T 1130 7 0 0 0
T 1131 10 0 0 0
T 1132 10 0 0 0
T 1133 9 0 0 0
T 1134 8 0 7 1
E 1134 0 -1 -15
E 1134 1 -1 -15
E 1134 2 -1 -15
E 1134 3 -1 -15
E 1134 4 -1 -15
E 1134 5 -1 -15
E 1134 6 -1 -15
T 1135 6 0 0 0
T 1136 9 0 0 0
T 1137 7 0 7 1
E 1137 0 -1 -14
E 1137 1 -1 -14
E 1137 2 -1 -14
E 1137 3 -1 -14
E 1137 4 -1 -14
E 1137 5 -1 -14
E 1137 6 -1 -14
T 1138 8 0 7 1
E 1138 0 -1 -15
E 1138 1 -1 -15
E 1138 2 -1 -15
E 1138 3 -1 -15
E 1138 4 -1 -15
E 1138 5 -1 -15
E 1138 6 -1 -15
T 1139 11 0 0 0
T 1140 9 0 0 0
T 1141 9 0 7 1
E 1141 0 -1 -16
E 1141 1 -1 -16
E 1141 2 -1 -16
E 1141 3 -1 -16
E 1141 4 -1 -16
E 1141 5 -1 -16
E 1141 6 -1 -16
T 1142 12 0 0 0
T 1143 9 0 0 0
T 1144 10 0 0 0
T 1145 12 0 0 0
T 1146 8 0 7 1
E 1146 0 -1 -15
E 1146 1 -1 -15
E 1146 2 -1 -15
E 1146 3 -1 -15
E 1146 4 -1 -15
E 1146 5 -1 -15
E 1146 6 -1 -15
T 1147 8 0 0 0
T 1148 7 0 7 1
E 1148 0 -1 -14
E 1148 1 -1 -14
E 1148 2 -1 -14
E 1148 3 -1 -14
E 1148 4 -1 -14
E 1148 5 -1 -14
E 1148 6 -1 -14
T 1149 6 0 7 1
E 1149 0 -1 -13
E 1149 1 -1 -13
E 1149 2 -1 -13
E 1149 3 -1 -13
E 1149 4 -1 -13
E 1149 5 -1 -13
E 1149 6 -1 -13
T 1150 2 0 0 0
T 1151 6 0 0 0
T 1152 6 0 7 1
E 1152 0 -1 -13
E 1152 1 -1 -13
E 1152 2 -1 -13
E 1152 3 -1 -13
E 1152 4 -1 -13
E 1152 5 -1 -13
E 1152 6 -1 -13
T 1153 6 0 7 1
E 1153 0 -1 -13
E 1153 1 -1 -13
E 1153 2 -1 -13
E 1153 3 -1 -13
E 1153 4 -1 -13
E 1153 5 -1 -13
E 1153 6 -1 -13
T 1154 2 0 0 0
T 1155 8 0 0 0
T 1156 6 0 7 1
E 1156 0 -1 -13
E 1156 1 -1 -13
E 1156 2 -1 -13
E 1156 3 -1 -13
E 1156 4 -1 -13
E 1156 5 -1 -13
E 1156 6 -1 -13
T 1157 9 0 0 0
T 1158 10 0 0 0
T 1159 9 0 7 1
E 1159 0 -1 -16
E 1159 1 -1 -16
E 1159 2 -1 -16
E 1159 3 -1 -16
E 1159 4 -1 -16
E 1159 5 -1 -16
E 1159 6 -1 -16
T 1160 11 0 0 0
T 1161 5 0 7 1
E 1161 0 -2 -19
E 1161 1 -2 -19
E 1161 2 -2 -19
E 1161 3 -2 -19
E 1161 4 -2 -19
E 1161 5 -2 -19
E 1161 6 -2 -19
T 1162 10 0 0 0
T 1163 8 0 0 0
T 1164 10 0 0 0
T 1165 11 0 0 0
T 1166 10 0 7 1
E 1166 0 -1 -17
E 1166 1 -1 -17
E 1166 2 -1 -17
E 1166 3 -1 -17
E 1166 4 -1 -17
E 1166 5 -1 -17
E 1166 6 -1 -17
T 1167 7 0 7 1
E 1167 0 -1 -14
E 1167 1 -1 -14
E 1167 2 -1 -14
E 1167 3 -1 -14
E 1167 4 -1 -14
E 1167 5 -1 -14
E 1167 6 -1 -14
T 1168 7 0 7 1
E 1168 0 -1 -14
E 1168 1 -1 -14
E 1168 2 -1 -14
E 1168 3 -1 -14
E 1168 4 -1 -14
E 1168 5 -1 -14
E 1168 6 -1 -14
T 1169 6 0 7 1
E 1169 0 -1 -13
E 1169 1 -1 -13
E 1169 2 -1 -13
E 1169 3 -1 -13
E 1169 4 -1 -13
E 1169 5 -1 -13
E 1169 6 -1 -13
T 1170 5 0 0 0
T 1171 10 0 0 0
T 1172 10 0 7 1
E 1172 0 -1 -17
E 1172 1 -1 -17
E 1172 2 -1 -17
E 1172 3 -1 -17
E 1172 4 -1 -17
E 1172 5 -1 -17
E 1172 6 -1 -17
T 1173 7 0 7 1
E 1173 0 -1 -14
E 1173 1 -1 -14
E 1173 2 -1 -14
E 1173 3 -1 -14
E 1173 4 -1 -14
E 1173 5 -1 -14
E 1173 6 -1 -14
T 1174 6 0 7 1
E 1174 0 -1 -13
E 1174 1 -1 -13
E 1174 2 -1 -13
E 1174 3 -1 -13
E 1174 4 -1 -13
E 1174 5 -1 -13
E 1174 6 -1 -13
T 1175 12 0 0 0
T 1176 7 0 7 1
E 1176 0 -1 -14
E 1176 1 -1 -14
E 1176 2 -1 -14
E 1176 3 -1 -14
E 1176 4 -1 -14
E 1176 5 -1 -14
E 1176 6 -1 -14
T 1177 8 0 0 0
T 1178 8 0 0 0
T 1179 12 0 0 0
T 1180 6 0 7 1
E 1180 0 -1 -13
E 1180 1 -1 -13
E 1180 2 -1 -13
E 1180 3 -1 -13
E 1180 4 -1 -13
E 1180 5 -1 -13
E 1180 6 -1 -13
T 1181 6 0 7 1
E 1181 0 -1 -13
E 1181 1 -1 -13
E 1181 2 -1 -13
E 1181 3 -1 -13
E 1181 4 -1 -13
E 1181 5 -1 -13
E 1181 6 -1 -13
T 1182 10 0 0 0
T 1183 11 0 0 0
T 1184 9 0 7 1
E 1184 0 -1 -16
E 1184 1 -1 -16
E 1184 2 -1 -16
E 1184 3 -1 -16
E 1184 4 -1 -16
E 1184 5 -1 -16
E 1184 6 -1 -16
T 1185 6 0 0 0
T 1186 2 0 0 0
T 1187 4 0 0 0
T 1188 12 0 0 0
T 1189 6 0 7 1
E 1189 0 -2 -20
E 1189 1 -2 -20
E 1189 2 -2 -20
E 1189 3 -2 -20
E 1189 4 -2 -20
E 1189 5 -2 -20
E 1189 6 -2 -20
T 1190 4 0 0 0
T 1191 8 0 0 0
T 1192 11 0 0 0
T 1193 10 0 0 0
T 1194 9 0 0 0
T 1195 12 0 0 0
T 1196 10 0 7 1
E 1196 0 -1 -17
E 1196 1 -1 -17
E 1196 2 -1 -17
E 1196 3 -1 -17
E 1196 4 -1 -17
E 1196 5 -1 -17
E 1196 6 -1 -17
T 1197 5 0 0 0
T 1198 10 0 0 0
T 1199 12 0 0 0
T 1200 12 0 7 1
E 1200 0 4 40
E 1200 1 4 40
E 1200 2 4 40
E 1200 3 4 40
E 1200 4 4 40
E 1200 5 4 40
E 1200 6 4 40
T 1201 9 0 0 0
T 1202 6 0 7 1
E 1202 0 1 13
E 1202 1 1 13
E 1202 2 1 13
E 1202 3 1 13
E 1202 4 1 13
E 1202 5 1 13
E 1202 6 1 13
T 1203 8 0 0 0
T 1204 7 0 7 1
E 1204 0 1 14
E 1204 1 1 14
E 1204 2 1 14
E 1204 3 1 14
E 1204 4 1 14
E 1204 5 1 14
E 1204 6 1 14
T 1205 10 0 0 0
T 1206 10 0 7 1
E 1206 0 1 17
E 1206 1 1 17
E 1206 2 1 17
E 1206 3 1 17
E 1206 4 1 17
E 1206 5 1 17
E 1206 6 1 17
T 1207 10 0 0 0
T 1208 11 0 0 0
T 1209 10 0 0 0
T 1210 7 0 7 1
E 1210 0 1 14
E 1210 1 1 14
E 1210 2 1 14
E 1210 3 1 14
E 1210 4 1 14
E 1210 5 1 14
E 1210 6 1 14
T 1211 7 0 7 1
E 1211 0 1 14
E 1211 1 1 14
E 1211 2 1 14
E 1211 3 1 14
E 1211 4 1 14
E 1211 5 1 14
E 1211 6 1 14
T 1212 9 0 0 0
T 1213 6 0 0 0
T 1214 4 0 0 0
T 1215 9 0 0 0
T 1216 10 0 0 0
T 1217 8 0 7 1
E 1217 0 1 15
E 1217 1 1 15
E 1217 2 1 15
E 1217 3 1 15
E 1217 4 1 15
E 1217 5 1 15
E 1217 6 1 15
T 1218 7 0 0 0
T 1219 7 0 7 1
E 1219 0 1 14
E 1219 1 1 14
E 1219 2 1 14
E 1219 3 1 14
E 1219 4 1 14
E 1219 5 1 14
E 1219 6 1 14
T 1220 4 0 0 0
T 1221 8 0 0 0
T 1222 12 0 0 0
T 1223 7 0 7 1
E 1223 0 1 14
E 1223 1 1 14
E 1223 2 1 14
E 1223 3 1 14
E 1223 4 1 14
E 1223 5 1 14
E 1223 6 1 14
T 1224 8 0 7 1
E 1224 0 1 15
E 1224 1 1 15
E 1224 2 1 15
E 1224 3 1 15
E 1224 4 1 15
E 1224 5 1 15
E 1224 6 1 15
T 1225 5 0 0 0
T 1226 2 0 0 0
T 1227 5 0 0 0
T 1228 12 0 0 0
T 1229 8 0 7 1
E 1229 0 1 15
E 1229 1 1 15
E 1229 2 1 15
E 1229 3 1 15
E 1229 4 1 15
E 1229 5 1 15
E 1229 6 1 15
T 1230 12 0 0 0
T 1231 12 0 0 0
T 1232 10 0 7 1
E 1232 0 1 17
E 1232 1 1 17
E 1232 2 1 17
E 1232 3 1 17
E 1232 4 1 17
E 1232 5 1 17
E 1232 6 1 17
T 1233 7 0 7 1
E 1233 0 1 14
E 1233 1 1 14
E 1233 2 1 14
E 1233 3 1 14
E 1233 4 1 14
E 1233 5 1 14
E 1233 6 1 14
T 1234 12 0 0 0
T 1235 10 0 7 1
E 1235 0 1 17
E 1235 1 1 17
E 1235 2 1 17
E 1235 3 1 17
E 1235 4 1 17
E 1235 5 1 17
E 1235 6 1 17
T 1236 12 0 0 0
T 1237 9 0 7 1
E 1237 0 1 16
E 1237 1 1 16
E 1237 2 1 16
E 1237 3 1 16
E 1237 4 1 16
E 1237 5 1 16
E 1237 6 1 16
T 1238 9 0 0 0
T 1239 7 0 7 1
E 1239 0 1 14
E 1239 1 1 14
E 1239 2 1 14
E 1239 3 1 14
E 1239 4 1 14
E 1239 5 1 14
E 1239 6 1 14
T 1240 8 0 0 0
T 1241 10 0 0 0
T 1242 8 0 7 1
E 1242 0 1 15
E 1242 1 1 15
E 1242 2 1 15
E 1242 3 1 15
E 1242 4 1 15
E 1242 5 1 15
E 1242 6 1 15
T 1243 10 0 0 0
T 1244 7 0 7 1
E 1244 0 1 14
E 1244 1 1 14
E 1244 2 1 14
E 1244 3 1 14
E 1244 4 1 14
E 1244 5 1 14
E 1244 6 1 14
T 1245 4 0 0 0
T 1246 6 0 0 0
T 1247 7 0 7 1
E 1247 0 1 14
E 1247 1 1 14
E 1247 2 1 14
E 1247 3 1 14
E 1247 4 1 14
E 1247 5 1 14
E 1247 6 1 14
T 1248 7 0 0 0
T 1249 6 0 0 0
T 1250 12 0 0 0
T 1251 5 0 7 1
E 1251 0 2 19
E 1251 1 2 19
E 1251 2 2 19
E 1251 3 2 19
E 1251 4 2 19
E 1251 5 2 19
E 1251 6 2 19
T 1252 7 0 0 0
T 1253 9 0 0 0
T 1254 5 0 0 0
T 1255 6 0 7 1
E 1255 0 1 13
E 1255 1 1 13
E 1255 2 1 13
E 1255 3 1 13
E 1255 4 1 13
E 1255 5 1 13
E 1255 6 1 13
T 1256 8 0 0 0
T 1257 8 0 0 0
T 1258 8 0 7 1
E 1258 0 1 15
E 1258 1 1 15
E 1258 2 1 15
E 1258 3 1 15
E 1258 4 1 15
E 1258 5 1 15
E 1258 6 1 15
T 1259 6 0 0 0
T 1260 7 0 0 0
T 1261 10 0 0 0
T 1262 7 0 0 0
T 1263 12 0 0 0
T 1264 7 0 7 1
E 1264 0 1 14
E 1264 1 1 14
E 1264 2 1 14
E 1264 3 1 14
E 1264 4 1 14
E 1264 5 1 14
E 1264 6 1 14
T 1265 9 0 0 0
T 1266 7 0 0 0
T 1267 4 0 0 0
T 1268 9 0 0 0
T 1269 7 0 7 1
E 1269 0 1 14
E 1269 1 1 14
E 1269 2 1 14
E 1269 3 1 14
E 1269 4 1 14
E 1269 5 1 14
E 1269 6 1 14
T 1270 7 0 7 1
E 1270 0 1 14
E 1270 1 1 14
E 1270 2 1 14
E 1270 3 1 14
E 1270 4 1 14
E 1270 5 1 14
E 1270 6 1 14
T 1271 6 0 7 1
E 1271 0 1 13
E 1271 1 1 13
E 1271 2 1 13
E 1271 3 1 13
E 1271 4 1 13
E 1271 5 1 13
E 1271 6 1 13
T 1272 7 0 7 1
E 1272 0 1 14
E 1272 1 1 14
E 1272 2 1 14
E 1272 3 1 14
E 1272 4 1 14
E 1272 5 1 14
E 1272 6 1 14
T 1273 4 0 0 0
T 1274 4 0 0 0
T 1275 5 0 0 0
T 1276 6 0 0 0
T 1277 6 0 7 1
E 1277 0 1 13
E 1277 1 1 13
E 1277 2 1 13
E 1277 3 1 13
E 1277 4 1 13
E 1277 5 1 13
E 1277 6 1 13
T 1278 12 0 0 0
T 1279 4 0 7 1
E 1279 0 2 18
E 1279 1 2 18
E 1279 2 2 18
E 1279 3 2 18
E 1279 4 2 18
E 1279 5 2 18
E 1279 6 2 18
T 1280 9 0 0 0
T 1281 7 0 7 1
E 1281 0 1 14
E 1281 1 1 14
E 1281 2 1 14
E 1281 3 1 14
E 1281 4 1 14
E 1281 5 1 14
E 1281 6 1 14
T 1282 7 0 7 1
E 1282 0 1 14
E 1282 1 1 14
E 1282 2 1 14
E 1282 3 1 14
E 1282 4 1 14
E 1282 5 1 14
E 1282 6 1 14
T 1283 7 0 7 1
E 1283 0 1 14
E 1283 1 1 14
E 1283 2 1 14
E 1283 3 1 14
E 1283 4 1 14
E 1283 5 1 14
E 1283 6 1 14
T 1284 4 0 0 0
T 1285 11 0 0 0
T 1286 9 0 7 1
E 1286 0 1 16
E 1286 1 1 16
E 1286 2 1 16
E 1286 3 1 16
E 1286 4 1 16
E 1286 5 1 16
E 1286 6 1 16
T 1287 8 0 0 0
T 1288 8 0 7 1
E 1288 0 1 15
E 1288 1 1 15
E 1288 2 1 15
E 1288 3 1 15
E 1288 4 1 15
E 1288 5 1 15
E 1288 6 1 15
T 1289 7 0 0 0
T 1290 10 0 0 0
T 1291 7 0 7 1
E 1291 0 1 14
E 1291 1 1 14
E 1291 2 1 14
E 1291 3 1 14
E 1291 4 1 14
E 1291 5 1 14
E 1291 6 1 14
T 1292 8 0 0 0
T 1293 3 0 0 0
T 1294 5 0 0 0
T 1295 9 0 0 0
T 1296 6 0 7 1
E 1296 0 1 13
E 1296 1 1 13
E 1296 2 1 13
E 1296 3 1 13
E 1296 4 1 13
E 1296 5 1 13
E 1296 6 1 13
T 1297 2 0 0 0
T 1298 2 0 0 0
T 1299 8 0 0 0
T 1300 10 0 0 0
T 1301 12 0 0 0
T 1302 8 0 0 0
T 1303 7 0 7 1
E 1303 0 -1 -14
E 1303 1 -1 -14
E 1303 2 -1 -14
E 1303 3 -1 -14
E 1303 4 -1 -14
E 1303 5 -1 -14
E 1303 6 -1 -14
T 1304 7 0 7 1
E 1304 0 -1 -14
E 1304 1 -1 -14
E 1304 2 -1 -14
E 1304 3 -1 -14
E 1304 4 -1 -14
E 1304 5 -1 -14
E 1304 6 -1 -14
T 1305 5 0 0 0
T 1306 9 0 0 0
T 1307 10 0 0 0
T 1308 10 0 7 1
E 1308 0 -1 -17
E 1308 1 -1 -17
E 1308 2 -1 -17
E 1308 3 -1 -17
E 1308 4 -1 -17
E 1308 5 -1 -17
E 1308 6 -1 -17
T 1309 9 0 7 1
E 1309 0 -1 -16
E 1309 1 -1 -16
E 1309 2 -1 -16
E 1309 3 -1 -16
E 1309 4 -1 -16
E 1309 5 -1 -16
E 1309 6 -1 -16
T 1310 8 0 0 0
T 1311 8 0 7 1
E 1311 0 -1 -15
E 1311 1 -1 -15
E 1311 2 -1 -15
E 1311 3 -1 -15
E 1311 4 -1 -15
E 1311 5 -1 -15
E 1311 6 -1 -15
T 1312 7 0 7 1
E 1312 0 -1 -14
E 1312 1 -1 -14
E 1312 2 -1 -14
E 1312 3 -1 -14
E 1312 4 -1 -14
E 1312 5 -1 -14
E 1312 6 -1 -14
T 1313 2 0 0 0
T 1314 0 0 0 0
T 1315 3 0 0 0
T 1316 6 0 0 0
T 1317 4 0 0 0
T 1318 1 0 0 0
T 1319 6 0 0 0
T 1320 12 0 0 0
T 1321 12 0 0 0
T 1322 8 0 0 0
T 1323 6 0 7 1
E 1323 0 -1 -13
E 1323 1 -1 -13
E 1323 2 -1 -13
E 1323 3 -1 -13
E 1323 4 -1 -13
E 1323 5 -1 -13
E 1323 6 -1 -13
T 1324 5 0 0 0
T 1325 9 0 0 0
T 1326 7 0 7 1
E 1326 0 -1 -14
E 1326 1 -1 -14
E 1326 2 -1 -14
E 1326 3 -1 -14
E 1326 4 -1 -14
E 1326 5 -1 -14
E 1326 6 -1 -14
T 1327 10 0 0 0
T 1328 5 0 0 0
T 1329 2 0 0 0
T 1330 7 0 0 0
T 1331 7 0 0 0
T 1332 5 0 0 0
T 1333 9 0 0 0
T 1334 9 0 7 1
E 1334 0 -1 -16
E 1334 1 -1 -16
E 1334 2 -1 -16
E 1334 3 -1 -16
E 1334 4 -1 -16
E 1334 5 -1 -16
E 1334 6 -1 -16
T 1335 12 0 0 0
T 1336 10 0 7 1
E 1336 0 -1 -17
E 1336 1 -1 -17
E 1336 2 -1 -17
E 1336 3 -1 -17
E 1336 4 -1 -17
E 1336 5 -1 -17
E 1336 6 -1 -17
T 1337 9 0 0 0
T 1338 9 0 0 0
T 1339 8 0 0 0
T 1340 6 0 7 1
E 1340 0 -1 -13
E 1340 1 -1 -13
E 1340 2 -1 -13
E 1340 3 -1 -13
E 1340 4 -1 -13
E 1340 5 -1 -13
E 1340 6 -1 -13
T 1341 6 0 7 1
E 1341 0 -1 -13
E 1341 1 -1 -13
E 1341 2 -1 -13
E 1341 3 -1 -13
E 1341 4 -1 -13
E 1341 5 -1 -13
E 1341 6 -1 -13
T 1342 5 0 0 0
T 1343 12 0 0 0
T 1344 9 0 0 0
T 1345 7 0 7 1
E 1345 0 -1 -14
E 1345 1 -1 -14
E 1345 2 -1 -14
E 1345 3 -1 -14
E 1345 4 -1 -14
E 1345 5 -1 -14
E 1345 6 -1 -14
T 1346 3 0 0 0
T 1347 10 0 0 0
T 1348 12 0 0 0
T 1349 10 0 0 0
T 1350 8 0 7 1
E 1350 0 -1 -15
E 1350 1 -1 -15
E 1350 2 -1 -15
E 1350 3 -1 -15
E 1350 4 -1 -15
E 1350 5 -1 -15
E 1350 6 -1 -15
T 1351 5 0 0 0
T 1352 8 0 0 0
T 1353 5 0 0 0
T 1354 9 0 0 0
T 1355 11 0 0 0
T 1356 4 0 7 1
E 1356 0 -2 -18
E 1356 1 -2 -18
E 1356 2 -2 -18
E 1356 3 -2 -18
E 1356 4 -2 -18
E 1356 5 -2 -18
E 1356 6 -2 -18
T 1357 10 0 0 0
T 1358 10 0 0 0
T 1359 7 0 0 0
T 1360 9 0 0 0
T 1361 9 0 7 1
E 1361 0 -1 -16
E 1361 1 -1 -16
E 1361 2 -1 -16
E 1361 3 -1 -16
E 1361 4 -1 -16
E 1361 5 -1 -16
E 1361 6 -1 -16
T 1362 12 0 0 0
T 1363 9 0 0 0
T 1364 8 0 7 1
E 1364 0 -1 -15
E 1364 1 -1 -15
E 1364 2 -1 -15
E 1364 3 -1 -15
E 1364 4 -1 -15
E 1364 5 -1 -15
E 1364 6 -1 -15
T 1365 5 0 0 0
T 1366 1 0 0 0
T 1367 8 0 0 0
T 1368 7 0 7 1
E 1368 0 -1 -14
E 1368 1 -1 -14
E 1368 2 -1 -14
E 1368 3 -1 -14
E 1368 4 -1 -14
E 1368 5 -1 -14
E 1368 6 -1 -14
T 1369 9 0 0 0
T 1370 6 0 0 0
T 1371 7 0 0 0
T 1372 6 0 0 0
T 1373 10 0 0 0
T 1374 12 0 0 0
T 1375 10 0 0 0
T 1376 9 0 7 1
E 1376 0 -1 -16
E 1376 1 -1 -16
E 1376 2 -1 -16
E 1376 3 -1 -16
E 1376 4 -1 -16
E 1376 5 -1 -16
E 1376 6 -1 -16
T 1377 12 0 0 0
T 1378 4 0 7 1
E 1378 0 -2 -18
E 1378 1 -2 -18
E 1378 2 -2 -18
E 1378 3 -2 -18
E 1378 4 -2 -18
E 1378 5 -2 -18
E 1378 6 -2 -18
T 1379 8 0 0 0
T 1380 7 0 7 1
E 1380 0 -1 -14
E 1380 1 -1 -14
E 1380 2 -1 -14
E 1380 3 -1 -14
E 1380 4 -1 -14
E 1380 5 -1 -14
E 1380 6 -1 -14
T 1381 7 0 7 1
E 1381 0 -1 -14
E 1381 1 -1 -14
E 1381 2 -1 -14
E 1381 3 -1 -14
E 1381 4 -1 -14
E 1381 5 -1 -14
E 1381 6 -1 -14
T 1382 11 0 0 0
T 1383 6 0 7 1
E 1383 0 -1 -13
E 1383 1 -1 -13
E 1383 2 -1 -13
E 1383 3 -1 -13
E 1383 4 -1 -13
E 1383 5 -1 -13
E 1383 6 -1 -13
T 1384 12 0 0 0
T 1385 7 0 0 0
T 1386 10 0 0 0
T 1387 9 0 7 1
E 1387 0 -1 -16
E 1387 1 -1 -16
E 1387 2 -1 -16
E 1387 3 -1 -16
E 1387 4 -1 -16
E 1387 5 -1 -16
E 1387 6 -1 -16
T 1388 8 0 7 1
E 1388 0 -1 -15
E 1388 1 -1 -15
E 1388 2 -1 -15
E 1388 3 -1 -15
E 1388 4 -1 -15
E 1388 5 -1 -15
E 1388 6 -1 -15
T 1389 10 0 0 0
T 1390 10 0 7 1
E 1390 0 -1 -17
E 1390 1 -1 -17
E 1390 2 -1 -17
E 1390 3 -1 -17
E 1390 4 -1 -17
E 1390 5 -1 -17
E 1390 6 -1 -17
T 1391 12 0 0 0
T 1392 10 0 7 1
E 1392 0 -1 -17
E 1392 1 -1 -17
E 1392 2 -1 -17
E 1392 3 -1 -17
E 1392 4 -1 -17
E 1392 5 -1 -17
E 1392 6 -1 -17
T 1393 7 0 0 0
T 1394 5 0 0 0
T 1395 3 0 0 0
T 1396 3 0 0 0
T 1397 0 0 0 0
T 1398 1 0 0 0
T 1399 4 0 0 0
T 1400 1 0 0 0
T 1401 1 0 0 0
T 1402 4 0 0 0
T 1403 7 0 0 0
T 1404 6 0 7 1
E 1404 0 -1 -13
E 1404 1 -1 -13
E 1404 2 -1 -13
E 1404 3 -1 -13
E 1404 4 -1 -13
E 1404 5 -1 -13
E 1404 6 -1 -13
T 1405 7 0 0 0
T 1406 8 0 0 0
T 1407 7 0 0 0
T 1408 4 0 0 0
T 1409 2 0 0 0
T 1410 3 0 0 0
T 1411 11 0 0 0
T 1412 7 0 0 0
T 1413 10 0 0 0
T 1414 12 0 0 0
T 1415 11 0 0 0
T 1416 11 0 0 0
T 1417 8 0 0 0
T 1418 5 0 0 0
T 1419 10 0 0 0
T 1420 6 0 0 0
T 1421 6 0 7 1
E 1421 0 -1 -13
E 1421 1 -1 -13
E 1421 2 -1 -13
E 1421 3 -1 -13
E 1421 4 -1 -13
E 1421 5 -1 -13
E 1421 6 -1 -13
T 1422 10 0 0 0
T 1423 7 0 7 1
E 1423 0 -1 -14
E 1423 1 -1 -14
E 1423 2 -1 -14
E 1423 3 -1 -14
E 1423 4 -1 -14
E 1423 5 -1 -14
E 1423 6 -1 -14
T 1424 8 0 7 1
E 1424 0 -1 -15
E 1424 1 -1 -15
E 1424 2 -1 -15
E 1424 3 -1 -15
E 1424 4 -1 -15
E 1424 5 -1 -15
E 1424 6 -1 -15
T 1425 11 0 0 0
T 1426 11 0 0 0
T 1427 8 0 0 0
T 1428 11 0 0 0
T 1429 10 0 7 1
E 1429 0 -1 -17
E 1429 1 -1 -17
E 1429 2 -1 -17
E 1429 3 -1 -17
E 1429 4 -1 -17
E 1429 5 -1 -17
E 1429 6 -1 -17
T 1430 12 0 0 0
T 1431 9 0 7 1
E 1431 0 -1 -16
E 1431 1 -1 -16
E 1431 2 -1 -16
E 1431 3 -1 -16
E 1431 4 -1 -16
E 1431 5 -1 -16
E 1431 6 -1 -16
T 1432 6 0 0 0
T 1433 7 0 7 1
E 1433 0 -1 -14
E 1433 1 -1 -14
E 1433 2 -1 -14
E 1433 3 -1 -14
E 1433 4 -1 -14
E 1433 5 -1 -14
E 1433 6 -1 -14
T 1434 9 0 0 0
T 1435 9 0 7 1
E 1435 0 -1 -16
E 1435 1 -1 -16
E 1435 2 -1 -16
E 1435 3 -1 -16
E 1435 4 -1 -16
E 1435 5 -1 -16
E 1435 6 -1 -16
T 1436 10 0 7 1
E 1436 0 -1 -17
E 1436 1 -1 -17
E 1436 2 -1 -17
E 1436 3 -1 -17
E 1436 4 -1 -17
E 1436 5 -1 -17
E 1436 6 -1 -17
T 1437 7 0 7 1
E 1437 0 -1 -14
E 1437 1 -1 -14
E 1437 2 -1 -14
E 1437 3 -1 -14
E 1437 4 -1 -14
E 1437 5 -1 -14
E 1437 6 -1 -14
T 1438 7 0 0 0
T 1439 6 0 0 0
T 1440 12 0 7 1
E 1440 0 5 47
E 1440 1 5 47
E 1440 2 5 47
E 1440 3 5 47
E 1440 4 5 47
E 1440 5 5 47
E 1440 6 5 47
T 1441 10 0 7 1
E 1441 0 1 17
E 1441 1 1 17
E 1441 2 1 17
E 1441 3 1 17
E 1441 4 1 17
E 1441 5 1 17
E 1441 6 1 17
T 1442 9 0 0 0
T 1443 8 0 7 1
E 1443 0 1 15
E 1443 1 1 15
E 1443 2 1 15
E 1443 3 1 15
E 1443 4 1 15
E 1443 5 1 15
E 1443 6 1 15
T 1444 8 0 7 1
E 1444 0 1 15
E 1444 1 1 15
E 1444 2 1 15
E 1444 3 1 15
E 1444 4 1 15
E 1444 5 1 15
E 1444 6 1 15
T 1445 9 0 7 1
E 1445 0 1 16
E 1445 1 1 16
E 1445 2 1 16
E 1445 3 1 16
E 1445 4 1 16
E 1445 5 1 16
E 1445 6 1 16
T 1446 5 0 0 0
T 1447 5 0 0 0
T 1448 12 0 0 0
T 1449 11 0 0 0
T 1450 8 0 0 0
T 1451 3 0 0 0
T 1452 9 0 0 0
T 1453 9 0 7 1
E 1453 0 1 16
E 1453 1 1 16
E 1453 2 1 16
E 1453 3 1 16
E 1453 4 1 16
E 1453 5 1 16
E 1453 6 1 16
T 1454 8 0 0 0
T 1455 5 0 0 0
T 1456 11 0 0 0
T 1457 10 0 0 0
T 1458 10 0 0 0
T 1459 7 0 0 0
T 1460 12 0 0 0
T 1461 6 0 7 1
E 1461 0 1 13
E 1461 1 1 13
E 1461 2 1 13
E 1461 3 1 13
E 1461 4 1 13
E 1461 5 1 13
E 1461 6 1 13
T 1462 2 0 0 0
T 1463 3 0 0 0
T 1464 3 0 0 0
T 1465 0 0 0 0
T 1466 0 0 0 0
T 1467 1 0 0 0
T 1468 0 0 0 0
T 1469 2 0 0 0
T 1470 4 0 0 0
T 1471 3 0 0 0
T 1472 1 0 0 0
T 1473 4 0 0 0
T 1474 0 0 0 0
T 1475 6 0 0 0
T 1476 7 0 0 0
T 1477 12 0 0 0
T 1478 7 0 0 0
T 1479 5 0 0 0
T 1480 9 0 0 0
T 1481 7 0 0 0
T 1482 9 0 0 0
T 1483 9 0 0 0
T 1484 6 0 7 1
E 1484 0 1 13
E 1484 1 1 13
E 1484 2 1 13
E 1484 3 1 13
E 1484 4 1 13
E 1484 5 1 13
E 1484 6 1 13
T 1485 12 0 0 0
T 1486 7 0 7 1
E 1486 0 1 14
E 1486 1 1 14
E 1486 2 1 14
E 1486 3 1 14
E 1486 4 1 14
E 1486 5 1 14
E 1486 6 1 14
T 1487 6 0 7 1
E 1487 0 1 13
E 1487 1 1 13
E 1487 2 1 13
E 1487 3 1 13
E 1487 4 1 13
E 1487 5 1 13
E 1487 6 1 13
T 1488 1 0 0 0
T 1489 2 0 0 0
T 1490 6 0 0 0
T 1491 3 0 0 0
T 1492 8 0 0 0
T 1493 12 0 0 0
T 1494 9 0 0 0
T 1495 9 0 0 0
T 1496 6 0 7 1
E 1496 0 1 13
E 1496 1 1 13
E 1496 2 1 13
E 1496 3 1 13
E 1496 4 1 13
E 1496 5 1 13
E 1496 6 1 13
T 1497 6 0 7 1
E 1497 0 1 13
E 1497 1 1 13
E 1497 2 1 13
E 1497 3 1 13
E 1497 4 1 13
E 1497 5 1 13
E 1497 6 1 13
T 1498 1 0 0 0
T 1499 6 0 0 0
T 1500 4 0 0 0
T 1501 4 0 0 0
T 1502 5 0 0 0
T 1503 12 0 0 0
T 1504 6 0 7 1
E 1504 0 1 13
E 1504 1 1 13
E 1504 2 1 13
E 1504 3 1 13
E 1504 4 1 13
E 1504 5 1 13
E 1504 6 1 13
T 1505 12 0 0 0
T 1506 10 0 7 1
E 1506 0 1 17
E 1506 1 1 17
E 1506 2 1 17
E 1506 3 1 17
E 1506 4 1 17
E 1506 5 1 17
E 1506 6 1 17
T 1507 6 0 7 1
E 1507 0 1 13
E 1507 1 1 13
E 1507 2 1 13
E 1507 3 1 13
E 1507 4 1 13
E 1507 5 1 13
E 1507 6 1 13
T 1508 7 0 0 0
T 1509 3 0 0 0
T 1510 0 0 0 0
T 1511 1 0 0 0
T 1512 5 0 0 0
T 1513 11 0 0 0
T 1514 4 0 7 1
E 1514 0 2 18
E 1514 1 2 18
E 1514 2 2 18
E 1514 3 2 18
E 1514 4 2 18
E 1514 5 2 18
E 1514 6 2 18
T 1515 9 0 0 0
T 1516 8 0 7 1
E 1516 0 1 15
E 1516 1 1 15
E 1516 2 1 15
E 1516 3 1 15
E 1516 4 1 15
E 1516 5 1 15
E 1516 6 1 15
T 1517 6 0 0 0
T 1518 6 0 0 0
T 1519 3 0 0 0
T 1520 11 0 0 0
T 1521 8 0 7 1
E 1521 0 1 15
E 1521 1 1 15
E 1521 2 1 15
E 1521 3 1 15
E 1521 4 1 15
E 1521 5 1 15
E 1521 6 1 15
T 1522 9 0 0 0
T 1523 6 0 0 0
T 1524 6 0 0 0
T 1525 10 0 0 0
T 1526 6 0 0 0
T 1527 7 0 0 0
T 1528 3 0 0 0
T 1529 8 0 0 0
T 1530 5 0 0 0
T 1531 3 0 0 0
T 1532 4 0 0 0
T 1533 0 0 0 0
T 1534 1 0 0 0
T 1535 3 0 0 0
T 1536 5 0 0 0
T 1537 2 0 0 0
T 1538 2 0 0 0
T 1539 4 0 0 0
T 1540 1 0 0 0
T 1541 6 0 0 0
T 1542 1 0 0 0
T 1543 3 0 0 0
T 1544 2 0 0 0
T 1545 6 0 0 0
T 1546 10 0 0 0
T 1547 5 0 0 0
T 1548 5 0 0 0
T 1549 4 0 0 0
T 1550 8 0 0 0
T 1551 7 0 0 0
T 1552 4 0 0 0
T 1553 3 0 0 0
T 1554 7 0 0 0
T 1555 6 0 7 1
E 1555 0 -1 -13
E 1555 1 -1 -13
E 1555 2 -1 -13
E 1555 3 -1 -13
E 1555 4 -1 -13
E 1555 5 -1 -13
E 1555 6 -1 -13
T 1556 1 0 0 0
T 1557 0 0 0 0
T 1558 1 0 0 0
T 1559 8 0 0 0
T 1560 6 0 7 1
E 1560 0 -1 -13
E 1560 1 -1 -13
E 1560 2 -1 -13
E 1560 3 -1 -13
E 1560 4 -1 -13
E 1560 5 -1 -13
E 1560 6 -1 -13
T 1561 6 0 7 1
E 1561 0 -1 -13
E 1561 1 -1 -13
E 1561 2 -1 -13
E 1561 3 -1 -13
E 1561 4 -1 -13
E 1561 5 -1 -13
E 1561 6 -1 -13
T 1562 2 0 0 0
T 1563 7 0 0 0
T 1564 6 0 0 0
T 1565 3 0 0 0
T 1566 10 0 0 0
T 1567 7 0 7 1
E 1567 0 -1 -14
E 1567 1 -1 -14
E 1567 2 -1 -14
E 1567 3 -1 -14
E 1567 4 -1 -14
E 1567 5 -1 -14
E 1567 6 -1 -14
T 1568 5 0 0 0
T 1569 1 0 0 0
T 1570 8 0 0 0
T 1571 7 0 0 0
T 1572 3 0 0 0
T 1573 1 0 0 0
T 1574 1 0 0 0
T 1575 2 0 0 0
T 1576 2 0 0 0
T 1577 4 0 0 0
T 1578 8 0 0 0
T 1579 8 0 0 0
T 1580 8 0 7 1
E 1580 0 -1 -15
E 1580 1 -1 -15
E 1580 2 -1 -15
E 1580 3 -1 -15
E 1580 4 -1 -15
E 1580 5 -1 -15
E 1580 6 -1 -15
T 1581 5 0 0 0
T 1582 0 0 0 0
T 1583 3 0 0 0
T 1584 1 0 0 0
T 1585 4 0 0 0
T 1586 1 0 0 0
T 1587 2 0 0 0
T 1588 2 0 0 0
T 1589 7 0 0 0
T 1590 10 0 0 0
T 1591 4 0 7 1
E 1591 0 -2 -18
E 1591 1 -2 -18
E 1591 2 -2 -18
E 1591 3 -2 -18
E 1591 4 -2 -18
E 1591 5 -2 -18
E 1591 6 -2 -18
T 1592 5 0 0 0
T 1593 10 0 0 0
T 1594 4 0 7 1
E 1594 0 -2 -18
E 1594 1 -2 -18
E 1594 2 -2 -18
E 1594 3 -2 -18
E 1594 4 -2 -18
E 1594 5 -2 -18
E 1594 6 -2 -18
T 1595 1 0 0 0
T 1596 4 0 0 0
T 1597 9 0 0 0
T 1598 5 0 0 0
T 1599 7 0 0 0
T 1600 6 0 0 0
T 1601 2 0 0 0
T 1602 9 0 0 0
T 1603 5 0 0 0
T 1604 9 0 0 0
T 1605 6 0 0 0
T 1606 9 0 0 0
T 1607 7 0 0 0
T 1608 6 0 0 0
T 1609 5 0 0 0
T 1610 6 0 0 0
T 1611 5 0 0 0
T 1612 3 0 0 0
T 1613 4 0 0 0
T 1614 5 0 0 0
T 1615 8 0 0 0
T 1616 10 0 0 0
T 1617 7 0 7 1
E 1617 0 -1 -14
E 1617 1 -1 -14
E 1617 2 -1 -14
E 1617 3 -1 -14
E 1617 4 -1 -14
E 1617 5 -1 -14
E 1617 6 -1 -14
T 1618 9 0 0 0
T 1619 12 0 0 0
T 1620 12 0 0 0
T 1621 5 0 7 1
E 1621 0 -2 -19
E 1621 1 -2 -19
E 1621 2 -2 -19
E 1621 3 -2 -19
E 1621 4 -2 -19
E 1621 5 -2 -19
E 1621 6 -2 -19
T 1622 7 0 0 0
T 1623 8 0 7 1
E 1623 0 -1 -15
E 1623 1 -1 -15
E 1623 2 -1 -15
E 1623 3 -1 -15
E 1623 4 -1 -15
E 1623 5 -1 -15
E 1623 6 -1 -15
T 1624 5 0 0 0
T 1625 1 0 0 0
T 1626 2 0 0 0
T 1627 0 0 0 0
T 1628 1 0 0 0
T 1629 6 0 0 0
T 1630 3 0 0 0
T 1631 8 0 0 0
T 1632 6 0 0 0
T 1633 10 0 0 0
T 1634 8 0 7 1
E 1634 0 -1 -15
E 1634 1 -1 -15
E 1634 2 -1 -15
E 1634 3 -1 -15
E 1634 4 -1 -15
E 1634 5 -1 -15
E 1634 6 -1 -15
T 1635 10 0 0 0
T 1636 7 0 0 0
T 1637 6 0 0 0
T 1638 2 0 0 0
T 1639 3 0 0 0
T 1640 0 0 0 0
T 1641 3 0 0 0
T 1642 8 0 0 0
T 1643 9 0 7 1
E 1643 0 -1 -16
E 1643 1 -1 -16
E 1643 2 -1 -16
E 1643 3 -1 -16
E 1643 4 -1 -16
E 1643 5 -1 -16
E 1643 6 -1 -16
T 1644 9 0 0 0
T 1645 10 0 0 0
T 1646 11 0 0 0
T 1647 10 0 7 1
E 1647 0 -1 -17
E 1647 1 -1 -17
E 1647 2 -1 -17
E 1647 3 -1 -17
E 1647 4 -1 -17
E 1647 5 -1 -17
E 1647 6 -1 -17
T 1648 9 0 0 0
T 1649 10 0 0 0
T 1650 6 0 7 1
E 1650 0 -1 -13
E 1650 1 -1 -13
E 1650 2 -1 -13
E 1650 3 -1 -13
E 1650 4 -1 -13
E 1650 5 -1 -13
E 1650 6 -1 -13
T 1651 9 0 0 0
T 1652 4 0 0 0
T 1653 11 0 0 0
T 1654 10 0 0 0
T 1655 10 0 0 0
T 1656 8 0 7 1
E 1656 0 -1 -15
E 1656 1 -1 -15
E 1656 2 -1 -15
E 1656 3 -1 -15
E 1656 4 -1 -15
E 1656 5 -1 -15
E 1656 6 -1 -15
T 1657 8 0 0 0
T 1658 10 0 0 0
T 1659 6 0 0 0
T 1660 7 0 0 0
T 1661 3 0 0 0
T 1662 3 0 0 0
T 1663 6 0 0 0
T 1664 10 0 0 0
T 1665 10 0 7 1
E 1665 0 -1 -17
E 1665 1 -1 -17
E 1665 2 -1 -17
E 1665 3 -1 -17
E 1665 4 -1 -17
E 1665 5 -1 -17
E 1665 6 -1 -17
T 1666 6 0 0 0
T 1667 12 0 0 0
T 1668 5 0 7 1
E 1668 0 -2 -19
E 1668 1 -2 -19
E 1668 2 -2 -19
E 1668 3 -2 -19
E 1668 4 -2 -19
E 1668 5 -2 -19
E 1668 6 -2 -19
T 1669 7 0 0 0
T 1670 6 0 7 1
E 1670 0 -1 -13
E 1670 1 -1 -13
E 1670 2 -1 -13
E 1670 3 -1 -13
E 1670 4 -1 -13
E 1670 5 -1 -13
E 1670 6 -1 -13
T 1671 7 0 0 0
T 1672 6 0 7 1
E 1672 0 -1 -13
E 1672 1 -1 -13
E 1672 2 -1 -13
E 1672 3 -1 -13
E 1672 4 -1 -13
E 1672 5 -1 -13
E 1672 6 -1 -13
T 1673 2 0 0 0
T 1674 5 0 0 0
T 1675 2 0 0 0
T 1676 9 0 0 0
T 1677 7 0 0 0
T 1678 9 0 0 0
T 1679 10 0 0 0
T 1680 9 0 7 1
E 1680 0 4 37
E 1680 1 4 37
E 1680 2 4 37
E 1680 3 4 37
E 1680 4 4 37
E 1680 5 4 37
E 1680 6 4 37
T 1681 8 0 7 1
E 1681 0 1 15
E 1681 1 1 15
E 1681 2 1 15
E 1681 3 1 15
E 1681 4 1 15
E 1681 5 1 15
E 1681 6 1 15
T 1682 10 0 0 0
T 1683 6 0 7 1
E 1683 0 1 13
E 1683 1 1 13
E 1683 2 1 13
E 1683 3 1 13
E 1683 4 1 13
E 1683 5 1 13
E 1683 6 1 13
T 1684 7 0 0 0
T 1685 11 0 0 0
T 1686 12 0 0 0
T 1687 10 0 7 1
E 1687 0 1 17
E 1687 1 1 17
E 1687 2 1 17
E 1687 3 1 17
E 1687 4 1 17
E 1687 5 1 17
E 1687 6 1 17
T 1688 7 0 7 1
E 1688 0 1 14
E 1688 1 1 14
E 1688 2 1 14
E 1688 3 1 14
E 1688 4 1 14
E 1688 5 1 14
E 1688 6 1 14
T 1689 7 0 7 1
E 1689 0 1 14
E 1689 1 1 14
E 1689 2 1 14
E 1689 3 1 14
E 1689 4 1 14
E 1689 5 1 14
E 1689 6 1 14
T 1690 10 0 0 0
T 1691 8 0 0 0
T 1692 4 0 0 0
T 1693 9 0 0 0
T 1694 10 0 7 1
E 1694 0 1 17
E 1694 1 1 17
E 1694 2 1 17
E 1694 3 1 17
E 1694 4 1 17
E 1694 5 1 17
E 1694 6 1 17
T 1695 7 0 7 1
E 1695 0 1 14
E 1695 1 1 14
E 1695 2 1 14
E 1695 3 1 14
E 1695 4 1 14
E 1695 5 1 14
E 1695 6 1 14
T 1696 6 0 7 1
E 1696 0 1 13
E 1696 1 1 13
E 1696 2 1 13
E 1696 3 1 13
E 1696 4 1 13
E 1696 5 1 13
E 1696 6 1 13
T 1697 9 0 0 0
T 1698 7 0 0 0
T 1699 8 0 0 0
T 1700 9 0 0 0
T 1701 4 0 0 0
T 1702 7 0 0 0
T 1703 11 0 0 0
T 1704 8 0 7 1
E 1704 0 1 15
E 1704 1 1 15
E 1704 2 1 15
E 1704 3 1 15
E 1704 4 1 15
E 1704 5 1 15
E 1704 6 1 15
T 1705 10 0 0 0
T 1706 7 0 0 0
T 1707 11 0 0 0
T 1708 10 0 0 0
T 1709 6 0 0 0
T 1710 11 0 0 0
T 1711 6 0 0 0
T 1712 6 0 7 1
E 1712 0 1 13
E 1712 1 1 13
E 1712 2 1 13
E 1712 3 1 13
E 1712 4 1 13
E 1712 5 1 13
E 1712 6 1 13
T 1713 6 0 0 0
T 1714 12 0 0 0
T 1715 8 0 7 1
E 1715 0 1 15
E 1715 1 1 15
E 1715 2 1 15
E 1715 3 1 15
E 1715 4 1 15
E 1715 5 1 15
E 1715 6 1 15
T 1716 9 0 0 0
T 1717 9 0 7 1
E 1717 0 1 16
E 1717 1 1 16
E 1717 2 1 16
E 1717 3 1 16
E 1717 4 1 16
E 1717 5 1 16
E 1717 6 1 16
T 1718 8 0 0 0
T 1719 6 0 0 0
T 1720 8 0 0 0
T 1721 10 0 0 0
T 1722 11 0 0 0
T 1723 7 0 0 0
T 1724 8 0 7 1
E 1724 0 1 15
E 1724 1 1 15
E 1724 2 1 15
E 1724 3 1 15
E 1724 4 1 15
E 1724 5 1 15
E 1724 6 1 15
T 1725 10 0 0 0
T 1726 10 0 0 0
T 1727 9 0 0 0
T 1728 9 0 0 0
T 1729 7 0 0 0
T 1730 7 0 0 0
T 1731 7 0 0 0
T 1732 6 0 7 1
E 1732 0 1 13
E 1732 1 1 13
E 1732 2 1 13
E 1732 3 1 13
E 1732 4 1 13
E 1732 5 1 13
E 1732 6 1 13
T 1733 12 0 0 0
T 1734 10 0 7 1
E 1734 0 1 17
E 1734 1 1 17
E 1734 2 1 17
E 1734 3 1 17
E 1734 4 1 17
E 1734 5 1 17
E 1734 6 1 17
T 1735 6 0 7 1
E 1735 0 1 13
E 1735 1 1 13
E 1735 2 1 13
E 1735 3 1 13
E 1735 4 1 13
E 1735 5 1 13
E 1735 6 1 13
T 1736 2 0 0 0
T 1737 9 0 0 0
T 1738 8 0 0 0
T 1739 4 0 0 0
T 1740 8 0 0 0
T 1741 7 0 0 0
T 1742 6 0 0 0
T 1743 6 0 7 1
E 1743 0 1 13
E 1743 1 1 13
E 1743 2 1 13
E 1743 3 1 13
E 1743 4 1 13
E 1743 5 1 13
E 1743 6 1 13
T 1744 3 0 0 0
T 1745 0 0 0 0
T 1746 6 0 0 0
T 1747 8 0 0 0
T 1748 8 0 7 1
E 1748 0 1 15
E 1748 1 1 15
E 1748 2 1 15
E 1748 3 1 15
E 1748 4 1 15
E 1748 5 1 15
E 1748 6 1 15
T 1749 7 0 0 0
T 1750 6 0 0 0
T 1751 1 0 0 0
T 1752 3 0 0 0
T 1753 5 0 0 0
T 1754 6 0 0 0
T 1755 9 0 0 0
T 1756 6 0 0 0
T 1757 2 0 0 0
T 1758 9 0 0 0
T 1759 11 0 0 0
T 1760 4 0 7 1
E 1760 0 2 18
E 1760 1 2 18
E 1760 2 2 18
E 1760 3 2 18
E 1760 4 2 18
E 1760 5 2 18
E 1760 6 2 18
T 1761 3 0 0 0
T 1762 5 0 0 0
T 1763 10 0 0 0
T 1764 10 0 0 0
T 1765 9 0 7 1
E 1765 0 1 16
E 1765 1 1 16
E 1765 2 1 16
E 1765 3 1 16
E 1765 4 1 16
E 1765 5 1 16
E 1765 6 1 16
T 1766 6 0 0 0
T 1767 11 0 0 0
T 1768 8 0 0 0
T 1769 8 0 0 0
T 1770 6 0 0 0
T 1771 10 0 0 0
T 1772 7 0 7 1
E 1772 0 1 14
E 1772 1 1 14
E 1772 2 1 14
E 1772 3 1 14
E 1772 4 1 14
E 1772 5 1 14
E 1772 6 1 14
T 1773 12 0 0 0
T 1774 6 0 7 1
E 1774 0 2 20
E 1774 1 2 20
E 1774 2 2 20
E 1774 3 2 20
E 1774 4 2 20
E 1774 5 2 20
E 1774 6 2 20
T 1775 8 0 0 0
T 1776 6 0 7 1
E 1776 0 1 13
E 1776 1 1 13
E 1776 2 1 13
E 1776 3 1 13
E 1776 4 1 13
E 1776 5 1 13
E 1776 6 1 13
T 1777 0 0 0 0
T 1778 5 0 0 0
T 1779 1 0 0 0
T 1780 3 0 0 0
T 1781 0 0 0 0
T 1782 1 0 0 0
T 1783 7 0 0 0
T 1784 2 0 0 0
T 1785 3 0 0 0
T 1786 4 0 0 0
T 1787 3 0 0 0
T 1788 5 0 0 0
T 1789 2 0 0 0
T 1790 1 0 0 0
T 1791 6 0 0 0
T 1792 1 0 0 0
T 1793 6 0 0 0
T 1794 7 0 0 0
T 1795 4 0 0 0
T 1796 0 0 0 0
T 1797 7 0 0 0
T 1798 4 0 0 0
T 1799 6 0 0 0
T 1800 10 0 0 0
T 1801 9 0 0 0
T 1802 12 0 0 0
T 1803 6 0 7 1
E 1803 0 -1 -13
E 1803 1 -1 -13
E 1803 2 -1 -13
E 1803 3 -1 -13
E 1803 4 -1 -13
E 1803 5 -1 -13
E 1803 6 -1 -13
T 1804 9 0 0 0
T 1805 9 0 0 0
T 1806 7 0 0 0
T 1807 5 0 0 0
T 1808 3 0 0 0
T 1809 1 0 0 0
T 1810 2 0 0 0
T 1811 1 0 0 0
T 1812 1 0 0 0
T 1813 0 0 0 0
T 1814 1 0 0 0
T 1815 0 0 0 0
T 1816 2 0 0 0
T 1817 5 0 0 0
T 1818 9 0 0 0
T 1819 8 0 0 0
T 1820 9 0 0 0
T 1821 9 0 7 1
E 1821 0 -1 -16
E 1821 1 -1 -16
E 1821 2 -1 -16
E 1821 3 -1 -16
E 1821 4 -1 -16
E 1821 5 -1 -16
E 1821 6 -1 -16
T 1822 5 0 0 0
T 1823 8 0 0 0
T 1824 6 0 7 1
E 1824 0 -1 -13
E 1824 1 -1 -13
E 1824 2 -1 -13
E 1824 3 -1 -13
E 1824 4 -1 -13
E 1824 5 -1 -13
E 1824 6 -1 -13
T 1825 4 0 0 0
T 1826 3 0 0 0
T 1827 9 0 0 0
T 1828 8 0 0 0
T 1829 9 0 7 1
E 1829 0 -1 -16
E 1829 1 -1 -16
E 1829 2 -1 -16
E 1829 3 -1 -16
E 1829 4 -1 -16
E 1829 5 -1 -16
E 1829 6 -1 -16
T 1830 8 0 0 0
T 1831 11 0 0 0
T 1832 9 0 0 0
T 1833 7 0 7 1
E 1833 0 -1 -14
E 1833 1 -1 -14
E 1833 2 -1 -14
E 1833 3 -1 -14
E 1833 4 -1 -14
E 1833 5 -1 -14
E 1833 6 -1 -14
T 1834 4 0 0 0
T 1835 1 0 0 0
T 1836 7 0 0 0
T 1837 7 0 0 0
T 1838 4 0 0 0
T 1839 2 0 0 0
T 1840 5 0 0 0
T 1841 9 0 0 0
T 1842 6 0 0 0
T 1843 7 0 7 1
E 1843 0 -1 -14
E 1843 1 -1 -14
E 1843 2 -1 -14
E 1843 3 -1 -14
E 1843 4 -1 -14
E 1843 5 -1 -14
E 1843 6 -1 -14
T 1844 10 0 0 0
T 1845 8 0 7 1
E 1845 0 -1 -15
E 1845 1 -1 -15
E 1845 2 -1 -15
E 1845 3 -1 -15
E 1845 4 -1 -15
E 1845 5 -1 -15
E 1845 6 -1 -15
T 1846 11 0 0 0
T 1847 7 0 7 1
E 1847 0 -1 -14
E 1847 1 -1 -14
E 1847 2 -1 -14
E 1847 3 -1 -14
E 1847 4 -1 -14
E 1847 5 -1 -14
E 1847 6 -1 -14
T 1848 4 0 0 0
T 1849 4 0 0 0
T 1850 8 0 0 0
T 1851 9 0 0 0
T 1852 7 0 0 0
T 1853 7 0 0 0
T 1854 4 0 0 0
T 1855 8 0 0 0
T 1856 4 0 0 0
T 1857 11 0 0 0
T 1858 7 0 7 1
E 1858 0 -1 -14
E 1858 1 -1 -14
E 1858 2 -1 -14
E 1858 3 -1 -14
E 1858 4 -1 -14
E 1858 5 -1 -14
E 1858 6 -1 -14
T 1859 3 0 0 0
T 1860 5 0 0 0
T 1861 12 0 0 0
T 1862 6 0 7 1
E 1862 0 -1 -13
E 1862 1 -1 -13
E 1862 2 -1 -13
E 1862 3 -1 -13
E 1862 4 -1 -13
E 1862 5 -1 -13
E 1862 6 -1 -13
T 1863 11 0 0 0
T 1864 6 0 7 1
E 1864 0 -1 -13
E 1864 1 -1 -13
E 1864 2 -1 -13
E 1864 3 -1 -13
E 1864 4 -1 -13
E 1864 5 -1 -13
E 1864 6 -1 -13
T 1865 11 0 0 0
T 1866 8 0 0 0
T 1867 8 0 7 1
E 1867 0 -1 -15
E 1867 1 -1 -15
E 1867 2 -1 -15
E 1867 3 -1 -15
E 1867 4 -1 -15
E 1867 5 -1 -15
E 1867 6 -1 -15
T 1868 6 0 7 1
E 1868 0 -1 -13
E 1868 1 -1 -13
E 1868 2 -1 -13
E 1868 3 -1 -13
E 1868 4 -1 -13
E 1868 5 -1 -13
E 1868 6 -1 -13
T 1869 10 0 0 0
T 1870 5 0 0 0
T 1871 5 0 0 0
T 1872 2 0 0 0
T 1873 10 0 0 0
T 1874 4 0 7 1
E 1874 0 -2 -18
E 1874 1 -2 -18
E 1874 2 -2 -18
E 1874 3 -2 -18
E 1874 4 -2 -18
E 1874 5 -2 -18
E 1874 6 -2 -18
T 1875 11 0 0 0
T 1876 11 0 0 0
T 1877 9 0 7 1
E 1877 0 -1 -16
E 1877 1 -1 -16
E 1877 2 -1 -16
E 1877 3 -1 -16
E 1877 4 -1 -16
E 1877 5 -1 -16
E 1877 6 -1 -16
T 1878 8 0 7 1
E 1878 0 -1 -15
E 1878 1 -1 -15
E 1878 2 -1 -15
E 1878 3 -1 -15
E 1878 4 -1 -15
E 1878 5 -1 -15
E 1878 6 -1 -15
T 1879 5 0 0 0
T 1880 12 0 0 0
T 1881 7 0 7 1
E 1881 0 -1 -14
E 1881 1 -1 -14
E 1881 2 -1 -14
E 1881 3 -1 -14
E 1881 4 -1 -14
E 1881 5 -1 -14
E 1881 6 -1 -14
T 1882 2 0 0 0
T 1883 1 0 0 0
T 1884 4 0 0 0
T 1885 2 0 0 0
T 1886 4 0 0 0
T 1887 10 0 0 0
T 1888 12 0 0 0
T 1889 9 0 7 1
E 1889 0 -1 -16
E 1889 1 -1 -16
E 1889 2 -1 -16
E 1889 3 -1 -16
E 1889 4 -1 -16
E 1889 5 -1 -16
E 1889 6 -1 -16
T 1890 11 0 0 0
T 1891 8 0 7 1
E 1891 0 -1 -15
E 1891 1 -1 -15
E 1891 2 -1 -15
E 1891 3 -1 -15
E 1891 4 -1 -15
E 1891 5 -1 -15
E 1891 6 -1 -15
T 1892 12 0 0 0
T 1893 7 0 7 1
E 1893 0 -1 -14
E 1893 1 -1 -14
E 1893 2 -1 -14
E 1893 3 -1 -14
E 1893 4 -1 -14
E 1893 5 -1 -14
E 1893 6 -1 -14
T 1894 6 0 7 1
E 1894 0 -1 -13
E 1894 1 -1 -13
E 1894 2 -1 -13
E 1894 3 -1 -13
E 1894 4 -1 -13
E 1894 5 -1 -13
E 1894 6 -1 -13
T 1895 2 0 0 0
T 1896 6 0 0 0
T 1897 1 0 0 0
T 1898 2 0 0 0
T 1899 2 0 0 0
T 1900 3 0 0 0
T 1901 11 0 0 0
T 1902 4 0 7 1
E 1902 0 -2 -18
E 1902 1 -2 -18
E 1902 2 -2 -18
E 1902 3 -2 -18
E 1902 4 -2 -18
E 1902 5 -2 -18
E 1902 6 -2 -18
T 1903 3 0 0 0
T 1904 10 0 0 0
T 1905 8 0 0 0
T 1906 9 0 7 1
E 1906 0 -1 -16
E 1906 1 -1 -16
E 1906 2 -1 -16
E 1906 3 -1 -16
E 1906 4 -1 -16
E 1906 5 -1 -16
E 1906 6 -1 -16
T 1907 8 0 0 0
T 1908 7 0 7 1
E 1908 0 -1 -14
E 1908 1 -1 -14
E 1908 2 -1 -14
E 1908 3 -1 -14
E 1908 4 -1 -14
E 1908 5 -1 -14
E 1908 6 -1 -14
T 1909 6 0 7 1
E 1909 0 -1 -13
E 1909 1 -1 -13
E 1909 2 -1 -13
E 1909 3 -1 -13
E 1909 4 -1 -13
E 1909 5 -1 -13
E 1909 6 -1 -13
T 1910 10 0 0 0
T 1911 8 0 7 1
E 1911 0 -1 -15
E 1911 1 -1 -15
E 1911 2 -1 -15
E 1911 3 -1 -15
E 1911 4 -1 -15
E 1911 5 -1 -15
E 1911 6 -1 -15
T 1912 4 0 0 0
T 1913 8 0 0 0
T 1914 6 0 7 1
E 1914 0 -1 -13
E 1914 1 -1 -13
E 1914 2 -1 -13
E 1914 3 -1 -13
E 1914 4 -1 -13
E 1914 5 -1 -13
E 1914 6 -1 -13
T 1915 7 0 0 0
T 1916 9 0 0 0
T 1917 5 0 0 0
T 1918 8 0 0 0
T 1919 8 0 7 1
E 1919 0 -1 -15
E 1919 1 -1 -15
E 1919 2 -1 -15
E 1919 3 -1 -15
E 1919 4 -1 -15
E 1919 5 -1 -15
E 1919 6 -1 -15
T 1920 13 0 7 1
E 1920 0 4 41
E 1920 1 4 41
E 1920 2 4 41
E 1920 3 4 41
E 1920 4 4 41
E 1920 5 4 41
E 1920 6 4 41
T 1921 4 0 7 1
E 1921 0 2 18
E 1921 1 2 18
E 1921 2 2 18
E 1921 3 2 18
E 1921 4 2 18
E 1921 5 2 18
E 1921 6 2 18
T 1922 7 0 0 0
T 1923 7 0 7 1
E 1923 0 1 14
E 1923 1 1 14
E 1923 2 1 14
E 1923 3 1 14
E 1923 4 1 14
E 1923 5 1 14
E 1923 6 1 14
T 1924 5 0 0 0
T 1925 12 0 0 0
T 1926 8 0 7 1
E 1926 0 1 15
E 1926 1 1 15
E 1926 2 1 15
E 1926 3 1 15
E 1926 4 1 15
E 1926 5 1 15
E 1926 6 1 15
T 1927 7 0 7 1
E 1927 0 1 14
E 1927 1 1 14
E 1927 2 1 14
E 1927 3 1 14
E 1927 4 1 14
E 1927 5 1 14
E 1927 6 1 14
T 1928 4 0 0 0
T 1929 8 0 0 0
T 1930 4 0 0 0
T 1931 8 0 0 0
T 1932 11 0 0 0
T 1933 4 0 7 1
E 1933 0 2 18
E 1933 1 2 18
E 1933 2 2 18
E 1933 3 2 18
E 1933 4 2 18
E 1933 5 2 18
E 1933 6 2 18
T 1934 1 0 0 0
T 1935 0 0 0 0
T 1936 0 0 0 0
T 1937 1 0 0 0
T 1938 1 0 0 0
T 1939 7 0 0 0
T 1940 6 0 0 0
T 1941 12 0 0 0
T 1942 7 0 7 1
E 1942 0 1 14
E 1942 1 1 14
E 1942 2 1 14
E 1942 3 1 14
E 1942 4 1 14
E 1942 5 1 14
E 1942 6 1 14
T 1943 11 0 0 0
T 1944 10 0 7 1
E 1944 0 1 17
E 1944 1 1 17
E 1944 2 1 17
E 1944 3 1 17
E 1944 4 1 17
E 1944 5 1 17
E 1944 6 1 17
T 1945 6 0 0 0
T 1946 6 0 7 1
E 1946 0 1 13
E 1946 1 1 13
E 1946 2 1 13
E 1946 3 1 13
E 1946 4 1 13
E 1946 5 1 13
E 1946 6 1 13
T 1947 4 0 0 0
T 1948 1 0 0 0
T 1949 2 0 0 0
T 1950 1 0 0 0
T 1951 4 0 0 0
T 1952 3 0 0 0
T 1953 5 0 0 0
T 1954 5 0 0 0
T 1955 5 0 0 0
T 1956 11 0 0 0
T 1957 7 0 7 1
E 1957 0 1 14
E 1957 1 1 14
E 1957 2 1 14
E 1957 3 1 14
E 1957 4 1 14
E 1957 5 1 14
E 1957 6 1 14
T 1958 6 0 0 0
T 1959 12 0 0 0
T 1960 7 0 7 1
E 1960 0 1 14
E 1960 1 1 14
E 1960 2 1 14
E 1960 3 1 14
E 1960 4 1 14
E 1960 5 1 14
E 1960 6 1 14
T 1961 2 0 0 0
T 1962 0 0 0 0
T 1963 1 0 0 0
T 1964 2 0 0 0
T 1965 0 0 0 0
T 1966 6 0 0 0
T 1967 9 0 0 0
T 1968 7 0 0 0
T 1969 4 0 0 0
T 1970 4 0 0 0
T 1971 2 0 0 0
T 1972 0 0 0 0
T 1973 3 0 0 0
T 1974 6 0 0 0
T 1975 1 0 0 0
T 1976 2 0 0 0
T 1977 6 0 0 0
T 1978 8 0 0 0
T 1979 8 0 0 0
T 1980 11 0 0 0
T 1981 9 0 0 0
T 1982 6 0 0 0
T 1983 11 0 0 0
T 1984 7 0 0 0
T 1985 5 0 0 0
T 1986 6 0 0 0
T 1987 6 0 0 0
T 1988 4 0 0 0
T 1989 4 0 0 0
T 1990 3 0 0 0
T 1991 2 0 0 0
T 1992 1 0 0 0
T 1993 3 0 0 0
T 1994 5 0 0 0
T 1995 8 0 0 0
T 1996 3 0 0 0
T 1997 5 0 0 0
T 1998 3 0 0 0
T 1999 1 0 0 0
T 2000 5 0 0 0
T 2001 1 0 0 0
T 2002 6 0 0 0
T 2003 11 0 0 0
T 2004 9 0 0 0
T 2005 9 0 7 1
E 2005 0 1 16
E 2005 1 1 16
E 2005 2 1 16
E 2005 3 1 16
E 2005 4 1 16
E 2005 5 1 16
E 2005 6 1 16
T 2006 9 0 0 0
T 2007 8 0 7 1
E 2007 0 1 15
E 2007 1 1 15
E 2007 2 1 15
E 2007 3 1 15
E 2007 4 1 15
E 2007 5 1 15
E 2007 6 1 15
T 2008 10 0 0 0
T 2009 8 0 0 0
T 2010 7 0 7 1
E 2010 0 1 14
E 2010 1 1 14
E 2010 2 1 14
E 2010 3 1 14
E 2010 4 1 14
E 2010 5 1 14
E 2010 6 1 14
T 2011 11 0 0 0
T 2012 8 0 0 0
T 2013 7 0 7 1
E 2013 0 1 14
E 2013 1 1 14
E 2013 2 1 14
E 2013 3 1 14
E 2013 4 1 14
E 2013 5 1 14
E 2013 6 1 14
T 2014 6 0 0 0
T 2015 9 0 0 0
T 2016 6 0 0 0
T 2017 10 0 0 0
T 2018 8 0 7 1
E 2018 0 1 15
E 2018 1 1 15
E 2018 2 1 15
E 2018 3 1 15
E 2018 4 1 15
E 2018 5 1 15
E 2018 6 1 15
T 2019 6 0 7 1
E 2019 0 1 13
E 2019 1 1 13
E 2019 2 1 13
E 2019 3 1 13
E 2019 4 1 13
E 2019 5 1 13
E 2019 6 1 13
T 2020 6 0 0 0
T 2021 8 0 0 0
T 2022 5 0 0 0
T 2023 3 0 0 0
T 2024 3 0 0 0
T 2025 10 0 0 0
T 2026 7 0 7 1
E 2026 0 -1 -14
E 2026 1 -1 -14
E 2026 2 -1 -14
E 2026 3 -1 -14
E 2026 4 -1 -14
E 2026 5 -1 -14
E 2026 6 -1 -14
T 2027 8 0 0 0
T 2028 7 0 7 1
E 2028 0 -1 -14
E 2028 1 -1 -14
E 2028 2 -1 -14
E 2028 3 -1 -14
E 2028 4 -1 -14
E 2028 5 -1 -14
E 2028 6 -1 -14
T 2029 2 0 0 0
T 2030 8 0 0 0
T 2031 7 0 7 1
E 2031 0 -1 -14
E 2031 1 -1 -14
E 2031 2 -1 -14
E 2031 3 -1 -14
E 2031 4 -1 -14
E 2031 5 -1 -14
E 2031 6 -1 -14
T 2032 11 0 0 0
T 2033 6 0 0 0
T 2034 3 0 0 0
T 2035 4 0 0 0
T 2036 1 0 0 0
T 2037 2 0 0 0
T 2038 2 0 0 0
T 2039 6 0 0 0
T 2040 6 0 0 0
T 2041 11 0 0 0
T 2042 7 0 7 1
E 2042 0 -1 -14
E 2042 1 -1 -14
E 2042 2 -1 -14
E 2042 3 -1 -14
E 2042 4 -1 -14
E 2042 5 -1 -14
E 2042 6 -1 -14
T 2043 3 0 0 0
T 2044 1 0 0 0
T 2045 4 0 0 0
T 2046 6 0 0 0
T 2047 10 0 0 0
T 2048 4 0 0 0
T 2049 0 0 0 0
T 2050 5 0 0 0
T 2051 0 0 0 0
T 2052 4 0 0 0
T 2053 2 0 0 0
T 2054 2 0 0 0
T 2055 5 0 0 0
T 2056 7 0 0 0
T 2057 9 0 0 0
T 2058 4 0 0 0
T 2059 3 0 0 0
T 2060 6 0 0 0
T 2061 0 0 0 0
T 2062 4 0 0 0
T 2063 5 0 0 0
T 2064 12 0 0 0
T 2065 11 0 0 0
T 2066 7 0 0 0
T 2067 6 0 7 1
E 2067 0 -1 -13
E 2067 1 -1 -13
E 2067 2 -1 -13
E 2067 3 -1 -13
E 2067 4 -1 -13
E 2067 5 -1 -13
E 2067 6 -1 -13
T 2068 2 0 0 0
T 2069 7 0 0 0
T 2070 7 0 0 0
T 2071 7 0 0 0
T 2072 11 0 0 0
T 2073 9 0 7 1
E 2073 0 -1 -16
E 2073 1 -1 -16
E 2073 2 -1 -16
E 2073 3 -1 -16
E 2073 4 -1 -16
E 2073 5 -1 -16
E 2073 6 -1 -16
T 2074 9 0 0 0
T 2075 5 0 0 0
T 2076 5 0 0 0
T 2077 4 0 0 0
T 2078 7 0 0 0
T 2079 6 0 0 0
T 2080 4 0 0 0
T 2081 2 0 0 0
T 2082 7 0 0 0
T 2083 4 0 0 0
T 2084 11 0 0 0
T 2085 10 0 0 0
T 2086 7 0 0 0
T 2087 11 0 0 0
T 2088 11 0 0 0
T 2089 7 0 7 1
E 2089 0 -1 -14
E 2089 1 -1 -14
E 2089 2 -1 -14
E 2089 3 -1 -14
E 2089 4 -1 -14
E 2089 5 -1 -14
E 2089 6 -1 -14
T 2090 2 0 0 0
T 2091 2 0 0 0
T 2092 7 0 0 0
T 2093 8 0 7 1
E 2093 0 -1 -15
E 2093 1 -1 -15
E 2093 2 -1 -15
E 2093 3 -1 -15
E 2093 4 -1 -15
E 2093 5 -1 -15
E 2093 6 -1 -15
T 2094 7 0 7 1
E 2094 0 -1 -14
E 2094 1 -1 -14
E 2094 2 -1 -14
E 2094 3 -1 -14
E 2094 4 -1 -14
E 2094 5 -1 -14
E 2094 6 -1 -14
T 2095 8 0 0 0
T 2096 6 0 7 1
E 2096 0 -1 -13
E 2096 1 -1 -13
E 2096 2 -1 -13
E 2096 3 -1 -13
E 2096 4 -1 -13
E 2096 5 -1 -13
E 2096 6 -1 -13
T 2097 10 0 0 0
T 2098 4 0 7 1
E 2098 0 -2 -18
E 2098 1 -2 -18
E 2098 2 -2 -18
E 2098 3 -2 -18
E 2098 4 -2 -18
E 2098 5 -2 -18
E 2098 6 -2 -18
T 2099 3 0 0 0
T 2100 8 0 0 0
T 2101 5 0 0 0
T 2102 2 0 0 0
T 2103 1 0 0 0
T 2104 6 0 0 0
T 2105 1 0 0 0
T 2106 5 0 0 0
T 2107 0 0 0 0
T 2108 0 0 0 0
T 2109 1 0 0 0
T 2110 5 0 0 0
T 2111 9 0 0 0
T 2112 8 0 7 1
E 2112 0 -1 -15
E 2112 1 -1 -15
E 2112 2 -1 -15
E 2112 3 -1 -15
E 2112 4 -1 -15
E 2112 5 -1 -15
E 2112 6 -1 -15
T 2113 9 0 7 1
E 2113 0 -1 -16
E 2113 1 -1 -16
E 2113 2 -1 -16
E 2113 3 -1 -16
E 2113 4 -1 -16
E 2113 5 -1 -16
E 2113 6 -1 -16
T 2114 6 0 7 1
E 2114 0 -1 -13
E 2114 1 -1 -13
E 2114 2 -1 -13
E 2114 3 -1 -13
E 2114 4 -1 -13
E 2114 5 -1 -13
E 2114 6 -1 -13
T 2115 9 0 0 0
T 2116 12 0 0 0
T 2117 8 0 0 0
T 2118 8 0 7 1
E 2118 0 -1 -15
E 2118 1 -1 -15
E 2118 2 -1 -15
E 2118 3 -1 -15
E 2118 4 -1 -15
E 2118 5 -1 -15
E 2118 6 -1 -15
T 2119 8 0 7 1
E 2119 0 -1 -15
E 2119 1 -1 -15
E 2119 2 -1 -15
E 2119 3 -1 -15
E 2119 4 -1 -15
E 2119 5 -1 -15
E 2119 6 -1 -15
T 2120 6 0 0 0
T 2121 9 0 0 0
T 2122 9 0 0 0
T 2123 6 0 7 1
E 2123 0 -1 -13
E 2123 1 -1 -13
E 2123 2 -1 -13
E 2123 3 -1 -13
E 2123 4 -1 -13
E 2123 5 -1 -13
E 2123 6 -1 -13
T 2124 2 0 0 0
T 2125 0 0 0 0
T 2126 4 0 0 0
T 2127 10 0 0 0
T 2128 11 0 0 0
T 2129 5 0 7 1
E 2129 0 -2 -19
E 2129 1 -2 -19
E 2129 2 -2 -19
E 2129 3 -2 -19
E 2129 4 -2 -19
E 2129 5 -2 -19
E 2129 6 -2 -19
T 2130 12 0 0 0
T 2131 11 0 0 0
T 2132 12 0 0 0
T 2133 9 0 7 1
E 2133 0 -1 -16
E 2133 1 -1 -16
E 2133 2 -1 -16
E 2133 3 -1 -16
E 2133 4 -1 -16
E 2133 5 -1 -16
E 2133 6 -1 -16
T 2134 11 0 0 0
T 2135 4 0 7 1
E 2135 0 -2 -18
E 2135 1 -2 -18
E 2135 2 -2 -18
E 2135 3 -2 -18
E 2135 4 -2 -18
E 2135 5 -2 -18
E 2135 6 -2 -18
T 2136 12 0 0 0
T 2137 11 0 0 0
T 2138 8 0 7 1
E 2138 0 -1 -15
E 2138 1 -1 -15
E 2138 2 -1 -15
E 2138 3 -1 -15
E 2138 4 -1 -15
E 2138 5 -1 -15
E 2138 6 -1 -15
T 2139 10 0 0 0
T 2140 7 0 0 0
T 2141 12 0 0 0
T 2142 8 0 7 1
E 2142 0 -1 -15
E 2142 1 -1 -15
E 2142 2 -1 -15
E 2142 3 -1 -15
E 2142 4 -1 -15
E 2142 5 -1 -15
E 2142 6 -1 -15
T 2143 5 0 0 0
T 2144 4 0 0 0
T 2145 3 0 0 0
T 2146 11 0 0 0
T 2147 6 0 7 1
E 2147 0 -1 -13
E 2147 1 -1 -13
E 2147 2 -1 -13
E 2147 3 -1 -13
E 2147 4 -1 -13
E 2147 5 -1 -13
E 2147 6 -1 -13
T 2148 8 0 0 0
T 2149 6 0 0 0
T 2150 6 0 7 1
E 2150 0 -1 -13
E 2150 1 -1 -13
E 2150 2 -1 -13
E 2150 3 -1 -13
E 2150 4 -1 -13
E 2150 5 -1 -13
E 2150 6 -1 -13
T 2151 7 0 0 0
T 2152 12 0 0 0
T 2153 9 0 0 0
T 2154 10 0 7 1
E 2154 0 -1 -17
E 2154 1 -1 -17
E 2154 2 -1 -17
E 2154 3 -1 -17
E 2154 4 -1 -17
E 2154 5 -1 -17
E 2154 6 -1 -17
T 2155 9 0 7 1
E 2155 0 -1 -16
E 2155 1 -1 -16
E 2155 2 -1 -16
E 2155 3 -1 -16
E 2155 4 -1 -16
E 2155 5 -1 -16
E 2155 6 -1 -16
T 2156 6 0 0 0
T 2157 12 0 0 0
T 2158 10 0 0 0
T 2159 8 0 0 0
T 2160 16 0 7 1
E 2160 0 4 44
E 2160 1 4 44
E 2160 2 4 44
E 2160 3 4 44
E 2160 4 4 44
E 2160 5 4 44
E 2160 6 4 44
T 2161 8 0 7 1
E 2161 0 1 15
E 2161 1 1 15
E 2161 2 1 15
E 2161 3 1 15
E 2161 4 1 15
E 2161 5 1 15
E 2161 6 1 15
T 2162 7 0 0 0
T 2163 6 0 7 1
E 2163 0 1 13
E 2163 1 1 13
E 2163 2 1 13
E 2163 3 1 13
E 2163 4 1 13
E 2163 5 1 13
E 2163 6 1 13
T 2164 5 0 0 0
T 2165 3 0 0 0
T 2166 9 0 0 0
T 2167 11 0 0 0
T 2168 10 0 7 1
E 2168 0 1 17
E 2168 1 1 17
E 2168 2 1 17
E 2168 3 1 17
E 2168 4 1 17
E 2168 5 1 17
E 2168 6 1 17
T 2169 7 0 0 0
T 2170 12 0 0 0
T 2171 9 0 0 0
T 2172 8 0 0 0
T 2173 8 0 0 0
T 2174 4 0 0 0
T 2175 7 0 0 0
T 2176 2 0 0 0
T 2177 3 0 0 0
T 2178 5 0 0 0
T 2179 6 0 0 0
T 2180 4 0 0 0
T 2181 8 0 0 0
T 2182 6 0 0 0
T 2183 9 0 0 0
T 2184 8 0 0 0
T 2185 8 0 0 0
T 2186 6 0 7 1
E 2186 0 1 13
E 2186 1 1 13
E 2186 2 1 13
E 2186 3 1 13
E 2186 4 1 13
E 2186 5 1 13
E 2186 6 1 13
T 2187 6 0 0 0
T 2188 7 0 0 0
T 2189 6 0 7 1
E 2189 0 1 13
E 2189 1 1 13
E 2189 2 1 13
E 2189 3 1 13
E 2189 4 1 13
E 2189 5 1 13
E 2189 6 1 13
T 2190 6 0 0 0
T 2191 8 0 0 0
T 2192 6 0 0 0
T 2193 2 0 0 0
T 2194 6 0 0 0
T 2195 11 0 0 0
T 2196 8 0 0 0
T 2197 8 0 0 0
T 2198 8 0 7 1
E 2198 0 1 15
E 2198 1 1 15
E 2198 2 1 15
E 2198 3 1 15
E 2198 4 1 15
E 2198 5 1 15
E 2198 6 1 15
T 2199 12 0 0 0
T 2200 4 0 7 1
E 2200 0 2 18
E 2200 1 2 18
E 2200 2 2 18
E 2200 3 2 18
E 2200 4 2 18
E 2200 5 2 18
E 2200 6 2 18
T 2201 9 0 0 0
T 2202 7 0 0 0
T 2203 5 0 0 0
T 2204 11 0 0 0
T 2205 9 0 0 0
T 2206 9 0 7 1
E 2206 0 1 16
E 2206 1 1 16
E 2206 2 1 16
E 2206 3 1 16
E 2206 4 1 16
E 2206 5 1 16
E 2206 6 1 16
T 2207 9 0 7 1
E 2207 0 1 16
E 2207 1 1 16
E 2207 2 1 16
E 2207 3 1 16
E 2207 4 1 16
E 2207 5 1 16
E 2207 6 1 16
T 2208 8 0 0 0
T 2209 7 0 7 1
E 2209 0 1 14
E 2209 1 1 14
E 2209 2 1 14
E 2209 3 1 14
E 2209 4 1 14
E 2209 5 1 14
E 2209 6 1 14
T 2210 7 0 7 1
E 2210 0 1 14
E 2210 1 1 14
E 2210 2 1 14
E 2210 3 1 14
E 2210 4 1 14
E 2210 5 1 14
E 2210 6 1 14
T 2211 12 0 0 0
T 2212 9 0 7 1
E 2212 0 1 16
E 2212 1 1 16
E 2212 2 1 16
E 2212 3 1 16
E 2212 4 1 16
E 2212 5 1 16
E 2212 6 1 16
T 2213 11 0 0 0
T 2214 8 0 7 1
E 2214 0 1 15
E 2214 1 1 15
E 2214 2 1 15
E 2214 3 1 15
E 2214 4 1 15
E 2214 5 1 15
E 2214 6 1 15
T 2215 8 0 7 1
E 2215 0 1 15
E 2215 1 1 15
E 2215 2 1 15
E 2215 3 1 15
E 2215 4 1 15
E 2215 5 1 15
E 2215 6 1 15
T 2216 7 0 7 1
E 2216 0 1 14
E 2216 1 1 14
E 2216 2 1 14
E 2216 3 1 14
E 2216 4 1 14
E 2216 5 1 14
E 2216 6 1 14
T 2217 7 0 7 1
E 2217 0 1 14
E 2217 1 1 14
E 2217 2 1 14
E 2217 3 1 14
E 2217 4 1 14
E 2217 5 1 14
E 2217 6 1 14
T 2218 6 0 0 0
T 2219 9 0 0 0
T 2220 10 0 7 1
E 2220 0 1 17
E 2220 1 1 17
E 2220 2 1 17
E 2220 3 1 17
E 2220 4 1 17
E 2220 5 1 17
E 2220 6 1 17
T 2221 8 0 7 1
E 2221 0 1 15
E 2221 1 1 15
E 2221 2 1 15
E 2221 3 1 15
E 2221 4 1 15
E 2221 5 1 15
E 2221 6 1 15
T 2222 7 0 0 0
T 2223 2 0 0 0
T 2224 10 0 0 0
T 2225 10 0 0 0
T 2226 10 0 7 1
E 2226 0 1 17
E 2226 1 1 17
E 2226 2 1 17
E 2226 3 1 17
E 2226 4 1 17
E 2226 5 1 17
E 2226 6 1 17
T 2227 12 0 0 0
T 2228 9 0 0 0
T 2229 12 0 0 0
T 2230 10 0 7 1
E 2230 0 1 17
E 2230 1 1 17
E 2230 2 1 17
E 2230 3 1 17
E 2230 4 1 17
E 2230 5 1 17
E 2230 6 1 17
T 2231 12 0 0 0
T 2232 4 0 7 1
E 2232 0 2 18
E 2232 1 2 18
E 2232 2 2 18
E 2232 3 2 18
E 2232 4 2 18
E 2232 5 2 18
E 2232 6 2 18
T 2233 4 0 0 0
T 2234 5 0 0 0
T 2235 4 0 0 0
T 2236 2 0 0 0
T 2237 8 0 0 0
T 2238 9 0 0 0
T 2239 5 0 0 0
T 2240 6 0 7 1
E 2240 0 1 13
E 2240 1 1 13
E 2240 2 1 13
E 2240 3 1 13
E 2240 4 1 13
E 2240 5 1 13
E 2240 6 1 13
T 2241 2 0 0 0
T 2242 2 0 0 0
T 2243 0 0 0 0
T 2244 8 0 0 0
T 2245 9 0 0 0
T 2246 6 0 7 1
E 2246 0 1 13
E 2246 1 1 13
E 2246 2 1 13
E 2246 3 1 13
E 2246 4 1 13
E 2246 5 1 13
E 2246 6 1 13
T 2247 11 0 0 0
T 2248 4 0 7 1
E 2248 0 2 18
E 2248 1 2 18
E 2248 2 2 18
E 2248 3 2 18
E 2248 4 2 18
E 2248 5 2 18
E 2248 6 2 18
T 2249 5 0 0 0
T 2250 10 0 0 0
T 2251 9 0 0 0
T 2252 9 0 0 0
T 2253 7 0 0 0
T 2254 11 0 0 0
T 2255 11 0 0 0
T 2256 8 0 0 0
T 2257 1 0 0 0
T 2258 3 0 0 0
T 2259 1 0 0 0
T 2260 4 0 0 0
T 2261 4 0 0 0
T 2262 7 0 0 0
T 2263 12 0 0 0
T 2264 10 0 0 0
T 2265 11 0 0 0
T 2266 6 0 7 1
E 2266 0 1 13
E 2266 1 1 13
E 2266 2 1 13
E 2266 3 1 13
E 2266 4 1 13
E 2266 5 1 13
E 2266 6 1 13
T 2267 1 0 0 0
T 2268 4 0 0 0
T 2269 5 0 0 0
T 2270 7 0 0 0
T 2271 6 0 0 0
T 2272 6 0 0 0
T 2273 10 0 0 0
T 2274 10 0 0 0
T 2275 7 0 0 0
T 2276 3 0 0 0
T 2277 1 0 0 0
T 2278 4 0 0 0
T 2279 4 0 0 0
T 2280 9 0 0 0
T 2281 3 0 0 0
T 2282 0 0 0 0
T 2283 5 0 0 0
T 2284 4 0 0 0
T 2285 1 0 0 0
T 2286 3 0 0 0
T 2287 7 0 0 0
T 2288 7 0 0 0
T 2289 7 0 0 0
T 2290 8 0 0 0
T 2291 8 0 7 1
E 2291 0 -1 -15
E 2291 1 -1 -15
E 2291 2 -1 -15
E 2291 3 -1 -15
E 2291 4 -1 -15
E 2291 5 -1 -15
E 2291 6 -1 -15
T 2292 11 0 0 0
T 2293 12 0 0 0
T 2294 6 0 7 1
E 2294 0 -1 -13
E 2294 1 -1 -13
E 2294 2 -1 -13
E 2294 3 -1 -13
E 2294 4 -1 -13
E 2294 5 -1 -13
E 2294 6 -1 -13
T 2295 6 0 7 1
E 2295 0 -1 -13
E 2295 1 -1 -13
E 2295 2 -1 -13
E 2295 3 -1 -13
E 2295 4 -1 -13
E 2295 5 -1 -13
E 2295 6 -1 -13
T 2296 7 0 0 0
T 2297 5 0 0 0
T 2298 7 0 0 0
T 2299 6 0 7 1
E 2299 0 -1 -13
E 2299 1 -1 -13
E 2299 2 -1 -13
E 2299 3 -1 -13
E 2299 4 -1 -13
E 2299 5 -1 -13
E 2299 6 -1 -13
T 2300 8 0 0 0
T 2301 8 0 7 1
E 2301 0 -1 -15
E 2301 1 -1 -15
E 2301 2 -1 -15
E 2301 3 -1 -15
E 2301 4 -1 -15
E 2301 5 -1 -15
E 2301 6 -1 -15
T 2302 7 0 7 1
E 2302 0 -1 -14
E 2302 1 -1 -14
E 2302 2 -1 -14
E 2302 3 -1 -14
E 2302 4 -1 -14
E 2302 5 -1 -14
E 2302 6 -1 -14
T 2303 4 0 0 0
T 2304 0 0 0 0
T 2305 3 0 0 0
T 2306 7 0 0 0
T 2307 9 0 0 0
T 2308 8 0 7 1
E 2308 0 -1 -15
E 2308 1 -1 -15
E 2308 2 -1 -15
E 2308 3 -1 -15
E 2308 4 -1 -15
E 2308 5 -1 -15
E 2308 6 -1 -15
T 2309 9 0 7 1
E 2309 0 -1 -16
E 2309 1 -1 -16
E 2309 2 -1 -16
E 2309 3 -1 -16
E 2309 4 -1 -16
E 2309 5 -1 -16
E 2309 6 -1 -16
T 2310 6 0 0 0
T 2311 3 0 0 0
T 2312 4 0 0 0
T 2313 2 0 0 0
T 2314 1 0 0 0
T 2315 7 0 0 0
T 2316 9 0 0 0
T 2317 11 0 0 0
T 2318 7 0 0 0
T 2319 5 0 0 0
T 2320 2 0 0 0
T 2321 10 0 0 0
T 2322 9 0 7 1
E 2322 0 -1 -16
E 2322 1 -1 -16
E 2322 2 -1 -16
E 2322 3 -1 -16
E 2322 4 -1 -16
E 2322 5 -1 -16
E 2322 6 -1 -16
T 2323 8 0 0 0
T 2324 9 0 7 1
E 2324 0 -1 -16
E 2324 1 -1 -16
E 2324 2 -1 -16
E 2324 3 -1 -16
E 2324 4 -1 -16
E 2324 5 -1 -16
E 2324 6 -1 -16
T 2325 6 0 7 1
E 2325 0 -1 -13
E 2325 1 -1 -13
E 2325 2 -1 -13
E 2325 3 -1 -13
E 2325 4 -1 -13
E 2325 5 -1 -13
E 2325 6 -1 -13
T 2326 10 0 0 0
T 2327 7 0 0 0
T 2328 3 0 0 0
T 2329 1 0 0 0
T 2330 1 0 0 0
T 2331 7 0 0 0
T 2332 6 0 0 0
T 2333 11 0 0 0
T 2334 5 0 7 1
E 2334 0 -2 -19
E 2334 1 -2 -19
E 2334 2 -2 -19
E 2334 3 -2 -19
E 2334 4 -2 -19
E 2334 5 -2 -19
E 2334 6 -2 -19
T 2335 7 0 0 0
T 2336 6 0 0 0
T 2337 10 0 0 0
T 2338 7 0 7 1
E 2338 0 -1 -14
E 2338 1 -1 -14
E 2338 2 -1 -14
E 2338 3 -1 -14
E 2338 4 -1 -14
E 2338 5 -1 -14
E 2338 6 -1 -14
T 2339 8 0 0 0
T 2340 10 0 0 0
T 2341 4 0 7 1
E 2341 0 -2 -18
E 2341 1 -2 -18
E 2341 2 -2 -18
E 2341 3 -2 -18
E 2341 4 -2 -18
E 2341 5 -2 -18
E 2341 6 -2 -18
T 2342 9 0 0 0
T 2343 8 0 7 1
E 2343 0 -1 -15
E 2343 1 -1 -15
E 2343 2 -1 -15
E 2343 3 -1 -15
E 2343 4 -1 -15
E 2343 5 -1 -15
E 2343 6 -1 -15
T 2344 7 0 0 0
T 2345 7 0 7 1
E 2345 0 -1 -14
E 2345 1 -1 -14
E 2345 2 -1 -14
E 2345 3 -1 -14
E 2345 4 -1 -14
E 2345 5 -1 -14
E 2345 6 -1 -14
T 2346 4 0 0 0
T 2347 1 0 0 0
T 2348 2 0 0 0
T 2349 8 0 0 0
T 2350 12 0 0 0
T 2351 9 0 7 1
E 2351 0 -1 -16
E 2351 1 -1 -16
E 2351 2 -1 -16
E 2351 3 -1 -16
E 2351 4 -1 -16
E 2351 5 -1 -16
E 2351 6 -1 -16
T 2352 6 0 7 1
E 2352 0 -1 -13
E 2352 1 -1 -13
E 2352 2 -1 -13
E 2352 3 -1 -13
E 2352 4 -1 -13
E 2352 5 -1 -13
E 2352 6 -1 -13
T 2353 3 0 0 0
T 2354 11 0 0 0
T 2355 4 0 7 1
E 2355 0 -2 -18
E 2355 1 -2 -18
E 2355 2 -2 -18
E 2355 3 -2 -18
E 2355 4 -2 -18
E 2355 5 -2 -18
E 2355 6 -2 -18
T 2356 3 0 0 0
T 2357 2 0 0 0
T 2358 1 0 0 0
T 2359 5 0 0 0
T 2360 8 0 0 0
T 2361 8 0 0 0
T 2362 5 0 0 0
T 2363 12 0 0 0
T 2364 8 0 7 1
E 2364 0 -1 -15
E 2364 1 -1 -15
E 2364 2 -1 -15
E 2364 3 -1 -15
E 2364 4 -1 -15
E 2364 5 -1 -15
E 2364 6 -1 -15
T 2365 6 0 0 0
T 2366 7 0 0 0
T 2367 12 0 0 0
T 2368 4 0 7 1
E 2368 0 -2 -18
E 2368 1 -2 -18
E 2368 2 -2 -18
E 2368 3 -2 -18
E 2368 4 -2 -18
E 2368 5 -2 -18
E 2368 6 -2 -18
T 2369 11 0 0 0
T 2370 9 0 7 1
E 2370 0 -1 -16
E 2370 1 -1 -16
E 2370 2 -1 -16
E 2370 3 -1 -16
E 2370 4 -1 -16
E 2370 5 -1 -16
E 2370 6 -1 -16
T 2371 5 0 0 0
T 2372 9 0 0 0
T 2373 7 0 7 1
E 2373 0 -1 -14
E 2373 1 -1 -14
E 2373 2 -1 -14
E 2373 3 -1 -14
E 2373 4 -1 -14
E 2373 5 -1 -14
E 2373 6 -1 -14
T 2374 11 0 0 0
T 2375 8 0 7 1
E 2375 0 -1 -15
E 2375 1 -1 -15
E 2375 2 -1 -15
E 2375 3 -1 -15
E 2375 4 -1 -15
E 2375 5 -1 -15
E 2375 6 -1 -15
T 2376 6 0 0 0
T 2377 4 0 0 0
T 2378 11 0 0 0
T 2379 7 0 0 0
T 2380 7 0 7 1
E 2380 0 -1 -14
E 2380 1 -1 -14
E 2380 2 -1 -14
E 2380 3 -1 -14
E 2380 4 -1 -14
E 2380 5 -1 -14
E 2380 6 -1 -14
T 2381 8 0 7 1
E 2381 0 -1 -15
E 2381 1 -1 -15
E 2381 2 -1 -15
E 2381 3 -1 -15
E 2381 4 -1 -15
E 2381 5 -1 -15
E 2381 6 -1 -15
T 2382 7 0 0 0
T 2383 4 0 0 0
T 2384 8 0 0 0
T 2385 12 0 0 0
T 2386 11 0 0 0
T 2387 8 0 0 0
T 2388 12 0 0 0
T 2389 6 0 7 1
E 2389 0 -1 -13
E 2389 1 -1 -13
E 2389 2 -1 -13
E 2389 3 -1 -13
E 2389 4 -1 -13
E 2389 5 -1 -13
E 2389 6 -1 -13
T 2390 6 0 0 0
T 2391 4 0 0 0
T 2392 8 0 0 0
T 2393 8 0 0 0
T 2394 6 0 0 0
T 2395 2 0 0 0
T 2396 1 0 0 0
T 2397 5 0 0 0
T 2398 6 0 7 1
E 2398 0 -1 -13
E 2398 1 -1 -13
E 2398 2 -1 -13
E 2398 3 -1 -13
E 2398 4 -1 -13
E 2398 5 -1 -13
E 2398 6 -1 -13
T 2399 7 0 0 0
T 2400 12 0 7 1
E 2400 0 4 40
E 2400 1 4 40
E 2400 2 4 40
E 2400 3 4 40
E 2400 4 4 40
E 2400 5 4 40
E 2400 6 4 40
T 2401 12 0 0 0
T 2402 12 0 0 0
T 2403 8 0 7 1
E 2403 0 1 15
E 2403 1 1 15
E 2403 2 1 15
E 2403 3 1 15
E 2403 4 1 15
E 2403 5 1 15
E 2403 6 1 15
T 2404 9 0 7 1
E 2404 0 1 16
E 2404 1 1 16
E 2404 2 1 16
E 2404 3 1 16
E 2404 4 1 16
E 2404 5 1 16
E 2404 6 1 16
T 2405 9 0 7 1
E 2405 0 1 16
E 2405 1 1 16
E 2405 2 1 16
E 2405 3 1 16
E 2405 4 1 16
E 2405 5 1 16
E 2405 6 1 16
T 2406 8 0 7 1
E 2406 0 1 15
E 2406 1 1 15
E 2406 2 1 15
E 2406 3 1 15
E 2406 4 1 15
E 2406 5 1 15
E 2406 6 1 15
T 2407 7 0 7 1
E 2407 0 1 14
E 2407 1 1 14
E 2407 2 1 14
E 2407 3 1 14
E 2407 4 1 14
E 2407 5 1 14
E 2407 6 1 14
T 2408 5 0 0 0
T 2409 5 0 0 0
T 2410 10 0 0 0
T 2411 7 0 7 1
E 2411 0 1 14
E 2411 1 1 14
E 2411 2 1 14
E 2411 3 1 14
E 2411 4 1 14
E 2411 5 1 14
E 2411 6 1 14
T 2412 6 0 0 0
T 2413 1 0 0 0
T 2414 9 0 0 0
T 2415 11 0 0 0
T 2416 4 0 7 1
E 2416 0 2 18
E 2416 1 2 18
E 2416 2 2 18
E 2416 3 2 18
E 2416 4 2 18
E 2416 5 2 18
E 2416 6 2 18
T 2417 11 0 0 0
T 2418 7 0 0 0
T 2419 8 0 0 0
T 2420 9 0 0 0
T 2421 11 0 0 0
T 2422 8 0 7 1
E 2422 0 1 15
E 2422 1 1 15
E 2422 2 1 15
E 2422 3 1 15
E 2422 4 1 15
E 2422 5 1 15
E 2422 6 1 15
T 2423 8 0 0 0
T 2424 7 0 7 1
E 2424 0 1 14
E 2424 1 1 14
E 2424 2 1 14
E 2424 3 1 14
E 2424 4 1 14
E 2424 5 1 14
E 2424 6 1 14
T 2425 7 0 0 0
T 2426 5 0 0 0
T 2427 5 0 0 0
T 2428 2 0 0 0
T 2429 9 0 0 0
T 2430 10 0 7 1
E 2430 0 1 17
E 2430 1 1 17
E 2430 2 1 17
E 2430 3 1 17
E 2430 4 1 17
E 2430 5 1 17
E 2430 6 1 17
T 2431 10 0 0 0
T 2432 6 0 7 1
E 2432 0 1 13
E 2432 1 1 13
E 2432 2 1 13
E 2432 3 1 13
E 2432 4 1 13
E 2432 5 1 13
E 2432 6 1 13
T 2433 1 0 0 0
T 2434 1 0 0 0
T 2435 4 0 0 0
T 2436 3 0 0 0
T 2437 1 0 0 0
T 2438 3 0 0 0
T 2439 0 0 0 0
T 2440 1 0 0 0
T 2441 5 0 0 0
T 2442 6 0 7 1
E 2442 0 1 13
E 2442 1 1 13
E 2442 2 1 13
E 2442 3 1 13
E 2442 4 1 13
E 2442 5 1 13
E 2442 6 1 13
T 2443 11 0 0 0
T 2444 8 0 0 0
T 2445 11 0 0 0
T 2446 6 0 7 1
E 2446 0 1 13
E 2446 1 1 13
E 2446 2 1 13
E 2446 3 1 13
E 2446 4 1 13
E 2446 5 1 13
E 2446 6 1 13
T 2447 10 0 0 0
T 2448 7 0 0 0
T 2449 8 0 7 1
E 2449 0 1 15
E 2449 1 1 15
E 2449 2 1 15
E 2449 3 1 15
E 2449 4 1 15
E 2449 5 1 15
E 2449 6 1 15
T 2450 9 0 0 0
T 2451 11 0 0 0
T 2452 7 0 7 1
E 2452 0 1 14
E 2452 1 1 14
E 2452 2 1 14
E 2452 3 1 14
E 2452 4 1 14
E 2452 5 1 14
E 2452 6 1 14
T 2453 2 0 0 0
T 2454 1 0 0 0
T 2455 3 0 0 0
T 2456 3 0 0 0
T 2457 3 0 0 0
T 2458 2 0 0 0
T 2459 4 0 0 0
T 2460 0 0 0 0
T 2461 5 0 0 0
T 2462 2 0 0 0
T 2463 5 0 0 0
T 2464 5 0 0 0
T 2465 10 0 0 0
T 2466 8 0 7 1
E 2466 0 1 15
E 2466 1 1 15
E 2466 2 1 15
E 2466 3 1 15
E 2466 4 1 15
E 2466 5 1 15
E 2466 6 1 15
T 2467 5 0 0 0
T 2468 10 0 0 0
T 2469 10 0 0 0
T 2470 10 0 7 1
E 2470 0 1 17
E 2470 1 1 17
E 2470 2 1 17
E 2470 3 1 17
E 2470 4 1 17
E 2470 5 1 17
E 2470 6 1 17
T 2471 8 0 0 0
T 2472 4 0 0 0
T 2473 3 0 0 0
T 2474 8 0 0 0
T 2475 8 0 0 0
T 2476 7 0 0 0
T 2477 4 0 0 0
T 2478 9 0 0 0
T 2479 7 0 7 1
E 2479 0 1 14
E 2479 1 1 14
E 2479 2 1 14
E 2479 3 1 14
E 2479 4 1 14
E 2479 5 1 14
E 2479 6 1 14
T 2480 11 0 0 0
T 2481 11 0 0 0
T 2482 9 0 0 0
T 2483 9 0 0 0
T 2484 7 0 7 1
E 2484 0 1 14
E 2484 1 1 14
E 2484 2 1 14
E 2484 3 1 14
E 2484 4 1 14
E 2484 5 1 14
E 2484 6 1 14
T 2485 5 0 0 0
T 2486 3 0 0 0
T 2487 6 0 0 0
T 2488 6 0 0 0
T 2489 5 0 0 0
T 2490 3 0 0 0
T 2491 2 0 0 0
T 2492 3 0 0 0
T 2493 1 0 0 0
T 2494 9 0 0 0
T 2495 10 0 7 1
E 2495 0 1 17
E 2495 1 1 17
E 2495 2 1 17
E 2495 3 1 17
E 2495 4 1 17
E 2495 5 1 17
E 2495 6 1 17
T 2496 10 0 0 0
T 2497 6 0 0 0
T 2498 10 0 0 0
T 2499 8 0 0 0
T 2500 4 0 0 0
T 2501 2 0 0 0
T 2502 1 0 0 0
T 2503 4 0 0 0
T 2504 7 0 0 0
T 2505 10 0 0 0
T 2506 12 0 0 0
T 2507 9 0 0 0
T 2508 8 0 0 0
T 2509 2 0 0 0
T 2510 3 0 0 0
T 2511 4 0 0 0
T 2512 1 0 0 0
T 2513 3 0 0 0
T 2514 9 0 0 0
T 2515 10 0 0 0
T 2516 8 0 7 1
E 2516 0 -1 -15
E 2516 1 -1 -15
E 2516 2 -1 -15
E 2516 3 -1 -15
E 2516 4 -1 -15
E 2516 5 -1 -15
E 2516 6 -1 -15
T 2517 7 0 0 0
T 2518 8 0 0 0
T 2519 5 0 0 0
T 2520 11 0 0 0
T 2521 10 0 7 1
E 2521 0 -1 -17
E 2521 1 -1 -17
E 2521 2 -1 -17
E 2521 3 -1 -17
E 2521 4 -1 -17
E 2521 5 -1 -17
E 2521 6 -1 -17
T 2522 12 0 0 0
T 2523 5 0 7 1
E 2523 0 -2 -19
E 2523 1 -2 -19
E 2523 2 -2 -19
E 2523 3 -2 -19
E 2523 4 -2 -19
E 2523 5 -2 -19
E 2523 6 -2 -19
T 2524 7 0 0 0
T 2525 7 0 0 0
T 2526 7 0 0 0
T 2527 9 0 0 0
T 2528 8 0 7 1
E 2528 0 -1 -15
E 2528 1 -1 -15
E 2528 2 -1 -15
E 2528 3 -1 -15
E 2528 4 -1 -15
E 2528 5 -1 -15
E 2528 6 -1 -15
T 2529 7 0 0 0
T 2530 7 0 0 0
T 2531 6 0 7 1
E 2531 0 -1 -13
E 2531 1 -1 -13
E 2531 2 -1 -13
E 2531 3 -1 -13
E 2531 4 -1 -13
E 2531 5 -1 -13
E 2531 6 -1 -13
T 2532 5 0 0 0
T 2533 12 0 0 0
T 2534 9 0 0 0
T 2535 10 0 0 0
T 2536 7 0 0 0
T 2537 3 0 0 0
T 2538 4 0 0 0
T 2539 8 0 0 0
T 2540 6 0 7 1
E 2540 0 -1 -13
E 2540 1 -1 -13
E 2540 2 -1 -13
E 2540 3 -1 -13
E 2540 4 -1 -13
E 2540 5 -1 -13
E 2540 6 -1 -13
T 2541 12 0 0 0
T 2542 8 0 7 1
E 2542 0 -1 -15
E 2542 1 -1 -15
E 2542 2 -1 -15
E 2542 3 -1 -15
E 2542 4 -1 -15
E 2542 5 -1 -15
E 2542 6 -1 -15
T 2543 3 0 0 0
T 2544 2 0 0 0
T 2545 7 0 0 0
T 2546 3 0 0 0
T 2547 6 0 0 0
T 2548 7 0 0 0
T 2549 6 0 0 0
T 2550 6 0 0 0
T 2551 9 0 0 0
T 2552 10 0 0 0
T 2553 9 0 0 0
T 2554 4 0 0 0
T 2555 8 0 0 0
T 2556 11 0 0 0
T 2557 4 0 0 0
T 2558 2 0 0 0
T 2559 10 0 0 0
T 2560 8 0 0 0
T 2561 7 0 0 0
T 2562 3 0 0 0
T 2563 1 0 0 0
T 2564 5 0 0 0
T 2565 11 0 0 0
T 2566 9 0 0 0
T 2567 4 0 0 0
T 2568 11 0 0 0
T 2569 10 0 7 1
E 2569 0 -1 -17
E 2569 1 -1 -17
E 2569 2 -1 -17
E 2569 3 -1 -17
E 2569 4 -1 -17
E 2569 5 -1 -17
E 2569 6 -1 -17
T 2570 6 0 7 1
E 2570 0 -1 -13
E 2570 1 -1 -13
E 2570 2 -1 -13
E 2570 3 -1 -13
E 2570 4 -1 -13
E 2570 5 -1 -13
E 2570 6 -1 -13
T 2571 2 0 0 0
T 2572 3 0 0 0
T 2573 3 0 0 0
T 2574 7 0 0 0
T 2575 11 0 0 0
T 2576 9 0 7 1
E 2576 0 -1 -16
E 2576 1 -1 -16
E 2576 2 -1 -16
E 2576 3 -1 -16
E 2576 4 -1 -16
E 2576 5 -1 -16
E 2576 6 -1 -16
T 2577 7 0 0 0
T 2578 9 0 0 0
T 2579 6 0 7 1
E 2579 0 -1 -13
E 2579 1 -1 -13
E 2579 2 -1 -13
E 2579 3 -1 -13
E 2579 4 -1 -13
E 2579 5 -1 -13
E 2579 6 -1 -13
T 2580 6 0 7 1
E 2580 0 -1 -13
E 2580 1 -1 -13
E 2580 2 -1 -13
E 2580 3 -1 -13
E 2580 4 -1 -13
E 2580 5 -1 -13
E 2580 6 -1 -13
T 2581 6 0 0 0
T 2582 7 0 0 0
T 2583 7 0 7 1
E 2583 0 -1 -14
E 2583 1 -1 -14
E 2583 2 -1 -14
E 2583 3 -1 -14
E 2583 4 -1 -14
E 2583 5 -1 -14
E 2583 6 -1 -14
T 2584 6 0 0 0
T 2585 6 0 0 0
T 2586 6 0 0 0
T 2587 2 0 0 0
T 2588 5 0 0 0
T 2589 2 0 0 0
T 2590 1 0 0 0
T 2591 2 0 0 0
T 2592 4 0 0 0
T 2593 5 0 0 0
T 2594 2 0 0 0
T 2595 9 0 0 0
T 2596 8 0 0 0
T 2597 11 0 0 0
T 2598 7 0 0 0
T 2599 9 0 0 0
T 2600 7 0 7 1
E 2600 0 -1 -14
E 2600 1 -1 -14
E 2600 2 -1 -14
E 2600 3 -1 -14
E 2600 4 -1 -14
E 2600 5 -1 -14
E 2600 6 -1 -14
T 2601 10 0 0 0
T 2602 8 0 0 0
T 2603 7 0 0 0
T 2604 10 0 0 0
T 2605 11 0 0 0
T 2606 10 0 7 1
E 2606 0 -1 -17
E 2606 1 -1 -17
E 2606 2 -1 -17
E 2606 3 -1 -17
E 2606 4 -1 -17
E 2606 5 -1 -17
E 2606 6 -1 -17
T 2607 11 0 0 0
T 2608 10 0 0 0
T 2609 12 0 0 0
T 2610 10 0 7 1
E 2610 0 -1 -17
E 2610 1 -1 -17
E 2610 2 -1 -17
E 2610 3 -1 -17
E 2610 4 -1 -17
E 2610 5 -1 -17
E 2610 6 -1 -17
T 2611 8 0 7 1
E 2611 0 -1 -15
E 2611 1 -1 -15
E 2611 2 -1 -15
E 2611 3 -1 -15
E 2611 4 -1 -15
E 2611 5 -1 -15
E 2611 6 -1 -15
T 2612 8 0 0 0
T 2613 11 0 0 0
T 2614 11 0 0 0
T 2615 12 0 0 0
T 2616 9 0 0 0
T 2617 5 0 0 0
T 2618 6 0 0 0
T 2619 6 0 0 0
T 2620 8 0 0 0
T 2621 6 0 0 0
T 2622 3 0 0 0
T 2623 1 0 0 0
T 2624 4 0 0 0
T 2625 8 0 0 0
T 2626 9 0 7 1
E 2626 0 -1 -16
E 2626 1 -1 -16
E 2626 2 -1 -16
E 2626 3 -1 -16
E 2626 4 -1 -16
E 2626 5 -1 -16
E 2626 6 -1 -16
T 2627 9 0 0 0
T 2628 6 0 7 1
E 2628 0 -1 -13
E 2628 1 -1 -13
E 2628 2 -1 -13
E 2628 3 -1 -13
E 2628 4 -1 -13
E 2628 5 -1 -13
E 2628 6 -1 -13
T 2629 5 0 0 0
T 2630 9 0 0 0
T 2631 10 0 7 1
E 2631 0 -1 -17
E 2631 1 -1 -17
E 2631 2 -1 -17
E 2631 3 -1 -17
E 2631 4 -1 -17
E 2631 5 -1 -17
E 2631 6 -1 -17
T 2632 7 0 0 0
T 2633 7 0 7 1
E 2633 0 -1 -14
E 2633 1 -1 -14
E 2633 2 -1 -14
E 2633 3 -1 -14
E 2633 4 -1 -14
E 2633 5 -1 -14
E 2633 6 -1 -14
T 2634 10 0 0 0
T 2635 8 0 7 1
E 2635 0 -1 -15
E 2635 1 -1 -15
E 2635 2 -1 -15
E 2635 3 -1 -15
E 2635 4 -1 -15
E 2635 5 -1 -15
E 2635 6 -1 -15
T 2636 5 0 0 0
T 2637 7 0 0 0
T 2638 12 0 0 0
T 2639 5 0 7 1
E 2639 0 -2 -19
E 2639 1 -2 -19
E 2639 2 -2 -19
E 2639 3 -2 -19
E 2639 4 -2 -19
E 2639 5 -2 -19
E 2639 6 -2 -19
T 2640 8 0 7 1
E 2640 0 4 36
E 2640 1 4 36
E 2640 2 4 36
E 2640 3 4 36
E 2640 4 4 36
E 2640 5 4 36
E 2640 6 4 36
T 2641 3 0 0 0
T 2642 7 0 0 0
T 2643 7 0 0 0
T 2644 10 0 0 0
T 2645 12 0 0 0
T 2646 10 0 7 1
E 2646 0 1 17
E 2646 1 1 17
E 2646 2 1 17
E 2646 3 1 17
E 2646 4 1 17
E 2646 5 1 17
E 2646 6 1 17
T 2647 10 0 0 0
T 2648 8 0 7 1
E 2648 0 1 15
E 2648 1 1 15
E 2648 2 1 15
E 2648 3 1 15
E 2648 4 1 15
E 2648 5 1 15
E 2648 6 1 15
T 2649 12 0 0 0
T 2650 8 0 7 1
E 2650 0 1 15
E 2650 1 1 15
E 2650 2 1 15
E 2650 3 1 15
E 2650 4 1 15
E 2650 5 1 15
E 2650 6 1 15
T 2651 7 0 0 0
T 2652 3 0 0 0
T 2653 10 0 0 0
T 2654 9 0 7 1
E 2654 0 1 16
E 2654 1 1 16
E 2654 2 1 16
E 2654 3 1 16
E 2654 4 1 16
E 2654 5 1 16
E 2654 6 1 16
T 2655 9 0 0 0
T 2656 6 0 0 0
T 2657 3 0 0 0
T 2658 7 0 0 0
T 2659 9 0 0 0
T 2660 7 0 7 1
E 2660 0 1 14
E 2660 1 1 14
E 2660 2 1 14
E 2660 3 1 14
E 2660 4 1 14
E 2660 5 1 14
E 2660 6 1 14
T 2661 2 0 0 0
T 2662 1 0 0 0
T 2663 6 0 0 0
T 2664 7 0 0 0
T 2665 5 0 0 0
T 2666 6 0 0 0
T 2667 2 0 0 0
T 2668 2 0 0 0
T 2669 5 0 0 0
T 2670 2 0 0 0
T 2671 9 0 0 0
T 2672 9 0 7 1
E 2672 0 1 16
E 2672 1 1 16
E 2672 2 1 16
E 2672 3 1 16
E 2672 4 1 16
E 2672 5 1 16
E 2672 6 1 16
T 2673 10 0 0 0
T 2674 4 0 7 1
E 2674 0 2 18
E 2674 1 2 18
E 2674 2 2 18
E 2674 3 2 18
E 2674 4 2 18
E 2674 5 2 18
E 2674 6 2 18
T 2675 3 0 0 0
T 2676 0 0 0 0
T 2677 2 0 0 0
T 2678 7 0 0 0
T 2679 9 0 0 0
T 2680 7 0 7 1
E 2680 0 1 14
E 2680 1 1 14
E 2680 2 1 14
E 2680 3 1 14
E 2680 4 1 14
E 2680 5 1 14
E 2680 6 1 14
T 2681 2 0 0 0
T 2682 1 0 0 0
T 2683 3 0 0 0
T 2684 1 0 0 0
T 2685 0 0 0 0
T 2686 2 0 0 0
T 2687 4 0 0 0
T 2688 9 0 0 0
T 2689 10 0 7 1
E 2689 0 1 17
E 2689 1 1 17
E 2689 2 1 17
E 2689 3 1 17
E 2689 4 1 17
E 2689 5 1 17
E 2689 6 1 17
T 2690 7 0 7 1
E 2690 0 1 14
E 2690 1 1 14
E 2690 2 1 14
E 2690 3 1 14
E 2690 4 1 14
E 2690 5 1 14
E 2690 6 1 14
T 2691 2 0 0 0
T 2692 2 0 0 0
T 2693 1 0 0 0
T 2694 7 0 0 0
T 2695 10 0 0 0
T 2696 12 0 0 0
T 2697 5 0 7 1
E 2697 0 2 19
E 2697 1 2 19
E 2697 2 2 19
E 2697 3 2 19
E 2697 4 2 19
E 2697 5 2 19
E 2697 6 2 19
T 2698 11 0 0 0
T 2699 12 0 0 0
T 2700 9 0 7 1
E 2700 0 1 16
E 2700 1 1 16
E 2700 2 1 16
E 2700 3 1 16
E 2700 4 1 16
E 2700 5 1 16
E 2700 6 1 16
T 2701 11 0 0 0
T 2702 9 0 7 1
E 2702 0 1 16
E 2702 1 1 16
E 2702 2 1 16
E 2702 3 1 16
E 2702 4 1 16
E 2702 5 1 16
E 2702 6 1 16
T 2703 9 0 7 1
E 2703 0 1 16
E 2703 1 1 16
E 2703 2 1 16
E 2703 3 1 16
E 2703 4 1 16
E 2703 5 1 16
E 2703 6 1 16
T 2704 6 0 7 1
E 2704 0 1 13
E 2704 1 1 13
E 2704 2 1 13
E 2704 3 1 13
E 2704 4 1 13
E 2704 5 1 13
E 2704 6 1 13
T 2705 9 0 0 0
T 2706 5 0 0 0
T 2707 9 0 0 0
T 2708 10 0 0 0
T 2709 9 0 0 0
T 2710 5 0 0 0
T 2711 11 0 0 0
T 2712 7 0 7 1
E 2712 0 1 14
E 2712 1 1 14
E 2712 2 1 14
E 2712 3 1 14
E 2712 4 1 14
E 2712 5 1 14
E 2712 6 1 14
T 2713 7 0 7 1
E 2713 0 1 14
E 2713 1 1 14
E 2713 2 1 14
E 2713 3 1 14
E 2713 4 1 14
E 2713 5 1 14
E 2713 6 1 14
T 2714 11 0 0 0
T 2715 11 0 0 0
T 2716 9 0 7 1
E 2716 0 1 16
E 2716 1 1 16
E 2716 2 1 16
E 2716 3 1 16
E 2716 4 1 16
E 2716 5 1 16
E 2716 6 1 16
T 2717 10 0 0 0
T 2718 8 0 0 0
T 2719 5 0 0 0
T 2720 9 0 0 0
T 2721 10 0 0 0
T 2722 12 0 0 0
T 2723 12 0 0 0
T 2724 8 0 7 1
E 2724 0 1 15
E 2724 1 1 15
E 2724 2 1 15
E 2724 3 1 15
E 2724 4 1 15
E 2724 5 1 15
E 2724 6 1 15
T 2725 6 0 0 0
T 2726 6 0 7 1
E 2726 0 1 13
E 2726 1 1 13
E 2726 2 1 13
E 2726 3 1 13
E 2726 4 1 13
E 2726 5 1 13
E 2726 6 1 13
T 2727 3 0 0 0
T 2728 2 0 0 0
T 2729 3 0 0 0
T 2730 10 0 0 0
T 2731 6 0 0 0
T 2732 12 0 0 0
T 2733 7 0 7 1
E 2733 0 1 14
E 2733 1 1 14
E 2733 2 1 14
E 2733 3 1 14
E 2733 4 1 14
E 2733 5 1 14
E 2733 6 1 14
T 2734 7 0 7 1
E 2734 0 1 14
E 2734 1 1 14
E 2734 2 1 14
E 2734 3 1 14
E 2734 4 1 14
E 2734 5 1 14
E 2734 6 1 14
T 2735 6 0 7 1
E 2735 0 1 13
E 2735 1 1 13
E 2735 2 1 13
E 2735 3 1 13
E 2735 4 1 13
E 2735 5 1 13
E 2735 6 1 13
T 2736 4 0 0 0
T 2737 5 0 0 0
T 2738 1 0 0 0
T 2739 4 0 0 0
T 2740 11 0 0 0
T 2741 10 0 0 0
T 2742 9 0 7 1
E 2742 0 -1 -16
E 2742 1 -1 -16
E 2742 2 -1 -16
E 2742 3 -1 -16
E 2742 4 -1 -16
E 2742 5 -1 -16
E 2742 6 -1 -16
T 2743 7 0 7 1
E 2743 0 -1 -14
E 2743 1 -1 -14
E 2743 2 -1 -14
E 2743 3 -1 -14
E 2743 4 -1 -14
E 2743 5 -1 -14
E 2743 6 -1 -14
T 2744 9 0 0 0
T 2745 6 0 0 0
T 2746 1 0 0 0
T 2747 1 0 0 0
T 2748 3 0 0 0
T 2749 2 0 0 0
T 2750 2 0 0 0
T 2751 5 0 0 0
T 2752 2 0 0 0
T 2753 1 0 0 0
T 2754 1 0 0 0
T 2755 6 0 0 0
T 2756 6 0 0 0
T 2757 7 0 0 0
T 2758 8 0 0 0
T 2759 4 0 0 0
T 2760 7 0 0 0
T 2761 9 0 0 0
T 2762 7 0 7 1
E 2762 0 -1 -14
E 2762 1 -1 -14
E 2762 2 -1 -14
E 2762 3 -1 -14
E 2762 4 -1 -14
E 2762 5 -1 -14
E 2762 6 -1 -14
T 2763 12 0 0 0
T 2764 5 0 7 1
E 2764 0 -2 -19
E 2764 1 -2 -19
E 2764 2 -2 -19
E 2764 3 -2 -19
E 2764 4 -2 -19
E 2764 5 -2 -19
E 2764 6 -2 -19
T 2765 10 0 0 0
T 2766 9 0 0 0
T 2767 11 0 0 0
T 2768 6 0 0 0
T 2769 7 0 0 0
T 2770 6 0 7 1
E 2770 0 -1 -13
E 2770 1 -1 -13
E 2770 2 -1 -13
E 2770 3 -1 -13
E 2770 4 -1 -13
E 2770 5 -1 -13
E 2770 6 -1 -13
T 2771 9 0 0 0
T 2772 9 0 0 0
T 2773 6 0 7 1
E 2773 0 -1 -13
E 2773 1 -1 -13
E 2773 2 -1 -13
E 2773 3 -1 -13
E 2773 4 -1 -13
E 2773 5 -1 -13
E 2773 6 -1 -13
T 2774 2 0 0 0
T 2775 3 0 0 0
T 2776 1 0 0 0
T 2777 3 0 0 0
T 2778 3 0 0 0
T 2779 8 0 0 0
T 2780 6 0 0 0
T 2781 5 0 0 0
T 2782 10 0 0 0
T 2783 7 0 0 0
T 2784 12 0 0 0
T 2785 8 0 7 1
E 2785 0 -1 -15
E 2785 1 -1 -15
E 2785 2 -1 -15
E 2785 3 -1 -15
E 2785 4 -1 -15
E 2785 5 -1 -15
E 2785 6 -1 -15
T 2786 9 0 7 1
E 2786 0 -1 -16
E 2786 1 -1 -16
E 2786 2 -1 -16
E 2786 3 -1 -16
E 2786 4 -1 -16
E 2786 5 -1 -16
E 2786 6 -1 -16
T 2787 11 0 0 0
T 2788 4 0 7 1
E 2788 0 -2 -18
E 2788 1 -2 -18
E 2788 2 -2 -18
E 2788 3 -2 -18
E 2788 4 -2 -18
E 2788 5 -2 -18
E 2788 6 -2 -18
T 2789 3 0 0 0
T 2790 1 0 0 0
T 2791 1 0 0 0
T 2792 8 0 0 0
T 2793 8 0 0 0
T 2794 8 0 7 1
E 2794 0 -1 -15
E 2794 1 -1 -15
E 2794 2 -1 -15
E 2794 3 -1 -15
E 2794 4 -1 -15
E 2794 5 -1 -15
E 2794 6 -1 -15
T 2795 8 0 0 0
T 2796 8 0 7 1
E 2796 0 -1 -15
E 2796 1 -1 -15
E 2796 2 -1 -15
E 2796 3 -1 -15
E 2796 4 -1 -15
E 2796 5 -1 -15
E 2796 6 -1 -15
T 2797 10 0 0 0
T 2798 7 0 0 0
T 2799 5 0 0 0
T 2800 4 0 0 0
T 2801 3 0 0 0
T 2802 1 0 0 0
T 2803 4 0 0 0
T 2804 10 0 0 0
T 2805 6 0 7 1
E 2805 0 -1 -13
E 2805 1 -1 -13
E 2805 2 -1 -13
E 2805 3 -1 -13
E 2805 4 -1 -13
E 2805 5 -1 -13
E 2805 6 -1 -13
T 2806 5 0 0 0
T 2807 2 0 0 0
T 2808 3 0 0 0
T 2809 11 0 0 0
T 2810 6 0 0 0
T 2811 8 0 0 0
T 2812 11 0 0 0
T 2813 9 0 7 1
E 2813 0 -1 -16
E 2813 1 -1 -16
E 2813 2 -1 -16
E 2813 3 -1 -16
E 2813 4 -1 -16
E 2813 5 -1 -16
E 2813 6 -1 -16
T 2814 11 0 0 0
T 2815 7 0 0 0
T 2816 8 0 0 0
T 2817 10 0 0 0
T 2818 10 0 7 1
E 2818 0 -1 -17
E 2818 1 -1 -17
E 2818 2 -1 -17
E 2818 3 -1 -17
E 2818 4 -1 -17
E 2818 5 -1 -17
E 2818 6 -1 -17
T 2819 8 0 0 0
T 2820 6 0 7 1
E 2820 0 -1 -13
E 2820 1 -1 -13
E 2820 2 -1 -13
E 2820 3 -1 -13
E 2820 4 -1 -13
E 2820 5 -1 -13
E 2820 6 -1 -13
T 2821 7 0 0 0
T 2822 6 0 7 1
E 2822 0 -1 -13
E 2822 1 -1 -13
E 2822 2 -1 -13
E 2822 3 -1 -13
E 2822 4 -1 -13
E 2822 5 -1 -13
E 2822 6 -1 -13
T 2823 8 0 0 0
T 2824 8 0 0 0
T 2825 4 0 0 0
T 2826 7 0 0 0
T 2827 3 0 0 0
T 2828 11 0 0 0
T 2829 7 0 7 1
E 2829 0 -1 -14
E 2829 1 -1 -14
E 2829 2 -1 -14
E 2829 3 -1 -14
E 2829 4 -1 -14
E 2829 5 -1 -14
E 2829 6 -1 -14
T 2830 10 0 0 0
T 2831 4 0 7 1
E 2831 0 -2 -18
E 2831 1 -2 -18
E 2831 2 -2 -18
E 2831 3 -2 -18
E 2831 4 -2 -18
E 2831 5 -2 -18
E 2831 6 -2 -18
T 2832 1 0 0 0
T 2833 9 0 0 0
T 2834 6 0 7 1
E 2834 0 -1 -13
E 2834 1 -1 -13
E 2834 2 -1 -13
E 2834 3 -1 -13
E 2834 4 -1 -13
E 2834 5 -1 -13
E 2834 6 -1 -13
T 2835 8 0 0 0
T 2836 7 0 7 1
E 2836 0 -1 -14
E 2836 1 -1 -14
E 2836 2 -1 -14
E 2836 3 -1 -14
E 2836 4 -1 -14
E 2836 5 -1 -14
E 2836 6 -1 -14
T 2837 5 0 0 0
T 2838 12 0 0 0
T 2839 9 0 0 0
T 2840 8 0 0 0
T 2841 11 0 0 0
T 2842 7 0 0 0
T 2843 10 0 0 0
T 2844 7 0 7 1
E 2844 0 -1 -14
E 2844 1 -1 -14
E 2844 2 -1 -14
E 2844 3 -1 -14
E 2844 4 -1 -14
E 2844 5 -1 -14
E 2844 6 -1 -14
T 2845 4 0 0 0
T 2846 0 0 0 0
T 2847 5 0 0 0
T 2848 2 0 0 0
T 2849 5 0 0 0
T 2850 5 0 0 0
T 2851 8 0 0 0
T 2852 6 0 0 0
T 2853 9 0 0 0
T 2854 6 0 0 0
T 2855 3 0 0 0
T 2856 2 0 0 0
T 2857 0 0 0 0
T 2858 3 0 0 0
T 2859 6 0 0 0
T 2860 11 0 0 0
T 2861 6 0 0 0
T 2862 3 0 0 0
T 2863 4 0 0 0
T 2864 1 0 0 0
T 2865 5 0 0 0
T 2866 4 0 0 0
T 2867 6 0 0 0
T 2868 6 0 0 0
T 2869 5 0 0 0
T 2870 1 0 0 0
T 2871 7 0 0 0
T 2872 9 0 0 0
T 2873 7 0 0 0
T 2874 8 0 7 1
E 2874 0 -1 -15
E 2874 1 -1 -15
E 2874 2 -1 -15
E 2874 3 -1 -15
E 2874 4 -1 -15
E 2874 5 -1 -15
E 2874 6 -1 -15
T 2875 10 0 0 0
T 2876 11 0 0 0
T 2877 10 0 7 1
E 2877 0 -1 -17
E 2877 1 -1 -17
E 2877 2 -1 -17
E 2877 3 -1 -17
E 2877 4 -1 -17
E 2877 5 -1 -17
E 2877 6 -1 -17
T 2878 9 0 0 0
T 2879 9 0 0 0
T 2880 13 0 7 1
E 2880 0 3 34
E 2880 1 3 34
E 2880 2 3 34
E 2880 3 3 34
E 2880 4 3 34
E 2880 5 3 34
E 2880 6 3 34
T 2881 9 0 0 0
T 2882 6 0 0 0
T 2883 1 0 0 0
T 2884 8 0 0 0
T 2885 9 0 0 0
T 2886 7 0 0 0
T 2887 12 0 0 0
T 2888 8 0 0 0
T 2889 6 0 0 0
T 2890 6 0 7 1
E 2890 0 1 13
E 2890 1 1 13
E 2890 2 1 13
E 2890 3 1 13
E 2890 4 1 13
E 2890 5 1 13
E 2890 6 1 13
T 2891 3 0 0 0
T 2892 4 0 0 0
T 2893 3 0 0 0
T 2894 4 0 0 0
T 2895 3 0 0 0
T 2896 0 0 0 0
T 2897 2 0 0 0
T 2898 4 0 0 0
T 2899 0 0 0 0
T 2900 1 0 0 0
T 2901 6 0 0 0
T 2902 5 0 0 0
T 2903 10 0 0 0
T 2904 10 0 7 1
E 2904 0 1 17
E 2904 1 1 17
E 2904 2 1 17
E 2904 3 1 17
E 2904 4 1 17
E 2904 5 1 17
E 2904 6 1 17
T 2905 4 0 7 1
E 2905 0 2 18
E 2905 1 2 18
E 2905 2 2 18
E 2905 3 2 18
E 2905 4 2 18
E 2905 5 2 18
E 2905 6 2 18
T 2906 1 0 0 0
T 2907 6 0 0 0
T 2908 11 0 0 0
T 2909 10 0 0 0
T 2910 10 0 7 1
E 2910 0 1 17
E 2910 1 1 17
E 2910 2 1 17
E 2910 3 1 17
E 2910 4 1 17
E 2910 5 1 17
E 2910 6 1 17
T 2911 8 0 7 1
E 2911 0 1 15
E 2911 1 1 15
E 2911 2 1 15
E 2911 3 1 15
E 2911 4 1 15
E 2911 5 1 15
E 2911 6 1 15
T 2912 4 0 0 0
T 2913 10 0 0 0
T 2914 9 0 0 0
T 2915 10 0 7 1
E 2915 0 1 17
E 2915 1 1 17
E 2915 2 1 17
E 2915 3 1 17
E 2915 4 1 17
E 2915 5 1 17
E 2915 6 1 17
T 2916 7 0 0 0
T 2917 8 0 0 0
T 2918 11 0 0 0
T 2919 12 0 0 0
T 2920 6 0 7 1
E 2920 0 2 20
E 2920 1 2 20
E 2920 2 2 20
E 2920 3 2 20
E 2920 4 2 20
E 2920 5 2 20
E 2920 6 2 20
T 2921 11 0 0 0
T 2922 5 0 7 1
E 2922 0 2 19
E 2922 1 2 19
E 2922 2 2 19
E 2922 3 2 19
E 2922 4 2 19
E 2922 5 2 19
E 2922 6 2 19
T 2923 0 0 0 0
T 2924 3 0 0 0
T 2925 7 0 0 0
T 2926 12 0 0 0
T 2927 9 0 7 1
E 2927 0 1 16
E 2927 1 1 16
E 2927 2 1 16
E 2927 3 1 16
E 2927 4 1 16
E 2927 5 1 16
E 2927 6 1 16
T 2928 6 0 7 1
E 2928 0 1 13
E 2928 1 1 13
E 2928 2 1 13
E 2928 3 1 13
E 2928 4 1 13
E 2928 5 1 13
E 2928 6 1 13
T 2929 6 0 0 0
T 2930 2 0 0 0
T 2931 6 0 0 0
T 2932 10 0 0 0
T 2933 8 0 0 0
T 2934 6 0 7 1
E 2934 0 1 13
E 2934 1 1 13
E 2934 2 1 13
E 2934 3 1 13
E 2934 4 1 13
E 2934 5 1 13
E 2934 6 1 13
T 2935 6 0 7 1
E 2935 0 1 13
E 2935 1 1 13
E 2935 2 1 13
E 2935 3 1 13
E 2935 4 1 13
E 2935 5 1 13
E 2935 6 1 13
T 2936 12 0 0 0
T 2937 7 0 7 1
E 2937 0 1 14
E 2937 1 1 14
E 2937 2 1 14
E 2937 3 1 14
E 2937 4 1 14
E 2937 5 1 14
E 2937 6 1 14
T 2938 8 0 0 0
T 2939 7 0 0 0
T 2940 10 0 0 0
T 2941 11 0 0 0
T 2942 9 0 0 0
T 2943 6 0 7 1
E 2943 0 1 13
E 2943 1 1 13
E 2943 2 1 13
E 2943 3 1 13
E 2943 4 1 13
E 2943 5 1 13
E 2943 6 1 13
T 2944 12 0 0 0
T 2945 9 0 7 1
E 2945 0 1 16
E 2945 1 1 16
E 2945 2 1 16
E 2945 3 1 16
E 2945 4 1 16
E 2945 5 1 16
E 2945 6 1 16
T 2946 6 0 0 0
T 2947 8 0 0 0
T 2948 8 0 7 1
E 2948 0 1 15
E 2948 1 1 15
E 2948 2 1 15
E 2948 3 1 15
E 2948 4 1 15
E 2948 5 1 15
E 2948 6 1 15
T 2949 7 0 0 0
T 2950 11 0 0 0
T 2951 7 0 0 0
T 2952 10 0 0 0
T 2953 11 0 0 0
T 2954 10 0 7 1
E 2954 0 1 17
E 2954 1 1 17
E 2954 2 1 17
E 2954 3 1 17
E 2954 4 1 17
E 2954 5 1 17
E 2954 6 1 17
T 2955 10 0 0 0
T 2956 11 0 0 0
T 2957 5 0 7 1
E 2957 0 2 19
E 2957 1 2 19
E 2957 2 2 19
E 2957 3 2 19
E 2957 4 2 19
E 2957 5 2 19
E 2957 6 2 19
T 2958 4 0 0 0
T 2959 8 0 0 0
T 2960 10 0 0 0
T 2961 10 0 7 1
E 2961 0 1 17
E 2961 1 1 17
E 2961 2 1 17
E 2961 3 1 17
E 2961 4 1 17
E 2961 5 1 17
E 2961 6 1 17
T 2962 4 0 7 1
E 2962 0 2 18
E 2962 1 2 18
E 2962 2 2 18
E 2962 3 2 18
E 2962 4 2 18
E 2962 5 2 18
E 2962 6 2 18
T 2963 2 0 0 0
T 2964 2 0 0 0
T 2965 2 0 0 0
T 2966 2 0 0 0
T 2967 2 0 0 0
T 2968 5 0 0 0
T 2969 2 0 0 0
T 2970 2 0 0 0
T 2971 9 0 0 0
T 2972 7 0 0 0
T 2973 10 0 0 0
T 2974 10 0 0 0
T 2975 8 0 7 1
E 2975 0 1 15
E 2975 1 1 15
E 2975 2 1 15
E 2975 3 1 15
E 2975 4 1 15
E 2975 5 1 15
E 2975 6 1 15
T 2976 7 0 0 0
T 2977 5 0 0 0
T 2978 0 0 0 0
T 2979 5 0 0 0
T 2980 8 0 0 0
T 2981 8 0 0 0
T 2982 8 0 0 0
T 2983 8 0 0 0
T 2984 10 0 0 0
T 2985 8 0 7 1
E 2985 0 -1 -15
E 2985 1 -1 -15
E 2985 2 -1 -15
E 2985 3 -1 -15
E 2985 4 -1 -15
E 2985 5 -1 -15
E 2985 6 -1 -15
T 2986 4 0 0 0
T 2987 0 0 0 0
T 2988 2 0 0 0
T 2989 1 0 0 0
T 2990 3 0 0 0
T 2991 3 0 0 0
T 2992 2 0 0 0
T 2993 7 0 0 0
T 2994 2 0 0 0
T 2995 4 0 0 0
T 2996 7 0 0 0
T 2997 4 0 0 0
T 2998 7 0 0 0
T 2999 5 0 0 0
T 3000 1 0 0 0
T 3001 6 0 0 0
T 3002 1 0 0 0
T 3003 1 0 0 0
T 3004 4 0 0 0
T 3005 9 0 0 0
T 3006 7 0 0 0
T 3007 11 0 0 0
T 3008 7 0 7 1
E 3008 0 -1 -14
E 3008 1 -1 -14
E 3008 2 -1 -14
E 3008 3 -1 -14
E 3008 4 -1 -14
E 3008 5 -1 -14
E 3008 6 -1 -14
T 3009 3 0 0 0
T 3010 10 0 0 0
T 3011 10 0 7 1
E 3011 0 -1 -17
E 3011 1 -1 -17
E 3011 2 -1 -17
E 3011 3 -1 -17
E 3011 4 -1 -17
E 3011 5 -1 -17
E 3011 6 -1 -17
T 3012 7 0 0 0
T 3013 2 0 0 0
T 3014 6 0 0 0
T 3015 3 0 0 0
T 3016 0 0 0 0
T 3017 4 0 0 0
T 3018 3 0 0 0
T 3019 4 0 0 0
T 3020 11 0 0 0
T 3021 8 0 0 0
T 3022 4 0 0 0
T 3023 1 0 0 0
T 3024 6 0 0 0
T 3025 6 0 0 0
T 3026 2 0 0 0
T 3027 6 0 0 0
T 3028 7 0 7 1
E 3028 0 -1 -14
E 3028 1 -1 -14
E 3028 2 -1 -14
E 3028 3 -1 -14
E 3028 4 -1 -14
E 3028 5 -1 -14
E 3028 6 -1 -14
T 3029 4 0 0 0
T 3030 9 0 0 0
T 3031 6 0 7 1
E 3031 0 -1 -13
E 3031 1 -1 -13
E 3031 2 -1 -13
E 3031 3 -1 -13
E 3031 4 -1 -13
E 3031 5 -1 -13
E 3031 6 -1 -13
T 3032 3 0 0 0
T 3033 1 0 0 0
T 3034 7 0 0 0
T 3035 4 0 0 0
T 3036 11 0 0 0
T 3037 9 0 7 1
E 3037 0 -1 -16
E 3037 1 -1 -16
E 3037 2 -1 -16
E 3037 3 -1 -16
E 3037 4 -1 -16
E 3037 5 -1 -16
E 3037 6 -1 -16
T 3038 9 0 0 0
T 3039 9 0 0 0
T 3040 7 0 7 1
E 3040 0 -1 -14
E 3040 1 -1 -14
E 3040 2 -1 -14
E 3040 3 -1 -14
E 3040 4 -1 -14
E 3040 5 -1 -14
E 3040 6 -1 -14
T 3041 7 0 7 1
E 3041 0 -1 -14
E 3041 1 -1 -14
E 3041 2 -1 -14
E 3041 3 -1 -14
E 3041 4 -1 -14
E 3041 5 -1 -14
E 3041 6 -1 -14
T 3042 8 0 0 0
T 3043 7 0 0 0
T 3044 4 0 0 0
T 3045 1 0 0 0
T 3046 3 0 0 0
T 3047 7 0 0 0
T 3048 8 0 0 0
T 3049 7 0 0 0
T 3050 7 0 0 0
T 3051 8 0 0 0
T 3052 11 0 0 0
T 3053 5 0 0 0
T 3054 9 0 0 0
T 3055 12 0 0 0
T 3056 4 0 0 0
T 3057 6 0 0 0
T 3058 0 0 0 0
T 3059 3 0 0 0
T 3060 2 0 0 0
T 3061 5 0 0 0
T 3062 10 0 0 0
T 3063 10 0 7 1
E 3063 0 -1 -17
E 3063 1 -1 -17
E 3063 2 -1 -17
E 3063 3 -1 -17
E 3063 4 -1 -17
E 3063 5 -1 -17
E 3063 6 -1 -17
T 3064 9 0 7 1
E 3064 0 -1 -16
E 3064 1 -1 -16
E 3064 2 -1 -16
E 3064 3 -1 -16
E 3064 4 -1 -16
E 3064 5 -1 -16
E 3064 6 -1 -16
T 3065 9 0 0 0
T 3066 8 0 0 0
T 3067 12 0 0 0
T 3068 6 0 7 1
E 3068 0 -2 -20
E 3068 1 -2 -20
E 3068 2 -2 -20
E 3068 3 -2 -20
E 3068 4 -2 -20
E 3068 5 -2 -20
E 3068 6 -2 -20
T 3069 12 0 0 0
T 3070 7 0 0 0
T 3071 7 0 0 0
T 3072 2 0 0 0
T 3073 1 0 0 0
T 3074 5 0 0 0
T 3075 3 0 0 0
T 3076 4 0 0 0
T 3077 2 0 0 0
T 3078 4 0 0 0
T 3079 2 0 0 0
T 3080 1 0 0 0
T 3081 5 0 0 0
T 3082 12 0 0 0
T 3083 9 0 7 1
E 3083 0 -1 -16
E 3083 1 -1 -16
E 3083 2 -1 -16
E 3083 3 -1 -16
E 3083 4 -1 -16
E 3083 5 -1 -16
E 3083 6 -1 -16
T 3084 6 0 7 1
E 3084 0 -1 -13
E 3084 1 -1 -13
E 3084 2 -1 -13
E 3084 3 -1 -13
E 3084 4 -1 -13
E 3084 5 -1 -13
E 3084 6 -1 -13
T 3085 6 0 0 0
T 3086 10 0 0 0
T 3087 9 0 7 1
E 3087 0 -1 -16
E 3087 1 -1 -16
E 3087 2 -1 -16
E 3087 3 -1 -16
E 3087 4 -1 -16
E 3087 5 -1 -16
E 3087 6 -1 -16
T 3088 11 0 0 0
T 3089 12 0 0 0
T 3090 8 0 0 0
T 3091 4 0 0 0
T 3092 0 0 0 0
T 3093 2 0 0 0
T 3094 1 0 0 0
T 3095 3 0 0 0
T 3096 8 0 0 0
T 3097 7 0 0 0
T 3098 8 0 7 1
E 3098 0 -1 -15
E 3098 1 -1 -15
E 3098 2 -1 -15
E 3098 3 -1 -15
E 3098 4 -1 -15
E 3098 5 -1 -15
E 3098 6 -1 -15
T 3099 8 0 0 0
T 3100 7 0 0 0
T 3101 11 0 0 0
T 3102 7 0 0 0
T 3103 10 0 0 0
T 3104 7 0 0 0
T 3105 8 0 0 0
T 3106 8 0 7 1
E 3106 0 -1 -15
E 3106 1 -1 -15
E 3106 2 -1 -15
E 3106 3 -1 -15
E 3106 4 -1 -15
E 3106 5 -1 -15
E 3106 6 -1 -15
T 3107 7 0 7 1
E 3107 0 -1 -14
E 3107 1 -1 -14
E 3107 2 -1 -14
E 3107 3 -1 -14
E 3107 4 -1 -14
E 3107 5 -1 -14
E 3107 6 -1 -14
T 3108 8 0 0 0
T 3109 4 0 0 0
T 3110 1 0 0 0
T 3111 9 0 0 0
T 3112 7 0 7 1
E 3112 0 -1 -14
E 3112 1 -1 -14
E 3112 2 -1 -14
E 3112 3 -1 -14
E 3112 4 -1 -14
E 3112 5 -1 -14
E 3112 6 -1 -14
T 3113 10 0 0 0
T 3114 11 0 0 0
T 3115 10 0 7 1
E 3115 0 -1 -17
E 3115 1 -1 -17
E 3115 2 -1 -17
E 3115 3 -1 -17
E 3115 4 -1 -17
E 3115 5 -1 -17
E 3115 6 -1 -17
T 3116 6 0 7 1
E 3116 0 -1 -13
E 3116 1 -1 -13
E 3116 2 -1 -13
E 3116 3 -1 -13
E 3116 4 -1 -13
E 3116 5 -1 -13
E 3116 6 -1 -13
T 3117 7 0 0 0
T 3118 5 0 0 0
T 3119 7 0 0 0
T 3120 11 0 7 1
E 3120 0 5 46
E 3120 1 5 46
E 3120 2 5 46
E 3120 3 5 46
E 3120 4 5 46
E 3120 5 5 46
E 3120 6 5 46
T 3121 7 0 7 1
E 3121 0 1 14
E 3121 1 1 14
E 3121 2 1 14
E 3121 3 1 14
E 3121 4 1 14
E 3121 5 1 14
E 3121 6 1 14
T 3122 7 0 7 1
E 3122 0 1 14
E 3122 1 1 14
E 3122 2 1 14
E 3122 3 1 14
E 3122 4 1 14
E 3122 5 1 14
E 3122 6 1 14
T 3123 3 0 0 0
T 3124 5 0 0 0
T 3125 12 0 0 0
T 3126 9 0 0 0
T 3127 5 0 0 0
T 3128 4 0 0 0
T 3129 9 0 0 0
T 3130 12 0 0 0
T 3131 7 0 0 0
T 3132 6 0 0 0
T 3133 4 0 0 0
T 3134 11 0 0 0
T 3135 7 0 0 0
T 3136 11 0 0 0
T 3137 8 0 7 1
E 3137 0 1 15
E 3137 1 1 15
E 3137 2 1 15
E 3137 3 1 15
E 3137 4 1 15
E 3137 5 1 15
E 3137 6 1 15
T 3138 6 0 7 1
E 3138 0 1 13
E 3138 1 1 13
E 3138 2 1 13
E 3138 3 1 13
E 3138 4 1 13
E 3138 5 1 13
E 3138 6 1 13
T 3139 12 0 0 0
T 3140 11 0 0 0
T 3141 7 0 7 1
E 3141 0 1 14
E 3141 1 1 14
E 3141 2 1 14
E 3141 3 1 14
E 3141 4 1 14
E 3141 5 1 14
E 3141 6 1 14
T 3142 12 0 0 0
T 3143 6 0 7 1
E 3143 0 1 13
E 3143 1 1 13
E 3143 2 1 13
E 3143 3 1 13
E 3143 4 1 13
E 3143 5 1 13
E 3143 6 1 13
T 3144 7 0 7 1
E 3144 0 1 14
E 3144 1 1 14
E 3144 2 1 14
E 3144 3 1 14
E 3144 4 1 14
E 3144 5 1 14
E 3144 6 1 14
T 3145 4 0 0 0
T 3146 10 0 0 0
T 3147 9 0 0 0
T 3148 6 0 0 0
T 3149 10 0 0 0
T 3150 12 0 0 0
T 3151 11 0 0 0
T 3152 4 0 7 1
E 3152 0 2 18
E 3152 1 2 18
E 3152 2 2 18
E 3152 3 2 18
E 3152 4 2 18
E 3152 5 2 18
E 3152 6 2 18
T 3153 0 0 0 0
T 3154 2 0 0 0
T 3155 4 0 0 0
T 3156 9 0 0 0
T 3157 12 0 0 0
T 3158 9 0 0 0
T 3159 11 0 0 0
T 3160 4 0 7 1
E 3160 0 2 18
E 3160 1 2 18
E 3160 2 2 18
E 3160 3 2 18
E 3160 4 2 18
E 3160 5 2 18
E 3160 6 2 18
T 3161 10 0 0 0
T 3162 11 0 0 0
T 3163 9 0 7 1
E 3163 0 1 16
E 3163 1 1 16
E 3163 2 1 16
E 3163 3 1 16
E 3163 4 1 16
E 3163 5 1 16
E 3163 6 1 16
T 3164 6 0 0 0
T 3165 6 0 0 0
T 3166 7 0 0 0
T 3167 6 0 7 1
E 3167 0 1 13
E 3167 1 1 13
E 3167 2 1 13
E 3167 3 1 13
E 3167 4 1 13
E 3167 5 1 13
E 3167 6 1 13
T 3168 4 0 0 0
T 3169 11 0 0 0
T 3170 11 0 0 0
T 3171 7 0 7 1
E 3171 0 1 14
E 3171 1 1 14
E 3171 2 1 14
E 3171 3 1 14
E 3171 4 1 14
E 3171 5 1 14
E 3171 6 1 14
T 3172 8 0 0 0
T 3173 7 0 0 0
T 3174 3 0 0 0
T 3175 0 0 0 0
T 3176 5 0 0 0
T 3177 4 0 0 0
T 3178 3 0 0 0
T 3179 5 0 0 0
T 3180 2 0 0 0
T 3181 9 0 0 0
T 3182 8 0 7 1
E 3182 0 1 15
E 3182 1 1 15
E 3182 2 1 15
E 3182 3 1 15
E 3182 4 1 15
E 3182 5 1 15
E 3182 6 1 15
T 3183 10 0 0 0
T 3184 10 0 7 1
E 3184 0 1 17
E 3184 1 1 17
E 3184 2 1 17
E 3184 3 1 17
E 3184 4 1 17
E 3184 5 1 17
E 3184 6 1 17
T 3185 8 0 7 1
E 3185 0 1 15
E 3185 1 1 15
E 3185 2 1 15
E 3185 3 1 15
E 3185 4 1 15
E 3185 5 1 15
E 3185 6 1 15
T 3186 8 0 0 0
T 3187 5 0 0 0
T 3188 0 0 0 0
T 3189 4 0 0 0
T 3190 2 0 0 0
T 3191 2 0 0 0
T 3192 4 0 0 0
T 3193 1 0 0 0
T 3194 1 0 0 0
T 3195 3 0 0 0
T 3196 2 0 0 0
T 3197 1 0 0 0
T 3198 3 0 0 0
T 3199 3 0 0 0
T 3200 9 0 0 0
T 3201 9 0 7 1
E 3201 0 1 16
E 3201 1 1 16
E 3201 2 1 16
E 3201 3 1 16
E 3201 4 1 16
E 3201 5 1 16
E 3201 6 1 16
T 3202 7 0 0 0
T 3203 10 0 0 0
T 3204 8 0 7 1
E 3204 0 1 15
E 3204 1 1 15
E 3204 2 1 15
E 3204 3 1 15
E 3204 4 1 15
E 3204 5 1 15
E 3204 6 1 15
T 3205 8 0 7 1
E 3205 0 1 15
E 3205 1 1 15
E 3205 2 1 15
E 3205 3 1 15
E 3205 4 1 15
E 3205 5 1 15
E 3205 6 1 15
T 3206 6 0 0 0
T 3207 4 0 0 0
T 3208 5 0 0 0
T 3209 12 0 0 0
T 3210 9 0 0 0
T 3211 8 0 7 1
E 3211 0 1 15
E 3211 1 1 15
E 3211 2 1 15
E 3211 3 1 15
E 3211 4 1 15
E 3211 5 1 15
E 3211 6 1 15
T 3212 6 0 7 1
E 3212 0 1 13
E 3212 1 1 13
E 3212 2 1 13
E 3212 3 1 13
E 3212 4 1 13
E 3212 5 1 13
E 3212 6 1 13
T 3213 3 0 0 0
T 3214 7 0 0 0
T 3215 7 0 7 1
E 3215 0 1 14
E 3215 1 1 14
E 3215 2 1 14
E 3215 3 1 14
E 3215 4 1 14
E 3215 5 1 14
E 3215 6 1 14
T 3216 7 0 0 0
T 3217 5 0 0 0
T 3218 2 0 0 0
T 3219 4 0 0 0
T 3220 9 0 0 0
T 3221 11 0 0 0
T 3222 6 0 7 1
E 3222 0 -1 -13
E 3222 1 -1 -13
E 3222 2 -1 -13
E 3222 3 -1 -13
E 3222 4 -1 -13
E 3222 5 -1 -13
E 3222 6 -1 -13
T 3223 8 0 0 0
T 3224 4 0 0 0
T 3225 3 0 0 0
T 3226 0 0 0 0
T 3227 1 0 0 0
T 3228 1 0 0 0
T 3229 0 0 0 0
T 3230 4 0 0 0
T 3231 3 0 0 0
T 3232 6 0 0 0
T 3233 7 0 0 0
T 3234 3 0 0 0
T 3235 1 0 0 0
T 3236 2 0 0 0
T 3237 5 0 0 0
T 3238 4 0 0 0
T 3239 10 0 0 0
T 3240 7 0 7 1
E 3240 0 -1 -14
E 3240 1 -1 -14
E 3240 2 -1 -14
E 3240 3 -1 -14
E 3240 4 -1 -14
E 3240 5 -1 -14
E 3240 6 -1 -14
T 3241 7 0 7 1
E 3241 0 -1 -14
E 3241 1 -1 -14
E 3241 2 -1 -14
E 3241 3 -1 -14
E 3241 4 -1 -14
E 3241 5 -1 -14
E 3241 6 -1 -14
T 3242 6 0 7 1
E 3242 0 -1 -13
E 3242 1 -1 -13
E 3242 2 -1 -13
E 3242 3 -1 -13
E 3242 4 -1 -13
E 3242 5 -1 -13
E 3242 6 -1 -13
T 3243 10 0 0 0
T 3244 8 0 7 1
E 3244 0 -1 -15
E 3244 1 -1 -15
E 3244 2 -1 -15
E 3244 3 -1 -15
E 3244 4 -1 -15
E 3244 5 -1 -15
E 3244 6 -1 -15
T 3245 6 0 7 1
E 3245 0 -1 -13
E 3245 1 -1 -13
E 3245 2 -1 -13
E 3245 3 -1 -13
E 3245 4 -1 -13
E 3245 5 -1 -13
E 3245 6 -1 -13
T 3246 4 0 0 0
T 3247 9 0 0 0
T 3248 8 0 0 0
T 3249 9 0 0 0
T 3250 8 0 7 1
E 3250 0 -1 -15
E 3250 1 -1 -15
E 3250 2 -1 -15
E 3250 3 -1 -15
E 3250 4 -1 -15
E 3250 5 -1 -15
E 3250 6 -1 -15
T 3251 7 0 7 1
E 3251 0 -1 -14
E 3251 1 -1 -14
E 3251 2 -1 -14
E 3251 3 -1 -14
E 3251 4 -1 -14
E 3251 5 -1 -14
E 3251 6 -1 -14
T 3252 7 0 7 1
E 3252 0 -1 -14
E 3252 1 -1 -14
E 3252 2 -1 -14
E 3252 3 -1 -14
E 3252 4 -1 -14
E 3252 5 -1 -14
E 3252 6 -1 -14
T 3253 6 0 7 1
E 3253 0 -1 -13
E 3253 1 -1 -13
E 3253 2 -1 -13
E 3253 3 -1 -13
E 3253 4 -1 -13
E 3253 5 -1 -13
E 3253 6 -1 -13
T 3254 7 0 0 0
T 3255 10 0 0 0
T 3256 8 0 7 1
E 3256 0 -1 -15
E 3256 1 -1 -15
E 3256 2 -1 -15
E 3256 3 -1 -15
E 3256 4 -1 -15
E 3256 5 -1 -15
E 3256 6 -1 -15
T 3257 6 0 0 0
T 3258 4 0 0 0
T 3259 7 0 0 0
T 3260 6 0 7 1
E 3260 0 -1 -13
E 3260 1 -1 -13
E 3260 2 -1 -13
E 3260 3 -1 -13
E 3260 4 -1 -13
E 3260 5 -1 -13
E 3260 6 -1 -13
T 3261 12 0 0 0
T 3262 6 0 7 1
E 3262 0 -1 -13
E 3262 1 -1 -13
E 3262 2 -1 -13
E 3262 3 -1 -13
E 3262 4 -1 -13
E 3262 5 -1 -13
E 3262 6 -1 -13
T 3263 10 0 0 0
T 3264 9 0 7 1
E 3264 0 -1 -16
E 3264 1 -1 -16
E 3264 2 -1 -16
E 3264 3 -1 -16
E 3264 4 -1 -16
E 3264 5 -1 -16
E 3264 6 -1 -16
T 3265 4 0 0 0
T 3266 4 0 0 0
T 3267 10 0 0 0
T 3268 12 0 0 0
T 3269 8 0 0 0
T 3270 8 0 7 1
E 3270 0 -1 -15
E 3270 1 -1 -15
E 3270 2 -1 -15
E 3270 3 -1 -15
E 3270 4 -1 -15
E 3270 5 -1 -15
E 3270 6 -1 -15
T 3271 9 0 7 1
E 3271 0 -1 -16
E 3271 1 -1 -16
E 3271 2 -1 -16
E 3271 3 -1 -16
E 3271 4 -1 -16
E 3271 5 -1 -16
E 3271 6 -1 -16
T 3272 11 0 0 0
T 3273 10 0 7 1
E 3273 0 -1 -17
E 3273 1 -1 -17
E 3273 2 -1 -17
E 3273 3 -1 -17
E 3273 4 -1 -17
E 3273 5 -1 -17
E 3273 6 -1 -17
T 3274 7 0 0 0
T 3275 7 0 7 1
E 3275 0 -1 -14
E 3275 1 -1 -14
E 3275 2 -1 -14
E 3275 3 -1 -14
E 3275 4 -1 -14
E 3275 5 -1 -14
E 3275 6 -1 -14
T 3276 4 0 0 0
T 3277 10 0 0 0
T 3278 11 0 0 0
T 3279 8 0 7 1
E 3279 0 -1 -15
E 3279 1 -1 -15
E 3279 2 -1 -15
E 3279 3 -1 -15
E 3279 4 -1 -15
E 3279 5 -1 -15
E 3279 6 -1 -15
T 3280 8 0 0 0
T 3281 8 0 0 0
T 3282 8 0 7 1
E 3282 0 -1 -15
E 3282 1 -1 -15
E 3282 2 -1 -15
E 3282 3 -1 -15
E 3282 4 -1 -15
E 3282 5 -1 -15
E 3282 6 -1 -15
T 3283 11 0 0 0
T 3284 7 0 0 0
T 3285 8 0 0 0
T 3286 8 0 0 0
T 3287 7 0 0 0
T 3288 7 0 7 1
E 3288 0 -1 -14
E 3288 1 -1 -14
E 3288 2 -1 -14
E 3288 3 -1 -14
E 3288 4 -1 -14
E 3288 5 -1 -14
E 3288 6 -1 -14
T 3289 9 0 0 0
T 3290 9 0 0 0
T 3291 6 0 0 0
T 3292 3 0 0 0
T 3293 5 0 0 0
T 3294 11 0 0 0
T 3295 6 0 7 1
E 3295 0 -1 -13
E 3295 1 -1 -13
E 3295 2 -1 -13
E 3295 3 -1 -13
E 3295 4 -1 -13
E 3295 5 -1 -13
E 3295 6 -1 -13
T 3296 7 0 7 1
E 3296 0 -1 -14
E 3296 1 -1 -14
E 3296 2 -1 -14
E 3296 3 -1 -14
E 3296 4 -1 -14
E 3296 5 -1 -14
E 3296 6 -1 -14
T 3297 9 0 0 0
T 3298 6 0 0 0
T 3299 12 0 0 0
T 3300 5 0 7 1
E 3300 0 -2 -19
E 3300 1 -2 -19
E 3300 2 -2 -19
E 3300 3 -2 -19
E 3300 4 -2 -19
E 3300 5 -2 -19
E 3300 6 -2 -19
T 3301 6 0 0 0
T 3302 8 0 0 0
T 3303 8 0 0 0
T 3304 6 0 7 1
E 3304 0 -1 -13
E 3304 1 -1 -13
E 3304 2 -1 -13
E 3304 3 -1 -13
E 3304 4 -1 -13
E 3304 5 -1 -13
E 3304 6 -1 -13
T 3305 3 0 0 0
T 3306 1 0 0 0
T 3307 3 0 0 0
T 3308 1 0 0 0
T 3309 2 0 0 0
T 3310 7 0 0 0
T 3311 2 0 0 0
T 3312 3 0 0 0
T 3313 4 0 0 0
T 3314 6 0 0 0
T 3315 6 0 0 0
T 3316 11 0 0 0
T 3317 7 0 0 0
T 3318 6 0 7 1
E 3318 0 -1 -13
E 3318 1 -1 -13
E 3318 2 -1 -13
E 3318 3 -1 -13
E 3318 4 -1 -13
E 3318 5 -1 -13
E 3318 6 -1 -13
T 3319 6 0 7 1
E 3319 0 -1 -13
E 3319 1 -1 -13
E 3319 2 -1 -13
E 3319 3 -1 -13
E 3319 4 -1 -13
E 3319 5 -1 -13
E 3319 6 -1 -13
T 3320 11 0 0 0
T 3321 8 0 7 1
E 3321 0 -1 -15
E 3321 1 -1 -15
E 3321 2 -1 -15
E 3321 3 -1 -15
E 3321 4 -1 -15
E 3321 5 -1 -15
E 3321 6 -1 -15
T 3322 3 0 0 0
T 3323 5 0 0 0
T 3324 9 0 0 0
T 3325 6 0 0 0
T 3326 2 0 0 0
T 3327 3 0 0 0
T 3328 1 0 0 0
T 3329 4 0 0 0
T 3330 1 0 0 0
T 3331 3 0 0 0
T 3332 7 0 0 0
T 3333 9 0 0 0
T 3334 6 0 0 0
T 3335 4 0 0 0
T 3336 3 0 0 0
T 3337 7 0 0 0
T 3338 6 0 0 0
T 3339 6 0 0 0
T 3340 9 0 0 0
T 3341 10 0 0 0
T 3342 10 0 0 0
T 3343 3 0 0 0
T 3344 6 0 0 0
T 3345 1 0 0 0
T 3346 3 0 0 0
T 3347 5 0 0 0
T 3348 9 0 0 0
T 3349 10 0 7 1
E 3349 0 -1 -17
E 3349 1 -1 -17
E 3349 2 -1 -17
E 3349 3 -1 -17
E 3349 4 -1 -17
E 3349 5 -1 -17
E 3349 6 -1 -17
T 3350 9 0 0 0
T 3351 6 0 0 0
T 3352 7 0 0 0
T 3353 6 0 0 0
T 3354 8 0 0 0
T 3355 6 0 7 1
E 3355 0 -1 -13
E 3355 1 -1 -13
E 3355 2 -1 -13
E 3355 3 -1 -13
E 3355 4 -1 -13
E 3355 5 -1 -13
E 3355 6 -1 -13
T 3356 5 0 0 0
T 3357 4 0 0 0
T 3358 4 0 0 0
T 3359 9 0 0 0
T 3360 11 0 7 1
E 3360 0 4 39
E 3360 1 4 39
E 3360 2 4 39
E 3360 3 4 39
E 3360 4 4 39
E 3360 5 4 39
E 3360 6 4 39
T 3361 11 0 0 0
T 3362 7 0 7 1
E 3362 0 1 14
E 3362 1 1 14
E 3362 2 1 14
E 3362 3 1 14
E 3362 4 1 14
E 3362 5 1 14
E 3362 6 1 14
T 3363 2 0 0 0
T 3364 5 0 0 0
T 3365 10 0 0 0
T 3366 9 0 0 0
T 3367 9 0 7 1
E 3367 0 1 16
E 3367 1 1 16
E 3367 2 1 16
E 3367 3 1 16
E 3367 4 1 16
E 3367 5 1 16
E 3367 6 1 16
T 3368 8 0 0 0
T 3369 10 0 0 0
T 3370 6 0 0 0
T 3371 12 0 0 0
T 3372 10 0 0 0
T 3373 11 0 0 0
T 3374 5 0 7 1
E 3374 0 2 19
E 3374 1 2 19
E 3374 2 2 19
E 3374 3 2 19
E 3374 4 2 19
E 3374 5 2 19
E 3374 6 2 19
T 3375 6 0 7 1
E 3375 0 1 13
E 3375 1 1 13
E 3375 2 1 13
E 3375 3 1 13
E 3375 4 1 13
E 3375 5 1 13
E 3375 6 1 13
T 3376 3 0 0 0
T 3377 9 0 0 0
T 3378 8 0 7 1
E 3378 0 1 15
E 3378 1 1 15
E 3378 2 1 15
E 3378 3 1 15
E 3378 4 1 15
E 3378 5 1 15
E 3378 6 1 15
T 3379 8 0 0 0
T 3380 6 0 0 0
T 3381 5 0 0 0
T 3382 11 0 0 0
T 3383 6 0 0 0
T 3384 9 0 0 0
T 3385 8 0 7 1
E 3385 0 1 15
E 3385 1 1 15
E 3385 2 1 15
E 3385 3 1 15
E 3385 4 1 15
E 3385 5 1 15
E 3385 6 1 15
T 3386 6 0 0 0
T 3387 8 0 0 0
T 3388 7 0 7 1
E 3388 0 1 14
E 3388 1 1 14
E 3388 2 1 14
E 3388 3 1 14
E 3388 4 1 14
E 3388 5 1 14
E 3388 6 1 14
T 3389 4 0 0 0
T 3390 4 0 0 0
T 3391 0 0 0 0
T 3392 1 0 0 0
T 3393 4 0 0 0
T 3394 4 0 0 0
T 3395 8 0 0 0
T 3396 6 0 0 0
T 3397 3 0 0 0
T 3398 1 0 0 0
T 3399 5 0 0 0
T 3400 8 0 0 0
T 3401 7 0 7 1
E 3401 0 1 14
E 3401 1 1 14
E 3401 2 1 14
E 3401 3 1 14
E 3401 4 1 14
E 3401 5 1 14
E 3401 6 1 14
T 3402 9 0 0 0
T 3403 6 0 7 1
E 3403 0 1 13
E 3403 1 1 13
E 3403 2 1 13
E 3403 3 1 13
E 3403 4 1 13
E 3403 5 1 13
E 3403 6 1 13
T 3404 5 0 0 0
T 3405 6 0 7 1
E 3405 0 1 13
E 3405 1 1 13
E 3405 2 1 13
E 3405 3 1 13
E 3405 4 1 13
E 3405 5 1 13
E 3405 6 1 13
T 3406 8 0 0 0
T 3407 9 0 7 1
E 3407 0 1 16
E 3407 1 1 16
E 3407 2 1 16
E 3407 3 1 16
E 3407 4 1 16
E 3407 5 1 16
E 3407 6 1 16
T 3408 8 0 0 0
T 3409 8 0 7 1
E 3409 0 1 15
E 3409 1 1 15
E 3409 2 1 15
E 3409 3 1 15
E 3409 4 1 15
E 3409 5 1 15
E 3409 6 1 15
T 3410 11 0 0 0
T 3411 10 0 7 1
E 3411 0 1 17
E 3411 1 1 17
E 3411 2 1 17
E 3411 3 1 17
E 3411 4 1 17
E 3411 5 1 17
E 3411 6 1 17
T 3412 11 0 0 0
T 3413 12 0 0 0
T 3414 6 0 7 1
E 3414 0 2 20
E 3414 1 2 20
E 3414 2 2 20
E 3414 3 2 20
E 3414 4 2 20
E 3414 5 2 20
E 3414 6 2 20
T 3415 6 0 7 1
E 3415 0 1 13
E 3415 1 1 13
E 3415 2 1 13
E 3415 3 1 13
E 3415 4 1 13
E 3415 5 1 13
E 3415 6 1 13
T 3416 1 0 0 0
T 3417 2 0 0 0
T 3418 7 0 0 0
T 3419 10 0 0 0
T 3420 12 0 0 0
T 3421 7 0 0 0
T 3422 7 0 7 1
E 3422 0 1 14
E 3422 1 1 14
E 3422 2 1 14
E 3422 3 1 14
E 3422 4 1 14
E 3422 5 1 14
E 3422 6 1 14
T 3423 12 0 0 0
T 3424 9 0 0 0
T 3425 10 0 0 0
T 3426 7 0 0 0
T 3427 8 0 0 0
T 3428 6 0 7 1
E 3428 0 1 13
E 3428 1 1 13
E 3428 2 1 13
E 3428 3 1 13
E 3428 4 1 13
E 3428 5 1 13
E 3428 6 1 13
T 3429 7 0 7 1
E 3429 0 1 14
E 3429 1 1 14
E 3429 2 1 14
E 3429 3 1 14
E 3429 4 1 14
E 3429 5 1 14
E 3429 6 1 14
T 3430 7 0 0 0
T 3431 9 0 0 0
T 3432 10 0 0 0
T 3433 11 0 0 0
T 3434 12 0 0 0
T 3435 5 0 7 1
E 3435 0 2 19
E 3435 1 2 19
E 3435 2 2 19
E 3435 3 2 19
E 3435 4 2 19
E 3435 5 2 19
E 3435 6 2 19
T 3436 1 0 0 0
T 3437 3 0 0 0
T 3438 3 0 0 0
T 3439 5 0 0 0
T 3440 4 0 0 0
T 3441 3 0 0 0
T 3442 5 0 0 0
T 3443 9 0 0 0
T 3444 7 0 7 1
E 3444 0 1 14
E 3444 1 1 14
E 3444 2 1 14
E 3444 3 1 14
E 3444 4 1 14
E 3444 5 1 14
E 3444 6 1 14
T 3445 8 0 7 1
E 3445 0 1 15
E 3445 1 1 15
E 3445 2 1 15
E 3445 3 1 15
E 3445 4 1 15
E 3445 5 1 15
E 3445 6 1 15
T 3446 11 0 0 0
T 3447 11 0 0 0
T 3448 9 0 7 1
E 3448 0 1 16
E 3448 1 1 16
E 3448 2 1 16
E 3448 3 1 16
E 3448 4 1 16
E 3448 5 1 16
E 3448 6 1 16
T 3449 10 0 7 1
E 3449 0 1 17
E 3449 1 1 17
E 3449 2 1 17
E 3449 3 1 17
E 3449 4 1 17
E 3449 5 1 17
E 3449 6 1 17
T 3450 7 0 7 1
E 3450 0 1 14
E 3450 1 1 14
E 3450 2 1 14
E 3450 3 1 14
E 3450 4 1 14
E 3450 5 1 14
E 3450 6 1 14
T 3451 3 0 0 0
T 3452 3 0 0 0
T 3453 9 0 0 0
T 3454 6 0 0 0
T 3455 2 0 0 0
T 3456 1 0 0 0
T 3457 2 0 0 0
T 3458 2 0 0 0
T 3459 4 0 0 0
T 3460 2 0 0 0
T 3461 5 0 0 0
T 3462 6 0 0 0
T 3463 10 0 0 0
T 3464 7 0 7 1
E 3464 0 -1 -14
E 3464 1 -1 -14
E 3464 2 -1 -14
E 3464 3 -1 -14
E 3464 4 -1 -14
E 3464 5 -1 -14
E 3464 6 -1 -14
T 3465 8 0 0 0
T 3466 6 0 0 0
T 3467 9 0 0 0
T 3468 9 0 0 0
T 3469 8 0 7 1
E 3469 0 -1 -15
E 3469 1 -1 -15
E 3469 2 -1 -15
E 3469 3 -1 -15
E 3469 4 -1 -15
E 3469 5 -1 -15
E 3469 6 -1 -15
T 3470 6 0 0 0
T 3471 12 0 0 0
T 3472 8 0 7 1
E 3472 0 -1 -15
E 3472 1 -1 -15
E 3472 2 -1 -15
E 3472 3 -1 -15
E 3472 4 -1 -15
E 3472 5 -1 -15
E 3472 6 -1 -15
T 3473 12 0 0 0
T 3474 10 0 0 0
T 3475 8 0 0 0
T 3476 8 0 0 0
T 3477 5 0 0 0
T 3478 8 0 0 0
T 3479 6 0 7 1
E 3479 0 -1 -13
E 3479 1 -1 -13
E 3479 2 -1 -13
E 3479 3 -1 -13
E 3479 4 -1 -13
E 3479 5 -1 -13
E 3479 6 -1 -13
T 3480 5 0 0 0
T 3481 10 0 0 0
T 3482 9 0 7 1
E 3482 0 -1 -16
E 3482 1 -1 -16
E 3482 2 -1 -16
E 3482 3 -1 -16
E 3482 4 -1 -16
E 3482 5 -1 -16
E 3482 6 -1 -16
T 3483 11 0 0 0
T 3484 12 0 0 0
T 3485 7 0 7 1
E 3485 0 -1 -14
E 3485 1 -1 -14
E 3485 2 -1 -14
E 3485 3 -1 -14
E 3485 4 -1 -14
E 3485 5 -1 -14
E 3485 6 -1 -14
T 3486 2 0 0 0
T 3487 2 0 0 0
T 3488 4 0 0 0
T 3489 5 0 0 0
T 3490 2 0 0 0
T 3491 0 0 0 0
T 3492 1 0 0 0
T 3493 6 0 0 0
T 3494 4 0 0 0
T 3495 6 0 0 0
T 3496 9 0 0 0
T 3497 7 0 0 0
T 3498 8 0 0 0
T 3499 2 0 0 0
T 3500 2 0 0 0
T 3501 5 0 0 0
T 3502 10 0 0 0
T 3503 8 0 7 1
E 3503 0 1 15
E 3503 1 1 15
E 3503 2 1 15
E 3503 3 1 15
E 3503 4 1 15
E 3503 5 1 15
E 3503 6 1 15
T 3504 12 0 0 0
T 3505 12 0 0 0
T 3506 7 0 7 1
E 3506 0 1 14
E 3506 1 1 14
E 3506 2 1 14
E 3506 3 1 14
E 3506 4 1 14
E 3506 5 1 14
E 3506 6 1 14
T 3507 5 0 0 0
T 3508 1 0 0 0
T 3509 0 0 0 0
T 3510 1 0 0 0
T 3511 3 0 0 0
T 3512 1 0 0 0
T 3513 2 0 0 0
T 3514 8 0 0 0
T 3515 6 0 7 1
E 3515 0 -1 -13
E 3515 1 -1 -13
E 3515 2 -1 -13
E 3515 3 -1 -13
E 3515 4 -1 -13
E 3515 5 -1 -13
E 3515 6 -1 -13
T 3516 7 0 0 0
T 3517 7 0 7 1
E 3517 0 -1 -14
E 3517 1 -1 -14
E 3517 2 -1 -14
E 3517 3 -1 -14
E 3517 4 -1 -14
E 3517 5 -1 -14
E 3517 6 -1 -14
T 3518 10 0 0 0
T 3519 7 0 0 0
T 3520 6 0 0 0
T 3521 7 0 7 1
E 3521 0 -1 -14
E 3521 1 -1 -14
E 3521 2 -1 -14
E 3521 3 -1 -14
E 3521 4 -1 -14
E 3521 5 -1 -14
E 3521 6 -1 -14
T 3522 4 0 0 0
T 3523 12 0 0 0
T 3524 11 0 0 0
T 3525 8 0 0 0
T 3526 9 0 7 1
E 3526 0 -1 -16
E 3526 1 -1 -16
E 3526 2 -1 -16
E 3526 3 -1 -16
E 3526 4 -1 -16
E 3526 5 -1 -16
E 3526 6 -1 -16
T 3527 7 0 0 0
T 3528 10 0 0 0
T 3529 10 0 0 0
T 3530 10 0 0 0
T 3531 7 0 7 1
E 3531 0 -1 -14
E 3531 1 -1 -14
E 3531 2 -1 -14
E 3531 3 -1 -14
E 3531 4 -1 -14
E 3531 5 -1 -14
E 3531 6 -1 -14
T 3532 6 0 0 0
T 3533 9 0 0 0
T 3534 5 0 0 0
T 3535 8 0 0 0
T 3536 10 0 0 0
T 3537 6 0 7 1
E 3537 0 -1 -13
E 3537 1 -1 -13
E 3537 2 -1 -13
E 3537 3 -1 -13
E 3537 4 -1 -13
E 3537 5 -1 -13
E 3537 6 -1 -13
T 3538 7 0 0 0
T 3539 3 0 0 0
T 3540 5 0 0 0
T 3541 6 0 0 0
T 3542 7 0 0 0
T 3543 10 0 0 0
T 3544 9 0 7 1
E 3544 0 -1 -16
E 3544 1 -1 -16
E 3544 2 -1 -16
E 3544 3 -1 -16
E 3544 4 -1 -16
E 3544 5 -1 -16
E 3544 6 -1 -16
T 3545 8 0 7 1
E 3545 0 -1 -15
E 3545 1 -1 -15
E 3545 2 -1 -15
E 3545 3 -1 -15
E 3545 4 -1 -15
E 3545 5 -1 -15
E 3545 6 -1 -15
T 3546 6 0 0 0
T 3547 4 0 0 0
T 3548 10 0 0 0
T 3549 7 0 0 0
T 3550 7 0 7 1
E 3550 0 -1 -14
E 3550 1 -1 -14
E 3550 2 -1 -14
E 3550 3 -1 -14
E 3550 4 -1 -14
E 3550 5 -1 -14
E 3550 6 -1 -14
T 3551 12 0 0 0
T 3552 4 0 7 1
E 3552 0 -2 -18
E 3552 1 -2 -18
E 3552 2 -2 -18
E 3552 3 -2 -18
E 3552 4 -2 -18
E 3552 5 -2 -18
E 3552 6 -2 -18
T 3553 9 0 0 0
T 3554 6 0 0 0
T 3555 12 0 0 0
T 3556 5 0 7 1
E 3556 0 -2 -19
E 3556 1 -2 -19
E 3556 2 -2 -19
E 3556 3 -2 -19
E 3556 4 -2 -19
E 3556 5 -2 -19
E 3556 6 -2 -19
T 3557 8 0 0 0
T 3558 10 0 0 0
T 3559 8 0 7 1
E 3559 0 -1 -15
E 3559 1 -1 -15
E 3559 2 -1 -15
E 3559 3 -1 -15
E 3559 4 -1 -15
E 3559 5 -1 -15
E 3559 6 -1 -15
T 3560 4 0 0 0
T 3561 2 0 0 0
T 3562 5 0 0 0
T 3563 11 0 0 0
T 3564 9 0 7 1
E 3564 0 -1 -16
E 3564 1 -1 -16
E 3564 2 -1 -16
E 3564 3 -1 -16
E 3564 4 -1 -16
E 3564 5 -1 -16
E 3564 6 -1 -16
T 3565 10 0 0 0
T 3566 6 0 0 0
T 3567 7 0 0 0
T 3568 11 0 0 0
T 3569 9 0 7 1
E 3569 0 -1 -16
E 3569 1 -1 -16
E 3569 2 -1 -16
E 3569 3 -1 -16
E 3569 4 -1 -16
E 3569 5 -1 -16
E 3569 6 -1 -16
T 3570 7 0 7 1
E 3570 0 -1 -14
E 3570 1 -1 -14
E 3570 2 -1 -14
E 3570 3 -1 -14
E 3570 4 -1 -14
E 3570 5 -1 -14
E 3570 6 -1 -14
T 3571 6 0 7 1
E 3571 0 -1 -13
E 3571 1 -1 -13
E 3571 2 -1 -13
E 3571 3 -1 -13
E 3571 4 -1 -13
E 3571 5 -1 -13
E 3571 6 -1 -13
T 3572 7 0 0 0
T 3573 7 0 7 1
E 3573 0 -1 -14
E 3573 1 -1 -14
E 3573 2 -1 -14
E 3573 3 -1 -14
E 3573 4 -1 -14
E 3573 5 -1 -14
E 3573 6 -1 -14
T 3574 7 0 7 1
E 3574 0 -1 -14
E 3574 1 -1 -14
E 3574 2 -1 -14
E 3574 3 -1 -14
E 3574 4 -1 -14
E 3574 5 -1 -14
E 3574 6 -1 -14
T 3575 2 0 0 0
T 3576 6 0 0 0
T 3577 7 0 0 0
T 3578 4 0 0 0
T 3579 10 0 0 0
T 3580 6 0 7 1
E 3580 0 -1 -13
E 3580 1 -1 -13
E 3580 2 -1 -13
E 3580 3 -1 -13
E 3580 4 -1 -13
E 3580 5 -1 -13
E 3580 6 -1 -13
T 3581 7 0 0 0
T 3582 3 0 0 0
T 3583 2 0 0 0
T 3584 2 0 0 0
T 3585 6 0 0 0
T 3586 2 0 0 0
T 3587 0 0 0 0
T 3588 8 0 0 0
T 3589 12 0 0 0
T 3590 5 0 7 1
E 3590 0 -2 -19
E 3590 1 -2 -19
E 3590 2 -2 -19
E 3590 3 -2 -19
E 3590 4 -2 -19
E 3590 5 -2 -19
E 3590 6 -2 -19
T 3591 10 0 0 0
T 3592 12 0 0 0
T 3593 7 0 7 1
E 3593 0 -1 -14
E 3593 1 -1 -14
E 3593 2 -1 -14
E 3593 3 -1 -14
E 3593 4 -1 -14
E 3593 5 -1 -14
E 3593 6 -1 -14
T 3594 12 0 0 0
T 3595 9 0 0 0
T 3596 11 0 0 0
T 3597 9 0 0 0
T 3598 7 0 7 1
E 3598 0 -1 -14
E 3598 1 -1 -14
E 3598 2 -1 -14
E 3598 3 -1 -14
E 3598 4 -1 -14
E 3598 5 -1 -14
E 3598 6 -1 -14
T 3599 8 0 7 1
E 3599 0 -1 -15
E 3599 1 -1 -15
E 3599 2 -1 -15
E 3599 3 -1 -15
E 3599 4 -1 -15
E 3599 5 -1 -15
E 3599 6 -1 -15
T 3600 16 0 7 1
E 3600 0 4 44
E 3600 1 4 44
E 3600 2 4 44
E 3600 3 4 44
E 3600 4 4 44
E 3600 5 4 44
E 3600 6 4 44
T 3601 6 0 7 1
E 3601 0 1 13
E 3601 1 1 13
E 3601 2 1 13
E 3601 3 1 13
E 3601 4 1 13
E 3601 5 1 13
E 3601 6 1 13
T 3602 7 0 7 1
E 3602 0 1 14
E 3602 1 1 14
E 3602 2 1 14
E 3602 3 1 14
E 3602 4 1 14
E 3602 5 1 14
E 3602 6 1 14
T 3603 7 0 7 1
E 3603 0 1 14
E 3603 1 1 14
E 3603 2 1 14
E 3603 3 1 14
E 3603 4 1 14
E 3603 5 1 14
E 3603 6 1 14
T 3604 6 0 7 1
E 3604 0 1 13
E 3604 1 1 13
E 3604 2 1 13
E 3604 3 1 13
E 3604 4 1 13
E 3604 5 1 13
E 3604 6 1 13
T 3605 11 0 0 0
T 3606 8 0 0 0
T 3607 9 0 0 0
T 3608 8 0 7 1
E 3608 0 1 15
E 3608 1 1 15
E 3608 2 1 15
E 3608 3 1 15
E 3608 4 1 15
E 3608 5 1 15
E 3608 6 1 15
T 3609 7 0 7 1
E 3609 0 1 14
E 3609 1 1 14
E 3609 2 1 14
E 3609 3 1 14
E 3609 4 1 14
E 3609 5 1 14
E 3609 6 1 14
T 3610 9 0 0 0
T 3611 8 0 7 1
E 3611 0 1 15
E 3611 1 1 15
E 3611 2 1 15
E 3611 3 1 15
E 3611 4 1 15
E 3611 5 1 15
E 3611 6 1 15
T 3612 12 0 0 0
T 3613 7 0 0 0
T 3614 6 0 7 1
E 3614 0 1 13
E 3614 1 1 13
E 3614 2 1 13
E 3614 3 1 13
E 3614 4 1 13
E 3614 5 1 13
E 3614 6 1 13
T 3615 10 0 0 0
T 3616 9 0 7 1
E 3616 0 1 16
E 3616 1 1 16
E 3616 2 1 16
E 3616 3 1 16
E 3616 4 1 16
E 3616 5 1 16
E 3616 6 1 16
T 3617 8 0 0 0
T 3618 3 0 0 0
T 3619 11 0 0 0
T 3620 10 0 7 1
E 3620 0 1 17
E 3620 1 1 17
E 3620 2 1 17
E 3620 3 1 17
E 3620 4 1 17
E 3620 5 1 17
E 3620 6 1 17
T 3621 9 0 0 0
T 3622 8 0 0 0
T 3623 3 0 0 0
T 3624 7 0 0 0
T 3625 6 0 0 0
T 3626 7 0 0 0
T 3627 11 0 0 0
T 3628 12 0 0 0
T 3629 10 0 7 1
E 3629 0 1 17
E 3629 1 1 17
E 3629 2 1 17
E 3629 3 1 17
E 3629 4 1 17
E 3629 5 1 17
E 3629 6 1 17
T 3630 6 0 0 0
T 3631 9 0 0 0
T 3632 8 0 7 1
E 3632 0 1 15
E 3632 1 1 15
E 3632 2 1 15
E 3632 3 1 15
E 3632 4 1 15
E 3632 5 1 15
E 3632 6 1 15
T 3633 3 0 0 0
T 3634 11 0 0 0
T 3635 12 0 0 0
T 3636 5 0 7 1
E 3636 0 2 19
E 3636 1 2 19
E 3636 2 2 19
E 3636 3 2 19
E 3636 4 2 19
E 3636 5 2 19
E 3636 6 2 19
T 3637 4 0 0 0
T 3638 0 0 0 0
T 3639 2 0 0 0
T 3640 4 0 0 0
T 3641 5 0 0 0
T 3642 7 0 0 0
T 3643 3 0 0 0
T 3644 3 0 0 0
T 3645 0 0 0 0
T 3646 1 0 0 0
T 3647 5 0 0 0
T 3648 10 0 0 0
T 3649 7 0 7 1
E 3649 0 -1 -14
E 3649 1 -1 -14
E 3649 2 -1 -14
E 3649 3 -1 -14
E 3649 4 -1 -14
E 3649 5 -1 -14
E 3649 6 -1 -14
T 3650 1 0 0 0
T 3651 4 0 0 0
T 3652 8 0 0 0
T 3653 5 0 0 0
T 3654 3 0 0 0
T 3655 1 0 0 0
T 3656 2 0 0 0
T 3657 6 0 0 0
T 3658 6 0 7 1
E 3658 0 1 13
E 3658 1 1 13
E 3658 2 1 13
E 3658 3 1 13
E 3658 4 1 13
E 3658 5 1 13
E 3658 6 1 13
T 3659 11 0 0 0
T 3660 7 0 0 0
T 3661 7 0 0 0
T 3662 3 0 0 0
T 3663 10 0 0 0
T 3664 9 0 7 1
E 3664 0 1 16
E 3664 1 1 16
E 3664 2 1 16
E 3664 3 1 16
E 3664 4 1 16
E 3664 5 1 16
E 3664 6 1 16
T 3665 8 0 0 0
T 3666 8 0 7 1
E 3666 0 1 15
E 3666 1 1 15
E 3666 2 1 15
E 3666 3 1 15
E 3666 4 1 15
E 3666 5 1 15
E 3666 6 1 15
T 3667 11 0 0 0
T 3668 10 0 0 0
T 3669 10 0 7 1
E 3669 0 1 17
E 3669 1 1 17
E 3669 2 1 17
E 3669 3 1 17
E 3669 4 1 17
E 3669 5 1 17
E 3669 6 1 17
T 3670 9 0 7 1
E 3670 0 1 16
E 3670 1 1 16
E 3670 2 1 16
E 3670 3 1 16
E 3670 4 1 16
E 3670 5 1 16
E 3670 6 1 16
T 3671 7 0 7 1
E 3671 0 1 14
E 3671 1 1 14
E 3671 2 1 14
E 3671 3 1 14
E 3671 4 1 14
E 3671 5 1 14
E 3671 6 1 14
T 3672 8 0 0 0
T 3673 5 0 0 0
T 3674 8 0 0 0
T 3675 6 0 0 0
T 3676 1 0 0 0
T 3677 2 0 0 0
T 3678 4 0 0 0
T 3679 4 0 0 0
T 3680 12 0 0 0
T 3681 8 0 7 1
E 3681 0 1 15
E 3681 1 1 15
E 3681 2 1 15
E 3681 3 1 15
E 3681 4 1 15
E 3681 5 1 15
E 3681 6 1 15
T 3682 8 0 7 1
E 3682 0 1 15
E 3682 1 1 15
E 3682 2 1 15
E 3682 3 1 15
E 3682 4 1 15
E 3682 5 1 15
E 3682 6 1 15
T 3683 7 0 7 1
E 3683 0 1 14
E 3683 1 1 14
E 3683 2 1 14
E 3683 3 1 14
E 3683 4 1 14
E 3683 5 1 14
E 3683 6 1 14
T 3684 12 0 0 0
T 3685 10 0 7 1
E 3685 0 1 17
E 3685 1 1 17
E 3685 2 1 17
E 3685 3 1 17
E 3685 4 1 17
E 3685 5 1 17
E 3685 6 1 17
T 3686 10 0 7 1
E 3686 0 1 17
E 3686 1 1 17
E 3686 2 1 17
E 3686 3 1 17
E 3686 4 1 17
E 3686 5 1 17
E 3686 6 1 17
T 3687 4 0 7 1
E 3687 0 2 18
E 3687 1 2 18
E 3687 2 2 18
E 3687 3 2 18
E 3687 4 2 18
E 3687 5 2 18
E 3687 6 2 18
T 3688 5 0 0 0
T 3689 7 0 0 0
T 3690 12 0 0 0
T 3691 8 0 7 1
E 3691 0 1 15
E 3691 1 1 15
E 3691 2 1 15
E 3691 3 1 15
E 3691 4 1 15
E 3691 5 1 15
E 3691 6 1 15
T 3692 9 0 7 1
E 3692 0 1 16
E 3692 1 1 16
E 3692 2 1 16
E 3692 3 1 16
E 3692 4 1 16
E 3692 5 1 16
E 3692 6 1 16
T 3693 6 0 0 0
T 3694 11 0 0 0
T 3695 8 0 7 1
E 3695 0 1 15
E 3695 1 1 15
E 3695 2 1 15
E 3695 3 1 15
E 3695 4 1 15
E 3695 5 1 15
E 3695 6 1 15
T 3696 12 0 0 0
T 3697 7 0 0 0
T 3698 6 0 0 0
T 3699 8 0 0 0
T 3700 11 0 0 0
T 3701 10 0 0 0
T 3702 4 0 0 0
T 3703 1 0 0 0
T 3704 4 0 0 0
T 3705 6 0 0 0
T 3706 11 0 0 0
T 3707 11 0 0 0
T 3708 10 0 0 0
T 3709 9 0 0 0
T 3710 9 0 0 0
T 3711 5 0 0 0
T 3712 12 0 0 0
T 3713 9 0 7 1
E 3713 0 -1 -16
E 3713 1 -1 -16
E 3713 2 -1 -16
E 3713 3 -1 -16
E 3713 4 -1 -16
E 3713 5 -1 -16
E 3713 6 -1 -16
T 3714 12 0 0 0
T 3715 10 0 0 0
T 3716 8 0 7 1
E 3716 0 -1 -15
E 3716 1 -1 -15
E 3716 2 -1 -15
E 3716 3 -1 -15
E 3716 4 -1 -15
E 3716 5 -1 -15
E 3716 6 -1 -15
T 3717 5 0 0 0
T 3718 9 0 0 0
T 3719 8 0 0 0
T 3720 8 0 0 0
T 3721 11 0 0 0
T 3722 4 0 7 1
E 3722 0 -2 -18
E 3722 1 -2 -18
E 3722 2 -2 -18
E 3722 3 -2 -18
E 3722 4 -2 -18
E 3722 5 -2 -18
E 3722 6 -2 -18
T 3723 0 0 0 0
T 3724 0 0 0 0
T 3725 3 0 0 0
T 3726 2 0 0 0
T 3727 1 0 0 0
T 3728 4 0 0 0
T 3729 5 0 0 0
T 3730 1 0 0 0
T 3731 6 0 0 0
T 3732 8 0 0 0
T 3733 3 0 0 0
T 3734 7 0 0 0
T 3735 11 0 0 0
T 3736 4 0 7 1
E 3736 0 -2 -18
E 3736 1 -2 -18
E 3736 2 -2 -18
E 3736 3 -2 -18
E 3736 4 -2 -18
E 3736 5 -2 -18
E 3736 6 -2 -18
T 3737 0 0 0 0
T 3738 1 0 0 0
T 3739 3 0 0 0
T 3740 7 0 0 0
T 3741 5 0 0 0
T 3742 8 0 0 0
T 3743 12 0 0 0
T 3744 6 0 7 1
E 3744 0 1 13
E 3744 1 1 13
E 3744 2 1 13
E 3744 3 1 13
E 3744 4 1 13
E 3744 5 1 13
E 3744 6 1 13
T 3745 2 0 0 0
T 3746 4 0 0 0
T 3747 1 0 0 0
T 3748 3 0 0 0
T 3749 4 0 0 0
T 3750 2 0 0 0
T 3751 5 0 0 0
T 3752 3 0 0 0
T 3753 5 0 0 0
T 3754 6 0 0 0
T 3755 1 0 0 0
T 3756 8 0 0 0
T 3757 9 0 0 0
T 3758 9 0 0 0
T 3759 6 0 7 1
E 3759 0 -1 -13
E 3759 1 -1 -13
E 3759 2 -1 -13
E 3759 3 -1 -13
E 3759 4 -1 -13
E 3759 5 -1 -13
E 3759 6 -1 -13
T 3760 10 0 0 0
T 3761 9 0 0 0
T 3762 8 0 7 1
E 3762 0 -1 -15
E 3762 1 -1 -15
E 3762 2 -1 -15
E 3762 3 -1 -15
E 3762 4 -1 -15
E 3762 5 -1 -15
E 3762 6 -1 -15
T 3763 6 0 0 0
T 3764 7 0 7 1
E 3764 0 -1 -14
E 3764 1 -1 -14
E 3764 2 -1 -14
E 3764 3 -1 -14
E 3764 4 -1 -14
E 3764 5 -1 -14
E 3764 6 -1 -14
T 3765 2 0 0 0
T 3766 1 0 0 0
T 3767 5 0 0 0
T 3768 2 0 0 0
T 3769 4 0 0 0
T 3770 0 0 0 0
T 3771 5 0 0 0
T 3772 4 0 0 0
T 3773 9 0 0 0
T 3774 12 0 0 0
T 3775 12 0 0 0
T 3776 6 0 7 1
E 3776 0 -2 -20
E 3776 1 -2 -20
E 3776 2 -2 -20
E 3776 3 -2 -20
E 3776 4 -2 -20
E 3776 5 -2 -20
E 3776 6 -2 -20
T 3777 6 0 0 0
T 3778 5 0 0 0
T 3779 5 0 0 0
T 3780 3 0 0 0
T 3781 1 0 0 0
T 3782 0 0 0 0
T 3783 6 0 0 0
T 3784 7 0 7 1
E 3784 0 -1 -14
E 3784 1 -1 -14
E 3784 2 -1 -14
E 3784 3 -1 -14
E 3784 4 -1 -14
E 3784 5 -1 -14
E 3784 6 -1 -14
T 3785 9 0 0 0
T 3786 7 0 0 0
T 3787 7 0 0 0
T 3788 6 0 0 0
T 3789 7 0 7 1
E 3789 0 -1 -14
E 3789 1 -1 -14
E 3789 2 -1 -14
E 3789 3 -1 -14
E 3789 4 -1 -14
E 3789 5 -1 -14
E 3789 6 -1 -14
T 3790 11 0 0 0
T 3791 4 0 7 1
E 3791 0 -2 -18
E 3791 1 -2 -18
E 3791 2 -2 -18
E 3791 3 -2 -18
E 3791 4 -2 -18
E 3791 5 -2 -18
E 3791 6 -2 -18
T 3792 11 0 0 0
T 3793 6 0 7 1
E 3793 0 -1 -13
E 3793 1 -1 -13
E 3793 2 -1 -13
E 3793 3 -1 -13
E 3793 4 -1 -13
E 3793 5 -1 -13
E 3793 6 -1 -13
T 3794 6 0 0 0
T 3795 9 0 0 0
T 3796 5 0 0 0
T 3797 9 0 0 0
T 3798 9 0 7 1
E 3798 0 -1 -16
E 3798 1 -1 -16
E 3798 2 -1 -16
E 3798 3 -1 -16
E 3798 4 -1 -16
E 3798 5 -1 -16
E 3798 6 -1 -16
T 3799 7 0 7 1
E 3799 0 -1 -14
E 3799 1 -1 -14
E 3799 2 -1 -14
E 3799 3 -1 -14
E 3799 4 -1 -14
E 3799 5 -1 -14
E 3799 6 -1 -14
T 3800 9 0 0 0
T 3801 5 0 0 0
T 3802 11 0 0 0
T 3803 9 0 0 0
T 3804 6 0 7 1
E 3804 0 -1 -13
E 3804 1 -1 -13
E 3804 2 -1 -13
E 3804 3 -1 -13
E 3804 4 -1 -13
E 3804 5 -1 -13
E 3804 6 -1 -13
T 3805 7 0 0 0
T 3806 6 0 0 0
T 3807 9 0 0 0
T 3808 7 0 0 0
T 3809 7 0 7 1
E 3809 0 -1 -14
E 3809 1 -1 -14
E 3809 2 -1 -14
E 3809 3 -1 -14
E 3809 4 -1 -14
E 3809 5 -1 -14
E 3809 6 -1 -14
T 3810 11 0 0 0
T 3811 6 0 7 1
E 3811 0 -1 -13
E 3811 1 -1 -13
E 3811 2 -1 -13
E 3811 3 -1 -13
E 3811 4 -1 -13
E 3811 5 -1 -13
E 3811 6 -1 -13
T 3812 6 0 7 1
E 3812 0 -1 -13
E 3812 1 -1 -13
E 3812 2 -1 -13
E 3812 3 -1 -13
E 3812 4 -1 -13
E 3812 5 -1 -13
E 3812 6 -1 -13
T 3813 6 0 7 1
E 3813 0 -1 -13
E 3813 1 -1 -13
E 3813 2 -1 -13
E 3813 3 -1 -13
E 3813 4 -1 -13
E 3813 5 -1 -13
E 3813 6 -1 -13
T 3814 9 0 0 0
T 3815 5 0 0 0
T 3816 3 0 0 0
T 3817 1 0 0 0
T 3818 2 0 0 0
T 3819 9 0 0 0
T 3820 12 0 0 0
T 3821 9 0 7 1
E 3821 0 -1 -16
E 3821 1 -1 -16
E 3821 2 -1 -16
E 3821 3 -1 -16
E 3821 4 -1 -16
E 3821 5 -1 -16
E 3821 6 -1 -16
T 3822 12 0 0 0
T 3823 12 0 0 0
T 3824 6 0 7 1
E 3824 0 -2 -20
E 3824 1 -2 -20
E 3824 2 -2 -20
E 3824 3 -2 -20
E 3824 4 -2 -20
E 3824 5 -2 -20
E 3824 6 -2 -20
T 3825 10 0 0 0
T 3826 7 0 7 1
E 3826 0 -1 -14
E 3826 1 -1 -14
E 3826 2 -1 -14
E 3826 3 -1 -14
E 3826 4 -1 -14
E 3826 5 -1 -14
E 3826 6 -1 -14
T 3827 11 0 0 0
T 3828 10 0 0 0
T 3829 10 0 7 1
E 3829 0 -1 -17
E 3829 1 -1 -17
E 3829 2 -1 -17
E 3829 3 -1 -17
E 3829 4 -1 -17
E 3829 5 -1 -17
E 3829 6 -1 -17
T 3830 10 0 7 1
E 3830 0 -1 -17
E 3830 1 -1 -17
E 3830 2 -1 -17
E 3830 3 -1 -17
E 3830 4 -1 -17
E 3830 5 -1 -17
E 3830 6 -1 -17
T 3831 10 0 7 1
E 3831 0 -1 -17
E 3831 1 -1 -17
E 3831 2 -1 -17
E 3831 3 -1 -17
E 3831 4 -1 -17
E 3831 5 -1 -17
E 3831 6 -1 -17
T 3832 6 0 7 1
E 3832 0 -1 -13
E 3832 1 -1 -13
E 3832 2 -1 -13
E 3832 3 -1 -13
E 3832 4 -1 -13
E 3832 5 -1 -13
E 3832 6 -1 -13
T 3833 10 0 0 0
T 3834 11 0 0 0
T 3835 6 0 0 0
T 3836 11 0 0 0
T 3837 12 0 0 0
T 3838 10 0 0 0
T 3839 10 0 0 0
T 3840 10 0 7 1
E 3840 0 3 31
E 3840 1 3 31
E 3840 2 3 31
E 3840 3 3 31
E 3840 4 3 31
E 3840 5 3 31
E 3840 6 3 31
T 3841 5 0 0 0
T 3842 10 0 0 0
T 3843 9 0 7 1
E 3843 0 1 16
E 3843 1 1 16
E 3843 2 1 16
E 3843 3 1 16
E 3843 4 1 16
E 3843 5 1 16
E 3843 6 1 16
T 3844 8 0 0 0
T 3845 8 0 7 1
E 3845 0 1 15
E 3845 1 1 15
E 3845 2 1 15
E 3845 3 1 15
E 3845 4 1 15
E 3845 5 1 15
E 3845 6 1 15
T 3846 12 0 0 0
T 3847 7 0 7 1
E 3847 0 1 14
E 3847 1 1 14
E 3847 2 1 14
E 3847 3 1 14
E 3847 4 1 14
E 3847 5 1 14
E 3847 6 1 14
T 3848 5 0 0 0
T 3849 7 0 0 0
T 3850 5 0 0 0
T 3851 5 0 0 0
T 3852 11 0 0 0
T 3853 8 0 0 0
T 3854 7 0 7 1
E 3854 0 1 14
E 3854 1 1 14
E 3854 2 1 14
E 3854 3 1 14
E 3854 4 1 14
E 3854 5 1 14
E 3854 6 1 14
T 3855 7 0 0 0
T 3856 6 0 7 1
E 3856 0 1 13
E 3856 1 1 13
E 3856 2 1 13
E 3856 3 1 13
E 3856 4 1 13
E 3856 5 1 13
E 3856 6 1 13
T 3857 2 0 0 0
T 3858 2 0 0 0
T 3859 3 0 0 0
T 3860 5 0 0 0
T 3861 2 0 0 0
T 3862 1 0 0 0
T 3863 2 0 0 0
T 3864 4 0 0 0
T 3865 0 0 0 0
T 3866 0 0 0 0
T 3867 2 0 0 0
T 3868 5 0 0 0
T 3869 11 0 0 0
T 3870 10 0 0 0
T 3871 5 0 0 0
T 3872 1 0 0 0
T 3873 7 0 0 0
T 3874 3 0 0 0
T 3875 1 0 0 0
T 3876 2 0 0 0
T 3877 3 0 0 0
T 3878 4 0 0 0
T 3879 10 0 0 0
T 3880 9 0 7 1
E 3880 0 1 16
E 3880 1 1 16
E 3880 2 1 16
E 3880 3 1 16
E 3880 4 1 16
E 3880 5 1 16
E 3880 6 1 16
T 3881 6 0 0 0
T 3882 4 0 0 0
T 3883 2 0 0 0
T 3884 3 0 0 0
T 3885 3 0 0 0
T 3886 1 0 0 0
T 3887 3 0 0 0
T 3888 8 0 0 0
T 3889 8 0 0 0
T 3890 8 0 0 0
T 3891 7 0 0 0
T 3892 7 0 0 0
T 3893 2 0 0 0
T 3894 2 0 0 0
T 3895 3 0 0 0
T 3896 2 0 0 0
T 3897 10 0 0 0
T 3898 9 0 0 0
T 3899 7 0 0 0
T 3900 7 0 0 0
T 3901 7 0 0 0
T 3902 6 0 0 0
T 3903 2 0 0 0
T 3904 1 0 0 0
T 3905 1 0 0 0
T 3906 7 0 0 0
T 3907 8 0 7 1
E 3907 0 1 15
E 3907 1 1 15
E 3907 2 1 15
E 3907 3 1 15
E 3907 4 1 15
E 3907 5 1 15
E 3907 6 1 15
T 3908 3 0 0 0
T 3909 8 0 0 0
T 3910 9 0 0 0
T 3911 6 0 0 0
T 3912 4 0 0 0
T 3913 7 0 0 0
T 3914 11 0 0 0
T 3915 7 0 7 1
E 3915 0 1 14
E 3915 1 1 14
E 3915 2 1 14
E 3915 3 1 14
E 3915 4 1 14
E 3915 5 1 14
E 3915 6 1 14
T 3916 11 0 0 0
T 3917 9 0 0 0
T 3918 9 0 7 1
E 3918 0 1 16
E 3918 1 1 16
E 3918 2 1 16
E 3918 3 1 16
E 3918 4 1 16
E 3918 5 1 16
E 3918 6 1 16
T 3919 8 0 7 1
E 3919 0 1 15
E 3919 1 1 15
E 3919 2 1 15
E 3919 3 1 15
E 3919 4 1 15
E 3919 5 1 15
E 3919 6 1 15
T 3920 12 0 0 0
T 3921 12 0 0 0
T 3922 8 0 7 1
E 3922 0 1 15
E 3922 1 1 15
E 3922 2 1 15
E 3922 3 1 15
E 3922 4 1 15
E 3922 5 1 15
E 3922 6 1 15
T 3923 5 0 0 0
T 3924 11 0 0 0
T 3925 4 0 7 1
E 3925 0 2 18
E 3925 1 2 18
E 3925 2 2 18
E 3925 3 2 18
E 3925 4 2 18
E 3925 5 2 18
E 3925 6 2 18
T 3926 11 0 0 0
T 3927 4 0 7 1
E 3927 0 2 18
E 3927 1 2 18
E 3927 2 2 18
E 3927 3 2 18
E 3927 4 2 18
E 3927 5 2 18
E 3927 6 2 18
T 3928 6 0 0 0
T 3929 4 0 0 0
T 3930 1 0 0 0
T 3931 3 0 0 0
T 3932 6 0 0 0
T 3933 6 0 0 0
T 3934 1 0 0 0
T 3935 4 0 0 0
T 3936 8 0 0 0
T 3937 1 0 0 0
T 3938 4 0 0 0
T 3939 3 0 0 0
T 3940 9 0 0 0
T 3941 8 0 0 0
T 3942 7 0 7 1
E 3942 0 -1 -14
E 3942 1 -1 -14
E 3942 2 -1 -14
E 3942 3 -1 -14
E 3942 4 -1 -14
E 3942 5 -1 -14
E 3942 6 -1 -14
T 3943 9 0 0 0
T 3944 10 0 0 0
T 3945 12 0 0 0
T 3946 4 0 7 1
E 3946 0 -2 -18
E 3946 1 -2 -18
E 3946 2 -2 -18
E 3946 3 -2 -18
E 3946 4 -2 -18
E 3946 5 -2 -18
E 3946 6 -2 -18
T 3947 10 0 0 0
T 3948 6 0 0 0
T 3949 2 0 0 0
T 3950 3 0 0 0
T 3951 3 0 0 0
T 3952 10 0 0 0
T 3953 6 0 0 0
T 3954 5 0 0 0
T 3955 7 0 0 0
T 3956 6 0 0 0
T 3957 1 0 0 0
T 3958 5 0 0 0
T 3959 11 0 0 0
T 3960 4 0 7 1
E 3960 0 -2 -18
E 3960 1 -2 -18
E 3960 2 -2 -18
E 3960 3 -2 -18
E 3960 4 -2 -18
E 3960 5 -2 -18
E 3960 6 -2 -18
T 3961 2 0 0 0
T 3962 9 0 0 0
T 3963 9 0 7 1
E 3963 0 -1 -16
E 3963 1 -1 -16
E 3963 2 -1 -16
E 3963 3 -1 -16
E 3963 4 -1 -16
E 3963 5 -1 -16
E 3963 6 -1 -16
T 3964 10 0 0 0
T 3965 6 0 0 0
T 3966 4 0 0 0
T 3967 7 0 0 0
T 3968 5 0 0 0
T 3969 3 0 0 0
T 3970 2 0 0 0
T 3971 7 0 0 0
T 3972 6 0 0 0
T 3973 6 0 0 0
T 3974 11 0 0 0
T 3975 8 0 0 0
T 3976 5 0 0 0
T 3977 7 0 0 0
T 3978 5 0 0 0
T 3979 10 0 0 0
T 3980 11 0 0 0
T 3981 4 0 0 0
T 3982 4 0 0 0
T 3983 1 0 0 0
T 3984 1 0 0 0
T 3985 5 0 0 0
T 3986 6 0 0 0
T 3987 9 0 0 0
T 3988 4 0 0 0
T 3989 5 0 0 0
T 3990 1 0 0 0
T 3991 3 0 0 0
T 3992 1 0 0 0
T 3993 0 0 0 0
T 3994 0 0 0 0
T 3995 4 0 0 0
T 3996 8 0 0 0
T 3997 6 0 7 1
E 3997 0 1 13
E 3997 1 1 13
E 3997 2 1 13
E 3997 3 1 13
E 3997 4 1 13
E 3997 5 1 13
E 3997 6 1 13
T 3998 8 0 0 0
T 3999 1 0 0 0
T 4000 2 0 0 0
T 4001 6 0 0 0
T 4002 7 0 0 0
T 4003 4 0 0 0
T 4004 7 0 0 0
T 4005 10 0 0 0
T 4006 9 0 0 0
T 4007 11 0 0 0
T 4008 7 0 0 0
T 4009 1 0 0 0
T 4010 5 0 0 0
T 4011 3 0 0 0
T 4012 1 0 0 0
T 4013 4 0 0 0
T 4014 2 0 0 0
T 4015 7 0 0 0
T 4016 6 0 0 0
T 4017 8 0 0 0
T 4018 9 0 0 0
T 4019 12 0 0 0
T 4020 7 0 0 0
T 4021 3 0 0 0
T 4022 1 0 0 0
T 4023 2 0 0 0
T 4024 0 0 0 0
T 4025 0 0 0 0
T 4026 3 0 0 0
T 4027 7 0 0 0
T 4028 8 0 0 0
T 4029 10 0 0 0
T 4030 3 0 0 0
T 4031 3 0 0 0
T 4032 2 0 0 0
T 4033 5 0 0 0
T 4034 3 0 0 0
T 4035 3 0 0 0
T 4036 5 0 0 0
T 4037 9 0 0 0
T 4038 9 0 0 0
T 4039 10 0 0 0
T 4040 11 0 0 0
T 4041 7 0 0 0
T 4042 4 0 0 0
T 4043 5 0 0 0
T 4044 9 0 0 0
T 4045 4 0 0 0
T 4046 3 0 0 0
T 4047 2 0 0 0
T 4048 5 0 0 0
T 4049 6 0 0 0
T 4050 5 0 0 0
T 4051 2 0 0 0
T 4052 1 0 0 0
T 4053 2 0 0 0
T 4054 1 0 0 0
T 4055 4 0 0 0
T 4056 3 0 0 0
T 4057 8 0 0 0
T 4058 9 0 0 0
T 4059 9 0 7 1
E 4059 0 -1 -16
E 4059 1 -1 -16
E 4059 2 -1 -16
E 4059 3 -1 -16
E 4059 4 -1 -16
E 4059 5 -1 -16
E 4059 6 -1 -16
T 4060 8 0 0 0
T 4061 8 0 0 0
T 4062 6 0 7 1
E 4062 0 -1 -13
E 4062 1 -1 -13
E 4062 2 -1 -13
E 4062 3 -1 -13
E 4062 4 -1 -13
E 4062 5 -1 -13
E 4062 6 -1 -13
T 4063 6 0 7 1
E 4063 0 -1 -13
E 4063 1 -1 -13
E 4063 2 -1 -13
E 4063 3 -1 -13
E 4063 4 -1 -13
E 4063 5 -1 -13
E 4063 6 -1 -13
T 4064 10 0 0 0
T 4065 9 0 7 1
E 4065 0 -1 -16
E 4065 1 -1 -16
E 4065 2 -1 -16
E 4065 3 -1 -16
E 4065 4 -1 -16
E 4065 5 -1 -16
E 4065 6 -1 -16
T 4066 10 0 0 0
T 4067 5 0 0 0
T 4068 11 0 0 0
T 4069 8 0 7 1
E 4069 0 -1 -15
E 4069 1 -1 -15
E 4069 2 -1 -15
E 4069 3 -1 -15
E 4069 4 -1 -15
E 4069 5 -1 -15
E 4069 6 -1 -15
T 4070 10 0 0 0
T 4071 8 0 0 0
T 4072 12 0 0 0
T 4073 9 0 0 0
T 4074 5 0 0 0
T 4075 4 0 0 0
T 4076 9 0 0 0
T 4077 5 0 0 0
T 4078 11 0 0 0
T 4079 10 0 7 1
E 4079 0 -1 -17
E 4079 1 -1 -17
E 4079 2 -1 -17
E 4079 3 -1 -17
E 4079 4 -1 -17
E 4079 5 -1 -17
E 4079 6 -1 -17
T 4080 12 0 7 1
E 4080 0 3 33
E 4080 1 3 33
E 4080 2 3 33
E 4080 3 3 33
E 4080 4 3 33
E 4080 5 3 33
E 4080 6 3 33
T 4081 7 0 7 1
E 4081 0 1 14
E 4081 1 1 14
E 4081 2 1 14
E 4081 3 1 14
E 4081 4 1 14
E 4081 5 1 14
E 4081 6 1 14
T 4082 7 0 0 0
T 4083 3 0 0 0
T 4084 3 0 0 0
T 4085 10 0 0 0
T 4086 7 0 0 0
T 4087 10 0 0 0
T 4088 6 0 0 0
T 4089 4 0 0 0
T 4090 7 0 0 0
T 4091 10 0 0 0
T 4092 12 0 0 0
T 4093 7 0 0 0
T 4094 8 0 7 1
E 4094 0 1 15
E 4094 1 1 15
E 4094 2 1 15
E 4094 3 1 15
E 4094 4 1 15
E 4094 5 1 15
E 4094 6 1 15
T 4095 9 0 0 0
T 4096 11 0 0 0
T 4097 9 0 7 1
E 4097 0 1 16
E 4097 1 1 16
E 4097 2 1 16
E 4097 3 1 16
E 4097 4 1 16
E 4097 5 1 16
E 4097 6 1 16
T 4098 5 0 0 0
T 4099 10 0 0 0
T 4100 4 0 7 1
E 4100 0 2 18
E 4100 1 2 18
E 4100 2 2 18
E 4100 3 2 18
E 4100 4 2 18
E 4100 5 2 18
E 4100 6 2 18
T 4101 10 0 0 0
T 4102 8 0 0 0
T 4103 6 0 0 0
T 4104 6 0 0 0
T 4105 6 0 0 0
T 4106 10 0 0 0
T 4107 10 0 0 0
T 4108 10 0 7 1
E 4108 0 1 17
E 4108 1 1 17
E 4108 2 1 17
E 4108 3 1 17
E 4108 4 1 17
E 4108 5 1 17
E 4108 6 1 17
T 4109 7 0 0 0
T 4110 8 0 0 0
T 4111 3 0 0 0
T 4112 0 0 0 0
T 4113 6 0 0 0
T 4114 2 0 0 0
T 4115 0 0 0 0
T 4116 5 0 0 0
T 4117 8 0 0 0
T 4118 6 0 7 1
E 4118 0 1 13
E 4118 1 1 13
E 4118 2 1 13
E 4118 3 1 13
E 4118 4 1 13
E 4118 5 1 13
E 4118 6 1 13
T 4119 7 0 0 0
T 4120 12 0 0 0
T 4121 9 0 7 1
E 4121 0 1 16
E 4121 1 1 16
E 4121 2 1 16
E 4121 3 1 16
E 4121 4 1 16
E 4121 5 1 16
E 4121 6 1 16
T 4122 7 0 0 0
T 4123 6 0 7 1
E 4123 0 1 13
E 4123 1 1 13
E 4123 2 1 13
E 4123 3 1 13
E 4123 4 1 13
E 4123 5 1 13
E 4123 6 1 13
T 4124 3 0 0 0
T 4125 0 0 0 0
T 4126 2 0 0 0
T 4127 5 0 0 0
T 4128 3 0 0 0
T 4129 10 0 0 0
T 4130 9 0 7 1
E 4130 0 1 16
E 4130 1 1 16
E 4130 2 1 16
E 4130 3 1 16
E 4130 4 1 16
E 4130 5 1 16
E 4130 6 1 16
T 4131 6 0 7 1
E 4131 0 1 13
E 4131 1 1 13
E 4131 2 1 13
E 4131 3 1 13
E 4131 4 1 13
E 4131 5 1 13
E 4131 6 1 13
T 4132 3 0 0 0
T 4133 6 0 0 0
T 4134 10 0 0 0
T 4135 10 0 0 0
T 4136 7 0 7 1
E 4136 0 1 14
E 4136 1 1 14
E 4136 2 1 14
E 4136 3 1 14
E 4136 4 1 14
E 4136 5 1 14
E 4136 6 1 14
T 4137 6 0 0 0
T 4138 7 0 0 0
T 4139 5 0 0 0
T 4140 7 0 0 0
T 4141 6 0 0 0
T 4142 6 0 7 1
E 4142 0 1 13
E 4142 1 1 13
E 4142 2 1 13
E 4142 3 1 13
E 4142 4 1 13
E 4142 5 1 13
E 4142 6 1 13
T 4143 2 0 0 0
T 4144 1 0 0 0
T 4145 1 0 0 0
T 4146 1 0 0 0
T 4147 5 0 0 0
T 4148 9 0 0 0
T 4149 8 0 0 0
T 4150 3 0 0 0
T 4151 8 0 0 0
T 4152 8 0 0 0
T 4153 7 0 0 0
T 4154 9 0 0 0
T 4155 6 0 7 1
E 4155 0 -1 -13
E 4155 1 -1 -13
E 4155 2 -1 -13
E 4155 3 -1 -13
E 4155 4 -1 -13
E 4155 5 -1 -13
E 4155 6 -1 -13
T 4156 1 0 0 0
T 4157 1 0 0 0
T 4158 0 0 0 0
T 4159 4 0 0 0
T 4160 2 0 0 0
T 4161 2 0 0 0
T 4162 2 0 0 0
T 4163 0 0 0 0
T 4164 6 0 0 0
T 4165 7 0 0 0
T 4166 11 0 0 0
T 4167 4 0 7 1
E 4167 0 2 18
E 4167 1 2 18
E 4167 2 2 18
E 4167 3 2 18
E 4167 4 2 18
E 4167 5 2 18
E 4167 6 2 18
T 4168 7 0 0 0
T 4169 4 0 0 0
T 4170 10 0 0 0
T 4171 10 0 0 0
T 4172 6 0 7 1
E 4172 0 1 13
E 4172 1 1 13
E 4172 2 1 13
E 4172 3 1 13
E 4172 4 1 13
E 4172 5 1 13
E 4172 6 1 13
T 4173 8 0 0 0
T 4174 6 0 7 1
E 4174 0 1 13
E 4174 1 1 13
E 4174 2 1 13
E 4174 3 1 13
E 4174 4 1 13
E 4174 5 1 13
E 4174 6 1 13
T 4175 12 0 0 0
T 4176 8 0 0 0
T 4177 9 0 0 0
T 4178 12 0 0 0
T 4179 5 0 0 0
T 4180 2 0 0 0
T 4181 8 0 0 0
T 4182 9 0 0 0
T 4183 6 0 7 1
E 4183 0 -1 -13
E 4183 1 -1 -13
E 4183 2 -1 -13
E 4183 3 -1 -13
E 4183 4 -1 -13
E 4183 5 -1 -13
E 4183 6 -1 -13
T 4184 8 0 0 0
T 4185 6 0 0 0
T 4186 9 0 0 0
T 4187 10 0 0 0
T 4188 5 0 0 0
T 4189 7 0 0 0
T 4190 6 0 7 1
E 4190 0 -1 -13
E 4190 1 -1 -13
E 4190 2 -1 -13
E 4190 3 -1 -13
E 4190 4 -1 -13
E 4190 5 -1 -13
E 4190 6 -1 -13
T 4191 1 0 0 0
T 4192 7 0 0 0
T 4193 5 0 0 0
T 4194 8 0 0 0
T 4195 6 0 7 1
E 4195 0 -1 -13
E 4195 1 -1 -13
E 4195 2 -1 -13
E 4195 3 -1 -13
E 4195 4 -1 -13
E 4195 5 -1 -13
E 4195 6 -1 -13
T 4196 7 0 0 0
T 4197 12 0 0 0
T 4198 8 0 0 0
T 4199 12 0 0 0
T 4200 9 0 0 0
T 4201 7 0 0 0
T 4202 2 0 0 0
T 4203 6 0 0 0
T 4204 1 0 0 0
T 4205 5 0 0 0
T 4206 6 0 0 0
T 4207 6 0 7 1
E 4207 0 -1 -13
E 4207 1 -1 -13
E 4207 2 -1 -13
E 4207 3 -1 -13
E 4207 4 -1 -13
E 4207 5 -1 -13
E 4207 6 -1 -13
T 4208 8 0 0 0
T 4209 8 0 7 1
E 4209 0 -1 -15
E 4209 1 -1 -15
E 4209 2 -1 -15
E 4209 3 -1 -15
E 4209 4 -1 -15
E 4209 5 -1 -15
E 4209 6 -1 -15
T 4210 11 0 0 0
T 4211 6 0 0 0
T 4212 9 0 0 0
T 4213 12 0 0 0
T 4214 8 0 7 1
E 4214 0 -1 -15
E 4214 1 -1 -15
E 4214 2 -1 -15
E 4214 3 -1 -15
E 4214 4 -1 -15
E 4214 5 -1 -15
E 4214 6 -1 -15
T 4215 6 0 0 0
T 4216 12 0 0 0
T 4217 10 0 7 1
E 4217 0 -1 -17
E 4217 1 -1 -17
E 4217 2 -1 -17
E 4217 3 -1 -17
E 4217 4 -1 -17
E 4217 5 -1 -17
E 4217 6 -1 -17
T 4218 6 0 0 0
T 4219 5 0 0 0
T 4220 7 0 0 0
T 4221 3 0 0 0
T 4222 0 0 0 0
T 4223 4 0 0 0
T 4224 1 0 0 0
T 4225 5 0 0 0
T 4226 9 0 0 0
T 4227 7 0 7 1
E 4227 0 1 14
E 4227 1 1 14
E 4227 2 1 14
E 4227 3 1 14
E 4227 4 1 14
E 4227 5 1 14
E 4227 6 1 14
T 4228 10 0 0 0
T 4229 7 0 7 1
E 4229 0 1 14
E 4229 1 1 14
E 4229 2 1 14
E 4229 3 1 14
E 4229 4 1 14
E 4229 5 1 14
E 4229 6 1 14
T 4230 10 0 0 0
T 4231 12 0 0 0
T 4232 6 0 0 0
T 4233 10 0 0 0
T 4234 3 0 0 0
T 4235 3 0 0 0
T 4236 3 0 0 0
T 4237 6 0 0 0
T 4238 4 0 0 0
T 4239 6 0 0 0
T 4240 5 0 0 0
T 4241 10 0 0 0
T 4242 7 0 0 0
T 4243 11 0 0 0
T 4244 10 0 7 1
E 4244 0 -1 -17
E 4244 1 -1 -17
E 4244 2 -1 -17
E 4244 3 -1 -17
E 4244 4 -1 -17
E 4244 5 -1 -17
E 4244 6 -1 -17
T 4245 10 0 0 0
T 4246 6 0 7 1
E 4246 0 -1 -13
E 4246 1 -1 -13
E 4246 2 -1 -13
E 4246 3 -1 -13
E 4246 4 -1 -13
E 4246 5 -1 -13
E 4246 6 -1 -13
T 4247 8 0 0 0
T 4248 7 0 0 0
T 4249 11 0 0 0
T 4250 9 0 7 1
E 4250 0 -1 -16
E 4250 1 -1 -16
E 4250 2 -1 -16
E 4250 3 -1 -16
E 4250 4 -1 -16
E 4250 5 -1 -16
E 4250 6 -1 -16
T 4251 10 0 7 1
E 4251 0 -1 -17
E 4251 1 -1 -17
E 4251 2 -1 -17
E 4251 3 -1 -17
E 4251 4 -1 -17
E 4251 5 -1 -17
E 4251 6 -1 -17
T 4252 9 0 7 1
E 4252 0 -1 -16
E 4252 1 -1 -16
E 4252 2 -1 -16
E 4252 3 -1 -16
E 4252 4 -1 -16
E 4252 5 -1 -16
E 4252 6 -1 -16
T 4253 8 0 7 1
E 4253 0 -1 -15
E 4253 1 -1 -15
E 4253 2 -1 -15
E 4253 3 -1 -15
E 4253 4 -1 -15
E 4253 5 -1 -15
E 4253 6 -1 -15
T 4254 9 0 7 1
E 4254 0 -1 -16
E 4254 1 -1 -16
E 4254 2 -1 -16
E 4254 3 -1 -16
E 4254 4 -1 -16
E 4254 5 -1 -16
E 4254 6 -1 -16
T 4255 9 0 0 0
T 4256 11 0 0 0
T 4257 9 0 7 1
E 4257 0 -1 -16
E 4257 1 -1 -16
E 4257 2 -1 -16
E 4257 3 -1 -16
E 4257 4 -1 -16
E 4257 5 -1 -16
E 4257 6 -1 -16
T 4258 7 0 7 1
E 4258 0 -1 -14
E 4258 1 -1 -14
E 4258 2 -1 -14
E 4258 3 -1 -14
E 4258 4 -1 -14
E 4258 5 -1 -14
E 4258 6 -1 -14
T 4259 6 0 0 0
T 4260 12 0 0 0
T 4261 7 0 7 1
E 4261 0 -1 -14
E 4261 1 -1 -14
E 4261 2 -1 -14
E 4261 3 -1 -14
E 4261 4 -1 -14
E 4261 5 -1 -14
E 4261 6 -1 -14
T 4262 9 0 0 0
T 4263 10 0 0 0
T 4264 10 0 0 0
T 4265 10 0 7 1
E 4265 0 -1 -17
E 4265 1 -1 -17
E 4265 2 -1 -17
E 4265 3 -1 -17
E 4265 4 -1 -17
E 4265 5 -1 -17
E 4265 6 -1 -17
T 4266 4 0 7 1
E 4266 0 -2 -18
E 4266 1 -2 -18
E 4266 2 -2 -18
E 4266 3 -2 -18
E 4266 4 -2 -18
E 4266 5 -2 -18
E 4266 6 -2 -18
T 4267 6 0 0 0
T 4268 11 0 0 0
T 4269 7 0 0 0
T 4270 6 0 0 0
T 4271 2 0 0 0
T 4272 1 0 0 0
T 4273 1 0 0 0
T 4274 6 0 0 0
T 4275 8 0 0 0
T 4276 7 0 7 1
E 4276 0 -1 -14
E 4276 1 -1 -14
E 4276 2 -1 -14
E 4276 3 -1 -14
E 4276 4 -1 -14
E 4276 5 -1 -14
E 4276 6 -1 -14
T 4277 12 0 0 0
T 4278 8 0 7 1
E 4278 0 -1 -15
E 4278 1 -1 -15
E 4278 2 -1 -15
E 4278 3 -1 -15
E 4278 4 -1 -15
E 4278 5 -1 -15
E 4278 6 -1 -15
T 4279 4 0 0 0
T 4280 1 0 0 0
T 4281 5 0 0 0
T 4282 7 0 0 0
T 4283 11 0 0 0
T 4284 8 0 0 0
T 4285 12 0 0 0
T 4286 9 0 7 1
E 4286 0 -1 -16
E 4286 1 -1 -16
E 4286 2 -1 -16
E 4286 3 -1 -16
E 4286 4 -1 -16
E 4286 5 -1 -16
E 4286 6 -1 -16
T 4287 6 0 7 1
E 4287 0 -1 -13
E 4287 1 -1 -13
E 4287 2 -1 -13
E 4287 3 -1 -13
E 4287 4 -1 -13
E 4287 5 -1 -13
E 4287 6 -1 -13
T 4288 11 0 0 0
T 4289 7 0 0 0
T 4290 8 0 0 0
T 4291 6 0 0 0
T 4292 6 0 0 0
T 4293 10 0 0 0
T 4294 7 0 0 0
T 4295 10 0 0 0
T 4296 9 0 7 1
E 4296 0 -1 -16
E 4296 1 -1 -16
E 4296 2 -1 -16
E 4296 3 -1 -16
E 4296 4 -1 -16
E 4296 5 -1 -16
E 4296 6 -1 -16
T 4297 11 0 0 0
T 4298 9 0 0 0
T 4299 7 0 0 0
T 4300 5 0 0 0
T 4301 3 0 0 0
T 4302 3 0 0 0
T 4303 4 0 0 0
T 4304 10 0 0 0
T 4305 6 0 0 0
T 4306 4 0 0 0
T 4307 6 0 0 0
T 4308 3 0 0 0
T 4309 4 0 0 0
T 4310 8 0 0 0
T 4311 10 0 0 0
T 4312 11 0 0 0
T 4313 4 0 7 1
E 4313 0 -2 -18
E 4313 1 -2 -18
E 4313 2 -2 -18
E 4313 3 -2 -18
E 4313 4 -2 -18
E 4313 5 -2 -18
E 4313 6 -2 -18
T 4314 7 0 0 0
T 4315 2 0 0 0
T 4316 8 0 0 0
T 4317 7 0 0 0
T 4318 5 0 0 0
T 4319 4 0 0 0
T 4320 12 0 7 1
E 4320 0 5 47
E 4320 1 5 47
E 4320 2 5 47
E 4320 3 5 47
E 4320 4 5 47
E 4320 5 5 47
E 4320 6 5 47
T 4321 7 0 7 1
E 4321 0 1 14
E 4321 1 1 14
E 4321 2 1 14
E 4321 3 1 14
E 4321 4 1 14
E 4321 5 1 14
E 4321 6 1 14
T 4322 7 0 7 1
E 4322 0 1 14
E 4322 1 1 14
E 4322 2 1 14
E 4322 3 1 14
E 4322 4 1 14
E 4322 5 1 14
E 4322 6 1 14
T 4323 8 0 0 0
T 4324 9 0 7 1
E 4324 0 1 16
E 4324 1 1 16
E 4324 2 1 16
E 4324 3 1 16
E 4324 4 1 16
E 4324 5 1 16
E 4324 6 1 16
T 4325 7 0 0 0
T 4326 6 0 7 1
E 4326 0 1 13
E 4326 1 1 13
E 4326 2 1 13
E 4326 3 1 13
E 4326 4 1 13
E 4326 5 1 13
E 4326 6 1 13
T 4327 4 0 0 0
T 4328 5 0 0 0
T 4329 6 0 0 0
T 4330 10 0 0 0
T 4331 6 0 0 0
T 4332 3 0 0 0
T 4333 1 0 0 0
T 4334 5 0 0 0
T 4335 3 0 0 0
T 4336 2 0 0 0
T 4337 6 0 0 0
T 4338 6 0 0 0
T 4339 2 0 0 0
T 4340 5 0 0 0
T 4341 11 0 0 0
T 4342 8 0 0 0
T 4343 6 0 7 1
E 4343 0 1 13
E 4343 1 1 13
E 4343 2 1 13
E 4343 3 1 13
E 4343 4 1 13
E 4343 5 1 13
E 4343 6 1 13
T 4344 2 0 0 0
T 4345 0 0 0 0
T 4346 7 0 0 0
T 4347 12 0 0 0
T 4348 10 0 0 0
T 4349 10 0 0 0
T 4350 8 0 7 1
E 4350 0 1 15
E 4350 1 1 15
E 4350 2 1 15
E 4350 3 1 15
E 4350 4 1 15
E 4350 5 1 15
E 4350 6 1 15
T 4351 5 0 0 0
T 4352 11 0 0 0
T 4353 11 0 0 0
T 4354 7 0 7 1
E 4354 0 1 14
E 4354 1 1 14
E 4354 2 1 14
E 4354 3 1 14
E 4354 4 1 14
E 4354 5 1 14
E 4354 6 1 14
T 4355 8 0 0 0
T 4356 7 0 0 0
T 4357 11 0 0 0
T 4358 10 0 0 0
T 4359 10 0 7 1
E 4359 0 1 17
E 4359 1 1 17
E 4359 2 1 17
E 4359 3 1 17
E 4359 4 1 17
E 4359 5 1 17
E 4359 6 1 17
T 4360 6 0 0 0
T 4361 3 0 0 0
T 4362 2 0 0 0
T 4363 1 0 0 0
T 4364 3 0 0 0
T 4365 5 0 0 0
T 4366 2 0 0 0
T 4367 5 0 0 0
T 4368 12 0 0 0
T 4369 5 0 7 1
E 4369 0 2 19
E 4369 1 2 19
E 4369 2 2 19
E 4369 3 2 19
E 4369 4 2 19
E 4369 5 2 19
E 4369 6 2 19
T 4370 11 0 0 0
T 4371 10 0 0 0
T 4372 7 0 7 1
E 4372 0 1 14
E 4372 1 1 14
E 4372 2 1 14
E 4372 3 1 14
E 4372 4 1 14
E 4372 5 1 14
E 4372 6 1 14
T 4373 2 0 0 0
T 4374 4 0 0 0
T 4375 2 0 0 0
T 4376 7 0 0 0
T 4377 5 0 0 0
T 4378 6 0 0 0
T 4379 6 0 0 0
T 4380 5 0 0 0
T 4381 3 0 0 0
T 4382 7 0 0 0
T 4383 7 0 0 0
T 4384 6 0 7 1
E 4384 0 1 13
E 4384 1 1 13
E 4384 2 1 13
E 4384 3 1 13
E 4384 4 1 13
E 4384 5 1 13
E 4384 6 1 13
T 4385 7 0 0 0
T 4386 5 0 0 0
T 4387 1 0 0 0
T 4388 8 0 0 0
T 4389 12 0 0 0
T 4390 6 0 7 1
E 4390 0 1 13
E 4390 1 1 13
E 4390 2 1 13
E 4390 3 1 13
E 4390 4 1 13
E 4390 5 1 13
E 4390 6 1 13
T 4391 6 0 7 1
E 4391 0 1 13
E 4391 1 1 13
E 4391 2 1 13
E 4391 3 1 13
E 4391 4 1 13
E 4391 5 1 13
E 4391 6 1 13
T 4392 12 0 0 0
T 4393 10 0 7 1
E 4393 0 1 17
E 4393 1 1 17
E 4393 2 1 17
E 4393 3 1 17
E 4393 4 1 17
E 4393 5 1 17
E 4393 6 1 17
T 4394 12 0 0 0
T 4395 10 0 7 1
E 4395 0 1 17
E 4395 1 1 17
E 4395 2 1 17
E 4395 3 1 17
E 4395 4 1 17
E 4395 5 1 17
E 4395 6 1 17
T 4396 6 0 7 1
E 4396 0 1 13
E 4396 1 1 13
E 4396 2 1 13
E 4396 3 1 13
E 4396 4 1 13
E 4396 5 1 13
E 4396 6 1 13
T 4397 6 0 0 0
T 4398 2 0 0 0
T 4399 0 0 0 0
T 4400 3 0 0 0
T 4401 9 0 0 0
T 4402 10 0 0 0
T 4403 7 0 0 0
T 4404 8 0 7 1
E 4404 0 1 15
E 4404 1 1 15
E 4404 2 1 15
E 4404 3 1 15
E 4404 4 1 15
E 4404 5 1 15
E 4404 6 1 15
T 4405 7 0 0 0
T 4406 8 0 0 0
T 4407 9 0 0 0
T 4408 8 0 7 1
E 4408 0 1 15
E 4408 1 1 15
E 4408 2 1 15
E 4408 3 1 15
E 4408 4 1 15
E 4408 5 1 15
E 4408 6 1 15
T 4409 5 0 0 0
T 4410 4 0 0 0
T 4411 7 0 0 0
T 4412 4 0 0 0
T 4413 1 0 0 0
T 4414 5 0 0 0
T 4415 6 0 7 1
E 4415 0 1 13
E 4415 1 1 13
E 4415 2 1 13
E 4415 3 1 13
E 4415 4 1 13
E 4415 5 1 13
E 4415 6 1 13
T 4416 3 0 0 0
T 4417 3 0 0 0
T 4418 5 0 0 0
T 4419 10 0 0 0
T 4420 8 0 0 0
T 4421 12 0 0 0
T 4422 11 0 0 0
T 4423 4 0 0 0
T 4424 9 0 0 0
T 4425 8 0 0 0
T 4426 9 0 0 0
T 4427 9 0 0 0
T 4428 12 0 0 0
T 4429 9 0 7 1
E 4429 0 1 16
E 4429 1 1 16
E 4429 2 1 16
E 4429 3 1 16
E 4429 4 1 16
E 4429 5 1 16
E 4429 6 1 16
T 4430 9 0 0 0
T 4431 3 0 0 0
T 4432 1 0 0 0
T 4433 7 0 0 0
T 4434 5 0 0 0
T 4435 11 0 0 0
T 4436 8 0 7 1
E 4436 0 -1 -15
E 4436 1 -1 -15
E 4436 2 -1 -15
E 4436 3 -1 -15
E 4436 4 -1 -15
E 4436 5 -1 -15
E 4436 6 -1 -15
T 4437 10 0 0 0
T 4438 5 0 0 0
T 4439 11 0 0 0
T 4440 12 0 0 0
T 4441 7 0 0 0
T 4442 4 0 0 0
T 4443 5 0 0 0
T 4444 4 0 0 0
T 4445 8 0 0 0
T 4446 8 0 7 1
E 4446 0 -1 -15
E 4446 1 -1 -15
E 4446 2 -1 -15
E 4446 3 -1 -15
E 4446 4 -1 -15
E 4446 5 -1 -15
E 4446 6 -1 -15
T 4447 10 0 0 0
T 4448 10 0 7 1
E 4448 0 -1 -17
E 4448 1 -1 -17
E 4448 2 -1 -17
E 4448 3 -1 -17
E 4448 4 -1 -17
E 4448 5 -1 -17
E 4448 6 -1 -17
T 4449 10 0 7 1
E 4449 0 -1 -17
E 4449 1 -1 -17
E 4449 2 -1 -17
E 4449 3 -1 -17
E 4449 4 -1 -17
E 4449 5 -1 -17
E 4449 6 -1 -17
T 4450 12 0 0 0
T 4451 11 0 0 0
T 4452 6 0 0 0
T 4453 9 0 0 0
T 4454 6 0 0 0
T 4455 3 0 0 0
T 4456 6 0 0 0
T 4457 6 0 0 0
T 4458 11 0 0 0
T 4459 9 0 0 0
T 4460 7 0 0 0
T 4461 8 0 0 0
T 4462 10 0 0 0
T 4463 12 0 0 0
T 4464 7 0 7 1
E 4464 0 -1 -14
E 4464 1 -1 -14
E 4464 2 -1 -14
E 4464 3 -1 -14
E 4464 4 -1 -14
E 4464 5 -1 -14
E 4464 6 -1 -14
T 4465 6 0 7 1
E 4465 0 -1 -13
E 4465 1 -1 -13
E 4465 2 -1 -13
E 4465 3 -1 -13
E 4465 4 -1 -13
E 4465 5 -1 -13
E 4465 6 -1 -13
T 4466 8 0 0 0
T 4467 5 0 0 0
T 4468 10 0 0 0
T 4469 6 0 0 0
T 4470 4 0 0 0
T 4471 10 0 0 0
T 4472 9 0 7 1
E 4472 0 -1 -16
E 4472 1 -1 -16
E 4472 2 -1 -16
E 4472 3 -1 -16
E 4472 4 -1 -16
E 4472 5 -1 -16
E 4472 6 -1 -16
T 4473 7 0 0 0
T 4474 7 0 0 0
T 4475 5 0 0 0
T 4476 9 0 0 0
T 4477 8 0 0 0
T 4478 9 0 7 1
E 4478 0 -1 -16
E 4478 1 -1 -16
E 4478 2 -1 -16
E 4478 3 -1 -16
E 4478 4 -1 -16
E 4478 5 -1 -16
E 4478 6 -1 -16
T 4479 9 0 0 0
T 4480 11 0 0 0
T 4481 10 0 7 1
E 4481 0 -1 -17
E 4481 1 -1 -17
E 4481 2 -1 -17
E 4481 3 -1 -17
E 4481 4 -1 -17
E 4481 5 -1 -17
E 4481 6 -1 -17
T 4482 10 0 0 0
T 4483 4 0 7 1
E 4483 0 -2 -18
E 4483 1 -2 -18
E 4483 2 -2 -18
E 4483 3 -2 -18
E 4483 4 -2 -18
E 4483 5 -2 -18
E 4483 6 -2 -18
T 4484 7 0 0 0
T 4485 2 0 0 0
T 4486 10 0 0 0
T 4487 8 0 7 1
E 4487 0 -1 -15
E 4487 1 -1 -15
E 4487 2 -1 -15
E 4487 3 -1 -15
E 4487 4 -1 -15
E 4487 5 -1 -15
E 4487 6 -1 -15
T 4488 6 0 0 0
T 4489 10 0 0 0
T 4490 8 0 7 1
E 4490 0 -1 -15
E 4490 1 -1 -15
E 4490 2 -1 -15
E 4490 3 -1 -15
E 4490 4 -1 -15
E 4490 5 -1 -15
E 4490 6 -1 -15
T 4491 9 0 7 1
E 4491 0 -1 -16
E 4491 1 -1 -16
E 4491 2 -1 -16
E 4491 3 -1 -16
E 4491 4 -1 -16
E 4491 5 -1 -16
E 4491 6 -1 -16
T 4492 11 0 0 0
T 4493 10 0 0 0
T 4494 7 0 0 0
T 4495 5 0 0 0
T 4496 5 0 0 0
T 4497 0 0 0 0
T 4498 5 0 0 0
T 4499 3 0 0 0
T 4500 5 0 0 0
T 4501 3 0 0 0
T 4502 5 0 0 0
T 4503 1 0 0 0
T 4504 3 0 0 0
T 4505 1 0 0 0
T 4506 1 0 0 0
T 4507 0 0 0 0
T 4508 1 0 0 0
T 4509 6 0 0 0
T 4510 2 0 0 0
T 4511 5 0 0 0
T 4512 11 0 0 0
T 4513 7 0 0 0
T 4514 8 0 0 0
T 4515 6 0 0 0
T 4516 3 0 0 0
T 4517 2 0 0 0
T 4518 6 0 0 0
T 4519 5 0 0 0
T 4520 3 0 0 0
T 4521 7 0 0 0
T 4522 7 0 0 0
T 4523 9 0 0 0
T 4524 9 0 0 0
T 4525 5 0 0 0
T 4526 6 0 0 0
T 4527 1 0 0 0
T 4528 0 0 0 0
T 4529 1 0 0 0
T 4530 3 0 0 0
T 4531 8 0 0 0
T 4532 5 0 0 0
T 4533 5 0 0 0
T 4534 6 0 7 1
E 4534 0 -1 -13
E 4534 1 -1 -13
E 4534 2 -1 -13
E 4534 3 -1 -13
E 4534 4 -1 -13
E 4534 5 -1 -13
E 4534 6 -1 -13
T 4535 1 0 0 0
T 4536 8 0 0 0
T 4537 8 0 7 1
E 4537 0 -1 -15
E 4537 1 -1 -15
E 4537 2 -1 -15
E 4537 3 -1 -15
E 4537 4 -1 -15
E 4537 5 -1 -15
E 4537 6 -1 -15
T 4538 7 0 0 0
T 4539 5 0 0 0
T 4540 4 0 0 0
T 4541 4 0 0 0
T 4542 2 0 0 0
T 4543 1 0 0 0
T 4544 0 0 0 0
T 4545 6 0 0 0
T 4546 2 0 0 0
T 4547 3 0 0 0
T 4548 2 0 0 0
T 4549 8 0 0 0
T 4550 12 0 0 0
T 4551 7 0 7 1
E 4551 0 -1 -14
E 4551 1 -1 -14
E 4551 2 -1 -14
E 4551 3 -1 -14
E 4551 4 -1 -14
E 4551 5 -1 -14
E 4551 6 -1 -14
T 4552 10 0 0 0
T 4553 6 0 0 0
T 4554 12 0 0 0
T 4555 7 0 7 1
E 4555 0 -1 -14
E 4555 1 -1 -14
E 4555 2 -1 -14
E 4555 3 -1 -14
E 4555 4 -1 -14
E 4555 5 -1 -14
E 4555 6 -1 -14
T 4556 7 0 7 1
E 4556 0 -1 -14
E 4556 1 -1 -14
E 4556 2 -1 -14
E 4556 3 -1 -14
E 4556 4 -1 -14
E 4556 5 -1 -14
E 4556 6 -1 -14
T 4557 7 0 0 0
T 4558 6 0 7 1
E 4558 0 -1 -13
E 4558 1 -1 -13
E 4558 2 -1 -13
E 4558 3 -1 -13
E 4558 4 -1 -13
E 4558 5 -1 -13
E 4558 6 -1 -13
T 4559 3 0 0 0
T 4560 13 0 7 1
E 4560 0 4 41
E 4560 1 4 41
E 4560 2 4 41
E 4560 3 4 41
E 4560 4 4 41
E 4560 5 4 41
E 4560 6 4 41
T 4561 10 0 7 1
E 4561 0 1 17
E 4561 1 1 17
E 4561 2 1 17
E 4561 3 1 17
E 4561 4 1 17
E 4561 5 1 17
E 4561 6 1 17
T 4562 10 0 0 0
T 4563 7 0 7 1
E 4563 0 1 14
E 4563 1 1 14
E 4563 2 1 14
E 4563 3 1 14
E 4563 4 1 14
E 4563 5 1 14
E 4563 6 1 14
T 4564 10 0 0 0
T 4565 7 0 7 1
E 4565 0 1 14
E 4565 1 1 14
E 4565 2 1 14
E 4565 3 1 14
E 4565 4 1 14
E 4565 5 1 14
E 4565 6 1 14
T 4566 5 0 0 0
T 4567 5 0 0 0
T 4568 12 0 0 0
T 4569 5 0 7 1
E 4569 0 2 19
E 4569 1 2 19
E 4569 2 2 19
E 4569 3 2 19
E 4569 4 2 19
E 4569 5 2 19
E 4569 6 2 19
T 4570 3 0 0 0
T 4571 6 0 0 0
T 4572 6 0 0 0
T 4573 7 0 0 0
T 4574 6 0 7 1
E 4574 0 1 13
E 4574 1 1 13
E 4574 2 1 13
E 4574 3 1 13
E 4574 4 1 13
E 4574 5 1 13
E 4574 6 1 13
T 4575 6 0 0 0
T 4576 8 0 0 0
T 4577 12 0 0 0
T 4578 9 0 7 1
E 4578 0 1 16
E 4578 1 1 16
E 4578 2 1 16
E 4578 3 1 16
E 4578 4 1 16
E 4578 5 1 16
E 4578 6 1 16
T 4579 10 0 0 0
T 4580 11 0 0 0
T 4581 4 0 7 1
E 4581 0 2 18
E 4581 1 2 18
E 4581 2 2 18
E 4581 3 2 18
E 4581 4 2 18
E 4581 5 2 18
E 4581 6 2 18
T 4582 11 0 0 0
T 4583 12 0 0 0
T 4584 5 0 7 1
E 4584 0 2 19
E 4584 1 2 19
E 4584 2 2 19
E 4584 3 2 19
E 4584 4 2 19
E 4584 5 2 19
E 4584 6 2 19
T 4585 11 0 0 0
T 4586 11 0 0 0
T 4587 10 0 7 1
E 4587 0 1 17
E 4587 1 1 17
E 4587 2 1 17
E 4587 3 1 17
E 4587 4 1 17
E 4587 5 1 17
E 4587 6 1 17
T 4588 10 0 7 1
E 4588 0 1 17
E 4588 1 1 17
E 4588 2 1 17
E 4588 3 1 17
E 4588 4 1 17
E 4588 5 1 17
E 4588 6 1 17
T 4589 10 0 0 0
T 4590 4 0 7 1
E 4590 0 2 18
E 4590 1 2 18
E 4590 2 2 18
E 4590 3 2 18
E 4590 4 2 18
E 4590 5 2 18
E 4590 6 2 18
T 4591 8 0 0 0
T 4592 9 0 0 0
T 4593 12 0 0 0
T 4594 4 0 7 1
E 4594 0 2 18
E 4594 1 2 18
E 4594 2 2 18
E 4594 3 2 18
E 4594 4 2 18
E 4594 5 2 18
E 4594 6 2 18
T 4595 2 0 0 0
T 4596 5 0 0 0
T 4597 4 0 0 0
T 4598 8 0 0 0
T 4599 9 0 7 1
E 4599 0 1 16
E 4599 1 1 16
E 4599 2 1 16
E 4599 3 1 16
E 4599 4 1 16
E 4599 5 1 16
E 4599 6 1 16
T 4600 9 0 0 0
T 4601 12 0 0 0
T 4602 6 0 7 1
E 4602 0 2 20
E 4602 1 2 20
E 4602 2 2 20
E 4602 3 2 20
E 4602 4 2 20
E 4602 5 2 20
E 4602 6 2 20
T 4603 7 0 0 0
T 4604 11 0 0 0
T 4605 9 0 7 1
E 4605 0 1 16
E 4605 1 1 16
E 4605 2 1 16
E 4605 3 1 16
E 4605 4 1 16
E 4605 5 1 16
E 4605 6 1 16
T 4606 8 0 0 0
T 4607 9 0 0 0
T 4608 9 0 7 1
E 4608 0 1 16
E 4608 1 1 16
E 4608 2 1 16
E 4608 3 1 16
E 4608 4 1 16
E 4608 5 1 16
E 4608 6 1 16
T 4609 10 0 0 0
T 4610 8 0 0 0
T 4611 8 0 0 0
T 4612 10 0 0 0
T 4613 7 0 0 0
T 4614 8 0 0 0
T 4615 12 0 0 0
T 4616 10 0 0 0
T 4617 8 0 0 0
T 4618 12 0 0 0
T 4619 6 0 7 1
E 4619 0 2 20
E 4619 1 2 20
E 4619 2 2 20
E 4619 3 2 20
E 4619 4 2 20
E 4619 5 2 20
E 4619 6 2 20
T 4620 11 0 0 0
T 4621 8 0 7 1
E 4621 0 1 15
E 4621 1 1 15
E 4621 2 1 15
E 4621 3 1 15
E 4621 4 1 15
E 4621 5 1 15
E 4621 6 1 15
T 4622 10 0 0 0
T 4623 6 0 0 0
T 4624 8 0 0 0
T 4625 8 0 0 0
T 4626 6 0 7 1
E 4626 0 1 13
E 4626 1 1 13
E 4626 2 1 13
E 4626 3 1 13
E 4626 4 1 13
E 4626 5 1 13
E 4626 6 1 13
T 4627 10 0 0 0
T 4628 12 0 0 0
T 4629 8 0 0 0
T 4630 9 0 0 0
T 4631 5 0 0 0
T 4632 11 0 0 0
T 4633 6 0 7 1
E 4633 0 1 13
E 4633 1 1 13
E 4633 2 1 13
E 4633 3 1 13
E 4633 4 1 13
E 4633 5 1 13
E 4633 6 1 13
T 4634 5 0 0 0
T 4635 5 0 0 0
T 4636 4 0 0 0
T 4637 5 0 0 0
T 4638 0 0 0 0
T 4639 7 0 0 0
T 4640 7 0 7 1
E 4640 0 1 14
E 4640 1 1 14
E 4640 2 1 14
E 4640 3 1 14
E 4640 4 1 14
E 4640 5 1 14
E 4640 6 1 14
T 4641 10 0 0 0
T 4642 4 0 7 1
E 4642 0 2 18
E 4642 1 2 18
E 4642 2 2 18
E 4642 3 2 18
E 4642 4 2 18
E 4642 5 2 18
E 4642 6 2 18
T 4643 4 0 0 0
T 4644 10 0 0 0
T 4645 6 0 7 1
E 4645 0 1 13
E 4645 1 1 13
E 4645 2 1 13
E 4645 3 1 13
E 4645 4 1 13
E 4645 5 1 13
E 4645 6 1 13
T 4646 7 0 0 0
T 4647 8 0 7 1
E 4647 0 1 15
E 4647 1 1 15
E 4647 2 1 15
E 4647 3 1 15
E 4647 4 1 15
E 4647 5 1 15
E 4647 6 1 15
T 4648 4 0 0 0
T 4649 1 0 0 0
T 4650 2 0 0 0
T 4651 8 0 0 0
T 4652 9 0 0 0
T 4653 10 0 0 0
T 4654 10 0 0 0
T 4655 6 0 7 1
E 4655 0 1 13
E 4655 1 1 13
E 4655 2 1 13
E 4655 3 1 13
E 4655 4 1 13
E 4655 5 1 13
E 4655 6 1 13
T 4656 3 0 0 0
T 4657 3 0 0 0
T 4658 1 0 0 0
T 4659 3 0 0 0
T 4660 2 0 0 0
T 4661 1 0 0 0
T 4662 3 0 0 0
T 4663 2 0 0 0
T 4664 3 0 0 0
T 4665 5 0 0 0
T 4666 2 0 0 0
T 4667 3 0 0 0
T 4668 4 0 0 0
T 4669 8 0 0 0
T 4670 6 0 0 0
T 4671 6 0 7 1
E 4671 0 -1 -13
E 4671 1 -1 -13
E 4671 2 -1 -13
E 4671 3 -1 -13
E 4671 4 -1 -13
E 4671 5 -1 -13
E 4671 6 -1 -13
T 4672 9 0 0 0
T 4673 4 0 0 0
T 4674 10 0 0 0
T 4675 6 0 7 1
E 4675 0 -1 -13
E 4675 1 -1 -13
E 4675 2 -1 -13
E 4675 3 -1 -13
E 4675 4 -1 -13
E 4675 5 -1 -13
E 4675 6 -1 -13
T 4676 8 0 0 0
T 4677 12 0 0 0
T 4678 9 0 7 1
E 4678 0 -1 -16
E 4678 1 -1 -16
E 4678 2 -1 -16
E 4678 3 -1 -16
E 4678 4 -1 -16
E 4678 5 -1 -16
E 4678 6 -1 -16
T 4679 6 0 0 0
T 4680 11 0 0 0
T 4681 8 0 7 1
E 4681 0 -1 -15
E 4681 1 -1 -15
E 4681 2 -1 -15
E 4681 3 -1 -15
E 4681 4 -1 -15
E 4681 5 -1 -15
E 4681 6 -1 -15
T 4682 12 0 0 0
T 4683 8 0 7 1
E 4683 0 -1 -15
E 4683 1 -1 -15
E 4683 2 -1 -15
E 4683 3 -1 -15
E 4683 4 -1 -15
E 4683 5 -1 -15
E 4683 6 -1 -15
T 4684 7 0 0 0
T 4685 11 0 0 0
T 4686 9 0 0 0
T 4687 5 0 0 0
T 4688 4 0 0 0
T 4689 10 0 0 0
T 4690 8 0 0 0
T 4691 4 0 0 0
T 4692 0 0 0 0
T 4693 4 0 0 0
T 4694 6 0 0 0
T 4695 4 0 0 0
T 4696 0 0 0 0
T 4697 3 0 0 0
T 4698 3 0 0 0
T 4699 5 0 0 0
T 4700 5 0 0 0
T 4701 9 0 0 0
T 4702 5 0 0 0
T 4703 0 0 0 0
T 4704 4 0 0 0
T 4705 2 0 0 0
T 4706 3 0 0 0
T 4707 1 0 0 0
T 4708 0 0 0 0
T 4709 1 0 0 0
T 4710 4 0 0 0
T 4711 0 0 0 0
T 4712 1 0 0 0
T 4713 4 0 0 0
T 4714 8 0 0 0
T 4715 11 0 0 0
T 4716 9 0 7 1
E 4716 0 -1 -16
E 4716 1 -1 -16
E 4716 2 -1 -16
E 4716 3 -1 -16
E 4716 4 -1 -16
E 4716 5 -1 -16
E 4716 6 -1 -16
T 4717 7 0 0 0
T 4718 7 0 7 1
E 4718 0 -1 -14
E 4718 1 -1 -14
E 4718 2 -1 -14
E 4718 3 -1 -14
E 4718 4 -1 -14
E 4718 5 -1 -14
E 4718 6 -1 -14
T 4719 4 0 0 0
T 4720 10 0 0 0
T 4721 10 0 7 1
E 4721 0 -1 -17
E 4721 1 -1 -17
E 4721 2 -1 -17
E 4721 3 -1 -17
E 4721 4 -1 -17
E 4721 5 -1 -17
E 4721 6 -1 -17
T 4722 7 0 0 0
T 4723 3 0 0 0
T 4724 1 0 0 0
T 4725 7 0 0 0
T 4726 9 0 0 0
T 4727 10 0 0 0
T 4728 10 0 7 1
E 4728 0 -1 -17
E 4728 1 -1 -17
E 4728 2 -1 -17
E 4728 3 -1 -17
E 4728 4 -1 -17
E 4728 5 -1 -17
E 4728 6 -1 -17
T 4729 9 0 7 1
E 4729 0 -1 -16
E 4729 1 -1 -16
E 4729 2 -1 -16
E 4729 3 -1 -16
E 4729 4 -1 -16
E 4729 5 -1 -16
E 4729 6 -1 -16
T 4730 9 0 0 0
T 4731 10 0 0 0
T 4732 9 0 0 0
T 4733 9 0 0 0
T 4734 7 0 0 0
T 4735 4 0 0 0
T 4736 12 0 0 0
T 4737 9 0 0 0
T 4738 8 0 7 1
E 4738 0 -1 -15
E 4738 1 -1 -15
E 4738 2 -1 -15
E 4738 3 -1 -15
E 4738 4 -1 -15
E 4738 5 -1 -15
E 4738 6 -1 -15
T 4739 12 0 0 0
T 4740 11 0 0 0
T 4741 10 0 7 1
E 4741 0 -1 -17
E 4741 1 -1 -17
E 4741 2 -1 -17
E 4741 3 -1 -17
E 4741 4 -1 -17
E 4741 5 -1 -17
E 4741 6 -1 -17
T 4742 6 0 0 0
T 4743 6 0 0 0
T 4744 2 0 0 0
T 4745 9 0 0 0
T 4746 10 0 7 1
E 4746 0 -1 -17
E 4746 1 -1 -17
E 4746 2 -1 -17
E 4746 3 -1 -17
E 4746 4 -1 -17
E 4746 5 -1 -17
E 4746 6 -1 -17
T 4747 9 0 0 0
T 4748 10 0 0 0
T 4749 9 0 7 1
E 4749 0 -1 -16
E 4749 1 -1 -16
E 4749 2 -1 -16
E 4749 3 -1 -16
E 4749 4 -1 -16
E 4749 5 -1 -16
E 4749 6 -1 -16
T 4750 7 0 7 1
E 4750 0 -1 -14
E 4750 1 -1 -14
E 4750 2 -1 -14
E 4750 3 -1 -14
E 4750 4 -1 -14
E 4750 5 -1 -14
E 4750 6 -1 -14
T 4751 8 0 7 1
E 4751 0 -1 -15
E 4751 1 -1 -15
E 4751 2 -1 -15
E 4751 3 -1 -15
E 4751 4 -1 -15
E 4751 5 -1 -15
E 4751 6 -1 -15
T 4752 3 0 0 0
T 4753 8 0 0 0
T 4754 8 0 0 0
T 4755 9 0 0 0
T 4756 6 0 7 1
E 4756 0 -1 -13
E 4756 1 -1 -13
E 4756 2 -1 -13
E 4756 3 -1 -13
E 4756 4 -1 -13
E 4756 5 -1 -13
E 4756 6 -1 -13
T 4757 6 0 0 0
T 4758 12 0 0 0
T 4759 9 0 0 0
T 4760 8 0 7 1
E 4760 0 -1 -15
E 4760 1 -1 -15
E 4760 2 -1 -15
E 4760 3 -1 -15
E 4760 4 -1 -15
E 4760 5 -1 -15
E 4760 6 -1 -15
T 4761 12 0 0 0
T 4762 12 0 0 0
T 4763 8 0 7 1
E 4763 0 -1 -15
E 4763 1 -1 -15
E 4763 2 -1 -15
E 4763 3 -1 -15
E 4763 4 -1 -15
E 4763 5 -1 -15
E 4763 6 -1 -15
T 4764 9 0 0 0
T 4765 8 0 0 0
T 4766 9 0 0 0
T 4767 8 0 7 1
E 4767 0 -1 -15
E 4767 1 -1 -15
E 4767 2 -1 -15
E 4767 3 -1 -15
E 4767 4 -1 -15
E 4767 5 -1 -15
E 4767 6 -1 -15
T 4768 9 0 7 1
E 4768 0 -1 -16
E 4768 1 -1 -16
E 4768 2 -1 -16
E 4768 3 -1 -16
E 4768 4 -1 -16
E 4768 5 -1 -16
E 4768 6 -1 -16
T 4769 8 0 0 0
T 4770 9 0 0 0
T 4771 6 0 0 0
T 4772 10 0 0 0
T 4773 10 0 0 0
T 4774 10 0 0 0
T 4775 8 0 7 1
E 4775 0 -1 -15
E 4775 1 -1 -15
E 4775 2 -1 -15
E 4775 3 -1 -15
E 4775 4 -1 -15
E 4775 5 -1 -15
E 4775 6 -1 -15
T 4776 6 0 0 0
T 4777 4 0 0 0
T 4778 1 0 0 0
T 4779 2 0 0 0
T 4780 8 0 0 0
T 4781 8 0 7 1
E 4781 0 -1 -15
E 4781 1 -1 -15
E 4781 2 -1 -15
E 4781 3 -1 -15
E 4781 4 -1 -15
E 4781 5 -1 -15
E 4781 6 -1 -15
T 4782 4 0 0 0
T 4783 8 0 0 0
T 4784 7 0 0 0
T 4785 2 0 0 0
T 4786 9 0 0 0
T 4787 4 0 0 0
T 4788 8 0 0 0
T 4789 6 0 0 0
T 4790 1 0 0 0
T 4791 4 0 0 0
T 4792 3 0 0 0
T 4793 2 0 0 0
T 4794 6 0 0 0
T 4795 6 0 0 0
T 4796 2 0 0 0
T 4797 8 0 0 0
T 4798 6 0 7 1
E 4798 0 -1 -13
E 4798 1 -1 -13
E 4798 2 -1 -13
E 4798 3 -1 -13
E 4798 4 -1 -13
E 4798 5 -1 -13
E 4798 6 -1 -13
T 4799 12 0 0 0
F 6692 103768 0 205 4793 956 6692 0
